# vtk DataFile Version 3.0
divides
ASCII
DATASET UNSTRUCTURED_GRID
POINTS       9509 float
        1398.592         768.766         878.957
        1708.253         583.421        1038.668
        2188.938         836.190         850.554
        3627.183         461.697         467.212
        2488.507         686.045         942.542
        5624.509         482.753         434.339
        4581.930         542.243         372.913
        6656.041         569.496         332.100
        8612.724         537.645         441.387
        7594.920         567.543         514.365
       10167.575         901.615        1020.557
       10733.246         446.827         486.432
        9656.028         564.025         411.205
       11599.568         492.731         433.803
       12680.663         567.286         455.536
       13652.458         528.341         348.607
       15106.716         847.051         846.730
       15710.602         557.857         524.040
       14681.248         514.493         366.225
       17653.685         684.337         710.229
       16714.055         570.861         510.320
       18816.306         430.977         390.319
       20891.121         625.262         988.994
       19817.860         528.897         263.050
       21382.997         838.147         829.219
       22831.190         517.536         500.645
       21758.607         701.868         922.433
       23843.833         579.599         432.607
       24717.923         596.291         376.421
       26935.009         651.558         976.916
       25827.754         544.006         432.010
       27427.955         843.781         835.480
       28888.375         530.792         483.721
       27839.609         709.474         932.744
       30911.317         540.178         503.227
       29972.020         608.417         402.322
       32414.152         909.672        1042.365
       32975.057         602.908         770.531
       31835.755         512.330         534.324
       33982.531         446.015         350.597
       33514.960         784.526         627.835
       35957.246         513.324         378.776
       34970.983         511.087         267.172
       37988.599         691.214         894.052
       36878.635         453.401         448.205
       38380.559         830.857         796.155
       38871.794         625.340         951.030
       39975.629         501.129         267.000
       41834.319         750.185         713.691
       42045.848         540.391         491.131
       40949.962         439.044         346.690
       43940.918         628.351         445.150
       43087.052         585.049         443.087
       46079.802         495.664         316.132
       45013.301         530.218         544.803
       47062.534         478.960         336.118
       48035.544         591.263         422.507
       49513.554         860.716         902.129
       50228.704         467.136         539.240
       49063.927         515.343         505.317
       51090.079         510.642         490.510
       53290.359         400.814         466.750
       52199.211         574.335         413.884
       55137.293         584.163         431.796
       54166.523         500.372         349.979
       56711.937         881.317         949.984
       56220.532         563.004         454.098
       57315.043         431.328         448.930
       58235.593         517.646         346.780
       59302.973         442.012         353.511
       60274.279         506.039         273.274
       60616.031         693.850         304.553
       61226.012         516.078         478.413
       62345.251         478.123         458.471
       63327.343         551.884         372.480
       64330.792         500.838         399.475
       66468.585         604.627         961.284
       65360.591         548.555         340.988
       66979.577         823.804         794.960
       68383.365         500.974         405.520
       67346.094         699.004         879.654
       70403.443         605.689         681.745
       69404.134         545.672         350.907
       71304.076         596.068         384.904
       73343.777         610.358         465.047
       72400.271         539.735         446.581
       75449.837         515.221         381.424
       74346.987         505.187         575.935
       77456.820         559.879         461.923
       76408.441         484.874         416.887
       78951.487         798.365         661.231
       78360.654         458.078         575.049
        1721.908        1722.881         583.265
        2562.858        1174.333         923.687
        2206.779        1060.691         798.563
        5117.324        1604.143         575.118
        5138.947         987.876         516.218
        7125.449         914.482         425.008
        7182.560        2337.150         814.876
        7749.140        1337.043         593.458
        7889.585         960.737         575.139
       11616.178         944.744         400.704
       10289.299        1863.393         723.337
       13176.849        2037.836         617.980
       13018.475        1104.967         482.470
       10893.832        1786.013         642.156
       17492.489        1198.132         657.873
       15297.818        1713.688         623.408
       18226.975        1397.460         568.241
       18190.400        1192.320         534.380
       17350.086        1776.342         773.412
       21682.090        1475.849         867.224
       21494.104        1148.011         734.224
       21415.941        1562.156         866.537
       24096.788        1952.295         573.063
       24141.141        1154.755         453.694
       27335.574        1883.683         947.457
       27404.114        1253.941         715.758
       27945.680        1770.611         964.434
       27500.784        1223.104         702.073
       30677.566        1056.308         526.709
       32291.603        2092.588         738.118
       30685.613        1550.532         599.213
       33646.442        1350.586         508.266
       32749.574        1964.802         823.323
       35633.134         897.642         445.106
       38167.721        1135.232         736.313
       35602.901        1739.296         587.373
       38510.489        1514.296         820.222
       37842.495        1593.309         922.876
       41693.812        1591.409         568.760
       38714.056        1921.159         648.442
       43849.824        1869.265         629.857
       43498.723        1179.908         491.307
       45235.236        1097.516         532.633
       45013.254        1868.727         627.225
       47636.777        1041.420         476.165
       49307.566        1860.686         584.379
       47554.991        1673.442         552.051
       50756.541        1731.465         633.242
       50921.605         936.712         382.845
       49750.558        1627.870         728.486
       52997.490         969.405         547.183
       51097.619        2273.265         492.020
       53661.892        2802.203         801.526
       52963.192        2528.606         792.267
       52968.756        1431.660         615.049
       54759.562        1322.423         588.828
       54636.265         971.486         500.230
       58747.493         874.818         490.599
       56912.204        1969.260         668.908
       60308.292        1447.025         325.434
       58665.101        2066.754         615.930
       61816.877        1081.730         563.515
       63833.044        1020.664         486.935
       61771.424        1392.506         589.884
       63944.570        1508.437         556.979
       67015.806        1133.206         681.042
       67148.772        1187.255         722.803
       66871.761        1544.230         843.559
       70425.981        1105.837         583.150
       71063.864        1412.334         555.277
       70872.031        1124.221         424.566
       70293.096        1897.088         760.419
       72809.365        2504.599         614.359
       72958.468        1135.211         520.564
       73056.367        2300.858         694.729
       74617.017        1023.275         593.496
       74188.632        2241.846         749.557
       77033.732         917.922         565.767
       78253.319        1433.880         568.094
       76877.622        1981.854         748.380
       76889.038        1361.978         651.292
       79237.665        1778.074         407.128
        1745.641        3065.884         602.474
        3680.677        2831.792        1001.115
        1863.302        2548.238         784.924
        2921.362        1878.524         848.960
        4780.062        2041.453         615.084
        4168.955        3080.063         799.103
        7125.912        2720.575         672.468
        9977.264        1943.504         772.205
        7246.647        2661.977         709.783
       10499.430        1879.295         792.936
        9993.449        2714.657         973.333
       11311.056        2240.348         877.208
       10134.828        2696.699        1005.453
       16296.656        1993.145         889.903
       15123.152        2690.336         786.163
       14799.102        2091.593         596.532
       16251.894        2576.485         936.961
       17261.126        2051.145         701.870
       17128.530        2688.448         862.335
       21332.344        1975.829         737.352
       21923.488        2849.648        1041.909
       20889.056        2390.722         964.553
       21615.790        2015.184         791.773
       22838.575        3173.288         940.620
       22999.199        2156.831         857.720
       24391.177        2193.450         502.147
       23603.693        3376.050         871.626
       24420.919        2729.191         672.601
       24668.065        3108.415         535.880
       28374.342        2238.078         829.889
       27949.509        2383.841         929.596
       31938.277        2184.890         847.288
       29706.330        2599.652         680.645
       32429.359        2251.917         658.384
       31632.489        2967.291        1001.902
       32376.162        2629.157         803.841
       34197.236        2953.979         410.437
       35154.066        2096.618         484.618
       36774.759        2066.940         852.075
       35446.572        2893.476         726.188
       38057.021        2625.792         971.923
       37996.125        1995.767         917.658
       36672.392        2934.883         995.788
       38627.802        2570.490         894.682
       41645.998        3295.301         674.949
       41658.465        1885.499         552.177
       43523.350        2088.386         701.748
       41720.808        3155.906         734.163
       45390.423        3013.761         772.362
       45181.835        2224.749         652.081
       43661.356        2900.643         728.666
       48049.067        1992.304         630.822
       47807.200        3001.058         796.466
       49488.212        3325.026         957.294
       49678.719        2112.707         682.155
       48864.493        2927.870         912.962
       56701.333        2183.575         562.357
       57463.625        2827.040         893.080
       57595.850        2191.774         870.694
       56475.686        2444.097         691.371
       58699.482        3940.292         998.633
       58874.890        2129.268         679.123
       57576.149        2808.357         909.989
       59323.482        2806.147         885.210
       62173.155        2084.646         660.384
       62642.159        4165.279         879.008
       63760.040        2969.557         741.729
       63588.531        2153.965         612.170
       61839.458        3012.981         791.221
       66717.836        1903.718         700.209
       64025.094        3152.076         635.252
       66985.056        2119.685         824.037
       66850.175        1905.881         741.625
       66650.938        2563.906         951.037
       70007.025        3260.892         717.556
       70043.896        2198.383         625.513
       70163.608        2208.886         650.783
       70041.234        2862.631         868.245
       74037.006        3143.304        1050.126
       74697.362        2903.274        1038.358
       74359.167        2210.509         815.316
       73801.132        2359.373         887.356
       77084.797        2829.297         927.890
       76999.047        2176.667         757.903
       75400.416        2983.483        1061.679
       79219.951        2399.647         385.120
       78794.021        2933.686         530.927
        1777.338        3134.819         587.897
        2559.703        3567.685         879.186
        1871.443        3353.752         663.491
        3564.999        3113.603        1016.153
        4650.072        3595.771        1048.064
        4178.714        4356.749        1142.550
        3819.224        3368.454         950.495
        4282.338        3126.294         831.019
        6903.326        2831.958         765.046
        7594.899        2965.551         857.715
        9637.741        3006.617         992.973
        7363.381        4147.523         959.020
        9974.461        3634.132        1143.990
       10229.439        2945.173         996.409
       12211.439        3687.688         845.226
       12376.996        2904.939         711.938
        9993.760        3896.607        1043.167
       17281.258        3091.494         799.218
       16647.752        3598.303        1034.655
       16618.325        3076.696         960.461
       20009.157        3047.616         689.419
       18814.239        3555.420         706.587
       20156.818        4006.008         970.902
       21722.958        3122.242        1053.257
       22293.880        3274.384         995.391
       22132.154        4050.485        1208.545
       21207.615        3645.405        1224.759
       24556.637        3293.022         490.445
       23698.419        3700.834         808.018
       26843.077        3048.107         686.922
       28395.844        4760.267        1066.110
       28318.462        3545.890         972.280
       26826.249        3493.125         796.039
       27843.230        3043.867         861.205
       31147.205        3228.729         913.780
       31397.457        3820.901        1068.269
       31571.165        3186.196         940.406
       30820.471        3420.813        1050.722
       32476.638        3193.714         744.942
       31653.466        4009.000        1017.904
       35379.280        3075.541         696.721
       33779.995        3770.881         554.350
       35621.132        3715.257         917.823
       36574.237        2973.437        1009.115
       37360.279        3806.118        1301.119
       36298.830        3279.143        1160.292
       37020.797        2975.648        1123.175
       38686.465        3020.185         768.138
       38608.069        3672.137         979.245
       42324.969        4075.391        1007.171
       41449.577        3449.754         768.500
       42591.315        3152.574         994.144
       44283.238        3552.814         985.642
       42727.661        3996.597        1043.995
       48382.444        3217.702         941.478
       47551.178        3935.176         876.221
       47325.490        3407.471         725.470
       48606.860        4685.147        1187.940
       48197.702        3639.350        1075.577
       49078.729        3473.600         978.860
       51839.573        3479.901         663.405
       53444.436        2844.860         881.405
       52712.951        3094.216         667.585
       53643.948        2829.561         806.439
       54296.640        3485.502        1108.328
       53869.374        2839.771         878.134
       57291.990        3110.280        1000.447
       58299.239        3585.384        1202.970
       59667.018        3521.233         894.041
       59710.012        3105.830         742.666
       58838.029        3824.586        1066.295
       63694.312        4673.684        1028.950
       62923.555        3979.807        1005.407
       64178.754        3384.151         720.538
       66512.195        3101.226         767.086
       66769.568        3832.193        1016.929
       66761.292        3101.592         806.486
       66225.159        3270.821         889.588
       69637.959        3227.382         857.661
       69970.023        4652.502        1089.980
       70314.619        3574.939         868.573
       70088.734        3274.821         734.051
       69208.043        3910.014        1041.957
       72740.291        2693.061         629.148
       74665.738        3762.032        1338.885
       74275.408        3175.067        1139.307
       73971.628        3222.486        1083.424
       76066.984        3844.075        1217.693
       75976.734        3147.411        1188.474
       75087.403        4045.249        1158.857
       77367.106        3293.033         957.547
       77038.669        3773.396        1119.034
       77257.464        3037.907         860.181
       78773.541        3692.645         597.677
       78872.476        3303.703         471.185
       78028.503        3841.437         756.854
        1416.736        4981.646         532.878
        1958.007        4550.534         598.647
        3989.734        4781.964        1010.753
        2873.646        4153.265         766.553
        6317.159        4585.990        1143.245
        4520.305        4660.851        1081.415
        8937.348        5168.990        1321.670
        7168.720        4464.554        1049.586
        7285.372        3942.008        1030.739
       11097.580        5026.674        1394.194
       10266.209        3913.721        1147.922
        9423.218        4949.422        1365.993
       12936.949        4636.006        1003.013
       12654.258        4018.507         827.090
       14869.755        3487.936         707.414
       16436.983        5131.857        1261.888
       16788.518        4494.785        1192.612
       16385.232        3805.555         940.455
       15996.989        4107.799        1117.456
       19169.427        3842.628         774.144
       19400.063        4647.015        1031.333
       19891.500        4108.275         999.889
       21842.708        4193.644        1268.540
       19811.362        4620.785        1090.092
       22258.664        4542.420        1299.382
       21635.684        4671.188        1422.776
       25791.921        4168.318         683.791
       25683.568        4742.922         760.693
       30994.357        4230.966        1061.296
       28520.367        4904.970         997.292
       31340.218        5294.508        1196.933
       31489.946        4316.041         896.210
       30556.353        5077.282        1219.356
       35177.921        5023.953         819.751
       36365.683        5038.798        1223.220
       37332.570        4107.387        1250.912
       35569.895        4273.357        1027.080
       37665.452        4155.859        1127.977
       37820.132        4364.522        1226.306
       36864.347        4744.538        1423.098
       38361.313        4680.087        1057.510
       38685.720        4107.366         834.625
       42435.294        4888.926        1142.626
       43093.185        4103.019        1143.231
       42238.785        4433.580        1022.527
       44192.828        4594.930        1294.195
       42830.354        4664.449        1292.470
       43773.402        3952.498        1110.648
       45076.146        4420.252        1080.350
       44717.524        3831.310         830.299
       44516.536        4862.758        1133.137
       48540.611        4867.118        1127.426
       47215.794        4549.941         970.226
       49452.899        4753.887        1057.745
       49651.756        3897.313         799.754
       48618.780        4866.730        1122.418
       51704.002        5121.739         870.726
       51388.876        4077.283         740.737
       54687.679        3954.316         880.560
       54731.044        5644.421        1247.961
       55699.540        5155.627        1235.143
       55263.044        3932.174        1060.923
       54409.872        4125.293        1003.015
       58366.857        4737.343        1112.531
       58428.696        3939.747        1099.134
       58702.602        4393.775        1164.910
       60123.127        4613.116         828.172
       63219.794        4600.761        1140.273
       62337.117        4608.359        1067.158
       66754.389        4118.936         935.084
       67450.415        4192.574        1133.867
       67650.556        4841.558        1223.731
       65852.963        5109.322        1256.834
       69668.307        4772.758        1116.300
       71479.442        5485.084        1005.550
       71520.001        4758.268         918.921
       74035.443        5925.187        1164.891
       74956.358        4921.393        1161.499
       74985.744        4185.535        1149.562
       72923.287        4630.000         945.788
       73079.823        3648.015         910.168
       75526.757        4218.759        1263.795
       75064.437        4608.789        1264.236
       77034.456        4275.849         952.868
       77362.241        4426.428         891.322
       79240.748        4681.436         366.351
        1439.592        5480.050         507.078
        2002.698        6014.266         601.712
        4043.085        5427.685        1087.254
        5137.681        4874.076        1213.225
        5737.071        5612.749        1451.069
        5082.466        5002.359        1252.732
        5471.853        4860.308        1242.667
        8988.480        5287.479        1286.302
       10725.393        5181.499        1520.767
        8889.660        6074.400        1476.414
       10572.912        5850.457        1619.972
       11384.741        5345.197        1444.565
       14108.678        5761.121        1174.885
       12097.234        5952.323        1209.399
       13606.330        4996.167         973.434
       14656.834        4496.176         947.917
       17053.476        5856.959        1492.862
       16442.173        5263.482        1212.957
       16320.965        5577.021        1338.040
       18254.261        5534.961        1293.676
       21308.068        4956.432        1278.033
       19213.819        5582.236        1124.696
       21627.347        5356.662        1454.796
       21251.405        5802.625        1545.858
       21518.685        4993.468        1335.430
       22491.440        5190.030        1036.971
       22345.446        5879.351        1298.402
       23859.322        5231.542         908.216
       24081.700        6107.865        1025.803
       23274.374        4671.848         914.984
       25920.841        5094.283         803.761
       28212.259        4940.276        1106.686
       26177.096        6002.599         981.466
       28280.486        6005.822        1310.561
       29255.835        4925.666        1267.034
       30267.988        5710.003        1451.495
       29928.630        5072.767        1301.827
       28644.741        5772.697        1464.813
       30921.635        5300.620        1337.191
       30450.801        5865.621        1363.723
       31366.195        5372.516        1194.309
       30697.984        5762.303        1452.834
       35034.175        5105.836         867.574
       34765.572        5980.190        1060.510
       36450.920        5519.772        1365.677
       36702.263        5062.268        1317.433
       38395.037        5713.726        1243.092
       38530.023        4964.159        1066.236
       37001.414        5872.917        1318.766
       43898.230        5802.004        1410.310
       42455.391        5586.496        1247.310
       43832.349        4941.084        1397.048
       44415.418        5550.774        1399.342
       46268.075        5984.178        1142.559
       45839.503        5111.342         921.708
       47847.928        6373.180        1449.368
       48715.134        4948.516        1157.147
       50109.868        5898.742        1190.967
       47746.222        6778.643        1298.984
       52400.601        6046.921        1127.464
       51963.648        5189.169         864.102
       50803.155        5994.836        1161.543
       55683.486        6965.139        1520.378
       56265.557        5056.188        1388.860
       55299.121        5553.780        1403.795
       56725.350        6254.250        1563.310
       57356.715        5986.027        1562.095
       56826.737        4923.581        1346.538
       58883.288        5907.859        1277.152
       58822.964        4916.689        1012.138
       61638.098        5168.662         893.970
       63129.519        4993.749        1141.129
       60954.252        5892.728        1132.522
       63652.103        6252.090        1284.956
       62910.024        5947.620        1278.668
       64118.205        5093.971        1134.222
       65630.791        5293.655        1172.423
       67800.897        6187.999        1518.865
       65642.467        5773.334        1342.956
       66862.379        5071.381        1468.990
       68400.218        5635.937        1477.351
       69675.858        6249.294        1335.205
       70435.000        5173.942        1203.015
       68879.533        5903.026        1342.566
       72533.308        5091.752         856.220
       72866.594        6204.018        1120.641
       75249.320        5181.586        1252.788
       74486.695        5484.739        1406.656
       77103.319        5339.738         797.988
       76221.650        5980.017         965.563
       79244.097        5417.481         383.299
       78022.325        5915.583         570.669
        2080.607        6380.574         713.863
        1963.860        6079.477         605.645
        3580.755        5948.119        1003.541
        3960.516        6473.957        1097.930
        3838.623        5962.550         908.761
        5922.383        6029.014        1290.678
        6000.777        6049.574        1267.196
        5916.172        6074.440        1296.767
        6473.890        6091.371        1444.023
        7788.281        7096.015        1559.783
        8552.781        6132.268        1573.875
        6921.851        6199.453        1279.706
        8871.326        6955.636        1726.574
        8381.942        6747.119        1725.278
        9696.665        6124.634        1726.685
       10714.474        6624.056        1723.193
       10351.753        6120.884        1487.883
        9208.812        7017.537        1764.805
       13682.267        6995.793        1500.642
       12580.630        6045.629        1381.360
       15704.299        6003.317        1347.713
       15368.091        7030.061        1484.408
       17042.801        6097.038        1455.058
       17935.547        6691.055        1614.387
       17396.015        6126.387        1359.681
       16558.206        6797.642        1624.735
       21129.781        6287.246        1380.549
       21348.089        6977.286        1619.477
       21412.300        6291.631        1435.587
       20417.231        7020.224        1639.601
       22321.431        8073.144        1492.884
       22775.587        6640.887        1396.284
       25083.241        6237.235        1226.335
       23696.367        6939.854        1230.179
       24434.326        7276.634        1301.842
       28152.111        6136.040        1299.647
       27554.701        7412.179        1571.890
       27355.637        6667.817        1552.606
       29849.751        5978.727        1577.423
       30273.288        7580.952        1650.055
       31199.162        6860.297        1635.240
       28978.452        6804.303        1651.433
       33350.285        6874.361        1230.709
       36126.329        6252.368        1254.395
       33563.086        6915.882        1203.649
       37807.876        5998.425        1416.583
       35427.955        7113.544        1425.043
       37520.610        7042.135        1498.223
       40038.765        6764.913        1514.588
       38628.562        5897.082        1253.102
       42157.398        5964.464        1230.584
       41624.669        6875.583        1422.441
       43808.664        5997.943        1426.571
       44719.761        6059.299        1363.701
       45346.585        7022.015        1534.494
       43472.780        6869.675        1524.816
       47323.869        6811.139        1302.155
       51832.400        7295.219        1360.117
       51526.557        6312.548        1310.895
       49554.695        7336.710        1340.416
       51913.891        6325.797        1261.221
       51828.352        7000.932        1470.406
       54189.526        6012.115        1356.685
       53787.843        6907.945        1466.779
       56734.954        6866.731        1756.484
       57016.597        6268.158        1653.030
       57373.711        6771.711        1812.220
       56245.800        6629.695        1765.590
       57754.222        6797.465        1710.090
       57653.672        6186.268        1516.880
       59517.977        7143.504        1514.459
       59096.616        6096.711        1278.867
       61698.228        7190.302        1286.890
       63303.479        6159.530        1420.839
       62148.377        6738.329        1531.392
       63598.620        8044.829        1600.632
       64628.507        7069.729        1582.191
       62975.396        7021.471        1570.354
       66049.774        7836.731        1617.458
       66865.007        7159.090        1611.255
       67546.284        6166.674        1616.092
       65062.367        6965.768        1591.572
       68251.065        6695.448        1739.588
       67988.971        6180.100        1552.047
       67199.408        6863.593        1771.467
       69277.841        6159.987        1485.255
       69086.896        7792.278        1636.481
       70306.879        6761.220        1603.621
       68878.545        6975.534        1616.590
       72732.368        6173.221        1171.688
       73510.665        6054.374        1372.005
       72764.949        6845.069        1364.294
       74006.181        7426.376        1491.743
       74416.189        6357.828        1385.248
       73075.859        6708.001        1476.928
       74368.645        5955.426        1292.642
       76277.153        6291.636         992.664
       75456.156        6918.260        1228.573
       77799.340        6790.079         673.140
       78042.082        6386.721         562.777
       77167.825        6948.231         779.768
       79516.972        6828.713         327.750
        2127.170        8169.887         771.158
        2825.579        8269.986         813.908
        1874.006        7316.253         579.090
        4092.743        7095.331         932.910
        3618.582        7468.346        1130.103
        5186.292        7188.185        1223.971
        6186.142        8572.482        1265.339
        7571.813        7668.158        1668.678
        8410.323        7799.461        1722.823
        8597.100        7285.741        1706.431
        9481.231        7813.753        1869.054
        9413.650        7218.615        1809.215
       11009.562        7523.462        1722.674
       10394.946        7907.961        1804.591
       11477.859        6980.272        1708.844
       12299.967        8624.181        1768.863
       12978.425        7658.018        1761.461
       11689.517        7425.055        1722.674
       12486.659        6982.751        1646.410
       14357.099        7882.895        1615.955
       14847.602        7143.734        1618.805
       13361.687        7873.321        1625.781
       15761.318        7613.638        1703.580
       15817.152        7081.625        1641.223
       16932.042        7031.434        1732.363
       17965.425        7791.412        1761.738
       16226.353        7564.067        1668.859
       18321.980        7670.907        1711.131
       19498.341        7188.148        1731.230
       20159.400        7844.926        1701.327
       20809.948        7253.615        1750.504
       18763.944        7802.369        1769.598
       21369.030        7743.027        1722.731
       20589.205        7809.475        1796.057
       21759.287        7596.685        1721.102
       24104.534        7298.371        1345.549
       25313.201        7309.092        1543.813
       24262.873        8028.449        1521.930
       25970.857        7862.147        1575.395
       28559.691        8000.569        1755.575
       29135.558        7361.285        1722.891
       28102.912        7320.398        1699.637
       31320.746        8436.570        1722.771
       31943.377        7569.393        1643.387
       30801.814        7681.508        1713.186
       34384.056        7961.793        1484.000
       32579.617        7803.635        1478.008
       36072.537        7783.357        1653.151
       34946.120        7687.592        1609.876
       37459.651        7668.768        1722.689
       38111.317        7616.290        1760.509
       37984.760        7195.618        1679.901
       36831.320        7602.817        1761.448
       38700.365        7269.238        1629.804
       39835.426        7814.421        1793.450
       40999.175        7028.898        1511.933
       42637.331        7918.103        1634.026
       42876.339        7010.117        1632.501
       40624.513        7875.481        1624.687
       43374.184        7614.784        1690.942
       42887.581        7694.501        1726.894
       43986.519        7072.430        1703.476
       45875.833        7209.805        1524.953
       46831.835        7744.930        1698.096
       43808.980        7870.851        1708.371
       49021.742        7270.452        1516.840
       48829.197        9204.304        1636.134
       49774.901        7973.049        1569.576
       47922.279        7849.624        1628.911
       53428.347        8012.445        1657.747
       53306.507        7009.576        1651.662
       51669.222        7865.930        1577.637
       53824.148        7548.558        1709.423
       55054.678        6973.007        1746.738
       56148.134        7459.740        1756.484
       55210.202        7315.673        1722.879
       58181.081        7447.983        1722.817
       57668.468        7625.530        1767.483
       58247.215        7195.084        1700.018
       57501.748        7454.962        1756.484
       59876.680        7928.219        1636.299
       60138.525        7336.020        1596.544
       59114.743        7742.220        1658.309
       60079.149        8136.380        1605.757
       62801.565        7099.323        1578.674
       63305.764        7638.739        1793.902
       62082.901        7964.038        1809.694
       64697.814        8777.503        1739.067
       65775.187        7770.442        1729.424
       63895.173        7874.008        1732.701
       67347.279        7179.586        1777.872
       66477.505        7555.556        1813.226
       68170.337        7513.532        1722.846
       72384.553        7987.827        1674.094
       71422.370        7086.118        1612.352
       70747.278        8182.013        1652.877
       69253.579        7833.559        1671.411
       73125.298        7360.030        1519.502
       72738.401        7973.591        1598.283
       75238.738        7306.575        1104.818
       74325.156        7945.911        1381.531
       76268.913        7896.368         959.156
       78230.135        8951.545         627.075
       79500.423        7667.420         270.321
        1656.441        9078.679         555.161
        3293.583        8291.067         961.023
        2840.205        8335.835         798.287
        5690.335        9603.261         976.512
        7485.463        8659.159        1679.110
        8251.063        8266.595        1709.180
        7116.680        8114.819        1428.681
        8903.833        9277.444        1722.887
        9821.564        9144.176        1722.823
        8484.730        8740.846        1681.293
       10356.793        8344.550        1703.138
       10947.571        9769.752        1722.674
       12078.060        8911.322        1722.674
       10280.781        9118.744        1722.674
       13790.147        8803.430        1866.863
       12805.736        8527.001        1866.756
       15704.263        8859.893        1846.560
       14244.326        8790.302        1843.902
       14787.680        8003.649        1722.637
       17745.517        9076.870        1722.637
       18033.437        7977.103        1722.637
       18182.701        8603.229        1856.372
       19063.845        8016.499        1869.069
       20312.466        9550.110        1869.073
       19959.667        8343.250        1722.838
       23143.162        8829.995        1726.881
       21798.468        8607.614        1706.930
       25594.212        8036.704        1718.808
       23657.215        8837.840        1705.028
       26968.752        8718.278        1759.352
       25547.264        8693.769        1757.656
       26714.470        7853.082        1681.287
       28806.167        8607.502        1723.020
       28549.385        8566.518        1656.903
       28862.397        8338.446        1722.891
       27926.612        8711.814        1861.107
       30645.304        8582.045        1722.678
       29889.421        8595.441        1710.029
       31699.431        9723.484        1707.035
       33125.151        8007.602        1670.132
       31595.682        8843.720        1693.301
       35204.640        8769.500        1651.596
       35961.673        8032.998        1668.551
       33747.578        8964.590        1661.507
       36029.668        8415.437        1722.784
       36716.573        8363.586        1722.689
       38446.048        8693.275        1851.444
       39054.169        7960.796        1813.544
       38191.976        8184.778        1722.689
       39900.850        8656.330        1853.590
       42026.131        8809.242        1815.639
       42147.987        7986.450        1815.298
       40479.239        8574.756        1745.409
       42873.651        8243.080        1722.824
       42618.141        8514.458        1811.959
       43857.758        8720.529        1869.054
       44033.428        8047.687        1830.299
       45529.722        8554.988        1722.802
       46353.038        8805.162        1828.262
       45947.460        8091.825        1729.672
       44718.476        8984.798        1828.677
       48553.908        9056.050        1730.048
       46964.774        8900.362        1720.115
       50312.056        9020.302        1765.915
       50764.301        8116.318        1764.853
       49094.865        8972.132        1768.195
       53197.109        8967.256        1778.196
       50798.163        9055.446        1771.925
       51626.516        8630.503        1706.184
       52199.673        8110.616        1722.879
       55561.704        8122.247        1722.879
       55384.443        9153.072        1722.879
       56093.982        8390.652        1722.755
       55777.625        8725.071        1834.118
       56186.428        8083.865        1699.705
       58092.553        8485.763        1869.048
       57799.285        8016.253        1722.817
       57312.854        8290.059        1722.755
       59835.265        9655.077        1817.867
       61085.353        8316.567        1817.866
       59191.767        8663.271        1817.866
       61785.857        9530.381        1856.745
       62939.947        8164.483        1856.984
       62278.337        8754.264        1855.671
       61297.384        8888.590        1830.650
       64125.096        8592.660        1869.063
       66560.433        8664.172        1869.087
       65360.814        8533.889        1869.078
       67571.168        8592.280        1722.604
       68664.747        8013.706        1722.846
       69032.759        8309.351        1722.604
       70086.994        8187.013        1848.636
       71281.939        8298.516        1799.123
       70821.868        8847.137        1786.145
       70420.520        8469.986        1722.604
       72738.626        8175.992        1521.095
       72223.780        8550.638        1764.656
       74082.066        8261.240        1252.651
       73971.211        8746.053        1415.269
       76083.430        8521.439         885.357
       75876.031        8743.421         950.312
       78072.300        8888.894         644.226
       77221.793        9183.032         720.804
       78187.048        9089.941         576.423
        1693.386        9254.109         522.530
         474.041        9616.494         246.429
        2821.908        9225.458         709.695
        2002.237        9306.606         421.402
        4099.027       10265.759         700.863
        6226.719        8972.621        1117.291
        7791.183        9258.656        1449.721
        7719.035        9565.087        1537.920
        8103.381        9965.572        1677.991
        8461.868        9670.869        1672.619
       10500.001        9720.028        1819.517
        9782.426        9503.560        1722.960
       13046.152        9196.560        1869.061
       11648.225        9573.263        1869.212
       14365.801        9619.669        1722.795
       14819.515        9349.077        1868.930
       12580.892        9950.238        1869.062
       16796.258        9587.551        1857.490
       16010.144        9444.928        1722.795
       17314.621        9236.851        1868.872
       17684.945        9601.996        1785.797
       18332.524        9267.352        1722.838
       19190.065       10296.583        1722.839
       20119.695       10063.290        1722.838
       18283.844        9864.708        1722.838
       22882.986        9892.194        1722.731
       20567.857        9992.593        1722.731
       23075.062        9051.172        1722.731
       24819.241        9880.936        1855.419
       24602.833        9027.856        1854.642
       25495.814        9251.703        1722.969
       25332.368        9619.638        1832.040
       25963.504        9016.736        1861.854
       27355.857        9492.581        1773.086
       27047.170        9283.410        1722.969
       27929.876        9035.045        1844.430
       27295.590        8738.602        1704.186
       28892.391        9496.829        1815.975
       28265.443        9375.818        1773.086
       30251.874        9219.984        1722.678
       31479.683        9790.889        1685.032
       29521.067        9851.050        1722.678
       33830.957        9413.362        1722.557
       33969.304        9111.719        1722.784
       33532.145        9702.851        1800.661
       32183.814        9724.972        1847.442
       36509.340       10696.392        1722.784
       37262.290        9938.851        1722.784
       35107.986        9635.813        1722.594
       36445.664        9039.932        1722.784
       37493.273        9766.607        1722.689
       38319.779        9643.475        1722.754
       39803.600        9084.642        1868.926
       39169.883        9857.626        1868.922
       37993.914        9714.351        1821.855
       41440.658        9542.713        1869.207
       40116.633        9605.110        1869.180
       41189.081        8988.623        1869.143
       42459.989        9596.133        1808.428
       44278.264        9953.008        1722.824
       42620.682        9877.177        1722.824
       44680.225        9623.859        1722.802
       47131.486        9605.677        1804.884
       47806.850        9233.328        1869.118
       49655.322        9346.149        1869.116
       48120.879        9663.616        1869.116
       50240.966       10044.987        1868.979
       50647.775        9755.556        1745.746
       50211.282        9500.229        1722.882
       51484.719       10033.077        1727.602
       51019.785        9880.147        1727.602
       53270.221        9205.927        1727.602
       54000.320        9767.998        1868.997
       53399.126        9439.863        1722.841
       54336.822        9239.251        1869.114
       56162.323        9704.159        1843.988
       55974.547        9313.770        1722.755
       55058.158        9876.528        1869.004
       58390.359        9006.585        1722.755
       58128.833        9542.646        1869.049
       59241.467        9586.014        1869.128
       61389.247        9780.411        1837.193
       60355.233        9792.000        1869.127
       63184.118        9276.992        1722.822
       63747.544        9120.632        1869.075
       62344.343        9650.512        1869.065
       65851.143        9266.213        1869.102
       66939.610        9888.174        1793.872
       67363.423        9336.386        1722.604
       66744.190        9485.057        1722.822
       67269.197        9628.346        1722.658
       68414.848        9602.401        1722.658
       69533.049        9596.900        1722.625
       70562.567        9291.056        1722.604
       71259.001        9754.022        1795.616
       70638.886        9576.650        1722.770
       71776.245        9756.804        1780.394
       71754.665        8954.564        1535.923
       74094.202        9313.061        1243.890
       73905.245        9476.713        1242.726
       75867.062        8996.624         857.838
       78136.885        9121.030         555.448
       78127.646        9160.828         570.488
       77657.096        9386.696         763.703
       79519.640        9842.737         312.489
         462.044       10528.110         319.197
        1676.862       10753.540         462.032
        5294.697       10118.646        1041.788
        4106.159       11186.809         993.689
        3782.508       10405.099         817.289
        5099.869       11044.094        1145.023
        8603.773       10740.341        1848.693
        8392.956       10133.402        1671.665
        8997.012       10919.738        1722.960
       10617.583       10070.541        1722.960
       11428.184       10134.170        1790.186
       10374.045       10439.783        1855.076
       12482.498       10736.011        1869.202
       12619.054       10210.743        1869.032
       12130.268       11093.438        1869.200
       14182.363       11313.790        1869.028
       13587.737       10850.601        1869.027
       14705.134       10706.159        1828.736
       16769.758       11287.862        1722.795
       17040.624       10004.304        1722.795
       17212.364       10640.389        1868.938
       17622.566       10621.902        1868.939
       20924.405       10257.841        1809.877
       20149.138       10470.774        1722.839
       21668.312       10517.052        1722.850
       22164.224       10176.136        1868.818
       20999.690       10707.566        1847.926
       23394.507       10267.047        1722.754
       23015.695       10330.336        1722.850
       24693.442       10165.696        1868.768
       25795.843       10596.752        1812.984
       25150.593       10429.951        1722.754
       28776.245       10027.105        1773.086
       27888.434       10817.989        1773.099
       26592.562       10751.577        1773.086
       28760.251       10480.515        1869.142
       29291.438       10263.347        1722.897
       29918.904        9960.849        1869.098
       31860.834       10153.134        1722.773
       32538.288       10101.354        1869.090
       31323.246       10150.897        1722.897
       33801.321       10250.286        1722.557
       35361.465       11110.629        1722.557
       35040.028       10250.991        1653.085
       33893.277       10722.632        1722.576
       35981.782       10591.749        1869.014
       37111.303       10525.128        1839.536
       39696.978       10816.307        1815.475
       39450.418       10383.934        1722.754
       40070.536       10657.965        1798.856
       42047.847       10147.901        1722.945
       43155.140       10149.326        1869.175
       42548.058       10655.237        1809.636
       43604.748       10677.479        1869.115
       44824.023       10171.525        1722.802
       44487.958       10708.269        1804.195
       45124.487       10618.578        1869.058
       47127.401       10057.169        1722.802
       47432.422       10670.853        1844.206
       46595.157       10547.642        1869.126
       48508.884       11710.375        1722.882
       49511.179       10996.124        1722.882
       47629.885       11065.965        1722.882
       50962.759       10372.573        1722.760
       50262.435       10662.769        1869.002
       51731.590       10339.731        1722.841
       53553.420       11191.557        1722.841
       52101.746       10716.069        1722.841
       54142.428       10405.200        1722.841
       55039.018       10295.081        1828.376
       54116.330       10927.776        1832.228
       55721.415       11527.224        1869.084
       56236.639       10566.846        1868.996
       56143.255       10122.711        1802.627
       57110.893       10109.535        1770.067
       59078.593       10191.584        1869.047
       57204.180       10553.667        1810.089
       59934.669       10495.954        1722.700
       60844.108       10773.254        1869.158
       59117.709       10450.619        1869.022
       60811.567       10207.126        1869.130
       61877.817       10761.783        1818.038
       63696.396       11048.181        1722.832
       62063.058       11047.832        1722.832
       63677.867       10053.797        1722.832
       65378.706       10640.397        1722.842
       66513.117       10331.925        1722.822
       64109.449       11000.678        1722.822
       66854.190       10698.024        1722.866
       67126.635       10321.068        1716.991
       67338.594       10683.563        1828.229
       69290.035       10146.850        1722.659
       71337.756       10340.076        1722.770
       68145.216       10868.262        1722.770
       71870.382       10626.779        1603.365
       70571.422       11085.346        1801.581
       73886.088       11017.929        1312.537
       76429.643        9977.237         667.754
       76024.489       11223.102         752.309
       78110.536       11833.295         597.233
       78665.019       10946.316         476.904
       77062.639        9874.098         518.992
       79510.320       10745.065         263.086
        1933.182       12230.667         592.156
        1506.683       11058.404         488.758
        1960.473       12011.513         669.062
        4998.142       12115.326        1220.195
        4084.076       11828.468        1044.267
        4852.096       11186.805        1178.453
        3654.450       11823.895        1122.992
        5124.826       11716.993        1334.930
        6081.321       11042.799        1407.413
        7017.216       12087.473        1637.107
        6087.868       11225.873        1439.945
        6379.573       11019.768        1390.966
        7226.766       12303.638        1525.576
       10460.109       11218.245        1854.808
        9205.062       11748.574        1776.080
        8626.352       11837.126        1849.154
       11035.570       11619.706        1768.777
       10512.195       11532.526        1869.067
       13534.530       11790.840        1868.986
       15364.274       11338.304        1722.708
       16069.671       11290.218        1869.039
       14600.807       11736.939        1869.031
       17360.021       11431.083        1722.839
       17594.801       11965.544        1869.019
       18370.178       12246.278        1722.839
       20197.606       11930.633        1722.839
       21551.767       11866.230        1847.926
       20938.191       11284.885        1722.850
       23372.587       11313.540        1722.850
       23960.532       12081.780        1722.850
       26039.038       11924.504        1722.754
       25884.380       11003.900        1722.754
       26265.662       11514.001        1809.548
       27172.824       11080.504        1869.221
       28279.067       11816.228        1847.229
       27237.599       11621.323        1869.145
       28634.906       12215.180        1722.897
       30536.992       11211.775        1722.897
       32417.277       11105.976        1722.855
       30696.459       11939.680        1722.855
       33321.221       12121.223        1722.773
       35267.515       11301.745        1722.773
       32398.848       11895.797        1722.773
       35520.608       11883.498        1811.169
       36129.348       11153.822        1821.108
       36001.510       11801.303        1839.627
       34457.445       11889.078        1869.106
       36546.489       11617.184        1853.660
       37351.855       13013.519        1722.754
       39334.774       11334.498        1722.754
       39969.511       11881.286        1830.363
       39191.836       11707.837        1818.327
       40343.235       11722.944        1856.718
       40929.333       11116.714        1805.690
       41744.062       11591.948        1793.789
       41475.637       11494.156        1722.879
       42082.569       11176.454        1839.219
       40967.349       11686.087        1869.175
       43587.658       11208.202        1869.112
       43696.074       11690.648        1869.116
       45107.425       11149.451        1847.139
       46436.259       11161.671        1868.922
       47290.879       11598.956        1722.848
       46919.937       11762.981        1860.035
       50685.629       11774.691        1868.991
       50062.487       11202.892        1722.760
       49125.517       11622.837        1868.911
       53455.301       11385.428        1722.760
       53812.445       11870.870        1772.435
       52699.692       11878.823        1869.000
       54022.715       12047.309        1722.766
       55543.282       12005.741        1722.766
       56815.488       11291.862        1722.985
       57235.761       10976.570        1746.136
       56232.033       11695.852        1869.013
       58417.002       11673.401        1869.002
       57406.361       11219.992        1722.985
       57931.484       11027.100        1722.897
       60187.127       11667.674        1722.699
       59140.268       11879.825        1722.897
       62920.148       11296.251        1869.142
       61650.857       11512.992        1722.699
       64820.028       11836.846        1869.107
       63757.363       11864.418        1839.998
       64249.505       11257.546        1722.842
       66494.626       11715.998        1720.511
       68025.189       11253.457        1722.709
       69414.496       11223.067        1868.897
       67663.625       11247.833        1722.866
       70239.642       11616.971        1722.732
       70462.687       11266.001        1739.114
       69850.137       11517.286        1722.709
       72129.203       11361.047        1609.071
       71425.595       11582.953        1722.831
       72064.993       11044.661        1513.084
       74033.418       11448.006        1216.397
       73131.358       12153.152        1475.701
       75828.899       12083.215         978.415
       76311.181       11314.364         796.448
       75079.892       11914.061        1039.291
       76983.413       12217.183         841.484
       77645.635       11632.429         755.684
       75827.981       12228.239         930.164
       77102.926       11035.232         540.979
       78887.393       11398.098         502.753
       78901.138       11093.926         399.184
       78412.732       11718.842         673.843
       79168.800       11834.781         379.081
        1902.694       13033.622         573.069
        1949.925       12622.601         723.052
        3015.665       12250.764         919.361
        3376.921       12468.932         989.901
        2999.654       12348.354         936.600
        5185.915       12589.801        1238.325
        7032.096       13083.390        1469.971
        7861.533       12434.240        1705.754
        7185.552       12730.334        1596.074
        7893.241       13006.671        1826.241
        8801.224       12302.487        1821.146
        7873.872       12629.766        1721.720
        8467.369       12683.338        1722.837
        9652.585       12730.232        1839.643
       10251.708       12106.145        1869.083
       11644.723       12027.997        1867.643
       10506.466       12591.474        1869.100
       12701.215       12605.378        1868.984
       13026.731       12140.130        1868.992
       14396.669       12332.377        1722.708
       13614.718       12848.727        1863.028
       15031.875       12855.646        1868.992
       17825.894       13221.977        1722.708
       17831.394       12434.631        1722.708
       19649.746       13008.516        1869.141
       19301.730       12296.903        1869.081
       20625.440       12389.337        1723.053
       20382.217       12680.789        1818.055
       21282.135       12154.982        1869.086
       22330.512       12419.707        1722.566
       22160.359       12712.277        1801.330
       23182.831       12195.324        1869.096
       21880.686       12415.247        1723.053
       24460.943       12445.164        1722.766
       25293.887       12127.261        1869.075
       24066.945       12454.719        1722.566
       26123.249       12298.118        1722.766
       27371.603       12250.183        1869.076
       29439.378       12301.958        1869.140
       28808.859       12964.605        1850.955
       28480.003       13423.928        1869.055
       30487.664       12858.094        1868.998
       29982.448       12665.944        1869.047
       31044.895       12716.730        1869.132
       31314.446       12135.310        1869.134
       32200.858       12428.833        1722.873
       31894.812       12693.274        1846.434
       32747.579       12275.851        1833.002
       33463.523       12730.037        1722.837
       33922.061       12813.779        1868.974
       34030.741       12436.385        1869.042
       35937.676       12346.982        1787.573
       35041.386       12844.124        1825.607
       36498.083       13164.311        1868.985
       36179.657       12476.152        1722.739
       38909.937       12306.823        1722.823
       38011.946       12684.073        1869.035
       39510.468       12215.111        1869.065
       40607.665       12392.639        1722.879
       40507.115       12779.772        1772.390
       42378.245       12964.323        1722.879
       40955.217       12949.040        1722.879
       44187.097       12259.713        1793.789
       45021.465       13154.040        1869.093
       44983.101       12326.090        1722.848
       43383.325       12801.045        1869.118
       45554.357       12211.921        1869.034
       46490.058       12445.525        1691.050
       48638.458       12525.435        1796.906
       48226.245       12181.482        1722.848
       51042.946       12341.476        1824.616
       49121.362       12742.172        1772.548
       52739.742       12325.576        1868.991
       51296.291       12458.036        1722.681
       52628.833       12748.448        1868.991
       55076.054       12258.631        1868.913
       53741.838       12740.732        1768.055
       55242.713       12678.797        1868.902
       55712.231       12656.930        1768.150
       57675.237       13041.010        1722.985
       55875.155       12862.895        1722.985
       58626.889       12113.521        1722.986
       59297.589       12671.387        1848.199
       59262.940       12125.111        1722.700
       58417.944       12703.570        1869.378
       60689.373       13725.592        1722.700
       61545.547       13054.292        1722.700
       61986.394       12232.655        1722.700
       63245.087       12834.230        1793.081
       64646.821       12436.485        1869.107
       66342.453       13562.687        1869.124
       66363.061       12791.614        1869.097
       65295.204       12824.760        1825.673
       66024.860       12360.402        1722.866
       68342.249       12974.945        1722.866
       67674.409       12263.134        1722.746
       69694.168       12416.769        1722.732
       70965.679       12488.248        1626.168
       68925.860       13034.811        1722.732
       72859.562       12464.020        1327.417
       72937.036       13088.078        1561.514
       70920.465       13367.628        1632.205
       74787.092       12730.725        1157.849
       75264.406       12177.393        1096.859
       75229.225       12843.764        1181.742
       78207.879       12227.840         549.393
       77503.973       12698.676         805.658
       78877.112       12477.733         452.950
       79230.666       12906.084         373.525
        1397.621       13814.241         483.640
        1935.085       13054.987         563.512
        3320.756       13062.727         951.866
        4160.891       13739.895         950.438
        5241.690       13772.380        1345.339
        5065.539       13139.604        1124.856
        7168.602       13887.256        1717.717
        7039.729       13143.489        1469.320
        7623.130       14142.971        1722.837
        9597.348       13865.810        1860.618
       10764.142       13713.553        1869.069
       10256.758       13225.818        1722.966
       12837.071       13295.005        1722.966
       13209.029       13697.413        1630.798
       12035.690       13785.690        1868.985
       15667.427       13384.849        1722.754
       17037.615       13384.696        1869.018
       15506.712       13813.309        1851.760
       16553.333       13943.703        1869.023
       19611.505       13292.916        1869.037
       17604.355       13961.617        1869.019
       19075.506       13887.888        1869.018
       20185.830       13807.431        1822.490
       21866.711       13757.114        1723.053
       20272.776       14132.024        1723.053
       23916.198       14249.863        1722.566
       23239.377       14584.837        1722.566
       24520.175       13392.398        1722.593
       22748.498       13810.496        1716.979
       26202.780       13264.065        1722.818
       24326.869       14278.067        1722.766
       26303.693       14036.441        1722.818
       27695.927       14116.976        1722.818
       28310.253       14188.536        1722.818
       29869.009       13871.021        1868.994
       28875.519       13943.657        1817.199
       32029.194       13866.027        1869.105
       31105.495       13742.954        1868.982
       33288.559       13986.339        1722.873
       34530.363       13563.705        1722.837
       35378.322       14597.904        1722.739
       34793.971       13837.309        1722.837
       37317.273       13953.190        1840.925
       38126.620       14065.456        1868.997
       37610.574       13323.359        1722.823
       36934.453       13695.360        1797.209
       40419.661       14264.795        1722.823
       38842.443       14274.486        1722.823
       41563.675       13781.862        1869.157
       41686.005       13154.730        1869.128
       42806.567       13414.610        1723.083
       43549.961       13263.000        1869.125
       42523.255       13765.392        1845.603
       44904.692       13745.493        1821.083
       44226.218       13611.434        1723.083
       47692.691       13770.104        1722.851
       45600.896       13900.324        1722.848
       48449.805       13020.897        1722.848
       48758.491       13340.194        1722.850
       51454.735       13097.116        1722.681
       50427.901       14129.675        1722.681
       49115.112       13942.739        1722.697
       52701.798       13134.991        1869.012
       51186.994       13752.040        1869.008
       51753.322       13424.807        1722.772
       52226.206       13629.062        1865.777
       53717.590       14117.474        1868.921
       53819.073       13421.287        1722.671
       53154.730       13657.915        1863.606
       56357.531       13916.786        1869.009
       55464.496       13349.753        1722.671
       57194.369       13217.979        1868.938
       58187.666       13785.677        1827.177
       57447.315       13815.923        1869.014
       58585.906       13992.821        1723.144
       59449.243       13167.156        1679.474
       58997.221       13820.025        1868.931
       62444.057       14011.532        1869.118
       62320.246       13257.618        1826.184
       61197.639       13676.981        1849.843
       63069.968       13490.402        1723.039
       62923.892       13853.899        1849.821
       63893.758       13222.444        1869.141
       64800.078       13852.244        1837.282
       66029.943       13838.300        1869.240
       64655.721       13466.944        1723.039
       67715.895       13155.206        1868.940
       67486.030       13882.248        1869.121
       66847.749       13675.450        1803.384
       69364.833       13852.879        1868.971
       68214.682       13855.567        1868.940
       69733.560       13267.166        1868.967
       71108.022       13586.026        1722.888
       70835.440       13913.944        1796.086
       71133.852       13412.838        1710.972
       70355.908       13872.298        1860.365
       73021.063       15048.399        1705.724
       73309.795       13725.318        1564.324
       72508.145       13926.407        1671.088
       74972.237       13470.301        1031.309
       74175.385       14438.306        1273.206
       76853.253       13855.966         673.424
       76283.422       14111.246         800.929
       78918.246       13713.586         308.234
       77275.880       14162.262         639.365
       79469.222       13841.943         300.599
        1394.059       14498.658         502.576
        4798.294       15064.683        1085.474
        4141.003       14705.026         962.235
        6265.219       16124.982        1464.155
        5123.166       14692.255        1252.834
        7143.749       14702.432        1701.795
        8665.493       14411.451        1826.128
       10696.657       14171.130        1869.091
        9535.093       14597.290        1722.817
        8714.062       14614.745        1816.543
       11899.601       14510.693        1868.926
       11275.676       14338.618        1722.817
       12082.968       14040.029        1868.985
       14147.087       14151.011        1868.993
       13120.443       14767.750        1868.984
       15088.591       14572.645        1722.615
       16073.973       14390.135        1869.035
       14001.175       14876.547        1869.005
       17396.451       14521.914        1706.348
       16831.457       14655.225        1722.615
       18942.689       15067.349        1722.786
       19744.166       14397.105        1722.786
       19639.106       14802.820        1831.873
       20582.195       14308.231        1801.330
       22278.988       14806.666        1801.330
       21842.596       14397.245        1722.752
       25090.437       14383.604        1869.041
       23860.561       14712.502        1722.801
       26163.973       14567.530        1722.862
       26374.687       14373.502        1722.764
       25135.605       14738.993        1869.047
       28456.961       14578.254        1675.773
       30194.271       15859.053        1722.759
       29846.553       14800.618        1722.759
       28695.720       14704.007        1693.112
       30215.206       14277.430        1722.759
       30938.194       14743.189        1842.782
       31737.139       14384.161        1868.995
       32435.577       15516.200        1869.126
       32752.038       14456.408        1722.837
       33045.741       14934.520        1869.109
       31887.989       14842.733        1856.679
       34358.232       15760.116        1722.837
       34825.153       14875.103        1722.884
       36949.005       14561.947        1838.749
       36356.793       14294.890        1722.884
       38497.161       14808.012        1722.855
       39350.078       14520.277        1869.127
       38081.735       14790.664        1840.924
       40074.363       15468.000        1869.064
       40883.284       14699.114        1722.903
       40386.837       14712.494        1723.032
       41515.698       14448.525        1869.148
       42913.442       14834.563        1860.316
       42708.786       14402.522        1718.669
       45039.266       14155.227        1723.083
       45497.932       14621.906        1806.874
       44023.295       14913.113        1869.127
       46697.328       14690.181        1722.768
       47165.997       14893.668        1869.081
       46875.488       14420.876        1722.851
       46098.763       14772.139        1825.977
       49181.413       15117.764        1722.850
       50281.813       14418.328        1722.851
       48010.752       15167.840        1722.850
       50452.568       14681.022        1722.927
       51139.729       14816.647        1862.422
       49924.312       14934.864        1869.037
       52673.284       14487.593        1722.963
       53220.758       14594.559        1868.901
       52179.004       14693.686        1869.002
       55630.152       15246.034        1722.671
       56552.692       14518.358        1722.671
       54556.825       16120.764        1722.671
       57678.340       14406.829        1869.050
       56380.330       14974.625        1857.930
       57171.597       14626.082        1722.814
       59270.594       14205.028        1869.049
       60690.108       14634.749        1827.519
       60395.456       14221.728        1722.814
       62256.452       14364.925        1868.984
       62868.451       14883.656        1749.377
       62276.507       14719.305        1869.116
       63030.215       15048.432        1723.039
       65301.481       14946.362        1869.269
       65698.979       14319.711        1869.270
       64319.172       14815.956        1803.682
       66281.417       14802.727        1869.242
       67275.796       14320.720        1836.280
       68591.256       14420.379        1869.239
       68373.110       14954.285        1869.087
       69827.883       15229.797        1869.127
       70338.844       14943.928        1869.121
       69394.688       14915.515        1869.120
       70818.393       14985.456        1816.219
       71885.610       15317.146        1722.888
       72764.483       15095.042        1722.888
       71040.859       15325.772        1722.888
       74439.093       14813.252        1444.524
       73055.614       15393.549        1578.710
       76060.333       16070.703        1049.094
       76568.064       14814.772         888.049
       76973.634       15031.578         722.947
       79472.415       14674.223         314.170
       79066.935       15097.031         418.752
        2235.434       15254.009         594.529
         635.691       15842.079         317.015
        2178.692       15296.409         621.137
        3534.253       15193.473         965.740
        2602.777       15712.349         814.130
        4066.971       16263.010        1108.142
        3679.393       15460.265         950.421
        5054.316       16913.799        1403.785
        4545.841       15702.992        1293.788
        7733.353       15947.465        1811.777
        8757.649       15318.235        1816.424
        6816.607       15476.817        1706.727
        9635.445       15371.652        1722.817
        9700.703       15971.258        1869.069
        8770.842       15821.686        1868.957
       12655.926       15467.091        1722.817
       13292.828       15479.705        1722.615
       11867.542       16114.130        1868.925
       17114.323       16062.133        1722.615
       14199.393       15868.953        1722.692
       16965.240       15287.632        1722.615
       18320.956       15245.842        1869.016
       19251.054       15716.773        1786.596
       19609.104       15666.534        1825.084
       18314.892       15701.182        1869.021
       21946.561       15330.796        1722.752
       22661.413       16213.623        1869.044
       22810.631       15826.730        1869.074
       21875.711       15725.662        1813.493
       23304.133       16008.306        1722.801
       25139.821       15740.748        1869.100
       23775.009       15770.505        1866.777
       24178.517       15593.378        1722.837
       24570.421       15235.273        1722.862
       27313.304       16285.921        1722.862
       27291.978       15193.935        1722.862
       30084.184       15984.729        1722.764
       27669.568       16225.913        1722.764
       31390.791       15529.633        1717.328
       31996.507       16032.490        1869.070
       30856.795       15676.654        1854.014
       33542.812       16298.403        1869.117
       34021.566       15745.101        1789.420
       33048.349       15993.854        1869.094
       36158.711       15893.550        1722.884
       36868.128       15165.157        1722.884
       36849.572       15644.264        1840.924
       38883.456       15781.235        1722.932
       43107.213       15287.999        1722.903
       40023.897       15963.382        1722.903
       43965.090       15722.111        1869.174
       44151.327       15231.886        1869.315
       43080.918       15724.769        1817.642
       45191.822       15752.087        1869.174
       45919.564       15294.869        1722.768
       48060.689       15527.443        1722.927
       48676.807       15375.966        1869.039
       51897.429       15468.842        1722.963
       51395.082       15381.964        1722.927
       54210.619       15823.431        1868.972
       53581.435       15300.788        1722.963
       55881.361       15751.396        1722.932
       55103.283       16019.828        1869.016
       56566.963       16859.385        1722.774
       57777.287       15394.126        1722.814
       56269.561       16043.637        1704.239
       59423.698       16283.087        1722.814
       57881.269       16123.688        1722.814
       60400.802       15228.752        1722.814
       61757.541       15245.171        1869.120
       60146.214       15895.316        1869.090
       63359.002       15215.329        1817.684
       62537.579       15453.306        1722.850
       63379.859       15607.625        1869.081
       64903.016       15297.627        1869.277
       65820.928       15861.525        1768.160
       66282.173       15958.317        1854.695
       65284.091       15989.248        1869.278
       68581.171       16219.518        1723.009
       68607.839       15434.987        1723.009
       68887.495       15939.693        1773.110
       72986.235       15762.585        1695.534
       73287.799       15771.961        1731.908
       72680.584       15653.553        1722.814
       74578.482       16219.427        1435.882
       75328.965       15724.760        1317.980
       73806.039       16381.629        1479.482
       77417.949       15626.904         951.665
       77052.967       15948.545         989.548
       77147.701       15144.673         757.112
       76101.935       16066.611        1056.891
       78645.091       16257.536         555.663
       79261.842       15716.840         356.128
       77985.912       16264.433         660.367
         602.158       16907.518         318.569
         906.439       16641.071         376.212
        3020.339       16983.345         928.847
        2710.345       16212.922         708.702
        4076.527       16669.215        1028.966
        3722.598       16767.999        1147.338
        4973.236       17230.370        1306.208
        6263.190       16400.876        1510.627
        7051.191       17083.721        1714.034
        6078.778       16411.909        1550.931
        6795.109       16357.932        1629.089
        7479.132       16380.154        1830.276
        7070.514       16842.812        1789.654
        7718.080       16842.567        1826.176
        9387.246       16495.591        1869.052
       10565.966       17057.783        1866.494
        9992.013       17059.696        1795.985
       10670.999       16507.502        1826.245
        9806.042       16713.454        1722.720
       11907.074       16715.988        1868.961
       11575.475       16437.284        1722.692
       14675.216       16474.453        1722.692
       15002.641       17033.601        1804.286
       16721.187       16264.701        1868.872
       16637.406       17034.323        1868.866
       14002.752       16829.972        1868.935
       17358.411       16709.879        1808.818
       17550.750       16458.292        1722.879
       18350.356       16185.202        1869.020
       19349.707       16716.457        1799.687
       19063.349       16429.507        1722.879
       19707.593       16666.277        1845.220
       20456.805       16292.234        1789.584
       22521.921       16949.902        1813.493
       19925.990       17019.539        1813.493
       23206.477       16710.119        1759.558
       24108.567       17495.303        1722.837
       25766.247       16286.362        1722.837
       25070.729       17211.394        1722.837
       23326.272       16925.258        1722.837
       25697.945       16842.294        1867.584
       26615.392       16688.258        1861.436
       26809.661       16389.465        1869.093
       28239.312       17470.778        1869.062
       28418.804       16640.551        1722.706
       29262.922       16293.058        1868.997
       27650.815       16787.254        1830.751
       30210.354       16400.432        1722.706
       30460.559       16773.193        1851.530
       30689.507       16147.481        1722.864
       32439.107       16894.862        1722.955
       31920.584       17011.610        1860.173
       34899.246       16747.335        1869.115
       35397.045       16084.328        1869.116
       33905.627       16631.186        1869.114
       36358.283       17193.666        1869.114
       37037.442       16656.376        1869.109
       35911.940       16753.652        1869.114
       38965.411       17001.017        1722.855
       39410.698       16126.812        1722.855
       37648.111       16992.631        1679.732
       39492.517       16598.925        1820.953
       40160.357       16621.393        1869.090
       40425.259       16229.202        1869.262
       42198.418       16952.230        1866.935
       42201.795       16338.942        1815.147
       41179.516       16896.599        1840.713
       42732.370       16786.568        1835.899
       43739.435       16268.674        1869.174
       44753.916       16877.300        1797.477
       43350.619       17079.653        1869.181
       46561.031       17110.297        1722.939
       44969.049       17144.801        1722.939
       46490.301       16138.037        1722.768
       47713.295       17081.756        1722.768
       48907.286       16245.694        1722.768
       49595.259       16957.342        1706.663
       51389.585       16148.763        1722.927
       50161.768       16728.226        1722.781
       48085.972       17220.038        1722.927
       51505.823       16367.820        1722.781
       52156.535       16709.970        1869.073
       51989.740       16164.437        1709.779
       54225.221       16409.889        1722.963
       54623.888       16830.880        1754.085
       53561.562       16852.836        1869.214
       58193.508       16771.761        1869.044
       58083.743       16243.156        1773.462
       57091.028       16756.122        1866.512
       60096.560       17010.289        1864.244
       59884.600       16498.936        1722.850
       59158.560       16886.868        1801.489
       60812.454       17199.494        1722.850
       62695.138       17057.698        1722.850
       62869.705       16671.870        1829.688
       64005.720       16379.330        1869.106
       65014.641       16834.615        1768.160
       64747.193       16859.715        1722.233
       63811.126       16906.836        1869.281
       66693.927       16805.389        1722.777
       67275.381       16855.279        1869.098
       67379.222       16455.429        1869.064
       66338.997       16759.467        1768.160
       69265.619       17000.137        1869.044
       68459.635       16866.610        1837.892
       69720.147       16883.120        1869.054
       70105.852       16158.857        1722.814
       70974.429       18263.508        1722.814
       72058.097       16741.100        1679.140
       71943.699       16912.472        1700.208
       69928.518       17412.833        1722.814
       73387.658       16819.089        1673.721
       76426.746       16109.833        1174.004
       74565.198       16975.607        1387.543
       77015.926       16186.017         964.511
       77126.935       16118.445         952.274
       78759.578       16872.511         453.130
         581.505       17576.421         363.550
        2121.673       18084.263         635.835
        3248.763       17369.596         981.730
        2917.922       17297.588         939.423
        5430.284       17707.107        1437.428
        7291.422       18078.613        1832.918
        7857.308       17787.051        1829.264
        7635.556       17452.311        1696.094
        9579.927       17565.272        1722.720
        8850.043       18106.065        1722.720
       10473.444       17559.080        1820.654
       10402.484       17850.342        1823.016
       12105.719       18053.485        1869.136
       11733.027       17417.699        1868.976
       14326.835       17425.068        1868.943
       13088.232       17854.324        1868.922
       16156.847       17407.108        1869.250
       15671.815       18024.427        1869.233
       14346.729       17918.983        1869.230
       17728.100       17875.272        1869.116
       16769.599       17927.672        1869.226
       19420.891       17890.976        1853.510
       20105.018       17333.261        1868.982
       22153.609       17833.871        1869.024
       22140.163       17297.268        1869.027
       20032.130       18196.149        1868.982
       23236.999       17360.984        1722.794
       25891.231       17904.368        1869.026
       26228.894       17267.243        1869.030
       25079.122       17640.236        1722.794
       26808.920       17750.375        1869.024
       27735.231       17796.587        1869.057
       30264.557       17428.130        1710.025
       29406.274       18025.691        1694.203
       28571.349       18279.118        1722.706
       30877.560       17927.802        1831.991
       30297.767       17642.409        1729.237
       30976.583       17434.359        1764.164
       31630.864       17671.455        1722.955
       31303.872       17941.125        1793.583
       33962.441       17760.844        1869.120
       34420.506       17300.453        1869.127
       33233.050       17437.987        1722.955
       35473.081       17919.703        1794.838
       34955.969       17877.007        1849.734
       37875.698       17461.889        1722.879
       38363.562       17179.407        1869.009
       36985.968       17759.454        1869.110
       39462.211       17371.277        1722.762
       39128.372       17415.642        1722.879
       40968.504       17448.504        1723.156
       42030.873       17361.447        1868.995
       43009.781       17549.618        1723.016
       43441.719       17396.096        1869.387
       45376.039       17781.701        1869.248
       45464.777       17379.230        1869.086
       47236.043       17917.822        1869.081
       46617.730       17922.412        1823.536
       47287.257       17371.916        1802.145
       48701.793       17309.577        1869.114
       48708.155       17828.257        1869.117
       50001.649       17792.201        1866.184
       49597.896       17753.181        1799.493
       52439.646       18349.221        1722.781
       52261.946       17258.096        1722.781
       52851.146       17435.332        1722.913
       53642.381       17244.752        1869.214
       52640.924       17898.800        1844.264
       54676.137       17540.639        1722.913
       55622.535       17199.913        1869.171
       56645.007       17883.368        1869.163
       57332.513       17188.220        1869.166
       56277.348       17357.610        1722.913
       58166.949       18223.636        1869.126
       58862.390       17862.751        1855.581
       57714.473       17921.787        1869.165
       59438.448       17299.682        1868.931
       62240.687       17322.162        1868.902
       59567.520       18136.957        1868.959
       63875.015       17223.731        1869.226
       62644.798       17389.895        1722.651
       62793.097       17890.521        1846.988
       64611.697       17430.655        1722.975
       64777.486       17789.447        1833.848
       66090.842       17692.979        1722.777
       68489.282       18244.193        1869.034
       68965.078       17477.593        1869.058
       67796.089       17513.876        1722.777
       70262.361       18071.767        1869.219
       69356.314       18211.206        1869.010
       72437.466       17678.537        1703.563
       71243.718       18198.005        1801.875
       72944.166       18003.296        1615.183
       74218.645       17669.980        1286.336
       73106.893       18441.892        1444.372
       76488.505       17987.753         785.742
       78469.971       17675.192         437.267
       76897.129       18272.072         679.653
       79353.569       17997.486         344.264
        2211.934       18152.785         592.623
        1426.527       18957.607         490.527
        3229.185       18182.788         924.440
        5250.289       19609.958        1059.374
        4018.393       18903.393         900.466
        6243.543       20039.187        1509.934
        5694.068       18655.941        1352.914
        8472.015       18429.025        1722.652
        7951.063       18599.959        1831.443
        8715.407       18226.718        1748.614
       10209.060       18206.398        1868.894
        9360.173       18619.468        1756.101
       10958.530       18453.624        1722.756
       10711.892       18495.878        1756.101
       11643.354       18727.547        1869.058
       12034.745       18344.497        1869.135
       13481.219       18516.567        1722.996
       12772.878       18932.798        1810.527
       15030.092       19900.825        1722.996
       16125.247       19122.334        1722.996
       14511.476       18891.497        1722.890
       16967.029       18777.412        1869.029
       17099.051       18491.430        1869.226
       18098.652       18887.109        1750.169
       18791.219       18525.579        1845.330
       19252.890       18816.127        1722.755
       20128.193       18526.239        1869.036
       19861.852       19044.955        1852.771
       18808.640       18874.155        1868.996
       21429.549       18795.183        1722.854
       22282.067       18325.004        1869.024
       22727.917       18827.716        1869.024
       23590.005       19764.334        1722.874
       22653.990       19336.335        1722.794
       25782.079       18690.350        1869.032
       24790.619       18868.053        1869.026
       27523.053       19062.810        1869.128
       27397.509       18433.600        1869.058
       28218.573       18961.018        1789.430
       30036.832       19977.520        1729.237
       30870.355       18460.701        1729.237
       28379.343       19236.992        1729.237
       31039.131       18706.528        1722.817
       31922.887       18838.672        1869.198
       34179.223       18357.936        1722.955
       33569.114       18790.323        1869.216
       34368.925       18890.734        1818.536
       35508.786       19121.638        1868.841
       36091.063       18911.216        1869.117
       34885.969       18933.516        1869.116
       37457.469       19322.731        1869.147
       38096.344       19034.383        1869.133
       37168.697       18930.561        1868.881
       38552.710       19291.670        1722.879
       39384.277       18467.041        1722.761
       40259.545       19150.570        1722.879
       41927.646       18462.397        1722.792
       42080.593       19382.843        1722.762
       44386.030       19148.609        1723.156
       43323.306       18374.779        1723.100
       46155.430       18460.915        1723.016
       44616.227       18985.844        1713.457
       47081.471       18468.491        1833.743
       45577.518       18879.444        1869.134
       48714.752       18959.430        1869.155
       48646.489       18361.720        1869.106
       47571.023       18936.152        1791.998
       49672.191       18869.936        1831.280
       50676.665       18608.424        1723.031
       52004.014       18475.674        1869.073
       50075.910       18908.873        1850.576
       53020.141       18528.505        1722.913
       52487.242       18767.224        1723.031
       56430.751       18579.292        1722.913
       53057.278       19069.289        1722.913
       55768.182       18925.816        1869.155
       56832.172       19017.006        1767.391
       59293.157       18458.243        1722.651
       59223.135       18849.190        1758.367
       58284.653       18877.792        1869.124
       61735.170       19312.038        1722.651
       60780.554       19674.486        1722.651
       60014.798       18970.005        1722.651
       62335.506       18458.007        1722.651
       62957.905       18436.463        1722.975
       62292.212       19038.067        1842.853
       63546.879       18676.360        1722.844
       64598.886       19192.809        1722.975
       65059.009       18360.079        1722.777
       65375.803       18693.211        1869.041
       67153.617       18839.858        1867.415
       70784.656       19085.295        1722.985
       69193.749       18992.936        1722.985
       71183.515       18552.345        1720.998
       73439.060       18914.030        1640.279
       72986.437       19216.299        1694.115
       71334.537       19159.550        1720.590
       74879.563       19664.664        1330.047
       74901.143       18488.471        1084.408
       74818.942       18358.558        1036.112
       76814.050       18767.338         732.213
       76366.576       19022.683         865.392
       79350.525       18813.551         328.748
       78817.499       19267.076         424.614
        2151.465       20212.337         603.151
        3419.220       20084.228         980.123
        4762.205       19846.139        1257.883
        4966.604       20494.530        1338.510
        7695.588       19413.143        1722.652
        7078.389       19960.209        1785.351
        8658.439       20321.613        1834.347
        6951.511       19664.489        1718.202
        9107.379       20344.400        1722.652
       10029.184       20945.066        1756.101
        9433.860       20351.392        1756.101
       10673.734       19856.473        1721.190
       12184.386       20329.280        1868.991
       12846.334       19977.948        1869.045
       12700.017       19343.955        1722.890
       13475.641       20365.967        1722.890
       16356.815       19953.168        1852.511
       17091.187       19287.509        1869.002
       15717.652       19758.632        1869.231
       17182.555       19941.508        1869.044
       20546.159       19800.671        1722.854
       20366.002       19979.984        1771.388
       19953.101       19658.081        1722.755
       22600.515       19707.768        1722.901
       22122.108       19684.201        1722.854
       24850.950       20047.679        1859.463
       25449.795       19320.735        1869.048
       24209.636       19698.668        1722.901
       26630.302       19400.384        1722.898
       27301.422       19296.818        1869.137
       25842.053       19870.033        1869.117
       29151.480       19850.524        1869.155
       27970.554       19727.223        1722.898
       31448.445       20051.980        1722.817
       32324.260       19279.632        1722.817
       32570.843       19553.923        1722.785
       33033.157       19874.540        1869.189
       33440.171       19343.590        1869.196
       34763.488       19908.210        1868.936
       34258.608       19762.729        1722.878
       36938.797       19791.628        1787.326
       36142.889       19881.034        1868.842
       39196.664       19499.739        1869.077
       37866.298       19895.402        1869.135
       40267.666       19445.314        1722.903
       40552.166       19609.233        1722.805
       41672.696       19434.089        1869.065
       42393.772       20026.731        1794.403
       43061.642       19447.877        1869.180
       42664.348       19633.955        1722.809
       42075.588       19652.331        1722.805
       44999.833       19265.559        1722.876
       46501.592       20322.778        1722.876
       45679.322       19824.946        1722.876
       47195.297       19364.364        1701.496
       49040.720       19453.298        1868.968
       49086.990       20170.470        1869.000
       46966.592       20031.512        1868.966
       50905.031       19975.448        1869.261
       50058.466       19492.107        1723.031
       53256.220       19919.201        1869.265
       52155.359       19717.787        1869.267
       53456.607       19206.398        1869.211
       55160.838       19911.978        1869.177
       55850.599       19352.943        1869.152
       54270.825       19961.748        1869.191
       56405.964       20357.523        1869.174
       57099.014       19704.551        1722.893
       56224.695       20003.153        1869.186
       58246.808       19203.062        1853.171
       59214.256       19688.524        1833.015
       58689.586       19403.721        1722.893
       61759.536       20487.459        1869.092
       62346.589       19881.758        1800.793
       61673.902       19741.786        1722.837
       64437.002       19449.443        1722.844
       64871.849       20053.023        1828.406
       65450.441       19395.724        1869.033
       64098.204       19712.079        1869.080
       66746.221       19946.386        1865.257
       65781.289       19966.907        1869.129
       67107.756       19358.393        1795.462
       68260.230       19295.093        1857.130
       67246.937       20034.445        1865.282
       69184.163       19311.035        1722.933
       68868.027       19773.033        1842.438
       70344.769       19230.499        1869.013
       71718.733       19346.196        1861.475
       71015.935       19590.573        1722.933
       73084.701       19494.319        1642.196
       72644.077       19621.976        1722.933
       74150.677       19678.312        1423.669
       73278.503       20061.741        1639.505
       75190.477       20996.134        1113.297
       76478.577       19788.866         894.726
       77081.721       20013.364         780.387
       77536.325       19375.627         740.133
       78986.323       19628.102         437.466
       78902.310       20079.785         577.839
       77662.051       20286.239         761.531
        2185.142       20244.750         588.178
        1769.317       21221.700         555.151
        2183.260       20598.911         710.026
        2541.107       20764.480         805.817
        2912.850       20417.168         842.333
        4116.040       21125.454        1131.376
        3790.538       20223.987        1063.327
        3008.512       20615.951         847.646
        4174.998       20794.579        1227.844
        5897.958       20308.755        1594.947
        5740.771       21272.419        1598.487
        4884.566       20623.217        1340.775
        6199.813       20827.199        1684.094
        8556.184       20618.405        1835.357
        6686.416       20787.022        1691.789
        8503.637       20836.433        1864.115
        9160.272       21158.821        1792.707
       10269.484       21115.065        1722.756
       13693.352       21458.782        1869.047
       12790.346       21495.508        1869.048
       14177.161       20429.563        1869.137
       12648.986       20990.759        1869.043
       14843.575       20468.775        1722.812
       15138.153       20722.440        1796.788
       15682.382       20414.556        1856.977
       16847.654       21109.631        1869.074
       16634.858       20548.511        1722.755
       16166.112       21434.033        1869.045
       18935.400       21344.470        1722.754
       17574.565       21315.879        1722.754
       20119.379       20389.968        1722.755
       20924.948       21023.604        1869.090
       20748.838       21387.156        1869.107
       19609.533       21158.108        1869.112
       22991.192       21102.705        1722.854
       22246.077       20428.936        1722.901
       21348.254       21315.187        1722.854
       24925.563       20566.018        1722.901
       24877.495       21430.337        1869.116
       25562.397       20599.455        1722.898
       24267.141       20903.732        1869.156
       26521.681       20902.855        1722.898
       28184.406       20847.777        1722.674
       28378.903       20361.127        1722.653
       29172.409       20210.004        1869.128
       30719.129       20929.279        1869.050
       30522.678       20319.088        1722.785
       30022.289       20525.337        1722.653
       33108.631       20539.856        1722.785
       33168.641       21143.491        1722.785
       33432.539       20909.246        1755.011
       36541.211       20317.303        1868.838
       35199.924       20710.627        1722.878
       37043.642       20443.469        1722.603
       37733.520       20824.326        1869.143
       40182.870       21416.613        1722.903
       39601.777       20337.886        1722.903
       41362.440       21106.648        1722.805
       42104.486       20496.165        1722.805
       43120.531       20768.950        1869.148
       42739.855       20516.698        1722.809
       42005.900       20930.328        1821.620
       46163.692       20600.919        1722.809
       46634.827       21158.010        1807.184
       46774.843       20854.522        1739.749
       45425.941       20918.151        1869.047
       49405.429       20488.043        1722.735
       50858.210       20335.633        1869.119
       49383.194       20589.563        1739.749
       50745.291       20901.971        1869.137
       51660.334       20799.767        1812.519
       52654.097       20459.789        1869.282
       54645.117       20611.714        1869.193
       52761.621       21001.556        1869.206
       54696.875       21050.509        1869.191
       59209.199       20262.062        1722.893
       59442.232       21336.650        1722.893
       56203.103       21141.413        1722.893
       59627.997       20840.180        1845.742
       59840.409       20251.283        1722.837
       59950.749       21238.591        1722.837
       62649.925       21253.735        1869.110
       62956.056       20453.824        1722.868
       63873.364       20419.764        1869.136
       62170.316       20809.772        1869.077
       65918.009       20629.041        1869.120
       64736.649       20830.990        1722.868
       67572.173       20557.988        1865.094
       65907.168       20929.536        1869.105
       70074.575       21273.155        1865.094
       69297.571       20430.462        1722.933
       68403.781       20669.127        1722.787
       72577.684       20246.504        1722.933
       71124.887       20460.419        1609.434
       73057.266       20278.008        1567.217
       74991.779       20546.141        1276.491
       73485.607       20957.002        1467.718
       76325.766       21663.622         934.139
       77197.723       21265.844         794.918
       77783.409       20603.199         767.707
       78994.608       20586.178         385.409
       79358.009       20930.532         315.622
        2128.608       21846.106         604.893
        1762.086       21536.557         561.389
        3539.850       21993.708         949.195
        2661.436       21493.257         731.223
        5035.285       22238.635        1375.497
        4215.413       21384.011        1117.767
        6891.809       21295.310        1686.734
        6046.675       22039.183        1584.898
        5957.105       21774.978        1501.977
        7733.025       22047.538        1863.826
        8482.156       21511.985        1864.091
        6816.262       21509.536        1757.233
        9139.683       21979.415        1722.962
        8646.513       22130.059        1865.588
        9427.864       21822.604        1722.752
       10989.721       21352.333        1868.989
       12128.399       21847.155        1801.522
       11707.126       21495.584        1722.752
       14654.714       21751.772        1869.043
       18388.457       21618.168        1869.075
       16692.041       21934.392        1869.074
       19743.333       21866.737        1869.059
       18811.334       21781.881        1722.845
       22352.621       21419.129        1869.152
       21237.115       21991.329        1755.445
       22660.962       21878.249        1869.149
       23320.886       21528.259        1722.823
       23901.194       21737.403        1869.140
       26107.278       22390.049        1722.874
       26926.087       21196.611        1722.874
       24729.752       22031.467        1722.874
       27388.102       21777.928        1829.576
       27563.257       21212.467        1722.653
       26853.862       21778.391        1869.004
       30915.984       21539.653        1722.653
       27924.457       22154.336        1722.653
       32715.665       21403.812        1869.113
       30576.053       21840.340        1868.910
       31067.963       21867.113        1722.818
       31365.156       22069.397        1790.602
       32805.259       21715.603        1869.116
       33467.331       21833.081        1800.737
       36059.743       22065.009        1722.878
       33696.717       22106.729        1722.878
       35047.522       21331.509        1722.620
       37921.529       21450.693        1722.603
       38931.260       21977.492        1869.142
       38323.183       21772.848        1722.865
       39342.180       21531.652        1869.153
       37587.382       21717.155        1868.834
       40545.642       22508.318        1869.056
       41100.105       22140.707        1869.050
       41018.128       21463.882        1826.122
       40034.321       22044.316        1833.178
       43242.928       22375.804        1722.915
       41777.274       22299.575        1722.915
       44052.750       21192.841        1722.915
       44398.398       21512.677        1722.834
       43905.551       21911.241        1869.065
       45580.337       21434.474        1869.050
       46486.870       21777.151        1722.834
       48489.471       22314.262        1739.749
       46857.700       22211.039        1739.749
       49250.767       21540.379        1739.749
       49607.203       22129.336        1810.142
       50689.405       21462.413        1869.136
       49183.277       22072.234        1849.939
       52654.817       21919.238        1869.204
       51151.195       21952.716        1869.127
       52813.101       21440.511        1869.174
       54877.974       21404.965        1869.174
       53700.182       22017.740        1793.984
       55674.550       21517.005        1722.943
       56759.661       21443.985        1869.174
       58200.751       21939.619        1854.633
       57699.665       22030.382        1761.768
       58677.044       21544.011        1869.126
       56571.672       22119.479        1869.176
       59936.538       21715.443        1722.791
       60657.506       21443.136        1869.096
       62062.906       21859.369        1851.228
       61356.794       21640.102        1722.791
       64750.012       22341.088        1722.868
       63724.253       22233.937        1722.604
       65265.140       21813.810        1856.816
       64960.777       21892.745        1852.655
       65245.125       21282.252        1722.787
       66126.788       23017.428        1722.787
       68616.738       21608.214        1722.787
       68958.334       22144.215        1799.877
       69949.387       21642.477        1869.010
       68271.117       21933.394        1869.020
       70692.024       21646.139        1617.338
       70050.701       22016.611        1868.909
       70679.590       21823.936        1664.321
       73081.098       22095.182        1567.778
       70814.064       22299.605        1619.298
       73325.625       21182.069        1384.604
       75332.069       21345.575        1144.147
       75010.430       21531.472        1164.383
       77186.838       21668.864         680.082
       77200.868       21615.894         662.395
       76441.066       21798.109         945.125
       79377.268       21664.887         369.424
       78895.654       21815.251         383.198
         494.332       23125.667         319.276
        2839.804       23816.754         805.594
        1851.273       22724.887         538.575
        2054.799       22839.907         531.534
        3649.790       22731.763         990.226
        4097.643       23184.551        1115.476
        6114.479       23302.106        1504.098
        5156.784       22723.589        1281.593
        6115.474       22812.685        1674.949
        7714.500       22542.327        1765.351
        8358.005       22832.830        1722.962
        7824.349       22734.604        1732.305
       10145.687       24167.001        1722.752
       11950.813       22344.003        1722.752
        9538.805       23075.959        1722.756
       13310.745       22829.711        1869.043
       12189.992       23009.466        1854.530
       13173.070       22315.115        1869.043
       15043.287       22268.564        1869.047
       16532.331       22822.359        1869.075
       16055.708       22892.597        1844.218
       15180.949       22783.071        1869.047
       16314.666       22355.578        1722.844
       18612.471       22521.515        1722.912
       18981.980       23470.003        1722.845
       19280.704       23287.129        1723.104
       20781.686       23241.547        1723.104
       20741.627       22372.144        1723.104
       21062.176       22874.008        1799.575
       22607.193       22941.585        1868.858
       23847.813       22800.690        1869.065
       24934.278       22931.844        1869.062
       25379.523       22470.628        1869.054
       26234.417       22995.874        1722.830
       26539.550       22806.183        1722.753
       25802.289       23138.128        1846.453
       28444.083       22337.161        1868.983
       28365.179       22864.742        1869.013
       29567.357       22541.592        1722.818
       29275.020       22831.179        1805.037
       32778.192       22423.339        1869.110
       32794.152       23205.550        1869.022
       31223.920       22706.833        1722.818
       33456.407       22938.793        1825.287
       34985.486       23209.213        1838.800
       34500.487       22917.427        1708.339
       35735.868       22277.984        1838.801
       33836.545       23064.908        1838.800
       36396.962       22511.349        1722.854
       35754.122       23109.914        1868.928
       37163.079       23086.062        1868.834
       36669.269       22235.079        1722.865
       37829.173       23351.048        1722.865
       39621.909       22809.592        1722.990
       39002.008       23766.163        1869.150
       40134.409       22954.264        1865.460
       39210.434       22816.959        1802.500
       42040.633       23144.217        1864.112
       42538.653       22607.425        1869.151
       41142.410       23002.805        1848.998
       43607.647       23449.775        1869.065
       42940.777       23164.540        1869.064
       43901.793       23014.731        1831.905
       46220.840       23464.666        1722.834
       46342.618       22508.761        1722.834
       48055.972       22546.625        1869.018
       46951.786       22652.318        1723.039
       46579.736       23070.580        1815.049
       48648.563       22775.490        1692.236
       49320.124       22823.935        1723.039
       49547.126       23670.321        1869.154
       50067.051       23033.004        1825.188
       51809.763       23086.320        1722.773
       50787.875       23201.092        1722.888
       52385.845       22863.696        1718.172
       53223.509       22476.048        1722.888
       54063.919       22905.551        1855.168
       53345.274       22747.224        1722.809
       55115.031       23479.327        1869.182
       55780.078       22807.797        1722.792
       56648.938       22532.640        1869.176
       55053.801       22968.212        1823.929
       58018.213       22652.687        1722.842
       57556.335       22673.901        1722.792
       59374.054       22358.852        1722.791
       62224.362       22325.647        1722.792
       59740.589       22946.329        1722.842
       62718.264       22980.211        1868.901
       61634.119       23012.780        1869.113
       62779.725       22515.449        1722.586
       64705.660       22688.971        1722.586
       64910.334       23446.509        1869.073
       65489.764       22926.945        1840.142
       67645.775       22558.235        1722.676
       68275.876       22447.255        1868.932
       66797.296       22773.135        1869.033
       69483.718       23060.182        1845.842
       70083.164       22452.961        1868.909
       70377.811       22888.847        1865.163
       71061.269       22344.298        1712.566
       73243.337       22759.246        1526.510
       73084.969       23146.335        1658.219
       71656.527       23032.630        1703.791
       75024.427       23152.969        1105.251
       75442.255       22215.618        1117.700
       77631.753       23390.349         679.290
       79254.799       22893.569         352.319
        1791.858       24741.482         569.560
         503.561       23942.149         285.904
        2053.345       24527.635         594.103
        4204.579       23963.051        1087.589
        4887.227       24355.447        1255.188
        7803.742       24132.309        1732.289
        6183.359       23903.183        1630.160
        6210.167       23443.413        1456.934
        7780.226       23637.328        1729.666
        9206.857       25150.172        1722.962
        8375.523       24090.975        1722.962
       11632.864       23904.058        1810.330
       10660.852       24029.315        1869.013
       12822.543       24729.188        1869.082
       13231.015       23487.105        1869.043
       13480.707       24185.739        1869.060
       15226.325       23416.725        1869.088
       16213.832       23900.890        1750.613
       15178.138       24002.491        1869.096
       17120.221       24379.503        1869.138
       17734.767       23943.076        1869.129
       16690.282       23830.731        1820.999
       18162.403       23496.199        1869.135
       20166.535       23499.855        1869.125
       18842.674       24053.395        1837.786
       21268.450       24013.289        1851.122
       20795.154       23566.191        1722.884
       22123.897       23364.914        1869.078
       23165.563       23624.964        1711.177
       23830.668       23989.708        1869.069
       22328.749       23985.164        1869.103
       24270.521       23467.973        1869.080
       24928.211       24131.800        1862.927
       28239.670       24213.848        1722.753
       28877.182       23341.067        1722.753
       26879.620       23863.654        1722.830
       29514.132       23335.425        1722.818
       29878.593       23992.455        1869.011
       30485.187       24316.521        1722.818
       30955.251       23291.833        1722.818
       32722.013       23449.156        1869.006
       30917.975       23960.998        1868.997
       33424.804       24116.262        1828.283
       33125.778       23650.945        1722.766
       33664.264       24490.664        1722.967
       35223.869       24145.931        1722.967
       35664.058       23822.293        1722.854
       37420.435       24584.202        1869.118
       38164.918       23999.492        1854.771
       37366.250       23777.232        1722.854
       38553.372       24056.079        1741.730
       40805.001       23695.192        1722.764
       41544.214       23560.017        1869.042
       40444.127       23666.637        1722.990
       42586.276       24587.091        1869.042
       42186.660       23892.004        1722.764
       44471.235       23702.180        1722.802
       45060.239       23474.185        1868.964
       44070.418       23836.694        1801.981
       46936.718       24124.341        1855.755
       46813.365       23572.616        1723.039
       46222.958       23787.066        1722.802
       49287.722       24418.409        1723.039
       47570.555       24370.683        1723.039
       50740.162       23630.784        1722.773
       50011.009       24027.500        1869.147
       53448.101       24068.087        1722.809
       54267.413       23318.919        1722.809
       52258.525       23996.467        1722.809
       54647.375       23825.986        1798.060
       54114.413       23817.707        1865.126
       57845.720       23478.902        1722.842
       58370.619       24185.665        1722.792
       55004.063       24217.613        1722.792
       60409.638       23674.401        1722.842
       61810.824       23695.891        1869.024
       60760.248       24231.190        1795.927
       61032.561       23807.279        1722.670
       59694.759       24015.879        1869.088
       63087.317       23548.968        1686.501
       63875.454       24968.037        1722.587
       63149.759       23752.513        1714.172
       64590.810       24131.455        1722.587
       66304.397       23339.748        1722.676
       66461.298       23770.111        1855.358
       65407.966       23824.022        1869.058
       69667.264       23462.640        1722.676
       70005.503       23774.534        1722.869
       69392.055       23825.990        1868.918
       71750.783       24205.208        1722.890
       70559.180       23991.921        1722.890
       72478.176       23491.331        1722.890
       73086.278       23591.206        1488.470
       72535.759       24179.169        1758.631
       73794.037       24013.277        1416.390
       73987.998       23519.391        1340.424
       75126.243       23331.549        1043.053
       75196.966       23462.883        1088.821
       74221.877       24298.899        1354.303
       76620.405       23183.563         948.295
       77897.054       24044.249         753.468
       77822.447       23597.149         588.987
       76632.044       24168.362         955.133
       78106.707       24517.020         586.719
        1677.442       25074.990         531.289
        3745.387       25170.352         891.177
        2941.088       24567.979         654.755
        5978.123       25386.696        1431.128
        6073.933       24849.973        1633.363
        6575.655       24937.766        1718.250
        7756.840       24293.472        1738.350
        8594.473       24786.288        1869.097
        8161.730       24886.632        1835.529
        7686.218       24627.159        1813.391
       10134.026       25184.832        1869.064
       10828.295       24442.405        1868.995
       10391.314       24667.466        1722.700
        9682.592       24976.660        1855.677
       11747.756       24651.047        1722.700
       12643.938       24902.823        1868.989
       14779.935       24903.602        1859.445
       15291.253       24377.180        1869.154
       13733.755       24894.764        1856.387
       15815.480       24801.773        1869.141
       16756.506       24824.133        1867.992
       18704.223       25041.923        1836.161
       17800.747       24936.485        1869.137
       21154.299       24638.356        1722.884
       19732.601       25126.318        1722.884
       21722.889       24831.932        1722.719
       21232.600       24842.656        1722.835
       21785.100       24568.549        1722.527
       24191.768       24581.207        1722.527
       23803.900       25105.501        1722.527
       22799.070       24861.111        1707.637
       24639.607       25019.775        1746.782
       25732.749       25209.954        1869.064
       24816.022       24625.292        1722.830
       28101.942       24473.359        1722.830
       29536.828       25098.339        1869.000
       29491.374       24551.369        1869.005
       27424.531       24996.985        1869.080
       30354.388       25033.038        1775.423
       30397.008       25240.766        1722.766
       32351.362       25437.326        1722.766
       33118.352       24653.550        1722.766
       34439.067       24542.621        1869.217
       34480.629       25182.469        1869.167
       32990.661       25198.518        1853.218
       35487.231       25015.142        1846.586
       35762.470       24341.619        1722.854
       37104.632       24996.447        1722.854
       35726.976       25404.957        1722.854
       38650.405       24713.406        1723.817
       37983.709       24831.607        1869.229
       40409.755       24466.443        1722.990
       40618.940       25028.985        1852.802
       42461.723       25300.660        1722.765
       40697.164       25416.683        1722.764
       44203.801       24840.876        1869.033
       43253.302       24872.482        1869.032
       45659.913       25084.842        1722.802
       46413.627       24425.155        1722.802
       47053.133       24504.690        1629.845
       47967.056       25179.757        1868.942
       48791.631       24651.427        1868.999
       49809.861       24663.528        1722.773
       48983.981       25161.554        1869.143
       53581.245       25249.085        1722.773
       53328.497       24373.066        1722.773
       49779.147       25364.724        1722.773
       53764.429       24831.096        1801.978
       55404.947       24406.164        1869.085
       54297.361       24839.406        1849.683
       57622.306       24415.729        1869.087
       56701.200       25088.231        1822.356
       56854.256       24683.864        1722.554
       56293.445       24664.928        1722.950
       59208.310       24836.967        1869.075
       59428.691       24463.285        1869.076
       58462.545       24554.521        1722.554
       60375.282       25151.441        1825.999
       61105.171       24663.873        1722.670
       62267.266       24952.106        1722.707
       63683.543       25077.875        1722.670
       65527.621       24307.674        1868.987
       64378.491       24812.642        1850.053
       66870.591       25009.285        1868.937
       66668.371       24411.371        1722.814
       67103.627       24507.787        1722.882
       67497.143       24446.271        1830.469
       68378.351       24667.952        1722.869
       69299.257       25203.057        1868.908
       67957.244       24902.467        1702.342
       71520.029       24680.349        1722.869
       71266.998       25143.058        1722.869
       71844.227       25028.824        1674.194
       72114.363       24681.206        1518.586
       73893.484       24668.693        1165.269
       73778.557       25239.978        1384.767
       75955.627       24905.450         916.114
       76650.363       24469.902         939.305
       76080.217       23719.753         997.231
       78045.705       24564.975         558.429
       78668.170       25075.671         475.035
        2129.413       26557.451         613.530
        2211.253       26352.767         673.524
        4156.875       26459.664         995.341
        3418.295       25934.844         969.137
        5999.301       25544.120        1465.670
        6597.084       25335.937        1643.351
        7756.238       25991.099        1813.962
        9687.918       25987.371        1864.843
        8801.798       25885.259        1831.073
       12893.804       25314.489        1722.700
       11966.677       26417.030        1722.700
       10470.262       26186.075        1722.700
       12668.688       26002.055        1869.135
       14258.513       25319.258        1869.158
       15372.614       25837.052        1797.571
       15022.894       25478.407        1722.884
       15690.620       26147.589        1722.725
       17193.993       25921.047        1810.888
       18089.775       25478.290        1869.137
       19312.317       25583.448        1722.835
       18097.389       26026.562        1869.143
       21242.919       27049.937        1722.836
       19381.350       26410.122        1722.835
       21252.318       26184.015        1722.835
       21302.411       25841.404        1817.470
       21407.693       25343.388        1722.719
       22277.961       26038.041        1702.052
       23364.237       25536.708        1722.737
       21743.178       26143.244        1722.719
       24403.651       26306.391        1716.328
       22499.738       26193.997        1722.737
       26918.887       25912.608        1842.168
       26747.215       25529.251        1722.768
       26099.717       25710.862        1746.782
       29829.895       25461.793        1722.768
       29308.023       26534.874        1722.768
       29850.262       26088.763        1869.211
       31149.011       25917.341        1869.230
       31348.043       25563.033        1869.233
       32985.582       26081.093        1826.081
       32396.569       26023.347        1742.123
       35169.373       25667.928        1738.554
       35473.358       26601.428        1869.154
       36400.646       25461.387        1869.232
       35902.333       26104.773        1824.789
       36773.380       25911.071        1869.307
       37832.365       25955.717        1869.236
       40298.622       26261.624        1723.817
       40195.066       25648.809        1723.817
       41125.591       25601.319        1836.739
       42106.004       26132.387        1868.994
       41151.198       25967.537        1869.024
       42997.155       25647.117        1722.596
       43680.945       25441.412        1869.051
       42602.859       26106.638        1848.387
       44610.386       25727.562        1722.596
       44949.355       25431.599        1722.712
       48158.810       25639.166        1722.712
       45911.710       25885.079        1722.596
       48979.090       25568.437        1796.315
       47859.559       25987.665        1868.977
       49272.167       25719.356        1722.912
       50178.432       25540.025        1869.051
       53223.969       26421.426        1869.047
       53193.451       25440.248        1869.042
       51529.002       26141.484        1658.287
       51213.549       25810.495        1760.504
       53871.972       26029.516        1864.539
       56506.795       25604.235        1722.950
       57152.551       26170.257        1835.078
       56105.062       26002.718        1868.786
       58320.304       26695.764        1722.554
       57565.816       26378.478        1722.554
       59346.190       25999.955        1722.554
       59639.536       25519.920        1722.554
       60274.118       25575.237        1722.707
       63613.742       25334.680        1722.707
       60897.096       25970.602        1722.715
       61760.584       26440.142        1722.707
       62265.168       26069.600        1697.173
       63442.431       25678.446        1840.988
       63857.636       25593.430        1722.849
       65004.122       27335.534        1722.814
       66495.691       25667.066        1722.814
       64318.315       26098.853        1722.849
       65744.492       26212.933        1722.814
       66389.733       26073.682        1815.284
       67283.028       26053.286        1824.903
       69620.016       25486.081        1722.882
       69781.259       25761.955        1722.752
       69966.806       26115.280        1842.564
       70530.743       25416.599        1829.043
       68846.587       25942.561        1869.148
       71828.596       26026.887        1826.182
       70448.697       26350.763        1831.471
       73816.959       25809.959        1236.440
       73796.213       26208.579        1358.176
       76263.052       25991.890        1000.633
       75754.576       26079.308         986.310
       78674.409       25741.930         492.684
       77821.997       26533.964         604.770
       76776.326       26662.563         705.362
        1335.672       27368.088         498.645
        2199.336       26638.704         597.044
        4047.908       26513.287        1020.272
        2300.465       26709.024         636.648
        4390.907       26844.707        1132.971
        5536.144       26580.731        1316.538
        6864.630       27505.268        1480.462
        5909.405       26617.982        1175.974
        8163.695       27013.103        1804.331
        8720.111       27144.783        1832.175
        8023.600       26639.055        1697.512
        8596.651       26389.946        1685.378
       10535.873       26994.928        1829.242
       11133.542       26599.936        1869.145
        9584.172       27085.494        1869.052
       11777.335       27300.424        1868.975
       12694.537       27075.401        1863.655
       11533.110       27066.616        1869.043
       13842.681       26718.504        1722.735
       15121.827       26361.964        1722.884
       16503.852       26420.586        1868.939
       17171.858       27093.330        1840.262
       18168.650       26541.391        1869.142
       18099.900       27054.956        1869.233
       16911.071       26599.866        1722.705
       20270.080       26969.238        1869.166
       19066.579       27127.075        1799.310
       21459.536       26845.051        1785.851
       22695.590       26992.291        1869.152
       21800.099       26807.327        1850.556
       22889.127       26384.651        1869.057
       24823.739       27161.715        1854.551
       23726.469       27239.459        1869.013
       27015.749       27278.951        1746.782
       27027.891       26302.828        1746.782
       28867.303       26600.836        1869.025
       27380.880       26883.445        1821.453
       29497.389       27254.752        1799.841
       28475.240       27091.083        1869.242
       30375.912       27916.791        1722.980
       30974.905       27542.912        1722.980
       31806.071       26480.359        1722.980
       29617.553       27504.699        1722.980
       31706.220       27098.305        1869.148
       32905.819       27062.868        1869.130
       33716.517       26552.605        1717.338
       33510.152       27087.356        1837.976
       35152.318       27147.628        1722.899
       33798.040       27450.878        1722.899
       37333.859       26598.751        1869.309
       35853.750       26926.867        1816.618
       39350.419       27198.984        1869.252
       39493.103       26516.526        1869.252
       38385.161       27224.579        1823.611
       38092.816       26752.695        1723.076
       40450.769       27071.960        1868.174
       40857.091       26567.585        1722.670
       41280.705       26517.704        1868.928
       42794.113       26727.927        1722.596
       43530.574       27172.360        1722.669
       46120.852       27366.520        1722.596
       46205.565       26693.185        1722.596
       46839.755       26648.577        1722.912
       47093.929       27155.511        1868.945
       46467.617       27098.848        1754.923
       49398.953       27350.638        1722.912
       50321.990       26660.209        1722.759
       51087.833       26300.089        1760.504
       53169.268       26592.362        1869.105
       53803.533       27112.431        1753.616
       54311.620       27048.930        1816.250
       54667.022       26512.528        1869.193
       53560.038       26830.364        1722.759
       55120.708       26844.301        1847.505
       55478.440       26627.082        1722.998
       56192.840       26442.843        1869.182
       57698.191       27157.371        1799.589
       57201.060       26838.352        1722.998
       60604.940       27504.607        1722.715
       61428.500       26678.954        1722.715
       59819.507       27676.958        1722.715
       59253.398       26834.678        1722.811
       61787.108       27492.579        1869.083
       61245.407       27272.325        1869.080
       62308.862       27088.219        1853.783
       62750.242       26964.099        1781.800
       64734.873       27475.814        1722.849
       66871.273       27030.729        1869.163
       66860.530       26420.533        1869.156
       65483.303       27047.570        1869.150
       68000.510       26602.115        1722.752
       67764.530       27010.463        1834.705
       70594.555       26737.722        1830.784
       70273.190       26900.884        1722.876
       69712.484       26894.178        1722.752
       72237.035       27045.578        1718.837
       71988.585       26717.965        1564.161
       71635.014       26958.449        1715.591
       73007.483       27576.181        1544.472
       73886.213       26525.366        1240.116
       75360.887       26971.814        1061.362
       76083.577       26549.084         970.680
       77141.835       26636.762         845.350
       77823.659       26580.611         590.282
       77641.645       26801.512         693.975
       79289.283       27261.392         375.258
        1982.863       28579.242         506.455
        1340.716       28038.420         474.228
        3120.091       28398.301         706.704
        4870.864       28554.379        1109.449
        4528.458       27935.027        1006.409
        7614.365       28100.203        1677.840
        6987.642       28050.749        1564.480
        8797.490       28296.031        1858.259
        9968.807       27561.797        1869.052
        9677.363       28091.219        1869.052
        8587.519       27932.353        1797.948
       10619.275       27988.439        1832.293
       13581.933       27435.594        1722.705
       13260.738       27968.421        1796.586
       13845.759       27846.256        1868.996
       12640.548       27774.598        1868.976
       15190.337       28403.376        1722.705
       16830.425       27649.365        1722.705
       17209.052       28662.157        1869.022
       18298.908       27669.499        1868.959
       17372.048       27940.146        1722.983
       19041.597       28338.333        1869.015
       19260.057       27820.724        1722.778
       20200.631       27482.625        1869.239
       21880.292       27843.142        1869.151
       21184.799       27555.922        1722.778
       23164.792       28062.491        1722.813
       23869.240       28193.212        1869.182
       23894.937       27704.547        1869.023
       22775.756       28028.125        1806.125
       26459.473       28136.376        1869.029
       25245.555       27955.847        1693.714
       26657.583       27542.672        1869.015
       24859.748       28206.963        1822.660
       27629.724       27616.279        1722.911
       28397.046       27614.832        1869.144
       29947.011       28046.559        1821.287
       31238.389       28273.565        1794.151
       32060.731       27745.222        1869.149
       31499.822       27875.527        1722.792
       34749.330       27448.863        1869.041
       33978.290       28155.332        1827.906
       34989.048       27840.662        1869.050
       35914.042       27880.740        1869.310
       38063.821       27745.291        1723.076
       39342.884       27780.173        1869.212
       38471.107       28235.550        1769.328
       37060.235       28241.783        1869.274
       40366.294       28067.641        1722.708
       40911.066       28109.213        1868.987
       40626.354       27744.614        1722.670
       44163.808       28451.615        1722.670
       44394.721       27651.237        1722.670
       41819.204       28292.103        1722.669
       45714.342       27558.072        1868.889
       44738.414       27964.023        1722.777
       46159.032       27692.420        1722.777
       46526.706       27966.192        1785.835
       48624.292       28106.553        1869.148
       47141.245       28013.799        1851.116
       48607.579       27604.686        1869.171
       50212.458       27905.007        1869.060
       49893.209       27605.511        1722.759
       49591.811       28118.777        1793.236
       53430.823       27512.731        1722.759
       53118.564       27810.250        1869.063
       53798.290       28098.154        1828.016
       54249.198       28115.692        1869.259
       57595.602       27647.867        1722.998
       54125.243       28532.698        1722.998
       57843.811       27940.274        1722.795
       56446.662       28313.556        1869.052
       58101.203       28034.773        1722.811
       60344.717       28738.786        1869.074
       61314.345       28291.907        1869.049
       63807.214       28038.649        1869.150
       62889.059       27737.204        1722.762
       63939.995       27536.406        1869.148
       62378.234       28107.633        1869.088
       65418.594       27561.677        1765.322
       64866.387       28156.478        1799.818
       66211.475       27875.112        1812.208
       66806.659       27544.823        1869.155
       67646.087       27911.774        1722.690
       68405.002       28175.608        1869.151
       68083.427       27539.777        1722.752
       68919.640       28319.996        1722.752
       69559.520       27362.101        1713.262
       70302.087       28095.376        1869.110
       69342.804       28073.865        1869.111
       71762.019       27518.244        1722.876
       72983.226       27912.469        1517.071
       72930.326       28321.325        1652.221
       71071.449       28655.676        1737.617
       74070.534       28705.297        1259.007
       75106.793       27773.156        1048.635
       77170.875       28679.977         666.519
       79123.604       28291.286         409.084
        2799.528       29546.481         790.407
        1706.809       29158.582         602.759
        1700.492       28902.149         542.078
        2846.170       28690.276         739.669
        3084.560       29292.128         855.360
        6809.717       28609.154        1413.199
        5121.190       29151.328        1247.899
        4711.301       28788.531        1111.516
        6654.586       28737.442        1483.533
        8206.635       29447.108        1652.424
        6939.471       29420.391        1628.097
        8165.926       29026.957        1797.290
       10596.953       29003.100        1813.224
       10256.512       29061.836        1810.818
        9729.806       28826.486        1858.572
       12084.542       28987.801        1869.043
       12148.446       28534.528        1869.058
       13996.883       28573.532        1869.044
       14141.235       29053.275        1869.043
       15645.048       29241.190        1868.937
       16666.377       29004.663        1865.589
       18861.460       29250.923        1722.983
       22038.352       28385.000        1722.778
       20821.002       29154.895        1722.778
       19360.349       29249.717        1722.778
       21804.627       28791.713        1869.011
       22533.212       28626.517        1722.813
       24986.036       29193.502        1857.613
       24255.487       28829.167        1722.813
       25426.311       29376.640        1722.944
       26780.367       29399.714        1722.944
       26808.124       28386.724        1722.944
       27444.053       28371.241        1722.911
       27426.295       29419.204        1722.911
       30926.525       28884.233        1869.144
       29901.668       28883.637        1869.144
       31594.522       28739.295        1722.792
       31689.827       29312.091        1722.792
       33475.505       29246.777        1722.792
       34961.288       29012.279        1869.023
       35698.121       28512.673        1869.118
       33939.339       29086.634        1843.736
       36789.991       29039.652        1869.145
       36374.236       28779.669        1722.914
       35969.826       28930.801        1843.819
       37174.737       28534.838        1869.312
       38566.297       28984.229        1722.902
       39109.355       29104.421        1869.023
       37934.748       29229.412        1869.202
       39703.061       29287.159        1722.966
       40080.299       28963.302        1722.708
       41969.504       29148.532        1868.965
       41378.869       28750.800        1722.708
       43734.799       29299.207        1868.997
       42644.019       28603.320        1722.777
       42342.627       29188.609        1833.066
       46328.074       28488.132        1722.777
       46184.944       29552.244        1722.777
       46551.436       29073.775        1848.075
       48551.710       28704.158        1869.148
       50079.781       29195.911        1869.083
       48725.234       29148.378        1869.148
       50608.066       28578.144        1869.084
       51635.975       28853.441        1722.852
       52295.500       29112.905        1868.995
       51079.094       29153.319        1869.082
       53150.060       28640.583        1869.020
       54445.192       29050.794        1869.264
       54546.351       28660.038        1869.322
       53338.940       29125.237        1858.110
       56446.721       28904.276        1869.070
       56130.854       28626.028        1722.795
       59057.381       28478.696        1722.795
       59643.200       29564.134        1722.795
       60905.590       29244.285        1869.045
       62979.477       29689.362        1722.762
       62041.192       29295.067        1722.762
       64415.026       28666.389        1722.762
       65237.747       29065.551        1849.131
       64355.250       29011.305        1799.045
       66761.971       28829.427        1722.690
       66148.359       28970.021        1848.530
       69570.153       28919.840        1869.181
       69625.751       28705.330        1869.110
       68639.375       28767.744        1722.690
       71304.384       29019.769        1827.038
       71153.260       28812.220        1754.811
       72793.986       29269.855        1662.184
       72961.851       30427.317        1539.583
       74387.051       29294.752        1444.617
       75693.993       29230.002        1142.750
       75677.971       28465.613        1034.878
       77345.320       28950.229         728.367
       77564.038       28685.315         780.974
       76262.209       29594.052         999.533
       79164.706       28587.525         445.617
       78386.607       29101.545         682.179
       79039.819       28399.712         362.924
         537.767       30099.851         284.406
        2994.240       29938.359         757.242
        4809.916       30511.841        1112.245
        2952.277       29874.466         736.903
        5068.314       29868.665        1365.290
        6828.280       30551.271        1502.332
        6939.259       30114.434        1646.004
        8505.823       29851.996        1722.746
        8058.359       29768.585        1728.638
        9514.168       29582.161        1858.021
       10168.935       29924.610        1722.835
       10415.705       29826.360        1722.744
        9964.624       29836.271        1722.746
       12458.963       29438.107        1858.624
       13715.159       30025.247        1869.044
       14172.829       29609.558        1869.043
       12840.439       29520.061        1722.744
       14758.355       30249.042        1837.728
       16577.385       29517.814        1868.957
       15601.479       30311.310        1835.821
       16793.323       29882.381        1869.068
       17610.259       29964.616        1869.041
       17957.072       29393.766        1869.016
       19277.494       30590.964        1869.083
       19789.889       29973.037        1869.011
       20307.600       29908.380        1789.826
       21056.972       29715.020        1722.898
       21348.231       29398.189        1722.813
       20686.278       29898.894        1833.655
       23057.561       30335.616        1722.812
       25112.826       29657.216        1722.813
       22102.862       30112.674        1722.898
       26263.491       29647.751        1869.100
       25343.337       30229.361        1807.802
       23768.073       30367.612        1869.213
       28224.658       29522.450        1869.155
       26736.598       30105.491        1838.969
       29771.395       29989.814        1864.444
       29084.673       29620.643        1722.865
       29417.020       29982.102        1808.062
       30376.017       29445.941        1869.160
       31390.855       30237.397        1869.147
       31981.200       30030.517        1869.149
       30880.559       29914.718        1869.095
       32460.390       29504.528        1869.162
       34553.507       30077.675        1869.160
       34532.421       29481.354        1869.162
       33041.289       30088.713        1869.059
       35564.699       29996.314        1829.413
       37387.797       30626.610        1722.914
       35798.876       30354.900        1722.914
       37472.301       30307.807        1808.013
       37556.640       29989.176        1722.902
       39589.528       30231.917        1846.675
       39506.570       29833.221        1722.902
       41297.027       30506.457        1722.708
       42042.097       29766.812        1722.708
       39673.320       30632.258        1722.708
       43359.512       29705.628        1869.026
       41923.190       30278.742        1850.508
       44084.805       29780.108        1722.734
       44458.896       30220.377        1835.243
       45761.640       29680.578        1869.043
       46586.260       30062.072        1743.051
       47151.226       29694.018        1865.696
       45509.775       30268.020        1869.161
       48782.559       30071.775        1869.148
       48835.153       29565.312        1869.147
       47276.961       30043.664        1859.298
       49776.058       29961.548        1795.871
       53269.163       30141.622        1869.464
       52579.338       29757.424        1722.852
       55302.359       29764.484        1723.234
       55757.938       30170.799        1764.959
       56311.905       29646.665        1869.167
       54333.371       30408.372        1869.266
       56551.043       30099.156        1869.246
       57794.690       29664.068        1722.923
       57528.758       29932.438        1793.886
       58756.258       29560.760        1869.066
       60856.363       29582.590        1869.043
       61030.411       30255.096        1869.092
       59785.825       30078.075        1759.657
       59683.764       29887.124        1722.923
       62034.872       29662.759        1722.920
       61714.756       30025.001        1813.173
       65043.300       29429.636        1869.062
       64161.388       29623.967        1722.632
       63758.916       29598.299        1722.920
       66243.306       29960.225        1869.022
       66059.854       29488.442        1722.690
       65579.390       29746.203        1722.632
       68198.512       29700.036        1722.720
       70449.879       29503.390        1723.090
       67323.338       30588.137        1723.090
       69604.774       30071.240        1869.174
       70837.955       29755.245        1722.695
       71351.832       29470.849        1826.269
       72778.300       29955.591        1721.542
       72287.332       29746.612        1722.695
       74835.179       30139.206        1379.139
       74778.729       29739.232        1230.368
       73029.196       30455.359        1553.109
       76167.503       29837.883         939.421
       76028.383       30163.799        1035.344
       75092.113       30589.857        1228.375
       78262.118       29804.575         555.003
       77855.787       30211.574         627.464
        1611.646       31118.780         522.391
         510.653       30838.025         354.311
        6910.466       30643.806        1458.494
        4932.391       30803.470        1210.566
        8077.324       30746.744        1722.838
        7068.081       31053.458        1604.078
        9548.612       31214.618        1708.725
        7780.970       31195.747        1722.746
       11955.317       31363.315        1722.744
       12060.328       30538.668        1722.812
       10536.871       30988.278        1722.835
       13275.088       32146.554        1722.812
       14763.071       31257.341        1869.042
       14308.978       31041.769        1745.185
       15143.344       30726.723        1869.051
       16534.153       31593.650        1869.118
       16992.094       30710.463        1869.059
       16654.815       31085.019        1869.044
       18720.932       31181.896        1869.075
       18033.880       30949.298        1722.865
       20788.059       30910.122        1859.943
       19893.603       31065.892        1869.132
       22741.358       30681.731        1722.898
       24156.939       30708.452        1869.226
       22145.944       31036.898        1869.222
       22950.617       30953.745        1722.753
       24964.769       30891.031        1722.980
       25278.115       31017.250        1698.399
       26931.483       31310.996        1869.195
       26147.791       30835.471        1723.028
       29164.554       30544.014        1722.865
       28455.739       31219.454        1722.865
       27413.255       31568.404        1722.865
       29469.515       30838.126        1722.768
       30782.701       31086.379        1869.058
       32585.304       30924.168        1719.415
       31967.681       31126.349        1869.066
       33909.143       31300.401        1722.828
       35266.900       30589.502        1722.829
       36625.648       31174.943        1869.178
       36612.895       30707.173        1869.152
       35308.916       30855.003        1746.872
       37652.800       31289.653        1780.046
       37882.456       31523.527        1722.902
       39462.299       31325.591        1722.902
       40467.339       30810.084        1869.139
       40610.125       31127.906        1869.151
       41802.108       30716.455        1722.734
       42542.286       32164.788        1722.734
       43325.621       31575.592        1722.734
       42110.148       31063.057        1722.734
       44243.242       30780.853        1722.734
       45635.642       30617.621        1869.181
       45583.257       31269.987        1869.155
       44022.283       31337.447        1869.135
       46659.885       31063.947        1851.677
       48696.688       30521.784        1869.150
       48040.247       31091.365        1844.209
       47139.069       31145.918        1869.145
       51255.997       31415.912        1869.157
       49673.039       30783.702        1723.055
       50042.172       30455.108        1722.852
       48938.386       31148.922        1869.108
       51832.933       31465.881        1722.852
       53394.326       30666.522        1722.852
       53666.756       31235.643        1799.044
       54405.644       30675.057        1869.236
       54324.243       31050.689        1869.140
       53100.771       31068.420        1869.311
       55678.175       31118.123        1824.023
       56687.269       30505.626        1869.157
       57661.195       31011.498        1832.702
       57084.248       30966.256        1855.218
       60304.595       31012.058        1869.161
       59622.334       30932.692        1780.143
       60644.328       30520.214        1869.180
       62189.424       31020.948        1868.254
       61312.885       31067.468        1829.885
       64512.615       31462.711        1722.920
       63711.516       30520.684        1722.660
       66719.019       30738.203        1722.632
       66354.118       31338.698        1722.632
       67520.149       31115.662        1836.491
       68299.680       30520.047        1869.025
       66843.135       31097.142        1758.683
       69176.359       30660.948        1722.759
       68520.867       30922.803        1869.004
       69307.038       30414.179        1722.695
       71495.235       31407.284        1722.695
       72346.324       30493.645        1722.695
       70526.634       31163.608        1722.759
       72933.502       30601.486        1543.496
       72099.519       31364.945        1781.880
       75029.178       30702.460        1187.216
       73667.603       31365.893        1476.926
       75575.408       31047.410        1121.435
       76133.219       30576.488         925.702
       77915.032       30694.356         545.437
       77457.484       31027.854         708.401
       79262.433       31268.924         366.550
        2142.810       32893.173         623.581
        1493.551       31985.826         511.201
        2906.070       32598.438         678.892
        6096.063       32487.721        1300.595
        5026.046       31900.286        1138.066
        7139.831       32055.242        1733.292
        8686.096       32223.141        1761.476
        6996.398       31569.888        1570.144
        8696.520       31379.217        1758.871
        9411.451       31447.069        1718.992
        9081.607       31902.714        1801.578
       10505.927       32156.097        1722.642
       11859.134       31592.441        1722.835
       12080.105       32650.164        1869.064
       12593.673       31980.348        1818.797
       11945.326       31808.735        1722.641
       14642.618       32049.852        1869.042
       13964.019       31865.118        1818.798
       16154.112       32124.176        1869.118
       17506.632       31642.648        1722.864
       17202.731       31889.652        1800.972
       20337.941       31575.643        1869.138
       19190.543       31926.656        1722.864
       21473.754       31627.774        1722.753
       21082.005       31701.061        1722.835
       24406.218       31590.932        1723.027
       22948.221       31988.993        1721.993
       27071.609       31848.487        1723.028
       24716.697       32332.819        1723.027
       26060.243       32630.969        1723.028
       27560.796       32153.708        1722.561
       27706.655       31867.453        1722.769
       26819.266       32387.037        1869.197
       31041.070       32497.778        1722.769
       29124.025       32394.002        1722.561
       30979.412       31663.778        1722.768
       31352.277       32133.956        1790.916
       33065.737       32290.020        1778.114
       33256.646       31590.182        1746.872
       31679.785       32324.992        1778.114
       34522.402       32185.088        1663.411
       36047.496       32536.567        1722.896
       37346.389       31753.341        1722.896
       38699.566       31625.258        1869.172
       38291.821       32068.907        1869.050
       37098.170       32166.601        1868.983
       39603.401       32074.469        1829.196
       40066.048       32108.672        1868.998
       40052.862       31491.988        1722.873
       42281.112       32249.937        1722.873
       40678.733       32630.806        1722.873
       43791.619       31761.199        1722.902
       42993.393       32166.153        1824.602
       44130.077       32212.684        1722.902
       45410.725       32278.677        1722.902
       46289.872       31687.634        1722.902
       47711.922       31649.486        1869.125
       46842.702       31933.142        1723.081
       46602.647       32035.259        1722.777
       48963.950       32118.696        1869.288
       48240.084       31877.234        1723.081
       51533.321       31754.585        1723.055
       51869.845       32240.051        1775.827
       52738.370       31767.466        1869.299
       50684.355       32207.068        1869.313
       53531.291       32316.417        1820.631
       54324.167       31716.191        1869.073
       54035.555       32520.501        1869.109
       56075.274       31578.937        1837.643
       56934.477       31699.737        1722.640
       56292.502       32075.609        1869.026
       58725.256       31494.818        1869.156
       57865.230       31883.440        1695.533
       59341.681       31573.830        1722.640
       61268.031       32209.282        1869.154
       61849.788       31512.810        1869.162
       60350.660       32087.510        1869.166
       62888.985       31740.625        1722.829
       62144.672       32162.840        1869.153
       63422.847       31528.883        1868.875
       64939.975       32744.082        1868.871
       65374.136       32324.429        1868.867
       65952.333       31531.092        1868.878
       64544.928       31875.178        1722.829
       67281.214       32140.622        1869.016
       66244.158       32153.613        1869.060
       68835.682       31998.711        1869.014
       68316.375       31552.997        1722.759
       71261.497       31809.174        1722.759
       71632.055       32352.615        1722.759
       71881.105       32125.185        1702.210
       73148.203       31634.817        1252.999
       72886.964       32407.313        1528.922
       72121.541       32467.483        1556.421
       75076.267       32151.806        1003.791
       77603.539       32600.962         733.196
       79260.212       32094.868         348.834
        1715.683       33359.891         547.102
        4751.903       33588.202        1084.400
        4510.307       32539.807        1044.696
        2971.441       33252.174         847.161
        2771.165       32849.689         712.700
        4833.352       33290.342        1184.197
        6224.275       33503.933        1553.519
        5904.575       32749.237        1389.954
        7677.487       33334.066        1757.600
        8619.652       32487.751        1768.569
        6680.294       33191.171        1738.508
        9528.101       33121.141        1869.071
        8583.004       32943.811        1868.904
        9367.834       32478.092        1722.641
       11749.380       33491.523        1722.641
       10213.103       33576.885        1722.641
       13143.536       34056.478        1818.798
       14398.637       32676.203        1818.798
       14757.375       32920.285        1722.744
       15225.741       32867.089        1722.526
       16025.119       32539.241        1869.125
       17680.892       33080.204        1869.113
       16931.779       32678.512        1722.526
       19882.623       33561.517        1722.865
       19352.929       32749.498        1722.864
       21159.489       33402.027        1722.835
       21446.055       32632.780        1722.835
       21612.100       33366.418        1722.753
       24187.313       32551.409        1722.753
       24880.758       33077.123        1842.265
       25377.384       32729.819        1869.227
       23993.015       33048.302        1869.016
       26241.548       33166.344        1707.434
       25753.359       33235.201        1833.134
       26660.705       33301.384        1715.825
       27697.604       33144.029        1722.624
       30637.403       32721.894        1869.095
       30061.559       33341.328        1863.050
       29314.876       33052.190        1722.561
       30941.317       33224.426        1869.113
       32310.296       32662.669        1869.160
       33360.159       33669.474        1869.160
       33898.312       33039.218        1868.972
       33957.348       32575.538        1861.167
       33051.178       32908.307        1722.880
       34857.375       32785.935        1722.705
       34630.078       32958.527        1790.500
       35313.849       32582.187        1868.979
       36591.509       32705.456        1722.924
       36083.590       33013.672        1722.705
       38097.970       33610.076        1722.924
       37000.530       33241.589        1722.924
       39153.927       32636.889        1722.924
       39978.797       32770.438        1799.412
       38857.419       33275.757        1869.017
       41775.961       32626.123        1869.089
       40175.140       33146.058        1755.868
       42445.831       33197.235        1869.087
       42220.348       32631.667        1722.767
       42941.619       33132.847        1869.093
       45461.653       33382.036        1722.853
       45336.751       32555.077        1722.853
       45860.900       32729.200        1722.777
       47786.613       34505.479        1723.081
       49199.027       32647.378        1723.081
       48499.323       33355.604        1723.081
       47141.992       33132.602        1720.651
       50703.123       32663.201        1869.310
       49134.040       33091.703        1831.046
       50008.341       33128.156        1868.917
       51874.547       33014.297        1722.801
       51324.262       33108.847        1868.966
       53353.511       33445.319        1723.063
       52240.575       33325.053        1709.983
       54135.474       32848.394        1869.068
       56251.789       33641.613        1869.043
       57236.605       33549.070        1869.084
       56141.017       32726.499        1722.640
       54238.900       33400.030        1869.027
       57864.436       33568.728        1722.640
       59410.460       32595.250        1722.640
       59234.814       33537.140        1869.185
       59783.648       33252.994        1846.028
       60645.385       32737.504        1869.175
       58788.837       33251.187        1869.197
       61881.845       32859.483        1722.829
       60700.882       33374.926        1869.186
       62717.466       33351.354        1722.879
       64748.459       33320.748        1722.829
       65822.157       33507.517        1854.364
       66342.228       33365.789        1869.054
       66876.727       32833.216        1869.075
       68791.635       32659.877        1869.007
       67379.314       33353.114        1869.007
       69411.019       32687.053        1722.774
       69758.085       32838.771        1734.957
       70235.968       32498.404        1817.913
       71845.688       33345.141        1810.580
       71642.693       32742.759        1734.957
       72874.110       34079.432        1698.474
       72895.617       32799.896        1463.744
       71869.180       33686.760        1697.725
       75429.792       32928.383        1002.913
       74231.126       33734.033        1200.235
       75954.304       32686.412        1121.009
       76956.493       32923.124         932.705
       76928.131       32803.494         907.163
       76591.559       33069.341         957.933
       77904.279       32893.733         600.451
       77873.179       32879.654         587.585
       77822.908       33188.171         705.045
        1831.922       34357.355         562.005
        2164.462       34046.966         582.173
        4200.617       34576.912        1000.210
        2850.501       33994.776         709.534
        4582.485       34021.765        1237.076
        5944.569       34519.911        1393.335
        6748.675       34036.473        1722.597
        7520.063       33652.651        1764.533
        6145.907       33982.510        1604.153
        9305.855       33757.345        1868.846
       10992.167       33763.079        1869.026
        9723.043       33968.829        1722.597
       12532.596       34171.067        1868.975
       12160.759       34087.887        1760.857
       11704.216       33867.130        1722.779
       13302.898       34404.418        1722.744
       14795.767       33682.680        1722.552
       17961.787       33752.602        1722.526
       16738.806       34118.655        1674.729
       15244.899       34721.436        1722.526
       18752.947       34329.546        1869.176
       19221.608       33737.570        1869.113
       18012.315       33936.235        1722.833
       20783.446       33660.453        1839.085
       20401.007       33925.409        1722.677
       19660.369       34347.898        1869.070
       21882.252       34248.871        1868.909
       22235.636       33758.930        1868.984
       23323.438       34099.213        1722.623
       24564.925       33685.996        1868.986
       22714.178       34399.411        1832.109
       25086.715       33851.978        1722.623
       25895.983       34172.307        1869.137
       26919.133       33765.234        1722.643
       26812.177       34604.989        1722.561
       30234.399       33790.960        1722.561
       30869.662       33795.782        1722.880
       30559.752       34178.472        1738.417
       29912.983       34104.294        1868.834
       33175.428       34453.293        1722.880
       32364.532       35359.192        1722.880
       34851.319       33688.013        1722.705
       33928.900       34151.757        1869.004
       36442.165       34611.325        1727.172
       37912.075       33872.649        1727.172
       36083.706       34126.692        1693.176
       38147.728       34200.257        1722.776
       38486.103       34398.607        1815.022
       37316.609       34416.572        1869.004
       40379.601       34630.318        1755.868
       38957.096       34565.935        1755.868
       42082.762       33829.507        1722.767
       42483.436       34258.691        1737.542
       41514.599       34427.839        1869.085
       42979.306       34194.306        1820.816
       44575.725       33625.789        1869.107
       44736.202       34000.615        1869.107
       45993.205       33486.370        1686.682
       46589.149       34555.937        1722.777
       47581.841       34593.583        1722.777
       46129.122       34204.882        1722.875
       49447.943       33601.180        1868.997
       48275.691       34189.084        1869.176
       49096.149       34478.263        1868.979
       50864.807       33719.017        1722.801
       51495.730       35209.917        1722.801
       53273.168       33694.331        1722.801
       51316.917       34317.993        1722.686
       54000.494       34226.243        1869.163
       53244.199       34260.537        1866.587
       53906.890       33687.669        1722.796
       55673.704       34850.440        1722.877
       54747.320       34717.902        1722.796
       58289.353       34713.456        1869.186
       57267.510       34200.863        1854.355
       60157.990       33882.828        1722.879
       60780.732       34322.013        1869.187
       59290.280       34174.549        1837.746
       63303.477       34632.119        1722.879
       63419.876       33578.145        1722.879
       61770.746       34482.716        1706.097
       63658.476       34155.670        1844.558
       64390.314       33479.755        1852.706
       63946.168       33762.792        1722.822
       65408.360       33979.604        1851.249
       66445.086       34776.462        1869.053
       67369.087       34369.274        1869.008
       66349.421       34202.927        1826.038
       68769.623       35208.564        1722.774
       69750.940       34548.929        1722.774
       69308.815       33692.725        1722.774
       70019.990       34349.646        1727.708
       71347.125       33831.182        1734.957
       72072.478       34101.090        1769.480
       74519.532       34635.033        1413.489
       73910.763       35303.759        1454.106
       74218.267       33933.658        1173.978
       76053.555       34503.889         895.485
       76879.543       33680.494         924.929
       77789.300       33448.426         607.635
       77474.754       33785.585         782.624
       79455.993       34269.126         309.249
        1847.447       35850.764         592.946
        2006.067       35435.675         743.057
        3551.644       35584.417         865.726
        4726.636       35365.699        1273.211
        4193.198       34784.142        1049.595
        5979.122       35049.066        1573.188
        6661.549       35415.992        1664.626
        5924.085       34607.892        1410.309
        7463.754       34807.666        1675.929
        7385.530       36132.826        1722.597
        8187.091       36003.179        1722.597
        9651.723       34716.137        1722.634
        9090.439       35643.919        1722.597
        7253.597       35406.113        1722.597
       12021.951       34492.688        1722.779
        9558.500       35578.791        1722.779
       11852.881       34967.839        1869.018
       12524.399       34725.312        1722.993
       13759.151       34731.859        1869.006
       15321.053       34873.500        1722.833
       14720.753       35075.291        1722.993
       15269.717       35586.240        1722.833
       18911.521       34842.735        1722.833
       19535.830       34823.836        1722.677
       20230.186       35330.375        1869.256
       18607.285       35223.801        1869.117
       21181.098       35450.384        1722.677
       22312.992       35205.815        1722.989
       22760.761       35423.568        1856.291
       22679.862       34892.713        1722.623
       21786.401       35335.490        1868.907
       24335.655       35870.323        1722.622
       26217.722       34784.104        1722.623
       23405.288       35753.552        1722.623
       25153.142       35631.312        1722.623
       27453.405       35357.707        1869.144
       26316.870       35364.443        1846.464
       25957.551       35308.227        1869.210
       27234.430       34749.827        1868.830
       29871.786       34602.400        1868.832
       29715.756       35349.135        1868.794
       28444.734       35341.142        1837.206
       30452.174       35104.493        1822.385
       31823.267       35105.693        1869.111
       30790.032       35103.232        1869.113
       33749.118       34619.529        1722.705
       34534.699       35720.607        1722.705
       36170.115       35605.523        1722.705
       36667.169       35098.109        1722.776
       39590.309       35235.676        1869.017
       39684.290       34922.093        1869.006
       38728.958       35264.786        1739.606
       40929.119       35074.090        1722.835
       41607.711       34772.992        1869.071
       43139.803       34569.185        1816.969
       43557.371       35645.472        1869.109
       43457.643       34738.586        1722.835
       44017.614       34588.132        1722.875
       45785.841       36292.346        1722.875
       46139.728       35222.778        1684.109
       44936.919       35682.069        1722.875
       47791.710       35880.308        1869.186
       48035.706       35041.146        1722.942
       47531.169       34993.301        1722.721
       49146.546       35361.483        1869.176
       48802.250       34812.896        1722.686
       50019.494       35667.354        1722.686
       52904.620       36289.441        1869.117
       53708.065       34900.235        1869.119
       53334.025       35344.120        1849.821
       52258.992       35145.902        1868.928
       54143.291       35382.377        1823.139
       54768.006       35135.905        1722.877
       58089.335       35219.415        1869.168
       56679.462       34839.221        1724.706
       56494.585       34771.409        1722.877
       58735.289       34999.580        1808.049
       60715.829       35575.686        1722.937
       61405.113       34723.755        1722.937
       59555.687       36075.159        1722.937
       62652.727       34770.656        1869.083
       61334.205       35275.864        1850.170
       63779.685       35126.544        1750.975
       63290.000       34914.972        1722.839
       65798.232       35465.404        1722.822
       67951.364       35215.977        1741.482
       68408.088       35170.619        1832.499
       66969.495       35259.876        1869.053
       70723.732       35126.114        1869.037
       70352.657       34622.450        1721.856
       69482.133       35084.627        1865.175
       72315.184       34572.124        1722.699
       73144.416       34852.649        1625.682
       71999.337       35436.819        1773.452
       76388.844       35224.151         957.293
       77471.211       34856.360         719.758
       76775.792       35533.066         771.915
       79207.570       35313.054         372.273
        1909.923       35903.344         570.301
        1880.461       35902.265         577.028
        3242.285       35853.052         950.427
        3999.172       36509.865         975.911
        4987.396       36178.274        1216.970
        5968.562       35848.754        1469.188
        6937.507       36362.141        1657.991
        5895.901       35664.373        1413.438
        7016.788       36111.689        1721.578
        9505.727       36103.978        1722.721
       10246.820       35763.866        1869.015
       10177.010       36232.308        1869.010
        9107.670       36026.767        1722.753
       11070.417       36172.632        1782.113
       12683.811       36408.649        1869.030
       11459.435       35716.466        1722.993
       14673.540       35753.496        1722.993
       13927.627       36352.837        1868.991
       16177.008       35815.042        1869.067
       18519.060       36453.412        1869.067
       17679.525       35887.708        1722.944
       16314.279       36293.925        1869.066
       20594.597       36490.283        1722.944
       20915.799       35785.078        1722.944
       21456.546       35992.972        1722.989
       23134.743       37119.199        1869.094
       22892.286       36131.221        1722.989
       25398.285       36757.427        1869.216
       25789.636       36326.529        1840.441
       25112.356       36026.997        1722.802
       26919.054       35962.051        1869.205
       29354.178       35812.354        1869.131
       28131.989       36164.703        1722.975
       28261.740       36375.900        1767.843
       30781.514       36245.543        1869.113
       30107.292       35893.153        1722.862
       32969.097       36296.873        1869.143
       31814.688       36248.095        1869.117
       33365.736       35819.882        1869.114
       34361.951       36281.178        1722.901
       34883.631       36465.019        1869.137
       35027.729       35937.408        1868.958
       33931.993       36440.707        1838.557
       36297.734       36767.765        1868.943
       35877.496       36427.660        1867.157
       36632.959       35842.868        1722.776
       36908.003       36276.327        1869.006
       39250.963       36371.038        1869.007
       39588.921       35598.573        1869.012
       38113.153       36145.704        1869.007
       41031.435       36131.880        1869.065
       40768.636       35591.385        1722.835
       40004.744       36337.575        1869.068
       45296.727       37043.711        1869.181
       44257.524       36716.429        1869.091
       45265.388       36263.861        1848.087
       44066.524       36336.724        1869.086
       47573.188       36695.528        1722.721
       46002.669       36357.178        1722.721
       49613.259       36516.158        1722.942
       47981.260       36686.682        1722.942
       50619.063       36215.250        1869.176
       50489.355       35742.931        1868.990
       52409.593       36497.983        1869.026
       51423.429       36022.303        1793.159
       54182.935       36183.729        1810.290
       53338.522       36407.756        1869.153
       56568.459       37324.520        1722.877
       56636.153       36345.423        1722.877
       54866.873       36371.892        1722.877
       58407.059       35571.959        1724.706
       57824.810       36015.607        1869.178
       58676.665       36194.864        1852.526
       58995.988       35918.906        1778.236
       60962.976       36939.518        1869.089
       61366.623       36322.603        1858.735
       60547.832       36035.816        1778.237
       63659.043       35494.333        1722.839
       65011.121       35566.376        1869.078
       64144.821       35737.200        1722.840
       64001.139       35979.316        1797.677
       62882.493       36156.622        1869.092
       66865.563       36080.493        1869.052
       67027.450       35623.067        1869.053
       65829.512       35901.812        1722.840
       67847.393       36036.597        1786.569
       68212.126       35825.449        1722.789
       68901.628       35806.896        1722.789
       70368.494       36340.171        1869.019
       70655.800       35666.986        1869.019
       71827.833       35887.531        1684.103
       71809.089       35731.732        1655.316
       71259.895       36292.308        1863.059
       73306.869       36407.405        1623.353
       74036.139       35604.326        1404.261
       75173.495       35635.887        1148.046
       75038.029       35726.961        1137.816
       76839.999       35565.507         783.475
       75538.864       36198.797        1127.171
       79013.994       35926.661         411.355
       77879.473       36347.911         678.359
       79155.280       35548.667         327.699
       79509.162       36342.614         305.852
        1725.150       37456.133         549.823
        4031.962       37175.799         864.980
        4954.155       36503.315        1104.962
        5702.588       37668.894        1184.225
        5462.132       37181.274        1380.943
        7598.206       37120.879        1810.244
        7624.799       36609.931        1716.233
        8127.881       37291.617        1697.220
        9153.177       36874.239        1722.721
        8516.532       37115.921        1812.292
       12620.982       36681.563        1868.964
       14019.521       36700.722        1869.053
       13765.008       37349.285        1869.231
       12770.738       37131.796        1868.952
       15477.864       36945.260        1723.038
       14652.460       37457.816        1869.034
       16619.043       36864.734        1869.079
       18264.322       36858.623        1869.187
       17798.189       37349.708        1820.668
       17157.745       37184.008        1723.038
       19595.392       37154.420        1829.251
       18681.232       37252.735        1860.295
       19823.765       36727.681        1860.610
       21172.854       37291.866        1817.473
       20528.692       37118.801        1848.821
       24266.642       38204.620        1722.803
       25186.346       37440.084        1722.803
       23335.485       37584.439        1722.803
       26297.728       37710.209        1869.221
       26768.926       37401.933        1869.215
       26516.106       36835.444        1722.975
       25807.805       37229.652        1823.934
       27894.765       36834.385        1699.972
       27729.642       37424.781        1869.103
       28663.049       37258.506        1864.535
       30907.800       36813.399        1722.862
       31302.864       37129.926        1722.848
       32381.209       36868.831        1869.165
       30200.534       37269.507        1869.129
       33767.880       37136.010        1722.900
       33243.483       37046.225        1722.848
       35453.845       37851.079        1869.147
       35858.239       37306.370        1807.888
       37476.275       36981.739        1722.682
       38120.293       37325.410        1869.016
       38959.820       36853.073        1869.012
       36888.779       37155.127        1869.007
       40637.075       37365.150        1869.131
       40632.900       36818.621        1869.130
       39126.499       37389.240        1865.552
       42512.331       36725.113        1869.092
       42516.457       37271.682        1869.103
       43602.716       37135.811        1763.528
       46795.620       36773.123        1869.216
       45715.410       37144.713        1808.768
       48245.762       37750.469        1869.184
       48730.015       37344.699        1869.197
       48813.663       36835.600        1869.186
       47119.901       37335.683        1869.181
       50637.071       36629.660        1869.175
       51629.753       37191.959        1868.166
       50553.277       37138.812        1869.200
       52168.314       36756.690        1869.156
       53751.988       36765.400        1869.153
       53520.308       37327.667        1869.087
       54542.126       37201.433        1854.707
       55664.606       37069.659        1869.116
       57406.949       36999.682        1869.107
       57771.857       36670.230        1869.117
       56826.571       37044.456        1815.866
       58259.109       37179.022        1789.100
       58941.738       36780.010        1725.132
       60590.060       37379.938        1778.237
       62688.932       37290.578        1869.078
       62906.841       36670.107        1869.111
       61756.780       37099.276        1697.714
       61380.602       37243.316        1818.363
       63807.650       37113.108        1852.783
       64886.305       38223.845        1722.840
       65765.059       36620.509        1722.840
       66907.173       37008.667        1869.078
       65882.468       37045.873        1816.079
       66875.788       36504.382        1869.057
       67716.806       36998.353        1794.270
       70538.417       36804.360        1722.789
       67994.642       37300.158        1722.789
       71488.050       37346.728        1869.316
       71090.312       36850.380        1691.185
       70224.611       37146.474        1869.021
       73490.789       37253.543        1631.744
       72299.625       37650.588        1669.123
       75394.203       37241.199        1142.399
       75130.972       37817.341        1191.378
       76750.202       38588.425         786.031
       77689.832       37617.003         648.794
       79018.825       38074.762         503.534
       79503.836       37215.741         281.829
        1754.064       37552.518         533.067
         825.010       38428.556         388.617
        1771.280       37778.999         580.453
        2820.333       38522.796         870.063
        3310.050       37630.617         878.588
        4006.281       38556.813         973.961
        3588.447       38264.551         917.209
        6229.444       38828.012        1430.271
        5523.368       38478.724        1402.325
        5582.677       37902.812        1244.038
        8155.060       38442.423        1812.593
        7632.219       37928.427        1718.947
        8484.529       37665.476        1722.721
       11876.101       38674.151        1722.721
       11859.697       37601.545        1722.721
       10278.866       38605.403        1722.721
        8519.629       38810.560        1722.721
       13524.125       37864.143        1868.960
       15248.610       38443.827        1869.296
       14529.274       37996.929        1723.038
       13563.493       38266.465        1869.019
       17898.275       37784.869        1723.038
       18404.199       38001.061        1722.854
       16888.407       38530.941        1869.121
       19347.842       37621.893        1869.194
       20732.592       38086.111        1869.228
       19879.354       37819.976        1722.854
       22204.226       37831.744        1869.224
       23325.236       38251.053        1784.414
       22270.299       38221.892        1869.231
       23692.039       38170.851        1858.687
       25906.391       38141.190        1863.961
       25299.919       38618.088        1869.212
       28256.281       37862.075        1869.210
       27316.159       38356.708        1631.495
       26867.567       38313.497        1816.663
       28233.649       38213.675        1869.213
       29235.825       38031.911        1722.835
       29493.030       37733.803        1722.848
       33159.715       38615.877        1722.848
       33321.219       37655.192        1722.848
       30426.902       38295.146        1722.848
       33543.682       38188.450        1819.496
       34250.020       39452.412        1722.901
       35873.753       38191.771        1860.762
       38857.343       38175.096        1764.146
       38529.686       38526.904        1867.198
       38325.495       37998.130        1722.682
       40428.250       38769.397        1722.895
       41302.546       37763.058        1722.895
       42707.261       37651.547        1869.074
       42125.938       38322.531        1869.066
       41132.016       38396.395        1869.127
       43212.367       38186.621        1869.063
       44924.284       37616.776        1869.123
       45705.872       38204.784        1804.840
       45018.498       38034.803        1869.161
       47014.031       37630.519        1817.793
       48139.917       38045.310        1869.180
       50753.995       37806.619        1869.200
       50199.883       38371.260        1869.181
       49193.649       38159.182        1842.987
       51276.350       38424.586        1869.156
       52191.055       38232.267        1799.412
       53335.481       38652.780        1722.923
       54170.781       37821.717        1722.923
       54586.116       38779.120        1869.020
       55610.565       37729.984        1869.068
       54004.636       38387.172        1869.016
       56507.974       37824.194        1722.786
       57169.172       38121.670        1861.923
       57749.709       38076.927        1825.438
       59525.628       38490.294        1722.813
       60656.076       37659.992        1722.813
       60935.289       38295.052        1853.027
       60360.076       38179.176        1869.321
       61884.564       39343.094        1723.082
       62595.013       38778.086        1723.082
       63270.178       37730.930        1723.082
       64238.563       38138.302        1869.078
       63168.520       38422.866        1869.120
       67196.357       37609.635        1816.079
       66198.526       38502.141        1816.079
       67178.746       38194.031        1869.073
       68218.815       37694.479        1795.530
       69009.546       37880.782        1723.080
       68873.986       38342.598        1789.132
       69310.773       38250.159        1869.056
       68415.373       38049.603        1722.826
       70872.036       39446.342        1723.080
       70181.729       38414.493        1723.080
       71622.903       38667.052        1723.080
       72321.210       37940.539        1646.356
       72379.297       37829.457        1664.435
       71978.303       38378.145        1810.422
       74232.329       37840.558        1425.047
       74090.469       38162.862        1544.072
       74366.324       37727.173        1440.014
       74967.242       38343.195        1347.649
       75993.986       38400.738        1030.553
       76277.159       38208.007        1015.060
       74907.986       38770.364        1197.338
       77836.922       38170.080         735.366
       78058.792       37923.761         687.963
       77019.828       38390.610         912.533
       79143.209       38435.033         396.161
         700.837       39291.957         331.059
        1188.343       39083.746         325.240
        3225.827       39258.799         728.671
        3131.883       39027.249         673.436
        4863.203       39454.310        1168.756
        4047.480       38874.082         859.277
        7943.758       38963.922        1719.712
        6232.641       39239.737        1578.052
        7747.934       39452.190        1718.296
        9258.565       38954.960        1869.149
        8461.641       39204.808        1716.194
        9747.465       39889.280        1869.137
       10763.213       39369.419        1857.413
       10962.619       38897.705        1868.985
       12545.431       39320.930        1837.708
       13502.118       38762.544        1868.994
       11701.616       39334.771        1849.941
       14761.570       39153.725        1869.224
       13575.136       39251.608        1869.233
       15243.510       38801.803        1869.291
       16984.694       38931.181        1869.097
       16796.223       39386.257        1869.283
       15805.196       39239.683        1829.553
       17860.132       39462.105        1869.085
       18895.478       39520.790        1854.574
       19276.806       39708.189        1721.481
       21107.404       38680.339        1722.854
       19784.270       39447.170        1722.854
       21774.166       39169.440        1849.504
       21221.083       38873.056        1722.802
       22476.152       38654.492        1869.235
       23874.297       39338.375        1869.179
       23408.697       38978.367        1722.946
       22829.181       39198.747        1869.188
       24724.160       39049.641        1868.588
       26775.832       39176.113        1858.375
       25789.929       39098.810        1869.212
       27612.115       38716.682        1722.835
       27224.387       39219.290        1798.480
       28664.099       39458.310        1722.849
       30983.017       38964.155        1722.835
       31811.503       39484.718        1869.169
       32374.434       38877.377        1869.172
       30765.380       39473.613        1869.079
       33822.236       39258.959        1842.497
       32876.199       39367.026        1869.251
       36068.708       39210.909        1869.131
       35786.673       38708.278        1722.682
       34832.667       39251.574        1869.133
       38192.720       39584.264        1722.682
       36836.582       39415.307        1722.682
       40202.300       40379.980        1764.146
       40371.732       39509.472        1764.146
       38708.378       39534.654        1764.146
       41636.968       38931.366        1869.132
       41680.230       39299.379        1869.154
       43140.778       38849.752        1796.039
       45091.626       38766.825        1869.070
       46092.660       39334.479        1859.765
       45245.527       39229.603        1869.182
       46106.727       38772.299        1722.950
       46896.034       40228.888        1722.950
       46663.579       39760.477        1722.950
       48670.965       39204.445        1846.375
       49715.694       38777.157        1869.183
       51636.962       38796.973        1869.174
       51423.108       39238.403        1869.137
       49677.169       39416.663        1869.192
       52610.225       39142.560        1808.236
       53036.293       38758.453        1795.734
       53703.865       40126.061        1869.017
       57286.386       38652.625        1722.786
       59047.407       38695.396        1869.094
       57730.840       39205.436        1820.726
       57125.440       39193.239        1869.045
       59781.501       39316.037        1829.915
       59134.735       39058.237        1869.022
       60846.554       39643.264        1866.849
       61410.457       39305.601        1840.140
       60374.522       39416.528        1869.050
       63197.909       39597.774        1869.097
       63461.458       39258.088        1869.118
       63485.558       38863.747        1869.138
       62363.976       39339.872        1809.251
       64912.390       39167.774        1840.434
       65748.037       38714.271        1869.091
       65773.393       39339.228        1869.085
       68258.857       39243.833        1722.826
       66999.089       39463.052        1722.826
       69016.370       39114.773        1722.772
       70399.565       39189.892        1869.057
       69738.343       38867.435        1722.772
       71965.215       38893.444        1650.891
       71351.568       39335.589        1848.956
       74029.723       39518.640        1609.979
       72390.363       39606.401        1646.379
       74846.297       39388.925        1302.383
       74072.295       39993.688        1431.094
       76545.352       39017.629         953.657
       79184.457       38824.358         439.126
       78486.358       39129.332         593.518
        1883.298       40810.154         570.019
         691.315       40094.935         371.075
        3034.792       40659.570         699.029
        2520.610       40551.145         749.070
        5109.156       39909.831        1215.781
        6086.403       39835.796        1392.799
        7921.222       39585.955        1643.827
        6652.671       40354.844        1582.295
        7869.677       39740.754        1691.880
        8632.070       40210.982        1869.129
       11591.311       40237.350        1805.136
        9853.863       40536.432        1868.879
       12251.802       39799.118        1868.833
       12991.060       40103.422        1722.809
       13448.890       40247.168        1860.759
       12435.384       40222.839        1859.494
       14635.188       40149.384        1869.240
       15717.117       40166.587        1867.980
       16603.882       39775.918        1869.257
       17894.051       40238.069        1869.085
       17993.652       39924.680        1869.049
       16799.512       40363.210        1867.948
       21809.724       39743.082        1722.802
       21003.971       40665.540        1722.802
       19342.155       40763.521        1722.802
       22587.958       40238.129        1868.439
       21699.549       40267.507        1869.008
       23196.336       40658.174        1722.946
       24259.838       40465.456        1782.505
       23728.038       40484.195        1866.603
       25228.959       40132.817        1815.037
       25607.099       40112.493        1862.918
       24818.454       40149.797        1861.515
       26169.558       39653.167        1869.234
       27681.030       40383.459        1869.223
       26800.259       40313.466        1862.565
       29911.601       39943.885        1722.982
       28194.018       40718.054        1722.982
       30390.423       40483.215        1816.346
       29218.921       40490.448        1869.135
       31622.010       39957.120        1869.079
       33017.391       39890.783        1869.139
       32881.396       40384.181        1869.241
       31686.378       40343.411        1869.245
       34228.859       40084.489        1722.976
       33818.537       40285.904        1846.765
       35834.709       40116.410        1848.569
       35191.239       39903.683        1722.976
       37359.970       39745.570        1867.031
       37144.433       39968.679        1813.217
       36677.673       40314.720        1841.955
       39007.150       40122.118        1856.643
       40995.069       39918.269        1722.825
       41678.686       39760.976        1869.147
       40581.659       40246.539        1802.735
       43136.188       40066.340        1824.068
       43604.536       39809.909        1869.092
       45255.087       39903.393        1860.416
       44560.206       40277.543        1769.008
       44968.287       40296.924        1830.746
       45985.293       40433.058        1825.931
       49666.098       39932.493        1869.189
       48671.507       40047.376        1680.003
       48082.420       40073.565        1829.315
       51657.232       39855.817        1869.138
       50394.469       40113.387        1722.972
       50734.743       40481.382        1777.583
       52427.455       39890.090        1722.905
       53312.509       40323.319        1869.122
       55664.990       39718.873        1869.018
       55300.867       40160.444        1869.021
       54238.729       40266.438        1869.112
       56281.233       40182.930        1820.015
       58387.755       40202.868        1864.429
       57822.764       41370.403        1869.023
       57178.793       40180.136        1869.017
       58836.556       39839.495        1869.019
       59367.141       40276.627        1822.158
       62285.424       39802.256        1749.499
       61420.082       40136.048        1866.767
       62711.805       40607.626        1856.273
       63248.943       40299.975        1869.075
       65880.752       39761.256        1869.085
       64451.548       40257.600        1858.594
       66908.708       40373.776        1849.761
       66538.369       39872.121        1722.841
       67141.009       39765.256        1722.772
       69583.114       40505.942        1722.772
       70550.102       39797.930        1722.772
       67272.326       40863.618        1722.772
       70385.756       40225.357        1855.789
       71187.292       39779.596        1723.093
       71819.657       41322.204        1723.093
       72683.762       40387.345        1723.093
       72636.812       39885.804        1698.157
       70953.993       40628.111        1723.093
       74014.941       40192.684        1463.435
       73396.855       40493.984        1679.159
       76488.508       40367.912         891.554
       75255.750       40689.063        1008.407
       77844.922       40697.648         594.994
       78491.546       40087.387         519.757
       76762.310       40766.507         714.220
        1838.340       40982.467         547.606
        1296.016       41403.093         472.710
        2721.178       40844.688         764.813
        3586.461       41362.671         944.847
        4898.202       40650.953        1084.057
        5918.117       41749.094        1279.401
        5060.171       40840.692        1056.800
        7116.991       41261.446        1622.901
        6787.658       40931.084        1510.586
        8958.663       40837.145        1705.293
        9923.803       40829.415        1866.402
        9780.951       41144.856        1839.004
        9088.765       41363.105        1803.088
        8856.897       41004.189        1755.172
       11493.781       41106.012        1837.038
       12162.532       40866.445        1722.809
       14151.440       41275.942        1832.593
       14641.296       40771.516        1868.153
       13762.131       40966.379        1722.809
       16482.707       40858.985        1697.929
       15666.759       41222.103        1845.580
       16447.185       41486.671        1723.186
       17576.038       41213.106        1722.792
       18779.325       40927.218        1723.187
       19782.443       41516.230        1869.050
       20145.396       40944.650        1869.063
       18886.372       41207.208        1722.738
       21892.647       40940.503        1868.499
       20831.388       41493.390        1860.260
       22931.331       41073.272        1722.765
       23242.272       41504.467        1802.246
       24286.384       41244.955        1702.528
       23725.986       41546.299        1861.333
       27523.487       41042.981        1862.895
       26791.334       41384.723        1805.542
       28516.209       41116.711        1722.902
       29378.503       41029.832        1869.146
       27712.839       41371.413        1829.515
       30863.398       40962.669        1723.011
       31763.450       41420.249        1869.242
       33865.513       41313.312        1854.805
       33702.486       40869.555        1703.810
       32944.115       41224.341        1850.358
       36113.229       41709.719        1722.976
       36310.353       41006.040        1722.976
       37285.792       40899.291        1810.780
       36621.288       41398.481        1732.108
       39831.815       40764.903        1813.180
       41140.592       41550.946        1855.755
       40500.606       41248.675        1765.522
       40777.274       40821.113        1722.825
       42592.844       42284.980        1722.825
       43462.296       41716.482        1722.825
       44081.415       40883.384        1722.825
       41824.749       41804.320        1722.825
       44149.392       41432.273        1816.473
       45022.924       40877.118        1737.031
       45747.854       41129.280        1696.212
       46101.840       40770.043        1805.312
       47091.840       41166.456        1800.765
       47173.770       40627.781        1722.972
       49316.351       41651.801        1722.972
       50454.653       40887.817        1722.972
       47925.430       41535.783        1722.972
       51091.571       41386.932        1811.423
       50255.229       41353.960        1853.438
       53049.328       41433.489        1722.986
       53490.181       40789.621        1722.905
       54409.622       41174.497        1869.166
       54504.141       40753.796        1869.056
       55779.789       41265.154        1851.839
       57344.317       41545.928        1869.104
       56071.782       41250.228        1869.069
       59372.338       41015.807        1827.051
       59610.566       40682.249        1866.864
       58363.256       41354.368        1869.371
       61091.258       40769.307        1723.006
       62565.237       41432.472        1723.006
       60905.834       41717.321        1723.006
       63934.025       41104.862        1747.601
       64438.332       41345.910        1869.074
       63455.148       41149.307        1855.710
       65736.438       41186.014        1722.940
       66677.073       40977.605        1722.841
       67015.462       41059.995        1618.769
       67688.840       40941.184        1869.036
       67174.853       41132.443        1682.966
       68882.523       40977.317        1666.989
       69369.366       40768.195        1775.688
       70378.223       41173.828        1849.893
       69702.867       40906.665        1678.389
       71052.108       41170.302        1789.857
       70848.091       41248.618        1772.708
       72549.990       41168.309        1790.888
       75134.249       41025.299        1047.985
       74098.068       41510.145        1290.483
       75452.018       40784.648        1068.778
       76608.775       40995.287         801.433
       78451.102       41423.254         517.761
        2081.145       43332.634         670.209
        1289.596       42105.240         488.384
        4992.335       42593.659        1026.501
        3751.774       42242.348         869.103
        6582.907       42875.293        1502.377
        5799.862       42076.983        1305.888
        7631.288       42259.112        1735.719
        7225.408       41844.123        1539.001
        8366.294       41912.366        1746.179
        9139.765       42268.697        1664.539
       10266.716       41828.267        1811.669
        8554.857       42411.369        1732.547
       11232.227       42043.702        1742.662
       10747.129       41956.131        1670.031
       11301.721       41736.976        1722.809
       13695.547       42306.705        1722.809
       13994.614       41858.779        1722.809
       12723.137       42488.196        1722.809
       15511.248       41828.890        1844.538
       14238.300       42241.564        1712.000
       16582.584       41804.487        1722.738
       16206.033       41790.296        1581.952
       18328.507       42447.809        1671.505
       20150.025       42043.895        1722.738
       18032.247       42009.553        1615.577
       19974.484       42246.204        1802.292
       20476.802       42331.661        1702.647
       22122.005       42501.591        1722.765
       20891.459       42222.276        1710.662
       22931.956       41970.492        1722.765
       23401.574       42207.199        1688.719
       26663.439       41689.848        1813.630
       25094.072       41965.905        1695.258
       27227.822       42022.446        1722.068
       27015.252       41813.385        1688.720
       28158.376       42245.531        1726.286
       28719.383       41965.080        1722.902
       28748.180       42312.962        1769.819
       29843.221       42451.195        1722.902
       31189.833       42404.572        1722.902
       32128.127       41637.532        1722.902
       32460.241       42175.421        1804.527
       32694.935       41977.354        1760.075
       31975.316       42116.234        1856.677
       33368.219       41733.164        1869.249
       34543.281       42017.713        1723.447
       34868.724       41835.413        1822.866
       34011.550       42124.851        1758.295
       36523.786       42280.114        1703.299
       36589.836       41870.167        1565.912
       36179.356       42139.464        1719.429
       38992.896       42236.381        1517.730
       38119.838       42275.956        1481.839
       40543.346       41788.731        1573.524
       40541.356       42140.915        1690.989
       42041.427       42353.191        1805.567
       41345.403       42207.859        1715.276
       43911.226       42192.532        1654.891
       43224.897       42341.194        1815.985
       44620.688       42384.127        1641.613
       45819.589       41715.225        1658.299
       47171.375       41838.706        1690.774
       46666.138       42056.765        1577.708
       48906.177       41954.289        1804.989
       48161.052       42204.766        1777.992
       50754.777       41880.711        1854.083
       50104.796       42470.537        1852.879
       51830.297       42218.716        1818.541
       51039.069       42353.111        1846.732
       51733.060       41823.726        1723.025
       53683.862       42322.386        1676.295
       52954.811       42633.258        1723.025
       55323.669       41884.202        1723.025
       57111.018       42016.636        1869.088
       55882.097       42116.457        1722.835
       55114.240       42113.358        1818.257
       58072.484       42317.573        1739.892
       57579.835       42291.136        1722.835
       58542.779       42384.902        1635.476
       60127.869       42011.881        1723.137
       61158.762       42204.316        1789.484
       62197.044       41773.264        1827.431
       60081.241       42209.984        1755.923
       62777.511       42099.183        1747.342
       65152.794       42245.715        1720.610
       65275.322       41899.635        1722.940
       64582.871       42179.176        1735.960
       66794.354       41743.145        1607.200
       66262.324       42190.387        1720.947
       69002.372       42281.882        1527.547
       68373.364       42360.813        1540.061
       71022.932       41792.371        1608.287
       71299.906       41773.292        1692.238
       72209.624       42331.638        1770.517
       71608.415       42033.561        1603.855
       73979.416       43592.989        1476.643
       74078.957       42018.702        1293.765
       74963.650       42489.200        1071.869
       76667.253       42167.437         762.300
       78321.419       42146.827         515.008
       77283.020       42459.049         577.793
       79499.317       42481.432         313.190
        1893.701       43699.690         583.532
        3270.556       43935.170         893.288
        2714.157       43297.331         782.073
        6779.086       43664.704        1383.657
        5050.251       43437.807        1290.708
        8011.221       43006.874        1502.911
       10211.494       43285.430        1490.923
        9908.023       43159.355        1413.877
       12656.833       43239.803        1592.619
       13496.244       42817.926        1736.915
       12239.590       43148.794        1506.469
       14056.537       42835.980        1574.950
       16798.557       43049.494        1538.241
       18137.331       42817.701        1614.942
       15789.162       42900.169        1503.978
       18521.087       42920.341        1587.837
       18902.569       42880.293        1725.507
       22015.757       42822.746        1724.328
       20817.842       43182.330        1571.911
       20401.322       43263.713        1534.051
       22727.165       42825.619        1695.723
       24721.417       42904.069        1625.740
       23816.492       43273.706        1560.371
       25536.490       42982.237        1520.551
       26658.709       42923.069        1677.373
       27813.806       43005.333        1658.780
       27067.485       43130.295        1529.951
       27547.286       43323.982        1607.517
       28959.696       42969.839        1710.388
       28277.567       43134.005        1605.320
       29576.427       43067.981        1546.592
       30952.808       42728.966        1775.818
       29248.476       43151.951        1625.642
       30036.090       43353.106        1747.558
       31162.231       43010.685        1760.326
       31943.620       42708.661        1783.351
       32787.194       42795.506        1698.587
       33984.434       42802.748        1729.722
       33240.337       42992.656        1551.333
       35443.893       42952.315        1542.550
       36058.585       42736.124        1688.281
       36480.605       42974.719        1598.464
       36419.712       42854.710        1564.469
       40333.957       42806.749        1478.892
       39753.901       42953.537        1278.688
       40720.219       42928.325        1551.909
       42122.854       42755.914        1726.511
       42907.111       42798.417        1669.769
       44450.271       43069.545        1374.615
       44048.934       43219.231        1537.524
       44940.497       43390.968        1329.116
       47084.937       43025.105        1386.049
       47467.039       43328.814        1383.980
       49337.186       42968.492        1601.101
       49702.289       43433.211        1683.610
       49898.837       43202.078        1641.922
       50644.114       43024.359        1635.263
       51250.454       42927.624        1820.396
       53175.984       42831.356        1752.349
       52682.239       43162.826        1612.510
       52371.950       43112.446        1666.482
       54238.937       42998.903        1785.741
       55267.956       42969.104        1818.690
       55777.273       43352.000        1708.174
       56139.391       43532.626        1722.835
       57290.723       43602.117        1722.835
       57943.957       42876.081        1722.835
       58005.592       43574.959        1745.793
       58836.778       42836.083        1562.827
       61222.676       43368.083        1476.338
       62576.495       42740.410        1563.480
       60638.000       43103.840        1275.241
       62697.740       42740.834        1520.081
       63199.883       42699.656        1693.747
       64020.914       42794.402        1555.684
       64497.766       42759.835        1729.063
       66167.845       42883.145        1613.767
       65912.101       43059.129        1536.228
       67906.915       42816.737        1315.531
       67510.462       43183.632        1519.906
       70744.658       42748.925        1485.795
       70006.940       42976.512        1254.601
       71327.555       42995.330        1489.329
       72382.976       42781.294        1625.804
       72912.389       43018.596        1631.071
       72674.629       42819.176        1513.598
       75061.481       43332.560        1208.799
       74970.570       42736.614         990.983
       74026.736       43977.617        1327.973
       77682.412       43016.313         744.728
       77013.584       43627.584         839.068
       79496.641       43265.848         304.741
       79076.201       43649.832         410.802
         703.124       44690.864         393.512
        1909.505       44054.742         617.423
        2897.148       44645.628         859.298
        4676.983       43981.046        1230.699
        3731.617       44674.334        1162.847
        3243.472       44248.642         974.298
        4625.197       44379.093        1310.168
        5750.868       44607.662        1377.042
        6610.096       43931.953        1422.325
        6849.626       44341.011        1408.085
        7805.954       43891.419        1429.973
        9107.661       43854.908        1117.217
       11122.001       44173.410        1254.249
       11691.316       44039.437        1419.541
       13557.686       44062.466        1510.601
       12066.501       44220.927        1295.195
       14173.263       44094.047        1290.432
       14016.721       44115.438        1338.422
       14574.504       43663.341        1494.654
       14772.233       44576.379        1220.216
       16768.447       44432.783        1145.587
       18001.471       43877.328        1240.248
       18388.423       44165.489        1396.049
       19438.807       43898.300        1533.962
       17849.854       44029.159        1318.441
       19942.571       44142.798        1382.889
       22631.789       44001.000        1303.570
       22480.194       44002.904        1252.647
       24959.842       44267.499        1205.688
       25958.284       43729.436        1302.990
       23780.032       44470.395        1205.908
       26454.194       43986.197        1402.441
       28074.061       44078.606        1380.314
       30795.425       43794.805        1571.877
       30756.853       43988.794        1594.596
       32738.658       43970.207        1332.926
       31837.667       44388.364        1530.577
       32496.954       44130.911        1321.441
       35458.211       43844.207        1284.637
       34217.953       44318.715        1101.508
       34763.297       44366.938        1142.793
       36030.163       43827.381        1458.662
       36502.104       43933.605        1381.141
       36725.007       43672.931        1462.591
       39185.882       44079.005        1065.393
       37687.293       44616.769        1184.645
       39836.234       44008.326        1172.288
       42310.354       43832.574        1314.829
       41253.234       44510.263        1237.028
       42808.110       44096.468        1369.927
       42298.001       44052.614        1359.475
       43080.979       43826.990        1420.657
       44604.964       44057.946        1140.630
       44823.688       44189.792        1220.404
       44187.166       44410.228        1335.896
       47488.722       44586.805        1017.136
       45454.393       44944.579         919.868
       49788.088       44033.117        1459.743
       48532.076       44302.788        1388.330
       47780.584       44096.419        1143.037
       50114.430       43964.674        1566.733
       50675.750       43878.402        1380.254
       50558.487       43908.364        1399.735
       51390.378       43910.551        1632.199
       52916.506       44039.885        1384.664
       52731.292       44080.578        1361.975
       54927.150       44665.713        1467.005
       56059.491       44183.336        1689.909
       56593.802       43971.224        1776.420
       55683.273       43878.512        1504.415
       57700.022       44268.838        1581.794
       57364.337       44398.171        1658.073
       59753.580       44510.676        1154.062
       57993.081       44877.627        1331.311
       60237.594       43948.029        1104.267
       61190.734       44228.558        1108.135
       61798.400       43743.102        1213.141
       62386.970       43812.023        1436.480
       65039.681       43748.173        1452.700
       64011.035       44382.050        1361.580
       63678.192       44534.925        1353.433
       63342.311       44043.123        1222.407
       65422.054       44004.859        1379.048
       66238.610       43756.686        1472.209
       66985.797       43844.647        1285.189
       66806.359       43879.985        1256.500
       67781.591       44230.831        1156.474
       68279.213       43640.686        1226.906
       67491.952       44260.228        1195.168
       69173.417       43451.453        1009.817
       71392.968       44792.229        1070.701
       73208.723       44558.337        1525.862
       71776.259       43866.890        1219.882
       73498.988       43940.850        1530.474
       74244.911       44126.816        1429.133
       73941.099       44343.299        1471.413
       75378.653       43977.316        1100.481
       75076.628       44417.771        1230.473
       75440.174       43858.598        1109.147
       77113.649       43943.925         775.998
       76849.058       44368.825         890.024
       79242.859       44224.120         377.464
       78990.116       44243.129         347.689
        1099.916       45985.974         502.743
        1739.231       46038.277         572.550
         723.195       45377.011         344.341
        3024.022       45803.131        1016.852
        2741.006       45288.382         922.701
        3925.519       45669.281        1046.382
        5589.287       45048.516        1370.568
        4046.191       45298.139        1134.085
        6049.301       45377.196        1257.126
        6388.795       45224.901        1193.325
        5931.920       45224.114        1252.513
        9398.324       44994.322         986.358
        7127.879       45786.622         971.736
       10109.839       45403.482         925.145
       11031.264       44879.439        1067.356
       11135.946       44995.179        1050.050
       11778.443       44807.083        1190.970
       12683.437       44985.262        1130.495
       13527.907       44789.394        1295.297
       14286.112       44923.807        1057.582
       17270.058       44961.179        1156.425
       19720.738       44902.499        1245.574
       19177.177       45053.653        1150.029
       20891.447       45157.174        1059.301
       22206.389       44930.324        1206.927
       23404.677       45231.109        1055.970
       23505.950       44905.855        1076.207
       24277.067       45171.749         972.303
       25505.790       44658.891        1098.586
       26768.489       45549.462        1197.716
       27146.793       44819.594        1192.312
       27863.727       44927.187        1246.991
       27349.829       45251.841        1233.231
       30348.152       44702.447        1220.827
       30625.932       45005.132        1377.078
       30975.467       44692.589        1459.579
       31373.413       44822.607        1365.638
       33525.222       45262.747         876.780
       32543.871       45622.389        1125.869
       35305.386       45395.391        1061.968
       36976.633       44839.165        1233.964
       36422.415       45319.553        1193.584
       37437.016       45034.952        1137.420
       37501.288       43785.758        1362.304
       39734.990       44868.198         954.072
       37583.542       45633.810         934.528
       41175.238       45621.580        1026.159
       41641.846       44884.409        1140.019
       42011.590       44691.487        1205.678
       43239.366       44918.358        1203.653
       42346.810       45069.064        1149.158
       43682.518       45114.100        1077.269
       45193.400       45178.481        1039.906
       48211.209       45280.429        1208.857
       49079.811       44697.749        1267.701
       47726.877       44915.898        1025.289
       49274.936       45057.554        1254.277
       49658.070       44800.990        1129.504
       51842.982       44911.091        1061.281
       52127.193       44918.962        1168.759
       51649.576       45004.034        1114.310
       55337.139       45656.524        1179.415
       55573.811       45142.690        1291.160
       56687.077       44919.166        1509.091
       56968.406       44931.064        1412.274
       57356.741       44905.070        1558.496
       57929.101       45048.637        1386.194
       59672.059       45192.659         985.821
       58178.409       45715.663        1297.483
       61097.248       45280.378         751.961
       60131.259       45638.858         896.529
       61671.396       44674.555         866.337
       62057.746       44933.201        1004.355
       65094.625       44990.505        1186.821
       64399.326       45520.460        1261.001
       66406.193       44814.860        1170.534
       67327.228       45250.742        1064.936
       66914.191       45036.396         981.150
       71683.281       44996.910         938.540
       68291.048       45739.117         915.971
       71789.150       45380.581        1032.029
       73758.492       44876.924        1285.478
       73778.115       44972.018        1303.742
       73737.596       44907.456        1296.219
       74215.829       44803.951        1417.870
       75260.519       44942.441        1273.354
       75034.022       44681.280        1142.482
       76836.742       45393.306         911.556
       75955.706       45561.001        1031.566
       78896.317       45420.236         414.179
       79090.990       45545.998         405.839
         767.400       46523.516         367.660
        2452.445       46655.373         849.427
        4733.895       46393.154        1080.643
        3905.877       46267.763        1029.585
        6964.985       45908.754         897.469
        6107.608       46293.036        1200.583
       10102.532       46073.321         717.735
        7701.138       46822.894         769.969
       10943.977       46101.299         938.898
       10822.543       46795.118         984.584
       13560.794       46064.856         937.129
       11367.028       46962.205         920.444
       14420.015       45976.301         831.610
       14263.851       46075.329         774.976
       14060.255       46418.200         874.209
       17983.106       46044.847         874.910
       18895.177       46105.561        1041.973
       18176.693       46412.901         911.297
       20341.458       46270.155         813.350
       18904.176       46544.837        1049.516
       20609.203       46076.788         908.280
       22922.032       46748.416         835.783
       23766.940       45753.116         897.115
       24123.389       46385.408        1007.074
       24157.502       45729.438         760.461
       23832.661       46225.463         978.941
       26361.586       46681.930         780.289
       27400.735       46050.139        1032.768
       27075.483       46180.485         997.519
       27453.709       46245.538        1070.459
       31476.464       45986.320        1063.943
       28668.299       46477.513         902.220
       29726.657       46472.440         888.318
       31492.284       46161.530        1115.224
       31712.868       45945.803        1125.205
       31904.023       46230.726        1127.355
       34907.257       46400.188         784.770
       33884.966       46276.807         750.310
       36469.310       45842.539        1179.015
       35861.984       46240.678        1089.294
       35270.465       45986.106         844.751
       37390.461       46052.525         991.723
       41530.185       46050.830         818.199
       37643.017       46735.748         855.749
       41572.303       46321.807         905.005
       41774.325       46066.066         877.588
       43374.521       46937.661         889.683
       44071.183       45826.810         942.784
       42044.319       46683.499         861.250
       43876.984       46554.078        1080.203
       44641.402       45711.397         776.729
       44448.029       46328.617         988.936
       47760.256       46078.020         682.998
       48575.671       45832.639         971.479
       48027.479       46465.578         849.298
       48635.148       45819.113         949.331
       51161.183       45886.784         959.680
       50303.067       46035.138         931.205
       52511.668       45959.027         964.638
       51965.311       46135.616         767.039
       51655.075       46188.840         788.514
       53655.813       46122.474         723.690
       55629.613       45775.727        1059.202
       55679.889       45841.374        1072.577
       56937.416       45870.221        1370.927
       58014.186       46205.371        1257.501
       57755.943       45930.793        1118.342
       57555.781       46002.014        1156.118
       59072.303       46820.461        1013.910
       62403.589       47380.049         826.910
       61298.430       46343.204         567.370
       64077.788       46166.611        1095.029
       63498.299       46268.417        1208.113
       63810.642       45936.321        1061.194
       65996.617       46194.023         778.657
       65391.922       46552.255         844.886
       64816.529       46616.012         915.034
       68031.071       45977.298         787.011
       67851.068       46255.676         859.263
       67874.630       46049.040         784.276
       70421.882       46486.107         635.865
       72394.139       46364.421        1182.822
       71752.406       45775.954         896.583
       74999.842       45873.452         906.095
       73774.992       46448.294        1196.779
       75616.633       45665.461        1059.991
       76030.575       45695.642        1045.620
       77107.045       45829.666         801.844
       77353.189       46332.873         982.488
       76728.966       45998.171         833.320
       79138.333       45970.435         454.607
       78000.148       46826.848         751.032
        1744.720       47935.949         620.915
         748.774       47193.851         399.484
        2737.070       47324.624         794.400
        3062.332       47131.221         758.303
        2397.865       47414.307         894.390
        5129.022       46917.671         947.210
        5379.280       46782.108         970.178
        7239.881       47343.182         612.059
        7478.586       47334.844         676.826
        7628.488       47021.212         717.552
        5877.832       47631.856         914.357
       10470.895       47768.633         777.499
       11078.711       47164.012         817.006
       11187.521       47284.870         846.094
       11240.267       47154.631         841.604
       11099.438       47313.638         852.478
       13933.071       47054.114         631.558
       14165.581       47451.069         795.685
       14285.524       47030.653         753.288
       15489.869       48036.531         672.451
       18103.238       46814.493         763.930
       18187.528       47165.585         893.201
       18499.639       46876.532         902.250
       20554.967       47800.665         757.458
       20801.009       47133.639         730.600
       20609.033       47326.773         669.361
       18797.247       47582.405         868.310
       23232.124       47203.684         645.809
       23663.150       47439.710         818.904
       23249.577       47171.133         631.841
       26161.000       47661.597         647.885
       24143.597       47689.046         646.762
       26523.508       47029.264         798.367
       27542.804       46791.556        1031.943
       28380.903       46828.826         748.965
       28405.811       46796.591         747.324
       27924.497       47052.363         936.246
       30070.303       47025.768         652.406
       30570.721       47405.327         808.991
       31072.107       47063.298         920.989
       31657.920       47361.630         970.915
       31511.640       47064.494         866.980
       32443.363       47799.248         765.746
       35352.771       47632.561         752.197
       36151.513       47552.179         838.680
       36711.837       46901.636         903.264
       36941.827       47300.815         900.671
       37530.833       46875.120         804.569
       39462.415       48089.107         657.439
       41299.442       47046.333         728.024
       38402.767       47465.694         701.311
       41620.020       47112.415         654.416
       41519.582       47101.077         648.280
       43852.894       46961.765         984.161
       43527.435       47106.670         862.753
       44364.752       46919.535         818.061
       48153.463       47055.497         677.073
       45081.273       47719.711         671.146
       49151.585       46747.644         859.198
       48636.621       47641.364         788.743
       51354.889       47432.389         658.196
       53338.406       46893.284         566.548
       52749.866       47191.452         540.521
       54206.391       47552.446         711.064
       55543.744       46884.905         889.865
       55734.023       47080.383         851.261
       56805.813       46800.907        1044.031
       57946.733       47136.588         969.547
       58526.533       46919.381        1077.025
       58908.901       47030.437         939.027
       58995.011       47778.461         744.139
       63359.787       46782.605        1149.854
       62738.119       46772.204         913.711
       62707.495       46916.486         968.219
       62719.028       46441.427        1028.379
       64500.780       46984.073         869.827
       67693.957       46749.231         663.425
       68209.415       47245.215         933.417
       67854.463       46758.022         721.589
       70552.400       46785.088         541.540
       69002.362       47902.801         621.495
       71160.658       47328.400         756.180
       72784.721       46929.032         971.177
       73329.121       47133.022        1040.096
       72961.981       47089.276         948.229
       73211.334       46961.666         976.384
       75283.540       46940.577         668.789
       74818.835       47618.920         735.110
       77352.182       46897.959         894.017
       77968.458       47287.384         812.418
       77727.410       47056.963         758.032
       78108.642       47836.245         599.085
        1754.551       48098.335         621.492
        1843.080       48130.276         636.227
        1757.074       48030.432         599.992
        5041.130       47963.138         610.843
        3264.625       48451.022         691.564
        5062.626       47993.292         614.062
        5129.382       48007.383         633.318
       10662.116       48112.583         664.413
        9844.451       48887.093         548.354
        9040.354       48884.930         421.247
       11242.650       48329.105         703.774
       10647.598       48447.448         732.496
       14343.125       48618.497         579.698
       12543.859       48672.151         533.799
       17077.855       48872.908         486.429
       18276.928       47755.947         670.901
       15481.440       48670.033         523.990
       17946.078       48089.943         850.349
       18260.675       47937.610         736.566
       21597.942       48535.955         505.630
       23989.219       47779.369         667.260
       27166.873       47955.072         753.435
       26182.374       48061.897         644.099
       27750.136       48495.541         637.364
       28809.573       48085.869         442.723
       29837.546       48478.651         487.146
       30798.864       47990.474         663.809
       31525.010       48275.686         626.205
       32007.762       47975.034         764.158
       32302.318       47992.351         690.927
       32369.205       47956.185         713.747
       35105.575       48542.848         500.850
       36569.111       47850.732         652.388
       36324.511       48033.294         763.761
       36806.643       47819.377         742.087
       38380.002       48244.461         725.741
       40393.336       48800.511         443.566
       39612.991       48650.067         506.603
       43986.225       48021.564         672.461
       42274.517       48289.338         407.625
       44945.523       48227.601         597.055
       45056.650       47972.788         625.967
       44166.402       48230.996         617.630
       48672.100       47988.475         678.804
       48982.219       47989.768         723.348
       48831.758       48031.802         667.985
       48668.032       48047.266         683.738
       49211.904       47254.158         948.586
       51542.534       47900.132         592.617
       49754.309       46640.098         707.301
       51691.778       48266.944         573.528
       53007.400       47946.135         454.185
       54490.815       48133.661         498.404
       54221.713       48566.866         486.571
       55193.005       48383.254         619.074
       55540.447       47992.093         727.128
       58251.330       47909.976         792.837
       58885.725       48046.309         690.391
       58679.366       48171.452         698.344
       58917.834       47947.911         694.672
       58496.706       48064.827         707.370
       62159.270       48515.568         578.821
       62612.964       47791.662         702.020
       62878.601       47813.571         784.983
       64352.019       48003.993         699.070
       63934.794       48314.683         569.868
       63359.836       48371.195         638.109
       65398.607       48099.261         587.428
       65465.194       47848.572         590.959
       68574.489       47936.307         736.715
       68955.231       48122.401         646.678
       68712.198       48071.847         690.553
       70977.832       48435.684         545.755
       69194.162       48509.644         540.454
       71340.596       48007.465         582.738
       72566.470       48020.156         708.538
       73036.726       48198.354         752.579
       72747.223       48030.808         643.473
       73732.133       47962.313         953.115
       74637.353       48098.053         695.310
       74774.209       47923.633         627.272
       77208.669       48502.497         645.914
       77752.560       47874.357         726.479
       78159.749       47879.892         622.222
       78047.315       48023.842         666.187
        2403.352       49173.119         399.654
        2989.633       48893.007         584.298
        1937.839       49217.673         449.562
        4479.824       49216.586         377.992
        3751.593       49227.445         402.582
        6546.196       49183.258         378.879
        7020.790       48790.775         473.193
        5833.933       49201.768         419.764
        8542.507       49348.565         338.277
        7653.194       49348.438         336.841
       10185.447       49167.681         461.245
       10034.313       49161.031         456.466
       12278.989       48959.820         393.546
       11926.191       49177.931         426.643
       13499.780       49320.817         370.797
       12661.189       49310.787         334.399
       14328.736       48903.184         556.948
       15269.235       49188.298         452.744
       14823.460       49146.032         406.462
       17437.457       48951.357         598.131
       17078.016       48939.804         486.948
       18338.723       48987.504         462.278
       17953.758       49163.451         419.322
       19594.905       49285.434         374.430
       18813.384       49280.320         359.647
       20598.808       48887.344         605.427
       21509.976       49123.639         433.056
       21520.576       48884.940         401.790
       21107.926       49137.025         446.443
       22707.625       49280.971         358.896
       23311.748       48947.606         485.226
       24847.300       49525.869         256.066
       25711.967       49082.647         495.334
       23943.295       49539.334         311.134
       26769.600       49333.886         341.687
       26107.698       49360.280         389.187
       27328.264       49053.816         500.550
       28888.308       49473.926         273.894
       29591.025       49133.619         462.401
       28005.894       49489.108         326.599
       30766.792       49467.642         320.181
       31496.762       49173.240         535.618
       30037.837       49473.247         332.269
       32703.701       49425.869         355.312
       32088.562       49423.243         350.982
       33141.522       49187.572         488.823
       34852.331       49566.955         283.306
       35230.188       48879.546         404.471
       33943.572       49562.109         262.703
       35556.340       49050.766         469.841
       37906.377       49354.883         336.438
       38716.461       48947.937         559.595
       37187.900       49371.709         371.990
       39526.662       49133.097         470.107
       39153.693       49084.686         424.507
       42037.495       49407.130         300.196
       42274.377       48885.172         306.794
       41130.620       49414.464         333.479
       43058.270       49296.571         333.188
       43878.782       48994.109         531.065
       45030.653       49379.390         320.494
       45470.783       49072.465         443.215
       44369.127       49416.619         386.961
       47013.859       49463.047         308.182
       46090.333       49459.138         291.299
       47933.343       49108.564         531.209
       49003.845       49394.103         336.659
       49504.351       49019.885         498.412
       48410.425       49423.896         383.150
       50956.638       49293.144         379.454
       50151.869       49282.940         347.037
       51576.154       48853.223         517.486
       53188.687       49368.565         309.547
       53956.485       49050.078         491.453
       52306.884       49378.484         352.392
       55079.811       49435.301         325.971
       55622.057       49092.809         492.061
       54404.828       49451.021         355.606
       57049.126       49399.205         350.459
       57893.241       49154.110         567.672
       56257.801       49388.991         323.625
       58761.232       49377.696         433.655
       58424.661       49320.200         376.685
       61346.752       49511.065         248.802
       62277.518       48901.375         504.489
       60430.112       49527.401         324.132
       62927.976       49065.546         463.629
       62527.662       49048.834         447.272
       65161.391       49499.722         323.786
       65665.003       49060.464         479.877
       64425.226       49495.326         314.252
       67192.977       49362.422         355.596
       66332.692       49353.094         321.593
       68411.769       48763.474         622.097
       68944.145       48801.860         444.589
       68795.574       48903.489         505.529
       70292.956       49524.481         295.681
       70993.071       49051.638         483.584
       69379.915       49518.163         272.570
       72154.198       49341.481         386.516
       71481.913       49322.273         351.618
       74238.341       49171.254         412.030
       74587.363       49005.907         515.136
       73843.148       49210.075         450.849
       76253.714       49434.645         353.618
       77279.812       48820.954         603.416
       75417.253       49414.371         294.669
       78051.705       48966.173         495.832
       77715.431       48938.663         472.594
       78293.331       48793.846         552.062
       76153.033       21875.971         836.375
       76061.764       22981.135         723.660
         337.553         340.136           0.000
        1754.040         338.706         944.611
        2429.145         338.706         896.548
        3773.677         311.985         467.212
        4448.782         311.985         372.913
        5809.166         351.234         434.339
        6484.271         351.234         332.100
        7501.043         294.417         514.365
        8798.492         378.089         441.387
        9473.598         378.089         411.205
       10833.930         272.366         486.432
       11509.035         272.366         433.803
        6896.707         645.651         378.554
       14503.269         353.079         366.225
       15875.338         372.718         524.040
       10525.861         920.857         743.442
       18986.609         308.486         390.319
        8198.269         672.506         510.297
       19661.715         308.486         263.050
       20981.865         383.364         909.106
       21656.971         383.364         875.826
       23003.338         362.657         500.645
       11860.419         651.876         417.254
       18574.345         718.690         462.350
       25606.574         417.735         432.010
       27045.870         407.782         906.198
       27720.975         407.782         884.112
        3164.848         650.691         704.877
       29772.269         402.788         402.322
       31034.368         322.203         503.227
       31709.474         322.203         534.324
       33131.100         410.918         699.183
       34145.652         308.271         350.597
       34820.758         308.271         267.172
       36074.316         293.221         378.776
       36749.421         293.221         448.205
       30426.890         724.990         477.419
       40793.901         299.011         346.690
       13166.889         732.589         428.871
       35411.676        1292.862         516.240
       44810.544         401.747         544.803
       46231.751         315.342         316.132
       39396.971         685.422         609.015
       32801.047        1161.566         878.740
       48883.300         369.977         505.317
       50325.675         282.431         539.240
       51000.781         282.431         490.510
       51983.705         421.627         413.884
       37377.808         679.632         692.857
       53403.660         258.623         466.750
        5194.657         663.219         441.157
       54078.764         258.623         349.979
       42162.660        1024.194         602.411
       45472.674         717.088         464.523
       52729.136         680.249         475.939
       49908.635         923.636         723.285
       22381.828         746.022         719.101
       62504.345         329.239         458.471
       57111.980        1014.250         689.274
       65187.019         353.935         340.988
       47520.115         685.319         411.597
       66564.014         377.941         878.122
       67239.121         377.941         837.307
       51338.916         704.057         436.678
       68559.691         350.075         405.520
       15475.572        1006.438         664.726
       58846.498         585.652         396.963
       69234.797         350.075         350.907
       70538.322         374.081         681.745
       20774.474        1349.064         866.537
       61747.273         725.667         500.133
       76263.902         315.817         416.887
       77564.530         299.803         461.923
       78239.634         299.803         575.049
       79662.447         340.136           0.000
       63893.896         683.175         419.630
       60389.273         697.052         288.914
       24306.114         780.392         420.907
       24297.307        1510.422         513.378
        1718.157         939.621         905.396
       29097.164         402.788         483.721
       20390.415         691.850         626.022
        5464.460        1388.060         545.668
         639.223        1621.323         583.265
       12503.283         379.510         455.536
       13828.163         353.079         348.607
        8270.672        1315.762         584.298
        3582.844        1311.360         923.687
       16550.444         372.718         510.320
       17815.584         410.203         710.229
       11439.172        1248.155         521.430
       35452.036         601.491         363.685
       42231.260         384.343         491.131
       17088.480        1464.643         715.643
       17150.838         782.922         626.141
        7592.995        1847.631         706.039
        2811.259        1600.290         857.070
       23678.443         362.657         432.607
       24931.468         417.735         376.421
       60328.322        1297.305         325.434
       73503.911         359.913         465.047
       61015.079         396.428         391.483
       54735.266         669.242         427.335
       22355.619        1458.032         800.724
       26323.330         825.517         704.463
       28463.708         810.570         706.179
       30380.818        1375.775         562.961
       33859.030         719.188         489.216
       40118.795         299.011         267.000
       32054.526        1072.852         771.602
       28435.632        1524.375         833.253
       38096.742         386.412         845.104
       38771.847         386.412         873.593
       42906.364         384.343         443.087
       44135.438         401.747         445.150
       37322.259        1367.745         829.594
       46906.857         315.342         336.118
       48208.195         369.977         422.507
       41400.407         938.862         543.047
       36315.960        1672.704         719.724
       31333.349        1723.636         728.206
       43497.499         786.089         459.848
       55340.046         410.620         431.796
       56015.152         410.620         454.098
       47216.059        1432.087         514.108
       59458.584         300.624         353.511
       60133.688         300.624         273.274
       51407.557        2125.424         492.020
       39824.175        1548.118         648.442
       16088.320        1688.160         756.656
       11678.991        1951.892         759.682
       57446.987         285.027         448.930
       58122.093         285.027         346.780
       55079.128        1308.397         544.529
       63179.451         329.239         372.480
       64511.914         353.935         399.475
       71510.858         409.591         384.904
       72185.963         409.591         446.581
       58777.950        1317.695         553.264
       74179.017         359.913         575.935
       75588.796         315.817         381.424
       59666.635        1632.920         540.162
       65928.249         731.876         661.105
       68266.782        1379.040         722.803
       69965.429        1458.702         671.784
       67950.711         728.016         642.587
       69899.700         724.156         538.600
       71433.859        1548.852         489.921
       56024.006        1778.997         562.357
       39229.996        2252.430         894.682
       27615.717        2127.686         947.162
       71163.104         783.672         404.735
       72778.483         769.504         477.398
       74831.104         675.730         516.952
       75375.211        1666.438         782.436
       76570.925        1214.139         608.529
       76866.406         615.620         481.526
       79293.135        1047.322         534.179
       74575.446        1427.832         671.526
        3458.242        2299.764         883.059
       20021.313        1665.722         737.352
        9237.932        1669.836         772.205
       10779.720        1517.137         758.136
         976.775         941.051         731.111
        6916.256        1555.609         619.942
        9840.635        1026.580         715.881
       32026.199        2836.106         915.383
        4799.029        1697.496         595.101
        4776.586        2423.691         707.094
       13453.763        1670.448         550.225
       18887.438        1418.712         551.311
       26020.072        1566.788         715.758
        9486.565        2274.459         872.769
       14390.377        1924.658         596.532
       14778.608         986.799         606.477
       21677.268        1752.588         841.845
        8821.281        2724.042         992.973
       10343.128        2227.483         923.907
       18066.319        1791.947         681.174
       10923.256        2555.094         959.690
       34122.722        1460.296         508.266
       29702.870        2085.101         680.645
       21902.170        2419.551         916.841
       12724.664        2293.472         664.959
       16472.678        2775.122         919.919
       23305.875        1804.698         715.391
       24956.956        1889.036         502.147
       10624.856        3257.815        1061.189
       34624.544        2843.961         553.579
       31332.162        2482.031         924.595
       34706.537        1740.749         484.618
       38116.513        1716.382         886.919
       29045.760        2148.121         829.889
       15343.896        4076.413        1001.943
       63602.397        1741.364         584.575
       33402.291        1902.674         663.324
       39134.740        1327.280         734.332
       43794.630        1525.094         560.582
       41030.465        1546.112         560.468
       51056.043        1645.665         502.702
       45094.699        1456.093         579.929
       41461.724        2347.189         653.763
       49141.366        1011.183         663.941
       47970.930        1734.930         591.436
       54419.238        1835.429         695.177
       43134.895        1763.199         665.803
       32750.227        2797.630         803.841
       25908.642        2824.657         686.922
       28562.052        3359.376         916.742
       45887.272        1801.115         639.653
       52435.861        1442.439         581.116
       48870.604        1629.367         584.379
       56355.250        1139.842         702.041
       48975.155        2318.686         912.962
       50300.868        1865.244         681.295
       24043.542        3115.476         784.082
       61348.769        1325.920         576.700
       62159.694        1670.204         625.134
       56098.350        2400.400         626.864
       57718.537        1746.293         769.801
       48359.456        2781.897         868.972
       64262.989        1354.587         521.957
       66230.689        1366.199         762.300
       61384.932        2632.903         725.803
       51705.619        3010.771         663.405
       72774.196        1640.090         609.884
       65520.998        1659.671         700.209
       67520.080        1663.288         769.329
       65401.554        2645.451         767.086
       69629.883        2478.187         737.105
       64539.014        2670.328         635.252
       58964.605        3071.548         983.380
       69279.045        1735.644         625.513
       70874.806        1873.806         655.493
       30288.677        2762.911         797.213
       73581.520        1982.601         791.042
       78545.428        1006.989         601.458
       76848.357        1626.657         699.836
       75920.817        2407.788        1061.679
       77787.183        1735.324         691.459
       79630.688        1727.594         407.128
       18906.221        3082.808         706.587
        9142.198        4175.424        1365.993
        7560.265        3406.833         949.158
        1246.646        2318.147         693.699
         607.424        2737.641         602.474
        2635.011        2676.055         934.064
        5289.067        2856.817         831.019
        5044.355        3492.137         939.541
        3027.666        3375.030         948.611
        6283.122        2728.595         718.757
       16277.995        3370.600         978.524
       17790.445        2379.464         782.103
       20236.267        2357.811         850.953
       19574.069        2787.482         689.419
       21214.330        2708.116        1019.907
       26665.430        2155.152         831.608
       33378.611        2533.879         658.384
       20799.640        3458.995        1082.973
       12770.274        3260.631         778.582
       73365.279        3292.967         996.796
       23257.900        2747.670         889.989
       24751.165        2551.117         570.209
       37626.677        3377.899        1212.147
       33071.512        3468.584         744.942
       24136.110        3675.141         649.231
       25057.493        2898.375         535.880
       35000.994        2453.198         605.403
       28225.845        2751.432         873.564
       39870.934        2676.064         768.138
       33966.960        2865.364         410.437
       23702.553        4360.612         914.984
       14455.869        3340.433         707.414
       26216.442        3517.245         741.481
       19629.196        4359.754        1040.438
       36424.177        2368.627         923.931
       38194.177        2333.293         928.088
       37508.139        2680.579        1030.296
       35924.649        3294.662        1029.077
       33694.500        3545.859         554.350
        1276.941        3741.157         625.694
       43435.720        2379.797         715.207
       35814.350        2701.233         867.652
       46864.191        3129.687         725.470
       42507.210        2740.879         864.154
       49902.570        2870.061         819.725
       48951.051        3979.940        1096.406
       35082.614        4073.377        1027.080
       40896.372        2772.828         674.949
       36653.013        3659.375        1237.441
       11426.200        3621.772        1012.105
       75073.194        2431.555         926.837
       77601.974        2445.819         842.896
       47675.143        2469.369         713.644
       45831.191        2764.276         712.221
       43171.248        3757.313        1093.613
       14572.075        4106.108         827.665
       52354.373        3051.932         667.585
       55079.759        2608.828         878.134
       52801.160        2003.581         703.658
       53428.600        2179.043         825.066
       70597.226        2592.343         759.514
       54754.950        3288.054         993.231
       57581.486        2413.824         891.254
       56693.116        2713.804         792.225
       49215.489        2987.749         949.705
       59589.991        2354.985         782.167
       63949.552        2474.698         663.050
       58242.812        3001.418        1037.197
       47155.896        3778.966         800.845
       38287.180        3756.671        1053.611
       59989.101        3740.177         818.353
       66073.336        2343.432         825.623
       67856.101        2291.353         782.831
       65331.093        3288.030         828.337
       79630.688        2407.866         385.120
       67119.049        2678.025         860.520
       68953.642        2749.648         787.609
       68912.391        3540.465         949.809
       67157.380        3419.276         911.707
       39891.847        3840.245         834.625
       71159.428        2923.850         734.051
       72118.029        2701.818         629.148
       74705.945        3528.291        1212.350
       72605.773        3308.407         769.658
       74393.241        2883.648        1075.930
       76296.039        2819.566        1059.348
       78284.045        2792.579         695.554
       77927.857        3423.524         858.194
       39098.996        4413.377         946.068
       79216.961        2802.690         458.023
       21466.488        3854.514        1233.948
        3815.407        3996.449        1034.599
        4496.383        4056.722        1090.677
        2308.819        3680.502         771.339
         607.424        3417.913         587.897
       16650.788        4712.614        1222.486
       11174.942        4356.703        1271.058
        6763.675        3402.554         897.892
        9379.443        3379.787        1068.482
        2330.397        4403.674         682.600
        6699.368        4112.355        1049.586
        5974.103        4073.716        1143.245
       18158.670        2993.645         799.218
       13494.668        3591.422         827.090
       17250.983        3570.821         916.937
       45155.779        3294.559         801.331
       19905.450        3495.552         830.161
       24769.406        3446.799         490.445
       18938.560        3662.289         740.366
       42564.803        3525.983        1015.103
       19614.720        3774.480         999.889
       10136.353        4788.383        1426.985
       25364.726        3800.842         683.791
       28300.052        3966.662        1011.894
        8344.890        5440.954        1381.358
       36569.112        4367.267        1299.076
       25352.971        4421.135         722.242
       29967.773        3433.876         982.251
       31702.251        3519.599        1008.860
       13917.273        4658.078         973.434
        7827.717        4796.910        1219.186
       35105.897        3387.652         807.272
       30687.310        3836.488        1060.095
       30366.401        4503.368        1140.326
       32390.258        3860.604         881.423
       39278.005        3436.729         873.692
       40898.442        3572.418         768.500
       57622.560        3559.511        1100.850
       56344.745        4683.169        1388.860
       50318.276        3622.315         799.754
       53358.206        4277.751         941.787
       27041.989        4771.007        1106.686
       25925.318        4829.772         782.227
       22031.364        5469.995        1362.876
       41521.387        3931.881         887.835
       44212.616        3016.997         857.154
       43890.551        3609.410        1048.145
       47942.762        3559.759         964.425
       44214.149        4229.686        1179.327
       53647.641        3563.005         931.776
       46827.838        4425.732         970.226
       45518.339        4238.260         955.325
       52981.812        3227.394         785.143
       51322.453        3642.040         702.071
       49857.153        4419.046         928.750
       44795.715        5308.528        1399.342
       56676.876        3274.717        1000.447
       60291.076        2914.880         742.666
       64468.554        3312.907         720.538
       55757.300        3640.539        1060.923
       64112.824        4010.814         874.744
       66041.207        3727.262         947.200
       52386.391        4702.006         864.102
       49177.009        4658.983        1112.437
       28774.982        5326.292        1347.469
       37062.653        5411.185        1333.958
       59345.331        3765.056         980.168
       63194.054        3200.026         875.381
       62072.138        3429.391         835.114
       61724.881        4424.985        1067.158
       70868.719        3523.882         801.312
       76365.294        3529.115        1175.067
       65735.917        4453.310        1095.959
       62730.141        4767.297        1116.186
       57601.273        5344.408        1454.317
       15751.373        4735.925        1189.672
       11840.612        5073.133        1444.565
       67853.181        3823.422        1133.867
       70269.775        4092.477         979.276
       72551.754        4115.658         945.788
       66747.954        4776.519        1316.518
       79586.273        3456.048         471.185
       74101.717        3819.126        1190.624
       72172.057        4489.952         856.220
       69129.160        5082.678        1229.433
       75667.492        3915.563        1213.449
       77315.041        3786.313        1009.816
       79191.365        4108.158         478.404
       78465.865        4085.745         677.266
       59431.351        5338.727        1144.645
       14009.513        5365.711        1074.160
        3056.045        4718.401         888.653
        1298.519        4464.329         565.762
         629.002        4821.357         532.878
        8249.331        4275.224        1140.345
        4863.366        4638.692        1147.320
       13236.081        4301.213         915.051
        5786.314        4600.072        1192.956
       18095.794        4936.549        1293.676
        6073.504        5250.875        1346.868
        4445.792        5254.323        1184.404
       17216.300        4253.324        1192.612
       12523.203        5009.750        1106.206
       18892.504        4928.485        1124.696
       23012.500        4804.363         975.977
       20321.394        4732.041        1184.063
       29734.587        4712.372        1301.827
       15659.513        5455.035        1338.040
       18953.036        4247.563         902.739
       21212.962        4455.977        1345.658
       27321.358        4078.773         931.075
       24324.094        4752.562         908.216
       29116.734        4603.709        1132.163
       21987.513        4781.331        1352.529
       20667.258        5424.264        1411.946
       22639.423        4435.171        1168.176
       17832.449        5685.356        1326.678
        5050.671        5606.907        1331.493
       32721.506        4536.715         896.210
       34328.801        4210.181         687.050
       30127.749        5363.927        1372.348
       25863.357        5461.216         892.613
       32035.862        4896.362        1046.571
       34037.060        4809.017         843.662
       37435.240        4721.090        1322.279
       34402.801        5505.600         964.042
       27678.930        5381.479        1208.623
       31051.622        4962.870        1251.160
       30719.152        5502.032        1384.583
        1298.708        5819.273         554.395
       38179.644        4391.970        1137.265
       41218.887        4614.275        1022.527
       39803.092        4827.943        1066.236
       35817.466        4688.278        1125.150
       46149.668        4712.390         921.708
       39140.067        5383.496        1154.664
       42793.825        4456.944        1192.775
       41884.879        4908.007        1082.576
       29424.048        5660.781        1497.911
       43466.421        4653.205        1327.904
       44898.774        4580.973        1106.743
       48294.023        4088.739        1130.314
       47565.628        4780.625        1048.826
       60325.627        4391.850         828.172
       46191.598        5526.164        1032.133
       43759.041        5326.393        1402.234
       51665.221        4443.069         805.732
       55728.805        4359.778        1148.033
       48518.340        5691.695        1301.833
       50169.376        5214.496        1190.967
       26894.180        5807.968        1140.556
       50973.266        5218.792        1016.135
       58024.443        4243.590        1125.525
       55082.720        5039.859        1295.633
       54087.547        4940.995        1125.488
       32986.357        6031.790        1230.709
       59025.421        4379.005        1164.910
       57320.456        4568.545        1229.535
       63427.787        4093.563        1058.210
       59683.389        4736.551         920.155
       69551.890        4169.107        1082.745
       61070.256        4702.606         893.970
       56943.236        5810.689        1592.812
       67749.046        4454.617        1178.799
       64362.523        4731.343        1134.222
       64015.445        5504.376        1209.589
       56063.432        6188.532        1642.984
       23665.056        6251.050        1127.991
       71503.260        5068.420         962.235
       65036.429        4860.838        1172.423
       71535.304        4177.327         918.921
       74432.690        4419.801        1191.765
       77174.480        4424.987         922.095
       68385.525        5085.231        1477.351
       65090.669        6178.658        1591.572
       67083.326        5470.666        1493.928
       76269.262        4483.601        1263.795
       74075.395        4998.476        1244.349
       73311.336        5025.027        1055.339
       75638.689        4697.004        1264.236
       70431.222        5680.646        1269.110
       72183.654        5773.628        1171.688
       77806.116        4659.622         891.322
       79605.092        4733.743         366.351
       69462.375        5729.690        1387.675
        6336.429        6502.899        1330.309
        4639.734        6322.143        1228.458
        2593.987        5754.248         802.627
        3319.447        5394.305        1087.254
         629.002        5501.629         507.078
       11175.617        5767.009        1517.473
       13214.904        5677.607        1255.215
       10250.445        5529.928        1570.370
       16950.351        5480.124        1352.910
       13477.871        6428.479        1441.001
        6637.886        5681.149        1444.023
        2714.602        6376.393         875.388
        7593.135        5713.029        1573.875
        9471.856        5861.739        1601.550
        9358.201        6511.468        1739.354
       19914.529        5732.898        1252.622
       14982.536        5714.370        1347.713
       16649.165        5796.210        1428.653
       16588.961        6392.195        1539.896
       32269.440        5492.008        1194.309
       21602.678        5836.863        1478.747
        3389.306        6693.455        1003.346
        5361.109        6787.860        1262.645
       45457.209        5779.587        1253.130
       22669.821        5583.492        1298.402
       24221.068        5552.687         967.009
       20135.632        6490.305        1510.075
       11113.836        6397.283        1605.538
        7927.635        6523.010        1619.645
       33763.754        6120.188        1203.649
       37739.031        5676.542        1326.147
       25187.983        5852.704        1226.335
       23005.868        6245.988        1396.284
       47563.988        5704.538        1449.368
       35476.858        5900.158        1157.452
       43392.033        6323.808        1475.693
       31376.178        6422.974        1635.240
       36113.033        5479.006        1365.677
       31316.413        5784.342        1323.572
       62152.241        6142.760        1531.392
       29102.642        6361.912        1614.428
       26914.349        6535.350        1426.126
       14582.258        6784.569        1618.805
       39821.534        6296.472        1383.845
       41259.143        5765.829        1230.584
       41881.236        5469.391        1247.310
       39905.343        5741.883        1253.102
       52401.756        5499.402         995.783
       53369.846        5726.984        1356.685
       43082.801        5691.516        1361.397
       39106.289        6736.904        1572.196
       59697.052        6555.687        1396.663
       34794.782        7241.741        1609.876
       32695.058        6994.147        1354.358
       49800.299        6279.758        1265.691
       51358.527        5934.743        1236.219
       51366.189        6627.893        1380.473
       19153.329        6719.429        1731.230
       52065.846        5956.415        1194.342
       56365.806        5495.952        1476.085
       61034.116        5478.256        1013.246
       55396.285        6055.830        1462.087
       42431.259        6667.576        1527.471
       62801.737        5380.003        1209.898
       58376.633        5730.363        1397.016
       65350.440        5513.641        1257.690
       60037.449        5769.677        1278.867
       58107.345        6476.650        1613.485
       68111.742        5713.112        1514.699
       63384.249        5730.722        1328.154
       63139.881        6459.784        1495.596
       54731.616        6608.597        1606.759
       70815.892        4957.004        1104.282
       66385.299        5800.261        1492.638
       66790.490        6429.654        1666.271
       72542.119        5494.320         988.431
       75071.725        5663.921        1317.362
       69025.435        6488.404        1550.922
       68418.437        6469.272        1645.818
       64046.865        7198.882        1638.508
        6988.998        6921.675        1419.745
       75986.262        5337.473        1109.175
       73213.278        5723.677        1246.323
       72423.940        6353.813        1267.991
       77795.768        5380.127         684.329
       79605.092        5414.015         383.299
       75124.246        6423.242        1302.155
       76907.532        5744.823         881.775
       76960.480        6506.478         886.216
       57123.845        7166.559        1775.063
       78869.245        5771.972         476.984
        8565.736        6900.664        1719.428
       22695.427        7210.147        1444.584
       54443.706        7374.261        1726.347
       13137.733        7348.280        1677.884
         669.705        6440.093         605.645
        1419.322        6781.554         659.754
       15292.313        6382.356        1416.060
       10075.009        6809.931        1765.738
        4967.287        7504.569        1078.440
        3044.844        7491.769         972.006
       11359.663        7432.112        1718.064
       15918.366        7418.520        1671.221
        8578.663        7643.451        1714.627
       11690.172        6665.010        1708.844
       12697.512        6722.224        1573.526
       18225.752        6334.573        1487.034
       21623.218        6592.824        1527.532
       24024.240        6932.361        1287.864
       24924.983        7845.641        1605.378
       15909.086        6719.006        1562.815
       12578.371        7969.312        1799.027
       24912.172        6601.721        1264.089
       17283.449        6725.325        1657.162
       20908.902        6937.631        1669.861
       18909.624        7411.671        1737.320
        3901.449        7837.166        1008.012
        9992.924        7550.478        1827.620
       28073.867        6970.817        1635.764
       36796.185        7094.185        1761.448
       25607.714        6937.615        1422.828
       24021.892        7596.251        1433.740
       21998.526        7221.954        1606.993
        6466.691        8133.156        1347.010
       38111.055        6753.621        1589.062
       44421.754        6755.589        1587.595
       35450.054        6593.084        1339.719
       30732.011        7067.823        1666.160
       16934.467        7699.666        1717.745
       37490.462        6391.708        1457.403
       41499.933        6331.720        1326.512
       34182.538        7163.402        1343.824
       40834.446        6682.452        1511.933
       48829.408        6517.020        1407.912
       38120.004        7434.368        1720.205
       26949.179        8237.226        1714.942
       15611.668        8429.112        1784.599
       63388.362        7133.432        1654.963
       45475.039        6515.001        1449.097
       46868.128        6163.417        1302.155
       46543.574        6830.354        1413.554
       40806.646        7363.570        1568.310
       52739.923        6844.183        1651.662
       44104.537        7422.639        1700.930
       42504.600        7338.078        1664.474
       52073.509        6649.565        1365.813
       53700.350        6378.615        1411.732
       48176.267        7441.413        1572.875
       33500.821        7688.543        1544.047
        7994.565        7918.872        1700.227
       19199.770        8459.100        1795.954
       51305.278        7210.418        1468.877
       57379.467        6551.842        1725.113
       61375.683        6200.901        1209.706
       64429.581        6298.887        1582.191
       60625.213        6924.966        1441.717
       56385.239        7117.986        1759.519
       58755.047        7513.456        1693.715
       46176.078        7788.449        1713.884
       58821.666        6871.023        1607.239
       70707.668        6425.180        1603.621
       62488.863        6769.765        1555.033
       73215.567        6372.088        1404.409
       78987.021        6545.480         445.263
       62098.866        7555.097        1694.184
       66196.787        7003.847        1680.646
       67795.211        6856.220        1762.976
       62732.002        7841.188        1820.193
       65203.902        8117.991        1779.190
       69831.528        7112.587        1637.171
       71731.380        6662.574        1612.352
       74404.176        7127.217        1419.508
       73589.886        7042.858        1496.058
       55150.537        7771.896        1722.879
       56972.599        8451.969        1722.755
       70187.690        7805.098        1724.308
       76091.731        6858.449        1110.619
       78257.699        7145.679         617.959
       50640.649        7494.742        1764.853
       79722.868        6867.796         327.750
       21671.545        8142.086        1716.921
       39127.742        8743.108        1857.987
        7043.000        7574.751        1668.678
         749.617        7484.318         579.090
        2366.005        8245.292         794.451
       14581.308        7430.284        1617.380
       13945.264        8439.392        1855.382
       25622.873        7517.645        1559.604
        7974.176        8581.971        1689.861
        5699.182        8157.330        1265.339
        9289.044        7994.802        1869.054
       10701.241        7904.932        1743.468
       10383.694        8680.974        1712.906
       17619.675        7333.282        1735.077
       13917.142        7700.251        1620.868
       20567.757        7539.909        1749.296
       15300.644        7727.585        1713.109
       19550.782        7784.824        1779.998
       37772.614        7996.616        1735.296
       27729.812        8395.874        1782.647
       31712.619        8160.240        1686.486
       33534.474        8407.280        1665.819
       11431.623        9164.713        1771.520
       23084.154        8144.893        1726.881
        2940.040        8919.013         753.991
       23722.210        8169.158        1705.028
       29759.437        6992.217        1674.793
       29121.412        7822.896        1733.785
       26635.646        7653.257        1681.287
        6690.512        9420.904        1283.506
        5664.511        9055.737        1046.901
       32037.906        7092.997        1643.387
       36068.330        7139.768        1539.097
       35413.058        7788.425        1643.859
       30972.772        8191.550        1719.545
       39106.049        7758.707        1803.497
       37069.388        8018.346        1735.609
       39785.413        7452.638        1711.627
       46861.328        7400.811        1611.525
       49947.223        7261.528        1454.996
       39802.309        8305.335        1804.181
       41545.475        7683.341        1691.337
       43155.535        8344.223        1722.824
       49390.753        8275.944        1657.968
       43148.158        7661.360        1708.918
       44823.261        7797.372        1769.335
       41899.983        8354.437        1814.299
       22628.416        9373.155        1722.731
       53165.988        7475.695        1672.944
       60445.530        7587.952        1612.866
       48590.689        8218.568        1665.031
       24315.748        8776.632        1779.835
       56109.727        7716.729        1728.095
       52438.663        7863.602        1652.754
       53023.040        8492.210        1750.537
       27776.007        9437.569        1796.868
       57373.536        7736.396        1761.983
       58299.847        8327.257        1795.932
       65531.826        7039.471        1646.152
       68193.910        7837.175        1722.846
       66618.158        7836.314        1813.226
       58030.662        7725.839        1737.705
       59450.750        7861.105        1647.304
       59134.607        8385.075        1817.866
       51257.121        8914.968        1739.055
       56447.396        8480.876        1711.230
       18479.295        8839.286        1789.605
       61122.151        7922.360        1711.812
       67477.976        7585.759        1750.359
       69118.142        7126.767        1626.535
       77514.303        7110.279         726.454
       66673.432        8575.338        1869.087
       64380.028        8157.173        1780.277
       18369.689        9535.938        1722.838
       72090.153        7430.744        1628.243
       76010.263        7573.369        1031.987
       69602.099        8431.108        1764.615
       71422.603        7885.861        1708.698
       73157.031        7792.753        1546.293
       71110.194        8879.716        1786.145
       70225.683        8904.037        1743.784
       75027.576        7903.931        1243.175
       79722.868        7548.068         270.321
       76885.538        7803.776         959.156
       79100.804        8206.167         491.273
       78371.483        8126.094         635.650
       17202.025        9474.383        1837.386
        9685.767        8684.073        1722.823
        3880.692        8557.778         961.023
        1415.188        8192.274         635.136
         665.571        8871.222         538.845
       13264.518        8798.703        1867.560
        7082.260        8784.487        1519.171
       11807.641        8110.358        1738.070
       14920.454        8870.952        1853.131
        1648.028        9754.190         421.402
       17797.496        9750.654        1785.797
        9290.508        9228.725        1722.890
        8568.179        9204.216        1692.266
       17520.587        8431.269        1767.215
       20955.092        8115.233        1759.394
       12801.042        9550.703        1869.061
        1630.554       10335.337         462.032
       54374.248        8907.564        1795.997
       20613.940        9123.938        1795.902
       16815.510        8851.649        1795.755
       29441.090        8534.164        1718.647
       36412.069        8691.470        1722.752
       28127.551        8827.281        1787.480
       63697.785        8763.517        1869.069
       25238.320        8402.461        1738.232
       22348.964        8753.840        1718.847
       35483.594        8415.966        1680.977
       32540.877        9009.815        1777.239
       34564.504        8790.865        1678.629
       26249.743        8658.434        1792.954
       37782.432        9475.840        1772.272
       21973.689        9775.759        1795.774
       28888.174        8873.142        1689.962
       29113.285        9386.755        1815.975
       26282.050        9388.096        1769.264
       30319.877        8827.212        1718.462
        9624.067       10448.170        1766.999
       76884.455        8658.111         803.081
       41160.781        8681.665        1810.063
       50656.989        8545.701        1767.564
       38084.092        8758.728        1787.067
       36813.635        9386.852        1722.752
       41803.384        9381.336        1848.926
       42866.486        8692.037        1767.391
       28424.788        9745.480        1787.383
       27020.693        9798.949        1748.028
       44404.244        8521.283        1842.677
       46589.546        8428.764        1759.350
       45988.207        9151.390        1775.532
       47689.217        8818.281        1773.094
       43692.897        8829.413        1869.054
       44062.675        9550.254        1722.824
       42761.071        9412.994        1765.626
        4414.435       10955.462        1086.071
       55141.934        8544.834        1759.959
       52286.025        8845.703        1737.327
       47686.355        9500.837        1847.706
       49721.746        8950.879        1801.075
       49275.509        9582.439        1795.999
       60866.755        8647.070        1824.258
       57626.400        8755.595        1771.519
       62123.943        9228.421        1860.494
       54572.536        9648.769        1869.038
       52653.458        9582.908        1725.221
       56084.803        8907.450        1759.876
       62708.262        8512.981        1856.328
       60231.691        9258.502        1843.497
       59488.982        9121.128        1834.954
       55244.543        9970.676        1848.690
       47793.492       10465.744        1783.544
       39930.642       10896.803        1807.166
       68321.705        8449.005        1722.685
       67661.046        8936.613        1722.604
       64079.828        9434.730        1795.949
       65924.137        8821.391        1869.089
       62433.356        9781.864        1869.065
        5743.648       10724.657        1276.218
       71721.522        8487.550        1781.890
       72791.115        8819.312        1650.290
       69975.215        9498.419        1722.666
       73559.074        8579.631        1468.182
       75252.393        8490.603        1101.482
       73118.664        9444.600        1389.325
       68939.845        9777.174        1722.647
       74600.163        8851.596        1303.937
       77627.004        8945.028         709.577
       77672.746        9779.035         617.728
       72418.659        9805.087        1780.394
       79377.936        8821.364         576.423
       13443.217        9958.820        1869.047
       38632.971       10245.175        1771.477
        3392.689        9836.622         700.863
         281.079        9780.447         246.429
         946.650        9467.995         384.479
        2690.601        9492.326         565.548
        4911.859        9123.589         976.512
        4673.296        9829.119         871.325
       15172.821        9642.203        1771.506
        2717.134       10450.679         817.289
        8324.636        9818.721        1674.092
        7636.545       10154.605        1607.956
       11738.876        9775.667        1829.699
       32887.715        9774.021        1839.064
       10666.098        9262.509        1754.955
        9967.684        9805.721        1755.146
       16250.550        9823.097        1767.693
       19586.344       10280.840        1722.839
       43419.899        9786.021        1771.607
        6345.540       10678.037        1390.966
         929.175       10729.414         423.329
       14523.007        9996.827        1722.795
        3384.780       10917.269         905.489
       19875.594        9222.888        1771.583
       24699.496        9429.611        1847.367
       23995.986        9774.954        1862.093
       17473.337       10486.383        1868.938
       18800.915       10213.702        1722.839
       21045.610        9843.454        1766.304
       20766.362       10579.577        1828.901
       29985.083        9470.170        1722.678
       25654.376        9785.102        1777.505
       24292.456       10473.444        1771.425
       31739.009        9067.077        1695.123
       30113.630       10406.707        1771.631
       26663.434       10447.067        1773.086
       14496.059       11252.374        1855.598
       10363.673       10852.387        1854.942
       34568.078        9506.220        1722.645
       30664.368        9741.344        1758.936
       35135.803        9871.111        1687.839
       35849.409       10840.522        1845.061
       32788.794       10426.116        1795.931
       26892.057       11405.425        1849.305
       22352.073       10595.151        1771.506
        6784.612       11480.593        1517.883
       33884.887        9886.841        1748.592
       39557.730        9519.331        1869.009
       36585.361       10043.698        1761.701
       45155.722        9234.986        1758.094
       40221.644        9808.811        1869.180
       35832.430       10088.105        1795.899
       53588.761        9970.619        1771.560
       50983.456        9593.145        1736.674
       41104.434        9767.245        1796.076
       46637.660        9789.081        1763.843
       48252.481        9794.071        1869.116
       37312.780       10726.699        1839.536
       44824.997        9919.885        1722.802
       56339.714        9567.961        1783.372
       56380.778       10406.715        1835.811
       51923.917        9970.808        1725.221
       50346.355       10242.334        1827.909
       51230.717       10537.500        1722.760
       44906.676       10825.458        1840.130
       36936.271       11454.702        1853.660
       32142.891       10730.690        1722.814
       21447.608       10987.403        1764.542
       21660.376       11629.063        1785.388
       51282.819        9911.781        1727.602
       67225.504        9988.363        1744.507
       58678.417        9768.071        1869.075
       53645.639       10714.325        1759.303
       16518.990       10568.558        1771.509
       57650.596        9460.356        1795.902
       55980.712        9855.763        1823.308
       61487.159        9315.033        1841.529
       56972.061        9838.188        1770.067
       63399.716        9737.636        1722.827
       54279.682       10991.069        1832.228
       56082.543       11119.497        1869.031
       60852.095        9926.466        1858.483
       55332.744       11167.140        1795.925
       65482.306        9531.786        1795.962
       67960.309        9533.587        1722.640
       63762.162       10457.451        1722.829
       66207.942        9946.438        1746.506
       65861.914       10553.503        1722.832
       61177.828       10580.660        1852.109
       71479.781        9571.963        1788.005
       75196.423        9514.368        1243.890
       68545.151       10434.433        1722.714
       70648.329       10625.099        1762.176
       43893.542       10864.635        1847.474
       70914.052        9966.841        1747.052
       79088.591        9558.487         433.968
       74482.883        9867.692        1242.726
       74482.239       10546.392        1312.537
       71288.592       10921.830        1714.687
       16194.472       11612.722        1795.873
       77319.197       10634.161         540.979
       78405.011        9972.284         562.968
       79710.655        9920.796         312.489
       11794.189       11125.605        1869.200
        5027.394       10481.370        1093.406
         281.079       10460.719         319.197
       11326.138       10486.076        1790.186
       14856.604       10568.922        1828.736
        3066.423       11567.816        1122.992
        6893.851       10094.387        1537.920
        8703.349       10485.678        1747.773
       13083.900       10584.992        1869.087
        5498.771       11476.876        1394.096
        8015.257       10821.562        1848.693
        8020.072       11567.417        1849.154
       12435.094       11159.478        1869.201
       30513.109       11527.436        1722.876
       15774.858       10959.759        1795.917
       28964.240       10809.211        1796.019
       32333.342       11441.240        1722.814
        8861.373       11965.224        1815.460
       25963.635       10439.486        1812.984
       18123.938       10928.369        1795.889
        9839.221       11549.197        1833.318
       23303.270       10891.036        1722.818
       20045.443       10918.012        1722.839
       27278.607       10801.294        1805.135
       25618.474       11394.197        1751.685
       20070.949       11541.108        1722.839
       11470.495       11748.627        1818.210
       28284.647       10461.088        1805.109
       25305.225       10782.484        1752.830
       33785.966       10538.937        1722.566
       35152.782       10623.528        1687.821
       30889.207       10801.218        1722.897
       34068.285       11617.829        1771.551
       48922.221       11100.229        1771.559
       35819.943       12010.652        1812.790
       41427.968       10508.371        1722.945
       45299.766       10464.453        1795.930
       39036.598       10920.768        1753.661
       34486.136       10910.733        1722.635
       21004.637       11844.332        1858.506
       37901.322       10186.064        1772.305
       40190.928       10510.690        1798.856
       40715.714       11540.662        1843.861
       42185.635       10828.767        1824.428
       38699.645       11515.276        1770.541
       15206.611       11909.159        1771.482
       43200.410       10496.069        1849.309
       40763.463       10816.522        1805.690
       46279.943       10417.245        1795.964
       46869.649       10800.674        1860.751
       54894.811       10569.271        1828.376
       42167.724       11605.749        1816.504
       52299.248       11634.320        1795.880
       46528.012       11528.570        1864.479
       49591.247       10223.889        1771.581
       51871.815       10596.527        1722.841
       39532.481       12577.409        1795.944
       50674.282       10823.771        1771.507
       52658.234       10952.332        1722.814
       58998.534       10827.246        1795.959
       67217.955       11193.791        1757.987
       43243.499       11948.649        1831.453
       32928.214       11875.770        1759.516
       17202.544       12061.366        1795.864
       57025.856       10397.932        1790.078
       58315.413       10443.201        1869.034
       62122.304       10522.670        1770.435
       57341.387       10695.230        1778.112
       67491.565       10518.652        1772.610
       58720.935       11464.844        1771.598
       57065.410       11319.860        1730.702
       78647.473       10629.627         476.904
       60842.035       11213.386        1771.519
       49284.454       11869.035        1868.911
       62817.321       10879.052        1771.602
       64895.930       10848.455        1722.835
       66605.866       11270.568        1721.688
       72493.193       10496.696        1603.365
       69314.798       10813.935        1795.834
       68899.694       11550.934        1771.438
       65217.529       11630.443        1795.975
       48959.749       12470.754        1784.727
       77249.543       10179.475         518.992
       73192.554       10814.909        1412.811
       72893.271       11613.549        1532.618
       54744.584       11886.761        1771.482
       75540.236       11218.314         895.800
       79710.655       10601.069         263.086
       76233.808       10630.649         752.309
       78317.187       11204.822         582.660
       79266.648       11439.120         427.006
       77744.832       11228.076         676.459
       79331.053       10896.101         331.135
       73851.072       11968.225        1346.049
       45617.605       11827.878        1869.034
       19303.597       11958.497        1771.586
        4783.883       11614.394        1244.526
        1302.855       11493.835         583.325
         654.759       11905.413         592.156
        2352.157       11836.091         794.211
        6521.052       12604.095        1533.022
        3755.039       12254.693        1052.387
        4442.845       12263.077        1132.231
        6242.077       11911.099        1538.526
        2348.638       12514.865         859.671
        7430.192       11950.091        1615.665
       13803.145       11306.450        1869.013
       10477.991       11805.908        1835.643
       18165.630       11737.454        1771.566
       10084.763       12503.329        1859.275
       13154.339       11880.936        1868.989
        9538.659       12961.955        1839.643
       11553.438       12360.736        1867.643
       27629.390       11896.024        1861.817
       22929.609       11954.498        1795.973
       17551.566       12710.445        1722.708
        3030.593       12789.514         959.456
       23668.037       11608.724        1722.850
       28695.533       11640.016        1785.063
       24970.473       11802.844        1795.914
       21226.174       12492.570        1771.730
       27309.716       12555.925        1869.076
       23231.156       12612.308        1771.409
       29468.827       11963.729        1796.019
       32607.304       12690.610        1777.938
       25268.787       12538.462        1771.536
       36225.831       11524.118        1838.132
       31391.749       11802.312        1795.994
       40112.426       11606.959        1843.541
       39557.187       11934.882        1839.251
       31418.083       12515.141        1861.566
         699.881       13880.330         483.640
       34790.701       12069.034        1849.772
       43954.542       11540.233        1869.114
       37913.135       12166.058        1795.895
       44967.676       11501.056        1847.139
       48147.494       11130.452        1722.882
       37141.930       12240.441        1722.754
       41089.147       11989.476        1771.644
       42167.216       12669.026        1722.879
       30874.557       13230.508        1869.037
       16831.042       13007.584        1795.863
        5851.598       13503.961        1407.329
       41772.242       12014.736        1758.334
       50956.394       11564.786        1795.876
       47531.230       12119.174        1722.848
       62840.490       11636.376        1869.142
       45925.183       12481.671        1760.978
       54077.102       11619.903        1747.600
       56451.643       11735.344        1795.999
       40196.993       12953.876        1772.390
       57853.536       12471.183        1771.783
       50324.362       11970.166        1846.803
       34738.302       13644.224        1722.837
       56049.669       12440.443        1745.568
       53084.073       12025.147        1836.809
       66232.825       11946.898        1721.688
       67856.437       11846.571        1722.773
       60072.666       11199.036        1722.700
       57761.838       11705.429        1771.658
       56755.134       12790.713        1771.636
       58579.101       12817.166        1869.378
       59795.068       11836.635        1722.765
       61809.680       11912.719        1722.699
       55301.852       12881.244        1818.526
       32038.765       12968.909        1784.654
       38533.434       12890.163        1771.561
        8237.348       13393.608        1757.305
       63398.508       12015.158        1839.998
       64408.046       12045.910        1859.404
       70886.775       11613.307        1728.226
       74836.719       11222.944        1216.397
       68113.938       12560.931        1722.806
       69336.449       12654.646        1722.732
       66567.531       12599.118        1795.981
       13849.134       13053.166        1863.028
       69831.407       12053.574        1722.724
       71792.092       11986.812        1652.690
       76323.120       11599.400         901.675
       75536.237       11906.908        1038.188
       75113.637       12554.944        1145.484
       77365.580       12202.758         800.942
       78647.017       11731.030         588.298
       79646.250       11824.359         379.081
       79236.226       12516.881         413.238
       78616.595       12468.655         501.172
       76574.258       12261.907         885.824
        5816.852       12803.552        1354.148
       11968.657       13472.538        1795.975
         644.578       12852.231         573.069
        1299.337       12512.746         648.061
        7513.437       12657.948        1674.516
        8954.040       12680.561        1771.991
        4790.677       12790.997        1238.325
        2681.172       13402.419         757.689
       19637.389       12612.154        1852.092
       14794.015       13057.826        1795.873
       21840.135       13151.161        1749.145
       10898.943       13449.041        1796.017
        4475.767       13435.209        1037.647
       13189.920       12567.982        1867.002
       10754.102       12785.963        1796.033
       15494.159       12654.942        1795.850
       12287.557       12795.109        1795.975
       24267.900       13002.152        1722.642
       28048.598       13338.576        1795.937
       13578.682       13618.949        1630.798
       18848.444       13040.190        1869.089
       28721.485       13444.185        1845.736
       12600.567       13811.194        1789.590
       20626.279       12843.002        1770.554
       22577.777       13244.002        1746.958
       29360.838       12696.069        1863.047
       26244.891       12861.138        1722.792
       20495.284       13594.459        1772.771
       12541.487       14524.861        1868.965
       48051.554       13520.340        1722.850
       36762.498       13218.511        1833.097
       34471.227       12709.385        1854.541
       35737.714       12638.254        1755.156
       21158.035       13878.400        1749.145
       18732.909       14100.416        1795.902
       41924.106       13567.230        1861.296
       34069.329       13383.929        1771.550
       35140.200       12969.680        1825.607
       32128.345       13750.695        1869.105
       14204.018       13921.344        1868.993
       40844.170       12654.620        1739.382
       43223.808       12602.359        1831.453
       47981.251       12690.670        1747.534
       36111.334       13183.169        1795.862
       41629.896       12904.586        1771.629
       43929.425       12910.109        1869.122
       52343.852       12867.795        1869.001
       27979.634       14212.652        1707.137
       46835.590       12182.363        1757.978
       45569.873       13109.602        1771.596
       51044.060       12829.016        1722.681
       43498.632       13650.517        1771.764
       28978.644       14075.973        1817.199
       63790.432       12969.654        1831.111
       50320.344       12580.716        1773.648
       53036.994       12604.942        1835.345
       54702.869       12623.824        1868.908
       49367.686       12809.870        1772.548
       64724.893       12704.492        1847.390
       49073.068       13529.063        1722.774
       62440.442       12943.957        1826.184
       44401.664       13972.149        1755.750
       54245.937       13672.479        1722.671
       53988.308       12936.761        1768.055
       46192.805       13842.811        1722.848
       27156.206       14165.091        1722.800
       59811.321       12479.177        1785.449
       59165.733       12796.043        1763.837
       56804.075       13627.658        1868.987
       61751.150       12573.759        1722.700
       63056.990       12661.699        1793.081
       59012.350       13517.705        1757.183
       61077.684       13149.336        1765.081
       60383.098       13116.488        1722.700
       41252.180       14022.702        1869.152
       42814.065       13985.393        1762.452
       71437.243       12782.291        1629.187
       74131.989       12611.631        1242.633
       63809.344       13643.780        1771.740
       66468.364       13253.084        1847.202
       67538.183       12839.631        1795.903
       69777.825       13624.915        1866.101
       59598.688       13850.698        1868.990
       57749.094       14029.790        1855.081
       16044.594       14048.953        1863.273
       70036.967       13009.858        1795.849
       72224.481       13107.547        1634.897
        8591.984       14064.094        1774.482
       73539.400       13074.820        1444.465
       75789.644       12977.491        1181.742
       75884.325       13700.408         916.119
       77492.636       13677.291         656.394
       77907.512       12917.128         677.525
       79589.976       12937.419         373.525
        3463.116       14489.872         962.235
       10192.788       13923.444        1866.260
        3458.792       13789.937         950.438
        1344.459       13467.255         523.576
        7496.634       13287.961        1755.226
        9501.844       13718.993        1860.618
        6538.995       13934.516        1593.518
        4910.907       13870.821        1235.098
        4809.801       14576.713        1169.154
       13756.101       14598.551        1868.994
       52046.110       13916.101        1794.274
        7844.682       14628.952        1781.489
        6532.407       14605.022        1701.795
       15110.531       13696.157        1787.257
       17064.962       13763.264        1869.020
       19486.694       13672.796        1853.515
       24216.903       13771.286        1722.642
       22936.714       14274.219        1719.772
       31436.480       14647.854        1856.152
       15798.907       14724.783        1771.422
       17752.156       14149.544        1787.683
       23539.098       14411.659        1722.644
       38506.179       13719.190        1771.548
       26160.344       13596.229        1722.818
       25133.245       14042.686        1795.904
       20931.955       14600.451        1762.041
       30067.597       13300.307        1869.013
       33302.865       13470.954        1722.855
       51353.270       13998.084        1795.890
       30075.641       14619.737        1722.759
       35771.416       14193.928        1722.812
       29641.021       14027.558        1795.876
       44832.456       13231.741        1845.088
       31530.686       13996.628        1869.027
       16598.544       15057.847        1722.615
       33003.575       14143.374        1722.855
       22582.794       14902.174        1801.330
       40310.793       13659.314        1722.823
       37769.148       14325.338        1850.282
       37078.166       14170.422        1825.627
        9830.163       15051.897        1722.817
        1448.220       14883.293         548.553
       67189.444       13938.594        1836.262
       79292.149       13601.114         304.417
       39619.026       14111.875        1771.591
       58425.718       13538.828        1775.161
       49683.443       13988.050        1722.743
       43074.065       14698.109        1789.493
       50701.777       13517.157        1771.456
       52694.410       13473.953        1866.132
       45850.867       14549.118        1816.425
       47683.572       14768.842        1771.594
       34678.059       15275.967        1722.861
       30794.892       14915.711        1842.782
       47314.058       13981.361        1722.851
       62527.424       13672.742        1848.374
       61440.643       14590.619        1855.206
       51321.786       14707.813        1862.422
       54918.969       13647.926        1722.671
       54020.334       14253.361        1795.796
       53371.391       14129.009        1867.143
       52014.626       14625.830        1869.002
       42514.352       15002.197        1791.610
       55715.727       14044.070        1771.450
       65756.501       13275.140        1854.679
       61778.882       13952.404        1862.648
       67836.910       13590.063        1869.000
       65426.401       13959.969        1858.597
       59340.613       14528.025        1795.931
         311.944       15909.261         317.015
       63162.885       14064.610        1786.430
       64413.706       14063.447        1780.161
       66456.443       14906.673        1869.242
       71989.039       13720.108        1701.649
       73989.113       13740.832        1418.765
       67119.362       14585.352        1836.280
       57475.125       15101.874        1722.814
       68786.865       13978.764        1869.050
       70512.490       14055.911        1828.225
       67867.207       15023.660        1796.048
       71262.254       14037.569        1759.487
       73400.576       14445.544        1616.253
       72715.421       14392.093        1699.900
       60085.568       14837.719        1757.715
       42040.064       16005.211        1815.147
       38946.157       15989.545        1722.894
       75004.268       14065.960        1152.257
       76586.387       14058.746         737.176
       78257.641       13972.915         473.800
       79702.173       14609.273         314.170
       77661.993       14575.717         722.947
       79702.173       13929.001         300.599
       21666.317       14919.489        1748.944
       16696.588       15607.568        1722.615
        8545.977       14984.421        1816.483
        4378.984       14841.036        1023.855
        2789.257       14838.120         965.740
       10519.163       14603.529        1771.575
         699.881       14560.603         502.576
        2030.677       15818.856         717.633
       11759.781       14951.602        1771.520
       17531.425       14768.297        1706.348
       19108.622       14710.384        1759.148
       24791.817       14661.613        1869.044
        6230.051       15232.352        1585.441
       18018.811       15553.750        1869.019
        8154.643       15626.998        1832.386
        3059.771       15510.681         910.097
       14416.927       15049.195        1771.411
       19904.762       14979.863        1831.873
       11717.657       15757.445        1795.871
         292.593       16948.973         318.569
       18229.940       15005.715        1795.901
       25552.674       15600.489        1795.981
       28646.024       14603.715        1684.443
       26887.246       14882.714        1722.829
       25549.956       14932.779        1771.591
       19884.771       15555.652        1825.084
       32843.283       15481.589        1869.110
       54324.436       15345.095        1795.822
       19501.524       15844.629        1805.840
        6826.769       16654.427        1710.926
       23828.232       15002.107        1722.801
       41582.427       14744.954        1796.025
       30021.374       15242.038        1722.759
       39595.831       14832.538        1796.079
       13719.054       16667.646        1795.814
       33447.572       14774.025        1795.973
       34995.897       14323.558        1722.820
       29254.134       15177.600        1712.878
       40690.431       15305.511        1771.624
       33823.331       16224.796        1842.551
       32071.278       15420.395        1864.959
       20501.011       15994.368        1789.584
        3671.186       15949.135        1029.281
       36447.353       14827.164        1761.506
       38588.017       15474.480        1722.894
       44058.677       14601.820        1796.105
       49565.129       14762.279        1771.579
       36391.426       15502.726        1762.231
        7340.129       15960.107        1821.026
       44807.132       14840.015        1848.439
       50627.917       15312.976        1769.425
       47243.073       15301.129        1795.924
       62152.195       14997.777        1829.204
       55795.485       14824.724        1767.757
       53042.187       15162.977        1771.609
       37227.106       16581.155        1774.420
       48623.442       15090.882        1771.580
       46276.398       15803.696        1722.768
       55019.337       15465.260        1771.453
       63452.727       14972.393        1770.362
       58077.652       14685.994        1795.932
       63125.895       14751.430        1736.208
       56142.857       15839.626        1713.586
       37127.273       15880.612        1840.924
       76643.547       14645.863         805.498
       56479.331       15164.439        1857.930
       26922.169       16630.737        1865.264
        9159.942       16106.575        1869.026
       64094.078       14705.240        1803.682
       65760.658       14689.596        1869.260
       64841.749       15019.548        1847.409
       59722.904       15678.400        1771.572
       58347.958       15910.210        1748.138
       71250.884       14752.215        1769.553
       75061.448       14807.622        1444.524
       64830.175       15714.761        1869.277
       56953.241       16352.017        1794.643
       68887.244       14765.604        1869.149
       70501.120       14770.558        1842.670
       68193.819       15664.665        1739.710
       58947.476       16641.672        1801.489
       52010.015       15873.965        1716.371
       70155.721       15336.004        1869.124
       72265.206       15351.790        1722.863
       74052.613       15132.092        1511.617
       70751.886       16005.900        1722.814
       76364.910       15222.797         998.012
       78378.706       14961.838         587.932
       77998.610       15642.474         789.715
       48271.255       16602.069        1722.821
       79384.378       15027.058         366.461
       40694.549       16622.441        1859.688
       35402.743       16528.425        1869.115
       21255.363       15737.618        1768.122
        1060.283       15551.679         510.894
        4316.541       15627.738        1200.965
        5489.499       15240.180        1358.495
        5418.489       16222.970        1477.358
        6749.230       15900.870        1667.908
        1574.931       16458.744         542.457
       10107.634       15754.992        1795.943
       13791.449       15743.651        1722.654
       10754.511       16112.468        1826.245
       14464.481       16079.719        1722.692
       23518.867       16607.599        1741.198
        8801.409       16839.359        1795.886
        7417.668       16713.663        1815.369
       15885.568       16021.845        1795.743
       12460.854       16097.708        1795.809
       18638.806       15867.689        1841.546
       20159.966       16626.952        1816.099
       12473.700       16652.458        1795.826
       22935.536       15645.076        1795.938
       22892.807       16250.175        1832.559
       23897.973       15981.054        1794.807
       19567.277       16510.960        1822.454
       23578.590       15607.569        1794.789
       27373.601       15634.362        1722.829
       18245.320       16618.003        1771.593
        4405.430       17367.328        1167.587
       15769.273       17105.319        1847.467
       30740.625       15538.012        1854.014
       24807.617       15961.211        1771.591
       30806.581       16583.633        1787.197
       26666.237       16033.088        1795.978
       28910.827       15884.509        1795.880
       27965.645       16014.710        1722.764
       24509.448       17470.886        1722.823
       31779.955       16742.758        1860.173
       31759.831       16003.024        1793.199
       34097.997       15314.308        1756.129
       31070.767       15852.784        1764.735
       39953.971       15347.602        1796.048
       45391.584       15886.466        1869.174
       26180.789       16932.689        1866.016
       17584.045       16967.641        1765.849
        2044.505       17491.343         787.629
       37874.181       15359.965        1781.890
       35397.651       15821.899        1796.000
       42626.066       15595.841        1770.273
       41036.354       15972.125        1796.083
       43402.430       16645.550        1858.085
       75691.191       15362.869        1183.537
       44603.071       15593.622        1869.221
       48918.700       15686.418        1795.983
       32769.700       17409.991        1722.955
       46531.620       15219.954        1757.171
       43634.739       15937.974        1851.997
       48258.881       15935.029        1722.847
       69188.051       15999.715        1773.110
       49860.387       15357.816        1795.982
       52333.722       15217.651        1771.642
       50997.050       15887.307        1722.927
       46649.906       16543.361        1722.853
       40137.450       17667.556        1722.762
       57731.976       15707.798        1722.814
       63802.844       15931.080        1869.094
       52310.487       16551.002        1789.426
       53255.561       16657.029        1796.089
       55036.624       16734.864        1754.085
       36793.901       17203.180        1869.111
       53663.554       15925.318        1771.633
       55431.435       16137.899        1795.974
       17830.507       17744.742        1869.116
       58991.405       15986.999        1722.814
       62402.774       15824.816        1722.850
       61708.735       15540.536        1795.985
       60634.519       15974.059        1795.970
       58304.030       16564.883        1821.253
       50001.725       16919.741        1714.722
       63173.066       15503.021        1843.383
       66456.926       15677.066        1854.695
       69526.081       15317.050        1869.124
       63474.579       16630.728        1856.025
       62450.236       16491.479        1776.269
       66056.363       16420.517        1797.005
       67446.457       15996.750        1796.037
       71527.454       15394.451        1722.888
       73917.370       15787.303        1605.695
       70367.130       16683.249        1771.561
       61723.280       16950.512        1771.534
       69432.935       16696.018        1869.049
       67866.545       16740.162        1858.685
       73195.487       16429.448        1700.388
       74995.583       16321.664        1380.468
       76703.246       15776.292        1073.481
       77728.118       16508.256         952.274
       79682.204       15723.908         356.128
       77338.469       15831.753         964.496
       76441.261       16564.432        1069.258
       79066.183       16335.190         454.974
       78388.259       16318.977         608.015
       31150.623       17024.591        1764.164
       20021.475       17759.765        1863.825
       33174.599       16390.634        1869.106
        2276.612       16809.727         818.775
         604.536       16531.703         347.390
        3343.773       16608.294        1038.093
        4676.347       16346.204        1334.594
       10796.425       16857.309        1846.369
       11772.418       17057.037        1868.968
        3718.211       17308.021        1052.678
        6495.006       17269.191        1612.330
        7960.493       17700.690        1762.679
        1030.881       17897.765         530.669
        7873.649       17113.338        1761.135
       30174.361       16996.816        1761.421
        9408.323       17234.052        1747.142
       10343.709       17225.624        1827.711
       12407.852       17754.852        1869.011
       16570.067       16640.389        1848.852
       14339.347       17074.701        1847.388
       13729.428       17757.329        1869.032
        3096.746       17835.805         948.531
       18911.544       16972.032        1761.283
       20566.691       17092.606        1841.238
       42377.458       16692.397        1839.327
       39891.956       16829.065        1845.022
       22129.112       16325.402        1832.010
       21781.485       17047.805        1841.260
       14381.135       18158.479        1796.113
       25179.800       16695.763        1771.086
       27612.350       16696.633        1830.751
       23758.159       17362.879        1722.823
       29375.989       16676.902        1771.470
       28693.540       17461.875        1771.492
       24835.834       18082.606        1722.794
       11705.370       18081.939        1869.135
       26011.753       18589.358        1869.032
       51699.262       16868.882        1771.545
       64144.767       16998.828        1820.247
       31052.644       17767.643        1796.579
        2785.334       18532.785         924.440
       38863.726       16543.058        1755.555
       34408.485       16892.980        1869.119
       34446.329       17646.085        1862.661
       45099.666       16636.468        1760.208
       38177.136       16925.803        1757.199
       50707.199       16548.545        1722.830
       49002.735       16974.911        1766.235
       38538.027       17578.267        1771.589
       41695.816       17064.254        1858.881
       35750.989       18045.398        1794.838
        5004.946       17920.106        1437.428
        8788.013       18628.780        1735.633
       27313.823       17993.460        1869.047
       44078.844       17051.199        1845.348
       45772.669       16968.106        1771.655
       47323.686       16953.227        1762.456
       47421.060       17731.719        1835.613
       20710.347       18175.803        1869.009
       56359.916       16421.281        1713.506
       60601.602       16717.374        1769.981
       65391.021       16441.121        1801.866
       50270.971       17601.269        1866.184
       52030.432       17672.161        1763.276
       53942.743       16976.126        1830.838
       48368.662       18036.043        1869.112
       55702.370       16980.887        1869.171
       57642.372       16906.768        1868.241
       59448.594       17726.922        1864.490
       55277.764       17639.281        1771.666
       38013.905       18023.902        1722.879
        8557.349       18011.897        1735.667
       33456.276       17997.258        1771.677
       59646.058       17076.388        1844.888
       72491.977       16409.023        1699.163
       74230.597       16421.627        1457.682
       65033.879       17025.540        1745.196
       65053.248       17641.315        1833.848
       60137.671       18048.552        1795.805
       67166.283       17332.733        1771.551
       64525.053       17913.443        1778.411
       62132.693       17984.859        1764.097
        9965.513       18004.886        1845.955
       68858.791       17104.381        1858.665
       71557.828       17409.930        1741.632
       72200.678       17041.059        1689.674
       72673.810       17752.421        1659.373
       73508.714       17063.772        1673.721
       75407.317       16969.731        1387.543
       74960.696       17717.706        1286.336
       65699.660       17969.150        1722.777
       77138.385       16907.252         964.511
       79383.978       16937.813         453.130
       79024.136       17640.083         390.765
       10617.219       17752.439        1821.835
         292.593       17629.245         363.550
        5762.009       17250.976        1499.662
        9077.419       17819.238        1722.720
        7637.549       18308.752        1831.208
       32095.054       17497.787        1768.694
       15897.188       18714.517        1722.996
        5061.927       18690.343        1206.144
       23405.019       17952.171        1722.794
       15437.209       18136.756        1869.233
        6817.181       18338.175        1832.918
       16215.427       17766.223        1869.236
       18959.017       17755.184        1853.510
       12150.228       18668.382        1849.573
         702.213       18998.041         490.527
       29047.058       18172.041        1708.455
       22454.765       17588.297        1869.025
       21928.843       18049.135        1869.024
       23176.438       18748.089        1795.909
       17262.683       18078.393        1869.190
       18542.017       18774.956        1821.498
       18539.255       18178.256        1845.330
       11515.482       19229.042        1795.907
       31683.937       18117.346        1758.269
       27636.145       18769.732        1842.539
       26309.709       17640.642        1869.027
       25635.107       18015.435        1869.026
       22311.836       18711.688        1869.024
        3382.126       18972.714         900.466
       27875.083       17351.404        1856.290
       29789.239       17819.140        1711.155
       36043.573       17268.011        1869.114
       30323.481       18149.009        1763.488
       34756.616       18734.771        1843.826
       36881.434       18719.268        1868.881
       28550.923       18837.841        1759.333
       46000.255       17744.941        1853.957
       37219.809       17993.463        1869.110
       35148.003       18058.917        1822.286
       32096.550       18715.806        1869.198
       49002.768       17630.393        1845.908
       39470.110       18034.013        1722.801
       49918.775       18696.521        1840.928
       36162.942       18706.372        1869.117
       42014.606       17696.715        1796.075
       43987.753       17706.479        1796.201
       31470.927       19053.275        1771.611
       41258.832       18093.395        1722.974
       39247.019       19095.097        1771.612
       39899.116       18755.843        1722.820
       27008.678       18990.837        1869.133
       53957.811       17669.171        1771.680
       43273.993       18043.812        1723.058
       49869.264       17952.213        1832.839
       45236.160       18068.583        1796.132
       43924.647       18668.515        1719.904
       77027.596       17678.086         732.698
       46974.866       18098.688        1842.120
       57344.921       17658.387        1869.165
       61456.813       17631.157        1795.777
       70726.619       17497.905        1771.615
       51307.614       18033.352        1795.927
       51609.292       18833.955        1771.711
       41124.821       19134.081        1795.913
       43223.625       19066.113        1796.168
       53290.031       18105.091        1763.364
       55959.436       18094.956        1771.663
       54044.058       18985.689        1796.062
       21672.924       19470.338        1722.854
        4742.413       20118.433        1298.196
       58438.058       18321.274        1864.610
       63923.368       17536.271        1796.100
       63202.103       17980.907        1784.982
       61798.810       18749.758        1762.719
       53766.404       19700.162        1869.222
       66345.632       17332.772        1737.904
       68878.609       18022.826        1869.034
       64505.903       18676.260        1722.975
       73278.336       17754.709        1529.778
       67506.231       17973.427        1722.777
       67019.668       18615.270        1867.415
       70648.923       18792.824        1722.985
       63901.950       18993.110        1722.887
       56150.300       19098.595        1835.233
       69535.117       18421.874        1795.998
       70187.014       18228.526        1869.219
       47238.812       19033.166        1746.747
       72030.960       18121.292        1742.145
       73919.841       18054.150        1365.354
       75883.851       18083.242         910.927
       75863.866       18724.842         995.304
       67305.270       19042.026        1831.439
       65368.186       19045.936        1869.037
       77935.410       17997.573         558.460
       79640.157       18049.209         344.264
        2465.930       19978.783         842.333
        9393.210       19090.298        1756.101
        5497.385       20136.348        1466.729
        8181.389       18992.823        1758.916
        1440.502       18586.289         541.575
       10050.640       18659.063        1793.699
        6475.813       19280.286        1614.068
        3058.435       19722.356         980.123
        4437.737       19105.278         979.920
        4430.403       19754.078        1257.883
       68073.570       18999.825        1857.130
       14051.433       18790.053        1722.943
       17509.683       18753.046        1829.475
       13189.393       19108.357        1766.708
       16922.407       19018.637        1869.015
       19348.957       19437.217        1766.093
       13238.430       19804.898        1771.608
       20401.174       18856.643        1860.904
       15467.584       19292.973        1771.741
       23951.872       19499.681        1722.887
       12559.819       20432.644        1869.026
       24551.567       18774.989        1869.026
       25340.822       18959.680        1869.035
       33792.910       19008.193        1852.316
       14125.499       20106.122        1796.013
         742.575       20012.495         595.664
       45909.704       18995.255        1796.005
       59164.377       19020.190        1758.367
       25380.953       19746.034        1865.876
       30329.149       18836.182        1726.027
       33194.243       18683.513        1796.086
       27359.700       19733.949        1771.644
       29996.910       19446.915        1729.237
       27925.085       20070.810        1722.898
       19282.505       20755.014        1771.540
       19684.965       20060.367        1738.966
       38293.891       18818.902        1796.006
       41817.198       18838.090        1722.777
       33435.539       19731.252        1869.193
       35881.364       19449.927        1868.933
       37806.707       19417.424        1869.138
       37188.346       19348.229        1841.785
       29271.324       20572.388        1771.478
       17562.746       20034.789        1795.899
       45207.957       18696.364        1768.535
       46912.519       18721.222        1833.743
       41159.045       19712.960        1771.558
       49011.146       18730.235        1856.514
       52391.073       19109.652        1723.031
       57694.626       18345.571        1869.146
       46835.903       19763.232        1764.446
       45346.111       19641.328        1722.876
       51002.635       19782.195        1796.146
       38036.032       20666.142        1869.143
       48293.962       19113.374        1843.373
       50622.160       19146.179        1765.546
       32798.951       20123.763        1771.586
        6422.277       20770.643        1687.941
       53348.994       18741.980        1722.913
       55374.850       18789.893        1796.034
       57084.591       19090.841        1767.391
       59345.728       19584.335        1833.015
       55745.395       19755.958        1869.172
       59800.216       18688.721        1734.557
       58491.296       18974.374        1861.148
       63199.835       18674.928        1722.909
       62505.036       19140.987        1842.853
       58056.366       19641.505        1788.032
       60395.519       19307.615        1722.651
       48178.884       20179.723        1795.868
       61171.228       19368.806        1722.713
       79640.157       18729.480         328.748
       66033.748       18610.955        1795.909
       68226.312       18299.301        1869.034
       63481.024       19674.000        1795.962
       69997.026       18986.172        1771.661
       77532.479       18726.644         732.213
       67033.650       19779.736        1842.000
       62092.157       20393.007        1846.321
       71661.660       18773.564        1720.794
       73936.781       18810.953        1640.279
       70300.862       19603.729        1771.627
       72357.339       19079.155        1758.727
       71648.437       19715.971        1769.114
       73342.088       19758.900        1640.850
       54692.291       20161.729        1869.187
       22287.650       20114.298        1722.885
       73348.104       19185.974        1658.863
       75266.420       19310.030        1207.228
       76604.680       19048.758         798.802
       77645.907       19806.638         760.683
       76761.121       19780.489         837.557
       78218.349       19079.550         582.373
       79237.302       19099.740         376.681
        7774.993       20191.773        1818.352
        3693.721       20027.094        1021.725
        1444.789       19622.780         603.151
        6811.707       20041.581        1751.777
       10468.744       20372.607        1733.349
        2699.067       20634.633         831.932
        5809.566       19357.058        1431.424
        8457.508       19832.271        1759.884
        4413.348       20650.782        1284.310
        3787.399       20614.252        1140.849
        9418.272       19871.394        1739.377
       10773.057       19298.211        1733.349
       20633.165       20135.282        1747.121
       34004.825       20418.706        1722.878
        3385.250       20965.364         989.511
       14677.902       19346.786        1722.943
       16919.053       19726.840        1863.519
        9437.645       21226.656        1792.707
       18598.433       19348.496        1795.875
       15918.863       20042.248        1859.573
       15532.702       20684.796        1826.883
       20980.759       19488.625        1722.854
       23256.269       19495.210        1722.856
       31846.082       19782.442        1722.806
       31035.134       20123.557        1722.801
       43190.240       20159.278        1746.674
       21005.869       20831.215        1795.972
       24341.822       20168.903        1768.421
       23952.781       20739.675        1796.028
       14821.227       20910.988        1759.800
        5110.489       21130.899        1469.631
       13858.012       21401.785        1869.047
        3629.945       21570.142        1033.481
       26402.906       20118.825        1771.638
       29179.080       19433.402        1775.876
       28819.671       19954.015        1869.142
       35078.025       19464.806        1868.964
       36446.541       20036.880        1841.669
       31256.210       20826.818        1795.917
         695.852       21068.254         555.151
       56829.074       20411.110        1771.653
       38124.557       20046.846        1869.135
       34683.604       20425.683        1771.564
       39917.322       19988.608        1722.870
       32333.310       21175.334        1795.949
       39231.001       19748.984        1795.990
       43943.342       19740.034        1795.995
       48971.944       19783.595        1868.984
       52008.428       19685.521        1869.267
       41783.877       20126.659        1746.671
       41525.271       20728.901        1755.743
       26762.697       21001.384        1722.886
       52358.699       20753.850        1850.335
       45946.016       20097.361        1722.854
       40866.642       21084.619        1774.463
       45212.677       21776.243        1771.572
       28079.333       21037.418        1722.663
       35693.556       21627.146        1722.749
       47097.994       20239.568        1868.966
       50338.816       20062.517        1869.190
       58701.248       19965.153        1759.600
       57393.094       19733.676        1722.893
       52688.694       20032.322        1869.271
       48919.703       21123.202        1739.749
        5229.168       21805.836        1438.737
       59966.222       19986.362        1722.837
       74559.120       19374.541        1376.858
       56115.666       20425.638        1869.180
       62541.283       19703.477        1800.793
       65450.277       19792.291        1855.522
       60007.300       20684.641        1763.806
       68447.291       19676.994        1849.784
       64167.068       20103.505        1855.541
       63855.689       20793.607        1771.624
       55096.984       21123.972        1869.182
       50367.229       21128.948        1869.136
       79597.144       19758.015         437.466
       66160.406       20176.065        1867.836
       67771.779       20169.875        1865.188
       69560.377       19993.075        1762.768
       66223.335       21124.908        1795.946
       72319.617       20026.049        1722.933
       74004.360       19990.391        1531.587
       71554.687       21076.952        1613.386
       73688.457       20519.856        1517.467
       72357.216       20593.086        1633.195
       37282.313       21009.971        1771.450
       58343.130       21202.141        1796.009
       76139.531       20399.828        1004.011
       78329.653       20224.044         702.359
       79261.938       20155.231         507.652
       30302.331       21051.956        1771.452
        8478.788       21176.042        1840.304
        2373.777       20938.721         757.922
        1438.427       20672.585         617.785
       15855.205       21364.444        1869.045
       36356.496       20697.444        1795.721
        5774.202       20788.639        1625.843
        6701.745       21105.152        1689.261
       11079.573       20978.792        1795.873
       10738.537       21668.588        1795.870
        2357.944       21673.939         668.058
        7722.862       20793.143        1849.736
        9771.389       20514.555        1756.101
        5804.247       22165.541        1543.438
       11876.035       20296.763        1868.991
       14180.327       20715.676        1795.975
       17339.378       20813.546        1771.528
       22594.213       20689.542        1722.877
       16568.560       21492.673        1869.065
        9486.802       22518.992        1722.823
       21957.366       21094.883        1771.620
       25091.162       21350.043        1795.995
       12522.496       21444.553        1846.538
       18261.382       21151.760        1771.528
       20195.186       21466.181        1869.093
       11497.676       21998.468        1749.008
       20970.349       21467.467        1831.214
       26095.411       20800.818        1722.898
       28376.738       20689.183        1722.663
       33065.103       20813.394        1733.527
       24348.704       21357.282        1869.137
       33737.941       21041.300        1755.011
       26337.213       21688.073        1771.584
       35396.898       21071.368        1722.749
       25426.024       22043.453        1771.601
       23740.915       22022.123        1795.982
       60693.696       21086.653        1795.967
       39883.525       20758.026        1722.903
       43858.877       20716.544        1795.979
       43375.291       21668.543        1771.631
       33761.136       21657.208        1761.808
       54382.967       20920.850        1869.192
       57064.951       21135.479        1796.033
       28785.779       21990.476        1795.818
       39108.679       21137.698        1796.028
       32811.545       22070.903        1846.321
       16779.682       22768.444        1795.960
       15106.639       21920.807        1869.045
       42108.820       21014.650        1821.620
       43036.062       20969.674        1796.032
       45211.883       20753.333        1795.928
       47088.649       20873.954        1739.749
       46898.144       21213.550        1773.467
       45880.589       21170.208        1848.427
       41847.984       21699.955        1722.915
       11287.407       22695.006        1722.752
       48169.540       20814.109        1731.242
       51014.613       20687.371        1850.258
       48597.137       21823.004        1776.479
       58977.066       20732.879        1763.843
       53127.085       21180.811        1869.190
       53055.914       21792.431        1844.121
       45975.925       22217.096        1722.834
       61428.327       20449.565        1795.965
       65601.242       20831.427        1869.112
       56347.032       21836.526        1869.175
       44095.938       22094.007        1795.949
       64579.733       21137.755        1722.868
       74362.441       20847.260        1376.271
       63040.252       21349.531        1795.989
       62294.380       21307.558        1863.138
       60620.417       21776.823        1771.560
       67520.628       20859.685        1793.940
       70139.340       20830.013        1794.014
       65795.182       21714.611        1789.801
       66816.511       22354.064        1795.910
       52771.219       22741.282        1721.290
       61557.271       22054.286        1765.603
       68203.966       21193.854        1722.787
       69468.559       21240.100        1867.052
       20477.506       22732.381        1748.594
       75385.644       20253.285        1194.894
       78404.317       20801.095         576.558
       70133.353       22213.324        1800.713
       74320.647       21629.556        1274.493
       76851.345       21366.115         891.394
       79336.602       20732.283         350.515
       77804.455       21147.046         728.657
       79671.808       21015.339         315.622
       79671.808       21695.611         369.424
       22913.766       22116.066        1795.986
       46958.634       21838.760        1739.749
        2927.928       21974.629         840.209
        6410.418       21705.654        1676.288
         695.852       21748.526         561.389
        1422.594       22088.075         583.141
        9793.964       21774.503        1722.752
        4460.364       22031.340        1246.632
        4442.918       22820.026        1198.535
        3716.443       23421.354        1052.851
        8136.416       21823.416        1864.501
        7089.163       22041.019        1795.470
        6797.232       22774.680        1724.201
       14498.911       21597.097        1869.043
       17911.898       21964.841        1795.960
       13218.844       21756.532        1869.046
       21501.442       22176.321        1755.445
       18556.803       22244.557        1722.878
       21384.817       22764.772        1799.575
       16886.146       22176.528        1795.959
       14812.633       22614.807        1869.047
        5257.090       23200.490        1392.845
        8788.111       22618.519        1770.504
       22244.883       21794.904        1869.150
       19818.968       22142.643        1796.082
       36990.481       21680.342        1795.719
       30987.071       22474.129        1745.413
       30271.867       22393.098        1771.515
       28105.759       22999.980        1795.883
       17866.263       23217.694        1795.990
       28082.697       21622.112        1758.294
       27009.112       22082.025        1849.290
       25372.118       22846.830        1861.523
       11791.962       23825.030        1810.330
       30017.768       21730.959        1795.781
       32056.557       21816.935        1842.944
       39436.095       21851.173        1857.158
       28694.831       22677.591        1847.677
       33767.659       22778.980        1832.044
       37499.408       22755.774        1771.522
       35030.309       21986.639        1780.840
       34078.067       22039.793        1722.878
       49916.452       22274.102        1810.142
       45878.700       22866.980        1753.572
       41224.909       21838.314        1847.586
       37701.341       22043.022        1771.522
       29593.666       22981.812        1750.224
       38820.909       22825.229        1802.500
       38791.754       22141.490        1796.003
       40910.059       22534.679        1862.368
       22092.554       23092.045        1868.968
       14902.522       23770.773        1869.092
       42464.206       22132.704        1771.660
       50637.860       21829.497        1869.131
       54826.122       21793.000        1796.059
       47179.245       23152.864        1753.709
       47613.998       22134.401        1782.839
       43859.922       23433.783        1834.317
       39960.982       23532.105        1770.480
       18246.475       23830.831        1858.683
       49323.256       22273.356        1830.041
       51396.788       22098.872        1869.127
       52399.072       22076.423        1796.046
       58747.965       21803.866        1861.880
       56973.609       22227.485        1833.373
       59457.191       22738.608        1722.817
       54040.933       22201.498        1793.984
       54943.339       22835.166        1823.929
       49875.060       23576.885        1854.496
       55380.417       22153.806        1722.943
       58096.363       22128.164        1808.201
       59722.574       22079.524        1722.791
       64580.816       21775.748        1787.761
       65174.172       22059.123        1854.735
       58534.194       22738.434        1722.842
       68116.591       22802.463        1795.804
       63008.024       23069.186        1759.330
       63315.952       22360.017        1722.595
       61271.239       22823.413        1795.952
       49157.516       23552.557        1771.744
       78322.855       21778.831         522.797
       67799.137       21794.193        1795.904
       69521.839       21981.136        1845.932
       71495.419       21719.227        1633.652
       68507.875       22176.876        1845.943
       66147.846       22403.969        1722.787
       32063.985       23121.663        1869.014
       76374.227       22356.124         836.375
       72308.202       22002.011        1633.214
       71636.866       22693.446        1708.179
       73656.917       22068.802        1567.778
       67118.682       23016.008        1771.462
       70603.047       23011.172        1865.163
       75350.190       21857.849        1142.077
       77664.056       22251.505         680.082
       79257.923       22056.073         376.311
       79586.115       22809.442         352.319
       35820.132       24106.092        1722.854
        3031.872       23037.154         897.910
        1611.585       23198.942         535.054
        7506.715       23233.747        1730.985
        5849.615       22771.508        1589.523
        1003.676       22827.486         428.926
         276.934       23168.209         319.276
       19880.587       23149.591        1771.778
       36876.352       23348.491        1771.514
        2373.945       23468.239         668.564
       13565.738       22645.845        1869.043
        8450.341       23295.189        1722.962
        7498.527       23792.542        1730.978
        5195.644       23875.952        1356.061
       10574.220       23406.069        1795.882
       11912.054       23150.305        1854.530
       12910.449       23108.758        1864.205
       15487.590       23030.758        1860.784
        5827.424       24133.496        1543.547
       18617.632       22905.494        1722.953
       16388.486       23056.902        1856.646
       30688.949       23735.175        1771.544
       24350.905       23066.811        1869.069
       22878.062       22824.756        1868.858
       23705.211       22730.813        1869.065
        9478.615       24516.467        1789.319
       27123.122       22772.778        1722.753
       26669.324       23467.809        1722.804
       31001.774       23041.848        1722.818
       24346.771       23866.931        1867.025
       21907.014       23787.738        1863.101
        2390.385       24408.365         624.429
       11131.987       24097.756        1849.446
       32804.271       22807.913        1854.473
       35371.270       22783.275        1848.843
       38157.722       23196.262        1722.865
       28401.360       23701.766        1722.753
       40238.201       22502.376        1855.898
       42506.780       22972.081        1867.442
       41462.422       23891.194        1771.524
       32064.364       23727.326        1795.886
       25343.034       24239.985        1792.879
       34154.034       23179.571        1773.569
       36122.321       23379.177        1771.545
       23601.957       24097.317        1767.591
        7035.737       24649.783        1756.663
       34805.403       23237.020        1773.570
       41575.709       23235.697        1860.718
       52134.914       23461.474        1721.251
       44093.376       22829.671        1831.905
       47931.833       22798.620        1761.431
       45112.891       23161.790        1795.899
       56684.451       22858.339        1771.586
       34510.671       24213.781        1771.717
        6333.400       25029.033        1664.988
       48912.259       22851.462        1707.637
       50222.999       22876.536        1825.188
       45221.049       23885.437        1771.523
       50984.640       22781.674        1722.888
       54283.450       22793.416        1855.168
       65269.415       23399.056        1859.424
       64468.406       23376.036        1771.415
       53670.577       23049.208        1766.929
       46009.705       24213.172        1722.802
       55661.624       23489.466        1771.588
       54938.738       23424.496        1830.391
       40845.657       24870.321        1787.783
       44402.886       24770.748        1869.033
       57822.547       23133.837        1722.825
       60069.003       23205.034        1722.842
       59441.932       23826.549        1795.965
       29392.811       24153.735        1869.008
        4473.679       24597.789        1171.388
       77863.691       22912.032         679.290
       62054.907       23231.648        1869.013
       64132.472       22442.085        1722.686
       65526.836       22748.480        1840.142
       69912.317       22813.834        1859.971
       73878.152       22861.587        1526.510
       61411.892       24244.005        1747.089
       68909.520       23207.232        1784.259
       64113.799       24286.955        1765.075
       75633.253       22320.977         977.038
       72408.026       23116.731        1694.967
       72074.346       23836.334        1734.804
       60061.797       24257.133        1844.697
       56014.320       24123.194        1795.938
       73300.597       23218.081        1557.733
       74545.098       23142.482        1222.838
       76651.212       23672.089         966.886
       75693.036       22968.889         883.356
       74234.749       23858.395        1370.372
       65917.204       23961.268        1864.467
       78850.683       23192.727         470.653
        3140.519       25079.581         772.966
        8442.153       23853.984        1722.962
        1628.025       24139.068         581.831
         276.934       23848.481         285.904
       13192.617       24485.463        1864.843
        8807.063       24446.763        1771.673
        3808.650       24523.655         989.383
        9812.460       23460.695        1722.754
        6828.299       24020.000        1700.267
       13572.275       23817.734        1869.051
       16493.890       23729.110        1785.806
       27393.772       24067.599        1722.804
       27007.560       24816.537        1795.955
       15560.966       24093.507        1829.621
       17551.848       24419.566        1869.135
       57333.074       24113.755        1795.940
       18831.008       24918.183        1836.161
       19806.045       23890.093        1796.005
       22593.403       24086.833        1767.603
       16855.705       24344.683        1852.710
        5065.228       25202.453        1431.128
       18923.303       24259.134        1837.786
       20540.461       24232.345        1765.630
       25925.932       23577.329        1784.641
       29996.046       23756.170        1771.549
       20981.546       25177.652        1722.835
       10539.084       25441.833        1771.488
       31112.356       24095.161        1868.997
       32783.575       24198.770        1757.938
       37867.054       24422.159        1864.373
       37182.933       24372.846        1771.609
       29710.098       24847.218        1837.809
       33834.685       23929.605        1775.625
       35157.183       23875.620        1722.967
       32494.143       24920.180        1766.250
       21693.523       25704.611        1754.303
       12155.922       25006.871        1771.463
       38218.787       23838.292        1798.251
       38949.421       24860.279        1723.817
       38881.974       23467.258        1804.460
       40327.549       24161.861        1722.990
       47417.249       23855.335        1767.278
       39310.920       23857.683        1796.070
       35872.590       24759.330        1764.098
       43219.255       23533.711        1869.064
       40889.274       24117.215        1722.764
       42982.964       24482.168        1869.037
       44313.945       24101.383        1762.392
       51350.619       23479.416        1722.811
       46867.954       24211.172        1742.800
       38168.743       25053.721        1796.523
       53704.229       23657.265        1770.248
       52719.814       24104.595        1722.797
       46875.414       24849.719        1629.845
       41183.588       25252.046        1779.752
       31399.317       25163.215        1771.588
       15956.223       25105.083        1869.141
       48415.095       24202.187        1771.692
       50551.643       24237.280        1771.565
       58118.473       23755.526        1722.817
       54312.501       23990.803        1831.593
       62112.473       23887.044        1795.847
       54079.160       24666.426        1825.831
       55400.072       24737.095        1796.017
       63065.590       23724.582        1700.336
       70367.973       23813.402        1722.879
       57089.842       25151.668        1772.455
       50906.476       25267.135        1795.912
       27670.608       25191.829        1795.924
        6264.970       25771.947        1554.511
       78603.943       23878.087         643.058
       66894.833       23680.745        1789.017
       68602.083       23871.448        1795.797
       73566.555       23940.302        1452.430
       63409.293       24262.327        1719.809
       67585.305       24131.415        1830.469
       67569.185       24795.022        1751.897
       62821.001       25061.979        1722.695
       69369.806       24280.280        1771.552
       56104.858       25176.189        1756.085
       71068.111       24215.278        1722.883
       73018.212       24307.563        1758.631
       68570.434       25211.351        1764.710
       75023.162       24148.731        1202.798
       77302.746       24198.613         882.636
       77380.827       24784.770         939.305
       79339.375       24175.073         572.574
        7020.603       26098.029        1813.962
       38067.825       25803.116        1869.236
        7751.139       25322.986        1820.961
         743.182       25089.199         531.289
        1020.116       24447.884         462.251
        5750.277       24800.938        1532.246
       11128.540       24731.770        1771.465
        2836.945       25813.427         821.331
        8541.924       25378.845        1845.233
       16583.584       25120.014        1867.992
       12410.698       24451.211        1869.035
       15295.420       24694.149        1865.913
       14257.316       25039.143        1861.664
       22974.686       25787.701        1715.842
       22357.303       24785.030        1717.628
       25700.213       24879.402        1795.947
       17793.779       25808.617        1849.723
       13903.685       25698.034        1796.021
       19486.356       25278.923        1722.860
       15660.992       25795.404        1760.148
        9835.367       25486.646        1863.195
       39882.365       25855.138        1723.817
       20313.067       24962.126        1722.868
       18198.279       25152.248        1858.145
       25354.954       25486.477        1787.543
       23283.581       25121.232        1717.634
       34148.236       25364.391        1803.861
       20995.282       25754.932        1770.153
       23957.996       24865.708        1722.527
       21679.787       25127.331        1722.719
       30736.740       24809.640        1749.094
       34802.191       24913.461        1861.657
       14646.558       26043.361        1747.780
       28910.310       25165.668        1795.884
       41921.984       25183.781        1722.765
       24620.113       26173.472        1716.328
       36481.361       25056.770        1771.647
       46017.165       24851.719        1722.802
       31636.846       25850.713        1826.862
       21100.082       26424.165        1743.841
       16293.446       26175.809        1795.832
        4719.847       26228.798        1155.940
       33154.978       25375.115        1853.218
       70559.940       25165.787        1775.956
       39555.866       25287.807        1723.817
       67153.590       25144.968        1795.909
       40283.933       24914.967        1787.896
       42157.202       24576.035        1771.524
       42314.138       25912.766        1858.691
       45317.450       25193.349        1722.757
       30836.111       26188.845        1796.105
       48447.933       24982.574        1869.028
       50201.801       24933.329        1722.773
       49149.772       25267.189        1832.729
       43712.571       25051.605        1869.039
       55737.078       25771.237        1795.868
       45233.502       25869.325        1722.635
       43970.236       25847.116        1771.414
       47457.547       25274.269        1795.827
       35745.510       26502.920        1836.854
       18443.547       26222.184        1869.143
       53053.916       24773.029        1749.175
       52374.716       25221.577        1795.908
       50298.010       25824.482        1814.777
        8827.530       26814.268        1758.776
       72481.076       25235.871        1596.390
       57703.810       24703.137        1771.399
       54502.255       25010.103        1849.683
       61776.718       24881.196        1722.688
       64596.616       25036.910        1850.053
       54218.663       25803.475        1864.539
       33078.022       26867.051        1853.553
       59805.169       24870.522        1854.717
       58829.051       25049.903        1771.394
       59265.649       25715.896        1722.554
       60856.757       25312.417        1774.353
       56593.652       26215.940        1857.682
       65599.013       24688.202        1795.901
       69354.278       24956.577        1795.889
       62046.558       26257.414        1709.940
       66260.178       25142.581        1771.521
       63371.674       26124.651        1781.918
       50972.581       26095.239        1726.432
       11204.044       26177.925        1771.515
       71275.607       24891.366        1706.644
       73217.447       25031.012        1451.676
       68468.740       25792.563        1796.015
       75264.278       24830.740        1040.692
       78682.024       24804.380         516.732
       72442.702       25921.897        1826.182
       65333.175       26526.847        1771.593
       43251.639       26290.730        1764.526
       74459.190       25274.314        1384.767
       76645.242       25059.975         916.114
       76870.276       25805.513         852.997
       79342.649       25799.374         492.684
       79342.649       25119.102         475.035
       15986.554       26710.712        1795.822
        3480.905       26226.963         994.917
        5335.567       25864.000        1465.670
        1478.901       25791.163         643.527
         735.720       26212.167         613.530
        8896.700       26082.194        1758.226
        9518.593       26120.291        1864.843
        2337.166       27235.384         616.846
       12227.787       25779.301        1771.512
       12843.971       26153.171        1869.135
       23287.331       26861.940        1869.074
        9449.423       26852.365        1869.052
       33761.144       26310.055        1717.338
       58791.639       26315.489        1722.640
       11059.005       26886.241        1855.810
        7067.764       26877.433        1588.987
       16875.227       25851.266        1810.888
       19503.396       25926.556        1722.835
       24629.557       25528.003        1746.782
       14650.807       26706.157        1722.810
       28374.855       26209.470        1795.896
       29949.188       26293.034        1869.211
       10026.357       27209.971        1855.782
       22062.144       26028.780        1712.386
       23639.656       26177.646        1769.374
       29287.558       25919.777        1771.582
       26632.999       26681.203        1771.672
       21704.970       26659.948        1818.204
       12142.645       27580.097        1867.202
       27333.380       25802.417        1782.468
       26325.074       26034.200        1778.577
       33151.602       25963.507        1826.081
       34463.490       26036.740        1738.554
       28104.905       26834.992        1853.240
       13925.155       27076.480        1722.720
       32728.297       26196.069        1784.102
       37313.306       26155.119        1869.284
       36358.673       25825.619        1854.443
       40948.361       25864.023        1852.881
       41601.851       26218.218        1868.982
       33799.407       26967.340        1759.404
       25888.740       27152.630        1807.898
       39175.002       26177.004        1796.534
       47911.167       26233.075        1795.944
       36989.220       26867.491        1796.193
       47173.685       25966.029        1795.844
       48896.868       25825.930        1759.614
       41860.621       26938.543        1795.799
       28782.342       27322.742        1846.076
        3659.196       27892.993         856.556
       61177.199       26233.057        1722.712
       45864.513       26299.381        1722.596
       45828.199       26951.872        1733.372
       53116.367       25908.346        1867.543
       49340.432       26049.418        1722.912
       54748.700       26125.516        1869.193
       49371.549       26762.253        1722.912
       52322.698       26224.662        1798.813
       52350.979       26849.657        1795.932
       51000.862       26720.234        1741.631
       37689.951       27284.762        1756.588
       66844.485       26182.482        1836.448
       57390.578       25872.627        1778.816
       60583.198       25834.728        1722.711
       56148.129       26921.624        1771.726
       62776.864       25765.457        1753.623
       67426.418       25866.356        1824.903
       57976.551       27225.531        1799.589
       46858.494       27263.182        1811.934
        8409.451       27464.015        1811.484
       32336.981       27298.880        1869.142
       64188.414       25826.498        1722.849
       65937.516       25877.535        1753.637
       63022.436       26836.754        1781.800
       70536.518       25838.237        1834.360
       75071.150       25879.986        1111.375
       69607.218       26519.774        1762.690
       65601.531       27188.078        1817.236
       62164.458       27657.931        1863.984
       55242.636       27153.289        1785.251
       71213.811       26249.842        1829.479
       73176.049       26333.299        1461.168
       74426.022       26255.564        1297.308
       76477.739       26951.386         970.680
       74893.940       26782.911        1150.739
       37024.242       27890.822        1796.175
       76101.273       26181.950         985.874
       77537.751       26201.909         718.494
       78613.913       26156.252         562.579
       73933.112       27214.723        1392.294
        9233.177       28574.585        1861.961
        7734.997       27455.485        1726.561
       17780.413       27275.810        1859.485
       12861.191       26868.821        1863.655
        3060.345       26811.605         828.460
        1399.683       26968.613         547.844
         663.963       27287.057         498.645
        5019.218       26935.517        1208.494
        3982.039       27178.761        1132.971
        5966.683       27312.465        1328.218
       21999.589       27779.952        1869.151
       16177.551       27894.465        1722.705
       45224.751       27267.056        1795.743
       41138.198       27276.555        1771.171
        6314.025       27979.112        1564.480
       18444.946       26907.679        1845.895
       20307.072       26506.935        1771.612
       16553.570       27167.866        1761.891
        7298.506       28191.843        1621.160
       19845.862       27192.898        1845.905
       29713.922       27070.477        1761.410
        2388.428       28406.342         623.062
       34469.518       27242.256        1771.613
       47632.291       26877.738        1795.929
       24928.250       26866.906        1854.551
       21946.138       27089.403        1850.556
       22596.575       27903.272        1806.125
       22543.124       27212.722        1869.152
       20224.612       27827.170        1771.599
        5596.921       28335.961        1261.324
       17505.042       28578.456        1796.003
       24280.958       27339.463        1864.196
       31186.521       26966.031        1771.703
       35113.052       26560.551        1796.027
       28645.620       27902.292        1796.028
        4339.215       28352.551        1057.929
       30599.359       27597.988        1722.980
       64545.398       26617.225        1722.837
       63827.903       27261.596        1795.998
       39764.802       26929.206        1868.892
       36002.353       27086.222        1816.618
       43179.275       27028.211        1722.633
       36042.535       27722.140        1869.310
       27788.618       28809.385        1722.911
        3684.755       29033.563         983.438
       13891.624       28219.142        1844.875
       39026.169       27401.299        1854.025
       50357.408       27162.312        1722.759
       43925.436       27329.838        1722.670
       35395.423       28123.996        1869.159
       48941.266       27943.428        1843.852
       54699.781       26801.883        1844.316
       54124.124       27201.774        1784.933
       46897.858       27841.602        1818.476
       33776.524       28279.998        1827.906
       37779.328       28310.939        1835.971
       48649.108       27183.428        1796.042
       56960.935       27362.061        1748.528
       53099.028       27255.273        1733.045
       54120.605       27858.767        1848.638
       57960.671       26441.782        1722.554
       62400.173       26852.087        1817.791
       54699.658       27946.718        1796.128
       45950.631       28226.168        1743.797
       26547.085       28830.844        1722.944
       59416.477       27344.759        1722.763
       69578.574       27150.329        1718.007
       70309.756       27157.894        1722.876
       60821.786       26950.504        1771.504
       60156.528       27486.414        1722.715
       58038.977       27899.634        1722.803
       16182.896       29280.745        1867.828
       67165.488       26820.555        1857.674
       66526.875       27176.839        1869.159
       64204.420       27910.468        1846.039
       68860.353       26404.659        1771.551
       68139.034       27116.526        1760.070
       66754.156       27813.597        1840.682
       60854.972       28758.396        1869.056
       71015.693       26938.945        1756.417
       72895.152       27006.753        1609.157
       77175.358       26982.793         769.663
       69223.676       27781.168        1768.375
       71557.010       27982.552        1730.247
       70561.928       27847.424        1869.110
       65241.968       28228.852        1799.818
        6379.925       29233.199        1555.815
       71963.687       27284.454        1719.101
       78866.106       26963.950         482.770
       75915.534       27176.769        1061.362
       74736.308       28173.497        1153.821
       77846.362       27353.732         693.975
       76422.478       28273.666         850.698
       13846.873       28861.994        1869.043
       79594.841       27287.344         375.258
       10759.096       28188.773        1832.293
        2665.745       27920.456         706.704
         663.963       27967.330         474.228
        1324.130       28379.852         490.342
       10088.573       27880.513        1856.799
       18084.706       28005.240        1795.971
        8432.468       28513.709        1817.833
       16824.731       28575.626        1867.305
       24304.997       28036.183        1853.622
       12520.075       28175.506        1844.873
       11358.201       27580.596        1869.009
       14578.157       27831.392        1771.469
       31949.918       28358.820        1746.579
        7413.179       29295.411        1640.260
       42088.066       28959.668        1851.016
        4368.714       29268.098        1179.707
       15514.664       28228.599        1722.705
       19460.395       28535.447        1771.524
        5687.764       28888.412        1381.544
       26551.488       27844.021        1869.022
       21344.161       28067.541        1771.569
       31043.641       28848.355        1869.144
       37421.657       28973.606        1869.219
       23597.157       28597.224        1771.603
       22868.247       28487.213        1750.583
       25045.941       28318.425        1758.187
       27873.502       28095.664        1722.911
        9619.186       29221.604        1842.470
        9181.083       29992.434        1767.837
       30013.683       27598.246        1755.749
       25906.784       28205.081        1761.896
       32723.406       27999.983        1795.971
       29678.931       28190.111        1821.287
       38856.697       28300.413        1769.328
       42139.127       28256.631        1722.669
       34462.966       27870.142        1855.333
       30976.331       28289.674        1794.151
       29648.716       28748.147        1869.144
       10472.762       29227.500        1812.021
       39437.829       27996.832        1869.212
       41466.742       27980.754        1771.442
       52761.906       28928.610        1865.375
       33750.602       28900.799        1783.264
       40848.756       28634.030        1771.468
       40198.398       28610.045        1722.708
       35432.522       28824.146        1860.653
       44008.505       28025.714        1722.705
       45307.820       27962.932        1771.481
       50957.528       27897.789        1795.910
       48248.033       28333.572        1869.148
       53068.126       28243.683        1855.367
       43212.305       28337.976        1722.723
       34474.142       29191.094        1860.640
       20523.713       29104.408        1722.778
       52349.031       27861.327        1795.911
       47259.192       28271.638        1851.116
       46865.968       28978.310        1848.075
       22146.151       29054.537        1771.545
       11675.326       29773.950        1790.684
       56404.593       28003.224        1796.025
       50263.827       28257.730        1843.793
       58647.935       28145.155        1722.803
       55048.809       28356.217        1796.160
       50589.138       28975.724        1869.083
       62557.042       28306.233        1795.925
       57132.139       28315.396        1771.547
       57019.539       28915.822        1795.933
       45205.889       29358.393        1795.910
       61455.431       27780.705        1869.071
       65610.106       27832.319        1765.322
       60143.607       28614.534        1869.074
       40006.004       29227.088        1722.837
       32764.794       29179.465        1771.582
       73970.225       27980.924        1388.039
       63509.714       28260.000        1771.558
       63875.048       28908.630        1760.903
       68531.001       27862.480        1771.552
       66160.139       28064.596        1812.208
       67877.525       28596.965        1771.511
       66128.048       28732.380        1848.530
       67117.348       28501.334        1722.690
       72145.451       29048.638        1748.011
       58393.929       29276.486        1795.931
       32494.455       29874.645        1869.124
       69844.658       28276.277        1869.110
       72200.635       28466.543        1714.883
       73279.414       28467.500        1584.646
       63305.534       29484.890        1722.841
       41532.660       29314.077        1771.460
       79262.517       27908.184         409.084
       75720.790       27801.153        1048.635
       77638.418       28080.543         666.519
       76125.368       28968.695        1059.053
       78325.838       28311.601         780.974
       79667.676       28171.861         386.004
       79667.676       28852.133         404.271
        2727.418       29059.892         795.145
         660.166       28983.950         542.078
         272.025       30188.947         284.406
        7745.412       28825.875        1724.857
       10757.276       28888.740        1813.224
        6375.921       29914.917        1574.168
       12475.325       28818.358        1869.050
       15481.176       29067.551        1868.937
       10419.875       30527.115        1722.804
       25981.740       29279.030        1771.663
       11691.273       29178.076        1863.833
       14499.919       29313.197        1869.043
       18741.263       28582.511        1795.999
       18122.891       29813.867        1869.028
       10693.796       29847.186        1722.744
        7409.176       29977.129        1687.321
       21219.052       28758.184        1771.522
       18161.599       29155.728        1795.999
       25130.174       28976.304        1790.278
       19884.605       29122.041        1722.778
       32017.228       28917.501        1722.792
       20547.685       29732.451        1811.741
       30314.597       29808.814        1867.566
       21745.367       29873.733        1722.870
       24341.853       29264.243        1767.746
       23847.228       29918.534        1771.613
       19908.578       29750.085        1829.419
       64817.291       29165.119        1839.079
       28530.521       29174.049        1796.033
       30401.385       29071.250        1869.149
       39307.892       28900.383        1795.995
       36081.732       29217.173        1783.367
       38956.853       29682.952        1771.609
       73224.230       29049.596        1662.184
       22422.034       30292.877        1722.870
       43827.505       28981.640        1795.887
       45967.119       28964.569        1764.543
       35811.742       29927.429        1776.164
       19632.910       30527.274        1869.075
       17081.010       30260.270        1869.056
       24581.911       30370.982        1848.747
       36668.668       29348.371        1796.030
       48315.312       29027.952        1869.148
       43014.643       29331.163        1857.030
       53434.995       29338.165        1858.110
       39946.098       30036.257        1784.692
       41501.917       30067.546        1765.308
       12099.250       30889.496        1722.778
       49093.226       29250.496        1869.148
       49996.114       29282.272        1869.083
       45126.065       30050.884        1857.816
       47265.844       29391.798        1865.696
       55094.030       29020.609        1869.293
       52069.936       29494.167        1771.567
       50034.262       29897.988        1795.871
       42198.145       30378.526        1786.621
       47408.109       30220.916        1859.298
       56337.213       29268.042        1869.119
       61196.183       29320.828        1869.044
       53388.480       30015.751        1869.464
       15167.713       30428.906        1847.533
       32793.345       30893.432        1719.415
       54365.489       29405.582        1796.249
       59115.487       28921.581        1722.795
       62189.226       28991.439        1722.762
       58740.671       29922.108        1771.637
       65489.506       28834.873        1849.131
       70148.323       28965.812        1869.145
       69528.474       29291.614        1796.136
       59427.015       30266.869        1741.290
       62572.383       29521.465        1722.815
       66439.542       29118.594        1764.637
       60408.093       30243.833        1832.643
       78036.054       28932.579         730.506
       68249.611       29320.603        1722.705
       56332.225       30258.607        1834.454
       40531.337       30421.861        1771.518
       15170.747       31101.214        1869.047
        2006.483       30591.874         629.647
       74627.448       28971.753        1444.617
       71396.030       29262.577        1826.653
       71481.766       29814.785        1757.220
       73886.357       29686.280        1512.436
       68306.170       30309.421        1796.058
       63992.084       30172.562        1722.737
       75314.819       29294.437        1186.559
       77051.524       29396.549         863.950
       78972.733       29209.435         563.898
       79305.057       29949.139         555.003
        5680.508       30175.568        1442.039
       16153.732       29994.044        1857.949
        3576.954       30587.664         934.744
         932.191       29581.060         476.414
        1935.144       29630.511         696.583
        4365.461       29873.535        1238.767
       31778.674       30566.439        1869.121
       30988.637       30539.678        1869.100
        2694.209       30969.919         747.073
        4286.304       31153.179        1210.566
        8104.014       30339.298        1724.740
       14215.619       29961.253        1858.605
       12416.426       30154.381        1722.778
       20909.985       30879.730        1859.943
       13519.621       30250.199        1869.044
       27082.239       31057.374        1796.030
       37839.793       30464.505        1765.458
       13915.506       30927.886        1745.185
       26300.875       29968.967        1854.035
       28772.207       30213.039        1751.264
       27977.106       29906.454        1796.010
       20842.241       30205.424        1778.276
       16797.201       31522.670        1846.378
        6416.819       31154.314        1604.078
       25687.417       30356.693        1807.802
       26985.240       30295.135        1838.969
       20339.762       31183.947        1866.071
       34883.345       29851.751        1855.912
       37083.482       30135.088        1765.464
       29675.316       30166.417        1836.253
       34098.698       30241.690        1795.994
       38147.986       29745.649        1771.668
       33090.748       30249.140        1869.059
       43888.504       30339.521        1760.237
       29701.759       30939.744        1722.768
       39251.309       30413.734        1784.789
       34377.900       30972.935        1730.843
       43155.465       29996.553        1795.880
       47004.840       29933.238        1822.682
       36963.800       31057.234        1839.459
       22985.000       31544.223        1722.373
       22234.927       31503.770        1771.576
        8427.587       31196.470        1740.808
       36510.614       30401.325        1771.660
       46996.684       30901.211        1860.411
       43597.418       31084.458        1771.534
       39252.256       31042.893        1722.902
       14614.537       31311.248        1807.114
       45245.799       31357.258        1796.029
       52769.900       30222.692        1771.723
       45910.511       30315.914        1827.131
       54318.975       30083.168        1796.250
       41929.238       30942.428        1722.734
       49131.374       29866.212        1844.722
       51309.964       29563.695        1795.967
       56893.208       29876.341        1844.100
       48411.882       30239.711        1869.149
       50681.795       30207.935        1722.852
       52443.387       30963.220        1771.672
       55074.565       30354.250        1834.487
       58010.553       30889.258        1832.702
       44205.032       31402.237        1796.019
       61121.816       29913.608        1850.436
       57922.276       30169.742        1758.405
       62151.540       30145.716        1768.046
       70253.848       30106.541        1771.521
       56687.466       30836.583        1862.187
       77260.756       30001.598         783.443
       64897.646       29867.554        1771.442
       66569.100       29912.588        1795.856
       60753.870       30866.572        1856.075
       67618.992       30018.966        1722.905
       69548.264       29880.136        1796.132
       64257.197       30934.477        1722.790
       56014.654       31245.064        1830.833
       47562.715       31299.696        1860.826
       31777.662       31921.049        1784.515
       17849.463       31561.359        1722.864
       65918.124       30323.818        1771.429
       73191.218       29616.227        1630.562
       75251.017       30078.941        1279.294
       70014.305       30910.035        1722.738
       72198.175       30167.477        1722.311
       65464.995       31292.314        1795.755
       71872.403       30922.211        1742.424
       45609.206       31912.973        1722.902
       74205.681       30318.378        1466.124
       75666.726       30358.273        1150.312
       76624.179       30312.651         966.823
       76888.748       30983.590         817.051
       78858.979       30968.520         455.994
       78577.610       30277.332         591.234
       15758.451       32309.587        1869.121
       28100.548       31442.020        1722.833
        4299.533       31811.459        1138.066
         272.025       30869.219         354.311
        1003.530       31222.695         438.351
        5644.554       30869.644        1334.530
        7709.017       30952.223        1683.221
        9760.739       30678.258        1718.102
       17102.679       30934.001        1869.052
       13591.309       31595.706        1770.805
        8440.925       31728.346        1773.975
        9402.239       31269.369        1713.858
        9415.578       31801.245        1760.285
        6150.091       31789.219        1435.370
       11084.230       31188.994        1722.804
        7778.016       32168.914        1754.446
       18556.000       31678.194        1771.601
       28798.650       30986.366        1722.833
       14836.952       31983.280        1869.042
        3556.809       32235.184         861.794
       18851.098       30604.434        1869.079
       21815.060       30964.327        1796.060
       24689.658       31314.860        1714.802
       36155.619       31358.839        1796.037
       23932.938       30986.047        1796.103
       25654.014       31004.955        1710.713
       32187.890       31249.413        1794.240
       30331.879       31312.618        1795.913
       26364.470       31379.468        1771.750
       17543.985       32150.028        1761.918
       20385.141       31993.126        1795.986
       49158.454       31936.214        1869.288
       35053.238       31358.497        1746.872
       33425.202       31982.440        1762.493
       33392.106       31273.919        1734.850
       38657.997       31342.786        1771.658
       37960.120       31119.020        1751.474
       40222.909       31037.777        1869.145
       30711.687       32011.015        1745.484
       42911.523       31636.896        1756.690
       54265.249       31377.125        1845.752
       36385.840       32081.173        1771.592
       23328.609       32972.903        1795.884
       45959.589       30983.918        1863.337
       40924.583       31247.364        1796.012
       55021.305       30985.869        1854.133
       37166.630       32352.163        1795.953
       40590.617       31954.719        1771.581
       25361.407       32366.797        1771.761
       48601.253       30883.563        1860.822
       51115.254       30878.935        1771.620
       49226.992       31215.501        1796.081
       57481.320       31862.232        1709.086
       59317.979       30836.718        1780.143
       57336.726       31173.833        1843.960
       50373.968       31274.426        1771.755
       44636.346       32305.556        1722.886
       43225.303       32408.846        1824.602
       53061.501       31418.617        1845.885
       60072.635       31141.560        1824.652
       61784.063       31200.428        1855.767
       62468.009       30809.796        1868.254
       58719.913       31211.472        1869.156
       55989.475       31975.264        1853.335
       66220.360       30986.663        1734.649
       68009.723       30878.238        1858.173
       60103.400       31858.529        1869.166
       56806.881       32255.182        1771.435
       67229.498       31230.675        1797.587
       63507.783       31167.936        1795.897
       63683.501       31992.119        1771.511
       58454.991       31829.609        1762.443
       46278.554       32581.677        1722.777
       73667.746       30949.904        1510.211
       75312.571       30993.854        1154.325
       69238.934       31951.033        1795.886
       67521.534       31926.432        1869.016
       38424.245       33030.441        1771.622
       14204.369       32255.862        1835.546
       32261.722       33008.856        1796.020
       69012.274       31252.447        1771.507
       70916.451       31373.013        1722.738
       72584.508       31309.657        1662.688
       74358.927       31346.048        1476.926
       74430.528       31969.518        1128.395
       70600.733       32283.460        1770.336
       68528.419       32272.582        1869.010
       75945.187       31355.379        1121.435
       77806.693       31363.724         626.919
       79586.426       31320.599         366.550
       16144.240       32927.402        1771.392
        6811.450       32210.551        1651.718
        6504.128       32978.533        1646.014
        2660.835       31959.160         678.892
         731.505       31986.129         511.201
        2406.434       32635.140         668.141
       11069.925       31976.484        1722.706
        5391.055       32162.830        1219.330
       10028.338       32254.738        1722.642
       12496.017       32656.325        1843.931
        5283.092       32889.715        1287.076
       12878.248       31653.135        1770.805
       16097.899       31679.039        1869.118
       10001.458       32994.015        1771.451
        8040.923       32923.018        1798.358
       29173.022       32755.931        1722.561
       38232.086       32317.770        1795.987
       39897.168       32344.688        1832.535
       17862.746       32943.816        1869.113
       24438.955       31917.895        1723.027
       21375.230       32228.352        1722.808
       19623.378       33070.567        1722.864
        5674.797       33948.158        1498.744
         705.350       33283.788         547.102
       19383.192       32410.213        1722.864
       26322.566       32138.275        1771.751
       23467.032       32183.419        1722.373
       26912.579       32518.909        1869.197
       28445.401       32430.214        1722.630
       25337.212       33014.140        1848.209
        2688.255       33359.935         779.930
       34733.276       31979.491        1663.411
       30111.086       32419.512        1795.932
       27668.319       32769.304        1722.593
       34091.034       32302.451        1762.289
       32416.213       32273.590        1808.463
       46963.667       32660.727        1722.170
       35477.088       32986.550        1771.463
       38957.354       31968.940        1855.806
       35372.685       32313.887        1795.937
       27279.457       33413.973        1720.364
       42267.441       31515.234        1722.780
       41513.112       32283.970        1771.612
       54174.955       32097.428        1852.938
       52123.105       33115.645        1716.392
       39843.063       33065.537        1777.640
       22294.749       33318.353        1795.868
        8652.370       34120.860        1795.721
       43915.077       32092.438        1722.902
       47574.140       32017.168        1771.762
       43190.827       33053.349        1869.093
        9001.548       33294.923        1868.940
       50305.430       31995.139        1796.184
       52706.651       32111.677        1869.299
       48544.139       32321.748        1771.817
       51085.806       32370.105        1838.150
       59083.822       32171.824        1722.640
       54905.832       32436.372        1869.089
       42757.885       33393.172        1869.090
       46009.406       33958.462        1704.779
       52127.628       32426.736        1775.827
       53235.257       32477.650        1820.631
       41241.335       34101.938        1795.926
       58497.405       33000.512        1771.492
       71276.219       32047.851        1715.909
       77823.453       32131.656         733.196
       61754.188       31961.668        1869.156
       65753.437       31985.676        1868.935
       60376.725       33121.784        1861.463
       52690.125       33436.868        1718.616
       60754.760       32344.782        1869.165
       62613.853       32395.220        1771.603
       15149.047       33352.560        1722.607
       79586.426       32000.871         348.834
       65219.359       32643.854        1868.869
       66800.838       32375.782        1869.050
       72309.197       31973.623        1629.315
       75663.406       32024.445        1003.791
       72190.433       33024.015        1754.152
       72673.352       32277.667        1542.671
       70577.541       32888.266        1762.609
       73697.552       32307.148        1390.960
       76248.488       32389.956        1121.009
       76022.116       33079.604        1027.285
       69203.561       33302.556        1726.835
       63960.486       34257.164        1783.690
       64110.986       33273.153        1787.767
       49605.348       33286.666        1856.320
       15162.288       34103.619        1722.539
       29195.419       34061.923        1795.698
       77151.101       32488.796         820.179
       78875.739       32416.724         468.210
       55023.047       33423.047        1795.912
        7102.277       33342.274        1753.547
        4201.398       32942.017        1104.431
        1436.855       32616.856         560.628
        3587.245       33390.787         965.780
        5734.805       33284.086        1471.737
        2454.075       33956.324         645.854
       11702.714       32680.176        1771.448
       14130.675       33007.327        1770.771
       21432.325       32957.835        1722.808
       10977.575       33421.881        1771.436
       35249.705       33892.681        1722.705
       13497.657       33653.858        1770.771
         735.399       34288.142         562.005
       26523.716       33163.578        1711.630
       20682.422       33382.962        1780.960
       18890.006       33382.049        1795.989
       12792.821       33665.941        1843.886
       22277.243       34135.765        1856.667
       17248.274       33288.027        1771.388
        9451.881       34452.394        1722.615
       29546.662       33440.486        1769.391
       26004.660       34054.964        1869.137
       24276.338       33354.722        1860.089
       25909.508       33430.287        1770.284
       16161.449       34390.074        1706.696
        3164.972       34317.103         854.872
        5011.851       34255.929        1315.205
       30484.727       33104.067        1867.086
       34183.013       32868.415        1840.213
       51058.751       34105.818        1722.744
       48085.311       33702.036        1771.779
       33784.842       33597.859        1869.045
       31349.214       33383.335        1795.997
       27091.477       34073.721        1722.602
       34929.658       33218.117        1756.602
       39095.408       33402.460        1869.017
       36802.341       33026.545        1722.924
       41227.178       32938.432        1795.928
       32961.766       33680.207        1771.640
       36125.954       33428.217        1722.705
       29879.088       34361.566        1825.361
       35895.818       34001.440        1693.176
       25403.627       34418.236        1771.461
       37457.472       33405.160        1724.340
       40250.578       33330.031        1755.868
       41862.343       33281.468        1771.541
       45035.879       32950.554        1722.853
       48657.440       32970.572        1759.070
       40301.737       34015.951        1755.868
        3439.327       34980.110         957.660
       44280.135       33381.939        1795.980
       45999.062       33165.087        1704.729
       50651.558       33000.864        1869.064
       53223.254       33113.932        1723.063
       54281.640       33103.184        1869.047
       64456.767       32648.501        1771.509
       63056.700       33408.784        1722.879
       43220.516       34307.761        1818.892
       41868.396       34486.587        1825.233
       44284.745       33928.743        1869.107
       51424.807       33407.675        1771.523
       57194.135       33051.247        1771.455
       62332.833       33187.232        1722.854
       54589.328       34146.643        1771.585
       45050.834       34290.734        1795.991
       27856.718       34376.204        1795.695
       56784.349       33723.252        1864.161
       59436.221       33654.926        1850.986
       31937.160       34637.541        1795.996
       61095.133       33530.683        1796.032
       66866.230       33184.065        1869.045
       68516.238       33019.298        1795.890
       67574.745       33481.432        1869.007
       66159.481       33763.520        1849.818
       64448.409       33806.556        1787.764
       58440.043       34628.611        1838.617
       60408.558       34400.740        1796.062
       74020.819       33055.685        1331.989
       77465.189       33037.718         848.304
       70903.342       34012.029        1734.957
       69327.663       34029.717        1724.419
       71253.083       33345.849        1760.164
       79289.313       33068.914         594.018
       73269.861       33730.602        1581.109
       66927.914       34801.826        1869.038
        6946.766       35038.537        1687.717
       75146.145       33443.061        1101.574
       76897.219       33366.581         938.522
       78551.116       33332.768         652.748
       76310.439       34429.456         895.485
       36097.989       35102.007        1722.705
       56010.845       34738.249        1722.877
       14057.510       34409.129        1795.875
        4033.913       34023.875        1118.643
        1440.749       33898.460         572.089
        7397.276       34076.665        1743.565
       10777.176       34054.323        1795.903
        6739.119       34376.996        1667.560
       56054.860       33708.159        1869.043
       12895.998       34957.344        1722.993
       13785.382       35113.473        1796.000
        5075.397       34985.261        1341.760
       17252.242       33999.640        1706.696
       11555.995       34270.634        1735.472
       19223.124       34123.817        1869.120
       12463.291       34265.084        1814.916
       20135.457       34362.190        1771.475
       31320.076       34018.545        1722.880
        6273.025       35265.435        1618.907
       20861.383       33932.819        1780.881
       18199.832       34397.197        1771.614
       17893.271       35104.413        1795.975
       24247.601       34134.141        1771.410
       21593.780       34325.104        1868.909
       21537.286       35043.774        1795.792
        8553.483       35806.925        1722.649
       10280.164       35388.187        1795.897
       23282.366       34569.735        1759.118
       30787.788       34297.444        1738.417
       32666.342       34673.682        1722.880
       58773.026       33653.723        1869.191
       27808.292       35147.787        1858.393
       37068.428       34204.625        1774.449
       38847.909       34150.972        1785.445
       34550.548       34192.390        1771.471
       30716.074       34914.771        1845.749
       59414.673       34302.334        1837.746
       29075.279       35450.832        1858.377
       42782.963       34100.780        1779.179
       36183.161       34399.233        1710.174
       19854.979       35521.432        1796.100
       12253.110       35318.678        1771.668
       38220.055       34828.899        1768.899
       39646.723       34499.970        1793.580
       31020.557       35318.097        1869.113
        2659.514       35407.552         853.070
       47361.538       33696.771        1722.170
       49260.720       34015.418        1868.988
       52775.177       34124.101        1794.694
       44701.516       35107.625        1722.875
       42861.355       34945.202        1769.902
       46993.216       34645.803        1722.758
       48345.067       34398.221        1869.176
       48114.737       35823.885        1771.690
       46029.780       35685.408        1709.902
       49940.873       34427.760        1795.833
       52051.225       34744.035        1795.865
       37971.428       35993.633        1869.007
       38381.961       35406.358        1739.606
       24691.432       35777.119        1722.682
       53668.416       34486.770        1868.290
       61148.514       34162.230        1766.055
       63066.779       34051.224        1763.439
       65134.842       34151.464        1851.249
       59044.698       34852.337        1808.049
       65467.964       34895.301        1722.822
       57754.636       34647.406        1864.236
       54320.556       35470.870        1823.139
       76908.914       33954.167         853.777
       62396.292       34461.220        1766.020
       54959.526       35481.544        1722.877
       65560.011       33613.415        1852.806
       67567.897       34158.878        1869.008
       72463.676       33728.412        1721.893
       70351.903       34281.607        1724.782
       66228.013       34703.836        1847.545
       47394.344       35778.516        1771.542
       68976.563       34635.824        1770.241
       75422.774       34205.326        1034.731
       71880.419       34324.784        1746.090
       71870.487       34947.745        1748.076
       68275.140       35306.805        1786.991
       70915.223       34971.881        1795.446
       36698.067       36733.114        1868.985
       75054.230       34796.666        1293.733
       78950.410       33938.145         458.442
       77876.179       34230.681         695.130
       78266.385       34919.007         719.758
       79688.607       34354.563         309.249
       79340.616       34966.607         372.273
        5320.708       35960.756        1315.204
        6336.860       36623.808        1563.589
        4310.822       36438.701        1040.436
        5654.071       35311.069        1491.748
        1371.833       35026.818         668.002
         636.434       35432.554         592.946
        4371.814       35416.214        1161.403
       16482.404       35387.617        1795.950
       31014.862       36079.678        1869.113
       14426.883       35488.723        1722.993
        9235.485       35121.428        1722.670
       11275.378       34935.465        1795.899
       15698.172       35070.834        1722.833
       20492.242       35046.041        1771.536
        4613.468       36044.584        1216.970
       23313.415       35252.323        1767.179
       25444.793       35175.415        1771.485
       12579.992       36063.198        1796.011
       22538.540       35831.881        1767.423
       26004.658       35527.622        1857.837
       15873.774       36111.316        1869.066
       18537.385       36183.241        1796.005
        5603.826       36603.180        1421.190
        7826.527       36050.467        1720.476
       18563.671       35561.397        1796.030
       29807.373       34978.893        1853.337
       39939.587       35137.874        1869.011
       21896.441       35767.509        1771.628
        7829.954       36975.102        1741.232
       33422.254       36185.761        1858.938
       35410.613       35443.908        1771.456
       25892.596       36206.592        1840.441
       17962.751       36533.806        1869.127
       27001.883       35560.783        1861.605
       34448.747       35028.910        1722.705
       37440.245       34840.966        1771.518
       31709.355       35319.766        1869.111
       33387.617       35427.855        1869.114
       36798.625       35505.452        1722.776
       48348.657       35117.388        1722.942
       27931.242       36558.173        1730.263
        8846.041       36406.814        1722.753
       53191.814       35892.415        1862.697
       39610.468       36046.723        1869.029
       41839.796       35081.104        1795.953
       46286.192       34661.231        1709.920
       49694.512       35171.188        1771.516
       39302.679       35366.335        1825.878
       41130.982       35402.999        1722.835
       41455.740       35986.943        1795.950
       49017.948       35478.014        1869.176
       43945.358       35736.015        1869.098
       28573.159       36509.703        1767.843
       51348.602       34720.312        1722.744
       50672.515       35405.591        1795.838
       56345.018       35372.176        1723.792
       59302.409       35584.309        1750.587
       49471.752       36117.609        1722.942
       42442.965       36382.482        1869.092
       53728.312       35208.849        1847.360
       55288.194       34879.396        1722.850
       52407.966       35790.269        1869.024
       60777.305       35036.539        1765.348
       62276.598       35075.731        1795.961
       54985.970       36015.795        1722.877
       54347.000       36005.121        1810.290
       69536.772       35254.121        1865.175
       57359.320       35266.239        1772.860
       60041.130       35670.105        1741.370
       61397.566       35412.541        1850.170
       58955.941       36348.178        1785.298
       53757.871       36452.280        1849.532
       64041.292       34904.419        1750.975
       63027.891       35312.990        1732.217
       68260.580       34693.121        1777.637
       64862.337       35197.648        1795.950
       62429.702       35999.746        1795.965
       67316.110       35366.293        1826.529
       73630.074       34695.159        1539.894
       76514.343       34996.257         864.604
       69139.369       35893.435        1722.789
       63263.394       36268.696        1845.293
       65664.951       36370.686        1722.840
       58091.129       36293.626        1863.607
       39209.230       37464.568        1865.552
       16669.763       36514.491        1869.073
       70451.192       35338.288        1869.028
       72813.957       35315.931        1684.817
       74347.131       35039.285        1423.952
       74589.811       35931.211        1271.039
       75941.374       35359.505        1052.670
       77503.023       35209.294         758.383
       79364.632       36013.933         348.302
       73889.571       36354.358        1623.353
       68181.336       36224.001        1754.679
       29865.700       37105.434        1795.996
       79652.009       35305.922         349.986
       14527.041       36382.925        1869.022
       11820.256       36348.136        1840.035
       10226.852       36693.936        1795.866
        2576.128       36218.492         760.364
         636.434       36112.826         577.028
        1288.446       36518.031         573.664
        3304.933       36584.573         975.911
        6672.695       35935.751        1689.784
        7346.436       35708.854        1722.257
       10498.158       36056.338        1840.046
       13864.382       36077.114        1795.992
       20460.177       36111.396        1722.944
       23951.518       35811.471        1722.623
       12166.507       36979.520        1868.958
        8400.240       37024.902        1754.756
       19764.458       36443.940        1791.777
       21456.594       36359.739        1722.989
       25665.233       36771.208        1844.530
        2577.618       37377.674         878.588
       45384.037       36735.615        1842.012
       16342.587       37213.467        1771.718
         637.337       37341.357         541.445
       27246.860       36281.068        1796.090
       29301.359       36134.016        1795.997
       23518.309       36780.930        1795.948
       20077.355       36991.653        1846.228
       25023.934       36693.943        1771.607
       21474.926       37053.332        1817.473
       37167.902       36080.660        1795.891
       30253.017       36422.806        1771.613
       28221.601       37507.371        1867.616
       26522.636       36562.737        1722.975
       17325.002       37560.151        1755.581
       31703.660       36081.347        1869.117
       35361.364       36272.894        1868.417
       38626.672       36411.472        1869.009
       28840.667       37098.075        1864.535
       46683.077       37093.909        1869.199
       32388.255       36471.216        1869.141
       32078.687       37188.080        1771.620
       20918.061       38005.718        1869.228
        3009.318       38064.920         888.620
       18247.768       37153.754        1850.050
       34764.268       36925.956        1796.019
       43139.765       35662.637        1795.972
       40572.134       36402.205        1869.088
       38583.927       37147.374        1867.860
       45403.676       35799.530        1764.612
       50885.354       35983.401        1843.775
       46730.384       36373.765        1771.552
       64295.121       36296.304        1760.258
       48796.041       36460.768        1771.690
       52311.171       37045.146        1869.156
       35728.719       37783.072        1845.932
       19138.068       38104.558        1771.634
       50361.154       36388.593        1869.176
       51952.111       37335.321        1868.166
       56423.324       36030.801        1722.877
       51918.181       36344.356        1843.780
       47270.047       37398.997        1843.487
        3723.733       38508.227         945.585
       13236.272       37432.315        1869.048
       57437.626       35924.864        1796.942
       56446.468       36649.099        1753.874
       61419.194       36110.377        1858.735
       61235.679       36761.299        1848.729
       53330.737       37491.100        1796.005
       64968.532       36021.048        1771.586
       67246.796       35913.391        1841.558
       60477.876       36697.029        1808.521
       55272.417       37333.803        1864.297
       66599.103       36225.242        1869.055
       67166.587       36837.097        1844.135
       64166.118       37052.227        1852.783
       58994.113       37095.329        1725.132
       68593.720       35888.822        1722.789
       70722.188       36058.943        1867.032
       72830.774       36083.204        1654.257
       75558.828       35920.830        1137.678
       69783.278       36344.874        1795.904
       68094.277       36865.121        1758.529
       69464.464       37109.370        1795.905
       71826.019       36498.026        1746.116
       59777.326       37358.384        1750.525
       61480.655       37401.312        1758.038
       77603.306       36016.234         730.917
       76232.080       36364.522        1127.171
       75953.725       37149.199        1142.399
       22167.568       37437.426        1869.224
       78390.682       36433.137         544.857
       79712.623       36422.297         305.852
        4604.512       37463.082        1024.603
        4974.144       37070.894        1223.377
        3305.521       37195.495         864.980
        1289.349       37066.290         549.823
        9521.144       36714.698        1722.721
       14266.004       37134.172        1869.106
        9075.343       37332.785        1752.578
        7014.028       37321.546        1810.244
        4591.024       38088.568        1109.000
       30009.302       38103.089        1722.843
       11168.553       37285.533        1722.721
       20791.405       37352.701        1833.147
       24652.215       37583.629        1722.803
       33871.029       38074.942        1819.496
       12842.855       38150.650        1868.989
        8865.379       38093.669        1752.679
        6701.055       38083.802        1574.609
       15285.561       37561.539        1771.703
       22791.335       36808.204        1796.041
       19135.298       37350.901        1852.913
       26936.059       37242.221        1796.095
       27586.909       37241.983        1784.537
       26644.758       37808.583        1851.700
       44355.181       38012.212        1869.142
       23638.499       38341.853        1821.550
       20206.781       38398.326        1771.645
       30625.022       37455.197        1771.608
       32882.699       37456.613        1722.848
       13516.495       38523.120        1869.006
        4981.560       38725.892        1271.706
       34129.936       36909.756        1761.453
       36011.261       36833.927        1847.996
       33899.948       37463.743        1722.900
       53997.303       37130.886        1864.316
       40962.381       37141.547        1869.130
       37820.748       37689.469        1771.460
       37047.121       37626.616        1795.844
       32853.780       38067.811        1755.064
       40216.403       37448.580        1796.013
       42942.108       37353.048        1833.902
       39121.007       38108.596        1764.146
       42215.079       37079.225        1869.097
       43975.587       36729.684        1833.902
       40546.298       38135.928        1771.639
       49101.715       37141.529        1869.191
       44712.107       37037.378        1869.132
       58114.384       37978.534        1825.438
       45962.834       37341.637        1808.768
       45956.479       38048.335        1804.840
       47892.098       38344.528        1869.180
       34730.357       38783.703        1796.017
       50317.353       37004.231        1869.187
       48723.116       37751.448        1860.456
       48020.635       37675.522        1869.182
       24954.922       38586.624        1868.900
        7501.307       38501.655        1750.417
       50979.107       37379.104        1868.855
       55671.954       36665.872        1771.624
       57812.759       36949.708        1842.442
       53535.359       38132.134        1771.621
       28615.819       38396.955        1771.627
       63134.391       37024.619        1863.657
       57182.400       37199.245        1842.487
       65509.385       37122.911        1769.459
       58453.980       37379.940        1789.100
       57410.820       37917.307        1843.680
       66464.374       37313.632        1833.745
       68429.010       37329.275        1759.160
       61183.627       38102.632        1853.027
       62352.701       37432.957        1763.291
       64453.360       37735.629        1795.959
       52889.985       38379.706        1759.329
       45020.756       38417.147        1847.690
        8405.712       39417.124        1716.194
       65116.365       37798.981        1722.840
       78012.188       37181.555         648.794
       71977.951       37201.259        1743.208
       73985.815       37049.176        1631.744
       68017.255       37971.681        1759.178
       79712.623       37102.569         281.829
       70146.077       37525.469        1796.051
       71290.079       37513.536        1869.316
       65691.775       38450.750        1842.585
       71198.855       38839.612        1765.039
       73078.950       37481.254        1655.101
       74716.031       37376.847        1315.696
       74681.776       38161.637        1404.236
       69226.514       38432.928        1829.094
       56661.340       38311.283        1769.165
        2125.976       38424.212         725.258
       75310.450       37456.326        1166.888
       77214.988       37778.189         782.453
       79369.896       37714.686         393.841
       78643.411       37714.604         595.749
         404.927       38425.779         388.617
       15625.152       38289.509        1796.167
        1042.263       38012.034         500.712
        9614.509       38508.963        1771.530
       15269.960       39065.087        1856.023
        1870.727       39119.518         499.338
       11548.196       38023.086        1722.721
        5707.770       38718.139        1416.298
       16960.198       38204.270        1796.080
       14898.839       38534.410        1869.293
        2517.382       39540.311         701.053
       10909.824       38464.871        1771.476
       27009.555       38445.059        1724.079
       32074.048       38527.142        1796.010
       38120.455       38746.759        1770.854
       21943.249       38096.250        1869.227
       22359.888       39007.597        1862.642
        6832.427       39426.311        1646.725
       11222.259       39197.785        1858.780
        5833.657       39430.862        1485.426
       17653.721       38551.522        1869.109
       18609.887       38596.525        1722.854
       23886.505       37636.265        1768.097
       22690.627       38375.828        1840.960
       25665.379       38619.445        1867.462
       35144.469       37850.112        1869.147
       26003.971       37693.716        1852.372
       27935.548       38144.084        1789.972
       41631.764       38550.052        1869.108
       24555.251       39364.135        1868.588
       46540.283       39229.995        1768.555
       24004.539       39066.729        1869.179
       30717.732       38531.369        1722.841
       26244.986       39309.364        1865.607
       19633.669       39637.896        1722.167
       42681.858       38053.576        1869.068
       36370.668       38317.465        1791.722
       38795.411       38848.691        1798.497
       34056.753       38788.666        1782.699
       47141.510       38068.003        1817.793
       49703.135       38435.915        1860.451
       40254.171       39206.990        1764.146
       39802.354       38498.475        1722.895
       36500.525       38997.039        1771.498
       16284.171       40128.929        1868.395
       51701.408       38484.620        1845.914
       43358.412       38405.045        1832.551
       46548.184       38469.613        1722.950
       42969.855       39160.221        1796.039
       54939.300       38749.595        1869.020
       68453.961       38403.695        1755.979
       44673.878       39136.985        1869.126
       50743.488       38200.869        1869.179
       52326.302       38028.848        1799.412
       49354.690       39132.739        1861.583
       36247.503       40112.965        1845.262
       76588.366       37833.648         900.545
       55622.130       38050.169        1795.927
       59854.630       38046.705        1771.649
       52914.024       39066.040        1801.985
       62691.257       38157.059        1771.761
       63760.188       38432.123        1869.112
       58731.820       38382.244        1795.953
       51363.735       39563.851        1869.138
       60153.291       39194.811        1849.482
       60538.995       38436.616        1861.174
       56632.133       39025.711        1795.915
       51017.232       40528.190        1777.583
       47588.979       39807.277        1776.132
       13630.479       40163.493        1860.759
       12044.443       40087.370        1844.488
       62136.085       38799.164        1751.805
       66645.428       38103.947        1833.744
       67323.780       38304.739        1869.073
       65478.033       39073.759        1859.537
       69838.476       38115.768        1771.739
       71616.896       38201.104        1766.751
       68525.486       39095.623        1722.799
       73431.414       38078.998        1618.288
       75276.195       38241.116        1272.493
       70564.438       38742.342        1771.739
       69298.039       39124.856        1722.772
       61195.685       39788.389        1857.919
       72657.232       38486.572        1702.556
       74304.024       38431.709        1484.559
       74264.627       39219.925        1520.536
       50018.247       39618.124        1869.191
       76279.586       38783.131         999.757
       78231.221       38709.353         672.283
       79657.273       39047.490         439.126
       77489.371       38721.609         823.950
       79657.273       38367.218         396.161
       41996.379       39459.867        1869.151
        5511.457       40025.564        1304.290
       16302.174       39451.686        1856.031
         382.088       39397.207         331.059
         787.014       39047.476         328.150
        3487.046       39288.313         793.974
        4082.137       39484.707        1014.017
        2100.009       40208.762         659.544
        7506.793       39131.441        1719.004
        9149.356       39202.632        1792.671
        8731.572       40039.960        1869.129
       22913.366       39387.350        1796.067
       13096.697       39119.023        1858.645
       14505.603       39434.534        1869.224
       20330.142       39173.320        1722.837
       10252.805       39864.712        1865.143
       12117.935       39485.681        1852.161
        3811.332       40472.504         891.543
       18362.492       39639.109        1864.236
       13714.684       39499.759        1869.233
        2721.909       40596.485         737.637
       17347.429       39262.051        1869.155
       18982.127       39354.870        1788.027
       23610.145       39480.457        1796.062
       37476.685       39363.479        1770.798
       13366.499       40748.930        1768.792
        6152.940       40401.399        1582.295
       21320.760       39403.645        1765.036
       23512.129       40244.796        1794.774
       30303.435       39237.029        1795.957
       26229.528       40119.800        1864.905
       27536.953       39461.375        1798.480
       22815.351       40151.689        1795.693
       16872.592       40502.421        1782.938
       26948.375       39020.111        1828.427
       28278.404       39139.194        1722.842
       32356.556       39239.589        1869.197
       33322.012       39493.983        1860.296
       27841.517       40237.673        1796.103
       29257.590       39550.988        1722.915
       31034.085       40310.029        1851.557
       28866.788       40308.749        1771.699
       10561.842       40484.515        1867.640
       31284.060       39637.074        1869.109
       35017.208       39384.668        1869.133
       35841.225       39357.563        1869.131
       41334.842       39201.168        1869.143
       48246.134       39117.279        1846.375
       40180.629       39801.277        1777.009
       31798.229       40544.045        1796.128
       34636.156       40147.582        1722.976
       57369.043       39384.131        1844.885
       51980.883       39091.677        1848.849
       55658.541       39376.079        1869.018
       41985.241       40171.173        1795.986
       39070.143       40444.068        1834.912
       32762.131       40471.351        1869.241
       43619.747       39487.225        1869.092
       45601.699       39528.554        1863.121
       37248.685       40465.584        1821.984
        8074.978       40376.739        1755.434
       54231.266       38823.577        1869.018
       54004.614       39808.787        1869.065
       46217.338       40517.872        1815.621
       14853.037       41178.949        1848.776
       58402.708       39043.571        1852.947
       61500.501       38776.381        1781.611
       64209.452       39118.486        1859.563
       62458.142       39541.455        1779.375
       75610.691       38883.472        1113.946
       52686.296       40373.466        1771.644
       58863.815       40106.128        1851.869
       57001.004       40033.881        1869.017
       59139.814       39466.227        1855.985
       67015.769       39047.175        1722.826
       72622.080       39141.100        1648.635
       62169.005       40138.055        1749.499
       53017.229       41070.555        1722.946
       63902.214       39845.026        1865.603
       66123.676       39469.392        1869.085
       67573.910       40236.599        1765.102
       65519.595       40087.314        1795.963
       41250.161       40506.760        1749.462
       67780.770       39406.045        1722.808
       69901.190       39447.406        1771.534
       71572.933       39495.342        1786.025
       71194.293       40134.667        1723.093
       73042.322       40193.974        1700.136
       44864.730       40530.373        1778.928
        7806.706       41072.480        1694.455
       73356.865       39521.741        1651.505
       75349.348       39838.107        1155.395
       76933.127       39410.105         953.657
       76932.181       40134.999         802.887
       79300.433       40138.134         519.757
       78957.707       39389.706         516.322
       24568.301       40175.907        1822.010
        4486.148       40071.656        1215.781
         382.088       40077.479         371.075
        1048.427       40477.836         496.233
        7074.752       40048.773        1639.334
        9475.216       39825.468        1869.137
       11457.804       40419.276        1805.136
        4119.896       41089.730        1028.568
       19614.208       40286.158        1722.802
        6081.980       41084.869        1394.993
       15167.753       40406.063        1868.458
        8453.334       41514.200        1768.146
       12690.551       40732.952        1768.371
       20235.040       40587.055        1771.556
       14421.398       40098.267        1869.240
       18575.044       40287.379        1869.067
       33319.622       40178.442        1861.715
       33987.865       40532.122        1757.850
         656.761       41453.809         472.710
       21245.118       40169.119        1771.537
       17827.301       40518.442        1796.136
       18149.147       41199.286        1722.906
       12005.780       41381.716        1760.885
       39079.293       41078.853        1813.180
       22186.231       40537.409        1868.649
       20948.557       41537.289        1860.260
       12147.509       42185.504        1729.427
       23919.574       40642.840        1824.554
       25628.912       40760.498        1838.977
       24946.962       40729.014        1838.276
        3020.894       41450.837         944.847
       27237.480       40606.844        1864.894
       29662.658       40667.746        1851.542
       13842.703       41456.589        1759.404
       37818.568       40076.622        1840.124
       39403.216       39832.857        1794.978
       46856.149       39864.849        1722.950
       32803.923       41031.426        1850.358
       34019.097       41217.216        1779.308
       24946.718       42482.180        1660.499
       35466.899       40559.428        1764.840
       43914.049       40156.747        1820.723
       45498.248       40252.421        1839.031
       43253.019       40541.047        1773.447
       54803.122       40379.454        1869.063
       41540.349       41273.149        1767.135
       27944.421       41591.805        1829.515
       48049.395       40360.023        1744.097
       50082.402       40521.324        1741.176
       44368.834       41516.936        1816.473
       44934.228       41155.590        1737.031
       49370.108       40155.410        1757.388
       51650.426       40108.002        1796.022
       60493.106       39872.835        1867.949
       47700.485       41048.157        1748.903
       37218.172       41538.657        1649.010
       53332.746       39803.678        1869.070
       55749.015       40020.729        1852.685
       57388.572       40809.859        1869.048
       56020.276       41041.541        1860.454
       56354.569       40320.110        1820.015
       58194.307       40824.822        1867.608
       63138.478       39895.677        1869.086
       69877.050       40151.856        1767.111
       60085.581       41134.721        1846.957
       61091.498       41191.471        1723.006
       59833.637       40435.466        1844.511
       68270.580       40595.462        1795.904
       61542.132       40407.771        1794.887
       45546.132       42023.392        1658.299
       63143.192       40783.206        1860.353
       64566.714       40418.221        1858.594
       66154.916       41129.662        1722.890
       64557.924       41143.767        1869.074
       46920.937       41419.682        1745.770
       13875.027       42120.227        1719.206
       33392.645       41423.612        1858.138
       17185.222       41469.735        1722.906
       66204.828       40495.650        1765.148
       74645.153       39913.807        1366.738
       69225.853       40498.592        1749.230
       70475.261       40438.928        1855.789
       70523.977       41090.488        1811.301
       69150.594       41205.635        1707.022
       72279.274       40796.732        1745.691
       76020.412       41090.096         935.105
       67861.525       41960.227        1613.932
       74317.084       40859.146        1376.959
       76017.297       40462.660         989.580
       70319.741       41798.042        1849.893
       59328.634       41555.177        1775.094
       78561.351       40767.876         544.171
       26307.306       41470.415        1809.586
        2327.088       41162.905         764.813
        1323.100       41173.893         510.158
        6735.519       41427.984        1566.743
        9676.155       41540.627        1817.920
        3072.945       42163.033         869.103
        5121.838       41469.022        1168.100
        5043.453       42135.889        1166.195
       10439.496       41123.833        1852.703
       11335.459       41058.594        1837.038
        8069.340       42206.240        1738.148
        4093.563       42468.793         947.802
       52219.240       41408.784        1723.006
       16508.840       41136.892        1710.557
       20253.211       41318.132        1866.124
       15605.704       41536.285        1845.059
       24610.094       41896.863        1698.893
       33360.478       42105.562        1795.873
       13196.738       42506.900        1727.511
       22555.816       41544.870        1749.259
       27258.570       41265.296        1832.651
       15218.185       42290.517        1844.538
       19275.694       41650.262        1771.509
       15852.654       42555.913        1542.965
       21871.499       41174.503        1795.632
       23596.223       41322.728        1831.789
       22279.885       42142.556        1722.765
       29718.182       41220.405        1796.024
       29004.126       41557.089        1722.902
       31131.401       41422.764        1796.072
       31427.177       41966.948        1767.494
       25961.981       42024.248        1751.175
       15131.822       43701.330        1494.654
       31840.021       41104.121        1796.127
       35851.811       41300.347        1726.020
       37834.443       41150.358        1810.780
       43638.306       41276.020        1754.041
       39813.369       41439.226        1669.523
       35052.299       41573.595        1772.921
       35417.768       42130.505        1755.247
       46219.035       41084.274        1750.762
       51255.113       41131.882        1811.423
       40879.673       42209.673        1703.133
       40871.819       41539.250        1810.638
       39570.507       42126.518        1545.627
       23276.501       42627.363        1692.221
       17567.936       43138.754        1576.591
       42990.878       41907.152        1753.878
       49676.266       41172.388        1766.461
       45569.444       41444.040        1677.256
       55122.452       41115.888        1863.354
       50554.949       41582.731        1839.648
       44882.910       42473.095        1641.613
       46400.331       42480.778        1481.878
       32147.967       43125.654        1783.351
       48615.062       41494.607        1750.311
       62466.784       40812.237        1789.639
       58407.182       41574.616        1869.371
       54370.671       41498.510        1796.095
       54334.041       42116.053        1739.192
       52579.084       42198.240        1754.864
       53340.444       42477.555        1717.223
       28741.264       42658.806        1740.104
       19781.347       42641.306        1743.482
       56650.621       41523.165        1869.087
       61775.451       41501.028        1757.814
       64227.275       41789.336        1784.212
       59221.766       42279.009        1704.845
       68195.320       41302.505        1739.663
       65460.893       41446.872        1722.940
       63529.409       41693.714        1801.655
       49912.705       42609.116        1852.879
       71488.444       40831.168        1745.348
       73622.015       40837.496        1571.297
       67193.444       41809.713        1612.985
       48182.957       42648.974        1689.546
       27617.059       43950.919        1493.915
       77475.827       40756.598         654.607
       71154.270       41466.707        1751.601
       71298.171       42069.973        1634.793
       72858.966       41440.255        1790.888
       77038.636       42006.260         670.047
       70743.558       42433.452        1547.041
       74660.967       41411.575        1169.234
       75462.895       41397.511        1047.985
       78989.121       42136.179         414.099
       71852.716       42435.036        1666.725
       76895.780       41390.097         801.433
       79260.917       41446.069         517.761
       72727.623       42138.888        1770.517
       20716.702       42238.980        1706.654
        6814.611       42496.525        1520.689
         656.761       42134.081         488.384
        2417.085       42808.503         726.141
        7501.804       42833.062        1592.544
        9926.252       42288.107        1715.413
        6082.686       42820.277        1397.307
        9326.822       42991.393        1539.208
        8692.731       42935.952        1732.547
        4420.861       43174.979        1290.708
       11444.390       42936.987        1624.566
       16916.555       42134.523        1640.089
       19035.686       42271.745        1732.179
       21363.713       42473.880        1719.252
       17640.472       42485.557        1634.008
       30451.332       42401.410        1740.540
       42263.144       41925.118        1750.405
       19670.518       43255.809        1615.798
         704.285       43510.630         583.532
       23908.081       42023.644        1750.860
       29441.501       42193.909        1738.541
       23023.700       43282.230        1628.047
       13518.508       43275.686        1634.828
       51314.838       43245.046        1707.380
       27627.668       42251.381        1724.177
       26596.492       42478.705        1696.054
       26233.762       43142.325        1575.958
       27987.136       42681.562        1692.533
       25252.882       43484.911        1411.770
       32755.613       42419.774        1754.396
       32783.926       43190.726        1624.960
       37499.391       42307.100        1523.875
       32119.653       42354.702        1814.852
       34352.398       42456.077        1737.155
       36155.636       42444.575        1703.670
       35814.197       43096.949        1598.433
       38213.981       42943.009        1481.839
       44340.827       42255.089        1648.252
       40244.178       42479.613        1584.940
       43199.143       43200.993        1603.647
       38934.750       42790.354        1517.730
       30147.476       43807.628        1647.075
       16828.405       43482.379        1389.244
       50513.524       42235.794        1851.232
       41546.041       42527.664        1749.118
       58300.313       42298.448        1687.684
       43608.138       42598.265        1713.548
       41864.780       43112.426        1639.210
        5764.200       43506.311        1365.563
        2852.261       43568.128         837.681
       47125.545       42236.833        1634.241
       48892.926       42278.273        1791.490
       46191.160       43262.555        1386.049
       18852.320       43539.445        1560.900
       62035.989       42137.272        1788.086
       51573.532       42574.402        1828.557
       56112.210       42654.852        1722.835
       59713.941       43278.090        1419.034
       50298.027       43232.390        1638.593
       56772.686       42319.464        1771.586
       55055.691       42550.443        1818.474
       55069.358       43207.395        1770.869
       43871.481       43593.835        1444.265
       57757.777       42621.205        1728.521
       59957.384       42618.185        1659.375
       61330.708       42587.348        1676.482
       65050.492       43084.212        1642.373
       57693.746       43290.625        1730.488
       65772.624       42170.058        1721.499
       63113.540       42358.989        1720.544
       69541.329       41918.879        1602.968
       64816.234       42518.149        1728.544
       63365.841       43116.159        1693.747
       66773.071       42440.153        1647.305
       69265.566       42793.086        1391.074
       69595.536       44052.906        1009.817
       54308.721       43538.927        1785.741
       74585.272       42062.722        1182.817
       75387.199       42048.658        1071.869
       71861.004       43089.107        1542.910
       74237.026       42820.621        1366.127
       70976.129       43504.513        1489.329
       76087.573       42357.406         876.641
       78046.455       42400.927         546.401
       78459.698       43181.876         577.765
       66066.359       43473.627        1504.218
       21386.610       43949.641        1412.279
       45276.610       43541.187        1329.116
       79728.204       42526.845         313.190
       43594.226       44262.281        1375.493
        9701.180       43961.333        1265.547
       10656.795       42945.917        1580.477
        1361.045       42787.567         580.708
       14427.092       43312.973        1534.802
       27904.456       43328.611        1623.872
        2849.315       44237.877         916.798
        3835.420       43628.844        1061.993
        8125.195       43562.775        1466.442
       10365.944       44015.794        1490.923
       28658.584       43305.856        1647.117
       39845.061       44239.881        1118.840
        8133.097       44285.816        1429.973
       11531.997       44314.340        1322.995
        6172.128       44320.611        1402.484
       11898.398       43715.840        1463.005
       12923.288       43733.145        1551.610
       21799.072       43264.650        1648.120
       24600.350       43279.224        1625.740
       31513.721       43462.038        1666.101
       17075.751       44137.573        1234.758
       39602.442       43585.401        1225.488
       11950.074       44560.182        1243.082
        9074.991       44628.934        1051.788
       23658.678       43706.818        1431.971
        3460.736       44638.540        1068.572
       13592.076       45193.872        1161.125
       30509.562       43125.548        1761.234
       34402.204       43208.235        1729.722
       23936.705       44573.787        1141.058
       35126.135       43535.037        1413.594
       37883.741       43972.513        1273.475
       29719.037       44262.840        1383.709
       32747.291       44947.203        1223.655
       16400.274       44760.317        1145.587
        5088.455       44682.356        1352.592
       33438.597       43628.672        1442.130
       40189.625       43258.010        1378.790
       36136.304       43473.389        1540.532
       41143.858       43572.832        1433.369
       35747.757       44177.807        1458.662
       50021.605       43609.940        1630.755
       52028.345       43622.647        1637.064
       37118.468       43987.067        1402.012
        3796.767       45314.605        1090.234
       44822.559       43209.112        1351.865
       48251.281       43349.427        1492.540
       61741.142       43164.461        1519.966
       56722.323       43645.835        1740.697
       45288.874       44315.528        1070.136
       46984.698       43719.063        1383.980
       49072.615       43665.090        1571.677
       40834.325       44545.011        1237.028
       54924.036       44292.671        1485.710
       72826.166       43537.486        1558.381
       53301.458       43243.476        1752.349
       56125.877       43311.804        1715.505
       51740.485       44255.180        1458.143
       36387.058       44510.360        1307.552
       26898.412       45199.713        1207.753
       52997.376       43697.948        1498.587
       60436.862       43638.105        1189.754
       62370.662       44118.979        1329.444
       56752.389       44290.121        1708.134
       38200.389       44526.075        1184.645
       58685.326       43626.391        1745.793
       61090.739       43555.312        1344.739
       62698.724       43471.554        1478.280
       66832.548       43177.659        1556.633
       64331.276       43432.529        1504.192
       61434.647       44097.976        1160.638
       60477.011       44248.642        1104.267
       70413.228       43213.920        1485.795
       73486.309       42846.457        1553.857
       66072.668       44067.296        1364.354
       67504.416       43490.030        1373.542
       66558.273       44491.987        1213.517
       63401.821       45137.029        1207.314
       54267.248       44690.263        1467.005
       28293.749       44658.849        1313.652
       68230.812       43325.128        1271.219
       75758.944       43071.491        1099.891
       79728.204       43207.117         304.741
       73206.257       44223.058        1509.250
       74710.325       43520.642        1268.386
       76437.205       43471.080         974.107
       76286.636       44211.002        1033.217
       74292.778       44504.536        1439.472
       66132.356       45159.450        1075.842
       77719.609       43532.107         786.598
       79402.365       43597.399         357.771
       15492.441       44809.216        1220.216
       22250.753       44614.261        1229.787
        2114.425       44614.315         738.361
        4095.086       44321.922        1234.571
        1061.331       44263.766         505.467
         357.047       44630.688         393.512
       12924.015       44291.165        1424.512
       14875.510       44246.859        1255.324
       11950.466       45260.592        1190.970
       17763.140       44876.912        1237.433
        4828.979       45361.053        1252.389
        7185.709       44694.154        1408.085
        7107.708       45356.811        1082.530
       23298.194       44353.857        1254.739
       10787.137       44605.363        1160.802
       13604.963       44540.695        1308.050
       25511.805       44133.311        1254.339
       19158.978       44237.160        1437.633
       20602.236       43920.051        1534.051
       18520.498       44961.270        1273.039
       10500.744       45290.856        1014.184
       24936.528       44453.516        1152.137
       20201.552       44552.867        1314.231
       32013.720       44831.025        1426.009
       22164.372       45238.062        1206.927
       26551.950       44406.508        1297.377
       34709.618       44874.695        1142.793
       14815.821       45527.691         944.596
       26940.680       43858.512        1466.196
       28988.611       44020.309        1625.642
       30759.941       44387.522        1527.087
       25258.209       45109.648        1098.586
       39196.204       44521.016        1009.732
       44873.671       44865.668        1133.647
       21152.366       45613.818         983.791
        3428.471       45974.122        1030.940
        9032.642       45400.863         986.358
       31486.958       44139.403        1565.683
       33509.446       44357.143        1217.217
       35097.803       44262.350        1213.715
       31074.887       45125.852        1400.765
       49962.113       45662.870        1030.354
       31675.510       45508.338        1245.422
       41545.938       44205.354        1303.777
       47105.777       44242.827        1080.086
       41959.570       45143.242        1164.952
       37787.220       45177.700        1035.974
       24607.967       45464.727         866.382
       48357.575       44459.798        1266.356
       42286.781       44391.042        1282.577
       49057.830       44251.697        1424.037
       46694.659       44808.919        1017.136
       42941.808       44515.533        1286.790
       42999.786       45297.145        1203.653
       36017.430       45529.038        1144.855
       30371.747       45510.787        1220.511
       43638.134       45640.288        1010.027
       56061.644       44574.736        1567.805
       50006.820       44196.547        1483.234
       53347.852       44390.990        1384.664
       58476.671       44318.697        1456.552
       51031.769       44836.892        1247.282
       45523.405       45460.850         908.318
       45938.609       44910.710         919.868
        7684.027       46396.470         833.719
       52765.648       44663.557        1265.367
       60107.752       44640.714        1154.062
       71201.561       44297.669        1145.291
       57515.157       44627.217        1599.454
       56054.996       45207.417        1400.126
       59157.594       44648.560        1242.687
       58442.086       45294.042        1341.839
       57541.689       45243.746        1452.321
       51427.292       45565.363        1036.995
       61107.494       44471.958         987.236
       64096.948       45026.197        1325.338
       64655.803       44252.179        1397.776
       65381.329       44497.531        1282.935
       61404.122       45217.218         809.149
       23207.644       46254.304         903.946
       67223.831       44210.689        1240.179
       68837.230       43980.840        1226.906
       74745.307       44161.905        1329.803
       68471.685       44858.996        1036.222
       70520.549       44607.266        1004.621
       70439.914       45203.856         938.540
       67584.682       44923.943        1138.859
       72466.527       44567.836        1343.741
       79674.161       44267.833         377.464
       78300.616       44235.876         561.844
       75643.358       44452.676        1165.477
       75866.157       45059.398        1152.460
       74620.269       45067.223        1280.176
       77533.219       44510.128         890.024
       79312.501       44556.079         362.576
       79267.964       45110.112         410.009
       64763.734       45657.141        1261.001
       56772.273       45539.331        1391.601
       38543.717       45584.722         934.528
        2006.319       45384.016         747.626
         357.047       45310.959         344.341
        1328.924       46010.004         537.647
        6120.234       45901.680        1217.011
        8012.747       45720.401         971.736
        9742.681       45722.002         821.440
       16795.872       46231.731         874.910
         375.699       46554.768         367.660
       26179.949       45582.647        1197.716
       12911.520       45644.752        1033.812
       11245.995       45700.243         994.474
        8361.885       46674.136         743.760
       17087.663       45499.656        1015.668
       24853.543       46276.776         760.461
       20174.691       45299.289        1152.437
       23878.613       45134.276        1034.827
       12191.340       46720.875         881.024
       19190.832       45718.010        1096.001
       13755.319       46631.723         752.883
       28656.358       45281.600        1246.991
       23153.720       45538.148         976.542
       29628.362       45227.669        1220.827
       27950.595       45593.790        1132.999
       47350.939       45483.287         854.143
       56430.136       46191.130        1199.874
       14742.894       46648.831         800.824
       34116.219       44927.401        1101.508
       34991.839       46210.204         814.760
       25649.819       46630.257         780.289
       36739.162       45147.431        1188.322
       33725.504       45928.681         813.545
       39535.973       45277.055         954.072
       34986.386       45506.223        1061.968
       32992.337       45989.028        1001.325
       17497.884       46587.741         837.614
       41216.611       45186.951        1083.089
       44263.920       44901.371        1184.598
       38132.904       46217.511         923.736
       13486.496       47328.118         631.558
       29621.876       46568.103         770.362
       41956.767       46418.055         881.281
       40567.117       45637.860         922.179
       42318.985       45624.024        1013.373
       27358.734       46552.737        1033.307
       21533.328       46376.659         860.815
       48639.337       45061.109        1243.612
       48043.820       45518.506        1068.542
       50322.435       46471.164         931.205
       44127.994       46536.057        1017.767
       45863.971       46073.272         776.729
       50288.032       44778.310        1264.619
       53048.909       45266.920        1115.020
       54973.520       45258.428        1235.287
       52419.269       45587.014        1012.959
       51043.877       46315.075         874.097
       60081.322       45327.742         941.175
       54337.385       45562.518        1119.308
       65368.292       45223.959        1186.821
       72465.166       45214.664        1204.575
       54338.410       46188.535         891.446
       59039.090       45682.034        1133.882
       52397.271       46920.344         653.780
       47562.182       46661.038         763.186
       34732.383       46823.635         784.770
       24456.998       46846.526         826.918
       16907.186       47278.341         763.930
       61009.049       45929.244         659.666
       63119.409       46071.675        1099.229
       77522.877       45145.436         911.556
       67329.133       45976.871         924.606
       66542.365       45931.080         879.904
       59742.658       46614.047        1013.910
       69149.356       45527.652         851.491
       71119.565       45541.087        1032.029
       75547.357       46013.875        1059.991
       76188.925       46072.803         939.470
       73939.183       45828.094        1250.261
       75295.598       45331.313        1158.609
       68434.146       46537.001         790.426
       67538.333       46578.882         768.988
       62330.165       46868.436         897.565
       76499.094       45453.032         996.247
       78245.737       45425.217         608.012
       79629.624       45502.138         405.839
       76872.249       46505.470         903.275
       53431.285       47259.496         566.548
       38224.960       47183.398         752.940
        6407.233       46588.226        1022.744
        1919.286       46630.398         849.427
        2596.681       46004.410         929.660
         732.745       45947.360         404.915
        5226.824       45939.519        1196.761
        4558.278       46903.210        1080.643
        1918.922       47266.308         757.653
        9400.645       46319.206         717.735
       10119.571       46657.481         900.795
        5773.394       47275.332         943.915
        3792.137       46984.261         893.944
       11206.859       46469.663         947.975
       13191.531       46335.615         937.129
       10355.157       47335.605         815.661
       15431.862       46210.867         803.293
       18799.853       46347.584        1000.929
       27137.293       47145.187         922.185
       18838.972       47236.430         887.920
       26325.983       46291.207         888.904
       28264.882       46238.253        1001.816
       29022.173       46478.844         824.772
       19426.152       46701.623         975.883
       15859.598       47986.270         598.221
       20823.154       46801.417         771.975
       22599.259       46717.060         835.783
       21169.443       47972.004         644.149
       17621.975       47572.991         782.051
       35957.587       46609.881         945.770
       29067.119       47176.905         747.324
       30313.735       46298.440         976.131
       31677.354       46300.250        1122.595
       36654.676       46192.097        1086.677
       40332.388       46346.652         818.199
       43588.334       46301.521         970.890
       29666.823       47266.164         652.406
       26058.503       47244.110         723.126
       31018.719       46705.416        1018.107
       28758.912       47631.705         595.844
        9644.307       47678.059         720.956
       32260.610       46664.762         997.167
       38890.432       46618.637         830.159
       57067.657       46512.469        1100.075
       45128.112       46451.543         988.936
       45134.367       47230.618         744.603
       40536.052       47363.377         688.152
       36387.678       47232.170         880.872
       18511.929       48541.008         599.422
       40952.447       46684.892         816.515
       42932.566       47050.514         889.683
       30356.688       48372.495         575.478
       46935.454       46197.500         682.998
       48284.652       46332.094         923.369
       52782.350       46234.006         865.838
       53413.015       46539.928         645.119
       47197.343       47203.136         677.073
        3111.128       47966.257         748.089
       25376.625       48034.928         645.992
       50298.820       47177.428         707.301
       58791.741       46324.187        1129.918
       60377.848       45904.268         896.529
       58062.842       46553.118        1167.263
       55103.678       46531.195         981.221
       58401.406       47229.986         995.200
       56733.309       47119.434        1044.031
       62359.054       46117.399        1028.379
       70052.329       46499.964         588.703
       47964.105       47603.681         733.774
       64705.602       46222.526        1005.032
       69128.272       46238.493         787.011
       63756.403       46526.228        1150.999
       61064.031       46924.231         567.370
       65074.991       46854.883         879.960
       57660.015       47481.465         881.192
       41935.311       47985.526         531.020
       66383.567       46865.941         778.657
       70753.064       46126.355         766.224
       72859.933       45858.737        1260.928
       68774.607       47199.954         758.834
       75248.847       46489.950         787.442
       71823.189       46490.658        1016.861
       71825.335       47267.891         863.678
       64463.210       47608.494         784.448
       63024.557       47528.734         888.971
       37290.316       48199.618         697.238
       74316.003       46568.259        1026.419
       77905.277       46165.481         845.121
       79629.624       46182.411         454.607
       76556.568       47237.821         826.024
       78927.505       46530.648         602.820
       78663.353       47247.967         705.752
        4817.848       47552.476         779.026
       23827.607       46871.780         934.973
       12545.455       47366.234         841.604
        8369.962       47354.865         697.189
         375.699       47235.041         399.484
         971.512       47593.458         510.200
       12185.458       48090.367         689.946
       11391.469       48087.108         800.782
        8069.086       48056.053         644.442
        6147.577       47949.515         773.837
        4490.710       48236.327         610.843
       30935.514       47378.573         864.990
       19190.247       47909.302         868.310
       27800.000       47604.140         812.882
       15027.136       47621.950         740.475
        5463.036       48906.789         555.715
       21498.602       47371.292         699.980
       22549.854       47379.965         631.841
       23210.233       47884.694         710.658
       34735.818       48619.138         452.660
       30275.476       47669.657         736.400
       42297.902       47053.939         757.833
       33703.706       48329.280         702.337
       20201.471       48297.016         681.442
       13772.279       48626.281         568.323
        4761.714       48916.456         496.027
       32294.451       47369.791         867.880
       34036.699       46854.604         750.310
       33337.373       47619.981         739.747
       31627.990       47678.436         867.537
       35754.716       47887.728         784.879
       35065.168       47878.870         626.523
       37172.234       47483.562         821.379
       39774.337       47979.989         582.021
       54784.392       47329.306         817.397
       43550.537       47687.067         767.607
       44134.250       47315.132         888.325
       45913.068       47519.886         648.557
       31970.545       48381.971         695.182
       49672.473       47465.798         793.078
       51238.894       47645.709         625.406
       43310.702       48285.287         645.045
       57337.788       48237.395         750.103
       48955.452       47199.461         865.509
       51650.776       47023.064         723.355
       47325.969       48240.707         681.271
       55776.501       47596.206         789.194
       61750.125       47232.219         826.910
       49345.825       48663.100         583.199
       53019.252       47577.945         497.353
       52998.334       48265.652         454.185
       51188.007       48206.661         583.073
       36121.950       48891.200         616.801
       27853.912       48759.856         568.957
        8734.755       49013.327         379.762
       20252.755       49249.328         475.433
       54037.393       47706.213         604.734
       59392.145       47249.370         841.583
       63690.441       47232.250         977.797
       70842.386       47540.148         669.459
       60082.316       47534.577         719.406
       63017.048       48218.024         708.371
       62099.592       48131.898         640.421
       67091.409       47166.214         663.425
       67417.717       48201.247         713.634
       51933.356       48538.111         545.507
       70139.504       47136.525         541.540
       65738.389       47159.849         717.923
       69555.908       47538.006         621.495
       67749.889       47488.920         835.066
       61567.788       48600.147         541.655
       74227.990       47319.689         917.197
       75574.734       47281.229         668.789
       71194.451       48284.566         564.247
       64105.460       49106.102         442.060
       40037.164       49000.118         473.425
       72515.156       47678.868         828.384
       73504.247       47622.421         980.480
       75489.693       48328.103         627.272
       73871.410       48306.917         800.334
       75226.330       47684.803         681.191
       77325.444       47615.151         765.643
       79365.472       47580.003         599.085
       79365.472       48260.274         622.222
       43697.334       49320.398         417.071
        9404.564       49099.516         475.356
        3550.131       48569.057         637.931
        2290.183       47984.396         775.006
         595.814       48317.602         599.992
        1680.326       48991.817         569.094
       10013.240       48465.437         648.421
       14084.654       48035.013         687.692
       11395.278       49029.063         565.209
        7158.398       48241.264         542.626
       14057.378       49257.101         444.736
       17821.477       48565.327         728.349
        7148.962       49198.538         396.304
        3146.030       49249.187         462.178
       12814.123       48643.519         463.672
       28810.726       48394.046         442.723
       17282.799       48270.183         669.226
       22540.865       47930.124         638.825
       16585.733       49019.416         486.688
       15877.321       49030.153         488.367
       48021.783       48726.376         607.474
       17461.963       49314.560         508.726
       12424.117       49274.339         363.973
       24571.396       47990.826         646.762
       21898.977       48512.243         453.710
       25833.446       48681.702         569.716
       23354.093       49307.240         385.086
       27178.031       48349.837         695.399
       23620.287       48547.646         576.243
       21964.598       49226.408         417.423
       18489.968       49290.241         410.962
       69597.100       48538.651         540.454
       41177.780       48028.127         648.280
       45931.248       48256.287         611.511
       27462.175       49372.408         389.612
       29445.184       48730.880         474.774
       29440.166       49418.808         356.188
       31359.281       48784.946         580.912
       33003.339       48782.625         589.875
       33391.197       49461.318         368.946
       31400.895       49448.804         402.260
       25437.128       49397.194         380.196
       38901.538       47865.804         694.830
       36872.994       48951.698         512.189
       38196.796       48557.596         642.668
       40825.139       49006.727         388.523
       42330.139       48580.322         357.210
       44044.140       48669.984         574.347
       53766.907       48686.756         489.012
       42307.805       49260.817         303.495
       49950.917       48239.768         695.667
       45302.273       48723.651         520.135
       38454.579       49309.675         440.180
       60236.607       48310.815         692.532
       51655.163       49237.212         416.444
       47630.468       49392.369         407.514
       45630.573       49374.064         351.669
       54393.933       48445.765         492.487
       56002.596       48307.775         673.101
       55367.027       48780.427         555.567
       57947.481       48730.186         657.795
       53760.471       49352.627         385.535
       55697.182       49390.793         380.552
       64521.533       48401.641         634.469
       68202.704       48527.660         653.109
       57617.550       49410.934         431.605
       49629.615       49329.094         394.036
       59823.132       49027.736         507.261
       66114.060       48172.450         589.194
       65508.984       48660.630         533.653
       63413.985       48977.790         550.869
       61829.417       49317.068         400.188
       69316.177       48153.385         593.566
       72105.953       48364.480         676.005
       77311.665       48209.407         679.527
       69203.218       49284.732         358.579
       67833.185       49203.323         494.407
       70535.159       48630.795         514.670
       73260.349       48999.991         601.714
       72483.982       49001.107         514.994
       74922.561       49340.558         407.278
       74858.516       48647.485         605.223
       76525.603       48603.125         624.665
       78649.574       48522.495         613.490
       78946.548       49241.813         523.947
       76850.854       49256.349         476.542
       70816.383       49376.876         376.961
       58993.267       49061.396         565.999
       35053.156       49347.961         343.888
       10727.899       49064.937         596.871
         933.367       48997.873         610.742
         337.553       49659.864           0.000
        1759.618       49653.808         449.562
        2434.723       49653.808         399.654
        3749.281       49595.378         402.582
        4424.387       49595.378         377.992
        5800.813       49585.711         419.764
        6475.919       49585.711         378.879
        7761.651       49612.827         336.841
        8436.756       49612.827         338.277
        9781.671       49699.016         456.466
       10456.776       49699.016         461.245
       11799.261       49663.142         426.643
       12776.755       49611.198         334.399
       65768.016       49365.091         375.085
       13451.861       49611.198         370.797
       14782.732       49645.904         406.462
       15457.838       49645.904         452.744
       16841.355       49635.166         486.948
       17835.798       49679.394         419.322
       18882.018       49610.847         359.647
       19557.124       49610.847         374.430
       20948.797       49638.480         446.443
       21623.902       49638.480         433.056
       22619.177       49587.928         358.896
       24026.055       49719.313         311.134
       24701.160       49719.313         256.066
       26052.424       49677.881         389.187
       26727.529       49677.881         341.687
       28076.418       49694.526         326.599
       28751.524       49694.526         273.894
       30055.730       49724.282         332.269
       30730.836       49724.282         320.181
       32062.465       49724.522         350.982
       32737.570       49724.522         355.312
       34071.349       49736.796         262.703
       34746.455       49736.796         283.306
       35749.740       49611.165         469.841
       37175.889       49671.663         371.990
       37850.996       49671.663         336.438
       39084.597       49638.012         424.507
       39759.702       49638.012         470.107
       41222.783       49644.621         333.479
       41897.889       49644.621         300.196
       42941.562       49616.196         333.188
       44300.075       49704.202         386.961
       44975.181       49704.202         320.494
       46225.012       49669.863         291.299
       46900.118       49669.863         308.182
       48325.287       49722.506         383.150
       49000.392       49722.506         336.659
       50249.475       49606.588         347.037
       50924.581       49606.588         379.454
       52376.152       49630.624         352.392
       53051.258       49630.624         309.547
       54380.099       49722.003         355.606
       55055.204       49722.003         325.971
       56338.180       49668.791         323.625
       57013.286       49668.791         350.459
       58325.784       49742.143         376.685
       59000.890       49742.143         433.655
       60505.859       49708.483         324.132
       61180.963       49708.483         248.802
       62420.605       49608.585         447.272
       63095.711       49608.585         463.629
       64462.292       49736.897         314.252
       65137.397       49736.897         323.786
       66453.404       49628.194         321.593
       67128.510       49628.194         355.596
       68552.776       49575.129         475.059
       69511.202       49709.602         272.570
       70186.308       49709.602         295.681
       71516.151       49667.274         351.618
       72191.256       49667.274         386.516
       73642.728       49666.158         450.849
       74317.834       49666.158         412.030
       75541.436       49674.401         294.669
       76216.542       49674.401         353.618
       77596.338       49581.949         472.594
       78271.442       49581.949         495.832
       79662.447       49659.864           0.000
       72114.880        2045.357         614.359
       73701.332        2673.300         968.741
        6436.071        1986.034         672.468
        7894.970        2651.288         783.749
       76191.656        9666.204         762.796
       76233.997        9014.376         897.836
       76688.806       10946.336         668.714
       76526.168       10108.415         667.754
       22511.555        3752.051        1101.968
       22532.547        3067.967         968.006
       62027.792       45418.322        1004.355
       62667.179       44694.065        1113.381
       76145.871       21222.097        1039.143
       76796.639       22037.015         812.603
       76343.370       22729.449         723.660
       75277.229       22814.022        1105.251
       76965.417       23070.867         813.793
       75749.317       23587.684        1043.035
       14747.412        2667.259         691.348
       15748.391        2411.121         871.009
       36808.031       43299.058        1530.528
       36858.715       42648.595        1703.299
       68541.036       42737.563        1540.061
       69713.647       43452.717        1132.209
       14497.842       42596.819        1712.000
       15837.041       43250.571        1503.978
       48911.160       46469.972         904.264
       49287.631       45674.478        1254.277
       27319.390        7052.255        1562.248
       28170.757        7730.468        1727.606
CELLS       9826     29478
         2      4914         1
         2      4914         2
         2      4915         2
         2      4915         4
         2      4916         3
         2      4917         6
         2      4918         5
         2      4919         7
         2      4920         9
         2      4921         8
         2      4922        12
         2      4923        11
         2      4924        13
         2      4925         7
         2      4925        97
         2      4926        18
         2      4927        17
         2      4928        10
         2      4928        11
         2      4928       102
         2      4929        21
         2      4930         8
         2      4930         9
         2      4930       100
         2      4931        23
         2      4932        22
         2      4932        24
         2      4933        24
         2      4933        26
         2      4934        25
         2      4935        13
         2      4935       101
         2      4936        21
         2      4936       109
         2      4937        30
         2      4938        29
         2      4938        31
         2      4939        31
         2      4939        33
         2      4940         3
         2      4940         4
         2      4941        35
         2      4942        34
         2      4943        38
         2      4944        37
         2      4944        40
         2      4945        39
         2      4946        42
         2      4947        41
         2      4948        44
         2      4949        34
         2      4949        35
         2      4949       120
         2      4950        50
         2      4951        14
         2      4951        15
         2      4951       104
         2      4952       125
         2      4952       127
         2      4953        54
         2      4954        53
         2      4955        46
         2      4955        47
         2      4956        36
         2      4956        37
         2      4956       124
         2      4957        59
         2      4958        58
         2      4959        60
         2      4960        62
         2      4961        43
         2      4961        44
         2      4961       126
         2      4962        61
         2      4963         5
         2      4963         6
         2      4963        96
         2      4964        64
         2      4965        48
         2      4965        49
         2      4966        53
         2      4966        54
         2      4966       134
         2      4967        61
         2      4967        62
         2      4967       142
         2      4968        57
         2      4968        58
         2      4968       141
         2      4969        25
         2      4969        26
         2      4969       112
         2      4970        73
         2      4971        65
         2      4971        67
         2      4971       150
         2      4972        77
         2      4973        55
         2      4973        56
         2      4973       136
         2      4974        76
         2      4974        78
         2      4975        78
         2      4975        80
         2      4976        60
         2      4976       140
         2      4977        79
         2      4978        16
         2      4978        17
         2      4978       107
         2      4979        68
         2      4979        69
         2      4979       149
         2      4980        82
         2      4981        81
         2      4982       113
         2      4983        72
         2      4983        73
         2      4983       153
         2      4984        89
         2      4985        88
         2      4986        91
         2      4988        74
         2      4988        75
         2      4988       154
         2      4989        70
         2      4989        71
         2      4990        27
         2      4990        28
         2      4990       115
         2      4991       114
         2      4991       115
         2      4992         0
         2      4992         1
         2      4992        94
         2      4993        32
         2      4994        22
         2      4994        23
         2      4995        95
         2      4995        96
         2      4996        92
         2      4997        14
         2      4998        15
         2      4999        99
         2      4999       100
         2      5000        93
         2      5001        20
         2      5002        19
         2      5003       101
         2      5003       105
         2      5004        41
         2      5004        42
         2      5004       125
         2      5005        49
         2      5006       106
         2      5006       110
         2      5007        19
         2      5007        20
         2      5007       106
         2      5008        98
         2      5008        99
         2      5008       182
         2      5009        93
         2      5009        94
         2      5009       177
         2      5010        27
         2      5011        28
         2      5012       151
         2      5013        84
         2      5014        71
         2      5014        72
         2      5015        63
         2      5015        64
         2      5015       148
         2      5016       111
         2      5016       112
         2      5017        29
         2      5017        30
         2      5018        32
         2      5018        33
         2      5018       119
         2      5019       120
         2      5019       122
         2      5020        39
         2      5020        40
         2      5021        47
         2      5022        36
         2      5022        38
         2      5022       121
         2      5023       118
         2      5023       119
         2      5024        43
         2      5024        45
         2      5025        45
         2      5025        46
         2      5026        52
         2      5027        51
         2      5028       126
         2      5028       129
         2      5029        55
         2      5030        56
         2      5031        48
         2      5031        50
         2      5031       130
         2      5032       127
         2      5032       212
         2      5033       121
         2      5033       122
         2      5033       205
         2      5034        51
         2      5034        52
         2      5034       133
         2      5035        63
         2      5036        66
         2      5037       136
         2      5037       138
         2      5038        69
         2      5039        70
         2      5040       143
         2      5041       131
         2      5042       107
         2      5042       187
         2      5043       105
         2      5043       185
         2      5044        67
         2      5045        68
         2      5046       147
         2      5046       148
         2      5047        74
         2      5048        75
         2      5049        83
         2      5050        85
         2      5051       149
         2      5051       152
         2      5052        87
         2      5053        86
         2      5054       151
         2      5054       152
         2      5054       235
         2      5055        76
         2      5055        77
         2      5055       157
         2      5056       158
         2      5057       160
         2      5057       163
         2      5058        79
         2      5058        80
         2      5059        81
         2      5059        82
         2      5059       160
         2      5060       161
         2      5060       162
         2      5061       230
         2      5062       217
         2      5063       116
         2      5063       118
         2      5063       204
         2      5064        83
         2      5064       162
         2      5065        84
         2      5065        85
         2      5065       165
         2      5066        86
         2      5066        87
         2      5066       167
         2      5067       168
         2      5067       254
         2      5068       169
         2      5068       172
         2      5069        88
         2      5069        89
         2      5069       169
         2      5070        90
         2      5070       173
         2      5071       167
         2      5071       168
         2      5072       175
         2      5072       177
         2      5072       179
         2      5073       193
         2      5074       181
         2      5075       102
         2      5075       183
         2      5076         0
         2      5076        92
         2      5077        97
         2      5077        98
         2      5078        10
         2      5078        12
         2      5079       208
         2      5079       209
         2      5079       297
         2      5080        95
         2      5080       178
         2      5081       178
         2      5081       179
         2      5082       103
         2      5082       104
         2      5083       108
         2      5083       109
         2      5084       117
         2      5085       181
         2      5085       184
         2      5086       189
         2      5087        16
         2      5087        18
         2      5088       111
         2      5088       113
         2      5088       196
         2      5089       271
         2      5090       183
         2      5090       184
         2      5090       186
         2      5091       108
         2      5091       110
         2      5091       191
         2      5092       185
         2      5092       186
         2      5092       274
         2      5093       123
         2      5094       206
         2      5095       194
         2      5095       196
         2      5096       103
         2      5096       276
         2      5097       190
         2      5097       192
         2      5097       280
         2      5098       114
         2      5098       198
         2      5099       199
         2      5100       273
         2      5100       274
         2      5100       277
         2      5101       210
         2      5101       301
         2      5102       205
         2      5102       208
         2      5103       211
         2      5104       128
         2      5104       129
         2      5104       215
         2      5105       203
         2      5106       374
         2      5106       375
         2      5106       458
         2      5107       156
         2      5107       241
         2      5108       123
         2      5108       124
         2      5108       207
         2      5109       128
         2      5109       131
         2      5110       132
         2      5110       133
         2      5111       130
         2      5111       219
         2      5112       139
         2      5112       140
         2      5112       143
         2      5113       134
         2      5113       135
         2      5114       218
         2      5114       219
         2      5114       221
         2      5115        57
         2      5115        59
         2      5115       137
         2      5116       138
         2      5116       225
         2      5117       144
         2      5117       147
         2      5118       132
         2      5118       220
         2      5119       209
         2      5120       290
         2      5121       292
         2      5121       294
         2      5122       135
         2      5122       223
         2      5123       142
         2      5123       146
         2      5124       137
         2      5125        65
         2      5125        66
         2      5126       229
         2      5127       139
         2      5127       141
         2      5127       228
         2      5128       200
         2      5128       201
         2      5128       289
         2      5129       153
         2      5129       155
         2      5130       155
         2      5130       238
         2      5131       230
         2      5131       233
         2      5132       150
         2      5132       232
         2      5133       226
         2      5133       315
         2      5134       154
         2      5134       156
         2      5135       157
         2      5135       159
         2      5136       238
         2      5136       242
         2      5137       321
         2      5138       164
         2      5138       165
         2      5138       166
         2      5139       243
         2      5140       158
         2      5140       159
         2      5140       246
         2      5141       335
         2      5142       248
         2      5142       249
         2      5142       251
         2      5143       244
         2      5144       234
         2      5144       237
         2      5144       331
         2      5145       249
         2      5146       161
         2      5146       163
         2      5146       250
         2      5147       206
         2      5147       295
         2      5148       166
         2      5148       255
         2      5149        90
         2      5149        91
         2      5149       170
         2      5150       171
         2      5150       172
         2      5151       258
         2      5152       170
         2      5152       171
         2      5152       257
         2      5153       173
         2      5154       282
         2      5155       368
         2      5156       270
         2      5156       272
         2      5156       365
         2      5157       174
         2      5157       176
         2      5158       174
         2      5159       175
         2      5159       176
         2      5159       264
         2      5160       268
         2      5161       265
         2      5161       268
         2      5162       262
         2      5162       264
         2      5162       267
         2      5163       180
         2      5163       269
         2      5164       279
         2      5164       280
         2      5164       374
         2      5165       191
         2      5165       192
         2      5166       193
         2      5166       195
         2      5167       281
         2      5168       194
         2      5168       195
         2      5168       284
         2      5169       116
         2      5169       117
         2      5170       207
         2      5171       283
         2      5171       284
         2      5171       287
         2      5172       275
         2      5172       276
         2      5173       347
         2      5173       437
         2      5174       197
         2      5174       198
         2      5174       200
         2      5175       199
         2      5175       201
         2      5175       202
         2      5176       305
         2      5176       307
         2      5177       299
         2      5178       288
         2      5178       289
         2      5179       202
         2      5180       211
         2      5180       213
         2      5181       203
         2      5181       204
         2      5181       294
         2      5182       308
         2      5183       210
         2      5184       472
         2      5185       371
         2      5186       290
         2      5186       293
         2      5187       377
         2      5187       378
         2      5187       380
         2      5188       212
         2      5188       216
         2      5189       214
         2      5189       215
         2      5189       217
         2      5190       214
         2      5190       216
         2      5190       307
         2      5191       303
         2      5191       304
         2      5191       306
         2      5192       302
         2      5193       261
         2      5193       263
         2      5194       220
         2      5194       224
         2      5195       213
         2      5195       304
         2      5196       317
         2      5197       221
         2      5197       312
         2      5198       227
         2      5198       228
         2      5199       318
         2      5199       320
         2      5199       412
         2      5200       393
         2      5201       218
         2      5202       305
         2      5202       306
         2      5202       392
         2      5203       275
         2      5203       277
         2      5203       367
         2      5204       253
         2      5204       254
         2      5205       256
         2      5205       257
         2      5206       225
         2      5206       226
         2      5207       222
         2      5207       223
         2      5208       314
         2      5208       400
         2      5209       371
         2      5209       458
         2      5210       323
         2      5211       326
         2      5212       145
         2      5212       146
         2      5213       144
         2      5213       145
         2      5213       322
         2      5214       250
         2      5214       251
         2      5215       325
         2      5215       326
         2      5216       231
         2      5216       232
         2      5216       236
         2      5217       231
         2      5217       233
         2      5218       227
         2      5218       229
         2      5218       320
         2      5219       235
         2      5219       237
         2      5220       240
         2      5220       241
         2      5220       244
         2      5221       234
         2      5221       236
         2      5221       328
         2      5222       316
         2      5222       317
         2      5223       309
         2      5223       394
         2      5224       329
         2      5224       330
         2      5225       243
         2      5225       247
         2      5226       245
         2      5226       246
         2      5227       335
         2      5227       338
         2      5228       259
         2      5229       245
         2      5229       247
         2      5229       337
         2      5230       248
         2      5230       339
         2      5231       339
         2      5231       343
         2      5232       336
         2      5232       337
         2      5233       398
         2      5234       342
         2      5235       344
         2      5236       345
         2      5236       346
         2      5236       350
         2      5237       344
         2      5237       437
         2      5238       252
         2      5238       253
         2      5238       346
         2      5239       256
         2      5239       258
         2      5239       349
         2      5240       260
         2      5240       353
         2      5241       351
         2      5241       353
         2      5241       356
         2      5242       397
         2      5242       398
         2      5243       259
         2      5243       260
         2      5244       286
         2      5244       287
         2      5244       379
         2      5245       266
         2      5245       267
         2      5245       359
         2      5246       265
         2      5246       266
         2      5246       362
         2      5247       262
         2      5247       263
         2      5248       261
         2      5249       372
         2      5249       373
         2      5249       460
         2      5250       366
         2      5250       367
         2      5251       269
         2      5251       365
         2      5252       271
         2      5252       273
         2      5253       358
         2      5253       360
         2      5254       364
         2      5255       361
         2      5256       278
         2      5257       370
         2      5258       278
         2      5258       279
         2      5259       222
         2      5259       406
         2      5260       281
         2      5260       283
         2      5261       288
         2      5262       282
         2      5262       376
         2      5263       310
         2      5263       312
         2      5263       314
         2      5264       378
         2      5265       366
         2      5265       368
         2      5265       451
         2      5266       383
         2      5267       291
         2      5267       292
         2      5267       386
         2      5268       450
         2      5268       452
         2      5269       391
         2      5269       392
         2      5269       396
         2      5270       383
         2      5270       384
         2      5271       295
         2      5271       298
         2      5272       296
         2      5272       297
         2      5272       300
         2      5273       457
         2      5274       363
         2      5274       364
         2      5274       450
         2      5275       301
         2      5275       303
         2      5276       296
         2      5276       298
         2      5276       385
         2      5277       385
         2      5277       389
         2      5278       299
         2      5278       300
         2      5279       308
         2      5279       309
         2      5280       311
         2      5281       327
         2      5281       328
         2      5281       421
         2      5282       506
         2      5283       411
         2      5284       415
         2      5284       419
         2      5285       474
         2      5286       384
         2      5286       473
         2      5287       465
         2      5287       467
         2      5287       469
         2      5288       310
         2      5288       311
         2      5289       224
         2      5289       313
         2      5290       313
         2      5290       404
         2      5291       315
         2      5291       316
         2      5291       319
         2      5292       402
         2      5292       404
         2      5292       407
         2      5293       324
         2      5293       325
         2      5293       415
         2      5294       409
         2      5295       405
         2      5295       406
         2      5296       322
         2      5296       323
         2      5296       324
         2      5297       321
         2      5297       414
         2      5298       410
         2      5298       411
         2      5299       495
         2      5300       327
         2      5301       330
         2      5302       334
         2      5303       418
         2      5304       332
         2      5304       334
         2      5305       336
         2      5305       338
         2      5305       426
         2      5306       503
         2      5307       410
         2      5307       412
         2      5307       499
         2      5308       476
         2      5308       477
         2      5308       480
         2      5309       487
         2      5309       488
         2      5309       491
         2      5310       329
         2      5310       331
         2      5311       239
         2      5311       240
         2      5311       333
         2      5312       239
         2      5312       242
         2      5313       425
         2      5314       341
         2      5314       342
         2      5315       348
         2      5315       349
         2      5315       352
         2      5316       426
         2      5316       429
         2      5317       424
         2      5317       425
         2      5317       514
         2      5318       509
         2      5318       510
         2      5319       372
         2      5319       375
         2      5320       454
         2      5321       427
         2      5322       340
         2      5322       341
         2      5323       436
         2      5324       428
         2      5324       429
         2      5324       522
         2      5325       355
         2      5326       345
         2      5326       347
         2      5326       435
         2      5327       527
         2      5328       430
         2      5328       526
         2      5329       348
         2      5329       350
         2      5329       438
         2      5330       351
         2      5330       352
         2      5330       440
         2      5331       354
         2      5331       355
         2      5331       442
         2      5332       354
         2      5332       356
         2      5333       511
         2      5333       512
         2      5334       455
         2      5334       457
         2      5335       359
         2      5335       360
         2      5336       357
         2      5336       358
         2      5337       357
         2      5338       272
         2      5338       363
         2      5339       362
         2      5339       446
         2      5340       369
         2      5340       370
         2      5341       361
         2      5341       449
         2      5342       462
         2      5343       447
         2      5343       449
         2      5344       445
         2      5344       446
         2      5344       448
         2      5345       373
         2      5346       369
         2      5346       456
         2      5347       464
         2      5348       468
         2      5348       472
         2      5349       380
         2      5349       463
         2      5350       479
         2      5351       461
         2      5352       376
         2      5352       377
         2      5353       379
         2      5353       382
         2      5354       291
         2      5354       293
         2      5355       470
         2      5356       386
         2      5356       477
         2      5357       381
         2      5357       382
         2      5357       467
         2      5358       463
         2      5358       466
         2      5359       381
         2      5359       468
         2      5360       462
         2      5360       559
         2      5361       447
         2      5361       448
         2      5361       540
         2      5362       388
         2      5363       302
         2      5363       390
         2      5364       478
         2      5364       479
         2      5364       482
         2      5365       473
         2      5365       475
         2      5366       387
         2      5366       388
         2      5367       390
         2      5367       485
         2      5368       395
         2      5368       396
         2      5368       488
         2      5369       485
         2      5369       486
         2      5370       474
         2      5370       476
         2      5371       387
         2      5371       389
         2      5371       481
         2      5372       481
         2      5372       482
         2      5372       484
         2      5373       443
         2      5373       444
         2      5374       394
         2      5374       395
         2      5374       397
         2      5375       401
         2      5376       490
         2      5377       391
         2      5377       393
         2      5378       497
         2      5379       489
         2      5379       490
         2      5380       399
         2      5380       400
         2      5380       403
         2      5381       399
         2      5381       401
         2      5382       478
         2      5382       480
         2      5382       573
         2      5383       402
         2      5383       403
         2      5383       494
         2      5384       405
         2      5384       407
         2      5385       318
         2      5385       319
         2      5385       408
         2      5386       408
         2      5386       409
         2      5387       423
         2      5388       496
         2      5388       497
         2      5389       492
         2      5389       494
         2      5389       495
         2      5390       413
         2      5390       414
         2      5391       417
         2      5391       418
         2      5392       498
         2      5392       499
         2      5392       501
         2      5393       500
         2      5394       475
         2      5394       570
         2      5395       413
         2      5395       504
         2      5396       420
         2      5396       421
         2      5396       422
         2      5397       416
         2      5397       417
         2      5397       507
         2      5398       416
         2      5398       419
         2      5399       577
         2      5400       422
         2      5401       420
         2      5401       510
         2      5402       332
         2      5402       333
         2      5402       424
         2      5403       423
         2      5403       512
         2      5404       340
         2      5404       343
         2      5404       430
         2      5405       513
         2      5406       508
         2      5406       509
         2      5406       600
         2      5407       427
         2      5407       428
         2      5408       518
         2      5409       516
         2      5409       518
         2      5410       505
         2      5410       602
         2      5411       471
         2      5411       568
         2      5412       431
         2      5412       432
         2      5413       519
         2      5414       432
         2      5415       434
         2      5415       435
         2      5415       439
         2      5416       440
         2      5416       441
         2      5417       523
         2      5418       616
         2      5419       520
         2      5419       522
         2      5420       438
         2      5421       433
         2      5421       434
         2      5421       530
         2      5422       433
         2      5422       436
         2      5423       439
         2      5424       524
         2      5424       525
         2      5425       624
         2      5426       441
         2      5427       442
         2      5428       524
         2      5428       526
         2      5428       620
         2      5429       541
         2      5429       543
         2      5429       546
         2      5430       538
         2      5430       540
         2      5430       542
         2      5431       444
         2      5431       537
         2      5432       445
         2      5433       443
         2      5434       453
         2      5434       454
         2      5434       551
         2      5435       455
         2      5435       456
         2      5435       554
         2      5436       451
         2      5436       453
         2      5437       459
         2      5437       460
         2      5438       553
         2      5438       554
         2      5439       543
         2      5440       535
         2      5440       537
         2      5440       539
         2      5441       545
         2      5442       452
         2      5442       549
         2      5443       547
         2      5443       549
         2      5443       552
         2      5444       464
         2      5444       561
         2      5445       555
         2      5446       459
         2      5446       461
         2      5446       557
         2      5447       557
         2      5447       560
         2      5448       483
         2      5449       465
         2      5449       466
         2      5449       563
         2      5450       538
         2      5450       539
         2      5451       541
         2      5451       542
         2      5451       642
         2      5452       496
         2      5452       588
         2      5453       469
         2      5454       470
         2      5454       471
         2      5455       561
         2      5455       564
         2      5456       550
         2      5456       551
         2      5457       544
         2      5457       545
         2      5457       548
         2      5458       579
         2      5459       489
         2      5459       491
         2      5459       580
         2      5460       567
         2      5461       566
         2      5462       498
         2      5463       486
         2      5463       578
         2      5464       587
         2      5464       590
         2      5465       575
         2      5466       487
         2      5467       483
         2      5467       484
         2      5468       609
         2      5469       573
         2      5469       576
         2      5470       570
         2      5470       572
         2      5471       657
         2      5472       583
         2      5472       584
         2      5473       585
         2      5474       493
         2      5475       584
         2      5476       502
         2      5476       503
         2      5477       597
         2      5478       492
         2      5478       493
         2      5478       587
         2      5479       583
         2      5479       690
         2      5480       605
         2      5480       606
         2      5481       685
         2      5482       577
         2      5482       683
         2      5483       500
         2      5483       594
         2      5484       504
         2      5484       593
         2      5485       592
         2      5485       593
         2      5485       596
         2      5486       665
         2      5487       502
         2      5487       595
         2      5488       506
         2      5488       508
         2      5489       513
         2      5489       515
         2      5490       505
         2      5490       507
         2      5491       586
         2      5491       694
         2      5492       514
         2      5492       517
         2      5493       511
         2      5493       604
         2      5494       519
         2      5494       521
         2      5495       606
         2      5496       603
         2      5496       604
         2      5497       523
         2      5497       618
         2      5498       516
         2      5498       517
         2      5498       608
         2      5499       608
         2      5499       612
         2      5500       598
         2      5500       710
         2      5501       431
         2      5501       525
         2      5502       520
         2      5502       521
         2      5502       615
         2      5503       614
         2      5503       615
         2      5503       619
         2      5504       527
         2      5504       528
         2      5505       529
         2      5505       530
         2      5505       630
         2      5506       620
         2      5506       623
         2      5507       617
         2      5507       618
         2      5508       610
         2      5508       611
         2      5508       726
         2      5509       544
         2      5509       546
         2      5510       529
         2      5510       532
         2      5511       528
         2      5511       625
         2      5512       624
         2      5512       626
         2      5513       531
         2      5513       534
         2      5514       533
         2      5515       628
         2      5515       630
         2      5515       632
         2      5516       531
         2      5516       532
         2      5517       631
         2      5517       635
         2      5518       599
         2      5518       601
         2      5518       716
         2      5519       533
         2      5519       534
         2      5520       547
         2      5520       548
         2      5520       646
         2      5521       565
         2      5521       566
         2      5522       709
         2      5522       710
         2      5522       712
         2      5523       653
         2      5523       655
         2      5523       658
         2      5524       536
         2      5525       535
         2      5525       536
         2      5526       555
         2      5526       556
         2      5527       550
         2      5527       552
         2      5527       648
         2      5528       640
         2      5528       642
         2      5529       638
         2      5529       641
         2      5530       649
         2      5530       651
         2      5530       654
         2      5531       659
         2      5531       660
         2      5531       663
         2      5532       645
         2      5532       646
         2      5533       651
         2      5534       553
         2      5534       655
         2      5535       558
         2      5535       559
         2      5536       562
         2      5536       563
         2      5537       568
         2      5537       672
         2      5538       674
         2      5538       675
         2      5538       768
         2      5539       556
         2      5539       660
         2      5540       652
         2      5540       653
         2      5540       756
         2      5541       567
         2      5541       569
         2      5542       558
         2      5542       560
         2      5542       661
         2      5543       562
         2      5543       564
         2      5543       667
         2      5544       664
         2      5544       665
         2      5544       668
         2      5545       640
         2      5545       641
         2      5545       742
         2      5546       647
         2      5546       648
         2      5546       650
         2      5547       571
         2      5547       678
         2      5548       689
         2      5549       569
         2      5549       673
         2      5550       672
         2      5550       674
         2      5551       565
         2      5551       671
         2      5552       643
         2      5552       747
         2      5553       582
         2      5553       688
         2      5554       589
         2      5554       590
         2      5554       698
         2      5555       578
         2      5555       581
         2      5556       574
         2      5556       575
         2      5556       681
         2      5557       662
         2      5557       663
         2      5557       761
         2      5558       580
         2      5558       582
         2      5559       585
         2      5559       586
         2      5560       579
         2      5560       682
         2      5561       692
         2      5562       501
         2      5562       702
         2      5563       687
         2      5563       688
         2      5564       770
         2      5564       772
         2      5564       881
         2      5565       757
         2      5565       759
         2      5566       610
         2      5566       612
         2      5566       722
         2      5567       588
         2      5567       589
         2      5568       591
         2      5569       591
         2      5569       699
         2      5570       692
         2      5570       695
         2      5571       707
         2      5572       696
         2      5572       698
         2      5572       701
         2      5573       693
         2      5573       694
         2      5573       697
         2      5574       595
         2      5574       596
         2      5575       597
         2      5575       598
         2      5576       702
         2      5576       705
         2      5577       682
         2      5577       683
         2      5577       780
         2      5578       644
         2      5578       645
         2      5578       746
         2      5579       763
         2      5579       765
         2      5580       592
         2      5580       708
         2      5581       600
         2      5581       601
         2      5581       603
         2      5582       515
         2      5582       607
         2      5583       611
         2      5584       607
         2      5584       718
         2      5585       599
         2      5585       602
         2      5585       711
         2      5586       713
         2      5586       715
         2      5586       719
         2      5587       700
         2      5587       800
         2      5588       605
         2      5588       715
         2      5589       622
         2      5590       609
         2      5590       721
         2      5591       625
         2      5591       626
         2      5591       629
         2      5592       634
         2      5592       636
         2      5593       721
         2      5593       723
         2      5594       613
         2      5594       614
         2      5594       728
         2      5595       617
         2      5595       619
         2      5595       727
         2      5596       722
         2      5596       723
         2      5596       823
         2      5597       724
         2      5597       725
         2      5597       828
         2      5598       621
         2      5598       622
         2      5598       733
         2      5599       731
         2      5600       627
         2      5600       628
         2      5600       737
         2      5601       627
         2      5601       629
         2      5601       734
         2      5602       712
         2      5602       811
         2      5603       818
         2      5604       732
         2      5604       733
         2      5604       832
         2      5605       631
         2      5605       632
         2      5606       633
         2      5606       634
         2      5607       805
         2      5608       636
         2      5609       669
         2      5609       671
         2      5609       767
         2      5610       787
         2      5610       790
         2      5610       897
         2      5611       644
         2      5612       639
         2      5613       637
         2      5613       638
         2      5613       743
         2      5614       656
         2      5614       657
         2      5615       755
         2      5615       758
         2      5616       673
         2      5616       675
         2      5617       745
         2      5617       746
         2      5617       750
         2      5618       643
         2      5619       647
         2      5620       649
         2      5620       650
         2      5620       751
         2      5621       751
         2      5621       754
         2      5622       661
         2      5622       662
         2      5622       664
         2      5623       656
         2      5623       658
         2      5624       666
         2      5624       667
         2      5624       670
         2      5625       659
         2      5625       759
         2      5626       666
         2      5626       668
         2      5626       763
         2      5627       686
         2      5627       687
         2      5627       789
         2      5628       776
         2      5628       881
         2      5629       679
         2      5629       680
         2      5629       781
         2      5630       780
         2      5630       784
         2      5631       752
         2      5631       753
         2      5631       858
         2      5632       766
         2      5633       743
         2      5633       847
         2      5634       769
         2      5635       574
         2      5635       576
         2      5635       677
         2      5636       676
         2      5636       677
         2      5636       775
         2      5637       772
         2      5638       850
         2      5638       851
         2      5639       744
         2      5639       850
         2      5640       680
         2      5641       581
         2      5641       684
         2      5642       684
         2      5642       685
         2      5642       783
         2      5643       679
         2      5643       681
         2      5643       777
         2      5644       691
         2      5644       788
         2      5645       686
         2      5645       689
         2      5645       786
         2      5646       690
         2      5646       691
         2      5647       699
         2      5647       700
         2      5648       594
         2      5648       704
         2      5649       788
         2      5649       790
         2      5649       793
         2      5650       693
         2      5650       695
         2      5650       792
         2      5651       794
         2      5652       703
         2      5652       704
         2      5652       806
         2      5653       696
         2      5653       697
         2      5654       701
         2      5654       797
         2      5655       791
         2      5655       792
         2      5655       795
         2      5656       870
         2      5656       872
         2      5657       706
         2      5657       707
         2      5657       709
         2      5658       717
         2      5658       718
         2      5658       720
         2      5659       703
         2      5659       705
         2      5659       802
         2      5660       769
         2      5660       874
         2      5661       711
         2      5661       815
         2      5662       706
         2      5662       708
         2      5662       810
         2      5663       807
         2      5663       810
         2      5664       878
         2      5664       880
         2      5664       883
         2      5665       714
         2      5665       716
         2      5666       816
         2      5666       817
         2      5667       613
         2      5667       616
         2      5667       725
         2      5668       729
         2      5668       830
         2      5669       728
         2      5670       713
         2      5670       714
         2      5670       817
         2      5671       717
         2      5671       719
         2      5672       821
         2      5673       808
         2      5673       809
         2      5674       813
         2      5674       815
         2      5675       762
         2      5675       866
         2      5676       720
         2      5676       820
         2      5677       727
         2      5677       729
         2      5678       621
         2      5678       623
         2      5679       633
         2      5679       635
         2      5680       827
         2      5681       724
         2      5681       726
         2      5681       826
         2      5682       866
         2      5682       869
         2      5683       730
         2      5683       731
         2      5683       735
         2      5684       736
         2      5684       738
         2      5685       831
         2      5685       832
         2      5685       835
         2      5686       730
         2      5686       732
         2      5686       833
         2      5687       734
         2      5687       735
         2      5687       836
         2      5688       834
         2      5689       834
         2      5689       835
         2      5689       938
         2      5690       736
         2      5690       737
         2      5691       740
         2      5692       738
         2      5693       739
         2      5693       740
         2      5693       844
         2      5694       739
         2      5694       842
         2      5695       862
         2      5695       864
         2      5695       865
         2      5696       749
         2      5697       742
         2      5698       637
         2      5698       639
         2      5698       741
         2      5699       741
         2      5699       845
         2      5700       755
         2      5700       756
         2      5700       857
         2      5701       745
         2      5701       747
         2      5701       851
         2      5702       652
         2      5702       654
         2      5702       753
         2      5703       757
         2      5703       758
         2      5703       860
         2      5704       848
         2      5705       865
         2      5706       748
         2      5706       749
         2      5706       856
         2      5707       748
         2      5707       750
         2      5707       854
         2      5708       760
         2      5708       761
         2      5708       762
         2      5709       669
         2      5709       670
         2      5710       857
         2      5710       861
         2      5711       951
         2      5712       812
         2      5712       919
         2      5713       764
         2      5713       871
         2      5714       760
         2      5714       864
         2      5715       773
         2      5715       775
         2      5715       778
         2      5716       785
         2      5716       786
         2      5716       894
         2      5717       774
         2      5717       776
         2      5717       880
         2      5718       826
         2      5718       929
         2      5719       768
         2      5719       771
         2      5720       766
         2      5720       767
         2      5720       872
         2      5721       782
         2      5721       783
         2      5721       785
         2      5722       779
         2      5722       890
         2      5723       782
         2      5723       784
         2      5723       888
         2      5724       770
         2      5724       771
         2      5724       877
         2      5725       895
         2      5725       899
         2      5726       870
         2      5726       975
         2      5727       773
         2      5727       774
         2      5728       882
         2      5729       875
         2      5729       877
         2      5729       879
         2      5730       777
         2      5730       778
         2      5730       884
         2      5731       958
         2      5731       959
         2      5731       961
         2      5732       840
         2      5732       843
         2      5733       791
         2      5733       793
         2      5733       902
         2      5734       804
         2      5734       805
         2      5734       808
         2      5735       787
         2      5735       789
         2      5736       892
         2      5736       894
         2      5736       895
         2      5737       900
         2      5737       902
         2      5737       903
         2      5738       794
         2      5738       795
         2      5739       882
         2      5739       883
         2      5739       982
         2      5740       878
         2      5740       879
         2      5741       796
         2      5741       797
         2      5741       801
         2      5742       799
         2      5742       800
         2      5742       803
         2      5743       798
         2      5743       799
         2      5744       802
         2      5744       803
         2      5744       908
         2      5745       796
         2      5746       904
         2      5747       903
         2      5747       905
         2      5748       953
         2      5748      1058
         2      5749       811
         2      5749       812
         2      5749       814
         2      5750       807
         2      5750       809
         2      5750       916
         2      5751       907
         2      5751       908
         2      5751       910
         2      5752       804
         2      5752       806
         2      5752       909
         2      5753       909
         2      5753       913
         2      5754       820
         2      5754       825
         2      5755       816
         2      5755       818
         2      5755       923
         2      5756       822
         2      5756       824
         2      5756       930
         2      5757       917
         2      5757       919
         2      5757       922
         2      5758       916
         2      5758       918
         2      5759       813
         2      5759       814
         2      5759       921
         2      5760       823
         2      5760       824
         2      5761       819
         2      5761       927
         2      5762       819
         2      5762       821
         2      5762       925
         2      5763       922
         2      5763      1019
         2      5764      1008
         2      5764      1012
         2      5765       997
         2      5765       999
         2      5766       829
         2      5766       830
         2      5766       831
         2      5767       829
         2      5767       933
         2      5768       928
         2      5768       929
         2      5769       827
         2      5769       828
         2      5769       931
         2      5770       930
         2      5771       955
         2      5771      1061
         2      5772       833
         2      5772       837
         2      5773       837
         2      5773       942
         2      5774       937
         2      5774       938
         2      5774       940
         2      5775       836
         2      5775       839
         2      5776       838
         2      5776       841
         2      5777       942
         2      5777       944
         2      5778       936
         2      5778       937
         2      5778      1041
         2      5779       838
         2      5779       839
         2      5779       943
         2      5780       842
         2      5780       843
         2      5780       948
         2      5781       947
         2      5781       948
         2      5781      1051
         2      5782       941
         2      5783       844
         2      5784       861
         2      5784       963
         2      5785       896
         2      5785       898
         2      5785       998
         2      5786       849
         2      5787       846
         2      5788       845
         2      5788       846
         2      5789       847
         2      5789       848
         2      5790       744
         2      5791       849
         2      5791       952
         2      5792       859
         2      5792       860
         2      5792       863
         2      5793       954
         2      5794       853
         2      5794       854
         2      5794       957
         2      5795       852
         2      5795       853
         2      5796       858
         2      5796       960
         2      5797       889
         2      5797       890
         2      5797       989
         2      5798       752
         2      5798       754
         2      5798       855
         2      5799       855
         2      5799       856
         2      5799       959
         2      5800       862
         2      5800       863
         2      5800       969
         2      5801       867
         2      5801       868
         2      5801       973
         2      5802       904
         2      5802       905
         2      5802      1001
         2      5803      1064
         2      5804       950
         2      5804       951
         2      5804      1054
         2      5805       859
         2      5806       953
         2      5806       954
         2      5807       764
         2      5807       765
         2      5807       868
         2      5808       873
         2      5808       874
         2      5808       876
         2      5809       873
         2      5809       979
         2      5810       970
         2      5810       971
         2      5811       867
         2      5811       869
         2      5812       871
         2      5812       972
         2      5813       972
         2      5813       976
         2      5814       884
         2      5814       886
         2      5815       875
         2      5815       876
         2      5816       977
         2      5816       979
         2      5816       981
         2      5817       779
         2      5817       781
         2      5817       885
         2      5818       986
         2      5818       987
         2      5818       990
         2      5819       984
         2      5820       965
         2      5820       967
         2      5820      1074
         2      5821       961
         2      5821      1066
         2      5822       887
         2      5822       888
         2      5822       893
         2      5823       885
         2      5823       886
         2      5823       987
         2      5824       893
         2      5824       993
         2      5825       995
         2      5825      1097
         2      5826       988
         2      5826       989
         2      5827      1085
         2      5827      1086
         2      5827      1088
         2      5828       974
         2      5828       975
         2      5828       978
         2      5829      1062
         2      5829      1064
         2      5829      1065
         2      5830       887
         2      5830       889
         2      5830       991
         2      5831       897
         2      5831       898
         2      5831       901
         2      5832       891
         2      5832       892
         2      5832       996
         2      5833       798
         2      5833       801
         2      5833       906
         2      5834       901
         2      5835       891
         2      5835       995
         2      5836       917
         2      5836       918
         2      5836      1018
         2      5837       912
         2      5837       915
         2      5838       900
         2      5838      1000
         2      5839       907
         2      5839      1007
         2      5840       910
         2      5841       996
         2      5842       906
         2      5842      1004
         2      5843       920
         2      5843       921
         2      5844      1022
         2      5844      1023
         2      5845       914
         2      5845      1015
         2      5846       911
         2      5846       912
         2      5846      1014
         2      5847      1013
         2      5848      1005
         2      5848      1006
         2      5848      1113
         2      5849      1100
         2      5850       988
         2      5850      1091
         2      5851       974
         2      5851       976
         2      5851      1080
         2      5852      1079
         2      5852      1080
         2      5853       914
         2      5853       915
         2      5854       932
         2      5854       935
         2      5854      1039
         2      5855       924
         2      5855       925
         2      5855      1025
         2      5856      1016
         2      5856      1018
         2      5856      1020
         2      5857       968
         2      5857       969
         2      5857       970
         2      5858       923
         2      5858       924
         2      5859       920
         2      5859      1023
         2      5860       822
         2      5860       825
         2      5860       926
         2      5861      1024
         2      5862       928
         2      5862      1034
         2      5863      1020
         2      5864      1021
         2      5864      1022
         2      5864      1127
         2      5865       926
         2      5865       927
         2      5865      1030
         2      5866      1021
         2      5866      1124
         2      5867       931
         2      5867       934
         2      5868       933
         2      5868       935
         2      5868       936
         2      5869      1032
         2      5869      1034
         2      5869      1037
         2      5870       932
         2      5870       934
         2      5870      1036
         2      5871      1035
         2      5871      1036
         2      5872      1028
         2      5872      1030
         2      5872      1031
         2      5873       939
         2      5873       941
         2      5874       943
         2      5875      1041
         2      5875      1043
         2      5876      1042
         2      5876      1045
         2      5877      1003
         2      5877      1005
         2      5877      1111
         2      5878       939
         2      5878       940
         2      5878      1042
         2      5879       946
         2      5879       949
         2      5880       944
         2      5881      1046
         2      5882      1044
         2      5882      1045
         2      5882      1143
         2      5883      1072
         2      5883      1073
         2      5884      1156
         2      5885       946
         2      5885       947
         2      5886       949
         2      5887       964
         2      5888       952
         2      5888       955
         2      5889       950
         2      5890       960
         2      5891       967
         2      5892      1059
         2      5893       852
         2      5894       956
         2      5894       957
         2      5894       958
         2      5895       962
         2      5895       963
         2      5895       966
         2      5896      1060
         2      5896      1061
         2      5896      1063
         2      5897       956
         2      5898      1068
         2      5899       962
         2      5899       964
         2      5900      1090
         2      5900      1092
         2      5901       968
         2      5901      1073
         2      5902       985
         2      5902       986
         2      5903      1091
         2      5903      1095
         2      5904      1067
         2      5904      1068
         2      5904      1171
         2      5905       980
         2      5906       971
         2      5906      1075
         2      5907      1066
         2      5907      1067
         2      5907      1070
         2      5908       977
         2      5908       978
         2      5908      1081
         2      5909       973
         2      5910       983
         2      5910       984
         2      5910      1086
         2      5911      1083
         2      5911      1084
         2      5911      1085
         2      5912      1078
         2      5913      1069
         2      5913      1176
         2      5914       982
         2      5914       983
         2      5914       985
         2      5915       980
         2      5915       981
         2      5915      1084
         2      5916       991
         2      5916       994
         2      5917       992
         2      5917       993
         2      5918       990
         2      5918      1090
         2      5919      1093
         2      5919      1094
         2      5919      1099
         2      5920      1010
         2      5920      1011
         2      5920      1119
         2      5921      1096
         2      5921      1098
         2      5921      1212
         2      5922      1000
         2      5923      1004
         2      5923      1006
         2      5924       997
         2      5924       998
         2      5924      1102
         2      5925       992
         2      5925       994
         2      5925      1094
         2      5926      1079
         2      5926      1189
         2      5927       896
         2      5927       899
         2      5928       999
         2      5929      1105
         2      5929      1106
         2      5929      1110
         2      5930      1002
         2      5930      1109
         2      5931      1102
         2      5931      1104
         2      5932      1072
         2      5932      1074
         2      5932      1180
         2      5933      1001
         2      5933      1002
         2      5933      1003
         2      5934      1106
         2      5935      1007
         2      5935      1009
         2      5936      1008
         2      5936      1009
         2      5936      1114
         2      5937      1019
         2      5938      1107
         2      5938      1109
         2      5939      1120
         2      5939      1122
         2      5940      1114
         2      5940      1116
         2      5941       911
         2      5941       913
         2      5941      1011
         2      5942      1015
         2      5942      1017
         2      5943      1216
         2      5943      1218
         2      5944      1013
         2      5944      1014
         2      5944      1118
         2      5945      1016
         2      5945      1017
         2      5945      1120
         2      5946      1029
         2      5946      1130
         2      5947      1038
         2      5947      1040
         2      5947      1141
         2      5948      1112
         2      5948      1223
         2      5949      1093
         2      5949      1095
         2      5949      1208
         2      5950      1076
         2      5950      1184
         2      5951      1024
         2      5951      1026
         2      5952      1025
         2      5952      1029
         2      5953      1031
         2      5953      1033
         2      5954      1026
         2      5954      1126
         2      5955      1039
         2      5955      1040
         2      5956      1128
         2      5956      1130
         2      5956      1132
         2      5957      1125
         2      5957      1126
         2      5957      1129
         2      5958      1050
         2      5959      1027
         2      5959      1028
         2      5959      1134
         2      5960      1119
         2      5961      1032
         2      5961      1033
         2      5961      1133
         2      5962      1035
         2      5962      1037
         2      5962      1137
         2      5963      1038
         2      5963      1138
         2      5964      1044
         2      5965      1043
         2      5965      1140
         2      5966      1139
         2      5966      1140
         2      5966      1144
         2      5967      1135
         2      5967      1137
         2      5968      1229
         2      5968      1232
         2      5969      1051
         2      5970      1046
         2      5970      1147
         2      5971      1145
         2      5971      1147
         2      5971      1149
         2      5972      1123
         2      5972      1124
         2      5972      1236
         2      5973      1048
         2      5973      1152
         2      5974      1052
         2      5975      1048
         2      5976      1049
         2      5976      1050
         2      5976      1159
         2      5977      1157
         2      5977      1158
         2      5977      1160
         2      5978      1049
         2      5978      1154
         2      5979      1052
         2      5979      1158
         2      5980      1148
         2      5980      1149
         2      5981      1227
         2      5982      1077
         2      5982      1078
         2      5982      1186
         2      5983      1056
         2      5983      1058
         2      5983      1060
         2      5984      1053
         2      5984      1054
         2      5984      1055
         2      5985      1053
         2      5986      1055
         2      5986      1163
         2      5987      1167
         2      5987      1169
         2      5988      1057
         2      5988      1059
         2      5988      1164
         2      5989      1056
         2      5989      1057
         2      5990      1062
         2      5990      1063
         2      5991      1162
         2      5991      1163
         2      5991      1165
         2      5992      1065
         2      5992      1168
         2      5993       965
         2      5993       966
         2      5993      1071
         2      5994      1069
         2      5994      1070
         2      5994      1175
         2      5995      1075
         2      5995      1076
         2      5995      1077
         2      5996      1174
         2      5996      1175
         2      5996      1177
         2      5997      1071
         2      5997      1179
         2      5998      1174
         2      5999      1176
         2      6000      1087
         2      6000      1088
         2      6000      1198
         2      6001      1082
         2      6001      1192
         2      6002      1183
         2      6002      1184
         2      6003      1164
         2      6003      1165
         2      6003      1272
         2      6004      1081
         2      6004      1082
         2      6005      1087
         2      6005      1089
         2      6006      1083
         2      6006      1195
         2      6007      1187
         2      6007      1189
         2      6007      1193
         2      6008      1198
         2      6009      1190
         2      6009      1192
         2      6009      1196
         2      6010      1089
         2      6010      1199
         2      6011      1206
         2      6011      1208
         2      6012      1194
         2      6012      1195
         2      6012      1197
         2      6013      1097
         2      6013      1098
         2      6013      1100
         2      6014      1092
         2      6014      1205
         2      6015      1103
         2      6015      1105
         2      6016      1103
         2      6016      1104
         2      6016      1218
         2      6017      1204
         2      6017      1205
         2      6017      1207
         2      6018      1270
         2      6019      1096
         2      6019      1099
         2      6019      1211
         2      6020      1111
         2      6020      1112
         2      6021      1101
         2      6021      1217
         2      6022      1113
         2      6023      1010
         2      6023      1012
         2      6024      1101
         2      6025      1108
         2      6025      1110
         2      6025      1219
         2      6026      1221
         2      6027      1202
         2      6027      1204
         2      6027      1307
         2      6028      1183
         2      6028      1286
         2      6029      1274
         2      6029      1277
         2      6030      1107
         2      6030      1108
         2      6031      1117
         2      6031      1118
         2      6032      1115
         2      6032      1230
         2      6033      1133
         2      6034      1225
         2      6034      1227
         2      6034      1228
         2      6035      1121
         2      6035      1123
         2      6036      1125
         2      6036      1127
         2      6037      1220
         2      6038      1240
         2      6038      1242
         2      6038      1245
         2      6039      1117
         2      6039      1231
         2      6040      1309
         2      6040      1311
         2      6041      1239
         2      6041      1241
         2      6042      1121
         2      6042      1122
         2      6042      1233
         2      6043      1138
         2      6043      1254
         2      6044      1139
         2      6044      1141
         2      6044      1256
         2      6045      1027
         2      6045      1131
         2      6046      1128
         2      6046      1129
         2      6046      1242
         2      6047      1240
         2      6047      1241
         2      6047      1341
         2      6048      1245
         2      6049      1131
         2      6049      1132
         2      6049      1244
         2      6050      1134
         2      6050      1248
         2      6051      1238
         2      6051      1239
         2      6052      1206
         2      6052      1207
         2      6053      1216
         2      6053      1217
         2      6053      1314
         2      6054      1170
         2      6054      1173
         2      6054      1278
         2      6055      1136
         2      6056      1135
         2      6056      1136
         2      6056      1250
         2      6057      1142
         2      6057      1143
         2      6057      1146
         2      6058      1148
         2      6059      1255
         2      6059      1256
         2      6060      1257
         2      6060      1259
         2      6061      1252
         2      6061      1254
         2      6062      1181
         2      6063      1142
         2      6063      1144
         2      6063      1257
         2      6064      1145
         2      6064      1146
         2      6064      1258
         2      6065      1150
         2      6065      1151
         2      6065      1155
         2      6066      1150
         2      6066      1152
         2      6066      1264
         2      6067      1263
         2      6067      1264
         2      6067      1265
         2      6068      1153
         2      6068      1154
         2      6068      1267
         2      6069      1157
         2      6069      1159
         2      6070      1160
         2      6071      1268
         2      6071      1269
         2      6072      1266
         2      6072      1268
         2      6073      1153
         2      6073      1155
         2      6074      1166
         2      6074      1167
         2      6075      1282
         2      6075      1284
         2      6076      1161
         2      6077      1161
         2      6077      1162
         2      6078      1168
         2      6078      1169
         2      6078      1172
         2      6079      1171
         2      6079      1173
         2      6080      1166
         2      6081      1271
         2      6081      1272
         2      6082      1185
         2      6082      1186
         2      6082      1188
         2      6083      1182
         2      6083      1285
         2      6084      1191
         2      6084      1193
         2      6084      1293
         2      6085      1280
         2      6085      1281
         2      6086      1273
         2      6086      1275
         2      6087      1178
         2      6087      1179
         2      6087      1181
         2      6088      1177
         2      6088      1281
         2      6089      1180
         2      6089      1182
         2      6090      1178
         2      6090      1282
         2      6091      1194
         2      6091      1196
         2      6091      1297
         2      6092      1201
         2      6092      1303
         2      6093      1283
         2      6094      1185
         2      6094      1289
         2      6095      1200
         2      6095      1201
         2      6095      1305
         2      6096      1283
         2      6096      1284
         2      6096      1388
         2      6097      1187
         2      6097      1188
         2      6098      1190
         2      6098      1191
         2      6098      1298
         2      6099      1199
         2      6099      1200
         2      6099      1203
         2      6100      1197
         2      6100      1299
         2      6101      1292
         2      6101      1294
         2      6102      1386
         2      6102      1388
         2      6102      1390
         2      6103      1325
         2      6103      1327
         2      6103      1328
         2      6104      1214
         2      6104      1315
         2      6105      1210
         2      6105      1211
         2      6105      1213
         2      6106      1212
         2      6106      1215
         2      6107      1293
         2      6107      1294
         2      6107      1399
         2      6108      1291
         2      6108      1397
         2      6109      1318
         2      6109      1319
         2      6109      1322
         2      6110      1209
         2      6110      1210
         2      6110      1309
         2      6111      1213
         2      6112      1306
         2      6113      1389
         2      6114      1219
         2      6114      1220
         2      6114      1222
         2      6115      1223
         2      6115      1226
         2      6116      1229
         2      6116      1230
         2      6116      1327
         2      6117      1214
         2      6117      1215
         2      6118      1221
         2      6118      1222
         2      6118      1319
         2      6119      1226
         2      6119      1321
         2      6120      1235
         2      6120      1332
         2      6121      1302
         2      6121      1303
         2      6121      1407
         2      6122      1115
         2      6122      1116
         2      6122      1228
         2      6123      1224
         2      6123      1225
         2      6123      1326
         2      6124      1234
         2      6124      1329
         2      6125      1320
         2      6125      1321
         2      6125      1324
         2      6126      1305
         2      6127      1249
         2      6127      1352
         2      6128      1231
         2      6128      1234
         2      6129      1233
         2      6129      1235
         2      6129      1237
         2      6130      1236
         2      6130      1238
         2      6131      1232
         2      6132      1250
         2      6132      1253
         2      6133      1328
         2      6133      1331
         2      6134      1348
         2      6135      1323
         2      6135      1324
         2      6135      1431
         2      6136      1337
         2      6137      1237
         2      6138      1326
         2      6139      1301
         2      6139      1302
         2      6139      1405
         2      6140      1243
         2      6140      1244
         2      6141      1243
         2      6141      1345
         2      6142      1339
         2      6142      1341
         2      6142      1343
         2      6143      1247
         2      6143      1248
         2      6144      1249
         2      6145      1344
         2      6145      1345
         2      6145      1346
         2      6146      1246
         2      6146      1247
         2      6146      1349
         2      6147      1246
         2      6148      1318
         2      6148      1428
         2      6149      1320
         2      6149      1322
         2      6149      1430
         2      6150      1258
         2      6150      1262
         2      6151      1260
         2      6151      1263
         2      6152      1350
         2      6152      1352
         2      6152      1355
         2      6153      1251
         2      6153      1252
         2      6153      1358
         2      6154      1255
         2      6154      1356
         2      6155      1359
         2      6155      1361
         2      6155      1365
         2      6156      1346
         2      6156      1453
         2      6157      1342
         2      6157      1343
         2      6157      1450
         2      6158      1287
         2      6158      1288
         2      6158      1392
         2      6159      1259
         2      6159      1361
         2      6160      1261
         2      6160      1262
         2      6160      1364
         2      6161      1278
         2      6161      1382
         2      6162      1260
         2      6162      1261
         2      6163      1265
         2      6164      1369
         2      6164      1372
         2      6165      1371
         2      6165      1374
         2      6166      1266
         2      6166      1267
         2      6167      1269
         2      6168      1378
         2      6169      1279
         2      6169      1280
         2      6169      1383
         2      6170      1273
         2      6171      1270
         2      6171      1271
         2      6172      1170
         2      6172      1172
         2      6172      1276
         2      6173      1279
         2      6174      1276
         2      6174      1277
         2      6175      1274
         2      6175      1275
         2      6176      1377
         2      6176      1380
         2      6177      1389
         2      6177      1390
         2      6177      1393
         2      6178      1334
         2      6178      1335
         2      6179      1381
         2      6179      1382
         2      6179      1385
         2      6180      1381
         2      6181      1285
         2      6181      1287
         2      6182      1286
         2      6182      1288
         2      6182      1290
         2      6183      1289
         2      6183      1291
         2      6183      1292
         2      6184      1295
         2      6184      1297
         2      6184      1300
         2      6185      1296
         2      6185      1298
         2      6186      1412
         2      6186      1413
         2      6186      1417
         2      6187      1391
         2      6187      1392
         2      6187      1395
         2      6188      1290
         2      6188      1394
         2      6189      1295
         2      6189      1296
         2      6189      1403
         2      6190      1313
         2      6190      1314
         2      6190      1317
         2      6191      1299
         2      6191      1301
         2      6192      1300
         2      6192      1402
         2      6193      1399
         2      6193      1401
         2      6194      1202
         2      6194      1203
         2      6194      1304
         2      6195      1209
         2      6195      1308
         2      6196      1333
         2      6196      1334
         2      6197      1409
         2      6197      1411
         2      6198      1310
         2      6198      1421
         2      6199      1304
         2      6199      1411
         2      6200      1224
         2      6200      1323
         2      6201      1306
         2      6201      1307
         2      6201      1413
         2      6202      1395
         2      6202      1501
         2      6203      1308
         2      6203      1415
         2      6204      1400
         2      6205      1316
         2      6206      1312
         2      6206      1313
         2      6206      1424
         2      6207      1312
         2      6207      1315
         2      6207      1420
         2      6208      1384
         2      6208      1493
         2      6209      1376
         2      6209      1481
         2      6210      1357
         2      6210      1358
         2      6210      1464
         2      6211      1373
         2      6211      1375
         2      6212      1316
         2      6212      1317
         2      6212      1423
         2      6213      1342
         2      6213      1344
         2      6214      1330
         2      6214      1331
         2      6214      1439
         2      6215      1429
         2      6215      1430
         2      6216      1329
         2      6216      1330
         2      6216      1333
         2      6217      1332
         2      6217      1335
         2      6217      1338
         2      6218      1432
         2      6218      1437
         2      6219      1435
         2      6219      1436
         2      6219      1440
         2      6220      1418
         2      6220      1419
         2      6221      1412
         2      6222      1325
         2      6222      1436
         2      6223      1347
         2      6223      1348
         2      6223      1351
         2      6224      1454
         2      6224      1456
         2      6224      1458
         2      6225      1442
         2      6226      1340
         2      6227      1336
         2      6227      1337
         2      6228      1336
         2      6228      1338
         2      6228      1445
         2      6229      1446
         2      6230      1429
         2      6230      1529
         2      6231      1339
         2      6231      1340
         2      6231      1448
         2      6232      1251
         2      6232      1253
         2      6232      1354
         2      6233      1347
         2      6233      1349
         2      6233      1456
         2      6234      1356
         2      6234      1357
         2      6234      1360
         2      6235      1353
         2      6235      1354
         2      6235      1461
         2      6236      1453
         2      6236      1455
         2      6237      1482
         2      6238      1350
         2      6238      1351
         2      6239      1353
         2      6239      1355
         2      6240      1463
         2      6241      1362
         2      6241      1364
         2      6241      1368
         2      6242      1367
         2      6242      1370
         2      6243      1464
         2      6244      1452
         2      6244      1545
         2      6245      1359
         2      6245      1360
         2      6245      1465
         2      6246      1363
         2      6246      1365
         2      6247      1466
         2      6247      1560
         2      6248      1362
         2      6248      1363
         2      6249      1366
         2      6249      1367
         2      6249      1475
         2      6250      1366
         2      6250      1368
         2      6250      1472
         2      6251      1454
         2      6251      1455
         2      6251      1549
         2      6252      1640
         2      6253      1528
         2      6253      1634
         2      6254      1369
         2      6254      1370
         2      6255      1371
         2      6255      1372
         2      6256      1373
         2      6256      1374
         2      6257      1479
         2      6258      1478
         2      6259      1375
         2      6260      1400
         2      6260      1401
         2      6260      1506
         2      6261      1499
         2      6261      1501
         2      6262      1385
         2      6262      1491
         2      6263      1377
         2      6263      1378
         2      6264      1484
         2      6265      1383
         2      6265      1384
         2      6265      1387
         2      6266      1376
         2      6267      1483
         2      6267      1485
         2      6268      1386
         2      6268      1387
         2      6268      1496
         2      6269      1394
         2      6270      1396
         2      6270      1397
         2      6270      1398
         2      6271      1402
         2      6271      1406
         2      6272      1379
         2      6272      1492
         2      6273      1502
         2      6273      1505
         2      6274      1490
         2      6274      1491
         2      6274      1495
         2      6275      1484
         2      6275      1485
         2      6275      1487
         2      6276      1391
         2      6276      1393
         2      6276      1497
         2      6277      1398
         2      6278      1496
         2      6278      1498
         2      6279      1575
         2      6280      1396
         2      6280      1502
         2      6281      1511
         2      6281      1514
         2      6282      1407
         2      6282      1410
         2      6283      1404
         2      6283      1405
         2      6283      1516
         2      6284      1404
         2      6284      1406
         2      6284      1514
         2      6285      1504
         2      6286      1414
         2      6286      1416
         2      6286      1524
         2      6287      1449
         2      6287      1540
         2      6288      1503
         2      6288      1504
         2      6289      1583
         2      6289      1585
         2      6289      1587
         2      6290      1403
         2      6291      1426
         2      6291      1428
         2      6292      1408
         2      6292      1409
         2      6293      1423
         2      6293      1427
         2      6294      1596
         2      6294      1600
         2      6295      1415
         2      6295      1416
         2      6296      1310
         2      6296      1311
         2      6296      1419
         2      6297      1408
         2      6297      1410
         2      6297      1517
         2      6298      1425
         2      6298      1426
         2      6298      1530
         2      6299      1522
         2      6299      1523
         2      6299      1629
         2      6300      1414
         2      6300      1417
         2      6300      1520
         2      6301      1607
         2      6302      1486
         2      6302      1487
         2      6303      1420
         2      6303      1421
         2      6303      1526
         2      6304      1422
         2      6304      1528
         2      6305      1431
         2      6305      1433
         2      6306      1438
         2      6306      1439
         2      6306      1443
         2      6307      1525
         2      6307      1526
         2      6307      1527
         2      6308      1490
         2      6308      1586
         2      6309      1432
         2      6309      1433
         2      6309      1532
         2      6310      1441
         2      6310      1442
         2      6310      1539
         2      6311      1434
         2      6311      1435
         2      6312      1457
         2      6312      1458
         2      6312      1550
         2      6313      1447
         2      6313      1448
         2      6313      1451
         2      6314      1444
         2      6314      1445
         2      6314      1541
         2      6315      1631
         2      6315      1635
         2      6316      1438
         2      6316      1440
         2      6316      1537
         2      6317      1535
         2      6317      1648
         2      6318      1447
         2      6318      1449
         2      6318      1543
         2      6319      1459
         2      6319      1552
         2      6320      1450
         2      6320      1452
         2      6321      1457
         2      6321      1459
         2      6322      1542
         2      6322      1546
         2      6323      1527
         2      6324      1477
         2      6324      1478
         2      6325      1451
         2      6326      1616
         2      6326      1617
         2      6327      1494
         2      6327      1495
         2      6327      1589
         2      6328      1462
         2      6329      1460
         2      6329      1461
         2      6329      1463
         2      6330      1460
         2      6330      1462
         2      6330      1555
         2      6331      1547
         2      6331      1549
         2      6331      1551
         2      6332      1548
         2      6332      1662
         2      6333      1470
         2      6333      1473
         2      6334      1474
         2      6335      1555
         2      6335      1558
         2      6336      1544
         2      6336      1663
         2      6337      1465
         2      6337      1466
         2      6337      1469
         2      6338      1468
         2      6338      1470
         2      6339      1559
         2      6339      1560
         2      6339      1561
         2      6340      1666
         2      6341      1538
         2      6341      1657
         2      6342      1467
         2      6342      1468
         2      6343      1471
         2      6343      1472
         2      6343      1564
         2      6344      1474
         2      6344      1475
         2      6345      1681
         2      6346      1476
         2      6346      1477
         2      6346      1571
         2      6347      1480
         2      6347      1570
         2      6348      1568
         2      6348      1570
         2      6348      1574
         2      6349      1649
         2      6349      1650
         2      6349      1654
         2      6350      1479
         2      6350      1480
         2      6351      1637
         2      6351      1638
         2      6351      1641
         2      6352      1627
         2      6352      1628
         2      6352      1632
         2      6353      1506
         2      6353      1509
         2      6354      1481
         2      6354      1482
         2      6354      1483
         2      6355      1486
         2      6355      1489
         2      6356      1379
         2      6356      1380
         2      6357      1488
         2      6357      1584
         2      6358      1492
         2      6358      1585
         2      6359      1576
         2      6359      1578
         2      6360      1493
         2      6360      1494
         2      6361      1497
         2      6361      1500
         2      6362      1592
         2      6363      1500
         2      6363      1596
         2      6364      1610
         2      6364      1614
         2      6365      1589
         2      6365      1593
         2      6366      1586
         2      6366      1587
         2      6366      1588
         2      6367      1499
         2      6367      1598
         2      6368      1498
         2      6368      1595
         2      6369      1503
         2      6369      1505
         2      6369      1603
         2      6370      1606
         2      6370      1607
         2      6370      1609
         2      6371      1594
         2      6371      1595
         2      6372      1508
         2      6372      1510
         2      6373      1507
         2      6373      1508
         2      6373      1610
         2      6374      1512
         2      6374      1513
         2      6375      1604
         2      6375      1606
         2      6376      1510
         2      6376      1512
         2      6377      1515
         2      6377      1516
         2      6377      1518
         2      6378      1602
         2      6378      1603
         2      6378      1605
         2      6379      1579
         2      6379      1581
         2      6380      1597
         2      6380      1599
         2      6380      1708
         2      6381      1521
         2      6382      1511
         2      6382      1513
         2      6382      1612
         2      6383      1623
         2      6383      1624
         2      6384      1515
         2      6384      1617
         2      6385      1517
         2      6385      1620
         2      6386      1518
         2      6387      1611
         2      6387      1613
         2      6387      1721
         2      6388      1626
         2      6389      1519
         2      6389      1520
         2      6390      1418
         2      6390      1523
         2      6391      1519
         2      6391      1521
         2      6391      1624
         2      6392      1425
         2      6392      1427
         2      6393      1534
         2      6394      1615
         2      6394      1616
         2      6394      1720
         2      6395      1601
         2      6395      1602
         2      6396      1693
         2      6396      1695
         2      6397      1422
         2      6397      1424
         2      6398      1525
         2      6398      1628
         2      6399      1529
         2      6399      1533
         2      6400      1530
         2      6400      1638
         2      6401      1642
         2      6401      1643
         2      6401      1645
         2      6402      1476
         2      6402      1566
         2      6403      1531
         2      6403      1532
         2      6403      1534
         2      6404      1536
         2      6404      1537
         2      6405      1625
         2      6405      1734
         2      6406      1434
         2      6406      1437
         2      6406      1535
         2      6407      1531
         2      6407      1533
         2      6407      1643
         2      6408      1536
         2      6408      1650
         2      6409      1561
         2      6410      1441
         2      6410      1443
         2      6411      1444
         2      6411      1446
         2      6411      1538
         2      6412      1539
         2      6412      1652
         2      6413      1646
         2      6413      1648
         2      6414      1740
         2      6415      1545
         2      6415      1548
         2      6416      1554
         2      6416      1670
         2      6417      1656
         2      6417      1657
         2      6418      1658
         2      6418      1660
         2      6419      1659
         2      6420      1630
         2      6420      1631
         2      6420      1739
         2      6421      1540
         2      6421      1541
         2      6421      1658
         2      6422      1542
         2      6422      1543
         2      6423      1711
         2      6424      1547
         2      6425      1553
         2      6426      1550
         2      6426      1553
         2      6427      1551
         2      6427      1665
         2      6428      1661
         2      6428      1662
         2      6429      1651
         2      6429      1653
         2      6430      1552
         2      6430      1554
         2      6431      1557
         2      6432      1467
         2      6432      1469
         2      6433      1669
         2      6433      1670
         2      6433      1673
         2      6434      1668
         2      6434      1669
         2      6435      1556
         2      6435      1557
         2      6435      1677
         2      6436      1559
         2      6436      1676
         2      6437      1471
         2      6437      1473
         2      6438      1563
         2      6438      1567
         2      6439      1680
         2      6439      1681
         2      6439      1685
         2      6440      1667
         2      6440      1668
         2      6440      1769
         2      6441      1678
         2      6441      1680
         2      6442      1675
         2      6442      1676
         2      6442      1679
         2      6443      1562
         2      6443      1563
         2      6443      1686
         2      6444      1565
         2      6444      1566
         2      6444      1688
         2      6445      1569
         2      6445      1571
         2      6445      1687
         2      6446      1690
         2      6447      1573
         2      6448      1568
         2      6448      1569
         2      6448      1690
         2      6449      1687
         2      6449      1689
         2      6450      1572
         2      6450      1573
         2      6450      1691
         2      6451      1572
         2      6451      1574
         2      6452      1729
         2      6453      1713
         2      6453      1714
         2      6453      1717
         2      6454      1522
         2      6454      1524
         2      6455      1577
         2      6455      1578
         2      6456      1575
         2      6456      1576
         2      6457      1577
         2      6457      1580
         2      6458      1488
         2      6458      1489
         2      6458      1581
         2      6459      1590
         2      6459      1592
         2      6460      1594
         2      6460      1705
         2      6461      1579
         2      6461      1580
         2      6461      1694
         2      6462      1582
         2      6462      1583
         2      6463      1698
         2      6463      1699
         2      6464      1692
         2      6464      1693
         2      6464      1791
         2      6465      1588
         2      6465      1699
         2      6466      1622
         2      6466      1623
         2      6466      1724
         2      6467      1591
         2      6467      1593
         2      6467      1700
         2      6468      1590
         2      6468      1591
         2      6468      1702
         2      6469      1704
         2      6469      1705
         2      6469      1707
         2      6470      1598
         2      6470      1599
         2      6470      1601
         2      6471      1597
         2      6471      1600
         2      6471      1706
         2      6472      1706
         2      6472      1707
         2      6472      1710
         2      6473      1694
         2      6473      1695
         2      6473      1793
         2      6474      1604
         2      6474      1605
         2      6475      1609
         2      6475      1714
         2      6476      1639
         2      6476      1640
         2      6476      1642
         2      6477      1636
         2      6477      1637
         2      6478      1507
         2      6478      1509
         2      6478      1608
         2      6479      1608
         2      6479      1716
         2      6480      1710
         2      6480      1807
         2      6481      1612
         2      6481      1613
         2      6481      1615
         2      6482      1621
         2      6483      1611
         2      6483      1614
         2      6483      1718
         2      6484      1619
         2      6484      1620
         2      6484      1622
         2      6485      1618
         2      6485      1619
         2      6485      1726
         2      6486      1721
         2      6487      1704
         2      6487      1806
         2      6488      1825
         2      6489      1655
         2      6489      1656
         2      6489      1756
         2      6490      1672
         2      6490      1673
         2      6490      1771
         2      6491      1727
         2      6491      1729
         2      6491      1731
         2      6492      1793
         2      6493      1633
         2      6493      1634
         2      6493      1636
         2      6494      1627
         2      6494      1629
         2      6494      1733
         2      6495      1732
         2      6495      1733
         2      6495      1736
         2      6496      1644
         2      6496      1647
         2      6497      1633
         2      6497      1635
         2      6497      1738
         2      6498      1652
         2      6498      1653
         2      6498      1655
         2      6499      1651
         2      6499      1654
         2      6499      1751
         2      6500      1737
         2      6500      1738
         2      6500      1741
         2      6501      1639
         2      6501      1641
         2      6501      1743
         2      6502      1735
         2      6503      1696
         2      6504      1798
         2      6504      1800
         2      6505      1722
         2      6505      1723
         2      6505      1828
         2      6506      1644
         2      6506      1645
         2      6506      1745
         2      6507      1646
         2      6507      1647
         2      6507      1747
         2      6508      1649
         2      6508      1750
         2      6509      1748
         2      6509      1750
         2      6510      1717
         2      6510      1817
         2      6511      1544
         2      6511      1546
         2      6512      1664
         2      6512      1665
         2      6512      1667
         2      6513      1556
         2      6513      1558
         2      6513      1671
         2      6514      1753
         2      6515      1755
         2      6515      1756
         2      6515      1759
         2      6516      1659
         2      6516      1660
         2      6516      1758
         2      6517      1752
         2      6517      1856
         2      6518      1761
         2      6519      1661
         2      6519      1663
         2      6519      1763
         2      6520      1766
         2      6520      1768
         2      6520      1770
         2      6521      1760
         2      6521      1761
         2      6521      1764
         2      6522      1737
         2      6523      1701
         2      6523      1800
         2      6524      1732
         2      6524      1734
         2      6524      1835
         2      6525      1664
         2      6525      1666
         2      6525      1768
         2      6526      1562
         2      6526      1564
         2      6526      1683
         2      6527      1565
         2      6527      1567
         2      6528      1671
         2      6528      1672
         2      6529      1775
         2      6530      1770
         2      6530      1868
         2      6531      1674
         2      6531      1675
         2      6531      1779
         2      6532      1774
         2      6532      1775
         2      6533      1772
         2      6533      1773
         2      6533      1874
         2      6534      1703
         2      6534      1801
         2      6535      1678
         2      6535      1679
         2      6535      1778
         2      6536      1682
         2      6536      1684
         2      6536      1783
         2      6537      1683
         2      6537      1684
         2      6538      1782
         2      6538      1784
         2      6539      1686
         2      6540      1688
         2      6541      1785
         2      6542      1776
         2      6542      1879
         2      6543      1689
         2      6544      1691
         2      6545      1788
         2      6545      1790
         2      6546      1702
         2      6546      1703
         2      6547      1692
         2      6548      1582
         2      6548      1584
         2      6548      1696
         2      6549      1700
         2      6549      1701
         2      6550      1697
         2      6550      1698
         2      6550      1799
         2      6551      1625
         2      6551      1626
         2      6551      1730
         2      6552      1810
         2      6553      1794
         2      6553      1797
         2      6554      1718
         2      6555      1709
         2      6556      1697
         2      6557      1708
         2      6557      1709
         2      6557      1712
         2      6558      1713
         2      6559      1805
         2      6559      1806
         2      6559      1808
         2      6560      1792
         2      6561      1725
         2      6561      1726
         2      6562      1715
         2      6562      1716
         2      6563      1715
         2      6563      1821
         2      6564      1822
         2      6564      1824
         2      6565      1711
         2      6565      1712
         2      6565      1813
         2      6566      1814
         2      6566      1815
         2      6566      1819
         2      6567      1815
         2      6568      1803
         2      6568      1805
         2      6569      1730
         2      6569      1731
         2      6570      1827
         2      6570      1828
         2      6570      1829
         2      6571      1719
         2      6571      1720
         2      6571      1722
         2      6572      1719
         2      6573      1821
         2      6573      1822
         2      6574      1795
         2      6575      1618
         2      6575      1621
         2      6575      1723
         2      6576      1724
         2      6576      1725
         2      6576      1728
         2      6577      1630
         2      6577      1632
         2      6578      1727
         2      6578      1728
         2      6578      1831
         2      6579      1837
         2      6579      1840
         2      6580      1843
         2      6581      1829
         2      6581      1832
         2      6582      1746
         2      6582      1747
         2      6582      1749
         2      6583      1739
         2      6584      1735
         2      6584      1736
         2      6585      1834
         2      6586      1751
         2      6586      1752
         2      6586      1754
         2      6587      1740
         2      6587      1741
         2      6587      1845
         2      6588      1858
         2      6588      1861
         2      6589      1839
         2      6590      1742
         2      6590      1743
         2      6591      1744
         2      6591      1745
         2      6592      1833
         2      6592      1834
         2      6592      1929
         2      6593      1742
         2      6593      1847
         2      6594      1844
         2      6594      1846
         2      6594      1937
         2      6595      1845
         2      6595      1846
         2      6596      1827
         2      6596      1924
         2      6597      1757
         2      6597      1758
         2      6597      1760
         2      6598      1744
         2      6598      1850
         2      6599      1753
         2      6599      1754
         2      6600      1746
         2      6600      1851
         2      6601      1849
         2      6601      1850
         2      6601      1852
         2      6602      1787
         2      6602      1789
         2      6603      1748
         2      6603      1749
         2      6603      1853
         2      6604      1762
         2      6604      1763
         2      6604      1767
         2      6605      1769
         2      6605      1772
         2      6606      1682
         2      6606      1685
         2      6606      1780
         2      6607      1755
         2      6607      1860
         2      6608      1859
         2      6608      1860
         2      6608      1863
         2      6609      1848
         2      6609      1941
         2      6610      1849
         2      6610      1943
         2      6611      1757
         2      6611      1759
         2      6611      1862
         2      6612      1762
         2      6612      1764
         2      6612      1864
         2      6613      1865
         2      6613      1957
         2      6614      1820
         2      6614      1919
         2      6615      1897
         2      6615      1898
         2      6616      1765
         2      6616      1766
         2      6616      1870
         2      6617      1771
         2      6617      1774
         2      6618      1773
         2      6618      1875
         2      6619      1871
         2      6619      1874
         2      6619      1876
         2      6620      1955
         2      6620      1957
         2      6620      1960
         2      6621      1674
         2      6621      1677
         2      6621      1776
         2      6622      1777
         2      6622      1778
         2      6622      1781
         2      6623      1878
         2      6624      1784
         2      6624      1786
         2      6625      1779
         2      6626      1881
         2      6627      1882
         2      6628      1877
         2      6628      1878
         2      6628      1970
         2      6629      1866
         2      6629      1867
         2      6629      1959
         2      6630      1781
         2      6630      1883
         2      6631      1780
         2      6632      1857
         2      6632      1949
         2      6633      1782
         2      6633      1783
         2      6633      1884
         2      6634      1785
         2      6634      1786
         2      6635      1787
         2      6635      1890
         2      6636      1889
         2      6636      1890
         2      6636      1892
         2      6637      1881
         2      6637      1976
         2      6638      1880
         2      6638      1972
         2      6639      1788
         2      6639      1789
         2      6640      1790
         2      6641      1999
         2      6642      1802
         2      6643      1898
         2      6643      2004
         2      6644      1798
         2      6644      1799
         2      6644      1899
         2      6645      1791
         2      6645      1792
         2      6646      1801
         2      6646      1802
         2      6646      1804
         2      6647      1796
         2      6647      1902
         2      6648      1896
         2      6649      1794
         2      6649      1795
         2      6650      1897
         2      6651      1977
         2      6652      1807
         2      6652      1811
         2      6653      1812
         2      6653      1813
         2      6653      1814
         2      6654      1808
         2      6654      1909
         2      6655      1812
         2      6655      1912
         2      6656      1816
         2      6656      1818
         2      6656      1917
         2      6657      1908
         2      6657      1909
         2      6657      1910
         2      6658      1817
         2      6658      1818
         2      6659      1809
         2      6659      1810
         2      6659      1913
         2      6660      1823
         2      6660      1922
         2      6661      1907
         2      6661      1908
         2      6661      2016
         2      6662      1826
         2      6663      1825
         2      6663      1826
         2      6663      1921
         2      6664      1836
         2      6664      1837
         2      6664      1932
         2      6665      1910
         2      6665      2015
         2      6666      1895
         2      6666      1995
         2      6667      1854
         2      6667      1946
         2      6668      1869
         2      6669      1920
         2      6669      1921
         2      6669      1925
         2      6670      1831
         2      6670      1833
         2      6671      1835
         2      6671      1836
         2      6672      1923
         2      6672      1924
         2      6672      1927
         2      6673      1830
         2      6674      1927
         2      6675      2023
         2      6675      2025
         2      6675      2028
         2      6676      1916
         2      6676      1917
         2      6676      2025
         2      6677      1842
         2      6677      1844
         2      6678      1847
         2      6678      1848
         2      6679      1931
         2      6679      1932
         2      6680      1838
         2      6680      1839
         2      6680      1936
         2      6681      1841
         2      6681      1842
         2      6681      1938
         2      6682      1841
         2      6682      1843
         2      6682      1935
         2      6683      2038
         2      6683      2039
         2      6683      2042
         2      6684      1914
         2      6684      2021
         2      6685      1851
         2      6685      1852
         2      6685      1854
         2      6686      1853
         2      6687      1940
         2      6687      1941
         2      6687      1945
         2      6688      1855
         2      6688      1856
         2      6688      1858
         2      6689      1863
         2      6690      1765
         2      6690      1767
         2      6691      1947
         2      6691      1949
         2      6691      1952
         2      6692      1946
         2      6692      1948
         2      6693      1953
         2      6693      1954
         2      6694      2049
         2      6695      1855
         2      6695      1857
         2      6695      1950
         2      6696      1859
         2      6696      1861
         2      6696      1954
         2      6697      1930
         2      6697      1931
         2      6697      2043
         2      6698      2007
         2      6698      2009
         2      6699      1862
         2      6699      1865
         2      6700      1864
         2      6700      1866
         2      6701      1867
         2      6702      1965
         2      6703      1958
         2      6703      1959
         2      6703      1963
         2      6704      1868
         2      6704      1869
         2      6704      1873
         2      6705      1870
         2      6705      1964
         2      6706      1875
         2      6706      1877
         2      6707      1876
         2      6708      1964
         2      6708      1966
         2      6709      1872
         2      6709      1873
         2      6710      1951
         2      6710      2061
         2      6711      1871
         2      6711      1872
         2      6711      1969
         2      6712      1893
         2      6713      1879
         2      6713      1880
         2      6714      1777
         2      6715      1970
         2      6715      1973
         2      6716      1882
         2      6716      1883
         2      6716      1981
         2      6717      1891
         2      6718      1974
         2      6718      1976
         2      6718      1978
         2      6719      1967
         2      6719      1968
         2      6719      2079
         2      6720      1884
         2      6720      1887
         2      6721      1885
         2      6722      1979
         2      6722      1981
         2      6722      1983
         2      6723      1886
         2      6723      1887
         2      6723      1982
         2      6724      1982
         2      6724      1983
         2      6724      1985
         2      6725      1984
         2      6725      1987
         2      6726      1958
         2      6726      1960
         2      6726      2067
         2      6727      1918
         2      6727      1919
         2      6727      2030
         2      6728      1885
         2      6728      1886
         2      6728      1984
         2      6729      1888
         2      6729      1889
         2      6730      1891
         2      6730      1892
         2      6731      1990
         2      6731      1991
         2      6731      1994
         2      6732      1989
         2      6732      1990
         2      6733      1894
         2      6733      1991
         2      6734      1893
         2      6734      1894
         2      6735      1900
         2      6735      1901
         2      6735      2008
         2      6736      1896
         2      6736      2001
         2      6737      1895
         2      6738      1900
         2      6738      1902
         2      6739      1904
         2      6739      1906
         2      6739      2012
         2      6740      1998
         2      6740      1999
         2      6740      2002
         2      6741      1796
         2      6741      1797
         2      6742      1899
         2      6742      1901
         2      6742      1903
         2      6743      2003
         2      6743      2006
         2      6744      2000
         2      6744      2001
         2      6744      2003
         2      6745      1903
         2      6745      1905
         2      6746      1803
         2      6746      1804
         2      6746      1906
         2      6747      1915
         2      6747      1916
         2      6748      1934
         2      6749      2000
         2      6749      2002
         2      6750      1809
         2      6750      1811
         2      6751      1911
         2      6751      1912
         2      6751      1914
         2      6752      2011
         2      6753      1816
         2      6753      1819
         2      6754      1911
         2      6754      1913
         2      6754      2019
         2      6755      2018
         2      6755      2019
         2      6756      1820
         2      6756      1915
         2      6757      1823
         2      6757      1824
         2      6757      1918
         2      6758      1928
         2      6758      1929
         2      6758      1930
         2      6759      1928
         2      6759      2041
         2      6760      1942
         2      6760      1944
         2      6760      2055
         2      6761      2026
         2      6761      2031
         2      6762      1920
         2      6762      1922
         2      6762      2032
         2      6763      2032
         2      6763      2035
         2      6764      2017
         2      6764      2018
         2      6765      2005
         2      6765      2006
         2      6766      2013
         2      6767      2099
         2      6767      2102
         2      6768      1923
         2      6768      1925
         2      6768      2034
         2      6769      1830
         2      6769      1832
         2      6769      1926
         2      6770      1926
         2      6770      2039
         2      6771      1838
         2      6771      1840
         2      6771      1933
         2      6772      1935
         2      6772      1936
         2      6772      2046
         2      6773      2040
         2      6773      2041
         2      6774      1996
         2      6775      1961
         2      6775      1962
         2      6775      2072
         2      6776      1938
         2      6777      1933
         2      6777      1934
         2      6777      2047
         2      6778      1939
         2      6778      1940
         2      6778      2051
         2      6779      2044
         2      6779      2133
         2      6780      1937
         2      6780      1939
         2      6781      1943
         2      6781      1944
         2      6782      1950
         2      6782      1951
         2      6783      1956
         2      6784      1942
         2      6784      1945
         2      6784      2053
         2      6785      2052
         2      6785      2053
         2      6785      2056
         2      6786      2036
         2      6786      2126
         2      6787      2065
         2      6787      2066
         2      6787      2068
         2      6788      1947
         2      6788      1948
         2      6788      2057
         2      6789      2052
         2      6789      2149
         2      6790      2154
         2      6790      2156
         2      6790      2157
         2      6791      2037
         2      6791      2129
         2      6792      2139
         2      6792      2141
         2      6793      1952
         2      6794      1953
         2      6794      2062
         2      6795      1965
         2      6795      1966
         2      6795      2070
         2      6796      1962
         2      6797      1955
         2      6797      1956
         2      6797      2066
         2      6798      2063
         2      6798      2160
         2      6799      2101
         2      6799      2105
         2      6800      2074
         2      6801      1888
         2      6801      1986
         2      6802      1961
         2      6802      1963
         2      6803      1968
         2      6804      1971
         2      6804      1972
         2      6804      1975
         2      6805      2073
         2      6805      2074
         2      6805      2075
         2      6806      1977
         2      6806      1980
         2      6807      1971
         2      6807      1973
         2      6807      2078
         2      6808      2077
         2      6808      2078
         2      6808      2081
         2      6809      2069
         2      6809      2167
         2      6810      2064
         2      6810      2162
         2      6811      1992
         2      6812      1974
         2      6812      1975
         2      6812      2080
         2      6813      1978
         2      6813      2082
         2      6814      1979
         2      6814      1980
         2      6814      2085
         2      6815      2083
         2      6815      2183
         2      6816      1985
         2      6816      2087
         2      6817      1986
         2      6817      1987
         2      6818      2088
         2      6818      2189
         2      6819      2089
         2      6819      2091
         2      6820      2087
         2      6820      2088
         2      6820      2089
         2      6821      2048
         2      6821      2049
         2      6821      2142
         2      6822      2071
         2      6822      2173
         2      6823      1988
         2      6823      1989
         2      6824      1993
         2      6824      1994
         2      6824      2094
         2      6825      1992
         2      6825      1993
         2      6826      2040
         2      6826      2042
         2      6826      2131
         2      6827      2010
         2      6827      2011
         2      6827      2107
         2      6828      1997
         2      6828      1998
         2      6829      1995
         2      6829      1996
         2      6829      1997
         2      6830      2022
         2      6831      2046
         2      6831      2048
         2      6832      2004
         2      6832      2005
         2      6832      2007
         2      6833      2009
         2      6833      2103
         2      6834      2012
         2      6834      2112
         2      6835      2112
         2      6835      2114
         2      6836      2097
         2      6836      2100
         2      6837      2008
         2      6837      2010
         2      6838      1904
         2      6838      1905
         2      6839      2104
         2      6839      2105
         2      6840      1907
         2      6841      2015
         2      6841      2017
         2      6842      2020
         2      6842      2021
         2      6842      2024
         2      6843      2029
         2      6843      2030
         2      6844      2020
         2      6844      2022
         2      6844      2117
         2      6845      2109
         2      6845      2111
         2      6845      2216
         2      6846      2029
         2      6846      2031
         2      6846      2120
         2      6847      2033
         2      6847      2127
         2      6848      2014
         2      6848      2016
         2      6848      2113
         2      6849      2023
         2      6849      2024
         2      6849      2116
         2      6850      2027
         2      6850      2028
         2      6850      2118
         2      6851      2113
         2      6851      2114
         2      6851      2215
         2      6852      2026
         2      6852      2027
         2      6852      2121
         2      6853      2034
         2      6853      2036
         2      6854      2037
         2      6854      2038
         2      6855      2043
         2      6855      2044
         2      6855      2045
         2      6856      2033
         2      6856      2035
         2      6856      2124
         2      6857      2045
         2      6858      2125
         2      6858      2126
         2      6858      2130
         2      6859      2047
         2      6859      2141
         2      6860      2125
         2      6860      2127
         2      6860      2234
         2      6861      2123
         2      6861      2124
         2      6862      2075
         2      6862      2176
         2      6863      2050
         2      6863      2051
         2      6864      2054
         2      6864      2055
         2      6865      2151
         2      6865      2153
         2      6865      2155
         2      6866      2138
         2      6866      2140
         2      6867      2067
         2      6867      2069
         2      6868      2072
         2      6868      2170
         2      6869      2132
         2      6869      2238
         2      6870      2050
         2      6870      2145
         2      6871      2137
         2      6871      2138
         2      6871      2242
         2      6872      2221
         2      6872      2224
         2      6873      2115
         2      6873      2220
         2      6874      2056
         2      6875      2054
         2      6875      2153
         2      6876      2057
         2      6876      2060
         2      6877      2059
         2      6878      2058
         2      6878      2059
         2      6879      2058
         2      6879      2060
         2      6879      2156
         2      6880      2152
         2      6881      2215
         2      6882      2061
         2      6882      2063
         2      6883      2062
         2      6883      2064
         2      6883      2065
         2      6884      2158
         2      6884      2160
         2      6884      2163
         2      6885      2070
         2      6885      2071
         2      6885      2073
         2      6886      2068
         2      6886      2166
         2      6887      2164
         2      6887      2166
         2      6887      2168
         2      6888      2157
         2      6888      2266
         2      6889      1967
         2      6889      1969
         2      6890      2080
         2      6890      2083
         2      6891      2170
         2      6891      2174
         2      6892      2154
         2      6892      2155
         2      6893      2081
         2      6894      2090
         2      6894      2091
         2      6894      2194
         2      6895      2076
         2      6895      2077
         2      6896      2076
         2      6896      2079
         2      6896      2177
         2      6897      2175
         2      6897      2176
         2      6897      2178
         2      6898      2082
         2      6898      2086
         2      6899      2084
         2      6899      2085
         2      6900      2181
         2      6900      2183
         2      6901      2184
         2      6901      2297
         2      6902      2276
         2      6902      2277
         2      6902      2279
         2      6903      2177
         2      6903      2178
         2      6903      2287
         2      6904      2086
         2      6904      2185
         2      6905      2084
         2      6905      2187
         2      6906      2228
         2      6906      2229
         2      6906      2230
         2      6907      1988
         2      6907      2090
         2      6908      2094
         2      6908      2095
         2      6909      2190
         2      6909      2191
         2      6909      2299
         2      6910      2194
         2      6910      2196
         2      6911      2092
         2      6911      2093
         2      6911      2199
         2      6912      2095
         2      6912      2096
         2      6913      2093
         2      6913      2198
         2      6914      2096
         2      6915      2200
         2      6916      2122
         2      6916      2123
         2      6917      2159
         2      6918      2099
         2      6918      2100
         2      6919      2103
         2      6919      2104
         2      6919      2108
         2      6920      2098
         2      6921      2097
         2      6921      2098
         2      6922      2111
         2      6923      2101
         2      6923      2102
         2      6924      2207
         2      6924      2209
         2      6925      2206
         2      6925      2207
         2      6926      2106
         2      6926      2107
         2      6926      2110
         2      6927      2106
         2      6927      2108
         2      6927      2211
         2      6928      2210
         2      6928      2211
         2      6928      2213
         2      6929      2115
         2      6930      2116
         2      6930      2119
         2      6931      2013
         2      6931      2014
         2      6931      2219
         2      6932      2121
         2      6933      2119
         2      6933      2225
         2      6934      2230
         2      6935      2117
         2      6935      2224
         2      6936      2220
         2      6936      2223
         2      6937      2208
         2      6937      2209
         2      6938      2109
         2      6938      2110
         2      6938      2212
         2      6939      2120
         2      6939      2122
         2      6940      2118
         2      6940      2229
         2      6941      2142
         2      6941      2146
         2      6942      2135
         2      6942      2136
         2      6942      2244
         2      6943      2134
         2      6943      2135
         2      6943      2240
         2      6944      2239
         2      6944      2343
         2      6945      2226
         2      6945      2331
         2      6946      2128
         2      6946      2129
         2      6946      2132
         2      6947      2128
         2      6947      2130
         2      6948      2233
         2      6948      2234
         2      6948      2237
         2      6949      2320
         2      6950      2131
         2      6950      2134
         2      6951      2133
         2      6951      2136
         2      6951      2137
         2      6952      2143
         2      6952      2145
         2      6952      2150
         2      6953      2238
         2      6953      2239
         2      6953      2241
         2      6954      2245
         2      6954      2249
         2      6955      2252
         2      6955      2253
         2      6955      2254
         2      6956      2139
         2      6956      2248
         2      6957      2140
         2      6958      2161
         2      6959      2265
         2      6959      2266
         2      6959      2269
         2      6960      2148
         2      6960      2149
         2      6961      2144
         2      6961      2146
         2      6961      2253
         2      6962      2240
         2      6962      2241
         2      6962      2345
         2      6963      2258
         2      6964      2143
         2      6964      2144
         2      6965      2147
         2      6965      2148
         2      6965      2261
         2      6966      2231
         2      6966      2336
         2      6967      2325
         2      6967      2327
         2      6968      2151
         2      6968      2152
         2      6968      2260
         2      6969      2162
         2      6969      2165
         2      6970      2167
         2      6970      2169
         2      6971      2268
         2      6971      2269
         2      6971      2369
         2      6972      2158
         2      6972      2159
         2      6972      2267
         2      6973      2262
         2      6973      2264
         2      6973      2367
         2      6974      2255
         2      6974      2257
         2      6974      2362
         2      6975      2329
         2      6975      2331
         2      6975      2333
         2      6976      2161
         2      6976      2163
         2      6977      2165
         2      6978      2164
         2      6978      2277
         2      6979      2171
         2      6979      2173
         2      6980      2172
         2      6980      2174
         2      6980      2282
         2      6981      2286
         2      6981      2288
         2      6982      2168
         2      6983      2283
         2      6984      2272
         2      6984      2273
         2      6984      2374
         2      6985      2169
         2      6986      2171
         2      6986      2172
         2      6987      2175
         2      6987      2286
         2      6988      2179
         2      6988      2182
         2      6989      2181
         2      6989      2182
         2      6990      2284
         2      6991      2295
         2      6991      2296
         2      6992      2289
         2      6992      2291
         2      6992      2388
         2      6993      2180
         2      6993      2291
         2      6994      2287
         2      6994      2290
         2      6995      2271
         2      6995      2272
         2      6995      2371
         2      6996      2198
         2      6996      2201
         2      6997      2185
         2      6997      2188
         2      6998      2186
         2      6998      2187
         2      6998      2190
         2      6999      2189
         2      6999      2191
         2      6999      2193
         2      7000      2186
         2      7000      2188
         2      7000      2296
         2      7001      2184
         2      7002      2243
         2      7002      2349
         2      7003      4911
         2      7004      2192
         2      7004      2193
         2      7004      2301
         2      7005      2301
         2      7005      2304
         2      7006      2192
         2      7007      2295
         2      7007      2297
         2      7007      2392
         2      7008      2300
         2      7009      2195
         2      7009      2196
         2      7009      2306
         2      7010      2197
         2      7011      2200
         2      7011      2201
         2      7012      2308
         2      7013      2355
         2      7013      2459
         2      7014      2203
         2      7014      2206
         2      7015      2204
         2      7015      2205
         2      7016      2213
         2      7016      2317
         2      7017      2208
         2      7017      2210
         2      7018      2202
         2      7018      2204
         2      7019      2202
         2      7020      2227
         2      7020      2228
         2      7020      2332
         2      7021      2250
         2      7021      2252
         2      7021      2358
         2      7022      2203
         2      7022      2205
         2      7023      2217
         2      7023      2219
         2      7024      2212
         2      7025      2314
         2      7025      2317
         2      7026      2313
         2      7026      2316
         2      7027      2214
         2      7027      2321
         2      7028      2218
         2      7029      2217
         2      7029      2218
         2      7029      2323
         2      7030      2222
         2      7030      2223
         2      7030      2325
         2      7031      2315
         2      7031      2316
         2      7032      2225
         2      7032      2226
         2      7032      2227
         2      7033      2221
         2      7033      2222
         2      7034      2347
         2      7034      2348
         2      7034      2350
         2      7035      2232
         2      7035      2233
         2      7035      2340
         2      7036      2231
         2      7037      2232
         2      7038      2318
         2      7038      2426
         2      7039      2236
         2      7040      2235
         2      7040      2236
         2      7040      2344
         2      7041      2244
         2      7041      2348
         2      7042      2338
         2      7042      2340
         2      7042      2341
         2      7043      2334
         2      7043      2336
         2      7043      2339
         2      7044      2311
         2      7044      2415
         2      7045      2320
         2      7045      2321
         2      7045      2424
         2      7046      2242
         2      7046      2243
         2      7046      2245
         2      7047      2246
         2      7047      2248
         2      7047      2251
         2      7048      2254
         2      7049      2342
         2      7049      2343
         2      7050      2147
         2      7050      2150
         2      7050      2257
         2      7051      2259
         2      7051      2260
         2      7051      2263
         2      7052      2360
         2      7052      2361
         2      7052      2364
         2      7053      2349
         2      7053      2352
         2      7054      2341
         2      7054      2446
         2      7055      2247
         2      7055      2249
         2      7056      2250
         2      7056      2251
         2      7056      2355
         2      7057      2337
         2      7057      2338
         2      7057      2441
         2      7058      2418
         2      7058      2419
         2      7058      2422
         2      7059      2246
         2      7059      2247
         2      7060      2259
         2      7060      2261
         2      7060      2361
         2      7061      2274
         2      7061      2276
         2      7061      2377
         2      7062      2264
         2      7063      2267
         2      7063      2268
         2      7063      2270
         2      7064      2265
         2      7064      2366
         2      7065      2281
         2      7065      2282
         2      7065      2285
         2      7066      2353
         2      7066      2354
         2      7066      2455
         2      7067      2417
         2      7067      2418
         2      7067      2519
         2      7068      2270
         2      7068      2271
         2      7069      2273
         2      7070      2365
         2      7070      2366
         2      7070      2370
         2      7071      2275
         2      7072      2278
         2      7073      2293
         2      7073      2294
         2      7073      2394
         2      7074      2292
         2      7074      2293
         2      7074      2391
         2      7075      2278
         2      7075      2279
         2      7075      2376
         2      7076      2370
         2      7076      2471
         2      7077      2280
         2      7077      2281
         2      7077      2382
         2      7078      2280
         2      7078      2283
         2      7078      2378
         2      7079      2465
         2      7079      2467
         2      7080      2468
         2      7081      2284
         2      7081      2285
         2      7081      2380
         2      7082      2288
         2      7082      2383
         2      7083      2383
         2      7083      2387
         2      7084      2346
         2      7084      2449
         2      7085      2312
         2      7085      2313
         2      7086      2307
         2      7087      2289
         2      7087      2290
         2      7087      2384
         2      7088      2179
         2      7088      2180
         2      7088      2292
         2      7089      2294
         2      7090      2298
         2      7090      2299
         2      7090      2300
         2      7091      2302
         2      7092      2385
         2      7092      2386
         2      7092      2491
         2      7093      2298
         2      7093      2395
         2      7094      2389
         2      7094      2391
         2      7094      2495
         2      7095      2306
         2      7095      4911
         2      7096      2303
         2      7096      2304
         2      7096      2400
         2      7097      2398
         2      7097      2400
         2      7097      2402
         2      7098      2385
         2      7098      2387
         2      7098      2488
         2      7099      2382
         2      7099      2481
         2      7100      2302
         2      7100      2303
         2      7100      2401
         2      7101      2305
         2      7101      2404
         2      7102      2408
         2      7102      2411
         2      7102      2511
         2      7103      2405
         2      7103      4912
         2      7104      2403
         2      7104      2404
         2      7104      2407
         2      7105      2393
         2      7105      2394
         2      7105      2494
         2      7106      2308
         2      7106      2410
         2      7107      2414
         2      7107      2415
         2      7108      2319
         2      7109      2309
         2      7109      2311
         2      7110      2310
         2      7111      2322
         2      7111      2324
         2      7111      2431
         2      7112      2318
         2      7112      2319
         2      7112      2420
         2      7113      2312
         2      7113      2414
         2      7114      2214
         2      7114      2216
         2      7115      2314
         2      7115      2315
         2      7115      2419
         2      7116      2323
         2      7116      2324
         2      7117      2326
         2      7117      2330
         2      7118      2342
         2      7118      2344
         2      7118      2447
         2      7119      2447
         2      7119      2450
         2      7120      2326
         2      7120      2327
         2      7120      2430
         2      7121      2328
         2      7121      2329
         2      7121      2435
         2      7122      2381
         2      7122      2483
         2      7123      2434
         2      7124      2332
         2      7124      2335
         2      7125      2337
         2      7125      2339
         2      7125      2440
         2      7126      2328
         2      7126      2330
         2      7126      2433
         2      7127      2416
         2      7128      2333
         2      7129      2334
         2      7129      2335
         2      7129      2436
         2      7130      2235
         2      7130      2237
         2      7131      2345
         2      7131      2346
         2      7131      2347
         2      7132      2439
         2      7133      2423
         2      7133      2425
         2      7133      2525
         2      7134      2350
         2      7135      2351
         2      7135      2352
         2      7135      2454
         2      7136      2356
         2      7136      2357
         2      7136      2463
         2      7137      2356
         2      7137      2358
         2      7137      2460
         2      7138      2448
         2      7138      2449
         2      7138      2451
         2      7139      2351
         2      7139      2353
         2      7140      2354
         2      7141      2453
         2      7141      2454
         2      7141      2457
         2      7142      2538
         2      7142      2539
         2      7142      2542
         2      7143      2427
         2      7143      2428
         2      7143      2523
         2      7144      2357
         2      7144      2359
         2      7145      2462
         2      7146      2256
         2      7146      2258
         2      7146      2359
         2      7147      2362
         2      7147      2464
         2      7148      2368
         2      7148      2369
         2      7148      2372
         2      7149      2255
         2      7149      2256
         2      7150      2458
         2      7150      2459
         2      7150      2461
         2      7151      2262
         2      7151      2263
         2      7152      2360
         2      7153      2363
         2      7153      2469
         2      7154      2365
         2      7154      2367
         2      7155      2274
         2      7155      2275
         2      7155      2373
         2      7156      2368
         2      7156      2472
         2      7157      2462
         2      7157      2463
         2      7158      2375
         2      7158      2376
         2      7158      2379
         2      7159      2375
         2      7159      2377
         2      7159      2478
         2      7160      2472
         2      7161      2467
         2      7161      2563
         2      7162      2452
         2      7162      2453
         2      7162      2552
         2      7163      2432
         2      7164      2371
         2      7164      2372
         2      7164      2474
         2      7165      2373
         2      7165      2374
         2      7165      2475
         2      7166      2380
         2      7166      2381
         2      7167      2378
         2      7167      2379
         2      7168      2384
         2      7168      2386
         2      7169      2480
         2      7169      2482
         2      7170      2481
         2      7170      2486
         2      7171      2388
         2      7171      2390
         2      7172      2396
         2      7172      2399
         2      7173      2484
         2      7173      2485
         2      7174      2479
         2      7174      2576
         2      7175      2450
         2      7175      2546
         2      7176      2518
         2      7176      2519
         2      7177      2409
         2      7177      2410
         2      7177      2412
         2      7178      2392
         2      7178      2393
         2      7179      2395
         2      7179      2397
         2      7180      2401
         2      7180      2403
         2      7181      2389
         2      7181      2390
         2      7181      2493
         2      7182      2499
         2      7183      2498
         2      7183      2499
         2      7183      2502
         2      7184      2492
         2      7184      2493
         2      7184      2590
         2      7185      2396
         2      7185      2397
         2      7185      2500
         2      7186      2484
         2      7186      2486
         2      7186      2582
         2      7187      2398
         2      7187      2399
         2      7187      2503
         2      7188      2402
         2      7189      2501
         2      7189      2502
         2      7189      2602
         2      7190      2406
         2      7190      2407
         2      7190      2507
         2      7191      2409
         2      7191      2411
         2      7191      2510
         2      7192      2510
         2      7193      2412
         2      7193      2512
         2      7194      2520
         2      7195      2560
         2      7196      2421
         2      7196      2422
         2      7196      2520
         2      7197      2413
         2      7198      2309
         2      7198      2310
         2      7198      2413
         2      7199      2416
         2      7199      2417
         2      7200      2424
         2      7200      2425
         2      7200      2427
         2      7201      2515
         2      7201      2517
         2      7202      2420
         2      7202      2421
         2      7202      2522
         2      7203      2433
         2      7204      2322
         2      7204      2428
         2      7205      2429
         2      7205      2430
         2      7205      2432
         2      7206      2429
         2      7206      2431
         2      7206      2527
         2      7207      2540
         2      7207      2541
         2      7207      2544
         2      7208      2438
         2      7208      2440
         2      7208      2443
         2      7209      2445
         2      7209      2446
         2      7210      2531
         2      7210      2532
         2      7210      2534
         2      7211      2527
         2      7211      2529
         2      7212      2437
         2      7212      2533
         2      7213      2528
         2      7213      2530
         2      7214      2423
         2      7214      2426
         2      7214      2521
         2      7215      2561
         2      7215      2562
         2      7216      2436
         2      7216      2437
         2      7216      2439
         2      7217      2434
         2      7217      2435
         2      7217      2532
         2      7218      2444
         2      7218      2445
         2      7218      2547
         2      7219      2442
         2      7219      2443
         2      7219      2541
         2      7220      2456
         2      7220      2555
         2      7221      2537
         2      7221      2538
         2      7222      2441
         2      7222      2442
         2      7223      2438
         2      7223      2539
         2      7224      2451
         2      7224      2452
         2      7225      2455
         2      7225      2456
         2      7225      2458
         2      7226      2528
         2      7226      2529
         2      7226      2635
         2      7227      2448
         2      7227      2548
         2      7228      2466
         2      7229      2543
         2      7230      2460
         2      7230      2461
         2      7230      2557
         2      7231      2470
         2      7231      2471
         2      7232      2551
         2      7232      2552
         2      7232      2554
         2      7233      2535
         2      7233      2537
         2      7233      2643
         2      7234      2530
         2      7234      2636
         2      7235      2516
         2      7235      2621
         2      7236      2457
         2      7237      2504
         2      7237      2605
         2      7238      2562
         2      7239      2496
         2      7239      2498
         2      7240      2464
         2      7240      2465
         2      7241      2363
         2      7241      2364
         2      7241      2466
         2      7242      2564
         2      7242      2568
         2      7243      2470
         2      7243      2570
         2      7244      2551
         2      7244      2657
         2      7245      2473
         2      7245      2474
         2      7245      2476
         2      7246      2475
         2      7246      2479
         2      7247      2476
         2      7247      2573
         2      7248      2468
         2      7248      2469
         2      7248      2567
         2      7249      2582
         2      7249      2584
         2      7250      2569
         2      7250      2570
         2      7250      2572
         2      7251      2566
         2      7251      2567
         2      7251      2569
         2      7252      2473
         2      7252      2571
         2      7253      2556
         2      7253      2558
         2      7253      2666
         2      7254      2534
         2      7254      2638
         2      7255      2477
         2      7255      2478
         2      7255      2480
         2      7256      2477
         2      7256      2578
         2      7257      2576
         2      7257      2580
         2      7258      2625
         2      7258      2627
         2      7259      2505
         2      7259      2506
         2      7260      2483
         2      7260      2485
         2      7260      2489
         2      7261      2482
         2      7262      2491
         2      7262      2492
         2      7263      2495
         2      7264      2581
         2      7265      2660
         2      7265      2662
         2      7266      2487
         2      7266      2488
         2      7266      2490
         2      7267      2487
         2      7267      2489
         2      7267      2588
         2      7268      2587
         2      7268      2588
         2      7269      2490
         2      7269      2589
         2      7270      2583
         2      7270      2584
         2      7270      2691
         2      7271      2494
         2      7271      2497
         2      7272      2500
         2      7272      2501
         2      7273      2592
         2      7273      2593
         2      7274      2496
         2      7274      2497
         2      7274      2597
         2      7275      2594
         2      7275      2595
         2      7276      2579
         2      7276      2580
         2      7276      2683
         2      7277      2524
         2      7277      2525
         2      7277      2629
         2      7278      2503
         2      7278      2504
         2      7278      2505
         2      7279      2506
         2      7279      2508
         2      7280      2602
         2      7280      2606
         2      7281      2507
         2      7281      2509
         2      7282      2512
         2      7282      2513
         2      7283      2607
         2      7284      2596
         2      7284      2599
         2      7284      2705
         2      7285      2566
         2      7285      2568
         2      7285      2674
         2      7286      2508
         2      7287      2509
         2      7288      2611
         2      7288      2615
         2      7289      2613
         2      7290      2513
         2      7291      2636
         2      7291      2640
         2      7292      2516
         2      7292      2517
         2      7292      2618
         2      7293      2518
         2      7294      2514
         2      7294      2515
         2      7295      2514
         2      7296      2522
         2      7296      2627
         2      7297      2521
         2      7298      2617
         2      7298      2619
         2      7299      2523
         2      7299      2524
         2      7299      2526
         2      7300      2526
         2      7301      2644
         2      7301      2646
         2      7301      2648
         2      7302      2630
         2      7303      2661
         2      7304      2585
         2      7304      2587
         2      7304      2697
         2      7305      2628
         2      7305      2629
         2      7305      2633
         2      7306      2622
         2      7306      2626
         2      7307      2531
         2      7308      2533
         2      7308      2536
         2      7309      2444
         2      7310      2634
         2      7310      2635
         2      7311      2549
         2      7311      2651
         2      7312      2550
         2      7313      2628
         2      7313      2630
         2      7313      2730
         2      7314      2540
         2      7314      2542
         2      7315      2543
         2      7315      2544
         2      7315      2646
         2      7316      2548
         2      7316      2549
         2      7316      2550
         2      7317      2649
         2      7317      2650
         2      7317      2652
         2      7318      2643
         2      7318      2645
         2      7319      2631
         2      7319      2632
         2      7319      2737
         2      7320      2545
         2      7320      2546
         2      7321      2545
         2      7321      2547
         2      7321      2650
         2      7322      2553
         2      7323      2555
         2      7324      2651
         2      7324      2652
         2      7324      2654
         2      7325      2634
         2      7325      2734
         2      7326      2553
         2      7326      2554
         2      7327      2559
         2      7327      2560
         2      7327      2665
         2      7328      2557
         2      7328      2558
         2      7328      2559
         2      7329      2563
         2      7329      2565
         2      7330      2564
         2      7330      2565
         2      7330      2673
         2      7331      2661
         2      7331      2662
         2      7331      2664
         2      7332      2649
         2      7332      2754
         2      7333      2561
         2      7333      2668
         2      7334      2574
         2      7334      2678
         2      7335      2665
         2      7335      2670
         2      7336      2571
         2      7336      2574
         2      7337      2573
         2      7337      2575
         2      7338      2672
         2      7338      2673
         2      7339      2653
         2      7339      2654
         2      7339      2757
         2      7340      2724
         2      7340      2726
         2      7341      2591
         2      7341      2592
         2      7341      2695
         2      7342      2572
         2      7342      2677
         2      7343      2676
         2      7343      2677
         2      7343      2680
         2      7344      2577
         2      7344      2578
         2      7344      2581
         2      7345      2575
         2      7346      2687
         2      7347      2681
         2      7348      2577
         2      7348      2579
         2      7348      2684
         2      7349      2684
         2      7349      2688
         2      7350      2682
         2      7350      2683
         2      7351      2669
         2      7351      2670
         2      7351      2766
         2      7352      2600
         2      7352      2601
         2      7352      2704
         2      7353      2583
         2      7353      2586
         2      7354      2589
         2      7354      2591
         2      7355      2690
         2      7355      2691
         2      7355      2693
         2      7356      2590
         2      7356      2593
         2      7356      2594
         2      7357      2601
         2      7358      2692
         2      7359      2679
         2      7359      2680
         2      7360      2624
         2      7360      2625
         2      7360      2732
         2      7361      2659
         2      7361      2660
         2      7361      2760
         2      7362      2595
         2      7362      2598
         2      7363      2597
         2      7363      2599
         2      7363      2600
         2      7364      2701
         2      7365      2604
         2      7365      2605
         2      7365      2608
         2      7366      2609
         2      7366      2612
         2      7367      2603
         2      7367      2604
         2      7367      2710
         2      7368      2705
         2      7368      2801
         2      7369      2698
         2      7369      2700
         2      7369      2800
         2      7370      2689
         2      7370      2690
         2      7371      2607
         2      7371      2608
         2      7371      2708
         2      7372      2610
         2      7372      2712
         2      7373      2609
         2      7373      2610
         2      7374      2717
         2      7375      2715
         2      7375      2716
         2      7376      2766
         2      7376      2769
         2      7377      2611
         2      7377      2612
         2      7377      2717
         2      7378      2614
         2      7378      2615
         2      7378      2718
         2      7379      2613
         2      7379      2614
         2      7379      2719
         2      7380      2714
         2      7380      2715
         2      7381      2729
         2      7381      2731
         2      7381      2834
         2      7382      2624
         2      7382      2626
         2      7382      2727
         2      7383      2637
         2      7383      2639
         2      7383      2741
         2      7384      2632
         2      7385      2618
         2      7385      2619
         2      7386      2616
         2      7386      2617
         2      7387      2616
         2      7388      2620
         2      7388      2621
         2      7388      2623
         2      7389      2620
         2      7390      2622
         2      7390      2623
         2      7391      2746
         2      7392      2739
         2      7393      2676
         2      7393      2776
         2      7394      2671
         2      7394      2672
         2      7394      2772
         2      7395      2728
         2      7396      2638
         2      7396      2639
         2      7396      2642
         2      7397      2535
         2      7397      2536
         2      7397      2641
         2      7398      2637
         2      7398      2640
         2      7398      2739
         2      7399      2727
         2      7399      2728
         2      7400      2641
         2      7400      2642
         2      7400      2745
         2      7401      2653
         2      7401      2658
         2      7402      2722
         2      7402      2823
         2      7403      2663
         2      7403      2664
         2      7403      2762
         2      7404      2678
         2      7404      2679
         2      7405      2647
         2      7406      2645
         2      7407      2751
         2      7408      2644
         2      7409      2744
         2      7409      2745
         2      7409      2747
         2      7410      2725
         2      7410      2825
         2      7411      2740
         2      7411      2742
         2      7412      2647
         2      7412      2648
         2      7412      2750
         2      7413      2656
         2      7413      2657
         2      7413      2659
         2      7414      2556
         2      7414      2663
         2      7415      2756
         2      7415      2757
         2      7416      2725
         2      7416      2726
         2      7417      2655
         2      7417      2656
         2      7418      2596
         2      7418      2598
         2      7418      2702
         2      7419      2702
         2      7419      2799
         2      7420      2667
         2      7420      2668
         2      7420      2671
         2      7421      2666
         2      7422      2674
         2      7422      2675
         2      7423      2765
         2      7424      2852
         2      7424      2853
         2      7425      2824
         2      7425      2827
         2      7426      2735
         2      7426      2736
         2      7426      2837
         2      7427      2667
         2      7427      2669
         2      7427      2767
         2      7428      2682
         2      7428      2784
         2      7429      2675
         2      7429      2774
         2      7430      2764
         2      7430      2765
         2      7430      2860
         2      7431      2780
         2      7431      2782
         2      7431      2785
         2      7432      2686
         2      7432      2687
         2      7432      2689
         2      7433      2685
         2      7433      2686
         2      7434      2779
         2      7434      2781
         2      7435      2763
         2      7436      2768
         2      7436      2769
         2      7436      2865
         2      7437      2681
         2      7437      2782
         2      7438      2692
         2      7438      2693
         2      7438      2790
         2      7439      2685
         2      7439      2688
         2      7439      2786
         2      7440      2788
         2      7440      2789
         2      7441      2585
         2      7441      2586
         2      7442      2700
         2      7442      2701
         2      7443      2789
         2      7443      2791
         2      7444      2778
         2      7444      2779
         2      7444      2876
         2      7445      2850
         2      7445      2851
         2      7446      2696
         2      7446      2697
         2      7447      2710
         2      7447      2809
         2      7448      2709
         2      7449      2694
         2      7449      2695
         2      7449      2699
         2      7450      2694
         2      7450      2696
         2      7451      2792
         2      7451      2794
         2      7452      2839
         2      7452      2840
         2      7452      2936
         2      7453      2703
         2      7453      2704
         2      7453      2707
         2      7454      2703
         2      7454      2804
         2      7455      2797
         2      7455      2799
         2      7455      2802
         2      7456      2603
         2      7456      2606
         2      7456      2706
         2      7457      2706
         2      7457      2707
         2      7457      2807
         2      7458      2803
         2      7458      2804
         2      7459      2795
         2      7459      2796
         2      7459      2894
         2      7460      2708
         2      7460      2709
         2      7460      2713
         2      7461      2711
         2      7461      2712
         2      7461      2714
         2      7462      2718
         2      7462      2720
         2      7463      2808
         2      7463      2809
         2      7463      2811
         2      7464      2812
         2      7464      2815
         2      7465      2810
         2      7466      2802
         2      7467      2828
         2      7467      2830
         2      7468      2711
         2      7468      2713
         2      7468      2812
         2      7469      2719
         2      7469      2721
         2      7470      2716
         2      7471      2816
         2      7471      2817
         2      7472      2720
         2      7473      2818
         2      7473      2911
         2      7474      2837
         2      7474      2838
         2      7475      2721
         2      7476      2733
         2      7477      2724
         2      7478      2723
         2      7479      2722
         2      7479      2723
         2      7480      2730
         2      7480      2731
         2      7480      2733
         2      7481      2741
         2      7481      2742
         2      7482      2729
         2      7482      2732
         2      7482      2831
         2      7483      2740
         2      7483      2840
         2      7484      2749
         2      7484      2750
         2      7484      2755
         2      7485      2735
         2      7485      2737
         2      7485      2836
         2      7486      2631
         2      7486      2633
         2      7487      2734
         2      7487      2736
         2      7487      2738
         2      7488      2759
         2      7488      2761
         2      7488      2856
         2      7489      2829
         2      7489      2830
         2      7490      2871
         2      7490      2875
         2      7491      2826
         2      7491      2827
         2      7492      2738
         2      7493      2743
         2      7493      2744
         2      7493      2844
         2      7494      2825
         2      7494      2826
         2      7494      2828
         2      7495      2752
         2      7495      2754
         2      7496      2746
         2      7496      2747
         2      7496      2842
         2      7497      2854
         2      7498      2862
         2      7498      2865
         2      7498      2868
         2      7499      2748
         2      7499      2749
         2      7499      2848
         2      7500      2748
         2      7500      2751
         2      7500      2846
         2      7501      2753
         2      7501      2755
         2      7502      2756
         2      7502      2852
         2      7503      2833
         2      7503      2834
         2      7503      2927
         2      7504      2925
         2      7504      2927
         2      7504      2930
         2      7505      2655
         2      7505      2658
         2      7505      2758
         2      7506      2752
         2      7506      2753
         2      7506      2851
         2      7507      2760
         2      7507      2761
         2      7508      2758
         2      7509      2768
         2      7510      2775
         2      7511      2762
         2      7511      2763
         2      7511      2764
         2      7512      2759
         2      7513      2855
         2      7514      2832
         2      7514      2833
         2      7515      2767
         2      7516      2771
         2      7516      2772
         2      7516      2775
         2      7517      2884
         2      7517      2886
         2      7517      2889
         2      7518      2858
         2      7518      2861
         2      7519      2770
         2      7519      2771
         2      7519      2872
         2      7520      2770
         2      7520      2870
         2      7521      2859
         2      7521      2860
         2      7521      2864
         2      7522      2773
         2      7522      2774
         2      7522      2777
         2      7523      2776
         2      7523      2777
         2      7523      2778
         2      7524      2783
         2      7524      2784
         2      7525      2780
         2      7525      2879
         2      7526      2787
         2      7526      2788
         2      7526      2886
         2      7527      2773
         2      7527      2874
         2      7528      2859
         2      7528      2861
         2      7528      2964
         2      7529      2843
         2      7530      2786
         2      7530      2787
         2      7531      2781
         2      7532      2878
         2      7533      2845
         2      7533      2846
         2      7533      2945
         2      7534      2931
         2      7534      2934
         2      7535      2790
         2      7535      2793
         2      7536      2783
         2      7536      2785
         2      7536      2882
         2      7537      2794
         2      7537      2892
         2      7538      2791
         2      7538      2888
         2      7539      2880
         2      7539      2882
         2      7539      2885
         2      7540      2798
         2      7540      2800
         2      7541      2792
         2      7541      2793
         2      7541      2891
         2      7542      2890
         2      7542      2891
         2      7543      2877
         2      7543      2980
         2      7544      2698
         2      7544      2699
         2      7544      2796
         2      7545      2801
         2      7546      2795
         2      7547      2869
         2      7547      2870
         2      7548      2857
         2      7548      2858
         2      7548      2962
         2      7549      2813
         2      7549      2816
         2      7550      2797
         2      7550      2798
         2      7550      2897
         2      7551      2897
         2      7551      2899
         2      7552      2806
         2      7552      2807
         2      7552      2808
         2      7553      2803
         2      7554      2805
         2      7554      2806
         2      7554      2904
         2      7555      2901
         2      7556      2805
         2      7556      2900
         2      7557      2905
         2      7557      2906
         2      7557      2907
         2      7558      2893
         2      7558      2997
         2      7559      2960
         2      7559      2962
         2      7559      2965
         2      7560      2810
         2      7560      2811
         2      7560      2903
         2      7561      2814
         2      7561      2815
         2      7561      2906
         2      7562      2813
         2      7562      2814
         2      7563      2895
         2      7563      3006
         2      7564      2871
         2      7564      2872
         2      7564      2974
         2      7565      2819
         2      7566      2817
         2      7567      2818
         2      7568      2910
         2      7568      2911
         2      7568      2914
         2      7569      2913
         2      7570      2819
         2      7570      2917
         2      7571      2915
         2      7571      2917
         2      7572      2820
         2      7572      2823
         2      7572      2824
         2      7573      2822
         2      7574      2918
         2      7575      2829
         2      7575      2831
         2      7576      2832
         2      7577      2923
         2      7577      2924
         2      7578      2835
         2      7578      2836
         2      7579      2839
         2      7580      2928
         2      7580      2929
         2      7580      3036
         2      7581      2849
         2      7581      2850
         2      7581      2950
         2      7582      2835
         2      7582      2931
         2      7583      2838
         2      7583      2933
         2      7584      2743
         2      7584      2841
         2      7585      2939
         2      7585      2940
         2      7586      2929
         2      7587      2924
         2      7587      2926
         2      7588      2842
         2      7588      2843
         2      7588      2845
         2      7589      2841
         2      7589      2940
         2      7590      2847
         2      7590      2849
         2      7591      2844
         2      7592      2856
         2      7592      2857
         2      7593      2943
         2      7593      2946
         2      7594      2955
         2      7594      2958
         2      7594      2961
         2      7595      2944
         2      7595      2945
         2      7595      2949
         2      7596      2847
         2      7596      2848
         2      7596      2948
         2      7597      2947
         2      7597      2948
         2      7597      2952
         2      7598      2942
         2      7598      2943
         2      7599      2898
         2      7599      2899
         2      7599      3004
         2      7600      2853
         2      7600      2953
         2      7601      2854
         2      7601      2855
         2      7601      2958
         2      7602      2867
         2      7602      2869
         2      7603      2863
         2      7603      2864
         2      7604      2866
         2      7604      2867
         2      7604      2972
         2      7605      2907
         2      7606      2947
         2      7606      2949
         2      7606      3048
         2      7607      2873
         2      7607      2874
         2      7608      2876
         2      7608      2877
         2      7608      2878
         2      7609      2966
         2      7609      2968
         2      7610      2941
         2      7610      2942
         2      7610      3047
         2      7611      2938
         2      7611      2939
         2      7611      3042
         2      7612      2951
         2      7612      2952
         2      7612      3049
         2      7613      2862
         2      7613      2863
         2      7614      2879
         2      7614      2881
         2      7615      2873
         2      7615      2875
         2      7615      2976
         2      7616      2889
         2      7617      2971
         2      7617      2975
         2      7618      2973
         2      7618      2974
         2      7618      2977
         2      7619      3034
         2      7619      3035
         2      7620      2881
         2      7620      2985
         2      7621      2880
         2      7622      2979
         2      7622      2980
         2      7622      2983
         2      7623      2982
         2      7624      2887
         2      7624      2888
         2      7625      2883
         2      7625      2884
         2      7625      2989
         2      7626      2987
         2      7627      2977
         2      7627      3073
         2      7628      2986
         2      7629      2890
         2      7629      2992
         2      7630      2894
         2      7630      2998
         2      7631      2988
         2      7632      2935
         2      7632      2937
         2      7632      3040
         2      7633      3061
         2      7634      2887
         2      7634      2990
         2      7635      2892
         2      7635      2893
         2      7636      2896
         2      7637      2995
         2      7637      2997
         2      7637      3001
         2      7638      2898
         2      7639      2902
         2      7639      2903
         2      7640      2902
         2      7640      3011
         2      7641      3000
         2      7641      3001
         2      7642      2895
         2      7642      2896
         2      7642      3002
         2      7643      2900
         2      7643      2901
         2      7643      3008
         2      7644      2999
         2      7644      3000
         2      7644      3101
         2      7645      2912
         2      7645      2913
         2      7645      2916
         2      7646      2904
         2      7646      3010
         2      7647      2991
         2      7647      2994
         2      7647      3096
         2      7648      2973
         2      7648      2975
         2      7648      3071
         2      7649      3038
         2      7649      3040
         2      7650      2921
         2      7650      3026
         2      7651      2909
         2      7652      2905
         2      7652      3015
         2      7653      3014
         2      7653      3015
         2      7653      3017
         2      7654      2908
         2      7654      2909
         2      7654      3020
         2      7655      3012
         2      7655      3109
         2      7656      3005
         2      7656      3006
         2      7656      3105
         2      7657      2910
         2      7657      3019
         2      7658      2912
         2      7658      2914
         2      7659      2915
         2      7659      2916
         2      7660      3024
         2      7661      2922
         2      7661      2923
         2      7661      3028
         2      7662      2936
         2      7662      2937
         2      7662      2938
         2      7663      2919
         2      7663      2920
         2      7664      2821
         2      7664      2822
         2      7664      2918
         2      7665      2820
         2      7665      2821
         2      7666      2920
         2      7666      2922
         2      7667      2959
         2      7667      2960
         2      7667      3062
         2      7668      2959
         2      7668      2961
         2      7668      3060
         2      7669      2919
         2      7669      2921
         2      7670      3029
         2      7671      2925
         2      7671      2926
         2      7671      3030
         2      7672      2932
         2      7672      2933
         2      7672      2935
         2      7673      2934
         2      7673      3035
         2      7674      3046
         2      7675      2932
         2      7676      3054
         2      7676      3058
         2      7677      2969
         2      7677      2970
         2      7678      3039
         2      7679      2950
         2      7679      2954
         2      7680      2956
         2      7680      2957
         2      7680      3056
         2      7681      2953
         2      7681      2956
         2      7682      2944
         2      7682      2946
         2      7683      3041
         2      7683      3043
         2      7683      3146
         2      7684      3031
         2      7685      2951
         2      7686      2954
         2      7687      3046
         2      7687      3047
         2      7687      3147
         2      7688      2963
         2      7688      2964
         2      7688      2966
         2      7689      2967
         2      7689      2969
         2      7690      2955
         2      7690      2957
         2      7691      2963
         2      7691      3064
         2      7692      2866
         2      7692      2868
         2      7692      2970
         2      7693      2965
         2      7694      2978
         2      7694      2979
         2      7694      3077
         2      7695      3059
         2      7696      2971
         2      7696      2972
         2      7697      3063
         2      7697      3064
         2      7697      3067
         2      7698      2976
         2      7698      2978
         2      7699      2981
         2      7699      2982
         2      7699      2986
         2      7700      3065
         2      7700      3066
         2      7700      3068
         2      7701      3051
         2      7701      3152
         2      7702      3050
         2      7702      3051
         2      7702      3149
         2      7703      3033
         2      7703      3134
         2      7704      2967
         2      7704      2968
         2      7704      3066
         2      7705      3081
         2      7705      3084
         2      7706      3075
         2      7706      3077
         2      7706      3080
         2      7707      3070
         2      7708      3038
         2      7708      3039
         2      7709      3079
         2      7709      3181
         2      7710      2988
         2      7710      2989
         2      7710      3090
         2      7711      2981
         2      7711      2983
         2      7711      3078
         2      7712      2990
         2      7712      2993
         2      7713      3073
         2      7713      3076
         2      7714      2984
         2      7714      2985
         2      7714      2987
         2      7715      2883
         2      7715      2885
         2      7716      2992
         2      7716      2994
         2      7716      2996
         2      7717      2984
         2      7717      3082
         2      7718      3087
         2      7719      3089
         2      7719      3090
         2      7719      3094
         2      7720      2991
         2      7720      2993
         2      7720      3092
         2      7721      3097
         2      7722      3080
         2      7722      3177
         2      7723      2998
         2      7723      2999
         2      7723      3003
         2      7724      2995
         2      7724      2996
         2      7725      3002
         2      7725      3003
         2      7726      3013
         2      7726      3014
         2      7726      3113
         2      7727      3096
         2      7727      3098
         2      7728      3021
         2      7728      3025
         2      7729      3004
         2      7729      3005
         2      7729      3009
         2      7730      3007
         2      7730      3008
         2      7731      3099
         2      7731      3101
         2      7731      3103
         2      7732      3010
         2      7732      3012
         2      7733      3011
         2      7733      3013
         2      7734      3104
         2      7734      3105
         2      7735      3095
         2      7735      3194
         2      7736      3083
         2      7736      3084
         2      7736      3182
         2      7737      3162
         2      7737      3165
         2      7738      3045
         2      7738      3145
         2      7739      3007
         2      7739      3009
         2      7739      3106
         2      7740      2908
         2      7740      3016
         2      7741      3018
         2      7741      3019
         2      7741      3023
         2      7742      3111
         2      7742      3113
         2      7742      3116
         2      7743      3016
         2      7743      3017
         2      7743      3115
         2      7744      3107
         2      7744      3208
         2      7745      3114
         2      7745      3115
         2      7745      3118
         2      7746      3180
         2      7746      3181
         2      7747      3018
         2      7747      3020
         2      7748      3022
         2      7748      3023
         2      7748      3119
         2      7749      3021
         2      7749      3022
         2      7749      3122
         2      7750      3122
         2      7750      3124
         2      7751      3123
         2      7751      3125
         2      7752      3024
         2      7752      3025
         2      7753      3144
         2      7753      3243
         2      7754      3057
         2      7754      3058
         2      7754      3157
         2      7755      3130
         2      7756      3027
         2      7757      3026
         2      7757      3027
         2      7758      3028
         2      7758      3029
         2      7759      3030
         2      7759      3031
         2      7759      3033
         2      7760      2928
         2      7760      2930
         2      7760      3032
         2      7761      3042
         2      7761      3043
         2      7762      3037
         2      7762      3143
         2      7763      3132
         2      7763      3134
         2      7763      3136
         2      7764      3032
         2      7764      3135
         2      7765      3135
         2      7765      3136
         2      7766      3129
         2      7766      3133
         2      7767      3034
         2      7767      3036
         2      7767      3138
         2      7768      3131
         2      7768      3132
         2      7768      3232
         2      7769      3044
         2      7769      3045
         2      7769      3148
         2      7770      3056
         2      7770      3057
         2      7770      3059
         2      7771      3142
         2      7772      3128
         2      7772      3225
         2      7773      2941
         2      7773      3044
         2      7774      3048
         2      7774      3050
         2      7775      3052
         2      7775      3053
         2      7775      3151
         2      7776      3065
         2      7776      3168
         2      7777      3049
         2      7777      3052
         2      7778      3053
         2      7778      3055
         2      7779      3061
         2      7779      3062
         2      7780      3060
         2      7780      3161
         2      7781      3054
         2      7781      3055
         2      7781      3153
         2      7782      3145
         2      7782      3146
         2      7783      3147
         2      7783      3150
         2      7784      3185
         2      7785      3067
         2      7786      3163
         2      7786      3164
         2      7787      3063
         2      7787      3164
         2      7788      3069
         2      7788      3070
         2      7788      3169
         2      7789      3068
         2      7789      3069
         2      7790      3071
         2      7790      3072
         2      7791      3159
         2      7791      3161
         2      7791      3162
         2      7792      3074
         2      7792      3075
         2      7792      3178
         2      7793      3091
         2      7793      3093
         2      7793      3192
         2      7794      3167
         2      7794      3168
         2      7794      3171
         2      7795      3251
         2      7795      3254
         2      7796      3078
         2      7796      3079
         2      7796      3081
         2      7797      3072
         2      7797      3174
         2      7798      3092
         2      7798      3093
         2      7798      3095
         2      7799      3171
         2      7799      3271
         2      7800      3173
         2      7800      3174
         2      7800      3176
         2      7801      3154
         2      7801      3155
         2      7801      3253
         2      7802      3082
         2      7802      3083
         2      7802      3088
         2      7803      3085
         2      7803      3087
         2      7803      3089
         2      7804      3086
         2      7804      3088
         2      7805      3195
         2      7805      3198
         2      7806      3100
         2      7807      3097
         2      7807      3098
         2      7808      3085
         2      7808      3086
         2      7808      3187
         2      7809      3179
         2      7809      3180
         2      7809      3284
         2      7810      3178
         2      7811      3091
         2      7811      3094
         2      7811      3189
         2      7812      3099
         2      7812      3100
         2      7813      3102
         2      7813      3103
         2      7813      3201
         2      7814      3102
         2      7815      3197
         2      7816      3194
         2      7816      3196
         2      7817      3106
         2      7817      3107
         2      7817      3110
         2      7818      3108
         2      7818      3109
         2      7818      3112
         2      7819      3202
         2      7820      3195
         2      7820      3196
         2      7820      3300
         2      7821      3108
         2      7821      3110
         2      7822      3104
         2      7822      3205
         2      7823      3203
         2      7823      3205
         2      7823      3209
         2      7824      3197
         2      7824      3198
         2      7824      3199
         2      7825      3184
         2      7825      3285
         2      7826      3117
         2      7826      3120
         2      7827      3119
         2      7827      3121
         2      7828      3212
         2      7828      3213
         2      7829      3210
         2      7830      3273
         2      7830      3275
         2      7830      3277
         2      7831      3142
         2      7831      3143
         2      7831      3240
         2      7832      3263
         2      7832      3267
         2      7833      3111
         2      7833      3112
         2      7833      3213
         2      7834      3114
         2      7834      3116
         2      7834      3214
         2      7835      3117
         2      7835      3118
         2      7836      3120
         2      7837      3217
         2      7837      3220
         2      7838      3215
         2      7838      3319
         2      7839      3212
         2      7839      3315
         2      7840      3121
         2      7841      3123
         2      7841      3124
         2      7842      3125
         2      7843      3242
         2      7843      3243
         2      7843      3245
         2      7844      3131
         2      7844      3133
         2      7845      3229
         2      7845      3233
         2      7846      3128
         2      7847      3127
         2      7848      3126
         2      7848      3227
         2      7849      3137
         2      7849      3138
         2      7849      3141
         2      7850      3129
         2      7850      3130
         2      7851      3137
         2      7851      3236
         2      7852      3139
         2      7852      3140
         2      7853      3228
         2      7853      3230
         2      7854      3037
         2      7854      3140
         2      7855      3041
         2      7855      3144
         2      7856      3234
         2      7856      3236
         2      7856      3238
         2      7857      3231
         2      7857      3232
         2      7857      3235
         2      7858      3160
         2      7858      3261
         2      7859      3170
         2      7859      3275
         2      7860      3172
         2      7860      3173
         2      7860      3276
         2      7861      3244
         2      7862      3151
         2      7862      3154
         2      7863      3149
         2      7863      3150
         2      7863      3249
         2      7864      3246
         2      7864      3247
         2      7865      3339
         2      7865      3342
         2      7866      3223
         2      7867      3148
         2      7867      3247
         2      7868      3153
         2      7868      3155
         2      7868      3158
         2      7869      3152
         2      7869      3251
         2      7870      3158
         2      7871      3156
         2      7871      3157
         2      7871      3160
         2      7872      3252
         2      7872      3253
         2      7872      3256
         2      7873      3226
         2      7873      3227
         2      7874      3166
         2      7875      3159
         2      7875      3259
         2      7876      3156
         2      7876      3258
         2      7877      3166
         2      7877      3266
         2      7878      3163
         2      7878      3165
         2      7878      3263
         2      7879      3183
         2      7879      3184
         2      7879      3289
         2      7880      3268
         2      7880      3270
         2      7880      3272
         2      7881      3169
         2      7881      3170
         2      7881      3172
         2      7882      3167
         2      7882      3270
         2      7883      3257
         2      7883      3258
         2      7883      3367
         2      7884      3074
         2      7884      3076
         2      7884      3175
         2      7885      3175
         2      7885      3176
         2      7885      3278
         2      7886      3191
         2      7886      3192
         2      7886      3193
         2      7887      3293
         2      7887      3296
         2      7888      3276
         2      7888      3279
         2      7889      3250
         2      7889      3361
         2      7890      3343
         2      7890      3345
         2      7891      3177
         2      7891      3179
         2      7892      3182
         2      7892      3183
         2      7892      3186
         2      7893      3282
         2      7894      3234
         2      7894      3235
         2      7894      3343
         2      7895      3187
         2      7895      3190
         2      7896      3189
         2      7897      3185
         2      7897      3186
         2      7897      3287
         2      7898      3188
         2      7898      3190
         2      7898      3290
         2      7899      3199
         2      7899      3303
         2      7900      3193
         2      7900      3297
         2      7901      3280
         2      7901      3282
         2      7902      3391
         2      7902      3394
         2      7903      3188
         2      7904      3191
         2      7905      3385
         2      7905      3387
         2      7906      3302
         2      7906      3303
         2      7906      3307
         2      7907      3214
         2      7907      3215
         2      7907      3216
         2      7908      3221
         2      7909      3200
         2      7909      3201
         2      7909      3204
         2      7910      3207
         2      7910      3208
         2      7910      3211
         2      7911      3305
         2      7911      3306
         2      7911      3309
         2      7912      3295
         2      7912      3296
         2      7912      3400
         2      7913      3200
         2      7913      3202
         2      7913      3306
         2      7914      3203
         2      7914      3204
         2      7914      3308
         2      7915      3241
         2      7915      3242
         2      7915      3350
         2      7916      3222
         2      7917      3206
         2      7917      3207
         2      7918      3210
         2      7918      3211
         2      7918      3314
         2      7919      3216
         2      7919      3219
         2      7920      3220
         2      7921      3320
         2      7921      3324
         2      7922      3218
         2      7922      3219
         2      7923      3318
         2      7923      3319
         2      7923      3321
         2      7924      3217
         2      7924      3218
         2      7925      3327
         2      7926      3325
         2      7926      3327
         2      7926      3330
         2      7927      3317
         2      7927      3318
         2      7927      3424
         2      7928      3415
         2      7928      3417
         2      7929      3311
         2      7929      3416
         2      7930      3291
         2      7930      3292
         2      7930      3395
         2      7931      3350
         2      7931      3353
         2      7932      3369
         2      7932      3372
         2      7933      3221
         2      7933      3329
         2      7934      3222
         2      7934      3332
         2      7935      3301
         2      7935      3404
         2      7936      3231
         2      7936      3233
         2      7936      3341
         2      7937      3224
         2      7937      3225
         2      7937      3228
         2      7938      3126
         2      7938      3127
         2      7938      3223
         2      7939      3224
         2      7939      3226
         2      7940      3229
         2      7940      3230
         2      7941      3335
         2      7941      3337
         2      7942      3139
         2      7942      3141
         2      7942      3237
         2      7943      3240
         2      7943      3241
         2      7944      3248
         2      7944      3249
         2      7944      3250
         2      7945      3237
         2      7945      3238
         2      7945      3344
         2      7946      3375
         2      7947      3239
         2      7947      3349
         2      7948      3334
         2      7949      3255
         2      7949      3257
         2      7950      3248
         2      7950      3357
         2      7951      3246
         2      7951      3355
         2      7952      3239
         2      7952      3346
         2      7953      3360
         2      7953      3361
         2      7953      3364
         2      7954      3244
         2      7954      3245
         2      7954      3351
         2      7955      3345
         2      7955      3447
         2      7956      3260
         2      7956      3261
         2      7956      3369
         2      7957      3366
         2      7958      3252
         2      7958      3254
         2      7958      3363
         2      7959      3255
         2      7959      3256
         2      7960      3352
         2      7960      3353
         2      7960      3455
         2      7961      3336
         2      7961      3337
         2      7962      3338
         2      7962      3339
         2      7963      3259
         2      7963      3260
         2      7963      3262
         2      7964      3265
         2      7964      3266
         2      7964      3269
         2      7965      3398
         2      7965      3401
         2      7966      3286
         2      7966      3288
         2      7966      3396
         2      7967      3264
         2      7967      3265
         2      7967      3376
         2      7968      3262
         2      7968      3370
         2      7969      3367
         2      7969      3368
         2      7970      3268
         2      7970      3269
         2      7971      3277
         2      7972      3271
         2      7972      3274
         2      7973      3278
         2      7973      3281
         2      7974      3264
         2      7974      3267
         2      7974      3373
         2      7975      3272
         2      7976      3371
         2      7976      3372
         2      7976      3475
         2      7977      3379
         2      7978      3365
         2      7978      3366
         2      7978      3468
         2      7979      3273
         2      7979      3274
         2      7979      3378
         2      7980      3279
         2      7981      3280
         2      7981      3281
         2      7981      3385
         2      7982      3283
         2      7982      3284
         2      7983      3287
         2      7983      3288
         2      7983      3291
         2      7984      3383
         2      7985      3438
         2      7985      3440
         2      7986      3283
         2      7986      3389
         2      7987      3285
         2      7987      3391
         2      7988      3290
         2      7988      3292
         2      7988      3294
         2      7989      3295
         2      7990      3297
         2      7990      3301
         2      7991      3206
         2      7991      3209
         2      7991      3311
         2      7992      3310
         2      7992      3413
         2      7993      3388
         2      7993      3490
         2      7994      3386
         2      7994      3387
         2      7994      3489
         2      7995      3389
         2      7995      3390
         2      7996      3293
         2      7996      3294
         2      7996      3398
         2      7997      3299
         2      7997      3300
         2      7997      3302
         2      7998      3308
         2      7998      3310
         2      7999      3402
         2      7999      3404
         2      7999      3406
         2      8000      3390
         2      8000      3493
         2      8001      3368
         2      8001      3474
         2      8002      3298
         2      8002      3299
         2      8002      3408
         2      8003      3304
         2      8003      3305
         2      8003      3411
         2      8004      3374
         2      8004      3479
         2      8005      3309
         2      8005      3409
         2      8006      3313
         2      8006      3314
         2      8006      3316
         2      8007      3315
         2      8007      3317
         2      8008      3316
         2      8009      3312
         2      8009      3313
         2      8009      3421
         2      8010      3416
         2      8010      3417
         2      8011      3407
         2      8011      3512
         2      8012      3410
         2      8012      3514
         2      8013      3323
         2      8013      3326
         2      8014      3328
         2      8014      3329
         2      8014      3333
         2      8015      3426
         2      8016      3423
         2      8016      3424
         2      8016      3425
         2      8017      3320
         2      8017      3321
         2      8017      3426
         2      8018      3331
         2      8018      3332
         2      8019      3322
         2      8019      3323
         2      8020      3419
         2      8020      3420
         2      8020      3523
         2      8021      3442
         2      8021      3444
         2      8021      3449
         2      8022      3325
         2      8022      3326
         2      8023      3328
         2      8023      3330
         2      8023      3432
         2      8024      3331
         2      8024      3333
         2      8025      3431
         2      8026      3483
         2      8027      3405
         2      8027      3511
         2      8028      3349
         2      8028      3454
         2      8029      3336
         2      8029      3338
         2      8030      3334
         2      8030      3335
         2      8031      3340
         2      8031      3341
         2      8032      3344
         2      8032      3348
         2      8033      3340
         2      8033      3342
         2      8033      3444
         2      8034      3298
         2      8035      3453
         2      8036      3454
         2      8036      3456
         2      8037      3439
         2      8037      3443
         2      8038      3351
         2      8038      3352
         2      8038      3356
         2      8039      3347
         2      8039      3348
         2      8039      3450
         2      8040      3354
         2      8040      3355
         2      8040      3359
         2      8041      3346
         2      8041      3347
         2      8042      3358
         2      8042      3359
         2      8042      3459
         2      8043      3370
         2      8044      3441
         2      8044      3442
         2      8045      3357
         2      8045      3358
         2      8046      3354
         2      8046      3356
         2      8046      3458
         2      8047      3458
         2      8047      3461
         2      8048      3362
         2      8048      3363
         2      8048      3365
         2      8049      3360
         2      8050      3462
         2      8050      3466
         2      8051      3446
         2      8051      3448
         2      8051      3546
         2      8052      3451
         2      8052      3544
         2      8053      3362
         2      8053      3364
         2      8053      3465
         2      8054      3371
         2      8055      3373
         2      8055      3374
         2      8056      3304
         2      8056      3307
         2      8057      3471
         2      8057      3474
         2      8057      3477
         2      8058      3377
         2      8058      3378
         2      8058      3382
         2      8059      3381
         2      8059      3384
         2      8060      3375
         2      8060      3376
         2      8060      3481
         2      8061      3478
         2      8061      3480
         2      8062      3411
         2      8063      3476
         2      8063      3477
         2      8063      3565
         2      8064      3386
         2      8064      3388
         2      8065      3377
         2      8065      3379
         2      8066      3460
         2      8066      3557
         2      8067      3452
         2      8067      3453
         2      8067      3549
         2      8068      3380
         2      8068      3381
         2      8069      3383
         2      8069      3384
         2      8069      3486
         2      8070      3480
         2      8071      3437
         2      8071      3438
         2      8071      3536
         2      8072      3286
         2      8072      3289
         2      8072      3393
         2      8073      3395
         2      8073      3397
         2      8074      3400
         2      8074      3403
         2      8075      3493
         2      8075      3496
         2      8076      3490
         2      8076      3492
         2      8077      3392
         2      8077      3393
         2      8077      3499
         2      8078      3396
         2      8079      3497
         2      8079      3498
         2      8079      3594
         2      8080      3494
         2      8080      3495
         2      8080      3592
         2      8081      3397
         2      8081      3501
         2      8082      3399
         2      8082      3506
         2      8083      3583
         2      8084      3487
         2      8085      3467
         2      8085      3470
         2      8085      3563
         2      8086      3402
         2      8086      3403
         2      8086      3504
         2      8087      3409
         2      8087      3410
         2      8087      3414
         2      8088      3412
         2      8088      3413
         2      8088      3415
         2      8089      3418
         2      8090      3512
         2      8091      3520
         2      8092      3407
         2      8092      3408
         2      8092      3509
         2      8093      3507
         2      8094      3432
         2      8094      3434
         2      8095      3412
         2      8095      3414
         2      8095      3516
         2      8096      3508
         2      8097      3312
         2      8097      3418
         2      8098      3420
         2      8099      3322
         2      8099      3324
         2      8099      3427
         2      8100      3425
         2      8100      3525
         2      8101      3419
         2      8101      3421
         2      8102      3497
         2      8102      3499
         2      8102      3591
         2      8103      3422
         2      8103      3423
         2      8103      3526
         2      8104      3430
         2      8104      3431
         2      8105      3427
         2      8105      3527
         2      8106      3527
         2      8106      3529
         2      8107      3521
         2      8107      3522
         2      8108      3524
         2      8108      3525
         2      8109      3577
         2      8109      3580
         2      8109      3683
         2      8110      3428
         2      8110      3430
         2      8111      3433
         2      8111      3435
         2      8112      3433
         2      8112      3434
         2      8113      3531
         2      8114      3435
         2      8115      3533
         2      8116      3538
         2      8116      3541
         2      8117      3539
         2      8117      3540
         2      8118      3537
         2      8118      3639
         2      8119      3441
         2      8119      3443
         2      8120      3436
         2      8120      3437
         2      8121      3436
         2      8122      3439
         2      8122      3440
         2      8123      3457
         2      8123      3552
         2      8124      3568
         2      8125      3456
         2      8125      3550
         2      8126      3447
         2      8126      3448
         2      8126      3451
         2      8127      3450
         2      8127      3452
         2      8128      3455
         2      8128      3457
         2      8129      3459
         2      8129      3460
         2      8129      3462
         2      8130      3538
         2      8131      3464
         2      8131      3465
         2      8131      3469
         2      8132      3468
         2      8132      3470
         2      8132      3473
         2      8133      3548
         2      8133      3549
         2      8134      3463
         2      8134      3464
         2      8134      3560
         2      8135      3472
         2      8135      3473
         2      8136      3552
         2      8136      3555
         2      8137      3553
         2      8137      3554
         2      8138      3539
         2      8138      3541
         2      8138      3641
         2      8139      3445
         2      8139      3446
         2      8139      3643
         2      8140      3461
         2      8140      3554
         2      8141      3475
         2      8141      3476
         2      8141      3478
         2      8142      3485
         2      8142      3486
         2      8143      3463
         2      8143      3466
         2      8143      3558
         2      8144      3642
         2      8144      3643
         2      8144      3644
         2      8145      3570
         2      8145      3572
         2      8145      3576
         2      8146      3482
         2      8146      3483
         2      8146      3575
         2      8147      3562
         2      8148      3553
         2      8148      3654
         2      8149      3471
         2      8149      3472
         2      8149      3564
         2      8150      3481
         2      8150      3482
         2      8151      3380
         2      8151      3382
         2      8151      3484
         2      8152      3479
         2      8153      3572
         2      8154      3484
         2      8154      3579
         2      8155      3498
         2      8156      3566
         2      8156      3567
         2      8156      3669
         2      8157      3546
         2      8158      3503
         2      8158      3505
         2      8158      3600
         2      8159      3581
         2      8159      3582
         2      8159      3586
         2      8160      3488
         2      8160      3489
         2      8161      3392
         2      8161      3394
         2      8161      3495
         2      8162      3500
         2      8162      3501
         2      8162      3502
         2      8163      3485
         2      8163      3487
         2      8163      3582
         2      8164      3488
         2      8164      3585
         2      8165      3584
         2      8165      3585
         2      8166      3500
         2      8167      3491
         2      8167      3590
         2      8168      3567
         2      8169      3399
         2      8169      3401
         2      8170      3502
         2      8170      3596
         2      8171      3510
         2      8171      3511
         2      8172      3515
         2      8172      3607
         2      8173      3593
         2      8174      3687
         2      8175      3504
         2      8175      3505
         2      8175      3507
         2      8176      3405
         2      8176      3406
         2      8176      3508
         2      8177      3503
         2      8177      3506
         2      8177      3597
         2      8178      3513
         2      8178      3514
         2      8178      3517
         2      8179      3516
         2      8179      3519
         2      8180      3603
         2      8181      3599
         2      8182      3526
         2      8183      3509
         2      8183      3510
         2      8183      3604
         2      8184      3513
         2      8184      3515
         2      8184      3610
         2      8185      3517
         2      8186      3606
         2      8186      3607
         2      8186      3708
         2      8187      3599
         2      8187      3600
         2      8187      3700
         2      8188      3518
         2      8189      3518
         2      8189      3519
         2      8189      3611
         2      8190      3422
         2      8190      3522
         2      8191      3520
         2      8191      3612
         2      8192      3611
         2      8192      3615
         2      8193      3521
         2      8193      3523
         2      8193      3617
         2      8194      3429
         2      8194      3528
         2      8195      3530
         2      8195      3532
         2      8196      3621
         2      8197      3614
         2      8197      3615
         2      8197      3711
         2      8198      3618
         2      8198      3716
         2      8199      3605
         2      8199      3606
         2      8199      3705
         2      8200      3686
         2      8201      3555
         2      8201      3653
         2      8202      3524
         2      8202      3623
         2      8203      3528
         2      8203      3529
         2      8203      3625
         2      8204      3428
         2      8204      3429
         2      8204      3628
         2      8205      3628
         2      8205      3630
         2      8206      3530
         2      8206      3629
         2      8207      3531
         2      8207      3532
         2      8207      3631
         2      8208      3633
         2      8208      3635
         2      8208      3636
         2      8209      3627
         2      8210      3619
         2      8210      3620
         2      8211      3672
         2      8211      3675
         2      8212      3533
         2      8212      3635
         2      8213      3551
         2      8213      3648
         2      8214      3547
         2      8214      3548
         2      8214      3647
         2      8215      3543
         2      8215      3545
         2      8216      3534
         2      8216      3536
         2      8217      3535
         2      8218      3534
         2      8218      3535
         2      8219      3537
         2      8220      3540
         2      8220      3542
         2      8221      3445
         2      8221      3449
         2      8221      3542
         2      8222      3544
         2      8222      3545
         2      8222      3547
         2      8223      3550
         2      8223      3551
         2      8224      3556
         2      8224      3557
         2      8225      3467
         2      8225      3469
         2      8226      3647
         2      8226      3650
         2      8227      3644
         2      8227      3646
         2      8228      3556
         2      8228      3659
         2      8229      3558
         2      8230      3561
         2      8230      3562
         2      8230      3668
         2      8231      3738
         2      8232      3587
         2      8232      3589
         2      8232      3691
         2      8233      3651
         2      8233      3653
         2      8233      3656
         2      8234      3637
         2      8234      3734
         2      8235      3564
         2      8235      3566
         2      8236      3565
         2      8236      3569
         2      8237      3559
         2      8237      3664
         2      8238      3657
         2      8238      3659
         2      8238      3661
         2      8239      3561
         2      8239      3563
         2      8239      3663
         2      8240      3660
         2      8241      3579
         2      8241      3580
         2      8242      3568
         2      8242      3569
         2      8242      3672
         2      8243      3670
         2      8243      3671
         2      8243      3767
         2      8244      3667
         2      8245      3655
         2      8245      3656
         2      8245      3755
         2      8246      3571
         2      8247      3574
         2      8247      3575
         2      8247      3578
         2      8248      3581
         2      8248      3583
         2      8248      3682
         2      8249      3671
         2      8250      3690
         2      8250      3695
         2      8251      3570
         2      8251      3571
         2      8251      3674
         2      8252      3673
         2      8252      3674
         2      8252      3677
         2      8253      3759
         2      8254      3737
         2      8254      3738
         2      8254      3740
         2      8255      3654
         2      8255      3655
         2      8255      3658
         2      8256      3573
         2      8256      3574
         2      8257      3491
         2      8257      3492
         2      8258      3584
         2      8258      3586
         2      8258      3685
         2      8259      3681
         2      8259      3682
         2      8259      3686
         2      8260      3494
         2      8260      3496
         2      8260      3589
         2      8261      3595
         2      8261      3596
         2      8261      3598
         2      8262      3591
         2      8262      3592
         2      8262      3690
         2      8263      3613
         2      8263      3614
         2      8264      3593
         2      8264      3594
         2      8264      3694
         2      8265      3699
         2      8266      3678
         2      8266      3679
         2      8266      3778
         2      8267      3756
         2      8267      3758
         2      8267      3760
         2      8268      3595
         2      8268      3696
         2      8269      3697
         2      8270      3602
         2      8271      3597
         2      8271      3598
         2      8271      3699
         2      8272      3695
         2      8272      3791
         2      8273      3739
         2      8273      3740
         2      8274      3649
         2      8274      3650
         2      8274      3751
         2      8275      3604
         2      8275      3605
         2      8276      3601
         2      8276      3602
         2      8276      3706
         2      8277      3609
         2      8278      3608
         2      8278      3609
         2      8278      3713
         2      8279      3701
         2      8279      3799
         2      8280      3612
         2      8280      3613
         2      8280      3618
         2      8281      3616
         2      8281      3617
         2      8281      3619
         2      8282      3608
         2      8282      3610
         2      8282      3709
         2      8283      3702
         2      8283      3703
         2      8283      3801
         2      8284      3616
         2      8284      3719
         2      8285      3717
         2      8285      3719
         2      8285      3720
         2      8286      3714
         2      8287      3708
         2      8288      3620
         2      8288      3621
         2      8289      3622
         2      8289      3623
         2      8289      3626
         2      8290      3624
         2      8290      3625
         2      8290      3627
         2      8291      3629
         2      8291      3630
         2      8291      3632
         2      8292      3622
         2      8292      3721
         2      8293      3720
         2      8293      3722
         2      8294      3721
         2      8294      3725
         2      8295      3624
         2      8295      3626
         2      8295      3724
         2      8296      3709
         2      8296      3807
         2      8297      3712
         2      8297      3713
         2      8298      3631
         2      8298      3634
         2      8299      3632
         2      8300      3728
         2      8301      3761
         2      8302      3633
         2      8302      3634
         2      8303      3636
         2      8304      3638
         2      8304      3640
         2      8305      3639
         2      8305      3640
         2      8305      3641
         2      8306      3638
         2      8307      3637
         2      8308      3543
         2      8308      3645
         2      8309      3648
         2      8309      3649
         2      8309      3652
         2      8310      3645
         2      8310      3646
         2      8310      3746
         2      8311      3642
         2      8312      3739
         2      8312      3743
         2      8313      3771
         2      8313      3772
         2      8313      3775
         2      8314      3748
         2      8315      3660
         2      8315      3661
         2      8316      3662
         2      8316      3663
         2      8317      3776
         2      8318      3751
         2      8318      3754
         2      8319      3744
         2      8319      3746
         2      8319      3750
         2      8320      3741
         2      8320      3745
         2      8321      3651
         2      8321      3652
         2      8321      3753
         2      8322      3559
         2      8322      3560
         2      8323      3657
         2      8323      3658
         2      8323      3758
         2      8324      3666
         2      8324      3667
         2      8325      3669
         2      8325      3670
         2      8326      3665
         2      8326      3666
         2      8326      3769
         2      8327      3788
         2      8327      3790
         2      8328      3762
         2      8328      3764
         2      8329      3759
         2      8329      3760
         2      8329      3866
         2      8330      3673
         2      8330      3675
         2      8330      3772
         2      8331      3677
         2      8331      3774
         2      8332      3754
         2      8332      3855
         2      8333      3742
         2      8333      3743
         2      8333      3844
         2      8334      3573
         2      8334      3576
         2      8334      3676
         2      8335      3577
         2      8335      3578
         2      8335      3679
         2      8336      3676
         2      8337      3700
         2      8337      3701
         2      8337      3702
         2      8338      3684
         2      8338      3685
         2      8339      3680
         2      8339      3681
         2      8339      3781
         2      8340      3680
         2      8340      3683
         2      8341      3773
         2      8341      3774
         2      8341      3776
         2      8342      3684
         2      8342      3783
         2      8343      3688
         2      8343      3689
         2      8343      3784
         2      8344      3779
         2      8345      3687
         2      8345      3688
         2      8346      3588
         2      8346      3590
         2      8346      3689
         2      8347      3782
         2      8347      3783
         2      8347      3786
         2      8348      3693
         2      8348      3694
         2      8349      3587
         2      8349      3588
         2      8349      3788
         2      8350      3805
         2      8351      3691
         2      8352      3789
         2      8353      3792
         2      8354      3777
         2      8354      3888
         2      8355      3696
         2      8355      3698
         2      8356      3692
         2      8356      3693
         2      8356      3795
         2      8357      3692
         2      8357      3792
         2      8358      3766
         2      8358      3874
         2      8359      3744
         2      8359      3745
         2      8359      3846
         2      8360      3697
         2      8360      3698
         2      8360      3793
         2      8361      3601
         2      8361      3603
         2      8361      3703
         2      8362      3704
         2      8362      3705
         2      8362      3707
         2      8363      3798
         2      8363      3799
         2      8363      3802
         2      8364      3770
         2      8364      3771
         2      8364      3877
         2      8365      3710
         2      8365      3711
         2      8365      3714
         2      8366      3704
         2      8366      3706
         2      8367      3716
         2      8367      3718
         2      8368      3707
         2      8369      3804
         2      8369      3805
         2      8370      3717
         2      8370      3718
         2      8370      3815
         2      8371      3722
         2      8371      3818
         2      8372      3808
         2      8373      3710
         2      8373      3712
         2      8373      3812
         2      8374      3715
         2      8374      3813
         2      8375      3798
         2      8375      3909
         2      8376      3789
         2      8376      3790
         2      8376      3897
         2      8377      3850
         2      8378      3715
         2      8379      3731
         2      8380      3723
         2      8380      3724
         2      8380      3727
         2      8381      3726
         2      8382      3818
         2      8382      3822
         2      8383      3733
         2      8384      3725
         2      8384      3819
         2      8385      3723
         2      8386      3816
         2      8386      3925
         2      8387      3823
         2      8387      3825
         2      8387      3933
         2      8388      3726
         2      8388      3727
         2      8388      3827
         2      8389      3729
         2      8389      3831
         2      8390      3829
         2      8390      3831
         2      8390      3832
         2      8391      3820
         2      8391      3821
         2      8392      3803
         2      8392      3804
         2      8392      3911
         2      8393      3736
         2      8393      3737
         2      8394      3728
         2      8394      3729
         2      8395      3730
         2      8395      3731
         2      8395      3838
         2      8396      3732
         2      8396      3733
         2      8396      3839
         2      8397      3732
         2      8397      3837
         2      8398      3735
         2      8399      3752
         2      8399      3753
         2      8400      3734
         2      8400      3735
         2      8400      3736
         2      8401      3749
         2      8401      3750
         2      8401      3849
         2      8402      3857
         2      8402      3859
         2      8402      3862
         2      8403      3841
         2      8403      3843
         2      8404      3747
         2      8404      3748
         2      8405      3741
         2      8405      3742
         2      8406      3755
         2      8406      3757
         2      8407      3752
         2      8407      3859
         2      8408      3842
         2      8408      3843
         2      8409      3747
         2      8409      3749
         2      8409      3853
         2      8410      3768
         2      8410      3769
         2      8411      3773
         2      8411      3882
         2      8412      3780
         2      8412      3781
         2      8412      3889
         2      8413      3761
         2      8413      3763
         2      8414      3868
         2      8414      3870
         2      8414      3873
         2      8415      3847
         2      8415      3848
         2      8415      3947
         2      8416      3852
         2      8416      3853
         2      8416      3856
         2      8417      3847
         2      8417      3946
         2      8418      3757
         2      8418      3860
         2      8419      3756
         2      8420      3662
         2      8420      3664
         2      8420      3764
         2      8421      3762
         2      8421      3763
         2      8421      3870
         2      8422      3765
         2      8422      3766
         2      8422      3876
         2      8423      3678
         2      8424      3665
         2      8424      3668
         2      8424      3765
         2      8425      3767
         2      8425      3768
         2      8425      3770
         2      8426      3785
         2      8426      3786
         2      8426      3894
         2      8427      3874
         2      8428      3898
         2      8428      3900
         2      8428      3902
         2      8429      3871
         2      8430      3775
         2      8430      3880
         2      8431      3875
         2      8431      3876
         2      8431      3974
         2      8432      3865
         2      8432      3867
         2      8433      3784
         2      8433      3785
         2      8433      3787
         2      8434      3778
         2      8434      3887
         2      8435      3779
         2      8435      3780
         2      8435      3893
         2      8436      3777
         2      8436      3884
         2      8437      3791
         2      8438      3794
         2      8438      3795
         2      8438      3904
         2      8439      3892
         2      8440      3782
         2      8441      3886
         2      8441      3887
         2      8441      3890
         2      8442      3958
         2      8442      3959
         2      8442      3962
         2      8443      3796
         2      8443      3797
         2      8443      3905
         2      8444      3787
         2      8444      3896
         2      8445      3900
         2      8446      3896
         2      8447      3800
         2      8448      3820
         2      8448      3822
         2      8449      3897
         2      8449      3899
         2      8450      3793
         2      8450      3794
         2      8450      3796
         2      8451      3797
         2      8452      3903
         2      8452      3904
         2      8452      3907
         2      8453      3987
         2      8453      3991
         2      8454      3730
         2      8454      3834
         2      8455      3801
         2      8455      3803
         2      8456      3806
         2      8456      3807
         2      8456      3809
         2      8457      3908
         2      8457      3909
         2      8458      3811
         2      8458      3812
         2      8458      3814
         2      8459      3813
         2      8459      3814
         2      8459      3922
         2      8460      3806
         2      8460      3912
         2      8461      3906
         2      8461      4005
         2      8462      3915
         2      8462      3919
         2      8463      3808
         2      8463      3809
         2      8464      3911
         2      8464      3914
         2      8465      4007
         2      8466      3901
         2      8466      4004
         2      8467      3955
         2      8468      3951
         2      8468      3953
         2      8468      3956
         2      8469      3810
         2      8469      3811
         2      8469      3923
         2      8470      3815
         2      8470      3816
         2      8470      3817
         2      8471      3817
         2      8472      3924
         2      8472      3925
         2      8472      3926
         2      8473      3819
         2      8473      3821
         2      8473      3824
         2      8474      3825
         2      8474      3828
         2      8475      3927
         2      8475      3929
         2      8476      3826
         2      8476      3827
         2      8476      3830
         2      8477      3832
         2      8477      3835
         2      8478      3823
         2      8478      3824
         2      8478      3930
         2      8479      3929
         2      8479      3931
         2      8480      3917
         2      8480      3918
         2      8480      4020
         2      8481      3826
         2      8481      3828
         2      8481      3932
         2      8482      3829
         2      8482      3830
         2      8483      3934
         2      8483      3937
         2      8484      3907
         2      8484      4002
         2      8485      3833
         2      8485      3834
         2      8485      3938
         2      8486      3836
         2      8486      3837
         2      8486      3940
         2      8487      3939
         2      8488      3836
         2      8488      3838
         2      8489      3839
         2      8490      3895
         2      8490      3994
         2      8491      3945
         2      8491      3946
         2      8492      3861
         2      8492      3862
         2      8492      3959
         2      8493      3840
         2      8494      3840
         2      8494      3841
         2      8495      3842
         2      8495      3845
         2      8496      3844
         2      8496      3845
         2      8497      3941
         2      8497      3944
         2      8498      3846
         2      8498      3848
         2      8499      3849
         2      8499      3850
         2      8500      3950
         2      8501      3872
         2      8501      3873
         2      8502      3854
         2      8502      3855
         2      8502      3858
         2      8503      3857
         2      8504      3866
         2      8504      3867
         2      8504      3869
         2      8505      3851
         2      8505      3852
         2      8505      3952
         2      8506      3854
         2      8506      3856
         2      8506      3953
         2      8507      3943
         2      8507      4048
         2      8508      3863
         2      8508      3864
         2      8508      3961
         2      8509      3858
         2      8510      3943
         2      8510      3944
         2      8510      4046
         2      8511      3860
         2      8511      3861
         2      8511      3863
         2      8512      3864
         2      8512      3865
         2      8513      3871
         2      8513      3872
         2      8514      3889
         2      8514      3890
         2      8514      3989
         2      8515      3954
         2      8515      3955
         2      8515      4062
         2      8516      3948
         2      8517      3868
         2      8517      3869
         2      8517      3963
         2      8518      3968
         2      8518      3970
         2      8519      3880
         2      8519      3883
         2      8520      3972
         2      8520      3974
         2      8520      3976
         2      8521      3878
         2      8522      3966
         2      8522      3968
         2      8523      3962
         2      8523      4063
         2      8524      3875
         2      8524      3878
         2      8525      3877
         2      8525      3879
         2      8526      3881
         2      8526      3882
         2      8526      3885
         2      8527      3884
         2      8527      3885
         2      8527      3982
         2      8528      3975
         2      8528      3978
         2      8529      3879
         2      8529      3977
         2      8530      3979
         2      8530      3981
         2      8530      3984
         2      8531      3977
         2      8531      3978
         2      8531      3980
         2      8532      3952
         2      8532      4054
         2      8533      3881
         2      8533      3883
         2      8533      3981
         2      8534      3888
         2      8535      3886
         2      8536      3894
         2      8536      3895
         2      8537      3903
         2      8538      3891
         2      8538      3892
         2      8538      3995
         2      8539      3984
         2      8539      4082
         2      8540      3985
         2      8540      3988
         2      8541      3913
         2      8541      3914
         2      8542      3905
         2      8542      3906
         2      8542      3908
         2      8543      4010
         2      8544      3993
         2      8544      3994
         2      8545      3992
         2      8545      4091
         2      8546      3983
         2      8547      3997
         2      8548      3898
         2      8548      3899
         2      8548      3998
         2      8549      3990
         2      8549      3991
         2      8549      4089
         2      8550      3949
         2      8550      3950
         2      8550      4053
         2      8551      3800
         2      8551      3802
         2      8552      3910
         2      8552      4012
         2      8553      4001
         2      8553      4102
         2      8554      4060
         2      8554      4061
         2      8554      4064
         2      8555      3912
         2      8555      3913
         2      8555      3916
         2      8556      3810
         2      8556      3918
         2      8557      3921
         2      8557      3922
         2      8557      3924
         2      8558      3923
         2      8558      4019
         2      8559      3833
         2      8559      3835
         2      8560      4008
         2      8560      4009
         2      8560      4111
         2      8561      4014
         2      8561      4017
         2      8561      4018
         2      8562      4016
         2      8563      3915
         2      8563      3916
         2      8563      4017
         2      8564      3928
         2      8565      3932
         2      8565      3935
         2      8566      4019
         2      8567      4110
         2      8567      4111
         2      8568      3920
         2      8568      3921
         2      8568      4024
         2      8569      3926
         2      8569      4023
         2      8570      4025
         2      8570      4027
         2      8570      4030
         2      8571      4023
         2      8571      4026
         2      8572      3993
         2      8572      3995
         2      8572      4094
         2      8573      3927
         2      8573      3928
         2      8573      4027
         2      8574      3930
         2      8574      3931
         2      8574      4029
         2      8575      3933
         2      8575      4032
         2      8576      4032
         2      8576      4036
         2      8577      4034
         2      8577      4035
         2      8577      4038
         2      8578      3999
         2      8578      4000
         2      8578      4100
         2      8579      4051
         2      8579      4053
         2      8579      4057
         2      8580      3934
         2      8580      3935
         2      8580      4035
         2      8581      3936
         2      8581      4040
         2      8582      3938
         2      8583      4039
         2      8583      4043
         2      8584      4042
         2      8585      3939
         2      8585      3940
         2      8586      3969
         2      8586      3973
         2      8587      3945
         2      8588      3942
         2      8589      3941
         2      8589      3942
         2      8589      4044
         2      8590      3947
         2      8590      3948
         2      8590      3949
         2      8591      3851
         2      8592      3951
         2      8593      4047
         2      8593      4048
         2      8593      4050
         2      8594      3965
         2      8595      4049
         2      8595      4052
         2      8596      3957
         2      8596      3958
         2      8596      4061
         2      8597      4056
         2      8597      4057
         2      8597      4151
         2      8598      3954
         2      8598      3956
         2      8598      4059
         2      8599      3964
         2      8599      3965
         2      8599      4069
         2      8600      3957
         2      8601      3960
         2      8601      3961
         2      8602      3982
         2      8602      3983
         2      8602      3986
         2      8603      3985
         2      8603      3986
         2      8603      4085
         2      8604      4045
         2      8605      3963
         2      8605      3964
         2      8605      3967
         2      8606      3960
         2      8606      4067
         2      8607      4066
         2      8607      4067
         2      8607      4070
         2      8608      4058
         2      8608      4059
         2      8608      4157
         2      8609      4091
         2      8610      3966
         2      8610      3967
         2      8610      4071
         2      8611      4072
         2      8612      4155
         2      8612      4157
         2      8612      4160
         2      8613      3969
         2      8613      3970
         2      8614      3971
         2      8614      3972
         2      8615      3971
         2      8615      3973
         2      8616      4047
         2      8617      3975
         2      8617      3976
         2      8617      4077
         2      8618      3979
         2      8618      3980
         2      8618      4080
         2      8619      4060
         2      8619      4062
         2      8619      4159
         2      8620      3989
         2      8620      3990
         2      8621      3891
         2      8621      3893
         2      8621      3992
         2      8622      3901
         2      8622      3902
         2      8623      4086
         2      8624      4084
         2      8624      4085
         2      8625      4175
         2      8625      4266
         2      8626      3987
         2      8626      3988
         2      8626      4088
         2      8627      3996
         2      8627      3997
         2      8627      3999
         2      8628      3998
         2      8628      4000
         2      8628      4001
         2      8629      3996
         2      8629      4097
         2      8630      4011
         2      8630      4012
         2      8630      4113
         2      8631      4092
         2      8631      4094
         2      8631      4098
         2      8632      4081
         2      8633      4003
         2      8633      4004
         2      8633      4104
         2      8634      4006
         2      8634      4007
         2      8634      4106
         2      8635      4099
         2      8636      4100
         2      8637      4002
         2      8637      4003
         2      8637      4006
         2      8638      4005
         2      8638      4008
         2      8639      3917
         2      8639      3919
         2      8640      4103
         2      8640      4104
         2      8640      4107
         2      8641      4090
         2      8641      4192
         2      8642      3910
         2      8642      4009
         2      8643      4010
         2      8643      4011
         2      8643      4013
         2      8644      4015
         2      8644      4016
         2      8644      4115
         2      8645      4114
         2      8645      4116
         2      8646      4013
         2      8647      4014
         2      8647      4015
         2      8647      4119
         2      8648      3920
         2      8648      4022
         2      8649      4028
         2      8649      4029
         2      8649      4031
         2      8650      4117
         2      8650      4118
         2      8651      4120
         2      8651      4122
         2      8652      4018
         2      8652      4118
         2      8653      4030
         2      8653      4129
         2      8654      4020
         2      8654      4120
         2      8655      4203
         2      8656      4021
         2      8656      4022
         2      8656      4125
         2      8657      4024
         2      8658      4126
         2      8658      4127
         2      8659      4124
         2      8660      4103
         2      8660      4204
         2      8661      4158
         2      8661      4159
         2      8661      4162
         2      8662      4084
         2      8662      4086
         2      8662      4187
         2      8663      4065
         2      8663      4066
         2      8663      4163
         2      8664      4025
         2      8664      4026
         2      8664      4127
         2      8665      3936
         2      8665      3937
         2      8666      4028
         2      8666      4132
         2      8667      4031
         2      8668      4133
         2      8668      4136
         2      8669      4131
         2      8669      4132
         2      8669      4134
         2      8670      4033
         2      8670      4034
         2      8670      4137
         2      8671      4140
         2      8671      4141
         2      8672      4128
         2      8672      4130
         2      8672      4233
         2      8673      4037
         2      8673      4139
         2      8674      4039
         2      8674      4040
         2      8674      4140
         2      8675      4133
         2      8676      4117
         2      8676      4222
         2      8677      4041
         2      8677      4042
         2      8677      4142
         2      8678      4078
         2      8678      4174
         2      8679      4046
         2      8680      4044
         2      8680      4045
         2      8681      4051
         2      8681      4052
         2      8682      4055
         2      8682      4056
         2      8682      4153
         2      8683      4146
         2      8684      4049
         2      8684      4050
         2      8685      4145
         2      8685      4148
         2      8686      4054
         2      8686      4055
         2      8687      4058
         2      8688      4149
         2      8688      4151
         2      8688      4154
         2      8689      4145
         2      8689      4146
         2      8690      4110
         2      8690      4212
         2      8691      4063
         2      8691      4065
         2      8692      4068
         2      8692      4069
         2      8692      4072
         2      8693      4064
         2      8693      4161
         2      8694      4075
         2      8694      4175
         2      8695      4185
         2      8695      4187
         2      8695      4190
         2      8696      4158
         2      8696      4160
         2      8696      4254
         2      8697      4073
         2      8697      4074
         2      8697      4172
         2      8698      4077
         2      8698      4078
         2      8698      4081
         2      8699      4161
         2      8700      4068
         2      8700      4070
         2      8700      4166
         2      8701      4164
         2      8701      4259
         2      8702      4071
         2      8702      4073
         2      8703      4074
         2      8703      4076
         2      8704      4170
         2      8704      4172
         2      8705      4079
         2      8705      4080
         2      8706      4079
         2      8706      4179
         2      8707      4083
         2      8707      4183
         2      8708      4182
         2      8708      4183
         2      8708      4186
         2      8709      4174
         2      8709      4177
         2      8710      4356
         2      8711      4082
         2      8711      4083
         2      8712      4087
         2      8712      4088
         2      8712      4090
         2      8713      4089
         2      8714      4096
         2      8714      4097
         2      8714      4099
         2      8715      4093
         2      8715      4196
         2      8716      4087
         2      8716      4189
         2      8717      4188
         2      8717      4189
         2      8717      4193
         2      8718      4101
         2      8718      4102
         2      8719      4108
         2      8720      4197
         2      8720      4199
         2      8721      4092
         2      8721      4093
         2      8722      4194
         2      8722      4196
         2      8723      4173
         2      8723      4265
         2      8724      4257
         2      8724      4258
         2      8725      4095
         2      8725      4096
         2      8725      4201
         2      8726      4105
         2      8726      4106
         2      8726      4109
         2      8727      4101
         2      8727      4203
         2      8728      4112
         2      8728      4113
         2      8728      4114
         2      8729      4108
         2      8729      4109
         2      8729      4208
         2      8730      4202
         2      8731      4205
         2      8731      4296
         2      8732      4280
         2      8733      4105
         2      8733      4107
         2      8733      4206
         2      8734      4021
         2      8734      4121
         2      8735      4119
         2      8736      4112
         2      8736      4215
         2      8737      4213
         2      8737      4215
         2      8737      4218
         2      8738      4210
         2      8738      4212
         2      8738      4214
         2      8739      4213
         2      8739      4214
         2      8739      4303
         2      8740      4180
         2      8740      4273
         2      8741      4168
         2      8741      4169
         2      8741      4261
         2      8742      4115
         2      8742      4116
         2      8742      4216
         2      8743      4121
         2      8743      4122
         2      8743      4224
         2      8744      4123
         2      8744      4124
         2      8744      4229
         2      8745      4221
         2      8745      4222
         2      8745      4225
         2      8746      4129
         2      8746      4130
         2      8746      4131
         2      8747      4126
         2      8747      4228
         2      8748      4123
         2      8748      4125
         2      8749      4209
         2      8750      4033
         2      8750      4036
         2      8750      4135
         2      8751      4037
         2      8751      4038
         2      8752      4128
         2      8752      4230
         2      8753      4207
         2      8753      4298
         2      8754      4272
         2      8754      4370
         2      8755      4041
         2      8755      4043
         2      8756      4135
         2      8756      4136
         2      8756      4235
         2      8757      4234
         2      8757      4235
         2      8757      4237
         2      8758      4137
         2      8759      4241
         2      8759      4243
         2      8760      4234
         2      8760      4325
         2      8761      4138
         2      8761      4139
         2      8762      4138
         2      8763      4242
         2      8763      4244
         2      8764      4236
         2      8764      4237
         2      8764      4328
         2      8765      4141
         2      8766      4142
         2      8767      4236
         2      8768      4169
         2      8768      4171
         2      8769      4147
         2      8769      4150
         2      8770      4144
         2      8771      4143
         2      8771      4247
         2      8772      4149
         2      8772      4150
         2      8772      4250
         2      8773      4152
         2      8773      4153
         2      8773      4156
         2      8774      4147
         2      8774      4148
         2      8774      4248
         2      8775      4152
         2      8775      4252
         2      8776      4154
         2      8777      4249
         2      8778      4155
         2      8778      4255
         2      8779      4163
         2      8779      4164
         2      8779      4167
         2      8780      4165
         2      8780      4166
         2      8780      4168
         2      8781      4170
         2      8781      4171
         2      8781      4262
         2      8782      4165
         2      8782      4167
         2      8782      4258
         2      8783      4181
         2      8783      4182
         2      8783      4276
         2      8784      4095
         2      8784      4098
         2      8784      4198
         2      8785      4260
         2      8785      4261
         2      8785      4264
         2      8786      4245
         2      8787      4075
         2      8787      4076
         2      8787      4173
         2      8788      4179
         2      8788      4180
         2      8788      4181
         2      8789      4265
         2      8789      4267
         2      8790      4253
         2      8790      4254
         2      8790      4256
         2      8791      4301
         2      8791      4302
         2      8791      4305
         2      8792      4176
         2      8792      4178
         2      8793      4176
         2      8793      4177
         2      8793      4269
         2      8794      4268
         2      8794      4269
         2      8794      4271
         2      8795      4178
         2      8795      4270
         2      8796      4268
         2      8796      4367
         2      8797      4184
         2      8797      4185
         2      8797      4281
         2      8798      4281
         2      8798      4283
         2      8799      4192
         2      8799      4195
         2      8800      4184
         2      8800      4186
         2      8800      4280
         2      8801      4188
         2      8801      4190
         2      8801      4282
         2      8802      4191
         2      8802      4193
         2      8802      4285
         2      8803      4284
         2      8803      4285
         2      8803      4287
         2      8804      4195
         2      8805      4200
         2      8805      4202
         2      8806      4197
         2      8806      4288
         2      8807      4292
         2      8807      4294
         2      8808      4194
         2      8809      4275
         2      8809      4278
         2      8810      4257
         2      8810      4359
         2      8811      4208
         2      8811      4209
         2      8811      4211
         2      8812      4198
         2      8812      4199
         2      8812      4291
         2      8813      4219
         2      8813      4221
         2      8814      4200
         2      8814      4201
         2      8814      4292
         2      8815      4290
         2      8815      4291
         2      8816      4248
         2      8816      4249
         2      8816      4346
         2      8817      4246
         2      8817      4247
         2      8818      4204
         2      8818      4205
         2      8819      4206
         2      8819      4207
         2      8820      4296
         2      8821      4260
         2      8821      4361
         2      8822      4223
         2      8822      4224
         2      8822      4226
         2      8823      4210
         2      8823      4211
         2      8823      4302
         2      8824      4217
         2      8825      4313
         2      8825      4316
         2      8826      4300
         2      8826      4301
         2      8827      4216
         2      8827      4217
         2      8827      4220
         2      8828      4218
         2      8828      4307
         2      8829      4306
         2      8829      4307
         2      8829      4308
         2      8830      4293
         2      8830      4294
         2      8830      4389
         2      8831      4219
         2      8831      4220
         2      8831      4311
         2      8832      4225
         2      8832      4313
         2      8833      4223
         2      8833      4315
         2      8834      4319
         2      8834      4320
         2      8835      4310
         2      8835      4311
         2      8835      4312
         2      8836      4227
         2      8836      4228
         2      8836      4231
         2      8837      4226
         2      8837      4318
         2      8838      4134
         2      8838      4232
         2      8839      4227
         2      8839      4229
         2      8839      4320
         2      8840      4318
         2      8841      4230
         2      8841      4231
         2      8841      4321
         2      8842      4232
         2      8842      4326
         2      8843      4427
         2      8844      4306
         2      8845      4239
         2      8845      4240
         2      8846      4240
         2      8847      4327
         2      8847      4328
         2      8847      4330
         2      8848      4238
         2      8848      4239
         2      8848      4333
         2      8849      4327
         2      8850      4241
         2      8850      4332
         2      8851      4242
         2      8851      4243
         2      8852      4334
         2      8852      4337
         2      8853      4322
         2      8853      4421
         2      8854      4263
         2      8854      4365
         2      8855      4295
         2      8856      4244
         2      8857      4387
         2      8857      4389
         2      8857      4392
         2      8858      4252
         2      8858      4349
         2      8859      4156
         2      8859      4251
         2      8860      4143
         2      8860      4144
         2      8860      4245
         2      8861      4256
         2      8861      4356
         2      8862      4270
         2      8862      4272
         2      8862      4274
         2      8863      4340
         2      8863      4343
         2      8864      4246
         2      8864      4341
         2      8865      4250
         2      8865      4348
         2      8866      4251
         2      8867      4273
         2      8867      4274
         2      8867      4277
         2      8868      4382
         2      8868      4384
         2      8869      4348
         2      8870      4350
         2      8870      4351
         2      8870      4353
         2      8871      4345
         2      8871      4346
         2      8871      4347
         2      8872      4255
         2      8872      4351
         2      8873      4253
         2      8873      4352
         2      8874      4262
         2      8874      4263
         2      8875      4266
         2      8876      4279
         2      8876      4371
         2      8877      4358
         2      8877      4359
         2      8877      4362
         2      8878      4289
         2      8878      4384
         2      8879      4353
         2      8879      4457
         2      8880      4349
         2      8880      4452
         2      8881      4267
         2      8881      4364
         2      8882      4342
         2      8882      4343
         2      8883      4458
         2      8883      4459
         2      8883      4460
         2      8884      4276
         2      8884      4278
         2      8884      4279
         2      8885      4282
         2      8886      4368
         2      8886      4467
         2      8887      4284
         2      8887      4376
         2      8888      4383
         2      8888      4484
         2      8889      4275
         2      8889      4474
         2      8890      4375
         2      8890      4479
         2      8891      4358
         2      8892      4344
         2      8892      4345
         2      8892      4447
         2      8893      4283
         2      8893      4373
         2      8894      4288
         2      8894      4289
         2      8895      4286
         2      8895      4287
         2      8895      4379
         2      8896      4290
         2      8896      4385
         2      8897      4379
         2      8898      4299
         2      8898      4300
         2      8898      4398
         2      8899      4304
         2      8899      4305
         2      8899      4401
         2      8900      4380
         2      8900      4381
         2      8900      4484
         2      8901      4446
         2      8901      4448
         2      8902      4293
         2      8902      4295
         2      8903      4297
         2      8903      4298
         2      8904      4314
         2      8904      4315
         2      8904      4317
         2      8905      4309
         2      8905      4310
         2      8905      4406
         2      8906      4391
         2      8906      4394
         2      8907      4297
         2      8908      4299
         2      8908      4395
         2      8909      4386
         2      8910      4404
         2      8910      4407
         2      8911      4329
         2      8911      4330
         2      8911      4431
         2      8912      4303
         2      8913      4308
         2      8913      4309
         2      8914      4399
         2      8914      4401
         2      8914      4403
         2      8915      4380
         2      8915      4481
         2      8916      4470
         2      8916      4471
         2      8916      4473
         2      8917      4304
         2      8917      4402
         2      8918      4316
         2      8918      4412
         2      8919      4415
         2      8919      4419
         2      8920      4405
         2      8920      4406
         2      8920      4409
         2      8921      4383
         2      8922      4312
         2      8923      4314
         2      8923      4414
         2      8924      4317
         2      8924      4415
         2      8925      4321
         2      8925      4322
         2      8925      4324
         2      8926      4319
         2      8926      4416
         2      8927      4413
         2      8927      4414
         2      8928      4412
         2      8929      4325
         2      8930      4238
         2      8930      4329
         2      8931      4421
         2      8931      4423
         2      8932      4323
         2      8932      4324
         2      8932      4422
         2      8933      4423
         2      8933      4516
         2      8934      4418
         2      8934      4605
         2      8935      4404
         2      8936      4370
         2      8936      4472
         2      8937      4323
         2      8937      4425
         2      8938      4331
         2      8938      4332
         2      8939      4336
         2      8940      4429
         2      8940      4431
         2      8940      4433
         2      8941      4331
         2      8941      4333
         2      8942      4335
         2      8942      4436
         2      8943      4434
         2      8943      4436
         2      8943      4438
         2      8944      4432
         2      8944      4433
         2      8944      4525
         2      8945      4516
         2      8945      4518
         2      8946      4334
         2      8946      4335
         2      8946      4437
         2      8947      4336
         2      8947      4337
         2      8948      4357
         2      8949      4365
         2      8949      4465
         2      8950      4339
         2      8950      4340
         2      8951      4341
         2      8951      4342
         2      8951      4344
         2      8952      4338
         2      8952      4339
         2      8953      4338
         2      8954      4352
         2      8954      4355
         2      8955      4354
         2      8955      4357
         2      8956      4457
         2      8957      4362
         2      8957      4461
         2      8958      4447
         2      8958      4448
         2      8958      4451
         2      8959      4347
         2      8960      4450
         2      8960      4453
         2      8961      4364
         2      8961      4368
         2      8962      4350
         2      8962      4455
         2      8963      4354
         2      8963      4355
         2      8963      4459
         2      8964      4366
         2      8964      4367
         2      8965      4360
         2      8965      4361
         2      8965      4363
         2      8966      4264
         2      8967      4360
         2      8967      4463
         2      8968      4454
         2      8968      4455
         2      8968      4456
         2      8969      4366
         2      8969      4469
         2      8970      4363
         2      8970      4462
         2      8971      4374
         2      8971      4375
         2      8972      4465
         2      8973      4369
         2      8973      4471
         2      8974      4378
         2      8975      4460
         2      8975      4544
         2      8976      4271
         2      8976      4369
         2      8977      4277
         2      8978      4372
         2      8978      4476
         2      8979      4469
         2      8980      4382
         2      8980      4485
         2      8981      4390
         2      8981      4391
         2      8981      4493
         2      8982      4464
         2      8982      4552
         2      8983      4444
         2      8983      4446
         2      8983      4535
         2      8984      4452
         2      8985      4371
         2      8985      4372
         2      8985      4374
         2      8986      4373
         2      8986      4377
         2      8987      4376
         2      8987      4378
         2      8988      4475
         2      8988      4476
         2      8988      4477
         2      8989      4498
         2      8989      4589
         2      8990      4477
         2      8990      4566
         2      8991      4385
         2      8991      4386
         2      8991      4388
         2      8992      4393
         2      8992      4397
         2      8993      4488
         2      8993      4489
         2      8993      4491
         2      8994      4483
         2      8994      4486
         2      8995      4468
         2      8995      4556
         2      8996      4396
         2      8996      4397
         2      8996      4495
         2      8997      4388
         2      8997      4489
         2      8998      4395
         2      8998      4396
         2      8999      4393
         2      9000      4387
         2      9000      4490
         2      9001      4490
         2      9002      4480
         2      9002      4482
         2      9002      4570
         2      9003      4475
         2      9003      4562
         2      9004      4492
         2      9004      4579
         2      9005      4405
         2      9005      4407
         2      9005      4504
         2      9006      4398
         2      9006      4400
         2      9007      4402
         2      9008      4408
         2      9008      4411
         2      9009      4399
         2      9009      4501
         2      9010      4493
         2      9010      4582
         2      9011      4394
         2      9012      4536
         2      9012      4539
         2      9013      4403
         2      9013      4500
         2      9014      4410
         2      9015      4428
         2      9015      4430
         2      9016      4408
         2      9016      4409
         2      9016      4506
         2      9017      4503
         2      9017      4504
         2      9018      4410
         2      9018      4411
         2      9019      4507
         2      9019      4509
         2      9020      4505
         2      9020      4506
         2      9020      4507
         2      9021      4501
         2      9021      4588
         2      9022      4413
         2      9022      4512
         2      9023      4417
         2      9023      4418
         2      9023      4515
         2      9024      4416
         2      9024      4417
         2      9024      4420
         2      9025      4420
         2      9025      4514
         2      9026      4510
         2      9026      4512
         2      9027      4553
         2      9027      4554
         2      9027      4557
         2      9028      4422
         2      9028      4426
         2      9029      4425
         2      9030      4432
         2      9030      4435
         2      9031      4424
         2      9031      4520
         2      9032      4428
         2      9032      4519
         2      9033      4519
         2      9034      4424
         2      9034      4426
         2      9034      4517
         2      9035      4429
         2      9035      4430
         2      9035      4522
         2      9036      4439
         2      9037      4437
         2      9037      4440
         2      9038      4434
         2      9038      4435
         2      9039      4526
         2      9039      4529
         2      9040      4525
         2      9040      4527
         2      9041      4438
         2      9042      4439
         2      9042      4440
         2      9043      4530
         2      9043      4531
         2      9044      4515
         2      9045      4505
         2      9045      4596
         2      9046      4486
         2      9047      4442
         2      9047      4445
         2      9048      4443
         2      9049      4441
         2      9049      4442
         2      9050      4449
         2      9050      4450
         2      9050      4537
         2      9051      4453
         2      9052      4454
         2      9052      4538
         2      9053      4547
         2      9054      4532
         2      9055      4470
         2      9056      4458
         2      9056      4542
         2      9057      4456
         2      9057      4540
         2      9058      4539
         2      9058      4633
         2      9059      4461
         2      9059      4547
         2      9060      4556
         2      9061      4462
         2      9061      4464
         2      9062      4466
         2      9062      4467
         2      9062      4468
         2      9063      4543
         2      9063      4638
         2      9064      4463
         2      9064      4548
         2      9065      4546
         2      9065      4640
         2      9066      4472
         2      9067      4466
         2      9067      4554
         2      9068      4474
         2      9069      4473
         2      9069      4559
         2      9070      4496
         2      9070      4584
         2      9071      4595
         2      9071      4596
         2      9071      4599
         2      9072      4545
         2      9072      4546
         2      9072      4642
         2      9073      4377
         2      9074      4568
         2      9074      4572
         2      9075      4558
         2      9076      4481
         2      9076      4482
         2      9076      4483
         2      9077      4478
         2      9077      4569
         2      9078      4485
         2      9079      4480
         2      9080      4478
         2      9080      4479
         2      9081      4549
         2      9081      4644
         2      9082      4487
         2      9082      4488
         2      9083      4390
         2      9083      4392
         2      9083      4492
         2      9084      4573
         2      9084      4575
         2      9085      4640
         2      9086      4564
         2      9086      4661
         2      9087      4576
         2      9087      4577
         2      9087      4580
         2      9088      4487
         2      9088      4574
         2      9089      4491
         2      9089      4577
         2      9090      4560
         2      9090      4561
         2      9090      4657
         2      9091      4550
         2      9091      4552
         2      9092      4494
         2      9092      4495
         2      9092      4497
         2      9093      4494
         2      9093      4496
         2      9093      4585
         2      9094      4589
         2      9095      4581
         2      9095      4583
         2      9095      4677
         2      9096      4582
         2      9097      4400
         2      9097      4498
         2      9098      4499
         2      9098      4500
         2      9099      4502
         2      9099      4503
         2      9100      4499
         2      9100      4590
         2      9101      4588
         2      9101      4592
         2      9102      4508
         2      9102      4511
         2      9103      4502
         2      9103      4594
         2      9104      4514
         2      9105      4521
         2      9105      4522
         2      9105      4524
         2      9106      4593
         2      9106      4594
         2      9107      4508
         2      9107      4509
         2      9107      4598
         2      9108      4591
         2      9108      4686
         2      9109      4586
         2      9109      4680
         2      9110      4568
         2      9111      4555
         2      9111      4655
         2      9112      4644
         2      9113      4510
         2      9113      4602
         2      9114      4604
         2      9114      4605
         2      9114      4698
         2      9115      4528
         2      9116      4517
         2      9116      4611
         2      9117      4518
         2      9117      4606
         2      9118      4600
         2      9119      4520
         2      9119      4609
         2      9120      4521
         2      9121      4617
         2      9122      4618
         2      9122      4621
         2      9123      4523
         2      9123      4616
         2      9124      4526
         2      9124      4527
         2      9124      4617
         2      9125      4610
         2      9125      4702
         2      9126      4610
         2      9126      4611
         2      9126      4700
         2      9127      4601
         2      9127      4697
         2      9128      4528
         2      9128      4529
         2      9128      4618
         2      9129      4530
         2      9129      4619
         2      9130      4531
         2      9131      4620
         2      9131      4621
         2      9131      4712
         2      9132      4685
         2      9133      4671
         2      9133      4674
         2      9134      4536
         2      9134      4537
         2      9134      4630
         2      9135      4533
         2      9136      4444
         2      9136      4445
         2      9136      4533
         2      9137      4441
         2      9137      4443
         2      9137      4532
         2      9138      4449
         2      9138      4451
         2      9138      4534
         2      9139      4534
         2      9140      4624
         2      9140      4628
         2      9141      4538
         2      9142      4541
         2      9142      4636
         2      9143      4629
         2      9143      4630
         2      9143      4634
         2      9144      4535
         2      9144      4627
         2      9145      4540
         2      9145      4541
         2      9145      4543
         2      9146      4542
         2      9147      4635
         2      9147      4636
         2      9147      4639
         2      9148      4544
         2      9148      4545
         2      9149      4548
         2      9149      4549
         2      9149      4551
         2      9150      4656
         2      9150      4657
         2      9150      4660
         2      9151      4645
         2      9151      4646
         2      9151      4650
         2      9152      4558
         2      9152      4560
         2      9153      4559
         2      9153      4561
         2      9153      4563
         2      9154      4563
         2      9154      4659
         2      9155      4551
         2      9155      4646
         2      9156      4643
         2      9156      4732
         2      9157      4550
         2      9157      4648
         2      9158      4553
         2      9159      4647
         2      9159      4649
         2      9159      4735
         2      9160      4645
         2      9160      4731
         2      9161      4571
         2      9161      4572
         2      9161      4669
         2      9162      4659
         2      9163      4562
         2      9163      4564
         2      9164      4565
         2      9164      4566
         2      9164      4567
         2      9165      4570
         2      9165      4571
         2      9165      4573
         2      9166      4574
         2      9167      4578
         2      9167      4579
         2      9167      4581
         2      9168      4661
         2      9169      4654
         2      9169      4656
         2      9170      4565
         2      9170      4663
         2      9171      4658
         2      9171      4740
         2      9172      4635
         2      9172      4723
         2      9173      4567
         2      9173      4665
         2      9174      4575
         2      9174      4671
         2      9175      4599
         2      9175      4690
         2      9176      4583
         2      9177      4679
         2      9177      4681
         2      9178      4673
         2      9178      4676
         2      9179      4668
         2      9179      4669
         2      9179      4670
         2      9180      4734
         2      9180      4822
         2      9181      4576
         2      9181      4673
         2      9182      4578
         2      9183      4741
         2      9183      4742
         2      9184      4584
         2      9185      4585
         2      9185      4586
         2      9185      4587
         2      9186      4590
         2      9186      4591
         2      9187      4593
         2      9187      4685
         2      9188      4680
         2      9189      4626
         2      9189      4627
         2      9189      4720
         2      9190      4654
         2      9190      4738
         2      9191      4765
         2      9192      4597
         2      9192      4598
         2      9192      4600
         2      9193      4511
         2      9194      4597
         2      9194      4692
         2      9195      4595
         2      9195      4688
         2      9196      4691
         2      9196      4692
         2      9196      4693
         2      9197      4690
         2      9198      4698
         2      9199      4612
         2      9199      4703
         2      9200      4683
         2      9200      4759
         2      9201      4603
         2      9201      4608
         2      9202      4609
         2      9203      4603
         2      9203      4604
         2      9203      4695
         2      9204      4602
         2      9205      4607
         2      9205      4608
         2      9206      4691
         2      9206      4772
         2      9207      4675
         2      9207      4755
         2      9208      4606
         2      9209      4612
         2      9209      4614
         2      9210      4523
         2      9210      4524
         2      9210      4613
         2      9211      4701
         2      9211      4702
         2      9211      4704
         2      9212      4615
         2      9212      4710
         2      9213      4613
         2      9213      4614
         2      9213      4706
         2      9214      4705
         2      9214      4706
         2      9215      4699
         2      9215      4780
         2      9216      4696
         2      9216      4697
         2      9216      4779
         2      9217      4748
         2      9217      4750
         2      9218      4615
         2      9218      4616
         2      9218      4709
         2      9219      4619
         2      9219      4620
         2      9219      4623
         2      9220      4622
         2      9221      4712
         2      9221      4714
         2      9222      4622
         2      9222      4623
         2      9223      4713
         2      9223      4715
         2      9224      4629
         2      9224      4719
         2      9225      4555
         2      9225      4557
         2      9225      4652
         2      9226      4638
         2      9227      4632
         2      9227      4633
         2      9228      4625
         2      9229      4624
         2      9229      4625
         2      9230      4637
         2      9230      4729
         2      9231      4637
         2      9231      4639
         2      9231      4726
         2      9232      4631
         2      9232      4632
         2      9233      4634
         2      9233      4722
         2      9234      4719
         2      9235      4662
         2      9235      4663
         2      9236      4650
         2      9237      4658
         2      9237      4660
         2      9237      4737
         2      9238      4641
         2      9238      4642
         2      9238      4643
         2      9239      4721
         2      9239      4722
         2      9239      4808
         2      9240      4648
         2      9240      4649
         2      9241      4653
         2      9242      4651
         2      9242      4652
         2      9242      4736
         2      9243      4747
         2      9243      4848
         2      9244      4662
         2      9244      4742
         2      9245      4580
         2      9245      4675
         2      9246      4745
         2      9246      4746
         2      9247      4647
         2      9247      4826
         2      9248      4728
         2      9248      4817
         2      9249      4721
         2      9249      4804
         2      9250      4664
         2      9250      4665
         2      9250      4666
         2      9251      4569
         2      9252      4666
         2      9252      4746
         2      9253      4664
         2      9253      4744
         2      9254      4667
         2      9254      4668
         2      9254      4749
         2      9255      4667
         2      9255      4747
         2      9256      4670
         2      9256      4750
         2      9257      4672
         2      9257      4753
         2      9258      4687
         2      9258      4688
         2      9258      4689
         2      9259      4678
         2      9259      4754
         2      9260      4677
         2      9260      4678
         2      9260      4679
         2      9261      4681
         2      9261      4757
         2      9262      4743
         2      9262      4744
         2      9263      4760
         2      9263      4763
         2      9263      4765
         2      9264      4684
         2      9264      4764
         2      9265      4754
         2      9265      4758
         2      9266      4772
         2      9266      4776
         2      9267      4682
         2      9267      4683
         2      9267      4763
         2      9268      4592
         2      9268      4684
         2      9269      4759
         2      9269      4762
         2      9270      4689
         2      9270      4771
         2      9271      4601
         2      9272      4761
         2      9272      4868
         2      9273      4686
         2      9273      4767
         2      9274      4767
         2      9275      4764
         2      9275      4766
         2      9276      4749
         2      9276      4850
         2      9277      4739
         2      9277      4837
         2      9278      4725
         2      9278      4809
         2      9279      4824
         2      9279      4826
         2      9279      4829
         2      9280      4687
         2      9280      4768
         2      9281      4693
         2      9281      4694
         2      9282      4695
         2      9282      4696
         2      9282      4699
         2      9283      4705
         2      9283      4790
         2      9284      4694
         2      9284      4775
         2      9285      4778
         2      9285      4779
         2      9285      4782
         2      9286      4777
         2      9286      4778
         2      9287      4700
         2      9288      4785
         2      9288      4787
         2      9289      4766
         2      9289      4872
         2      9290      4703
         2      9291      4607
         2      9291      4784
         2      9292      4704
         2      9293      4701
         2      9293      4785
         2      9294      4777
         2      9294      4885
         2      9295      4707
         2      9295      4709
         2      9295      4711
         2      9296      4710
         2      9297      4788
         2      9297      4790
         2      9298      4781
         2      9298      4891
         2      9299      4752
         2      9299      4753
         2      9299      4854
         2      9300      4708
         2      9300      4791
         2      9301      4707
         2      9301      4708
         2      9301      4794
         2      9302      4796
         2      9303      4792
         2      9303      4794
         2      9303      4795
         2      9304      4711
         2      9304      4796
         2      9305      4713
         2      9305      4714
         2      9305      4798
         2      9306      4715
         2      9307      4799
         2      9308      4859
         2      9308      4860
         2      9308      4863
         2      9309      4724
         2      9309      4725
         2      9309      4812
         2      9310      4720
         2      9310      4802
         2      9311      4626
         2      9311      4628
         2      9311      4717
         2      9312      4718
         2      9313      4716
         2      9313      4717
         2      9313      4803
         2      9314      4723
         2      9314      4724
         2      9314      4727
         2      9315      4641
         2      9315      4728
         2      9316      4726
         2      9316      4814
         2      9317      4631
         2      9317      4807
         2      9318      4815
         2      9318      4817
         2      9318      4819
         2      9319      4733
         2      9319      4734
         2      9319      4820
         2      9320      4806
         2      9320      4807
         2      9320      4810
         2      9321      4801
         2      9321      4802
         2      9321      4805
         2      9322      4729
         2      9322      4813
         2      9323      4740
         2      9324      4730
         2      9324      4731
         2      9324      4733
         2      9325      4651
         2      9325      4653
         2      9326      4730
         2      9326      4821
         2      9327      4732
         2      9327      4818
         2      9328      4762
         2      9328      4866
         2      9329      4820
         2      9329      4823
         2      9330      4813
         2      9330      4816
         2      9331      4655
         2      9332      4735
         2      9332      4828
         2      9333      4738
         2      9333      4833
         2      9334      4830
         2      9334      4831
         2      9334      4834
         2      9335      4737
         2      9335      4739
         2      9336      4736
         2      9336      4831
         2      9337      4827
         2      9337      4828
         2      9338      4822
         2      9338      4825
         2      9339      4789
         2      9340      4676
         2      9341      4756
         2      9341      4757
         2      9342      4835
         2      9342      4837
         2      9342      4840
         2      9343      4741
         2      9343      4839
         2      9344      4838
         2      9344      4839
         2      9344      4843
         2      9345      4743
         2      9345      4842
         2      9346      4745
         2      9346      4846
         2      9347      4844
         2      9347      4846
         2      9347      4849
         2      9348      4841
         2      9348      4842
         2      9348      4845
         2      9349      4832
         2      9349      4833
         2      9349      4836
         2      9350      4672
         2      9350      4674
         2      9350      4751
         2      9351      4748
         2      9351      4853
         2      9352      4751
         2      9352      4852
         2      9353      4752
         2      9353      4858
         2      9354      4755
         2      9354      4857
         2      9355      4758
         2      9355      4860
         2      9356      4769
         2      9356      4874
         2      9357      4856
         2      9357      4857
         2      9358      4760
         2      9358      4761
         2      9359      4756
         2      9359      4862
         2      9360      4851
         2      9360      4852
         2      9360      4855
         2      9361      4773
         2      9361      4775
         2      9362      4870
         2      9362      4872
         2      9362      4875
         2      9363      4864
         2      9363      4866
         2      9363      4869
         2      9364      4861
         2      9364      4862
         2      9364      4865
         2      9365      4768
         2      9365      4769
         2      9366      4770
         2      9366      4771
         2      9367      4770
         2      9367      4877
         2      9368      4774
         2      9368      4776
         2      9368      4880
         2      9369      4873
         2      9369      4874
         2      9369      4878
         2      9370      4876
         2      9370      4877
         2      9370      4881
         2      9371      4780
         2      9371      4781
         2      9372      4786
         2      9372      4787
         2      9372      4894
         2      9373      4879
         2      9373      4880
         2      9373      4883
         2      9374      4867
         2      9374      4868
         2      9374      4871
         2      9375      4773
         2      9375      4886
         2      9376      4783
         2      9376      4784
         2      9377      4783
         2      9377      4890
         2      9378      4782
         2      9378      4887
         2      9379      4884
         2      9379      4885
         2      9379      4888
         2      9380      4786
         2      9380      4789
         2      9381      4791
         2      9381      4793
         2      9382      4797
         2      9382      4798
         2      9382      4800
         2      9383      4895
         2      9383      4899
         2      9384      4892
         2      9384      4894
         2      9384      4896
         2      9385      4788
         2      9385      4898
         2      9386      4792
         2      9386      4904
         2      9387      4793
         2      9387      4900
         2      9388      4902
         2      9388      4903
         2      9388      4907
         2      9389      4795
         2      9389      4903
         2      9390      4797
         2      9390      4906
         2      9391      4799
         2      9391      4800
         2      9391      4910
         2      9392      4908
         2      9392      4910
         2      9393      4905
         2      9393      4906
         2      9393      4909
         2      9394      4897
         2      9394      4898
         2      9394      4901
         2      9395      4774
         2      9395      4882
         2      9396      4847
         2      9396      4848
         2      9397      4727
         2      9397      4811
         2      9398      4716
         2      9398      4718
         2      9400      4803
         2      9401      4801
         2      9402      4805
         2      9403      4804
         2      9404      4808
         2      9405      4806
         2      9406      4810
         2      9407      4809
         2      9408      4812
         2      9409      4811
         2      9410      4814
         2      9411      4816
         2      9412      4889
         2      9412      4890
         2      9412      4893
         2      9413      4815
         2      9414      4819
         2      9415      4818
         2      9416      4821
         2      9417      4823
         2      9418      4825
         2      9419      4824
         2      9420      4829
         2      9421      4827
         2      9422      4830
         2      9423      4834
         2      9424      4832
         2      9425      4836
         2      9426      4835
         2      9427      4840
         2      9428      4838
         2      9429      4843
         2      9430      4841
         2      9431      4845
         2      9432      4844
         2      9433      4849
         2      9434      4847
         2      9435      4850
         2      9436      4853
         2      9437      4851
         2      9438      4855
         2      9439      4854
         2      9440      4858
         2      9441      4856
         2      9442      4859
         2      9443      4863
         2      9444      4861
         2      9445      4865
         2      9446      4864
         2      9447      4869
         2      9448      4867
         2      9449      4871
         2      9450      4870
         2      9451      4875
         2      9452      4873
         2      9453      4878
         2      9454      4876
         2      9455      4881
         2      9456      4879
         2      9457      4883
         2      9458      4882
         2      9459      4886
         2      9460      4884
         2      9461      4888
         2      9462      4887
         2      9463      4891
         2      9464      4889
         2      9465      4893
         2      9466      4892
         2      9467      4895
         2      9467      4896
         2      9468      4899
         2      9469      4897
         2      9470      4901
         2      9471      4900
         2      9472      4904
         2      9473      4902
         2      9474      4907
         2      9475      4905
         2      9476      4909
         2      9477      4908
         2      9479       164
         2      9480       252
         2      9480       255
         2      9481       180
         2      9482       182
         2      9482       270
         2      9483       945
         2      9483      1047
         2      9484       840
         2      9484       841
         2      9484       945
         2      9485      1151
         2      9485      1156
         2      9486      1047
         2      9487       285
         2      9487       286
         2      9488       197
         2      9488       285
         2      9489      4513
         2      9490      4419
         2      9490      4513
         2      9491      2092
         2      9491      2195
         2      9492      2197
         2      9492      2199
         2      9493      4912
         2      9494      2305
         2      9495      2307
         2      9495      2408
         2      9496      2405
         2      9496      2406
         2      9496      2511
         2      9497       188
         2      9497       189
         2      9498       187
         2      9498       188
         2      9498       190
         2      9499      4286
         2      9499      4381
         2      9500      4191
         2      9501      4233
         2      9502      4326
         2      9502      4427
         2      9503      4162
         2      9504      4259
         2      9505      4587
         2      9505      4682
         2      9506      4497
         2      9507       571
         2      9507       572
         2      9508       676
         2      9508       678
CELL_TYPES       9826
 3
 3
 3
 3
 3
 3
 3
 3
 3
 3
 3
 3
 3
 3
 3
 3
 3
 3
 3
 3
 3
 3
 3
 3
 3
 3
 3
 3
 3
 3
 3
 3
 3
 3
 3
 3
 3
 3
 3
 3
 3
 3
 3
 3
 3
 3
 3
 3
 3
 3
 3
 3
 3
 3
 3
 3
 3
 3
 3
 3
 3
 3
 3
 3
 3
 3
 3
 3
 3
 3
 3
 3
 3
 3
 3
 3
 3
 3
 3
 3
 3
 3
 3
 3
 3
 3
 3
 3
 3
 3
 3
 3
 3
 3
 3
 3
 3
 3
 3
 3
 3
 3
 3
 3
 3
 3
 3
 3
 3
 3
 3
 3
 3
 3
 3
 3
 3
 3
 3
 3
 3
 3
 3
 3
 3
 3
 3
 3
 3
 3
 3
 3
 3
 3
 3
 3
 3
 3
 3
 3
 3
 3
 3
 3
 3
 3
 3
 3
 3
 3
 3
 3
 3
 3
 3
 3
 3
 3
 3
 3
 3
 3
 3
 3
 3
 3
 3
 3
 3
 3
 3
 3
 3
 3
 3
 3
 3
 3
 3
 3
 3
 3
 3
 3
 3
 3
 3
 3
 3
 3
 3
 3
 3
 3
 3
 3
 3
 3
 3
 3
 3
 3
 3
 3
 3
 3
 3
 3
 3
 3
 3
 3
 3
 3
 3
 3
 3
 3
 3
 3
 3
 3
 3
 3
 3
 3
 3
 3
 3
 3
 3
 3
 3
 3
 3
 3
 3
 3
 3
 3
 3
 3
 3
 3
 3
 3
 3
 3
 3
 3
 3
 3
 3
 3
 3
 3
 3
 3
 3
 3
 3
 3
 3
 3
 3
 3
 3
 3
 3
 3
 3
 3
 3
 3
 3
 3
 3
 3
 3
 3
 3
 3
 3
 3
 3
 3
 3
 3
 3
 3
 3
 3
 3
 3
 3
 3
 3
 3
 3
 3
 3
 3
 3
 3
 3
 3
 3
 3
 3
 3
 3
 3
 3
 3
 3
 3
 3
 3
 3
 3
 3
 3
 3
 3
 3
 3
 3
 3
 3
 3
 3
 3
 3
 3
 3
 3
 3
 3
 3
 3
 3
 3
 3
 3
 3
 3
 3
 3
 3
 3
 3
 3
 3
 3
 3
 3
 3
 3
 3
 3
 3
 3
 3
 3
 3
 3
 3
 3
 3
 3
 3
 3
 3
 3
 3
 3
 3
 3
 3
 3
 3
 3
 3
 3
 3
 3
 3
 3
 3
 3
 3
 3
 3
 3
 3
 3
 3
 3
 3
 3
 3
 3
 3
 3
 3
 3
 3
 3
 3
 3
 3
 3
 3
 3
 3
 3
 3
 3
 3
 3
 3
 3
 3
 3
 3
 3
 3
 3
 3
 3
 3
 3
 3
 3
 3
 3
 3
 3
 3
 3
 3
 3
 3
 3
 3
 3
 3
 3
 3
 3
 3
 3
 3
 3
 3
 3
 3
 3
 3
 3
 3
 3
 3
 3
 3
 3
 3
 3
 3
 3
 3
 3
 3
 3
 3
 3
 3
 3
 3
 3
 3
 3
 3
 3
 3
 3
 3
 3
 3
 3
 3
 3
 3
 3
 3
 3
 3
 3
 3
 3
 3
 3
 3
 3
 3
 3
 3
 3
 3
 3
 3
 3
 3
 3
 3
 3
 3
 3
 3
 3
 3
 3
 3
 3
 3
 3
 3
 3
 3
 3
 3
 3
 3
 3
 3
 3
 3
 3
 3
 3
 3
 3
 3
 3
 3
 3
 3
 3
 3
 3
 3
 3
 3
 3
 3
 3
 3
 3
 3
 3
 3
 3
 3
 3
 3
 3
 3
 3
 3
 3
 3
 3
 3
 3
 3
 3
 3
 3
 3
 3
 3
 3
 3
 3
 3
 3
 3
 3
 3
 3
 3
 3
 3
 3
 3
 3
 3
 3
 3
 3
 3
 3
 3
 3
 3
 3
 3
 3
 3
 3
 3
 3
 3
 3
 3
 3
 3
 3
 3
 3
 3
 3
 3
 3
 3
 3
 3
 3
 3
 3
 3
 3
 3
 3
 3
 3
 3
 3
 3
 3
 3
 3
 3
 3
 3
 3
 3
 3
 3
 3
 3
 3
 3
 3
 3
 3
 3
 3
 3
 3
 3
 3
 3
 3
 3
 3
 3
 3
 3
 3
 3
 3
 3
 3
 3
 3
 3
 3
 3
 3
 3
 3
 3
 3
 3
 3
 3
 3
 3
 3
 3
 3
 3
 3
 3
 3
 3
 3
 3
 3
 3
 3
 3
 3
 3
 3
 3
 3
 3
 3
 3
 3
 3
 3
 3
 3
 3
 3
 3
 3
 3
 3
 3
 3
 3
 3
 3
 3
 3
 3
 3
 3
 3
 3
 3
 3
 3
 3
 3
 3
 3
 3
 3
 3
 3
 3
 3
 3
 3
 3
 3
 3
 3
 3
 3
 3
 3
 3
 3
 3
 3
 3
 3
 3
 3
 3
 3
 3
 3
 3
 3
 3
 3
 3
 3
 3
 3
 3
 3
 3
 3
 3
 3
 3
 3
 3
 3
 3
 3
 3
 3
 3
 3
 3
 3
 3
 3
 3
 3
 3
 3
 3
 3
 3
 3
 3
 3
 3
 3
 3
 3
 3
 3
 3
 3
 3
 3
 3
 3
 3
 3
 3
 3
 3
 3
 3
 3
 3
 3
 3
 3
 3
 3
 3
 3
 3
 3
 3
 3
 3
 3
 3
 3
 3
 3
 3
 3
 3
 3
 3
 3
 3
 3
 3
 3
 3
 3
 3
 3
 3
 3
 3
 3
 3
 3
 3
 3
 3
 3
 3
 3
 3
 3
 3
 3
 3
 3
 3
 3
 3
 3
 3
 3
 3
 3
 3
 3
 3
 3
 3
 3
 3
 3
 3
 3
 3
 3
 3
 3
 3
 3
 3
 3
 3
 3
 3
 3
 3
 3
 3
 3
 3
 3
 3
 3
 3
 3
 3
 3
 3
 3
 3
 3
 3
 3
 3
 3
 3
 3
 3
 3
 3
 3
 3
 3
 3
 3
 3
 3
 3
 3
 3
 3
 3
 3
 3
 3
 3
 3
 3
 3
 3
 3
 3
 3
 3
 3
 3
 3
 3
 3
 3
 3
 3
 3
 3
 3
 3
 3
 3
 3
 3
 3
 3
 3
 3
 3
 3
 3
 3
 3
 3
 3
 3
 3
 3
 3
 3
 3
 3
 3
 3
 3
 3
 3
 3
 3
 3
 3
 3
 3
 3
 3
 3
 3
 3
 3
 3
 3
 3
 3
 3
 3
 3
 3
 3
 3
 3
 3
 3
 3
 3
 3
 3
 3
 3
 3
 3
 3
 3
 3
 3
 3
 3
 3
 3
 3
 3
 3
 3
 3
 3
 3
 3
 3
 3
 3
 3
 3
 3
 3
 3
 3
 3
 3
 3
 3
 3
 3
 3
 3
 3
 3
 3
 3
 3
 3
 3
 3
 3
 3
 3
 3
 3
 3
 3
 3
 3
 3
 3
 3
 3
 3
 3
 3
 3
 3
 3
 3
 3
 3
 3
 3
 3
 3
 3
 3
 3
 3
 3
 3
 3
 3
 3
 3
 3
 3
 3
 3
 3
 3
 3
 3
 3
 3
 3
 3
 3
 3
 3
 3
 3
 3
 3
 3
 3
 3
 3
 3
 3
 3
 3
 3
 3
 3
 3
 3
 3
 3
 3
 3
 3
 3
 3
 3
 3
 3
 3
 3
 3
 3
 3
 3
 3
 3
 3
 3
 3
 3
 3
 3
 3
 3
 3
 3
 3
 3
 3
 3
 3
 3
 3
 3
 3
 3
 3
 3
 3
 3
 3
 3
 3
 3
 3
 3
 3
 3
 3
 3
 3
 3
 3
 3
 3
 3
 3
 3
 3
 3
 3
 3
 3
 3
 3
 3
 3
 3
 3
 3
 3
 3
 3
 3
 3
 3
 3
 3
 3
 3
 3
 3
 3
 3
 3
 3
 3
 3
 3
 3
 3
 3
 3
 3
 3
 3
 3
 3
 3
 3
 3
 3
 3
 3
 3
 3
 3
 3
 3
 3
 3
 3
 3
 3
 3
 3
 3
 3
 3
 3
 3
 3
 3
 3
 3
 3
 3
 3
 3
 3
 3
 3
 3
 3
 3
 3
 3
 3
 3
 3
 3
 3
 3
 3
 3
 3
 3
 3
 3
 3
 3
 3
 3
 3
 3
 3
 3
 3
 3
 3
 3
 3
 3
 3
 3
 3
 3
 3
 3
 3
 3
 3
 3
 3
 3
 3
 3
 3
 3
 3
 3
 3
 3
 3
 3
 3
 3
 3
 3
 3
 3
 3
 3
 3
 3
 3
 3
 3
 3
 3
 3
 3
 3
 3
 3
 3
 3
 3
 3
 3
 3
 3
 3
 3
 3
 3
 3
 3
 3
 3
 3
 3
 3
 3
 3
 3
 3
 3
 3
 3
 3
 3
 3
 3
 3
 3
 3
 3
 3
 3
 3
 3
 3
 3
 3
 3
 3
 3
 3
 3
 3
 3
 3
 3
 3
 3
 3
 3
 3
 3
 3
 3
 3
 3
 3
 3
 3
 3
 3
 3
 3
 3
 3
 3
 3
 3
 3
 3
 3
 3
 3
 3
 3
 3
 3
 3
 3
 3
 3
 3
 3
 3
 3
 3
 3
 3
 3
 3
 3
 3
 3
 3
 3
 3
 3
 3
 3
 3
 3
 3
 3
 3
 3
 3
 3
 3
 3
 3
 3
 3
 3
 3
 3
 3
 3
 3
 3
 3
 3
 3
 3
 3
 3
 3
 3
 3
 3
 3
 3
 3
 3
 3
 3
 3
 3
 3
 3
 3
 3
 3
 3
 3
 3
 3
 3
 3
 3
 3
 3
 3
 3
 3
 3
 3
 3
 3
 3
 3
 3
 3
 3
 3
 3
 3
 3
 3
 3
 3
 3
 3
 3
 3
 3
 3
 3
 3
 3
 3
 3
 3
 3
 3
 3
 3
 3
 3
 3
 3
 3
 3
 3
 3
 3
 3
 3
 3
 3
 3
 3
 3
 3
 3
 3
 3
 3
 3
 3
 3
 3
 3
 3
 3
 3
 3
 3
 3
 3
 3
 3
 3
 3
 3
 3
 3
 3
 3
 3
 3
 3
 3
 3
 3
 3
 3
 3
 3
 3
 3
 3
 3
 3
 3
 3
 3
 3
 3
 3
 3
 3
 3
 3
 3
 3
 3
 3
 3
 3
 3
 3
 3
 3
 3
 3
 3
 3
 3
 3
 3
 3
 3
 3
 3
 3
 3
 3
 3
 3
 3
 3
 3
 3
 3
 3
 3
 3
 3
 3
 3
 3
 3
 3
 3
 3
 3
 3
 3
 3
 3
 3
 3
 3
 3
 3
 3
 3
 3
 3
 3
 3
 3
 3
 3
 3
 3
 3
 3
 3
 3
 3
 3
 3
 3
 3
 3
 3
 3
 3
 3
 3
 3
 3
 3
 3
 3
 3
 3
 3
 3
 3
 3
 3
 3
 3
 3
 3
 3
 3
 3
 3
 3
 3
 3
 3
 3
 3
 3
 3
 3
 3
 3
 3
 3
 3
 3
 3
 3
 3
 3
 3
 3
 3
 3
 3
 3
 3
 3
 3
 3
 3
 3
 3
 3
 3
 3
 3
 3
 3
 3
 3
 3
 3
 3
 3
 3
 3
 3
 3
 3
 3
 3
 3
 3
 3
 3
 3
 3
 3
 3
 3
 3
 3
 3
 3
 3
 3
 3
 3
 3
 3
 3
 3
 3
 3
 3
 3
 3
 3
 3
 3
 3
 3
 3
 3
 3
 3
 3
 3
 3
 3
 3
 3
 3
 3
 3
 3
 3
 3
 3
 3
 3
 3
 3
 3
 3
 3
 3
 3
 3
 3
 3
 3
 3
 3
 3
 3
 3
 3
 3
 3
 3
 3
 3
 3
 3
 3
 3
 3
 3
 3
 3
 3
 3
 3
 3
 3
 3
 3
 3
 3
 3
 3
 3
 3
 3
 3
 3
 3
 3
 3
 3
 3
 3
 3
 3
 3
 3
 3
 3
 3
 3
 3
 3
 3
 3
 3
 3
 3
 3
 3
 3
 3
 3
 3
 3
 3
 3
 3
 3
 3
 3
 3
 3
 3
 3
 3
 3
 3
 3
 3
 3
 3
 3
 3
 3
 3
 3
 3
 3
 3
 3
 3
 3
 3
 3
 3
 3
 3
 3
 3
 3
 3
 3
 3
 3
 3
 3
 3
 3
 3
 3
 3
 3
 3
 3
 3
 3
 3
 3
 3
 3
 3
 3
 3
 3
 3
 3
 3
 3
 3
 3
 3
 3
 3
 3
 3
 3
 3
 3
 3
 3
 3
 3
 3
 3
 3
 3
 3
 3
 3
 3
 3
 3
 3
 3
 3
 3
 3
 3
 3
 3
 3
 3
 3
 3
 3
 3
 3
 3
 3
 3
 3
 3
 3
 3
 3
 3
 3
 3
 3
 3
 3
 3
 3
 3
 3
 3
 3
 3
 3
 3
 3
 3
 3
 3
 3
 3
 3
 3
 3
 3
 3
 3
 3
 3
 3
 3
 3
 3
 3
 3
 3
 3
 3
 3
 3
 3
 3
 3
 3
 3
 3
 3
 3
 3
 3
 3
 3
 3
 3
 3
 3
 3
 3
 3
 3
 3
 3
 3
 3
 3
 3
 3
 3
 3
 3
 3
 3
 3
 3
 3
 3
 3
 3
 3
 3
 3
 3
 3
 3
 3
 3
 3
 3
 3
 3
 3
 3
 3
 3
 3
 3
 3
 3
 3
 3
 3
 3
 3
 3
 3
 3
 3
 3
 3
 3
 3
 3
 3
 3
 3
 3
 3
 3
 3
 3
 3
 3
 3
 3
 3
 3
 3
 3
 3
 3
 3
 3
 3
 3
 3
 3
 3
 3
 3
 3
 3
 3
 3
 3
 3
 3
 3
 3
 3
 3
 3
 3
 3
 3
 3
 3
 3
 3
 3
 3
 3
 3
 3
 3
 3
 3
 3
 3
 3
 3
 3
 3
 3
 3
 3
 3
 3
 3
 3
 3
 3
 3
 3
 3
 3
 3
 3
 3
 3
 3
 3
 3
 3
 3
 3
 3
 3
 3
 3
 3
 3
 3
 3
 3
 3
 3
 3
 3
 3
 3
 3
 3
 3
 3
 3
 3
 3
 3
 3
 3
 3
 3
 3
 3
 3
 3
 3
 3
 3
 3
 3
 3
 3
 3
 3
 3
 3
 3
 3
 3
 3
 3
 3
 3
 3
 3
 3
 3
 3
 3
 3
 3
 3
 3
 3
 3
 3
 3
 3
 3
 3
 3
 3
 3
 3
 3
 3
 3
 3
 3
 3
 3
 3
 3
 3
 3
 3
 3
 3
 3
 3
 3
 3
 3
 3
 3
 3
 3
 3
 3
 3
 3
 3
 3
 3
 3
 3
 3
 3
 3
 3
 3
 3
 3
 3
 3
 3
 3
 3
 3
 3
 3
 3
 3
 3
 3
 3
 3
 3
 3
 3
 3
 3
 3
 3
 3
 3
 3
 3
 3
 3
 3
 3
 3
 3
 3
 3
 3
 3
 3
 3
 3
 3
 3
 3
 3
 3
 3
 3
 3
 3
 3
 3
 3
 3
 3
 3
 3
 3
 3
 3
 3
 3
 3
 3
 3
 3
 3
 3
 3
 3
 3
 3
 3
 3
 3
 3
 3
 3
 3
 3
 3
 3
 3
 3
 3
 3
 3
 3
 3
 3
 3
 3
 3
 3
 3
 3
 3
 3
 3
 3
 3
 3
 3
 3
 3
 3
 3
 3
 3
 3
 3
 3
 3
 3
 3
 3
 3
 3
 3
 3
 3
 3
 3
 3
 3
 3
 3
 3
 3
 3
 3
 3
 3
 3
 3
 3
 3
 3
 3
 3
 3
 3
 3
 3
 3
 3
 3
 3
 3
 3
 3
 3
 3
 3
 3
 3
 3
 3
 3
 3
 3
 3
 3
 3
 3
 3
 3
 3
 3
 3
 3
 3
 3
 3
 3
 3
 3
 3
 3
 3
 3
 3
 3
 3
 3
 3
 3
 3
 3
 3
 3
 3
 3
 3
 3
 3
 3
 3
 3
 3
 3
 3
 3
 3
 3
 3
 3
 3
 3
 3
 3
 3
 3
 3
 3
 3
 3
 3
 3
 3
 3
 3
 3
 3
 3
 3
 3
 3
 3
 3
 3
 3
 3
 3
 3
 3
 3
 3
 3
 3
 3
 3
 3
 3
 3
 3
 3
 3
 3
 3
 3
 3
 3
 3
 3
 3
 3
 3
 3
 3
 3
 3
 3
 3
 3
 3
 3
 3
 3
 3
 3
 3
 3
 3
 3
 3
 3
 3
 3
 3
 3
 3
 3
 3
 3
 3
 3
 3
 3
 3
 3
 3
 3
 3
 3
 3
 3
 3
 3
 3
 3
 3
 3
 3
 3
 3
 3
 3
 3
 3
 3
 3
 3
 3
 3
 3
 3
 3
 3
 3
 3
 3
 3
 3
 3
 3
 3
 3
 3
 3
 3
 3
 3
 3
 3
 3
 3
 3
 3
 3
 3
 3
 3
 3
 3
 3
 3
 3
 3
 3
 3
 3
 3
 3
 3
 3
 3
 3
 3
 3
 3
 3
 3
 3
 3
 3
 3
 3
 3
 3
 3
 3
 3
 3
 3
 3
 3
 3
 3
 3
 3
 3
 3
 3
 3
 3
 3
 3
 3
 3
 3
 3
 3
 3
 3
 3
 3
 3
 3
 3
 3
 3
 3
 3
 3
 3
 3
 3
 3
 3
 3
 3
 3
 3
 3
 3
 3
 3
 3
 3
 3
 3
 3
 3
 3
 3
 3
 3
 3
 3
 3
 3
 3
 3
 3
 3
 3
 3
 3
 3
 3
 3
 3
 3
 3
 3
 3
 3
 3
 3
 3
 3
 3
 3
 3
 3
 3
 3
 3
 3
 3
 3
 3
 3
 3
 3
 3
 3
 3
 3
 3
 3
 3
 3
 3
 3
 3
 3
 3
 3
 3
 3
 3
 3
 3
 3
 3
 3
 3
 3
 3
 3
 3
 3
 3
 3
 3
 3
 3
 3
 3
 3
 3
 3
 3
 3
 3
 3
 3
 3
 3
 3
 3
 3
 3
 3
 3
 3
 3
 3
 3
 3
 3
 3
 3
 3
 3
 3
 3
 3
 3
 3
 3
 3
 3
 3
 3
 3
 3
 3
 3
 3
 3
 3
 3
 3
 3
 3
 3
 3
 3
 3
 3
 3
 3
 3
 3
 3
 3
 3
 3
 3
 3
 3
 3
 3
 3
 3
 3
 3
 3
 3
 3
 3
 3
 3
 3
 3
 3
 3
 3
 3
 3
 3
 3
 3
 3
 3
 3
 3
 3
 3
 3
 3
 3
 3
 3
 3
 3
 3
 3
 3
 3
 3
 3
 3
 3
 3
 3
 3
 3
 3
 3
 3
 3
 3
 3
 3
 3
 3
 3
 3
 3
 3
 3
 3
 3
 3
 3
 3
 3
 3
 3
 3
 3
 3
 3
 3
 3
 3
 3
 3
 3
 3
 3
 3
 3
 3
 3
 3
 3
 3
 3
 3
 3
 3
 3
 3
 3
 3
 3
 3
 3
 3
 3
 3
 3
 3
 3
 3
 3
 3
 3
 3
 3
 3
 3
 3
 3
 3
 3
 3
 3
 3
 3
 3
 3
 3
 3
 3
 3
 3
 3
 3
 3
 3
 3
 3
 3
 3
 3
 3
 3
 3
 3
 3
 3
 3
 3
 3
 3
 3
 3
 3
 3
 3
 3
 3
 3
 3
 3
 3
 3
 3
 3
 3
 3
 3
 3
 3
 3
 3
 3
 3
 3
 3
 3
 3
 3
 3
 3
 3
 3
 3
 3
 3
 3
 3
 3
 3
 3
 3
 3
 3
 3
 3
 3
 3
 3
 3
 3
 3
 3
 3
 3
 3
 3
 3
 3
 3
 3
 3
 3
 3
 3
 3
 3
 3
 3
 3
 3
 3
 3
 3
 3
 3
 3
 3
 3
 3
 3
 3
 3
 3
 3
 3
 3
 3
 3
 3
 3
 3
 3
 3
 3
 3
 3
 3
 3
 3
 3
 3
 3
 3
 3
 3
 3
 3
 3
 3
 3
 3
 3
 3
 3
 3
 3
 3
 3
 3
 3
 3
 3
 3
 3
 3
 3
 3
 3
 3
 3
 3
 3
 3
 3
 3
 3
 3
 3
 3
 3
 3
 3
 3
 3
 3
 3
 3
 3
 3
 3
 3
 3
 3
 3
 3
 3
 3
 3
 3
 3
 3
 3
 3
 3
 3
 3
 3
 3
 3
 3
 3
 3
 3
 3
 3
 3
 3
 3
 3
 3
 3
 3
 3
 3
 3
 3
 3
 3
 3
 3
 3
 3
 3
 3
 3
 3
 3
 3
 3
 3
 3
 3
 3
 3
 3
 3
 3
 3
 3
 3
 3
 3
 3
 3
 3
 3
 3
 3
 3
 3
 3
 3
 3
 3
 3
 3
 3
 3
 3
 3
 3
 3
 3
 3
 3
 3
 3
 3
 3
 3
 3
 3
 3
 3
 3
 3
 3
 3
 3
 3
 3
 3
 3
 3
 3
 3
 3
 3
 3
 3
 3
 3
 3
 3
 3
 3
 3
 3
 3
 3
 3
 3
 3
 3
 3
 3
 3
 3
 3
 3
 3
 3
 3
 3
 3
 3
 3
 3
 3
 3
 3
 3
 3
 3
 3
 3
 3
 3
 3
 3
 3
 3
 3
 3
 3
 3
 3
 3
 3
 3
 3
 3
 3
 3
 3
 3
 3
 3
 3
 3
 3
 3
 3
 3
 3
 3
 3
 3
 3
 3
 3
 3
 3
 3
 3
 3
 3
 3
 3
 3
 3
 3
 3
 3
 3
 3
 3
 3
 3
 3
 3
 3
 3
 3
 3
 3
 3
 3
 3
 3
 3
 3
 3
 3
 3
 3
 3
 3
 3
 3
 3
 3
 3
 3
 3
 3
 3
 3
 3
 3
 3
 3
 3
 3
 3
 3
 3
 3
 3
 3
 3
 3
 3
 3
 3
 3
 3
 3
 3
 3
 3
 3
 3
 3
 3
 3
 3
 3
 3
 3
 3
 3
 3
 3
 3
 3
 3
 3
 3
 3
 3
 3
 3
 3
 3
 3
 3
 3
 3
 3
 3
 3
 3
 3
 3
 3
 3
 3
 3
 3
 3
 3
 3
 3
 3
 3
 3
 3
 3
 3
 3
 3
 3
 3
 3
 3
 3
 3
 3
 3
 3
 3
 3
 3
 3
 3
 3
 3
 3
 3
 3
 3
 3
 3
 3
 3
 3
 3
 3
 3
 3
 3
 3
 3
 3
 3
 3
 3
 3
 3
 3
 3
 3
 3
 3
 3
 3
 3
 3
 3
 3
 3
 3
 3
 3
 3
 3
 3
 3
 3
 3
 3
 3
 3
 3
 3
 3
 3
 3
 3
 3
 3
 3
 3
 3
 3
 3
 3
 3
 3
 3
 3
 3
 3
 3
 3
 3
 3
 3
 3
 3
 3
 3
 3
 3
 3
 3
 3
 3
 3
 3
 3
 3
 3
 3
 3
 3
 3
 3
 3
 3
 3
 3
 3
 3
 3
 3
 3
 3
 3
 3
 3
 3
 3
 3
 3
 3
 3
 3
 3
 3
 3
 3
 3
 3
 3
 3
 3
 3
 3
 3
 3
 3
 3
 3
 3
 3
 3
 3
 3
 3
 3
 3
 3
 3
 3
 3
 3
 3
 3
 3
 3
 3
 3
 3
 3
 3
 3
 3
 3
 3
 3
 3
 3
 3
 3
 3
 3
 3
 3
 3
 3
 3
 3
 3
 3
 3
 3
 3
 3
 3
 3
 3
 3
 3
 3
 3
 3
 3
 3
 3
 3
 3
 3
 3
 3
 3
 3
 3
 3
 3
 3
 3
 3
 3
 3
 3
 3
 3
 3
 3
 3
 3
 3
 3
 3
 3
 3
 3
 3
 3
 3
 3
 3
 3
 3
 3
 3
 3
 3
 3
 3
 3
 3
 3
 3
 3
 3
 3
 3
 3
 3
 3
 3
 3
 3
 3
 3
 3
 3
 3
 3
 3
 3
 3
 3
 3
 3
 3
 3
 3
 3
 3
 3
 3
 3
 3
 3
 3
 3
 3
 3
 3
 3
 3
 3
 3
 3
 3
 3
 3
 3
 3
 3
 3
 3
 3
 3
 3
 3
 3
 3
 3
 3
 3
 3
 3
 3
 3
 3
 3
 3
 3
 3
 3
 3
 3
 3
 3
 3
 3
 3
 3
 3
 3
 3
 3
 3
 3
 3
 3
 3
 3
 3
 3
 3
 3
 3
 3
 3
 3
 3
 3
 3
 3
 3
 3
 3
 3
 3
 3
 3
 3
 3
 3
 3
 3
 3
 3
 3
 3
 3
 3
 3
 3
 3
 3
 3
 3
 3
 3
 3
 3
 3
 3
 3
 3
 3
 3
 3
 3
 3
 3
 3
 3
 3
 3
 3
 3
 3
 3
 3
 3
 3
 3
 3
 3
 3
 3
 3
 3
 3
 3
 3
 3
 3
 3
 3
 3
 3
 3
 3
 3
 3
 3
 3
 3
 3
 3
 3
 3
 3
 3
 3
 3
 3
 3
 3
 3
 3
 3
 3
 3
 3
 3
 3
 3
 3
 3
 3
 3
 3
 3
 3
 3
 3
 3
 3
 3
 3
 3
 3
 3
 3
 3
 3
 3
 3
 3
 3
 3
 3
 3
 3
 3
 3
 3
 3
 3
 3
 3
 3
 3
 3
 3
 3
 3
 3
 3
 3
 3
 3
 3
 3
 3
 3
 3
 3
 3
 3
 3
 3
 3
 3
 3
 3
 3
 3
 3
 3
 3
 3
 3
 3
 3
 3
 3
 3
 3
 3
 3
 3
 3
 3
 3
 3
 3
 3
 3
 3
 3
 3
 3
 3
 3
 3
 3
 3
 3
 3
 3
 3
 3
 3
 3
 3
 3
 3
 3
 3
 3
 3
 3
 3
 3
 3
 3
 3
 3
 3
 3
 3
 3
 3
 3
 3
 3
 3
 3
 3
 3
 3
 3
 3
 3
 3
 3
 3
 3
 3
 3
 3
 3
 3
 3
 3
 3
 3
 3
 3
 3
 3
 3
 3
 3
 3
 3
 3
 3
 3
 3
 3
 3
 3
 3
 3
 3
 3
 3
 3
 3
 3
 3
 3
 3
 3
 3
 3
 3
 3
 3
 3
 3
 3
 3
 3
 3
 3
 3
 3
 3
 3
 3
 3
 3
 3
 3
 3
 3
 3
 3
 3
 3
 3
 3
 3
 3
 3
 3
 3
 3
 3
 3
 3
 3
 3
 3
 3
 3
 3
 3
 3
 3
 3
 3
 3
 3
 3
 3
 3
 3
 3
 3
 3
 3
 3
 3
 3
 3
 3
 3
 3
 3
 3
 3
 3
 3
 3
 3
 3
 3
 3
 3
 3
 3
 3
 3
 3
 3
 3
 3
 3
 3
 3
 3
 3
 3
 3
 3
 3
 3
 3
 3
 3
 3
 3
 3
 3
 3
 3
 3
 3
 3
 3
 3
 3
 3
 3
 3
 3
 3
 3
 3
 3
 3
 3
 3
 3
 3
 3
 3
 3
 3
 3
 3
 3
 3
 3
 3
 3
 3
 3
 3
 3
 3
 3
 3
 3
 3
 3
 3
 3
 3
 3
 3
 3
 3
 3
 3
 3
 3
 3
 3
 3
 3
 3
 3
 3
 3
 3
 3
 3
 3
 3
 3
 3
 3
 3
 3
 3
 3
 3
 3
 3
 3
 3
 3
 3
 3
 3
 3
 3
 3
 3
 3
 3
 3
 3
 3
 3
 3
 3
 3
 3
 3
 3
 3
 3
 3
 3
 3
 3
 3
 3
 3
 3
 3
 3
 3
 3
 3
 3
 3
 3
 3
 3
 3
 3
 3
 3
 3
 3
 3
 3
 3
 3
 3
 3
 3
 3
 3
 3
 3
 3
 3
 3
 3
 3
 3
 3
 3
 3
 3
 3
 3
 3
 3
 3
 3
 3
 3
 3
 3
 3
 3
 3
 3
 3
 3
 3
 3
 3
 3
 3
 3
 3
 3
 3
 3
 3
 3
 3
 3
 3
 3
 3
 3
 3
 3
 3
 3
 3
 3
 3
 3
 3
 3
 3
 3
 3
 3
 3
 3
 3
 3
 3
 3
 3
 3
 3
 3
 3
 3
 3
 3
 3
 3
 3
 3
 3
 3
 3
 3
 3
 3
 3
 3
 3
 3
 3
 3
 3
 3
 3
 3
 3
 3
 3
 3
 3
 3
 3
 3
 3
 3
 3
 3
 3
 3
 3
 3
 3
 3
 3
 3
 3
 3
 3
 3
 3
 3
 3
 3
 3
 3
 3
 3
 3
 3
 3
 3
 3
 3
 3
 3
 3
 3
 3
 3
 3
 3
 3
 3
 3
 3
 3
 3
 3
 3
 3
 3
 3
 3
 3
 3
 3
 3
 3
 3
 3
 3
 3
 3
 3
 3
 3
 3
 3
 3
 3
 3
 3
 3
 3
 3
 3
 3
 3
 3
 3
 3
 3
 3
 3
 3
 3
 3
 3
 3
 3
 3
 3
 3
 3
 3
 3
 3
 3
 3
 3
 3
 3
 3
 3
 3
 3
 3
 3
 3
 3
 3
 3
 3
 3
 3
 3
 3
 3
 3
 3
 3
 3
 3
 3
 3
 3
 3
 3
 3
 3
 3
 3
 3
 3
 3
 3
 3
 3
 3
 3
 3
 3
 3
 3
 3
 3
 3
 3
 3
 3
 3
 3
 3
 3
 3
 3
 3
 3
 3
 3
 3
 3
 3
 3
 3
 3
 3
 3
 3
 3
 3
 3
 3
 3
 3
 3
 3
 3
 3
 3
 3
 3
 3
 3
 3
 3
 3
 3
 3
 3
 3
 3
 3
 3
 3
 3
 3
 3
 3
 3
 3
 3
 3
 3
 3
 3
 3
 3
 3
 3
 3
 3
 3
 3
 3
 3
 3
 3
 3
 3
 3
 3
 3
 3
 3
 3
 3
 3
 3
 3
 3
 3
 3
 3
 3
 3
 3
 3
 3
 3
 3
 3
 3
 3
 3
 3
 3
 3
 3
 3
 3
 3
 3
 3
 3
 3
 3
 3
 3
 3
 3
 3
 3
 3
 3
 3
 3
 3
 3
 3
 3
 3
 3
 3
 3
 3
 3
 3
 3
 3
 3
 3
 3
 3
 3
 3
 3
 3
 3
 3
 3
 3
 3
 3
 3
 3
 3
 3
 3
 3
 3
 3
 3
 3
 3
 3
 3
 3
 3
 3
 3
 3
 3
 3
 3
 3
 3
 3
 3
 3
 3
 3
 3
 3
 3
 3
 3
 3
 3
 3
 3
 3
 3
 3
 3
 3
 3
 3
 3
 3
 3
 3
 3
 3
 3
 3
 3
 3
 3
 3
 3
 3
 3
 3
 3
 3
 3
 3
 3
 3
 3
 3
 3
 3
 3
 3
 3
 3
 3
 3
 3
 3
 3
 3
 3
 3
 3
 3
 3
 3
 3
 3
 3
 3
 3
 3
 3
 3
 3
 3
 3
 3
 3
 3
 3
 3
 3
 3
 3
 3
 3
 3
 3
 3
 3
 3
 3
 3
 3
 3
 3
 3
 3
 3
 3
 3
 3
 3
 3
 3
 3
 3
 3
 3
 3
 3
 3
 3
 3
 3
 3
 3
 3
 3
 3
 3
 3
 3
 3
 3
 3
 3
 3
 3
 3
 3
 3
 3
 3
 3
 3
 3
 3
 3
 3
 3
 3
 3
 3
 3
 3
 3
 3
 3
 3
 3
 3
 3
 3
 3
 3
 3
 3
 3
 3
 3
 3
 3
 3
 3
 3
 3
 3
 3
 3
 3
 3
 3
 3
 3
 3
 3
 3
 3
 3
 3
 3
 3
 3
 3
 3
 3
 3
 3
 3
 3
 3
 3
 3
 3
 3
 3
 3
 3
 3
 3
 3
 3
 3
 3
 3
 3
 3
 3
 3
 3
 3
 3
 3
 3
 3
 3
 3
 3
 3
 3
 3
 3
 3
 3
 3
 3
 3
 3
 3
 3
 3
 3
 3
 3
 3
 3
 3
 3
 3
 3
 3
 3
 3
 3
 3
 3
 3
 3
 3
 3
 3
 3
 3
 3
 3
 3
 3
 3
 3
 3
 3
 3
 3
 3
 3
 3
 3
 3
 3
 3
 3
 3
 3
 3
 3
 3
 3
 3
 3
 3
 3
 3
 3
 3
 3
 3
 3
 3
 3
 3
 3
 3
 3
 3
 3
 3
 3
 3
 3
 3
 3
 3
 3
 3
 3
 3
 3
 3
 3
 3
 3
 3
 3
 3
 3
 3
 3
 3
 3
 3
 3
 3
 3
 3
 3
 3
 3
 3
 3
 3
 3
 3
 3
 3
 3
 3
 3
 3
 3
 3
 3
 3
 3
 3
 3
 3
 3
 3
 3
 3
 3
 3
 3
 3
 3
 3
 3
 3
 3
 3
 3
 3
 3
 3
 3
 3
 3
 3
 3
 3
 3
 3
 3
 3
 3
 3
 3
 3
 3
 3
 3
 3
 3
 3
 3
 3
 3
 3
 3
 3
 3
 3
 3
 3
 3
 3
 3
 3
 3
 3
 3
 3
 3
 3
 3
 3
 3
 3
 3
 3
 3
 3
 3
 3
 3
 3
 3
 3
 3
 3
 3
 3
 3
 3
 3
 3
 3
 3
 3
 3
 3
 3
 3
 3
 3
 3
 3
 3
 3
 3
 3
 3
 3
 3
 3
 3
 3
 3
 3
 3
 3
 3
 3
 3
 3
 3
 3
 3
 3
 3
 3
 3
 3
 3
 3
 3
 3
 3
 3
 3
 3
 3
 3
 3
 3
 3
 3
 3
 3
 3
 3
 3
 3
 3
 3
 3
 3
 3
 3
 3
 3
 3
 3
 3
 3
 3
 3
 3
 3
 3
 3
 3
 3
 3
 3
 3
 3
 3
 3
 3
 3
 3
 3
 3
 3
 3
 3
 3
 3
 3
 3
 3
 3
 3
 3
 3
 3
 3
 3
 3
 3
 3
 3
 3
 3
 3
 3
 3
 3
 3
 3
 3
 3
 3
 3
 3
 3
 3
 3
 3
 3
 3
 3
 3
 3
 3
 3
 3
 3
 3
 3
 3
 3
 3
 3
 3
 3
 3
 3
 3
 3
 3
 3
 3
 3
 3
 3
 3
 3
 3
 3
 3
 3
 3
 3
 3
 3
 3
 3
 3
 3
 3
 3
 3
 3
 3
 3
 3
 3
 3
 3
 3
 3
 3
 3
 3
 3
 3
 3
 3
 3
 3
 3
 3
 3
 3
 3
 3
 3
 3
 3
 3
 3
 3
 3
 3
 3
 3
 3
 3
 3
 3
 3
 3
 3
 3
 3
 3
 3
 3
 3
 3
 3
 3
 3
 3
 3
 3
 3
 3
 3
 3
 3
 3
 3
 3
 3
 3
 3
 3
 3
 3
 3
 3
 3
 3
 3
 3
 3
 3
 3
 3
 3
 3
 3
 3
 3
 3
 3
 3
 3
 3
 3
 3
 3
 3
 3
 3
 3
 3
 3
 3
 3
 3
 3
 3
 3
 3
 3
 3
 3
 3
 3
 3
 3
 3
 3
 3
 3
 3
 3
 3
 3
 3
 3
 3
 3
 3
 3
 3
 3
 3
 3
 3
 3
 3
 3
 3
 3
 3
 3
 3
 3
 3
 3
 3
 3
 3
 3
 3
 3
 3
 3
 3
 3
 3
 3
 3
 3
 3
 3
 3
 3
 3
 3
 3
 3
 3
 3
 3
 3
 3
 3
 3
 3
 3
 3
 3
 3
 3
 3
 3
 3
 3
 3
 3
 3
 3
 3
 3
 3
 3
 3
 3
 3
 3
 3
 3
 3
 3
 3
 3
 3
 3
 3
 3
 3
 3
 3
 3
 3
 3
 3
 3
 3
 3
 3
 3
 3
 3
 3
 3
 3
 3
 3
 3
 3
 3
 3
 3
 3
 3
 3
 3
 3
 3
 3
 3
 3
 3
 3
 3
 3
 3
 3
 3
 3
 3
 3
 3
 3
 3
 3
 3
 3
 3
 3
 3
 3
 3
 3
 3
 3
 3
 3
 3
 3
 3
 3
 3
 3
 3
 3
 3
 3
 3
 3
 3
 3
 3
 3
 3
 3
 3
 3
 3
 3
 3
 3
 3
 3
 3
 3
 3
 3
 3
 3
 3
 3
 3
 3
 3
 3
 3
 3
 3
 3
 3
 3
 3
 3
 3
 3
 3
 3
 3
 3
 3
 3
 3
 3
 3
 3
 3
 3
 3
 3
 3
 3
 3
 3
 3
 3
 3
 3
 3
 3
 3
 3
 3
 3
 3
 3
 3
 3
 3
 3
 3
 3
 3
 3
 3
 3
 3
 3
 3
 3
 3
 3
 3
 3
 3
 3
 3
 3
 3
 3
 3
 3
 3
 3
 3
 3
 3
 3
 3
 3
 3
 3
 3
 3
 3
 3
 3
 3
 3
 3
 3
 3
 3
 3
 3
 3
 3
 3
 3
 3
 3
 3
 3
 3
 3
 3
 3
 3
 3
 3
 3
 3
 3
 3
 3
 3
 3
 3
 3
 3
 3
 3
 3
 3
 3
 3
 3
 3
 3
 3
 3
 3
 3
 3
 3
 3
 3
 3
 3
 3
 3
 3
 3
 3
 3
 3
 3
 3
 3
 3
 3
 3
 3
 3
 3
 3
 3
 3
 3
 3
 3
 3
 3
 3
 3
 3
 3
 3
 3
 3
 3
 3
 3
 3
 3
 3
 3
 3
 3
 3
 3
 3
 3
 3
 3
 3
 3
 3
 3
 3
 3
 3
 3
 3
 3
 3
 3
 3
 3
 3
 3
 3
 3
 3
 3
 3
 3
 3
 3
 3
 3
 3
 3
 3
 3
 3
 3
 3
 3
 3
 3
 3
 3
 3
 3
 3
 3
 3
 3
 3
 3
 3
 3
 3
 3
 3
 3
 3
 3
 3
 3
 3
 3
 3
 3
 3
 3
 3
 3
 3
 3
 3
 3
 3
 3
 3
 3
 3
 3
 3
 3
 3
 3
 3
 3
 3
 3
 3
 3
 3
 3
 3
 3
 3
 3
 3
 3
 3
 3
 3
 3
 3
 3
 3
 3
 3
 3
 3
 3
 3
 3
 3
 3
 3
 3
 3
 3
 3
 3
 3
 3
 3
 3
 3
 3
 3
 3
 3
 3
 3
 3
 3
 3
 3
 3
 3
 3
 3
 3
 3
 3
 3
 3
 3
 3
 3
 3
 3
 3
 3
 3
 3
 3
 3
 3
 3
 3
 3
 3
 3
 3
 3
 3
 3
 3
 3
 3
 3
 3
 3
 3
 3
 3
 3
 3
 3
 3
 3
 3
 3
 3
 3
 3
 3
 3
 3
 3
 3
 3
 3
 3
 3
 3
 3
 3
 3
 3
 3
 3
 3
 3
 3
 3
 3
 3
 3
 3
 3
 3
 3
 3
 3
 3
 3
 3
 3
 3
 3
 3
 3
 3
 3
 3
 3
 3
 3
 3
 3
 3
 3
 3
 3
 3
 3
 3
 3
 3
 3
 3
 3
 3
 3
 3
 3
 3
 3
 3
 3
 3
 3
 3
 3
 3
 3
 3
 3
 3
 3
 3
 3
 3
 3
 3
 3
 3
 3
 3
 3
 3
 3
 3
 3
 3
 3
 3
 3
 3
 3
 3
 3
 3
 3
 3
 3
 3
 3
 3
 3
 3
 3
 3
 3
 3
 3
 3
 3
 3
 3
 3
 3
 3
 3
 3
 3
 3
 3
 3
 3
 3
 3
 3
 3
 3
 3
 3
 3
 3
 3
 3
 3
 3
 3
 3
 3
 3
 3
 3
 3
 3
 3
 3
 3
 3
 3
 3
 3
 3
 3
 3
 3
 3
 3
 3
 3
 3
 3
 3
 3
 3
 3
 3
 3
 3
 3
 3
 3
 3
 3
 3
 3
 3
 3
 3
 3
 3
 3
 3
 3
 3
 3
 3
 3
 3
 3
 3
 3
 3
 3
 3
 3
 3
 3
 3
 3
 3
 3
 3
 3
 3
 3
 3
 3
 3
 3
 3
 3
 3
 3
 3
 3
 3
 3
 3
 3
 3
 3
 3
 3
 3
 3
 3
 3
 3
 3
 3
 3
 3
 3
 3
 3
 3
 3
 3
 3
 3
 3
 3
 3
 3
 3
 3
 3
 3
 3
 3
 3
 3
 3
 3
 3
 3
 3
 3
 3
 3
 3
 3
 3
 3
 3
 3
 3
 3
 3
 3
 3
 3
 3
 3
 3
 3
 3
 3
 3
 3
 3
 3
 3
 3
 3
 3
 3
 3
 3
 3
 3
 3
 3
 3
 3
 3
 3
 3
 3
 3
 3
 3
 3
 3
 3
 3
 3
 3
 3
 3
 3
 3
 3
 3
 3
 3
 3
 3
 3
 3
 3
 3
 3
 3
 3
 3
 3
 3
 3
 3
 3
 3
 3
 3
 3
 3
 3
 3
 3
 3
 3
 3
 3
 3
 3
 3
 3
 3
 3
 3
 3
 3
 3
 3
 3
 3
 3
 3
 3
 3
 3
 3
 3
 3
 3
 3
 3
 3
 3
 3
 3
 3
 3
 3
 3
 3
 3
 3
 3
 3
 3
 3
 3
 3
 3
 3
 3
 3
 3
 3
 3
 3
 3
 3
 3
 3
 3
 3
 3
 3
 3
 3
 3
 3
 3
 3
 3
 3
 3
 3
 3
 3
 3
 3
 3
 3
 3
 3
 3
 3
 3
 3
 3
 3
 3
 3
 3
 3
 3
 3
 3
 3
 3
 3
 3
 3
 3
 3
 3
 3
 3
 3
 3
 3
 3
 3
 3
 3
 3
 3
 3
 3
 3
 3
 3
 3
 3
 3
 3
 3
 3
 3
 3
 3
 3
 3
 3
 3
 3
 3
 3
 3
 3
 3
 3
 3
 3
 3
 3
 3
 3
 3
 3
 3
 3
 3
 3
 3
 3
 3
 3
 3
 3
 3
 3
 3
 3
 3
 3
 3
 3
 3
 3
 3
 3
 3
 3
 3
 3
 3
 3
 3
 3
 3
 3
 3
 3
 3
 3
 3
 3
 3
 3
 3
 3
 3
 3
 3
 3
 3
 3
 3
 3
 3
 3
 3
 3
 3
 3
 3
 3
 3
 3
 3
 3
 3
 3
 3
 3
 3
 3
 3
 3
 3
 3
 3
 3
 3
 3
 3
 3
 3
 3
 3
 3
 3
 3
 3
 3
 3
 3
 3
 3
 3
 3
 3
 3
 3
 3
 3
 3
 3
 3
 3
 3
 3
 3
 3
 3
 3
 3
 3
 3
 3
 3
 3
 3
 3
 3
 3
 3
 3
 3
 3
 3
 3
 3
 3
 3
 3
 3
 3
 3
 3
 3
 3
 3
 3
 3
 3
 3
 3
 3
 3
 3
 3
 3
 3
 3
 3
 3
 3
 3
 3
 3
 3
 3
 3
 3
 3
 3
 3
 3
 3
 3
 3
 3
 3
 3
 3
 3
 3
 3
 3
 3
 3
 3
 3
 3
 3
 3
 3
 3
 3
 3
 3
 3
 3
 3
 3
 3
 3
 3
 3
 3
 3
 3
 3
 3
 3
 3
 3
 3
 3
 3
 3
 3
 3
 3
 3
 3
 3
 3
 3
 3
 3
 3
 3
 3
 3
 3
 3
 3
 3
 3
 3
 3
 3
 3
 3
 3
 3
 3
 3
 3
 3
 3
 3
 3
 3
 3
 3
 3
 3
 3
 3
 3
 3
 3
 3
 3
 3
 3
 3
 3
 3
 3
 3
 3
 3
 3
 3
 3
 3
 3
 3
 3
 3
 3
 3
 3
 3
 3
 3
 3
 3
 3
 3
 3
 3
 3
 3
 3
 3
 3
 3
 3
 3
 3
 3
 3
 3
 3
 3
 3
 3
 3
 3
 3
 3
 3
 3
 3
 3
 3
 3
 3
 3
 3
 3
 3
 3
 3
 3
 3
 3
 3
 3
 3
 3
 3
 3
 3
 3
 3
 3
 3
 3
 3
 3
 3
 3
 3
 3
 3
 3
 3
 3
 3
 3
 3
 3
 3
 3
 3
 3
 3
 3
 3
 3
 3
 3
 3
 3
 3
 3
 3
 3
 3
 3
 3
 3
 3
 3
 3
 3
 3
 3
 3
 3
 3
 3
 3
 3
 3
 3
 3
 3
 3
 3
 3
 3
 3
 3
 3
 3
 3
 3
 3
 3
 3
 3
 3
 3
 3
 3
 3
 3
 3
 3
 3
 3
 3
 3
 3
 3
 3
 3
 3
 3
 3
 3
 3
 3
 3
 3
 3
 3
 3
 3
 3
 3
 3
 3
 3
 3
 3
 3
 3
 3
 3
 3
 3
 3
 3
 3
 3
 3
 3
 3
 3
 3
 3
 3
 3
 3
 3
 3
 3
 3
 3
 3
 3
 3
 3
 3
 3
 3
 3
 3
 3
 3
 3
 3
 3
 3
 3
 3
 3
 3
 3
 3
 3
 3
 3
 3
 3
 3
 3
 3
 3
 3
 3
 3
 3
 3
 3
 3
 3
 3
 3
 3
 3
 3
 3
 3
 3
 3
 3
 3
 3
 3
 3
 3
 3
 3
 3
 3
 3
 3
 3
 3
 3
 3
 3
 3
 3
 3
 3
 3
 3
 3
 3
 3
 3
 3
 3
 3
 3
 3
 3
 3
 3
 3
 3
 3
 3
 3
 3
 3
 3
 3
 3
 3
 3
 3
 3
 3
 3
 3
 3
 3
 3
 3
 3
 3
 3
 3
 3
 3
 3
 3
 3
 3
 3
 3
 3
 3
 3
 3
 3
 3
 3
 3
 3
 3
 3
 3
 3
 3
 3
 3
 3
 3
 3
 3
 3
 3
 3
 3
 3
 3
 3
 3
 3
 3
 3
 3
 3
 3
 3
 3
 3
 3
 3
 3
 3
 3
 3
 3
 3
 3
 3
 3
 3
 3
 3
 3
 3
 3
 3
 3
 3
 3
 3
 3
 3
 3
 3
 3
 3
 3
 3
 3
 3
 3
 3
 3
 3
 3
 3
 3
 3
 3
 3
 3
 3
 3
 3
 3
 3
 3
 3
 3
 3
 3
 3
 3
 3
 3
 3
 3
 3
 3
 3
 3
 3
 3
 3
 3
 3
 3
 3
 3
 3
 3
 3
 3
 3
 3
 3
 3
 3
 3
 3
 3
 3
 3
 3
 3
 3
 3
 3
 3
 3
 3
 3
 3
 3
 3
 3
 3
 3
 3
 3
 3
 3
 3
 3
 3
 3
 3
 3
 3
 3
 3
 3
 3
 3
 3
 3
 3
 3
 3
 3
 3
 3
 3
 3
 3
 3
 3
 3
 3
 3
 3
 3
 3
 3
 3
 3
 3
 3
 3
 3
 3
 3
 3
 3
 3
 3
 3
 3
 3
 3
 3
 3
 3
 3
 3
 3
 3
 3
 3
 3
 3
 3
 3
 3
 3
 3
 3
 3
 3
 3
 3
 3
 3
 3
 3
 3
 3
 3
 3
 3
 3
 3
 3
 3
 3
 3
 3
 3
 3
 3
 3
 3
 3
 3
 3
 3
 3
 3
 3
 3
 3
 3
 3
 3
 3
 3
 3
 3
 3
 3
 3
 3
 3
 3
 3
 3
 3
 3
 3
 3
 3
 3
 3
 3
 3
 3
 3
 3
 3
 3
 3
 3
 3
 3
 3
 3
 3
 3
 3
 3
 3
 3
 3
 3
 3
 3
 3
 3
 3
 3
 3
 3
 3
 3
 3
 3
 3
 3
 3
 3
 3
 3
 3
 3
 3
 3
 3
 3
 3
 3
 3
 3
 3
 3
 3
 3
 3
 3
 3
 3
 3
 3
 3
 3
 3
 3
 3
 3
 3
 3
 3
 3
 3
 3
 3
 3
 3
 3
 3
 3
 3
 3
 3
 3
 3
 3
 3
 3
 3
 3
 3
 3
 3
 3
 3
 3
 3
 3
 3
 3
 3
 3
 3
 3
 3
 3
 3
 3
 3
 3
 3
 3
 3
 3
 3
 3
 3
 3
 3
 3
 3
 3
 3
 3
 3
 3
 3
 3
 3
 3
 3
 3
 3
 3
 3
 3
 3
 3
 3
 3
 3
 3
 3
 3
 3
 3
 3
 3
 3
 3
 3
 3
 3
 3
 3
 3
 3
 3
 3
 3
 3
 3
 3
 3
 3
 3
 3
 3
 3
 3
 3
 3
 3
 3
 3
 3
 3
 3
 3
 3
 3
 3
 3
 3
 3
 3
 3
 3
 3
 3
 3
 3
 3
 3
 3
 3
 3
 3
 3
 3
 3
 3
 3
 3
 3
 3
 3
 3
 3
 3
 3
 3
 3
 3
 3
 3
 3
 3
 3
 3
 3
 3
 3
 3
 3
 3
 3
 3
 3
 3
 3
 3
 3
 3
 3
 3
 3
 3
 3
 3
 3
 3
 3
 3
 3
 3
 3
 3
 3
 3
 3
 3
 3
 3
 3
 3
 3
 3
 3
 3
 3
 3
 3
 3
 3
 3
 3
 3
 3
 3
 3
 3
 3
 3
 3
 3
 3
 3
 3
 3
 3
 3
 3
 3
 3
 3
 3
 3
 3
 3
 3
 3
 3
 3
 3
 3
 3
 3
 3
 3
 3
 3
 3
 3
 3
 3
 3
 3
 3
 3
 3
 3
 3
 3
 3
 3
 3
 3
 3
 3
 3
 3
 3
 3
 3
 3
 3
 3
 3
 3
 3
 3
 3
 3
 3
 3
 3
 3
 3
 3
 3
 3
 3
 3
 3
 3
 3
 3
 3
 3
 3
 3
 3
 3
 3
 3
 3
 3
 3
 3
 3
 3
 3
 3
 3
 3
 3
 3
 3
 3
 3
 3
 3
 3
 3
 3
 3
 3
 3
 3
 3
 3
 3
 3
 3
 3
 3
 3
 3
 3
 3
 3
 3
 3
 3
 3
 3
 3
 3
 3
 3
 3
 3
 3
 3
 3
 3
 3
 3
 3
 3
 3
 3
 3
 3
 3
 3
 3
 3
 3
 3
 3
 3
 3
 3
 3
 3
 3
 3
 3
 3
 3
 3
 3
 3
 3
 3
 3
 3
 3
 3
 3
 3
 3
 3
 3
 3
 3
 3
 3
 3
 3
 3
 3
 3
 3
 3
 3
 3
 3
 3
 3
 3
 3
 3
 3
 3
 3
 3
 3
 3
 3
 3
 3
 3
 3
 3
 3
 3
 3
 3
 3
 3
 3
 3
 3
 3
 3
 3
 3
 3
 3
 3
 3
 3
 3
 3
 3
 3
 3
 3
 3
 3
 3
 3
 3
 3
 3
 3
 3
 3
 3
 3
 3
 3
 3
 3
 3
 3
 3
 3
 3
 3
 3
 3
 3
 3
 3
 3
 3
 3
 3
 3
 3
 3
 3
 3
 3
 3
 3
 3
 3
 3
 3
 3
 3
 3
 3
 3
 3
 3
 3
 3
 3
 3
 3
 3
 3
 3
 3
 3
 3
 3
 3
 3
 3
 3
 3
 3
 3
 3
 3
 3
 3
 3
 3
 3
 3
 3
 3
 3
 3
 3
 3
 3
 3
 3
 3
 3
 3
 3
 3
 3
 3
 3
 3
 3
 3
 3
 3
 3
 3
 3
 3
 3
 3
 3
 3
 3
 3
 3
 3
 3
 3
 3
 3
 3
 3
 3
 3
 3
 3
 3
 3
 3
 3
 3
 3
 3
 3
 3
 3
 3
 3
 3
 3
 3
 3
 3
 3
 3
 3
 3
 3
 3
 3
 3
 3
 3
 3
 3
 3
 3
 3
 3
 3
 3
 3
 3
 3
 3
 3
 3
 3
 3
 3
 3
 3
 3
 3
 3
 3
 3
 3
 3
 3
 3
 3
 3
 3
 3
 3
 3
 3
 3
 3
 3
 3
 3
 3
 3
 3
 3
 3
 3
 3
 3
 3
 3
 3
 3
 3
 3
 3
 3
 3
 3
 3
 3
 3
 3
 3
 3
 3
 3
 3
 3
 3
 3
 3
 3
 3
 3
 3
 3
 3
 3
 3
 3
 3
 3
 3
 3
 3
 3
 3
 3
 3
 3
 3
 3
 3
 3
 3
 3
 3
 3
 3
 3
 3
 3
 3
 3
 3
 3
 3
 3
 3
 3
 3
 3
 3
 3
 3
 3
 3
 3
 3
 3
 3
 3
 3
 3
 3
 3
 3
 3
 3
 3
 3
 3
 3
 3
 3
 3
 3
 3
 3
 3
 3
 3
 3
 3
 3
 3
 3
 3
 3
 3
 3
 3
 3
 3
 3
 3
 3
 3
 3
 3
 3
 3
 3
 3
 3
 3
 3
 3
 3
 3
 3
 3
 3
 3
 3
 3
 3
 3
 3
 3
 3
 3
 3
 3
 3
 3
 3
 3
 3
 3
 3
 3
 3
 3
 3
 3
 3
 3
 3
 3
 3
 3
 3
 3
 3
 3
 3
 3
 3
 3
 3
 3
 3
 3
 3
 3
 3
 3
 3
 3
 3
 3
 3
 3
 3
 3
 3
 3
 3
 3
 3
 3
 3
 3
 3
 3
 3
 3
 3
 3
 3
 3
 3
 3
 3
 3
 3
 3
 3
 3
 3
 3
 3
 3
 3
 3
 3
 3
 3
 3
 3
 3
 3
 3
 3
 3
 3
 3
 3
 3
 3
 3
 3
 3
 3
 3
 3
 3
 3
 3
 3
 3
 3
 3
 3
 3
 3
 3
 3
 3
 3
 3
 3
 3
 3
 3
 3
 3
 3
 3
 3
 3
 3
 3
 3
 3
 3
 3
 3
 3
 3
 3
 3
 3
 3
 3
 3
 3
 3
 3
 3
 3
 3
 3
 3
 3
 3
 3
 3
 3
 3
 3
 3
 3
 3
 3
 3
 3
 3
 3
 3
 3
 3
 3
 3
 3
 3
 3
 3
 3
 3
 3
 3
 3
 3
 3
 3
 3
 3
 3
 3
 3
 3
 3
 3
 3
 3
 3
 3
 3
 3
 3
 3
 3
 3
 3
 3
 3
 3
 3
 3
 3
 3
 3
 3
 3
 3
 3
 3
 3
 3
 3
 3
 3
 3
 3
 3
 3
 3
 3
 3
 3
 3
 3
 3
 3
 3
 3
 3
 3
 3
 3
 3
 3
 3
 3
 3
 3
 3
 3
 3
 3
 3
 3
 3
 3
 3
 3
 3
 3
 3
 3
 3
 3
 3
 3
 3
 3
 3
 3
 3
 3
 3
 3
 3
 3
 3
 3
 3
 3
 3
 3
 3
 3
 3
 3
 3
 3
 3
 3
 3
 3
 3
 3
 3
 3
 3
 3
 3
 3
 3
 3
 3
 3
 3
 3
 3
 3
 3
 3
 3
 3
 3
 3
 3
 3
 3
 3
 3
 3
 3
 3
 3
 3
 3
 3
 3
 3
 3
 3
 3
 3
 3
 3
 3
 3
 3
 3
 3
 3
 3
 3
 3
 3
 3
 3
 3
 3
 3
 3
 3
 3
 3
 3
 3
 3
 3
 3
 3
 3
 3
 3
 3
 3
 3
 3
 3
 3
 3
 3
 3
 3
 3
 3
 3
 3
 3
 3
 3
 3
 3
 3
 3
 3
 3
 3
 3
 3
 3
 3
 3
 3
 3
 3
 3
 3
 3
 3
 3
 3
 3
 3
 3
 3
 3
 3
 3
 3
 3
 3
 3
 3
 3
 3
 3
 3
 3
 3
 3
 3
 3
 3
 3
 3
 3
 3
 3
 3
 3
 3
 3
 3
 3
 3
 3
 3
 3
 3
 3
 3
 3
 3
 3
 3
 3
 3
 3
 3
 3
 3
 3
 3
 3
 3
 3
 3
 3
 3
 3
 3
 3
 3
 3
 3
 3
 3
 3
 3
 3
 3
 3
 3
 3
 3
 3
 3
 3
 3
 3
 3
 3
 3
 3
 3
 3
 3
 3
 3
 3
 3
 3
 3
 3
 3
 3
 3
 3
 3
 3
 3
 3
 3
 3
 3
 3
 3
 3
 3
 3
 3
 3
 3
 3
 3
 3
 3
 3
 3
 3
 3
 3
 3
 3
 3
 3
 3
 3
 3
 3
 3
 3
 3
 3
 3
 3
 3
 3
 3
 3
 3
 3
 3
 3
 3
 3
 3
 3
 3
 3
 3
 3
 3
 3
 3
 3
 3
 3
 3
 3
 3
 3
 3
 3
 3
 3
 3
 3
 3
 3
 3
 3
 3
 3
 3
 3
 3
 3
 3
 3
 3
 3
 3
 3
 3
 3
 3
 3
 3
 3
 3
 3
 3
 3
 3
 3
 3
 3
 3
 3
 3
 3
 3
 3
 3
 3
 3
 3
 3
 3
 3
 3
 3
 3
 3
 3
 3
 3
 3
 3
 3
 3
 3
 3
 3
 3
 3
 3
 3
 3
 3
 3
 3
 3
 3
 3
 3
 3
 3
 3
 3
 3
 3
 3
 3
 3
 3
 3
 3
 3
 3
 3
 3
 3
 3
 3
 3
 3
 3
 3
 3
 3
 3
 3
 3
 3
 3
 3
 3
 3
 3
 3
 3
 3
 3
 3
 3
 3
 3
 3
 3
 3
 3
 3
 3
 3
 3
 3
 3
 3
 3
 3
 3
 3
 3
 3
 3
 3
 3
 3
 3
 3
 3
 3
 3
 3
 3
 3
 3
 3
 3
 3
 3
 3
 3
 3
 3
 3
 3
 3
 3
 3
 3
 3
 3
 3
 3
 3
 3
 3
 3
 3
 3
 3
 3
 3
 3
 3
 3
 3
 3
 3
 3
 3
 3
 3
 3
 3
 3
 3
 3
 3
 3
 3
 3
 3
 3
 3
 3
 3
 3
 3
 3
 3
 3
 3
 3
 3
 3
 3
 3
 3
 3
 3
 3
 3
 3
 3
 3
 3
 3
 3
 3
 3
 3
 3
 3
 3
 3
 3
 3
 3
 3
 3
 3
 3
 3
 3
 3
 3
 3
 3
 3
 3
 3
 3
 3
 3
 3
 3
 3
 3
 3
 3
 3
 3
 3
 3
 3
 3
 3
 3
 3
 3
 3
 3
 3
 3
 3
 3
 3
 3
 3
 3
 3
 3
 3
 3
 3
 3
 3
 3
 3
 3
 3
 3
 3
 3
 3
 3
 3
 3
 3
 3
 3
 3
 3
 3
 3
 3
 3
 3
 3
 3
 3
 3
 3
 3
 3
 3
 3
 3
 3
 3
 3
 3
 3
 3
 3
 3
 3
 3
 3
 3
 3
 3
 3
 3
 3
 3
 3
 3
 3
 3
 3
 3
 3
 3
 3
 3
 3
 3
 3
 3
 3
 3
 3
 3
 3
 3
 3
 3
 3
 3
 3
 3
 3
 3
 3
 3
 3
 3
 3
 3
 3
 3
 3
 3
 3
 3
 3
 3
 3
 3
 3
 3
 3
 3
 3
 3
 3
 3
 3
 3
 3
 3
 3
 3
 3
 3
 3
 3
 3
 3
 3
 3
 3
 3
 3
 3
 3
 3
 3
 3
 3
 3
 3
 3
 3
 3
 3
 3
 3
 3
 3
 3
 3
 3
 3
 3
 3
 3
 3
 3
 3
 3
 3
 3
 3
 3
 3
 3
 3
 3
 3
 3
 3
 3
 3
 3
 3
 3
 3
 3
 3
 3
 3
 3
 3
 3
 3
 3
 3
 3
 3
 3
 3
 3
 3
 3
 3
 3
 3
 3
 3
 3
 3
 3
 3
 3
 3
 3
 3
 3
 3
 3
 3
 3
 3
 3
 3
 3
 3
 3
 3
 3
 3
 3
 3
 3
 3
 3
 3
 3
 3
 3
 3
 3
 3
 3
 3
 3
 3
 3
 3
 3
 3
 3
 3
 3
 3
 3
 3
 3
 3
 3
 3
 3
 3
 3
 3
 3
 3
 3
 3
 3
 3
 3
 3
 3
 3
 3
 3
 3
 3
 3
 3
 3
 3
 3
 3
 3
 3
 3
 3
 3
 3
 3
 3
 3
 3
 3
 3
 3
 3
 3
 3
 3
 3
 3
 3
 3
 3
 3
 3
 3
 3
 3
 3
 3
 3
 3
 3
 3
 3
 3
 3
 3
 3
 3
 3
 3
 3
 3
 3
 3
 3
 3
 3
 3
 3
 3
 3
 3
 3
 3
 3
 3
 3
 3
 3
 3
 3
 3
 3
 3
 3
 3
 3
 3
 3
 3
 3
 3
 3
 3
 3
 3
 3
 3
 3
 3
 3
 3
 3
 3
 3
 3
 3
 3
 3
 3
 3
 3
 3
 3
 3
 3
 3
 3
 3
 3
 3
 3
 3
 3
 3
 3
 3
 3
 3
 3
 3
 3
 3
 3
 3
 3
 3
 3
 3
 3
 3
 3
 3
 3
 3
 3
 3
 3
 3
 3
 3
 3
 3
 3
 3
 3
 3
 3
 3
 3
 3
 3
 3
 3
 3
 3
 3
 3
 3
 3
 3
 3
 3
 3
 3
 3
 3
 3
 3
 3
 3
 3
 3
 3
 3
 3
 3
 3
 3
 3
 3
 3
 3
 3
 3
 3
 3
 3
 3
 3
 3
 3
 3
 3
 3
 3
 3
 3
 3
 3
 3
 3
 3
 3
 3
 3
 3
 3
 3
 3
 3
 3
 3
 3
 3
 3
 3
 3
 3
 3
 3
 3
 3
 3
 3
 3
 3
 3
 3
 3
 3
 3
 3
 3
 3
 3
 3
 3
 3
 3
 3
 3
 3
 3
 3
 3
 3
 3
 3
 3
 3
 3
 3
 3
 3
 3
 3
 3
 3
 3
 3
 3
 3
 3
 3
 3
 3
 3
 3
 3
 3
 3
 3
 3
 3
 3
 3
 3
 3
 3
 3
 3
 3
 3
 3
 3
 3
 3
 3
 3
 3
 3
 3
 3
 3
 3
 3
 3
 3
 3
 3
 3
 3
 3
 3
 3
 3
 3
 3
 3
 3
 3
 3
 3
 3
 3
 3
 3
 3
 3
 3
 3
 3
 3
 3
 3
 3
 3
 3
 3
 3
 3
 3
 3
 3
 3
 3
 3
 3
 3
 3
 3
 3
 3
 3
 3
 3
 3
 3
 3
 3
 3
 3
 3
 3
 3
 3
 3
 3
 3
 3
 3
 3
 3
 3
 3
 3
 3
 3
 3
 3
 3
 3
 3
 3
 3
 3
 3
 3
 3
 3
 3
 3
 3
 3
 3
 3
 3
 3
 3
 3
 3
 3
 3
 3
 3
 3
 3
 3
 3
 3
 3
 3
 3
 3
 3
 3
 3
 3
 3
 3
 3
 3
 3
 3
 3
 3
 3
 3
 3
 3
 3
 3
 3
 3
 3
 3
 3
 3
 3
 3
 3
 3
 3
 3
 3
 3
 3
 3
 3
 3
 3
 3
 3
 3
 3
 3
 3
 3
 3
 3
 3
 3
 3
 3
 3
 3
 3
 3
 3
 3
 3
 3
 3
 3
 3
 3
 3
 3
 3
 3
 3
 3
 3
 3
 3
 3
 3
 3
 3
 3
 3
 3
 3
 3
 3
 3
 3
 3
 3
 3
 3
 3
 3
 3
 3
 3
 3
 3
 3
 3
 3
 3
 3
 3
 3
 3
 3
 3
 3
 3
 3
 3
 3
 3
 3
 3
 3
 3
 3
 3
 3
 3
 3
 3
 3
 3
 3
 3
 3
 3
 3
 3
 3
 3
 3
 3
 3
 3
 3
 3
 3
 3
 3
 3
 3
 3
 3
 3
 3
 3
 3
 3
 3
 3
 3
 3
 3
 3
 3
 3
 3
 3
 3
 3
 3
 3
 3
 3
 3
 3
 3
 3
 3
 3
 3
 3
 3
 3
 3
 3
 3
 3
 3
 3
 3
 3
 3
 3
 3
 3
 3
 3
 3
 3
 3
 3
 3
 3
 3
 3
 3
 3
 3
 3
 3
 3
 3
 3
 3
 3
 3
 3
 3
 3
 3
 3
 3
 3
 3
 3
 3
 3
 3
 3
 3
 3
 3
 3
 3
 3
 3
 3
 3
 3
 3
 3
 3
 3
 3
 3
 3
 3
 3
 3
 3
 3
 3
 3
 3
 3
 3
 3
 3
 3
 3
 3
POINT_DATA       9509
SCALARS height float 1
LOOKUP_TABLE default
   879.0
  1038.7
   850.6
   467.2
   942.5
   434.3
   372.9
   332.1
   441.4
   514.4
  1020.6
   486.4
   411.2
   433.8
   455.5
   348.6
   846.7
   524.0
   366.2
   710.2
   510.3
   390.3
   989.0
   263.1
   829.2
   500.6
   922.4
   432.6
   376.4
   976.9
   432.0
   835.5
   483.7
   932.7
   503.2
   402.3
  1042.4
   770.5
   534.3
   350.6
   627.8
   378.8
   267.2
   894.1
   448.2
   796.2
   951.0
   267.0
   713.7
   491.1
   346.7
   445.1
   443.1
   316.1
   544.8
   336.1
   422.5
   902.1
   539.2
   505.3
   490.5
   466.8
   413.9
   431.8
   350.0
   950.0
   454.1
   448.9
   346.8
   353.5
   273.3
   304.6
   478.4
   458.5
   372.5
   399.5
   961.3
   341.0
   795.0
   405.5
   879.7
   681.7
   350.9
   384.9
   465.0
   446.6
   381.4
   575.9
   461.9
   416.9
   661.2
   575.0
   583.3
   923.7
   798.6
   575.1
   516.2
   425.0
   814.9
   593.5
   575.1
   400.7
   723.3
   618.0
   482.5
   642.2
   657.9
   623.4
   568.2
   534.4
   773.4
   867.2
   734.2
   866.5
   573.1
   453.7
   947.5
   715.8
   964.4
   702.1
   526.7
   738.1
   599.2
   508.3
   823.3
   445.1
   736.3
   587.4
   820.2
   922.9
   568.8
   648.4
   629.9
   491.3
   532.6
   627.2
   476.2
   584.4
   552.1
   633.2
   382.8
   728.5
   547.2
   492.0
   801.5
   792.3
   615.0
   588.8
   500.2
   490.6
   668.9
   325.4
   615.9
   563.5
   486.9
   589.9
   557.0
   681.0
   722.8
   843.6
   583.1
   555.3
   424.6
   760.4
   614.4
   520.6
   694.7
   593.5
   749.6
   565.8
   568.1
   748.4
   651.3
   407.1
   602.5
  1001.1
   784.9
   849.0
   615.1
   799.1
   672.5
   772.2
   709.8
   792.9
   973.3
   877.2
  1005.5
   889.9
   786.2
   596.5
   937.0
   701.9
   862.3
   737.4
  1041.9
   964.6
   791.8
   940.6
   857.7
   502.1
   871.6
   672.6
   535.9
   829.9
   929.6
   847.3
   680.6
   658.4
  1001.9
   803.8
   410.4
   484.6
   852.1
   726.2
   971.9
   917.7
   995.8
   894.7
   674.9
   552.2
   701.7
   734.2
   772.4
   652.1
   728.7
   630.8
   796.5
   957.3
   682.2
   913.0
   562.4
   893.1
   870.7
   691.4
   998.6
   679.1
   910.0
   885.2
   660.4
   879.0
   741.7
   612.2
   791.2
   700.2
   635.3
   824.0
   741.6
   951.0
   717.6
   625.5
   650.8
   868.2
  1050.1
  1038.4
   815.3
   887.4
   927.9
   757.9
  1061.7
   385.1
   530.9
   587.9
   879.2
   663.5
  1016.2
  1048.1
  1142.6
   950.5
   831.0
   765.0
   857.7
   993.0
   959.0
  1144.0
   996.4
   845.2
   711.9
  1043.2
   799.2
  1034.7
   960.5
   689.4
   706.6
   970.9
  1053.3
   995.4
  1208.5
  1224.8
   490.4
   808.0
   686.9
  1066.1
   972.3
   796.0
   861.2
   913.8
  1068.3
   940.4
  1050.7
   744.9
  1017.9
   696.7
   554.3
   917.8
  1009.1
  1301.1
  1160.3
  1123.2
   768.1
   979.2
  1007.2
   768.5
   994.1
   985.6
  1044.0
   941.5
   876.2
   725.5
  1187.9
  1075.6
   978.9
   663.4
   881.4
   667.6
   806.4
  1108.3
   878.1
  1000.4
  1203.0
   894.0
   742.7
  1066.3
  1029.0
  1005.4
   720.5
   767.1
  1016.9
   806.5
   889.6
   857.7
  1090.0
   868.6
   734.1
  1042.0
   629.1
  1338.9
  1139.3
  1083.4
  1217.7
  1188.5
  1158.9
   957.5
  1119.0
   860.2
   597.7
   471.2
   756.9
   532.9
   598.6
  1010.8
   766.6
  1143.2
  1081.4
  1321.7
  1049.6
  1030.7
  1394.2
  1147.9
  1366.0
  1003.0
   827.1
   707.4
  1261.9
  1192.6
   940.5
  1117.5
   774.1
  1031.3
   999.9
  1268.5
  1090.1
  1299.4
  1422.8
   683.8
   760.7
  1061.3
   997.3
  1196.9
   896.2
  1219.4
   819.8
  1223.2
  1250.9
  1027.1
  1128.0
  1226.3
  1423.1
  1057.5
   834.6
  1142.6
  1143.2
  1022.5
  1294.2
  1292.5
  1110.6
  1080.3
   830.3
  1133.1
  1127.4
   970.2
  1057.7
   799.8
  1122.4
   870.7
   740.7
   880.6
  1248.0
  1235.1
  1060.9
  1003.0
  1112.5
  1099.1
  1164.9
   828.2
  1140.3
  1067.2
   935.1
  1133.9
  1223.7
  1256.8
  1116.3
  1005.5
   918.9
  1164.9
  1161.5
  1149.6
   945.8
   910.2
  1263.8
  1264.2
   952.9
   891.3
   366.4
   507.1
   601.7
  1087.3
  1213.2
  1451.1
  1252.7
  1242.7
  1286.3
  1520.8
  1476.4
  1620.0
  1444.6
  1174.9
  1209.4
   973.4
   947.9
  1492.9
  1213.0
  1338.0
  1293.7
  1278.0
  1124.7
  1454.8
  1545.9
  1335.4
  1037.0
  1298.4
   908.2
  1025.8
   915.0
   803.8
  1106.7
   981.5
  1310.6
  1267.0
  1451.5
  1301.8
  1464.8
  1337.2
  1363.7
  1194.3
  1452.8
   867.6
  1060.5
  1365.7
  1317.4
  1243.1
  1066.2
  1318.8
  1410.3
  1247.3
  1397.0
  1399.3
  1142.6
   921.7
  1449.4
  1157.1
  1191.0
  1299.0
  1127.5
   864.1
  1161.5
  1520.4
  1388.9
  1403.8
  1563.3
  1562.1
  1346.5
  1277.2
  1012.1
   894.0
  1141.1
  1132.5
  1285.0
  1278.7
  1134.2
  1172.4
  1518.9
  1343.0
  1469.0
  1477.4
  1335.2
  1203.0
  1342.6
   856.2
  1120.6
  1252.8
  1406.7
   798.0
   965.6
   383.3
   570.7
   713.9
   605.6
  1003.5
  1097.9
   908.8
  1290.7
  1267.2
  1296.8
  1444.0
  1559.8
  1573.9
  1279.7
  1726.6
  1725.3
  1726.7
  1723.2
  1487.9
  1764.8
  1500.6
  1381.4
  1347.7
  1484.4
  1455.1
  1614.4
  1359.7
  1624.7
  1380.5
  1619.5
  1435.6
  1639.6
  1492.9
  1396.3
  1226.3
  1230.2
  1301.8
  1299.6
  1571.9
  1552.6
  1577.4
  1650.1
  1635.2
  1651.4
  1230.7
  1254.4
  1203.6
  1416.6
  1425.0
  1498.2
  1514.6
  1253.1
  1230.6
  1422.4
  1426.6
  1363.7
  1534.5
  1524.8
  1302.2
  1360.1
  1310.9
  1340.4
  1261.2
  1470.4
  1356.7
  1466.8
  1756.5
  1653.0
  1812.2
  1765.6
  1710.1
  1516.9
  1514.5
  1278.9
  1286.9
  1420.8
  1531.4
  1600.6
  1582.2
  1570.4
  1617.5
  1611.3
  1616.1
  1591.6
  1739.6
  1552.0
  1771.5
  1485.3
  1636.5
  1603.6
  1616.6
  1171.7
  1372.0
  1364.3
  1491.7
  1385.2
  1476.9
  1292.6
   992.7
  1228.6
   673.1
   562.8
   779.8
   327.7
   771.2
   813.9
   579.1
   932.9
  1130.1
  1224.0
  1265.3
  1668.7
  1722.8
  1706.4
  1869.1
  1809.2
  1722.7
  1804.6
  1708.8
  1768.9
  1761.5
  1722.7
  1646.4
  1616.0
  1618.8
  1625.8
  1703.6
  1641.2
  1732.4
  1761.7
  1668.9
  1711.1
  1731.2
  1701.3
  1750.5
  1769.6
  1722.7
  1796.1
  1721.1
  1345.5
  1543.8
  1521.9
  1575.4
  1755.6
  1722.9
  1699.6
  1722.8
  1643.4
  1713.2
  1484.0
  1478.0
  1653.2
  1609.9
  1722.7
  1760.5
  1679.9
  1761.4
  1629.8
  1793.5
  1511.9
  1634.0
  1632.5
  1624.7
  1690.9
  1726.9
  1703.5
  1525.0
  1698.1
  1708.4
  1516.8
  1636.1
  1569.6
  1628.9
  1657.7
  1651.7
  1577.6
  1709.4
  1746.7
  1756.5
  1722.9
  1722.8
  1767.5
  1700.0
  1756.5
  1636.3
  1596.5
  1658.3
  1605.8
  1578.7
  1793.9
  1809.7
  1739.1
  1729.4
  1732.7
  1777.9
  1813.2
  1722.8
  1674.1
  1612.4
  1652.9
  1671.4
  1519.5
  1598.3
  1104.8
  1381.5
   959.2
   627.1
   270.3
   555.2
   961.0
   798.3
   976.5
  1679.1
  1709.2
  1428.7
  1722.9
  1722.8
  1681.3
  1703.1
  1722.7
  1722.7
  1722.7
  1866.9
  1866.8
  1846.6
  1843.9
  1722.6
  1722.6
  1722.6
  1856.4
  1869.1
  1869.1
  1722.8
  1726.9
  1706.9
  1718.8
  1705.0
  1759.4
  1757.7
  1681.3
  1723.0
  1656.9
  1722.9
  1861.1
  1722.7
  1710.0
  1707.0
  1670.1
  1693.3
  1651.6
  1668.6
  1661.5
  1722.8
  1722.7
  1851.4
  1813.5
  1722.7
  1853.6
  1815.6
  1815.3
  1745.4
  1722.8
  1812.0
  1869.1
  1830.3
  1722.8
  1828.3
  1729.7
  1828.7
  1730.0
  1720.1
  1765.9
  1764.9
  1768.2
  1778.2
  1771.9
  1706.2
  1722.9
  1722.9
  1722.9
  1722.8
  1834.1
  1699.7
  1869.0
  1722.8
  1722.8
  1817.9
  1817.9
  1817.9
  1856.7
  1857.0
  1855.7
  1830.7
  1869.1
  1869.1
  1869.1
  1722.6
  1722.8
  1722.6
  1848.6
  1799.1
  1786.1
  1722.6
  1521.1
  1764.7
  1252.7
  1415.3
   885.4
   950.3
   644.2
   720.8
   576.4
   522.5
   246.4
   709.7
   421.4
   700.9
  1117.3
  1449.7
  1537.9
  1678.0
  1672.6
  1819.5
  1723.0
  1869.1
  1869.2
  1722.8
  1868.9
  1869.1
  1857.5
  1722.8
  1868.9
  1785.8
  1722.8
  1722.8
  1722.8
  1722.8
  1722.7
  1722.7
  1722.7
  1855.4
  1854.6
  1723.0
  1832.0
  1861.9
  1773.1
  1723.0
  1844.4
  1704.2
  1816.0
  1773.1
  1722.7
  1685.0
  1722.7
  1722.6
  1722.8
  1800.7
  1847.4
  1722.8
  1722.8
  1722.6
  1722.8
  1722.7
  1722.8
  1868.9
  1868.9
  1821.9
  1869.2
  1869.2
  1869.1
  1808.4
  1722.8
  1722.8
  1722.8
  1804.9
  1869.1
  1869.1
  1869.1
  1869.0
  1745.7
  1722.9
  1727.6
  1727.6
  1727.6
  1869.0
  1722.8
  1869.1
  1844.0
  1722.8
  1869.0
  1722.8
  1869.0
  1869.1
  1837.2
  1869.1
  1722.8
  1869.1
  1869.1
  1869.1
  1793.9
  1722.6
  1722.8
  1722.7
  1722.7
  1722.6
  1722.6
  1795.6
  1722.8
  1780.4
  1535.9
  1243.9
  1242.7
   857.8
   555.4
   570.5
   763.7
   312.5
   319.2
   462.0
  1041.8
   993.7
   817.3
  1145.0
  1848.7
  1671.7
  1723.0
  1723.0
  1790.2
  1855.1
  1869.2
  1869.0
  1869.2
  1869.0
  1869.0
  1828.7
  1722.8
  1722.8
  1868.9
  1868.9
  1809.9
  1722.8
  1722.8
  1868.8
  1847.9
  1722.8
  1722.8
  1868.8
  1813.0
  1722.8
  1773.1
  1773.1
  1773.1
  1869.1
  1722.9
  1869.1
  1722.8
  1869.1
  1722.9
  1722.6
  1722.6
  1653.1
  1722.6
  1869.0
  1839.5
  1815.5
  1722.8
  1798.9
  1722.9
  1869.2
  1809.6
  1869.1
  1722.8
  1804.2
  1869.1
  1722.8
  1844.2
  1869.1
  1722.9
  1722.9
  1722.9
  1722.8
  1869.0
  1722.8
  1722.8
  1722.8
  1722.8
  1828.4
  1832.2
  1869.1
  1869.0
  1802.6
  1770.1
  1869.0
  1810.1
  1722.7
  1869.2
  1869.0
  1869.1
  1818.0
  1722.8
  1722.8
  1722.8
  1722.8
  1722.8
  1722.8
  1722.9
  1717.0
  1828.2
  1722.7
  1722.8
  1722.8
  1603.4
  1801.6
  1312.5
   667.8
   752.3
   597.2
   476.9
   519.0
   263.1
   592.2
   488.8
   669.1
  1220.2
  1044.3
  1178.5
  1123.0
  1334.9
  1407.4
  1637.1
  1439.9
  1391.0
  1525.6
  1854.8
  1776.1
  1849.2
  1768.8
  1869.1
  1869.0
  1722.7
  1869.0
  1869.0
  1722.8
  1869.0
  1722.8
  1722.8
  1847.9
  1722.9
  1722.8
  1722.9
  1722.8
  1722.8
  1809.5
  1869.2
  1847.2
  1869.1
  1722.9
  1722.9
  1722.9
  1722.9
  1722.8
  1722.8
  1722.8
  1811.2
  1821.1
  1839.6
  1869.1
  1853.7
  1722.8
  1722.8
  1830.4
  1818.3
  1856.7
  1805.7
  1793.8
  1722.9
  1839.2
  1869.2
  1869.1
  1869.1
  1847.1
  1868.9
  1722.8
  1860.0
  1869.0
  1722.8
  1868.9
  1722.8
  1772.4
  1869.0
  1722.8
  1722.8
  1723.0
  1746.1
  1869.0
  1869.0
  1723.0
  1722.9
  1722.7
  1722.9
  1869.1
  1722.7
  1869.1
  1840.0
  1722.8
  1720.5
  1722.7
  1868.9
  1722.9
  1722.7
  1739.1
  1722.7
  1609.1
  1722.8
  1513.1
  1216.4
  1475.7
   978.4
   796.4
  1039.3
   841.5
   755.7
   930.2
   541.0
   502.8
   399.2
   673.8
   379.1
   573.1
   723.1
   919.4
   989.9
   936.6
  1238.3
  1470.0
  1705.8
  1596.1
  1826.2
  1821.1
  1721.7
  1722.8
  1839.6
  1869.1
  1867.6
  1869.1
  1869.0
  1869.0
  1722.7
  1863.0
  1869.0
  1722.7
  1722.7
  1869.1
  1869.1
  1723.1
  1818.1
  1869.1
  1722.6
  1801.3
  1869.1
  1723.1
  1722.8
  1869.1
  1722.6
  1722.8
  1869.1
  1869.1
  1851.0
  1869.1
  1869.0
  1869.0
  1869.1
  1869.1
  1722.9
  1846.4
  1833.0
  1722.8
  1869.0
  1869.0
  1787.6
  1825.6
  1869.0
  1722.7
  1722.8
  1869.0
  1869.1
  1722.9
  1772.4
  1722.9
  1722.9
  1793.8
  1869.1
  1722.8
  1869.1
  1869.0
  1691.1
  1796.9
  1722.8
  1824.6
  1772.5
  1869.0
  1722.7
  1869.0
  1868.9
  1768.1
  1868.9
  1768.2
  1723.0
  1723.0
  1723.0
  1848.2
  1722.7
  1869.4
  1722.7
  1722.7
  1722.7
  1793.1
  1869.1
  1869.1
  1869.1
  1825.7
  1722.9
  1722.9
  1722.7
  1722.7
  1626.2
  1722.7
  1327.4
  1561.5
  1632.2
  1157.8
  1096.9
  1181.7
   549.4
   805.7
   453.0
   373.5
   483.6
   563.5
   951.9
   950.4
  1345.3
  1124.9
  1717.7
  1469.3
  1722.8
  1860.6
  1869.1
  1723.0
  1723.0
  1630.8
  1869.0
  1722.8
  1869.0
  1851.8
  1869.0
  1869.0
  1869.0
  1869.0
  1822.5
  1723.1
  1723.1
  1722.6
  1722.6
  1722.6
  1717.0
  1722.8
  1722.8
  1722.8
  1722.8
  1722.8
  1869.0
  1817.2
  1869.1
  1869.0
  1722.9
  1722.8
  1722.7
  1722.8
  1840.9
  1869.0
  1722.8
  1797.2
  1722.8
  1722.8
  1869.2
  1869.1
  1723.1
  1869.1
  1845.6
  1821.1
  1723.1
  1722.9
  1722.8
  1722.8
  1722.9
  1722.7
  1722.7
  1722.7
  1869.0
  1869.0
  1722.8
  1865.8
  1868.9
  1722.7
  1863.6
  1869.0
  1722.7
  1868.9
  1827.2
  1869.0
  1723.1
  1679.5
  1868.9
  1869.1
  1826.2
  1849.8
  1723.0
  1849.8
  1869.1
  1837.3
  1869.2
  1723.0
  1868.9
  1869.1
  1803.4
  1869.0
  1868.9
  1869.0
  1722.9
  1796.1
  1711.0
  1860.4
  1705.7
  1564.3
  1671.1
  1031.3
  1273.2
   673.4
   800.9
   308.2
   639.4
   300.6
   502.6
  1085.5
   962.2
  1464.2
  1252.8
  1701.8
  1826.1
  1869.1
  1722.8
  1816.5
  1868.9
  1722.8
  1869.0
  1869.0
  1869.0
  1722.6
  1869.0
  1869.0
  1706.3
  1722.6
  1722.8
  1722.8
  1831.9
  1801.3
  1801.3
  1722.8
  1869.0
  1722.8
  1722.9
  1722.8
  1869.0
  1675.8
  1722.8
  1722.8
  1693.1
  1722.8
  1842.8
  1869.0
  1869.1
  1722.8
  1869.1
  1856.7
  1722.8
  1722.9
  1838.7
  1722.9
  1722.9
  1869.1
  1840.9
  1869.1
  1722.9
  1723.0
  1869.1
  1860.3
  1718.7
  1723.1
  1806.9
  1869.1
  1722.8
  1869.1
  1722.9
  1826.0
  1722.9
  1722.9
  1722.9
  1722.9
  1862.4
  1869.0
  1723.0
  1868.9
  1869.0
  1722.7
  1722.7
  1722.7
  1869.1
  1857.9
  1722.8
  1869.0
  1827.5
  1722.8
  1869.0
  1749.4
  1869.1
  1723.0
  1869.3
  1869.3
  1803.7
  1869.2
  1836.3
  1869.2
  1869.1
  1869.1
  1869.1
  1869.1
  1816.2
  1722.9
  1722.9
  1722.9
  1444.5
  1578.7
  1049.1
   888.0
   722.9
   314.2
   418.8
   594.5
   317.0
   621.1
   965.7
   814.1
  1108.1
   950.4
  1403.8
  1293.8
  1811.8
  1816.4
  1706.7
  1722.8
  1869.1
  1869.0
  1722.8
  1722.6
  1868.9
  1722.6
  1722.7
  1722.6
  1869.0
  1786.6
  1825.1
  1869.0
  1722.8
  1869.0
  1869.1
  1813.5
  1722.8
  1869.1
  1866.8
  1722.8
  1722.9
  1722.9
  1722.9
  1722.8
  1722.8
  1717.3
  1869.1
  1854.0
  1869.1
  1789.4
  1869.1
  1722.9
  1722.9
  1840.9
  1722.9
  1722.9
  1722.9
  1869.2
  1869.3
  1817.6
  1869.2
  1722.8
  1722.9
  1869.0
  1723.0
  1722.9
  1869.0
  1723.0
  1722.9
  1869.0
  1722.8
  1722.8
  1704.2
  1722.8
  1722.8
  1722.8
  1869.1
  1869.1
  1817.7
  1722.9
  1869.1
  1869.3
  1768.2
  1854.7
  1869.3
  1723.0
  1723.0
  1773.1
  1695.5
  1731.9
  1722.8
  1435.9
  1318.0
  1479.5
   951.7
   989.5
   757.1
  1056.9
   555.7
   356.1
   660.4
   318.6
   376.2
   928.8
   708.7
  1029.0
  1147.3
  1306.2
  1510.6
  1714.0
  1550.9
  1629.1
  1830.3
  1789.7
  1826.2
  1869.1
  1866.5
  1796.0
  1826.2
  1722.7
  1869.0
  1722.7
  1722.7
  1804.3
  1868.9
  1868.9
  1868.9
  1808.8
  1722.9
  1869.0
  1799.7
  1722.9
  1845.2
  1789.6
  1813.5
  1813.5
  1759.6
  1722.8
  1722.8
  1722.8
  1722.8
  1867.6
  1861.4
  1869.1
  1869.1
  1722.7
  1869.0
  1830.8
  1722.7
  1851.5
  1722.9
  1723.0
  1860.2
  1869.1
  1869.1
  1869.1
  1869.1
  1869.1
  1869.1
  1722.9
  1722.9
  1679.7
  1821.0
  1869.1
  1869.3
  1866.9
  1815.1
  1840.7
  1835.9
  1869.2
  1797.5
  1869.2
  1722.9
  1722.9
  1722.8
  1722.8
  1722.8
  1706.7
  1722.9
  1722.8
  1722.9
  1722.8
  1869.1
  1709.8
  1723.0
  1754.1
  1869.2
  1869.0
  1773.5
  1866.5
  1864.2
  1722.9
  1801.5
  1722.9
  1722.9
  1829.7
  1869.1
  1768.2
  1722.2
  1869.3
  1722.8
  1869.1
  1869.1
  1768.2
  1869.0
  1837.9
  1869.1
  1722.8
  1722.8
  1679.1
  1700.2
  1722.8
  1673.7
  1174.0
  1387.5
   964.5
   952.3
   453.1
   363.6
   635.8
   981.7
   939.4
  1437.4
  1832.9
  1829.3
  1696.1
  1722.7
  1722.7
  1820.7
  1823.0
  1869.1
  1869.0
  1868.9
  1868.9
  1869.3
  1869.2
  1869.2
  1869.1
  1869.2
  1853.5
  1869.0
  1869.0
  1869.0
  1869.0
  1722.8
  1869.0
  1869.0
  1722.8
  1869.0
  1869.1
  1710.0
  1694.2
  1722.7
  1832.0
  1729.2
  1764.2
  1723.0
  1793.6
  1869.1
  1869.1
  1723.0
  1794.8
  1849.7
  1722.9
  1869.0
  1869.1
  1722.8
  1722.9
  1723.2
  1869.0
  1723.0
  1869.4
  1869.2
  1869.1
  1869.1
  1823.5
  1802.1
  1869.1
  1869.1
  1866.2
  1799.5
  1722.8
  1722.8
  1722.9
  1869.2
  1844.3
  1722.9
  1869.2
  1869.2
  1869.2
  1722.9
  1869.1
  1855.6
  1869.2
  1868.9
  1868.9
  1869.0
  1869.2
  1722.7
  1847.0
  1723.0
  1833.8
  1722.8
  1869.0
  1869.1
  1722.8
  1869.2
  1869.0
  1703.6
  1801.9
  1615.2
  1286.3
  1444.4
   785.7
   437.3
   679.7
   344.3
   592.6
   490.5
   924.4
  1059.4
   900.5
  1509.9
  1352.9
  1722.7
  1831.4
  1748.6
  1868.9
  1756.1
  1722.8
  1756.1
  1869.1
  1869.1
  1723.0
  1810.5
  1723.0
  1723.0
  1722.9
  1869.0
  1869.2
  1750.2
  1845.3
  1722.8
  1869.0
  1852.8
  1869.0
  1722.9
  1869.0
  1869.0
  1722.9
  1722.8
  1869.0
  1869.0
  1869.1
  1869.1
  1789.4
  1729.2
  1729.2
  1729.2
  1722.8
  1869.2
  1723.0
  1869.2
  1818.5
  1868.8
  1869.1
  1869.1
  1869.1
  1869.1
  1868.9
  1722.9
  1722.8
  1722.9
  1722.8
  1722.8
  1723.2
  1723.1
  1723.0
  1713.5
  1833.7
  1869.1
  1869.2
  1869.1
  1792.0
  1831.3
  1723.0
  1869.1
  1850.6
  1722.9
  1723.0
  1722.9
  1722.9
  1869.2
  1767.4
  1722.7
  1758.4
  1869.1
  1722.7
  1722.7
  1722.7
  1722.7
  1723.0
  1842.9
  1722.8
  1723.0
  1722.8
  1869.0
  1867.4
  1723.0
  1723.0
  1721.0
  1640.3
  1694.1
  1720.6
  1330.0
  1084.4
  1036.1
   732.2
   865.4
   328.7
   424.6
   603.2
   980.1
  1257.9
  1338.5
  1722.7
  1785.4
  1834.3
  1718.2
  1722.7
  1756.1
  1756.1
  1721.2
  1869.0
  1869.0
  1722.9
  1722.9
  1852.5
  1869.0
  1869.2
  1869.0
  1722.9
  1771.4
  1722.8
  1722.9
  1722.9
  1859.5
  1869.0
  1722.9
  1722.9
  1869.1
  1869.1
  1869.2
  1722.9
  1722.8
  1722.8
  1722.8
  1869.2
  1869.2
  1868.9
  1722.9
  1787.3
  1868.8
  1869.1
  1869.1
  1722.9
  1722.8
  1869.1
  1794.4
  1869.2
  1722.8
  1722.8
  1722.9
  1722.9
  1722.9
  1701.5
  1869.0
  1869.0
  1869.0
  1869.3
  1723.0
  1869.3
  1869.3
  1869.2
  1869.2
  1869.2
  1869.2
  1869.2
  1722.9
  1869.2
  1853.2
  1833.0
  1722.9
  1869.1
  1800.8
  1722.8
  1722.8
  1828.4
  1869.0
  1869.1
  1865.3
  1869.1
  1795.5
  1857.1
  1865.3
  1722.9
  1842.4
  1869.0
  1861.5
  1722.9
  1642.2
  1722.9
  1423.7
  1639.5
  1113.3
   894.7
   780.4
   740.1
   437.5
   577.8
   761.5
   588.2
   555.2
   710.0
   805.8
   842.3
  1131.4
  1063.3
   847.6
  1227.8
  1594.9
  1598.5
  1340.8
  1684.1
  1835.4
  1691.8
  1864.1
  1792.7
  1722.8
  1869.0
  1869.0
  1869.1
  1869.0
  1722.8
  1796.8
  1857.0
  1869.1
  1722.8
  1869.0
  1722.8
  1722.8
  1722.8
  1869.1
  1869.1
  1869.1
  1722.9
  1722.9
  1722.9
  1722.9
  1869.1
  1722.9
  1869.2
  1722.9
  1722.7
  1722.7
  1869.1
  1869.0
  1722.8
  1722.7
  1722.8
  1722.8
  1755.0
  1868.8
  1722.9
  1722.6
  1869.1
  1722.9
  1722.9
  1722.8
  1722.8
  1869.1
  1722.8
  1821.6
  1722.8
  1807.2
  1739.7
  1869.0
  1722.7
  1869.1
  1739.7
  1869.1
  1812.5
  1869.3
  1869.2
  1869.2
  1869.2
  1722.9
  1722.9
  1722.9
  1845.7
  1722.8
  1722.8
  1869.1
  1722.9
  1869.1
  1869.1
  1869.1
  1722.9
  1865.1
  1869.1
  1865.1
  1722.9
  1722.8
  1722.9
  1609.4
  1567.2
  1276.5
  1467.7
   934.1
   794.9
   767.7
   385.4
   315.6
   604.9
   561.4
   949.2
   731.2
  1375.5
  1117.8
  1686.7
  1584.9
  1502.0
  1863.8
  1864.1
  1757.2
  1723.0
  1865.6
  1722.8
  1869.0
  1801.5
  1722.8
  1869.0
  1869.1
  1869.1
  1869.1
  1722.8
  1869.2
  1755.4
  1869.1
  1722.8
  1869.1
  1722.9
  1722.9
  1722.9
  1829.6
  1722.7
  1869.0
  1722.7
  1722.7
  1869.1
  1868.9
  1722.8
  1790.6
  1869.1
  1800.7
  1722.9
  1722.9
  1722.6
  1722.6
  1869.1
  1722.9
  1869.2
  1868.8
  1869.1
  1869.1
  1826.1
  1833.2
  1722.9
  1722.9
  1722.9
  1722.8
  1869.1
  1869.0
  1722.8
  1739.7
  1739.7
  1739.7
  1810.1
  1869.1
  1849.9
  1869.2
  1869.1
  1869.2
  1869.2
  1794.0
  1722.9
  1869.2
  1854.6
  1761.8
  1869.1
  1869.2
  1722.8
  1869.1
  1851.2
  1722.8
  1722.9
  1722.6
  1856.8
  1852.7
  1722.8
  1722.8
  1722.8
  1799.9
  1869.0
  1869.0
  1617.3
  1868.9
  1664.3
  1567.8
  1619.3
  1384.6
  1144.1
  1164.4
   680.1
   662.4
   945.1
   369.4
   383.2
   319.3
   805.6
   538.6
   531.5
   990.2
  1115.5
  1504.1
  1281.6
  1674.9
  1765.4
  1723.0
  1732.3
  1722.8
  1722.8
  1722.8
  1869.0
  1854.5
  1869.0
  1869.0
  1869.1
  1844.2
  1869.0
  1722.8
  1722.9
  1722.8
  1723.1
  1723.1
  1723.1
  1799.6
  1868.9
  1869.1
  1869.1
  1869.1
  1722.8
  1722.8
  1846.5
  1869.0
  1869.0
  1722.8
  1805.0
  1869.1
  1869.0
  1722.8
  1825.3
  1838.8
  1708.3
  1838.8
  1838.8
  1722.9
  1868.9
  1868.8
  1722.9
  1722.9
  1723.0
  1869.2
  1865.5
  1802.5
  1864.1
  1869.2
  1849.0
  1869.1
  1869.1
  1831.9
  1722.8
  1722.8
  1869.0
  1723.0
  1815.0
  1692.2
  1723.0
  1869.2
  1825.2
  1722.8
  1722.9
  1718.2
  1722.9
  1855.2
  1722.8
  1869.2
  1722.8
  1869.2
  1823.9
  1722.8
  1722.8
  1722.8
  1722.8
  1722.8
  1868.9
  1869.1
  1722.6
  1722.6
  1869.1
  1840.1
  1722.7
  1868.9
  1869.0
  1845.8
  1868.9
  1865.2
  1712.6
  1526.5
  1658.2
  1703.8
  1105.3
  1117.7
   679.3
   352.3
   569.6
   285.9
   594.1
  1087.6
  1255.2
  1732.3
  1630.2
  1456.9
  1729.7
  1723.0
  1723.0
  1810.3
  1869.0
  1869.1
  1869.0
  1869.1
  1869.1
  1750.6
  1869.1
  1869.1
  1869.1
  1821.0
  1869.1
  1869.1
  1837.8
  1851.1
  1722.9
  1869.1
  1711.2
  1869.1
  1869.1
  1869.1
  1862.9
  1722.8
  1722.8
  1722.8
  1722.8
  1869.0
  1722.8
  1722.8
  1869.0
  1869.0
  1828.3
  1722.8
  1723.0
  1723.0
  1722.9
  1869.1
  1854.8
  1722.9
  1741.7
  1722.8
  1869.0
  1723.0
  1869.0
  1722.8
  1722.8
  1869.0
  1802.0
  1855.8
  1723.0
  1722.8
  1723.0
  1723.0
  1722.8
  1869.1
  1722.8
  1722.8
  1722.8
  1798.1
  1865.1
  1722.8
  1722.8
  1722.8
  1722.8
  1869.0
  1795.9
  1722.7
  1869.1
  1686.5
  1722.6
  1714.2
  1722.6
  1722.7
  1855.4
  1869.1
  1722.7
  1722.9
  1868.9
  1722.9
  1722.9
  1722.9
  1488.5
  1758.6
  1416.4
  1340.4
  1043.1
  1088.8
  1354.3
   948.3
   753.5
   589.0
   955.1
   586.7
   531.3
   891.2
   654.8
  1431.1
  1633.4
  1718.2
  1738.3
  1869.1
  1835.5
  1813.4
  1869.1
  1869.0
  1722.7
  1855.7
  1722.7
  1869.0
  1859.4
  1869.2
  1856.4
  1869.1
  1868.0
  1836.2
  1869.1
  1722.9
  1722.9
  1722.7
  1722.8
  1722.5
  1722.5
  1722.5
  1707.6
  1746.8
  1869.1
  1722.8
  1722.8
  1869.0
  1869.0
  1869.1
  1775.4
  1722.8
  1722.8
  1722.8
  1869.2
  1869.2
  1853.2
  1846.6
  1722.9
  1722.9
  1722.9
  1723.8
  1869.2
  1723.0
  1852.8
  1722.8
  1722.8
  1869.0
  1869.0
  1722.8
  1722.8
  1629.8
  1868.9
  1869.0
  1722.8
  1869.1
  1722.8
  1722.8
  1722.8
  1802.0
  1869.1
  1849.7
  1869.1
  1822.4
  1722.6
  1723.0
  1869.1
  1869.1
  1722.6
  1826.0
  1722.7
  1722.7
  1722.7
  1869.0
  1850.1
  1868.9
  1722.8
  1722.9
  1830.5
  1722.9
  1868.9
  1702.3
  1722.9
  1722.9
  1674.2
  1518.6
  1165.3
  1384.8
   916.1
   939.3
   997.2
   558.4
   475.0
   613.5
   673.5
   995.3
   969.1
  1465.7
  1643.4
  1814.0
  1864.8
  1831.1
  1722.7
  1722.7
  1722.7
  1869.1
  1869.2
  1797.6
  1722.9
  1722.7
  1810.9
  1869.1
  1722.8
  1869.1
  1722.8
  1722.8
  1722.8
  1817.5
  1722.7
  1702.1
  1722.7
  1722.7
  1716.3
  1722.7
  1842.2
  1722.8
  1746.8
  1722.8
  1722.8
  1869.2
  1869.2
  1869.2
  1826.1
  1742.1
  1738.6
  1869.2
  1869.2
  1824.8
  1869.3
  1869.2
  1723.8
  1723.8
  1836.7
  1869.0
  1869.0
  1722.6
  1869.1
  1848.4
  1722.6
  1722.7
  1722.7
  1722.6
  1796.3
  1869.0
  1722.9
  1869.1
  1869.0
  1869.0
  1658.3
  1760.5
  1864.5
  1723.0
  1835.1
  1868.8
  1722.6
  1722.6
  1722.6
  1722.6
  1722.7
  1722.7
  1722.7
  1722.7
  1697.2
  1841.0
  1722.8
  1722.8
  1722.8
  1722.8
  1722.8
  1815.3
  1824.9
  1722.9
  1722.8
  1842.6
  1829.0
  1869.1
  1826.2
  1831.5
  1236.4
  1358.2
  1000.6
   986.3
   492.7
   604.8
   705.4
   498.6
   597.0
  1020.3
   636.6
  1133.0
  1316.5
  1480.5
  1176.0
  1804.3
  1832.2
  1697.5
  1685.4
  1829.2
  1869.1
  1869.1
  1869.0
  1863.7
  1869.0
  1722.7
  1722.9
  1868.9
  1840.3
  1869.1
  1869.2
  1722.7
  1869.2
  1799.3
  1785.9
  1869.2
  1850.6
  1869.1
  1854.6
  1869.0
  1746.8
  1746.8
  1869.0
  1821.5
  1799.8
  1869.2
  1723.0
  1723.0
  1723.0
  1723.0
  1869.1
  1869.1
  1717.3
  1838.0
  1722.9
  1722.9
  1869.3
  1816.6
  1869.3
  1869.3
  1823.6
  1723.1
  1868.2
  1722.7
  1868.9
  1722.6
  1722.7
  1722.6
  1722.6
  1722.9
  1868.9
  1754.9
  1722.9
  1722.8
  1760.5
  1869.1
  1753.6
  1816.3
  1869.2
  1722.8
  1847.5
  1723.0
  1869.2
  1799.6
  1723.0
  1722.7
  1722.7
  1722.7
  1722.8
  1869.1
  1869.1
  1853.8
  1781.8
  1722.8
  1869.2
  1869.2
  1869.2
  1722.8
  1834.7
  1830.8
  1722.9
  1722.8
  1718.8
  1564.2
  1715.6
  1544.5
  1240.1
  1061.4
   970.7
   845.4
   590.3
   694.0
   375.3
   506.5
   474.2
   706.7
  1109.4
  1006.4
  1677.8
  1564.5
  1858.3
  1869.1
  1869.1
  1797.9
  1832.3
  1722.7
  1796.6
  1869.0
  1869.0
  1722.7
  1722.7
  1869.0
  1869.0
  1723.0
  1869.0
  1722.8
  1869.2
  1869.2
  1722.8
  1722.8
  1869.2
  1869.0
  1806.1
  1869.0
  1693.7
  1869.0
  1822.7
  1722.9
  1869.1
  1821.3
  1794.2
  1869.1
  1722.8
  1869.0
  1827.9
  1869.1
  1869.3
  1723.1
  1869.2
  1769.3
  1869.3
  1722.7
  1869.0
  1722.7
  1722.7
  1722.7
  1722.7
  1868.9
  1722.8
  1722.8
  1785.8
  1869.1
  1851.1
  1869.2
  1869.1
  1722.8
  1793.2
  1722.8
  1869.1
  1828.0
  1869.3
  1723.0
  1723.0
  1722.8
  1869.1
  1722.8
  1869.1
  1869.0
  1869.2
  1722.8
  1869.1
  1869.1
  1765.3
  1799.8
  1812.2
  1869.2
  1722.7
  1869.2
  1722.8
  1722.8
  1713.3
  1869.1
  1869.1
  1722.9
  1517.1
  1652.2
  1737.6
  1259.0
  1048.6
   666.5
   409.1
   790.4
   602.8
   542.1
   739.7
   855.4
  1413.2
  1247.9
  1111.5
  1483.5
  1652.4
  1628.1
  1797.3
  1813.2
  1810.8
  1858.6
  1869.0
  1869.1
  1869.0
  1869.0
  1868.9
  1865.6
  1723.0
  1722.8
  1722.8
  1722.8
  1869.0
  1722.8
  1857.6
  1722.8
  1722.9
  1722.9
  1722.9
  1722.9
  1722.9
  1869.1
  1869.1
  1722.8
  1722.8
  1722.8
  1869.0
  1869.1
  1843.7
  1869.1
  1722.9
  1843.8
  1869.3
  1722.9
  1869.0
  1869.2
  1723.0
  1722.7
  1869.0
  1722.7
  1869.0
  1722.8
  1833.1
  1722.8
  1722.8
  1848.1
  1869.1
  1869.1
  1869.1
  1869.1
  1722.9
  1869.0
  1869.1
  1869.0
  1869.3
  1869.3
  1858.1
  1869.1
  1722.8
  1722.8
  1722.8
  1869.0
  1722.8
  1722.8
  1722.8
  1849.1
  1799.0
  1722.7
  1848.5
  1869.2
  1869.1
  1722.7
  1827.0
  1754.8
  1662.2
  1539.6
  1444.6
  1142.7
  1034.9
   728.4
   781.0
   999.5
   445.6
   682.2
   362.9
   284.4
   757.2
  1112.2
   736.9
  1365.3
  1502.3
  1646.0
  1722.7
  1728.6
  1858.0
  1722.8
  1722.7
  1722.7
  1858.6
  1869.0
  1869.0
  1722.7
  1837.7
  1869.0
  1835.8
  1869.1
  1869.0
  1869.0
  1869.1
  1869.0
  1789.8
  1722.9
  1722.8
  1833.7
  1722.8
  1722.8
  1722.9
  1869.1
  1807.8
  1869.2
  1869.2
  1839.0
  1864.4
  1722.9
  1808.1
  1869.2
  1869.1
  1869.1
  1869.1
  1869.2
  1869.2
  1869.2
  1869.1
  1829.4
  1722.9
  1722.9
  1808.0
  1722.9
  1846.7
  1722.9
  1722.7
  1722.7
  1722.7
  1869.0
  1850.5
  1722.7
  1835.2
  1869.0
  1743.1
  1865.7
  1869.2
  1869.1
  1869.1
  1859.3
  1795.9
  1869.5
  1722.9
  1723.2
  1765.0
  1869.2
  1869.3
  1869.2
  1722.9
  1793.9
  1869.1
  1869.0
  1869.1
  1759.7
  1722.9
  1722.9
  1813.2
  1869.1
  1722.6
  1722.9
  1869.0
  1722.7
  1722.6
  1722.7
  1723.1
  1723.1
  1869.2
  1722.7
  1826.3
  1721.5
  1722.7
  1379.1
  1230.4
  1553.1
   939.4
  1035.3
  1228.4
   555.0
   627.5
   522.4
   354.3
  1458.5
  1210.6
  1722.8
  1604.1
  1708.7
  1722.7
  1722.7
  1722.8
  1722.8
  1722.8
  1869.0
  1745.2
  1869.1
  1869.1
  1869.1
  1869.0
  1869.1
  1722.9
  1859.9
  1869.1
  1722.9
  1869.2
  1869.2
  1722.8
  1723.0
  1698.4
  1869.2
  1723.0
  1722.9
  1722.9
  1722.9
  1722.8
  1869.1
  1719.4
  1869.1
  1722.8
  1722.8
  1869.2
  1869.2
  1746.9
  1780.0
  1722.9
  1722.9
  1869.1
  1869.2
  1722.7
  1722.7
  1722.7
  1722.7
  1722.7
  1869.2
  1869.2
  1869.1
  1851.7
  1869.1
  1844.2
  1869.1
  1869.2
  1723.1
  1722.9
  1869.1
  1722.9
  1722.9
  1799.0
  1869.2
  1869.1
  1869.3
  1824.0
  1869.2
  1832.7
  1855.2
  1869.2
  1780.1
  1869.2
  1868.3
  1829.9
  1722.9
  1722.7
  1722.6
  1722.6
  1836.5
  1869.0
  1758.7
  1722.8
  1869.0
  1722.7
  1722.7
  1722.7
  1722.8
  1543.5
  1781.9
  1187.2
  1476.9
  1121.4
   925.7
   545.4
   708.4
   366.6
   623.6
   511.2
   678.9
  1300.6
  1138.1
  1733.3
  1761.5
  1570.1
  1758.9
  1719.0
  1801.6
  1722.6
  1722.8
  1869.1
  1818.8
  1722.6
  1869.0
  1818.8
  1869.1
  1722.9
  1801.0
  1869.1
  1722.9
  1722.8
  1722.8
  1723.0
  1722.0
  1723.0
  1723.0
  1723.0
  1722.6
  1722.8
  1869.2
  1722.8
  1722.6
  1722.8
  1790.9
  1778.1
  1746.9
  1778.1
  1663.4
  1722.9
  1722.9
  1869.2
  1869.1
  1869.0
  1829.2
  1869.0
  1722.9
  1722.9
  1722.9
  1722.9
  1824.6
  1722.9
  1722.9
  1722.9
  1869.1
  1723.1
  1722.8
  1869.3
  1723.1
  1723.1
  1775.8
  1869.3
  1869.3
  1820.6
  1869.1
  1869.1
  1837.6
  1722.6
  1869.0
  1869.2
  1695.5
  1722.6
  1869.2
  1869.2
  1869.2
  1722.8
  1869.2
  1868.9
  1868.9
  1868.9
  1868.9
  1722.8
  1869.0
  1869.1
  1869.0
  1722.8
  1722.8
  1722.8
  1702.2
  1253.0
  1528.9
  1556.4
  1003.8
   733.2
   348.8
   547.1
  1084.4
  1044.7
   847.2
   712.7
  1184.2
  1553.5
  1390.0
  1757.6
  1768.6
  1738.5
  1869.1
  1868.9
  1722.6
  1722.6
  1722.6
  1818.8
  1818.8
  1722.7
  1722.5
  1869.1
  1869.1
  1722.5
  1722.9
  1722.9
  1722.8
  1722.8
  1722.8
  1722.8
  1842.3
  1869.2
  1869.0
  1707.4
  1833.1
  1715.8
  1722.6
  1869.1
  1863.0
  1722.6
  1869.1
  1869.2
  1869.2
  1869.0
  1861.2
  1722.9
  1722.7
  1790.5
  1869.0
  1722.9
  1722.7
  1722.9
  1722.9
  1722.9
  1799.4
  1869.0
  1869.1
  1755.9
  1869.1
  1722.8
  1869.1
  1722.9
  1722.9
  1722.8
  1723.1
  1723.1
  1723.1
  1720.7
  1869.3
  1831.0
  1868.9
  1722.8
  1869.0
  1723.1
  1710.0
  1869.1
  1869.0
  1869.1
  1722.6
  1869.0
  1722.6
  1722.6
  1869.2
  1846.0
  1869.2
  1869.2
  1722.8
  1869.2
  1722.9
  1722.8
  1854.4
  1869.1
  1869.1
  1869.0
  1869.0
  1722.8
  1735.0
  1817.9
  1810.6
  1735.0
  1698.5
  1463.7
  1697.7
  1002.9
  1200.2
  1121.0
   932.7
   907.2
   957.9
   600.5
   587.6
   705.0
   562.0
   582.2
  1000.2
   709.5
  1237.1
  1393.3
  1722.6
  1764.5
  1604.2
  1868.8
  1869.0
  1722.6
  1869.0
  1760.9
  1722.8
  1722.7
  1722.6
  1722.5
  1674.7
  1722.5
  1869.2
  1869.1
  1722.8
  1839.1
  1722.7
  1869.1
  1868.9
  1869.0
  1722.6
  1869.0
  1832.1
  1722.6
  1869.1
  1722.6
  1722.6
  1722.6
  1722.9
  1738.4
  1868.8
  1722.9
  1722.9
  1722.7
  1869.0
  1727.2
  1727.2
  1693.2
  1722.8
  1815.0
  1869.0
  1755.9
  1755.9
  1722.8
  1737.5
  1869.1
  1820.8
  1869.1
  1869.1
  1686.7
  1722.8
  1722.8
  1722.9
  1869.0
  1869.2
  1869.0
  1722.8
  1722.8
  1722.8
  1722.7
  1869.2
  1866.6
  1722.8
  1722.9
  1722.8
  1869.2
  1854.4
  1722.9
  1869.2
  1837.7
  1722.9
  1722.9
  1706.1
  1844.6
  1852.7
  1722.8
  1851.2
  1869.1
  1869.0
  1826.0
  1722.8
  1722.8
  1722.8
  1727.7
  1735.0
  1769.5
  1413.5
  1454.1
  1174.0
   895.5
   924.9
   607.6
   782.6
   309.2
   592.9
   743.1
   865.7
  1273.2
  1049.6
  1573.2
  1664.6
  1410.3
  1675.9
  1722.6
  1722.6
  1722.6
  1722.6
  1722.6
  1722.8
  1722.8
  1869.0
  1723.0
  1869.0
  1722.8
  1723.0
  1722.8
  1722.8
  1722.7
  1869.3
  1869.1
  1722.7
  1723.0
  1856.3
  1722.6
  1868.9
  1722.6
  1722.6
  1722.6
  1722.6
  1869.1
  1846.5
  1869.2
  1868.8
  1868.8
  1868.8
  1837.2
  1822.4
  1869.1
  1869.1
  1722.7
  1722.7
  1722.7
  1722.8
  1869.0
  1869.0
  1739.6
  1722.8
  1869.1
  1817.0
  1869.1
  1722.8
  1722.9
  1722.9
  1684.1
  1722.9
  1869.2
  1722.9
  1722.7
  1869.2
  1722.7
  1722.7
  1869.1
  1869.1
  1849.8
  1868.9
  1823.1
  1722.9
  1869.2
  1724.7
  1722.9
  1808.0
  1722.9
  1722.9
  1722.9
  1869.1
  1850.2
  1751.0
  1722.8
  1722.8
  1741.5
  1832.5
  1869.1
  1869.0
  1721.9
  1865.2
  1722.7
  1625.7
  1773.5
   957.3
   719.8
   771.9
   372.3
   570.3
   577.0
   950.4
   975.9
  1217.0
  1469.2
  1658.0
  1413.4
  1721.6
  1722.7
  1869.0
  1869.0
  1722.8
  1782.1
  1869.0
  1723.0
  1723.0
  1869.0
  1869.1
  1869.1
  1722.9
  1869.1
  1722.9
  1722.9
  1723.0
  1869.1
  1723.0
  1869.2
  1840.4
  1722.8
  1869.2
  1869.1
  1723.0
  1767.8
  1869.1
  1722.9
  1869.1
  1869.1
  1869.1
  1722.9
  1869.1
  1869.0
  1838.6
  1868.9
  1867.2
  1722.8
  1869.0
  1869.0
  1869.0
  1869.0
  1869.1
  1722.8
  1869.1
  1869.2
  1869.1
  1848.1
  1869.1
  1722.7
  1722.7
  1722.9
  1722.9
  1869.2
  1869.0
  1869.0
  1793.2
  1810.3
  1869.2
  1722.9
  1722.9
  1722.9
  1724.7
  1869.2
  1852.5
  1778.2
  1869.1
  1858.7
  1778.2
  1722.8
  1869.1
  1722.8
  1797.7
  1869.1
  1869.1
  1869.1
  1722.8
  1786.6
  1722.8
  1722.8
  1869.0
  1869.0
  1684.1
  1655.3
  1863.1
  1623.4
  1404.3
  1148.0
  1137.8
   783.5
  1127.2
   411.4
   678.4
   327.7
   305.9
   549.8
   865.0
  1105.0
  1184.2
  1380.9
  1810.2
  1716.2
  1697.2
  1722.7
  1812.3
  1869.0
  1869.1
  1869.2
  1869.0
  1723.0
  1869.0
  1869.1
  1869.2
  1820.7
  1723.0
  1829.3
  1860.3
  1860.6
  1817.5
  1848.8
  1722.8
  1722.8
  1722.8
  1869.2
  1869.2
  1723.0
  1823.9
  1700.0
  1869.1
  1864.5
  1722.9
  1722.8
  1869.2
  1869.1
  1722.9
  1722.8
  1869.1
  1807.9
  1722.7
  1869.0
  1869.0
  1869.0
  1869.1
  1869.1
  1865.6
  1869.1
  1869.1
  1763.5
  1869.2
  1808.8
  1869.2
  1869.2
  1869.2
  1869.2
  1869.2
  1868.2
  1869.2
  1869.2
  1869.2
  1869.1
  1854.7
  1869.1
  1869.1
  1869.1
  1815.9
  1789.1
  1725.1
  1778.2
  1869.1
  1869.1
  1697.7
  1818.4
  1852.8
  1722.8
  1722.8
  1869.1
  1816.1
  1869.1
  1794.3
  1722.8
  1722.8
  1869.3
  1691.2
  1869.0
  1631.7
  1669.1
  1142.4
  1191.4
   786.0
   648.8
   503.5
   281.8
   533.1
   388.6
   580.5
   870.1
   878.6
   974.0
   917.2
  1430.3
  1402.3
  1244.0
  1812.6
  1718.9
  1722.7
  1722.7
  1722.7
  1722.7
  1722.7
  1869.0
  1869.3
  1723.0
  1869.0
  1723.0
  1722.9
  1869.1
  1869.2
  1869.2
  1722.9
  1869.2
  1784.4
  1869.2
  1858.7
  1864.0
  1869.2
  1869.2
  1631.5
  1816.7
  1869.2
  1722.8
  1722.8
  1722.8
  1722.8
  1722.8
  1819.5
  1722.9
  1860.8
  1764.1
  1867.2
  1722.7
  1722.9
  1722.9
  1869.1
  1869.1
  1869.1
  1869.1
  1869.1
  1804.8
  1869.2
  1817.8
  1869.2
  1869.2
  1869.2
  1843.0
  1869.2
  1799.4
  1722.9
  1722.9
  1869.0
  1869.1
  1869.0
  1722.8
  1861.9
  1825.4
  1722.8
  1722.8
  1853.0
  1869.3
  1723.1
  1723.1
  1723.1
  1869.1
  1869.1
  1816.1
  1816.1
  1869.1
  1795.5
  1723.1
  1789.1
  1869.1
  1722.8
  1723.1
  1723.1
  1723.1
  1646.4
  1664.4
  1810.4
  1425.0
  1544.1
  1440.0
  1347.6
  1030.6
  1015.1
  1197.3
   735.4
   688.0
   912.5
   396.2
   331.1
   325.2
   728.7
   673.4
  1168.8
   859.3
  1719.7
  1578.1
  1718.3
  1869.1
  1716.2
  1869.1
  1857.4
  1869.0
  1837.7
  1869.0
  1849.9
  1869.2
  1869.2
  1869.3
  1869.1
  1869.3
  1829.6
  1869.1
  1854.6
  1721.5
  1722.9
  1722.9
  1849.5
  1722.8
  1869.2
  1869.2
  1722.9
  1869.2
  1868.6
  1858.4
  1869.2
  1722.8
  1798.5
  1722.8
  1722.8
  1869.2
  1869.2
  1869.1
  1842.5
  1869.3
  1869.1
  1722.7
  1869.1
  1722.7
  1722.7
  1764.1
  1764.1
  1764.1
  1869.1
  1869.2
  1796.0
  1869.1
  1859.8
  1869.2
  1722.9
  1722.9
  1722.9
  1846.4
  1869.2
  1869.2
  1869.1
  1869.2
  1808.2
  1795.7
  1869.0
  1722.8
  1869.1
  1820.7
  1869.0
  1829.9
  1869.0
  1866.8
  1840.1
  1869.0
  1869.1
  1869.1
  1869.1
  1809.3
  1840.4
  1869.1
  1869.1
  1722.8
  1722.8
  1722.8
  1869.1
  1722.8
  1650.9
  1849.0
  1610.0
  1646.4
  1302.4
  1431.1
   953.7
   439.1
   593.5
   570.0
   371.1
   699.0
   749.1
  1215.8
  1392.8
  1643.8
  1582.3
  1691.9
  1869.1
  1805.1
  1868.9
  1868.8
  1722.8
  1860.8
  1859.5
  1869.2
  1868.0
  1869.3
  1869.1
  1869.0
  1867.9
  1722.8
  1722.8
  1722.8
  1868.4
  1869.0
  1722.9
  1782.5
  1866.6
  1815.0
  1862.9
  1861.5
  1869.2
  1869.2
  1862.6
  1723.0
  1723.0
  1816.3
  1869.1
  1869.1
  1869.1
  1869.2
  1869.2
  1723.0
  1846.8
  1848.6
  1723.0
  1867.0
  1813.2
  1842.0
  1856.6
  1722.8
  1869.1
  1802.7
  1824.1
  1869.1
  1860.4
  1769.0
  1830.7
  1825.9
  1869.2
  1680.0
  1829.3
  1869.1
  1723.0
  1777.6
  1722.9
  1869.1
  1869.0
  1869.0
  1869.1
  1820.0
  1864.4
  1869.0
  1869.0
  1869.0
  1822.2
  1749.5
  1866.8
  1856.3
  1869.1
  1869.1
  1858.6
  1849.8
  1722.8
  1722.8
  1722.8
  1722.8
  1722.8
  1855.8
  1723.1
  1723.1
  1723.1
  1698.2
  1723.1
  1463.4
  1679.2
   891.6
  1008.4
   595.0
   519.8
   714.2
   547.6
   472.7
   764.8
   944.8
  1084.1
  1279.4
  1056.8
  1622.9
  1510.6
  1705.3
  1866.4
  1839.0
  1803.1
  1755.2
  1837.0
  1722.8
  1832.6
  1868.2
  1722.8
  1697.9
  1845.6
  1723.2
  1722.8
  1723.2
  1869.0
  1869.1
  1722.7
  1868.5
  1860.3
  1722.8
  1802.2
  1702.5
  1861.3
  1862.9
  1805.5
  1722.9
  1869.1
  1829.5
  1723.0
  1869.2
  1854.8
  1703.8
  1850.4
  1723.0
  1723.0
  1810.8
  1732.1
  1813.2
  1855.8
  1765.5
  1722.8
  1722.8
  1722.8
  1722.8
  1722.8
  1816.5
  1737.0
  1696.2
  1805.3
  1800.8
  1723.0
  1723.0
  1723.0
  1723.0
  1811.4
  1853.4
  1723.0
  1722.9
  1869.2
  1869.1
  1851.8
  1869.1
  1869.1
  1827.1
  1866.9
  1869.4
  1723.0
  1723.0
  1723.0
  1747.6
  1869.1
  1855.7
  1722.9
  1722.8
  1618.8
  1869.0
  1683.0
  1667.0
  1775.7
  1849.9
  1678.4
  1789.9
  1772.7
  1790.9
  1048.0
  1290.5
  1068.8
   801.4
   517.8
   670.2
   488.4
  1026.5
   869.1
  1502.4
  1305.9
  1735.7
  1539.0
  1746.2
  1664.5
  1811.7
  1732.5
  1742.7
  1670.0
  1722.8
  1722.8
  1722.8
  1722.8
  1844.5
  1712.0
  1722.7
  1582.0
  1671.5
  1722.7
  1615.6
  1802.3
  1702.6
  1722.8
  1710.7
  1722.8
  1688.7
  1813.6
  1695.3
  1722.1
  1688.7
  1726.3
  1722.9
  1769.8
  1722.9
  1722.9
  1722.9
  1804.5
  1760.1
  1856.7
  1869.2
  1723.4
  1822.9
  1758.3
  1703.3
  1565.9
  1719.4
  1517.7
  1481.8
  1573.5
  1691.0
  1805.6
  1715.3
  1654.9
  1816.0
  1641.6
  1658.3
  1690.8
  1577.7
  1805.0
  1778.0
  1854.1
  1852.9
  1818.5
  1846.7
  1723.0
  1676.3
  1723.0
  1723.0
  1869.1
  1722.8
  1818.3
  1739.9
  1722.8
  1635.5
  1723.1
  1789.5
  1827.4
  1755.9
  1747.3
  1720.6
  1722.9
  1736.0
  1607.2
  1720.9
  1527.5
  1540.1
  1608.3
  1692.2
  1770.5
  1603.9
  1476.6
  1293.8
  1071.9
   762.3
   515.0
   577.8
   313.2
   583.5
   893.3
   782.1
  1383.7
  1290.7
  1502.9
  1490.9
  1413.9
  1592.6
  1736.9
  1506.5
  1575.0
  1538.2
  1614.9
  1504.0
  1587.8
  1725.5
  1724.3
  1571.9
  1534.1
  1695.7
  1625.7
  1560.4
  1520.6
  1677.4
  1658.8
  1530.0
  1607.5
  1710.4
  1605.3
  1546.6
  1775.8
  1625.6
  1747.6
  1760.3
  1783.4
  1698.6
  1729.7
  1551.3
  1542.6
  1688.3
  1598.5
  1564.5
  1478.9
  1278.7
  1551.9
  1726.5
  1669.8
  1374.6
  1537.5
  1329.1
  1386.0
  1384.0
  1601.1
  1683.6
  1641.9
  1635.3
  1820.4
  1752.3
  1612.5
  1666.5
  1785.7
  1818.7
  1708.2
  1722.8
  1722.8
  1722.8
  1745.8
  1562.8
  1476.3
  1563.5
  1275.2
  1520.1
  1693.7
  1555.7
  1729.1
  1613.8
  1536.2
  1315.5
  1519.9
  1485.8
  1254.6
  1489.3
  1625.8
  1631.1
  1513.6
  1208.8
   991.0
  1328.0
   744.7
   839.1
   304.7
   410.8
   393.5
   617.4
   859.3
  1230.7
  1162.8
   974.3
  1310.2
  1377.0
  1422.3
  1408.1
  1430.0
  1117.2
  1254.2
  1419.5
  1510.6
  1295.2
  1290.4
  1338.4
  1494.7
  1220.2
  1145.6
  1240.2
  1396.0
  1534.0
  1318.4
  1382.9
  1303.6
  1252.6
  1205.7
  1303.0
  1205.9
  1402.4
  1380.3
  1571.9
  1594.6
  1332.9
  1530.6
  1321.4
  1284.6
  1101.5
  1142.8
  1458.7
  1381.1
  1462.6
  1065.4
  1184.6
  1172.3
  1314.8
  1237.0
  1369.9
  1359.5
  1420.7
  1140.6
  1220.4
  1335.9
  1017.1
   919.9
  1459.7
  1388.3
  1143.0
  1566.7
  1380.3
  1399.7
  1632.2
  1384.7
  1362.0
  1467.0
  1689.9
  1776.4
  1504.4
  1581.8
  1658.1
  1154.1
  1331.3
  1104.3
  1108.1
  1213.1
  1436.5
  1452.7
  1361.6
  1353.4
  1222.4
  1379.0
  1472.2
  1285.2
  1256.5
  1156.5
  1226.9
  1195.2
  1009.8
  1070.7
  1525.9
  1219.9
  1530.5
  1429.1
  1471.4
  1100.5
  1230.5
  1109.1
   776.0
   890.0
   377.5
   347.7
   502.7
   572.6
   344.3
  1016.9
   922.7
  1046.4
  1370.6
  1134.1
  1257.1
  1193.3
  1252.5
   986.4
   971.7
   925.1
  1067.4
  1050.1
  1191.0
  1130.5
  1295.3
  1057.6
  1156.4
  1245.6
  1150.0
  1059.3
  1206.9
  1056.0
  1076.2
   972.3
  1098.6
  1197.7
  1192.3
  1247.0
  1233.2
  1220.8
  1377.1
  1459.6
  1365.6
   876.8
  1125.9
  1062.0
  1234.0
  1193.6
  1137.4
  1362.3
   954.1
   934.5
  1026.2
  1140.0
  1205.7
  1203.7
  1149.2
  1077.3
  1039.9
  1208.9
  1267.7
  1025.3
  1254.3
  1129.5
  1061.3
  1168.8
  1114.3
  1179.4
  1291.2
  1509.1
  1412.3
  1558.5
  1386.2
   985.8
  1297.5
   752.0
   896.5
   866.3
  1004.4
  1186.8
  1261.0
  1170.5
  1064.9
   981.2
   938.5
   916.0
  1032.0
  1285.5
  1303.7
  1296.2
  1417.9
  1273.4
  1142.5
   911.6
  1031.6
   414.2
   405.8
   367.7
   849.4
  1080.6
  1029.6
   897.5
  1200.6
   717.7
   770.0
   938.9
   984.6
   937.1
   920.4
   831.6
   775.0
   874.2
   874.9
  1042.0
   911.3
   813.3
  1049.5
   908.3
   835.8
   897.1
  1007.1
   760.5
   978.9
   780.3
  1032.8
   997.5
  1070.5
  1063.9
   902.2
   888.3
  1115.2
  1125.2
  1127.4
   784.8
   750.3
  1179.0
  1089.3
   844.8
   991.7
   818.2
   855.7
   905.0
   877.6
   889.7
   942.8
   861.3
  1080.2
   776.7
   988.9
   683.0
   971.5
   849.3
   949.3
   959.7
   931.2
   964.6
   767.0
   788.5
   723.7
  1059.2
  1072.6
  1370.9
  1257.5
  1118.3
  1156.1
  1013.9
   826.9
   567.4
  1095.0
  1208.1
  1061.2
   778.7
   844.9
   915.0
   787.0
   859.3
   784.3
   635.9
  1182.8
   896.6
   906.1
  1196.8
  1060.0
  1045.6
   801.8
   982.5
   833.3
   454.6
   751.0
   620.9
   399.5
   794.4
   758.3
   894.4
   947.2
   970.2
   612.1
   676.8
   717.6
   914.4
   777.5
   817.0
   846.1
   841.6
   852.5
   631.6
   795.7
   753.3
   672.5
   763.9
   893.2
   902.3
   757.5
   730.6
   669.4
   868.3
   645.8
   818.9
   631.8
   647.9
   646.8
   798.4
  1031.9
   749.0
   747.3
   936.2
   652.4
   809.0
   921.0
   970.9
   867.0
   765.7
   752.2
   838.7
   903.3
   900.7
   804.6
   657.4
   728.0
   701.3
   654.4
   648.3
   984.2
   862.8
   818.1
   677.1
   671.1
   859.2
   788.7
   658.2
   566.5
   540.5
   711.1
   889.9
   851.3
  1044.0
   969.5
  1077.0
   939.0
   744.1
  1149.9
   913.7
   968.2
  1028.4
   869.8
   663.4
   933.4
   721.6
   541.5
   621.5
   756.2
   971.2
  1040.1
   948.2
   976.4
   668.8
   735.1
   894.0
   812.4
   758.0
   599.1
   621.5
   636.2
   600.0
   610.8
   691.6
   614.1
   633.3
   664.4
   548.4
   421.2
   703.8
   732.5
   579.7
   533.8
   486.4
   670.9
   524.0
   850.3
   736.6
   505.6
   667.3
   753.4
   644.1
   637.4
   442.7
   487.1
   663.8
   626.2
   764.2
   690.9
   713.7
   500.8
   652.4
   763.8
   742.1
   725.7
   443.6
   506.6
   672.5
   407.6
   597.1
   626.0
   617.6
   678.8
   723.3
   668.0
   683.7
   948.6
   592.6
   707.3
   573.5
   454.2
   498.4
   486.6
   619.1
   727.1
   792.8
   690.4
   698.3
   694.7
   707.4
   578.8
   702.0
   785.0
   699.1
   569.9
   638.1
   587.4
   591.0
   736.7
   646.7
   690.6
   545.8
   540.5
   582.7
   708.5
   752.6
   643.5
   953.1
   695.3
   627.3
   645.9
   726.5
   622.2
   666.2
   399.7
   584.3
   449.6
   378.0
   402.6
   378.9
   473.2
   419.8
   338.3
   336.8
   461.2
   456.5
   393.5
   426.6
   370.8
   334.4
   556.9
   452.7
   406.5
   598.1
   486.9
   462.3
   419.3
   374.4
   359.6
   605.4
   433.1
   401.8
   446.4
   358.9
   485.2
   256.1
   495.3
   311.1
   341.7
   389.2
   500.5
   273.9
   462.4
   326.6
   320.2
   535.6
   332.3
   355.3
   351.0
   488.8
   283.3
   404.5
   262.7
   469.8
   336.4
   559.6
   372.0
   470.1
   424.5
   300.2
   306.8
   333.5
   333.2
   531.1
   320.5
   443.2
   387.0
   308.2
   291.3
   531.2
   336.7
   498.4
   383.2
   379.5
   347.0
   517.5
   309.5
   491.5
   352.4
   326.0
   492.1
   355.6
   350.5
   567.7
   323.6
   433.7
   376.7
   248.8
   504.5
   324.1
   463.6
   447.3
   323.8
   479.9
   314.3
   355.6
   321.6
   622.1
   444.6
   505.5
   295.7
   483.6
   272.6
   386.5
   351.6
   412.0
   515.1
   450.8
   353.6
   603.4
   294.7
   495.8
   472.6
   552.1
   836.4
   723.7
     0.0
   944.6
   896.5
   467.2
   372.9
   434.3
   332.1
   514.4
   441.4
   411.2
   486.4
   433.8
   378.6
   366.2
   524.0
   743.4
   390.3
   510.3
   263.1
   909.1
   875.8
   500.6
   417.3
   462.3
   432.0
   906.2
   884.1
   704.9
   402.3
   503.2
   534.3
   699.2
   350.6
   267.2
   378.8
   448.2
   477.4
   346.7
   428.9
   516.2
   544.8
   316.1
   609.0
   878.7
   505.3
   539.2
   490.5
   413.9
   692.9
   466.8
   441.2
   350.0
   602.4
   464.5
   475.9
   723.3
   719.1
   458.5
   689.3
   341.0
   411.6
   878.1
   837.3
   436.7
   405.5
   664.7
   397.0
   350.9
   681.7
   866.5
   500.1
   416.9
   461.9
   575.0
     0.0
   419.6
   288.9
   420.9
   513.4
   905.4
   483.7
   626.0
   545.7
   583.3
   455.5
   348.6
   584.3
   923.7
   510.3
   710.2
   521.4
   363.7
   491.1
   715.6
   626.1
   706.0
   857.1
   432.6
   376.4
   325.4
   465.0
   391.5
   427.3
   800.7
   704.5
   706.2
   563.0
   489.2
   267.0
   771.6
   833.3
   845.1
   873.6
   443.1
   445.1
   829.6
   336.1
   422.5
   543.0
   719.7
   728.2
   459.8
   431.8
   454.1
   514.1
   353.5
   273.3
   492.0
   648.4
   756.7
   759.7
   448.9
   346.8
   544.5
   372.5
   399.5
   384.9
   446.6
   553.3
   575.9
   381.4
   540.2
   661.1
   722.8
   671.8
   642.6
   538.6
   489.9
   562.4
   894.7
   947.2
   404.7
   477.4
   517.0
   782.4
   608.5
   481.5
   534.2
   671.5
   883.1
   737.4
   772.2
   758.1
   731.1
   619.9
   715.9
   915.4
   595.1
   707.1
   550.2
   551.3
   715.8
   872.8
   596.5
   606.5
   841.8
   993.0
   923.9
   681.2
   959.7
   508.3
   680.6
   916.8
   665.0
   919.9
   715.4
   502.1
  1061.2
   553.6
   924.6
   484.6
   886.9
   829.9
  1001.9
   584.6
   663.3
   734.3
   560.6
   560.5
   502.7
   579.9
   653.8
   663.9
   591.4
   695.2
   665.8
   803.8
   686.9
   916.7
   639.7
   581.1
   584.4
   702.0
   913.0
   681.3
   784.1
   576.7
   625.1
   626.9
   769.8
   869.0
   522.0
   762.3
   725.8
   663.4
   609.9
   700.2
   769.3
   767.1
   737.1
   635.3
   983.4
   625.5
   655.5
   797.2
   791.0
   601.5
   699.8
  1061.7
   691.5
   407.1
   706.6
  1366.0
   949.2
   693.7
   602.5
   934.1
   831.0
   939.5
   948.6
   718.8
   978.5
   782.1
   851.0
   689.4
  1019.9
   831.6
   658.4
  1083.0
   778.6
   996.8
   890.0
   570.2
  1212.1
   744.9
   649.2
   535.9
   605.4
   873.6
   768.1
   410.4
   915.0
   707.4
   741.5
  1040.4
   923.9
   928.1
  1030.3
  1029.1
   554.3
   625.7
   715.2
   867.7
   725.5
   864.2
   819.7
  1096.4
  1027.1
   674.9
  1237.4
  1012.1
   926.8
   842.9
   713.6
   712.2
  1093.6
   827.7
   667.6
   878.1
   703.7
   825.1
   759.5
   993.2
   891.3
   792.2
   949.7
   782.2
   663.1
  1037.2
   800.8
  1053.6
   818.4
   825.6
   782.8
   828.3
   385.1
   860.5
   787.6
   949.8
   911.7
   834.6
   734.1
   629.1
  1212.3
   769.7
  1075.9
  1059.3
   695.6
   858.2
   946.1
   458.0
  1233.9
  1034.6
  1090.7
   771.3
   587.9
  1222.5
  1271.1
   897.9
  1068.5
   682.6
  1049.6
  1143.2
   799.2
   827.1
   916.9
   801.3
   830.2
   490.4
   740.4
  1015.1
   999.9
  1427.0
   683.8
  1011.9
  1381.4
  1299.1
   722.2
   982.3
  1008.9
   973.4
  1219.2
   807.3
  1060.1
  1140.3
   881.4
   873.7
   768.5
  1100.9
  1388.9
   799.8
   941.8
  1106.7
   782.2
  1362.9
   887.8
   857.2
  1048.1
   964.4
  1179.3
   931.8
   970.2
   955.3
   785.1
   702.1
   928.7
  1399.3
  1000.4
   742.7
   720.5
  1060.9
   874.7
   947.2
   864.1
  1112.4
  1347.5
  1334.0
   980.2
   875.4
   835.1
  1067.2
   801.3
  1175.1
  1096.0
  1116.2
  1454.3
  1189.7
  1444.6
  1133.9
   979.3
   945.8
  1316.5
   471.2
  1190.6
   856.2
  1229.4
  1213.4
  1009.8
   478.4
   677.3
  1144.6
  1074.2
   888.7
   565.8
   532.9
  1140.3
  1147.3
   915.1
  1193.0
  1293.7
  1346.9
  1184.4
  1192.6
  1106.2
  1124.7
   976.0
  1184.1
  1301.8
  1338.0
   902.7
  1345.7
   931.1
   908.2
  1132.2
  1352.5
  1411.9
  1168.2
  1326.7
  1331.5
   896.2
   687.1
  1372.3
   892.6
  1046.6
   843.7
  1322.3
   964.0
  1208.6
  1251.2
  1384.6
   554.4
  1137.3
  1022.5
  1066.2
  1125.1
   921.7
  1154.7
  1192.8
  1082.6
  1497.9
  1327.9
  1106.7
  1130.3
  1048.8
   828.2
  1032.1
  1402.2
   805.7
  1148.0
  1301.8
  1191.0
  1140.6
  1016.1
  1125.5
  1295.6
  1125.5
  1230.7
  1164.9
  1229.5
  1058.2
   920.2
  1082.7
   894.0
  1592.8
  1178.8
  1134.2
  1209.6
  1643.0
  1128.0
   962.2
  1172.4
   918.9
  1191.8
   922.1
  1477.4
  1591.6
  1493.9
  1263.8
  1244.3
  1055.3
  1264.2
  1269.1
  1171.7
   891.3
   366.4
  1387.7
  1330.3
  1228.5
   802.6
  1087.3
   507.1
  1517.5
  1255.2
  1570.4
  1352.9
  1441.0
  1444.0
   875.4
  1573.9
  1601.5
  1739.4
  1252.6
  1347.7
  1428.7
  1539.9
  1194.3
  1478.7
  1003.3
  1262.6
  1253.1
  1298.4
   967.0
  1510.1
  1605.5
  1619.6
  1203.6
  1326.1
  1226.3
  1396.3
  1449.4
  1157.5
  1475.7
  1635.2
  1365.7
  1323.6
  1531.4
  1614.4
  1426.1
  1618.8
  1383.8
  1230.6
  1247.3
  1253.1
   995.8
  1356.7
  1361.4
  1572.2
  1396.7
  1609.9
  1354.4
  1265.7
  1236.2
  1380.5
  1731.2
  1194.3
  1476.1
  1013.2
  1462.1
  1527.5
  1209.9
  1397.0
  1257.7
  1278.9
  1613.5
  1514.7
  1328.2
  1495.6
  1606.8
  1104.3
  1492.6
  1666.3
   988.4
  1317.4
  1550.9
  1645.8
  1638.5
  1419.7
  1109.2
  1246.3
  1268.0
   684.3
   383.3
  1302.2
   881.8
   886.2
  1775.1
   477.0
  1719.4
  1444.6
  1726.3
  1677.9
   605.6
   659.8
  1416.1
  1765.7
  1078.4
   972.0
  1718.1
  1671.2
  1714.6
  1708.8
  1573.5
  1487.0
  1527.5
  1287.9
  1605.4
  1562.8
  1799.0
  1264.1
  1657.2
  1669.9
  1737.3
  1008.0
  1827.6
  1635.8
  1761.4
  1422.8
  1433.7
  1607.0
  1347.0
  1589.1
  1587.6
  1339.7
  1666.2
  1717.7
  1457.4
  1326.5
  1343.8
  1511.9
  1407.9
  1720.2
  1714.9
  1784.6
  1655.0
  1449.1
  1302.2
  1413.6
  1568.3
  1651.7
  1700.9
  1664.5
  1365.8
  1411.7
  1572.9
  1544.0
  1700.2
  1796.0
  1468.9
  1725.1
  1209.7
  1582.2
  1441.7
  1759.5
  1693.7
  1713.9
  1607.2
  1603.6
  1555.0
  1404.4
   445.3
  1694.2
  1680.6
  1763.0
  1820.2
  1779.2
  1637.2
  1612.4
  1419.5
  1496.1
  1722.9
  1722.8
  1724.3
  1110.6
   618.0
  1764.9
   327.7
  1716.9
  1858.0
  1668.7
   579.1
   794.5
  1617.4
  1855.4
  1559.6
  1689.9
  1265.3
  1869.1
  1743.5
  1712.9
  1735.1
  1620.9
  1749.3
  1713.1
  1780.0
  1735.3
  1782.6
  1686.5
  1665.8
  1771.5
  1726.9
   754.0
  1705.0
  1674.8
  1733.8
  1681.3
  1283.5
  1046.9
  1643.4
  1539.1
  1643.9
  1719.5
  1803.5
  1735.6
  1711.6
  1611.5
  1455.0
  1804.2
  1691.3
  1722.8
  1658.0
  1708.9
  1769.3
  1814.3
  1722.7
  1672.9
  1612.9
  1665.0
  1779.8
  1728.1
  1652.8
  1750.5
  1796.9
  1762.0
  1795.9
  1646.2
  1722.8
  1813.2
  1737.7
  1647.3
  1817.9
  1739.1
  1711.2
  1789.6
  1711.8
  1750.4
  1626.5
   726.5
  1869.1
  1780.3
  1722.8
  1628.2
  1032.0
  1764.6
  1708.7
  1546.3
  1786.1
  1743.8
  1243.2
   270.3
   959.2
   491.3
   635.7
  1837.4
  1722.8
   961.0
   635.1
   538.8
  1867.6
  1519.2
  1738.1
  1853.1
   421.4
  1785.8
  1722.9
  1692.3
  1767.2
  1759.4
  1869.1
   462.0
  1796.0
  1795.9
  1795.8
  1718.6
  1722.8
  1787.5
  1869.1
  1738.2
  1718.8
  1681.0
  1777.2
  1678.6
  1793.0
  1772.3
  1795.8
  1690.0
  1816.0
  1769.3
  1718.5
  1767.0
   803.1
  1810.1
  1767.6
  1787.1
  1722.8
  1848.9
  1767.4
  1787.4
  1748.0
  1842.7
  1759.3
  1775.5
  1773.1
  1869.1
  1722.8
  1765.6
  1086.1
  1760.0
  1737.3
  1847.7
  1801.1
  1796.0
  1824.3
  1771.5
  1860.5
  1869.0
  1725.2
  1759.9
  1856.3
  1843.5
  1835.0
  1848.7
  1783.5
  1807.2
  1722.7
  1722.6
  1795.9
  1869.1
  1869.1
  1276.2
  1781.9
  1650.3
  1722.7
  1468.2
  1101.5
  1389.3
  1722.6
  1303.9
   709.6
   617.7
  1780.4
   576.4
  1869.0
  1771.5
   700.9
   246.4
   384.5
   565.5
   976.5
   871.3
  1771.5
   817.3
  1674.1
  1608.0
  1829.7
  1839.1
  1755.0
  1755.1
  1767.7
  1722.8
  1771.6
  1391.0
   423.3
  1722.8
   905.5
  1771.6
  1847.4
  1862.1
  1868.9
  1722.8
  1766.3
  1828.9
  1722.7
  1777.5
  1771.4
  1695.1
  1771.6
  1773.1
  1855.6
  1854.9
  1722.6
  1758.9
  1687.8
  1845.1
  1795.9
  1849.3
  1771.5
  1517.9
  1748.6
  1869.0
  1761.7
  1758.1
  1869.2
  1795.9
  1771.6
  1736.7
  1796.1
  1763.8
  1869.1
  1839.5
  1722.8
  1783.4
  1835.8
  1725.2
  1827.9
  1722.8
  1840.1
  1853.7
  1722.8
  1764.5
  1785.4
  1727.6
  1744.5
  1869.1
  1759.3
  1771.5
  1795.9
  1823.3
  1841.5
  1770.1
  1722.8
  1832.2
  1869.0
  1858.5
  1795.9
  1796.0
  1722.6
  1722.8
  1746.5
  1722.8
  1852.1
  1788.0
  1243.9
  1722.7
  1762.2
  1847.5
  1747.1
   434.0
  1242.7
  1312.5
  1714.7
  1795.9
   541.0
   563.0
   312.5
  1869.2
  1093.4
   319.2
  1790.2
  1828.7
  1123.0
  1537.9
  1747.8
  1869.1
  1394.1
  1848.7
  1849.2
  1869.2
  1722.9
  1795.9
  1796.0
  1722.8
  1815.5
  1813.0
  1795.9
  1833.3
  1722.8
  1722.8
  1805.1
  1751.7
  1722.8
  1818.2
  1805.1
  1752.8
  1722.6
  1687.8
  1722.9
  1771.6
  1771.6
  1812.8
  1722.9
  1795.9
  1753.7
  1722.6
  1858.5
  1772.3
  1798.9
  1843.9
  1824.4
  1770.5
  1771.5
  1849.3
  1805.7
  1796.0
  1860.8
  1828.4
  1816.5
  1795.9
  1864.5
  1771.6
  1722.8
  1795.9
  1771.5
  1722.8
  1796.0
  1758.0
  1831.5
  1759.5
  1795.9
  1790.1
  1869.0
  1770.4
  1778.1
  1772.6
  1771.6
  1730.7
   476.9
  1771.5
  1868.9
  1771.6
  1722.8
  1721.7
  1603.4
  1795.8
  1771.4
  1796.0
  1784.7
   519.0
  1412.8
  1532.6
  1771.5
   895.8
   263.1
   752.3
   582.7
   427.0
   676.5
   331.1
  1346.0
  1869.0
  1771.6
  1244.5
   583.3
   592.2
   794.2
  1533.0
  1052.4
  1132.2
  1538.5
   859.7
  1615.7
  1869.0
  1835.6
  1771.6
  1859.3
  1869.0
  1839.6
  1867.6
  1861.8
  1796.0
  1722.7
   959.5
  1722.8
  1785.1
  1795.9
  1771.7
  1869.1
  1771.4
  1796.0
  1777.9
  1771.5
  1838.1
  1796.0
  1843.5
  1839.3
  1861.6
   483.6
  1849.8
  1869.1
  1795.9
  1847.1
  1722.9
  1722.8
  1771.6
  1722.9
  1869.0
  1795.9
  1407.3
  1758.3
  1795.9
  1722.8
  1869.1
  1761.0
  1747.6
  1796.0
  1772.4
  1771.8
  1846.8
  1722.8
  1745.6
  1836.8
  1721.7
  1722.8
  1722.7
  1771.7
  1771.6
  1869.4
  1722.8
  1722.7
  1818.5
  1784.7
  1771.6
  1757.3
  1840.0
  1859.4
  1728.2
  1216.4
  1722.8
  1722.7
  1796.0
  1863.0
  1722.7
  1652.7
   901.7
  1038.2
  1145.5
   800.9
   588.3
   379.1
   413.2
   501.2
   885.8
  1354.1
  1796.0
   573.1
   648.1
  1674.5
  1772.0
  1238.3
   757.7
  1852.1
  1795.9
  1749.1
  1796.0
  1037.6
  1867.0
  1796.0
  1795.9
  1796.0
  1722.6
  1795.9
  1630.8
  1869.1
  1845.7
  1789.6
  1770.6
  1747.0
  1863.0
  1722.8
  1772.8
  1869.0
  1722.8
  1833.1
  1854.5
  1755.2
  1749.1
  1795.9
  1861.3
  1771.5
  1825.6
  1869.1
  1869.0
  1739.4
  1831.5
  1747.5
  1795.9
  1771.6
  1869.1
  1869.0
  1707.1
  1758.0
  1771.6
  1722.7
  1771.8
  1817.2
  1831.1
  1773.6
  1835.3
  1868.9
  1772.5
  1847.4
  1722.8
  1826.2
  1755.7
  1722.7
  1768.1
  1722.8
  1722.8
  1785.4
  1763.8
  1869.0
  1722.7
  1793.1
  1757.2
  1765.1
  1722.7
  1869.2
  1762.5
  1629.2
  1242.6
  1771.7
  1847.2
  1795.9
  1866.1
  1869.0
  1855.1
  1863.3
  1795.8
  1634.9
  1774.5
  1444.5
  1181.7
   916.1
   656.4
   677.5
   373.5
   962.2
  1866.3
   950.4
   523.6
  1755.2
  1860.6
  1593.5
  1235.1
  1169.2
  1869.0
  1794.3
  1781.5
  1701.8
  1787.3
  1869.0
  1853.5
  1722.6
  1719.8
  1856.2
  1771.4
  1787.7
  1722.6
  1771.5
  1722.8
  1795.9
  1762.0
  1869.0
  1722.9
  1795.9
  1722.8
  1722.8
  1795.9
  1845.1
  1869.0
  1722.6
  1722.9
  1801.3
  1722.8
  1850.3
  1825.6
  1722.8
   548.6
  1836.3
   304.4
  1771.6
  1775.2
  1722.7
  1789.5
  1771.5
  1866.1
  1816.4
  1771.6
  1722.9
  1842.8
  1722.9
  1848.4
  1855.2
  1862.4
  1722.7
  1795.8
  1867.1
  1869.0
  1791.6
  1771.5
  1854.7
  1862.6
  1869.0
  1858.6
  1795.9
   317.0
  1786.4
  1780.2
  1869.2
  1701.6
  1418.8
  1836.3
  1722.8
  1869.0
  1828.2
  1796.0
  1759.5
  1616.3
  1699.9
  1757.7
  1815.1
  1722.9
  1152.3
   737.2
   473.8
   314.2
   722.9
   300.6
  1748.9
  1722.6
  1816.5
  1023.9
   965.7
  1771.6
   502.6
   717.6
  1771.5
  1706.3
  1759.1
  1869.0
  1585.4
  1869.0
  1832.4
   910.1
  1771.4
  1831.9
  1795.9
   318.6
  1795.9
  1796.0
  1684.4
  1722.8
  1771.6
  1825.1
  1869.1
  1795.8
  1805.8
  1710.9
  1722.8
  1796.0
  1722.8
  1796.1
  1795.8
  1796.0
  1722.8
  1712.9
  1771.6
  1842.6
  1865.0
  1789.6
  1029.3
  1761.5
  1722.9
  1796.1
  1771.6
  1762.2
  1821.0
  1848.4
  1769.4
  1795.9
  1829.2
  1767.8
  1771.6
  1774.4
  1771.6
  1722.8
  1771.5
  1770.4
  1795.9
  1736.2
  1713.6
  1840.9
   805.5
  1857.9
  1865.3
  1869.0
  1803.7
  1869.3
  1847.4
  1771.6
  1748.1
  1769.6
  1444.5
  1869.3
  1794.6
  1869.1
  1842.7
  1739.7
  1801.5
  1716.4
  1869.1
  1722.9
  1511.6
  1722.8
   998.0
   587.9
   789.7
  1722.8
   366.5
  1859.7
  1869.1
  1768.1
   510.9
  1201.0
  1358.5
  1477.4
  1667.9
   542.5
  1795.9
  1722.7
  1826.2
  1722.7
  1741.2
  1795.9
  1815.4
  1795.7
  1795.8
  1841.5
  1816.1
  1795.8
  1795.9
  1832.6
  1794.8
  1822.5
  1794.8
  1722.8
  1771.6
  1167.6
  1847.5
  1854.0
  1771.6
  1787.2
  1796.0
  1795.9
  1722.8
  1722.8
  1860.2
  1793.2
  1756.1
  1764.7
  1796.0
  1869.2
  1866.0
  1765.8
   787.6
  1781.9
  1796.0
  1770.3
  1796.1
  1858.1
  1183.5
  1869.2
  1796.0
  1723.0
  1757.2
  1852.0
  1722.8
  1773.1
  1796.0
  1771.6
  1722.9
  1722.9
  1722.8
  1722.8
  1869.1
  1789.4
  1796.1
  1754.1
  1869.1
  1771.6
  1796.0
  1869.1
  1722.8
  1722.9
  1796.0
  1796.0
  1821.3
  1714.7
  1843.4
  1854.7
  1869.1
  1856.0
  1776.3
  1797.0
  1796.0
  1722.9
  1605.7
  1771.6
  1771.5
  1869.0
  1858.7
  1700.4
  1380.5
  1073.5
   952.3
   356.1
   964.5
  1069.3
   455.0
   608.0
  1764.2
  1863.8
  1869.1
   818.8
   347.4
  1038.1
  1334.6
  1846.4
  1869.0
  1052.7
  1612.3
  1762.7
   530.7
  1761.1
  1761.4
  1747.1
  1827.7
  1869.0
  1848.9
  1847.4
  1869.0
   948.5
  1761.3
  1841.2
  1839.3
  1845.0
  1832.0
  1841.3
  1796.1
  1771.1
  1830.8
  1722.8
  1771.5
  1771.5
  1722.8
  1869.1
  1869.0
  1771.5
  1820.2
  1796.6
   924.4
  1755.6
  1869.1
  1862.7
  1760.2
  1757.2
  1722.8
  1766.2
  1771.6
  1858.9
  1794.8
  1437.4
  1735.6
  1869.0
  1845.3
  1771.7
  1762.5
  1835.6
  1869.0
  1713.5
  1770.0
  1801.9
  1866.2
  1763.3
  1830.8
  1869.1
  1869.2
  1868.2
  1864.5
  1771.7
  1722.9
  1735.7
  1771.7
  1844.9
  1699.2
  1457.7
  1745.2
  1833.8
  1795.8
  1771.6
  1778.4
  1764.1
  1846.0
  1858.7
  1741.6
  1689.7
  1659.4
  1673.7
  1387.5
  1286.3
  1722.8
   964.5
   453.1
   390.8
  1821.8
   363.6
  1499.7
  1722.7
  1831.2
  1768.7
  1723.0
  1206.1
  1722.8
  1869.2
  1832.9
  1869.2
  1853.5
  1849.6
   490.5
  1708.5
  1869.0
  1869.0
  1795.9
  1869.2
  1821.5
  1845.3
  1795.9
  1758.3
  1842.5
  1869.0
  1869.0
  1869.0
   900.5
  1856.3
  1711.2
  1869.1
  1763.5
  1843.8
  1868.9
  1759.3
  1854.0
  1869.1
  1822.3
  1869.2
  1845.9
  1722.8
  1840.9
  1869.1
  1796.1
  1796.2
  1771.6
  1723.0
  1771.6
  1722.8
  1869.1
  1771.7
  1723.1
  1832.8
  1796.1
  1719.9
   732.7
  1842.1
  1869.2
  1795.8
  1771.6
  1795.9
  1771.7
  1795.9
  1796.2
  1763.4
  1771.7
  1796.1
  1722.9
  1298.2
  1864.6
  1796.1
  1785.0
  1762.7
  1869.2
  1737.9
  1869.0
  1723.0
  1529.8
  1722.8
  1867.4
  1723.0
  1722.9
  1835.2
  1796.0
  1869.2
  1746.7
  1742.1
  1365.4
   910.9
   995.3
  1831.4
  1869.0
   558.5
   344.3
   842.3
  1756.1
  1466.7
  1758.9
   541.6
  1793.7
  1614.1
   980.1
   979.9
  1257.9
  1857.1
  1722.9
  1829.5
  1766.7
  1869.0
  1766.1
  1771.6
  1860.9
  1771.7
  1722.9
  1869.0
  1869.0
  1869.0
  1852.3
  1796.0
   595.7
  1796.0
  1758.4
  1865.9
  1726.0
  1796.1
  1771.6
  1729.2
  1722.9
  1771.5
  1739.0
  1796.0
  1722.8
  1869.2
  1868.9
  1869.1
  1841.8
  1771.5
  1795.9
  1768.5
  1833.7
  1771.6
  1856.5
  1723.0
  1869.1
  1764.4
  1722.9
  1796.1
  1869.1
  1843.4
  1765.5
  1771.6
  1687.9
  1722.9
  1796.0
  1767.4
  1833.0
  1869.2
  1734.6
  1861.1
  1722.9
  1842.9
  1788.0
  1722.7
  1795.9
  1722.7
   328.7
  1795.9
  1869.0
  1796.0
  1771.7
   732.2
  1842.0
  1846.3
  1720.8
  1640.3
  1771.6
  1758.7
  1769.1
  1640.9
  1869.2
  1722.9
  1658.9
  1207.2
   798.8
   760.7
   837.6
   582.4
   376.7
  1818.4
  1021.7
   603.2
  1751.8
  1733.3
   831.9
  1431.4
  1759.9
  1284.3
  1140.8
  1739.4
  1733.3
  1747.1
  1722.9
   989.5
  1722.9
  1863.5
  1792.7
  1795.9
  1859.6
  1826.9
  1722.9
  1722.9
  1722.8
  1722.8
  1746.7
  1796.0
  1768.4
  1796.0
  1759.8
  1469.6
  1869.0
  1033.5
  1771.6
  1775.9
  1869.1
  1869.0
  1841.7
  1795.9
   555.2
  1771.7
  1869.1
  1771.6
  1722.9
  1795.9
  1796.0
  1796.0
  1869.0
  1869.3
  1746.7
  1755.7
  1722.9
  1850.3
  1722.9
  1774.5
  1771.6
  1722.7
  1722.7
  1869.0
  1869.2
  1759.6
  1722.9
  1869.3
  1739.7
  1438.7
  1722.8
  1376.9
  1869.2
  1800.8
  1855.5
  1763.8
  1849.8
  1855.5
  1771.6
  1869.2
  1869.1
   437.5
  1867.8
  1865.2
  1762.8
  1795.9
  1722.9
  1531.6
  1613.4
  1517.5
  1633.2
  1771.4
  1796.0
  1004.0
   702.4
   507.7
  1771.5
  1840.3
   757.9
   617.8
  1869.0
  1795.7
  1625.8
  1689.3
  1795.9
  1795.9
   668.1
  1849.7
  1756.1
  1543.4
  1869.0
  1796.0
  1771.5
  1722.9
  1869.1
  1722.8
  1771.6
  1796.0
  1846.5
  1771.5
  1869.1
  1749.0
  1831.2
  1722.9
  1722.7
  1733.5
  1869.1
  1755.0
  1771.6
  1722.7
  1771.6
  1796.0
  1796.0
  1722.9
  1796.0
  1771.6
  1761.8
  1869.2
  1796.0
  1795.8
  1796.0
  1846.3
  1796.0
  1869.0
  1821.6
  1796.0
  1795.9
  1739.7
  1773.5
  1848.4
  1722.9
  1722.8
  1731.2
  1850.3
  1776.5
  1763.8
  1869.2
  1844.1
  1722.8
  1796.0
  1869.1
  1869.2
  1795.9
  1722.9
  1376.3
  1796.0
  1863.1
  1771.6
  1793.9
  1794.0
  1789.8
  1795.9
  1721.3
  1765.6
  1722.8
  1867.1
  1748.6
  1194.9
   576.6
  1800.7
  1274.5
   891.4
   350.5
   728.7
   315.6
   369.4
  1796.0
  1739.7
   840.2
  1676.3
   561.4
   583.1
  1722.8
  1246.6
  1198.5
  1052.9
  1864.5
  1795.5
  1724.2
  1869.0
  1796.0
  1869.0
  1755.4
  1722.9
  1799.6
  1796.0
  1869.0
  1392.8
  1770.5
  1869.2
  1796.1
  1795.7
  1745.4
  1771.5
  1795.9
  1796.0
  1758.3
  1849.3
  1861.5
  1810.3
  1795.8
  1842.9
  1857.2
  1847.7
  1832.0
  1771.5
  1780.8
  1722.9
  1810.1
  1753.6
  1847.6
  1771.5
  1750.2
  1802.5
  1796.0
  1862.4
  1869.0
  1869.1
  1771.7
  1869.1
  1796.1
  1753.7
  1782.8
  1834.3
  1770.5
  1858.7
  1830.0
  1869.1
  1796.0
  1861.9
  1833.4
  1722.8
  1794.0
  1823.9
  1854.5
  1722.9
  1808.2
  1722.8
  1787.8
  1854.7
  1722.8
  1795.8
  1759.3
  1722.6
  1796.0
  1771.7
   522.8
  1795.9
  1845.9
  1633.7
  1845.9
  1722.8
  1869.0
   836.4
  1633.2
  1708.2
  1567.8
  1771.5
  1865.2
  1142.1
   680.1
   376.3
   352.3
  1722.9
   897.9
   535.1
  1731.0
  1589.5
   428.9
   319.3
  1771.8
  1771.5
   668.6
  1869.0
  1723.0
  1731.0
  1356.1
  1795.9
  1854.5
  1864.2
  1860.8
  1543.5
  1723.0
  1856.6
  1771.5
  1869.1
  1868.9
  1869.1
  1789.3
  1722.8
  1722.8
  1722.8
  1867.0
  1863.1
   624.4
  1849.4
  1854.5
  1848.8
  1722.9
  1722.8
  1855.9
  1867.4
  1771.5
  1795.9
  1792.9
  1773.6
  1771.5
  1767.6
  1756.7
  1773.6
  1860.7
  1721.3
  1831.9
  1761.4
  1795.9
  1771.6
  1771.7
  1665.0
  1707.6
  1825.2
  1771.5
  1722.9
  1855.2
  1859.4
  1771.4
  1766.9
  1722.8
  1771.6
  1830.4
  1787.8
  1869.0
  1722.8
  1722.8
  1796.0
  1869.0
  1171.4
   679.3
  1869.0
  1722.7
  1840.1
  1860.0
  1526.5
  1747.1
  1784.3
  1765.1
   977.0
  1695.0
  1734.8
  1844.7
  1795.9
  1557.7
  1222.8
   966.9
   883.4
  1370.4
  1864.5
   470.7
   773.0
  1723.0
   581.8
   285.9
  1864.8
  1771.7
   989.4
  1722.8
  1700.3
  1869.1
  1785.8
  1722.8
  1796.0
  1829.6
  1869.1
  1795.9
  1836.2
  1796.0
  1767.6
  1852.7
  1431.1
  1837.8
  1765.6
  1784.6
  1771.5
  1722.8
  1771.5
  1869.0
  1757.9
  1864.4
  1771.6
  1837.8
  1775.6
  1723.0
  1766.2
  1754.3
  1771.5
  1798.3
  1723.8
  1804.5
  1723.0
  1767.3
  1796.1
  1764.1
  1869.1
  1722.8
  1869.0
  1762.4
  1722.8
  1742.8
  1796.5
  1770.2
  1722.8
  1629.8
  1779.8
  1771.6
  1869.1
  1771.7
  1771.6
  1722.8
  1831.6
  1795.8
  1825.8
  1796.0
  1700.3
  1722.9
  1772.5
  1795.9
  1795.9
  1554.5
   643.1
  1789.0
  1795.8
  1452.4
  1719.8
  1830.5
  1751.9
  1722.7
  1771.6
  1756.1
  1722.9
  1758.6
  1764.7
  1202.8
   882.6
   939.3
   572.6
  1814.0
  1869.2
  1821.0
   531.3
   462.3
  1532.2
  1771.5
   821.3
  1845.2
  1868.0
  1869.0
  1865.9
  1861.7
  1715.8
  1717.6
  1795.9
  1849.7
  1796.0
  1722.9
  1760.1
  1863.2
  1723.8
  1722.9
  1858.1
  1787.5
  1717.6
  1803.9
  1770.2
  1722.5
  1722.7
  1749.1
  1861.7
  1747.8
  1795.9
  1722.8
  1716.3
  1771.6
  1722.8
  1826.9
  1743.8
  1795.8
  1155.9
  1853.2
  1776.0
  1723.8
  1795.9
  1787.9
  1771.5
  1858.7
  1722.8
  1796.1
  1869.0
  1722.8
  1832.7
  1869.0
  1795.9
  1722.6
  1771.4
  1795.8
  1836.9
  1869.1
  1749.2
  1795.9
  1814.8
  1758.8
  1596.4
  1771.4
  1849.7
  1722.7
  1850.1
  1864.5
  1853.6
  1854.7
  1771.4
  1722.6
  1774.4
  1857.7
  1795.9
  1795.9
  1709.9
  1771.5
  1781.9
  1726.4
  1771.5
  1706.6
  1451.7
  1796.0
  1040.7
   516.7
  1826.2
  1771.6
  1764.5
  1384.8
   916.1
   853.0
   492.7
   475.0
  1795.8
   994.9
  1465.7
   643.5
   613.5
  1758.2
  1864.8
   616.8
  1771.5
  1869.1
  1869.1
  1869.1
  1717.3
  1722.6
  1855.8
  1589.0
  1810.9
  1722.8
  1746.8
  1722.8
  1795.9
  1869.2
  1855.8
  1712.4
  1769.4
  1771.6
  1771.7
  1818.2
  1867.2
  1782.5
  1778.6
  1826.1
  1738.6
  1853.2
  1722.7
  1784.1
  1869.3
  1854.4
  1852.9
  1869.0
  1759.4
  1807.9
  1796.5
  1795.9
  1796.2
  1795.8
  1759.6
  1795.8
  1846.1
   856.6
  1722.7
  1722.6
  1733.4
  1867.5
  1722.9
  1869.2
  1722.9
  1798.8
  1795.9
  1741.6
  1756.6
  1836.4
  1778.8
  1722.7
  1771.7
  1753.6
  1824.9
  1799.6
  1811.9
  1811.5
  1869.1
  1722.8
  1753.6
  1781.8
  1834.4
  1111.4
  1762.7
  1817.2
  1864.0
  1785.3
  1829.5
  1461.2
  1297.3
   970.7
  1150.7
  1796.2
   985.9
   718.5
   562.6
  1392.3
  1862.0
  1726.6
  1859.5
  1863.7
   828.5
   547.8
   498.6
  1208.5
  1133.0
  1328.2
  1869.2
  1722.7
  1795.7
  1771.2
  1564.5
  1845.9
  1771.6
  1761.9
  1621.2
  1845.9
  1761.4
   623.1
  1771.6
  1795.9
  1854.6
  1850.6
  1806.1
  1869.2
  1771.6
  1261.3
  1796.0
  1864.2
  1771.7
  1796.0
  1796.0
  1057.9
  1723.0
  1722.8
  1796.0
  1868.9
  1816.6
  1722.6
  1869.3
  1722.9
   983.4
  1844.9
  1854.0
  1722.8
  1722.7
  1869.2
  1843.9
  1844.3
  1784.9
  1818.5
  1827.9
  1836.0
  1796.0
  1748.5
  1733.0
  1848.6
  1722.6
  1817.8
  1796.1
  1743.8
  1722.9
  1722.8
  1718.0
  1722.9
  1771.5
  1722.7
  1722.8
  1867.8
  1857.7
  1869.2
  1846.0
  1771.6
  1760.1
  1840.7
  1869.1
  1756.4
  1609.2
   769.7
  1768.4
  1730.2
  1869.1
  1799.8
  1555.8
  1719.1
   482.8
  1061.4
  1153.8
   694.0
   850.7
  1869.0
   375.3
  1832.3
   706.7
   474.2
   490.3
  1856.8
  1796.0
  1817.8
  1867.3
  1853.6
  1844.9
  1869.0
  1771.5
  1746.6
  1640.3
  1851.0
  1179.7
  1722.7
  1771.5
  1381.5
  1869.0
  1771.6
  1869.1
  1869.2
  1771.6
  1750.6
  1758.2
  1722.9
  1842.5
  1767.8
  1755.7
  1761.9
  1796.0
  1821.3
  1769.3
  1722.7
  1855.3
  1794.2
  1869.1
  1812.0
  1869.2
  1771.4
  1865.4
  1783.3
  1771.5
  1722.7
  1860.7
  1722.7
  1771.5
  1795.9
  1869.1
  1855.4
  1722.7
  1860.6
  1722.8
  1795.9
  1851.1
  1848.1
  1771.5
  1790.7
  1796.0
  1843.8
  1722.8
  1796.2
  1869.1
  1795.9
  1771.5
  1795.9
  1795.9
  1869.1
  1765.3
  1869.1
  1722.8
  1771.6
  1388.0
  1771.6
  1760.9
  1771.6
  1812.2
  1771.5
  1848.5
  1722.7
  1748.0
  1795.9
  1869.1
  1869.1
  1714.9
  1584.6
  1722.8
  1771.5
   409.1
  1048.6
   666.5
  1059.1
   781.0
   386.0
   404.3
   795.1
   542.1
   284.4
  1724.9
  1813.2
  1574.2
  1869.1
  1868.9
  1722.8
  1771.7
  1863.8
  1869.0
  1796.0
  1869.0
  1722.7
  1687.3
  1771.5
  1796.0
  1790.3
  1722.8
  1722.8
  1811.7
  1867.6
  1722.9
  1767.7
  1771.6
  1829.4
  1839.1
  1796.0
  1869.1
  1796.0
  1783.4
  1771.6
  1662.2
  1722.9
  1795.9
  1764.5
  1776.2
  1869.1
  1869.1
  1848.7
  1796.0
  1869.1
  1857.0
  1858.1
  1784.7
  1765.3
  1722.8
  1869.1
  1869.1
  1857.8
  1865.7
  1869.3
  1771.6
  1795.9
  1786.6
  1859.3
  1869.1
  1869.0
  1869.5
  1847.5
  1719.4
  1796.2
  1722.8
  1722.8
  1771.6
  1849.1
  1869.1
  1796.1
  1741.3
  1722.8
  1764.6
  1832.6
   730.5
  1722.7
  1834.5
  1771.5
  1869.0
   629.6
  1444.6
  1826.7
  1757.2
  1512.4
  1796.1
  1722.7
  1186.6
   863.9
   563.9
   555.0
  1442.0
  1857.9
   934.7
   476.4
   696.6
  1238.8
  1869.1
  1869.1
   747.1
  1210.6
  1724.7
  1858.6
  1722.8
  1859.9
  1869.0
  1796.0
  1765.5
  1745.2
  1854.0
  1751.3
  1796.0
  1778.3
  1846.4
  1604.1
  1807.8
  1839.0
  1866.1
  1855.9
  1765.5
  1836.3
  1796.0
  1771.7
  1869.1
  1760.2
  1722.8
  1784.8
  1730.8
  1795.9
  1822.7
  1839.5
  1722.4
  1771.6
  1740.8
  1771.7
  1860.4
  1771.5
  1722.9
  1807.1
  1796.0
  1771.7
  1827.1
  1796.2
  1722.7
  1844.7
  1796.0
  1844.1
  1869.1
  1722.9
  1771.7
  1834.5
  1832.7
  1796.0
  1850.4
  1758.4
  1768.0
  1771.5
  1862.2
   783.4
  1771.4
  1795.9
  1856.1
  1722.9
  1796.1
  1722.8
  1830.8
  1860.8
  1784.5
  1722.9
  1771.4
  1630.6
  1279.3
  1722.7
  1722.3
  1795.8
  1742.4
  1722.9
  1466.1
  1150.3
   966.8
   817.1
   456.0
   591.2
  1869.1
  1722.8
  1138.1
   354.3
   438.4
  1334.5
  1683.2
  1718.1
  1869.1
  1770.8
  1774.0
  1713.9
  1760.3
  1435.4
  1722.8
  1754.4
  1771.6
  1722.8
  1869.0
   861.8
  1869.1
  1796.1
  1714.8
  1796.0
  1796.1
  1710.7
  1794.2
  1795.9
  1771.8
  1761.9
  1796.0
  1869.3
  1746.9
  1762.5
  1734.8
  1771.7
  1751.5
  1869.1
  1745.5
  1756.7
  1845.8
  1771.6
  1795.9
  1863.3
  1796.0
  1854.1
  1796.0
  1771.6
  1771.8
  1860.8
  1771.6
  1796.1
  1709.1
  1780.1
  1844.0
  1771.8
  1722.9
  1824.6
  1845.9
  1824.7
  1855.8
  1868.3
  1869.2
  1853.3
  1734.6
  1858.2
  1869.2
  1771.4
  1797.6
  1795.9
  1771.5
  1762.4
  1722.8
  1510.2
  1154.3
  1795.9
  1869.0
  1771.6
  1835.5
  1796.0
  1771.5
  1722.7
  1662.7
  1476.9
  1128.4
  1770.3
  1869.0
  1121.4
   626.9
   366.6
  1771.4
  1651.7
  1646.0
   678.9
   511.2
   668.1
  1722.7
  1219.3
  1722.6
  1843.9
  1287.1
  1770.8
  1869.1
  1771.5
  1798.4
  1722.6
  1796.0
  1832.5
  1869.1
  1723.0
  1722.8
  1722.9
  1498.7
   547.1
  1722.9
  1771.8
  1722.4
  1869.2
  1722.6
  1848.2
   779.9
  1663.4
  1795.9
  1722.6
  1762.3
  1808.5
  1722.2
  1771.5
  1855.8
  1795.9
  1720.4
  1722.8
  1771.6
  1852.9
  1716.4
  1777.6
  1795.9
  1795.7
  1722.9
  1771.8
  1869.1
  1868.9
  1796.2
  1869.3
  1771.8
  1838.2
  1722.6
  1869.1
  1869.1
  1704.8
  1775.8
  1820.6
  1795.9
  1771.5
  1715.9
   733.2
  1869.2
  1868.9
  1861.5
  1718.6
  1869.2
  1771.6
  1722.6
   348.8
  1868.9
  1869.1
  1629.3
  1003.8
  1754.2
  1542.7
  1762.6
  1391.0
  1121.0
  1027.3
  1726.8
  1783.7
  1787.8
  1856.3
  1722.5
  1795.7
   820.2
   468.2
  1795.9
  1753.5
  1104.4
   560.6
   965.8
  1471.7
   645.9
  1771.4
  1770.8
  1722.8
  1771.4
  1722.7
  1770.8
   562.0
  1711.6
  1781.0
  1796.0
  1843.9
  1856.7
  1771.4
  1722.6
  1769.4
  1869.1
  1860.1
  1770.3
  1706.7
   854.9
  1315.2
  1867.1
  1840.2
  1722.7
  1771.8
  1869.0
  1796.0
  1722.6
  1756.6
  1869.0
  1722.9
  1795.9
  1771.6
  1722.7
  1825.4
  1693.2
  1771.5
  1724.3
  1755.9
  1771.5
  1722.9
  1759.1
  1755.9
   957.7
  1796.0
  1704.7
  1869.1
  1723.1
  1869.0
  1771.5
  1722.9
  1818.9
  1825.2
  1869.1
  1771.5
  1771.5
  1722.9
  1771.6
  1796.0
  1795.7
  1864.2
  1851.0
  1796.0
  1796.0
  1869.0
  1795.9
  1869.0
  1849.8
  1787.8
  1838.6
  1796.1
  1332.0
   848.3
  1735.0
  1724.4
  1760.2
   594.0
  1581.1
  1869.0
  1687.7
  1101.6
   938.5
   652.7
   895.5
  1722.7
  1722.9
  1795.9
  1118.6
   572.1
  1743.6
  1795.9
  1667.6
  1869.0
  1723.0
  1796.0
  1341.8
  1706.7
  1735.5
  1869.1
  1814.9
  1771.5
  1722.9
  1618.9
  1780.9
  1771.6
  1796.0
  1771.4
  1868.9
  1795.8
  1722.6
  1795.9
  1759.1
  1738.4
  1722.9
  1869.2
  1858.4
  1774.4
  1785.4
  1771.5
  1845.7
  1837.7
  1858.4
  1779.2
  1710.2
  1796.1
  1771.7
  1768.9
  1793.6
  1869.1
   853.1
  1722.2
  1869.0
  1794.7
  1722.9
  1769.9
  1722.8
  1869.2
  1771.7
  1709.9
  1795.8
  1795.9
  1869.0
  1739.6
  1722.7
  1868.3
  1766.1
  1763.4
  1851.2
  1808.0
  1722.8
  1864.2
  1823.1
   853.8
  1766.0
  1722.9
  1852.8
  1869.0
  1721.9
  1724.8
  1847.5
  1771.5
  1770.2
  1034.7
  1746.1
  1748.1
  1787.0
  1795.4
  1869.0
  1293.7
   458.4
   695.1
   719.8
   309.2
   372.3
  1315.2
  1563.6
  1040.4
  1491.7
   668.0
   592.9
  1161.4
  1795.9
  1869.1
  1723.0
  1722.7
  1795.9
  1722.8
  1771.5
  1217.0
  1767.2
  1771.5
  1796.0
  1767.4
  1857.8
  1869.1
  1796.0
  1421.2
  1720.5
  1796.0
  1853.3
  1869.0
  1771.6
  1741.2
  1858.9
  1771.5
  1840.4
  1869.1
  1861.6
  1722.7
  1771.5
  1869.1
  1869.1
  1722.8
  1722.9
  1730.3
  1722.8
  1862.7
  1869.0
  1796.0
  1709.9
  1771.5
  1825.9
  1722.8
  1796.0
  1869.2
  1869.1
  1767.8
  1722.7
  1795.8
  1723.8
  1750.6
  1722.9
  1869.1
  1847.4
  1722.9
  1869.0
  1765.3
  1796.0
  1722.9
  1810.3
  1865.2
  1772.9
  1741.4
  1850.2
  1785.3
  1849.5
  1751.0
  1732.2
  1777.6
  1795.9
  1796.0
  1826.5
  1539.9
   864.6
  1722.8
  1845.3
  1722.8
  1863.6
  1865.6
  1869.1
  1869.0
  1684.8
  1424.0
  1271.0
  1052.7
   758.4
   348.3
  1623.4
  1754.7
  1796.0
   350.0
  1869.0
  1840.0
  1795.9
   760.4
   577.0
   573.7
   975.9
  1689.8
  1722.3
  1840.0
  1796.0
  1722.9
  1722.6
  1869.0
  1754.8
  1791.8
  1723.0
  1844.5
   878.6
  1842.0
  1771.7
   541.4
  1796.1
  1796.0
  1795.9
  1846.2
  1771.6
  1817.5
  1795.9
  1771.6
  1867.6
  1723.0
  1755.6
  1869.1
  1868.4
  1869.0
  1864.5
  1869.2
  1869.1
  1771.6
  1869.2
   888.6
  1850.1
  1796.0
  1796.0
  1869.1
  1867.9
  1764.6
  1843.8
  1771.6
  1760.3
  1771.7
  1869.2
  1845.9
  1771.6
  1869.2
  1868.2
  1722.9
  1843.8
  1843.5
   945.6
  1869.0
  1796.9
  1753.9
  1858.7
  1848.7
  1796.0
  1771.6
  1841.6
  1808.5
  1864.3
  1869.1
  1844.1
  1852.8
  1725.1
  1722.8
  1867.0
  1654.3
  1137.7
  1795.9
  1758.5
  1795.9
  1746.1
  1750.5
  1758.0
   730.9
  1127.2
  1142.4
  1869.2
   544.9
   305.9
  1024.6
  1223.4
   865.0
   549.8
  1722.7
  1869.1
  1752.6
  1810.2
  1109.0
  1722.8
  1722.7
  1833.1
  1722.8
  1819.5
  1869.0
  1752.7
  1574.6
  1771.7
  1796.0
  1852.9
  1796.1
  1784.5
  1851.7
  1869.1
  1821.6
  1771.6
  1771.6
  1722.8
  1869.0
  1271.7
  1761.5
  1848.0
  1722.9
  1864.3
  1869.1
  1771.5
  1795.8
  1755.1
  1796.0
  1833.9
  1764.1
  1869.1
  1833.9
  1771.6
  1869.2
  1869.1
  1825.4
  1808.8
  1804.8
  1869.2
  1796.0
  1869.2
  1860.5
  1869.2
  1868.9
  1750.4
  1868.9
  1771.6
  1842.4
  1771.6
  1771.6
  1863.7
  1842.5
  1769.5
  1789.1
  1843.7
  1833.7
  1759.2
  1853.0
  1763.3
  1796.0
  1759.3
  1847.7
  1716.2
  1722.8
   648.8
  1743.2
  1631.7
  1759.2
   281.8
  1796.1
  1869.3
  1842.6
  1765.0
  1655.1
  1315.7
  1404.2
  1829.1
  1769.2
   725.3
  1166.9
   782.5
   393.8
   595.7
   388.6
  1796.2
   500.7
  1771.5
  1856.0
   499.3
  1722.7
  1416.3
  1796.1
  1869.3
   701.1
  1771.5
  1724.1
  1796.0
  1770.9
  1869.2
  1862.6
  1646.7
  1858.8
  1485.4
  1869.1
  1722.9
  1768.1
  1841.0
  1867.5
  1869.1
  1852.4
  1790.0
  1869.1
  1868.6
  1768.6
  1869.2
  1722.8
  1865.6
  1722.2
  1869.1
  1791.7
  1798.5
  1782.7
  1817.8
  1860.5
  1764.1
  1722.9
  1771.5
  1868.4
  1845.9
  1832.6
  1722.9
  1796.0
  1869.0
  1756.0
  1869.1
  1869.2
  1799.4
  1861.6
  1845.3
   900.5
  1795.9
  1771.6
  1802.0
  1771.8
  1869.1
  1796.0
  1869.1
  1849.5
  1861.2
  1795.9
  1777.6
  1776.1
  1860.8
  1844.5
  1751.8
  1833.7
  1869.1
  1859.5
  1771.7
  1766.8
  1722.8
  1618.3
  1272.5
  1771.7
  1722.8
  1857.9
  1702.6
  1484.6
  1520.5
  1869.2
   999.8
   672.3
   439.1
   823.9
   396.2
  1869.2
  1304.3
  1856.0
   331.1
   328.1
   794.0
  1014.0
   659.5
  1719.0
  1792.7
  1869.1
  1796.1
  1858.6
  1869.2
  1722.8
  1865.1
  1852.2
   891.5
  1864.2
  1869.2
   737.6
  1869.2
  1788.0
  1796.1
  1770.8
  1768.8
  1582.3
  1765.0
  1794.8
  1796.0
  1864.9
  1798.5
  1795.7
  1782.9
  1828.4
  1722.8
  1869.2
  1860.3
  1796.1
  1722.9
  1851.6
  1771.7
  1867.6
  1869.1
  1869.1
  1869.1
  1869.1
  1846.4
  1777.0
  1796.1
  1723.0
  1844.9
  1848.8
  1869.0
  1796.0
  1834.9
  1869.2
  1869.1
  1863.1
  1822.0
  1755.4
  1869.0
  1869.1
  1815.6
  1848.8
  1852.9
  1781.6
  1859.6
  1779.4
  1113.9
  1771.6
  1851.9
  1869.0
  1856.0
  1722.8
  1648.6
  1749.5
  1722.9
  1865.6
  1869.1
  1765.1
  1796.0
  1749.5
  1722.8
  1771.5
  1786.0
  1723.1
  1700.1
  1778.9
  1694.5
  1651.5
  1155.4
   953.7
   802.9
   519.8
   516.3
  1822.0
  1215.8
   371.1
   496.2
  1639.3
  1869.1
  1805.1
  1028.6
  1722.8
  1395.0
  1868.5
  1768.1
  1768.4
  1771.6
  1869.2
  1869.1
  1861.7
  1757.9
   472.7
  1771.5
  1796.1
  1722.9
  1760.9
  1813.2
  1868.6
  1860.3
  1729.4
  1824.6
  1839.0
  1838.3
   944.8
  1864.9
  1851.5
  1759.4
  1840.1
  1795.0
  1722.9
  1850.4
  1779.3
  1660.5
  1764.8
  1820.7
  1839.0
  1773.4
  1869.1
  1767.1
  1829.5
  1744.1
  1741.2
  1816.5
  1737.0
  1757.4
  1796.0
  1867.9
  1748.9
  1649.0
  1869.1
  1852.7
  1869.0
  1860.5
  1820.0
  1867.6
  1869.1
  1767.1
  1847.0
  1723.0
  1844.5
  1795.9
  1794.9
  1658.3
  1860.4
  1858.6
  1722.9
  1869.1
  1745.8
  1719.2
  1858.1
  1722.9
  1765.1
  1366.7
  1749.2
  1855.8
  1811.3
  1707.0
  1745.7
   935.1
  1613.9
  1377.0
   989.6
  1849.9
  1775.1
   544.2
  1809.6
   764.8
   510.2
  1566.7
  1817.9
   869.1
  1168.1
  1166.2
  1852.7
  1837.0
  1738.1
   947.8
  1723.0
  1710.6
  1866.1
  1845.1
  1698.9
  1795.9
  1727.5
  1749.3
  1832.7
  1844.5
  1771.5
  1543.0
  1795.6
  1831.8
  1722.8
  1796.0
  1722.9
  1796.1
  1767.5
  1751.2
  1494.7
  1796.1
  1726.0
  1810.8
  1754.0
  1669.5
  1772.9
  1755.2
  1750.8
  1811.4
  1703.1
  1810.6
  1545.6
  1692.2
  1576.6
  1753.9
  1766.5
  1677.3
  1863.4
  1839.6
  1641.6
  1481.9
  1783.4
  1750.3
  1789.6
  1869.4
  1796.1
  1739.2
  1754.9
  1717.2
  1740.1
  1743.5
  1869.1
  1757.8
  1784.2
  1704.8
  1739.7
  1722.9
  1801.7
  1852.9
  1745.3
  1571.3
  1613.0
  1689.5
  1493.9
   654.6
  1751.6
  1634.8
  1790.9
   670.0
  1547.0
  1169.2
  1048.0
   414.1
  1666.7
   801.4
   517.8
  1770.5
  1706.7
  1520.7
   488.4
   726.1
  1592.5
  1715.4
  1397.3
  1539.2
  1732.5
  1290.7
  1624.6
  1640.1
  1732.2
  1719.3
  1634.0
  1740.5
  1750.4
  1615.8
   583.5
  1750.9
  1738.5
  1628.0
  1634.8
  1707.4
  1724.2
  1696.1
  1576.0
  1692.5
  1411.8
  1754.4
  1625.0
  1523.9
  1814.9
  1737.2
  1703.7
  1598.4
  1481.8
  1648.3
  1584.9
  1603.6
  1517.7
  1647.1
  1389.2
  1851.2
  1749.1
  1687.7
  1713.5
  1639.2
  1365.6
   837.7
  1634.2
  1791.5
  1386.0
  1560.9
  1788.1
  1828.6
  1722.8
  1419.0
  1638.6
  1771.6
  1818.5
  1770.9
  1444.3
  1728.5
  1659.4
  1676.5
  1642.4
  1730.5
  1721.5
  1720.5
  1603.0
  1728.5
  1693.7
  1647.3
  1391.1
  1009.8
  1785.7
  1182.8
  1071.9
  1542.9
  1366.1
  1489.3
   876.6
   546.4
   577.8
  1504.2
  1412.3
  1329.1
   313.2
  1375.5
  1265.5
  1580.5
   580.7
  1534.8
  1623.9
   916.8
  1062.0
  1466.4
  1490.9
  1647.1
  1118.8
  1430.0
  1323.0
  1402.5
  1463.0
  1551.6
  1648.1
  1625.7
  1666.1
  1234.8
  1225.5
  1243.1
  1051.8
  1432.0
  1068.6
  1161.1
  1761.2
  1729.7
  1141.1
  1413.6
  1273.5
  1383.7
  1223.7
  1145.6
  1352.6
  1442.1
  1378.8
  1540.5
  1433.4
  1458.7
  1630.8
  1637.1
  1402.0
  1090.2
  1351.9
  1492.5
  1520.0
  1740.7
  1070.1
  1384.0
  1571.7
  1237.0
  1485.7
  1558.4
  1752.3
  1715.5
  1458.1
  1307.6
  1207.8
  1498.6
  1189.8
  1329.4
  1708.1
  1184.6
  1745.8
  1344.7
  1478.3
  1556.6
  1504.2
  1160.6
  1104.3
  1485.8
  1553.9
  1364.4
  1373.5
  1213.5
  1207.3
  1467.0
  1313.7
  1271.2
  1099.9
   304.7
  1509.2
  1268.4
   974.1
  1033.2
  1439.5
  1075.8
   786.6
   357.8
  1220.2
  1229.8
   738.4
  1234.6
   505.5
   393.5
  1424.5
  1255.3
  1191.0
  1237.4
  1252.4
  1408.1
  1082.5
  1254.7
  1160.8
  1308.1
  1254.3
  1437.6
  1534.1
  1273.0
  1014.2
  1152.1
  1314.2
  1426.0
  1206.9
  1297.4
  1142.8
   944.6
  1466.2
  1625.6
  1527.1
  1098.6
  1009.7
  1133.6
   983.8
  1030.9
   986.4
  1565.7
  1217.2
  1213.7
  1400.8
  1030.4
  1245.4
  1303.8
  1080.1
  1165.0
  1036.0
   866.4
  1266.4
  1282.6
  1424.0
  1017.1
  1286.8
  1203.7
  1144.9
  1220.5
  1010.0
  1567.8
  1483.2
  1384.7
  1456.6
  1247.3
   908.3
   919.9
   833.7
  1265.4
  1154.1
  1145.3
  1599.5
  1400.1
  1242.7
  1341.8
  1452.3
  1037.0
   987.2
  1325.3
  1397.8
  1282.9
   809.1
   903.9
  1240.2
  1226.9
  1329.8
  1036.2
  1004.6
   938.5
  1138.9
  1343.7
   377.5
   561.8
  1165.5
  1152.5
  1280.2
   890.0
   362.6
   410.0
  1261.0
  1391.6
   934.5
   747.6
   344.3
   537.6
  1217.0
   971.7
   821.4
   874.9
   367.7
  1197.7
  1033.8
   994.5
   743.8
  1015.7
   760.5
  1152.4
  1034.8
   881.0
  1096.0
   752.9
  1247.0
   976.5
  1220.8
  1133.0
   854.1
  1199.9
   800.8
  1101.5
   814.8
   780.3
  1188.3
   813.5
   954.1
  1062.0
  1001.3
   837.6
  1083.1
  1184.6
   923.7
   631.6
   770.4
   881.3
   922.2
  1013.4
  1033.3
   860.8
  1243.6
  1068.5
   931.2
  1017.8
   776.7
  1264.6
  1115.0
  1235.3
  1013.0
   874.1
   941.2
  1119.3
  1186.8
  1204.6
   891.4
  1133.9
   653.8
   763.2
   784.8
   826.9
   763.9
   659.7
  1099.2
   911.6
   924.6
   879.9
  1013.9
   851.5
  1032.0
  1060.0
   939.5
  1250.3
  1158.6
   790.4
   769.0
   897.6
   996.2
   608.0
   405.8
   903.3
   566.5
   752.9
  1022.7
   849.4
   929.7
   404.9
  1196.8
  1080.6
   757.7
   717.7
   900.8
   943.9
   893.9
   948.0
   937.1
   815.7
   803.3
  1000.9
   922.2
   887.9
   888.9
  1001.8
   824.8
   975.9
   598.2
   772.0
   835.8
   644.1
   782.1
   945.8
   747.3
   976.1
  1122.6
  1086.7
   818.2
   970.9
   652.4
   723.1
  1018.1
   595.8
   721.0
   997.2
   830.2
  1100.1
   988.9
   744.6
   688.2
   880.9
   599.4
   816.5
   889.7
   575.5
   683.0
   923.4
   865.8
   645.1
   677.1
   748.1
   646.0
   707.3
  1129.9
   896.5
  1167.3
   981.2
   995.2
  1044.0
  1028.4
   588.7
   733.8
  1005.0
   787.0
  1151.0
   567.4
   880.0
   881.2
   531.0
   778.7
   766.2
  1260.9
   758.8
   787.4
  1016.9
   863.7
   784.4
   889.0
   697.2
  1026.4
   845.1
   454.6
   826.0
   602.8
   705.8
   779.0
   935.0
   841.6
   697.2
   399.5
   510.2
   689.9
   800.8
   644.4
   773.8
   610.8
   865.0
   868.3
   812.9
   740.5
   555.7
   700.0
   631.8
   710.7
   452.7
   736.4
   757.8
   702.3
   681.4
   568.3
   496.0
   867.9
   750.3
   739.7
   867.5
   784.9
   626.5
   821.4
   582.0
   817.4
   767.6
   888.3
   648.6
   695.2
   793.1
   625.4
   645.0
   750.1
   865.5
   723.4
   681.3
   789.2
   826.9
   583.2
   497.4
   454.2
   583.1
   616.8
   569.0
   379.8
   475.4
   604.7
   841.6
   977.8
   669.5
   719.4
   708.4
   640.4
   663.4
   713.6
   545.5
   541.5
   717.9
   621.5
   835.1
   541.7
   917.2
   668.8
   564.2
   442.1
   473.4
   828.4
   980.5
   627.3
   800.3
   681.2
   765.6
   599.1
   622.2
   417.1
   475.4
   637.9
   775.0
   600.0
   569.1
   648.4
   687.7
   565.2
   542.6
   444.7
   728.3
   396.3
   462.2
   463.7
   442.7
   669.2
   638.8
   486.7
   488.4
   607.5
   508.7
   364.0
   646.8
   453.7
   569.7
   385.1
   695.4
   576.2
   417.4
   411.0
   540.5
   648.3
   611.5
   389.6
   474.8
   356.2
   580.9
   589.9
   368.9
   402.3
   380.2
   694.8
   512.2
   642.7
   388.5
   357.2
   574.3
   489.0
   303.5
   695.7
   520.1
   440.2
   692.5
   416.4
   407.5
   351.7
   492.5
   673.1
   555.6
   657.8
   385.5
   380.6
   634.5
   653.1
   431.6
   394.0
   507.3
   589.2
   533.7
   550.9
   400.2
   593.6
   676.0
   679.5
   358.6
   494.4
   514.7
   601.7
   515.0
   407.3
   605.2
   624.7
   613.5
   523.9
   476.5
   377.0
   566.0
   343.9
   596.9
   610.7
     0.0
   449.6
   399.7
   402.6
   378.0
   419.8
   378.9
   336.8
   338.3
   456.5
   461.2
   426.6
   334.4
   375.1
   370.8
   406.5
   452.7
   486.9
   419.3
   359.6
   374.4
   446.4
   433.1
   358.9
   311.1
   256.1
   389.2
   341.7
   326.6
   273.9
   332.3
   320.2
   351.0
   355.3
   262.7
   283.3
   469.8
   372.0
   336.4
   424.5
   470.1
   333.5
   300.2
   333.2
   387.0
   320.5
   291.3
   308.2
   383.2
   336.7
   347.0
   379.5
   352.4
   309.5
   355.6
   326.0
   323.6
   350.5
   376.7
   433.7
   324.1
   248.8
   447.3
   463.6
   314.3
   323.8
   321.6
   355.6
   475.1
   272.6
   295.7
   351.6
   386.5
   450.8
   412.0
   294.7
   353.6
   472.6
   495.8
     0.0
   614.4
   968.7
   672.5
   783.7
   762.8
   897.8
   668.7
   667.8
  1102.0
   968.0
  1004.4
  1113.4
  1039.1
   812.6
   723.7
  1105.3
   813.8
  1043.0
   691.3
   871.0
  1530.5
  1703.3
  1540.1
  1132.2
  1712.0
  1504.0
   904.3
  1254.3
  1562.2
  1727.6
