# vtk DataFile Version 3.0
divides
ASCII
DATASET UNSTRUCTURED_GRID
POINTS       8639 float
        1399.174         769.925         883.717
        1711.781         586.380        1054.058
        2189.778         840.484         866.040
        3629.957         463.870         481.219
        2485.705         689.544         957.963
        5626.130         484.147         442.962
        4579.879         544.553         385.558
        6655.064         570.782         338.814
        8614.038         539.026         449.071
        7592.684         570.050         527.540
       10167.868         908.059        1041.960
       10732.719         446.439         483.968
        9655.005         565.252         417.705
       11600.044         492.305         431.323
       12662.684         588.363         563.582
       13648.564         524.124         324.932
       15107.961         834.370         802.383
       15716.553         564.232         557.786
       14685.244         510.450         342.939
       17661.778         696.968         764.538
       16708.512         577.176         542.975
       18816.783         431.327         392.779
       20883.353         617.649         953.206
       19816.616         530.409         263.805
       21381.384         826.605         788.612
       22837.253         523.213         533.027
       21765.753         692.221         881.956
       23839.193         585.446         462.388
       24713.687         590.191         346.101
       26933.631         650.077         970.668
       25832.650         538.693         403.125
       27427.554         839.855         822.099
       28892.927         535.317         508.927
       27842.002         706.177         919.408
       30917.049         546.003         535.050
       29968.990         612.939         424.275
       32413.944         888.850         974.381
       32979.040         607.121         791.378
       31829.641         517.832         566.032
       33977.793         442.274         325.759
       33515.339         787.586         639.551
       35958.731         514.807         387.360
       34995.940         484.067         253.057
       38006.571         715.092         994.593
       36876.936         454.707         456.766
       38377.075         859.668         897.015
       38849.151         648.109        1056.906
       39950.621         475.127         253.156
       41846.254         778.581         823.621
       42054.356         549.118         538.548
       40954.674         435.409         322.140
       43949.858         642.515         511.097
       43080.025         594.040         488.219
       46075.483         491.469         291.009
       44999.885         543.005         615.359
       47066.991         474.951         311.287
       48039.580         596.678         449.541
       49511.458         877.622         959.894
       50235.557         472.398         572.484
       49058.225         520.625         535.567
       51083.801         516.413         523.874
       53293.209         402.621         480.171
       52204.709         567.456         378.321
       55138.052         585.140         436.839
       54164.182         502.638         363.397
       56711.915         875.024         929.152
       56219.580         564.103         459.973
       57318.820         434.015         467.423
       58232.544         520.811         364.879
       59297.619         437.852         325.570
       60299.161         480.088         255.435
       60622.602         662.068         259.634
       61234.747         507.824         430.800
       62357.830         488.617         522.875
       63317.166         563.830         435.947
       64326.074         496.408         373.241
       66469.144         605.150         964.241
       65364.940         543.393         313.050
       66979.384         822.696         791.281
       68388.170         505.471         432.036
       67346.772         698.060         875.983
       70405.419         607.947         692.950
       69400.043         550.429         376.645
       71303.448         595.173         380.507
       70864.987         773.276         564.602
       73344.620         611.548         470.910
       72400.755         539.225         443.856
       75450.097         515.482         382.981
       74344.781         507.076         587.130
       77459.796         563.246         479.790
       76408.158         485.122         418.476
       78951.196         804.853         685.403
       78356.543         461.083         594.585
        1684.993        1707.821         576.090
        2732.689        1253.662        1012.813
        2223.376        1018.092         798.246
        5106.779        1596.180         593.076
        5128.420         987.273         530.858
        7132.569         913.298         436.703
        7183.950        2321.685         854.236
        7741.043        1328.614         603.461
        7888.784         960.629         589.346
       11765.918         995.016         458.623
       10314.067        1836.019         732.191
       12850.507        1739.418         623.183
       12795.485        1114.038         516.849
       11984.973        2706.047         787.722
       11014.319        1725.983         735.389
       17513.407        1199.461         709.825
       15444.261        1620.492         618.704
       18159.008        1346.666         595.680
       18104.097        1210.021         560.579
       17314.936        1805.690         855.605
       21822.341        1654.677         909.383
       21666.083        1142.705         755.237
       21414.289        1625.959         845.951
       24070.494        1917.672         600.384
       24047.204        1145.803         450.111
       28043.578        1813.078         983.702
       27354.488        1788.449         895.280
       27595.125        1222.432         723.414
       27454.586        1229.278         679.342
       30687.032        1055.008         557.980
       32098.916        1866.739         727.706
       30709.941        1528.520         628.613
       33579.290        1246.371         473.632
       32928.661        1805.107         791.064
       35683.361         896.335         435.212
       38321.712        1156.581         788.588
       35684.797        1641.696         567.686
       38435.652        1357.653         865.582
       37909.307        1535.115        1000.869
       41887.088        1691.756         591.450
       38717.081        1919.272         628.446
       44019.019        1969.693         724.859
       43530.795        1180.915         553.555
       45064.884        1117.245         549.913
       44716.409        2047.735         664.760
       47717.627        1048.474         475.522
       49311.142        1863.717         622.608
       47710.575        1572.328         529.168
       50745.638        1436.462         562.479
       50828.611         894.659         380.284
       49767.606        1614.198         776.885
       53083.852         950.506         533.073
       51185.077        2112.828         402.664
       53670.768        2720.439         825.809
       53004.899        2449.032         814.135
       53106.143        1332.989         585.460
       54738.215        1309.129         603.821
       54624.460         968.425         512.012
       56577.399        2064.119         565.750
       58675.703         873.125         484.353
       57015.353        1854.147         666.219
       60268.569        1394.662         268.562
       58536.762        2188.335         626.606
       62050.551        1062.446         568.657
       63682.064        1014.992         501.973
       62046.508        1298.512         585.436
       63736.260        1398.703         559.757
       67264.973        1241.268         767.964
       66888.904        1500.815         821.490
       67095.241        1131.170         693.691
       70391.299        1104.512         608.923
       71048.119        1390.416         557.365
       70284.458        1908.988         790.519
       72739.739        2420.922         595.537
       72970.124        1134.310         522.825
       73118.406        2178.653         686.691
       74611.722        1023.593         605.644
       74250.401        2194.583         756.697
       77049.816         917.511         579.540
       78250.822        1431.192         587.447
       77000.619        1830.434         742.358
       76917.936        1346.575         670.676
       79225.244        1790.419         412.311
        1724.493        3053.465         598.374
        3692.526        2838.708        1039.119
        1862.782        2555.369         768.634
        3157.606        1896.361         903.509
        4681.067        2029.396         657.056
        4178.357        2996.132         874.823
        7143.936        2728.429         698.307
        9920.659        1943.035         788.572
        7227.111        2675.324         734.048
       10558.876        1865.462         811.041
        9981.173        2757.272         990.826
       11443.004        2381.223         986.694
       10176.870        2646.033        1065.265
       16538.701        2010.358         900.583
       15115.051        2637.023         703.398
       14822.675        2069.601         512.839
       16544.158        2376.431         937.309
       17100.809        2047.030         740.082
       17111.036        2576.374         918.562
       21307.611        1977.248         750.728
       21881.751        2778.925        1052.757
       20963.312        2330.446         931.685
       21753.419        2043.661         849.579
       22542.231        2692.037         925.213
       22852.012        2153.001         924.988
       22123.105        2926.550         973.487
       24285.331        2190.324         472.159
       23786.999        3053.355         829.780
       24372.695        2548.077         611.282
       24743.397        3019.715         447.307
       31099.101        3612.193         919.929
       31542.223        2615.922         853.434
       31622.082        2141.556         840.745
       29691.346        2617.775         711.488
       32550.060        2249.978         580.362
       32376.821        2624.323         677.671
       34197.342        2947.288         331.712
       35156.462        2096.297         415.099
       35440.238        2851.827         651.734
       36917.212        2066.237         845.759
       37908.202        2515.170         985.375
       37900.556        2005.204         929.168
       36809.829        2744.763        1010.804
       38632.206        2534.618         859.429
       41392.414        2993.184         561.052
       41919.918        1898.840         557.731
       43641.135        2104.992         842.520
       41984.636        2616.792         698.239
       44582.114        3287.213         918.597
       44818.644        2536.596         730.323
       44759.818        2220.375         663.282
       43577.012        2975.107         933.615
       48251.220        1955.611         607.464
       47957.972        2828.330         826.522
       49444.953        2755.371         900.367
       49428.829        1953.570         608.442
       48879.743        2898.265         969.919
       53675.577        2806.479         796.298
       56692.330        3022.375         809.642
       57837.644        2192.903         887.487
       56441.760        2480.223         648.371
       58649.263        3427.907        1034.370
       59056.723        2601.445         877.832
       58626.593        2177.200         660.611
       57830.281        2824.405         964.926
       59665.428        3067.197         586.765
       62829.946        2201.434         704.005
       63159.556        2417.964         769.742
       62784.134        2687.271         847.718
       62986.095        2217.919         673.964
       62688.548        2406.340         780.246
       66725.887        1903.227         657.120
       64221.347        2898.221         509.381
       67137.449        2249.223         860.731
       67048.868        1910.700         777.899
       66652.468        2551.137         906.099
       69943.836        3192.635         768.047
       70003.577        2190.455         676.965
       70103.238        2205.478         663.269
       70042.448        2835.398         893.489
       74060.253        2987.944         999.963
       74767.503        2989.279        1060.127
       74453.554        2187.690         829.794
       73829.659        2351.397         853.263
       77178.795        2992.015         910.066
       77207.577        2170.597         757.127
       75265.116        3065.814        1065.331
       79206.522        2388.257         390.270
       78792.618        2945.313         550.426
        1754.856        3146.795         584.175
        2791.832        3711.477         948.612
        1933.038        3657.984         769.181
        3569.119        3113.610        1057.853
        4426.540        3373.966         970.455
        4178.956        4378.824        1232.048
        3648.881        3493.509        1074.899
        4245.391        3122.590         860.042
        6935.749        2818.390         784.945
        7467.312        2898.379         835.821
        9738.789        2986.130         988.034
        7357.616        4153.271         926.668
        9972.166        3889.936        1032.921
        9969.624        3565.391        1152.109
       10518.100        2942.352        1141.806
       11960.759        2944.141         708.072
       10379.073        3706.411        1189.794
       17195.306        3011.125         766.728
       16728.019        3506.369        1018.165
       16740.054        3058.465         925.919
       19932.433        3075.300         640.784
       18892.644        3517.189         655.837
       20155.929        3962.457         905.838
       21723.262        3122.265        1032.505
       22152.885        3184.028         910.436
       21866.732        3707.507        1118.763
       21307.745        3590.010        1213.380
       24556.734        3257.147         343.419
       23762.536        3666.370         674.077
       26792.891        3053.707         597.166
       28424.622        4799.260        1043.534
       28654.450        3692.605         972.377
       26802.639        3532.601         704.554
       28198.162        3056.249         858.435
       30681.381        3869.151         952.362
       32429.766        3138.833         589.223
       31806.918        3781.305         867.001
       35287.225        4941.056         783.177
       35330.434        3082.574         625.054
       33882.232        3640.926         409.580
       35589.181        3575.122         772.022
       36541.547        2976.069         946.683
       37376.300        3825.006        1279.354
       36419.325        3171.839        1023.324
       37183.140        2979.236        1110.475
       38587.958        3011.249         681.017
       38602.965        3573.362         892.186
       37669.615        4140.918        1120.183
       38652.746        4093.594         697.799
       42356.443        4111.544         791.147
       41358.052        3517.965         546.979
       43491.230        3011.356         938.663
       43244.721        3368.398        1099.293
       43851.503        3230.898        1064.001
       48516.095        3202.639         934.034
       47547.585        3799.596         766.219
       47506.899        3325.767         591.135
       48647.690        4207.514        1206.775
       48426.387        3443.200        1005.620
       48778.768        3215.009         871.011
       51886.947        3509.666         539.839
       49661.688        3753.209         578.536
       53450.576        2843.955         871.719
       52739.679        2965.343         604.488
       54108.704        3286.740        1040.398
       53894.304        2842.975         880.521
       59665.927        3297.930         674.567
       58920.010        3749.571         947.050
       63719.289        4551.282         824.506
       64197.348        3404.306         482.026
       63244.075        3915.356         747.229
       66562.355        3109.380         697.718
       66757.704        3785.930         955.486
       66966.407        3088.206         835.498
       66436.247        3178.333         751.247
       67007.912        3975.893         905.614
       69516.179        3211.407         919.591
       69976.288        4489.089        1122.576
       70259.391        3518.728         853.099
       70057.395        3276.261         736.846
       69292.414        3844.546        1058.319
       72657.752        4885.971         769.828
       72676.011        2726.087         596.287
       74668.737        3764.936        1255.367
       74502.701        3197.097        1116.449
       74030.639        3157.446         939.285
       75431.858        3494.596        1135.048
       75987.569        3146.380        1284.463
       75056.718        3827.624        1161.269
       77390.380        3329.819        1028.614
       77136.919        3324.696        1008.289
       77258.305        3038.012         914.895
       78771.792        3637.132         600.438
       78840.125        3281.383         480.115
       77987.475        3876.052         807.788
        1331.733        4927.646         514.285
        1997.875        4140.697         665.453
        2803.276        3934.976         924.475
        3858.997        4652.954        1179.201
        6317.902        4586.309        1030.064
        4225.469        4937.616        1024.171
        8747.337        5055.125        1359.134
        7220.744        4368.767         978.497
        7266.813        3779.131        1064.424
       10246.775        4156.574        1163.861
        9493.925        4818.814        1375.430
       13116.151        4812.039         694.997
       13015.553        3994.535         567.752
       15389.675        4436.488         624.173
       15008.617        3406.857         542.240
       16765.430        4450.332        1120.079
       16384.903        3805.409         877.275
       16297.480        3933.857         921.074
       19179.734        3842.179         712.883
       19862.120        4095.642         930.303
       19416.430        4744.370        1013.597
       20610.508        4502.737        1008.200
       19723.506        4720.341        1059.281
       25853.968        4183.329         563.827
       25900.377        4597.759         575.149
       29544.478        4875.319        1049.486
       30187.564        4106.002        1042.453
       28639.275        4757.643        1065.968
       31569.219        4347.572         672.684
       31397.399        4803.343         819.351
       29786.444        4854.620        1119.301
       36374.808        5053.959        1098.414
       37510.658        4134.209        1169.533
       35517.591        4537.499         929.391
       37669.987        4172.502        1120.491
       37075.932        4587.581        1387.958
       38388.018        4622.884         908.246
       43502.882        5219.487        1137.432
       42430.276        4937.582         963.763
       43582.648        4051.967        1085.296
       42447.040        4306.373         731.212
       44489.234        5012.225        1105.799
       44988.119        4296.670         927.246
       45572.559        4978.091         624.521
       48466.287        4815.766         996.921
       47469.372        4281.751         666.490
       49458.644        4686.507         824.691
       48612.743        4873.396         953.760
       51773.449        4025.113         540.505
       52136.557        4721.701         634.835
       54502.630        3951.437         798.333
       54735.123        4930.735        1054.352
       55577.843        5003.260        1129.860
       55316.290        3929.832         928.091
       54348.087        4157.071         876.399
       57832.594        4464.741         919.576
       58320.011        3935.467         979.049
       58701.066        4073.304         879.990
       60233.822        4695.440         583.786
       67431.231        5339.894        1236.836
       67645.618        4213.809        1120.711
       66782.451        4188.769         854.261
       69478.993        5891.395        1241.686
       68143.133        5539.691        1177.085
       69596.710        4740.600        1116.278
       71187.941        4865.045         865.471
       71263.054        4512.859         780.497
       75004.454        4942.994        1051.406
       75066.019        4188.625        1036.756
       72844.166        4800.899         804.121
       73033.942        3385.760         799.122
       75354.602        4207.037        1115.635
       75065.489        4598.645        1178.323
       77466.128        4132.811         869.935
       77629.055        4188.088         825.515
       79265.746        4661.688         356.421
        1344.909        5522.301         489.629
        4079.347        5312.454        1138.861
        4594.589        4931.720        1161.040
        5740.941        5618.929        1223.870
        4593.532        5380.315        1212.703
        5862.695        4860.037        1130.876
        6958.002        5835.385        1106.165
        6192.078        5796.813        1153.176
        8920.867        5273.246        1265.249
        8694.156        6144.170        1479.145
        9585.653        5595.563        1324.166
        9413.446        5314.826        1226.900
        8515.050        5588.176        1430.321
       10511.911        5920.057        1102.642
       11419.534        5385.502         869.569
       13427.066        5112.103         717.435
       12717.342        5409.076         894.491
       13255.377        4943.838         625.601
       16748.016        4925.523         996.719
       17538.767        5811.077        1188.346
       17529.540        5231.951        1055.070
       16713.052        5417.421        1064.488
       20067.258        5464.001        1191.659
       20003.938        4998.854        1115.751
       19456.826        5028.660         912.853
       21506.019        5186.786         798.881
       21259.915        5721.915         981.836
       22360.888        5804.174         540.347
       23019.217        4355.360         670.100
       23289.252        4163.503         565.685
       24339.719        5180.319         554.779
       24339.085        6149.761         687.327
       26239.512        5094.931         627.936
       27915.175        5955.727        1116.526
       28162.574        4944.238        1121.815
       26245.352        5350.661         714.096
       28387.114        5502.145        1217.423
       29088.070        4923.588        1209.102
       29717.273        4966.098        1089.701
       28994.831        5450.244        1315.674
       31483.986        5321.069         668.572
       31039.584        5537.673         745.989
       35401.554        5119.302         701.999
       36179.313        5875.821        1072.224
       35321.771        5228.300         753.727
       36432.961        5376.563        1192.229
       36766.281        5056.217        1224.191
       38337.694        5395.557         971.237
       38277.885        4920.482         794.499
       37221.058        5704.725        1192.659
       38428.078        5886.763         780.129
       43082.418        5417.255        1180.982
       42427.512        5265.026         963.417
       45696.002        5265.104         698.109
       44744.162        5687.976         948.752
       47341.523        6599.969         709.076
       48432.861        5209.718        1072.877
       48597.062        4903.464         943.456
       49459.127        6125.596         953.690
       49462.171        5262.732         647.220
       48612.442        5966.314         998.717
       51990.466        5402.115         706.933
       55725.065        6211.792        1339.830
       55949.015        5184.460        1077.639
       57024.702        5933.351        1419.630
       55631.333        5345.638        1073.225
       57449.192        6113.718        1247.358
       57163.439        4921.131        1033.462
       58902.204        6013.782         953.531
       59340.729        4946.443         810.927
       61069.820        5082.819         526.542
       60532.070        6134.790         764.968
       63564.237        4917.386         719.283
       63650.510        5777.951        1008.401
       63672.958        4913.064         697.332
       63228.817        5495.989         964.207
       65315.394        5313.507         511.798
       65375.844        5739.449         576.769
       70031.926        4944.641         994.796
       69779.468        5759.380        1278.695
       74004.331        5904.531        1157.982
       72829.377        5869.238        1017.125
       75347.885        5283.302        1217.335
       74420.305        5549.772        1349.753
       77394.916        5693.550         782.823
       79269.491        5441.164         374.470
       77895.014        6059.763         602.359
        2006.170        6055.071         581.597
        2112.520        6525.920         765.512
        1944.116        6090.168         608.785
        3510.467        5952.898        1035.843
        3935.820        6293.198        1033.123
        3634.261        6114.786        1011.886
        5286.541        5997.281        1309.200
        5553.146        6254.072        1227.826
        6413.109        6083.869        1196.112
        7562.774        6839.052        1308.626
        9576.264        7307.522        1413.459
       10655.977        6546.559        1204.105
        8934.626        6809.504        1434.764
       12621.782        6400.784         824.164
       12624.846        6045.579         790.799
       16132.119        5990.055         782.795
       17208.501        6487.798        1149.573
       16250.862        6995.154        1119.682
       15829.390        6430.016         982.380
       15966.180        5528.384         961.898
       20524.045        6167.126        1022.456
       21275.104        6646.495         894.160
       20290.634        7136.722        1160.673
       22314.023        7818.886         845.649
       22712.194        6592.562         578.162
       24788.855        6248.566         837.649
       24278.375        6664.770         781.359
       24245.063        6270.602         629.757
       25028.555        6903.812         830.526
       27915.547        6751.694        1240.110
       28466.780        6693.178        1199.977
       28049.871        6254.319        1060.966
       28404.382        6118.419        1028.066
       30271.727        7594.963         975.567
       30918.663        6504.253         763.419
       33600.481        6253.565         634.124
       33632.147        7014.332         684.756
       36311.749        6454.880        1003.016
       37348.627        6925.767        1240.859
       36423.681        7271.358        1237.166
       37279.915        6093.400        1163.715
       38412.688        6664.179        1071.863
       37572.291        6976.231        1202.758
       38511.902        5933.775         816.853
       41317.391        6875.581         603.116
       42398.155        5960.493         730.409
       43137.648        7430.661        1160.685
       42159.956        6307.089         879.534
       43525.770        5989.607        1057.630
       44513.222        6034.075         815.795
       43711.098        7351.756        1194.368
       51665.131        7167.068         667.147
       52577.923        6312.812         760.265
       53035.646        6977.208        1054.919
       52365.215        6612.154         899.617
       53554.114        6131.505        1099.963
       54385.593        6825.294        1053.705
       57752.362        6178.199        1300.619
       57646.833        6533.619        1346.454
       56935.826        6450.848        1448.282
       59007.382        6246.233         998.473
       58218.993        6811.743        1270.372
       59400.847        6119.325        1113.632
       60546.701        6222.377         750.417
       60233.556        6595.215         925.926
       63327.800        7315.441        1139.811
       63388.627        6184.329         928.291
       62777.931        6104.024         754.995
       63770.772        6359.333         882.074
       63623.887        7202.620        1157.174
       67613.932        6176.101         991.312
       65285.407        6551.091         741.807
       68829.473        7637.077        1361.855
       69113.350        6248.947        1294.333
       67264.010        6798.731        1205.015
       69752.897        6329.451        1118.970
       69246.222        7376.967        1452.742
       72850.917        6206.617         891.672
       73825.636        5977.557        1226.361
       72793.330        6669.493        1063.242
       74027.373        6358.864        1309.317
       74715.080        6697.077        1485.682
       73673.059        6221.745        1322.866
       74454.005        5962.909        1304.310
       76313.753        6343.677         946.051
       76480.594        6124.560         963.999
       75257.347        7149.193        1255.585
       77798.169        6685.616         738.547
       77939.525        6300.110         616.762
       77340.966        6734.153         817.731
       79501.724        6851.008         337.679
        2166.939        7835.523         787.719
        2672.479        7971.830         859.230
        2035.901        7243.080         611.230
        3551.637        7044.124         943.482
        3506.077        7593.751        1054.069
        4614.404        7097.904         983.903
        6184.615        8558.484         945.804
        7622.329        7618.570        1259.182
        8378.075        7763.097        1321.842
       10999.419        8275.190        1363.744
       11213.017        7005.319        1050.397
        9830.991        7772.149        1387.316
       12284.279        8511.079        1192.720
       12590.243        7346.684         995.150
       12330.508        6961.335         839.471
       15145.812        7124.635         725.907
       15949.781        7818.920        1005.855
       15141.786        7269.726         751.318
       16599.564        7042.295        1229.264
       16956.555        7356.020        1382.544
       16244.302        7251.184        1173.217
       19769.446        7231.613        1212.937
       20160.522        7863.331        1295.520
       20135.627        7288.176        1078.451
       19488.323        7529.080        1335.943
       21324.231        8441.685        1069.322
       21896.925        7740.688         941.483
       25354.331        7307.803         886.366
       25837.283        7819.530         997.362
       24266.778        7990.452         772.455
       28117.724        7754.656        1373.694
       28749.399        7750.943        1339.198
       28994.530        7275.425        1239.553
       28246.915        7236.425        1215.620
       31284.893        8655.163         862.804
       31756.613        7434.734         527.864
       37625.318        7171.092        1223.611
       37409.420        8333.758        1546.675
       37184.813        7318.929        1319.131
       38437.452        7324.967         837.693
       38430.164        7655.706         955.291
       42318.993        8661.693        1029.284
       43122.307        7877.629        1032.919
       41223.035        7284.194         647.382
       46966.087        7047.334         776.617
       47458.171        7946.440         903.835
       48520.887        7164.546         903.389
       48854.408        9137.748        1055.137
       49796.554        8024.088         810.401
       47831.209        7876.582        1038.669
       52903.610        7778.292         970.184
       56812.224        7641.331        1437.661
       55819.196        7683.890        1313.212
       56918.168        7084.388        1428.449
       55510.549        7116.402        1125.313
       57915.884        7168.456        1101.913
       57655.314        7652.945        1306.160
       60138.898        7335.986         761.092
       59032.685        7797.251         858.849
       66068.311        7930.763         862.116
       63665.237        8009.854         876.666
       68487.104        7742.073        1445.823
       66893.735        7917.597        1278.185
       66612.218        7431.163        1141.216
       72620.238        8113.483        1222.630
       72230.417        7020.437        1140.541
       73206.495        7441.084        1194.213
       72738.691        7915.098        1271.798
       75226.581        7289.274        1240.703
       75106.246        7298.140        1253.669
       76101.471        8062.556         965.833
       79482.346        7649.479         280.842
        1517.640        9001.972         536.427
        3193.039        8298.190         838.992
        2799.909        8380.305         737.979
        5411.869        9149.547         745.703
        6153.605        8922.712         822.091
        7268.645        8332.588        1092.150
        8093.144        8244.778        1328.285
        6885.631        8335.940        1114.985
        8903.998        9094.518        1306.969
       10625.559        8349.252        1479.083
       10962.413        9354.823        1667.165
       11124.593        8413.467        1390.628
       10672.598        8601.032        1494.407
       13568.648        8397.413         869.427
       13475.593        7932.961         726.043
       12503.491        8887.700        1066.126
       17836.052        9134.691        1354.353
       17483.517        8010.140        1266.010
       16213.019        8561.197        1047.875
       18051.768        9103.914        1330.539
       19748.965        8072.759        1365.772
       20262.564        9024.892        1522.197
       20278.020        8191.443        1252.336
       19173.740        9200.980        1612.246
       22358.178        8214.517         720.059
       21642.287        8732.031        1023.044
       25582.005        8038.725        1091.570
       25089.177        8876.679        1031.040
       24236.736        8263.331         669.213
       26337.998        7985.040         905.561
       25645.234        8580.439        1161.685
       30215.421        8594.745        1029.043
       30513.493        8407.446         994.362
       29729.807        8972.887        1173.330
       34199.795        8129.972         729.674
       31340.865        9118.354         705.942
       36127.207        8016.353        1043.817
       35057.654        7700.319         844.686
       34333.558        8402.814         712.849
       36068.575        8363.259        1136.912
       37244.412        8885.583        1352.472
       38444.341        8876.938        1185.907
       38518.929        7962.450         878.107
       37361.666        8996.620        1291.941
       43405.819        8015.486         919.350
       43436.691        8077.551         944.246
       43014.933        8473.152        1144.174
       47425.950        7990.138         898.567
       48285.283        8795.217        1264.389
       47135.501        8582.142        1146.517
       49868.455        8186.825         765.029
       49876.011        8159.278         761.850
       49056.930        9012.681        1138.564
       53666.596        8950.070         892.262
       56467.709        8953.866        1492.878
       55763.880        8792.284        1417.397
       56696.527        8061.392        1442.284
       57504.643        8037.047        1162.545
       56923.297        8923.369        1503.202
       58709.787        8478.348         891.506
       61004.329        8307.379         724.788
       63335.912        8095.220         949.248
       60753.397        9279.403         883.793
       63822.494        8280.427         970.460
       63026.299        8849.356        1189.748
       66012.527        8503.534        1081.942
       65758.007        8196.698        1018.549
       66738.098        8530.540        1174.086
       68307.870        8091.355        1503.602
       68681.459        8913.791        1552.848
       66995.317        9030.724        1339.578
       69032.873        8737.919        1519.012
       69615.554        8073.726        1453.985
       71948.181        8242.409        1463.039
       70775.801        8561.664        1171.482
       71107.926        8576.490        1253.737
       69278.742        8918.927        1513.840
       72825.520        8179.295        1205.506
       72434.904        8396.620        1315.375
       74666.623        8501.360        1102.467
       75022.346        8241.255        1178.699
       75908.063        8259.246         861.548
       75896.784        8407.974         918.485
       78193.404        8631.385         625.221
       77858.089        8762.735         636.889
       78360.870        8239.264         563.053
       77358.801        8890.562         699.933
       78342.348        7981.269         524.760
        1538.000        9247.646         502.547
         466.438        9609.552         242.477
        2802.198        9226.444         632.823
        1750.736        9413.198         436.212
        6926.310        9095.778        1060.763
        7584.997        9781.320         941.812
        8737.790        9862.408        1068.916
       12073.337        9790.065        1272.919
       11012.476       10032.747        1426.850
       15801.823        9258.980         962.593
       15781.113        9673.684        1042.062
       17730.286        9553.265        1433.104
       18962.180        9304.939        1597.188
       18022.372       10025.362        1560.844
       19092.485        9479.309        1619.620
       19105.304        9335.105        1570.216
       18550.276        9677.814        1799.554
       21359.618        9508.151        1040.363
       21324.412        9034.978         865.078
       20539.090       10031.685        1245.591
       25682.397        8781.158        1123.446
       26253.025       10074.739        1365.293
       25323.242        9524.895        1142.142
       26263.761        9019.559        1285.394
       27315.068        8485.658        1147.991
       27888.481       10552.895        1389.032
       27965.052        9357.391        1226.602
       26331.354       10088.869        1357.636
       31097.139        9484.808         696.409
       30625.789        9478.294         840.193
       35411.689        9083.150         862.113
       32722.817        9492.185         687.562
       36413.034       10536.929        1275.102
       35386.138        9764.927        1084.001
       35364.195        9301.653         922.279
       37467.845        9648.300        1543.312
       37174.924        9529.209        1505.973
       37496.236        9043.280        1345.852
       38526.925        9408.447        1045.900
       37976.444       10488.398        1390.574
       42528.345        9058.397         857.124
       42748.033        9103.459         943.064
       42455.893        9628.251        1077.575
       45191.805        9904.575         820.652
       42617.204       10050.597         974.404
       47432.161       10017.499        1242.300
       48040.888        9247.051        1276.989
       46562.597        9389.308        1015.896
       48699.140        9555.583        1100.142
       47757.961        9863.668        1370.491
       51102.899       10443.964         727.417
       51083.864        9334.646         532.953
       53487.229        9197.571         839.491
       53140.257        9755.616        1072.930
       55463.207        9309.816        1283.927
       56338.606        9304.526        1472.176
       54989.028        9940.709        1528.146
       56760.907        9987.517        1602.373
       55861.174        9963.466        1681.775
       56843.548        9440.963        1415.509
       57693.111        9988.725        1152.485
       58965.557        9260.606         864.077
       63069.673        9219.352        1166.262
       62849.399        9105.417        1071.352
       62687.409        9736.408        1318.489
       62551.229        9424.427        1234.994
       67768.174       10826.526        1621.369
       68527.913        9112.619        1609.800
       66917.226        9987.268        1430.082
       69221.963        9235.288        1523.699
       68208.343       10388.731        1820.327
       71430.041        9076.820        1102.008
       70124.120       10012.962        1223.688
       71694.738        9017.524        1019.836
       71936.308        8986.412        1088.267
       75159.281        9119.383         966.795
       73891.312        9519.978         636.178
       75973.907        9076.476         748.203
       79526.420        9833.434         309.750
         454.645       10539.262         316.560
        1674.596       10751.366         461.780
        3924.102       10276.583         655.983
        4667.592       10213.874         805.968
        4106.599       11309.552         944.205
        3529.377       10488.419         818.556
        4917.791       11022.335         962.484
        6216.486       10913.066         722.829
        8940.097       10347.907        1134.584
       10763.422       10078.479        1457.194
       11035.063       10674.216        1618.985
       11031.697       10096.867        1427.628
       12265.654       10521.767        1298.327
       11923.271       10180.592        1113.077
       12208.157       11431.960        1498.060
       11213.541       11074.144        1474.893
       14952.016       10291.752         800.100
       17282.849        9966.937        1250.467
       15137.960       10794.334         912.546
       17176.500       10811.509        1532.284
       18113.891       10135.580        1600.705
       17839.286       10310.974        1675.198
       20379.748       10260.972        1146.380
       19823.945       10784.140        1429.612
       21567.583       10389.421         810.830
       20905.924       10795.455        1042.625
       25375.130       10218.891         879.834
       26171.420       10945.517        1232.767
       25198.611       10387.891         971.818
       26793.775       10409.742        1558.093
       26268.550       10391.332        1441.943
       29548.714        9841.721         931.620
       29321.865       10394.822         972.440
       28313.731       10993.546        1225.069
       33054.106       10923.641         780.031
       33714.440       10827.166         861.484
       35349.858       10444.336         999.063
       36239.804       10732.523        1271.088
       39774.983       10256.147         604.821
       39675.735       11073.354         899.592
       39901.091       10451.027         688.293
       41437.255       11153.708         803.419
       42358.243       10134.795         894.856
       42728.371       10140.421        1011.443
       42657.662       11020.523        1212.508
       42014.194       10555.843        1099.524
       45435.978       10840.380         899.162
       45227.048       10163.987         782.403
       47641.703       10404.141        1393.733
       47398.667       10064.094        1254.570
       47488.105       10036.628        1249.906
       48511.516       11065.590        1246.196
       48526.489       10065.258         901.559
       54397.454       10426.086        1278.365
       53473.354       11106.307        1184.744
       52591.254       10367.816         862.187
       55514.433       10183.142        1602.383
       54316.294       10639.427        1351.296
       54567.093       10932.581        1450.768
       55336.185       10425.573        1710.506
       55695.842       11190.831        1891.693
       55805.922       10283.098        1648.423
       57573.834       10416.725        1184.627
       57035.580       10757.431        1374.312
       61628.396       10198.029         965.331
       60892.211       10727.137         857.514
       61889.928       10974.158        1173.368
       61417.101       10444.382        1072.124
       63039.650       10440.817        1420.587
       62385.853       10457.175        1377.062
       62612.434       10044.676        1197.033
       65539.410        9480.256        1012.150
       66917.451       11482.369        1629.479
       67708.377       10903.711        1615.069
       66787.595       10421.934        1298.102
       70006.583       10304.685        1224.282
       68046.002       10908.130        1633.822
       73942.909       11348.535         847.910
       72308.918       10804.655         896.634
       76454.618        9968.228         533.983
       74850.629       11955.383         804.383
       76048.069       11320.289         657.623
       78124.159       11952.253         614.174
       78703.822       10974.574         472.627
       77198.739        9958.674         457.064
       79516.983       10751.589         259.506
        1892.100       12209.284         599.597
        1487.974       11060.466         494.522
        1959.887       11975.273         672.643
        4086.571       11786.534        1025.813
        4711.652       11898.851        1179.056
        4582.303       11279.228        1086.199
        3674.907       11604.347        1070.534
        5129.338       11746.173        1144.604
        5316.003       11102.639        1012.102
        6749.624       12266.258        1092.647
        5445.999       11995.149        1079.253
        8172.329       12420.580        1020.401
        7026.164       12577.000         971.833
        8415.075       12127.035        1159.001
       11031.758       11638.655        1593.956
       11522.936       11458.602        1603.509
       10883.129       11324.112        1523.419
       13421.834       11675.950        1138.348
       14580.141       11760.965        1092.844
       17023.514       11452.460        1286.687
       17849.959       11393.488        1575.423
       17767.719       12124.943        1611.696
       16728.269       11856.623        1475.052
       18399.278       12216.335        1551.886
       19532.498       11445.588        1262.751
       20654.883       11342.766         893.786
       20453.235       11773.289        1013.839
       23746.004       11250.918         803.236
       24267.488       12041.660         905.894
       26261.248       11476.838        1411.634
       26964.169       11057.498        1502.704
       28242.328       11644.272        1305.475
       27105.554       11684.444        1496.497
       29696.777       11443.951         726.010
       28549.158       12304.242        1078.737
       31533.444       11127.582         680.945
       32013.746       11874.166         995.350
       31364.826       11307.863         770.769
       32413.400       11106.111         993.786
       32473.558       11826.990        1048.735
       34425.918       11205.526        1055.900
       33812.755       12204.305        1184.088
       36521.011       11746.231        1374.459
       37251.418       11058.332        1305.197
       37422.051       12650.216        1549.302
       38037.591       11170.434        1249.319
       38045.168       11425.201        1294.668
       36990.163       11764.688        1456.430
       39720.034       11484.506         833.518
       38991.732       11853.165        1087.761
       42159.515       12202.438        1192.613
       42629.458       11177.220        1178.521
       41254.932       11388.514         904.846
       42781.806       11217.245        1182.949
       42552.197       11712.218        1363.139
       46611.331       12903.166        1266.798
       47564.232       11698.801        1254.411
       45338.430       11499.444         983.564
       50659.655       11178.934         738.453
       50854.500       11874.882         831.311
       53817.216       11923.555        1209.720
       53656.538       11473.238        1065.437
       54510.980       11269.615        1447.025
       55442.312       11910.031        1734.303
       56769.767       11651.698        1527.975
       55956.963       12013.863        1665.662
       58130.265       11424.692        1229.867
       57976.337       11034.016        1108.537
       59794.080       11249.730         696.901
       60138.172       11635.632         867.869
       61639.342       11167.207        1158.249
       62609.647       12225.341        1404.978
       62922.628       11296.174        1381.313
       65173.977       12064.503        1462.498
       62860.585       12165.319        1450.722
       64726.354       11246.763        1331.061
       65986.339       10438.604        1218.737
       68112.065       11384.569        1735.190
       67617.233       11313.071        1705.697
       70432.368       12035.582        1166.038
       70720.703       11221.692        1113.836
       72371.364       11740.781        1037.394
       70957.986       12128.771        1157.030
       73180.828       11240.745        1128.841
       74278.079       11654.633        1003.499
       73514.051       11788.514        1067.269
       76140.031       11577.749         730.041
       76444.731       11289.445         792.284
       75278.483       11801.899         967.783
       77071.475       11637.344         705.300
       77679.444       11664.350         800.730
       77142.869       11155.155         521.081
       79005.134       11235.257         476.626
       78887.886       11092.352         408.204
       78376.445       11769.791         712.724
        1814.033       12996.869         572.315
        1951.282       12587.063         699.062
        3076.899       12694.946         968.210
        5806.970       12540.404        1188.754
        5041.914       12388.444        1016.615
        8862.462       12288.947        1276.282
        8693.972       12882.705        1269.766
        7953.644       12581.133        1116.890
        9343.321       12646.056        1259.274
        9515.917       12469.906        1205.987
       10806.913       12061.069        1487.858
       11167.208       12554.599        1644.267
       11380.917       12036.161        1598.911
       12689.956       12586.692        1531.801
       12367.483       12011.754        1282.356
       11655.233       12727.091        1605.504
       16276.264       12258.923        1336.454
       16081.216       13121.731        1603.956
       17418.677       12941.735        1653.535
       17555.043       12399.179        1642.687
       18176.545       12470.749        1424.514
       18122.836       12865.282        1563.357
       20512.509       12209.539         922.482
       20388.158       12635.165        1081.215
       24035.374       12198.514         930.483
       25093.334       13209.074        1255.043
       25991.032       12078.775        1318.463
       23988.415       12559.993        1017.935
       26976.764       12895.779        1537.116
       25784.912       12695.736        1492.261
       26952.561       12171.746        1431.217
       28616.754       12712.258        1132.473
       27212.600       13151.582        1417.575
       32237.776       12748.971        1133.559
       32151.001       12140.503         899.483
       32864.070       12308.613        1164.352
       33945.901       13785.380        1403.494
       34469.422       12882.899        1363.432
       32972.135       12825.835        1180.467
       36965.881       12930.760        1481.543
       36552.263       13777.769        1593.839
       36041.105       12598.708        1365.048
       38755.344       12076.085         980.576
       37545.064       13100.498        1415.280
       42595.883       13029.518        1309.552
       42610.529       12434.155        1176.356
       41962.475       12628.855        1228.297
       48606.696       12112.387         953.900
       48539.128       12688.680        1157.569
       47025.667       12827.958        1373.158
       50693.370       12685.081         858.682
       54209.771       12892.002        1317.316
       53824.847       12424.637        1100.203
       55748.322       12247.173        1571.820
       55689.888       12812.078        1786.305
       56035.244       12164.920        1661.288
       57463.884       12810.973        1739.817
       55817.082       12921.440        1769.663
       56743.038       12007.470        1397.704
       59443.710       12895.200        1190.533
       59353.539       12123.310        1016.536
       60899.927       10980.561         942.262
       63583.400       12463.959        1676.180
       62619.869       12380.652        1394.446
       62837.136       12932.844        1604.566
       63408.132       12656.234        1775.862
       63651.049       12462.343        1701.514
       64215.218       12841.866        1951.791
       66617.403       14063.815        1684.219
       66537.080       12281.666        1522.554
       67478.926       12494.023        1572.696
       66734.140       13812.189        1776.325
       67929.617       12281.055        1678.583
       68875.534       12349.112        1434.754
       68722.158       12479.214        1438.822
       71205.842       12483.007        1187.502
       69168.564       12958.596        1406.030
       73098.522       12568.191         843.136
       73846.800       12256.390        1087.160
       71991.444       12849.578        1059.284
       74858.960       12128.647         783.717
       78141.842       12100.277         557.293
       77925.020       12303.187         670.875
       79310.516       12837.459         345.760
        1845.915       13056.426         556.546
        1246.314       13754.813         459.999
        3157.147       13060.811         929.557
        4597.928       13047.599         840.331
        3859.288       13151.270         680.144
        5175.017       13226.108         705.509
        6397.114       13078.962        1032.137
        6923.059       13227.001         844.614
        9511.834       13379.803        1047.804
        9266.773       13444.125         987.043
       11041.133       13858.958        1271.886
       11371.230       13056.313        1458.644
       11806.261       13106.035        1616.996
       13611.408       13395.768        1391.304
       12468.369       13617.763        1491.860
       15857.033       13374.006        1552.698
       13273.697       14038.256        1499.320
       16655.656       13378.131        1760.134
       15402.823       13910.107        1793.263
       16901.348       14297.770        1874.681
       18065.308       14041.966        1602.155
       18165.841       13397.188        1386.346
       17134.532       14503.844        1763.229
       20209.507       13698.900        1025.349
       21647.065       13585.052         784.816
       23217.649       14866.250        1082.861
       22993.204       13656.506         783.570
       26689.324       13216.205        1597.055
       24776.826       14162.338        1501.608
       27483.166       13720.957        1646.813
       26408.523       13933.155        1751.570
       27321.710       13247.157        1466.132
       29388.388       13591.280         869.084
       29189.920       14121.095        1031.920
       31130.537       13720.400         732.117
       33814.296       14241.171        1311.243
       32345.106       13682.289         903.097
       35397.530       15251.142        1529.262
       34683.707       13962.303        1376.060
       37354.661       14855.545        1701.137
       37368.278       13394.871        1324.188
       36744.136       13891.903        1575.503
       40547.326       13191.368         868.714
       40696.682       13575.701         955.497
       42369.820       14369.564        1327.967
       42547.756       13140.114        1301.162
       43168.994       13210.532        1466.390
       42510.772       13829.339        1533.374
       43537.009       15072.137        1549.801
       44640.229       13535.200        1156.976
       42902.341       14146.921        1527.511
       47091.886       13073.781        1381.124
       46607.773       13763.693        1497.070
       46539.279       13126.385        1280.187
       50896.090       13080.980         892.485
       53124.111       13148.033        1005.187
       51165.916       13775.246         900.150
       53246.130       13563.021        1023.446
       53772.247       14717.915        1270.424
       54572.921       14087.385        1407.102
       56271.120       13815.833        1995.037
       55636.718       13108.439        1687.188
       56254.324       13140.100        1911.350
       58177.844       13209.991        1610.642
       58105.215       13644.010        1661.155
       57151.503       14176.236        1852.967
       58672.265       13733.199        1606.497
       58905.338       13045.271        1332.581
       59746.730       13291.318        1092.834
       58639.637       14152.545        1459.767
       62903.045       14464.778        1448.521
       61562.131       13428.407        1072.418
       63570.175       14363.099        1874.458
       62921.154       13754.351        1708.237
       64316.710       13230.180        1883.695
       65555.150       14711.790        2066.052
       64007.217       14995.254        2095.757
       65686.695       13659.688        1976.159
       64014.454       14111.166        2023.123
       68789.453       13293.765        1275.820
       68182.597       13912.775        1501.438
       66747.097       14139.351        1664.768
       70816.529       15226.777        1143.671
       71907.044       14140.500        1062.765
       74038.169       14334.410         885.242
       73024.361       15387.391         973.235
       75713.085       14140.544         740.381
       79028.347       14019.079         365.047
       77165.173       14226.002         620.710
       79297.607       14028.386         384.863
        1246.268       14584.261         480.668
        3699.776       14988.948         656.611
        6263.554       16121.919         845.718
        6711.578       14968.691         775.389
        4849.155       15140.343         637.522
        8073.075       14811.594         990.803
       12441.286       15006.162        1532.791
       11306.986       14251.660        1210.268
       13084.020       14041.851        1566.279
       14384.213       14180.319        1845.153
       13202.468       14360.496        1620.837
       15181.530       15048.426        1887.285
       16517.199       14445.325        1988.082
       14732.863       14436.867        1728.273
       17240.475       14810.569        1875.386
       16193.922       14952.917        2078.590
       18182.699       14607.202        1477.017
       17486.181       15188.431        1724.544
       20396.402       15231.772        1097.458
       20625.768       14302.799         978.402
       23163.475       15252.440         936.954
       26267.263       14929.316        1839.639
       26376.986       14374.373        1695.964
       25991.239       14303.749        1609.188
       29206.491       14790.424        1120.566
       28367.301       14948.000        1299.500
       31787.830       14389.479         855.495
       31587.288       15055.447         976.513
       34298.389       15030.681        1347.608
       34195.186       14543.204        1165.744
       35354.022       15264.052        1533.095
       37079.111       14736.371        1783.228
       35940.813       14730.082        1799.381
       39127.721       15215.041        1150.237
       37637.353       16374.346        1374.455
       39236.238       14521.647        1063.309
       42260.451       14586.261        1405.179
       43088.205       14985.390        1631.528
       47114.079       15539.382        1634.005
       46970.915       14425.957        1409.702
       46426.780       14508.459        1314.608
       46964.717       14170.967        1430.836
       49062.637       14496.839        1061.988
       49023.203       15133.612        1192.951
       47475.299       16021.235        1434.650
       48640.869       13874.937        1178.640
       51889.906       14245.228        1016.197
       51687.512       15226.326        1171.210
       54554.683       16170.306        1676.265
       56757.419       14517.661        1727.409
       56529.088       15470.412        1726.810
       54327.718       14723.272        1375.366
       57103.462       14485.522        1773.446
       56779.362       15004.578        1873.965
       58488.518       14305.132        1382.308
       62832.843       15068.594        1648.760
       62887.716       14520.560        1449.455
       63882.551       15070.043        2062.401
       63501.323       14614.890        1892.724
       66770.116       14847.012        1895.009
       66136.095       15031.813        1960.936
       67774.578       15760.182        1641.455
       68467.311       15046.305        1558.748
       69816.518       15491.034        1217.078
       70523.290       15179.624        1199.894
       72025.571       14690.020        1124.333
       72564.881       14845.891        1239.243
       71377.844       14999.649        1312.472
       74674.235       15135.971        1130.822
       74646.903       14445.933        1001.252
       73422.918       15081.531        1161.383
       76056.425       15377.034         902.463
       75064.766       15428.223         999.099
       76391.201       14419.986         696.279
       77272.858       15048.214         792.706
       77569.542       14743.315         792.133
       76378.504       15453.194         901.355
       77557.842       14337.398         756.123
       79306.438       14475.429         396.295
       79075.737       14905.563         533.858
        2134.201       15256.369         596.219
         707.804       15902.878         350.842
        2000.699       15410.796         665.168
        3064.103       15215.467         861.208
        2779.707       15939.132         875.523
        4507.620       16138.077         890.833
        4593.816       15151.808         733.447
        3138.280       15916.275         907.465
        4932.371       15871.226         915.474
        5836.140       15859.469        1034.392
        7748.228       15965.990         998.426
        8964.423       15342.510        1131.510
        6531.786       15879.659         962.198
        9867.267       16226.008        1338.781
        9844.645       15363.641        1198.212
        8960.468       15669.573        1170.656
       10171.993       16429.868        1245.907
       11157.340       16118.860        1140.700
       13109.477       16143.434        1512.996
       12567.011       15721.962        1437.427
       16210.307       15738.373        2075.442
       14937.628       15534.997        1883.236
       15190.639       15647.167        1851.788
       16126.533       15339.671        2053.765
       17419.905       15748.147        1876.810
       19745.038       15816.462        1384.237
       19781.274       15279.579        1307.620
       20495.062       15447.871        1104.636
       20440.745       15333.893        1057.212
       20102.750       15923.139        1315.263
       23951.949       15233.095        1212.477
       23289.823       15920.651        1171.236
       23868.708       15647.066        1326.064
       24163.818       15934.955        1393.126
       26824.038       15780.294        1929.331
       26380.392       15320.034        1684.154
       26236.771       15775.573        1866.681
       27581.363       16416.204        1641.284
       28177.186       15861.520        1516.563
       32230.236       16319.904        1293.927
       31468.706       16017.313        1161.182
       31236.122       15326.769         917.156
       32600.939       16420.329        1253.805
       36036.550       15797.647        1804.917
       36633.161       15186.249        1875.930
       36864.185       15629.433        1871.278
       37412.950       15377.937        1699.748
       43268.184       15282.237        1520.992
       41670.480       16436.683        1443.463
       41252.118       15509.420        1263.194
       43787.284       15575.270        1640.480
       43493.259       15272.435        1486.437
       42984.202       15850.509        1735.010
       47251.768       16035.162        1451.292
       51704.735       16025.042        1459.969
       52169.961       15760.018        1440.450
       51372.950       15393.380        1298.598
       53167.905       15726.005        1458.361
       56563.280       16903.276        2039.419
       56950.236       15767.807        1798.672
       56093.105       16259.817        1976.645
       59571.165       16563.046        1469.104
       59557.887       15237.345        1290.732
       62185.338       15711.135        1853.386
       63525.980       15488.616        2218.773
       63981.218       15272.914        2069.499
       64295.371       15216.004        2167.111
       65938.101       15501.373        1814.800
       66358.764       15267.362        1972.875
       65436.312       15847.163        2015.242
       67090.387       15312.648        1924.250
       66798.888       15197.133        1823.093
       68943.801       15506.403        1324.588
       68885.594       15964.070        1496.645
       67852.545       15767.673        1662.329
       70351.359       15805.214        1222.792
       73009.654       15553.776        1012.542
       73957.172       15473.189        1286.399
       72779.394       15586.437        1074.614
       75086.858       15596.773         997.662
       78735.995       16094.876         534.833
       79219.706       15682.037         376.603
       78452.308       15945.486         566.627
         636.193       16940.357         337.065
         908.770       16597.780         429.587
        3364.379       16359.622         992.514
        2969.490       16575.407         974.409
        2895.271       16115.995         800.347
        6445.747       16365.576         895.268
        7162.711       16285.360        1125.163
        6128.626       16365.234         905.039
        8145.608       16875.179         988.919
        9861.844       16538.536        1272.191
       10074.074       16616.624        1208.827
       10416.955       16529.695        1314.181
       10004.696       16603.178        1221.362
       12192.532       16830.074        1352.106
       13045.734       16349.482        1475.178
       14340.040       16445.587        1796.535
       14999.812       16872.017        1686.931
       16752.684       16260.378        1971.393
       16603.251       17904.049        2136.746
       16992.786       16414.302        1902.138
       17694.700       16762.912        1966.949
       17876.160       16177.283        1892.341
       19301.518       16324.102        1550.114
       18394.653       17115.126        1875.164
       19301.150       16198.762        1508.116
       19713.926       16654.124        1476.789
       22127.946       16841.482        1074.474
       24007.267       16388.688        1266.143
       23344.697       16351.258        1026.324
       24121.448       17094.628        1479.380
       26042.644       16266.594        1686.513
       25252.519       17370.035        1633.945
       25758.165       16752.133        1895.948
       26603.803       16678.988        1925.729
       26680.588       16367.064        1902.705
       27298.730       16879.344        1765.945
       28200.093       17001.177        1494.140
       28170.807       16447.016        1294.375
       27147.101       17112.913        1659.088
       29368.147       15554.746         911.668
       31460.064       16706.981        1281.431
       32064.450       16428.170        1321.640
       31448.833       16268.979        1119.300
       32442.387       17951.911        1572.923
       33095.159       16980.021        1455.856
       32110.362       16851.701        1331.974
       33565.920       17023.751        1387.772
       36320.494       18003.424        2054.125
       37049.789       16667.504        1925.090
       36594.419       16143.113        1696.445
       36042.233       16580.123        1857.704
       37770.862       16499.710        1418.234
       37663.560       17200.850        1637.296
       42619.194       17306.994        1793.209
       42416.556       16272.295        1707.171
       41418.836       16704.459        1539.790
       42730.927       17028.113        1880.741
       43056.864       16203.693        1702.446
       45702.064       16172.899        1593.661
       42769.865       17378.173        1755.981
       46429.905       16947.609        1889.342
       45277.178       16773.877        1850.430
       46270.516       16143.412        1742.795
       47530.104       16522.349        1551.681
       46844.430       17196.941        1756.367
       51469.238       16412.552        1567.804
       52176.304       16735.929        1709.865
       51839.583       16141.194        1474.361
       54387.179       16424.661        1633.194
       55652.236       16526.294        1917.222
       53876.578       16719.977        1847.133
       56293.984       16946.638        2063.374
       55248.807       16903.179        2107.363
       58298.495       16854.907        1786.565
       60912.508       16280.071        1854.130
       59055.679       16966.781        1719.191
       60735.520       17302.363        1972.370
       62814.423       17159.665        1985.424
       62752.233       16080.550        1931.545
       62871.272       16685.583        2147.070
       63214.273       16181.446        2075.618
       64704.433       16648.170        1725.379
       63299.912       17116.304        2073.633
       66827.760       16578.358        1515.829
       67470.734       15981.460        1768.037
       66326.000       16769.831        1623.333
       69080.341       16725.806        1489.524
       68683.144       16594.558        1435.668
       67885.108       15850.984        1680.044
       69697.036       17138.735        1320.450
       70961.474       18299.924        1167.810
       71923.836       16873.773         884.731
       69737.266       17530.550        1186.544
       76520.985       16151.709         799.847
       75451.483       16463.467         892.307
       77244.407       16766.255         666.584
       78898.591       16811.323         427.274
         608.996       17539.029         382.385
        2054.765       18035.271         678.195
        2975.832       17148.842         777.830
        3517.007       17189.170         936.326
        2762.588       17486.472         921.055
        5277.031       17528.908         563.288
        7291.548       18069.874         733.695
        9339.931       17568.308        1085.539
        8321.156       17651.122         756.524
        8120.730       17808.750         814.430
       10028.250       17560.749         920.442
        9913.126       17569.275         877.125
       12691.396       18328.229        1071.440
       14788.128       17518.857        1508.802
       13062.229       17614.329        1208.883
       14979.769       18146.512        1644.867
       18041.545       18839.556        2051.423
       18195.503       17606.258        1755.062
       16731.601       18249.637        2068.749
       19422.675       18039.679        1524.821
       19594.109       17258.249        1296.981
       22942.369       18118.988        1323.451
       21982.707       17331.604        1108.411
       25665.949       17716.725        1781.213
       26375.485       17242.637        1944.936
       25199.216       17906.699        1795.241
       26986.403       17415.544        1790.232
       30144.876       17431.106         811.621
       28384.086       18430.738        1087.973
       29339.610       16023.210        1066.291
       29830.727       18052.124        1007.433
       32361.892       18389.496        1418.160
       31340.228       17760.242        1121.373
       34896.809       17356.137        1719.510
       32853.450       17934.538        1632.793
       34707.466       18126.704        1850.237
       37684.515       18296.799        1967.291
       37795.515       17370.586        1704.924
       36474.032       18164.473        2023.317
       40378.347       17252.852        1331.196
       40492.197       18414.926        1582.716
       44107.824       18136.744        2127.758
       43287.485       17396.795        1952.733
       42665.359       18006.011        1972.383
       46341.067       18400.453        1992.248
       46109.482       17369.215        1936.913
       47043.096       17690.616        1853.429
       46521.306       18300.084        2005.194
       48166.534       17354.815        1366.367
       48811.252       17879.310        1593.668
       50622.356       17221.554        1288.927
       52148.811       17255.068        1619.547
       50560.371       17928.028        1500.358
       54586.563       17225.310        1910.493
       52696.375       18478.504        1821.297
       54624.582       18114.152        2166.916
       55847.610       17194.281        2199.925
       57134.461       17506.006        2194.651
       56742.481       18541.075        2291.397
       55292.700       18034.072        2303.639
       60147.008       18970.476        2031.478
       60777.341       18157.042        2030.818
       60406.011       17427.122        1982.215
       57806.444       17868.232        1919.072
       61877.296       17352.065        2244.675
       60755.708       17961.723        2100.156
       62863.548       17585.138        2049.465
       61501.888       17878.346        2293.047
       63000.736       17262.051        1947.581
       64594.851       17451.464        1648.836
       64934.667       17207.677        1563.933
       65391.753       17604.705        1430.301
       67932.723       17734.084        1260.312
       68958.001       17476.547        1420.885
       67726.893       17557.092        1256.093
       70135.681       17968.803        1387.146
       72714.569       18029.014        1021.180
       71023.669       18411.990        1143.875
       73042.433       18365.979         845.481
       74455.506       17993.368         713.508
       78598.678       17891.793         446.754
       76803.872       18356.210         651.618
       79257.931       18093.732         388.714
        2198.782       18154.060         608.263
        1180.887       18855.968         446.578
        2370.381       18157.144         661.740
        6264.983       20145.393         767.551
        5275.660       19631.610         700.453
       10160.792       19512.171         959.608
       13930.779       19361.669        1248.896
       13011.154       18699.176         953.174
       14988.291       18866.090        1756.198
       16282.832       19225.951        1962.927
       14906.460       18432.710        1598.423
       16234.507       18475.771        1928.234
       17174.921       18873.253        2196.321
       16363.952       18919.791        2058.266
       20004.721       18530.485        1550.012
       20160.360       19385.932        1688.766
       22536.947       18275.847        1479.587
       22512.589       19224.954        1642.692
       23289.160       18257.008        1350.943
       22385.236       19477.842        1535.013
       25384.433       18417.230        1786.702
       24912.014       18637.686        1838.507
       25425.637       18271.229        1781.836
       26680.352       18397.877        1517.164
       26458.123       18716.857        1563.315
       28261.379       18764.812        1170.103
       30503.494       18489.762        1127.478
       30612.786       19407.474        1246.206
       34273.427       18351.844        1822.478
       32503.999       18705.687        1467.287
       34487.509       18342.374        1740.559
       34347.218       18983.915        1991.014
       35354.568       18408.134        2035.377
       35463.115       20496.005        2370.258
       36558.832       19319.881        2318.327
       35886.589       18365.125        2104.911
       35155.895       18720.130        2151.059
       36648.928       19396.053        2273.273
       36933.232       18371.506        2183.575
       37278.831       19991.605        2280.919
       37868.017       18714.450        2023.359
       39987.589       18535.558        1697.758
       40545.630       19289.468        1789.847
       42283.413       18431.590        1950.740
       43643.325       18833.951        2153.045
       42374.344       19487.425        2153.890
       45323.024       18396.292        2263.898
       43858.547       18709.599        2242.438
       44753.820       19241.302        2325.686
       46546.442       19019.867        2138.559
       49166.299       19183.122        1939.694
       48133.647       18409.726        1695.136
       50073.009       18317.398        1459.314
       52646.725       18526.331        1822.228
       49762.667       19429.573        1710.837
       54167.350       18520.832        2172.842
       52166.154       19122.003        2088.084
       56431.134       18579.305        2394.810
       53654.623       18854.201        2321.399
       55397.372       19052.720        2607.452
       57233.000       18963.193        2506.871
       61087.985       18224.801        2123.946
       60586.287       18579.647        2194.619
       62714.548       18710.538        1813.654
       62648.039       18517.477        1735.492
       63191.352       19063.209        1703.598
       64214.381       18507.468        1482.833
       65327.342       18329.336        1307.358
       64749.336       18983.373        1306.744
       67371.425       18324.998        1117.696
       67820.659       18482.268        1041.443
       67603.810       18485.258        1034.524
       71376.367       18545.396        1255.751
       70689.581       18616.535        1131.653
       73673.745       19190.700        1126.742
       73024.164       18902.546         960.163
       73461.699       18453.920         947.520
       72348.080       18766.152        1089.930
       74898.800       19823.200         984.237
       76083.692       19360.325        1015.832
       74061.238       19512.402         959.836
       75887.091       18392.502         929.100
       76872.109       19019.128         851.626
       77061.637       18421.497         741.265
       76146.107       19384.845         997.123
       79250.149       18724.808         373.851
       78831.812       19151.190         482.622
        2092.609       20804.286         574.835
        1181.629       19752.383         462.223
        3911.247       19460.739         617.874
        4799.022       19575.201         881.971
        3452.050       20049.946         881.792
        4603.793       20720.093        1104.545
        4425.063       19984.239        1029.025
        5826.544       19950.873         942.491
        8924.688       19432.728         790.317
        9029.405       19936.714         984.034
        9779.206       19495.834        1098.998
       10053.768       20666.242        1327.922
       10846.880       19967.420        1257.382
        9924.226       19788.229        1089.225
       11277.544       20216.862        1078.400
       14730.398       19986.799        1512.622
       13967.049       19551.522        1238.876
       16363.198       19833.803        2118.939
       17134.869       19286.876        2189.262
       17331.145       19826.260        2188.138
       18160.372       19669.986        2043.353
       20827.799       20093.268        1894.531
       18799.008       20056.956        2015.994
       22861.814       19962.064        1791.697
       21513.534       20170.032        1876.409
       25177.946       20505.248        1881.560
       25176.993       19369.632        1787.089
       23844.439       19992.596        1800.807
       26865.868       19720.909        1673.025
       25273.877       20559.475        1856.919
       29655.802       20049.036        1382.515
       32247.466       20568.237        1698.980
       31704.373       19351.217        1583.246
       30418.924       19806.067        1349.058
       32331.838       20614.580        1663.948
       34325.716       20911.267        2183.778
       33969.598       19796.954        1980.223
       36886.770       19720.989        2425.108
       35878.339       20132.212        2578.546
       39855.407       19397.445        2057.952
       39156.884       20062.929        2176.268
       42244.993       19507.299        2186.875
       42667.812       19401.933        2264.665
       43289.780       19872.413        2444.530
       40992.929       20134.860        2488.258
       44361.988       19138.423        2427.903
       44385.762       21109.634        2649.416
       45939.665       20230.494        2635.202
       45002.978       19265.481        2418.768
       44183.802       19639.615        2531.946
       46485.036       20571.633        2401.354
       46889.332       19296.507        2182.228
       49360.043       20295.619        2366.355
       47849.625       19429.428        2113.024
       51377.693       20181.597        2104.462
       51105.459       19573.616        2064.230
       52496.775       19288.164        2125.018
       52118.806       19750.607        2309.027
       54672.395       19257.010        2403.510
       56554.114       19413.229        2703.478
       54143.630       20134.387        2663.666
       56127.652       20857.282        2883.499
       56964.740       19428.854        2584.677
       57089.940       19691.735        2681.050
       55850.674       20306.210        2873.517
       57609.388       19203.423        2349.497
       57636.784       19944.953        2603.671
       57718.032       19231.568        2383.425
       59410.149       19155.603        2246.666
       58557.762       18723.678        2268.708
       59404.733       20008.790        2360.619
       57751.351       20434.750        2426.472
       61698.361       20809.520        1736.989
       62700.728       19396.029        1646.005
       62993.460       19351.166        1579.833
       64780.779       19468.301        1129.448
       63893.079       19787.340        1444.402
       66703.356       19738.186         796.567
       65703.125       20032.839        1016.475
       68423.146       19257.266         820.365
       67278.931       19982.413         746.592
       68892.631       19420.475         734.218
       70034.932       19211.745        1011.049
       71372.439       19790.416         889.503
       72157.926       19393.920        1036.418
       73736.016       19563.542        1031.891
       72714.170       19812.565         894.091
       74394.606       19831.510        1096.120
       76069.715       19513.287        1041.086
       76343.170       19634.553        1110.321
       75725.043       19666.868        1178.888
       77065.679       19933.933         967.894
       77220.680       19349.849         837.162
       78979.696       19623.003         447.378
       78905.735       20098.373         598.278
       77496.553       20404.659         839.825
        1640.323       21162.388         547.379
        3780.143       20227.300         951.500
        3945.362       21016.865        1027.834
        3000.801       20638.445         740.220
        2906.723       20602.249         748.458
        4154.136       20712.241        1079.252
        6146.949       21249.702        1104.211
        6296.467       20216.516         751.605
        5011.339       20859.863        1173.232
        8461.413       20612.333         975.432
        8135.575       20935.640        1071.557
       11738.980       20963.785        1384.404
       10642.724       20781.982        1372.545
       12096.438       21284.197        1258.250
       15217.049       21139.023        1686.325
       16204.117       21232.593        2079.366
       17284.557       20422.650        2151.375
       17357.467       21594.767        2203.735
       16032.197       20773.080        1963.563
       17401.540       21568.901        2214.368
       19711.753       20351.739        2191.611
       21149.393       21301.267        2251.008
       20527.464       20423.026        1952.391
       19229.782       21497.043        2298.774
       21796.631       20436.145        1948.012
       22438.126       20903.614        2077.615
       24933.480       20566.781        1957.904
       24538.483       22203.074        2236.964
       25461.427       21065.871        2037.090
       24485.145       20835.145        2125.095
       28838.675       21076.712        1717.544
       29559.765       21170.045        1521.408
       32894.035       20562.423        1878.768
       33379.647       21274.809        2017.930
       31777.598       21109.398        1937.888
       35994.124       21022.385        2629.877
       35918.283       20438.603        2536.613
       35429.624       20550.113        2373.409
       36529.369       21170.035        2526.910
       37970.767       21124.725        2526.151
       37441.461       20208.794        2287.214
       40480.098       20327.039        2340.254
       40459.644       21446.346        2617.484
       41925.956       20476.444        2634.399
       43987.786       21063.896        2772.202
       42764.969       20389.873        2585.765
       41741.327       21184.517        2732.714
       46786.057       21663.745        2675.836
       44635.389       21125.538        2720.848
       46974.643       20999.042        2608.631
       50155.038       20413.911        2379.915
       47876.092       21155.236        2580.425
       51305.338       21143.017        2567.515
       53707.957       20652.764        2430.835
       55457.118       20566.340        2747.502
       52994.528       20921.837        2691.425
       54602.631       21105.441        3004.749
       55706.845       20898.126        2862.470
       58224.858       20426.556        2596.954
       57650.519       21030.983        2580.025
       55963.120       21242.975        2729.212
       59529.013       20239.436        2282.677
       59557.371       20161.982        2293.191
       60776.389       20387.029        1876.293
       60145.372       21032.098        2172.583
       60473.678       19631.871        2155.777
       62641.513       21335.884        1431.168
       63023.371       20538.477        1221.822
       61604.720       21393.339        1512.037
       64961.338       20913.844         781.406
       64253.666       21205.664        1015.330
       70228.978       21375.712         869.173
       67226.138       21312.967         888.858
       70665.455       21584.523         703.343
       71734.338       20686.680         602.129
       74948.225       20224.718         867.495
       77022.555       20830.521         809.470
       77201.123       20857.499         794.562
       77604.736       20606.711         855.510
       76514.356       20799.574         974.250
       78995.988       20627.490         428.973
       79296.586       20980.509         344.653
        2130.107       21863.562         549.343
        1638.056       21600.781         552.732
        3417.794       21862.780         838.519
        2612.194       21590.876         674.861
        4967.798       22148.094        1242.788
        5406.465       21455.514        1243.152
        4192.232       21433.161         957.387
        6262.372       21533.599        1036.232
        6023.868       22216.706        1212.354
        5649.896       22154.538        1246.272
        8091.819       22534.123        1178.286
        8995.532       21625.261        1216.255
        9140.342       21963.923        1271.057
        8653.676       22123.416        1415.842
        9456.766       21552.386        1277.837
        9879.702       22090.059        1458.955
       10197.425       22151.704        1359.150
       11337.688       21348.839        1459.955
       12217.751       22166.143        1518.652
       10919.935       21926.677        1587.566
       15713.857       21864.336        1942.094
       15197.464       21257.974        1671.198
       17318.415       22194.378        2420.605
       18359.978       21617.938        2498.165
       20530.342       22158.362        2571.925
       18118.659       22177.992        2540.376
       21620.003       21581.769        2171.193
       21901.126       22354.233        2383.682
       21077.553       22320.792        2369.330
       26034.273       22241.083        2317.107
       25563.615       21189.266        2002.202
       24703.871       22059.102        2319.237
       27529.182       22349.798        1944.099
       27974.756       21230.751        1863.416
       30771.112       21515.378        1841.560
       33185.646       21344.161        2089.103
       29449.476       22267.366        2083.882
       32193.151       22105.255        2348.255
       33947.800       21308.309        2186.127
       33576.593       22254.354        2364.828
       37017.733       21409.973        2672.674
       36357.227       22043.277        2681.860
       40066.434       21575.419        2704.651
       36547.133       22119.346        2703.964
       40618.418       23169.509        2873.936
       41142.781       21434.617        2828.904
       39747.841       22355.066        2849.529
       41637.445       22550.399        2947.688
       42013.234       21244.134        2818.015
       43103.467       22196.628        2994.467
       41711.534       22436.128        2997.849
       42896.536       21186.459        2923.311
       44464.014       22306.734        2908.991
       43630.082       22334.359        2919.130
       46121.210       21541.854        2933.017
       46714.211       22170.904        2864.250
       44821.493       22342.562        2989.873
       48245.018       23038.791        2739.214
       49336.362       21550.492        2740.181
       50298.765       22312.887        2920.582
       49841.198       21557.263        2722.727
       49078.198       22332.795        2916.284
       51886.627       22378.656        2674.349
       53855.377       21538.824        2728.893
       54193.030       22355.423        3005.718
       54488.673       21949.270        2999.268
       54591.378       21442.683        2998.581
       53669.378       22110.814        2958.836
       55706.559       21956.443        2971.251
       57640.391       21627.333        2362.672
       57694.321       22001.856        2504.930
       55556.743       22604.681        2721.204
       59754.136       21497.370        1954.468
       59249.651       21959.121        2204.633
       60949.373       22044.204        1810.751
       64875.844       22449.389        1241.988
       66016.540       21394.182        1041.630
       66007.624       23263.128        1243.169
       68173.052       21584.951        1149.334
       65135.594       22469.735        1246.201
       68967.392       22349.473        1137.817
       67893.854       22108.578        1241.041
       69469.725       21634.173        1066.278
       70715.563       22021.992         819.029
       69258.089       22496.349        1141.282
       72164.887       20846.522         554.559
       73077.659       21864.695         461.339
       74635.887       21184.409         687.443
       75446.462       21417.890         684.751
       77307.837       21681.794         555.415
       77615.915       21522.889         671.113
       76849.285       21700.159         641.845
       79326.401       21600.839         397.458
       78931.256       21635.123         372.142
         568.576       23227.299         362.488
        2784.909       23702.770         771.587
        1668.238       22879.386         581.665
        1954.273       23154.637         608.496
        3554.144       23030.689         923.645
        4052.141       23045.915         928.738
        5829.162       22383.672        1250.228
        5676.072       22920.155        1223.973
        5157.119       22723.271        1105.339
        6057.229       22532.661        1261.370
        6998.049       22445.795        1508.838
        8245.273       22712.178        1206.137
        7615.482       22823.840        1366.051
       10229.818       22433.227        1350.625
       10793.676       22863.962        1590.418
       11629.587       22335.964        1690.343
       13817.256       23062.168        1865.621
       12778.880       22331.205        1640.075
       12249.201       22521.730        1510.141
       11971.488       22704.614        1621.797
       16091.712       23397.218        2092.230
       15457.607       22608.247        2003.676
       18673.083       23323.600        2584.011
       19109.555       22469.793        2600.507
       17197.425       22914.212        2342.488
       19299.898       22701.437        2620.790
       19822.982       22725.981        2748.252
       19707.963       22427.656        2677.552
       21469.099       22435.555        2514.359
       21062.393       22968.900        2590.342
       22793.935       23069.495        2588.255
       21369.144       23125.203        2583.597
       25333.160       23561.563        2555.497
       25120.422       22409.088        2451.464
       23460.815       23113.338        2543.174
       27118.658       23062.907        2431.267
       26549.646       22605.085        2249.903
       28759.065       22325.486        2273.500
       30100.425       23137.661        2365.350
       29203.309       23308.198        2354.677
       33204.217       22382.286        2427.569
       30455.386       23153.165        2389.884
       33424.928       23411.723        2618.462
       34084.536       22423.692        2543.064
       36014.744       22240.323        2754.333
       33676.718       23239.633        2723.043
       35462.687       24334.121        2953.016
       36616.043       24055.396        2942.414
       37569.587       23532.795        2940.486
       35009.062       23271.653        2937.971
       38368.988       22451.045        2946.401
       38570.945       23084.203        3127.969
       38920.927       22476.960        3047.734
       38044.720       23072.887        3161.477
       39616.675       24025.288        3074.028
       40133.439       22953.383        3043.420
       38959.126       23854.234        3073.632
       41738.581       22725.368        2998.960
       42012.662       22595.534        3077.043
       41391.763       22793.999        3057.263
       43076.878       23017.927        2989.082
       44041.864       22530.095        3019.155
       43631.497       22788.705        2881.043
       44468.437       22528.566        2876.751
       44953.417       22472.191        3033.161
       47118.195       22729.891        2923.100
       46645.411       22627.990        2772.853
       50956.807       22509.851        2951.541
       50534.150       22727.215        2851.040
       50166.033       22692.562        2938.271
       51427.360       22730.283        2889.136
       52341.009       22821.129        2909.280
       53122.999       22469.655        2964.059
       53937.977       22806.833        2996.215
       53367.534       22718.803        2911.508
       55465.306       22740.074        2756.586
       55744.009       22781.820        2811.548
       55038.468       22979.577        2937.000
       57872.735       22526.582        2380.961
       56998.110       23256.043        2641.144
       58914.018       22916.974        2235.984
       60640.648       23119.386        1854.424
       63376.750       23049.592        1461.658
       64016.605       23024.852        1539.168
       64927.724       23255.529        1454.431
       65533.740       22960.303        1444.166
       67659.840       22672.838        1286.309
       68138.699       22405.125        1333.150
       66593.744       22906.716        1500.984
       69311.574       22600.668        1146.152
       68421.991       23048.052        1277.468
       70629.440       22524.791         797.063
       70774.038       22318.617         704.106
       72512.516       21970.579         515.958
       73709.878       23525.012         632.506
       75793.363       22043.895         523.354
       76339.008       22885.035         362.391
       76297.874       21988.659         440.207
       79344.879       22963.174         318.149
       77800.288       23591.405         513.060
        1415.188       24288.711         532.558
         585.619       23852.907         330.893
        1897.493       23873.129         566.074
        2520.143       24010.421         752.742
        4645.067       24075.352         946.259
        5723.375       23459.990        1140.871
        3946.637       23804.300         840.312
        6591.316       23573.420        1090.155
        5993.218       23675.377        1080.367
        9117.792       24131.888        1025.906
        9631.976       24066.855        1097.878
       11538.549       23488.789        1371.250
       11355.301       23432.694        1298.386
       12527.988       24289.988        1423.964
       14029.098       24393.303        1625.406
       14339.607       23309.181        1644.576
       14315.362       23746.365        1809.142
       16087.572       23524.442        2047.763
       16194.112       23835.440        2166.628
       16720.108       23434.911        2282.878
       17055.361       23405.298        2160.824
       17514.404       23762.647        2381.708
       16849.065       23636.493        2277.656
       18793.103       23559.064        2514.404
       20495.889       23460.622        2646.919
       19186.458       23694.162        2376.873
       21258.428       23982.980        2666.063
       21972.849       23368.918        2715.750
       22343.861       23973.711        2705.461
       24838.139       23536.508        2739.039
       25788.520       24052.280        2778.638
       24631.132       24500.862        2836.896
       28657.151       23329.046        2542.146
       26220.881       24415.826        2588.622
       29655.045       23325.226        2511.851
       30510.286       24578.948        2678.211
       28449.340       24435.607        2653.386
       30991.121       23292.244        2565.726
       30698.419       24370.881        2762.775
       32883.793       23466.330        2781.665
       34396.959       23549.134        2862.447
       33431.465       24658.845        2870.430
       31552.585       24340.926        2901.942
       33809.399       24353.667        3050.010
       35257.560       24180.835        3039.775
       38072.506       23930.562        3114.058
       37177.838       23899.770        3112.655
       40676.877       23805.192        2926.601
       41217.984       23508.674        3000.108
       40006.433       24204.790        3058.600
       42545.082       23745.292        2752.106
       42364.935       23759.136        2746.344
       44897.311       23457.188        2801.988
       44193.020       23655.258        2713.832
       46624.741       23768.968        2555.502
       47928.808       23390.625        2795.525
       46211.114       23794.092        2609.387
       48384.879       23325.277        2624.664
       49211.747       23345.549        2898.012
       50496.483       23432.475        2617.401
       53104.907       23623.125        2776.260
       54040.584       23321.793        2930.297
       54453.862       23455.872        2795.075
       56768.274       23515.431        2511.709
       56671.509       23991.195        2693.653
       56169.868       23746.275        2748.367
       58761.825       24000.697        2254.361
       58954.002       23450.842        2039.025
       61690.030       23698.892        1940.412
       62129.077       24108.410        2005.927
       62989.780       23610.467        1624.172
       62734.182       24206.588        1797.769
       63772.816       24356.816        1712.974
       63852.274       23473.880        1492.263
       66412.937       23351.809        1389.815
       65577.266       23672.274        1437.014
       67765.098       23515.397         985.451
       67637.237       23612.190        1043.824
       70067.571       24723.956         852.072
       72714.128       23530.320         838.818
       71430.857       22526.304         646.215
       73536.711       24201.042         983.042
       73305.437       23580.588         780.409
       72411.614       24312.414        1044.150
       73834.014       24301.541         901.548
       74127.320       23497.382         770.755
       75370.706       23241.543         532.946
       75720.222       24026.071         758.884
       74094.503       24439.085         878.465
       75193.152       23249.069         472.126
       77332.875       23435.732         696.870
       77876.987       23957.764         650.656
       77980.869       23587.855         581.179
       76883.193       24045.232         870.555
       78356.429       24378.839         559.398
        1285.837       24938.375         464.005
        3304.504       24624.993         594.415
        5517.861       24519.303         832.423
        5209.013       24702.048         721.965
        6364.266       24670.053         736.597
        7175.558       24321.679         956.417
        8656.387       24852.255         916.013
        8164.236       24919.792         867.090
       10132.510       24904.187        1008.978
       11187.196       24420.416        1206.746
       10542.553       24773.071        1041.170
       12711.881       24951.546        1274.578
       14875.604       24981.044        1822.388
       16325.672       24276.558        1990.776
       16478.276       24468.976        2084.610
       16321.406       24360.972        2023.093
       18666.236       24564.098        2154.712
       18300.613       24581.479        2109.160
       21462.339       24633.553        2407.358
       19866.338       25220.355        2295.826
       22402.590       25373.041        2711.725
       23064.649       24302.351        2735.416
       21321.528       24904.329        2522.338
       23915.939       24506.165        2988.092
       23927.967       25253.934        3005.587
       22824.369       24816.466        2944.909
       24622.685       24977.014        2884.952
       24358.069       25223.320        2977.200
       24857.209       24823.058        2906.347
       24796.428       24627.737        2871.075
       26308.531       25019.023        2786.952
       27783.259       24470.486        2879.299
       29609.097       25138.637        2934.979
       28270.127       25120.934        2888.592
       29670.347       24563.933        2931.099
       27805.601       24797.877        2901.039
       31379.668       24397.493        2928.836
       30326.827       25087.138        2849.838
       31264.440       24551.548        2996.404
       32038.106       25041.699        3153.943
       32154.470       24480.680        3135.210
       33453.065       25124.428        3010.195
       34923.292       24462.221        3139.073
       32963.775       25228.283        3119.038
       35956.397       24320.880        3133.060
       36643.787       24248.232        2868.275
       39126.373       24532.412        3016.083
       38607.219       24449.550        2882.393
       40007.298       24578.225        2976.506
       39571.403       24719.492        2840.122
       40681.747       24636.891        2805.542
       41437.113       24859.929        2564.412
       40818.360       25242.872        2716.166
       43821.721       24332.439        2470.140
       44044.275       24365.748        2550.192
       44752.401       24854.043        2358.022
       47502.383       24743.386        2311.664
       48648.817       24648.718        2565.164
       50005.628       24662.813        2478.727
       49433.968       24720.696        2311.939
       53048.203       25087.064        2469.308
       53624.159       24323.579        2500.238
       51073.884       24870.327        2355.578
       54082.348       24327.311        2661.776
       55945.217       24459.778        2731.288
       54591.551       24480.056        2492.286
       56641.750       24516.346        2510.581
       56693.576       25052.789        2694.712
       57231.529       24905.171        2760.412
       59761.096       25374.277        2480.749
       59331.417       24443.605        2391.452
       61287.632       25169.763        2286.744
       61115.928       24661.238        2162.531
       61984.650       25382.906        2132.465
       62767.988       24313.468        1799.009
       64957.525       25063.567        1370.154
       67501.517       25150.538        1077.490
       69554.588       24709.959        1046.087
       69353.960       25227.160        1031.894
       71095.611       24694.297        1203.804
       70015.521       25024.743         965.525
       70435.395       24856.085        1000.646
       72783.075       24664.788        1128.440
       72083.062       24666.417         863.021
       72178.616       24725.516         903.979
       73979.415       24704.971         797.641
       74542.172       24598.690        1012.628
       76366.573       24560.535         661.735
       76810.751       24481.175         821.057
       76089.921       24145.980         656.157
       78319.476       24554.443         526.759
       78819.574       25009.068         448.602
        2094.648       26540.354         624.284
        2490.977       26440.824         700.269
        5972.283       25923.328         540.485
        7536.971       25821.782         751.116
        6529.998       25761.390         651.650
        9626.643       25917.210         831.266
        9217.647       25754.027         712.358
       12072.619       26601.847        1137.035
       13195.239       26401.725        1399.256
       12594.041       26097.003        1381.178
       15319.336       25440.250        1654.227
       15825.081       25542.113        1826.836
       14827.236       25582.970        1818.316
       16823.109       25502.590        1894.224
       16212.368       25731.895        1668.044
       17882.557       25454.100        2015.061
       19109.560       26424.677        1973.252
       20227.976       27031.906        2403.889
       20027.579       25875.111        2230.437
       21339.601       25933.174        2595.758
       22390.864       25692.020        2780.981
       23829.880       25591.907        2974.736
       22383.419       25521.249        2725.316
       24364.328       25722.390        2864.427
       24108.954       25687.138        2869.191
       26647.117       25693.586        2698.004
       27685.716       25564.137        2889.880
       25832.642       25868.008        2855.645
       29054.773       25517.590        2985.593
       28330.276       25721.690        2790.814
       30065.041       25619.378        2774.464
       30675.402       25691.074        2922.828
       32211.704       25652.325        3011.884
       32607.800       25740.091        2911.983
       32881.687       25701.840        3009.372
       33469.536       25898.815        2843.749
       33509.205       25756.884        2792.817
       36921.062       25345.762        2709.233
       34761.362       26369.787        2687.801
       35653.924       25805.531        2465.954
       37289.578       25289.667        2582.118
       37860.840       25374.827        2801.142
       39332.099       25570.214        2812.673
       38536.059       25519.382        2544.931
       40719.457       25652.287        2591.731
       41389.362       25787.394        2459.652
       41774.233       25522.678        2306.838
       44096.035       25427.556        2345.288
       42685.425       25695.825        2091.525
       44780.938       25419.999        2197.361
       47951.079       25626.568        2172.158
       46268.480       25682.547        1921.984
       49002.075       25564.318        2174.825
       48508.026       25741.827        2004.138
       49347.729       25632.341        2066.159
       49978.341       25522.342        2179.417
       53783.120       25356.394        2219.130
       52411.985       26042.565        2098.538
       51004.002       25887.756        2043.757
       54311.057       25345.786        2342.303
       55192.754       25827.351        2323.673
       56760.587       25644.456        2482.753
       58026.265       26855.655        2788.212
       56682.909       26304.947        2713.983
       57381.515       25452.968        2686.428
       59363.609       26008.457        2814.207
       58272.315       26545.666        2799.501
       58430.168       25354.818        2706.516
       60002.327       25564.827        2394.868
       59970.963       26164.504        2607.774
       61740.793       26710.139        2335.137
       62116.896       25924.776        2176.498
       64223.952       25336.539        1506.846
       63634.258       26578.853        1775.880
       65803.594       25581.081        1495.265
       65857.954       26328.957        1579.395
       66969.285       25669.091        1211.691
       67383.127       26127.034        1421.075
       67753.439       26390.432        1248.104
       68501.007       25489.848        1218.424
       69983.976       26506.432        1141.031
       71845.969       26111.414         894.785
       70113.886       26641.743        1109.919
       75173.533       26292.075         868.362
       78389.711       26515.932         544.114
       77381.665       26749.914         610.344
       78822.354       25829.952         467.363
       75918.967       26389.680         730.050
        1456.962       27444.137         534.394
        2145.318       26593.863         599.890
        2170.796       26795.661         654.200
        3068.937       26557.110         895.536
        2437.523       26875.506         715.281
        4729.988       27341.921         875.448
        4655.881       26534.291         705.442
        3525.023       26896.337         799.790
        7322.314       27326.734         841.729
        9041.154       27547.685         866.532
        9261.635       27420.860         951.160
       12794.760       27142.629        1393.239
       12149.978       27236.808        1305.314
       13066.874       26483.955        1428.772
       11503.738       27085.130        1374.838
       13210.117       26681.732        1465.650
       14197.082       26406.883        1710.678
       16052.131       26389.081        1571.920
       17175.378       27019.565        1417.794
       18980.471       27629.120        1690.775
       20128.987       27464.726        2245.383
       19108.847       26812.852        1977.279
       21246.260       26594.388        2552.289
       22014.266       26309.844        2609.755
       21464.144       26804.956        2586.718
       21978.745       26573.667        2676.858
       23017.182       26402.186        2818.126
       24587.948       26787.262        2589.107
       24891.433       26396.707        2684.260
       25139.184       26349.276        2607.024
       28891.343       26605.666        2728.783
       27062.984       26482.895        2554.512
       29737.842       26727.062        2540.851
       29536.205       26744.032        2476.482
       30601.239       27163.192        2632.072
       31931.473       26463.635        2719.901
       30042.145       26860.691        2456.635
       32111.550       26561.322        2675.741
       32832.416       26451.085        2848.316
       33729.673       26556.072        2743.964
       34347.461       26764.818        2505.313
       37699.339       26614.210        2501.303
       36251.100       26575.320        2179.189
       39225.411       27126.469        2530.886
       39078.937       26564.343        2499.985
       38333.906       26665.005        2258.895
       40430.113       27170.852        2438.368
       40621.570       26394.773        2168.169
       42824.041       26726.743        1900.303
       42491.785       27150.577        1923.919
       44246.440       27137.483        1704.546
       44773.165       26759.371        1581.262
       45235.475       26672.875        1750.481
       47230.628       27264.855        1688.680
       48545.457       26371.309        1831.204
       48548.355       26551.824        1866.039
       49181.189       26335.906        1930.779
       49827.252       26341.639        1699.353
       53836.820       26870.163        1770.497
       54430.420       27135.782        1981.840
       56446.983       27194.610        2443.781
       55405.998       26413.826        2158.313
       55480.905       26981.369        2368.058
       59954.946       26480.912        2620.453
       60224.320       26370.645        2652.088
       60041.959       26434.613        2608.674
       59423.387       26710.251        2815.432
       61778.388       27364.027        2549.840
       61314.889       27199.674        2551.270
       61869.493       26834.391        2375.282
       62775.759       27053.116        2195.310
       62809.105       26453.426        2017.904
       64450.740       27283.897        2047.033
       66482.146       27882.991        1915.785
       65991.779       28272.143        1945.008
       67180.084       27232.254        1906.716
       66302.471       26433.246        1647.950
       65155.606       27458.249        1889.266
       68438.306       26960.564        1556.305
       70531.124       27044.656        1285.004
       69043.487       27246.846        1400.631
       72406.994       27253.704         920.948
       72993.041       26611.750        1012.729
       74132.780       26693.702         809.074
       73394.041       27105.372         977.087
       74713.619       26503.962         999.460
       75846.813       26611.825         713.501
       75586.614       26667.628         731.892
       79296.745       27253.720         376.756
        1981.872       28666.995         622.926
        1469.483       27987.228         507.881
        3079.203       28256.437         834.183
        4355.118       27592.510         950.680
        4893.704       28361.255         967.105
        5910.738       27670.312        1043.967
        4145.418       28140.340        1043.787
        6504.909       28125.596         938.084
        7671.500       28586.295        1057.514
        8329.742       27655.816        1089.123
        6972.156       28529.729         995.890
        5575.232       28349.951        1132.638
        8792.816       28308.878        1084.526
       10518.297       27501.784        1257.382
        9562.904       28016.122        1067.262
       10889.222       27497.992        1122.971
       10912.670       27476.101        1112.567
       11441.058       27668.758        1324.786
       12910.649       27622.525        1326.046
       13281.131       27468.840        1184.182
       13535.467       27438.785        1280.737
       15663.318       27926.408        1058.442
       16875.886       27659.367        1254.036
       17200.088       28535.820        1449.952
       18092.867       28636.626        1546.106
       19080.267       28951.147        2043.134
       18716.381       27964.168        1847.611
       21307.665       27426.658        2439.719
       21414.397       27326.977        2389.722
       21076.901       27373.407        2512.963
       23633.941       28019.210        2225.014
       24914.358       27718.654        2383.519
       22850.198       27968.999        2184.802
       25653.454       27345.641        2516.029
       25213.522       27847.149        2332.817
       28687.971       27658.389        2422.086
       27311.423       27619.263        2149.653
       26489.920       27065.931        2385.679
       29653.938       27886.850        2237.899
       31215.875       27987.146        2431.889
       31715.287       27755.345        2546.795
       31254.325       27789.842        2371.003
       33725.458       27672.422        2237.263
       33562.604       27831.832        2239.716
       35037.537       27781.488        2094.335
       35858.241       27351.416        2019.943
       37193.097       27577.325        2150.695
       40303.280       27754.696        2211.328
       39306.619       28269.739        2131.249
       38404.017       27927.793        1859.378
       40657.705       27960.171        2365.187
       40339.853       27925.176        2276.149
       40186.467       27875.441        2275.321
       41606.088       28478.383        2064.231
       42406.494       28194.646        1918.025
       47607.338       27589.897        1500.002
       45922.151       27875.881        1360.151
       47623.415       27730.355        1540.723
       47802.418       27677.201        1557.713
       48185.570       27599.343        1696.750
       49940.454       27782.134        1458.112
       50375.897       27588.206        1597.310
       53417.894       27512.942        1650.732
       53784.030       27926.438        1684.880
       54708.228       27387.726        1844.667
       55445.591       27749.280        2104.552
       56780.254       27751.200        2419.653
       55600.474       28064.213        2207.314
       57944.926       27323.534        2744.358
       58395.458       27576.435        2615.937
       58680.201       27483.907        2591.416
       58026.389       27476.312        2717.513
       61209.527       28197.517        2504.654
       60256.781       28070.922        2488.666
       63129.813       27861.120        2244.428
       63363.129       27741.453        2272.361
       63241.182       27458.608        2188.708
       62138.722       28436.287        2383.747
       65632.654       28112.748        2076.870
       64833.285       28281.680        2042.086
       67654.139       27893.613        1750.478
       67931.993       27758.788        1716.068
       67864.459       27597.196        1671.324
       67090.038       28065.152        1926.666
       68909.185       27992.014        1587.875
       69363.112       27352.357        1515.738
       69972.829       27568.196        1414.050
       70019.601       27373.259        1391.296
       69374.564       28030.481        1620.698
       70932.115       28012.780        1303.419
       71259.304       27395.041        1113.405
       73462.397       28344.120         967.921
       74239.649       28478.297         859.355
       75115.718       27948.197         650.185
       77377.767       28645.744         606.694
       79168.012       28253.775         399.078
        2539.285       29305.663         865.196
        1772.826       29069.335         710.285
        1944.818       28803.055         591.008
        2719.346       28704.679         859.516
        3113.238       29122.389         860.119
        4292.123       28689.778        1047.711
        4314.447       29010.371        1069.091
       10679.571       28553.324         872.403
       10369.278       28592.718         769.522
        9476.805       28957.008        1077.811
       11607.173       28805.951         967.314
       12002.538       28061.346        1108.043
       12440.944       28086.513        1138.798
       13864.964       28556.788        1044.304
       15216.540       29833.029        1005.417
       15411.779       29563.520        1133.231
       19036.476       29389.957        1888.257
       20209.118       27842.541        2350.190
       20397.672       28662.600        2164.455
       20831.034       28474.773        2305.644
       20064.833       28682.946        2192.498
       21873.435       28738.028        2177.687
       24530.534       28768.618        1927.884
       24915.048       29113.063        2113.759
       25189.414       28580.745        2149.655
       25420.171       28746.922        2139.402
       26020.999       27270.058        2402.457
       25826.012       28496.150        2218.100
       27553.634       28378.077        2036.127
       30313.900       28338.276        1991.956
       28536.204       28810.091        1912.093
       30667.784       28577.458        2066.833
       31125.068       28692.475        2218.115
       31751.478       28720.763        2334.153
       32991.907       28706.530        2128.614
       33587.662       28547.004        2050.031
       34373.789       28609.385        1773.822
       34072.543       28935.223        1933.847
       36750.720       28982.080        1555.008
       35966.124       28934.878        1558.551
       38130.616       28624.556        1746.494
       39266.141       29230.847        1886.522
       38444.707       28772.824        1640.969
       39629.656       28450.399        2001.209
       39991.841       28859.058        2209.347
       41795.385       28860.334        2211.059
       41316.085       28828.839        2211.379
       42572.253       28707.802        1872.376
       42347.699       29366.583        2050.398
       45601.356       28610.713        1236.504
       44360.694       29612.611        1275.545
       47472.441       28778.025        1199.422
       47595.941       29045.672        1296.484
       48251.503       28727.796        1474.516
       50122.648       29248.256        1367.656
       48786.714       29111.680        1401.864
       50412.032       28586.536        1365.782
       52235.558       29062.559        1283.364
       50933.704       29323.241        1334.522
       53637.816       28673.866        1481.233
       55404.374       29632.542        1838.093
       53721.973       29300.490        1640.577
       56937.295       29132.689        2317.921
       55781.557       28798.055        2056.436
       57504.543       28699.155        2353.941
       57104.255       28077.288        2575.836
       57662.876       28756.242        2309.333
       59730.780       28376.581        2266.700
       62028.562       29008.915        2312.469
       62010.823       28833.824        2266.073
       61752.670       28853.975        2264.266
       65380.689       28512.199        2147.092
       64388.023       28980.757        2073.774
       66085.480       28370.442        1941.505
       66517.674       28513.718        1805.307
       69027.515       28681.054        1380.749
       69163.051       28660.597        1429.762
       67995.557       29055.284        1672.106
       71680.084       29159.388        1339.153
       71930.298       28808.558        1372.290
       70754.724       28992.592        1072.740
       73038.786       28803.825        1031.431
       72859.635       29129.710        1159.608
       73479.483       29614.465        1030.707
       74557.197       29498.114        1017.216
       72898.129       29406.449        1088.891
       75604.038       29552.248         903.843
       74774.065       29681.114         919.727
       76232.883       28574.121         871.361
       77619.462       29283.665         781.593
       77755.363       28646.467         743.453
       76593.934       29674.656         898.581
       79204.257       28635.079         436.969
       78159.637       29362.386         745.812
       79090.233       28408.728         350.164
         608.984       30167.128         321.484
        3738.200       29614.383         901.580
        2660.493       29839.097         758.608
        3174.391       29811.110         688.733
        2981.834       29804.326         646.309
        5785.331       29763.043         690.201
        6338.093       29607.321         821.275
        7749.412       29626.409         899.638
        8410.830       29668.912         724.117
        8724.677       29554.473         814.861
       10131.405       30659.994         728.036
       10888.659       30279.145         706.504
       11720.231       30039.108         954.764
       15025.723       30006.438        1104.239
       16564.470       29520.808        1419.772
       15829.106       30593.996        1345.247
       16467.121       30248.721        1524.227
       19189.724       29986.703        2059.655
       19328.060       29616.669        1956.266
       20078.420       29423.066        2162.076
       18773.900       29808.467        2040.514
       20928.730       29543.776        1921.435
       21035.339       29396.864        1855.504
       23876.048       29960.991        1730.674
       22224.564       30022.101        1737.561
       25370.745       30059.525        1972.961
       25600.608       29686.036        1897.410
       25309.622       29753.650        1882.635
       27727.813       29556.450        1747.155
       26864.288       29926.558        1658.815
       29728.206       29933.857        1561.148
       28768.176       29828.813        1592.135
       31274.121       29446.450        1777.684
       32364.603       31055.134        2138.069
       31389.049       30381.417        2038.966
       32638.803       30224.051        2102.616
       32154.961       29487.808        2008.583
       33816.808       29538.795        1752.354
       33256.853       30365.466        1935.571
       35554.051       29695.543        1430.736
       37138.429       29793.090        1284.282
       35829.079       30321.222        1250.453
       37426.002       30166.062        1370.920
       37717.144       30113.509        1420.945
       39669.216       29879.196        1764.926
       40522.070       29639.557        1944.354
       40982.077       30081.340        2099.910
       41490.979       29718.438        2182.665
       42419.482       29752.525        1914.000
       42007.314       30185.501        2088.003
       43025.684       30412.460        1690.269
       44412.166       29938.823        1399.209
       43441.393       29149.947        1614.015
       47771.381       29677.466        1064.003
       44758.737       30706.900        1168.129
       48238.915       29842.773        1202.208
       47773.540       30034.404        1177.104
       50551.322       29771.238        1108.629
       53457.396       30390.250        1347.200
       55273.339       29764.476        1874.228
       53635.547       29864.075        1497.581
       55771.274       30210.670        1920.932
       57346.227       29469.876        2138.135
       57308.661       30372.020        2141.595
       57525.926       29962.008        2253.315
       58041.341       29354.296        2229.025
       59327.113       29409.539        2112.168
       60454.081       29958.107        2078.461
       63996.325       29365.556        1865.429
       63410.699       29972.743        2148.922
       66152.177       29493.102        1596.817
       65404.735       30040.730        1692.720
       67017.275       29544.082        1343.783
       69930.234       29599.464        1208.661
       67910.598       30289.802        1218.043
       70345.765       29671.187        1081.471
       71916.506       29495.423        1274.420
       72683.992       29573.298        1008.373
       74883.487       29822.604         954.773
       74255.995       29946.750        1105.631
       77945.068       29657.228         615.497
       77866.551       30108.570         782.455
       77105.683       30038.878         930.358
        1337.512       30858.274         488.356
         566.168       30751.639         389.578
        5690.487       31195.926         673.396
        7977.078       31137.627         672.148
       11632.915       31033.602         987.434
       12911.572       30667.325        1171.128
       10781.291       30659.233         787.084
       13217.278       31575.889        1402.604
       13987.813       31219.709        1429.646
       13230.651       30697.017        1126.058
       13093.645       30732.866        1105.210
       17068.458       32378.147        1713.993
       17951.235       30635.638        1718.813
       15650.052       31257.915        1470.613
       18163.121       32104.887        2080.563
       17531.764       31531.167        2024.200
       18594.165       31085.412        1979.352
       20456.387       30458.631        1636.905
       19823.035       31170.189        1903.421
       21544.297       30785.203        1496.901
       22114.111       31050.237        1412.917
       23295.559       31149.591        1273.825
       24979.193       30612.766        1823.020
       25274.281       30760.449        1708.333
       25265.252       30860.311        1739.331
       25735.515       31241.029        1670.377
       26658.981       30627.539        1466.370
       27852.939       30881.871        1327.518
       31337.233       31604.275        1701.177
       33350.249       30733.035        1940.807
       32849.533       31130.848        2104.703
       35360.074       31284.194        1387.302
       35637.730       30621.580        1133.439
       34370.947       31744.258        1559.744
       38045.093       30802.804        1261.669
       37618.174       30829.544        1115.033
       39355.651       31259.774        1384.979
       41307.359       30770.878        1873.974
       39474.401       30916.025        1457.292
       41504.984       30961.427        1881.642
       41724.311       30727.815        1897.161
       43049.033       29828.621        1857.783
       42551.357       32094.773        1959.637
       43021.901       31051.409        1775.910
       41981.379       31160.936        1885.710
       44694.681       30797.653        1132.297
       44564.527       31158.979        1208.038
       43545.989       31793.423        1491.604
       48443.091       31434.989        1344.428
       47687.083       31629.338        1324.184
       48236.132       30545.882        1183.155
       47650.813       30596.415         976.678
       50632.460       30431.118        1063.456
       49588.205       31889.093        1172.873
       51812.425       31105.720         949.239
       53685.117       30716.993        1196.794
       53637.034       31608.905        1504.599
       55639.039       31216.252        2036.638
       56407.113       31172.805        2057.652
       57301.448       30450.175        2140.421
       57486.041       30451.011        2078.223
       57273.515       30712.164        2204.460
       58946.945       30598.598        1726.526
       58176.843       31224.229        1920.935
       58879.787       29380.614        1997.445
       60099.292       30844.029        1687.240
       61230.134       30552.437        1872.172
       62730.449       30427.819        2045.767
       62257.128       31077.097        1996.079
       63322.849       30602.659        2072.590
       62941.749       30688.460        2051.465
       65334.816       30915.467        1539.673
       64790.813       31567.336        1688.130
       67806.713       31342.980        1218.630
       69620.587       31271.577         990.548
       71036.453       31296.462         757.284
       72348.913       30493.689         883.203
       70278.302       31520.910         870.937
       73557.211       30569.868         914.918
       72660.524       30771.075         807.839
       75535.341       30637.150         705.303
       74354.048       31015.277         731.783
       75820.131       30779.421         628.849
       77052.496       30576.450         891.701
       77822.547       30576.498         603.768
       77795.444       30604.261         615.552
       79327.339       31211.136         343.126
        1212.716       32111.287         460.595
        2904.681       32541.363         471.983
        4656.568       31449.535         626.109
        6071.047       32460.310         886.194
        5981.291       31413.016         758.752
        4882.864       32498.972         824.903
        8772.140       32270.669         878.187
        8615.861       31379.254         815.373
        9279.581       31417.333         692.639
        9072.614       32070.278         891.536
       12038.295       33101.104        1152.063
       11694.187       32043.114         946.085
       14804.313       32363.539        1630.420
       14667.944       31585.436        1430.603
       14084.821       31712.655        1425.468
       14974.246       32659.649        1501.867
       19594.922       31892.078        1728.014
       18503.729       32456.928        1996.356
       20638.672       32530.930        1473.280
       24040.558       32103.590        1401.940
       25077.734       31627.147        1548.341
       24291.621       30246.676        1538.841
       25231.970       31750.590        1507.942
       25382.604       31713.031        1486.132
       28328.802       31830.601        1209.426
       26592.638       32586.353        1236.899
       29534.802       32577.713        1138.013
       31364.890       31836.238        1758.442
       32437.362       31517.137        2014.855
       32797.122       31801.960        2075.417
       32695.244       31505.521        1966.956
       34478.635       32070.771        1682.199
       33556.554       32460.503        1891.585
       35547.974       32050.228        1386.658
       34638.822       32439.532        1531.937
       37112.636       31447.719         960.266
       39647.665       31504.179        1247.727
       38813.323       32328.291        1136.910
       37120.600       31707.124         927.074
       40171.828       32304.657        1537.632
       42181.861       32145.834        1987.890
       41488.951       31570.471        1719.848
       43586.522       32368.879        1661.742
       42510.700       32474.930        1814.490
       44673.233       32598.439        1422.786
       44887.321       31813.276        1227.609
       43745.192       32807.589        1495.876
       47690.701       32715.110         966.627
       45708.196       32443.127         902.970
       51883.700       32576.186         988.107
       53521.842       32372.990        1691.866
       53482.083       31904.387        1530.456
       55400.677       31662.505        1877.156
       55590.983       32060.064        2015.082
       55248.165       31788.661        1949.481
       56125.532       31572.337        2110.274
       56430.554       31874.056        2067.324
       57025.414       31524.984        2022.658
       57841.818       31590.882        1731.505
       58250.962       32281.033        1569.202
       60608.419       31516.878        1467.951
       61202.624       32065.069        1540.075
       62706.701       31467.358        1769.602
       63081.641       32065.761        2029.533
       63419.281       31528.562        2029.080
       65295.758       32236.678        1942.681
       64042.818       32373.285        1984.867
       67542.780       32421.603        1522.669
       67327.738       31479.513        1381.856
       68097.310       31555.165        1165.512
       67938.482       32453.237        1454.768
       68229.094       31537.715        1211.397
       70191.736       31951.898         781.567
       69895.459       32112.412         828.540
       72573.277       32525.356         753.473
       74539.025       32290.774         765.633
       75148.391       32523.374         525.609
       77825.077       32834.943         596.608
       79327.934       32145.966         323.914
        2332.441       32697.045         629.277
        2698.156       33244.197         629.179
        3004.497       33539.087         723.688
        2329.571       32900.166         642.271
        4642.203       32525.963         916.934
        4347.123       33394.881         893.409
        4858.293       32889.155         973.591
        5537.454       32526.640        1075.849
        6188.164       33015.543        1017.865
        5680.804       32927.211        1071.084
        6818.218       32653.860        1097.143
        7765.560       33434.299        1318.908
        7658.702       32624.314        1188.030
        6897.836       32949.071        1107.707
        9838.964       33576.412        1185.363
        7963.061       33625.950        1221.087
        9691.908       32531.705        1003.140
       13084.776       34499.014        1516.015
       12822.647       33058.987        1281.080
       14405.203       33321.558        1796.491
       16201.963       33572.770        1897.322
       16560.704       32467.646        1906.681
       17913.866       33345.582        2063.108
       17881.652       32588.759        1997.999
       16637.679       33227.923        2018.647
       18304.364       32712.919        1895.851
       18252.395       33201.493        2065.755
       20549.593       32886.834        1378.996
       20286.437       33369.405        1564.693
       21583.111       33400.030        1110.916
       24331.164       32560.664        1215.668
       24704.187       32839.603        1276.792
       25201.129       32697.900        1419.528
       26440.372       32950.946        1138.768
       25881.566       33145.501        1234.211
       31264.175       32638.663        1493.698
       30218.360       33494.231        1352.667
       31862.376       33312.357        1773.288
       31208.607       32816.815        1553.594
       32955.007       32684.344        1883.114
       33696.658       32925.498        1934.539
       33569.265       32645.231        1864.183
       32965.956       32984.557        1921.245
       34964.373       32938.703        1750.528
       34630.862       33053.310        1753.556
       36424.005       33268.305        1239.143
       35536.898       33734.109        1427.395
       36295.749       32674.504        1069.254
       36618.902       33722.076        1063.058
       38976.327       32626.069        1047.134
       39541.658       33353.245        1125.046
       40685.052       33422.075        1504.845
       40340.974       33006.035        1356.963
       42480.698       32747.219        1912.708
       42249.630       32615.958        1919.809
       42564.549       32574.529        1853.517
       42527.629       32490.074        1820.852
       43846.801       32937.601        1519.110
       43533.654       33345.136        1639.413
       45697.093       32879.914        1024.370
       44805.751       33123.068        1235.087
       47720.228       33067.040        1089.666
       48474.024       32686.444        1248.538
       48220.888       33135.693        1211.912
       49532.706       32623.739         896.774
       49081.715       33154.639        1152.246
       51875.885       32691.037         947.316
       51876.117       32978.876        1050.611
       52532.617       32784.873        1191.582
       53353.608       33445.407        1480.979
       52637.975       32806.902        1152.055
       55319.043       32791.751        1929.914
       53479.315       33097.932        1578.366
       55935.519       32832.396        1789.415
       56120.688       32729.104        1855.023
       55587.718       32860.166        1833.373
       55785.200       32994.151        1825.820
       57890.033       33021.942        1616.167
       59065.807       33852.817        1288.478
       61321.558       32827.332        1320.830
       58009.133       33778.726        1381.730
       61753.459       33443.879        1463.376
       63479.063       32903.031        1752.188
       63655.260       33235.368        1869.029
       64452.381       32854.473        2025.776
       66400.370       33425.963        1940.593
       65258.240       33582.247        1964.359
       66121.184       32842.547        1757.608
       64453.006       33292.667        2033.468
       66886.829       33843.750        1718.013
       67936.368       33218.255        1466.472
       69924.439       33473.466        1015.933
       72862.879       33900.017        1040.033
       72285.846       33028.439         875.445
       73794.250       33595.370        1066.845
       73632.460       32661.607         958.817
       75911.219       33543.689         904.234
       74203.921       33767.720         957.560
       77951.533       32911.314         606.899
       77816.924       33229.099         708.020
       77926.055       32874.021         595.103
       76726.591       33541.069         996.295
        1419.152       34203.261         498.574
        4093.367       33710.610         972.318
        3332.471       34030.989         737.321
        5197.192       33923.806         883.849
        5620.935       33655.089         997.585
        7214.772       34358.038        1149.558
        7909.531       33643.173        1227.513
        8640.641       33700.939        1479.400
       10667.997       33780.566        1329.501
       10340.764       34622.441        1387.902
        9533.905       34071.830        1278.782
       10395.934       34608.972        1403.579
       14689.215       34493.523        1944.595
       13764.547       33979.133        1789.962
       15815.046       33696.147        2029.568
       17455.034       33736.890        2141.516
       15866.220       34165.809        2077.733
       18482.701       34005.616        1971.706
       18331.418       33761.101        1869.951
       20525.110       34036.683        1611.080
       19474.694       34582.214        1777.965
       21823.276       34169.937        1274.493
       24900.126       33635.957        1085.027
       22381.769       34860.603         963.575
       25276.697       33601.244         957.155
       25445.456       33629.204        1021.309
       27055.315       33754.476        1032.342
       30344.389       35601.144        1636.726
       31834.597       35106.166        1639.436
       32104.219       33705.675        1607.510
       30018.726       34057.043        1398.069
       32219.306       34152.787        1758.730
       34682.777       33506.532        1627.074
       34861.458       33527.990        1691.403
       35538.806       33872.207        1471.351
       36501.795       34231.251        1209.593
       35839.643       34299.556        1356.908
       38643.171       34722.249         856.101
       36632.343       34802.046        1042.448
       40537.827       34821.149        1446.497
       39351.878       33981.109        1159.081
       40674.156       34004.793        1706.706
       41704.134       33725.881        1830.718
       42371.644       34301.905        1708.532
       42758.950       33865.815        1702.025
       41886.620       34209.417        1783.562
       43389.518       33783.614        1463.778
       45747.520       33809.632         929.329
       44865.610       33543.876        1126.844
       47386.137       34387.611         821.866
       46014.921       34374.331         781.464
       48759.734       33554.267         956.806
       48630.215       33714.111        1029.957
       51422.265       35502.121        1215.884
       51136.565       34479.913        1069.510
       54374.203       34741.498        1745.902
       55044.469       33787.373        1762.203
       53177.490       34376.510        1657.787
       55710.471       33873.911        1547.284
       54904.546       34567.091        1858.463
       57955.103       33954.412        1355.881
       57439.770       34107.883        1486.452
       61364.100       34589.476        1188.275
       58869.739       34392.337        1080.076
       62834.289       34371.184        1653.354
       63732.892       33524.321        1754.727
       61866.307       33939.430        1340.392
       64016.101       33841.663        1917.073
       66682.507       34247.212        1847.215
       65955.612       34109.730        2003.106
       67111.831       34132.098        1834.645
       68254.134       34265.858        1497.495
       68452.930       33959.454        1472.077
       67907.718       34632.630        1580.923
       68301.460       33726.768        1395.608
       70295.756       33506.362        1075.774
       70693.146       34226.202        1262.790
       70015.919       34286.765        1175.047
       74289.032       34204.808        1044.762
       74876.741       34281.839        1214.345
       74792.610       33874.754        1163.159
       73685.229       34138.092        1095.215
       76060.334       34464.793         979.730
       76774.641       33707.809         988.965
       76339.443       34062.524         847.634
       77860.008       33517.550         664.455
       77312.581       33963.580         893.833
       79399.976       34330.463         339.968
        1744.933       35786.569         588.534
        1955.063       35674.881         598.352
        3818.594       35800.156         748.850
        3891.005       35746.991         762.782
        6851.503       35657.047         969.825
        5152.685       35611.499         957.471
        7782.183       35347.184        1002.481
        8134.842       35686.040        1107.563
        9000.539       35582.573        1198.707
        7241.187       35414.397        1139.893
       10245.593       34757.766        1442.481
       10910.209       35394.952        1701.599
       11338.571       34551.492        1710.527
       13241.642       35732.612        1790.061
       11488.853       35343.859        1746.221
       12822.586       34567.949        1565.654
       14637.869       34873.985        1879.782
       13258.693       35668.912        1810.581
       15385.767       34861.064        1883.938
       14063.523       35399.709        2064.621
       16248.714       35020.873        1780.790
       18613.809       34791.972        1862.441
       19205.825       35062.927        1688.541
       19583.202       34812.761        1765.020
       19727.046       35112.941        1833.748
       21137.870       35194.365        1633.306
       21047.109       34486.860        1369.767
       22150.825       36275.879        1374.296
       22687.415       35325.603        1159.011
       25452.816       34837.688         833.103
       23288.215       35850.966         926.964
       24824.951       35308.935         677.668
       26210.876       35656.832         797.403
       28396.655       34729.832         979.950
       28405.574       35670.079        1271.993
       34841.166       34536.083        1518.613
       32635.775       35442.110        1471.800
       35463.181       34624.261        1310.630
       35626.600       34502.278        1255.551
       36372.526       35174.497        1027.057
       38728.481       35390.293         966.958
       41306.371       35245.008        1663.062
       40583.042       35126.488        1459.875
       43665.012       34824.286        1225.055
       44198.816       35207.904        1417.685
       44144.152       34100.462        1350.529
       42700.436       35368.088        1507.781
       45778.367       36191.720         986.665
       47796.985       35302.054         773.807
       47513.572       35004.290         720.704
       50683.600       34791.826         932.000
       49594.832       35730.163         814.805
       51394.585       35492.632        1222.651
       50485.200       35137.777        1068.428
       53337.533       35296.178        1680.007
       52901.365       35548.269        1706.401
       54113.793       34919.494        1807.445
       52552.470       35015.492        1588.165
       54518.054       34956.093        1659.115
       56974.003       34660.067        1301.675
       56364.280       34946.602        1384.020
       58738.959       34673.060        1106.827
       60396.967       35267.278        1007.450
       61434.197       34726.526        1148.159
       59057.374       35195.248         969.805
       62073.617       35201.583        1254.948
       63263.346       34781.573        1470.744
       64455.695       34496.409        1666.452
       63685.711       34964.882        1427.077
       64975.864       34795.341        1826.121
       67959.179       35265.021        1656.439
       67116.091       35195.282        1797.187
       69896.368       35015.638        1163.511
       70631.632       34570.099        1253.971
       69398.883       35144.728        1316.619
       71286.849       34189.041        1246.111
       71350.993       34512.974        1215.488
       71044.592       34347.785        1151.252
       72495.141       33758.744        1103.696
       72489.945       34989.180         985.056
       76109.539       34821.987         871.208
       75798.802       35028.579         916.911
       76822.247       34912.718         735.677
       77458.815       34850.906         878.747
       79041.113       35443.117         432.355
        1812.878       35880.649         551.340
        1770.522       35950.931         572.367
        3281.242       35851.986         950.348
        3911.530       36076.067         820.915
        4616.697       35815.801        1012.194
        4556.184       36245.603        1026.826
        6147.489       35721.058        1237.212
        4989.981       36118.996         984.095
        6177.564       35966.670        1245.620
        9844.921       36729.546        1381.834
       10892.856       36587.705        1485.560
        9117.196       36266.310        1227.285
       11092.299       36025.359        1678.341
       11418.999       35831.487        1671.412
       12778.829       35767.201        1957.211
       13374.063       35784.246        1800.799
       14520.782       36014.998        1588.904
       15167.342       35756.099        1447.235
       18438.818       36413.994        1309.794
       19086.788       35903.553        1392.384
       15956.585       36434.082        1361.502
       20316.518       36380.786        1766.421
       20245.221       35829.030        1742.800
       21474.857       36011.801        1544.040
       21119.205       36301.954        1622.537
       23145.206       36645.083        1127.208
       22149.774       36612.815        1254.831
       26035.348       36609.888         745.723
       24827.954       36210.445         632.458
       27213.104       36876.091        1118.133
       28232.321       35954.554        1215.888
       26145.533       36355.481         821.180
       30275.498       35679.739        1633.305
       27909.945       36360.019        1398.452
       28980.248       36561.721        1472.266
       30683.748       36119.382        1827.500
       30106.579       35893.844        1732.588
       30757.907       35672.012        1771.592
       32682.078       35982.265        1504.137
       31575.363       36480.955        1706.139
       34401.268       36657.349        1097.516
       35164.646       35932.246        1139.619
       33663.676       36763.234        1189.857
       36295.872       36852.730        1097.263
       36547.278       35855.323         842.183
       35951.683       36336.703         974.728
       39146.504       36222.684        1153.240
       40325.929       35573.636        1330.043
       38701.097       35650.043         889.181
       40940.257       36043.662        1544.159
       41449.117       35638.281        1616.926
       40446.271       35576.075        1285.290
       42028.630       36094.727        1495.878
       45107.668       36673.648        1410.251
       44712.017       35933.359        1109.881
       44910.783       36038.037        1189.046
       44617.068       35984.122        1150.302
       49842.997       36683.383        1002.286
       52344.411       36433.683        1597.270
       51424.037       36077.087        1422.936
       55969.967       36003.654        1133.845
       54856.965       36378.105        1352.090
       58146.218       36914.358        1236.280
       57867.397       35993.226        1134.387
       62161.958       36070.481        1124.483
       61636.260       36658.584        1095.430
       60535.597       36043.145         901.578
       64141.906       35732.490        1325.030
       65541.880       35617.984        1632.548
       66607.033       36272.289        1735.953
       65932.466       36214.044        1652.726
       67288.271       35611.406        1807.936
       68251.796       35873.603        1680.769
       67946.816       36038.846        1712.405
       68859.645       36441.340        1421.953
       70396.394       36369.031        1282.547
       72198.903       36223.421         882.194
       70857.983       36837.980        1031.888
       73309.299       36403.905         757.164
       74690.193       35627.676         713.014
       75397.014       35863.978         727.209
       78980.989       35689.196         460.507
       78958.529       35510.091         391.860
       78378.712       35959.154         671.036
       79531.119       36314.507         293.704
        1385.492       37314.092         496.531
        3682.288       36976.564         639.324
        4972.995       36492.683         841.021
        4779.177       37277.459         764.107
        5519.991       36507.657        1050.458
        7644.767       37182.906         873.196
        8201.148       37038.104         891.262
        9610.545       37163.861        1346.440
        8868.687       36720.387        1045.628
       11473.575       37025.403        1673.149
       11526.099       36654.345        1641.028
       14059.111       36700.823        1464.032
       12524.811       37325.616        1526.813
       15092.261       36919.123        1187.974
       15678.863       36752.817        1240.151
       18715.977       36809.102        1181.625
       16917.830       37429.442        1011.070
       19650.750       37202.878        1272.241
       21001.330       36668.233        1494.941
       21129.349       37084.828        1643.763
       21207.960       36663.454        1543.595
       21575.006       37420.243        1552.808
       24269.411       37676.809         772.706
       23305.509       37616.894         840.688
       26253.854       37304.636         845.074
       26931.815       37574.362        1020.535
       28780.106       36808.705        1515.265
       27277.891       37043.407        1136.285
       27848.874       37164.657        1330.591
       30617.465       36807.277        1753.397
       31337.842       37272.346        1698.190
       31454.994       36829.754        1607.115
       33596.881       37338.795        1276.219
       31747.688       37705.879        1593.939
       35990.708       37413.704         942.552
       34955.207       37432.958         927.976
       38227.529       37439.577         784.782
       39378.463       36907.340         939.131
       36399.825       37549.080         860.210
       41338.511       37666.255        1318.910
       41383.923       36723.212        1307.616
       39497.398       37319.551         989.037
       41616.542       37217.197        1419.880
       41686.966       37749.391        1230.241
       46052.472       37032.123        1012.389
       45816.204       36611.457         828.205
       45662.510       37445.283        1137.470
       48564.698       38310.721         764.930
       46532.730       37690.133         742.812
       49756.340       37275.885        1192.683
       51107.181       36566.972        1375.972
       51175.437       37408.393        1571.158
       51824.635       36896.035        1459.817
       51005.147       36821.600        1450.142
       52269.492       36788.526        1563.091
       53594.785       36807.097        1577.771
       53548.658       37343.324        1583.161
       54541.905       37204.121        1489.353
       57641.997       37245.216        1128.461
       57939.478       37484.656        1008.177
       62013.986       36958.707        1099.171
       62139.321       36649.428        1157.276
       61778.310       36925.156        1032.458
       63998.571       36621.726        1232.324
       65492.112       37799.740        1260.708
       64885.136       37753.688        1203.007
       68851.602       36623.808        1370.956
       69117.218       37097.673        1578.718
       69398.642       36934.193        1608.425
       69144.612       36634.742        1475.544
       68368.428       36993.389        1600.091
       71102.250       37039.909        1151.121
       70881.000       37516.145        1288.253
       73730.929       37408.174         856.030
       75755.184       37690.407         759.589
       79005.690       38213.448         521.409
       79526.215       37240.068         268.676
       77827.322       37750.036         561.811
        1395.340       37593.948         477.107
        1130.690       38678.082         488.590
        1446.090       38344.487         625.028
        3105.464       38833.102         798.303
        2813.834       37596.422         615.928
        5039.076       39574.793         904.683
        4332.813       38689.497         875.245
        8213.956       38766.889        1011.351
        7345.891       38115.276         935.680
       11692.589       38548.986        1481.566
       11886.809       37601.272        1469.843
       10264.121       38913.955        1432.677
        9551.009       38129.101        1365.052
       12162.864       38109.773        1554.110
       14916.870       38301.950        1045.776
       15217.715       37991.015        1110.369
       12190.789       38832.871        1295.005
       17128.896       37884.189        1006.344
       18668.266       38360.312         917.636
       17323.008       38273.161         992.874
       19924.679       37559.728        1117.712
       20966.390       38269.124        1446.908
       21099.458       37799.606        1431.124
       21326.671       38066.728        1442.579
       23317.611       38235.036         912.439
       21446.639       38613.246        1235.860
       25997.040       38230.111         621.137
       24680.779       38211.787         654.280
       28458.323       37830.560        1174.039
       27327.069       38012.865         798.476
       29325.459       38488.148        1192.038
       31797.769       38643.176        1787.099
       31018.112       38603.037        1791.365
       31960.054       38054.183        1685.147
       31852.537       37791.465        1625.050
       31240.160       37931.218        1577.428
       33525.001       38298.961        1427.020
       34266.981       39353.706        1156.598
       36137.950       37836.051         890.858
       39143.689       38552.091         906.579
       38277.840       38026.444         719.860
       40422.824       38763.453        1313.791
       41224.756       37757.094        1353.462
       39380.025       38086.403        1047.005
       41628.484       37795.535        1205.237
       41148.592       38375.747        1484.021
       43029.304       38397.929         997.988
       45499.142       37668.203        1093.394
       45644.203       37821.247        1101.606
       45621.137       37679.263        1046.386
       46078.336       38301.085         970.617
       50348.462       38547.104        1357.689
       49603.628       37815.563        1044.096
       52621.125       38315.892        1375.851
       53828.578       37778.304        1491.029
       51599.483       38349.454        1489.935
       54546.031       38405.573        1445.874
       54458.094       37894.106        1252.759
       54814.730       38095.930        1390.346
       55690.390       38645.558        1067.862
       57860.786       37511.135        1001.318
       58338.369       37636.381        1165.947
       59161.466       38111.916        1139.977
       58851.260       37781.267         966.969
       58830.544       37790.965         970.282
       59838.089       38638.946         876.599
       61728.154       38098.493         880.612
       61961.913       38044.188         898.801
       62390.106       37723.632        1005.241
       61607.077       37833.060         785.755
       64649.500       38394.695        1015.128
       66933.627       37660.640        1606.117
       66278.349       38576.667        1533.379
       67098.142       38291.935        1644.711
       67689.298       37951.015        1479.726
       70879.185       38927.275        1514.363
       71454.970       38478.124        1466.314
       70439.029       38209.544        1384.435
       73397.869       38425.492        1167.657
       72970.108       37780.728        1052.968
       74506.103       38417.126         964.574
       74039.540       38528.038         975.812
       75023.003       37798.536         981.130
       76012.266       38565.160         894.534
       76409.634       38320.910         882.355
       75206.031       38525.297         987.437
       77838.675       38214.511         735.189
       78192.788       38018.756         733.765
       77110.563       38318.568         891.128
       79063.836       38498.022         428.640
         703.427       39293.867         334.888
        1213.712       38760.342         452.165
        2734.106       38929.454         915.568
        3696.415       38921.068         888.746
        3248.223       39022.405         727.528
        3243.649       38993.873         718.649
        4717.262       39347.717        1053.874
        3970.566       38971.871         801.878
        5108.445       39536.313         934.673
        8071.377       39465.582        1122.643
        8919.975       40259.578        1348.169
       10110.692       39209.825        1553.458
       10856.298       38901.658        1656.576
       10921.087       39510.282        1736.516
       12541.240       39316.106        1508.820
       11386.500       39680.620        1630.573
       14000.553       40285.461        1124.562
       15105.301       38790.408         988.820
       17227.520       38946.268         931.710
       15883.256       39182.644         780.765
       19327.512       39994.071         963.433
       21727.264       39097.097        1440.979
       20934.732       39227.362        1513.177
       21487.671       38627.098        1250.573
       23812.426       39220.316         954.220
       22201.720       39659.054        1198.383
       24232.814       39517.521         814.424
       27134.461       39699.959         841.383
       27164.858       39659.403         854.736
       30102.939       39766.027        1472.341
       28766.395       39359.017        1394.854
       33592.369       38946.558        1344.141
       32698.707       39558.021        1607.574
       35388.431       39627.042         833.694
       36135.092       38677.583         759.561
       36977.696       39189.024         620.068
       39779.933       39598.429        1056.542
       40357.476       39500.269        1134.140
       40819.931       38991.966        1256.194
       40652.549       39082.814        1218.257
       41302.088       39475.063        1206.010
       42629.061       39458.859         995.300
       45296.756       38756.143         961.917
       42687.052       39726.912         902.369
       45853.365       38856.281         826.194
       45680.787       38830.849         829.224
       48406.302       39679.008         655.940
       46754.969       39658.535         583.795
       48679.414       39064.079         844.523
       50634.582       38970.892        1169.692
       50708.592       39624.370        1379.172
       51332.016       39206.039        1383.810
       54383.770       39493.626        1190.910
       52965.060       39414.102        1119.938
       55857.866       38913.550        1161.711
       55157.260       39201.639        1314.346
       59298.100       38704.112        1001.902
       56855.243       39501.775         902.015
       59772.014       39154.811         997.022
       59469.646       38872.876         951.223
       61471.085       39347.397         614.202
       59944.977       39798.968         775.371
       62672.777       39789.793         771.102
       64925.780       39498.592        1245.702
       66568.925       38877.634        1375.442
       66986.011       38750.818        1513.151
       66191.315       39112.472        1542.122
       67443.958       38785.093        1376.148
       67659.140       38534.540        1274.814
       69879.028       38624.844        1156.069
       70481.976       39291.365        1447.070
       71965.175       39558.213        1502.299
       72173.992       38874.098        1377.532
       71384.877       39305.949        1478.032
       74032.213       39657.137        1240.528
       72052.076       39794.399        1417.772
       74904.741       39651.853        1042.824
       74110.990       39930.779        1143.271
       76790.161       38653.197         736.798
       76599.244       38907.704         840.781
       79116.861       38743.831         470.139
       78574.618       39027.832         615.899
        1622.870       40827.976         569.225
         692.194       40094.018         375.651
        2937.255       40736.786         708.214
        5093.672       39839.797        1003.996
        5613.578       39720.977        1130.165
        6910.614       40650.693        1239.552
        7502.788       39656.466        1287.229
        5952.729       40088.426        1021.897
        8646.154       40226.112        1399.574
        7339.898       40304.781        1422.753
       11538.673       39811.095        1666.130
       11378.384       39963.559        1632.304
       11201.002       39847.627        1587.312
       12973.870       39968.864        1339.432
       13081.990       39908.561        1337.769
       12373.622       40275.032        1551.830
       16141.296       39709.366         824.959
       14027.638       40641.671        1001.286
       18844.431       40814.501         937.160
       19304.436       40017.051         964.288
       16816.583       40346.454         683.761
       19255.104       40329.026        1076.329
       20240.450       39895.453        1279.509
       21161.799       39802.864        1494.408
       20780.862       40365.488        1448.413
       20296.100       39969.830        1271.077
       21637.542       40347.811        1457.613
       22140.387       39715.575        1167.991
       24361.062       40202.920         729.359
       23821.173       40390.739         847.253
       26173.247       40829.343         751.548
       27728.433       40442.343        1155.487
       28015.484       39914.252        1146.919
       26904.774       40141.792        1012.159
       29852.515       39943.942        1533.542
       28171.810       40180.958        1179.810
       30272.474       40083.768        1444.398
       31303.568       39954.019        1728.899
       32480.427       39947.226        1456.219
       32733.423       40273.116        1592.574
       31979.698       40168.154        1547.697
       34306.080       40830.415        1354.478
       33559.029       40642.741        1357.199
       34552.606       39732.135        1133.212
       35882.769       40166.301        1098.157
       34345.428       41000.077        1291.439
       37361.955       39745.742         662.803
       36685.274       40810.847         787.434
       40008.625       40593.141         806.416
       41522.577       40271.557        1296.726
       41479.790       39756.747        1246.868
       42683.190       39782.783         892.769
       42612.144       40413.050        1114.229
       45571.778       39933.798         722.555
       45685.947       40344.773         707.524
       48757.641       40496.508         803.619
       50904.348       40539.432        1440.666
       50207.309       40811.182        1548.304
       51148.355       39943.728        1401.434
       51024.792       40242.237        1377.601
       50608.758       40048.729        1263.457
       51942.966       40309.505        1301.886
       55412.435       40244.452        1373.950
       55138.052       39706.778        1225.805
       56972.214       40432.940        1068.957
       55950.132       40584.374        1151.398
       57249.645       40920.194         862.511
       59334.126       39876.929         895.241
       59767.882       39952.650         733.484
       61486.419       40073.413         634.074
       62731.265       40805.120        1028.239
       63821.133       40637.473        1133.283
       62634.610       39959.069         717.994
       64834.856       40485.029        1401.415
       65609.884       39770.278        1390.903
       64518.239       40193.818        1355.517
       65194.895       40541.288        1473.250
       67144.504       39765.647        1133.661
       69719.133       40614.882        1011.671
       67840.839       40549.633        1046.700
       70777.269       40332.604        1432.410
       70680.754       39944.278        1311.329
       71717.522       39801.782        1516.897
       72342.883       40094.678        1567.300
       72351.415       39852.909        1531.557
       71606.973       40127.865        1600.006
       73986.020       40365.623        1214.506
       73381.403       40504.725        1385.598
       76589.541       40320.839         734.980
       76155.502       40563.449         763.276
       75471.101       40480.284         823.645
       78548.535       40114.926         518.809
       77846.436       40673.602         571.880
        1326.906       41417.079         488.125
        3607.158       41383.542         987.251
        4202.973       40699.757        1067.874
        3009.553       40785.503         675.666
        4640.955       41277.176        1030.531
        7119.086       41268.869        1433.762
        7769.546       40760.468        1505.596
        6563.623       41219.224        1458.605
       10459.901       40809.817        1470.761
        9710.356       41107.590        1298.205
        7798.426       41426.670        1515.810
       11721.294       40692.730        1400.532
       11921.789       40661.188        1324.767
       14100.909       41135.247        1136.166
       13653.655       41118.541        1155.513
       16666.477       40814.466         546.172
       14541.803       41823.485         903.311
       18202.546       41857.084         860.700
       20242.993       42650.954        1330.467
       20348.094       41361.967        1232.518
       20884.234       40928.473        1301.444
       18675.765       41446.943        1068.703
       21194.368       40925.351        1183.741
       23704.424       41125.936         725.329
       21501.058       41524.667        1043.079
       27690.031       41041.545        1066.997
       26905.979       41470.861         909.047
       29485.356       41366.457        1271.009
       29972.253       41026.156        1332.200
       27833.751       41289.644        1041.525
       31017.638       41175.897        1299.557
       33748.190       41172.561        1464.339
       33882.514       40914.413        1454.914
       34467.997       41079.299        1337.708
       34315.076       41268.095        1372.798
       36796.668       40983.715         756.107
       36593.066       41565.505         933.076
       40069.226       40774.150         766.546
       40436.775       41984.355        1027.411
       39984.733       42027.525        1049.864
       42052.751       40940.535        1102.167
       42594.096       41946.684        1229.539
       41889.366       41586.669        1222.457
       42831.675       41187.773        1009.325
       45461.438       40759.747         626.701
       43903.083       41805.445         681.870
       45299.390       41198.253         598.969
       47298.487       41476.823         560.798
       49424.456       41862.657        1194.316
       48632.861       40760.053         845.309
       51629.230       40625.940        1136.830
       51513.594       41114.884        1309.826
       55359.563       41737.855        1091.645
       56130.715       40680.478        1216.239
       55832.223       41020.464        1286.920
       59712.722       40688.573         650.976
       58528.552       41906.165         783.878
       61427.359       40785.356         525.893
       63892.879       41606.430        1385.157
       64688.709       40737.238        1344.326
       63850.410       40818.721        1126.534
       65153.587       41566.517        1616.423
       65030.771       40850.539        1401.967
       64587.271       41149.061        1479.310
       67314.439       41633.026         969.927
       69907.720       41201.272        1125.739
       70573.426       41341.855        1272.928
       70684.996       40821.895        1246.984
       70772.271       41032.493        1326.695
       73043.116       40744.533        1255.007
       75126.595       41107.354         779.743
       74261.461       41398.240        1026.916
       78540.784       41388.113         510.410
        2090.387       43468.038         741.668
        1323.595       42085.417         504.253
        4927.922       42541.891        1096.924
        5855.195       41916.166        1207.167
        3862.269       42114.068         857.560
        6019.113       41923.473        1145.693
        6814.750       41745.497        1442.401
        5634.596       42195.092        1325.512
        7375.366       41875.450        1382.015
        7264.491       41662.679        1294.381
        9227.244       42354.783        1010.593
       10026.551       41864.347        1209.710
        8340.900       42645.121        1140.453
       10969.944       42586.973        1204.123
       11899.980       42660.108        1302.036
       11982.892       41742.529        1254.045
       13750.655       41826.067        1076.042
       12583.462       42702.913        1238.120
       14388.381       41927.087         839.917
       14351.159       41976.450         860.138
       18199.527       41913.854         851.949
       15551.140       42587.540         681.020
       18344.950       42578.540        1083.509
       20098.761       42828.459        1327.360
       21538.724       41957.187        1101.855
       20662.386       42691.676        1299.066
       24045.428       41888.658         652.993
       22441.758       42741.327         726.866
       25317.562       42618.417         565.784
       27244.635       42595.836        1084.009
       27779.604       41859.976         982.328
       26677.405       41992.355         994.028
       27597.414       42724.880        1094.635
       29829.453       41724.628        1163.868
       28837.661       42386.596         946.178
       31144.768       42358.890        1296.304
       31248.382       41619.240        1249.898
       31630.606       42461.327        1241.716
       33932.004       41787.627        1297.812
       34580.210       42046.186        1300.785
       34657.937       41830.595        1301.276
       36699.653       42103.257         920.276
       35820.134       42403.514        1136.235
       37793.821       42848.070         666.021
       39680.055       42837.447         738.415
       43935.940       42232.592         709.957
       42751.470       42641.970        1005.428
       44574.521       42567.621         548.486
       45542.150       41714.976         505.638
       47335.280       43061.626         670.586
       47388.086       42903.767         730.590
       49515.621       42230.158        1245.206
       50185.528       41922.582        1416.466
       50982.927       42949.161        1410.805
       50640.650       42312.620        1355.713
       51552.518       41960.978        1106.947
       53019.816       42554.089         877.808
       55495.153       41895.748        1022.060
       55658.159       42656.698        1248.577
       56708.613       41986.228        1321.094
       56220.375       41563.039        1223.246
       57698.638       43213.892        1329.864
       56971.978       42780.550        1320.107
       58034.594       42281.991        1076.383
       57590.980       41659.150        1135.261
       58554.100       42472.541         917.157
       57723.771       41379.012        1090.360
       62619.893       41711.387         782.717
       58605.894       42807.620         789.532
       62669.339       42702.411         800.249
       63673.196       42543.374        1102.460
       62758.401       42297.289         943.074
       66817.286       41764.398        1004.685
       65912.480       42664.676        1327.604
       69662.939       42686.726         834.643
       68188.321       42529.014         695.642
       71038.308       41725.392        1059.457
       70963.163       41787.759        1082.072
       72766.864       41799.505        1137.437
       72610.378       42746.670        1182.082
       74014.496       43882.370        1310.782
       74242.416       42157.040        1036.317
       72793.209       42701.013        1207.695
       74971.924       42428.668         828.668
       76884.627       42367.067         724.329
       78460.363       42265.913         536.174
       79447.592       42548.035         344.644
        2089.686       43786.888         624.746
        2498.194       43476.861         807.385
        5246.147       42752.936        1141.151
        5049.267       43393.685        1332.851
        8057.746       42954.971        1004.196
       10687.275       43675.116         976.152
        9631.018       43393.346         822.381
       12345.343       43775.000        1339.894
       12752.676       43291.781        1248.122
       12115.776       43241.407        1179.539
       14136.456       43720.348         925.570
       17725.356       43665.644         778.200
       15526.481       43003.223         577.911
       19540.850       43544.460        1390.098
       19849.156       42967.144        1406.406
       18365.740       42866.946         999.492
       20610.629       43011.724        1199.231
       20602.764       43077.431        1200.332
       20334.045       43427.149        1322.153
       22445.972       43334.180         927.408
       22556.903       43960.357         702.011
       25180.550       42892.000         614.039
       25923.358       43447.584         874.296
       27006.552       42976.994        1019.996
       27330.300       43777.941        1210.763
       26908.220       43226.530        1079.130
       29848.584       43642.076         913.916
       30337.897       43589.970         984.476
       29001.219       43338.547         872.589
       31266.425       42875.865        1243.650
       31680.128       42944.235        1281.562
       31439.935       42655.433        1137.677
       35010.258       42726.396        1105.588
       32719.749       43701.214         998.120
       35569.361       42738.282        1005.524
       35406.216       43117.043        1108.716
       40060.192       42825.170         872.013
       39819.862       43068.105         827.896
       41973.618       43519.273        1196.821
       41966.310       42759.954        1172.447
       42573.297       43290.886        1142.617
       44546.248       43587.935         555.865
       44787.254       43635.995         554.974
       47269.145       43067.450         691.650
       47610.332       43630.207         890.204
       49141.177       42980.138        1148.664
       49586.795       43924.911        1308.094
       50248.887       43506.287        1277.350
       49130.375       43231.537        1181.376
       52711.484       43409.193         823.179
       52915.830       42911.702         763.285
       50848.101       43755.393        1167.359
       55403.917       43706.652         983.884
       58683.902       42892.526         831.810
       57862.468       43759.615        1172.281
       61721.105       43689.089         611.040
       60131.625       43668.123         515.059
       63083.538       43245.810        1027.068
       62464.387       43002.256         926.814
       63613.252       42683.598        1104.354
       64876.364       43263.207        1411.130
       65158.110       42839.622        1433.078
       66078.561       43198.095        1384.235
       65693.891       43155.291        1306.747
       67775.671       43666.166         881.375
       70535.977       42811.438         824.275
       69941.263       43001.649         703.670
       71580.339       43460.117         926.085
       73557.030       43574.151        1511.360
       72625.319       42873.917        1174.911
       75756.690       42698.893        1016.729
       77667.318       43004.918         812.702
       77011.764       43639.033         935.993
       75204.094       43827.388        1136.248
       77495.816       42672.117         699.756
       79443.139       43200.829         336.245
       79081.222       43614.489         462.608
         689.018       44674.547         391.520
        2033.530       43897.661         664.164
        2614.621       44339.996         897.069
        3098.467       43958.257         970.096
        4558.550       43981.569        1301.363
        3580.209       44446.098        1112.469
        3268.769       44044.152         923.114
        4807.512       44212.370        1240.521
        5303.932       44199.813        1233.523
        5099.411       43978.208        1122.202
        6491.340       44780.055         970.031
        8082.884       43881.155         913.730
        9419.600       44225.492         746.234
       12036.133       44561.871        1144.669
       14219.089       44353.574         910.001
       12859.641       44551.218        1216.848
       14182.445       44043.875         803.346
       14399.526       44768.231         771.051
       17024.718       44672.110         633.228
       18145.065       45138.458        1041.729
       17532.366       44276.561         880.276
       20055.866       43907.432        1152.988
       19721.552       44410.585        1372.136
       22738.146       44420.681         860.861
       21815.275       44420.639         971.243
       25975.312       44619.755         669.947
       23151.379       44972.611         623.148
       26914.486       44397.864        1112.958
       26117.345       44012.868         871.524
       27485.047       44801.437         875.598
       31564.199       43866.623        1215.351
       32714.691       43968.679         946.606
       32145.596       44088.824        1032.919
       32321.231       45007.631        1236.366
       33965.641       44592.621         719.231
       35055.629       44626.881         760.962
       37657.187       44641.983         632.412
       39730.881       44402.716         605.440
       39917.865       44024.417         614.475
       42504.901       43802.340         969.461
       42509.447       44646.650         974.851
       42599.716       44198.774        1105.428
       42608.644       43797.496         969.182
       45107.304       44541.726         727.485
       44579.067       45155.644         842.303
       42764.820       44637.889         965.756
       47513.610       44594.606         648.554
       49183.682       44560.463        1173.588
       47777.267       44124.834         773.454
       50901.295       44081.231        1215.702
       50724.295       43851.809        1112.987
       50176.650       44217.854        1307.431
       52977.630       44248.009         692.302
       52019.901       44695.963         939.882
       55219.430       44791.652         877.869
       55633.505       44254.195        1004.535
       56980.596       44011.463        1263.108
       57752.809       44389.042        1148.442
       57135.111       44275.726        1217.530
       59709.517       44769.366         648.816
       60070.384       43966.076         436.794
       61587.005       44543.977         548.590
       61778.275       44076.011         701.731
       62930.991       43877.034         959.620
       65379.984       43700.376        1198.509
       64420.631       44783.841        1099.966
       63859.643       45552.721        1172.049
       63056.443       44152.858         923.854
       65376.044       44085.689        1292.404
       66146.970       43743.599        1314.325
       66994.347       43844.663        1096.327
       66953.824       44352.806        1240.912
       66606.311       44033.556        1161.177
       67824.545       44720.872        1129.879
       67776.145       43858.944         823.364
       67254.432       44644.581        1144.493
       69503.916       43689.144         572.926
       71662.207       44935.658         851.626
       73670.001       44796.541        1293.536
       71791.612       44440.094        1008.594
       73958.820       43973.633        1299.534
       74392.507       43935.863        1415.219
       74380.345       44218.676        1437.973
       73934.905       44369.874        1427.918
       75372.273       43973.162        1213.550
       75099.970       44282.214        1293.705
       75510.495       43862.231        1252.182
       77051.730       43941.199         853.602
       76864.402       44311.399         968.657
       79203.972       44189.512         395.560
       78994.732       44212.448         373.880
        1101.075       46020.978         509.478
        1776.289       46089.403         590.672
         710.076       45386.832         340.360
        2963.170       46196.305        1012.667
        2489.559       45504.307         920.607
        4199.478       45933.890        1042.291
        5025.511       45031.580        1223.159
        4173.203       45681.397        1132.320
        5796.835       45754.342        1132.948
        6590.308       45462.027        1025.320
        4914.806       45712.497        1265.902
        9144.870       45014.996         730.313
        6966.750       45900.075         804.946
       10187.297       45817.859         732.585
       12334.531       44942.399        1082.536
       12719.669       45011.167        1182.447
       11991.675       44965.945        1167.003
       12784.480       44761.102        1174.609
       14219.745       45384.356         947.964
       17709.577       45479.047         999.445
       19419.990       45123.774        1205.691
       19417.094       44918.760        1162.218
       19238.441       44987.873        1148.936
       20458.267       45670.410        1056.821
       21960.960       44905.283         980.989
       23489.635       45288.174         777.828
       22779.659       45327.442         761.502
       24156.684       45657.813         506.755
       26049.079       44659.737         639.049
       26807.410       45600.552        1017.606
       27088.384       44810.756         979.477
       27464.635       44867.626         856.604
       27318.103       45397.058        1054.839
       31198.245       46680.036        1064.252
       30282.439       45628.950         856.629
       30046.553       45015.836         685.545
       31922.494       45702.279        1028.561
       33427.863       45948.709         825.715
       32222.371       45808.465         954.689
       35299.139       45495.681         853.811
       36222.224       45238.001         960.205
       36196.289       44857.484         934.433
       36123.926       44315.084         963.143
       37477.758       44153.582         780.531
       37440.014       45289.878         698.137
       38509.504       46453.509         635.746
       39694.761       44871.416         579.092
       41413.388       45877.163         766.301
       42677.579       45168.463        1105.832
       42373.974       45034.498        1090.898
       43090.441       44918.377        1110.411
       45469.642       44978.374         530.242
       44897.455       45429.904         795.829
       48578.822       45741.785        1004.237
       49451.380       44708.640        1059.753
       47743.368       45275.852         805.022
       49580.568       44973.472        1115.867
       49148.482       45207.177        1264.245
       51821.650       44889.999         836.378
       51808.015       45318.823         992.842
       51558.952       45074.940         943.926
       55650.944       45769.995         857.853
       55623.922       45495.362         960.953
       57003.644       45606.949        1202.080
       57247.581       44900.819        1215.324
       57841.898       45376.756        1133.534
       58124.865       44904.082         998.468
       59695.859       45417.870         668.179
       57992.938       45796.912        1039.512
       61343.075       45652.429         493.777
       60009.526       45775.305         565.713
       62171.263       45028.645         696.150
       61710.239       45104.536         647.272
       65135.847       44971.638        1058.186
       64270.004       45651.820        1183.649
       66729.450       44876.480        1143.909
       67221.189       45122.840        1100.872
       67036.845       44962.176        1025.758
       71753.709       45005.940         809.316
       68102.010       45869.317         801.393
       71783.561       45496.068         974.432
       73688.183       44881.818        1279.523
       73811.827       44887.488        1235.737
       73507.378       45007.067        1359.467
       74313.683       44787.029        1422.911
       75185.995       44679.300        1204.156
       76836.541       45392.371         967.003
       76016.699       45186.062        1047.670
       78895.581       45446.918         438.904
       79051.765       45573.962         422.347
         782.925       46535.759         375.787
        2459.373       46661.102         905.729
        4437.298       46144.192        1074.138
        3972.016       46223.616        1141.181
        7008.585       46258.701         941.792
        6168.035       46265.443        1122.748
       10173.104       46067.957         659.837
        7441.042       46958.807         758.280
       11339.259       46122.380        1016.046
       10861.293       46843.229         991.715
       13232.386       46091.762        1029.254
       11522.760       46824.236        1031.165
       13904.184       46208.493         814.926
       14141.419       46023.836         707.503
       14039.846       46537.978         904.451
       18137.583       46068.346         734.689
       19357.326       46122.421        1085.104
       18176.552       46413.970         831.568
       20242.373       46227.821         895.132
       19364.283       46386.169        1095.236
       20456.601       46096.374         972.292
       22939.055       46770.048         860.920
       23210.751       45794.972         822.423
       24113.459       46779.417         854.255
       24261.697       45891.309         559.253
       23539.299       46703.075         875.939
       26501.756       46768.704         569.232
       27282.438       46063.471         831.519
       27054.267       46203.968         854.104
       27483.362       46263.224         928.168
       28548.776       46608.694         657.815
       29811.355       46583.829         629.003
       31774.524       46429.656        1189.899
       35013.181       46539.938         690.255
       33683.258       46539.765         691.381
       36070.516       45885.976         972.232
       35290.222       46223.459         766.567
       37617.517       47054.092         961.925
       36848.569       47153.773         999.807
       36508.078       46297.914         911.015
       37891.655       46248.691         787.674
       38737.578       46799.486         543.986
       41570.879       46453.063         829.563
       41570.736       46053.019         677.135
       42268.746       46103.819         942.161
       43617.221       46524.337        1104.634
       43400.768       45983.009        1028.320
       42347.427       46443.129         952.075
       44412.771       46513.120         934.995
       44626.925       45746.428         655.808
       48197.122       46727.420         791.133
       47700.901       46127.623         534.051
       48770.695       45903.567        1031.224
       48616.720       45938.423        1017.528
       51461.969       45951.562         862.800
       50043.954       46221.561         843.263
       51956.253       46406.546         873.887
       51947.671       46016.917         768.232
       51686.828       46158.949         792.993
       53690.335       46593.669         548.082
       55734.208       46064.069         967.090
       55433.462       45913.165         955.919
       56822.427       45861.587        1231.949
       58108.716       46287.928        1125.453
       57810.693       45934.094         959.161
       57251.352       46164.976        1108.356
       59013.516       46885.898         814.613
       62700.573       46742.087         692.950
       61315.319       46332.992         428.582
       64235.306       46365.450        1185.810
       63964.665       45987.181        1012.198
       63760.624       46101.862        1082.159
       66140.201       46312.272         818.789
       65308.075       46875.395         909.738
       64624.692       46810.578         968.831
       67956.457       45982.637         731.826
       67821.616       46350.638         871.046
       67750.657       46181.677         827.465
       70484.246       46547.792         561.965
       72157.294       46134.141        1080.509
       71734.824       45792.655         892.689
       74975.194       46455.004         965.323
       73951.105       46336.684        1074.841
       76212.397       45777.058        1066.463
       77126.988       45828.104         864.542
       77316.328       46289.890        1015.830
       76799.184       45944.947         854.599
       79102.640       45930.323         468.977
       78057.003       46754.125         791.873
        1704.261       47862.006         630.347
         764.584       47177.691         406.523
        2748.138       47288.111         839.509
        3002.809       47089.714         790.158
        2472.300       47341.178         914.085
        5112.962       47170.539         909.450
        5886.742       46883.175        1029.994
        6884.859       47570.960         809.797
        7291.555       47227.972         695.101
        7369.740       47075.315         717.089
        6103.940       47539.945         996.233
       10629.491       47879.917         767.591
       11196.751       47301.985         884.361
       11204.208       47206.636         860.478
       11484.989       47112.183         967.859
       11087.924       47370.245         905.429
       13853.743       47028.918         740.454
       14108.951       47347.838         827.415
       13970.241       47058.107         708.697
       15392.385       48209.207         607.651
       18119.064       46814.056         678.637
       18200.642       47238.030         842.160
       18845.649       46934.183         955.991
       20530.358       47765.150         826.643
       20765.158       47134.120         794.080
       20561.343       47309.585         727.047
       19013.623       47509.396         930.190
       23235.913       47197.423         678.739
       23500.558       47332.411         779.824
       23235.247       47179.554         674.017
       26515.067       47413.658         798.195
       27458.453       46791.050         897.018
       28418.181       47194.133         713.648
       28465.482       46896.247         611.266
       27315.328       47396.275         967.795
       31056.861       47826.069         800.475
       30005.648       47252.048         494.772
       31587.361       47290.354        1027.171
       31464.953       47064.016         943.769
       31342.660       47258.631         979.833
       32481.140       47766.371         801.046
       35352.329       47865.169         800.144
       36254.953       47625.149         859.622
       39406.974       48338.603         571.644
       41469.988       47057.840         631.209
       41564.633       47073.224         598.414
       41812.719       47279.018         721.033
       44425.043       47229.043         957.195
       44184.001       46948.346         881.566
       44631.989       48017.435         666.896
       48408.449       47094.105         632.702
       49097.465       46774.238         902.234
       48617.154       47588.280         821.649
       51654.500       47557.613         720.526
       53582.643       46928.232         463.752
       52594.256       47601.798         509.470
       54255.706       47613.326         733.625
       55309.361       46892.914         895.966
       55542.034       47283.618         874.660
       56721.862       46807.699         955.862
       58172.077       47378.612         960.726
       58415.159       46898.193         955.007
       58840.353       47352.145         899.722
       58748.288       47934.390         678.803
       62722.426       47212.666         855.590
       63135.937       47302.651         942.497
       64176.053       46814.511        1122.304
       62719.652       46465.066         793.458
       64511.872       46967.699        1020.956
       67678.885       46754.638         719.518
       68090.814       47129.701         921.730
       67692.042       46753.445         714.867
       70576.368       46782.535         492.052
       69029.251       47861.495         563.135
       71120.836       47279.210         693.653
       72358.369       46896.097         933.004
       73784.428       47386.419        1020.689
       72900.681       47391.427         864.193
       74028.835       47023.626        1053.625
       75018.659       47061.191         749.820
       74870.996       47406.887         844.034
       77330.969       46895.408         907.609
       77963.835       47267.344         809.918
       77672.377       47088.045         787.610
       78132.600       47824.877         598.891
        1740.063       48135.473         613.869
        1869.652       48185.796         636.890
        1720.376       48050.257         593.109
        5052.486       47963.189         613.044
        3233.180       48466.700         709.497
        5062.621       47978.961         615.193
        5367.324       48164.726         749.385
       10809.063       48104.745         672.398
        9883.693       48918.775         535.979
        9043.586       48933.915         406.123
       11188.931       48288.050         742.302
       10693.287       48392.799         769.625
       14195.206       48544.486         621.634
       12633.507       48607.097         583.071
       17101.872       48900.383         438.783
       15430.087       48697.506         483.768
       17927.323       48108.159         837.526
       18230.265       48108.092         780.198
       18298.191       47757.752         644.175
       21594.689       48540.518         542.779
       24096.718       47746.762         519.110
       23757.356       47913.531         656.348
       27028.187       47933.781         832.422
       26506.125       47987.908         680.906
       26432.523       47900.538         662.590
       27607.954       48557.319         718.582
       28685.834       48118.211         422.258
       29962.715       48627.742         487.600
       31255.145       48007.949         698.269
       31297.042       48039.028         709.805
       31750.512       47986.639         879.079
       32290.145       47985.167         701.558
       32372.513       47955.962         731.055
       35192.672       48646.211         538.386
       36587.144       47871.027         732.351
       36276.301       48072.901         857.301
       37105.690       47794.281         926.818
       38014.774       47972.472         841.910
       37859.558       47598.737         775.547
       40408.126       48957.520         398.593
       39500.652       48738.882         453.790
       44118.420       48027.571         824.324
       42425.418       48135.320         440.444
       44598.433       48116.857         671.812
       44586.159       48048.528         645.705
       44386.641       48135.050         728.095
       48989.499       47989.350         737.310
       48769.080       48053.998         672.444
       48841.142       48036.247         683.240
       48719.557       48024.148         673.226
       49220.981       47238.835         979.689
       51781.639       47900.786         654.087
       49747.795       46630.281         722.662
       51897.350       48171.965         632.391
       52729.229       47923.218         481.884
       54446.259       48805.337         521.192
       55144.021       48361.706         643.110
       55443.220       48012.688         747.720
       54732.417       48500.914         587.162
       58315.609       47916.653         814.735
       58779.170       47992.211         691.228
       58683.435       48144.235         734.412
       58741.625       47956.313         673.697
       58544.741       48040.862         733.486
       62266.786       48576.696         547.809
       64336.079       48006.690         815.232
       63832.778       48206.443         635.156
       63477.701       48289.396         705.399
       65273.483       48023.871         641.636
       65367.624       47857.421         663.578
       68317.184       47911.596         758.638
       68953.957       48255.634         620.517
       68524.422       48147.765         690.997
       70978.846       48436.414         518.338
       69131.345       48565.029         533.291
       71224.078       47985.411         530.393
       72691.578       48009.064         658.119
       73089.538       48238.368         775.816
       72766.715       48011.565         630.779
       73790.273       47959.928         986.123
       74633.328       48104.707         723.357
       74779.226       47924.116         654.198
       77318.656       48544.082         700.083
       77668.001       47882.303         748.688
       78176.366       47889.822         619.262
       78009.120       48165.255         712.021
        2392.246       49158.649         404.881
        2977.735       48894.095         593.994
        1952.822       49205.003         454.254
        4481.591       49218.958         376.623
        3749.595       49229.608         401.209
        6398.184       48960.387         457.139
        6717.344       48777.300         537.983
        6028.924       48999.796         492.947
        8555.209       49363.045         330.773
        7640.650       49362.914         329.297
       10176.602       49159.962         463.765
       10042.998       49153.115         458.979
       12330.835       48950.914         420.488
       11933.550       49170.243         429.273
       13452.010       49272.923         392.652
       12699.285       49259.232         357.614
       14216.260       48897.232         582.583
       15289.759       49206.148         445.325
       14808.027       49166.426         398.405
       17577.549       48970.759         618.769
       17043.891       48981.129         473.828
       18289.986       48996.506         518.190
       18029.201       49078.001         450.510
       19559.366       49246.855         391.331
       18845.844       49240.423         376.939
       20590.105       48887.008         649.327
       21470.404       49078.513         449.302
       21498.546       48888.418         432.528
       21151.073       49093.464         462.227
       22689.257       49258.337         368.962
       23211.847       48929.670         480.325
       24880.685       49559.609         237.845
       25940.985       49068.614         518.543
       23906.334       49565.442         292.351
       26671.060       49219.167         392.932
       26232.920       49259.038         436.667
       27134.517       49049.030         538.206
       28899.582       49486.314         266.648
       29712.546       49139.367         486.311
       27991.737       49499.998         319.708
       30697.842       49408.969         353.877
       31386.659       49173.200         576.932
       30110.292       49416.346         365.354
       32702.247       49424.700         356.056
       32090.006       49422.046         351.723
       33142.779       49187.596         492.419
       34852.600       49567.152         283.174
       35347.481       48834.645         445.582
       33943.457       49562.205         262.646
       35456.954       48945.868         503.787
       37837.359       49277.399         373.080
       38596.061       48955.191         608.046
       37270.632       49300.718         406.615
       38840.076       47790.435         766.817
       39524.420       49131.113         471.114
       39155.456       49082.287         425.529
       42066.438       49441.855         280.766
       42398.069       48875.633         319.868
       41097.522       49445.508         316.011
       43011.990       49229.590         362.632
       43965.847       49005.321         618.050
       44931.334       49265.027         375.176
       45256.764       49085.252         473.734
       44504.458       49320.902         436.158
       47042.684       49489.683         291.837
       46063.491       49487.019         274.253
       48077.837       49118.706         537.830
       48948.599       49339.799         364.522
       49429.639       49034.973         527.218
       48477.884       49376.239         409.045
       50955.969       49292.457         380.043
       50152.494       49282.098         347.591
       51532.829       48851.882         513.384
       53205.775       49390.942         297.983
       54237.442       49089.349         543.597
       52286.086       49398.031         342.278
       54919.688       49288.605         400.697
       55387.597       49113.334         562.897
       54585.725       49315.713         426.978
       57047.927       49398.134         351.195
       57898.437       49154.708         579.802
       56258.893       49387.802         324.358
       58743.533       49366.522         439.729
       58438.685       49306.642         383.283
       61370.067       49537.862         235.166
       62336.843       48890.877         497.837
       60402.985       49546.164         311.109
       62910.424       49046.683         470.221
       62543.215       49029.254         454.144
       65137.214       49481.435         335.454
       65659.748       49061.355         504.826
       64448.490       49476.623         326.098
       67173.771       49343.730         364.958
       66348.439       49333.116         331.478
       68406.970       48763.814         649.015
       68946.827       48763.331         454.785
       68822.716       48872.078         514.615
       70304.474       49533.715         289.237
       70955.135       49054.091         465.426
       69368.975       49528.316         266.187
       72190.591       49373.131         370.261
       71451.564       49356.793         334.492
       74222.262       49152.172         419.201
       74579.135       49005.783         528.768
       73863.262       49193.023         457.533
       76246.743       49429.082         356.628
       77427.182       48801.620         645.664
       75422.336       49408.176         298.025
       77941.129       48843.993         531.899
       77808.337       48807.784         510.242
       78116.488       48774.599         583.115
       15400.135        4046.251         748.527
       27247.585        7835.481         925.554
       71097.728       33065.045         760.346
       71736.348       33097.710         993.608
       72093.521       33031.310         865.994
       44728.209       33191.379        1202.532
       58086.491       18146.956        2067.672
       43364.249       29005.379        1608.259
       56636.192       27470.904        2534.324
       43665.545       19640.858        2432.177
       43487.212       18959.458        2227.955
         337.553         340.136           0.000
        1754.040         338.706         960.049
        2429.145         338.706         912.002
        3773.677         311.985         481.219
        4448.782         311.985         385.558
        5809.166         351.234         442.962
        6484.271         351.234         338.814
        7501.043         294.417         527.540
        8798.492         378.089         449.071
        9473.598         378.089         417.705
       10833.930         272.366         483.968
       11509.035         272.366         431.323
        6896.707         645.651         387.759
       14503.269         353.079         342.939
       15875.338         372.718         557.786
       10525.861         920.857         752.706
       18986.609         308.486         392.779
        8198.269         672.506         521.986
       19661.715         308.486         263.805
       20981.865         383.364         870.909
       21656.971         383.364         835.284
       23003.338         362.657         533.027
       11860.419         651.876         444.973
       18574.345         718.690         476.679
       25606.574         417.735         403.125
       27045.870         407.782         896.384
       27720.975         407.782         870.754
        3164.848         650.691         719.591
       29772.269         402.788         424.275
       31034.368         322.203         535.050
       31709.474         322.203         566.032
       33131.100         410.918         715.464
       34145.652         308.271         325.759
       34820.758         308.271         253.057
       36074.316         293.221         387.360
       36749.421         293.221         456.766
       30426.890         724.990         505.768
       40793.901         299.011         322.140
       13166.889         732.589         468.454
       35411.676        1292.862         501.449
       44810.544         401.747         615.359
       46231.751         315.342         291.009
       39396.971         685.422         655.031
       32801.047        1161.566         852.274
       48883.300         369.977         535.567
       50325.675         282.431         572.484
       51000.781         282.431         523.874
       51983.705         421.627         378.321
       37377.808         679.632         746.649
       53403.660         258.623         480.171
        5194.657         663.219         453.126
       54078.764         258.623         363.397
       42162.660        1024.194         681.084
       45472.674         717.088         485.427
       52729.136         680.249         463.855
       49908.635         923.636         769.754
       22381.828         746.022         723.407
       62504.345         329.239         522.875
       57111.980        1014.250         687.598
       65187.019         353.935         313.050
       47520.115         685.319         412.117
       66564.014         377.941         877.761
       67239.121         377.941         833.632
       51338.916         704.057         452.079
       68559.691         350.075         432.036
       15475.572        1006.438         659.624
       58846.498         585.652         391.601
       69234.797         350.075         376.645
       70538.322         374.081         628.776
       20774.474        1349.064         845.951
       61747.273         725.667         507.444
       76263.902         315.817         418.476
       77564.530         299.803         479.790
       78239.634         299.803         594.585
       79662.447         340.136           0.000
       63893.896         683.175         437.054
       60389.273         697.052         257.534
       24306.114         780.392         419.534
       24297.307        1510.422         525.248
        1718.157         939.621         912.007
       29097.164         402.788         508.927
       20390.415         691.850         608.505
        5464.460        1388.060         561.967
         639.223        1621.323         576.090
       12503.283         379.510         563.582
       13828.163         353.079         324.932
        8270.672        1315.762         596.404
        3582.844        1311.360        1012.813
       16550.444         372.718         542.975
       17815.584         410.203         764.538
       11439.172        1248.155         597.006
       35452.036         601.491         358.543
       42231.260         384.343         538.548
       17088.480        1464.643         782.715
       17150.838         782.922         672.446
        7592.995        1847.631         730.582
        2811.259        1600.290         904.856
       23678.443         362.657         462.388
       24931.468         417.735         346.101
       60328.322        1297.305         268.562
       73503.911         359.913         470.910
       61015.079         396.428         345.217
       54735.266         669.242         437.416
       22355.619        1458.032         832.310
       26323.330         825.517         686.897
       28463.708         810.570         717.250
       30380.818        1375.775         593.297
       33859.030         719.188         482.655
       40118.795         299.011         253.156
       32054.526        1072.852         756.039
       29702.870        2085.101         711.488
       38096.742         386.412         945.804
       38771.847         386.412         976.960
       42906.364         384.343         488.219
       44135.438         401.747         511.097
       37322.259        1367.745         894.729
       46906.857         315.342         311.287
       48208.195         369.977         449.541
       41400.407         938.862         579.071
       38116.513        1716.382         931.873
       36424.177        2368.627         928.281
       43497.499         786.089         517.624
       55340.046         410.620         436.839
       56015.152         410.620         459.973
       47216.059        1432.087         502.345
       59458.584         300.624         325.570
       60133.688         300.624         255.435
       51407.557        2125.424         402.664
       39824.175        1548.118         628.446
       16088.320        1688.160         759.643
       11678.991        1951.892         836.602
       57446.987         285.027         467.423
       58122.093         285.027         364.879
       55079.128        1308.397         557.916
       63179.451         329.239         435.947
       64511.914         353.935         373.241
       71510.858         409.591         380.507
       72185.963         409.591         443.856
       58777.950        1317.695         555.480
       74179.017         359.913         587.130
       75588.796         315.817         382.981
       59666.635        1632.920         518.593
       65928.249         731.876         638.645
       68266.782        1379.040         730.828
       69965.429        1458.702         699.721
       67950.711         728.016         667.237
       69899.700         724.156         559.506
       71433.859        1548.852         557.365
       56024.006        1778.997         565.750
       39229.996        2252.430         859.429
       34624.544        2843.961         478.383
       71163.104         783.672         472.554
       72778.483         769.504         479.197
       74831.104         675.730         525.252
       75375.211        1666.438         793.245
       76570.925        1214.139         625.108
       76866.406         615.620         492.602
       79293.135        1047.322         548.857
       74575.446        1427.832         681.170
        3458.242        2299.764         939.150
       20021.313        1665.722         750.728
        9237.932        1669.836         788.572
       10779.720        1517.137         771.616
         976.775         941.051         729.904
        6916.256        1555.609         645.470
        9840.635        1026.580         729.833
       31333.349        1723.636         732.354
        4799.029        1697.496         625.066
        4776.586        2423.691         765.939
       13453.763        1670.448         570.016
       18887.438        1418.712         578.130
       26020.072        1566.788         679.342
        9486.565        2274.459         889.699
       14390.377        1924.658         512.839
       14778.608         986.799         572.661
       21677.268        1752.588         868.304
        8821.281        2724.042         988.034
       10343.128        2227.483         955.711
       18066.319        1791.947         730.456
       10923.256        2555.094        1064.588
       34122.722        1460.296         473.632
       28777.934        1842.099         853.558
       21902.170        2419.551         958.607
       12724.664        2293.472         705.452
       16472.678        2775.122         927.263
       23305.875        1804.698         762.686
       24956.956        1889.036         472.159
       10624.856        3257.815        1161.236
       34706.537        1740.749         415.099
       36315.960        1672.704         706.722
       31664.246        2406.292         790.617
       15721.880        3867.807         848.959
       63602.397        1741.364         616.861
       33402.291        1902.674         615.020
       39134.740        1327.280         747.014
       43794.630        1525.094         639.207
       41030.465        1546.112         574.591
       51056.043        1645.665         448.476
       45094.699        1456.093         607.337
       41461.724        2347.189         605.674
       49141.366        1011.183         706.023
       47970.930        1734.930         568.316
       54419.238        1835.429         741.976
       43134.895        1763.199         783.690
       38194.177        2333.293         924.657
       25908.642        2824.657         597.166
       28562.052        3359.376         915.406
       45887.272        1801.115         664.021
       52435.861        1442.439         559.267
       48870.604        1629.367         622.608
       56355.250        1139.842         651.625
       48975.155        2318.686         969.919
       50300.868        1865.244         649.268
       24043.542        3115.476         705.046
       61348.769        1325.920         577.046
       62159.694        1670.204         644.720
       56098.350        2400.400         648.371
       57718.537        1746.293         776.853
       48359.456        2781.897         880.278
       64262.989        1354.587         530.865
       66230.689        1366.199         821.490
       61384.932        2632.903         742.125
       51705.619        3010.771         539.839
       72774.196        1640.090         601.684
       65520.998        1659.671         657.120
       67520.080        1663.288         789.118
       65401.554        2645.451         697.718
       69629.883        2478.187         779.500
       64539.014        2670.328         509.381
       70597.226        2592.343         778.379
       69279.045        1735.644         676.965
       70874.806        1873.806         670.384
       33694.500        3545.859         409.580
       73581.520        1982.601         769.977
       78545.428        1006.989         622.478
       76848.357        1626.657         706.517
       75920.817        2407.788        1065.331
       77787.183        1735.324         695.644
       79630.688        1727.594         412.311
       18906.221        3082.808         655.837
        9142.198        4175.424        1204.176
        7560.265        3406.833         942.304
        1246.646        2318.147         683.504
         607.424        2737.641         598.374
        2635.011        2676.055         955.202
        5289.067        2856.817         860.042
        5044.355        3492.137         915.248
        3027.666        3375.030        1027.121
        6283.122        2728.595         741.626
       16277.995        3370.600         940.453
       17790.445        2379.464         829.322
       20236.267        2357.811         841.207
       19574.069        2787.482         640.784
       21214.330        2708.116        1005.649
       26665.430        2155.152         787.311
       33378.611        2533.879         580.362
       20799.640        3458.995        1050.574
       12770.274        3260.631         708.072
       73365.279        3292.967         869.203
       23257.900        2747.670         893.327
       24751.165        2551.117         510.249
       37626.677        3377.899        1170.004
       37508.139        2680.579        1035.551
       24136.110        3675.141         508.748
       25057.493        2898.375         447.307
       35000.994        2453.198         533.416
       27958.019        2445.410         912.472
       31340.297        3089.785         880.121
       32750.227        2797.630         677.671
       35924.649        3294.662         914.009
       39870.934        2676.064         681.017
       33071.512        3468.584         589.223
       33966.960        2865.364         331.712
       23012.500        4804.363         617.893
       18953.036        4247.563         863.240
       19629.196        4359.754        1001.060
        1276.941        3741.157         676.678
       43435.720        2379.797         888.067
       35814.350        2701.233         799.209
       46864.191        3129.687         591.135
       42507.210        2740.879         818.451
       49902.570        2870.061         695.781
       48951.051        3979.940        1010.515
       35082.614        4073.377         856.284
       40896.372        2772.828         561.052
       36653.013        3659.375        1157.404
       11426.200        3621.772         948.933
       75073.194        2431.555         944.961
       77601.974        2445.819         833.596
       47675.143        2469.369         716.993
       45831.191        2764.276         696.803
       43566.926        3702.947        1082.863
       14950.059        3897.502         638.313
       52354.373        3051.932         604.488
       55079.759        2608.828         838.409
       52801.160        2003.581         699.798
       53428.600        2179.043         837.221
       63949.552        2474.698         651.029
       54754.950        3288.054         960.459
       57304.269        2751.401         887.352
       59589.991        2354.985         708.403
       49215.489        2987.749         913.766
       58964.605        3071.548         953.084
       47155.896        3778.966         678.677
       38287.180        3756.671        1006.185
       59989.101        3740.177         674.567
       66073.336        2343.432         781.609
       67856.101        2291.353         819.315
       65331.093        3288.030         724.483
       79630.688        2407.866         390.270
       67119.049        2678.025         867.443
       68953.642        2749.648         843.819
       68912.391        3540.465         988.955
       67157.380        3419.276         898.866
       39891.847        3840.245         697.799
       71159.428        2923.850         736.846
       72118.029        2701.818         596.287
       74705.945        3528.291        1177.695
       72605.773        3308.407         697.704
       74393.241        2883.648        1058.847
       76296.039        2819.566        1086.620
       78284.045        2792.579         732.660
       77927.857        3423.524         917.099
       39098.996        4413.377         908.246
       79216.961        2802.690         470.348
       36569.112        4367.267        1218.635
        3815.407        3996.449        1162.049
        4496.383        4056.722        1075.558
        2308.819        3680.502         880.756
         607.424        3417.913         584.175
       14455.869        3340.433         542.240
       11174.942        4356.703        1163.861
        6763.675        3402.554         924.685
        9379.443        3379.787        1057.688
        2330.397        4403.674         794.964
        6699.368        4112.355         978.497
        5974.103        4073.716        1030.064
       18158.670        2993.645         766.728
       13494.668        3591.422         567.752
       17250.983        3570.821         892.447
       45155.779        3294.559         824.460
       19905.450        3495.552         773.311
       24769.406        3446.799         343.419
       18938.560        3662.289         684.360
       42564.803        3525.983         943.034
       19614.720        3774.480         930.303
       10136.353        4788.383        1255.397
       26216.442        3517.245         650.860
       25364.726        3800.842         563.827
        7709.327        5448.533        1267.245
       30331.451        3116.455         861.260
       28300.052        3966.662        1027.293
       25352.971        4421.135         569.488
        7827.717        4796.910        1200.960
       35105.897        3387.652         698.538
       30010.548        3787.420         997.408
       30098.271        4399.036        1070.413
       32390.258        3860.604         728.112
       39278.005        3436.729         757.001
       40898.442        3572.418         546.979
       57965.596        3338.995         992.782
       56344.745        4683.169        1077.639
       50318.276        3622.315         578.536
       53358.206        4277.751         837.366
       27041.989        4771.007        1121.815
       25925.318        4829.772         601.543
       20321.394        4732.041        1061.077
       41521.387        3931.881         669.063
       44212.616        3016.997         972.071
       47942.762        3559.759         901.958
       53647.641        3563.005         919.365
       46827.838        4425.732         666.490
       45518.339        4238.260         775.884
       52981.812        3227.394         738.103
       51322.453        3642.040         540.172
       49857.153        4419.046         824.691
       44842.421        4964.363         993.932
       56415.900        3051.381         729.007
       60291.076        2914.880         586.765
       64468.554        3312.907         482.026
       55757.300        3640.539         928.091
       70868.719        3523.882         794.972
       61827.586        3768.956         813.982
       58024.443        4243.590         926.205
       49177.009        4658.983         907.302
       28774.982        5326.292        1247.399
       18892.504        4928.485         912.853
       59345.331        3765.056         810.809
       62949.503        3539.591         788.230
       64112.824        4010.814         653.266
       76365.294        3529.115        1142.600
       66041.207        3727.262         853.367
       65735.917        4453.310         854.261
       59683.389        4736.551         697.357
       22669.821        5583.492         540.347
       11840.612        5073.133         869.569
       67853.181        3823.422        1013.163
       70269.775        4092.477         987.837
       72551.754        4115.658         786.975
       71535.304        4177.327         780.497
       79586.273        3456.048         480.115
       74101.717        3819.126        1077.136
       74432.690        4419.801        1088.828
       69435.050        5165.343        1212.220
       75667.492        3915.563        1137.317
       77315.041        3786.313         968.946
       79191.365        4108.158         478.992
       78465.865        4085.745         704.113
       59431.351        5338.727         882.229
       14009.513        5365.711         671.518
        3056.045        4718.401        1179.201
        1298.519        4464.329         589.869
         629.002        4821.357         514.285
        8249.331        4275.224        1142.901
        4863.366        4638.692        1092.605
       13236.081        4301.213         631.375
        5786.314        4600.072        1080.470
       27321.358        4078.773         874.044
        6073.504        5250.875        1169.308
        4445.792        5254.323        1170.868
       17216.300        4253.324        1120.079
       12523.203        5009.750         794.744
       21201.108        4110.209        1113.448
       13917.273        4658.078         625.601
       24324.094        4752.562         554.779
       16249.427        5171.460        1007.702
       37062.653        5411.185        1203.026
       21975.659        4435.563        1118.763
       22031.364        5469.995         669.614
       20667.258        5424.264        1096.415
       29116.734        4603.709        1108.185
       30783.492        4858.538        1009.451
       18095.794        4936.549        1055.070
       22627.569        4089.403         790.268
       15350.012        5194.771         961.898
       32721.506        4536.715         672.684
       34328.801        4210.181         596.379
       30451.022        5397.700         917.845
       25863.357        5461.216         671.016
       32035.862        4896.362         720.202
       34037.060        4809.017         701.999
       37435.240        4721.090        1244.213
       34402.801        5505.600         727.863
       27678.930        5381.479        1151.921
        1298.708        5819.273         535.613
       38179.644        4391.970        1014.369
       41218.887        4614.275         731.212
       39803.092        4827.943         794.499
       35817.466        4688.278        1013.902
       46149.668        4712.390         624.521
       39140.067        5383.496         848.622
       43834.172        4706.612        1109.509
       41884.879        4908.007         847.487
       29424.048        5660.781        1171.870
       48294.023        4088.739        1069.772
       47565.628        4780.625         831.705
       51295.655        5128.553         670.884
       46191.598        5526.164         698.109
       43086.444        5130.132        1094.059
       51987.610        4352.830         587.670
       55728.805        4359.778        1028.976
       48518.340        5691.695        1005.017
       35476.858        5900.158         912.976
       57601.273        5344.408        1140.410
       55082.720        5039.859        1085.812
       54087.547        4940.995         965.375
       33029.526        6791.301         659.440
       59025.421        4379.005         879.990
       57320.456        4568.545         976.519
       60325.627        4391.850         583.786
       63183.236        4433.128         763.673
       69551.890        4169.107        1099.058
       61070.256        4702.606         526.542
       62801.737        5380.003         841.745
       67789.624        4887.139        1178.211
       64362.523        4731.343         697.332
       64015.445        5504.376         852.867
       56323.187        6151.611        1402.581
       23665.056        6251.050         629.757
       71503.260        5068.420         822.984
       65036.429        4860.838         511.798
       72172.057        4489.952         769.828
       77174.480        4424.987         847.725
       65090.669        6178.658         659.288
       66788.532        5209.041        1045.548
       76269.262        4483.601        1115.635
       74075.395        4998.476        1200.580
       73311.336        5025.027         981.052
       75638.689        4697.004        1178.323
       70431.222        5680.646        1136.745
       75071.725        5663.921        1290.466
       77806.116        4659.622         825.515
       79605.092        4733.743         356.421
       72183.654        5773.628         891.672
        6336.429        6502.899        1196.112
        4639.734        6322.143        1190.050
        2593.987        5754.248        1035.843
        3319.447        5394.305        1138.861
         629.002        5501.629         489.629
       11175.617        5767.009         986.105
       13214.904        5677.607         800.908
       10250.445        5529.928        1217.903
        5050.671        5606.907        1248.591
       13477.871        6428.479         807.482
        6637.886        5681.149        1151.818
        2714.602        6376.393         937.747
        9169.176        6248.636        1412.692
       24221.068        5552.687         621.053
       14982.536        5714.370         782.795
       20135.632        6490.305        1091.564
       10085.400        7167.484        1334.960
       18135.516        5970.086        1121.708
       19914.529        5732.898        1042.322
       32269.440        5492.008         668.572
       21602.678        5836.863         890.358
        3389.306        6693.455         996.164
       11113.836        6397.283        1204.105
        8043.827        6258.515        1406.030
       45457.209        5779.587         820.885
       33320.825        5828.943         634.124
       37739.031        5676.542        1109.203
       25187.983        5852.704         762.488
       23005.868        6245.988         578.162
       47563.988        5704.538         890.976
       26894.180        5807.968         915.311
       43410.254        6662.600        1137.561
       31376.178        6422.974         763.419
       36113.033        5479.006        1132.226
       31316.413        5784.342         745.989
       60037.449        5769.677         939.300
       29102.642        6361.912        1114.021
       26914.349        6535.350        1060.966
       13137.733        7348.280         917.310
       39821.534        6296.472         816.853
       41259.143        5765.829         730.409
       41881.236        5469.391         963.417
       39905.343        5741.883         780.129
       50169.376        5214.496         647.220
       53369.846        5726.984        1099.963
       43082.801        5691.516        1067.343
       39106.289        6736.904         944.358
       58376.633        5730.363        1127.075
       41499.933        6331.720         737.686
       37490.462        6391.708        1202.444
       49800.299        6279.758         800.455
       51948.551        5839.463         733.599
       40834.446        6682.452         603.116
       19153.329        6719.429        1212.937
       56625.562        5459.031        1248.209
       61034.116        5478.256         645.755
       55396.285        6055.830        1206.528
       65350.440        5513.641         544.283
       62152.241        6142.760         754.995
       59697.052        6555.687        1012.677
       48829.408        6517.020         951.932
       72542.119        5494.320        1017.125
       63384.249        5730.722         966.967
       63367.888        6779.569        1075.092
       61375.683        6200.901         750.417
       70815.892        4957.004         930.134
       66385.299        5800.261         991.312
       66790.490        6429.654        1098.163
       68731.993        5600.418        1237.701
       68852.026        6803.128        1369.643
       24024.240        6932.361         705.558
       75986.262        5337.473        1217.335
       73213.278        5723.677        1133.823
       72423.940        6353.813         977.457
       77795.768        5380.127         692.591
       79605.092        5414.015         374.470
       75124.246        6423.242        1348.526
       76907.532        5744.823         873.411
       76960.480        6506.478         909.260
       57029.610        6783.274        1407.728
       78869.245        5771.972         488.414
       11359.663        7432.112        1207.071
        6988.998        6921.675        1308.626
       22695.427        7210.147         711.906
       14582.258        6784.569         725.907
         669.705        6440.093         595.191
        1419.322        6781.554         687.149
       15292.313        6382.356         882.587
        5361.109        6787.860        1105.864
        4967.287        7504.569         983.903
        3044.844        7491.769         952.260
       24021.892        7596.251         772.455
       24924.983        7845.641         953.796
       11690.172        6665.010        1050.397
       12697.512        6722.224         831.818
       17164.161        6005.972        1134.136
       21623.218        6592.824         894.160
       15918.366        7418.520        1089.536
        3901.449        7837.166         946.530
       15909.086        6719.006        1051.031
       12578.371        7969.312        1084.665
       24912.172        6601.721         816.511
       16892.027        6676.925        1166.173
       20908.902        6937.631        1044.428
       18909.624        7411.671        1274.440
        9065.912        7255.918        1390.022
       28073.867        6970.817        1218.569
       46543.574        6830.354         776.617
       25607.714        6937.615         858.446
       38111.055        6753.621        1137.310
       21998.526        7221.954         893.566
        6466.691        8133.156        1030.394
       36124.221        7166.650        1120.091
       78987.021        6545.480         477.220
       36796.185        7094.185        1265.719
       30732.011        7067.823         869.493
       16934.467        7699.666        1273.924
       44439.975        7094.381        1194.368
       53727.636        6810.469        1069.529
       38120.004        7434.368        1089.451
       15611.668        8429.112        1047.875
       64046.865        7198.882         971.971
       45475.039        6515.001         815.795
       46868.128        6163.417         709.076
       58107.345        6476.650        1305.815
       40806.646        7363.570         647.382
       42449.479        7006.367        1024.379
       51633.824        6622.852         775.676
       54758.902        7040.450        1089.509
       48176.267        7441.413         948.631
       31712.619        8160.240         698.870
        7994.565        7918.872        1303.103
       19199.770        8459.100        1489.009
       51305.278        7210.418         667.147
       64429.581        6298.887         882.074
       60625.213        6924.966         812.479
       57019.547        7390.031        1390.757
       58755.047        7513.456         980.381
       46176.078        7788.449         898.567
       58821.666        6871.023        1134.423
       70707.668        6425.180        1118.970
       73215.567        6372.088        1204.156
       62716.870        7089.551         947.403
       66196.787        7003.847        1141.216
       69831.528        7112.587        1285.856
       62326.873        7874.883         949.248
       71731.380        6662.574        1140.541
       74404.176        7127.217        1349.556
       73589.886        7042.858        1275.465
       65203.902        8117.991         940.332
       58299.847        8327.257        1027.025
       70187.690        7805.098        1453.985
       76091.731        6858.449        1100.818
       78257.699        7145.679         677.655
       50640.649        7494.742         761.850
       79722.868        6867.796         337.679
       21671.545        8142.086        1011.283
       37069.388        8018.346        1406.093
        7043.000        7574.751        1259.182
         749.617        7484.318         611.230
        2366.005        8245.292         794.976
       14581.308        7430.284         738.612
       13945.264        8439.392         797.735
       25622.873        7517.645         941.864
        7974.176        8581.971        1210.218
        5699.182        8157.330         883.947
       10306.469        7909.471        1410.048
       17619.675        7333.282        1305.904
       13917.142        7700.251         726.043
       20567.757        7539.909        1186.985
       15300.644        7727.585         878.587
       19550.782        7784.824        1332.412
       26835.843        7725.622         925.554
       27149.376        8309.590        1036.773
       29346.524        8336.508        1250.694
       33534.474        8407.280         721.262
       17520.587        8431.269        1316.968
       20955.092        8115.233        1160.829
        2940.040        8919.013         685.401
       23722.210        8169.158         669.213
       29759.437        6992.217        1107.560
       32037.906        7092.997         527.864
       35468.949        7815.307         944.252
       33835.289        7485.697         707.215
       37772.614        7996.616        1354.075
       39106.049        7758.707         896.492
       22348.964        8753.840         871.552
       39785.413        7452.638         837.693
       46861.328        7400.811         840.226
       49947.223        7261.528         810.401
       39802.309        8305.335         878.107
       49390.753        8275.944        1001.368
       42463.100        8039.498        1068.792
       39127.742        8743.108        1032.007
       41485.754        8045.969         838.333
       17797.496        9750.654        1496.974
       18479.295        8839.286        1463.863
       44823.261        7797.372         919.350
       52767.209        7276.036         974.907
       60445.530        7587.952         761.092
       48590.689        8218.568        1119.399
       13264.518        8798.703         967.777
       55150.537        7771.896        1219.263
       52438.663        7863.602         970.184
       53023.040        8492.210         892.262
        6690.512        9420.904        1060.763
       24315.748        8776.632         850.126
       56355.286        7708.770        1397.719
       58030.662        7725.839        1204.037
       65531.826        7039.471         801.962
       66618.158        7836.314        1209.700
       59450.750        7861.105         858.849
       59134.607        8385.075         891.506
       51257.121        8914.968         532.953
       56692.954        8472.916        1479.455
        5664.511        9055.737         783.897
       61122.151        7922.360         724.788
       67922.910        7107.411        1337.564
       67605.675        7836.951        1409.203
       77514.303        7110.279         778.139
       66631.411        8992.628        1256.832
       64380.028        8157.173         923.563
       18369.689        9535.938        1652.528
       72090.153        7430.744        1211.656
       76010.263        7573.369        1103.268
       69602.099        8431.108        1495.613
       71422.603        7885.861        1342.835
       73157.031        7792.753        1223.839
       71110.194        8879.716        1175.742
       70225.683        8904.037        1342.661
       75027.576        7903.931        1224.357
       79722.868        7548.068         280.842
       76885.538        7803.776         965.833
       78993.547        7808.131         402.801
       79270.678        8423.328         543.906
        9602.102        8893.908        1426.819
        3880.692        8557.778         838.992
        1415.188        8192.274         645.125
         665.571        8871.222         519.487
        7082.260        8784.487        1089.299
       11431.623        9164.713        1494.881
       11807.641        8110.358        1291.674
       23084.154        8144.893         720.059
        1648.028        9754.190         436.212
       26282.050        9388.096        1336.108
       14920.454        8870.952         962.593
       16815.510        8851.649        1201.114
       12801.042        9550.703        1272.919
        1630.554       10335.337         461.780
       54374.248        8907.564        1088.094
       20613.940        9123.938        1340.042
       22628.416        9373.155         865.078
       36412.069        8691.470        1244.692
       17202.025        9474.383        1433.104
       30534.872        8978.980         954.533
       67661.046        8936.613        1500.742
       25238.320        8402.461        1094.765
       30972.772        8191.550         928.583
       35483.594        8415.966        1090.365
       32540.877        9009.815         687.562
       34564.504        8790.865         787.481
       26092.976        8366.449        1063.564
       37838.322        9825.501        1426.580
       21973.689        9775.759         952.720
       10279.279        9470.904        1539.588
       76884.455        8658.111         780.741
       41160.781        8681.665         857.124
       50656.989        8545.701         763.439
       38084.092        8758.728        1274.566
       36522.362        9683.135        1390.537
       41803.384        9381.336         967.349
       43414.691        8833.155        1010.495
       34568.078        9506.220         892.196
       11326.138       10486.076        1507.169
       44404.244        8521.283         931.798
       46589.546        8428.764        1022.542
       45988.207        9151.390        1015.896
       47689.217        8818.281        1229.298
       43079.949        9539.297         998.348
       23303.270       10891.036         803.236
       55141.934        8544.834        1417.397
       52286.025        8845.703         839.491
       47686.355        9500.837        1296.593
       49721.746        8950.879         951.797
       49275.509        9582.439        1100.142
       60481.745        8931.566         804.290
       57626.400        8755.595        1332.873
       68321.705        8449.005        1525.154
       54572.536        9648.769        1406.036
       52653.458        9582.908         956.211
       56084.803        8907.450        1460.817
       62708.262        8512.981        1069.498
       62123.943        9228.421        1234.994
       55244.543        9970.676        1565.264
       63697.785        8763.517        1077.187
       62433.356        9781.864        1276.741
       57034.269       10134.256        1464.065
       46637.660        9789.081        1129.098
       39930.642       10896.803         793.943
       11738.876        9775.667        1375.799
       66607.752        9653.333        1430.082
       71721.522        8487.550        1344.050
       72791.115        8819.312        1201.821
       69975.215        9498.419        1373.693
       73559.074        8579.631        1205.506
       75252.393        8490.603        1066.550
       73118.664        9444.600         862.222
       58678.417        9768.071        1008.281
       74600.163        8851.596        1034.631
       78981.333        9160.451         499.341
       72418.659        9805.087        1019.836
       13443.217        9958.820        1113.077
       33820.029       10171.173         861.484
        3392.689        9836.622         655.983
         281.079        9780.447         242.477
         946.650        9467.995         393.745
        2690.601        9492.326         632.823
        4911.859        9123.589         745.703
        4673.296        9829.119         805.968
        4414.435       10955.462         997.629
        2717.134       10450.679         737.269
        8568.179        9204.216        1187.942
        7879.601       10080.215        1005.364
       15172.821        9642.203        1002.328
       16250.550        9823.097        1146.264
       19586.344       10280.840        1539.816
       26892.057       11405.425        1470.278
       43738.776        9912.325         992.923
       14856.604       10568.922         856.323
        6345.540       10678.037         722.829
       14523.007        9996.827         800.100
        3384.780       10917.269         881.380
       19875.594        9222.888        1568.220
       24699.496        9429.611        1142.142
       23995.986        9774.954         879.834
       17473.337       10486.383        1603.741
       18800.915       10213.702        1673.293
       21045.610        9843.454        1142.977
       20766.362       10579.577        1094.503
       28362.949        8671.554        1313.165
       25654.376        9785.102        1253.718
       24292.456       10473.444         925.826
       31739.009        9067.077         705.942
       28212.521       10056.500        1280.234
       35135.803        9871.111        1003.140
       31140.710        9932.418         696.409
       45155.722        9234.986         820.652
       40221.644        9808.811         604.821
       27239.084       10113.902        1434.920
       10363.673       10852.387        1618.985
       22352.073       10595.151         810.830
        6726.444       11707.608        1032.240
       39557.730        9519.331        1045.900
       35849.409       10840.522        1135.075
       35832.430       10088.105        1210.064
       75196.423        9514.368         966.795
       51952.481       10233.610         862.187
       41104.434        9767.245         894.856
       55989.125        9592.087        1576.975
       48922.221       11100.229        1073.877
       37249.781       10366.136        1451.494
       44824.997        9919.885         801.527
       57650.596        9460.356        1283.997
       48252.481        9794.071        1240.180
       71479.781        9571.963        1060.922
       51222.614        9938.127         630.185
       40715.714       11540.662         904.846
       39036.598       10920.768        1074.456
       36936.271       11454.702        1378.695
       34068.285       11617.829        1119.994
       21660.376       11629.063         893.786
       16518.990       10568.558        1391.375
       53588.761        9970.619        1175.648
       59488.982        9121.128         864.077
       64079.828        9434.730        1118.807
       63399.716        9737.636        1227.261
       54279.682       10991.069        1401.032
       56082.543       11119.497        1735.259
       61102.149        9599.529         924.562
       55332.744       11167.140        1778.834
       65113.427        9460.831        1012.150
       67977.497        9799.801        1683.832
       63762.162       10457.451        1308.810
       66261.724       10260.398        1258.419
       65567.084       10154.741        1115.443
       61220.565       11386.116        1050.256
       68957.033       10043.388        1659.282
       70914.052        9966.841        1223.688
       70648.329       10625.099        1224.282
       37913.135       12166.058        1419.750
       77565.489        9380.999         597.962
       74482.883        9867.692         636.178
       74482.239       10546.392         847.910
       71288.592       10921.830        1113.836
       16194.472       11612.722        1380.870
       77319.197       10634.161         521.081
       78297.754        9574.248         631.055
       79710.655        9920.796         309.750
       11794.189       11125.605        1525.487
         929.175       10729.414         424.287
         281.079       10460.719         316.560
        5027.394       10481.370         884.226
        5743.648       10724.657         867.466
        2671.880       11566.348         871.589
        6893.851       10094.387         941.812
        9624.067       10448.170        1295.889
       13083.900       10584.992        1205.702
        5498.771       11476.876        1078.653
        8258.313       10747.172        1134.584
        8020.072       11567.417        1089.701
       12435.094       11159.478        1398.193
       30213.875       11323.998         726.010
       14496.059       11252.374        1092.844
       21447.608       10987.403         926.728
       32333.342       11441.240        1012.623
        8861.373       11965.224        1217.642
       18123.938       10928.369        1617.109
       15774.858       10959.759        1099.617
        9839.221       11549.197        1523.419
       25963.635       10439.486        1337.355
       20045.443       10918.012        1287.996
       26881.826       10762.020        1500.913
       25618.474       11394.197        1411.634
       20070.949       11541.108        1138.295
       11470.495       11748.627        1598.792
       29798.846       10588.656         972.440
       25305.225       10782.484        1102.293
       32822.857       10058.352         733.797
       35152.782       10623.528         999.063
       30886.514       11273.711         725.857
       28964.240       10809.211        1098.754
       48156.264       10706.954        1296.612
       52658.234       10952.332        1023.465
       41427.968       10508.371         932.600
       32142.891       10730.690         886.908
       45299.766       10464.453         840.782
       34486.136       10910.733         958.692
       21004.637       11844.332         953.813
       38632.971       10245.175        1218.237
       40190.928       10510.690         646.557
       46279.943       10417.245        1254.570
       42185.635       10828.767        1163.518
       38699.645       11515.276        1210.583
       15206.611       11909.159        1214.649
       43200.410       10496.069        1111.975
       40763.463       10816.522         803.419
       49591.247       10223.889         901.559
       53645.639       10714.325        1271.468
       44979.066       11147.190         941.363
       42167.724       11605.749        1244.758
       54894.811       10569.271        1587.885
       50585.513       10587.315         732.935
       43965.932       11186.367        1182.949
       58998.534       10827.246        1108.537
       67217.955       11193.791        1650.082
       52299.248       11634.320        1065.437
       35780.326       12274.514        1365.048
       17202.544       12061.366        1576.479
       56389.192       10143.039        1644.190
       58315.413       10443.201        1184.627
       62122.304       10522.670        1275.215
       57341.387       10695.230        1279.470
       67242.692       10254.577        1555.506
       58720.935       11464.844        1169.202
       57065.410       11319.860        1527.975
       78647.473       10629.627         472.627
       60686.536       11328.943         942.262
       56451.643       11735.344        1618.308
       62817.321       10879.052        1392.987
       64895.930       10848.455        1331.061
       66605.866       11270.568        1463.791
       72493.193       10496.696         896.634
       69314.798       10813.935        1429.052
       68899.694       11550.934        1735.190
       65217.529       11630.443        1396.780
       39532.481       12577.409         980.576
       77249.543       10179.475         457.064
       73192.554       10814.909         957.795
       72893.271       11613.549        1077.834
       50367.378       12198.806         844.996
       75540.236       11218.314         809.930
       79710.655       10601.069         259.506
       76233.808       10630.649         657.623
       78317.187       11204.822         599.842
       79620.398       11519.523         442.415
       77744.832       11228.076         707.452
       79331.053       10896.101         333.855
       73851.072       11968.225        1052.642
       54744.584       11886.761        1590.664
       19303.597       11958.497        1413.050
        4783.883       11614.394        1136.619
        1302.855       11493.835         588.921
         654.759       11905.413         599.597
        4442.845       12263.077        1073.828
         644.578       12852.231         564.430
        3360.497       12253.225        1021.519
        7372.024       12177.106        1036.375
       13803.145       11306.450        1138.348
       10477.991       11805.908        1535.078
       18165.630       11737.454        1579.668
       10084.763       12503.329        1346.922
       13154.339       11880.936        1210.352
        9538.659       12961.955        1171.022
       11553.438       12360.736        1616.227
       27629.390       11896.024        1411.063
       22929.609       11954.498         930.483
       17551.566       12710.445        1619.860
        2636.050       12788.046         865.610
       23668.037       11608.724         854.565
       28695.533       11640.016        1192.106
       24970.473       11802.844        1112.178
       21226.174       12492.570         922.482
       27309.716       12555.925        1461.969
       23231.156       12612.308         974.209
       29468.827       11963.729         902.374
       32607.304       12690.610        1159.459
       25268.787       12538.462        1355.255
       36225.831       11524.118        1374.459
       31391.749       11802.312         883.060
       40112.426       11606.959         833.518
       32928.214       11875.770        1106.543
       31418.083       12515.141         899.483
         699.881       13880.330         459.999
       39557.187       11934.882         960.640
       46972.847       12036.986        1298.123
       47232.422       11041.884        1300.905
       43243.499       11948.649        1240.815
       37141.930       12240.441        1495.758
       41362.307       12009.493        1048.730
       28267.871       13032.257        1275.024
        5851.598       13503.961         860.753
       50956.394       11564.786         784.882
       54077.102       11619.903        1328.372
       62840.490       11636.376        1412.338
       45569.873       13109.602        1280.187
       40196.993       12953.876         868.714
       57853.536       12471.183        1568.761
       53084.073       12025.147        1137.579
       56049.669       12440.443        1739.085
       66232.825       11946.898        1522.554
       67856.437       11846.571        1706.490
       60333.107       10703.893         857.514
       57761.838       11705.429        1313.786
       56755.134       12790.713        1806.943
       58579.101       12817.166        1610.642
       59795.068       11836.635         942.203
       61809.680       11912.719        1404.978
       55301.852       12881.244        1679.063
       36111.334       13183.169        1479.443
       38533.434       12890.163        1197.928
        8237.348       13393.608        1128.404
       63398.508       12015.158        1563.451
       64408.046       12045.910        1582.006
       70886.775       11613.307        1145.635
       74836.719       11222.944         903.941
       68113.938       12560.931        1563.367
       69336.449       12654.646        1426.535
       66454.950       12933.014        1661.033
       13849.134       13053.166        1391.304
       69831.407       12053.574        1300.396
       71792.092       11986.812        1127.308
       77365.580       12202.758         725.635
       76671.241       11956.547         742.542
       75884.359       12264.056         827.180
       78970.344       12549.057         451.526
       79000.766       11811.433         582.214
        5816.852       12803.552        1110.446
       11968.657       13472.538        1522.500
        1299.337       12512.746         635.689
        6183.909       12138.114        1120.218
        8954.040       12680.561        1268.441
        4790.677       12790.997         928.473
        2681.172       13402.419         804.850
       19637.389       12612.154        1252.865
       14794.015       13057.826        1552.698
       16831.042       13007.584        1672.542
       10898.943       13449.041        1365.265
        4475.767       13435.209         840.331
       13189.920       12567.982        1407.079
       10754.102       12785.963        1644.267
       15494.159       12654.942        1470.205
       12287.557       12795.109        1584.767
       24267.900       13002.152        1136.489
       28525.031       13664.045        1249.026
       13578.682       13618.949        1445.312
       18848.444       13040.190        1474.852
       21840.135       13151.161         784.816
       12600.567       13811.194        1529.069
       20626.279       12843.002        1001.849
       22577.777       13244.002         783.570
       29360.838       12696.069        1132.473
       26244.891       12861.138        1542.144
       20495.284       13594.459        1025.349
       12541.487       14524.861        1573.302
       36762.498       13218.511        1550.295
       32038.765       12968.909        1016.521
       34751.084       12332.895        1273.760
       30874.557       13230.508         732.117
       21158.035       13878.400         881.609
       18732.909       14100.416        1602.155
       41924.106       13567.230        1387.501
       41117.330       12674.637        1228.297
       34306.574       13371.180        1380.995
       32128.345       13750.695         903.097
       14204.018       13921.344        1672.237
       43223.808       12602.359        1242.954
       47947.213       14059.730        1339.726
       41903.056       12924.603        1279.671
       43929.425       12910.109        1466.390
       52343.852       12867.795        1005.187
       35771.416       14193.928        1664.322
       45699.668       12095.083        1125.181
       49005.397       13607.540        1178.640
       51044.060       12829.016         875.584
       43167.042       13639.420        1509.092
       38506.179       13719.190        1324.188
       63790.432       12969.654        1870.449
       49327.470       12097.675         953.900
       53036.994       12604.942        1100.203
       54702.869       12623.824        1444.568
       64724.893       12704.492        1826.652
       62440.442       12943.957        1499.506
       50701.777       13517.157         896.317
       54245.937       13672.479        1407.102
       53988.308       12936.761        1208.759
       44411.653       14255.847        1353.389
       31530.686       13996.628         793.806
       59811.321       12479.177        1103.534
       59165.733       12796.043        1261.557
       56804.075       13627.658        1919.785
       61751.150       12573.759        1394.446
       63056.990       12661.699        1685.536
       59012.350       13517.705        1466.282
       61077.684       13149.336        1072.418
       60383.098       13116.488        1092.834
       41252.180       14022.702        1141.732
       45850.867       14549.118        1314.608
       71437.243       12782.291        1123.393
       74131.989       12611.631         965.148
       63809.344       13643.780        1927.092
       67425.602       13173.527        1671.263
       70036.967       13009.858        1406.030
       69777.825       13624.915        1275.820
       57749.094       14029.790        1762.523
       16044.594       14048.953        1885.342
        8591.984       14064.094         987.043
       72224.481       13107.547        1059.284
       73539.400       13074.820         843.136
       75461.759       12912.091         783.717
       75884.325       13700.408         740.381
       79292.149       13601.114         374.955
       77907.512       12917.128         670.875
       79589.976       12937.419         345.760
        3463.116       14489.872         656.611
       10192.788       13923.444        1271.886
        3458.792       13789.937         680.144
        1344.459       13467.255         508.272
        7496.634       13287.961        1116.890
        9501.844       13718.993        1047.804
        6538.995       13934.516         844.614
        4910.907       13870.821         705.509
        4809.801       14576.713         637.522
       13756.101       14598.551        1731.421
       28192.411       14191.786        1470.815
        7844.682       14628.952         990.803
        6532.407       14605.022         775.389
       15110.531       13696.157        1672.980
       17064.962       13763.264        1799.348
       19486.694       13672.796        1205.847
       25163.322       14279.644        1555.398
       22936.714       14274.219         934.462
       20931.955       14600.451        1037.930
       15798.907       14724.783        1984.652
       17752.156       14149.544        1682.692
       24246.980       14008.244        1501.608
       33302.865       13470.954        1298.401
       26160.344       13596.229        1674.313
       30067.597       13300.307         869.084
       29641.021       14027.558         950.502
       53371.391       14129.009        1146.935
       27156.206       14165.091        1698.115
       44832.456       13231.741        1156.976
       51684.304       13885.330         958.173
       31436.480       14647.854         916.004
       16598.544       15057.847        2002.580
       22582.794       14902.174         936.954
       33003.575       14143.374        1107.170
       40310.793       13659.314         912.105
       37769.148       14325.338        1512.663
       37078.166       14170.422        1686.623
        1448.220       14883.293         538.444
       65814.662       14281.970        2001.049
       67724.329       13923.959        1583.103
       39619.026       14111.875        1063.309
       46192.805       13842.811        1388.629
       49683.443       13988.050        1061.988
       52694.410       13473.953        1014.317
       54918.969       13647.926        1547.145
       36447.353       14827.164        1819.513
       47263.333       13560.454        1436.343
       50627.917       15312.976        1298.598
       44807.132       14840.015        1486.437
       54020.334       14253.361        1322.895
       61440.643       14590.619        1449.455
       58425.718       13538.828        1626.098
       62527.424       13672.742        1578.379
       51652.821       14595.059        1093.703
       33823.331       16224.796        1387.772
       55715.727       14044.070        1803.211
       59598.688       13850.698        1276.301
       61778.882       13952.404        1260.470
       65756.501       13275.140        1830.189
       71989.039       13720.108        1062.765
       59340.613       14528.025        1382.308
         311.944       15909.261         350.842
       63162.885       14064.610        1791.348
       73989.113       13740.832         885.242
       77492.636       13677.291         620.710
       67119.362       14585.352        1895.009
       57475.125       15101.874        1873.965
       68786.865       13978.764        1388.629
       71257.608       14412.367        1172.969
       68189.199       15248.254        1620.844
       72715.421       14392.093        1106.239
       46276.398       15803.696        1597.043
       73400.576       14445.544        1006.620
       75004.268       14065.960         870.817
       62152.195       14997.777        1549.108
       76586.387       14058.746         696.279
       78257.641       13972.915         580.626
       79702.173       14609.273         396.295
       78349.869       14718.587         694.038
       79702.173       13929.001         384.863
       21666.317       14919.489        1057.212
       16696.588       15607.568        2002.006
        8545.977       14984.421        1061.156
        6230.051       15232.352         861.102
        2789.257       14838.120         758.909
       10519.163       14603.529        1210.268
         699.881       14560.603         480.668
        2030.677       15818.856         770.345
       11759.781       14951.602        1371.530
       17531.425       14768.297        1799.965
        4378.984       14841.036         733.447
       19108.622       14710.384        1477.017
        9830.163       15051.897        1198.212
       18018.811       15553.750        1876.810
        8154.643       15626.998        1100.197
        3059.771       15510.681         881.398
       14416.927       15049.195        1807.779
       19904.762       14979.863        1202.539
       11717.657       15757.445        1289.064
        1574.931       16458.744         614.967
       18229.940       15005.715        1600.780
       25552.674       15600.489        1866.681
       30749.109       15203.737         917.156
       26887.246       14882.714        1739.919
       25549.956       14932.779        1724.414
       19884.771       15555.652        1335.707
       55721.745       15537.269        1851.727
       29737.531       16350.368         988.980
       19501.524       15844.629        1446.177
       10754.511       16112.468        1233.596
       23569.174       14648.617        1147.669
       34678.059       15275.967        1440.351
       30048.093       15288.137         911.668
       40690.431       15305.511        1263.194
       13719.054       16667.646        1796.535
       33447.572       14774.025        1165.744
       34995.897       14323.558        1479.472
       42514.352       15002.197        1519.233
       32843.283       15481.589        1253.805
       22892.807       16250.175        1026.324
        5418.489       16222.970         951.635
       41582.427       14744.954        1405.179
       39668.417       15035.820        1106.773
       43427.041       14352.137        1569.614
       47557.439       15012.924        1492.786
       27965.645       16014.710        1578.924
       45391.584       15886.466        1593.661
       60085.568       14837.719        1290.732
       56058.219       14862.082        1776.061
       53042.187       15162.977        1458.361
       37127.273       15880.612        1755.824
       58077.652       14685.994        1577.877
       63125.895       14751.430        1770.742
       54324.436       15345.095        1525.815
       41036.354       15972.125        1353.329
       14464.481       16079.719        1843.853
         292.593       16948.973         337.065
       76336.073       14979.545         833.366
       64148.082       14297.615        2060.427
       63452.727       14972.393        1977.563
       64895.752       14611.923        2109.640
       59722.904       15678.400        1379.918
       61708.735       15540.536        1853.386
       66456.443       14906.673        1942.940
       75061.448       14807.622        1043.724
       64830.175       15714.761        2083.951
       56953.241       16352.017        1919.046
       68887.244       14765.604        1558.748
       70507.844       14430.709        1171.783
       68515.811       15889.259        1613.006
       59064.553       16339.337        1594.148
       52010.015       15873.965        1458.260
       70155.721       15336.004        1213.255
       72265.206       15351.790        1146.063
       74052.613       15132.092        1192.868
       70751.886       16005.900        1222.792
       48271.255       16602.069        1551.681
       77969.773       15399.223         717.155
       79384.378       15027.058         465.076
       40694.549       16622.441        1539.790
        7150.991       15898.859        1028.596
       21255.363       15737.618        1080.924
        1060.283       15551.679         537.410
        4657.630       15880.022         846.585
        5489.499       15240.180         839.211
       10107.634       15754.992        1260.967
       13791.449       15743.651        1698.116
       20159.966       16626.952        1476.789
       35402.743       16528.425        1857.704
        8801.409       16839.359        1160.824
        9159.942       16106.575        1260.543
        2276.612       16809.727         850.862
       15885.568       16021.845        1966.208
       12460.854       16097.708        1475.200
       18638.806       15867.689        1892.341
       23518.867       16607.599        1146.233
       12473.700       16652.458        1413.642
       22935.536       15645.076        1171.236
       20501.011       15994.368        1209.950
       23897.973       15981.054        1328.444
       19567.277       16510.960        1511.673
       23578.590       15607.569        1236.592
       27373.601       15634.362        1751.590
       18245.320       16618.003        1911.485
        3684.862       16860.578         967.750
       32071.278       15420.395        1135.220
       24807.617       15961.211        1539.819
       26666.237       16033.088        1899.572
       26922.169       16630.737        1864.793
       34097.997       15314.308        1256.676
       30806.581       16583.633        1119.300
       20566.691       17092.606        1296.981
       28533.729       15670.132        1405.469
       31779.955       16742.758        1311.682
       36391.426       15502.726        1850.709
       31070.767       15852.784        1039.169
       37227.106       16581.155        1752.943
       31759.831       16003.024        1258.916
       26180.789       16932.689        1922.204
       24509.448       17470.886        1556.663
       18911.544       16972.032        1712.639
       37874.181       15359.965        1537.102
       35397.651       15821.899        1804.917
       42626.066       15595.841        1628.001
       38660.604       15677.763        1262.346
       43402.430       16645.550        1779.723
       75691.191       15362.869         966.408
       44603.071       15593.622        1563.458
       42040.064       16005.211        1575.317
       32769.700       17409.991        1553.857
       46531.620       15219.954        1466.635
       43634.739       15937.974        1692.645
       48573.246       15646.824        1313.801
       69188.051       15999.715        1410.617
       49641.067       15074.140        1127.469
       52333.722       15217.651        1305.830
       50997.050       15887.307        1379.284
       46649.906       16543.361        1796.168
       40137.450       17667.556        1456.956
       57731.976       15707.798        1798.672
       63802.844       15931.080        2121.297
       52310.487       16551.002        1592.113
       53255.561       16657.029        1740.164
       55036.624       16734.864        2012.292
       36793.901       17203.180        2000.844
       53663.554       15925.318        1545.778
       55010.323       15835.543        1796.743
       17260.459       17379.245        2057.481
       60634.519       15974.059        1854.130
       62402.774       15824.816        1892.465
       58421.107       16262.548        1786.565
       50001.725       16919.741        1288.927
       63173.066       15503.021        2218.773
       66456.926       15677.066        1870.256
       69526.081       15317.050        1270.833
       63474.579       16630.728        2098.774
       62450.236       16491.479        2021.346
       66056.363       16420.517        1719.067
       68230.553       16507.224        1557.856
       71527.454       15394.451        1218.402
       73983.621       16091.103        1286.399
       70367.130       16683.249        1253.497
       69432.935       16696.018        1404.987
       64144.767       16998.828        1915.531
       74995.583       16321.664         944.984
       76974.423       15590.036         831.303
       76741.274       16621.427         733.216
       61723.280       16950.512        2067.490
       79682.204       15723.908         376.603
       79066.183       16335.190         446.236
       67506.530       16540.147        1641.933
       20021.475       17759.765        1410.901
       33174.599       16390.634        1354.830
        2044.505       17491.343         792.360
         604.536       16531.703         383.326
        4012.276       16201.420         930.271
        7228.530       16652.416        1010.215
       10796.425       16857.309        1314.181
       11772.418       17057.037        1352.106
        4059.301       17560.305         936.326
        6495.006       17269.191         895.268
        7604.926       18123.085         774.063
        1030.881       17897.765         556.281
        7873.649       17113.338         988.919
       30174.361       16996.816         811.621
        9408.323       17234.052        1171.910
       10343.709       17225.624        1064.634
       12407.852       17754.852        1140.161
       15806.525       16745.259        1853.487
       14339.347       17074.701        1597.866
       13729.428       17757.329        1358.842
        3096.746       17835.805         791.398
       42377.458       16692.397        1793.707
       39891.956       16829.065        1331.196
       22129.112       16325.402        1074.474
       21781.485       17047.805        1091.443
       14381.135       18158.479        1644.867
       25179.800       16695.763        1738.802
       27612.350       16696.633        1712.516
       23758.159       17362.879        1479.380
       28998.891       16462.526        1180.333
       28693.540       17461.875        1291.057
       24835.834       18082.606        1795.241
       11705.370       18081.939        1071.440
       32095.054       17497.787        1441.019
       51699.262       16868.882        1632.405
       31150.623       17024.591        1200.366
       31052.644       17767.643        1121.373
        2785.334       18532.785         661.740
       38863.726       16543.058        1418.234
       34408.485       16892.980        1553.641
       34446.329       17646.085        1784.873
       45099.666       16636.468        1722.046
       38177.136       16925.803        1527.765
       50707.199       16548.545        1567.804
       49002.735       16974.911        1366.367
       38538.027       17578.267        1704.924
       41695.816       17064.254        1666.499
       35750.989       18045.398        2104.911
        5004.946       17920.106         563.288
        8201.781       18434.292         785.477
       27313.823       17993.460        1653.698
       44078.844       17051.199        1854.357
       45772.669       16968.106        1892.228
       47323.686       16953.227        1654.024
       47421.060       17731.719        1853.429
       20710.347       18175.803        1550.012
       56359.916       16421.281        2026.479
       60601.602       16717.374        1913.250
       65391.021       16441.121        2015.242
       50270.971       17601.269        1394.643
       52030.432       17672.161        1720.422
       53942.743       16976.126        1878.813
       48368.662       18036.043        1644.402
       55702.370       16980.887        2123.554
       58061.780       17139.049        1852.819
       60059.243       17612.319        2037.730
       55277.764       17639.281        2223.493
       38013.905       18023.902        1836.107
       15897.188       18714.517        1983.142
       26011.753       18589.358        1710.618
       59646.058       17076.388        1850.703
       72491.977       16409.023        1043.578
       78388.259       16318.977         550.730
       65033.879       17025.540        1644.656
       65053.248       17641.315        1497.117
       63923.368       17536.271        1798.208
       67166.283       17332.733        1385.961
       64525.053       17913.443        1648.836
       59944.876       18172.171        2085.638
        9965.513       18004.886         877.125
       68858.791       17104.381        1448.692
       71557.828       17409.930        1065.472
       72200.678       17041.059         884.731
       72673.810       17752.421         933.330
       73261.739       16733.248        1012.542
       75407.317       16969.731         892.307
       74960.696       17717.706         713.508
       65699.660       17969.150        1368.829
       77438.398       16964.247         666.584
       79383.978       16937.813         427.274
       79024.136       17640.083         417.734
       10617.219       17752.439         898.783
         292.593       17629.245         382.385
        5762.009       17250.976         734.163
        9077.419       17819.238         921.032
       23405.019       17952.171        1350.943
       15437.209       18136.756        1786.551
       33456.276       17997.258        1727.636
        5061.927       18690.343         700.453
        6817.181       18338.175         733.695
       16252.680       17406.163        2019.442
       18959.017       17755.184        1639.941
       12150.228       18668.382         953.174
         702.213       18998.041         446.578
       29047.058       18172.041        1087.973
       22454.765       17588.297        1215.931
       21928.843       18049.135        1401.519
       23176.438       18748.089        1509.549
       18502.540       18435.867        1903.242
       11515.482       19229.042        1078.400
       31683.937       18117.346        1269.766
       27636.145       18769.732        1343.634
       26309.709       17640.642        1838.794
       25635.107       18015.435        1786.097
       22311.836       18711.688        1561.140
        3382.126       18972.714         617.874
       27875.083       17351.404        1576.614
       29789.239       17819.140         909.527
       36043.573       17268.011        1955.915
       30323.481       18149.009        1067.455
       34756.616       18734.771        2059.150
       36881.434       18719.268        2228.424
       28550.923       18837.841        1170.103
       46000.255       17744.941        1978.119
       37219.809       17993.463        2058.061
       35148.003       18058.917        1942.807
       32096.550       18715.806        1467.287
       49002.768       17630.393        1480.018
       39470.110       18034.013        1697.758
       49918.775       18696.521        1585.076
       36162.942       18706.372        2232.170
       42014.606       17696.715        1972.383
       43987.753       17706.479        2040.245
       31470.927       19053.275        1414.726
       41258.832       18093.395        1766.728
       39247.019       19095.097        1923.900
       39899.116       18755.843        1743.803
       27008.678       18990.837        1563.315
       53957.811       17669.171        2038.705
       43616.772       18189.036        2185.098
       49869.264       17952.213        1459.314
       45236.160       18068.583        2128.073
       44001.578       19376.067        2464.008
       77027.596       17678.086         651.618
       46974.866       18098.688        1929.312
       57326.974       17128.595        2194.651
       61456.813       17631.157        2212.626
       62132.693       17984.859        2155.486
       51307.614       18033.352        1661.293
       51609.292       18833.955        1955.156
       41124.821       19134.081        2186.875
       43490.644       19354.770        2330.066
       53290.031       18105.091        1997.069
       55959.436       18094.956        2329.949
       54044.058       18985.689        2362.455
       21672.924       19470.338        1876.409
        5279.054       20359.151        1073.423
       63202.103       17980.907        2049.465
       70726.619       17497.905        1247.167
       57084.591       19090.841        2545.774
       66345.632       17332.772        1623.333
       68878.609       18022.826        1420.885
       64505.903       18676.260        1394.788
       73278.336       17754.709         845.481
       67506.231       17973.427        1211.367
       67019.668       18615.270        1076.110
       63901.950       18993.110        1588.755
       60993.217       19689.405        2155.777
       47238.812       19033.166        2182.228
       69812.243       18429.119        1259.399
       72030.960       18121.292        1140.269
       73919.841       18054.150         830.514
       75883.851       18083.242         929.100
       75863.866       18724.842         980.685
       67305.270       19042.026        1034.524
       65368.186       19045.936        1218.096
       77935.410       17997.573         613.212
       79640.157       18049.209         388.714
        6422.277       20770.643         927.908
        9393.210       19090.298        1098.998
        9418.272       19871.394        1057.419
        8432.446       19051.176         790.317
        1440.502       18586.289         527.421
       10050.640       18659.063         959.608
        6475.813       19280.286         767.551
        3058.435       19722.356         749.833
        4437.737       19105.278         881.971
        4430.403       19754.078         955.498
       68073.570       18999.825         930.904
       14051.433       18790.053        1423.660
       17470.207       18413.958        2105.498
       13189.393       19108.357        1101.035
       16922.407       19018.637        2147.950
       19348.957       19437.217        1852.380
       13238.430       19804.898        1238.876
       20401.174       18856.643        1619.389
       15467.584       19292.973        1859.563
       23951.872       19499.681        1800.807
       12559.819       20432.644        1258.250
       24551.567       18774.989        1838.507
       25340.822       18959.680        1804.100
       33792.910       19008.193        1865.786
       14125.499       20106.122        1375.749
       10773.057       19298.211        1108.495
       45909.704       18995.255        2294.337
       56150.300       19098.595        2655.465
       25380.953       19746.034        1841.856
       30329.149       18836.182        1186.842
       33194.243       18683.513        1676.775
       27359.700       19733.949        1673.025
       29996.910       19446.915        1349.058
       29179.080       19433.402        1382.515
       19282.505       20755.014        2245.193
       19684.965       20060.367        2103.803
       38293.891       18818.902        2023.359
       41817.198       18838.090        2052.315
       33435.539       19731.252        1980.223
       35881.364       19449.927        2422.377
       37806.707       19417.424        2152.139
       37188.346       19348.229        2353.013
       29263.426       20335.181        1451.961
        6811.707       20041.581         751.605
       45207.957       18696.364        2294.792
       46912.519       18721.222        2138.559
       41159.045       19712.960        2337.566
       49011.146       18730.235        1817.415
       52391.073       19109.652        2106.551
       53766.404       19700.162        2533.588
       46835.903       19763.232        2291.791
       45911.856       19713.886        2485.108
       51002.635       19782.195        2084.346
       38036.032       20666.142        2406.683
       48293.962       19113.374        2026.359
       50622.160       19146.179        1887.534
       32798.951       20123.763        1771.358
       20633.165       20135.282        1923.461
       53348.994       18741.980        2247.121
       55374.850       18789.893        2501.131
       57379.228       18567.398        2506.871
       58056.366       19641.505        2471.189
       55745.395       19755.958        2788.497
       61798.810       18749.758        1929.719
       57851.682       18445.233        2208.585
       63199.835       18674.928        1758.626
       62505.036       19140.987        1731.717
       59309.037       18503.640        2139.072
       50338.816       20062.517        2242.188
       79640.157       18729.480         373.851
       66033.748       18610.955        1307.358
       68226.312       18299.301        1150.878
       63481.024       19674.000        1512.118
       70274.152       18993.417        1071.351
       77532.479       18726.644         796.445
       67033.650       19779.736         771.579
       62092.157       20393.007        1624.513
       71661.660       18773.564        1172.841
       73936.781       18810.953        1011.366
       70300.862       19603.729        1011.049
       72357.339       19079.155        1028.837
       72001.721       19847.129         940.004
       74008.043       20316.598        1096.120
       54692.291       20161.729        2705.584
       22287.650       20114.298        1872.040
       73348.104       19185.974        1039.599
       75266.420       19310.030        1059.653
       76604.680       19048.758         924.374
       77645.907       19806.638         881.627
       76761.121       19780.489        1039.107
       78218.349       19079.550         659.892
       79237.302       19099.740         428.237
       34004.825       20418.706        2082.000
        3693.721       20027.094         916.646
         702.213       19678.313         462.223
        2419.207       20354.270         661.646
        5809.566       19357.058         803.498
        8457.508       19832.271         887.175
       10468.744       20372.607        1319.283
       17562.746       20034.789        2127.622
        2652.343       21010.120         744.339
        7774.993       20191.773         975.432
        3385.250       20965.364         884.027
        3787.399       20614.252        1019.529
       14677.902       19346.786        1622.414
       16919.053       19726.840        2165.446
        9437.645       21226.656        1277.837
       18598.433       19348.496        2043.353
       15918.863       20042.248        2118.939
       15532.702       20684.796        1824.944
       20980.759       19488.625        1894.531
       23256.269       19495.210        1663.355
       31846.082       19782.442        1648.725
       31035.134       20123.557        1524.019
       46898.144       21213.550        2642.233
       21005.869       20831.215        2101.699
       24341.822       20168.903        1880.090
       23952.781       20739.675        2041.500
       21957.366       21094.883        2124.404
        5555.871       21011.441        1173.532
       14206.704       21380.967        1671.198
        3629.945       21570.142         897.953
       26402.906       20118.825        1764.972
       35078.025       19464.806        2260.659
       36446.541       20036.880        2513.422
       31256.210       20826.818        1937.888
         695.852       21068.254         547.379
       56829.074       20411.110        2764.587
       38124.557       20046.846        2287.214
       34683.604       20425.683        2278.593
       39917.322       19988.608        2258.261
       32333.310       21175.334        2014.973
       39231.001       19748.984        2117.110
       43141.400       18816.470        2190.500
       48971.944       19783.595        2239.690
       52008.428       19685.521        2217.023
       41783.877       20126.659        2561.328
       41525.271       20728.901        2683.556
       26762.697       21001.384        2002.202
       45177.723       20369.859        2668.489
       28079.333       21037.418        1790.480
       35693.556       21627.146        2681.860
       58701.248       19965.153        2461.349
       52358.699       20753.850        2561.130
       57393.094       19733.676        2623.133
       52688.694       20032.322        2369.931
       48919.703       21123.202        2660.303
        5229.168       21805.836        1244.071
       60189.309       19906.045        2224.484
       74559.120       19374.541        1013.397
       56115.666       20425.638        2873.162
       62541.283       19703.477        1646.005
       65450.277       19792.291        1072.962
       60007.300       20684.641        2227.630
       68447.291       19676.994         777.291
       64167.068       20103.505        1444.402
       63855.689       20793.607        1118.576
       55096.984       21123.972        2955.267
       50367.229       21128.948        2645.121
       79597.144       19758.015         447.378
       66160.406       20176.065         906.521
       67771.779       20169.875         746.592
       69560.377       19993.075         734.218
       66223.335       21124.908        1041.630
       71643.658       20885.327         602.129
       73345.770       20085.106        1031.891
       76139.531       20399.828        1041.885
       72350.225       21147.643         554.559
       37282.313       21009.971        2575.245
       58343.130       21202.141        2580.025
       78329.653       20224.044         764.537
       79261.938       20155.231         522.828
       30302.331       21051.956        1681.484
        8478.788       21176.042        1143.906
        1398.065       20338.404         528.146
       16568.560       21492.673        2141.550
       36356.496       20697.444        2564.467
        4524.082       20341.236        1070.941
        6701.745       21105.152        1036.232
       11079.573       20978.792        1405.635
       10738.537       21668.588        1468.890
        2357.944       21673.939         612.102
        7722.862       20793.143        1023.494
        9771.389       20514.555        1208.574
        5804.247       22165.541        1236.285
       11876.035       20296.763        1231.402
       14529.020       20694.858        1686.325
       17339.378       20813.546        2189.826
       22594.213       20689.542        2012.814
       25091.162       21350.043        2197.763
       15855.205       21364.444        1995.008
        9486.802       22518.992        1365.006
       18261.382       21151.760        2356.266
       20195.186       21466.181        2435.350
       11497.676       21998.468        1598.854
       20970.349       21467.467        2310.169
       26095.411       20800.818        2037.090
       28368.840       20451.977        1717.544
       33065.103       20813.394        1948.349
       24348.704       21357.282        2181.030
       33737.941       21041.300        2186.127
       26337.213       21688.073        2159.654
       35396.898       21071.368        2501.643
       23662.353       22270.674        2543.174
       28082.697       21622.112        1903.758
       60693.696       21086.653        2024.438
       39883.525       20758.026        2478.869
       40866.642       21084.619        2723.194
       45212.677       21776.243        2943.960
       33761.136       21657.208        2275.477
       54382.967       20920.850        2876.125
       57064.951       21135.479        2654.618
       28785.779       21990.476        2273.500
       39108.679       21137.698        2704.651
       32811.545       22070.903        2387.912
       16779.682       22768.444        2342.488
       15106.639       21920.807        1806.646
       42108.820       21014.650        2775.364
       43375.291       21668.543        2945.636
       43488.404       20580.923        2678.983
       43036.062       20969.674        2847.757
       47119.324       20462.547        2608.631
       45880.589       21170.208        2776.567
       41847.984       21699.955        2921.184
       11287.407       22695.006        1634.186
       48200.215       20402.702        2473.390
       51014.613       20687.371        2473.715
       48471.444       22074.966        2798.560
       58977.066       20732.879        2439.816
       53127.085       21180.811        2710.159
       53055.914       21792.431        2843.864
       45975.925       22217.096        2962.428
       61428.327       20449.565        1806.641
       65601.242       20831.427         781.406
       56347.032       21836.526        2846.227
       44095.938       22094.007        2949.092
       64579.733       21137.755         898.368
       74362.441       20847.260         777.469
       63040.252       21349.531        1326.495
       62294.380       21307.558        1471.602
       60620.417       21776.823        1882.609
       67520.628       20859.685         888.858
       70139.340       20830.013         786.258
       65592.208       21767.231        1143.916
       69521.839       21981.136        1115.126
       52399.072       22076.423        2819.204
       61557.271       22054.286        1810.751
       68203.966       21193.854        1019.096
       69468.559       21240.100         967.725
       20477.506       22732.381        2672.048
       75385.644       20253.285        1029.156
       78404.317       20801.095         642.241
       70133.353       22213.324        1035.488
       74320.647       21629.556         687.443
       76851.345       21366.115         748.626
       79336.602       20732.283         386.813
       77804.455       21147.046         732.837
       79671.808       21015.339         344.653
       79671.808       21695.611         397.458
       25372.118       22846.830        2503.481
       46958.634       21838.760        2864.250
        2927.928       21974.629         756.690
        6410.418       21705.654        1124.293
         695.852       21748.526         552.732
        1422.594       22088.075         551.037
        9793.964       21774.503        1365.314
        4460.364       22031.340        1100.087
        4442.918       22820.026        1017.038
        3716.443       23421.354         897.565
        8136.416       21823.416        1270.128
        7089.163       22041.019        1343.562
        6797.232       22774.680        1378.753
       12522.496       21444.553        1388.451
       17911.898       21964.841        2486.382
       13218.844       21756.532        1640.075
       21501.442       22176.321        2422.457
       18556.803       22244.557        2570.441
       21384.817       22764.772        2562.766
       16886.146       22176.528        2420.605
       14812.633       22614.807        2003.676
        5257.090       23200.490        1156.728
        8788.111       22618.519        1297.679
       22244.883       21794.904        2277.437
       19818.968       22142.643        2624.739
       25426.024       22043.453        2362.603
       30987.071       22474.129        2389.884
       30271.867       22393.098        2224.616
       28105.759       22999.980        2542.146
       27009.112       22082.025        2097.001
       36990.481       21680.342        2686.166
       10574.220       23406.069        1413.143
       30017.768       21730.959        1962.721
       32056.557       21816.935        2218.679
       39436.095       21851.173        2777.090
       28694.831       22677.591        2314.088
       33767.659       22778.980        2628.189
       37499.408       22755.774        3016.121
       35030.309       21986.639        2754.333
       34078.067       22039.793        2453.946
       51396.788       22098.872        2812.945
       45878.700       22866.980        2903.007
       41224.909       21838.314        2888.296
       37701.341       22043.022        2825.182
       29593.666       22981.812        2410.626
       38943.798       23118.271        3083.112
       38791.754       22141.490        3047.734
       40910.059       22534.679        2965.599
       22092.554       23092.045        2629.201
       14902.522       23770.773        1928.453
       42464.206       22132.704        3023.120
       50637.860       21829.497        2821.655
       55092.472       21810.491        2989.700
       59457.191       22738.608        2235.984
       49508.168       22487.970        2925.046
       43859.922       23433.783        2797.438
       58747.965       21803.866        2283.653
       56973.609       22227.485        2613.067
       52771.219       22741.282        2928.282
       54655.394       22491.851        2980.662
       49814.715       23090.403        2895.774
       32064.364       23727.326        2841.804
        3031.872       23037.154         847.616
       58096.363       22128.164        2433.801
       59722.574       22079.524        2079.551
       64580.816       21775.748        1241.988
       67799.137       21794.193        1195.188
       58534.194       22738.434        2308.472
       66816.511       22354.064        1372.076
       63008.024       23069.186        1542.915
       63315.952       22360.017        1461.658
       61271.239       22823.413        1854.424
       78322.855       21778.831         532.890
       71131.462       21816.420         761.568
       68507.875       22176.876        1237.336
       68116.591       22802.463        1298.975
       49466.776       23790.753        2713.359
       18246.475       23830.831        2424.328
       76374.227       22356.124         440.207
       72038.745       22410.679         581.086
       71266.337       22350.196         675.161
       73656.917       22068.802         461.339
       67118.682       23016.008        1392.369
       70603.047       23011.172         797.063
       75350.190       21857.849         604.053
       77664.056       22251.505         555.415
       79257.923       22056.073         384.800
       79586.115       22809.442         318.149
       52134.914       23461.474        2909.280
        1611.585       23198.942         595.081
        8442.219       23490.518        1206.137
        5849.615       22771.508        1245.190
        1003.676       22827.486         472.077
         276.934       23168.209         362.488
       11912.054       23150.305        1501.063
       32063.985       23121.663        2781.665
        2373.945       23468.239         710.941
       13565.738       22645.845        1752.848
       12910.449       23108.758        1673.446
        7498.593       23429.076        1228.103
       15487.590       23030.758        2047.890
       19880.587       23149.591        2671.987
       11791.962       23825.030        1371.250
        5827.424       24133.496         956.395
        5195.644       23875.952        1055.832
       18617.632       22905.494        2601.769
       16388.486       23056.902        2187.554
       24350.905       23066.811        2612.570
       31001.774       23041.848        2477.805
       22835.204       22364.617        2588.255
       17866.263       23217.694        2480.301
        9478.615       24516.467        1061.892
       27123.122       22772.778        2340.585
       26669.324       23467.809        2509.945
       39960.982       23532.105        3058.683
       24346.771       23866.931        2787.967
       21907.014       23787.738        2695.758
       11131.987       24097.756        1252.566
       32804.271       22807.913        2523.015
       35132.208       22736.832        2846.152
       44093.376       22829.671        2925.650
       28401.360       23701.766        2597.766
       40238.201       22502.376        2922.295
       42506.780       22972.081        3021.695
       41575.709       23235.697        3018.777
       30688.949       23735.175        2664.250
       23601.957       24097.317        2988.092
       34154.034       23179.571        2792.745
       25343.034       24239.985        2828.869
       27393.772       24067.599        2733.961
        8807.063       24446.763         970.959
       36876.352       23348.491        2998.518
       45112.891       23161.790        2839.369
       56684.451       22858.339        2726.346
       36146.937       23605.905        3009.497
        2390.385       24408.365         659.408
       47488.306       22386.363        2831.157
       47179.245       23152.864        2830.493
       45221.049       23885.437        2705.687
       50984.640       22781.674        2897.239
       53995.505       22450.101        2986.923
       65269.415       23399.056        1445.204
       64468.406       23376.036        1495.288
       53670.577       23049.208        2946.007
       53704.229       23657.265        2833.877
       55661.624       23489.466        2772.167
       54938.738       23424.496        2846.793
       40845.657       24870.321        2760.854
       44402.886       24770.748        2459.451
       57822.547       23133.837        2511.052
       60069.003       23205.034        1946.724
       59441.932       23826.549        2146.693
       29392.811       24153.735        2754.232
        4473.679       24597.789         946.259
       77863.691       22912.032         513.060
       62054.907       23231.648        1940.412
       64132.472       22442.085        1390.578
       65944.872       22456.589        1311.179
       69912.317       22813.834         971.607
       73878.152       22861.587         632.506
       61411.892       24244.005        2084.229
       68909.520       23207.232        1277.468
       64113.799       24286.955        1602.619
       75633.253       22320.977         523.354
       72408.026       23116.731         838.818
       72074.346       23836.334         941.484
       60061.797       24257.133        2391.452
       56014.320       24123.194        2724.436
       73300.597       23218.081         706.458
       74545.098       23142.482         770.755
       76651.212       23672.089         741.194
       75693.036       22968.889         502.536
       74234.749       23858.395         850.256
       65917.204       23961.268        1437.014
       78850.683       23192.727         470.796
        3140.519       25079.581         594.415
        7035.737       24649.783         846.507
        1628.025       24139.068         549.316
         276.934       23848.481         330.893
       34510.671       24213.781        3076.286
        6333.400       25029.033         736.597
        3808.650       24523.655         717.363
        9812.460       23460.695        1224.252
        6828.299       24020.000        1023.286
       13572.275       23817.734        1693.041
       16493.890       23729.110        2242.387
       13192.617       24485.463        1524.685
       27007.560       24816.537        2855.763
       15560.966       24093.507        2166.628
       17551.848       24419.566        2217.231
       57333.074       24113.755        2571.981
       18831.008       24918.183        2154.712
       19806.045       23890.093        2646.919
       22593.403       24086.833        2720.438
       16855.705       24344.683        2174.363
        5065.228       25202.453         721.965
       18923.303       24259.134        2265.792
       20540.461       24232.345        2536.711
       25925.932       23577.329        2778.638
       29996.046       23756.170        2595.031
       20981.546       25177.652        2522.338
       10539.084       25441.833        1025.074
       31112.356       24095.161        2845.806
       32783.575       24198.770        2969.194
       37867.054       24422.159        2998.225
       37182.933       24372.846        2990.465
       29710.098       24847.218        2905.305
       33834.685       23929.605        2927.629
       35483.988       23375.433        2976.920
       32494.143       24920.180        3136.064
       21693.523       25704.611        2660.537
       12155.922       25006.871        1274.578
       38280.611       23489.304        3134.501
       38949.421       24860.279        2928.103
       41462.422       23891.194        2873.226
       40327.549       24161.861        2987.236
       47417.249       23855.335        2675.514
       39310.920       23857.683        3054.581
       35872.590       24759.330        3133.060
       43219.255       23533.711        2870.594
       40889.274       24117.215        2926.601
       42982.964       24482.168        2752.106
       44313.945       24101.383        2632.012
       51350.619       23479.416        2889.136
       52719.814       24104.595        2638.249
       38168.743       25053.721        2841.768
       46797.813       24596.164        2555.502
       41183.588       25252.046        2624.103
       31399.317       25163.215        3054.077
       15956.223       25105.083        1946.902
       48415.095       24202.187        2594.914
       50551.643       24237.280        2548.064
       58118.473       23755.526        2383.035
       54312.501       23990.803        2728.426
       62112.473       23887.044        1914.703
       54079.160       24666.426        2577.031
       55400.072       24737.095        2731.288
       63065.590       23724.582        1710.971
       70367.973       23813.402         852.072
       57089.842       25151.668        2713.851
       50906.476       25267.135        2267.497
       27670.608       25191.829        2893.170
        6264.970       25771.947         596.067
       78603.943       23878.087         597.078
       66894.833       23680.745        1216.819
       68602.083       23871.448         985.451
       73566.555       23940.302         888.333
       63409.293       24262.327        1755.992
       67585.305       24131.415        1014.637
       67569.185       24795.022        1077.490
       62821.001       25061.979        1965.737
       69369.806       24280.280        1046.087
       56104.858       25176.189        2588.733
       71068.111       24215.278        1027.938
       73018.212       24307.563        1051.877
       68570.434       25211.351        1125.159
       75023.162       24148.731         883.326
       77302.746       24198.613         780.756
       77380.827       24784.770         741.396
       79339.375       24175.073         543.079
        7020.603       26098.029         701.383
       38067.825       25803.116        2642.730
        7751.139       25322.986         809.103
         743.182       25089.199         464.005
        1020.116       24447.884         442.485
        5750.277       24800.938         777.194
       11128.540       24731.770        1123.958
        2836.945       25813.427         700.269
        8541.924       25378.845         891.551
       16583.584       25120.014        2000.643
       12410.698       24451.211        1349.271
       15295.420       24694.149        1906.582
       14257.316       25039.143        1822.388
       22974.686       25787.701        2874.970
       22357.303       24785.030        2797.350
       25700.213       24879.402        2854.791
       17793.779       25808.617        2015.061
       13903.685       25698.034        1608.786
       19486.356       25278.923        2295.826
       15660.992       25795.404        1716.369
        9835.367       25486.646         920.122
       39882.365       25855.138        2812.673
       20313.067       24962.126        2351.592
       18198.279       25152.248        2062.111
       25354.954       25486.477        2882.315
       23283.581       25121.232        2975.077
       34148.236       25364.391        3010.195
       20995.282       25754.932        2595.758
       23957.996       24865.708        2990.293
       21679.787       25127.331        2617.032
       30736.740       24809.640        2925.026
       34802.191       24913.461        3139.073
       14646.558       26043.361        1727.741
       28910.310       25165.668        2936.388
       41921.984       25183.781        2435.625
       24620.113       26173.472        2774.344
       36481.361       25056.770        2788.754
       45939.564       24598.164        2609.387
       31636.846       25850.713        2967.356
       21032.292       27065.564        2550.657
       16293.446       26175.809        1619.982
        4719.847       26228.798         705.442
       33154.978       25375.115        3046.201
       70559.940       25165.787         983.085
       39555.866       25287.807        2826.398
       67153.590       25144.968        1144.590
       40283.933       24914.967        2891.024
       42157.202       24576.035        2746.344
       42314.138       25912.766        2199.182
       45317.450       25193.349        2277.691
       30836.111       26188.845        2821.364
       48447.933       24982.574        2396.256
       50201.801       24933.329        2417.152
       49149.772       25267.189        2243.382
       43712.571       25051.605        2407.714
       55737.078       25771.237        2403.213
       45233.502       25869.325        2059.672
       43970.236       25847.116        2345.288
       47457.547       25274.269        2241.911
       35745.510       26502.920        2322.572
       18443.547       26222.184        1973.252
       53053.916       24773.029        2484.773
       52374.716       25221.577        2344.219
       50298.010       25824.482        2111.587
        8827.530       26814.268         866.532
       72481.076       25235.871         883.500
       57703.810       24703.137        2635.496
       54502.255       25010.103        2417.295
       61776.718       24881.196        2193.913
       64596.616       25036.910        1438.500
       54218.663       25803.475        2342.303
       33078.022       26867.051        2848.316
       59805.169       24870.522        2436.100
       58829.051       25049.903        2593.632
       59265.649       25715.896        2709.499
       60856.757       25312.417        2340.806
       57741.073       26098.028        2758.047
       65599.013       24688.202        1370.154
       69354.278       24956.577        1014.502
       62046.558       26257.414        2255.818
       66260.178       25142.581        1495.265
       63371.674       26124.651        1896.892
       52384.332       26641.461        2098.538
       11204.044       26177.925        1137.035
       71275.607       24891.366        1022.491
       73217.447       25031.012        1016.210
       68468.740       25792.563        1233.264
       75264.278       24830.740         905.134
       78682.024       24804.380         487.681
       72442.702       25921.897         894.785
       65333.175       26526.847        1734.330
       43251.639       26290.730        1995.914
       74459.190       25274.314         797.641
       76645.242       25059.975         661.735
       76520.084       25745.192         730.050
       79342.649       25799.374         467.363
       79342.649       25119.102         448.602
       15986.554       26710.712        1571.920
        3480.905       26226.963         797.902
        5335.567       25864.000         540.485
        1478.901       25791.163         624.284
         735.720       26212.167         612.087
        8896.700       26082.194         712.358
        9518.593       26120.291         771.812
        2337.166       27235.384         684.740
       12227.787       25779.301        1259.106
       12843.971       26153.171        1403.069
       23287.331       26861.940        2818.126
        9449.423       26852.365         908.846
       33761.144       26310.055        2793.510
       62776.864       25765.457        2176.498
       11059.005       26886.241        1374.838
        7067.764       26877.433         841.729
       16875.227       25851.266        1894.224
       19503.396       25926.556        2101.844
       24629.557       25528.003        2908.860
       14650.807       26706.157        1710.678
       28374.855       26209.470        2759.798
       29949.188       26293.034        2657.657
       10026.357       27209.971        1104.271
       22062.144       26028.780        2705.351
       23639.656       26177.646        2843.659
       29287.558       25919.777        2850.290
       26981.869       26897.678        2470.095
       21704.970       26659.948        2624.444
       11377.546       28003.574        1181.799
       27333.380       25802.417        2793.942
       26673.944       26250.675        2626.258
       33151.602       25963.507        2921.701
       34463.490       26036.740        2740.309
       28104.905       26834.992        2602.633
       13925.155       27076.480        1373.193
       32728.297       26196.069        2880.150
       37313.306       26155.119        2541.710
       36358.673       25825.619        2587.594
       40948.361       25864.023        2525.691
       41601.851       26218.218        2313.910
       33799.407       26967.340        2624.638
       26887.188       27578.799        2267.666
       39175.002       26177.004        2522.458
       47911.167       26233.075        1917.671
       36989.220       26867.491        2380.099
       47173.685       25966.029        2172.158
       48896.868       25825.930        2081.707
       41860.621       26938.543        2046.044
       28782.342       27322.742        2449.284
        3659.196       27892.993         942.883
       56260.752       27583.535        2476.989
       45864.513       26299.381        1836.232
       45828.199       26951.872        1665.871
       53116.367       25908.346        2158.834
       49340.432       26049.418        1998.469
       54748.700       26125.516        2323.673
       49371.549       26762.253        1930.779
       51034.214       26512.039        1871.555
       37689.951       27284.762        2204.795
       66844.485       26182.482        1534.513
       58791.639       26315.489        2809.713
       60583.198       25834.728        2501.321
       67426.418       25866.356        1293.623
       61177.199       26233.057        2493.613
       54124.124       27201.774        1865.668
        8102.163       27231.914         965.426
       32336.981       27298.880        2611.268
       64188.414       25826.498        1641.363
       65937.516       25877.535        1537.330
       63022.436       26836.754        2106.607
       70536.518       25838.237        1125.475
       75071.150       25879.986         868.362
       69607.218       26519.774        1270.831
       68860.353       26404.659        1556.305
       62164.458       27657.931        2436.290
       55242.636       27153.289        2210.308
       71213.811       26249.842        1002.352
       73176.049       26333.299        1012.729
       74426.022       26255.564         933.911
       74893.940       26782.911         846.809
       69223.676       27781.168        1574.770
       78937.490       26556.107         462.744
        9233.177       28574.585        1076.533
       17780.413       27275.810        1554.284
       12861.191       26868.821        1429.220
        3060.345       26811.605         803.535
        1399.683       26968.613         596.161
         663.963       27287.057         534.394
       14578.157       27831.392        1232.459
        5019.218       26935.517         790.445
        3982.039       27178.761         875.306
        5966.683       27312.465        1043.967
       22318.638       27793.713        2287.262
       16177.551       27894.465        1156.239
       45252.933       27633.965        1470.707
       37024.242       27890.822        2150.695
        5609.524       28015.266        1047.904
       18444.946       26907.679        1834.027
       20691.225       26484.717        2478.089
       16553.570       27167.866        1335.915
       11739.671       27371.585        1334.979
       19898.215       26567.486        2293.236
       29713.922       27070.477        2498.743
        2388.428       28406.342         741.221
       34469.518       27242.256        2371.288
       47632.291       26877.738        1795.308
       24928.250       26866.906        2626.797
       22265.187       27103.163        2533.290
       19815.755       27887.722        2350.190
       24304.997       28036.183        2304.267
       12856.794       28609.347        1138.798
       24280.958       27339.463        2486.313
       31186.521       26966.031        2675.905
       35113.052       26560.551        2687.801
       28645.620       27902.292        2422.086
        4339.215       28352.551        1019.534
       41138.198       27276.555        2438.368
       30599.359       27597.988        2632.072
       63827.903       27261.596        2117.871
       46858.494       27263.182        1594.341
       39764.802       26929.206        2489.746
       36002.353       27086.222        2099.566
       43522.523       27216.452        1802.424
       36042.535       27722.140        2019.943
       27788.618       28809.385        1974.110
        3684.755       29033.563         992.307
       17505.042       28578.456        1498.029
       39026.169       27401.299        2371.107
       50357.408       27162.312        1648.331
       46897.858       27841.602        1500.002
       54699.781       26801.883        2070.076
       60156.528       27486.414        2572.598
       37779.328       28310.939        1802.936
       33776.524       28279.998        2144.874
       35395.423       28123.996        1934.078
       48649.108       27183.428        1781.395
       69578.574       27150.329        1458.185
       53099.028       27255.273        1710.615
       54120.605       27858.767        1764.774
       60821.786       26950.504        2604.011
       57276.368       27447.005        2665.399
       54699.658       27946.718        2104.552
       45950.631       28226.168        1298.328
       26547.085       28830.844        2218.100
       62400.173       26852.087        2285.296
       64545.398       26617.225        2047.033
       59416.477       27344.759        2675.767
       16182.896       29280.745        1276.501
       67165.488       26820.555        1777.333
       68139.034       27116.526        1613.815
       64204.420       27910.468        2167.718
       66797.279       27470.879        1916.389
       60854.972       28758.396        2384.460
       71015.693       26938.945        1285.004
       72895.152       27006.753         970.254
       73933.112       27214.723         893.081
       70309.756       27157.894        1338.150
       71557.010       27982.552        1208.412
       70561.928       27847.424        1369.589
       65241.968       28228.852        2088.683
        6392.527       28912.504         918.416
       71963.687       27284.454        1017.176
       76896.551       26514.628         684.632
       75915.534       27176.769         722.697
       74736.308       28173.497         754.770
       77917.746       26945.888         577.229
       76422.478       28273.666         871.361
       13846.873       28861.994        1044.304
       79594.841       27287.344         376.756
       10759.096       28188.773        1035.981
        2665.745       27920.456         834.183
         663.963       27967.330         507.881
        1324.130       28379.852         565.404
       10088.573       27880.513        1149.205
       18084.706       28005.240        1696.859
        8125.180       28281.609        1077.054
       16824.731       28575.626        1449.952
       13891.624       28219.142        1114.243
       31949.918       28358.820        2379.015
       42088.066       28959.668        2130.729
        7425.782       28974.715         984.347
       15514.664       28228.599        1058.442
       19460.395       28535.447        2117.816
        4368.714       29268.098         985.336
       26242.484       27939.859        2310.278
       21344.161       28067.541        2372.682
       31043.641       28848.355        2142.474
       37421.657       28973.606        1647.490
       23597.157       28597.224        2225.014
       22868.247       28487.213        2184.802
       25045.941       28318.425        2241.236
       27873.502       28095.664        2092.890
        9619.186       29221.604         946.336
        9181.083       29992.434         769.489
       30013.683       27598.246        2347.267
       25592.906       27730.165        2417.101
       32723.406       27999.983        2385.838
       29678.931       28190.111        2114.927
       38856.697       28300.413        1995.313
       42139.127       28256.631        1991.128
       34462.966       27870.142        2165.799
       30976.331       28289.674        2325.002
       29648.716       28748.147        1991.956
       10472.762       29227.500         769.522
       39437.829       27996.832        2205.966
       41466.742       27980.754        2214.709
       52761.906       28928.610        1382.299
       33750.602       28900.799        1991.939
       48941.266       27943.428        1627.232
       40198.398       28610.045        2253.606
       35432.522       28824.146        1666.186
       44296.865       27884.988        1704.546
       40848.756       28634.030        2284.238
       50957.528       27897.789        1527.711
       48248.033       28333.572        1524.317
       53068.126       28243.683        1583.057
       44166.395       29154.039        1444.780
       34474.142       29191.094        1843.101
       30314.597       29808.814        1669.416
       52349.031       27861.327        1650.732
       47259.192       28271.638        1370.072
       46865.968       28978.310        1199.422
       22146.151       29054.537        2016.595
       11675.326       29773.950         954.764
       56764.517       28355.904        2464.888
       50263.827       28257.730        1411.947
       59059.047       28313.555        2429.058
       55048.809       28356.217        2207.314
       50589.138       28975.724        1355.987
       73970.225       27980.924         913.638
       56036.970       28043.733        2313.484
       57019.539       28915.822        2327.065
       45205.889       29358.393        1275.545
       61455.431       27780.705        2535.255
       65653.229       27489.601        1970.381
       60143.607       28614.534        2488.666
       40006.004       29227.088        2051.637
       32764.794       29179.465        2068.599
       63863.531       28480.475        2196.855
       68531.001       27862.480        1658.423
       66203.261       27721.878        1934.099
       67877.525       28596.965        1712.884
       66128.048       28732.380        1873.406
       67117.348       28501.334        1838.572
       70148.323       28965.812        1294.417
       58049.420       29117.162        2269.179
       32703.687       29859.699        2015.590
       69844.658       28276.277        1488.170
       72200.635       28466.543        1372.290
       73279.414       28467.500         999.676
       69528.474       29291.614        1294.705
       41532.660       29314.077        2201.701
       79262.517       27908.184         399.078
       75720.790       27801.153         650.185
       77638.418       28080.543         606.694
       76110.703       29232.512         891.262
       78325.838       28311.601         675.073
       79667.676       28171.861         374.621
       79667.676       28852.133         393.567
        2727.418       29059.892         861.610
         660.166       28983.950         591.008
         272.025       30188.947         321.484
        5700.367       28567.717        1035.361
       10757.276       28888.740         820.963
        6375.921       29914.917         755.738
       12117.239       28645.927        1037.678
       15481.176       29067.551        1069.324
       10419.875       30527.115         740.541
       25981.740       29279.030        2018.406
       11691.273       29178.076         967.314
       14499.919       29313.197        1005.417
       18741.263       28582.511        1926.334
       18122.891       29813.867        2040.514
       10693.796       29847.186         706.504
        7409.176       29977.129         899.638
       21219.052       28758.184        2215.929
       18161.599       29155.728        1888.257
       25130.174       28976.304        2134.272
       20137.563       29120.974        2173.010
       32017.228       28917.501        2231.384
       21745.367       29873.733        1796.532
       24755.404       29543.473        1974.759
       23963.331       29446.634        1829.279
       20161.535       29749.018        2013.259
       64817.291       29165.119        1969.601
       28530.521       29174.049        1829.624
       30401.385       29071.250        1922.258
       39307.892       28900.383        1943.865
       36081.732       29217.173        1558.551
       38956.853       29682.952        1886.522
       62959.057       29516.360        2242.488
       22422.034       30292.877        1617.231
       43894.443       28698.616        1608.259
       45967.119       28964.569        1236.504
       35811.742       29927.429        1340.595
       19632.910       30527.274        1973.114
       17081.010       30260.270        1621.520
       24344.540       30848.989        1680.931
       36668.668       29348.371        1419.645
       48315.312       29027.952        1390.955
       43070.062       28643.968        1740.318
       53434.995       29338.165        1640.577
       39946.098       30036.257        1854.640
       41501.917       30067.546        2123.526
       12099.250       30889.496        1087.924
       55094.030       29020.609        1947.265
       52069.936       29494.167        1283.364
       45126.065       30050.884        1283.669
       47265.844       29391.798        1180.244
       49960.969       29619.964        1367.656
       42198.145       30378.526        1992.582
       47004.840       29933.238        1064.003
       56337.213       29268.042        2170.831
       65489.506       28834.873        2147.092
       53388.480       30015.751        1422.391
       15167.713       30428.906        1224.743
        5680.508       30175.568         690.201
       54365.489       29405.582        1784.299
       59491.385       29789.648        2112.168
       62910.859       28526.708        2298.083
       58396.162       29762.784        2113.235
       72145.451       29048.638        1290.351
       73224.230       29049.596        1093.310
       59082.505       30107.545        1861.985
       66439.542       29118.594        1701.062
       60408.093       30243.833        1975.317
       78036.054       28932.579         756.953
       68249.611       29320.603        1507.944
       56332.225       30258.607        2067.649
       40531.337       30421.861        1986.942
       15170.747       31101.214        1470.613
        2006.483       30591.874         631.091
       74627.448       28971.753         968.472
       71396.030       29262.577        1228.771
       71481.766       29814.785        1274.420
       73886.357       29686.280        1051.184
       68306.170       30309.421        1218.043
       77036.859       29660.366         870.177
       78972.733       29209.435         591.390
       79305.057       29949.139         615.497
       34098.698       30241.690        1935.571
       16153.732       29994.044        1429.749
        3576.954       30587.664         688.733
         932.191       29581.060         540.926
        1935.144       29630.511         778.030
        4365.461       29873.535         795.157
       32406.284       30503.991        2115.129
       30988.637       30539.678        1870.072
        2694.209       30969.919         646.309
        8104.014       30339.298         724.117
        4286.304       31153.179         626.109
       14215.619       29961.253        1104.239
       12416.426       30154.381        1062.946
       20909.985       30879.730        1636.905
       13519.621       30250.199        1126.058
       27082.239       31057.374        1466.370
       37839.793       30464.505        1351.178
       13915.506       30927.886        1277.852
       26300.875       29968.967        1778.113
       38147.986       29745.649        1530.957
       27977.106       29906.454        1669.645
       20842.241       30205.424        1779.170
       18851.098       30604.434        2026.507
        6416.819       31154.314         716.074
       25687.417       30356.693        1840.647
       26985.240       30295.135        1562.593
       20339.762       31183.947        1903.421
       34883.345       29851.751        1591.545
       37190.071       30596.858        1242.976
       29657.838       30581.755        1561.148
       43888.504       30339.521        1544.739
       42816.575       29824.154        1885.892
       47408.109       30220.916        1177.104
       39251.309       30413.734        1764.926
       36939.529       31528.239         943.670
       22985.000       31544.223        1273.825
       34377.900       30972.935        1750.275
       22234.927       31503.770        1412.917
        8427.587       31196.470         743.761
       36246.335       31139.960        1133.439
       70253.848       30106.541        1081.471
       46996.684       30901.211         976.678
       43597.418       31084.458        1633.757
       39252.256       31042.893        1421.136
       14614.537       31311.248        1430.603
       45245.799       31357.258        1208.038
       52769.900       30222.692        1271.997
       45910.511       30315.914        1150.213
       54318.975       30083.168        1685.905
       41929.238       30942.428        1888.171
       49058.081       29588.188        1302.036
       51309.964       29563.695        1221.576
       56893.208       29876.341        2177.682
       48411.882       30239.711        1187.489
       50681.795       30207.935        1086.043
       52443.387       30963.220        1073.017
       55074.565       30354.250        1920.932
       58010.553       30889.258        1999.579
       44205.032       31402.237        1349.821
       61154.674       29688.028        2171.363
       57922.276       30169.742        2253.315
       62184.397       29920.136        2179.118
       63992.084       30172.562        2148.922
       56687.466       30836.583        2134.178
       64897.646       29867.554        1779.075
       66569.100       29912.588        1596.817
       60753.870       30866.572        1779.706
       67618.992       30018.966        1280.913
       69548.264       29880.136        1145.066
       64257.197       30934.477        1880.360
       56014.654       31245.064        2068.188
       59317.979       30836.718        1726.526
       31777.662       31921.049        1886.649
       18556.000       31678.194        2018.757
       65918.124       30323.818        1692.720
       73191.218       29616.227        1042.657
       75300.154       29558.254         926.114
       70014.305       30910.035         930.742
       72198.175       30167.477         945.788
       65464.995       31292.314        1613.901
       71872.403       30922.211         845.521
       45609.206       31912.973        1065.289
       74205.681       30318.378        1010.274
       75236.352       30342.758         830.038
       77246.091       30265.415         868.171
       76888.748       30983.590         753.626
       78858.979       30968.520         473.447
       78577.610       30277.332         667.240
       15758.451       32309.587        1704.274
       28100.548       31442.020        1268.472
        4299.533       31811.459         725.506
         272.025       30869.219         389.578
        1003.530       31222.695         438.967
        5644.554       30869.644         673.396
        7709.017       30952.223         672.148
        9760.739       30678.258         728.036
       17022.143       31272.957        1819.002
       13591.309       31595.706        1419.239
        8440.925       31728.346         861.698
        9402.239       31269.369         692.639
        9415.578       31801.245         792.087
        6150.091       31789.219         822.473
       11084.230       31188.994         887.259
        7778.016       32168.914        1033.108
       21815.060       30964.327        1454.909
       28754.730       30628.377        1459.827
       14836.952       31983.280        1520.963
        3556.809       32235.184         694.458
       24689.658       31314.860        1643.836
       37250.343       31983.156         927.074
       23611.805       30812.828        1406.333
       25654.014       31004.955        1706.014
       31800.829       30859.972        2063.963
       30331.879       31312.618        1701.177
       26364.470       31379.468        1670.377
       17768.927       31900.315        2034.254
       20385.141       31993.126        1600.647
       49942.273       31755.808        1034.823
       35053.238       31358.497        1473.523
       33425.202       31982.440        1977.986
       33392.106       31273.919        2004.155
       38657.997       31342.786        1316.353
       37960.120       31119.020        1261.669
       40222.909       31037.777        1665.633
       30711.687       32011.015        1758.442
       42911.523       31636.896        1850.012
       57336.726       31173.833        2101.780
       36006.581       32046.221        1227.956
       23328.609       32972.903        1215.668
       45959.589       30983.918        1132.297
       40924.583       31247.364        1881.642
       55021.305       30985.869        2036.638
       36787.371       32317.211        1069.254
       40590.617       31954.719        1628.740
       25361.407       32366.797        1471.201
       48970.457       31224.586        1233.485
       51402.723       31445.965         949.239
       54265.249       31377.125        1690.878
       57481.320       31862.232        1877.081
       43225.303       32408.846        1765.695
       53061.501       31418.617        1504.599
       60072.635       31141.560        1577.596
       61784.063       31200.428        1882.841
       62468.009       30809.796        2031.104
       58719.913       31211.472        1920.935
       55989.475       31975.264        2064.227
       66220.360       30986.663        1539.673
       68009.723       30878.238        1218.630
       60103.400       31858.529        1467.951
       56806.881       32255.182        1961.173
       67229.498       31230.675        1300.243
       63507.783       31167.936        2051.045
       63683.501       31992.119        2014.493
       58454.991       31829.609        1650.353
       46278.554       32581.677         902.970
       73667.746       30949.904         823.351
       75312.571       30993.854         667.076
       69238.934       31951.033        1068.483
       67521.534       31926.432        1453.098
       38424.245       33030.441        1047.134
       14204.369       32255.862        1527.944
       32261.722       33008.856        1859.216
       69012.274       31252.447        1100.972
       71256.771       31479.595         757.284
       72584.508       31309.657         807.839
       74358.927       31346.048         731.783
       74430.528       31969.518         645.621
       71022.996       32563.552         760.346
       68528.419       32272.582        1310.140
       75945.187       31355.379         628.849
       77806.693       31363.724         615.552
       79586.426       31320.599         343.126
       16144.240       32927.402        1940.883
        6811.450       32210.551        1097.143
        6504.128       32978.533        1074.239
        2660.835       31959.160         471.983
         731.505       31986.129         460.595
        1701.084       32344.549         544.936
       11069.925       31976.484         946.085
        5391.055       32162.830         928.982
       10028.338       32254.738        1003.140
       12496.017       32656.325        1216.572
        5283.092       32889.715        1040.175
       12878.248       31653.135        1253.907
       16097.899       31679.039        1592.303
       10001.458       32994.015        1094.252
        8040.923       32923.018        1242.675
       29173.022       32755.931        1138.013
       38232.086       32317.770        1092.022
       39897.168       32344.688        1537.632
       17862.746       32943.816        2042.288
       24438.955       31917.895        1486.075
       21375.230       32228.352        1473.280
       19623.378       33070.567        1730.272
        5734.805       33284.086        1028.845
        3587.245       33390.787         863.138
       19383.192       32410.213        1862.185
       26322.566       32138.275        1361.515
       23467.032       32183.419        1308.804
       34733.276       31979.491        1607.068
       30111.086       32419.512        1315.856
       25337.212       33014.140        1310.177
        5674.797       33948.158         940.717
       28445.401       32430.214        1209.426
       34091.034       32302.451        1812.656
       32416.213       32273.590        1979.266
       46963.667       32660.727         966.627
       35477.088       32986.550        1588.961
       38957.354       31968.940        1192.319
       35372.685       32313.887        1459.298
       26996.325       33449.044        1085.555
       42267.441       31515.234        1944.412
       41513.112       32283.970        1853.869
       54174.955       32097.428        1839.501
       52123.105       33115.645        1131.416
       39843.063       33065.537        1241.004
       22294.749       33318.353        1110.916
        8652.370       34120.860        1379.091
       43915.077       32092.438        1578.809
       44983.030       32400.970        1295.161
       43190.827       33053.349        1771.260
        9001.548       33294.923        1295.284
       47327.536       31673.286        1089.163
       52706.651       32111.677        1530.456
       48297.535       31977.866        1305.717
       51007.565       32847.181         947.316
       59083.822       32171.824        1569.202
       54905.832       32436.372        1964.825
       42757.885       33393.172        1822.750
       46009.406       33958.462         855.397
       52127.628       32426.736        1089.845
       53235.257       32477.650        1611.161
       41241.335       34101.938        1773.662
       58497.405       33000.512        1498.948
       70671.929       32150.482         781.567
       77823.453       32131.656         596.608
       61754.188       31961.668        1654.838
       65753.437       31985.676        1942.681
       60376.725       33121.784        1320.830
       52690.125       33436.868        1316.517
       60754.760       32344.782        1430.452
       62613.853       32395.220        2029.533
       15149.047       33352.560        1907.793
       79586.426       32000.871         323.914
       64721.357       32452.022        1984.442
       66800.838       32375.782        1640.139
       72542.714       32043.431         753.473
       75663.406       32024.445         525.609
       70182.934       32863.243        1015.933
       73697.552       32307.148         862.225
       76958.370       32848.290         796.452
       76055.757       32749.451         904.234
       63960.486       34257.164        1791.763
       67574.745       33481.432        1592.242
       49605.348       33286.666        1054.526
       15162.288       34103.619        2017.298
       29195.419       34061.923        1398.069
       78875.739       32416.724         459.508
       55023.047       33423.047        1807.132
        7102.277       33342.274        1218.043
        4201.398       32942.017         927.978
         969.578       33011.480         635.774
        2718.304       33684.016         676.433
       11702.714       32680.176        1049.074
       14130.675       33007.327        1796.491
       21432.325       32957.835        1244.956
       10977.575       33421.881        1329.501
       35249.705       33892.681        1596.609
       13497.657       33653.858        1652.989
         735.399       34288.142         498.574
       27385.188       32804.375        1187.833
       20682.422       33382.962        1471.844
       18890.006       33382.049        1943.852
       12792.821       33665.941        1398.548
       22277.243       34135.765        1119.034
       17248.274       33288.027        2074.424
        9451.881       34452.394        1333.342
       29546.662       33440.486        1352.667
       26004.660       34054.964         989.232
       24276.338       33354.722        1180.909
       25909.508       33430.287        1127.760
       16161.449       34390.074        1980.835
        3164.972       34317.103         737.321
        5011.851       34255.929         883.849
       30484.727       33104.067        1466.653
       34183.013       32868.415        1850.759
       42799.273       34715.180        1608.156
       48085.311       33702.036        1110.512
       33784.842       33597.859        1934.539
       31349.214       33383.335        1644.797
       27091.477       34073.721        1032.342
       34929.658       33218.117        1731.829
       39095.408       33402.460        1125.046
       36802.341       33026.545        1151.101
       41227.178       32938.432        1712.327
       32961.766       33680.207        1921.245
       36125.954       33428.217        1333.269
       37068.428       34204.625        1126.021
       35895.818       34001.440        1414.130
       25403.627       34418.236         895.129
       37457.472       33405.160        1063.058
       40250.578       33330.031        1430.904
       41862.343       33281.468        1887.745
       45064.453       33401.868        1164.688
       48657.440       32970.572        1204.232
       40301.737       34015.951        1576.601
        3439.327       34980.110         755.816
       45381.476       33965.344        1028.087
       45999.062       33165.087        1024.370
       50217.259       32825.183         896.774
       53223.254       33113.932        1529.673
       54281.640       33103.184        1780.551
       64375.576       33076.675        1976.091
       63056.700       33408.784        1791.981
       52775.177       34124.101        1657.787
       47361.538       33696.771         955.766
       43926.629       33959.331        1407.154
       51424.807       33407.675        1050.611
       57194.135       33051.247        1753.535
       62332.833       33187.232        1607.782
       54589.328       34146.643        1788.856
       44692.718       34321.322        1350.529
       27856.718       34376.204         979.950
       56784.349       33723.252        1637.934
       59436.221       33654.926        1184.277
       31706.346       34398.750        1668.559
       61095.133       33530.683        1463.376
       66866.230       33184.065        1805.405
       68516.238       33019.298        1466.472
       64712.999       33610.077        1971.633
       58440.043       34628.611        1231.354
       60408.558       34400.740        1168.217
       74020.819       33055.685         994.408
       69203.561       33302.556        1205.771
       69327.663       34029.717        1347.577
       70659.483       33061.776        1075.774
        6946.766       35038.537        1054.859
       73269.861       33730.602        1067.365
       79289.313       33068.914         601.001
       75146.145       33443.061        1008.318
       77272.459       33397.212         897.760
       78551.116       33332.768         657.460
       76310.439       34429.456         899.524
       36097.989       35102.007        1141.304
       56010.845       34738.249        1465.652
       14057.510       34409.129        1871.446
        4033.913       34023.875         854.819
        1704.977       33626.153         590.008
        7397.276       34076.665        1188.535
       10777.176       34054.323        1373.661
        6739.119       34376.996        1149.558
       56054.860       33708.159        1686.552
       12895.998       34957.344        1722.099
       13785.382       35113.473        1918.328
        5075.397       34985.261         957.471
       17252.242       33999.640        2141.516
       11555.995       34270.634        1557.053
       19223.124       34123.817        1873.207
       12463.291       34265.084        1565.654
       20135.457       34362.190        1718.022
       32666.342       34673.682        1615.265
       11275.378       34935.465        1719.449
       20861.383       33932.819        1611.080
       18199.832       34397.197        1917.074
       17893.271       35104.413        1862.441
       24247.601       34134.141        1085.027
       21593.780       34325.104        1322.130
       21537.286       35043.774        1501.537
        8553.483       35806.925        1153.135
       10280.164       35388.187        1572.040
       23282.366       34569.735         963.575
       38847.909       34150.972        1007.591
       34550.548       34192.390        1572.844
       58773.026       33653.723        1342.030
       27808.292       35147.787        1125.972
       59414.673       34302.334        1080.076
       29075.279       35450.832        1452.649
       43158.435       34077.739        1702.025
       36183.161       34399.233        1274.017
       19854.979       35521.432        1755.030
       12253.110       35318.678        1831.164
       38220.055       34828.899         856.101
       39646.723       34499.970        1302.789
       31096.788       35055.333        1682.585
        2659.514       35407.552         765.850
       49260.720       34015.418         956.806
       51058.751       34105.818        1069.510
       44701.516       35107.625        1417.685
       46993.216       34645.803         771.285
       48345.067       34398.221        1029.957
       48022.421       35525.670         773.807
       46029.780       35685.408         986.665
       49940.873       34427.760         932.000
       52051.225       34744.035        1402.024
       37971.428       35993.633         889.181
       38381.961       35406.358         966.958
       24691.432       35777.119         655.063
       53668.416       34486.770        1737.045
       61148.514       34162.230        1264.334
       63066.779       34051.224        1704.041
       66927.914       34801.826        1826.349
       59044.698       34852.337        1038.316
       70351.903       34281.607        1230.603
       57754.636       34647.406        1394.064
       60777.305       35036.539        1077.804
       76908.914       33954.167         910.144
       62396.292       34461.220        1488.163
       63479.952       35494.892        1427.077
       65749.721       33730.652        1969.353
       67567.897       34158.878        1707.784
       65818.253       34670.967        1892.147
       57444.807       35515.532        1218.031
       68976.563       34635.824        1428.731
       75422.774       34205.326        1119.078
       71437.507       33562.786        1130.324
       71870.487       34947.745        1100.272
       68275.140       35306.805        1656.439
       70915.223       34971.881        1253.971
       36698.067       36733.114         978.737
       75054.230       34796.666        1058.673
       78950.410       33938.145         502.212
       77876.179       34230.681         779.144
       78266.385       34919.007         878.747
       79688.607       34354.563         339.968
       79340.616       34966.607         432.355
        4310.822       36438.701         896.254
        6335.675       36238.314        1148.039
        5945.989       35339.033        1054.836
        9235.485       35121.428        1320.594
        1371.833       35026.818         593.443
         636.434       35432.554         569.937
        4371.814       35416.214         887.488
       16482.404       35387.617        1614.012
       33422.254       36185.761        1346.997
       14426.883       35488.723        1932.710
       15698.172       35070.834        1832.364
       20492.242       35046.041        1744.025
        4613.468       36044.584        1007.705
       23313.415       35252.323        1042.987
       25444.793       35175.415         755.386
       12579.992       36063.198        1814.312
       22538.540       35831.881        1262.713
       26004.658       35527.622         797.403
       15873.774       36111.316        1404.368
       18537.385       36183.241        1351.089
        5999.839       36926.371        1050.458
        7826.527       36050.467        1055.022
       18563.671       35561.397        1540.463
       29801.818       34739.249        1517.398
       39939.587       35137.874        1459.875
       21896.441       35767.509        1459.168
        7829.954       36975.102         882.229
       33387.617       35427.855        1471.800
       35410.613       35443.908        1225.124
       25892.596       36206.592         783.452
       17962.751       36533.806        1245.710
       27001.883       35560.783        1006.646
       34448.747       35028.910        1414.621
       37440.245       34840.966        1042.448
       36798.625       35505.452         934.620
       48691.712       35886.296         814.805
       31321.907       36055.705        1768.410
        8846.041       36406.814        1227.285
       54004.020       35447.279        1715.523
       39610.468       36046.723        1256.191
       41777.715       34851.082        1718.385
       46286.192       34661.231         781.464
       49694.512       35171.188         938.411
       39302.679       35366.335        1148.501
       41130.982       35402.999        1579.954
       41455.740       35986.943        1552.321
       60041.130       35670.105         954.514
       43945.358       35736.015        1264.347
       28279.350       36551.257        1461.994
       51348.602       34720.312        1169.349
       50672.515       35405.591        1145.540
       47394.344       35778.516         747.256
       42442.965       36382.482        1495.878
       54933.339       35779.389        1505.603
       55288.194       34879.396        1858.463
       52407.966       35790.269        1630.612
       69536.772       35254.121        1240.065
       64041.292       34904.419        1546.765
       62728.659       35257.633        1362.846
       56446.468       36649.099        1133.845
       68260.580       34693.121        1539.209
       64862.337       35197.648        1729.334
       64968.532       36021.048        1478.789
       67316.110       35366.293        1753.854
       73630.074       34695.159        1095.215
       77603.828       35677.525         761.820
       69139.369       35893.435        1421.953
       70722.188       36058.943        1157.217
       68593.720       35888.822        1551.361
       58712.603       36567.873        1122.229
       39209.230       37464.568         989.037
       16669.763       36514.491        1300.826
       70451.192       35338.288        1163.511
       72813.957       35315.931         985.056
       74347.131       35039.285         878.888
       74589.811       35931.211         713.014
       76615.147       35464.488         803.442
       79652.009       35305.922         412.107
       73889.571       36354.358         757.164
       67267.634       36249.556        1752.098
       29865.700       37105.434        1753.397
       14527.041       36382.925        1526.468
       11820.256       36348.136        1663.594
       10226.852       36693.936        1433.697
        2576.128       36218.492         950.348
         636.434       36112.826         561.854
        1288.446       36518.031         572.367
        3304.933       36584.573         730.119
        5612.626       35988.720        1155.642
        7346.436       35708.854        1071.187
       10498.158       36056.338        1581.951
       13864.382       36077.114        1694.851
       20460.177       36111.396        1710.586
       23951.518       35811.471         926.964
       12166.507       36979.520        1613.663
        8400.240       37024.902         968.445
       19764.458       36443.940        1630.681
       21456.594       36359.739        1570.058
       25665.233       36771.208         745.723
        2577.618       37377.674         615.928
       45384.037       36735.615        1245.589
       16342.587       37213.467        1125.611
         637.337       37341.357         486.819
       27246.860       36281.068        1244.158
       29301.359       36134.016        1612.720
       23518.309       36780.930         983.948
       20077.355       36991.653        1383.591
       25023.934       36693.943         632.458
       21474.926       37053.332        1580.056
       35361.364       36272.894        1057.173
       30253.017       36422.806        1771.162
       27927.791       37548.925        1213.638
       26522.636       36562.737         969.657
       17325.002       37560.151        1008.707
       37167.902       36080.660         842.183
       38626.672       36411.472         993.851
       46683.077       37093.909         861.135
       32388.255       36471.216        1605.797
       32078.687       37188.080        1633.082
       20918.061       38005.718        1440.203
        3009.318       38064.920         707.115
       18247.768       37153.754        1181.625
       34764.268       36925.956        1012.746
       43139.765       35662.637        1366.418
       40572.134       36402.205        1379.022
       38583.927       37147.374         861.956
       45403.676       35799.530        1087.855
       50885.354       35983.401        1422.936
       46730.384       36373.765         828.205
       57847.792       36513.320        1166.376
       49145.516       36525.891        1002.286
       52311.171       37045.146        1511.454
       35728.719       37783.072         916.705
       19138.068       38104.558        1017.674
       50361.154       36388.593        1189.129
       55671.954       36665.872        1352.090
       53467.522       36130.845        1654.726
       51918.181       36344.356        1527.766
       50317.353       37004.231        1339.599
        3723.733       38508.227         888.746
       13236.272       37432.315        1526.813
       56430.505       35621.469        1258.932
       59302.409       35584.309         969.805
       61849.628       35594.442        1189.715
       68202.174       36560.166        1664.422
       72830.774       36083.204         819.679
       61235.679       36761.299        1095.430
       60477.876       36697.029         901.578
       63784.488       36965.177        1232.324
       55272.417       37333.803        1489.353
       76042.179       35827.736         822.060
       69783.278       36344.874        1379.046
       70199.237       37096.234        1457.408
       71826.019       36498.026         957.041
       59777.326       37358.384         966.969
       53330.737       37491.100        1537.095
       79364.632       36013.933         382.024
       75659.633       36389.061         727.209
       75953.725       37149.199         759.589
       22167.568       37437.426        1552.808
       78390.682       36433.137         565.771
       79712.623       36422.297         293.704
        4604.512       37463.082         764.107
        4974.144       37070.894         802.564
        3305.521       37195.495         639.324
        1289.349       37066.290         496.531
        9521.144       36714.698        1318.520
       14266.004       37134.172        1326.003
        9075.343       37332.785        1196.034
        7014.028       37321.546         873.196
        4591.024       38088.568         875.245
       30009.302       38103.089        1384.733
       11168.553       37285.533        1571.496
       20791.405       37352.701        1537.444
       24652.215       37583.629         713.493
       33871.029       38074.942        1427.020
       12842.855       38150.650        1424.557
        8865.379       38093.669        1188.201
        6701.055       38083.802         935.680
       15285.561       37561.539        1149.171
       22791.335       36808.204        1191.020
       19135.298       37350.901        1194.976
       26936.059       37242.221        1078.410
       28546.857       37139.630        1422.928
       26644.758       37808.583         888.028
       44355.181       38012.212        1069.890
       23638.499       38341.853         912.439
       20206.781       38398.326        1446.908
       30625.022       37455.197        1698.190
       32882.699       37456.613        1498.403
       13516.495       38523.120        1295.005
        4981.560       38725.892         944.601
       34129.936       36909.756        1143.687
       36011.261       36833.927        1004.848
       33899.948       37463.743        1276.219
       53997.303       37130.886        1550.095
       40962.381       37141.547        1348.802
       37820.748       37689.469         752.321
       37047.121       37626.616         860.210
       32853.780       38067.811        1579.073
       40216.403       37448.580        1220.470
       42942.108       37353.048        1230.241
       39121.007       38108.596         976.792
       42215.079       37079.225        1325.061
       43975.587       36729.684        1130.092
       40546.298       38135.928        1383.758
       49101.715       37141.529        1192.683
       44712.107       37037.378        1204.509
       51582.652       37711.816        1506.970
       45962.834       37341.637        1074.929
       45956.479       38048.335        1036.111
       38795.411       38848.691         906.579
       36370.668       38317.465         825.210
       24954.922       38586.624         654.280
       48723.116       37751.448         904.513
       58114.384       37978.534        1068.115
       61480.655       37401.312        1032.458
       49703.135       38435.915        1190.492
        7501.307       38501.655         973.515
       62752.761       36937.570        1128.223
       57182.400       37199.245        1064.889
       65502.535       36840.324        1456.717
       58750.775       37315.024        1087.062
       57410.820       37917.307        1001.318
       66457.524       37031.045        1664.932
       69891.637       37686.534        1523.860
       61183.627       38102.632         785.755
       62352.701       37432.957        1045.623
       64453.360       37735.629        1109.067
       54939.300       38749.595        1383.522
       45020.756       38417.147        1036.636
       10252.805       39864.712        1625.762
       65116.365       37798.981        1231.857
       78012.188       37181.555         561.811
       71977.951       37201.259        1151.121
       73985.815       37049.176         856.030
       67323.780       38304.739        1545.863
       79712.623       37102.569         268.676
       71290.079       37513.536        1219.687
       56661.340       38311.283        1067.862
       73078.950       37481.254         954.499
       74980.148       37386.167         870.359
       74945.893       38170.957         977.713
       69279.674       38003.693        1368.581
        2125.976       38424.212         779.633
       77214.988       37778.189         891.128
       79369.896       37714.686         406.242
       78643.411       37714.604         605.662
         404.927       38425.779         488.590
       15625.152       38289.509        1078.073
        1042.263       38012.034         530.242
        9614.509       38508.963        1398.865
       28615.819       38396.955        1192.038
        1870.727       39119.518         695.461
       11548.196       38023.086        1501.840
        5707.770       38718.139         919.678
       16960.198       38204.270         999.609
       14898.839       38534.410        1017.298
        2517.382       39540.311         723.089
       10909.824       38464.871        1523.606
       15269.960       39065.087         884.792
       42681.858       38053.576        1101.613
       27009.555       38445.059         798.476
       21943.249       38096.250        1339.219
       22359.888       39007.597        1296.645
        6832.427       39426.311        1287.229
       11222.259       39197.785        1674.555
        5833.657       39430.862        1032.419
       17653.721       38551.522         962.292
       18609.887       38596.525         917.636
       23886.505       37636.265         806.697
       22690.627       38375.828        1132.957
       25665.379       38619.445         621.137
       35144.469       37850.112         927.976
       26003.971       37693.716         733.105
       27935.548       38144.084        1174.039
       41631.764       38550.052        1315.151
       24555.251       39364.135         814.424
       46540.283       39229.995         704.994
       24004.539       39066.729         884.322
       32414.674       38847.215        1693.273
       19633.669       39637.896        1121.471
       26229.528       40119.800         881.853
       34730.357       38783.703        1156.598
       40254.171       39206.990        1176.199
       47212.081       37871.451         742.812
       47962.669       38147.976         764.930
       38120.455       38746.759         719.860
       23193.899       40227.889        1007.622
       16302.174       39451.686         802.862
       39802.354       38498.475        1180.398
       55622.130       38050.169        1229.104
       43358.412       38405.045         997.988
       46548.184       38469.613         970.617
       42969.855       39160.221         948.835
       59854.630       38046.705         994.515
       65691.775       38450.750        1454.411
       44673.878       39136.985         895.570
       50609.649       37755.599        1459.663
       53535.359       38132.134        1371.894
       49354.690       39132.739        1007.108
       36247.503       40112.965         942.796
       76588.366       37833.648         882.355
       52929.108       38738.507        1247.894
       62691.257       38157.059         952.021
       63760.188       38432.123        1015.128
       58731.820       38382.244        1037.387
       51363.735       39563.851        1388.139
       60153.291       39194.811         886.197
       60538.995       38436.616         876.599
       56632.133       39025.711        1031.863
       53332.746       39803.678        1119.938
       47588.979       39807.277         655.940
       19614.208       40286.158        1208.972
        8505.948       39802.705        1290.129
       62136.085       38799.164         889.707
       66645.428       38103.947        1594.736
       68140.066       38275.705        1377.270
       65478.033       39073.759        1387.755
       68551.820       37633.299        1485.523
       71616.896       38201.104        1466.314
       68525.486       39095.623        1274.814
       73431.414       38078.998        1065.479
       71198.855       38839.612        1486.236
       70564.438       38742.342        1448.623
       69298.039       39124.856        1156.069
       61195.685       39788.389         624.138
       72657.232       38486.572        1272.595
       74304.024       38431.709         970.193
       74264.627       39219.925        1191.900
       50018.247       39618.124        1379.172
       76279.586       38783.131         872.557
       78231.221       38709.353         694.951
       79657.273       39047.490         470.139
       77489.371       38721.609         787.705
       79657.273       38367.218         428.640
       41996.379       39459.867        1149.393
        5511.457       40025.564        1052.019
       18982.127       39354.870         963.433
         382.088       39397.207         334.888
         787.014       39047.476         393.526
        3487.046       39288.313         806.051
        4082.137       39484.707         927.876
        2437.657       40137.553         708.214
        7506.793       39131.441        1122.643
        9249.592       39588.213        1450.813
       14490.073       39671.464        1062.924
       27536.953       39461.375        1000.827
       13096.697       39119.023        1508.820
       17347.429       39262.051         931.710
       12117.935       39485.681        1601.841
        7074.752       40048.773        1316.511
       37476.685       39363.479         641.436
       11457.804       40419.276        1516.418
       20330.142       39173.320        1513.177
       23291.914       39463.550        1106.865
        3811.332       40472.504        1067.874
       18362.492       39639.109         964.288
       12044.443       40087.370        1616.755
       26244.986       39309.364         841.383
       21320.760       39403.645        1482.855
       30361.553       38844.655        1613.711
       34056.753       38788.666        1250.369
       16872.592       40502.421         614.966
       26948.375       39020.111         848.059
       28278.404       39139.194        1394.854
       36500.525       38997.039         689.814
       33322.012       39493.983        1469.311
       27841.517       40237.673        1160.739
       29257.590       39550.988        1466.912
       31034.085       40310.029        1573.665
       28866.788       40308.749        1356.676
        6081.980       41084.869        1458.605
       31342.178       39244.699        1769.121
       35017.208       39384.668         983.453
       35841.225       39357.563         833.694
       41334.842       39201.168        1226.821
       48246.134       39117.279         750.232
       40180.629       39801.277        1095.341
       37818.568       40076.622         662.803
       34636.156       40147.582        1259.710
       57369.043       39384.131         902.015
       51995.967       38764.143        1416.532
       55658.541       39376.079        1233.954
       41985.241       40171.173        1219.274
       39070.143       40444.068         786.481
       32736.584       40804.197        1592.574
       43619.747       39487.225         897.569
       45601.699       39528.554         792.658
       39403.216       39832.857         931.479
       25628.912       40760.498         751.548
       54231.266       38823.577        1296.514
       54004.614       39808.787        1190.910
       49370.108       40155.410        1033.538
       15167.753       40406.063        1001.286
       58402.708       39043.571         976.563
       61500.501       38776.381         760.189
       64209.452       39118.486        1245.702
       62458.142       39541.455         771.102
       75610.691       38883.472         940.985
       55749.015       40020.729        1250.384
       58863.815       40106.128         814.362
       57999.869       40457.538         862.511
       59139.814       39466.227         947.829
       67015.769       39047.175        1444.649
       72622.080       39141.100        1432.534
       62169.005       40138.055         717.994
       51232.035       40825.068        1376.031
       63902.214       39845.026        1355.517
       66123.676       39469.392        1466.512
       67573.910       40236.599        1090.180
       65519.595       40087.314        1421.856
       41250.161       40506.760        1199.447
       67780.770       39406.045        1254.904
       69901.190       39447.406        1447.070
       71572.933       39495.342        1499.076
       71194.293       40134.667        1516.438
       73042.322       40193.974        1494.818
       45253.907       41426.838         552.303
        2042.836       40703.973         651.035
       73356.865       39521.741        1396.619
       75349.348       39838.107         933.234
       76933.127       39410.105         788.789
       77278.622       40435.882         653.430
       79300.433       40138.134         518.809
       78957.707       39389.706         543.019
        6152.940       40401.399        1130.724
        4486.148       40071.656        1003.996
         382.088       40077.479         375.651
        8074.978       40376.739        1442.641
        7806.706       41072.480        1485.056
       13699.154       39736.689        1231.166
       13366.499       40748.930        1277.571
       10561.842       40484.515        1529.037
       14853.037       41178.949        1019.739
        4119.896       41089.730        1028.552
       12690.551       40732.952        1405.343
       20235.040       40587.055        1340.311
       16284.171       40128.929         754.360
       18575.044       40287.379         992.592
       33319.622       40178.442        1468.664
       33987.865       40532.122        1388.864
        8453.334       41514.200        1405.096
       12005.780       41381.716        1289.406
       21245.118       40169.119        1466.811
       17827.301       40518.442         937.160
       18149.147       41199.286         964.702
         656.761       41453.809         488.125
       39079.293       41078.853         766.546
       22186.231       40537.409        1457.613
       21871.499       41174.503        1113.410
       24918.066       40407.170         729.359
       12147.509       42185.504        1264.733
        3020.894       41450.837         831.459
       27237.480       40606.844        1078.215
       29662.658       40667.746        1388.299
       13842.703       41456.589        1122.574
       37248.685       40465.584         771.770
       46856.149       39864.849         583.795
       34019.097       41217.216        1430.684
       24946.718       42482.180         565.784
       35466.899       40559.428        1194.798
       43914.049       40156.747         892.769
       45182.712       40235.219         715.040
       43253.019       40541.047        1114.229
       58212.743       41207.333         937.119
       42990.878       41907.152        1081.430
       27944.421       41591.805        1011.926
       45901.802       40500.670         667.113
       48049.395       40360.023         803.619
       51650.426       40108.002        1360.307
       60493.106       39872.835         775.371
       54803.122       40379.454        1373.950
       47700.485       41048.157         703.054
       52686.296       40373.466        1219.358
       44368.834       41516.936         681.870
       37218.172       41538.657         933.076
       63138.478       39895.677         952.193
       69877.050       40151.856        1161.500
       56891.819       41647.481        1226.534
       60085.581       41134.721         650.976
       61091.498       41191.471         525.893
       59833.637       40435.466         692.230
       69147.354       40924.254        1011.671
       61542.132       40407.771         579.983
       46920.937       41419.682         560.798
       63143.192       40783.206        1096.019
       64566.714       40418.221        1367.086
       66154.916       41129.662        1401.967
       64189.195       41379.380        1402.931
       33360.478       42105.562        1297.812
       13875.027       42120.227         968.090
       17185.222       41469.735         856.324
       66204.828       40495.650        1473.250
       74645.153       39913.807        1093.047
       70475.261       40438.928        1330.241
       70523.977       41090.488        1282.202
       72279.274       40796.732        1411.154
       73622.015       40837.496        1300.052
       65734.544       41760.102        1448.664
       74317.084       40859.146        1120.711
       78561.351       40767.876         533.700
       59328.634       41555.177         783.878
       22555.816       41544.870        1043.079
        1038.848       40714.961         477.667
        6735.519       41427.984        1444.923
        9676.155       41540.627        1253.957
        3072.945       42163.033         857.560
        5121.838       41469.022        1118.849
        5043.453       42135.889        1209.867
       10439.496       41123.833        1384.483
       11335.459       41058.594        1400.532
        8069.340       42206.240        1272.283
        4093.563       42468.793         977.242
       52219.240       41408.784        1309.826
       16508.840       41136.892         546.172
       20491.396       41171.456        1239.234
       15605.704       41536.285         903.311
       26307.306       41470.415         909.047
       33392.645       41423.612        1381.076
       13196.738       42506.900        1238.120
       24269.339       40874.102         767.314
       20259.541       41873.147        1287.351
       15852.654       42555.913         629.465
       27258.570       41265.296        1005.856
       23945.989       41553.990         689.161
       22279.885       42142.556         914.360
       15218.185       42290.517         760.468
       29718.182       41220.405        1301.605
       29004.126       41557.089        1217.439
       31131.401       41422.764        1274.727
       31427.177       41966.948        1262.639
       25961.981       42024.248         779.906
       17567.936       43138.754         888.846
       31772.682       40876.891        1423.627
       35851.811       41300.347        1135.392
       37834.443       41150.358         756.107
       43638.306       41276.020         845.597
       41155.570       41526.220        1117.345
       35052.299       41573.595        1337.261
       35417.768       42130.505        1246.099
       45903.499       41067.072         612.835
       45546.132       42023.392         505.638
       39514.080       41792.541         894.140
       30451.332       42401.410        1296.304
       49653.189       40865.573        1335.359
       53017.229       41070.555        1136.830
       55122.452       41115.888        1189.282
       50531.872       41275.917        1468.479
       44882.910       42473.095         548.486
       48615.062       41494.607        1019.813
       46400.331       42480.778         681.118
       38213.981       42943.009         666.021
       62466.784       40812.237         873.116
       57842.645       41683.970        1112.811
       54370.671       41498.510        1056.852
       54334.041       42116.053        1022.060
       52579.084       42198.240         992.378
       53340.444       42477.555         820.546
       19045.859       42592.294        1272.425
       15131.822       43701.330         803.346
       56261.474       41165.858        1242.135
       61775.451       41501.028         782.717
       61330.708       42587.348         800.249
       59221.766       42279.009         853.344
       68192.080       41021.124        1046.700
       71488.444       40831.168        1600.006
       70319.741       41798.042        1160.246
       67861.525       41960.227         832.784
       63529.409       41693.714        1204.717
       48182.957       42648.974         939.627
       28695.444       42984.653         909.384
       75823.206       40769.381         793.461
       71154.270       41466.707        1193.076
       71298.171       42069.973        1059.457
       72858.966       41440.255        1196.222
       77038.636       42006.260         724.329
       70743.558       42433.452         953.174
       74660.967       41411.575         903.329
       75462.895       41397.511         779.743
       78989.121       42136.179         440.409
       71852.716       42435.036        1182.082
       76698.574       41069.382         749.128
       79260.917       41446.069         510.410
       72727.623       42138.888        1175.738
        6814.611       42496.525        1294.047
         656.761       42134.081         504.253
        2417.085       42808.503         774.527
        7501.804       42833.062        1193.105
        9926.252       42288.107        1110.151
        6082.686       42820.277        1204.119
        9326.822       42991.393         916.487
        8692.731       42935.952        1140.453
        4420.861       43174.979        1332.851
       11444.390       42936.987        1228.566
       16916.555       42134.523         851.949
       19285.867       41970.811        1242.177
       21363.713       42473.880        1200.051
       17640.472       42485.557        1083.509
       23276.501       42627.363         726.866
       34352.398       42456.077        1203.186
       19670.518       43255.809        1372.886
         704.285       43510.630         624.746
       24257.847       42254.907         652.993
       29441.501       42193.909        1055.023
       23023.700       43282.230         814.709
       13518.508       43275.686        1086.846
       51571.066       42888.862        1228.370
       27627.668       42251.381        1053.657
       26596.492       42478.705        1032.678
       26233.762       43142.325         991.141
       32437.905       43154.166        1139.120
       30147.476       43807.628         949.196
       38934.750       42790.354         738.415
       32409.591       42383.214        1189.696
       43199.143       43200.993        1142.617
       36768.030       44337.940         892.702
       44340.827       42255.089         629.222
       40187.752       42145.635         983.096
       27617.059       43950.919        1043.180
       16828.405       43482.379         778.200
       50168.933       42252.932        1339.128
       41878.366       42178.188        1208.147
       58300.313       42298.448         996.770
       43608.138       42598.265         857.693
       41864.780       43112.426        1170.628
        5764.200       43506.311        1198.735
        2852.261       43568.128         888.740
       47125.545       42236.833         700.588
       48892.926       42278.273        1245.206
       46191.160       43262.555         691.650
       19158.978       44237.160        1262.562
       62035.989       42137.272         842.013
       65050.492       43084.212        1383.651
       50554.255       42876.205        1347.956
       58007.317       42985.926        1192.843
       56378.063       42617.169        1296.592
       55007.973       42817.459        1116.230
       59957.384       42618.185         789.532
       59713.941       43278.090         673.434
       39602.442       43585.401         721.186
       67193.444       41809.713         987.306
       63113.540       42358.989        1049.963
       69541.329       41918.879         980.191
       64778.155       42108.193        1509.604
       63365.841       43116.159        1065.711
       66773.071       42440.153        1166.144
       69265.566       42793.086         769.157
       69595.536       44052.906         572.926
       54308.721       43538.927         983.884
       74585.272       42062.722         932.493
       75387.199       42048.658         828.668
       71861.004       43089.107        1050.498
       74237.026       42820.621        1173.549
       70976.129       43504.513         926.085
       76087.573       42357.406         870.529
       78046.455       42400.927         617.965
       78459.698       43181.876         658.356
       66066.359       43473.627        1335.102
       21386.610       43949.641        1085.788
       79728.204       42526.845         344.644
       45276.610       43541.187         554.974
        9701.180       43961.333         784.307
       10656.795       42945.917        1090.138
        1361.045       42787.567         623.556
       14427.092       43312.973         864.458
       27941.317       43007.409        1094.635
        2849.315       44237.877         930.093
        3835.420       43628.844        1301.363
        8125.195       43562.775         958.963
       10365.944       44015.794         976.152
       25252.882       43484.911         744.168
       18852.320       43539.445        1180.859
        8133.097       44285.816         913.730
        2114.425       44614.315         780.616
        6172.128       44320.611        1108.585
       12952.691       43957.880        1268.288
       21799.072       43264.650        1108.991
       24600.350       43279.224         614.039
       31513.721       43462.038        1246.854
       17075.751       44137.573         756.752
       36498.499       42625.700        1020.678
       43271.981       44132.907        1013.456
        9074.991       44628.934         738.273
       23658.678       43706.818         702.011
        3460.736       44638.540        1017.791
       30509.562       43125.548        1114.063
       34402.204       43208.235        1105.588
       23936.705       44573.787         623.148
       40189.625       43258.010         849.955
       41143.858       43572.832        1083.141
       29719.037       44262.840         913.916
       35066.451       43883.999         934.839
       16400.274       44760.317         633.228
        5088.455       44682.356        1232.401
       33438.597       43628.672         972.363
       43871.481       43593.835         762.524
       53301.458       43243.476         763.285
       39845.061       44239.881         609.957
        3796.767       45314.605        1087.306
       44822.559       43209.112         555.420
       48251.281       43349.427        1073.415
       49938.651       43836.135        1297.625
       52028.345       43622.647        1034.508
       45288.874       44315.528         727.485
       46984.698       43719.063         890.204
       61741.142       43164.461         768.927
       57035.894       43341.136        1304.359
       46694.659       44808.919         648.554
       41167.107       44540.129         974.851
       39196.204       44521.016         592.266
       72826.166       43537.486        1328.602
       52997.376       43697.948         823.179
       26898.412       45199.713        1017.307
       60436.862       43638.105         475.926
       62370.662       44118.979         861.735
       56281.118       44295.170        1161.724
       38200.389       44526.075         632.412
       58685.326       43626.391        1002.045
       61090.739       43555.312         611.040
       62698.724       43471.554         971.167
       66832.548       43177.659        1384.235
       64331.276       43432.529        1304.819
       61434.647       44097.976         625.161
       60477.011       44248.642         436.794
       70413.228       43213.920         824.275
       73486.309       42846.457        1343.279
       66072.668       44067.296        1237.751
       67504.416       43490.030         988.851
       66558.273       44491.987        1181.999
       63401.821       45137.029        1172.049
       54267.248       44690.263         877.869
       28293.749       44658.849         866.101
       68230.812       43325.128         881.375
       75758.944       43071.491        1076.489
       79728.204       43207.117         336.245
       73206.257       44223.058        1340.329
       74710.325       43520.642        1415.219
       76437.205       43471.080        1108.141
       76286.636       44211.002        1144.796
       74292.778       44504.536        1429.601
       66132.356       45159.450        1084.834
       77719.609       43532.107         867.432
       79402.365       43597.399         399.426
       15492.441       44809.216         771.051
       22250.753       44614.261         937.698
       13604.963       44540.695        1100.486
        4095.086       44321.922        1218.117
        1061.331       44263.766         527.842
         357.047       44630.688         391.520
       11927.801       43940.575        1221.367
       14875.510       44246.859         840.526
       13592.076       45193.872        1101.673
       17763.140       44876.912         973.817
        4828.979       45361.053        1207.127
        7185.709       44694.154         970.031
        7107.708       45356.811         915.133
       11154.265       44564.883        1144.669
       25511.805       44133.311         770.736
       20602.236       43920.051        1322.153
       23298.194       44353.857         742.005
       18520.498       44961.270        1095.332
       10867.872       45250.377         949.794
       24936.528       44453.516         654.498
       20201.552       44552.867        1267.177
       31678.397       44835.740        1099.282
       22164.372       45238.062         871.245
       26551.950       44406.508         987.986
       34709.618       44874.695         760.962
       14815.821       45527.691         947.964
       26940.680       43858.512        1134.284
       28988.611       44020.309         872.589
       32747.291       44947.203        1095.528
       25258.209       45109.648         639.049
       36097.377       43627.036        1025.794
       43315.889       45510.914        1081.521
       21152.366       45613.818        1014.557
        3428.471       45974.122        1065.380
        9032.642       45400.863         730.313
       31151.635       44144.118        1124.135
       33509.446       44357.143         832.919
       57043.887       44632.266        1193.765
       36739.162       45147.431         864.259
       41878.720       44200.472        1016.580
       47105.777       44242.827         711.004
       43941.675       44771.997         972.823
       37787.220       45177.700         698.137
       16795.872       46231.731         734.689
       48989.662       43891.284        1221.019
       44873.671       44865.668         788.539
       54924.036       44292.671         941.202
       48357.575       44459.798        1002.265
       36017.430       45529.038         928.749
       31288.547       45871.056        1094.237
       51740.485       44255.180        1089.524
       53347.852       44390.990         692.302
       58476.671       44318.697        1148.442
       51031.769       44836.892        1079.814
       49962.113       45662.870         979.565
       52765.648       44663.557         822.854
       45523.405       45460.850         663.035
       25649.819       46630.257         569.232
       60107.752       44640.714         648.816
       71201.561       44297.669         930.110
       59157.594       44648.560         823.642
       58442.086       45294.042        1057.172
       57070.418       45248.794        1183.646
       51427.292       45565.363         933.189
       61107.494       44471.958         548.590
       64096.948       45026.197        1151.888
       64655.803       44252.179        1196.960
       65381.329       44497.531        1175.295
       61404.122       45217.218         570.524
        7684.027       46396.470         850.036
       67223.831       44210.689        1160.577
       68837.230       43980.840         823.364
       74745.307       44161.905        1382.299
       68471.685       44858.996         918.212
       70520.549       44607.266         830.471
       70439.914       45203.856         809.316
       67584.682       44923.943        1125.081
       72466.527       44567.836        1193.884
       79674.161       44267.833         395.560
       78300.616       44235.876         613.741
       75643.358       44452.676        1237.137
       75587.805       45059.870        1125.913
       74620.269       45067.223        1422.911
       77533.219       44510.128         968.657
       79312.501       44556.079         384.720
       79267.964       45110.112         430.625
       64763.734       45657.141        1097.923
       56301.002       45544.379        1131.661
       23207.644       46254.304         853.094
        2006.319       45384.016         755.639
         357.047       45310.959         340.360
        1328.924       46010.004         550.075
        6120.234       45901.680        1093.672
        8012.747       45720.401         804.946
        9742.681       45722.002         696.211
       24607.967       45464.727         506.755
         375.699       46554.768         375.787
       26179.949       45582.647        1017.606
       12911.520       45644.752        1098.079
       11613.124       45659.764        1088.529
        8361.885       46674.136         737.685
       17087.663       45499.656         867.067
       24853.543       46276.776         559.253
       20174.691       45299.289        1141.577
       23878.613       45134.276         642.292
       12191.340       46720.875         999.512
       19190.832       45718.010        1146.577
       13755.319       46631.723         819.943
       28656.358       45281.600         856.604
       23153.720       45538.148         787.251
       29628.362       45227.669         685.545
       27950.595       45593.790         943.179
       34991.839       46210.204         728.411
       56430.136       46191.130        1102.465
       14742.894       46648.831         773.550
       34116.219       44927.401         719.231
       33725.504       45928.681         758.548
       34986.386       45506.223         853.811
       47350.939       45483.287         805.022
       39535.973       45277.055         579.092
       38901.668       45995.647         589.866
       27358.734       46552.737         893.097
       41549.394       45182.069         928.599
       45938.609       44910.710         530.242
       39313.680       46652.701         543.986
       17497.884       46587.741         755.103
       29621.876       46568.103         629.003
       41956.767       46418.055         907.933
       40567.117       45637.860         766.301
       42318.985       45624.024        1046.297
       13486.496       47328.118         740.454
       21533.328       46376.659         933.712
       48639.337       45061.109        1109.412
       48043.820       45518.506         904.629
       50322.435       46471.164         843.263
       46935.454       46197.500         534.051
       45863.971       46073.272         655.808
       50288.032       44778.310        1307.431
       53048.909       45266.920         836.378
       54973.520       45258.428         909.403
       52419.269       45587.014         880.537
       51043.877       46315.075         827.897
       60081.322       45327.742         616.946
       54337.385       45562.518         857.853
       65368.292       45223.959        1058.186
       72465.166       45214.664        1204.474
       54338.410       46188.535         752.001
       59039.090       45682.034         888.951
       52397.271       46920.344         691.679
       45128.112       46451.543         795.402
       34732.383       46823.635         690.255
       24456.998       46846.526         706.754
       16907.186       47278.341         678.637
       61009.049       45929.244         461.179
       63119.409       46071.675         937.808
       77522.877       45145.436         967.003
       67329.133       45976.871         964.168
       66542.365       45931.080         922.274
       59742.658       46614.047         814.613
       69149.356       45527.652         766.610
       71119.565       45541.087         974.432
       75910.573       46073.274         960.531
       68434.146       46537.001         871.046
       73939.183       45828.094        1155.289
       76220.741       45453.504        1027.045
       67538.333       46578.882         806.010
       61790.366       46911.281         692.950
       78245.737       45425.217         651.723
       79629.624       45502.138         422.347
       76872.249       46505.470         926.013
       53431.285       47259.496         463.752
       37890.681       46816.336         841.715
        6407.233       46588.226        1031.511
        1919.286       46630.398         905.729
        2596.681       46004.410         946.334
         732.745       45947.360         408.542
        5226.824       45939.519        1157.662
        4558.278       46903.210        1074.138
        1918.922       47266.308         772.216
        9400.645       46319.206         659.837
       10119.571       46657.481         991.715
        5773.394       47275.332         978.559
        3792.137       46984.261         965.670
       11206.859       46469.663        1012.975
       13191.531       46335.615         922.090
       10355.157       47335.605         836.510
       15431.862       46210.867         707.503
       18799.853       46347.584        1003.969
       27137.293       47145.187         887.669
       18838.972       47236.430         909.447
       26325.983       46291.207         711.668
       28264.882       46238.253         805.834
       29022.173       46478.844         657.815
       19426.152       46701.623        1025.614
       15859.598       47986.270         545.710
       20823.154       46801.417         844.606
       22599.259       46717.060         860.920
       21169.443       47972.004         698.823
       17621.975       47572.991         842.160
       48284.652       46332.094         904.330
       29067.119       47176.905         611.266
       29924.928       45869.246         723.726
       32992.337       45989.028         890.202
       36022.884       46233.019         883.272
       40332.388       46346.652         677.135
       43882.182       46231.115        1022.650
       29666.823       47266.164         494.772
       26058.503       47244.110         798.195
       30629.912       46276.223         960.441
       28758.912       47631.705         582.391
        9644.307       47678.059         719.994
       32260.610       46664.762        1066.834
       43226.414       46980.108         993.100
       47562.182       46661.038         652.629
       40536.052       47363.377         631.209
       36452.975       46855.308         923.481
       18511.929       48541.008         647.521
       40952.447       46684.892         712.636
       52782.350       46234.006         768.232
       53413.015       46539.928         505.917
       57067.657       46512.469        1032.109
       47197.343       47203.136         632.702
       45134.367       47230.618         812.046
        3111.128       47966.257         779.721
       25376.625       48034.928         662.590
       50298.820       47177.428         722.662
       58791.741       46324.187         966.409
       60377.848       45904.268         565.713
       58062.842       46553.118        1040.230
       55103.678       46531.195         939.658
       58401.406       47229.986         938.485
       56733.309       47119.434         955.862
       62359.054       46117.399         743.204
       70052.329       46499.964         527.009
       47964.105       47603.681         821.649
       64705.602       46222.526        1055.613
       69128.272       46238.493         731.826
       63756.403       46526.228        1130.091
       61064.031       46924.231         428.582
       65074.991       46854.883         939.284
       57660.015       47481.465         887.731
       41935.311       47985.526         586.630
       66383.567       46865.941         818.789
       70753.064       46126.355         727.327
       72859.933       45858.737        1225.238
       68774.607       47199.954         742.432
       75248.847       46489.950         857.572
       71823.189       46490.658         968.734
       71825.335       47267.891         813.328
       64463.210       47608.494         918.094
       67417.717       48201.247         724.817
       37290.316       48199.618         829.585
       74316.003       46568.259        1031.263
       77905.277       46165.481         890.748
       79629.624       46182.411         468.977
       76556.568       47237.821         847.609
       78927.505       46530.648         630.425
       78663.353       47247.967         704.404
        4817.848       47552.476         761.247
       23827.607       46871.780         836.673
       12545.455       47366.234         914.169
        8369.962       47354.865         706.095
         375.699       47235.041         406.523
         971.512       47593.458         518.435
       12185.458       48090.367         775.970
       11391.469       48087.108         844.031
        8069.086       48056.053         695.101
        6147.577       47949.515         851.805
        4490.710       48236.327         613.044
       30935.514       47378.573         890.154
       19190.247       47909.302         787.183
       27800.000       47604.140         837.955
       15027.136       47621.950         714.588
        5463.036       48906.789         619.175
       21498.602       47371.292         760.564
       22549.854       47379.965         674.017
       23210.233       47884.694         704.970
       34735.818       48619.138         491.984
       30275.476       47669.657         664.505
       30356.688       48372.495         592.935
       33703.706       48329.280         716.306
       20201.471       48297.016         737.985
       13772.279       48626.281         602.109
        4761.714       48916.456         495.908
       32294.451       47369.791         923.995
       34036.699       46854.604         691.381
       33337.373       47619.981         766.050
       31627.990       47678.436         962.028
       35754.716       47887.728         839.022
       35065.168       47878.870         669.265
       37237.531       47106.700         962.850
       39774.337       47979.989         512.717
       54784.392       47329.306         834.751
       43844.385       47616.661         887.695
       42297.902       47053.939         836.554
       45913.068       47519.886         656.301
       31970.545       48381.971         794.442
       49672.473       47465.798         813.220
       51238.894       47645.709         687.307
       43310.702       48285.287         776.209
       57337.788       48237.395         774.111
       48955.452       47199.461         901.191
       51650.776       47023.064         795.802
       47325.969       48240.707         673.226
       55776.501       47596.206         811.190
       67091.409       47166.214         717.193
       49345.825       48663.100         627.634
       53019.252       47577.945         495.677
       52998.334       48265.652         481.884
       51188.007       48206.661         643.239
       36121.950       48891.200         680.544
       27853.912       48759.856         628.394
        8734.755       49013.327         368.448
       20252.755       49249.328         500.962
       54037.393       47706.213         733.625
       59392.145       47249.370         789.263
       63690.441       47232.250        1028.586
       70842.386       47540.148         612.023
       60082.316       47534.577         676.250
       63057.289       47897.085         834.496
       62139.832       47810.959         701.700
       51933.356       48538.111         572.887
       70139.504       47136.525         492.052
       65738.389       47159.849         786.658
       69555.908       47538.006         563.135
       67749.889       47488.920         798.411
       61567.788       48600.147         522.823
       74227.990       47319.689         972.783
       75574.734       47281.229         749.820
       71194.451       48284.566         524.365
       64105.460       49106.102         480.627
       40037.164       49000.118         441.165
       72515.156       47678.868         761.156
       73504.247       47622.421         957.002
       75489.693       48328.103         654.198
       73871.410       48306.917         828.432
       75226.330       47684.803         749.116
       77325.444       47615.151         782.072
       79365.472       47580.003         598.891
       79365.472       48260.274         619.262
       43697.334       49320.398         472.280
        9404.564       49099.516         467.027
        3550.131       48569.057         651.745
        2290.183       47984.396         796.828
         595.814       48317.602         593.109
        1680.326       48991.817         568.338
       10013.240       48465.437         659.334
       14084.654       48035.013         724.525
       11395.278       49029.063         585.787
        7158.398       48241.264         673.890
       14057.378       49257.101         457.880
       17821.477       48565.327         745.498
        7148.962       49198.538         441.473
        3146.030       49249.187         466.695
       12814.123       48643.519         501.780
       28810.726       48394.046         422.258
       17282.799       48270.183         638.154
       22540.865       47930.124         676.378
       16585.733       49019.416         456.305
       15877.321       49030.153         464.547
       48021.783       48726.376         627.833
       17461.963       49314.560         534.640
       12424.117       49274.339         389.051
       24571.396       47990.826         519.110
       21898.977       48512.243         487.654
       25833.446       48681.702         620.680
       23354.093       49307.240         380.546
       27178.031       48349.837         743.970
       23620.287       48547.646         551.928
       21964.598       49226.408         440.915
       18489.968       49290.241         447.565
       69597.100       48538.651         533.291
       41177.780       48028.127         598.414
       45931.248       48256.287         645.705
       27462.175       49372.408         416.948
       29445.184       48730.880         486.956
       29440.166       49418.808         372.771
       31359.281       48784.946         643.368
       33003.339       48782.625         596.989
       33391.197       49461.318         370.374
       31400.895       49448.804         427.510
       25437.128       49397.194         397.685
       38501.962       47875.603         794.758
       36872.994       48951.698         569.483
       38196.796       48557.596         724.978
       40825.139       49006.727         357.302
       42330.139       48580.322         380.156
       44044.140       48669.984         672.652
       53766.907       48686.756         532.394
       42307.805       49260.817         300.317
       49950.917       48239.768         710.275
       45302.273       48723.651         572.773
       38454.579       49309.675         468.885
       60236.607       48310.815         682.463
       51655.163       49237.212         411.902
       47630.468       49392.369         412.904
       45630.573       49374.064         374.388
       54393.933       48445.765         554.177
       56002.596       48307.775         695.415
       55367.027       48780.427         597.723
       57947.481       48730.186         682.567
       53760.471       49352.627         422.853
       55697.182       49390.793         429.317
       64521.533       48401.641         725.194
       68202.704       48527.660         653.510
       57617.550       49410.934         438.093
       49629.615       49329.094         413.110
       59823.132       49027.736         501.168
       66114.060       48172.450         652.607
       65508.984       48660.630         573.231
       63413.985       48977.790         587.810
       61829.417       49317.068         395.716
       69316.177       48153.385         576.904
       72105.953       48364.480         644.449
       77311.665       48209.407         720.264
       69203.218       49284.732         360.486
       67833.185       49203.323         509.529
       70535.159       48630.795         491.882
       73260.349       48999.991         616.675
       72483.982       49001.107         500.520
       74922.561       49340.558         415.331
       74858.516       48647.485         626.062
       76525.603       48603.125         672.874
       78649.574       48522.495         638.132
       78946.548       49241.813         557.507
       76850.854       49256.349         504.178
       70816.383       49376.876         363.051
       58993.267       49061.396         587.071
       35053.156       49347.961         364.378
       10727.899       49064.937         616.695
         933.367       48997.873         603.489
         337.553       49659.864           0.000
        1759.618       49653.808         454.254
        2434.723       49653.808         404.881
        3749.281       49595.378         401.209
        4424.387       49595.378         376.623
        5800.813       49585.711         492.947
        6475.919       49585.711         457.139
        7761.651       49612.827         329.297
        8436.756       49612.827         330.773
        9781.671       49699.016         458.979
       10456.776       49699.016         463.765
       11799.261       49663.142         429.273
       12776.755       49611.198         357.614
       65768.016       49365.091         390.586
       13451.861       49611.198         392.652
       14782.732       49645.904         398.405
       15457.838       49645.904         445.325
       16841.355       49635.166         473.828
       17835.798       49679.394         450.510
       18882.018       49610.847         376.939
       19557.124       49610.847         391.331
       20948.797       49638.480         462.227
       21623.902       49638.480         449.302
       22619.177       49587.928         368.962
       24026.055       49719.313         292.351
       24701.160       49719.313         237.845
       26052.424       49677.881         436.667
       26727.529       49677.881         392.932
       28076.418       49694.526         319.708
       28751.524       49694.526         266.648
       30055.730       49724.282         365.354
       30730.836       49724.282         353.877
       32062.465       49724.522         351.723
       32737.570       49724.522         356.056
       34071.349       49736.796         262.646
       34746.455       49736.796         283.174
       35749.740       49611.165         503.787
       37175.889       49671.663         406.615
       37850.996       49671.663         373.080
       39084.597       49638.012         425.529
       39759.702       49638.012         471.114
       41222.783       49644.621         316.011
       41897.889       49644.621         280.766
       42941.562       49616.196         362.632
       44300.075       49704.202         436.158
       44975.181       49704.202         375.176
       46225.012       49669.863         274.253
       46900.118       49669.863         291.837
       48325.287       49722.506         409.045
       49000.392       49722.506         364.522
       50249.475       49606.588         347.591
       50924.581       49606.588         380.043
       52376.152       49630.624         342.278
       53051.258       49630.624         297.983
       54380.099       49722.003         426.978
       55055.204       49722.003         400.697
       56338.180       49668.791         324.358
       57013.286       49668.791         351.195
       58325.784       49742.143         383.283
       59000.890       49742.143         439.729
       60505.859       49708.483         311.109
       61180.963       49708.483         235.166
       62420.605       49608.585         454.144
       63095.711       49608.585         470.221
       64462.292       49736.897         326.098
       65137.397       49736.897         335.454
       66453.404       49628.194         331.478
       67128.510       49628.194         364.958
       68552.776       49575.129         484.700
       69511.202       49709.602         266.187
       70186.308       49709.602         289.237
       71516.151       49667.274         334.492
       72191.256       49667.274         370.261
       73642.728       49666.158         457.533
       74317.834       49666.158         419.201
       75541.436       49674.401         298.025
       76216.542       49674.401         356.628
       77596.338       49581.949         510.242
       78271.442       49581.949         531.899
       79662.447       49659.864           0.000
       72114.880        2045.357         595.537
       73701.332        2673.300         926.613
        6436.071        1986.034         698.307
        7894.970        2651.288         784.935
       76191.656        9666.204         641.093
       76233.997        9014.376         842.745
       76688.806       10946.336         656.682
       76526.168       10108.415         533.983
       22532.547        3067.967         936.379
       23702.553        4360.612         565.685
       62027.792       45418.322         671.711
       62667.179       44694.065         810.002
       76145.871       21222.097         822.824
       76796.639       22037.015         541.026
       76343.370       22729.449         362.391
       75277.229       22814.022         472.126
       76965.417       23070.867         529.631
       75749.317       23587.684         649.329
       14747.412        2667.259         608.119
       15748.391        2411.121         847.097
       37499.391       42307.100         793.149
       37883.741       43972.513         706.472
       68541.036       42737.563         695.642
       69713.647       43452.717         638.298
       14497.842       42596.819         850.028
       15837.041       43250.571         577.911
       48911.160       46469.972         983.662
       49287.631       45674.478        1137.112
       27319.390        7052.255        1150.538
       27747.087        7936.168        1245.768
       26449.940        8730.798        1204.420
       26445.960        7788.746         905.561
       71190.730       21174.145         703.343
       72710.081       21719.244         488.648
       71332.753       20151.850         745.816
       72676.583       20483.414         724.325
       70206.126       32258.437         805.053
       72219.700       32532.272         814.459
       71446.927       32790.024         873.316
       70704.350       33752.979        1163.272
       70706.768       31500.667         814.110
       71645.863       32355.882         865.994
       72623.581       33470.905        1006.391
       72040.324       34067.277        1188.432
       34850.673        7268.623         844.686
       35505.945        6619.966        1003.016
       30022.746       10033.575         931.620
       31262.611       10547.493         680.945
       29881.197        9199.544        1044.665
       30676.421        9813.012         768.301
       56595.768       40444.427        1145.531
       57242.203       40158.197         965.734
       61871.256       36292.278        1125.730
       63913.491       36209.254        1278.677
       12524.114       27371.085        1341.533
       12901.545       27966.494        1232.422
       47913.580       12769.147        1303.951
       48935.094       12777.870        1055.735
       67086.442       15796.734        1838.460
       67483.853       15122.807        1782.852
       38148.730       45891.232         711.710
       39172.023       47607.554         669.231
       50693.489       31007.351        1063.456
       51441.813       32216.421         967.712
       65555.258        8750.436        1050.245
       66304.553        8504.382        1128.014
       23468.706       30100.925        1730.674
       24993.513       30233.924        1892.872
       43922.019       33412.527        1551.595
       44371.085       33211.041        1360.821
       44329.667       32535.455        1479.257
       45382.563       33045.967        1129.728
       35776.360       31323.887        1387.302
       36172.409       30519.004        1191.946
       36745.276       30252.767        1284.282
       37310.397       31251.373        1037.649
       60845.615       10383.693         964.989
       61556.358       10753.391        1134.581
       60249.381       11511.561         782.385
       59895.951       10886.511         696.901
       57029.524       17880.214        2243.024
       58236.784       17768.503        1993.372
       58605.419       18199.775        2268.708
       58220.317       18876.505        2333.877
       19437.005       27253.449        2111.331
       20618.032       27782.606        2434.291
       42793.753       28172.703        1918.025
       42843.792       27558.814        1923.919
       43482.836       29764.781        1720.689
       42675.753       29158.764        1945.592
       14670.050        4505.356         624.173
       16341.287        4452.350        1012.624
       28877.036       14963.223        1210.033
       29652.760       14693.387        1120.566
       55815.569       27102.590        2405.920
       57671.354       27940.142        2636.429
       56261.092       26396.905        2578.882
       57280.103       26748.217        2748.851
       42819.768       20023.657        2515.147
       44241.505       20161.679        2590.681
       43001.681       18213.064        2062.714
       44267.425       18813.739        2335.170
       43061.935       19583.116        2354.598
       42712.690       19044.816        2209.278
       59568.816       19504.018        2300.159
       61008.563       18955.908        2194.619
       25499.254       26975.366        2561.527
       25916.514       26240.406        2855.645
       58368.225       28427.611        2615.937
       59526.600       29089.982        2189.434
CELLS       8634     25902
         2      4318         1
         2      4318         2
         2      4319         2
         2      4319         4
         2      4320         3
         2      4321         6
         2      4322         5
         2      4323         7
         2      4324         9
         2      4325         8
         2      4326        12
         2      4327        11
         2      4328        13
         2      4329         7
         2      4329        98
         2      4330        18
         2      4331        17
         2      4332        10
         2      4332        11
         2      4332       103
         2      4333        21
         2      4334         8
         2      4334         9
         2      4334       101
         2      4335        23
         2      4336        22
         2      4336        24
         2      4337        24
         2      4337        26
         2      4338        25
         2      4339        13
         2      4339       102
         2      4340        21
         2      4340       111
         2      4341        30
         2      4342        29
         2      4342        31
         2      4343        31
         2      4343        33
         2      4344         3
         2      4344         4
         2      4345        35
         2      4346        34
         2      4347        38
         2      4348        37
         2      4348        40
         2      4349        39
         2      4350        42
         2      4351        41
         2      4352        44
         2      4353        34
         2      4353        35
         2      4353       122
         2      4354        50
         2      4355        14
         2      4355        15
         2      4355       105
         2      4356       127
         2      4356       129
         2      4357        54
         2      4358        53
         2      4359        46
         2      4359        47
         2      4360        36
         2      4360        37
         2      4360       126
         2      4361        59
         2      4362        58
         2      4363        60
         2      4364        62
         2      4365        43
         2      4365        44
         2      4365       128
         2      4366        61
         2      4367         5
         2      4367         6
         2      4367        97
         2      4368        64
         2      4369        48
         2      4369        49
         2      4370        53
         2      4370        54
         2      4370       136
         2      4371        61
         2      4371        62
         2      4371       144
         2      4372        57
         2      4372        58
         2      4372       143
         2      4373        25
         2      4373        26
         2      4373       114
         2      4374        73
         2      4375        65
         2      4375        67
         2      4375       153
         2      4376        77
         2      4377        55
         2      4377        56
         2      4377       138
         2      4378        76
         2      4378        78
         2      4379        78
         2      4379        80
         2      4380        60
         2      4380       142
         2      4381        79
         2      4382        16
         2      4382        17
         2      4382       109
         2      4383        68
         2      4383        69
         2      4383       152
         2      4384        82
         2      4385        81
         2      4385        84
         2      4386       115
         2      4387        72
         2      4387        73
         2      4387       156
         2      4388        90
         2      4389        89
         2      4390        92
         2      4392        74
         2      4392        75
         2      4392       157
         2      4393        70
         2      4393        71
         2      4394        27
         2      4394        28
         2      4394       117
         2      4395       116
         2      4395       117
         2      4396         0
         2      4396         1
         2      4396        95
         2      4397        32
         2      4398        22
         2      4398        23
         2      4399        96
         2      4399        97
         2      4400        93
         2      4401        14
         2      4402        15
         2      4403       100
         2      4403       101
         2      4404        94
         2      4405        20
         2      4406        19
         2      4407       102
         2      4407       107
         2      4408        41
         2      4408        42
         2      4408       127
         2      4409        49
         2      4410       108
         2      4410       112
         2      4411        19
         2      4411        20
         2      4411       108
         2      4412        99
         2      4412       100
         2      4412       184
         2      4413        94
         2      4413        95
         2      4413       179
         2      4414        27
         2      4415        28
         2      4416       154
         2      4417        85
         2      4418        71
         2      4418        72
         2      4419        63
         2      4419        64
         2      4419       150
         2      4420       113
         2      4420       114
         2      4421        29
         2      4421        30
         2      4422        32
         2      4422        33
         2      4422       120
         2      4423       122
         2      4423       124
         2      4424        39
         2      4424        40
         2      4425        47
         2      4426        36
         2      4426        38
         2      4426       123
         2      4427       209
         2      4428        43
         2      4428        45
         2      4429        45
         2      4429        46
         2      4430        52
         2      4431        51
         2      4432       128
         2      4432       131
         2      4433        55
         2      4434        56
         2      4435        48
         2      4435        50
         2      4435       132
         2      4436       130
         2      4436       131
         2      4436       217
         2      4437       215
         2      4437       218
         2      4438        51
         2      4438        52
         2      4438       135
         2      4439        63
         2      4440        66
         2      4441       138
         2      4441       140
         2      4442        69
         2      4443        70
         2      4444       145
         2      4445       133
         2      4446       109
         2      4446       189
         2      4447       106
         2      4447       107
         2      4447       187
         2      4448        67
         2      4449        68
         2      4450       149
         2      4450       150
         2      4451        74
         2      4452        75
         2      4453        83
         2      4454        86
         2      4455       152
         2      4455       155
         2      4456        88
         2      4457        87
         2      4458       154
         2      4458       155
         2      4458       239
         2      4459        76
         2      4459        77
         2      4460       160
         2      4460       162
         2      4461       163
         2      4461       165
         2      4462        79
         2      4462        80
         2      4462       162
         2      4463        81
         2      4463        82
         2      4463       163
         2      4464       164
         2      4465       151
         2      4466       219
         2      4467       212
         2      4467       303
         2      4468        83
         2      4468        84
         2      4469        85
         2      4469        86
         2      4469       167
         2      4470        87
         2      4470        88
         2      4470       169
         2      4471       170
         2      4471       258
         2      4472       171
         2      4472       174
         2      4473        89
         2      4473        90
         2      4473       171
         2      4474        91
         2      4474       175
         2      4475       169
         2      4475       170
         2      4476       177
         2      4476       179
         2      4476       181
         2      4477       195
         2      4478       183
         2      4479       103
         2      4479       185
         2      4480         0
         2      4480        93
         2      4481        98
         2      4481        99
         2      4482        10
         2      4482        12
         2      4483       123
         2      4483       124
         2      4483       208
         2      4484        96
         2      4484       180
         2      4485       180
         2      4485       181
         2      4486       104
         2      4486       105
         2      4487       110
         2      4487       111
         2      4488       121
         2      4489       183
         2      4489       186
         2      4490       191
         2      4491        16
         2      4491        18
         2      4492       113
         2      4492       115
         2      4492       198
         2      4493       275
         2      4494       185
         2      4494       186
         2      4494       188
         2      4495       110
         2      4495       112
         2      4495       193
         2      4496       187
         2      4496       188
         2      4496       279
         2      4497       125
         2      4498       118
         2      4498       120
         2      4499       196
         2      4499       198
         2      4499       201
         2      4500       104
         2      4500       106
         2      4501       192
         2      4501       194
         2      4501       284
         2      4502       116
         2      4502       200
         2      4503       202
         2      4504       278
         2      4504       279
         2      4504       281
         2      4505       213
         2      4506       129
         2      4506       215
         2      4507       207
         2      4507       208
         2      4507       211
         2      4508       376
         2      4508       377
         2      4508      4306
         2      4509       159
         2      4509       245
         2      4510       125
         2      4510       126
         2      4510       210
         2      4511       130
         2      4511       133
         2      4512       134
         2      4512       135
         2      4513       132
         2      4513       221
         2      4514       141
         2      4514       142
         2      4514       145
         2      4515       136
         2      4515       137
         2      4516       220
         2      4516       221
         2      4516       223
         2      4517        57
         2      4517        59
         2      4517       139
         2      4518       140
         2      4518       228
         2      4519       146
         2      4519       149
         2      4519       233
         2      4520       134
         2      4520       222
         2      4521       216
         2      4521       217
         2      4521       219
         2      4522       294
         2      4523       296
         2      4523       298
         2      4524       137
         2      4524       226
         2      4525       144
         2      4525       148
         2      4526       139
         2      4527        65
         2      4527        66
         2      4527       151
         2      4528       232
         2      4529       141
         2      4529       143
         2      4529       231
         2      4530       203
         2      4530       204
         2      4530       293
         2      4531       156
         2      4531       158
         2      4532       158
         2      4532       242
         2      4533       236
         2      4534       153
         2      4534       235
         2      4535       229
         2      4535       319
         2      4536       157
         2      4536       159
         2      4537       161
         2      4538       242
         2      4538       246
         2      4539       325
         2      4540       166
         2      4540       167
         2      4540       168
         2      4541       247
         2      4542       160
         2      4542       161
         2      4542       250
         2      4543       336
         2      4544       252
         2      4544       253
         2      4544       255
         2      4545       248
         2      4546       254
         2      4546       255
         2      4547       253
         2      4548       164
         2      4548       165
         2      4548       254
         2      4549       304
         2      4550       168
         2      4550       259
         2      4551        91
         2      4551        92
         2      4551       172
         2      4552       173
         2      4552       174
         2      4553       262
         2      4554       172
         2      4554       173
         2      4554       261
         2      4555       175
         2      4556       286
         2      4557       277
         2      4557       370
         2      4558       274
         2      4558       276
         2      4558       368
         2      4559       176
         2      4559       178
         2      4560       176
         2      4561       177
         2      4561       178
         2      4561       268
         2      4562       272
         2      4563       269
         2      4563       272
         2      4564       266
         2      4564       268
         2      4564       271
         2      4565       182
         2      4565       273
         2      4566       283
         2      4566       284
         2      4566       376
         2      4567       193
         2      4567       194
         2      4568       195
         2      4568       197
         2      4569       285
         2      4570       196
         2      4570       197
         2      4570       288
         2      4571       119
         2      4571       121
         2      4572       210
         2      4573       287
         2      4573       288
         2      4573       291
         2      4574       280
         2      4575       350
         2      4575       430
         2      4576       199
         2      4576       200
         2      4576       203
         2      4577       202
         2      4577       204
         2      4577       205
         2      4578       307
         2      4578       309
         2      4578       312
         2      4579       216
         2      4579       218
         2      4579       309
         2      4580       292
         2      4580       293
         2      4581       205
         2      4582       213
         2      4582       214
         2      4583       118
         2      4583       119
         2      4583       298
         2      4584       206
         2      4584       207
         2      4584       301
         2      4585       211
         2      4586       305
         2      4586       306
         2      4586       308
         2      4587       310
         2      4588       300
         2      4589       212
         2      4590       464
         2      4590       465
         2      4591       378
         2      4591       380
         2      4592       379
         2      4592       380
         2      4592       382
         2      4593       265
         2      4593       267
         2      4594       222
         2      4594       227
         2      4595       214
         2      4595       306
         2      4596       321
         2      4597       223
         2      4597       316
         2      4598       230
         2      4598       231
         2      4598       326
         2      4599       322
         2      4599       324
         2      4599       407
         2      4600       302
         2      4600       393
         2      4601       220
         2      4602       307
         2      4602       308
         2      4602       392
         2      4603       280
         2      4603       281
         2      4604       257
         2      4604       258
         2      4605       260
         2      4605       261
         2      4606       228
         2      4606       229
         2      4607       225
         2      4607       226
         2      4608       317
         2      4608       318
         2      4608       399
         2      4609       373
         2      4609       374
         2      4609      4306
         2      4610       328
         2      4611       233
         2      4611       330
         2      4612       147
         2      4612       148
         2      4613       146
         2      4613       147
         2      4613       327
         2      4614       243
         2      4614       245
         2      4614       248
         2      4615       329
         2      4615       330
         2      4616       234
         2      4616       235
         2      4616       240
         2      4617       238
         2      4617       239
         2      4617       241
         2      4618       230
         2      4618       232
         2      4618       324
         2      4619       237
         2      4619       238
         2      4619       332
         2      4620       320
         2      4620       321
         2      4621       311
         2      4621       312
         2      4622       331
         2      4623       247
         2      4623       251
         2      4624       249
         2      4624       250
         2      4625       336
         2      4625       339
         2      4626       263
         2      4627       249
         2      4627       251
         2      4627       338
         2      4628       252
         2      4628       341
         2      4629       341
         2      4629       345
         2      4630       337
         2      4630       338
         2      4630       340
         2      4631       313
         2      4632       344
         2      4633       347
         2      4634       348
         2      4634       349
         2      4634       353
         2      4635       347
         2      4635       430
         2      4636       256
         2      4636       257
         2      4636       349
         2      4637       260
         2      4637       262
         2      4637       352
         2      4638       264
         2      4638       356
         2      4639       354
         2      4639       356
         2      4639       359
         2      4640       396
         2      4641       263
         2      4641       264
         2      4642       391
         2      4642       392
         2      4642       395
         2      4643       270
         2      4643       271
         2      4643       363
         2      4644       269
         2      4644       270
         2      4644       365
         2      4645       266
         2      4645       267
         2      4645       362
         2      4646       265
         2      4647       374
         2      4648       369
         2      4649       273
         2      4649       368
         2      4650       275
         2      4650       277
         2      4650       278
         2      4651       361
         2      4651       362
         2      4652       367
         2      4653       364
         2      4654       282
         2      4655       372
         2      4656       282
         2      4656       283
         2      4657       224
         2      4657       225
         2      4658       285
         2      4658       287
         2      4659       292
         2      4660       286
         2      4660       378
         2      4661       314
         2      4661       316
         2      4661       317
         2      4662       379
         2      4663       369
         2      4663       370
         2      4663       447
         2      4664       294
         2      4664       297
         2      4665       383
         2      4666       442
         2      4666       444
         2      4666       448
         2      4667       206
         2      4667       209
         2      4667       299
         2      4668       295
         2      4668       296
         2      4668       387
         2      4669       383
         2      4669       384
         2      4670       366
         2      4670       367
         2      4670       444
         2      4671       303
         2      4671       305
         2      4672       299
         2      4672       386
         2      4673       385
         2      4673       386
         2      4673       390
         2      4674       300
         2      4674       301
         2      4675       310
         2      4675       311
         2      4675       313
         2      4676       315
         2      4677       237
         2      4677       240
         2      4677       416
         2      4678       499
         2      4679       326
         2      4680       410
         2      4680       414
         2      4681       470
         2      4682       384
         2      4682       468
         2      4683       381
         2      4683       382
         2      4683       459
         2      4684       314
         2      4684       315
         2      4685       224
         2      4685       227
         2      4685       318
         2      4686       319
         2      4686       320
         2      4686       323
         2      4687       329
         2      4687       410
         2      4688       405
         2      4689       402
         2      4689       403
         2      4690       327
         2      4690       328
         2      4691       325
         2      4691       408
         2      4692       406
         2      4693       401
         2      4693       402
         2      4693       490
         2      4694       234
         2      4694       236
         2      4695       241
         2      4696       334
         2      4697       413
         2      4698       343
         2      4698       344
         2      4699       244
         2      4699       246
         2      4700       415
         2      4700       416
         2      4700       417
         2      4701       406
         2      4701       407
         2      4701       493
         2      4702       472
         2      4702       473
         2      4702       475
         2      4703       460
         2      4704       331
         2      4704       332
         2      4705       243
         2      4705       244
         2      4705       335
         2      4706       333
         2      4706       334
         2      4707       351
         2      4707       352
         2      4707       355
         2      4708       337
         2      4708       339
         2      4709       421
         2      4710       418
         2      4710       505
         2      4711       463
         2      4712       450
         2      4713       340
         2      4713       420
         2      4714       342
         2      4714       343
         2      4715       346
         2      4715       429
         2      4716       426
         2      4717       358
         2      4718       348
         2      4718       350
         2      4718       428
         2      4719       427
         2      4719       428
         2      4719       432
         2      4720       422
         2      4720       424
         2      4720       515
         2      4721       351
         2      4721       353
         2      4721       431
         2      4722       354
         2      4722       355
         2      4722       433
         2      4723       357
         2      4723       358
         2      4723       435
         2      4724       357
         2      4724       359
         2      4725       504
         2      4725       505
         2      4726       451
         2      4726       453
         2      4727       363
         2      4728       360
         2      4728       361
         2      4729       360
         2      4730       276
         2      4730       366
         2      4731       365
         2      4731       438
         2      4732       371
         2      4732       372
         2      4733       364
         2      4733       441
         2      4734       295
         2      4734       297
         2      4735       439
         2      4735       441
         2      4735       443
         2      4736       437
         2      4736       438
         2      4736       440
         2      4737       375
         2      4738       371
         2      4738       452
         2      4739       290
         2      4739       291
         2      4739       381
         2      4740       453
         2      4741       466
         2      4742       454
         2      4742       457
         2      4742       542
         2      4743       481
         2      4743       482
         2      4743       485
         2      4744       290
         2      4745       461
         2      4745       463
         2      4746       458
         2      4746       459
         2      4746       462
         2      4747       385
         2      4747       387
         2      4747       473
         2      4748       389
         2      4748       390
         2      4748       474
         2      4749       456
         2      4750       289
         2      4750       464
         2      4751       542
         2      4752       388
         2      4753       302
         2      4753       304
         2      4754       474
         2      4754       477
         2      4755       468
         2      4755       471
         2      4756       388
         2      4756       389
         2      4756       476
         2      4757       478
         2      4758       394
         2      4758       395
         2      4758       482
         2      4759       478
         2      4759       480
         2      4760       469
         2      4760       470
         2      4760       472
         2      4761       436
         2      4761       523
         2      4762       394
         2      4762       396
         2      4763       400
         2      4764       484
         2      4765       391
         2      4765       393
         2      4766       403
         2      4767       483
         2      4767       484
         2      4767       486
         2      4768       397
         2      4768       399
         2      4768       401
         2      4769       398
         2      4769       400
         2      4770       475
         2      4770       555
         2      4771       322
         2      4771       323
         2      4771       404
         2      4772       404
         2      4772       405
         2      4773       409
         2      4773       497
         2      4774       489
         2      4775       397
         2      4775       398
         2      4775       487
         2      4776       408
         2      4776       409
         2      4777       412
         2      4777       413
         2      4778       492
         2      4778       493
         2      4778       496
         2      4779       479
         2      4779       480
         2      4780       502
         2      4780       503
         2      4781       411
         2      4781       412
         2      4781       501
         2      4782       411
         2      4782       414
         2      4783       558
         2      4783       559
         2      4784       417
         2      4785       415
         2      4785       503
         2      4786       418
         2      4787       333
         2      4787       335
         2      4787       508
         2      4788       342
         2      4788       345
         2      4788       424
         2      4789       506
         2      4790       508
         2      4790       511
         2      4791       419
         2      4791       420
         2      4791       423
         2      4792       510
         2      4793       509
         2      4793       510
         2      4794       498
         2      4794       500
         2      4794       582
         2      4795       550
         2      4796       425
         2      4796       426
         2      4797       512
         2      4798       346
         2      4799       433
         2      4799       434
         2      4800       513
         2      4800       594
         2      4801       419
         2      4801       421
         2      4802       431
         2      4803       427
         2      4803       519
         2      4804       429
         2      4804       516
         2      4805       432
         2      4806       514
         2      4806       515
         2      4807       518
         2      4807       519
         2      4807       606
         2      4808       434
         2      4809       435
         2      4810       600
         2      4811       531
         2      4812       527
         2      4812       529
         2      4812       530
         2      4813       526
         2      4814       437
         2      4815       436
         2      4816       449
         2      4816       450
         2      4817       451
         2      4817       452
         2      4817       537
         2      4818       446
         2      4818       447
         2      4818       449
         2      4819       439
         2      4819       440
         2      4819       529
         2      4820       536
         2      4820       537
         2      4821       442
         2      4821       443
         2      4821       531
         2      4822       524
         2      4822       526
         2      4822       528
         2      4823       445
         2      4823       446
         2      4823       535
         2      4824       466
         2      4824       467
         2      4825       538
         2      4826       543
         2      4826       545
         2      4827       533
         2      4827       534
         2      4827       625
         2      4828       455
         2      4828       456
         2      4829       458
         2      4829       460
         2      4829       543
         2      4830       476
         2      4831       461
         2      4831       462
         2      4832       527
         2      4832       528
         2      4832       617
         2      4833       534
         2      4834       445
         2      4834       448
         2      4834       532
         2      4835       489
         2      4835       490
         2      4835       572
         2      4836       558
         2      4837       483
         2      4837       485
         2      4837       563
         2      4838       467
         2      4838       548
         2      4839       547
         2      4840       491
         2      4840       492
         2      4841       469
         2      4841       471
         2      4842       569
         2      4842       571
         2      4842       573
         2      4843       557
         2      4844       479
         2      4844       481
         2      4845       477
         2      4846       507
         2      4846       585
         2      4847       553
         2      4847       555
         2      4848       554
         2      4849       627
         2      4849       628
         2      4850       566
         2      4851       568
         2      4852       488
         2      4853       486
         2      4854       495
         2      4855       578
         2      4856       487
         2      4856       488
         2      4856       571
         2      4857       564
         2      4857       566
         2      4858       504
         2      4858       580
         2      4859       567
         2      4859       568
         2      4859       570
         2      4860       561
         2      4860       563
         2      4860       565
         2      4861       494
         2      4861       495
         2      4862       497
         2      4862       575
         2      4863       567
         2      4864       635
         2      4865       499
         2      4865       500
         2      4865       502
         2      4866       506
         2      4866       507
         2      4867       498
         2      4867       501
         2      4868       512
         2      4868       513
         2      4869       590
         2      4870       583
         2      4870       585
         2      4870       587
         2      4871       494
         2      4871       496
         2      4871       660
         2      4872       517
         2      4873       509
         2      4873       511
         2      4873       589
         2      4874       588
         2      4874       589
         2      4874       592
         2      4875       586
         2      4876       425
         2      4876       514
         2      4877       593
         2      4878       593
         2      4878       597
         2      4879       422
         2      4879       423
         2      4879       596
         2      4880       595
         2      4880       596
         2      4880       599
         2      4881       549
         2      4881       550
         2      4882       518
         2      4883       516
         2      4883       517
         2      4883       601
         2      4884       600
         2      4884       602
         2      4885       520
         2      4885       522
         2      4886       521
         2      4887       604
         2      4887       606
         2      4887       609
         2      4888       520
         2      4888       608
         2      4889       607
         2      4889       608
         2      4889       612
         2      4890       581
         2      4890       582
         2      4890       667
         2      4891       521
         2      4891       522
         2      4892       623
         2      4892       624
         2      4893       532
         2      4894       546
         2      4894       547
         2      4895       629
         2      4896       523
         2      4896       525
         2      4897       524
         2      4897       525
         2      4898       538
         2      4898       541
         2      4899       530
         2      4899       619
         2      4900       619
         2      4901       615
         2      4901       617
         2      4901       618
         2      4902       643
         2      4903       642
         2      4903       643
         2      4903       712
         2      4904       624
         2      4905       536
         2      4905       628
         2      4906       455
         2      4906       457
         2      4906       539
         2      4907       544
         2      4908       630
         2      4908       634
         2      4909       618
         2      4909       687
         2      4910       540
         2      4910       541
         2      4911       626
         2      4911       627
         2      4911       701
         2      4912       548
         2      4912       549
         2      4912       551
         2      4913       539
         2      4913       540
         2      4913       632
         2      4914       544
         2      4914       545
         2      4914       637
         2      4915       635
         2      4915       638
         2      4916       533
         2      4916       535
         2      4916       622
         2      4917       552
         2      4917       553
         2      4917       647
         2      4918       658
         2      4919       551
         2      4919       641
         2      4920       564
         2      4920       565
         2      4921       546
         2      4921       640
         2      4922       620
         2      4922       693
         2      4923       560
         2      4923       562
         2      4924       611
         2      4924       613
         2      4925       561
         2      4925       562
         2      4925       652
         2      4926       556
         2      4926       557
         2      4927       633
         2      4927       634
         2      4927       703
         2      4928       573
         2      4929       576
         2      4929       578
         2      4929       579
         2      4930       650
         2      4930       654
         2      4931       704
         2      4932       591
         2      4932       592
         2      4932       674
         2      4933       572
         2      4934       491
         2      4935       580
         2      4935       581
         2      4935       584
         2      4936       657
         2      4937       569
         2      4937       570
         2      4937       656
         2      4938       574
         2      4938       575
         2      4938       577
         2      4939       579
         2      4939       668
         2      4940       659
         2      4940       660
         2      4940       663
         2      4941       648
         2      4941       649
         2      4941       721
         2      4942       621
         2      4942       622
         2      4942       692
         2      4943       706
         2      4943       709
         2      4944       574
         2      4945       591
         2      4946       586
         2      4946       587
         2      4946       671
         2      4947       665
         2      4947       667
         2      4947       670
         2      4948       669
         2      4948       672
         2      4949       733
         2      4950       583
         2      4950       584
         2      4951       598
         2      4952       601
         2      4952       602
         2      4952       605
         2      4953       588
         2      4953       590
         2      4954       677
         2      4955       598
         2      4955       599
         2      4956       747
         2      4957       679
         2      4958       603
         2      4958       604
         2      4958       683
         2      4959       603
         2      4959       605
         2      4959       680
         2      4960       673
         2      4960       752
         2      4961       743
         2      4961       745
         2      4962       758
         2      4963       607
         2      4963       609
         2      4964       610
         2      4964       611
         2      4965       737
         2      4966       613
         2      4967       639
         2      4967       640
         2      4967       711
         2      4968       651
         2      4968       652
         2      4968       726
         2      4969       621
         2      4970       616
         2      4971       614
         2      4971       615
         2      4971       688
         2      4972       629
         2      4972       631
         2      4973       699
         2      4973       700
         2      4974       641
         2      4974       642
         2      4975       691
         2      4975       692
         2      4976       620
         2      4976       690
         2      4977       623
         2      4977       625
         2      4977       695
         2      4978       632
         2      4978       633
         2      4979       700
         2      4980       636
         2      4980       637
         2      4981       630
         2      4981       631
         2      4982       636
         2      4982       638
         2      4982       706
         2      4983      4307
         2      4984       798
         2      4984      4307
         2      4985       645
         2      4985       646
         2      4985       719
         2      4986       720
         2      4986       724
         2      4987       702
         2      4987       703
         2      4987       705
         2      4988       639
         2      4988       708
         2      4989       688
         2      4989       776
         2      4990       714
         2      4991       556
         2      4991       646
         2      4992       649
         2      4993       722
         2      4993       723
         2      4994       559
         2      4994       720
         2      4995       650
         2      4995       651
         2      4995       729
         2      4996       653
         2      4996       654
         2      4997       710
         2      4997       711
         2      4998       653
         2      4999       658
         2      4999       659
         2      5000       662
         2      5001       728
         2      5002       661
         2      5002       662
         2      5002       738
         2      5003       655
         2      5003       656
         2      5003       732
         2      5004       727
         2      5004       728
         2      5005       655
         2      5005       657
         2      5006       785
         2      5006       787
         2      5007       705
         2      5007       786
         2      5008       730
         2      5009       576
         2      5009       577
         2      5009       664
         2      5010       671
         2      5011       661
         2      5011       663
         2      5011       734
         2      5012       699
         2      5012       701
         2      5013       666
         2      5013       668
         2      5014       664
         2      5015       739
         2      5016       778
         2      5017       713
         2      5017       714
         2      5018       665
         2      5018       666
         2      5018       742
         2      5019       669
         2      5019       670
         2      5020       594
         2      5020       673
         2      5021       676
         2      5021       677
         2      5022       672
         2      5023       745
         2      5024       825
         2      5025       740
         2      5025       742
         2      5025       744
         2      5026       689
         2      5026       690
         2      5027       746
         2      5028       595
         2      5028       597
         2      5028       675
         2      5029       675
         2      5029       676
         2      5029       754
         2      5030       610
         2      5030       612
         2      5031       753
         2      5031       756
         2      5032       674
         2      5032       749
         2      5033       786
         2      5033       787
         2      5033       790
         2      5034       678
         2      5034       679
         2      5034       681
         2      5035       682
         2      5035       684
         2      5036       757
         2      5036       758
         2      5036       762
         2      5037       678
         2      5037       759
         2      5038       680
         2      5038       681
         2      5038       763
         2      5039       760
         2      5039       761
         2      5039       845
         2      5040       760
         2      5040       762
         2      5041       682
         2      5041       683
         2      5041       766
         2      5042       685
         2      5043       684
         2      5044       685
         2      5044       773
         2      5045       771
         2      5045       773
         2      5046       694
         2      5046       695
         2      5046       698
         2      5047       687
         2      5048       614
         2      5048       616
         2      5048       686
         2      5049       686
         2      5049       774
         2      5050       691
         2      5050       693
         2      5050       778
         2      5051       696
         2      5051       697
         2      5051       782
         2      5052       626
         2      5052       697
         2      5053       710
         2      5054       777
         2      5055       795
         2      5055       797
         2      5055       801
         2      5056       783
         2      5057       702
         2      5057       704
         2      5058       781
         2      5059       854
         2      5060       739
         2      5060       828
         2      5061       707
         2      5061       708
         2      5061       793
         2      5062       792
         2      5063       725
         2      5063       726
         2      5064       785
         2      5065       717
         2      5065       718
         2      5065       803
         2      5066       755
         2      5066       756
         2      5066       841
         2      5067       712
         2      5067       713
         2      5067       716
         2      5068       648
         2      5068       718
         2      5069       722
         2      5069       725
         2      5070       805
         2      5071       724
         2      5071       804
         2      5072       715
         2      5072       716
         2      5072       794
         2      5073       809
         2      5073       811
         2      5073       813
         2      5074       791
         2      5074       792
         2      5075       696
         2      5075       698
         2      5075       862
         2      5076       767
         2      5076       772
         2      5077       814
         2      5078       736
         2      5078       737
         2      5079       727
         2      5079       729
         2      5079       811
         2      5080       806
         2      5080       810
         2      5081       814
         2      5081       816
         2      5082       731
         2      5082       732
         2      5082       815
         2      5083       804
         2      5083       808
         2      5084       863
         2      5084       864
         2      5084       868
         2      5085       730
         2      5085       731
         2      5086       733
         2      5086       735
         2      5087       821
         2      5088       734
         2      5088       735
         2      5088       820
         2      5089       815
         2      5089       816
         2      5089       818
         2      5090       966
         2      5091       741
         2      5092       826
         2      5093       819
         2      5093       820
         2      5093       823
         2      5094       736
         2      5094       738
         2      5095       822
         2      5096       746
         2      5096       748
         2      5097       743
         2      5097       744
         2      5098       754
         2      5098       755
         2      5098       757
         2      5099       828
         2      5099       830
         2      5100       826
         2      5100       827
         2      5101       740
         2      5101       741
         2      5101       829
         2      5102       747
         2      5102       750
         2      5103       839
         2      5104       830
         2      5104       909
         2      5105       749
         2      5105       750
         2      5105       837
         2      5106       838
         2      5106       839
         2      5107       831
         2      5107       833
         2      5107       916
         2      5108       819
         2      5108       821
         2      5109       892
         2      5109       893
         2      5110       781
         2      5110       782
         2      5110       864
         2      5111       842
         2      5112       759
         2      5112       761
         2      5112       764
         2      5113       764
         2      5113       848
         2      5114       843
         2      5114       846
         2      5115       763
         2      5116       765
         2      5116       766
         2      5116       768
         2      5117       848
         2      5117       850
         2      5118       834
         2      5118       835
         2      5119       765
         2      5119       849
         2      5120       769
         2      5120       771
         2      5120       852
         2      5121       847
         2      5122       866
         2      5123       888
         2      5124       855
         2      5125       775
         2      5126       774
         2      5126       775
         2      5126       777
         2      5127       776
         2      5128       689
         2      5129       856
         2      5130       857
         2      5130       859
         2      5130       944
         2      5131       855
         2      5131       858
         2      5132       694
         2      5132       780
         2      5133       779
         2      5133       780
         2      5134       783
         2      5134       784
         2      5135       784
         2      5135       870
         2      5136       788
         2      5136       789
         2      5136       876
         2      5137       968
         2      5137       969
         2      5137       971
         2      5138       818
         2      5138       896
         2      5139       869
         2      5139       871
         2      5140       860
         2      5141       869
         2      5142       857
         2      5142       858
         2      5143       707
         2      5143       709
         2      5143       789
         2      5144       796
         2      5145       879
         2      5146       872
         2      5146       874
         2      5147       788
         2      5147       790
         2      5147       873
         2      5148       791
         2      5148       793
         2      5149       875
         2      5149       878
         2      5150       644
         2      5150       645
         2      5150       800
         2      5151       795
         2      5151       796
         2      5152       879
         2      5152       881
         2      5153       721
         2      5154       799
         2      5154       800
         2      5154       886
         2      5155       807
         2      5155       808
         2      5156       802
         2      5157       817
         2      5158       891
         2      5159       799
         2      5159       801
         2      5159       882
         2      5160       863
         2      5161       877
         2      5162       948
         2      5162       951
         2      5163       812
         2      5164       889
         2      5164       890
         2      5165       806
         2      5165       807
         2      5165       890
         2      5166       849
         2      5167       908
         2      5168       895
         2      5169       829
         2      5169       832
         2      5170       904
         2      5170       905
         2      5171       809
         2      5171       810
         2      5171       982
         2      5172       817
         2      5172       900
         2      5173       833
         2      5173       834
         2      5174       822
         2      5174       823
         2      5174       903
         2      5175       845
         2      5175       847
         2      5176       824
         2      5176       825
         2      5177       991
         2      5178       892
         2      5178       984
         2      5179       981
         2      5179       982
         2      5179       986
         2      5180       979
         2      5180       980
         2      5181       964
         2      5182       870
         2      5182       872
         2      5183       827
         2      5183       906
         2      5184       835
         2      5185       836
         2      5185       837
         2      5186       836
         2      5186       838
         2      5186       923
         2      5187       910
         2      5187       911
         2      5188       913
         2      5188       914
         2      5188      1004
         2      5189       748
         2      5189       917
         2      5190       912
         2      5190       913
         2      5190      1002
         2      5191       924
         2      5192       840
         2      5192       841
         2      5192       844
         2      5193       921
         2      5193       923
         2      5194       927
         2      5194      1015
         2      5195       924
         2      5195      1015
         2      5196      1009
         2      5196      1095
         2      5197       843
         2      5197       844
         2      5197       929
         2      5198       846
         2      5199       928
         2      5200       983
         2      5200       985
         2      5200      1077
         2      5201       770
         2      5201       772
         2      5201       937
         2      5202       850
         2      5203       930
         2      5204      1019
         2      5205       958
         2      5205       961
         2      5206      1030
         2      5207       769
         2      5207       770
         2      5208       852
         2      5209       867
         2      5209       868
         2      5209       954
         2      5210       853
         2      5210       854
         2      5210       940
         2      5211       853
         2      5212       856
         2      5212       859
         2      5213       860
         2      5213       947
         2      5214       941
         2      5214       945
         2      5215       779
         2      5216       861
         2      5216       862
         2      5217       865
         2      5217       866
         2      5218       946
         2      5218       947
         2      5218       949
         2      5219       861
         2      5220       950
         2      5220       952
         2      5221       865
         2      5221       867
         2      5222       972
         2      5223       957
         2      5224       877
         2      5224       878
         2      5225       975
         2      5225       977
         2      5225       978
         2      5226       952
         2      5226      1039
         2      5227       873
         2      5227       874
         2      5227       959
         2      5228       871
         2      5228       958
         2      5229       955
         2      5230       880
         2      5230       883
         2      5231       875
         2      5231       876
         2      5232       882
         2      5232       883
         2      5232       969
         2      5233       968
         2      5234       963
         2      5234       965
         2      5235       953
         2      5235       954
         2      5235      1046
         2      5236       885
         2      5237       880
         2      5237       881
         2      5238       805
         2      5238       887
         2      5239       889
         2      5240       974
         2      5240       976
         2      5241       885
         2      5241       886
         2      5242       901
         2      5242       903
         2      5242       904
         2      5243       907
         2      5243       908
         2      5244       894
         2      5244       895
         2      5244       898
         2      5245       887
         2      5245       977
         2      5246       899
         2      5246       900
         2      5247       888
         2      5247       979
         2      5248       964
         2      5248       965
         2      5249       812
         2      5249       813
         2      5250       891
         2      5250       893
         2      5251       902
         2      5252       897
         2      5252       898
         2      5252       990
         2      5253       984
         2      5253       985
         2      5253       988
         2      5254       957
         2      5254      1050
         2      5255       896
         2      5255       897
         2      5256       894
         2      5257       905
         2      5258       906
         2      5258       907
         2      5258       910
         2      5259       899
         2      5259       996
         2      5260       989
         2      5260       990
         2      5260       993
         2      5261       909
         2      5261       911
         2      5261       912
         2      5262       824
         2      5262       997
         2      5263       992
         2      5264      1006
         2      5265       925
         2      5265       926
         2      5265      1017
         2      5266      1000
         2      5267      1075
         2      5268       960
         2      5268       961
         2      5268      1053
         2      5269       831
         2      5269       832
         2      5269       914
         2      5270       915
         2      5271       919
         2      5271       922
         2      5272       915
         2      5272       916
         2      5273       840
         2      5273       842
         2      5273       926
         2      5274      1005
         2      5274      1006
         2      5275      1003
         2      5276       936
         2      5277      1095
         2      5278      1003
         2      5278      1004
         2      5278      1089
         2      5279       921
         2      5279       922
         2      5279      1011
         2      5280      1014
         2      5281       925
         2      5281       927
         2      5282       931
         2      5283       928
         2      5283       929
         2      5284      1016
         2      5285      1012
         2      5285      1014
         2      5286      1076
         2      5287       937
         2      5288       930
         2      5288       931
         2      5288      1022
         2      5289      1020
         2      5289      1022
         2      5289      1024
         2      5290       998
         2      5290      1084
         2      5291       933
         2      5291       934
         2      5291      1027
         2      5292       938
         2      5293       934
         2      5294       935
         2      5294       936
         2      5294      1033
         2      5295      1031
         2      5295      1032
         2      5296       935
         2      5296      1029
         2      5297       938
         2      5297      1032
         2      5298      1023
         2      5298      1024
         2      5298      1112
         2      5299      1001
         2      5299      1002
         2      5300       962
         2      5300       963
         2      5300      1054
         2      5301       943
         2      5301       944
         2      5301       946
         2      5302       939
         2      5302       940
         2      5302       941
         2      5303       939
         2      5304       942
         2      5304       943
         2      5304      1038
         2      5305      1034
         2      5305      1118
         2      5306       942
         2      5306       945
         2      5306      1036
         2      5307       950
         2      5307       951
         2      5307      1041
         2      5308       956
         2      5309       953
         2      5309       955
         2      5309      1044
         2      5310       959
         2      5310       960
         2      5310       962
         2      5311      1043
         2      5311      1044
         2      5312       956
         2      5312      1048
         2      5313      1042
         2      5313      1043
         2      5313      1126
         2      5314      1045
         2      5314      1046
         2      5314      1049
         2      5315       970
         2      5315       971
         2      5315      1064
         2      5316      1058
         2      5317      1052
         2      5317      1053
         2      5317      1055
         2      5318      1035
         2      5318      1036
         2      5318      1120
         2      5319       966
         2      5319       967
         2      5320       970
         2      5320       973
         2      5321       967
         2      5321      1060
         2      5322      1056
         2      5323      1062
         2      5323      1064
         2      5323      1066
         2      5324      1058
         2      5324      1061
         2      5325       972
         2      5325       973
         2      5326      1067
         2      5326      1069
         2      5326      1072
         2      5327      1059
         2      5327      1060
         2      5327      1063
         2      5328       981
         2      5329       975
         2      5329       976
         2      5330       987
         2      5331       978
         2      5331      1069
         2      5332      1068
         2      5333      1119
         2      5334       987
         2      5334       988
         2      5335       994
         2      5335       995
         2      5335      1083
         2      5336       901
         2      5336       902
         2      5336       995
         2      5337       992
         2      5337       993
         2      5337      1079
         2      5338       983
         2      5338       986
         2      5338      1073
         2      5339       989
         2      5339       991
         2      5340      1065
         2      5340      1066
         2      5341      1123
         2      5341      1124
         2      5341      1125
         2      5342       997
         2      5342       998
         2      5343       999
         2      5343      1001
         2      5344      1010
         2      5344      1011
         2      5344      1013
         2      5345      1171
         2      5346      1160
         2      5347      1090
         2      5347      1092
         2      5348       999
         2      5348      1000
         2      5349      1088
         2      5349      1089
         2      5349      1091
         2      5350      1103
         2      5351      1016
         2      5351      1017
         2      5351      1106
         2      5352       918
         2      5353      1005
         2      5353      1092
         2      5354      1090
         2      5354      1091
         2      5354      1180
         2      5355      1181
         2      5356      1008
         2      5356      1094
         2      5357      1010
         2      5358      1087
         2      5358      1088
         2      5359      1074
         2      5359      1075
         2      5360      1076
         2      5360      1077
         2      5361      1040
         2      5361      1127
         2      5362      1013
         2      5362      1096
         2      5363      1012
         2      5363      1100
         2      5364      1018
         2      5364      1019
         2      5364      1021
         2      5365       933
         2      5365      1023
         2      5366      1104
         2      5366      1106
         2      5366      1108
         2      5367      1107
         2      5367      1108
         2      5367      1110
         2      5368      1102
         2      5368      1103
         2      5368      1105
         2      5369      1131
         2      5370      1018
         2      5370      1107
         2      5371      1020
         2      5371      1021
         2      5371      1109
         2      5372      1028
         2      5372      1029
         2      5372      1116
         2      5373      1025
         2      5373      1026
         2      5373      1028
         2      5374      1025
         2      5374      1027
         2      5374      1114
         2      5375      1115
         2      5375      1117
         2      5376      1031
         2      5376      1033
         2      5376      1115
         2      5377      1037
         2      5377      1124
         2      5378      1129
         2      5378      1130
         2      5378      1132
         2      5379      1034
         2      5379      1035
         2      5380       948
         2      5380       949
         2      5380      1037
         2      5381      1039
         2      5381      1040
         2      5381      1042
         2      5382      1038
         2      5382      1121
         2      5383      1120
         2      5383      1122
         2      5384      1054
         2      5384      1057
         2      5385      1133
         2      5386      1051
         2      5386      1052
         2      5386      1135
         2      5387      1128
         2      5387      1129
         2      5388      1121
         2      5389      1047
         2      5389      1048
         2      5390      1045
         2      5391      1050
         2      5391      1051
         2      5392      1047
         2      5392      1049
         2      5392      1130
         2      5393      1059
         2      5393      1061
         2      5394      1149
         2      5394      1151
         2      5395      1131
         2      5395      1134
         2      5396      1055
         2      5396      1139
         2      5397      1142
         2      5398      1132
         2      5398      1216
         2      5399      1056
         2      5399      1057
         2      5400      1144
         2      5401      1065
         2      5402      1062
         2      5402      1063
         2      5402      1145
         2      5403      1141
         2      5404      1214
         2      5404      1216
         2      5404      1218
         2      5405      1073
         2      5405      1074
         2      5405      1159
         2      5406      1067
         2      5406      1068
         2      5407       980
         2      5407      1071
         2      5408      1152
         2      5409      1142
         2      5409      1227
         2      5410      1138
         2      5411      1162
         2      5411      1163
         2      5411      1165
         2      5412      1080
         2      5413      1070
         2      5413      1071
         2      5413      1156
         2      5414      1154
         2      5415      1134
         2      5415      1217
         2      5416      1078
         2      5416      1079
         2      5417      1247
         2      5417      1249
         2      5417      1253
         2      5418      1078
         2      5418      1080
         2      5418      1163
         2      5419      1164
         2      5420      1173
         2      5421      1155
         2      5421      1240
         2      5422       994
         2      5422       996
         2      5423      1253
         2      5424      1084
         2      5424      1172
         2      5425      1164
         2      5425      1165
         2      5425      1168
         2      5426      1158
         2      5427      1099
         2      5427      1101
         2      5427      1192
         2      5428      1081
         2      5429      1086
         2      5430      1085
         2      5430      1087
         2      5431      1100
         2      5431      1101
         2      5432      1097
         2      5432      1098
         2      5433      1172
         2      5433      1174
         2      5434      1177
         2      5435      1085
         2      5435      1086
         2      5436      1166
         2      5436      1167
         2      5437      1152
         2      5437      1234
         2      5438      1093
         2      5438      1094
         2      5439      1093
         2      5439      1185
         2      5440      1178
         2      5440      1180
         2      5440      1183
         2      5441      1097
         2      5442      1096
         2      5442      1098
         2      5442      1099
         2      5443      1184
         2      5443      1185
         2      5443      1187
         2      5444      1189
         2      5445      1186
         2      5446      1161
         2      5446      1162
         2      5447      1248
         2      5448      1109
         2      5448      1113
         2      5449      1111
         2      5449      1112
         2      5450      1190
         2      5450      1192
         2      5450      1196
         2      5451      1104
         2      5451      1105
         2      5451      1199
         2      5452      1110
         2      5453      1197
         2      5454      1182
         2      5454      1183
         2      5454      1260
         2      5455      1136
         2      5455      1137
         2      5455      1220
         2      5456      1127
         2      5457      1113
         2      5458      1111
         2      5459      1114
         2      5460      1204
         2      5461      1205
         2      5461      1207
         2      5462      1116
         2      5463      1117
         2      5464      1209
         2      5465      1128
         2      5466      1122
         2      5467      1118
         2      5467      1119
         2      5468      1041
         2      5469      1126
         2      5470      1125
         2      5471      1123
         2      5472      1212
         2      5473      1217
         2      5473      1218
         2      5473      1221
         2      5474      1147
         2      5474      1149
         2      5474      1233
         2      5475      1213
         2      5476      1211
         2      5477      1133
         2      5477      1136
         2      5478      1135
         2      5478      1137
         2      5478      1140
         2      5479      1139
         2      5479      1141
         2      5480      1146
         2      5480      1231
         2      5481      1143
         2      5481      1144
         2      5481      1228
         2      5482      1226
         2      5482      1227
         2      5483      1219
         2      5483      1220
         2      5483      1223
         2      5484      1138
         2      5484      1140
         2      5485      1146
         2      5486      1070
         2      5486      1072
         2      5486      1153
         2      5487      1145
         2      5487      1148
         2      5488      1150
         2      5489      1150
         2      5489      1151
         2      5490      1175
         2      5490      1176
         2      5491      1147
         2      5491      1148
         2      5491      1230
         2      5492      1167
         2      5493      1174
         2      5493      1254
         2      5494      1234
         2      5494      1235
         2      5495      1222
         2      5495      1223
         2      5495      1311
         2      5496      1228
         2      5497      1153
         2      5497      1154
         2      5498      1160
         2      5498      1161
         2      5499      1157
         2      5499      1158
         2      5500      1157
         2      5500      1159
         2      5500      1239
         2      5501      1208
         2      5501      1288
         2      5502      1193
         2      5502      1195
         2      5502      1268
         2      5503      1198
         2      5503      1199
         2      5504      1243
         2      5505      1170
         2      5505      1171
         2      5506      1250
         2      5507      1173
         2      5507      1175
         2      5508      1177
         2      5508      1179
         2      5509      1239
         2      5509      1240
         2      5509      1332
         2      5510      1169
         2      5510      1170
         2      5510      1249
         2      5511      1344
         2      5512      1339
         2      5513      1176
         2      5513      1259
         2      5514      1264
         2      5515      1181
         2      5515      1182
         2      5515      1184
         2      5516      1188
         2      5516      1191
         2      5517      1254
         2      5517      1255
         2      5518      1417
         2      5519      1178
         2      5519      1179
         2      5519      1257
         2      5520      1186
         2      5520      1187
         2      5521      1188
         2      5521      1189
         2      5522      1102
         2      5522      1195
         2      5523      1201
         2      5524      1262
         2      5525      1289
         2      5526      1190
         2      5526      1191
         2      5527      1202
         2      5528      1206
         2      5529      1267
         2      5530      1261
         2      5531      1197
         2      5531      1198
         2      5532      1200
         2      5532      1201
         2      5532      1275
         2      5533      1269
         2      5533      1270
         2      5533      1362
         2      5534      1203
         2      5534      1274
         2      5535      1341
         2      5535      1433
         2      5536      1202
         2      5536      1203
         2      5536      1278
         2      5537      1204
         2      5537      1277
         2      5538      1263
         2      5538      1264
         2      5539      1281
         2      5540      1205
         2      5540      1206
         2      5540      1285
         2      5541      1286
         2      5542      1283
         2      5542      1285
         2      5542      1287
         2      5543      1207
         2      5544      1316
         2      5545      1308
         2      5545      1311
         2      5545      1312
         2      5546      1213
         2      5546      1299
         2      5547      1210
         2      5547      1211
         2      5547      1300
         2      5548      1209
         2      5548      1291
         2      5549      1215
         2      5550      1208
         2      5551      1290
         2      5551      1292
         2      5552      1214
         2      5552      1215
         2      5553      1222
         2      5553      1225
         2      5554      1294
         2      5555      1224
         2      5556      1302
         2      5557      1312
         2      5558      1298
         2      5558      1299
         2      5558      1303
         2      5559      1291
         2      5559      1292
         2      5559      1295
         2      5560      1219
         2      5560      1221
         2      5561      1226
         2      5561      1314
         2      5562      1305
         2      5562      1307
         2      5563      1372
         2      5563      1375
         2      5564      1224
         2      5564      1225
         2      5565      1324
         2      5566      1329
         2      5567      1229
         2      5567      1230
         2      5567      1323
         2      5568      1229
         2      5568      1231
         2      5569      1313
         2      5569      1314
         2      5569      1317
         2      5570      1258
         2      5570      1348
         2      5571      1410
         2      5571      1497
         2      5572      1313
         2      5572      1395
         2      5573      1304
         2      5573      1305
         2      5573      1382
         2      5574      1143
         2      5574      1318
         2      5575      1236
         2      5575      1238
         2      5576      1410
         2      5577      1337
         2      5578      1386
         2      5579      1237
         2      5580      1155
         2      5580      1156
         2      5580      1238
         2      5581      1244
         2      5581      1245
         2      5581      1335
         2      5582      1330
         2      5583      1399
         2      5584      1296
         2      5584      1297
         2      5584      1378
         2      5585      1244
         2      5586      1241
         2      5586      1243
         2      5587      1166
         2      5587      1168
         2      5587      1245
         2      5588      1246
         2      5588      1247
         2      5588      1252
         2      5589      1325
         2      5589      1326
         2      5590      1429
         2      5591      1350
         2      5592      1257
         2      5592      1258
         2      5592      1261
         2      5593      1345
         2      5594      1333
         2      5594      1334
         2      5594      1420
         2      5595      1260
         2      5595      1262
         2      5596      1263
         2      5596      1266
         2      5597      1256
         2      5597      1259
         2      5598      1336
         2      5598      1337
         2      5599      1309
         2      5599      1310
         2      5599      1386
         2      5600      1371
         2      5601      1279
         2      5601      1281
         2      5601      1284
         2      5602      1194
         2      5602      1196
         2      5602      1265
         2      5603      1265
         2      5603      1266
         2      5604      1193
         2      5604      1194
         2      5604      1354
         2      5605      1349
         2      5605      1350
         2      5606      1351
         2      5607      1267
         2      5607      1268
         2      5607      1356
         2      5608      1276
         2      5608      1277
         2      5608      1280
         2      5609      1353
         2      5609      1354
         2      5609      1357
         2      5610      1346
         2      5610      1347
         2      5611      1270
         2      5612      1200
         2      5612      1272
         2      5613      1361
         2      5613      1362
         2      5613      1459
         2      5614      1349
         2      5614      1446
         2      5615      1342
         2      5615      1343
         2      5615      1438
         2      5616      1271
         2      5616      1272
         2      5616      1363
         2      5617      1273
         2      5617      1274
         2      5617      1366
         2      5618      1276
         2      5618      1278
         2      5618      1365
         2      5619      1363
         2      5620      1434
         2      5621      1282
         2      5621      1283
         2      5621      1370
         2      5622      1286
         2      5622      1287
         2      5623      1426
         2      5624      1298
         2      5624      1300
         2      5624      1377
         2      5625      1315
         2      5625      1316
         2      5626      1288
         2      5626      1289
         2      5626      1290
         2      5627      1293
         2      5627      1294
         2      5627      1296
         2      5628      1210
         2      5628      1212
         2      5628      1297
         2      5629      1301
         2      5629      1302
         2      5629      1304
         2      5630      1306
         2      5630      1309
         2      5631      1396
         2      5632      1421
         2      5633      1379
         2      5633      1380
         2      5633      1383
         2      5634      1301
         2      5634      1303
         2      5634      1380
         2      5635      1374
         2      5635      1375
         2      5635      1470
         2      5636      1308
         2      5636      1310
         2      5636      1388
         2      5637      1306
         2      5637      1307
         2      5637      1385
         2      5638      1392
         2      5639      1398
         2      5639      1399
         2      5640      1384
         2      5640      1385
         2      5641      1319
         2      5642      1315
         2      5642      1317
         2      5643      1320
         2      5643      1321
         2      5643      1398
         2      5644      1393
         2      5644      1395
         2      5644      1396
         2      5645      1318
         2      5645      1319
         2      5645      1320
         2      5646      1322
         2      5646      1323
         2      5646      1325
         2      5647      1391
         2      5647      1392
         2      5647      1394
         2      5648      1373
         2      5648      1374
         2      5648      1471
         2      5649      1235
         2      5649      1327
         2      5650      1321
         2      5650      1401
         2      5651      1322
         2      5651      1324
         2      5651      1405
         2      5652      1404
         2      5652      1405
         2      5652      1406
         2      5653      1236
         2      5653      1237
         2      5654      1413
         2      5655      1488
         2      5656      1326
         2      5656      1408
         2      5657      1411
         2      5657      1412
         2      5657      1416
         2      5658      1331
         2      5658      1332
         2      5658      1333
         2      5659      1328
         2      5659      1329
         2      5660      1419
         2      5660      1420
         2      5660      1423
         2      5661      1327
         2      5661      1328
         2      5661      1412
         2      5662      1403
         2      5662      1404
         2      5662      1492
         2      5663      1400
         2      5663      1402
         2      5664      1393
         2      5664      1394
         2      5665      1242
         2      5665      1334
         2      5666      1331
         2      5667      1335
         2      5667      1340
         2      5668      1241
         2      5668      1242
         2      5669      1427
         2      5669      1428
         2      5669      1430
         2      5670      1279
         2      5670      1280
         2      5670      1367
         2      5671      1338
         2      5671      1339
         2      5672      1336
         2      5672      1425
         2      5673      1414
         2      5673      1415
         2      5673      1502
         2      5674      1246
         2      5674      1248
         2      5674      1341
         2      5675      1338
         2      5675      1340
         2      5675      1428
         2      5676      1251
         2      5676      1252
         2      5677      1360
         2      5677      1361
         2      5678      1250
         2      5678      1251
         2      5679      1255
         2      5679      1343
         2      5680      1342
         2      5680      1344
         2      5681      1431
         2      5681      1433
         2      5681      1435
         2      5682      1507
         2      5682      1508
         2      5683      1347
         2      5684      1352
         2      5684      1353
         2      5684      1451
         2      5685      1437
         2      5685      1438
         2      5686      1439
         2      5686      1441
         2      5687      1440
         2      5687      1443
         2      5688      1418
         2      5688      1419
         2      5688      1506
         2      5689      1345
         2      5689      1439
         2      5690      1256
         2      5690      1440
         2      5691      1389
         2      5691      1391
         2      5691      1486
         2      5692      1445
         2      5693      1351
         2      5693      1449
         2      5694      1444
         2      5695      1518
         2      5696      1352
         2      5697      1355
         2      5697      1356
         2      5697      1359
         2      5698      1271
         2      5698      1360
         2      5699      1450
         2      5699      1451
         2      5699      1453
         2      5700      1448
         2      5700      1449
         2      5700      1450
         2      5701      1355
         2      5701      1456
         2      5702      1458
         2      5702      1459
         2      5703      1273
         2      5703      1275
         2      5704      1365
         2      5705      1460
         2      5705      1463
         2      5706      1457
         2      5706      1460
         2      5707      1452
         2      5707      1453
         2      5707      1536
         2      5708      1367
         2      5708      1465
         2      5709      1282
         2      5709      1284
         2      5709      1464
         2      5710      1464
         2      5710      1466
         2      5711      1447
         2      5711      1448
         2      5711      1532
         2      5712      1369
         2      5713      1368
         2      5713      1369
         2      5713      1467
         2      5714      1454
         2      5714      1455
         2      5715      1487
         2      5715      1488
         2      5716      1330
         2      5716      1415
         2      5717      1469
         2      5717      1470
         2      5717      1472
         2      5718      1371
         2      5718      1372
         2      5719      1293
         2      5719      1295
         2      5719      1373
         2      5720      1376
         2      5720      1377
         2      5721      1382
         2      5722      1384
         2      5723      1471
         2      5724      1376
         2      5725      1474
         2      5725      1477
         2      5726      1468
         2      5726      1469
         2      5726      1551
         2      5727      1379
         2      5728      1495
         2      5729      1381
         2      5729      1383
         2      5729      1475
         2      5730      1381
         2      5730      1478
         2      5731      1480
         2      5731      1482
         2      5732      1387
         2      5732      1388
         2      5732      1390
         2      5733      1387
         2      5733      1481
         2      5734      1481
         2      5734      1482
         2      5735      1472
         2      5735      1553
         2      5736      1424
         2      5736      1425
         2      5736      1427
         2      5737      1507
         2      5738      1397
         2      5739      1397
         2      5739      1490
         2      5740      1483
         2      5741      1401
         2      5741      1402
         2      5741      1403
         2      5742      1406
         2      5742      1409
         2      5743      1400
         2      5744      1408
         2      5744      1497
         2      5745      1407
         2      5745      1496
         2      5746      1493
         2      5747      1480
         2      5748      1414
         2      5748      1416
         2      5748      1499
         2      5749      1436
         2      5749      1437
         2      5749      1519
         2      5750      1411
         2      5750      1413
         2      5751      1500
         2      5752      1553
         2      5753      1422
         2      5754      1417
         2      5754      1501
         2      5755      1501
         2      5755      1503
         2      5756      1429
         2      5756      1432
         2      5757      1422
         2      5757      1423
         2      5758      1436
         2      5759      1516
         2      5760      1505
         2      5761      1424
         2      5761      1426
         2      5762      1586
         2      5763      1473
         2      5764      1476
         2      5764      1477
         2      5765      1494
         2      5765      1574
         2      5766      1430
         2      5766      1510
         2      5767      1431
         2      5767      1432
         2      5767      1513
         2      5768      1434
         2      5768      1435
         2      5769      1514
         2      5770      1565
         2      5771      1346
         2      5771      1348
         2      5771      1442
         2      5772      1445
         2      5772      1447
         2      5773      1357
         2      5774      1518
         2      5774      1520
         2      5775      1519
         2      5775      1522
         2      5776      1441
         2      5776      1521
         2      5777      1517
         2      5777      1602
         2      5778      1442
         2      5778      1443
         2      5778      1524
         2      5779      1444
         2      5779      1531
         2      5780      1529
         2      5780      1530
         2      5780      1533
         2      5781      1523
         2      5781      1524
         2      5781      1527
         2      5782      1504
         2      5782      1505
         2      5783      1560
         2      5783      1562
         2      5783      1564
         2      5784      1571
         2      5784      1573
         2      5784      1575
         2      5785      1446
         2      5785      1530
         2      5786      1364
         2      5786      1366
         2      5787      1368
         2      5787      1370
         2      5788      1452
         2      5788      1538
         2      5789      1538
         2      5789      1539
         2      5790      1536
         2      5790      1537
         2      5791      1454
         2      5791      1542
         2      5792      1537
         2      5793      1528
         2      5793      1529
         2      5793      1613
         2      5794      1479
         2      5795      1457
         2      5795      1458
         2      5795      1541
         2      5796      1461
         2      5796      1462
         2      5796      1545
         2      5797      1462
         2      5798      1544
         2      5798      1546
         2      5799      1364
         2      5800      1465
         2      5801      1547
         2      5802      1539
         2      5802      1618
         2      5803      1466
         2      5804      1467
         2      5805      1548
         2      5805      1550
         2      5806      1478
         2      5806      1479
         2      5807      1468
         2      5808      1378
         2      5808      1473
         2      5809      1475
         2      5809      1476
         2      5810      1569
         2      5811      1483
         2      5811      1562
         2      5812      1502
         2      5812      1579
         2      5813      1555
         2      5814      1474
         2      5815      1389
         2      5815      1390
         2      5816      1485
         2      5816      1487
         2      5817      1558
         2      5818      1552
         2      5819      1496
         2      5820      1489
         2      5820      1490
         2      5821      1489
         2      5821      1567
         2      5822      1568
         2      5822      1569
         2      5822      1570
         2      5823      1484
         2      5823      1485
         2      5824      1652
         2      5825      1499
         2      5825      1500
         2      5826      1574
         2      5826      1576
         2      5827      1491
         2      5827      1492
         2      5827      1494
         2      5828      1491
         2      5828      1493
         2      5828      1573
         2      5829      1567
         2      5829      1568
         2      5830      1640
         2      5831      1407
         2      5831      1409
         2      5832      1495
         2      5832      1498
         2      5833      1418
         2      5833      1421
         2      5834      1498
         2      5834      1577
         2      5835      1582
         2      5835      1583
         2      5835      1587
         2      5836      1588
         2      5836      1589
         2      5837      1576
         2      5838      1512
         2      5838      1513
         2      5838      1515
         2      5839      1504
         2      5839      1506
         2      5839      1589
         2      5840      1503
         2      5840      1583
         2      5841      1580
         2      5842      1516
         2      5842      1517
         2      5843      1592
         2      5844      1603
         2      5844      1605
         2      5845      1585
         2      5845      1586
         2      5845      1588
         2      5846      1511
         2      5847      1509
         2      5847      1510
         2      5848      1578
         2      5848      1670
         2      5849      1508
         2      5849      1594
         2      5850      1593
         2      5850      1677
         2      5851      1592
         2      5851      1593
         2      5852      1575
         2      5853      1521
         2      5853      1523
         2      5854      1509
         2      5854      1598
         2      5855      1603
         2      5856      1512
         2      5856      1597
         2      5857      1683
         2      5857      1687
         2      5857      4315
         2      5858      1549
         2      5859      1514
         2      5859      1515
         2      5860      1525
         2      5861      1532
         2      5861      1533
         2      5861      1535
         2      5862      1534
         2      5862      1535
         2      5862      1612
         2      5863      1520
         2      5863      1604
         2      5864      1604
         2      5864      1607
         2      5865      1679
         2      5866      4315
         2      5866      4316
         2      5867      1522
         2      5867      1606
         2      5868      1526
         2      5868      1527
         2      5868      1608
         2      5869      1609
         2      5869      1696
         2      5870      1662
         2      5871      1643
         2      5871      1645
         2      5871      1742
         2      5872      1534
         2      5873      1461
         2      5873      1463
         2      5873      1543
         2      5874      1611
         2      5874      1700
         2      5875      1456
         2      5876      1541
         2      5877      1617
         2      5877      1619
         2      5878      1546
         2      5879      1540
         2      5879      1542
         2      5879      1620
         2      5880      1620
         2      5880      1622
         2      5881      1616
         2      5881      1617
         2      5881      1712
         2      5882      1799
         2      5883      1689
         2      5884      1543
         2      5884      1624
         2      5885      1544
         2      5885      1545
         2      5885      1623
         2      5886      1547
         2      5886      1627
         2      5887      1632
         2      5888      1630
         2      5888      1632
         2      5888      1635
         2      5889      1622
         2      5890      1619
         2      5890      1713
         2      5891      1548
         2      5891      1549
         2      5891      1634
         2      5892      1550
         2      5893      1740
         2      5893      1741
         2      5894      1648
         2      5895      1647
         2      5895      1648
         2      5895      1651
         2      5896      1646
         2      5897      1551
         2      5897      1552
         2      5898      1556
         2      5899      1554
         2      5900      1640
         2      5900      1642
         2      5901      1641
         2      5902      1641
         2      5902      1644
         2      5903      1621
         2      5903      1717
         2      5904      1557
         2      5904      1561
         2      5905      1484
         2      5905      1486
         2      5905      1563
         2      5906      1557
         2      5906      1558
         2      5907      1563
         2      5907      1564
         2      5907      1656
         2      5908      1566
         2      5908      1660
         2      5909      1654
         2      5910      1565
         2      5910      1566
         2      5911      1559
         2      5911      1560
         2      5912      1665
         2      5913      1747
         2      5914      1572
         2      5915      1571
         2      5915      1572
         2      5915      1664
         2      5916      1581
         2      5916      1582
         2      5917      1653
         2      5917      1654
         2      5918      1556
         2      5918      1650
         2      5919      1599
         2      5919      1600
         2      5919      1686
         2      5920      1610
         2      5920      1697
         2      5921      1663
         2      5921      1664
         2      5921      1667
         2      5922      1577
         2      5922      1578
         2      5923      1579
         2      5923      1580
         2      5923      1581
         2      5924      1666
         2      5925      1671
         2      5926      1668
         2      5927      1754
         2      5927      1757
         2      5928      1660
         2      5928      1754
         2      5929      1591
         2      5930      1594
         2      5930      1596
         2      5931      1674
         2      5932      1584
         2      5932      1585
         2      5932      1676
         2      5933      1590
         2      5933      1591
         2      5934      1590
         2      5934      1675
         2      5935      1668
         2      5935      1765
         2      5936      1741
         2      5937      1597
         2      5937      1599
         2      5938      1600
         2      5939      1679
         2      5939      1682
         2      5940      1601
         2      5940      1602
         2      5941      1607
         2      5941      1694
         2      5942      1696
         2      5942      1698
         2      5943      1688
         2      5943      1689
         2      5944      1685
         2      5944      1686
         2      5944      1688
         2      5945      1692
         2      5945      1693
         2      5946      1773
         2      5946      1774
         2      5947      1601
         2      5947      1691
         2      5948      1605
         2      5948      1693
         2      5949      1672
         2      5949      1766
         2      5950      1659
         2      5950      1756
         2      5951      1606
         2      5951      1609
         2      5952      1608
         2      5952      1610
         2      5953      1611
         2      5954      1704
         2      5954      1705
         2      5954      1709
         2      5955      1697
         2      5955      1702
         2      5956      1612
         2      5956      1615
         2      5957      1703
         2      5957      4312
         2      5958      1614
         2      5958      1616
         2      5959      1614
         2      5959      1615
         2      5959      1711
         2      5960      1528
         2      5960      1706
         2      5961      1692
         2      5961      1784
         2      5962      1636
         2      5963      1618
         2      5964      1540
         2      5964      1621
         2      5965      1712
         2      5965      1714
         2      5966      1624
         2      5966      1720
         2      5967      1633
         2      5967      1634
         2      5968      1715
         2      5968      1718
         2      5969      1710
         2      5969      1802
         2      5970      1623
         2      5970      1628
         2      5971      1625
         2      5971      1627
         2      5971      1631
         2      5972      1720
         2      5973      1626
         2      5973      1628
         2      5973      1722
         2      5974      1721
         2      5974      1722
         2      5974      1724
         2      5975      1725
         2      5976      1698
         2      5976      1788
         2      5977      1661
         2      5977      1662
         2      5977      1758
         2      5978      1625
         2      5978      1626
         2      5978      1723
         2      5979      1629
         2      5979      1630
         2      5979      1728
         2      5980      1633
         2      5980      1635
         2      5981      1729
         2      5981      1730
         2      5981      1733
         2      5982      1727
         2      5982      1729
         2      5983      1637
         2      5983      1730
         2      5984      1636
         2      5984      1637
         2      5985      1673
         2      5985      1674
         2      5986      1642
         2      5986      1735
         2      5987      1639
         2      5988      1638
         2      5988      1738
         2      5989      1554
         2      5989      1555
         2      5989      1645
         2      5990      1646
         2      5990      1647
         2      5991      1649
         2      5991      1650
         2      5991      1746
         2      5992      1657
         2      5992      1658
         2      5992      1750
         2      5993      1737
         2      5993      1738
         2      5994      1743
         2      5995      1736
         2      5995      1737
         2      5996      1735
         2      5996      1736
         2      5996      1739
         2      5997      1559
         2      5997      1561
         2      5997      1653
         2      5998      1655
         2      5998      1656
         2      5998      1657
         2      5999      1830
         2      6000      1658
         2      6001      1655
         2      6002      1748
         2      6002      1752
         2      6003      1659
         2      6004      1570
         2      6004      1661
         2      6005      1669
         2      6005      1670
         2      6005      1672
         2      6006      1669
         2      6006      1671
         2      6007      1781
         2      6007      1783
         2      6008      1755
         2      6008      1756
         2      6009      1663
         2      6009      1665
         2      6009      1760
         2      6010      1760
         2      6010      1763
         2      6011      1759
         2      6011      1842
         2      6012      1740
         2      6012      1742
         2      6012      1821
         2      6013      1837
         2      6014      1818
         2      6014      1822
         2      6015      1666
         2      6015      1667
         2      6016      1584
         2      6016      1587
         2      6017      1675
         2      6017      1676
         2      6017      1770
         2      6018      1768
         2      6019      1734
         2      6020      1699
         2      6020      1701
         2      6020      1794
         2      6021      1774
         2      6022      1673
         2      6022      1771
         2      6023      1678
         2      6023      1775
         2      6024      1767
         2      6024      1768
         2      6024      1851
         2      6025      1677
         2      6025      1678
         2      6026      1595
         2      6026      4316
         2      6027      1690
         2      6027      1691
         2      6028      1694
         2      6028      1695
         2      6029      1682
         2      6029      1777
         2      6030      1777
         2      6030      1780
         2      6031      1846
         2      6032      1684
         2      6032      1685
         2      6032      1782
         2      6033      1764
         2      6033      1849
         2      6034      1857
         2      6035      1708
         2      6035      1709
         2      6035      1792
         2      6036      1787
         2      6036      1789
         2      6037      1700
         2      6037      1701
         2      6037      1704
         2      6038      1695
         2      6038      1787
         2      6039      1785
         2      6039      1874
         2      6040      1820
         2      6040      1821
         2      6040      1825
         2      6041      1796
         2      6041      1799
         2      6042      1629
         2      6042      1631
         2      6042      1725
         2      6043      1699
         2      6043      1702
         2      6043      1791
         2      6044      1711
         2      6045      1713
         2      6045      1716
         2      6046      1795
         2      6046      1798
         2      6047      1717
         2      6047      1719
         2      6048      1714
         2      6049      1801
         2      6049      1804
         2      6050      1790
         2      6050      1791
         2      6050      1882
         2      6051      1786
         2      6051      1876
         2      6052      1731
         2      6053      1715
         2      6053      1716
         2      6054      1718
         2      6055      1719
         2      6056      1892
         2      6057      1808
         2      6058      1723
         2      6059      1726
         2      6059      1727
         2      6059      1813
         2      6060      1901
         2      6061      1772
         2      6061      1773
         2      6061      1856
         2      6062      1793
         2      6063      1732
         2      6063      1733
         2      6063      1812
         2      6064      1731
         2      6064      1732
         2      6065      1765
         2      6065      1850
         2      6066      1744
         2      6066      1827
         2      6067      1638
         2      6067      1639
         2      6067      1734
         2      6068      1749
         2      6068      1751
         2      6069      1769
         2      6069      1770
         2      6069      1772
         2      6070      1643
         2      6070      1644
         2      6070      1739
         2      6071      1823
         2      6072      1745
         2      6072      1746
         2      6072      1833
         2      6073      1832
         2      6073      1833
         2      6073      1835
         2      6074      1816
         2      6074      1819
         2      6075      1743
         2      6075      1744
         2      6076      1649
         2      6076      1651
         2      6077      1824
         2      6077      1825
         2      6077      1916
         2      6078      1652
         2      6078      1745
         2      6079      1748
         2      6080      1750
         2      6080      1751
         2      6080      1753
         2      6081      1758
         2      6081      1759
         2      6082      1761
         2      6082      1762
         2      6082      1847
         2      6083      1749
         2      6083      1752
         2      6083      1836
         2      6084      1828
         2      6084      1831
         2      6085      1753
         2      6085      1839
         2      6086      1757
         2      6086      1840
         2      6087      1834
         2      6087      1835
         2      6087      1925
         2      6088      1755
         2      6088      1844
         2      6089      1762
         2      6090      1764
         2      6091      1766
         2      6091      1767
         2      6092      1761
         2      6092      1763
         2      6093      1854
         2      6094      1845
         2      6094      1846
         2      6095      1769
         2      6095      1771
         2      6096      1944
         2      6097      1848
         2      6097      1849
         2      6098      1797
         2      6098      1798
         2      6099      1775
         2      6099      1776
         2      6100      1776
         2      6100      1861
         2      6101      1868
         2      6101      1870
         2      6101      1872
         2      6102      1854
         2      6102      1855
         2      6103      1788
         2      6103      1790
         2      6104      1793
         2      6104      1794
         2      6105      1947
         2      6106      1858
         2      6107      1853
         2      6107      1950
         2      6108      1934
         2      6109      1836
         2      6109      1837
         2      6110      1780
         2      6110      1864
         2      6111      1865
         2      6111      1867
         2      6111      1869
         2      6112      1778
         2      6112      1779
         2      6113      1778
         2      6113      1867
         2      6114      1783
         2      6115      1781
         2      6115      1782
         2      6115      1870
         2      6116      1863
         2      6116      1864
         2      6116      1866
         2      6117      1924
         2      6117      1925
         2      6117      1929
         2      6118      1690
         2      6118      1785
         2      6119      1784
         2      6119      1786
         2      6120      1873
         2      6120      1874
         2      6120      1877
         2      6121      1792
         2      6121      1795
         2      6122      1789
         2      6122      1879
         2      6123      1879
         2      6123      1883
         2      6124      1871
         2      6124      1872
         2      6124      1974
         2      6125      1710
         2      6125      1797
         2      6126      1803
         2      6127      1884
         2      6127      1887
         2      6128      1868
         2      6128      1869
         2      6128      1971
         2      6129      1803
         2      6129      1804
         2      6130      1809
         2      6130      1903
         2      6131      1800
         2      6131      1801
         2      6132      1800
         2      6132      1802
         2      6133      1888
         2      6133      1890
         2      6134      1806
         2      6135      1805
         2      6135      1807
         2      6136      1892
         2      6136      1895
         2      6137      1896
         2      6137      1898
         2      6137      1900
         2      6138      1878
         2      6138      1982
         2      6139      1890
         2      6140      1806
         2      6140      1894
         2      6141      1805
         2      6141      1898
         2      6142      1936
         2      6142      1937
         2      6142      1939
         2      6143      1726
         2      6143      1728
         2      6143      1809
         2      6144      1812
         2      6144      1814
         2      6145      1899
         2      6145      1900
         2      6145      1999
         2      6146      1903
         2      6147      1810
         2      6147      1811
         2      6147      1907
         2      6148      1814
         2      6148      1815
         2      6149      1811
         2      6149      1906
         2      6150      1815
         2      6151      1908
         2      6152      1942
         2      6152      1943
         2      6153      1871
         2      6154      1818
         2      6154      1819
         2      6155      1823
         2      6155      1824
         2      6156      1817
         2      6157      1816
         2      6157      1817
         2      6158      1830
         2      6158      1831
         2      6158      1832
         2      6159      1820
         2      6159      1822
         2      6160      1915
         2      6160      1918
         2      6161      1914
         2      6161      1915
         2      6161      2016
         2      6162      1826
         2      6162      1827
         2      6162      1829
         2      6163      1826
         2      6163      1920
         2      6164      1919
         2      6164      1920
         2      6164      1922
         2      6165      1747
         2      6165      1834
         2      6166      1838
         2      6166      1839
         2      6166      1841
         2      6167      1927
         2      6168      1843
         2      6168      1844
         2      6168      1938
         2      6169      1841
         2      6169      1933
         2      6170      1938
         2      6170      1939
         2      6170      1941
         2      6171      1838
         2      6172      1931
         2      6173      1917
         2      6173      1918
         2      6173      2015
         2      6174      1828
         2      6174      1829
         2      6174      1921
         2      6175      1842
         2      6175      1843
         2      6176      1840
         2      6176      1937
         2      6177      1845
         2      6177      1847
         2      6177      1943
         2      6178      1951
         2      6179      1852
         2      6179      1948
         2      6180      2042
         2      6181      1848
         2      6181      1946
         2      6182      1856
         2      6182      1857
         2      6182      1859
         2      6183      1923
         2      6183      1924
         2      6183      2022
         2      6184      1850
         2      6184      1852
         2      6185      1851
         2      6185      1853
         2      6186      1858
         2      6186      1862
         2      6187      1947
         2      6187      1949
         2      6188      1952
         2      6188      1953
         2      6188      1955
         2      6189      1958
         2      6189      1960
         2      6189      1963
         2      6190      1954
         2      6191      1855
         2      6191      1953
         2      6192      1878
         2      6192      1977
         2      6193      1974
         2      6193      1976
         2      6194      1861
         2      6194      1863
         2      6195      1859
         2      6195      1960
         2      6196      1948
         2      6196      1949
         2      6196      2044
         2      6197      1961
         2      6197      1962
         2      6197      1966
         2      6198      1962
         2      6199      1860
         2      6199      1969
         2      6200      1940
         2      6200      1941
         2      6200      2037
         2      6201      2026
         2      6201      2027
         2      6202      1865
         2      6202      1866
         2      6202      1968
         2      6203      1875
         2      6203      1876
         2      6204      1881
         2      6204      1882
         2      6204      1884
         2      6205      1990
         2      6206      1875
         2      6206      1877
         2      6206      1979
         2      6207      1972
         2      6207      2063
         2      6208      1885
         2      6208      1889
         2      6209      1886
         2      6209      1887
         2      6210      1981
         2      6210      1982
         2      6210      1984
         2      6211      1880
         2      6211      1881
         2      6211      1987
         2      6212      1978
         2      6212      1979
         2      6212      2068
         2      6213      2049
         2      6213      2052
         2      6214      1911
         2      6214      1914
         2      6215      1885
         2      6215      1886
         2      6216      1888
         2      6216      1889
         2      6217      1891
         2      6218      1894
         2      6218      1897
         2      6219      1988
         2      6219      1990
         2      6220      1893
         2      6220      1998
         2      6221      1992
         2      6221      2080
         2      6222      1992
         2      6223      1991
         2      6224      1905
         2      6224      1906
         2      6224      1909
         2      6225      1899
         2      6225      2002
         2      6226      1896
         2      6226      1897
         2      6226      1997
         2      6227      1996
         2      6227      1997
         2      6227      2000
         2      6228      2067
         2      6228      2068
         2      6228      2069
         2      6229      2031
         2      6229      2033
         2      6229      2035
         2      6230      2007
         2      6231      2003
         2      6231      2090
         2      6232      2002
         2      6232      2090
         2      6233      1902
         2      6234      1996
         2      6234      1998
         2      6234      2084
         2      6235      2001
         2      6236      1904
         2      6236      2005
         2      6237      1905
         2      6238      1908
         2      6238      1909
         2      6239      2008
         2      6240      1981
         2      6241      1912
         2      6241      1913
         2      6242      1921
         2      6243      1916
         2      6243      1917
         2      6243      1919
         2      6244      1910
         2      6244      1912
         2      6245      1910
         2      6246      1928
         2      6246      1929
         2      6246      2021
         2      6247      2049
         2      6248      1911
         2      6248      1913
         2      6248      2013
         2      6249      1926
         2      6249      1927
         2      6250      1926
         2      6250      1928
         2      6250      2025
         2      6251      1922
         2      6251      2017
         2      6252      1930
         2      6252      1931
         2      6252      2027
         2      6253      1935
         2      6253      1936
         2      6253      2034
         2      6254      2021
         2      6255      2018
         2      6255      2107
         2      6256      2014
         2      6256      2015
         2      6256      2018
         2      6257      1932
         2      6257      1933
         2      6257      1935
         2      6258      1930
         2      6258      2029
         2      6259      1942
         2      6259      1944
         2      6259      2039
         2      6260      1951
         2      6260      2047
         2      6261      1940
         2      6262      1932
         2      6262      1934
         2      6262      2033
         2      6263      2019
         2      6263      2020
         2      6264      1945
         2      6264      1946
         2      6265      1945
         2      6265      2043
         2      6266      1964
         2      6266      1965
         2      6266      2059
         2      6267      2039
         2      6267      2041
         2      6268      2036
         2      6268      2037
         2      6268      2038
         2      6269      2022
         2      6269      2114
         2      6270      1950
         2      6270      1952
         2      6271      1954
         2      6271      1959
         2      6272      1971
         2      6272      1972
         2      6272      1973
         2      6273      2042
         2      6273      2046
         2      6274      1860
         2      6274      1862
         2      6274      1965
         2      6275      1967
         2      6275      1968
         2      6275      1970
         2      6276      1967
         2      6276      1969
         2      6276      2058
         2      6277      2047
         2      6277      2048
         2      6278      2128
         2      6279      1955
         2      6279      2050
         2      6280      2040
         2      6280      2041
         2      6280      2134
         2      6281      2043
         2      6281      2136
         2      6282      2019
         2      6282      2111
         2      6283      1957
         2      6283      1958
         2      6283      2056
         2      6284      1973
         2      6284      2062
         2      6285      1986
         2      6285      1989
         2      6286      1956
         2      6286      1957
         2      6286      2149
         2      6287      2012
         2      6287      2013
         2      6288      1873
         2      6288      1975
         2      6289      1975
         2      6289      1976
         2      6289      2065
         2      6290      2062
         2      6290      2066
         2      6291      1977
         2      6291      1978
         2      6291      1980
         2      6292      1880
         2      6292      1883
         2      6292      1983
         2      6293      1994
         2      6293      1995
         2      6293      2085
         2      6294      1993
         2      6294      1994
         2      6294      2083
         2      6295      1983
         2      6295      1984
         2      6295      2071
         2      6296      2070
         2      6296      2071
         2      6296      2072
         2      6297      1985
         2      6297      1986
         2      6297      2075
         2      6298      1985
         2      6298      1987
         2      6299      2155
         2      6299      2157
         2      6300      2158
         2      6300      2159
         2      6300      2160
         2      6301      1988
         2      6301      1989
         2      6302      1991
         2      6302      2077
         2      6303      2076
         2      6303      2077
         2      6304      2045
         2      6304      2046
         2      6304      2139
         2      6305      2014
         2      6306      2009
         2      6307      2078
         2      6308      1891
         2      6308      1993
         2      6309      1893
         2      6309      1895
         2      6309      1995
         2      6310      1999
         2      6310      2001
         2      6311      2004
         2      6312      2079
         2      6312      2177
         2      6313      2000
         2      6314      2082
         2      6314      2083
         2      6315      2005
         2      6316      2089
         2      6317      2089
         2      6317      2093
         2      6318      2175
         2      6319      2074
         2      6319      2075
         2      6319      2169
         2      6320      2004
         2      6320      2092
         2      6321      2095
         2      6322      2100
         2      6322      2103
         2      6322      2194
         2      6323      2096
         2      6323      2099
         2      6324      2094
         2      6324      2095
         2      6324      2098
         2      6325      2085
         2      6326      2008
         2      6326      2009
         2      6326      2102
         2      6327      2106
         2      6328      2109
         2      6328      2110
         2      6329      2010
         2      6329      2012
         2      6330      2011
         2      6331      2053
         2      6331      2054
         2      6331      2147
         2      6332      2109
         2      6333      2016
         2      6333      2106
         2      6334      1923
         2      6334      2020
         2      6335      2017
         2      6335      2110
         2      6336      2024
         2      6336      2025
         2      6336      2026
         2      6337      2028
         2      6337      2029
         2      6337      2032
         2      6338      2023
         2      6338      2024
         2      6339      2135
         2      6339      2136
         2      6339      2140
         2      6340      2028
         2      6341      2030
         2      6341      2031
         2      6341      2122
         2      6342      2073
         2      6342      2074
         2      6342      2171
         2      6343      2121
         2      6344      2034
         2      6345      2038
         2      6345      2126
         2      6346      2030
         2      6346      2032
         2      6346      2119
         2      6347      2108
         2      6348      2035
         2      6348      2121
         2      6349      2036
         2      6349      2123
         2      6350      2040
         2      6351      2044
         2      6351      2045
         2      6352      2127
         2      6353      2113
         2      6353      2115
         2      6354      2048
         2      6354      2141
         2      6355      2051
         2      6355      2052
         2      6355      2145
         2      6356      2055
         2      6356      2152
         2      6357      2056
         2      6357      2150
         2      6358      2137
         2      6358      2139
         2      6358      2142
         2      6359      2050
         2      6359      2051
         2      6359      2053
         2      6360      1956
         2      6360      1959
         2      6360      2054
         2      6361      2144
         2      6361      2145
         2      6361      2148
         2      6362      2216
         2      6362      2219
         2      6363      2116
         2      6364      1961
         2      6364      1963
         2      6364      2055
         2      6365      2151
         2      6365      2154
         2      6366      2058
         2      6366      2061
         2      6367      2057
         2      6367      2059
         2      6367      2153
         2      6368      2064
         2      6368      2065
         2      6369      1964
         2      6369      1966
         2      6369      2151
         2      6370      2149
         2      6371      1970
         2      6371      2060
         2      6372      2057
         2      6373      2060
         2      6374      2063
         2      6374      2159
         2      6375      1980
         2      6376      2070
         2      6376      2166
         2      6377      2152
         2      6377      2238
         2      6378      2064
         2      6379      2156
         2      6379      2157
         2      6379      2241
         2      6380      2143
         2      6380      2144
         2      6380      2229
         2      6381      2118
         2      6381      2120
         2      6381      2208
         2      6382      2067
         2      6382      2162
         2      6383      2069
         2      6383      2163
         2      6384      2073
         2      6384      2076
         2      6385      2072
         2      6385      2168
         2      6386      2078
         2      6386      2079
         2      6386      2081
         2      6387      2168
         2      6387      2170
         2      6388      2169
         2      6389      2080
         2      6389      2081
         2      6390      2088
         2      6391      2172
         2      6391      2173
         2      6391      2261
         2      6392      2167
         2      6392      2252
         2      6393      2138
         2      6393      2140
         2      6393      2223
         2      6394      2199
         2      6394      2201
         2      6395      2101
         2      6395      2102
         2      6395      2104
         2      6396      2084
         2      6396      2087
         2      6397      2086
         2      6398      2091
         2      6398      2092
         2      6398      2094
         2      6399      2082
         2      6399      2179
         2      6400      2086
         2      6400      2087
         2      6401      2181
         2      6402      2178
         2      6402      2179
         2      6403      2182
         2      6404      2172
         2      6404      2258
         2      6405      2088
         2      6405      2184
         2      6406      2091
         2      6406      2093
         2      6406      2187
         2      6407      2183
         2      6407      2276
         2      6408      2097
         2      6408      2098
         2      6408      2191
         2      6409      2101
         2      6409      2103
         2      6409      2193
         2      6410      2192
         2      6410      2193
         2      6411      2104
         2      6411      2195
         2      6412      2200
         2      6412      2201
         2      6413      2237
         2      6413      2238
         2      6413      2240
         2      6414      2112
         2      6414      2200
         2      6415      2105
         2      6416      2010
         2      6416      2011
         2      6416      2105
         2      6417      2107
         2      6417      2108
         2      6418      2114
         2      6418      2115
         2      6419      2198
         2      6420      2111
         2      6420      2112
         2      6421      2119
         2      6421      2120
         2      6421      2210
         2      6422      2023
         2      6422      2116
         2      6423      2117
         2      6423      2118
         2      6424      2117
         2      6425      2217
         2      6425      2218
         2      6425      2221
         2      6426      2125
         2      6426      2126
         2      6426      2130
         2      6427      2133
         2      6427      2134
         2      6427      2135
         2      6428      2212
         2      6429      2205
         2      6429      2209
         2      6430      2124
         2      6431      2207
         2      6431      2208
         2      6431      2211
         2      6432      2113
         2      6432      2202
         2      6433      2239
         2      6434      2123
         2      6434      2124
         2      6435      2122
         2      6435      2212
         2      6436      2131
         2      6436      2133
         2      6436      2224
         2      6437      2129
         2      6437      2130
         2      6437      2218
         2      6438      2146
         2      6439      2216
         2      6440      2128
         2      6440      2129
         2      6440      2132
         2      6441      2125
         2      6441      2127
         2      6442      2141
         2      6442      2142
         2      6442      2143
         2      6443      2147
         2      6444      2207
         2      6444      2209
         2      6444      2301
         2      6445      2137
         2      6445      2138
         2      6445      2225
         2      6446      2156
         2      6446      2243
         2      6447      2220
         2      6447      2313
         2      6448      2150
         2      6448      2234
         2      6449      2066
         2      6450      2228
         2      6450      2229
         2      6451      2307
         2      6451      2309
         2      6451      2403
         2      6452      2211
         2      6452      2302
         2      6453      2291
         2      6454      2146
         2      6454      2148
         2      6454      2231
         2      6455      2185
         2      6455      2186
         2      6456      2154
         2      6456      2239
         2      6457      2181
         2      6457      2273
         2      6458      2153
         2      6458      2155
         2      6459      2061
         2      6460      2243
         2      6460      2245
         2      6461      2160
         2      6461      2246
         2      6462      2228
         2      6462      2320
         2      6463      2161
         2      6463      2162
         2      6463      2164
         2      6464      2163
         2      6464      2167
         2      6465      2164
         2      6465      2249
         2      6466      2158
         2      6466      2244
         2      6467      2257
         2      6467      2258
         2      6468      2246
         2      6468      2248
         2      6469      2244
         2      6470      2161
         2      6470      2247
         2      6471      2236
         2      6471      2327
         2      6472      2213
         2      6473      2165
         2      6473      2166
         2      6474      2165
         2      6474      2253
         2      6475      2252
         2      6475      2255
         2      6476      2294
         2      6477      2188
         2      6477      2189
         2      6478      2171
         2      6478      2173
         2      6479      2170
         2      6479      2256
         2      6480      2176
         2      6480      2177
         2      6480      2178
         2      6481      2180
         2      6481      2269
         2      6482      2256
         2      6483      2323
         2      6484      2174
         2      6484      2175
         2      6485      2174
         2      6485      2264
         2      6486      2262
         2      6486      2264
         2      6486      2266
         2      6487      2176
         2      6487      2265
         2      6488      2259
         2      6488      2261
         2      6488      2263
         2      6489      2180
         2      6490      2182
         2      6490      2183
         2      6490      2185
         2      6491      2267
         2      6491      2268
         2      6492      2271
         2      6493      2270
         2      6493      2356
         2      6494      2254
         2      6495      2204
         2      6496      2184
         2      6496      2186
         2      6496      2188
         2      6497      2187
         2      6497      2189
         2      6498      2275
         2      6498      2276
         2      6499      2190
         2      6499      2191
         2      6500      2195
         2      6500      2196
         2      6501      2278
         2      6502      2272
         2      6502      2362
         2      6503      2245
         2      6503      2333
         2      6504      2190
         2      6505      2192
         2      6506      2284
         2      6507      2283
         2      6508      2196
         2      6509      2302
         2      6510      2198
         2      6510      2288
         2      6511      2199
         2      6512      2197
         2      6513      2197
         2      6513      2286
         2      6514      2203
         2      6515      2202
         2      6515      2203
         2      6516      2287
         2      6516      2289
         2      6517      2204
         2      6517      2206
         2      6518      2205
         2      6518      2206
         2      6518      2298
         2      6519      2311
         2      6520      2294
         2      6520      2295
         2      6521      2232
         2      6521      2233
         2      6521      2324
         2      6522      2268
         2      6523      2299
         2      6524      2293
         2      6525      2210
         2      6526      2213
         2      6526      2215
         2      6527      2131
         2      6527      2132
         2      6527      2220
         2      6528      2301
         2      6529      2226
         2      6529      2315
         2      6530      2227
         2      6530      2317
         2      6531      2295
         2      6531      2387
         2      6532      2217
         2      6532      2219
         2      6532      2308
         2      6533      2221
         2      6533      2311
         2      6534      2225
         2      6534      2226
         2      6534      2227
         2      6535      2316
         2      6535      2411
         2      6536      2308
         2      6536      2309
         2      6536      2310
         2      6537      2390
         2      6537      2391
         2      6537      2481
         2      6538      2222
         2      6538      2223
         2      6539      2222
         2      6539      2316
         2      6540      2230
         2      6540      2231
         2      6540      2232
         2      6541      2233
         2      6541      2235
         2      6542      2315
         2      6542      2318
         2      6543      2300
         2      6543      2394
         2      6544      2230
         2      6544      2323
         2      6545      2237
         2      6545      2326
         2      6546      2234
         2      6546      2236
         2      6547      2241
         2      6547      2242
         2      6548      2242
         2      6548      2332
         2      6549      2324
         2      6549      2325
         2      6550      2410
         2      6550      2411
         2      6551      2240
         2      6551      2329
         2      6552      2250
         2      6552      2339
         2      6553      2326
         2      6553      2330
         2      6554      2247
         2      6555      2249
         2      6555      2250
         2      6555      2251
         2      6556      2332
         2      6556      2334
         2      6557      2318
         2      6557      2409
         2      6558      2376
         2      6558      2377
         2      6558      2380
         2      6559      2440
         2      6559      4314
         2      6560      2248
         2      6560      2337
         2      6561      2336
         2      6561      2337
         2      6562      2253
         2      6562      2254
         2      6563      2251
         2      6563      2341
         2      6564      2257
         2      6565      2341
         2      6566      2255
         2      6566      2342
         2      6567      2330
         2      6567      2420
         2      6568      2274
         2      6568      2361
         2      6569      2262
         2      6569      2263
         2      6569      2351
         2      6570      2265
         2      6570      2266
         2      6571      2273
         2      6571      2274
         2      6571      2275
         2      6572      2267
         2      6572      2349
         2      6573      2343
         2      6573      2344
         2      6573      2438
         2      6574      2293
         2      6574      2383
         2      6575      2322
         2      6575      2414
         2      6576      2269
         2      6576      2270
         2      6577      2271
         2      6577      2272
         2      6578      2355
         2      6578      2356
         2      6579      2277
         2      6579      2279
         2      6580      2280
         2      6581      2277
         2      6581      2365
         2      6582      2363
         2      6583      2352
         2      6583      2354
         2      6583      2451
         2      6584      2346
         2      6584      2347
         2      6584      2439
         2      6585      2278
         2      6585      2279
         2      6586      2367
         2      6587      2280
         2      6587      2370
         2      6588      2368
         2      6588      2370
         2      6588      2372
         2      6589      2458
         2      6589      2459
         2      6589      2462
         2      6590      2281
         2      6590      2283
         2      6590      2373
         2      6591      2386
         2      6591      2388
         2      6591      2479
         2      6592      2303
         2      6592      2304
         2      6593      2296
         2      6593      2298
         2      6593      2300
         2      6594      2288
         2      6594      2289
         2      6594      2292
         2      6595      2285
         2      6595      2286
         2      6595      2287
         2      6596      2285
         2      6597      2393
         2      6597      2394
         2      6598      2290
         2      6598      2291
         2      6599      2290
         2      6599      2292
         2      6599      2377
         2      6600      2379
         2      6601      2402
         2      6601      2406
         2      6602      2395
         2      6602      2396
         2      6603      2336
         2      6603      2430
         2      6604      2420
         2      6605      2378
         2      6605      2379
         2      6605      2385
         2      6606      2304
         2      6606      2306
         2      6607      2214
         2      6607      2307
         2      6608      2303
         2      6608      2396
         2      6609      2297
         2      6609      2299
         2      6609      2391
         2      6610      2214
         2      6610      2215
         2      6610      2305
         2      6611      2317
         2      6611      2321
         2      6612      2374
         2      6612      2473
         2      6613      2325
         2      6613      2416
         2      6614      2338
         2      6614      2339
         2      6614      2340
         2      6615      2312
         2      6615      2313
         2      6615      2314
         2      6616      2310
         2      6616      2402
         2      6617      2487
         2      6618      2404
         2      6618      2405
         2      6619      2482
         2      6620      2312
         2      6620      2405
         2      6621      2319
         2      6621      2320
         2      6621      2322
         2      6622      2235
         2      6623      2409
         2      6624      2378
         2      6624      2380
         2      6624      2475
         2      6625      2331
         2      6626      2319
         2      6627      2357
         2      6627      2450
         2      6628      2338
         2      6628      2429
         2      6629      2328
         2      6629      2329
         2      6629      2331
         2      6630      2327
         2      6630      2419
         2      6631      2333
         2      6631      2335
         2      6632      2419
         2      6633      2498
         2      6633      2500
         2      6634      2474
         2      6634      2475
         2      6634      2476
         2      6635      2397
         2      6635      2398
         2      6636      2328
         2      6636      2421
         2      6637      2342
         2      6637      2435
         2      6638      2429
         2      6639      2344
         2      6639      2346
         2      6640      2348
         2      6640      2350
         2      6640      2447
         2      6641      2423
         2      6641      2510
         2      6642      2417
         2      6642      2505
         2      6643      2418
         2      6643      2506
         2      6644      2340
         2      6644      2433
         2      6645      2365
         2      6645      2459
         2      6646      2343
         2      6646      2436
         2      6647      2437
         2      6647      2438
         2      6648      2349
         2      6648      2350
         2      6648      2353
         2      6649      2442
         2      6649      2445
         2      6649      4314
         2      6650      2439
         2      6651      2430
         2      6651      2519
         2      6652      2497
         2      6653      2354
         2      6653      2355
         2      6654      2357
         2      6655      2348
         2      6655      2351
         2      6655      2444
         2      6656      2485
         2      6656      2579
         2      6657      2360
         2      6657      2361
         2      6658      2363
         2      6658      2456
         2      6659      2449
         2      6659      2450
         2      6659      2453
         2      6660      2358
         2      6660      2360
         2      6660      2457
         2      6661      2446
         2      6661      2540
         2      6662      2364
         2      6663      2366
         2      6663      2367
         2      6663      2369
         2      6664      2368
         2      6664      2369
         2      6665      2364
         2      6665      2461
         2      6666      2463
         2      6666      2464
         2      6667      2460
         2      6667      2461
         2      6667      2463
         2      6668      2452
         2      6668      2453
         2      6668      2541
         2      6669      2381
         2      6669      2384
         2      6669      2571
         2      6670      2366
         2      6670      2464
         2      6671      2282
         2      6671      2284
         2      6671      2371
         2      6672      2371
         2      6672      2372
         2      6673      2466
         2      6673      2467
         2      6674      2281
         2      6674      2282
         2      6675      2558
         2      6676      2483
         2      6677      2373
         2      6678      2389
         2      6678      2390
         2      6678      2477
         2      6679      2376
         2      6680      2375
         2      6681      2374
         2      6681      2375
         2      6682      2387
         2      6682      2388
         2      6682      2389
         2      6683      2398
         2      6683      2400
         2      6684      2382
         2      6684      2383
         2      6684      2386
         2      6685      2397
         2      6686      2393
         2      6686      2483
         2      6687      2413
         2      6687      2415
         2      6687      2503
         2      6688      2515
         2      6688      2518
         2      6689      2382
         2      6689      2384
         2      6689      2572
         2      6690      2395
         2      6691      2399
         2      6691      2490
         2      6692      2476
         2      6692      2566
         2      6693      2496
         2      6693      2497
         2      6694      2401
         2      6694      2489
         2      6695      2501
         2      6695      2502
         2      6696      2508
         2      6696      2510
         2      6696      2512
         2      6697      2404
         2      6698      2406
         2      6699      2408
         2      6699      2494
         2      6700      2410
         2      6700      2498
         2      6701      2479
         2      6701      2574
         2      6702      2573
         2      6702      2574
         2      6703      2321
         2      6703      2412
         2      6704      2407
         2      6704      2408
         2      6704      2496
         2      6705      2414
         2      6705      2415
         2      6705      2417
         2      6706      2412
         2      6706      2499
         2      6707      2422
         2      6707      2423
         2      6708      2427
         2      6708      2428
         2      6709      2416
         2      6709      2418
         2      6710      2413
         2      6710      2502
         2      6711      2499
         2      6712      2478
         2      6713      2421
         2      6713      2422
         2      6713      2426
         2      6714      2424
         2      6714      2427
         2      6715      2527
         2      6715      2529
         2      6716      2505
         2      6716      2507
         2      6717      2432
         2      6717      2433
         2      6718      2425
         2      6718      2426
         2      6718      2514
         2      6719      2506
         2      6719      2509
         2      6720      2335
         2      6721      2424
         2      6721      2425
         2      6721      2516
         2      6722      2434
         2      6722      2435
         2      6723      2431
         2      6723      2432
         2      6723      2523
         2      6724      2437
         2      6724      2529
         2      6725      2520
         2      6725      2617
         2      6726      2507
         2      6726      2602
         2      6727      2595
         2      6727      2597
         2      6728      2436
         2      6729      2431
         2      6729      2521
         2      6730      2521
         2      6731      2491
         2      6731      2587
         2      6732      2577
         2      6733      2534
         2      6733      2535
         2      6734      2434
         2      6734      2526
         2      6735      2444
         2      6735      2537
         2      6736      2441
         2      6737      2524
         2      6737      2526
         2      6737      2528
         2      6738      2465
         2      6738      2466
         2      6739      2440
         2      6739      2441
         2      6740      2532
         2      6740      2534
         2      6740      2536
         2      6741      2520
         2      6742      2352
         2      6742      2353
         2      6742      2446
         2      6743      2359
         2      6743      2362
         2      6743      2452
         2      6744      2447
         2      6745      2513
         2      6745      2514
         2      6745      2610
         2      6746      2504
         2      6746      2601
         2      6747      2448
         2      6747      2449
         2      6747      2542
         2      6748      2455
         2      6748      2456
         2      6748      2458
         2      6749      2358
         2      6749      2359
         2      6749      2543
         2      6750      2454
         2      6750      2455
         2      6750      2547
         2      6751      2543
         2      6751      2544
         2      6752      2454
         2      6752      2457
         2      6753      2545
         2      6753      2546
         2      6753      2550
         2      6754      2536
         2      6754      2630
         2      6755      2600
         2      6755      2601
         2      6755      2603
         2      6756      2460
         2      6756      2462
         2      6756      2546
         2      6757      2549
         2      6758      2465
         2      6758      2551
         2      6759      2545
         2      6759      2638
         2      6760      2515
         2      6760      2516
         2      6760      2612
         2      6761      2469
         2      6762      2467
         2      6763      2468
         2      6764      2556
         2      6764      2558
         2      6764      2561
         2      6765      2468
         2      6765      2560
         2      6766      2469
         2      6766      2564
         2      6767      2562
         2      6767      2564
         2      6768      2470
         2      6768      2473
         2      6768      2474
         2      6769      2472
         2      6770      2565
         2      6771      2381
         2      6771      2385
         2      6772      2477
         2      6772      2478
         2      6773      2570
         2      6773      2571
         2      6774      2480
         2      6774      2481
         2      6775      2484
         2      6775      2485
         2      6776      2575
         2      6776      2576
         2      6776      2654
         2      6777      2495
         2      6777      2591
         2      6778      2480
         2      6779      2484
         2      6780      2399
         2      6780      2400
         2      6780      2486
         2      6781      2585
         2      6782      2576
         2      6783      2572
         2      6784      2488
         2      6784      2489
         2      6784      2491
         2      6785      2486
         2      6786      2493
         2      6786      2494
         2      6786      2495
         2      6787      2488
         2      6787      2490
         2      6787      2584
         2      6788      2503
         2      6788      2504
         2      6789      2587
         2      6789      2589
         2      6790      2492
         2      6790      2493
         2      6790      2592
         2      6791      2492
         2      6791      2588
         2      6792      2583
         2      6792      2584
         2      6792      2586
         2      6793      2542
         2      6793      2633
         2      6794      2500
         2      6794      2593
         2      6795      2501
         2      6795      2597
         2      6796      2511
         2      6796      2513
         2      6797      2509
         2      6798      2511
         2      6799      2538
         2      6799      2539
         2      6799      2634
         2      6800      2589
         2      6800      2667
         2      6801      4313
         2      6802      2519
         2      6803      2604
         2      6803      2606
         2      6804      2582
         2      6804      2583
         2      6804      2666
         2      6805      2581
         2      6805      2660
         2      6806      2670
         2      6806      2756
         2      6807      2508
         2      6807      2605
         2      6808      2522
         2      6808      2523
         2      6808      2525
         2      6809      2517
         2      6809      4313
         2      6810      2531
         2      6811      2609
         2      6811      2610
         2      6812      2611
         2      6812      2612
         2      6812      2614
         2      6813      2652
         2      6813      2653
         2      6813      2658
         2      6814      2530
         2      6814      2533
         2      6815      2527
         2      6816      2616
         2      6816      2619
         2      6817      2522
         2      6817      2618
         2      6818      2524
         2      6819      2614
         2      6819      2688
         2      6820      2618
         2      6821      2532
         2      6821      2533
         2      6821      2627
         2      6822      2541
         2      6823      2623
         2      6823      2625
         2      6824      2578
         2      6824      2580
         2      6825      2570
         2      6826      2530
         2      6826      2531
         2      6826      2624
         2      6827      2631
         2      6828      2448
         2      6828      2451
         2      6828      2539
         2      6829      2630
         2      6829      2712
         2      6830      2548
         2      6830      2549
         2      6830      2552
         2      6831      2551
         2      6831      2552
         2      6831      2555
         2      6832      2710
         2      6832      2712
         2      6833      2544
         2      6833      2635
         2      6834      2632
         2      6834      2714
         2      6835      2559
         2      6835      2560
         2      6835      2563
         2      6836      2547
         2      6836      2637
         2      6837      2626
         2      6837      2628
         2      6837      2707
         2      6838      2611
         2      6838      2685
         2      6839      2661
         2      6840      2567
         2      6840      2569
         2      6840      2648
         2      6841      2554
         2      6841      2557
         2      6842      2548
         2      6842      2550
         2      6842      2641
         2      6843      2641
         2      6844      2553
         2      6844      2554
         2      6844      2644
         2      6845      2639
         2      6846      2559
         2      6846      2561
         2      6846      2647
         2      6847      2562
         2      6847      2563
         2      6848      2645
         2      6849      2603
         2      6850      2579
         2      6850      2580
         2      6850      2581
         2      6851      2568
         2      6852      2471
         2      6852      2472
         2      6852      2565
         2      6853      2470
         2      6853      2471
         2      6853      2567
         2      6854      2566
         2      6854      2568
         2      6855      2598
         2      6855      2600
         2      6855      2678
         2      6856      2599
         2      6856      2676
         2      6857      2569
         2      6858      2573
         2      6859      2737
         2      6860      2578
         2      6861      2577
         2      6861      2653
         2      6862      2665
         2      6863      2657
         2      6864      2674
         2      6865      2607
         2      6865      2608
         2      6865      2682
         2      6866      2656
         2      6866      2657
         2      6867      2591
         2      6867      2594
         2      6868      2512
         2      6868      2608
         2      6869      2593
         2      6869      2596
         2      6870      2586
         2      6870      2665
         2      6871      2582
         2      6871      2585
         2      6871      2664
         2      6872      2650
         2      6872      2739
         2      6873      2590
         2      6873      2671
         2      6874      2594
         2      6874      2674
         2      6875      2666
         2      6876      2602
         2      6876      2604
         2      6877      2607
         2      6877      2683
         2      6878      2595
         2      6879      2615
         2      6879      2616
         2      6880      2613
         2      6880      2689
         2      6881      2621
         2      6882      2609
         2      6883      2770
         2      6883      2773
         2      6884      2669
         2      6885      2677
         2      6885      2681
         2      6886      2668
         2      6887      2651
         2      6887      2742
         2      6888      2680
         2      6889      2640
         2      6890      2699
         2      6891      2691
         2      6891      2695
         2      6892      2684
         2      6892      2686
         2      6893      2748
         2      6894      2694
         2      6895      2623
         2      6895      2703
         2      6896      2619
         2      6896      2693
         2      6897      2624
         2      6897      2625
         2      6898      2687
         2      6898      2688
         2      6898      2692
         2      6899      2525
         2      6899      2620
         2      6900      2528
         2      6900      2622
         2      6901      2627
         2      6901      2628
         2      6901      2629
         2      6902      2620
         2      6902      2621
         2      6902      2698
         2      6903      2622
         2      6903      2700
         2      6904      2702
         2      6904      2703
         2      6905      2626
         2      6906      2708
         2      6906      2711
         2      6907      2694
         2      6907      2695
         2      6908      2540
         2      6908      2632
         2      6909      2629
         2      6910      2538
         2      6910      2715
         2      6911      2634
         2      6912      2706
         2      6912      2707
         2      6912      2709
         2      6913      2633
         2      6913      2636
         2      6914      2635
         2      6915      2713
         2      6915      2714
         2      6916      2637
         2      6916      2639
         2      6917      2638
         2      6917      2640
         2      6918      2717
         2      6918      2720
         2      6919      2705
         2      6919      2706
         2      6919      2790
         2      6920      2710
         2      6921      2762
         2      6921      2763
         2      6922      2662
         2      6922      2664
         2      6922      2752
         2      6923      2636
         2      6924      2553
         2      6924      2555
         2      6924      2642
         2      6925      2556
         2      6925      2557
         2      6925      2643
         2      6926      2722
         2      6926      2725
         2      6927      2642
         2      6927      2724
         2      6928      2719
         2      6928      2720
         2      6929      2724
         2      6929      2727
         2      6930      2780
         2      6930      2783
         2      6931      2644
         2      6931      2726
         2      6932      2643
         2      6932      2728
         2      6933      2646
         2      6933      2647
         2      6933      2731
         2      6934      2731
         2      6934      2733
         2      6935      2732
         2      6935      2734
         2      6936      2645
         2      6936      2646
         2      6936      2732
         2      6937      2750
         2      6937      2835
         2      6938      2675
         2      6938      2759
         2      6939      2737
         2      6939      2740
         2      6940      2649
         2      6941      2648
         2      6941      2649
         2      6942      2650
         2      6943      2651
         2      6944      2575
         2      6945      2659
         2      6945      2660
         2      6945      2663
         2      6946      2655
         2      6946      2656
         2      6946      2749
         2      6947      2741
         2      6947      2742
         2      6947      2744
         2      6948      2743
         2      6949      2743
         2      6949      2744
         2      6950      2738
         2      6950      2739
         2      6951      2652
         2      6951      2654
         2      6952      2741
         2      6952      2826
         2      6953      2667
         2      6953      2668
         2      6954      2596
         2      6954      2675
         2      6955      2747
         2      6955      2748
         2      6955      2750
         2      6956      2736
         2      6956      2818
         2      6957      2672
         2      6957      2755
         2      6958      2773
         2      6959      2669
         2      6959      2756
         2      6960      2671
         2      6960      2672
         2      6960      2673
         2      6961      2598
         2      6961      2599
         2      6961      2763
         2      6962      2676
         2      6963      2673
         2      6964      2662
         2      6964      2663
         2      6964      2837
         2      6965      2751
         2      6965      2753
         2      6966      2701
         2      6966      2878
         2      6967      2679
         2      6967      2681
         2      6968      2764
         2      6968      2765
         2      6968      2767
         2      6969      2677
         2      6969      2678
         2      6969      2765
         2      6970      2684
         2      6970      2771
         2      6971      2682
         2      6972      2685
         2      6972      2686
         2      6973      2762
         2      6974      2690
         2      6974      2691
         2      6974      2778
         2      6975      2708
         2      6975      2709
         2      6975      2792
         2      6976      2768
         2      6976      2861
         2      6977      2844
         2      6978      2693
         2      6979      2687
         2      6980      2705
         2      6981      2861
         2      6982      2774
         2      6982      2776
         2      6983      2757
         2      6983      2758
         2      6983      2846
         2      6984      2696
         2      6984      2698
         2      6984      2701
         2      6985      2702
         2      6986      2704
         2      6986      2787
         2      6987      2792
         2      6987      2793
         2      6988      2777
         2      6988      2778
         2      6988      2870
         2      6989      2704
         2      6990      2713
         2      6990      2795
         2      6991      2716
         2      6991      2797
         2      6992      2715
         2      6992      2716
         2      6992      2718
         2      6993      2711
         2      6994      2788
         2      6994      2790
         2      6994      2791
         2      6995      2719
         2      6996      2721
         2      6997      2795
         2      6998      2791
         2      6998      2888
         2      6999      2721
         2      6999      2803
         2      7000      2717
         2      7000      2718
         2      7000      2799
         2      7001      2798
         2      7001      2799
         2      7001      2801
         2      7002      2793
         2      7002      2794
         2      7003      2783
         2      7004      2726
         2      7004      2729
         2      7005      2728
         2      7005      2730
         2      7006      2804
         2      7006      2806
         2      7006      2808
         2      7007      2802
         2      7007      2803
         2      7007      2805
         2      7008      2863
         2      7009      2747
         2      7009      2749
         2      7010      2851
         2      7010      2853
         2      7010      2856
         2      7011      2722
         2      7011      2806
         2      7012      2723
         2      7013      2727
         2      7014      2729
         2      7015      2810
         2      7015      2811
         2      7016      4308
         2      7017      2804
         2      7017      2805
         2      7018      2730
         2      7019      2733
         2      7020      2734
         2      7021      2834
         2      7021      2835
         2      7021      2838
         2      7022      2824
         2      7023      2822
         2      7023      2824
         2      7023      2827
         2      7024      2736
         2      7025      2735
         2      7026      2735
         2      7026      2814
         2      7027      2746
         2      7028      2738
         2      7028      2740
         2      7028      2821
         2      7029      2830
         2      7030      2745
         2      7030      2832
         2      7031      2820
         2      7031      2821
         2      7031      2823
         2      7032      2655
         2      7032      2658
         2      7033      2659
         2      7033      2661
         2      7034      2828
         2      7034      2830
         2      7035      2825
         2      7035      2826
         2      7035      2829
         2      7036      2761
         2      7037      2772
         2      7037      2863
         2      7038      2774
         2      7039      2836
         2      7039      2837
         2      7039      2840
         2      7040      2754
         2      7040      2755
         2      7040      2757
         2      7041      2753
         2      7042      2839
         2      7042      2842
         2      7043      2822
         2      7043      2823
         2      7043      2920
         2      7044      2816
         2      7044      2819
         2      7044      2917
         2      7045      2751
         2      7045      2752
         2      7046      2758
         2      7046      2760
         2      7047      2754
         2      7047      2844
         2      7048      2766
         2      7048      2769
         2      7049      2761
         2      7049      2849
         2      7050      2845
         2      7050      2846
         2      7050      2848
         2      7051      2919
         2      7051      2920
         2      7052      2759
         2      7053      2766
         2      7053      2767
         2      7053      2855
         2      7054      2764
         2      7054      2853
         2      7055      2782
         2      7056      2857
         2      7056      2860
         2      7057      2771
         2      7057      2772
         2      7058      2768
         2      7058      2769
         2      7059      2847
         2      7059      2942
         2      7060      2690
         2      7060      2692
         2      7060      2775
         2      7061      2775
         2      7061      2776
         2      7062      2785
         2      7062      2787
         2      7062      2789
         2      7063      2881
         2      7063      2882
         2      7063      2884
         2      7064      2864
         2      7064      2866
         2      7065      2843
         2      7066      2923
         2      7066      2926
         2      7067      2777
         2      7067      2781
         2      7068      2779
         2      7068      2780
         2      7068      2874
         2      7069      2869
         2      7069      2870
         2      7069      2872
         2      7070      2828
         2      7070      2829
         2      7070      2923
         2      7071      2697
         2      7071      2699
         2      7071      2782
         2      7072      2786
         2      7073      2696
         2      7073      2697
         2      7073      2876
         2      7074      2880
         2      7075      2794
         2      7076      2788
         2      7076      2789
         2      7076      2885
         2      7077      2867
         2      7077      2869
         2      7077      2960
         2      7078      2963
         2      7078      2966
         2      7079      2784
         2      7079      2882
         2      7080      2785
         2      7080      2786
         2      7081      2957
         2      7081      2958
         2      7081      2961
         2      7082      2891
         2      7082      2894
         2      7083      2807
         2      7084      2812
         2      7085      2796
         2      7085      2797
         2      7086      2800
         2      7087      2893
         2      7088      2883
         2      7088      2884
         2      7089      2796
         2      7089      2893
         2      7090      2798
         2      7091      2833
         2      7091      2834
         2      7091      2930
         2      7092      2813
         2      7093      2800
         2      7093      2801
         2      7093      2898
         2      7094      2802
         2      7094      2901
         2      7095      2809
         2      7096      2811
         2      7097      2905
         2      7098      2810
         2      7098      2909
         2      7099      2812
         2      7099      2915
         2      7100      2910
         2      7101      2983
         2      7101      3071
         2      7102      2903
         2      7102      2904
         2      7103      2879
         2      7103      2967
         2      7104      2928
         2      7104      2930
         2      7104      2932
         2      7105      2946
         2      7106      2813
         2      7106      2914
         2      7107      2889
         2      7107      2890
         2      7107      2972
         2      7108      2825
         2      7108      2827
         2      7108      2922
         2      7109      2818
         2      7109      2819
         2      7109      2820
         2      7110      2814
         2      7110      2817
         2      7111      2815
         2      7111      2816
         2      7112      2745
         2      7112      2746
         2      7113      2833
         2      7114      2841
         2      7114      2843
         2      7115      2924
         2      7116      2948
         2      7116      2949
         2      7116      2950
         2      7117      2831
         2      7117      2929
         2      7118      2916
         2      7119      2760
         2      7119      2847
         2      7120      2841
         2      7120      2842
         2      7121      2839
         2      7121      2840
         2      7121      2934
         2      7122      2831
         2      7122      2832
         2      7123      2937
         2      7123      2939
         2      7124      2836
         2      7124      2838
         2      7124      2931
         2      7125      2925
         2      7125      2926
         2      7126      2850
         2      7127      2940
         2      7127      2941
         2      7128      2845
         2      7128      2938
         2      7129      2848
         2      7129      2941
         2      7130      2932
         2      7130      3022
         2      7131      2918
         2      7132      2919
         2      7133      2849
         2      7133      2850
         2      7133      2852
         2      7134      2854
         2      7134      2855
         2      7134      2858
         2      7135      2959
         2      7135      3050
         2      7136      2875
         2      7136      2877
         2      7136      2968
         2      7137      2854
         2      7138      2851
         2      7138      2852
         2      7138      2945
         2      7139      2942
         2      7140      2857
         2      7140      2858
         2      7140      2949
         2      7141      2864
         2      7142      2859
         2      7142      2862
         2      7143      2865
         2      7143      2868
         2      7144      2856
         2      7145      2859
         2      7145      2860
         2      7146      2951
         2      7146      2954
         2      7147      2950
         2      7147      2952
         2      7148      2940
         2      7148      3033
         2      7149      2862
         2      7150      2865
         2      7150      2866
         2      7151      2867
         2      7151      2868
         2      7151      2958
         2      7152      2964
         2      7152      4311
         2      7153      2876
         2      7153      2877
         2      7153      2879
         2      7154      2955
         2      7154      2957
         2      7155      3006
         2      7155      3007
         2      7156      2963
         2      7156      2964
         2      7157      2873
         2      7158      2878
         2      7159      2883
         2      7159      2886
         2      7160      2885
         2      7160      2886
         2      7160      2889
         2      7161      2897
         2      7161      2898
         2      7161      2902
         2      7162      2896
         2      7162      2897
         2      7162      2981
         2      7163      2973
         2      7164      2875
         2      7164      2965
         2      7165      2962
         2      7165      3049
         2      7166      2881
         2      7167      2887
         2      7167      2888
         2      7167      2891
         2      7168      2895
         2      7168      2896
         2      7169      2971
         2      7169      2972
         2      7169      2975
         2      7170      3049
         2      7171      3037
         2      7172      2887
         2      7172      2977
         2      7173      2892
         2      7173      2979
         2      7174      2944
         2      7174      2945
         2      7174      2947
         2      7175      2895
         2      7176      2899
         2      7176      2901
         2      7176      2903
         2      7177      2904
         2      7178      2900
         2      7178      2902
         2      7178      2983
         2      7179      2976
         2      7179      3065
         2      7180      2978
         2      7180      3067
         2      7181      2908
         2      7181      2909
         2      7181      2911
         2      7182      2905
         2      7182      2990
         2      7183      2988
         2      7183      2990
         2      7183      2993
         2      7184      2991
         2      7185      3008
         2      7185      3013
         2      7186      2906
         2      7186      2908
         2      7186      2997
         2      7187      2912
         2      7187      2914
         2      7188      2910
         2      7188      2911
         2      7188      2996
         2      7189      2913
         2      7189      2915
         2      7189      2999
         2      7190      2912
         2      7190      2913
         2      7191      2998
         2      7191      3000
         2      7191      3084
         2      7192      3042
         2      7192      3043
         2      7193      2974
         2      7193      3064
         2      7194      2928
         2      7194      2929
         2      7194      3020
         2      7195      2917
         2      7195      2918
         2      7196      2815
         2      7196      2817
         2      7196      2916
         2      7197      2921
         2      7197      2922
         2      7198      2924
         2      7198      2925
         2      7198      2927
         2      7199      2921
         2      7200      2890
         2      7200      2974
         2      7201      3017
         2      7201      3019
         2      7201      3021
         2      7202      3020
         2      7202      3021
         2      7202      3023
         2      7203      3009
         2      7204      2931
         2      7205      2927
         2      7205      3016
         2      7206      2933
         2      7206      2934
         2      7206      2936
         2      7207      3019
         2      7208      2935
         2      7208      2936
         2      7208      3027
         2      7209      2947
         2      7209      3040
         2      7210      3015
         2      7210      3016
         2      7210      3018
         2      7211      2935
         2      7212      2933
         2      7212      3025
         2      7213      3025
         2      7214      2938
         2      7215      2937
         2      7215      3030
         2      7216      3029
         2      7216      3030
         2      7217      3011
         2      7217      3012
         2      7218      3014
         2      7218      3015
         2      7219      2939
         2      7220      2953
         2      7220      2956
         2      7221      2948
         2      7221      3039
         2      7222      2892
         2      7222      2894
         2      7222      2976
         2      7223      3037
         2      7223      3038
         2      7224      2979
         2      7225      3038
         2      7225      3121
         2      7226      2960
         2      7227      2951
         2      7227      2952
         2      7227      3042
         2      7228      3026
         2      7228      3028
         2      7228      3111
         2      7229      3017
         2      7229      3018
         2      7229      3103
         2      7230      2953
         2      7231      2955
         2      7231      2956
         2      7232      2943
         2      7232      2944
         2      7232      3126
         2      7233      3005
         2      7233      3006
         2      7233      3091
         2      7234      2967
         2      7235      2970
         2      7236      3048
         2      7237      2965
         2      7237      3053
         2      7238      2968
         2      7239      3052
         2      7240      3051
         2      7241      3054
         2      7242      2969
         2      7242      3061
         2      7243      3137
         2      7244      3044
         2      7245      3035
         2      7245      3117
         2      7246      2971
         2      7246      2973
         2      7246      3060
         2      7247      2978
         2      7247      2982
         2      7248      2980
         2      7248      2981
         2      7249      2984
         2      7249      2986
         2      7249      3075
         2      7250      3065
         2      7250      3068
         2      7251      2992
         2      7251      2993
         2      7251      3077
         2      7252      2977
         2      7252      3063
         2      7253      3066
         2      7253      3067
         2      7254      2999
         2      7254      3000
         2      7254      3002
         2      7255      2980
         2      7255      2982
         2      7255      3070
         2      7256      3072
         2      7257      2899
         2      7257      2900
         2      7257      2985
         2      7258      2986
         2      7258      2989
         2      7259      2984
         2      7259      2985
         2      7259      3073
         2      7260      3063
         2      7260      3152
         2      7261      2987
         2      7261      2988
         2      7261      3078
         2      7262      2995
         2      7262      2996
         2      7262      2998
         2      7263      3079
         2      7263      3081
         2      7263      4309
         2      7264      3080
         2      7264      3083
         2      7265      3074
         2      7266      3077
         2      7267      3132
         2      7267      3212
         2      7268      2994
         2      7268      2995
         2      7268      3085
         2      7269      3001
         2      7269      3003
         2      7270      3001
         2      7270      3002
         2      7271      3087
         2      7272      3003
         2      7273      3088
         2      7274      3092
         2      7274      3094
         2      7274      3176
         2      7275      3097
         2      7275      3178
         2      7276      3008
         2      7276      3009
         2      7276      3095
         2      7277      3012
         2      7277      3014
         2      7278      3004
         2      7278      3005
         2      7279      3004
         2      7279      3089
         2      7280      3007
         2      7280      3093
         2      7281      3024
         2      7281      3106
         2      7282      3127
         2      7282      3131
         2      7283      3023
         2      7283      3104
         2      7284      3022
         2      7284      3024
         2      7285      3027
         2      7285      3028
         2      7285      3029
         2      7286      3093
         2      7286      3094
         2      7286      3096
         2      7287      3032
         2      7287      3034
         2      7288      3033
         2      7288      3035
         2      7289      3102
         2      7289      3103
         2      7290      3031
         2      7290      3032
         2      7290      3115
         2      7291      3036
         2      7292      3106
         2      7292      3109
         2      7293      3107
         2      7293      3108
         2      7294      3178
         2      7295      3010
         2      7295      3011
         2      7296      3026
         2      7296      3108
         2      7297      2943
         2      7297      2946
         2      7298      3046
         2      7299      3031
         2      7299      3112
         2      7300      3179
         2      7300      3180
         2      7301      3040
         2      7302      3041
         2      7302      3130
         2      7303      3116
         2      7303      3120
         2      7304      3107
         2      7304      3189
         2      7305      3036
         2      7305      3119
         2      7306      3039
         2      7306      3041
         2      7307      2954
         2      7308      3043
         2      7308      3133
         2      7309      3055
         2      7310      3124
         2      7310      3126
         2      7310      3128
         2      7311      3100
         2      7312      3058
         2      7312      3060
         2      7312      3062
         2      7313      3135
         2      7313      3136
         2      7313      3140
         2      7314      2959
         2      7314      2961
         2      7314      3045
         2      7315      2966
         2      7316      3054
         2      7316      3055
         2      7316      3057
         2      7317      3044
         2      7317      3136
         2      7318      3045
         2      7318      3046
         2      7318      3139
         2      7319      3138
         2      7319      3139
         2      7319      3141
         2      7320      3066
         2      7320      3155
         2      7321      3047
         2      7321      3048
         2      7321      3145
         2      7322      3122
         2      7322      3123
         2      7322      3200
         2      7323      2969
         2      7323      2970
         2      7323      3056
         2      7324      3056
         2      7324      3057
         2      7325      3052
         2      7325      3053
         2      7326      3141
         2      7327      3062
         2      7327      3150
         2      7328      2975
         2      7329      3059
         2      7329      3061
         2      7329      3147
         2      7330      3076
         2      7330      3078
         2      7331      3071
         2      7331      3072
         2      7332      3069
         2      7332      3070
         2      7333      3149
         2      7334      2987
         2      7334      2989
         2      7335      3073
         2      7335      3157
         2      7336      3156
         2      7336      3157
         2      7337      3074
         2      7337      3075
         2      7337      3160
         2      7338      2997
         2      7339      3086
         2      7339      3087
         2      7339      3172
         2      7340      3163
         2      7341      3164
         2      7341      3166
         2      7342      3161
         2      7342      3163
         2      7343      3151
         2      7343      3233
         2      7344      3215
         2      7345      3109
         2      7345      3188
         2      7346      3076
         2      7347      3083
         2      7348      2994
         2      7348      3168
         2      7349      3168
         2      7350      3084
         2      7350      3086
         2      7351      3088
         2      7351      3171
         2      7352      3167
         2      7353      3158
         2      7353      3160
         2      7353      3162
         2      7354      3203
         2      7355      3105
         2      7355      3185
         2      7356      3101
         2      7356      3102
         2      7356      3184
         2      7357      3098
         2      7357      3099
         2      7358      3091
         2      7359      3089
         2      7359      3090
         2      7360      3090
         2      7361      3092
         2      7361      3175
         2      7362      3095
         2      7362      3096
         2      7362      3097
         2      7363      3010
         2      7363      3013
         2      7364      3099
         2      7364      3101
         2      7365      3104
         2      7365      3105
         2      7366      3110
         2      7366      3111
         2      7366      3113
         2      7367      3034
         2      7368      3183
         2      7368      3184
         2      7368      3186
         2      7369      3180
         2      7369      3182
         2      7370      3110
         2      7370      3192
         2      7371      3112
         2      7371      3113
         2      7371      3194
         2      7372      3116
         2      7373      3256
         2      7374      3142
         2      7374      3144
         2      7374      3220
         2      7375      3188
         2      7375      3190
         2      7376      3174
         2      7376      3252
         2      7377      3118
         2      7377      3119
         2      7377      3122
         2      7378      3121
         2      7378      3123
         2      7378      3125
         2      7379      3114
         2      7379      3197
         2      7380      3191
         2      7380      3192
         2      7381      3117
         2      7382      3193
         2      7382      3194
         2      7382      3195
         2      7383      3130
         2      7383      3134
         2      7384      3124
         2      7384      3125
         2      7384      3203
         2      7385      3201
         2      7385      3202
         2      7385      3280
         2      7386      3118
         2      7386      3120
         2      7387      3190
         2      7387      3269
         2      7388      3133
         2      7389      3135
         2      7389      3137
         2      7389      3211
         2      7390      3218
         2      7390      3219
         2      7390      3222
         2      7391      3127
         2      7391      3128
         2      7391      3205
         2      7392      3204
         2      7392      3205
         2      7392      3207
         2      7393      3273
         2      7393      3274
         2      7393      3275
         2      7394      3255
         2      7394      3256
         2      7395      3189
         2      7396      3129
         2      7396      3209
         2      7397      3047
         2      7397      3050
         2      7398      3138
         2      7398      3140
         2      7398      3214
         2      7399      3210
         2      7399      3211
         2      7400      3051
         2      7400      3144
         2      7401      3148
         2      7402      3219
         2      7403      3151
         2      7403      3152
         2      7403      3232
         2      7404      3146
         2      7405      3226
         2      7405      3228
         2      7406      3208
         2      7406      3290
         2      7407      3270
         2      7407      3272
         2      7408      3146
         2      7408      3224
         2      7409      3150
         2      7410      3058
         2      7410      3059
         2      7410      3229
         2      7411      3147
         2      7411      3148
         2      7411      3228
         2      7412      3223
         2      7412      3224
         2      7412      3227
         2      7413      3345
         2      7414      3186
         2      7415      3064
         2      7415      3149
         2      7416      3068
         2      7417      3069
         2      7417      3153
         2      7418      3161
         2      7418      3162
         2      7418      3244
         2      7419      3165
         2      7419      3167
         2      7420      3154
         2      7421      3155
         2      7422      3237
         2      7423      3231
         2      7424      3085
         2      7424      3169
         2      7425      3164
         2      7425      3243
         2      7426      3242
         2      7426      3243
         2      7426      3246
         2      7427      3165
         2      7427      3166
         2      7428      3315
         2      7429      3230
         2      7429      3306
         2      7430      3170
         2      7430      3171
         2      7430      3173
         2      7431      3169
         2      7432      3248
         2      7433      3195
         2      7434      3170
         2      7434      3172
         2      7435      3173
         2      7436      3177
         2      7437      3176
         2      7437      3177
         2      7438      3175
         2      7439      3174
         2      7440      3098
         2      7440      3100
         2      7440      3181
         2      7441      3185
         2      7441      3187
         2      7442      3181
         2      7442      3182
         2      7443      3179
         2      7444      3258
         2      7445      3282
         2      7445      3287
         2      7446      3183
         2      7446      3262
         2      7447      3193
         2      7447      3274
         2      7448      3196
         2      7448      3279
         2      7449      3288
         2      7450      3265
         2      7450      3268
         2      7451      3259
         2      7451      3264
         2      7452      3260
         2      7453      3187
         2      7453      3267
         2      7454      3114
         2      7454      3115
         2      7455      3191
         2      7455      3272
         2      7456      3199
         2      7456      3201
         2      7457      3200
         2      7457      3202
         2      7458      3198
         2      7458      3199
         2      7458      3281
         2      7459      3299
         2      7459      3301
         2      7460      3276
         2      7461      3273
         2      7462      3204
         2      7463      3206
         2      7463      3207
         2      7463      3286
         2      7464      3268
         2      7465      3257
         2      7465      3258
         2      7465      3348
         2      7466      3129
         2      7466      3131
         2      7467      3132
         2      7467      3134
         2      7467      3208
         2      7468      3206
         2      7469      3229
         2      7469      3230
         2      7469      3231
         2      7470      3213
         2      7470      3214
         2      7470      3216
         2      7471      3210
         2      7471      3292
         2      7472      3212
         2      7473      3285
         2      7473      3286
         2      7473      3288
         2      7474      3213
         2      7474      3215
         2      7474      3294
         2      7475      3217
         2      7476      3291
         2      7476      3295
         2      7477      3216
         2      7477      3217
         2      7478      3143
         2      7478      3145
         2      7479      3293
         2      7479      3294
         2      7479      3297
         2      7480      3223
         2      7481      3142
         2      7481      3143
         2      7481      3299
         2      7482      3225
         2      7482      3226
         2      7482      3307
         2      7483      3218
         2      7483      3220
         2      7484      3300
         2      7484      3302
         2      7485      3291
         2      7486      3290
         2      7486      3376
         2      7487      3279
         2      7488      3221
         2      7488      3304
         2      7489      3313
         2      7489      3316
         2      7490      3236
         2      7491      3303
         2      7491      3304
         2      7491      3391
         2      7492      3259
         2      7492      3260
         2      7493      3234
         2      7493      3235
         2      7494      3232
         2      7494      3312
         2      7495      3159
         2      7495      3238
         2      7496      3233
         2      7496      3313
         2      7497      3312
         2      7498      3158
         2      7498      3159
         2      7498      3323
         2      7499      3241
         2      7499      3242
         2      7499      3329
         2      7500      3321
         2      7501      3234
         2      7501      3236
         2      7501      3320
         2      7502      3239
         2      7502      3322
         2      7503      3308
         2      7503      3310
         2      7503      3397
         2      7504      3300
         2      7504      3301
         2      7504      3384
         2      7505      3353
         2      7505      3355
         2      7505      3436
         2      7506      3238
         2      7506      3239
         2      7507      3251
         2      7508      3245
         2      7509      3247
         2      7510      3325
         2      7510      3326
         2      7510      3407
         2      7511      3250
         2      7512      3245
         2      7512      3246
         2      7513      3311
         2      7514      3247
         2      7514      3331
         2      7515      3248
         2      7515      3334
         2      7516      3332
         2      7516      3334
         2      7516      3337
         2      7517      3240
         2      7517      3241
         2      7517      3411
         2      7518      3254
         2      7518      3255
         2      7518      3344
         2      7519      3340
         2      7520      3249
         2      7520      3250
         2      7520      3341
         2      7521      3249
         2      7521      3251
         2      7521      3339
         2      7522      3253
         2      7523      3266
         2      7523      3267
         2      7524      3252
         2      7524      3253
         2      7524      3254
         2      7525      3263
         2      7525      3264
         2      7526      3282
         2      7527      3343
         2      7527      3344
         2      7527      3347
         2      7528      3261
         2      7528      3262
         2      7528      3265
         2      7529      3257
         2      7529      3350
         2      7530      3269
         2      7530      3271
         2      7531      3266
         2      7531      3359
         2      7532      3346
         2      7532      3347
         2      7533      3261
         2      7533      3263
         2      7533      3354
         2      7534      3359
         2      7534      3361
         2      7535      3296
         2      7535      3298
         2      7536      3281
         2      7537      3275
         2      7537      3277
         2      7538      3363
         2      7538      3365
         2      7538      3367
         2      7539      3430
         2      7540      3354
         2      7540      3355
         2      7540      3357
         2      7541      3350
         2      7541      3428
         2      7542      3271
         2      7542      3360
         2      7543      3270
         2      7544      3196
         2      7544      3197
         2      7545      3276
         2      7545      3277
         2      7545      3365
         2      7546      3278
         2      7547      3209
         2      7548      3198
         2      7548      3278
         2      7549      3280
         2      7550      3296
         2      7550      3297
         2      7550      3380
         2      7551      3368
         2      7552      3386
         2      7552      3389
         2      7553      3366
         2      7553      3368
         2      7554      3283
         2      7554      3285
         2      7554      3374
         2      7555      3362
         2      7555      3446
         2      7556      3454
         2      7556      3457
         2      7557      3289
         2      7558      3379
         2      7558      3381
         2      7559      3222
         2      7560      3221
         2      7561      3292
         2      7562      3451
         2      7562      3453
         2      7563      3361
         2      7563      3440
         2      7564      3293
         2      7564      3295
         2      7565      3310
         2      7565      3311
         2      7566      3298
         2      7567      3302
         2      7568      3383
         2      7568      3385
         2      7569      3314
         2      7569      3315
         2      7569      3317
         2      7570      3324
         2      7570      3406
         2      7571      3384
         2      7571      3387
         2      7572      3225
         2      7572      3227
         2      7572      3303
         2      7573      3306
         2      7573      3309
         2      7574      3390
         2      7574      3391
         2      7575      3468
         2      7575      3471
         2      7576      3336
         2      7577      3305
         2      7577      3395
         2      7578      3319
         2      7578      3320
         2      7579      3322
         2      7580      3314
         2      7580      3316
         2      7580      3398
         2      7581      3392
         2      7581      3393
         2      7581      3482
         2      7582      3400
         2      7582      3403
         2      7583      3317
         2      7584      3396
         2      7584      3399
         2      7585      3395
         2      7586      3388
         2      7587      3445
         2      7587      3446
         2      7587      3449
         2      7588      3351
         2      7588      3352
         2      7588      3432
         2      7589      3318
         2      7589      3319
         2      7590      3323
         2      7590      3324
         2      7590      3325
         2      7591      3326
         2      7591      3410
         2      7592      3405
         2      7592      3406
         2      7592      3408
         2      7593      3240
         2      7593      3244
         2      7594      3328
         2      7595      3410
         2      7596      3330
         2      7596      3331
         2      7596      3333
         2      7597      3327
         2      7597      3328
         2      7597      3415
         2      7598      3327
         2      7598      3329
         2      7598      3412
         2      7599      3411
         2      7600      3402
         2      7600      3493
         2      7601      3330
         2      7601      3414
         2      7602      3332
         2      7602      3333
         2      7603      3416
         2      7603      3419
         2      7604      3392
         2      7605      3335
         2      7605      3336
         2      7605      3421
         2      7606      3338
         2      7606      3339
         2      7606      3423
         2      7607      3422
         2      7608      3338
         2      7608      3340
         2      7608      3420
         2      7609      3341
         2      7610      3382
         2      7610      3383
         2      7610      3474
         2      7611      3427
         2      7611      3428
         2      7611      3431
         2      7612      3362
         2      7613      3342
         2      7614      3342
         2      7614      3343
         2      7615      3345
         2      7615      3346
         2      7615      3349
         2      7616      3348
         2      7616      3349
         2      7617      3426
         2      7618      3351
         2      7619      3352
         2      7619      3353
         2      7620      3358
         2      7620      3441
         2      7621      3370
         2      7621      3456
         2      7622      3356
         2      7623      3360
         2      7624      3356
         2      7624      3357
         2      7624      3434
         2      7625      3429
         2      7625      3430
         2      7625      3433
         2      7626      3377
         2      7626      3470
         2      7627      3435
         2      7627      3528
         2      7628      3364
         2      7629      3366
         2      7629      3367
         2      7629      3451
         2      7630      3519
         2      7631      3443
         2      7632      3434
         2      7632      3435
         2      7632      3439
         2      7633      3369
         2      7634      3363
         2      7634      3364
         2      7634      3447
         2      7635      3284
         2      7635      3287
         2      7635      3371
         2      7636      3289
         2      7636      3373
         2      7637      3444
         2      7637      3532
         2      7638      3369
         2      7638      3370
         2      7639      3372
         2      7640      3376
         2      7640      3377
         2      7641      3373
         2      7641      3374
         2      7641      3462
         2      7642      3455
         2      7642      3456
         2      7642      3459
         2      7643      3371
         2      7643      3372
         2      7643      3458
         2      7644      3460
         2      7644      3461
         2      7644      3464
         2      7645      3458
         2      7645      3459
         2      7646      3524
         2      7647      3283
         2      7647      3284
         2      7647      3461
         2      7648      3375
         2      7648      3467
         2      7649      3375
         2      7650      3380
         2      7650      3381
         2      7650      3382
         2      7651      3388
         2      7651      3390
         2      7652      3378
         2      7652      3379
         2      7653      3470
         2      7654      3465
         2      7654      3467
         2      7654      3469
         2      7655      3399
         2      7656      3305
         2      7656      3307
         2      7656      3393
         2      7657      3396
         2      7657      3397
         2      7657      3487
         2      7658      3473
         2      7658      3474
         2      7658      3476
         2      7659      3472
         2      7659      3554
         2      7660      3463
         2      7661      3385
         2      7661      3475
         2      7662      3386
         2      7662      3387
         2      7662      3477
         2      7663      3378
         2      7663      3472
         2      7664      3454
         2      7665      3308
         2      7665      3309
         2      7665      3394
         2      7666      3394
         2      7667      3479
         2      7667      3484
         2      7668      3441
         2      7669      3398
         2      7669      3401
         2      7670      3318
         2      7670      3321
         2      7670      3402
         2      7671      3405
         2      7672      3404
         2      7673      3335
         2      7673      3337
         2      7674      3486
         2      7674      3487
         2      7674      3489
         2      7675      3491
         2      7675      3492
         2      7676      3490
         2      7677      3400
         2      7677      3401
         2      7677      3491
         2      7678      3407
         2      7678      3409
         2      7679      3413
         2      7679      3414
         2      7679      3417
         2      7680      3496
         2      7681      3480
         2      7681      3483
         2      7681      3568
         2      7682      3499
         2      7683      3408
         2      7683      3498
         2      7684      3501
         2      7684      3503
         2      7685      3497
         2      7685      3498
         2      7685      3500
         2      7686      3473
         2      7686      3557
         2      7687      3409
         2      7687      3501
         2      7688      3412
         2      7689      3413
         2      7689      3415
         2      7689      3506
         2      7690      3504
         2      7690      3506
         2      7690      3509
         2      7691      3507
         2      7691      3508
         2      7691      3511
         2      7692      3563
         2      7692      3638
         2      7693      3424
         2      7693      3426
         2      7693      3520
         2      7694      3416
         2      7694      3417
         2      7694      3508
         2      7695      3418
         2      7695      3514
         2      7696      3420
         2      7696      3421
         2      7697      3512
         2      7697      3516
         2      7698      3515
         2      7699      3422
         2      7699      3423
         2      7700      3429
         2      7700      3431
         2      7701      3427
         2      7702      3425
         2      7703      3432
         2      7703      3433
         2      7703      3523
         2      7704      3522
         2      7704      3523
         2      7704      3527
         2      7705      3358
         2      7705      3438
         2      7706      3437
         2      7706      3438
         2      7706      3531
         2      7707      3436
         2      7707      3525
         2      7708      3530
         2      7708      3533
         2      7709      3518
         2      7709      3519
         2      7709      3521
         2      7710      3437
         2      7710      3439
         2      7710      3529
         2      7711      3448
         2      7711      3449
         2      7711      3537
         2      7712      3440
         2      7712      3444
         2      7713      3442
         2      7713      3443
         2      7713      3445
         2      7714      3462
         2      7714      3463
         2      7714      3466
         2      7715      3465
         2      7715      3466
         2      7715      3549
         2      7716      3527
         2      7716      3599
         2      7717      3529
         2      7717      3605
         2      7718      3447
         2      7718      3448
         2      7718      3450
         2      7719      3442
         2      7720      3534
         2      7720      3538
         2      7721      3517
         2      7722      3554
         2      7723      3450
         2      7724      3539
         2      7724      3541
         2      7725      3452
         2      7726      3604
         2      7726      3605
         2      7726      3607
         2      7727      3518
         2      7727      3520
         2      7728      3455
         2      7728      3457
         2      7728      3542
         2      7729      3460
         2      7729      3545
         2      7730      3530
         2      7730      3531
         2      7730      3606
         2      7731      3471
         2      7731      3552
         2      7732      3389
         2      7733      3548
         2      7733      3549
         2      7733      3551
         2      7734      3618
         2      7735      3468
         2      7735      3469
         2      7736      3475
         2      7737      3477
         2      7737      3478
         2      7738      3476
         2      7739      3573
         2      7739      3656
         2      7740      3558
         2      7740      3560
         2      7740      3636
         2      7741      3546
         2      7741      3620
         2      7742      3478
         2      7742      3561
         2      7743      3479
         2      7744      3482
         2      7744      3483
         2      7744      3485
         2      7745      3403
         2      7746      3486
         2      7747      3564
         2      7747      3566
         2      7748      3485
         2      7748      3567
         2      7749      3562
         2      7750      3553
         2      7751      3404
         2      7751      3495
         2      7752      3502
         2      7752      3505
         2      7753      3649
         2      7753      3650
         2      7753      3654
         2      7754      3572
         2      7755      3574
         2      7756      3492
         2      7756      3572
         2      7757      3502
         2      7758      3493
         2      7758      3574
         2      7759      3564
         2      7760      3494
         2      7760      3495
         2      7760      3577
         2      7761      3497
         2      7761      3499
         2      7761      3576
         2      7762      3579
         2      7763      3575
         2      7763      3576
         2      7763      3580
         2      7764      3628
         2      7765      3606
         2      7765      3609
         2      7766      3534
         2      7766      3610
         2      7767      3500
         2      7768      3418
         2      7768      3419
         2      7769      3504
         2      7769      3505
         2      7769      3584
         2      7770      3583
         2      7770      3584
         2      7770      3585
         2      7771      3507
         2      7771      3586
         2      7772      3510
         2      7772      3511
         2      7773      3578
         2      7773      3579
         2      7773      3663
         2      7774      3510
         2      7774      3588
         2      7775      3515
         2      7775      3516
         2      7775      3589
         2      7776      3573
         2      7777      3541
         2      7778      3424
         2      7778      3425
         2      7778      3517
         2      7779      3522
         2      7779      3524
         2      7779      3596
         2      7780      3526
         2      7780      3601
         2      7781      3594
         2      7782      3521
         2      7782      3593
         2      7783      3592
         2      7783      3593
         2      7783      3597
         2      7784      3525
         2      7784      3526
         2      7785      3528
         2      7786      3598
         2      7786      3599
         2      7786      3602
         2      7787      3592
         2      7787      3594
         2      7788      3568
         2      7789      3532
         2      7790      3536
         2      7790      3537
         2      7790      3539
         2      7791      3533
         2      7792      3543
         2      7793      3548
         2      7793      3628
         2      7794      3607
         2      7795      3452
         2      7795      3453
         2      7795      3540
         2      7796      3535
         2      7796      3536
         2      7796      3615
         2      7797      3611
         2      7797      3689
         2      7798      3542
         2      7798      3543
         2      7798      3546
         2      7799      3540
         2      7799      3616
         2      7800      3614
         2      7800      3617
         2      7801      3608
         2      7801      3611
         2      7802      3544
         2      7802      3545
         2      7803      3544
         2      7803      3623
         2      7804      3547
         2      7804      3626
         2      7805      3625
         2      7805      3626
         2      7805      3627
         2      7806      3618
         2      7806      3621
         2      7807      3688
         2      7807      3692
         2      7808      3464
         2      7808      3547
         2      7809      3550
         2      7809      3553
         2      7810      3552
         2      7811      3560
         2      7811      3562
         2      7812      3555
         2      7812      3557
         2      7812      3559
         2      7813      3550
         2      7813      3551
         2      7813      3630
         2      7814      3629
         2      7814      3630
         2      7814      3632
         2      7815      3561
         2      7815      3563
         2      7816      3638
         2      7817      3556
         2      7817      3634
         2      7818      3625
         2      7819      3481
         2      7819      3484
         2      7819      3565
         2      7820      3567
         2      7821      3569
         2      7821      3571
         2      7822      3480
         2      7822      3481
         2      7822      3642
         2      7823      3637
         2      7824      3565
         2      7824      3566
         2      7825      3639
         2      7825      3720
         2      7826      3633
         2      7827      3494
         2      7827      3496
         2      7828      3654
         2      7828      3656
         2      7829      3569
         2      7829      3647
         2      7830      3647
         2      7831      3645
         2      7831      3646
         2      7832      3646
         2      7832      3727
         2      7833      3612
         2      7833      3613
         2      7833      3691
         2      7834      3770
         2      7835      3570
         2      7835      3571
         2      7835      3650
         2      7836      3657
         2      7837      3659
         2      7838      3655
         2      7838      3658
         2      7839      3503
         2      7840      3509
         2      7841      3582
         2      7841      3583
         2      7841      3667
         2      7842      3581
         2      7842      3665
         2      7843      3575
         2      7843      3577
         2      7843      3660
         2      7844      3640
         2      7844      3722
         2      7845      3624
         2      7845      3705
         2      7846      3513
         2      7846      3514
         2      7847      3585
         2      7847      3666
         2      7848      3666
         2      7849      3586
         2      7849      3668
         2      7850      3674
         2      7851      3667
         2      7851      3742
         2      7852      3587
         2      7852      3588
         2      7853      3587
         2      7854      3675
         2      7854      3676
         2      7855      3669
         2      7856      3512
         2      7856      3513
         2      7857      3589
         2      7858      3668
         2      7858      3669
         2      7858      3672
         2      7859      3595
         2      7859      3596
         2      7860      3591
         2      7861      3590
         2      7861      3678
         2      7862      3598
         2      7862      3681
         2      7863      3600
         2      7863      3601
         2      7864      3595
         2      7864      3597
         2      7864      3679
         2      7865      3600
         2      7865      3683
         2      7866      3602
         2      7867      3680
         2      7868      3603
         2      7868      3604
         2      7868      3686
         2      7869      3610
         2      7870      3535
         2      7870      3538
         2      7870      3613
         2      7871      3614
         2      7871      3615
         2      7871      3693
         2      7872      3612
         2      7873      3617
         2      7874      3629
         2      7874      3709
         2      7875      3690
         2      7875      3691
         2      7875      3695
         2      7876      3677
         2      7877      3616
         2      7878      3623
         2      7878      3624
         2      7879      3696
         2      7879      3697
         2      7880      3685
         2      7880      3687
         2      7881      3643
         2      7881      3645
         2      7881      3728
         2      7882      3619
         2      7882      3620
         2      7882      3622
         2      7883      3619
         2      7883      3621
         2      7883      3700
         2      7884      3699
         2      7884      3700
         2      7884      3702
         2      7885      3707
         2      7885      3708
         2      7885      3710
         2      7886      3703
         2      7886      3704
         2      7887      3634
         2      7888      3627
         2      7888      3708
         2      7889      3717
         2      7890      3886
         2      7890      3887
         2      7890      3888
         2      7891      3635
         2      7891      3637
         2      7892      3555
         2      7892      3556
         2      7892      3713
         2      7893      3701
         2      7893      3783
         2      7894      3688
         2      7895      3641
         2      7895      3642
         2      7895      3644
         2      7896      3558
         2      7896      3559
         2      7896      3716
         2      7897      3653
         2      7897      3655
         2      7898      3635
         2      7898      3636
         2      7899      3715
         2      7899      3716
         2      7899      3717
         2      7900      3679
         2      7900      3680
         2      7900      3763
         2      7901      3678
         2      7901      3757
         2      7902      3639
         2      7902      3640
         2      7903      3641
         2      7904      3720
         2      7905      3775
         2      7905      3776
         2      7906      3657
         2      7906      3659
         2      7906      3661
         2      7907      3737
         2      7907      3738
         2      7907      3740
         2      7908      3643
         2      7908      3644
         2      7908      3724
         2      7909      3651
         2      7909      3653
         2      7909      3731
         2      7910      3648
         2      7910      3649
         2      7910      3652
         2      7911      3648
         2      7911      3729
         2      7912      3658
         2      7913      3730
         2      7913      3733
         2      7914      3714
         2      7914      3792
         2      7915      3581
         2      7915      3662
         2      7916      3660
         2      7916      3661
         2      7916      3736
         2      7917      3582
         2      7917      3664
         2      7918      3578
         2      7918      3580
         2      7918      3738
         2      7919      3734
         2      7919      3736
         2      7920      3662
         2      7920      3663
         2      7921      3664
         2      7921      3743
         2      7922      3830
         2      7923      3729
         2      7924      3671
         2      7924      3673
         2      7925      3673
         2      7926      3744
         2      7926      3746
         2      7927      3670
         2      7927      3671
         2      7928      3744
         2      7929      3674
         2      7929      3747
         2      7930      3675
         2      7930      3751
         2      7931      3748
         2      7931      3751
         2      7931      3753
         2      7932      3739
         2      7932      3740
         2      7932      3823
         2      7933      3694
         2      7933      3778
         2      7934      3676
         2      7935      3719
         2      7936      3683
         2      7936      3766
         2      7937      3603
         2      7937      3682
         2      7938      3590
         2      7938      3591
         2      7938      3677
         2      7939      3687
         2      7939      3770
         2      7940      3622
         2      7941      3756
         2      7941      3757
         2      7941      3760
         2      7942      3758
         2      7943      3681
         2      7943      3765
         2      7944      3682
         2      7945      3698
         2      7945      3699
         2      7946      3690
         2      7946      3692
         2      7946      3775
         2      7947      3765
         2      7948      3755
         2      7948      3756
         2      7949      3762
         2      7949      3763
         2      7949      3764
         2      7950      3684
         2      7950      3685
         2      7950      3769
         2      7951      3693
         2      7951      3694
         2      7951      3696
         2      7952      3698
         2      7953      3706
         2      7953      3707
         2      7953      3784
         2      7954      3772
         2      7954      3774
         2      7955      3631
         2      7955      3632
         2      7955      3711
         2      7956      3795
         2      7956      3796
         2      7956      3799
         2      7957      3766
         2      7957      3856
         2      7958      3697
         2      7959      3759
         2      7959      3760
         2      7960      3704
         2      7960      3706
         2      7961      3709
         2      7962      3780
         2      7963      3713
         2      7963      3714
         2      7964      3715
         2      7964      3793
         2      7965      3703
         2      7966      3712
         2      7966      3789
         2      7967      3772
         2      7968      3761
         2      7968      3762
         2      7968      3851
         2      7969      3710
         2      7969      3785
         2      7970      3718
         2      7970      3796
         2      7971      3727
         2      7972      3791
         2      7972      3792
         2      7973      3850
         2      7973      3852
         2      7974      3718
         2      7974      3719
         2      7975      3721
         2      7975      3722
         2      7975      3725
         2      7976      3723
         2      7976      3724
         2      7976      3805
         2      7977      3726
         2      7977      3728
         2      7977      3804
         2      7978      3797
         2      7979      3721
         2      7980      3732
         2      7980      3735
         2      7981      3651
         2      7981      3652
         2      7981      3810
         2      7982      3800
         2      7983      3794
         2      7984      3791
         2      7984      3891
         2      7985      3745
         2      7985      3746
         2      7985      3834
         2      7986      3726
         2      7987      3874
         2      7987      3875
         2      7987      3877
         2      7988      3733
         2      7988      3814
         2      7989      3816
         2      7989      3817
         2      7989      3821
         2      7990      3809
         2      7990      3810
         2      7990      3812
         2      7991      3790
         2      7992      3730
         2      7992      3731
         2      7993      3732
         2      7994      3734
         2      7994      3735
         2      7994      3817
         2      7995      3739
         2      7996      3737
         2      7996      3818
         2      7997      3815
         2      7997      3816
         2      7998      3814
         2      7999      3742
         2      8000      3670
         2      8000      3672
         2      8000      3745
         2      8001      3823
         2      8001      3826
         2      8002      3741
         2      8002      3824
         2      8003      3825
         2      8003      3826
         2      8003      3920
         2      8004      3820
         2      8005      3808
         2      8006      3783
         2      8006      3876
         2      8007      3741
         2      8008      3747
         2      8008      3750
         2      8009      3752
         2      8010      3832
         2      8010      3834
         2      8010      3837
         2      8011      3835
         2      8012      3749
         2      8012      3750
         2      8012      3840
         2      8013      3838
         2      8013      3840
         2      8013      3842
         2      8014      3836
         2      8014      3837
         2      8014      3929
         2      8015      3920
         2      8015      3922
         2      8016      3748
         2      8016      3749
         2      8016      3841
         2      8017      3752
         2      8017      3753
         2      8018      3771
         2      8019      3777
         2      8019      3778
         2      8019      3869
         2      8020      3768
         2      8020      3769
         2      8020      3862
         2      8021      3758
         2      8021      3759
         2      8021      3761
         2      8022      3754
         2      8022      3755
         2      8023      3754
         2      8024      3684
         2      8024      3686
         2      8024      3767
         2      8025      3768
         2      8025      3771
         2      8026      3860
         2      8026      3862
         2      8026      3863
         2      8027      3773
         2      8027      3774
         2      8027      3864
         2      8028      3851
         2      8028      3852
         2      8028      3855
         2      8029      3764
         2      8030      3854
         2      8030      3857
         2      8031      3767
         2      8032      3779
         2      8032      3782
         2      8033      3695
         2      8034      3777
         2      8034      3780
         2      8035      3773
         2      8035      3867
         2      8036      3858
         2      8036      3861
         2      8037      3779
         2      8037      3873
         2      8038      3776
         2      8038      3866
         2      8039      3786
         2      8039      3787
         2      8039      3881
         2      8040      3869
         2      8040      3871
         2      8041      3781
         2      8041      3782
         2      8041      3875
         2      8042      3789
         2      8043      3863
         2      8044      3701
         2      8044      3702
         2      8044      3781
         2      8045      3705
         2      8046      3787
         2      8046      3883
         2      8047      3873
         2      8048      3711
         2      8048      3712
         2      8048      3887
         2      8049      3893
         2      8049      3895
         2      8049      3981
         2      8050      3868
         2      8050      3955
         2      8051      3848
         2      8051      3850
         2      8051      3938
         2      8052      3856
         2      8053      3784
         2      8053      3786
         2      8054      3785
         2      8054      3788
         2      8055      3811
         2      8055      3812
         2      8055      3909
         2      8056      3885
         2      8056      3886
         2      8056      3889
         2      8057      3793
         2      8057      3794
         2      8057      3795
         2      8058      3800
         2      8058      3802
         2      8059      3798
         2      8059      3799
         2      8059      3895
         2      8060      3889
         2      8061      3950
         2      8062      3723
         2      8062      3725
         2      8062      3801
         2      8063      3797
         2      8063      3798
         2      8063      3897
         2      8064      3808
         2      8064      3809
         2      8065      3801
         2      8065      3802
         2      8065      3899
         2      8066      3884
         2      8066      3885
         2      8066      3970
         2      8067      3878
         2      8067      3881
         2      8067      3967
         2      8068      3803
         2      8068      3804
         2      8068      3807
         2      8069      3806
         2      8070      3811
         2      8071      3803
         2      8071      3905
         2      8072      3901
         2      8072      3990
         2      8073      3806
         2      8073      3807
         2      8073      3903
         2      8074      3896
         2      8074      3897
         2      8075      3961
         2      8076      3813
         2      8077      3831
         2      8077      3833
         2      8078      3813
         2      8078      3911
         2      8079      3910
         2      8079      3911
         2      8079      3913
         2      8080      3908
         2      8080      3909
         2      8080      3910
         2      8081      3904
         2      8081      3905
         2      8081      3989
         2      8082      3815
         2      8083      3819
         2      8083      3820
         2      8083      3919
         2      8084      3818
         2      8084      3819
         2      8084      3822
         2      8085      3822
         2      8085      3918
         2      8086      3914
         2      8086      3917
         2      8087      3939
         2      8087      3942
         2      8088      3824
         2      8088      3825
         2      8088      3829
         2      8089      3828
         2      8090      3835
         2      8090      3836
         2      8090      3839
         2      8091      3827
         2      8091      3828
         2      8091      3924
         2      8092      3831
         2      8092      3923
         2      8093      3923
         2      8094      3827
         2      8094      3829
         2      8094      3921
         2      8095      3832
         2      8095      3833
         2      8095      3926
         2      8096      3843
         2      8097      3841
         2      8097      3844
         2      8098      3838
         2      8098      3839
         2      8098      3930
         2      8099      3930
         2      8099      3932
         2      8100      3929
         2      8101      3842
         2      8102      3843
         2      8102      3844
         2      8103      3933
         2      8103      3934
         2      8104      3919
         2      8104      4005
         2      8105      3907
         2      8105      3908
         2      8105      3997
         2      8106      3956
         2      8106      3957
         2      8106      3960
         2      8107      3846
         2      8107      3849
         2      8108      3847
         2      8109      3845
         2      8109      3846
         2      8110      3853
         2      8110      3854
         2      8110      3940
         2      8111      3857
         2      8112      3858
         2      8112      3941
         2      8113      3872
         2      8114      3935
         2      8115      3874
         2      8116      3859
         2      8116      3860
         2      8116      3945
         2      8117      3859
         2      8117      3861
         2      8117      3943
         2      8118      3942
         2      8118      4033
         2      8119      3864
         2      8119      3950
         2      8120      3959
         2      8121      3865
         2      8121      3866
         2      8121      3868
         2      8122      3870
         2      8122      3872
         2      8123      3946
         2      8123      4038
         2      8124      3865
         2      8124      3867
         2      8124      3951
         2      8125      3947
         2      8125      3949
         2      8125      4040
         2      8126      3876
         2      8127      3870
         2      8127      3871
         2      8127      3957
         2      8128      3880
         2      8129      3877
         2      8129      3962
         2      8130      3968
         2      8130      3971
         2      8131      3995
         2      8131      3997
         2      8131      4000
         2      8132      3948
         2      8132      3949
         2      8132      4042
         2      8133      3788
         2      8134      3882
         2      8134      3969
         2      8135      3884
         2      8136      3900
         2      8137      3891
         2      8138      3890
         2      8138      3976
         2      8139      3963
         2      8139      3964
         2      8139      4055
         2      8140      3892
         2      8140      3894
         2      8141      3896
         2      8142      3976
         2      8143      3952
         2      8143      4044
         2      8144      3966
         2      8145      3977
         2      8145      3979
         2      8145      3982
         2      8146      3892
         2      8147      3893
         2      8147      3894
         2      8147      3979
         2      8148      4040
         2      8149      3953
         2      8149      3955
         2      8150      3898
         2      8150      3899
         2      8150      3902
         2      8151      3898
         2      8151      3900
         2      8152      3990
         2      8153      3986
         2      8154      3984
         2      8155      3805
         2      8156      3903
         2      8157      3906
         2      8157      3907
         2      8158      3904
         2      8158      3992
         2      8159      3989
         2      8159      3993
         2      8160      3912
         2      8160      3915
         2      8161      3906
         2      8162      3918
         2      8163      3925
         2      8163      3926
         2      8163      3928
         2      8164      3994
         2      8164      3996
         2      8165      3912
         2      8165      3913
         2      8165      3999
         2      8166      3991
         2      8166      4079
         2      8167      3983
         2      8167      3984
         2      8168      3968
         2      8169      3958
         2      8169      3959
         2      8170      4044
         2      8171      3914
         2      8171      4003
         2      8172      4006
         2      8172      4091
         2      8173      3931
         2      8174      3921
         2      8174      4012
         2      8175      3922
         2      8175      4007
         2      8176      4001
         2      8177      3924
         2      8177      4010
         2      8178      3925
         2      8179      4018
         2      8179      4021
         2      8180      4011
         2      8181      3927
         2      8181      4017
         2      8182      3931
         2      8182      3932
         2      8182      4018
         2      8183      4011
         2      8183      4012
         2      8183      4093
         2      8184      4002
         2      8185      3933
         2      8185      4019
         2      8186      3934
         2      8187      4020
         2      8187      4021
         2      8187      4105
         2      8188      4078
         2      8189      3972
         2      8189      3975
         2      8189      4147
         2      8190      3939
         2      8190      3940
         2      8190      4030
         2      8191      3936
         2      8192      3848
         2      8192      3849
         2      8192      3936
         2      8193      3845
         2      8193      3847
         2      8193      3935
         2      8194      3853
         2      8194      3855
         2      8194      3937
         2      8195      3937
         2      8196      4024
         2      8196      4028
         2      8197      3941
         2      8198      3944
         2      8199      4029
         2      8199      4030
         2      8199      4034
         2      8200      3938
         2      8200      4027
         2      8201      3943
         2      8201      3944
         2      8201      3946
         2      8202      3945
         2      8202      3947
         2      8203      4035
         2      8203      4039
         2      8204      3948
         2      8205      3951
         2      8205      3952
         2      8205      3954
         2      8206      4054
         2      8206      4055
         2      8206      4058
         2      8207      4045
         2      8207      4046
         2      8207      4050
         2      8208      3961
         2      8208      3963
         2      8209      3962
         2      8209      3964
         2      8209      3965
         2      8210      3965
         2      8211      3954
         2      8211      4046
         2      8212      4043
         2      8212      4124
         2      8213      3953
         2      8213      4048
         2      8214      3956
         2      8215      4047
         2      8215      4049
         2      8215      4128
         2      8216      4045
         2      8217      3985
         2      8217      3988
         2      8218      4057
         2      8219      3879
         2      8219      3880
         2      8219      3966
         2      8220      3882
         2      8220      3883
         2      8221      3970
         2      8221      3971
         2      8221      3974
         2      8222      3978
         2      8223      3980
         2      8223      3981
         2      8223      3983
         2      8224      4060
         2      8225      4054
         2      8226      3878
         2      8226      3879
         2      8227      4056
         2      8227      4057
         2      8227      4135
         2      8228      4035
         2      8228      4116
         2      8229      3967
         2      8229      4062
         2      8230      3980
         2      8230      4072
         2      8231      3985
         2      8231      3986
         2      8231      4074
         2      8232      4068
         2      8233      3973
         2      8233      3974
         2      8233      4066
         2      8234      4126
         2      8234      4127
         2      8234      4216
         2      8235      3977
         2      8235      3978
         2      8235      4068
         2      8236      3992
         2      8237      3994
         2      8237      4078
         2      8238      4000
         2      8238      4083
         2      8239      4074
         2      8240      4071
         2      8240      4073
         2      8241      4026
         2      8241      4027
         2      8241      4113
         2      8242      4133
         2      8243      4161
         2      8244      3998
         2      8244      3999
         2      8244      4001
         2      8245      3915
         2      8246      3998
         2      8246      4085
         2      8247      3995
         2      8247      3996
         2      8247      4081
         2      8248      4084
         2      8248      4085
         2      8248      4086
         2      8249      4083
         2      8250      4002
         2      8250      4091
         2      8251      4013
         2      8251      4096
         2      8252      4076
         2      8253      4004
         2      8253      4005
         2      8253      4009
         2      8254      4010
         2      8255      4004
         2      8255      4006
         2      8255      4090
         2      8256      4003
         2      8257      4008
         2      8257      4009
         2      8258      4084
         2      8258      4168
         2      8259      4069
         2      8259      4070
         2      8259      4151
         2      8260      4007
         2      8261      4013
         2      8261      4015
         2      8262      3927
         2      8262      3928
         2      8262      4014
         2      8263      4094
         2      8263      4097
         2      8264      4016
         2      8264      4103
         2      8265      4014
         2      8265      4015
         2      8265      4099
         2      8266      4098
         2      8266      4099
         2      8267      4092
         2      8267      4174
         2      8268      4179
         2      8268      4181
         2      8269      4143
         2      8269      4145
         2      8270      4016
         2      8270      4017
         2      8270      4102
         2      8271      4019
         2      8271      4020
         2      8271      4023
         2      8272      4022
         2      8273      4105
         2      8273      4107
         2      8274      4022
         2      8274      4023
         2      8275      4106
         2      8275      4108
         2      8276      4029
         2      8276      4112
         2      8277      3958
         2      8277      3960
         2      8277      4052
         2      8278      4037
         2      8278      4038
         2      8279      4032
         2      8279      4033
         2      8280      4025
         2      8281      4024
         2      8281      4025
         2      8282      4036
         2      8282      4037
         2      8282      4122
         2      8283      4036
         2      8283      4039
         2      8283      4119
         2      8284      4032
         2      8285      4031
         2      8285      4034
         2      8285      4115
         2      8286      4112
         2      8287      4059
         2      8287      4063
         2      8288      4050
         2      8288      4127
         2      8289      4056
         2      8289      4058
         2      8289      4131
         2      8290      4041
         2      8290      4042
         2      8290      4043
         2      8291      4114
         2      8291      4115
         2      8291      4202
         2      8292      4048
         2      8292      4049
         2      8293      4053
         2      8294      4051
         2      8294      4052
         2      8294      4130
         2      8295      4142
         2      8295      4242
         2      8296      4059
         2      8296      4060
         2      8296      4137
         2      8297      4136
         2      8297      4137
         2      8298      4140
         2      8298      4141
         2      8299      4047
         2      8299      4220
         2      8300      4121
         2      8300      4211
         2      8301      4114
         2      8301      4198
         2      8302      4061
         2      8302      4062
         2      8302      4064
         2      8303      3969
         2      8304      4064
         2      8304      4141
         2      8305      4061
         2      8305      4063
         2      8305      4139
         2      8306      4065
         2      8306      4066
         2      8306      4144
         2      8307      4065
         2      8307      4142
         2      8308      3972
         2      8308      3973
         2      8308      4145
         2      8309      4067
         2      8309      4149
         2      8310      4080
         2      8310      4081
         2      8310      4082
         2      8311      4071
         2      8311      4072
         2      8311      4150
         2      8312      3982
         2      8312      4070
         2      8313      4073
         2      8313      4153
         2      8314      4138
         2      8314      4139
         2      8315      4155
         2      8315      4159
         2      8315      4161
         2      8316      4077
         2      8316      4160
         2      8317      4150
         2      8317      4154
         2      8318      4168
         2      8318      4172
         2      8319      4075
         2      8319      4076
         2      8319      4159
         2      8320      3991
         2      8320      3993
         2      8320      4077
         2      8321      4158
         2      8322      4082
         2      8322      4166
         2      8323      4093
         2      8323      4095
         2      8324      4156
         2      8324      4157
         2      8324      4263
         2      8325      4079
         2      8325      4163
         2      8326      4163
         2      8327      4160
         2      8327      4162
         2      8328      4144
         2      8328      4244
         2      8329      4134
         2      8329      4231
         2      8330      4118
         2      8330      4203
         2      8331      4218
         2      8331      4220
         2      8331      4223
         2      8332      4080
         2      8333      4086
         2      8333      4087
         2      8334      4089
         2      8334      4090
         2      8334      4092
         2      8335      4098
         2      8335      4184
         2      8336      4087
         2      8336      4171
         2      8337      4088
         2      8337      4089
         2      8337      4176
         2      8338      4088
         2      8338      4173
         2      8339      4162
         2      8339      4267
         2      8340      4096
         2      8341      4008
         2      8341      4178
         2      8342      4097
         2      8343      4094
         2      8343      4095
         2      8343      4179
         2      8344      4173
         2      8344      4280
         2      8345      4100
         2      8345      4102
         2      8345      4104
         2      8346      4103
         2      8347      4182
         2      8347      4184
         2      8348      4175
         2      8348      4286
         2      8349      4148
         2      8349      4149
         2      8349      4249
         2      8350      4101
         2      8350      4185
         2      8351      4100
         2      8351      4101
         2      8351      4188
         2      8352      4190
         2      8353      4186
         2      8353      4188
         2      8353      4189
         2      8354      4104
         2      8354      4190
         2      8355      4106
         2      8355      4107
         2      8355      4192
         2      8356      4108
         2      8357      4193
         2      8358      4254
         2      8358      4255
         2      8358      4258
         2      8359      4117
         2      8359      4118
         2      8359      4206
         2      8360      4113
         2      8360      4196
         2      8361      4026
         2      8361      4028
         2      8361      4110
         2      8362      4111
         2      8363      4109
         2      8363      4110
         2      8363      4197
         2      8364      4116
         2      8364      4117
         2      8364      4120
         2      8365      4041
         2      8365      4121
         2      8366      4119
         2      8366      4208
         2      8367      4031
         2      8367      4201
         2      8368      4209
         2      8368      4211
         2      8368      4213
         2      8369      4125
         2      8369      4126
         2      8369      4214
         2      8370      4200
         2      8370      4201
         2      8370      4204
         2      8371      4195
         2      8371      4196
         2      8371      4199
         2      8372      4122
         2      8372      4207
         2      8373      4135
         2      8374      4123
         2      8374      4125
         2      8375      4051
         2      8375      4053
         2      8376      4123
         2      8376      4215
         2      8377      4124
         2      8377      4212
         2      8378      4156
         2      8378      4158
         2      8378      4261
         2      8379      4214
         2      8379      4217
         2      8380      4207
         2      8380      4210
         2      8381      4129
         2      8382      4128
         2      8382      4222
         2      8383      4132
         2      8383      4133
         2      8383      4227
         2      8384      4224
         2      8384      4225
         2      8384      4228
         2      8385      4131
         2      8385      4132
         2      8385      4134
         2      8386      4129
         2      8386      4130
         2      8386      4225
         2      8387      4221
         2      8387      4222
         2      8388      4216
         2      8388      4219
         2      8389      4183
         2      8390      4069
         2      8391      4153
         2      8392      4229
         2      8392      4231
         2      8392      4234
         2      8393      4136
         2      8393      4233
         2      8394      4232
         2      8394      4233
         2      8394      4237
         2      8395      4138
         2      8395      4236
         2      8396      4140
         2      8396      4240
         2      8397      4238
         2      8397      4240
         2      8397      4243
         2      8398      4235
         2      8398      4236
         2      8398      4239
         2      8399      4226
         2      8399      4227
         2      8399      4230
         2      8400      4146
         2      8400      4147
         2      8400      4248
         2      8401      4143
         2      8401      4247
         2      8402      4146
         2      8402      4246
         2      8403      4148
         2      8403      4253
         2      8404      4151
         2      8404      4252
         2      8405      4152
         2      8405      4154
         2      8405      4255
         2      8406      4164
         2      8406      4269
         2      8407      4251
         2      8407      4252
         2      8408      4155
         2      8408      4157
         2      8409      4152
         2      8409      4257
         2      8410      4245
         2      8410      4246
         2      8410      4250
         2      8411      4169
         2      8411      4171
         2      8412      4265
         2      8412      4267
         2      8412      4270
         2      8413      4259
         2      8413      4261
         2      8413      4264
         2      8414      4256
         2      8414      4257
         2      8414      4260
         2      8415      4164
         2      8415      4167
         2      8416      4165
         2      8416      4166
         2      8417      4165
         2      8417      4167
         2      8417      4272
         2      8418      4170
         2      8418      4172
         2      8418      4275
         2      8419      4268
         2      8419      4269
         2      8419      4273
         2      8420      4271
         2      8420      4272
         2      8420      4276
         2      8421      4174
         2      8421      4175
         2      8422      4180
         2      8422      4181
         2      8422      4289
         2      8423      4274
         2      8423      4275
         2      8423      4278
         2      8424      4262
         2      8424      4263
         2      8424      4266
         2      8425      4169
         2      8425      4281
         2      8426      4177
         2      8426      4178
         2      8427      4177
         2      8427      4285
         2      8428      4176
         2      8428      4282
         2      8429      4279
         2      8429      4280
         2      8429      4283
         2      8430      4180
         2      8430      4183
         2      8431      4185
         2      8431      4187
         2      8432      4191
         2      8432      4192
         2      8432      4194
         2      8433      4290
         2      8433      4294
         2      8434      4287
         2      8434      4289
         2      8434      4291
         2      8435      4182
         2      8435      4293
         2      8436      4186
         2      8436      4299
         2      8437      4187
         2      8437      4295
         2      8438      4297
         2      8438      4298
         2      8438      4302
         2      8439      4189
         2      8439      4298
         2      8440      4191
         2      8440      4301
         2      8441      4193
         2      8441      4194
         2      8441      4305
         2      8442      4303
         2      8442      4305
         2      8443      4300
         2      8443      4301
         2      8443      4304
         2      8444      4292
         2      8444      4293
         2      8444      4296
         2      8445      4170
         2      8445      4277
         2      8446      4241
         2      8446      4242
         2      8447      4120
         2      8447      4205
         2      8448      4109
         2      8448      4111
         2      8450      4197
         2      8451      4195
         2      8452      4199
         2      8453      4198
         2      8454      4202
         2      8455      4200
         2      8456      4204
         2      8457      4203
         2      8458      4206
         2      8459      4205
         2      8460      4208
         2      8461      4210
         2      8462      4284
         2      8462      4285
         2      8462      4288
         2      8463      4209
         2      8464      4213
         2      8465      4212
         2      8466      4215
         2      8467      4217
         2      8468      4219
         2      8469      4218
         2      8470      4223
         2      8471      4221
         2      8472      4224
         2      8473      4228
         2      8474      4226
         2      8475      4230
         2      8476      4229
         2      8477      4234
         2      8478      4232
         2      8479      4237
         2      8480      4235
         2      8481      4239
         2      8482      4238
         2      8483      4243
         2      8484      4241
         2      8485      4244
         2      8486      4247
         2      8487      4245
         2      8488      4250
         2      8489      4249
         2      8490      4253
         2      8491      4251
         2      8492      4254
         2      8493      4258
         2      8494      4256
         2      8495      4260
         2      8496      4259
         2      8497      4264
         2      8498      4262
         2      8499      4266
         2      8500      4265
         2      8501      4270
         2      8502      4268
         2      8503      4273
         2      8504      4271
         2      8505      4276
         2      8506      4274
         2      8507      4278
         2      8508      4277
         2      8509      4281
         2      8510      4279
         2      8511      4283
         2      8512      4282
         2      8513      4286
         2      8514      4284
         2      8515      4288
         2      8516      4287
         2      8517      4290
         2      8517      4291
         2      8518      4294
         2      8519      4292
         2      8520      4296
         2      8521      4295
         2      8522      4299
         2      8523      4297
         2      8524      4302
         2      8525      4300
         2      8526      4304
         2      8527      4303
         2      8529       166
         2      8530       256
         2      8530       259
         2      8531       182
         2      8532       184
         2      8532       274
         2      8533       851
         2      8533       932
         2      8534       767
         2      8534       768
         2      8534       851
         2      8535      1026
         2      8535      1030
         2      8536       932
         2      8537       199
         2      8537       201
         2      8537       289
         2      8538       465
         2      8539      3916
         2      8539      3917
         2      8540      3821
         2      8540      3916
         2      8541      1810
         2      8541      1813
         2      8541      1904
         2      8542      1907
         2      8542      2007
         2      8543      2006
         2      8544      2099
         2      8545      2006
         2      8545      2100
         2      8546      2096
         2      8546      2097
         2      8546      2194
         2      8547       190
         2      8547       191
         2      8548       189
         2      8548       190
         2      8548       192
         2      8549      3631
         2      8549      3633
         2      8550      3790
         2      8550      3888
         2      8551      3665
         2      8552      3743
         2      8552      3830
         2      8553      3608
         2      8553      3609
         2      8554      3689
         2      8555      3987
         2      8555      3988
         2      8555      4075
         2      8556      3901
         2      8556      3902
         2      8556      3987
         2      8557       552
         2      8557       554
         2      8558       644
         2      8558       647
         2      8558       798
         2      8559       794
         2      8559       797
         2      8560       715
         2      8561      1807
         2      8562      1902
         2      8562      2003
         2      8563      1721
         2      8563      1808
         2      8564      1724
         2      8564      1901
         2      8565      2807
         2      8565      2808
         2      8566      2809
         2      8566      2907
         2      8567      4308
         2      8567      4309
         2      8567      4310
         2      8568      2991
         2      8568      2992
         2      8568      3081
         2      8569      2723
         2      8569      2725
         2      8570      4310
         2      8571      2906
         2      8571      2907
         2      8571      3082
         2      8572      3079
         2      8572      3080
         2      8572      3082
         2      8573       723
         2      8574       560
         2      8575       884
         2      8576       974
         2      8577       717
         2      8577       719
         2      8577       884
         2      8578       802
         2      8578       803
         2      8579      3488
         2      8579      3489
         2      8579      3570
         2      8580      3488
         2      8580      3490
         2      8581      3153
         2      8581      3154
         2      8581      3235
         2      8582      3156
         2      8582      3237
         2      8583      2296
         2      8583      2297
         2      8583      2392
         2      8584      2392
         2      8584      2482
         2      8585      1082
         2      8585      1083
         2      8585      1169
         2      8586      1081
         2      8586      1082
         2      8587      1358
         2      8587      1359
         2      8587      1455
         2      8588      1269
         2      8588      1358
         2      8589      3890
         2      8589      3975
         2      8590      4067
         2      8590      4248
         2      8591      2700
         2      8592      2784
         2      8592      2880
         2      8593       751
         2      8593       752
         2      8594       751
         2      8594       753
         2      8595      2588
         2      8596      2590
         2      8596      2592
         2      8596      2670
         2      8597      2872
         2      8597      2962
         2      8598      2871
         2      8598      4311
         2      8599      2779
         2      8599      2781
         2      8599      2871
         2      8600      2873
         2      8600      2874
         2      8601      2679
         2      8602      2606
         2      8602      2680
         2      8603      2605
         2      8604      2683
         2      8604      2770
         2      8605       917
         2      8605       918
         2      8605       920
         2      8606       919
         2      8606       920
         2      8606      1009
         2      8607      1007
         2      8607      1008
         2      8608      1007
         2      8609      1525
         2      8609      1526
         2      8610      1531
         2      8610      4312
         2      8611      1707
         2      8612      1703
         2      8612      1705
         2      8612      1707
         2      8613      2305
         2      8613      2306
         2      8614      2401
         2      8614      2403
         2      8614      2487
         2      8615      2428
         2      8616      2334
         2      8617      2615
         2      8617      2617
         2      8617      2689
         2      8618      2517
         2      8618      2518
         2      8618      2613
         2      8619       373
         2      8620       375
         2      8620       377
         2      8620       454
         2      8621      1232
         2      8621      1233
         2      8622      1232
         2      8623      2345
         2      8623      2347
         2      8624      2443
         2      8624      2445
         2      8624      2535
         2      8625      2260
         2      8625      2345
         2      8626      2259
         2      8626      2260
         2      8626      2442
         2      8627      1681
         2      8627      1779
         2      8628      1684
         2      8628      1687
         2      8629      1511
         2      8629      1595
         2      8630      1598
         2      8630      1683
         2      8631      1680
         2      8631      1681
         2      8632      1596
         2      8632      1680
         2      8633      1706
         2      8633      1708
         2      8633      1796
         2      8634      1613
         2      8635      2314
         2      8635      2407
         2      8636      2224
         2      8637      2443
         2      8638      2537
         2      8638      2631
CELL_TYPES       8634
 3
 3
 3
 3
 3
 3
 3
 3
 3
 3
 3
 3
 3
 3
 3
 3
 3
 3
 3
 3
 3
 3
 3
 3
 3
 3
 3
 3
 3
 3
 3
 3
 3
 3
 3
 3
 3
 3
 3
 3
 3
 3
 3
 3
 3
 3
 3
 3
 3
 3
 3
 3
 3
 3
 3
 3
 3
 3
 3
 3
 3
 3
 3
 3
 3
 3
 3
 3
 3
 3
 3
 3
 3
 3
 3
 3
 3
 3
 3
 3
 3
 3
 3
 3
 3
 3
 3
 3
 3
 3
 3
 3
 3
 3
 3
 3
 3
 3
 3
 3
 3
 3
 3
 3
 3
 3
 3
 3
 3
 3
 3
 3
 3
 3
 3
 3
 3
 3
 3
 3
 3
 3
 3
 3
 3
 3
 3
 3
 3
 3
 3
 3
 3
 3
 3
 3
 3
 3
 3
 3
 3
 3
 3
 3
 3
 3
 3
 3
 3
 3
 3
 3
 3
 3
 3
 3
 3
 3
 3
 3
 3
 3
 3
 3
 3
 3
 3
 3
 3
 3
 3
 3
 3
 3
 3
 3
 3
 3
 3
 3
 3
 3
 3
 3
 3
 3
 3
 3
 3
 3
 3
 3
 3
 3
 3
 3
 3
 3
 3
 3
 3
 3
 3
 3
 3
 3
 3
 3
 3
 3
 3
 3
 3
 3
 3
 3
 3
 3
 3
 3
 3
 3
 3
 3
 3
 3
 3
 3
 3
 3
 3
 3
 3
 3
 3
 3
 3
 3
 3
 3
 3
 3
 3
 3
 3
 3
 3
 3
 3
 3
 3
 3
 3
 3
 3
 3
 3
 3
 3
 3
 3
 3
 3
 3
 3
 3
 3
 3
 3
 3
 3
 3
 3
 3
 3
 3
 3
 3
 3
 3
 3
 3
 3
 3
 3
 3
 3
 3
 3
 3
 3
 3
 3
 3
 3
 3
 3
 3
 3
 3
 3
 3
 3
 3
 3
 3
 3
 3
 3
 3
 3
 3
 3
 3
 3
 3
 3
 3
 3
 3
 3
 3
 3
 3
 3
 3
 3
 3
 3
 3
 3
 3
 3
 3
 3
 3
 3
 3
 3
 3
 3
 3
 3
 3
 3
 3
 3
 3
 3
 3
 3
 3
 3
 3
 3
 3
 3
 3
 3
 3
 3
 3
 3
 3
 3
 3
 3
 3
 3
 3
 3
 3
 3
 3
 3
 3
 3
 3
 3
 3
 3
 3
 3
 3
 3
 3
 3
 3
 3
 3
 3
 3
 3
 3
 3
 3
 3
 3
 3
 3
 3
 3
 3
 3
 3
 3
 3
 3
 3
 3
 3
 3
 3
 3
 3
 3
 3
 3
 3
 3
 3
 3
 3
 3
 3
 3
 3
 3
 3
 3
 3
 3
 3
 3
 3
 3
 3
 3
 3
 3
 3
 3
 3
 3
 3
 3
 3
 3
 3
 3
 3
 3
 3
 3
 3
 3
 3
 3
 3
 3
 3
 3
 3
 3
 3
 3
 3
 3
 3
 3
 3
 3
 3
 3
 3
 3
 3
 3
 3
 3
 3
 3
 3
 3
 3
 3
 3
 3
 3
 3
 3
 3
 3
 3
 3
 3
 3
 3
 3
 3
 3
 3
 3
 3
 3
 3
 3
 3
 3
 3
 3
 3
 3
 3
 3
 3
 3
 3
 3
 3
 3
 3
 3
 3
 3
 3
 3
 3
 3
 3
 3
 3
 3
 3
 3
 3
 3
 3
 3
 3
 3
 3
 3
 3
 3
 3
 3
 3
 3
 3
 3
 3
 3
 3
 3
 3
 3
 3
 3
 3
 3
 3
 3
 3
 3
 3
 3
 3
 3
 3
 3
 3
 3
 3
 3
 3
 3
 3
 3
 3
 3
 3
 3
 3
 3
 3
 3
 3
 3
 3
 3
 3
 3
 3
 3
 3
 3
 3
 3
 3
 3
 3
 3
 3
 3
 3
 3
 3
 3
 3
 3
 3
 3
 3
 3
 3
 3
 3
 3
 3
 3
 3
 3
 3
 3
 3
 3
 3
 3
 3
 3
 3
 3
 3
 3
 3
 3
 3
 3
 3
 3
 3
 3
 3
 3
 3
 3
 3
 3
 3
 3
 3
 3
 3
 3
 3
 3
 3
 3
 3
 3
 3
 3
 3
 3
 3
 3
 3
 3
 3
 3
 3
 3
 3
 3
 3
 3
 3
 3
 3
 3
 3
 3
 3
 3
 3
 3
 3
 3
 3
 3
 3
 3
 3
 3
 3
 3
 3
 3
 3
 3
 3
 3
 3
 3
 3
 3
 3
 3
 3
 3
 3
 3
 3
 3
 3
 3
 3
 3
 3
 3
 3
 3
 3
 3
 3
 3
 3
 3
 3
 3
 3
 3
 3
 3
 3
 3
 3
 3
 3
 3
 3
 3
 3
 3
 3
 3
 3
 3
 3
 3
 3
 3
 3
 3
 3
 3
 3
 3
 3
 3
 3
 3
 3
 3
 3
 3
 3
 3
 3
 3
 3
 3
 3
 3
 3
 3
 3
 3
 3
 3
 3
 3
 3
 3
 3
 3
 3
 3
 3
 3
 3
 3
 3
 3
 3
 3
 3
 3
 3
 3
 3
 3
 3
 3
 3
 3
 3
 3
 3
 3
 3
 3
 3
 3
 3
 3
 3
 3
 3
 3
 3
 3
 3
 3
 3
 3
 3
 3
 3
 3
 3
 3
 3
 3
 3
 3
 3
 3
 3
 3
 3
 3
 3
 3
 3
 3
 3
 3
 3
 3
 3
 3
 3
 3
 3
 3
 3
 3
 3
 3
 3
 3
 3
 3
 3
 3
 3
 3
 3
 3
 3
 3
 3
 3
 3
 3
 3
 3
 3
 3
 3
 3
 3
 3
 3
 3
 3
 3
 3
 3
 3
 3
 3
 3
 3
 3
 3
 3
 3
 3
 3
 3
 3
 3
 3
 3
 3
 3
 3
 3
 3
 3
 3
 3
 3
 3
 3
 3
 3
 3
 3
 3
 3
 3
 3
 3
 3
 3
 3
 3
 3
 3
 3
 3
 3
 3
 3
 3
 3
 3
 3
 3
 3
 3
 3
 3
 3
 3
 3
 3
 3
 3
 3
 3
 3
 3
 3
 3
 3
 3
 3
 3
 3
 3
 3
 3
 3
 3
 3
 3
 3
 3
 3
 3
 3
 3
 3
 3
 3
 3
 3
 3
 3
 3
 3
 3
 3
 3
 3
 3
 3
 3
 3
 3
 3
 3
 3
 3
 3
 3
 3
 3
 3
 3
 3
 3
 3
 3
 3
 3
 3
 3
 3
 3
 3
 3
 3
 3
 3
 3
 3
 3
 3
 3
 3
 3
 3
 3
 3
 3
 3
 3
 3
 3
 3
 3
 3
 3
 3
 3
 3
 3
 3
 3
 3
 3
 3
 3
 3
 3
 3
 3
 3
 3
 3
 3
 3
 3
 3
 3
 3
 3
 3
 3
 3
 3
 3
 3
 3
 3
 3
 3
 3
 3
 3
 3
 3
 3
 3
 3
 3
 3
 3
 3
 3
 3
 3
 3
 3
 3
 3
 3
 3
 3
 3
 3
 3
 3
 3
 3
 3
 3
 3
 3
 3
 3
 3
 3
 3
 3
 3
 3
 3
 3
 3
 3
 3
 3
 3
 3
 3
 3
 3
 3
 3
 3
 3
 3
 3
 3
 3
 3
 3
 3
 3
 3
 3
 3
 3
 3
 3
 3
 3
 3
 3
 3
 3
 3
 3
 3
 3
 3
 3
 3
 3
 3
 3
 3
 3
 3
 3
 3
 3
 3
 3
 3
 3
 3
 3
 3
 3
 3
 3
 3
 3
 3
 3
 3
 3
 3
 3
 3
 3
 3
 3
 3
 3
 3
 3
 3
 3
 3
 3
 3
 3
 3
 3
 3
 3
 3
 3
 3
 3
 3
 3
 3
 3
 3
 3
 3
 3
 3
 3
 3
 3
 3
 3
 3
 3
 3
 3
 3
 3
 3
 3
 3
 3
 3
 3
 3
 3
 3
 3
 3
 3
 3
 3
 3
 3
 3
 3
 3
 3
 3
 3
 3
 3
 3
 3
 3
 3
 3
 3
 3
 3
 3
 3
 3
 3
 3
 3
 3
 3
 3
 3
 3
 3
 3
 3
 3
 3
 3
 3
 3
 3
 3
 3
 3
 3
 3
 3
 3
 3
 3
 3
 3
 3
 3
 3
 3
 3
 3
 3
 3
 3
 3
 3
 3
 3
 3
 3
 3
 3
 3
 3
 3
 3
 3
 3
 3
 3
 3
 3
 3
 3
 3
 3
 3
 3
 3
 3
 3
 3
 3
 3
 3
 3
 3
 3
 3
 3
 3
 3
 3
 3
 3
 3
 3
 3
 3
 3
 3
 3
 3
 3
 3
 3
 3
 3
 3
 3
 3
 3
 3
 3
 3
 3
 3
 3
 3
 3
 3
 3
 3
 3
 3
 3
 3
 3
 3
 3
 3
 3
 3
 3
 3
 3
 3
 3
 3
 3
 3
 3
 3
 3
 3
 3
 3
 3
 3
 3
 3
 3
 3
 3
 3
 3
 3
 3
 3
 3
 3
 3
 3
 3
 3
 3
 3
 3
 3
 3
 3
 3
 3
 3
 3
 3
 3
 3
 3
 3
 3
 3
 3
 3
 3
 3
 3
 3
 3
 3
 3
 3
 3
 3
 3
 3
 3
 3
 3
 3
 3
 3
 3
 3
 3
 3
 3
 3
 3
 3
 3
 3
 3
 3
 3
 3
 3
 3
 3
 3
 3
 3
 3
 3
 3
 3
 3
 3
 3
 3
 3
 3
 3
 3
 3
 3
 3
 3
 3
 3
 3
 3
 3
 3
 3
 3
 3
 3
 3
 3
 3
 3
 3
 3
 3
 3
 3
 3
 3
 3
 3
 3
 3
 3
 3
 3
 3
 3
 3
 3
 3
 3
 3
 3
 3
 3
 3
 3
 3
 3
 3
 3
 3
 3
 3
 3
 3
 3
 3
 3
 3
 3
 3
 3
 3
 3
 3
 3
 3
 3
 3
 3
 3
 3
 3
 3
 3
 3
 3
 3
 3
 3
 3
 3
 3
 3
 3
 3
 3
 3
 3
 3
 3
 3
 3
 3
 3
 3
 3
 3
 3
 3
 3
 3
 3
 3
 3
 3
 3
 3
 3
 3
 3
 3
 3
 3
 3
 3
 3
 3
 3
 3
 3
 3
 3
 3
 3
 3
 3
 3
 3
 3
 3
 3
 3
 3
 3
 3
 3
 3
 3
 3
 3
 3
 3
 3
 3
 3
 3
 3
 3
 3
 3
 3
 3
 3
 3
 3
 3
 3
 3
 3
 3
 3
 3
 3
 3
 3
 3
 3
 3
 3
 3
 3
 3
 3
 3
 3
 3
 3
 3
 3
 3
 3
 3
 3
 3
 3
 3
 3
 3
 3
 3
 3
 3
 3
 3
 3
 3
 3
 3
 3
 3
 3
 3
 3
 3
 3
 3
 3
 3
 3
 3
 3
 3
 3
 3
 3
 3
 3
 3
 3
 3
 3
 3
 3
 3
 3
 3
 3
 3
 3
 3
 3
 3
 3
 3
 3
 3
 3
 3
 3
 3
 3
 3
 3
 3
 3
 3
 3
 3
 3
 3
 3
 3
 3
 3
 3
 3
 3
 3
 3
 3
 3
 3
 3
 3
 3
 3
 3
 3
 3
 3
 3
 3
 3
 3
 3
 3
 3
 3
 3
 3
 3
 3
 3
 3
 3
 3
 3
 3
 3
 3
 3
 3
 3
 3
 3
 3
 3
 3
 3
 3
 3
 3
 3
 3
 3
 3
 3
 3
 3
 3
 3
 3
 3
 3
 3
 3
 3
 3
 3
 3
 3
 3
 3
 3
 3
 3
 3
 3
 3
 3
 3
 3
 3
 3
 3
 3
 3
 3
 3
 3
 3
 3
 3
 3
 3
 3
 3
 3
 3
 3
 3
 3
 3
 3
 3
 3
 3
 3
 3
 3
 3
 3
 3
 3
 3
 3
 3
 3
 3
 3
 3
 3
 3
 3
 3
 3
 3
 3
 3
 3
 3
 3
 3
 3
 3
 3
 3
 3
 3
 3
 3
 3
 3
 3
 3
 3
 3
 3
 3
 3
 3
 3
 3
 3
 3
 3
 3
 3
 3
 3
 3
 3
 3
 3
 3
 3
 3
 3
 3
 3
 3
 3
 3
 3
 3
 3
 3
 3
 3
 3
 3
 3
 3
 3
 3
 3
 3
 3
 3
 3
 3
 3
 3
 3
 3
 3
 3
 3
 3
 3
 3
 3
 3
 3
 3
 3
 3
 3
 3
 3
 3
 3
 3
 3
 3
 3
 3
 3
 3
 3
 3
 3
 3
 3
 3
 3
 3
 3
 3
 3
 3
 3
 3
 3
 3
 3
 3
 3
 3
 3
 3
 3
 3
 3
 3
 3
 3
 3
 3
 3
 3
 3
 3
 3
 3
 3
 3
 3
 3
 3
 3
 3
 3
 3
 3
 3
 3
 3
 3
 3
 3
 3
 3
 3
 3
 3
 3
 3
 3
 3
 3
 3
 3
 3
 3
 3
 3
 3
 3
 3
 3
 3
 3
 3
 3
 3
 3
 3
 3
 3
 3
 3
 3
 3
 3
 3
 3
 3
 3
 3
 3
 3
 3
 3
 3
 3
 3
 3
 3
 3
 3
 3
 3
 3
 3
 3
 3
 3
 3
 3
 3
 3
 3
 3
 3
 3
 3
 3
 3
 3
 3
 3
 3
 3
 3
 3
 3
 3
 3
 3
 3
 3
 3
 3
 3
 3
 3
 3
 3
 3
 3
 3
 3
 3
 3
 3
 3
 3
 3
 3
 3
 3
 3
 3
 3
 3
 3
 3
 3
 3
 3
 3
 3
 3
 3
 3
 3
 3
 3
 3
 3
 3
 3
 3
 3
 3
 3
 3
 3
 3
 3
 3
 3
 3
 3
 3
 3
 3
 3
 3
 3
 3
 3
 3
 3
 3
 3
 3
 3
 3
 3
 3
 3
 3
 3
 3
 3
 3
 3
 3
 3
 3
 3
 3
 3
 3
 3
 3
 3
 3
 3
 3
 3
 3
 3
 3
 3
 3
 3
 3
 3
 3
 3
 3
 3
 3
 3
 3
 3
 3
 3
 3
 3
 3
 3
 3
 3
 3
 3
 3
 3
 3
 3
 3
 3
 3
 3
 3
 3
 3
 3
 3
 3
 3
 3
 3
 3
 3
 3
 3
 3
 3
 3
 3
 3
 3
 3
 3
 3
 3
 3
 3
 3
 3
 3
 3
 3
 3
 3
 3
 3
 3
 3
 3
 3
 3
 3
 3
 3
 3
 3
 3
 3
 3
 3
 3
 3
 3
 3
 3
 3
 3
 3
 3
 3
 3
 3
 3
 3
 3
 3
 3
 3
 3
 3
 3
 3
 3
 3
 3
 3
 3
 3
 3
 3
 3
 3
 3
 3
 3
 3
 3
 3
 3
 3
 3
 3
 3
 3
 3
 3
 3
 3
 3
 3
 3
 3
 3
 3
 3
 3
 3
 3
 3
 3
 3
 3
 3
 3
 3
 3
 3
 3
 3
 3
 3
 3
 3
 3
 3
 3
 3
 3
 3
 3
 3
 3
 3
 3
 3
 3
 3
 3
 3
 3
 3
 3
 3
 3
 3
 3
 3
 3
 3
 3
 3
 3
 3
 3
 3
 3
 3
 3
 3
 3
 3
 3
 3
 3
 3
 3
 3
 3
 3
 3
 3
 3
 3
 3
 3
 3
 3
 3
 3
 3
 3
 3
 3
 3
 3
 3
 3
 3
 3
 3
 3
 3
 3
 3
 3
 3
 3
 3
 3
 3
 3
 3
 3
 3
 3
 3
 3
 3
 3
 3
 3
 3
 3
 3
 3
 3
 3
 3
 3
 3
 3
 3
 3
 3
 3
 3
 3
 3
 3
 3
 3
 3
 3
 3
 3
 3
 3
 3
 3
 3
 3
 3
 3
 3
 3
 3
 3
 3
 3
 3
 3
 3
 3
 3
 3
 3
 3
 3
 3
 3
 3
 3
 3
 3
 3
 3
 3
 3
 3
 3
 3
 3
 3
 3
 3
 3
 3
 3
 3
 3
 3
 3
 3
 3
 3
 3
 3
 3
 3
 3
 3
 3
 3
 3
 3
 3
 3
 3
 3
 3
 3
 3
 3
 3
 3
 3
 3
 3
 3
 3
 3
 3
 3
 3
 3
 3
 3
 3
 3
 3
 3
 3
 3
 3
 3
 3
 3
 3
 3
 3
 3
 3
 3
 3
 3
 3
 3
 3
 3
 3
 3
 3
 3
 3
 3
 3
 3
 3
 3
 3
 3
 3
 3
 3
 3
 3
 3
 3
 3
 3
 3
 3
 3
 3
 3
 3
 3
 3
 3
 3
 3
 3
 3
 3
 3
 3
 3
 3
 3
 3
 3
 3
 3
 3
 3
 3
 3
 3
 3
 3
 3
 3
 3
 3
 3
 3
 3
 3
 3
 3
 3
 3
 3
 3
 3
 3
 3
 3
 3
 3
 3
 3
 3
 3
 3
 3
 3
 3
 3
 3
 3
 3
 3
 3
 3
 3
 3
 3
 3
 3
 3
 3
 3
 3
 3
 3
 3
 3
 3
 3
 3
 3
 3
 3
 3
 3
 3
 3
 3
 3
 3
 3
 3
 3
 3
 3
 3
 3
 3
 3
 3
 3
 3
 3
 3
 3
 3
 3
 3
 3
 3
 3
 3
 3
 3
 3
 3
 3
 3
 3
 3
 3
 3
 3
 3
 3
 3
 3
 3
 3
 3
 3
 3
 3
 3
 3
 3
 3
 3
 3
 3
 3
 3
 3
 3
 3
 3
 3
 3
 3
 3
 3
 3
 3
 3
 3
 3
 3
 3
 3
 3
 3
 3
 3
 3
 3
 3
 3
 3
 3
 3
 3
 3
 3
 3
 3
 3
 3
 3
 3
 3
 3
 3
 3
 3
 3
 3
 3
 3
 3
 3
 3
 3
 3
 3
 3
 3
 3
 3
 3
 3
 3
 3
 3
 3
 3
 3
 3
 3
 3
 3
 3
 3
 3
 3
 3
 3
 3
 3
 3
 3
 3
 3
 3
 3
 3
 3
 3
 3
 3
 3
 3
 3
 3
 3
 3
 3
 3
 3
 3
 3
 3
 3
 3
 3
 3
 3
 3
 3
 3
 3
 3
 3
 3
 3
 3
 3
 3
 3
 3
 3
 3
 3
 3
 3
 3
 3
 3
 3
 3
 3
 3
 3
 3
 3
 3
 3
 3
 3
 3
 3
 3
 3
 3
 3
 3
 3
 3
 3
 3
 3
 3
 3
 3
 3
 3
 3
 3
 3
 3
 3
 3
 3
 3
 3
 3
 3
 3
 3
 3
 3
 3
 3
 3
 3
 3
 3
 3
 3
 3
 3
 3
 3
 3
 3
 3
 3
 3
 3
 3
 3
 3
 3
 3
 3
 3
 3
 3
 3
 3
 3
 3
 3
 3
 3
 3
 3
 3
 3
 3
 3
 3
 3
 3
 3
 3
 3
 3
 3
 3
 3
 3
 3
 3
 3
 3
 3
 3
 3
 3
 3
 3
 3
 3
 3
 3
 3
 3
 3
 3
 3
 3
 3
 3
 3
 3
 3
 3
 3
 3
 3
 3
 3
 3
 3
 3
 3
 3
 3
 3
 3
 3
 3
 3
 3
 3
 3
 3
 3
 3
 3
 3
 3
 3
 3
 3
 3
 3
 3
 3
 3
 3
 3
 3
 3
 3
 3
 3
 3
 3
 3
 3
 3
 3
 3
 3
 3
 3
 3
 3
 3
 3
 3
 3
 3
 3
 3
 3
 3
 3
 3
 3
 3
 3
 3
 3
 3
 3
 3
 3
 3
 3
 3
 3
 3
 3
 3
 3
 3
 3
 3
 3
 3
 3
 3
 3
 3
 3
 3
 3
 3
 3
 3
 3
 3
 3
 3
 3
 3
 3
 3
 3
 3
 3
 3
 3
 3
 3
 3
 3
 3
 3
 3
 3
 3
 3
 3
 3
 3
 3
 3
 3
 3
 3
 3
 3
 3
 3
 3
 3
 3
 3
 3
 3
 3
 3
 3
 3
 3
 3
 3
 3
 3
 3
 3
 3
 3
 3
 3
 3
 3
 3
 3
 3
 3
 3
 3
 3
 3
 3
 3
 3
 3
 3
 3
 3
 3
 3
 3
 3
 3
 3
 3
 3
 3
 3
 3
 3
 3
 3
 3
 3
 3
 3
 3
 3
 3
 3
 3
 3
 3
 3
 3
 3
 3
 3
 3
 3
 3
 3
 3
 3
 3
 3
 3
 3
 3
 3
 3
 3
 3
 3
 3
 3
 3
 3
 3
 3
 3
 3
 3
 3
 3
 3
 3
 3
 3
 3
 3
 3
 3
 3
 3
 3
 3
 3
 3
 3
 3
 3
 3
 3
 3
 3
 3
 3
 3
 3
 3
 3
 3
 3
 3
 3
 3
 3
 3
 3
 3
 3
 3
 3
 3
 3
 3
 3
 3
 3
 3
 3
 3
 3
 3
 3
 3
 3
 3
 3
 3
 3
 3
 3
 3
 3
 3
 3
 3
 3
 3
 3
 3
 3
 3
 3
 3
 3
 3
 3
 3
 3
 3
 3
 3
 3
 3
 3
 3
 3
 3
 3
 3
 3
 3
 3
 3
 3
 3
 3
 3
 3
 3
 3
 3
 3
 3
 3
 3
 3
 3
 3
 3
 3
 3
 3
 3
 3
 3
 3
 3
 3
 3
 3
 3
 3
 3
 3
 3
 3
 3
 3
 3
 3
 3
 3
 3
 3
 3
 3
 3
 3
 3
 3
 3
 3
 3
 3
 3
 3
 3
 3
 3
 3
 3
 3
 3
 3
 3
 3
 3
 3
 3
 3
 3
 3
 3
 3
 3
 3
 3
 3
 3
 3
 3
 3
 3
 3
 3
 3
 3
 3
 3
 3
 3
 3
 3
 3
 3
 3
 3
 3
 3
 3
 3
 3
 3
 3
 3
 3
 3
 3
 3
 3
 3
 3
 3
 3
 3
 3
 3
 3
 3
 3
 3
 3
 3
 3
 3
 3
 3
 3
 3
 3
 3
 3
 3
 3
 3
 3
 3
 3
 3
 3
 3
 3
 3
 3
 3
 3
 3
 3
 3
 3
 3
 3
 3
 3
 3
 3
 3
 3
 3
 3
 3
 3
 3
 3
 3
 3
 3
 3
 3
 3
 3
 3
 3
 3
 3
 3
 3
 3
 3
 3
 3
 3
 3
 3
 3
 3
 3
 3
 3
 3
 3
 3
 3
 3
 3
 3
 3
 3
 3
 3
 3
 3
 3
 3
 3
 3
 3
 3
 3
 3
 3
 3
 3
 3
 3
 3
 3
 3
 3
 3
 3
 3
 3
 3
 3
 3
 3
 3
 3
 3
 3
 3
 3
 3
 3
 3
 3
 3
 3
 3
 3
 3
 3
 3
 3
 3
 3
 3
 3
 3
 3
 3
 3
 3
 3
 3
 3
 3
 3
 3
 3
 3
 3
 3
 3
 3
 3
 3
 3
 3
 3
 3
 3
 3
 3
 3
 3
 3
 3
 3
 3
 3
 3
 3
 3
 3
 3
 3
 3
 3
 3
 3
 3
 3
 3
 3
 3
 3
 3
 3
 3
 3
 3
 3
 3
 3
 3
 3
 3
 3
 3
 3
 3
 3
 3
 3
 3
 3
 3
 3
 3
 3
 3
 3
 3
 3
 3
 3
 3
 3
 3
 3
 3
 3
 3
 3
 3
 3
 3
 3
 3
 3
 3
 3
 3
 3
 3
 3
 3
 3
 3
 3
 3
 3
 3
 3
 3
 3
 3
 3
 3
 3
 3
 3
 3
 3
 3
 3
 3
 3
 3
 3
 3
 3
 3
 3
 3
 3
 3
 3
 3
 3
 3
 3
 3
 3
 3
 3
 3
 3
 3
 3
 3
 3
 3
 3
 3
 3
 3
 3
 3
 3
 3
 3
 3
 3
 3
 3
 3
 3
 3
 3
 3
 3
 3
 3
 3
 3
 3
 3
 3
 3
 3
 3
 3
 3
 3
 3
 3
 3
 3
 3
 3
 3
 3
 3
 3
 3
 3
 3
 3
 3
 3
 3
 3
 3
 3
 3
 3
 3
 3
 3
 3
 3
 3
 3
 3
 3
 3
 3
 3
 3
 3
 3
 3
 3
 3
 3
 3
 3
 3
 3
 3
 3
 3
 3
 3
 3
 3
 3
 3
 3
 3
 3
 3
 3
 3
 3
 3
 3
 3
 3
 3
 3
 3
 3
 3
 3
 3
 3
 3
 3
 3
 3
 3
 3
 3
 3
 3
 3
 3
 3
 3
 3
 3
 3
 3
 3
 3
 3
 3
 3
 3
 3
 3
 3
 3
 3
 3
 3
 3
 3
 3
 3
 3
 3
 3
 3
 3
 3
 3
 3
 3
 3
 3
 3
 3
 3
 3
 3
 3
 3
 3
 3
 3
 3
 3
 3
 3
 3
 3
 3
 3
 3
 3
 3
 3
 3
 3
 3
 3
 3
 3
 3
 3
 3
 3
 3
 3
 3
 3
 3
 3
 3
 3
 3
 3
 3
 3
 3
 3
 3
 3
 3
 3
 3
 3
 3
 3
 3
 3
 3
 3
 3
 3
 3
 3
 3
 3
 3
 3
 3
 3
 3
 3
 3
 3
 3
 3
 3
 3
 3
 3
 3
 3
 3
 3
 3
 3
 3
 3
 3
 3
 3
 3
 3
 3
 3
 3
 3
 3
 3
 3
 3
 3
 3
 3
 3
 3
 3
 3
 3
 3
 3
 3
 3
 3
 3
 3
 3
 3
 3
 3
 3
 3
 3
 3
 3
 3
 3
 3
 3
 3
 3
 3
 3
 3
 3
 3
 3
 3
 3
 3
 3
 3
 3
 3
 3
 3
 3
 3
 3
 3
 3
 3
 3
 3
 3
 3
 3
 3
 3
 3
 3
 3
 3
 3
 3
 3
 3
 3
 3
 3
 3
 3
 3
 3
 3
 3
 3
 3
 3
 3
 3
 3
 3
 3
 3
 3
 3
 3
 3
 3
 3
 3
 3
 3
 3
 3
 3
 3
 3
 3
 3
 3
 3
 3
 3
 3
 3
 3
 3
 3
 3
 3
 3
 3
 3
 3
 3
 3
 3
 3
 3
 3
 3
 3
 3
 3
 3
 3
 3
 3
 3
 3
 3
 3
 3
 3
 3
 3
 3
 3
 3
 3
 3
 3
 3
 3
 3
 3
 3
 3
 3
 3
 3
 3
 3
 3
 3
 3
 3
 3
 3
 3
 3
 3
 3
 3
 3
 3
 3
 3
 3
 3
 3
 3
 3
 3
 3
 3
 3
 3
 3
 3
 3
 3
 3
 3
 3
 3
 3
 3
 3
 3
 3
 3
 3
 3
 3
 3
 3
 3
 3
 3
 3
 3
 3
 3
 3
 3
 3
 3
 3
 3
 3
 3
 3
 3
 3
 3
 3
 3
 3
 3
 3
 3
 3
 3
 3
 3
 3
 3
 3
 3
 3
 3
 3
 3
 3
 3
 3
 3
 3
 3
 3
 3
 3
 3
 3
 3
 3
 3
 3
 3
 3
 3
 3
 3
 3
 3
 3
 3
 3
 3
 3
 3
 3
 3
 3
 3
 3
 3
 3
 3
 3
 3
 3
 3
 3
 3
 3
 3
 3
 3
 3
 3
 3
 3
 3
 3
 3
 3
 3
 3
 3
 3
 3
 3
 3
 3
 3
 3
 3
 3
 3
 3
 3
 3
 3
 3
 3
 3
 3
 3
 3
 3
 3
 3
 3
 3
 3
 3
 3
 3
 3
 3
 3
 3
 3
 3
 3
 3
 3
 3
 3
 3
 3
 3
 3
 3
 3
 3
 3
 3
 3
 3
 3
 3
 3
 3
 3
 3
 3
 3
 3
 3
 3
 3
 3
 3
 3
 3
 3
 3
 3
 3
 3
 3
 3
 3
 3
 3
 3
 3
 3
 3
 3
 3
 3
 3
 3
 3
 3
 3
 3
 3
 3
 3
 3
 3
 3
 3
 3
 3
 3
 3
 3
 3
 3
 3
 3
 3
 3
 3
 3
 3
 3
 3
 3
 3
 3
 3
 3
 3
 3
 3
 3
 3
 3
 3
 3
 3
 3
 3
 3
 3
 3
 3
 3
 3
 3
 3
 3
 3
 3
 3
 3
 3
 3
 3
 3
 3
 3
 3
 3
 3
 3
 3
 3
 3
 3
 3
 3
 3
 3
 3
 3
 3
 3
 3
 3
 3
 3
 3
 3
 3
 3
 3
 3
 3
 3
 3
 3
 3
 3
 3
 3
 3
 3
 3
 3
 3
 3
 3
 3
 3
 3
 3
 3
 3
 3
 3
 3
 3
 3
 3
 3
 3
 3
 3
 3
 3
 3
 3
 3
 3
 3
 3
 3
 3
 3
 3
 3
 3
 3
 3
 3
 3
 3
 3
 3
 3
 3
 3
 3
 3
 3
 3
 3
 3
 3
 3
 3
 3
 3
 3
 3
 3
 3
 3
 3
 3
 3
 3
 3
 3
 3
 3
 3
 3
 3
 3
 3
 3
 3
 3
 3
 3
 3
 3
 3
 3
 3
 3
 3
 3
 3
 3
 3
 3
 3
 3
 3
 3
 3
 3
 3
 3
 3
 3
 3
 3
 3
 3
 3
 3
 3
 3
 3
 3
 3
 3
 3
 3
 3
 3
 3
 3
 3
 3
 3
 3
 3
 3
 3
 3
 3
 3
 3
 3
 3
 3
 3
 3
 3
 3
 3
 3
 3
 3
 3
 3
 3
 3
 3
 3
 3
 3
 3
 3
 3
 3
 3
 3
 3
 3
 3
 3
 3
 3
 3
 3
 3
 3
 3
 3
 3
 3
 3
 3
 3
 3
 3
 3
 3
 3
 3
 3
 3
 3
 3
 3
 3
 3
 3
 3
 3
 3
 3
 3
 3
 3
 3
 3
 3
 3
 3
 3
 3
 3
 3
 3
 3
 3
 3
 3
 3
 3
 3
 3
 3
 3
 3
 3
 3
 3
 3
 3
 3
 3
 3
 3
 3
 3
 3
 3
 3
 3
 3
 3
 3
 3
 3
 3
 3
 3
 3
 3
 3
 3
 3
 3
 3
 3
 3
 3
 3
 3
 3
 3
 3
 3
 3
 3
 3
 3
 3
 3
 3
 3
 3
 3
 3
 3
 3
 3
 3
 3
 3
 3
 3
 3
 3
 3
 3
 3
 3
 3
 3
 3
 3
 3
 3
 3
 3
 3
 3
 3
 3
 3
 3
 3
 3
 3
 3
 3
 3
 3
 3
 3
 3
 3
 3
 3
 3
 3
 3
 3
 3
 3
 3
 3
 3
 3
 3
 3
 3
 3
 3
 3
 3
 3
 3
 3
 3
 3
 3
 3
 3
 3
 3
 3
 3
 3
 3
 3
 3
 3
 3
 3
 3
 3
 3
 3
 3
 3
 3
 3
 3
 3
 3
 3
 3
 3
 3
 3
 3
 3
 3
 3
 3
 3
 3
 3
 3
 3
 3
 3
 3
 3
 3
 3
 3
 3
 3
 3
 3
 3
 3
 3
 3
 3
 3
 3
 3
 3
 3
 3
 3
 3
 3
 3
 3
 3
 3
 3
 3
 3
 3
 3
 3
 3
 3
 3
 3
 3
 3
 3
 3
 3
 3
 3
 3
 3
 3
 3
 3
 3
 3
 3
 3
 3
 3
 3
 3
 3
 3
 3
 3
 3
 3
 3
 3
 3
 3
 3
 3
 3
 3
 3
 3
 3
 3
 3
 3
 3
 3
 3
 3
 3
 3
 3
 3
 3
 3
 3
 3
 3
 3
 3
 3
 3
 3
 3
 3
 3
 3
 3
 3
 3
 3
 3
 3
 3
 3
 3
 3
 3
 3
 3
 3
 3
 3
 3
 3
 3
 3
 3
 3
 3
 3
 3
 3
 3
 3
 3
 3
 3
 3
 3
 3
 3
 3
 3
 3
 3
 3
 3
 3
 3
 3
 3
 3
 3
 3
 3
 3
 3
 3
 3
 3
 3
 3
 3
 3
 3
 3
 3
 3
 3
 3
 3
 3
 3
 3
 3
 3
 3
 3
 3
 3
 3
 3
 3
 3
 3
 3
 3
 3
 3
 3
 3
 3
 3
 3
 3
 3
 3
 3
 3
 3
 3
 3
 3
 3
 3
 3
 3
 3
 3
 3
 3
 3
 3
 3
 3
 3
 3
 3
 3
 3
 3
 3
 3
 3
 3
 3
 3
 3
 3
 3
 3
 3
 3
 3
 3
 3
 3
 3
 3
 3
 3
 3
 3
 3
 3
 3
 3
 3
 3
 3
 3
 3
 3
 3
 3
 3
 3
 3
 3
 3
 3
 3
 3
 3
 3
 3
 3
 3
 3
 3
 3
 3
 3
 3
 3
 3
 3
 3
 3
 3
 3
 3
 3
 3
 3
 3
 3
 3
 3
 3
 3
 3
 3
 3
 3
 3
 3
 3
 3
 3
 3
 3
 3
 3
 3
 3
 3
 3
 3
 3
 3
 3
 3
 3
 3
 3
 3
 3
 3
 3
 3
 3
 3
 3
 3
 3
 3
 3
 3
 3
 3
 3
 3
 3
 3
 3
 3
 3
 3
 3
 3
 3
 3
 3
 3
 3
 3
 3
 3
 3
 3
 3
 3
 3
 3
 3
 3
 3
 3
 3
 3
 3
 3
 3
 3
 3
 3
 3
 3
 3
 3
 3
 3
 3
 3
 3
 3
 3
 3
 3
 3
 3
 3
 3
 3
 3
 3
 3
 3
 3
 3
 3
 3
 3
 3
 3
 3
 3
 3
 3
 3
 3
 3
 3
 3
 3
 3
 3
 3
 3
 3
 3
 3
 3
 3
 3
 3
 3
 3
 3
 3
 3
 3
 3
 3
 3
 3
 3
 3
 3
 3
 3
 3
 3
 3
 3
 3
 3
 3
 3
 3
 3
 3
 3
 3
 3
 3
 3
 3
 3
 3
 3
 3
 3
 3
 3
 3
 3
 3
 3
 3
 3
 3
 3
 3
 3
 3
 3
 3
 3
 3
 3
 3
 3
 3
 3
 3
 3
 3
 3
 3
 3
 3
 3
 3
 3
 3
 3
 3
 3
 3
 3
 3
 3
 3
 3
 3
 3
 3
 3
 3
 3
 3
 3
 3
 3
 3
 3
 3
 3
 3
 3
 3
 3
 3
 3
 3
 3
 3
 3
 3
 3
 3
 3
 3
 3
 3
 3
 3
 3
 3
 3
 3
 3
 3
 3
 3
 3
 3
 3
 3
 3
 3
 3
 3
 3
 3
 3
 3
 3
 3
 3
 3
 3
 3
 3
 3
 3
 3
 3
 3
 3
 3
 3
 3
 3
 3
 3
 3
 3
 3
 3
 3
 3
 3
 3
 3
 3
 3
 3
 3
 3
 3
 3
 3
 3
 3
 3
 3
 3
 3
 3
 3
 3
 3
 3
 3
 3
 3
 3
 3
 3
 3
 3
 3
 3
 3
 3
 3
 3
 3
 3
 3
 3
 3
 3
 3
 3
 3
 3
 3
 3
 3
 3
 3
 3
 3
 3
 3
 3
 3
 3
 3
 3
 3
 3
 3
 3
 3
 3
 3
 3
 3
 3
 3
 3
 3
 3
 3
 3
 3
 3
 3
 3
 3
 3
 3
 3
 3
 3
 3
 3
 3
 3
 3
 3
 3
 3
 3
 3
 3
 3
 3
 3
 3
 3
 3
 3
 3
 3
 3
 3
 3
 3
 3
 3
 3
 3
 3
 3
 3
 3
 3
 3
 3
 3
 3
 3
 3
 3
 3
 3
 3
 3
 3
 3
 3
 3
 3
 3
 3
 3
 3
 3
 3
 3
 3
 3
 3
 3
 3
 3
 3
 3
 3
 3
 3
 3
 3
 3
 3
 3
 3
 3
 3
 3
 3
 3
 3
 3
 3
 3
 3
 3
 3
 3
 3
 3
 3
 3
 3
 3
 3
 3
 3
 3
 3
 3
 3
 3
 3
 3
 3
 3
 3
 3
 3
 3
 3
 3
 3
 3
 3
 3
 3
 3
 3
 3
 3
 3
 3
 3
 3
 3
 3
 3
 3
 3
 3
 3
 3
 3
 3
 3
 3
 3
 3
 3
 3
 3
 3
 3
 3
 3
 3
 3
 3
 3
 3
 3
 3
 3
 3
 3
 3
 3
 3
 3
 3
 3
 3
 3
 3
 3
 3
 3
 3
 3
 3
 3
 3
 3
 3
 3
 3
 3
 3
 3
 3
 3
 3
 3
 3
 3
 3
 3
 3
 3
 3
 3
 3
 3
 3
 3
 3
 3
 3
 3
 3
 3
 3
 3
 3
 3
 3
 3
 3
 3
 3
 3
 3
 3
 3
 3
 3
 3
 3
 3
 3
 3
 3
 3
 3
 3
 3
 3
 3
 3
 3
 3
 3
 3
 3
 3
 3
 3
 3
 3
 3
 3
 3
 3
 3
 3
 3
 3
 3
 3
 3
 3
 3
 3
 3
 3
 3
 3
 3
 3
 3
 3
 3
 3
 3
 3
 3
 3
 3
 3
 3
 3
 3
 3
 3
 3
 3
 3
 3
 3
 3
 3
 3
 3
 3
 3
 3
 3
 3
 3
 3
 3
 3
 3
 3
 3
 3
 3
 3
 3
 3
 3
 3
 3
 3
 3
 3
 3
 3
 3
 3
 3
 3
 3
 3
 3
 3
 3
 3
 3
 3
 3
 3
 3
 3
 3
 3
 3
 3
 3
 3
 3
 3
 3
 3
 3
 3
 3
 3
 3
 3
 3
 3
 3
 3
 3
 3
 3
 3
 3
 3
 3
 3
 3
 3
 3
 3
 3
 3
 3
 3
 3
 3
 3
 3
 3
 3
 3
 3
 3
 3
 3
 3
 3
 3
 3
 3
 3
 3
 3
 3
 3
 3
 3
 3
 3
 3
 3
 3
 3
 3
 3
 3
 3
 3
 3
 3
 3
 3
 3
 3
 3
 3
 3
 3
 3
 3
 3
 3
 3
 3
 3
 3
 3
 3
 3
 3
 3
 3
 3
 3
 3
 3
 3
 3
 3
 3
 3
 3
 3
 3
 3
 3
 3
 3
 3
 3
 3
 3
 3
 3
 3
 3
 3
 3
 3
 3
 3
 3
 3
 3
 3
 3
 3
 3
 3
 3
 3
 3
 3
 3
 3
 3
 3
 3
 3
 3
 3
 3
 3
 3
 3
 3
 3
 3
 3
 3
 3
 3
 3
 3
 3
 3
 3
 3
 3
 3
 3
 3
 3
 3
 3
 3
 3
 3
 3
 3
 3
 3
 3
 3
 3
 3
 3
 3
 3
 3
 3
 3
 3
 3
 3
 3
 3
 3
 3
 3
 3
 3
 3
 3
 3
 3
 3
 3
 3
 3
 3
 3
 3
 3
 3
 3
 3
 3
 3
 3
 3
 3
 3
 3
 3
 3
 3
 3
 3
 3
 3
 3
 3
 3
 3
 3
 3
 3
 3
 3
 3
 3
 3
 3
 3
 3
 3
 3
 3
 3
 3
 3
 3
 3
 3
 3
 3
 3
 3
 3
 3
 3
 3
 3
 3
 3
 3
 3
 3
 3
 3
 3
 3
 3
 3
 3
 3
 3
 3
 3
 3
 3
 3
 3
 3
 3
 3
 3
 3
 3
 3
 3
 3
 3
 3
 3
 3
 3
 3
 3
 3
 3
 3
 3
 3
 3
 3
 3
 3
 3
 3
 3
 3
 3
 3
 3
 3
 3
 3
 3
 3
 3
 3
 3
 3
 3
 3
 3
 3
 3
 3
 3
 3
 3
 3
 3
 3
 3
 3
 3
 3
 3
 3
 3
 3
 3
 3
 3
 3
 3
 3
 3
 3
 3
 3
 3
 3
 3
 3
 3
 3
 3
 3
 3
 3
 3
 3
 3
 3
 3
 3
 3
 3
 3
 3
 3
 3
 3
 3
 3
 3
 3
 3
 3
 3
 3
 3
 3
 3
 3
 3
 3
 3
 3
 3
 3
 3
 3
 3
 3
 3
 3
 3
 3
 3
 3
 3
 3
 3
 3
 3
 3
 3
 3
 3
 3
 3
 3
 3
 3
 3
 3
 3
 3
 3
 3
 3
 3
 3
 3
 3
 3
 3
 3
 3
 3
 3
 3
 3
 3
 3
 3
 3
 3
 3
 3
 3
 3
 3
 3
 3
 3
 3
 3
 3
 3
 3
 3
 3
 3
 3
 3
 3
 3
 3
 3
 3
 3
 3
 3
 3
 3
 3
 3
 3
 3
 3
 3
 3
 3
 3
 3
 3
 3
 3
 3
 3
 3
 3
 3
 3
 3
 3
 3
 3
 3
 3
 3
 3
 3
 3
 3
 3
 3
 3
 3
 3
 3
 3
 3
 3
 3
 3
 3
 3
 3
 3
 3
 3
 3
 3
 3
 3
 3
 3
 3
 3
 3
 3
 3
 3
 3
 3
 3
 3
 3
 3
 3
 3
 3
 3
 3
 3
 3
 3
 3
 3
 3
 3
 3
 3
 3
 3
 3
 3
 3
 3
 3
 3
 3
 3
 3
 3
 3
 3
 3
 3
 3
 3
 3
 3
 3
 3
 3
 3
 3
 3
 3
 3
 3
 3
 3
 3
 3
 3
 3
 3
 3
 3
 3
 3
 3
 3
 3
 3
 3
 3
 3
 3
 3
 3
 3
 3
 3
 3
 3
 3
 3
 3
 3
 3
 3
 3
 3
 3
 3
 3
 3
 3
 3
 3
 3
 3
 3
 3
 3
 3
 3
 3
 3
 3
 3
 3
 3
 3
 3
 3
 3
 3
 3
 3
 3
 3
 3
 3
 3
 3
 3
 3
 3
 3
 3
 3
 3
 3
 3
 3
 3
 3
 3
 3
 3
 3
 3
 3
 3
 3
 3
 3
 3
 3
 3
 3
 3
 3
 3
 3
 3
 3
 3
 3
 3
 3
 3
 3
 3
 3
 3
 3
 3
 3
 3
 3
 3
 3
 3
 3
 3
 3
 3
 3
 3
 3
 3
 3
 3
 3
 3
 3
 3
 3
 3
 3
 3
 3
 3
 3
 3
 3
 3
 3
 3
 3
 3
 3
 3
 3
 3
 3
 3
 3
 3
 3
 3
 3
 3
 3
 3
 3
 3
 3
 3
 3
 3
 3
 3
 3
 3
 3
 3
 3
 3
 3
 3
 3
 3
 3
 3
 3
 3
 3
 3
 3
 3
 3
 3
 3
 3
 3
 3
 3
 3
 3
 3
 3
 3
 3
 3
 3
 3
 3
 3
 3
 3
 3
 3
 3
 3
 3
 3
 3
 3
 3
 3
 3
 3
 3
 3
 3
 3
 3
 3
 3
 3
 3
 3
 3
 3
 3
 3
 3
 3
 3
 3
 3
 3
 3
 3
 3
 3
 3
 3
 3
 3
 3
 3
 3
 3
 3
 3
 3
 3
 3
 3
 3
 3
 3
 3
 3
 3
 3
 3
 3
 3
 3
 3
 3
 3
 3
 3
 3
 3
 3
 3
 3
 3
 3
 3
 3
 3
 3
 3
 3
 3
 3
 3
 3
 3
 3
 3
 3
 3
 3
 3
 3
 3
 3
 3
 3
 3
 3
 3
 3
 3
 3
 3
 3
 3
 3
 3
 3
 3
 3
 3
 3
 3
 3
 3
 3
 3
 3
 3
 3
 3
 3
 3
 3
 3
 3
 3
 3
 3
 3
 3
 3
 3
 3
 3
 3
 3
 3
 3
 3
 3
 3
 3
 3
 3
 3
 3
 3
 3
 3
 3
 3
 3
 3
 3
 3
 3
 3
 3
 3
 3
 3
 3
 3
 3
 3
 3
 3
 3
 3
 3
 3
 3
 3
 3
 3
 3
 3
 3
 3
 3
 3
 3
 3
 3
 3
 3
 3
 3
 3
 3
 3
 3
 3
 3
 3
 3
 3
 3
 3
 3
 3
 3
 3
 3
 3
 3
 3
 3
 3
 3
 3
 3
 3
 3
 3
 3
 3
 3
 3
 3
 3
 3
 3
 3
 3
 3
 3
 3
 3
 3
 3
 3
 3
 3
 3
 3
 3
 3
 3
 3
 3
 3
 3
 3
 3
 3
 3
 3
 3
 3
 3
 3
 3
 3
 3
 3
 3
 3
 3
 3
 3
 3
 3
 3
 3
 3
 3
 3
 3
 3
 3
 3
 3
 3
 3
 3
 3
 3
 3
 3
 3
 3
 3
 3
 3
 3
 3
 3
 3
 3
 3
 3
 3
 3
 3
 3
 3
 3
 3
 3
 3
 3
 3
 3
 3
 3
 3
 3
 3
 3
 3
 3
 3
 3
 3
 3
 3
 3
 3
 3
 3
 3
 3
 3
 3
 3
 3
 3
 3
 3
 3
 3
 3
 3
 3
 3
 3
 3
 3
 3
 3
 3
 3
 3
 3
 3
 3
 3
 3
 3
 3
 3
 3
 3
 3
 3
 3
 3
 3
 3
 3
 3
 3
 3
 3
 3
 3
 3
 3
 3
 3
 3
 3
 3
 3
 3
 3
 3
 3
 3
 3
 3
 3
 3
 3
 3
 3
 3
 3
 3
 3
 3
 3
 3
 3
 3
 3
 3
 3
 3
 3
 3
 3
 3
 3
 3
 3
 3
 3
 3
 3
 3
 3
 3
 3
 3
 3
 3
 3
 3
 3
 3
 3
 3
 3
 3
 3
 3
 3
 3
 3
 3
 3
 3
 3
 3
 3
 3
 3
 3
 3
 3
 3
 3
 3
 3
 3
 3
 3
 3
 3
 3
 3
 3
 3
 3
 3
 3
 3
 3
 3
 3
 3
 3
 3
 3
 3
 3
 3
 3
 3
 3
 3
 3
 3
 3
 3
 3
 3
 3
 3
 3
 3
 3
 3
 3
 3
 3
 3
 3
 3
 3
 3
 3
 3
 3
 3
 3
 3
 3
 3
 3
 3
 3
 3
 3
 3
 3
 3
 3
 3
 3
 3
 3
 3
 3
 3
 3
 3
 3
 3
 3
 3
 3
 3
 3
 3
 3
 3
 3
 3
 3
 3
 3
 3
 3
 3
 3
 3
 3
 3
 3
 3
 3
 3
 3
 3
 3
 3
 3
 3
 3
 3
 3
 3
 3
 3
 3
 3
 3
 3
 3
 3
 3
 3
 3
 3
 3
 3
 3
 3
 3
 3
 3
 3
 3
 3
 3
 3
 3
 3
 3
 3
 3
 3
 3
 3
 3
 3
 3
 3
 3
 3
 3
 3
 3
 3
 3
 3
 3
 3
 3
 3
 3
 3
 3
 3
 3
 3
 3
 3
 3
 3
 3
 3
 3
 3
 3
 3
 3
 3
 3
 3
 3
 3
 3
 3
 3
 3
 3
 3
 3
 3
 3
 3
 3
 3
 3
 3
 3
 3
 3
 3
 3
 3
 3
 3
 3
 3
 3
 3
 3
 3
 3
 3
 3
 3
 3
 3
 3
 3
 3
 3
 3
 3
 3
 3
 3
 3
 3
 3
 3
 3
 3
 3
 3
 3
 3
 3
 3
 3
 3
 3
 3
 3
 3
 3
 3
 3
 3
 3
 3
 3
 3
 3
 3
 3
 3
 3
 3
 3
 3
 3
 3
 3
 3
 3
 3
 3
 3
 3
 3
 3
 3
 3
 3
 3
 3
 3
 3
 3
 3
 3
 3
 3
 3
 3
 3
 3
 3
 3
 3
 3
 3
 3
 3
 3
 3
 3
 3
 3
 3
 3
 3
 3
 3
 3
 3
 3
 3
 3
 3
 3
 3
 3
 3
 3
 3
 3
 3
 3
 3
 3
 3
 3
 3
 3
 3
 3
 3
 3
 3
 3
 3
 3
 3
 3
 3
 3
 3
 3
 3
 3
 3
 3
 3
 3
 3
 3
 3
 3
 3
 3
 3
 3
 3
 3
 3
 3
 3
 3
 3
 3
 3
 3
 3
 3
 3
 3
 3
 3
 3
 3
 3
 3
 3
 3
 3
 3
 3
 3
 3
 3
 3
 3
 3
 3
 3
 3
 3
 3
 3
 3
 3
 3
 3
 3
 3
 3
 3
 3
 3
 3
 3
 3
 3
 3
 3
 3
 3
 3
 3
 3
 3
 3
 3
 3
 3
 3
 3
 3
 3
 3
 3
 3
 3
 3
 3
 3
 3
 3
 3
 3
 3
 3
 3
 3
 3
 3
 3
 3
 3
 3
 3
 3
 3
 3
 3
 3
 3
 3
 3
 3
 3
 3
 3
 3
 3
 3
 3
 3
 3
 3
 3
 3
 3
 3
 3
 3
 3
 3
 3
 3
 3
 3
 3
 3
 3
 3
 3
 3
 3
 3
 3
 3
 3
 3
 3
 3
 3
 3
 3
 3
 3
 3
 3
 3
 3
 3
 3
 3
 3
 3
 3
 3
 3
 3
 3
 3
 3
 3
 3
 3
 3
 3
 3
 3
 3
 3
 3
 3
 3
 3
 3
 3
 3
 3
 3
 3
 3
 3
 3
 3
 3
 3
 3
 3
 3
 3
 3
 3
 3
 3
 3
 3
 3
 3
 3
 3
 3
 3
 3
 3
 3
 3
 3
 3
 3
 3
 3
 3
 3
 3
 3
 3
 3
 3
 3
 3
 3
 3
 3
 3
 3
 3
 3
 3
 3
 3
 3
 3
 3
 3
 3
 3
 3
 3
 3
 3
 3
 3
 3
 3
 3
 3
 3
 3
 3
 3
 3
 3
 3
 3
 3
 3
 3
 3
 3
 3
 3
 3
 3
 3
 3
 3
 3
 3
 3
 3
 3
 3
 3
 3
 3
 3
 3
 3
 3
 3
 3
 3
 3
 3
 3
 3
 3
 3
 3
 3
 3
 3
 3
 3
 3
 3
 3
 3
 3
 3
 3
 3
 3
 3
 3
 3
 3
 3
 3
 3
 3
 3
 3
 3
 3
 3
 3
 3
 3
 3
 3
 3
 3
 3
 3
 3
 3
 3
 3
 3
 3
 3
 3
 3
 3
 3
 3
 3
 3
 3
 3
 3
 3
 3
 3
 3
 3
 3
 3
 3
 3
 3
 3
 3
 3
 3
 3
 3
 3
 3
 3
 3
 3
 3
 3
 3
 3
 3
 3
 3
 3
 3
 3
 3
 3
 3
 3
 3
 3
 3
 3
 3
 3
 3
 3
 3
 3
 3
 3
 3
 3
 3
 3
 3
 3
 3
 3
 3
 3
 3
 3
 3
 3
 3
 3
 3
 3
 3
 3
 3
 3
 3
 3
 3
 3
 3
 3
 3
 3
 3
 3
 3
 3
 3
 3
 3
 3
 3
 3
 3
 3
 3
 3
 3
 3
 3
 3
 3
 3
 3
 3
 3
 3
 3
 3
 3
 3
 3
 3
 3
 3
 3
 3
 3
 3
 3
 3
 3
 3
 3
 3
 3
 3
 3
 3
 3
 3
 3
 3
 3
 3
 3
 3
 3
 3
 3
 3
 3
 3
 3
 3
 3
 3
 3
 3
 3
 3
 3
 3
 3
 3
 3
 3
 3
 3
 3
 3
 3
 3
 3
 3
 3
 3
 3
 3
 3
 3
 3
 3
 3
 3
 3
 3
 3
 3
 3
 3
 3
 3
 3
 3
 3
 3
 3
 3
 3
 3
 3
 3
 3
 3
 3
 3
 3
 3
 3
 3
 3
 3
 3
 3
 3
 3
 3
 3
 3
 3
 3
 3
 3
 3
 3
 3
 3
 3
 3
 3
 3
 3
 3
 3
 3
 3
 3
 3
 3
 3
 3
 3
 3
 3
 3
 3
 3
 3
 3
 3
 3
 3
 3
 3
 3
 3
 3
 3
 3
 3
 3
 3
 3
 3
 3
 3
 3
 3
 3
 3
 3
 3
 3
 3
 3
 3
 3
 3
 3
 3
 3
 3
 3
 3
 3
 3
 3
 3
 3
 3
 3
 3
 3
 3
 3
 3
 3
 3
 3
 3
 3
 3
 3
 3
 3
 3
 3
 3
 3
 3
 3
 3
 3
 3
 3
 3
 3
 3
 3
 3
 3
 3
 3
 3
 3
 3
 3
 3
 3
 3
 3
 3
 3
 3
 3
 3
 3
 3
 3
 3
 3
 3
 3
 3
 3
 3
 3
 3
 3
 3
 3
 3
 3
 3
 3
 3
 3
 3
 3
 3
 3
 3
 3
 3
 3
 3
 3
 3
 3
 3
 3
 3
 3
 3
 3
 3
 3
 3
 3
 3
 3
 3
 3
 3
 3
 3
 3
 3
 3
 3
 3
 3
 3
 3
 3
 3
 3
 3
 3
 3
 3
 3
 3
 3
 3
 3
 3
 3
 3
 3
 3
 3
 3
 3
 3
 3
 3
 3
 3
 3
 3
 3
 3
 3
 3
 3
 3
 3
 3
 3
 3
 3
 3
 3
 3
 3
 3
 3
 3
 3
 3
 3
 3
 3
 3
 3
 3
 3
 3
 3
 3
 3
 3
 3
 3
 3
 3
 3
 3
 3
 3
 3
 3
 3
 3
 3
 3
 3
 3
 3
 3
 3
 3
 3
 3
 3
 3
 3
 3
 3
 3
 3
 3
 3
 3
 3
 3
 3
 3
 3
 3
 3
 3
 3
 3
 3
 3
 3
 3
 3
 3
 3
 3
 3
 3
 3
 3
 3
 3
 3
 3
 3
 3
 3
 3
 3
 3
 3
 3
 3
 3
 3
 3
 3
 3
 3
 3
 3
 3
 3
 3
 3
 3
 3
 3
 3
 3
 3
 3
 3
 3
 3
 3
 3
 3
 3
 3
 3
 3
 3
 3
 3
 3
 3
 3
 3
 3
 3
 3
 3
 3
 3
 3
 3
 3
 3
 3
 3
 3
 3
 3
 3
 3
 3
 3
 3
 3
 3
 3
 3
 3
 3
 3
 3
 3
 3
 3
 3
 3
 3
 3
 3
 3
 3
 3
 3
 3
 3
 3
 3
 3
 3
 3
 3
 3
 3
 3
 3
 3
 3
 3
 3
 3
 3
 3
 3
 3
 3
 3
 3
 3
 3
 3
 3
 3
 3
 3
 3
 3
 3
 3
 3
 3
 3
 3
 3
 3
 3
 3
 3
 3
 3
 3
 3
 3
 3
 3
 3
 3
 3
 3
 3
 3
 3
 3
 3
 3
 3
 3
 3
 3
 3
 3
 3
 3
 3
 3
 3
 3
 3
 3
 3
 3
 3
 3
 3
 3
 3
 3
 3
 3
 3
 3
 3
 3
 3
 3
 3
 3
 3
 3
 3
 3
 3
 3
 3
 3
 3
 3
 3
 3
 3
 3
 3
 3
 3
 3
 3
 3
 3
 3
 3
 3
 3
 3
 3
 3
 3
 3
 3
 3
 3
 3
 3
 3
 3
 3
 3
 3
 3
 3
 3
 3
 3
 3
 3
 3
 3
 3
 3
 3
 3
 3
 3
 3
 3
 3
 3
 3
 3
 3
 3
 3
 3
 3
 3
 3
 3
 3
 3
 3
 3
 3
 3
 3
 3
 3
 3
 3
 3
 3
 3
 3
 3
 3
 3
 3
 3
 3
 3
 3
 3
 3
 3
 3
 3
 3
 3
 3
 3
 3
 3
 3
 3
 3
 3
 3
 3
 3
 3
 3
 3
 3
 3
 3
 3
 3
 3
 3
 3
 3
 3
 3
 3
 3
 3
 3
 3
 3
 3
 3
 3
 3
 3
 3
 3
 3
 3
 3
 3
 3
 3
 3
 3
 3
 3
 3
 3
 3
 3
 3
 3
 3
 3
 3
 3
 3
 3
 3
 3
 3
 3
 3
 3
 3
 3
 3
 3
 3
 3
 3
 3
 3
 3
 3
 3
 3
 3
 3
 3
 3
 3
 3
 3
 3
 3
 3
 3
 3
 3
 3
 3
 3
 3
 3
 3
 3
 3
 3
 3
 3
 3
 3
 3
 3
 3
 3
 3
 3
 3
 3
 3
 3
 3
 3
 3
 3
 3
 3
 3
 3
 3
 3
 3
 3
 3
 3
 3
 3
 3
 3
 3
 3
 3
 3
 3
 3
 3
 3
 3
 3
 3
 3
 3
 3
 3
 3
 3
 3
 3
 3
 3
 3
 3
 3
 3
 3
 3
 3
 3
 3
 3
 3
 3
 3
 3
 3
 3
 3
 3
 3
 3
 3
 3
 3
 3
 3
 3
 3
 3
 3
 3
 3
 3
 3
 3
 3
 3
 3
 3
 3
 3
 3
 3
 3
 3
 3
 3
 3
 3
 3
 3
 3
 3
 3
 3
 3
 3
 3
 3
 3
 3
 3
 3
 3
 3
 3
 3
 3
 3
 3
 3
 3
 3
 3
POINT_DATA       8639
SCALARS height float 1
LOOKUP_TABLE default
   883.7
  1054.1
   866.0
   481.2
   958.0
   443.0
   385.6
   338.8
   449.1
   527.5
  1042.0
   484.0
   417.7
   431.3
   563.6
   324.9
   802.4
   557.8
   342.9
   764.5
   543.0
   392.8
   953.2
   263.8
   788.6
   533.0
   882.0
   462.4
   346.1
   970.7
   403.1
   822.1
   508.9
   919.4
   535.0
   424.3
   974.4
   791.4
   566.0
   325.8
   639.6
   387.4
   253.1
   994.6
   456.8
   897.0
  1056.9
   253.2
   823.6
   538.5
   322.1
   511.1
   488.2
   291.0
   615.4
   311.3
   449.5
   959.9
   572.5
   535.6
   523.9
   480.2
   378.3
   436.8
   363.4
   929.2
   460.0
   467.4
   364.9
   325.6
   255.4
   259.6
   430.8
   522.9
   435.9
   373.2
   964.2
   313.0
   791.3
   432.0
   876.0
   692.9
   376.6
   380.5
   564.6
   470.9
   443.9
   383.0
   587.1
   479.8
   418.5
   685.4
   594.6
   576.1
  1012.8
   798.2
   593.1
   530.9
   436.7
   854.2
   603.5
   589.3
   458.6
   732.2
   623.2
   516.8
   787.7
   735.4
   709.8
   618.7
   595.7
   560.6
   855.6
   909.4
   755.2
   846.0
   600.4
   450.1
   983.7
   895.3
   723.4
   679.3
   558.0
   727.7
   628.6
   473.6
   791.1
   435.2
   788.6
   567.7
   865.6
  1000.9
   591.5
   628.4
   724.9
   553.6
   549.9
   664.8
   475.5
   622.6
   529.2
   562.5
   380.3
   776.9
   533.1
   402.7
   825.8
   814.1
   585.5
   603.8
   512.0
   565.8
   484.4
   666.2
   268.6
   626.6
   568.7
   502.0
   585.4
   559.8
   768.0
   821.5
   693.7
   608.9
   557.4
   790.5
   595.5
   522.8
   686.7
   605.6
   756.7
   579.5
   587.4
   742.4
   670.7
   412.3
   598.4
  1039.1
   768.6
   903.5
   657.1
   874.8
   698.3
   788.6
   734.0
   811.0
   990.8
   986.7
  1065.3
   900.6
   703.4
   512.8
   937.3
   740.1
   918.6
   750.7
  1052.8
   931.7
   849.6
   925.2
   925.0
   973.5
   472.2
   829.8
   611.3
   447.3
   919.9
   853.4
   840.7
   711.5
   580.4
   677.7
   331.7
   415.1
   651.7
   845.8
   985.4
   929.2
  1010.8
   859.4
   561.1
   557.7
   842.5
   698.2
   918.6
   730.3
   663.3
   933.6
   607.5
   826.5
   900.4
   608.4
   969.9
   796.3
   809.6
   887.5
   648.4
  1034.4
   877.8
   660.6
   964.9
   586.8
   704.0
   769.7
   847.7
   674.0
   780.2
   657.1
   509.4
   860.7
   777.9
   906.1
   768.0
   677.0
   663.3
   893.5
  1000.0
  1060.1
   829.8
   853.3
   910.1
   757.1
  1065.3
   390.3
   550.4
   584.2
   948.6
   769.2
  1057.9
   970.5
  1232.0
  1074.9
   860.0
   784.9
   835.8
   988.0
   926.7
  1032.9
  1152.1
  1141.8
   708.1
  1189.8
   766.7
  1018.2
   925.9
   640.8
   655.8
   905.8
  1032.5
   910.4
  1118.8
  1213.4
   343.4
   674.1
   597.2
  1043.5
   972.4
   704.6
   858.4
   952.4
   589.2
   867.0
   783.2
   625.1
   409.6
   772.0
   946.7
  1279.4
  1023.3
  1110.5
   681.0
   892.2
  1120.2
   697.8
   791.1
   547.0
   938.7
  1099.3
  1064.0
   934.0
   766.2
   591.1
  1206.8
  1005.6
   871.0
   539.8
   578.5
   871.7
   604.5
  1040.4
   880.5
   674.6
   947.1
   824.5
   482.0
   747.2
   697.7
   955.5
   835.5
   751.2
   905.6
   919.6
  1122.6
   853.1
   736.8
  1058.3
   769.8
   596.3
  1255.4
  1116.4
   939.3
  1135.0
  1284.5
  1161.3
  1028.6
  1008.3
   914.9
   600.4
   480.1
   807.8
   514.3
   665.5
   924.5
  1179.2
  1030.1
  1024.2
  1359.1
   978.5
  1064.4
  1163.9
  1375.4
   695.0
   567.8
   624.2
   542.2
  1120.1
   877.3
   921.1
   712.9
   930.3
  1013.6
  1008.2
  1059.3
   563.8
   575.1
  1049.5
  1042.5
  1066.0
   672.7
   819.4
  1119.3
  1098.4
  1169.5
   929.4
  1120.5
  1388.0
   908.2
  1137.4
   963.8
  1085.3
   731.2
  1105.8
   927.2
   624.5
   996.9
   666.5
   824.7
   953.8
   540.5
   634.8
   798.3
  1054.4
  1129.9
   928.1
   876.4
   919.6
   979.0
   880.0
   583.8
  1236.8
  1120.7
   854.3
  1241.7
  1177.1
  1116.3
   865.5
   780.5
  1051.4
  1036.8
   804.1
   799.1
  1115.6
  1178.3
   869.9
   825.5
   356.4
   489.6
  1138.9
  1161.0
  1223.9
  1212.7
  1130.9
  1106.2
  1153.2
  1265.2
  1479.1
  1324.2
  1226.9
  1430.3
  1102.6
   869.6
   717.4
   894.5
   625.6
   996.7
  1188.3
  1055.1
  1064.5
  1191.7
  1115.8
   912.9
   798.9
   981.8
   540.3
   670.1
   565.7
   554.8
   687.3
   627.9
  1116.5
  1121.8
   714.1
  1217.4
  1209.1
  1089.7
  1315.7
   668.6
   746.0
   702.0
  1072.2
   753.7
  1192.2
  1224.2
   971.2
   794.5
  1192.7
   780.1
  1181.0
   963.4
   698.1
   948.8
   709.1
  1072.9
   943.5
   953.7
   647.2
   998.7
   706.9
  1339.8
  1077.6
  1419.6
  1073.2
  1247.4
  1033.5
   953.5
   810.9
   526.5
   765.0
   719.3
  1008.4
   697.3
   964.2
   511.8
   576.8
   994.8
  1278.7
  1158.0
  1017.1
  1217.3
  1349.8
   782.8
   374.5
   602.4
   581.6
   765.5
   608.8
  1035.8
  1033.1
  1011.9
  1309.2
  1227.8
  1196.1
  1308.6
  1413.5
  1204.1
  1434.8
   824.2
   790.8
   782.8
  1149.6
  1119.7
   982.4
   961.9
  1022.5
   894.2
  1160.7
   845.6
   578.2
   837.6
   781.4
   629.8
   830.5
  1240.1
  1200.0
  1061.0
  1028.1
   975.6
   763.4
   634.1
   684.8
  1003.0
  1240.9
  1237.2
  1163.7
  1071.9
  1202.8
   816.9
   603.1
   730.4
  1160.7
   879.5
  1057.6
   815.8
  1194.4
   667.1
   760.3
  1054.9
   899.6
  1100.0
  1053.7
  1300.6
  1346.5
  1448.3
   998.5
  1270.4
  1113.6
   750.4
   925.9
  1139.8
   928.3
   755.0
   882.1
  1157.2
   991.3
   741.8
  1361.9
  1294.3
  1205.0
  1119.0
  1452.7
   891.7
  1226.4
  1063.2
  1309.3
  1485.7
  1322.9
  1304.3
   946.1
   964.0
  1255.6
   738.5
   616.8
   817.7
   337.7
   787.7
   859.2
   611.2
   943.5
  1054.1
   983.9
   945.8
  1259.2
  1321.8
  1363.7
  1050.4
  1387.3
  1192.7
   995.1
   839.5
   725.9
  1005.9
   751.3
  1229.3
  1382.5
  1173.2
  1212.9
  1295.5
  1078.5
  1335.9
  1069.3
   941.5
   886.4
   997.4
   772.5
  1373.7
  1339.2
  1239.6
  1215.6
   862.8
   527.9
  1223.6
  1546.7
  1319.1
   837.7
   955.3
  1029.3
  1032.9
   647.4
   776.6
   903.8
   903.4
  1055.1
   810.4
  1038.7
   970.2
  1437.7
  1313.2
  1428.4
  1125.3
  1101.9
  1306.2
   761.1
   858.8
   862.1
   876.7
  1445.8
  1278.2
  1141.2
  1222.6
  1140.5
  1194.2
  1271.8
  1240.7
  1253.7
   965.8
   280.8
   536.4
   839.0
   738.0
   745.7
   822.1
  1092.2
  1328.3
  1115.0
  1307.0
  1479.1
  1667.2
  1390.6
  1494.4
   869.4
   726.0
  1066.1
  1354.4
  1266.0
  1047.9
  1330.5
  1365.8
  1522.2
  1252.3
  1612.2
   720.1
  1023.0
  1091.6
  1031.0
   669.2
   905.6
  1161.7
  1029.0
   994.4
  1173.3
   729.7
   705.9
  1043.8
   844.7
   712.8
  1136.9
  1352.5
  1185.9
   878.1
  1291.9
   919.3
   944.2
  1144.2
   898.6
  1264.4
  1146.5
   765.0
   761.8
  1138.6
   892.3
  1492.9
  1417.4
  1442.3
  1162.5
  1503.2
   891.5
   724.8
   949.2
   883.8
   970.5
  1189.7
  1081.9
  1018.5
  1174.1
  1503.6
  1552.8
  1339.6
  1519.0
  1454.0
  1463.0
  1171.5
  1253.7
  1513.8
  1205.5
  1315.4
  1102.5
  1178.7
   861.5
   918.5
   625.2
   636.9
   563.1
   699.9
   524.8
   502.5
   242.5
   632.8
   436.2
  1060.8
   941.8
  1068.9
  1272.9
  1426.8
   962.6
  1042.1
  1433.1
  1597.2
  1560.8
  1619.6
  1570.2
  1799.6
  1040.4
   865.1
  1245.6
  1123.4
  1365.3
  1142.1
  1285.4
  1148.0
  1389.0
  1226.6
  1357.6
   696.4
   840.2
   862.1
   687.6
  1275.1
  1084.0
   922.3
  1543.3
  1506.0
  1345.9
  1045.9
  1390.6
   857.1
   943.1
  1077.6
   820.7
   974.4
  1242.3
  1277.0
  1015.9
  1100.1
  1370.5
   727.4
   533.0
   839.5
  1072.9
  1283.9
  1472.2
  1528.1
  1602.4
  1681.8
  1415.5
  1152.5
   864.1
  1166.3
  1071.4
  1318.5
  1235.0
  1621.4
  1609.8
  1430.1
  1523.7
  1820.3
  1102.0
  1223.7
  1019.8
  1088.3
   966.8
   636.2
   748.2
   309.7
   316.6
   461.8
   656.0
   806.0
   944.2
   818.6
   962.5
   722.8
  1134.6
  1457.2
  1619.0
  1427.6
  1298.3
  1113.1
  1498.1
  1474.9
   800.1
  1250.5
   912.5
  1532.3
  1600.7
  1675.2
  1146.4
  1429.6
   810.8
  1042.6
   879.8
  1232.8
   971.8
  1558.1
  1441.9
   931.6
   972.4
  1225.1
   780.0
   861.5
   999.1
  1271.1
   604.8
   899.6
   688.3
   803.4
   894.9
  1011.4
  1212.5
  1099.5
   899.2
   782.4
  1393.7
  1254.6
  1249.9
  1246.2
   901.6
  1278.4
  1184.7
   862.2
  1602.4
  1351.3
  1450.8
  1710.5
  1891.7
  1648.4
  1184.6
  1374.3
   965.3
   857.5
  1173.4
  1072.1
  1420.6
  1377.1
  1197.0
  1012.1
  1629.5
  1615.1
  1298.1
  1224.3
  1633.8
   847.9
   896.6
   534.0
   804.4
   657.6
   614.2
   472.6
   457.1
   259.5
   599.6
   494.5
   672.6
  1025.8
  1179.1
  1086.2
  1070.5
  1144.6
  1012.1
  1092.6
  1079.3
  1020.4
   971.8
  1159.0
  1594.0
  1603.5
  1523.4
  1138.3
  1092.8
  1286.7
  1575.4
  1611.7
  1475.1
  1551.9
  1262.8
   893.8
  1013.8
   803.2
   905.9
  1411.6
  1502.7
  1305.5
  1496.5
   726.0
  1078.7
   680.9
   995.3
   770.8
   993.8
  1048.7
  1055.9
  1184.1
  1374.5
  1305.2
  1549.3
  1249.3
  1294.7
  1456.4
   833.5
  1087.8
  1192.6
  1178.5
   904.8
  1182.9
  1363.1
  1266.8
  1254.4
   983.6
   738.5
   831.3
  1209.7
  1065.4
  1447.0
  1734.3
  1528.0
  1665.7
  1229.9
  1108.5
   696.9
   867.9
  1158.2
  1405.0
  1381.3
  1462.5
  1450.7
  1331.1
  1218.7
  1735.2
  1705.7
  1166.0
  1113.8
  1037.4
  1157.0
  1128.8
  1003.5
  1067.3
   730.0
   792.3
   967.8
   705.3
   800.7
   521.1
   476.6
   408.2
   712.7
   572.3
   699.1
   968.2
  1188.8
  1016.6
  1276.3
  1269.8
  1116.9
  1259.3
  1206.0
  1487.9
  1644.3
  1598.9
  1531.8
  1282.4
  1605.5
  1336.5
  1604.0
  1653.5
  1642.7
  1424.5
  1563.4
   922.5
  1081.2
   930.5
  1255.0
  1318.5
  1017.9
  1537.1
  1492.3
  1431.2
  1132.5
  1417.6
  1133.6
   899.5
  1164.4
  1403.5
  1363.4
  1180.5
  1481.5
  1593.8
  1365.0
   980.6
  1415.3
  1309.6
  1176.4
  1228.3
   953.9
  1157.6
  1373.2
   858.7
  1317.3
  1100.2
  1571.8
  1786.3
  1661.3
  1739.8
  1769.7
  1397.7
  1190.5
  1016.5
   942.3
  1676.2
  1394.4
  1604.6
  1775.9
  1701.5
  1951.8
  1684.2
  1522.6
  1572.7
  1776.3
  1678.6
  1434.8
  1438.8
  1187.5
  1406.0
   843.1
  1087.2
  1059.3
   783.7
   557.3
   670.9
   345.8
   556.5
   460.0
   929.6
   840.3
   680.1
   705.5
  1032.1
   844.6
  1047.8
   987.0
  1271.9
  1458.6
  1617.0
  1391.3
  1491.9
  1552.7
  1499.3
  1760.1
  1793.3
  1874.7
  1602.2
  1386.3
  1763.2
  1025.3
   784.8
  1082.9
   783.6
  1597.1
  1501.6
  1646.8
  1751.6
  1466.1
   869.1
  1031.9
   732.1
  1311.2
   903.1
  1529.3
  1376.1
  1701.1
  1324.2
  1575.5
   868.7
   955.5
  1328.0
  1301.2
  1466.4
  1533.4
  1549.8
  1157.0
  1527.5
  1381.1
  1497.1
  1280.2
   892.5
  1005.2
   900.1
  1023.4
  1270.4
  1407.1
  1995.0
  1687.2
  1911.4
  1610.6
  1661.2
  1853.0
  1606.5
  1332.6
  1092.8
  1459.8
  1448.5
  1072.4
  1874.5
  1708.2
  1883.7
  2066.1
  2095.8
  1976.2
  2023.1
  1275.8
  1501.4
  1664.8
  1143.7
  1062.8
   885.2
   973.2
   740.4
   365.0
   620.7
   384.9
   480.7
   656.6
   845.7
   775.4
   637.5
   990.8
  1532.8
  1210.3
  1566.3
  1845.2
  1620.8
  1887.3
  1988.1
  1728.3
  1875.4
  2078.6
  1477.0
  1724.5
  1097.5
   978.4
   937.0
  1839.6
  1696.0
  1609.2
  1120.6
  1299.5
   855.5
   976.5
  1347.6
  1165.7
  1533.1
  1783.2
  1799.4
  1150.2
  1374.5
  1063.3
  1405.2
  1631.5
  1634.0
  1409.7
  1314.6
  1430.8
  1062.0
  1193.0
  1434.7
  1178.6
  1016.2
  1171.2
  1676.3
  1727.4
  1726.8
  1375.4
  1773.4
  1874.0
  1382.3
  1648.8
  1449.5
  2062.4
  1892.7
  1895.0
  1960.9
  1641.5
  1558.7
  1217.1
  1199.9
  1124.3
  1239.2
  1312.5
  1130.8
  1001.3
  1161.4
   902.5
   999.1
   696.3
   792.7
   792.1
   901.4
   756.1
   396.3
   533.9
   596.2
   350.8
   665.2
   861.2
   875.5
   890.8
   733.4
   907.5
   915.5
  1034.4
   998.4
  1131.5
   962.2
  1338.8
  1198.2
  1170.7
  1245.9
  1140.7
  1513.0
  1437.4
  2075.4
  1883.2
  1851.8
  2053.8
  1876.8
  1384.2
  1307.6
  1104.6
  1057.2
  1315.3
  1212.5
  1171.2
  1326.1
  1393.1
  1929.3
  1684.2
  1866.7
  1641.3
  1516.6
  1293.9
  1161.2
   917.2
  1253.8
  1804.9
  1875.9
  1871.3
  1699.7
  1521.0
  1443.5
  1263.2
  1640.5
  1486.4
  1735.0
  1451.3
  1460.0
  1440.5
  1298.6
  1458.4
  2039.4
  1798.7
  1976.6
  1469.1
  1290.7
  1853.4
  2218.8
  2069.5
  2167.1
  1814.8
  1972.9
  2015.2
  1924.3
  1823.1
  1324.6
  1496.6
  1662.3
  1222.8
  1012.5
  1286.4
  1074.6
   997.7
   534.8
   376.6
   566.6
   337.1
   429.6
   992.5
   974.4
   800.3
   895.3
  1125.2
   905.0
   988.9
  1272.2
  1208.8
  1314.2
  1221.4
  1352.1
  1475.2
  1796.5
  1686.9
  1971.4
  2136.7
  1902.1
  1966.9
  1892.3
  1550.1
  1875.2
  1508.1
  1476.8
  1074.5
  1266.1
  1026.3
  1479.4
  1686.5
  1633.9
  1895.9
  1925.7
  1902.7
  1765.9
  1494.1
  1294.4
  1659.1
   911.7
  1281.4
  1321.6
  1119.3
  1572.9
  1455.9
  1332.0
  1387.8
  2054.1
  1925.1
  1696.4
  1857.7
  1418.2
  1637.3
  1793.2
  1707.2
  1539.8
  1880.7
  1702.4
  1593.7
  1756.0
  1889.3
  1850.4
  1742.8
  1551.7
  1756.4
  1567.8
  1709.9
  1474.4
  1633.2
  1917.2
  1847.1
  2063.4
  2107.4
  1786.6
  1854.1
  1719.2
  1972.4
  1985.4
  1931.5
  2147.1
  2075.6
  1725.4
  2073.6
  1515.8
  1768.0
  1623.3
  1489.5
  1435.7
  1680.0
  1320.4
  1167.8
   884.7
  1186.5
   799.8
   892.3
   666.6
   427.3
   382.4
   678.2
   777.8
   936.3
   921.1
   563.3
   733.7
  1085.5
   756.5
   814.4
   920.4
   877.1
  1071.4
  1508.8
  1208.9
  1644.9
  2051.4
  1755.1
  2068.7
  1524.8
  1297.0
  1323.5
  1108.4
  1781.2
  1944.9
  1795.2
  1790.2
   811.6
  1088.0
  1066.3
  1007.4
  1418.2
  1121.4
  1719.5
  1632.8
  1850.2
  1967.3
  1704.9
  2023.3
  1331.2
  1582.7
  2127.8
  1952.7
  1972.4
  1992.2
  1936.9
  1853.4
  2005.2
  1366.4
  1593.7
  1288.9
  1619.5
  1500.4
  1910.5
  1821.3
  2166.9
  2199.9
  2194.7
  2291.4
  2303.6
  2031.5
  2030.8
  1982.2
  1919.1
  2244.7
  2100.2
  2049.5
  2293.0
  1947.6
  1648.8
  1563.9
  1430.3
  1260.3
  1420.9
  1256.1
  1387.1
  1021.2
  1143.9
   845.5
   713.5
   446.8
   651.6
   388.7
   608.3
   446.6
   661.7
   767.6
   700.5
   959.6
  1248.9
   953.2
  1756.2
  1962.9
  1598.4
  1928.2
  2196.3
  2058.3
  1550.0
  1688.8
  1479.6
  1642.7
  1350.9
  1535.0
  1786.7
  1838.5
  1781.8
  1517.2
  1563.3
  1170.1
  1127.5
  1246.2
  1822.5
  1467.3
  1740.6
  1991.0
  2035.4
  2370.3
  2318.3
  2104.9
  2151.1
  2273.3
  2183.6
  2280.9
  2023.4
  1697.8
  1789.8
  1950.7
  2153.0
  2153.9
  2263.9
  2242.4
  2325.7
  2138.6
  1939.7
  1695.1
  1459.3
  1822.2
  1710.8
  2172.8
  2088.1
  2394.8
  2321.4
  2607.5
  2506.9
  2123.9
  2194.6
  1813.7
  1735.5
  1703.6
  1482.8
  1307.4
  1306.7
  1117.7
  1041.4
  1034.5
  1255.8
  1131.7
  1126.7
   960.2
   947.5
  1089.9
   984.2
  1015.8
   959.8
   929.1
   851.6
   741.3
   997.1
   373.9
   482.6
   574.8
   462.2
   617.9
   882.0
   881.8
  1104.5
  1029.0
   942.5
   790.3
   984.0
  1099.0
  1327.9
  1257.4
  1089.2
  1078.4
  1512.6
  1238.9
  2118.9
  2189.3
  2188.1
  2043.4
  1894.5
  2016.0
  1791.7
  1876.4
  1881.6
  1787.1
  1800.8
  1673.0
  1856.9
  1382.5
  1699.0
  1583.2
  1349.1
  1663.9
  2183.8
  1980.2
  2425.1
  2578.5
  2058.0
  2176.3
  2186.9
  2264.7
  2444.5
  2488.3
  2427.9
  2649.4
  2635.2
  2418.8
  2531.9
  2401.4
  2182.2
  2366.4
  2113.0
  2104.5
  2064.2
  2125.0
  2309.0
  2403.5
  2703.5
  2663.7
  2883.5
  2584.7
  2681.0
  2873.5
  2349.5
  2603.7
  2383.4
  2246.7
  2268.7
  2360.6
  2426.5
  1737.0
  1646.0
  1579.8
  1129.4
  1444.4
   796.6
  1016.5
   820.4
   746.6
   734.2
  1011.0
   889.5
  1036.4
  1031.9
   894.1
  1096.1
  1041.1
  1110.3
  1178.9
   967.9
   837.2
   447.4
   598.3
   839.8
   547.4
   951.5
  1027.8
   740.2
   748.5
  1079.3
  1104.2
   751.6
  1173.2
   975.4
  1071.6
  1384.4
  1372.5
  1258.3
  1686.3
  2079.4
  2151.4
  2203.7
  1963.6
  2214.4
  2191.6
  2251.0
  1952.4
  2298.8
  1948.0
  2077.6
  1957.9
  2237.0
  2037.1
  2125.1
  1717.5
  1521.4
  1878.8
  2017.9
  1937.9
  2629.9
  2536.6
  2373.4
  2526.9
  2526.2
  2287.2
  2340.3
  2617.5
  2634.4
  2772.2
  2585.8
  2732.7
  2675.8
  2720.8
  2608.6
  2379.9
  2580.4
  2567.5
  2430.8
  2747.5
  2691.4
  3004.7
  2862.5
  2597.0
  2580.0
  2729.2
  2282.7
  2293.2
  1876.3
  2172.6
  2155.8
  1431.2
  1221.8
  1512.0
   781.4
  1015.3
   869.2
   888.9
   703.3
   602.1
   867.5
   809.5
   794.6
   855.5
   974.2
   429.0
   344.7
   549.3
   552.7
   838.5
   674.9
  1242.8
  1243.2
   957.4
  1036.2
  1212.4
  1246.3
  1178.3
  1216.3
  1271.1
  1415.8
  1277.8
  1459.0
  1359.2
  1460.0
  1518.7
  1587.6
  1942.1
  1671.2
  2420.6
  2498.2
  2571.9
  2540.4
  2171.2
  2383.7
  2369.3
  2317.1
  2002.2
  2319.2
  1944.1
  1863.4
  1841.6
  2089.1
  2083.9
  2348.3
  2186.1
  2364.8
  2672.7
  2681.9
  2704.7
  2704.0
  2873.9
  2828.9
  2849.5
  2947.7
  2818.0
  2994.5
  2997.8
  2923.3
  2909.0
  2919.1
  2933.0
  2864.2
  2989.9
  2739.2
  2740.2
  2920.6
  2722.7
  2916.3
  2674.3
  2728.9
  3005.7
  2999.3
  2998.6
  2958.8
  2971.3
  2362.7
  2504.9
  2721.2
  1954.5
  2204.6
  1810.8
  1242.0
  1041.6
  1243.2
  1149.3
  1246.2
  1137.8
  1241.0
  1066.3
   819.0
  1141.3
   554.6
   461.3
   687.4
   684.8
   555.4
   671.1
   641.8
   397.5
   372.1
   362.5
   771.6
   581.7
   608.5
   923.6
   928.7
  1250.2
  1224.0
  1105.3
  1261.4
  1508.8
  1206.1
  1366.1
  1350.6
  1590.4
  1690.3
  1865.6
  1640.1
  1510.1
  1621.8
  2092.2
  2003.7
  2584.0
  2600.5
  2342.5
  2620.8
  2748.3
  2677.6
  2514.4
  2590.3
  2588.3
  2583.6
  2555.5
  2451.5
  2543.2
  2431.3
  2249.9
  2273.5
  2365.3
  2354.7
  2427.6
  2389.9
  2618.5
  2543.1
  2754.3
  2723.0
  2953.0
  2942.4
  2940.5
  2938.0
  2946.4
  3128.0
  3047.7
  3161.5
  3074.0
  3043.4
  3073.6
  2999.0
  3077.0
  3057.3
  2989.1
  3019.2
  2881.0
  2876.8
  3033.2
  2923.1
  2772.9
  2951.5
  2851.0
  2938.3
  2889.1
  2909.3
  2964.1
  2996.2
  2911.5
  2756.6
  2811.5
  2937.0
  2381.0
  2641.1
  2236.0
  1854.4
  1461.7
  1539.2
  1454.4
  1444.2
  1286.3
  1333.1
  1501.0
  1146.2
  1277.5
   797.1
   704.1
   516.0
   632.5
   523.4
   362.4
   440.2
   318.1
   513.1
   532.6
   330.9
   566.1
   752.7
   946.3
  1140.9
   840.3
  1090.2
  1080.4
  1025.9
  1097.9
  1371.3
  1298.4
  1424.0
  1625.4
  1644.6
  1809.1
  2047.8
  2166.6
  2282.9
  2160.8
  2381.7
  2277.7
  2514.4
  2646.9
  2376.9
  2666.1
  2715.7
  2705.5
  2739.0
  2778.6
  2836.9
  2542.1
  2588.6
  2511.9
  2678.2
  2653.4
  2565.7
  2762.8
  2781.7
  2862.4
  2870.4
  2901.9
  3050.0
  3039.8
  3114.1
  3112.7
  2926.6
  3000.1
  3058.6
  2752.1
  2746.3
  2802.0
  2713.8
  2555.5
  2795.5
  2609.4
  2624.7
  2898.0
  2617.4
  2776.3
  2930.3
  2795.1
  2511.7
  2693.7
  2748.4
  2254.4
  2039.0
  1940.4
  2005.9
  1624.2
  1797.8
  1713.0
  1492.3
  1389.8
  1437.0
   985.5
  1043.8
   852.1
   838.8
   646.2
   983.0
   780.4
  1044.1
   901.5
   770.8
   532.9
   758.9
   878.5
   472.1
   696.9
   650.7
   581.2
   870.6
   559.4
   464.0
   594.4
   832.4
   722.0
   736.6
   956.4
   916.0
   867.1
  1009.0
  1206.7
  1041.2
  1274.6
  1822.4
  1990.8
  2084.6
  2023.1
  2154.7
  2109.2
  2407.4
  2295.8
  2711.7
  2735.4
  2522.3
  2988.1
  3005.6
  2944.9
  2885.0
  2977.2
  2906.3
  2871.1
  2787.0
  2879.3
  2935.0
  2888.6
  2931.1
  2901.0
  2928.8
  2849.8
  2996.4
  3153.9
  3135.2
  3010.2
  3139.1
  3119.0
  3133.1
  2868.3
  3016.1
  2882.4
  2976.5
  2840.1
  2805.5
  2564.4
  2716.2
  2470.1
  2550.2
  2358.0
  2311.7
  2565.2
  2478.7
  2311.9
  2469.3
  2500.2
  2355.6
  2661.8
  2731.3
  2492.3
  2510.6
  2694.7
  2760.4
  2480.7
  2391.5
  2286.7
  2162.5
  2132.5
  1799.0
  1370.2
  1077.5
  1046.1
  1031.9
  1203.8
   965.5
  1000.6
  1128.4
   863.0
   904.0
   797.6
  1012.6
   661.7
   821.1
   656.2
   526.8
   448.6
   624.3
   700.3
   540.5
   751.1
   651.6
   831.3
   712.4
  1137.0
  1399.3
  1381.2
  1654.2
  1826.8
  1818.3
  1894.2
  1668.0
  2015.1
  1973.3
  2403.9
  2230.4
  2595.8
  2781.0
  2974.7
  2725.3
  2864.4
  2869.2
  2698.0
  2889.9
  2855.6
  2985.6
  2790.8
  2774.5
  2922.8
  3011.9
  2912.0
  3009.4
  2843.7
  2792.8
  2709.2
  2687.8
  2466.0
  2582.1
  2801.1
  2812.7
  2544.9
  2591.7
  2459.7
  2306.8
  2345.3
  2091.5
  2197.4
  2172.2
  1922.0
  2174.8
  2004.1
  2066.2
  2179.4
  2219.1
  2098.5
  2043.8
  2342.3
  2323.7
  2482.8
  2788.2
  2714.0
  2686.4
  2814.2
  2799.5
  2706.5
  2394.9
  2607.8
  2335.1
  2176.5
  1506.8
  1775.9
  1495.3
  1579.4
  1211.7
  1421.1
  1248.1
  1218.4
  1141.0
   894.8
  1109.9
   868.4
   544.1
   610.3
   467.4
   730.1
   534.4
   599.9
   654.2
   895.5
   715.3
   875.4
   705.4
   799.8
   841.7
   866.5
   951.2
  1393.2
  1305.3
  1428.8
  1374.8
  1465.6
  1710.7
  1571.9
  1417.8
  1690.8
  2245.4
  1977.3
  2552.3
  2609.8
  2586.7
  2676.9
  2818.1
  2589.1
  2684.3
  2607.0
  2728.8
  2554.5
  2540.9
  2476.5
  2632.1
  2719.9
  2456.6
  2675.7
  2848.3
  2744.0
  2505.3
  2501.3
  2179.2
  2530.9
  2500.0
  2258.9
  2438.4
  2168.2
  1900.3
  1923.9
  1704.5
  1581.3
  1750.5
  1688.7
  1831.2
  1866.0
  1930.8
  1699.4
  1770.5
  1981.8
  2443.8
  2158.3
  2368.1
  2620.5
  2652.1
  2608.7
  2815.4
  2549.8
  2551.3
  2375.3
  2195.3
  2017.9
  2047.0
  1915.8
  1945.0
  1906.7
  1648.0
  1889.3
  1556.3
  1285.0
  1400.6
   920.9
  1012.7
   809.1
   977.1
   999.5
   713.5
   731.9
   376.8
   622.9
   507.9
   834.2
   950.7
   967.1
  1044.0
  1043.8
   938.1
  1057.5
  1089.1
   995.9
  1132.6
  1084.5
  1257.4
  1067.3
  1123.0
  1112.6
  1324.8
  1326.0
  1184.2
  1280.7
  1058.4
  1254.0
  1450.0
  1546.1
  2043.1
  1847.6
  2439.7
  2389.7
  2513.0
  2225.0
  2383.5
  2184.8
  2516.0
  2332.8
  2422.1
  2149.7
  2385.7
  2237.9
  2431.9
  2546.8
  2371.0
  2237.3
  2239.7
  2094.3
  2019.9
  2150.7
  2211.3
  2131.2
  1859.4
  2365.2
  2276.1
  2275.3
  2064.2
  1918.0
  1500.0
  1360.2
  1540.7
  1557.7
  1696.8
  1458.1
  1597.3
  1650.7
  1684.9
  1844.7
  2104.6
  2419.7
  2207.3
  2744.4
  2615.9
  2591.4
  2717.5
  2504.7
  2488.7
  2244.4
  2272.4
  2188.7
  2383.7
  2076.9
  2042.1
  1750.5
  1716.1
  1671.3
  1926.7
  1587.9
  1515.7
  1414.1
  1391.3
  1620.7
  1303.4
  1113.4
   967.9
   859.4
   650.2
   606.7
   399.1
   865.2
   710.3
   591.0
   859.5
   860.1
  1047.7
  1069.1
   872.4
   769.5
  1077.8
   967.3
  1108.0
  1138.8
  1044.3
  1005.4
  1133.2
  1888.3
  2350.2
  2164.5
  2305.6
  2192.5
  2177.7
  1927.9
  2113.8
  2149.7
  2139.4
  2402.5
  2218.1
  2036.1
  1992.0
  1912.1
  2066.8
  2218.1
  2334.2
  2128.6
  2050.0
  1773.8
  1933.8
  1555.0
  1558.6
  1746.5
  1886.5
  1641.0
  2001.2
  2209.3
  2211.1
  2211.4
  1872.4
  2050.4
  1236.5
  1275.5
  1199.4
  1296.5
  1474.5
  1367.7
  1401.9
  1365.8
  1283.4
  1334.5
  1481.2
  1838.1
  1640.6
  2317.9
  2056.4
  2353.9
  2575.8
  2309.3
  2266.7
  2312.5
  2266.1
  2264.3
  2147.1
  2073.8
  1941.5
  1805.3
  1380.7
  1429.8
  1672.1
  1339.2
  1372.3
  1072.7
  1031.4
  1159.6
  1030.7
  1017.2
  1088.9
   903.8
   919.7
   871.4
   781.6
   743.5
   898.6
   437.0
   745.8
   350.2
   321.5
   901.6
   758.6
   688.7
   646.3
   690.2
   821.3
   899.6
   724.1
   814.9
   728.0
   706.5
   954.8
  1104.2
  1419.8
  1345.2
  1524.2
  2059.7
  1956.3
  2162.1
  2040.5
  1921.4
  1855.5
  1730.7
  1737.6
  1973.0
  1897.4
  1882.6
  1747.2
  1658.8
  1561.1
  1592.1
  1777.7
  2138.1
  2039.0
  2102.6
  2008.6
  1752.4
  1935.6
  1430.7
  1284.3
  1250.5
  1370.9
  1420.9
  1764.9
  1944.4
  2099.9
  2182.7
  1914.0
  2088.0
  1690.3
  1399.2
  1614.0
  1064.0
  1168.1
  1202.2
  1177.1
  1108.6
  1347.2
  1874.2
  1497.6
  1920.9
  2138.1
  2141.6
  2253.3
  2229.0
  2112.2
  2078.5
  1865.4
  2148.9
  1596.8
  1692.7
  1343.8
  1208.7
  1218.0
  1081.5
  1274.4
  1008.4
   954.8
  1105.6
   615.5
   782.5
   930.4
   488.4
   389.6
   673.4
   672.1
   987.4
  1171.1
   787.1
  1402.6
  1429.6
  1126.1
  1105.2
  1714.0
  1718.8
  1470.6
  2080.6
  2024.2
  1979.4
  1636.9
  1903.4
  1496.9
  1412.9
  1273.8
  1823.0
  1708.3
  1739.3
  1670.4
  1466.4
  1327.5
  1701.2
  1940.8
  2104.7
  1387.3
  1133.4
  1559.7
  1261.7
  1115.0
  1385.0
  1874.0
  1457.3
  1881.6
  1897.2
  1857.8
  1959.6
  1775.9
  1885.7
  1132.3
  1208.0
  1491.6
  1344.4
  1324.2
  1183.2
   976.7
  1063.5
  1172.9
   949.2
  1196.8
  1504.6
  2036.6
  2057.7
  2140.4
  2078.2
  2204.5
  1726.5
  1920.9
  1997.4
  1687.2
  1872.2
  2045.8
  1996.1
  2072.6
  2051.5
  1539.7
  1688.1
  1218.6
   990.5
   757.3
   883.2
   870.9
   914.9
   807.8
   705.3
   731.8
   628.8
   891.7
   603.8
   615.6
   343.1
   460.6
   472.0
   626.1
   886.2
   758.8
   824.9
   878.2
   815.4
   692.6
   891.5
  1152.1
   946.1
  1630.4
  1430.6
  1425.5
  1501.9
  1728.0
  1996.4
  1473.3
  1401.9
  1548.3
  1538.8
  1507.9
  1486.1
  1209.4
  1236.9
  1138.0
  1758.4
  2014.9
  2075.4
  1967.0
  1682.2
  1891.6
  1386.7
  1531.9
   960.3
  1247.7
  1136.9
   927.1
  1537.6
  1987.9
  1719.8
  1661.7
  1814.5
  1422.8
  1227.6
  1495.9
   966.6
   903.0
   988.1
  1691.9
  1530.5
  1877.2
  2015.1
  1949.5
  2110.3
  2067.3
  2022.7
  1731.5
  1569.2
  1468.0
  1540.1
  1769.6
  2029.5
  2029.1
  1942.7
  1984.9
  1522.7
  1381.9
  1165.5
  1454.8
  1211.4
   781.6
   828.5
   753.5
   765.6
   525.6
   596.6
   323.9
   629.3
   629.2
   723.7
   642.3
   916.9
   893.4
   973.6
  1075.8
  1017.9
  1071.1
  1097.1
  1318.9
  1188.0
  1107.7
  1185.4
  1221.1
  1003.1
  1516.0
  1281.1
  1796.5
  1897.3
  1906.7
  2063.1
  1998.0
  2018.6
  1895.9
  2065.8
  1379.0
  1564.7
  1110.9
  1215.7
  1276.8
  1419.5
  1138.8
  1234.2
  1493.7
  1352.7
  1773.3
  1553.6
  1883.1
  1934.5
  1864.2
  1921.2
  1750.5
  1753.6
  1239.1
  1427.4
  1069.3
  1063.1
  1047.1
  1125.0
  1504.8
  1357.0
  1912.7
  1919.8
  1853.5
  1820.9
  1519.1
  1639.4
  1024.4
  1235.1
  1089.7
  1248.5
  1211.9
   896.8
  1152.2
   947.3
  1050.6
  1191.6
  1481.0
  1152.1
  1929.9
  1578.4
  1789.4
  1855.0
  1833.4
  1825.8
  1616.2
  1288.5
  1320.8
  1381.7
  1463.4
  1752.2
  1869.0
  2025.8
  1940.6
  1964.4
  1757.6
  2033.5
  1718.0
  1466.5
  1015.9
  1040.0
   875.4
  1066.8
   958.8
   904.2
   957.6
   606.9
   708.0
   595.1
   996.3
   498.6
   972.3
   737.3
   883.8
   997.6
  1149.6
  1227.5
  1479.4
  1329.5
  1387.9
  1278.8
  1403.6
  1944.6
  1790.0
  2029.6
  2141.5
  2077.7
  1971.7
  1870.0
  1611.1
  1778.0
  1274.5
  1085.0
   963.6
   957.2
  1021.3
  1032.3
  1636.7
  1639.4
  1607.5
  1398.1
  1758.7
  1627.1
  1691.4
  1471.4
  1209.6
  1356.9
   856.1
  1042.4
  1446.5
  1159.1
  1706.7
  1830.7
  1708.5
  1702.0
  1783.6
  1463.8
   929.3
  1126.8
   821.9
   781.5
   956.8
  1030.0
  1215.9
  1069.5
  1745.9
  1762.2
  1657.8
  1547.3
  1858.5
  1355.9
  1486.5
  1188.3
  1080.1
  1653.4
  1754.7
  1340.4
  1917.1
  1847.2
  2003.1
  1834.6
  1497.5
  1472.1
  1580.9
  1395.6
  1075.8
  1262.8
  1175.0
  1044.8
  1214.3
  1163.2
  1095.2
   979.7
   989.0
   847.6
   664.5
   893.8
   340.0
   588.5
   598.4
   748.9
   762.8
   969.8
   957.5
  1002.5
  1107.6
  1198.7
  1139.9
  1442.5
  1701.6
  1710.5
  1790.1
  1746.2
  1565.7
  1879.8
  1810.6
  1883.9
  2064.6
  1780.8
  1862.4
  1688.5
  1765.0
  1833.7
  1633.3
  1369.8
  1374.3
  1159.0
   833.1
   927.0
   677.7
   797.4
   980.0
  1272.0
  1518.6
  1471.8
  1310.6
  1255.6
  1027.1
   967.0
  1663.1
  1459.9
  1225.1
  1417.7
  1350.5
  1507.8
   986.7
   773.8
   720.7
   932.0
   814.8
  1222.7
  1068.4
  1680.0
  1706.4
  1807.4
  1588.2
  1659.1
  1301.7
  1384.0
  1106.8
  1007.4
  1148.2
   969.8
  1254.9
  1470.7
  1666.5
  1427.1
  1826.1
  1656.4
  1797.2
  1163.5
  1254.0
  1316.6
  1246.1
  1215.5
  1151.3
  1103.7
   985.1
   871.2
   916.9
   735.7
   878.7
   432.4
   551.3
   572.4
   950.3
   820.9
  1012.2
  1026.8
  1237.2
   984.1
  1245.6
  1381.8
  1485.6
  1227.3
  1678.3
  1671.4
  1957.2
  1800.8
  1588.9
  1447.2
  1309.8
  1392.4
  1361.5
  1766.4
  1742.8
  1544.0
  1622.5
  1127.2
  1254.8
   745.7
   632.5
  1118.1
  1215.9
   821.2
  1633.3
  1398.5
  1472.3
  1827.5
  1732.6
  1771.6
  1504.1
  1706.1
  1097.5
  1139.6
  1189.9
  1097.3
   842.2
   974.7
  1153.2
  1330.0
   889.2
  1544.2
  1616.9
  1285.3
  1495.9
  1410.3
  1109.9
  1189.0
  1150.3
  1002.3
  1597.3
  1422.9
  1133.8
  1352.1
  1236.3
  1134.4
  1124.5
  1095.4
   901.6
  1325.0
  1632.5
  1736.0
  1652.7
  1807.9
  1680.8
  1712.4
  1422.0
  1282.5
   882.2
  1031.9
   757.2
   713.0
   727.2
   460.5
   391.9
   671.0
   293.7
   496.5
   639.3
   841.0
   764.1
  1050.5
   873.2
   891.3
  1346.4
  1045.6
  1673.1
  1641.0
  1464.0
  1526.8
  1188.0
  1240.2
  1181.6
  1011.1
  1272.2
  1494.9
  1643.8
  1543.6
  1552.8
   772.7
   840.7
   845.1
  1020.5
  1515.3
  1136.3
  1330.6
  1753.4
  1698.2
  1607.1
  1276.2
  1593.9
   942.6
   928.0
   784.8
   939.1
   860.2
  1318.9
  1307.6
   989.0
  1419.9
  1230.2
  1012.4
   828.2
  1137.5
   764.9
   742.8
  1192.7
  1376.0
  1571.2
  1459.8
  1450.1
  1563.1
  1577.8
  1583.2
  1489.4
  1128.5
  1008.2
  1099.2
  1157.3
  1032.5
  1232.3
  1260.7
  1203.0
  1371.0
  1578.7
  1608.4
  1475.5
  1600.1
  1151.1
  1288.3
   856.0
   759.6
   521.4
   268.7
   561.8
   477.1
   488.6
   625.0
   798.3
   615.9
   904.7
   875.2
  1011.4
   935.7
  1481.6
  1469.8
  1432.7
  1365.1
  1554.1
  1045.8
  1110.4
  1295.0
  1006.3
   917.6
   992.9
  1117.7
  1446.9
  1431.1
  1442.6
   912.4
  1235.9
   621.1
   654.3
  1174.0
   798.5
  1192.0
  1787.1
  1791.4
  1685.1
  1625.1
  1577.4
  1427.0
  1156.6
   890.9
   906.6
   719.9
  1313.8
  1353.5
  1047.0
  1205.2
  1484.0
   998.0
  1093.4
  1101.6
  1046.4
   970.6
  1357.7
  1044.1
  1375.9
  1491.0
  1489.9
  1445.9
  1252.8
  1390.3
  1067.9
  1001.3
  1165.9
  1140.0
   967.0
   970.3
   876.6
   880.6
   898.8
  1005.2
   785.8
  1015.1
  1606.1
  1533.4
  1644.7
  1479.7
  1514.4
  1466.3
  1384.4
  1167.7
  1053.0
   964.6
   975.8
   981.1
   894.5
   882.4
   987.4
   735.2
   733.8
   891.1
   428.6
   334.9
   452.2
   915.6
   888.7
   727.5
   718.6
  1053.9
   801.9
   934.7
  1122.6
  1348.2
  1553.5
  1656.6
  1736.5
  1508.8
  1630.6
  1124.6
   988.8
   931.7
   780.8
   963.4
  1441.0
  1513.2
  1250.6
   954.2
  1198.4
   814.4
   841.4
   854.7
  1472.3
  1394.9
  1344.1
  1607.6
   833.7
   759.6
   620.1
  1056.5
  1134.1
  1256.2
  1218.3
  1206.0
   995.3
   961.9
   902.4
   826.2
   829.2
   655.9
   583.8
   844.5
  1169.7
  1379.2
  1383.8
  1190.9
  1119.9
  1161.7
  1314.3
  1001.9
   902.0
   997.0
   951.2
   614.2
   775.4
   771.1
  1245.7
  1375.4
  1513.2
  1542.1
  1376.1
  1274.8
  1156.1
  1447.1
  1502.3
  1377.5
  1478.0
  1240.5
  1417.8
  1042.8
  1143.3
   736.8
   840.8
   470.1
   615.9
   569.2
   375.7
   708.2
  1004.0
  1130.2
  1239.6
  1287.2
  1021.9
  1399.6
  1422.8
  1666.1
  1632.3
  1587.3
  1339.4
  1337.8
  1551.8
   825.0
  1001.3
   937.2
   964.3
   683.8
  1076.3
  1279.5
  1494.4
  1448.4
  1271.1
  1457.6
  1168.0
   729.4
   847.3
   751.5
  1155.5
  1146.9
  1012.2
  1533.5
  1179.8
  1444.4
  1728.9
  1456.2
  1592.6
  1547.7
  1354.5
  1357.2
  1133.2
  1098.2
  1291.4
   662.8
   787.4
   806.4
  1296.7
  1246.9
   892.8
  1114.2
   722.6
   707.5
   803.6
  1440.7
  1548.3
  1401.4
  1377.6
  1263.5
  1301.9
  1374.0
  1225.8
  1069.0
  1151.4
   862.5
   895.2
   733.5
   634.1
  1028.2
  1133.3
   718.0
  1401.4
  1390.9
  1355.5
  1473.2
  1133.7
  1011.7
  1046.7
  1432.4
  1311.3
  1516.9
  1567.3
  1531.6
  1600.0
  1214.5
  1385.6
   735.0
   763.3
   823.6
   518.8
   571.9
   488.1
   987.3
  1067.9
   675.7
  1030.5
  1433.8
  1505.6
  1458.6
  1470.8
  1298.2
  1515.8
  1400.5
  1324.8
  1136.2
  1155.5
   546.2
   903.3
   860.7
  1330.5
  1232.5
  1301.4
  1068.7
  1183.7
   725.3
  1043.1
  1067.0
   909.0
  1271.0
  1332.2
  1041.5
  1299.6
  1464.3
  1454.9
  1337.7
  1372.8
   756.1
   933.1
   766.5
  1027.4
  1049.9
  1102.2
  1229.5
  1222.5
  1009.3
   626.7
   681.9
   599.0
   560.8
  1194.3
   845.3
  1136.8
  1309.8
  1091.6
  1216.2
  1286.9
   651.0
   783.9
   525.9
  1385.2
  1344.3
  1126.5
  1616.4
  1402.0
  1479.3
   969.9
  1125.7
  1272.9
  1247.0
  1326.7
  1255.0
   779.7
  1026.9
   510.4
   741.7
   504.3
  1096.9
  1207.2
   857.6
  1145.7
  1442.4
  1325.5
  1382.0
  1294.4
  1010.6
  1209.7
  1140.5
  1204.1
  1302.0
  1254.0
  1076.0
  1238.1
   839.9
   860.1
   851.9
   681.0
  1083.5
  1327.4
  1101.9
  1299.1
   653.0
   726.9
   565.8
  1084.0
   982.3
   994.0
  1094.6
  1163.9
   946.2
  1296.3
  1249.9
  1241.7
  1297.8
  1300.8
  1301.3
   920.3
  1136.2
   666.0
   738.4
   710.0
  1005.4
   548.5
   505.6
   670.6
   730.6
  1245.2
  1416.5
  1410.8
  1355.7
  1106.9
   877.8
  1022.1
  1248.6
  1321.1
  1223.2
  1329.9
  1320.1
  1076.4
  1135.3
   917.2
  1090.4
   782.7
   789.5
   800.2
  1102.5
   943.1
  1004.7
  1327.6
   834.6
   695.6
  1059.5
  1082.1
  1137.4
  1182.1
  1310.8
  1036.3
  1207.7
   828.7
   724.3
   536.2
   344.6
   624.7
   807.4
  1141.2
  1332.9
  1004.2
   976.2
   822.4
  1339.9
  1248.1
  1179.5
   925.6
   778.2
   577.9
  1390.1
  1406.4
   999.5
  1199.2
  1200.3
  1322.2
   927.4
   702.0
   614.0
   874.3
  1020.0
  1210.8
  1079.1
   913.9
   984.5
   872.6
  1243.6
  1281.6
  1137.7
  1105.6
   998.1
  1005.5
  1108.7
   872.0
   827.9
  1196.8
  1172.4
  1142.6
   555.9
   555.0
   691.6
   890.2
  1148.7
  1308.1
  1277.3
  1181.4
   823.2
   763.3
  1167.4
   983.9
   831.8
  1172.3
   611.0
   515.1
  1027.1
   926.8
  1104.4
  1411.1
  1433.1
  1384.2
  1306.7
   881.4
   824.3
   703.7
   926.1
  1511.4
  1174.9
  1016.7
   812.7
   936.0
  1136.2
   699.8
   336.2
   462.6
   391.5
   664.2
   897.1
   970.1
  1301.4
  1112.5
   923.1
  1240.5
  1233.5
  1122.2
   970.0
   913.7
   746.2
  1144.7
   910.0
  1216.8
   803.3
   771.1
   633.2
  1041.7
   880.3
  1153.0
  1372.1
   860.9
   971.2
   669.9
   623.1
  1113.0
   871.5
   875.6
  1215.4
   946.6
  1032.9
  1236.4
   719.2
   761.0
   632.4
   605.4
   614.5
   969.5
   974.9
  1105.4
   969.2
   727.5
   842.3
   965.8
   648.6
  1173.6
   773.5
  1215.7
  1113.0
  1307.4
   692.3
   939.9
   877.9
  1004.5
  1263.1
  1148.4
  1217.5
   648.8
   436.8
   548.6
   701.7
   959.6
  1198.5
  1100.0
  1172.0
   923.9
  1292.4
  1314.3
  1096.3
  1240.9
  1161.2
  1129.9
   823.4
  1144.5
   572.9
   851.6
  1293.5
  1008.6
  1299.5
  1415.2
  1438.0
  1427.9
  1213.5
  1293.7
  1252.2
   853.6
   968.7
   395.6
   373.9
   509.5
   590.7
   340.4
  1012.7
   920.6
  1042.3
  1223.2
  1132.3
  1132.9
  1025.3
  1265.9
   730.3
   804.9
   732.6
  1082.5
  1182.4
  1167.0
  1174.6
   948.0
   999.4
  1205.7
  1162.2
  1148.9
  1056.8
   981.0
   777.8
   761.5
   506.8
   639.0
  1017.6
   979.5
   856.6
  1054.8
  1064.3
   856.6
   685.5
  1028.6
   825.7
   954.7
   853.8
   960.2
   934.4
   963.1
   780.5
   698.1
   635.7
   579.1
   766.3
  1105.8
  1090.9
  1110.4
   530.2
   795.8
  1004.2
  1059.8
   805.0
  1115.9
  1264.2
   836.4
   992.8
   943.9
   857.9
   961.0
  1202.1
  1215.3
  1133.5
   998.5
   668.2
  1039.5
   493.8
   565.7
   696.1
   647.3
  1058.2
  1183.6
  1143.9
  1100.9
  1025.8
   809.3
   801.4
   974.4
  1279.5
  1235.7
  1359.5
  1422.9
  1204.2
   967.0
  1047.7
   438.9
   422.3
   375.8
   905.7
  1074.1
  1141.2
   941.8
  1122.7
   659.8
   758.3
  1016.0
   991.7
  1029.3
  1031.2
   814.9
   707.5
   904.5
   734.7
  1085.1
   831.6
   895.1
  1095.2
   972.3
   860.9
   822.4
   854.3
   559.3
   875.9
   569.2
   831.5
   854.1
   928.2
   657.8
   629.0
  1189.9
   690.3
   691.4
   972.2
   766.6
   961.9
   999.8
   911.0
   787.7
   544.0
   829.6
   677.1
   942.2
  1104.6
  1028.3
   952.1
   935.0
   655.8
   791.1
   534.1
  1031.2
  1017.5
   862.8
   843.3
   873.9
   768.2
   793.0
   548.1
   967.1
   955.9
  1231.9
  1125.5
   959.2
  1108.4
   814.6
   693.0
   428.6
  1185.8
  1012.2
  1082.2
   818.8
   909.7
   968.8
   731.8
   871.0
   827.5
   562.0
  1080.5
   892.7
   965.3
  1074.8
  1066.5
   864.5
  1015.8
   854.6
   469.0
   791.9
   630.3
   406.5
   839.5
   790.2
   914.1
   909.4
  1030.0
   809.8
   695.1
   717.1
   996.2
   767.6
   884.4
   860.5
   967.9
   905.4
   740.5
   827.4
   708.7
   607.7
   678.6
   842.2
   956.0
   826.6
   794.1
   727.0
   930.2
   678.7
   779.8
   674.0
   798.2
   897.0
   713.6
   611.3
   967.8
   800.5
   494.8
  1027.2
   943.8
   979.8
   801.0
   800.1
   859.6
   571.6
   631.2
   598.4
   721.0
   957.2
   881.6
   666.9
   632.7
   902.2
   821.6
   720.5
   463.8
   509.5
   733.6
   896.0
   874.7
   955.9
   960.7
   955.0
   899.7
   678.8
   855.6
   942.5
  1122.3
   793.5
  1021.0
   719.5
   921.7
   714.9
   492.1
   563.1
   693.7
   933.0
  1020.7
   864.2
  1053.6
   749.8
   844.0
   907.6
   809.9
   787.6
   598.9
   613.9
   636.9
   593.1
   613.0
   709.5
   615.2
   749.4
   672.4
   536.0
   406.1
   742.3
   769.6
   621.6
   583.1
   438.8
   483.8
   837.5
   780.2
   644.2
   542.8
   519.1
   656.3
   832.4
   680.9
   662.6
   718.6
   422.3
   487.6
   698.3
   709.8
   879.1
   701.6
   731.1
   538.4
   732.4
   857.3
   926.8
   841.9
   775.5
   398.6
   453.8
   824.3
   440.4
   671.8
   645.7
   728.1
   737.3
   672.4
   683.2
   673.2
   979.7
   654.1
   722.7
   632.4
   481.9
   521.2
   643.1
   747.7
   587.2
   814.7
   691.2
   734.4
   673.7
   733.5
   547.8
   815.2
   635.2
   705.4
   641.6
   663.6
   758.6
   620.5
   691.0
   518.3
   533.3
   530.4
   658.1
   775.8
   630.8
   986.1
   723.4
   654.2
   700.1
   748.7
   619.3
   712.0
   404.9
   594.0
   454.3
   376.6
   401.2
   457.1
   538.0
   492.9
   330.8
   329.3
   463.8
   459.0
   420.5
   429.3
   392.7
   357.6
   582.6
   445.3
   398.4
   618.8
   473.8
   518.2
   450.5
   391.3
   376.9
   649.3
   449.3
   432.5
   462.2
   369.0
   480.3
   237.8
   518.5
   292.4
   392.9
   436.7
   538.2
   266.6
   486.3
   319.7
   353.9
   576.9
   365.4
   356.1
   351.7
   492.4
   283.2
   445.6
   262.6
   503.8
   373.1
   608.0
   406.6
   766.8
   471.1
   425.5
   280.8
   319.9
   316.0
   362.6
   618.0
   375.2
   473.7
   436.2
   291.8
   274.3
   537.8
   364.5
   527.2
   409.0
   380.0
   347.6
   513.4
   298.0
   543.6
   342.3
   400.7
   562.9
   427.0
   351.2
   579.8
   324.4
   439.7
   383.3
   235.2
   497.8
   311.1
   470.2
   454.1
   335.5
   504.8
   326.1
   365.0
   331.5
   649.0
   454.8
   514.6
   289.2
   465.4
   266.2
   370.3
   334.5
   419.2
   528.8
   457.5
   356.6
   645.7
   298.0
   531.9
   510.2
   583.1
   748.5
   925.6
   760.3
   993.6
   866.0
  1202.5
  2067.7
  1608.3
  2534.3
  2432.2
  2228.0
     0.0
   960.0
   912.0
   481.2
   385.6
   443.0
   338.8
   527.5
   449.1
   417.7
   484.0
   431.3
   387.8
   342.9
   557.8
   752.7
   392.8
   522.0
   263.8
   870.9
   835.3
   533.0
   445.0
   476.7
   403.1
   896.4
   870.8
   719.6
   424.3
   535.0
   566.0
   715.5
   325.8
   253.1
   387.4
   456.8
   505.8
   322.1
   468.5
   501.4
   615.4
   291.0
   655.0
   852.3
   535.6
   572.5
   523.9
   378.3
   746.6
   480.2
   453.1
   363.4
   681.1
   485.4
   463.9
   769.8
   723.4
   522.9
   687.6
   313.0
   412.1
   877.8
   833.6
   452.1
   432.0
   659.6
   391.6
   376.6
   628.8
   846.0
   507.4
   418.5
   479.8
   594.6
     0.0
   437.1
   257.5
   419.5
   525.2
   912.0
   508.9
   608.5
   562.0
   576.1
   563.6
   324.9
   596.4
  1012.8
   543.0
   764.5
   597.0
   358.5
   538.5
   782.7
   672.4
   730.6
   904.9
   462.4
   346.1
   268.6
   470.9
   345.2
   437.4
   832.3
   686.9
   717.2
   593.3
   482.7
   253.2
   756.0
   711.5
   945.8
   977.0
   488.2
   511.1
   894.7
   311.3
   449.5
   579.1
   931.9
   928.3
   517.6
   436.8
   460.0
   502.3
   325.6
   255.4
   402.7
   628.4
   759.6
   836.6
   467.4
   364.9
   557.9
   435.9
   373.2
   380.5
   443.9
   555.5
   587.1
   383.0
   518.6
   638.6
   730.8
   699.7
   667.2
   559.5
   557.4
   565.8
   859.4
   478.4
   472.6
   479.2
   525.3
   793.2
   625.1
   492.6
   548.9
   681.2
   939.2
   750.7
   788.6
   771.6
   729.9
   645.5
   729.8
   732.4
   625.1
   765.9
   570.0
   578.1
   679.3
   889.7
   512.8
   572.7
   868.3
   988.0
   955.7
   730.5
  1064.6
   473.6
   853.6
   958.6
   705.5
   927.3
   762.7
   472.2
  1161.2
   415.1
   706.7
   790.6
   849.0
   616.9
   615.0
   747.0
   639.2
   574.6
   448.5
   607.3
   605.7
   706.0
   568.3
   742.0
   783.7
   924.7
   597.2
   915.4
   664.0
   559.3
   622.6
   651.6
   969.9
   649.3
   705.0
   577.0
   644.7
   648.4
   776.9
   880.3
   530.9
   821.5
   742.1
   539.8
   601.7
   657.1
   789.1
   697.7
   779.5
   509.4
   778.4
   677.0
   670.4
   409.6
   770.0
   622.5
   706.5
  1065.3
   695.6
   412.3
   655.8
  1204.2
   942.3
   683.5
   598.4
   955.2
   860.0
   915.2
  1027.1
   741.6
   940.5
   829.3
   841.2
   640.8
  1005.6
   787.3
   580.4
  1050.6
   708.1
   869.2
   893.3
   510.2
  1170.0
  1035.6
   508.7
   447.3
   533.4
   912.5
   880.1
   677.7
   914.0
   681.0
   589.2
   331.7
   617.9
   863.2
  1001.1
   676.7
   888.1
   799.2
   591.1
   818.5
   695.8
  1010.5
   856.3
   561.1
  1157.4
   948.9
   945.0
   833.6
   717.0
   696.8
  1082.9
   638.3
   604.5
   838.4
   699.8
   837.2
   651.0
   960.5
   887.4
   708.4
   913.8
   953.1
   678.7
  1006.2
   674.6
   781.6
   819.3
   724.5
   390.3
   867.4
   843.8
   989.0
   898.9
   697.8
   736.8
   596.3
  1177.7
   697.7
  1058.8
  1086.6
   732.7
   917.1
   908.2
   470.3
  1218.6
  1162.0
  1075.6
   880.8
   584.2
   542.2
  1163.9
   924.7
  1057.7
   795.0
   978.5
  1030.1
   766.7
   567.8
   892.4
   824.5
   773.3
   343.4
   684.4
   943.0
   930.3
  1255.4
   650.9
   563.8
  1267.2
   861.3
  1027.3
   569.5
  1201.0
   698.5
   997.4
  1070.4
   728.1
   757.0
   547.0
   992.8
  1077.6
   578.5
   837.4
  1121.8
   601.5
  1061.1
   669.1
   972.1
   902.0
   919.4
   666.5
   775.9
   738.1
   540.2
   824.7
   993.9
   729.0
   586.8
   482.0
   928.1
   795.0
   814.0
   926.2
   907.3
  1247.4
   912.9
   810.8
   788.2
   653.3
  1142.6
   853.4
   854.3
   697.4
   540.3
   869.6
  1013.2
   987.8
   787.0
   780.5
   480.1
  1077.1
  1088.8
  1212.2
  1137.3
   968.9
   479.0
   704.1
   882.2
   671.5
  1179.2
   589.9
   514.3
  1142.9
  1092.6
   631.4
  1080.5
   874.0
  1169.3
  1170.9
  1120.1
   794.7
  1113.4
   625.6
   554.8
  1007.7
  1203.0
  1118.8
   669.6
  1096.4
  1108.2
  1009.5
  1055.1
   790.3
   961.9
   672.7
   596.4
   917.8
   671.0
   720.2
   702.0
  1244.2
   727.9
  1151.9
   535.6
  1014.4
   731.2
   794.5
  1013.9
   624.5
   848.6
  1109.5
   847.5
  1171.9
  1069.8
   831.7
   670.9
   698.1
  1094.1
   587.7
  1029.0
  1005.0
   913.0
  1140.4
  1085.8
   965.4
   659.4
   880.0
   976.5
   583.8
   763.7
  1099.1
   526.5
   841.7
  1178.2
   697.3
   852.9
  1402.6
   629.8
   823.0
   511.8
   769.8
   847.7
   659.3
  1045.5
  1115.6
  1200.6
   981.1
  1178.3
  1136.7
  1290.5
   825.5
   356.4
   891.7
  1196.1
  1190.0
  1035.8
  1138.9
   489.6
   986.1
   800.9
  1217.9
  1248.6
   807.5
  1151.8
   937.7
  1412.7
   621.1
   782.8
  1091.6
  1335.0
  1121.7
  1042.3
   668.6
   890.4
   996.2
  1204.1
  1406.0
   820.9
   634.1
  1109.2
   762.5
   578.2
   891.0
   915.3
  1137.6
   763.4
  1132.2
   746.0
   939.3
  1114.0
  1061.0
   917.3
   816.9
   730.4
   963.4
   780.1
   647.2
  1100.0
  1067.3
   944.4
  1127.1
   737.7
  1202.4
   800.5
   733.6
   603.1
  1212.9
  1248.2
   645.8
  1206.5
   544.3
   755.0
  1012.7
   951.9
  1017.1
   967.0
  1075.1
   750.4
   930.1
   991.3
  1098.2
  1237.7
  1369.6
   705.6
  1217.3
  1133.8
   977.5
   692.6
   374.5
  1348.5
   873.4
   909.3
  1407.7
   488.4
  1207.1
  1308.6
   711.9
   725.9
   595.2
   687.1
   882.6
  1105.9
   983.9
   952.3
   772.5
   953.8
  1050.4
   831.8
  1134.1
   894.2
  1089.5
   946.5
  1051.0
  1084.7
   816.5
  1166.2
  1044.4
  1274.4
  1390.0
  1218.6
   776.6
   858.4
  1137.3
   893.6
  1030.4
  1120.1
   477.2
  1265.7
   869.5
  1273.9
  1194.4
  1069.5
  1089.5
  1047.9
   972.0
   815.8
   709.1
  1305.8
   647.4
  1024.4
   775.7
  1089.5
   948.6
   698.9
  1303.1
  1489.0
   667.1
   882.1
   812.5
  1390.8
   980.4
   898.6
  1134.4
  1119.0
  1204.2
   947.4
  1141.2
  1285.9
   949.2
  1140.5
  1349.6
  1275.5
   940.3
  1027.0
  1454.0
  1100.8
   677.7
   761.8
   337.7
  1011.3
  1406.1
  1259.2
   611.2
   795.0
   738.6
   797.7
   941.9
  1210.2
   883.9
  1410.0
  1305.9
   726.0
  1187.0
   878.6
  1332.4
   925.6
  1036.8
  1250.7
   721.3
  1317.0
  1160.8
   685.4
   669.2
  1107.6
   527.9
   944.3
   707.2
  1354.1
   896.5
   871.6
   837.7
   840.2
   810.4
   878.1
  1001.4
  1068.8
  1032.0
   838.3
  1497.0
  1463.9
   919.3
   974.9
   761.1
  1119.4
   967.8
  1219.3
   970.2
   892.3
  1060.8
   850.1
  1397.7
  1204.0
   802.0
  1209.7
   858.8
   891.5
   533.0
  1479.5
   783.9
   724.8
  1337.6
  1409.2
   778.1
  1256.8
   923.6
  1652.5
  1211.7
  1103.3
  1495.6
  1342.8
  1223.8
  1175.7
  1342.7
  1224.4
   280.8
   965.8
   402.8
   543.9
  1426.8
   839.0
   645.1
   519.5
  1089.3
  1494.9
  1291.7
   720.1
   436.2
  1336.1
   962.6
  1201.1
  1272.9
   461.8
  1088.1
  1340.0
   865.1
  1244.7
  1433.1
   954.5
  1500.7
  1094.8
   928.6
  1090.4
   687.6
   787.5
  1063.6
  1426.6
   952.7
  1539.6
   780.7
   857.1
   763.4
  1274.6
  1390.5
   967.3
  1010.5
   892.2
  1507.2
   931.8
  1022.5
  1015.9
  1229.3
   998.3
   803.2
  1417.4
   839.5
  1296.6
   951.8
  1100.1
   804.3
  1332.9
  1525.2
  1406.0
   956.2
  1460.8
  1069.5
  1235.0
  1565.3
  1077.2
  1276.7
  1464.1
  1129.1
   793.9
  1375.8
  1430.1
  1344.1
  1201.8
  1373.7
  1205.5
  1066.6
   862.2
  1008.3
  1034.6
   499.3
  1019.8
  1113.1
   861.5
   656.0
   242.5
   393.7
   632.8
   745.7
   806.0
   997.6
   737.3
  1187.9
  1005.4
  1002.3
  1146.3
  1539.8
  1470.3
   992.9
   856.3
   722.8
   800.1
   881.4
  1568.2
  1142.1
   879.8
  1603.7
  1673.3
  1143.0
  1094.5
  1313.2
  1253.7
   925.8
   705.9
  1280.2
  1003.1
   696.4
   820.7
   604.8
  1434.9
  1619.0
   810.8
  1032.2
  1045.9
  1135.1
  1210.1
   966.8
   862.2
   894.9
  1577.0
  1073.9
  1451.5
   801.5
  1284.0
  1240.2
  1060.9
   630.2
   904.8
  1074.5
  1378.7
  1120.0
   893.8
  1391.4
  1175.6
   864.1
  1118.8
  1227.3
  1401.0
  1735.3
   924.6
  1778.8
  1012.1
  1683.8
  1308.8
  1258.4
  1115.4
  1050.3
  1659.3
  1223.7
  1224.3
  1419.7
   598.0
   636.2
   847.9
  1113.8
  1380.9
   521.1
   631.1
   309.7
  1525.5
   424.3
   316.6
   884.2
   867.5
   871.6
   941.8
  1295.9
  1205.7
  1078.7
  1134.6
  1089.7
  1398.2
   726.0
  1092.8
   926.7
  1012.6
  1217.6
  1617.1
  1099.6
  1523.4
  1337.4
  1288.0
  1500.9
  1411.6
  1138.3
  1598.8
   972.4
  1102.3
   733.8
   999.1
   725.9
  1098.8
  1296.6
  1023.5
   932.6
   886.9
   840.8
   958.7
   953.8
  1218.2
   646.6
  1254.6
  1163.5
  1210.6
  1214.6
  1112.0
   803.4
   901.6
  1271.5
   941.4
  1244.8
  1587.9
   732.9
  1182.9
  1108.5
  1650.1
  1065.4
  1365.0
  1576.5
  1644.2
  1184.6
  1275.2
  1279.5
  1555.5
  1169.2
  1528.0
   472.6
   942.3
  1618.3
  1393.0
  1331.1
  1463.8
   896.6
  1429.1
  1735.2
  1396.8
   980.6
   457.1
   957.8
  1077.8
   845.0
   809.9
   259.5
   657.6
   599.8
   442.4
   707.5
   333.9
  1052.6
  1590.7
  1413.1
  1136.6
   588.9
   599.6
  1073.8
   564.4
  1021.5
  1036.4
  1138.3
  1535.1
  1579.7
  1346.9
  1210.4
  1171.0
  1616.2
  1411.1
   930.5
  1619.9
   865.6
   854.6
  1192.1
  1112.2
   922.5
  1462.0
   974.2
   902.4
  1159.5
  1355.3
  1374.5
   883.1
   833.5
  1106.5
   899.5
   460.0
   960.6
  1298.1
  1300.9
  1240.8
  1495.8
  1048.7
  1275.0
   860.8
   784.9
  1328.4
  1412.3
  1280.2
   868.7
  1568.8
  1137.6
  1739.1
  1522.6
  1706.5
   857.5
  1313.8
  1806.9
  1610.6
   942.2
  1405.0
  1679.1
  1479.4
  1197.9
  1128.4
  1563.5
  1582.0
  1145.6
   903.9
  1563.4
  1426.5
  1661.0
  1391.3
  1300.4
  1127.3
   725.6
   742.5
   827.2
   451.5
   582.2
  1110.4
  1522.5
   635.7
  1120.2
  1268.4
   928.5
   804.9
  1252.9
  1552.7
  1672.5
  1365.3
   840.3
  1407.1
  1644.3
  1470.2
  1584.8
  1136.5
  1249.0
  1445.3
  1474.9
   784.8
  1529.1
  1001.8
   783.6
  1132.5
  1542.1
  1025.3
  1573.3
  1550.3
  1016.5
  1273.8
   732.1
   881.6
  1602.2
  1387.5
  1228.3
  1381.0
   903.1
  1672.2
  1243.0
  1339.7
  1279.7
  1466.4
  1005.2
  1664.3
  1125.2
  1178.6
   875.6
  1509.1
  1324.2
  1870.4
   953.9
  1100.2
  1444.6
  1826.7
  1499.5
   896.3
  1407.1
  1208.8
  1353.4
   793.8
  1103.5
  1261.6
  1919.8
  1394.4
  1685.5
  1466.3
  1072.4
  1092.8
  1141.7
  1314.6
  1123.4
   965.1
  1927.1
  1671.3
  1406.0
  1275.8
  1762.5
  1885.3
   987.0
  1059.3
   843.1
   783.7
   740.4
   375.0
   670.9
   345.8
   656.6
  1271.9
   680.1
   508.3
  1116.9
  1047.8
   844.6
   705.5
   637.5
  1731.4
  1470.8
   990.8
   775.4
  1673.0
  1799.3
  1205.8
  1555.4
   934.5
  1037.9
  1984.7
  1682.7
  1501.6
  1298.4
  1674.3
   869.1
   950.5
  1146.9
  1698.1
  1157.0
   958.2
   916.0
  2002.6
   937.0
  1107.2
   912.1
  1512.7
  1686.6
   538.4
  2001.0
  1583.1
  1063.3
  1388.6
  1062.0
  1014.3
  1547.1
  1819.5
  1436.3
  1298.6
  1486.4
  1322.9
  1449.5
  1626.1
  1578.4
  1093.7
  1387.8
  1803.2
  1276.3
  1260.5
  1830.2
  1062.8
  1382.3
   350.8
  1791.3
   885.2
   620.7
  1895.0
  1874.0
  1388.6
  1173.0
  1620.8
  1106.2
  1597.0
  1006.6
   870.8
  1549.1
   696.3
   580.6
   396.3
   694.0
   384.9
  1057.2
  2002.0
  1061.2
   861.1
   758.9
  1210.3
   480.7
   770.3
  1371.5
  1800.0
   733.4
  1477.0
  1198.2
  1876.8
  1100.2
   881.4
  1807.8
  1202.5
  1289.1
   615.0
  1600.8
  1866.7
   917.2
  1739.9
  1724.4
  1335.7
  1851.7
   989.0
  1446.2
  1233.6
  1147.7
  1440.4
   911.7
  1263.2
  1796.5
  1165.7
  1479.5
  1519.2
  1253.8
  1026.3
   951.6
  1405.2
  1106.8
  1569.6
  1492.8
  1578.9
  1593.7
  1290.7
  1776.1
  1458.4
  1755.8
  1577.9
  1770.7
  1525.8
  1353.3
  1843.9
   337.1
   833.4
  2060.4
  1977.6
  2109.6
  1379.9
  1853.4
  1942.9
  1043.7
  2084.0
  1919.0
  1558.7
  1171.8
  1613.0
  1594.1
  1458.3
  1213.3
  1146.1
  1192.9
  1222.8
  1551.7
   717.2
   465.1
  1539.8
  1028.6
  1080.9
   537.4
   846.6
   839.2
  1261.0
  1698.1
  1476.8
  1857.7
  1160.8
  1260.5
   850.9
  1966.2
  1475.2
  1892.3
  1146.2
  1413.6
  1171.2
  1209.9
  1328.4
  1511.7
  1236.6
  1751.6
  1911.5
   967.7
  1135.2
  1539.8
  1899.6
  1864.8
  1256.7
  1119.3
  1297.0
  1405.5
  1311.7
  1850.7
  1039.2
  1752.9
  1258.9
  1922.2
  1556.7
  1712.6
  1537.1
  1804.9
  1628.0
  1262.3
  1779.7
   966.4
  1563.5
  1575.3
  1553.9
  1466.6
  1692.6
  1313.8
  1410.6
  1127.5
  1305.8
  1379.3
  1796.2
  1457.0
  1798.7
  2121.3
  1592.1
  1740.2
  2012.3
  2000.8
  1545.8
  1796.7
  2057.5
  1854.1
  1892.5
  1786.6
  1288.9
  2218.8
  1870.3
  1270.8
  2098.8
  2021.3
  1719.1
  1557.9
  1218.4
  1286.4
  1253.5
  1405.0
  1915.5
   945.0
   831.3
   733.2
  2067.5
   376.6
   446.2
  1641.9
  1410.9
  1354.8
   792.4
   383.3
   930.3
  1010.2
  1314.2
  1352.1
   936.3
   895.3
   774.1
   556.3
   988.9
   811.6
  1171.9
  1064.6
  1140.2
  1853.5
  1597.9
  1358.8
   791.4
  1793.7
  1331.2
  1074.5
  1091.4
  1644.9
  1738.8
  1712.5
  1479.4
  1180.3
  1291.1
  1795.2
  1071.4
  1441.0
  1632.4
  1200.4
  1121.4
   661.7
  1418.2
  1553.6
  1784.9
  1722.0
  1527.8
  1567.8
  1366.4
  1704.9
  1666.5
  2104.9
   563.3
   785.5
  1653.7
  1854.4
  1892.2
  1654.0
  1853.4
  1550.0
  2026.5
  1913.3
  2015.2
  1394.6
  1720.4
  1878.8
  1644.4
  2123.6
  1852.8
  2037.7
  2223.5
  1836.1
  1983.1
  1710.6
  1850.7
  1043.6
   550.7
  1644.7
  1497.1
  1798.2
  1386.0
  1648.8
  2085.6
   877.1
  1448.7
  1065.5
   884.7
   933.3
  1012.5
   892.3
   713.5
  1368.8
   666.6
   427.3
   417.7
   898.8
   382.4
   734.2
   921.0
  1350.9
  1786.6
  1727.6
   700.5
   733.7
  2019.4
  1639.9
   953.2
   446.6
  1088.0
  1215.9
  1401.5
  1509.5
  1903.2
  1078.4
  1269.8
  1343.6
  1838.8
  1786.1
  1561.1
   617.9
  1576.6
   909.5
  1955.9
  1067.5
  2059.2
  2228.4
  1170.1
  1978.1
  2058.1
  1942.8
  1467.3
  1480.0
  1697.8
  1585.1
  2232.2
  1972.4
  2040.2
  1414.7
  1766.7
  1923.9
  1743.8
  1563.3
  2038.7
  2185.1
  1459.3
  2128.1
  2464.0
   651.6
  1929.3
  2194.7
  2212.6
  2155.5
  1661.3
  1955.2
  2186.9
  2330.1
  1997.1
  2329.9
  2362.5
  1876.4
  1073.4
  2049.5
  1247.2
  2545.8
  1623.3
  1420.9
  1394.8
   845.5
  1211.4
  1076.1
  1588.8
  2155.8
  2182.2
  1259.4
  1140.3
   830.5
   929.1
   980.7
  1034.5
  1218.1
   613.2
   388.7
   927.9
  1099.0
  1057.4
   790.3
   527.4
   959.6
   767.6
   749.8
   882.0
   955.5
   930.9
  1423.7
  2105.5
  1101.0
  2147.9
  1852.4
  1238.9
  1619.4
  1859.6
  1800.8
  1258.3
  1838.5
  1804.1
  1865.8
  1375.7
  1108.5
  2294.3
  2655.5
  1841.9
  1186.8
  1676.8
  1673.0
  1349.1
  1382.5
  2245.2
  2103.8
  2023.4
  2052.3
  1980.2
  2422.4
  2152.1
  2353.0
  1452.0
   751.6
  2294.8
  2138.6
  2337.6
  1817.4
  2106.6
  2533.6
  2291.8
  2485.1
  2084.3
  2406.7
  2026.4
  1887.5
  1771.4
  1923.5
  2247.1
  2501.1
  2506.9
  2471.2
  2788.5
  1929.7
  2208.6
  1758.6
  1731.7
  2139.1
  2242.2
   373.9
  1307.4
  1150.9
  1512.1
  1071.4
   796.4
   771.6
  1624.5
  1172.8
  1011.4
  1011.0
  1028.8
   940.0
  1096.1
  2705.6
  1872.0
  1039.6
  1059.7
   924.4
   881.6
  1039.1
   659.9
   428.2
  2082.0
   916.6
   462.2
   661.6
   803.5
   887.2
  1319.3
  2127.6
   744.3
   975.4
   884.0
  1019.5
  1622.4
  2165.4
  1277.8
  2043.4
  2118.9
  1824.9
  1894.5
  1663.4
  1648.7
  1524.0
  2642.2
  2101.7
  1880.1
  2041.5
  2124.4
  1173.5
  1671.2
   898.0
  1765.0
  2260.7
  2513.4
  1937.9
   547.4
  2764.6
  2287.2
  2278.6
  2258.3
  2015.0
  2117.1
  2190.5
  2239.7
  2217.0
  2561.3
  2683.6
  2002.2
  2668.5
  1790.5
  2681.9
  2461.3
  2561.1
  2623.1
  2369.9
  2660.3
  1244.1
  2224.5
  1013.4
  2873.2
  1646.0
  1073.0
  2227.6
   777.3
  1444.4
  1118.6
  2955.3
  2645.1
   447.4
   906.5
   746.6
   734.2
  1041.6
   602.1
  1031.9
  1041.9
   554.6
  2575.2
  2580.0
   764.5
   522.8
  1681.5
  1143.9
   528.1
  2141.6
  2564.5
  1070.9
  1036.2
  1405.6
  1468.9
   612.1
  1023.5
  1208.6
  1236.3
  1231.4
  1686.3
  2189.8
  2012.8
  2197.8
  1995.0
  1365.0
  2356.3
  2435.3
  1598.9
  2310.2
  2037.1
  1717.5
  1948.3
  2181.0
  2186.1
  2159.7
  2501.6
  2543.2
  1903.8
  2024.4
  2478.9
  2723.2
  2944.0
  2275.5
  2876.1
  2654.6
  2273.5
  2704.7
  2387.9
  2342.5
  1806.6
  2775.4
  2945.6
  2679.0
  2847.8
  2608.6
  2776.6
  2921.2
  1634.2
  2473.4
  2473.7
  2798.6
  2439.8
  2710.2
  2843.9
  2962.4
  1806.6
   781.4
  2846.2
  2949.1
   898.4
   777.5
  1326.5
  1471.6
  1882.6
   888.9
   786.3
  1143.9
  1115.1
  2819.2
  1810.8
  1019.1
   967.7
  2672.0
  1029.2
   642.2
  1035.5
   687.4
   748.6
   386.8
   732.8
   344.7
   397.5
  2503.5
  2864.2
   756.7
  1124.3
   552.7
   551.0
  1365.3
  1100.1
  1017.0
   897.6
  1270.1
  1343.6
  1378.8
  1388.5
  2486.4
  1640.1
  2422.5
  2570.4
  2562.8
  2420.6
  2003.7
  1156.7
  1297.7
  2277.4
  2624.7
  2362.6
  2389.9
  2224.6
  2542.1
  2097.0
  2686.2
  1413.1
  1962.7
  2218.7
  2777.1
  2314.1
  2628.2
  3016.1
  2754.3
  2453.9
  2812.9
  2903.0
  2888.3
  2825.2
  2410.6
  3083.1
  3047.7
  2965.6
  2629.2
  1928.5
  3023.1
  2821.7
  2989.7
  2236.0
  2925.0
  2797.4
  2283.7
  2613.1
  2928.3
  2980.7
  2895.8
  2841.8
   847.6
  2433.8
  2079.6
  1242.0
  1195.2
  2308.5
  1372.1
  1542.9
  1461.7
  1854.4
   532.9
   761.6
  1237.3
  1299.0
  2713.4
  2424.3
   440.2
   581.1
   675.2
   461.3
  1392.4
   797.1
   604.1
   555.4
   384.8
   318.1
  2909.3
   595.1
  1206.1
  1245.2
   472.1
   362.5
  1501.1
  2781.7
   710.9
  1752.8
  1673.4
  1228.1
  2047.9
  2672.0
  1371.3
   956.4
  1055.8
  2601.8
  2187.6
  2612.6
  2477.8
  2588.3
  2480.3
  1061.9
  2340.6
  2509.9
  3058.7
  2788.0
  2695.8
  1252.6
  2523.0
  2846.2
  2925.6
  2597.8
  2922.3
  3021.7
  3018.8
  2664.3
  2988.1
  2792.7
  2828.9
  2734.0
   971.0
  2998.5
  2839.4
  2726.3
  3009.5
   659.4
  2831.2
  2830.5
  2705.7
  2897.2
  2986.9
  1445.2
  1495.3
  2946.0
  2833.9
  2772.2
  2846.8
  2760.9
  2459.5
  2511.1
  1946.7
  2146.7
  2754.2
   946.3
   513.1
  1940.4
  1390.6
  1311.2
   971.6
   632.5
  2084.2
  1277.5
  1602.6
   523.4
   838.8
   941.5
  2391.5
  2724.4
   706.5
   770.8
   741.2
   502.5
   850.3
  1437.0
   470.8
   594.4
   846.5
   549.3
   330.9
  3076.3
   736.6
   717.4
  1224.3
  1023.3
  1693.0
  2242.4
  1524.7
  2855.8
  2166.6
  2217.2
  2572.0
  2154.7
  2646.9
  2720.4
  2174.4
   722.0
  2265.8
  2536.7
  2778.6
  2595.0
  2522.3
  1025.1
  2845.8
  2969.2
  2998.2
  2990.5
  2905.3
  2927.6
  2976.9
  3136.1
  2660.5
  1274.6
  3134.5
  2928.1
  2873.2
  2987.2
  2675.5
  3054.6
  3133.1
  2870.6
  2926.6
  2752.1
  2632.0
  2889.1
  2638.2
  2841.8
  2555.5
  2624.1
  3054.1
  1946.9
  2594.9
  2548.1
  2383.0
  2728.4
  1914.7
  2577.0
  2731.3
  1711.0
   852.1
  2713.9
  2267.5
  2893.2
   596.1
   597.1
  1216.8
   985.5
   888.3
  1756.0
  1014.6
  1077.5
  1965.7
  1046.1
  2588.7
  1027.9
  1051.9
  1125.2
   883.3
   780.8
   741.4
   543.1
   701.4
  2642.7
   809.1
   464.0
   442.5
   777.2
  1124.0
   700.3
   891.6
  2000.6
  1349.3
  1906.6
  1822.4
  2875.0
  2797.3
  2854.8
  2015.1
  1608.8
  2295.8
  1716.4
   920.1
  2812.7
  2351.6
  2062.1
  2882.3
  2975.1
  3010.2
  2595.8
  2990.3
  2617.0
  2925.0
  3139.1
  1727.7
  2936.4
  2435.6
  2774.3
  2788.8
  2609.4
  2967.4
  2550.7
  1620.0
   705.4
  3046.2
   983.1
  2826.4
  1144.6
  2891.0
  2746.3
  2199.2
  2277.7
  2821.4
  2396.3
  2417.2
  2243.4
  2407.7
  2403.2
  2059.7
  2345.3
  2241.9
  2322.6
  1973.3
  2484.8
  2344.2
  2111.6
   866.5
   883.5
  2635.5
  2417.3
  2193.9
  1438.5
  2342.3
  2848.3
  2436.1
  2593.6
  2709.5
  2340.8
  2758.0
  1370.2
  1014.5
  2255.8
  1495.3
  1896.9
  2098.5
  1137.0
  1022.5
  1016.2
  1233.3
   905.1
   487.7
   894.8
  1734.3
  1995.9
   797.6
   661.7
   730.1
   467.4
   448.6
  1571.9
   797.9
   540.5
   624.3
   612.1
   712.4
   771.8
   684.7
  1259.1
  1403.1
  2818.1
   908.8
  2793.5
  2176.5
  1374.8
   841.7
  1894.2
  2101.8
  2908.9
  1710.7
  2759.8
  2657.7
  1104.3
  2705.4
  2843.7
  2850.3
  2470.1
  2624.4
  1181.8
  2793.9
  2626.3
  2921.7
  2740.3
  2602.6
  1373.2
  2880.1
  2541.7
  2587.6
  2525.7
  2313.9
  2624.6
  2267.7
  2522.5
  1917.7
  2380.1
  2172.2
  2081.7
  2046.0
  2449.3
   942.9
  2477.0
  1836.2
  1665.9
  2158.8
  1998.5
  2323.7
  1930.8
  1871.6
  2204.8
  1534.5
  2809.7
  2501.3
  1293.6
  2493.6
  1865.7
   965.4
  2611.3
  1641.4
  1537.3
  2106.6
  1125.5
   868.4
  1270.8
  1556.3
  2436.3
  2210.3
  1002.4
  1012.7
   933.9
   846.8
  1574.8
   462.7
  1076.5
  1554.3
  1429.2
   803.5
   596.2
   534.4
  1232.5
   790.4
   875.3
  1044.0
  2287.3
  1156.2
  1470.7
  2150.7
  1047.9
  1834.0
  2478.1
  1335.9
  1335.0
  2293.2
  2498.7
   741.2
  2371.3
  1795.3
  2626.8
  2533.3
  2350.2
  2304.3
  1138.8
  2486.3
  2675.9
  2687.8
  2422.1
  1019.5
  2438.4
  2632.1
  2117.9
  1594.3
  2489.7
  2099.6
  1802.4
  2019.9
  1974.1
   992.3
  1498.0
  2371.1
  1648.3
  1500.0
  2070.1
  2572.6
  1802.9
  2144.9
  1934.1
  1781.4
  1458.2
  1710.6
  1764.8
  2604.0
  2665.4
  2104.6
  1298.3
  2218.1
  2285.3
  2047.0
  2675.8
  1276.5
  1777.3
  1613.8
  2167.7
  1916.4
  2384.5
  1285.0
   970.3
   893.1
  1338.2
  1208.4
  1369.6
  2088.7
   918.4
  1017.2
   684.6
   722.7
   754.8
   577.2
   871.4
  1044.3
   376.8
  1036.0
   834.2
   507.9
   565.4
  1149.2
  1696.9
  1077.1
  1450.0
  1114.2
  2379.0
  2130.7
   984.3
  1058.4
  2117.8
   985.3
  2310.3
  2372.7
  2142.5
  1647.5
  2225.0
  2184.8
  2241.2
  2092.9
   946.3
   769.5
  2347.3
  2417.1
  2385.8
  2114.9
  1995.3
  1991.1
  2165.8
  2325.0
  1992.0
   769.5
  2206.0
  2214.7
  1382.3
  1991.9
  1627.2
  2253.6
  1666.2
  1704.5
  2284.2
  1527.7
  1524.3
  1583.1
  1444.8
  1843.1
  1669.4
  1650.7
  1370.1
  1199.4
  2016.6
   954.8
  2464.9
  1411.9
  2429.1
  2207.3
  1356.0
   913.6
  2313.5
  2327.1
  1275.5
  2535.3
  1970.4
  2488.7
  2051.6
  2068.6
  2196.9
  1658.4
  1934.1
  1712.9
  1873.4
  1838.6
  1294.4
  2269.2
  2015.6
  1488.2
  1372.3
   999.7
  1294.7
  2201.7
   399.1
   650.2
   606.7
   891.3
   675.1
   374.6
   393.6
   861.6
   591.0
   321.5
  1035.4
   821.0
   755.7
  1037.7
  1069.3
   740.5
  2018.4
   967.3
  1005.4
  1926.3
  2040.5
   706.5
   899.6
  2215.9
  1888.3
  2134.3
  2173.0
  2231.4
  1796.5
  1974.8
  1829.3
  2013.3
  1969.6
  1829.6
  1922.3
  1943.9
  1558.6
  1886.5
  2242.5
  1617.2
  1608.3
  1236.5
  1340.6
  1973.1
  1621.5
  1680.9
  1419.6
  1391.0
  1740.3
  1640.6
  1854.6
  2123.5
  1087.9
  1947.3
  1283.4
  1283.7
  1180.2
  1367.7
  1992.6
  1064.0
  2170.8
  2147.1
  1422.4
  1224.7
   690.2
  1784.3
  2112.2
  2298.1
  2113.2
  1290.4
  1093.3
  1862.0
  1701.1
  1975.3
   757.0
  1507.9
  2067.6
  1986.9
  1470.6
   631.1
   968.5
  1228.8
  1274.4
  1051.2
  1218.0
   870.2
   591.4
   615.5
  1935.6
  1429.7
   688.7
   540.9
   778.0
   795.2
  2115.1
  1870.1
   646.3
   724.1
   626.1
  1104.2
  1062.9
  1636.9
  1126.1
  1466.4
  1351.2
  1277.9
  1778.1
  1531.0
  1669.6
  1779.2
  2026.5
   716.1
  1840.6
  1562.6
  1903.4
  1591.5
  1243.0
  1561.1
  1544.7
  1885.9
  1177.1
  1764.9
   943.7
  1273.8
  1750.3
  1412.9
   743.8
  1133.4
  1081.5
   976.7
  1633.8
  1421.1
  1430.6
  1208.0
  1272.0
  1150.2
  1685.9
  1888.2
  1302.0
  1221.6
  2177.7
  1187.5
  1086.0
  1073.0
  1920.9
  1999.6
  1349.8
  2171.4
  2253.3
  2179.1
  2148.9
  2134.2
  1779.1
  1596.8
  1779.7
  1280.9
  1145.1
  1880.4
  2068.2
  1726.5
  1886.6
  2018.8
  1692.7
  1042.7
   926.1
   930.7
   945.8
  1613.9
   845.5
  1065.3
  1010.3
   830.0
   868.2
   753.6
   473.4
   667.2
  1704.3
  1268.5
   725.5
   389.6
   439.0
   673.4
   672.1
   728.0
  1819.0
  1419.2
   861.7
   692.6
   792.1
   822.5
   887.3
  1033.1
  1454.9
  1459.8
  1521.0
   694.5
  1643.8
   927.1
  1406.3
  1706.0
  2064.0
  1701.2
  1670.4
  2034.3
  1600.6
  1034.8
  1473.5
  1978.0
  2004.2
  1316.4
  1261.7
  1665.6
  1758.4
  1850.0
  2101.8
  1228.0
  1215.7
  1132.3
  1881.6
  2036.6
  1069.3
  1628.7
  1471.2
  1233.5
   949.2
  1690.9
  1877.1
  1765.7
  1504.6
  1577.6
  1882.8
  2031.1
  1920.9
  2064.2
  1539.7
  1218.6
  1468.0
  1961.2
  1300.2
  2051.0
  2014.5
  1650.4
   903.0
   823.4
   667.1
  1068.5
  1453.1
  1047.1
  1527.9
  1859.2
  1101.0
   757.3
   807.8
   731.8
   645.6
   760.3
  1310.1
   628.8
   615.6
   343.1
  1940.9
  1097.1
  1074.2
   472.0
   460.6
   544.9
   946.1
   929.0
  1003.1
  1216.6
  1040.2
  1253.9
  1592.3
  1094.3
  1242.7
  1138.0
  1092.0
  1537.6
  2042.3
  1486.1
  1473.3
  1730.3
  1028.8
   863.1
  1862.2
  1361.5
  1308.8
  1607.1
  1315.9
  1310.2
   940.7
  1209.4
  1812.7
  1979.3
   966.6
  1589.0
  1192.3
  1459.3
  1085.6
  1944.4
  1853.9
  1839.5
  1131.4
  1241.0
  1110.9
  1379.1
  1578.8
  1295.2
  1771.3
  1295.3
  1089.2
  1530.5
  1305.7
   947.3
  1569.2
  1964.8
  1822.7
   855.4
  1089.8
  1611.2
  1773.7
  1498.9
   781.6
   596.6
  1654.8
  1942.7
  1320.8
  1316.5
  1430.5
  2029.5
  1907.8
   323.9
  1984.4
  1640.1
   753.5
   525.6
  1015.9
   862.2
   796.5
   904.2
  1791.8
  1592.2
  1054.5
  2017.3
  1398.1
   459.5
  1807.1
  1218.0
   928.0
   635.8
   676.4
  1049.1
  1796.5
  1245.0
  1329.5
  1596.6
  1653.0
   498.6
  1187.8
  1471.8
  1943.9
  1398.5
  1119.0
  2074.4
  1333.3
  1352.7
   989.2
  1180.9
  1127.8
  1980.8
   737.3
   883.8
  1466.7
  1850.8
  1608.2
  1110.5
  1934.5
  1644.8
  1032.3
  1731.8
  1125.0
  1151.1
  1712.3
  1921.2
  1333.3
  1126.0
  1414.1
   895.1
  1063.1
  1430.9
  1887.7
  1164.7
  1204.2
  1576.6
   755.8
  1028.1
  1024.4
   896.8
  1529.7
  1780.6
  1976.1
  1792.0
  1657.8
   955.8
  1407.2
  1050.6
  1753.5
  1607.8
  1788.9
  1350.5
   980.0
  1637.9
  1184.3
  1668.6
  1463.4
  1805.4
  1466.5
  1971.6
  1231.4
  1168.2
   994.4
  1205.8
  1347.6
  1075.8
  1054.9
  1067.4
   601.0
  1008.3
   897.8
   657.5
   899.5
  1141.3
  1465.7
  1871.4
   854.8
   590.0
  1188.5
  1373.7
  1149.6
  1686.6
  1722.1
  1918.3
   957.5
  2141.5
  1557.1
  1873.2
  1565.7
  1718.0
  1615.3
  1719.4
  1611.1
  1917.1
  1862.4
  1085.0
  1322.1
  1501.5
  1153.1
  1572.0
   963.6
  1007.6
  1572.8
  1342.0
  1126.0
  1080.1
  1452.6
  1702.0
  1274.0
  1755.0
  1831.2
   856.1
  1302.8
  1682.6
   765.8
   956.8
  1069.5
  1417.7
   771.3
  1030.0
   773.8
   986.7
   932.0
  1402.0
   889.2
   967.0
   655.1
  1737.0
  1264.3
  1704.0
  1826.3
  1038.3
  1230.6
  1394.1
  1077.8
   910.1
  1488.2
  1427.1
  1969.4
  1707.8
  1892.1
  1218.0
  1428.7
  1119.1
  1130.3
  1100.3
  1656.4
  1254.0
   978.7
  1058.7
   502.2
   779.1
   878.7
   340.0
   432.4
   896.3
  1148.0
  1054.8
  1320.6
   593.4
   569.9
   887.5
  1614.0
  1347.0
  1932.7
  1832.4
  1744.0
  1007.7
  1043.0
   755.4
  1814.3
  1262.7
   797.4
  1404.4
  1351.1
  1050.5
  1055.0
  1540.5
  1517.4
  1459.9
  1459.2
   882.2
  1471.8
  1225.1
   783.5
  1245.7
  1006.6
  1414.6
  1042.4
   934.6
   814.8
  1768.4
  1227.3
  1715.5
  1256.2
  1718.4
   781.5
   938.4
  1148.5
  1580.0
  1552.3
   954.5
  1264.3
  1462.0
  1169.3
  1145.5
   747.3
  1495.9
  1505.6
  1858.5
  1630.6
  1240.1
  1546.8
  1362.8
  1133.8
  1539.2
  1729.3
  1478.8
  1753.9
  1095.2
   761.8
  1422.0
  1157.2
  1551.4
  1122.2
   989.0
  1300.8
  1163.5
   985.1
   878.9
   713.0
   803.4
   412.1
   757.2
  1752.1
  1753.4
  1526.5
  1663.6
  1433.7
   950.3
   561.9
   572.4
   730.1
  1155.6
  1071.2
  1582.0
  1694.9
  1710.6
   927.0
  1613.7
   968.4
  1630.7
  1570.1
   745.7
   615.9
  1245.6
  1125.6
   486.8
  1244.2
  1612.7
   983.9
  1383.6
   632.5
  1580.1
  1057.2
  1771.2
  1213.6
   969.7
  1008.7
   842.2
   993.9
   861.1
  1605.8
  1633.1
  1440.2
   707.1
  1181.6
  1012.7
  1366.4
  1379.0
   862.0
  1087.9
  1422.9
   828.2
  1166.4
  1002.3
  1511.5
   916.7
  1017.7
  1189.1
  1352.1
  1654.7
  1527.8
  1339.6
   888.7
  1526.8
  1258.9
   969.8
  1189.7
  1664.4
   819.7
  1095.4
   901.6
  1232.3
  1489.4
   822.1
  1379.0
  1457.4
   957.0
   967.0
  1537.1
   382.0
   727.2
   759.6
  1552.8
   565.8
   293.7
   764.1
   802.6
   639.3
   496.5
  1318.5
  1326.0
  1196.0
   873.2
   875.2
  1384.7
  1571.5
  1537.4
   713.5
  1427.0
  1424.6
  1188.2
   935.7
  1149.2
  1191.0
  1195.0
  1078.4
  1422.9
   888.0
  1069.9
   912.4
  1446.9
  1698.2
  1498.4
  1295.0
   944.6
  1143.7
  1004.8
  1276.2
  1550.1
  1348.8
   752.3
   860.2
  1579.1
  1220.5
  1230.2
   976.8
  1325.1
  1130.1
  1383.8
  1192.7
  1204.5
  1507.0
  1074.9
  1036.1
   906.6
   825.2
   654.3
   904.5
  1068.1
  1032.5
  1190.5
   973.5
  1128.2
  1064.9
  1456.7
  1087.1
  1001.3
  1664.9
  1523.9
   785.8
  1045.6
  1109.1
  1383.5
  1036.6
  1625.8
  1231.9
   561.8
  1151.1
   856.0
  1545.9
   268.7
  1219.7
  1067.9
   954.5
   870.4
   977.7
  1368.6
   779.6
   891.1
   406.2
   605.7
   488.6
  1078.1
   530.2
  1398.9
  1192.0
   695.5
  1501.8
   919.7
   999.6
  1017.3
   723.1
  1523.6
   884.8
  1101.6
   798.5
  1339.2
  1296.6
  1287.2
  1674.6
  1032.4
   962.3
   917.6
   806.7
  1133.0
   621.1
   928.0
   733.1
  1174.0
  1315.2
   814.4
   705.0
   884.3
  1693.3
  1121.5
   881.9
  1156.6
  1176.2
   742.8
   764.9
   719.9
  1007.6
   802.9
  1180.4
  1229.1
   998.0
   970.6
   948.8
   994.5
  1454.4
   895.6
  1459.7
  1371.9
  1007.1
   942.8
   882.4
  1247.9
   952.0
  1015.1
  1037.4
  1388.1
   886.2
   876.6
  1031.9
  1119.9
   655.9
  1209.0
  1290.1
   889.7
  1594.7
  1377.3
  1387.8
  1485.5
  1466.3
  1274.8
  1065.5
  1486.2
  1448.6
  1156.1
   624.1
  1272.6
   970.2
  1191.9
  1379.2
   872.6
   695.0
   470.1
   787.7
   428.6
  1149.4
  1052.0
   963.4
   334.9
   393.5
   806.1
   927.9
   708.2
  1122.6
  1450.8
  1062.9
  1000.8
  1508.8
   931.7
  1601.8
  1316.5
   641.4
  1516.4
  1513.2
  1106.9
  1067.9
   964.3
  1616.8
   841.4
  1482.9
  1613.7
  1250.4
   615.0
   848.1
  1394.9
   689.8
  1469.3
  1160.7
  1466.9
  1573.7
  1356.7
  1458.6
  1769.1
   983.5
   833.7
  1226.8
   750.2
  1095.3
   662.8
  1259.7
   902.0
  1416.5
  1234.0
  1219.3
   786.5
  1592.6
   897.6
   792.7
   931.5
   751.5
  1296.5
  1190.9
  1033.5
  1001.3
   976.6
   760.2
  1245.7
   771.1
   941.0
  1250.4
   814.4
   862.5
   947.8
  1444.6
  1432.5
   718.0
  1376.0
  1355.5
  1466.5
  1090.2
  1421.9
  1199.4
  1254.9
  1447.1
  1499.1
  1516.4
  1494.8
   552.3
   651.0
  1396.6
   933.2
   788.8
   653.4
   518.8
   543.0
  1130.7
  1004.0
   375.7
  1442.6
  1485.1
  1231.2
  1277.6
  1529.0
  1019.7
  1028.6
  1405.3
  1340.3
   754.4
   992.6
  1468.7
  1388.9
  1405.1
  1289.4
  1466.8
   937.2
   964.7
   488.1
   766.5
  1457.6
  1113.4
   729.4
  1264.7
   831.5
  1078.2
  1388.3
  1122.6
   771.8
   583.8
  1430.7
   565.8
  1194.8
   892.8
   715.0
  1114.2
   937.1
  1081.4
  1011.9
   667.1
   803.6
  1360.3
   775.4
  1374.0
   703.1
  1219.4
   681.9
   933.1
   952.2
  1161.5
  1226.5
   651.0
   525.9
   692.2
  1011.7
   580.0
   560.8
  1096.0
  1367.1
  1402.0
  1402.9
  1297.8
   968.1
   856.3
  1473.2
  1093.0
  1330.2
  1282.2
  1411.2
  1300.1
  1448.7
  1120.7
   533.7
   783.9
  1043.1
   477.7
  1444.9
  1254.0
   857.6
  1118.8
  1209.9
  1384.5
  1400.5
  1272.3
   977.2
  1309.8
   546.2
  1239.2
   903.3
   909.0
  1381.1
  1238.1
   767.3
  1287.4
   629.5
  1005.9
   689.2
   914.4
   760.5
  1301.6
  1217.4
  1274.7
  1262.6
   779.9
   888.8
  1423.6
  1135.4
   756.1
   845.6
  1117.3
  1337.3
  1246.1
   612.8
   505.6
   894.1
  1296.3
  1335.4
  1136.8
  1189.3
  1468.5
   548.5
  1019.8
   681.1
   666.0
   873.1
  1112.8
  1056.9
  1022.1
   992.4
   820.5
  1272.4
   803.3
  1242.1
   782.7
   800.2
   853.3
  1046.7
  1600.0
  1160.2
   832.8
  1204.7
   939.6
   909.4
   793.5
  1193.1
  1059.5
  1196.2
   724.3
   953.2
   903.3
   779.7
   440.4
  1182.1
   749.1
   510.4
  1175.7
  1294.0
   504.3
   774.5
  1193.1
  1110.2
  1204.1
   916.5
  1140.5
  1332.9
  1228.6
   851.9
  1242.2
  1200.1
  1083.5
   726.9
  1203.2
  1372.9
   624.7
   653.0
  1055.0
   814.7
  1086.8
  1228.4
  1053.7
  1032.7
   991.1
  1139.1
   949.2
   738.4
  1189.7
  1142.6
   892.7
   629.2
   983.1
  1043.2
   778.2
  1339.1
  1208.1
   996.8
   857.7
  1170.6
  1198.7
   888.7
   700.6
  1245.2
   691.6
  1262.6
   842.0
  1383.7
  1348.0
  1192.8
  1296.6
  1116.2
   789.5
   673.4
   721.2
   987.3
  1050.0
   980.2
  1509.6
  1065.7
  1166.1
   769.2
   572.9
   983.9
   932.5
   828.7
  1050.5
  1173.5
   926.1
   870.5
   618.0
   658.4
  1335.1
  1085.8
   344.6
   555.0
   784.3
  1090.1
   623.6
   864.5
  1094.6
   930.1
  1301.4
   959.0
   976.2
   744.2
  1180.9
   913.7
   780.6
  1108.6
  1268.3
  1109.0
   614.0
  1246.9
   756.8
  1020.7
  1013.5
   738.3
   702.0
  1017.8
  1114.1
  1105.6
   623.1
   850.0
  1083.1
   913.9
   934.8
   633.2
  1232.4
   972.4
   762.5
   763.3
   610.0
  1087.3
   555.4
  1073.4
  1297.6
  1034.5
   727.5
   890.2
   768.9
  1304.4
   648.6
   974.9
   592.3
  1328.6
   823.2
  1017.3
   475.9
   861.7
  1161.7
   632.4
  1002.0
   611.0
   971.2
  1384.2
  1304.8
   625.2
   436.8
   824.3
  1343.3
  1237.8
   988.9
  1182.0
  1172.0
   877.9
   866.1
   881.4
  1076.5
   336.2
  1340.3
  1415.2
  1108.1
  1144.8
  1429.6
  1084.8
   867.4
   399.4
   771.1
   937.7
  1100.5
  1218.1
   527.8
   391.5
  1221.4
   840.5
  1101.7
   973.8
  1207.1
   970.0
   915.1
  1144.7
   770.7
  1322.2
   742.0
  1095.3
   949.8
   654.5
  1267.2
  1099.3
   871.2
   988.0
   761.0
   948.0
  1134.3
   872.6
  1095.5
   639.0
  1025.8
  1081.5
  1014.6
  1065.4
   730.3
  1124.1
   832.9
  1193.8
   864.3
  1016.6
   711.0
   972.8
   698.1
   734.7
  1221.0
   788.5
   941.2
  1002.3
   928.7
  1094.2
  1089.5
   692.3
  1148.4
  1079.8
   979.6
   822.9
   663.0
   569.2
   648.8
   930.1
   823.6
  1057.2
  1183.6
   933.2
   548.6
  1151.9
  1197.0
  1175.3
   570.5
   850.0
  1160.6
   823.4
  1382.3
   918.2
   830.5
   809.3
  1125.1
  1193.9
   395.6
   613.7
  1237.1
  1125.9
  1422.9
   968.7
   384.7
   430.6
  1097.9
  1131.7
   853.1
   755.6
   340.4
   550.1
  1093.7
   804.9
   696.2
   506.8
   375.8
  1017.6
  1098.1
  1088.5
   737.7
   867.1
   559.3
  1141.6
   642.3
   999.5
  1146.6
   819.9
   856.6
   787.3
   685.5
   943.2
   728.4
  1102.5
   773.6
   719.2
   758.5
   853.8
   805.0
   579.1
   589.9
   893.1
   928.6
   530.2
   544.0
   755.1
   629.0
   907.9
   766.3
  1046.3
   740.5
   933.7
  1109.4
   904.6
   843.3
   534.1
   655.8
  1307.4
   836.4
   909.4
   880.5
   827.9
   616.9
   857.9
  1058.2
  1204.5
   752.0
   889.0
   691.7
   795.4
   690.3
   706.8
   678.6
   461.2
   937.8
   967.0
   964.2
   922.3
   814.6
   766.6
   974.4
   960.5
   871.0
  1155.3
  1027.0
   806.0
   693.0
   651.7
   422.3
   926.0
   463.8
   841.7
  1031.5
   905.7
   946.3
   408.5
  1157.7
  1074.1
   772.2
   659.8
   991.7
   978.6
   965.7
  1013.0
   922.1
   836.5
   707.5
  1004.0
   887.7
   909.4
   711.7
   805.8
   657.8
  1025.6
   545.7
   844.6
   860.9
   698.8
   842.2
   904.3
   611.3
   723.7
   890.2
   883.3
   677.1
  1022.6
   494.8
   798.2
   960.4
   582.4
   720.0
  1066.8
   993.1
   652.6
   631.2
   923.5
   647.5
   712.6
   768.2
   505.9
  1032.1
   632.7
   812.0
   779.7
   662.6
   722.7
   966.4
   565.7
  1040.2
   939.7
   938.5
   955.9
   743.2
   527.0
   821.6
  1055.6
   731.8
  1130.1
   428.6
   939.3
   887.7
   586.6
   818.8
   727.3
  1225.2
   742.4
   857.6
   968.7
   813.3
   918.1
   724.8
   829.6
  1031.3
   890.7
   469.0
   847.6
   630.4
   704.4
   761.2
   836.7
   914.2
   706.1
   406.5
   518.4
   776.0
   844.0
   695.1
   851.8
   613.0
   890.2
   787.2
   838.0
   714.6
   619.2
   760.6
   674.0
   705.0
   492.0
   664.5
   592.9
   716.3
   738.0
   602.1
   495.9
   924.0
   691.4
   766.1
   962.0
   839.0
   669.3
   962.8
   512.7
   834.8
   887.7
   836.6
   656.3
   794.4
   813.2
   687.3
   776.2
   774.1
   901.2
   795.8
   673.2
   811.2
   717.2
   627.6
   495.7
   481.9
   643.2
   680.5
   628.4
   368.4
   501.0
   733.6
   789.3
  1028.6
   612.0
   676.3
   834.5
   701.7
   572.9
   492.1
   786.7
   563.1
   798.4
   522.8
   972.8
   749.8
   524.4
   480.6
   441.2
   761.2
   957.0
   654.2
   828.4
   749.1
   782.1
   598.9
   619.3
   472.3
   467.0
   651.7
   796.8
   593.1
   568.3
   659.3
   724.5
   585.8
   673.9
   457.9
   745.5
   441.5
   466.7
   501.8
   422.3
   638.2
   676.4
   456.3
   464.5
   627.8
   534.6
   389.1
   519.1
   487.7
   620.7
   380.5
   744.0
   551.9
   440.9
   447.6
   533.3
   598.4
   645.7
   416.9
   487.0
   372.8
   643.4
   597.0
   370.4
   427.5
   397.7
   794.8
   569.5
   725.0
   357.3
   380.2
   672.7
   532.4
   300.3
   710.3
   572.8
   468.9
   682.5
   411.9
   412.9
   374.4
   554.2
   695.4
   597.7
   682.6
   422.9
   429.3
   725.2
   653.5
   438.1
   413.1
   501.2
   652.6
   573.2
   587.8
   395.7
   576.9
   644.4
   720.3
   360.5
   509.5
   491.9
   616.7
   500.5
   415.3
   626.1
   672.9
   638.1
   557.5
   504.2
   363.1
   587.1
   364.4
   616.7
   603.5
     0.0
   454.3
   404.9
   401.2
   376.6
   492.9
   457.1
   329.3
   330.8
   459.0
   463.8
   429.3
   357.6
   390.6
   392.7
   398.4
   445.3
   473.8
   450.5
   376.9
   391.3
   462.2
   449.3
   369.0
   292.4
   237.8
   436.7
   392.9
   319.7
   266.6
   365.4
   353.9
   351.7
   356.1
   262.6
   283.2
   503.8
   406.6
   373.1
   425.5
   471.1
   316.0
   280.8
   362.6
   436.2
   375.2
   274.3
   291.8
   409.0
   364.5
   347.6
   380.0
   342.3
   298.0
   427.0
   400.7
   324.4
   351.2
   383.3
   439.7
   311.1
   235.2
   454.1
   470.2
   326.1
   335.5
   331.5
   365.0
   484.7
   266.2
   289.2
   334.5
   370.3
   457.5
   419.2
   298.0
   356.6
   510.2
   531.9
     0.0
   595.5
   926.6
   698.3
   784.9
   641.1
   842.7
   656.7
   534.0
   936.4
   565.7
   671.7
   810.0
   822.8
   541.0
   362.4
   472.1
   529.6
   649.3
   608.1
   847.1
   793.1
   706.5
   695.6
   638.3
   850.0
   577.9
   983.7
  1137.1
  1150.5
  1245.8
  1204.4
   905.6
   703.3
   488.6
   745.8
   724.3
   805.1
   814.5
   873.3
  1163.3
   814.1
   866.0
  1006.4
  1188.4
   844.7
  1003.0
   931.6
   680.9
  1044.7
   768.3
  1145.5
   965.7
  1125.7
  1278.7
  1341.5
  1232.4
  1304.0
  1055.7
  1838.5
  1782.9
   711.7
   669.2
  1063.5
   967.7
  1050.2
  1128.0
  1730.7
  1892.9
  1551.6
  1360.8
  1479.3
  1129.7
  1387.3
  1191.9
  1284.3
  1037.6
   965.0
  1134.6
   782.4
   696.9
  2243.0
  1993.4
  2268.7
  2333.9
  2111.3
  2434.3
  1918.0
  1923.9
  1720.7
  1945.6
   624.2
  1012.6
  1210.0
  1120.6
  2405.9
  2636.4
  2578.9
  2748.9
  2515.1
  2590.7
  2062.7
  2335.2
  2354.6
  2209.3
  2300.2
  2194.6
  2561.5
  2855.6
  2615.9
  2189.4
