# vtk DataFile Version 3.0
Landscape
ASCII
DATASET UNSTRUCTURED_GRID
POINTS       2255 float
           0.000           0.000           0.000
        1012.658           0.000           0.000
        2025.317           0.000           0.000
        3037.975           0.000           0.000
        4050.633           0.000           0.000
        5063.291           0.000           0.000
        6075.949           0.000           0.000
        7088.608           0.000           0.000
        8101.266           0.000           0.000
        9113.924           0.000           0.000
       10126.582           0.000           0.000
       11139.240           0.000           0.000
       12151.898           0.000           0.000
       13164.557           0.000           0.000
       14177.215           0.000           0.000
       15189.873           0.000           0.000
       16202.532           0.000           0.000
       17215.190           0.000           0.000
       18227.848           0.000           0.000
       19240.507           0.000           0.000
       20253.165           0.000           0.000
       21265.824           0.000           0.000
       22278.481           0.000           0.000
       23291.140           0.000           0.000
       24303.796           0.000           0.000
       25316.455           0.000           0.000
       26329.114           0.000           0.000
       27341.771           0.000           0.000
       28354.430           0.000           0.000
       29367.089           0.000           0.000
       30379.746           0.000           0.000
       31392.405           0.000           0.000
       32405.064           0.000           0.000
       33417.721           0.000           0.000
       34430.380           0.000           0.000
       35443.039           0.000           0.000
       36455.696           0.000           0.000
       37468.355           0.000           0.000
       38481.014           0.000           0.000
       39493.670           0.000           0.000
       40506.330           0.000           0.000
       41518.989           0.000           0.000
       42531.648           0.000           0.000
       43544.302           0.000           0.000
       44556.961           0.000           0.000
       45569.620           0.000           0.000
       46582.279           0.000           0.000
       47594.938           0.000           0.000
       48607.593           0.000           0.000
       49620.252           0.000           0.000
       50632.911           0.000           0.000
       51645.570           0.000           0.000
       52658.229           0.000           0.000
       53670.888           0.000           0.000
       54683.542           0.000           0.000
       55696.201           0.000           0.000
       56708.860           0.000           0.000
       57721.519           0.000           0.000
       58734.179           0.000           0.000
       59746.838           0.000           0.000
       60759.492           0.000           0.000
       61772.151           0.000           0.000
       62784.810           0.000           0.000
       63797.469           0.000           0.000
       64810.128           0.000           0.000
       65822.783           0.000           0.000
       66835.442           0.000           0.000
       67848.101           0.000           0.000
       68860.760           0.000           0.000
       69873.419           0.000           0.000
       70886.078           0.000           0.000
       71898.732           0.000           0.000
       72911.391           0.000           0.000
       73924.050           0.000           0.000
       74936.709           0.000           0.000
       75949.368           0.000           0.000
       76962.028           0.000           0.000
       77974.682           0.000           0.000
       78987.341           0.000           0.000
       80000.000           0.000           0.000
           0.000        1020.408           0.000
        2224.145        1016.118         795.495
        4232.423         935.955         182.323
        6288.257        1053.702         105.011
        7313.255         883.251         364.226
        9180.287        1134.267         131.334
       11235.966         817.097         239.736
       12193.392        1138.530         290.424
       14142.717        1059.236          42.043
       16233.610        1118.155         264.983
       18003.715        1230.610         520.664
       19491.474         925.458          65.669
       21426.608        1150.093         704.443
       23440.394        1087.972         222.370
       25174.152        1253.204          32.149
       27466.724        1223.347         671.893
       29569.971        1208.363         148.369
       31330.953         966.608         307.741
       33570.516        1232.753         468.026
       34588.854         924.812          21.492
       36324.214         879.662         189.250
       38340.856        1159.235         669.736
       40356.386         897.032          26.471
       42643.143        1153.028         219.645
       44305.050        1205.240         240.545
       46543.352         946.025          40.076
       48422.055        1109.932         203.057
       50723.863         847.292         334.502
       51647.315        1264.880          32.618
       53881.863         775.868         211.253
       55640.394        1231.860         119.074
       57910.582         855.082         185.231
       59894.735         901.873          29.639
       60513.594        1189.284          51.896
       62956.074         987.717         228.251
       64928.145        1061.806          50.547
       67033.819        1133.822         665.273
       68970.212        1050.225         121.774
       70855.468        1122.244         428.007
       71747.765        1228.772          78.938
       73676.292        1079.739         248.549
       75880.310         947.451         147.802
       77756.879         899.409         305.813
       80000.000        1020.408           0.000
           0.000        2040.816           0.000
        1917.668        1802.744         476.504
        4291.965        1982.007         504.249
        5872.699        2174.525         234.465
        8318.473        1929.767         286.174
       10215.035        1945.473         669.639
       10888.159        1788.839         673.330
       15003.233        1901.161         413.722
       17028.116        2045.164         733.141
       19167.126        2100.066         155.397
       21405.340        1971.640         713.342
       22199.855        2136.031         721.823
       24277.376        2190.089         460.883
       25419.339        2223.815          57.983
       30241.531        1952.352         389.642
       32427.562        2251.946         519.987
       34208.796        2223.323          52.660
       35321.959        2074.113         348.927
       37301.706        2064.338         704.322
       38706.978        1925.572         603.955
       40409.163        1821.750          53.735
       42325.846        1919.554         414.673
       44435.695        2217.015         511.476
       46682.769        2240.305          95.608
       48807.967        1854.554         391.457
       49381.792        1923.616         592.636
       51778.406        2286.569          59.272
       55715.127        1917.465         188.861
       56716.497        2187.667         491.699
       58528.534        2196.129         624.370
       60576.637        1800.759          72.016
       62946.370        2222.136         668.281
       64904.746        2014.238          97.071
       66730.104        1902.970         646.703
       68796.315        1953.073         244.866
       70070.607        2203.635         646.845
       71698.343        2295.540         149.917
       74169.735        2256.305         744.459
       76075.587        1795.557         313.441
       76712.605        2185.006         564.945
       78892.064        2121.559         229.079
       80000.000        2040.816           0.000
           0.000        3061.225           0.000
        1822.271        3110.882         548.284
        4165.093        3114.540         846.434
        5829.409        3281.385         375.441
        8219.180        3294.222         516.891
        9926.189        2948.136         972.072
       11955.421        2928.307         708.321
       14025.180        2813.578         113.130
       17176.095        2993.162         759.430
       19418.747        3260.653         438.370
       20136.335        3001.726         554.586
       22101.316        3150.981         901.112
       24556.782        3239.448         344.274
       25196.359        3231.861          84.964
       27110.228        3018.296         462.884
       29297.107        3094.587         484.361
       32323.644        3014.577         508.548
       33499.475        3126.368          79.164
       34192.609        3246.401         214.020
       35472.226        3062.158         637.359
       36648.864        2967.429         930.026
       38573.847        3009.969         676.090
       40629.791        3196.472          95.505
       41650.163        3300.263         429.124
       47534.693        3313.249         584.714
       48735.708        3177.887         850.828
       50796.950        2824.823          89.261
       52743.212        2948.307         514.756
       53660.725        2812.953         755.943
       55863.426        3096.068         329.615
       59664.803        3068.066         584.980
       63997.539        3187.719         361.071
       64714.756        2809.028         138.233
       66585.159        3113.088         693.902
       68041.885        3018.017         454.519
       70022.727        3277.854         740.419
       71757.213        3198.156         215.663
       74035.729        3151.836         933.507
       74974.260        3242.802         947.642
       77201.253        3030.891         823.812
       78758.819        3225.286         440.114
       80000.000        3061.225           0.000
           0.000        4081.633           0.000
        2008.551        4030.958         622.285
        3095.634        3899.667         853.906
        5138.562        4080.485         617.254
        7314.359        4196.402         909.870
        9992.959        3897.002         915.002
       12330.221        4040.008         301.410
       14128.602        3920.681         166.286
       16444.065        3831.597         852.902
       18132.790        3887.705         339.170
       19264.144        3838.509         727.940
       20161.269        4224.278         829.020
       24555.078        3869.087         108.948
       26342.741        4301.579         367.988
       29278.821        3965.246         734.815
       31455.715        4302.426         602.370
       33391.416        4264.809         105.876
       35652.856        3854.398         649.298
       37657.318        4156.299        1058.144
       38630.376        4103.745         682.651
       40415.373        4220.518         127.258
       42498.625        4274.864         664.027
       44656.533        3831.155         672.283
       46375.110        3835.508         165.772
       47557.884        4188.140         620.875
       49528.969        3861.743         492.265
       50628.910        4180.378         126.071
       52541.500        3920.921         249.218
       54740.698        3955.141         705.318
       56667.777        3870.407         497.837
       58700.478        3950.449         819.878
       59670.711        4276.652         307.664
       60631.789        3875.813         140.892
       64693.365        3941.975         197.021
       66845.098        4126.724         838.449
       68672.561        4325.526         770.706
       70826.216        4095.636         546.583
       73161.575        4115.308         515.524
       75107.846        4190.235         997.439
       76920.370        4313.652         620.385
       77823.499        4014.394         776.851
       80000.000        4081.633           0.000
           0.000        5102.041           0.000
        1887.007        5280.396         256.211
        4185.495        4975.141         884.247
        5266.042        4860.451         896.768
        6954.337        4859.279         792.473
        9214.455        5335.048        1153.710
       11201.645        5133.099         732.109
       13249.418        4942.949         627.567
       14373.798        5110.602         225.532
       17072.044        5040.669         850.223
       19462.174        5016.476         903.710
       21340.739        4955.370         645.372
       22484.921        5200.340         295.994
       23256.110        5295.860         162.626
       25161.094        5092.739         239.960
       26272.119        5094.998         615.098
       28511.107        4916.444         965.843
       29560.275        4929.436        1059.593
       31334.485        5343.751         590.545
       33317.387        5042.910         124.345
       35402.378        5119.332         704.418
       36397.163        5091.104        1090.041
       38251.240        4915.867         781.851
       40742.663        5347.445         164.000
       45523.373        5048.116         598.049
       46550.522        5253.547         229.480
       48588.477        4900.189         852.087
       49413.580        5215.018         617.506
       52792.420        4957.190         377.806
       55777.940        5253.784        1016.229
       56588.517        4925.315         841.458
       58705.075        4909.914         543.888
       60674.381        5023.085         382.644
       61904.599        5208.919         205.326
       63647.569        4902.748         680.548
       64746.634        5349.306         283.661
       65669.287        5291.232         393.063
       69960.383        4903.941         993.152
       72022.484        5238.189         403.020
       72736.473        5033.511         697.415
       75028.649        4953.861         944.071
       76779.571        4946.916         408.975
       78815.276        5017.556         130.789
       80000.000        5102.041           0.000
           0.000        6122.449           0.000
        2009.115        6054.972         565.881
        3885.839        5927.377         888.617
        6000.133        6032.894        1022.733
        6959.188        6151.273         968.136
       10335.236        6121.636         973.940
       11989.969        6046.292         543.095
       14405.323        6043.581         273.252
       16168.487        5988.928         768.781
       19082.550        5881.273         583.455
       21198.862        6300.945         699.911
       22268.433        6254.275         348.347
       24245.999        6269.461         629.479
       26156.857        6195.911         393.866
       28253.564        6132.995         986.815
       30458.305        5919.912         448.445
       32156.450        6089.363         162.401
       34488.639        6354.558         301.938
       36539.556        6226.583         855.349
       38426.299        5887.178         777.095
       40547.068        5991.026         185.485
       42487.697        5959.016         665.390
       44347.358        6013.818         737.236
       46500.898        6276.828         276.360
       50465.637        6248.092         182.828
       52587.595        6313.108         800.152
       54729.523        5910.652         713.186
       57510.228        6197.995        1225.505
       58914.597        6083.181         940.618
       60523.369        6202.765         737.824
       62853.044        6028.344         683.320
       63652.133        6261.074         863.449
       65635.398        5900.386         499.539
       67851.213        6209.166         888.783
       69672.206        6266.562        1083.701
       71661.079        5871.435         476.380
       72867.399        6211.260         878.214
       74035.961        5926.260        1150.299
       76150.566        6111.642         786.240
       77792.457        6175.910         596.991
       80000.000        6122.449           0.000
           0.000        7142.857           0.000
        2248.851        7146.831         531.431
        4033.229        7006.157         745.182
        6049.966        7324.529         533.259
        7957.838        7289.224        1048.325
       11016.302        7023.923         954.799
       12064.246        6924.816         731.195
       14038.321        7195.565         337.874
       15303.131        7114.560         675.072
       16255.641        7053.530        1018.695
       18251.953        6988.317         772.427
       20125.486        7288.696        1053.589
       21402.359        7223.251         621.637
       23493.060        7187.829         218.016
       24333.660        7339.792         482.144
       26332.625        7277.142         534.030
       28596.057        7032.829        1089.242
       31513.779        7259.647         410.853
       37505.533        7061.362        1188.985
       38401.335        7312.322         831.369
       40491.235        7011.211         218.580
       41465.035        7045.120         469.498
       45576.861        7254.358         339.740
       47552.964        6959.878         546.740
       49521.680        7376.165         515.537
       51848.240        7307.355         549.966
       55681.393        7003.053        1055.572
       57897.210        7148.773        1050.434
       59653.191        7381.116         537.896
       61699.080        7191.018         277.086
       64889.974        7286.282         410.770
       66884.857        7179.410        1002.889
       70789.720        7137.542         694.106
       72743.342        6978.745         938.261
       76938.416        7231.881         616.881
       79168.605        7338.082         108.817
       80000.000        7142.857           0.000
           0.000        8163.265           0.000
        2852.452        8322.319         682.300
        4818.667        8183.021         350.370
        7121.195        8110.498        1014.011
        8904.662        8356.893        1010.318
       10998.442        8347.597        1345.891
       13310.632        7924.460         661.881
       14402.473        7980.727         385.877
       16196.327        8087.470         864.826
       18351.433        7957.999         948.768
       20175.427        8107.778        1161.696
       22324.788        8188.337         704.594
       24238.955        8261.131         659.633
       26202.333        7936.001         852.031
       30223.948        8023.911         804.620
       32443.489        7929.981         208.886
       34573.740        8172.553         611.975
       36343.466        7994.609         937.652
       38453.143        7929.419         804.119
       40463.670        8034.380         252.648
       43395.706        8014.967         931.074
       45497.216        8122.792         383.972
       47454.158        7988.198         901.653
       49854.351        8160.326         756.448
       51601.959        8075.807         243.331
       53865.791        8207.646         559.538
       55904.427        8104.989        1176.038
       57480.037        8018.267        1115.271
       58714.739        8010.479         677.163
       59984.319        8191.721         352.753
       61683.054        8384.340         462.168
       63598.486        8049.290         847.857
       66070.106        7931.745         763.685
       66899.510        8397.786        1070.678
       69032.659        7933.656        1223.211
       70740.692        8344.096        1060.682
       72737.396        8175.946        1054.365
       73990.355        8223.567         812.979
       75906.161        8256.402         841.371
       77812.035        7923.045         319.923
       80000.000        8163.265           0.000
           0.000        9183.674           0.000
        1996.713        9266.726         323.216
        3970.956        9167.995         223.116
        6228.913        8964.440         800.589
        7896.671        9278.522         711.819
       12360.235        9058.661         955.360
       14122.687        9412.990         477.236
       16236.203        9219.139         778.227
       19072.452        9311.522        1436.928
       21287.490        9014.670         850.067
       23434.615        9058.514         273.283
       25273.673        9010.251         922.673
       27273.223        9029.049         906.562
       31180.591        9291.092         568.134
       33586.195        9119.307         336.057
       35533.578        9080.736         871.616
       37359.165        8999.065        1346.107
       38439.968        9347.698         976.902
       40490.114        8952.207         283.994
       42528.559        9058.408         846.757
       44319.809        9426.091         483.874
       46817.265        9175.303         863.886
       48796.228        9291.342         966.652
       50514.658        9400.971         305.306
       51654.745        9268.126         305.410
       53601.370        9193.177         771.888
       55655.584        9321.868        1172.102
       56694.399        9295.492        1345.198
       58704.764        8953.026         665.300
       62843.246        9105.313         899.484
       64651.624        9135.946         550.308
       67050.681        9396.482        1133.770
       69032.947        9015.572        1415.274
       70903.410        9352.442         876.409
       71686.479        8942.609        1037.443
       73949.471        9339.380         563.621
       75860.662        8991.841         704.127
       80000.000        9183.674           0.000
           0.000       10204.082           0.000
         843.237        9953.586          44.481
        2104.135       10042.258         109.387
        4102.977       10299.614         581.028
        5945.953       10019.750         380.425
        8903.203        9977.234         996.567
       10936.191       10087.882        1375.364
       11920.203       10180.459        1058.445
       14286.761       10283.012         545.547
       15159.574       10294.479         722.089
       17355.873        9955.672        1173.056
       20378.904       10249.364        1078.723
       21470.435       10266.327         708.943
       23163.142       10046.280         304.379
       25390.200       10220.067         867.908
       29219.566        9952.783         662.161
       31592.947        9980.157         267.856
       34584.462       10318.619         490.353
       35289.370       10213.978         858.618
       39743.109       10258.089         563.988
       40431.708       10216.137         330.172
       42391.479       10133.392         879.417
       44505.041       10177.491         529.205
       45650.142       10156.074         659.721
       48515.642       10055.003         877.062
       52704.260       10287.420         770.776
       54460.653       10431.261        1223.914
       55617.393       10158.899        1550.109
       57552.626       10132.550        1137.289
       59777.861       10218.637         436.752
       61845.531       10195.611         947.996
       64744.613       10062.930         634.003
       66828.532       10379.901        1232.074
       69989.289       10127.243        1128.635
       71849.455       10420.839         598.764
       73720.043       10051.812         428.708
       75779.135       10211.885         261.095
       77949.261       10425.065         122.162
       79131.965       10374.634          51.291
       80000.000       10204.082           0.000
           0.000       11224.490           0.000
        1944.289       11010.166         317.948
        4107.074       11442.027         901.974
        5033.252       11124.747         964.545
        6251.739       11029.474         682.621
        6838.929       10984.889         504.091
        9032.808       11279.393         809.642
       11122.020       11189.888        1353.114
       13044.735       11291.505         907.221
       15123.477       11129.276         772.460
       17041.521       11455.523        1281.879
       19307.677       11281.632        1036.224
       20449.748       11223.039         736.384
       22422.641       11472.844         355.608
       24324.027       11153.984         554.158
       26201.448       10973.402        1091.818
       28144.774       11187.670        1040.580
       29528.379       11287.180         583.083
       31546.294       11136.319         673.041
       33289.431       11075.593         674.307
       35584.515       11337.987         648.681
       36674.343       10969.602        1013.466
       37715.834       11129.740        1115.436
       39650.851       11374.475         699.869
       40397.966       11057.846         361.490
       41460.715       11175.583         728.942
       42704.711       11177.326        1120.703
       45744.114       11059.794         794.242
       49743.442       11215.692         380.081
       51498.438       11145.283         409.043
       53772.005       11424.294         999.925
       54606.387       11117.652        1341.304
       56855.784       10974.726        1157.728
       57615.753       10978.415         892.772
       59601.986       11284.685         594.870
       61910.091       11327.733         982.390
       63930.581       11264.758         957.257
       66012.595       11217.679         853.604
       67848.863       10987.348        1420.341
       70106.241       11327.214         892.686
       71910.079       11017.438         737.940
       73947.539       11375.478         836.443
       76058.090       11361.588         647.267
       77144.131       11158.943         520.232
       78861.195       11089.180         371.122
       80000.000       11224.490           0.000
           0.000       12244.898           0.000
        1964.277       12246.851         563.396
        5211.323       12276.407         914.748
        8188.478       12437.968        1025.986
        9362.834       12178.312        1087.995
       12340.344       12006.469        1230.280
       14077.938       12344.833         772.991
       16418.418       12253.368        1264.203
       18147.692       12475.207        1318.589
       20455.423       12118.652         864.997
       22108.740       12191.306         381.635
       24257.445       12199.344         865.537
       26329.948       12055.204        1168.809
       28413.447       12445.197         959.413
       30464.654       12158.809         342.925
       32164.300       12111.809         889.415
       33330.910       12439.908         996.739
       36418.635       12264.764        1075.918
       38732.250       12041.615         944.716
       40288.461       12388.556         413.370
       42337.744       12464.338        1087.975
       44688.042       12204.284         655.057
       48507.580       12029.991         787.106
       51627.302       12333.385         480.009
       53852.913       12317.763        1050.061
       55774.451       12224.868        1519.360
       56724.694       12006.438        1320.935
       58945.067       12131.433         790.551
       60838.151       12093.787         538.734
       62680.798       12316.637        1079.444
       63584.145       12464.081        1389.461
       65709.410       12408.892        1102.650
       66976.470       12214.125        1255.893
       68743.977       12338.239        1360.754
       70644.004       12495.269         918.218
       72822.194       12447.730         708.929
       74783.482       12081.469         745.846
       78141.105       12100.219         534.776
       80000.000       12244.898           0.000
           0.000       13265.306           0.000
        1933.734       13046.488         549.079
        4010.139       13070.797         567.058
        5150.568       13025.787         619.637
        7088.665       13108.462         759.983
        9310.809       13425.402         993.074
        9942.336       13282.151         864.915
       11370.850       13026.215        1323.055
       13151.477       13352.642        1148.978
       14317.988       13462.021        1029.753
       15986.119       13366.624        1486.008
       18088.588       13402.760        1251.758
       20309.053       13242.605         704.048
       21114.360       13167.750         493.720
       23327.284       13446.273         577.053
       25218.970       13360.838        1078.633
       27185.754       13167.373        1304.952
       29204.413       13484.199         748.571
       31625.294       13274.804         461.231
       32326.702       13520.114         722.892
       35337.828       13220.792        1011.707
       37291.320       13326.819        1224.979
       39576.733       13302.054         461.450
       40725.785       13171.017         696.401
       42645.637       13138.454        1215.387
       44454.595       13387.589         993.059
       46666.847       13021.171        1299.548
       49731.389       13047.340         453.946
       51773.488       13106.322         542.502
       53630.768       13163.679         749.731
       54481.243       13328.841         974.349
       55649.862       13090.022        1404.719
       57890.846       13275.679        1367.424
       58901.389       13044.386        1139.309
       59650.744       13212.311        1041.730
       61734.501       13310.855         913.457
       62906.028       13204.379        1316.739
       64881.123       13240.502        1502.182
       68621.366       13130.430        1167.139
       70845.532       13403.874         648.840
       73005.716       13471.036         456.639
       74790.289       13305.694         323.546
       76811.504       13349.111         187.963
       78769.928       13302.055          70.939
       80000.000       13265.306           0.000
           0.000       14285.715           0.000
        2099.643       14089.970         114.754
        4266.593       14209.042         239.419
        5315.561       14377.633         308.533
        7212.758       14317.454         437.547
        9252.386       14449.425         600.969
       11383.643       14038.756        1114.609
       13266.580       14042.183        1418.923
       15027.485       14259.826        1427.471
       17120.179       14520.408        1547.939
       18047.700       14525.465        1218.861
       20062.440       14373.024         663.885
       22297.306       14094.426         460.722
       26076.309       14260.475        1484.239
       29184.925       14340.562         879.038
       30533.725       14257.912         409.806
       32433.039       14457.168         578.286
       34250.984       14452.839        1101.978
       36577.539       14063.950        1526.175
       38650.485       14528.698         774.199
       40629.860       14504.872         535.542
       42400.894       14392.218        1064.370
       45354.731       14103.351         814.953
       46556.838       14403.911        1209.451
       48718.487       14519.001         878.907
       50600.452       14397.809         524.931
       52678.973       14151.858         662.867
       54625.801       14524.915        1112.604
       56871.517       14517.272        1453.411
       58484.918       14296.418        1218.409
       60660.400       14043.365         647.500
       62941.744       14502.992        1187.966
       63640.882       14486.459        1411.243
       66678.968       14176.025        1610.320
       67872.652       14465.422        1234.937
       69866.578       14340.440         828.516
       72115.870       14285.413         906.075
       74171.334       14445.768         783.611
       76051.181       14446.419         560.280
       76896.475       14380.707         485.219
       79106.520       14235.983         296.281
       80000.000       14285.715           0.000
           0.000       15306.123           0.000
        2245.017       15253.785         568.912
        4023.112       15170.604         512.174
        4847.247       15143.462         638.212
        7068.902       15119.978         633.111
        9316.643       15383.860         941.352
       10921.460       15322.405         841.391
       12974.239       15493.644        1223.128
       15249.057       15394.115        1745.565
       17426.395       15259.019        1464.245
       19215.726       15232.663         889.084
       20436.120       15333.903        1037.251
       22265.524       15330.140         513.423
       23185.553       15281.957         915.431
       24194.686       15217.619         984.547
       26378.873       15320.244        1539.628
       28206.554       15067.423        1076.078
       31342.678       15228.483         877.435
       33658.694       15412.067         741.959
       35398.880       15297.042        1405.566
       37365.640       15120.498        1456.419
       41716.527       15337.771         939.383
       43425.635       15276.602        1406.859
       45641.032       15140.091         925.580
       51679.037       15235.510        1004.843
       53804.432       15071.489        1043.424
       56677.340       15544.060        1438.496
       58876.519       15244.291         851.475
       60719.784       15225.500         799.461
       62795.058       15264.838        1476.789
       65883.894       15429.384        1740.941
       68922.503       15490.951        1350.657
       70811.421       15547.813        1067.607
       73024.677       15419.829         978.191
       74961.829       15530.679         963.869
       79046.613       15539.070         288.444
       80000.000       15306.123           0.000
           0.000       16326.530           0.000
         935.831       16095.129         238.076
        2911.184       16107.654         792.807
        6305.689       16199.445         862.951
        8078.383       16377.155         786.708
       11257.273       16456.286         893.750
       13151.051       16343.192        1289.945
       14993.334       16501.849        1539.405
       17414.313       16169.570        1555.361
       19286.378       16200.834        1386.391
       20002.467       16100.390        1222.072
       21064.445       16548.811         626.738
       23355.530       16323.131         983.755
       24143.703       16402.412        1088.573
       26084.463       16263.603        1521.274
       27535.375       16515.418        1515.714
       28155.004       16461.289        1173.509
       30370.924       16124.814         473.933
       31498.700       16205.054         898.078
       32438.116       16575.533        1200.271
       34384.313       16078.019         876.924
       36409.760       16090.637        1570.302
       37606.419       16430.699        1226.815
       39724.907       16073.891         633.288
       41667.629       16504.712        1284.035
       42736.036       16173.149        1563.442
       44742.546       16364.172        1154.276
       45791.173       16155.136        1414.254
       47396.990       16115.861        1229.112
       49604.262       16305.610         634.984
       52643.156       16265.585         961.420
       54543.075       16438.881        1495.183
       55862.094       16542.833        1703.491
       57642.070       16335.043        1181.090
       59572.409       16565.409        1306.488
       61611.363       16131.269        1263.168
       64684.391       16549.017        1530.413
       66680.417       16487.205        1386.869
       68852.487       16388.436        1370.448
       69789.163       16119.758        1034.613
       71655.072       16350.127         708.523
       76060.563       16111.510         622.291
       77966.230       16277.892         344.949
       80000.000       16326.530           0.000
           0.000       17346.939           0.000
         877.778       17173.449         207.189
        3040.873       17148.079         750.487
        5102.530       17326.001         446.867
        7301.519       17380.647         473.406
        8241.045       17582.212         745.791
        9899.124       17561.233         859.250
       11047.203       17556.928         540.130
       13012.777       17157.895         921.775
       15011.930       17564.360        1305.821
       18035.268       17483.606        1553.025
       19412.985       17231.656        1073.777
       21222.643       17497.350         703.764
       23057.367       17097.255         645.590
       25311.235       17421.274        1361.560
       27146.669       17113.192        1544.229
       29602.039       17444.604         540.677
       30550.119       17421.030         561.843
       31403.049       17447.688         919.236
       33426.988       17184.301        1263.486
       35414.155       17416.620        1343.964
       37665.139       17222.128        1223.936
       39259.851       17124.582         710.346
       40691.110       17288.720         954.372
       42728.709       17399.328        1574.504
       44765.279       17390.097        1385.521
       46761.555       17359.086        1487.428
       47812.513       17384.736         889.313
       49591.432       17234.388         725.426
       50809.482       17219.225         891.808
       52580.453       17266.620        1153.498
       54704.702       17222.877        1712.136
       56540.314       17176.950        1762.683
       58744.732       17208.310        1327.537
       62937.444       17264.825        1623.018
       64812.466       17182.642        1354.202
       65604.778       17344.962        1056.541
       68066.731       17344.846        1000.128
       69657.154       17579.860        1145.894
       72150.779       17315.937         732.649
       72796.182       17457.113         539.944
       73964.358       17322.802         424.575
       76197.030       17474.880         250.539
       78151.934       17139.970         117.787
       80000.000       17346.939           0.000
           0.000       18367.347           0.000
        2214.865       18152.500         603.154
        4034.498       18206.835         153.778
        5877.810       18227.481         223.399
        9092.086       18314.268         390.953
       10905.330       18139.157         476.114
       13163.576       18549.731         804.445
       14967.900       18361.346        1499.582
       16331.797       18484.561        1771.914
       19428.798       18550.289        1073.586
       21479.600       18479.769         853.507
       23084.285       18170.286        1035.181
       24073.406       18588.970         818.391
       26471.224       18387.459        1269.707
       28323.576       18479.730         851.118
       29215.559       18591.787         598.079
       31204.765       18434.210         659.709
       32443.996       18470.140        1091.727
       34497.844       18337.333        1604.742
       35532.009       18422.799        1811.576
       36306.803       18296.775        1700.047
       37687.484       18461.486        1280.793
       38689.091       18388.090         867.712
       40461.387       18589.367        1083.895
       42624.000       18402.097        1550.121
       44469.272       18330.012        1780.002
       46473.931       18485.641        1792.598
       47689.113       18451.337        1062.943
       49604.360       18272.056         923.066
       50411.999       18350.195         988.939
       52701.361       18530.637        1467.206
       54588.278       18518.016        1784.230
       56749.718       18589.900        2048.401
       60811.963       18173.202        1739.814
       62648.673       18516.549        1436.283
       64020.193       18161.347        1158.015
       64742.501       18396.340         954.124
       66751.701       18166.149         718.969
       70867.632       18563.727         873.816
       73074.467       18484.211         810.652
       74720.699       18355.436         576.945
       76733.823       18419.409         620.936
       78920.472       18433.339         210.975
       80000.000       18367.347           0.000
           0.000       19387.755           0.000
        2106.640       19239.020          74.824
        4005.240       19472.287         579.846
        5273.471       19636.713         703.225
        7272.213       19406.397         296.272
        8933.038       19432.861         796.874
       10154.504       19523.765         947.090
       12381.778       19316.258         597.051
       14022.824       19459.082        1101.504
       16391.868       19297.645        1713.967
       18043.554       19273.707        1767.574
       20295.125       19539.871        1312.990
       22371.623       19485.009        1323.108
       24458.433       19498.424        1262.970
       26441.173       19143.044        1301.106
       28113.636       19442.006         696.899
       30567.124       19482.547        1101.695
       32640.890       19243.067         863.458
       34239.996       19444.180        1534.371
       36650.014       19399.542        1859.096
       38505.096       19607.129        1078.348
       40546.871       19290.071        1351.867
       42366.206       19522.805        1679.640
       44680.669       19273.438        2085.277
       46574.514       19226.686        1563.191
       47452.810       19421.475        1318.918
       49739.965       19467.311        1258.377
       51714.515       19621.032        1473.796
       52757.342       19177.288        1651.704
       54786.554       19261.762        2061.184
       56914.629       19444.123        2150.779
       57589.427       19238.501        2022.393
       58904.446       19167.610        1997.913
       61935.795       19559.522        1133.304
       64755.015       19471.093        1020.169
       66607.041       19270.375         561.931
       67608.506       19446.417         470.577
       68911.942       19143.772         620.404
       71042.881       19272.754         542.597
       72954.668       19480.498         751.236
       74015.177       19593.212         970.619
       76943.142       19327.183         790.442
       78791.432       19478.127         348.107
       80000.000       19387.755           0.000
           0.000       20408.164           0.000
        3063.424       20455.762         680.527
        4012.498       20153.235         915.090
        6277.416       20206.980         722.923
        6885.493       20511.367         480.752
        9167.273       20657.556         677.430
       11259.337       20231.711        1056.303
       13310.689       20639.353         725.692
       15042.983       20219.929        1223.415
       16321.737       20609.170        1600.112
       18322.948       20221.491        1611.496
       20436.821       20419.739        1640.808
       21167.550       20446.236        1614.693
       23323.778       20411.650        1143.576
       25243.254       20596.634        1484.569
       27524.291       20616.797         870.313
       30208.047       20266.411         838.095
       32330.231       20621.712        1344.943
       33425.732       20506.510        1172.922
       35462.070       20527.440        1927.524
       37227.540       20183.657        1562.168
       38641.035       20349.751        1253.893
       40564.059       20326.002        1739.583
       42421.365       20531.169        2028.122
       46480.385       20641.535        1852.389
       49723.057       20461.999        1666.699
       51553.426       20258.242        1670.592
       53755.315       20661.436        2106.821
       55535.002       20561.987        2492.023
       57675.226       20518.405        2055.452
       59524.071       20209.444        1898.966
       60765.926       20373.692        1512.153
       62757.415       20204.019         924.731
       64988.774       20635.404         617.187
       66885.404       20622.415         433.196
       68821.426       20440.792         353.963
       70947.763       20394.661         282.159
       74941.485       20174.973         774.762
       77203.145       20614.603         723.420
       78994.382       20579.401         439.869
       80000.000       20408.164           0.000
           0.000       21428.572           0.000
        2087.556       21368.026         360.874
        2806.050       21206.571         514.797
        4286.276       21233.760         890.607
        6103.923       21593.584         953.900
        7115.819       21210.505         657.435
        9153.272       21660.065        1088.053
        9992.391       21362.346        1010.364
       11986.990       21342.320        1159.554
       15233.387       21225.290        1206.771
       17373.451       21609.977        1995.911
       19087.748       21623.811        2039.606
       21413.238       21627.671        1966.488
       23291.311       21210.741        1307.734
       25518.687       21189.024        1434.929
       27245.115       21198.331         993.913
       29468.594       21297.126        1174.144
       31230.352       21592.329        1157.962
       33439.345       21311.962        1668.782
       34348.746       21305.429        1508.292
       36379.879       21381.235        1980.956
       38239.521       21465.019        1748.104
       40445.480       21598.324        1992.134
       41590.388       21329.532        2169.739
       42314.707       21183.248        2294.971
       44372.115       21194.604        2395.766
       46789.269       21674.484        2090.743
       47424.777       21324.632        1815.090
       51767.357       21341.871        2085.529
       53858.583       21539.127        2465.497
       55897.366       21270.802        2483.827
       57622.262       21617.230        2137.544
       59731.902       21470.787        1522.200
       61583.261       21415.480         998.282
       63820.878       21541.399         612.993
       64929.548       21236.463         543.022
       66855.052       21515.847         623.536
       68935.419       21624.922         802.587
       70648.832       21654.586         670.049
       73067.466       21181.608         199.500
       75078.373       21185.199         514.120
       77194.797       21617.254         520.453
       79015.424       21209.282         206.450
       80000.000       21428.572           0.000
           0.000       22448.979           0.000
        2180.226       22447.220         339.175
        3797.509       22270.095         662.133
        5297.307       22590.165        1117.678
        8140.158       22599.679        1113.210
       10236.230       22301.097        1310.507
       12269.807       22351.985        1409.616
       14076.037       22278.257        1015.780
       16010.492       22258.873        1516.540
       17274.496       22660.734        2117.287
       21060.990       22354.992        2229.436
       22030.099       22546.300        1913.057
       24511.546       22264.472        1847.536
       26247.838       22676.865        1632.584
       27534.383       22370.880        1515.924
       29354.359       22303.420        1451.468
       31499.973       22546.513        1461.934
       33495.318       22354.235        1933.447
       34390.137       22459.717        2140.904
       36352.044       22194.773        2157.114
       39623.284       22490.175        2175.482
       41638.859       22587.085        2450.360
       43439.052       22627.779        2341.809
       44476.649       22459.640        2305.663
       46661.857       22517.165        2069.680
       50534.949       22563.644        2255.455
       51888.059       22391.101        2105.327
       55521.468       22621.545        2493.271
       57777.097       22443.681        2219.331
       58889.730       22323.582        1888.053
       60546.089       22444.203        1203.064
       62542.463       22303.176         732.537
       64992.023       22549.383        1091.088
       67606.939       22241.808        1084.070
       68981.267       22663.899         939.106
       70769.959       22321.487         707.666
       73087.182       22502.937         216.527
       74816.103       22521.861         132.334
       77039.025       22627.303          75.479
       78758.345       22509.958          31.649
       80000.000       22448.979           0.000
           0.000       23469.388           0.000
         830.802       23586.258         213.794
        1823.728       23563.348         551.343
        4233.938       23599.819         707.223
        6240.026       23411.487         852.280
        9070.904       23595.813         829.767
       11356.183       23431.936        1294.689
       12110.170       23666.995        1055.942
       14351.370       23307.293        1439.821
       17054.058       23385.725        1856.570
       19270.234       23606.622        1894.147
       21063.362       23393.025        2164.089
       23184.200       23336.810        2051.820
       25356.970       23599.152        2137.656
       27587.144       23270.590        1966.684
       29195.751       23358.471        1806.810
       30230.889       23283.544        1706.158
       31274.460       23295.486        1841.273
       33417.521       23522.990        2266.975
       34654.443       23556.007        2533.660
       37633.722       23603.276        2405.439
       40645.838       23418.628        2443.251
       42442.430       23701.380        2220.409
       44364.428       23401.596        2073.204
       46497.595       23624.136        1703.936
       48378.283       23317.291        2063.833
       50530.913       23390.275        1962.037
       52883.798       23336.449        2198.340
       54586.131       23314.881        2284.599
       56754.788       23509.791        2297.007
       58935.755       23448.039        1723.150
       60725.165       23722.860        1248.317
       62897.093       23668.907        1234.164
       63584.516       23235.475        1146.872
       65987.542       23304.536        1068.614
       67761.566       23501.681         950.284
       69985.726       23456.116         384.302
       71053.457       23255.913         326.071
       73083.439       23591.344         648.507
       73731.171       23559.961         620.609
       75088.021       23345.622         403.978
       77793.704       23598.836         512.854
       80000.000       23469.388           0.000
           0.000       24489.796           0.000
        3117.882       24394.148         454.804
        5112.969       24616.551         686.980
        6129.276       24372.451         563.596
        8115.594       24276.063         634.870
       10130.247       24485.174         881.802
       11909.532       24376.159         876.066
       14255.286       24478.915        1394.117
       16326.704       24275.496        1714.663
       18415.134       24500.146        1724.291
       19084.541       24670.632        1476.690
       21473.481       24633.379        2116.699
       23122.528       24290.309        2458.599
       24499.143       24664.832        2459.594
       26172.989       24455.971        2152.125
       28421.185       24476.237        2293.424
       30561.497       24626.496        2102.558
       31501.111       24363.501        2247.546
       33432.091       24709.818        2191.257
       35445.478       24375.518        2460.002
       36643.290       24247.424        2311.001
       38695.652       24395.362        2472.475
       39613.824       24687.512        2489.881
       41298.998       24553.573        2129.766
       43776.284       24271.975        1879.406
       44801.124       24630.579        1656.298
       47375.870       24624.579        1533.711
       49491.132       24664.692        1772.861
       51632.885       24656.872        1424.345
       53642.758       24320.466        1914.438
       54708.615       24337.064        2061.274
       56579.558       24522.727        2298.221
       58664.877       24308.748        1909.001
       60795.350       24739.792        1707.821
       62715.162       24269.363        1490.157
       64828.680       24343.249         921.479
       66935.391       24236.019         614.995
       68058.958       24656.546         524.956
       70064.736       24728.177         836.632
       72086.141       24661.744         909.825
       73885.056       24669.602         782.743
       76096.409       24430.967         562.360
       78018.125       24566.035         421.841
       80000.000       24489.796           0.000
           0.000       25510.204           0.000
        2229.545       25267.597          97.380
        4074.131       25576.996         180.824
        6008.585       25413.813         354.272
        6862.339       25300.836         447.065
        9234.692       25468.414         632.257
       11345.841       25333.977         699.866
       13212.393       25310.478         972.178
       15304.270       25328.036        1476.698
       16237.694       25711.717        1271.642
       17186.353       25372.828        1306.305
       18993.350       25583.770        1223.672
       20381.178       25582.367        1758.015
       21089.979       25317.210        2200.212
       22475.901       25431.403        2442.864
       24252.315       25641.983        2443.604
       26428.506       25517.404        2420.186
       30147.613       25438.923        2267.027
       32549.228       25687.221        2404.998
       33483.614       25728.308        2210.507
       35529.003       25655.047        1623.802
       37271.789       25267.838        2052.884
       38538.787       25497.962        2222.167
       40514.989       25677.946        2051.948
       41736.776       25524.618        1890.611
       42730.178       25473.151        1587.957
       44631.251       25409.689        1380.548
       46519.975       25539.777        1012.722
       48476.797       25658.450        1359.216
       49481.386       25478.424        1694.932
       51605.156       25666.109        1138.227
       53886.106       25341.749        1674.278
       54912.042       25351.496        1872.519
       56822.973       25654.343        2240.624
       57866.996       25277.935        2303.370
       59955.280       25563.025        2212.528
       61819.642       25634.433        1837.947
       63928.200       25282.142        1166.257
       65032.968       25485.339        1024.485
       66812.174       25706.386         999.465
       67713.205       25492.500         738.378
       69939.140       25485.007         867.429
       71675.944       25284.178         655.707
       73681.144       25761.691         445.256
       75811.369       25391.649         288.644
       78027.947       25357.307         133.489
       80000.000       25510.204           0.000
           0.000       26530.612           0.000
        2207.159       26595.687         565.187
        4161.425       26508.205         492.940
        5923.986       26601.192         295.754
        8275.485       26392.058         433.480
        9179.924       26386.109         495.491
       10141.163       26506.350         562.007
       12125.127       26693.448        1107.379
       13194.392       26455.588        1321.473
       15441.012       26346.460        1074.514
       17201.633       26469.252         854.037
       19135.659       26613.530        1527.433
       21514.689       26365.221        2173.182
       22195.843       26289.716        2085.145
       24470.810       26601.238        2072.992
       25137.213       26277.195        2342.665
       27409.503       26308.002        2257.734
       29552.930       26738.561        2024.142
       30147.022       26701.617        1833.622
       32213.697       26425.996        2120.727
       33421.965       26474.991        2041.991
       34377.854       26726.866        1908.076
       36275.227       26553.973        1440.729
       38392.900       26643.547        1916.391
       40593.319       26389.504        1764.952
       42475.460       26740.530        1431.038
       44549.280       26658.509         981.173
       46524.284       26699.858         789.809
       48732.422       26340.917        1473.020
       49807.489       26328.913        1624.510
       53857.840       26717.181        1236.433
       55476.218       26307.872        1785.966
       59974.671       26306.727        2227.710
       61737.284       26758.013        2149.205
       62582.749       26379.797        1781.817
       63604.073       26712.015        1578.075
       65967.405       26440.879        1375.704
       67753.876       26400.181        1053.062
       69994.471       26745.525        1118.418
       71971.018       26719.822         701.401
       73875.985       26518.384         692.302
       75720.937       26486.618         687.987
       80000.000       26530.612           0.000
           0.000       27551.019           0.000
        1991.890       27779.541         315.337
        2812.450       27330.924         545.694
        4972.243       27697.154         714.071
        7003.820       27639.047         626.921
        9027.183       27664.637         818.198
       10910.725       27458.925        1090.907
       13264.055       27457.426        1116.315
       15317.017       27316.424         647.012
       17142.059       27717.923         990.156
       18997.548       27640.255        1430.775
       21404.379       27324.908        1988.869
       23195.339       27694.866        1451.357
       25176.725       27722.285        1936.774
       27352.281       27458.412        1679.295
       29441.814       27771.253        1494.197
       31198.844       27770.478        1895.922
       33598.403       27700.164        1606.392
       35432.298       27299.740        1153.818
       36299.533       27404.954        1095.230
       38377.420       27805.785        1591.739
       40308.188       27754.566        2008.228
       42513.086       27685.596        1133.122
       46411.033       27497.250         699.038
       47640.166       27592.439        1090.994
       49574.736       27616.929        1278.960
       51689.999       27541.094         767.853
       53749.245       27507.544        1286.471
       54765.286       27380.597        1496.228
       55486.404       27771.398        1581.696
       58533.251       27361.806        1988.372
       60753.402       27786.771        1842.531
       62880.485       27418.452        1950.395
       64999.152       27654.322        1747.347
       67775.183       27620.605        1523.526
       68888.043       27328.790        1397.519
       69853.208       27376.670        1356.920
       71081.589       27351.487        1046.782
       72838.453       27782.053         735.374
       75084.898       27343.731         467.429
       76940.769       27699.957         256.976
       78784.524       27780.401         100.875
       80000.000       27551.019           0.000
           0.000       28571.430           0.000
        1980.499       28788.584         582.666
        3192.896       28650.901         720.807
        4852.508       28709.597         760.067
       10327.812       28517.977         695.202
       11038.753       28589.416         704.234
       13257.419       28479.675         728.050
       15153.398       28720.324         557.503
       16073.577       28649.049         648.466
       18114.512       28657.540        1354.670
       20271.909       28516.348        1836.195
       22356.196       28361.366        1615.825
       24542.928       28691.399        1751.316
       25418.169       28541.591        1640.893
       27125.459       28351.366        1458.416
       29142.766       28477.212        1156.736
       30452.212       28321.868        1382.836
       31277.937       28776.675        1740.200
       33372.973       28529.307        1760.028
       34358.198       28610.523        1218.704
       36395.773       28461.725         834.099
       38564.792       28665.307        1389.311
       39627.879       28430.146        1733.189
       41578.952       28502.101        1700.805
       42325.343       28582.195        1445.037
       44798.487       28746.138         650.616
       46642.374       28435.117         612.710
       47495.035       28787.359         975.135
       49608.897       28620.917        1031.995
       51607.849       28535.345         686.193
       53847.285       28688.160        1018.202
       55812.738       28609.093        1864.691
       57669.044       28707.912        1898.672
       59741.510       28365.745        1687.572
       61875.606       28797.330        1775.136
       64733.623       28658.631        1793.497
       65993.130       28373.602        1700.052
       66649.249       28351.152        1580.873
       68929.778       28638.045        1133.241
       70750.987       28814.115        1007.444
       73012.465       28803.459        1098.117
       73987.324       28816.989         783.718
       75136.704       28359.772         544.387
       77189.962       28761.270         541.623
       79003.028       28393.133         324.394
       80000.000       28571.430           0.000
           0.000       29591.838           0.000
        3008.860       29740.190         619.143
        5244.773       29354.506         410.495
        6928.988       29743.957         533.678
        8344.536       29541.142         654.421
       10185.211       29605.695         343.725
       10905.264       29558.827         370.638
       13129.804       29385.984         457.443
       15216.554       29833.281         971.248
       17258.556       29359.905         872.304
       19111.728       29449.738        1400.871
       21029.051       29396.837        1513.151
       23053.205       29405.408         983.602
       25429.424       29695.923        1568.769
       27097.628       29599.575        1064.052
       29351.169       29445.360         931.623
       31400.774       29446.521        1502.691
       33520.634       29562.568        1449.974
       35543.595       29400.190         839.390
       36305.827       29789.604         713.447
       37304.405       29793.785        1094.450
       39731.005       29605.696        1331.229
       40659.127       29645.423        1643.460
       42359.901       29794.707        1670.449
       44358.684       29616.588        1058.720
       46460.495       29712.453         523.744
       47842.004       29675.581         950.449
       50550.668       29770.909        1051.915
       52830.584       29562.324         747.739
       53627.116       29764.010        1280.266
       55622.067       29764.574        1530.406
       57576.835       29430.460        1760.602
       59935.908       29691.086        1172.820
       63976.487       29364.342        1667.717
       65741.765       29472.385        1219.173
       66927.614       29532.244        1113.636
       68891.442       29791.520         686.893
       70764.203       29445.277         751.161
       72672.901       29528.340         968.046
       77915.172       29643.334         589.712
       80000.000       29591.838           0.000
           0.000       30612.245           0.000
         816.074       30362.759         213.529
        4842.750       30525.909         150.057
        6954.002       30646.288         215.250
        9013.502       30830.465         281.765
       10990.911       30377.037         615.380
       13128.561       30700.121        1048.637
       14300.499       30664.493         671.299
       15986.085       30788.945        1152.252
       17998.389       30631.959        1490.813
       20343.827       30400.480        1358.444
       21153.844       30818.954        1076.161
       23059.053       30654.270         807.056
       26375.571       30611.403        1204.314
       27482.521       30674.428         861.876
       30191.847       30534.561        1065.318
       35585.804       30592.495         946.332
       38574.762       30777.855         835.030
       39448.160       30857.652        1125.842
       41486.722       30762.507        1549.226
       42747.811       30578.365        1526.702
       44559.016       30823.610         963.750
       46712.022       30411.679         495.168
       47670.302       30575.489         819.875
       49723.342       30468.065         708.198
       51771.376       30384.832         565.555
       53707.742       30720.920         985.240
       55893.888       30577.255        1767.514
       57480.722       30433.990        1901.356
       58709.270       30644.777        1255.859
       59635.865       30464.743         942.155
       61652.506       30575.670        1509.077
       63025.078       30387.408        1708.175
       64974.686       30765.935        1176.672
       67037.921       30733.133         730.592
       68989.148       30403.610         560.852
       71008.194       30470.737         431.766
       72913.430       30503.353         603.513
       74945.298       30713.283         469.116
       76005.442       30576.494         491.648
       77817.658       30576.418         588.737
       80000.000       30612.245           0.000
           0.000       31632.653           0.000
        2194.516       31672.674          63.589
        2879.252       31496.893          84.394
        5136.909       31436.737         430.479
        7159.546       31379.917         346.270
        9109.713       31379.029         587.996
       10083.503       31598.614         376.219
       12178.276       31591.331         652.780
       14317.458       31419.046        1098.824
       15225.656       31850.205        1020.415
       19443.175       31731.604        1525.985
       21232.283       31419.756         873.283
       23482.504       31541.117        1021.854
       25329.214       31640.709        1311.262
       27388.625       31886.291         704.728
       29430.498       31765.343         653.309
       31373.291       31637.951        1168.037
       32628.423       31495.444        1623.127
       34358.240       31756.305        1326.187
       35215.669       31726.692         971.228
       37665.385       31757.331         630.173
       39733.844       31493.173        1040.655
       41553.181       31486.413        1547.122
       43485.429       31851.400        1372.600
       44570.652       31531.699         979.553
       46607.729       31716.464         447.605
       51851.043       31783.909         599.053
       53625.717       31751.023        1123.429
       55462.287       31659.433        1563.830
       56687.788       31498.503        1695.607
       57841.668       31589.007        1539.203
       59608.802       31400.633         811.158
       60973.239       31559.303        1119.744
       62726.443       31466.311        1559.843
       64771.826       31650.089        1453.635
       66648.473       31460.920         881.915
       68002.100       31497.971        1136.168
       70045.574       31855.760         737.942
       71695.584       31792.543         350.323
       73144.509       31633.075         283.259
       74986.974       31691.785         202.932
       76843.144       31797.857         124.126
       78759.278       31716.898          48.073
       80000.000       31632.653           0.000
           0.000       32653.061           0.000
        2908.735       32707.912         388.365
        4882.440       32500.747         767.621
        6153.817       32551.005         888.550
        7120.987       32700.731         907.872
        9053.517       32426.093         693.158
       10947.995       32739.506         540.678
       13327.906       32667.952         941.537
       14967.742       32680.589        1368.431
       17081.956       32397.966        1599.750
       18226.437       32671.019        1793.590
       20479.963       32828.016        1200.210
       22413.443       32437.283         619.602
       24505.147       32571.858        1145.039
       26249.859       32887.824         985.908
       29571.488       32863.440         998.380
       31331.273       32629.753        1361.050
       33288.942       32695.571        1555.738
       34625.920       32455.475        1393.274
       36276.467       32759.496         925.854
       37558.039       32539.663         549.482
       39472.833       32656.318         738.712
       40484.826       32884.573        1066.002
       42501.330       32480.923        1657.793
       43689.149       32894.213        1409.943
       45649.236       32490.756         857.959
       47704.576       32727.905         876.249
       49517.727       32630.205         822.073
       52643.193       32800.099         994.028
       53436.861       32881.828        1327.416
       55818.349       32767.856        1645.851
       57914.504       32499.187        1243.116
       59728.159       32615.651         697.078
       61562.882       32859.392        1046.408
       63552.235       32859.958        1600.593
       65840.011       32846.019        1469.631
       67914.029       32820.406        1214.609
       69669.127       32499.369         621.427
       72788.048       32704.675         609.571
       75160.099       32583.693         533.543
       77867.939       32880.212         551.141
       80000.000       32653.061           0.000
           0.000       33673.468           0.000
        3039.979       33847.058         640.683
        4813.020       33617.392         700.821
        6237.579       33683.862         791.259
       10002.861       33816.446        1021.189
       11981.869       33709.691         791.841
       14096.378       33673.440        1443.018
       16383.021       33703.651        1702.060
       18279.846       33762.464        1614.796
       20163.735       33712.666        1285.385
       21403.568       33608.206         866.877
       23067.236       33909.569         529.133
       25256.629       33582.739         944.373
       26222.036       33820.298         666.768
       28517.079       33639.010         519.321
       30551.419       33819.010        1016.633
       32164.949       33701.242        1486.647
       34634.175       33454.199        1554.421
       35528.877       33744.679        1343.983
       36572.517       33780.476        1031.139
       38241.862       33895.341         492.554
       39571.528       33655.721         846.375
       40695.379       33449.798        1275.191
       42390.321       33913.682        1510.547
       43382.003       33784.910        1377.152
       45769.252       33466.693         678.004
       46578.696       33537.811         387.144
       48750.018       33553.604         939.574
       50548.299       33676.188         415.426
       51837.475       33850.637         592.492
       53589.708       33659.869        1182.011
       55661.085       33841.418        1520.146
       57849.551       33886.698        1268.410
       59839.135       33890.310         613.376
       61883.383       33842.347        1243.821
       63734.483       33524.048        1687.991
       66844.650       33885.771        1637.934
       67965.557       33738.120        1179.053
       69975.997       33670.177         923.911
       74114.308       33878.687         927.791
       76164.029       33866.801         753.046
       77785.409       33444.623         618.509
       80000.000       33673.468           0.000
           0.000       34693.879           0.000
        2206.197       34497.078         187.985
        4248.740       34607.174         376.443
        5973.794       34543.221         563.804
        8005.985       34903.904         855.868
       10346.798       34636.833        1313.809
       12339.316       34465.379        1152.954
       13068.687       34620.181        1367.690
       15007.466       34933.765        1629.841
       17093.859       34532.805        1187.905
       19225.792       34896.321        1593.422
       21016.846       34477.584        1270.466
       22360.926       34889.521         882.786
       24418.937       34910.115         449.330
       26535.315       34761.855         430.811
       28517.759       34727.748         777.155
       33431.407       34643.806        1056.877
       35586.061       34479.164        1231.619
       36390.904       34938.057         968.746
       38730.336       34901.855         688.251
       40638.304       34942.333        1221.785
       43702.980       34534.626         944.087
       45680.269       34870.881         459.795
       47801.340       34824.597         535.430
       48483.842       34816.462         339.785
       50790.479       34790.629         877.571
       52898.349       34861.798        1211.318
       54517.190       34938.643        1439.853
       56685.146       34515.202        1155.410
       58741.367       34458.818         997.417
       59663.517       34557.875         576.737
       61723.023       34754.035        1061.218
       63582.471       34787.279        1272.723
       64564.503       34460.166        1509.130
       67893.485       34852.743        1497.500
       70041.434       34680.853        1079.889
       71038.277       34493.790        1148.496
       72907.227       34608.443         758.524
       75989.985       34870.489         892.169
       76777.304       34551.078         679.469
       79065.822       34696.343         176.441
       80000.000       34693.879           0.000
           0.000       35714.287           0.000
        1909.301       35889.498         523.912
        3863.045       35836.079         745.346
        5003.656       35805.389         900.122
        6860.519       35668.488         982.173
        9353.672       35823.545        1015.246
       11140.021       35704.184        1590.315
       13279.992       35786.472        1412.016
       14993.190       35745.932        1286.219
       17360.164       35884.112         859.833
       19105.058       35903.759        1269.630
       21234.087       35764.217        1355.169
       23160.383       35957.332         811.899
       25380.127       35854.277         374.457
       26098.532       35966.735         601.904
       28371.802       35953.758        1131.247
       30336.275       35670.990        1420.032
       32402.669       35675.998        1285.887
       34328.774       35963.761         811.136
       36317.002       35888.798         699.653
       37687.968       35689.500         429.984
       38727.580       35627.717         820.532
       40450.122       35569.434        1294.366
       42304.519       35697.231        1203.908
       44721.299       35917.367        1069.346
       46599.612       35574.999         323.750
       49809.213       35906.474         689.822
       51417.853       35519.670        1151.983
       55686.306       35858.128         969.911
       58729.211       35540.318         715.836
       60945.376       35797.707         720.501
       63976.900       35465.812        1112.488
       66045.607       35666.965        1276.301
       68009.237       35579.172        1467.429
       68922.697       35488.499        1054.600
       69646.185       35593.011         906.751
       71665.957       35741.001         618.139
       73868.687       35598.348         409.905
       75058.398       35640.820         569.456
       78956.027       35509.600         362.462
       80000.000       35714.287           0.000
           0.000       36734.694           0.000
        1956.037       36929.900         111.417
        4095.718       36987.740         477.881
        4973.703       36492.284         837.533
        7172.803       36554.170         581.406
        8300.792       36693.327         753.703
        8883.659       36703.570        1037.797
       11000.782       36641.287        1455.136
       13319.964       36698.939        1065.688
       15267.969       36703.905        1025.604
       17381.157       36955.455         736.693
       19146.932       36761.851         921.833
       21041.385       36666.210        1439.979
       22094.311       36648.788        1224.138
       24275.233       36566.967         377.577
       26199.129       36798.763         613.021
       27270.247       36922.713        1036.412
       29196.000       36777.301        1210.018
       31226.776       36820.126        1536.884
       33535.320       36917.523        1044.147
       35438.316       36966.123         660.127
       37498.736       36663.681         398.769
       39653.701       36943.017         856.830
       41612.579       36694.164        1249.747
       43411.796       36756.052         727.509
       45809.458       36610.344         804.990
       47782.082       36935.953         271.377
       49845.252       36735.247         868.843
       51428.996       36524.059        1227.670
       52907.695       36989.341        1304.072
       54596.522       36541.395        1198.474
       56920.064       36491.077         775.773
       59514.498       36654.734         470.828
       64883.090       36930.367         830.145
       68849.226       36598.796        1338.592
       70854.421       36842.816        1035.962
       72957.679       36910.263         537.777
       74842.347       36554.464         301.440
       77078.152       36971.898         161.163
       79137.868       36817.912          46.794
       80000.000       36734.694           0.000
           0.000       37755.102           0.000
        1912.010       37534.276         277.001
        3864.807       37668.846         236.358
        5853.012       37732.659         366.212
        8016.268       37677.808         642.424
       10326.102       37616.977        1029.964
       12178.775       37598.334        1395.083
       14210.078       37999.671         729.421
       16378.635       37981.042         716.775
       18215.214       37743.954         623.548
       20043.747       37546.896        1065.324
       21289.083       37844.997        1408.424
       23119.311       37818.492         693.263
       25416.442       37660.585         312.046
       27338.803       38005.188         757.729
       29174.324       37718.875         806.277
       31473.967       37826.591        1457.585
       33638.811       37625.724        1065.631
       34525.714       37847.983         669.717
       36278.463       37646.861         877.189
       38599.344       37835.422         580.947
       39374.645       37615.263         823.715
       41620.862       37787.460        1173.443
       43793.668       37515.632         618.072
       45621.353       37679.136        1031.972
       46457.691       37735.431         683.331
       49677.812       37753.387         951.129
       52596.823       37622.037        1121.193
       54487.693       37861.922        1253.772
       56733.035       37598.092         625.606
       57894.101       37508.566         925.884
       58843.728       37781.773         943.288
       60973.753       37638.645         393.393
       61680.306       37717.746         639.118
       63589.892       37733.581         595.181
       65578.907       37923.639        1143.247
       67748.058       37502.530        1260.278
       70894.064       37847.092        1101.841
       72121.752       37850.699         732.898
       74157.420       37682.800         671.007
       75940.677       37921.237         629.685
       77820.544       37754.857         554.692
       80000.000       37755.102           0.000
           0.000       38775.510           0.000
        1214.780       38746.725         445.351
        3251.138       38991.637         727.481
        4055.255       38864.197         748.162
        6233.886       38840.937         510.485
        8253.769       38986.220         909.653
       10263.656       38923.690        1415.670
       12139.713       38853.946        1228.474
       14199.695       38715.744         642.650
       16286.744       38887.814         593.616
       18459.206       39022.798         521.717
       19155.243       39022.822         614.542
       21421.353       38625.260        1194.727
       23531.217       38683.732         664.659
       24264.971       38523.335         441.246
       26396.344       38621.799         393.951
       27293.517       38708.189         477.953
       29379.615       38763.800        1037.378
       33448.564       38751.119        1153.044
       35469.377       38736.231         494.635
       37364.164       38569.304         340.619
       39389.032       38875.103         689.867
       40643.386       39005.060        1233.304
       42631.044       38857.635         733.636
       43650.523       38841.868         482.210
       45790.392       38730.438         794.107
       47396.470       38942.970         229.375
       48709.455       38565.006         619.824
       50722.139       38989.352        1092.085
       53521.561       38912.441         863.293
       55645.662       38690.493        1059.104
       57605.323       38645.263         520.808
       59746.411       38719.697         793.567
       60896.822       38951.505         339.844
       62803.573       39019.852         471.595
       64887.098       38542.938         876.906
       66609.318       38885.673        1317.217
       67613.962       38526.014        1216.764
       69058.176       38798.572         832.830
       69931.621       38613.713        1144.150
       71834.872       38905.522        1189.905
       74015.071       38703.493         953.138
       74739.582       38908.833         790.147
       76746.269       38607.811         717.330
       78971.820       38571.043         386.017
       80000.000       38775.510           0.000
           0.000       39795.917           0.000
        1146.263       39620.193         132.149
        3154.745       40009.104         391.751
        5036.413       39580.819         914.634
        6230.671       39870.830         860.683
        8032.725       39567.166        1122.228
       11263.408       39815.718        1570.494
       12950.684       39787.380        1227.597
       15323.441       39591.703         510.672
       17296.338       39875.540         427.979
       19331.932       40018.989         971.780
       20413.831       39871.877        1192.401
       22127.095       39713.799        1008.151
       24217.431       39993.119         582.546
       25183.352       39575.950         261.612
       27155.263       39730.344         823.429
       28162.078       39945.592        1030.690
       30231.077       39943.573        1440.565
       32321.491       39963.933        1322.397
       34195.981       39766.896         945.829
       35386.265       39650.877         801.335
       36668.034       39685.583         391.478
       38397.856       39835.549         291.670
       40730.095       39740.808         975.144
       42627.998       39781.159         888.926
       44580.719       39838.649         364.249
       46433.987       40016.576         405.074
       48632.477       39843.860         511.115
       50700.127       40021.161        1214.313
       52668.939       39681.041         972.774
       54684.545       39696.368        1033.957
       56645.415       39741.377         758.592
       57856.390       39765.754         440.277
       59816.641       39913.230         716.329
       61924.377       39659.893         400.385
       62646.475       39944.620         702.665
       64937.683       39792.667        1138.237
       66824.028       39729.837         990.353
       68904.318       39962.284         650.152
       70867.630       39766.220        1229.408
       72016.297       39814.283        1296.244
       74039.228       40047.448        1085.954
       76151.813       39820.346         496.117
       77901.300       39802.158         248.153
       80000.000       39795.917           0.000
           0.000       40816.328           0.000
        3011.963       40783.363         689.969
        5267.288       40625.044         741.050
        6960.860       40708.322        1213.759
        9231.350       40854.729        1059.747
       11190.767       40783.098        1205.158
       11919.238       40659.013        1319.628
       13947.082       40706.944        1015.951
       16232.735       40919.542         373.512
       17088.702       40712.180         380.173
       19096.861       40967.608         804.872
       21194.428       40921.681        1125.070
       23237.171       40976.748         511.528
       26349.968       41053.104         593.730
       28207.209       41037.084         920.486
       30549.688       41022.581        1099.741
       33441.393       40804.497        1334.367
       34326.222       41024.974        1271.138
       36688.209       41002.435         700.289
       38389.814       40708.735         266.493
       40422.760       40787.920         624.763
       42597.630       40991.551         826.905
       44533.431       40850.432         281.153
       46737.988       40635.001         192.407
       48777.721       40601.208         761.413
       51582.211       40621.804        1156.262
       53807.737       40817.552         616.090
       55917.085       40624.442        1147.798
       58918.413       40639.400         350.865
       60765.856       40753.769         268.110
       61936.164       40809.651         327.983
       63965.387       40722.558        1106.727
       64797.073       40739.438        1360.743
       66993.382       41017.676         697.535
       69859.203       40727.065         979.708
       70698.951       40823.497        1271.896
       73071.441       40720.191        1227.411
       75156.648       40785.141         649.440
       80000.000       40816.328           0.000
           0.000       41836.736           0.000
        1970.282       41708.364         213.004
        4080.436       41860.783         745.549
        6017.791       41921.240        1175.698
        7227.908       41654.388        1176.432
        8900.744       42033.482         819.049
       10896.371       41733.671         913.803
       13201.732       41752.465         816.058
       14379.294       41910.359         830.389
       16205.084       41778.954         307.318
       18261.878       41918.071         846.014
       21182.899       41625.078         910.969
       23247.379       42032.783         334.764
       25353.416       41652.440         211.262
       27218.535       41705.699         775.309
       28407.521       42032.633         772.188
       30397.649       41601.551         937.330
       32446.867       41644.159         849.775
       34289.675       41822.178        1152.628
       36541.001       41873.633         775.290
       38425.306       41739.904         239.627
       43783.858       41986.078         572.971
       44789.215       41714.299         217.513
       46439.077       41715.783         169.912
       47585.746       41908.262         338.835
       49481.720       41974.351        1074.364
       51413.768       41832.239        1035.701
       53661.740       41772.308         530.880
       55642.535       41905.671         980.049
       57808.118       42069.312         908.291
       58495.014       42015.137         707.013
       60572.476       42010.994         218.699
       62817.713       41682.439         680.853
       66674.294       41631.873         906.130
       68678.540       42083.413         441.469
       71013.776       41720.900         944.365
       71750.084       41855.723         756.742
       73755.375       41744.850         789.149
       75070.879       41704.735         543.274
       76161.158       41702.656         356.248
       77782.752       41685.143         189.245
       80000.000       41836.736           0.000
           0.000       42857.143           0.000
        3168.119       42919.951         484.062
        5032.133       42625.644        1085.990
        8079.368       42930.849         993.871
        9981.641       43097.169         655.895
       12344.425       43070.378        1089.022
       14044.055       42697.858         544.874
       16282.701       42706.545         267.673
       18376.837       42832.056         830.347
       20498.863       43026.755        1204.570
       22409.376       42769.807         694.672
       24172.747       43079.497         166.924
       25313.991       42714.603         509.908
       27256.950       43015.812         961.283
       29519.332       42947.544         629.906
       31437.014       42655.134        1141.309
       33344.892       42850.350         631.399
       35422.629       42695.704         979.078
       39694.175       42849.798         664.734
       40446.320       42799.188         711.899
       42591.146       42743.826         957.232
       44449.410       43064.890         338.648
       45410.105       42640.096         142.457
       47351.813       43086.454         670.558
       49611.312       42952.205         941.547
       52661.745       42990.175         684.393
       53697.848       42670.181         463.505
       58597.807       42810.895         785.808
       60701.870       43032.666         189.642
       62717.780       42718.384         780.322
       63805.126       42676.145        1024.069
       65732.265       42908.996        1202.787
       67912.654       42779.591         551.198
       70086.245       42946.160         648.053
       71130.654       42633.295         572.808
       72677.409       42816.090        1056.437
       74929.562       42738.582         692.104
       77171.999       42630.981         501.360
       79184.613       42886.657         226.716
       80000.000       42857.143           0.000
           0.000       43877.551           0.000
        2112.854       43797.195         609.682
        3275.810       43987.237         866.797
        5062.332       43979.343        1084.179
        7198.135       43913.948         566.353
        9098.080       43843.527         546.070
       11092.373       44006.911         768.608
       14167.044       44058.824         795.874
       16158.245       43862.928         219.877
       18044.269       43877.662         605.491
       20135.855       43908.616        1142.291
       22488.977       43997.386         636.329
       24314.312       44043.572         144.239
       26130.344       43696.558         762.274
       28159.480       43973.781         522.531
       30572.340       43773.965         866.515
       32531.808       43957.016         877.907
       34439.090       44078.652         450.561
       38684.770       43781.362         187.646
       40428.380       44125.044         409.180
       42556.872       43794.263         937.014
       44608.162       43922.351         409.690
       45811.563       44061.114         114.493
       47790.718       44009.621         718.455
       50637.686       43844.171        1116.844
       52785.603       44033.595         585.790
       53544.779       44070.073         366.356
       55683.536       43876.526         850.783
       57616.027       44077.570        1035.090
       59842.145       43990.709         355.513
       60766.572       43890.939         165.693
       61803.776       43742.331         559.692
       63574.616       43953.948         705.694
       65614.086       43667.495        1152.645
       66852.725       43844.391        1075.888
       67747.868       43846.108         823.834
       70022.784       44062.306         325.011
       71774.948       43817.936         752.571
       74026.142       43978.433        1165.514
       75175.271       43844.911        1086.148
       76964.345       43937.350         757.815
       79022.483       44027.991         298.578
       80000.000       43877.551           0.000
           0.000       44897.959           0.000
        1071.141       45116.553         163.167
        3159.281       44929.197         582.967
        3947.116       44999.184         839.956
        6255.917       45068.542         816.710
        8103.074       45099.974         347.316
       10023.818       44943.302         400.187
       12346.605       44744.438        1039.357
       14301.240       44818.824         755.934
       17024.738       44672.128         628.824
       19296.810       44925.201        1142.884
       21171.991       44824.783         717.152
       23091.293       45020.613         600.949
       24404.511       44657.176         129.966
       26090.760       44659.802         620.843
       27434.747       44863.165         863.482
       29287.022       45139.602         338.330
       30350.757       44701.374         524.658
       33557.439       45035.761         487.745
       35337.635       44877.642         605.326
       37434.588       44828.415         521.899
       38481.810       44968.450         157.488
       40422.032       44813.236         296.979
       42650.908       44682.107         888.073
       45446.898       44963.120         516.078
       47715.050       44657.746         551.035
       49566.957       44712.028        1030.956
       51798.166       44887.773         832.209
       53713.174       45069.302         305.337
       55543.791       44931.414         740.587
       57971.842       44887.814         997.171
       59658.795       45067.156         518.397
       60822.317       44864.277         138.728
       61733.594       44660.657         465.394
       64778.708       45135.095         906.566
       65751.193       44690.003         816.952
       67070.901       44941.568        1019.703
       69731.910       44746.727         252.436
       71806.952       45012.766         796.537
       73817.683       44872.804        1127.065
       75034.509       44662.373        1146.035
       76720.293       44850.746         758.945
       78915.020       44742.287         167.662
       80000.000       44897.959           0.000
           0.000       45918.366           0.000
        1788.535       46106.297         578.224
        4283.904       46015.435        1049.342
        6964.133       45901.917         799.658
        8971.033       46159.313         236.956
       10233.194       46063.391         609.295
       12259.572       46171.463         752.065
       14128.384       46018.354         695.085
       16017.838       45745.895         149.678
       18220.414       46080.946         696.265
       20055.272       46147.882         828.226
       22229.834       45868.791         485.720
       24140.034       45725.039         461.032
       25279.357       46011.965          92.994
       27169.731       46076.173         808.629
       29247.306       45842.033         286.278
       32152.626       45848.831         966.468
       34352.129       45667.790         300.274
       35269.394       45973.237         714.926
       37445.262       45736.235         471.725
       39704.077       46049.479         116.974
       41575.240       46050.864         676.928
       42730.806       46139.102         817.028
       44565.953       45711.535         604.365
       46557.365       45707.896          80.546
       47780.404       46084.220         487.513
       48636.006       45813.552         968.785
       50659.455       45778.731         555.954
       51824.255       46029.585         737.711
       53635.387       45843.684         261.040
       55663.594       45774.569         834.780
       57695.622       45927.156         900.597
       59762.853       46051.791         414.828
       61656.455       46126.720         272.399
       63937.520       45989.547        1019.539
       65574.975       45846.780         543.885
       67935.278       45984.153         712.927
       69780.881       45852.075         196.452
       71770.863       45758.421         879.478
       75008.614       45666.491         660.343
       76933.318       45843.275         862.503
       78888.872       45690.090         342.300
       80000.000       45918.366           0.000
           0.000       46938.777           0.000
        1127.096       46807.162         204.524
        2842.228       46977.736         712.483
        5140.651       46734.582         732.441
        7116.915       47128.179         606.601
        8997.708       46734.915         202.398
       11127.812       47174.136         822.492
       13186.637       46817.027         509.077
       13950.935       47059.788         702.040
       16149.363       46868.352         109.242
       18123.874       46813.924         671.453
       20099.311       47143.064         542.002
       22314.878       47113.305         320.088
       23253.065       47169.083         669.925
       25141.239       47093.322          68.225
       26528.862       46785.484         547.752
       28377.610       46796.554         557.540
       29441.602       46797.945         218.671
       30176.721       47064.331         397.630
       31362.258       47062.963         892.721
       33266.945       47082.491         427.619
       35353.995       46989.585         465.648
       39717.846       46939.613          95.292
       41564.253       47064.201         587.220
       44349.787       46842.710         832.129
       46468.595       46800.385          60.099
       48437.546       47098.511         626.257
       50647.922       47136.908         330.735
       52887.409       46828.749         194.030
       53716.248       46947.350         412.479
       55931.192       46871.666         651.312
       57576.158       46738.584         629.171
       58916.747       46993.614         777.066
       60548.375       46796.736          86.122
       62727.381       46757.886         676.270
       64604.310       46831.250         939.508
       66981.220       47004.893         440.868
       67698.503       46747.601         716.012
       69668.659       46879.250         146.448
       70707.449       46768.568         440.244
       72991.254       46944.986         672.665
       74948.141       47093.301         757.769
       75789.788       46710.057         424.584
       77893.642       46963.078         714.686
       80000.000       46938.777           0.000
           0.000       47959.185           0.000
        1787.442       48014.028         563.980
        4250.278       47959.612         306.778
        5062.616       47963.234         610.514
        8995.263       48201.500         120.049
       10939.950       48097.763         673.472
       13321.917       48107.538         273.716
       16448.322       48152.748          63.418
       18293.731       47752.301         638.149
       22081.617       47857.506         229.064
       24089.721       47721.217         517.315
       26505.408       47853.523         656.415
       28516.982       48162.344         351.894
       29382.145       47936.215         145.339
       31267.562       48008.425         698.559
       32254.149       47963.920         649.498
       34491.024       47813.531         140.116
       36559.667       47840.104         636.232
       37707.662       47743.762         734.273
       40326.057       48086.317          63.831
       42598.648       47958.514         352.147
       44584.719       48048.759         639.306
       46685.889       47710.513          42.695
       48768.881       48002.019         668.222
       50588.609       47897.521         233.128
       52480.149       47902.697         385.019
       53690.197       48002.388         118.502
       54705.734       48168.900         455.104
       56692.576       47748.052         309.664
       58711.312       47957.759         652.340
       60987.262       47849.236          55.793
       63739.632       48107.614         589.355
       65045.688       47886.618         535.764
       66594.505       47746.150         236.212
       68956.659       47973.011         507.182
       70042.406       47761.757         101.571
       71777.304       48090.121         308.721
       72776.912       48001.499         622.274
       74744.575       47920.780         648.953
       75986.274       48040.328         224.071
       78096.417       47842.046         576.907
       80000.000       47959.185           0.000
           0.000       48979.592           0.000
        2240.879       48961.424         306.163
        4159.235       48786.135         168.481
        6263.199       48757.133         370.979
        8095.078       48838.480          60.250
       10104.505       49097.048         441.767
       12106.644       48989.425         327.549
       13013.810       48833.593         160.032
       14981.109       48937.711         283.382
       17106.344       48905.499         420.485
       18064.356       49038.181         374.601
       19177.699       48832.542         173.192
       21327.401       48915.441         360.438
       22287.911       48763.783         126.806
       24483.229       49157.938          19.369
       26511.701       49033.644         300.505
       28533.052       49083.579          56.074
       30420.356       49172.846         212.099
       32389.925       49173.567         198.836
       34365.945       49210.388          49.497
       35350.486       48833.495         433.628
       37603.618       49014.989         241.560
       39279.106       48914.036         334.815
       41643.031       48933.864          25.937
       42748.738       48848.588         185.960
       44798.963       49112.605         317.380
       46523.136       49009.589          18.400
       48773.331       49167.519         280.481
       50495.262       48819.763         124.761
       52824.656       48891.872          55.339
       54785.868       49166.008         336.916
       56609.478       49006.373         122.258
       58521.653       49226.428         336.520
       61011.246       49125.449          23.126
       62704.854       48825.755         349.918
       64779.279       49210.692         159.916
       66701.986       48884.581         110.566
       68949.468       48725.388         422.818
       69799.427       49128.807          38.857
       71763.644       49001.821         149.835
       74092.743       48998.473         338.791
       75738.230       49023.202         103.490
       77852.305       48745.846         502.887
       80000.000       48979.592           0.000
           0.000       50000.000           0.000
        1012.658       50000.000           0.000
        2025.317       50000.000           0.000
        3037.975       50000.000           0.000
        4050.633       50000.000           0.000
        5063.291       50000.000           0.000
        6075.949       50000.000           0.000
        7088.608       50000.000           0.000
        8101.266       50000.000           0.000
        9113.924       50000.000           0.000
       10126.582       50000.000           0.000
       11139.240       50000.000           0.000
       12151.898       50000.000           0.000
       13164.557       50000.000           0.000
       14177.215       50000.000           0.000
       15189.873       50000.000           0.000
       16202.532       50000.000           0.000
       17215.190       50000.000           0.000
       18227.848       50000.000           0.000
       19240.507       50000.000           0.000
       20253.165       50000.000           0.000
       21265.824       50000.000           0.000
       22278.481       50000.000           0.000
       23291.140       50000.000           0.000
       24303.796       50000.000           0.000
       25316.455       50000.000           0.000
       26329.114       50000.000           0.000
       27341.771       50000.000           0.000
       28354.430       50000.000           0.000
       29367.089       50000.000           0.000
       30379.746       50000.000           0.000
       31392.405       50000.000           0.000
       32405.064       50000.000           0.000
       33417.721       50000.000           0.000
       34430.380       50000.000           0.000
       35443.039       50000.000           0.000
       36455.696       50000.000           0.000
       37468.355       50000.000           0.000
       38481.014       50000.000           0.000
       39493.670       50000.000           0.000
       40506.330       50000.000           0.000
       41518.989       50000.000           0.000
       42531.648       50000.000           0.000
       43544.302       50000.000           0.000
       44556.961       50000.000           0.000
       45569.620       50000.000           0.000
       46582.279       50000.000           0.000
       47594.938       50000.000           0.000
       48607.593       50000.000           0.000
       49620.252       50000.000           0.000
       50632.911       50000.000           0.000
       51645.570       50000.000           0.000
       52658.229       50000.000           0.000
       53670.888       50000.000           0.000
       54683.542       50000.000           0.000
       55696.201       50000.000           0.000
       56708.860       50000.000           0.000
       57721.519       50000.000           0.000
       58734.179       50000.000           0.000
       59746.838       50000.000           0.000
       60759.492       50000.000           0.000
       61772.151       50000.000           0.000
       62784.810       50000.000           0.000
       63797.469       50000.000           0.000
       64810.128       50000.000           0.000
       65822.783       50000.000           0.000
       66835.442       50000.000           0.000
       67848.101       50000.000           0.000
       68860.760       50000.000           0.000
       69873.419       50000.000           0.000
       70886.078       50000.000           0.000
       71898.732       50000.000           0.000
       72911.391       50000.000           0.000
       73924.050       50000.000           0.000
       74936.709       50000.000           0.000
       75949.368       50000.000           0.000
       76962.028       50000.000           0.000
       77974.682       50000.000           0.000
       78987.341       50000.000           0.000
       80000.000       50000.000           0.000
       72898.532        2611.758         496.665
        7147.256        2729.875         698.033
       76935.169        9794.886         339.359
       76864.198       10318.475         189.961
       23296.469        3916.889         457.954
       62693.326       45467.590         430.609
       76156.094       21866.488         357.758
       75927.564       22574.582         103.855
       76063.523       22986.462         246.941
       15213.824        3287.040         447.492
       37531.867       43307.763         443.985
       69031.913       43349.686         349.016
       15070.176       43182.239         380.550
       49659.929       46497.853         663.576
       27371.980        7746.627         911.582
       26802.924        8153.095         703.055
       71975.595       21473.186         234.794
       72007.615       20788.134         474.479
       70903.676       32420.181         453.040
       71098.777       33094.969         715.319
       71066.536       32175.506         421.712
       72175.468       33099.598         824.945
       35489.641        7278.757         601.066
       30648.593       10526.005         297.185
       30200.078        9621.938         690.182
       57224.803       40967.461         840.660
       62880.484       36231.584         805.125
       12183.161       27962.381        1035.848
       48566.313       13256.279         827.063
       67772.442       15788.390        1504.037
       38519.117       46969.012         452.365
       50585.750       32169.155         468.614
       65944.043        9183.616         782.454
       24293.859       30243.096        1381.292
       44694.905       33558.457         983.636
       44729.201       33180.453        1119.503
       36527.606       31652.474         609.597
       36625.595       31174.913         633.163
       60913.452       10736.830         840.601
       60308.006       11156.212         487.256
       57798.539       17873.792        1624.935
       58167.080       18223.406        1712.785
       20177.809       27506.563        1844.665
       43542.830       28250.318         844.722
       43342.014       29099.391        1119.458
       15507.750        4484.784         595.976
       29239.630       15481.685         758.177
       56811.768       27750.708        2113.446
       56484.085       27228.501        2008.775
       43671.732       20016.996        2206.387
       43652.334       18837.767        1920.766
       60277.931       19135.000        1858.814
       26183.823       26926.619        2016.629
       58902.381       29213.114        1430.942
CELLS       4252     17008
         3         0         1        80
         3        81         1         2
         3        81         2         3
         3        82         3         4
         3        82         4         5
         3        83         5         6
         3        83         6         7
         3        84         7         8
         3        85         8         9
         3        85         9        10
         3        86        10        11
         3        86        11        12
         3        84        83         7
         3        88        14        15
         3        89        15        16
         3       129        10        86
         3        91        18        19
         3        85        84         8
         3        91        19        20
         3        92        20        21
         3        92        21        22
         3        93        22        23
         3        87        86        12
         3        91        90        18
         3        94        25        26
         3        95        26        27
         3        95        27        28
         3        82        81         3
         3        96        29        30
         3        97        30        31
         3        97        31        32
         3        98        32        33
         3        99        33        34
         3        99        34        35
         3       100        35        36
         3       100        36        37
         3        97        96        30
         3       102        40        41
         3        88        87        13
         3       141        99       100
         3       104        44        45
         3       105        45        46
         3       102       101        39
         3       139        32        98
         3       106        48        49
         3       107        49        50
         3       107        50        51
         3       108        51        52
         3       101       100        37
         3       109        52        53
         3        83        82         5
         3       109        53        54
         3       145        41       103
         3       105       104        45
         3       109       108        52
         3       149        49       107
         3        93        92        22
         3       114        61        62
         3       152        56       111
         3       115        64        65
         3       106       105        47
         3       116        65        66
         3       116        66        67
         3       108       107        51
         3       117        67        68
         3       131        15        89
         3       112       111        58
         3       117        68        69
         3       118        69        70
         3       134        91        92
         3       114       113        61
         3       121        75        76
         3       122        76        77
         3       122        77        78
         3       123        78        79
         3       115       114        63
         3       113       112        60
         3        94        93        24
         3       136        93        94
         3       125         1        81
         3        96        28        29
         3        92        91        20
         3       127        82        83
         3       125       124        80
         3        87        12        13
         3        88        13        14
         3       128        84        85
         3       126        81        82
         3        89        16        17
         3        90        17        18
         3       130        86        87
         3       100        99        35
         3       103        41        42
         3       132        89        90
         3        90        89        17
         3      2202        84       128
         3       126       125        81
         3        93        23        24
         3        94        24        25
         3       154       112       113
         3       120        72        73
         3       113        60        61
         3       110       109        54
         3       135        92        93
         3        95        94        26
         3        96        95        28
         3       138        96        97
         3        99        98        33
         3       102        39        40
         3       139        97        32
         3       181        96       138
         3       101        37        38
         3       101        38        39
         3       103        42        43
         3       104        43        44
         3       142       100       101
         3       105        46        47
         3       106        47        48
         3       145       102        41
         3       143       142       101
         3       186       141       142
         3       104       103        43
         3       110        54        55
         3       110        55        56
         3       147       105       106
         3       112        58        59
         3       112        59        60
         3       192       108       150
         3       144       143       102
         3       132       131        89
         3       172       130        87
         3       111        56        57
         3       111        57        58
         3       151       109       110
         3       114        62        63
         3       115        63        64
         3       119        70        71
         3       119        71        72
         3       153       111       112
         3       120        73        74
         3       121        74        75
         3       154       153       112
         3       116       115        65
         3       158       116       117
         3       159       117       118
         3       117       116        67
         3       118       117        69
         3       160       118       119
         3       152       151       110
         3       187       143       144
         3       185       184       140
         3       119       118        70
         3       120       119        72
         3       121       120        74
         3       162       161       121
         3       162       121       122
         3       122       121        76
         3       164        78       123
         3       161       120       121
         3       168       125       126
         3       134       133        91
         3       129       128        85
         3       130       129        86
         3       125        80         1
         3      2202        83        84
         3       129        85        10
         3       139       138        97
         3       127       126        82
         3       168       126       127
         3       173        87        88
         3       133        90        91
         3       137        94        95
         3       171       128       129
         3       173        88       131
         3       131        88        15
         3       135       134        92
         3       171       170       128
         3       171       129       130
         3       133       132        90
         3       172       171       130
         3       140        98        99
         3       181        95        96
         3       177       134       135
         3       173       172        87
         3      2210       132       174
         3       136       135        93
         3       137       136        94
         3       213       171       172
         3       141       140        99
         3       142       141       100
         3       182       138       139
         3      2246      2210       216
         3       156       155       114
         3       140       139        98
         3       143       101       102
         3       146       103       104
         3       145       144       102
         3       192       107       108
         3       146       104       105
         3       189       144       145
         3       149       106        49
         3       148       147       106
         3       194       109       151
         3       146       145       103
         3       187       142       143
         3       180       179       137
         3       222       180       181
         3       147       146       105
         3       150       108       109
         3       149       148       106
         3       152       110        56
         3       191       148       149
         3       192       149       107
         3      2205       136       178
         3       154       113       114
         3       155       154       114
         3       195       151       152
         3       153       152       111
         3       191       190       148
         3       156       114       115
         3       157       115       116
         3       240       154       155
         3       235       192       150
         3      2201       119       120
         3       157       156       115
         3       158       157       116
         3       199       198       156
         3       201       158       159
         3       198       197       156
         3       201       159       160
         3       159       158       117
         3       160       159       118
         3       224       183       184
         3      2201       120       161
         3       164       122        78
         3       163       162       122
         3       204       162       163
         3       164       163       122
         3       165       164       123
         3       217       133       175
         3       255       170       213
         3      2202       170       212
         3       167       124       125
         3       167       166       124
         3       168       167       125
         3       169       168       127
         3       211       168       169
         3       210       167       168
         3      2202       169       127
         3      2210       174       216
         3       174       132       133
         3       176       133       134
         3       176       175       133
         3       177       176       134
         3       180       137        95
         3       183       139       140
         3       219       176       177
         3       214       172       173
         3      2201       203       245
         3      2205       135       136
         3       178       136       137
         3       226       186       187
         3       187       186       142
         3      2205       178       220
         3       179       178       137
         3       185       140       141
         3       181       180        95
         3       223       138       182
         3       183       182       139
         3       225       185       186
         3       188       187       144
         3       224       182       183
         3       184       183       140
         3      2205       263       262
         3       260       217       218
         3       260       218       219
         3       209       208       167
         3       229       145       146
         3       186       185       141
         3       231       147       190
         3       190       147       148
         3       233       149       192
         3       276       191       233
         3       270       184       225
         3       189       188       144
         3       226       225       186
         3       214       213       172
         3       204       161       162
         3       205       163       164
         3       230       229       146
         3      2246       215      2210
         3       235       150       193
         3       195       194       151
         3       193       150       109
         3       194       193       109
         3       197       155       156
         3       236       194       195
         3       237       152       153
         3       196       153       154
         3       233       191       149
         3       238       153       196
         3       232       231       190
         3       227       226       187
         3       240       239       196
         3       199       156       157
         3       200       157       158
         3       241       198       199
         3       207       164       165
         3       200       199       157
         3       201       200       158
         3       243       200       201
         3       242       199       200
         3       228       227       188
         3       202       201       160
         3      2201       202       160
         3       246       203       204
         3      2201       245       202
         3       204       203       161
         3       205       204       163
         3       206       205       164
         3       248       205       206
         3       272       227       228
         3       207       206       164
         3       271       225       226
         3       252       210       168
         3       252       168       211
         3       210       209       167
         3       208       166       167
         3      2210       215       173
         3       256       213       214
         3      2202       212       169
         3       213       170       171
         3       251       209       210
         3       254       169       212
         3       254       211       169
         3       217       174       133
         3       215       214       173
         3       217       216       174
         3       231       230       146
         3       219       175       176
         3       220       178       179
         3       218       217       175
         3       229       189       145
         3       219       218       175
         3       256       255       213
         3       221       179       180
         3       221       220       179
         3       298       254       255
         3       223       181       138
         3       266       180       222
         3       264       220       221
         3       255       254       212
         3       225       184       185
         3       223       222       181
         3       267       222       223
         3       224       223       182
         3       227       187       188
         3       228       188       189
         3       238       237       153
         3       280       279       237
         3       234       233       192
         3       278       235       236
         3       266       265       221
         3       265       264       221
         3       261       260       219
         3       229       228       189
         3       231       146       147
         3       232       190       191
         3       236       235       194
         3       275       231       232
         3       274       230       231
         3       235       193       194
         3       235       234       192
         3       277       233       234
         3       316       229       230
         3       237       195       152
         3       240       196       154
         3       241       197       198
         3       237       236       195
         3       244       201       202
         3       283       240       155
         3       281       237       238
         3       277       276       233
         3       308       266       267
         3       303       217       260
         3       239       238       196
         3       283       155       197
         3       284       197       241
         3       247       204       205
         3       242       241       199
         3       286       241       242
         3       282       281       239
         3       305       262       263
         3       300       256       214
         3       243       242       200
         3       287       201       244
         3       289       202       245
         3       288       244       202
         3       249       206       207
         3       246       245       203
         3       290       245       246
         3       328       243       287
         3       247       246       204
         3       248       247       205
         3       292       206       249
         3       292       248       206
         3       322       281       282
         3       301       257       258
         3       252       251       210
         3       251       208       209
         3       251       250       208
         3       255       212       170
         3       253       252       211
         3       257       214       215
         3       254       253       211
         3       266       221       180
         3       297       253       254
         3       296       252       253
         3       259       216       217
         3       300       214       257
         3       261       219       177
         3       258       257       215
         3       264       263       220
         3      2246       259       302
         3       312       271       272
         3       262       261       177
         3       305       261       262
         3       304       260       261
         3       267       266       222
         3       268       267       223
         3       303       259       217
         3      2205       262       177
         3      2246       302       258
         3       269       223       224
         3       270       224       184
         3       309       267       268
         3       307       264       265
         3       269       268       223
         3       270       269       224
         3       272       271       226
         3       311       269       270
         3       308       265       266
         3       295       294       251
         3       272       226       227
         3       273       228       229
         3       273       272       228
         3       271       270       225
         3       275       274       231
         3       313       272       273
         3       316       230       274
         3       276       232       191
         3       309       308       267
         3       276       275       232
         3       318       234       278
         3       317       274       275
         3       278       234       235
         3       279       236       237
         3       358       276       277
         3       312       311       270
         3       321       280       281
         3       320       236       279
         3       320       278       236
         3       387       310       311
         3       281       238       239
         3       281       280       237
         3       282       239       240
         3       284       283       197
         3       287       243       201
         3       283       282       240
         3       324       283       284
         3       327       242       243
         3       285       284       241
         3       325       284       285
         3       361       279       321
         3       348       263       306
         3       329       244       288
         3       286       285       241
         3       289       288       202
         3       291       247       248
         3       365       285       326
         3       327       286       242
         3       291       246       247
         3       331       245       290
         3       331       289       245
         3       291       290       246
         3       329       328       287
         3       332       331       290
         3       292       291       248
         3       293       292       249
         3       330       329       288
         3       338       297       298
         3       337       296       297
         3       296       295       251
         3       296       251       252
         3       294       250       251
         3       300       299       256
         3       301       300       257
         3       299       255       256
         3       297       296       253
         3       342       300       301
         3       298       297       254
         3       336       295       296
         3       339       255       299
         3       306       263       264
         3       302       301       258
         3       346       303       304
         3       376       299       340
         3       345       259       303
         3       304       303       260
         3       310       268       269
         3       305       304       261
         3       337       336       296
         3       340       299       300
         3       339       298       255
         3       317       316       274
         3       311       310       269
         3       313       312       272
         3       307       306       264
         3       348       305       263
         3       358       275       276
         3       308       307       265
         3       392       315       316
         3       352       309       310
         3       312       270       271
         3       310       309       268
         3       323       322       282
         3       351       308       309
         3       350       307       308
         3       378       341       342
         3       355       313       314
         3       315       314       273
         3       315       273       229
         3       314       313       273
         3       318       277       234
         3       320       319       278
         3       316       315       229
         3       355       354       313
         3       322       321       281
         3       356       314       315
         3       353       312       313
         3       359       277       318
         3       319       318       278
         3       356       355       314
         3       346       345       303
         3       321       279       280
         3       323       282       283
         3       361       320       279
         3       326       285       286
         3       364       283       324
         3       363       322       323
         3       359       358       277
         3       330       288       289
         3       325       324       284
         3       403       324       325
         3       364       323       283
         3       329       287       244
         3       327       326       286
         3       366       326       327
         3       328       327       243
         3       406       327       328
         3       349       348       306
         3       332       290       291
         3       331       330       289
         3       368       329       330
         3       333       291       292
         3       334       292       293
         3       410       332       369
         3       333       332       291
         3       369       332       333
         3       362       361       321
         3       334       333       292
         3       377       340       341
         3       339       338       298
         3       383       305       348
         3       343       342       301
         3       335       294       295
         3       336       335       295
         3       343       301       302
         3       338       337       297
         3       374       337       338
         3       373       336       337
         3       384       348       349
         3       385       384       349
         3       341       340       300
         3       342       341       300
         3       345       302       259
         3       347       304       305
         3       380       343       344
         3       374       373       337
         3       344       343       302
         3       418       341       378
         3       349       306       307
         3       345       344       302
         3       347       346       304
         3       381       345       346
         3       376       339       299
         3      2215       308       351
         3       358       357       317
         3       350       349       307
         3       354       353       313
         3       383       347       305
         3       416       338       375
         3      2223       312       389
         3       370       333       334
         3       389       312       353
         3       386       309       352
         3       381       380       344
         3       392       316       357
         3       397       319       320
         3       390       353       354
         3       420       379       380
         3       403       325       365
         3       357       316       317
         3       358       317       275
         3       362       321       322
         3       391       355       356
         3       392       356       315
         3       360       318       319
         3       397       320       361
         3       394       358       359
         3       426       352       387
         3       376       375       339
         3       421       381       382
         3       396       318       360
         3       365       325       285
         3       364       363       323
         3       399       361       362
         3       400       362       363
         3       394       393       357
         3       363       362       322
         3       367       328       329
         3       368       330       331
         3       403       364       324
         3       404       326       366
         3       406       328       367
         3       403       402       364
         3       368       367       329
         3       410       331       332
         3       406       405       366
         3       405       404       366
         3       399       398       361
         3       396       395       318
         3       411       333       370
         3       371       370       334
         3       422       347       383
         3       429       389       353
         3       375       338       339
         3       372       335       336
         3       414       336       373
         3       379       342       343
         3       419       378       379
         3       385       349       350
         3       417       375       376
         3       416       374       338
         3       377       376       340
         3       381       344       345
         3       379       378       342
         3       382       346       347
         3       380       379       343
         3       382       381       346
         3      2216       350      2215
         3      2216      2215       425
         3       466       351       386
         3       427       387       388
         3       420       380       381
         3       422       382       347
         3       415       414       373
         3       423       348       384
         3       386       351       309
         3       387       352       310
         3      2223       389       388
         3       388       387       311
         3       429       353       390
         3       391       390       354
         3       423       422       383
         3       391       354       355
         3       394       357       358
         3       395       359       318
         3       431       390       391
         3       435       359       395
         3       432       356       392
         3       431       430       390
         3       432       391       356
         3       424       423       384
         3       502       421       462
         3       393       392       357
         3       397       360       319
         3       401       363       364
         3       435       394       359
         3       419       418       378
         3       398       397       361
         3       397       396       360
         3       438       396       397
         3       455       416       417
         3       429       428       389
         3       404       365       326
         3       441       399       400
         3       443       365       404
         3       400       399       362
         3       401       400       363
         3       441       400       401
         3       437       436       396
         3       440       398       399
         3       455       374       416
         3       402       401       364
         3       406       366       327
         3       408       367       368
         3       407       406       367
         3      2233       405       444
         3       443       403       365
         3       461       420       381
         3       409       368       331
         3       411       369       333
         3       445       406       407
         3       408       407       367
         3       409       408       368
         3       447       446       407
         3       446       445       407
         3       410       409       331
         3       412       370       371
         3       411       410       369
         3       412       411       370
         3       450       411       412
         3       456       376       377
         3       415       373       374
         3       414       372       336
         3       414       413       372
         3       417       416       375
         3       457       377       418
         3       418       377       341
         3       423       383       348
         3       453       452       414
         3       465       424       425
         3       420       419       379
         3       461       381       421
         3       458       418       419
         3       492       452       453
         3       439       438       397
         3       462       382       422
         3       464       422       423
         3      2225       386       426
         3       445       444       405
         3       424       384       385
         3       426       386       352
         3       428       388       389
         3       467       387       427
         3       428       427       388
         3      2216       424       385
         3       513       429       430
         3       464       463       422
         3       457       456       377
         3      2203       410       411
         3       432       431       391
         3       436       395       396
         3       430       429       390
         3       512       428       429
         3       472       431       432
         3       433       432       392
         3       468       427       428
         3       498       457       458
         3       433       392       393
         3       434       393       394
         3       474       393       434
         3       435       434       394
         3       472       432       433
         3       549       506       507
         3       439       397       398
         3       438       437       396
         3       475       434       435
         3       436       435       395
         3       475       435       436
         3       480       401       402
         3       441       440       399
         3       445       405       406
         3       477       438       439
         3       476       437       438
         3       440       439       398
         3       442       402       403
         3       481       402       442
         3       478       477       439
         3       443       442       403
         3      2233       482       443
         3       523       440       479
         3       479       440       441
         3       515       514       470
         3       458       457       418
         3      2233       444       483
         3       447       407       408
         3       448       447       408
         3       484       445       446
         3       448       408       409
         3       449       409       410
         3       486       447       448
         3       480       479       441
         3       449       448       409
         3       489       411       450
         3       486       485       447
         3       459       458       419
         3       510       427       468
         3       454       453       415
         3       452       451       413
         3       452       413       414
         3       453       414       415
         3       455       415       374
         3       455       454       415
         3       494       493       454
         3       492       453       454
         3       456       417       376
         3       496       417       456
         3       460       419       420
         3       461       460       420
         3       465       464       423
         3      2224       426       467
         3       473       472       433
         3       500       459       460
         3       496       495       455
         3       460       459       419
         3       493       492       454
         3       462       421       382
         3       465       423       424
         3       502       461       421
         3       463       462       422
         3       503       462       463
         3       466       425       351
         3       507       425       466
         3       505       464       465
         3       467       426       387
         3       469       468       428
         3       474       433       393
         3       471       470       431
         3       505       504       464
         3       498       497       457
         3       504       463       464
         3       580       495       496
         3       470       430       431
         3       512       511       469
         3       512       469       428
         3       487       448       449
         3       520       437       476
         3       472       471       431
         3       478       439       440
         3       518       434       475
         3       513       512       429
         3       474       473       433
         3       485       446       447
         3       520       436       437
         3       556       515       516
         3       514       513       470
         3       554       512       513
         3       553       510       511
         3       547       503       504
         3       501       460       461
         3       477       476       438
         3       480       441       401
         3       482       442       443
         3       529       444       445
         3       522       521       477
         3       562       478       523
         3       481       480       402
         3       562       522       478
         3       527       442       482
         3      2233       483       528
         3      2233       528       482
         3      2239       526       565
         3       529       445       484
         3       485       484       446
         3       530       484       485
         3       597       513       555
         3      2203       411       488
         3       487       486       448
         3       532       486       487
         3       531       530       485
         3       544       500       501
         3      2204       488       534
         3       489       488       411
         3       490       489       450
         3       542       498       458
         3       492       491       452
         3       491       451       452
         3       494       454       455
         3       495       494       455
         3       538       492       493
         3       496       455       417
         3       497       456       457
         3       499       458       459
         3       539       494       495
         3       497       496       456
         3       540       496       497
         3       542       458       499
         3      2224       551       508
         3       543       459       500
         3       504       503       463
         3       552       509       510
         3       541       540       497
         3       502       501       461
         3       501       500       460
         3       541       497       498
         3       506       465       425
         3       503       502       462
         3       507       506       425
         3       549       505       506
         3       546       502       503
         3       582       581       541
         3      2224       508       466
         3       506       505       465
         3       510       467       427
         3       511       468       469
         3      2224       509       551
         3       508       507       466
         3       559       475       519
         3       521       520       476
         3       516       471       472
         3       510       509       467
         3       518       473       474
         3       511       510       468
         3       547       546       503
         3       513       430       470
         3       515       470       471
         3       518       474       434
         3       517       516       472
         3       555       513       514
         3       544       543       500
         3       517       472       473
         3       516       515       471
         3       519       475       436
         3       521       476       477
         3       558       473       518
         3       557       516       517
         3       522       477       478
         3       520       519       436
         3       558       517       473
         3       525       524       480
         3       569       483       529
         3       560       520       521
         3       596       511       554
         3       545       544       501
         3       523       478       440
         3       524       479       480
         3       527       481       442
         3       524       523       479
         3       529       483       444
         3       564       524       525
         3       563       523       524
         3       535       488       489
         3      2240      2239       565
         3       563       562       523
         3       527       526       481
         3       528       527       482
         3       569       528       483
         3       531       485       486
         3       530       529       484
         3       570       529       530
         3       568       527       528
         3       598       555       556
         3      2204      2203       488
         3       532       531       486
         3       572       531       532
         3       603       519       560
         3       573       487       533
         3       536       489       490
         3      2204       533       487
         3       574       488       535
         3       575       535       536
         3       574       534       488
         3       536       535       489
         3       573       572       532
         3       562       561       522
         3       546       545       502
         3       539       493       494
         3       538       491       492
         3       538       537       491
         3       578       493       539
         3       577       576       537
         3       578       538       493
         3       580       496       540
         3       543       499       459
         3       583       498       542
         3       545       501       502
         3       543       542       499
         3       583       541       498
         3       550       549       507
         3       548       547       504
         3       587       544       545
         3       578       577       538
         3       548       504       505
         3       550       507       508
         3       549       548       505
         3       589       546       547
         3       592       549       550
         3       590       547       548
         3       551       550       508
         3       595       552       553
         3       591       548       549
         3       554       511       512
         3       552       551       509
         3       556       514       515
         3       553       552       510
         3       594       551       552
         3       622       621       576
         3       556       555       514
         3       602       518       559
         3       559       518       475
         3       558       557       517
         3       597       554       513
         3       557       556       516
         3       593       592       550
         3       624       579       580
         3       560       519       520
         3       561       521       522
         3       566       526       527
         3       643       558       602
         3       599       598       556
         3       608       563       564
         3       561       560       521
         3       607       562       563
         3       569       568       528
         3       570       569       529
         3      2240       480      2239
         3       564       563       524
         3       608       607       563
         3       609       608       564
         3       565       564       525
         3       566       565       526
         3       607       606       562
         3       639       596       554
         3       598       597       555
         3       625       540       581
         3       567       566       527
         3       568       567       527
         3       571       530       531
         3       573       532       487
         3       614       569       570
         3       614       570       571
         3       654       568       569
         3       585       584       543
         3       571       570       530
         3       572       571       531
         3       618       534       574
         3       618       533       534
         3       618       573       533
         3       619       574       575
         3       575       574       535
         3       580       579       539
         3       627       583       584
         3       577       537       538
         3       580       539       495
         3       581       540       541
         3       579       578       539
         3       622       577       578
         3       588       545       546
         3       586       585       543
         3       587       586       544
         3       627       582       583
         3       623       578       579
         3       584       542       543
         3       583       582       541
         3       586       543       544
         3       584       583       542
         3       591       590       548
         3       635       592       593
         3       628       584       585
         3       588       587       545
         3       633       589       547
         3       628       627       584
         3       589       588       546
         3       633       547       590
         3       593       550       551
         3       592       591       549
         3       632       588       589
         3       670       627       628
         3       639       554       597
         3       595       594       552
         3       596       553       511
         3       636       551       594
         3       633       632       589
         3       632       631       587
         3       642       599       600
         3       599       556       557
         3       638       553       596
         3       637       594       595
         3       629       628       585
         3       600       557       558
         3      2229       645       644
         3       600       599       557
         3       601       600       558
         3       605       604       560
         3       682       596       639
         3       602       558       518
         3      2229       603       645
         3       604       603       560
         3       642       600       601
         3       640       597       598
         3       613       612       567
         3       603       559       519
         3       605       560       561
         3       606       561       562
         3       613       567       568
         3       612       611       566
         3       646       603       604
         3       648       605       606
         3       606       605       561
         3       685       601       643
         3       637       636       594
         3       610       564       565
         3       610       609       564
         3       649       607       608
         3       611       565       566
         3       612       566       567
         3       650       609       610
         3       651       565       611
         3       651       610       565
         3       642       641       599
         3       686       643       644
         3       615       571       572
         3       617       572       573
         3       653       612       613
         3       654       569       614
         3       615       614       571
         3       656       614       615
         3       650       649       608
         3       630       629       586
         3       626       625       581
         3       616       615       572
         3       617       616       572
         3       618       617       573
         3       659       617       618
         3       661       619       620
         3       619       618       574
         3       620       619       575
         3       665       622       623
         3       627       626       582
         3       623       622       578
         3       622       576       577
         3       625       580       540
         3       626       581       582
         3       625       624       580
         3       624       623       579
         3       666       623       624
         3       670       628       629
         3       679       592       635
         3       667       625       626
         3       667       624       625
         3       629       585       586
         3       630       586       587
         3       632       587       588
         3       677       591       634
         3       676       633       590
         3       674       632       633
         3       671       629       630
         3       631       630       587
         3       677       590       591
         3       638       595       553
         3       634       591       592
         3       636       593       551
         3       636       635       593
         3       688       647       605
         3       679       634       592
         3       643       601       558
         3       647       646       604
         3       680       636       637
         3       672       671       630
         3       676       675       633
         3       638       637       595
         3       641       598       599
         3       683       597       640
         3       683       639       597
         3       664       663       622
         3       693       613       654
         3       655       654       614
         3       641       640       598
         3       644       643       602
         3       646       645       603
         3       647       604       605
         3       648       606       607
         3       683       682       639
         3      2229       644       602
         3       729       646       687
         3       686       685       643
         3       688       605       648
         3       691       651       652
         3       650       608       609
         3       652       611       612
         3       687       646       647
         3       763       681       720
         3       649       648       607
         3       651       650       610
         3       652       651       611
         3       654       613       568
         3       657       615       616
         3       690       650       651
         3       701       700       663
         3       653       652       612
         3       658       616       617
         3       660       618       619
         3      2230       654       655
         3       690       689       649
         3       656       655       614
         3       695       615       657
         3       696       657       616
         3       695       656       615
         3       728       727       686
         3       696       616       658
         3       659       658       617
         3       692       691       652
         3       660       659       618
         3       661       660       619
         3       699       661       662
         3       698       660       661
         3       662       661       620
         3       675       674       633
         3       708       671       672
         3       668       667       626
         3       703       624       667
         3       665       664       622
         3       669       626       627
         3       663       621       622
         3       702       701       664
         3       670       669       627
         3       672       630       631
         3       666       665       623
         3       673       631       632
         3       669       668       626
         3       708       672       673
         3       704       667       668
         3       702       664       665
         3       671       670       629
         3       674       673       632
         3       705       669       670
         3       745       701       702
         3       673       672       631
         3       714       677       678
         3       717       636       680
         3       679       678       634
         3       678       677       634
         3       710       673       674
         3       732       648       689
         3      2247       717       760
         3       710       709       673
         3       708       707       671
         3       677       676       590
         3       720       638       682
         3      2247       636       717
         3       723       641       684
         3       706       705       670
         3       681       637       638
         3       682       638       596
         3       685       684       642
         3       719       637       681
         3       757       675       712
         3       747       666       703
         3       684       641       642
         3       723       640       641
         3       685       642       601
         3       728       644       645
         3       716       715       679
         3       727       726       686
         3       691       690       651
         3       689       648       649
         3       730       647       688
         3       722       721       683
         3       690       649       650
         3       692       652       653
         3       731       688       648
         3       724       723       684
         3       707       706       671
         3       745       744       700
         3       741       659       660
         3       693       653       613
         3       694       655       656
         3       697       658       659
         3       734       690       691
         3       735       691       692
         3       736       653       693
         3       776       689       733
         3       739       694       656
         3      2230       737       693
         3       739       656       695
         3       777       690       734
         3       740       657       696
         3       697       696       658
         3       740       739       695
         3       771       728       729
         3       742       660       698
         3       699       698       661
         3       767       723       724
         3       704       703       667
         3       711       674       675
         3       701       663       664
         3       747       665       666
         3       703       666       624
         3       705       668       669
         3       706       670       671
         3       755       710       711
         3       764       720       721
         3       750       704       668
         3       750       668       705
         3       746       745       702
         3       709       708       673
         3       757       712       713
         3       752       706       707
         3       790       745       746
         3       712       675       676
         3       711       710       674
         3       713       712       677
         3       755       709       710
         3       712       676       677
         3       715       678       679
         3       754       708       709
         3       719       680       637
         3       714       713       677
         3       715       714       678
         3       759       714       715
         3       720       681       638
         3       761       717       718
         3       756       755       711
         3      2247       716       679
         3       762       718       719
         3       721       682       683
         3       718       717       680
         3       765       721       722
         3       719       718       680
         3       759       758       714
         3       801       713       758
         3       722       683       640
         3       721       720       682
         3       725       684       685
         3       723       722       640
         3       768       725       726
         3       741       697       659
         3       726       685       686
         3       725       724       684
         3       806       719       763
         3       728       686       644
         3       726       725       685
         3       729       728       645
         3       739       738       694
         3       729       645       646
         3       730       687       647
         3       733       689       690
         3       770       727       728
         3       812       766       767
         3       773       687       730
         3       774       730       731
         3       775       731       732
         3       809       721       765
         3       731       730       688
         3       732       731       648
         3       797       708       754
         3       735       734       691
         3       778       692       736
         3       777       733       690
         3       773       772       729
         3       736       692       653
         3      2230       693       654
         3       778       735       692
         3       780       693       737
         3      2230       738       781
         3       740       695       657
         3       785       696       697
         3       782       739       740
         3       782       738       739
         3       787       742       698
         3       785       697       741
         3       742       741       660
         3       786       741       742
         3       784       740       696
         3       743       698       699
         3       787       698       743
         3      2230       781       737
         3       798       755       756
         3       763       719       681
         3       755       754       709
         3       747       746       702
         3       745       700       701
         3       747       702       665
         3       748       703       704
         3       752       705       706
         3       752       751       705
         3       791       746       747
         3       792       703       748
         3       837       748       749
         3       790       789       745
         3       749       748       704
         3       761       760       717
         3       750       749       704
         3       751       750       705
         3       795       751       752
         3       753       707       708
         3       753       752       707
         3       795       752       753
         3       791       790       746
         3       768       724       725
         3       767       766       723
         3       757       711       675
         3       757       756       711
         3       796       795       753
         3       758       713       714
         3       759       715       716
         3       801       757       713
         3      2247       760       716
         3       803       716       760
         3       803       759       716
         3       795       794       751
         3       806       762       719
         3       774       773       730
         3       762       761       718
         3       805       761       762
         3       834       790       791
         3       766       722       723
         3       764       763       720
         3       807       763       764
         3       769       726       727
         3       766       765       722
         3       773       729       687
         3       772       771       729
         3       811       765       766
         3       768       767       724
         3       809       808       764
         3       792       791       747
         3       837       749       793
         3       803       802       759
         3       769       768       726
         3       770       769       727
         3       771       770       728
         3       816       770       771
         3       842       796       797
         3       776       732       689
         3       822       735       778
         3       780       736       693
         3       818       772       773
         3       819       773       774
         3       775       774       731
         3      2251       768       814
         3       776       775       732
         3      2241       733       777
         3      2241       776       733
         3       818       817       772
         3       854       853       811
         3       822       734       735
         3       779       778       736
         3       780       779       736
         3       825       779       780
         3       812       811       766
         3       825       824       779
         3       808       807       764
         3       826       737       781
         3       782       781       738
         3       846       758       802
         3       794       793       750
         3       827       740       783
         3       784       783       740
         3       828       783       784
         3       785       784       696
         3       786       785       741
         3       829       785       786
         3       826       825       780
         3       787       786       742
         3       788       787       743
         3       831       787       788
         3       794       750       751
         3       789       744       745
         3       792       747       703
         3       793       749       750
         3       801       800       757
         3       797       796       753
         3       807       806       763
         3       836       791       792
         3       837       792       748
         3       797       753       708
         3       798       754       755
         3       840       794       795
         3       834       833       789
         3       804       803       760
         3       800       756       757
         3       800       799       756
         3       799       798       756
         3       843       754       798
         3       883       794       840
         3       848       802       803
         3       845       800       801
         3       802       758       759
         3       804       760       761
         3       845       799       800
         3       835       834       791
         3       809       764       721
         3       805       804       761
         3       806       805       762
         3       852       809       810
         3       848       803       804
         3       815       769       770
         3       810       809       765
         3       851       807       808
         3       850       805       806
         3       817       771       772
         3       811       810       765
         3       859       817       818
         3       852       808       809
         3       813       767       768
         3       814       768       769
         3       850       849       805
         3       820       774       775
         3       813       812       767
         3       854       811       812
         3       848       847       802
         3       820       775       776
         3       817       816       771
         3      2252       777       822
         3       815       814       769
         3      2251       856      2250
         3       830       786       787
         3       816       815       770
         3       822       777       734
         3       824       778       779
         3       823       822       778
         3       819       818       773
         3       860       818       819
         3       855       854       812
         3      2251      2250       855
         3       820       819       774
         3       821       820       776
         3       862       861       820
         3       889       799       845
         3       921       836       880
         3       824       823       778
         3       827       782       740
         3       864       863       821
         3       826       780       737
         3       870       781       782
         3       867       824       825
         3       828       784       785
         3       870       782       827
         3       869       826       781
         3      2252       866       908
         3       858       857       816
         3       828       827       783
         3       829       828       785
         3       830       829       786
         3       874       829       830
         3       869       868       826
         3       868       867       825
         3       831       830       787
         3       832       831       788
         3       922       880       881
         3       839       838       793
         3       882       838       839
         3       838       837       793
         3       834       789       790
         3       839       793       794
         3       880       792       837
         3       878       834       835
         3       836       835       791
         3       879       835       836
         3       870       869       781
         3       841       795       796
         3       843       797       754
         3       841       840       795
         3       843       842       797
         3       887       798       844
         3       884       840       841
         3       844       798       799
         3       885       796       842
         3       890       801       846
         3       926       840       884
         3       846       801       758
         3       847       846       802
         3       851       850       807
         3       885       884       841
         3       883       839       794
         3       857       856       815
         3       863       862       821
         3       891       846       847
         3       849       804       805
         3       850       806       807
         3       892       847       848
         3       893       804       849
         3       893       848       804
         3       929       887       888
         3       888       887       844
         3       853       810       811
         3       855       812       813
         3       895       850       851
         3       896       808       852
         3       897       810       853
         3       897       852       810
         3       934       848       893
         3       881       880       837
         3       856       814       815
         3       857       815       816
         3       899       854       855
         3       859       816       817
         3       861       860       819
         3       904       861       862
         3       901       857       858
         3       901       856       857
         3       903       859       860
         3       939       897       898
         3       859       858       816
         3       860       859       818
         3       895       894       850
         3       889       888       844
         3       861       819       820
         3       862       820       821
         3      2241       864       821
         3       906       864       865
         3       905       862       863
         3       866       822       823
         3      2242       864      2241
         3       867       823       824
         3       868       825       826
         3      2252       865       777
         3       903       902       859
         3       876       831       832
         3       909       823       867
         3       871       870       827
         3       874       830       831
         3       911       868       869
         3       951       866       909
         3       871       827       828
         3       873       828       829
         3       913       870       871
         3       872       871       828
         3      2218       871       872
         3       957       873       914
         3       905       904       862
         3       890       889       845
         3       873       872       828
         3       914       829       874
         3       875       874       831
         3       915       874       875
         3       876       875       831
         3       937       895       851
         3       879       878       835
         3       877       833       834
         3       919       834       878
         3       880       836       792
         3       882       837       838
         3       925       839       883
         3       887       886       843
         3       920       919       878
         3       882       881       837
         3       921       920       878
         3       921       878       879
         3       885       841       796
         3       886       842       843
         3       925       924       882
         3       887       843       798
         3       886       885       842
         3       927       885       886
         3       889       844       799
         3       890       845       801
         3       894       849       850
         3       894       893       849
         3       945       944       901
         3       930       888       889
         3       891       890       846
         3       931       890       891
         3       931       930       889
         3       922       921       880
         3       969       884       927
         3       964       920       921
         3       892       891       847
         3       896       851       808
         3       897       896       852
         3       935       893       894
         3       919       918       877
         3       948       863       906
         3       898       897       853
         3       937       851       896
         3       899       898       854
         3       936       935       894
         3       898       853       854
         3      2251       855       813
         3       902       858       859
         3       903       860       861
         3       900       899       855
         3       941       899       900
         3       933       932       892
         3       943       856       901
         3       934       933       892
         3       981       937       938
         3       907       906       865
         3       946       903       904
         3       906       863       864
         3       904       903       861
         3       987       902       946
         3       965       921       922
         3      2252       908       907
         3       914       873       829
         3       948       905       863
         3       909       866       823
         3       910       867       868
         3       950       907       908
         3       912       869       870
         3       910       909       867
         3       952       909       910
         3       948       947       905
         3      1028       902       987
         3       917       875       876
         3       911       910       868
         3       912       911       869
         3       913       912       870
         3       954       953       911
         3      2218      2217       913
         3       957       872       873
         3       915       914       874
         3      2218       957      2217
         3       939       938       897
         3       947       946       904
         3       916       915       875
         3       917       916       875
         3       935       934       893
         3       924       923       882
         3       919       877       834
         3       970       886       928
         3       938       896       897
         3       921       879       836
         3       923       922       881
         3       926       925       883
         3       967       925       926
         3       963       919       920
         3       923       881       882
         3       925       882       839
         3       966       923       924
         3       926       883       840
         3       927       884       885
         3       928       886       887
         3       931       889       890
         3       974       891       932
         3       970       927       886
         3      1008       924       967
         3       929       928       887
         3       972       929       888
         3       968       967       926
         3       972       888       930
         3       932       891       892
         3       934       892       848
         3       936       894       895
         3       974       931       891
         3       937       936       895
         3       975       932       933
         3       938       937       896
         3      1015       931       974
         3       976       933       934
         3       951       950       908
         3       940       898       899
         3       941       940       899
         3       985       943       944
         3       979       936       937
         3       947       904       905
         3       950       949       906
         3       977       976       934
         3       940       939       898
         3       979       978       936
         3      1012       970       971
         3       970       969       927
         3       942       941       900
         3       984       942       943
         3      2250       943       900
         3       943       942       900
         3       945       901       858
         3       944       943       901
         3       983       941       942
         3      1009       967       968
         3       945       858       902
         3       946       902       903
         3       950       906       907
         3       949       948       906
         3       989       947       948
         3       951       908       866
         3       953       910       911
         3       989       948       949
         3       986       985       944
         3       953       952       910
         3       958       957       914
         3       993       909       952
         3       993       951       909
         3       992       950       951
         3       954       911       912
         3       956       912       913
         3       994       953       954
         3       996       955       956
         3      1031       947       989
         3       993       992       951
         3       955       954       912
         3       956       955       912
         3      1014       972       973
         3       958       914       915
         3       960       915       916
         3       997       996       956
         3       999       957       958
         3      2207       915       959
         3       960       916       917
         3       960       959       915
         3       961       960       917
         3      1002       960       961
         3      1016       974       975
         3       985       984       943
         3       964       963       920
         3       966       922       923
         3       962       918       919
         3       963       962       919
         3       967       924       925
         3       965       964       921
         3      1006       964       965
         3      1047       964      1006
         3      1007       922       966
         3       968       926       884
         3       971       928       929
         3       969       968       884
         3       973       972       930
         3      1013       929       972
         3      1019       935       978
         3       971       970       928
         3      1011       969       970
         3      1007      1006       965
         3      1008       966       924
         3       973       930       931
         3       975       974       932
         3      1019       977       935
         3      1018      1017       976
         3       976       975       933
         3       981       938       939
         3      1051       967      1009
         3       977       934       935
         3       978       935       936
         3       982       939       940
         3      1018       976       977
         3      1021       979       980
         3      1023       981       939
         3       981       980       937
         3       980       979       937
         3       988       987       946
         3      1027       985       986
         3       983       940       941
         3      1023       939       982
         3      1019      1018       977
         3      1054      1011       970
         3      1024       940       983
         3       984       983       942
         3      1013      1012       971
         3       986       944       945
         3       988       946       947
         3      1033       991       992
         3      1028       945       902
         3      1070       984      1026
         3       991       949       950
         3       990       989       949
         3      1030       988       947
         3      1063      1020      1021
         3      1047       963       964
         3       991       990       949
         3       992       991       950
         3       994       952       953
         3       995       954       955
         3      1033       990       991
         3      1037       954       995
         3      1036      1035       993
         3      1036       993       952
         3      1034       992       993
         3      1001       959       960
         3      2217       997       956
         3       996       995       955
         3      1038       995       996
         3      1073      1028      1029
         3      1021      1020       978
         3      2208      2207      1000
         3      2217       998      1040
         3      2217      1040       997
         3       999       998       957
         3      1038      1037       995
         3      1040      1039       997
         3      2207       999       958
         3      1001      1000       959
         3      1002      1001       960
         3      1045      1001      1002
         3      1074       988      1030
         3      1005      1004       963
         3      1050       966      1008
         3      1007       965       922
         3      1004       962       963
         3      1004      1003       962
         3      1010      1009       968
         3      1020      1019       978
         3      1047      1005       963
         3      1011       968       969
         3      1011      1010       968
         3      1050      1007       966
         3      1054       970      1012
         3      1014      1013       972
         3      1052      1009      1010
         3      1049      1048      1007
         3      1048      1006      1007
         3      1013       971       929
         3      1015       973       931
         3      1015      1014       973
         3      1016      1015       974
         3      1055      1012      1013
         3      1017       975       976
         3      1060       975      1017
         3      1068       982      1024
         3      1059      1015      1016
         3      1057      1014      1015
         3      1052      1051      1009
         3      1021       978       979
         3      1022       980       981
         3      1026       984       985
         3      1061      1017      1018
         3      1024       982       940
         3      1025       983       984
         3      1025      1024       983
         3      1062      1019      1020
         3      1059      1058      1015
         3      1022      1021       980
         3      1060      1059      1016
         3      1061      1060      1017
         3      1095      1050      1008
         3      1066       981      1023
         3      1027      1026       985
         3      1032       989       990
         3      1066      1065       981
         3      1091      1005      1047
         3      1028       986       945
         3      1028      1027       986
         3      1071      1026      1027
         3      1029       987       988
         3      1029      1028       987
         3      1081       994      1037
         3      1081      1036       994
         3      1031      1030       947
         3      1075      1030      1031
         3      1076       989      1032
         3      1076      1031       989
         3      1069      1068      1024
         3      1116      1070      1071
         3      1033      1032       990
         3      1034      1033       992
         3      1078      1033      1034
         3      1062      1061      1018
         3      1092      1006      1048
         3      1044      1000      1001
         3      1035      1034       993
         3      1036       952       994
         3      1037       994       954
         3      1039       996       997
         3      1042       998       999
         3      1080      1079      1034
         3      1039      1038       996
         3      1127      1036      1081
         3      2208       999      2207
         3      1041      1040       998
         3      1085      1040      1041
         3      1079      1078      1034
         3      1077      1076      1032
         3      1042      1041       998
         3      1043      1042       999
         3      2209      1044      1087
         3      2209      1043      2208
         3      1086      1042      1043
         3      1082      1081      1037
         3      1045      1044      1001
         3      1092      1091      1047
         3      1094      1049      1050
         3      1091      1004      1005
         3      1046      1003      1004
         3      1065      1064      1022
         3      1094      1093      1049
         3      1092      1047      1006
         3      1051      1008       967
         3      1050      1049      1007
         3      1053      1010      1011
         3      1095      1008      1051
         3      1097      1010      1053
         3      1106      1060      1061
         3      1054      1053      1011
         3      1100      1012      1055
         3      1078      1077      1032
         3      1101      1055      1056
         3      1056      1013      1014
         3      1058      1057      1015
         3      1100      1054      1012
         3      1093      1092      1048
         3      1056      1055      1013
         3      1057      1056      1014
         3      1060      1016       975
         3      1062      1018      1019
         3      1103      1102      1057
         3      1143      1051      1096
         3      1063      1062      1020
         3      1064      1063      1021
         3      1111      1023      1067
         3      1111      1066      1023
         3      1107      1061      1062
         3      1064      1021      1022
         3      1065      1022       981
         3      1108      1063      1064
         3      1149      1103      1104
         3      1097      1096      1052
         3      1067      1023       982
         3      1112      1067      1068
         3      1069      1024      1025
         3      1070      1025       984
         3      1072      1027      1028
         3      1068      1067       982
         3      1110      1065      1066
         3      1115      1025      1070
         3      1071      1070      1026
         3      1074      1029       988
         3      1075      1074      1030
         3      1112      1111      1067
         3      1117      1027      1072
         3      1114      1113      1069
         3      1115      1114      1069
         3      1099      1098      1054
         3      1073      1072      1028
         3      1074      1073      1029
         3      1078      1032      1033
         3      1076      1075      1031
         3      1080      1034      1035
         3      1121      1075      1076
         3      1122      1076      1077
         3      1080      1035      1036
         3      1084      1039      1040
         3      1124      1123      1077
         3      1120      1119      1074
         3      1154      1061      1107
         3      1140      1093      1094
         3      1088      1044      1045
         3      1082      1037      1038
         3      1083      1038      1039
         3      1086      1041      1042
         3      1127      1080      1036
         3      1083      1082      1038
         3      1130      1082      1083
         3      1127      1126      1080
         3      1084      1083      1039
         3      1123      1122      1077
         3      1085      1084      1040
         3      1086      1085      1041
         3      1131      1130      1083
         3      1087      1086      1043
         3      1088      1087      1044
         3      1135      1087      1088
         3      1089      1088      1045
         3      1141      1140      1094
         3      1160      1111      1112
         3      1141      1094      1050
         3      1091      1090      1046
         3      1091      1046      1004
         3      1093      1048      1049
         3      1096      1051      1052
         3      1138      1091      1092
         3      1141      1050      1095
         3      1100      1099      1054
         3      1097      1052      1010
         3      1098      1053      1054
         3      1098      1097      1053
         3      1150      1104      1105
         3      1104      1057      1058
         3      1106      1059      1060
         3      1147      1100      1101
         3      1145      1097      1098
         3      1102      1101      1056
         3      1146      1098      1099
         3      1143      1095      1051
         3      1161      1112      1113
         3      1102      1056      1057
         3      1101      1100      1055
         3      1152      1059      1106
         3      1105      1104      1058
         3      1108      1107      1063
         3      1149      1102      1103
         3      1105      1058      1059
         3      1104      1103      1057
         3      1107      1062      1063
         3      1110      1064      1065
         3      1146      1145      1098
         3      1111      1110      1066
         3      1117      1071      1027
         3      1110      1109      1064
         3      1156      1107      1108
         3      2243      1149      1191
         3      1147      1146      1099
         3      1140      1139      1092
         3      1109      1108      1064
         3      1132      1131      1084
         3      1113      1112      1068
         3      1130      1129      1082
         3      1113      1068      1069
         3      1115      1069      1025
         3      1162      1114      1115
         3      1117      1116      1071
         3      1156      1155      1107
         3      1118      1072      1073
         3      1119      1073      1074
         3      1119      1118      1073
         3      1116      1115      1070
         3      1168      1122      1123
         3      1163      1116      1117
         3      1163      1115      1116
         3      1118      1117      1072
         3      1198      1110      1159
         3      1148      1147      1101
         3      1121      1074      1075
         3      1121      1120      1074
         3      1166      1119      1120
         3      1185      1141      1142
         3      1133      1132      1085
         3      1124      1077      1078
         3      1122      1121      1076
         3      1126      1079      1080
         3      1128      1127      1081
         3      1167      1121      1122
         3      1197      1156      1157
         3      1125      1078      1079
         3      1125      1124      1078
         3      1169      1124      1125
         3      1126      1125      1079
         3      1210      1123      1124
         3      1128      1081      1082
         3      1131      1083      1084
         3      1171      1170      1126
         3      1129      1128      1082
         3      1172      1171      1127
         3      1206      1120      1167
         3      1144      1143      1096
         3      1132      1084      1085
         3      1133      1085      1086
         3      1174      1130      1131
         3      1134      1086      1087
         3      1135      1088      1089
         3      1176      1132      1133
         3      1213      1128      1173
         3      1163      1162      1115
         3      1134      1133      1086
         3      1135      1134      1087
         3      1178      1134      1135
         3      1179      1135      1136
         3      1136      1135      1089
         3      1188      1146      1147
         3      1139      1138      1092
         3      1140      1092      1093
         3      1138      1090      1091
         3      1138      1137      1090
         3      1142      1141      1095
         3      1143      1142      1095
         3      1182      1181      1138
         3      1144      1096      1097
         3      1145      1144      1097
         3      1192      1150      1151
         3      1185      1142      1143
         3      1158      1157      1109
         3      1171      1126      1127
         3      1186      1143      1144
         3      1184      1140      1141
         3      1147      1099      1100
         3      1148      1101      1102
         3      1152      1105      1059
         3      1188      1145      1146
         3      1154      1153      1061
         3      1155      1154      1107
         3      1186      1185      1143
         3      1150      1149      1104
         3      1151      1150      1105
         3      1152      1151      1105
         3      2253      1153      1194
         3      1191      1149      1150
         3      2228      1228      1186
         3      1153      1106      1061
         3      2253      1106      1153
         3      1157      1108      1109
         3      1158      1109      1110
         3      1194      1153      1154
         3      1188      1187      1145
         3      1157      1156      1108
         3      1160      1159      1111
         3      1159      1110      1111
         3      1161      1113      1114
         3      1162      1161      1114
         3      1197      1157      1158
         3      2253      1194      1237
         3      1161      1160      1112
         3      1165      1164      1118
         3      1199      1159      1160
         3      1164      1117      1118
         3      1165      1118      1119
         3      1202      1161      1162
         3      1195      1194      1154
         3      1225      1182      1183
         3      2249      2248      1209
         3      1164      1163      1117
         3      1203      1163      1164
         3      1167      1120      1121
         3      1166      1165      1119
         3      1168      1167      1122
         3      1205      1165      1166
         3      1206      1166      1120
         3      1200      1199      1160
         3      1174      1173      1129
         3      1210      1124      1169
         3      1169      1125      1126
         3      1174      1129      1130
         3      1170      1169      1126
         3      1208      1207      1167
         3      1185      1184      1141
         3      1197      1196      1156
         3      1172      1127      1128
         3      1173      1128      1129
         3      1212      1171      1172
         3      1175      1131      1132
         3      1178      1133      1134
         3      1215      1131      1175
         3      1215      1174      1131
         3      1257      1170      1212
         3      1209      1208      1168
         3      1176      1175      1132
         3      1177      1176      1133
         3      1178      1177      1133
         3      1219      1177      1178
         3      1261      1215      1216
         3      1221      1135      1179
         3      1273      1185      1227
         3      1190      1189      1147
         3      1187      1144      1145
         3      1182      1138      1139
         3      1181      1137      1138
         3      1181      1180      1137
         3      1230      1187      1188
         3      1183      1139      1140
         3      1183      1182      1139
         3      1184      1183      1140
         3      1234      1191      1192
         3      1231      1188      1189
         3      1248      1163      1203
         3      1243      1199      1200
         3      1226      1183      1184
         3      1190      1147      1148
         3      2243      1102      1149
         3      1189      1188      1147
         3      2228      1186      1144
         3      2243      1148      1102
         3      1195      1154      1155
         3      1225      1224      1181
         3      1198      1197      1158
         3      1204      1164      1165
         3      1193      1151      1152
         3      1192      1191      1150
         3      2243      1233      1190
         3      1235      1192      1193
         3      2228      1229      1276
         3      1193      1192      1151
         3      1196      1155      1156
         3      1198      1158      1110
         3      1238      1194      1195
         3      1226      1225      1183
         3      1202      1201      1161
         3      1239      1155      1196
         3      1213      1212      1172
         3      1204      1203      1164
         3      1201      1160      1161
         3      1199      1198      1159
         3      2244      1162      1163
         3      1243      1198      1199
         3      1283      1237      1238
         3      1270      1225      1226
         3      1278      1189      1232
         3      1201      1200      1160
         3      1206      1205      1166
         3      1249      1203      1204
         3      1208      1167      1168
         3      1256      1169      1211
         3      1244      1243      1200
         3      1242      1241      1197
         3      1243      1242      1198
         3      1205      1204      1165
         3      1216      1215      1175
         3      1207      1206      1167
         3      1253      1207      1208
         3      1211      1169      1170
         3      2249      1210      2248
         3      1253      1208      1209
         3      1249      1248      1203
         3      1283      1236      1237
         3      1212      1170      1171
         3      1213      1172      1128
         3      1256      1210      1169
         3      1278      1277      1231
         3      1214      1173      1174
         3      1215      1214      1174
         3      1258      1212      1213
         3      1260      1173      1214
         3      1301      1211      1257
         3      1217      1175      1176
         3      1218      1176      1177
         3      1219      1218      1177
         3      1217      1216      1175
         3      1262      1217      1218
         3      1262      1216      1217
         3      1259      1258      1213
         3      1272      1271      1184
         3      1218      1217      1176
         3      1220      1178      1135
         3      1220      1219      1178
         3      1265      1264      1219
         3      1221      1220      1135
         3      1266      1265      1220
         3      1276      1229      1230
         3      1222      1221      1179
         3      1228      1227      1186
         3      1225      1181      1182
         3      1223      1180      1181
         3      1224      1223      1181
         3      1227      1185      1186
         3      1232      1189      1190
         3      1273      1184      1185
         3      1278      1231      1189
         3      1230      1229      1187
         3      1241      1240      1196
         3      1292      1246      1247
         3      1273      1272      1184
         3      1231      1230      1188
         3      1279      1190      1233
         3      1271      1270      1226
         3      2253      1237      1236
         3      1234      1233      1191
         3      1285      1239      1240
         3      1289      1243      1244
         3      1281      1192      1235
         3      1281      1234      1192
         3      1236      1235      1193
         3      1238      1237      1194
         3      1274      1273      1227
         3      1314      1273      1274
         3      1239      1195      1155
         3      2253      1236      1193
         3      1241      1196      1197
         3      1239      1238      1195
         3      1245      1244      1200
         3      1247      1246      1202
         3      1242      1197      1198
         3      1240      1239      1196
         3      1284      1238      1239
         3      1275      1274      1227
         3      1245      1200      1201
         3      1246      1201      1202
         3      1297      1252      1253
         3      1286      1241      1242
         3      1251      1204      1205
         3      1291      1245      1201
         3      1287      1242      1243
         3      2244      1163      1248
         3      1291      1201      1246
         3      1252      1205      1206
         3      1251      1250      1204
         3      1253      1252      1207
         3      2245      1248      1293
         3      1287      1286      1242
         3      1325      1284      1285
         3      1252      1206      1207
         3      1250      1249      1204
         3      1294      1249      1250
         3      1281      1280      1234
         3      1315      1275      1276
         3      2248      1255      1254
         3      1252      1251      1205
         3      2254      1210      1256
         3      1254      1253      1209
         3      1296      1251      1252
         3      1264      1218      1219
         3      2248      1254      1209
         3      1300      1254      1255
         3      1294      1293      1248
         3      1257      1211      1170
         3      1259      1213      1173
         3      1301      1256      1211
         3      1291      1290      1245
         3      1286      1285      1241
         3      1302      1212      1258
         3      1261      1214      1215
         3      1260      1259      1173
         3      1304      1214      1261
         3      1303      1259      1260
         3      1304      1260      1214
         3      1306      1261      1262
         3      2254      1300      1255
         3      1369      1285      1286
         3      1262      1261      1216
         3      1263      1262      1218
         3      1264      1263      1218
         3      1306      1305      1261
         3      1292      1291      1246
         3      1267      1221      1222
         3      1265      1219      1220
         3      1266      1220      1221
         3      1349      1266      1308
         3      1267      1266      1221
         3      1268      1267      1222
         3      1309      1267      1268
         3      1270      1224      1225
         3      1269      1223      1224
         3      1311      1310      1269
         3      1271      1226      1184
         3      1275      1227      1228
         3      1313      1271      1272
         3      2228      1276      1228
         3      1277      1230      1231
         3      1358      1274      1315
         3      1283      1282      1236
         3      1276      1275      1228
         3      1277      1276      1230
         3      1279      1232      1190
         3      1319      1278      1279
         3      1315      1274      1275
         3      1313      1272      1273
         3      1280      1233      1234
         3      1279      1278      1232
         3      1282      1235      1236
         3      1280      1279      1233
         3      1285      1240      1241
         3      1321      1280      1281
         3      2234      1235      1282
         3      2234      1281      1235
         3      1320      1279      1280
         3      1303      1302      1258
         3      1284      1283      1238
         3      1285      1284      1239
         3      1290      1244      1245
         3      1288      1287      1243
         3      1327      1244      1290
         3      1342      1257      1302
         3      1322      1321      1281
         3      2245      2244      1248
         3      1294      1248      1249
         3      1326      1287      1288
         3      1362      1279      1320
         3      1319      1318      1278
         3      1365      1282      1323
         3      1289      1288      1243
         3      1295      1250      1251
         3      2245      1247      2244
         3      1298      1297      1253
         3      1328      1290      1291
         3      1329      1291      1292
         3      1359      1315      1316
         3      1299      1253      1254
         3      1335      1252      1297
         3      1331      1293      1294
         3      1295      1294      1250
         3      1334      1251      1296
         3      1330      1329      1292
         3      1332      1294      1295
         3      1300      1299      1254
         3      1303      1258      1259
         3      1336      1297      1298
         3      1318      1317      1277
         3      1313      1312      1271
         3      1299      1298      1253
         3      2254      1301      1340
         3      1302      1257      1212
         3      2254      1339      1300
         3      1307      1262      1263
         3      1307      1263      1264
         3      2254      1340      1339
         3      1304      1303      1260
         3      1341      1340      1301
         3      1308      1266      1267
         3      1305      1304      1261
         3      1338      1337      1299
         3      1329      1328      1291
         3      1361      1317      1318
         3      1353      1311      1270
         3      1349      1265      1266
         3      1307      1306      1262
         3      1346      1306      1307
         3      1348      1264      1265
         3      1345      1344      1305
         3      1309      1308      1267
         3      1318      1277      1278
         3      1354      1270      1312
         3      1311      1269      1224
         3      1311      1224      1270
         3      1312      1270      1271
         3      1370      1286      1326
         3      1324      1323      1283
         3      1354      1353      1270
         3      1355      1354      1312
         3      1314      1313      1273
         3      1368      1325      1285
         3      1317      1276      1277
         3      1316      1315      1276
         3      1363      1320      1321
         3      1317      1316      1276
         3      1367      1324      1284
         3      1377      1332      1333
         3      1360      1316      1317
         3      1323      1282      1283
         3      1327      1289      1244
         3      1324      1283      1284
         3      1321      1320      1280
         3      1362      1319      1279
         3      1356      1355      1313
         3      1326      1286      1287
         3      2238      1372      2237
         3      1367      1284      1325
         3      1331      1330      1293
         3      1375      1330      1331
         3      1363      1362      1320
         3      2245      1330      1292
         3      1333      1332      1295
         3      1369      1368      1285
         3      1408      1363      1322
         3      1372      1289      1327
         3      1351      1308      1309
         3      1328      1327      1290
         3      1361      1360      1317
         3      1357      1356      1314
         3      1377      1376      1331
         3      1382      1338      1339
         3      1332      1331      1294
         3      1336      1298      1299
         3      1374      1329      1330
         3      1334      1295      1251
         3      1335      1296      1252
         3      1338      1299      1300
         3      1334      1333      1295
         3      1335      1334      1296
         3      1378      1335      1336
         3      1337      1336      1299
         3      1336      1335      1297
         3      1376      1375      1331
         3      1341      1301      1257
         3      1343      1342      1302
         3      1342      1341      1257
         3      1339      1338      1300
         3      1381      1337      1338
         3      1343      1302      1303
         3      1344      1303      1304
         3      1384      1340      1341
         3      1344      1304      1305
         3      1345      1305      1306
         3      1386      1342      1343
         3      1381      1380      1337
         3      1383      1339      1340
         3      1412      1368      1369
         3      1406      1319      1362
         3      1344      1343      1303
         3      1347      1307      1264
         3      1346      1345      1306
         3      1389      1345      1346
         3      1347      1346      1307
         3      1387      1386      1343
         3      1390      1346      1347
         3      1421      1376      1377
         3      1348      1347      1264
         3      1349      1348      1265
         3      1350      1349      1308
         3      1393      1349      1350
         3      1394      1350      1351
         3      1351      1350      1308
         3      1405      1404      1361
         3      1367      1366      1324
         3      1398      1354      1355
         3      1352      1310      1311
         3      1353      1352      1311
         3      1355      1312      1313
         3      1356      1313      1314
         3      1358      1314      1274
         3      1405      1318      1319
         3      1403      1316      1360
         3      1401      1356      1357
         3      1358      1357      1314
         3      1401      1357      1358
         3      1399      1355      1356
         3      1359      1358      1315
         3      1401      1400      1356
         3      1363      1321      1322
         3      1408      1322      1364
         3      1404      1360      1361
         3      1398      1397      1354
         3      2234      1365      1364
         3      2237      1372      1416
         3      2234      1364      1322
         3      1366      1323      1324
         3      2238      2237      1326
         3      1368      1367      1325
         3      1366      1365      1323
         3      1406      1405      1319
         3      1407      1362      1363
         3      2232      1423      1334
         3      1371      1370      1326
         3      1413      1369      1370
         3      1370      1369      1286
         3      1373      1372      1327
         3      1373      1327      1328
         3      1373      1328      1329
         3      1412      1367      1368
         3      1419      1330      1375
         3      1382      1381      1338
         3      2237      1415      1371
         3      1449      1408      1409
         3      1377      1331      1332
         3      1374      1373      1329
         3      1380      1336      1337
         3      2237      1416      1415
         3      1418      1373      1374
         3      1410      1409      1365
         3      1423      1333      1334
         3      2232      1335      1378
         3      1380      1379      1336
         3      1427      1381      1382
         3      1420      1419      1375
         3      1379      1378      1336
         3      1384      1383      1340
         3      1385      1384      1341
         3      1385      1341      1342
         3      1383      1382      1339
         3      1426      1380      1381
         3      1387      1343      1344
         3      1388      1344      1345
         3      1428      1383      1384
         3      1427      1426      1381
         3      1388      1387      1344
         3      1386      1385      1342
         3      1430      1385      1386
         3      1427      1382      1383
         3      1464      1421      1377
         3      1391      1347      1348
         3      1392      1348      1349
         3      1433      1388      1389
         3      1432      1387      1388
         3      1458      1416      1417
         3      1404      1403      1360
         3      1454      1412      1413
         3      1389      1388      1345
         3      2221      1346      1390
         3      1391      1390      1347
         3      1392      1391      1348
         3      1435      1391      1392
         3      2221      2220      2219
         3      1433      1432      1388
         3      1393      1392      1349
         3      1394      1393      1350
         3      1395      1394      1351
         3      1445      1404      1405
         3      1400      1399      1356
         3      1441      1399      1400
         3      1397      1353      1354
         3      1396      1352      1353
         3      1397      1396      1353
         3      1402      1358      1359
         3      1399      1398      1355
         3      1402      1401      1358
         3      1443      1359      1403
         3      1440      1398      1399
         3      1403      1359      1316
         3      1405      1361      1318
         3      1442      1401      1402
         3      1485      1401      1442
         3      1452      1367      1411
         3      1417      1416      1372
         3      1418      1417      1373
         3      1446      1405      1406
         3      1409      1364      1365
         3      1408      1407      1363
         3      1447      1406      1407
         3      1441      1440      1399
         3      1440      1439      1397
         3      1407      1406      1362
         3      1410      1365      1366
         3      1409      1408      1364
         3      1414      1370      1371
         3      1412      1411      1367
         3      1450      1409      1410
         3      1484      1440      1441
         3      1452      1366      1367
         3      1414      1413      1370
         3      1413      1412      1369
         3      1464      1377      1422
         3      1456      1414      1415
         3      1417      1372      1373
         3      1415      1414      1371
         3      1452      1451      1410
         3      1419      1374      1330
         3      1419      1418      1374
         3      1425      1379      1380
         3      1462      1461      1419
         3      1459      1417      1418
         3      1449      1448      1408
         3      1485      1400      1401
         3      1420      1375      1376
         3      2236      1376      1421
         3      1462      1419      1420
         3      1488      1403      1444
         3      1422      1377      1333
         3      1424      1378      1379
         3      1423      1422      1333
         3      1467      1378      1424
         3      1428      1427      1383
         3      1426      1425      1380
         3      1503      1463      1464
         3      1501      1460      1461
         3      1425      1424      1379
         3      1470      1427      1428
         3      2221      2219      1389
         3      1436      1393      1394
         3      1429      1384      1385
         3      1431      1386      1387
         3      1471      1428      1429
         3      1468      1467      1424
         3      1429      1428      1384
         3      1430      1429      1385
         3      1445      1444      1404
         3      1437      1394      1395
         3      1431      1430      1386
         3      1432      1431      1387
         3      1434      1390      1391
         3      1435      1392      1393
         3      2219      1476      1433
         3      1435      1434      1391
         3      1478      1393      1436
         3      1478      1435      1393
         3      1514      1513      1473
         3      1475      1474      1432
         3      1466      1465      1423
         3      1489      1444      1445
         3      1496      1452      1453
         3      1437      1436      1394
         3      1469      1468      1426
         3      1498      1455      1456
         3      1440      1397      1398
         3      1438      1396      1397
         3      1482      1397      1439
         3      1443      1402      1359
         3      1444      1403      1404
         3      1448      1407      1408
         3      1443      1442      1402
         3      1482      1481      1438
         3      1452      1410      1366
         3      1448      1447      1407
         3      1447      1446      1406
         3      1488      1443      1403
         3      1493      1448      1449
         3      1446      1445      1405
         3      1486      1485      1442
         3      1453      1452      1411
         3      1495      1450      1451
         3      1450      1449      1409
         3      1451      1450      1410
         3      1490      1489      1445
         3      1483      1482      1439
         3      1484      1483      1440
         3      1453      1411      1412
         3      1455      1413      1414
         3      1546      1461      1502
         3      1504      1422      1465
         3      1497      1413      1455
         3      1454      1453      1412
         3      1495      1451      1452
         3      1456      1455      1414
         3      1459      1458      1417
         3      1457      1415      1416
         3      1460      1418      1419
         3      1497      1454      1413
         3      1457      1456      1415
         3      1499      1457      1458
         3      1498      1456      1457
         3      1495      1494      1450
         3      1458      1457      1416
         3      1460      1459      1418
         3      1461      1460      1419
         3      2236      1463      2235
         3      1465      1422      1423
         3      1501      1459      1460
         3      1525      1482      1483
         3      2235      1463      1503
         3      1464      1463      1421
         3      2232      1466      1423
         3      1468      1424      1425
         3      1468      1425      1426
         3      1473      1430      1431
         3      1473      1472      1430
         3      1507      1467      1468
         3      1504      1464      1422
         3      2235      1502      1462
         3      2232      1467      1466
         3      1470      1426      1427
         3      1472      1429      1430
         3      1508      1468      1469
         3      2235      1503      1502
         3      1496      1495      1452
         3      1509      1426      1470
         3      1510      1428      1471
         3      1540      1453      1454
         3      1472      1471      1429
         3      1474      1431      1432
         3      1475      1432      1433
         3      1514      1473      1431
         3      1552      1470      1510
         3      1512      1511      1471
         3      1477      1434      1435
         3      1476      1475      1433
         3      1516      1475      1476
         3      2220      1476      2219
         3      1527      1484      1485
         3      1518      1434      1477
         3      1480      1436      1437
         3      1478      1477      1435
         3      1479      1478      1436
         3      1480      1479      1436
         3      1520      1519      1478
         3      1542      1498      1499
         3      1551      1469      1509
         3      1489      1488      1444
         3      1483      1439      1440
         3      1482      1438      1397
         3      1485      1441      1400
         3      1486      1442      1443
         3      1485      1484      1441
         3      1509      1469      1426
         3      1530      1487      1488
         3      1530      1488      1489
         3      1526      1483      1484
         3      1490      1445      1446
         3      1487      1486      1443
         3      1491      1446      1447
         3      1488      1487      1443
         3      1492      1491      1447
         3      1540      1454      1497
         3      1529      1486      1487
         3      1492      1447      1448
         3      1491      1490      1446
         3      1532      1490      1491
         3      1494      1449      1450
         3      1493      1492      1448
         3      1534      1492      1493
         3      1569      1485      1528
         3      1529      1528      1486
         3      1494      1493      1449
         3      1500      1458      1459
         3      1498      1497      1455
         3      1510      1470      1428
         3      1538      1495      1496
         3      1511      1510      1471
         3      1539      1538      1496
         3      1502      1461      1462
         3      1499      1498      1457
         3      1534      1533      1491
         3      1530      1529      1487
         3      1543      1458      1500
         3      1501      1500      1459
         3      1540      1539      1453
         3      1525      1524      1482
         3      1505      1465      1466
         3      1506      1466      1467
         3      1547      1502      1503
         3      1548      1464      1504
         3      1505      1504      1465
         3      1590      1504      1505
         3      1589      1503      1548
         3      1506      1505      1466
         3      1550      1467      1507
         3      1585      1543      1544
         3      1544      1543      1500
         3      1578      1494      1536
         3      1508      1507      1468
         3      1512      1471      1472
         3      1513      1472      1473
         3      1555      1474      1515
         3      1552      1510      1511
         3      1517      1516      1476
         3      1552      1509      1470
         3      1553      1511      1512
         3      1520      1478      1479
         3      1513      1512      1472
         3      2227      1513      1554
         3      1514      1431      1474
         3      1515      1474      1475
         3      1555      1514      1474
         3      1595      1509      1552
         3      1557      1475      1516
         3      1519      1477      1478
         3      2222      1517      2220
         3      1559      1517      1518
         3      1557      1556      1515
         3      1559      1516      1517
         3      1624      1542      1585
         3      1561      1477      1519
         3      1521      1479      1480
         3      1521      1520      1479
         3      1562      1520      1521
         3      1522      1521      1480
         3      1562      1521      1522
         3      1567      1566      1525
         3      1568      1567      1527
         3      1527      1526      1484
         3      1528      1485      1486
         3      1524      1481      1482
         3      1524      1523      1481
         3      1526      1525      1483
         3      1532      1531      1490
         3      1583      1540      1541
         3      1531      1530      1489
         3      1531      1489      1490
         3      1534      1491      1492
         3      1567      1525      1526
         3      1535      1493      1494
         3      1536      1494      1495
         3      1572      1529      1530
         3      1577      1493      1535
         3      1537      1536      1495
         3      1573      1531      1532
         3      1575      1532      1533
         3      1608      1567      1568
         3      1569      1568      1485
         3      1533      1532      1491
         3      1539      1496      1453
         3      1545      1500      1501
         3      1577      1534      1493
         3      1609      1568      1569
         3      1541      1540      1497
         3      1542      1541      1498
         3      1579      1536      1537
         3      1575      1574      1532
         3      1538      1537      1495
         3      1541      1497      1498
         3      1543      1499      1458
         3      1543      1542      1499
         3      1590      1505      1549
         3      1582      1539      1540
         3      1570      1569      1528
         3      1594      1507      1508
         3      1586      1544      1545
         3      1546      1501      1461
         3      1548      1503      1464
         3      1549      1505      1506
         3      1545      1544      1500
         3      1546      1545      1501
         3      1587      1545      1546
         3      1596      1511      1553
         3      1588      1502      1547
         3      1581      1580      1538
         3      1550      1506      1467
         3      1550      1549      1506
         3      1590      1548      1504
         3      1588      1587      1546
         3      1594      1508      1551
         3      1551      1508      1469
         3      1593      1550      1507
         3      1558      1557      1516
         3      1554      1513      1514
         3      2227      1512      1513
         3      1634      1551      1595
         3      1557      1515      1475
         3      1555      1554      1514
         3      1597      1554      1555
         3      1556      1555      1515
         3      1560      1518      1477
         3      1602      1520      1562
         3      1598      1557      1558
         3      1599      1558      1559
         3      1598      1556      1557
         3      1635      1552      1596
         3      1626      1625      1586
         3      1574      1573      1532
         3      1559      1558      1516
         3      1560      1559      1518
         3      1561      1560      1477
         3      1601      1560      1561
         3      1602      1519      1520
         3      1563      1562      1522
         3      1601      1600      1560
         3      1641      1555      1556
         3      1620      1581      1582
         3      1573      1572      1531
         3      1572      1571      1529
         3      1610      1528      1571
         3      1565      1524      1525
         3      1564      1523      1524
         3      1565      1564      1524
         3      1566      1565      1525
         3      1567      1526      1527
         3      1568      1527      1485
         3      1571      1528      1529
         3      1572      1530      1531
         3      1576      1533      1534
         3      1578      1535      1494
         3      1611      1571      1572
         3      1609      1569      1570
         3      1576      1575      1533
         3      1577      1576      1534
         3      1618      1536      1579
         3      1607      1606      1565
         3      1629      1547      1589
         3      1613      1573      1574
         3      1606      1605      1564
         3      1580      1537      1538
         3      1581      1538      1539
         3      1617      1535      1578
         3      1615      1575      1576
         3      1618      1578      1536
         3      1616      1576      1577
         3      1584      1541      1542
         3      1582      1581      1539
         3      1620      1619      1580
         3      1580      1579      1537
         3      1614      1613      1574
         3      1585      1542      1543
         3      1586      1585      1544
         3      1630      1589      1590
         3      1583      1582      1540
         3      1621      1582      1583
         3      1660      1615      1616
         3      1650      1606      1607
         3      1614      1574      1575
         3      1623      1541      1584
         3      1588      1546      1502
         3      1587      1586      1545
         3      1625      1585      1586
         3      1589      1547      1503
         3      1592      1549      1550
         3      1590      1589      1548
         3      1635      1595      1552
         3      1591      1590      1549
         3      1632      1592      1593
         3      1667      1584      1624
         3      1659      1614      1615
         3      1592      1591      1549
         3      1634      1594      1551
         3      1594      1593      1507
         3      1593      1592      1550
         3      1631      1591      1592
         3      1651      1650      1607
         3      1612      1611      1572
         3      1595      1551      1509
         3      1596      1552      1511
         3      2227      1597      1639
         3      1641      1556      1598
         3      1600      1559      1560
         3      2227      1638      1553
         3      1634      1633      1594
         3      1602      1561      1519
         3      1599      1598      1558
         3      1642      1598      1599
         3      1600      1599      1559
         3      1637      1636      1596
         3      1633      1632      1593
         3      1603      1562      1563
         3      1602      1601      1561
         3      1645      1601      1602
         3      1617      1616      1577
         3      1603      1602      1562
         3      1604      1603      1563
         3      1608      1607      1566
         3      1608      1566      1567
         3      1607      1565      1566
         3      1606      1564      1565
         3      1610      1570      1528
         3      1612      1572      1573
         3      1610      1609      1570
         3      1609      1608      1568
         3      1651      1607      1608
         3      1665      1620      1621
         3      1611      1610      1571
         3      1616      1615      1576
         3      1662      1578      1618
         3      1666      1622      1623
         3      1655      1611      1612
         3      1653      1609      1610
         3      1652      1608      1609
         3      1613      1612      1573
         3      1617      1577      1535
         3      1615      1614      1575
         3      1619      1579      1580
         3      1620      1580      1581
         3      1663      1579      1619
         3      1672      1628      1629
         3      1662      1661      1617
         3      1660      1659      1615
         3      1621      1620      1582
         3      1622      1621      1583
         3      1656      1655      1612
         3      1697      1651      1608
         3      1623      1583      1541
         3      1624      1584      1542
         3      1623      1622      1583
         3      1633      1593      1594
         3      1627      1586      1587
         3      1668      1585      1625
         3      1668      1624      1585
         3      1666      1621      1622
         3      1627      1626      1586
         3      1628      1627      1588
         3      1669      1625      1626
         3      1627      1587      1588
         3      1628      1588      1547
         3      1670      1626      1627
         3      1631      1590      1591
         3      1629      1628      1547
         3      1676      1592      1632
         3      1630      1629      1589
         3      1673      1629      1630
         3      1716      1625      1669
         3      1668      1667      1624
         3      1708      1662      1618
         3      1675      1590      1631
         3      1679      1635      1636
         3      1638      1637      1553
         3      1676      1675      1631
         3      1653      1652      1609
         3      1637      1596      1553
         3      1635      1634      1595
         3      1640      1597      1555
         3      1636      1635      1596
         3      1679      1634      1635
         3      1641      1640      1555
         3      1687      1598      1642
         3      1681      1637      1638
         3      2227      1639      1638
         3      1683      1639      1597
         3      1724      1633      1678
         3      1673      1672      1629
         3      1743      1654      1700
         3      1683      1597      1640
         3      1646      1602      1603
         3      1643      1599      1600
         3      1644      1600      1601
         3      1685      1684      1641
         3      1647      1603      1604
         3      1643      1642      1599
         3      1679      1678      1634
         3      1644      1643      1600
         3      1645      1644      1601
         3      1690      1644      1645
         3      1687      1686      1598
         3      1650      1649      1606
         3      1691      1602      1646
         3      1692      1603      1647
         3      1692      1646      1603
         3      1649      1648      1605
         3      1657      1612      1613
         3      1649      1605      1606
         3      1654      1653      1610
         3      1665      1664      1620
         3      1695      1649      1650
         3      1655      1610      1611
         3      1697      1608      1652
         3      1657      1613      1614
         3      1657      1656      1612
         3      1696      1695      1650
         3      1655      1654      1610
         3      1702      1656      1657
         3      1671      1627      1628
         3      1664      1663      1619
         3      1660      1616      1617
         3      1706      1660      1661
         3      1699      1698      1652
         3      1700      1654      1655
         3      1698      1697      1652
         3      1658      1657      1614
         3      1659      1658      1614
         3      1662      1617      1578
         3      1661      1660      1617
         3      1708      1618      1663
         3      1667      1623      1584
         3      1663      1618      1579
         3      1664      1619      1620
         3      1671      1670      1627
         3      1708      1707      1662
         3      1720      1673      1674
         3      1707      1661      1662
         3      1712      1621      1666
         3      1705      1704      1659
         3      1752      1708      1709
         3      1713      1623      1667
         3      1717      1669      1670
         3      1674      1630      1590
         3      1675      1674      1590
         3      1716      1668      1625
         3      1751      1706      1707
         3      1703      1702      1657
         3      1670      1669      1626
         3      1678      1633      1634
         3      1672      1671      1628
         3      1674      1673      1630
         3      1718      1671      1672
         3      1680      1636      1637
         3      1684      1683      1640
         3      1719      1672      1673
         3      1676      1631      1592
         3      1677      1632      1633
         3      1721      1675      1676
         3      1757      1714      1715
         3      1691      1645      1602
         3      1723      1632      1677
         3      1682      1638      1639
         3      1683      1682      1639
         3      1680      1679      1636
         3      1723      1722      1676
         3      1727      1680      1681
         3      1681      1680      1637
         3      1725      1678      1679
         3      1765      1723      1677
         3      1762      1674      1721
         3      1749      1704      1705
         3      1743      1699      1653
         3      1728      1638      1682
         3      1684      1640      1641
         3      1686      1685      1641
         3      1730      1683      1684
         3      1686      1641      1598
         3      1688      1642      1643
         3      1732      1685      1686
         3      1689      1643      1644
         3      1733      1642      1688
         3      1733      1687      1642
         3      1732      1686      1687
         3      1768      1681      1728
         3      1689      1688      1643
         3      1690      1689      1644
         3      1735      1689      1690
         3      1722      1721      1676
         3      1736      1645      1691
         3      1737      1646      1692
         3      1738      1692      1693
         3      1737      1691      1646
         3      1693      1692      1647
         3      1718      1717      1671
         3      1741      1697      1698
         3      1704      1658      1659
         3      1695      1694      1648
         3      1695      1648      1649
         3      1696      1650      1651
         3      1697      1696      1651
         3      1740      1695      1696
         3      1699      1652      1653
         3      1743      1653      1654
         3      1746      1656      1702
         3      1710      1709      1664
         3      1701      1655      1656
         3      1703      1657      1658
         3      1701      1700      1655
         3      1742      1698      1699
         3      1716      1715      1668
         3      1745      1744      1700
         3      1705      1659      1660
         3      1707      1706      1661
         3      1741      1740      1696
         3      1704      1703      1658
         3      1745      1700      1701
         3      1709      1708      1663
         3      1706      1705      1660
         3      1711      1665      1621
         3      1713      1666      1623
         3      1748      1747      1703
         3      1709      1663      1664
         3      1710      1664      1665
         3      1715      1667      1668
         3      1713      1712      1666
         3      1753      1709      1710
         3      1711      1710      1665
         3      1754      1711      1712
         3      1753      1710      1711
         3      1781      1741      1742
         3      1712      1711      1621
         3      1714      1713      1667
         3      1715      1714      1667
         3      1717      1670      1671
         3      1721      1674      1675
         3      1759      1669      1717
         3      1758      1715      1716
         3      1756      1713      1714
         3      1726      1725      1679
         3      1723      1676      1632
         3      1725      1724      1678
         3      1760      1717      1718
         3      1759      1758      1716
         3      1795      1712      1755
         3      1719      1718      1672
         3      1720      1719      1673
         3      1759      1716      1669
         3      1791      1708      1752
         3      1724      1677      1633
         3      1765      1677      1724
         3      1763      1721      1722
         3      1747      1746      1702
         3      1726      1679      1680
         3      1728      1681      1638
         3      1730      1682      1683
         3      1729      1728      1682
         3      1736      1690      1645
         3      1766      1724      1725
         3      1767      1726      1727
         3      2226      1726      1767
         3      1727      1726      1680
         3      1731      1684      1685
         3      1734      1688      1689
         3      1769      1728      1729
         3      1804      1722      1764
         3      1770      1682      1730
         3      1731      1730      1684
         3      1772      1731      1732
         3      1771      1730      1731
         3      1760      1759      1717
         3      1732      1731      1685
         3      1733      1732      1687
         3      1734      1733      1688
         3      1774      1733      1734
         3      1775      1734      1735
         3      1801      1800      1761
         3      1779      1695      1740
         3      1735      1734      1689
         3      1776      1690      1736
         3      1737      1736      1691
         3      1818      1736      1737
         3      1777      1737      1738
         3      1738      1737      1692
         3      1742      1741      1698
         3      1741      1696      1697
         3      1739      1694      1695
         3      1743      1742      1699
         3      1782      1742      1743
         3      1746      1701      1656
         3      1785      1701      1746
         3      1744      1743      1700
         3      1786      1746      1747
         3      1780      1740      1741
         3      1785      1745      1701
         3      1750      1749      1705
         3      1747      1702      1703
         3      1749      1703      1704
         3      1755      1712      1713
         3      1756      1755      1713
         3      1783      1782      1743
         3      1785      1784      1745
         3      1750      1705      1706
         3      1749      1748      1703
         3      1788      1748      1749
         3      1779      1778      1739
         3      1798      1758      1759
         3      1751      1750      1706
         3      1789      1750      1751
         3      1791      1707      1708
         3      1825      1784      1785
         3      1780      1779      1740
         3      1753      1752      1709
         3      1754      1753      1711
         3      1786      1785      1746
         3      1758      1757      1715
         3      1762      1720      1674
         3      1796      1755      1756
         3      1832      1831      1791
         3      1757      1756      1714
         3      1761      1718      1719
         3      1761      1719      1720
         3      1761      1760      1718
         3      2226      1767      1808
         3      1840      1760      1799
         3      1793      1792      1753
         3      1762      1761      1720
         3      1763      1762      1721
         3      1764      1722      1723
         3      1768      1727      1681
         3      1766      1765      1724
         3      1802      1762      1763
         3      1765      1764      1723
         3      1800      1799      1761
         3      1798      1797      1757
         3      1770      1729      1682
         3      1773      1732      1733
         3      2226      1807      1806
         3      1809      1767      1768
         3      1809      1768      1769
         3      1768      1767      1727
         3      1812      1732      1773
         3      1769      1768      1728
         3      1802      1801      1762
         3      1810      1729      1770
         3      1771      1770      1730
         3      1811      1771      1772
         3      1850      1770      1771
         3      1836      1795      1796
         3      1826      1785      1786
         3      1788      1787      1748
         3      1772      1771      1731
         3      1776      1735      1690
         3      1774      1773      1733
         3      1813      1773      1774
         3      1814      1734      1775
         3      1815      1775      1735
         3      1851      1771      1811
         3      1815      1735      1776
         3      1818      1737      1777
         3      1809      1808      1767
         3      1790      1789      1751
         3      1779      1739      1695
         3      1782      1781      1742
         3      1784      1783      1743
         3      1821      1779      1780
         3      1781      1780      1741
         3      1822      1780      1781
         3      1784      1743      1744
         3      1784      1744      1745
         3      1823      1782      1783
         3      1822      1821      1780
         3      1805      1804      1764
         3      1787      1747      1748
         3      1789      1749      1750
         3      1787      1786      1747
         3      1792      1791      1752
         3      1796      1795      1755
         3      1826      1825      1785
         3      1791      1751      1707
         3      1829      1749      1789
         3      2213      1787      1827
         3      1792      1752      1753
         3      1791      1790      1751
         3      1830      1789      1790
         3      2213      1786      1787
         3      1794      1753      1754
         3      1794      1793      1753
         3      1795      1794      1754
         3      1835      1794      1795
         3      1832      1791      1792
         3      1869      1827      1828
         3      1795      1754      1712
         3      1797      1756      1757
         3      1798      1757      1758
         3      1799      1760      1761
         3      1839      1759      1760
         3      1797      1796      1756
         3      1837      1796      1797
         3      1801      1761      1762
         3      1842      1800      1801
         3      1838      1798      1759
         3      1835      1834      1794
         3      1803      1763      1722
         3      1805      1764      1765
         3      1806      1765      1766
         3      1804      1803      1722
         3      1842      1841      1800
         3      1803      1802      1763
         3      1843      1842      1801
         3      2211      1798      1878
         3      1810      1769      1729
         3      2226      1808      1807
         3      1806      1805      1765
         3      1846      1805      1806
         3      1845      1804      1805
         3      1846      1845      1805
         3      1829      1828      1788
         3      2213      1868      1867
         3      2226      1806      1766
         3      1810      1809      1769
         3      1849      1848      1809
         3      1847      1808      1809
         3      1812      1772      1732
         3      1814      1774      1734
         3      1853      1773      1813
         3      1852      1772      1812
         3      1850      1810      1770
         3      1844      1843      1802
         3      1874      1793      1834
         3      1817      1776      1736
         3      1814      1813      1774
         3      1854      1813      1814
         3      1815      1814      1775
         3      1857      1817      1818
         3      1854      1853      1813
         3      1816      1815      1776
         3      1817      1816      1776
         3      1858      1818      1819
         3      1855      1854      1814
         3      1818      1817      1736
         3      1819      1818      1777
         3      1855      1814      1815
         3      1864      1781      1782
         3      1820      1778      1779
         3      1861      1779      1821
         3      1864      1782      1823
         3      1824      1783      1784
         3      1864      1822      1781
         3      1865      1783      1824
         3      1865      1823      1783
         3      1863      1821      1822
         3      1866      1784      1825
         3      1827      1787      1788
         3      1829      1788      1749
         3      1830      1829      1789
         3      1828      1827      1788
         3      1831      1830      1790
         3      1837      1836      1796
         3      1870      1828      1829
         3      1861      1860      1820
         3      1831      1790      1791
         3      1834      1793      1794
         3      1871      1830      1831
         3      1867      1825      1826
         3      1884      1804      1845
         3      1833      1792      1793
         3      1833      1832      1792
         3      1873      1832      1833
         3      1876      1835      1836
         3      1920      1834      1875
         3      1878      1798      1838
         3      1836      1835      1795
         3      1880      1840      1841
         3      2211      1923      1922
         3      1841      1799      1800
         3      1839      1838      1759
         3      1918      1833      1874
         3      1869      1868      1827
         3      1844      1803      1804
         3      1840      1839      1760
         3      1847      1807      1808
         3      1841      1840      1799
         3      1880      1839      1840
         3      1864      1863      1822
         3      1862      1861      1821
         3      1843      1801      1802
         3      1844      1802      1803
         3      1882      1842      1843
         3      1913      1869      1870
         3      1849      1809      1810
         3      1893      1850      1851
         3      1884      1844      1804
         3      1888      1807      1847
         3      1887      1806      1807
         3      1887      1846      1806
         3      1848      1847      1809
         3      1889      1847      1848
         3      1879      1878      1838
         3      1852      1811      1772
         3      1850      1849      1810
         3      1853      1812      1773
         3      1851      1850      1771
         3      1892      1849      1850
         3      1852      1851      1811
         3      2212      1812      1853
         3      2212      1896      1940
         3      1887      1886      1846
         3      1856      1815      1816
         3      1856      1816      1817
         3      1897      1854      1855
         3      1898      1815      1856
         3      1897      1896      1854
         3      1857      1856      1817
         3      1858      1857      1818
         3      1901      1857      1858
         3      1894      1893      1851
         3      1914      1829      1871
         3      1859      1858      1819
         3      1882      1881      1842
         3      1909      1865      1824
         3      1866      1824      1784
         3      1861      1820      1779
         3      2213      1867      1826
         3      1874      1833      1793
         3      1905      1861      1862
         3      1863      1862      1821
         3      1865      1864      1823
         3      1909      1824      1866
         3      1873      1872      1832
         3      1870      1869      1828
         3      1908      1864      1865
         3      1905      1904      1861
         3      1907      1863      1864
         3      1910      1825      1867
         3      1871      1829      1830
         3      1872      1831      1832
         3      1876      1875      1835
         3      1912      1868      1869
         3      2211      1837      1797
         3      1926      1880      1881
         3      1909      1908      1865
         3      1872      1871      1831
         3      1906      1905      1862
         3      1875      1834      1835
         3      1877      1836      1837
         3      1916      1915      1872
         3      1879      1838      1839
         3      1880      1879      1839
         3      1920      1919      1834
         3      1922      1877      1837
         3      1955      1868      1912
         3      1907      1906      1863
         3      1877      1876      1836
         3      1881      1880      1841
         3      1886      1845      1846
         3      1925      1878      1879
         3      1949      1905      1906
         3      1881      1841      1842
         3      1883      1843      1844
         3      1929      1844      1884
         3      1885      1884      1845
         3      1927      1881      1882
         3      1883      1882      1843
         3      1891      1848      1849
         3      1888      1887      1807
         3      1971      1882      1928
         3      1926      1925      1879
         3      1925      1924      1878
         3      1898      1897      1855
         3      1886      1885      1845
         3      1961      1917      1918
         3      1890      1889      1848
         3      1936      1891      1892
         3      1932      1887      1888
         3      1924      1923      1878
         3      1889      1888      1847
         3      1891      1890      1848
         3      1892      1891      1849
         3      1894      1851      1852
         3      1893      1892      1850
         3      1936      1890      1891
         3      1935      1889      1890
         3      1896      1853      1854
         3      1898      1855      1815
         3      1938      1893      1894
         3      1895      1894      1852
         3      1939      1938      1894
         3      2206      1892      1981
         3      1932      1931      1886
         3      1919      1918      1874
         3      2212      1895      1852
         3      1899      1856      1857
         3      1902      1858      1859
         3      1942      1897      1898
         3      1899      1898      1856
         3      1900      1899      1857
         3      1944      1899      1900
         3      1943      1942      1898
         3      1982      1938      1939
         3      1901      1900      1857
         3      1902      1901      1858
         3      1955      1911      1868
         3      1915      1914      1871
         3      1911      1910      1867
         3      1906      1862      1863
         3      1904      1860      1861
         3      1904      1903      1860
         3      1910      1866      1825
         3      1911      1867      1868
         3      1954      1910      1911
         3      1956      1912      1869
         3      1949      1906      1907
         3      1908      1907      1864
         3      1950      1907      1908
         3      1910      1909      1866
         3      1917      1872      1873
         3      1914      1870      1829
         3      1915      1871      1872
         3      1956      1869      1913
         3      1952      1909      1910
         3      1917      1916      1872
         3      1914      1913      1870
         3      1963      1920      1876
         3      1958      1914      1915
         3      1918      1917      1873
         3      1964      1877      1922
         3      1955      1954      1911
         3      1918      1873      1833
         3      1919      1874      1834
         3      1963      1876      1921
         3      1960      1916      1917
         3      2211      1922      1837
         3      1970      1969      1926
         3      1958      1957      1914
         3      1992      1905      1949
         3      1951      1908      1909
         3      1920      1875      1876
         3      1921      1876      1877
         3      1933      1932      1888
         3      1966      1922      1923
         3      1926      1879      1880
         3      1928      1882      1883
         3      1970      1926      1881
         3      1966      1923      1924
         3      1999      1955      1956
         3      1929      1883      1844
         3      1970      1881      1927
         3      1932      1886      1887
         3      1929      1928      1883
         3      1966      1965      1922
         3      2009      1920      1963
         3      1930      1884      1885
         3      1931      1885      1886
         3      1933      1888      1889
         3      1974      1884      1930
         3      2214      1929      1974
         3      1931      1930      1885
         3      1971      1970      1927
         3      2005      2004      1960
         3      1935      1934      1889
         3      1941      1896      1897
         3      1934      1933      1889
         3      1978      1933      1934
         3      1978      1932      1933
         3      1975      1974      1930
         3      1936      1935      1890
         3      1981      1892      1937
         3      1937      1892      1893
         3      1938      1937      1893
         3      1980      1935      1936
         3      1994      1950      1951
         3      1939      1894      1895
         3      2212      1940      1895
         3      1943      1898      1899
         3      1983      1895      1940
         3      1941      1940      1896
         3      1984      1940      1941
         3      1983      1939      1895
         3      1942      1941      1897
         3      1946      1901      1902
         3      1945      1900      1901
         3      1944      1943      1899
         3      1986      1943      1944
         3      1986      1942      1943
         3      1945      1944      1900
         3      1946      1945      1901
         3      1988      1945      1946
         3      1982      1981      1937
         3      1978      1977      1932
         3      2003      1958      1959
         3      1948      1904      1905
         3      1947      1903      1904
         3      1991      1904      1948
         3      1993      1907      1950
         3      1951      1950      1908
         3      1952      1951      1909
         3      1960      1959      1916
         3      1991      1990      1947
         3      1961      1960      1917
         3      1954      1953      1910
         3      1953      1952      1910
         3      1995      1994      1951
         3      1956      1955      1912
         3      2004      1959      1960
         3      1957      1913      1914
         3      1959      1915      1916
         3      1997      1996      1953
         3      1957      1956      1913
         3      1998      1997      1954
         3      1962      1918      1919
         3      1959      1958      1915
         3      1962      1919      1920
         3      1962      1961      1918
         3      2011      1964      1965
         3      2020      1977      1978
         3      1999      1998      1954
         3      1964      1921      1877
         3      2010      1921      1964
         3      1965      1964      1922
         3      1972      1971      1928
         3      1967      1924      1925
         3      2231      1924      1967
         3      2006      2005      1961
         3      1968      1925      1926
         3      1971      1927      1882
         3      2231      1967      2012
         3      2000      1999      1956
         3      2008      2007      1962
         3      2013      1968      1969
         3      1968      1967      1925
         3      1969      1968      1926
         3      2041      1997      1998
         3      2002      1957      1958
         3      1973      1928      1929
         3      1973      1972      1928
         3      2214      1974      2017
         3      2015      1971      1972
         3      2015      1970      1971
         3      1974      1929      1884
         3      1976      1930      1931
         3      1977      1931      1932
         3      1976      1975      1930
         3      2017      1974      1975
         3      1979      1934      1935
         3      1977      1976      1931
         3      1982      1937      1938
         3      1985      1941      1942
         3      2019      1976      1977
         3      1979      1978      1934
         3      2060      1975      2018
         3      2015      2014      1970
         3      2051      1964      2011
         3      2045      1959      2004
         3      2042      1999      2000
         3      2023      1935      1980
         3      2206      1981      2024
         3      1987      1944      1945
         3      2026      1939      1983
         3      2026      1982      1939
         3      2023      2022      1979
         3      1984      1983      1940
         3      1985      1984      1941
         3      2032      1986      1987
         3      2028      2027      1983
         3      2030      1942      1986
         3      1987      1986      1944
         3      2027      2026      1983
         3      2065      1980      2024
         3      1988      1987      1945
         3      1989      1988      1946
         3      2033      2032      1987
         3      2061      2018      2019
         3      2231      2053      1966
         3      1994      1993      1950
         3      1992      1991      1948
         3      1992      1948      1905
         3      1991      1947      1904
         3      1993      1949      1907
         3      2037      1949      1993
         3      2036      1991      1992
         3      1995      1951      1952
         3      1996      1995      1952
         3      2038      1993      1994
         3      2037      1992      1949
         3      1996      1952      1953
         3      1997      1953      1954
         3      2040      1995      1996
         3      1999      1954      1955
         3      2000      1956      1957
         3      2046      2005      2006
         3      2043      2000      2001
         3      2005      1960      1961
         3      2006      1961      1962
         3      2007      2006      1962
         3      2001      2000      1957
         3      2085      1999      2042
         3      2002      2001      1957
         3      2003      2002      1958
         3      2089      2001      2044
         3      2043      2042      2000
         3      2016      1972      1973
         3      2048      2006      2007
         3      2008      1962      1920
         3      2010      1963      1921
         3      2011      1965      1966
         3      2012      1967      1968
         3      2014      1969      1970
         3      2048      2007      2008
         3      2046      2004      2005
         3      2009      2008      1920
         3      2048      2047      2006
         3      2040      2039      1995
         3      2010      2009      1963
         3      2055      1969      2014
         3      2016      2015      1972
         3      2054      2012      2013
         3      2052      2011      1966
         3      2088      2087      2043
         3      2013      2012      1968
         3      2018      1975      1976
         3      2019      2018      1976
         3      2021      2020      1978
         3      2057      2015      2016
         3      2056      2014      2015
         3      2078      1992      2037
         3      2091      2004      2046
         3      2214      2017      2059
         3      2022      1978      1979
         3      2023      1979      1935
         3      2022      2021      1978
         3      2020      2019      1977
         3      2064      2021      2022
         3      2063      2020      2021
         3      2206      2024      1980
         3      2029      2028      1984
         3      2058      2057      2016
         3      2025      1981      1982
         3      2028      1983      1984
         3      2025      2024      1981
         3      2065      2023      1980
         3      2067      2025      1982
         3      2064      2063      2021
         3      2100      2013      2055
         3      2068      1982      2026
         3      2029      1984      1985
         3      2030      1985      1942
         3      2069      2027      2028
         3      2032      2031      1986
         3      2030      2029      1985
         3      2071      2029      2030
         3      2067      2066      2025
         3      2113      2068      2069
         3      2098      2052      2053
         3      2031      2030      1986
         3      2033      1987      1988
         3      2034      1988      1989
         3      2074      2032      2033
         3      2034      2033      1988
         3      2075      2033      2034
         3      2038      2037      1993
         3      2045      2003      1959
         3      2041      1996      1997
         3      2039      1994      1995
         3      2035      1990      1991
         3      2036      2035      1991
         3      2083      1996      2041
         3      2083      2040      1996
         3      2081      1994      2039
         3      2080      2038      1994
         3      2079      2037      2038
         3      2049      2008      2009
         3      2088      2043      2001
         3      2047      2046      2006
         3      2085      1998      1999
         3      2126      2038      2080
         3      2044      2001      2002
         3      2044      2002      2003
         3      2090      2003      2045
         3      2097      2096      2051
         3      2049      2048      2008
         3      2094      2048      2049
         3      2096      2050      2051
         3      2089      2088      2001
         3      2085      2084      2041
         3      2126      2079      2038
         3      2050      2009      2010
         3      2051      2010      1964
         3      2051      2050      2010
         3      2050      2049      2009
         3      2097      2011      2052
         3      2097      2051      2011
         3      2053      2052      1966
         3      2099      2012      2054
         3      2062      2019      2020
         3      2056      2055      2014
         3      2055      2013      1969
         3      2057      2056      2015
         3      2095      2049      2050
         3      2214      2059      2058
         3      2060      2059      2017
         3      2101      2055      2056
         3      2108      2063      2064
         3      2214      2058      2016
         3      2060      2017      1975
         3      2103      2057      2058
         3      2063      2062      2020
         3      2068      2026      2027
         3      2105      2104      2058
         3      2061      2060      2018
         3      2106      2060      2061
         3      2105      2059      2060
         3      2157      2097      2052
         3      2093      2092      2047
         3      2130      2081      2039
         3      2141      2088      2089
         3      2062      2061      2019
         3      2064      2022      2023
         3      2066      2024      2025
         3      2071      2070      2029
         3      2065      2064      2023
         3      2111      2024      2066
         3      2111      2065      2024
         3      2106      2105      2060
         3      2070      2028      2029
         3      2068      2067      1982
         3      2070      2069      2028
         3      2069      2068      2027
         3      2111      2110      2065
         3      2073      2030      2031
         3      2074      2031      2032
         3      2116      2070      2071
         3      2184      2066      2112
         3      2161      2099      2054
         3      2072      2071      2030
         3      2073      2072      2030
         3      2118      2073      2074
         3      2117      2072      2073
         3      2074      2073      2031
         3      2075      2074      2033
         3      2076      2075      2034
         3      2120      2075      2076
         3      2164      2101      2102
         3      2130      2039      2082
         3      2079      2078      2037
         3      2078      2036      1992
         3      2077      2035      2036
         3      2122      2036      2078
         3      2082      2039      2040
         3      2085      2041      1998
         3      2132      2040      2083
         3      2081      2080      1994
         3      2135      2084      2085
         3      2087      2086      2043
         3      2128      2080      2081
         3      2124      2078      2079
         3      2084      2083      2041
         3      2093      2047      2048
         3      2086      2042      2043
         3      2090      2044      2003
         3      2137      2042      2086
         3      2137      2085      2042
         3      2104      2103      2058
         3      2138      2086      2087
         3      2133      2083      2084
         3      2091      2045      2004
         3      2090      2089      2044
         3      2092      2091      2046
         3      2144      2090      2091
         3      2092      2046      2047
         3      2091      2090      2045
         3      2143      2089      2090
         3      2139      2087      2088
         3      2115      2114      2070
         3      2100      2054      2013
         3      2103      2056      2057
         3      2148      2092      2093
         3      2094      2093      2048
         3      2150      2093      2094
         3      2095      2094      2049
         3      2096      2095      2050
         3      2154      2095      2096
         3      2152      2094      2095
         3      2146      2091      2092
         3      2231      2099      2053
         3      2157      2052      2098
         3      2099      2098      2053
         3      2161      2054      2100
         3      2101      2100      2055
         3      2102      2101      2056
         3      2107      2106      2061
         3      2163      2100      2101
         3      2105      2058      2059
         3      2103      2102      2056
         3      2159      2098      2099
         3      2110      2064      2065
         3      2172      2105      2106
         3      2168      2103      2104
         3      2166      2102      2103
         3      2107      2061      2062
         3      2108      2062      2063
         3      2108      2107      2062
         3      2109      2108      2064
         3      2174      2106      2107
         3      2176      2107      2108
         3      2112      2066      2067
         3      2114      2113      2069
         3      2178      2108      2109
         3      2170      2104      2105
         3      2180      2064      2110
         3      2113      2067      2068
         3      2113      2112      2067
         3      2184      2111      2066
         3      2182      2110      2111
         3      2114      2069      2070
         3      2116      2071      2072
         3      2119      2074      2075
         3      2189      2114      2115
         3      2188      2113      2114
         3      2116      2115      2070
         3      2193      2072      2117
         3      2193      2116      2072
         3      2195      2117      2118
         3      2118      2117      2073
         3      2119      2118      2074
         3      2120      2119      2075
         3      2199      2119      2120
         3      2197      2118      2119
         3      2191      2115      2116
         3      2180      2109      2064
         3      2156      2096      2097
         3      2132      2082      2040
         3      2122      2077      2036
         3      2122      2121      2077
         3      2123      2122      2078
         3      2124      2123      2078
         3      2125      2124      2079
         3      2126      2125      2079
         3      2127      2126      2080
         3      2128      2127      2080
         3      2129      2128      2081
         3      2130      2129      2081
         3      2131      2130      2082
         3      2132      2131      2082
         3      2133      2132      2083
         3      2134      2133      2084
         3      2186      2112      2113
         3      2135      2134      2084
         3      2136      2135      2085
         3      2137      2136      2085
         3      2138      2137      2086
         3      2139      2138      2087
         3      2140      2139      2088
         3      2141      2140      2088
         3      2142      2141      2089
         3      2143      2142      2089
         3      2144      2143      2090
         3      2145      2144      2091
         3      2146      2145      2091
         3      2147      2146      2092
         3      2148      2147      2092
         3      2149      2148      2093
         3      2150      2149      2093
         3      2151      2150      2094
         3      2152      2151      2094
         3      2153      2152      2095
         3      2154      2153      2095
         3      2155      2154      2096
         3      2156      2155      2096
         3      2157      2156      2097
         3      2158      2157      2098
         3      2159      2158      2098
         3      2160      2159      2099
         3      2161      2160      2099
         3      2162      2161      2100
         3      2163      2162      2100
         3      2164      2163      2101
         3      2165      2164      2102
         3      2166      2165      2102
         3      2167      2166      2103
         3      2168      2167      2103
         3      2169      2168      2104
         3      2170      2169      2104
         3      2171      2170      2105
         3      2172      2171      2105
         3      2173      2172      2106
         3      2174      2173      2106
         3      2175      2174      2107
         3      2176      2175      2107
         3      2177      2176      2108
         3      2178      2177      2108
         3      2179      2178      2109
         3      2180      2179      2109
         3      2181      2180      2110
         3      2182      2181      2110
         3      2183      2182      2111
         3      2184      2183      2111
         3      2185      2184      2112
         3      2186      2185      2112
         3      2187      2186      2113
         3      2188      2187      2113
         3      2189      2188      2114
         3      2190      2189      2115
         3      2191      2190      2115
         3      2192      2191      2116
         3      2193      2192      2116
         3      2194      2193      2117
         3      2195      2194      2117
         3      2196      2195      2118
         3      2197      2196      2118
         3      2198      2197      2119
         3      2199      2198      2119
         3      2200      2199      2120
         3      2201       160       119
         3      2201       161       203
         3      2202       127        83
         3      2202       128       170
         3      2203       487       449
         3      2203       449       410
         3      2204       534       533
         3      2204       487      2203
         3      2205       177       135
         3      2205       220       263
         3      2206      1980      1936
         3      2206      1936      1892
         3      2207       958       915
         3      2207       959      1000
         3      2209      2208      1000
         3      2208      1043       999
         3      2209      1000      1044
         3      2209      1087      1043
         3      2210       173       131
         3      2210       131       132
         3      2211      1797      1798
         3      2211      1878      1923
         3      2212      1852      1812
         3      2212      1853      1896
         3      2213      1826      1786
         3      2213      1827      1868
         3      2214      2016      1973
         3      2214      1973      1929
         3      2215       350       308
         3      2215       351       425
         3      2216       425       424
         3      2216       385       350
         3      2217       956       913
         3      2217       957       998
         3      2218       913       871
         3      2218       872       957
         3      2219      1433      1389
         3      2222      1390      1434
         3      2222      2220      2221
         3      2220      1517      1476
         3      2221      1389      1346
         3      2222      2221      1390
         3      2222      1434      1518
         3      2222      1518      1517
         3      2223       388       311
         3      2223       311       312
         3      2225      2224       466
         3      2224       467       509
         3      2225       466       386
         3      2225       426      2224
         3      2226      1766      1725
         3      2226      1725      1726
         3      2227      1553      1512
         3      2227      1554      1597
         3      2228      1144      1187
         3      2228      1187      1229
         3      2229       602       559
         3      2229       559       603
         3      2230       655       694
         3      2230       694       738
         3      2231      1966      1924
         3      2231      2012      2099
         3      2232      1334      1335
         3      2232      1378      1467
         3      2233       443       404
         3      2233       404       405
         3      2234      1322      1281
         3      2234      1282      1365
         3      2235      1462      1420
         3      2236      2235      1420
         3      2236      1420      1376
         3      2236      1421      1463
         3      2237      1371      1326
         3      2238      1326      1288
         3      2238      1288      1289
         3      2238      1289      1372
         3      2239       480       481
         3      2239       481       526
         3      2240       565       525
         3      2240       525       480
         3      2241       821       776
         3      2242      2241       777
         3      2242       777       865
         3      2242       865       864
         3      2243      1190      1148
         3      2243      1191      1233
         3      2244      1247      1202
         3      2244      1202      1162
         3      2245      1293      1330
         3      2245      1292      1247
         3      2246       258       215
         3      2246       216       259
         3      2247       679       635
         3      2247       635       636
         3      2249      1209      1168
         3      2248      1210      1255
         3      2249      1168      1123
         3      2249      1123      1210
         3      2250       900       855
         3      2250       856       943
         3      2251       813       768
         3      2251       814       856
         3      2252       907       865
         3      2252       822       866
         3      2253      1193      1152
         3      2253      1152      1106
         3      2254      1255      1210
         3      2254      1256      1301
CELL_TYPES       4252
 5
 5
 5
 5
 5
 5
 5
 5
 5
 5
 5
 5
 5
 5
 5
 5
 5
 5
 5
 5
 5
 5
 5
 5
 5
 5
 5
 5
 5
 5
 5
 5
 5
 5
 5
 5
 5
 5
 5
 5
 5
 5
 5
 5
 5
 5
 5
 5
 5
 5
 5
 5
 5
 5
 5
 5
 5
 5
 5
 5
 5
 5
 5
 5
 5
 5
 5
 5
 5
 5
 5
 5
 5
 5
 5
 5
 5
 5
 5
 5
 5
 5
 5
 5
 5
 5
 5
 5
 5
 5
 5
 5
 5
 5
 5
 5
 5
 5
 5
 5
 5
 5
 5
 5
 5
 5
 5
 5
 5
 5
 5
 5
 5
 5
 5
 5
 5
 5
 5
 5
 5
 5
 5
 5
 5
 5
 5
 5
 5
 5
 5
 5
 5
 5
 5
 5
 5
 5
 5
 5
 5
 5
 5
 5
 5
 5
 5
 5
 5
 5
 5
 5
 5
 5
 5
 5
 5
 5
 5
 5
 5
 5
 5
 5
 5
 5
 5
 5
 5
 5
 5
 5
 5
 5
 5
 5
 5
 5
 5
 5
 5
 5
 5
 5
 5
 5
 5
 5
 5
 5
 5
 5
 5
 5
 5
 5
 5
 5
 5
 5
 5
 5
 5
 5
 5
 5
 5
 5
 5
 5
 5
 5
 5
 5
 5
 5
 5
 5
 5
 5
 5
 5
 5
 5
 5
 5
 5
 5
 5
 5
 5
 5
 5
 5
 5
 5
 5
 5
 5
 5
 5
 5
 5
 5
 5
 5
 5
 5
 5
 5
 5
 5
 5
 5
 5
 5
 5
 5
 5
 5
 5
 5
 5
 5
 5
 5
 5
 5
 5
 5
 5
 5
 5
 5
 5
 5
 5
 5
 5
 5
 5
 5
 5
 5
 5
 5
 5
 5
 5
 5
 5
 5
 5
 5
 5
 5
 5
 5
 5
 5
 5
 5
 5
 5
 5
 5
 5
 5
 5
 5
 5
 5
 5
 5
 5
 5
 5
 5
 5
 5
 5
 5
 5
 5
 5
 5
 5
 5
 5
 5
 5
 5
 5
 5
 5
 5
 5
 5
 5
 5
 5
 5
 5
 5
 5
 5
 5
 5
 5
 5
 5
 5
 5
 5
 5
 5
 5
 5
 5
 5
 5
 5
 5
 5
 5
 5
 5
 5
 5
 5
 5
 5
 5
 5
 5
 5
 5
 5
 5
 5
 5
 5
 5
 5
 5
 5
 5
 5
 5
 5
 5
 5
 5
 5
 5
 5
 5
 5
 5
 5
 5
 5
 5
 5
 5
 5
 5
 5
 5
 5
 5
 5
 5
 5
 5
 5
 5
 5
 5
 5
 5
 5
 5
 5
 5
 5
 5
 5
 5
 5
 5
 5
 5
 5
 5
 5
 5
 5
 5
 5
 5
 5
 5
 5
 5
 5
 5
 5
 5
 5
 5
 5
 5
 5
 5
 5
 5
 5
 5
 5
 5
 5
 5
 5
 5
 5
 5
 5
 5
 5
 5
 5
 5
 5
 5
 5
 5
 5
 5
 5
 5
 5
 5
 5
 5
 5
 5
 5
 5
 5
 5
 5
 5
 5
 5
 5
 5
 5
 5
 5
 5
 5
 5
 5
 5
 5
 5
 5
 5
 5
 5
 5
 5
 5
 5
 5
 5
 5
 5
 5
 5
 5
 5
 5
 5
 5
 5
 5
 5
 5
 5
 5
 5
 5
 5
 5
 5
 5
 5
 5
 5
 5
 5
 5
 5
 5
 5
 5
 5
 5
 5
 5
 5
 5
 5
 5
 5
 5
 5
 5
 5
 5
 5
 5
 5
 5
 5
 5
 5
 5
 5
 5
 5
 5
 5
 5
 5
 5
 5
 5
 5
 5
 5
 5
 5
 5
 5
 5
 5
 5
 5
 5
 5
 5
 5
 5
 5
 5
 5
 5
 5
 5
 5
 5
 5
 5
 5
 5
 5
 5
 5
 5
 5
 5
 5
 5
 5
 5
 5
 5
 5
 5
 5
 5
 5
 5
 5
 5
 5
 5
 5
 5
 5
 5
 5
 5
 5
 5
 5
 5
 5
 5
 5
 5
 5
 5
 5
 5
 5
 5
 5
 5
 5
 5
 5
 5
 5
 5
 5
 5
 5
 5
 5
 5
 5
 5
 5
 5
 5
 5
 5
 5
 5
 5
 5
 5
 5
 5
 5
 5
 5
 5
 5
 5
 5
 5
 5
 5
 5
 5
 5
 5
 5
 5
 5
 5
 5
 5
 5
 5
 5
 5
 5
 5
 5
 5
 5
 5
 5
 5
 5
 5
 5
 5
 5
 5
 5
 5
 5
 5
 5
 5
 5
 5
 5
 5
 5
 5
 5
 5
 5
 5
 5
 5
 5
 5
 5
 5
 5
 5
 5
 5
 5
 5
 5
 5
 5
 5
 5
 5
 5
 5
 5
 5
 5
 5
 5
 5
 5
 5
 5
 5
 5
 5
 5
 5
 5
 5
 5
 5
 5
 5
 5
 5
 5
 5
 5
 5
 5
 5
 5
 5
 5
 5
 5
 5
 5
 5
 5
 5
 5
 5
 5
 5
 5
 5
 5
 5
 5
 5
 5
 5
 5
 5
 5
 5
 5
 5
 5
 5
 5
 5
 5
 5
 5
 5
 5
 5
 5
 5
 5
 5
 5
 5
 5
 5
 5
 5
 5
 5
 5
 5
 5
 5
 5
 5
 5
 5
 5
 5
 5
 5
 5
 5
 5
 5
 5
 5
 5
 5
 5
 5
 5
 5
 5
 5
 5
 5
 5
 5
 5
 5
 5
 5
 5
 5
 5
 5
 5
 5
 5
 5
 5
 5
 5
 5
 5
 5
 5
 5
 5
 5
 5
 5
 5
 5
 5
 5
 5
 5
 5
 5
 5
 5
 5
 5
 5
 5
 5
 5
 5
 5
 5
 5
 5
 5
 5
 5
 5
 5
 5
 5
 5
 5
 5
 5
 5
 5
 5
 5
 5
 5
 5
 5
 5
 5
 5
 5
 5
 5
 5
 5
 5
 5
 5
 5
 5
 5
 5
 5
 5
 5
 5
 5
 5
 5
 5
 5
 5
 5
 5
 5
 5
 5
 5
 5
 5
 5
 5
 5
 5
 5
 5
 5
 5
 5
 5
 5
 5
 5
 5
 5
 5
 5
 5
 5
 5
 5
 5
 5
 5
 5
 5
 5
 5
 5
 5
 5
 5
 5
 5
 5
 5
 5
 5
 5
 5
 5
 5
 5
 5
 5
 5
 5
 5
 5
 5
 5
 5
 5
 5
 5
 5
 5
 5
 5
 5
 5
 5
 5
 5
 5
 5
 5
 5
 5
 5
 5
 5
 5
 5
 5
 5
 5
 5
 5
 5
 5
 5
 5
 5
 5
 5
 5
 5
 5
 5
 5
 5
 5
 5
 5
 5
 5
 5
 5
 5
 5
 5
 5
 5
 5
 5
 5
 5
 5
 5
 5
 5
 5
 5
 5
 5
 5
 5
 5
 5
 5
 5
 5
 5
 5
 5
 5
 5
 5
 5
 5
 5
 5
 5
 5
 5
 5
 5
 5
 5
 5
 5
 5
 5
 5
 5
 5
 5
 5
 5
 5
 5
 5
 5
 5
 5
 5
 5
 5
 5
 5
 5
 5
 5
 5
 5
 5
 5
 5
 5
 5
 5
 5
 5
 5
 5
 5
 5
 5
 5
 5
 5
 5
 5
 5
 5
 5
 5
 5
 5
 5
 5
 5
 5
 5
 5
 5
 5
 5
 5
 5
 5
 5
 5
 5
 5
 5
 5
 5
 5
 5
 5
 5
 5
 5
 5
 5
 5
 5
 5
 5
 5
 5
 5
 5
 5
 5
 5
 5
 5
 5
 5
 5
 5
 5
 5
 5
 5
 5
 5
 5
 5
 5
 5
 5
 5
 5
 5
 5
 5
 5
 5
 5
 5
 5
 5
 5
 5
 5
 5
 5
 5
 5
 5
 5
 5
 5
 5
 5
 5
 5
 5
 5
 5
 5
 5
 5
 5
 5
 5
 5
 5
 5
 5
 5
 5
 5
 5
 5
 5
 5
 5
 5
 5
 5
 5
 5
 5
 5
 5
 5
 5
 5
 5
 5
 5
 5
 5
 5
 5
 5
 5
 5
 5
 5
 5
 5
 5
 5
 5
 5
 5
 5
 5
 5
 5
 5
 5
 5
 5
 5
 5
 5
 5
 5
 5
 5
 5
 5
 5
 5
 5
 5
 5
 5
 5
 5
 5
 5
 5
 5
 5
 5
 5
 5
 5
 5
 5
 5
 5
 5
 5
 5
 5
 5
 5
 5
 5
 5
 5
 5
 5
 5
 5
 5
 5
 5
 5
 5
 5
 5
 5
 5
 5
 5
 5
 5
 5
 5
 5
 5
 5
 5
 5
 5
 5
 5
 5
 5
 5
 5
 5
 5
 5
 5
 5
 5
 5
 5
 5
 5
 5
 5
 5
 5
 5
 5
 5
 5
 5
 5
 5
 5
 5
 5
 5
 5
 5
 5
 5
 5
 5
 5
 5
 5
 5
 5
 5
 5
 5
 5
 5
 5
 5
 5
 5
 5
 5
 5
 5
 5
 5
 5
 5
 5
 5
 5
 5
 5
 5
 5
 5
 5
 5
 5
 5
 5
 5
 5
 5
 5
 5
 5
 5
 5
 5
 5
 5
 5
 5
 5
 5
 5
 5
 5
 5
 5
 5
 5
 5
 5
 5
 5
 5
 5
 5
 5
 5
 5
 5
 5
 5
 5
 5
 5
 5
 5
 5
 5
 5
 5
 5
 5
 5
 5
 5
 5
 5
 5
 5
 5
 5
 5
 5
 5
 5
 5
 5
 5
 5
 5
 5
 5
 5
 5
 5
 5
 5
 5
 5
 5
 5
 5
 5
 5
 5
 5
 5
 5
 5
 5
 5
 5
 5
 5
 5
 5
 5
 5
 5
 5
 5
 5
 5
 5
 5
 5
 5
 5
 5
 5
 5
 5
 5
 5
 5
 5
 5
 5
 5
 5
 5
 5
 5
 5
 5
 5
 5
 5
 5
 5
 5
 5
 5
 5
 5
 5
 5
 5
 5
 5
 5
 5
 5
 5
 5
 5
 5
 5
 5
 5
 5
 5
 5
 5
 5
 5
 5
 5
 5
 5
 5
 5
 5
 5
 5
 5
 5
 5
 5
 5
 5
 5
 5
 5
 5
 5
 5
 5
 5
 5
 5
 5
 5
 5
 5
 5
 5
 5
 5
 5
 5
 5
 5
 5
 5
 5
 5
 5
 5
 5
 5
 5
 5
 5
 5
 5
 5
 5
 5
 5
 5
 5
 5
 5
 5
 5
 5
 5
 5
 5
 5
 5
 5
 5
 5
 5
 5
 5
 5
 5
 5
 5
 5
 5
 5
 5
 5
 5
 5
 5
 5
 5
 5
 5
 5
 5
 5
 5
 5
 5
 5
 5
 5
 5
 5
 5
 5
 5
 5
 5
 5
 5
 5
 5
 5
 5
 5
 5
 5
 5
 5
 5
 5
 5
 5
 5
 5
 5
 5
 5
 5
 5
 5
 5
 5
 5
 5
 5
 5
 5
 5
 5
 5
 5
 5
 5
 5
 5
 5
 5
 5
 5
 5
 5
 5
 5
 5
 5
 5
 5
 5
 5
 5
 5
 5
 5
 5
 5
 5
 5
 5
 5
 5
 5
 5
 5
 5
 5
 5
 5
 5
 5
 5
 5
 5
 5
 5
 5
 5
 5
 5
 5
 5
 5
 5
 5
 5
 5
 5
 5
 5
 5
 5
 5
 5
 5
 5
 5
 5
 5
 5
 5
 5
 5
 5
 5
 5
 5
 5
 5
 5
 5
 5
 5
 5
 5
 5
 5
 5
 5
 5
 5
 5
 5
 5
 5
 5
 5
 5
 5
 5
 5
 5
 5
 5
 5
 5
 5
 5
 5
 5
 5
 5
 5
 5
 5
 5
 5
 5
 5
 5
 5
 5
 5
 5
 5
 5
 5
 5
 5
 5
 5
 5
 5
 5
 5
 5
 5
 5
 5
 5
 5
 5
 5
 5
 5
 5
 5
 5
 5
 5
 5
 5
 5
 5
 5
 5
 5
 5
 5
 5
 5
 5
 5
 5
 5
 5
 5
 5
 5
 5
 5
 5
 5
 5
 5
 5
 5
 5
 5
 5
 5
 5
 5
 5
 5
 5
 5
 5
 5
 5
 5
 5
 5
 5
 5
 5
 5
 5
 5
 5
 5
 5
 5
 5
 5
 5
 5
 5
 5
 5
 5
 5
 5
 5
 5
 5
 5
 5
 5
 5
 5
 5
 5
 5
 5
 5
 5
 5
 5
 5
 5
 5
 5
 5
 5
 5
 5
 5
 5
 5
 5
 5
 5
 5
 5
 5
 5
 5
 5
 5
 5
 5
 5
 5
 5
 5
 5
 5
 5
 5
 5
 5
 5
 5
 5
 5
 5
 5
 5
 5
 5
 5
 5
 5
 5
 5
 5
 5
 5
 5
 5
 5
 5
 5
 5
 5
 5
 5
 5
 5
 5
 5
 5
 5
 5
 5
 5
 5
 5
 5
 5
 5
 5
 5
 5
 5
 5
 5
 5
 5
 5
 5
 5
 5
 5
 5
 5
 5
 5
 5
 5
 5
 5
 5
 5
 5
 5
 5
 5
 5
 5
 5
 5
 5
 5
 5
 5
 5
 5
 5
 5
 5
 5
 5
 5
 5
 5
 5
 5
 5
 5
 5
 5
 5
 5
 5
 5
 5
 5
 5
 5
 5
 5
 5
 5
 5
 5
 5
 5
 5
 5
 5
 5
 5
 5
 5
 5
 5
 5
 5
 5
 5
 5
 5
 5
 5
 5
 5
 5
 5
 5
 5
 5
 5
 5
 5
 5
 5
 5
 5
 5
 5
 5
 5
 5
 5
 5
 5
 5
 5
 5
 5
 5
 5
 5
 5
 5
 5
 5
 5
 5
 5
 5
 5
 5
 5
 5
 5
 5
 5
 5
 5
 5
 5
 5
 5
 5
 5
 5
 5
 5
 5
 5
 5
 5
 5
 5
 5
 5
 5
 5
 5
 5
 5
 5
 5
 5
 5
 5
 5
 5
 5
 5
 5
 5
 5
 5
 5
 5
 5
 5
 5
 5
 5
 5
 5
 5
 5
 5
 5
 5
 5
 5
 5
 5
 5
 5
 5
 5
 5
 5
 5
 5
 5
 5
 5
 5
 5
 5
 5
 5
 5
 5
 5
 5
 5
 5
 5
 5
 5
 5
 5
 5
 5
 5
 5
 5
 5
 5
 5
 5
 5
 5
 5
 5
 5
 5
 5
 5
 5
 5
 5
 5
 5
 5
 5
 5
 5
 5
 5
 5
 5
 5
 5
 5
 5
 5
 5
 5
 5
 5
 5
 5
 5
 5
 5
 5
 5
 5
 5
 5
 5
 5
 5
 5
 5
 5
 5
 5
 5
 5
 5
 5
 5
 5
 5
 5
 5
 5
 5
 5
 5
 5
 5
 5
 5
 5
 5
 5
 5
 5
 5
 5
 5
 5
 5
 5
 5
 5
 5
 5
 5
 5
 5
 5
 5
 5
 5
 5
 5
 5
 5
 5
 5
 5
 5
 5
 5
 5
 5
 5
 5
 5
 5
 5
 5
 5
 5
 5
 5
 5
 5
 5
 5
 5
 5
 5
 5
 5
 5
 5
 5
 5
 5
 5
 5
 5
 5
 5
 5
 5
 5
 5
 5
 5
 5
 5
 5
 5
 5
 5
 5
 5
 5
 5
 5
 5
 5
 5
 5
 5
 5
 5
 5
 5
 5
 5
 5
 5
 5
 5
 5
 5
 5
 5
 5
 5
 5
 5
 5
 5
 5
 5
 5
 5
 5
 5
 5
 5
 5
 5
 5
 5
 5
 5
 5
 5
 5
 5
 5
 5
 5
 5
 5
 5
 5
 5
 5
 5
 5
 5
 5
 5
 5
 5
 5
 5
 5
 5
 5
 5
 5
 5
 5
 5
 5
 5
 5
 5
 5
 5
 5
 5
 5
 5
 5
 5
 5
 5
 5
 5
 5
 5
 5
 5
 5
 5
 5
 5
 5
 5
 5
 5
 5
 5
 5
 5
 5
 5
 5
 5
 5
 5
 5
 5
 5
 5
 5
 5
 5
 5
 5
 5
 5
 5
 5
 5
 5
 5
 5
 5
 5
 5
 5
 5
 5
 5
 5
 5
 5
 5
 5
 5
 5
 5
 5
 5
 5
 5
 5
 5
 5
 5
 5
 5
 5
 5
 5
 5
 5
 5
 5
 5
 5
 5
 5
 5
 5
 5
 5
 5
 5
 5
 5
 5
 5
 5
 5
 5
 5
 5
 5
 5
 5
 5
 5
 5
 5
 5
 5
 5
 5
 5
 5
 5
 5
 5
 5
 5
 5
 5
 5
 5
 5
 5
 5
 5
 5
 5
 5
 5
 5
 5
 5
 5
 5
 5
 5
 5
 5
 5
 5
 5
 5
 5
 5
 5
 5
 5
 5
 5
 5
 5
 5
 5
 5
 5
 5
 5
 5
 5
 5
 5
 5
 5
 5
 5
 5
 5
 5
 5
 5
 5
 5
 5
 5
 5
 5
 5
 5
 5
 5
 5
 5
 5
 5
 5
 5
 5
 5
 5
 5
 5
 5
 5
 5
 5
 5
 5
 5
 5
 5
 5
 5
 5
 5
 5
 5
 5
 5
 5
 5
 5
 5
 5
 5
 5
 5
 5
 5
 5
 5
 5
 5
 5
 5
 5
 5
 5
 5
 5
 5
 5
 5
 5
 5
 5
 5
 5
 5
 5
 5
 5
 5
 5
 5
 5
 5
 5
 5
 5
 5
 5
 5
 5
 5
 5
 5
 5
 5
 5
 5
 5
 5
 5
 5
 5
 5
 5
 5
 5
 5
 5
 5
 5
 5
 5
 5
 5
 5
 5
 5
 5
 5
 5
 5
 5
 5
 5
 5
 5
 5
 5
 5
 5
 5
 5
 5
 5
 5
 5
 5
 5
 5
 5
 5
 5
 5
 5
 5
 5
 5
 5
 5
 5
 5
 5
 5
 5
 5
 5
 5
 5
 5
 5
 5
 5
 5
 5
 5
 5
 5
 5
 5
 5
 5
 5
 5
 5
 5
 5
 5
 5
 5
 5
 5
 5
 5
 5
 5
 5
 5
 5
 5
 5
 5
 5
 5
 5
 5
 5
 5
 5
 5
 5
 5
 5
 5
 5
 5
 5
 5
 5
 5
 5
 5
 5
 5
 5
 5
 5
 5
 5
 5
 5
 5
 5
 5
 5
 5
 5
 5
 5
 5
 5
 5
 5
 5
 5
 5
 5
 5
 5
 5
 5
 5
 5
 5
 5
 5
 5
 5
 5
 5
 5
 5
 5
 5
 5
 5
 5
 5
 5
 5
 5
 5
 5
 5
 5
 5
 5
 5
 5
 5
 5
 5
 5
 5
 5
 5
 5
 5
 5
 5
 5
 5
 5
 5
 5
 5
 5
 5
 5
 5
 5
 5
 5
 5
 5
 5
 5
 5
 5
 5
 5
 5
 5
 5
 5
 5
 5
 5
 5
 5
 5
 5
 5
 5
 5
 5
 5
 5
 5
 5
 5
 5
 5
 5
 5
 5
 5
 5
 5
 5
 5
 5
 5
 5
 5
 5
 5
 5
 5
 5
 5
 5
 5
 5
 5
 5
 5
 5
 5
 5
 5
 5
 5
 5
 5
 5
 5
 5
 5
 5
 5
 5
 5
 5
 5
 5
 5
 5
 5
 5
 5
 5
 5
 5
 5
 5
 5
 5
 5
 5
 5
 5
 5
 5
 5
 5
 5
 5
 5
 5
 5
 5
 5
 5
 5
 5
 5
 5
 5
 5
 5
 5
 5
 5
 5
 5
 5
 5
 5
 5
 5
 5
 5
 5
 5
 5
 5
 5
 5
 5
 5
 5
 5
 5
 5
 5
 5
 5
 5
 5
 5
 5
 5
 5
 5
 5
 5
 5
 5
 5
 5
 5
 5
 5
 5
 5
 5
 5
 5
 5
 5
 5
 5
 5
 5
 5
 5
 5
 5
 5
 5
 5
 5
 5
 5
 5
 5
 5
 5
 5
 5
 5
 5
 5
 5
 5
 5
 5
 5
 5
 5
 5
 5
 5
 5
 5
 5
 5
 5
 5
 5
 5
 5
 5
 5
 5
 5
 5
 5
 5
 5
 5
 5
 5
 5
 5
 5
 5
 5
 5
 5
 5
 5
 5
 5
 5
 5
 5
 5
 5
 5
 5
 5
 5
 5
 5
 5
 5
 5
 5
 5
 5
 5
 5
 5
 5
 5
 5
 5
 5
 5
 5
 5
 5
 5
 5
 5
 5
 5
 5
 5
 5
 5
 5
 5
 5
 5
 5
 5
 5
 5
 5
 5
 5
 5
 5
 5
 5
 5
 5
 5
 5
 5
 5
 5
 5
 5
 5
 5
 5
 5
 5
 5
 5
 5
 5
 5
 5
 5
 5
 5
 5
 5
 5
 5
 5
 5
 5
 5
 5
 5
 5
 5
 5
 5
 5
 5
 5
 5
 5
 5
 5
 5
 5
 5
 5
 5
 5
 5
 5
 5
 5
 5
 5
 5
 5
 5
 5
 5
 5
 5
 5
 5
 5
 5
 5
 5
 5
 5
 5
 5
 5
 5
 5
 5
 5
 5
 5
 5
 5
 5
 5
 5
 5
 5
 5
 5
 5
 5
 5
 5
 5
 5
 5
 5
 5
 5
 5
 5
 5
 5
 5
 5
 5
 5
 5
 5
 5
 5
 5
 5
 5
 5
 5
 5
 5
 5
 5
 5
 5
 5
 5
 5
 5
 5
 5
 5
 5
 5
 5
 5
 5
 5
 5
 5
 5
 5
 5
 5
 5
 5
 5
 5
 5
 5
 5
 5
 5
 5
 5
 5
 5
 5
 5
 5
 5
 5
 5
 5
 5
 5
 5
 5
 5
 5
 5
 5
 5
 5
 5
 5
 5
 5
 5
 5
 5
 5
 5
 5
 5
 5
 5
 5
 5
 5
 5
 5
 5
 5
 5
 5
 5
 5
 5
 5
 5
 5
 5
 5
 5
 5
 5
 5
 5
 5
 5
 5
 5
 5
 5
 5
 5
 5
 5
 5
 5
 5
 5
 5
 5
 5
 5
 5
 5
 5
 5
 5
 5
 5
 5
 5
 5
 5
 5
 5
 5
 5
 5
 5
 5
 5
 5
 5
 5
 5
 5
 5
 5
 5
 5
 5
 5
 5
 5
 5
 5
 5
 5
 5
 5
 5
 5
 5
 5
 5
 5
 5
 5
 5
 5
 5
 5
 5
 5
 5
 5
 5
 5
 5
 5
 5
 5
 5
 5
 5
 5
 5
 5
 5
 5
 5
 5
 5
 5
 5
 5
 5
 5
 5
 5
 5
 5
 5
 5
 5
 5
 5
 5
 5
 5
 5
 5
 5
 5
 5
 5
 5
 5
 5
 5
 5
 5
 5
 5
 5
 5
 5
 5
 5
 5
 5
 5
 5
 5
 5
 5
 5
 5
 5
 5
 5
 5
 5
 5
 5
 5
 5
 5
 5
 5
 5
 5
 5
 5
 5
 5
 5
 5
 5
 5
 5
 5
 5
 5
 5
 5
 5
 5
 5
 5
 5
 5
 5
 5
 5
 5
 5
 5
 5
 5
 5
 5
 5
 5
 5
 5
 5
 5
 5
 5
 5
 5
 5
 5
 5
 5
 5
 5
 5
 5
 5
 5
 5
 5
 5
 5
 5
 5
 5
 5
 5
 5
 5
 5
 5
 5
 5
 5
 5
 5
 5
 5
 5
 5
 5
 5
 5
 5
 5
 5
 5
 5
 5
 5
 5
 5
 5
 5
 5
 5
 5
 5
 5
 5
 5
 5
 5
 5
 5
 5
 5
 5
 5
 5
 5
 5
 5
 5
 5
 5
 5
 5
 5
 5
 5
 5
 5
 5
 5
 5
 5
 5
 5
 5
 5
 5
 5
 5
 5
 5
 5
 5
 5
 5
 5
 5
 5
 5
 5
 5
 5
 5
 5
 5
 5
 5
 5
 5
 5
 5
 5
 5
 5
 5
 5
 5
 5
 5
 5
 5
 5
 5
 5
 5
 5
 5
 5
 5
 5
 5
 5
 5
 5
 5
 5
 5
 5
 5
 5
 5
 5
 5
 5
 5
 5
 5
 5
 5
 5
 5
 5
 5
 5
 5
 5
 5
 5
 5
 5
 5
 5
 5
 5
 5
 5
 5
 5
 5
 5
 5
 5
 5
 5
 5
 5
 5
 5
 5
 5
 5
 5
 5
 5
 5
 5
 5
 5
 5
 5
 5
 5
 5
 5
 5
 5
 5
 5
 5
 5
 5
 5
 5
 5
 5
 5
 5
 5
 5
 5
 5
 5
 5
 5
 5
 5
 5
 5
 5
 5
 5
 5
 5
 5
 5
 5
 5
 5
 5
 5
 5
 5
 5
 5
 5
 5
 5
 5
 5
 5
 5
 5
 5
 5
 5
 5
 5
 5
 5
 5
 5
 5
 5
 5
 5
 5
 5
 5
 5
 5
 5
 5
 5
 5
 5
 5
 5
 5
 5
 5
 5
 5
 5
 5
 5
 5
 5
 5
 5
 5
 5
 5
 5
 5
 5
 5
 5
 5
 5
 5
 5
 5
 5
 5
 5
 5
 5
 5
 5
 5
 5
 5
 5
 5
 5
 5
 5
 5
 5
 5
 5
 5
 5
 5
 5
 5
 5
 5
 5
 5
 5
 5
 5
 5
 5
 5
 5
 5
 5
 5
 5
 5
 5
 5
 5
 5
 5
 5
 5
 5
 5
 5
 5
 5
 5
 5
 5
 5
 5
 5
 5
 5
 5
 5
 5
 5
 5
 5
 5
 5
 5
 5
 5
 5
 5
 5
 5
 5
 5
 5
 5
 5
 5
 5
 5
 5
 5
 5
 5
 5
 5
 5
 5
 5
 5
 5
 5
 5
 5
 5
 5
 5
 5
 5
 5
 5
 5
 5
 5
 5
 5
 5
 5
 5
 5
 5
 5
 5
 5
 5
 5
 5
 5
 5
 5
 5
 5
 5
 5
 5
 5
 5
 5
 5
 5
 5
 5
 5
 5
 5
 5
 5
 5
 5
 5
 5
 5
 5
 5
 5
 5
 5
 5
 5
 5
 5
 5
 5
 5
 5
 5
 5
 5
 5
 5
 5
 5
 5
 5
 5
 5
 5
 5
 5
 5
 5
 5
 5
 5
 5
 5
 5
 5
 5
 5
 5
 5
 5
 5
 5
 5
 5
 5
 5
 5
 5
 5
 5
 5
 5
 5
 5
 5
 5
 5
 5
 5
 5
 5
 5
 5
 5
 5
 5
 5
 5
 5
 5
 5
 5
 5
 5
 5
 5
 5
 5
 5
 5
 5
 5
 5
 5
 5
 5
 5
 5
 5
 5
 5
 5
 5
 5
 5
 5
 5
 5
 5
 5
 5
 5
 5
 5
 5
 5
 5
 5
 5
 5
 5
 5
 5
 5
 5
 5
 5
 5
 5
 5
 5
 5
 5
 5
 5
 5
 5
 5
 5
 5
 5
 5
 5
 5
 5
 5
 5
 5
 5
 5
 5
 5
 5
 5
 5
 5
 5
 5
 5
 5
 5
 5
 5
 5
 5
 5
 5
 5
 5
 5
 5
 5
 5
 5
 5
 5
 5
 5
 5
 5
 5
 5
 5
 5
 5
 5
 5
 5
 5
 5
 5
 5
 5
 5
 5
 5
 5
 5
 5
 5
 5
 5
 5
 5
 5
 5
 5
 5
 5
 5
 5
 5
 5
 5
 5
 5
 5
 5
 5
 5
 5
 5
 5
 5
 5
 5
 5
 5
 5
 5
 5
 5
 5
 5
 5
 5
 5
 5
 5
 5
 5
 5
 5
 5
 5
 5
 5
 5
 5
 5
 5
 5
POINT_DATA       2255
SCALARS height float 1
LOOKUP_TABLE default
     0.0
     0.0
     0.0
     0.0
     0.0
     0.0
     0.0
     0.0
     0.0
     0.0
     0.0
     0.0
     0.0
     0.0
     0.0
     0.0
     0.0
     0.0
     0.0
     0.0
     0.0
     0.0
     0.0
     0.0
     0.0
     0.0
     0.0
     0.0
     0.0
     0.0
     0.0
     0.0
     0.0
     0.0
     0.0
     0.0
     0.0
     0.0
     0.0
     0.0
     0.0
     0.0
     0.0
     0.0
     0.0
     0.0
     0.0
     0.0
     0.0
     0.0
     0.0
     0.0
     0.0
     0.0
     0.0
     0.0
     0.0
     0.0
     0.0
     0.0
     0.0
     0.0
     0.0
     0.0
     0.0
     0.0
     0.0
     0.0
     0.0
     0.0
     0.0
     0.0
     0.0
     0.0
     0.0
     0.0
     0.0
     0.0
     0.0
     0.0
     0.0
   795.5
   182.3
   105.0
   364.2
   131.3
   239.7
   290.4
    42.0
   265.0
   520.7
    65.7
   704.4
   222.4
    32.1
   671.9
   148.4
   307.7
   468.0
    21.5
   189.2
   669.7
    26.5
   219.6
   240.5
    40.1
   203.1
   334.5
    32.6
   211.3
   119.1
   185.2
    29.6
    51.9
   228.3
    50.5
   665.3
   121.8
   428.0
    78.9
   248.5
   147.8
   305.8
     0.0
     0.0
   476.5
   504.2
   234.5
   286.2
   669.6
   673.3
   413.7
   733.1
   155.4
   713.3
   721.8
   460.9
    58.0
   389.6
   520.0
    52.7
   348.9
   704.3
   604.0
    53.7
   414.7
   511.5
    95.6
   391.5
   592.6
    59.3
   188.9
   491.7
   624.4
    72.0
   668.3
    97.1
   646.7
   244.9
   646.8
   149.9
   744.5
   313.4
   564.9
   229.1
     0.0
     0.0
   548.3
   846.4
   375.4
   516.9
   972.1
   708.3
   113.1
   759.4
   438.4
   554.6
   901.1
   344.3
    85.0
   462.9
   484.4
   508.5
    79.2
   214.0
   637.4
   930.0
   676.1
    95.5
   429.1
   584.7
   850.8
    89.3
   514.8
   755.9
   329.6
   585.0
   361.1
   138.2
   693.9
   454.5
   740.4
   215.7
   933.5
   947.6
   823.8
   440.1
     0.0
     0.0
   622.3
   853.9
   617.3
   909.9
   915.0
   301.4
   166.3
   852.9
   339.2
   727.9
   829.0
   108.9
   368.0
   734.8
   602.4
   105.9
   649.3
  1058.1
   682.7
   127.3
   664.0
   672.3
   165.8
   620.9
   492.3
   126.1
   249.2
   705.3
   497.8
   819.9
   307.7
   140.9
   197.0
   838.4
   770.7
   546.6
   515.5
   997.4
   620.4
   776.9
     0.0
     0.0
   256.2
   884.2
   896.8
   792.5
  1153.7
   732.1
   627.6
   225.5
   850.2
   903.7
   645.4
   296.0
   162.6
   240.0
   615.1
   965.8
  1059.6
   590.5
   124.3
   704.4
  1090.0
   781.9
   164.0
   598.0
   229.5
   852.1
   617.5
   377.8
  1016.2
   841.5
   543.9
   382.6
   205.3
   680.5
   283.7
   393.1
   993.2
   403.0
   697.4
   944.1
   409.0
   130.8
     0.0
     0.0
   565.9
   888.6
  1022.7
   968.1
   973.9
   543.1
   273.3
   768.8
   583.5
   699.9
   348.3
   629.5
   393.9
   986.8
   448.4
   162.4
   301.9
   855.3
   777.1
   185.5
   665.4
   737.2
   276.4
   182.8
   800.2
   713.2
  1225.5
   940.6
   737.8
   683.3
   863.4
   499.5
   888.8
  1083.7
   476.4
   878.2
  1150.3
   786.2
   597.0
     0.0
     0.0
   531.4
   745.2
   533.3
  1048.3
   954.8
   731.2
   337.9
   675.1
  1018.7
   772.4
  1053.6
   621.6
   218.0
   482.1
   534.0
  1089.2
   410.9
  1189.0
   831.4
   218.6
   469.5
   339.7
   546.7
   515.5
   550.0
  1055.6
  1050.4
   537.9
   277.1
   410.8
  1002.9
   694.1
   938.3
   616.9
   108.8
     0.0
     0.0
   682.3
   350.4
  1014.0
  1010.3
  1345.9
   661.9
   385.9
   864.8
   948.8
  1161.7
   704.6
   659.6
   852.0
   804.6
   208.9
   612.0
   937.7
   804.1
   252.6
   931.1
   384.0
   901.7
   756.4
   243.3
   559.5
  1176.0
  1115.3
   677.2
   352.8
   462.2
   847.9
   763.7
  1070.7
  1223.2
  1060.7
  1054.4
   813.0
   841.4
   319.9
     0.0
     0.0
   323.2
   223.1
   800.6
   711.8
   955.4
   477.2
   778.2
  1436.9
   850.1
   273.3
   922.7
   906.6
   568.1
   336.1
   871.6
  1346.1
   976.9
   284.0
   846.8
   483.9
   863.9
   966.7
   305.3
   305.4
   771.9
  1172.1
  1345.2
   665.3
   899.5
   550.3
  1133.8
  1415.3
   876.4
  1037.4
   563.6
   704.1
     0.0
     0.0
    44.5
   109.4
   581.0
   380.4
   996.6
  1375.4
  1058.4
   545.5
   722.1
  1173.1
  1078.7
   708.9
   304.4
   867.9
   662.2
   267.9
   490.4
   858.6
   564.0
   330.2
   879.4
   529.2
   659.7
   877.1
   770.8
  1223.9
  1550.1
  1137.3
   436.8
   948.0
   634.0
  1232.1
  1128.6
   598.8
   428.7
   261.1
   122.2
    51.3
     0.0
     0.0
   317.9
   902.0
   964.5
   682.6
   504.1
   809.6
  1353.1
   907.2
   772.5
  1281.9
  1036.2
   736.4
   355.6
   554.2
  1091.8
  1040.6
   583.1
   673.0
   674.3
   648.7
  1013.5
  1115.4
   699.9
   361.5
   728.9
  1120.7
   794.2
   380.1
   409.0
   999.9
  1341.3
  1157.7
   892.8
   594.9
   982.4
   957.3
   853.6
  1420.3
   892.7
   737.9
   836.4
   647.3
   520.2
   371.1
     0.0
     0.0
   563.4
   914.7
  1026.0
  1088.0
  1230.3
   773.0
  1264.2
  1318.6
   865.0
   381.6
   865.5
  1168.8
   959.4
   342.9
   889.4
   996.7
  1075.9
   944.7
   413.4
  1088.0
   655.1
   787.1
   480.0
  1050.1
  1519.4
  1320.9
   790.6
   538.7
  1079.4
  1389.5
  1102.7
  1255.9
  1360.8
   918.2
   708.9
   745.8
   534.8
     0.0
     0.0
   549.1
   567.1
   619.6
   760.0
   993.1
   864.9
  1323.1
  1149.0
  1029.8
  1486.0
  1251.8
   704.0
   493.7
   577.1
  1078.6
  1305.0
   748.6
   461.2
   722.9
  1011.7
  1225.0
   461.5
   696.4
  1215.4
   993.1
  1299.5
   453.9
   542.5
   749.7
   974.3
  1404.7
  1367.4
  1139.3
  1041.7
   913.5
  1316.7
  1502.2
  1167.1
   648.8
   456.6
   323.5
   188.0
    70.9
     0.0
     0.0
   114.8
   239.4
   308.5
   437.5
   601.0
  1114.6
  1418.9
  1427.5
  1547.9
  1218.9
   663.9
   460.7
  1484.2
   879.0
   409.8
   578.3
  1102.0
  1526.2
   774.2
   535.5
  1064.4
   815.0
  1209.5
   878.9
   524.9
   662.9
  1112.6
  1453.4
  1218.4
   647.5
  1188.0
  1411.2
  1610.3
  1234.9
   828.5
   906.1
   783.6
   560.3
   485.2
   296.3
     0.0
     0.0
   568.9
   512.2
   638.2
   633.1
   941.4
   841.4
  1223.1
  1745.6
  1464.2
   889.1
  1037.3
   513.4
   915.4
   984.5
  1539.6
  1076.1
   877.4
   742.0
  1405.6
  1456.4
   939.4
  1406.9
   925.6
  1004.8
  1043.4
  1438.5
   851.5
   799.5
  1476.8
  1740.9
  1350.7
  1067.6
   978.2
   963.9
   288.4
     0.0
     0.0
   238.1
   792.8
   863.0
   786.7
   893.7
  1289.9
  1539.4
  1555.4
  1386.4
  1222.1
   626.7
   983.8
  1088.6
  1521.3
  1515.7
  1173.5
   473.9
   898.1
  1200.3
   876.9
  1570.3
  1226.8
   633.3
  1284.0
  1563.4
  1154.3
  1414.3
  1229.1
   635.0
   961.4
  1495.2
  1703.5
  1181.1
  1306.5
  1263.2
  1530.4
  1386.9
  1370.4
  1034.6
   708.5
   622.3
   344.9
     0.0
     0.0
   207.2
   750.5
   446.9
   473.4
   745.8
   859.3
   540.1
   921.8
  1305.8
  1553.0
  1073.8
   703.8
   645.6
  1361.6
  1544.2
   540.7
   561.8
   919.2
  1263.5
  1344.0
  1223.9
   710.3
   954.4
  1574.5
  1385.5
  1487.4
   889.3
   725.4
   891.8
  1153.5
  1712.1
  1762.7
  1327.5
  1623.0
  1354.2
  1056.5
  1000.1
  1145.9
   732.6
   539.9
   424.6
   250.5
   117.8
     0.0
     0.0
   603.2
   153.8
   223.4
   391.0
   476.1
   804.4
  1499.6
  1771.9
  1073.6
   853.5
  1035.2
   818.4
  1269.7
   851.1
   598.1
   659.7
  1091.7
  1604.7
  1811.6
  1700.0
  1280.8
   867.7
  1083.9
  1550.1
  1780.0
  1792.6
  1062.9
   923.1
   988.9
  1467.2
  1784.2
  2048.4
  1739.8
  1436.3
  1158.0
   954.1
   719.0
   873.8
   810.7
   576.9
   620.9
   211.0
     0.0
     0.0
    74.8
   579.8
   703.2
   296.3
   796.9
   947.1
   597.1
  1101.5
  1714.0
  1767.6
  1313.0
  1323.1
  1263.0
  1301.1
   696.9
  1101.7
   863.5
  1534.4
  1859.1
  1078.3
  1351.9
  1679.6
  2085.3
  1563.2
  1318.9
  1258.4
  1473.8
  1651.7
  2061.2
  2150.8
  2022.4
  1997.9
  1133.3
  1020.2
   561.9
   470.6
   620.4
   542.6
   751.2
   970.6
   790.4
   348.1
     0.0
     0.0
   680.5
   915.1
   722.9
   480.8
   677.4
  1056.3
   725.7
  1223.4
  1600.1
  1611.5
  1640.8
  1614.7
  1143.6
  1484.6
   870.3
   838.1
  1344.9
  1172.9
  1927.5
  1562.2
  1253.9
  1739.6
  2028.1
  1852.4
  1666.7
  1670.6
  2106.8
  2492.0
  2055.5
  1899.0
  1512.2
   924.7
   617.2
   433.2
   354.0
   282.2
   774.8
   723.4
   439.9
     0.0
     0.0
   360.9
   514.8
   890.6
   953.9
   657.4
  1088.1
  1010.4
  1159.6
  1206.8
  1995.9
  2039.6
  1966.5
  1307.7
  1434.9
   993.9
  1174.1
  1158.0
  1668.8
  1508.3
  1981.0
  1748.1
  1992.1
  2169.7
  2295.0
  2395.8
  2090.7
  1815.1
  2085.5
  2465.5
  2483.8
  2137.5
  1522.2
   998.3
   613.0
   543.0
   623.5
   802.6
   670.0
   199.5
   514.1
   520.5
   206.4
     0.0
     0.0
   339.2
   662.1
  1117.7
  1113.2
  1310.5
  1409.6
  1015.8
  1516.5
  2117.3
  2229.4
  1913.1
  1847.5
  1632.6
  1515.9
  1451.5
  1461.9
  1933.4
  2140.9
  2157.1
  2175.5
  2450.4
  2341.8
  2305.7
  2069.7
  2255.5
  2105.3
  2493.3
  2219.3
  1888.1
  1203.1
   732.5
  1091.1
  1084.1
   939.1
   707.7
   216.5
   132.3
    75.5
    31.6
     0.0
     0.0
   213.8
   551.3
   707.2
   852.3
   829.8
  1294.7
  1055.9
  1439.8
  1856.6
  1894.1
  2164.1
  2051.8
  2137.7
  1966.7
  1806.8
  1706.2
  1841.3
  2267.0
  2533.7
  2405.4
  2443.3
  2220.4
  2073.2
  1703.9
  2063.8
  1962.0
  2198.3
  2284.6
  2297.0
  1723.1
  1248.3
  1234.2
  1146.9
  1068.6
   950.3
   384.3
   326.1
   648.5
   620.6
   404.0
   512.9
     0.0
     0.0
   454.8
   687.0
   563.6
   634.9
   881.8
   876.1
  1394.1
  1714.7
  1724.3
  1476.7
  2116.7
  2458.6
  2459.6
  2152.1
  2293.4
  2102.6
  2247.5
  2191.3
  2460.0
  2311.0
  2472.5
  2489.9
  2129.8
  1879.4
  1656.3
  1533.7
  1772.9
  1424.3
  1914.4
  2061.3
  2298.2
  1909.0
  1707.8
  1490.2
   921.5
   615.0
   525.0
   836.6
   909.8
   782.7
   562.4
   421.8
     0.0
     0.0
    97.4
   180.8
   354.3
   447.1
   632.3
   699.9
   972.2
  1476.7
  1271.6
  1306.3
  1223.7
  1758.0
  2200.2
  2442.9
  2443.6
  2420.2
  2267.0
  2405.0
  2210.5
  1623.8
  2052.9
  2222.2
  2051.9
  1890.6
  1588.0
  1380.5
  1012.7
  1359.2
  1694.9
  1138.2
  1674.3
  1872.5
  2240.6
  2303.4
  2212.5
  1837.9
  1166.3
  1024.5
   999.5
   738.4
   867.4
   655.7
   445.3
   288.6
   133.5
     0.0
     0.0
   565.2
   492.9
   295.8
   433.5
   495.5
   562.0
  1107.4
  1321.5
  1074.5
   854.0
  1527.4
  2173.2
  2085.1
  2073.0
  2342.7
  2257.7
  2024.1
  1833.6
  2120.7
  2042.0
  1908.1
  1440.7
  1916.4
  1765.0
  1431.0
   981.2
   789.8
  1473.0
  1624.5
  1236.4
  1786.0
  2227.7
  2149.2
  1781.8
  1578.1
  1375.7
  1053.1
  1118.4
   701.4
   692.3
   688.0
     0.0
     0.0
   315.3
   545.7
   714.1
   626.9
   818.2
  1090.9
  1116.3
   647.0
   990.2
  1430.8
  1988.9
  1451.4
  1936.8
  1679.3
  1494.2
  1895.9
  1606.4
  1153.8
  1095.2
  1591.7
  2008.2
  1133.1
   699.0
  1091.0
  1279.0
   767.9
  1286.5
  1496.2
  1581.7
  1988.4
  1842.5
  1950.4
  1747.3
  1523.5
  1397.5
  1356.9
  1046.8
   735.4
   467.4
   257.0
   100.9
     0.0
     0.0
   582.7
   720.8
   760.1
   695.2
   704.2
   728.0
   557.5
   648.5
  1354.7
  1836.2
  1615.8
  1751.3
  1640.9
  1458.4
  1156.7
  1382.8
  1740.2
  1760.0
  1218.7
   834.1
  1389.3
  1733.2
  1700.8
  1445.0
   650.6
   612.7
   975.1
  1032.0
   686.2
  1018.2
  1864.7
  1898.7
  1687.6
  1775.1
  1793.5
  1700.1
  1580.9
  1133.2
  1007.4
  1098.1
   783.7
   544.4
   541.6
   324.4
     0.0
     0.0
   619.1
   410.5
   533.7
   654.4
   343.7
   370.6
   457.4
   971.2
   872.3
  1400.9
  1513.2
   983.6
  1568.8
  1064.1
   931.6
  1502.7
  1450.0
   839.4
   713.4
  1094.4
  1331.2
  1643.5
  1670.4
  1058.7
   523.7
   950.4
  1051.9
   747.7
  1280.3
  1530.4
  1760.6
  1172.8
  1667.7
  1219.2
  1113.6
   686.9
   751.2
   968.0
   589.7
     0.0
     0.0
   213.5
   150.1
   215.2
   281.8
   615.4
  1048.6
   671.3
  1152.3
  1490.8
  1358.4
  1076.2
   807.1
  1204.3
   861.9
  1065.3
   946.3
   835.0
  1125.8
  1549.2
  1526.7
   963.8
   495.2
   819.9
   708.2
   565.6
   985.2
  1767.5
  1901.4
  1255.9
   942.2
  1509.1
  1708.2
  1176.7
   730.6
   560.9
   431.8
   603.5
   469.1
   491.6
   588.7
     0.0
     0.0
    63.6
    84.4
   430.5
   346.3
   588.0
   376.2
   652.8
  1098.8
  1020.4
  1526.0
   873.3
  1021.9
  1311.3
   704.7
   653.3
  1168.0
  1623.1
  1326.2
   971.2
   630.2
  1040.7
  1547.1
  1372.6
   979.6
   447.6
   599.1
  1123.4
  1563.8
  1695.6
  1539.2
   811.2
  1119.7
  1559.8
  1453.6
   881.9
  1136.2
   737.9
   350.3
   283.3
   202.9
   124.1
    48.1
     0.0
     0.0
   388.4
   767.6
   888.5
   907.9
   693.2
   540.7
   941.5
  1368.4
  1599.7
  1793.6
  1200.2
   619.6
  1145.0
   985.9
   998.4
  1361.0
  1555.7
  1393.3
   925.9
   549.5
   738.7
  1066.0
  1657.8
  1409.9
   858.0
   876.2
   822.1
   994.0
  1327.4
  1645.9
  1243.1
   697.1
  1046.4
  1600.6
  1469.6
  1214.6
   621.4
   609.6
   533.5
   551.1
     0.0
     0.0
   640.7
   700.8
   791.3
  1021.2
   791.8
  1443.0
  1702.1
  1614.8
  1285.4
   866.9
   529.1
   944.4
   666.8
   519.3
  1016.6
  1486.6
  1554.4
  1344.0
  1031.1
   492.6
   846.4
  1275.2
  1510.5
  1377.2
   678.0
   387.1
   939.6
   415.4
   592.5
  1182.0
  1520.1
  1268.4
   613.4
  1243.8
  1688.0
  1637.9
  1179.1
   923.9
   927.8
   753.0
   618.5
     0.0
     0.0
   188.0
   376.4
   563.8
   855.9
  1313.8
  1153.0
  1367.7
  1629.8
  1187.9
  1593.4
  1270.5
   882.8
   449.3
   430.8
   777.2
  1056.9
  1231.6
   968.7
   688.3
  1221.8
   944.1
   459.8
   535.4
   339.8
   877.6
  1211.3
  1439.9
  1155.4
   997.4
   576.7
  1061.2
  1272.7
  1509.1
  1497.5
  1079.9
  1148.5
   758.5
   892.2
   679.5
   176.4
     0.0
     0.0
   523.9
   745.3
   900.1
   982.2
  1015.2
  1590.3
  1412.0
  1286.2
   859.8
  1269.6
  1355.2
   811.9
   374.5
   601.9
  1131.2
  1420.0
  1285.9
   811.1
   699.7
   430.0
   820.5
  1294.4
  1203.9
  1069.3
   323.8
   689.8
  1152.0
   969.9
   715.8
   720.5
  1112.5
  1276.3
  1467.4
  1054.6
   906.8
   618.1
   409.9
   569.5
   362.5
     0.0
     0.0
   111.4
   477.9
   837.5
   581.4
   753.7
  1037.8
  1455.1
  1065.7
  1025.6
   736.7
   921.8
  1440.0
  1224.1
   377.6
   613.0
  1036.4
  1210.0
  1536.9
  1044.1
   660.1
   398.8
   856.8
  1249.7
   727.5
   805.0
   271.4
   868.8
  1227.7
  1304.1
  1198.5
   775.8
   470.8
   830.1
  1338.6
  1036.0
   537.8
   301.4
   161.2
    46.8
     0.0
     0.0
   277.0
   236.4
   366.2
   642.4
  1030.0
  1395.1
   729.4
   716.8
   623.5
  1065.3
  1408.4
   693.3
   312.0
   757.7
   806.3
  1457.6
  1065.6
   669.7
   877.2
   580.9
   823.7
  1173.4
   618.1
  1032.0
   683.3
   951.1
  1121.2
  1253.8
   625.6
   925.9
   943.3
   393.4
   639.1
   595.2
  1143.2
  1260.3
  1101.8
   732.9
   671.0
   629.7
   554.7
     0.0
     0.0
   445.4
   727.5
   748.2
   510.5
   909.7
  1415.7
  1228.5
   642.6
   593.6
   521.7
   614.5
  1194.7
   664.7
   441.2
   394.0
   478.0
  1037.4
  1153.0
   494.6
   340.6
   689.9
  1233.3
   733.6
   482.2
   794.1
   229.4
   619.8
  1092.1
   863.3
  1059.1
   520.8
   793.6
   339.8
   471.6
   876.9
  1317.2
  1216.8
   832.8
  1144.1
  1189.9
   953.1
   790.1
   717.3
   386.0
     0.0
     0.0
   132.1
   391.8
   914.6
   860.7
  1122.2
  1570.5
  1227.6
   510.7
   428.0
   971.8
  1192.4
  1008.2
   582.5
   261.6
   823.4
  1030.7
  1440.6
  1322.4
   945.8
   801.3
   391.5
   291.7
   975.1
   888.9
   364.2
   405.1
   511.1
  1214.3
   972.8
  1034.0
   758.6
   440.3
   716.3
   400.4
   702.7
  1138.2
   990.4
   650.2
  1229.4
  1296.2
  1086.0
   496.1
   248.2
     0.0
     0.0
   690.0
   741.1
  1213.8
  1059.7
  1205.2
  1319.6
  1016.0
   373.5
   380.2
   804.9
  1125.1
   511.5
   593.7
   920.5
  1099.7
  1334.4
  1271.1
   700.3
   266.5
   624.8
   826.9
   281.2
   192.4
   761.4
  1156.3
   616.1
  1147.8
   350.9
   268.1
   328.0
  1106.7
  1360.7
   697.5
   979.7
  1271.9
  1227.4
   649.4
     0.0
     0.0
   213.0
   745.5
  1175.7
  1176.4
   819.0
   913.8
   816.1
   830.4
   307.3
   846.0
   911.0
   334.8
   211.3
   775.3
   772.2
   937.3
   849.8
  1152.6
   775.3
   239.6
   573.0
   217.5
   169.9
   338.8
  1074.4
  1035.7
   530.9
   980.0
   908.3
   707.0
   218.7
   680.9
   906.1
   441.5
   944.4
   756.7
   789.1
   543.3
   356.2
   189.2
     0.0
     0.0
   484.1
  1086.0
   993.9
   655.9
  1089.0
   544.9
   267.7
   830.3
  1204.6
   694.7
   166.9
   509.9
   961.3
   629.9
  1141.3
   631.4
   979.1
   664.7
   711.9
   957.2
   338.6
   142.5
   670.6
   941.5
   684.4
   463.5
   785.8
   189.6
   780.3
  1024.1
  1202.8
   551.2
   648.1
   572.8
  1056.4
   692.1
   501.4
   226.7
     0.0
     0.0
   609.7
   866.8
  1084.2
   566.4
   546.1
   768.6
   795.9
   219.9
   605.5
  1142.3
   636.3
   144.2
   762.3
   522.5
   866.5
   877.9
   450.6
   187.6
   409.2
   937.0
   409.7
   114.5
   718.5
  1116.8
   585.8
   366.4
   850.8
  1035.1
   355.5
   165.7
   559.7
   705.7
  1152.6
  1075.9
   823.8
   325.0
   752.6
  1165.5
  1086.1
   757.8
   298.6
     0.0
     0.0
   163.2
   583.0
   840.0
   816.7
   347.3
   400.2
  1039.4
   755.9
   628.8
  1142.9
   717.2
   600.9
   130.0
   620.8
   863.5
   338.3
   524.7
   487.7
   605.3
   521.9
   157.5
   297.0
   888.1
   516.1
   551.0
  1031.0
   832.2
   305.3
   740.6
   997.2
   518.4
   138.7
   465.4
   906.6
   817.0
  1019.7
   252.4
   796.5
  1127.1
  1146.0
   758.9
   167.7
     0.0
     0.0
   578.2
  1049.3
   799.7
   237.0
   609.3
   752.1
   695.1
   149.7
   696.3
   828.2
   485.7
   461.0
    93.0
   808.6
   286.3
   966.5
   300.3
   714.9
   471.7
   117.0
   676.9
   817.0
   604.4
    80.5
   487.5
   968.8
   556.0
   737.7
   261.0
   834.8
   900.6
   414.8
   272.4
  1019.5
   543.9
   712.9
   196.5
   879.5
   660.3
   862.5
   342.3
     0.0
     0.0
   204.5
   712.5
   732.4
   606.6
   202.4
   822.5
   509.1
   702.0
   109.2
   671.5
   542.0
   320.1
   669.9
    68.2
   547.8
   557.5
   218.7
   397.6
   892.7
   427.6
   465.6
    95.3
   587.2
   832.1
    60.1
   626.3
   330.7
   194.0
   412.5
   651.3
   629.2
   777.1
    86.1
   676.3
   939.5
   440.9
   716.0
   146.4
   440.2
   672.7
   757.8
   424.6
   714.7
     0.0
     0.0
   564.0
   306.8
   610.5
   120.0
   673.5
   273.7
    63.4
   638.1
   229.1
   517.3
   656.4
   351.9
   145.3
   698.6
   649.5
   140.1
   636.2
   734.3
    63.8
   352.1
   639.3
    42.7
   668.2
   233.1
   385.0
   118.5
   455.1
   309.7
   652.3
    55.8
   589.4
   535.8
   236.2
   507.2
   101.6
   308.7
   622.3
   649.0
   224.1
   576.9
     0.0
     0.0
   306.2
   168.5
   371.0
    60.3
   441.8
   327.5
   160.0
   283.4
   420.5
   374.6
   173.2
   360.4
   126.8
    19.4
   300.5
    56.1
   212.1
   198.8
    49.5
   433.6
   241.6
   334.8
    25.9
   186.0
   317.4
    18.4
   280.5
   124.8
    55.3
   336.9
   122.3
   336.5
    23.1
   349.9
   159.9
   110.6
   422.8
    38.9
   149.8
   338.8
   103.5
   502.9
     0.0
     0.0
     0.0
     0.0
     0.0
     0.0
     0.0
     0.0
     0.0
     0.0
     0.0
     0.0
     0.0
     0.0
     0.0
     0.0
     0.0
     0.0
     0.0
     0.0
     0.0
     0.0
     0.0
     0.0
     0.0
     0.0
     0.0
     0.0
     0.0
     0.0
     0.0
     0.0
     0.0
     0.0
     0.0
     0.0
     0.0
     0.0
     0.0
     0.0
     0.0
     0.0
     0.0
     0.0
     0.0
     0.0
     0.0
     0.0
     0.0
     0.0
     0.0
     0.0
     0.0
     0.0
     0.0
     0.0
     0.0
     0.0
     0.0
     0.0
     0.0
     0.0
     0.0
     0.0
     0.0
     0.0
     0.0
     0.0
     0.0
     0.0
     0.0
     0.0
     0.0
     0.0
     0.0
     0.0
     0.0
     0.0
     0.0
     0.0
     0.0
   496.7
   698.0
   339.4
   190.0
   458.0
   430.6
   357.8
   103.9
   246.9
   447.5
   444.0
   349.0
   380.5
   663.6
   911.6
   703.1
   234.8
   474.5
   453.0
   715.3
   421.7
   824.9
   601.1
   297.2
   690.2
   840.7
   805.1
  1035.8
   827.1
  1504.0
   452.4
   468.6
   782.5
  1381.3
   983.6
  1119.5
   609.6
   633.2
   840.6
   487.3
  1624.9
  1712.8
  1844.7
   844.7
  1119.5
   596.0
   758.2
  2113.4
  2008.8
  2206.4
  1920.8
  1858.8
  2016.6
  1430.9
SCALARS discharge float 1
LOOKUP_TABLE default
  0.1880E+04
  0.1085E+05
  0.4976E+04
  0.8156E+04
  0.4389E+07
  0.7571E+04
  0.1663E+08
  0.1016E+07
  0.7685E+04
  0.1181E+08
  0.1094E+05
  0.1933E+07
  0.2376E+07
  0.8048E+04
  0.1015E+09
  0.1079E+05
  0.2809E+07
  0.8668E+04
  0.9321E+06
  0.3393E+08
  0.8076E+04
  0.5237E+04
  0.8870E+04
  0.3720E+07
  0.8100E+04
  0.2467E+09
  0.9495E+04
  0.5384E+04
  0.9344E+04
  0.1075E+08
  0.7962E+04
  0.1576E+07
  0.1250E+05
  0.6946E+04
  0.3037E+09
  0.6705E+04
  0.3481E+07
  0.8286E+04
  0.5232E+04
  0.7931E+04
  0.1892E+09
  0.1054E+05
  0.4283E+07
  0.8227E+04
  0.4608E+07
  0.8095E+04
  0.8865E+08
  0.7590E+04
  0.4910E+07
  0.1142E+05
  0.1043E+07
  0.2408E+09
  0.7803E+04
  0.2302E+07
  0.7414E+04
  0.1710E+08
  0.1179E+05
  0.3567E+07
  0.6855E+04
  0.1530E+09
  0.5644E+04
  0.8312E+04
  0.2990E+07
  0.7662E+04
  0.7217E+08
  0.8534E+04
  0.5133E+04
  0.8496E+04
  0.1203E+08
  0.8119E+04
  0.6845E+04
  0.3910E+08
  0.8274E+04
  0.3158E+07
  0.7840E+04
  0.6569E+07
  0.7211E+04
  0.1468E+07
  0.1125E+05
  0.1879E+04
  0.1161E+07
  0.5215E+06
  0.4384E+07
  0.1662E+08
  0.1008E+07
  0.1180E+08
  0.1929E+07
  0.2368E+07
  0.1015E+09
  0.2803E+07
  0.9223E+06
  0.3393E+08
  0.1055E+07
  0.3714E+07
  0.2467E+09
  0.1616E+07
  0.1075E+08
  0.1571E+07
  0.8871E+06
  0.3037E+09
  0.3476E+07
  0.1130E+07
  0.1892E+09
  0.4277E+07
  0.4602E+07
  0.8864E+08
  0.4904E+07
  0.1038E+07
  0.2407E+09
  0.2297E+07
  0.1709E+08
  0.3563E+07
  0.1530E+09
  0.1512E+09
  0.2985E+07
  0.7217E+08
  0.9074E+06
  0.1203E+08
  0.1056E+07
  0.3909E+08
  0.3152E+07
  0.6564E+07
  0.1463E+07
  0.7803E+06
  0.4351E+07
  0.2658E+07
  0.1710E+07
  0.1337E+08
  0.8842E+07
  0.9961E+06
  0.9688E+06
  0.1708E+07
  0.9002E+06
  0.2918E+08
  0.9843E+06
  0.1124E+07
  0.1546E+07
  0.2406E+09
  0.2654E+07
  0.1689E+07
  0.2980E+09
  0.2755E+07
  0.1324E+07
  0.9053E+06
  0.1855E+09
  0.2616E+07
  0.2822E+07
  0.8580E+08
  0.3132E+07
  0.1253E+07
  0.2387E+09
  0.1553E+08
  0.1884E+07
  0.1756E+07
  0.1500E+09
  0.6761E+06
  0.6763E+08
  0.9737E+06
  0.8900E+07
  0.5490E+06
  0.3579E+08
  0.8479E+06
  0.4325E+07
  0.1376E+07
  0.3873E+07
  0.4421E+07
  0.2783E+07
  0.1835E+07
  0.1352E+07
  0.9571E+07
  0.5449E+07
  0.6482E+06
  0.1635E+07
  0.9734E+08
  0.7904E+06
  0.2644E+07
  0.1770E+07
  0.1052E+07
  0.6332E+06
  0.2341E+09
  0.3580E+07
  0.4687E+07
  0.1329E+07
  0.2950E+09
  0.4356E+07
  0.5683E+06
  0.9759E+06
  0.1929E+07
  0.1794E+09
  0.1162E+07
  0.8446E+06
  0.6286E+06
  0.2219E+09
  0.6864E+06
  0.6798E+06
  0.1121E+08
  0.8650E+06
  0.2177E+07
  0.6356E+08
  0.9549E+06
  0.6134E+07
  0.1493E+07
  0.2985E+08
  0.5325E+06
  0.1145E+07
  0.1072E+07
  0.1293E+07
  0.2242E+07
  0.2863E+07
  0.5993E+06
  0.9960E+06
  0.2908E+07
  0.1003E+07
  0.1859E+07
  0.1986E+08
  0.6934E+08
  0.6532E+06
  0.1953E+08
  0.4886E+06
  0.1275E+07
  0.2266E+09
  0.5066E+07
  0.1568E+07
  0.2804E+07
  0.2861E+09
  0.2284E+07
  0.8619E+06
  0.1780E+07
  0.1757E+09
  0.3295E+07
  0.2166E+07
  0.8144E+08
  0.1134E+07
  0.1756E+07
  0.2183E+09
  0.1385E+08
  0.2255E+07
  0.6745E+07
  0.7075E+06
  0.6339E+07
  0.1457E+09
  0.6002E+08
  0.1550E+07
  0.3201E+07
  0.2411E+07
  0.4796E+07
  0.7483E+06
  0.1810E+07
  0.4383E+06
  0.1144E+07
  0.9978E+07
  0.8952E+07
  0.1328E+07
  0.1257E+07
  0.2763E+07
  0.1874E+07
  0.2188E+07
  0.5892E+06
  0.6635E+08
  0.1646E+07
  0.8049E+06
  0.2298E+07
  0.5452E+07
  0.2046E+09
  0.1710E+08
  0.1629E+07
  0.1059E+07
  0.5617E+06
  0.1191E+07
  0.2783E+09
  0.1924E+07
  0.6019E+06
  0.1922E+07
  0.1652E+09
  0.1178E+07
  0.7426E+08
  0.8653E+06
  0.1715E+07
  0.1011E+08
  0.1482E+07
  0.1221E+07
  0.4229E+07
  0.3366E+07
  0.1309E+09
  0.8157E+06
  0.4347E+08
  0.1054E+08
  0.8822E+06
  0.1925E+08
  0.1076E+07
  0.1332E+07
  0.9727E+07
  0.1349E+08
  0.1413E+08
  0.1454E+07
  0.9663E+06
  0.1728E+07
  0.1232E+07
  0.2057E+07
  0.2727E+07
  0.1146E+08
  0.6027E+08
  0.2052E+07
  0.1206E+08
  0.2072E+07
  0.9489E+07
  0.4958E+06
  0.1469E+08
  0.1721E+07
  0.6262E+07
  0.2592E+09
  0.1517E+08
  0.2565E+07
  0.1893E+07
  0.1588E+09
  0.2634E+07
  0.3146E+07
  0.6899E+08
  0.2110E+09
  0.1226E+07
  0.6142E+07
  0.9182E+06
  0.1213E+07
  0.8590E+06
  0.1339E+07
  0.6392E+06
  0.4207E+07
  0.3786E+07
  0.1726E+07
  0.1587E+08
  0.7239E+06
  0.1356E+07
  0.2764E+07
  0.1320E+07
  0.3223E+07
  0.4633E+07
  0.2580E+07
  0.2160E+07
  0.1098E+08
  0.2658E+07
  0.2001E+07
  0.3528E+07
  0.5462E+08
  0.2128E+07
  0.8625E+06
  0.8043E+07
  0.8844E+06
  0.4897E+07
  0.1859E+09
  0.1991E+07
  0.9683E+07
  0.1411E+07
  0.4478E+07
  0.8284E+06
  0.1704E+07
  0.1546E+09
  0.2990E+07
  0.6304E+08
  0.3319E+07
  0.3534E+07
  0.1299E+07
  0.2590E+07
  0.1561E+07
  0.4122E+07
  0.1229E+09
  0.4030E+08
  0.1748E+07
  0.8303E+07
  0.1752E+07
  0.1299E+07
  0.9957E+07
  0.1042E+08
  0.2449E+07
  0.9555E+06
  0.1671E+08
  0.9910E+06
  0.3639E+07
  0.1187E+07
  0.1583E+07
  0.5055E+08
  0.1548E+07
  0.4894E+07
  0.1738E+07
  0.9437E+06
  0.1162E+07
  0.6823E+06
  0.2305E+07
  0.2436E+09
  0.4411E+07
  0.2092E+07
  0.2705E+07
  0.1470E+09
  0.1364E+07
  0.5316E+08
  0.1290E+07
  0.5418E+06
  0.2000E+09
  0.9907E+07
  0.1442E+07
  0.1668E+07
  0.2970E+07
  0.1088E+09
  0.7567E+07
  0.1432E+07
  0.3887E+07
  0.2222E+07
  0.2137E+07
  0.1965E+07
  0.1308E+07
  0.3116E+07
  0.2817E+07
  0.7912E+07
  0.1097E+07
  0.9856E+06
  0.2121E+07
  0.5353E+08
  0.9873E+06
  0.6398E+07
  0.2600E+07
  0.3960E+08
  0.5841E+07
  0.7422E+06
  0.2068E+07
  0.1785E+09
  0.1348E+07
  0.4436E+07
  0.1456E+07
  0.2616E+08
  0.2534E+07
  0.7054E+06
  0.1777E+07
  0.1408E+09
  0.1373E+07
  0.3995E+08
  0.2241E+07
  0.1294E+07
  0.1225E+09
  0.5804E+08
  0.3447E+07
  0.2442E+07
  0.1354E+07
  0.4428E+07
  0.2063E+07
  0.3242E+08
  0.2283E+07
  0.1590E+07
  0.3646E+07
  0.7995E+06
  0.7269E+07
  0.1097E+07
  0.1551E+07
  0.6385E+08
  0.6339E+08
  0.6172E+08
  0.1655E+07
  0.3056E+08
  0.3291E+07
  0.1116E+07
  0.2085E+07
  0.2604E+08
  0.4528E+07
  0.2859E+07
  0.2068E+07
  0.3546E+07
  0.1684E+09
  0.1873E+07
  0.5214E+07
  0.2124E+09
  0.1673E+08
  0.7952E+06
  0.5222E+07
  0.1260E+09
  0.1428E+07
  0.3673E+08
  0.6295E+07
  0.2419E+07
  0.1945E+07
  0.1037E+07
  0.8498E+06
  0.8192E+06
  0.9367E+08
  0.1724E+07
  0.2351E+08
  0.1038E+07
  0.2200E+07
  0.1861E+08
  0.2313E+08
  0.3718E+08
  0.4490E+08
  0.4788E+08
  0.4836E+08
  0.1986E+07
  0.3638E+07
  0.1010E+07
  0.5046E+06
  0.1668E+07
  0.1868E+08
  0.8891E+07
  0.1556E+07
  0.3251E+07
  0.4474E+07
  0.1675E+07
  0.4453E+07
  0.6164E+07
  0.1530E+09
  0.7275E+07
  0.1675E+07
  0.2375E+07
  0.4425E+07
  0.1052E+07
  0.5226E+07
  0.1382E+08
  0.2350E+07
  0.2684E+07
  0.1448E+07
  0.1240E+09
  0.1987E+07
  0.7073E+06
  0.4958E+07
  0.1141E+09
  0.5324E+08
  0.2680E+07
  0.1356E+07
  0.2482E+07
  0.6025E+07
  0.8116E+07
  0.1441E+07
  0.4896E+07
  0.1515E+08
  0.2045E+07
  0.6856E+07
  0.2576E+07
  0.1072E+07
  0.8956E+06
  0.9866E+06
  0.6125E+06
  0.7044E+06
  0.3606E+07
  0.1953E+07
  0.1200E+07
  0.1123E+07
  0.2280E+07
  0.1723E+07
  0.1470E+08
  0.2096E+07
  0.1340E+07
  0.1878E+07
  0.1413E+09
  0.1919E+07
  0.2209E+07
  0.2273E+07
  0.1928E+09
  0.9618E+06
  0.2404E+07
  0.2296E+07
  0.1625E+07
  0.1190E+09
  0.1266E+07
  0.3215E+08
  0.3953E+07
  0.4678E+08
  0.1961E+07
  0.1160E+07
  0.1522E+07
  0.6395E+07
  0.7143E+08
  0.1554E+07
  0.8706E+06
  0.8598E+07
  0.3297E+07
  0.1099E+07
  0.2415E+07
  0.2880E+07
  0.1335E+07
  0.8186E+06
  0.1803E+07
  0.1560E+07
  0.7338E+06
  0.2540E+07
  0.2503E+07
  0.2284E+07
  0.8871E+06
  0.3631E+07
  0.1712E+07
  0.3027E+07
  0.4931E+07
  0.1458E+07
  0.2713E+07
  0.4129E+07
  0.2686E+08
  0.1565E+08
  0.4117E+07
  0.1890E+07
  0.3891E+07
  0.2929E+08
  0.2135E+07
  0.4676E+07
  0.2161E+07
  0.1099E+09
  0.2562E+07
  0.7984E+06
  0.2605E+07
  0.5110E+06
  0.1057E+09
  0.2653E+08
  0.1422E+08
  0.5162E+07
  0.2106E+07
  0.2163E+07
  0.7849E+06
  0.9100E+06
  0.3562E+07
  0.1666E+07
  0.3077E+07
  0.3191E+07
  0.1763E+08
  0.2609E+08
  0.3281E+08
  0.4239E+08
  0.4626E+08
  0.4721E+08
  0.5389E+08
  0.5272E+08
  0.4648E+08
  0.3571E+08
  0.3155E+08
  0.2147E+08
  0.2797E+07
  0.9389E+06
  0.2867E+07
  0.1757E+07
  0.3011E+07
  0.2067E+08
  0.9224E+08
  0.1038E+07
  0.1837E+07
  0.1505E+09
  0.2520E+08
  0.2160E+07
  0.7794E+06
  0.5683E+07
  0.9751E+08
  0.2477E+07
  0.2152E+08
  0.1817E+07
  0.3589E+07
  0.9484E+08
  0.2420E+08
  0.6348E+07
  0.1969E+07
  0.1472E+07
  0.5858E+08
  0.5571E+07
  0.4037E+07
  0.1889E+07
  0.2297E+07
  0.7184E+07
  0.1684E+07
  0.1558E+07
  0.2049E+07
  0.2104E+07
  0.1267E+07
  0.1768E+07
  0.1991E+07
  0.9312E+06
  0.2089E+07
  0.1094E+07
  0.2565E+07
  0.2042E+07
  0.7915E+07
  0.4954E+07
  0.1095E+07
  0.1600E+07
  0.1040E+08
  0.5633E+06
  0.8819E+08
  0.8167E+06
  0.7389E+07
  0.1244E+07
  0.4208E+07
  0.9931E+06
  0.1773E+08
  0.1976E+07
  0.1686E+07
  0.3600E+07
  0.1095E+07
  0.1453E+08
  0.1438E+07
  0.1988E+07
  0.2315E+07
  0.3197E+08
  0.1376E+08
  0.2392E+07
  0.1759E+07
  0.9566E+06
  0.9962E+06
  0.1531E+07
  0.9746E+06
  0.1854E+07
  0.2756E+07
  0.3388E+07
  0.2598E+07
  0.9438E+06
  0.9885E+06
  0.2571E+07
  0.3297E+07
  0.1896E+07
  0.1862E+07
  0.4153E+07
  0.1405E+07
  0.5773E+06
  0.4063E+08
  0.6655E+06
  0.2504E+07
  0.1415E+07
  0.9391E+06
  0.2261E+07
  0.1364E+09
  0.9997E+06
  0.1185E+07
  0.1251E+08
  0.1711E+07
  0.1492E+07
  0.8703E+08
  0.1258E+07
  0.8655E+06
  0.9405E+07
  0.1310E+07
  0.2422E+07
  0.8866E+08
  0.1862E+08
  0.1446E+07
  0.1001E+07
  0.1367E+08
  0.2513E+07
  0.4569E+07
  0.2947E+07
  0.1520E+07
  0.7706E+06
  0.2939E+07
  0.9388E+07
  0.2074E+07
  0.2293E+07
  0.1212E+07
  0.3460E+07
  0.2964E+07
  0.9408E+06
  0.3772E+07
  0.5851E+07
  0.8926E+06
  0.2196E+07
  0.1316E+08
  0.7059E+07
  0.5438E+07
  0.2926E+07
  0.5144E+07
  0.3154E+08
  0.4267E+08
  0.2458E+07
  0.9514E+06
  0.9089E+08
  0.4129E+08
  0.1419E+07
  0.2339E+07
  0.4630E+07
  0.3736E+07
  0.6923E+08
  0.9353E+07
  0.2517E+07
  0.5537E+07
  0.1818E+07
  0.3341E+08
  0.3062E+08
  0.1571E+08
  0.1352E+08
  0.1606E+07
  0.2714E+07
  0.7954E+07
  0.2501E+07
  0.1088E+07
  0.7571E+07
  0.5675E+07
  0.1602E+07
  0.1266E+07
  0.1283E+08
  0.2238E+08
  0.3309E+08
  0.3877E+08
  0.4023E+08
  0.2045E+07
  0.6643E+06
  0.1194E+09
  0.1075E+09
  0.7580E+08
  0.6822E+08
  0.1027E+08
  0.1410E+07
  0.1577E+07
  0.1402E+08
  0.1380E+08
  0.1241E+07
  0.3468E+08
  0.2614E+07
  0.4165E+07
  0.8525E+08
  0.3763E+08
  0.2546E+07
  0.9951E+06
  0.1697E+07
  0.1123E+07
  0.3833E+07
  0.4179E+08
  0.1956E+08
  0.3125E+07
  0.1831E+07
  0.1381E+07
  0.2862E+08
  0.1627E+08
  0.1225E+08
  0.1158E+08
  0.7659E+07
  0.1512E+07
  0.1698E+07
  0.2088E+07
  0.4751E+07
  0.7754E+07
  0.1263E+08
  0.2338E+07
  0.1915E+07
  0.3449E+07
  0.1046E+07
  0.4229E+07
  0.4834E+07
  0.1272E+09
  0.1260E+09
  0.1367E+07
  0.1405E+07
  0.9560E+08
  0.6610E+06
  0.1356E+07
  0.3897E+08
  0.1492E+07
  0.1374E+07
  0.1758E+07
  0.6916E+07
  0.1329E+07
  0.2862E+07
  0.1786E+07
  0.5064E+08
  0.1210E+07
  0.3090E+08
  0.2837E+07
  0.1197E+07
  0.3435E+08
  0.6573E+07
  0.9600E+07
  0.2485E+07
  0.5040E+07
  0.1860E+08
  0.1406E+08
  0.8542E+07
  0.9629E+07
  0.4285E+07
  0.2938E+07
  0.4379E+07
  0.1808E+07
  0.7125E+07
  0.2468E+07
  0.2386E+08
  0.3269E+08
  0.5267E+07
  0.5019E+07
  0.1313E+07
  0.5513E+06
  0.1635E+07
  0.2038E+07
  0.3014E+07
  0.2030E+07
  0.9319E+06
  0.4226E+06
  0.1584E+07
  0.6558E+07
  0.6492E+07
  0.1333E+07
  0.3127E+08
  0.4467E+07
  0.3276E+07
  0.7732E+07
  0.4673E+07
  0.1485E+07
  0.2453E+08
  0.2229E+07
  0.2837E+08
  0.2656E+08
  0.1481E+07
  0.2067E+08
  0.1517E+07
  0.4976E+07
  0.2661E+08
  0.4233E+07
  0.5118E+07
  0.6440E+07
  0.1034E+08
  0.7082E+07
  0.5951E+07
  0.8537E+06
  0.5405E+07
  0.1778E+07
  0.3843E+07
  0.1315E+08
  0.1880E+08
  0.9622E+08
  0.1351E+09
  0.1495E+09
  0.2098E+07
  0.1832E+07
  0.6812E+06
  0.1801E+07
  0.6404E+07
  0.5229E+07
  0.3516E+07
  0.2169E+07
  0.2336E+07
  0.2504E+07
  0.1451E+07
  0.2278E+07
  0.1995E+07
  0.5428E+07
  0.1216E+07
  0.3428E+07
  0.8623E+06
  0.2088E+08
  0.2065E+07
  0.1981E+08
  0.1266E+08
  0.2225E+08
  0.1225E+07
  0.1718E+08
  0.1361E+07
  0.1451E+08
  0.7355E+07
  0.1319E+07
  0.2612E+07
  0.2027E+07
  0.3014E+07
  0.7276E+07
  0.3465E+07
  0.2681E+07
  0.1867E+07
  0.3367E+07
  0.1344E+08
  0.2084E+08
  0.6566E+08
  0.6939E+08
  0.4915E+07
  0.1506E+07
  0.1494E+07
  0.1632E+09
  0.1723E+07
  0.7414E+06
  0.3762E+07
  0.4314E+07
  0.7973E+07
  0.5721E+07
  0.2784E+07
  0.6084E+06
  0.1371E+07
  0.1746E+07
  0.1617E+07
  0.1394E+08
  0.6742E+07
  0.1178E+07
  0.9969E+06
  0.2317E+07
  0.2582E+07
  0.1095E+08
  0.5262E+07
  0.9626E+07
  0.1269E+08
  0.1534E+07
  0.3049E+07
  0.5837E+07
  0.5323E+07
  0.1583E+07
  0.3248E+07
  0.1886E+07
  0.2322E+07
  0.1132E+07
  0.3789E+07
  0.2115E+07
  0.2072E+07
  0.1431E+07
  0.1320E+08
  0.5931E+08
  0.1528E+07
  0.1096E+07
  0.1359E+07
  0.7261E+06
  0.6331E+08
  0.2344E+09
  0.2418E+09
  0.2446E+09
  0.2457E+09
  0.2576E+07
  0.2104E+07
  0.4752E+06
  0.2175E+07
  0.3176E+07
  0.4903E+07
  0.1176E+07
  0.3794E+07
  0.3392E+07
  0.2041E+07
  0.5597E+07
  0.1888E+07
  0.8585E+07
  0.2344E+07
  0.2706E+07
  0.7209E+07
  0.4371E+07
  0.6144E+07
  0.2166E+07
  0.7620E+06
  0.2058E+07
  0.1842E+07
  0.3318E+07
  0.1720E+07
  0.1062E+08
  0.4081E+07
  0.3138E+07
  0.3157E+07
  0.2591E+07
  0.2550E+07
  0.8087E+07
  0.1590E+08
  0.3414E+07
  0.2157E+07
  0.1755E+07
  0.1495E+07
  0.5339E+08
  0.5912E+08
  0.1345E+07
  0.6251E+06
  0.1712E+07
  0.9710E+06
  0.2029E+07
  0.1287E+07
  0.2262E+07
  0.1051E+07
  0.4701E+07
  0.1000E+08
  0.3275E+07
  0.6749E+07
  0.2424E+07
  0.1699E+07
  0.1487E+07
  0.1556E+08
  0.3334E+07
  0.1505E+07
  0.1822E+07
  0.4121E+07
  0.3832E+07
  0.2322E+07
  0.3241E+07
  0.5190E+07
  0.1583E+07
  0.2172E+07
  0.1449E+07
  0.1293E+07
  0.3683E+07
  0.6436E+07
  0.4404E+07
  0.7971E+07
  0.3537E+07
  0.2433E+08
  0.5096E+07
  0.6280E+07
  0.1750E+07
  0.6854E+07
  0.4160E+07
  0.2327E+07
  0.1380E+08
  0.3582E+08
  0.4678E+08
  0.1212E+07
  0.9301E+06
  0.1259E+07
  0.1742E+07
  0.1073E+07
  0.1332E+07
  0.8425E+08
  0.8200E+08
  0.7486E+08
  0.1843E+08
  0.1219E+08
  0.5447E+07
  0.1704E+08
  0.6750E+07
  0.1590E+07
  0.3343E+07
  0.5791E+07
  0.2604E+08
  0.5518E+07
  0.1047E+07
  0.1379E+07
  0.1852E+07
  0.2281E+07
  0.3295E+07
  0.1177E+07
  0.1064E+07
  0.1791E+08
  0.5710E+07
  0.2103E+07
  0.3927E+07
  0.1416E+07
  0.1196E+08
  0.9246E+07
  0.2963E+08
  0.6383E+07
  0.1155E+07
  0.3231E+08
  0.8557E+07
  0.5164E+07
  0.1836E+07
  0.1985E+07
  0.1345E+07
  0.3174E+07
  0.1035E+08
  0.1073E+08
  0.4792E+07
  0.6185E+07
  0.4049E+07
  0.7270E+07
  0.2017E+08
  0.2610E+08
  0.3269E+08
  0.3378E+08
  0.1873E+07
  0.8442E+06
  0.1581E+07
  0.4672E+08
  0.3685E+08
  0.2532E+08
  0.2416E+08
  0.1771E+07
  0.1383E+07
  0.3862E+07
  0.4843E+08
  0.2031E+07
  0.1218E+07
  0.4337E+07
  0.4362E+07
  0.1966E+07
  0.2815E+07
  0.4808E+07
  0.6890E+07
  0.2883E+07
  0.2679E+07
  0.1476E+07
  0.9383E+07
  0.3665E+07
  0.1128E+08
  0.4305E+07
  0.2763E+08
  0.4252E+08
  0.1472E+07
  0.7677E+06
  0.2309E+08
  0.4509E+07
  0.2225E+07
  0.1225E+07
  0.2683E+07
  0.4214E+07
  0.3296E+07
  0.4368E+07
  0.1771E+07
  0.5943E+07
  0.1392E+07
  0.8113E+06
  0.1491E+07
  0.6536E+07
  0.5425E+07
  0.1704E+07
  0.1760E+07
  0.3860E+07
  0.2186E+07
  0.8780E+06
  0.1223E+07
  0.5911E+08
  0.2727E+07
  0.5259E+07
  0.1457E+07
  0.2102E+08
  0.3994E+07
  0.6488E+07
  0.7308E+07
  0.2727E+07
  0.1034E+08
  0.2383E+08
  0.1669E+08
  0.2903E+07
  0.1181E+07
  0.1889E+08
  0.4556E+08
  0.3089E+07
  0.2381E+07
  0.6370E+08
  0.9398E+06
  0.1259E+07
  0.5699E+07
  0.6152E+07
  0.3108E+07
  0.2117E+07
  0.2052E+07
  0.1363E+07
  0.9412E+06
  0.6307E+06
  0.1382E+07
  0.4038E+07
  0.7195E+07
  0.1756E+08
  0.2206E+08
  0.2291E+08
  0.2658E+07
  0.9824E+06
  0.1422E+07
  0.1167E+07
  0.1930E+07
  0.1592E+07
  0.2631E+07
  0.8519E+08
  0.2080E+08
  0.1016E+07
  0.1363E+07
  0.2591E+07
  0.1214E+07
  0.2548E+07
  0.8433E+07
  0.1752E+08
  0.1371E+08
  0.1150E+07
  0.1794E+07
  0.1478E+08
  0.4997E+08
  0.1983E+07
  0.1230E+07
  0.1860E+07
  0.9364E+06
  0.6649E+08
  0.5278E+08
  0.1616E+07
  0.3378E+07
  0.7397E+08
  0.1393E+08
  0.1533E+07
  0.2001E+07
  0.5399E+07
  0.4436E+07
  0.1790E+07
  0.1080E+07
  0.1138E+07
  0.3240E+07
  0.3034E+07
  0.4973E+06
  0.1816E+07
  0.4537E+07
  0.1890E+07
  0.1224E+07
  0.5358E+06
  0.1439E+07
  0.1702E+07
  0.3985E+07
  0.1662E+07
  0.2761E+07
  0.1213E+09
  0.1170E+09
  0.1110E+09
  0.1327E+07
  0.1516E+08
  0.5994E+07
  0.2157E+07
  0.3320E+08
  0.1540E+07
  0.1754E+08
  0.4062E+08
  0.3871E+07
  0.4230E+07
  0.2204E+08
  0.7613E+08
  0.1819E+07
  0.3170E+07
  0.2948E+07
  0.1434E+07
  0.1941E+07
  0.1243E+09
  0.1798E+07
  0.6777E+06
  0.1707E+08
  0.9739E+06
  0.3682E+07
  0.1986E+07
  0.1799E+08
  0.3595E+07
  0.6255E+07
  0.4068E+07
  0.6073E+07
  0.5260E+07
  0.1026E+07
  0.1266E+07
  0.2954E+07
  0.2948E+07
  0.2500E+07
  0.1788E+09
  0.1693E+09
  0.1557E+09
  0.2116E+07
  0.9153E+06
  0.1475E+08
  0.3328E+07
  0.3310E+07
  0.1917E+07
  0.2072E+07
  0.3888E+08
  0.1817E+07
  0.2062E+08
  0.2365E+07
  0.3367E+07
  0.1434E+08
  0.5252E+07
  0.1695E+07
  0.2048E+07
  0.4991E+07
  0.1316E+09
  0.2991E+07
  0.8544E+07
  0.9697E+08
  0.1138E+08
  0.1126E+07
  0.7765E+06
  0.5404E+07
  0.3549E+08
  0.2491E+07
  0.2123E+07
  0.9431E+07
  0.3498E+08
  0.4537E+08
  0.5504E+08
  0.3404E+07
  0.2894E+07
  0.2761E+07
  0.6955E+06
  0.2207E+07
  0.1924E+09
  0.1908E+09
  0.1850E+09
  0.2001E+07
  0.5556E+07
  0.6272E+06
  0.3094E+08
  0.9750E+07
  0.1280E+07
  0.7266E+07
  0.2527E+07
  0.9934E+07
  0.2342E+07
  0.2482E+07
  0.2957E+08
  0.5785E+08
  0.5216E+07
  0.2066E+07
  0.3157E+07
  0.5851E+07
  0.1806E+08
  0.5695E+07
  0.1315E+07
  0.1574E+07
  0.3779E+07
  0.1456E+09
  0.2050E+08
  0.2001E+07
  0.2044E+07
  0.1778E+07
  0.1204E+07
  0.4543E+08
  0.2719E+07
  0.2179E+07
  0.3060E+07
  0.1087E+08
  0.8144E+06
  0.1520E+07
  0.7623E+08
  0.8530E+08
  0.9049E+08
  0.1027E+09
  0.1073E+09
  0.1080E+09
  0.1789E+07
  0.2690E+07
  0.8112E+06
  0.8343E+06
  0.1543E+07
  0.3810E+07
  0.1370E+08
  0.6364E+07
  0.2359E+07
  0.2590E+07
  0.8566E+06
  0.3511E+07
  0.6049E+08
  0.1503E+07
  0.2043E+07
  0.1296E+07
  0.2428E+07
  0.2140E+07
  0.1225E+07
  0.3036E+07
  0.1141E+09
  0.1249E+08
  0.4376E+07
  0.1416E+07
  0.1030E+07
  0.1129E+07
  0.1986E+07
  0.2887E+07
  0.3291E+07
  0.2084E+07
  0.1786E+07
  0.5194E+07
  0.5904E+08
  0.7965E+07
  0.1902E+07
  0.3732E+07
  0.2423E+07
  0.9657E+07
  0.2330E+07
  0.2584E+07
  0.8649E+06
  0.1392E+07
  0.2308E+07
  0.6309E+06
  0.1824E+07
  0.1560E+07
  0.1585E+07
  0.9115E+07
  0.2461E+07
  0.1680E+07
  0.2194E+07
  0.3132E+07
  0.7109E+07
  0.7424E+08
  0.1195E+07
  0.3442E+07
  0.1078E+09
  0.6826E+07
  0.1320E+07
  0.7685E+06
  0.7806E+06
  0.1219E+07
  0.1371E+09
  0.4282E+07
  0.2110E+07
  0.1544E+07
  0.1138E+07
  0.1998E+07
  0.1547E+09
  0.7212E+06
  0.1530E+09
  0.1365E+08
  0.3729E+07
  0.1203E+07
  0.2304E+07
  0.7340E+08
  0.2424E+07
  0.7470E+06
  0.1359E+07
  0.3688E+07
  0.1877E+07
  0.1451E+07
  0.1840E+07
  0.9108E+06
  0.2861E+07
  0.2285E+08
  0.2070E+08
  0.1589E+08
  0.1003E+08
  0.5181E+07
  0.1330E+07
  0.2528E+07
  0.1789E+07
  0.1515E+07
  0.8042E+07
  0.1230E+07
  0.1713E+07
  0.4960E+07
  0.8519E+08
  0.1184E+09
  0.5221E+07
  0.7831E+07
  0.1511E+07
  0.8997E+06
  0.5850E+07
  0.2461E+07
  0.6184E+07
  0.1386E+08
  0.2341E+07
  0.1605E+09
  0.1013E+07
  0.3315E+07
  0.1394E+07
  0.4608E+07
  0.9222E+06
  0.7714E+08
  0.1791E+07
  0.2750E+07
  0.2648E+07
  0.1084E+07
  0.1670E+07
  0.6262E+06
  0.2600E+07
  0.8519E+06
  0.1438E+07
  0.3731E+07
  0.4519E+07
  0.1036E+07
  0.9414E+06
  0.9896E+06
  0.8352E+06
  0.7873E+06
  0.4211E+07
  0.7938E+06
  0.2090E+07
  0.3465E+07
  0.1456E+08
  0.2022E+07
  0.2124E+07
  0.1779E+07
  0.1227E+09
  0.2097E+07
  0.1696E+07
  0.1766E+07
  0.3638E+07
  0.1616E+08
  0.4411E+07
  0.1485E+09
  0.1544E+07
  0.9429E+06
  0.2639E+07
  0.1159E+07
  0.1731E+09
  0.4501E+07
  0.1869E+07
  0.6196E+07
  0.6593E+07
  0.4804E+07
  0.4699E+07
  0.5566E+07
  0.1171E+07
  0.4346E+07
  0.7991E+07
  0.1629E+08
  0.2403E+08
  0.1984E+07
  0.1705E+07
  0.2536E+07
  0.5155E+08
  0.4956E+08
  0.1423E+07
  0.1052E+07
  0.1000E+08
  0.6293E+07
  0.6435E+06
  0.1106E+07
  0.6484E+07
  0.5743E+07
  0.1723E+08
  0.5378E+07
  0.8962E+06
  0.1427E+07
  0.9035E+08
  0.2745E+07
  0.1402E+07
  0.2019E+07
  0.1253E+07
  0.3075E+07
  0.1833E+08
  0.1574E+09
  0.3335E+07
  0.1388E+07
  0.8153E+07
  0.1288E+07
  0.3495E+09
  0.1175E+07
  0.1869E+07
  0.1985E+07
  0.3139E+07
  0.7780E+07
  0.8873E+08
  0.9041E+07
  0.1610E+07
  0.1625E+07
  0.9389E+07
  0.4086E+08
  0.5161E+08
  0.5464E+08
  0.5511E+08
  0.1386E+07
  0.2135E+07
  0.4243E+08
  0.3665E+08
  0.9218E+07
  0.5754E+07
  0.1043E+07
  0.1209E+08
  0.8122E+07
  0.2604E+08
  0.1934E+07
  0.6351E+06
  0.5363E+07
  0.2191E+09
  0.1214E+07
  0.1024E+08
  0.2536E+07
  0.1417E+07
  0.9740E+07
  0.4617E+06
  0.7203E+07
  0.2077E+07
  0.1542E+07
  0.1372E+08
  0.8690E+06
  0.2053E+07
  0.2014E+07
  0.4850E+07
  0.1712E+07
  0.2399E+08
  0.1054E+07
  0.5919E+06
  0.1002E+09
  0.2637E+07
  0.2405E+08
  0.2572E+07
  0.3670E+07
  0.2417E+07
  0.6363E+07
  0.1896E+07
  0.1786E+07
  0.9324E+06
  0.8668E+06
  0.1838E+07
  0.9590E+06
  0.5116E+06
  0.9087E+06
  0.1024E+08
  0.4466E+07
  0.1140E+07
  0.2706E+07
  0.1990E+08
  0.1089E+08
  0.3714E+08
  0.8393E+07
  0.1473E+07
  0.2267E+07
  0.9695E+07
  0.2175E+08
  0.1949E+08
  0.2976E+07
  0.2307E+07
  0.3434E+08
  0.1613E+09
  0.2499E+07
  0.5908E+06
  0.2950E+07
  0.2015E+08
  0.1069E+07
  0.3594E+09
  0.2256E+07
  0.3329E+07
  0.7626E+07
  0.1221E+07
  0.3022E+08
  0.1369E+07
  0.1041E+09
  0.3701E+08
  0.5100E+07
  0.9975E+06
  0.7886E+06
  0.6715E+07
  0.1701E+07
  0.1207E+07
  0.2214E+07
  0.3811E+07
  0.6596E+06
  0.1144E+07
  0.1712E+07
  0.1197E+08
  0.1134E+08
  0.7536E+07
  0.6745E+06
  0.1593E+07
  0.1074E+07
  0.5152E+06
  0.1705E+07
  0.2260E+08
  0.5177E+08
  0.5138E+06
  0.1238E+07
  0.2043E+07
  0.2126E+07
  0.2587E+09
  0.1112E+07
  0.1795E+07
  0.1575E+07
  0.3198E+07
  0.2758E+07
  0.1754E+07
  0.3867E+08
  0.1748E+09
  0.1411E+07
  0.1088E+07
  0.2301E+08
  0.1592E+07
  0.7893E+07
  0.1550E+07
  0.2983E+07
  0.1995E+07
  0.3161E+07
  0.3675E+08
  0.7288E+06
  0.4008E+08
  0.1100E+07
  0.1749E+07
  0.3580E+07
  0.1615E+08
  0.1526E+07
  0.1504E+07
  0.1506E+07
  0.6857E+07
  0.1080E+08
  0.1250E+08
  0.1431E+07
  0.9694E+06
  0.4547E+07
  0.1309E+07
  0.4955E+07
  0.1515E+07
  0.7889E+06
  0.1171E+07
  0.2721E+08
  0.5811E+08
  0.4058E+07
  0.1035E+07
  0.6324E+07
  0.1931E+07
  0.4541E+07
  0.2270E+07
  0.6831E+06
  0.4946E+06
  0.2808E+07
  0.2163E+09
  0.5199E+07
  0.3047E+07
  0.3108E+08
  0.3745E+09
  0.1950E+07
  0.8374E+06
  0.1779E+08
  0.6828E+06
  0.4197E+08
  0.1074E+09
  0.4420E+08
  0.1208E+07
  0.9724E+06
  0.9829E+07
  0.1310E+07
  0.6032E+06
  0.6768E+06
  0.3586E+07
  0.1901E+07
  0.1549E+08
  0.1442E+08
  0.2290E+07
  0.1154E+07
  0.1404E+07
  0.7868E+07
  0.5290E+07
  0.4648E+07
  0.9076E+06
  0.8932E+08
  0.1714E+07
  0.2219E+07
  0.1122E+08
  0.2670E+09
  0.1537E+07
  0.6895E+07
  0.4375E+07
  0.8054E+07
  0.1219E+07
  0.2474E+07
  0.2319E+09
  0.1553E+07
  0.3406E+08
  0.3853E+09
  0.8147E+07
  0.1774E+07
  0.3041E+07
  0.2570E+08
  0.2254E+07
  0.2606E+07
  0.3645E+07
  0.2030E+09
  0.2280E+07
  0.1973E+07
  0.3166E+08
  0.7561E+06
  0.5713E+07
  0.4361E+07
  0.5439E+07
  0.1584E+08
  0.2268E+08
  0.2421E+08
  0.2245E+07
  0.6332E+07
  0.1122E+07
  0.7294E+06
  0.7588E+07
  0.1434E+07
  0.8449E+07
  0.9610E+08
  0.1899E+07
  0.9333E+06
  0.1992E+07
  0.2858E+09
  0.2161E+07
  0.1016E+07
  0.8676E+07
  0.7791E+06
  0.1330E+08
  0.1204E+07
  0.9647E+06
  0.3216E+07
  0.1171E+07
  0.4560E+07
  0.4268E+09
  0.1254E+07
  0.2784E+07
  0.2623E+07
  0.3112E+08
  0.1203E+07
  0.2087E+09
  0.1155E+07
  0.2807E+07
  0.1958E+07
  0.6174E+07
  0.1851E+07
  0.9573E+07
  0.1034E+07
  0.4242E+07
  0.2936E+07
  0.1559E+07
  0.2000E+07
  0.2779E+07
  0.1195E+07
  0.8445E+06
  0.1147E+07
  0.8335E+07
  0.1104E+08
  0.2484E+07
  0.1921E+07
  0.1170E+09
  0.4189E+07
  0.9217E+06
  0.3368E+07
  0.2940E+09
  0.1292E+07
  0.1064E+08
  0.1238E+07
  0.2305E+07
  0.1788E+08
  0.2406E+09
  0.5987E+07
  0.1046E+07
  0.2824E+07
  0.4371E+09
  0.1811E+07
  0.1355E+07
  0.1851E+07
  0.4205E+08
  0.3228E+07
  0.1468E+07
  0.5562E+07
  0.2111E+09
  0.1219E+07
  0.6707E+07
  0.1004E+07
  0.1004E+07
  0.1209E+07
  0.1705E+08
  0.2857E+07
  0.1232E+07
  0.7460E+06
  0.1237E+07
  0.1711E+07
  0.2495E+07
  0.7833E+07
  0.7257E+07
  0.4264E+07
  0.1700E+07
  0.2667E+07
  0.2554E+08
  0.1546E+08
  0.1616E+07
  0.1321E+07
  0.9235E+06
  0.5964E+06
  0.4305E+07
  0.1245E+07
  0.2970E+09
  0.1446E+07
  0.1221E+07
  0.2804E+08
  0.5760E+07
  0.4703E+07
  0.2901E+07
  0.1275E+07
  0.2481E+09
  0.1015E+08
  0.1416E+07
  0.5512E+06
  0.1934E+07
  0.1439E+07
  0.1225E+07
  0.4762E+08
  0.2838E+07
  0.9578E+06
  0.1691E+07
  0.2222E+09
  0.1380E+07
  0.1383E+07
  0.2522E+07
  0.6827E+06
  0.6238E+08
  0.1435E+07
  0.1175E+07
  0.6364E+06
  0.2056E+07
  0.6862E+07
  0.7950E+07
  0.9034E+06
  0.8572E+06
  0.6033E+06
  0.9678E+06
  0.4509E+08
  0.2281E+07
  0.1942E+07
  0.2099E+07
  0.1259E+09
  0.2368E+07
  0.1808E+07
  0.7168E+07
  0.1820E+07
  0.3045E+09
  0.9138E+06
  0.3227E+08
  0.1029E+07
  0.2885E+08
  0.5792E+06
  0.3458E+07
  0.2625E+09
  0.1288E+07
  0.1533E+07
  0.2664E+07
  0.4467E+09
  0.1681E+07
  0.5685E+06
  0.5623E+07
  0.8159E+06
  0.5288E+08
  0.1024E+07
  0.1646E+07
  0.1806E+07
  0.1177E+08
  0.6996E+06
  0.7500E+07
  0.1637E+07
  0.6836E+08
  0.1263E+07
  0.5063E+07
  0.8080E+06
  0.1806E+07
  0.2402E+07
  0.5547E+07
  0.4952E+07
  0.1873E+07
  0.2138E+07
  0.2233E+07
  0.5129E+08
  0.9637E+06
  0.3683E+07
  0.5293E+06
  0.1333E+09
  0.1240E+07
  0.4251E+07
  0.1019E+08
  0.6686E+06
  0.3105E+09
  0.1143E+07
  0.1585E+07
  0.3787E+08
  0.3029E+07
  0.1005E+07
  0.3828E+07
  0.2153E+07
  0.2670E+09
  0.9849E+06
  0.9513E+06
  0.4519E+09
  0.1160E+07
  0.9663E+07
  0.5536E+08
  0.2026E+07
  0.1902E+07
  0.3018E+07
  0.7505E+06
  0.2276E+09
  0.1790E+07
  0.6448E+06
  0.2569E+07
  0.4648E+06
  0.7316E+08
  0.1982E+07
  0.3715E+07
  0.7931E+06
  0.7407E+07
  0.1119E+07
  0.3334E+07
  0.1919E+07
  0.6324E+06
  0.5651E+07
  0.1061E+07
  0.5462E+08
  0.7722E+06
  0.7063E+07
  0.1388E+09
  0.9283E+06
  0.1192E+08
  0.9032E+06
  0.8572E+06
  0.1575E+07
  0.4041E+08
  0.5522E+06
  0.8549E+06
  0.3824E+08
  0.1429E+07
  0.6865E+06
  0.2703E+09
  0.4407E+07
  0.9675E+06
  0.4567E+09
  0.7148E+06
  0.1163E+08
  0.1613E+07
  0.6071E+08
  0.1515E+07
  0.7418E+07
  0.1080E+07
  0.2453E+09
  0.1535E+07
  0.2167E+07
  0.1312E+08
  0.1211E+07
  0.7867E+08
  0.5409E+07
  0.9111E+06
  0.1109E+07
  0.1139E+08
  0.8928E+06
  0.1872E+07
  0.1258E+07
  0.1928E+07
  0.8270E+07
  0.1726E+07
  0.5952E+08
  0.6046E+06
  0.1576E+07
  0.8310E+07
  0.2382E+07
  0.5623E+06
  0.7055E+06
  0.7279E+07
  0.1495E+07
  0.1436E+08
  0.3145E+09
  0.1694E+07
  0.4417E+08
  0.2426E+07
  0.2836E+07
  0.4096E+08
  0.1056E+07
  0.2490E+07
  0.1866E+07
  0.2729E+09
  0.6169E+07
  0.1168E+07
  0.4616E+09
  0.1374E+07
  0.1447E+08
  0.6486E+08
  0.9444E+06
  0.1075E+08
  0.9034E+06
  0.2481E+09
  0.1841E+07
  0.3996E+07
  0.1645E+08
  0.6315E+06
  0.8112E+08
  0.7313E+07
  0.1454E+07
  0.1492E+08
  0.8067E+06
  0.1764E+07
  0.1535E+06
  0.1367E+07
  0.2399E+07
  0.8758E+06
  0.8823E+07
  0.1581E+07
  0.2296E+07
  0.9096E+06
  0.6006E+08
  0.1130E+07
  0.1023E+07
  0.2282E+07
  0.2250E+07
  0.8854E+07
  0.8884E+06
  0.2878E+07
  0.1403E+09
  0.1331E+07
  0.1423E+07
  0.7827E+07
  0.9884E+06
  0.2004E+07
  0.1522E+08
  0.7485E+06
  0.3149E+09
  0.6896E+06
  0.2149E+07
  0.7515E+06
  0.4460E+08
  0.6342E+06
  0.2816E+07
  0.6702E+06
  0.3225E+07
  0.5944E+06
  0.4134E+08
  0.1744E+07
  0.3240E+07
  0.2954E+07
  0.8431E+06
  0.2376E+07
  0.1226E+07
  0.2734E+09
  0.6905E+07
  0.8742E+06
  0.1585E+07
  0.6863E+06
  0.4620E+09
  0.7271E+06
  0.1764E+07
  0.7517E+06
  0.1502E+08
  0.8526E+06
  0.6537E+08
  0.7666E+06
  0.1335E+07
  0.7287E+06
  0.1121E+08
  0.7203E+06
  0.1264E+07
  0.2660E+07
  0.2485E+09
  0.7323E+06
  0.2385E+07
  0.2948E+07
  0.4361E+07
  0.6840E+06
  0.1697E+08
  0.1050E+07
  0.6764E+06
  0.8152E+08
  0.6419E+06
  0.7771E+07
  0.2489E+07
  0.1912E+07
  0.7225E+06
  0.1536E+08
  0.1000E+07
  0.1375E+07
  0.9489E+06
  0.1535E+06
  0.2086E+07
  0.8951E+06
  0.1943E+07
  0.4133E+08
  0.2238E+07
  0.9801E+07
  0.1430E+07
  0.2383E+09
  0.1447E+07
  0.2359E+07
  0.4010E+07
  0.4135E+08
  0.1063E+08
  0.1965E+07
  0.1047E+07
  0.5760E+07
  0.1550E+09
  0.1349E+07
  0.1427E+08
  0.1365E+07
  0.1723E+08
  0.1350E+07
  0.3546E+07
  0.2065E+09
  0.8285E+06
  0.1944E+07
  0.1150E+08
  0.1262E+07
  0.2844E+07
  0.2247E+07
  0.1608E+07
  0.1312E+09
  0.5819E+07
  0.2259E+07
  0.2441E+07
  0.8202E+06
  0.8973E+08
  0.7825E+08
  0.7334E+06
  0.7304E+08
  0.7977E+07
  0.1125E+07
  0.2233E+07
  0.2792E+08
  0.3680E+07
  0.1659E+07
  0.6508E+07
  0.7798E+06
  0.2319E+07
  0.1306E+07
  0.1435E+07
  0.1578E+07
  0.5407E+07
  0.1176E+08
SCALARS erosion_rate float 1
LOOKUP_TABLE default
  0.1000E-02
  0.1000E-02
  0.1000E-02
  0.1000E-02
  0.1000E-02
  0.1000E-02
  0.1000E-02
  0.1000E-02
  0.1000E-02
  0.1000E-02
  0.1000E-02
  0.1000E-02
  0.1000E-02
  0.1000E-02
  0.1000E-02
  0.1000E-02
  0.1000E-02
  0.1000E-02
  0.1000E-02
  0.1000E-02
  0.1000E-02
  0.1000E-02
  0.1000E-02
  0.1000E-02
  0.1000E-02
  0.1000E-02
  0.1000E-02
  0.1000E-02
  0.1000E-02
  0.1000E-02
  0.1000E-02
  0.1000E-02
  0.1000E-02
  0.1000E-02
  0.1000E-02
  0.1000E-02
  0.1000E-02
  0.1000E-02
  0.1000E-02
  0.1000E-02
  0.1000E-02
  0.1000E-02
  0.1000E-02
  0.1000E-02
  0.1000E-02
  0.1000E-02
  0.1000E-02
  0.1000E-02
  0.1000E-02
  0.1000E-02
  0.1000E-02
  0.1000E-02
  0.1000E-02
  0.1000E-02
  0.1000E-02
  0.1000E-02
  0.1000E-02
  0.1000E-02
  0.1000E-02
  0.1000E-02
  0.1000E-02
  0.1000E-02
  0.1000E-02
  0.1000E-02
  0.1000E-02
  0.1000E-02
  0.1000E-02
  0.1000E-02
  0.1000E-02
  0.1000E-02
  0.1000E-02
  0.1000E-02
  0.1000E-02
  0.1000E-02
  0.1000E-02
  0.1000E-02
  0.1000E-02
  0.1000E-02
  0.1000E-02
  0.1000E-02
  0.1000E-02
  0.5508E-03
  0.1001E-02
  0.9958E-03
  0.1003E-02
  0.9928E-03
  0.1012E-02
  0.9808E-03
  0.9993E-03
  0.9915E-03
  0.9994E-03
  0.9972E-03
  0.8419E-03
  0.9756E-03
  0.1001E-02
  0.8867E-03
  0.9924E-03
  0.9956E-03
  0.9883E-03
  0.9979E-03
  0.9918E-03
  0.8411E-03
  0.1001E-02
  0.9803E-03
  0.1048E-02
  0.9963E-03
  0.9990E-03
  0.9999E-03
  0.1000E-02
  0.9956E-03
  0.9980E-03
  0.9981E-03
  0.1003E-02
  0.1003E-02
  0.9834E-03
  0.1005E-02
  0.6948E-03
  0.9999E-03
  0.9978E-03
  0.9966E-03
  0.9958E-03
  0.9965E-03
  0.9991E-03
  0.1000E-02
  0.1000E-02
  0.1005E-02
  0.1004E-02
  0.9900E-03
  0.9814E-03
  0.1022E-02
  0.1034E-02
  0.1009E-02
  0.9096E-03
  0.9944E-03
  0.7365E-03
  0.8151E-03
  0.1028E-02
  0.1001E-02
  0.9804E-03
  0.1035E-02
  0.9942E-03
  0.9967E-03
  0.9647E-03
  0.7675E-03
  0.1002E-02
  0.9506E-03
  0.1115E-02
  0.9879E-03
  0.9940E-03
  0.9741E-03
  0.9994E-03
  0.9969E-03
  0.1002E-02
  0.9853E-03
  0.1002E-02
  0.7327E-03
  0.1004E-02
  0.7395E-03
  0.9985E-03
  0.6102E-03
  0.9941E-03
  0.8948E-03
  0.9895E-03
  0.9879E-03
  0.1015E-02
  0.1000E-02
  0.1000E-02
  0.1019E-02
  0.9125E-03
  0.9844E-03
  0.9842E-03
  0.7254E-03
  0.9178E-03
  0.9972E-03
  0.6152E-03
  0.9687E-03
  0.1003E-02
  0.7442E-03
  0.8065E-03
  0.9996E-03
  0.1025E-02
  0.9542E-03
  0.1048E-02
  0.9910E-03
  0.1000E-02
  0.7266E-03
  0.8972E-03
  0.9885E-03
  0.1005E-02
  0.8767E-03
  0.8202E-03
  0.6870E-03
  0.9976E-03
  0.8064E-03
  0.6632E-03
  0.9919E-03
  0.8195E-03
  0.1013E-02
  0.1004E-02
  0.7262E-03
  0.9947E-03
  0.9286E-03
  0.9928E-03
  0.6330E-03
  0.9329E-03
  0.8017E-03
  0.9995E-03
  0.1000E-02
  0.1000E-02
  0.5994E-03
  0.8127E-03
  0.9759E-03
  0.7672E-03
  0.8932E-03
  0.1003E-02
  0.9952E-03
  0.6143E-03
  0.9831E-03
  0.8459E-03
  0.9067E-03
  0.9984E-03
  0.1016E-02
  0.9003E-03
  0.1074E-02
  0.9877E-03
  0.1040E-02
  0.8943E-03
  0.1036E-02
  0.1006E-02
  0.1169E-02
  0.1084E-02
  0.9744E-03
  0.9816E-03
  0.1059E-02
  0.9955E-03
  0.9799E-03
  0.9977E-03
  0.9782E-03
  0.1052E-02
  0.1008E-02
  0.1001E-02
  0.1005E-02
  0.9245E-03
  0.9742E-03
  0.9935E-03
  0.9788E-03
  0.6935E-03
  0.1096E-02
  0.7580E-03
  0.1000E-02
  0.1000E-02
  0.1011E-02
  0.7802E-03
  0.9913E-03
  0.8943E-03
  0.9599E-03
  0.1014E-02
  0.6565E-03
  0.9930E-03
  0.1046E-02
  0.7261E-03
  0.1132E-02
  0.1002E-02
  0.9948E-03
  0.9919E-03
  0.9897E-03
  0.6824E-03
  0.8565E-03
  0.1053E-02
  0.9854E-03
  0.9500E-03
  0.7516E-03
  0.9980E-03
  0.1006E-02
  0.9547E-03
  0.9605E-03
  0.7000E-03
  0.1008E-02
  0.9588E-03
  0.9593E-03
  0.8972E-03
  0.1052E-02
  0.9659E-03
  0.9998E-03
  0.7688E-03
  0.1014E-02
  0.9557E-03
  0.8853E-03
  0.9989E-03
  0.1028E-02
  0.8818E-03
  0.1065E-02
  0.1011E-02
  0.1000E-02
  0.1000E-02
  0.9705E-03
  0.9893E-03
  0.1051E-02
  0.1050E-02
  0.1074E-02
  0.1005E-02
  0.9922E-03
  0.9736E-03
  0.9604E-03
  0.1182E-02
  0.1039E-02
  0.5919E-03
  0.9923E-03
  0.9272E-03
  0.1049E-02
  0.9801E-03
  0.9833E-03
  0.1078E-02
  0.9585E-03
  0.1006E-02
  0.1100E-02
  0.1009E-02
  0.9502E-03
  0.9937E-03
  0.8051E-03
  0.9624E-03
  0.9294E-03
  0.7479E-03
  0.7251E-03
  0.1103E-02
  0.8135E-03
  0.8949E-03
  0.1019E-02
  0.9837E-03
  0.1002E-02
  0.7843E-03
  0.9190E-03
  0.1184E-02
  0.7764E-03
  0.1000E-02
  0.1000E-02
  0.9490E-03
  0.1025E-02
  0.1009E-02
  0.1100E-02
  0.1055E-02
  0.1002E-02
  0.9875E-03
  0.1048E-02
  0.8359E-03
  0.9681E-03
  0.7943E-03
  0.1163E-02
  0.9903E-03
  0.1091E-02
  0.9954E-03
  0.8770E-03
  0.9845E-03
  0.8747E-03
  0.9470E-03
  0.1007E-02
  0.1113E-02
  0.9353E-03
  0.9818E-03
  0.1063E-02
  0.1083E-02
  0.9508E-03
  0.9037E-03
  0.1073E-02
  0.9981E-03
  0.1039E-02
  0.9306E-03
  0.1020E-02
  0.9872E-03
  0.7596E-03
  0.1005E-02
  0.1000E-02
  0.1000E-02
  0.8002E-03
  0.1001E-02
  0.9005E-03
  0.1042E-02
  0.9419E-03
  0.9894E-03
  0.9859E-03
  0.8290E-03
  0.1000E-02
  0.1177E-02
  0.7683E-03
  0.9104E-03
  0.9778E-03
  0.9970E-03
  0.9736E-03
  0.8945E-03
  0.1092E-02
  0.1126E-02
  0.1009E-02
  0.7473E-03
  0.9245E-03
  0.7917E-03
  0.5258E-03
  0.9940E-03
  0.1097E-02
  0.9066E-03
  0.1146E-02
  0.1090E-02
  0.9937E-03
  0.1067E-02
  0.8193E-03
  0.1293E-02
  0.1203E-02
  0.1002E-02
  0.1064E-02
  0.8351E-03
  0.9855E-03
  0.1131E-02
  0.1005E-02
  0.1000E-02
  0.1000E-02
  0.9944E-03
  0.1009E-02
  0.9553E-03
  0.1004E-02
  0.1072E-02
  0.9849E-03
  0.1071E-02
  0.6856E-03
  0.9656E-03
  0.9863E-03
  0.1025E-02
  0.1078E-02
  0.1128E-02
  0.9859E-03
  0.7819E-03
  0.7438E-03
  0.1106E-02
  0.1013E-02
  0.8075E-03
  0.8988E-03
  0.1064E-02
  0.1092E-02
  0.1000E-02
  0.9907E-03
  0.1071E-02
  0.1135E-02
  0.9699E-03
  0.1104E-02
  0.1150E-02
  0.1065E-02
  0.1177E-02
  0.8937E-03
  0.9288E-03
  0.5874E-03
  0.1006E-02
  0.9486E-03
  0.1000E-02
  0.1000E-02
  0.1007E-02
  0.1009E-02
  0.1010E-02
  0.1011E-02
  0.9724E-03
  0.6653E-03
  0.8996E-03
  0.9843E-03
  0.9571E-03
  0.1245E-02
  0.1218E-02
  0.1116E-02
  0.9849E-03
  0.8943E-03
  0.1353E-02
  0.9679E-03
  0.1011E-02
  0.1152E-02
  0.1063E-02
  0.1024E-02
  0.7947E-03
  0.8875E-03
  0.8482E-03
  0.1057E-02
  0.1109E-02
  0.7637E-03
  0.1040E-02
  0.7118E-03
  0.9976E-03
  0.8769E-03
  0.1089E-02
  0.7697E-03
  0.1043E-02
  0.9620E-03
  0.9759E-03
  0.9946E-03
  0.1003E-02
  0.1003E-02
  0.1000E-02
  0.1000E-02
  0.1014E-02
  0.6652E-03
  0.7238E-03
  0.9789E-03
  0.1016E-02
  0.1029E-02
  0.8104E-03
  0.1019E-02
  0.1008E-02
  0.8190E-03
  0.1383E-02
  0.1188E-02
  0.9855E-03
  0.1050E-02
  0.9224E-03
  0.1271E-02
  0.1110E-02
  0.8978E-03
  0.9770E-03
  0.1031E-02
  0.1215E-02
  0.1024E-02
  0.1254E-02
  0.1035E-02
  0.1211E-02
  0.6039E-03
  0.8242E-03
  0.1013E-02
  0.1004E-02
  0.1056E-02
  0.1118E-02
  0.1373E-02
  0.1221E-02
  0.1042E-02
  0.1010E-02
  0.1232E-02
  0.1246E-02
  0.8264E-03
  0.9792E-03
  0.9313E-03
  0.6863E-03
  0.8207E-03
  0.9073E-03
  0.8189E-03
  0.1000E-02
  0.1000E-02
  0.1002E-02
  0.1075E-02
  0.7361E-03
  0.1097E-02
  0.1056E-02
  0.1052E-02
  0.1038E-02
  0.7754E-03
  0.1001E-02
  0.9866E-03
  0.8949E-03
  0.1039E-02
  0.1122E-02
  0.9664E-03
  0.7880E-03
  0.9156E-03
  0.1298E-02
  0.1062E-02
  0.1060E-02
  0.9254E-03
  0.8766E-03
  0.1367E-02
  0.1015E-02
  0.8968E-03
  0.8629E-03
  0.9706E-03
  0.1154E-02
  0.1010E-02
  0.9079E-03
  0.8076E-03
  0.1485E-02
  0.1317E-02
  0.7232E-03
  0.1125E-02
  0.1030E-02
  0.9963E-03
  0.7735E-03
  0.1000E-02
  0.1000E-02
  0.8803E-03
  0.1119E-02
  0.1018E-02
  0.1002E-02
  0.9002E-03
  0.9273E-03
  0.1033E-02
  0.1195E-02
  0.1247E-02
  0.9944E-03
  0.1101E-02
  0.1321E-02
  0.1042E-02
  0.1105E-02
  0.1344E-02
  0.9358E-03
  0.1094E-02
  0.9942E-03
  0.1286E-02
  0.1034E-02
  0.1228E-02
  0.1088E-02
  0.1264E-02
  0.5573E-03
  0.1131E-02
  0.5380E-03
  0.1036E-02
  0.1023E-02
  0.1172E-02
  0.1473E-02
  0.1309E-02
  0.1363E-02
  0.8452E-03
  0.7354E-03
  0.1170E-02
  0.1106E-02
  0.1493E-02
  0.1033E-02
  0.9335E-03
  0.9482E-03
  0.9604E-03
  0.9724E-03
  0.9802E-03
  0.1000E-02
  0.1000E-02
  0.9878E-03
  0.9791E-03
  0.9718E-03
  0.9544E-03
  0.9263E-03
  0.9895E-03
  0.9354E-03
  0.1577E-02
  0.1176E-02
  0.1192E-02
  0.1209E-02
  0.9929E-03
  0.8314E-03
  0.1177E-02
  0.9767E-03
  0.1026E-02
  0.1058E-02
  0.7573E-03
  0.1213E-02
  0.1144E-02
  0.1173E-02
  0.9214E-03
  0.1073E-02
  0.1127E-02
  0.1076E-02
  0.1070E-02
  0.1356E-02
  0.9902E-03
  0.7906E-03
  0.1063E-02
  0.1370E-02
  0.1604E-02
  0.8655E-03
  0.7707E-03
  0.8886E-03
  0.1209E-02
  0.1107E-02
  0.9980E-03
  0.1041E-02
  0.9317E-03
  0.1000E-02
  0.1000E-02
  0.9341E-03
  0.9936E-03
  0.9479E-03
  0.9604E-03
  0.1298E-02
  0.8978E-03
  0.1031E-02
  0.6002E-03
  0.1016E-02
  0.1505E-02
  0.6795E-03
  0.1001E-02
  0.9859E-03
  0.1404E-02
  0.7078E-03
  0.1465E-02
  0.9221E-03
  0.1109E-02
  0.1451E-02
  0.1565E-02
  0.1399E-02
  0.6857E-03
  0.9801E-03
  0.1053E-02
  0.9229E-03
  0.1006E-02
  0.1341E-02
  0.1191E-02
  0.1262E-02
  0.1172E-02
  0.8578E-03
  0.7696E-03
  0.8069E-03
  0.6489E-03
  0.1000E-02
  0.1000E-02
  0.1000E-02
  0.9952E-03
  0.6820E-03
  0.7669E-03
  0.9896E-03
  0.1433E-02
  0.1534E-02
  0.1010E-02
  0.1672E-02
  0.1518E-02
  0.9810E-03
  0.1055E-02
  0.8314E-03
  0.1359E-02
  0.7390E-03
  0.1333E-02
  0.1360E-02
  0.9993E-03
  0.9377E-03
  0.7989E-03
  0.1212E-02
  0.1119E-02
  0.8437E-03
  0.1259E-02
  0.9172E-03
  0.1101E-02
  0.1155E-02
  0.1363E-02
  0.1043E-02
  0.1204E-02
  0.1523E-02
  0.8412E-03
  0.6246E-03
  0.1850E-02
  0.1139E-02
  0.1950E-02
  0.1671E-02
  0.1225E-02
  0.7563E-03
  0.7433E-03
  0.8122E-03
  0.9769E-03
  0.9752E-03
  0.1000E-02
  0.1000E-02
  0.9967E-03
  0.9965E-03
  0.1028E-02
  0.9127E-03
  0.6695E-03
  0.1572E-02
  0.9688E-03
  0.1264E-02
  0.1395E-02
  0.1463E-02
  0.1418E-02
  0.1125E-02
  0.1115E-02
  0.1251E-02
  0.9372E-03
  0.1041E-02
  0.1079E-02
  0.1247E-02
  0.1116E-02
  0.1488E-02
  0.1553E-02
  0.1395E-02
  0.1582E-02
  0.1205E-02
  0.1326E-02
  0.1918E-02
  0.1757E-02
  0.1347E-02
  0.1683E-02
  0.1761E-02
  0.8331E-03
  0.1727E-02
  0.1705E-02
  0.1308E-02
  0.8582E-03
  0.1646E-02
  0.1466E-02
  0.9598E-03
  0.8204E-03
  0.8785E-03
  0.9197E-03
  0.9626E-03
  0.9860E-03
  0.1000E-02
  0.1000E-02
  0.9860E-03
  0.9865E-03
  0.9789E-03
  0.9710E-03
  0.9653E-03
  0.1146E-02
  0.1137E-02
  0.9096E-03
  0.1664E-02
  0.1369E-02
  0.1011E-02
  0.1409E-02
  0.1186E-02
  0.1436E-02
  0.1095E-02
  0.1244E-02
  0.1390E-02
  0.8948E-03
  0.1503E-02
  0.7282E-03
  0.2013E-02
  0.1834E-02
  0.2180E-02
  0.1180E-02
  0.1354E-02
  0.1764E-02
  0.2163E-02
  0.1920E-02
  0.1665E-02
  0.2127E-02
  0.1845E-02
  0.1025E-02
  0.1107E-02
  0.1093E-02
  0.1463E-02
  0.1326E-02
  0.1253E-02
  0.1734E-02
  0.9128E-03
  0.8815E-03
  0.8718E-03
  0.1003E-02
  0.1000E-02
  0.1000E-02
  0.9943E-03
  0.9841E-03
  0.8606E-03
  0.9755E-03
  0.7302E-03
  0.1006E-02
  0.9995E-03
  0.9352E-03
  0.8798E-03
  0.1472E-02
  0.1900E-02
  0.1007E-02
  0.1904E-02
  0.1188E-02
  0.1263E-02
  0.9906E-03
  0.1718E-02
  0.1753E-02
  0.1131E-02
  0.2503E-02
  0.2433E-02
  0.2175E-02
  0.1086E-02
  0.2068E-02
  0.2764E-02
  0.2613E-02
  0.1947E-02
  0.2205E-02
  0.1862E-02
  0.7799E-03
  0.1506E-02
  0.1146E-02
  0.1333E-02
  0.1333E-02
  0.1097E-02
  0.1063E-02
  0.8122E-03
  0.1295E-02
  0.9270E-03
  0.7738E-03
  0.8537E-03
  0.1025E-02
  0.1000E-02
  0.1000E-02
  0.9444E-03
  0.8001E-03
  0.1051E-02
  0.1009E-02
  0.1069E-02
  0.7891E-03
  0.1112E-02
  0.1476E-02
  0.1423E-02
  0.1866E-02
  0.1988E-02
  0.1165E-02
  0.2043E-02
  0.1005E-02
  0.1757E-02
  0.1589E-02
  0.1036E-02
  0.2365E-02
  0.9505E-03
  0.1925E-02
  0.2999E-02
  0.1925E-02
  0.1952E-02
  0.2169E-02
  0.3300E-02
  0.1992E-02
  0.1552E-02
  0.6634E-03
  0.1367E-02
  0.1029E-02
  0.1902E-02
  0.1227E-02
  0.1052E-02
  0.9992E-03
  0.9812E-03
  0.9717E-03
  0.9792E-03
  0.9171E-03
  0.8897E-03
  0.1000E-02
  0.1000E-02
  0.9878E-03
  0.9798E-03
  0.9346E-03
  0.1354E-02
  0.9496E-03
  0.1233E-02
  0.1158E-02
  0.9622E-03
  0.1394E-02
  0.8754E-03
  0.1241E-02
  0.7950E-03
  0.2345E-02
  0.9727E-03
  0.2132E-02
  0.1848E-02
  0.2253E-02
  0.1703E-02
  0.2847E-02
  0.8325E-03
  0.3970E-02
  0.2281E-02
  0.8605E-03
  0.1632E-02
  0.8874E-03
  0.1649E-02
  0.1758E-02
  0.1748E-02
  0.1661E-02
  0.7581E-03
  0.1335E-02
  0.2592E-02
  0.2321E-02
  0.1233E-02
  0.1116E-02
  0.1180E-02
  0.1157E-02
  0.9932E-03
  0.9736E-03
  0.9199E-03
  0.9372E-03
  0.9924E-03
  0.1000E-02
  0.1000E-02
  0.9302E-03
  0.8281E-03
  0.5792E-03
  0.8352E-03
  0.9117E-03
  0.1085E-02
  0.1497E-02
  0.1680E-02
  0.1229E-02
  0.7226E-03
  0.1254E-02
  0.1345E-02
  0.2963E-02
  0.2479E-02
  0.2124E-02
  0.2731E-02
  0.9736E-03
  0.2391E-02
  0.1788E-02
  0.1431E-02
  0.9301E-03
  0.1241E-02
  0.8858E-03
  0.1245E-02
  0.6952E-03
  0.1453E-02
  0.8273E-03
  0.1165E-02
  0.1234E-02
  0.2135E-02
  0.1547E-02
  0.1288E-02
  0.1153E-02
  0.1264E-02
  0.8325E-03
  0.9686E-03
  0.9796E-03
  0.9887E-03
  0.9955E-03
  0.1000E-02
  0.1000E-02
  0.9242E-03
  0.5857E-03
  0.9784E-03
  0.1330E-02
  0.9200E-03
  0.1037E-02
  0.1189E-02
  0.1833E-02
  0.9868E-03
  0.2286E-02
  0.1002E-02
  0.2560E-02
  0.1508E-02
  0.2057E-02
  0.2236E-02
  0.1458E-02
  0.3005E-02
  0.1377E-02
  0.7601E-03
  0.1061E-02
  0.8358E-03
  0.1604E-02
  0.1048E-02
  0.2939E-02
  0.1625E-02
  0.1418E-02
  0.1890E-02
  0.1080E-02
  0.1050E-02
  0.1948E-02
  0.2230E-02
  0.1642E-02
  0.1146E-02
  0.1130E-02
  0.1090E-02
  0.9792E-03
  0.9710E-03
  0.1151E-02
  0.6427E-03
  0.1024E-02
  0.8758E-03
  0.1000E-02
  0.1000E-02
  0.1079E-02
  0.9171E-03
  0.1082E-02
  0.9171E-03
  0.8489E-03
  0.1030E-02
  0.1231E-02
  0.1003E-02
  0.1242E-02
  0.2719E-02
  0.1223E-02
  0.1306E-02
  0.7362E-03
  0.1481E-02
  0.1751E-02
  0.1092E-02
  0.1675E-02
  0.1405E-02
  0.2051E-02
  0.1410E-02
  0.7562E-03
  0.9298E-03
  0.1528E-02
  0.2223E-02
  0.1736E-02
  0.2935E-02
  0.1370E-02
  0.3494E-02
  0.1357E-02
  0.1867E-02
  0.7560E-03
  0.2019E-02
  0.2299E-02
  0.1556E-02
  0.1350E-02
  0.1123E-02
  0.1059E-02
  0.9770E-03
  0.8069E-03
  0.8523E-03
  0.9012E-03
  0.9438E-03
  0.1000E-02
  0.1000E-02
  0.9830E-03
  0.9650E-03
  0.9588E-03
  0.9404E-03
  0.8710E-03
  0.8463E-03
  0.9475E-03
  0.1234E-02
  0.1557E-02
  0.2481E-02
  0.2359E-02
  0.2261E-02
  0.1495E-02
  0.1163E-02
  0.1282E-02
  0.1065E-02
  0.1558E-02
  0.8373E-03
  0.7394E-03
  0.3018E-02
  0.2248E-02
  0.7401E-03
  0.1986E-02
  0.9610E-03
  0.2417E-02
  0.2426E-02
  0.2615E-02
  0.1625E-02
  0.7015E-03
  0.2804E-02
  0.2328E-02
  0.2095E-02
  0.1029E-02
  0.1106E-02
  0.1244E-02
  0.1399E-02
  0.1513E-02
  0.1473E-02
  0.1426E-02
  0.1467E-02
  0.6092E-03
  0.6882E-03
  0.8132E-03
  0.8938E-03
  0.9646E-03
  0.1000E-02
  0.1000E-02
  0.8090E-03
  0.1049E-02
  0.9288E-03
  0.8854E-03
  0.8626E-03
  0.8438E-03
  0.9104E-03
  0.8657E-03
  0.2148E-02
  0.1743E-02
  0.1237E-02
  0.8314E-03
  0.1914E-02
  0.1932E-02
  0.9842E-03
  0.2106E-02
  0.2797E-02
  0.1794E-02
  0.1160E-02
  0.1440E-02
  0.1909E-02
  0.3108E-02
  0.1764E-02
  0.2290E-02
  0.1645E-02
  0.2066E-02
  0.1837E-02
  0.9263E-03
  0.8381E-03
  0.2427E-02
  0.1748E-02
  0.9721E-03
  0.1098E-02
  0.1452E-02
  0.1509E-02
  0.1526E-02
  0.1810E-02
  0.7019E-03
  0.7964E-03
  0.9325E-03
  0.8185E-03
  0.1000E-02
  0.1000E-02
  0.9158E-03
  0.8040E-03
  0.9559E-03
  0.1086E-02
  0.9621E-03
  0.1012E-02
  0.1050E-02
  0.1217E-02
  0.9954E-03
  0.1542E-02
  0.8869E-03
  0.3123E-02
  0.1224E-02
  0.1615E-02
  0.2975E-02
  0.2282E-02
  0.2628E-02
  0.2585E-02
  0.2513E-02
  0.1546E-02
  0.1078E-02
  0.2669E-02
  0.1508E-02
  0.1609E-02
  0.1025E-02
  0.1633E-02
  0.6125E-03
  0.8393E-03
  0.1791E-02
  0.1831E-02
  0.1424E-02
  0.1339E-02
  0.1193E-02
  0.1125E-02
  0.6058E-03
  0.7321E-03
  0.9303E-03
  0.5881E-03
  0.7468E-03
  0.8862E-03
  0.9575E-03
  0.1000E-02
  0.1000E-02
  0.7247E-03
  0.8147E-03
  0.1250E-02
  0.1113E-02
  0.1075E-02
  0.1199E-02
  0.1084E-02
  0.1124E-02
  0.1098E-02
  0.8532E-03
  0.2027E-02
  0.1280E-02
  0.1160E-02
  0.2293E-02
  0.2379E-02
  0.2655E-02
  0.1016E-02
  0.1834E-02
  0.2560E-02
  0.1602E-02
  0.9236E-03
  0.9443E-03
  0.1560E-02
  0.1151E-02
  0.1345E-02
  0.1252E-02
  0.1249E-02
  0.8040E-03
  0.1397E-02
  0.1882E-02
  0.1332E-02
  0.1241E-02
  0.2232E-02
  0.1485E-02
  0.1483E-02
  0.1108E-02
  0.1027E-02
  0.1740E-02
  0.1768E-02
  0.6172E-03
  0.6519E-03
  0.7968E-03
  0.8973E-03
  0.9503E-03
  0.1000E-02
  0.1000E-02
  0.9901E-03
  0.1050E-02
  0.1137E-02
  0.1027E-02
  0.1006E-02
  0.1008E-02
  0.1025E-02
  0.1069E-02
  0.1577E-02
  0.1744E-02
  0.9605E-03
  0.2036E-02
  0.9371E-03
  0.1854E-02
  0.1910E-02
  0.1370E-02
  0.1547E-02
  0.1727E-02
  0.1232E-02
  0.1287E-02
  0.1342E-02
  0.1297E-02
  0.1371E-02
  0.1457E-02
  0.1072E-02
  0.1132E-02
  0.7325E-03
  0.1403E-02
  0.1599E-02
  0.1222E-02
  0.1071E-02
  0.2948E-02
  0.1353E-02
  0.1689E-02
  0.1602E-02
  0.1253E-02
  0.1737E-02
  0.9194E-03
  0.7955E-03
  0.1000E-02
  0.1000E-02
  0.9891E-03
  0.1002E-02
  0.1003E-02
  0.1004E-02
  0.1082E-02
  0.1076E-02
  0.1184E-02
  0.1298E-02
  0.1912E-02
  0.1242E-02
  0.1205E-02
  0.1541E-02
  0.1034E-02
  0.1468E-02
  0.1094E-02
  0.1089E-02
  0.1451E-02
  0.1900E-02
  0.8716E-03
  0.1102E-02
  0.1290E-02
  0.1042E-02
  0.1444E-02
  0.9180E-03
  0.1114E-02
  0.1523E-02
  0.9472E-03
  0.1141E-02
  0.2200E-02
  0.2084E-02
  0.1108E-02
  0.9750E-03
  0.1660E-02
  0.1268E-02
  0.1076E-02
  0.1014E-02
  0.1281E-02
  0.1156E-02
  0.1031E-02
  0.7622E-03
  0.1000E-02
  0.1000E-02
  0.1000E-02
  0.1001E-02
  0.1036E-02
  0.1013E-02
  0.1089E-02
  0.9972E-03
  0.1031E-02
  0.1602E-02
  0.1564E-02
  0.1428E-02
  0.1282E-02
  0.1103E-02
  0.1152E-02
  0.1209E-02
  0.1222E-02
  0.1509E-02
  0.1295E-02
  0.1838E-02
  0.1664E-02
  0.1086E-02
  0.1511E-02
  0.7980E-03
  0.1090E-02
  0.1264E-02
  0.1001E-02
  0.1116E-02
  0.1045E-02
  0.1039E-02
  0.9529E-03
  0.1124E-02
  0.1575E-02
  0.1067E-02
  0.1044E-02
  0.1326E-02
  0.1511E-02
  0.8808E-03
  0.9110E-03
  0.1004E-02
  0.1006E-02
  0.1008E-02
  0.1005E-02
  0.1001E-02
  0.1000E-02
  0.1000E-02
  0.1059E-02
  0.6866E-03
  0.8022E-03
  0.1320E-02
  0.1171E-02
  0.1063E-02
  0.1156E-02
  0.1537E-02
  0.1204E-02
  0.6078E-03
  0.1379E-02
  0.1092E-02
  0.9613E-03
  0.1222E-02
  0.1042E-02
  0.1320E-02
  0.9339E-03
  0.1246E-02
  0.1261E-02
  0.1001E-02
  0.1245E-02
  0.1650E-02
  0.8560E-03
  0.8976E-03
  0.8934E-03
  0.1242E-02
  0.1176E-02
  0.1390E-02
  0.1508E-02
  0.8401E-03
  0.1712E-02
  0.1257E-02
  0.1521E-02
  0.9604E-03
  0.1770E-02
  0.1294E-02
  0.1057E-02
  0.1103E-02
  0.8858E-03
  0.7981E-03
  0.1000E-02
  0.1000E-02
  0.8503E-03
  0.9612E-03
  0.7900E-03
  0.1056E-02
  0.1337E-02
  0.1554E-02
  0.1526E-02
  0.1118E-02
  0.1488E-02
  0.1332E-02
  0.1022E-02
  0.8618E-03
  0.1103E-02
  0.1009E-02
  0.1590E-02
  0.8343E-03
  0.6446E-03
  0.7468E-03
  0.8883E-03
  0.9754E-03
  0.1355E-02
  0.1363E-02
  0.1212E-02
  0.1416E-02
  0.1265E-02
  0.9677E-03
  0.9867E-03
  0.9917E-03
  0.1257E-02
  0.1615E-02
  0.7481E-03
  0.1120E-02
  0.1137E-02
  0.1200E-02
  0.7052E-03
  0.1183E-02
  0.1271E-02
  0.1036E-02
  0.8977E-03
  0.9795E-03
  0.6628E-03
  0.1000E-02
  0.1000E-02
  0.9652E-03
  0.9181E-03
  0.8593E-03
  0.8053E-03
  0.8007E-03
  0.1717E-02
  0.1358E-02
  0.1302E-02
  0.1689E-02
  0.9635E-03
  0.1388E-02
  0.1173E-02
  0.9956E-03
  0.9641E-03
  0.1353E-02
  0.1077E-02
  0.1029E-02
  0.8523E-03
  0.1195E-02
  0.1096E-02
  0.1501E-02
  0.1094E-02
  0.1096E-02
  0.9703E-03
  0.1020E-02
  0.1922E-02
  0.9326E-03
  0.1024E-02
  0.1089E-02
  0.1106E-02
  0.8758E-03
  0.1207E-02
  0.1385E-02
  0.9530E-03
  0.7691E-03
  0.7514E-03
  0.1018E-02
  0.7128E-03
  0.6577E-03
  0.9121E-03
  0.1000E-02
  0.1000E-02
  0.9607E-03
  0.7171E-03
  0.8449E-03
  0.9466E-03
  0.9824E-03
  0.7154E-03
  0.1370E-02
  0.1217E-02
  0.1096E-02
  0.1439E-02
  0.1207E-02
  0.1140E-02
  0.9567E-03
  0.1132E-02
  0.1042E-02
  0.1042E-02
  0.1162E-02
  0.1015E-02
  0.1118E-02
  0.9583E-03
  0.1165E-02
  0.7976E-03
  0.1263E-02
  0.1156E-02
  0.9556E-03
  0.9762E-03
  0.1111E-02
  0.1055E-02
  0.1154E-02
  0.9735E-03
  0.1246E-02
  0.1533E-02
  0.1217E-02
  0.1054E-02
  0.1007E-02
  0.9518E-03
  0.9742E-03
  0.1005E-02
  0.1112E-02
  0.1000E-02
  0.1000E-02
  0.9975E-03
  0.1002E-02
  0.7949E-03
  0.9617E-03
  0.9507E-03
  0.9774E-03
  0.9422E-03
  0.1358E-02
  0.1093E-02
  0.1023E-02
  0.1277E-02
  0.6465E-03
  0.1019E-02
  0.9852E-03
  0.1071E-02
  0.1162E-02
  0.1523E-02
  0.9124E-03
  0.1208E-02
  0.1001E-02
  0.9547E-03
  0.9119E-03
  0.8544E-03
  0.9189E-03
  0.1049E-02
  0.9605E-03
  0.7812E-03
  0.1060E-02
  0.9136E-03
  0.1065E-02
  0.9327E-03
  0.1036E-02
  0.1160E-02
  0.1067E-02
  0.9732E-03
  0.9440E-03
  0.9856E-03
  0.9945E-03
  0.9983E-03
  0.1000E-02
  0.1000E-02
  0.9981E-03
  0.9941E-03
  0.9879E-03
  0.9688E-03
  0.1006E-02
  0.8210E-03
  0.1053E-02
  0.9628E-03
  0.9979E-03
  0.9097E-03
  0.7784E-03
  0.1085E-02
  0.9673E-03
  0.1094E-02
  0.1236E-02
  0.1126E-02
  0.1289E-02
  0.1054E-02
  0.6398E-03
  0.9655E-03
  0.1085E-02
  0.7875E-03
  0.9432E-03
  0.9693E-03
  0.1063E-02
  0.1168E-02
  0.8944E-03
  0.9089E-03
  0.9416E-03
  0.8865E-03
  0.6928E-03
  0.1019E-02
  0.1403E-02
  0.1005E-02
  0.1150E-02
  0.1111E-02
  0.1168E-02
  0.9779E-03
  0.9637E-03
  0.1057E-02
  0.8805E-03
  0.1000E-02
  0.1000E-02
  0.8973E-03
  0.6022E-03
  0.1008E-02
  0.9849E-03
  0.1041E-02
  0.6716E-03
  0.1167E-02
  0.1033E-02
  0.9673E-03
  0.9904E-03
  0.9659E-03
  0.7651E-03
  0.1120E-02
  0.1001E-02
  0.9998E-03
  0.1029E-02
  0.1156E-02
  0.1306E-02
  0.9883E-03
  0.9509E-03
  0.1140E-02
  0.8281E-03
  0.1059E-02
  0.9709E-03
  0.9011E-03
  0.9649E-03
  0.1073E-02
  0.1174E-02
  0.8859E-03
  0.7587E-03
  0.9639E-03
  0.1131E-02
  0.1013E-02
  0.9959E-03
  0.1071E-02
  0.9370E-03
  0.6515E-03
  0.1008E-02
  0.9501E-03
  0.1148E-02
  0.8051E-03
  0.8538E-03
  0.6765E-03
  0.9848E-03
  0.1000E-02
  0.1000E-02
  0.9592E-03
  0.8709E-03
  0.5573E-03
  0.1073E-02
  0.8172E-03
  0.6758E-03
  0.1160E-02
  0.1013E-02
  0.9976E-03
  0.6089E-03
  0.1059E-02
  0.1055E-02
  0.1112E-02
  0.9718E-03
  0.7488E-03
  0.1225E-02
  0.7093E-03
  0.1254E-02
  0.1143E-02
  0.1058E-02
  0.9701E-03
  0.9531E-03
  0.9536E-03
  0.7254E-03
  0.9839E-03
  0.9735E-03
  0.1090E-02
  0.1055E-02
  0.9573E-03
  0.1037E-02
  0.1168E-02
  0.9854E-03
  0.7545E-03
  0.9966E-03
  0.1021E-02
  0.9710E-03
  0.1066E-02
  0.9827E-03
  0.9066E-03
  0.8034E-03
  0.1000E-02
  0.9278E-03
  0.9714E-03
  0.1000E-02
  0.1000E-02
  0.8427E-03
  0.8462E-03
  0.7974E-03
  0.1094E-02
  0.9010E-03
  0.6635E-03
  0.7570E-03
  0.1004E-02
  0.1002E-02
  0.1057E-02
  0.7638E-03
  0.1052E-02
  0.1143E-02
  0.7780E-03
  0.1022E-02
  0.7693E-03
  0.4249E-03
  0.1023E-02
  0.9573E-03
  0.9922E-03
  0.1227E-02
  0.9846E-03
  0.9706E-03
  0.9737E-03
  0.6020E-03
  0.9301E-03
  0.7024E-03
  0.9962E-03
  0.1007E-02
  0.9994E-03
  0.8468E-03
  0.7385E-03
  0.1007E-02
  0.8564E-03
  0.6790E-03
  0.7317E-03
  0.1020E-02
  0.1000E-02
  0.1000E-02
  0.1024E-02
  0.9524E-03
  0.7066E-03
  0.7998E-03
  0.1051E-02
  0.9032E-03
  0.1154E-02
  0.6806E-03
  0.1006E-02
  0.8885E-03
  0.1020E-02
  0.1006E-02
  0.9780E-03
  0.9369E-03
  0.8375E-03
  0.1000E-02
  0.1030E-02
  0.1030E-02
  0.1115E-02
  0.9616E-03
  0.1063E-02
  0.9824E-03
  0.9741E-03
  0.1037E-02
  0.1291E-02
  0.9786E-03
  0.9503E-03
  0.9277E-03
  0.1179E-02
  0.1122E-02
  0.1005E-02
  0.1074E-02
  0.1058E-02
  0.9892E-03
  0.8781E-03
  0.1106E-02
  0.9754E-03
  0.1000E-02
  0.1025E-02
  0.1014E-02
  0.1000E-02
  0.1000E-02
  0.1001E-02
  0.8448E-03
  0.6990E-03
  0.9536E-03
  0.9363E-03
  0.1052E-02
  0.1007E-02
  0.9240E-03
  0.6198E-03
  0.1040E-02
  0.9840E-03
  0.1052E-02
  0.8398E-03
  0.9741E-03
  0.5817E-03
  0.1002E-02
  0.8543E-03
  0.8529E-03
  0.1024E-02
  0.8874E-03
  0.9971E-03
  0.9781E-03
  0.8541E-03
  0.1103E-02
  0.9232E-03
  0.9621E-03
  0.7727E-03
  0.1005E-02
  0.7777E-03
  0.1027E-02
  0.1044E-02
  0.9999E-03
  0.9828E-03
  0.1060E-02
  0.7894E-03
  0.1075E-02
  0.1188E-02
  0.8673E-03
  0.1000E-02
  0.1000E-02
  0.7879E-03
  0.8197E-03
  0.7405E-03
  0.1060E-02
  0.1030E-02
  0.1022E-02
  0.9974E-03
  0.1005E-02
  0.1046E-02
  0.7378E-03
  0.1236E-02
  0.9864E-03
  0.9499E-03
  0.9263E-03
  0.9972E-03
  0.9950E-03
  0.9983E-03
  0.9711E-03
  0.9972E-03
  0.7541E-03
  0.1024E-02
  0.9815E-03
  0.1026E-02
  0.8438E-03
  0.9820E-03
  0.9762E-03
  0.1013E-02
  0.9241E-03
  0.9735E-03
  0.1005E-02
  0.1038E-02
  0.1017E-02
  0.8150E-03
  0.8747E-03
  0.9479E-03
  0.1007E-02
  0.1021E-02
  0.8565E-03
  0.7508E-03
  0.7776E-03
  0.9874E-03
  0.1000E-02
  0.1000E-02
  0.1005E-02
  0.1034E-02
  0.1059E-02
  0.1037E-02
  0.1018E-02
  0.9975E-03
  0.8713E-03
  0.8928E-03
  0.7820E-03
  0.6354E-03
  0.8078E-03
  0.9644E-03
  0.9878E-03
  0.1006E-02
  0.7739E-03
  0.9793E-03
  0.9718E-03
  0.1001E-02
  0.1028E-02
  0.9736E-03
  0.9777E-03
  0.1003E-02
  0.7875E-03
  0.7661E-03
  0.1047E-02
  0.9330E-03
  0.7630E-03
  0.9819E-03
  0.9986E-03
  0.7568E-03
  0.1045E-02
  0.1004E-02
  0.1028E-02
  0.9986E-03
  0.9264E-03
  0.5789E-03
  0.9991E-03
  0.8196E-03
  0.8836E-03
  0.9643E-03
  0.9645E-03
  0.1002E-02
  0.1000E-02
  0.1000E-02
  0.8976E-03
  0.7416E-03
  0.6840E-03
  0.1007E-02
  0.1093E-02
  0.7493E-03
  0.1035E-02
  0.1004E-02
  0.1019E-02
  0.9658E-03
  0.8887E-03
  0.1056E-02
  0.9912E-03
  0.9042E-03
  0.9844E-03
  0.8219E-03
  0.1000E-02
  0.8160E-03
  0.1132E-02
  0.9864E-03
  0.8489E-03
  0.7888E-03
  0.1073E-02
  0.9857E-03
  0.1031E-02
  0.1011E-02
  0.9830E-03
  0.9231E-03
  0.9849E-03
  0.7154E-03
  0.1062E-02
  0.1020E-02
  0.1005E-02
  0.9127E-03
  0.9772E-03
  0.9287E-03
  0.1000E-02
  0.9632E-03
  0.1017E-02
  0.6888E-03
  0.1014E-02
  0.1000E-02
  0.1000E-02
  0.1003E-02
  0.1008E-02
  0.1027E-02
  0.1036E-02
  0.1005E-02
  0.6997E-03
  0.8703E-03
  0.6375E-03
  0.1003E-02
  0.7893E-03
  0.9878E-03
  0.9314E-03
  0.7609E-03
  0.9932E-03
  0.9019E-03
  0.1002E-02
  0.9898E-03
  0.9959E-03
  0.1047E-02
  0.9863E-03
  0.1001E-02
  0.9901E-03
  0.8088E-03
  0.8883E-03
  0.9885E-03
  0.8469E-03
  0.9943E-03
  0.9880E-03
  0.9911E-03
  0.1015E-02
  0.1034E-02
  0.9105E-03
  0.1003E-02
  0.1010E-02
  0.7085E-03
  0.9808E-03
  0.4917E-03
  0.1001E-02
  0.9972E-03
  0.1051E-02
  0.8456E-03
  0.1015E-02
  0.8972E-03
  0.1000E-02
  0.1000E-02
  0.6270E-03
  0.9884E-03
  0.9317E-03
  0.1002E-02
  0.7736E-03
  0.9577E-03
  0.1002E-02
  0.7331E-03
  0.9495E-03
  0.8712E-03
  0.8718E-03
  0.1007E-02
  0.9939E-03
  0.6276E-03
  0.8558E-03
  0.9990E-03
  0.8794E-03
  0.8002E-03
  0.9944E-03
  0.9663E-03
  0.7057E-03
  0.9914E-03
  0.6286E-03
  0.9965E-03
  0.9992E-03
  0.9913E-03
  0.1006E-02
  0.1012E-02
  0.7402E-03
  0.1002E-02
  0.9643E-03
  0.1024E-02
  0.9951E-03
  0.1009E-02
  0.1002E-02
  0.1013E-02
  0.7413E-03
  0.9677E-03
  0.1004E-02
  0.7145E-03
  0.1000E-02
  0.1000E-02
  0.1002E-02
  0.9939E-03
  0.9694E-03
  0.1000E-02
  0.9507E-03
  0.1016E-02
  0.9806E-03
  0.1010E-02
  0.7167E-03
  0.8063E-03
  0.9992E-03
  0.1014E-02
  0.9717E-03
  0.9974E-03
  0.9944E-03
  0.9979E-03
  0.9973E-03
  0.1013E-02
  0.9997E-03
  0.9520E-03
  0.9585E-03
  0.1033E-02
  0.9979E-03
  0.9855E-03
  0.9325E-03
  0.9961E-03
  0.9684E-03
  0.9985E-03
  0.9943E-03
  0.9742E-03
  0.1003E-02
  0.9968E-03
  0.1001E-02
  0.1009E-02
  0.1012E-02
  0.9980E-03
  0.8108E-03
  0.1001E-02
  0.1006E-02
  0.1006E-02
  0.1000E-02
  0.8961E-03
  0.1000E-02
  0.1000E-02
  0.1000E-02
  0.1000E-02
  0.1000E-02
  0.1000E-02
  0.1000E-02
  0.1000E-02
  0.1000E-02
  0.1000E-02
  0.1000E-02
  0.1000E-02
  0.1000E-02
  0.1000E-02
  0.1000E-02
  0.1000E-02
  0.1000E-02
  0.1000E-02
  0.1000E-02
  0.1000E-02
  0.1000E-02
  0.1000E-02
  0.1000E-02
  0.1000E-02
  0.1000E-02
  0.1000E-02
  0.1000E-02
  0.1000E-02
  0.1000E-02
  0.1000E-02
  0.1000E-02
  0.1000E-02
  0.1000E-02
  0.1000E-02
  0.1000E-02
  0.1000E-02
  0.1000E-02
  0.1000E-02
  0.1000E-02
  0.1000E-02
  0.1000E-02
  0.1000E-02
  0.1000E-02
  0.1000E-02
  0.1000E-02
  0.1000E-02
  0.1000E-02
  0.1000E-02
  0.1000E-02
  0.1000E-02
  0.1000E-02
  0.1000E-02
  0.1000E-02
  0.1000E-02
  0.1000E-02
  0.1000E-02
  0.1000E-02
  0.1000E-02
  0.1000E-02
  0.1000E-02
  0.1000E-02
  0.1000E-02
  0.1000E-02
  0.1000E-02
  0.1000E-02
  0.1000E-02
  0.1000E-02
  0.1000E-02
  0.1000E-02
  0.1000E-02
  0.1000E-02
  0.1000E-02
  0.1000E-02
  0.1000E-02
  0.1000E-02
  0.1000E-02
  0.1000E-02
  0.1000E-02
  0.1000E-02
  0.1000E-02
  0.1000E-02
  0.1009E-02
  0.7447E-03
  0.9853E-03
  0.9994E-03
  0.1036E-02
  0.1008E-02
  0.1020E-02
  0.9842E-03
  0.9920E-03
  0.1003E-02
  0.1030E-02
  0.9936E-03
  0.1021E-02
  0.9912E-03
  0.8467E-03
  0.1020E-02
  0.9720E-03
  0.1015E-02
  0.1007E-02
  0.1091E-02
  0.1006E-02
  0.9902E-03
  0.1034E-02
  0.9661E-03
  0.8861E-03
  0.9896E-03
  0.1071E-02
  0.9504E-03
  0.1329E-02
  0.1192E-02
  0.9441E-03
  0.1010E-02
  0.1083E-02
  0.1658E-02
  0.1247E-02
  0.9267E-03
  0.1047E-02
  0.1069E-02
  0.1027E-02
  0.1002E-02
  0.2026E-02
  0.8746E-03
  0.1302E-02
  0.1899E-02
  0.1500E-02
  0.9210E-03
  0.1247E-02
  0.8856E-03
  0.1432E-02
  0.1078E-02
  0.9940E-03
  0.1331E-02
  0.1900E-02
  0.2889E-02
SCALARS precipitation float 1
LOOKUP_TABLE default
  0.1091E-01
  0.1092E-01
  0.1093E-01
  0.1093E-01
  0.1093E-01
  0.1093E-01
  0.1093E-01
  0.1094E-01
  0.1094E-01
  0.1094E-01
  0.1095E-01
  0.1095E-01
  0.1095E-01
  0.1095E-01
  0.1095E-01
  0.1096E-01
  0.1096E-01
  0.1097E-01
  0.1097E-01
  0.1097E-01
  0.1098E-01
  0.1098E-01
  0.1098E-01
  0.1098E-01
  0.1098E-01
  0.1098E-01
  0.1098E-01
  0.1099E-01
  0.1099E-01
  0.1099E-01
  0.1099E-01
  0.1099E-01
  0.1099E-01
  0.1098E-01
  0.1098E-01
  0.1098E-01
  0.1098E-01
  0.1098E-01
  0.1099E-01
  0.1098E-01
  0.1097E-01
  0.1097E-01
  0.1097E-01
  0.1097E-01
  0.1097E-01
  0.1096E-01
  0.1096E-01
  0.1096E-01
  0.1097E-01
  0.1097E-01
  0.1096E-01
  0.1096E-01
  0.1096E-01
  0.1096E-01
  0.1095E-01
  0.1095E-01
  0.1095E-01
  0.1094E-01
  0.1094E-01
  0.1094E-01
  0.1093E-01
  0.1094E-01
  0.1094E-01
  0.1094E-01
  0.1094E-01
  0.1095E-01
  0.1095E-01
  0.1095E-01
  0.1094E-01
  0.1094E-01
  0.1094E-01
  0.1093E-01
  0.1093E-01
  0.1093E-01
  0.1092E-01
  0.1092E-01
  0.1092E-01
  0.1092E-01
  0.1091E-01
  0.1091E-01
  0.9264E+00
  0.9446E+00
  0.8848E+00
  0.9485E+00
  0.8396E+00
  0.9617E+00
  0.7854E+00
  0.9672E+00
  0.9649E+00
  0.9781E+00
  0.9903E+00
  0.9111E+00
  0.1001E+01
  0.9932E+00
  0.9991E+00
  0.1010E+01
  0.1007E+01
  0.9668E+00
  0.1003E+01
  0.9167E+00
  0.8740E+00
  0.1003E+01
  0.8844E+00
  0.9867E+00
  0.9858E+00
  0.9205E+00
  0.9799E+00
  0.8287E+00
  0.9813E+00
  0.7527E+00
  0.9728E+00
  0.8182E+00
  0.8546E+00
  0.9554E+00
  0.9382E+00
  0.9541E+00
  0.9672E+00
  0.9552E+00
  0.9551E+00
  0.9572E+00
  0.9436E+00
  0.8844E+00
  0.8376E+00
  0.9217E+00
  0.9726E+00
  0.9801E+00
  0.1000E+01
  0.1015E+01
  0.1010E+01
  0.1017E+01
  0.1008E+01
  0.1016E+01
  0.1030E+01
  0.1033E+01
  0.1036E+01
  0.1044E+01
  0.1041E+01
  0.1040E+01
  0.1035E+01
  0.1043E+01
  0.1038E+01
  0.1035E+01
  0.1038E+01
  0.1029E+01
  0.1016E+01
  0.1018E+01
  0.1029E+01
  0.1023E+01
  0.1007E+01
  0.1009E+01
  0.1020E+01
  0.1004E+01
  0.1017E+01
  0.1016E+01
  0.9876E+00
  0.1012E+01
  0.9997E+00
  0.1001E+01
  0.1001E+01
  0.1014E+01
  0.1017E+01
  0.1016E+01
  0.9796E+00
  0.1001E+01
  0.9805E+00
  0.9689E+00
  0.1019E+01
  0.1041E+01
  0.1063E+01
  0.1077E+01
  0.1088E+01
  0.1076E+01
  0.1070E+01
  0.1056E+01
  0.1075E+01
  0.1087E+01
  0.1080E+01
  0.1087E+01
  0.1076E+01
  0.1073E+01
  0.1069E+01
  0.1075E+01
  0.1067E+01
  0.1067E+01
  0.1071E+01
  0.1071E+01
  0.1073E+01
  0.1070E+01
  0.1068E+01
  0.1073E+01
  0.1069E+01
  0.1063E+01
  0.1042E+01
  0.1050E+01
  0.1047E+01
  0.1060E+01
  0.1055E+01
  0.1051E+01
  0.1036E+01
  0.1056E+01
  0.1055E+01
  0.1070E+01
  0.1064E+01
  0.1069E+01
  0.1072E+01
  0.1050E+01
  0.1038E+01
  0.1019E+01
  0.1050E+01
  0.1076E+01
  0.1087E+01
  0.1111E+01
  0.1127E+01
  0.1116E+01
  0.1107E+01
  0.1096E+01
  0.1101E+01
  0.1106E+01
  0.1107E+01
  0.1121E+01
  0.1094E+01
  0.1105E+01
  0.1106E+01
  0.1108E+01
  0.1098E+01
  0.1096E+01
  0.1110E+01
  0.1105E+01
  0.1100E+01
  0.1104E+01
  0.1092E+01
  0.1086E+01
  0.1095E+01
  0.1081E+01
  0.1086E+01
  0.1079E+01
  0.1089E+01
  0.1088E+01
  0.1086E+01
  0.1090E+01
  0.1074E+01
  0.1079E+01
  0.1101E+01
  0.1115E+01
  0.1105E+01
  0.1105E+01
  0.1105E+01
  0.1090E+01
  0.1076E+01
  0.1049E+01
  0.1066E+01
  0.1098E+01
  0.1130E+01
  0.1138E+01
  0.1152E+01
  0.1175E+01
  0.1157E+01
  0.1139E+01
  0.1141E+01
  0.1146E+01
  0.1144E+01
  0.1131E+01
  0.1126E+01
  0.1124E+01
  0.1118E+01
  0.1123E+01
  0.1132E+01
  0.1133E+01
  0.1128E+01
  0.1117E+01
  0.1128E+01
  0.1132E+01
  0.1126E+01
  0.1121E+01
  0.1120E+01
  0.1121E+01
  0.1113E+01
  0.1120E+01
  0.1113E+01
  0.1142E+01
  0.1126E+01
  0.1116E+01
  0.1109E+01
  0.1116E+01
  0.1107E+01
  0.1127E+01
  0.1130E+01
  0.1136E+01
  0.1141E+01
  0.1132E+01
  0.1121E+01
  0.1100E+01
  0.1073E+01
  0.1063E+01
  0.1086E+01
  0.1118E+01
  0.1151E+01
  0.1181E+01
  0.1190E+01
  0.1190E+01
  0.1174E+01
  0.1162E+01
  0.1163E+01
  0.1157E+01
  0.1156E+01
  0.1147E+01
  0.1143E+01
  0.1144E+01
  0.1150E+01
  0.1137E+01
  0.1131E+01
  0.1140E+01
  0.1147E+01
  0.1138E+01
  0.1130E+01
  0.1135E+01
  0.1139E+01
  0.1140E+01
  0.1151E+01
  0.1167E+01
  0.1171E+01
  0.1188E+01
  0.1177E+01
  0.1169E+01
  0.1155E+01
  0.1165E+01
  0.1153E+01
  0.1181E+01
  0.1187E+01
  0.1164E+01
  0.1174E+01
  0.1159E+01
  0.1141E+01
  0.1116E+01
  0.1084E+01
  0.1096E+01
  0.1130E+01
  0.1159E+01
  0.1190E+01
  0.1212E+01
  0.1206E+01
  0.1196E+01
  0.1195E+01
  0.1195E+01
  0.1196E+01
  0.1193E+01
  0.1197E+01
  0.1184E+01
  0.1171E+01
  0.1176E+01
  0.1179E+01
  0.1173E+01
  0.1159E+01
  0.1163E+01
  0.1164E+01
  0.1147E+01
  0.1148E+01
  0.1156E+01
  0.1154E+01
  0.1168E+01
  0.1178E+01
  0.1209E+01
  0.1211E+01
  0.1201E+01
  0.1194E+01
  0.1204E+01
  0.1214E+01
  0.1215E+01
  0.1202E+01
  0.1149E+01
  0.1108E+01
  0.1097E+01
  0.1100E+01
  0.1139E+01
  0.1172E+01
  0.1212E+01
  0.1234E+01
  0.1245E+01
  0.1225E+01
  0.1223E+01
  0.1231E+01
  0.1230E+01
  0.1230E+01
  0.1215E+01
  0.1211E+01
  0.1206E+01
  0.1193E+01
  0.1172E+01
  0.1179E+01
  0.1181E+01
  0.1174E+01
  0.1164E+01
  0.1172E+01
  0.1174E+01
  0.1176E+01
  0.1182E+01
  0.1185E+01
  0.1205E+01
  0.1220E+01
  0.1218E+01
  0.1211E+01
  0.1209E+01
  0.1216E+01
  0.1218E+01
  0.1230E+01
  0.1248E+01
  0.1246E+01
  0.1244E+01
  0.1224E+01
  0.1206E+01
  0.1172E+01
  0.1135E+01
  0.1101E+01
  0.1089E+01
  0.1109E+01
  0.1142E+01
  0.1190E+01
  0.1216E+01
  0.1252E+01
  0.1251E+01
  0.1258E+01
  0.1269E+01
  0.1249E+01
  0.1233E+01
  0.1234E+01
  0.1233E+01
  0.1215E+01
  0.1197E+01
  0.1202E+01
  0.1204E+01
  0.1206E+01
  0.1185E+01
  0.1190E+01
  0.1199E+01
  0.1203E+01
  0.1207E+01
  0.1206E+01
  0.1207E+01
  0.1224E+01
  0.1247E+01
  0.1249E+01
  0.1231E+01
  0.1240E+01
  0.1248E+01
  0.1267E+01
  0.1265E+01
  0.1245E+01
  0.1239E+01
  0.1193E+01
  0.1168E+01
  0.1093E+01
  0.1074E+01
  0.1080E+01
  0.1096E+01
  0.1137E+01
  0.1165E+01
  0.1225E+01
  0.1253E+01
  0.1259E+01
  0.1263E+01
  0.1266E+01
  0.1275E+01
  0.1268E+01
  0.1257E+01
  0.1242E+01
  0.1250E+01
  0.1249E+01
  0.1235E+01
  0.1229E+01
  0.1229E+01
  0.1215E+01
  0.1212E+01
  0.1211E+01
  0.1214E+01
  0.1217E+01
  0.1221E+01
  0.1241E+01
  0.1266E+01
  0.1270E+01
  0.1269E+01
  0.1261E+01
  0.1265E+01
  0.1268E+01
  0.1281E+01
  0.1254E+01
  0.1222E+01
  0.1181E+01
  0.1144E+01
  0.1106E+01
  0.1088E+01
  0.1077E+01
  0.1086E+01
  0.1107E+01
  0.1164E+01
  0.1169E+01
  0.1185E+01
  0.1193E+01
  0.1244E+01
  0.1270E+01
  0.1282E+01
  0.1281E+01
  0.1298E+01
  0.1285E+01
  0.1273E+01
  0.1259E+01
  0.1255E+01
  0.1260E+01
  0.1261E+01
  0.1255E+01
  0.1246E+01
  0.1242E+01
  0.1252E+01
  0.1243E+01
  0.1246E+01
  0.1241E+01
  0.1232E+01
  0.1235E+01
  0.1239E+01
  0.1237E+01
  0.1239E+01
  0.1245E+01
  0.1278E+01
  0.1281E+01
  0.1285E+01
  0.1282E+01
  0.1281E+01
  0.1291E+01
  0.1298E+01
  0.1298E+01
  0.1288E+01
  0.1266E+01
  0.1226E+01
  0.1196E+01
  0.1153E+01
  0.1128E+01
  0.1098E+01
  0.1087E+01
  0.1105E+01
  0.1138E+01
  0.1203E+01
  0.1257E+01
  0.1274E+01
  0.1300E+01
  0.1313E+01
  0.1316E+01
  0.1314E+01
  0.1283E+01
  0.1269E+01
  0.1272E+01
  0.1277E+01
  0.1276E+01
  0.1261E+01
  0.1264E+01
  0.1274E+01
  0.1277E+01
  0.1263E+01
  0.1264E+01
  0.1271E+01
  0.1266E+01
  0.1257E+01
  0.1270E+01
  0.1296E+01
  0.1313E+01
  0.1309E+01
  0.1305E+01
  0.1303E+01
  0.1324E+01
  0.1333E+01
  0.1332E+01
  0.1322E+01
  0.1305E+01
  0.1272E+01
  0.1227E+01
  0.1191E+01
  0.1128E+01
  0.1102E+01
  0.1100E+01
  0.1135E+01
  0.1174E+01
  0.1199E+01
  0.1236E+01
  0.1273E+01
  0.1287E+01
  0.1312E+01
  0.1331E+01
  0.1340E+01
  0.1343E+01
  0.1330E+01
  0.1298E+01
  0.1288E+01
  0.1289E+01
  0.1298E+01
  0.1295E+01
  0.1288E+01
  0.1278E+01
  0.1286E+01
  0.1299E+01
  0.1301E+01
  0.1288E+01
  0.1283E+01
  0.1290E+01
  0.1298E+01
  0.1288E+01
  0.1277E+01
  0.1287E+01
  0.1309E+01
  0.1325E+01
  0.1334E+01
  0.1349E+01
  0.1342E+01
  0.1345E+01
  0.1351E+01
  0.1355E+01
  0.1359E+01
  0.1316E+01
  0.1271E+01
  0.1221E+01
  0.1180E+01
  0.1139E+01
  0.1108E+01
  0.1096E+01
  0.1095E+01
  0.1114E+01
  0.1153E+01
  0.1174E+01
  0.1215E+01
  0.1263E+01
  0.1309E+01
  0.1339E+01
  0.1358E+01
  0.1361E+01
  0.1353E+01
  0.1325E+01
  0.1302E+01
  0.1323E+01
  0.1308E+01
  0.1298E+01
  0.1307E+01
  0.1321E+01
  0.1321E+01
  0.1327E+01
  0.1320E+01
  0.1323E+01
  0.1316E+01
  0.1325E+01
  0.1322E+01
  0.1316E+01
  0.1322E+01
  0.1356E+01
  0.1376E+01
  0.1374E+01
  0.1367E+01
  0.1394E+01
  0.1396E+01
  0.1372E+01
  0.1362E+01
  0.1312E+01
  0.1258E+01
  0.1215E+01
  0.1172E+01
  0.1152E+01
  0.1109E+01
  0.1099E+01
  0.1108E+01
  0.1135E+01
  0.1160E+01
  0.1174E+01
  0.1219E+01
  0.1276E+01
  0.1309E+01
  0.1353E+01
  0.1381E+01
  0.1376E+01
  0.1359E+01
  0.1352E+01
  0.1342E+01
  0.1341E+01
  0.1343E+01
  0.1352E+01
  0.1334E+01
  0.1327E+01
  0.1344E+01
  0.1354E+01
  0.1352E+01
  0.1353E+01
  0.1358E+01
  0.1351E+01
  0.1354E+01
  0.1364E+01
  0.1408E+01
  0.1399E+01
  0.1404E+01
  0.1418E+01
  0.1419E+01
  0.1368E+01
  0.1324E+01
  0.1270E+01
  0.1223E+01
  0.1130E+01
  0.1115E+01
  0.1115E+01
  0.1126E+01
  0.1163E+01
  0.1227E+01
  0.1262E+01
  0.1325E+01
  0.1362E+01
  0.1391E+01
  0.1400E+01
  0.1388E+01
  0.1381E+01
  0.1377E+01
  0.1371E+01
  0.1375E+01
  0.1379E+01
  0.1379E+01
  0.1373E+01
  0.1353E+01
  0.1358E+01
  0.1375E+01
  0.1370E+01
  0.1381E+01
  0.1388E+01
  0.1372E+01
  0.1397E+01
  0.1392E+01
  0.1403E+01
  0.1394E+01
  0.1388E+01
  0.1388E+01
  0.1407E+01
  0.1435E+01
  0.1451E+01
  0.1445E+01
  0.1458E+01
  0.1445E+01
  0.1444E+01
  0.1416E+01
  0.1374E+01
  0.1355E+01
  0.1303E+01
  0.1197E+01
  0.1148E+01
  0.1116E+01
  0.1107E+01
  0.1120E+01
  0.1159E+01
  0.1186E+01
  0.1225E+01
  0.1236E+01
  0.1271E+01
  0.1295E+01
  0.1351E+01
  0.1383E+01
  0.1406E+01
  0.1397E+01
  0.1386E+01
  0.1379E+01
  0.1394E+01
  0.1391E+01
  0.1379E+01
  0.1381E+01
  0.1387E+01
  0.1400E+01
  0.1421E+01
  0.1413E+01
  0.1406E+01
  0.1421E+01
  0.1443E+01
  0.1450E+01
  0.1444E+01
  0.1438E+01
  0.1425E+01
  0.1430E+01
  0.1453E+01
  0.1478E+01
  0.1489E+01
  0.1492E+01
  0.1470E+01
  0.1441E+01
  0.1424E+01
  0.1374E+01
  0.1335E+01
  0.1271E+01
  0.1253E+01
  0.1222E+01
  0.1169E+01
  0.1131E+01
  0.1106E+01
  0.1094E+01
  0.1120E+01
  0.1141E+01
  0.1169E+01
  0.1234E+01
  0.1275E+01
  0.1330E+01
  0.1377E+01
  0.1403E+01
  0.1414E+01
  0.1405E+01
  0.1396E+01
  0.1406E+01
  0.1402E+01
  0.1394E+01
  0.1394E+01
  0.1404E+01
  0.1421E+01
  0.1446E+01
  0.1460E+01
  0.1459E+01
  0.1469E+01
  0.1466E+01
  0.1489E+01
  0.1500E+01
  0.1507E+01
  0.1514E+01
  0.1504E+01
  0.1488E+01
  0.1497E+01
  0.1535E+01
  0.1558E+01
  0.1574E+01
  0.1520E+01
  0.1481E+01
  0.1449E+01
  0.1426E+01
  0.1380E+01
  0.1283E+01
  0.1239E+01
  0.1202E+01
  0.1158E+01
  0.1115E+01
  0.1100E+01
  0.1094E+01
  0.1111E+01
  0.1143E+01
  0.1166E+01
  0.1195E+01
  0.1232E+01
  0.1262E+01
  0.1311E+01
  0.1356E+01
  0.1412E+01
  0.1431E+01
  0.1443E+01
  0.1437E+01
  0.1433E+01
  0.1414E+01
  0.1416E+01
  0.1430E+01
  0.1448E+01
  0.1486E+01
  0.1513E+01
  0.1536E+01
  0.1536E+01
  0.1575E+01
  0.1573E+01
  0.1564E+01
  0.1576E+01
  0.1578E+01
  0.1603E+01
  0.1580E+01
  0.1603E+01
  0.1609E+01
  0.1594E+01
  0.1574E+01
  0.1491E+01
  0.1399E+01
  0.1347E+01
  0.1316E+01
  0.1298E+01
  0.1260E+01
  0.1229E+01
  0.1213E+01
  0.1161E+01
  0.1124E+01
  0.1104E+01
  0.1101E+01
  0.1146E+01
  0.1158E+01
  0.1196E+01
  0.1215E+01
  0.1269E+01
  0.1305E+01
  0.1365E+01
  0.1396E+01
  0.1439E+01
  0.1458E+01
  0.1478E+01
  0.1480E+01
  0.1474E+01
  0.1477E+01
  0.1472E+01
  0.1465E+01
  0.1518E+01
  0.1531E+01
  0.1569E+01
  0.1565E+01
  0.1591E+01
  0.1615E+01
  0.1658E+01
  0.1682E+01
  0.1662E+01
  0.1652E+01
  0.1689E+01
  0.1672E+01
  0.1630E+01
  0.1571E+01
  0.1526E+01
  0.1451E+01
  0.1361E+01
  0.1307E+01
  0.1269E+01
  0.1237E+01
  0.1193E+01
  0.1150E+01
  0.1120E+01
  0.1108E+01
  0.1104E+01
  0.1139E+01
  0.1153E+01
  0.1188E+01
  0.1240E+01
  0.1244E+01
  0.1316E+01
  0.1320E+01
  0.1366E+01
  0.1438E+01
  0.1514E+01
  0.1543E+01
  0.1558E+01
  0.1519E+01
  0.1513E+01
  0.1510E+01
  0.1529E+01
  0.1576E+01
  0.1592E+01
  0.1609E+01
  0.1652E+01
  0.1686E+01
  0.1733E+01
  0.1722E+01
  0.1717E+01
  0.1734E+01
  0.1777E+01
  0.1743E+01
  0.1741E+01
  0.1746E+01
  0.1699E+01
  0.1662E+01
  0.1574E+01
  0.1492E+01
  0.1403E+01
  0.1360E+01
  0.1314E+01
  0.1270E+01
  0.1234E+01
  0.1194E+01
  0.1166E+01
  0.1129E+01
  0.1112E+01
  0.1100E+01
  0.1107E+01
  0.1155E+01
  0.1197E+01
  0.1248E+01
  0.1326E+01
  0.1373E+01
  0.1428E+01
  0.1469E+01
  0.1520E+01
  0.1579E+01
  0.1617E+01
  0.1638E+01
  0.1614E+01
  0.1657E+01
  0.1626E+01
  0.1627E+01
  0.1682E+01
  0.1697E+01
  0.1727E+01
  0.1732E+01
  0.1810E+01
  0.1840E+01
  0.1851E+01
  0.1840E+01
  0.1839E+01
  0.1829E+01
  0.1812E+01
  0.1764E+01
  0.1683E+01
  0.1632E+01
  0.1560E+01
  0.1469E+01
  0.1394E+01
  0.1312E+01
  0.1279E+01
  0.1229E+01
  0.1174E+01
  0.1145E+01
  0.1116E+01
  0.1099E+01
  0.1093E+01
  0.1112E+01
  0.1128E+01
  0.1151E+01
  0.1216E+01
  0.1276E+01
  0.1354E+01
  0.1428E+01
  0.1451E+01
  0.1521E+01
  0.1606E+01
  0.1669E+01
  0.1693E+01
  0.1713E+01
  0.1753E+01
  0.1729E+01
  0.1751E+01
  0.1752E+01
  0.1768E+01
  0.1830E+01
  0.1852E+01
  0.1890E+01
  0.1894E+01
  0.1904E+01
  0.1884E+01
  0.1874E+01
  0.1864E+01
  0.1851E+01
  0.1828E+01
  0.1799E+01
  0.1744E+01
  0.1660E+01
  0.1591E+01
  0.1500E+01
  0.1463E+01
  0.1380E+01
  0.1323E+01
  0.1255E+01
  0.1223E+01
  0.1187E+01
  0.1174E+01
  0.1145E+01
  0.1115E+01
  0.1096E+01
  0.1104E+01
  0.1168E+01
  0.1210E+01
  0.1247E+01
  0.1308E+01
  0.1367E+01
  0.1434E+01
  0.1522E+01
  0.1599E+01
  0.1665E+01
  0.1688E+01
  0.1764E+01
  0.1787E+01
  0.1835E+01
  0.1841E+01
  0.1864E+01
  0.1896E+01
  0.1883E+01
  0.1926E+01
  0.1921E+01
  0.1924E+01
  0.1933E+01
  0.1933E+01
  0.1918E+01
  0.1894E+01
  0.1869E+01
  0.1844E+01
  0.1830E+01
  0.1814E+01
  0.1808E+01
  0.1793E+01
  0.1757E+01
  0.1690E+01
  0.1620E+01
  0.1525E+01
  0.1438E+01
  0.1357E+01
  0.1328E+01
  0.1276E+01
  0.1229E+01
  0.1192E+01
  0.1147E+01
  0.1117E+01
  0.1096E+01
  0.1090E+01
  0.1125E+01
  0.1156E+01
  0.1206E+01
  0.1233E+01
  0.1304E+01
  0.1387E+01
  0.1463E+01
  0.1546E+01
  0.1570E+01
  0.1614E+01
  0.1680E+01
  0.1738E+01
  0.1765E+01
  0.1813E+01
  0.1864E+01
  0.1901E+01
  0.1932E+01
  0.1940E+01
  0.1936E+01
  0.1925E+01
  0.1934E+01
  0.1918E+01
  0.1886E+01
  0.1873E+01
  0.1857E+01
  0.1827E+01
  0.1793E+01
  0.1775E+01
  0.1784E+01
  0.1763E+01
  0.1773E+01
  0.1768E+01
  0.1747E+01
  0.1731E+01
  0.1675E+01
  0.1607E+01
  0.1501E+01
  0.1462E+01
  0.1402E+01
  0.1363E+01
  0.1298E+01
  0.1250E+01
  0.1207E+01
  0.1156E+01
  0.1114E+01
  0.1089E+01
  0.1087E+01
  0.1119E+01
  0.1153E+01
  0.1191E+01
  0.1255E+01
  0.1285E+01
  0.1319E+01
  0.1393E+01
  0.1436E+01
  0.1521E+01
  0.1584E+01
  0.1663E+01
  0.1771E+01
  0.1798E+01
  0.1851E+01
  0.1878E+01
  0.1909E+01
  0.1899E+01
  0.1902E+01
  0.1915E+01
  0.1903E+01
  0.1876E+01
  0.1866E+01
  0.1844E+01
  0.1834E+01
  0.1766E+01
  0.1729E+01
  0.1701E+01
  0.1725E+01
  0.1725E+01
  0.1708E+01
  0.1737E+01
  0.1686E+01
  0.1644E+01
  0.1602E+01
  0.1578E+01
  0.1473E+01
  0.1406E+01
  0.1347E+01
  0.1278E+01
  0.1216E+01
  0.1167E+01
  0.1088E+01
  0.1094E+01
  0.1125E+01
  0.1137E+01
  0.1186E+01
  0.1229E+01
  0.1281E+01
  0.1338E+01
  0.1411E+01
  0.1480E+01
  0.1530E+01
  0.1613E+01
  0.1725E+01
  0.1748E+01
  0.1785E+01
  0.1831E+01
  0.1806E+01
  0.1809E+01
  0.1798E+01
  0.1813E+01
  0.1793E+01
  0.1747E+01
  0.1738E+01
  0.1706E+01
  0.1645E+01
  0.1633E+01
  0.1631E+01
  0.1639E+01
  0.1662E+01
  0.1683E+01
  0.1673E+01
  0.1701E+01
  0.1666E+01
  0.1622E+01
  0.1563E+01
  0.1465E+01
  0.1413E+01
  0.1378E+01
  0.1331E+01
  0.1280E+01
  0.1197E+01
  0.1151E+01
  0.1113E+01
  0.1094E+01
  0.1104E+01
  0.1135E+01
  0.1157E+01
  0.1186E+01
  0.1294E+01
  0.1308E+01
  0.1368E+01
  0.1408E+01
  0.1443E+01
  0.1521E+01
  0.1609E+01
  0.1675E+01
  0.1687E+01
  0.1711E+01
  0.1740E+01
  0.1732E+01
  0.1753E+01
  0.1707E+01
  0.1720E+01
  0.1701E+01
  0.1696E+01
  0.1677E+01
  0.1694E+01
  0.1671E+01
  0.1655E+01
  0.1597E+01
  0.1585E+01
  0.1559E+01
  0.1566E+01
  0.1576E+01
  0.1595E+01
  0.1632E+01
  0.1641E+01
  0.1654E+01
  0.1616E+01
  0.1564E+01
  0.1534E+01
  0.1512E+01
  0.1428E+01
  0.1364E+01
  0.1291E+01
  0.1259E+01
  0.1213E+01
  0.1166E+01
  0.1118E+01
  0.1108E+01
  0.1101E+01
  0.1135E+01
  0.1178E+01
  0.1187E+01
  0.1219E+01
  0.1249E+01
  0.1266E+01
  0.1327E+01
  0.1375E+01
  0.1456E+01
  0.1514E+01
  0.1565E+01
  0.1599E+01
  0.1600E+01
  0.1615E+01
  0.1637E+01
  0.1644E+01
  0.1626E+01
  0.1620E+01
  0.1583E+01
  0.1581E+01
  0.1600E+01
  0.1595E+01
  0.1570E+01
  0.1549E+01
  0.1507E+01
  0.1501E+01
  0.1499E+01
  0.1531E+01
  0.1533E+01
  0.1566E+01
  0.1600E+01
  0.1578E+01
  0.1552E+01
  0.1498E+01
  0.1458E+01
  0.1380E+01
  0.1343E+01
  0.1287E+01
  0.1149E+01
  0.1109E+01
  0.1077E+01
  0.1089E+01
  0.1127E+01
  0.1153E+01
  0.1185E+01
  0.1244E+01
  0.1299E+01
  0.1334E+01
  0.1380E+01
  0.1438E+01
  0.1489E+01
  0.1475E+01
  0.1502E+01
  0.1528E+01
  0.1525E+01
  0.1549E+01
  0.1534E+01
  0.1511E+01
  0.1506E+01
  0.1512E+01
  0.1513E+01
  0.1469E+01
  0.1465E+01
  0.1454E+01
  0.1461E+01
  0.1477E+01
  0.1490E+01
  0.1530E+01
  0.1545E+01
  0.1529E+01
  0.1533E+01
  0.1515E+01
  0.1510E+01
  0.1445E+01
  0.1387E+01
  0.1346E+01
  0.1287E+01
  0.1238E+01
  0.1179E+01
  0.1163E+01
  0.1126E+01
  0.1085E+01
  0.1053E+01
  0.1070E+01
  0.1081E+01
  0.1115E+01
  0.1148E+01
  0.1186E+01
  0.1209E+01
  0.1267E+01
  0.1329E+01
  0.1352E+01
  0.1429E+01
  0.1447E+01
  0.1454E+01
  0.1458E+01
  0.1444E+01
  0.1461E+01
  0.1486E+01
  0.1500E+01
  0.1479E+01
  0.1474E+01
  0.1456E+01
  0.1472E+01
  0.1476E+01
  0.1451E+01
  0.1447E+01
  0.1426E+01
  0.1447E+01
  0.1466E+01
  0.1488E+01
  0.1499E+01
  0.1493E+01
  0.1486E+01
  0.1473E+01
  0.1463E+01
  0.1424E+01
  0.1379E+01
  0.1342E+01
  0.1280E+01
  0.1238E+01
  0.1198E+01
  0.1148E+01
  0.1104E+01
  0.1072E+01
  0.1058E+01
  0.1056E+01
  0.1096E+01
  0.1129E+01
  0.1155E+01
  0.1178E+01
  0.1204E+01
  0.1253E+01
  0.1314E+01
  0.1356E+01
  0.1397E+01
  0.1409E+01
  0.1406E+01
  0.1411E+01
  0.1411E+01
  0.1399E+01
  0.1417E+01
  0.1443E+01
  0.1451E+01
  0.1452E+01
  0.1428E+01
  0.1425E+01
  0.1423E+01
  0.1420E+01
  0.1439E+01
  0.1421E+01
  0.1414E+01
  0.1402E+01
  0.1413E+01
  0.1430E+01
  0.1436E+01
  0.1459E+01
  0.1461E+01
  0.1444E+01
  0.1432E+01
  0.1427E+01
  0.1396E+01
  0.1347E+01
  0.1295E+01
  0.1218E+01
  0.1152E+01
  0.1099E+01
  0.1060E+01
  0.1071E+01
  0.1120E+01
  0.1154E+01
  0.1187E+01
  0.1273E+01
  0.1311E+01
  0.1360E+01
  0.1397E+01
  0.1406E+01
  0.1395E+01
  0.1384E+01
  0.1360E+01
  0.1367E+01
  0.1357E+01
  0.1376E+01
  0.1393E+01
  0.1414E+01
  0.1424E+01
  0.1409E+01
  0.1399E+01
  0.1385E+01
  0.1393E+01
  0.1404E+01
  0.1391E+01
  0.1389E+01
  0.1379E+01
  0.1371E+01
  0.1371E+01
  0.1374E+01
  0.1377E+01
  0.1409E+01
  0.1419E+01
  0.1416E+01
  0.1409E+01
  0.1416E+01
  0.1421E+01
  0.1387E+01
  0.1361E+01
  0.1311E+01
  0.1217E+01
  0.1166E+01
  0.1115E+01
  0.1077E+01
  0.1084E+01
  0.1112E+01
  0.1157E+01
  0.1197E+01
  0.1254E+01
  0.1305E+01
  0.1343E+01
  0.1361E+01
  0.1393E+01
  0.1403E+01
  0.1395E+01
  0.1377E+01
  0.1352E+01
  0.1326E+01
  0.1328E+01
  0.1347E+01
  0.1385E+01
  0.1383E+01
  0.1360E+01
  0.1352E+01
  0.1356E+01
  0.1357E+01
  0.1321E+01
  0.1314E+01
  0.1316E+01
  0.1339E+01
  0.1366E+01
  0.1378E+01
  0.1395E+01
  0.1392E+01
  0.1386E+01
  0.1387E+01
  0.1393E+01
  0.1402E+01
  0.1359E+01
  0.1314E+01
  0.1292E+01
  0.1246E+01
  0.1172E+01
  0.1154E+01
  0.1103E+01
  0.1089E+01
  0.1093E+01
  0.1126E+01
  0.1169E+01
  0.1196E+01
  0.1238E+01
  0.1299E+01
  0.1338E+01
  0.1367E+01
  0.1378E+01
  0.1373E+01
  0.1370E+01
  0.1358E+01
  0.1329E+01
  0.1313E+01
  0.1314E+01
  0.1336E+01
  0.1356E+01
  0.1359E+01
  0.1337E+01
  0.1325E+01
  0.1327E+01
  0.1330E+01
  0.1339E+01
  0.1334E+01
  0.1310E+01
  0.1299E+01
  0.1306E+01
  0.1334E+01
  0.1350E+01
  0.1353E+01
  0.1351E+01
  0.1375E+01
  0.1364E+01
  0.1343E+01
  0.1327E+01
  0.1308E+01
  0.1253E+01
  0.1202E+01
  0.1176E+01
  0.1104E+01
  0.1091E+01
  0.1074E+01
  0.1096E+01
  0.1143E+01
  0.1182E+01
  0.1233E+01
  0.1256E+01
  0.1270E+01
  0.1318E+01
  0.1340E+01
  0.1344E+01
  0.1330E+01
  0.1338E+01
  0.1338E+01
  0.1329E+01
  0.1307E+01
  0.1305E+01
  0.1313E+01
  0.1333E+01
  0.1341E+01
  0.1323E+01
  0.1304E+01
  0.1300E+01
  0.1295E+01
  0.1307E+01
  0.1298E+01
  0.1288E+01
  0.1278E+01
  0.1299E+01
  0.1321E+01
  0.1326E+01
  0.1336E+01
  0.1329E+01
  0.1319E+01
  0.1328E+01
  0.1305E+01
  0.1254E+01
  0.1196E+01
  0.1158E+01
  0.1101E+01
  0.1076E+01
  0.1071E+01
  0.1070E+01
  0.1093E+01
  0.1128E+01
  0.1169E+01
  0.1220E+01
  0.1273E+01
  0.1298E+01
  0.1285E+01
  0.1285E+01
  0.1297E+01
  0.1309E+01
  0.1296E+01
  0.1282E+01
  0.1276E+01
  0.1276E+01
  0.1304E+01
  0.1312E+01
  0.1304E+01
  0.1289E+01
  0.1280E+01
  0.1268E+01
  0.1276E+01
  0.1276E+01
  0.1276E+01
  0.1269E+01
  0.1267E+01
  0.1287E+01
  0.1315E+01
  0.1311E+01
  0.1302E+01
  0.1299E+01
  0.1287E+01
  0.1286E+01
  0.1284E+01
  0.1291E+01
  0.1291E+01
  0.1299E+01
  0.1247E+01
  0.1221E+01
  0.1175E+01
  0.1141E+01
  0.1103E+01
  0.1072E+01
  0.1078E+01
  0.1091E+01
  0.1127E+01
  0.1140E+01
  0.1180E+01
  0.1220E+01
  0.1253E+01
  0.1267E+01
  0.1265E+01
  0.1253E+01
  0.1249E+01
  0.1251E+01
  0.1269E+01
  0.1254E+01
  0.1254E+01
  0.1253E+01
  0.1259E+01
  0.1281E+01
  0.1281E+01
  0.1258E+01
  0.1248E+01
  0.1241E+01
  0.1240E+01
  0.1238E+01
  0.1235E+01
  0.1237E+01
  0.1232E+01
  0.1255E+01
  0.1264E+01
  0.1276E+01
  0.1277E+01
  0.1264E+01
  0.1251E+01
  0.1237E+01
  0.1241E+01
  0.1272E+01
  0.1273E+01
  0.1278E+01
  0.1264E+01
  0.1259E+01
  0.1236E+01
  0.1193E+01
  0.1180E+01
  0.1135E+01
  0.1093E+01
  0.1081E+01
  0.1076E+01
  0.1090E+01
  0.1127E+01
  0.1166E+01
  0.1194E+01
  0.1224E+01
  0.1264E+01
  0.1261E+01
  0.1245E+01
  0.1233E+01
  0.1239E+01
  0.1246E+01
  0.1246E+01
  0.1236E+01
  0.1238E+01
  0.1252E+01
  0.1264E+01
  0.1283E+01
  0.1280E+01
  0.1260E+01
  0.1245E+01
  0.1228E+01
  0.1213E+01
  0.1217E+01
  0.1210E+01
  0.1198E+01
  0.1193E+01
  0.1217E+01
  0.1237E+01
  0.1254E+01
  0.1251E+01
  0.1237E+01
  0.1227E+01
  0.1215E+01
  0.1223E+01
  0.1223E+01
  0.1248E+01
  0.1254E+01
  0.1243E+01
  0.1241E+01
  0.1230E+01
  0.1194E+01
  0.1146E+01
  0.1109E+01
  0.1077E+01
  0.1073E+01
  0.1127E+01
  0.1178E+01
  0.1213E+01
  0.1241E+01
  0.1252E+01
  0.1254E+01
  0.1241E+01
  0.1216E+01
  0.1218E+01
  0.1220E+01
  0.1225E+01
  0.1216E+01
  0.1224E+01
  0.1244E+01
  0.1261E+01
  0.1259E+01
  0.1247E+01
  0.1212E+01
  0.1197E+01
  0.1191E+01
  0.1179E+01
  0.1171E+01
  0.1178E+01
  0.1202E+01
  0.1231E+01
  0.1229E+01
  0.1231E+01
  0.1208E+01
  0.1199E+01
  0.1203E+01
  0.1225E+01
  0.1230E+01
  0.1222E+01
  0.1226E+01
  0.1220E+01
  0.1198E+01
  0.1155E+01
  0.1070E+01
  0.1065E+01
  0.1099E+01
  0.1147E+01
  0.1187E+01
  0.1208E+01
  0.1213E+01
  0.1228E+01
  0.1220E+01
  0.1206E+01
  0.1197E+01
  0.1198E+01
  0.1207E+01
  0.1185E+01
  0.1199E+01
  0.1215E+01
  0.1217E+01
  0.1244E+01
  0.1244E+01
  0.1231E+01
  0.1204E+01
  0.1186E+01
  0.1157E+01
  0.1155E+01
  0.1156E+01
  0.1163E+01
  0.1186E+01
  0.1203E+01
  0.1206E+01
  0.1208E+01
  0.1196E+01
  0.1192E+01
  0.1180E+01
  0.1198E+01
  0.1210E+01
  0.1188E+01
  0.1188E+01
  0.1178E+01
  0.1157E+01
  0.1135E+01
  0.1115E+01
  0.1088E+01
  0.1060E+01
  0.1065E+01
  0.1122E+01
  0.1162E+01
  0.1189E+01
  0.1192E+01
  0.1199E+01
  0.1197E+01
  0.1186E+01
  0.1189E+01
  0.1189E+01
  0.1180E+01
  0.1167E+01
  0.1178E+01
  0.1189E+01
  0.1203E+01
  0.1218E+01
  0.1209E+01
  0.1201E+01
  0.1167E+01
  0.1167E+01
  0.1160E+01
  0.1145E+01
  0.1146E+01
  0.1156E+01
  0.1180E+01
  0.1186E+01
  0.1190E+01
  0.1180E+01
  0.1165E+01
  0.1183E+01
  0.1192E+01
  0.1194E+01
  0.1182E+01
  0.1168E+01
  0.1168E+01
  0.1158E+01
  0.1132E+01
  0.1097E+01
  0.1069E+01
  0.1061E+01
  0.1066E+01
  0.1099E+01
  0.1119E+01
  0.1144E+01
  0.1158E+01
  0.1167E+01
  0.1174E+01
  0.1177E+01
  0.1172E+01
  0.1174E+01
  0.1177E+01
  0.1161E+01
  0.1150E+01
  0.1164E+01
  0.1165E+01
  0.1179E+01
  0.1170E+01
  0.1156E+01
  0.1140E+01
  0.1128E+01
  0.1138E+01
  0.1129E+01
  0.1129E+01
  0.1147E+01
  0.1171E+01
  0.1163E+01
  0.1162E+01
  0.1171E+01
  0.1166E+01
  0.1153E+01
  0.1153E+01
  0.1160E+01
  0.1170E+01
  0.1183E+01
  0.1177E+01
  0.1171E+01
  0.1153E+01
  0.1156E+01
  0.1150E+01
  0.1137E+01
  0.1110E+01
  0.1075E+01
  0.1064E+01
  0.1053E+01
  0.1064E+01
  0.1098E+01
  0.1108E+01
  0.1127E+01
  0.1129E+01
  0.1141E+01
  0.1163E+01
  0.1161E+01
  0.1161E+01
  0.1164E+01
  0.1158E+01
  0.1140E+01
  0.1140E+01
  0.1142E+01
  0.1140E+01
  0.1131E+01
  0.1146E+01
  0.1130E+01
  0.1127E+01
  0.1117E+01
  0.1108E+01
  0.1113E+01
  0.1125E+01
  0.1122E+01
  0.1138E+01
  0.1152E+01
  0.1149E+01
  0.1141E+01
  0.1151E+01
  0.1152E+01
  0.1139E+01
  0.1139E+01
  0.1145E+01
  0.1153E+01
  0.1164E+01
  0.1158E+01
  0.1147E+01
  0.1146E+01
  0.1145E+01
  0.1136E+01
  0.1108E+01
  0.1069E+01
  0.1054E+01
  0.1051E+01
  0.1073E+01
  0.1107E+01
  0.1118E+01
  0.1111E+01
  0.1119E+01
  0.1125E+01
  0.1127E+01
  0.1130E+01
  0.1126E+01
  0.1126E+01
  0.1125E+01
  0.1118E+01
  0.1109E+01
  0.1111E+01
  0.1115E+01
  0.1122E+01
  0.1117E+01
  0.1110E+01
  0.1103E+01
  0.1092E+01
  0.1099E+01
  0.1102E+01
  0.1110E+01
  0.1109E+01
  0.1106E+01
  0.1119E+01
  0.1124E+01
  0.1117E+01
  0.1122E+01
  0.1134E+01
  0.1134E+01
  0.1121E+01
  0.1117E+01
  0.1131E+01
  0.1136E+01
  0.1125E+01
  0.1122E+01
  0.1129E+01
  0.1120E+01
  0.1095E+01
  0.1065E+01
  0.1051E+01
  0.1035E+01
  0.1050E+01
  0.1070E+01
  0.1095E+01
  0.1088E+01
  0.1098E+01
  0.1094E+01
  0.1105E+01
  0.1095E+01
  0.1094E+01
  0.1102E+01
  0.1093E+01
  0.1088E+01
  0.1085E+01
  0.1082E+01
  0.1092E+01
  0.1093E+01
  0.1094E+01
  0.1089E+01
  0.1092E+01
  0.1088E+01
  0.1086E+01
  0.1075E+01
  0.1078E+01
  0.1089E+01
  0.1083E+01
  0.1079E+01
  0.1079E+01
  0.1091E+01
  0.1089E+01
  0.1103E+01
  0.1111E+01
  0.1102E+01
  0.1101E+01
  0.1108E+01
  0.1111E+01
  0.1097E+01
  0.1103E+01
  0.1093E+01
  0.1096E+01
  0.1094E+01
  0.1082E+01
  0.1087E+01
  0.1062E+01
  0.1036E+01
  0.1009E+01
  0.1026E+01
  0.1044E+01
  0.1049E+01
  0.1041E+01
  0.1053E+01
  0.1051E+01
  0.1048E+01
  0.1071E+01
  0.1064E+01
  0.1067E+01
  0.1066E+01
  0.1050E+01
  0.1061E+01
  0.1063E+01
  0.1064E+01
  0.1065E+01
  0.1065E+01
  0.1065E+01
  0.1042E+01
  0.1046E+01
  0.1043E+01
  0.1051E+01
  0.1046E+01
  0.1050E+01
  0.1051E+01
  0.1049E+01
  0.1043E+01
  0.1069E+01
  0.1060E+01
  0.1058E+01
  0.1052E+01
  0.1064E+01
  0.1066E+01
  0.1053E+01
  0.1058E+01
  0.1044E+01
  0.1051E+01
  0.1050E+01
  0.1035E+01
  0.1030E+01
  0.1008E+01
  0.9665E+00
  0.9832E+00
  0.1001E+01
  0.1009E+01
  0.1006E+01
  0.9955E+00
  0.1006E+01
  0.1013E+01
  0.1007E+01
  0.1009E+01
  0.1001E+01
  0.1013E+01
  0.1007E+01
  0.1014E+01
  0.9863E+00
  0.9988E+00
  0.9955E+00
  0.9899E+00
  0.9890E+00
  0.9843E+00
  0.1010E+01
  0.9974E+00
  0.1001E+01
  0.9943E+00
  0.9993E+00
  0.9843E+00
  0.9872E+00
  0.9786E+00
  0.9990E+00
  0.9954E+00
  0.9813E+00
  0.9915E+00
  0.9755E+00
  0.9795E+00
  0.1005E+01
  0.9772E+00
  0.1001E+01
  0.1010E+01
  0.9816E+00
  0.9911E+00
  0.9896E+00
  0.9823E+00
  0.9913E+00
  0.9665E+00
  0.8913E+00
  0.8929E+00
  0.8952E+00
  0.8977E+00
  0.9002E+00
  0.9029E+00
  0.9055E+00
  0.9080E+00
  0.9105E+00
  0.9132E+00
  0.9158E+00
  0.9175E+00
  0.9191E+00
  0.9203E+00
  0.9217E+00
  0.9230E+00
  0.9243E+00
  0.9257E+00
  0.9265E+00
  0.9269E+00
  0.9273E+00
  0.9275E+00
  0.9271E+00
  0.9266E+00
  0.9266E+00
  0.9276E+00
  0.9287E+00
  0.9292E+00
  0.9294E+00
  0.9299E+00
  0.9304E+00
  0.9306E+00
  0.9303E+00
  0.9297E+00
  0.9292E+00
  0.9290E+00
  0.9289E+00
  0.9289E+00
  0.9289E+00
  0.9283E+00
  0.9271E+00
  0.9262E+00
  0.9259E+00
  0.9262E+00
  0.9263E+00
  0.9257E+00
  0.9252E+00
  0.9253E+00
  0.9255E+00
  0.9253E+00
  0.9247E+00
  0.9242E+00
  0.9237E+00
  0.9238E+00
  0.9240E+00
  0.9234E+00
  0.9225E+00
  0.9215E+00
  0.9199E+00
  0.9179E+00
  0.9165E+00
  0.9157E+00
  0.9152E+00
  0.9145E+00
  0.9140E+00
  0.9130E+00
  0.9118E+00
  0.9106E+00
  0.9091E+00
  0.9077E+00
  0.9064E+00
  0.9050E+00
  0.9034E+00
  0.9019E+00
  0.9000E+00
  0.8980E+00
  0.8961E+00
  0.8942E+00
  0.8922E+00
  0.8910E+00
  0.1036E+01
  0.1053E+01
  0.1127E+01
  0.1125E+01
  0.1102E+01
  0.1135E+01
  0.1137E+01
  0.1132E+01
  0.1126E+01
  0.1078E+01
  0.1164E+01
  0.1168E+01
  0.1186E+01
  0.1100E+01
  0.1201E+01
  0.1215E+01
  0.1211E+01
  0.1220E+01
  0.1263E+01
  0.1267E+01
  0.1256E+01
  0.1241E+01
  0.1164E+01
  0.1246E+01
  0.1235E+01
  0.1221E+01
  0.1353E+01
  0.1364E+01
  0.1286E+01
  0.1399E+01
  0.1077E+01
  0.1436E+01
  0.1257E+01
  0.1544E+01
  0.1386E+01
  0.1401E+01
  0.1468E+01
  0.1494E+01
  0.1272E+01
  0.1279E+01
  0.1540E+01
  0.1555E+01
  0.1669E+01
  0.1655E+01
  0.1606E+01
  0.1121E+01
  0.1339E+01
  0.1689E+01
  0.1709E+01
  0.1624E+01
  0.1538E+01
  0.1545E+01
  0.1869E+01
  0.1610E+01
SCALARS sediment_flux float 1
LOOKUP_TABLE default
  0.1722E+03
  0.9934E+03
  0.4551E+03
  0.7459E+03
  0.4930E+04
  0.6925E+03
  0.1521E+05
  0.1856E+04
  0.7025E+03
  0.1147E+05
  0.9998E+03
  0.2644E+04
  0.3129E+04
  0.7351E+03
  0.8684E+05
  0.9852E+03
  0.3289E+04
  0.7905E+03
  0.1824E+04
  0.2951E+05
  0.7358E+03
  0.4768E+03
  0.8076E+03
  0.3971E+04
  0.7380E+03
  0.2315E+06
  0.8645E+03
  0.4899E+03
  0.8501E+03
  0.1052E+05
  0.7246E+03
  0.2107E+04
  0.1138E+04
  0.6324E+03
  0.2947E+06
  0.6108E+03
  0.4117E+04
  0.7543E+03
  0.4763E+03
  0.7224E+03
  0.4406E+06
  0.9603E+03
  0.4676E+04
  0.7501E+03
  0.5563E+04
  0.7385E+03
  0.7153E+05
  0.6924E+03
  0.5218E+04
  0.1041E+04
  0.1682E+04
  0.2453E+06
  0.7121E+03
  0.3431E+04
  0.6769E+03
  0.1648E+05
  0.1077E+04
  0.4339E+04
  0.6267E+03
  0.1373E+06
  0.5162E+03
  0.7600E+03
  0.3410E+04
  0.7005E+03
  0.7080E+05
  0.7797E+03
  0.4688E+03
  0.7761E+03
  0.1188E+05
  0.7421E+03
  0.6258E+03
  0.3500E+05
  0.7570E+03
  0.3724E+04
  0.7177E+03
  0.7177E+04
  0.6603E+03
  0.2200E+04
  0.1031E+04
  0.1722E+03
  0.1253E+04
  0.3040E+03
  0.4456E+04
  0.1468E+05
  0.1205E+04
  0.1090E+05
  0.2230E+04
  0.2401E+04
  0.8631E+05
  0.2723E+04
  0.9306E+03
  0.2904E+05
  0.8870E+03
  0.3420E+04
  0.2308E+06
  0.1418E+04
  0.9912E+04
  0.1618E+04
  0.8741E+03
  0.2942E+06
  0.3672E+04
  0.9475E+03
  0.4401E+06
  0.4093E+04
  0.4953E+04
  0.7106E+05
  0.4656E+04
  0.1253E+04
  0.2445E+06
  0.3038E+04
  0.1586E+05
  0.3906E+04
  0.1368E+06
  0.1348E+06
  0.2910E+04
  0.7026E+05
  0.6544E+03
  0.1135E+05
  0.1103E+04
  0.3438E+05
  0.3178E+04
  0.6698E+04
  0.1745E+04
  0.8466E+03
  0.4466E+04
  0.2725E+04
  0.1717E+04
  0.1157E+05
  0.7872E+04
  0.1001E+04
  0.9936E+03
  0.1696E+04
  0.7946E+03
  0.2449E+05
  0.6993E+03
  0.8769E+03
  0.1527E+04
  0.2249E+06
  0.2512E+04
  0.1676E+04
  0.2886E+06
  0.2530E+04
  0.1230E+04
  0.6748E+03
  0.4363E+06
  0.2443E+04
  0.3060E+04
  0.6798E+05
  0.2849E+04
  0.1209E+04
  0.2424E+06
  0.1426E+05
  0.1855E+04
  0.1703E+04
  0.1336E+06
  0.4900E+03
  0.6109E+05
  0.5717E+04
  0.8324E+04
  0.3303E+03
  0.3094E+05
  0.7464E+03
  0.4175E+04
  0.1358E+04
  0.3718E+04
  0.4284E+04
  0.2724E+04
  0.1794E+04
  0.1160E+04
  0.8021E+04
  0.4766E+04
  0.4372E+03
  0.1403E+04
  0.8204E+05
  0.4521E+03
  0.2189E+04
  0.1644E+04
  0.7204E+03
  0.4741E+03
  0.2186E+06
  0.3434E+04
  0.4043E+04
  0.1305E+04
  0.2859E+06
  0.4101E+04
  0.3855E+03
  0.8161E+03
  0.1781E+04
  0.4307E+06
  0.9496E+03
  0.6480E+03
  0.4060E+03
  0.2281E+06
  0.5267E+03
  0.4308E+03
  0.9987E+04
  0.6714E+03
  0.2098E+04
  0.5730E+05
  0.6588E+03
  0.5564E+04
  0.1295E+04
  0.2551E+05
  0.3153E+03
  0.9958E+03
  0.8183E+03
  0.1245E+04
  0.2176E+04
  0.2489E+04
  0.3337E+03
  0.7443E+03
  0.2545E+04
  0.6829E+03
  0.1487E+04
  0.1715E+05
  0.5737E+05
  0.3642E+03
  0.1593E+05
  0.3730E+03
  0.1031E+04
  0.2122E+06
  0.4260E+04
  0.1276E+04
  0.2718E+04
  0.2774E+06
  0.2165E+04
  0.6940E+03
  0.1555E+04
  0.4273E+06
  0.3489E+04
  0.2152E+04
  0.6394E+05
  0.1016E+04
  0.1720E+04
  0.2247E+06
  0.1158E+05
  0.2065E+04
  0.5851E+04
  0.6851E+03
  0.5820E+04
  0.1291E+06
  0.5388E+05
  0.1302E+04
  0.2796E+04
  0.2062E+04
  0.4123E+04
  0.4696E+03
  0.1819E+04
  0.3089E+03
  0.1090E+04
  0.8571E+04
  0.7608E+04
  0.9165E+03
  0.1094E+04
  0.2145E+04
  0.1531E+04
  0.1917E+04
  0.3397E+03
  0.5485E+05
  0.1502E+04
  0.5112E+03
  0.2299E+04
  0.4889E+04
  0.1932E+06
  0.1451E+05
  0.1434E+04
  0.6382E+03
  0.4247E+03
  0.1112E+04
  0.2704E+06
  0.1514E+04
  0.3998E+03
  0.1703E+04
  0.4173E+06
  0.1004E+04
  0.5729E+05
  0.5446E+03
  0.1543E+04
  0.8376E+04
  0.1245E+04
  0.9727E+03
  0.3838E+04
  0.2646E+04
  0.1161E+06
  0.5664E+03
  0.3996E+05
  0.8670E+04
  0.6870E+03
  0.1616E+05
  0.9766E+03
  0.1047E+04
  0.9181E+04
  0.1262E+05
  0.1323E+05
  0.1338E+04
  0.8388E+03
  0.1485E+04
  0.1096E+04
  0.1816E+04
  0.2461E+04
  0.9813E+04
  0.4972E+05
  0.1718E+04
  0.9671E+04
  0.2119E+04
  0.8887E+04
  0.2569E+03
  0.1237E+05
  0.1387E+04
  0.5437E+04
  0.2542E+06
  0.1272E+05
  0.2411E+04
  0.1594E+04
  0.4114E+06
  0.2555E+04
  0.2789E+04
  0.5298E+05
  0.2179E+06
  0.8461E+03
  0.4957E+04
  0.7177E+03
  0.7708E+03
  0.5328E+03
  0.1279E+04
  0.4465E+03
  0.3247E+04
  0.3266E+04
  0.1430E+04
  0.1332E+05
  0.4836E+03
  0.1075E+04
  0.2870E+04
  0.9184E+03
  0.2674E+04
  0.4038E+04
  0.2166E+04
  0.1910E+04
  0.9487E+04
  0.2412E+04
  0.1750E+04
  0.2858E+04
  0.4499E+05
  0.1713E+04
  0.6023E+03
  0.6337E+04
  0.5865E+03
  0.4485E+04
  0.1763E+06
  0.1846E+04
  0.8135E+04
  0.1055E+04
  0.3773E+04
  0.6231E+03
  0.1336E+04
  0.4077E+06
  0.2902E+04
  0.4796E+05
  0.2823E+04
  0.3218E+04
  0.1195E+04
  0.2037E+04
  0.1164E+04
  0.3454E+04
  0.1091E+06
  0.3723E+05
  0.1341E+04
  0.6926E+04
  0.1439E+04
  0.8577E+03
  0.8791E+04
  0.9215E+04
  0.2227E+04
  0.6709E+03
  0.1444E+05
  0.7365E+03
  0.3075E+04
  0.8980E+03
  0.1279E+04
  0.4166E+05
  0.1043E+04
  0.3781E+04
  0.1662E+04
  0.5965E+03
  0.8734E+03
  0.5530E+03
  0.1928E+04
  0.2407E+06
  0.3072E+04
  0.1935E+04
  0.2357E+04
  0.4010E+06
  0.8701E+03
  0.4013E+05
  0.8686E+03
  0.2414E+03
  0.2087E+06
  0.8701E+04
  0.1071E+04
  0.1569E+04
  0.2741E+04
  0.9737E+05
  0.6426E+04
  0.9633E+03
  0.3890E+04
  0.2140E+04
  0.1719E+04
  0.1679E+04
  0.8919E+03
  0.2546E+04
  0.2717E+04
  0.6936E+04
  0.9969E+03
  0.9053E+03
  0.1901E+04
  0.4465E+05
  0.7923E+03
  0.5352E+04
  0.2226E+04
  0.3241E+05
  0.5333E+04
  0.4019E+03
  0.1599E+04
  0.1702E+06
  0.1119E+04
  0.3879E+04
  0.1353E+04
  0.2178E+05
  0.1648E+04
  0.4361E+03
  0.1629E+04
  0.3956E+06
  0.9309E+03
  0.3024E+05
  0.1982E+04
  0.1170E+04
  0.1395E+06
  0.5248E+05
  0.2736E+04
  0.2144E+04
  0.1052E+04
  0.3811E+04
  0.1913E+04
  0.2990E+05
  0.2121E+04
  0.1124E+04
  0.2658E+04
  0.3793E+03
  0.5838E+04
  0.8908E+03
  0.1419E+04
  0.5376E+05
  0.5333E+05
  0.5177E+05
  0.1470E+04
  0.2484E+05
  0.2612E+04
  0.5924E+03
  0.1490E+04
  0.2206E+05
  0.3215E+04
  0.2793E+04
  0.1986E+04
  0.3299E+04
  0.1623E+06
  0.1340E+04
  0.5661E+04
  0.2147E+06
  0.1437E+05
  0.7457E+03
  0.4427E+04
  0.3834E+06
  0.9367E+03
  0.2782E+05
  0.4236E+04
  0.2095E+04
  0.1739E+04
  0.6255E+03
  0.6952E+03
  0.4601E+03
  0.8443E+05
  0.1195E+04
  0.2237E+05
  0.6232E+03
  0.1830E+04
  0.1386E+05
  0.1732E+05
  0.2867E+05
  0.3530E+05
  0.3795E+05
  0.3839E+05
  0.1829E+04
  0.2986E+04
  0.5774E+03
  0.3123E+03
  0.1378E+04
  0.1492E+05
  0.6810E+04
  0.9920E+03
  0.2615E+04
  0.3525E+04
  0.1057E+04
  0.4798E+04
  0.6396E+04
  0.1494E+06
  0.5861E+04
  0.1226E+04
  0.2393E+04
  0.4207E+04
  0.7577E+03
  0.3947E+04
  0.1189E+05
  0.2298E+04
  0.2206E+04
  0.1464E+04
  0.3817E+06
  0.1948E+04
  0.3452E+03
  0.3304E+04
  0.1324E+06
  0.4840E+05
  0.2278E+04
  0.1184E+04
  0.2654E+04
  0.5708E+04
  0.7131E+04
  0.1128E+04
  0.4352E+04
  0.1503E+05
  0.1312E+04
  0.4793E+04
  0.1956E+04
  0.6154E+03
  0.6375E+03
  0.7934E+03
  0.4566E+03
  0.6481E+03
  0.3217E+04
  0.1721E+04
  0.1073E+04
  0.6581E+03
  0.1966E+04
  0.1400E+04
  0.1310E+05
  0.1654E+04
  0.7905E+03
  0.1465E+04
  0.1389E+06
  0.1350E+04
  0.1796E+04
  0.2000E+04
  0.1970E+06
  0.5998E+03
  0.1727E+04
  0.2335E+04
  0.1366E+04
  0.3770E+06
  0.9212E+03
  0.2465E+05
  0.4302E+04
  0.4307E+05
  0.1358E+04
  0.7612E+03
  0.1128E+04
  0.5731E+04
  0.6536E+05
  0.1066E+04
  0.5271E+03
  0.8624E+04
  0.3284E+04
  0.6089E+03
  0.2138E+04
  0.2418E+04
  0.1117E+04
  0.5614E+03
  0.1637E+04
  0.1418E+04
  0.5692E+03
  0.2422E+04
  0.2180E+04
  0.1853E+04
  0.6272E+03
  0.2730E+04
  0.1348E+04
  0.2532E+04
  0.5255E+04
  0.1080E+04
  0.2243E+04
  0.3636E+04
  0.2536E+05
  0.1376E+05
  0.3841E+04
  0.1366E+04
  0.3067E+04
  0.2560E+05
  0.2139E+04
  0.3551E+04
  0.2038E+04
  0.3691E+06
  0.2526E+04
  0.3455E+03
  0.2272E+04
  0.2145E+03
  0.1244E+06
  0.2531E+05
  0.1315E+05
  0.4940E+04
  0.2065E+04
  0.2186E+04
  0.4938E+03
  0.4974E+03
  0.3004E+04
  0.1361E+04
  0.3378E+04
  0.2505E+04
  0.1275E+05
  0.1981E+05
  0.2547E+05
  0.3375E+05
  0.3701E+05
  0.3787E+05
  0.4319E+05
  0.4211E+05
  0.3673E+05
  0.2729E+05
  0.2384E+05
  0.1609E+05
  0.2115E+04
  0.6553E+03
  0.3331E+04
  0.1517E+04
  0.2622E+04
  0.2006E+05
  0.9468E+05
  0.6517E+03
  0.1655E+04
  0.1612E+06
  0.2194E+05
  0.1731E+04
  0.4476E+03
  0.5606E+04
  0.3576E+06
  0.2194E+04
  0.1717E+05
  0.1472E+04
  0.3059E+04
  0.1148E+06
  0.2346E+05
  0.5782E+04
  0.1416E+04
  0.8467E+03
  0.5550E+05
  0.6155E+04
  0.4646E+04
  0.1190E+04
  0.1299E+04
  0.4559E+04
  0.1619E+04
  0.1419E+04
  0.1745E+04
  0.1903E+04
  0.1064E+04
  0.1520E+04
  0.1796E+04
  0.7664E+03
  0.1788E+04
  0.8831E+03
  0.2022E+04
  0.2081E+04
  0.5456E+04
  0.3424E+04
  0.4773E+03
  0.1180E+04
  0.1127E+05
  0.2831E+03
  0.9159E+05
  0.6006E+03
  0.6363E+04
  0.6503E+03
  0.4625E+04
  0.6901E+03
  0.1628E+05
  0.2118E+04
  0.1951E+04
  0.3514E+04
  0.5539E+03
  0.1228E+05
  0.1119E+04
  0.1345E+04
  0.1653E+04
  0.3006E+05
  0.1392E+05
  0.2130E+04
  0.1452E+04
  0.5997E+03
  0.5792E+03
  0.9731E+03
  0.5171E+03
  0.1641E+04
  0.2450E+04
  0.2724E+04
  0.2016E+04
  0.5539E+03
  0.6179E+03
  0.2018E+04
  0.3575E+04
  0.2137E+04
  0.1352E+04
  0.4955E+04
  0.1536E+04
  0.4105E+03
  0.4117E+05
  0.4034E+03
  0.2476E+04
  0.7572E+03
  0.9065E+03
  0.2215E+04
  0.1486E+06
  0.6902E+03
  0.6891E+03
  0.1204E+05
  0.1387E+04
  0.9069E+03
  0.3481E+06
  0.8265E+03
  0.6839E+03
  0.8229E+04
  0.1283E+04
  0.1821E+04
  0.1098E+06
  0.1920E+05
  0.8461E+03
  0.4306E+03
  0.1347E+05
  0.1965E+04
  0.6183E+04
  0.3412E+04
  0.1315E+04
  0.4248E+03
  0.1614E+04
  0.5592E+04
  0.1693E+04
  0.1948E+04
  0.1086E+04
  0.3084E+04
  0.2637E+04
  0.8088E+03
  0.3270E+04
  0.4279E+04
  0.4832E+03
  0.2719E+04
  0.1225E+05
  0.6583E+04
  0.4922E+04
  0.3045E+04
  0.5301E+04
  0.3287E+05
  0.4678E+05
  0.2205E+04
  0.6407E+03
  0.1002E+06
  0.4527E+05
  0.1277E+04
  0.1864E+04
  0.4819E+04
  0.3436E+04
  0.3327E+06
  0.8499E+04
  0.2099E+04
  0.5039E+04
  0.2413E+04
  0.4036E+05
  0.4357E+05
  0.1845E+05
  0.1439E+05
  0.9037E+03
  0.3142E+04
  0.7694E+04
  0.2226E+04
  0.3266E+04
  0.8184E+04
  0.5572E+04
  0.1153E+04
  0.8170E+03
  0.7934E+04
  0.1469E+05
  0.2312E+05
  0.2802E+05
  0.2934E+05
  0.1869E+04
  0.5849E+03
  0.1042E+06
  0.9414E+05
  0.6783E+05
  0.6100E+05
  0.9043E+04
  0.1164E+04
  0.1022E+04
  0.1541E+05
  0.1444E+05
  0.8993E+03
  0.4010E+05
  0.2212E+04
  0.3961E+04
  0.9543E+05
  0.4223E+05
  0.2492E+04
  0.6158E+03
  0.1746E+04
  0.5601E+03
  0.4508E+04
  0.3016E+06
  0.2349E+05
  0.2257E+04
  0.1646E+04
  0.1607E+04
  0.3429E+05
  0.2782E+05
  0.1375E+05
  0.1355E+05
  0.8317E+04
  0.9825E+03
  0.1237E+04
  0.1540E+04
  0.4502E+04
  0.9550E+04
  0.1272E+05
  0.3161E+04
  0.1412E+04
  0.2529E+04
  0.7871E+03
  0.3536E+04
  0.4087E+04
  0.1111E+06
  0.1100E+06
  0.1105E+04
  0.1037E+04
  0.8502E+05
  0.3918E+03
  0.1081E+04
  0.3549E+05
  0.1029E+04
  0.8551E+03
  0.1806E+04
  0.8356E+04
  0.9313E+03
  0.3807E+04
  0.1501E+04
  0.5666E+05
  0.8382E+03
  0.3625E+05
  0.3347E+04
  0.8929E+03
  0.2926E+06
  0.7845E+04
  0.1066E+05
  0.1711E+04
  0.5089E+04
  0.2240E+05
  0.2495E+05
  0.9617E+04
  0.1082E+05
  0.4323E+04
  0.1410E+04
  0.2767E+04
  0.1314E+04
  0.6041E+04
  0.2354E+04
  0.2510E+05
  0.3323E+05
  0.3446E+04
  0.5920E+04
  0.9899E+03
  0.3517E+03
  0.1203E+04
  0.1859E+04
  0.2743E+04
  0.1843E+04
  0.7676E+03
  0.2918E+03
  0.1393E+04
  0.5889E+04
  0.5686E+04
  0.8063E+03
  0.2984E+05
  0.4129E+04
  0.3239E+04
  0.8260E+04
  0.5394E+04
  0.1170E+04
  0.2924E+05
  0.1515E+04
  0.3354E+05
  0.3175E+05
  0.1010E+04
  0.2541E+05
  0.9124E+03
  0.5130E+04
  0.2829E+06
  0.4128E+04
  0.5416E+04
  0.6715E+04
  0.1878E+05
  0.7840E+04
  0.5648E+04
  0.3383E+03
  0.3789E+04
  0.1161E+04
  0.3733E+04
  0.1092E+05
  0.1574E+05
  0.9657E+05
  0.1348E+06
  0.1474E+06
  0.1722E+04
  0.1461E+04
  0.5409E+03
  0.1552E+04
  0.5401E+04
  0.4336E+04
  0.2851E+04
  0.1706E+04
  0.2552E+04
  0.1910E+04
  0.1360E+04
  0.1998E+04
  0.1405E+04
  0.5329E+04
  0.7026E+03
  0.2750E+04
  0.4387E+03
  0.2415E+05
  0.1327E+04
  0.2557E+05
  0.1475E+05
  0.2705E+05
  0.1308E+04
  0.2059E+05
  0.6856E+03
  0.2670E+06
  0.7038E+04
  0.6577E+03
  0.2473E+04
  0.1035E+04
  0.2794E+04
  0.7077E+04
  0.3475E+04
  0.2618E+04
  0.8324E+03
  0.2692E+04
  0.1417E+05
  0.2347E+05
  0.7083E+05
  0.7405E+05
  0.4399E+04
  0.1373E+04
  0.1203E+04
  0.1583E+06
  0.1359E+04
  0.6156E+03
  0.3182E+04
  0.3684E+04
  0.6190E+04
  0.4155E+04
  0.1789E+04
  0.2831E+03
  0.8643E+03
  0.1160E+04
  0.1230E+04
  0.1440E+05
  0.6431E+04
  0.9166E+03
  0.4452E+03
  0.1768E+04
  0.2146E+04
  0.1334E+05
  0.7118E+04
  0.1107E+05
  0.1656E+05
  0.8759E+03
  0.3476E+04
  0.6013E+04
  0.2495E+06
  0.7976E+03
  0.2171E+04
  0.9034E+03
  0.1560E+04
  0.4287E+03
  0.3023E+04
  0.1025E+04
  0.1430E+04
  0.1082E+04
  0.1316E+05
  0.6544E+05
  0.1413E+04
  0.9632E+03
  0.1344E+04
  0.4919E+03
  0.5696E+05
  0.2218E+06
  0.2282E+06
  0.2308E+06
  0.2318E+06
  0.2000E+04
  0.1576E+04
  0.2417E+03
  0.1750E+04
  0.3313E+04
  0.3306E+04
  0.8543E+03
  0.3114E+04
  0.4089E+04
  0.1249E+04
  0.7637E+04
  0.1114E+04
  0.9678E+04
  0.2005E+04
  0.3216E+04
  0.7911E+04
  0.3043E+04
  0.7799E+04
  0.1627E+04
  0.3123E+03
  0.1241E+04
  0.8716E+03
  0.2790E+04
  0.9561E+03
  0.1252E+05
  0.3544E+04
  0.2386E+04
  0.3338E+04
  0.7297E+05
  0.1532E+04
  0.7027E+04
  0.1893E+05
  0.3566E+04
  0.1691E+04
  0.1438E+04
  0.1233E+04
  0.4897E+05
  0.5331E+05
  0.1304E+04
  0.3423E+03
  0.1531E+04
  0.7623E+03
  0.1851E+04
  0.1166E+04
  0.2091E+04
  0.7970E+03
  0.4637E+04
  0.6783E+04
  0.2034E+04
  0.5249E+04
  0.1965E+04
  0.1066E+04
  0.1107E+04
  0.1871E+05
  0.2303E+04
  0.1092E+04
  0.7265E+03
  0.3297E+04
  0.3595E+04
  0.1339E+04
  0.2862E+04
  0.3768E+04
  0.1682E+04
  0.1589E+04
  0.6183E+03
  0.6786E+03
  0.2926E+04
  0.5911E+04
  0.3449E+04
  0.9743E+04
  0.2648E+04
  0.1010E+06
  0.7472E+05
  0.5446E+04
  0.7502E+03
  0.7076E+04
  0.4989E+04
  0.2375E+04
  0.1269E+05
  0.3282E+05
  0.4355E+05
  0.9279E+03
  0.6104E+03
  0.9012E+03
  0.1369E+04
  0.9071E+03
  0.1214E+04
  0.6434E+05
  0.6227E+05
  0.5605E+05
  0.1431E+05
  0.8450E+04
  0.3484E+04
  0.1218E+05
  0.4769E+04
  0.1263E+04
  0.2697E+04
  0.7033E+04
  0.3040E+05
  0.5683E+04
  0.8828E+03
  0.8816E+03
  0.1269E+04
  0.1275E+04
  0.2656E+04
  0.5081E+03
  0.4048E+03
  0.1986E+05
  0.5704E+04
  0.2065E+05
  0.3550E+04
  0.7274E+03
  0.1219E+05
  0.9650E+04
  0.3547E+05
  0.5256E+04
  0.4525E+03
  0.1123E+06
  0.8483E+04
  0.4793E+04
  0.1080E+04
  0.1263E+04
  0.9954E+03
  0.2765E+04
  0.9441E+04
  0.9826E+04
  0.4938E+04
  0.6881E+04
  0.1864E+04
  0.3637E+04
  0.1214E+05
  0.1669E+05
  0.2237E+05
  0.2338E+05
  0.1722E+04
  0.6102E+03
  0.1439E+04
  0.3366E+05
  0.2551E+05
  0.1764E+05
  0.1686E+05
  0.1158E+04
  0.8337E+03
  0.4483E+04
  0.5288E+05
  0.1511E+04
  0.5687E+03
  0.4016E+04
  0.3877E+04
  0.1031E+04
  0.3109E+04
  0.7070E+04
  0.6036E+04
  0.1739E+04
  0.1641E+04
  0.1501E+04
  0.1196E+05
  0.3537E+04
  0.3076E+05
  0.3423E+04
  0.2954E+05
  0.4700E+05
  0.7896E+03
  0.3738E+03
  0.2402E+05
  0.3764E+04
  0.1279E+04
  0.8172E+03
  0.2139E+04
  0.3752E+04
  0.3415E+04
  0.4919E+04
  0.9309E+03
  0.3637E+04
  0.1068E+04
  0.5688E+03
  0.1371E+04
  0.5092E+04
  0.4076E+04
  0.1204E+04
  0.1419E+04
  0.3414E+04
  0.1643E+04
  0.6641E+03
  0.9097E+03
  0.6267E+05
  0.1775E+04
  0.4630E+04
  0.7445E+03
  0.2339E+05
  0.2412E+04
  0.6343E+04
  0.1120E+05
  0.3430E+04
  0.1037E+05
  0.2775E+05
  0.2070E+05
  0.2570E+04
  0.7328E+03
  0.4043E+05
  0.4980E+05
  0.3046E+04
  0.1495E+04
  0.1443E+06
  0.3473E+03
  0.6268E+03
  0.5131E+04
  0.6594E+04
  0.2645E+04
  0.1747E+04
  0.1567E+04
  0.1044E+04
  0.4048E+03
  0.3362E+03
  0.9666E+03
  0.1865E+04
  0.3833E+04
  0.1105E+05
  0.1490E+05
  0.1568E+05
  0.2144E+04
  0.6272E+03
  0.1002E+04
  0.1230E+04
  0.1660E+04
  0.1309E+04
  0.2145E+04
  0.8725E+05
  0.2050E+05
  0.7325E+03
  0.7212E+03
  0.3132E+04
  0.9212E+03
  0.1726E+04
  0.8447E+04
  0.2268E+05
  0.1463E+05
  0.6808E+03
  0.1908E+04
  0.1628E+05
  0.5726E+05
  0.1092E+04
  0.6850E+03
  0.1730E+04
  0.6511E+03
  0.8810E+05
  0.5614E+05
  0.1295E+04
  0.1735E+04
  0.1523E+06
  0.1345E+05
  0.1249E+04
  0.1504E+04
  0.5553E+04
  0.4054E+04
  0.1695E+04
  0.7788E+03
  0.7716E+03
  0.3954E+04
  0.3926E+04
  0.2385E+03
  0.9403E+03
  0.2727E+04
  0.1455E+04
  0.1040E+04
  0.4837E+03
  0.1306E+04
  0.1485E+04
  0.3743E+04
  0.1593E+04
  0.2328E+04
  0.1193E+06
  0.1158E+06
  0.1108E+06
  0.1032E+04
  0.1645E+05
  0.6061E+04
  0.1320E+04
  0.3673E+05
  0.8999E+03
  0.1685E+05
  0.4700E+05
  0.3223E+04
  0.4024E+04
  0.2357E+05
  0.8411E+05
  0.1481E+04
  0.2313E+04
  0.2392E+04
  0.1252E+04
  0.1827E+04
  0.1478E+06
  0.1356E+04
  0.3312E+03
  0.1646E+05
  0.1017E+04
  0.2872E+04
  0.1325E+04
  0.2175E+05
  0.3131E+04
  0.6298E+04
  0.3997E+04
  0.6532E+04
  0.6815E+04
  0.7323E+03
  0.8761E+03
  0.2398E+04
  0.2686E+04
  0.2270E+04
  0.1722E+06
  0.1635E+06
  0.1514E+06
  0.1841E+04
  0.7585E+03
  0.1493E+05
  0.3132E+04
  0.4401E+04
  0.1599E+04
  0.1692E+04
  0.4268E+05
  0.1229E+04
  0.1983E+05
  0.1671E+04
  0.2394E+04
  0.1251E+05
  0.5306E+04
  0.9759E+03
  0.1491E+04
  0.4078E+04
  0.1540E+06
  0.2978E+04
  0.4980E+04
  0.1731E+06
  0.9635E+04
  0.6966E+03
  0.5711E+03
  0.5709E+04
  0.4261E+05
  0.1817E+04
  0.1369E+04
  0.8773E+04
  0.3512E+05
  0.4499E+05
  0.5528E+05
  0.3196E+04
  0.2839E+04
  0.2446E+04
  0.4706E+03
  0.2034E+04
  0.1846E+06
  0.1831E+06
  0.1777E+06
  0.1858E+04
  0.5113E+04
  0.5762E+03
  0.2900E+05
  0.9014E+04
  0.1545E+04
  0.7685E+04
  0.2526E+04
  0.8852E+04
  0.1779E+04
  0.1961E+04
  0.2692E+05
  0.6193E+05
  0.4985E+04
  0.1781E+04
  0.3924E+04
  0.6635E+04
  0.1528E+05
  0.4449E+04
  0.7100E+03
  0.1180E+04
  0.3109E+04
  0.1648E+06
  0.1738E+05
  0.1427E+04
  0.1425E+04
  0.1127E+04
  0.9064E+03
  0.5278E+05
  0.1970E+04
  0.1552E+04
  0.2847E+04
  0.1206E+05
  0.5352E+03
  0.1081E+04
  0.7302E+05
  0.8113E+05
  0.8599E+05
  0.9658E+05
  0.1005E+06
  0.1011E+06
  0.1694E+04
  0.2600E+04
  0.4934E+03
  0.5791E+03
  0.1728E+04
  0.3707E+04
  0.1324E+05
  0.6258E+04
  0.2673E+04
  0.2297E+04
  0.4015E+03
  0.3067E+04
  0.6090E+05
  0.1025E+04
  0.1786E+04
  0.9537E+03
  0.2221E+04
  0.1377E+04
  0.1049E+04
  0.2408E+04
  0.1163E+06
  0.1086E+05
  0.4290E+04
  0.8408E+03
  0.6503E+03
  0.7139E+03
  0.1762E+04
  0.2405E+04
  0.3363E+04
  0.2189E+04
  0.1029E+04
  0.5135E+04
  0.6485E+05
  0.6963E+04
  0.1278E+04
  0.4729E+04
  0.2329E+04
  0.8563E+04
  0.2111E+04
  0.1987E+04
  0.6279E+03
  0.1314E+04
  0.2155E+04
  0.4789E+03
  0.1519E+04
  0.1038E+04
  0.1315E+04
  0.9382E+04
  0.2818E+04
  0.1935E+04
  0.1201E+06
  0.3428E+04
  0.7361E+04
  0.7316E+05
  0.7531E+03
  0.2924E+04
  0.1069E+06
  0.7078E+04
  0.7770E+03
  0.3479E+03
  0.4131E+03
  0.7740E+03
  0.1356E+06
  0.4166E+04
  0.2049E+04
  0.1344E+04
  0.1158E+04
  0.1625E+04
  0.1718E+06
  0.5195E+03
  0.2201E+06
  0.1484E+05
  0.4278E+04
  0.6344E+03
  0.1822E+04
  0.7708E+05
  0.2054E+04
  0.3710E+03
  0.1159E+04
  0.3336E+04
  0.1484E+04
  0.1070E+04
  0.1545E+04
  0.5412E+03
  0.2351E+04
  0.1747E+05
  0.1548E+05
  0.1137E+05
  0.6726E+04
  0.3329E+04
  0.8151E+03
  0.3238E+04
  0.1785E+04
  0.1418E+04
  0.1269E+06
  0.9100E+03
  0.1728E+04
  0.4351E+04
  0.8187E+05
  0.1151E+06
  0.4838E+04
  0.5556E+04
  0.1124E+04
  0.5640E+03
  0.4720E+04
  0.1990E+04
  0.6382E+04
  0.1271E+05
  0.1956E+04
  0.2259E+06
  0.7716E+03
  0.4667E+04
  0.9440E+03
  0.3103E+04
  0.7217E+03
  0.8006E+05
  0.1131E+04
  0.2108E+04
  0.2617E+04
  0.7609E+03
  0.9777E+03
  0.3643E+03
  0.2125E+04
  0.5181E+03
  0.8194E+03
  0.2714E+04
  0.3438E+04
  0.9483E+03
  0.8033E+03
  0.6078E+03
  0.5909E+03
  0.6026E+03
  0.3011E+04
  0.4254E+03
  0.2095E+04
  0.3144E+04
  0.1319E+06
  0.2126E+04
  0.1888E+04
  0.1527E+04
  0.1185E+06
  0.1811E+04
  0.1324E+04
  0.1357E+04
  0.3114E+04
  0.1223E+05
  0.3573E+04
  0.1445E+06
  0.1353E+04
  0.5616E+03
  0.2503E+04
  0.1023E+04
  0.1879E+06
  0.3468E+04
  0.1555E+04
  0.4394E+04
  0.5481E+04
  0.3302E+04
  0.4477E+04
  0.6261E+04
  0.1061E+04
  0.3485E+04
  0.6370E+04
  0.1229E+05
  0.1848E+05
  0.1697E+04
  0.1718E+04
  0.2479E+04
  0.4309E+05
  0.4123E+05
  0.1248E+04
  0.2345E+04
  0.7480E+04
  0.4596E+04
  0.4955E+03
  0.7903E+03
  0.6557E+04
  0.4999E+04
  0.1340E+06
  0.4911E+04
  0.4329E+03
  0.1095E+04
  0.8596E+05
  0.2344E+04
  0.1241E+04
  0.2309E+04
  0.8530E+03
  0.2810E+04
  0.1390E+05
  0.1514E+06
  0.2351E+04
  0.9111E+03
  0.6338E+04
  0.1050E+04
  0.4259E+06
  0.7069E+03
  0.1501E+04
  0.1369E+04
  0.2503E+04
  0.5329E+04
  0.8932E+05
  0.9299E+04
  0.1317E+04
  0.1261E+04
  0.7969E+04
  0.3273E+05
  0.4193E+05
  0.4474E+05
  0.4518E+05
  0.1295E+04
  0.1950E+04
  0.3508E+05
  0.3017E+05
  0.7212E+04
  0.4462E+04
  0.6603E+03
  0.1096E+05
  0.6782E+04
  0.1415E+06
  0.1344E+04
  0.3814E+03
  0.4271E+04
  0.2093E+06
  0.1041E+04
  0.9550E+04
  0.2176E+04
  0.1402E+04
  0.8974E+04
  0.2312E+03
  0.5487E+04
  0.1772E+04
  0.7404E+04
  0.1671E+05
  0.6634E+03
  0.1657E+04
  0.1829E+04
  0.3320E+04
  0.1187E+04
  0.1715E+05
  0.7195E+03
  0.3187E+03
  0.9870E+05
  0.2888E+04
  0.2183E+05
  0.2292E+04
  0.3140E+04
  0.2266E+04
  0.5582E+04
  0.1555E+04
  0.1654E+04
  0.7441E+03
  0.8087E+03
  0.1604E+04
  0.7884E+03
  0.2735E+03
  0.8027E+03
  0.8192E+04
  0.3451E+04
  0.6104E+03
  0.2492E+04
  0.1780E+05
  0.8916E+04
  0.1496E+06
  0.6175E+04
  0.8880E+03
  0.2026E+04
  0.7947E+04
  0.1949E+05
  0.1769E+05
  0.2686E+04
  0.2354E+04
  0.2813E+05
  0.1543E+06
  0.2158E+04
  0.3983E+03
  0.2529E+04
  0.2197E+05
  0.7791E+03
  0.4338E+06
  0.1931E+04
  0.3092E+04
  0.5247E+04
  0.7258E+03
  0.2161E+05
  0.1237E+04
  0.1021E+06
  0.3238E+05
  0.4420E+04
  0.7338E+03
  0.4021E+03
  0.5569E+04
  0.1284E+04
  0.1121E+04
  0.1494E+04
  0.2649E+04
  0.3933E+03
  0.1031E+04
  0.1555E+04
  0.9421E+04
  0.8836E+04
  0.5495E+04
  0.3226E+03
  0.1431E+04
  0.7171E+03
  0.2757E+03
  0.1568E+04
  0.2000E+05
  0.1616E+06
  0.2526E+03
  0.1051E+04
  0.1730E+04
  0.1915E+04
  0.2432E+06
  0.6651E+03
  0.1740E+04
  0.8725E+03
  0.3135E+04
  0.2503E+04
  0.1491E+04
  0.3166E+05
  0.1649E+06
  0.1106E+04
  0.6527E+03
  0.2432E+05
  0.1300E+04
  0.7115E+04
  0.1321E+04
  0.2278E+04
  0.1653E+04
  0.2732E+04
  0.2705E+05
  0.4527E+03
  0.3490E+05
  0.9192E+03
  0.1361E+04
  0.2931E+04
  0.1265E+05
  0.1114E+04
  0.9812E+03
  0.1261E+04
  0.5114E+04
  0.8568E+04
  0.1014E+05
  0.1334E+04
  0.7242E+03
  0.3186E+04
  0.8605E+03
  0.4368E+04
  0.9961E+03
  0.4171E+03
  0.7167E+03
  0.2355E+05
  0.1670E+06
  0.3514E+04
  0.6456E+03
  0.5186E+04
  0.1803E+04
  0.2727E+04
  0.1839E+04
  0.4175E+03
  0.1689E+03
  0.2123E+04
  0.1988E+06
  0.4262E+04
  0.3171E+04
  0.3146E+05
  0.4469E+06
  0.1581E+04
  0.4098E+03
  0.1310E+05
  0.3892E+03
  0.3133E+05
  0.1047E+06
  0.3847E+05
  0.8355E+03
  0.5844E+03
  0.7963E+04
  0.9149E+03
  0.3353E+03
  0.4132E+03
  0.3099E+04
  0.1778E+04
  0.1317E+05
  0.1217E+05
  0.1901E+04
  0.6865E+03
  0.9293E+03
  0.6892E+04
  0.3772E+04
  0.4073E+04
  0.3353E+04
  0.1965E+06
  0.1271E+04
  0.1874E+04
  0.9336E+04
  0.2502E+06
  0.1185E+04
  0.4348E+04
  0.3533E+04
  0.7009E+04
  0.1020E+04
  0.2291E+04
  0.2116E+06
  0.1427E+04
  0.3410E+05
  0.4569E+06
  0.7735E+04
  0.1931E+04
  0.2475E+04
  0.1917E+05
  0.1731E+04
  0.2568E+04
  0.3546E+04
  0.1829E+06
  0.2044E+04
  0.1726E+04
  0.2517E+05
  0.5581E+03
  0.4704E+04
  0.3520E+04
  0.4470E+04
  0.1349E+05
  0.2032E+05
  0.2176E+05
  0.2109E+04
  0.5046E+04
  0.8158E+03
  0.4285E+03
  0.5610E+04
  0.1120E+04
  0.7277E+04
  0.2019E+06
  0.1476E+04
  0.4874E+03
  0.1756E+04
  0.2661E+06
  0.1930E+04
  0.7174E+03
  0.7238E+04
  0.8528E+03
  0.1137E+05
  0.8563E+03
  0.7048E+03
  0.2821E+04
  0.8955E+03
  0.3630E+04
  0.4971E+06
  0.9270E+03
  0.2602E+04
  0.2041E+04
  0.2345E+05
  0.7880E+03
  0.1873E+06
  0.7594E+03
  0.2419E+04
  0.1711E+04
  0.5173E+04
  0.1558E+04
  0.7846E+04
  0.7049E+03
  0.3559E+04
  0.3183E+04
  0.1264E+04
  0.1680E+04
  0.2343E+04
  0.8563E+03
  0.6180E+03
  0.7428E+03
  0.6906E+04
  0.9474E+04
  0.2162E+04
  0.1628E+04
  0.2198E+06
  0.3532E+04
  0.2342E+04
  0.3085E+04
  0.2732E+06
  0.1054E+04
  0.7238E+04
  0.1048E+04
  0.1960E+04
  0.1514E+05
  0.2191E+06
  0.5270E+04
  0.6925E+03
  0.2560E+04
  0.5059E+06
  0.1620E+04
  0.9765E+03
  0.1563E+04
  0.3256E+05
  0.2793E+04
  0.1163E+04
  0.4440E+04
  0.1895E+06
  0.1091E+04
  0.5808E+04
  0.6915E+03
  0.7454E+03
  0.9776E+03
  0.1435E+05
  0.2525E+04
  0.9174E+03
  0.4922E+03
  0.8662E+03
  0.1571E+04
  0.2308E+04
  0.7411E+04
  0.6865E+04
  0.4038E+04
  0.1624E+04
  0.2455E+04
  0.2199E+05
  0.1228E+05
  0.1210E+04
  0.1015E+04
  0.6218E+03
  0.3264E+03
  0.4696E+04
  0.1053E+04
  0.2758E+06
  0.1274E+04
  0.8283E+03
  0.2192E+05
  0.4882E+04
  0.4084E+04
  0.2648E+04
  0.1112E+04
  0.2262E+06
  0.8738E+04
  0.9905E+03
  0.3761E+03
  0.1779E+04
  0.1166E+04
  0.8132E+03
  0.3738E+05
  0.2463E+04
  0.6292E+03
  0.1551E+04
  0.1988E+06
  0.1239E+04
  0.1198E+04
  0.1899E+04
  0.3414E+03
  0.5110E+05
  0.1026E+04
  0.9058E+03
  0.5400E+03
  0.1789E+04
  0.5751E+04
  0.6782E+04
  0.8594E+03
  0.7169E+03
  0.4045E+03
  0.8654E+03
  0.3796E+05
  0.2227E+04
  0.1293E+04
  0.1926E+04
  0.2274E+06
  0.2143E+04
  0.1550E+04
  0.6954E+04
  0.1719E+04
  0.2825E+06
  0.7436E+03
  0.2541E+05
  0.7537E+03
  0.2479E+05
  0.4259E+03
  0.3551E+04
  0.2386E+06
  0.9938E+03
  0.1096E+04
  0.2577E+04
  0.5147E+06
  0.1550E+04
  0.5136E+03
  0.4615E+04
  0.6740E+03
  0.4148E+05
  0.6462E+03
  0.1541E+04
  0.1644E+04
  0.1027E+05
  0.5645E+03
  0.6189E+04
  0.1350E+04
  0.5613E+05
  0.1077E+04
  0.4400E+04
  0.5087E+03
  0.1718E+04
  0.2285E+04
  0.5177E+04
  0.4602E+04
  0.1765E+04
  0.2005E+04
  0.2126E+04
  0.4352E+05
  0.6166E+03
  0.2663E+04
  0.3083E+03
  0.2341E+06
  0.8879E+03
  0.3757E+04
  0.9435E+04
  0.4688E+03
  0.2877E+06
  0.9441E+03
  0.1453E+04
  0.3057E+05
  0.2814E+04
  0.9623E+03
  0.3291E+04
  0.1983E+04
  0.2426E+06
  0.7386E+03
  0.7760E+03
  0.5194E+06
  0.9106E+03
  0.8296E+04
  0.4366E+05
  0.1843E+04
  0.1749E+04
  0.2818E+04
  0.6203E+03
  0.2038E+06
  0.1632E+04
  0.4111E+03
  0.2028E+04
  0.2073E+03
  0.6016E+05
  0.1803E+04
  0.3569E+04
  0.6197E+03
  0.6588E+04
  0.9448E+03
  0.3082E+04
  0.1662E+04
  0.3868E+03
  0.5164E+04
  0.9428E+03
  0.4673E+05
  0.5674E+03
  0.5568E+04
  0.2388E+06
  0.6351E+03
  0.1098E+05
  0.7368E+03
  0.7012E+03
  0.1510E+04
  0.3294E+05
  0.3263E+03
  0.6873E+03
  0.3327E+05
  0.1180E+04
  0.5160E+03
  0.2456E+06
  0.3751E+04
  0.6551E+03
  0.5234E+06
  0.4298E+03
  0.1016E+05
  0.1533E+04
  0.4867E+05
  0.1462E+04
  0.6932E+04
  0.7546E+03
  0.2195E+06
  0.1407E+04
  0.1878E+04
  0.1107E+05
  0.1160E+04
  0.6531E+05
  0.5212E+04
  0.6427E+03
  0.1022E+04
  0.1030E+05
  0.6192E+03
  0.1590E+04
  0.1301E+04
  0.1964E+04
  0.7654E+04
  0.1658E+04
  0.5151E+05
  0.5772E+03
  0.1592E+04
  0.6775E+04
  0.2388E+04
  0.3990E+03
  0.5679E+03
  0.6743E+04
  0.1506E+04
  0.1331E+05
  0.2918E+06
  0.1687E+04
  0.3664E+05
  0.2215E+04
  0.2716E+04
  0.3603E+05
  0.9953E+03
  0.2249E+04
  0.1925E+04
  0.2482E+06
  0.5489E+04
  0.1106E+04
  0.5281E+06
  0.1359E+04
  0.1300E+05
  0.5274E+05
  0.9375E+03
  0.1030E+05
  0.9229E+03
  0.2224E+06
  0.1848E+04
  0.3771E+04
  0.1439E+05
  0.5067E+03
  0.6768E+05
  0.7144E+04
  0.1478E+04
  0.1379E+05
  0.7291E+03
  0.1825E+04
  0.1722E+03
  0.1531E+04
  0.2490E+04
  0.9756E+03
  0.8268E+04
  0.1751E+04
  0.2287E+04
  0.1002E+04
  0.5209E+05
  0.1237E+04
  0.1034E+04
  0.2213E+04
  0.2325E+04
  0.7366E+04
  0.9639E+03
  0.2926E+04
  0.2404E+06
  0.1229E+04
  0.1342E+04
  0.7335E+04
  0.1066E+04
  0.2055E+04
  0.1424E+05
  0.8077E+03
  0.2922E+06
  0.7435E+03
  0.2176E+04
  0.8087E+03
  0.3711E+05
  0.6820E+03
  0.2634E+04
  0.7202E+03
  0.3135E+04
  0.6394E+03
  0.3643E+05
  0.1736E+04
  0.3129E+04
  0.2748E+04
  0.9076E+03
  0.2475E+04
  0.1323E+04
  0.2487E+06
  0.6283E+04
  0.9438E+03
  0.1556E+04
  0.7414E+03
  0.5286E+06
  0.7857E+03
  0.1781E+04
  0.8124E+03
  0.1360E+05
  0.9225E+03
  0.5330E+05
  0.8299E+03
  0.1360E+04
  0.7892E+03
  0.1080E+05
  0.7816E+03
  0.1315E+04
  0.2476E+04
  0.2229E+06
  0.7997E+03
  0.2443E+04
  0.2952E+04
  0.4171E+04
  0.7491E+03
  0.1495E+05
  0.1154E+04
  0.7440E+03
  0.6812E+05
  0.7081E+03
  0.7650E+04
  0.2390E+04
  0.1985E+04
  0.8028E+03
  0.1428E+05
  0.1116E+04
  0.1364E+04
  0.1063E+04
  0.1722E+03
  0.1828E+04
  0.6330E+03
  0.1698E+04
  0.3217E+05
  0.2104E+04
  0.8498E+04
  0.1283E+04
  0.2253E+06
  0.1274E+04
  0.2195E+04
  0.3549E+04
  0.3328E+05
  0.9158E+04
  0.1769E+04
  0.7376E+03
  0.4992E+04
  0.1518E+06
  0.1123E+04
  0.1232E+05
  0.1175E+04
  0.1455E+05
  0.1077E+04
  0.3226E+04
  0.2100E+06
  0.5945E+03
  0.1575E+04
  0.9795E+04
  0.8797E+03
  0.2943E+04
  0.1912E+04
  0.1409E+04
  0.1991E+06
  0.4897E+04
  0.2424E+04
  0.1920E+04
  0.5418E+03
  0.9629E+05
  0.8564E+05
  0.5920E+03
  0.6664E+05
  0.6498E+04
  0.6308E+03
  0.1739E+04
  0.4887E+05
  0.3351E+04
  0.1362E+04
  0.6769E+04
  0.4089E+03
  0.1940E+04
  0.8643E+03
  0.9277E+03
  0.1360E+04
  0.4450E+04
  0.1459E+05
SCALARS catchment float 1
LOOKUP_TABLE default
    1
    2
    3
    4
    5
    6
    7
    8
    9
   10
   11
   12
   13
   14
   15
   16
   17
   18
   19
   20
   21
   22
   23
   24
   25
   26
   27
   28
   29
   30
   31
   32
   33
   34
   35
   36
   37
   38
   39
   40
   41
   42
   43
   44
   45
   46
   47
   48
   49
   50
   51
   52
   53
   54
   55
   56
   57
   58
   59
   60
   61
   62
   63
   64
   65
   66
   67
   68
   69
   70
   71
   72
   73
   74
   75
   76
   77
   78
   79
   80
   81
    5
    5
    7
    8
   10
   12
   13
   15
   17
   19
   20
   20
   24
   26
   26
   30
   32
   35
   35
   37
   41
   41
   43
   45
   47
   49
   51
   52
   54
   56
   58
   60
   60
   63
   65
   65
   69
   72
   72
   74
   76
   78
  124
  125
  125
    5
    7
   10
   10
   12
   15
   17
   20
   20
   24
   26
   26
   30
   35
   35
   35
   37
   41
   41
   43
   45
   47
   49
   49
   52
   56
   56
   58
   60
   63
   65
   65
   69
   69
   72
   74
   76
   76
  166
  166
  167
  167
    7
    7
   10
   10
   15
   15
   20
   20
   20
   26
   26
   26
   26
   30
   35
   35
   35
   35
   35
   41
   41
   41
   47
   49
   52
   52
   52
   56
   60
   65
   65
   65
   69
   72
   72
   72
   76
  166
  208
  208
  209
  209
  251
    7
    7
   15
   15
   15
   20
   20
   20
   20
   26
   26
   30
   35
   35
   35
   41
   41
   41
   41
   47
   47
   47
   52
   52
   52
   56
   56
   60
   60
   60
   65
   65
   69
   72
   72
  294
  294
  294
  250
  251
  251
  251
    7
    7
   10
   15
   15
   15
   20
   20
   26
   26
   26
   26
   26
   26
   35
   35
   35
   35
   35
   41
   41
   47
   47
   47
   52
   52
   56
   56
   60
   60
   60
   65
   65
   65
   72
   72
   72
  294
  294
  294
  294
  295
  251
  251
  452
  452
   15
   15
   15
   15
   20
   26
   26
   26
   26
   26
   35
   35
   35
   35
   41
   41
   41
   47
   47
   52
   52
   52
   60
   60
   60
   60
   65
   65
   65
   72
   72
   72
   72
  294
  335
  335
  336
  336
  452
  452
  452
   15
   15
   15
   15
   15
   20
   26
   26
   26
   26
   26
   35
   35
   41
   41
   41
   41
   47
   47
   52
   52
   52
   60
   60
   60
   65
   65
   72
   72
  372
  372
  372
  373
  452
  452
  452
  452
   15
   15
   15
   15
   20
   26
   26
   26
   26
   35
   35
   35
   35
   41
   41
   47
   47
   47
   52
   52
   52
   52
   60
   60
   60
   60
   60
   65
   65
   72
   72
  491
  491
  372
  372
  413
  414
  452
  452
  452
  452
   15
   15
   15
   20
   26
   26
   26
   26
   35
   35
   35
   41
   41
   41
   41
   47
   47
   52
   52
   52
   52
   52
   60
   60
   60
   65
   65
  491
  491
  491
  491
  491
  451
  452
  452
  452
  452
  452
  452
  452
   15
   15
   15
   15
   26
   26
   26
   26
   35
   35
   35
   35
   41
   41
   41
   47
   47
   52
   52
   52
   52
   60
   60
   60
   65
   65
  491
  491
  491
  491
  491
  491
  491
  492
  452
  452
  452
  452
  452
  452
  452
   15
   15
   15
   26
   26
   26
   26
   26
   35
   35
   35
   35
   35
   35
   41
   41
   41
   41
   47
   47
   52
   52
   52
   52
   60
   60
   60
   60
   65
   65
  491
  491
  491
  491
  491
  491
  491
  537
  538
  538
  622
  622
  452
   15
   15
   15
   26
   26
   26
   26
   26
   35
   35
   35
   35
   35
   41
   41
   41
   47
   52
   52
   52
   52
   60
   60
   60
   60
   65
   65
   65
  491
  621
  621
  621
  621
  576
  577
  622
  622
  622
  622
  622
  622
  622
   15
   15
   15
   26
   26
   26
   26
   26
   35
   35
   35
   35
   35
   41
   41
   41
   47
   47
   47
   52
   52
   52
   52
   52
   60
   60
   60
   60
   60
   65
  621
  621
  621
  621
  621
  621
  621
  622
  622
  622
  622
  622
  622
  622
   15
   15
   26
   26
   26
   26
   26
   35
   35
   35
   35
   35
   41
   41
   41
   47
   47
   52
   52
   52
   52
   60
   60
   60
   60
   60
   65
  621
  621
  621
  621
  621
  621
  663
  663
  664
  622
  622
  622
  622
  622
  622
  622
  622
   26
   26
   26
   26
   26
   26
   26
   35
   35
   35
   35
   41
   41
   47
   47
   52
   52
   60
   60
   60
   60
 1003
  621
  789
  789
  789
  700
  700
  701
  701
  701
  834
  834
  834
  834
  834
   26
   26
   26
   26
   26
   26
   26
   35
   35
   35
   35
   35
   35
   35
   41
   41
   41
   41
   47
   47
   52
   52
   52
   52
   52
   60
   60
   60
 1003
 1003
  789
  789
  789
  789
  789
  744
  745
  745
  834
  834
  834
  834
  834
  834
  834
  834
   26
   26
   26
   26
   26
   35
   35
   35
   35
   35
   35
   41
   41
   41
   41
   47
   52
   52
   52
   52
   52
   52
   60
   60
 1003
 1003
 1003
 1003
 1003
  789
  789
  789
  789
  789
  789
  790
  834
  834
  834
  834
  834
  834
  834
  834
   26
   26
   26
   26
   35
   35
   35
   35
   35
   35
   35
   41
   41
   41
   41
   41
   47
   52
   52
   52
   52
   52
   52
   60
 1003
 1003
 1003
 1003
 1003
 1003
  789
  789
  789
  833
  833
  834
  834
  834
  834
  834
  834
  834
  834
  834
  834
   26
   26
   26
   26
   35
   35
   35
   35
   35
   41
   41
   41
   41
   52
   52
   52
   52
   52
   52
   52
   60
   60
   60
 1003
 1003
 1003
 1003
 1003
 1003
 1003
 1003
  833
  877
  877
  878
  834
  834
  834
  834
  834
  834
  834
  834
  834
   26
   26
   26
   26
   35
   35
   35
   35
   35
   35
   41
   41
   41
   41
   52
   52
   52
   52
   52
 1003
 1003
 1003
 1003
 1003
 1003
 1003
 1003
 1003
  962
  918
  918
  919
  919
  919
  919
  834
  834
  834
  834
  834
  834
  834
   26
   26
   26
   35
   35
   35
   35
   35
   35
   41
   41
   41
   41
   41
   52
   52
   52
   52
   52
 1003
 1003
 1003
 1003
 1003
 1003
 1003
 1003
 1003
 1003
 1003
 1003
  962
  962
  963
  963
  963
  963
 1091
 1091
  834
  834
  834
  834
   26
   26
   26
   35
   35
   35
   35
   35
   35
   35
   41
   41
 2168
 2168
 2168
   52
 2168
 2168
 1003
 1003
 1003
 1003
 1003
 1003
 1003
 1003
 1003
 1003
 1003
 1003
 1003
 1004
 1004
 1004
 1091
 1091
 1091
 1091
 1091
  834
 1353
 1353
 1353
   26
   35
   35
   35
   35
   35
   35
   35
   41
   41
 2168
 2168
 2168
 2168
 2168
 2168
 2168
 1003
 1003
 1003
 1003
 1003
 1003
 1003
 1003
 1003
 1003
 1003
 1003
 1003
 1046
 1047
 1091
 1091
 1091
 1091
 1091
 1091
 1091
 1353
 1353
 1353
 1353
   26
   26
   35
   35
   35
   35
 2163
 2163
 2163
 2163
 2168
 2168
 2168
 2168
 2168
 2168
 2168
 2168
 2168
 2168
 1003
 1003
 1003
 1003
 1003
 1003
 1003
 1003
 1137
 1137
 1137
 1090
 1091
 1091
 1091
 1091
 1091
 1091
 1091
 1091
 1353
 1353
 1353
 1353
 1353
 1353
 2146
 2146
 2146
 2146
 2163
 2163
 2163
 2163
 2168
 2168
 2168
 2168
 2168
 2168
 2168
 2168
 2168
 2168
 2168
 2168
 1003
 1003
 1003
 1003
 1003
 1003
 1003
 1137
 1137
 1137
 1137
 1137
 1137
 1138
 1091
 1091
 1091
 1091
 1091
 1091
 1091
 1353
 1353
 1353
 1353
 1353
 2146
 2146
 2146
 2146
 2146
 2146
 2163
 2163
 2163
 2163
 2163
 2168
 2168
 2168
 2168
 2168
 2168
 2168
 2168
 2182
 1003
 1003
 1003
 1003
 1003
 1137
 1137
 1137
 1137
 1180
 1181
 1181
 1181
 1091
 1091
 1091
 1091
 1353
 1353
 1353
 1353
 2146
 2146
 2146
 2146
 2146
 2146
 2163
 2163
 2163
 2163
 2168
 2168
 2168
 2168
 2168
 2168
 2168
 2168
 2168
 2182
 2182
 1003
 1003
 1003
 1137
 1137
 1137
 1223
 1223
 1223
 1223
 1223
 1224
 1224
 1181
 1353
 1353
 1353
 1353
 1353
 1353
 1353
 1353
 2146
 2146
 2146
 2146
 2146
 2146
 2146
 2163
 2163
 2163
 2163
 2163
 2168
 2168
 2168
 2168
 2168
 2168
 2168
 2168
 2168
 2182
 2182
 2182
 1396
 1396
 1396
 1396
 1396
 1223
 1223
 1223
 1223
 1223
 1269
 1270
 1353
 1353
 1353
 1353
 1353
 1353
 1353
 1353
 1353
 1353
 2146
 2146
 2146
 2146
 2146
 2146
 2163
 2163
 2163
 2163
 2163
 2163
 2168
 2168
 2168
 2168
 2168
 2168
 2168
 2168
 2182
 2182
 1396
 1396
 1396
 1396
 1396
 1396
 1310
 1310
 1311
 1311
 1353
 1353
 1353
 1353
 1353
 1353
 1353
 1353
 2146
 2146
 2146
 2146
 2146
 2146
 2163
 2163
 2163
 2163
 2168
 2168
 2168
 2168
 2168
 2168
 2168
 2168
 2182
 2182
 2182
 2182
 1396
 1396
 1396
 1396
 1396
 1396
 1396
 1396
 1396
 1352
 1353
 1353
 1353
 1353
 1353
 1353
 1353
 1353
 1353
 1353
 2146
 2146
 2146
 2146
 2146
 2146
 2146
 2146
 2163
 2163
 2163
 2163
 2163
 2168
 2168
 2168
 2168
 2168
 2168
 2182
 2182
 2182
 2182
 2182
 1396
 1396
 1396
 1396
 1396
 1396
 1396
 1396
 1396
 1396
 1397
 1353
 1353
 1353
 1353
 1353
 1353
 1353
 1353
 1353
 2146
 2146
 2146
 2146
 2146
 2146
 2146
 2163
 2163
 2163
 2163
 2163
 2163
 2163
 2168
 2168
 2168
 2168
 2168
 2168
 2182
 2182
 2182
 2182
 2182
 1396
 1396
 1396
 1396
 1396
 1396
 1438
 1439
 1482
 1482
 1482
 1353
 1353
 1353
 2138
 2138
 2146
 2146
 2146
 2146
 2146
 2146
 2146
 2146
 2163
 2163
 2163
 2163
 2163
 2163
 2168
 2168
 2168
 2168
 2168
 2168
 2168
 2168
 2182
 2182
 2182
 2182
 2182
 1396
 1396
 1396
 1605
 1396
 1481
 1481
 1482
 1482
 1482
 1482
 1482
 1353
 1353
 1353
 2138
 2138
 2138
 2146
 2146
 2146
 2146
 2146
 2163
 2163
 2163
 2163
 2163
 2168
 2168
 2168
 2168
 2168
 2168
 2182
 2182
 2182
 2182
 2182
 2182
 2182
 1605
 1605
 1605
 1605
 1605
 1523
 1523
 1523
 1524
 1565
 1565
 1482
 1565
 1565
 1565
 2138
 2138
 2138
 2138
 2146
 2146
 2146
 2146
 2146
 2146
 2163
 2163
 2163
 2163
 2163
 2163
 2168
 2168
 2168
 2168
 2168
 2182
 2182
 2182
 2182
 2182
 1605
 1605
 1605
 1605
 1605
 1605
 1564
 1564
 1565
 1565
 1565
 1565
 1565
 1565
 1565
 1565
 2138
 2138
 2138
 2138
 2138
 2146
 2146
 2146
 2146
 2146
 2146
 2163
 2163
 2163
 2163
 2168
 2168
 2168
 2168
 2168
 2168
 2174
 2182
 2182
 2182
 2182
 1605
 1605
 1605
 1605
 1605
 1605
 1605
 1606
 1565
 1565
 1565
 1565
 1565
 2138
 2138
 2138
 2138
 2138
 2146
 2146
 2146
 2146
 2146
 2146
 2163
 2163
 2163
 2163
 2163
 2168
 2168
 2168
 2168
 2168
 2174
 2182
 2182
 2182
 2182
 2182
 2182
 2182
 2182
 2191
 1605
 1605
 1605
 1605
 1605
 1648
 1649
 1649
 1565
 1565
 1565
 1565
 1565
 2138
 2138
 2138
 2138
 2138
 2138
 2146
 2146
 2146
 2146
 2146
 2163
 2163
 2163
 2163
 2163
 2168
 2168
 2168
 2168
 2168
 2168
 2174
 2182
 2182
 2182
 2182
 2182
 2182
 2191
 2191
 2191
 2191
 1605
 1739
 1739
 1605
 1694
 1694
 1695
 1695
 1695
 1565
 1565
 1565
 2130
 2138
 2138
 2138
 2138
 2138
 2146
 2146
 2146
 2146
 2146
 2150
 2156
 2163
 2163
 2163
 2163
 2163
 2168
 2168
 2168
 2168
 2168
 2174
 2174
 2182
 2182
 2182
 2182
 2182
 2182
 2191
 2191
 2191
 2191
 1820
 1739
 1739
 1739
 1740
 1779
 1695
 1695
 2130
 2130
 2138
 2138
 2138
 2138
 2138
 2146
 2146
 2146
 2150
 2150
 2156
 2163
 2163
 2163
 2163
 2168
 2168
 2168
 2168
 2174
 2174
 2182
 2182
 2182
 2182
 2182
 2191
 2191
 2191
 2191
 1820
 1820
 1778
 1779
 1779
 1779
 2130
 2130
 2130
 2130
 2138
 2138
 2138
 2138
 2146
 2146
 2146
 2146
 2150
 2150
 2156
 2156
 2163
 2163
 2168
 2168
 2168
 2168
 2168
 2174
 2174
 2174
 2182
 2182
 2182
 2182
 2191
 2191
 2191
 2191
 1820
 1820
 1820
 1820
 1820
 1821
 1779
 1779
 2130
 2130
 2138
 2138
 2138
 2138
 2146
 2146
 2146
 2146
 2150
 2150
 2150
 2156
 2156
 2163
 2163
 2168
 2168
 2168
 2168
 2168
 2174
 2174
 2182
 2182
 2182
 2182
 2191
 2191
 2191
 2191
 2191
 1820
 1820
 1860
 1860
 1861
 1861
 1779
 1779
 2130
 2130
 2130
 2138
 2138
 2138
 2144
 2146
 2146
 2146
 2150
 2150
 2156
 2156
 2163
 2163
 2168
 2168
 2168
 2168
 2172
 2174
 2174
 2174
 2182
 2182
 2182
 2182
 2182
 2188
 2191
 2191
 2191
 2191
 1820
 1820
 1947
 1903
 1903
 1904
 1904
 1904
 1904
 2130
 2130
 2130
 2130
 2138
 2138
 2138
 2144
 2146
 2146
 2146
 2150
 2150
 2150
 2156
 2156
 2163
 2163
 2163
 2163
 2168
 2168
 2172
 2174
 2174
 2174
 2182
 2182
 2182
 2182
 2188
 2188
 2188
 2191
 2191
 2197
 2197
 1947
 1947
 1947
 1948
 1991
 2126
 2130
 2130
 2130
 2135
 2138
 2138
 2138
 2141
 2144
 2146
 2146
 2146
 2150
 2156
 2156
 2156
 2163
 2163
 2163
 2164
 2168
 2168
 2168
 2168
 2172
 2174
 2174
 2174
 2178
 2182
 2182
 2182
 2188
 2191
 2191
 2191
 2197
 1947
 1990
 1990
 1991
 1991
 1991
 2126
 2130
 2130
 2130
 2135
 2135
 2138
 2138
 2141
 2144
 2144
 2146
 2146
 2150
 2150
 2150
 2150
 2156
 2156
 2163
 2163
 2168
 2168
 2168
 2172
 2174
 2174
 2178
 2178
 2182
 2182
 2182
 2186
 2188
 2191
 2191
 2191
 2193
 2197
 2197
 2035
 2035
 2036
 2036
 2126
 2126
 2130
 2133
 2135
 2138
 2138
 2144
 2146
 2146
 2150
 2150
 2152
 2154
 2156
 2158
 2159
 2163
 2164
 2168
 2168
 2168
 2172
 2174
 2174
 2174
 2178
 2181
 2182
 2185
 2186
 2188
 2191
 2191
 2193
 2194
 2197
 2197
 2077
 2077
 2078
 2124
 2126
 2128
 2130
 2132
 2134
 2135
 2137
 2139
 2140
 2141
 2143
 2144
 2146
 2148
 2150
 2152
 2154
 2156
 2157
 2159
 2161
 2163
 2164
 2166
 2168
 2170
 2172
 2174
 2176
 2178
 2180
 2182
 2184
 2186
 2188
 2191
 2191
 2193
 2195
 2197
 2199
 2121
 2122
 2123
 2124
 2125
 2126
 2127
 2128
 2129
 2130
 2131
 2132
 2133
 2134
 2135
 2136
 2137
 2138
 2139
 2140
 2141
 2142
 2143
 2144
 2145
 2146
 2147
 2148
 2149
 2150
 2151
 2152
 2153
 2154
 2155
 2156
 2157
 2158
 2159
 2160
 2161
 2162
 2163
 2164
 2165
 2166
 2167
 2168
 2169
 2170
 2171
 2172
 2173
 2174
 2175
 2176
 2177
 2178
 2179
 2180
 2181
 2182
 2183
 2184
 2185
 2186
 2187
 2188
 2189
 2190
 2191
 2192
 2193
 2194
 2195
 2196
 2197
 2198
 2199
 2200
 2201
   72
    7
  491
  491
   26
 2182
 1003
 1003
 1003
   15
 2163
 2191
 2138
 2172
   26
   26
 1003
 1003
 1396
 1396
 1396
 1396
   35
   35
   35
 2182
 2182
 1353
   52
 1003
 2163
 2168
   65
 2146
 2168
 2168
 2163
 2163
   60
   60
   60
   60
 1353
 2168
 2168
   15
   35
 2168
 2168
   41
   41
 1003
 2146
 2182
