# vtk DataFile Version 3.0
Landscape
ASCII
DATASET UNSTRUCTURED_GRID
POINTS       2396 float
           0.000           0.000           0.000
        1012.658           0.000           0.000
        2025.317           0.000           0.000
        3037.975           0.000           0.000
        4050.633           0.000           0.000
        5063.291           0.000           0.000
        6075.949           0.000           0.000
        7088.608           0.000           0.000
        8101.266           0.000           0.000
        9113.924           0.000           0.000
       10126.582           0.000           0.000
       11139.240           0.000           0.000
       12151.898           0.000           0.000
       13164.557           0.000           0.000
       14177.215           0.000           0.000
       15189.873           0.000           0.000
       16202.532           0.000           0.000
       17215.190           0.000           0.000
       18227.848           0.000           0.000
       19240.507           0.000           0.000
       20253.165           0.000           0.000
       21265.824           0.000           0.000
       22278.481           0.000           0.000
       23291.140           0.000           0.000
       24303.796           0.000           0.000
       25316.455           0.000           0.000
       26329.114           0.000           0.000
       27341.771           0.000           0.000
       28354.430           0.000           0.000
       29367.089           0.000           0.000
       30379.746           0.000           0.000
       31392.405           0.000           0.000
       32405.064           0.000           0.000
       33417.721           0.000           0.000
       34430.380           0.000           0.000
       35443.039           0.000           0.000
       36455.696           0.000           0.000
       37468.355           0.000           0.000
       38481.014           0.000           0.000
       39493.670           0.000           0.000
       40506.330           0.000           0.000
       41518.989           0.000           0.000
       42531.648           0.000           0.000
       43544.302           0.000           0.000
       44556.961           0.000           0.000
       45569.620           0.000           0.000
       46582.279           0.000           0.000
       47594.938           0.000           0.000
       48607.593           0.000           0.000
       49620.252           0.000           0.000
       50632.911           0.000           0.000
       51645.570           0.000           0.000
       52658.229           0.000           0.000
       53670.888           0.000           0.000
       54683.542           0.000           0.000
       55696.201           0.000           0.000
       56708.860           0.000           0.000
       57721.519           0.000           0.000
       58734.179           0.000           0.000
       59746.838           0.000           0.000
       60759.492           0.000           0.000
       61772.151           0.000           0.000
       62784.810           0.000           0.000
       63797.469           0.000           0.000
       64810.128           0.000           0.000
       65822.783           0.000           0.000
       66835.442           0.000           0.000
       67848.101           0.000           0.000
       68860.760           0.000           0.000
       69873.419           0.000           0.000
       70886.078           0.000           0.000
       71898.732           0.000           0.000
       72911.391           0.000           0.000
       73924.050           0.000           0.000
       74936.709           0.000           0.000
       75949.368           0.000           0.000
       76962.028           0.000           0.000
       77974.682           0.000           0.000
       78987.341           0.000           0.000
       80000.000           0.000           0.000
           0.000        1020.408           0.000
        2224.145        1016.118         776.324
        4232.423         935.955         180.157
        6288.257        1053.702          91.405
        7313.255         883.251         360.794
        9180.287        1134.267         127.850
       11235.966         817.097         247.497
       12193.392        1138.530         198.026
       14142.717        1059.236          48.573
       16233.610        1118.155         246.265
       18003.715        1230.610         491.170
       19491.474         925.458          60.537
       21426.608        1150.093         690.872
       23440.394        1087.972         182.119
       25174.152        1253.204          50.611
       27466.724        1223.347         692.269
       29569.971        1208.363         133.421
       31330.953         966.608         291.479
       33570.516        1232.753         457.442
       34588.854         924.812          32.504
       36324.214         879.662         182.367
       38340.856        1159.235         739.644
       40356.386         897.032          43.770
       42643.143        1153.028         177.502
       44305.050        1205.240         225.941
       46543.352         946.025          46.241
       48422.055        1109.932         184.818
       50723.863         847.292         315.964
       51647.315        1264.880          52.098
       53881.863         775.868         206.085
       55640.394        1231.860         110.786
       57910.582         855.082         179.350
       59894.735         901.873          45.876
       60513.594        1189.284          81.050
       62956.074         987.717         175.263
       64928.145        1061.806          58.518
       67033.819        1133.822         684.588
       68970.212        1050.225         113.137
       70855.468        1122.244         429.212
       71747.765        1228.772          77.516
       73676.292        1079.739         245.125
       75880.310         947.451         145.715
       77756.879         899.409         297.527
       80000.000        1020.408           0.000
           0.000        2040.816           0.000
        1917.668        1802.744         490.795
        4291.965        1982.007         471.986
        5872.699        2174.525         199.587
        8318.473        1929.767         274.777
       10215.035        1945.473         677.435
       10888.159        1788.839         657.439
       15003.233        1901.161         456.304
       17028.116        2045.164         650.898
       19167.126        2100.066         141.713
       21405.340        1971.640         708.664
       22199.855        2136.031         555.648
       24277.376        2190.089         465.319
       25419.339        2223.815          93.346
       30241.531        1952.352         372.798
       32427.562        2251.946         597.780
       34208.796        2223.323          82.709
       35321.959        2074.113         379.133
       37301.706        2064.338         662.090
       38706.978        1925.572         628.480
       40409.163        1821.750          90.887
       42325.846        1919.554         320.512
       44435.695        2217.015         445.605
       46682.769        2240.305         113.746
       48807.967        1854.554         347.562
       49381.792        1923.616         525.135
       51778.406        2286.569          96.638
       55715.127        1917.465         175.356
       56716.497        2187.667         531.810
       58528.534        2196.129         578.434
       60576.637        1800.759         113.494
       62946.370        2222.136         443.469
       64904.746        2014.238         114.410
       66730.104        1902.970         654.143
       68796.315        1953.073         219.594
       70070.607        2203.635         638.504
       71698.343        2295.540         148.015
       74169.735        2256.305         716.479
       76075.587        1795.557         307.980
       76712.605        2185.006         594.077
       78892.064        2121.559         222.144
       80000.000        2040.816           0.000
           0.000        3061.225           0.000
        1822.271        3110.882         578.703
        4165.093        3114.540         761.713
        5829.409        3281.385         318.460
        8219.180        3294.222         501.324
        9926.189        2948.136         823.525
       11955.421        2928.307         613.075
       14025.180        2813.578         137.637
       17176.095        2993.162         739.566
       19418.747        3260.653         384.813
       20136.335        3001.726         586.896
       22101.316        3150.981         907.077
       24556.782        3239.448         427.477
       25196.359        3231.861         140.521
       27110.228        3018.296         547.447
       29297.107        3094.587         419.855
       31327.392        3241.794         921.869
       32323.644        3014.577         662.749
       33499.475        3126.368         127.962
       34192.609        3246.401         240.417
       35472.226        3062.158         579.000
       36648.864        2967.429         907.892
       38573.847        3009.969         713.282
       40629.791        3196.472         168.997
       41650.163        3300.263         587.695
       43545.620        3002.822         708.061
       47534.693        3313.249         624.205
       48735.708        3177.887         831.781
       50796.950        2824.823         160.274
       52743.212        2948.307         593.473
       53660.725        2812.953         762.853
       55863.426        3096.068         304.309
       57499.426        2857.677         823.778
       59664.803        3068.066         646.294
       63997.539        3187.719         472.447
       64714.756        2809.028         165.958
       66585.159        3113.088         707.423
       68041.885        3018.017         389.074
       70022.727        3277.854         711.548
       71757.213        3198.156         213.531
       74035.729        3151.836         959.909
       74974.260        3242.802         874.005
       77201.253        3030.891         791.506
       78758.819        3225.286         428.570
       80000.000        3061.225           0.000
           0.000        4081.633           0.000
        2008.551        4030.958         462.317
        3095.634        3899.667         750.941
        5138.562        4080.485         645.649
        7314.359        4196.402         838.611
        9992.959        3897.002         963.198
       12330.221        4040.008         379.266
       14128.602        3920.681         218.122
       16444.065        3831.597         882.358
       18132.790        3887.705         320.560
       19264.144        3838.509         690.387
       20161.269        4224.278         733.255
       24555.078        3869.087         186.385
       26342.741        4301.579         365.045
       29278.821        3965.246         603.553
       31455.715        4302.426         721.040
       33391.416        4264.809         178.290
       35652.856        3854.398         780.361
       37657.318        4156.299        1094.766
       38630.376        4103.745         748.254
       40415.373        4220.518         232.731
       42498.625        4274.864         841.186
       43469.500        3994.254        1070.762
       44656.533        3831.155         860.695
       46375.110        3835.508         210.681
       47557.884        4188.140         760.752
       49528.969        3861.743         664.481
       50628.910        4180.378         252.130
       52541.500        3920.921         249.977
       54740.698        3955.141         748.683
       56667.777        3870.407         479.915
       58700.478        3950.449         970.697
       59670.711        4276.652         461.739
       60631.789        3875.813         238.577
       64693.365        3941.975         245.499
       66845.098        4126.724         809.770
       68672.561        4325.526         668.869
       70826.216        4095.636         528.375
       73161.575        4115.308         567.027
       75107.846        4190.235        1037.136
       76920.370        4313.652         799.513
       77823.499        4014.394         719.524
       80000.000        4081.633           0.000
           0.000        5102.041           0.000
        1887.007        5280.396         300.345
        4185.495        4975.141        1035.162
        5266.042        4860.451         997.008
        6954.337        4859.279         653.198
        9214.455        5335.048        1055.710
       11201.645        5133.099         893.325
       13249.418        4942.949         674.674
       14373.798        5110.602         324.648
       16436.255        5265.576         925.540
       17072.044        5040.669         851.858
       19462.174        5016.476         816.387
       21340.739        4955.370        1134.660
       22484.921        5200.340         783.152
       23256.110        5295.860         331.660
       25161.094        5092.739         341.094
       26272.119        5094.998         513.055
       28511.107        4916.444         963.708
       29560.275        4929.436        1055.920
       31334.485        5343.751         727.758
       33317.387        5042.910         215.351
       35402.378        5119.332         649.355
       36397.163        5091.104         981.705
       38251.240        4915.867         845.622
       40742.663        5347.445         317.288
       42413.349        5101.713         981.697
       44516.415        4863.648        1123.325
       45523.373        5048.116         622.449
       46550.522        5253.547         319.138
       48588.477        4900.189         996.775
       49413.580        5215.018         698.146
       51825.252        5227.907         715.277
       52792.420        4957.190         355.014
       55777.940        5253.784         980.644
       56588.517        4925.315        1008.886
       58705.075        4909.914         793.225
       60674.381        5023.085         393.475
       61904.599        5208.919         426.598
       63647.569        4902.748         705.278
       64746.634        5349.306         453.412
       65669.287        5291.232         476.396
       67729.478        4911.601        1015.998
       69960.383        4903.941         948.326
       72022.484        5238.189         440.781
       72736.473        5033.511         771.045
       75028.649        4953.861        1028.727
       76779.571        4946.916         525.535
       78815.276        5017.556         152.790
       80000.000        5102.041           0.000
           0.000        6122.449           0.000
        2009.115        6054.972         587.449
        3885.839        5927.377         878.245
        6000.133        6032.894        1085.806
        6959.188        6151.273        1067.011
        8865.878        6128.534        1287.115
       10335.236        6121.636        1252.633
       11989.969        6046.292         755.879
       14405.323        6043.581         436.201
       16168.487        5988.928         892.651
       17342.754        6134.128        1136.712
       19082.550        5881.273         660.619
       21198.862        6300.945        1118.910
       22268.433        6254.275         755.964
       24245.999        6269.461         777.612
       26156.857        6195.911         558.509
       28253.564        6132.995        1031.069
       30458.305        5919.912         921.791
       32156.450        6089.363         334.104
       34488.639        6354.558         429.809
       36539.556        6226.583        1007.763
       38426.299        5887.178         851.831
       40547.068        5991.026         379.204
       42487.697        5959.016         836.902
       44347.358        6013.818        1000.880
       46500.898        6276.828         421.839
       50465.637        6248.092         476.766
       52587.595        6313.108         606.260
       54729.523        5910.652         831.873
       56730.962        6308.758        1353.820
       57510.228        6197.995        1291.112
       58914.597        6083.181         971.705
       60523.369        6202.765         666.430
       62853.044        6028.344         845.453
       63652.133        6261.074         892.166
       65635.398        5900.386         594.704
       67851.213        6209.166        1082.139
       68754.536        6018.568        1285.323
       69672.206        6266.562        1126.243
       71661.079        5871.435         537.015
       72867.399        6211.260         896.601
       74035.961        5926.260        1107.881
       76150.566        6111.642         894.397
       77792.457        6175.910         428.058
       80000.000        6122.449           0.000
           0.000        7142.857           0.000
        2248.851        7146.831         427.971
        4033.229        7006.157         863.283
        6049.966        7324.529         706.853
        7957.838        7289.224        1216.512
        8873.490        7284.235        1541.418
       11016.302        7023.923        1197.245
       12064.246        6924.816        1003.988
       14038.321        7195.565         713.831
       15303.131        7114.560         918.025
       16255.641        7053.530        1229.645
       18251.953        6988.317        1092.480
       20125.486        7288.696        1312.590
       21402.359        7223.251        1164.716
       23493.060        7187.829         564.707
       24333.660        7339.792        1045.086
       26332.625        7277.142         783.299
       28596.057        7032.829        1362.822
       31513.779        7259.647         708.409
       33485.236        6963.096         796.874
       37505.533        7061.362        1307.117
       38401.335        7312.322        1073.881
       40491.235        7011.211         540.754
       41465.035        7045.120         803.805
       43341.044        6998.591        1167.894
       45576.861        7254.358         637.308
       47552.964        6959.878         832.249
       49521.680        7376.165         930.242
       51848.240        7307.355         961.051
       53783.933        6912.085        1162.629
       55681.393        7003.053        1254.847
       57897.210        7148.773        1420.725
       59653.191        7381.116        1156.067
       61699.080        7191.018         750.421
       62914.466        7089.933        1151.202
       64889.974        7286.282         888.078
       66884.857        7179.410        1103.616
       68649.562        7180.083        1453.102
       70789.720        7137.542         980.168
       72743.342        6978.745         994.758
       75186.212        7231.823        1053.113
       76938.416        7231.881         536.327
       79168.605        7338.082         100.473
       80000.000        7142.857           0.000
           0.000        8163.265           0.000
        2852.452        8322.319         660.468
        4818.667        8183.021         393.297
        7121.195        8110.498        1168.024
        8904.662        8356.893        1350.398
       10998.442        8347.597        1510.040
       13310.632        7924.460        1233.610
       14402.473        7980.727         982.410
       16196.327        8087.470        1355.794
       18351.433        7957.999        1448.242
       20175.427        8107.778        1550.090
       22324.788        8188.337        1029.508
       24238.955        8261.131        1115.521
       26202.333        7936.001        1285.090
       28544.232        8411.947        1549.591
       30223.948        8023.911        1160.145
       32443.489        7929.981         589.000
       34573.740        8172.553         815.328
       36343.466        7994.609        1036.579
       38453.143        7929.419        1292.386
       40463.670        8034.380         821.264
       42707.722        7970.522        1233.247
       43395.706        8014.967        1180.322
       45497.216        8122.792         844.414
       47454.158        7988.198        1129.261
       49854.351        8160.326        1163.459
       51601.959        8075.807         891.731
       53865.791        8207.646        1384.045
       55904.427        8104.989        1717.165
       56743.362        8042.147        1623.948
       57480.037        8018.267        1769.135
       58714.739        8010.479        1507.737
       59984.319        8191.721        1252.109
       61683.054        8384.340        1150.309
       63598.486        8049.290        1298.155
       66070.106        7931.745        1178.061
       66899.510        8397.786        1471.815
       69032.659        7933.656        1441.829
       70740.692        8344.096        1458.094
       72737.396        8175.946        1218.211
       73990.355        8223.567        1112.889
       75906.161        8256.402         766.541
       77812.035        7923.045         291.297
       80000.000        8163.265           0.000
           0.000        9183.674           0.000
        1996.713        9266.726         360.551
        3970.956        9167.995         215.258
        6228.913        8964.440         816.499
        7896.671        9278.522         870.735
       12360.235        9058.661        1487.071
       14122.687        9412.990        1427.464
       16236.203        9219.139        1565.658
       18014.000        9248.338        1738.442
       19072.452        9311.522        1830.904
       21287.490        9014.670        1387.524
       23434.615        9058.514        1023.575
       25273.673        9010.251        1434.416
       27273.223        9029.049        1480.199
       29555.092        9166.633        1635.354
       31180.591        9291.092        1159.339
       33586.195        9119.307        1006.687
       35533.578        9080.736        1168.004
       37359.165        8999.065        1422.748
       38439.968        9347.698        1626.723
       40490.114        8952.207        1209.555
       42528.559        9058.408        1398.090
       43363.176        9047.181        1493.065
       44319.809        9426.091        1533.837
       46817.265        9175.303        1455.500
       48796.228        9291.342        1475.659
       50514.658        9400.971        1427.023
       51654.745        9268.126        1261.006
       53601.370        9193.177        1620.041
       55655.584        9321.868        1893.168
       56694.399        9295.492        1922.526
       58704.764        8953.026        1746.256
       60932.893        9365.149        1598.495
       62843.246        9105.313        1528.643
       64651.624        9135.946        1442.098
       67050.681        9396.482        1670.134
       69032.947        9015.572        1754.111
       70903.410        9352.442        1422.830
       71686.479        8942.609        1173.153
       73949.471        9339.380         690.725
       75860.662        8991.841         701.447
       78133.808        9117.154         551.292
       80000.000        9183.674           0.000
           0.000       10204.082           0.000
         843.237        9953.586          40.768
        2104.135       10042.258         100.696
        4102.977       10299.614         626.784
        5945.953       10019.750         400.692
        8174.035       10200.406        1034.918
        8903.203        9977.234        1226.907
       10936.191       10087.882        1490.228
       11920.203       10180.459        1780.620
       14286.761       10283.012        1771.675
       15159.574       10294.479        1811.043
       17355.873        9955.672        1899.990
       18022.615       10047.953        2000.340
       20378.904       10249.364        1830.251
       21470.435       10266.327        1717.887
       23163.142       10046.280        1382.587
       25390.200       10220.067        1605.071
       26299.255       10124.988        1799.139
       27489.600       10242.810        1907.858
       29219.566        9952.783        1663.274
       31592.947        9980.157        1079.015
       34584.462       10318.619        1457.667
       35289.370       10213.978        1675.002
       37548.162       10080.755        1634.618
       39743.109       10258.089        1885.602
       40431.708       10216.137        1761.299
       42391.479       10133.392        1683.238
       44505.041       10177.491        1805.810
       45650.142       10156.074        1461.628
       47445.572       10035.867        1759.504
       48515.642       10055.003        1736.891
       50780.965       10110.339        1678.001
       52704.260       10287.420        1850.291
       54460.653       10431.261        1968.261
       55617.393       10158.899        2000.266
       56669.158       10086.521        1991.519
       57552.626       10132.550        1994.282
       59777.861       10218.637        1752.665
       61845.531       10195.611        1837.943
       62611.291       10044.666        1940.640
       64744.613       10062.930        1776.443
       66828.532       10379.901        1976.033
       67797.300       10188.707        1951.111
       69989.289       10127.243        1491.484
       71849.455       10420.839         902.167
       73720.043       10051.812         489.610
       75779.135       10211.885         241.936
       77949.261       10425.065         109.534
       79131.965       10374.634          45.784
       80000.000       10204.082           0.000
           0.000       11224.490           0.000
        1944.289       11010.166         283.466
        4107.074       11442.027         981.344
        5033.252       11124.747        1007.488
        6251.739       11029.474         770.161
        6838.929       10984.889         603.680
        9032.808       11279.393        1069.578
       11122.020       11189.888        1544.805
       13044.735       11291.505        1982.875
       15123.477       11129.276        1963.598
       17041.521       11455.523        2000.208
       19307.677       11281.632        2000.340
       20449.748       11223.039        2000.340
       22422.641       11472.844        1870.368
       24324.027       11153.984        1869.979
       26201.448       10973.402        1909.204
       28144.774       11187.670        1907.610
       29528.379       11287.180        1646.972
       31546.294       11136.319        1557.983
       33289.431       11075.593        1471.866
       35584.515       11337.987        1798.816
       36674.343       10969.602        1855.027
       37715.834       11129.740        1899.965
       39650.851       11374.475        1994.214
       40397.966       11057.846        1949.547
       41460.715       11175.583        1973.347
       42704.711       11177.326        1974.224
       44470.873       11239.088        1990.422
       45744.114       11059.794        1707.245
       47419.262       11306.361        2000.182
       49743.442       11215.692        1874.261
       51498.438       11145.283        1766.573
       53772.005       11424.294        2000.266
       54606.387       11117.652        2000.266
       56855.784       10974.726        1999.791
       57615.753       10978.415        1999.936
       59601.986       11284.685        2000.397
       61910.091       11327.733        2000.377
       63930.581       11264.758        2000.377
       66012.595       11217.679        2000.342
       67848.863       10987.348        1776.309
       70106.241       11327.214        1363.218
       71910.079       11017.438        1044.085
       73947.539       11375.478         821.586
       76058.090       11361.588         637.028
       77144.131       11158.943         477.124
       78861.195       11089.180         408.641
       80000.000       11224.490           0.000
           0.000       12244.898           0.000
        1964.277       12246.851         596.852
        3147.904       12251.256         845.999
        5211.323       12276.407        1041.692
        8188.478       12437.968        1220.897
        9362.834       12178.312        1419.588
       10949.120       12049.523        1802.325
       12340.344       12006.469        1871.488
       14077.938       12344.833        2000.254
       16418.418       12253.368        2000.208
       18147.692       12475.207        2000.286
       20455.423       12118.652        2000.340
       22108.740       12191.306        1976.784
       24257.445       12199.344        1982.712
       26329.948       12055.204        2000.319
       28413.447       12445.197        1971.726
       30464.654       12158.809        1757.547
       32164.300       12111.809        1792.930
       33330.910       12439.908        1882.197
       35456.678       12429.207        2000.239
       36418.635       12264.764        1992.681
       38732.250       12041.615        1994.127
       40288.461       12388.556        2000.324
       41518.265       12404.287        2000.379
       42337.744       12464.338        2000.379
       44688.042       12204.284        1921.327
       46420.660       12219.557        1963.571
       48507.580       12029.991        2000.181
       49602.341       12361.422        2000.181
       51627.302       12333.385        1939.755
       53852.913       12317.763        2000.172
       55774.451       12224.868        2000.486
       56724.694       12006.438        2000.486
       58945.067       12131.433        2000.644
       60838.151       12093.787        2000.200
       62680.798       12316.637        2000.377
       63584.145       12464.081        2000.377
       65709.410       12408.892        2000.342
       66976.470       12214.125        2000.366
       68743.977       12338.239        1837.829
       70644.004       12495.269        1519.623
       72822.194       12447.730        1184.529
       74783.482       12081.469         810.807
       78141.105       12100.219         593.072
       78938.750       12003.690         363.143
       80000.000       12244.898           0.000
           0.000       13265.306           0.000
        1933.734       13046.488         539.987
        4010.139       13070.797         571.519
        5150.568       13025.787         804.824
        7088.665       13108.462        1047.583
        9310.809       13425.402        1429.874
        9942.336       13282.151        1657.002
       11370.850       13026.215        1983.124
       13151.477       13352.642        2000.254
       14317.988       13462.021        2000.254
       15986.119       13366.624        2000.208
       18088.588       13402.760        2000.286
       20309.053       13242.605        2000.553
       21114.360       13167.750        2000.553
       23327.284       13446.273        2000.066
       25218.970       13360.838        2000.268
       27185.754       13167.373        2000.319
       29204.413       13484.199        2000.259
       31625.294       13274.804        2000.374
       32326.702       13520.114        2000.374
       34626.093       13259.042        2000.240
       35337.828       13220.792        2000.239
       37291.320       13326.819        1999.881
       39576.733       13302.054        2000.324
       40725.785       13171.017        2000.324
       42645.637       13138.454        2000.379
       44454.595       13387.589        1989.924
       46666.847       13021.171        2000.348
       48769.328       13020.848        2000.182
       49731.389       13047.340        2000.181
       51773.488       13106.322        1989.273
       53630.768       13163.679        2000.172
       54481.243       13328.841        2000.171
       55649.862       13090.022        2000.171
       57890.846       13275.679        2000.644
       58901.389       13044.386        2000.644
       59650.744       13212.311        2000.200
       61734.501       13310.855        2000.377
       62906.028       13204.379        2000.377
       64881.123       13240.502        2000.379
       67016.712       13174.337        2000.366
       68621.366       13130.430        1869.574
       70845.532       13403.874        1553.123
       73005.716       13471.036         920.522
       74790.289       13305.694         552.164
       76811.504       13349.111         272.235
       78769.928       13302.055          89.979
       80000.000       13265.306           0.000
           0.000       14285.715           0.000
        2099.643       14089.970         128.432
        4266.593       14209.042         352.252
        5315.561       14377.633         503.273
        7212.758       14317.454         940.958
        9252.386       14449.425        1375.291
       11383.643       14038.756        1767.337
       13266.580       14042.183        2000.254
       15027.485       14259.826        2000.254
       17120.179       14520.408        2000.286
       18047.700       14525.465        2000.286
       20062.440       14373.024        2000.253
       22297.306       14094.426        2000.302
       24104.456       14506.746        2000.302
       26076.309       14260.475        2000.269
       28546.593       14403.159        2000.259
       29184.925       14340.562        2000.259
       30533.725       14257.912        2000.251
       32433.039       14457.168        2000.374
       34250.984       14452.839        2000.338
       36577.539       14063.950        2000.240
       38650.485       14528.698        2000.532
       40629.860       14504.872        2000.324
       42400.894       14392.218        2000.404
       43395.665       14425.507        2000.583
       45354.731       14103.351        2000.348
       46556.838       14403.911        2000.348
       48718.487       14519.001        2000.350
       50600.452       14397.809        2000.272
       51685.869       14490.121        2000.272
       52678.973       14151.858        2000.272
       54625.801       14524.915        2000.171
       56871.517       14517.272        2000.274
       58484.918       14296.418        2000.314
       60660.400       14043.365        2000.200
       62941.744       14502.992        2000.540
       63640.882       14486.459        2000.540
       64719.113       14463.378        2000.540
       66678.968       14176.025        2000.510
       67872.652       14465.422        2000.510
       69866.578       14340.440        1853.505
       70825.360       14423.420        1654.908
       72115.870       14285.413        1269.552
       74171.334       14445.768         980.797
       76051.181       14446.419         528.416
       76896.475       14380.707         395.615
       79106.520       14235.983         104.493
       80000.000       14285.715           0.000
           0.000       15306.123           0.000
        2245.017       15253.785         584.104
        4023.112       15170.604         700.999
        4847.247       15143.462         730.532
        7068.902       15119.978        1135.768
        9316.643       15383.860        1591.588
       10921.460       15322.405        1741.981
       12974.239       15493.644        2000.192
       15249.057       15394.115        2000.115
       17426.395       15259.019        2000.286
       19215.726       15232.663        2000.253
       20436.120       15333.903        2000.253
       22265.524       15330.140        2000.302
       23185.553       15281.957        2000.302
       24194.686       15217.619        2000.302
       26378.873       15320.244        2000.363
       28206.554       15067.423        2000.264
       30508.272       15260.738        2000.251
       31342.678       15228.483        2000.251
       33658.694       15412.067        2000.338
       35398.880       15297.042        2000.385
       37365.640       15120.498        2000.356
       39507.147       15464.044        2000.532
       41716.527       15337.771        2000.404
       43425.635       15276.602        2000.583
       45641.032       15140.091        2000.439
       47775.391       15383.615        2000.269
       49376.448       15370.029        2000.431
       51679.037       15235.510        2000.272
       53804.432       15071.489        2000.171
       55889.136       15431.984        2000.274
       56677.340       15544.060        2000.274
       58876.519       15244.291        2000.314
       60719.784       15225.500        2000.351
       62795.058       15264.838        2000.351
       63922.240       15165.883        2000.540
       65883.894       15429.384        2000.510
       66806.466       15114.609        2000.510
       68922.503       15490.951        1950.090
       70811.421       15547.813        1584.884
       73024.677       15419.829        1224.668
       74961.829       15530.679        1048.130
       76982.986       15110.462         676.895
       79046.613       15539.070         269.884
       80000.000       15306.123           0.000
           0.000       16326.530           0.000
         935.831       16095.129         191.428
        2911.184       16107.654         675.320
        6305.689       16199.445        1027.363
        8078.383       16377.155        1407.003
       10084.800       16558.711        1732.595
       11257.273       16456.286        1960.212
       13151.051       16343.192        2000.192
       14993.334       16501.849        2000.115
       17414.313       16169.570        2000.286
       19286.378       16200.834        2000.253
       20002.467       16100.390        2000.253
       21064.445       16548.811        2000.253
       23355.530       16323.131        2000.338
       24143.703       16402.412        2000.338
       26084.463       16263.603        2000.363
       27535.375       16515.418        2000.264
       28155.004       16461.289        2000.264
       30370.924       16124.814        2000.251
       31498.700       16205.054        2000.364
       32438.116       16575.533        2000.364
       34384.313       16078.019        2000.385
       36409.760       16090.637        2000.356
       37606.419       16430.699        2000.356
       39724.907       16073.891        2000.532
       41667.629       16504.712        2000.404
       42736.036       16173.149        2000.404
       44742.546       16364.172        2000.439
       45791.173       16155.136        2000.439
       47396.990       16115.861        2000.268
       49604.262       16305.610        2000.428
       51707.852       16120.802        2000.272
       52643.156       16265.585        2000.463
       54543.075       16438.881        2000.433
       55862.094       16542.833        2000.433
       57642.070       16335.043        2000.274
       58525.286       16151.296        2000.314
       59572.409       16565.409        2000.314
       61611.363       16131.269        2000.351
       62801.901       16078.342        2000.351
       64684.391       16549.017        2000.541
       66680.417       16487.205        2000.512
       68852.487       16388.436        1935.378
       69789.163       16119.758        1758.183
       71655.072       16350.127        1251.480
       76060.563       16111.510         805.452
       77966.230       16277.892         442.091
       80000.000       16326.530           0.000
           0.000       17346.939           0.000
         877.778       17173.449         170.769
        3040.873       17148.079         743.525
        5102.530       17326.001         770.402
        7301.519       17380.647        1032.087
        8241.045       17582.212        1365.741
        9899.124       17561.233        1760.304
       11047.203       17556.928        1997.650
       13012.777       17157.895        2000.192
       15011.930       17564.360        2000.496
       17302.554       17249.748        2000.380
       18035.268       17483.606        2000.380
       19412.985       17231.656        2000.380
       21222.643       17497.350        2000.253
       23057.367       17097.255        2000.294
       25311.235       17421.274        2000.294
       27146.669       17113.192        2000.264
       29602.039       17444.604        2000.206
       30550.119       17421.030        2000.365
       31403.049       17447.688        2000.365
       33426.988       17184.301        2000.365
       35414.155       17416.620        2000.380
       37665.139       17222.128        2000.380
       39259.851       17124.582        2000.265
       40691.110       17288.720        2000.262
       42728.709       17399.328        2000.656
       44765.279       17390.097        2000.516
       46761.555       17359.086        2000.268
       47812.513       17384.736        2000.376
       49591.432       17234.388        2000.287
       50809.482       17219.225        2000.283
       52580.453       17266.620        2000.463
       54704.702       17222.877        2000.433
       56540.314       17176.950        2000.433
       58744.732       17208.310        2000.314
       60621.033       17455.444        2000.151
       62937.444       17264.825        2000.475
       64812.466       17182.642        2000.475
       65604.778       17344.962        2000.475
       68066.731       17344.846        2000.277
       69657.154       17579.860        1761.928
       72150.779       17315.937        1312.905
       72796.182       17457.113         832.585
       73964.358       17322.802         578.096
       76197.030       17474.880         240.819
       78151.934       17139.970         101.527
       80000.000       17346.939           0.000
           0.000       18367.347           0.000
        2214.865       18152.500         589.491
        4034.498       18206.835         308.142
        5877.810       18227.481         572.411
        9092.086       18314.268        1536.248
       10905.330       18139.157        1881.310
       13163.576       18549.731        2000.391
       14967.900       18361.346        2000.496
       16331.797       18484.561        2000.496
       18153.698       18500.872        2000.380
       19428.798       18550.289        2000.380
       21479.600       18479.769        2000.253
       23084.285       18170.286        2000.294
       24073.406       18588.970        2000.294
       25122.862       18237.572        2000.294
       26471.224       18387.459        2000.294
       28323.576       18479.730        2000.317
       29215.559       18591.787        2000.317
       31204.765       18434.210        2000.455
       32443.996       18470.140        2000.455
       34497.844       18337.333        2000.380
       35532.009       18422.799        2000.380
       36306.803       18296.775        2000.380
       37687.484       18461.486        2000.380
       38689.091       18388.090        2000.380
       40461.387       18589.367        2000.262
       42624.000       18402.097        2000.656
       44469.272       18330.012        2000.516
       46473.931       18485.641        2000.376
       47689.113       18451.337        2000.376
       49604.360       18272.056        2000.283
       50411.999       18350.195        2000.283
       52701.361       18530.637        2000.531
       54588.278       18518.016        2000.413
       56749.718       18589.900        2000.393
       58980.016       18517.011        2000.338
       60811.963       18173.202        2000.151
       62648.673       18516.549        2000.344
       64020.193       18161.347        2000.475
       64742.501       18396.340        2000.475
       66751.701       18166.149        2000.277
       67700.262       18409.286        2000.277
       70036.255       18541.990        1751.415
       70867.632       18563.727        1459.642
       73074.467       18484.211         942.995
       74720.699       18355.436         534.135
       76733.823       18419.409         632.405
       78920.472       18433.339         140.341
       80000.000       18367.347           0.000
           0.000       19387.755           0.000
        2106.640       19239.020         117.517
        4005.240       19472.287         459.955
        5273.471       19636.713         797.436
        7272.213       19406.397        1076.412
        8933.038       19432.861        1753.728
       10154.504       19523.765        1877.860
       12381.778       19316.258        2000.256
       14022.824       19459.082        2000.391
       16391.868       19297.645        2000.497
       18043.554       19273.707        2000.255
       20295.125       19539.871        2000.253
       22371.623       19485.009        2000.266
       24458.433       19498.424        2000.294
       26441.173       19143.044        2000.294
       28113.636       19442.006        2000.398
       30567.124       19482.547        2000.317
       32640.890       19243.067        2000.455
       34239.996       19444.180        2000.379
       36650.014       19399.542        2000.381
       38505.096       19607.129        2000.403
       40546.871       19290.071        2000.262
       42366.206       19522.805        2000.656
       44680.669       19273.438        2000.310
       46574.514       19226.686        2000.376
       47452.810       19421.475        2000.235
       49739.965       19467.311        2000.389
       51714.515       19621.032        2000.531
       52757.342       19177.288        2000.531
       54786.554       19261.762        2000.413
       56914.629       19444.123        2000.393
       57589.427       19238.501        2000.393
       58904.446       19167.610        2000.338
       59608.668       19375.949        2000.338
       61935.795       19559.522        2000.344
       62930.640       19346.889        2000.344
       64755.015       19471.093        2000.475
       66607.041       19270.375        2000.277
       67608.506       19446.417        2000.277
       68911.942       19143.772        1847.685
       71042.881       19272.754        1497.040
       72954.668       19480.498        1251.735
       74015.177       19593.212         981.582
       76137.075       19399.682         634.313
       76943.142       19327.183         480.911
       78791.432       19478.127         358.372
       80000.000       19387.755           0.000
           0.000       20408.164           0.000
        3063.424       20455.762         644.808
        4012.498       20153.235         714.637
        4941.269       20565.352        1110.020
        6277.416       20206.980        1122.113
        6885.493       20511.367        1407.091
        9167.273       20657.556        1600.504
       11259.337       20231.711        2000.256
       13310.689       20639.353        2000.313
       15042.983       20219.929        2000.391
       16321.737       20609.170        2000.313
       18322.948       20221.491        2000.255
       20436.821       20419.739        2000.354
       21167.550       20446.236        2000.354
       23323.778       20411.650        2000.401
       25243.254       20596.634        2000.374
       27524.291       20616.797        2000.398
       28137.329       20153.626        2000.398
       30208.047       20266.411        2000.317
       32330.231       20621.712        2000.285
       33425.732       20506.510        2000.379
       35462.070       20527.440        2000.104
       37227.540       20183.657        2000.404
       38641.035       20349.751        2000.403
       40564.059       20326.002        2000.305
       42421.365       20531.169        2000.415
       44783.150       20423.860        2000.310
       46480.385       20641.535        2000.235
       47360.786       20655.695        2000.235
       49723.057       20461.999        2000.388
       51553.426       20258.242        2000.531
       53755.315       20661.436        2000.444
       55535.002       20561.987        2000.444
       57675.226       20518.405        2000.393
       59524.071       20209.444        2000.338
       60765.926       20373.692        2000.338
       62757.415       20204.019        2000.344
       64988.774       20635.404        2000.368
       66885.404       20622.415        2000.287
       68821.426       20440.792        1878.991
       70947.763       20394.661        1542.644
       74941.485       20174.973         999.433
       77203.145       20614.603         555.983
       78994.382       20579.401         397.756
       80000.000       20408.164           0.000
           0.000       21428.572           0.000
        2087.556       21368.026         316.417
        2806.050       21206.571         450.520
        4286.276       21233.760         821.123
        6103.923       21593.584        1326.639
        7115.819       21210.505        1639.929
        9153.272       21660.065        1924.611
        9992.391       21362.346        1910.040
       11986.990       21342.320        2000.256
       14187.310       21287.744        2000.313
       15233.387       21225.290        2000.313
       17373.451       21609.977        2000.345
       19087.748       21623.811        2000.604
       21413.238       21627.671        2000.324
       23291.311       21210.741        2000.401
       25518.687       21189.024        2000.374
       27245.115       21198.331        2000.398
       29468.594       21297.126        2000.153
       31230.352       21592.329        2000.285
       33439.345       21311.962        2000.379
       34348.746       21305.429        2000.379
       36379.879       21381.235        2000.104
       38239.521       21465.019        2000.403
       40445.480       21598.324        2000.305
       41590.388       21329.532        2000.415
       42314.707       21183.248        2000.415
       44372.115       21194.604        2000.310
       46789.269       21674.484        2000.235
       47424.777       21324.632        2000.235
       49611.273       21582.974        2000.388
       51767.357       21341.871        2000.388
       53858.583       21539.127        2000.444
       55897.366       21270.802        2000.444
       57622.262       21617.230        2000.393
       59731.902       21470.787        2000.343
       61583.261       21415.480        2000.338
       63820.878       21541.399        2000.368
       64929.548       21236.463        2000.368
       66855.052       21515.847        2000.287
       68935.419       21624.922        1955.924
       70648.832       21654.586        1556.112
       73067.466       21181.608         755.288
       75078.373       21185.199         931.121
       77194.797       21617.254         550.659
       79015.424       21209.282         167.210
       80000.000       21428.572           0.000
           0.000       22448.979           0.000
        2180.226       22447.220         304.490
        3797.509       22270.095         624.664
        5297.307       22590.165        1045.182
        6011.513       22312.874        1323.436
        8140.158       22599.679        1684.762
       10236.230       22301.097        2000.252
       12269.807       22351.985        2000.252
       14076.037       22278.257        2000.313
       16010.492       22258.873        2000.313
       17274.496       22660.734        2000.345
       19308.166       22449.127        2000.604
       21060.990       22354.992        2000.324
       22030.099       22546.300        2000.324
       23419.887       22591.157        2000.324
       24511.546       22264.472        2000.324
       26247.838       22676.865        2000.253
       27534.383       22370.880        2000.253
       29354.359       22303.420        2000.153
       31499.973       22546.513        2000.266
       33495.318       22354.235        2000.379
       34390.137       22459.717        2000.379
       36352.044       22194.773        2000.104
       38512.458       22469.274        2000.365
       39623.284       22490.175        2000.366
       41638.859       22587.085        2000.415
       43439.052       22627.779        2000.334
       44476.649       22459.640        2000.334
       46661.857       22517.165        2000.235
       48755.360       22561.405        2000.388
       49603.134       22675.689        2000.388
       50534.949       22563.644        2000.388
       51888.059       22391.101        2000.388
       53541.801       22496.295        2000.445
       54722.417       22569.072        2000.444
       55521.468       22621.545        2000.444
       57777.097       22443.681        2000.343
       58889.730       22323.582        2000.343
       60546.089       22444.203        2000.292
       62542.463       22303.176        2000.368
       64992.023       22549.383        2000.287
       65600.944       22391.522        2000.287
       67606.939       22241.808        2000.287
       68981.267       22663.899        1854.151
       70769.959       22321.487        1492.011
       73087.182       22502.937         878.023
       74816.103       22521.861         355.798
       77039.025       22627.303         175.867
       78758.345       22509.958          67.301
       80000.000       22448.979           0.000
           0.000       23469.388           0.000
         830.802       23586.258          86.256
        1823.728       23563.348         200.629
        4233.938       23599.819         682.608
        6240.026       23411.487        1235.047
        9070.904       23595.813        1823.780
       11356.183       23431.936        2000.252
       12110.170       23666.995        2000.252
       14351.370       23307.293        2000.313
       16100.908       23526.110        2000.345
       17054.058       23385.725        2000.345
       19270.234       23606.622        2000.385
       21063.362       23393.025        2000.324
       23184.200       23336.810        2000.324
       25356.970       23599.152        2000.330
       27587.144       23270.590        2000.253
       29195.751       23358.471        2000.269
       30230.889       23283.544        2000.318
       31274.460       23295.486        2000.266
       33417.521       23522.990        2000.467
       34654.443       23556.007        2000.467
       35371.628       23695.335        2000.467
       37633.722       23603.276        2000.366
       38326.986       23516.236        2000.366
       40645.838       23418.628        2000.265
       42442.430       23701.380        2000.303
       44364.428       23401.596        2000.336
       46497.595       23624.136        2000.212
       48378.283       23317.291        2000.539
       50530.913       23390.275        2000.388
       52883.798       23336.449        2000.309
       54586.131       23314.881        2000.444
       56754.788       23509.791        2000.292
       58935.755       23448.039        2000.343
       60725.165       23722.860        2000.292
       62897.093       23668.907        2000.170
       63584.516       23235.475        2000.086
       65987.542       23304.536        2000.287
       67761.566       23501.681        2000.177
       69985.726       23456.116        1759.305
       71053.457       23255.913        1361.234
       73083.439       23591.344        1200.171
       73731.171       23559.961         942.293
       75088.021       23345.622         641.572
       77793.704       23598.836         573.328
       80000.000       23469.388           0.000
           0.000       24489.796           0.000
        3117.882       24394.148         416.216
        5112.969       24616.551        1026.866
        6129.276       24372.451        1233.906
        8115.594       24276.063        1479.943
       10130.247       24485.174        1975.815
       11909.532       24376.159        2000.252
       14255.286       24478.915        2000.313
       16326.704       24275.496        2000.408
       18415.134       24500.146        2000.385
       19084.541       24670.632        2000.385
       21473.481       24633.379        2000.336
       23122.528       24290.309        2000.027
       24499.143       24664.832        2000.237
       26172.989       24455.971        2000.330
       28421.185       24476.237        2000.268
       30561.497       24626.496        2000.266
       31501.111       24363.501        2000.266
       33432.091       24709.818        2000.400
       35445.478       24375.518        2000.467
       36643.290       24247.424        2000.354
       38695.652       24395.362        2000.490
       39613.824       24687.512        2000.490
       40722.985       24379.443        2000.265
       41298.998       24553.573        2000.265
       43776.284       24271.975        2000.303
       44801.124       24630.579        2000.303
       46730.396       24384.800        2000.212
       47375.870       24624.579        2000.212
       49491.132       24664.692        2000.413
       51632.885       24656.872        2000.273
       53642.758       24320.466        2000.451
       54708.615       24337.064        2000.451
       56579.558       24522.727        2000.292
       58664.877       24308.748        2000.343
       60795.350       24739.792        2000.209
       62715.162       24269.363        2000.170
       64828.680       24343.249        2000.315
       66935.391       24236.019        2000.177
       68058.958       24656.546        2000.177
       70064.736       24728.177        1702.957
       72086.141       24661.744        1203.264
       73885.056       24669.602         897.202
       76096.409       24430.967         718.568
       78018.125       24566.035         486.025
       80000.000       24489.796           0.000
           0.000       25510.204           0.000
        2229.545       25267.597         166.298
        4074.131       25576.996         354.064
        6008.585       25413.813         770.442
        6862.339       25300.836        1008.866
        9234.692       25468.414        1777.805
       11345.841       25333.977        2000.200
       13212.393       25310.478        2000.385
       15304.270       25328.036        2000.407
       16237.694       25711.717        2000.407
       17186.353       25372.828        2000.407
       18993.350       25583.770        2000.385
       20381.178       25582.367        2000.336
       21089.979       25317.210        2000.336
       22475.901       25431.403        2000.219
       24252.315       25641.983        2000.237
       26428.506       25517.404        2000.331
       28162.132       25581.846        2000.268
       30147.613       25438.923        2000.480
       32549.228       25687.221        2000.400
       33483.614       25728.308        2000.400
       35529.003       25655.047        2000.401
       37271.789       25267.838        2000.490
       38538.787       25497.962        2000.490
       40514.989       25677.946        2000.490
       41736.776       25524.618        2000.265
       42730.178       25473.151        2000.265
       44631.251       25409.689        2000.303
       46519.975       25539.777        2000.212
       48476.797       25658.450        2000.413
       49481.386       25478.424        2000.413
       51605.156       25666.109        2000.273
       53886.106       25341.749        2000.451
       54912.042       25351.496        2000.451
       56822.973       25654.343        2000.055
       57866.996       25277.935        2000.055
       59955.280       25563.025        2000.215
       61819.642       25634.433        2000.208
       63928.200       25282.142        2000.314
       65032.968       25485.339        2000.314
       66812.174       25706.386        2000.382
       67713.205       25492.500        2000.382
       69939.140       25485.007        1867.947
       71675.944       25284.178        1425.796
       73681.144       25761.691         758.310
       75811.369       25391.649         384.653
       78027.947       25357.307         142.095
       80000.000       25510.204           0.000
           0.000       26530.612           0.000
        2207.159       26595.687         580.910
        4161.425       26508.205         710.681
        5923.986       26601.192         806.824
        8275.485       26392.058        1321.483
        9179.924       26386.109        1629.774
       10141.163       26506.350        1867.952
       12125.127       26693.448        2000.385
       13194.392       26455.588        2000.385
       15441.012       26346.460        2000.206
       17201.633       26469.252        2000.407
       19135.659       26613.530        2000.385
       21514.689       26365.221        2000.422
       22195.843       26289.716        2000.422
       24470.810       26601.238        2000.237
       25137.213       26277.195        2000.237
       27409.503       26308.002        2000.268
       29552.930       26738.561        2000.480
       30147.022       26701.617        2000.480
       32213.697       26425.996        2000.400
       33421.965       26474.991        2000.400
       34377.854       26726.866        2000.400
       36275.227       26553.973        2000.576
       38392.900       26643.547        2000.490
       40593.319       26389.504        2000.490
       42475.460       26740.530        2000.170
       44549.280       26658.509        2000.097
       46524.284       26699.858        2000.212
       48732.422       26340.917        2000.413
       49807.489       26328.913        2000.413
       51505.099       26290.695        2000.266
       53857.840       26717.181        2000.452
       55476.218       26307.872        2000.451
       57481.766       26685.604        2000.312
       59974.671       26306.727        2000.215
       61737.284       26758.013        2000.349
       62582.749       26379.797        2000.349
       63604.073       26712.015        2000.349
       65967.405       26440.879        2000.417
       67753.876       26400.181        2000.382
       69994.471       26745.525        1734.400
       71971.018       26719.822        1196.095
       73875.985       26518.384         983.614
       75720.937       26486.618         714.267
       76771.513       26667.583         574.828
       80000.000       26530.612           0.000
           0.000       27551.019           0.000
        1991.890       27779.541         168.553
        2812.450       27330.924         263.992
        4972.243       27697.154         584.362
        7003.820       27639.047        1039.246
        9027.183       27664.637        1674.857
       10910.725       27458.925        1992.767
       13264.055       27457.426        2000.385
       15317.017       27316.424        2000.206
       17142.059       27717.923        2000.206
       18997.548       27640.255        2000.484
       21404.379       27324.908        2000.422
       22238.192       27653.584        2000.422
       23195.339       27694.866        2000.422
       25176.725       27722.285        2000.237
       27352.281       27458.412        2000.366
       29441.814       27771.253        2000.411
       31198.844       27770.478        2000.412
       33598.403       27700.164        2000.293
       35432.298       27299.740        2000.576
       36299.533       27404.954        2000.576
       38377.420       27805.785        2000.466
       40308.188       27754.566        2000.466
       42513.086       27685.596        2000.170
       44713.941       27645.408        2000.098
       46411.033       27497.250        2000.413
       47640.166       27592.439        2000.413
       49574.736       27616.929        2000.415
       51689.999       27541.094        2000.260
       53749.245       27507.544        2000.499
       54765.286       27380.597        2000.498
       55486.404       27771.398        2000.498
       57914.636       27629.182        2000.311
       58533.251       27361.806        2000.311
       60753.402       27786.771        2000.312
       62880.485       27418.452        2000.349
       64999.152       27654.322        2000.417
       65838.038       27469.033        2000.417
       67775.183       27620.605        2000.417
       68888.043       27328.790        2000.252
       69853.208       27376.670        1798.664
       71081.589       27351.487        1453.824
       72838.453       27782.053         929.579
       75084.898       27343.731         464.721
       76940.769       27699.957         203.181
       78784.524       27780.401          74.302
       80000.000       27551.019           0.000
           0.000       28571.430           0.000
        1980.499       28788.584         541.755
        3192.896       28650.901         561.869
        4852.508       28709.597         989.585
        6966.013       28601.133        1275.290
        7925.686       28335.350        1363.798
       10327.812       28517.977        1921.479
       11038.753       28589.416        1997.524
       13257.419       28479.675        2000.312
       15153.398       28720.324        2000.206
       16073.577       28649.049        2000.206
       18114.512       28657.540        2000.483
       20271.909       28516.348        2000.279
       22356.196       28361.366        2000.422
       24542.928       28691.399        2000.444
       25418.169       28541.591        2000.444
       27125.459       28351.366        2000.366
       29142.766       28477.212        2000.411
       30452.212       28321.868        2000.412
       31277.937       28776.675        2000.412
       33372.973       28529.307        2000.293
       34358.198       28610.523        2000.293
       36395.773       28461.725        2000.576
       38564.792       28665.307        2000.466
       39627.879       28430.146        2000.466
       41578.952       28502.101        2000.170
       42325.343       28582.195        2000.170
       44798.487       28746.138        2000.277
       46642.374       28435.117        2000.413
       47495.035       28787.359        2000.413
       49608.897       28620.917        2000.353
       51607.849       28535.345        2000.260
       53847.285       28688.160        2000.734
       55812.738       28609.093        2000.498
       57669.044       28707.912        2000.295
       59741.510       28365.745        2000.311
       61875.606       28797.330        2000.263
       62915.036       28702.919        2000.263
       64733.623       28658.631        2000.417
       65993.130       28373.602        2000.417
       66649.249       28351.152        2000.417
       68929.778       28638.045        1898.375
       70750.987       28814.115        1476.123
       73012.465       28803.459        1190.241
       73987.324       28816.989         849.362
       75136.704       28359.772         528.886
       77189.962       28761.270         590.722
       79003.028       28393.133         322.878
       80000.000       28571.430           0.000
           0.000       29591.838           0.000
        3008.860       29740.190         637.602
        5244.773       29354.506         975.801
        6928.988       29743.957        1232.955
        8344.536       29541.142        1412.140
       10185.211       29605.695        1696.641
       10905.264       29558.827        1952.894
       13129.804       29385.984        2000.312
       15216.554       29833.281        2000.206
       17258.556       29359.905        2000.484
       19111.728       29449.738        2000.280
       20270.178       29400.037        2000.279
       21029.051       29396.837        2000.280
       23053.205       29405.408        2000.312
       25429.424       29695.923        2000.366
       27097.628       29599.575        2000.366
       29351.169       29445.360        2000.411
       31400.774       29446.521        2000.412
       33520.634       29562.568        2000.329
       35543.595       29400.190        2000.414
       36305.827       29789.604        2000.414
       37304.405       29793.785        2000.415
       39731.005       29605.696        2000.209
       40659.127       29645.423        2000.209
       42359.901       29794.707        2000.234
       44358.684       29616.588        2000.277
       46460.495       29712.453        2000.413
       47842.004       29675.581        2000.413
       49828.778       29454.990        2000.353
       50550.668       29770.909        2000.353
       52830.584       29562.324        2000.734
       53627.116       29764.010        2000.734
       55622.067       29764.574        2000.498
       57576.835       29430.460        2000.295
       59935.908       29691.086        2000.311
       61777.035       29474.069        2000.263
       63976.487       29364.342        2000.265
       65741.765       29472.385        2000.418
       66927.614       29532.244        2000.190
       68891.442       29791.520        2000.591
       70764.203       29445.277        1696.142
       72672.901       29528.340        1449.230
       74758.316       29738.496        1019.435
       76049.438       29785.042         917.350
       77915.172       29643.334         428.807
       80000.000       29591.838           0.000
           0.000       30612.245           0.000
         816.074       30362.759         136.238
        4842.750       30525.909         457.507
        6954.002       30646.288         869.070
        9013.502       30830.465        1310.569
       10990.911       30377.037        1971.315
       13128.561       30700.121        2000.312
       14300.499       30664.493        2000.312
       15986.085       30788.945        2000.312
       17998.389       30631.959        2000.280
       20343.827       30400.480        2000.398
       21153.844       30818.954        2000.398
       23059.053       30654.270        2000.481
       25257.256       30762.753        2000.367
       26375.571       30611.403        2000.366
       27482.521       30674.428        2000.366
       29482.930       30519.329        2000.270
       30191.847       30534.561        2000.269
       32561.956       30614.845        2000.329
       33189.655       30570.006        2000.329
       35585.804       30592.495        2000.397
       37640.212       30821.876        2000.402
       38574.762       30777.855        2000.402
       39448.160       30857.652        2000.402
       41486.722       30762.507        2000.374
       42747.811       30578.365        2000.234
       44559.016       30823.610        2000.402
       46712.022       30411.679        2000.414
       47670.302       30575.489        2000.413
       49723.342       30468.065        2000.353
       51771.376       30384.832        2000.353
       53707.742       30720.920        2000.734
       55893.888       30577.255        2000.423
       57480.722       30433.990        2000.423
       58709.270       30644.777        2000.423
       59635.865       30464.743        2000.423
       61652.506       30575.670        2000.422
       63025.078       30387.408        2000.421
       64974.686       30765.935        2000.132
       67037.921       30733.133        2000.191
       68989.148       30403.610        1951.210
       71008.194       30470.737        1602.493
       72913.430       30503.353        1220.798
       74945.298       30713.283         704.486
       76005.442       30576.494         685.142
       77817.658       30576.418         549.407
       80000.000       30612.245           0.000
           0.000       31632.653           0.000
        2194.516       31672.674         126.872
        2879.252       31496.893         172.010
        5136.909       31436.737         572.261
        7159.546       31379.917        1065.244
        9109.713       31379.029        1471.399
       10083.503       31598.614        1643.902
       12178.276       31591.331        1984.978
       14317.458       31419.046        2000.312
       15225.656       31850.205        2000.312
       17323.562       31381.100        2000.288
       19443.175       31731.604        2000.336
       21232.283       31419.756        2000.398
       23482.504       31541.117        2000.481
       25329.214       31640.709        2000.527
       27388.625       31886.291        2000.463
       29430.498       31765.343        2000.269
       31373.291       31637.951        2000.329
       32628.423       31495.444        2000.329
       34358.240       31756.305        2000.397
       35215.669       31726.692        2000.397
       37665.385       31757.331        2000.424
       39733.844       31493.173        2000.402
       41553.181       31486.413        2000.374
       43485.429       31851.400        2000.356
       44570.652       31531.699        2000.402
       46607.729       31716.464        2000.376
       48410.115       31607.134        2000.555
       49547.520       31571.303        2000.555
       51851.043       31783.909        2000.564
       53625.717       31751.023        2000.564
       55462.287       31659.433        2000.297
       56687.788       31498.503        2000.423
       57841.668       31589.007        2000.423
       59608.802       31400.633        2000.423
       60973.239       31559.303        2000.423
       62726.443       31466.311        2000.421
       64771.826       31650.089        2000.132
       66648.473       31460.920        2000.274
       68002.100       31497.971        2000.274
       70045.574       31855.760        1827.105
       71695.584       31792.543        1275.296
       73144.509       31633.075         897.189
       74986.974       31691.785         455.937
       76843.144       31797.857         207.258
       78759.278       31716.898          72.216
       80000.000       31632.653           0.000
           0.000       32653.061           0.000
        2908.735       32707.912         561.677
        4882.440       32500.747         760.006
        6153.817       32551.005        1048.929
        7120.987       32700.731        1411.500
        9053.517       32426.093        1594.351
       10947.995       32739.506        1924.575
       13327.906       32667.952        2000.245
       14967.742       32680.589        2000.312
       17081.956       32397.966        2000.365
       18226.437       32671.019        2000.365
       20479.963       32828.016        2000.335
       22413.443       32437.283        2000.253
       24505.147       32571.858        2000.482
       26249.859       32887.824        2000.463
       27099.254       32782.613        2000.463
       29571.488       32863.440        2000.269
       31331.273       32629.753        2000.381
       33288.942       32695.571        2000.397
       34625.920       32455.475        2000.397
       36276.467       32759.496        2000.208
       37558.039       32539.663        2000.424
       39472.833       32656.318        2000.268
       40484.826       32884.573        2000.268
       42501.330       32480.923        2000.354
       43689.149       32894.213        2000.354
       45649.236       32490.756        2000.376
       47704.576       32727.905        2000.581
       49517.727       32630.205        2000.555
       51888.647       32696.200        2000.564
       52643.193       32800.099        2000.564
       53436.861       32881.828        2000.564
       55818.349       32767.856        2000.297
       57914.504       32499.187        2000.140
       59728.159       32615.651        2000.423
       61562.882       32859.392        2000.379
       63552.235       32859.958        2000.329
       65840.011       32846.019        2000.323
       67914.029       32820.406        2000.274
       69669.127       32499.369        1854.869
       72788.048       32704.675        1036.639
       75160.099       32583.693         512.026
       77867.939       32880.212         561.729
       80000.000       32653.061           0.000
           0.000       33673.468           0.000
        2116.049       33524.835         305.567
        3039.979       33847.058         476.394
        4813.020       33617.392         891.073
        6237.579       33683.862        1275.173
        7948.265       33642.230        1706.548
       10002.861       33816.446        1902.688
       11981.869       33709.691        2000.245
       14096.378       33673.440        2000.245
       16383.021       33703.651        2000.026
       18279.846       33762.464        2000.365
       20163.735       33712.666        2000.335
       21403.568       33608.206        2000.177
       23067.236       33909.569        2000.253
       25256.629       33582.739        2000.400
       26222.036       33820.298        2000.400
       28517.079       33639.010        2000.061
       30551.419       33819.010        2000.381
       32164.949       33701.242        2000.380
       34634.175       33454.199        2000.206
       35528.877       33744.679        2000.206
       36572.517       33780.476        2000.206
       38241.862       33895.341        2000.268
       39571.528       33655.721        2000.268
       40695.379       33449.798        2000.268
       42390.321       33913.682        2000.354
       43382.003       33784.910        2000.354
       45769.252       33466.693        2000.376
       46578.696       33537.811        2000.277
       48750.018       33553.604        2000.442
       50548.299       33676.188        2000.186
       51837.475       33850.637        2000.301
       53589.708       33659.869        2000.564
       55661.085       33841.418        2000.297
       57849.551       33886.698        2000.437
       59839.135       33890.310        2000.437
       61883.383       33842.347        2000.379
       63734.483       33524.048        2000.329
       65046.241       33435.455        2000.322
       66844.650       33885.771        2000.274
       67965.557       33738.120        2000.274
       69975.997       33670.177        1836.991
       74114.308       33878.687         992.989
       76164.029       33866.801         532.707
       77785.409       33444.623         602.434
       80000.000       33673.468           0.000
           0.000       34693.879           0.000
        2206.197       34497.078         251.420
        4248.740       34607.174         619.117
        5973.794       34543.221        1018.555
        8005.985       34903.904        1526.217
       10346.798       34636.833        1937.830
       12339.316       34465.379        2000.493
       13068.687       34620.181        2000.493
       15007.466       34933.765        2000.245
       17093.859       34532.805        2000.334
       19225.792       34896.321        2000.444
       21016.846       34477.584        2000.177
       22360.926       34889.521        2000.177
       24418.937       34910.115        2000.122
       26535.315       34761.855        2000.400
       28517.759       34727.748        2000.062
       30568.085       34537.940        2000.381
       31243.861       34535.383        2000.381
       33431.407       34643.806        2000.381
       35586.061       34479.164        2000.206
       36390.904       34938.057        2000.206
       38730.336       34901.855        2000.276
       40638.304       34942.333        2000.268
       42576.564       34603.748        2000.336
       43702.980       34534.626        2000.354
       45680.269       34870.881        2000.376
       47801.340       34824.597        2000.442
       48483.842       34816.462        2000.442
       50790.479       34790.629        2000.186
       52898.349       34861.798        2000.301
       54517.190       34938.643        2000.378
       56685.146       34515.202        2000.297
       58741.367       34458.818        2000.437
       59663.517       34557.875        2000.437
       61723.023       34754.035        2000.339
       63582.471       34787.279        2000.323
       64564.503       34460.166        2000.322
       65793.782       34558.771        2000.322
       67893.485       34852.743        2000.275
       70041.434       34680.853        1863.833
       71038.277       34493.790        1646.688
       72907.227       34608.443        1256.857
       75989.985       34870.489         630.126
       76777.304       34551.078         376.724
       79065.822       34696.343          97.514
       80000.000       34693.879           0.000
           0.000       35714.287           0.000
        1909.301       35889.498         515.034
        3863.045       35836.079         584.356
        5003.656       35805.389         974.730
        5984.764       35584.596        1201.991
        6860.519       35668.488        1400.643
        9353.672       35823.545        1925.789
       11140.021       35704.184        1994.574
       13279.992       35786.472        2000.493
       14993.190       35745.932        2000.245
       17360.164       35884.112        2000.334
       19105.058       35903.759        2000.444
       21234.087       35764.217        2000.489
       23160.383       35957.332        2000.028
       25380.127       35854.277        2000.475
       26098.532       35966.735        2000.475
       28371.802       35953.758        2000.363
       30336.275       35670.990        2000.381
       31481.536       35747.918        2000.381
       32402.669       35675.998        2000.381
       34328.774       35963.761        2000.381
       36317.002       35888.798        2000.206
       37687.968       35689.500        2000.276
       38727.580       35627.717        2000.276
       40450.122       35569.434        2000.268
       42304.519       35697.231        2000.336
       44721.299       35917.367        2000.354
       46599.612       35574.999        2000.220
       48760.789       35711.106        2000.442
       49809.213       35906.474        2000.442
       51417.853       35519.670        2000.186
       53769.397       35826.105        2000.378
       54675.081       35647.861        2000.378
       55686.306       35858.128        2000.378
       56663.604       35743.196        2000.378
       58729.211       35540.318        2000.437
       60945.376       35797.707        2000.339
       61524.300       35685.881        2000.339
       63976.900       35465.812        2000.322
       66045.607       35666.965        2000.323
       68009.237       35579.172        1986.538
       68922.697       35488.499        1927.044
       69646.185       35593.011        1805.632
       71665.957       35741.001        1326.118
       73868.687       35598.348         737.649
       75058.398       35640.820         945.291
       76775.739       35567.205         693.111
       78956.027       35509.600         295.943
       80000.000       35714.287           0.000
           0.000       36734.694           0.000
        1956.037       36929.900         120.482
        4095.718       36987.740         670.629
        4973.703       36492.284         974.811
        7172.803       36554.170        1474.136
        8300.792       36693.327        1757.461
        8883.659       36703.570        1783.619
       11000.782       36641.287        1898.894
       13319.964       36698.939        2000.493
       15267.969       36703.905        2000.245
       17381.157       36955.455        2000.336
       19146.932       36761.851        2000.444
       21041.385       36666.210        2000.489
       22094.311       36648.788        2000.489
       24275.233       36566.967        1986.932
       26199.129       36798.763        2000.475
       27270.247       36922.713        2000.475
       28151.676       36798.050        2000.363
       29196.000       36777.301        2000.363
       31226.776       36820.126        2000.381
       33535.320       36917.523        2000.402
       35438.316       36966.123        2000.402
       37498.736       36663.681        1978.267
       39653.701       36943.017        1947.285
       41612.579       36694.164        2000.336
       43411.796       36756.052        2000.338
       45809.458       36610.344        1972.400
       47782.082       36935.953        1924.345
       49845.252       36735.247        2000.442
       51428.996       36524.059        2000.424
       52907.695       36989.341        2000.424
       54596.522       36541.395        2000.378
       56920.064       36491.077        2000.378
       58624.113       36849.481        2000.313
       59514.498       36654.734        2000.313
       61787.907       36847.544        2000.339
       64025.373       36492.733        2000.341
       64883.090       36930.367        2000.340
       66066.157       36514.726        2000.323
       67685.546       36494.035        1999.724
       68849.226       36598.796        1983.118
       70854.421       36842.816        1648.812
       72957.679       36910.263        1015.310
       74842.347       36554.464         433.736
       77078.152       36971.898         189.663
       79137.868       36817.912          48.358
       80000.000       36734.694           0.000
           0.000       37755.102           0.000
        1912.010       37534.276         336.235
        3864.807       37668.846         325.688
        5853.012       37732.659         632.076
        8016.268       37677.808        1174.830
       10326.102       37616.977        1706.418
       12178.775       37598.334        1981.679
       14210.078       37999.671        1990.798
       16378.635       37981.042        2000.538
       18215.214       37743.954        1990.262
       20043.747       37546.896        2000.489
       21289.083       37844.997        2000.489
       23119.311       37818.492        1974.559
       25416.442       37660.585        1862.572
       27338.803       38005.188        2000.475
       29174.324       37718.875        2000.363
       31473.967       37826.591        2000.348
       33638.811       37625.724        2000.401
       34525.714       37847.983        2000.401
       36278.463       37646.861        1942.045
       38599.344       37835.422        1661.956
       39374.645       37615.263        1829.081
       41620.862       37787.460        1996.998
       43793.668       37515.632        1927.013
       45621.353       37679.136        1913.000
       46457.691       37735.431        1833.341
       47570.369       37525.606        1815.738
       49677.812       37753.387        2000.442
       51830.514       37859.868        2000.424
       52596.823       37622.037        2000.424
       54487.693       37861.922        2000.286
       56733.035       37598.092        2000.313
       57894.101       37508.566        2000.313
       58843.728       37781.773        2000.313
       60973.753       37638.645        1899.142
       61680.306       37717.746        1807.733
       63589.892       37733.581        1989.161
       65578.907       37923.639        2000.340
       67748.058       37502.530        1880.675
       70894.064       37847.092        1688.428
       72121.752       37850.699        1345.749
       74157.420       37682.800         817.685
       75940.677       37921.237         739.621
       77820.544       37754.857         551.697
       80000.000       37755.102           0.000
           0.000       38775.510           0.000
        1214.780       38746.725         302.340
        3251.138       38991.637         663.147
        4055.255       38864.197         721.318
        6233.886       38840.937        1069.050
        8253.769       38986.220        1513.428
       10263.656       38923.690        1833.833
       12139.713       38853.946        1998.114
       14199.695       38715.744        1897.169
       16286.744       38887.814        1858.121
       18459.206       39022.798        1856.670
       19155.243       39022.822        2000.355
       21421.353       38625.260        2000.489
       23531.217       38683.732        1818.366
       24264.971       38523.335        1665.625
       26396.344       38621.799        1835.353
       27293.517       38708.189        1971.094
       29379.615       38763.800        2000.335
       31299.613       39003.716        2000.348
       33448.564       38751.119        2000.403
       35469.377       38736.231        1785.469
       37364.164       38569.304        1683.351
       39389.032       38875.103        1499.059
       40643.386       39005.060        1694.796
       42631.044       38857.635        1711.273
       43650.523       38841.868        1693.920
       45790.392       38730.438        1570.839
       47396.470       38942.970        1415.984
       48709.455       38565.006        1717.179
       50722.139       38989.352        1831.577
       52551.571       38604.639        2000.424
       53521.561       38912.441        1898.159
       55645.662       38690.493        2000.286
       57605.323       38645.263        1734.412
       59746.411       38719.697        1743.188
       60896.822       38951.505        1566.255
       62803.573       39019.852        1672.586
       64887.098       38542.938        1994.570
       66609.318       38885.673        1861.401
       67613.962       38526.014        1667.691
       69058.176       38798.572        1710.901
       69931.621       38613.713        1775.866
       71834.872       38905.522        1558.640
       74015.071       38703.493         989.063
       74739.582       38908.833         795.534
       76746.269       38607.811         682.487
       78971.820       38571.043         332.330
       80000.000       38775.510           0.000
           0.000       39795.917           0.000
        1146.263       39620.193          97.087
        3154.745       40009.104         298.862
        5036.413       39580.819         853.076
        6230.671       39870.830        1039.851
        8032.725       39567.166        1459.884
        8930.642       39697.985        1752.814
       11263.408       39815.718        1764.514
       12950.684       39787.380        1878.403
       13993.672       39996.154        1838.470
       15323.441       39591.703        1589.864
       17296.338       39875.540        1499.760
       19331.932       40018.989        1850.371
       20413.831       39871.877        1902.429
       22127.095       39713.799        1853.955
       23081.786       39764.520        1656.085
       24217.431       39993.119        1346.511
       25183.352       39575.950        1333.302
       27155.263       39730.344        1672.338
       28162.078       39945.592        1814.290
       30231.077       39943.573        1782.398
       32321.491       39963.933        1867.415
       34195.981       39766.896        1811.127
       35386.265       39650.877        1536.870
       36668.034       39685.583        1422.645
       38397.856       39835.549        1163.829
       40730.095       39740.808        1418.606
       42627.998       39781.159        1424.109
       44580.719       39838.649        1240.533
       46433.987       40016.576        1173.702
       48632.477       39843.860        1380.091
       50700.127       40021.161        1692.565
       52668.939       39681.041        1804.944
       54684.545       39696.368        1857.004
       56645.415       39741.377        1759.512
       57856.390       39765.754        1393.955
       59816.641       39913.230        1406.240
       61924.377       39659.893        1398.382
       62646.475       39944.620        1373.554
       64937.683       39792.667        1838.558
       66824.028       39729.837        1534.541
       68904.318       39962.284        1154.635
       70867.630       39766.220        1523.249
       72016.297       39814.283        1496.961
       74039.228       40047.448        1108.115
       76151.813       39820.346         452.804
       77901.300       39802.158         210.587
       80000.000       39795.917           0.000
           0.000       40816.328           0.000
        3011.963       40783.363         615.438
        5267.288       40625.044         686.010
        6960.860       40708.322        1275.772
        9231.350       40854.729        1465.735
       11190.767       40783.098        1479.040
       11919.238       40659.013        1727.074
       13947.082       40706.944        1574.721
       16232.735       40919.542        1212.375
       17088.702       40712.180        1221.029
       19096.861       40967.608        1590.456
       21194.428       40921.681        1598.771
       23237.171       40976.748        1351.741
       24304.119       40958.652        1052.410
       26349.968       41053.104        1337.568
       28207.209       41037.084        1420.131
       30549.688       41022.581        1539.406
       33441.393       40804.497        1718.596
       34326.222       41024.974        1473.210
       36688.209       41002.435        1092.635
       38389.814       40708.735         858.134
       40422.760       40787.920        1088.278
       42597.630       40991.551        1371.787
       44533.431       40850.432         882.915
       45480.039       40902.039         913.455
       46737.988       40635.001         791.083
       48777.721       40601.208        1348.347
       51582.211       40621.804        1566.256
       53807.737       40817.552        1361.938
       55917.085       40624.442        1692.513
       56501.209       40594.511        1614.186
       58918.413       40639.400        1035.061
       60765.856       40753.769        1068.661
       61936.164       40809.651        1023.190
       63965.387       40722.558        1459.754
       64797.073       40739.438        1702.663
       66993.382       41017.676        1201.566
       69859.203       40727.065        1098.495
       70698.951       40823.497        1371.383
       73071.441       40720.191        1362.522
       75156.648       40785.141         708.195
       76743.430       40782.492         650.348
       80000.000       40816.328           0.000
           0.000       41836.736           0.000
        1970.282       41708.364         185.366
        4080.436       41860.783         586.831
        6017.791       41921.240        1075.494
        7227.908       41654.388        1405.702
        8900.744       42033.482        1120.849
       10896.371       41733.671        1131.032
       13201.732       41752.465        1481.994
       14379.294       41910.359        1177.709
       16205.084       41778.954         821.860
       18261.878       41918.071        1247.394
       20468.343       42065.108        1353.694
       21182.899       41625.078        1333.339
       23247.379       42032.783         949.400
       25353.416       41652.440         885.380
       27218.535       41705.699        1290.489
       28407.521       42032.633        1125.642
       30397.649       41601.551        1308.843
       32446.867       41644.159        1525.514
       34289.675       41822.178        1400.361
       36541.001       41873.633        1058.917
       38425.306       41739.904         616.100
       40592.040       41789.853        1270.204
       41600.657       42039.977        1412.419
       43783.858       41986.078        1017.527
       44789.215       41714.299         544.433
       46439.077       41715.783         543.721
       47585.746       41908.262        1048.003
       49481.720       41974.351        1494.473
       51413.768       41832.239        1263.045
       53661.740       41772.308        1019.223
       55642.535       41905.671        1343.672
       57808.118       42069.312        1103.640
       58495.014       42015.137        1066.926
       60572.476       42010.994         540.482
       62817.713       41682.439        1095.297
       64911.312       41969.306        1504.484
       66674.294       41631.873        1385.989
       68678.540       42083.413         619.984
       71013.776       41720.900        1057.422
       71750.084       41855.723        1122.615
       73755.375       41744.850         873.987
       75070.879       41704.735         567.265
       76161.158       41702.656         367.290
       77782.752       41685.143         197.505
       80000.000       41836.736           0.000
           0.000       42857.143           0.000
        3168.119       42919.951         452.694
        5032.133       42625.644         956.118
        8079.368       42930.849        1075.398
        9981.641       43097.169         752.828
       12344.425       43070.378        1337.407
       14044.055       42697.858         994.893
       16282.701       42706.545         551.152
       18376.837       42832.056        1039.127
       20498.863       43026.755        1043.539
       22409.376       42769.807         938.236
       24172.747       43079.497         477.311
       25313.991       42714.603         835.687
       27256.950       43015.812        1167.895
       29519.332       42947.544         806.741
       31437.014       42655.134        1313.627
       33344.892       42850.350        1067.490
       35422.629       42695.704         978.835
       39694.175       42849.798         935.367
       40446.320       42799.188        1031.760
       42591.146       42743.826        1369.040
       44449.410       43064.890         716.146
       45410.105       42640.096         349.442
       47351.813       43086.454         740.770
       49611.312       42952.205        1227.220
       50645.083       42900.793        1358.441
       52661.745       42990.175         812.208
       53697.848       42670.181         751.381
       56867.405       42983.409        1291.036
       58597.807       42810.895         782.490
       60701.870       43032.666         396.689
       62717.780       42718.384         963.185
       63805.126       42676.145        1132.387
       65732.265       42908.996        1266.035
       67912.654       42779.591         843.049
       70086.245       42946.160         614.990
       71130.654       42633.295         770.512
       72677.409       42816.090        1189.587
       74929.562       42738.582         837.440
       77171.999       42630.981         511.094
       79184.613       42886.657         130.266
       80000.000       42857.143           0.000
           0.000       43877.551           0.000
        2112.854       43797.195         547.348
        3275.810       43987.237         886.488
        5062.332       43979.343        1110.916
        7198.135       43913.948         778.742
        9098.080       43843.527         674.475
       11092.373       44006.911         956.186
       12258.396       44070.233        1040.189
       14167.044       44058.824         891.222
       16158.245       43862.928         359.122
       18044.269       43877.662         962.500
       20135.855       43908.616        1162.085
       22488.977       43997.386         866.434
       24314.312       44043.572         372.624
       26130.344       43696.558         962.137
       28159.480       43973.781         633.517
       30572.340       43773.965        1128.192
       32531.808       43957.016         923.926
       34439.090       44078.652         522.558
       35516.685       43830.756         992.165
       38684.770       43781.362         389.431
       40428.380       44125.044         618.839
       42556.872       43794.263        1059.308
       44608.162       43922.351         681.452
       45811.563       44061.114         252.463
       47790.718       44009.621         804.138
       50637.686       43844.171        1074.510
       52785.603       44033.595         775.500
       53544.779       44070.073         459.464
       55683.536       43876.526        1073.972
       57616.027       44077.570         952.823
       59842.145       43990.709         420.358
       60766.572       43890.939         314.185
       61803.776       43742.331         789.103
       63574.616       43953.948         773.913
       65614.086       43667.495         979.431
       66852.725       43844.391        1113.431
       67747.868       43846.108         815.146
       70022.784       44062.306         348.211
       71774.948       43817.936        1017.225
       74026.142       43978.433        1245.211
       75175.271       43844.911        1053.907
       76964.345       43937.350         804.735
       79022.483       44027.991         286.231
       80000.000       43877.551           0.000
           0.000       44897.959           0.000
        1071.141       45116.553         169.581
        3159.281       44929.197         648.481
        3947.116       44999.184         934.918
        6255.917       45068.542        1101.977
        8103.074       45099.974         374.414
       10023.818       44943.302         419.840
       11245.220       44865.876         947.990
       12346.605       44744.438         813.162
       14301.240       44818.824         832.315
       17024.738       44672.128         680.614
       19296.810       44925.201        1072.340
       21171.991       44824.783         549.952
       23091.293       45020.613         748.543
       24404.511       44657.176         324.054
       26090.760       44659.802         776.224
       27434.747       44863.165         813.627
       29287.022       45139.602         327.674
       30350.757       44701.374         678.920
       33557.439       45035.761         499.421
       35337.635       44877.642         679.664
       37434.588       44828.415         804.742
       38481.810       44968.450         305.315
       40422.032       44813.236         461.404
       42650.908       44682.107         796.370
       43617.643       45070.228         923.500
       45446.898       44963.120         600.902
       47715.050       44657.746         660.324
       49566.957       44712.028        1019.003
       51798.166       44887.773         854.615
       53713.174       45069.302         353.676
       55543.791       44931.414         945.752
       57971.842       44887.814        1015.118
       59658.795       45067.156         656.366
       60822.317       44864.277         240.731
       61733.594       44660.657         707.002
       64778.708       45135.095         920.947
       65751.193       44690.003         683.954
       67070.901       44941.568         909.716
       69731.910       44746.727         261.964
       71806.952       45012.766         787.220
       73817.683       44872.804        1233.351
       75034.509       44662.373        1106.665
       76720.293       44850.746         691.949
       78915.020       44742.287         160.098
       80000.000       44897.959           0.000
           0.000       45918.366           0.000
        1788.535       46106.297         567.360
        4283.904       46015.435         859.178
        6964.133       45901.917         791.604
        8971.033       46159.313         238.155
       10233.194       46063.391         658.143
       12259.572       46171.463         496.927
       14128.384       46018.354         693.596
       16017.838       45745.895         216.343
       18220.414       46080.946         733.456
       20055.272       46147.882         682.387
       22229.834       45868.791         349.728
       24140.034       45725.039         658.595
       25279.357       46011.965         209.193
       27169.731       46076.173         747.604
       29247.306       45842.033         270.100
       32152.626       45848.831         914.938
       34352.129       45667.790         299.431
       35269.394       45973.237         741.057
       37445.262       45736.235         780.351
       39704.077       46049.479         208.464
       41575.240       46050.864         728.711
       42730.806       46139.102         479.495
       44565.953       45711.535         705.399
       46557.365       45707.896         164.023
       47780.404       46084.220         591.947
       48636.006       45813.552         936.826
       50659.455       45778.731         554.387
       51824.255       46029.585         762.343
       53635.387       45843.684         290.558
       55663.594       45774.569         861.632
       57695.622       45927.156         966.557
       59762.853       46051.791         530.032
       61656.455       46126.720         284.399
       63937.520       45989.547         874.776
       65574.975       45846.780         464.269
       67935.278       45984.153         708.652
       69780.881       45852.075         198.785
       71770.863       45758.421         871.973
       75008.614       45666.491         720.716
       75843.670       45665.076        1004.868
       76933.318       45843.275         758.417
       78888.872       45690.090         322.890
       80000.000       45918.366           0.000
           0.000       46938.777           0.000
        1127.096       46807.162         197.766
        2842.228       46977.736         670.718
        5140.651       46734.582         802.854
        7116.915       47128.179         613.853
        8997.708       46734.915         203.006
       11127.812       47174.136         787.595
       13186.637       46817.027         339.093
       13950.935       47059.788         633.566
       16149.363       46868.352         152.307
       18123.874       46813.924         686.278
       20099.311       47143.064         460.233
       22314.878       47113.305         233.683
       23253.065       47169.083         618.066
       25141.239       47093.322         148.002
       26528.862       46785.484         635.327
       28377.610       46796.554         606.202
       29441.602       46797.945         202.474
       30176.721       47064.331         503.754
       31362.258       47062.963         881.021
       33266.945       47082.491         396.503
       35353.995       46989.585         484.740
       37249.372       46866.820         723.247
       39717.846       46939.613         165.389
       41564.253       47064.201         613.042
       44349.787       46842.710         726.320
       46468.595       46800.385         119.062
       48437.546       47098.511         651.303
       50647.922       47136.908         302.351
       52887.409       46828.749         204.650
       53716.248       46947.350         380.212
       55931.192       46871.666         673.214
       57576.158       46738.584         656.203
       58916.747       46993.614         668.852
       60548.375       46796.736         134.580
       62727.381       46757.886         683.536
       64604.310       46831.250         861.237
       66981.220       47004.893         370.111
       67698.503       46747.601         672.665
       69668.659       46879.250         146.188
       70707.449       46768.568         447.832
       72991.254       46944.986         816.571
       74948.141       47093.301         611.094
       75789.788       46710.057         428.341
       77893.642       46963.078         742.510
       80000.000       46938.777           0.000
           0.000       47959.185           0.000
        1787.442       48014.028         605.318
        4250.278       47959.612         294.916
        5062.616       47963.234         594.338
        8995.263       48201.500         119.365
       10939.950       48097.763         645.337
       13321.917       48107.538         195.191
       16448.322       48152.748          85.724
       18293.731       47752.301         624.556
       22081.617       47857.506         169.386
       24089.721       47721.217         558.412
       26505.408       47853.523         553.962
       28516.982       48162.344         344.225
       29382.145       47936.215         131.931
       31267.562       48008.425         533.845
       32254.149       47963.920         694.700
       34491.024       47813.531         132.487
       36559.667       47840.104         653.678
       37707.662       47743.762         439.309
       40326.057       48086.317         107.009
       42598.648       47958.514         229.978
       44584.719       48048.759         515.062
       46685.889       47710.513          83.451
       48768.881       48002.019         653.769
       50588.609       47897.521         214.251
       52480.149       47902.697         321.332
       53690.197       48002.388         119.522
       54705.734       48168.900         493.368
       56692.576       47748.052         308.173
       58711.312       47957.759         660.387
       60987.262       47849.236          83.462
       63739.632       48107.614         502.736
       65045.688       47886.618         476.009
       66594.505       47746.150         200.425
       68956.659       47973.011         508.855
       70042.406       47761.757         100.609
       71777.304       48090.121         349.583
       72776.912       48001.499         625.643
       74744.575       47920.780         635.101
       75986.274       48040.328         220.875
       78096.417       47842.046         603.488
       80000.000       47959.185           0.000
           0.000       48979.592           0.000
        2240.879       48961.424         304.553
        4159.235       48786.135         162.910
        6263.199       48757.133         223.502
        8095.078       48838.480          60.287
       10104.505       49097.048         454.041
       12106.644       48989.425         334.011
       13013.810       48833.593         116.513
       14981.109       48937.711         293.411
       17106.344       48905.499         443.054
       18064.356       49038.181         427.424
       19177.699       48832.542         150.392
       21327.401       48915.441         354.232
       22287.911       48763.783          95.432
       24483.229       49157.938          37.625
       26511.701       49033.644         208.038
       28533.052       49083.579          50.054
       30420.356       49172.846         164.567
       32389.925       49173.567         209.686
       34365.945       49210.388          46.545
       35350.486       48833.495         391.934
       37603.618       49014.989         172.150
       39279.106       48914.036         361.964
       41643.031       48933.864          41.559
       42748.738       48848.588         127.815
       44798.963       49112.605         210.523
       46523.136       49009.589          35.407
       48773.331       49167.519         226.286
       50495.262       48819.763         115.992
       52824.656       48891.872          54.425
       54785.868       49166.008         197.002
       56609.478       49006.373         121.993
       58521.653       49226.428         330.722
       61011.246       49125.449          33.834
       62704.854       48825.755         360.829
       64779.279       49210.692         155.853
       66701.986       48884.581          96.463
       68949.468       48725.388         419.226
       69799.427       49128.807          38.166
       71763.644       49001.821         163.803
       74092.743       48998.473         331.453
       75738.230       49023.202         102.698
       77852.305       48745.846         431.637
       80000.000       48979.592           0.000
           0.000       50000.000           0.000
        1012.658       50000.000           0.000
        2025.317       50000.000           0.000
        3037.975       50000.000           0.000
        4050.633       50000.000           0.000
        5063.291       50000.000           0.000
        6075.949       50000.000           0.000
        7088.608       50000.000           0.000
        8101.266       50000.000           0.000
        9113.924       50000.000           0.000
       10126.582       50000.000           0.000
       11139.240       50000.000           0.000
       12151.898       50000.000           0.000
       13164.557       50000.000           0.000
       14177.215       50000.000           0.000
       15189.873       50000.000           0.000
       16202.532       50000.000           0.000
       17215.190       50000.000           0.000
       18227.848       50000.000           0.000
       19240.507       50000.000           0.000
       20253.165       50000.000           0.000
       21265.824       50000.000           0.000
       22278.481       50000.000           0.000
       23291.140       50000.000           0.000
       24303.796       50000.000           0.000
       25316.455       50000.000           0.000
       26329.114       50000.000           0.000
       27341.771       50000.000           0.000
       28354.430       50000.000           0.000
       29367.089       50000.000           0.000
       30379.746       50000.000           0.000
       31392.405       50000.000           0.000
       32405.064       50000.000           0.000
       33417.721       50000.000           0.000
       34430.380       50000.000           0.000
       35443.039       50000.000           0.000
       36455.696       50000.000           0.000
       37468.355       50000.000           0.000
       38481.014       50000.000           0.000
       39493.670       50000.000           0.000
       40506.330       50000.000           0.000
       41518.989       50000.000           0.000
       42531.648       50000.000           0.000
       43544.302       50000.000           0.000
       44556.961       50000.000           0.000
       45569.620       50000.000           0.000
       46582.279       50000.000           0.000
       47594.938       50000.000           0.000
       48607.593       50000.000           0.000
       49620.252       50000.000           0.000
       50632.911       50000.000           0.000
       51645.570       50000.000           0.000
       52658.229       50000.000           0.000
       53670.888       50000.000           0.000
       54683.542       50000.000           0.000
       55696.201       50000.000           0.000
       56708.860       50000.000           0.000
       57721.519       50000.000           0.000
       58734.179       50000.000           0.000
       59746.838       50000.000           0.000
       60759.492       50000.000           0.000
       61772.151       50000.000           0.000
       62784.810       50000.000           0.000
       63797.469       50000.000           0.000
       64810.128       50000.000           0.000
       65822.783       50000.000           0.000
       66835.442       50000.000           0.000
       67848.101       50000.000           0.000
       68860.760       50000.000           0.000
       69873.419       50000.000           0.000
       70886.078       50000.000           0.000
       71898.732       50000.000           0.000
       72911.391       50000.000           0.000
       73924.050       50000.000           0.000
       74936.709       50000.000           0.000
       75949.368       50000.000           0.000
       76962.028       50000.000           0.000
       77974.682       50000.000           0.000
       78987.341       50000.000           0.000
       80000.000       50000.000           0.000
       72898.532        2611.758         522.094
        7147.256        2729.875         659.112
       76935.169        9794.886         337.177
       76864.198       10318.475         172.364
       23296.469        3916.889         555.646
       62693.326       45467.590         442.718
       76156.094       21866.488         558.230
       75927.564       22574.582         255.697
       76063.523       22986.462         464.171
       15213.824        3287.040         511.172
       37531.867       43307.763         771.645
       69031.913       43349.686         415.054
       15070.176       43182.239         587.768
       49659.929       46497.853         581.346
       27371.980        7746.627        1307.167
       26802.924        8153.095        1112.342
       71975.595       21473.186        1050.430
       72007.615       20788.134        1273.287
       70903.676       32420.181        1580.703
       71098.777       33094.969        1481.450
       71066.536       32175.506        1542.275
       71943.413       32899.822        1256.245
       72175.468       33099.598        1304.628
       72365.731       32802.248        1142.269
       35489.641        7278.757         765.271
       30648.593       10526.005        1336.367
       30200.078        9621.938        1437.852
CELLS       4534     18136
         3         0         1        80
         3        81         1         2
         3        81         2         3
         3        82         3         4
         3        82         4         5
         3        83         5         6
         3        83         6         7
         3        84         7         8
         3        85         8         9
         3        85         9        10
         3        86        10        11
         3        86        11        12
         3        84        83         7
         3        88        14        15
         3        89        15        16
         3       129        10        86
         3        91        18        19
         3        85        84         8
         3        91        19        20
         3        92        20        21
         3        92        21        22
         3        93        22        23
         3        87        86        12
         3        91        90        18
         3        94        25        26
         3        95        26        27
         3        95        27        28
         3        82        81         3
         3        96        29        30
         3        97        30        31
         3        97        31        32
         3        98        32        33
         3        99        33        34
         3        99        34        35
         3       100        35        36
         3       100        36        37
         3        97        96        30
         3       102        40        41
         3        88        87        13
         3       141        99       100
         3       104        44        45
         3       105        45        46
         3       102       101        39
         3       139        32        98
         3       106        48        49
         3       107        49        50
         3       107        50        51
         3       108        51        52
         3       101       100        37
         3       109        52        53
         3        83        82         5
         3       109        53        54
         3       145        41       103
         3       105       104        45
         3       109       108        52
         3       149        49       107
         3        93        92        22
         3       114        61        62
         3       152        56       111
         3       115        64        65
         3       106       105        47
         3       116        65        66
         3       116        66        67
         3       108       107        51
         3       117        67        68
         3       131        15        89
         3       112       111        58
         3       117        68        69
         3       118        69        70
         3       134        91        92
         3       114       113        61
         3       121        75        76
         3       122        76        77
         3       122        77        78
         3       123        78        79
         3       115       114        63
         3       113       112        60
         3        94        93        24
         3       136        93        94
         3       125         1        81
         3        96        28        29
         3        92        91        20
         3       127        82        83
         3       125       124        80
         3        87        12        13
         3        88        13        14
         3       128        84        85
         3       126        81        82
         3        89        16        17
         3        90        17        18
         3       130        86        87
         3       100        99        35
         3       103        41        42
         3       132        89        90
         3        90        89        17
         3      2370        84       128
         3       126       125        81
         3        93        23        24
         3        94        24        25
         3       154       112       113
         3       120        72        73
         3       113        60        61
         3       110       109        54
         3       135        92        93
         3        95        94        26
         3        96        95        28
         3       138        96        97
         3        99        98        33
         3       102        39        40
         3       139        97        32
         3       181        96       138
         3       101        37        38
         3       101        38        39
         3       103        42        43
         3       104        43        44
         3       142       100       101
         3       105        46        47
         3       106        47        48
         3       145       102        41
         3       143       142       101
         3       183       182       139
         3       104       103        43
         3       110        54        55
         3       110        55        56
         3       147       105       106
         3       112        58        59
         3       112        59        60
         3       194       108       150
         3       144       143       102
         3       132       131        89
         3       172       130        87
         3       111        56        57
         3       111        57        58
         3       151       109       110
         3       114        62        63
         3       115        63        64
         3       119        70        71
         3       119        71        72
         3       153       111       112
         3       120        73        74
         3       121        74        75
         3       154       153       112
         3       116       115        65
         3       158       116       117
         3       159       117       118
         3       117       116        67
         3       118       117        69
         3       160       118       119
         3       152       151       110
         3       188       143       144
         3       186       185       140
         3       119       118        70
         3       120       119        72
         3       121       120        74
         3       162       161       121
         3       162       121       122
         3       122       121        76
         3       164        78       123
         3       161       120       121
         3       168       125       126
         3       134       133        91
         3       129       128        85
         3       130       129        86
         3       125        80         1
         3      2370        83        84
         3       129        85        10
         3       139       138        97
         3       127       126        82
         3       168       126       127
         3       173        87        88
         3       133        90        91
         3       137        94        95
         3       171       128       129
         3       173        88       131
         3       131        88        15
         3       135       134        92
         3       171       170       128
         3       171       129       130
         3       133       132        90
         3       172       171       130
         3       140        98        99
         3       181        95        96
         3       177       134       135
         3       173       172        87
         3      2378       132       174
         3       136       135        93
         3       137       136        94
         3       216       171       172
         3       141       140        99
         3       142       141       100
         3       182       138       139
         3      2378       219       262
         3       156       155       114
         3       140       139        98
         3       143       101       102
         3       146       103       104
         3       145       144       102
         3       194       107       108
         3       146       104       105
         3       190       144       145
         3       149       106        49
         3       148       147       106
         3       196       109       151
         3       146       145       103
         3       184       183       139
         3       180       179       137
         3       225       180       181
         3       147       146       105
         3       150       108       109
         3       149       148       106
         3       152       110        56
         3       193       148       149
         3       194       149       107
         3      2373       136       178
         3       154       113       114
         3       155       154       114
         3       197       151       152
         3       153       152       111
         3       193       192       148
         3       156       114       115
         3       157       115       116
         3       244       154       155
         3       239       194       150
         3      2369       119       120
         3       157       156       115
         3       158       157       116
         3       202       201       156
         3       204       158       159
         3       201       200       156
         3       242       153       199
         3       159       158       117
         3       160       159       118
         3       182       181       138
         3      2369       120       161
         3       164       122        78
         3       163       162       122
         3       207       162       163
         3       164       163       122
         3       165       164       123
         3       220       133       175
         3       259       170       216
         3      2370       170       215
         3       167       124       125
         3       167       166       124
         3       168       167       125
         3       169       168       127
         3       214       168       169
         3       213       167       168
         3      2370       169       127
         3      2378       174       219
         3       174       132       133
         3       176       133       134
         3       176       175       133
         3       177       176       134
         3       180       137        95
         3       184       139       140
         3       222       176       177
         3       217       172       173
         3      2369       206       249
         3      2373       135       136
         3       178       136       137
         3       229       187       188
         3       227       183       184
         3      2373       178       223
         3       179       178       137
         3       186       140       141
         3       181       180        95
         3       189       188       144
         3       185       184       140
         3       225       181       182
         3      2378       218       173
         3       224       179       180
         3       265       221       222
         3       187       141       142
         3       188       142       143
         3       188       187       142
         3       228       186       187
         3       227       184       185
         3       212       211       167
         3       191       145       146
         3       187       186       141
         3       235       147       192
         3       191       190       145
         3       237       149       194
         3       283       193       237
         3       275       185       228
         3       190       189       144
         3       229       228       187
         3       217       216       172
         3       207       161       162
         3       208       163       164
         3       192       147       148
         3       235       146       147
         3       233       232       191
         3      2378       262       218
         3       239       150       195
         3       197       196       151
         3       195       150       109
         3       196       195       109
         3       204       159       160
         3       240       196       197
         3       198       152       153
         3       198       197       152
         3       237       193       149
         3       199       153       154
         3       200       155       156
         3       242       198       153
         3       236       235       192
         3       230       229       188
         3       244       243       199
         3       202       156       157
         3       203       157       158
         3       245       201       202
         3       210       164       165
         3       203       202       157
         3       204       203       158
         3       247       203       204
         3       246       202       203
         3       231       230       189
         3       205       204       160
         3      2369       205       160
         3       250       206       207
         3      2369       249       205
         3       207       206       161
         3       208       207       163
         3       209       208       164
         3       252       208       209
         3       277       230       231
         3       210       209       164
         3       276       228       229
         3       256       213       168
         3       256       168       214
         3       213       212       167
         3       211       166       167
         3       264       263       219
         3       260       216       217
         3      2370       215       169
         3       216       170       171
         3       255       212       213
         3       258       169       215
         3       258       214       169
         3       220       174       133
         3       218       217       173
         3       220       219       174
         3       235       234       146
         3       222       175       176
         3       223       178       179
         3       221       220       175
         3       232       190       191
         3       222       221       175
         3       260       259       216
         3      2373       268       267
         3       224       223       179
         3       308       258       259
         3       226       182       183
         3       271       180       225
         3       269       223       224
         3       259       258       215
         3       228       185       186
         3       226       225       182
         3       272       225       226
         3       227       226       183
         3       230       188       189
         3       231       189       190
         3       242       241       198
         3       288       287       241
         3       238       237       194
         3       286       239       240
         3       271       270       224
         3       270       269       224
         3       316       266       267
         3       232       231       190
         3       234       191       146
         3       234       233       191
         3       236       192       193
         3       280       233       234
         3       240       239       196
         3       282       235       236
         3       281       234       235
         3       239       195       196
         3       239       238       194
         3       284       237       238
         3       327       280       281
         3       241       197       198
         3       244       199       154
         3       245       200       201
         3       241       240       197
         3       248       204       205
         3       291       244       155
         3       286       285       239
         3       284       283       237
         3       319       271       272
         3       323       276       277
         3       243       242       199
         3       291       155       200
         3       292       200       245
         3       251       207       208
         3       246       245       202
         3       294       245       246
         3       290       289       243
         3       263       262       219
         3       310       260       217
         3       247       246       203
         3       296       204       248
         3       298       205       249
         3       295       294       246
         3       253       209       210
         3       250       249       206
         3       298       297       205
         3       340       247       296
         3       251       250       207
         3       252       251       208
         3       301       209       253
         3       301       252       209
         3       334       289       290
         3       311       261       262
         3       256       255       213
         3       255       211       212
         3       255       254       211
         3       259       215       170
         3       257       256       214
         3       261       217       218
         3       258       257       214
         3       314       264       220
         3       306       257       258
         3       305       256       257
         3       264       219       220
         3       310       217       261
         3       314       220       265
         3       262       261       218
         3       266       265       222
         3       273       272       226
         3       312       262       263
         3       265       220       221
         3       266       222       177
         3       271       224       180
         3       269       268       223
         3       272       271       225
         3       267       266       177
         3       315       265       266
         3      2373       267       177
         3       314       313       264
         3       306       305       257
         3       274       226       227
         3       275       227       185
         3       320       272       273
         3       318       269       270
         3       274       273       226
         3       275       274       227
         3       277       276       229
         3       322       274       275
         3       319       270       271
         3       304       303       255
         3       277       229       230
         3       278       231       232
         3       278       277       231
         3       276       275       228
         3       282       281       235
         3       324       277       278
         3       279       232       233
         3       279       278       232
         3       320       319       272
         3       280       279       233
         3       281       280       234
         3       283       236       193
         3       283       282       236
         3       333       288       289
         3       328       281       282
         3       327       279       280
         3       285       238       239
         3       287       240       241
         3       374       283       284
         3       329       284       238
         3       319       318       270
         3       329       238       285
         3       289       241       242
         3       331       240       287
         3       331       286       240
         3       367       321       274
         3       289       242       243
         3       289       288       241
         3       290       243       244
         3       292       291       200
         3       296       247       204
         3       291       290       244
         3       333       332       288
         3       295       246       247
         3       293       292       245
         3       337       292       293
         3       378       287       332
         3       362       268       317
         3       342       248       297
         3       294       293       245
         3       297       248       205
         3       299       249       250
         3       300       251       252
         3       340       295       247
         3       383       293       338
         3       339       294       295
         3       300       250       251
         3       344       249       299
         3       344       298       249
         3       300       299       250
         3       342       341       296
         3       343       342       297
         3       301       300       252
         3       302       301       253
         3       341       340       296
         3       351       306       307
         3       350       305       306
         3       305       304       255
         3       305       255       256
         3       303       254       255
         3       310       309       260
         3       311       310       261
         3       309       259       260
         3       313       263       264
         3       356       310       311
         3       307       306       258
         3       349       304       305
         3       308       307       258
         3       309       308       259
         3       353       308       309
         3       315       314       265
         3       312       311       262
         3       313       312       263
         3       358       312       313
         3       321       273       274
         3       316       315       266
         3       350       349       305
         3       351       350       306
         3       328       327       281
         3       316       267       268
         3       317       268       269
         3       360       314       315
         3       354       309       310
         3       352       307       308
         3       367       274       322
         3       324       323       277
         3       318       317       269
         3       362       316       268
         3       374       282       283
         3       323       322       275
         3       372       326       327
         3       366       320       321
         3       323       275       276
         3       321       320       273
         3       381       291       336
         3       365       319       320
         3       364       318       319
         3       357       356       311
         3       370       324       325
         3       326       325       278
         3       326       278       279
         3       325       324       278
         3       330       285       286
         3       331       330       286
         3       327       326       279
         3       370       369       324
         3       380       334       335
         3      2393       323       410
         3       408       321       367
         3       375       284       329
         3       330       329       285
         3       371       370       325
         3       360       359       314
         3       332       287       288
         3       335       290       291
         3       378       331       287
         3       403       316       362
         3       336       291       292
         3       334       333       289
         3       338       293       294
         3       335       334       290
         3       379       333       334
         3       340       339       295
         3       337       336       292
         3       382       336       337
         3       378       377       331
         3       342       296       248
         3       339       338       294
         3       384       338       339
         3       343       297       298
         3       345       344       299
         3       385       340       341
         3       385       339       340
         3       369       368       324
         3       345       299       300
         3       344       343       298
         3       387       342       343
         3       346       300       301
         3       347       301       302
         3       388       344       345
         3       346       345       300
         3       389       345       346
         3       421       332       379
         3       347       346       301
         3       353       352       308
         3       352       351       307
         3       372       371       326
         3       398       355       356
         3       348       303       304
         3       349       348       304
         3       357       311       312
         3       354       353       309
         3       394       350       351
         3       393       349       350
         3       397       354       355
         3       400       357       358
         3       396       352       353
         3       355       354       310
         3       356       355       310
         3       359       313       314
         3       361       315       316
         3       363       362       317
         3       405       404       363
         3       358       357       312
         3       441       355       398
         3       363       317       318
         3       359       358       313
         3       361       360       315
         3       401       359       360
         3       394       393       350
         3       397       353       354
         3      2383       319       365
         3       374       373       328
         3       364       363       318
         3       404       362       363
         3       403       361       316
         3       439       351       395
         3       411       368       369
         3       426       337       383
         3       410       323       368
         3       407       320       366
         3       401       400       358
         3       368       323       324
         3       371       325       326
         3       419       377       378
         3       373       372       327
         3       407       406       365
         3       443       399       400
         3       426       382       337
         3       373       327       328
         3       374       328       282
         3       375       374       284
         3       412       370       371
         3       377       376       330
         3       414       372       373
         3       413       371       372
         3       376       329       330
         3       377       330       331
         3       416       374       375
         3       409       408       367
         3       396       395       352
         3       445       401       402
         3       418       329       376
         3       379       332       333
         3       381       335       291
         3       383       337       293
         3       381       380       335
         3       421       378       332
         3       423       379       380
         3       416       415       373
         3       380       379       334
         3       386       341       342
         3       382       381       336
         3       387       343       344
         3       390       346       347
         3       425       381       382
         3       427       338       384
         3       385       384       339
         3       426       425       382
         3       470       383       427
         3       429       341       386
         3       387       386       342
         3       432       344       388
         3       432       387       344
         3       420       419       378
         3       466       421       422
         3       430       429       386
         3       389       388       345
         3       434       346       390
         3       418       417       329
         3       391       390       347
         3       446       361       403
         3       456       455       411
         3       395       351       352
         3       392       348       349
         3       437       349       393
         3       399       356       357
         3       442       398       399
         3       405       363       364
         3       440       395       396
         3       439       394       351
         3       397       396       353
         3       401       358       359
         3       399       398       356
         3       402       360       361
         3       400       399       357
         3       402       401       360
         3       454       368       411
         3      2383       406       449
         3      2384      2383       449
         3       452       408       409
         3       444       400       401
         3       446       402       361
         3       438       437       393
         3       447       362       404
         3       407       365       320
         3       408       366       321
         3      2384       364      2383
         3       483       439       440
         3       483       394       439
         3       409       367       322
         3       451       366       408
         3      2393       410       409
         3       451       407       366
         3       412       411       369
         3       454       410       368
         3       412       369       370
         3       416       373       374
         3       417       375       329
         3       456       411       412
         3       413       412       371
         3       458       413       414
         3       461       375       417
         3       414       413       372
         3       415       414       373
         3       457       412       413
         3       494       446       447
         3       419       376       377
         3       424       380       381
         3       461       416       375
         3       448       447       404
         3       421       420       378
         3       419       418       376
         3       464       418       419
         3       498       449       406
         3       422       421       379
         3       467       422       423
         3       427       383       338
         3       429       428       385
         3       428       427       384
         3       423       422       379
         3       424       423       380
         3       467       423       424
         3       463       462       418
         3       466       420       421
         3       445       444       401
         3       425       424       381
         3       428       384       385
         3       429       385       341
         3       434       389       346
         3       471       427       428
         3       470       426       383
         3       491       444       445
         3       431       386       387
         3       433       388       389
         3       472       429       430
         3       431       430       386
         3       432       431       387
         3       474       473       430
         3       473       472       430
         3       433       432       388
         3       435       390       391
         3       434       433       389
         3       477       390       435
         3       477       434       390
         3       442       441       398
         3       485       396       397
         3       438       393       394
         3       437       392       349
         3       437       436       392
         3       485       484       440
         3       440       439       395
         3       441       397       355
         3       447       403       362
         3       481       480       437
         3       491       490       444
         3       443       442       399
         3       490       443       444
         3       486       485       397
         3       530       480       481
         3       465       464       419
         3       492       402       446
         3       444       443       400
         3       450       406       407
         3       454       453       410
         3       498       406       450
         3       470       469       426
         3       448       404       405
         3       447       446       403
         3       453       409       410
         3       499       408       452
         3       453       452       409
         3      2384       448       405
         3       502       454       455
         3       494       493       446
         3       496       448       449
         3      2395       407       451
         3       535       485       486
         3      2371       433       434
         3       457       456       412
         3       462       417       418
         3       455       454       411
         3       502       453       454
         3       505       456       457
         3       458       457       413
         3       498       497       449
         3       497       496       449
         3       459       414       415
         3       460       415       416
         3       507       415       460
         3       461       460       416
         3       459       458       414
         3       506       458       459
         3       505       457       458
         3       532       531       482
         3       465       419       420
         3       464       463       418
         3       508       460       461
         3       462       461       417
         3       509       461       462
         3       468       424       425
         3       467       466       422
         3       517       425       469
         3       512       464       465
         3       511       463       464
         3       466       465       420
         3       469       425       426
         3       516       424       468
         3       516       467       424
         3       513       512       465
         3       558       508       509
         3       553       552       503
         3       472       428       429
         3       472       471       428
         3       519       469       470
         3       471       470       427
         3       518       517       469
         3       533       532       483
         3       474       430       431
         3       475       474       431
         3       522       472       473
         3       475       431       432
         3       476       432       433
         3       524       474       475
         3       516       515       467
         3       476       475       432
         3      2371       434       477
         3      2371       477       526
         3       524       523       474
         3       478       477       435
         3       488       487       442
         3       551       455       503
         3       482       481       438
         3       480       479       436
         3       480       436       437
         3       481       437       438
         3       483       438       394
         3       483       482       438
         3       489       442       443
         3       530       481       482
         3       485       440       396
         3       534       440       484
         3       487       486       441
         3       548       452       500
         3       486       397       441
         3       487       441       442
         3       490       489       443
         3       540       445       492
         3       506       505       458
         3       534       533       483
         3       530       529       480
         3       489       488       442
         3       531       530       482
         3       492       445       402
         3       495       447       448
         3       495       494       447
         3       539       490       491
         3       540       491       445
         3       493       492       446
         3       541       492       493
         3      2395      2394       498
         3       496       495       448
         3       543       494       495
         3       499       451       408
         3      2394       546       498
         3       544       496       497
         3       585       488       538
         3       536       535       486
         3       500       452       453
         3      2394       451       499
         3       501       500       453
         3       550       549       501
         3       544       543       495
         3       542       493       494
         3       627       533       534
         3       503       455       456
         3       550       453       502
         3       507       459       415
         3       504       503       456
         3       550       501       453
         3       522       521       472
         3       510       462       463
         3       505       504       456
         3       508       507       460
         3       509       508       461
         3       551       550       502
         3       507       506       459
         3       514       465       466
         3       563       513       514
         3       521       520       471
         3       559       462       510
         3       557       556       506
         3       599       553       554
         3       552       551       503
         3       597       550       551
         3       595       548       549
         3       560       463       511
         3       512       511       464
         3       589       541       542
         3       539       489       490
         3       515       466       467
         3       514       513       465
         3       517       468       425
         3       515       514       466
         3       519       518       469
         3       562       561       512
         3       608       513       563
         3       517       516       468
         3       608       562       513
         3       519       470       471
         3       521       471       472
         3       567       518       519
         3       520       519       471
         3       568       519       520
         3       566       516       517
         3       523       473       474
         3       525       475       476
         3       569       521       522
         3       570       522       523
         3       556       555       506
         3       523       522       473
         3       527       477       478
         3       525       524       475
         3       572       524       525
         3       571       570       523
         3       586       538       539
         3      2372       526       574
         3       527       526       477
         3       528       527       478
         3       584       536       487
         3       532       482       483
         3       529       479       480
         3       536       486       487
         3       538       488       489
         3       579       530       531
         3       534       483       440
         3       535       484       485
         3       537       487       488
         3       580       532       533
         3       535       534       484
         3       581       534       535
         3       584       487       537
         3      2394       593       546
         3       539       538       489
         3       542       541       493
         3       594       547       548
         3       582       581       535
         3       544       495       496
         3       540       539       491
         3       582       535       536
         3       543       542       494
         3       541       540       492
         3       545       544       497
         3       591       543       544
         3       588       540       541
         3       584       583       536
         3       545       497       498
         3       591       544       545
         3       548       499       452
         3       549       500       501
         3      2394       547       593
         3       546       545       498
         3       604       509       559
         3       597       596       549
         3       554       504       505
         3       548       547       499
         3       557       506       507
         3       549       548       500
         3       589       588       541
         3       551       502       455
         3       553       503       504
         3       557       507       508
         3       555       554       505
         3       598       551       552
         3       586       585       538
         3       555       505       506
         3       554       553       504
         3       559       509       462
         3       558       557       508
         3       562       512       513
         3       601       554       555
         3       606       560       561
         3       603       557       558
         3       560       510       463
         3       561       511       512
         3       646       598       599
         3       560       559       510
         3       561       560       511
         3       565       564       516
         3       615       520       569
         3       602       601       555
         3       595       594       548
         3       587       586       539
         3       563       514       515
         3       564       515       516
         3       566       517       518
         3       564       563       515
         3       569       520       521
         3       610       564       565
         3       609       563       564
         3       575       526       527
         3       611       516       566
         3       605       604       559
         3       567       566       518
         3       568       567       519
         3       615       568       520
         3       571       523       524
         3       570       569       522
         3       616       569       570
         3       614       567       568
         3       651       604       605
         3      2372      2371       526
         3       572       571       524
         3       618       571       572
         3       608       607       562
         3       619       525       573
         3       576       527       528
         3      2372       573       525
         3       620       526       575
         3       621       575       576
         3       620       574       526
         3       576       575       527
         3       619       618       572
         3       603       602       557
         3       588       587       540
         3       580       531       532
         3       578       529       530
         3       578       577       529
         3       579       578       530
         3       624       623       577
         3       625       579       531
         3       625       531       580
         3       627       534       581
         3       624       578       579
         3       585       537       488
         3       583       582       536
         3       587       539       540
         3       629       582       583
         3       585       584       537
         3       629       628       582
         3       630       583       584
         3       592       591       545
         3       590       589       542
         3       634       586       587
         3       625       624       579
         3       590       542       543
         3       592       545       546
         3       591       590       543
         3       636       588       589
         3       639       591       592
         3       637       589       590
         3       593       592       546
         3       642       594       595
         3       638       590       591
         3       597       549       550
         3       594       593       547
         3       599       552       553
         3       599       598       552
         3       641       593       594
         3       672       671       623
         3       596       595       549
         3       602       555       556
         3       645       551       598
         3       602       556       557
         3       604       558       509
         3       645       597       551
         3       600       599       554
         3       648       600       601
         3       688       593       641
         3       634       633       586
         3       674       626       627
         3       601       600       554
         3       606       559       560
         3       650       558       604
         3       612       566       567
         3       650       602       603
         3       607       561       562
         3       609       608       563
         3       647       646       599
         3       657       609       610
         3       606       605       559
         3       690       643       644
         3       656       608       609
         3       607       606       561
         3       615       614       568
         3       616       615       569
         3       611       565       516
         3       610       609       564
         3       657       656       609
         3       658       657       610
         3       611       610       565
         3       612       611       566
         3       656       655       608
         3       642       641       594
         3       646       645       598
         3       675       581       628
         3       613       612       567
         3       614       613       567
         3       617       570       571
         3       619       572       525
         3       664       615       616
         3       664       616       617
         3       663       614       615
         3       632       631       585
         3       617       616       570
         3       618       617       571
         3       668       574       620
         3       668       573       574
         3       668       619       573
         3       621       620       575
         3       622       621       576
         3       669       621       622
         3       669       620       621
         3       627       626       580
         3       677       630       631
         3       624       577       578
         3       627       580       533
         3       628       581       582
         3       626       625       580
         3       672       624       625
         3       635       587       588
         3       633       632       585
         3       683       636       589
         3       677       629       630
         3       673       625       626
         3       631       584       585
         3       630       629       583
         3       633       585       586
         3       631       630       584
         3       638       637       590
         3       686       639       592
         3       678       631       632
         3       635       634       587
         3       686       592       640
         3       678       677       631
         3       636       635       588
         3       683       589       637
         3       640       592       593
         3       639       638       591
         3       682       635       636
         3       726       677       678
         3       698       650       651
         3       691       597       645
         3       643       595       596
         3       644       596       597
         3       683       682       636
         3       682       681       634
         3       694       647       648
         3       690       595       643
         3       644       643       596
         3       689       641       642
         3       679       678       632
         3       647       599       600
         3       648       601       602
         3       651       650       604
         3       691       644       597
         3       648       647       600
         3       649       648       602
         3       654       653       606
         3       735       639       686
         3       650       603       558
         3       696       602       650
         3       653       652       606
         3       695       648       649
         3       687       686       640
         3       662       661       613
         3       652       605       606
         3       654       606       607
         3       655       607       608
         3       652       651       605
         3       662       613       614
         3       698       651       652
         3       661       660       612
         3       696       695       649
         3       702       654       655
         3       655       654       607
         3       697       696       650
         3       735       685       639
         3       659       610       611
         3       659       658       610
         3       703       656       657
         3       660       611       612
         3       661       612       613
         3       704       658       659
         3       705       611       660
         3       705       659       611
         3       694       693       647
         3       695       694       648
         3       665       617       618
         3       667       618       619
         3       707       661       662
         3       709       614       663
         3       664       663       615
         3       711       664       665
         3       705       704       659
         3       704       703       657
         3       680       679       633
         3       665       664       617
         3       666       665       618
         3       676       675       628
         3       667       666       618
         3       668       667       619
         3       715       667       668
         3       716       668       669
         3       669       668       620
         3       670       669       622
         3       721       672       673
         3       677       676       629
         3       673       672       625
         3       672       623       624
         3       675       627       581
         3       676       628       629
         3       675       674       627
         3       674       673       626
         3       722       673       674
         3       726       678       679
         3       701       700       653
         3       723       675       676
         3       723       674       675
         3       679       632       633
         3       680       633       634
         3       682       634       635
         3       684       637       638
         3       732       683       637
         3       737       688       689
         3       727       679       680
         3       681       680       634
         3       732       637       684
         3       692       645       646
         3       685       638       639
         3       685       684       638
         3       730       682       683
         3       688       640       593
         3       690       642       595
         3       700       699       653
         3       736       687       688
         3       739       644       691
         3       688       687       640
         3       696       649       602
         3       689       688       641
         3       728       727       680
         3       690       689       642
         3       732       731       683
         3       693       646       647
         3       740       645       692
         3       740       691       645
         3       725       724       676
         3       720       719       672
         3       710       709       663
         3       717       669       670
         3       693       692       646
         3       704       657       658
         3       699       698       652
         3       743       694       695
         3       699       652       653
         3       701       653       654
         3       744       696       697
         3       745       697       698
         3       785       690       739
         3       737       736       688
         3       698       697       650
         3       706       660       661
         3       752       705       706
         3       747       699       700
         3       702       655       656
         3       748       654       702
         3       748       701       654
         3       747       700       701
         3       743       742       694
         3       703       702       656
         3       709       662       614
         3       706       705       660
         3       710       663       664
         3       709       708       662
         3       751       704       705
         3       765       764       719
         3       707       706       661
         3       708       707       662
         3       756       755       709
         3       713       665       666
         3       714       666       667
         3       756       709       710
         3       751       750       703
         3       711       710       664
         3       712       711       665
         3       757       756       710
         3       713       712       665
         3       759       666       714
         3       759       713       666
         3       752       751       705
         3       790       789       742
         3       788       787       741
         3       715       714       667
         3       716       715       668
         3       717       716       669
         3       763       717       718
         3       761       716       717
         3       718       717       670
         3       731       730       683
         3       773       727       728
         3       724       723       676
         3       722       721       673
         3       721       720       672
         3       725       676       677
         3       719       671       672
         3       766       765       720
         3       726       725       677
         3       728       680       681
         3       729       681       682
         3       733       684       685
         3       767       674       723
         3       773       728       729
         3       768       723       724
         3       766       720       721
         3       727       726       679
         3       730       729       682
         3       770       725       726
         3       813       765       766
         3       729       728       681
         3       779       733       734
         3       735       686       687
         3       735       734       685
         3       734       733       685
         3       775       729       730
         3       784       689       738
         3       797       748       702
         3       775       774       729
         3       770       769       725
         3       733       732       684
         3       742       693       694
         3       782       687       736
         3       741       692       693
         3       772       771       727
         3       738       689       690
         3       739       690       644
         3       782       735       687
         3       788       693       742
         3       832       738       785
         3       784       737       689
         3       776       775       730
         3       815       722       767
         3       740       739       691
         3       787       692       741
         3       743       695       696
         3       746       698       699
         3       786       739       740
         3       820       771       772
         3       744       743       696
         3       794       699       747
         3       793       697       745
         3       753       752       706
         3       749       702       703
         3       796       701       748
         3       834       786       787
         3       746       745       698
         3       793       792       744
         3       797       702       749
         3       754       753       707
         3       751       703       704
         3       753       706       707
         3       798       749       750
         3       787       786       740
         3       761       715       716
         3       750       749       703
         3       828       779       780
         3       813       812       764
         3       754       707       708
         3       755       708       709
         3       755       754       708
         3       801       751       752
         3       800       799       751
         3       758       712       713
         3       760       714       715
         3       804       754       755
         3       845       750       799
         3       757       710       711
         3       758       711       712
         3       806       756       757
         3       846       800       801
         3       796       795       747
         3       807       711       758
         3       808       713       759
         3       760       759       714
         3       808       807       758
         3       809       715       761
         3       762       761       717
         3       810       761       762
         3       840       793       794
         3       763       762       717
         3       836       788       789
         3       768       767       723
         3       776       730       731
         3       765       719       720
         3       815       721       722
         3       767       722       674
         3       769       724       725
         3       771       726       727
         3       826       777       778
         3       833       785       786
         3       817       768       769
         3       769       768       724
         3       814       813       766
         3       773       772       727
         3       771       770       726
         3       774       773       729
         3       824       775       776
         3       820       770       771
         3       777       731       732
         3       826       731       777
         3       778       777       733
         3       824       774       775
         3       777       732       733
         3       780       734       735
         3       823       773       774
         3       815       814       766
         3       782       736       737
         3       779       778       733
         3       830       782       783
         3       780       779       734
         3       782       781       735
         3       781       780       735
         3       872       778       827
         3       831       783       784
         3       784       783       737
         3       785       738       690
         3       783       782       737
         3       788       741       693
         3       792       791       744
         3       828       827       779
         3       823       822       773
         3       822       821       772
         3       787       740       692
         3       786       785       739
         3       790       742       743
         3       789       788       742
         3       837       790       791
         3       809       760       715
         3       791       743       744
         3       794       745       746
         3       878       784       832
         3       793       744       697
         3       791       790       743
         3       794       793       745
         3       807       806       757
         3       794       746       699
         3       796       747       701
         3       795       794       747
         3       839       792       793
         3       884       835       836
         3       799       750       751
         3       804       803       754
         3       843       795       796
         3       843       796       797
         3       844       797       798
         3       881       786       834
         3       797       796       748
         3       798       797       749
         3       868       822       823
         3       801       800       751
         3       803       802       753
         3       802       752       753
         3       802       801       752
         3       846       799       800
         3       842       841       794
         3       803       753       754
         3       805       755       756
         3       807       757       711
         3       848       803       804
         3       848       802       803
         3       850       755       805
         3       806       805       756
         3       808       758       713
         3       855       759       760
         3       852       807       808
         3       852       806       807
         3       849       848       804
         3       855       760       809
         3       810       809       761
         3       856       809       810
         3       848       847       802
         3       811       762       763
         3       857       762       811
         3       851       805       806
         3       869       824       825
         3       832       784       738
         3       860       813       814
         3       813       764       765
         3       815       766       721
         3       816       767       768
         3       819       769       770
         3       820       819       770
         3       861       814       815
         3       862       767       816
         3       912       816       817
         3       860       859       813
         3       817       816       768
         3       830       829       782
         3       818       817       769
         3       819       818       769
         3       865       819       820
         3       822       772       773
         3       821       820       772
         3       865       820       821
         3       861       860       814
         3       824       823       774
         3       825       824       776
         3       837       789       790
         3       836       835       788
         3       826       776       731
         3       826       825       776
         3       866       865       821
         3       827       778       779
         3       828       780       781
         3       872       826       778
         3       829       781       782
         3       875       781       829
         3       873       872       827
         3       865       864       819
         3       878       831       784
         3       843       842       795
         3       831       830       783
         3       877       830       831
         3       909       860       861
         3       835       787       788
         3       833       832       785
         3       879       832       833
         3       838       791       792
         3       835       834       787
         3       842       794       795
         3       841       840       794
         3       883       834       835
         3       837       836       789
         3       881       880       833
         3       862       861       815
         3       912       817       863
         3       875       874       828
         3       838       837       791
         3       839       838       792
         3       840       839       793
         3       888       839       840
         3       870       869       825
         3       845       798       750
         3       847       801       802
         3       850       804       755
         3       890       841       842
         3       891       842       843
         3       844       843       797
         3       889       888       840
         3       845       844       798
         3       846       845       799
         3       894       846       847
         3       892       844       845
         3       883       882       834
         3       917       866       867
         3       922       873       874
         3       847       846       801
         3       854       808       759
         3       857       810       762
         3       850       849       804
         3       898       849       850
         3       895       894       847
         3       899       805       851
         3       898       897       849
         3       896       895       848
         3       864       863       818
         3       852       851       806
         3       902       808       853
         3       854       853       808
         3       903       853       854
         3       855       854       759
         3       856       855       809
         3       904       855       856
         3       899       898       850
         3       857       856       810
         3       858       857       811
         3       906       857       858
         3       864       818       819
         3       859       812       813
         3       862       815       767
         3       863       817       818
         3       872       871       826
         3       867       866       821
         3       879       878       832
         3       911       861       862
         3       912       862       816
         3       867       821       822
         3       869       823       824
         3       915       864       865
         3       909       908       859
         3       876       875       829
         3       871       825       826
         3       871       870       825
         3       920       871       872
         3       868       867       822
         3       918       868       869
         3       869       868       823
         3       962       864       915
         3       878       877       831
         3       923       874       875
         3       874       827       828
         3       874       873       827
         3       920       870       871
         3       910       909       861
         3       875       828       781
         3       876       829       830
         3       881       833       786
         3       877       876       830
         3       926       879       880
         3       927       881       882
         3       923       875       876
         3       887       838       839
         3       882       881       834
         3       880       879       833
         3       925       877       878
         3       889       840       841
         3       884       883       835
         3       934       889       890
         3       927       880       881
         3       885       836       837
         3       886       837       838
         3       925       924       877
         3       885       884       836
         3       929       928       883
         3       929       883       884
         3       923       922       874
         3       892       843       844
         3       886       885       837
         3       890       889       841
         3       887       886       838
         3       931       885       886
         3       905       856       857
         3       888       887       839
         3       893       845       846
         3       895       847       848
         3       902       852       808
         3       891       890       842
         3       935       890       891
         3       930       929       884
         3       931       930       885
         3       892       891       843
         3       893       892       845
         3       937       936       892
         3       968       870       920
         3       958       957       911
         3       939       846       894
         3       897       848       849
         3       897       896       848
         3       942       895       896
         3       986       936       937
         3       899       850       805
         3       947       851       852
         3       944       897       898
         3       903       854       855
         3       900       899       851
         3       945       899       900
         3       948       901       902
         3       944       943       897
         3       938       937       893
         3       947       852       901
         3       902       901       852
         3       933       932       888
         3       903       902       853
         3       904       903       855
         3       905       904       856
         3       951       904       905
         3       946       945       900
         3       945       944       898
         3       906       905       857
         3       907       906       858
         3      1007       914       962
         3       914       913       863
         3       959       958       911
         3       913       912       863
         3       909       859       860
         3       914       863       864
         3       959       862       912
         3       956       909       910
         3       911       910       861
         3       957       910       911
         3       947       946       900
         3       916       865       866
         3       918       867       868
         3       916       915       865
         3       918       917       867
         3       966       869       919
         3       963       915       916
         3       919       869       870
         3       964       866       917
         3       969       872       921
         3      1008       915       963
         3       921       872       873
         3       922       921       873
         3       926       925       879
         3       964       963       916
         3       960       959       912
         3       932       931       887
         3       941       940       894
         3       970       921       922
         3       924       876       877
         3       925       878       879
         3       971       922       923
         3       973       876       924
         3       972       971       923
         3      1012       966       967
         3       967       966       919
         3       928       882       883
         3       930       884       885
         3       975       925       926
         3       976       880       927
         3       977       882       928
         3       977       927       882
         3      1017       972       973
         3       966       965       918
         3       931       886       887
         3       932       887       888
         3       979       929       930
         3       934       888       889
         3       936       935       891
         3       939       893       846
         3       982       932       933
         3       981       931       932
         3       985       934       935
         3      1022       977       978
         3       934       933       888
         3       935       934       890
         3       975       974       925
         3      1004       959       960
         3       936       891       892
         3       937       892       893
         3       939       938       893
         3       989       940       941
         3       987       937       938
         3       941       894       895
         3       940       939       894
         3       943       896       897
         3       943       942       896
         3       988       939       940
         3       990       941       895
         3       984       983       933
         3       990       895       942
         3       954       906       907
         3       945       898       899
         3       947       900       851
         3       991       943       944
         3       948       947       901
         3       952       905       906
         3       993       945       946
         3      1035       942       991
         3       948       902       903
         3       950       903       904
         3       995       947       948
         3       949       948       903
         3      2386       948       949
         3      1041       950       996
         3       987       986       937
         3       969       968       920
         3       950       949       903
         3       996       904       951
         3       952       951       905
         3       997       952       953
         3       997       951       952
         3       953       952       906
         3       954       953       906
         3       961       960       912
         3       957       956       910
         3       955       908       909
         3      1001       909       956
         3       959       911       862
         3       961       912       913
         3      1003       957       958
         3      1003       956       957
         3       961       913       914
         3       962       914       864
         3       968       967       919
         3      1020       975       926
         3      1003      1002       956
         3       964       916       866
         3       965       917       918
         3      1007      1006       961
         3       966       918       869
         3       965       964       917
         3      1010       964       965
         3       968       919       870
         3       969       920       872
         3       974       924       925
         3       974       973       924
         3       981       980       930
         3      1013       967       968
         3       970       969       921
         3      1014       969       970
         3      1010      1009       964
         3      1004      1003       958
         3      1054       963      1009
         3      1048      1002      1003
         3       971       970       922
         3       973       923       876
         3       973       972       923
         3       976       926       880
         3       977       976       927
         3      1018       973       974
         3      1001      1000       955
         3      1032       938       988
         3       978       977       928
         3      1020       926       976
         3       979       978       929
         3      1019      1018       974
         3       978       928       929
         3       981       930       931
         3       984       933       934
         3       985       935       936
         3       980       979       930
         3      1024       979       980
         3      1016      1015       971
         3      1030       985       986
         3       982       981       932
         3      1024      1023       979
         3      1073      1026      1027
         3      1017      1016       971
         3      1068      1020      1021
         3       983       982       933
         3       985       984       934
         3       989       988       940
         3       988       938       939
         3       986       985       936
         3      1029      1028       984
         3      1049      1003      1004
         3       990       989       941
         3       996       950       904
         3      1032       987       938
         3       991       942       943
         3       992       944       945
         3      1034       989       990
         3       994       946       947
         3       992       991       944
         3      1036       991       992
         3      1032      1031       987
         3      1030      1029       984
         3       999       953       954
         3       993       992       945
         3       994       993       946
         3       995       994       947
         3      1038      1037       993
         3      2386      2385       995
         3      1041       949       950
         3      1042       951       997
         3      2386      1041      2385
         3      1022      1021       977
         3      1034      1033       988
         3       998       997       953
         3       999       998       953
         3      1018      1017       973
         3      1006      1005       961
         3      1002      1001       956
         3      1001       955       909
         3      1055      1010       965
         3      1021       976       977
         3      1004       958       959
         3      1005      1004       960
         3      1008      1007       962
         3      1052      1007      1008
         3      1047      1001      1002
         3      1005       960       961
         3      1007       961       914
         3      1050      1049      1004
         3      1008       962       915
         3      1009       963       964
         3      1011       965       966
         3      1014       968       969
         3      1055       965      1011
         3      1101      1006      1052
         3      1014      1013       968
         3      1061       970      1015
         3      1053      1008       963
         3      1012      1011       966
         3      1058      1012       967
         3      1053      1052      1008
         3      1058       967      1013
         3      1015       970       971
         3      1017       971       972
         3      1019       974       975
         3      1061      1014       970
         3      1020      1019       975
         3      1062      1015      1016
         3      1021      1020       976
         3      1062      1061      1015
         3      1061      1060      1014
         3      1035      1034       990
         3      1023       978       979
         3      1026       980       981
         3      1072      1025      1026
         3      1066      1019      1020
         3      1031       986       987
         3      1033      1032       988
         3      1064      1063      1017
         3      1023      1022       978
         3      1066      1065      1019
         3      1106      1055      1056
         3      1055      1054      1010
         3      1025      1024       980
         3      1026      1025       980
         3      1026       981       982
         3      1028       982       983
         3      1028      1027       982
         3      1027      1026       982
         3      1071      1024      1025
         3      1102      1052      1053
         3      1028       983       984
         3      1030       984       985
         3      1075      1028      1029
         3      1034       988       989
         3      1031      1030       986
         3      1079      1030      1031
         3      1074      1073      1027
         3      1035       990       942
         3      1037       992       993
         3      1081      1032      1033
         3      1073      1072      1026
         3      1037      1036       992
         3      1042      1041       996
         3      1085       991      1036
         3      1085      1035       991
         3      1084      1034      1035
         3      1038       993       994
         3      1040       994       995
         3      1087      1037      1038
         3      1133      1038      1088
         3      1126      1078      1079
         3      1085      1084      1035
         3      1039      1038       994
         3      1040      1039       994
         3      1108      1057      1058
         3      1042       996       951
         3      1044       997       998
         3      1090      1089      1040
         3      1092      1041      1042
         3      2375       997      1043
         3      1044       998       999
         3      1044      1043       997
         3      1045      1044       999
         3      1095      1044      1045
         3      1060      1059      1014
         3      1074      1027      1028
         3      1048      1047      1002
         3      1050      1004      1005
         3      1046      1000      1001
         3      1047      1046      1001
         3      1052      1006      1007
         3      1049      1048      1003
         3      1099      1048      1049
         3      1143      1048      1099
         3      1051      1005      1006
         3      1051      1050      1005
         3      1100      1050      1051
         3      1054      1009      1010
         3      1056      1011      1012
         3      1054      1053       963
         3      1059      1058      1013
         3      1057      1056      1012
         3      1108      1058      1059
         3      1056      1055      1011
         3      1104      1054      1055
         3      1100      1099      1049
         3      1101      1051      1006
         3      1059      1013      1014
         3      1058      1057      1012
         3      1068      1021      1022
         3      1113      1018      1065
         3      1113      1064      1018
         3      1112      1111      1063
         3      1107      1106      1056
         3      1063      1016      1017
         3      1063      1062      1016
         3      1110      1061      1062
         3      1108      1107      1057
         3      1064      1017      1018
         3      1065      1018      1019
         3      1070      1022      1023
         3      1112      1063      1064
         3      1115      1066      1067
         3      1118      1068      1069
         3      1068      1067      1020
         3      1067      1066      1020
         3      1077      1076      1029
         3      1123      1073      1074
         3      1071      1023      1024
         3      1069      1068      1022
         3      1113      1112      1064
         3      1119      1069      1070
         3      1070      1069      1022
         3      1120      1023      1071
         3      1109      1108      1059
         3      1149      1104      1105
         3      1072      1071      1025
         3      1077      1029      1030
         3      1080      1031      1032
         3      1124      1123      1074
         3      1075      1074      1028
         3      1167      1072      1122
         3      1164      1070      1120
         3      1151      1106      1107
         3      1076      1075      1029
         3      1078      1077      1030
         3      1079      1078      1030
         3      1083      1033      1034
         3      1082      1081      1033
         3      1129      1083      1084
         3      1080      1079      1031
         3      1127      1080      1081
         3      1171      1076      1125
         3      1081      1080      1032
         3      1083      1082      1033
         3      1084      1083      1034
         3      1086      1036      1037
         3      1087      1086      1037
         3      1129      1082      1083
         3      1134      1088      1089
         3      1132      1131      1085
         3      1132      1085      1036
         3      1130      1084      1085
         3      1171      1124      1076
         3      1094      1043      1044
         3      1088      1038      1039
         3      1089      1039      1040
         3      2385      1090      1040
         3      1089      1088      1039
         3      1133      1087      1038
         3      1115      1114      1065
         3      2376      2375      1093
         3      2385      1091      1136
         3      2385      1136      1090
         3      1092      1091      1041
         3      1134      1133      1088
         3      1136      1135      1090
         3      2375      1092      1042
         3      1094      1093      1043
         3      1095      1094      1044
         3      1141      1094      1095
         3      1162      1161      1117
         3      1143      1047      1048
         3      1098      1097      1047
         3      1146      1051      1101
         3      1100      1049      1050
         3      1097      1046      1047
         3      1097      1096      1046
         3      1103      1102      1053
         3      1162      1068      1118
         3      1143      1098      1047
         3      1104      1053      1054
         3      1147      1052      1102
         3      1146      1100      1051
         3      1104      1103      1053
         3      1105      1104      1055
         3      1148      1102      1103
         3      1145      1144      1100
         3      1144      1099      1100
         3      1107      1056      1057
         3      1106      1105      1055
         3      1158      1113      1114
         3      1110      1109      1061
         3      1109      1059      1060
         3      1109      1060      1061
         3      1193      1101      1147
         3      1111      1062      1063
         3      1156      1062      1111
         3      1114      1113      1065
         3      1155      1109      1110
         3      1153      1108      1109
         3      1189      1098      1143
         3      1115      1065      1066
         3      1117      1067      1068
         3      1119      1118      1069
         3      1157      1111      1112
         3      1120      1070      1023
         3      1121      1071      1072
         3      1166      1120      1121
         3      1159      1114      1115
         3      1156      1155      1110
         3      1116      1115      1067
         3      1162      1117      1068
         3      1155      1154      1109
         3      1148      1147      1102
         3      1117      1116      1067
         3      1121      1120      1071
         3      1172      1078      1126
         3      1122      1072      1073
         3      1124      1074      1075
         3      1123      1122      1073
         3      1128      1081      1082
         3      1161      1160      1116
         3      1124      1075      1076
         3      1125      1076      1077
         3      1168      1122      1123
         3      1125      1077      1078
         3      1127      1079      1080
         3      1179      1086      1133
         3      1179      1132      1086
         3      1127      1126      1079
         3      1169      1168      1123
         3      1174      1081      1128
         3      1174      1127      1081
         3      1212      1165      1166
         3      1215      1167      1168
         3      1129      1128      1082
         3      1130      1129      1084
         3      1176      1129      1130
         3      1158      1157      1112
         3      1190      1099      1144
         3      1140      1093      1094
         3      1131      1130      1085
         3      1132      1036      1086
         3      1133      1086      1087
         3      1135      1089      1090
         3      1138      1091      1092
         3      1178      1177      1130
         3      1135      1134      1089
         3      1226      1132      1179
         3      2376      1092      2375
         3      1137      1136      1091
         3      1183      1136      1137
         3      1177      1176      1130
         3      1175      1174      1128
         3      1138      1137      1091
         3      1139      1138      1092
         3      2377      1140      1185
         3      2377      1139      2376
         3      1184      1138      1139
         3      1180      1179      1133
         3      1141      1140      1094
         3      1190      1189      1143
         3      1192      1191      1145
         3      1192      1145      1146
         3      1189      1097      1098
         3      1142      1096      1097
         3      1195      1103      1149
         3      1193      1146      1101
         3      1190      1143      1099
         3      1147      1101      1052
         3      1146      1145      1100
         3      1149      1103      1104
         3      1150      1105      1106
         3      1157      1156      1111
         3      1204      1156      1157
         3      1150      1149      1105
         3      1198      1106      1151
         3      1176      1175      1128
         3      1199      1151      1152
         3      1152      1107      1108
         3      1154      1153      1109
         3      1198      1150      1106
         3      1191      1190      1144
         3      1152      1151      1107
         3      1153      1152      1108
         3      1156      1110      1062
         3      1158      1112      1113
         3      1201      1200      1153
         3      1242      1147      1194
         3      1159      1158      1114
         3      1160      1159      1115
         3      1210      1118      1163
         3      1210      1162      1118
         3      1206      1157      1158
         3      1160      1115      1116
         3      1161      1116      1117
         3      1207      1159      1160
         3      1248      1201      1202
         3      1195      1194      1148
         3      1163      1118      1119
         3      1211      1163      1164
         3      1163      1119      1070
         3      1165      1164      1120
         3      1170      1123      1124
         3      1164      1163      1070
         3      1209      1161      1162
         3      1167      1121      1072
         3      1166      1165      1120
         3      1214      1121      1167
         3      1168      1167      1122
         3      1172      1125      1078
         3      1170      1169      1123
         3      1211      1210      1163
         3      1173      1126      1127
         3      1173      1172      1126
         3      1216      1169      1170
         3      1213      1212      1166
         3      1207      1206      1159
         3      1197      1196      1150
         3      1171      1170      1124
         3      1172      1171      1125
         3      1176      1128      1129
         3      1174      1173      1127
         3      1178      1130      1131
         3      1220      1173      1174
         3      1221      1174      1175
         3      1178      1131      1132
         3      1182      1135      1136
         3      1223      1222      1175
         3      1219      1218      1172
         3      1205      1204      1157
         3      1239      1191      1192
         3      1186      1140      1141
         3      1180      1133      1134
         3      1181      1134      1135
         3      1184      1137      1138
         3      1226      1178      1132
         3      1181      1180      1134
         3      1229      1180      1181
         3      1226      1225      1178
         3      1182      1181      1135
         3      1222      1221      1175
         3      1183      1182      1136
         3      1184      1183      1137
         3      1230      1229      1181
         3      1185      1184      1139
         3      1186      1185      1140
         3      1234      1185      1186
         3      1187      1186      1141
         3      1240      1239      1192
         3      1259      1210      1211
         3      1240      1192      1146
         3      1189      1188      1142
         3      1189      1142      1097
         3      1191      1144      1145
         3      1194      1147      1148
         3      1237      1189      1190
         3      1240      1146      1193
         3      1198      1197      1150
         3      1195      1148      1103
         3      1196      1149      1150
         3      1196      1195      1149
         3      1249      1202      1203
         3      1202      1153      1154
         3      1204      1155      1156
         3      1246      1198      1199
         3      1244      1195      1196
         3      1200      1199      1152
         3      1245      1196      1197
         3      1242      1193      1147
         3      1260      1211      1212
         3      1200      1152      1153
         3      1199      1198      1151
         3      1251      1155      1204
         3      1203      1202      1154
         3      1209      1208      1160
         3      1248      1200      1201
         3      1203      1154      1155
         3      1202      1201      1153
         3      1206      1158      1159
         3      1209      1160      1161
         3      1245      1244      1196
         3      1206      1205      1157
         3      1214      1213      1166
         3      1251      1250      1203
         3      1210      1209      1162
         3      1216      1168      1169
         3      1255      1206      1207
         3      1293      1200      1248
         3      1246      1245      1197
         3      1239      1238      1190
         3      1208      1207      1160
         3      1231      1230      1182
         3      1212      1211      1164
         3      1229      1228      1180
         3      1212      1164      1165
         3      1214      1166      1121
         3      1261      1213      1214
         3      1216      1215      1168
         3      1255      1254      1206
         3      1217      1170      1171
         3      1218      1171      1172
         3      1218      1217      1171
         3      1215      1214      1167
         3      1268      1221      1222
         3      1262      1215      1216
         3      1262      1214      1215
         3      1217      1216      1170
         3      1301      1209      1258
         3      1247      1246      1199
         3      1220      1172      1173
         3      1220      1219      1172
         3      1265      1218      1219
         3      1287      1240      1241
         3      1232      1231      1183
         3      1223      1175      1176
         3      1221      1220      1174
         3      1225      1177      1178
         3      1227      1226      1179
         3      1267      1220      1221
         3      1300      1255      1256
         3      1224      1176      1177
         3      1224      1223      1176
         3      1270      1223      1224
         3      1225      1224      1177
         3      1269      1268      1222
         3      1227      1179      1180
         3      1230      1181      1182
         3      1272      1271      1225
         3      1228      1227      1180
         3      1273      1272      1226
         3      1266      1265      1219
         3      1243      1242      1194
         3      1231      1182      1183
         3      1232      1183      1184
         3      1275      1229      1230
         3      1233      1184      1185
         3      1234      1186      1187
         3      1277      1231      1232
         3      1318      1227      1274
         3      1262      1261      1214
         3      1233      1232      1184
         3      1234      1233      1185
         3      1280      1233      1234
         3      1281      1234      1235
         3      1235      1234      1187
         3      1290      1245      1246
         3      1238      1237      1190
         3      1239      1190      1191
         3      1237      1188      1189
         3      1237      1236      1188
         3      1241      1240      1193
         3      1242      1241      1193
         3      1284      1283      1237
         3      1243      1194      1195
         3      1244      1243      1195
         3      1295      1249      1250
         3      1287      1241      1242
         3      1257      1256      1208
         3      1315      1223      1270
         3      1288      1242      1243
         3      1286      1239      1240
         3      1246      1197      1198
         3      1247      1199      1200
         3      1251      1203      1155
         3      1290      1244      1245
         3      1253      1252      1205
         3      1254      1253      1206
         3      1288      1287      1242
         3      1249      1248      1202
         3      1250      1249      1203
         3      1253      1205      1206
         3      1297      1251      1252
         3      1293      1248      1249
         3      1336      1243      1289
         3      1252      1204      1205
         3      1252      1251      1204
         3      1256      1207      1208
         3      1257      1208      1209
         3      1297      1252      1253
         3      1290      1289      1244
         3      1256      1255      1207
         3      1259      1258      1210
         3      1258      1209      1210
         3      1260      1212      1213
         3      1261      1260      1213
         3      1300      1256      1257
         3      1297      1296      1251
         3      1260      1259      1211
         3      1264      1263      1217
         3      1302      1258      1259
         3      1263      1216      1217
         3      1264      1217      1218
         3      1305      1260      1261
         3      1298      1297      1253
         3      1331      1284      1285
         3      1271      1270      1225
         3      1263      1262      1216
         3      1307      1262      1263
         3      1267      1219      1220
         3      1265      1264      1218
         3      1268      1267      1221
         3      1309      1264      1265
         3      1267      1266      1219
         3      1310      1266      1267
         3      1310      1265      1266
         3      1303      1302      1259
         3      1275      1274      1228
         3      1269      1222      1223
         3      1270      1224      1225
         3      1313      1268      1269
         3      1272      1225      1226
         3      1275      1228      1229
         3      1315      1314      1269
         3      1308      1307      1263
         3      1334      1240      1287
         3      1300      1299      1255
         3      1273      1226      1227
         3      1274      1227      1228
         3      1317      1272      1273
         3      1276      1230      1231
         3      1279      1232      1233
         3      1321      1230      1276
         3      1319      1318      1274
         3      1365      1271      1317
         3      1313      1312      1268
         3      1277      1276      1231
         3      1278      1277      1232
         3      1279      1278      1232
         3      1326      1279      1280
         3      1325      1278      1279
         3      1351      1302      1303
         3      1280      1279      1233
         3      1327      1234      1281
         3      1382      1287      1335
         3      1334      1286      1240
         3      1292      1291      1246
         3      1289      1243      1244
         3      1284      1237      1238
         3      1283      1236      1237
         3      1283      1282      1236
         3      1285      1238      1239
         3      1285      1284      1238
         3      1286      1285      1239
         3      1342      1293      1294
         3      1339      1290      1291
         3      1307      1306      1262
         3      1305      1304      1260
         3      1333      1285      1286
         3      1292      1246      1247
         3      1293      1247      1200
         3      1291      1290      1246
         3      1334      1333      1286
         3      1293      1292      1247
         3      1298      1253      1254
         3      1331      1330      1283
         3      1301      1300      1257
         3      1308      1263      1264
         3      1296      1250      1251
         3      1294      1293      1249
         3      1342      1294      1295
         3      1295      1294      1249
         3      1341      1292      1293
         3      1333      1332      1285
         3      1387      1291      1340
         3      1296      1295      1250
         3      1299      1254      1255
         3      1301      1257      1209
         3      1346      1297      1298
         3      1332      1331      1285
         3      1347      1254      1299
         3      1318      1273      1227
         3      1318      1317      1273
         3      1304      1259      1260
         3      1302      1301      1258
         3      1305      1261      1262
         3      1351      1301      1302
         3      1393      1345      1346
         3      1379      1331      1332
         3      1338      1337      1289
         3      1304      1303      1259
         3      1310      1309      1265
         3      1306      1305      1262
         3      1351      1350      1301
         3      1359      1308      1309
         3      1312      1267      1268
         3      1312      1311      1267
         3      1357      1307      1308
         3      1350      1349      1300
         3      1352      1351      1303
         3      1309      1308      1264
         3      1314      1313      1269
         3      1311      1310      1267
         3      1361      1311      1312
         3      1315      1269      1223
         3      1317      1271      1272
         3      1361      1312      1313
         3      1357      1356      1307
         3      1393      1344      1345
         3      1364      1315      1270
         3      1322      1321      1276
         3      1323      1322      1276
         3      1316      1270      1271
         3      1364      1270      1316
         3      1363      1314      1315
         3      1387      1386      1339
         3      1320      1274      1275
         3      1320      1319      1274
         3      1367      1317      1318
         3      1321      1275      1230
         3      1321      1320      1275
         3      1369      1319      1320
         3      1412      1316      1365
         3      1323      1276      1277
         3      1324      1277      1278
         3      1325      1324      1278
         3      1370      1321      1322
         3      1371      1323      1324
         3      1371      1322      1323
         3      1368      1367      1318
         3      1381      1380      1333
         3      1324      1323      1277
         3      1327      1280      1234
         3      1326      1325      1279
         3      1374      1373      1325
         3      1327      1326      1280
         3      1375      1374      1326
         3      1385      1337      1338
         3      1328      1327      1281
         3      1336      1335      1288
         3      1331      1283      1284
         3      1329      1282      1283
         3      1330      1329      1283
         3      1335      1287      1288
         3      1340      1291      1292
         3      1382      1334      1287
         3      1387      1339      1291
         3      1343      1295      1296
         3      1337      1336      1289
         3      1336      1288      1243
         3      1338      1289      1290
         3      1349      1348      1299
         3      1382      1381      1333
         3      1402      1354      1355
         3      1380      1379      1332
         3      1339      1338      1290
         3      1388      1292      1341
         3      1380      1332      1333
         3      1345      1296      1297
         3      1342      1341      1293
         3      1395      1347      1348
         3      1399      1351      1352
         3      1391      1295      1343
         3      1391      1342      1295
         3      1344      1343      1296
         3      1346      1345      1297
         3      1383      1382      1335
         3      1428      1382      1383
         3      1347      1298      1254
         3      1345      1344      1296
         3      1349      1299      1300
         3      1347      1346      1298
         3      1353      1352      1303
         3      1355      1354      1305
         3      1350      1300      1301
         3      1348      1347      1299
         3      1394      1346      1347
         3      1384      1383      1335
         3      1353      1303      1304
         3      1354      1304      1305
         3      1408      1360      1361
         3      1396      1349      1350
         3      1401      1304      1354
         3      1401      1353      1304
         3      1397      1350      1351
         3      1356      1305      1306
         3      1356      1306      1307
         3      1360      1309      1310
         3      1359      1358      1308
         3      1361      1360      1311
         3      1356      1355      1305
         3      1397      1396      1350
         3      1390      1389      1341
         3      1360      1310      1311
         3      1358      1357      1308
         3      1404      1357      1358
         3      1391      1390      1342
         3      1429      1384      1385
         3      1362      1313      1314
         3      1360      1359      1309
         3      1364      1363      1315
         3      1362      1361      1313
         3      1407      1359      1360
         3      1366      1365      1317
         3      1363      1362      1314
         3      1411      1362      1363
         3      1404      1403      1356
         3      1365      1316      1271
         3      1368      1318      1319
         3      1412      1364      1316
         3      1401      1400      1353
         3      1396      1395      1349
         3      1373      1324      1325
         3      1367      1366      1317
         3      1414      1366      1367
         3      1370      1320      1321
         3      1369      1368      1319
         3      1416      1320      1370
         3      1415      1368      1369
         3      1416      1369      1320
         3      1419      1371      1372
         3      1412      1411      1363
         3      1442      1395      1396
         3      1371      1370      1322
         3      1372      1371      1324
         3      1373      1372      1324
         3      1461      1366      1414
         3      1402      1401      1354
         3      1376      1327      1328
         3      1374      1325      1326
         3      1375      1326      1327
         3      1421      1374      1375
         3      1376      1375      1327
         3      1377      1376      1328
         3      1423      1376      1377
         3      1379      1330      1331
         3      1378      1329      1330
         3      1425      1424      1378
         3      1382      1333      1334
         3      1384      1335      1336
         3      1427      1380      1381
         3      1385      1336      1337
         3      1386      1338      1339
         3      1477      1383      1429
         3      1393      1392      1344
         3      1385      1384      1336
         3      1386      1385      1338
         3      1388      1340      1292
         3      1433      1387      1388
         3      1429      1383      1384
         3      1427      1381      1382
         3      1390      1341      1342
         3      1388      1387      1340
         3      1392      1343      1344
         3      1389      1388      1341
         3      1395      1348      1349
         3      1434      1389      1390
         3      1441      1394      1395
         3      1435      1390      1391
         3      1392      1391      1343
         3      1436      1391      1392
         3      1434      1388      1389
         3      1415      1414      1367
         3      1394      1393      1346
         3      1395      1394      1347
         3      1400      1352      1353
         3      1398      1397      1351
         3      1446      1352      1400
         3      1419      1372      1373
         3      1436      1435      1391
         3      1403      1355      1356
         3      1404      1356      1357
         3      1444      1397      1398
         3      1482      1388      1434
         3      1433      1432      1387
         3      1437      1436      1392
         3      1399      1398      1351
         3      1405      1358      1359
         3      1403      1402      1355
         3      1409      1408      1361
         3      1447      1400      1401
         3      1448      1401      1402
         3      1478      1429      1430
         3      1406      1405      1359
         3      1407      1406      1359
         3      1450      1403      1404
         3      1405      1404      1358
         3      1410      1361      1362
         3      1454      1360      1408
         3      1453      1406      1407
         3      1449      1448      1402
         3      1452      1451      1405
         3      1411      1410      1362
         3      1413      1412      1365
         3      1455      1408      1409
         3      1432      1431      1386
         3      1489      1442      1443
         3      1410      1409      1361
         3      1412      1363      1364
         3      1413      1365      1366
         3      1458      1411      1412
         3      1415      1367      1368
         3      1418      1370      1371
         3      1418      1417      1370
         3      1459      1458      1412
         3      1461      1413      1366
         3      1416      1415      1369
         3      1460      1459      1412
         3      1422      1375      1376
         3      1417      1416      1370
         3      1457      1456      1410
         3      1448      1447      1401
         3      1480      1431      1432
         3      1472      1425      1379
         3      1420      1373      1374
         3      1419      1418      1371
         3      1465      1418      1419
         3      1466      1373      1420
         3      1464      1463      1417
         3      1462      1461      1414
         3      1421      1420      1374
         3      1422      1421      1375
         3      1423      1422      1376
         3      1470      1422      1423
         3      1427      1426      1380
         3      1432      1386      1387
         3      1473      1379      1426
         3      1425      1378      1330
         3      1425      1330      1379
         3      1426      1379      1380
         3      1488      1395      1442
         3      1488      1441      1395
         3      1473      1472      1379
         3      1474      1473      1426
         3      1428      1427      1382
         3      1431      1385      1386
         3      1430      1429      1385
         3      1483      1434      1435
         3      1431      1430      1385
         3      1486      1438      1439
         3      1446      1445      1399
         3      1479      1430      1431
         3      1438      1392      1393
         3      1440      1439      1394
         3      1439      1393      1394
         3      1435      1434      1390
         3      1527      1432      1481
         3      1475      1474      1427
         3      1438      1437      1392
         3      1439      1438      1393
         3      1483      1482      1434
         3      1444      1396      1397
         3      1445      1398      1399
         3      1441      1440      1394
         3      1444      1443      1396
         3      1446      1399      1352
         3      1443      1442      1396
         3      1450      1449      1403
         3      1487      1440      1441
         3      1447      1446      1400
         3      1490      1443      1444
         3      1449      1402      1403
         3      1451      1404      1405
         3      1492      1444      1445
         3      1530      1436      1484
         3      1530      1483      1436
         3      1476      1475      1428
         3      1445      1444      1398
         3      1497      1451      1452
         3      1495      1449      1450
         3      1493      1446      1447
         3      1480      1479      1431
         3      1497      1496      1450
         3      1455      1454      1408
         3      1451      1450      1404
         3      1455      1409      1410
         3      1494      1448      1449
         3      1453      1405      1406
         3      1454      1407      1360
         3      1457      1410      1411
         3      1453      1452      1405
         3      1454      1453      1407
         3      1500      1454      1455
         3      1456      1455      1410
         3      1504      1457      1458
         3      1496      1495      1450
         3      1460      1412      1413
         3      1458      1457      1411
         3      1461      1460      1413
         3      1465      1464      1418
         3      1503      1456      1457
         3      1469      1421      1422
         3      1462      1414      1415
         3      1463      1415      1416
         3      1506      1459      1460
         3      1463      1416      1417
         3      1464      1417      1418
         3      1508      1461      1462
         3      1503      1502      1456
         3      1498      1497      1452
         3      1535      1488      1489
         3      1528      1481      1433
         3      1463      1462      1415
         3      1466      1419      1373
         3      1467      1420      1421
         3      1511      1464      1465
         3      1466      1465      1419
         3      1509      1508      1462
         3      1512      1465      1466
         3      1544      1496      1497
         3      1467      1466      1420
         3      1468      1467      1421
         3      1469      1468      1421
         3      1515      1468      1469
         3      1516      1469      1470
         3      1470      1469      1422
         3      1527      1526      1480
         3      1487      1486      1439
         3      1520      1473      1474
         3      1471      1424      1425
         3      1472      1471      1425
         3      1474      1426      1427
         3      1475      1427      1428
         3      1477      1428      1383
         3      1481      1432      1433
         3      1525      1430      1479
         3      1523      1475      1476
         3      1477      1476      1428
         3      1523      1476      1477
         3      1521      1474      1475
         3      1478      1477      1429
         3      1523      1522      1475
         3      1528      1433      1482
         3      1487      1439      1440
         3      1526      1479      1480
         3      1520      1519      1473
         3      1482      1433      1388
         3      1483      1435      1436
         3      1485      1484      1437
         3      1492      1491      1444
         3      1484      1436      1437
         3      1485      1437      1438
         3      1489      1488      1442
         3      1488      1487      1441
         3      1486      1485      1438
         3      1528      1527      1481
         3      1529      1482      1483
         3      1546      1498      1499
         3      1491      1490      1444
         3      1536      1489      1490
         3      1490      1489      1443
         3      1493      1492      1446
         3      1492      1445      1446
         3      1493      1447      1448
         3      1535      1487      1488
         3      1542      1449      1495
         3      1502      1501      1455
         3      1538      1491      1492
         3      1575      1530      1531
         3      1497      1450      1451
         3      1494      1493      1448
         3      1502      1455      1456
         3      1539      1538      1492
         3      1541      1493      1494
         3      1532      1531      1485
         3      1498      1452      1453
         3      1500      1453      1454
         3      1499      1498      1453
         3      1551      1503      1504
         3      1505      1458      1459
         3      1504      1503      1457
         3      1500      1499      1453
         3      1544      1543      1496
         3      1543      1542      1495
         3      1501      1500      1455
         3      1506      1505      1459
         3      1507      1506      1460
         3      1507      1460      1461
         3      1505      1504      1458
         3      1550      1502      1503
         3      1509      1462      1463
         3      1510      1463      1464
         3      1552      1505      1506
         3      1551      1550      1503
         3      1510      1509      1463
         3      1508      1507      1461
         3      1554      1507      1508
         3      1551      1504      1505
         3      1590      1544      1497
         3      1513      1466      1467
         3      1514      1467      1468
         3      1557      1510      1511
         3      1556      1509      1510
         3      1584      1539      1540
         3      1526      1525      1479
         3      1580      1535      1536
         3      1511      1510      1464
         3      2389      1465      1512
         3      1513      1512      1466
         3      1514      1513      1467
         3      1559      1513      1514
         3      2390      2387      2389
         3      1557      1556      1510
         3      1515      1514      1468
         3      1516      1515      1469
         3      1517      1516      1470
         3      1571      1526      1527
         3      1522      1521      1475
         3      1566      1521      1522
         3      1519      1472      1473
         3      1518      1471      1472
         3      1563      1472      1519
         3      1524      1477      1478
         3      1521      1520      1474
         3      1524      1523      1477
         3      1569      1478      1525
         3      1565      1520      1521
         3      1525      1478      1430
         3      1527      1480      1432
         3      1568      1523      1524
         3      1567      1522      1523
         3      1578      1487      1534
         3      1540      1539      1492
         3      1541      1540      1493
         3      1572      1527      1528
         3      1531      1484      1485
         3      1530      1529      1483
         3      1573      1528      1529
         3      1611      1565      1566
         3      1563      1562      1518
         3      1529      1528      1482
         3      1532      1485      1486
         3      1531      1530      1484
         3      1533      1532      1486
         3      1578      1486      1487
         3      1576      1531      1532
         3      1564      1563      1519
         3      1537      1490      1491
         3      1535      1534      1487
         3      1578      1533      1486
         3      1537      1536      1490
         3      1536      1535      1489
         3      1590      1497      1545
         3      1582      1537      1538
         3      1540      1492      1493
         3      1538      1537      1491
         3      1578      1577      1533
         3      1542      1494      1449
         3      1542      1541      1494
         3      1549      1501      1502
         3      1593      1547      1548
         3      1585      1540      1541
         3      1575      1574      1530
         3      1612      1567      1568
         3      1543      1495      1496
         3      1545      1497      1498
         3      1588      1542      1543
         3      1568      1567      1523
         3      1546      1499      1500
         3      1548      1500      1501
         3      1546      1545      1498
         3      1547      1546      1500
         3      1552      1551      1505
         3      1550      1549      1502
         3      1588      1587      1542
         3      1633      1589      1590
         3      1548      1547      1500
         3      1549      1548      1501
         3      1630      1586      1587
         3      1596      1551      1552
         3      2389      2387      1511
         3      1560      1515      1516
         3      1553      1506      1507
         3      1555      1508      1509
         3      1597      1552      1553
         3      1594      1593      1548
         3      1553      1552      1506
         3      1554      1553      1507
         3      1571      1570      1526
         3      1561      1516      1517
         3      1600      1508      1555
         3      1556      1555      1509
         3      1558      1512      1513
         3      1559      1514      1515
         3      2387      1603      1557
         3      1559      1558      1513
         3      1605      1515      1560
         3      1605      1559      1515
         3      1644      1643      1599
         3      1600      1599      1554
         3      1592      1591      1546
         3      1616      1570      1571
         3      1623      1578      1579
         3      1561      1560      1516
         3      1595      1594      1550
         3      1567      1566      1522
         3      1565      1519      1520
         3      1563      1518      1472
         3      1565      1564      1519
         3      1566      1565      1521
         3      1609      1563      1564
         3      1569      1524      1478
         3      1570      1525      1526
         3      1574      1529      1530
         3      1569      1568      1524
         3      1627      1581      1582
         3      1615      1525      1570
         3      1609      1608      1562
         3      1577      1532      1533
         3      1574      1573      1529
         3      1573      1572      1528
         3      1615      1569      1525
         3      1620      1574      1575
         3      1572      1571      1527
         3      1613      1612      1568
         3      1579      1578      1534
         3      1622      1576      1577
         3      1576      1575      1531
         3      1577      1576      1532
         3      1617      1616      1571
         3      1610      1609      1564
         3      1611      1610      1565
         3      1579      1534      1535
         3      1581      1536      1537
         3      1636      1592      1593
         3      1634      1545      1591
         3      1626      1536      1581
         3      1580      1579      1535
         3      1622      1577      1578
         3      1582      1581      1537
         3      1585      1584      1540
         3      1583      1538      1539
         3      1586      1541      1542
         3      1626      1580      1536
         3      1583      1582      1538
         3      1624      1623      1579
         3      1627      1582      1583
         3      1622      1621      1576
         3      1584      1583      1539
         3      1586      1585      1541
         3      1587      1586      1542
         3      1589      1543      1544
         3      1591      1545      1546
         3      1630      1585      1586
         3      1656      1609      1610
         3      1589      1588      1543
         3      1590      1589      1544
         3      1592      1546      1547
         3      1594      1548      1549
         3      1594      1549      1550
         3      1600      1554      1508
         3      1599      1598      1554
         3      1632      1631      1588
         3      1631      1630      1587
         3      1632      1588      1589
         3      1593      1592      1547
         3      1596      1550      1551
         3      1598      1553      1554
         3      1638      1594      1595
         3      1633      1632      1589
         3      1623      1622      1578
         3      1639      1550      1596
         3      1640      1552      1597
         3      1673      1625      1580
         3      1598      1597      1553
         3      1601      1555      1556
         3      1602      1556      1557
         3      1602      1601      1556
         3      1645      1555      1601
         3      1644      1599      1600
         3      1689      1596      1640
         3      1642      1641      1597
         3      1604      1558      1559
         3      1603      1602      1557
         3      1647      1602      1603
         3      1693      1644      1645
         3      1659      1611      1612
         3      1649      1558      1604
         3      1607      1560      1561
         3      1605      1604      1559
         3      1606      1605      1560
         3      1607      1606      1560
         3      1651      1650      1605
         3      1675      1627      1628
         3      1687      1595      1639
         3      1616      1615      1570
         3      1610      1564      1565
         3      1609      1562      1563
         3      1612      1566      1567
         3      1613      1568      1569
         3      1612      1611      1566
         3      1639      1595      1550
         3      1662      1614      1615
         3      1662      1615      1616
         3      1657      1610      1611
         3      1617      1571      1572
         3      1614      1613      1569
         3      1618      1572      1573
         3      1615      1614      1569
         3      1619      1618      1573
         3      1625      1579      1580
         3      1659      1658      1611
         3      1619      1573      1574
         3      1618      1617      1572
         3      1664      1617      1618
         3      1621      1575      1576
         3      1620      1619      1574
         3      1666      1619      1620
         3      1708      1612      1660
         3      1661      1660      1613
         3      1621      1620      1575
         3      1625      1624      1579
         3      1673      1580      1626
         3      1640      1596      1552
         3      1670      1622      1623
         3      1628      1583      1584
         3      1629      1584      1585
         3      1627      1626      1581
         3      1671      1624      1625
         3      1641      1640      1597
         3      1671      1670      1623
         3      1631      1587      1588
         3      1628      1627      1583
         3      1666      1665      1618
         3      1662      1661      1614
         3      1676      1584      1629
         3      1630      1629      1585
         3      1672      1671      1625
         3      1656      1655      1609
         3      1634      1590      1545
         3      1635      1591      1592
         3      1637      1593      1594
         3      1680      1632      1633
         3      1679      1631      1632
         3      1681      1590      1634
         3      1635      1634      1591
         3      1730      1634      1682
         3      1729      1633      1681
         3      1636      1635      1592
         3      1684      1593      1637
         3      1725      1676      1677
         3      1677      1676      1629
         3      1717      1621      1668
         3      1638      1637      1594
         3      1642      1597      1598
         3      1643      1598      1599
         3      1645      1644      1600
         3      1689      1640      1641
         3      1693      1601      1646
         3      1689      1639      1596
         3      1686      1685      1638
         3      1651      1605      1606
         3      1643      1642      1598
         3      1687      1686      1638
         3      1645      1600      1555
         3      1646      1601      1602
         3      2388      1603      2387
         3      1648      1647      1603
         3      1693      1645      1601
         3      1730      1681      1634
         3      1695      1602      1647
         3      1650      1604      1605
         3      2391      2388      2390
         3      1697      1648      1649
         3      1695      1694      1646
         3      1697      1647      1648
         3      1769      1675      1725
         3      1699      1604      1650
         3      1652      1606      1607
         3      1652      1651      1606
         3      1701      1651      1652
         3      1653      1652      1607
         3      1701      1652      1653
         3      1706      1657      1658
         3      1753      1658      1707
         3      1706      1705      1656
         3      1658      1657      1611
         3      1655      1608      1609
         3      1655      1654      1608
         3      1657      1656      1610
         3      1664      1663      1617
         3      1722      1671      1672
         3      1663      1662      1616
         3      1660      1612      1613
         3      1661      1613      1614
         3      1663      1616      1617
         3      1666      1618      1619
         3      1706      1656      1657
         3      1667      1620      1621
         3      1668      1621      1622
         3      1711      1661      1662
         3      1716      1620      1667
         3      1669      1668      1622
         3      1712      1663      1664
         3      1714      1664      1665
         3      1753      1706      1658
         3      1708      1707      1612
         3      1665      1664      1618
         3      1671      1623      1624
         3      1678      1629      1630
         3      1716      1666      1620
         3      1754      1707      1708
         3      1723      1673      1674
         3      1675      1674      1627
         3      1718      1668      1669
         3      1714      1713      1664
         3      1670      1669      1622
         3      1674      1626      1627
         3      1676      1628      1584
         3      1673      1672      1625
         3      1674      1673      1626
         3      1676      1675      1628
         3      1682      1634      1635
         3      1720      1719      1670
         3      1709      1708      1660
         3      1733      1637      1685
         3      1726      1677      1678
         3      1679      1630      1631
         3      1681      1633      1590
         3      1683      1635      1636
         3      1678      1677      1629
         3      1679      1678      1630
         3      1727      1678      1679
         3      1683      1682      1635
         3      1728      1632      1680
         3      1721      1720      1670
         3      1684      1636      1593
         3      1684      1683      1636
         3      1688      1687      1639
         3      1737      1689      1641
         3      1731      1682      1683
         3      1728      1727      1679
         3      1685      1637      1638
         3      1687      1638      1595
         3      1733      1684      1637
         3      1690      1641      1642
         3      1691      1642      1643
         3      1734      1686      1687
         3      1734      1685      1686
         3      1696      1695      1647
         3      1689      1688      1639
         3      1737      1641      1690
         3      1691      1690      1642
         3      1737      1736      1689
         3      1734      1733      1685
         3      1692      1643      1644
         3      1692      1691      1643
         3      1695      1646      1602
         3      1693      1692      1644
         3      1738      1691      1692
         3      1694      1693      1646
         3      1698      1649      1604
         3      1700      1650      1651
         3      1743      1695      1696
         3      1739      1738      1692
         3      1741      1740      1693
         3      1736      1735      1689
         3      1771      1770      1726
         3      1713      1712      1664
         3      1697      1696      1647
         3      1698      1697      1649
         3      1699      1698      1604
         3      1746      1698      1699
         3      1700      1699      1650
         3      1701      1700      1651
         3      1748      1701      1702
         3      1746      1745      1698
         3      1743      1742      1694
         3      1765      1721      1722
         3      1702      1701      1653
         3      1712      1711      1663
         3      1711      1710      1661
         3      1755      1660      1710
         3      1704      1655      1656
         3      1703      1654      1655
         3      1704      1703      1655
         3      1705      1704      1656
         3      1707      1658      1659
         3      1707      1659      1612
         3      1710      1660      1661
         3      1711      1662      1663
         3      1715      1665      1666
         3      1717      1667      1621
         3      1756      1710      1711
         3      1754      1708      1709
         3      1715      1714      1665
         3      1716      1715      1666
         3      1763      1668      1718
         3      1752      1751      1704
         3      1774      1680      1729
         3      1758      1712      1713
         3      1751      1750      1703
         3      1719      1669      1670
         3      1721      1670      1671
         3      1762      1667      1717
         3      1760      1714      1715
         3      1763      1717      1668
         3      1761      1715      1716
         3      1725      1675      1676
         3      1722      1721      1671
         3      1765      1764      1720
         3      1719      1718      1669
         3      1759      1758      1713
         3      1722      1672      1673
         3      1724      1674      1675
         3      1726      1725      1677
         3      1765      1720      1721
         3      1775      1729      1730
         3      1723      1722      1673
         3      1766      1722      1723
         3      1807      1760      1761
         3      1797      1751      1752
         3      1759      1713      1714
         3      1768      1674      1724
         3      1728      1679      1632
         3      1727      1726      1678
         3      1770      1725      1726
         3      1729      1680      1633
         3      1732      1683      1684
         3      1730      1729      1681
         3      1740      1739      1692
         3      1731      1730      1682
         3      1779      1732      1733
         3      1815      1724      1769
         3      1806      1759      1760
         3      1732      1731      1683
         3      1779      1778      1732
         3      1735      1687      1688
         3      1733      1732      1684
         3      1776      1775      1730
         3      1798      1797      1752
         3      1757      1756      1711
         3      1735      1688      1689
         3      1781      1687      1735
         3      1738      1690      1691
         3      1784      1690      1738
         3      1780      1779      1733
         3      1740      1692      1693
         3      1742      1693      1694
         3      1784      1737      1690
         3      1781      1780      1734
         3      1742      1741      1693
         3      1788      1741      1742
         3      1786      1739      1740
         3      1783      1736      1737
         3      1743      1694      1695
         3      1744      1696      1697
         3      1745      1697      1698
         3      1746      1699      1700
         3      1744      1743      1696
         3      1788      1742      1743
         3      1789      1743      1744
         3      1745      1744      1697
         3      1784      1783      1737
         3      1785      1784      1738
         3      1747      1700      1701
         3      1747      1746      1700
         3      1792      1746      1747
         3      1762      1761      1716
         3      1748      1747      1701
         3      1749      1748      1702
         3      1753      1752      1705
         3      1753      1705      1706
         3      1752      1704      1705
         3      1751      1703      1704
         3      1755      1709      1660
         3      1757      1711      1712
         3      1755      1754      1709
         3      1754      1753      1707
         3      1798      1752      1753
         3      1812      1765      1766
         3      1756      1755      1710
         3      1761      1760      1715
         3      1809      1717      1763
         3      1814      1767      1768
         3      1802      1756      1757
         3      1800      1754      1755
         3      1799      1753      1754
         3      1758      1757      1712
         3      1762      1716      1667
         3      1760      1759      1714
         3      1764      1718      1719
         3      1764      1719      1720
         3      1810      1718      1764
         3      1820      1773      1774
         3      1809      1808      1762
         3      1807      1806      1760
         3      1766      1765      1722
         3      1767      1766      1723
         3      1803      1802      1757
         3      1846      1798      1753
         3      1768      1723      1674
         3      1769      1724      1675
         3      1768      1767      1723
         3      1780      1733      1734
         3      1772      1726      1727
         3      1816      1725      1770
         3      1816      1769      1725
         3      1814      1766      1767
         3      1772      1771      1726
         3      1773      1772      1728
         3      1817      1770      1771
         3      1772      1727      1728
         3      1773      1728      1680
         3      1818      1771      1772
         3      1777      1730      1731
         3      1774      1773      1680
         3      1828      1782      1783
         3      1775      1774      1729
         3      1821      1774      1775
         3      1823      1822      1776
         3      1865      1768      1815
         3      1777      1731      1732
         3      1823      1730      1777
         3      1823      1776      1730
         3      1860      1809      1763
         3      1800      1799      1754
         3      1778      1777      1732
         3      1781      1734      1687
         3      1782      1735      1736
         3      1826      1779      1780
         3      1812      1811      1765
         3      1786      1738      1739
         3      1782      1781      1735
         3      1787      1740      1741
         3      1783      1782      1736
         3      1828      1781      1782
         3      1788      1787      1741
         3      1836      1743      1789
         3      1830      1784      1785
         3      1786      1785      1738
         3      1832      1786      1740
         3      1826      1825      1779
         3      1821      1820      1774
         3      1849      1848      1800
         3      1832      1740      1787
         3      1793      1747      1748
         3      1790      1744      1745
         3      1791      1745      1746
         3      1834      1833      1788
         3      1794      1748      1749
         3      1790      1789      1744
         3      1828      1827      1781
         3      1791      1790      1745
         3      1792      1791      1746
         3      1839      1791      1792
         3      1836      1835      1743
         3      1797      1796      1751
         3      1840      1747      1793
         3      1841      1748      1794
         3      1841      1793      1748
         3      1796      1795      1750
         3      1804      1757      1758
         3      1796      1750      1751
         3      1801      1800      1755
         3      1853      1803      1804
         3      1844      1796      1797
         3      1802      1755      1756
         3      1846      1753      1799
         3      1804      1758      1759
         3      1804      1803      1757
         3      1845      1844      1797
         3      1802      1801      1755
         3      1811      1810      1764
         3      1814      1813      1766
         3      1868      1816      1770
         3      1807      1761      1762
         3      1857      1807      1808
         3      1848      1847      1799
         3      1850      1801      1802
         3      1847      1846      1799
         3      1805      1804      1759
         3      1806      1805      1759
         3      1809      1762      1717
         3      1808      1807      1762
         3      1860      1763      1810
         3      1815      1768      1724
         3      1810      1763      1718
         3      1811      1764      1765
         3      1819      1818      1772
         3      1860      1859      1809
         3      1872      1821      1822
         3      1859      1808      1809
         3      1813      1812      1766
         3      1861      1860      1810
         3      1856      1855      1806
         3      1819      1772      1773
         3      1816      1815      1769
         3      1868      1770      1817
         3      1865      1814      1768
         3      1822      1775      1776
         3      1824      1823      1777
         3      1869      1817      1818
         3      1818      1817      1771
         3      1867      1815      1816
         3      1899      1853      1854
         3      1825      1824      1778
         3      1820      1819      1773
         3      1822      1821      1775
         3      1870      1819      1820
         3      1876      1780      1827
         3      1833      1832      1787
         3      1871      1820      1821
         3      1824      1777      1778
         3      1825      1778      1779
         3      1873      1823      1824
         3      1910      1866      1867
         3      1840      1792      1747
         3      1827      1780      1781
         3      1829      1783      1784
         3      1875      1825      1826
         3      1831      1785      1786
         3      1832      1831      1786
         3      1829      1828      1783
         3      1875      1874      1824
         3      1879      1829      1830
         3      1830      1829      1784
         3      1877      1827      1828
         3      1919      1875      1826
         3      1916      1822      1873
         3      1898      1851      1852
         3      1895      1849      1801
         3      1880      1785      1831
         3      1833      1787      1788
         3      1835      1834      1788
         3      1882      1832      1833
         3      1835      1788      1743
         3      1837      1789      1790
         3      1884      1834      1835
         3      1838      1790      1791
         3      1885      1789      1837
         3      1885      1836      1789
         3      1884      1835      1836
         3      1923      1830      1880
         3      1838      1837      1790
         3      1839      1838      1791
         3      1887      1838      1839
         3      1874      1873      1824
         3      1888      1792      1840
         3      1889      1793      1841
         3      1890      1841      1842
         3      1889      1840      1793
         3      1842      1841      1794
         3      1870      1869      1819
         3      1893      1846      1847
         3      1854      1853      1804
         3      1844      1843      1795
         3      1844      1795      1796
         3      1845      1797      1798
         3      1846      1845      1798
         3      1892      1844      1845
         3      1848      1799      1800
         3      1849      1800      1801
         3      1895      1848      1849
         3      1858      1857      1808
         3      1851      1802      1803
         3      1853      1852      1803
         3      1856      1806      1807
         3      1895      1801      1850
         3      1851      1850      1802
         3      1897      1850      1851
         3      1855      1854      1805
         3      1852      1851      1803
         3      1894      1847      1848
         3      1854      1804      1805
         3      1855      1805      1806
         3      1859      1858      1808
         3      1868      1867      1816
         3      1941      1851      1898
         3      1893      1892      1845
         3      1857      1856      1807
         3      1903      1858      1859
         3      1863      1812      1813
         3      1905      1860      1861
         3      1862      1861      1811
         3      1903      1857      1858
         3      1900      1899      1854
         3      1861      1810      1811
         3      1862      1811      1812
         3      1864      1813      1814
         3      1865      1864      1814
         3      1906      1861      1862
         3      1863      1862      1812
         3      1907      1863      1864
         3      1906      1862      1863
         3      1937      1893      1894
         3      1864      1863      1813
         3      1866      1865      1815
         3      1867      1866      1815
         3      1869      1818      1819
         3      1873      1822      1823
         3      1912      1817      1869
         3      1911      1867      1868
         3      1909      1865      1866
         3      1878      1877      1828
         3      1875      1824      1825
         3      1877      1876      1827
         3      1913      1869      1870
         3      1912      1911      1868
         3      1952      1864      1908
         3      1871      1870      1820
         3      1872      1871      1821
         3      1912      1868      1817
         3      1904      1859      1860
         3      1876      1826      1780
         3      1919      1826      1876
         3      1916      1915      1872
         3      1899      1898      1853
         3      1878      1828      1829
         3      1880      1830      1785
         3      1882      1831      1832
         3      1881      1880      1831
         3      1888      1839      1792
         3      1920      1876      1877
         3      1922      1878      1879
         3      1921      1877      1878
         3      1879      1878      1829
         3      1883      1833      1834
         3      1886      1837      1838
         3      1924      1880      1881
         3      1919      1918      1875
         3      1925      1831      1882
         3      1883      1882      1833
         3      1927      1883      1884
         3      1926      1882      1883
         3      1913      1912      1869
         3      1884      1883      1834
         3      1885      1884      1836
         3      1886      1885      1837
         3      1929      1885      1886
         3      1930      1886      1887
         3      1915      1914      1871
         3      1935      1844      1892
         3      1887      1886      1838
         3      1931      1839      1888
         3      1889      1888      1840
         3      1932      1888      1889
         3      1933      1889      1890
         3      1890      1889      1841
         3      1894      1893      1847
         3      1893      1845      1846
         3      1891      1843      1844
         3      1895      1894      1848
         3      1938      1894      1895
         3      1897      1896      1850
         3      1901      1855      1856
         3      1896      1895      1850
         3      1942      1898      1899
         3      1936      1892      1893
         3      1941      1897      1851
         3      1902      1901      1856
         3      1898      1852      1853
         3      1901      1854      1855
         3      1908      1864      1865
         3      1909      1908      1865
         3      1939      1938      1895
         3      1941      1940      1897
         3      1902      1856      1857
         3      1901      1900      1854
         3      1944      1900      1901
         3      1935      1934      1891
         3      1955      1911      1912
         3      1903      1902      1857
         3      1946      1945      1902
         3      1904      1903      1859
         3      1948      1860      1905
         3      1948      1904      1860
         3      1985      1940      1941
         3      1936      1935      1892
         3      1906      1905      1861
         3      1907      1906      1863
         3      1942      1941      1898
         3      1911      1910      1867
         3      1916      1872      1822
         3      1953      1908      1909
         3      1992      1991      1948
         3      1910      1909      1866
         3      1914      1870      1871
         3      1915      1871      1872
         3      1914      1913      1870
         3      1959      1958      1914
         3      1957      1912      1913
         3      1950      1949      1906
         3      1917      1916      1873
         3      1963      1874      1918
         3      1960      1959      1915
         3      1959      1914      1915
         3      1917      1873      1874
         3      1918      1874      1875
         3      1923      1879      1830
         3      1961      1916      1917
         3      1920      1919      1876
         3      1966      1921      1878
         3      1955      1954      1910
         3      1921      1920      1877
         3      1966      1878      1922
         3      1925      1881      1831
         3      1928      1884      1885
         3      1965      1920      1921
         3      1968      1922      1923
         3      1968      1923      1924
         3      1923      1922      1879
         3      1972      1884      1928
         3      1924      1923      1880
         3      1961      1960      1916
         3      1969      1881      1925
         3      1926      1925      1882
         3      1971      1926      1927
         3      1970      1925      1926
         3      1996      1952      1953
         3      1986      1941      1942
         3      1944      1943      1900
         3      1927      1926      1883
         3      1931      1887      1839
         3      1929      1928      1885
         3      1973      1928      1929
         3      1974      1886      1930
         3      1977      1931      1932
         3      2014      1927      1972
         3      1975      1887      1931
         3      1932      1931      1888
         3      2015      1928      1973
         3      1968      1967      1922
         3      1978      1889      1933
         3      1949      1948      1905
         3      1935      1891      1844
         3      1938      1937      1894
         3      1940      1939      1895
         3      1981      1935      1936
         3      1937      1936      1893
         3      1982      1936      1937
         3      1940      1895      1896
         3      1940      1896      1897
         3      1983      1938      1939
         3      1982      1981      1936
         3      1964      1963      1918
         3      1943      1899      1900
         3      1945      1901      1902
         3      1943      1942      1899
         3      1991      1904      1948
         3      1953      1952      1908
         3      1986      1985      1941
         3      1947      1946      1903
         3      1949      1905      1906
         3      2381      1942      1943
         3      1945      1944      1901
         3      2381      1943      1987
         3      1946      1902      1903
         3      1947      1903      1904
         3      1990      1946      1947
         3      1951      1906      1907
         3      1951      1950      1906
         3      1952      1951      1907
         3      1995      1951      1952
         3      1992      1948      1949
         3      2381      2031      2030
         3      1952      1907      1864
         3      1954      1909      1910
         3      1955      1910      1911
         3      1958      1913      1914
         3      1956      1955      1912
         3      1954      1953      1909
         3      1997      1953      1954
         3      1960      1915      1916
         3      2002      1959      1960
         3      1999      1956      1957
         3      1957      1956      1912
         3      1998      1955      1956
         3      1991      1990      1947
         3      2032      1987      1988
         3      2000      1913      1958
         3      1962      1917      1874
         3      1964      1918      1919
         3      1965      1919      1920
         3      1963      1962      1874
         3      2002      2001      1959
         3      2003      2002      1960
         3      1997      1996      1953
         3      1962      1961      1917
         3      1969      1924      1881
         3      1967      1966      1922
         3      1965      1964      1919
         3      2007      1964      1965
         3      2006      1963      1964
         3      2007      2006      1964
         3      2379      1955      2042
         3      1989      1988      1945
         3      1966      1965      1921
         3      1969      1968      1924
         3      2012      1925      1970
         3      2009      1967      1968
         3      1972      1927      1884
         3      1971      1970      1926
         3      2012      1969      1925
         3      2005      2004      1962
         3      1974      1929      1886
         3      1975      1930      1887
         3      2014      1971      1927
         3      2004      2003      1961
         3      2037      1950      1994
         3      1978      1932      1889
         3      1974      1973      1929
         3      2016      1973      1974
         3      1975      1974      1930
         3      2019      1977      1978
         3      2016      2015      1973
         3      1976      1975      1931
         3      1977      1976      1931
         3      2020      1978      1979
         3      2017      2016      1974
         3      1978      1977      1932
         3      1979      1978      1933
         3      2017      1974      1975
         3      1989      1945      1946
         3      2026      1937      1938
         3      1980      1934      1935
         3      2023      1935      1981
         3      2026      1938      1983
         3      1984      1939      1940
         3      2026      1982      1937
         3      2027      1939      1984
         3      2027      1983      1939
         3      2025      1981      1982
         3      2028      1940      1985
         3      1987      1943      1944
         3      1988      1944      1945
         3      1990      1989      1946
         3      1988      1987      1944
         3      1995      1994      1951
         3      2000      1957      1913
         3      2033      1988      1989
         3      2023      2022      1980
         3      1991      1947      1904
         3      1994      1950      1951
         3      2034      1990      1991
         3      2030      1985      1986
         3      2048      2005      2006
         3      1993      1949      1950
         3      1993      1992      1949
         3      2036      1992      1993
         3      2039      1995      1996
         3      2085      1994      2038
         3      2042      1955      1998
         3      1996      1995      1952
         3      2044      2000      2001
         3      2379      1997      1954
         3      2001      1958      1959
         3      1999      1998      1956
         3      2083      1993      2037
         3      2032      2031      1987
         3      2005      1962      1963
         3      2000      1999      1957
         3      2009      1966      1967
         3      2001      2000      1958
         3      2044      1999      2000
         3      2026      2025      1982
         3      2024      2023      1981
         3      2003      1960      1961
         3      2004      1961      1962
         3      2046      2002      2003
         3      2075      2074      2029
         3      2011      1968      1969
         3      2006      2005      1963
         3      2009      2008      1966
         3      2010      2009      1968
         3      2048      2004      2005
         3      2008      1965      1966
         3      2051      1965      2008
         3      2051      2007      1965
         3      2043      2042      1998
         3      2011      2010      1968
         3      2057      2012      2013
         3      2053      2009      2010
         3      2052      2008      2009
         3      2013      1970      1971
         3      2012      2011      1969
         3      2015      1972      1928
         3      2013      2012      1970
         3      2056      2011      2012
         3      2014      2013      1971
         3      2380      1972      2015
         3      2380      2060      2106
         3      2051      2050      2007
         3      2018      1975      1976
         3      2018      1976      1977
         3      2061      2016      2017
         3      2062      1975      2018
         3      2061      2060      2016
         3      2019      2018      1977
         3      2020      2019      1978
         3      2065      2019      2020
         3      2058      2057      2013
         3      2079      1989      2034
         3      2021      2020      1979
         3      2046      2045      2002
         3      2073      2027      1984
         3      2028      1984      1940
         3      2023      1980      1935
         3      2381      2030      1986
         3      2037      1993      1950
         3      2069      2023      2024
         3      2025      2024      1981
         3      2027      2026      1983
         3      2073      1984      2028
         3      2036      2035      1992
         3      2033      2032      1988
         3      2072      2026      2027
         3      2074      2028      2029
         3      2071      2025      2026
         3      2029      2028      1985
         3      2030      2029      1985
         3      2034      1989      1990
         3      2035      1991      1992
         3      2039      2038      1995
         3      2077      2031      2032
         3      2379      2041      1997
         3      2092      2044      2045
         3      2073      2072      2027
         3      2035      2034      1991
         3      2070      2069      2024
         3      2120      2075      2076
         3      2038      1994      1995
         3      2040      1996      1997
         3      2081      2080      2035
         3      2041      2040      1997
         3      2044      2043      1999
         3      2085      2084      1994
         3      2087      2040      2041
         3      2121      2031      2077
         3      2071      2070      2025
         3      2040      2039      1996
         3      2043      1998      1999
         3      2379      2088      2041
         3      2045      2044      2001
         3      2050      2006      2007
         3      2090      2042      2043
         3      2115      2069      2070
         3      2045      2001      2002
         3      2047      2003      2004
         3      2095      2004      2048
         3      2049      2048      2006
         3      2093      2045      2046
         3      2047      2046      2003
         3      2055      2010      2011
         3      2052      2051      2008
         3      2137      2046      2094
         3      2091      2090      2043
         3      2090      2089      2042
         3      2062      2061      2017
         3      2050      2049      2006
         3      2127      2082      2083
         3      2054      2053      2010
         3      2102      2055      2056
         3      2098      2051      2052
         3      2089      2088      2042
         3      2053      2052      2009
         3      2055      2054      2010
         3      2056      2055      2011
         3      2058      2013      2014
         3      2057      2056      2012
         3      2102      2054      2055
         3      2101      2053      2054
         3      2060      2015      2016
         3      2062      2017      1975
         3      2104      2057      2058
         3      2059      2058      2014
         3      2105      2104      2058
         3      2374      2056      2147
         3      2098      2097      2050
         3      2084      2083      2037
         3      2380      2059      2014
         3      2063      2018      2019
         3      2066      2020      2021
         3      2108      2061      2062
         3      2063      2062      2018
         3      2064      2063      2019
         3      2110      2063      2064
         3      2109      2108      2062
         3      2148      2104      2105
         3      2065      2064      2019
         3      2066      2065      2020
         3      2121      2076      2031
         3      2080      2079      2034
         3      2069      2068      2023
         3      2070      2024      2025
         3      2068      2022      2023
         3      2068      2067      2022
         3      2075      2029      2030
         3      2076      2030      2031
         3      2119      2074      2075
         3      2122      2077      2032
         3      2115      2070      2071
         3      2072      2071      2026
         3      2116      2071      2072
         3      2080      2034      2035
         3      2074      2073      2028
         3      2076      2075      2030
         3      2082      2035      2036
         3      2078      2032      2033
         3      2079      2033      1989
         3      2122      2032      2078
         3      2118      2073      2074
         3      2082      2081      2035
         3      2079      2078      2033
         3      2129      2085      2039
         3      2124      2079      2080
         3      2083      2082      2036
         3      2130      2040      2087
         3      2121      2120      2076
         3      2083      2036      1993
         3      2084      2037      1994
         3      2129      2039      2086
         3      2126      2081      2082
         3      2088      2087      2041
         3      2136      2045      2093
         3      2124      2123      2079
         3      2159      2069      2115
         3      2117      2072      2073
         3      2085      2038      2039
         3      2086      2039      2040
         3      2382      2095      2140
         3      2132      2087      2088
         3      2091      2043      2044
         3      2094      2046      2047
         3      2135      2091      2092
         3      2132      2088      2089
         3      2126      2125      2081
         3      2095      2047      2004
         3      2092      2091      2044
         3      2098      2050      2051
         3      2095      2094      2047
         3      2132      2131      2087
         3      2176      2085      2129
         3      2136      2135      2092
         3      2099      2098      2052
         3      2096      2048      2049
         3      2097      2049      2050
         3      2099      2052      2053
         3      2140      2048      2096
         3      2137      2136      2093
         3      2137      2093      2046
         3      2161      2116      2117
         3      2097      2096      2049
         3      2101      2100      2053
         3      2107      2060      2061
         3      2100      2099      2053
         3      2144      2099      2100
         3      2144      2098      2099
         3      2141      2140      2096
         3      2102      2101      2054
         3      2147      2056      2103
         3      2103      2056      2057
         3      2104      2103      2057
         3      2146      2101      2102
         3      2170      2124      2125
         3      2105      2058      2059
         3      2380      2106      2059
         3      2109      2062      2063
         3      2149      2059      2106
         3      2107      2106      2060
         3      2150      2106      2107
         3      2149      2105      2059
         3      2108      2107      2061
         3      2112      2065      2066
         3      2111      2064      2065
         3      2110      2109      2063
         3      2153      2109      2110
         3      2152      2108      2109
         3      2111      2110      2064
         3      2112      2111      2065
         3      2155      2111      2112
         3      2148      2147      2103
         3      2144      2143      2098
         3      2172      2171      2126
         3      2114      2068      2069
         3      2113      2067      2068
         3      2158      2068      2114
         3      2160      2071      2116
         3      2117      2116      2072
         3      2118      2117      2073
         3      2166      2121      2122
         3      2158      2157      2113
         3      2127      2126      2082
         3      2120      2119      2075
         3      2119      2118      2074
         3      2162      2161      2117
         3      2122      2121      2077
         3      2171      2125      2126
         3      2123      2078      2079
         3      2125      2080      2081
         3      2164      2163      2119
         3      2123      2122      2078
         3      2165      2164      2120
         3      2128      2083      2084
         3      2125      2124      2080
         3      2128      2084      2085
         3      2128      2127      2083
         3      2178      2130      2131
         3      2188      2143      2144
         3      2166      2165      2120
         3      2130      2086      2040
         3      2177      2086      2130
         3      2131      2130      2087
         3      2138      2137      2094
         3      2133      2089      2090
         3      2133      2132      2089
         3      2173      2172      2127
         3      2134      2090      2091
         3      2136      2092      2045
         3      2179      2132      2133
         3      2167      2166      2122
         3      2175      2174      2128
         3      2181      2134      2135
         3      2134      2133      2090
         3      2135      2134      2091
         3      2209      2164      2165
         3      2169      2123      2124
         3      2139      2094      2095
         3      2139      2138      2094
         3      2382      2140      2185
         3      2183      2137      2138
         3      2183      2136      2137
         3      2140      2095      2048
         3      2142      2096      2097
         3      2143      2097      2098
         3      2142      2141      2096
         3      2185      2140      2141
         3      2145      2100      2101
         3      2143      2142      2097
         3      2148      2103      2104
         3      2151      2107      2108
         3      2187      2142      2143
         3      2145      2144      2100
         3      2228      2141      2186
         3      2183      2182      2136
         3      2219      2130      2178
         3      2213      2125      2171
         3      2210      2166      2167
         3      2191      2101      2146
         3      2374      2147      2192
         3      2154      2110      2111
         3      2194      2105      2149
         3      2194      2148      2105
         3      2191      2190      2145
         3      2150      2149      2106
         3      2151      2150      2107
         3      2200      2152      2153
         3      2200      2153      2154
         3      2198      2108      2152
         3      2153      2152      2109
         3      2196      2195      2149
         3      2195      2194      2149
         3      2233      2146      2192
         3      2154      2153      2110
         3      2155      2154      2111
         3      2156      2155      2112
         3      2201      2200      2154
         3      2229      2186      2187
         3      2221      2179      2180
         3      2161      2160      2116
         3      2159      2158      2114
         3      2159      2114      2069
         3      2158      2113      2068
         3      2160      2115      2071
         3      2205      2115      2160
         3      2204      2158      2159
         3      2162      2117      2118
         3      2163      2162      2118
         3      2206      2160      2161
         3      2205      2159      2115
         3      2163      2118      2119
         3      2164      2119      2120
         3      2208      2162      2163
         3      2166      2120      2121
         3      2167      2122      2123
         3      2214      2172      2173
         3      2211      2167      2168
         3      2172      2126      2127
         3      2173      2127      2128
         3      2174      2173      2128
         3      2168      2167      2123
         3      2253      2166      2210
         3      2169      2168      2123
         3      2170      2169      2124
         3      2257      2168      2212
         3      2211      2210      2167
         3      2179      2178      2131
         3      2216      2173      2174
         3      2175      2128      2085
         3      2177      2129      2086
         3      2179      2131      2132
         3      2180      2133      2134
         3      2182      2135      2136
         3      2216      2174      2175
         3      2214      2171      2172
         3      2176      2175      2085
         3      2216      2215      2173
         3      2208      2207      2162
         3      2177      2176      2129
         3      2180      2179      2133
         3      2184      2183      2138
         3      2184      2138      2139
         3      2223      2135      2182
         3      2222      2180      2181
         3      2220      2178      2179
         3      2256      2255      2211
         3      2181      2180      2134
         3      2186      2141      2142
         3      2187      2186      2142
         3      2189      2188      2144
         3      2225      2183      2184
         3      2224      2182      2183
         3      2246      2159      2205
         3      2259      2171      2214
         3      2382      2185      2227
         3      2190      2144      2145
         3      2191      2145      2101
         3      2190      2189      2144
         3      2188      2187      2143
         3      2232      2189      2190
         3      2231      2188      2189
         3      2374      2192      2146
         3      2197      2196      2150
         3      2226      2225      2184
         3      2193      2147      2148
         3      2196      2149      2150
         3      2193      2192      2147
         3      2233      2191      2146
         3      2235      2193      2148
         3      2232      2231      2189
         3      2268      2181      2223
         3      2236      2148      2194
         3      2197      2150      2151
         3      2198      2151      2108
         3      2237      2195      2196
         3      2200      2199      2152
         3      2198      2197      2151
         3      2239      2197      2198
         3      2235      2234      2193
         3      2281      2236      2237
         3      2266      2220      2221
         3      2199      2198      2152
         3      2201      2154      2155
         3      2202      2155      2156
         3      2242      2200      2201
         3      2202      2201      2155
         3      2243      2201      2202
         3      2206      2205      2160
         3      2213      2170      2125
         3      2209      2163      2164
         3      2207      2161      2162
         3      2203      2157      2158
         3      2204      2203      2158
         3      2251      2163      2209
         3      2251      2208      2163
         3      2249      2161      2207
         3      2248      2206      2161
         3      2247      2205      2206
         3      2217      2175      2176
         3      2256      2211      2168
         3      2215      2214      2173
         3      2253      2165      2166
         3      2294      2206      2248
         3      2212      2168      2169
         3      2212      2169      2170
         3      2258      2170      2213
         3      2265      2264      2219
         3      2217      2216      2175
         3      2262      2216      2217
         3      2264      2218      2219
         3      2257      2256      2168
         3      2253      2252      2209
         3      2294      2247      2206
         3      2218      2176      2177
         3      2219      2177      2130
         3      2219      2218      2177
         3      2218      2217      2176
         3      2265      2178      2220
         3      2265      2219      2178
         3      2221      2220      2179
         3      2267      2180      2222
         3      2230      2187      2188
         3      2224      2223      2182
         3      2223      2181      2135
         3      2225      2224      2183
         3      2263      2217      2218
         3      2382      2227      2226
         3      2228      2227      2185
         3      2269      2223      2224
         3      2276      2231      2232
         3      2382      2226      2184
         3      2228      2185      2141
         3      2271      2225      2226
         3      2231      2230      2188
         3      2236      2194      2195
         3      2273      2272      2226
         3      2229      2228      2186
         3      2274      2228      2229
         3      2273      2227      2228
         3      2325      2265      2220
         3      2261      2260      2215
         3      2298      2249      2207
         3      2309      2256      2257
         3      2230      2229      2187
         3      2232      2190      2191
         3      2234      2192      2193
         3      2239      2238      2197
         3      2233      2232      2191
         3      2279      2192      2234
         3      2279      2233      2192
         3      2274      2273      2228
         3      2238      2196      2197
         3      2236      2235      2148
         3      2238      2237      2196
         3      2237      2236      2195
         3      2279      2278      2233
         3      2241      2198      2199
         3      2242      2199      2200
         3      2284      2238      2239
         3      2352      2234      2280
         3      2329      2267      2222
         3      2240      2239      2198
         3      2241      2240      2198
         3      2286      2241      2242
         3      2285      2240      2241
         3      2242      2241      2199
         3      2243      2242      2201
         3      2244      2243      2202
         3      2288      2243      2244
         3      2332      2269      2270
         3      2298      2207      2250
         3      2247      2246      2205
         3      2246      2204      2159
         3      2245      2203      2204
         3      2290      2204      2246
         3      2250      2207      2208
         3      2253      2209      2165
         3      2300      2208      2251
         3      2249      2248      2161
         3      2303      2252      2253
         3      2255      2254      2211
         3      2296      2248      2249
         3      2292      2246      2247
         3      2252      2251      2209
         3      2261      2215      2216
         3      2254      2210      2211
         3      2258      2212      2170
         3      2305      2210      2254
         3      2305      2253      2210
         3      2272      2271      2226
         3      2306      2254      2255
         3      2301      2251      2252
         3      2259      2213      2171
         3      2258      2257      2212
         3      2260      2259      2214
         3      2312      2258      2259
         3      2260      2214      2215
         3      2259      2258      2213
         3      2311      2257      2258
         3      2307      2255      2256
         3      2283      2282      2238
         3      2268      2222      2181
         3      2271      2224      2225
         3      2316      2260      2261
         3      2262      2261      2216
         3      2318      2261      2262
         3      2263      2262      2217
         3      2264      2263      2218
         3      2322      2263      2264
         3      2320      2262      2263
         3      2314      2259      2260
         3      2267      2221      2180
         3      2325      2220      2266
         3      2267      2266      2221
         3      2329      2222      2268
         3      2269      2268      2223
         3      2270      2269      2224
         3      2275      2274      2229
         3      2331      2268      2269
         3      2273      2226      2227
         3      2271      2270      2224
         3      2327      2266      2267
         3      2278      2232      2233
         3      2340      2273      2274
         3      2336      2271      2272
         3      2334      2270      2271
         3      2275      2229      2230
         3      2276      2230      2231
         3      2276      2275      2230
         3      2277      2276      2232
         3      2342      2274      2275
         3      2344      2275      2276
         3      2280      2234      2235
         3      2282      2281      2237
         3      2346      2276      2277
         3      2338      2272      2273
         3      2348      2232      2278
         3      2281      2235      2236
         3      2281      2280      2235
         3      2352      2279      2234
         3      2350      2278      2279
         3      2282      2237      2238
         3      2284      2239      2240
         3      2287      2242      2243
         3      2357      2282      2283
         3      2356      2281      2282
         3      2284      2283      2238
         3      2361      2240      2285
         3      2361      2284      2240
         3      2363      2285      2286
         3      2286      2285      2241
         3      2287      2286      2242
         3      2288      2287      2243
         3      2367      2287      2288
         3      2365      2286      2287
         3      2359      2283      2284
         3      2348      2277      2232
         3      2324      2264      2265
         3      2300      2250      2208
         3      2290      2245      2204
         3      2290      2289      2245
         3      2291      2290      2246
         3      2292      2291      2246
         3      2293      2292      2247
         3      2294      2293      2247
         3      2295      2294      2248
         3      2296      2295      2248
         3      2297      2296      2249
         3      2298      2297      2249
         3      2299      2298      2250
         3      2300      2299      2250
         3      2301      2300      2251
         3      2302      2301      2252
         3      2354      2280      2281
         3      2303      2302      2252
         3      2304      2303      2253
         3      2305      2304      2253
         3      2306      2305      2254
         3      2307      2306      2255
         3      2308      2307      2256
         3      2309      2308      2256
         3      2310      2309      2257
         3      2311      2310      2257
         3      2312      2311      2258
         3      2313      2312      2259
         3      2314      2313      2259
         3      2315      2314      2260
         3      2316      2315      2260
         3      2317      2316      2261
         3      2318      2317      2261
         3      2319      2318      2262
         3      2320      2319      2262
         3      2321      2320      2263
         3      2322      2321      2263
         3      2323      2322      2264
         3      2324      2323      2264
         3      2325      2324      2265
         3      2326      2325      2266
         3      2327      2326      2266
         3      2328      2327      2267
         3      2329      2328      2267
         3      2330      2329      2268
         3      2331      2330      2268
         3      2332      2331      2269
         3      2333      2332      2270
         3      2334      2333      2270
         3      2335      2334      2271
         3      2336      2335      2271
         3      2337      2336      2272
         3      2338      2337      2272
         3      2339      2338      2273
         3      2340      2339      2273
         3      2341      2340      2274
         3      2342      2341      2274
         3      2343      2342      2275
         3      2344      2343      2275
         3      2345      2344      2276
         3      2346      2345      2276
         3      2347      2346      2277
         3      2348      2347      2277
         3      2349      2348      2278
         3      2350      2349      2278
         3      2351      2350      2279
         3      2352      2351      2279
         3      2353      2352      2280
         3      2354      2353      2280
         3      2355      2354      2281
         3      2356      2355      2281
         3      2357      2356      2282
         3      2358      2357      2283
         3      2359      2358      2283
         3      2360      2359      2284
         3      2361      2360      2284
         3      2362      2361      2285
         3      2363      2362      2285
         3      2364      2363      2286
         3      2365      2364      2286
         3      2366      2365      2287
         3      2367      2366      2287
         3      2368      2367      2288
         3      2369       160       119
         3      2369       161       206
         3      2370       127        83
         3      2370       128       170
         3      2371       525       476
         3      2371       476       433
         3      2372       574       573
         3      2372       525      2371
         3      2373       177       135
         3      2373       223       268
         3      2374      2146      2102
         3      2374      2102      2056
         3      2375      1042       997
         3      2375      1043      1093
         3      2377      2376      1093
         3      2376      1139      1092
         3      2377      1093      1140
         3      2377      1185      1139
         3      2378       173       131
         3      2378       131       132
         3      2379      1954      1955
         3      2379      2042      2088
         3      2380      2014      1972
         3      2380      2015      2060
         3      2381      1986      1942
         3      2381      1987      2031
         3      2382      2184      2139
         3      2382      2139      2095
         3      2383       364       319
         3      2383       365       406
         3      2384       449       448
         3      2384       405       364
         3      2385      1040       995
         3      2385      1041      1091
         3      2386       995       948
         3      2386       949      1041
         3      2387      1557      1511
         3      2390      2388      2387
         3      2391      1648      2388
         3      2388      1648      1603
         3      2389      1511      1465
         3      2390      2389      1512
         3      2392      2390      1512
         3      2392      2391      2390
         3      2391      1558      1649
         3      2391      1649      1648
         3      2392      1512      1558
         3      2392      1558      2391
         3      2393       409       322
         3      2393       322       323
         3      2395       498       450
         3      2394       499       547
         3      2395       450       407
         3      2395       451      2394
CELL_TYPES       4534
 5
 5
 5
 5
 5
 5
 5
 5
 5
 5
 5
 5
 5
 5
 5
 5
 5
 5
 5
 5
 5
 5
 5
 5
 5
 5
 5
 5
 5
 5
 5
 5
 5
 5
 5
 5
 5
 5
 5
 5
 5
 5
 5
 5
 5
 5
 5
 5
 5
 5
 5
 5
 5
 5
 5
 5
 5
 5
 5
 5
 5
 5
 5
 5
 5
 5
 5
 5
 5
 5
 5
 5
 5
 5
 5
 5
 5
 5
 5
 5
 5
 5
 5
 5
 5
 5
 5
 5
 5
 5
 5
 5
 5
 5
 5
 5
 5
 5
 5
 5
 5
 5
 5
 5
 5
 5
 5
 5
 5
 5
 5
 5
 5
 5
 5
 5
 5
 5
 5
 5
 5
 5
 5
 5
 5
 5
 5
 5
 5
 5
 5
 5
 5
 5
 5
 5
 5
 5
 5
 5
 5
 5
 5
 5
 5
 5
 5
 5
 5
 5
 5
 5
 5
 5
 5
 5
 5
 5
 5
 5
 5
 5
 5
 5
 5
 5
 5
 5
 5
 5
 5
 5
 5
 5
 5
 5
 5
 5
 5
 5
 5
 5
 5
 5
 5
 5
 5
 5
 5
 5
 5
 5
 5
 5
 5
 5
 5
 5
 5
 5
 5
 5
 5
 5
 5
 5
 5
 5
 5
 5
 5
 5
 5
 5
 5
 5
 5
 5
 5
 5
 5
 5
 5
 5
 5
 5
 5
 5
 5
 5
 5
 5
 5
 5
 5
 5
 5
 5
 5
 5
 5
 5
 5
 5
 5
 5
 5
 5
 5
 5
 5
 5
 5
 5
 5
 5
 5
 5
 5
 5
 5
 5
 5
 5
 5
 5
 5
 5
 5
 5
 5
 5
 5
 5
 5
 5
 5
 5
 5
 5
 5
 5
 5
 5
 5
 5
 5
 5
 5
 5
 5
 5
 5
 5
 5
 5
 5
 5
 5
 5
 5
 5
 5
 5
 5
 5
 5
 5
 5
 5
 5
 5
 5
 5
 5
 5
 5
 5
 5
 5
 5
 5
 5
 5
 5
 5
 5
 5
 5
 5
 5
 5
 5
 5
 5
 5
 5
 5
 5
 5
 5
 5
 5
 5
 5
 5
 5
 5
 5
 5
 5
 5
 5
 5
 5
 5
 5
 5
 5
 5
 5
 5
 5
 5
 5
 5
 5
 5
 5
 5
 5
 5
 5
 5
 5
 5
 5
 5
 5
 5
 5
 5
 5
 5
 5
 5
 5
 5
 5
 5
 5
 5
 5
 5
 5
 5
 5
 5
 5
 5
 5
 5
 5
 5
 5
 5
 5
 5
 5
 5
 5
 5
 5
 5
 5
 5
 5
 5
 5
 5
 5
 5
 5
 5
 5
 5
 5
 5
 5
 5
 5
 5
 5
 5
 5
 5
 5
 5
 5
 5
 5
 5
 5
 5
 5
 5
 5
 5
 5
 5
 5
 5
 5
 5
 5
 5
 5
 5
 5
 5
 5
 5
 5
 5
 5
 5
 5
 5
 5
 5
 5
 5
 5
 5
 5
 5
 5
 5
 5
 5
 5
 5
 5
 5
 5
 5
 5
 5
 5
 5
 5
 5
 5
 5
 5
 5
 5
 5
 5
 5
 5
 5
 5
 5
 5
 5
 5
 5
 5
 5
 5
 5
 5
 5
 5
 5
 5
 5
 5
 5
 5
 5
 5
 5
 5
 5
 5
 5
 5
 5
 5
 5
 5
 5
 5
 5
 5
 5
 5
 5
 5
 5
 5
 5
 5
 5
 5
 5
 5
 5
 5
 5
 5
 5
 5
 5
 5
 5
 5
 5
 5
 5
 5
 5
 5
 5
 5
 5
 5
 5
 5
 5
 5
 5
 5
 5
 5
 5
 5
 5
 5
 5
 5
 5
 5
 5
 5
 5
 5
 5
 5
 5
 5
 5
 5
 5
 5
 5
 5
 5
 5
 5
 5
 5
 5
 5
 5
 5
 5
 5
 5
 5
 5
 5
 5
 5
 5
 5
 5
 5
 5
 5
 5
 5
 5
 5
 5
 5
 5
 5
 5
 5
 5
 5
 5
 5
 5
 5
 5
 5
 5
 5
 5
 5
 5
 5
 5
 5
 5
 5
 5
 5
 5
 5
 5
 5
 5
 5
 5
 5
 5
 5
 5
 5
 5
 5
 5
 5
 5
 5
 5
 5
 5
 5
 5
 5
 5
 5
 5
 5
 5
 5
 5
 5
 5
 5
 5
 5
 5
 5
 5
 5
 5
 5
 5
 5
 5
 5
 5
 5
 5
 5
 5
 5
 5
 5
 5
 5
 5
 5
 5
 5
 5
 5
 5
 5
 5
 5
 5
 5
 5
 5
 5
 5
 5
 5
 5
 5
 5
 5
 5
 5
 5
 5
 5
 5
 5
 5
 5
 5
 5
 5
 5
 5
 5
 5
 5
 5
 5
 5
 5
 5
 5
 5
 5
 5
 5
 5
 5
 5
 5
 5
 5
 5
 5
 5
 5
 5
 5
 5
 5
 5
 5
 5
 5
 5
 5
 5
 5
 5
 5
 5
 5
 5
 5
 5
 5
 5
 5
 5
 5
 5
 5
 5
 5
 5
 5
 5
 5
 5
 5
 5
 5
 5
 5
 5
 5
 5
 5
 5
 5
 5
 5
 5
 5
 5
 5
 5
 5
 5
 5
 5
 5
 5
 5
 5
 5
 5
 5
 5
 5
 5
 5
 5
 5
 5
 5
 5
 5
 5
 5
 5
 5
 5
 5
 5
 5
 5
 5
 5
 5
 5
 5
 5
 5
 5
 5
 5
 5
 5
 5
 5
 5
 5
 5
 5
 5
 5
 5
 5
 5
 5
 5
 5
 5
 5
 5
 5
 5
 5
 5
 5
 5
 5
 5
 5
 5
 5
 5
 5
 5
 5
 5
 5
 5
 5
 5
 5
 5
 5
 5
 5
 5
 5
 5
 5
 5
 5
 5
 5
 5
 5
 5
 5
 5
 5
 5
 5
 5
 5
 5
 5
 5
 5
 5
 5
 5
 5
 5
 5
 5
 5
 5
 5
 5
 5
 5
 5
 5
 5
 5
 5
 5
 5
 5
 5
 5
 5
 5
 5
 5
 5
 5
 5
 5
 5
 5
 5
 5
 5
 5
 5
 5
 5
 5
 5
 5
 5
 5
 5
 5
 5
 5
 5
 5
 5
 5
 5
 5
 5
 5
 5
 5
 5
 5
 5
 5
 5
 5
 5
 5
 5
 5
 5
 5
 5
 5
 5
 5
 5
 5
 5
 5
 5
 5
 5
 5
 5
 5
 5
 5
 5
 5
 5
 5
 5
 5
 5
 5
 5
 5
 5
 5
 5
 5
 5
 5
 5
 5
 5
 5
 5
 5
 5
 5
 5
 5
 5
 5
 5
 5
 5
 5
 5
 5
 5
 5
 5
 5
 5
 5
 5
 5
 5
 5
 5
 5
 5
 5
 5
 5
 5
 5
 5
 5
 5
 5
 5
 5
 5
 5
 5
 5
 5
 5
 5
 5
 5
 5
 5
 5
 5
 5
 5
 5
 5
 5
 5
 5
 5
 5
 5
 5
 5
 5
 5
 5
 5
 5
 5
 5
 5
 5
 5
 5
 5
 5
 5
 5
 5
 5
 5
 5
 5
 5
 5
 5
 5
 5
 5
 5
 5
 5
 5
 5
 5
 5
 5
 5
 5
 5
 5
 5
 5
 5
 5
 5
 5
 5
 5
 5
 5
 5
 5
 5
 5
 5
 5
 5
 5
 5
 5
 5
 5
 5
 5
 5
 5
 5
 5
 5
 5
 5
 5
 5
 5
 5
 5
 5
 5
 5
 5
 5
 5
 5
 5
 5
 5
 5
 5
 5
 5
 5
 5
 5
 5
 5
 5
 5
 5
 5
 5
 5
 5
 5
 5
 5
 5
 5
 5
 5
 5
 5
 5
 5
 5
 5
 5
 5
 5
 5
 5
 5
 5
 5
 5
 5
 5
 5
 5
 5
 5
 5
 5
 5
 5
 5
 5
 5
 5
 5
 5
 5
 5
 5
 5
 5
 5
 5
 5
 5
 5
 5
 5
 5
 5
 5
 5
 5
 5
 5
 5
 5
 5
 5
 5
 5
 5
 5
 5
 5
 5
 5
 5
 5
 5
 5
 5
 5
 5
 5
 5
 5
 5
 5
 5
 5
 5
 5
 5
 5
 5
 5
 5
 5
 5
 5
 5
 5
 5
 5
 5
 5
 5
 5
 5
 5
 5
 5
 5
 5
 5
 5
 5
 5
 5
 5
 5
 5
 5
 5
 5
 5
 5
 5
 5
 5
 5
 5
 5
 5
 5
 5
 5
 5
 5
 5
 5
 5
 5
 5
 5
 5
 5
 5
 5
 5
 5
 5
 5
 5
 5
 5
 5
 5
 5
 5
 5
 5
 5
 5
 5
 5
 5
 5
 5
 5
 5
 5
 5
 5
 5
 5
 5
 5
 5
 5
 5
 5
 5
 5
 5
 5
 5
 5
 5
 5
 5
 5
 5
 5
 5
 5
 5
 5
 5
 5
 5
 5
 5
 5
 5
 5
 5
 5
 5
 5
 5
 5
 5
 5
 5
 5
 5
 5
 5
 5
 5
 5
 5
 5
 5
 5
 5
 5
 5
 5
 5
 5
 5
 5
 5
 5
 5
 5
 5
 5
 5
 5
 5
 5
 5
 5
 5
 5
 5
 5
 5
 5
 5
 5
 5
 5
 5
 5
 5
 5
 5
 5
 5
 5
 5
 5
 5
 5
 5
 5
 5
 5
 5
 5
 5
 5
 5
 5
 5
 5
 5
 5
 5
 5
 5
 5
 5
 5
 5
 5
 5
 5
 5
 5
 5
 5
 5
 5
 5
 5
 5
 5
 5
 5
 5
 5
 5
 5
 5
 5
 5
 5
 5
 5
 5
 5
 5
 5
 5
 5
 5
 5
 5
 5
 5
 5
 5
 5
 5
 5
 5
 5
 5
 5
 5
 5
 5
 5
 5
 5
 5
 5
 5
 5
 5
 5
 5
 5
 5
 5
 5
 5
 5
 5
 5
 5
 5
 5
 5
 5
 5
 5
 5
 5
 5
 5
 5
 5
 5
 5
 5
 5
 5
 5
 5
 5
 5
 5
 5
 5
 5
 5
 5
 5
 5
 5
 5
 5
 5
 5
 5
 5
 5
 5
 5
 5
 5
 5
 5
 5
 5
 5
 5
 5
 5
 5
 5
 5
 5
 5
 5
 5
 5
 5
 5
 5
 5
 5
 5
 5
 5
 5
 5
 5
 5
 5
 5
 5
 5
 5
 5
 5
 5
 5
 5
 5
 5
 5
 5
 5
 5
 5
 5
 5
 5
 5
 5
 5
 5
 5
 5
 5
 5
 5
 5
 5
 5
 5
 5
 5
 5
 5
 5
 5
 5
 5
 5
 5
 5
 5
 5
 5
 5
 5
 5
 5
 5
 5
 5
 5
 5
 5
 5
 5
 5
 5
 5
 5
 5
 5
 5
 5
 5
 5
 5
 5
 5
 5
 5
 5
 5
 5
 5
 5
 5
 5
 5
 5
 5
 5
 5
 5
 5
 5
 5
 5
 5
 5
 5
 5
 5
 5
 5
 5
 5
 5
 5
 5
 5
 5
 5
 5
 5
 5
 5
 5
 5
 5
 5
 5
 5
 5
 5
 5
 5
 5
 5
 5
 5
 5
 5
 5
 5
 5
 5
 5
 5
 5
 5
 5
 5
 5
 5
 5
 5
 5
 5
 5
 5
 5
 5
 5
 5
 5
 5
 5
 5
 5
 5
 5
 5
 5
 5
 5
 5
 5
 5
 5
 5
 5
 5
 5
 5
 5
 5
 5
 5
 5
 5
 5
 5
 5
 5
 5
 5
 5
 5
 5
 5
 5
 5
 5
 5
 5
 5
 5
 5
 5
 5
 5
 5
 5
 5
 5
 5
 5
 5
 5
 5
 5
 5
 5
 5
 5
 5
 5
 5
 5
 5
 5
 5
 5
 5
 5
 5
 5
 5
 5
 5
 5
 5
 5
 5
 5
 5
 5
 5
 5
 5
 5
 5
 5
 5
 5
 5
 5
 5
 5
 5
 5
 5
 5
 5
 5
 5
 5
 5
 5
 5
 5
 5
 5
 5
 5
 5
 5
 5
 5
 5
 5
 5
 5
 5
 5
 5
 5
 5
 5
 5
 5
 5
 5
 5
 5
 5
 5
 5
 5
 5
 5
 5
 5
 5
 5
 5
 5
 5
 5
 5
 5
 5
 5
 5
 5
 5
 5
 5
 5
 5
 5
 5
 5
 5
 5
 5
 5
 5
 5
 5
 5
 5
 5
 5
 5
 5
 5
 5
 5
 5
 5
 5
 5
 5
 5
 5
 5
 5
 5
 5
 5
 5
 5
 5
 5
 5
 5
 5
 5
 5
 5
 5
 5
 5
 5
 5
 5
 5
 5
 5
 5
 5
 5
 5
 5
 5
 5
 5
 5
 5
 5
 5
 5
 5
 5
 5
 5
 5
 5
 5
 5
 5
 5
 5
 5
 5
 5
 5
 5
 5
 5
 5
 5
 5
 5
 5
 5
 5
 5
 5
 5
 5
 5
 5
 5
 5
 5
 5
 5
 5
 5
 5
 5
 5
 5
 5
 5
 5
 5
 5
 5
 5
 5
 5
 5
 5
 5
 5
 5
 5
 5
 5
 5
 5
 5
 5
 5
 5
 5
 5
 5
 5
 5
 5
 5
 5
 5
 5
 5
 5
 5
 5
 5
 5
 5
 5
 5
 5
 5
 5
 5
 5
 5
 5
 5
 5
 5
 5
 5
 5
 5
 5
 5
 5
 5
 5
 5
 5
 5
 5
 5
 5
 5
 5
 5
 5
 5
 5
 5
 5
 5
 5
 5
 5
 5
 5
 5
 5
 5
 5
 5
 5
 5
 5
 5
 5
 5
 5
 5
 5
 5
 5
 5
 5
 5
 5
 5
 5
 5
 5
 5
 5
 5
 5
 5
 5
 5
 5
 5
 5
 5
 5
 5
 5
 5
 5
 5
 5
 5
 5
 5
 5
 5
 5
 5
 5
 5
 5
 5
 5
 5
 5
 5
 5
 5
 5
 5
 5
 5
 5
 5
 5
 5
 5
 5
 5
 5
 5
 5
 5
 5
 5
 5
 5
 5
 5
 5
 5
 5
 5
 5
 5
 5
 5
 5
 5
 5
 5
 5
 5
 5
 5
 5
 5
 5
 5
 5
 5
 5
 5
 5
 5
 5
 5
 5
 5
 5
 5
 5
 5
 5
 5
 5
 5
 5
 5
 5
 5
 5
 5
 5
 5
 5
 5
 5
 5
 5
 5
 5
 5
 5
 5
 5
 5
 5
 5
 5
 5
 5
 5
 5
 5
 5
 5
 5
 5
 5
 5
 5
 5
 5
 5
 5
 5
 5
 5
 5
 5
 5
 5
 5
 5
 5
 5
 5
 5
 5
 5
 5
 5
 5
 5
 5
 5
 5
 5
 5
 5
 5
 5
 5
 5
 5
 5
 5
 5
 5
 5
 5
 5
 5
 5
 5
 5
 5
 5
 5
 5
 5
 5
 5
 5
 5
 5
 5
 5
 5
 5
 5
 5
 5
 5
 5
 5
 5
 5
 5
 5
 5
 5
 5
 5
 5
 5
 5
 5
 5
 5
 5
 5
 5
 5
 5
 5
 5
 5
 5
 5
 5
 5
 5
 5
 5
 5
 5
 5
 5
 5
 5
 5
 5
 5
 5
 5
 5
 5
 5
 5
 5
 5
 5
 5
 5
 5
 5
 5
 5
 5
 5
 5
 5
 5
 5
 5
 5
 5
 5
 5
 5
 5
 5
 5
 5
 5
 5
 5
 5
 5
 5
 5
 5
 5
 5
 5
 5
 5
 5
 5
 5
 5
 5
 5
 5
 5
 5
 5
 5
 5
 5
 5
 5
 5
 5
 5
 5
 5
 5
 5
 5
 5
 5
 5
 5
 5
 5
 5
 5
 5
 5
 5
 5
 5
 5
 5
 5
 5
 5
 5
 5
 5
 5
 5
 5
 5
 5
 5
 5
 5
 5
 5
 5
 5
 5
 5
 5
 5
 5
 5
 5
 5
 5
 5
 5
 5
 5
 5
 5
 5
 5
 5
 5
 5
 5
 5
 5
 5
 5
 5
 5
 5
 5
 5
 5
 5
 5
 5
 5
 5
 5
 5
 5
 5
 5
 5
 5
 5
 5
 5
 5
 5
 5
 5
 5
 5
 5
 5
 5
 5
 5
 5
 5
 5
 5
 5
 5
 5
 5
 5
 5
 5
 5
 5
 5
 5
 5
 5
 5
 5
 5
 5
 5
 5
 5
 5
 5
 5
 5
 5
 5
 5
 5
 5
 5
 5
 5
 5
 5
 5
 5
 5
 5
 5
 5
 5
 5
 5
 5
 5
 5
 5
 5
 5
 5
 5
 5
 5
 5
 5
 5
 5
 5
 5
 5
 5
 5
 5
 5
 5
 5
 5
 5
 5
 5
 5
 5
 5
 5
 5
 5
 5
 5
 5
 5
 5
 5
 5
 5
 5
 5
 5
 5
 5
 5
 5
 5
 5
 5
 5
 5
 5
 5
 5
 5
 5
 5
 5
 5
 5
 5
 5
 5
 5
 5
 5
 5
 5
 5
 5
 5
 5
 5
 5
 5
 5
 5
 5
 5
 5
 5
 5
 5
 5
 5
 5
 5
 5
 5
 5
 5
 5
 5
 5
 5
 5
 5
 5
 5
 5
 5
 5
 5
 5
 5
 5
 5
 5
 5
 5
 5
 5
 5
 5
 5
 5
 5
 5
 5
 5
 5
 5
 5
 5
 5
 5
 5
 5
 5
 5
 5
 5
 5
 5
 5
 5
 5
 5
 5
 5
 5
 5
 5
 5
 5
 5
 5
 5
 5
 5
 5
 5
 5
 5
 5
 5
 5
 5
 5
 5
 5
 5
 5
 5
 5
 5
 5
 5
 5
 5
 5
 5
 5
 5
 5
 5
 5
 5
 5
 5
 5
 5
 5
 5
 5
 5
 5
 5
 5
 5
 5
 5
 5
 5
 5
 5
 5
 5
 5
 5
 5
 5
 5
 5
 5
 5
 5
 5
 5
 5
 5
 5
 5
 5
 5
 5
 5
 5
 5
 5
 5
 5
 5
 5
 5
 5
 5
 5
 5
 5
 5
 5
 5
 5
 5
 5
 5
 5
 5
 5
 5
 5
 5
 5
 5
 5
 5
 5
 5
 5
 5
 5
 5
 5
 5
 5
 5
 5
 5
 5
 5
 5
 5
 5
 5
 5
 5
 5
 5
 5
 5
 5
 5
 5
 5
 5
 5
 5
 5
 5
 5
 5
 5
 5
 5
 5
 5
 5
 5
 5
 5
 5
 5
 5
 5
 5
 5
 5
 5
 5
 5
 5
 5
 5
 5
 5
 5
 5
 5
 5
 5
 5
 5
 5
 5
 5
 5
 5
 5
 5
 5
 5
 5
 5
 5
 5
 5
 5
 5
 5
 5
 5
 5
 5
 5
 5
 5
 5
 5
 5
 5
 5
 5
 5
 5
 5
 5
 5
 5
 5
 5
 5
 5
 5
 5
 5
 5
 5
 5
 5
 5
 5
 5
 5
 5
 5
 5
 5
 5
 5
 5
 5
 5
 5
 5
 5
 5
 5
 5
 5
 5
 5
 5
 5
 5
 5
 5
 5
 5
 5
 5
 5
 5
 5
 5
 5
 5
 5
 5
 5
 5
 5
 5
 5
 5
 5
 5
 5
 5
 5
 5
 5
 5
 5
 5
 5
 5
 5
 5
 5
 5
 5
 5
 5
 5
 5
 5
 5
 5
 5
 5
 5
 5
 5
 5
 5
 5
 5
 5
 5
 5
 5
 5
 5
 5
 5
 5
 5
 5
 5
 5
 5
 5
 5
 5
 5
 5
 5
 5
 5
 5
 5
 5
 5
 5
 5
 5
 5
 5
 5
 5
 5
 5
 5
 5
 5
 5
 5
 5
 5
 5
 5
 5
 5
 5
 5
 5
 5
 5
 5
 5
 5
 5
 5
 5
 5
 5
 5
 5
 5
 5
 5
 5
 5
 5
 5
 5
 5
 5
 5
 5
 5
 5
 5
 5
 5
 5
 5
 5
 5
 5
 5
 5
 5
 5
 5
 5
 5
 5
 5
 5
 5
 5
 5
 5
 5
 5
 5
 5
 5
 5
 5
 5
 5
 5
 5
 5
 5
 5
 5
 5
 5
 5
 5
 5
 5
 5
 5
 5
 5
 5
 5
 5
 5
 5
 5
 5
 5
 5
 5
 5
 5
 5
 5
 5
 5
 5
 5
 5
 5
 5
 5
 5
 5
 5
 5
 5
 5
 5
 5
 5
 5
 5
 5
 5
 5
 5
 5
 5
 5
 5
 5
 5
 5
 5
 5
 5
 5
 5
 5
 5
 5
 5
 5
 5
 5
 5
 5
 5
 5
 5
 5
 5
 5
 5
 5
 5
 5
 5
 5
 5
 5
 5
 5
 5
 5
 5
 5
 5
 5
 5
 5
 5
 5
 5
 5
 5
 5
 5
 5
 5
 5
 5
 5
 5
 5
 5
 5
 5
 5
 5
 5
 5
 5
 5
 5
 5
 5
 5
 5
 5
 5
 5
 5
 5
 5
 5
 5
 5
 5
 5
 5
 5
 5
 5
 5
 5
 5
 5
 5
 5
 5
 5
 5
 5
 5
 5
 5
 5
 5
 5
 5
 5
 5
 5
 5
 5
 5
 5
 5
 5
 5
 5
 5
 5
 5
 5
 5
 5
 5
 5
 5
 5
 5
 5
 5
 5
 5
 5
 5
 5
 5
 5
 5
 5
 5
 5
 5
 5
 5
 5
 5
 5
 5
 5
 5
 5
 5
 5
 5
 5
 5
 5
 5
 5
 5
 5
 5
 5
 5
 5
 5
 5
 5
 5
 5
 5
 5
 5
 5
 5
 5
 5
 5
 5
 5
 5
 5
 5
 5
 5
 5
 5
 5
 5
 5
 5
 5
 5
 5
 5
 5
 5
 5
 5
 5
 5
 5
 5
 5
 5
 5
 5
 5
 5
 5
 5
 5
 5
 5
 5
 5
 5
 5
 5
 5
 5
 5
 5
 5
 5
 5
 5
 5
 5
 5
 5
 5
 5
 5
 5
 5
 5
 5
 5
 5
 5
 5
 5
 5
 5
 5
 5
 5
 5
 5
 5
 5
 5
 5
 5
 5
 5
 5
 5
 5
 5
 5
 5
 5
 5
 5
 5
 5
 5
 5
 5
 5
 5
 5
 5
 5
 5
 5
 5
 5
 5
 5
 5
 5
 5
 5
 5
 5
 5
 5
 5
 5
 5
 5
 5
 5
 5
 5
 5
 5
 5
 5
 5
 5
 5
 5
 5
 5
 5
 5
 5
 5
 5
 5
 5
 5
 5
 5
 5
 5
 5
 5
 5
 5
 5
 5
 5
 5
 5
 5
 5
 5
 5
 5
 5
 5
 5
 5
 5
 5
 5
 5
 5
 5
 5
 5
 5
 5
 5
 5
 5
 5
 5
 5
 5
 5
 5
 5
 5
 5
 5
 5
 5
 5
 5
 5
 5
 5
 5
 5
 5
 5
 5
 5
 5
 5
 5
 5
 5
 5
 5
 5
 5
 5
 5
 5
 5
 5
 5
 5
 5
 5
 5
 5
 5
 5
 5
 5
 5
 5
 5
 5
 5
 5
 5
 5
 5
 5
 5
 5
 5
 5
 5
 5
 5
 5
 5
 5
 5
 5
 5
 5
 5
 5
 5
 5
 5
 5
 5
 5
 5
 5
 5
 5
 5
 5
 5
 5
 5
 5
 5
 5
 5
 5
 5
 5
 5
 5
 5
 5
 5
 5
 5
 5
 5
 5
 5
 5
 5
 5
 5
 5
 5
 5
 5
 5
 5
 5
 5
 5
 5
 5
 5
 5
 5
 5
 5
 5
 5
 5
 5
 5
 5
 5
 5
 5
 5
 5
 5
 5
 5
 5
 5
 5
 5
 5
 5
 5
 5
 5
 5
 5
 5
 5
 5
 5
 5
 5
 5
 5
 5
 5
 5
 5
 5
 5
 5
 5
 5
 5
 5
 5
 5
 5
 5
 5
 5
 5
 5
 5
 5
 5
 5
 5
 5
 5
 5
 5
 5
 5
 5
 5
 5
 5
 5
 5
 5
 5
 5
 5
 5
 5
 5
 5
 5
 5
 5
 5
 5
 5
 5
 5
 5
 5
 5
 5
 5
 5
 5
 5
 5
 5
 5
 5
 5
 5
 5
 5
 5
 5
 5
 5
 5
 5
 5
 5
 5
 5
 5
 5
 5
 5
 5
 5
 5
 5
 5
 5
 5
 5
 5
 5
 5
 5
 5
 5
 5
 5
 5
 5
 5
 5
 5
 5
 5
 5
 5
 5
 5
 5
 5
 5
 5
 5
 5
 5
 5
 5
 5
 5
 5
 5
 5
 5
 5
 5
 5
 5
 5
 5
 5
 5
 5
 5
 5
 5
 5
 5
 5
 5
 5
 5
 5
 5
 5
 5
 5
 5
 5
 5
 5
 5
 5
 5
 5
 5
 5
 5
 5
 5
 5
 5
 5
 5
 5
 5
 5
 5
 5
 5
 5
 5
 5
 5
 5
 5
 5
 5
 5
 5
 5
 5
 5
 5
 5
 5
 5
 5
 5
 5
 5
 5
 5
 5
 5
 5
 5
 5
 5
 5
 5
 5
 5
 5
 5
 5
 5
 5
 5
 5
 5
 5
 5
 5
 5
 5
 5
 5
 5
 5
 5
 5
 5
 5
 5
 5
 5
 5
 5
 5
 5
 5
 5
 5
 5
 5
 5
 5
 5
 5
 5
 5
 5
 5
 5
 5
 5
 5
 5
 5
 5
 5
 5
 5
 5
 5
 5
 5
 5
 5
 5
 5
 5
 5
 5
 5
 5
 5
 5
 5
 5
 5
 5
 5
 5
 5
 5
 5
 5
 5
 5
 5
 5
 5
 5
 5
 5
 5
 5
 5
 5
 5
 5
 5
 5
 5
 5
 5
 5
 5
 5
 5
 5
 5
 5
 5
 5
 5
 5
 5
 5
 5
 5
 5
 5
 5
 5
 5
 5
 5
 5
 5
 5
 5
 5
 5
 5
 5
 5
 5
 5
 5
 5
 5
 5
 5
 5
 5
 5
 5
 5
 5
 5
 5
 5
 5
 5
 5
 5
 5
 5
 5
 5
 5
 5
 5
 5
 5
 5
 5
 5
 5
 5
 5
 5
 5
 5
 5
 5
 5
 5
 5
 5
 5
 5
 5
 5
 5
 5
 5
 5
 5
 5
 5
 5
 5
 5
 5
 5
 5
 5
 5
 5
 5
 5
 5
 5
 5
 5
 5
 5
 5
 5
 5
 5
 5
 5
 5
 5
 5
 5
 5
 5
 5
 5
 5
 5
 5
 5
 5
 5
 5
 5
 5
 5
 5
 5
 5
 5
 5
 5
 5
 5
 5
 5
 5
 5
 5
 5
 5
 5
 5
 5
 5
 5
 5
 5
 5
 5
 5
 5
 5
 5
 5
 5
 5
 5
 5
 5
 5
 5
 5
 5
 5
 5
 5
 5
 5
 5
 5
 5
 5
 5
 5
 5
 5
 5
 5
 5
 5
 5
 5
 5
 5
 5
 5
 5
 5
 5
 5
 5
 5
 5
 5
 5
 5
 5
 5
 5
 5
 5
 5
 5
 5
 5
 5
 5
 5
 5
 5
 5
 5
 5
 5
 5
 5
 5
 5
 5
 5
 5
 5
 5
 5
 5
 5
 5
 5
 5
 5
 5
 5
 5
 5
 5
 5
 5
 5
 5
 5
 5
 5
 5
 5
 5
 5
 5
 5
 5
 5
 5
 5
 5
 5
 5
 5
 5
 5
 5
 5
 5
 5
 5
 5
 5
 5
 5
 5
 5
 5
 5
 5
 5
 5
 5
 5
 5
 5
 5
 5
 5
 5
 5
 5
 5
 5
 5
 5
 5
 5
 5
 5
 5
 5
 5
 5
 5
 5
 5
 5
 5
 5
 5
 5
 5
 5
 5
 5
 5
 5
 5
 5
 5
 5
 5
 5
 5
 5
 5
 5
 5
 5
 5
 5
 5
 5
 5
 5
 5
 5
 5
 5
 5
 5
 5
 5
 5
 5
 5
 5
 5
 5
 5
 5
 5
 5
 5
 5
 5
 5
 5
 5
 5
 5
 5
 5
 5
 5
 5
 5
 5
 5
 5
 5
 5
 5
 5
 5
 5
 5
 5
 5
 5
 5
 5
 5
 5
 5
 5
 5
 5
 5
 5
 5
 5
 5
 5
 5
 5
 5
 5
 5
 5
 5
 5
 5
 5
 5
 5
 5
 5
 5
 5
 5
 5
 5
 5
 5
 5
 5
 5
 5
 5
 5
 5
 5
 5
 5
 5
 5
 5
 5
 5
 5
 5
 5
 5
 5
 5
 5
 5
 5
 5
 5
 5
 5
 5
 5
 5
 5
 5
 5
 5
 5
 5
 5
 5
 5
 5
 5
 5
 5
 5
 5
 5
 5
 5
 5
 5
 5
 5
 5
 5
 5
 5
 5
 5
 5
 5
 5
 5
 5
 5
 5
 5
 5
 5
 5
 5
 5
 5
 5
 5
 5
 5
 5
 5
 5
 5
 5
 5
 5
 5
 5
 5
 5
 5
 5
 5
 5
 5
 5
 5
 5
 5
 5
 5
 5
 5
 5
 5
 5
 5
 5
 5
 5
 5
 5
 5
 5
 5
 5
 5
 5
 5
 5
 5
 5
 5
 5
 5
 5
 5
 5
 5
 5
 5
 5
 5
 5
 5
 5
 5
 5
 5
 5
 5
 5
 5
 5
 5
 5
 5
 5
 5
 5
 5
 5
 5
 5
 5
 5
 5
 5
POINT_DATA       2396
SCALARS height float 1
LOOKUP_TABLE default
     0.0
     0.0
     0.0
     0.0
     0.0
     0.0
     0.0
     0.0
     0.0
     0.0
     0.0
     0.0
     0.0
     0.0
     0.0
     0.0
     0.0
     0.0
     0.0
     0.0
     0.0
     0.0
     0.0
     0.0
     0.0
     0.0
     0.0
     0.0
     0.0
     0.0
     0.0
     0.0
     0.0
     0.0
     0.0
     0.0
     0.0
     0.0
     0.0
     0.0
     0.0
     0.0
     0.0
     0.0
     0.0
     0.0
     0.0
     0.0
     0.0
     0.0
     0.0
     0.0
     0.0
     0.0
     0.0
     0.0
     0.0
     0.0
     0.0
     0.0
     0.0
     0.0
     0.0
     0.0
     0.0
     0.0
     0.0
     0.0
     0.0
     0.0
     0.0
     0.0
     0.0
     0.0
     0.0
     0.0
     0.0
     0.0
     0.0
     0.0
     0.0
   776.3
   180.2
    91.4
   360.8
   127.8
   247.5
   198.0
    48.6
   246.3
   491.2
    60.5
   690.9
   182.1
    50.6
   692.3
   133.4
   291.5
   457.4
    32.5
   182.4
   739.6
    43.8
   177.5
   225.9
    46.2
   184.8
   316.0
    52.1
   206.1
   110.8
   179.4
    45.9
    81.1
   175.3
    58.5
   684.6
   113.1
   429.2
    77.5
   245.1
   145.7
   297.5
     0.0
     0.0
   490.8
   472.0
   199.6
   274.8
   677.4
   657.4
   456.3
   650.9
   141.7
   708.7
   555.6
   465.3
    93.3
   372.8
   597.8
    82.7
   379.1
   662.1
   628.5
    90.9
   320.5
   445.6
   113.7
   347.6
   525.1
    96.6
   175.4
   531.8
   578.4
   113.5
   443.5
   114.4
   654.1
   219.6
   638.5
   148.0
   716.5
   308.0
   594.1
   222.1
     0.0
     0.0
   578.7
   761.7
   318.5
   501.3
   823.5
   613.1
   137.6
   739.6
   384.8
   586.9
   907.1
   427.5
   140.5
   547.4
   419.9
   921.9
   662.7
   128.0
   240.4
   579.0
   907.9
   713.3
   169.0
   587.7
   708.1
   624.2
   831.8
   160.3
   593.5
   762.9
   304.3
   823.8
   646.3
   472.4
   166.0
   707.4
   389.1
   711.5
   213.5
   959.9
   874.0
   791.5
   428.6
     0.0
     0.0
   462.3
   750.9
   645.6
   838.6
   963.2
   379.3
   218.1
   882.4
   320.6
   690.4
   733.3
   186.4
   365.0
   603.6
   721.0
   178.3
   780.4
  1094.8
   748.3
   232.7
   841.2
  1070.8
   860.7
   210.7
   760.8
   664.5
   252.1
   250.0
   748.7
   479.9
   970.7
   461.7
   238.6
   245.5
   809.8
   668.9
   528.4
   567.0
  1037.1
   799.5
   719.5
     0.0
     0.0
   300.3
  1035.2
   997.0
   653.2
  1055.7
   893.3
   674.7
   324.6
   925.5
   851.9
   816.4
  1134.7
   783.2
   331.7
   341.1
   513.1
   963.7
  1055.9
   727.8
   215.4
   649.4
   981.7
   845.6
   317.3
   981.7
  1123.3
   622.4
   319.1
   996.8
   698.1
   715.3
   355.0
   980.6
  1008.9
   793.2
   393.5
   426.6
   705.3
   453.4
   476.4
  1016.0
   948.3
   440.8
   771.0
  1028.7
   525.5
   152.8
     0.0
     0.0
   587.4
   878.2
  1085.8
  1067.0
  1287.1
  1252.6
   755.9
   436.2
   892.7
  1136.7
   660.6
  1118.9
   756.0
   777.6
   558.5
  1031.1
   921.8
   334.1
   429.8
  1007.8
   851.8
   379.2
   836.9
  1000.9
   421.8
   476.8
   606.3
   831.9
  1353.8
  1291.1
   971.7
   666.4
   845.5
   892.2
   594.7
  1082.1
  1285.3
  1126.2
   537.0
   896.6
  1107.9
   894.4
   428.1
     0.0
     0.0
   428.0
   863.3
   706.9
  1216.5
  1541.4
  1197.2
  1004.0
   713.8
   918.0
  1229.6
  1092.5
  1312.6
  1164.7
   564.7
  1045.1
   783.3
  1362.8
   708.4
   796.9
  1307.1
  1073.9
   540.8
   803.8
  1167.9
   637.3
   832.2
   930.2
   961.1
  1162.6
  1254.8
  1420.7
  1156.1
   750.4
  1151.2
   888.1
  1103.6
  1453.1
   980.2
   994.8
  1053.1
   536.3
   100.5
     0.0
     0.0
   660.5
   393.3
  1168.0
  1350.4
  1510.0
  1233.6
   982.4
  1355.8
  1448.2
  1550.1
  1029.5
  1115.5
  1285.1
  1549.6
  1160.1
   589.0
   815.3
  1036.6
  1292.4
   821.3
  1233.2
  1180.3
   844.4
  1129.3
  1163.5
   891.7
  1384.0
  1717.2
  1623.9
  1769.1
  1507.7
  1252.1
  1150.3
  1298.2
  1178.1
  1471.8
  1441.8
  1458.1
  1218.2
  1112.9
   766.5
   291.3
     0.0
     0.0
   360.6
   215.3
   816.5
   870.7
  1487.1
  1427.5
  1565.7
  1738.4
  1830.9
  1387.5
  1023.6
  1434.4
  1480.2
  1635.4
  1159.3
  1006.7
  1168.0
  1422.7
  1626.7
  1209.6
  1398.1
  1493.1
  1533.8
  1455.5
  1475.7
  1427.0
  1261.0
  1620.0
  1893.2
  1922.5
  1746.3
  1598.5
  1528.6
  1442.1
  1670.1
  1754.1
  1422.8
  1173.2
   690.7
   701.4
   551.3
     0.0
     0.0
    40.8
   100.7
   626.8
   400.7
  1034.9
  1226.9
  1490.2
  1780.6
  1771.7
  1811.0
  1900.0
  2000.3
  1830.3
  1717.9
  1382.6
  1605.1
  1799.1
  1907.9
  1663.3
  1079.0
  1457.7
  1675.0
  1634.6
  1885.6
  1761.3
  1683.2
  1805.8
  1461.6
  1759.5
  1736.9
  1678.0
  1850.3
  1968.3
  2000.3
  1991.5
  1994.3
  1752.7
  1837.9
  1940.6
  1776.4
  1976.0
  1951.1
  1491.5
   902.2
   489.6
   241.9
   109.5
    45.8
     0.0
     0.0
   283.5
   981.3
  1007.5
   770.2
   603.7
  1069.6
  1544.8
  1982.9
  1963.6
  2000.2
  2000.3
  2000.3
  1870.4
  1870.0
  1909.2
  1907.6
  1647.0
  1558.0
  1471.9
  1798.8
  1855.0
  1900.0
  1994.2
  1949.5
  1973.3
  1974.2
  1990.4
  1707.2
  2000.2
  1874.3
  1766.6
  2000.3
  2000.3
  1999.8
  1999.9
  2000.4
  2000.4
  2000.4
  2000.3
  1776.3
  1363.2
  1044.1
   821.6
   637.0
   477.1
   408.6
     0.0
     0.0
   596.9
   846.0
  1041.7
  1220.9
  1419.6
  1802.3
  1871.5
  2000.3
  2000.2
  2000.3
  2000.3
  1976.8
  1982.7
  2000.3
  1971.7
  1757.5
  1792.9
  1882.2
  2000.2
  1992.7
  1994.1
  2000.3
  2000.4
  2000.4
  1921.3
  1963.6
  2000.2
  2000.2
  1939.8
  2000.2
  2000.5
  2000.5
  2000.6
  2000.2
  2000.4
  2000.4
  2000.3
  2000.4
  1837.8
  1519.6
  1184.5
   810.8
   593.1
   363.1
     0.0
     0.0
   540.0
   571.5
   804.8
  1047.6
  1429.9
  1657.0
  1983.1
  2000.3
  2000.3
  2000.2
  2000.3
  2000.6
  2000.6
  2000.1
  2000.3
  2000.3
  2000.3
  2000.4
  2000.4
  2000.2
  2000.2
  1999.9
  2000.3
  2000.3
  2000.4
  1989.9
  2000.3
  2000.2
  2000.2
  1989.3
  2000.2
  2000.2
  2000.2
  2000.6
  2000.6
  2000.2
  2000.4
  2000.4
  2000.4
  2000.4
  1869.6
  1553.1
   920.5
   552.2
   272.2
    90.0
     0.0
     0.0
   128.4
   352.3
   503.3
   941.0
  1375.3
  1767.3
  2000.3
  2000.3
  2000.3
  2000.3
  2000.3
  2000.3
  2000.3
  2000.3
  2000.3
  2000.3
  2000.3
  2000.4
  2000.3
  2000.2
  2000.5
  2000.3
  2000.4
  2000.6
  2000.3
  2000.3
  2000.4
  2000.3
  2000.3
  2000.3
  2000.2
  2000.3
  2000.3
  2000.2
  2000.5
  2000.5
  2000.5
  2000.5
  2000.5
  1853.5
  1654.9
  1269.6
   980.8
   528.4
   395.6
   104.5
     0.0
     0.0
   584.1
   701.0
   730.5
  1135.8
  1591.6
  1742.0
  2000.2
  2000.1
  2000.3
  2000.3
  2000.3
  2000.3
  2000.3
  2000.3
  2000.4
  2000.3
  2000.3
  2000.3
  2000.3
  2000.4
  2000.4
  2000.5
  2000.4
  2000.6
  2000.4
  2000.3
  2000.4
  2000.3
  2000.2
  2000.3
  2000.3
  2000.3
  2000.4
  2000.4
  2000.5
  2000.5
  2000.5
  1950.1
  1584.9
  1224.7
  1048.1
   676.9
   269.9
     0.0
     0.0
   191.4
   675.3
  1027.4
  1407.0
  1732.6
  1960.2
  2000.2
  2000.1
  2000.3
  2000.3
  2000.3
  2000.3
  2000.3
  2000.3
  2000.4
  2000.3
  2000.3
  2000.3
  2000.4
  2000.4
  2000.4
  2000.4
  2000.4
  2000.5
  2000.4
  2000.4
  2000.4
  2000.4
  2000.3
  2000.4
  2000.3
  2000.5
  2000.4
  2000.4
  2000.3
  2000.3
  2000.3
  2000.4
  2000.4
  2000.5
  2000.5
  1935.4
  1758.2
  1251.5
   805.5
   442.1
     0.0
     0.0
   170.8
   743.5
   770.4
  1032.1
  1365.7
  1760.3
  1997.7
  2000.2
  2000.5
  2000.4
  2000.4
  2000.4
  2000.3
  2000.3
  2000.3
  2000.3
  2000.2
  2000.4
  2000.4
  2000.4
  2000.4
  2000.4
  2000.3
  2000.3
  2000.7
  2000.5
  2000.3
  2000.4
  2000.3
  2000.3
  2000.5
  2000.4
  2000.4
  2000.3
  2000.2
  2000.5
  2000.5
  2000.5
  2000.3
  1761.9
  1312.9
   832.6
   578.1
   240.8
   101.5
     0.0
     0.0
   589.5
   308.1
   572.4
  1536.2
  1881.3
  2000.4
  2000.5
  2000.5
  2000.4
  2000.4
  2000.3
  2000.3
  2000.3
  2000.3
  2000.3
  2000.3
  2000.3
  2000.5
  2000.5
  2000.4
  2000.4
  2000.4
  2000.4
  2000.4
  2000.3
  2000.7
  2000.5
  2000.4
  2000.4
  2000.3
  2000.3
  2000.5
  2000.4
  2000.4
  2000.3
  2000.2
  2000.3
  2000.5
  2000.5
  2000.3
  2000.3
  1751.4
  1459.6
   943.0
   534.1
   632.4
   140.3
     0.0
     0.0
   117.5
   460.0
   797.4
  1076.4
  1753.7
  1877.9
  2000.3
  2000.4
  2000.5
  2000.3
  2000.3
  2000.3
  2000.3
  2000.3
  2000.4
  2000.3
  2000.5
  2000.4
  2000.4
  2000.4
  2000.3
  2000.7
  2000.3
  2000.4
  2000.2
  2000.4
  2000.5
  2000.5
  2000.4
  2000.4
  2000.4
  2000.3
  2000.3
  2000.3
  2000.3
  2000.5
  2000.3
  2000.3
  1847.7
  1497.0
  1251.7
   981.6
   634.3
   480.9
   358.4
     0.0
     0.0
   644.8
   714.6
  1110.0
  1122.1
  1407.1
  1600.5
  2000.3
  2000.3
  2000.4
  2000.3
  2000.3
  2000.4
  2000.4
  2000.4
  2000.4
  2000.4
  2000.4
  2000.3
  2000.3
  2000.4
  2000.1
  2000.4
  2000.4
  2000.3
  2000.4
  2000.3
  2000.2
  2000.2
  2000.4
  2000.5
  2000.4
  2000.4
  2000.4
  2000.3
  2000.3
  2000.3
  2000.4
  2000.3
  1879.0
  1542.6
   999.4
   556.0
   397.8
     0.0
     0.0
   316.4
   450.5
   821.1
  1326.6
  1639.9
  1924.6
  1910.0
  2000.3
  2000.3
  2000.3
  2000.3
  2000.6
  2000.3
  2000.4
  2000.4
  2000.4
  2000.2
  2000.3
  2000.4
  2000.4
  2000.1
  2000.4
  2000.3
  2000.4
  2000.4
  2000.3
  2000.2
  2000.2
  2000.4
  2000.4
  2000.4
  2000.4
  2000.4
  2000.3
  2000.3
  2000.4
  2000.4
  2000.3
  1955.9
  1556.1
   755.3
   931.1
   550.7
   167.2
     0.0
     0.0
   304.5
   624.7
  1045.2
  1323.4
  1684.8
  2000.3
  2000.3
  2000.3
  2000.3
  2000.3
  2000.6
  2000.3
  2000.3
  2000.3
  2000.3
  2000.3
  2000.3
  2000.2
  2000.3
  2000.4
  2000.4
  2000.1
  2000.4
  2000.4
  2000.4
  2000.3
  2000.3
  2000.2
  2000.4
  2000.4
  2000.4
  2000.4
  2000.4
  2000.4
  2000.4
  2000.3
  2000.3
  2000.3
  2000.4
  2000.3
  2000.3
  2000.3
  1854.2
  1492.0
   878.0
   355.8
   175.9
    67.3
     0.0
     0.0
    86.3
   200.6
   682.6
  1235.0
  1823.8
  2000.3
  2000.3
  2000.3
  2000.3
  2000.3
  2000.4
  2000.3
  2000.3
  2000.3
  2000.3
  2000.3
  2000.3
  2000.3
  2000.5
  2000.5
  2000.5
  2000.4
  2000.4
  2000.3
  2000.3
  2000.3
  2000.2
  2000.5
  2000.4
  2000.3
  2000.4
  2000.3
  2000.3
  2000.3
  2000.2
  2000.1
  2000.3
  2000.2
  1759.3
  1361.2
  1200.2
   942.3
   641.6
   573.3
     0.0
     0.0
   416.2
  1026.9
  1233.9
  1479.9
  1975.8
  2000.3
  2000.3
  2000.4
  2000.4
  2000.4
  2000.3
  2000.0
  2000.2
  2000.3
  2000.3
  2000.3
  2000.3
  2000.4
  2000.5
  2000.4
  2000.5
  2000.5
  2000.3
  2000.3
  2000.3
  2000.3
  2000.2
  2000.2
  2000.4
  2000.3
  2000.5
  2000.5
  2000.3
  2000.3
  2000.2
  2000.2
  2000.3
  2000.2
  2000.2
  1703.0
  1203.3
   897.2
   718.6
   486.0
     0.0
     0.0
   166.3
   354.1
   770.4
  1008.9
  1777.8
  2000.2
  2000.4
  2000.4
  2000.4
  2000.4
  2000.4
  2000.3
  2000.3
  2000.2
  2000.2
  2000.3
  2000.3
  2000.5
  2000.4
  2000.4
  2000.4
  2000.5
  2000.5
  2000.5
  2000.3
  2000.3
  2000.3
  2000.2
  2000.4
  2000.4
  2000.3
  2000.5
  2000.5
  2000.1
  2000.1
  2000.2
  2000.2
  2000.3
  2000.3
  2000.4
  2000.4
  1867.9
  1425.8
   758.3
   384.7
   142.1
     0.0
     0.0
   580.9
   710.7
   806.8
  1321.5
  1629.8
  1868.0
  2000.4
  2000.4
  2000.2
  2000.4
  2000.4
  2000.4
  2000.4
  2000.2
  2000.2
  2000.3
  2000.5
  2000.5
  2000.4
  2000.4
  2000.4
  2000.6
  2000.5
  2000.5
  2000.2
  2000.1
  2000.2
  2000.4
  2000.4
  2000.3
  2000.5
  2000.5
  2000.3
  2000.2
  2000.3
  2000.3
  2000.3
  2000.4
  2000.4
  1734.4
  1196.1
   983.6
   714.3
   574.8
     0.0
     0.0
   168.6
   264.0
   584.4
  1039.2
  1674.9
  1992.8
  2000.4
  2000.2
  2000.2
  2000.5
  2000.4
  2000.4
  2000.4
  2000.2
  2000.4
  2000.4
  2000.4
  2000.3
  2000.6
  2000.6
  2000.5
  2000.5
  2000.2
  2000.1
  2000.4
  2000.4
  2000.4
  2000.3
  2000.5
  2000.5
  2000.5
  2000.3
  2000.3
  2000.3
  2000.3
  2000.4
  2000.4
  2000.4
  2000.3
  1798.7
  1453.8
   929.6
   464.7
   203.2
    74.3
     0.0
     0.0
   541.8
   561.9
   989.6
  1275.3
  1363.8
  1921.5
  1997.5
  2000.3
  2000.2
  2000.2
  2000.5
  2000.3
  2000.4
  2000.4
  2000.4
  2000.4
  2000.4
  2000.4
  2000.4
  2000.3
  2000.3
  2000.6
  2000.5
  2000.5
  2000.2
  2000.2
  2000.3
  2000.4
  2000.4
  2000.4
  2000.3
  2000.7
  2000.5
  2000.3
  2000.3
  2000.3
  2000.3
  2000.4
  2000.4
  2000.4
  1898.4
  1476.1
  1190.2
   849.4
   528.9
   590.7
   322.9
     0.0
     0.0
   637.6
   975.8
  1233.0
  1412.1
  1696.6
  1952.9
  2000.3
  2000.2
  2000.5
  2000.3
  2000.3
  2000.3
  2000.3
  2000.4
  2000.4
  2000.4
  2000.4
  2000.3
  2000.4
  2000.4
  2000.4
  2000.2
  2000.2
  2000.2
  2000.3
  2000.4
  2000.4
  2000.4
  2000.4
  2000.7
  2000.7
  2000.5
  2000.3
  2000.3
  2000.3
  2000.3
  2000.4
  2000.2
  2000.6
  1696.1
  1449.2
  1019.4
   917.4
   428.8
     0.0
     0.0
   136.2
   457.5
   869.1
  1310.6
  1971.3
  2000.3
  2000.3
  2000.3
  2000.3
  2000.4
  2000.4
  2000.5
  2000.4
  2000.4
  2000.4
  2000.3
  2000.3
  2000.3
  2000.3
  2000.4
  2000.4
  2000.4
  2000.4
  2000.4
  2000.2
  2000.4
  2000.4
  2000.4
  2000.4
  2000.4
  2000.7
  2000.4
  2000.4
  2000.4
  2000.4
  2000.4
  2000.4
  2000.1
  2000.2
  1951.2
  1602.5
  1220.8
   704.5
   685.1
   549.4
     0.0
     0.0
   126.9
   172.0
   572.3
  1065.2
  1471.4
  1643.9
  1985.0
  2000.3
  2000.3
  2000.3
  2000.3
  2000.4
  2000.5
  2000.5
  2000.5
  2000.3
  2000.3
  2000.3
  2000.4
  2000.4
  2000.4
  2000.4
  2000.4
  2000.4
  2000.4
  2000.4
  2000.6
  2000.6
  2000.6
  2000.6
  2000.3
  2000.4
  2000.4
  2000.4
  2000.4
  2000.4
  2000.1
  2000.3
  2000.3
  1827.1
  1275.3
   897.2
   455.9
   207.3
    72.2
     0.0
     0.0
   561.7
   760.0
  1048.9
  1411.5
  1594.4
  1924.6
  2000.2
  2000.3
  2000.4
  2000.4
  2000.3
  2000.3
  2000.5
  2000.5
  2000.5
  2000.3
  2000.4
  2000.4
  2000.4
  2000.2
  2000.4
  2000.3
  2000.3
  2000.4
  2000.4
  2000.4
  2000.6
  2000.6
  2000.6
  2000.6
  2000.6
  2000.3
  2000.1
  2000.4
  2000.4
  2000.3
  2000.3
  2000.3
  1854.9
  1036.6
   512.0
   561.7
     0.0
     0.0
   305.6
   476.4
   891.1
  1275.2
  1706.5
  1902.7
  2000.2
  2000.2
  2000.0
  2000.4
  2000.3
  2000.2
  2000.3
  2000.4
  2000.4
  2000.1
  2000.4
  2000.4
  2000.2
  2000.2
  2000.2
  2000.3
  2000.3
  2000.3
  2000.4
  2000.4
  2000.4
  2000.3
  2000.4
  2000.2
  2000.3
  2000.6
  2000.3
  2000.4
  2000.4
  2000.4
  2000.3
  2000.3
  2000.3
  2000.3
  1837.0
   993.0
   532.7
   602.4
     0.0
     0.0
   251.4
   619.1
  1018.6
  1526.2
  1937.8
  2000.5
  2000.5
  2000.2
  2000.3
  2000.4
  2000.2
  2000.2
  2000.1
  2000.4
  2000.1
  2000.4
  2000.4
  2000.4
  2000.2
  2000.2
  2000.3
  2000.3
  2000.3
  2000.4
  2000.4
  2000.4
  2000.4
  2000.2
  2000.3
  2000.4
  2000.3
  2000.4
  2000.4
  2000.3
  2000.3
  2000.3
  2000.3
  2000.3
  1863.8
  1646.7
  1256.9
   630.1
   376.7
    97.5
     0.0
     0.0
   515.0
   584.4
   974.7
  1202.0
  1400.6
  1925.8
  1994.6
  2000.5
  2000.2
  2000.3
  2000.4
  2000.5
  2000.0
  2000.5
  2000.5
  2000.4
  2000.4
  2000.4
  2000.4
  2000.4
  2000.2
  2000.3
  2000.3
  2000.3
  2000.3
  2000.4
  2000.2
  2000.4
  2000.4
  2000.2
  2000.4
  2000.4
  2000.4
  2000.4
  2000.4
  2000.3
  2000.3
  2000.3
  2000.3
  1986.5
  1927.0
  1805.6
  1326.1
   737.6
   945.3
   693.1
   295.9
     0.0
     0.0
   120.5
   670.6
   974.8
  1474.1
  1757.5
  1783.6
  1898.9
  2000.5
  2000.2
  2000.3
  2000.4
  2000.5
  2000.5
  1986.9
  2000.5
  2000.5
  2000.4
  2000.4
  2000.4
  2000.4
  2000.4
  1978.3
  1947.3
  2000.3
  2000.3
  1972.4
  1924.3
  2000.4
  2000.4
  2000.4
  2000.4
  2000.4
  2000.3
  2000.3
  2000.3
  2000.3
  2000.3
  2000.3
  1999.7
  1983.1
  1648.8
  1015.3
   433.7
   189.7
    48.4
     0.0
     0.0
   336.2
   325.7
   632.1
  1174.8
  1706.4
  1981.7
  1990.8
  2000.5
  1990.3
  2000.5
  2000.5
  1974.6
  1862.6
  2000.5
  2000.4
  2000.3
  2000.4
  2000.4
  1942.0
  1662.0
  1829.1
  1997.0
  1927.0
  1913.0
  1833.3
  1815.7
  2000.4
  2000.4
  2000.4
  2000.3
  2000.3
  2000.3
  2000.3
  1899.1
  1807.7
  1989.2
  2000.3
  1880.7
  1688.4
  1345.7
   817.7
   739.6
   551.7
     0.0
     0.0
   302.3
   663.1
   721.3
  1069.1
  1513.4
  1833.8
  1998.1
  1897.2
  1858.1
  1856.7
  2000.4
  2000.5
  1818.4
  1665.6
  1835.4
  1971.1
  2000.3
  2000.3
  2000.4
  1785.5
  1683.4
  1499.1
  1694.8
  1711.3
  1693.9
  1570.8
  1416.0
  1717.2
  1831.6
  2000.4
  1898.2
  2000.3
  1734.4
  1743.2
  1566.3
  1672.6
  1994.6
  1861.4
  1667.7
  1710.9
  1775.9
  1558.6
   989.1
   795.5
   682.5
   332.3
     0.0
     0.0
    97.1
   298.9
   853.1
  1039.9
  1459.9
  1752.8
  1764.5
  1878.4
  1838.5
  1589.9
  1499.8
  1850.4
  1902.4
  1854.0
  1656.1
  1346.5
  1333.3
  1672.3
  1814.3
  1782.4
  1867.4
  1811.1
  1536.9
  1422.6
  1163.8
  1418.6
  1424.1
  1240.5
  1173.7
  1380.1
  1692.6
  1804.9
  1857.0
  1759.5
  1394.0
  1406.2
  1398.4
  1373.6
  1838.6
  1534.5
  1154.6
  1523.2
  1497.0
  1108.1
   452.8
   210.6
     0.0
     0.0
   615.4
   686.0
  1275.8
  1465.7
  1479.0
  1727.1
  1574.7
  1212.4
  1221.0
  1590.5
  1598.8
  1351.7
  1052.4
  1337.6
  1420.1
  1539.4
  1718.6
  1473.2
  1092.6
   858.1
  1088.3
  1371.8
   882.9
   913.5
   791.1
  1348.3
  1566.3
  1361.9
  1692.5
  1614.2
  1035.1
  1068.7
  1023.2
  1459.8
  1702.7
  1201.6
  1098.5
  1371.4
  1362.5
   708.2
   650.3
     0.0
     0.0
   185.4
   586.8
  1075.5
  1405.7
  1120.8
  1131.0
  1482.0
  1177.7
   821.9
  1247.4
  1353.7
  1333.3
   949.4
   885.4
  1290.5
  1125.6
  1308.8
  1525.5
  1400.4
  1058.9
   616.1
  1270.2
  1412.4
  1017.5
   544.4
   543.7
  1048.0
  1494.5
  1263.0
  1019.2
  1343.7
  1103.6
  1066.9
   540.5
  1095.3
  1504.5
  1386.0
   620.0
  1057.4
  1122.6
   874.0
   567.3
   367.3
   197.5
     0.0
     0.0
   452.7
   956.1
  1075.4
   752.8
  1337.4
   994.9
   551.2
  1039.1
  1043.5
   938.2
   477.3
   835.7
  1167.9
   806.7
  1313.6
  1067.5
   978.8
   935.4
  1031.8
  1369.0
   716.1
   349.4
   740.8
  1227.2
  1358.4
   812.2
   751.4
  1291.0
   782.5
   396.7
   963.2
  1132.4
  1266.0
   843.0
   615.0
   770.5
  1189.6
   837.4
   511.1
   130.3
     0.0
     0.0
   547.3
   886.5
  1110.9
   778.7
   674.5
   956.2
  1040.2
   891.2
   359.1
   962.5
  1162.1
   866.4
   372.6
   962.1
   633.5
  1128.2
   923.9
   522.6
   992.2
   389.4
   618.8
  1059.3
   681.5
   252.5
   804.1
  1074.5
   775.5
   459.5
  1074.0
   952.8
   420.4
   314.2
   789.1
   773.9
   979.4
  1113.4
   815.1
   348.2
  1017.2
  1245.2
  1053.9
   804.7
   286.2
     0.0
     0.0
   169.6
   648.5
   934.9
  1102.0
   374.4
   419.8
   948.0
   813.2
   832.3
   680.6
  1072.3
   550.0
   748.5
   324.1
   776.2
   813.6
   327.7
   678.9
   499.4
   679.7
   804.7
   305.3
   461.4
   796.4
   923.5
   600.9
   660.3
  1019.0
   854.6
   353.7
   945.8
  1015.1
   656.4
   240.7
   707.0
   920.9
   684.0
   909.7
   262.0
   787.2
  1233.4
  1106.7
   691.9
   160.1
     0.0
     0.0
   567.4
   859.2
   791.6
   238.2
   658.1
   496.9
   693.6
   216.3
   733.5
   682.4
   349.7
   658.6
   209.2
   747.6
   270.1
   914.9
   299.4
   741.1
   780.4
   208.5
   728.7
   479.5
   705.4
   164.0
   591.9
   936.8
   554.4
   762.3
   290.6
   861.6
   966.6
   530.0
   284.4
   874.8
   464.3
   708.7
   198.8
   872.0
   720.7
  1004.9
   758.4
   322.9
     0.0
     0.0
   197.8
   670.7
   802.9
   613.9
   203.0
   787.6
   339.1
   633.6
   152.3
   686.3
   460.2
   233.7
   618.1
   148.0
   635.3
   606.2
   202.5
   503.8
   881.0
   396.5
   484.7
   723.2
   165.4
   613.0
   726.3
   119.1
   651.3
   302.4
   204.6
   380.2
   673.2
   656.2
   668.9
   134.6
   683.5
   861.2
   370.1
   672.7
   146.2
   447.8
   816.6
   611.1
   428.3
   742.5
     0.0
     0.0
   605.3
   294.9
   594.3
   119.4
   645.3
   195.2
    85.7
   624.6
   169.4
   558.4
   554.0
   344.2
   131.9
   533.8
   694.7
   132.5
   653.7
   439.3
   107.0
   230.0
   515.1
    83.5
   653.8
   214.3
   321.3
   119.5
   493.4
   308.2
   660.4
    83.5
   502.7
   476.0
   200.4
   508.9
   100.6
   349.6
   625.6
   635.1
   220.9
   603.5
     0.0
     0.0
   304.6
   162.9
   223.5
    60.3
   454.0
   334.0
   116.5
   293.4
   443.1
   427.4
   150.4
   354.2
    95.4
    37.6
   208.0
    50.1
   164.6
   209.7
    46.5
   391.9
   172.2
   362.0
    41.6
   127.8
   210.5
    35.4
   226.3
   116.0
    54.4
   197.0
   122.0
   330.7
    33.8
   360.8
   155.9
    96.5
   419.2
    38.2
   163.8
   331.5
   102.7
   431.6
     0.0
     0.0
     0.0
     0.0
     0.0
     0.0
     0.0
     0.0
     0.0
     0.0
     0.0
     0.0
     0.0
     0.0
     0.0
     0.0
     0.0
     0.0
     0.0
     0.0
     0.0
     0.0
     0.0
     0.0
     0.0
     0.0
     0.0
     0.0
     0.0
     0.0
     0.0
     0.0
     0.0
     0.0
     0.0
     0.0
     0.0
     0.0
     0.0
     0.0
     0.0
     0.0
     0.0
     0.0
     0.0
     0.0
     0.0
     0.0
     0.0
     0.0
     0.0
     0.0
     0.0
     0.0
     0.0
     0.0
     0.0
     0.0
     0.0
     0.0
     0.0
     0.0
     0.0
     0.0
     0.0
     0.0
     0.0
     0.0
     0.0
     0.0
     0.0
     0.0
     0.0
     0.0
     0.0
     0.0
     0.0
     0.0
     0.0
     0.0
     0.0
   522.1
   659.1
   337.2
   172.4
   555.6
   442.7
   558.2
   255.7
   464.2
   511.2
   771.6
   415.1
   587.8
   581.3
  1307.2
  1112.3
  1050.4
  1273.3
  1580.7
  1481.4
  1542.3
  1256.2
  1304.6
  1142.3
   765.3
  1336.4
  1437.9
SCALARS discharge float 1
LOOKUP_TABLE default
  0.1879E+04
  0.1083E+05
  0.4957E+04
  0.8131E+04
  0.4372E+07
  0.7556E+04
  0.2198E+08
  0.9922E+06
  0.7676E+04
  0.1206E+08
  0.1093E+05
  0.1728E+07
  0.4709E+07
  0.7964E+04
  0.7738E+08
  0.1080E+05
  0.3112E+07
  0.8616E+04
  0.9229E+06
  0.3879E+08
  0.8028E+04
  0.5222E+04
  0.8814E+04
  0.5948E+07
  0.8076E+04
  0.1044E+09
  0.9530E+04
  0.5404E+04
  0.9351E+04
  0.1311E+08
  0.7933E+04
  0.1661E+07
  0.1252E+05
  0.6943E+04
  0.1387E+09
  0.6753E+04
  0.3774E+07
  0.8359E+04
  0.5300E+04
  0.8097E+04
  0.7206E+08
  0.1043E+05
  0.6527E+07
  0.8172E+04
  0.4132E+07
  0.8081E+04
  0.6806E+08
  0.7576E+04
  0.5694E+07
  0.1129E+05
  0.1080E+07
  0.1012E+09
  0.7815E+04
  0.2385E+07
  0.7401E+04
  0.1969E+08
  0.1179E+05
  0.3655E+07
  0.6861E+04
  0.6511E+08
  0.5773E+04
  0.8281E+04
  0.4792E+07
  0.7616E+04
  0.5535E+08
  0.8556E+04
  0.5151E+04
  0.8509E+04
  0.1257E+08
  0.8111E+04
  0.6844E+04
  0.4179E+08
  0.8267E+04
  0.3221E+07
  0.7830E+04
  0.6736E+07
  0.7201E+04
  0.1494E+07
  0.1122E+05
  0.1879E+04
  0.1168E+07
  0.5256E+06
  0.4367E+07
  0.2197E+08
  0.9851E+06
  0.1205E+08
  0.1723E+07
  0.4701E+07
  0.7737E+08
  0.3106E+07
  0.9131E+06
  0.3878E+08
  0.9613E+06
  0.5942E+07
  0.1044E+09
  0.1494E+07
  0.1310E+08
  0.1656E+07
  0.9843E+06
  0.1387E+09
  0.3769E+07
  0.9596E+06
  0.7206E+08
  0.6521E+07
  0.4126E+07
  0.6806E+08
  0.5688E+07
  0.1075E+07
  0.1011E+09
  0.2381E+07
  0.1968E+08
  0.3650E+07
  0.6510E+08
  0.6342E+08
  0.4786E+07
  0.5535E+08
  0.8417E+06
  0.1257E+08
  0.1042E+07
  0.4178E+08
  0.3215E+07
  0.6731E+07
  0.1489E+07
  0.7758E+06
  0.4273E+07
  0.2564E+07
  0.1714E+07
  0.1961E+08
  0.9227E+07
  0.8648E+06
  0.7975E+06
  0.1592E+07
  0.1163E+07
  0.3420E+08
  0.9266E+06
  0.3265E+07
  0.1511E+07
  0.9843E+08
  0.2528E+07
  0.1907E+07
  0.1330E+09
  0.2776E+07
  0.1529E+07
  0.9127E+06
  0.6861E+08
  0.4853E+07
  0.2351E+07
  0.6529E+08
  0.3909E+07
  0.1613E+07
  0.9911E+08
  0.1809E+08
  0.1529E+07
  0.1800E+07
  0.6226E+08
  0.2322E+07
  0.5098E+08
  0.9043E+06
  0.9442E+07
  0.5183E+06
  0.3848E+08
  0.8868E+06
  0.4503E+07
  0.1223E+07
  0.4088E+07
  0.4634E+07
  0.2467E+07
  0.1523E+07
  0.1722E+07
  0.1454E+08
  0.5411E+07
  0.1070E+07
  0.1952E+07
  0.7338E+08
  0.7784E+06
  0.4170E+07
  0.1626E+07
  0.1567E+07
  0.5770E+06
  0.9241E+08
  0.3090E+07
  0.7127E+07
  0.4084E+06
  0.7670E+06
  0.1297E+09
  0.7078E+07
  0.7967E+06
  0.1103E+07
  0.1926E+07
  0.6254E+08
  0.1448E+07
  0.2178E+07
  0.8099E+06
  0.9575E+06
  0.6816E+08
  0.5380E+06
  0.6589E+06
  0.1410E+08
  0.6934E+06
  0.9160E+06
  0.1783E+07
  0.4716E+08
  0.8648E+06
  0.6606E+07
  0.1406E+07
  0.3276E+08
  0.4713E+06
  0.1482E+07
  0.1251E+07
  0.1290E+07
  0.2233E+07
  0.4554E+07
  0.2259E+07
  0.1280E+07
  0.2548E+07
  0.9955E+06
  0.1412E+07
  0.2242E+08
  0.4468E+08
  0.8726E+06
  0.2324E+08
  0.4483E+06
  0.2783E+07
  0.8061E+08
  0.9389E+07
  0.3655E+07
  0.2082E+07
  0.1184E+09
  0.1801E+07
  0.6708E+06
  0.1572E+07
  0.5851E+08
  0.9137E+06
  0.7073E+06
  0.1054E+07
  0.6109E+08
  0.9872E+06
  0.1334E+07
  0.6477E+08
  0.2817E+08
  0.2131E+07
  0.8495E+07
  0.5049E+06
  0.5227E+07
  0.5735E+08
  0.4401E+08
  0.1088E+07
  0.3483E+07
  0.3106E+07
  0.5502E+07
  0.7244E+06
  0.1357E+07
  0.6482E+06
  0.1146E+07
  0.7400E+07
  0.6374E+07
  0.6210E+06
  0.9855E+06
  0.8113E+07
  0.1918E+07
  0.2133E+07
  0.8737E+06
  0.4189E+08
  0.9136E+06
  0.1258E+07
  0.1947E+07
  0.7177E+06
  0.1581E+07
  0.5865E+08
  0.1713E+08
  0.5894E+07
  0.9024E+06
  0.9095E+06
  0.1311E+07
  0.1132E+09
  0.3116E+07
  0.1205E+07
  0.2013E+07
  0.5037E+08
  0.1639E+07
  0.8222E+06
  0.2614E+07
  0.5254E+08
  0.7124E+06
  0.2794E+07
  0.5082E+06
  0.2372E+08
  0.3320E+07
  0.1452E+07
  0.3406E+07
  0.1287E+08
  0.3538E+08
  0.1210E+07
  0.1683E+08
  0.2118E+08
  0.1046E+07
  0.1505E+07
  0.2070E+08
  0.9358E+06
  0.1116E+07
  0.5942E+07
  0.9710E+07
  0.1035E+08
  0.2320E+07
  0.8290E+06
  0.2098E+07
  0.1017E+07
  0.1665E+07
  0.1300E+07
  0.1501E+07
  0.1475E+08
  0.3386E+08
  0.3060E+07
  0.9107E+06
  0.1479E+08
  0.1412E+07
  0.8915E+07
  0.8773E+06
  0.1471E+08
  0.3664E+07
  0.3515E+07
  0.7164E+08
  0.3627E+08
  0.2046E+07
  0.3516E+07
  0.3924E+08
  0.2033E+07
  0.1778E+07
  0.4828E+08
  0.5710E+08
  0.4625E+07
  0.1512E+08
  0.1508E+07
  0.6807E+06
  0.4907E+07
  0.5352E+07
  0.1058E+07
  0.1829E+07
  0.1451E+08
  0.2642E+07
  0.6759E+06
  0.1947E+07
  0.1744E+08
  0.7684E+06
  0.1971E+07
  0.1942E+07
  0.4182E+07
  0.6100E+07
  0.5419E+07
  0.3333E+07
  0.1739E+07
  0.7641E+07
  0.2579E+07
  0.7768E+06
  0.2397E+07
  0.7732E+07
  0.2441E+08
  0.5787E+07
  0.1654E+07
  0.7695E+07
  0.1523E+07
  0.4800E+07
  0.4407E+08
  0.1099E+07
  0.1116E+08
  0.1171E+07
  0.8779E+07
  0.7203E+06
  0.1083E+07
  0.1025E+07
  0.3311E+08
  0.3616E+07
  0.9816E+06
  0.4056E+08
  0.3143E+07
  0.8486E+07
  0.1885E+07
  0.1739E+07
  0.1247E+08
  0.2686E+07
  0.3036E+07
  0.2955E+08
  0.9530E+06
  0.1259E+08
  0.4477E+07
  0.9433E+06
  0.9134E+07
  0.2331E+07
  0.1545E+07
  0.3692E+07
  0.1111E+08
  0.1158E+08
  0.2430E+07
  0.1118E+07
  0.1302E+08
  0.1049E+07
  0.2207E+07
  0.2270E+07
  0.1837E+07
  0.2013E+08
  0.4055E+07
  0.5238E+07
  0.2670E+07
  0.8992E+07
  0.1813E+07
  0.7831E+06
  0.1592E+07
  0.5834E+07
  0.5451E+08
  0.2437E+08
  0.4396E+07
  0.2112E+07
  0.2918E+08
  0.1233E+07
  0.3521E+07
  0.2854E+08
  0.2710E+07
  0.1790E+07
  0.3980E+08
  0.5183E+07
  0.1309E+07
  0.8237E+07
  0.1044E+07
  0.1231E+07
  0.1363E+08
  0.1117E+08
  0.1850E+07
  0.6855E+07
  0.2219E+07
  0.3681E+07
  0.1594E+07
  0.1603E+07
  0.1780E+07
  0.1659E+07
  0.8408E+07
  0.1382E+07
  0.1036E+07
  0.1901E+07
  0.6386E+08
  0.1436E+07
  0.8692E+07
  0.2372E+07
  0.1231E+08
  0.4175E+07
  0.1174E+07
  0.2213E+07
  0.7036E+07
  0.2855E+08
  0.3054E+07
  0.4728E+07
  0.5400E+06
  0.5469E+07
  0.1967E+08
  0.2143E+08
  0.1741E+07
  0.2498E+07
  0.2138E+08
  0.1412E+07
  0.1713E+07
  0.8826E+06
  0.3367E+07
  0.5371E+07
  0.6352E+07
  0.1880E+08
  0.4478E+07
  0.1714E+07
  0.7018E+07
  0.3189E+07
  0.1459E+07
  0.4322E+07
  0.7341E+07
  0.4106E+07
  0.1343E+07
  0.1635E+07
  0.1442E+07
  0.6277E+07
  0.1426E+07
  0.4122E+06
  0.1366E+07
  0.7559E+08
  0.7511E+08
  0.7337E+08
  0.1664E+07
  0.4422E+08
  0.8234E+06
  0.3669E+07
  0.4434E+07
  0.2052E+07
  0.3424E+07
  0.4722E+07
  0.1388E+07
  0.8249E+06
  0.1816E+07
  0.2038E+07
  0.1649E+08
  0.4253E+07
  0.8168E+06
  0.1130E+07
  0.2824E+07
  0.2442E+08
  0.4875E+07
  0.1040E+07
  0.1422E+08
  0.1807E+07
  0.6076E+07
  0.5670E+07
  0.2012E+07
  0.1928E+08
  0.1471E+07
  0.3427E+07
  0.1214E+07
  0.2183E+07
  0.1290E+07
  0.1880E+07
  0.2657E+07
  0.2627E+07
  0.6672E+07
  0.1286E+07
  0.1790E+07
  0.4199E+07
  0.9139E+06
  0.5310E+06
  0.4149E+07
  0.1753E+08
  0.3186E+08
  0.4863E+08
  0.5711E+08
  0.5992E+08
  0.6042E+08
  0.2085E+07
  0.5032E+07
  0.8872E+06
  0.6071E+06
  0.2126E+07
  0.2701E+08
  0.1933E+08
  0.6903E+07
  0.8626E+06
  0.1783E+07
  0.2212E+07
  0.1058E+08
  0.3789E+07
  0.5814E+07
  0.5628E+07
  0.1973E+07
  0.2746E+07
  0.9190E+07
  0.1977E+07
  0.1035E+08
  0.3094E+07
  0.1513E+07
  0.1248E+08
  0.1304E+07
  0.2661E+07
  0.1697E+07
  0.2031E+07
  0.5907E+06
  0.1422E+08
  0.6824E+06
  0.3043E+07
  0.1144E+08
  0.1418E+07
  0.6504E+07
  0.1593E+07
  0.1386E+07
  0.2357E+07
  0.1627E+07
  0.2614E+07
  0.6648E+07
  0.2651E+07
  0.8272E+07
  0.8703E+07
  0.2301E+07
  0.1065E+07
  0.1249E+07
  0.4980E+06
  0.1082E+07
  0.2463E+07
  0.7122E+06
  0.7727E+06
  0.1278E+07
  0.2044E+07
  0.3556E+07
  0.1219E+07
  0.4357E+07
  0.2535E+07
  0.1106E+08
  0.2621E+07
  0.1952E+07
  0.2603E+07
  0.2223E+07
  0.2092E+07
  0.3281E+07
  0.6162E+07
  0.2241E+07
  0.3390E+07
  0.1014E+07
  0.5449E+07
  0.2245E+07
  0.1829E+07
  0.7711E+07
  0.5245E+07
  0.8286E+07
  0.1052E+07
  0.3044E+07
  0.5248E+07
  0.6840E+07
  0.2100E+07
  0.2234E+07
  0.7146E+07
  0.2115E+07
  0.1229E+08
  0.1743E+08
  0.5076E+07
  0.3098E+07
  0.5214E+07
  0.1483E+07
  0.5486E+07
  0.2677E+07
  0.1786E+07
  0.6621E+06
  0.6422E+06
  0.1658E+07
  0.1678E+07
  0.1219E+07
  0.4080E+07
  0.1399E+07
  0.1956E+07
  0.4597E+07
  0.3444E+07
  0.1245E+07
  0.1516E+07
  0.1213E+08
  0.2661E+07
  0.6693E+07
  0.1849E+07
  0.5380E+07
  0.5225E+07
  0.7668E+07
  0.7903E+07
  0.1557E+07
  0.1296E+07
  0.7465E+07
  0.8599E+06
  0.7828E+07
  0.2917E+07
  0.1412E+08
  0.5906E+07
  0.2281E+07
  0.1583E+07
  0.1359E+08
  0.1218E+07
  0.1159E+08
  0.2389E+07
  0.2341E+07
  0.1011E+08
  0.3010E+07
  0.2443E+07
  0.6533E+07
  0.5937E+07
  0.1889E+07
  0.1892E+07
  0.2711E+07
  0.1535E+07
  0.2824E+07
  0.2790E+07
  0.1375E+08
  0.2218E+08
  0.2763E+08
  0.3140E+08
  0.3233E+08
  0.6085E+08
  0.5959E+08
  0.4636E+08
  0.4052E+08
  0.2585E+08
  0.1710E+08
  0.4756E+07
  0.1679E+07
  0.2853E+07
  0.2173E+07
  0.1760E+08
  0.2335E+07
  0.4068E+07
  0.1244E+07
  0.2047E+07
  0.1052E+07
  0.5949E+07
  0.2779E+07
  0.3139E+07
  0.8501E+07
  0.1600E+07
  0.2183E+07
  0.2899E+07
  0.2549E+07
  0.6564E+07
  0.2696E+07
  0.5062E+07
  0.6603E+07
  0.2402E+07
  0.1089E+08
  0.2454E+07
  0.1968E+08
  0.3044E+07
  0.2033E+07
  0.3614E+07
  0.1958E+07
  0.1274E+08
  0.2130E+07
  0.2683E+07
  0.1752E+07
  0.2802E+07
  0.3818E+07
  0.6958E+07
  0.1759E+07
  0.4797E+07
  0.6987E+07
  0.9743E+07
  0.1028E+08
  0.2154E+07
  0.9693E+06
  0.1765E+07
  0.1781E+07
  0.5213E+07
  0.1872E+07
  0.8151E+07
  0.2224E+07
  0.1069E+08
  0.7317E+07
  0.2117E+07
  0.2884E+08
  0.2138E+07
  0.1382E+08
  0.4105E+07
  0.7348E+07
  0.1449E+08
  0.9731E+07
  0.2127E+07
  0.2361E+07
  0.7983E+07
  0.3208E+07
  0.7905E+07
  0.1339E+08
  0.2625E+07
  0.2974E+07
  0.1473E+07
  0.1134E+07
  0.3478E+07
  0.2314E+07
  0.1699E+07
  0.1062E+08
  0.1774E+08
  0.3170E+07
  0.1400E+07
  0.5175E+07
  0.2957E+07
  0.1445E+08
  0.1562E+07
  0.1750E+07
  0.1964E+07
  0.1533E+07
  0.9916E+06
  0.1899E+07
  0.2786E+07
  0.4915E+07
  0.4072E+07
  0.2177E+07
  0.2554E+07
  0.2626E+07
  0.2454E+07
  0.4532E+07
  0.9326E+07
  0.3554E+07
  0.2547E+07
  0.1602E+07
  0.2975E+07
  0.1592E+08
  0.1128E+07
  0.6191E+07
  0.2423E+07
  0.4268E+07
  0.7099E+07
  0.2579E+07
  0.1316E+08
  0.6851E+07
  0.2750E+07
  0.3603E+07
  0.1314E+08
  0.2425E+07
  0.2394E+07
  0.2304E+07
  0.3734E+07
  0.1087E+08
  0.1083E+08
  0.9329E+07
  0.1155E+07
  0.8669E+07
  0.2569E+07
  0.1091E+08
  0.1464E+07
  0.8358E+07
  0.2154E+07
  0.1329E+08
  0.3888E+07
  0.2090E+07
  0.1888E+07
  0.2449E+07
  0.6670E+07
  0.1787E+08
  0.1644E+07
  0.1970E+07
  0.1298E+07
  0.4999E+07
  0.4458E+07
  0.1153E+07
  0.3002E+07
  0.1203E+08
  0.6697E+07
  0.1222E+07
  0.1915E+07
  0.3062E+07
  0.2898E+07
  0.3012E+07
  0.1510E+08
  0.2113E+07
  0.1133E+08
  0.2370E+07
  0.2349E+07
  0.2997E+07
  0.4345E+07
  0.1660E+07
  0.1402E+07
  0.2946E+07
  0.3169E+07
  0.2291E+07
  0.1956E+07
  0.5387E+07
  0.2659E+07
  0.2630E+07
  0.2709E+07
  0.2146E+07
  0.1643E+07
  0.1330E+08
  0.2988E+07
  0.2132E+07
  0.3076E+07
  0.4640E+07
  0.3409E+07
  0.2976E+07
  0.1247E+07
  0.4296E+07
  0.1648E+07
  0.3323E+07
  0.1088E+07
  0.2143E+08
  0.2912E+08
  0.5606E+08
  0.6175E+08
  0.6330E+08
  0.2259E+07
  0.8236E+06
  0.5122E+08
  0.4346E+08
  0.8902E+07
  0.3306E+07
  0.2785E+07
  0.1222E+08
  0.4592E+07
  0.1900E+07
  0.3219E+07
  0.7261E+07
  0.5059E+07
  0.2538E+08
  0.1134E+08
  0.6479E+07
  0.2925E+07
  0.7888E+07
  0.1887E+07
  0.1042E+08
  0.2534E+07
  0.5301E+07
  0.1441E+08
  0.2026E+08
  0.2540E+08
  0.1410E+08
  0.1136E+08
  0.7566E+07
  0.2610E+07
  0.5940E+07
  0.2330E+07
  0.5399E+07
  0.1947E+07
  0.1212E+08
  0.3040E+07
  0.2024E+07
  0.1070E+08
  0.1525E+07
  0.1586E+08
  0.8887E+07
  0.1337E+08
  0.4961E+07
  0.8048E+06
  0.3099E+07
  0.1305E+08
  0.1973E+08
  0.8481E+06
  0.7297E+07
  0.7957E+07
  0.6489E+08
  0.6360E+08
  0.5225E+07
  0.1541E+07
  0.2244E+08
  0.8922E+06
  0.2176E+07
  0.2240E+07
  0.9359E+07
  0.1896E+07
  0.2626E+07
  0.1658E+07
  0.1392E+07
  0.2234E+07
  0.3127E+07
  0.2444E+07
  0.1594E+08
  0.2782E+07
  0.2637E+07
  0.2076E+07
  0.1776E+07
  0.2276E+07
  0.2210E+07
  0.2520E+07
  0.1311E+08
  0.3384E+07
  0.3135E+07
  0.1190E+08
  0.4736E+07
  0.3896E+07
  0.2634E+07
  0.8714E+07
  0.3495E+07
  0.6804E+07
  0.2007E+07
  0.1070E+08
  0.1983E+07
  0.3480E+07
  0.1348E+07
  0.3432E+07
  0.6000E+07
  0.1661E+07
  0.1567E+07
  0.2628E+07
  0.4193E+07
  0.1744E+07
  0.2779E+07
  0.2262E+07
  0.8711E+06
  0.2088E+07
  0.9841E+06
  0.3171E+07
  0.1550E+07
  0.6904E+07
  0.9270E+07
  0.3219E+07
  0.2341E+07
  0.3139E+07
  0.1077E+08
  0.2840E+07
  0.8482E+07
  0.7957E+07
  0.3374E+07
  0.1093E+08
  0.3889E+07
  0.2823E+07
  0.8804E+07
  0.4841E+07
  0.3787E+07
  0.2920E+07
  0.1388E+08
  0.9051E+07
  0.1814E+07
  0.1313E+08
  0.2175E+07
  0.1941E+08
  0.6879E+07
  0.2977E+07
  0.3990E+07
  0.2621E+07
  0.1923E+08
  0.1510E+07
  0.1492E+08
  0.3651E+07
  0.2940E+07
  0.2264E+07
  0.3276E+07
  0.7039E+07
  0.9457E+06
  0.2997E+07
  0.7301E+06
  0.1960E+07
  0.1083E+08
  0.9532E+07
  0.7457E+07
  0.5872E+07
  0.3370E+07
  0.2251E+07
  0.9812E+06
  0.2176E+07
  0.2180E+07
  0.2592E+08
  0.9293E+07
  0.2342E+07
  0.2299E+07
  0.1585E+07
  0.2978E+07
  0.7520E+07
  0.1580E+07
  0.9200E+07
  0.3110E+07
  0.1931E+07
  0.1833E+08
  0.1282E+08
  0.2904E+07
  0.3330E+07
  0.4603E+07
  0.1111E+08
  0.3471E+07
  0.4699E+07
  0.9965E+07
  0.1041E+08
  0.4780E+07
  0.7404E+07
  0.6035E+07
  0.2845E+07
  0.2577E+07
  0.2684E+07
  0.1360E+08
  0.4865E+07
  0.1600E+08
  0.1536E+07
  0.5282E+07
  0.2823E+08
  0.1073E+07
  0.6901E+06
  0.5302E+07
  0.5915E+07
  0.1175E+08
  0.9376E+07
  0.6420E+07
  0.4038E+07
  0.2442E+07
  0.2386E+07
  0.1616E+08
  0.3361E+07
  0.1088E+08
  0.3393E+07
  0.1296E+08
  0.6647E+07
  0.2702E+07
  0.1104E+08
  0.2183E+08
  0.3536E+07
  0.2884E+07
  0.6289E+07
  0.2157E+07
  0.3518E+07
  0.1740E+07
  0.5126E+07
  0.3984E+07
  0.1125E+08
  0.3065E+07
  0.2759E+07
  0.3356E+07
  0.1163E+08
  0.2309E+07
  0.1526E+07
  0.3762E+07
  0.1890E+08
  0.2864E+08
  0.2002E+07
  0.2456E+08
  0.9803E+07
  0.1661E+07
  0.6779E+07
  0.8946E+07
  0.3287E+07
  0.1877E+07
  0.5787E+07
  0.1410E+07
  0.2034E+07
  0.4052E+07
  0.9557E+07
  0.4582E+08
  0.5487E+08
  0.5923E+08
  0.6038E+08
  0.1584E+08
  0.1532E+08
  0.1314E+08
  0.9039E+07
  0.5924E+07
  0.5603E+07
  0.1034E+08
  0.4763E+07
  0.7329E+07
  0.2113E+07
  0.5405E+07
  0.2260E+07
  0.3100E+07
  0.4107E+07
  0.2852E+07
  0.1095E+08
  0.1999E+07
  0.4298E+07
  0.5817E+07
  0.2561E+07
  0.9379E+07
  0.3608E+07
  0.2300E+07
  0.3827E+07
  0.2895E+07
  0.2930E+07
  0.1547E+07
  0.2831E+07
  0.6167E+07
  0.1797E+07
  0.3856E+07
  0.1629E+07
  0.9119E+07
  0.1483E+08
  0.3148E+07
  0.1409E+07
  0.5532E+07
  0.2443E+07
  0.7816E+07
  0.3300E+07
  0.6208E+07
  0.1480E+07
  0.2391E+07
  0.1960E+07
  0.1241E+07
  0.2378E+07
  0.1373E+07
  0.1166E+08
  0.1090E+07
  0.1365E+07
  0.9174E+07
  0.2281E+07
  0.1440E+07
  0.3096E+07
  0.2234E+07
  0.2279E+07
  0.1506E+08
  0.2388E+07
  0.3509E+07
  0.2872E+07
  0.1172E+08
  0.6248E+07
  0.2378E+07
  0.1468E+08
  0.3112E+07
  0.1861E+07
  0.5400E+07
  0.1913E+07
  0.2507E+08
  0.4043E+07
  0.1370E+08
  0.6489E+07
  0.1344E+08
  0.3881E+07
  0.2750E+07
  0.3018E+07
  0.1368E+08
  0.1525E+07
  0.4225E+07
  0.2366E+07
  0.2760E+07
  0.2335E+07
  0.6098E+07
  0.2452E+07
  0.2651E+07
  0.8883E+06
  0.2280E+07
  0.5567E+07
  0.2503E+07
  0.1810E+07
  0.1165E+07
  0.1527E+07
  0.4852E+08
  0.4601E+08
  0.4222E+08
  0.1561E+08
  0.1239E+08
  0.2123E+07
  0.4576E+07
  0.2788E+07
  0.2381E+07
  0.1445E+08
  0.2828E+07
  0.5363E+07
  0.8464E+07
  0.3361E+07
  0.3404E+07
  0.2027E+08
  0.2260E+07
  0.1448E+08
  0.3373E+07
  0.2279E+07
  0.1351E+08
  0.3660E+07
  0.3473E+07
  0.1250E+08
  0.4981E+07
  0.5427E+07
  0.3303E+07
  0.1874E+07
  0.1551E+08
  0.1974E+07
  0.4855E+07
  0.3996E+07
  0.2329E+07
  0.1777E+08
  0.1832E+07
  0.8559E+07
  0.1716E+07
  0.7818E+07
  0.1740E+07
  0.1123E+08
  0.1452E+07
  0.6544E+07
  0.2982E+07
  0.5967E+07
  0.2047E+08
  0.2714E+08
  0.3532E+08
  0.3652E+08
  0.1982E+07
  0.7856E+06
  0.1110E+07
  0.1919E+08
  0.1542E+08
  0.4673E+07
  0.3446E+07
  0.2496E+07
  0.1289E+08
  0.1411E+07
  0.3615E+07
  0.2493E+07
  0.9478E+06
  0.3157E+07
  0.2873E+07
  0.1333E+08
  0.2533E+07
  0.2253E+07
  0.1069E+08
  0.3298E+07
  0.4962E+07
  0.2124E+08
  0.2391E+07
  0.4187E+07
  0.3195E+07
  0.2199E+07
  0.1014E+08
  0.2243E+07
  0.4047E+08
  0.1130E+08
  0.1450E+07
  0.3041E+07
  0.2245E+07
  0.2426E+07
  0.7803E+07
  0.2150E+07
  0.4143E+07
  0.1116E+08
  0.2190E+07
  0.1799E+07
  0.1434E+07
  0.4523E+07
  0.1324E+07
  0.1308E+07
  0.7926E+06
  0.1624E+07
  0.2255E+08
  0.2135E+08
  0.1461E+08
  0.1161E+08
  0.4426E+07
  0.4690E+07
  0.1415E+07
  0.2280E+07
  0.2116E+08
  0.2562E+07
  0.3400E+07
  0.3226E+07
  0.1364E+08
  0.3126E+07
  0.3830E+07
  0.3385E+07
  0.1616E+07
  0.2364E+07
  0.3759E+07
  0.2652E+07
  0.1315E+08
  0.2903E+07
  0.3431E+07
  0.1472E+08
  0.1320E+07
  0.1738E+07
  0.2161E+08
  0.2277E+07
  0.1464E+08
  0.1637E+07
  0.3496E+07
  0.1658E+08
  0.1815E+07
  0.1893E+08
  0.2410E+07
  0.2837E+07
  0.2221E+07
  0.4068E+07
  0.2380E+07
  0.3069E+07
  0.1148E+07
  0.2991E+07
  0.1657E+08
  0.2174E+08
  0.3978E+08
  0.4520E+08
  0.4613E+08
  0.1703E+07
  0.9593E+06
  0.2033E+07
  0.1119E+07
  0.1539E+07
  0.1867E+07
  0.1109E+07
  0.3951E+07
  0.1399E+07
  0.6825E+07
  0.1234E+08
  0.1005E+08
  0.1816E+08
  0.1799E+07
  0.1925E+07
  0.5664E+07
  0.5396E+07
  0.2186E+08
  0.1092E+08
  0.5735E+07
  0.1248E+08
  0.3313E+07
  0.3249E+07
  0.3123E+07
  0.1278E+08
  0.1665E+07
  0.3991E+07
  0.1037E+08
  0.1633E+07
  0.1566E+08
  0.3876E+07
  0.5500E+07
  0.3026E+07
  0.6650E+07
  0.8300E+07
  0.9812E+07
  0.4865E+07
  0.1100E+08
  0.2129E+07
  0.1747E+08
  0.4339E+07
  0.2551E+07
  0.8928E+07
  0.1467E+07
  0.6368E+07
  0.1070E+08
  0.1602E+07
  0.1222E+07
  0.5766E+06
  0.1492E+07
  0.2460E+07
  0.2133E+07
  0.1145E+07
  0.5626E+07
  0.8101E+07
  0.6065E+07
  0.5120E+07
  0.3099E+07
  0.3177E+07
  0.9446E+07
  0.1270E+08
  0.1797E+07
  0.7777E+07
  0.3326E+07
  0.9218E+07
  0.3269E+07
  0.4447E+07
  0.3487E+07
  0.2277E+07
  0.7855E+07
  0.2197E+07
  0.1465E+07
  0.7790E+07
  0.2403E+07
  0.3066E+07
  0.2727E+07
  0.8033E+07
  0.5654E+07
  0.1221E+08
  0.1826E+07
  0.1135E+08
  0.3429E+07
  0.2981E+07
  0.3968E+07
  0.1443E+07
  0.1594E+07
  0.2044E+07
  0.7281E+07
  0.2398E+07
  0.2828E+07
  0.1959E+07
  0.1276E+07
  0.8425E+06
  0.3099E+07
  0.4928E+07
  0.6233E+07
  0.5740E+07
  0.3723E+08
  0.3153E+08
  0.2086E+08
  0.2298E+07
  0.2337E+08
  0.2119E+07
  0.3668E+07
  0.4431E+07
  0.2210E+07
  0.8266E+07
  0.2460E+07
  0.1869E+07
  0.8129E+07
  0.2359E+08
  0.9960E+06
  0.3715E+07
  0.2073E+07
  0.1650E+08
  0.3471E+07
  0.1568E+07
  0.1170E+08
  0.4424E+07
  0.1968E+07
  0.8476E+07
  0.3552E+07
  0.2100E+07
  0.4658E+07
  0.4239E+07
  0.1929E+08
  0.3035E+07
  0.2428E+07
  0.2352E+07
  0.2535E+08
  0.1778E+07
  0.2541E+07
  0.1097E+08
  0.9491E+07
  0.2061E+07
  0.1959E+07
  0.5400E+07
  0.8060E+07
  0.1093E+08
  0.1099E+07
  0.1506E+07
  0.2315E+07
  0.6842E+08
  0.6669E+08
  0.6121E+08
  0.1787E+08
  0.1096E+08
  0.8605E+06
  0.9640E+07
  0.2708E+07
  0.1036E+08
  0.8855E+07
  0.1028E+07
  0.3421E+07
  0.2333E+07
  0.9031E+07
  0.5199E+07
  0.2151E+07
  0.1332E+08
  0.3068E+07
  0.6422E+07
  0.6706E+07
  0.1669E+08
  0.3221E+07
  0.2628E+07
  0.6616E+07
  0.1392E+07
  0.7218E+07
  0.3289E+07
  0.2432E+07
  0.1009E+08
  0.3895E+07
  0.2143E+07
  0.3708E+07
  0.4985E+07
  0.6922E+07
  0.9590E+07
  0.3012E+07
  0.2689E+07
  0.3599E+07
  0.2371E+07
  0.4383E+07
  0.2501E+07
  0.5654E+07
  0.8300E+07
  0.2156E+08
  0.4753E+08
  0.5313E+08
  0.5387E+08
  0.2059E+07
  0.1792E+07
  0.1570E+07
  0.3729E+07
  0.1947E+07
  0.6339E+07
  0.2207E+07
  0.7123E+07
  0.1934E+07
  0.2937E+07
  0.1172E+08
  0.1104E+08
  0.1131E+08
  0.2331E+07
  0.1862E+07
  0.6205E+07
  0.1585E+07
  0.2767E+07
  0.3163E+07
  0.1651E+07
  0.1982E+07
  0.7556E+07
  0.2607E+07
  0.2261E+07
  0.2670E+07
  0.2052E+08
  0.5117E+07
  0.5807E+07
  0.3382E+07
  0.1934E+07
  0.1604E+08
  0.4422E+07
  0.9726E+07
  0.6366E+07
  0.3463E+07
  0.3075E+07
  0.6942E+07
  0.2889E+07
  0.7530E+07
  0.2743E+07
  0.1311E+08
  0.1956E+08
  0.7809E+06
  0.1569E+07
  0.1144E+08
  0.9578E+07
  0.7856E+07
  0.6181E+07
  0.4116E+07
  0.1782E+07
  0.2127E+07
  0.2085E+07
  0.2014E+08
  0.6181E+07
  0.2319E+07
  0.2051E+07
  0.1967E+07
  0.3728E+07
  0.2431E+07
  0.8630E+07
  0.1288E+08
  0.2273E+07
  0.3475E+08
  0.2168E+07
  0.9911E+07
  0.5320E+07
  0.2664E+07
  0.9246E+07
  0.2207E+08
  0.1906E+07
  0.1106E+08
  0.7761E+07
  0.5281E+07
  0.1816E+07
  0.3561E+07
  0.8848E+07
  0.2276E+07
  0.1802E+08
  0.2981E+07
  0.2271E+07
  0.8453E+07
  0.1217E+07
  0.5065E+07
  0.2533E+07
  0.1662E+08
  0.1895E+07
  0.2297E+07
  0.2885E+07
  0.6002E+06
  0.2685E+07
  0.2897E+08
  0.2662E+08
  0.2304E+08
  0.2024E+08
  0.1623E+08
  0.6010E+07
  0.1347E+07
  0.3146E+07
  0.8409E+07
  0.1308E+08
  0.2801E+07
  0.8895E+07
  0.2646E+07
  0.7843E+07
  0.3387E+07
  0.4298E+07
  0.1213E+07
  0.2543E+08
  0.6687E+07
  0.2086E+08
  0.4886E+07
  0.2090E+07
  0.5468E+07
  0.1483E+07
  0.6265E+07
  0.1334E+08
  0.1916E+07
  0.6462E+07
  0.1179E+08
  0.3526E+07
  0.2199E+07
  0.2988E+07
  0.5174E+07
  0.1571E+08
  0.1943E+07
  0.1753E+07
  0.2113E+08
  0.7131E+07
  0.1604E+07
  0.1677E+07
  0.1264E+07
  0.4036E+07
  0.2044E+07
  0.7288E+07
  0.1218E+08
  0.1301E+08
  0.1128E+07
  0.9759E+06
  0.4178E+07
  0.9453E+06
  0.1336E+07
  0.9174E+06
  0.2146E+07
  0.2537E+07
  0.1108E+08
  0.6099E+07
  0.6466E+07
  0.9786E+07
  0.1925E+07
  0.1584E+07
  0.1900E+07
  0.5360E+07
  0.3803E+07
  0.2849E+07
  0.1933E+08
  0.1095E+08
  0.3005E+07
  0.2912E+07
  0.8564E+07
  0.1927E+07
  0.2419E+07
  0.1328E+08
  0.2171E+07
  0.4442E+07
  0.1666E+08
  0.6775E+07
  0.3218E+07
  0.1790E+07
  0.8349E+07
  0.1907E+08
  0.4875E+07
  0.2937E+07
  0.1813E+07
  0.1075E+08
  0.2750E+07
  0.4854E+07
  0.1591E+07
  0.3253E+07
  0.4946E+07
  0.1108E+08
  0.1950E+08
  0.9285E+06
  0.1060E+07
  0.2178E+07
  0.8431E+06
  0.5406E+08
  0.5183E+08
  0.1147E+07
  0.7616E+06
  0.1593E+07
  0.8419E+06
  0.8410E+06
  0.7543E+07
  0.2564E+07
  0.3114E+07
  0.1966E+07
  0.2165E+07
  0.4695E+07
  0.1628E+08
  0.4575E+07
  0.1462E+07
  0.1059E+08
  0.1366E+07
  0.1235E+08
  0.3305E+07
  0.2530E+07
  0.1732E+07
  0.2537E+07
  0.5021E+07
  0.2415E+07
  0.2907E+07
  0.1839E+07
  0.5442E+07
  0.4377E+07
  0.3161E+07
  0.2980E+07
  0.2927E+07
  0.2181E+07
  0.1651E+07
  0.3622E+07
  0.2703E+07
  0.1757E+07
  0.9060E+07
  0.1254E+07
  0.1667E+07
  0.3480E+07
  0.5950E+07
  0.9345E+07
  0.4193E+08
  0.5073E+08
  0.5488E+08
  0.5539E+08
  0.1470E+07
  0.2011E+07
  0.4114E+08
  0.3563E+08
  0.2032E+08
  0.1364E+08
  0.4186E+07
  0.3342E+07
  0.4656E+07
  0.2412E+07
  0.2282E+07
  0.6524E+07
  0.3560E+07
  0.3278E+07
  0.2033E+07
  0.2610E+07
  0.9450E+07
  0.3946E+07
  0.1257E+08
  0.2400E+07
  0.6129E+07
  0.7293E+07
  0.2309E+07
  0.3430E+07
  0.2887E+07
  0.4054E+07
  0.6534E+07
  0.2180E+07
  0.2088E+07
  0.1330E+08
  0.3097E+07
  0.2602E+07
  0.4176E+07
  0.1302E+08
  0.2674E+07
  0.2307E+07
  0.2517E+07
  0.2119E+07
  0.3789E+07
  0.2666E+07
  0.4814E+07
  0.7428E+07
  0.1721E+07
  0.9181E+06
  0.9164E+06
  0.2444E+07
  0.1504E+07
  0.6773E+06
  0.1146E+07
  0.5634E+07
  0.2787E+07
  0.2096E+07
  0.1197E+07
  0.5969E+07
  0.3784E+07
  0.4872E+07
  0.4614E+07
  0.2045E+07
  0.2570E+07
  0.1192E+08
  0.2613E+07
  0.1590E+07
  0.5067E+07
  0.1475E+07
  0.2034E+07
  0.3341E+07
  0.6655E+07
  0.9595E+07
  0.5745E+07
  0.3353E+07
  0.6597E+07
  0.5947E+07
  0.1510E+08
  0.3891E+07
  0.4233E+07
  0.9568E+06
  0.2470E+07
  0.6580E+07
  0.4771E+07
  0.2534E+07
  0.5258E+07
  0.9276E+07
  0.1564E+07
  0.2420E+07
  0.5673E+07
  0.2837E+07
  0.1963E+07
  0.1329E+07
  0.6286E+07
  0.8323E+07
  0.8154E+06
  0.1409E+07
  0.2022E+07
  0.2139E+08
  0.2072E+08
  0.1668E+08
  0.1611E+07
  0.3914E+07
  0.1989E+07
  0.6199E+06
  0.2424E+07
  0.1956E+07
  0.8596E+06
  0.9191E+07
  0.1459E+08
  0.1045E+07
  0.1958E+07
  0.2263E+07
  0.1056E+07
  0.6504E+07
  0.2390E+08
  0.3444E+07
  0.2426E+07
  0.4001E+07
  0.2885E+07
  0.3222E+07
  0.2135E+07
  0.6062E+07
  0.1791E+08
  0.8864E+07
  0.6273E+07
  0.1035E+08
  0.8652E+07
  0.1284E+08
  0.2194E+07
  0.2398E+07
  0.2690E+07
  0.2521E+07
  0.1216E+08
  0.4735E+07
  0.5043E+07
  0.1080E+08
  0.2108E+07
  0.5633E+07
  0.1689E+08
  0.2449E+07
  0.1286E+07
  0.2036E+07
  0.1165E+08
  0.1633E+08
  0.1811E+08
  0.1478E+07
  0.1027E+07
  0.1001E+08
  0.2490E+07
  0.6488E+07
  0.3829E+07
  0.1176E+07
  0.2872E+07
  0.1339E+08
  0.1715E+08
  0.2771E+07
  0.5017E+07
  0.5668E+07
  0.9028E+07
  0.6484E+07
  0.1116E+08
  0.3468E+07
  0.1512E+07
  0.5516E+07
  0.6546E+07
  0.2760E+08
  0.2445E+08
  0.2783E+07
  0.2329E+08
  0.1736E+07
  0.4454E+08
  0.2983E+07
  0.1660E+07
  0.1374E+08
  0.1377E+07
  0.8145E+06
  0.2051E+08
  0.8695E+07
  0.1793E+08
  0.5217E+07
  0.9181E+06
  0.1014E+08
  0.4283E+07
  0.1082E+07
  0.8831E+06
  0.4442E+07
  0.6138E+06
  0.2003E+07
  0.1809E+08
  0.1697E+08
  0.4793E+07
  0.1926E+07
  0.1046E+07
  0.9220E+07
  0.1058E+08
  0.4860E+07
  0.5190E+07
  0.3406E+08
  0.5310E+07
  0.2172E+07
  0.6338E+07
  0.8434E+07
  0.3436E+08
  0.1332E+07
  0.1396E+08
  0.6425E+07
  0.6181E+07
  0.3365E+07
  0.8531E+07
  0.7489E+08
  0.6509E+06
  0.1038E+07
  0.2276E+07
  0.2960E+08
  0.5314E+08
  0.5615E+07
  0.2275E+07
  0.6443E+07
  0.1989E+08
  0.4677E+07
  0.5678E+07
  0.6404E+06
  0.6282E+08
  0.8106E+07
  0.1324E+07
  0.1971E+07
  0.3618E+08
  0.1957E+07
  0.3093E+07
  0.5360E+07
  0.6637E+07
  0.1678E+08
  0.2065E+08
  0.2219E+08
  0.2233E+07
  0.7098E+07
  0.1650E+07
  0.1274E+07
  0.1352E+08
  0.1183E+07
  0.7138E+07
  0.4641E+08
  0.3187E+07
  0.5131E+07
  0.9025E+07
  0.6576E+08
  0.4360E+07
  0.1382E+07
  0.1274E+08
  0.1845E+07
  0.9750E+07
  0.6423E+07
  0.1193E+07
  0.3652E+07
  0.9818E+06
  0.3652E+07
  0.8992E+08
  0.4475E+07
  0.1663E+07
  0.1052E+07
  0.1157E+08
  0.2829E+08
  0.1068E+07
  0.9587E+07
  0.6787E+08
  0.1455E+07
  0.4292E+07
  0.1801E+07
  0.5403E+07
  0.4692E+07
  0.6575E+07
  0.1273E+07
  0.3139E+07
  0.4070E+07
  0.6120E+07
  0.6575E+07
  0.3155E+07
  0.1533E+07
  0.9086E+06
  0.1325E+07
  0.6544E+07
  0.1306E+08
  0.2432E+07
  0.1160E+07
  0.3626E+07
  0.7208E+08
  0.2429E+07
  0.1074E+07
  0.1939E+07
  0.7745E+08
  0.1370E+07
  0.1840E+08
  0.9916E+06
  0.3430E+07
  0.2119E+08
  0.1004E+07
  0.8426E+08
  0.6701E+07
  0.1845E+07
  0.2538E+07
  0.1043E+09
  0.2302E+07
  0.1937E+07
  0.1620E+07
  0.4792E+08
  0.2717E+07
  0.2610E+07
  0.1707E+08
  0.7041E+08
  0.1171E+07
  0.8491E+07
  0.3871E+07
  0.8499E+06
  0.1431E+07
  0.1657E+08
  0.2371E+07
  0.1175E+07
  0.9803E+06
  0.1005E+07
  0.1781E+07
  0.2544E+07
  0.7401E+07
  0.6818E+07
  0.3867E+07
  0.1692E+07
  0.1184E+07
  0.2439E+08
  0.1995E+08
  0.7201E+06
  0.3010E+07
  0.1098E+07
  0.1368E+07
  0.9630E+06
  0.1161E+08
  0.9658E+06
  0.7947E+08
  0.1303E+07
  0.2049E+07
  0.3976E+08
  0.5450E+07
  0.5993E+07
  0.2318E+07
  0.1815E+07
  0.8992E+08
  0.9474E+07
  0.3461E+07
  0.9344E+06
  0.7055E+06
  0.1946E+07
  0.1899E+07
  0.1391E+07
  0.5325E+08
  0.2294E+07
  0.1140E+07
  0.1643E+07
  0.9261E+08
  0.9421E+06
  0.1121E+07
  0.6534E+07
  0.9141E+06
  0.6608E+08
  0.1894E+07
  0.8093E+06
  0.9190E+06
  0.2289E+07
  0.7194E+07
  0.8280E+07
  0.9031E+06
  0.9200E+06
  0.1776E+07
  0.1348E+07
  0.4887E+08
  0.1512E+07
  0.6292E+07
  0.1745E+07
  0.7924E+08
  0.2526E+07
  0.2192E+07
  0.1610E+08
  0.1187E+07
  0.8668E+08
  0.1325E+07
  0.4519E+08
  0.1451E+07
  0.3373E+08
  0.1278E+07
  0.1458E+07
  0.1036E+09
  0.1046E+07
  0.7596E+07
  0.1660E+07
  0.1115E+09
  0.1736E+07
  0.6642E+06
  0.6792E+07
  0.6531E+06
  0.5894E+08
  0.1209E+07
  0.1505E+07
  0.1680E+07
  0.1451E+08
  0.1114E+07
  0.1129E+08
  0.1518E+07
  0.7284E+08
  0.1552E+07
  0.4213E+07
  0.3976E+06
  0.1118E+07
  0.1855E+07
  0.2450E+07
  0.5683E+07
  0.5094E+07
  0.1914E+07
  0.1865E+07
  0.1951E+07
  0.5405E+08
  0.7155E+06
  0.1004E+08
  0.6742E+06
  0.8662E+08
  0.1079E+07
  0.4827E+07
  0.1930E+08
  0.8772E+06
  0.9067E+08
  0.8880E+06
  0.1310E+07
  0.4932E+08
  0.1817E+07
  0.9782E+06
  0.4437E+07
  0.1903E+07
  0.1440E+07
  0.1088E+09
  0.6867E+06
  0.8969E+06
  0.1183E+09
  0.1119E+07
  0.1125E+08
  0.6121E+08
  0.2279E+07
  0.1917E+07
  0.2811E+07
  0.1184E+07
  0.9836E+08
  0.1548E+07
  0.5994E+06
  0.3340E+07
  0.5203E+06
  0.7703E+08
  0.2116E+07
  0.2881E+07
  0.1374E+07
  0.6872E+07
  0.8736E+06
  0.3066E+07
  0.1708E+07
  0.4486E+06
  0.6483E+07
  0.1017E+07
  0.5732E+08
  0.8123E+06
  0.1365E+08
  0.9089E+08
  0.9280E+06
  0.2103E+08
  0.8805E+06
  0.1282E+07
  0.1492E+07
  0.5182E+08
  0.2053E+07
  0.5734E+06
  0.4350E+08
  0.8285E+06
  0.3040E+07
  0.1111E+09
  0.1065E+08
  0.1264E+07
  0.1222E+09
  0.6728E+06
  0.1316E+08
  0.1815E+07
  0.6517E+08
  0.1224E+07
  0.7269E+07
  0.9755E+06
  0.1184E+09
  0.1751E+07
  0.2111E+07
  0.1765E+08
  0.1117E+07
  0.8258E+08
  0.4488E+07
  0.9801E+06
  0.1117E+07
  0.1140E+08
  0.7400E+06
  0.1702E+07
  0.1252E+07
  0.1890E+07
  0.9029E+07
  0.4302E+07
  0.5978E+08
  0.5473E+06
  0.1444E+07
  0.1494E+08
  0.2221E+07
  0.5459E+06
  0.5897E+06
  0.8804E+07
  0.1347E+07
  0.2353E+08
  0.9528E+08
  0.3244E+07
  0.5539E+08
  0.3998E+07
  0.2370E+07
  0.4618E+08
  0.1200E+07
  0.4991E+07
  0.1341E+07
  0.1142E+09
  0.1237E+08
  0.2662E+07
  0.1258E+09
  0.2161E+07
  0.1592E+08
  0.6940E+08
  0.2632E+07
  0.1050E+08
  0.9120E+06
  0.1212E+09
  0.1749E+07
  0.3849E+07
  0.2091E+08
  0.6209E+06
  0.8498E+08
  0.6321E+07
  0.1455E+07
  0.1484E+08
  0.1081E+07
  0.1692E+07
  0.1497E+06
  0.1352E+07
  0.2349E+07
  0.8487E+06
  0.9568E+07
  0.1452E+07
  0.4857E+07
  0.8090E+06
  0.6030E+08
  0.1105E+07
  0.9554E+06
  0.2291E+07
  0.2088E+07
  0.1547E+08
  0.8514E+06
  0.2705E+07
  0.9240E+08
  0.1314E+07
  0.1282E+07
  0.9339E+07
  0.9482E+06
  0.1845E+07
  0.2436E+08
  0.7227E+06
  0.9567E+08
  0.6426E+06
  0.3687E+07
  0.6854E+06
  0.5582E+08
  0.5972E+06
  0.4378E+07
  0.6384E+06
  0.2750E+07
  0.5822E+06
  0.4654E+08
  0.1870E+07
  0.2534E+07
  0.5443E+07
  0.8038E+06
  0.1839E+07
  0.1235E+07
  0.1147E+09
  0.1309E+08
  0.7749E+06
  0.3067E+07
  0.6273E+06
  0.1263E+09
  0.6908E+06
  0.2542E+07
  0.7047E+06
  0.1646E+08
  0.8257E+06
  0.6990E+08
  0.6855E+06
  0.3012E+07
  0.6504E+06
  0.1095E+08
  0.6991E+06
  0.1264E+07
  0.2520E+07
  0.1216E+09
  0.7236E+06
  0.2280E+07
  0.3132E+07
  0.4206E+07
  0.6595E+06
  0.2141E+08
  0.1014E+07
  0.6573E+06
  0.8537E+08
  0.6316E+06
  0.6768E+07
  0.2521E+07
  0.1901E+07
  0.7008E+06
  0.1527E+08
  0.9334E+06
  0.1635E+07
  0.8864E+06
  0.1497E+06
  0.1946E+07
  0.8882E+06
  0.2282E+07
  0.5333E+08
  0.2165E+07
  0.1229E+08
  0.1509E+07
  0.5202E+08
  0.1515E+07
  0.2347E+07
  0.3757E+07
  0.4397E+08
  0.1508E+08
  0.2341E+07
  0.1509E+07
  0.6326E+07
  0.1981E+08
  0.1818E+07
  0.4276E+07
  0.3454E+07
  0.3594E+07
  0.8644E+07
  0.1745E+07
  0.1075E+08
  0.6006E+07
  0.1881E+08
  0.3837E+07
SCALARS erosion_rate float 1
LOOKUP_TABLE default
  0.1000E-02
  0.1000E-02
  0.1000E-02
  0.1000E-02
  0.1000E-02
  0.1000E-02
  0.1000E-02
  0.1000E-02
  0.1000E-02
  0.1000E-02
  0.1000E-02
  0.1000E-02
  0.1000E-02
  0.1000E-02
  0.1000E-02
  0.1000E-02
  0.1000E-02
  0.1000E-02
  0.1000E-02
  0.1000E-02
  0.1000E-02
  0.1000E-02
  0.1000E-02
  0.1000E-02
  0.1000E-02
  0.1000E-02
  0.1000E-02
  0.1000E-02
  0.1000E-02
  0.1000E-02
  0.1000E-02
  0.1000E-02
  0.1000E-02
  0.1000E-02
  0.1000E-02
  0.1000E-02
  0.1000E-02
  0.1000E-02
  0.1000E-02
  0.1000E-02
  0.1000E-02
  0.1000E-02
  0.1000E-02
  0.1000E-02
  0.1000E-02
  0.1000E-02
  0.1000E-02
  0.1000E-02
  0.1000E-02
  0.1000E-02
  0.1000E-02
  0.1000E-02
  0.1000E-02
  0.1000E-02
  0.1000E-02
  0.1000E-02
  0.1000E-02
  0.1000E-02
  0.1000E-02
  0.1000E-02
  0.1000E-02
  0.1000E-02
  0.1000E-02
  0.1000E-02
  0.1000E-02
  0.1000E-02
  0.1000E-02
  0.1000E-02
  0.1000E-02
  0.1000E-02
  0.1000E-02
  0.1000E-02
  0.1000E-02
  0.1000E-02
  0.1000E-02
  0.1000E-02
  0.1000E-02
  0.1000E-02
  0.1000E-02
  0.1000E-02
  0.1000E-02
  0.5376E-03
  0.9871E-03
  0.9965E-03
  0.9823E-03
  0.9767E-03
  0.9871E-03
  0.9422E-03
  0.1008E-02
  0.9699E-03
  0.9380E-03
  0.9829E-03
  0.7931E-03
  0.1011E-02
  0.1025E-02
  0.8552E-03
  0.9854E-03
  0.9681E-03
  0.9907E-03
  0.1020E-02
  0.9952E-03
  0.8384E-03
  0.1021E-02
  0.9782E-03
  0.9318E-03
  0.1007E-02
  0.9793E-03
  0.9613E-03
  0.1036E-02
  0.9887E-03
  0.9965E-03
  0.9782E-03
  0.1013E-02
  0.1026E-02
  0.9563E-03
  0.1019E-02
  0.6815E-03
  0.9496E-03
  0.9990E-03
  0.1012E-02
  0.9919E-03
  0.9949E-03
  0.9807E-03
  0.1000E-02
  0.1000E-02
  0.1017E-02
  0.9116E-03
  0.1002E-02
  0.9514E-03
  0.9718E-03
  0.8868E-03
  0.1068E-02
  0.8934E-03
  0.9740E-03
  0.7151E-03
  0.1039E-02
  0.9827E-03
  0.1059E-02
  0.9494E-03
  0.1172E-02
  0.1070E-02
  0.1059E-02
  0.9656E-03
  0.7529E-03
  0.1053E-02
  0.9494E-03
  0.8254E-03
  0.1048E-02
  0.9591E-03
  0.9754E-03
  0.1076E-02
  0.9955E-03
  0.1062E-02
  0.9065E-03
  0.1041E-02
  0.8276E-03
  0.1047E-02
  0.7121E-03
  0.8894E-03
  0.5932E-03
  0.1024E-02
  0.8698E-03
  0.9891E-03
  0.1059E-02
  0.1011E-02
  0.1000E-02
  0.1000E-02
  0.9796E-03
  0.9459E-03
  0.1023E-02
  0.9630E-03
  0.7456E-03
  0.8029E-03
  0.1085E-02
  0.6043E-03
  0.1045E-02
  0.1072E-02
  0.1078E-02
  0.8520E-03
  0.1098E-02
  0.1068E-02
  0.1003E-02
  0.5203E-03
  0.9913E-03
  0.1122E-02
  0.1063E-02
  0.7302E-03
  0.8680E-03
  0.9877E-03
  0.1109E-02
  0.1228E-02
  0.8766E-03
  0.8383E-03
  0.8938E-03
  0.1173E-02
  0.7788E-03
  0.6609E-03
  0.1019E-02
  0.6541E-03
  0.8165E-03
  0.1261E-02
  0.1083E-02
  0.6867E-03
  0.8344E-03
  0.8601E-03
  0.1036E-02
  0.5969E-03
  0.9471E-03
  0.8292E-03
  0.9721E-03
  0.1000E-02
  0.1000E-02
  0.8646E-03
  0.7455E-03
  0.1236E-02
  0.7438E-03
  0.7409E-03
  0.1367E-02
  0.1210E-02
  0.7765E-03
  0.1044E-02
  0.8551E-03
  0.1194E-02
  0.1139E-02
  0.1097E-02
  0.1008E-02
  0.1011E-02
  0.1197E-02
  0.1145E-02
  0.7281E-03
  0.9034E-03
  0.1165E-02
  0.6977E-03
  0.7669E-03
  0.9706E-03
  0.1166E-02
  0.1107E-02
  0.1040E-02
  0.1353E-02
  0.1128E-02
  0.1147E-02
  0.1146E-02
  0.8832E-03
  0.1225E-02
  0.1141E-02
  0.1164E-02
  0.6814E-03
  0.8993E-03
  0.1073E-02
  0.1236E-02
  0.5933E-03
  0.1230E-02
  0.8086E-03
  0.1000E-02
  0.1000E-02
  0.1000E-02
  0.6244E-03
  0.1103E-02
  0.1230E-02
  0.8453E-03
  0.1195E-02
  0.7913E-03
  0.1419E-02
  0.6942E-03
  0.9510E-03
  0.9917E-03
  0.6127E-03
  0.1826E-02
  0.1442E-02
  0.1172E-02
  0.1128E-02
  0.6308E-03
  0.1074E-02
  0.1015E-02
  0.1261E-02
  0.8094E-03
  0.9166E-03
  0.9565E-03
  0.1279E-02
  0.1259E-02
  0.1109E-02
  0.1123E-02
  0.1375E-02
  0.6913E-03
  0.1168E-02
  0.6393E-03
  0.1200E-02
  0.1387E-02
  0.1506E-02
  0.1324E-02
  0.1210E-02
  0.1517E-02
  0.8905E-03
  0.1514E-02
  0.1595E-02
  0.6586E-03
  0.1087E-02
  0.1257E-02
  0.1075E-02
  0.7589E-03
  0.1115E-02
  0.1002E-02
  0.1000E-02
  0.1000E-02
  0.6652E-03
  0.9962E-03
  0.7210E-03
  0.1033E-02
  0.7873E-03
  0.9185E-03
  0.1777E-02
  0.1738E-02
  0.1243E-02
  0.6461E-03
  0.1481E-02
  0.1007E-02
  0.2301E-02
  0.7521E-03
  0.1403E-02
  0.1108E-02
  0.1614E-02
  0.1608E-02
  0.1836E-02
  0.1006E-02
  0.1054E-02
  0.1442E-02
  0.1002E-02
  0.8897E-03
  0.1741E-02
  0.2046E-02
  0.9851E-03
  0.2147E-02
  0.8057E-03
  0.5845E-03
  0.1559E-02
  0.1327E-02
  0.8593E-03
  0.1041E-02
  0.1847E-02
  0.1040E-02
  0.7475E-03
  0.1014E-02
  0.1378E-02
  0.7751E-03
  0.9439E-03
  0.9887E-03
  0.9911E-03
  0.1000E-02
  0.1000E-02
  0.8685E-03
  0.1095E-02
  0.1444E-02
  0.1072E-02
  0.7818E-03
  0.1238E-02
  0.1956E-02
  0.2836E-02
  0.2073E-02
  0.1014E-02
  0.2164E-02
  0.1148E-02
  0.1723E-02
  0.2028E-02
  0.1474E-02
  0.1714E-02
  0.9322E-03
  0.2077E-02
  0.6401E-03
  0.7938E-03
  0.6390E-03
  0.2275E-02
  0.1444E-02
  0.5840E-03
  0.2551E-02
  0.1450E-02
  0.2245E-02
  0.9544E-03
  0.1371E-02
  0.2577E-02
  0.1249E-02
  0.1456E-02
  0.2208E-02
  0.8020E-03
  0.1985E-02
  0.1506E-02
  0.7166E-03
  0.2179E-02
  0.1128E-02
  0.9165E-03
  0.1057E-02
  0.9805E-03
  0.1000E-02
  0.1000E-02
  0.8394E-03
  0.1236E-02
  0.8889E-03
  0.1304E-02
  0.1072E-02
  0.1710E-02
  0.3481E-02
  0.1669E-02
  0.2088E-02
  0.1041E-02
  0.2265E-02
  0.1419E-02
  0.1653E-02
  0.7125E-03
  0.1819E-02
  0.2525E-02
  0.2614E-02
  0.1276E-02
  0.8502E-03
  0.3701E-02
  0.7695E-03
  0.1103E-02
  0.3172E-02
  0.1005E-02
  0.1144E-02
  0.3041E-02
  0.1236E-02
  0.1176E-02
  0.1783E-02
  0.9226E-03
  0.8634E-03
  0.2332E-02
  0.2800E-02
  0.9296E-03
  0.1838E-02
  0.1125E-02
  0.1148E-02
  0.1249E-02
  0.9937E-03
  0.1261E-02
  0.7910E-03
  0.9363E-03
  0.1000E-02
  0.1000E-02
  0.1144E-02
  0.1110E-02
  0.1140E-02
  0.1660E-02
  0.8635E-03
  0.2675E-02
  0.1346E-02
  0.4806E-03
  0.9279E-03
  0.1790E-02
  0.3275E-02
  0.9756E-03
  0.2011E-02
  0.6593E-03
  0.1796E-02
  0.2808E-02
  0.3089E-02
  0.8919E-03
  0.7895E-03
  0.4889E-02
  0.7434E-03
  0.9910E-03
  0.9219E-03
  0.1660E-02
  0.1543E-02
  0.1968E-02
  0.3353E-02
  0.1682E-02
  0.7903E-03
  0.1577E-02
  0.1482E-02
  0.1096E-02
  0.1440E-02
  0.2012E-02
  0.1414E-02
  0.8364E-03
  0.1166E-02
  0.8859E-03
  0.1387E-02
  0.1122E-02
  0.5054E-03
  0.1000E-02
  0.1000E-02
  0.1004E-02
  0.1015E-02
  0.1165E-02
  0.1433E-02
  0.6317E-03
  0.1392E-02
  0.9862E-03
  0.1052E-02
  0.1798E-02
  0.1531E-02
  0.7347E-03
  0.1000E-08
  0.9729E-03
  0.9322E-03
  0.3558E-02
  0.1318E-02
  0.5440E-03
  0.9218E-03
  0.9151E-03
  0.2727E-02
  0.1595E-02
  0.1115E-02
  0.1956E-02
  0.1510E-02
  0.2687E-02
  0.1260E-02
  0.1066E-02
  0.3322E-02
  0.8652E-03
  0.1486E-02
  0.9466E-03
  0.1488E-02
  0.6560E-03
  0.1000E-08
  0.3552E-03
  0.2425E-03
  0.1587E-02
  0.1072E-02
  0.1424E-02
  0.1838E-02
  0.7251E-03
  0.3818E-03
  0.1594E-02
  0.2265E-02
  0.1692E-02
  0.1112E-02
  0.1017E-02
  0.1002E-02
  0.1000E-02
  0.1000E-02
  0.1045E-02
  0.7451E-03
  0.8248E-03
  0.1277E-02
  0.2006E-02
  0.2313E-02
  0.1493E-02
  0.2577E-03
  0.6094E-03
  0.1000E-08
  0.0000E+00
  0.1000E-08
  0.1829E-02
  0.1802E-02
  0.9646E-03
  0.7783E-03
  0.1738E-02
  0.1455E-02
  0.1891E-02
  0.1051E-02
  0.9574E-03
  0.2206E-02
  0.1571E-03
  0.9113E-03
  0.4908E-03
  0.9513E-03
  0.1342E-03
  0.2549E-02
  0.1000E-08
  0.9892E-03
  0.2270E-02
  0.1000E-08
  0.0000E+00
  0.2876E-04
  0.1962E-04
  0.0000E+00
  0.1000E-08
  0.1000E-08
  0.0000E+00
  0.7366E-03
  0.1687E-02
  0.1993E-02
  0.1013E-02
  0.9092E-03
  0.9428E-03
  0.8378E-03
  0.1000E-02
  0.1000E-02
  0.6411E-03
  0.7150E-03
  0.9227E-03
  0.1112E-02
  0.1723E-02
  0.6639E-03
  0.1162E-02
  0.1000E-08
  0.0000E+00
  0.1000E-08
  0.1000E-08
  0.5475E-03
  0.4012E-03
  0.1000E-08
  0.9148E-03
  0.1591E-02
  0.7855E-03
  0.1384E-02
  0.1000E-08
  0.3139E-03
  0.2583E-03
  0.1480E-08
  0.0000E+00
  0.1000E-08
  0.9893E-03
  0.4895E-03
  0.1000E-08
  0.1000E-08
  0.9475E-03
  0.1000E-08
  0.1000E-08
  0.0000E+00
  0.1000E-08
  0.0000E+00
  0.0000E+00
  0.1000E-08
  0.1000E-08
  0.0000E+00
  0.8518E-03
  0.1431E-02
  0.1205E-02
  0.8974E-03
  0.7545E-03
  0.6685E-03
  0.1000E-02
  0.1000E-02
  0.1075E-02
  0.1033E-02
  0.9060E-03
  0.8729E-03
  0.1150E-02
  0.1627E-02
  0.6268E-03
  0.1000E-08
  0.0000E+00
  0.1000E-08
  0.1000E-08
  0.1000E-08
  0.0000E+00
  0.0000E+00
  0.0000E+00
  0.0000E+00
  0.1000E-08
  0.1000E-08
  0.0000E+00
  0.1000E-08
  0.0000E+00
  0.2237E-04
  0.0000E+00
  0.1000E-08
  0.1000E-08
  0.1789E-03
  0.0000E+00
  0.1163E-08
  0.0000E+00
  0.2432E-03
  0.1000E-08
  0.1000E-08
  0.1000E-08
  0.1000E-08
  0.0000E+00
  0.1000E-08
  0.1000E-08
  0.1000E-08
  0.4054E-08
  0.1000E-08
  0.6935E-03
  0.1222E-02
  0.1905E-02
  0.1630E-02
  0.1223E-02
  0.1024E-02
  0.1000E-02
  0.1000E-02
  0.1175E-02
  0.1755E-02
  0.2262E-02
  0.2931E-02
  0.2197E-02
  0.9848E-03
  0.1000E-08
  0.1000E-08
  0.1000E-08
  0.0000E+00
  0.1000E-08
  0.1000E-08
  0.1000E-08
  0.4209E-08
  0.1000E-08
  0.0000E+00
  0.1000E-08
  0.1000E-08
  0.0000E+00
  0.1000E-08
  0.1000E-08
  0.1000E-08
  0.1000E-08
  0.0000E+00
  0.1000E-08
  0.1000E-08
  0.0000E+00
  0.1000E-08
  0.0000E+00
  0.1000E-08
  0.0000E+00
  0.1000E-08
  0.1000E-08
  0.1000E-08
  0.1000E-08
  0.0000E+00
  0.1000E-08
  0.1000E-08
  0.1000E-08
  0.8635E-03
  0.1450E-02
  0.1908E-02
  0.1096E-02
  0.8576E-03
  0.8686E-03
  0.9112E-03
  0.1000E-02
  0.1000E-02
  0.9562E-03
  0.8620E-03
  0.1147E-02
  0.1896E-02
  0.6889E-03
  0.1389E-02
  0.1000E-08
  0.0000E+00
  0.1000E-08
  0.1000E-08
  0.0000E+00
  0.1000E-08
  0.0000E+00
  0.1000E-08
  0.0000E+00
  0.0000E+00
  0.0000E+00
  0.1000E-08
  0.1000E-08
  0.0000E+00
  0.1000E-08
  0.0000E+00
  0.0000E+00
  0.1000E-08
  0.1000E-08
  0.1270E-08
  0.8037E-08
  0.1000E-08
  0.1000E-08
  0.1000E-08
  0.0000E+00
  0.0000E+00
  0.1000E-08
  0.1662E-08
  0.1000E-08
  0.1000E-08
  0.0000E+00
  0.5600E-03
  0.9471E-03
  0.1067E-02
  0.1047E-02
  0.9529E-03
  0.9474E-03
  0.1000E-02
  0.1000E-02
  0.1002E-02
  0.9035E-03
  0.1010E-02
  0.1197E-02
  0.6813E-03
  0.9822E-03
  0.0000E+00
  0.1000E-08
  0.1000E-08
  0.1000E-08
  0.1000E-08
  0.1000E-08
  0.1235E-08
  0.0000E+00
  0.1000E-08
  0.1000E-08
  0.1000E-08
  0.1000E-08
  0.0000E+00
  0.1000E-08
  0.1000E-08
  0.1000E-08
  0.0000E+00
  0.1000E-08
  0.1209E-08
  0.1000E-08
  0.1000E-08
  0.0000E+00
  0.0000E+00
  0.0000E+00
  0.1128E-08
  0.0000E+00
  0.1000E-08
  0.0000E+00
  0.1000E-08
  0.1000E-08
  0.1000E-08
  0.0000E+00
  0.1000E-08
  0.3039E-08
  0.4698E-08
  0.7114E-03
  0.1740E-02
  0.2784E-02
  0.1321E-02
  0.1355E-02
  0.1000E-02
  0.1000E-02
  0.1007E-02
  0.7108E-03
  0.1446E-02
  0.2406E-02
  0.2247E-02
  0.6576E-03
  0.1156E-03
  0.1000E-08
  0.1000E-08
  0.1000E-08
  0.0000E+00
  0.1000E-08
  0.1000E-08
  0.1000E-08
  0.1000E-08
  0.1000E-08
  0.0000E+00
  0.1000E-08
  0.1000E-08
  0.1000E-08
  0.1000E-08
  0.1000E-08
  0.6014E-08
  0.1000E-08
  0.1000E-08
  0.1000E-08
  0.1000E-08
  0.1000E-08
  0.1081E-07
  0.0000E+00
  0.1000E-08
  0.1000E-08
  0.1000E-08
  0.1000E-08
  0.1000E-08
  0.1000E-08
  0.1000E-08
  0.1000E-08
  0.1000E-08
  0.9915E-03
  0.1896E-02
  0.2505E-02
  0.2033E-02
  0.1315E-02
  0.1073E-02
  0.1000E-02
  0.1000E-02
  0.9807E-03
  0.1560E-02
  0.2363E-02
  0.1616E-02
  0.8611E-03
  0.1000E-08
  0.0000E+00
  0.1000E-08
  0.1000E-08
  0.1000E-08
  0.1000E-08
  0.1000E-08
  0.0000E+00
  0.1000E-08
  0.1000E-08
  0.1000E-08
  0.1000E-08
  0.1000E-08
  0.0000E+00
  0.1000E-08
  0.1000E-08
  0.1000E-08
  0.1000E-08
  0.0000E+00
  0.0000E+00
  0.0000E+00
  0.0000E+00
  0.1000E-08
  0.1000E-08
  0.1000E-08
  0.1000E-08
  0.1000E-08
  0.0000E+00
  0.1000E-08
  0.1000E-08
  0.0000E+00
  0.1000E-08
  0.0000E+00
  0.1000E-08
  0.0000E+00
  0.1000E-08
  0.7868E-03
  0.1030E-02
  0.2236E-02
  0.1895E-02
  0.8298E-03
  0.8763E-03
  0.1000E-02
  0.1000E-02
  0.1109E-02
  0.1023E-02
  0.8190E-03
  0.3269E-02
  0.9629E-03
  0.7825E-03
  0.1000E-08
  0.0000E+00
  0.1000E-08
  0.1000E-08
  0.1000E-08
  0.2946E-07
  0.1000E-08
  0.1000E-08
  0.1000E-08
  0.0000E+00
  0.1000E-08
  0.1000E-08
  0.2763E-08
  0.1000E-08
  0.1000E-08
  0.1000E-08
  0.1294E-08
  0.0000E+00
  0.1000E-08
  0.1000E-08
  0.0000E+00
  0.1000E-08
  0.1000E-08
  0.1000E-08
  0.1000E-08
  0.1000E-08
  0.1000E-08
  0.1000E-08
  0.0000E+00
  0.1000E-08
  0.1000E-08
  0.1000E-08
  0.7607E-03
  0.1557E-02
  0.9382E-03
  0.9829E-03
  0.7682E-03
  0.8034E-03
  0.9762E-03
  0.1000E-02
  0.1000E-02
  0.7949E-03
  0.1351E-02
  0.9650E-03
  0.1212E-02
  0.1304E-02
  0.1516E-02
  0.0000E+00
  0.1000E-08
  0.1000E-08
  0.1000E-08
  0.0000E+00
  0.1000E-08
  0.0000E+00
  0.0000E+00
  0.1000E-08
  0.0000E+00
  0.1000E-08
  0.1000E-08
  0.0000E+00
  0.1000E-08
  0.1000E-08
  0.1000E-08
  0.0000E+00
  0.0000E+00
  0.1000E-08
  0.0000E+00
  0.1000E-08
  0.0000E+00
  0.1000E-08
  0.1000E-08
  0.1000E-08
  0.1000E-08
  0.0000E+00
  0.1000E-08
  0.0000E+00
  0.1000E-08
  0.1000E-08
  0.1000E-08
  0.7156E-03
  0.2191E-02
  0.6172E-03
  0.8821E-03
  0.8329E-03
  0.1000E-02
  0.1000E-02
  0.1169E-02
  0.1243E-02
  0.1516E-02
  0.1252E-02
  0.1086E-02
  0.8005E-03
  0.1052E-02
  0.1000E-08
  0.0000E+00
  0.1000E-08
  0.1000E-08
  0.1000E-08
  0.1000E-08
  0.1000E-08
  0.0000E+00
  0.1000E-08
  0.0000E+00
  0.1000E-08
  0.1000E-08
  0.0000E+00
  0.0000E+00
  0.1000E-08
  0.1000E-08
  0.1000E-08
  0.0000E+00
  0.1000E-08
  0.1000E-08
  0.1000E-08
  0.1000E-08
  0.1000E-08
  0.1000E-08
  0.1000E-08
  0.1000E-08
  0.1000E-08
  0.1000E-08
  0.0000E+00
  0.1000E-08
  0.0000E+00
  0.7228E-03
  0.2170E-02
  0.2409E-02
  0.1094E-02
  0.7616E-03
  0.9542E-03
  0.1000E-02
  0.1000E-02
  0.1069E-02
  0.1247E-02
  0.1378E-02
  0.1419E-02
  0.8405E-03
  0.0000E+00
  0.1000E-08
  0.1000E-08
  0.1000E-08
  0.0000E+00
  0.0000E+00
  0.1000E-08
  0.1000E-08
  0.0000E+00
  0.1000E-08
  0.1000E-08
  0.1000E-08
  0.1000E-08
  0.1000E-08
  0.1000E-08
  0.1000E-08
  0.1000E-08
  0.0000E+00
  0.1000E-08
  0.1000E-08
  0.1000E-08
  0.0000E+00
  0.1000E-08
  0.1000E-08
  0.1000E-08
  0.1000E-08
  0.0000E+00
  0.4170E-08
  0.0000E+00
  0.1000E-08
  0.1000E-08
  0.1000E-08
  0.0000E+00
  0.1000E-08
  0.1000E-08
  0.1000E-08
  0.1119E-08
  0.7089E-03
  0.1507E-02
  0.2334E-02
  0.1522E-02
  0.1167E-02
  0.1042E-02
  0.1000E-02
  0.1000E-02
  0.1006E-02
  0.1044E-02
  0.1462E-02
  0.1668E-02
  0.1735E-02
  0.1000E-08
  0.1000E-08
  0.1000E-08
  0.1000E-08
  0.1000E-08
  0.1000E-08
  0.1000E-08
  0.1000E-08
  0.1000E-08
  0.0000E+00
  0.2425E-08
  0.0000E+00
  0.1000E-08
  0.1000E-08
  0.0000E+00
  0.1000E-08
  0.1000E-08
  0.1000E-08
  0.1000E-08
  0.1000E-08
  0.3831E-08
  0.1000E-08
  0.0000E+00
  0.1000E-08
  0.0000E+00
  0.1000E-08
  0.0000E+00
  0.0000E+00
  0.1000E-08
  0.1000E-08
  0.0000E+00
  0.1000E-08
  0.0000E+00
  0.1664E-02
  0.1388E-02
  0.1209E-02
  0.1510E-02
  0.1185E-02
  0.9690E-03
  0.1000E-02
  0.1000E-02
  0.1197E-02
  0.1241E-02
  0.1291E-02
  0.2203E-02
  0.4150E-03
  0.1000E-08
  0.1628E-08
  0.1367E-08
  0.1000E-08
  0.0000E+00
  0.1000E-08
  0.0000E+00
  0.1000E-08
  0.0000E+00
  0.1000E-08
  0.1000E-08
  0.0000E+00
  0.1000E-08
  0.1000E-08
  0.0000E+00
  0.1000E-08
  0.0000E+00
  0.1000E-08
  0.0000E+00
  0.1000E-08
  0.0000E+00
  0.1000E-08
  0.1000E-08
  0.1000E-08
  0.0000E+00
  0.1000E-08
  0.1000E-08
  0.1000E-08
  0.1000E-08
  0.1606E-08
  0.0000E+00
  0.1272E-08
  0.1000E-08
  0.1000E-08
  0.9326E-03
  0.1355E-02
  0.9854E-03
  0.9052E-03
  0.1173E-02
  0.1000E-02
  0.1000E-02
  0.1257E-02
  0.1631E-02
  0.2119E-02
  0.2436E-02
  0.1248E-02
  0.0000E+00
  0.1000E-08
  0.1000E-08
  0.0000E+00
  0.1000E-08
  0.1000E-08
  0.0000E+00
  0.1000E-08
  0.0000E+00
  0.0000E+00
  0.1000E-08
  0.0000E+00
  0.1000E-08
  0.1000E-08
  0.1000E-08
  0.2736E-08
  0.1000E-08
  0.1000E-08
  0.1000E-08
  0.1000E-08
  0.1000E-08
  0.1000E-08
  0.0000E+00
  0.1000E-08
  0.1000E-08
  0.1000E-08
  0.1000E-08
  0.0000E+00
  0.1000E-08
  0.0000E+00
  0.1000E-08
  0.0000E+00
  0.1000E-08
  0.0000E+00
  0.1000E-08
  0.0000E+00
  0.1092E-02
  0.1978E-02
  0.1955E-02
  0.1425E-02
  0.1067E-02
  0.1000E-02
  0.1000E-02
  0.7594E-03
  0.1004E-02
  0.2345E-02
  0.2140E-02
  0.1842E-02
  0.1141E-02
  0.1000E-08
  0.0000E+00
  0.1000E-08
  0.1000E-08
  0.1000E-08
  0.1392E-08
  0.1000E-08
  0.1000E-08
  0.1000E-08
  0.1000E-08
  0.1000E-08
  0.0000E+00
  0.1000E-08
  0.1000E-08
  0.0000E+00
  0.1000E-08
  0.1000E-08
  0.1000E-08
  0.1000E-08
  0.0000E+00
  0.1000E-08
  0.0000E+00
  0.1000E-08
  0.1327E-07
  0.2662E-08
  0.1000E-08
  0.1019E-08
  0.0000E+00
  0.1000E-08
  0.1000E-08
  0.0000E+00
  0.1000E-08
  0.1000E-08
  0.8151E-03
  0.1187E-02
  0.1020E-02
  0.8493E-03
  0.7907E-03
  0.1000E-02
  0.1000E-02
  0.9711E-03
  0.9751E-03
  0.1246E-02
  0.1177E-02
  0.1295E-02
  0.4989E-03
  0.1000E-08
  0.0000E+00
  0.2029E-08
  0.1000E-08
  0.1000E-08
  0.0000E+00
  0.1000E-08
  0.1000E-08
  0.1000E-08
  0.1000E-08
  0.1000E-08
  0.1000E-08
  0.1000E-08
  0.0000E+00
  0.1000E-08
  0.1000E-08
  0.0000E+00
  0.2986E-08
  0.1000E-08
  0.1000E-08
  0.4572E-08
  0.0000E+00
  0.1728E-08
  0.1000E-08
  0.0000E+00
  0.1000E-08
  0.0000E+00
  0.1017E-08
  0.1000E-08
  0.1000E-08
  0.1000E-08
  0.1000E-08
  0.0000E+00
  0.7520E-03
  0.1253E-02
  0.2067E-02
  0.1613E-02
  0.1101E-02
  0.1010E-02
  0.1000E-02
  0.1000E-02
  0.9056E-03
  0.9449E-03
  0.1051E-02
  0.9787E-03
  0.9597E-03
  0.6008E-03
  0.2266E-03
  0.1000E-08
  0.1000E-08
  0.1000E-08
  0.0000E+00
  0.0000E+00
  0.1000E-08
  0.1000E-08
  0.0000E+00
  0.1000E-08
  0.0000E+00
  0.1000E-08
  0.1000E-08
  0.0000E+00
  0.1000E-08
  0.1000E-08
  0.1000E-08
  0.0000E+00
  0.1000E-08
  0.1000E-08
  0.0000E+00
  0.1000E-08
  0.1000E-08
  0.1000E-08
  0.1000E-08
  0.1000E-08
  0.1000E-08
  0.0000E+00
  0.1000E-08
  0.1000E-08
  0.0000E+00
  0.1000E-08
  0.0000E+00
  0.1000E-08
  0.9215E-03
  0.1753E-02
  0.1059E-02
  0.1634E-02
  0.1387E-02
  0.1125E-02
  0.1056E-02
  0.1000E-02
  0.1000E-02
  0.8625E-03
  0.1528E-02
  0.1079E-02
  0.1813E-02
  0.1621E-02
  0.2187E-02
  0.1000E-08
  0.1000E-08
  0.1000E-08
  0.1000E-08
  0.1000E-08
  0.1000E-08
  0.0000E+00
  0.1000E-08
  0.1000E-08
  0.1000E-08
  0.1000E-08
  0.1000E-08
  0.1000E-08
  0.0000E+00
  0.1000E-08
  0.1000E-08
  0.0000E+00
  0.1000E-08
  0.1000E-08
  0.1000E-08
  0.1000E-08
  0.1000E-08
  0.1000E-08
  0.1000E-08
  0.0000E+00
  0.1000E-08
  0.1000E-08
  0.1000E-08
  0.1000E-08
  0.4915E-08
  0.2330E-08
  0.0000E+00
  0.0000E+00
  0.1465E-02
  0.1405E-02
  0.9690E-03
  0.5992E-03
  0.9050E-03
  0.1000E-02
  0.1000E-02
  0.9562E-03
  0.1988E-02
  0.2732E-02
  0.2438E-02
  0.8155E-03
  0.0000E+00
  0.1000E-08
  0.1000E-08
  0.1000E-08
  0.1000E-08
  0.0000E+00
  0.1000E-08
  0.3300E-08
  0.1000E-08
  0.0000E+00
  0.3989E-08
  0.1000E-08
  0.1000E-08
  0.0000E+00
  0.1000E-08
  0.1000E-08
  0.0000E+00
  0.1000E-08
  0.1000E-08
  0.0000E+00
  0.1000E-08
  0.2202E-08
  0.1000E-08
  0.1000E-08
  0.0000E+00
  0.1000E-08
  0.1000E-08
  0.1000E-08
  0.0000E+00
  0.1000E-08
  0.2531E-08
  0.0000E+00
  0.0000E+00
  0.1000E-08
  0.6041E-03
  0.1164E-02
  0.1794E-02
  0.2097E-02
  0.8457E-03
  0.9898E-03
  0.1000E-02
  0.1000E-02
  0.1180E-02
  0.1249E-02
  0.1873E-02
  0.2016E-02
  0.4830E-03
  0.1964E-02
  0.6698E-03
  0.1000E-08
  0.1000E-08
  0.2207E-07
  0.1000E-08
  0.1000E-08
  0.0000E+00
  0.0000E+00
  0.1000E-08
  0.0000E+00
  0.1000E-08
  0.1000E-08
  0.1000E-08
  0.0000E+00
  0.1000E-08
  0.1000E-08
  0.0000E+00
  0.6182E-08
  0.0000E+00
  0.1000E-08
  0.1000E-08
  0.0000E+00
  0.1000E-08
  0.1000E-08
  0.1000E-08
  0.1000E-08
  0.1000E-08
  0.1000E-08
  0.1000E-08
  0.1000E-08
  0.1000E-08
  0.1000E-08
  0.1000E-08
  0.1053E-02
  0.1542E-02
  0.1724E-02
  0.1553E-02
  0.1214E-02
  0.1058E-02
  0.1000E-02
  0.1000E-02
  0.1157E-02
  0.8222E-03
  0.1525E-02
  0.1292E-02
  0.1539E-02
  0.6387E-03
  0.1000E-08
  0.1000E-08
  0.1000E-08
  0.0000E+00
  0.0000E+00
  0.0000E+00
  0.2247E-08
  0.1000E-08
  0.0000E+00
  0.1000E-08
  0.1000E-08
  0.2105E-08
  0.1000E-08
  0.6125E-08
  0.0000E+00
  0.1000E-08
  0.1000E-08
  0.1000E-08
  0.0000E+00
  0.1000E-08
  0.0000E+00
  0.1000E-08
  0.1000E-08
  0.0000E+00
  0.1000E-08
  0.1000E-08
  0.0000E+00
  0.1000E-08
  0.1000E-08
  0.0000E+00
  0.1000E-08
  0.1000E-08
  0.9176E-03
  0.2000E-02
  0.1814E-02
  0.7379E-03
  0.1000E-02
  0.1000E-02
  0.1115E-02
  0.1223E-02
  0.1442E-02
  0.1366E-02
  0.8413E-03
  0.6036E-03
  0.1000E-08
  0.0000E+00
  0.0000E+00
  0.1000E-08
  0.1000E-08
  0.1000E-08
  0.1000E-08
  0.1000E-08
  0.0000E+00
  0.0000E+00
  0.1000E-08
  0.0000E+00
  0.1000E-08
  0.1000E-08
  0.1000E-08
  0.1000E-08
  0.1000E-08
  0.0000E+00
  0.1000E-08
  0.1000E-08
  0.1000E-08
  0.0000E+00
  0.1000E-08
  0.1000E-08
  0.0000E+00
  0.1000E-08
  0.0000E+00
  0.1000E-08
  0.1000E-08
  0.0000E+00
  0.1000E-08
  0.1000E-08
  0.1000E-08
  0.0000E+00
  0.9700E-03
  0.1095E-02
  0.7208E-03
  0.5241E-03
  0.1000E-02
  0.1000E-02
  0.1464E-02
  0.2157E-02
  0.2602E-02
  0.2478E-02
  0.1071E-02
  0.1000E-08
  0.1000E-08
  0.1000E-08
  0.0000E+00
  0.1000E-08
  0.0000E+00
  0.1000E-08
  0.0000E+00
  0.1000E-08
  0.1000E-08
  0.1000E-08
  0.1000E-08
  0.1000E-08
  0.0000E+00
  0.1000E-08
  0.1000E-08
  0.1000E-08
  0.1000E-08
  0.1000E-08
  0.0000E+00
  0.1000E-08
  0.1000E-08
  0.0000E+00
  0.1000E-08
  0.1000E-08
  0.1000E-08
  0.1000E-08
  0.0000E+00
  0.1000E-08
  0.1275E-08
  0.0000E+00
  0.1000E-08
  0.2001E-08
  0.8973E-03
  0.5852E-03
  0.1890E-02
  0.1066E-02
  0.8218E-03
  0.9108E-03
  0.1000E-02
  0.1000E-02
  0.9357E-03
  0.1078E-02
  0.8316E-03
  0.7652E-03
  0.6386E-03
  0.8969E-03
  0.1699E-03
  0.0000E+00
  0.1000E-08
  0.1000E-08
  0.0000E+00
  0.1015E-08
  0.3243E-04
  0.1000E-08
  0.1000E-08
  0.1000E-08
  0.1000E-08
  0.1000E-08
  0.1000E-08
  0.1000E-08
  0.1000E-08
  0.0000E+00
  0.1000E-08
  0.1000E-08
  0.0000E+00
  0.1000E-08
  0.0000E+00
  0.0000E+00
  0.1000E-08
  0.1000E-08
  0.1145E-08
  0.1000E-08
  0.0000E+00
  0.1000E-08
  0.1000E-08
  0.1000E-08
  0.0000E+00
  0.1000E-08
  0.1000E-08
  0.2044E-03
  0.7489E-03
  0.1316E-02
  0.2219E-02
  0.2459E-02
  0.1313E-02
  0.9020E-03
  0.8922E-03
  0.1000E-02
  0.1000E-02
  0.1103E-02
  0.1284E-02
  0.6603E-03
  0.1501E-02
  0.1304E-02
  0.1070E-02
  0.1114E-02
  0.1000E-08
  0.1000E-08
  0.4645E-08
  0.1000E-08
  0.1000E-08
  0.0000E+00
  0.8782E-03
  0.1000E-08
  0.0000E+00
  0.1000E-08
  0.0000E+00
  0.1000E-08
  0.1000E-08
  0.1000E-08
  0.7835E-03
  0.9097E-03
  0.1000E-08
  0.5208E-08
  0.3631E-03
  0.1011E-02
  0.1000E-08
  0.1000E-08
  0.1000E-08
  0.1000E-08
  0.1000E-08
  0.1000E-08
  0.1000E-08
  0.1000E-08
  0.1167E-08
  0.0000E+00
  0.1000E-08
  0.4588E-04
  0.7718E-03
  0.1836E-02
  0.2317E-02
  0.1737E-02
  0.1218E-02
  0.1034E-02
  0.1000E-02
  0.1000E-02
  0.1262E-02
  0.1608E-02
  0.2299E-02
  0.2827E-02
  0.2124E-02
  0.2790E-03
  0.5975E-03
  0.0000E+00
  0.3984E-03
  0.1000E-08
  0.1000E-08
  0.1083E-02
  0.1242E-02
  0.1000E-08
  0.1000E-08
  0.0000E+00
  0.1000E-08
  0.0000E+00
  0.7033E-03
  0.1534E-02
  0.1768E-02
  0.7352E-03
  0.8090E-03
  0.1365E-02
  0.1374E-02
  0.1789E-02
  0.1000E-08
  0.1000E-08
  0.0000E+00
  0.1000E-08
  0.1000E-08
  0.1000E-08
  0.0000E+00
  0.1035E-02
  0.7941E-03
  0.8328E-03
  0.1000E-08
  0.1004E-02
  0.1139E-02
  0.1418E-02
  0.1982E-02
  0.1217E-02
  0.7459E-03
  0.1000E-02
  0.1000E-02
  0.7628E-03
  0.7333E-03
  0.8748E-03
  0.2213E-02
  0.9158E-03
  0.6085E-03
  0.3579E-04
  0.1317E-02
  0.1234E-02
  0.1366E-02
  0.0000E+00
  0.1000E-08
  0.1279E-02
  0.2053E-02
  0.1315E-02
  0.9132E-03
  0.0000E+00
  0.1000E-08
  0.3094E-08
  0.1084E-02
  0.2050E-02
  0.1463E-02
  0.2234E-02
  0.1423E-02
  0.2135E-02
  0.1684E-02
  0.3344E-02
  0.1298E-02
  0.1029E-02
  0.1000E-08
  0.1094E-02
  0.0000E+00
  0.1619E-02
  0.1122E-02
  0.1579E-02
  0.2427E-02
  0.4709E-03
  0.1459E-02
  0.1582E-02
  0.1995E-02
  0.1284E-02
  0.7498E-03
  0.1611E-02
  0.1471E-02
  0.6665E-03
  0.9407E-03
  0.1000E-02
  0.1000E-02
  0.9526E-03
  0.1007E-02
  0.9112E-03
  0.1430E-02
  0.8104E-03
  0.6354E-03
  0.1145E-02
  0.6996E-03
  0.8583E-03
  0.1778E-02
  0.3088E-02
  0.4392E-03
  0.8120E-03
  0.1123E-02
  0.6865E-03
  0.1934E-02
  0.2628E-02
  0.1003E-02
  0.1405E-02
  0.7875E-03
  0.8616E-03
  0.1199E-02
  0.8648E-03
  0.1735E-02
  0.3704E-02
  0.2253E-02
  0.1551E-02
  0.2840E-02
  0.4083E-02
  0.2570E-02
  0.8171E-03
  0.1066E-02
  0.1426E-02
  0.1198E-02
  0.2275E-02
  0.1748E-02
  0.1832E-02
  0.2571E-02
  0.1022E-02
  0.1521E-02
  0.2575E-02
  0.1193E-02
  0.6296E-03
  0.1066E-02
  0.1181E-02
  0.1014E-02
  0.1000E-02
  0.1000E-02
  0.1019E-02
  0.1392E-02
  0.1372E-02
  0.1794E-02
  0.1711E-02
  0.1089E-02
  0.1315E-02
  0.4155E-02
  0.2983E-02
  0.1129E-02
  0.2113E-02
  0.2267E-02
  0.2033E-02
  0.2475E-02
  0.2422E-02
  0.1793E-02
  0.7384E-03
  0.1026E-02
  0.1615E-02
  0.3081E-02
  0.2638E-02
  0.1051E-02
  0.4532E-02
  0.1140E-02
  0.3681E-02
  0.1179E-02
  0.7414E-03
  0.3289E-02
  0.7811E-03
  0.5846E-03
  0.2606E-02
  0.3061E-02
  0.2812E-02
  0.1391E-02
  0.5422E-03
  0.2322E-02
  0.1377E-02
  0.8584E-03
  0.9317E-03
  0.1320E-02
  0.6443E-03
  0.1000E-02
  0.1000E-02
  0.9669E-03
  0.1039E-02
  0.8747E-03
  0.7095E-03
  0.1861E-02
  0.1873E-02
  0.2120E-02
  0.2321E-02
  0.4243E-02
  0.1883E-02
  0.1188E-02
  0.1482E-02
  0.2453E-02
  0.3229E-02
  0.6089E-03
  0.2349E-02
  0.1980E-02
  0.1893E-02
  0.1351E-02
  0.1712E-02
  0.2383E-02
  0.6087E-03
  0.7017E-03
  0.1713E-02
  0.2379E-02
  0.2560E-02
  0.2569E-02
  0.8874E-03
  0.1681E-02
  0.3324E-02
  0.1533E-02
  0.1766E-02
  0.5070E-03
  0.2767E-02
  0.1740E-02
  0.8153E-03
  0.1129E-02
  0.2344E-02
  0.1007E-02
  0.1557E-02
  0.1349E-02
  0.1181E-02
  0.1072E-02
  0.1010E-02
  0.1000E-02
  0.1000E-02
  0.1045E-02
  0.8568E-03
  0.8272E-03
  0.1658E-02
  0.5852E-03
  0.2396E-02
  0.2812E-02
  0.1038E-02
  0.1456E-02
  0.1934E-02
  0.2178E-02
  0.1454E-02
  0.1193E-02
  0.1939E-02
  0.8874E-03
  0.2586E-02
  0.1704E-02
  0.1085E-02
  0.1488E-02
  0.8576E-03
  0.1668E-02
  0.1557E-02
  0.1417E-02
  0.6929E-03
  0.6940E-03
  0.2151E-02
  0.2756E-02
  0.7556E-03
  0.1635E-02
  0.1974E-02
  0.8373E-03
  0.1430E-02
  0.1253E-02
  0.1980E-02
  0.1292E-02
  0.1497E-02
  0.7590E-03
  0.1294E-02
  0.9467E-03
  0.9875E-03
  0.1000E-02
  0.1000E-02
  0.8014E-03
  0.9637E-03
  0.8726E-03
  0.1733E-02
  0.1692E-02
  0.1472E-02
  0.8991E-03
  0.1266E-02
  0.1605E-02
  0.1246E-02
  0.1147E-02
  0.9414E-03
  0.1723E-02
  0.9330E-03
  0.2022E-02
  0.1173E-02
  0.1320E-02
  0.1613E-02
  0.1064E-02
  0.1603E-02
  0.1480E-02
  0.1000E-02
  0.1410E-02
  0.1249E-02
  0.1057E-02
  0.9355E-03
  0.1323E-02
  0.1807E-02
  0.1179E-02
  0.9653E-03
  0.1413E-02
  0.1581E-02
  0.1226E-02
  0.1378E-02
  0.1409E-02
  0.7128E-03
  0.7594E-03
  0.1180E-02
  0.1456E-02
  0.7204E-03
  0.5750E-03
  0.7658E-03
  0.9655E-03
  0.1000E-02
  0.1000E-02
  0.1013E-02
  0.1123E-02
  0.1178E-02
  0.1071E-02
  0.1229E-02
  0.1261E-02
  0.9155E-03
  0.9594E-03
  0.8270E-03
  0.9222E-03
  0.6825E-03
  0.1147E-02
  0.8105E-03
  0.1587E-02
  0.1026E-02
  0.9443E-03
  0.1290E-02
  0.1782E-02
  0.1205E-02
  0.1146E-02
  0.1592E-02
  0.1407E-02
  0.1361E-02
  0.1010E-02
  0.7725E-03
  0.7520E-03
  0.1107E-02
  0.1048E-02
  0.8031E-03
  0.1479E-02
  0.1221E-02
  0.7653E-03
  0.1128E-02
  0.1308E-02
  0.1212E-02
  0.1132E-02
  0.1200E-02
  0.6245E-03
  0.1160E-02
  0.9231E-03
  0.8056E-03
  0.9209E-03
  0.9155E-03
  0.9794E-03
  0.1000E-02
  0.1000E-02
  0.9196E-03
  0.9668E-03
  0.7940E-03
  0.1066E-02
  0.9950E-03
  0.8761E-03
  0.9482E-03
  0.1261E-02
  0.1042E-02
  0.8255E-03
  0.9331E-03
  0.1042E-02
  0.1307E-02
  0.8192E-03
  0.1165E-02
  0.9393E-03
  0.1127E-02
  0.1291E-02
  0.1112E-02
  0.1231E-02
  0.6996E-03
  0.9424E-03
  0.8616E-03
  0.1083E-02
  0.1101E-02
  0.7830E-03
  0.1209E-02
  0.8472E-03
  0.1333E-02
  0.7735E-03
  0.1160E-02
  0.1184E-02
  0.1035E-02
  0.8451E-03
  0.1028E-02
  0.8881E-03
  0.1086E-02
  0.1052E-02
  0.1151E-02
  0.8685E-03
  0.6976E-03
  0.9691E-03
  0.1000E-02
  0.1000E-02
  0.9834E-03
  0.9491E-03
  0.1145E-02
  0.7411E-03
  0.1048E-02
  0.5684E-03
  0.8786E-03
  0.7363E-03
  0.1175E-02
  0.7271E-03
  0.8843E-03
  0.9054E-03
  0.9576E-03
  0.1213E-02
  0.8077E-03
  0.1086E-02
  0.1087E-02
  0.1299E-02
  0.9034E-03
  0.9752E-03
  0.1018E-02
  0.8610E-03
  0.1173E-02
  0.6327E-03
  0.6784E-03
  0.1035E-02
  0.8092E-03
  0.9685E-03
  0.1171E-02
  0.9323E-03
  0.1088E-02
  0.1087E-02
  0.8842E-03
  0.1111E-02
  0.9086E-03
  0.6518E-03
  0.9273E-03
  0.7160E-03
  0.1043E-02
  0.1056E-02
  0.1187E-02
  0.8138E-03
  0.1011E-02
  0.8236E-03
  0.1000E-02
  0.1000E-02
  0.5668E-03
  0.1011E-02
  0.8900E-03
  0.1014E-02
  0.7602E-03
  0.9213E-03
  0.1096E-02
  0.8181E-03
  0.9122E-03
  0.8201E-03
  0.8296E-03
  0.9750E-03
  0.1032E-02
  0.9186E-03
  0.7543E-03
  0.1010E-02
  0.6879E-03
  0.9130E-03
  0.1101E-02
  0.9233E-03
  0.7888E-03
  0.1014E-02
  0.7521E-03
  0.9612E-03
  0.8583E-03
  0.1059E-02
  0.8195E-03
  0.9951E-03
  0.7121E-03
  0.1058E-02
  0.8784E-03
  0.8610E-03
  0.9548E-03
  0.9753E-03
  0.1022E-02
  0.1079E-02
  0.7731E-03
  0.9477E-03
  0.9839E-03
  0.6805E-03
  0.1000E-02
  0.1000E-02
  0.9869E-03
  0.1004E-02
  0.9221E-03
  0.1003E-02
  0.9298E-03
  0.9918E-03
  0.9574E-03
  0.1010E-02
  0.7440E-03
  0.8411E-03
  0.9542E-03
  0.9463E-03
  0.9361E-03
  0.1066E-02
  0.9524E-03
  0.9975E-03
  0.9934E-03
  0.9764E-03
  0.9981E-03
  0.9172E-03
  0.9671E-03
  0.9466E-03
  0.1034E-02
  0.9591E-03
  0.9335E-03
  0.1001E-02
  0.9798E-03
  0.9736E-03
  0.1012E-02
  0.9509E-03
  0.9898E-03
  0.9842E-03
  0.1023E-02
  0.1013E-02
  0.9677E-03
  0.9816E-03
  0.7979E-03
  0.1006E-02
  0.1022E-02
  0.9840E-03
  0.9897E-03
  0.8902E-03
  0.1000E-02
  0.1000E-02
  0.1000E-02
  0.1000E-02
  0.1000E-02
  0.1000E-02
  0.1000E-02
  0.1000E-02
  0.1000E-02
  0.1000E-02
  0.1000E-02
  0.1000E-02
  0.1000E-02
  0.1000E-02
  0.1000E-02
  0.1000E-02
  0.1000E-02
  0.1000E-02
  0.1000E-02
  0.1000E-02
  0.1000E-02
  0.1000E-02
  0.1000E-02
  0.1000E-02
  0.1000E-02
  0.1000E-02
  0.1000E-02
  0.1000E-02
  0.1000E-02
  0.1000E-02
  0.1000E-02
  0.1000E-02
  0.1000E-02
  0.1000E-02
  0.1000E-02
  0.1000E-02
  0.1000E-02
  0.1000E-02
  0.1000E-02
  0.1000E-02
  0.1000E-02
  0.1000E-02
  0.1000E-02
  0.1000E-02
  0.1000E-02
  0.1000E-02
  0.1000E-02
  0.1000E-02
  0.1000E-02
  0.1000E-02
  0.1000E-02
  0.1000E-02
  0.1000E-02
  0.1000E-02
  0.1000E-02
  0.1000E-02
  0.1000E-02
  0.1000E-02
  0.1000E-02
  0.1000E-02
  0.1000E-02
  0.1000E-02
  0.1000E-02
  0.1000E-02
  0.1000E-02
  0.1000E-02
  0.1000E-02
  0.1000E-02
  0.1000E-02
  0.1000E-02
  0.1000E-02
  0.1000E-02
  0.1000E-02
  0.1000E-02
  0.1000E-02
  0.1000E-02
  0.1000E-02
  0.1000E-02
  0.1000E-02
  0.1000E-02
  0.1000E-02
  0.1051E-02
  0.7788E-03
  0.1178E-02
  0.1052E-02
  0.1079E-02
  0.1129E-02
  0.1249E-02
  0.1294E-02
  0.1479E-02
  0.1118E-02
  0.1486E-02
  0.1624E-02
  0.1730E-02
  0.9070E-03
  0.1411E-02
  0.2081E-02
  0.2906E-02
  0.1545E-02
  0.1465E-02
  0.1207E-02
  0.1718E-02
  0.1933E-02
  0.1519E-02
  0.1997E-02
  0.1509E-02
  0.2558E-02
  0.1318E-02
SCALARS precipitation float 1
LOOKUP_TABLE default
  0.1091E-01
  0.1092E-01
  0.1093E-01
  0.1093E-01
  0.1093E-01
  0.1093E-01
  0.1093E-01
  0.1093E-01
  0.1094E-01
  0.1094E-01
  0.1094E-01
  0.1094E-01
  0.1094E-01
  0.1095E-01
  0.1095E-01
  0.1095E-01
  0.1096E-01
  0.1096E-01
  0.1096E-01
  0.1097E-01
  0.1097E-01
  0.1098E-01
  0.1098E-01
  0.1098E-01
  0.1097E-01
  0.1098E-01
  0.1098E-01
  0.1099E-01
  0.1099E-01
  0.1099E-01
  0.1099E-01
  0.1099E-01
  0.1099E-01
  0.1098E-01
  0.1098E-01
  0.1098E-01
  0.1098E-01
  0.1099E-01
  0.1099E-01
  0.1098E-01
  0.1097E-01
  0.1097E-01
  0.1097E-01
  0.1096E-01
  0.1096E-01
  0.1096E-01
  0.1096E-01
  0.1096E-01
  0.1096E-01
  0.1096E-01
  0.1096E-01
  0.1096E-01
  0.1096E-01
  0.1095E-01
  0.1095E-01
  0.1095E-01
  0.1095E-01
  0.1094E-01
  0.1094E-01
  0.1093E-01
  0.1093E-01
  0.1093E-01
  0.1094E-01
  0.1094E-01
  0.1094E-01
  0.1095E-01
  0.1095E-01
  0.1095E-01
  0.1094E-01
  0.1094E-01
  0.1094E-01
  0.1093E-01
  0.1093E-01
  0.1093E-01
  0.1092E-01
  0.1092E-01
  0.1092E-01
  0.1092E-01
  0.1091E-01
  0.1091E-01
  0.9250E+00
  0.9427E+00
  0.8829E+00
  0.9460E+00
  0.8375E+00
  0.9586E+00
  0.7826E+00
  0.9632E+00
  0.9619E+00
  0.9747E+00
  0.9864E+00
  0.9079E+00
  0.9968E+00
  0.9901E+00
  0.9973E+00
  0.1009E+01
  0.1005E+01
  0.9663E+00
  0.1004E+01
  0.9176E+00
  0.8756E+00
  0.1005E+01
  0.8856E+00
  0.9840E+00
  0.9821E+00
  0.9177E+00
  0.9765E+00
  0.8265E+00
  0.9792E+00
  0.7517E+00
  0.9714E+00
  0.8176E+00
  0.8541E+00
  0.9541E+00
  0.9353E+00
  0.9529E+00
  0.9665E+00
  0.9544E+00
  0.9541E+00
  0.9562E+00
  0.9425E+00
  0.8833E+00
  0.8364E+00
  0.9204E+00
  0.9706E+00
  0.9778E+00
  0.9968E+00
  0.1010E+01
  0.1005E+01
  0.1011E+01
  0.1003E+01
  0.1012E+01
  0.1025E+01
  0.1028E+01
  0.1030E+01
  0.1039E+01
  0.1038E+01
  0.1038E+01
  0.1033E+01
  0.1045E+01
  0.1041E+01
  0.1037E+01
  0.1040E+01
  0.1030E+01
  0.1015E+01
  0.1014E+01
  0.1026E+01
  0.1021E+01
  0.1003E+01
  0.1005E+01
  0.1020E+01
  0.1002E+01
  0.1016E+01
  0.1014E+01
  0.9849E+00
  0.1008E+01
  0.9971E+00
  0.9991E+00
  0.9993E+00
  0.1012E+01
  0.1014E+01
  0.1014E+01
  0.9779E+00
  0.9987E+00
  0.9785E+00
  0.9670E+00
  0.1015E+01
  0.1035E+01
  0.1054E+01
  0.1067E+01
  0.1077E+01
  0.1065E+01
  0.1062E+01
  0.1052E+01
  0.1071E+01
  0.1085E+01
  0.1076E+01
  0.1086E+01
  0.1079E+01
  0.1077E+01
  0.1072E+01
  0.1079E+01
  0.1086E+01
  0.1076E+01
  0.1076E+01
  0.1080E+01
  0.1078E+01
  0.1078E+01
  0.1078E+01
  0.1078E+01
  0.1083E+01
  0.1070E+01
  0.1077E+01
  0.1069E+01
  0.1046E+01
  0.1053E+01
  0.1049E+01
  0.1062E+01
  0.1052E+01
  0.1059E+01
  0.1055E+01
  0.1036E+01
  0.1056E+01
  0.1052E+01
  0.1068E+01
  0.1062E+01
  0.1066E+01
  0.1070E+01
  0.1046E+01
  0.1035E+01
  0.1016E+01
  0.1045E+01
  0.1065E+01
  0.1075E+01
  0.1101E+01
  0.1118E+01
  0.1111E+01
  0.1108E+01
  0.1099E+01
  0.1104E+01
  0.1108E+01
  0.1109E+01
  0.1128E+01
  0.1101E+01
  0.1115E+01
  0.1113E+01
  0.1122E+01
  0.1114E+01
  0.1111E+01
  0.1128E+01
  0.1123E+01
  0.1122E+01
  0.1131E+01
  0.1121E+01
  0.1110E+01
  0.1102E+01
  0.1116E+01
  0.1096E+01
  0.1105E+01
  0.1092E+01
  0.1101E+01
  0.1100E+01
  0.1102E+01
  0.1110E+01
  0.1090E+01
  0.1091E+01
  0.1107E+01
  0.1119E+01
  0.1107E+01
  0.1107E+01
  0.1108E+01
  0.1093E+01
  0.1076E+01
  0.1047E+01
  0.1066E+01
  0.1097E+01
  0.1127E+01
  0.1134E+01
  0.1146E+01
  0.1182E+01
  0.1169E+01
  0.1150E+01
  0.1156E+01
  0.1170E+01
  0.1161E+01
  0.1162E+01
  0.1157E+01
  0.1160E+01
  0.1159E+01
  0.1142E+01
  0.1143E+01
  0.1147E+01
  0.1148E+01
  0.1156E+01
  0.1138E+01
  0.1150E+01
  0.1155E+01
  0.1152E+01
  0.1162E+01
  0.1162E+01
  0.1155E+01
  0.1156E+01
  0.1159E+01
  0.1144E+01
  0.1155E+01
  0.1152E+01
  0.1139E+01
  0.1168E+01
  0.1149E+01
  0.1140E+01
  0.1134E+01
  0.1142E+01
  0.1129E+01
  0.1151E+01
  0.1151E+01
  0.1143E+01
  0.1144E+01
  0.1150E+01
  0.1140E+01
  0.1128E+01
  0.1107E+01
  0.1077E+01
  0.1065E+01
  0.1090E+01
  0.1121E+01
  0.1155E+01
  0.1191E+01
  0.1206E+01
  0.1221E+01
  0.1222E+01
  0.1210E+01
  0.1203E+01
  0.1204E+01
  0.1217E+01
  0.1200E+01
  0.1222E+01
  0.1213E+01
  0.1205E+01
  0.1197E+01
  0.1198E+01
  0.1181E+01
  0.1179E+01
  0.1193E+01
  0.1196E+01
  0.1182E+01
  0.1181E+01
  0.1187E+01
  0.1191E+01
  0.1199E+01
  0.1202E+01
  0.1215E+01
  0.1202E+01
  0.1236E+01
  0.1227E+01
  0.1211E+01
  0.1210E+01
  0.1190E+01
  0.1207E+01
  0.1182E+01
  0.1212E+01
  0.1200E+01
  0.1214E+01
  0.1179E+01
  0.1190E+01
  0.1169E+01
  0.1148E+01
  0.1119E+01
  0.1087E+01
  0.1106E+01
  0.1145E+01
  0.1181E+01
  0.1228E+01
  0.1262E+01
  0.1274E+01
  0.1270E+01
  0.1263E+01
  0.1280E+01
  0.1278E+01
  0.1278E+01
  0.1277E+01
  0.1299E+01
  0.1287E+01
  0.1272E+01
  0.1284E+01
  0.1279E+01
  0.1258E+01
  0.1252E+01
  0.1225E+01
  0.1242E+01
  0.1258E+01
  0.1234E+01
  0.1237E+01
  0.1239E+01
  0.1254E+01
  0.1238E+01
  0.1273E+01
  0.1279E+01
  0.1265E+01
  0.1284E+01
  0.1299E+01
  0.1311E+01
  0.1284E+01
  0.1273E+01
  0.1286E+01
  0.1280E+01
  0.1278E+01
  0.1259E+01
  0.1229E+01
  0.1201E+01
  0.1160E+01
  0.1117E+01
  0.1105E+01
  0.1118E+01
  0.1169E+01
  0.1212E+01
  0.1269E+01
  0.1314E+01
  0.1346E+01
  0.1332E+01
  0.1339E+01
  0.1357E+01
  0.1355E+01
  0.1365E+01
  0.1359E+01
  0.1359E+01
  0.1333E+01
  0.1364E+01
  0.1318E+01
  0.1289E+01
  0.1305E+01
  0.1296E+01
  0.1298E+01
  0.1303E+01
  0.1303E+01
  0.1307E+01
  0.1318E+01
  0.1309E+01
  0.1337E+01
  0.1338E+01
  0.1376E+01
  0.1382E+01
  0.1378E+01
  0.1376E+01
  0.1372E+01
  0.1382E+01
  0.1393E+01
  0.1354E+01
  0.1338E+01
  0.1375E+01
  0.1328E+01
  0.1330E+01
  0.1284E+01
  0.1256E+01
  0.1206E+01
  0.1152E+01
  0.1118E+01
  0.1120E+01
  0.1146E+01
  0.1188E+01
  0.1252E+01
  0.1305E+01
  0.1402E+01
  0.1446E+01
  0.1452E+01
  0.1465E+01
  0.1472E+01
  0.1434E+01
  0.1426E+01
  0.1418E+01
  0.1417E+01
  0.1419E+01
  0.1417E+01
  0.1388E+01
  0.1389E+01
  0.1390E+01
  0.1436E+01
  0.1396E+01
  0.1414E+01
  0.1416E+01
  0.1463E+01
  0.1440E+01
  0.1461E+01
  0.1480E+01
  0.1471E+01
  0.1479E+01
  0.1510E+01
  0.1510E+01
  0.1468E+01
  0.1499E+01
  0.1460E+01
  0.1452E+01
  0.1451E+01
  0.1398E+01
  0.1365E+01
  0.1334E+01
  0.1269E+01
  0.1217E+01
  0.1160E+01
  0.1125E+01
  0.1115E+01
  0.1120E+01
  0.1141E+01
  0.1199E+01
  0.1241E+01
  0.1327E+01
  0.1345E+01
  0.1417E+01
  0.1450E+01
  0.1509E+01
  0.1524E+01
  0.1522E+01
  0.1534E+01
  0.1555E+01
  0.1554E+01
  0.1525E+01
  0.1542E+01
  0.1531E+01
  0.1540E+01
  0.1500E+01
  0.1485E+01
  0.1525E+01
  0.1517E+01
  0.1515E+01
  0.1549E+01
  0.1547E+01
  0.1542E+01
  0.1553E+01
  0.1553E+01
  0.1544E+01
  0.1549E+01
  0.1565E+01
  0.1598E+01
  0.1624E+01
  0.1601E+01
  0.1595E+01
  0.1598E+01
  0.1595E+01
  0.1578E+01
  0.1559E+01
  0.1536E+01
  0.1521E+01
  0.1487E+01
  0.1417E+01
  0.1354E+01
  0.1274E+01
  0.1212E+01
  0.1158E+01
  0.1134E+01
  0.1119E+01
  0.1137E+01
  0.1162E+01
  0.1246E+01
  0.1257E+01
  0.1287E+01
  0.1303E+01
  0.1404E+01
  0.1479E+01
  0.1548E+01
  0.1585E+01
  0.1639E+01
  0.1646E+01
  0.1646E+01
  0.1671E+01
  0.1640E+01
  0.1620E+01
  0.1633E+01
  0.1636E+01
  0.1611E+01
  0.1606E+01
  0.1649E+01
  0.1615E+01
  0.1641E+01
  0.1679E+01
  0.1649E+01
  0.1666E+01
  0.1670E+01
  0.1679E+01
  0.1662E+01
  0.1691E+01
  0.1687E+01
  0.1685E+01
  0.1718E+01
  0.1693E+01
  0.1680E+01
  0.1678E+01
  0.1689E+01
  0.1671E+01
  0.1638E+01
  0.1591E+01
  0.1524E+01
  0.1457E+01
  0.1367E+01
  0.1303E+01
  0.1229E+01
  0.1190E+01
  0.1149E+01
  0.1138E+01
  0.1170E+01
  0.1213E+01
  0.1249E+01
  0.1317E+01
  0.1434E+01
  0.1471E+01
  0.1527E+01
  0.1572E+01
  0.1639E+01
  0.1682E+01
  0.1720E+01
  0.1719E+01
  0.1731E+01
  0.1737E+01
  0.1727E+01
  0.1754E+01
  0.1725E+01
  0.1722E+01
  0.1756E+01
  0.1763E+01
  0.1753E+01
  0.1745E+01
  0.1778E+01
  0.1782E+01
  0.1789E+01
  0.1772E+01
  0.1775E+01
  0.1765E+01
  0.1788E+01
  0.1788E+01
  0.1787E+01
  0.1777E+01
  0.1760E+01
  0.1753E+01
  0.1733E+01
  0.1719E+01
  0.1711E+01
  0.1661E+01
  0.1617E+01
  0.1559E+01
  0.1484E+01
  0.1386E+01
  0.1300E+01
  0.1199E+01
  0.1181E+01
  0.1167E+01
  0.1175E+01
  0.1220E+01
  0.1284E+01
  0.1327E+01
  0.1406E+01
  0.1507E+01
  0.1534E+01
  0.1589E+01
  0.1656E+01
  0.1693E+01
  0.1729E+01
  0.1766E+01
  0.1784E+01
  0.1787E+01
  0.1813E+01
  0.1816E+01
  0.1809E+01
  0.1832E+01
  0.1822E+01
  0.1840E+01
  0.1828E+01
  0.1827E+01
  0.1840E+01
  0.1843E+01
  0.1837E+01
  0.1838E+01
  0.1853E+01
  0.1833E+01
  0.1834E+01
  0.1835E+01
  0.1837E+01
  0.1837E+01
  0.1842E+01
  0.1826E+01
  0.1821E+01
  0.1801E+01
  0.1801E+01
  0.1779E+01
  0.1756E+01
  0.1717E+01
  0.1653E+01
  0.1592E+01
  0.1503E+01
  0.1401E+01
  0.1316E+01
  0.1240E+01
  0.1189E+01
  0.1171E+01
  0.1175E+01
  0.1211E+01
  0.1285E+01
  0.1331E+01
  0.1417E+01
  0.1519E+01
  0.1606E+01
  0.1676E+01
  0.1733E+01
  0.1785E+01
  0.1801E+01
  0.1824E+01
  0.1836E+01
  0.1861E+01
  0.1863E+01
  0.1877E+01
  0.1877E+01
  0.1878E+01
  0.1891E+01
  0.1894E+01
  0.1882E+01
  0.1904E+01
  0.1906E+01
  0.1903E+01
  0.1905E+01
  0.1891E+01
  0.1903E+01
  0.1905E+01
  0.1898E+01
  0.1899E+01
  0.1885E+01
  0.1889E+01
  0.1875E+01
  0.1856E+01
  0.1825E+01
  0.1801E+01
  0.1786E+01
  0.1762E+01
  0.1700E+01
  0.1668E+01
  0.1581E+01
  0.1539E+01
  0.1469E+01
  0.1374E+01
  0.1290E+01
  0.1255E+01
  0.1188E+01
  0.1176E+01
  0.1196E+01
  0.1242E+01
  0.1298E+01
  0.1329E+01
  0.1427E+01
  0.1543E+01
  0.1614E+01
  0.1698E+01
  0.1762E+01
  0.1806E+01
  0.1835E+01
  0.1852E+01
  0.1872E+01
  0.1878E+01
  0.1884E+01
  0.1900E+01
  0.1900E+01
  0.1915E+01
  0.1918E+01
  0.1929E+01
  0.1928E+01
  0.1925E+01
  0.1937E+01
  0.1936E+01
  0.1935E+01
  0.1931E+01
  0.1933E+01
  0.1930E+01
  0.1921E+01
  0.1909E+01
  0.1903E+01
  0.1900E+01
  0.1875E+01
  0.1853E+01
  0.1821E+01
  0.1797E+01
  0.1755E+01
  0.1721E+01
  0.1652E+01
  0.1569E+01
  0.1460E+01
  0.1372E+01
  0.1278E+01
  0.1224E+01
  0.1201E+01
  0.1211E+01
  0.1225E+01
  0.1283E+01
  0.1420E+01
  0.1507E+01
  0.1605E+01
  0.1654E+01
  0.1721E+01
  0.1779E+01
  0.1825E+01
  0.1856E+01
  0.1864E+01
  0.1886E+01
  0.1905E+01
  0.1912E+01
  0.1923E+01
  0.1936E+01
  0.1938E+01
  0.1941E+01
  0.1947E+01
  0.1958E+01
  0.1951E+01
  0.1953E+01
  0.1961E+01
  0.1954E+01
  0.1965E+01
  0.1957E+01
  0.1959E+01
  0.1953E+01
  0.1949E+01
  0.1946E+01
  0.1937E+01
  0.1936E+01
  0.1930E+01
  0.1923E+01
  0.1905E+01
  0.1894E+01
  0.1889E+01
  0.1855E+01
  0.1835E+01
  0.1799E+01
  0.1742E+01
  0.1663E+01
  0.1623E+01
  0.1531E+01
  0.1334E+01
  0.1260E+01
  0.1213E+01
  0.1210E+01
  0.1228E+01
  0.1296E+01
  0.1374E+01
  0.1477E+01
  0.1524E+01
  0.1607E+01
  0.1659E+01
  0.1732E+01
  0.1796E+01
  0.1843E+01
  0.1859E+01
  0.1877E+01
  0.1904E+01
  0.1916E+01
  0.1938E+01
  0.1945E+01
  0.1960E+01
  0.1964E+01
  0.1967E+01
  0.1971E+01
  0.1977E+01
  0.1977E+01
  0.1976E+01
  0.1978E+01
  0.1979E+01
  0.1976E+01
  0.1972E+01
  0.1970E+01
  0.1962E+01
  0.1957E+01
  0.1951E+01
  0.1940E+01
  0.1927E+01
  0.1906E+01
  0.1883E+01
  0.1842E+01
  0.1798E+01
  0.1775E+01
  0.1691E+01
  0.1618E+01
  0.1492E+01
  0.1456E+01
  0.1397E+01
  0.1300E+01
  0.1240E+01
  0.1204E+01
  0.1201E+01
  0.1254E+01
  0.1316E+01
  0.1398E+01
  0.1568E+01
  0.1655E+01
  0.1746E+01
  0.1800E+01
  0.1833E+01
  0.1870E+01
  0.1891E+01
  0.1916E+01
  0.1929E+01
  0.1940E+01
  0.1946E+01
  0.1956E+01
  0.1966E+01
  0.1970E+01
  0.1976E+01
  0.1980E+01
  0.1984E+01
  0.1986E+01
  0.1985E+01
  0.1987E+01
  0.1986E+01
  0.1987E+01
  0.1986E+01
  0.1984E+01
  0.1983E+01
  0.1981E+01
  0.1975E+01
  0.1972E+01
  0.1963E+01
  0.1951E+01
  0.1935E+01
  0.1910E+01
  0.1883E+01
  0.1849E+01
  0.1818E+01
  0.1799E+01
  0.1737E+01
  0.1703E+01
  0.1600E+01
  0.1558E+01
  0.1441E+01
  0.1358E+01
  0.1278E+01
  0.1215E+01
  0.1198E+01
  0.1204E+01
  0.1246E+01
  0.1319E+01
  0.1381E+01
  0.1479E+01
  0.1569E+01
  0.1631E+01
  0.1721E+01
  0.1777E+01
  0.1837E+01
  0.1870E+01
  0.1904E+01
  0.1927E+01
  0.1946E+01
  0.1960E+01
  0.1969E+01
  0.1979E+01
  0.1985E+01
  0.1990E+01
  0.1994E+01
  0.1994E+01
  0.1991E+01
  0.1991E+01
  0.1988E+01
  0.1986E+01
  0.1986E+01
  0.1981E+01
  0.1975E+01
  0.1966E+01
  0.1954E+01
  0.1936E+01
  0.1927E+01
  0.1911E+01
  0.1902E+01
  0.1866E+01
  0.1845E+01
  0.1804E+01
  0.1747E+01
  0.1713E+01
  0.1656E+01
  0.1556E+01
  0.1463E+01
  0.1414E+01
  0.1317E+01
  0.1284E+01
  0.1233E+01
  0.1207E+01
  0.1218E+01
  0.1303E+01
  0.1335E+01
  0.1389E+01
  0.1446E+01
  0.1486E+01
  0.1605E+01
  0.1688E+01
  0.1766E+01
  0.1810E+01
  0.1842E+01
  0.1876E+01
  0.1908E+01
  0.1917E+01
  0.1938E+01
  0.1953E+01
  0.1966E+01
  0.1970E+01
  0.1979E+01
  0.1984E+01
  0.1988E+01
  0.1991E+01
  0.1995E+01
  0.1994E+01
  0.1994E+01
  0.1993E+01
  0.1991E+01
  0.1990E+01
  0.1988E+01
  0.1983E+01
  0.1978E+01
  0.1966E+01
  0.1953E+01
  0.1931E+01
  0.1907E+01
  0.1889E+01
  0.1853E+01
  0.1803E+01
  0.1746E+01
  0.1671E+01
  0.1572E+01
  0.1381E+01
  0.1293E+01
  0.1240E+01
  0.1220E+01
  0.1222E+01
  0.1276E+01
  0.1303E+01
  0.1370E+01
  0.1467E+01
  0.1516E+01
  0.1622E+01
  0.1655E+01
  0.1731E+01
  0.1797E+01
  0.1822E+01
  0.1868E+01
  0.1895E+01
  0.1923E+01
  0.1940E+01
  0.1955E+01
  0.1964E+01
  0.1974E+01
  0.1981E+01
  0.1986E+01
  0.1987E+01
  0.1991E+01
  0.1994E+01
  0.1995E+01
  0.1994E+01
  0.1994E+01
  0.1992E+01
  0.1988E+01
  0.1987E+01
  0.1982E+01
  0.1976E+01
  0.1964E+01
  0.1949E+01
  0.1931E+01
  0.1905E+01
  0.1876E+01
  0.1830E+01
  0.1804E+01
  0.1744E+01
  0.1662E+01
  0.1580E+01
  0.1465E+01
  0.1373E+01
  0.1284E+01
  0.1238E+01
  0.1220E+01
  0.1219E+01
  0.1280E+01
  0.1350E+01
  0.1427E+01
  0.1466E+01
  0.1578E+01
  0.1674E+01
  0.1749E+01
  0.1802E+01
  0.1846E+01
  0.1870E+01
  0.1900E+01
  0.1921E+01
  0.1931E+01
  0.1944E+01
  0.1951E+01
  0.1961E+01
  0.1967E+01
  0.1974E+01
  0.1981E+01
  0.1987E+01
  0.1988E+01
  0.1991E+01
  0.1995E+01
  0.1996E+01
  0.1996E+01
  0.1994E+01
  0.1992E+01
  0.1987E+01
  0.1981E+01
  0.1978E+01
  0.1975E+01
  0.1971E+01
  0.1961E+01
  0.1953E+01
  0.1947E+01
  0.1926E+01
  0.1913E+01
  0.1889E+01
  0.1854E+01
  0.1795E+01
  0.1779E+01
  0.1712E+01
  0.1651E+01
  0.1566E+01
  0.1445E+01
  0.1363E+01
  0.1277E+01
  0.1230E+01
  0.1212E+01
  0.1216E+01
  0.1233E+01
  0.1262E+01
  0.1365E+01
  0.1473E+01
  0.1620E+01
  0.1719E+01
  0.1745E+01
  0.1812E+01
  0.1851E+01
  0.1868E+01
  0.1902E+01
  0.1923E+01
  0.1942E+01
  0.1957E+01
  0.1967E+01
  0.1973E+01
  0.1977E+01
  0.1980E+01
  0.1985E+01
  0.1986E+01
  0.1986E+01
  0.1990E+01
  0.1991E+01
  0.1993E+01
  0.1990E+01
  0.1989E+01
  0.1983E+01
  0.1979E+01
  0.1972E+01
  0.1960E+01
  0.1950E+01
  0.1931E+01
  0.1907E+01
  0.1880E+01
  0.1841E+01
  0.1827E+01
  0.1763E+01
  0.1700E+01
  0.1602E+01
  0.1547E+01
  0.1446E+01
  0.1414E+01
  0.1349E+01
  0.1257E+01
  0.1209E+01
  0.1210E+01
  0.1302E+01
  0.1393E+01
  0.1453E+01
  0.1562E+01
  0.1659E+01
  0.1733E+01
  0.1805E+01
  0.1853E+01
  0.1887E+01
  0.1895E+01
  0.1922E+01
  0.1939E+01
  0.1946E+01
  0.1957E+01
  0.1967E+01
  0.1975E+01
  0.1978E+01
  0.1981E+01
  0.1984E+01
  0.1985E+01
  0.1986E+01
  0.1985E+01
  0.1986E+01
  0.1985E+01
  0.1985E+01
  0.1981E+01
  0.1979E+01
  0.1976E+01
  0.1970E+01
  0.1960E+01
  0.1951E+01
  0.1944E+01
  0.1927E+01
  0.1906E+01
  0.1874E+01
  0.1842E+01
  0.1793E+01
  0.1730E+01
  0.1686E+01
  0.1597E+01
  0.1496E+01
  0.1407E+01
  0.1315E+01
  0.1249E+01
  0.1208E+01
  0.1201E+01
  0.1256E+01
  0.1325E+01
  0.1423E+01
  0.1471E+01
  0.1597E+01
  0.1697E+01
  0.1765E+01
  0.1822E+01
  0.1837E+01
  0.1860E+01
  0.1885E+01
  0.1902E+01
  0.1912E+01
  0.1924E+01
  0.1937E+01
  0.1953E+01
  0.1961E+01
  0.1970E+01
  0.1976E+01
  0.1977E+01
  0.1981E+01
  0.1984E+01
  0.1983E+01
  0.1982E+01
  0.1982E+01
  0.1981E+01
  0.1977E+01
  0.1973E+01
  0.1968E+01
  0.1965E+01
  0.1956E+01
  0.1945E+01
  0.1937E+01
  0.1920E+01
  0.1910E+01
  0.1882E+01
  0.1851E+01
  0.1810E+01
  0.1781E+01
  0.1727E+01
  0.1696E+01
  0.1601E+01
  0.1514E+01
  0.1409E+01
  0.1317E+01
  0.1241E+01
  0.1199E+01
  0.1194E+01
  0.1247E+01
  0.1321E+01
  0.1402E+01
  0.1530E+01
  0.1578E+01
  0.1626E+01
  0.1709E+01
  0.1748E+01
  0.1812E+01
  0.1850E+01
  0.1881E+01
  0.1910E+01
  0.1917E+01
  0.1936E+01
  0.1941E+01
  0.1955E+01
  0.1964E+01
  0.1966E+01
  0.1973E+01
  0.1975E+01
  0.1976E+01
  0.1979E+01
  0.1980E+01
  0.1980E+01
  0.1976E+01
  0.1972E+01
  0.1968E+01
  0.1963E+01
  0.1960E+01
  0.1953E+01
  0.1939E+01
  0.1930E+01
  0.1908E+01
  0.1877E+01
  0.1848E+01
  0.1833E+01
  0.1810E+01
  0.1751E+01
  0.1690E+01
  0.1588E+01
  0.1487E+01
  0.1392E+01
  0.1310E+01
  0.1268E+01
  0.1190E+01
  0.1187E+01
  0.1232E+01
  0.1263E+01
  0.1353E+01
  0.1456E+01
  0.1565E+01
  0.1656E+01
  0.1744E+01
  0.1802E+01
  0.1841E+01
  0.1874E+01
  0.1907E+01
  0.1914E+01
  0.1923E+01
  0.1938E+01
  0.1952E+01
  0.1959E+01
  0.1965E+01
  0.1972E+01
  0.1976E+01
  0.1976E+01
  0.1974E+01
  0.1973E+01
  0.1970E+01
  0.1967E+01
  0.1965E+01
  0.1963E+01
  0.1957E+01
  0.1948E+01
  0.1937E+01
  0.1930E+01
  0.1922E+01
  0.1899E+01
  0.1892E+01
  0.1862E+01
  0.1824E+01
  0.1773E+01
  0.1750E+01
  0.1682E+01
  0.1636E+01
  0.1591E+01
  0.1528E+01
  0.1433E+01
  0.1327E+01
  0.1250E+01
  0.1200E+01
  0.1183E+01
  0.1193E+01
  0.1245E+01
  0.1287E+01
  0.1360E+01
  0.1462E+01
  0.1509E+01
  0.1628E+01
  0.1660E+01
  0.1741E+01
  0.1793E+01
  0.1815E+01
  0.1854E+01
  0.1886E+01
  0.1911E+01
  0.1928E+01
  0.1935E+01
  0.1946E+01
  0.1955E+01
  0.1961E+01
  0.1963E+01
  0.1969E+01
  0.1972E+01
  0.1974E+01
  0.1973E+01
  0.1972E+01
  0.1970E+01
  0.1969E+01
  0.1965E+01
  0.1963E+01
  0.1961E+01
  0.1956E+01
  0.1948E+01
  0.1934E+01
  0.1918E+01
  0.1899E+01
  0.1874E+01
  0.1839E+01
  0.1819E+01
  0.1777E+01
  0.1742E+01
  0.1721E+01
  0.1633E+01
  0.1548E+01
  0.1435E+01
  0.1387E+01
  0.1325E+01
  0.1258E+01
  0.1201E+01
  0.1190E+01
  0.1199E+01
  0.1281E+01
  0.1380E+01
  0.1457E+01
  0.1529E+01
  0.1617E+01
  0.1650E+01
  0.1735E+01
  0.1793E+01
  0.1837E+01
  0.1867E+01
  0.1883E+01
  0.1892E+01
  0.1912E+01
  0.1931E+01
  0.1942E+01
  0.1954E+01
  0.1962E+01
  0.1968E+01
  0.1971E+01
  0.1969E+01
  0.1969E+01
  0.1969E+01
  0.1968E+01
  0.1967E+01
  0.1965E+01
  0.1962E+01
  0.1959E+01
  0.1953E+01
  0.1949E+01
  0.1938E+01
  0.1932E+01
  0.1917E+01
  0.1899E+01
  0.1870E+01
  0.1840E+01
  0.1795E+01
  0.1749E+01
  0.1713E+01
  0.1642E+01
  0.1555E+01
  0.1464E+01
  0.1370E+01
  0.1317E+01
  0.1248E+01
  0.1199E+01
  0.1185E+01
  0.1204E+01
  0.1333E+01
  0.1430E+01
  0.1530E+01
  0.1641E+01
  0.1719E+01
  0.1757E+01
  0.1801E+01
  0.1845E+01
  0.1881E+01
  0.1888E+01
  0.1908E+01
  0.1924E+01
  0.1932E+01
  0.1937E+01
  0.1948E+01
  0.1951E+01
  0.1958E+01
  0.1959E+01
  0.1962E+01
  0.1960E+01
  0.1961E+01
  0.1960E+01
  0.1961E+01
  0.1962E+01
  0.1961E+01
  0.1960E+01
  0.1957E+01
  0.1950E+01
  0.1941E+01
  0.1931E+01
  0.1915E+01
  0.1899E+01
  0.1885E+01
  0.1873E+01
  0.1842E+01
  0.1816E+01
  0.1771E+01
  0.1711E+01
  0.1640E+01
  0.1549E+01
  0.1454E+01
  0.1352E+01
  0.1310E+01
  0.1243E+01
  0.1189E+01
  0.1166E+01
  0.1210E+01
  0.1233E+01
  0.1326E+01
  0.1427E+01
  0.1529E+01
  0.1577E+01
  0.1672E+01
  0.1748E+01
  0.1770E+01
  0.1824E+01
  0.1856E+01
  0.1883E+01
  0.1903E+01
  0.1916E+01
  0.1925E+01
  0.1935E+01
  0.1944E+01
  0.1948E+01
  0.1949E+01
  0.1951E+01
  0.1955E+01
  0.1958E+01
  0.1957E+01
  0.1954E+01
  0.1956E+01
  0.1952E+01
  0.1950E+01
  0.1947E+01
  0.1937E+01
  0.1928E+01
  0.1915E+01
  0.1905E+01
  0.1893E+01
  0.1872E+01
  0.1853E+01
  0.1821E+01
  0.1773E+01
  0.1720E+01
  0.1672E+01
  0.1576E+01
  0.1491E+01
  0.1417E+01
  0.1322E+01
  0.1242E+01
  0.1188E+01
  0.1168E+01
  0.1167E+01
  0.1244E+01
  0.1323E+01
  0.1387E+01
  0.1440E+01
  0.1533E+01
  0.1625E+01
  0.1712E+01
  0.1760E+01
  0.1810E+01
  0.1829E+01
  0.1861E+01
  0.1886E+01
  0.1904E+01
  0.1914E+01
  0.1919E+01
  0.1930E+01
  0.1938E+01
  0.1943E+01
  0.1946E+01
  0.1947E+01
  0.1950E+01
  0.1951E+01
  0.1949E+01
  0.1951E+01
  0.1948E+01
  0.1947E+01
  0.1943E+01
  0.1941E+01
  0.1932E+01
  0.1927E+01
  0.1923E+01
  0.1907E+01
  0.1888E+01
  0.1867E+01
  0.1837E+01
  0.1797E+01
  0.1738E+01
  0.1667E+01
  0.1591E+01
  0.1429E+01
  0.1311E+01
  0.1216E+01
  0.1167E+01
  0.1173E+01
  0.1223E+01
  0.1257E+01
  0.1335E+01
  0.1408E+01
  0.1496E+01
  0.1595E+01
  0.1672E+01
  0.1736E+01
  0.1791E+01
  0.1826E+01
  0.1855E+01
  0.1870E+01
  0.1886E+01
  0.1905E+01
  0.1909E+01
  0.1922E+01
  0.1929E+01
  0.1934E+01
  0.1940E+01
  0.1939E+01
  0.1940E+01
  0.1940E+01
  0.1943E+01
  0.1945E+01
  0.1941E+01
  0.1942E+01
  0.1941E+01
  0.1939E+01
  0.1936E+01
  0.1930E+01
  0.1923E+01
  0.1916E+01
  0.1901E+01
  0.1881E+01
  0.1857E+01
  0.1825E+01
  0.1790E+01
  0.1758E+01
  0.1704E+01
  0.1665E+01
  0.1579E+01
  0.1375E+01
  0.1282E+01
  0.1223E+01
  0.1172E+01
  0.1179E+01
  0.1232E+01
  0.1316E+01
  0.1401E+01
  0.1508E+01
  0.1614E+01
  0.1686E+01
  0.1710E+01
  0.1760E+01
  0.1804E+01
  0.1839E+01
  0.1864E+01
  0.1877E+01
  0.1894E+01
  0.1909E+01
  0.1919E+01
  0.1926E+01
  0.1928E+01
  0.1931E+01
  0.1934E+01
  0.1933E+01
  0.1935E+01
  0.1936E+01
  0.1937E+01
  0.1936E+01
  0.1931E+01
  0.1928E+01
  0.1926E+01
  0.1920E+01
  0.1911E+01
  0.1901E+01
  0.1887E+01
  0.1867E+01
  0.1855E+01
  0.1823E+01
  0.1787E+01
  0.1766E+01
  0.1734E+01
  0.1667E+01
  0.1578E+01
  0.1530E+01
  0.1437E+01
  0.1293E+01
  0.1262E+01
  0.1193E+01
  0.1177E+01
  0.1187E+01
  0.1236E+01
  0.1309E+01
  0.1362E+01
  0.1410E+01
  0.1456E+01
  0.1580E+01
  0.1651E+01
  0.1719E+01
  0.1762E+01
  0.1809E+01
  0.1835E+01
  0.1861E+01
  0.1879E+01
  0.1897E+01
  0.1901E+01
  0.1914E+01
  0.1923E+01
  0.1926E+01
  0.1928E+01
  0.1933E+01
  0.1934E+01
  0.1935E+01
  0.1936E+01
  0.1936E+01
  0.1935E+01
  0.1930E+01
  0.1927E+01
  0.1921E+01
  0.1918E+01
  0.1914E+01
  0.1902E+01
  0.1896E+01
  0.1888E+01
  0.1881E+01
  0.1862E+01
  0.1832E+01
  0.1823E+01
  0.1777E+01
  0.1724E+01
  0.1660E+01
  0.1624E+01
  0.1592E+01
  0.1492E+01
  0.1384E+01
  0.1331E+01
  0.1264E+01
  0.1200E+01
  0.1184E+01
  0.1173E+01
  0.1214E+01
  0.1298E+01
  0.1352E+01
  0.1465E+01
  0.1519E+01
  0.1548E+01
  0.1639E+01
  0.1718E+01
  0.1768E+01
  0.1809E+01
  0.1836E+01
  0.1858E+01
  0.1868E+01
  0.1886E+01
  0.1897E+01
  0.1902E+01
  0.1907E+01
  0.1912E+01
  0.1919E+01
  0.1923E+01
  0.1925E+01
  0.1929E+01
  0.1924E+01
  0.1928E+01
  0.1926E+01
  0.1922E+01
  0.1915E+01
  0.1914E+01
  0.1910E+01
  0.1902E+01
  0.1894E+01
  0.1875E+01
  0.1855E+01
  0.1846E+01
  0.1810E+01
  0.1770E+01
  0.1744E+01
  0.1716E+01
  0.1663E+01
  0.1615E+01
  0.1517E+01
  0.1407E+01
  0.1325E+01
  0.1225E+01
  0.1178E+01
  0.1168E+01
  0.1169E+01
  0.1209E+01
  0.1278E+01
  0.1367E+01
  0.1479E+01
  0.1591E+01
  0.1665E+01
  0.1720E+01
  0.1772E+01
  0.1810E+01
  0.1838E+01
  0.1846E+01
  0.1859E+01
  0.1877E+01
  0.1884E+01
  0.1898E+01
  0.1901E+01
  0.1906E+01
  0.1899E+01
  0.1902E+01
  0.1891E+01
  0.1899E+01
  0.1895E+01
  0.1904E+01
  0.1896E+01
  0.1893E+01
  0.1899E+01
  0.1892E+01
  0.1887E+01
  0.1889E+01
  0.1874E+01
  0.1861E+01
  0.1851E+01
  0.1833E+01
  0.1807E+01
  0.1794E+01
  0.1759E+01
  0.1708E+01
  0.1646E+01
  0.1511E+01
  0.1451E+01
  0.1353E+01
  0.1281E+01
  0.1216E+01
  0.1169E+01
  0.1169E+01
  0.1191E+01
  0.1253E+01
  0.1283E+01
  0.1380E+01
  0.1477E+01
  0.1567E+01
  0.1639E+01
  0.1702E+01
  0.1743E+01
  0.1774E+01
  0.1784E+01
  0.1822E+01
  0.1830E+01
  0.1840E+01
  0.1851E+01
  0.1854E+01
  0.1863E+01
  0.1856E+01
  0.1861E+01
  0.1849E+01
  0.1848E+01
  0.1819E+01
  0.1808E+01
  0.1818E+01
  0.1817E+01
  0.1822E+01
  0.1807E+01
  0.1842E+01
  0.1822E+01
  0.1848E+01
  0.1829E+01
  0.1827E+01
  0.1808E+01
  0.1775E+01
  0.1744E+01
  0.1714E+01
  0.1703E+01
  0.1647E+01
  0.1628E+01
  0.1572E+01
  0.1543E+01
  0.1459E+01
  0.1361E+01
  0.1329E+01
  0.1252E+01
  0.1188E+01
  0.1170E+01
  0.1154E+01
  0.1178E+01
  0.1231E+01
  0.1315E+01
  0.1365E+01
  0.1455E+01
  0.1492E+01
  0.1577E+01
  0.1628E+01
  0.1642E+01
  0.1688E+01
  0.1704E+01
  0.1725E+01
  0.1746E+01
  0.1766E+01
  0.1764E+01
  0.1750E+01
  0.1783E+01
  0.1788E+01
  0.1780E+01
  0.1788E+01
  0.1784E+01
  0.1784E+01
  0.1780E+01
  0.1762E+01
  0.1732E+01
  0.1734E+01
  0.1725E+01
  0.1711E+01
  0.1692E+01
  0.1726E+01
  0.1727E+01
  0.1766E+01
  0.1760E+01
  0.1738E+01
  0.1719E+01
  0.1679E+01
  0.1673E+01
  0.1642E+01
  0.1623E+01
  0.1584E+01
  0.1509E+01
  0.1462E+01
  0.1419E+01
  0.1331E+01
  0.1252E+01
  0.1196E+01
  0.1154E+01
  0.1140E+01
  0.1215E+01
  0.1306E+01
  0.1376E+01
  0.1457E+01
  0.1519E+01
  0.1547E+01
  0.1583E+01
  0.1594E+01
  0.1626E+01
  0.1628E+01
  0.1647E+01
  0.1643E+01
  0.1646E+01
  0.1646E+01
  0.1662E+01
  0.1672E+01
  0.1682E+01
  0.1646E+01
  0.1614E+01
  0.1631E+01
  0.1614E+01
  0.1583E+01
  0.1589E+01
  0.1581E+01
  0.1619E+01
  0.1644E+01
  0.1664E+01
  0.1644E+01
  0.1656E+01
  0.1654E+01
  0.1616E+01
  0.1581E+01
  0.1564E+01
  0.1555E+01
  0.1543E+01
  0.1475E+01
  0.1431E+01
  0.1404E+01
  0.1340E+01
  0.1261E+01
  0.1209E+01
  0.1136E+01
  0.1115E+01
  0.1159E+01
  0.1221E+01
  0.1289E+01
  0.1343E+01
  0.1368E+01
  0.1438E+01
  0.1477E+01
  0.1474E+01
  0.1503E+01
  0.1512E+01
  0.1513E+01
  0.1566E+01
  0.1518E+01
  0.1568E+01
  0.1576E+01
  0.1544E+01
  0.1603E+01
  0.1595E+01
  0.1560E+01
  0.1526E+01
  0.1521E+01
  0.1512E+01
  0.1486E+01
  0.1475E+01
  0.1496E+01
  0.1498E+01
  0.1487E+01
  0.1501E+01
  0.1524E+01
  0.1528E+01
  0.1508E+01
  0.1470E+01
  0.1467E+01
  0.1445E+01
  0.1469E+01
  0.1427E+01
  0.1428E+01
  0.1347E+01
  0.1330E+01
  0.1304E+01
  0.1260E+01
  0.1222E+01
  0.1191E+01
  0.1150E+01
  0.1110E+01
  0.1097E+01
  0.1164E+01
  0.1227E+01
  0.1287E+01
  0.1308E+01
  0.1347E+01
  0.1394E+01
  0.1406E+01
  0.1412E+01
  0.1404E+01
  0.1432E+01
  0.1395E+01
  0.1443E+01
  0.1422E+01
  0.1439E+01
  0.1480E+01
  0.1452E+01
  0.1454E+01
  0.1413E+01
  0.1418E+01
  0.1416E+01
  0.1371E+01
  0.1406E+01
  0.1371E+01
  0.1402E+01
  0.1411E+01
  0.1397E+01
  0.1429E+01
  0.1385E+01
  0.1382E+01
  0.1338E+01
  0.1368E+01
  0.1370E+01
  0.1336E+01
  0.1312E+01
  0.1267E+01
  0.1272E+01
  0.1242E+01
  0.1197E+01
  0.1145E+01
  0.1102E+01
  0.1093E+01
  0.1087E+01
  0.1127E+01
  0.1152E+01
  0.1189E+01
  0.1222E+01
  0.1247E+01
  0.1262E+01
  0.1270E+01
  0.1282E+01
  0.1304E+01
  0.1317E+01
  0.1325E+01
  0.1312E+01
  0.1303E+01
  0.1345E+01
  0.1321E+01
  0.1351E+01
  0.1330E+01
  0.1310E+01
  0.1332E+01
  0.1319E+01
  0.1284E+01
  0.1314E+01
  0.1292E+01
  0.1278E+01
  0.1291E+01
  0.1320E+01
  0.1296E+01
  0.1291E+01
  0.1309E+01
  0.1282E+01
  0.1265E+01
  0.1269E+01
  0.1281E+01
  0.1266E+01
  0.1281E+01
  0.1259E+01
  0.1248E+01
  0.1211E+01
  0.1216E+01
  0.1192E+01
  0.1175E+01
  0.1138E+01
  0.1096E+01
  0.1085E+01
  0.1066E+01
  0.1077E+01
  0.1122E+01
  0.1135E+01
  0.1161E+01
  0.1167E+01
  0.1189E+01
  0.1208E+01
  0.1226E+01
  0.1230E+01
  0.1249E+01
  0.1242E+01
  0.1246E+01
  0.1224E+01
  0.1252E+01
  0.1256E+01
  0.1239E+01
  0.1215E+01
  0.1257E+01
  0.1224E+01
  0.1235E+01
  0.1233E+01
  0.1217E+01
  0.1228E+01
  0.1243E+01
  0.1216E+01
  0.1220E+01
  0.1246E+01
  0.1251E+01
  0.1236E+01
  0.1218E+01
  0.1233E+01
  0.1231E+01
  0.1206E+01
  0.1210E+01
  0.1221E+01
  0.1193E+01
  0.1216E+01
  0.1193E+01
  0.1181E+01
  0.1167E+01
  0.1166E+01
  0.1157E+01
  0.1122E+01
  0.1082E+01
  0.1065E+01
  0.1051E+01
  0.1072E+01
  0.1110E+01
  0.1129E+01
  0.1118E+01
  0.1129E+01
  0.1132E+01
  0.1143E+01
  0.1164E+01
  0.1150E+01
  0.1148E+01
  0.1162E+01
  0.1171E+01
  0.1149E+01
  0.1149E+01
  0.1164E+01
  0.1173E+01
  0.1182E+01
  0.1162E+01
  0.1174E+01
  0.1145E+01
  0.1148E+01
  0.1144E+01
  0.1171E+01
  0.1168E+01
  0.1146E+01
  0.1167E+01
  0.1171E+01
  0.1153E+01
  0.1164E+01
  0.1178E+01
  0.1168E+01
  0.1147E+01
  0.1135E+01
  0.1143E+01
  0.1148E+01
  0.1130E+01
  0.1128E+01
  0.1136E+01
  0.1126E+01
  0.1116E+01
  0.1096E+01
  0.1067E+01
  0.1050E+01
  0.1024E+01
  0.1040E+01
  0.1058E+01
  0.1088E+01
  0.1075E+01
  0.1092E+01
  0.1079E+01
  0.1097E+01
  0.1084E+01
  0.1093E+01
  0.1105E+01
  0.1088E+01
  0.1087E+01
  0.1085E+01
  0.1089E+01
  0.1109E+01
  0.1112E+01
  0.1113E+01
  0.1101E+01
  0.1104E+01
  0.1100E+01
  0.1104E+01
  0.1109E+01
  0.1094E+01
  0.1089E+01
  0.1102E+01
  0.1099E+01
  0.1085E+01
  0.1083E+01
  0.1101E+01
  0.1096E+01
  0.1111E+01
  0.1121E+01
  0.1102E+01
  0.1105E+01
  0.1108E+01
  0.1104E+01
  0.1084E+01
  0.1095E+01
  0.1083E+01
  0.1088E+01
  0.1085E+01
  0.1069E+01
  0.1078E+01
  0.1050E+01
  0.1025E+01
  0.9909E+00
  0.1007E+01
  0.1024E+01
  0.1028E+01
  0.1018E+01
  0.1030E+01
  0.1029E+01
  0.1030E+01
  0.1057E+01
  0.1050E+01
  0.1060E+01
  0.1057E+01
  0.1038E+01
  0.1053E+01
  0.1053E+01
  0.1056E+01
  0.1060E+01
  0.1059E+01
  0.1060E+01
  0.1030E+01
  0.1035E+01
  0.1031E+01
  0.1047E+01
  0.1036E+01
  0.1040E+01
  0.1041E+01
  0.1038E+01
  0.1030E+01
  0.1062E+01
  0.1050E+01
  0.1047E+01
  0.1034E+01
  0.1045E+01
  0.1048E+01
  0.1034E+01
  0.1041E+01
  0.1026E+01
  0.1032E+01
  0.1031E+01
  0.1015E+01
  0.1013E+01
  0.9903E+00
  0.9435E+00
  0.9588E+00
  0.9758E+00
  0.9830E+00
  0.9807E+00
  0.9709E+00
  0.9814E+00
  0.9895E+00
  0.9849E+00
  0.9883E+00
  0.9799E+00
  0.9924E+00
  0.9854E+00
  0.9935E+00
  0.9649E+00
  0.9761E+00
  0.9735E+00
  0.9684E+00
  0.9683E+00
  0.9635E+00
  0.9911E+00
  0.9767E+00
  0.9818E+00
  0.9743E+00
  0.9793E+00
  0.9622E+00
  0.9671E+00
  0.9586E+00
  0.9813E+00
  0.9770E+00
  0.9603E+00
  0.9715E+00
  0.9555E+00
  0.9597E+00
  0.9849E+00
  0.9550E+00
  0.9776E+00
  0.9881E+00
  0.9590E+00
  0.9693E+00
  0.9681E+00
  0.9612E+00
  0.9702E+00
  0.9444E+00
  0.8691E+00
  0.8705E+00
  0.8725E+00
  0.8748E+00
  0.8771E+00
  0.8795E+00
  0.8820E+00
  0.8845E+00
  0.8870E+00
  0.8898E+00
  0.8925E+00
  0.8943E+00
  0.8959E+00
  0.8972E+00
  0.8988E+00
  0.9003E+00
  0.9019E+00
  0.9034E+00
  0.9043E+00
  0.9046E+00
  0.9050E+00
  0.9052E+00
  0.9049E+00
  0.9045E+00
  0.9045E+00
  0.9049E+00
  0.9055E+00
  0.9058E+00
  0.9060E+00
  0.9065E+00
  0.9070E+00
  0.9073E+00
  0.9072E+00
  0.9067E+00
  0.9062E+00
  0.9059E+00
  0.9057E+00
  0.9056E+00
  0.9056E+00
  0.9051E+00
  0.9040E+00
  0.9029E+00
  0.9024E+00
  0.9024E+00
  0.9024E+00
  0.9021E+00
  0.9019E+00
  0.9022E+00
  0.9024E+00
  0.9023E+00
  0.9019E+00
  0.9014E+00
  0.9008E+00
  0.9007E+00
  0.9007E+00
  0.9004E+00
  0.8999E+00
  0.8993E+00
  0.8979E+00
  0.8961E+00
  0.8948E+00
  0.8941E+00
  0.8935E+00
  0.8926E+00
  0.8919E+00
  0.8909E+00
  0.8896E+00
  0.8885E+00
  0.8871E+00
  0.8857E+00
  0.8846E+00
  0.8833E+00
  0.8818E+00
  0.8803E+00
  0.8784E+00
  0.8764E+00
  0.8745E+00
  0.8726E+00
  0.8705E+00
  0.8692E+00
  0.1033E+01
  0.1044E+01
  0.1180E+01
  0.1184E+01
  0.1109E+01
  0.1174E+01
  0.1318E+01
  0.1317E+01
  0.1307E+01
  0.1077E+01
  0.1374E+01
  0.1259E+01
  0.1355E+01
  0.1123E+01
  0.1317E+01
  0.1350E+01
  0.1516E+01
  0.1521E+01
  0.1529E+01
  0.1520E+01
  0.1520E+01
  0.1475E+01
  0.1464E+01
  0.1452E+01
  0.1247E+01
  0.1549E+01
  0.1459E+01
SCALARS sediment_flux float 1
LOOKUP_TABLE default
  0.1722E+03
  0.9917E+03
  0.4535E+03
  0.7437E+03
  0.4719E+04
  0.6912E+03
  0.2204E+05
  0.1806E+04
  0.7018E+03
  0.1125E+05
  0.9989E+03
  0.2286E+04
  0.4892E+04
  0.7276E+03
  0.9449E+05
  0.9864E+03
  0.3512E+04
  0.7860E+03
  0.1761E+04
  0.4006E+05
  0.7316E+03
  0.4757E+03
  0.8027E+03
  0.6538E+04
  0.7359E+03
  0.1218E+06
  0.8677E+03
  0.4917E+03
  0.8509E+03
  0.1270E+05
  0.7220E+03
  0.2148E+04
  0.1139E+04
  0.6321E+03
  0.1964E+06
  0.6150E+03
  0.4411E+04
  0.7608E+03
  0.4823E+03
  0.7373E+03
  0.8925E+05
  0.9503E+03
  0.6435E+04
  0.7453E+03
  0.4184E+04
  0.7373E+03
  0.7988E+05
  0.6913E+03
  0.5992E+04
  0.1030E+04
  0.1680E+04
  0.1149E+06
  0.7132E+03
  0.3523E+04
  0.6758E+03
  0.3536E+05
  0.1077E+04
  0.4255E+04
  0.6272E+03
  0.7606E+05
  0.5280E+03
  0.7573E+03
  0.4927E+04
  0.6964E+03
  0.6152E+05
  0.7817E+03
  0.4704E+03
  0.7773E+03
  0.1110E+05
  0.7415E+03
  0.6258E+03
  0.4384E+05
  0.7565E+03
  0.3758E+04
  0.7169E+03
  0.7416E+04
  0.6595E+03
  0.2201E+04
  0.1028E+04
  0.1722E+03
  0.1262E+04
  0.2997E+03
  0.4245E+04
  0.2151E+05
  0.1156E+04
  0.1067E+05
  0.1872E+04
  0.4164E+04
  0.9395E+05
  0.2946E+04
  0.8682E+03
  0.3959E+05
  0.7646E+03
  0.5987E+04
  0.1212E+06
  0.1266E+04
  0.1209E+05
  0.1659E+04
  0.9716E+03
  0.1959E+06
  0.3966E+04
  0.8001E+03
  0.8879E+05
  0.5851E+04
  0.3573E+04
  0.7940E+05
  0.5430E+04
  0.1251E+04
  0.1141E+06
  0.3130E+04
  0.3474E+05
  0.3822E+04
  0.7560E+05
  0.7361E+05
  0.4427E+04
  0.6098E+05
  0.5932E+03
  0.1057E+05
  0.1091E+04
  0.4322E+05
  0.3211E+04
  0.6936E+04
  0.1746E+04
  0.8429E+03
  0.4426E+04
  0.2666E+04
  0.1567E+04
  0.1902E+05
  0.7843E+04
  0.8306E+03
  0.7050E+03
  0.1680E+04
  0.1013E+04
  0.3527E+05
  0.6432E+03
  0.3254E+04
  0.1431E+04
  0.1155E+06
  0.2146E+04
  0.2137E+04
  0.1901E+06
  0.2596E+04
  0.1420E+04
  0.6668E+03
  0.8512E+05
  0.4193E+04
  0.1891E+04
  0.7636E+05
  0.3646E+04
  0.1565E+04
  0.1119E+06
  0.3310E+05
  0.1599E+04
  0.1609E+04
  0.7236E+05
  0.1907E+04
  0.5694E+05
  0.6440E+03
  0.7675E+04
  0.3039E+03
  0.3974E+05
  0.7605E+03
  0.4427E+04
  0.1298E+04
  0.3923E+04
  0.4488E+04
  0.2371E+04
  0.1441E+04
  0.1545E+04
  0.1346E+05
  0.4494E+04
  0.7485E+03
  0.1476E+04
  0.8976E+05
  0.4393E+03
  0.3823E+04
  0.1620E+04
  0.1556E+04
  0.4550E+03
  0.1094E+06
  0.3076E+04
  0.6566E+04
  0.1961E+03
  0.7066E+03
  0.1870E+06
  0.6283E+04
  0.5394E+03
  0.8873E+03
  0.1764E+04
  0.7933E+05
  0.1642E+04
  0.1689E+04
  0.6305E+03
  0.8001E+03
  0.8104E+05
  0.3974E+03
  0.4152E+03
  0.2906E+05
  0.4310E+03
  0.7060E+03
  0.2133E+04
  0.5327E+05
  0.5621E+03
  0.5154E+04
  0.1132E+04
  0.3445E+05
  0.2638E+03
  0.1311E+04
  0.9916E+03
  0.1212E+04
  0.2140E+04
  0.3879E+04
  0.1682E+04
  0.8869E+03
  0.2714E+04
  0.6626E+03
  0.9403E+03
  0.2432E+05
  0.5894E+05
  0.6134E+03
  0.2523E+05
  0.3456E+03
  0.2571E+04
  0.9867E+05
  0.8425E+04
  0.3339E+04
  0.1875E+04
  0.1763E+06
  0.1857E+04
  0.4333E+03
  0.1158E+04
  0.7503E+05
  0.5638E+03
  0.4841E+03
  0.9206E+03
  0.7225E+05
  0.9787E+03
  0.1263E+04
  0.7723E+05
  0.2810E+05
  0.2222E+04
  0.2375E+05
  0.4042E+03
  0.5365E+04
  0.6742E+05
  0.4971E+05
  0.6692E+03
  0.2678E+04
  0.2982E+04
  0.5533E+04
  0.3877E+03
  0.1526E+04
  0.4871E+03
  0.1094E+04
  0.6447E+04
  0.5485E+04
  0.3444E+03
  0.9572E+03
  0.7320E+04
  0.1371E+04
  0.2179E+04
  0.6018E+03
  0.5622E+05
  0.5410E+03
  0.1030E+04
  0.1662E+04
  0.3806E+03
  0.2489E+04
  0.7292E+05
  0.2089E+05
  0.5377E+04
  0.4966E+03
  0.8508E+03
  0.1148E+04
  0.1711E+06
  0.2301E+04
  0.9571E+03
  0.1671E+04
  0.6785E+05
  0.1774E+04
  0.7892E+03
  0.2530E+04
  0.6369E+05
  0.4307E+03
  0.2826E+04
  0.2827E+03
  0.2377E+05
  0.1797E+05
  0.1914E+04
  0.3505E+04
  0.1327E+05
  0.4473E+05
  0.9551E+03
  0.2063E+05
  0.2349E+05
  0.6009E+03
  0.1430E+04
  0.2257E+05
  0.8815E+03
  0.7498E+03
  0.5431E+04
  0.8822E+04
  0.9426E+04
  0.1860E+04
  0.4918E+03
  0.1810E+04
  0.6150E+03
  0.1425E+04
  0.8370E+03
  0.1124E+04
  0.1610E+05
  0.4793E+05
  0.2766E+04
  0.4828E+03
  0.1780E+05
  0.1155E+04
  0.1118E+05
  0.5477E+03
  0.1840E+05
  0.3175E+04
  0.4803E+04
  0.1249E+06
  0.4074E+05
  0.1716E+04
  0.2860E+04
  0.5716E+05
  0.1714E+04
  0.1327E+04
  0.5903E+05
  0.6879E+05
  0.4228E+04
  0.1559E+05
  0.1585E+05
  0.3280E+03
  0.5151E+04
  0.5328E+04
  0.7625E+03
  0.1576E+04
  0.1676E+05
  0.1986E+04
  0.4210E+03
  0.1625E+04
  0.1948E+05
  0.5002E+03
  0.1589E+04
  0.1673E+04
  0.3656E+04
  0.5420E+04
  0.4453E+04
  0.2566E+04
  0.1655E+04
  0.7472E+04
  0.2009E+04
  0.4773E+03
  0.2332E+04
  0.8056E+04
  0.3586E+05
  0.6739E+04
  0.1314E+04
  0.1021E+05
  0.1347E+04
  0.4876E+04
  0.5468E+05
  0.1258E+04
  0.1423E+05
  0.8686E+03
  0.1109E+05
  0.3793E+03
  0.6921E+03
  0.5188E+03
  0.5056E+05
  0.3513E+04
  0.4602E+03
  0.4994E+05
  0.3677E+04
  0.1082E+05
  0.1403E+04
  0.1889E+04
  0.1083E+05
  0.2283E+04
  0.2783E+04
  0.3760E+05
  0.5984E+03
  0.1588E+05
  0.4464E+04
  0.5294E+03
  0.1100E+05
  0.2139E+04
  0.1179E+04
  0.3136E+04
  0.9083E+04
  0.9507E+04
  0.2173E+04
  0.5410E+05
  0.1288E+05
  0.7349E+03
  0.2188E+04
  0.1801E+04
  0.2351E+04
  0.2806E+05
  0.3923E+04
  0.6041E+04
  0.2032E+04
  0.9580E+04
  0.1890E+04
  0.9702E+03
  0.8287E+03
  0.6189E+04
  0.1030E+06
  0.2740E+05
  0.3731E+04
  0.1373E+04
  0.4461E+05
  0.7278E+03
  0.2718E+04
  0.3483E+05
  0.2071E+04
  0.1533E+04
  0.4624E+05
  0.3993E+04
  0.1108E+04
  0.3833E+04
  0.6998E+03
  0.7742E+03
  0.1616E+05
  0.1430E+05
  0.1267E+04
  0.7312E+04
  0.1812E+04
  0.2815E+04
  0.1489E+04
  0.1239E+04
  0.1783E+04
  0.1088E+04
  0.6709E+04
  0.1237E+04
  0.9248E+03
  0.1947E+04
  0.1190E+06
  0.1307E+04
  0.9565E+04
  0.1458E+04
  0.1533E+05
  0.3232E+04
  0.3838E+03
  0.1385E+04
  0.6315E+04
  0.3617E+05
  0.1816E+04
  0.5771E+04
  0.2500E+03
  0.4698E+04
  0.6229E+05
  0.2148E+05
  0.1117E+04
  0.1349E+04
  0.3026E+05
  0.7372E+03
  0.1199E+04
  0.5547E+03
  0.3002E+04
  0.5328E+04
  0.6156E+04
  0.2056E+05
  0.4130E+04
  0.8965E+03
  0.2259E+04
  0.3206E+04
  0.1061E+04
  0.4107E+04
  0.9356E+04
  0.3536E+04
  0.8029E+03
  0.1391E+04
  0.9570E+03
  0.6189E+04
  0.1315E+04
  0.3519E+03
  0.1214E+04
  0.1293E+06
  0.1288E+06
  0.1273E+06
  0.1616E+04
  0.4685E+05
  0.3909E+03
  0.3791E+04
  0.3146E+04
  0.1495E+04
  0.4046E+04
  0.3610E+04
  0.6669E+03
  0.5376E-03
  0.1130E+04
  0.1218E+04
  0.2028E+05
  0.3105E+04
  0.2908E+03
  0.6726E+03
  0.1719E+04
  0.2629E+05
  0.3818E+04
  0.7584E+03
  0.9469E+04
  0.1743E+04
  0.4305E+04
  0.4079E+04
  0.1363E+04
  0.1914E+05
  0.8223E+03
  0.3282E+04
  0.7282E+03
  0.2018E+04
  0.5179E+03
  0.1174E-02
  0.2537E+03
  0.1968E+03
  0.6600E+04
  0.8684E+03
  0.1632E+04
  0.5008E+04
  0.4331E+03
  0.1363E+03
  0.4198E+04
  0.1827E+05
  0.3330E+05
  0.4839E+05
  0.5588E+05
  0.5828E+05
  0.5873E+05
  0.1833E+04
  0.4006E+04
  0.5305E+03
  0.3981E+03
  0.2107E+04
  0.2843E+05
  0.1900E+05
  0.5280E+04
  0.1419E+03
  0.6767E+03
  0.1350E-02
  0.6414E-02
  0.2252E-02
  0.4287E+04
  0.4211E+04
  0.1169E+04
  0.1301E+04
  0.6344E+04
  0.1827E+04
  0.4958E+05
  0.1964E+04
  0.8927E+03
  0.7227E+04
  0.1183E+03
  0.8547E+03
  0.4895E+03
  0.1153E+04
  0.4652E+02
  0.1128E+05
  0.4035E-03
  0.1776E+04
  0.8792E+04
  0.8258E-03
  0.3893E-02
  0.2512E+02
  0.1494E+02
  0.1395E-02
  0.9737E-03
  0.1596E-02
  0.4097E-02
  0.1275E+04
  0.6861E+04
  0.8476E+04
  0.1789E+04
  0.7873E+03
  0.9892E+03
  0.3627E+03
  0.9507E+03
  0.1873E+04
  0.3765E+03
  0.4422E+03
  0.8950E+03
  0.1584E+04
  0.3258E+04
  0.5286E+03
  0.2720E+04
  0.1547E-02
  0.6570E-02
  0.1524E-02
  0.1136E-02
  0.8021E+03
  0.5006E+03
  0.1211E-02
  0.1700E+04
  0.5692E+04
  0.4147E+05
  0.2687E+04
  0.5751E-03
  0.4679E+03
  0.3185E+03
  0.1548E-02
  0.4282E-02
  0.2898E-02
  0.3558E+04
  0.2851E+03
  0.1742E-02
  0.2974E-02
  0.2627E+04
  0.1175E-02
  0.1257E-02
  0.4048E-02
  0.1206E-02
  0.6937E-02
  0.1505E-01
  0.7817E-02
  0.1865E-02
  0.3203E-02
  0.8069E+03
  0.3783E+04
  0.2326E+04
  0.1234E+04
  0.4167E+03
  0.3631E+03
  0.1233E+04
  0.1428E+04
  0.1072E+04
  0.3149E+04
  0.9523E+03
  0.1211E+04
  0.3705E+04
  0.2831E+04
  0.4884E+03
  0.9150E-03
  0.7206E-02
  0.1540E-02
  0.3831E-02
  0.1036E-02
  0.3013E-02
  0.2883E-02
  0.7764E-02
  0.4424E-02
  0.8498E-03
  0.7116E-03
  0.4018E-02
  0.4704E-03
  0.4278E-02
  0.3264E+02
  0.8174E-02
  0.3158E-02
  0.1241E-02
  0.1491E+03
  0.7321E-02
  0.7450E-03
  0.6511E-02
  0.3069E+03
  0.1274E-02
  0.5544E-02
  0.1648E-02
  0.1342E-02
  0.3644E-02
  0.3271E-02
  0.1062E-02
  0.1078E-02
  0.6435E-02
  0.9285E-03
  0.1224E+04
  0.2263E+04
  0.1426E+05
  0.2295E+05
  0.2834E+05
  0.3144E+05
  0.3223E+05
  0.6119E+05
  0.6012E+05
  0.4892E+05
  0.4278E+05
  0.2603E+05
  0.1371E+05
  0.2896E+04
  0.1001E-02
  0.1646E-02
  0.1218E-02
  0.9875E-02
  0.1280E-02
  0.2215E-02
  0.6681E-03
  0.4669E-02
  0.5606E-03
  0.3190E-02
  0.1480E-02
  0.1660E-02
  0.4466E-02
  0.8502E-03
  0.1146E-02
  0.1521E-02
  0.1339E-02
  0.3424E-02
  0.1425E-02
  0.2669E-02
  0.3465E-02
  0.1265E-02
  0.5801E-02
  0.1302E-02
  0.1060E-01
  0.1623E-02
  0.1096E-02
  0.1981E-02
  0.1087E-02
  0.9507E-02
  0.1209E-02
  0.1578E-02
  0.1050E-02
  0.1521E+04
  0.2476E+04
  0.6554E+04
  0.1399E+04
  0.3344E+04
  0.4913E+04
  0.7024E+04
  0.7480E+04
  0.1801E+04
  0.7453E+03
  0.1172E+04
  0.1534E+04
  0.5271E+04
  0.8337E+03
  0.4774E+04
  0.1310E-02
  0.6045E-02
  0.4051E-02
  0.1154E-02
  0.3601E-01
  0.1142E-02
  0.7412E-02
  0.2187E-02
  0.3853E-02
  0.7547E-02
  0.5090E-02
  0.1109E-02
  0.1224E-02
  0.4124E-02
  0.1666E-02
  0.4089E-02
  0.7192E-02
  0.1357E-02
  0.1540E-02
  0.9840E-03
  0.4754E-02
  0.1886E-02
  0.1212E-02
  0.8928E-03
  0.5605E-02
  0.9413E-02
  0.1711E-02
  0.1284E-02
  0.5262E-02
  0.1685E-02
  0.1246E-01
  0.5226E+03
  0.1046E+04
  0.1437E+04
  0.1172E+04
  0.7403E+03
  0.1469E+04
  0.2208E+04
  0.3779E+04
  0.3083E+04
  0.1532E+04
  0.1811E+04
  0.2072E+04
  0.1033E+04
  0.1675E+04
  0.5426E-02
  0.1998E-02
  0.1396E-02
  0.8628E-03
  0.1600E-02
  0.2901E-01
  0.7409E-03
  0.3389E-02
  0.1260E-02
  0.2197E-02
  0.3658E-02
  0.1329E-02
  0.6715E-02
  0.3490E-02
  0.1410E-02
  0.1845E-02
  0.6737E-02
  0.1241E-02
  0.1500E-02
  0.1177E-02
  0.1906E-02
  0.5578E-02
  0.5769E-02
  0.8964E-02
  0.6764E-03
  0.4466E-02
  0.1331E-02
  0.5659E-02
  0.7685E-03
  0.4400E-02
  0.1140E-02
  0.7709E-02
  0.2640E-02
  0.3546E-02
  0.5142E-02
  0.1034E+04
  0.4390E+04
  0.1860E+05
  0.1629E+04
  0.2121E+04
  0.1070E+04
  0.3793E+04
  0.3345E+04
  0.6330E+03
  0.3156E+04
  0.1246E+05
  0.5980E+04
  0.4965E+03
  0.1274E+03
  0.1768E-02
  0.1614E-02
  0.1634E-02
  0.8091E-02
  0.1126E-02
  0.2658E-01
  0.1237E-02
  0.1212E-02
  0.1541E-02
  0.2216E-02
  0.8454E-03
  0.7128E-03
  0.1495E-02
  0.1603E-02
  0.1159E-02
  0.5978E-02
  0.7712E-02
  0.1344E-02
  0.1331E-02
  0.1374E-02
  0.1090E-02
  0.9120E-02
  0.1505E-01
  0.1531E-02
  0.1099E-02
  0.1596E-02
  0.2434E-02
  0.1810E-02
  0.1616E-02
  0.6934E-03
  0.2411E-02
  0.9743E-03
  0.2024E+04
  0.1380E+04
  0.2426E+05
  0.3405E+05
  0.6055E+05
  0.6588E+05
  0.6717E+05
  0.1881E+04
  0.6436E+03
  0.5876E+05
  0.4995E+05
  0.6246E+04
  0.1710E+04
  0.1595E-02
  0.6747E-02
  0.2502E-02
  0.1016E-02
  0.1703E-02
  0.2444E-01
  0.2631E-02
  0.1307E-01
  0.5813E-02
  0.3309E-02
  0.1488E-02
  0.4008E-02
  0.9549E-03
  0.5261E-02
  0.1277E-02
  0.2671E-02
  0.9112E-02
  0.1206E-01
  0.1465E-01
  0.1209E-01
  0.5725E-02
  0.3818E-02
  0.1316E-02
  0.3005E-02
  0.1180E-02
  0.2736E-02
  0.9920E-03
  0.6209E-02
  0.1571E-02
  0.1060E-02
  0.5683E-02
  0.8251E-03
  0.8776E-02
  0.4959E-02
  0.7743E-02
  0.2915E-02
  0.3955E+03
  0.1907E+04
  0.1217E+05
  0.1953E+05
  0.5499E+03
  0.4747E+04
  0.5298E+04
  0.6984E+05
  0.6877E+05
  0.3956E+04
  0.9149E+03
  0.2488E+05
  0.5447E+03
  0.1039E+04
  0.1301E-02
  0.5271E-02
  0.1032E-02
  0.1404E-02
  0.8711E-03
  0.2137E-01
  0.1148E-02
  0.1595E-02
  0.1241E-02
  0.8078E-02
  0.1401E-02
  0.1325E-02
  0.2891E-02
  0.8908E-03
  0.1143E-02
  0.1110E-02
  0.1541E-02
  0.6618E-02
  0.1704E-02
  0.1583E-02
  0.6034E-02
  0.2411E-02
  0.1994E-02
  0.1361E-02
  0.4510E-02
  0.1830E-02
  0.3568E-02
  0.1076E-02
  0.5776E-02
  0.1099E-02
  0.1992E-02
  0.7872E-03
  0.1569E+04
  0.4131E+04
  0.1062E+04
  0.1087E+04
  0.1533E+04
  0.2512E+04
  0.1381E+04
  0.2238E+04
  0.1857E+04
  0.5318E+03
  0.1803E+04
  0.6831E+03
  0.2718E+04
  0.1363E+04
  0.5370E+04
  0.5434E-02
  0.1823E-02
  0.1294E-02
  0.1704E-02
  0.5742E-02
  0.1489E-02
  0.4432E-02
  0.4104E-02
  0.1727E-02
  0.5559E-02
  0.1975E-02
  0.1427E-02
  0.4440E-02
  0.2434E-02
  0.1902E-02
  0.1464E-02
  0.6961E-02
  0.4538E-02
  0.9103E-03
  0.6868E-02
  0.1093E-02
  0.9767E-02
  0.3470E-02
  0.1505E-02
  0.2029E-02
  0.1342E-02
  0.9957E-02
  0.7920E-03
  0.7873E-02
  0.1970E-02
  0.1631E-02
  0.1297E-02
  0.1391E+04
  0.6618E+04
  0.4215E+03
  0.2044E+04
  0.4903E+03
  0.1498E+04
  0.9820E+04
  0.8755E+04
  0.6851E+04
  0.5338E+04
  0.2566E+04
  0.1611E+04
  0.4823E+03
  0.1375E+04
  0.1259E-02
  0.1541E-01
  0.5057E-02
  0.1254E-02
  0.1213E-02
  0.8239E-03
  0.1535E-02
  0.3848E-02
  0.8040E-03
  0.4660E-02
  0.1570E-02
  0.9723E-03
  0.9222E-02
  0.6440E-02
  0.1457E-02
  0.1669E-02
  0.2307E-02
  0.5571E-02
  0.1742E-02
  0.2364E-02
  0.5015E-02
  0.5249E-02
  0.2419E-02
  0.3767E-02
  0.3094E-02
  0.1473E-02
  0.1628E-02
  0.1430E-02
  0.7449E-02
  0.2698E-02
  0.9127E-02
  0.6620E+03
  0.5787E+04
  0.3288E+05
  0.8535E+03
  0.4089E+03
  0.3820E+04
  0.4323E+04
  0.1053E+05
  0.8578E+04
  0.6108E+04
  0.3905E+04
  0.2363E+04
  0.1268E+04
  0.9422E-02
  0.1921E-02
  0.7119E-02
  0.1838E-02
  0.6944E-02
  0.3502E-02
  0.1407E-02
  0.5737E-02
  0.1128E-01
  0.1812E-02
  0.1470E-02
  0.3201E-02
  0.1092E-02
  0.1775E-02
  0.8761E-03
  0.2579E-02
  0.2001E-02
  0.5643E-02
  0.1536E-02
  0.1382E-02
  0.1683E-02
  0.8068E-02
  0.1162E-02
  0.7705E-03
  0.1901E-02
  0.9547E-02
  0.1448E-01
  0.4332E-02
  0.1587E-01
  0.5030E-02
  0.8623E-03
  0.3819E-02
  0.4744E-02
  0.1773E-02
  0.1046E-02
  0.3256E-02
  0.8234E-03
  0.8699E+03
  0.2801E+04
  0.1145E+05
  0.5250E+05
  0.6096E+05
  0.6455E+05
  0.6551E+05
  0.1447E+05
  0.1404E+05
  0.1226E+05
  0.8622E+04
  0.5280E+04
  0.4104E+04
  0.5948E-02
  0.2735E-02
  0.5147E-02
  0.1142E-02
  0.2903E-02
  0.1189E-02
  0.1613E-02
  0.2115E-02
  0.1458E-02
  0.5570E-02
  0.2467E-02
  0.2174E-02
  0.2937E-02
  0.1290E-02
  0.4724E-02
  0.1817E-02
  0.1156E-02
  0.1923E-02
  0.1453E-02
  0.1472E-02
  0.3009E-02
  0.1427E-02
  0.3116E-02
  0.9115E-03
  0.1967E-02
  0.8352E-03
  0.4725E-02
  0.8043E-02
  0.1674E-02
  0.7653E-03
  0.3028E-02
  0.1386E-02
  0.4575E-02
  0.3425E+04
  0.6022E+04
  0.1236E+04
  0.2210E+04
  0.1721E+04
  0.9570E+03
  0.1966E+04
  0.1135E+04
  0.1104E+05
  0.9709E+03
  0.1211E+04
  0.9129E+04
  0.5605E+03
  0.8312E-03
  0.2811E-02
  0.1684E-02
  0.1208E-02
  0.7964E-02
  0.1243E-02
  0.1809E-02
  0.1476E-02
  0.5993E-02
  0.4627E-02
  0.1204E-02
  0.7419E-02
  0.1571E-02
  0.9381E-03
  0.2720E-02
  0.9634E-03
  0.1265E-01
  0.2031E-02
  0.6902E-02
  0.3265E-02
  0.6776E-02
  0.1958E-02
  0.1392E-02
  0.1532E-02
  0.6985E-02
  0.7814E-03
  0.2170E-02
  0.1228E-02
  0.1448E-02
  0.2023E-02
  0.3311E-02
  0.1766E-02
  0.1533E-02
  0.5268E-03
  0.1330E+04
  0.4299E+04
  0.1751E+04
  0.1247E+04
  0.1095E+04
  0.1264E+04
  0.5301E+05
  0.5092E+05
  0.4711E+05
  0.1844E+05
  0.1446E+05
  0.1654E+04
  0.2697E-02
  0.1580E-02
  0.1307E-02
  0.8311E-02
  0.1520E-02
  0.2847E-02
  0.4435E-02
  0.1752E-02
  0.1769E-02
  0.1045E-01
  0.1157E-02
  0.8829E-02
  0.1712E-02
  0.1154E-02
  0.6837E-02
  0.5159E-02
  0.1751E-02
  0.6308E-02
  0.2515E-02
  0.2739E-02
  0.1667E-02
  0.9479E-03
  0.7855E-02
  0.1003E-02
  0.2467E-02
  0.2044E-02
  0.1198E-02
  0.1182E-01
  0.9546E-03
  0.4476E-02
  0.9120E-03
  0.4986E-02
  0.9611E-03
  0.6677E-02
  0.8404E-03
  0.3846E-02
  0.2021E+04
  0.5915E+04
  0.1954E+05
  0.2582E+05
  0.3263E+05
  0.3364E+05
  0.1660E+04
  0.4790E+03
  0.8412E+03
  0.2041E+05
  0.1410E+05
  0.3827E+04
  0.2400E+04
  0.1461E-02
  0.7394E-02
  0.7787E-03
  0.1954E-02
  0.1325E-02
  0.6947E-03
  0.1847E-02
  0.1484E-02
  0.6877E-02
  0.1296E-02
  0.1147E-02
  0.5433E-02
  0.1671E-02
  0.2514E-02
  0.1405E-01
  0.1208E-02
  0.2115E-02
  0.1614E-02
  0.1113E-02
  0.6491E-02
  0.1140E-02
  0.2611E-01
  0.9939E-02
  0.9913E-02
  0.4225E-02
  0.1164E-02
  0.1335E-02
  0.4154E-02
  0.1164E-02
  0.2251E-02
  0.6115E-02
  0.1251E-02
  0.1064E-02
  0.7346E+03
  0.3195E+04
  0.9693E+03
  0.8492E+03
  0.4942E+03
  0.1365E+04
  0.1767E+05
  0.1665E+05
  0.1165E+05
  0.9333E+04
  0.3260E+04
  0.3121E+04
  0.4241E+03
  0.1307E-02
  0.1316E-01
  0.2835E-02
  0.1814E-02
  0.1691E-02
  0.7322E-02
  0.1626E-02
  0.1976E-02
  0.1735E-02
  0.8248E-03
  0.1203E-02
  0.1907E-02
  0.1342E-02
  0.6653E-02
  0.1470E-02
  0.1739E-02
  0.7471E-02
  0.2020E-02
  0.8843E-03
  0.1232E-01
  0.5345E-02
  0.1668E-01
  0.1468E-02
  0.2431E-02
  0.9245E-02
  0.9559E-03
  0.1015E-01
  0.1324E-02
  0.1555E-02
  0.1253E-02
  0.2324E-02
  0.1415E-02
  0.1876E-02
  0.5417E+03
  0.2049E+04
  0.1685E+05
  0.2251E+05
  0.3904E+05
  0.4364E+05
  0.4442E+05
  0.1427E+04
  0.6974E+03
  0.1493E+04
  0.8641E+03
  0.1030E+04
  0.1189E+04
  0.4083E+03
  0.4919E+03
  0.8035E-03
  0.3806E-02
  0.8268E-02
  0.5416E-02
  0.2165E-01
  0.9415E-03
  0.9984E-03
  0.2931E-02
  0.2768E-02
  0.1116E-01
  0.5563E-02
  0.2922E-02
  0.6334E-02
  0.1680E-02
  0.1646E-02
  0.1583E-02
  0.6478E-02
  0.8451E-03
  0.2027E-02
  0.5277E-02
  0.8319E-03
  0.9293E-02
  0.1981E-02
  0.2824E-02
  0.1565E-02
  0.3467E-02
  0.4370E-02
  0.5278E-02
  0.2645E-02
  0.9542E-02
  0.1198E-02
  0.1166E-01
  0.2553E-02
  0.1430E+04
  0.8085E+04
  0.1080E+04
  0.6433E+04
  0.1054E+05
  0.1432E+04
  0.1075E+04
  0.4846E+03
  0.1244E+04
  0.1657E+04
  0.2358E+04
  0.8409E+03
  0.5746E+04
  0.5333E+04
  0.3304E+04
  0.2948E-02
  0.1729E-02
  0.1729E-02
  0.1703E-01
  0.1876E-01
  0.9498E-03
  0.4067E-02
  0.1723E-02
  0.4736E-02
  0.1673E-02
  0.2266E-02
  0.1772E-02
  0.1155E-02
  0.3989E-02
  0.1116E-02
  0.7443E-03
  0.3958E-02
  0.1222E-02
  0.1560E-02
  0.1390E-02
  0.5403E-02
  0.2892E-02
  0.6256E-02
  0.9424E-03
  0.5871E-02
  0.1788E-02
  0.1570E-02
  0.2123E-02
  0.7843E-03
  0.4402E-02
  0.2795E-02
  0.4252E-02
  0.1460E-02
  0.2649E+04
  0.1880E+04
  0.9027E+03
  0.3840E+03
  0.2021E+04
  0.3547E+04
  0.4678E+04
  0.4262E+04
  0.4001E+05
  0.3232E+05
  0.1825E+05
  0.1134E+04
  0.1335E-01
  0.1206E-02
  0.2036E-02
  0.1435E-01
  0.1175E-02
  0.4385E-02
  0.1289E-02
  0.3220E-02
  0.6462E-02
  0.1442E-01
  0.2053E-02
  0.3446E-02
  0.1059E-02
  0.8437E-02
  0.1769E-02
  0.7998E-03
  0.5968E-02
  0.2258E-02
  0.1004E-02
  0.4317E-02
  0.1812E-02
  0.2373E-02
  0.3680E-02
  0.2173E-02
  0.9900E-02
  0.1571E-02
  0.1268E-02
  0.1239E-02
  0.1347E-01
  0.9493E-03
  0.3531E-02
  0.8169E-02
  0.5357E-02
  0.1204E-02
  0.7189E+03
  0.3295E+04
  0.6573E+04
  0.1104E+05
  0.7089E+03
  0.1198E+04
  0.1947E+04
  0.7116E+05
  0.6968E+05
  0.6440E+05
  0.1880E+05
  0.1059E+05
  0.2711E+03
  0.7958E+04
  0.1075E+04
  0.5835E-02
  0.4973E-02
  0.1250E-01
  0.1843E-02
  0.1239E-02
  0.6300E-02
  0.2714E-02
  0.1117E-02
  0.8412E-02
  0.1578E-02
  0.3300E-02
  0.5259E-02
  0.1037E-01
  0.1648E-02
  0.1343E-02
  0.3378E-02
  0.4445E-02
  0.3686E-02
  0.1685E-02
  0.1247E-02
  0.5184E-02
  0.2011E-02
  0.1112E-02
  0.1936E-02
  0.2610E-02
  0.3634E-02
  0.5145E-02
  0.1626E-02
  0.1477E-02
  0.2029E-02
  0.1379E-02
  0.2582E-02
  0.1661E+04
  0.5024E+04
  0.8245E+04
  0.2203E+05
  0.4775E+05
  0.5238E+05
  0.5301E+05
  0.1764E+04
  0.1667E+04
  0.9760E+03
  0.3702E+04
  0.1745E+04
  0.5001E+04
  0.8631E+03
  0.4189E-02
  0.1099E-02
  0.1623E-02
  0.6426E-02
  0.5941E-02
  0.5997E-02
  0.2782E-02
  0.9726E-03
  0.3232E-02
  0.8211E-03
  0.1428E-02
  0.3442E-02
  0.8485E-03
  0.6274E-02
  0.3871E-02
  0.1337E-02
  0.1160E-02
  0.1368E-02
  0.1430E-01
  0.2623E-02
  0.2989E-02
  0.1743E-02
  0.1001E-02
  0.8318E-02
  0.2304E-02
  0.5092E-02
  0.3371E-02
  0.1855E-02
  0.1674E-02
  0.3866E-02
  0.1662E-02
  0.4469E-02
  0.1573E+04
  0.1222E+05
  0.1982E+05
  0.4736E+03
  0.1345E+04
  0.1030E+05
  0.8712E+04
  0.7139E+04
  0.5505E+04
  0.3271E+04
  0.1002E+04
  0.7976E+03
  0.1247E-02
  0.1161E-01
  0.3452E-02
  0.1270E-02
  0.1106E-02
  0.1052E-02
  0.1977E-02
  0.1276E-02
  0.4523E-02
  0.6706E-02
  0.1179E-02
  0.1815E-01
  0.1117E-02
  0.1036E-01
  0.7995E-02
  0.1373E-02
  0.4755E-02
  0.1136E-01
  0.9816E-03
  0.5707E-02
  0.3985E-02
  0.2723E-02
  0.9379E-03
  0.1846E-02
  0.4613E-02
  0.1188E-02
  0.9468E-02
  0.1585E-02
  0.1223E-02
  0.4621E-02
  0.6797E-03
  0.2899E-02
  0.1486E-02
  0.1089E-01
  0.1161E+04
  0.1827E+04
  0.1621E+04
  0.2572E+03
  0.2036E+04
  0.3132E+05
  0.2933E+05
  0.2506E+05
  0.2046E+05
  0.1432E+05
  0.2540E+04
  0.7987E-03
  0.1851E-02
  0.4768E-02
  0.1124E-01
  0.1523E-02
  0.4760E-02
  0.1410E-02
  0.4141E-02
  0.1774E-02
  0.2240E-02
  0.6299E-03
  0.1334E-01
  0.3461E-02
  0.1602E-01
  0.2527E-02
  0.1080E-02
  0.2825E-02
  0.7659E-03
  0.3239E-02
  0.6873E-02
  0.9938E-03
  0.3350E-02
  0.6136E-02
  0.1845E-02
  0.1157E-02
  0.1583E-02
  0.2760E-02
  0.8431E-02
  0.1066E-02
  0.1289E-02
  0.1237E-01
  0.4131E-02
  0.1957E-02
  0.9478E+03
  0.4821E+03
  0.4122E+04
  0.1688E+04
  0.4846E+04
  0.8534E+04
  0.9235E+04
  0.9500E+03
  0.7391E+03
  0.2988E+04
  0.5779E+03
  0.7222E+03
  0.3994E+03
  0.1210E+04
  0.2530E+03
  0.6469E-02
  0.3456E-02
  0.7568E-02
  0.5329E-02
  0.1056E-02
  0.2383E+02
  0.1002E-02
  0.2823E-02
  0.1987E-02
  0.1481E-02
  0.1003E-01
  0.5674E-02
  0.1555E-02
  0.1505E-02
  0.4425E-02
  0.9955E-03
  0.1250E-02
  0.1331E-01
  0.1124E-02
  0.2306E-02
  0.8684E-02
  0.3550E-02
  0.1681E-02
  0.1085E-02
  0.4544E-02
  0.1024E-01
  0.2595E-02
  0.1578E-02
  0.9896E-03
  0.5904E-02
  0.1547E-02
  0.2819E-02
  0.1923E+03
  0.9505E+03
  0.2345E+04
  0.9912E+04
  0.2185E+05
  0.9143E+03
  0.7562E+03
  0.1620E+04
  0.7118E+03
  0.6788E+05
  0.6599E+05
  0.1132E+04
  0.3724E+03
  0.1630E+04
  0.7196E+03
  0.5789E+03
  0.2777E+04
  0.1493E-02
  0.1762E-02
  0.5080E-02
  0.1180E-02
  0.2547E-02
  0.8812E-02
  0.1405E+04
  0.7705E-03
  0.5581E-02
  0.7165E-03
  0.6470E-02
  0.1723E-02
  0.1316E-02
  0.9000E-03
  0.1025E+04
  0.2336E+04
  0.1253E-02
  0.7943E-02
  0.3421E+03
  0.2825E+04
  0.2300E-02
  0.1655E-02
  0.1567E-02
  0.1546E-02
  0.1163E-02
  0.8895E-03
  0.1962E-02
  0.1493E-02
  0.1180E-02
  0.5393E-02
  0.7310E-03
  0.4201E+02
  0.9035E+03
  0.3889E+04
  0.9494E+04
  0.4643E+05
  0.5444E+05
  0.5784E+05
  0.5828E+05
  0.1257E+04
  0.2101E+04
  0.5695E+05
  0.4181E+05
  0.2177E+05
  0.1089E+05
  0.5175E+03
  0.1141E+04
  0.2627E-02
  0.5226E+03
  0.1241E-02
  0.3554E-02
  0.2057E+04
  0.2154E+04
  0.1079E-02
  0.1376E-02
  0.4990E-02
  0.2059E-02
  0.8942E-02
  0.8775E+03
  0.3912E+04
  0.4453E+04
  0.8869E+03
  0.1440E+04
  0.2072E+04
  0.1934E+04
  0.3844E+04
  0.1152E-02
  0.1107E-02
  0.7021E-02
  0.1652E-02
  0.1398E-02
  0.2249E-02
  0.7047E-02
  0.1522E+04
  0.1017E+04
  0.1177E+04
  0.1240E-02
  0.2298E+04
  0.2008E+04
  0.4102E+04
  0.7937E+04
  0.1637E+04
  0.5632E+03
  0.7838E+03
  0.1767E+04
  0.9628E+03
  0.4005E+03
  0.9950E+04
  0.6289E+04
  0.1721E+04
  0.8101E+03
  0.2554E+02
  0.3165E+04
  0.2651E+04
  0.2396E+04
  0.2586E-02
  0.1123E-02
  0.1797E+04
  0.7667E+04
  0.1851E+04
  0.7433E+03
  0.2720E-02
  0.7944E-03
  0.3424E-02
  0.1949E+04
  0.5563E+04
  0.6293E+04
  0.5127E+04
  0.2627E+04
  0.5148E+04
  0.4865E+04
  0.1411E+05
  0.2720E+04
  0.2370E+04
  0.5179E-03
  0.1462E+04
  0.3558E-02
  0.4238E+04
  0.1596E+04
  0.3843E+04
  0.8949E+04
  0.4278E+03
  0.2090E+04
  0.4123E+04
  0.3590E+04
  0.1627E+04
  0.6818E+03
  0.5606E+04
  0.7865E+04
  0.4338E+03
  0.1115E+04
  0.1640E+04
  0.1838E+05
  0.1779E+05
  0.1452E+05
  0.1126E+04
  0.3048E+04
  0.1027E+04
  0.2643E+03
  0.1752E+04
  0.8348E+03
  0.4485E+03
  0.6511E+04
  0.1417E+05
  0.2626E+03
  0.9017E+03
  0.1439E+04
  0.4517E+04
  0.9486E+04
  0.2062E+05
  0.9345E+04
  0.1905E+04
  0.1746E+04
  0.1384E+04
  0.2163E+04
  0.1035E+04
  0.4614E+04
  0.2046E+05
  0.9164E+04
  0.5227E+04
  0.1132E+05
  0.1140E+05
  0.1208E+05
  0.1036E+04
  0.1432E+04
  0.2158E+04
  0.1725E+04
  0.1238E+05
  0.3879E+04
  0.4000E+04
  0.1132E+05
  0.1328E+04
  0.1297E+05
  0.2031E+05
  0.1998E+04
  0.5693E+03
  0.1628E+04
  0.1101E+05
  0.1498E+05
  0.1652E+05
  0.1297E+04
  0.8618E+03
  0.9384E+04
  0.2482E+04
  0.6215E+04
  0.3331E+04
  0.8274E+03
  0.2116E+04
  0.1743E+05
  0.1883E+05
  0.1919E+04
  0.4836E+04
  0.6143E+04
  0.1260E+05
  0.1387E+05
  0.1056E+05
  0.3711E+04
  0.6628E+03
  0.3586E+04
  0.5437E+04
  0.3197E+05
  0.2525E+05
  0.1825E+04
  0.2958E+05
  0.1251E+04
  0.5111E+05
  0.2124E+04
  0.7350E+03
  0.1740E+05
  0.6490E+03
  0.2882E+03
  0.2207E+05
  0.1050E+05
  0.1909E+05
  0.4107E+04
  0.3231E+03
  0.1893E+05
  0.3756E+04
  0.6615E+03
  0.6134E+03
  0.4151E+04
  0.3276E+03
  0.1763E+04
  0.1476E+05
  0.1376E+05
  0.3747E+04
  0.1308E+04
  0.5527E+03
  0.9931E+04
  0.1142E+05
  0.4996E+04
  0.5785E+04
  0.4629E+05
  0.5078E+04
  0.1704E+04
  0.6082E+04
  0.1062E+05
  0.4272E+05
  0.5162E+03
  0.1483E+05
  0.7360E+04
  0.5280E+04
  0.2269E+04
  0.6954E+04
  0.8107E+05
  0.2624E+03
  0.4894E+03
  0.2637E+04
  0.3715E+05
  0.6336E+05
  0.7107E+04
  0.1336E+04
  0.5714E+04
  0.2793E+05
  0.3996E+04
  0.6142E+04
  0.2210E+03
  0.7282E+05
  0.7520E+04
  0.7545E+03
  0.1554E+04
  0.5152E+05
  0.1324E+04
  0.3690E+04
  0.5411E+04
  0.6647E+04
  0.1593E+05
  0.1912E+05
  0.2051E+05
  0.2036E+04
  0.5773E+04
  0.1152E+04
  0.8169E+03
  0.1516E+05
  0.5159E+03
  0.8921E+04
  0.6149E+05
  0.2328E+04
  0.4778E+04
  0.9702E+04
  0.8337E+05
  0.3571E+04
  0.1157E+04
  0.1451E+05
  0.1107E+04
  0.1165E+05
  0.5857E+04
  0.9164E+03
  0.3233E+04
  0.5944E+03
  0.3848E+04
  0.1083E+06
  0.3734E+04
  0.8216E+03
  0.5162E+03
  0.1253E+05
  0.3914E+05
  0.5826E+03
  0.1009E+05
  0.7907E+05
  0.8896E+03
  0.3855E+04
  0.1687E+04
  0.6742E+04
  0.4119E+04
  0.7070E+04
  0.7766E+03
  0.2834E+04
  0.3035E+04
  0.4873E+04
  0.5289E+04
  0.2581E+04
  0.1090E+04
  0.7600E+03
  0.9728E+03
  0.8373E+04
  0.1424E+05
  0.2839E+04
  0.8211E+03
  0.2930E+04
  0.9057E+05
  0.2296E+04
  0.9292E+03
  0.1390E+04
  0.9462E+05
  0.9491E+03
  0.2069E+05
  0.8591E+03
  0.3410E+04
  0.2328E+05
  0.8012E+03
  0.9146E+05
  0.6756E+04
  0.1405E+04
  0.2772E+04
  0.1222E+06
  0.1885E+04
  0.1373E+04
  0.1649E+04
  0.6100E+05
  0.2445E+04
  0.1963E+04
  0.1694E+05
  0.8190E+05
  0.1119E+04
  0.8430E+04
  0.3966E+04
  0.4814E+03
  0.8707E+03
  0.1688E+05
  0.2838E+04
  0.7088E+03
  0.4796E+03
  0.6763E+03
  0.1569E+04
  0.2272E+04
  0.7257E+04
  0.6710E+04
  0.3935E+04
  0.1757E+04
  0.1091E+04
  0.2751E+05
  0.2202E+05
  0.5453E+03
  0.2270E+04
  0.7379E+03
  0.1009E+04
  0.5293E+03
  0.1033E+05
  0.6401E+03
  0.9720E+05
  0.1064E+04
  0.1562E+04
  0.4577E+05
  0.7197E+04
  0.5936E+04
  0.2153E+04
  0.2343E+04
  0.9795E+05
  0.9833E+04
  0.2720E+04
  0.5941E+03
  0.1258E+04
  0.1730E+04
  0.1589E+04
  0.9035E+03
  0.6697E+05
  0.2269E+04
  0.7085E+03
  0.1536E+04
  0.1041E+06
  0.9346E+03
  0.1064E+04
  0.6241E+04
  0.4785E+03
  0.8316E+05
  0.1497E+04
  0.5591E+03
  0.7300E+03
  0.1867E+04
  0.5773E+04
  0.6793E+04
  0.8592E+03
  0.7894E+03
  0.1548E+04
  0.9481E+03
  0.5352E+05
  0.1332E+04
  0.4811E+04
  0.1448E+04
  0.9742E+05
  0.2289E+04
  0.1576E+04
  0.1381E+05
  0.1055E+04
  0.1041E+06
  0.9440E+03
  0.5073E+05
  0.1163E+04
  0.3560E+05
  0.1419E+04
  0.1379E+04
  0.1123E+06
  0.6383E+03
  0.5951E+04
  0.1222E+04
  0.1287E+06
  0.1476E+04
  0.4452E+03
  0.6018E+04
  0.4801E+03
  0.7222E+05
  0.7934E+03
  0.1495E+04
  0.1734E+04
  0.1386E+05
  0.8232E+03
  0.1056E+05
  0.1192E+04
  0.8930E+05
  0.1437E+04
  0.3831E+04
  0.3094E+03
  0.7115E+03
  0.1684E+04
  0.2251E+04
  0.5218E+04
  0.4643E+04
  0.1717E+04
  0.1963E+04
  0.1345E+04
  0.5806E+05
  0.3770E+03
  0.7864E+04
  0.4581E+03
  0.1049E+06
  0.7097E+03
  0.3717E+04
  0.1651E+05
  0.7742E+03
  0.1082E+06
  0.6459E+03
  0.1279E+04
  0.5514E+05
  0.2147E+04
  0.8009E+03
  0.3810E+04
  0.1756E+04
  0.1119E+04
  0.1174E+06
  0.1602E+04
  0.5519E+03
  0.1345E+06
  0.8336E+03
  0.9806E+04
  0.7443E+05
  0.1938E+04
  0.1878E+04
  0.2762E+04
  0.9489E+03
  0.1097E+06
  0.1268E+04
  0.3539E+03
  0.2450E+04
  0.3402E+03
  0.9306E+05
  0.2054E+04
  0.3153E+04
  0.1046E+04
  0.6262E+04
  0.6847E+03
  0.2823E+04
  0.1524E+04
  0.2530E+03
  0.6316E+04
  0.8803E+03
  0.6132E+05
  0.5993E+03
  0.1094E+05
  0.1090E+06
  0.7180E+03
  0.1802E+05
  0.6815E+03
  0.1006E+04
  0.1401E+04
  0.5759E+05
  0.1739E+04
  0.4096E+03
  0.4444E+05
  0.5384E+03
  0.2496E+04
  0.1198E+06
  0.8672E+04
  0.9668E+03
  0.1380E+06
  0.4887E+03
  0.1156E+05
  0.1496E+04
  0.7808E+05
  0.9734E+03
  0.7021E+04
  0.6620E+03
  0.1288E+06
  0.1487E+04
  0.1599E+04
  0.1576E+05
  0.1053E+04
  0.9844E+05
  0.4844E+04
  0.7342E+03
  0.1027E+04
  0.1036E+05
  0.4973E+03
  0.1469E+04
  0.1327E+04
  0.1945E+04
  0.8770E+04
  0.3550E+04
  0.6384E+05
  0.5240E+03
  0.1458E+04
  0.1220E+05
  0.2277E+04
  0.4108E+03
  0.5059E+03
  0.7366E+04
  0.1294E+04
  0.2037E+05
  0.1131E+06
  0.2920E+04
  0.6113E+05
  0.3735E+04
  0.2221E+04
  0.4722E+05
  0.1110E+04
  0.4429E+04
  0.1293E+04
  0.1240E+06
  0.1036E+05
  0.2322E+04
  0.1417E+06
  0.2011E+04
  0.1430E+05
  0.8208E+05
  0.2367E+04
  0.1031E+05
  0.9391E+03
  0.1318E+06
  0.1799E+04
  0.3360E+04
  0.1903E+05
  0.5012E+03
  0.1008E+06
  0.6778E+04
  0.1478E+04
  0.1378E+05
  0.9911E+03
  0.1792E+04
  0.1722E+03
  0.1553E+04
  0.2471E+04
  0.9702E+03
  0.9384E+04
  0.1651E+04
  0.4180E+04
  0.9147E+03
  0.6443E+05
  0.1241E+04
  0.9812E+03
  0.2252E+04
  0.2177E+04
  0.1279E+05
  0.9473E+03
  0.2815E+04
  0.1107E+06
  0.1261E+04
  0.1272E+04
  0.7957E+04
  0.1048E+04
  0.1843E+04
  0.2129E+05
  0.7990E+03
  0.1135E+06
  0.7102E+03
  0.3409E+04
  0.7566E+03
  0.6159E+05
  0.6588E+03
  0.4154E+04
  0.7036E+03
  0.2640E+04
  0.6422E+03
  0.4762E+05
  0.1849E+04
  0.2422E+04
  0.4928E+04
  0.8876E+03
  0.1843E+04
  0.1367E+04
  0.1246E+06
  0.1116E+05
  0.8587E+03
  0.2771E+04
  0.6954E+03
  0.1422E+06
  0.7657E+03
  0.2432E+04
  0.7810E+03
  0.1490E+05
  0.9160E+03
  0.8264E+05
  0.7612E+03
  0.2789E+04
  0.7223E+03
  0.1082E+05
  0.7775E+03
  0.1331E+04
  0.2386E+04
  0.1323E+06
  0.8093E+03
  0.2394E+04
  0.3035E+04
  0.3760E+04
  0.7402E+03
  0.1960E+05
  0.1141E+04
  0.7410E+03
  0.1013E+06
  0.7140E+03
  0.7283E+04
  0.2482E+04
  0.1985E+04
  0.7978E+03
  0.1428E+05
  0.1067E+04
  0.1626E+04
  0.1018E+04
  0.1722E+03
  0.1764E+04
  0.1574E+04
  0.2281E+04
  0.5267E+05
  0.2105E+04
  0.1184E+05
  0.1429E+04
  0.5857E+05
  0.1716E+04
  0.2436E+04
  0.4063E+04
  0.6136E+05
  0.1823E+05
  0.1890E+04
  0.1615E+04
  0.8237E+04
  0.2181E+05
  0.1840E+04
  0.3036E+04
  0.2390E+04
  0.2897E+04
  0.6622E+04
  0.1799E+04
  0.8911E+04
  0.5676E+04
  0.1775E+05
  0.2633E+04
SCALARS catchment float 1
LOOKUP_TABLE default
    1
    2
    3
    4
    5
    6
    7
    8
    9
   10
   11
   12
   13
   14
   15
   16
   17
   18
   19
   20
   21
   22
   23
   24
   25
   26
   27
   28
   29
   30
   31
   32
   33
   34
   35
   36
   37
   38
   39
   40
   41
   42
   43
   44
   45
   46
   47
   48
   49
   50
   51
   52
   53
   54
   55
   56
   57
   58
   59
   60
   61
   62
   63
   64
   65
   66
   67
   68
   69
   70
   71
   72
   73
   74
   75
   76
   77
   78
   79
   80
   81
    5
    5
    7
    8
   10
   12
   13
   15
   17
   19
   20
   20
   24
   26
   26
   30
   32
   35
   35
   37
   41
   41
   43
   45
   47
   49
   51
   52
   54
   56
   58
   60
   60
   63
   65
   65
   69
   72
   72
   74
   76
   78
  124
  125
  125
    5
    7
   10
   10
   12
   15
   17
   20
   20
   24
   26
   26
   30
   35
   35
   35
   37
   41
   41
   43
   45
   47
   49
   49
   52
   56
   56
   58
   60
   63
   65
   65
   69
   69
   72
   74
   76
   76
  166
  166
  167
  167
    7
    7
   10
   10
   13
   15
   20
   20
   20
   24
   26
   26
   26
   30
   30
   35
   35
   35
   35
   35
   41
   41
   41
   43
   47
   49
   52
   52
   52
   56
   56
   60
   65
   65
   65
   69
   72
   72
   72
   76
  166
  211
  211
  212
  212
  212
    7
    7
   15
   15
   15
   20
   20
   20
   20
   26
   26
   30
   35
   35
   35
   41
   41
   41
   41
   43
   47
   47
   47
   52
   52
   52
   56
   56
   60
   60
   60
   65
   65
   69
   72
   72
  303
  303
  303
  254
  255
  255
  255
    7
    7
   10
   15
   15
   15
   15
   20
   20
   20
   26
   26
   26
   26
   26
   30
   35
   35
   35
   35
   41
   41
   41
   47
   47
   47
   47
   52
   52
   52
   56
   56
   60
   60
   60
   65
   65
   65
   65
   72
   72
   72
  303
  303
  303
  303
  304
  304
  255
    7
    7
    7
   15
   15
   15
   15
   20
   20
   26
   26
   26
   26
   26
   35
   35
   35
   35
   41
   41
   41
   47
   47
   52
   52
   52
   56
   60
   60
   60
   60
   65
   65
   65
   69
   72
   72
   72
   72
  348
  348
  348
  349
  349
  480
  480
  480
  480
   15
   15
   15
   15
   15
   20
   20
   26
   26
   26
   26
   26
   35
   35
   41
   41
   41
   41
   47
   47
   47
   52
   52
   52
   52
   60
   60
   60
   60
   65
   65
   65
   72
   72
  392
  392
  392
  392
  393
  480
  480
  480
  480
   15
   15
   15
   15
   20
   26
   26
   26
   26
   35
   35
   35
   35
   35
   41
   41
   41
   47
   47
   47
   52
   52
   52
   52
   52
   60
   60
   60
   60
   65
   65
   65
   72
   72
  529
  529
  392
  392
  436
  437
  480
  480
  480
  480
   15
   15
   15
   15
   20
   26
   26
   26
   26
   35
   35
   35
   35
   35
   41
   41
   41
   47
   47
   47
   52
   52
   52
   52
   52
   52
   60
   60
   60
   65
   65
   72
  529
  529
  529
  529
  529
  479
  480
  480
  480
  480
  480
  480
  480
  480
  480
   15
   15
   15
  541
   26
   26
   26
   26
   26
   26
   35
   35
   35
   35
   35
   41
   41
   41
   47
   47
   47
   52
   52
   52
   52
  563
   52
   52
   60
   60
   60
   65
   65
  529
  529
  529
  529
  529
  529
  529
  529
  530
  480
  480
  480
  480
  480
  480
  480
  480
   15
  587
  541
  541
   26
   26
   26
   35
   35
   35
   35
   35
   35
   35
   41
   41
   41
   41
   47
   47
  653
   52
   52
  563
  563
   52
   52
  566
  613
  613
  569
  529
  529
  529
  529
  529
  529
  529
  577
  578
  578
  480
  672
  480
  480
  480
  480
  633
  587
  682
  541
   26
   26
  640
   35
   35
   35
   35
  645
   35
   35
  647
  601
  601
   47
   47
  653
  653
   52
  703
  610
  610
  659
  612
  613
  613
  569
  616
  529
  529
  671
  529
  671
  623
  623
  624
  672
  672
  672
  672
  672
  672
  672
  633
  633
  587
  682
  637
  637
  638
  639
  640
  688
  643
  643
  645
  645
   35
  647
  647
  601
   47
  651
  653
  653
   52
  703
  703
  703
  659
  659
  612
  613
  613
  613
  616
  529
  671
  671
  671
  671
  671
  671
  672
  672
  672
  672
  672
  672
  672
  633
  633
  682
  682
  731
  733
  733
  639
  688
  688
  737
  643
  691
  645
  742
  647
  743
  696
  651
  651
  699
  701
  701
  701
  703
  751
  752
  612
  708
  708
  708
  757
  757
  671
  671
  671
  671
  719
  719
  719
  719
  720
  672
  672
  672
  672
  672
  672
  772
  728
  682
  731
  731
  733
  733
  733
  735
  736
  737
  737
  691
  740
  788
  742
  743
  696
  793
  794
  795
  701
  703
  751
  751
  752
  803
  803
  708
  757
  757
  859
  859
  859
  719
  719
  764
  764
  765
  765
  765
  672
  909
  909
  672
  772
  728
  682
  731
  731
  731
  779
  779
  735
  736
  736
  737
  784
  784
  740
  788
  788
  742
  743
  743
  793
  793
  794
  795
  701
  797
  799
  799
  751
  752
  752
  803
  803
  708
  757
  859
  859
  859
  859
  859
  812
  813
  813
  813
  909
  909
  909
  909
  672
  772
  867
  824
  824
  824
  731
  873
  873
  736
  830
  784
  784
  784
  884
  884
  885
  885
  886
  887
  794
  933
  843
  843
  797
  799
  799
  752
  896
  898
  898
  898
  900
  859
  859
  859
  859
  859
  859
  859
  860
  909
  909
  909
  909
  909
  917
  867
  867
  824
  824
  731
  873
  873
  873
  873
  925
  925
  879
  879
  884
  884
  884
  884
  884
  885
  886
  887
  933
  933
  843
  843
  936
  893
  989
  991
  896
  944
  898
  898
  900
  900
  859
  859
  859
  859
  859
  908
  908
  909
  909
  909
  909
  909
  909
  909
  963
  917
  867
  967
  731
  731
  873
  873
  972
  925
  879
 1021
  884
  979
  885
  886
  982
  933
  984
 1079
  936
  936
  893
  989
  989
  991
  991
  944
  944
  898
  900
  900
  859
  859
 1096
  859
  908
  908
  955
  955
  956
  909
  909
  909
  909
  909
  909
  963
 1010
  917
 1010
  967
  969
  969
  970
 1016
  972
  972
  925
  975
 1021
 1022
  979
  979
  980
 1026
  982
  984
  984
 1079
  936
 1081
 1081
  989
  991
  991
  944
 1037
 1039
 1096
 1096
  859
 1046
 1000
 1000
 1001
 1001
 1001
 1001
 1001
 1001
  909
  909
  963
 1010
 1010
 1057
 1058
 1061
  970
 1016
  972
 1018
  975
 1021
 1021
 1022
  979
  980
 1026
 1026
  982
  984
  984
 1079
 1079
 1081
 1081
  989
 1130
  991
 1037
 1037
 1039
 1096
 1096
 1096
 1096
 1096
 1046
 1046
 1047
 1047
 1047
 1047
 1047
 1097
 1053
 1053
 1010
 1010
 1057
 1058
 1061
 1061
 1061
 1061
 1112
 1112
 1018
 1160
 1021
 1021
 1022
 1070
 1070
 1026
 1074
 1074
  984
 1079
 1079
 1079
 1079
 1081
 1081
 1081
 1130
 1130
 1085
 1037
 1039
 1039
 1039
 1096
 1096
 1096
 1096
 1096
 1096
 1096
 1097
 1097
 1097
 1097
 1097
 1189
 1053
 1053
 1010
 1057
 1057
 1153
 1061
 1061
 1157
 1112
 1206
 1114
 1160
 1117
 1117
 1117
 1070
 1070
 1167
 1169
 1074
 1217
 1125
 1079
 1127
 1081
 1129
 1130
 1085
 1179
 1133
 1039
 1135
 1096
 1096
 1096
 1096
 1096
 1096
 1142
 1143
 1097
 1189
 1189
 1189
 1189
 1053
 1010
 1198
 1153
 1153
 1201
 1155
 1204
 1157
 1206
 1160
 1160
 1258
 1117
 1163
 1165
 1165
 1167
 1167
 1169
 1169
 1217
 1217
 1265
 1173
 1222
 1222
 1129
 1130
 1226
 1179
 1228
 1135
 1135
 1236
 1236
 1236
 1236
 1236
 1188
 1189
 1189
 1189
 1189
 1189
 1189
 1195
 1245
 1198
 1198
 1198
 1153
 1201
 1201
 1203
 1204
 1157
 1206
 1255
 1258
 1258
 1258
 1165
 1165
 1165
 1167
 1167
 1169
 1217
 1265
 1265
 1173
 1222
 1222
 1224
 1224
 1271
 1226
 1228
 1228
 1230
 1230
 1236
 1236
 1236
 1236
 1236
 1236
 1237
 1283
 1189
 1189
 1189
 1189
 1189
 1245
 1245
 1291
 1198
 1153
 1295
 1295
 1204
 1204
 1206
 1255
 1255
 1258
 1258
 1258
 1303
 1165
 1165
 1306
 1263
 1217
 1265
 1265
 1311
 1222
 1222
 1316
 1271
 1274
 1274
 1274
 1369
 1230
 1236
 1236
 1329
 1329
 1329
 1282
 1283
 1283
 1283
 1283
 1283
 1189
 1189
 1245
 1291
 1291
 1341
 1295
 1295
 1295
 1204
 1440
 1347
 1347
 1350
 1303
 1303
 1354
 1354
 1306
 1263
 1265
 1265
 1265
 1311
 1314
 1314
 1314
 1316
 1316
 1316
 1274
 1369
 1369
 1369
 1322
 1329
 1329
 1329
 1329
 1329
 1329
 1329
 1330
 1283
 1283
 1283
 1283
 1283
 1472
 1472
 1431
 1291
 1291
 1341
 1342
 1295
 1345
 1345
 1440
 1347
 1347
 1347
 1350
 1350
 1303
 1354
 1354
 1306
 1306
 1357
 1265
 1265
 1455
 1311
 1410
 1314
 1364
 1316
 1367
 1367
 1369
 1369
 1369
 1329
 1329
 1329
 1329
 1329
 1329
 1329
 1378
 1379
 1425
 1472
 1472
 1472
 1472
 1472
 1431
 1291
 1341
 1342
 1342
 1342
 1392
 1440
 1440
 1347
 1347
 1444
 1399
 1399
 1399
 1402
 1402
 1450
 1357
 1265
 1265
 1455
 1455
 1410
 1410
 1314
 1364
 1316
 1367
 1367
 1369
 1417
 1418
 1329
 1329
 1329
 1424
 1424
 1424
 1425
 1425
 1472
 1472
 1472
 1472
 1431
 1431
 1431
 1342
 1436
 1436
 1485
 1440
 1440
 1440
 1488
 1488
 1444
 1444
 1492
 1447
 1447
 1447
 1495
 1450
 1497
 1265
 1265
 1455
 1455
 1410
 1459
 1459
 1459
 1459
 1462
 1462
 1463
 1417
 1518
 1518
 1518
 1518
 1518
 1518
 1471
 1472
 1472
 1472
 1472
 1472
 1472
 1472
 1472
 1431
 1431
 1342
 1530
 1436
 1485
 1486
 1534
 1488
 1444
 1444
 1492
 1492
 1540
 1447
 1495
 1544
 1497
 1634
 1500
 1500
 1549
 1549
 1596
 1459
 1459
 1459
 1459
 1462
 1463
 1603
 1603
 1518
 1518
 1518
 1518
 1518
 1518
 1518
 1519
 1472
 1472
 1472
 1472
 1472
 1472
 1571
 1431
 1529
 1529
 1530
 1531
 1485
 1534
 1534
 1488
 1581
 1492
 1492
 1628
 1540
 1587
 1587
 1544
 1544
 1634
 1546
 1500
 1549
 1549
 1549
 1596
 1552
 1459
 1599
 1555
 1645
 1603
 1518
 1518
 1518
 1518
 1562
 1563
 1563
 1563
 1563
 1563
 1563
 1609
 1571
 1571
 1572
 1529
 1530
 1620
 1531
 1578
 1578
 1579
 1581
 1581
 1628
 1628
 1628
 1587
 1587
 1587
 1544
 1544
 1634
 1591
 1683
 1637
 1594
 1549
 1596
 1642
 1642
 1599
 1555
 1645
 1603
 1603
 1518
 1518
 1654
 1608
 1608
 1609
 1609
 1609
 1609
 1609
 1609
 1663
 1663
 1571
 1618
 1666
 1620
 1620
 1622
 1578
 1579
 1581
 1581
 1581
 1628
 1628
 1677
 1587
 1680
 1544
 1634
 1683
 1683
 1637
 1594
 1688
 1596
 1642
 1642
 1692
 1645
 1645
 1645
 1603
 1750
 1750
 1750
 1654
 1654
 1654
 1654
 1655
 1704
 1704
 1704
 1704
 1609
 1609
 1609
 1663
 1571
 1618
 1666
 1717
 2314
 1720
 1720
 1722
 1581
 1581
 1581
 1581
 1628
 1677
 1677
 1587
 1680
 1544
 1682
 1683
 1683
 1637
 1688
 1688
 1688
 1688
 1642
 1692
 1692
 1645
 1645
 1750
 1750
 1750
 1750
 1750
 1750
 1750
 1654
 1703
 1704
 1704
 1704
 1704
 1704
 1704
 1704
 1704
 1663
 1571
 1618
 1666
 1717
 1717
 2314
 1720
 1720
 1722
 1722
 1581
 1769
 1769
 2331
 2331
 1680
 1680
 2336
 2336
 1683
 1780
 1780
 1688
 1688
 1784
 1784
 1692
 1741
 1741
 1645
 1750
 1750
 1750
 1750
 1750
 1750
 1750
 1750
 1751
 1704
 1704
 1704
 1704
 1704
 1704
 2306
 1759
 2306
 1717
 1717
 2314
 2314
 1720
 1722
 1767
 1769
 1769
 2331
 2331
 2331
 2331
 2336
 2336
 2336
 2336
 1683
 1780
 1780
 1828
 1784
 1784
 1784
 2350
 2350
 2350
 1741
 2359
 1750
 1750
 1750
 1750
 1750
 1795
 1796
 1796
 1844
 1704
 1704
 1704
 2298
 1704
 2306
 2306
 2306
 1807
 1717
 2314
 2314
 2314
 2314
 1813
 1767
 1769
 2331
 2331
 2331
 2331
 2336
 2336
 2336
 2336
 2336
 2336
 1780
 2342
 1828
 2350
 2350
 2350
 2350
 2350
 2359
 2359
 2359
 2359
 1891
 1891
 1891
 1750
 1843
 1843
 1844
 1844
 1844
 1844
 1844
 1844
 1844
 2298
 2306
 2306
 2306
 2306
 2306
 2314
 2314
 2314
 2314
 2314
 2314
 2318
 2318
 2324
 2331
 2331
 2331
 2331
 2331
 2336
 2336
 2336
 2336
 2342
 2342
 2342
 2350
 2350
 2350
 2350
 2350
 2350
 2359
 2359
 2359
 1891
 1980
 1891
 1891
 1891
 1892
 1844
 1844
 1844
 2298
 2298
 2298
 2306
 2306
 2306
 2306
 2314
 2314
 2314
 2314
 2318
 2318
 2324
 2331
 2331
 2331
 2331
 2336
 2336
 2336
 2336
 2336
 2342
 2342
 2342
 2350
 2350
 2350
 2350
 2350
 2359
 2359
 2359
 2359
 1980
 1980
 1980
 1934
 1935
 1935
 1935
 1935
 2298
 2298
 2298
 2306
 2306
 2306
 2306
 2312
 2314
 2314
 2314
 2314
 2318
 2318
 2324
 2324
 2331
 2331
 2331
 2331
 2336
 2336
 2336
 2336
 2336
 2342
 2342
 2342
 2350
 2350
 2350
 2350
 2350
 2359
 2359
 2359
 2359
 1980
 1980
 1980
 1980
 1980
 1981
 1935
 1935
 2298
 2298
 2306
 2306
 2306
 2306
 2312
 2314
 2314
 2314
 2318
 2318
 2318
 2324
 2324
 2331
 2331
 2336
 2336
 2336
 2336
 2336
 2342
 2342
 2342
 2350
 2350
 2350
 2350
 2350
 2356
 2359
 2359
 2359
 2359
 1980
 2022
 2022
 2022
 2023
 2023
 1935
 1935
 2298
 2298
 2298
 2303
 2306
 2306
 2306
 2312
 2314
 2314
 2314
 2318
 2318
 2324
 2324
 2324
 2331
 2331
 2332
 2336
 2336
 2336
 2340
 2342
 2342
 2342
 2350
 2350
 2350
 2350
 2350
 2356
 2356
 2359
 2359
 2359
 1980
 2022
 2113
 2067
 2067
 2068
 2068
 2068
 2068
 2298
 2298
 2298
 2298
 2303
 2306
 2306
 2312
 2312
 2312
 2314
 2314
 2318
 2318
 2318
 2324
 2324
 2331
 2331
 2331
 2332
 2332
 2336
 2336
 2340
 2342
 2342
 2342
 2350
 2350
 2350
 2350
 2356
 2356
 2356
 2359
 2359
 2365
 2365
 2113
 2113
 2113
 2114
 2158
 2294
 2298
 2298
 2298
 2303
 2303
 2306
 2306
 2309
 2312
 2314
 2314
 2314
 2318
 2324
 2324
 2324
 2331
 2331
 2331
 2332
 2336
 2336
 2336
 2336
 2340
 2342
 2342
 2342
 2346
 2350
 2350
 2350
 2356
 2359
 2359
 2359
 2365
 2365
 2113
 2157
 2157
 2158
 2158
 2158
 2294
 2296
 2298
 2298
 2303
 2303
 2306
 2306
 2309
 2312
 2312
 2314
 2314
 2318
 2318
 2318
 2320
 2324
 2324
 2327
 2331
 2331
 2336
 2336
 2336
 2340
 2342
 2342
 2346
 2346
 2350
 2350
 2350
 2354
 2356
 2356
 2359
 2359
 2361
 2365
 2365
 2203
 2203
 2204
 2204
 2294
 2294
 2298
 2301
 2303
 2306
 2309
 2312
 2314
 2316
 2318
 2318
 2320
 2322
 2324
 2326
 2327
 2331
 2332
 2334
 2336
 2338
 2340
 2342
 2342
 2344
 2346
 2349
 2350
 2353
 2354
 2356
 2359
 2359
 2361
 2362
 2365
 2365
 2245
 2245
 2246
 2292
 2294
 2296
 2298
 2300
 2302
 2303
 2305
 2307
 2308
 2309
 2311
 2312
 2314
 2316
 2318
 2320
 2322
 2324
 2325
 2327
 2329
 2331
 2332
 2334
 2336
 2338
 2340
 2342
 2344
 2346
 2348
 2350
 2352
 2354
 2356
 2359
 2359
 2361
 2363
 2365
 2367
 2289
 2290
 2291
 2292
 2293
 2294
 2295
 2296
 2297
 2298
 2299
 2300
 2301
 2302
 2303
 2304
 2305
 2306
 2307
 2308
 2309
 2310
 2311
 2312
 2313
 2314
 2315
 2316
 2317
 2318
 2319
 2320
 2321
 2322
 2323
 2324
 2325
 2326
 2327
 2328
 2329
 2330
 2331
 2332
 2333
 2334
 2335
 2336
 2337
 2338
 2339
 2340
 2341
 2342
 2343
 2344
 2345
 2346
 2347
 2348
 2349
 2350
 2351
 2352
 2353
 2354
 2355
 2356
 2357
 2358
 2359
 2360
 2361
 2362
 2363
 2364
 2365
 2366
 2367
 2368
 2369
   72
    7
  529
  529
   26
 2350
 1096
 1096
 1096
   15
 2331
 2359
 2306
 2340
   26
   26
 1096
 1096
 1518
 1518
 1518
 1518
 1518
 1518
   35
   35
   35
