# vtk DataFile Version 3.0
rivers
ASCII
DATASET UNSTRUCTURED_GRID
POINTS       2445 float
           0.000           0.000           0.000
        1012.658           0.000           0.000
        2025.317           0.000           0.000
        3037.975           0.000           0.000
        4050.633           0.000           0.000
        5063.291           0.000           0.000
        6075.949           0.000           0.000
        7088.608           0.000           0.000
        8101.266           0.000           0.000
        9113.924           0.000           0.000
       10126.582           0.000           0.000
       11139.240           0.000           0.000
       12151.898           0.000           0.000
       13164.557           0.000           0.000
       14177.215           0.000           0.000
       15189.873           0.000           0.000
       16202.532           0.000           0.000
       17215.190           0.000           0.000
       18227.848           0.000           0.000
       19240.507           0.000           0.000
       20253.165           0.000           0.000
       21265.824           0.000           0.000
       22278.481           0.000           0.000
       23291.140           0.000           0.000
       24303.796           0.000           0.000
       25316.455           0.000           0.000
       26329.114           0.000           0.000
       27341.771           0.000           0.000
       28354.430           0.000           0.000
       29367.089           0.000           0.000
       30379.746           0.000           0.000
       31392.405           0.000           0.000
       32405.064           0.000           0.000
       33417.721           0.000           0.000
       34430.380           0.000           0.000
       35443.039           0.000           0.000
       36455.696           0.000           0.000
       37468.355           0.000           0.000
       38481.014           0.000           0.000
       39493.670           0.000           0.000
       40506.330           0.000           0.000
       41518.989           0.000           0.000
       42531.648           0.000           0.000
       43544.302           0.000           0.000
       44556.961           0.000           0.000
       45569.620           0.000           0.000
       46582.279           0.000           0.000
       47594.938           0.000           0.000
       48607.593           0.000           0.000
       49620.252           0.000           0.000
       50632.911           0.000           0.000
       51645.570           0.000           0.000
       52658.229           0.000           0.000
       53670.888           0.000           0.000
       54683.542           0.000           0.000
       55696.201           0.000           0.000
       56708.860           0.000           0.000
       57721.519           0.000           0.000
       58734.179           0.000           0.000
       59746.838           0.000           0.000
       60759.492           0.000           0.000
       61772.151           0.000           0.000
       62784.810           0.000           0.000
       63797.469           0.000           0.000
       64810.128           0.000           0.000
       65822.783           0.000           0.000
       66835.442           0.000           0.000
       67848.101           0.000           0.000
       68860.760           0.000           0.000
       69873.419           0.000           0.000
       70886.078           0.000           0.000
       71898.732           0.000           0.000
       72911.391           0.000           0.000
       73924.050           0.000           0.000
       74936.709           0.000           0.000
       75949.368           0.000           0.000
       76962.028           0.000           0.000
       77974.682           0.000           0.000
       78987.341           0.000           0.000
       80000.000           0.000           0.000
           0.000        1020.408           0.000
        2224.145        1016.118         734.521
        4232.423         935.955         165.123
        6288.257        1053.702         155.249
        7313.255         883.251         333.057
        8165.343        1150.060         507.475
        9180.287        1134.267         194.903
       11235.966         817.097         249.827
       12193.392        1138.530         214.049
       14142.717        1059.236         174.575
       16233.610        1118.155         187.918
       18003.715        1230.610         383.613
       19491.474         925.458         103.703
       21426.608        1150.093         718.767
       23440.394        1087.972         202.903
       24328.222         970.796         482.958
       25174.152        1253.204         109.702
       27466.724        1223.347         719.010
       29569.971        1208.363         169.322
       31330.953         966.608         215.725
       33570.516        1232.753         381.663
       34588.854         924.812          91.358
       36324.214         879.662         179.319
       38340.856        1159.235         711.576
       40356.386         897.032          96.311
       42643.143        1153.028         226.204
       44305.050        1205.240         249.999
       46543.352         946.025         130.175
       48422.055        1109.932         202.686
       50723.863         847.292         270.976
       51647.315        1264.880         131.623
       53881.863         775.868         209.980
       55640.394        1231.860         193.236
       57910.582         855.082         190.475
       59894.735         901.873          88.733
       60513.594        1189.284         172.489
       62956.074         987.717         130.529
       64928.145        1061.806         152.884
       67033.819        1133.822         708.606
       68970.212        1050.225         152.675
       70855.468        1122.244         358.038
       71747.765        1228.772         152.154
       73676.292        1079.739         237.033
       75880.310         947.451         185.649
       77756.879         899.409         242.409
       80000.000        1020.408           0.000
           0.000        2040.816           0.000
        1917.668        1802.744         525.780
        4291.965        1982.007         427.948
        5872.699        2174.525         369.398
        8318.473        1929.767         552.809
       10215.035        1945.473         668.680
       10888.159        1788.839         630.478
       15003.233        1901.161         530.466
       17028.116        2045.164         617.837
       19167.126        2100.066         304.238
       21405.340        1971.640         795.717
       22199.855        2136.031         643.490
       24277.376        2190.089         446.195
       25419.339        2223.815         224.185
       28270.200        2141.414         669.646
       30241.531        1952.352         488.428
       32427.562        2251.946         727.614
       34208.796        2223.323         286.894
       35321.959        2074.113         646.440
       37301.706        2064.338         659.609
       38706.978        1925.572         669.323
       40409.163        1821.750         232.087
       42325.846        1919.554         460.673
       44435.695        2217.015         554.632
       46682.769        2240.305         403.050
       48807.967        1854.554         502.803
       49381.792        1923.616         630.637
       51778.406        2286.569         255.419
       55715.127        1917.465         361.061
       56716.497        2187.667         625.471
       58528.534        2196.129         655.532
       60576.637        1800.759         266.302
       62946.370        2222.136         346.540
       64904.746        2014.238         388.412
       66730.104        1902.970         774.114
       68796.315        1953.073         401.287
       70070.607        2203.635         675.496
       71698.343        2295.540         322.482
       74169.735        2256.305         692.006
       76075.587        1795.557         476.157
       76712.605        2185.006         744.367
       78892.064        2121.559         230.515
       80000.000        2040.816           0.000
           0.000        3061.225           0.000
        1822.271        3110.882         566.891
        4165.093        3114.540         826.608
        5829.409        3281.385         718.706
        8219.180        3294.222         931.677
        9926.189        2948.136         969.217
       11955.421        2928.307         732.189
       14025.180        2813.578         600.334
       16372.381        3249.849         945.724
       17176.095        2993.162         860.262
       19418.747        3260.653         819.380
       20136.335        3001.726         781.388
       22101.316        3150.981         867.377
       24556.782        3239.448         638.134
       25196.359        3231.861         382.566
       27110.228        3018.296         753.781
       29297.107        3094.587         732.296
       31327.392        3241.794         940.210
       32323.644        3014.577         873.325
       33499.475        3126.368         543.061
       34192.609        3246.401         602.917
       35472.226        3062.158         733.148
       36648.864        2967.429         948.868
       38573.847        3009.969         813.338
       40629.791        3196.472         591.202
       41650.163        3300.263         789.840
       43545.620        3002.822         894.347
       45813.428        3193.476         788.588
       47534.693        3313.249         890.857
       48735.708        3177.887         922.605
       50796.950        2824.823         481.406
       52743.212        2948.307         523.702
       53660.725        2812.953         714.824
       55863.426        3096.068         763.984
       57499.426        2857.677         959.104
       59664.803        3068.066         854.408
       63997.539        3187.719         759.900
       64714.756        2809.028         704.521
       66585.159        3113.088         929.395
       68041.885        3018.017         850.039
       70022.727        3277.854         839.510
       71757.213        3198.156         562.482
       74035.729        3151.836         938.969
       74974.260        3242.802         927.473
       77201.253        3030.891         774.788
       78758.819        3225.286         372.694
       80000.000        3061.225           0.000
           0.000        4081.633           0.000
        2008.551        4030.958         349.302
        3095.634        3899.667         564.465
        4098.963        3978.376         759.868
        5138.562        4080.485         904.766
        7314.359        4196.402        1000.502
        9065.145        4252.063        1000.218
        9992.959        3897.002        1000.292
       12330.221        4040.008        1000.327
       14128.602        3920.681         866.685
       16444.065        3831.597         977.613
       18132.790        3887.705         841.107
       19264.144        3838.509        1000.367
       20161.269        4224.278        1000.367
       22136.878        4188.284         996.195
       24555.078        3869.087         571.217
       26342.741        4301.579         824.967
       28418.513        4268.251        1000.384
       29278.821        3965.246        1000.384
       31455.715        4302.426        1000.509
       33391.416        4264.809         805.491
       35652.856        3854.398         919.546
       37657.318        4156.299        1000.437
       38630.376        4103.745         996.583
       40415.373        4220.518         921.137
       42498.625        4274.864        1000.356
       43469.500        3994.254        1000.322
       44656.533        3831.155         964.434
       46375.110        3835.508         855.924
       47557.884        4188.140        1000.214
       49528.969        3861.743         927.402
       50628.910        4180.378         869.434
       52541.500        3920.921         719.386
       54740.698        3955.141        1000.367
       56667.777        3870.407        1000.384
       58700.478        3950.449         988.464
       59670.711        4276.652         910.429
       60631.789        3875.813         704.680
       62638.254        4190.223         869.990
       64693.365        3941.975         933.272
       66845.098        4126.724        1000.298
       68672.561        4325.526        1000.303
       70826.216        4095.636         886.806
       73161.575        4115.308         968.349
       75107.846        4190.235         991.306
       76920.370        4313.652         898.698
       77823.499        4014.394         665.466
       80000.000        4081.633           0.000
           0.000        5102.041           0.000
        1887.007        5280.396         496.325
        4185.495        4975.141         937.117
        5266.042        4860.451         971.168
        6954.337        4859.279        1000.502
        9214.455        5335.048        1000.177
       11201.645        5133.099        1000.108
       13249.418        4942.949        1000.199
       14373.798        5110.602        1000.168
       16436.255        5265.576        1000.298
       17072.044        5040.669        1000.298
       19462.174        5016.476        1000.367
       21340.739        4955.370        1000.313
       22484.921        5200.340         998.697
       23256.110        5295.860         972.396
       25161.094        5092.739         948.817
       26272.119        5094.998        1000.507
       28511.107        4916.444        1000.384
       29560.275        4929.436        1000.384
       30364.666        5242.433        1000.384
       31334.485        5343.751        1000.497
       33317.387        5042.910         932.184
       35402.378        5119.332        1000.226
       36397.163        5091.104        1000.226
       38251.240        4915.867        1000.437
       40742.663        5347.445        1000.239
       42413.349        5101.713        1000.221
       44516.415        4863.648        1000.322
       45523.373        5048.116        1000.322
       46550.522        5253.547        1000.322
       48588.477        4900.189        1000.453
       49413.580        5215.018        1000.449
       51825.252        5227.907        1000.391
       52792.420        4957.190        1000.391
       54823.877        5303.843        1000.366
       55777.940        5253.784        1000.366
       56588.517        4925.315        1000.367
       58705.075        4909.914         986.625
       60674.381        5023.085         906.390
       61904.599        5208.919         987.156
       63647.569        4902.748        1000.333
       64746.634        5349.306        1000.333
       65669.287        5291.232        1000.334
       67729.478        4911.601        1000.471
       69960.383        4903.941        1000.520
       72022.484        5238.189         991.329
       72736.473        5033.511         989.392
       75028.649        4953.861         999.534
       76779.571        4946.916         770.633
       78815.276        5017.556         201.424
       80000.000        5102.041           0.000
           0.000        6122.449           0.000
        2009.115        6054.972         607.961
        3885.839        5927.377         947.081
        6000.133        6032.894        1000.356
        6959.188        6151.273        1000.355
        8865.878        6128.534        1000.177
       10335.236        6121.636        1000.177
       11989.969        6046.292        1000.106
       14405.323        6043.581        1000.168
       16168.487        5988.928        1000.316
       17342.754        6134.128        1000.298
       19082.550        5881.273        1000.377
       21198.862        6300.945        1000.284
       22268.433        6254.275        1000.284
       24245.999        6269.461        1000.365
       26156.857        6195.911        1000.517
       28253.564        6132.995        1000.320
       30458.305        5919.912        1000.388
       32156.450        6089.363        1000.497
       34488.639        6354.558        1000.288
       36539.556        6226.583        1000.226
       38426.299        5887.178        1000.257
       40547.068        5991.026        1000.248
       42487.697        5959.016        1000.218
       44347.358        6013.818        1000.346
       46500.898        6276.828        1000.322
       48844.560        6318.889        1000.295
       50465.637        6248.092        1000.400
       51784.692        6328.231        1000.391
       52587.595        6313.108        1000.391
       54729.523        5910.652        1000.121
       56730.962        6308.758        1000.455
       57510.228        6197.995        1000.447
       58914.597        6083.181        1000.447
       60523.369        6202.765         987.552
       62853.044        6028.344        1000.333
       63652.133        6261.074        1000.333
       65635.398        5900.386        1000.344
       67851.213        6209.166        1000.471
       68754.536        6018.568        1000.471
       69672.206        6266.562        1000.471
       71661.079        5871.435        1000.339
       72867.399        6211.260        1000.339
       74035.961        5926.260        1000.339
       76150.566        6111.642         972.946
       77792.457        6175.910         592.236
       80000.000        6122.449           0.000
           0.000        7142.857           0.000
        2248.851        7146.831         601.577
        4033.229        7006.157         984.908
        6049.966        7324.529         974.280
        7957.838        7289.224        1000.321
        8873.490        7284.235        1000.321
       11016.302        7023.923        1000.120
       12064.246        6924.816        1000.106
       14038.321        7195.565        1000.259
       15303.131        7114.560        1000.259
       16255.641        7053.530        1000.259
       18251.953        6988.317        1000.350
       20125.486        7288.696        1000.301
       21402.359        7223.251        1000.284
       23493.060        7187.829        1000.361
       24333.660        7339.792        1000.361
       26332.625        7277.142        1000.298
       28596.057        7032.829        1000.325
       30283.449        7061.547        1000.383
       31513.779        7259.647        1000.383
       33485.236        6963.096        1000.262
       35321.968        7198.112        1000.282
       37505.533        7061.362        1000.259
       38401.335        7312.322        1000.257
       40491.235        7011.211        1000.237
       41465.035        7045.120        1000.237
       43341.044        6998.591        1000.324
       45576.861        7254.358        1000.309
       47552.964        6959.878        1000.322
       49521.680        7376.165        1000.288
       51848.240        7307.355        1000.391
       53783.933        6912.085        1000.427
       55681.393        7003.053        1000.104
       57897.210        7148.773        1000.253
       59653.191        7381.116        1000.316
       61699.080        7191.018        1000.341
       62914.466        7089.933        1000.333
       64889.974        7286.282        1000.110
       66884.857        7179.410        1000.359
       68649.562        7180.083        1000.471
       70789.720        7137.542        1000.471
       72743.342        6978.745        1000.345
       75186.212        7231.823        1000.385
       76038.438        7233.603        1000.385
       76938.416        7231.881         928.073
       79168.605        7338.082         152.133
       80000.000        7142.857           0.000
           0.000        8163.265           0.000
        2852.452        8322.319         890.173
        4818.667        8183.021         853.001
        7121.195        8110.498        1000.329
        8270.394        8029.932        1000.321
        8904.662        8356.893        1000.321
       10088.979        8343.278        1000.321
       10998.442        8347.597        1000.174
       13310.632        7924.460        1000.288
       14402.473        7980.727        1000.259
       16196.327        8087.470        1000.136
       18351.433        7957.999        1000.336
       20175.427        8107.778        1000.225
       22324.788        8188.337        1000.273
       24238.955        8261.131        1000.291
       26202.333        7936.001        1000.305
       28544.232        8411.947        1000.520
       30223.948        8023.911        1000.383
       32443.489        7929.981        1000.383
       34573.740        8172.553        1000.292
       35482.971        7999.140        1000.281
       36343.466        7994.609        1000.282
       38453.143        7929.419        1000.257
       40463.670        8034.380        1000.238
       42707.722        7970.522        1000.323
       43395.706        8014.967        1000.323
       45497.216        8122.792        1000.310
       47454.158        7988.198        1000.331
       49854.351        8160.326        1000.288
       51601.959        8075.807        1000.355
       53865.791        8207.646        1000.372
       55904.427        8104.989        1000.121
       56743.362        8042.147        1000.253
       57480.037        8018.267        1000.253
       58714.739        8010.479        1000.314
       59984.319        8191.721        1000.314
       61683.054        8384.340        1000.343
       63598.486        8049.290        1000.329
       66070.106        7931.745        1000.343
       66899.510        8397.786        1000.343
       69032.659        7933.656        1000.476
       70740.692        8344.096        1000.466
       72737.396        8175.946        1000.490
       73990.355        8223.567        1000.353
       75906.161        8256.402         988.158
       77812.035        7923.045         583.786
       80000.000        8163.265           0.000
           0.000        9183.674           0.000
        1996.713        9266.726         497.551
        3970.956        9167.995         635.332
        6228.913        8964.440         980.913
        7896.671        9278.522        1000.327
       10063.660        9352.047        1000.324
       12360.235        9058.661        1000.483
       14122.687        9412.990        1000.293
       16236.203        9219.139        1000.137
       18014.000        9248.338        1000.348
       19072.452        9311.522        1000.335
       21287.490        9014.670        1000.225
       23434.615        9058.514        1000.291
       25273.673        9010.251        1000.351
       27273.223        9029.049        1000.467
       28565.197        9040.847        1000.520
       29555.092        9166.633        1000.520
       31180.591        9291.092        1000.178
       33586.195        9119.307        1000.460
       35533.578        9080.736        1000.281
       37359.165        8999.065        1000.188
       38439.968        9347.698        1000.189
       40490.114        8952.207        1000.454
       42528.559        9058.408        1000.323
       43363.176        9047.181        1000.323
       44319.809        9426.091        1000.323
       46817.265        9175.303        1000.353
       48796.228        9291.342        1000.380
       50514.658        9400.971        1000.337
       51654.745        9268.126        1000.337
       53601.370        9193.177        1000.380
       55655.584        9321.868        1000.268
       56694.399        9295.492        1000.252
       58704.764        8953.026        1000.314
       60932.893        9365.149        1000.337
       62843.246        9105.313        1000.329
       64651.624        9135.946        1000.326
       67050.681        9396.482        1000.343
       69032.947        9015.572        1000.104
       70903.410        9352.442        1000.466
       71686.479        8942.609        1000.466
       73949.471        9339.380        1000.357
       75860.662        8991.841         951.228
       78133.808        9117.154         532.240
       80000.000        9183.674           0.000
           0.000       10204.082           0.000
         843.237        9953.586          76.964
        2104.135       10042.258         228.868
        4102.977       10299.614         816.341
        5945.953       10019.750        1000.434
        8174.035       10200.406        1000.469
        8903.203        9977.234        1000.457
       10936.191       10087.882        1000.469
       11920.203       10180.459        1000.462
       14286.761       10283.012        1000.293
       15159.574       10294.479        1000.293
       17355.873        9955.672        1000.335
       18022.615       10047.953        1000.335
       20378.904       10249.364        1000.365
       21470.435       10266.327        1000.225
       23163.142       10046.280        1000.291
       25390.200       10220.067        1000.467
       26299.255       10124.988        1000.467
       27489.600       10242.810        1000.467
       29219.566        9952.783        1000.521
       31592.947        9980.157        1000.347
       33484.004       10222.599        1000.296
       34584.462       10318.619        1000.057
       35289.370       10213.978        1000.281
       37548.162       10080.755        1000.292
       39743.109       10258.089        1000.440
       40431.708       10216.137        1000.440
       42391.479       10133.392        1000.440
       44505.041       10177.491        1000.325
       45650.142       10156.074        1000.289
       47445.572       10035.867        1000.391
       48515.642       10055.003        1000.380
       50780.965       10110.339        1000.285
       51412.747       10356.879        1000.257
       52704.260       10287.420        1000.337
       54460.653       10431.261        1000.265
       55617.393       10158.899        1000.265
       56669.158       10086.521        1000.252
       57552.626       10132.550        1000.253
       59777.861       10218.637        1000.396
       61845.531       10195.611        1000.329
       62611.291       10044.666        1000.329
       64744.613       10062.930        1000.320
       66828.532       10379.901        1000.337
       67797.300       10188.707        1000.158
       69989.289       10127.243        1000.265
       71849.455       10420.839        1000.466
       73720.043       10051.812        1000.404
       75779.135       10211.885         907.519
       77949.261       10425.065         371.378
       79131.965       10374.634         110.233
       80000.000       10204.082           0.000
           0.000       11224.490           0.000
        1944.289       11010.166         511.019
        4107.074       11442.027         970.627
        5033.252       11124.747        1000.431
        6251.739       11029.474        1000.431
        6838.929       10984.889        1000.431
        9032.808       11279.393        1000.335
       11122.020       11189.888        1000.462
       13044.735       11291.505        1000.466
       15123.477       11129.276        1000.300
       17041.521       11455.523        1000.206
       19307.677       11281.632        1000.335
       20449.748       11223.039        1000.335
       22422.641       11472.844        1000.349
       24324.027       11153.984        1000.248
       26201.448       10973.402        1000.477
       28144.774       11187.670        1000.404
       29528.379       11287.180        1000.394
       31546.294       11136.319        1000.347
       33289.431       11075.593        1000.268
       35584.515       11337.987        1000.288
       36674.343       10969.602        1000.244
       37715.834       11129.740        1000.244
       39650.851       11374.475        1000.460
       40397.966       11057.846        1000.440
       41460.715       11175.583        1000.440
       42704.711       11177.326        1000.378
       44470.873       11239.088        1000.325
       45744.114       11059.794        1000.289
       47419.262       11306.361        1000.194
       49743.442       11215.692        1000.177
       51498.438       11145.283        1000.257
       53772.005       11424.294        1000.265
       54606.387       11117.652        1000.264
       56855.784       10974.726        1000.278
       57615.753       10978.415        1000.253
       59601.986       11284.685        1000.396
       61910.091       11327.733        1000.402
       63930.581       11264.758        1000.365
       66012.595       11217.679        1000.337
       67848.863       10987.348        1000.158
       70106.241       11327.214        1000.282
       71910.079       11017.438        1000.466
       73947.539       11375.478        1000.369
       76058.090       11361.588         944.151
       77144.131       11158.943         742.806
       78861.195       11089.180         406.031
       80000.000       11224.490           0.000
           0.000       12244.898           0.000
        1964.277       12246.851         560.439
        3147.904       12251.256         898.183
        5211.323       12276.407        1000.388
        7263.169       12427.416        1000.235
        8188.478       12437.968        1000.236
        9362.834       12178.312        1000.335
       10949.120       12049.523        1000.462
       12340.344       12006.469        1000.462
       14077.938       12344.833        1000.252
       16418.418       12253.368        1000.206
       18147.692       12475.207        1000.288
       20455.423       12118.652        1000.335
       22108.740       12191.306        1000.350
       24257.445       12199.344        1000.270
       26329.948       12055.204        1000.332
       28413.447       12445.197        1000.314
       30464.654       12158.809        1000.394
       32164.300       12111.809        1000.393
       33330.910       12439.908        1000.372
       35456.678       12429.207        1000.239
       36418.635       12264.764        1000.244
       38732.250       12041.615        1000.331
       40288.461       12388.556        1000.343
       41518.265       12404.287        1000.378
       42337.744       12464.338        1000.378
       44688.042       12204.284        1000.289
       46420.660       12219.557        1000.289
       48507.580       12029.991        1000.178
       49602.341       12361.422        1000.177
       51627.302       12333.385        1000.257
       53852.913       12317.763        1000.170
       55774.451       12224.868        1000.491
       56724.694       12006.438        1000.482
       58945.067       12131.433        1000.643
       60838.151       12093.787        1000.195
       62680.798       12316.637        1000.365
       63584.145       12464.081        1000.365
       65709.410       12408.892        1000.350
       66976.470       12214.125        1000.364
       68743.977       12338.239        1000.208
       70644.004       12495.269        1000.231
       72822.194       12447.730        1000.162
       74783.482       12081.469        1000.369
       75767.140       12277.668        1000.369
       78141.105       12100.219         383.039
       78938.750       12003.690         204.612
       80000.000       12244.898           0.000
           0.000       13265.306           0.000
        1933.734       13046.488         571.848
        4010.139       13070.797         965.429
        5150.568       13025.787        1000.388
        7088.665       13108.462        1000.237
        9310.809       13425.402        1000.335
        9942.336       13282.151        1000.335
       11370.850       13026.215        1000.462
       13151.477       13352.642        1000.252
       14317.988       13462.021        1000.252
       15986.119       13366.624        1000.212
       18088.588       13402.760        1000.285
       20309.053       13242.605        1000.554
       21114.360       13167.750        1000.551
       23327.284       13446.273        1000.066
       25218.970       13360.838        1000.250
       27185.754       13167.373        1000.313
       29204.413       13484.199        1000.260
       31625.294       13274.804        1000.372
       32326.702       13520.114        1000.372
       34626.093       13259.042        1000.241
       35337.828       13220.792        1000.238
       37291.320       13326.819        1000.244
       39576.733       13302.054        1000.319
       40725.785       13171.017        1000.319
       42645.637       13138.454        1000.379
       44454.595       13387.589        1000.368
       46666.847       13021.171        1000.342
       48769.328       13020.848        1000.195
       49731.389       13047.340        1000.177
       51773.488       13106.322        1000.262
       53630.768       13163.679        1000.175
       54481.243       13328.841        1000.170
       55649.862       13090.022        1000.171
       57890.846       13275.679        1000.645
       58901.389       13044.386        1000.643
       59650.744       13212.311        1000.195
       61734.501       13310.855        1000.365
       62906.028       13204.379        1000.365
       64881.123       13240.502        1000.412
       67016.712       13174.337        1000.368
       68621.366       13130.430        1000.208
       70845.532       13403.874        1000.231
       73005.716       13471.036        1000.403
       74790.289       13305.694        1000.376
       76811.504       13349.111         756.842
       78769.928       13302.055         245.246
       80000.000       13265.306           0.000
           0.000       14285.715           0.000
        2099.643       14089.970         505.506
        4266.593       14209.042         969.728
        5315.561       14377.633        1000.388
        7212.758       14317.454        1000.371
        9252.386       14449.425        1000.335
       11383.643       14038.756        1000.468
       13266.580       14042.183        1000.252
       15027.485       14259.826        1000.258
       17120.179       14520.408        1000.287
       18047.700       14525.465        1000.285
       20062.440       14373.024        1000.253
       22297.306       14094.426        1000.300
       24104.456       14506.746        1000.301
       26076.309       14260.475        1000.316
       28546.593       14403.159        1000.257
       29184.925       14340.562        1000.257
       30533.725       14257.912        1000.250
       32433.039       14457.168        1000.376
       34250.984       14452.839        1000.336
       36577.539       14063.950        1000.238
       38650.485       14528.698        1000.546
       40629.860       14504.872        1000.320
       42400.894       14392.218        1000.408
       43395.665       14425.507        1000.582
       45354.731       14103.351        1000.366
       46556.838       14403.911        1000.342
       48718.487       14519.001        1000.350
       50600.452       14397.809        1000.272
       51685.869       14490.121        1000.269
       52678.973       14151.858        1000.269
       54625.801       14524.915        1000.170
       56871.517       14517.272        1000.274
       58484.918       14296.418        1000.320
       60660.400       14043.365        1000.211
       62941.744       14502.992        1000.536
       63640.882       14486.459        1000.536
       64719.113       14463.378        1000.536
       66678.968       14176.025        1000.505
       67872.652       14465.422        1000.505
       69866.578       14340.440        1000.385
       70825.360       14423.420        1000.385
       72115.870       14285.413        1000.385
       74171.334       14445.768        1000.309
       76051.181       14446.419         888.476
       76896.475       14380.707         721.192
       79106.520       14235.983         159.207
       80000.000       14285.715           0.000
           0.000       15306.123           0.000
        2245.017       15253.785         595.327
        4023.112       15170.604         950.717
        4847.247       15143.462        1000.388
        7068.902       15119.978        1000.371
        9316.643       15383.860        1000.353
       10921.460       15322.405        1000.313
       12974.239       15493.644        1000.191
       15249.057       15394.115        1000.114
       17426.395       15259.019        1000.285
       19215.726       15232.663        1000.245
       20436.120       15333.903        1000.245
       22265.524       15330.140        1000.305
       23185.553       15281.957        1000.300
       24194.686       15217.619        1000.300
       26378.873       15320.244        1000.361
       28206.554       15067.423        1000.263
       30508.272       15260.738        1000.250
       31342.678       15228.483        1000.250
       33658.694       15412.067        1000.338
       35398.880       15297.042        1000.384
       37365.640       15120.498        1000.351
       39507.147       15464.044        1000.526
       41716.527       15337.771        1000.397
       43425.635       15276.602        1000.583
       45641.032       15140.091        1000.445
       47775.391       15383.615        1000.293
       49376.448       15370.029        1000.479
       51679.037       15235.510        1000.269
       53804.432       15071.489        1000.170
       55889.136       15431.984        1000.273
       56677.340       15544.060        1000.273
       58876.519       15244.291        1000.312
       60719.784       15225.500        1000.347
       62795.058       15264.838        1000.377
       63922.240       15165.883        1000.536
       65883.894       15429.384        1000.505
       66806.466       15114.609        1000.505
       68922.503       15490.951        1000.318
       70811.421       15547.813        1000.313
       73024.677       15419.829        1000.042
       74961.829       15530.679        1000.282
       76982.986       15110.462         724.046
       79046.613       15539.070         213.034
       80000.000       15306.123           0.000
           0.000       16326.530           0.000
         935.831       16095.129         182.324
        2911.184       16107.654         699.851
        4079.263       16569.148        1000.427
        6305.689       16199.445        1000.372
        6873.101       16383.187        1000.371
        8078.383       16377.155        1000.219
       10084.800       16558.711        1000.343
       11257.273       16456.286        1000.313
       13151.051       16343.192        1000.191
       14993.334       16501.849        1000.116
       17414.313       16169.570        1000.285
       19286.378       16200.834        1000.265
       20002.467       16100.390        1000.245
       21064.445       16548.811        1000.245
       23355.530       16323.131        1000.359
       24143.703       16402.412        1000.332
       26084.463       16263.603        1000.363
       27535.375       16515.418        1000.263
       28155.004       16461.289        1000.263
       30370.924       16124.814        1000.250
       31498.700       16205.054        1000.358
       32438.116       16575.533        1000.358
       34384.313       16078.019        1000.384
       36409.760       16090.637        1000.364
       37606.419       16430.699        1000.351
       39724.907       16073.891        1000.526
       41667.629       16504.712        1000.423
       42736.036       16173.149        1000.397
       44742.546       16364.172        1000.436
       45791.173       16155.136        1000.436
       47396.990       16115.861        1000.263
       49604.262       16305.610        1000.420
       51707.852       16120.802        1000.284
       52643.156       16265.585        1000.461
       54543.075       16438.881        1000.431
       55862.094       16542.833        1000.431
       57642.070       16335.043        1000.273
       58525.286       16151.296        1000.312
       59572.409       16565.409        1000.312
       61611.363       16131.269        1000.346
       62801.901       16078.342        1000.347
       64684.391       16549.017        1000.558
       66680.417       16487.205        1000.540
       68852.487       16388.436        1000.314
       69789.163       16119.758        1000.313
       71655.072       16350.127        1000.312
       73765.603       16411.400        1000.365
       76060.563       16111.510         985.442
       77066.191       16106.905         886.837
       77966.230       16277.892         755.924
       80000.000       16326.530           0.000
           0.000       17346.939           0.000
         877.778       17173.449         178.584
        3040.873       17148.079         786.147
        5102.530       17326.001        1000.426
        7301.519       17380.647        1000.221
        8241.045       17582.212        1000.219
        9899.124       17561.233        1000.225
       11047.203       17556.928        1000.313
       13012.777       17157.895        1000.192
       15011.930       17564.360        1000.496
       17302.554       17249.748        1000.379
       18035.268       17483.606        1000.378
       19412.985       17231.656        1000.378
       21222.643       17497.350        1000.246
       23057.367       17097.255        1000.292
       25311.235       17421.274        1000.292
       27146.669       17113.192        1000.265
       29602.039       17444.604        1000.206
       30550.119       17421.030        1000.358
       31403.049       17447.688        1000.358
       33426.988       17184.301        1000.384
       35414.155       17416.620        1000.375
       37665.139       17222.128        1000.375
       39259.851       17124.582        1000.293
       40691.110       17288.720        1000.257
       42728.709       17399.328        1000.653
       44765.279       17390.097        1000.520
       46761.555       17359.086        1000.263
       47812.513       17384.736        1000.377
       49591.432       17234.388        1000.343
       50809.482       17219.225        1000.274
       52580.453       17266.620        1000.465
       54704.702       17222.877        1000.434
       56540.314       17176.950        1000.431
       58744.732       17208.310        1000.312
       60621.033       17455.444        1000.151
       62937.444       17264.825        1000.473
       64812.466       17182.642        1000.487
       65604.778       17344.962        1000.471
       68066.731       17344.846        1000.291
       69657.154       17579.860        1000.486
       72150.779       17315.937        1000.373
       72796.182       17457.113        1000.365
       73964.358       17322.802        1000.365
       76197.030       17474.880         938.233
       78151.934       17139.970         456.117
       80000.000       17346.939           0.000
           0.000       18367.347           0.000
        2214.865       18152.500         619.813
        4034.498       18206.835         973.016
        5877.810       18227.481        1000.177
        8338.914       18139.211        1000.219
        9092.086       18314.268        1000.145
       10905.330       18139.157        1000.313
       13163.576       18549.731        1000.385
       14967.900       18361.346        1000.495
       16331.797       18484.561        1000.495
       18153.698       18500.872        1000.387
       19428.798       18550.289        1000.378
       21479.600       18479.769        1000.246
       23084.285       18170.286        1000.292
       24073.406       18588.970        1000.292
       25122.862       18237.572        1000.292
       26471.224       18387.459        1000.292
       28323.576       18479.730        1000.320
       29215.559       18591.787        1000.316
       31204.765       18434.210        1000.456
       32443.996       18470.140        1000.453
       34497.844       18337.333        1000.395
       35532.009       18422.799        1000.375
       36306.803       18296.775        1000.375
       37687.484       18461.486        1000.375
       38689.091       18388.090        1000.375
       40461.387       18589.367        1000.257
       42624.000       18402.097        1000.653
       44469.272       18330.012        1000.513
       46473.931       18485.641        1000.378
       47689.113       18451.337        1000.375
       49604.360       18272.056        1000.274
       50411.999       18350.195        1000.274
       52701.361       18530.637        1000.534
       54588.278       18518.016        1000.412
       56749.718       18589.900        1000.409
       58980.016       18517.011        1000.336
       60811.963       18173.202        1000.151
       62648.673       18516.549        1000.341
       64020.193       18161.347        1000.471
       64742.501       18396.340        1000.471
       66751.701       18166.149        1000.274
       67700.262       18409.286        1000.274
       70036.255       18541.990        1000.483
       70867.632       18563.727        1000.484
       73074.467       18484.211        1000.368
       74720.699       18355.436        1000.273
       76733.823       18419.409         781.509
       78920.472       18433.339         174.042
       80000.000       18367.347           0.000
           0.000       19387.755           0.000
        2106.640       19239.020         533.894
        4005.240       19472.287         972.343
        5273.471       19636.713        1000.169
        7272.213       19406.397        1000.049
        8933.038       19432.861        1000.145
       10154.504       19523.765        1000.145
       12381.778       19316.258        1000.258
       14022.824       19459.082        1000.385
       16391.868       19297.645        1000.496
       18043.554       19273.707        1000.261
       20295.125       19539.871        1000.246
       22371.623       19485.009        1000.362
       24458.433       19498.424        1000.304
       26441.173       19143.044        1000.295
       28113.636       19442.006        1000.398
       30567.124       19482.547        1000.316
       32640.890       19243.067        1000.455
       34239.996       19444.180        1000.386
       36650.014       19399.542        1000.404
       38505.096       19607.129        1000.399
       40546.871       19290.071        1000.257
       42366.206       19522.805        1000.665
       44680.669       19273.438        1000.332
       46574.514       19226.686        1000.374
       47452.810       19421.475        1000.233
       49739.965       19467.311        1000.395
       51714.515       19621.032        1000.529
       52757.342       19177.288        1000.530
       54786.554       19261.762        1000.412
       56914.629       19444.123        1000.390
       57589.427       19238.501        1000.390
       58904.446       19167.610        1000.335
       59608.668       19375.949        1000.335
       61935.795       19559.522        1000.357
       62930.640       19346.889        1000.341
       64755.015       19471.093        1000.486
       66607.041       19270.375        1000.277
       67608.506       19446.417        1000.274
       68911.942       19143.772        1000.274
       71042.881       19272.754        1000.484
       72954.668       19480.498        1000.508
       74015.177       19593.212        1000.248
       76137.075       19399.682         898.284
       76943.142       19327.183         733.562
       78791.432       19478.127         321.189
       80000.000       19387.755           0.000
           0.000       20408.164           0.000
        2227.726       20241.565         609.922
        3063.424       20455.762         903.370
        4012.498       20153.235        1000.399
        4941.269       20565.352        1000.169
        6277.416       20206.980        1000.169
        6885.493       20511.367        1000.169
        9167.273       20657.556        1000.259
       11259.337       20231.711        1000.255
       13310.689       20639.353        1000.309
       15042.983       20219.929        1000.406
       16321.737       20609.170        1000.309
       18322.948       20221.491        1000.252
       20436.821       20419.739        1000.354
       21167.550       20446.236        1000.353
       23323.778       20411.650        1000.400
       25243.254       20596.634        1000.374
       27524.291       20616.797        1000.397
       28137.329       20153.626        1000.397
       30208.047       20266.411        1000.316
       32330.231       20621.712        1000.284
       33425.732       20506.510        1000.374
       35462.070       20527.440        1000.104
       37227.540       20183.657        1000.415
       38641.035       20349.751        1000.399
       40564.059       20326.002        1000.299
       42421.365       20531.169        1000.415
       44783.150       20423.860        1000.303
       46480.385       20641.535        1000.233
       47360.786       20655.695        1000.233
       49723.057       20461.999        1000.385
       51553.426       20258.242        1000.530
       53755.315       20661.436        1000.442
       55535.002       20561.987        1000.441
       57675.226       20518.405        1000.390
       59524.071       20209.444        1000.335
       60765.926       20373.692        1000.335
       62757.415       20204.019        1000.341
       64988.774       20635.404        1000.367
       66885.404       20622.415        1000.285
       68821.426       20440.792        1000.274
       70947.763       20394.661        1000.428
       73056.419       20202.988        1000.499
       74941.485       20174.973        1000.248
       77203.145       20614.603         715.998
       78994.382       20579.401         390.429
       80000.000       20408.164           0.000
           0.000       21428.572           0.000
        2087.556       21368.026         604.744
        2806.050       21206.571         886.563
        4286.276       21233.760        1000.399
        6103.923       21593.584        1000.203
        7115.819       21210.505        1000.169
        9153.272       21660.065        1000.261
        9992.391       21362.346        1000.249
       11986.990       21342.320        1000.255
       14187.310       21287.744        1000.309
       15233.387       21225.290        1000.309
       17373.451       21609.977        1000.342
       19087.748       21623.811        1000.604
       21413.238       21627.671        1000.330
       23291.311       21210.741        1000.401
       25518.687       21189.024        1000.374
       27245.115       21198.331        1000.397
       29468.594       21297.126        1000.151
       31230.352       21592.329        1000.285
       33439.345       21311.962        1000.392
       34348.746       21305.429        1000.374
       36379.879       21381.235        1000.102
       38239.521       21465.019        1000.399
       40445.480       21598.324        1000.313
       41590.388       21329.532        1000.413
       42314.707       21183.248        1000.413
       44372.115       21194.604        1000.304
       46789.269       21674.484        1000.233
       47424.777       21324.632        1000.233
       49611.273       21582.974        1000.385
       51767.357       21341.871        1000.385
       53858.583       21539.127        1000.441
       55897.366       21270.802        1000.441
       57622.262       21617.230        1000.390
       59731.902       21470.787        1000.361
       61583.261       21415.480        1000.346
       63820.878       21541.399        1000.367
       64929.548       21236.463        1000.367
       66855.052       21515.847        1000.284
       68935.419       21624.922        1000.275
       70648.832       21654.586        1000.454
       73067.466       21181.608        1000.499
       75078.373       21185.199        1000.248
       77194.797       21617.254         704.415
       79015.424       21209.282         179.934
       80000.000       21428.572           0.000
           0.000       22448.979           0.000
        2180.226       22447.220         552.685
        3797.509       22270.095         953.626
        5297.307       22590.165        1000.204
        6011.513       22312.874        1000.203
        8140.158       22599.679        1000.477
       10236.230       22301.097        1000.249
       12269.807       22351.985        1000.254
       14076.037       22278.257        1000.309
       16010.492       22258.873        1000.309
       17274.496       22660.734        1000.342
       19308.166       22449.127        1000.603
       21060.990       22354.992        1000.323
       22030.099       22546.300        1000.322
       23419.887       22591.157        1000.322
       24511.546       22264.472        1000.323
       26247.838       22676.865        1000.264
       27534.383       22370.880        1000.249
       29354.359       22303.420        1000.159
       31499.973       22546.513        1000.266
       33495.318       22354.235        1000.377
       34390.137       22459.717        1000.374
       36352.044       22194.773        1000.102
       38512.458       22469.274        1000.364
       39623.284       22490.175        1000.364
       41638.859       22587.085        1000.416
       43439.052       22627.779        1000.328
       44476.649       22459.640        1000.328
       46661.857       22517.165        1000.246
       48755.360       22561.405        1000.403
       49603.134       22675.689        1000.385
       50534.949       22563.644        1000.385
       51888.059       22391.101        1000.385
       53541.801       22496.295        1000.472
       54722.417       22569.072        1000.440
       55521.468       22621.545        1000.441
       57777.097       22443.681        1000.345
       58889.730       22323.582        1000.337
       60546.089       22444.203        1000.291
       62542.463       22303.176        1000.370
       64992.023       22549.383        1000.285
       65600.944       22391.522        1000.285
       67606.939       22241.808        1000.300
       68981.267       22663.899        1000.174
       70769.959       22321.487        1000.384
       73087.182       22502.937        1000.371
       74816.103       22521.861        1000.377
       77039.025       22627.303         725.374
       78758.345       22509.958         261.379
       80000.000       22448.979           0.000
           0.000       23469.388           0.000
         830.802       23586.258         156.917
        1823.728       23563.348         481.658
        4233.938       23599.819         990.723
        6240.026       23411.487        1000.255
        8139.962       23690.076        1000.459
        9070.904       23595.813        1000.459
       11356.183       23431.936        1000.249
       12110.170       23666.995        1000.249
       14351.370       23307.293        1000.309
       16100.908       23526.110        1000.356
       17054.058       23385.725        1000.342
       19270.234       23606.622        1000.387
       21063.362       23393.025        1000.323
       23184.200       23336.810        1000.323
       25356.970       23599.152        1000.328
       27587.144       23270.590        1000.249
       29195.751       23358.471        1000.286
       30230.889       23283.544        1000.318
       31274.460       23295.486        1000.265
       33417.521       23522.990        1000.467
       34654.443       23556.007        1000.466
       35371.628       23695.335        1000.466
       37633.722       23603.276        1000.367
       38326.986       23516.236        1000.364
       40645.838       23418.628        1000.271
       42442.430       23701.380        1000.310
       44364.428       23401.596        1000.372
       46497.595       23624.136        1000.211
       48378.283       23317.291        1000.539
       50530.913       23390.275        1000.396
       52883.798       23336.449        1000.309
       54586.131       23314.881        1000.441
       56754.788       23509.791        1000.285
       58935.755       23448.039        1000.337
       60725.165       23722.860        1000.291
       62897.093       23668.907        1000.175
       63584.516       23235.475        1000.086
       65987.542       23304.536        1000.285
       67761.566       23501.681        1000.174
       69985.726       23456.116        1000.414
       71053.457       23255.913        1000.384
       73083.439       23591.344        1000.371
       73731.171       23559.961        1000.371
       75088.021       23345.622        1000.371
       76878.827       23597.696         782.537
       77793.704       23598.836         522.210
       80000.000       23469.388           0.000
           0.000       24489.796           0.000
        3117.882       24394.148         899.935
        5112.969       24616.551        1000.271
        6129.276       24372.451        1000.255
        8115.594       24276.063        1000.459
       10130.247       24485.174        1000.459
       11909.532       24376.159        1000.249
       14255.286       24478.915        1000.337
       16326.704       24275.496        1000.418
       18415.134       24500.146        1000.381
       19084.541       24670.632        1000.381
       21473.481       24633.379        1000.340
       23122.528       24290.309        1000.027
       24499.143       24664.832        1000.236
       26172.989       24455.971        1000.327
       28421.185       24476.237        1000.264
       30561.497       24626.496        1000.265
       31501.111       24363.501        1000.265
       33432.091       24709.818        1000.395
       35445.478       24375.518        1000.468
       36643.290       24247.424        1000.354
       38695.652       24395.362        1000.489
       39613.824       24687.512        1000.489
       40722.985       24379.443        1000.262
       41298.998       24553.573        1000.262
       43776.284       24271.975        1000.299
       44801.124       24630.579        1000.299
       46730.396       24384.800        1000.209
       47375.870       24624.579        1000.209
       49491.132       24664.692        1000.407
       51632.885       24656.872        1000.271
       53642.758       24320.466        1000.452
       54708.615       24337.064        1000.445
       56579.558       24522.727        1000.310
       58664.877       24308.748        1000.337
       60795.350       24739.792        1000.229
       62715.162       24269.363        1000.167
       64828.680       24343.249        1000.340
       66935.391       24236.019        1000.185
       68058.958       24656.546        1000.174
       70064.736       24728.177        1000.368
       72086.141       24661.744        1000.429
       73885.056       24669.602        1000.371
       76096.409       24430.967         970.536
       78018.125       24566.035         595.360
       80000.000       24489.796           0.000
           0.000       25510.204           0.000
        2229.545       25267.597         604.831
        4074.131       25576.996         988.598
        6008.585       25413.813        1000.264
        6862.339       25300.836        1000.255
        9234.692       25468.414        1000.321
       11345.841       25333.977        1000.200
       13212.393       25310.478        1000.381
       15304.270       25328.036        1000.409
       16237.694       25711.717        1000.403
       17186.353       25372.828        1000.403
       18993.350       25583.770        1000.381
       20381.178       25582.367        1000.333
       21089.979       25317.210        1000.333
       22475.901       25431.403        1000.219
       24252.315       25641.983        1000.236
       26428.506       25517.404        1000.339
       28162.132       25581.846        1000.264
       30147.613       25438.923        1000.485
       32549.228       25687.221        1000.395
       33483.614       25728.308        1000.395
       35529.003       25655.047        1000.425
       37271.789       25267.838        1000.492
       38538.787       25497.962        1000.489
       40514.989       25677.946        1000.489
       41736.776       25524.618        1000.262
       42730.178       25473.151        1000.262
       44631.251       25409.689        1000.305
       46519.975       25539.777        1000.209
       48476.797       25658.450        1000.407
       49481.386       25478.424        1000.407
       51605.156       25666.109        1000.276
       53886.106       25341.749        1000.445
       54912.042       25351.496        1000.445
       56822.973       25654.343        1000.058
       57866.996       25277.935        1000.053
       59955.280       25563.025        1000.229
       61819.642       25634.433        1000.199
       63928.200       25282.142        1000.307
       65032.968       25485.339        1000.306
       66812.174       25706.386        1000.384
       67713.205       25492.500        1000.380
       69939.140       25485.007        1000.370
       71675.944       25284.178        1000.430
       73681.144       25761.691        1000.303
       75811.369       25391.649         963.806
       78027.947       25357.307         509.527
       80000.000       25510.204           0.000
           0.000       26530.612           0.000
        2207.159       26595.687         621.751
        4161.425       26508.205        1000.042
        5923.986       26601.192        1000.255
        8275.485       26392.058        1000.322
        9179.924       26386.109        1000.321
       10141.163       26506.350        1000.321
       12125.127       26693.448        1000.396
       13194.392       26455.588        1000.381
       15441.012       26346.460        1000.202
       17201.633       26469.252        1000.403
       19135.659       26613.530        1000.391
       21514.689       26365.221        1000.439
       22195.843       26289.716        1000.420
       24470.810       26601.238        1000.242
       25137.213       26277.195        1000.236
       27409.503       26308.002        1000.267
       29552.930       26738.561        1000.478
       30147.022       26701.617        1000.478
       32213.697       26425.996        1000.395
       33421.965       26474.991        1000.395
       34377.854       26726.866        1000.394
       36275.227       26553.973        1000.575
       38392.900       26643.547        1000.493
       40593.319       26389.504        1000.489
       42475.460       26740.530        1000.172
       44549.280       26658.509        1000.093
       46524.284       26699.858        1000.224
       48732.422       26340.917        1000.407
       49807.489       26328.913        1000.407
       51505.099       26290.695        1000.322
       53857.840       26717.181        1000.469
       55476.218       26307.872        1000.451
       57481.766       26685.604        1000.330
       59974.671       26306.727        1000.211
       61737.284       26758.013        1000.356
       62582.749       26379.797        1000.347
       63604.073       26712.015        1000.347
       65967.405       26440.879        1000.413
       67753.876       26400.181        1000.380
       69994.471       26745.525        1000.381
       71971.018       26719.822        1000.375
       73875.985       26518.384        1000.307
       75720.937       26486.618         998.513
       76771.513       26667.583         918.322
       77813.793       26580.838         614.500
       80000.000       26530.612           0.000
           0.000       27551.019           0.000
        1991.890       27779.541         416.935
        2812.450       27330.924         704.952
        4972.243       27697.154        1000.411
        7003.820       27639.047        1000.268
        9027.183       27664.637        1000.321
       10910.725       27458.925        1000.267
       13264.055       27457.426        1000.381
       15317.017       27316.424        1000.202
       17142.059       27717.923        1000.222
       18997.548       27640.255        1000.489
       21404.379       27324.908        1000.420
       22238.192       27653.584        1000.420
       23195.339       27694.866        1000.420
       25176.725       27722.285        1000.236
       27352.281       27458.412        1000.372
       29441.814       27771.253        1000.410
       31198.844       27770.478        1000.414
       33598.403       27700.164        1000.292
       35432.298       27299.740        1000.575
       36299.533       27404.954        1000.575
       38377.420       27805.785        1000.465
       40308.188       27754.566        1000.466
       42513.086       27685.596        1000.167
       44713.941       27645.408        1000.120
       46411.033       27497.250        1000.413
       47640.166       27592.439        1000.407
       49574.736       27616.929        1000.444
       51689.999       27541.094        1000.252
       53749.245       27507.544        1000.516
       54765.286       27380.597        1000.494
       55486.404       27771.398        1000.494
       57914.636       27629.182        1000.304
       58533.251       27361.806        1000.304
       60753.402       27786.771        1000.333
       62880.485       27418.452        1000.347
       64999.152       27654.322        1000.413
       65838.038       27469.033        1000.413
       67775.183       27620.605        1000.413
       68888.043       27328.790        1000.252
       69853.208       27376.670        1000.375
       71081.589       27351.487        1000.375
       72838.453       27782.053        1000.349
       75084.898       27343.731        1000.345
       76940.769       27699.957         737.314
       78784.524       27780.401         220.849
       80000.000       27551.019           0.000
           0.000       28571.430           0.000
        1980.499       28788.584         555.563
        3192.896       28650.901         795.094
        4852.508       28709.597        1000.411
        6966.013       28601.133        1000.268
        7925.686       28335.350        1000.268
       10327.812       28517.977        1000.241
       11038.753       28589.416        1000.241
       13257.419       28479.675        1000.314
       15153.398       28720.324        1000.202
       16073.577       28649.049        1000.202
       18114.512       28657.540        1000.480
       20271.909       28516.348        1000.271
       22356.196       28361.366        1000.420
       24542.928       28691.399        1000.447
       25418.169       28541.591        1000.442
       27125.459       28351.366        1000.362
       29142.766       28477.212        1000.410
       30452.212       28321.868        1000.410
       31277.937       28776.675        1000.410
       33372.973       28529.307        1000.292
       34358.198       28610.523        1000.292
       36395.773       28461.725        1000.578
       38564.792       28665.307        1000.465
       39627.879       28430.146        1000.465
       41578.952       28502.101        1000.174
       42325.343       28582.195        1000.167
       44798.487       28746.138        1000.275
       46642.374       28435.117        1000.421
       47495.035       28787.359        1000.407
       49608.897       28620.917        1000.350
       51607.849       28535.345        1000.252
       53847.285       28688.160        1000.734
       55812.738       28609.093        1000.494
       57669.044       28707.912        1000.294
       59741.510       28365.745        1000.304
       61875.606       28797.330        1000.257
       62915.036       28702.919        1000.257
       64733.623       28658.631        1000.413
       65993.130       28373.602        1000.413
       66649.249       28351.152        1000.413
       68929.778       28638.045        1000.599
       70750.987       28814.115        1000.375
       73012.465       28803.459        1000.340
       73987.324       28816.989        1000.340
       75136.704       28359.772        1000.340
       77189.962       28761.270         756.424
       79003.028       28393.133         318.402
       80000.000       28571.430           0.000
           0.000       29591.838           0.000
        2037.673       29838.048         670.134
        3008.860       29740.190         933.719
        5244.773       29354.506        1000.415
        6928.988       29743.957        1000.268
        8344.536       29541.142        1000.268
       10185.211       29605.695        1000.242
       10905.264       29558.827        1000.241
       13129.804       29385.984        1000.309
       15216.554       29833.281        1000.207
       17258.556       29359.905        1000.480
       19111.728       29449.738        1000.271
       20270.178       29400.037        1000.271
       21029.051       29396.837        1000.271
       23053.205       29405.408        1000.312
       25429.424       29695.923        1000.362
       27097.628       29599.575        1000.362
       29351.169       29445.360        1000.411
       31400.774       29446.521        1000.410
       33520.634       29562.568        1000.331
       35543.595       29400.190        1000.417
       36305.827       29789.604        1000.412
       37304.405       29793.785        1000.412
       39731.005       29605.696        1000.225
       40659.127       29645.423        1000.204
       42359.901       29794.707        1000.234
       44358.684       29616.588        1000.280
       46460.495       29712.453        1000.420
       47842.004       29675.581        1000.407
       49828.778       29454.990        1000.350
       50550.668       29770.909        1000.350
       52830.584       29562.324        1000.732
       53627.116       29764.010        1000.732
       55622.067       29764.574        1000.502
       57576.835       29430.460        1000.295
       59935.908       29691.086        1000.304
       61777.035       29474.069        1000.259
       63976.487       29364.342        1000.292
       65741.765       29472.385        1000.442
       66927.614       29532.244        1000.188
       68891.442       29791.520        1000.586
       70764.203       29445.277        1000.375
       72672.901       29528.340        1000.340
       74758.316       29738.496        1000.340
       76049.438       29785.042         966.276
       77915.172       29643.334         552.535
       80000.000       29591.838           0.000
           0.000       30612.245           0.000
         816.074       30362.759         184.981
        4842.750       30525.909        1000.381
        6954.002       30646.288        1000.286
        9013.502       30830.465        1000.244
       10990.911       30377.037        1000.241
       13128.561       30700.121        1000.309
       14300.499       30664.493        1000.309
       15986.085       30788.945        1000.316
       17998.389       30631.959        1000.282
       20343.827       30400.480        1000.399
       21153.844       30818.954        1000.397
       23059.053       30654.270        1000.474
       25257.256       30762.753        1000.388
       26375.571       30611.403        1000.362
       27482.521       30674.428        1000.362
       29482.930       30519.329        1000.308
       30191.847       30534.561        1000.265
       32561.956       30614.845        1000.327
       33189.655       30570.006        1000.327
       35585.804       30592.495        1000.390
       37640.212       30821.876        1000.400
       38574.762       30777.855        1000.400
       39448.160       30857.652        1000.400
       41486.722       30762.507        1000.373
       42747.811       30578.365        1000.233
       44559.016       30823.610        1000.402
       46712.022       30411.679        1000.444
       47670.302       30575.489        1000.407
       49723.342       30468.065        1000.358
       51771.376       30384.832        1000.350
       53707.742       30720.920        1000.732
       55893.888       30577.255        1000.426
       57480.722       30433.990        1000.419
       58709.270       30644.777        1000.419
       59635.865       30464.743        1000.419
       61652.506       30575.670        1000.448
       63025.078       30387.408        1000.412
       64974.686       30765.935        1000.131
       67037.921       30733.133        1000.194
       68989.148       30403.610        1000.586
       71008.194       30470.737        1000.195
       72913.430       30503.353        1000.406
       74945.298       30713.283        1000.203
       76005.442       30576.494        1000.203
       77817.658       30576.418         639.128
       80000.000       30612.245           0.000
           0.000       31632.653           0.000
        2194.516       31672.674         581.269
        2879.252       31496.893         839.404
        5136.909       31436.737        1000.395
        7159.546       31379.917        1000.297
        9109.713       31379.029        1000.252
       10083.503       31598.614        1000.332
       12178.276       31591.331        1000.330
       14317.458       31419.046        1000.309
       15225.656       31850.205        1000.309
       17323.562       31381.100        1000.376
       19443.175       31731.604        1000.342
       21232.283       31419.756        1000.397
       23482.504       31541.117        1000.473
       25329.214       31640.709        1000.527
       27388.625       31886.291        1000.465
       29430.498       31765.343        1000.265
       31373.291       31637.951        1000.327
       32628.423       31495.444        1000.327
       34358.240       31756.305        1000.390
       35215.669       31726.692        1000.390
       37665.385       31757.331        1000.423
       39733.844       31493.173        1000.403
       41553.181       31486.413        1000.372
       43485.429       31851.400        1000.392
       44570.652       31531.699        1000.402
       46607.729       31716.464        1000.386
       48410.115       31607.134        1000.553
       49547.520       31571.303        1000.553
       51851.043       31783.909        1000.562
       53625.717       31751.023        1000.564
       55462.287       31659.433        1000.308
       56687.788       31498.503        1000.419
       57841.668       31589.007        1000.419
       59608.802       31400.633        1000.419
       60973.239       31559.303        1000.427
       62726.443       31466.311        1000.413
       64771.826       31650.089        1000.131
       66648.473       31460.920        1000.283
       68002.100       31497.971        1000.270
       70045.574       31855.760        1000.258
       71695.584       31792.543        1000.457
       73144.509       31633.075        1000.402
       74986.974       31691.785        1000.311
       76843.144       31797.857         746.452
       78759.278       31716.898         242.805
       80000.000       31632.653           0.000
           0.000       32653.061           0.000
        2908.735       32707.912         909.199
        4882.440       32500.747        1000.328
        6153.817       32551.005        1000.280
        7120.987       32700.731        1000.280
        9053.517       32426.093        1000.337
       10947.995       32739.506        1000.141
       13327.906       32667.952        1000.243
       14967.742       32680.589        1000.309
       17081.956       32397.966        1000.367
       18226.437       32671.019        1000.361
       20479.963       32828.016        1000.331
       22413.443       32437.283        1000.252
       24505.147       32571.858        1000.501
       26249.859       32887.824        1000.461
       27099.254       32782.613        1000.461
       29571.488       32863.440        1000.265
       31331.273       32629.753        1000.378
       33288.942       32695.571        1000.421
       34625.920       32455.475        1000.390
       36276.467       32759.496        1000.256
       37558.039       32539.663        1000.423
       39472.833       32656.318        1000.285
       40484.826       32884.573        1000.265
       42501.330       32480.923        1000.370
       43689.149       32894.213        1000.347
       45649.236       32490.756        1000.372
       47704.576       32727.905        1000.581
       49517.727       32630.205        1000.557
       51888.647       32696.200        1000.562
       52643.193       32800.099        1000.562
       53436.861       32881.828        1000.562
       55818.349       32767.856        1000.292
       57914.504       32499.187        1000.140
       59728.159       32615.651        1000.434
       61562.882       32859.392        1000.382
       63552.235       32859.958        1000.327
       65840.011       32846.019        1000.319
       67914.029       32820.406        1000.269
       69669.127       32499.369        1000.259
       72087.498       32495.252        1000.402
       72788.048       32704.675        1000.402
       75160.099       32583.693        1000.386
       76742.220       32788.318         930.361
       77867.939       32880.212         596.862
       80000.000       32653.061           0.000
           0.000       33673.468           0.000
        2116.049       33524.835         553.344
        3039.979       33847.058         876.433
        4813.020       33617.392        1000.280
        6237.579       33683.862        1000.280
        7948.265       33642.230        1000.103
       10002.861       33816.446        1000.281
       11981.869       33709.691        1000.243
       14096.378       33673.440        1000.242
       16383.021       33703.651        1000.026
       18279.846       33762.464        1000.366
       20163.735       33712.666        1000.331
       21403.568       33608.206        1000.175
       23067.236       33909.569        1000.253
       25256.629       33582.739        1000.399
       26222.036       33820.298        1000.399
       28517.079       33639.010        1000.061
       30551.419       33819.010        1000.395
       32164.949       33701.242        1000.378
       34634.175       33454.199        1000.200
       35528.877       33744.679        1000.200
       36572.517       33780.476        1000.200
       38241.862       33895.341        1000.265
       39571.528       33655.721        1000.265
       40695.379       33449.798        1000.265
       42390.321       33913.682        1000.347
       43382.003       33784.910        1000.347
       45769.252       33466.693        1000.372
       46578.696       33537.811        1000.277
       48750.018       33553.604        1000.445
       50548.299       33676.188        1000.185
       51837.475       33850.637        1000.298
       53589.708       33659.869        1000.566
       55661.085       33841.418        1000.292
       57849.551       33886.698        1000.442
       59839.135       33890.310        1000.435
       61883.383       33842.347        1000.376
       63734.483       33524.048        1000.334
       65046.241       33435.455        1000.319
       66844.650       33885.771        1000.271
       67965.557       33738.120        1000.269
       69975.997       33670.177        1000.197
       71695.752       33872.119        1000.197
       74114.308       33878.687        1000.666
       76164.029       33866.801         891.552
       77785.409       33444.623         617.318
       80000.000       33673.468           0.000
           0.000       34693.879           0.000
        2206.197       34497.078         579.395
        4248.740       34607.174         987.661
        5973.794       34543.221        1000.280
        8005.985       34903.904        1000.095
       10346.798       34636.833        1000.278
       12339.316       34465.379        1000.493
       13068.687       34620.181        1000.491
       15007.466       34933.765        1000.243
       17093.859       34532.805        1000.327
       19225.792       34896.321        1000.443
       21016.846       34477.584        1000.175
       22360.926       34889.521        1000.179
       24418.937       34910.115        1000.122
       26535.315       34761.855        1000.399
       28517.759       34727.748        1000.061
       30568.085       34537.940        1000.378
       31243.861       34535.383        1000.378
       33431.407       34643.806        1000.378
       35586.061       34479.164        1000.200
       36390.904       34938.057        1000.200
       38730.336       34901.855        1000.275
       40638.304       34942.333        1000.265
       42576.564       34603.748        1000.326
       43702.980       34534.626        1000.347
       45680.269       34870.881        1000.372
       47801.340       34824.597        1000.438
       48483.842       34816.462        1000.438
       50790.479       34790.629        1000.185
       52898.349       34861.798        1000.305
       54517.190       34938.643        1000.377
       56685.146       34515.202        1000.296
       58741.367       34458.818        1000.435
       59663.517       34557.875        1000.435
       61723.023       34754.035        1000.347
       63582.471       34787.279        1000.338
       64564.503       34460.166        1000.319
       65793.782       34558.771        1000.319
       67893.485       34852.743        1000.294
       70041.434       34680.853        1000.312
       71038.277       34493.790        1000.197
       72907.227       34608.443        1000.664
       73801.594       34764.339        1000.664
       75989.985       34870.489         968.586
       76777.304       34551.078         698.495
       79065.822       34696.343         119.124
       80000.000       34693.879           0.000
           0.000       35714.287           0.000
        1909.301       35889.498         578.449
        3863.045       35836.079         961.552
        5003.656       35805.389        1000.310
        5984.764       35584.596        1000.310
        6860.519       35668.488        1000.310
        9353.672       35823.545        1000.278
       11140.021       35704.184        1000.278
       13279.992       35786.472        1000.491
       14993.190       35745.932        1000.243
       17360.164       35884.112        1000.327
       19105.058       35903.759        1000.443
       21234.087       35764.217        1000.509
       23160.383       35957.332        1000.357
       25380.127       35854.277        1000.473
       26098.532       35966.735        1000.473
       28371.802       35953.758        1000.360
       30336.275       35670.990        1000.390
       31481.536       35747.918        1000.378
       32402.669       35675.998        1000.378
       34328.774       35963.761        1000.378
       36317.002       35888.798        1000.200
       37687.968       35689.500        1000.275
       38727.580       35627.717        1000.275
       40450.122       35569.434        1000.265
       42304.519       35697.231        1000.326
       44721.299       35917.367        1000.353
       46599.612       35574.999        1000.220
       48760.789       35711.106        1000.438
       49809.213       35906.474        1000.438
       51417.853       35519.670        1000.188
       53769.397       35826.105        1000.395
       54675.081       35647.861        1000.375
       55686.306       35858.128        1000.375
       56663.604       35743.196        1000.375
       58729.211       35540.318        1000.435
       60945.376       35797.707        1000.336
       61524.300       35685.881        1000.336
       63976.900       35465.812        1000.333
       66045.607       35666.965        1000.319
       68009.237       35579.172        1000.309
       68922.697       35488.499        1000.282
       69646.185       35593.011        1000.282
       71665.957       35741.001        1000.201
       73868.687       35598.348        1000.664
       75058.398       35640.820        1000.487
       76775.739       35567.205         828.821
       78956.027       35509.600         293.964
       80000.000       35714.287           0.000
           0.000       36734.694           0.000
        1956.037       36929.900         518.003
        4095.718       36987.740         974.829
        4973.703       36492.284        1000.310
        7172.803       36554.170        1000.247
        8300.792       36693.327        1000.247
        8883.659       36703.570        1000.247
       11000.782       36641.287        1000.217
       13319.964       36698.939        1000.494
       15267.969       36703.905        1000.251
       17381.157       36955.455        1000.376
       19146.932       36761.851        1000.444
       21041.385       36666.210        1000.486
       22094.311       36648.788        1000.486
       24275.233       36566.967        1000.288
       26199.129       36798.763        1000.481
       27270.247       36922.713        1000.473
       28151.676       36798.050        1000.360
       29196.000       36777.301        1000.360
       31226.776       36820.126        1000.378
       33535.320       36917.523        1000.399
       35438.316       36966.123        1000.416
       37498.736       36663.681        1000.275
       39653.701       36943.017        1000.393
       41612.579       36694.164        1000.326
       43411.796       36756.052        1000.380
       45809.458       36610.344        1000.497
       47782.082       36935.953        1000.445
       49845.252       36735.247        1000.438
       51428.996       36524.059        1000.426
       52907.695       36989.341        1000.419
       54596.522       36541.395        1000.375
       56920.064       36491.077        1000.375
       58624.113       36849.481        1000.309
       59514.498       36654.734        1000.309
       61787.907       36847.544        1000.336
       64025.373       36492.733        1000.358
       64883.090       36930.367        1000.336
       66066.157       36514.726        1000.319
       67685.546       36494.035        1000.303
       68849.226       36598.796        1000.282
       70854.421       36842.816        1000.582
       72957.679       36910.263        1000.332
       74842.347       36554.464        1000.488
       77078.152       36971.898         677.413
       79137.868       36817.912         139.384
       80000.000       36734.694           0.000
           0.000       37755.102           0.000
        1912.010       37534.276         566.538
        3864.807       37668.846         957.042
        5853.012       37732.659        1000.310
        8016.268       37677.808        1000.247
       10326.102       37616.977        1000.217
       12178.775       37598.334        1000.217
       14210.078       37999.671        1000.493
       16378.635       37981.042        1000.536
       18215.214       37743.954        1000.365
       20043.747       37546.896        1000.486
       21289.083       37844.997        1000.486
       23119.311       37818.492        1000.488
       25416.442       37660.585        1000.497
       27338.803       38005.188        1000.473
       29174.324       37718.875        1000.368
       31473.967       37826.591        1000.345
       33638.811       37625.724        1000.394
       34525.714       37847.983        1000.394
       36278.463       37646.861        1000.200
       38599.344       37835.422        1000.394
       39374.645       37615.263        1000.393
       41620.862       37787.460        1000.326
       43793.668       37515.632        1000.324
       45621.353       37679.136        1000.445
       46457.691       37735.431        1000.445
       47570.369       37525.606        1000.445
       49677.812       37753.387        1000.451
       51830.514       37859.868        1000.419
       52596.823       37622.037        1000.419
       54487.693       37861.922        1000.284
       56733.035       37598.092        1000.321
       57894.101       37508.566        1000.310
       58843.728       37781.773        1000.309
       60973.753       37638.645        1000.579
       61680.306       37717.746        1000.578
       63589.892       37733.581        1000.336
       65578.907       37923.639        1000.336
       67748.058       37502.530        1000.334
       68689.744       37886.499        1000.282
       70894.064       37847.092        1000.578
       72121.752       37850.699        1000.579
       74157.420       37682.800        1000.332
       75148.327       37893.277        1000.332
       75940.677       37921.237        1000.332
       77820.544       37754.857         701.449
       80000.000       37755.102           0.000
           0.000       38775.510           0.000
        1214.780       38746.725         240.584
        3251.138       38991.637         747.489
        4055.255       38864.197        1000.443
        6233.886       38840.937        1000.411
        8253.769       38986.220        1000.391
       10263.656       38923.690        1000.390
       12139.713       38853.946        1000.240
       14199.695       38715.744        1000.493
       16286.744       38887.814        1000.539
       18459.206       39022.798        1000.350
       19155.243       39022.822        1000.350
       21421.353       38625.260        1000.486
       23531.217       38683.732        1000.440
       24264.971       38523.335        1000.440
       26396.344       38621.799        1000.479
       27293.517       38708.189        1000.479
       29379.615       38763.800        1000.332
       31299.613       39003.716        1000.355
       33448.564       38751.119        1000.433
       35469.377       38736.231        1000.394
       37364.164       38569.304        1000.176
       39389.032       38875.103        1000.393
       40643.386       39005.060        1000.393
       42631.044       38857.635        1000.319
       43650.523       38841.868        1000.319
       45790.392       38730.438        1000.455
       47396.470       38942.970        1000.445
       48709.455       38565.006        1000.445
       50722.139       38989.352        1000.404
       52551.571       38604.639        1000.439
       53521.561       38912.441        1000.284
       55645.662       38690.493        1000.284
       57605.323       38645.263        1000.317
       59746.411       38719.697        1000.597
       60896.822       38951.505        1000.579
       62803.573       39019.852        1000.505
       64887.098       38542.938        1000.341
       66609.318       38885.673        1000.324
       67613.962       38526.014        1000.324
       69058.176       38798.572        1000.324
       69931.621       38613.713        1000.324
       71834.872       38905.522        1000.596
       74015.071       38703.493        1000.337
       74739.582       38908.833        1000.332
       76746.269       38607.811         958.986
       78971.820       38571.043         287.552
       80000.000       38775.510           0.000
           0.000       39795.917           0.000
        1146.263       39620.193         224.826
        3154.745       40009.104         767.381
        5036.413       39580.819        1000.474
        6230.671       39870.830        1000.410
        8032.725       39567.166        1000.391
        8930.642       39697.985        1000.390
       11263.408       39815.718        1000.192
       12950.684       39787.380        1000.500
       13993.672       39996.154        1000.493
       15323.441       39591.703        1000.493
       17296.338       39875.540        1000.686
       19331.932       40018.989        1000.299
       20413.831       39871.877        1000.299
       22127.095       39713.799        1000.440
       23081.786       39764.520        1000.440
       24217.431       39993.119        1000.440
       25183.352       39575.950        1000.440
       27155.263       39730.344        1000.490
       28162.078       39945.592        1000.479
       30231.077       39943.573        1000.338
       32321.491       39963.933        1000.511
       34195.981       39766.896        1000.395
       35386.265       39650.877        1000.395
       36668.034       39685.583        1000.395
       38397.856       39835.549        1000.515
       40730.095       39740.808        1000.404
       42627.998       39781.159        1000.319
       44580.719       39838.649        1000.369
       46433.987       40016.576        1000.303
       48632.477       39843.860        1000.449
       50700.127       40021.161        1000.404
       52668.939       39681.041        1000.301
       54684.545       39696.368        1000.284
       56645.415       39741.377        1000.284
       57856.390       39765.754        1000.284
       59816.641       39913.230        1000.350
       61924.377       39659.893        1000.509
       62646.475       39944.620        1000.504
       64937.683       39792.667        1000.342
       66824.028       39729.837        1000.324
       68904.318       39962.284        1000.269
       70867.630       39766.220        1000.300
       72016.297       39814.283        1000.592
       74039.228       40047.448        1000.332
       76151.813       39820.346         942.040
       77901.300       39802.158         510.752
       80000.000       39795.917           0.000
           0.000       40816.328           0.000
        1999.018       40996.988         603.240
        3011.963       40783.363         896.116
        5267.288       40625.044        1000.414
        6960.860       40708.322        1000.411
        9231.350       40854.729        1000.391
       11190.767       40783.098        1000.181
       11919.238       40659.013        1000.181
       13947.082       40706.944        1000.493
       16232.735       40919.542        1000.533
       17088.702       40712.180        1000.686
       19096.861       40967.608        1000.309
       21194.428       40921.681        1000.265
       23237.171       40976.748        1000.362
       24304.119       40958.652        1000.344
       26349.968       41053.104        1000.357
       28207.209       41037.084        1000.398
       30549.688       41022.581        1000.401
       32523.507       40645.621        1000.511
       33441.393       40804.497        1000.511
       34326.222       41024.974        1000.474
       36688.209       41002.435        1000.288
       38389.814       40708.735        1000.515
       40422.760       40787.920        1000.387
       42597.630       40991.551        1000.319
       44533.431       40850.432        1000.325
       45480.039       40902.039        1000.303
       46737.988       40635.001        1000.303
       48777.721       40601.208        1000.472
       50769.359       40941.604        1000.404
       51582.211       40621.804        1000.404
       53807.737       40817.552        1000.527
       55917.085       40624.442        1000.284
       56501.209       40594.511        1000.284
       58918.413       40639.400        1000.636
       60765.856       40753.769        1000.295
       61936.164       40809.651        1000.504
       63965.387       40722.558        1000.340
       64797.073       40739.438        1000.340
       66993.382       41017.676        1000.439
       68914.039       40806.427        1000.269
       69859.203       40727.065        1000.269
       70698.951       40823.497        1000.269
       73071.441       40720.191        1000.384
       75156.648       40785.141         999.796
       76743.430       40782.492         895.010
       77732.736       41032.545         684.843
       80000.000       40816.328           0.000
           0.000       41836.736           0.000
        1970.282       41708.364         453.019
        4080.436       41860.783         945.110
        6017.791       41921.240        1000.236
        7227.908       41654.388        1000.236
        8900.744       42033.482        1000.310
       10896.371       41733.671        1000.181
       13201.732       41752.465        1000.306
       14379.294       41910.359        1000.306
       16205.084       41778.954        1000.532
       18261.878       41918.071        1000.237
       20468.343       42065.108        1000.265
       21182.899       41625.078        1000.265
       23247.379       42032.783        1000.306
       25353.416       41652.440        1000.343
       27218.535       41705.699        1000.427
       28407.521       42032.633        1000.398
       30397.649       41601.551        1000.401
       32446.867       41644.159        1000.511
       34289.675       41822.178        1000.477
       36541.001       41873.633        1000.283
       38425.306       41739.904        1000.524
       40592.040       41789.853        1000.387
       41600.657       42039.977        1000.387
       43783.858       41986.078        1000.316
       44789.215       41714.299        1000.303
       46439.077       41715.783        1000.303
       47585.746       41908.262        1000.166
       49481.720       41974.351        1000.393
       51413.768       41832.239        1000.409
       53661.740       41772.308        1000.522
       55642.535       41905.671        1000.335
       57808.118       42069.312        1000.636
       58495.014       42015.137        1000.636
       60572.476       42010.994        1000.295
       62817.713       41682.439        1000.276
       64911.312       41969.306        1000.340
       66674.294       41631.873        1000.439
       68678.540       42083.413        1000.269
       71013.776       41720.900        1000.458
       71750.084       41855.723        1000.440
       73755.375       41744.850         999.860
       75070.879       41704.735         987.934
       76161.158       41702.656         913.342
       77782.752       41685.143         533.309
       80000.000       41836.736           0.000
           0.000       42857.143           0.000
        3168.119       42919.951         911.967
        5032.133       42625.644        1000.236
        7298.970       42749.112        1000.305
        8079.368       42930.849        1000.290
        9981.641       43097.169        1000.290
       12344.425       43070.378        1000.121
       14044.055       42697.858        1000.321
       16282.701       42706.545        1000.327
       18376.837       42832.056        1000.241
       20498.863       43026.755        1000.168
       22409.376       42769.807        1000.297
       24172.747       43079.497        1000.345
       25313.991       42714.603        1000.343
       27256.950       43015.812        1000.401
       28296.939       42996.241        1000.397
       29519.332       42947.544        1000.398
       31437.014       42655.134        1000.371
       32475.079       42764.813        1000.366
       33344.892       42850.350        1000.366
       35422.629       42695.704        1000.333
       36503.276       42764.388        1000.284
       38647.398       42624.823        1000.387
       39694.175       42849.798        1000.387
       40446.320       42799.188        1000.387
       42591.146       42743.826        1000.404
       44449.410       43064.890        1000.303
       45410.105       42640.096        1000.303
       47351.813       43086.454        1000.166
       49611.312       42952.205        1000.387
       50645.083       42900.793        1000.387
       52661.745       42990.175        1000.534
       53697.848       42670.181        1000.522
       55826.689       43075.477        1000.334
       56867.405       42983.409        1000.334
       58597.807       42810.895        1000.639
       60701.870       43032.666        1000.296
       62717.780       42718.384        1000.261
       63805.126       42676.145        1000.259
       65732.265       42908.996        1000.353
       67912.654       42779.591        1000.404
       70086.245       42946.160        1000.440
       71130.654       42633.295        1000.440
       72677.409       42816.090        1000.303
       74929.562       42738.582         999.886
       77171.999       42630.981         709.256
       79184.613       42886.657         165.779
       80000.000       42857.143           0.000
           0.000       43877.551           0.000
        2112.854       43797.195         582.064
        3275.810       43987.237         943.235
        5062.332       43979.343        1000.282
        7198.135       43913.948        1000.290
        9098.080       43843.527        1000.290
       11092.373       44006.911         999.043
       12258.396       44070.233        1000.120
       14167.044       44058.824        1000.574
       16158.245       43862.928        1000.327
       18044.269       43877.662        1000.327
       20135.855       43908.616        1000.176
       22488.977       43997.386        1000.297
       24314.312       44043.572        1000.562
       26130.344       43696.558        1000.215
       28159.480       43973.781        1000.398
       30572.340       43773.965        1000.297
       32531.808       43957.016        1000.297
       34439.090       44078.652        1000.342
       35516.685       43830.756        1000.333
       36388.950       43825.023        1000.333
       38684.770       43781.362        1000.328
       40428.380       44125.044        1000.402
       42556.872       43794.263        1000.425
       44608.162       43922.351        1000.303
       45811.563       44061.114        1000.303
       47790.718       44009.621        1000.190
       49815.817       44033.443        1000.278
       50637.686       43844.171        1000.387
       52785.603       44033.595        1000.522
       53544.779       44070.073        1000.522
       55683.536       43876.526        1000.336
       57616.027       44077.570        1000.334
       59842.145       43990.709        1000.285
       60766.572       43890.939        1000.267
       61803.776       43742.331        1000.267
       63574.616       43953.948        1000.345
       65614.086       43667.495        1000.345
       66852.725       43844.391        1000.398
       67747.868       43846.108        1000.398
       70022.784       44062.306        1000.248
       71774.948       43817.936        1000.304
       74026.142       43978.433        1000.388
       75175.271       43844.911        1000.382
       76964.345       43937.350         745.507
       79022.483       44027.991         224.919
       80000.000       43877.551           0.000
           0.000       44897.959           0.000
        1071.141       45116.553         229.797
        3159.281       44929.197         812.935
        3947.116       44999.184        1000.605
        6255.917       45068.542        1000.414
        8103.074       45099.974        1000.020
       10023.818       44943.302         987.928
       11245.220       44865.876         987.525
       12346.605       44744.438        1000.120
       14301.240       44818.824        1000.573
       16201.497       44646.688        1000.336
       17024.738       44672.128        1000.327
       18089.577       45142.916        1000.327
       19296.810       44925.201        1000.129
       21171.991       44824.783        1000.212
       23091.293       45020.613        1000.337
       24404.511       44657.176        1000.562
       26090.760       44659.802        1000.172
       27434.747       44863.165        1000.172
       29287.022       45139.602        1000.304
       30350.757       44701.374        1000.297
       31356.726       44687.227        1000.297
       33557.439       45035.761        1000.143
       35337.635       44877.642        1000.333
       37434.588       44828.415        1000.336
       38481.810       44968.450        1000.327
       40422.032       44813.236         997.396
       41652.561       44696.754        1000.425
       42650.908       44682.107        1000.425
       43617.643       45070.228        1000.425
       45446.898       44963.120        1000.331
       47715.050       44657.746         996.665
       49566.957       44712.028        1000.269
       51798.166       44887.773         992.200
       53713.174       45069.302         962.676
       55543.791       44931.414        1000.466
       56957.604       44916.267        1000.350
       57971.842       44887.814        1000.350
       59658.795       45067.156        1000.267
       60822.317       44864.277        1000.267
       61733.594       44660.657        1000.267
       63724.365       44654.508        1000.345
       64778.708       45135.095        1000.345
       65751.193       44690.003        1000.345
       67070.901       44941.568        1000.345
       67907.203       44863.944        1000.345
       69731.910       44746.727         999.685
       71806.952       45012.766        1000.455
       73817.683       44872.804        1000.456
       75034.509       44662.373        1000.382
       76720.293       44850.746         824.813
       78915.020       44742.287         237.469
       80000.000       44897.959           0.000
           0.000       45918.366           0.000
        1788.535       46106.297         521.730
        4283.904       46015.435         890.108
        6200.748       46145.959        1000.416
        6964.133       45901.917        1000.414
        8971.033       46159.313         698.949
       10233.194       46063.391         876.384
       12259.572       46171.463         914.910
       14128.384       46018.354         917.249
       16017.838       45745.895        1000.349
       18220.414       46080.946        1000.337
       20055.272       46147.882         895.988
       22229.834       45868.791         914.391
       24140.034       45725.039         944.318
       25279.357       46011.965         798.304
       27169.731       46076.173        1000.172
       29247.306       45842.033         993.783
       31517.177       45988.955        1000.304
       32152.626       45848.831        1000.297
       34352.129       45667.790         901.395
       35269.394       45973.237        1000.333
       37445.262       45736.235        1000.327
       39704.077       46049.479         661.884
       41575.240       46050.864         940.068
       42730.806       46139.102         871.958
       44565.953       45711.535         982.200
       46557.365       45707.896         829.239
       47780.404       46084.220         940.793
       48636.006       45813.552        1000.269
       50659.455       45778.731         992.204
       51824.255       46029.585         910.890
       53635.387       45843.684         881.050
       55663.594       45774.569        1000.466
       57695.622       45927.156        1000.353
       59762.853       46051.791         994.950
       61656.455       46126.720         836.244
       63937.520       45989.547        1000.381
       65574.975       45846.780         913.493
       67935.278       45984.153         971.913
       69780.881       45852.075         979.534
       71770.863       45758.421        1000.453
       72998.939       45791.759        1000.453
       75008.614       45666.491         970.210
       75843.670       45665.076         873.331
       76933.318       45843.275         768.750
       78888.872       45690.090         279.394
       80000.000       45918.366           0.000
           0.000       46938.777           0.000
        1127.096       46807.162         191.082
        2842.228       46977.736         666.427
        5140.651       46734.582         764.131
        7116.915       47128.179         695.006
        8997.708       46734.915         538.608
       11127.812       47174.136         781.439
       13186.637       46817.027         662.534
       13950.935       47059.788         813.947
       16149.363       46868.352         689.979
       18123.874       46813.924         862.866
       20099.311       47143.064         692.354
       22314.878       47113.305         548.871
       23253.065       47169.083         719.047
       25141.239       47093.322         547.689
       26528.862       46785.484         894.588
       28377.610       46796.554         905.249
       29441.602       46797.945         933.951
       30176.721       47064.331         948.232
       31362.258       47062.963         917.379
       33266.945       47082.491         797.195
       35353.995       46989.585         748.282
       37249.372       46866.820         785.030
       39717.846       46939.613         491.230
       41564.253       47064.201         658.666
       43468.243       47053.928         796.874
       44349.787       46842.710         813.018
       46468.595       46800.385         544.343
       48437.546       47098.511         887.188
       50647.922       47136.908         828.699
       52887.409       46828.749         692.285
       53716.248       46947.350         768.779
       55931.192       46871.666         878.935
       57576.158       46738.584         947.540
       58916.747       46993.614         948.492
       60548.375       46796.736         686.521
       62727.381       46757.886         940.924
       64604.310       46831.250         841.928
       66981.220       47004.893         690.342
       67698.503       46747.601         853.781
       69668.659       46879.250         670.382
       70707.449       46768.568         721.702
       72991.254       46944.986         951.138
       74948.141       47093.301         721.669
       75789.788       46710.057         634.684
       77893.642       46963.078         616.738
       80000.000       46938.777           0.000
           0.000       47959.185           0.000
        1787.442       48014.028         576.052
        4250.278       47959.612         413.597
        5062.616       47963.234         495.814
        7159.653       48099.585         555.777
        8995.263       48201.500         287.623
       10939.950       48097.763         505.464
       13321.917       48107.538         311.631
       14230.424       47843.888         664.754
       16448.322       48152.748         355.239
       18293.731       47752.301         590.666
       22081.617       47857.506         354.793
       24089.721       47721.217         625.188
       26505.408       47853.523         554.011
       28516.982       48162.344         472.193
       29382.145       47936.215         585.631
       31267.562       48008.425         596.545
       32254.149       47963.920         624.658
       34491.024       47813.531         370.738
       36559.667       47840.104         632.875
       37707.662       47743.762         512.216
       39541.364       48161.772         619.876
       40326.057       48086.317         305.765
       42598.648       47958.514         402.293
       44584.719       48048.759         439.973
       46685.889       47710.513         327.912
       48768.881       48002.019         593.558
       50588.609       47897.521         525.234
       52480.149       47902.697         438.605
       53690.197       48002.388         372.600
       54705.734       48168.900         451.574
       56692.576       47748.052         547.074
       58711.312       47957.759         620.096
       60987.262       47849.236         358.086
       62606.659       47720.702         677.756
       63739.632       48107.614         521.033
       65045.688       47886.618         521.027
       66594.505       47746.150         379.107
       68956.659       47973.011         683.554
       70042.406       47761.757         344.731
       71777.304       48090.121         513.808
       72776.912       48001.499         639.898
       74744.575       47920.780         604.752
       75986.274       48040.328         277.004
       78096.417       47842.046         522.477
       80000.000       47959.185           0.000
           0.000       48979.592           0.000
        2240.879       48961.424         275.118
        4159.235       48786.135         225.095
        6263.199       48757.133         185.648
        8095.078       48838.480         132.416
       10104.505       49097.048         348.645
       12106.644       48989.425         296.441
       13013.810       48833.593         169.087
       14981.109       48937.711         257.414
       17106.344       48905.499         419.108
       18064.356       49038.181         240.384
       19177.699       48832.542         207.982
       21327.401       48915.441         295.722
       22287.911       48763.783         168.785
       24483.229       49157.938         101.046
       26511.701       49033.644         189.122
       28533.052       49083.579         149.682
       30420.356       49172.846         158.762
       32389.925       49173.567         184.978
       34365.945       49210.388         104.790
       35350.486       48833.495         278.644
       37603.618       49014.989         176.292
       39279.106       48914.036         339.411
       41643.031       48933.864         110.677
       42748.738       48848.588         200.820
       44798.963       49112.605         165.593
       46523.136       49009.589         106.604
       48773.331       49167.519         191.496
       50495.262       48819.763         220.915
       52824.656       48891.872         121.719
       54785.868       49166.008         158.066
       56609.478       49006.373         170.769
       58521.653       49226.428         292.324
       61011.246       49125.449         114.870
       62704.854       48825.755         276.737
       64779.279       49210.692         145.913
       66701.986       48884.581         144.973
       68949.468       48725.388         460.638
       69799.427       49128.807         112.841
       71763.644       49001.821         209.152
       74092.743       48998.473         302.937
       75738.230       49023.202         118.261
       77852.305       48745.846         267.626
       80000.000       48979.592           0.000
           0.000       50000.000           0.000
        1012.658       50000.000           0.000
        2025.317       50000.000           0.000
        3037.975       50000.000           0.000
        4050.633       50000.000           0.000
        5063.291       50000.000           0.000
        6075.949       50000.000           0.000
        7088.608       50000.000           0.000
        8101.266       50000.000           0.000
        9113.924       50000.000           0.000
       10126.582       50000.000           0.000
       11139.240       50000.000           0.000
       12151.898       50000.000           0.000
       13164.557       50000.000           0.000
       14177.215       50000.000           0.000
       15189.873       50000.000           0.000
       16202.532       50000.000           0.000
       17215.190       50000.000           0.000
       18227.848       50000.000           0.000
       19240.507       50000.000           0.000
       20253.165       50000.000           0.000
       21265.824       50000.000           0.000
       22278.481       50000.000           0.000
       23291.140       50000.000           0.000
       24303.796       50000.000           0.000
       25316.455       50000.000           0.000
       26329.114       50000.000           0.000
       27341.771       50000.000           0.000
       28354.430       50000.000           0.000
       29367.089       50000.000           0.000
       30379.746       50000.000           0.000
       31392.405       50000.000           0.000
       32405.064       50000.000           0.000
       33417.721       50000.000           0.000
       34430.380       50000.000           0.000
       35443.039       50000.000           0.000
       36455.696       50000.000           0.000
       37468.355       50000.000           0.000
       38481.014       50000.000           0.000
       39493.670       50000.000           0.000
       40506.330       50000.000           0.000
       41518.989       50000.000           0.000
       42531.648       50000.000           0.000
       43544.302       50000.000           0.000
       44556.961       50000.000           0.000
       45569.620       50000.000           0.000
       46582.279       50000.000           0.000
       47594.938       50000.000           0.000
       48607.593       50000.000           0.000
       49620.252       50000.000           0.000
       50632.911       50000.000           0.000
       51645.570       50000.000           0.000
       52658.229       50000.000           0.000
       53670.888       50000.000           0.000
       54683.542       50000.000           0.000
       55696.201       50000.000           0.000
       56708.860       50000.000           0.000
       57721.519       50000.000           0.000
       58734.179       50000.000           0.000
       59746.838       50000.000           0.000
       60759.492       50000.000           0.000
       61772.151       50000.000           0.000
       62784.810       50000.000           0.000
       63797.469       50000.000           0.000
       64810.128       50000.000           0.000
       65822.783       50000.000           0.000
       66835.442       50000.000           0.000
       67848.101       50000.000           0.000
       68860.760       50000.000           0.000
       69873.419       50000.000           0.000
       70886.078       50000.000           0.000
       71898.732       50000.000           0.000
       72911.391       50000.000           0.000
       73924.050       50000.000           0.000
       74936.709       50000.000           0.000
       75949.368       50000.000           0.000
       76962.028       50000.000           0.000
       77974.682       50000.000           0.000
       78987.341       50000.000           0.000
       80000.000       50000.000           0.000
       72898.532        2611.758         642.231
        7147.256        2729.875         663.465
       76935.169        9794.886         678.774
       76864.198       10318.475         661.937
       23296.469        3916.889         784.383
CELLS       2445      7335
         2         0         0
         2         1         1
         2         2         2
         2         3         3
         2         4         4
         2         5         5
         2         6         6
         2         7         7
         2         8         8
         2         9         9
         2        10        10
         2        11        11
         2        12        12
         2        13        13
         2        14        14
         2        15        15
         2        16        16
         2        17        17
         2        18        18
         2        19        19
         2        20        20
         2        21        21
         2        22        22
         2        23        23
         2        24        24
         2        25        25
         2        26        26
         2        27        27
         2        28        28
         2        29        29
         2        30        30
         2        31        31
         2        32        32
         2        33        33
         2        34        34
         2        35        35
         2        36        36
         2        37        37
         2        38        38
         2        39        39
         2        40        40
         2        41        41
         2        42        42
         2        43        43
         2        44        44
         2        45        45
         2        46        46
         2        47        47
         2        48        48
         2        49        49
         2        50        50
         2        51        51
         2        52        52
         2        53        53
         2        54        54
         2        55        55
         2        56        56
         2        57        57
         2        58        58
         2        59        59
         2        60        60
         2        61        61
         2        62        62
         2        63        63
         2        64        64
         2        65        65
         2        66        66
         2        67        67
         2        68        68
         2        69        69
         2        70        70
         2        71        71
         2        72        72
         2        73        73
         2        74        74
         2        75        75
         2        76        76
         2        77        77
         2        78        78
         2        79        79
         2        80        80
         2        81        82
         2        82         4
         2        83         6
         2        84         7
         2        85        86
         2        86         9
         2        87        11
         2        88        12
         2        89        14
         2        90        16
         2        91        18
         2        92        19
         2        93        92
         2        94        23
         2        95        96
         2        96        25
         2        97        96
         2        98        29
         2        99        31
         2       100        33
         2       101        34
         2       102        36
         2       103       104
         2       104        40
         2       105        42
         2       106        44
         2       107        46
         2       108        48
         2       109        50
         2       110        51
         2       111        53
         2       112        55
         2       113        57
         2       114        59
         2       115       114
         2       116        62
         2       117        64
         2       118       119
         2       119        68
         2       120        70
         2       121        71
         2       122        73
         2       123        75
         2       124        77
         2       125       125
         2       126       126
         2       127       126
         2       128        82
         2       129        83
         2       130        86
         2       131        86
         2       132        87
         2       133        90
         2       134        90
         2       135        92
         2       136        92
         2       137        94
         2       138        96
         2       139        96
         2       140        98
         2       141        98
         2       142        99
         2       143       101
         2       144       101
         2       145       102
         2       146       104
         2       147       104
         2       148       105
         2       149       106
         2       150       107
         2       151       108
         2       152       108
         2       153       110
         2       154       112
         2       155       112
         2       156       113
         2       157       115
         2       158       116
         2       159       117
         2       160       117
         2       161       119
         2       162       119
         2       163       121
         2       164       122
         2       165       123
         2       166       124
         2       167       168
         2       168       168
         2       169       169
         2       170       169
         2       171       128
         2       172       129
         2       173       130
         2       174       130
         2       175        88
         2       176        89
         2       177       133
         2       178       135
         2       179       135
         2       180       135
         2       181       137
         2       182       183
         2       183       139
         2       184       139
         2       185        98
         2       186       141
         2       187       188
         2       188       143
         2       189       188
         2       190       143
         2       191       190
         2       192       147
         2       193       147
         2       194       147
         2       195       148
         2       196       150
         2       197       150
         2       198       151
         2       199       153
         2       200       153
         2       201       200
         2       202       154
         2       203       155
         2       204       157
         2       205       158
         2       206       159
         2       207       159
         2       208       161
         2       209       163
         2       210       163
         2       211      2440
         2       212       165
         2       213       167
         2       214       215
         2       215       215
         2       216       216
         2       217       216
         2       218       217
         2       219       218
         2       220       219
         2       221       221
         2       222       269
         2       223       223
         2       224       224
         2       225       176
         2       226       178
         2       227       135
         2       228       228
         2       229       228
         2       230      2444
         2       231       183
         2       232       183
         2       233       234
         2       234       282
         2       235       284
         2       236       188
         2       237       190
         2       238       239
         2       239       193
         2       240       193
         2       241       242
         2       242       242
         2       243       149
         2       244       150
         2       245       245
         2       246       199
         2       247       199
         2       248       153
         2       249       298
         2       250       300
         2       251       252
         2       252       253
         2       253       157
         2       254       158
         2       255       206
         2       256       256
         2       257       257
         2       258       210
         2       259       210
         2       260       212
         2       261       262
         2       262       313
         2       263       263
         2       264       264
         2       265       264
         2       266       218
         2       267       220
         2       268       221
         2       269       269
         2       270       322
         2       271       272
         2       272       272
         2       273       273
         2       274       273
         2       275       228
         2       276       327
         2       277       278
         2       278       231
         2       279       231
         2       280       280
         2       281       282
         2       282       282
         2       283       282
         2       284       333
         2       285       236
         2       286       286
         2       287       286
         2       288       239
         2       289       289
         2       290       338
         2       291       242
         2       292       291
         2       293       292
         2       294       295
         2       295       295
         2       296       297
         2       297       344
         2       298       299
         2       299       299
         2       300       299
         2       301       252
         2       302       253
         2       303       302
         2       304       351
         2       305       351
         2       306       305
         2       307       354
         2       308       355
         2       309       210
         2       310       210
         2       311       260
         2       312       313
         2       313       314
         2       314       314
         2       315       315
         2       316       315
         2       317       265
         2       318       319
         2       319       319
         2       320       269
         2       321       269
         2       322       369
         2       323       272
         2       324       273
         2       325       274
         2       326       275
         2       327       327
         2       328       327
         2       329       377
         2       330       280
         2       331       331
         2       332       283
         2       333       333
         2       334       286
         2       335       286
         2       336       385
         2       337       289
         2       338       338
         2       339       291
         2       340       293
         2       341       391
         2       342       343
         2       343       344
         2       344       344
         2       345       394
         2       346       347
         2       347       347
         2       348       347
         2       349       302
         2       350       351
         2       351       351
         2       352       305
         2       353       354
         2       354       354
         2       355       354
         2       356       357
         2       357       357
         2       358       357
         2       359       360
         2       360       361
         2       361       361
         2       362       362
         2       363       362
         2       364       363
         2       365       411
         2       366       367
         2       367       414
         2       368       369
         2       369       369
         2       370       371
         2       371       371
         2       372       371
         2       373       420
         2       374       327
         2       375       327
         2       376       377
         2       377       377
         2       378       378
         2       379       331
         2       380       426
         2       381       426
         2       382       382
         2       383       429
         2       384       385
         2       385       385
         2       386       386
         2       387       386
         2       388       434
         2       389       389
         2       390       340
         2       391       391
         2       392       343
         2       393       439
         2       394       394
         2       395       442
         2       396       444
         2       397       398
         2       398       351
         2       399       399
         2       400       448
         2       401       354
         2       402       355
         2       403       357
         2       404       405
         2       405       405
         2       406       454
         2       407       408
         2       408       408
         2       409       409
         2       410       457
         2       411       458
         2       412       413
         2       413       414
         2       414       414
         2       415       414
         2       416       416
         2       417       418
         2       418       371
         2       419       419
         2       420       466
         2       421       467
         2       422       467
         2       423       468
         2       424       378
         2       425       471
         2       426       426
         2       427       381
         2       428       429
         2       429       475
         2       430       475
         2       431       385
         2       432       386
         2       433       434
         2       434       480
         2       435       389
         2       436       390
         2       437       391
         2       438       485
         2       439       439
         2       440       394
         2       441       488
         2       442       441
         2       443       443
         2       444       443
         2       445       491
         2       446       491
         2       447       448
         2       448       448
         2       449       401
         2       450       496
         2       451       496
         2       452       452
         2       453       454
         2       454       407
         2       455       455
         2       456       456
         2       457       502
         2       458       503
         2       459       411
         2       460       414
         2       461       415
         2       462       509
         2       463       510
         2       464       419
         2       465       513
         2       466       466
         2       467       467
         2       468       468
         2       469       423
         2       470       518
         2       471       472
         2       472       472
         2       473       473
         2       474       427
         2       475       475
         2       476       476
         2       477       476
         2       478       527
         2       479       480
         2       480       480
         2       481       480
         2       482       530
         2       483       532
         2       484       485
         2       485       535
         2       486       439
         2       487       537
         2       488       488
         2       489       443
         2       490       444
         2       491       542
         2       492       543
         2       493       448
         2       494       494
         2       495       496
         2       496       496
         2       497       452
         2       498      2442
         2       499       551
         2       500       500
         2       501       501
         2       502       501
         2       503       502
         2       504       503
         2       505       557
         2       506       507
         2       507       507
         2       508       560
         2       509       560
         2       510       511
         2       511       511
         2       512       513
         2       513       564
         2       514       565
         2       515       467
         2       516       468
         2       517       518
         2       518       518
         2       519       518
         2       520       472
         2       521       571
         2       522       572
         2       523       523
         2       524       475
         2       525       575
         2       526       527
         2       527       527
         2       528       578
         2       529       481
         2       530       530
         2       531       532
         2       532       532
         2       533       534
         2       534       584
         2       535       535
         2       536       586
         2       537       586
         2       538       488
         2       539       488
         2       540       589
         2       541       542
         2       542       542
         2       543       543
         2       544       592
         2       545       545
         2       546       546
         2       547       496
         2       548       596
         2       549      2443
         2       550       551
         2       551       552
         2       552       552
         2       553       553
         2       554       503
         2       555       554
         2       556       557
         2       557       557
         2       558       557
         2       559       607
         2       560       609
         2       561       609
         2       562       511
         2       563       611
         2       564       564
         2       565       564
         2       566       566
         2       567       567
         2       568       518
         2       569       570
         2       570       570
         2       571       571
         2       572       572
         2       573       524
         2       574       575
         2       575       575
         2       576       577
         2       577       527
         2       578       527
         2       579       626
         2       580       627
         2       581       530
         2       582       629
         2       583       630
         2       584       584
         2       585       586
         2       586       586
         2       587       538
         2       588       539
         2       589       589
         2       590       637
         2       591       637
         2       592       592
         2       593       545
         2       594       546
         2       595       547
         2       596       596
         2       597       598
         2       598       550
         2       599       551
         2       600       600
         2       601       601
         2       602       601
         2       603       602
         2       604       652
         2       605       605
         2       606       605
         2       607       654
         2       608       656
         2       609       656
         2       610       658
         2       611       611
         2       612       660
         2       613       565
         2       614       566
         2       615       567
         2       616       665
         2       617       665
         2       618       570
         2       619       571
         2       620       668
         2       621       670
         2       622       575
         2       623       575
         2       624       672
         2       625       625
         2       626       625
         2       627       581
         2       628       581
         2       629       630
         2       630       678
         2       631       584
         2       632       681
         2       633       634
         2       634       634
         2       635       684
         2       636       636
         2       637       637
         2       638       637
         2       639       592
         2       640       640
         2       641       641
         2       642       642
         2       643       643
         2       644       596
         2       645       644
         2       646       647
         2       647       648
         2       648       648
         2       649       649
         2       650       649
         2       651       698
         2       652       700
         2       653       605
         2       654       654
         2       655       654
         2       656       656
         2       657       658
         2       658       658
         2       659       611
         2       660       707
         2       661       662
         2       662       662
         2       663       663
         2       664       664
         2       665       665
         2       666       713
         2       667       668
         2       668       668
         2       669       670
         2       670       670
         2       671       622
         2       672       672
         2       673       672
         2       674       626
         2       675       627
         2       676       676
         2       677       678
         2       678       678
         2       679       631
         2       680       681
         2       681       728
         2       682       681
         2       683       684
         2       684       684
         2       685       636
         2       686       637
         2       687       637
         2       688       638
         2       689       640
         2       690       641
         2       691       642
         2       692       739
         2       693       644
         2       694       695
         2       695       696
         2       696       696
         2       697       697
         2       698       697
         2       699       698
         2       700       700
         2       701       749
         2       702       654
         2       703       656
         2       704       658
         2       705       658
         2       706       754
         2       707       707
         2       708       756
         2       709       758
         2       710       759
         2       711       664
         2       712       713
         2       713       713
         2       714       762
         2       715       668
         2       716       716
         2       717       670
         2       718       767
         2       719       673
         2       720       768
         2       721       721
         2       722       723
         2       723       676
         2       724       724
         2       725       726
         2       726       726
         2       727       726
         2       728       728
         2       729       776
         2       730       777
         2       731       685
         2       732       733
         2       733       733
         2       734       733
         2       735       782
         2       736       782
         2       737       738
         2       738       739
         2       739       739
         2       740       786
         2       741       742
         2       742       743
         2       743       744
         2       744       744
         2       745       745
         2       746       791
         2       747       698
         2       748       700
         2       749       749
         2       750       702
         2       751       751
         2       752       799
         2       753       753
         2       754       707
         2       755       756
         2       756       756
         2       757       758
         2       758       758
         2       759       758
         2       760       760
         2       761       761
         2       762       762
         2       763       762
         2       764       716
         2       765       765
         2       766       815
         2       767       767
         2       768       768
         2       769       721
         2       770       820
         2       771       821
         2       772       822
         2       773       726
         2       774       728
         2       775       776
         2       776       776
         2       777       777
         2       778       830
         2       779       831
         2       780       733
         2       781       782
         2       782       782
         2       783       835
         2       784       836
         2       785       785
         2       786       786
         2       787       743
         2       788       789
         2       789       789
         2       790       790
         2       791       790
         2       792       791
         2       793       845
         2       794       795
         2       795       749
         2       796       847
         2       797       751
         2       798       751
         2       799       799
         2       800       753
         2       801       754
         2       802       803
         2       803       756
         2       804       756
         2       805       806
         2       806       806
         2       807       760
         2       808       809
         2       809       761
         2       810       762
         2       811       811
         2       812       811
         2       813       765
         2       814       815
         2       815       815
         2       816       767
         2       817       768
         2       818       768
         2       819       820
         2       820       820
         2       821       821
         2       822       822
         2       823       773
         2       824       824
         2       825       826
         2       826       826
         2       827       776
         2       828       777
         2       829       828
         2       830       830
         2       831       830
         2       832       780
         2       833       782
         2       834       835
         2       835       784
         2       836       836
         2       837       885
         2       838       839
         2       839       887
         2       840       788
         2       841       841
         2       842       842
         2       843       842
         2       844       843
         2       845       845
         2       846       847
         2       847       847
         2       848       894
         2       849       798
         2       850       799
         2       851       897
         2       852       853
         2       853       853
         2       854       853
         2       855       804
         2       856       902
         2       857       904
         2       858       808
         2       859       859
         2       860       811
         2       861       811
         2       862       812
         2       863       912
         2       864       913
         2       865       866
         2       866       915
         2       867       916
         2       868       917
         2       869       821
         2       870       919
         2       871       872
         2       872       872
         2       873       824
         2       874       826
         2       875       826
         2       876       828
         2       877       926
         2       878       928
         2       879       880
         2       880       929
         2       881       931
         2       882       932
         2       883       884
         2       884       885
         2       885       885
         2       886       887
         2       887       888
         2       888       888
         2       889       889
         2       890       889
         2       891       940
         2       892       942
         2       893       847
         2       894       944
         2       895       849
         2       896       947
         2       897       897
         2       898       897
         2       899       853
         2       900       853
         2       901       855
         2       902       903
         2       903       903
         2       904       903
         2       905       904
         2       906       907
         2       907       955
         2       908       909
         2       909       909
         2       910       911
         2       911       912
         2       912       913
         2       913       914
         2       914       914
         2       915       915
         2       916       916
         2       917       917
         2       918       963
         2       919       963
         2       920       921
         2       921       872
         2       922       967
         2       923       923
         2       924       970
         2       925       971
         2       926       926
         2       927       974
         2       928       928
         2       929       928
         2       930       930
         2       931       930
         2       932       932
         2       933       932
         2       934       884
         2       935       981
         2       936       937
         2       937       938
         2       938       938
         2       939       939
         2       940       939
         2       941       940
         2       942       991
         2       943       943
         2       944       944
         2       945       944
         2       946       994
         2       947       947
         2       948       898
         2       949       998
         2       950       901
         2       951       901
         2       952       903
         2       953       905
         2       954      1004
         2       955       955
         2       956       909
         2       957      1007
         2       958       912
         2       959      1010
         2       960       915
         2       961       916
         2       962      1013
         2       963       963
         2       964      1015
         2       965      1016
         2       966       966
         2       967       966
         2       968       923
         2       969       970
         2       970      1020
         2       971       972
         2       972      1022
         2       973       974
         2       974       974
         2       975       929
         2       976       930
         2       977       931
         2       978       931
         2       979       933
         2       980      1028
         2       981      1029
         2       982       983
         2       983       937
         2       984       985
         2       985       985
         2       986       986
         2       987       986
         2       988       987
         2       989       989
         2       990       991
         2       991       991
         2       992       991
         2       993      1040
         2       994       994
         2       995      1042
         2       996       947
         2       997      1043
         2       998       998
         2       999      1000
         2      1000      1000
         2      1001      1001
         2      1002      1048
         2      1003      1003
         2      1004      1003
         2      1005       955
         2      1006      1006
         2      1007      1053
         2      1008      1054
         2      1009      1010
         2      1010      1010
         2      1011      1011
         2      1012      1058
         2      1013      1013
         2      1014      1015
         2      1015      1015
         2      1016      1062
         2      1017       966
         2      1018      1064
         2      1019      1065
         2      1020      1020
         2      1021       972
         2      1022      1022
         2      1023       974
         2      1024      1070
         2      1025      1071
         2      1026       977
         2      1027      1027
         2      1028      1028
         2      1029      1029
         2      1030      1077
         2      1031      1032
         2      1032      1032
         2      1033      1033
         2      1034      1033
         2      1035      1034
         2      1036       989
         2      1037      1083
         2      1038       992
         2      1039      1040
         2      1040      1085
         2      1041       994
         2      1042      1042
         2      1043      1042
         2      1044      1089
         2      1045      1090
         2      1046      1092
         2      1047      1001
         2      1048      1048
         2      1049      1003
         2      1050      1050
         2      1051      1006
         2      1052      1053
         2      1053      1053
         2      1054      1054
         2      1055      1010
         2      1056      1011
         2      1057      1058
         2      1058      1058
         2      1059      1013
         2      1060      1061
         2      1061      1015
         2      1062      1110
         2      1063      1111
         2      1064      1113
         2      1065      1114
         2      1066      1020
         2      1067      1116
         2      1068      1022
         2      1069      1069
         2      1070      1069
         2      1071      1071
         2      1072      1026
         2      1073      1027
         2      1074      1028
         2      1075      1029
         2      1076      1077
         2      1077      1078
         2      1078      1078
         2      1079      1079
         2      1080      1079
         2      1081      1080
         2      1082      1083
         2      1083      1083
         2      1084      1134
         2      1085      1085
         2      1086      1136
         2      1087      1042
         2      1088      1043
         2      1089      1089
         2      1090      1090
         2      1091      1092
         2      1092      1093
         2      1093      1093
         2      1094      1093
         2      1095      1096
         2      1096      1145
         2      1097      1050
         2      1098      1148
         2      1099      1100
         2      1100      1053
         2      1101      1054
         2      1102      1102
         2      1103      1102
         2      1104      1057
         2      1105      1106
         2      1106      1106
         2      1107      1060
         2      1108      1109
         2      1109      1110
         2      1110      1111
         2      1111      1111
         2      1112      1113
         2      1113      1113
         2      1114      1113
         2      1115      1116
         2      1116      1163
         2      1117      1117
         2      1118      1069
         2      1119      1120
         2      1120      1071
         2      1121      1071
         2      1122      1168
         2      1123      1170
         2      1124      1172
         2      1125      1173
         2      1126      1127
         2      1127      1128
         2      1128      1128
         2      1129      1129
         2      1130      1129
         2      1131      1130
         2      1132      1178
         2      1133      1180
         2      1134      1135
         2      1135      1135
         2      1136      1085
         2      1137      1136
         2      1138      1087
         2      1139      1140
         2      1140      1089
         2      1141      1187
         2      1142      1092
         2      1143      1093
         2      1144      1191
         2      1145      1145
         2      1146      1192
         2      1147      1147
         2      1148      1194
         2      1149      1150
         2      1150      1150
         2      1151      1150
         2      1152      1153
         2      1153      1102
         2      1154      1200
         2      1155      1202
         2      1156      1106
         2      1157      1204
         2      1158      1158
         2      1159      1110
         2      1160      1160
         2      1161      1113
         2      1162      1162
         2      1163      1163
         2      1164      1117
         2      1165      1213
         2      1166      1166
         2      1167      1120
         2      1168      1168
         2      1169      1170
         2      1170      1170
         2      1171      1172
         2      1172      1172
         2      1173      1172
         2      1174      1175
         2      1175      1176
         2      1176      1176
         2      1177      1177
         2      1178      1131
         2      1179      1180
         2      1180      1180
         2      1181      1134
         2      1182      1135
         2      1183      1137
         2      1184      1138
         2      1185      1232
         2      1186      1187
         2      1187      1187
         2      1188      1236
         2      1189      1189
         2      1190      1238
         2      1191      1191
         2      1192      1240
         2      1193      1194
         2      1194      1194
         2      1195      1243
         2      1196      1151
         2      1197      1197
         2      1198      1199
         2      1199      1199
         2      1200      1201
         2      1201      1201
         2      1202      1203
         2      1203      1203
         2      1204      1251
         2      1205      1251
         2      1206      1253
         2      1207      1207
         2      1208      1209
         2      1209      1256
         2      1210      1162
         2      1211      1163
         2      1212      1260
         2      1213      1213
         2      1214      1262
         2      1215      1168
         2      1216      1168
         2      1217      1217
         2      1218      1218
         2      1219      1172
         2      1220      1269
         2      1221      1222
         2      1222      1222
         2      1223      1223
         2      1224      1223
         2      1225      1224
         2      1226      1227
         2      1227      1180
         2      1228      1276
         2      1229      1229
         2      1230      1279
         2      1231      1232
         2      1232      1232
         2      1233      1232
         2      1234      1187
         2      1235      1235
         2      1236      1235
         2      1237      1237
         2      1238      1238
         2      1239      1191
         2      1240      1240
         2      1241      1289
         2      1242      1243
         2      1243      1292
         2      1244      1292
         2      1245      1246
         2      1246      1199
         2      1247      1199
         2      1248      1201
         2      1249      1248
         2      1250      1203
         2      1251      1251
         2      1252      1299
         2      1253      1300
         2      1254      1207
         2      1255      1256
         2      1256      1256
         2      1257      1258
         2      1258      1258
         2      1259      1305
         2      1260      1260
         2      1261      1262
         2      1262      1262
         2      1263      1264
         2      1264      1264
         2      1265      1217
         2      1266      1218
         2      1267      1267
         2      1268      1269
         2      1269      1270
         2      1270      1270
         2      1271      1271
         2      1272      1271
         2      1273      1225
         2      1274      1227
         2      1275      1276
         2      1276      1276
         2      1277      1276
         2      1278      1279
         2      1279      1279
         2      1280      1326
         2      1281      1232
         2      1282      1234
         2      1283      1284
         2      1284      1330
         2      1285      1286
         2      1286      1238
         2      1287      1240
         2      1288      1289
         2      1289      1289
         2      1290      1291
         2      1291      1243
         2      1292      1292
         2      1293      1338
         2      1294      1246
         2      1295      1247
         2      1296      1341
         2      1297      1297
         2      1298      1251
         2      1299      1299
         2      1300      1299
         2      1301      1346
         2      1302      1256
         2      1303      1256
         2      1304      1351
         2      1305      1305
         2      1306      1307
         2      1307      1308
         2      1308      1308
         2      1309      1355
         2      1310      1264
         2      1311      1358
         2      1312      1359
         2      1313      1267
         2      1314      1268
         2      1315      1269
         2      1316      1317
         2      1317      1317
         2      1318      1318
         2      1319      1318
         2      1320      1319
         2      1321      1368
         2      1322      1369
         2      1323      1276
         2      1324      1372
         2      1325      1279
         2      1326      1326
         2      1327      1375
         2      1328      1376
         2      1329      1330
         2      1330      1330
         2      1331      1330
         2      1332      1286
         2      1333      1381
         2      1334      1382
         2      1335      1383
         2      1336      1385
         2      1337      1338
         2      1338      1338
         2      1339      1389
         2      1340      1389
         2      1341      1341
         2      1342      1297
         2      1343      1344
         2      1344      1299
         2      1345      1300
         2      1346      1346
         2      1347      1348
         2      1348      1349
         2      1349      1349
         2      1350      1351
         2      1351      1351
         2      1352      1400
         2      1353      1308
         2      1354      1404
         2      1355      1404
         2      1356      1405
         2      1357      1357
         2      1358      1359
         2      1359      1359
         2      1360      1409
         2      1361      1410
         2      1362      1363
         2      1363      1364
         2      1364      1364
         2      1365      1365
         2      1366      1365
         2      1367      1319
         2      1368      1368
         2      1369      1418
         2      1370      1369
         2      1371      1372
         2      1372      1421
         2      1373      1422
         2      1374      1375
         2      1375      1326
         2      1376      1376
         2      1377      1377
         2      1378      1330
         2      1379      1380
         2      1380      1380
         2      1381      1430
         2      1382      1382
         2      1383      1382
         2      1384      1383
         2      1385      1385
         2      1386      1385
         2      1387      1338
         2      1388      1389
         2      1389      1389
         2      1390      1391
         2      1391      1341
         2      1392      1392
         2      1393      1394
         2      1394      1344
         2      1395      1443
         2      1396      1346
         2      1397      1446
         2      1398      1349
         2      1399      1399
         2      1400      1351
         2      1401      1402
         2      1402      1402
         2      1403      1404
         2      1404      1404
         2      1405      1404
         2      1406      1454
         2      1407      1359
         2      1408      1409
         2      1409      1409
         2      1410      1409
         2      1411      1363
         2      1412      1413
         2      1413      1413
         2      1414      1414
         2      1415      1462
         2      1416      1366
         2      1417      1368
         2      1418      1418
         2      1419      1418
         2      1420      1421
         2      1421      1466
         2      1422      1467
         2      1423      1374
         2      1424      1376
         2      1425      1426
         2      1426      1377
         2      1427      1426
         2      1428      1428
         2      1429      1475
         2      1430      1476
         2      1431      1382
         2      1432      1384
         2      1433      1480
         2      1434      1435
         2      1435      1435
         2      1436      1435
         2      1437      1438
         2      1438      1438
         2      1439      1486
         2      1440      1392
         2      1441      1394
         2      1442      1394
         2      1443      1444
         2      1444      1491
         2      1445      1446
         2      1446      1446
         2      1447      1398
         2      1448      1399
         2      1449      1400
         2      1450      1401
         2      1451      1402
         2      1452      1404
         2      1453      1453
         2      1454      1454
         2      1455      1407
         2      1456      1408
         2      1457      1409
         2      1458      1459
         2      1459      1460
         2      1460      1460
         2      1461      1461
         2      1462      1461
         2      1463      1463
         2      1464      1418
         2      1465      1465
         2      1466      1466
         2      1467      1467
         2      1468      1467
         2      1469      1517
         2      1470      1425
         2      1471      1472
         2      1472      1472
         2      1473      1521
         2      1474      1475
         2      1475      1476
         2      1476      1476
         2      1477      1478
         2      1478      1524
         2      1479      1480
         2      1480      1480
         2      1481      1528
         2      1482      1483
         2      1483      1483
         2      1484      1483
         2      1485      1531
         2      1486      1486
         2      1487      1533
         2      1488      1489
         2      1489      1442
         2      1490      1444
         2      1491      1491
         2      1492      1446
         2      1493      1540
         2      1494      1495
         2      1495      1495
         2      1496      1495
         2      1497      1498
         2      1498      1498
         2      1499      1499
         2      1500      1453
         2      1501      1454
         2      1502      1502
         2      1503      1550
         2      1504      1505
         2      1505      1505
         2      1506      1507
         2      1507      1507
         2      1508      1508
         2      1509      1508
         2      1510      1509
         2      1511      1463
         2      1512      1559
         2      1513      1465
         2      1514      1514
         2      1515      1467
         2      1516      1467
         2      1517      1516
         2      1518      1470
         2      1519      1566
         2      1520      1472
         2      1521      1521
         2      1522      1522
         2      1523      1570
         2      1524      1524
         2      1525      1526
         2      1526      1480
         2      1527      1528
         2      1528      1528
         2      1529      1576
         2      1530      1484
         2      1531      1531
         2      1532      1580
         2      1533      1533
         2      1534      1581
         2      1535      1536
         2      1536      1536
         2      1537      1585
         2      1538      1585
         2      1539      1587
         2      1540      1541
         2      1541      1495
         2      1542      1495
         2      1543      1542
         2      1544      1498
         2      1545      1499
         2      1546      1547
         2      1547      1593
         2      1548      1548
         2      1549      1550
         2      1550      1550
         2      1551      1504
         2      1552      1553
         2      1553      1554
         2      1554      1554
         2      1555      1555
         2      1556      1602
         2      1557      1604
         2      1558      1605
         2      1559      1558
         2      1560      1514
         2      1561      1561
         2      1562      1609
         2      1563      1517
         2      1564      1565
         2      1565      1565
         2      1566      1566
         2      1567      1567
         2      1568      1521
         2      1569      1570
         2      1570      1570
         2      1571      1524
         2      1572      1619
         2      1573      1527
         2      1574      1528
         2      1575      1622
         2      1576      1576
         2      1577      1624
         2      1578      1625
         2      1579      1580
         2      1580      1580
         2      1581      1628
         2      1582      1582
         2      1583      1536
         2      1584      1585
         2      1585      1585
         2      1586      1585
         2      1587      1634
         2      1588      1588
         2      1589      1542
         2      1590      1637
         2      1591      1591
         2      1592      1639
         2      1593      1641
         2      1594      1548
         2      1595      1596
         2      1596      1550
         2      1597      1597
         2      1598      1599
         2      1599      1600
         2      1600      1600
         2      1601      1601
         2      1602      1601
         2      1603      1602
         2      1604      1605
         2      1605      1605
         2      1606      1652
         2      1607      1653
         2      1608      1562
         2      1609      1609
         2      1610      1610
         2      1611      1565
         2      1612      1566
         2      1613      1659
         2      1614      1567
         2      1615      1616
         2      1616      1616
         2      1617      1617
         2      1618      1665
         2      1619      1619
         2      1620      1621
         2      1621      1667
         2      1622      1621
         2      1623      1624
         2      1624      1625
         2      1625      1625
         2      1626      1627
         2      1627      1580
         2      1628      1673
         2      1629      1629
         2      1630      1675
         2      1631      1676
         2      1632      1632
         2      1633      1586
         2      1634      1634
         2      1635      1680
         2      1636      1681
         2      1637      1637
         2      1638      1591
         2      1639      1684
         2      1640      1641
         2      1641      1641
         2      1642      1688
         2      1643      1688
         2      1644      1690
         2      1645      1692
         2      1646      1647
         2      1647      1647
         2      1648      1648
         2      1649      1648
         2      1650      1649
         2      1651      1605
         2      1652      1652
         2      1653      1653
         2      1654      1655
         2      1655      1703
         2      1656      1609
         2      1657      1657
         2      1658      1706
         2      1659      1659
         2      1660      1659
         2      1661      1661
         2      1662      1616
         2      1663      1617
         2      1664      1665
         2      1665      1619
         2      1666      1714
         2      1667      1667
         2      1668      1667
         2      1669      1717
         2      1670      1625
         2      1671      1720
         2      1672      1627
         2      1673      1673
         2      1674      1675
         2      1675      1723
         2      1676      1676
         2      1677      1632
         2      1678      1727
         2      1679      1634
         2      1680      1681
         2      1681      1681
         2      1682      1732
         2      1683      1684
         2      1684      1684
         2      1685      1684
         2      1686      1641
         2      1687      1737
         2      1688      1688
         2      1689      1690
         2      1690      1690
         2      1691      1741
         2      1692      1693
         2      1693      1694
         2      1694      1694
         2      1695      1695
         2      1696      1695
         2      1697      1745
         2      1698      1698
         2      1699      1698
         2      1700      1699
         2      1701      1750
         2      1702      1653
         2      1703      1703
         2      1704      1656
         2      1705      1657
         2      1706      1706
         2      1707      1756
         2      1708      1758
         2      1709      1710
         2      1710      1760
         2      1711      1762
         2      1712      1713
         2      1713      1665
         2      1714      1713
         2      1715      1666
         2      1716      1668
         2      1717      1717
         2      1718      1717
         2      1719      1670
         2      1720      1720
         2      1721      1672
         2      1722      1722
         2      1723      1723
         2      1724      1723
         2      1725      1676
         2      1726      1727
         2      1727      1728
         2      1728      1728
         2      1729      1728
         2      1730      1681
         2      1731      1732
         2      1732      1732
         2      1733      1684
         2      1734      1685
         2      1735      1736
         2      1736      1737
         2      1737      1784
         2      1738      1688
         2      1739      1690
         2      1740      1740
         2      1741      1742
         2      1742      1693
         2      1743      1743
         2      1744      1744
         2      1745      1744
         2      1746      1745
         2      1747      1698
         2      1748      1749
         2      1749      1749
         2      1750      1749
         2      1751      1796
         2      1752      1703
         2      1753      1704
         2      1754      1705
         2      1755      1706
         2      1756      1757
         2      1757      1757
         2      1758      1758
         2      1759      1710
         2      1760      1760
         2      1761      1762
         2      1762      1762
         2      1763      1713
         2      1764      1808
         2      1765      1809
         2      1766      1717
         2      1767      1812
         2      1768      1720
         2      1769      1720
         2      1770      1816
         2      1771      1817
         2      1772      1724
         2      1773      1820
         2      1774      1820
         2      1775      1727
         2      1776      1729
         2      1777      1824
         2      1778      1824
         2      1779      1732
         2      1780      1781
         2      1781      1781
         2      1782      1734
         2      1783      1784
         2      1784      1784
         2      1785      1831
         2      1786      1833
         2      1787      1740
         2      1788      1789
         2      1789      1790
         2      1790      1790
         2      1791      1791
         2      1792      1791
         2      1793      1745
         2      1794      1747
         2      1795      1749
         2      1796      1796
         2      1797      1751
         2      1798      1846
         2      1799      1799
         2      1800      1848
         2      1801      1802
         2      1802      1757
         2      1803      1757
         2      1804      1852
         2      1805      1760
         2      1806      1762
         2      1807      1807
         2      1808      1809
         2      1809      1809
         2      1810      1859
         2      1811      1812
         2      1812      1812
         2      1813      1768
         2      1814      1863
         2      1815      1816
         2      1816      1865
         2      1817      1865
         2      1818      1772
         2      1819      1820
         2      1820      1820
         2      1821      1870
         2      1822      1823
         2      1823      1824
         2      1824      1824
         2      1825      1826
         2      1826      1826
         2      1827      1781
         2      1828      1781
         2      1829      1877
         2      1830      1784
         2      1831      1831
         2      1832      1831
         2      1833      1834
         2      1834      1882
         2      1835      1834
         2      1836      1789
         2      1837      1837
         2      1838      1838
         2      1839      1838
         2      1840      1839
         2      1841      1841
         2      1842      1890
         2      1843      1891
         2      1844      1892
         2      1845      1797
         2      1846      1895
         2      1847      1799
         2      1848      1849
         2      1849      1849
         2      1850      1802
         2      1851      1852
         2      1852      1902
         2      1853      1854
         2      1854      1905
         2      1855      1855
         2      1856      1807
         2      1857      1809
         2      1858      1809
         2      1859      1859
         2      1860      1812
         2      1861      1860
         2      1862      1913
         2      1863      1913
         2      1864      1816
         2      1865      1865
         2      1866      1865
         2      1867      1917
         2      1868      1820
         2      1869      1919
         2      1870      1870
         2      1871      1824
         2      1872      1873
         2      1873      1826
         2      1874      1924
         2      1875      1828
         2      1876      1877
         2      1877      1877
         2      1878      1877
         2      1879      1878
         2      1880      1929
         2      1881      1882
         2      1882      1930
         2      1883      1932
         2      1884      1885
         2      1885      1885
         2      1886      1886
         2      1887      1886
         2      1888      1887
         2      1889      1841
         2      1890      1890
         2      1891      1892
         2      1892      1892
         2      1893      1940
         2      1894      1895
         2      1895      1895
         2      1896      1895
         2      1897      1944
         2      1898      1899
         2      1899      1899
         2      1900      1901
         2      1901      1901
         2      1902      1901
         2      1903      1902
         2      1904      1905
         2      1905      1905
         2      1906      1855
         2      1907      1952
         2      1908      1909
         2      1909      1858
         2      1910      1909
         2      1911      1956
         2      1912      1861
         2      1913      1958
         2      1914      1863
         2      1915      1961
         2      1916      1865
         2      1917      1964
         2      1918      1869
         2      1919      1870
         2      1920      1870
         2      1921      1920
         2      1922      1969
         2      1923      1970
         2      1924      1970
         2      1925      1972
         2      1926      1876
         2      1927      1927
         2      1928      1976
         2      1929      1929
         2      1930      1930
         2      1931      1932
         2      1932      1933
         2      1933      1933
         2      1934      1934
         2      1935      1934
         2      1936      1983
         2      1937      1890
         2      1938      1890
         2      1939      1892
         2      1940      1988
         2      1941      1940
         2      1942      1895
         2      1943      1991
         2      1944      1944
         2      1945      1898
         2      1946      1994
         2      1947      1948
         2      1948      1996
         2      1949      1996
         2      1950      1998
         2      1951      1999
         2      1952      1952
         2      1953      1952
         2      1954      1954
         2      1955      2002
         2      1956      1956
         2      1957      2004
         2      1958      1958
         2      1959      2007
         2      1960      2007
         2      1961      2008
         2      1962      1962
         2      1963      1964
         2      1964      1964
         2      1965      2012
         2      1966      1967
         2      1967      1920
         2      1968      2015
         2      1969      2016
         2      1970      1970
         2      1971      1972
         2      1972      1972
         2      1973      2019
         2      1974      1927
         2      1975      1927
         2      1976      1975
         2      1977      1930
         2      1978      2024
         2      1979      1932
         2      1980      1981
         2      1981      1981
         2      1982      1982
         2      1983      1982
         2      1984      1983
         2      1985      1985
         2      1986      1985
         2      1987      2032
         2      1988      1988
         2      1989      1989
         2      1990      1989
         2      1991      1991
         2      1992      1992
         2      1993      1994
         2      1994      1994
         2      1995      2039
         2      1996      2041
         2      1997      1998
         2      1998      2043
         2      1999      1999
         2      2000      1952
         2      2001      1954
         2      2002      2002
         2      2003      1956
         2      2004      2004
         2      2005      2004
         2      2006      2007
         2      2007      2055
         2      2008      2055
         2      2009      2056
         2      2010      2057
         2      2011      1964
         2      2012      2012
         2      2013      2061
         2      2014      2015
         2      2015      2015
         2      2016      2016
         2      2017      2066
         2      2018      1972
         2      2019      2019
         2      2020      1974
         2      2021      2022
         2      2022      2070
         2      2023      2024
         2      2024      2025
         2      2025      2026
         2      2026      2027
         2      2027      2027
         2      2028      2028
         2      2029      1983
         2      2030      1985
         2      2031      2032
         2      2032      2032
         2      2033      2081
         2      2034      2083
         2      2035      1989
         2      2036      2085
         2      2037      1992
         2      2038      2038
         2      2039      2039
         2      2040      2041
         2      2041      2041
         2      2042      2043
         2      2043      2043
         2      2044      2043
         2      2045      2046
         2      2046      2046
         2      2047      2046
         2      2048      2095
         2      2049      2002
         2      2050      2051
         2      2051      2052
         2      2052      2004
         2      2053      2005
         2      2054      2055
         2      2055      2055
         2      2056      2056
         2      2057      2057
         2      2058      2057
         2      2059      2060
         2      2060      2012
         2      2061      2062
         2      2062      2062
         2      2063      2015
         2      2064      2016
         2      2065      2066
         2      2066      2066
         2      2067      2113
         2      2068      2115
         2      2069      2070
         2      2070      2070
         2      2071      2071
         2      2072      2024
         2      2073      2074
         2      2074      2075
         2      2075      2075
         2      2076      2076
         2      2077      2076
         2      2078      2077
         2      2079      2030
         2      2080      2032
         2      2081      2032
         2      2082      2130
         2      2083      2131
         2      2084      2132
         2      2085      2085
         2      2086      2134
         2      2087      2038
         2      2088      2039
         2      2089      2139
         2      2090      2140
         2      2091      2043
         2      2092      2143
         2      2093      2144
         2      2094      2095
         2      2095      2146
         2      2096      2095
         2      2097      2148
         2      2098      2052
         2      2099      2151
         2      2100      2055
         2      2101      2055
         2      2102      2056
         2      2103      2155
         2      2104      2057
         2      2105      2106
         2      2106      2060
         2      2107      2061
         2      2108      2062
         2      2109      2161
         2      2110      2162
         2      2111      2110
         2      2112      2164
         2      2113      2166
         2      2114      2115
         2      2115      2115
         2      2116      2169
         2      2117      2071
         2      2118      2172
         2      2119      2172
         2      2120      2121
         2      2121      2122
         2      2122      2122
         2      2123      2123
         2      2124      2123
         2      2125      2124
         2      2126      2126
         2      2127      2180
         2      2128      2128
         2      2129      2182
         2      2130      2182
         2      2131      2131
         2      2132      2132
         2      2133      2085
         2      2134      2085
         2      2135      2134
         2      2136      2136
         2      2137      2137
         2      2138      2088
         2      2139      2139
         2      2140      2141
         2      2141      2141
         2      2142      2143
         2      2143      2143
         2      2144      2143
         2      2145      2145
         2      2146      2146
         2      2147      2148
         2      2148      2148
         2      2149      2198
         2      2150      2151
         2      2151      2151
         2      2152      2151
         2      2153      2101
         2      2154      2203
         2      2155      2204
         2      2156      2206
         2      2157      2207
         2      2158      2158
         2      2159      2160
         2      2160      2160
         2      2161      2162
         2      2162      2162
         2      2163      2162
         2      2164      2165
         2      2165      2166
         2      2166      2166
         2      2167      2166
         2      2168      2167
         2      2169      2215
         2      2170      2216
         2      2171      2217
         2      2172      2172
         2      2173      2174
         2      2174      2175
         2      2175      2175
         2      2176      2176
         2      2177      2224
         2      2178      2272
         2      2179      2180
         2      2180      2180
         2      2181      2228
         2      2182      2228
         2      2183      2230
         2      2184      2230
         2      2185      2134
         2      2186      2135
         2      2187      2234
         2      2188      2235
         2      2189      2237
         2      2190      2237
         2      2191      2141
         2      2192      2240
         2      2193      2194
         2      2194      2144
         2      2195      2288
         2      2196      2146
         2      2197      2148
         2      2198      2246
         2      2199      2246
         2      2200      2293
         2      2201      2250
         2      2202      2250
         2      2203      2250
         2      2204      2204
         2      2205      2206
         2      2206      2298
         2      2207      2253
         2      2208      2158
         2      2209      2160
         2      2210      2258
         2      2211      2303
         2      2212      2165
         2      2213      2307
         2      2214      2262
         2      2215      2263
         2      2216      2217
         2      2217      2217
         2      2218      2219
         2      2219      2267
         2      2220      2221
         2      2221      2222
         2      2222      2222
         2      2223      2223
         2      2224      2223
         2      2225      2224
         2      2226      2273
         2      2227      2319
         2      2228      2275
         2      2229      2276
         2      2230      2277
         2      2231      2277
         2      2232      2279
         2      2233      2279
         2      2234      2327
         2      2235      2281
         2      2236      2329
         2      2237      2330
         2      2238      2283
         2      2239      2284
         2      2240      2285
         2      2241      2285
         2      2242      2286
         2      2243      2288
         2      2244      2288
         2      2245      2290
         2      2246      2292
         2      2247      2339
         2      2248      2293
         2      2249      2294
         2      2250      2295
         2      2251      2295
         2      2252      2297
         2      2253      2299
         2      2254      2299
         2      2255      2300
         2      2256      2301
         2      2257      2302
         2      2258      2303
         2      2259      2305
         2      2260      2306
         2      2261      2307
         2      2262      2307
         2      2263      2309
         2      2264      2309
         2      2265      2310
         2      2266      2313
         2      2267      2313
         2      2268      2269
         2      2269      2269
         2      2270      2270
         2      2271      2270
         2      2272      2318
         2      2273      2319
         2      2274      2320
         2      2275      2320
         2      2276      2371
         2      2277      2323
         2      2278      2277
         2      2279      2376
         2      2280      2326
         2      2281      2329
         2      2282      2330
         2      2283      2331
         2      2284      2332
         2      2285      2332
         2      2286      2333
         2      2287      2334
         2      2288      2335
         2      2289      2396
         2      2290      2337
         2      2291      2292
         2      2292      2339
         2      2293      2340
         2      2294      2341
         2      2295      2342
         2      2296      2343
         2      2297      2344
         2      2298      2345
         2      2299      2345
         2      2300      2346
         2      2301      2347
         2      2302      2419
         2      2303      2349
         2      2304      2350
         2      2305      2423
         2      2306      2351
         2      2307      2352
         2      2308      2309
         2      2309      2354
         2      2310      2355
         2      2311      2432
         2      2312      2357
         2      2313      2357
         2      2314      2358
         2      2315      2315
         2      2316      2316
         2      2317      2362
         2      2318      2364
         2      2319      2366
         2      2320      2368
         2      2321      2370
         2      2322      2372
         2      2323      2373
         2      2324      2375
         2      2325      2377
         2      2326      2378
         2      2327      2379
         2      2328      2381
         2      2329      2382
         2      2330      2384
         2      2331      2386
         2      2332      2388
         2      2333      2390
         2      2334      2392
         2      2335      2394
         2      2336      2395
         2      2337      2397
         2      2338      2399
         2      2339      2401
         2      2340      2402
         2      2341      2404
         2      2342      2406
         2      2343      2408
         2      2344      2410
         2      2345      2412
         2      2346      2414
         2      2347      2416
         2      2348      2418
         2      2349      2420
         2      2350      2422
         2      2351      2424
         2      2352      2426
         2      2353      2428
         2      2354      2429
         2      2355      2431
         2      2356      2433
         2      2357      2435
         2      2358      2437
         2      2359      2359
         2      2360      2360
         2      2361      2361
         2      2362      2362
         2      2363      2363
         2      2364      2364
         2      2365      2365
         2      2366      2366
         2      2367      2367
         2      2368      2368
         2      2369      2369
         2      2370      2370
         2      2371      2371
         2      2372      2372
         2      2373      2373
         2      2374      2374
         2      2375      2375
         2      2376      2376
         2      2377      2377
         2      2378      2378
         2      2379      2379
         2      2380      2380
         2      2381      2381
         2      2382      2382
         2      2383      2383
         2      2384      2384
         2      2385      2385
         2      2386      2386
         2      2387      2387
         2      2388      2388
         2      2389      2389
         2      2390      2390
         2      2391      2391
         2      2392      2392
         2      2393      2393
         2      2394      2394
         2      2395      2395
         2      2396      2396
         2      2397      2397
         2      2398      2398
         2      2399      2399
         2      2400      2400
         2      2401      2401
         2      2402      2402
         2      2403      2403
         2      2404      2404
         2      2405      2405
         2      2406      2406
         2      2407      2407
         2      2408      2408
         2      2409      2409
         2      2410      2410
         2      2411      2411
         2      2412      2412
         2      2413      2413
         2      2414      2414
         2      2415      2415
         2      2416      2416
         2      2417      2417
         2      2418      2418
         2      2419      2419
         2      2420      2420
         2      2421      2421
         2      2422      2422
         2      2423      2423
         2      2424      2424
         2      2425      2425
         2      2426      2426
         2      2427      2427
         2      2428      2428
         2      2429      2429
         2      2430      2430
         2      2431      2431
         2      2432      2432
         2      2433      2433
         2      2434      2434
         2      2435      2435
         2      2436      2436
         2      2437      2437
         2      2438      2438
         2      2439      2439
         2      2440       163
         2      2441       129
         2      2442       550
         2      2443       550
         2      2444       231
CELL_TYPES       2445
 3
 3
 3
 3
 3
 3
 3
 3
 3
 3
 3
 3
 3
 3
 3
 3
 3
 3
 3
 3
 3
 3
 3
 3
 3
 3
 3
 3
 3
 3
 3
 3
 3
 3
 3
 3
 3
 3
 3
 3
 3
 3
 3
 3
 3
 3
 3
 3
 3
 3
 3
 3
 3
 3
 3
 3
 3
 3
 3
 3
 3
 3
 3
 3
 3
 3
 3
 3
 3
 3
 3
 3
 3
 3
 3
 3
 3
 3
 3
 3
 3
 3
 3
 3
 3
 3
 3
 3
 3
 3
 3
 3
 3
 3
 3
 3
 3
 3
 3
 3
 3
 3
 3
 3
 3
 3
 3
 3
 3
 3
 3
 3
 3
 3
 3
 3
 3
 3
 3
 3
 3
 3
 3
 3
 3
 3
 3
 3
 3
 3
 3
 3
 3
 3
 3
 3
 3
 3
 3
 3
 3
 3
 3
 3
 3
 3
 3
 3
 3
 3
 3
 3
 3
 3
 3
 3
 3
 3
 3
 3
 3
 3
 3
 3
 3
 3
 3
 3
 3
 3
 3
 3
 3
 3
 3
 3
 3
 3
 3
 3
 3
 3
 3
 3
 3
 3
 3
 3
 3
 3
 3
 3
 3
 3
 3
 3
 3
 3
 3
 3
 3
 3
 3
 3
 3
 3
 3
 3
 3
 3
 3
 3
 3
 3
 3
 3
 3
 3
 3
 3
 3
 3
 3
 3
 3
 3
 3
 3
 3
 3
 3
 3
 3
 3
 3
 3
 3
 3
 3
 3
 3
 3
 3
 3
 3
 3
 3
 3
 3
 3
 3
 3
 3
 3
 3
 3
 3
 3
 3
 3
 3
 3
 3
 3
 3
 3
 3
 3
 3
 3
 3
 3
 3
 3
 3
 3
 3
 3
 3
 3
 3
 3
 3
 3
 3
 3
 3
 3
 3
 3
 3
 3
 3
 3
 3
 3
 3
 3
 3
 3
 3
 3
 3
 3
 3
 3
 3
 3
 3
 3
 3
 3
 3
 3
 3
 3
 3
 3
 3
 3
 3
 3
 3
 3
 3
 3
 3
 3
 3
 3
 3
 3
 3
 3
 3
 3
 3
 3
 3
 3
 3
 3
 3
 3
 3
 3
 3
 3
 3
 3
 3
 3
 3
 3
 3
 3
 3
 3
 3
 3
 3
 3
 3
 3
 3
 3
 3
 3
 3
 3
 3
 3
 3
 3
 3
 3
 3
 3
 3
 3
 3
 3
 3
 3
 3
 3
 3
 3
 3
 3
 3
 3
 3
 3
 3
 3
 3
 3
 3
 3
 3
 3
 3
 3
 3
 3
 3
 3
 3
 3
 3
 3
 3
 3
 3
 3
 3
 3
 3
 3
 3
 3
 3
 3
 3
 3
 3
 3
 3
 3
 3
 3
 3
 3
 3
 3
 3
 3
 3
 3
 3
 3
 3
 3
 3
 3
 3
 3
 3
 3
 3
 3
 3
 3
 3
 3
 3
 3
 3
 3
 3
 3
 3
 3
 3
 3
 3
 3
 3
 3
 3
 3
 3
 3
 3
 3
 3
 3
 3
 3
 3
 3
 3
 3
 3
 3
 3
 3
 3
 3
 3
 3
 3
 3
 3
 3
 3
 3
 3
 3
 3
 3
 3
 3
 3
 3
 3
 3
 3
 3
 3
 3
 3
 3
 3
 3
 3
 3
 3
 3
 3
 3
 3
 3
 3
 3
 3
 3
 3
 3
 3
 3
 3
 3
 3
 3
 3
 3
 3
 3
 3
 3
 3
 3
 3
 3
 3
 3
 3
 3
 3
 3
 3
 3
 3
 3
 3
 3
 3
 3
 3
 3
 3
 3
 3
 3
 3
 3
 3
 3
 3
 3
 3
 3
 3
 3
 3
 3
 3
 3
 3
 3
 3
 3
 3
 3
 3
 3
 3
 3
 3
 3
 3
 3
 3
 3
 3
 3
 3
 3
 3
 3
 3
 3
 3
 3
 3
 3
 3
 3
 3
 3
 3
 3
 3
 3
 3
 3
 3
 3
 3
 3
 3
 3
 3
 3
 3
 3
 3
 3
 3
 3
 3
 3
 3
 3
 3
 3
 3
 3
 3
 3
 3
 3
 3
 3
 3
 3
 3
 3
 3
 3
 3
 3
 3
 3
 3
 3
 3
 3
 3
 3
 3
 3
 3
 3
 3
 3
 3
 3
 3
 3
 3
 3
 3
 3
 3
 3
 3
 3
 3
 3
 3
 3
 3
 3
 3
 3
 3
 3
 3
 3
 3
 3
 3
 3
 3
 3
 3
 3
 3
 3
 3
 3
 3
 3
 3
 3
 3
 3
 3
 3
 3
 3
 3
 3
 3
 3
 3
 3
 3
 3
 3
 3
 3
 3
 3
 3
 3
 3
 3
 3
 3
 3
 3
 3
 3
 3
 3
 3
 3
 3
 3
 3
 3
 3
 3
 3
 3
 3
 3
 3
 3
 3
 3
 3
 3
 3
 3
 3
 3
 3
 3
 3
 3
 3
 3
 3
 3
 3
 3
 3
 3
 3
 3
 3
 3
 3
 3
 3
 3
 3
 3
 3
 3
 3
 3
 3
 3
 3
 3
 3
 3
 3
 3
 3
 3
 3
 3
 3
 3
 3
 3
 3
 3
 3
 3
 3
 3
 3
 3
 3
 3
 3
 3
 3
 3
 3
 3
 3
 3
 3
 3
 3
 3
 3
 3
 3
 3
 3
 3
 3
 3
 3
 3
 3
 3
 3
 3
 3
 3
 3
 3
 3
 3
 3
 3
 3
 3
 3
 3
 3
 3
 3
 3
 3
 3
 3
 3
 3
 3
 3
 3
 3
 3
 3
 3
 3
 3
 3
 3
 3
 3
 3
 3
 3
 3
 3
 3
 3
 3
 3
 3
 3
 3
 3
 3
 3
 3
 3
 3
 3
 3
 3
 3
 3
 3
 3
 3
 3
 3
 3
 3
 3
 3
 3
 3
 3
 3
 3
 3
 3
 3
 3
 3
 3
 3
 3
 3
 3
 3
 3
 3
 3
 3
 3
 3
 3
 3
 3
 3
 3
 3
 3
 3
 3
 3
 3
 3
 3
 3
 3
 3
 3
 3
 3
 3
 3
 3
 3
 3
 3
 3
 3
 3
 3
 3
 3
 3
 3
 3
 3
 3
 3
 3
 3
 3
 3
 3
 3
 3
 3
 3
 3
 3
 3
 3
 3
 3
 3
 3
 3
 3
 3
 3
 3
 3
 3
 3
 3
 3
 3
 3
 3
 3
 3
 3
 3
 3
 3
 3
 3
 3
 3
 3
 3
 3
 3
 3
 3
 3
 3
 3
 3
 3
 3
 3
 3
 3
 3
 3
 3
 3
 3
 3
 3
 3
 3
 3
 3
 3
 3
 3
 3
 3
 3
 3
 3
 3
 3
 3
 3
 3
 3
 3
 3
 3
 3
 3
 3
 3
 3
 3
 3
 3
 3
 3
 3
 3
 3
 3
 3
 3
 3
 3
 3
 3
 3
 3
 3
 3
 3
 3
 3
 3
 3
 3
 3
 3
 3
 3
 3
 3
 3
 3
 3
 3
 3
 3
 3
 3
 3
 3
 3
 3
 3
 3
 3
 3
 3
 3
 3
 3
 3
 3
 3
 3
 3
 3
 3
 3
 3
 3
 3
 3
 3
 3
 3
 3
 3
 3
 3
 3
 3
 3
 3
 3
 3
 3
 3
 3
 3
 3
 3
 3
 3
 3
 3
 3
 3
 3
 3
 3
 3
 3
 3
 3
 3
 3
 3
 3
 3
 3
 3
 3
 3
 3
 3
 3
 3
 3
 3
 3
 3
 3
 3
 3
 3
 3
 3
 3
 3
 3
 3
 3
 3
 3
 3
 3
 3
 3
 3
 3
 3
 3
 3
 3
 3
 3
 3
 3
 3
 3
 3
 3
 3
 3
 3
 3
 3
 3
 3
 3
 3
 3
 3
 3
 3
 3
 3
 3
 3
 3
 3
 3
 3
 3
 3
 3
 3
 3
 3
 3
 3
 3
 3
 3
 3
 3
 3
 3
 3
 3
 3
 3
 3
 3
 3
 3
 3
 3
 3
 3
 3
 3
 3
 3
 3
 3
 3
 3
 3
 3
 3
 3
 3
 3
 3
 3
 3
 3
 3
 3
 3
 3
 3
 3
 3
 3
 3
 3
 3
 3
 3
 3
 3
 3
 3
 3
 3
 3
 3
 3
 3
 3
 3
 3
 3
 3
 3
 3
 3
 3
 3
 3
 3
 3
 3
 3
 3
 3
 3
 3
 3
 3
 3
 3
 3
 3
 3
 3
 3
 3
 3
 3
 3
 3
 3
 3
 3
 3
 3
 3
 3
 3
 3
 3
 3
 3
 3
 3
 3
 3
 3
 3
 3
 3
 3
 3
 3
 3
 3
 3
 3
 3
 3
 3
 3
 3
 3
 3
 3
 3
 3
 3
 3
 3
 3
 3
 3
 3
 3
 3
 3
 3
 3
 3
 3
 3
 3
 3
 3
 3
 3
 3
 3
 3
 3
 3
 3
 3
 3
 3
 3
 3
 3
 3
 3
 3
 3
 3
 3
 3
 3
 3
 3
 3
 3
 3
 3
 3
 3
 3
 3
 3
 3
 3
 3
 3
 3
 3
 3
 3
 3
 3
 3
 3
 3
 3
 3
 3
 3
 3
 3
 3
 3
 3
 3
 3
 3
 3
 3
 3
 3
 3
 3
 3
 3
 3
 3
 3
 3
 3
 3
 3
 3
 3
 3
 3
 3
 3
 3
 3
 3
 3
 3
 3
 3
 3
 3
 3
 3
 3
 3
 3
 3
 3
 3
 3
 3
 3
 3
 3
 3
 3
 3
 3
 3
 3
 3
 3
 3
 3
 3
 3
 3
 3
 3
 3
 3
 3
 3
 3
 3
 3
 3
 3
 3
 3
 3
 3
 3
 3
 3
 3
 3
 3
 3
 3
 3
 3
 3
 3
 3
 3
 3
 3
 3
 3
 3
 3
 3
 3
 3
 3
 3
 3
 3
 3
 3
 3
 3
 3
 3
 3
 3
 3
 3
 3
 3
 3
 3
 3
 3
 3
 3
 3
 3
 3
 3
 3
 3
 3
 3
 3
 3
 3
 3
 3
 3
 3
 3
 3
 3
 3
 3
 3
 3
 3
 3
 3
 3
 3
 3
 3
 3
 3
 3
 3
 3
 3
 3
 3
 3
 3
 3
 3
 3
 3
 3
 3
 3
 3
 3
 3
 3
 3
 3
 3
 3
 3
 3
 3
 3
 3
 3
 3
 3
 3
 3
 3
 3
 3
 3
 3
 3
 3
 3
 3
 3
 3
 3
 3
 3
 3
 3
 3
 3
 3
 3
 3
 3
 3
 3
 3
 3
 3
 3
 3
 3
 3
 3
 3
 3
 3
 3
 3
 3
 3
 3
 3
 3
 3
 3
 3
 3
 3
 3
 3
 3
 3
 3
 3
 3
 3
 3
 3
 3
 3
 3
 3
 3
 3
 3
 3
 3
 3
 3
 3
 3
 3
 3
 3
 3
 3
 3
 3
 3
 3
 3
 3
 3
 3
 3
 3
 3
 3
 3
 3
 3
 3
 3
 3
 3
 3
 3
 3
 3
 3
 3
 3
 3
 3
 3
 3
 3
 3
 3
 3
 3
 3
 3
 3
 3
 3
 3
 3
 3
 3
 3
 3
 3
 3
 3
 3
 3
 3
 3
 3
 3
 3
 3
 3
 3
 3
 3
 3
 3
 3
 3
 3
 3
 3
 3
 3
 3
 3
 3
 3
 3
 3
 3
 3
 3
 3
 3
 3
 3
 3
 3
 3
 3
 3
 3
 3
 3
 3
 3
 3
 3
 3
 3
 3
 3
 3
 3
 3
 3
 3
 3
 3
 3
 3
 3
 3
 3
 3
 3
 3
 3
 3
 3
 3
 3
 3
 3
 3
 3
 3
 3
 3
 3
 3
 3
 3
 3
 3
 3
 3
 3
 3
 3
 3
 3
 3
 3
 3
 3
 3
 3
 3
 3
 3
 3
 3
 3
 3
 3
 3
 3
 3
 3
 3
 3
 3
 3
 3
 3
 3
 3
 3
 3
 3
 3
 3
 3
 3
 3
 3
 3
 3
 3
 3
 3
 3
 3
 3
 3
 3
 3
 3
 3
 3
 3
 3
 3
 3
 3
 3
 3
 3
 3
 3
 3
 3
 3
 3
 3
 3
 3
 3
 3
 3
 3
 3
 3
 3
 3
 3
 3
 3
 3
 3
 3
 3
 3
 3
 3
 3
 3
 3
 3
 3
 3
 3
 3
 3
 3
 3
 3
 3
 3
 3
 3
 3
 3
 3
 3
 3
 3
 3
 3
 3
 3
 3
 3
 3
 3
 3
 3
 3
 3
 3
 3
 3
 3
 3
 3
 3
 3
 3
 3
 3
 3
 3
 3
 3
 3
 3
 3
 3
 3
 3
 3
 3
 3
 3
 3
 3
 3
 3
 3
 3
 3
 3
 3
 3
 3
 3
 3
 3
 3
 3
 3
 3
 3
 3
 3
 3
 3
 3
 3
 3
 3
 3
 3
 3
 3
 3
 3
 3
 3
 3
 3
 3
 3
 3
 3
 3
 3
 3
 3
 3
 3
 3
 3
 3
 3
 3
 3
 3
 3
 3
 3
 3
 3
 3
 3
 3
 3
 3
 3
 3
 3
 3
 3
 3
 3
 3
 3
 3
 3
 3
 3
 3
 3
 3
 3
 3
 3
 3
 3
 3
 3
 3
 3
 3
 3
 3
 3
 3
 3
 3
 3
 3
 3
 3
 3
 3
 3
 3
 3
 3
 3
 3
 3
 3
 3
 3
 3
 3
 3
 3
 3
 3
 3
 3
 3
 3
 3
 3
 3
 3
 3
 3
 3
 3
 3
 3
 3
 3
 3
 3
 3
 3
 3
 3
 3
 3
 3
 3
 3
 3
 3
 3
 3
 3
 3
 3
 3
 3
 3
 3
 3
 3
 3
 3
 3
 3
 3
 3
 3
 3
 3
 3
 3
 3
 3
 3
 3
 3
 3
 3
 3
 3
 3
 3
 3
 3
 3
 3
 3
 3
 3
 3
 3
 3
 3
 3
 3
 3
 3
 3
 3
 3
 3
 3
 3
 3
 3
 3
 3
 3
 3
 3
 3
 3
 3
 3
 3
 3
 3
 3
 3
 3
 3
 3
 3
 3
 3
 3
 3
 3
 3
 3
 3
 3
 3
 3
 3
 3
 3
 3
 3
 3
 3
 3
 3
 3
 3
 3
 3
 3
 3
 3
 3
 3
 3
 3
 3
 3
 3
 3
 3
 3
 3
 3
 3
 3
 3
 3
 3
 3
 3
 3
 3
 3
 3
 3
 3
 3
 3
 3
 3
 3
 3
 3
 3
 3
 3
 3
 3
 3
 3
 3
 3
 3
 3
 3
 3
 3
 3
 3
 3
 3
 3
 3
 3
 3
 3
 3
 3
 3
 3
 3
 3
 3
 3
 3
 3
 3
 3
 3
 3
 3
 3
 3
 3
 3
 3
 3
 3
 3
 3
 3
 3
 3
 3
 3
 3
 3
 3
 3
 3
 3
 3
 3
 3
 3
 3
 3
 3
 3
 3
 3
 3
 3
 3
 3
 3
 3
 3
 3
 3
 3
 3
 3
 3
 3
 3
 3
 3
 3
 3
 3
 3
 3
 3
 3
 3
 3
 3
 3
 3
 3
 3
 3
 3
 3
 3
 3
 3
 3
 3
 3
 3
 3
 3
 3
 3
 3
 3
 3
 3
 3
 3
 3
 3
 3
 3
 3
 3
 3
 3
 3
 3
 3
 3
 3
 3
 3
 3
 3
 3
 3
 3
 3
 3
 3
 3
 3
 3
 3
 3
 3
 3
 3
 3
 3
 3
 3
 3
 3
 3
 3
 3
 3
 3
 3
 3
 3
 3
 3
 3
 3
 3
 3
 3
 3
 3
 3
 3
 3
 3
 3
 3
 3
 3
 3
 3
 3
 3
 3
 3
 3
 3
 3
 3
 3
 3
 3
 3
 3
 3
 3
POINT_DATA       2445
SCALARS discharge float 1
LOOKUP_TABLE default
  0.1879E+04
  0.1079E+05
  0.4919E+04
  0.8072E+04
  0.5838E+07
  0.7590E+04
  0.8499E+07
  0.1114E+07
  0.6724E+04
  0.7508E+07
  0.1094E+05
  0.2077E+07
  0.5876E+07
  0.8097E+04
  0.8408E+07
  0.1089E+05
  0.6374E+07
  0.8454E+04
  0.1257E+07
  0.1646E+08
  0.8168E+04
  0.5255E+04
  0.8871E+04
  0.6089E+07
  0.6536E+04
  0.2788E+08
  0.9616E+04
  0.5436E+04
  0.9418E+04
  0.1080E+08
  0.7898E+04
  0.3638E+07
  0.1240E+05
  0.1272E+07
  0.1920E+08
  0.6876E+04
  0.4397E+07
  0.8328E+04
  0.5275E+04
  0.8182E+04
  0.2070E+08
  0.1060E+05
  0.5639E+07
  0.8247E+04
  0.5758E+07
  0.8182E+04
  0.9653E+07
  0.7670E+04
  0.6573E+07
  0.1133E+05
  0.1494E+07
  0.1728E+08
  0.7892E+04
  0.2609E+07
  0.7472E+04
  0.8442E+07
  0.1191E+05
  0.4029E+07
  0.6908E+04
  0.2292E+08
  0.5891E+04
  0.8317E+04
  0.1015E+08
  0.7653E+04
  0.1083E+08
  0.8672E+04
  0.5177E+04
  0.8573E+04
  0.8744E+07
  0.8082E+04
  0.1278E+07
  0.1798E+08
  0.8316E+04
  0.3691E+07
  0.7857E+04
  0.7407E+07
  0.7182E+04
  0.2617E+07
  0.1115E+05
  0.1879E+04
  0.1189E+07
  0.5663E+06
  0.5832E+07
  0.8493E+07
  0.1107E+07
  0.4676E+06
  0.7500E+07
  0.2073E+07
  0.5868E+07
  0.8402E+07
  0.6368E+07
  0.1247E+07
  0.1646E+08
  0.9999E+06
  0.6083E+07
  0.3872E+06
  0.2787E+08
  0.1562E+07
  0.1079E+08
  0.3632E+07
  0.1264E+07
  0.1920E+08
  0.4392E+07
  0.1028E+07
  0.2069E+08
  0.5633E+07
  0.5751E+07
  0.9648E+07
  0.6567E+07
  0.1489E+07
  0.1727E+08
  0.2605E+07
  0.8435E+07
  0.4025E+07
  0.2291E+08
  0.2115E+08
  0.1014E+08
  0.1082E+08
  0.9675E+06
  0.8738E+07
  0.1269E+07
  0.1797E+08
  0.3685E+07
  0.7402E+07
  0.2612E+07
  0.7792E+06
  0.4164E+07
  0.2455E+07
  0.2993E+07
  0.6228E+07
  0.4432E+07
  0.1107E+07
  0.1128E+07
  0.2745E+07
  0.1491E+07
  0.1194E+08
  0.8943E+06
  0.3485E+07
  0.2379E+07
  0.2100E+08
  0.2068E+07
  0.3212E+07
  0.1614E+07
  0.1615E+08
  0.1142E+07
  0.1927E+07
  0.9258E+06
  0.1618E+08
  0.3914E+07
  0.3916E+07
  0.6884E+07
  0.2688E+07
  0.1829E+07
  0.1521E+08
  0.4180E+07
  0.2646E+07
  0.2071E+07
  0.2006E+08
  0.7224E+07
  0.6997E+07
  0.1261E+07
  0.4605E+07
  0.6048E+06
  0.1577E+08
  0.1163E+07
  0.5251E+07
  0.8348E+06
  0.4500E+07
  0.5048E+07
  0.2507E+07
  0.1553E+07
  0.9346E+06
  0.2168E+07
  0.1173E+07
  0.9013E+06
  0.2586E+07
  0.6119E+07
  0.5594E+06
  0.1992E+07
  0.7853E+06
  0.1758E+07
  0.1736E+07
  0.5168E+06
  0.1588E+08
  0.2183E+07
  0.2006E+07
  0.9450E+06
  0.1020E+07
  0.9805E+07
  0.2265E+07
  0.3817E+07
  0.1032E+07
  0.2102E+07
  0.8855E+07
  0.1882E+07
  0.1148E+07
  0.8589E+06
  0.7312E+06
  0.1165E+07
  0.6762E+07
  0.2865E+07
  0.1882E+07
  0.1982E+07
  0.9288E+06
  0.9744E+06
  0.1521E+07
  0.3177E+07
  0.1240E+07
  0.1774E+07
  0.1994E+07
  0.9057E+07
  0.8441E+06
  0.3624E+07
  0.1621E+07
  0.1501E+07
  0.2456E+07
  0.1007E+08
  0.7620E+07
  0.6305E+07
  0.3514E+07
  0.2676E+07
  0.3254E+07
  0.7616E+06
  0.2524E+07
  0.3087E+07
  0.2304E+07
  0.1042E+07
  0.3160E+07
  0.5680E+07
  0.1144E+07
  0.1174E+07
  0.1101E+08
  0.2394E+07
  0.5637E+06
  0.2962E+07
  0.1319E+07
  0.5050E+07
  0.1697E+07
  0.1260E+07
  0.4029E+07
  0.2361E+07
  0.8825E+06
  0.1732E+08
  0.1301E+07
  0.2140E+07
  0.1982E+07
  0.1150E+07
  0.2430E+07
  0.3372E+07
  0.1309E+07
  0.1455E+07
  0.1347E+07
  0.5125E+07
  0.1542E+08
  0.1493E+07
  0.1946E+07
  0.3156E+07
  0.2756E+07
  0.1668E+07
  0.2227E+07
  0.2356E+07
  0.1281E+07
  0.2228E+07
  0.1158E+07
  0.5779E+07
  0.4726E+07
  0.7744E+06
  0.1288E+07
  0.1333E+07
  0.8428E+07
  0.8948E+06
  0.9976E+06
  0.6330E+07
  0.6870E+07
  0.3810E+07
  0.3536E+07
  0.1507E+07
  0.7903E+06
  0.2921E+07
  0.1940E+07
  0.3524E+07
  0.7562E+06
  0.8368E+07
  0.2730E+07
  0.2552E+07
  0.2497E+07
  0.1008E+08
  0.1526E+07
  0.1588E+07
  0.5284E+07
  0.1477E+07
  0.1444E+08
  0.1053E+08
  0.8804E+07
  0.1702E+07
  0.4143E+07
  0.1117E+07
  0.2908E+07
  0.2877E+07
  0.8911E+07
  0.2821E+07
  0.2440E+07
  0.7041E+07
  0.2248E+07
  0.1536E+07
  0.5298E+07
  0.2037E+07
  0.1077E+07
  0.1098E+07
  0.7450E+06
  0.1031E+07
  0.1161E+07
  0.2210E+07
  0.7678E+07
  0.8340E+07
  0.2901E+07
  0.1260E+07
  0.1903E+07
  0.1693E+07
  0.4813E+07
  0.1751E+07
  0.1703E+07
  0.5302E+07
  0.1668E+07
  0.1028E+07
  0.1418E+07
  0.1855E+07
  0.1122E+08
  0.2031E+07
  0.1587E+07
  0.1193E+07
  0.6565E+07
  0.1784E+07
  0.6056E+07
  0.1611E+07
  0.3206E+07
  0.1862E+07
  0.1054E+07
  0.4998E+07
  0.2008E+07
  0.6696E+07
  0.1360E+07
  0.2481E+07
  0.5167E+07
  0.1150E+08
  0.1373E+07
  0.1107E+07
  0.5697E+07
  0.1774E+07
  0.2003E+07
  0.1289E+07
  0.1542E+08
  0.1692E+07
  0.1646E+07
  0.1573E+08
  0.6216E+07
  0.2526E+07
  0.8591E+07
  0.2410E+07
  0.2091E+07
  0.4568E+07
  0.6605E+07
  0.7150E+07
  0.4995E+07
  0.1902E+07
  0.2573E+07
  0.1211E+07
  0.3058E+07
  0.1825E+07
  0.1086E+08
  0.1214E+07
  0.9048E+07
  0.1771E+07
  0.1574E+07
  0.1887E+07
  0.1439E+07
  0.1926E+07
  0.6696E+07
  0.6196E+07
  0.1740E+07
  0.1059E+07
  0.6201E+07
  0.3449E+07
  0.1326E+07
  0.1643E+07
  0.8489E+07
  0.7159E+07
  0.1744E+07
  0.1531E+07
  0.7668E+07
  0.4983E+07
  0.7950E+07
  0.1376E+07
  0.1219E+07
  0.6726E+07
  0.1580E+07
  0.1879E+07
  0.2411E+07
  0.4006E+07
  0.4252E+07
  0.1500E+07
  0.3833E+07
  0.2414E+07
  0.1813E+07
  0.1373E+07
  0.2479E+07
  0.7987E+06
  0.7535E+07
  0.8016E+07
  0.2807E+07
  0.1104E+07
  0.7767E+07
  0.1238E+07
  0.2283E+07
  0.1252E+08
  0.2126E+07
  0.3202E+07
  0.1418E+07
  0.3148E+07
  0.6696E+07
  0.4188E+07
  0.2100E+07
  0.1541E+07
  0.3166E+07
  0.1323E+07
  0.1476E+07
  0.1097E+08
  0.4365E+07
  0.1924E+07
  0.4149E+07
  0.1559E+07
  0.2027E+07
  0.2242E+07
  0.1694E+07
  0.5330E+07
  0.2300E+07
  0.1948E+07
  0.2104E+07
  0.2528E+07
  0.8737E+07
  0.8477E+06
  0.4543E+07
  0.2628E+07
  0.1052E+08
  0.6320E+07
  0.2404E+07
  0.1609E+07
  0.2073E+07
  0.8802E+07
  0.1700E+07
  0.1743E+07
  0.1781E+07
  0.6213E+07
  0.9855E+06
  0.4717E+07
  0.1437E+07
  0.1154E+07
  0.3194E+07
  0.1111E+08
  0.1539E+07
  0.2264E+07
  0.7593E+06
  0.1663E+07
  0.2710E+07
  0.2516E+07
  0.1260E+07
  0.8197E+07
  0.1014E+08
  0.9904E+07
  0.1617E+07
  0.1901E+07
  0.2606E+07
  0.6112E+07
  0.3548E+07
  0.1559E+07
  0.1397E+08
  0.6021E+07
  0.2379E+07
  0.2369E+07
  0.1827E+07
  0.1317E+08
  0.3454E+07
  0.1899E+07
  0.2336E+07
  0.1979E+07
  0.7261E+07
  0.1735E+07
  0.1946E+07
  0.1412E+08
  0.2060E+07
  0.1181E+07
  0.6511E+07
  0.2268E+07
  0.1822E+07
  0.4286E+07
  0.9358E+06
  0.1143E+08
  0.1371E+07
  0.1381E+07
  0.1149E+07
  0.1407E+07
  0.2532E+08
  0.2484E+08
  0.1969E+08
  0.1816E+07
  0.1521E+07
  0.9445E+06
  0.3868E+07
  0.1639E+07
  0.4032E+07
  0.5419E+07
  0.1066E+08
  0.1164E+07
  0.3624E+07
  0.1178E+07
  0.1336E+07
  0.1763E+07
  0.1294E+07
  0.9818E+07
  0.2320E+07
  0.1592E+07
  0.3050E+07
  0.9474E+06
  0.2518E+07
  0.2825E+07
  0.1022E+07
  0.1572E+07
  0.1320E+08
  0.2123E+07
  0.1871E+07
  0.1595E+08
  0.1478E+07
  0.8206E+07
  0.7521E+06
  0.1313E+07
  0.1102E+08
  0.1572E+07
  0.3857E+07
  0.2225E+07
  0.3843E+07
  0.3339E+07
  0.1882E+07
  0.1141E+08
  0.7331E+07
  0.1002E+07
  0.4013E+07
  0.5589E+07
  0.2882E+07
  0.1499E+07
  0.2847E+07
  0.1212E+08
  0.1561E+08
  0.1612E+08
  0.2262E+07
  0.4145E+07
  0.1298E+07
  0.1345E+07
  0.7180E+07
  0.2053E+07
  0.2622E+07
  0.8054E+07
  0.1331E+07
  0.1291E+07
  0.2291E+07
  0.1368E+08
  0.4723E+07
  0.5883E+07
  0.6195E+07
  0.1513E+07
  0.2214E+07
  0.9470E+07
  0.7740E+07
  0.5408E+07
  0.1873E+07
  0.1525E+07
  0.1493E+08
  0.1067E+07
  0.2161E+07
  0.4177E+07
  0.2125E+07
  0.1072E+07
  0.9992E+07
  0.1449E+07
  0.2292E+07
  0.9790E+07
  0.1470E+07
  0.9583E+07
  0.1268E+07
  0.1697E+07
  0.5803E+07
  0.1869E+07
  0.2102E+07
  0.6912E+07
  0.1651E+07
  0.1709E+07
  0.1271E+07
  0.9712E+07
  0.8373E+06
  0.2573E+07
  0.4693E+06
  0.1030E+07
  0.3660E+07
  0.1933E+07
  0.8308E+06
  0.1217E+07
  0.6507E+07
  0.2360E+07
  0.4699E+07
  0.1189E+07
  0.1214E+08
  0.2952E+07
  0.9370E+07
  0.2058E+07
  0.1617E+07
  0.1882E+07
  0.1602E+07
  0.2379E+07
  0.2537E+07
  0.2452E+07
  0.1391E+07
  0.2097E+07
  0.1440E+07
  0.4698E+07
  0.1416E+07
  0.1578E+07
  0.8649E+07
  0.6726E+07
  0.5958E+07
  0.8592E+06
  0.3591E+07
  0.7853E+07
  0.4579E+07
  0.1819E+07
  0.1711E+07
  0.5503E+07
  0.1633E+07
  0.9855E+07
  0.1404E+08
  0.3824E+07
  0.2474E+07
  0.4976E+07
  0.5638E+07
  0.6084E+07
  0.4830E+07
  0.4179E+07
  0.7002E+06
  0.2356E+07
  0.3333E+07
  0.4399E+07
  0.3734E+07
  0.1838E+07
  0.1622E+07
  0.2450E+07
  0.1717E+07
  0.1308E+08
  0.1600E+07
  0.1860E+08
  0.1710E+07
  0.1150E+08
  0.2072E+07
  0.5176E+07
  0.1404E+07
  0.4171E+07
  0.4019E+07
  0.5729E+07
  0.9567E+07
  0.1766E+07
  0.1612E+07
  0.8895E+07
  0.8657E+06
  0.6880E+07
  0.2522E+07
  0.1079E+08
  0.4472E+07
  0.1934E+07
  0.1014E+07
  0.1037E+08
  0.9268E+06
  0.1265E+08
  0.1523E+07
  0.2018E+07
  0.8044E+07
  0.2240E+07
  0.1819E+07
  0.4934E+07
  0.4294E+07
  0.1431E+07
  0.1428E+07
  0.1970E+07
  0.1391E+07
  0.2355E+07
  0.1936E+07
  0.1524E+07
  0.1643E+07
  0.2851E+07
  0.5506E+07
  0.6434E+07
  0.8951E+07
  0.7727E+07
  0.1329E+07
  0.8037E+07
  0.1402E+07
  0.3650E+07
  0.1930E+07
  0.1822E+07
  0.2209E+07
  0.1641E+07
  0.1319E+08
  0.1808E+07
  0.2692E+07
  0.9056E+06
  0.1492E+07
  0.9180E+06
  0.5104E+07
  0.2704E+07
  0.2262E+07
  0.6237E+07
  0.1315E+07
  0.1655E+07
  0.2085E+07
  0.1666E+07
  0.4737E+07
  0.2195E+07
  0.3890E+07
  0.4720E+07
  0.1832E+07
  0.7911E+07
  0.1779E+07
  0.1489E+08
  0.2203E+07
  0.1620E+07
  0.2550E+07
  0.1466E+07
  0.9692E+07
  0.1610E+07
  0.2262E+07
  0.2018E+07
  0.2407E+07
  0.3377E+07
  0.8330E+07
  0.1272E+07
  0.2393E+07
  0.3265E+07
  0.7500E+07
  0.8021E+07
  0.2317E+07
  0.1478E+07
  0.9585E+06
  0.1272E+07
  0.8023E+07
  0.1195E+07
  0.1184E+08
  0.2855E+07
  0.8127E+07
  0.5328E+07
  0.1647E+07
  0.2059E+08
  0.1735E+07
  0.9823E+07
  0.2869E+07
  0.5264E+07
  0.1024E+08
  0.7616E+07
  0.1509E+07
  0.1668E+07
  0.5661E+07
  0.1868E+07
  0.5799E+07
  0.9124E+07
  0.1900E+07
  0.2051E+07
  0.1037E+07
  0.7986E+06
  0.2452E+07
  0.1621E+07
  0.1210E+07
  0.7594E+07
  0.1301E+08
  0.2311E+07
  0.1035E+07
  0.3971E+07
  0.2294E+07
  0.1227E+08
  0.1290E+07
  0.6584E+07
  0.4346E+07
  0.4425E+07
  0.1600E+07
  0.2940E+07
  0.3806E+07
  0.5864E+07
  0.5067E+07
  0.1726E+07
  0.1054E+07
  0.1576E+07
  0.2307E+07
  0.1933E+07
  0.1793E+07
  0.5382E+07
  0.8889E+07
  0.2675E+07
  0.1878E+07
  0.1164E+07
  0.2189E+07
  0.1091E+08
  0.8023E+06
  0.4446E+07
  0.1710E+07
  0.2985E+07
  0.4971E+07
  0.1809E+07
  0.9159E+07
  0.4760E+07
  0.1923E+07
  0.2577E+07
  0.8860E+07
  0.1825E+07
  0.1526E+07
  0.1603E+07
  0.2594E+07
  0.7543E+07
  0.7534E+07
  0.6506E+07
  0.8078E+06
  0.6080E+07
  0.1803E+07
  0.7698E+07
  0.1039E+07
  0.6094E+07
  0.1540E+07
  0.9693E+07
  0.2859E+07
  0.1651E+07
  0.1574E+07
  0.1932E+07
  0.5200E+07
  0.1202E+08
  0.6307E+06
  0.1059E+07
  0.2216E+07
  0.4694E+06
  0.1420E+07
  0.5125E+07
  0.4614E+07
  0.1461E+07
  0.4571E+07
  0.1798E+07
  0.7252E+07
  0.8321E+06
  0.3603E+07
  0.2878E+07
  0.2173E+07
  0.2139E+07
  0.1085E+08
  0.1599E+07
  0.7950E+07
  0.1778E+07
  0.1646E+07
  0.2094E+07
  0.3016E+07
  0.1156E+07
  0.9704E+06
  0.2039E+07
  0.2187E+07
  0.1608E+07
  0.1303E+07
  0.3667E+07
  0.1846E+07
  0.1810E+07
  0.1867E+07
  0.1481E+07
  0.1136E+07
  0.9135E+07
  0.2075E+07
  0.1489E+07
  0.2196E+07
  0.3438E+07
  0.2443E+07
  0.2172E+07
  0.8771E+06
  0.2994E+07
  0.2106E+07
  0.2162E+07
  0.9852E+06
  0.4539E+07
  0.9540E+07
  0.1797E+07
  0.7134E+07
  0.8624E+07
  0.4133E+07
  0.1692E+07
  0.2312E+07
  0.2020E+07
  0.7399E+06
  0.2313E+07
  0.1844E+07
  0.2548E+07
  0.9227E+07
  0.3528E+07
  0.1276E+07
  0.2305E+07
  0.5050E+07
  0.3668E+07
  0.1775E+08
  0.7793E+07
  0.4476E+07
  0.2021E+07
  0.5414E+07
  0.1304E+07
  0.7158E+07
  0.1739E+07
  0.3635E+07
  0.9887E+07
  0.1393E+08
  0.1744E+08
  0.9598E+07
  0.7793E+07
  0.5189E+07
  0.1776E+07
  0.4083E+07
  0.1604E+07
  0.3667E+07
  0.1346E+07
  0.8400E+07
  0.1948E+07
  0.1452E+07
  0.7701E+07
  0.1106E+07
  0.1150E+08
  0.6385E+07
  0.1941E+08
  0.1281E+08
  0.7200E+07
  0.3509E+07
  0.2330E+07
  0.1373E+07
  0.1930E+07
  0.8238E+07
  0.8866E+07
  0.8593E+07
  0.6528E+07
  0.9889E+06
  0.3776E+07
  0.4632E+07
  0.7685E+07
  0.2762E+07
  0.2008E+07
  0.7371E+07
  0.1397E+07
  0.1888E+07
  0.1099E+07
  0.9747E+06
  0.1574E+07
  0.2167E+07
  0.1633E+07
  0.1107E+08
  0.1904E+07
  0.1802E+07
  0.1417E+07
  0.1227E+07
  0.1534E+07
  0.1505E+07
  0.1718E+07
  0.8975E+07
  0.2313E+07
  0.2146E+07
  0.8263E+07
  0.3285E+07
  0.2687E+07
  0.1839E+07
  0.5918E+07
  0.2490E+07
  0.4768E+07
  0.1442E+07
  0.7740E+07
  0.1467E+07
  0.2789E+07
  0.6072E+07
  0.2654E+07
  0.1481E+07
  0.1058E+07
  0.2734E+07
  0.2021E+07
  0.3060E+07
  0.2193E+07
  0.3187E+07
  0.4272E+07
  0.2069E+07
  0.9460E+06
  0.2912E+07
  0.8950E+06
  0.1122E+08
  0.3508E+07
  0.1423E+07
  0.7971E+07
  0.2473E+07
  0.1654E+07
  0.2278E+07
  0.7785E+07
  0.2009E+07
  0.6005E+07
  0.5599E+07
  0.2331E+07
  0.7487E+07
  0.2626E+07
  0.2069E+07
  0.6052E+07
  0.3304E+07
  0.2576E+07
  0.1987E+07
  0.9424E+07
  0.6146E+07
  0.1231E+07
  0.8936E+07
  0.1491E+07
  0.1317E+08
  0.4722E+07
  0.2050E+07
  0.2754E+07
  0.1819E+07
  0.1335E+08
  0.1066E+07
  0.1055E+08
  0.2640E+07
  0.1961E+07
  0.2028E+07
  0.4265E+07
  0.7348E+07
  0.5821E+07
  0.7857E+07
  0.2503E+07
  0.8021E+06
  0.1939E+07
  0.3147E+07
  0.1928E+07
  0.1006E+07
  0.1542E+07
  0.1539E+07
  0.2031E+07
  0.1421E+07
  0.4577E+07
  0.1888E+07
  0.1890E+08
  0.6753E+07
  0.1636E+07
  0.1629E+07
  0.1109E+07
  0.2135E+07
  0.5189E+07
  0.1109E+07
  0.6418E+07
  0.2170E+07
  0.1298E+07
  0.1186E+08
  0.9118E+07
  0.1971E+07
  0.2228E+07
  0.3158E+07
  0.7575E+07
  0.2361E+07
  0.3195E+07
  0.6714E+07
  0.7139E+07
  0.3281E+07
  0.5109E+07
  0.4148E+07
  0.2041E+07
  0.1820E+07
  0.1920E+07
  0.9730E+07
  0.3382E+07
  0.1276E+08
  0.1281E+07
  0.1545E+07
  0.2553E+07
  0.1701E+07
  0.1638E+07
  0.6519E+07
  0.7094E+07
  0.7358E+07
  0.4896E+07
  0.1769E+07
  0.1652E+07
  0.5630E+07
  0.1509E+07
  0.1810E+08
  0.2534E+07
  0.7804E+07
  0.2454E+07
  0.9249E+07
  0.4699E+07
  0.1891E+07
  0.7621E+07
  0.1505E+08
  0.2444E+07
  0.1983E+07
  0.4043E+07
  0.1564E+07
  0.2373E+07
  0.1184E+07
  0.2889E+07
  0.3112E+07
  0.7608E+07
  0.2143E+07
  0.1906E+07
  0.2280E+07
  0.7902E+07
  0.1569E+07
  0.1082E+07
  0.2608E+07
  0.1298E+08
  0.1966E+08
  0.1378E+07
  0.1696E+08
  0.6758E+07
  0.1160E+07
  0.4673E+07
  0.6393E+07
  0.2370E+07
  0.1390E+07
  0.4318E+07
  0.1314E+07
  0.1906E+07
  0.2237E+07
  0.1989E+07
  0.1749E+07
  0.3253E+07
  0.5777E+07
  0.6868E+07
  0.8577E+07
  0.8094E+07
  0.5737E+07
  0.2075E+07
  0.2533E+07
  0.4323E+07
  0.9979E+07
  0.8375E+07
  0.3985E+07
  0.5184E+07
  0.1525E+07
  0.3883E+07
  0.1595E+07
  0.2168E+07
  0.2809E+07
  0.1965E+07
  0.7237E+07
  0.1473E+07
  0.2933E+07
  0.3941E+07
  0.1803E+07
  0.6569E+07
  0.2563E+07
  0.1555E+07
  0.2507E+07
  0.1966E+07
  0.1989E+07
  0.1051E+07
  0.1926E+07
  0.4203E+07
  0.1228E+07
  0.2648E+07
  0.1124E+07
  0.6232E+07
  0.1057E+08
  0.2237E+07
  0.1019E+07
  0.4031E+07
  0.1833E+07
  0.1003E+08
  0.1380E+07
  0.7509E+07
  0.9449E+06
  0.1030E+08
  0.3340E+07
  0.1469E+07
  0.2735E+07
  0.5174E+07
  0.1663E+07
  0.4246E+07
  0.1377E+07
  0.1288E+08
  0.1550E+07
  0.1758E+07
  0.1277E+07
  0.2076E+07
  0.1611E+07
  0.1618E+07
  0.1065E+08
  0.1666E+07
  0.2432E+07
  0.2078E+07
  0.7957E+07
  0.4514E+07
  0.1622E+07
  0.9982E+07
  0.2117E+07
  0.1264E+07
  0.3665E+07
  0.1323E+07
  0.1707E+08
  0.2728E+07
  0.9282E+07
  0.4406E+07
  0.9128E+07
  0.2640E+07
  0.1872E+07
  0.2060E+07
  0.9100E+07
  0.1049E+07
  0.3022E+07
  0.1536E+07
  0.2183E+07
  0.1492E+07
  0.4404E+07
  0.1814E+07
  0.2010E+07
  0.1834E+07
  0.5154E+07
  0.4997E+07
  0.1665E+07
  0.1750E+07
  0.1472E+07
  0.3162E+07
  0.8591E+07
  0.6198E+07
  0.3794E+07
  0.1038E+07
  0.6428E+07
  0.1649E+07
  0.3738E+07
  0.2087E+07
  0.1737E+07
  0.1056E+08
  0.2028E+07
  0.3799E+07
  0.5927E+07
  0.2346E+07
  0.2371E+07
  0.1378E+08
  0.1448E+07
  0.1018E+08
  0.2131E+07
  0.1595E+07
  0.9308E+07
  0.2503E+07
  0.2365E+07
  0.8495E+07
  0.3385E+07
  0.3684E+07
  0.2243E+07
  0.1273E+07
  0.1055E+08
  0.1347E+07
  0.3464E+07
  0.2465E+07
  0.1608E+07
  0.1247E+08
  0.1276E+07
  0.5980E+07
  0.1136E+07
  0.5448E+07
  0.1402E+07
  0.8424E+07
  0.1103E+07
  0.5527E+07
  0.1830E+07
  0.1739E+07
  0.6086E+07
  0.3296E+07
  0.9395E+07
  0.1054E+08
  0.4491E+07
  0.2430E+07
  0.9270E+06
  0.2619E+07
  0.3018E+07
  0.1142E+08
  0.2495E+07
  0.2076E+07
  0.9894E+07
  0.1031E+07
  0.2732E+07
  0.1768E+07
  0.6625E+06
  0.2408E+07
  0.1775E+07
  0.8896E+07
  0.1760E+07
  0.1687E+07
  0.7364E+07
  0.2326E+07
  0.3460E+07
  0.1458E+08
  0.1626E+07
  0.2845E+07
  0.2171E+07
  0.1494E+07
  0.6891E+07
  0.1527E+07
  0.2774E+08
  0.7788E+07
  0.1113E+07
  0.2163E+07
  0.1575E+07
  0.1677E+07
  0.5446E+07
  0.1538E+07
  0.2793E+07
  0.7927E+07
  0.1644E+07
  0.1756E+07
  0.1593E+07
  0.1959E+07
  0.1505E+07
  0.1073E+07
  0.8781E+06
  0.1224E+07
  0.3860E+07
  0.7512E+07
  0.6363E+07
  0.2274E+07
  0.1482E+07
  0.1884E+07
  0.2482E+07
  0.1466E+07
  0.1723E+07
  0.1537E+08
  0.1848E+07
  0.2285E+07
  0.2263E+07
  0.9694E+07
  0.2137E+07
  0.2649E+07
  0.2209E+07
  0.1113E+07
  0.1684E+07
  0.2494E+07
  0.1805E+07
  0.8949E+07
  0.1974E+07
  0.2332E+07
  0.1000E+08
  0.8976E+06
  0.1184E+07
  0.1479E+08
  0.1558E+07
  0.1020E+08
  0.1130E+07
  0.2417E+07
  0.1141E+08
  0.1272E+07
  0.1334E+08
  0.1719E+07
  0.2083E+07
  0.1653E+07
  0.3080E+07
  0.2095E+07
  0.3079E+07
  0.2915E+07
  0.1233E+08
  0.2449E+07
  0.1501E+07
  0.2813E+07
  0.7601E+07
  0.8486E+07
  0.4830E+07
  0.3046E+07
  0.1986E+07
  0.5312E+07
  0.6344E+07
  0.1409E+07
  0.1822E+07
  0.6493E+07
  0.1242E+07
  0.4895E+07
  0.8896E+07
  0.7068E+07
  0.1290E+08
  0.1258E+07
  0.1334E+07
  0.3958E+07
  0.3593E+07
  0.1489E+08
  0.7334E+07
  0.3761E+07
  0.8451E+07
  0.2261E+07
  0.2213E+07
  0.2128E+07
  0.8697E+07
  0.1132E+07
  0.2708E+07
  0.7052E+07
  0.1114E+07
  0.1074E+08
  0.2657E+07
  0.3784E+07
  0.2093E+07
  0.4526E+07
  0.5822E+07
  0.6964E+07
  0.3507E+07
  0.7974E+07
  0.1578E+07
  0.1337E+08
  0.3469E+07
  0.1663E+07
  0.4312E+07
  0.2454E+07
  0.1340E+08
  0.2973E+07
  0.2058E+07
  0.1516E+07
  0.2092E+07
  0.1445E+07
  0.1342E+07
  0.1575E+07
  0.1150E+07
  0.1318E+08
  0.2559E+07
  0.1226E+07
  0.9217E+07
  0.4415E+07
  0.2284E+07
  0.2294E+07
  0.6765E+07
  0.9044E+07
  0.1264E+07
  0.5462E+07
  0.2232E+07
  0.6149E+07
  0.2244E+07
  0.2881E+07
  0.2384E+07
  0.1554E+07
  0.5359E+07
  0.1498E+07
  0.9981E+06
  0.5307E+07
  0.1638E+07
  0.2067E+07
  0.1889E+07
  0.5500E+07
  0.3878E+07
  0.8383E+07
  0.1261E+07
  0.7853E+07
  0.2285E+07
  0.2090E+07
  0.2818E+07
  0.1038E+07
  0.1169E+07
  0.1576E+07
  0.5958E+07
  0.6024E+07
  0.1619E+07
  0.1204E+07
  0.1381E+07
  0.1455E+07
  0.3377E+07
  0.5096E+07
  0.4340E+07
  0.3870E+07
  0.5390E+07
  0.1755E+07
  0.4150E+07
  0.1279E+08
  0.1962E+08
  0.1628E+07
  0.2690E+07
  0.3195E+07
  0.1578E+07
  0.5849E+07
  0.1921E+07
  0.1163E+07
  0.5440E+07
  0.1589E+08
  0.6838E+06
  0.2550E+07
  0.1434E+07
  0.1127E+08
  0.2394E+07
  0.1069E+07
  0.7974E+07
  0.3017E+07
  0.1342E+07
  0.5781E+07
  0.2427E+07
  0.1437E+07
  0.3190E+07
  0.2911E+07
  0.1326E+08
  0.2103E+07
  0.1693E+07
  0.1751E+07
  0.1798E+08
  0.1261E+07
  0.1825E+07
  0.7943E+07
  0.7025E+07
  0.1798E+07
  0.1295E+07
  0.4238E+07
  0.1798E+07
  0.2317E+07
  0.3799E+07
  0.2146E+07
  0.4556E+07
  0.6757E+07
  0.5058E+07
  0.3135E+07
  0.1522E+07
  0.2094E+07
  0.7602E+06
  0.6064E+07
  0.1454E+07
  0.7792E+07
  0.6499E+07
  0.7455E+06
  0.2441E+07
  0.1646E+07
  0.6504E+07
  0.3605E+07
  0.1466E+07
  0.9195E+07
  0.2206E+07
  0.4340E+07
  0.4647E+07
  0.1148E+08
  0.2210E+07
  0.1793E+07
  0.4513E+07
  0.9501E+06
  0.4932E+07
  0.2252E+07
  0.1669E+07
  0.6931E+07
  0.2690E+07
  0.1486E+07
  0.2584E+07
  0.3482E+07
  0.4816E+07
  0.6828E+07
  0.2156E+07
  0.1950E+07
  0.2664E+07
  0.1797E+07
  0.3741E+07
  0.5842E+07
  0.1027E+07
  0.1032E+08
  0.5394E+06
  0.2633E+07
  0.5476E+07
  0.6187E+07
  0.2640E+07
  0.1861E+07
  0.1087E+07
  0.5778E+07
  0.3901E+07
  0.2417E+07
  0.3528E+07
  0.5215E+07
  0.1588E+07
  0.2290E+07
  0.8614E+07
  0.7848E+07
  0.7933E+07
  0.1623E+07
  0.1290E+07
  0.4270E+07
  0.1090E+07
  0.1967E+07
  0.2244E+07
  0.1122E+07
  0.1297E+07
  0.5175E+07
  0.1769E+07
  0.1582E+07
  0.1807E+07
  0.1462E+08
  0.3502E+07
  0.3981E+07
  0.2326E+07
  0.1336E+07
  0.1110E+08
  0.3067E+07
  0.6767E+07
  0.4530E+07
  0.2462E+07
  0.2214E+07
  0.5087E+07
  0.2278E+07
  0.6443E+07
  0.1892E+07
  0.1274E+07
  0.3396E+07
  0.3980E+07
  0.6539E+06
  0.1741E+07
  0.3382E+07
  0.6924E+07
  0.4937E+07
  0.1302E+07
  0.3150E+07
  0.1335E+08
  0.1843E+07
  0.1655E+07
  0.1957E+07
  0.1523E+08
  0.4519E+07
  0.1668E+07
  0.1458E+07
  0.1389E+07
  0.2612E+07
  0.1690E+07
  0.5989E+07
  0.8887E+07
  0.1563E+07
  0.2395E+08
  0.1498E+07
  0.6753E+07
  0.3562E+07
  0.1826E+07
  0.6213E+07
  0.1526E+08
  0.1303E+07
  0.8170E+07
  0.5312E+07
  0.3618E+07
  0.1248E+07
  0.2454E+07
  0.5952E+07
  0.1579E+07
  0.1251E+08
  0.2100E+07
  0.1617E+07
  0.6096E+07
  0.8929E+06
  0.3934E+07
  0.1963E+07
  0.1425E+08
  0.3070E+07
  0.1295E+07
  0.1604E+07
  0.1799E+07
  0.1559E+07
  0.3582E+07
  0.6840E+07
  0.4566E+07
  0.1539E+07
  0.1303E+07
  0.7948E+07
  0.7857E+07
  0.9415E+06
  0.2370E+07
  0.6544E+07
  0.9335E+07
  0.2000E+07
  0.6277E+07
  0.1860E+07
  0.5301E+07
  0.2349E+07
  0.2969E+07
  0.8350E+06
  0.1749E+08
  0.4589E+07
  0.1443E+08
  0.3530E+07
  0.1469E+07
  0.3980E+07
  0.1015E+07
  0.4893E+07
  0.9160E+07
  0.1568E+07
  0.4692E+07
  0.8113E+07
  0.2276E+07
  0.1530E+07
  0.2039E+07
  0.3652E+07
  0.1128E+08
  0.1400E+07
  0.1284E+07
  0.1638E+08
  0.5863E+07
  0.1283E+07
  0.1150E+07
  0.1037E+08
  0.1873E+07
  0.6365E+07
  0.1088E+07
  0.3276E+07
  0.1195E+08
  0.1273E+08
  0.2897E+07
  0.1808E+07
  0.1098E+07
  0.9057E+07
  0.2691E+07
  0.6573E+06
  0.1434E+07
  0.2209E+07
  0.8548E+07
  0.4839E+07
  0.4538E+07
  0.7156E+07
  0.1358E+07
  0.1245E+07
  0.1341E+07
  0.4332E+07
  0.2421E+07
  0.1963E+07
  0.1330E+08
  0.7523E+07
  0.2065E+07
  0.2174E+07
  0.9074E+07
  0.1623E+07
  0.1868E+07
  0.1258E+08
  0.2091E+07
  0.3211E+07
  0.1316E+08
  0.5985E+07
  0.2204E+07
  0.1246E+07
  0.5821E+07
  0.1333E+08
  0.3423E+07
  0.2197E+07
  0.1724E+07
  0.8426E+07
  0.2023E+07
  0.4323E+07
  0.9885E+06
  0.2161E+07
  0.5219E+07
  0.3298E+07
  0.1531E+07
  0.4156E+07
  0.3089E+07
  0.6120E+07
  0.8294E+06
  0.8550E+07
  0.6284E+07
  0.1174E+07
  0.4416E+07
  0.1462E+07
  0.8434E+07
  0.2344E+07
  0.7234E+07
  0.2131E+07
  0.2638E+07
  0.1287E+07
  0.1683E+07
  0.3100E+07
  0.1440E+08
  0.5443E+07
  0.1397E+07
  0.8031E+07
  0.9464E+06
  0.8498E+07
  0.2281E+07
  0.1744E+07
  0.1507E+07
  0.2694E+07
  0.2507E+07
  0.4897E+07
  0.2215E+07
  0.1402E+07
  0.2988E+07
  0.4330E+07
  0.2195E+07
  0.2268E+07
  0.2046E+07
  0.1537E+07
  0.1192E+07
  0.2486E+07
  0.2206E+07
  0.1307E+07
  0.1161E+08
  0.1416E+07
  0.1272E+07
  0.1206E+08
  0.1998E+07
  0.2534E+07
  0.1701E+07
  0.3662E+07
  0.7654E+07
  0.8144E+07
  0.3324E+07
  0.1803E+07
  0.1182E+07
  0.2778E+07
  0.2627E+07
  0.1385E+08
  0.4931E+07
  0.2157E+07
  0.5983E+07
  0.2091E+07
  0.1772E+07
  0.5538E+07
  0.1974E+07
  0.1763E+07
  0.1483E+07
  0.1970E+07
  0.7301E+07
  0.2728E+07
  0.1791E+08
  0.1578E+07
  0.1647E+07
  0.1300E+08
  0.2560E+07
  0.2498E+07
  0.1735E+07
  0.7068E+07
  0.3857E+07
  0.2566E+07
  0.1760E+07
  0.1044E+08
  0.2623E+07
  0.2186E+07
  0.3555E+07
  0.1315E+08
  0.1738E+07
  0.8879E+07
  0.2078E+07
  0.4180E+07
  0.2100E+07
  0.1711E+07
  0.7337E+07
  0.1684E+07
  0.4591E+07
  0.6912E+07
  0.1235E+07
  0.1145E+07
  0.8925E+06
  0.4435E+07
  0.3487E+07
  0.1424E+07
  0.3406E+07
  0.1746E+07
  0.1700E+07
  0.2025E+07
  0.2545E+07
  0.4120E+07
  0.2113E+07
  0.4316E+07
  0.7919E+07
  0.2051E+07
  0.1492E+07
  0.5439E+07
  0.1847E+07
  0.3158E+07
  0.6812E+07
  0.1757E+07
  0.1821E+07
  0.7504E+07
  0.6264E+07
  0.5847E+07
  0.3076E+07
  0.2102E+07
  0.7911E+07
  0.1784E+07
  0.1994E+08
  0.2126E+07
  0.2864E+07
  0.1220E+07
  0.3867E+07
  0.2243E+08
  0.2225E+07
  0.1669E+07
  0.3641E+07
  0.1997E+07
  0.2191E+07
  0.3543E+07
  0.1037E+08
  0.1822E+07
  0.1049E+07
  0.1102E+07
  0.1780E+07
  0.1093E+08
  0.7875E+06
  0.2044E+07
  0.2630E+07
  0.6088E+07
  0.5439E+07
  0.2403E+07
  0.1116E+07
  0.7815E+07
  0.3374E+07
  0.1020E+08
  0.2109E+07
  0.1830E+07
  0.1208E+08
  0.2254E+07
  0.1987E+07
  0.3651E+07
  0.7228E+07
  0.1835E+07
  0.1409E+08
  0.1040E+08
  0.3153E+07
  0.1920E+07
  0.8191E+07
  0.2283E+07
  0.2138E+07
  0.1909E+07
  0.5443E+07
  0.1599E+07
  0.1826E+07
  0.1395E+07
  0.1266E+08
  0.2008E+07
  0.1362E+07
  0.1904E+07
  0.4980E+07
  0.1873E+07
  0.6503E+07
  0.9091E+07
  0.3412E+07
  0.1403E+07
  0.1310E+07
  0.3273E+07
  0.2472E+07
  0.1432E+07
  0.1336E+08
  0.1422E+07
  0.5322E+07
  0.1547E+08
  0.2195E+07
  0.7779E+07
  0.9462E+07
  0.2976E+07
  0.8961E+06
  0.1359E+07
  0.1512E+07
  0.1808E+07
  0.2918E+07
  0.4419E+07
  0.9601E+06
  0.1862E+07
  0.1903E+07
  0.4164E+07
  0.2042E+07
  0.2121E+07
  0.1594E+07
  0.3460E+07
  0.1829E+07
  0.2387E+07
  0.2031E+07
  0.7295E+07
  0.1257E+07
  0.5022E+07
  0.1760E+07
  0.7263E+07
  0.2451E+07
  0.1842E+08
  0.1487E+07
  0.1260E+07
  0.3285E+07
  0.4511E+07
  0.1208E+07
  0.1208E+08
  0.1979E+07
  0.1773E+07
  0.3769E+07
  0.1630E+07
  0.3708E+07
  0.6885E+07
  0.2317E+07
  0.9516E+07
  0.1818E+07
  0.3505E+07
  0.4864E+07
  0.2491E+07
  0.1021E+07
  0.1461E+07
  0.1131E+07
  0.5901E+06
  0.3244E+07
  0.1011E+08
  0.9002E+07
  0.1909E+07
  0.9622E+07
  0.1670E+07
  0.1572E+07
  0.1059E+08
  0.8005E+07
  0.1824E+07
  0.4163E+07
  0.6139E+07
  0.1562E+07
  0.6612E+07
  0.1247E+07
  0.8232E+07
  0.1405E+07
  0.5886E+07
  0.6239E+07
  0.1866E+07
  0.1663E+07
  0.7877E+07
  0.1733E+07
  0.1579E+08
  0.3398E+07
  0.1281E+07
  0.6147E+07
  0.5047E+07
  0.1664E+07
  0.1798E+07
  0.1975E+07
  0.1289E+08
  0.3094E+07
  0.1975E+07
  0.7241E+07
  0.1179E+08
  0.1631E+07
  0.1063E+07
  0.4930E+07
  0.1987E+07
  0.8842E+06
  0.2542E+07
  0.2678E+07
  0.7028E+07
  0.8613E+07
  0.1059E+08
  0.1214E+08
  0.2535E+07
  0.2040E+07
  0.4431E+07
  0.1046E+07
  0.1236E+08
  0.1927E+07
  0.1968E+07
  0.1826E+07
  0.2120E+07
  0.1941E+07
  0.5732E+07
  0.7687E+07
  0.2147E+07
  0.1438E+08
  0.1709E+07
  0.1340E+08
  0.2476E+07
  0.1899E+07
  0.5784E+07
  0.2219E+07
  0.1778E+07
  0.2349E+07
  0.1198E+07
  0.2900E+07
  0.7044E+07
  0.1804E+07
  0.1777E+07
  0.2138E+08
  0.7583E+07
  0.1016E+08
  0.1688E+07
  0.1771E+07
  0.6782E+07
  0.7688E+07
  0.1321E+08
  0.1678E+07
  0.1853E+07
  0.1700E+07
  0.7844E+07
  0.1547E+07
  0.2450E+07
  0.1908E+07
  0.7041E+07
  0.5677E+07
  0.1438E+07
  0.3024E+07
  0.5240E+07
  0.5699E+07
  0.4996E+07
  0.3312E+07
  0.1079E+07
  0.1716E+07
  0.2431E+07
  0.4506E+07
  0.1557E+07
  0.3460E+07
  0.1342E+07
  0.1548E+08
  0.1866E+07
  0.1436E+07
  0.3193E+07
  0.1548E+07
  0.1281E+07
  0.1409E+07
  0.1520E+07
  0.2447E+07
  0.1941E+07
  0.7007E+07
  0.1534E+07
  0.2834E+07
  0.1659E+07
  0.2638E+07
  0.2124E+07
  0.2569E+07
  0.1430E+07
  0.7462E+06
  0.2740E+07
  0.1289E+07
  0.2624E+07
  0.2616E+07
  0.1937E+07
  0.1880E+07
  0.2408E+07
  0.1438E+07
  0.2081E+07
  0.3419E+07
  0.1250E+07
  0.6850E+07
  0.2303E+07
  0.2338E+07
  0.1695E+07
  0.8788E+06
  0.1566E+07
  0.3809E+07
  0.4596E+07
  0.4833E+07
  0.4234E+07
  0.1363E+07
  0.2186E+07
  0.1605E+07
  0.3208E+07
  0.1410E+07
  0.2869E+07
  0.6593E+07
  0.4436E+07
  0.6113E+06
  0.7941E+07
  0.2382E+07
  0.3323E+07
  0.4188E+07
  0.1110E+07
  0.3509E+07
  0.3146E+07
  0.9089E+07
  0.1372E+07
  0.1351E+08
  0.7088E+07
  0.2764E+07
  0.1183E+08
  0.1334E+07
  0.8176E+07
  0.1457E+07
  0.1087E+07
  0.7617E+07
  0.1691E+07
  0.7503E+06
  0.1663E+07
  0.2416E+07
  0.1759E+07
  0.1752E+07
  0.4434E+07
  0.1462E+07
  0.6312E+07
  0.3583E+07
  0.1025E+08
  0.1572E+07
  0.3774E+07
  0.6678E+07
  0.1515E+08
  0.2732E+07
  0.1065E+07
  0.4095E+07
  0.1765E+07
  0.1381E+07
  0.4497E+07
  0.1633E+07
  0.4283E+07
  0.5359E+07
  0.9697E+06
  0.1317E+07
  0.2039E+07
  0.5417E+06
  0.3562E+07
  0.2748E+07
  0.6706E+07
  0.1866E+07
  0.2116E+07
  0.1267E+07
  0.1475E+07
  0.2347E+07
  0.1885E+07
  0.1222E+07
  0.2829E+07
  0.1326E+07
  0.2444E+07
  0.1203E+07
  0.2731E+07
  0.1664E+07
  0.8557E+06
  0.1193E+07
  0.5778E+07
  0.1494E+07
  0.2016E+07
  0.1759E+07
  0.2968E+07
  0.2978E+07
  0.6182E+07
  0.1902E+07
  0.5744E+07
  0.4396E+07
  0.1486E+07
  0.2117E+07
  0.1383E+07
  0.3062E+07
  0.9601E+06
  0.1964E+07
  0.1228E+07
  0.6944E+07
  0.2844E+07
  0.7249E+07
  0.7494E+06
  0.1689E+07
  0.1054E+07
  0.3124E+07
  0.3741E+07
  0.6657E+07
  0.6042E+07
  0.2325E+07
  0.1145E+07
  0.2594E+07
  0.1200E+08
  0.1512E+07
  0.5944E+07
  0.8298E+06
  0.4101E+07
  0.1278E+07
  0.4527E+07
  0.4453E+07
  0.1751E+07
  0.6843E+07
  0.9795E+06
  0.1424E+07
  0.3177E+07
  0.1338E+07
  0.1161E+07
  0.2869E+07
  0.1741E+07
  0.2468E+07
  0.1107E+08
  0.1569E+07
  0.1155E+07
  0.8764E+06
  0.1194E+08
  0.1061E+07
  0.2693E+07
  0.5785E+07
  0.2305E+07
  0.1873E+07
  0.7981E+06
  0.1136E+07
  0.3998E+07
  0.1702E+07
  0.1471E+07
  0.2185E+07
  0.2076E+07
  0.9324E+07
  0.2654E+07
  0.1074E+07
  0.2399E+07
  0.3604E+07
  0.1570E+07
  0.3791E+07
  0.1838E+07
  0.5236E+06
  0.4674E+07
  0.2742E+07
  0.4616E+06
  0.1537E+08
  0.3225E+07
  0.1073E+08
  0.1003E+07
  0.9141E+07
  0.1587E+07
  0.6285E+07
  0.1509E+07
  0.3482E+07
  0.3236E+07
  0.6454E+07
  0.2755E+07
  0.1465E+07
  0.9702E+07
  0.1193E+07
  0.4528E+07
  0.4660E+06
  0.1365E+08
  0.5578E+07
  0.3707E+07
  0.1570E+08
  0.1850E+07
  0.3840E+07
  0.8691E+07
  0.9582E+07
  0.4369E+07
  0.3175E+07
  0.3705E+07
  0.1054E+08
  0.1222E+07
  0.3885E+07
  0.3617E+07
  0.9543E+07
  0.1262E+07
  0.1554E+08
  0.2904E+07
  0.1139E+07
  0.1539E+07
  0.9026E+07
  0.7276E+06
  0.9749E+06
  0.1291E+07
  0.2233E+07
  0.6091E+07
  0.7886E+07
  0.1753E+08
  0.8435E+06
  0.1683E+07
  0.1199E+08
  0.1926E+07
  0.7286E+06
  0.2634E+07
  0.7478E+07
  0.2159E+07
  0.1067E+08
  0.1225E+08
  0.5828E+07
  0.1173E+08
  0.5267E+07
  0.3542E+07
  0.1234E+08
  0.2045E+07
  0.6623E+07
  0.1454E+07
  0.1788E+08
  0.7269E+07
  0.5387E+07
  0.1933E+08
  0.3633E+07
  0.6596E+07
  0.2081E+08
  0.6169E+07
  0.6490E+07
  0.1078E+07
  0.1333E+08
  0.3143E+07
  0.5554E+07
  0.1311E+08
  0.7655E+06
  0.1737E+08
  0.4953E+07
  0.1658E+07
  0.1287E+08
  0.2546E+07
  0.1632E+07
  0.1555E+06
  0.1382E+07
  0.2709E+07
  0.8973E+06
  0.6652E+07
  0.1469E+07
  0.8464E+07
  0.8585E+06
  0.1808E+08
  0.1210E+07
  0.1269E+07
  0.4703E+07
  0.2373E+07
  0.1254E+08
  0.8984E+06
  0.2434E+07
  0.1070E+08
  0.1468E+07
  0.3382E+07
  0.8040E+07
  0.9996E+06
  0.2683E+07
  0.1153E+08
  0.8305E+06
  0.1265E+08
  0.7025E+06
  0.6297E+07
  0.7593E+06
  0.1217E+08
  0.6734E+06
  0.5670E+07
  0.6655E+06
  0.3945E+07
  0.6305E+06
  0.1273E+08
  0.2772E+07
  0.2941E+07
  0.7101E+07
  0.8452E+06
  0.1981E+07
  0.1454E+07
  0.1839E+08
  0.8059E+07
  0.8431E+06
  0.5817E+07
  0.6748E+06
  0.1981E+08
  0.7515E+06
  0.4037E+07
  0.7821E+06
  0.7169E+07
  0.9724E+06
  0.2135E+08
  0.7440E+06
  0.6573E+07
  0.6961E+06
  0.6971E+07
  0.7443E+06
  0.1451E+07
  0.5376E+07
  0.1375E+08
  0.7650E+06
  0.3705E+07
  0.5301E+07
  0.5929E+07
  0.7135E+06
  0.1364E+08
  0.1123E+07
  0.1500E+07
  0.1778E+08
  0.7130E+06
  0.5421E+07
  0.2760E+07
  0.2124E+07
  0.7261E+06
  0.1332E+08
  0.8894E+06
  0.3122E+07
  0.8374E+06
  0.1555E+06
  0.2473E+07
  0.1792E+07
  0.3527E+07
  0.3959E+07
  0.3294E+07
SCALARS chi float 1
LOOKUP_TABLE default
  0.0000E+00
  0.0000E+00
  0.0000E+00
  0.0000E+00
  0.0000E+00
  0.0000E+00
  0.0000E+00
  0.0000E+00
  0.0000E+00
  0.0000E+00
  0.0000E+00
  0.0000E+00
  0.0000E+00
  0.0000E+00
  0.0000E+00
  0.0000E+00
  0.0000E+00
  0.0000E+00
  0.0000E+00
  0.0000E+00
  0.0000E+00
  0.0000E+00
  0.0000E+00
  0.0000E+00
  0.0000E+00
  0.0000E+00
  0.0000E+00
  0.0000E+00
  0.0000E+00
  0.0000E+00
  0.0000E+00
  0.0000E+00
  0.0000E+00
  0.0000E+00
  0.0000E+00
  0.0000E+00
  0.0000E+00
  0.0000E+00
  0.0000E+00
  0.0000E+00
  0.0000E+00
  0.0000E+00
  0.0000E+00
  0.0000E+00
  0.0000E+00
  0.0000E+00
  0.0000E+00
  0.0000E+00
  0.0000E+00
  0.0000E+00
  0.0000E+00
  0.0000E+00
  0.0000E+00
  0.0000E+00
  0.0000E+00
  0.0000E+00
  0.0000E+00
  0.0000E+00
  0.0000E+00
  0.0000E+00
  0.0000E+00
  0.0000E+00
  0.0000E+00
  0.0000E+00
  0.0000E+00
  0.0000E+00
  0.0000E+00
  0.0000E+00
  0.0000E+00
  0.0000E+00
  0.0000E+00
  0.0000E+00
  0.0000E+00
  0.0000E+00
  0.0000E+00
  0.0000E+00
  0.0000E+00
  0.0000E+00
  0.0000E+00
  0.0000E+00
  0.0000E+00
  0.2980E+01
  0.3865E+00
  0.3747E+00
  0.7962E+00
  0.1881E+01
  0.4211E+00
  0.5414E+00
  0.4764E+00
  0.3800E+00
  0.4482E+00
  0.1116E+01
  0.2443E+00
  0.2201E+01
  0.4573E+00
  0.1669E+01
  0.2541E+00
  0.2108E+01
  0.3844E+00
  0.5108E+00
  0.1109E+01
  0.2269E+00
  0.4136E+00
  0.2225E+01
  0.2093E+00
  0.4979E+00
  0.5295E+00
  0.3129E+00
  0.4463E+00
  0.6373E+00
  0.3211E+00
  0.4336E+00
  0.4350E+00
  0.4198E+00
  0.2035E+00
  0.3638E+00
  0.3209E+00
  0.3329E+00
  0.2305E+01
  0.3596E+00
  0.9745E+00
  0.3056E+00
  0.5681E+00
  0.3523E+00
  0.5381E+00
  0.0000E+00
  0.0000E+00
  0.1222E+01
  0.1000E+01
  0.8688E+00
  0.9949E+00
  0.1686E+01
  0.1521E+01
  0.1349E+01
  0.1468E+01
  0.6168E+00
  0.2605E+01
  0.1367E+01
  0.1120E+01
  0.4902E+00
  0.1533E+01
  0.9649E+00
  0.1888E+01
  0.5892E+00
  0.1540E+01
  0.1554E+01
  0.2279E+01
  0.4558E+00
  0.9299E+00
  0.1070E+01
  0.8368E+00
  0.9758E+00
  0.1391E+01
  0.6019E+00
  0.7836E+00
  0.1348E+01
  0.1468E+01
  0.5129E+00
  0.7993E+00
  0.7093E+00
  0.2122E+01
  0.7992E+00
  0.2446E+01
  0.5898E+00
  0.1767E+01
  0.7481E+00
  0.2357E+01
  0.5259E+00
  0.0000E+00
  0.0000E+00
  0.1498E+01
  0.2223E+01
  0.1658E+01
  0.2332E+01
  0.3102E+01
  0.1657E+01
  0.1135E+01
  0.4091E+01
  0.2276E+01
  0.2049E+01
  0.1675E+01
  0.2191E+01
  0.1719E+01
  0.7737E+00
  0.1827E+01
  0.1814E+01
  0.2819E+01
  0.2230E+01
  0.9883E+00
  0.1488E+01
  0.1423E+01
  0.2657E+01
  0.2058E+01
  0.9682E+00
  0.1963E+01
  0.2545E+01
  0.2322E+01
  0.2552E+01
  0.2282E+01
  0.1063E+01
  0.1326E+01
  0.2033E+01
  0.1677E+01
  0.2471E+01
  0.2184E+01
  0.2025E+01
  0.1200E+01
  0.2617E+01
  0.1831E+01
  0.2046E+01
  0.9125E+00
  0.2839E+01
  0.1767E+01
  0.2077E+01
  0.1045E+01
  0.0000E+00
  0.0000E+00
  0.7706E+00
  0.1234E+01
  0.1808E+01
  0.2494E+01
  0.0000E+00
  0.1363E+01
  0.0000E+00
  0.0000E+00
  0.1932E+01
  0.3461E+01
  0.1882E+01
  0.0000E+00
  0.1003E+01
  0.3034E+01
  0.1074E+01
  0.1885E+01
  0.1972E+01
  0.6374E+00
  0.1780E+01
  0.1554E+01
  0.2103E+01
  0.3137E+01
  0.2181E+01
  0.1719E+01
  0.1188E+01
  0.0000E+00
  0.2628E+01
  0.2048E+01
  0.0000E+00
  0.2727E+01
  0.2026E+01
  0.1672E+01
  0.1915E+01
  0.1530E+01
  0.2572E+01
  0.1609E+01
  0.1100E+01
  0.2586E+01
  0.2084E+01
  0.0000E+00
  0.0000E+00
  0.1998E+01
  0.2124E+01
  0.2440E+01
  0.2343E+01
  0.1451E+01
  0.0000E+00
  0.0000E+00
  0.9343E+00
  0.3109E+01
  0.3248E+01
  0.7141E+00
  0.0000E+00
  0.1850E+01
  0.1267E+01
  0.0000E+00
  0.0000E+00
  0.3890E+00
  0.7166E+00
  0.1233E+01
  0.3326E+01
  0.2344E+01
  0.2172E+01
  0.0000E+00
  0.1348E+01
  0.0000E+00
  0.5922E+00
  0.7738E+00
  0.2108E+01
  0.0000E+00
  0.9063E+00
  0.2979E+01
  0.0000E+00
  0.7974E+00
  0.4085E+00
  0.7693E+00
  0.1175E+01
  0.7587E+00
  0.0000E+00
  0.1973E+01
  0.9031E+00
  0.6257E+00
  0.0000E+00
  0.5748E+00
  0.2437E+01
  0.1588E+01
  0.2521E+01
  0.1225E+01
  0.6973E+00
  0.1425E+01
  0.1618E+01
  0.1902E+01
  0.3550E+01
  0.3167E+01
  0.3214E+01
  0.1922E+01
  0.4539E+00
  0.0000E+00
  0.0000E+00
  0.1919E+01
  0.2590E+01
  0.8203E+00
  0.0000E+00
  0.7337E+00
  0.1181E+01
  0.4310E+00
  0.8193E+00
  0.8638E+00
  0.1466E+01
  0.1504E+01
  0.0000E+00
  0.8586E+00
  0.9746E+00
  0.1157E+01
  0.0000E+00
  0.1175E+01
  0.0000E+00
  0.1387E+01
  0.1015E+01
  0.1192E+01
  0.7485E+00
  0.0000E+00
  0.1347E+01
  0.1631E+01
  0.1235E+01
  0.1367E+01
  0.4057E+00
  0.0000E+00
  0.1408E+01
  0.8557E+00
  0.0000E+00
  0.1207E+01
  0.2548E+01
  0.8342E+00
  0.0000E+00
  0.1608E+01
  0.8156E+00
  0.0000E+00
  0.4298E+00
  0.8813E+00
  0.0000E+00
  0.8572E+00
  0.2360E+01
  0.1119E+01
  0.0000E+00
  0.0000E+00
  0.1096E+01
  0.2523E+01
  0.2758E+01
  0.1631E+01
  0.6930E+00
  0.8850E+00
  0.0000E+00
  0.1315E+01
  0.0000E+00
  0.8228E+00
  0.1758E+01
  0.1225E+01
  0.9083E+00
  0.7100E+00
  0.0000E+00
  0.0000E+00
  0.8408E+00
  0.1080E+01
  0.6976E+00
  0.0000E+00
  0.1435E+01
  0.8380E+00
  0.0000E+00
  0.0000E+00
  0.8519E+00
  0.1468E+01
  0.0000E+00
  0.2281E+01
  0.0000E+00
  0.1372E+01
  0.1354E+01
  0.0000E+00
  0.2090E+01
  0.1328E+01
  0.1543E+01
  0.6381E+00
  0.0000E+00
  0.1139E+01
  0.6804E+00
  0.1465E+01
  0.6494E+00
  0.8070E+00
  0.0000E+00
  0.2443E+01
  0.3374E+00
  0.0000E+00
  0.0000E+00
  0.2334E+01
  0.1713E+01
  0.1700E+01
  0.5332E+00
  0.0000E+00
  0.9265E+00
  0.0000E+00
  0.1862E+01
  0.8087E+00
  0.0000E+00
  0.8644E+00
  0.1146E+01
  0.1238E+01
  0.7389E+00
  0.6763E+00
  0.1319E+01
  0.0000E+00
  0.1334E+01
  0.1390E+01
  0.6159E+00
  0.1259E+01
  0.5048E+00
  0.7943E+00
  0.1134E+01
  0.5186E+00
  0.6681E+00
  0.3140E+01
  0.6819E+00
  0.1503E+01
  0.0000E+00
  0.1414E+01
  0.6802E+00
  0.1205E+01
  0.0000E+00
  0.5906E+00
  0.1460E+01
  0.1621E+01
  0.7599E+00
  0.0000E+00
  0.1422E+01
  0.9654E+00
  0.1101E+01
  0.0000E+00
  0.3237E+01
  0.1080E+01
  0.0000E+00
  0.0000E+00
  0.1008E+01
  0.1193E+01
  0.3170E+01
  0.1027E+01
  0.2249E+01
  0.2869E+01
  0.1054E+01
  0.8259E+00
  0.1909E+01
  0.0000E+00
  0.0000E+00
  0.0000E+00
  0.1907E+01
  0.1237E+01
  0.7182E+00
  0.0000E+00
  0.0000E+00
  0.2872E+01
  0.0000E+00
  0.0000E+00
  0.8589E+00
  0.9592E+00
  0.7208E+00
  0.0000E+00
  0.6466E+00
  0.1291E+01
  0.6212E+00
  0.1584E+01
  0.6320E+00
  0.9024E+00
  0.1526E+01
  0.0000E+00
  0.7634E+00
  0.2204E+01
  0.4390E+00
  0.7154E+00
  0.8614E+00
  0.0000E+00
  0.1040E+01
  0.0000E+00
  0.1070E+01
  0.2578E+01
  0.1867E+01
  0.0000E+00
  0.0000E+00
  0.1933E+00
  0.5066E+00
  0.2152E+01
  0.9554E+00
  0.8887E+00
  0.0000E+00
  0.2058E+01
  0.1795E+01
  0.4329E+00
  0.0000E+00
  0.1806E+01
  0.1084E+01
  0.1656E+01
  0.1272E+01
  0.8970E+00
  0.9351E+00
  0.0000E+00
  0.9150E+00
  0.7895E+00
  0.7723E+00
  0.1048E+01
  0.0000E+00
  0.8045E+00
  0.1226E+01
  0.6426E+00
  0.0000E+00
  0.1925E+01
  0.1307E+01
  0.0000E+00
  0.1028E+01
  0.0000E+00
  0.1720E+01
  0.8078E+00
  0.0000E+00
  0.6529E+00
  0.8269E+00
  0.6187E+00
  0.7129E+00
  0.6887E+00
  0.6611E+00
  0.0000E+00
  0.0000E+00
  0.1345E+01
  0.0000E+00
  0.0000E+00
  0.9933E+00
  0.1232E+01
  0.1935E+01
  0.6170E+00
  0.2443E+00
  0.0000E+00
  0.0000E+00
  0.1031E+01
  0.3169E+01
  0.1172E+01
  0.0000E+00
  0.4626E+00
  0.1331E+01
  0.1058E+01
  0.1469E+01
  0.8516E+00
  0.7759E+00
  0.0000E+00
  0.6117E+00
  0.0000E+00
  0.0000E+00
  0.8089E+00
  0.1087E+01
  0.0000E+00
  0.0000E+00
  0.0000E+00
  0.1795E+01
  0.9951E+00
  0.0000E+00
  0.1587E+01
  0.6694E+00
  0.8044E+00
  0.1444E+01
  0.2200E+01
  0.3361E+00
  0.2265E+01
  0.1181E+01
  0.0000E+00
  0.8559E+00
  0.0000E+00
  0.1559E+01
  0.1472E+01
  0.0000E+00
  0.1065E+01
  0.1305E+01
  0.0000E+00
  0.7157E+00
  0.1053E+01
  0.1596E+01
  0.0000E+00
  0.2692E+01
  0.1361E+01
  0.1443E+01
  0.0000E+00
  0.0000E+00
  0.1542E+01
  0.2968E+01
  0.1734E+01
  0.0000E+00
  0.6848E+00
  0.6570E+00
  0.1121E+01
  0.4645E+00
  0.7695E+00
  0.0000E+00
  0.1327E+01
  0.1431E+01
  0.6657E+00
  0.9646E+00
  0.1062E+01
  0.1044E+01
  0.9543E+00
  0.1144E+01
  0.1190E+01
  0.7797E+00
  0.9293E+00
  0.1342E+01
  0.1078E+01
  0.0000E+00
  0.3704E+00
  0.1082E+01
  0.2030E+01
  0.9965E+00
  0.2910E+00
  0.6522E+00
  0.1526E+01
  0.8693E+00
  0.0000E+00
  0.8321E+00
  0.0000E+00
  0.0000E+00
  0.5418E+00
  0.9021E+00
  0.0000E+00
  0.0000E+00
  0.0000E+00
  0.0000E+00
  0.5959E+00
  0.1922E+01
  0.1210E+01
  0.6435E+00
  0.0000E+00
  0.0000E+00
  0.1560E+01
  0.2715E+01
  0.9726E+00
  0.6068E+00
  0.0000E+00
  0.5861E+00
  0.0000E+00
  0.1035E+01
  0.0000E+00
  0.9625E+00
  0.5740E+00
  0.7945E+00
  0.0000E+00
  0.0000E+00
  0.0000E+00
  0.0000E+00
  0.7528E+00
  0.6840E+00
  0.0000E+00
  0.8951E+00
  0.0000E+00
  0.1941E+01
  0.0000E+00
  0.6389E+00
  0.9932E+00
  0.2481E+01
  0.0000E+00
  0.1167E+01
  0.0000E+00
  0.1396E+01
  0.1207E+01
  0.4955E+00
  0.1424E+01
  0.8949E+00
  0.0000E+00
  0.9158E+00
  0.1332E+01
  0.8885E+00
  0.1788E+01
  0.9390E+00
  0.5996E+00
  0.7624E+00
  0.1103E+01
  0.1661E+01
  0.1842E+01
  0.5700E+00
  0.0000E+00
  0.0000E+00
  0.8319E+00
  0.2919E+01
  0.0000E+00
  0.7787E+00
  0.6125E+00
  0.8389E+00
  0.1028E+01
  0.8321E+00
  0.1208E+01
  0.0000E+00
  0.8919E+00
  0.1053E+01
  0.1571E+01
  0.1186E+01
  0.7804E+00
  0.0000E+00
  0.7121E+00
  0.7321E+00
  0.0000E+00
  0.1527E+01
  0.1152E+01
  0.1721E+01
  0.1056E+01
  0.0000E+00
  0.1797E+01
  0.8210E+00
  0.0000E+00
  0.9392E+00
  0.0000E+00
  0.9178E+00
  0.0000E+00
  0.8203E+00
  0.9388E+00
  0.1869E+01
  0.6707E+00
  0.0000E+00
  0.9850E+00
  0.7278E+00
  0.1013E+01
  0.1519E+01
  0.8081E+00
  0.0000E+00
  0.1334E+01
  0.2311E+01
  0.1706E+01
  0.3562E+00
  0.0000E+00
  0.0000E+00
  0.1854E+01
  0.3320E+01
  0.8848E+00
  0.0000E+00
  0.1589E+01
  0.0000E+00
  0.5920E+00
  0.0000E+00
  0.4832E+00
  0.1108E+01
  0.0000E+00
  0.8136E+00
  0.0000E+00
  0.6947E+00
  0.0000E+00
  0.0000E+00
  0.0000E+00
  0.7928E+00
  0.1019E+01
  0.0000E+00
  0.1138E+01
  0.0000E+00
  0.0000E+00
  0.7217E+00
  0.8367E+00
  0.9444E+00
  0.1257E+01
  0.5547E+00
  0.9031E+00
  0.8426E+00
  0.0000E+00
  0.0000E+00
  0.9718E+00
  0.1746E+01
  0.4276E+00
  0.7441E+00
  0.0000E+00
  0.2190E+01
  0.5194E+00
  0.0000E+00
  0.0000E+00
  0.2343E+01
  0.6167E+00
  0.0000E+00
  0.0000E+00
  0.4642E+00
  0.2108E+01
  0.1371E+01
  0.1481E+01
  0.9470E+00
  0.9927E+00
  0.1276E+01
  0.5851E+00
  0.0000E+00
  0.8043E+00
  0.1254E+01
  0.1470E+01
  0.6915E+00
  0.4818E+00
  0.1030E+01
  0.0000E+00
  0.8804E+00
  0.1149E+01
  0.7293E+00
  0.7590E+00
  0.0000E+00
  0.5406E+00
  0.1078E+01
  0.9047E+00
  0.0000E+00
  0.5595E+00
  0.1104E+01
  0.1215E+01
  0.7744E+00
  0.0000E+00
  0.0000E+00
  0.0000E+00
  0.1702E+01
  0.0000E+00
  0.1147E+01
  0.0000E+00
  0.1423E+01
  0.4581E+00
  0.1513E+01
  0.0000E+00
  0.8176E+00
  0.1850E+01
  0.1267E+01
  0.1912E+01
  0.1108E+01
  0.0000E+00
  0.1319E+01
  0.2950E+01
  0.1870E+01
  0.2693E+01
  0.0000E+00
  0.0000E+00
  0.4503E+00
  0.2411E+01
  0.0000E+00
  0.8104E+00
  0.0000E+00
  0.2231E+01
  0.1263E+01
  0.5621E+00
  0.6274E+00
  0.6109E+00
  0.0000E+00
  0.1289E+01
  0.8786E+00
  0.1590E+01
  0.1223E+01
  0.1723E+01
  0.0000E+00
  0.1673E+01
  0.1476E+01
  0.1490E+01
  0.1820E+01
  0.1455E+01
  0.2279E+01
  0.8052E+00
  0.8662E+00
  0.8546E+00
  0.1191E+01
  0.1812E+01
  0.1331E+01
  0.0000E+00
  0.8106E+00
  0.1280E+01
  0.7291E+00
  0.1135E+01
  0.5520E+00
  0.1106E+01
  0.2255E+01
  0.1256E+01
  0.1206E+01
  0.8051E+00
  0.1378E+01
  0.6235E+00
  0.0000E+00
  0.2395E+01
  0.7620E+00
  0.0000E+00
  0.0000E+00
  0.1858E+01
  0.2494E+01
  0.1873E+01
  0.7467E+00
  0.8475E+00
  0.1769E+01
  0.9039E+00
  0.0000E+00
  0.8451E+00
  0.1053E+01
  0.1344E+01
  0.1404E+01
  0.6529E+00
  0.0000E+00
  0.4619E+00
  0.1209E+01
  0.1548E+01
  0.8106E+00
  0.1266E+01
  0.0000E+00
  0.2228E+01
  0.1310E+01
  0.8299E+00
  0.3139E+00
  0.0000E+00
  0.0000E+00
  0.0000E+00
  0.0000E+00
  0.6541E+00
  0.7832E+00
  0.1477E+01
  0.7297E+00
  0.1380E+01
  0.0000E+00
  0.1498E+01
  0.1985E+01
  0.0000E+00
  0.9654E+00
  0.0000E+00
  0.3473E+00
  0.0000E+00
  0.3139E+00
  0.0000E+00
  0.5055E+00
  0.1410E+01
  0.2096E+01
  0.2136E+01
  0.4103E+00
  0.0000E+00
  0.0000E+00
  0.9053E+00
  0.3030E+01
  0.6642E+00
  0.0000E+00
  0.0000E+00
  0.8416E+00
  0.1175E+01
  0.0000E+00
  0.1644E+01
  0.8343E+00
  0.3165E+01
  0.2986E+01
  0.9156E+00
  0.1807E+01
  0.1200E+01
  0.0000E+00
  0.6738E+00
  0.1945E+01
  0.1962E+01
  0.7945E+00
  0.6638E+00
  0.1091E+01
  0.1026E+01
  0.0000E+00
  0.9481E+00
  0.2423E+01
  0.0000E+00
  0.7282E+00
  0.5466E+00
  0.1218E+01
  0.6131E+00
  0.1353E+01
  0.8123E+00
  0.9810E+00
  0.0000E+00
  0.1372E+01
  0.7680E+00
  0.7984E+00
  0.1310E+01
  0.1188E+01
  0.7998E+00
  0.7395E+00
  0.2402E+01
  0.1775E+01
  0.8817E+00
  0.0000E+00
  0.0000E+00
  0.1696E+01
  0.2669E+01
  0.0000E+00
  0.1628E+01
  0.0000E+00
  0.4094E+00
  0.1552E+01
  0.0000E+00
  0.7981E+00
  0.1142E+01
  0.1424E+01
  0.0000E+00
  0.5982E+00
  0.0000E+00
  0.0000E+00
  0.4971E+00
  0.0000E+00
  0.5518E+00
  0.6974E+00
  0.0000E+00
  0.7825E+00
  0.9090E+00
  0.1176E+01
  0.0000E+00
  0.0000E+00
  0.6932E+00
  0.0000E+00
  0.8396E+00
  0.0000E+00
  0.1632E+01
  0.5352E+00
  0.1313E+01
  0.1846E+01
  0.0000E+00
  0.1754E+01
  0.0000E+00
  0.6230E+00
  0.1220E+01
  0.7226E+00
  0.1668E+01
  0.0000E+00
  0.0000E+00
  0.0000E+00
  0.1747E+01
  0.1226E+01
  0.0000E+00
  0.0000E+00
  0.1641E+01
  0.2445E+01
  0.9954E+00
  0.6561E+00
  0.9923E+00
  0.1367E+01
  0.5166E+00
  0.1109E+01
  0.0000E+00
  0.4660E+00
  0.9548E+00
  0.7755E+00
  0.1803E+01
  0.6354E+00
  0.0000E+00
  0.7112E+00
  0.0000E+00
  0.1157E+01
  0.9275E+00
  0.0000E+00
  0.0000E+00
  0.9821E+00
  0.9963E+00
  0.4841E+00
  0.0000E+00
  0.6615E+00
  0.7737E+00
  0.3017E+00
  0.1028E+01
  0.6790E+00
  0.6926E+00
  0.1159E+01
  0.8943E+00
  0.1634E+01
  0.1107E+01
  0.0000E+00
  0.7218E+00
  0.0000E+00
  0.2872E+01
  0.1187E+01
  0.6900E+00
  0.8693E+00
  0.2023E+01
  0.4292E+00
  0.0000E+00
  0.0000E+00
  0.1078E+01
  0.2429E+01
  0.6658E+00
  0.0000E+00
  0.1516E+01
  0.0000E+00
  0.1652E+01
  0.4114E+00
  0.1420E+01
  0.0000E+00
  0.0000E+00
  0.1417E+01
  0.5842E+00
  0.0000E+00
  0.8464E+00
  0.1611E+01
  0.5206E+00
  0.9407E+00
  0.1229E+01
  0.1753E+01
  0.7902E+00
  0.5366E+00
  0.0000E+00
  0.8837E+00
  0.1546E+01
  0.8102E+00
  0.0000E+00
  0.1565E+01
  0.2072E+01
  0.1116E+01
  0.4405E+00
  0.0000E+00
  0.1171E+01
  0.0000E+00
  0.3581E+00
  0.1809E+01
  0.6038E+00
  0.0000E+00
  0.1118E+01
  0.1463E+01
  0.8476E+00
  0.1047E+01
  0.1226E+01
  0.7435E+00
  0.9887E+00
  0.1567E+01
  0.1606E+01
  0.5617E+00
  0.0000E+00
  0.0000E+00
  0.3211E+00
  0.7754E+00
  0.2649E+01
  0.6823E+00
  0.5098E+00
  0.0000E+00
  0.6310E+00
  0.1085E+01
  0.9509E+00
  0.1346E+01
  0.4447E+00
  0.9907E+00
  0.1596E+01
  0.5416E+00
  0.9799E+00
  0.0000E+00
  0.1921E+01
  0.0000E+00
  0.6391E+00
  0.1071E+01
  0.0000E+00
  0.5300E+00
  0.1432E+01
  0.7806E+00
  0.1223E+01
  0.1797E+01
  0.1076E+01
  0.1505E+01
  0.0000E+00
  0.1306E+01
  0.0000E+00
  0.8296E+00
  0.0000E+00
  0.0000E+00
  0.9979E+00
  0.7172E+00
  0.0000E+00
  0.1690E+01
  0.0000E+00
  0.1053E+01
  0.0000E+00
  0.7499E+00
  0.0000E+00
  0.8361E+00
  0.2281E+01
  0.1455E+01
  0.0000E+00
  0.0000E+00
  0.1597E+01
  0.9917E+00
  0.0000E+00
  0.1043E+01
  0.1190E+01
  0.1833E+01
  0.1891E+01
  0.1311E+01
  0.6286E+00
  0.0000E+00
  0.1275E+01
  0.0000E+00
  0.8104E+00
  0.0000E+00
  0.6202E+00
  0.8892E+00
  0.0000E+00
  0.1323E+01
  0.1236E+01
  0.0000E+00
  0.9722E+00
  0.0000E+00
  0.4235E+00
  0.0000E+00
  0.6009E+00
  0.0000E+00
  0.8390E+00
  0.1062E+01
  0.1671E+01
  0.0000E+00
  0.1896E+01
  0.6896E+00
  0.9600E+00
  0.7063E+00
  0.1285E+01
  0.0000E+00
  0.9910E+00
  0.8939E+00
  0.1006E+01
  0.0000E+00
  0.0000E+00
  0.9706E+00
  0.2488E+01
  0.1768E+01
  0.0000E+00
  0.0000E+00
  0.9870E+00
  0.2046E+01
  0.1469E+01
  0.5231E+00
  0.8138E+00
  0.0000E+00
  0.9110E+00
  0.8828E+00
  0.0000E+00
  0.8170E+00
  0.5438E+00
  0.0000E+00
  0.5718E+00
  0.0000E+00
  0.0000E+00
  0.1051E+01
  0.0000E+00
  0.1003E+01
  0.1369E+01
  0.5097E+00
  0.1154E+01
  0.1508E+01
  0.5359E+00
  0.8442E+00
  0.6436E+00
  0.1414E+01
  0.8191E+00
  0.0000E+00
  0.7275E+00
  0.1013E+01
  0.7447E+00
  0.9369E+00
  0.0000E+00
  0.1136E+01
  0.0000E+00
  0.8051E+00
  0.0000E+00
  0.1091E+01
  0.0000E+00
  0.1010E+01
  0.0000E+00
  0.6451E+00
  0.6386E+00
  0.0000E+00
  0.2053E+01
  0.7059E+00
  0.0000E+00
  0.0000E+00
  0.1534E+01
  0.3118E+01
  0.1631E+01
  0.5893E+00
  0.0000E+00
  0.6988E+00
  0.8705E+00
  0.0000E+00
  0.1108E+01
  0.8553E+00
  0.1447E+01
  0.1989E+01
  0.1016E+01
  0.1066E+01
  0.4227E+00
  0.9131E+00
  0.5312E+00
  0.0000E+00
  0.1896E+01
  0.9769E+00
  0.0000E+00
  0.7745E+00
  0.1330E+01
  0.1408E+01
  0.8967E+00
  0.0000E+00
  0.1087E+01
  0.0000E+00
  0.4462E+00
  0.1387E+01
  0.1357E+01
  0.1024E+01
  0.1114E+01
  0.0000E+00
  0.1599E+01
  0.7396E+00
  0.0000E+00
  0.1526E+01
  0.7838E+00
  0.1400E+01
  0.8796E+00
  0.7122E+00
  0.3224E+01
  0.2824E+01
  0.2141E+01
  0.0000E+00
  0.0000E+00
  0.8631E+00
  0.1538E+01
  0.9284E+00
  0.1299E+01
  0.9274E+00
  0.1820E+01
  0.8777E+00
  0.0000E+00
  0.1793E+01
  0.1029E+01
  0.6891E+00
  0.0000E+00
  0.7583E+00
  0.1451E+01
  0.2014E+01
  0.8421E+00
  0.1393E+01
  0.6308E+00
  0.7541E+00
  0.0000E+00
  0.1153E+01
  0.7271E+00
  0.0000E+00
  0.1222E+01
  0.1811E+01
  0.5000E+00
  0.1660E+01
  0.0000E+00
  0.1724E+01
  0.6099E+00
  0.0000E+00
  0.6893E+00
  0.0000E+00
  0.1711E+01
  0.8061E+00
  0.1095E+01
  0.5995E+00
  0.1462E+01
  0.0000E+00
  0.8178E+00
  0.0000E+00
  0.1110E+01
  0.1715E+01
  0.1685E+01
  0.4856E+00
  0.0000E+00
  0.0000E+00
  0.1239E+01
  0.2012E+01
  0.0000E+00
  0.5103E+00
  0.1457E+01
  0.1350E+01
  0.7468E+00
  0.1658E+01
  0.1071E+01
  0.5910E+00
  0.0000E+00
  0.0000E+00
  0.7395E+00
  0.8887E+00
  0.0000E+00
  0.1296E+01
  0.0000E+00
  0.5643E+00
  0.1128E+01
  0.0000E+00
  0.7626E+00
  0.8274E+00
  0.8651E+00
  0.0000E+00
  0.1461E+01
  0.6444E+00
  0.0000E+00
  0.1937E+01
  0.9253E+00
  0.1622E+01
  0.5937E+00
  0.8779E+00
  0.4882E+00
  0.0000E+00
  0.6859E+00
  0.6412E+00
  0.0000E+00
  0.1180E+01
  0.0000E+00
  0.4030E+00
  0.1019E+01
  0.8172E+00
  0.6979E+00
  0.0000E+00
  0.7944E+00
  0.1904E+01
  0.8799E+00
  0.0000E+00
  0.0000E+00
  0.1707E+01
  0.2458E+01
  0.7816E+00
  0.0000E+00
  0.1010E+01
  0.1050E+01
  0.3089E+00
  0.7167E+00
  0.1918E+01
  0.8420E+00
  0.8525E+00
  0.3387E+00
  0.1117E+01
  0.0000E+00
  0.1568E+01
  0.5329E+00
  0.7656E+00
  0.1593E+01
  0.7966E+00
  0.7963E+00
  0.0000E+00
  0.9452E+00
  0.1077E+01
  0.0000E+00
  0.7911E+00
  0.7855E+00
  0.2095E+01
  0.1396E+01
  0.1010E+01
  0.5463E+00
  0.8464E+00
  0.0000E+00
  0.1383E+01
  0.5815E+00
  0.1605E+01
  0.1413E+01
  0.1327E+01
  0.1028E+01
  0.0000E+00
  0.0000E+00
  0.1378E+01
  0.1517E+01
  0.1134E+01
  0.2938E+01
  0.1234E+01
  0.0000E+00
  0.0000E+00
  0.4656E+00
  0.0000E+00
  0.7636E+00
  0.0000E+00
  0.0000E+00
  0.0000E+00
  0.1053E+01
  0.1938E+01
  0.1899E+01
  0.8375E+00
  0.0000E+00
  0.8186E+00
  0.1757E+01
  0.5493E+00
  0.0000E+00
  0.2041E+01
  0.1049E+01
  0.6083E+00
  0.0000E+00
  0.8923E+00
  0.1046E+01
  0.0000E+00
  0.5836E+00
  0.7257E+00
  0.0000E+00
  0.5261E+00
  0.2929E+01
  0.1990E+01
  0.1280E+01
  0.0000E+00
  0.7660E+00
  0.2471E+01
  0.1087E+01
  0.0000E+00
  0.9687E+00
  0.1180E+01
  0.0000E+00
  0.0000E+00
  0.1026E+01
  0.6187E+00
  0.0000E+00
  0.9627E+00
  0.7759E+00
  0.0000E+00
  0.1608E+01
  0.0000E+00
  0.0000E+00
  0.1059E+01
  0.1494E+01
  0.8601E+00
  0.2109E+01
  0.7218E+00
  0.0000E+00
  0.1232E+01
  0.5709E+00
  0.1023E+01
  0.3242E+01
  0.1112E+01
  0.5444E+00
  0.0000E+00
  0.0000E+00
  0.8965E+00
  0.0000E+00
  0.1581E+01
  0.5998E+00
  0.4592E+00
  0.0000E+00
  0.6136E+00
  0.1185E+01
  0.0000E+00
  0.1259E+01
  0.0000E+00
  0.2261E+01
  0.1019E+01
  0.0000E+00
  0.9085E+00
  0.1363E+01
  0.1318E+01
  0.1391E+01
  0.6747E+00
  0.5180E+00
  0.1595E+01
  0.9212E+00
  0.6368E+00
  0.2347E+01
  0.1194E+01
  0.0000E+00
  0.1616E+01
  0.0000E+00
  0.2247E+01
  0.1857E+01
  0.5724E+00
  0.0000E+00
  0.0000E+00
  0.1944E+01
  0.2076E+01
  0.5291E+00
  0.1085E+01
  0.9605E+00
  0.0000E+00
  0.6319E+00
  0.1813E+01
  0.8922E+00
  0.0000E+00
  0.0000E+00
  0.0000E+00
  0.1312E+01
  0.8678E+00
  0.0000E+00
  0.1222E+01
  0.1116E+01
  0.1555E+01
  0.1021E+01
  0.2041E+01
  0.0000E+00
  0.1400E+01
  0.5533E+00
  0.1080E+01
  0.0000E+00
  0.1312E+01
  0.0000E+00
  0.8024E+00
  0.7611E+00
  0.0000E+00
  0.5256E+00
  0.4816E+00
  0.0000E+00
  0.1414E+01
  0.7991E+00
  0.0000E+00
  0.1402E+01
  0.4126E+00
  0.6140E+00
  0.1413E+01
  0.6864E+00
  0.0000E+00
  0.3279E+01
  0.1758E+01
  0.0000E+00
  0.0000E+00
  0.1036E+01
  0.1968E+01
  0.8881E+00
  0.0000E+00
  0.1045E+01
  0.7820E+00
  0.2016E+01
  0.0000E+00
  0.0000E+00
  0.9698E+00
  0.8934E+00
  0.9278E+00
  0.1146E+01
  0.8801E+00
  0.0000E+00
  0.0000E+00
  0.1260E+01
  0.0000E+00
  0.1212E+01
  0.3266E+00
  0.9641E+00
  0.1680E+01
  0.5283E+00
  0.0000E+00
  0.1389E+01
  0.3796E+00
  0.7048E+00
  0.0000E+00
  0.1830E+01
  0.8395E+00
  0.0000E+00
  0.1253E+01
  0.0000E+00
  0.1400E+01
  0.6241E+00
  0.0000E+00
  0.8353E+00
  0.6531E+00
  0.9199E+00
  0.0000E+00
  0.8674E+00
  0.8934E+00
  0.8228E+00
  0.2419E+01
  0.1922E+01
  0.0000E+00
  0.0000E+00
  0.1123E+01
  0.2932E+01
  0.8739E+00
  0.0000E+00
  0.0000E+00
  0.1748E+01
  0.8753E+00
  0.6933E+00
  0.0000E+00
  0.8222E+00
  0.0000E+00
  0.1184E+01
  0.0000E+00
  0.7451E+00
  0.7274E+00
  0.1194E+01
  0.3421E+00
  0.1903E+01
  0.0000E+00
  0.5677E+00
  0.1240E+01
  0.8620E+00
  0.1288E+01
  0.8040E+00
  0.0000E+00
  0.1125E+01
  0.4977E+00
  0.0000E+00
  0.1118E+01
  0.1168E+01
  0.9876E+00
  0.5583E+00
  0.0000E+00
  0.9230E+00
  0.1045E+01
  0.0000E+00
  0.5809E+00
  0.1120E+01
  0.1682E+01
  0.0000E+00
  0.7401E+00
  0.0000E+00
  0.3094E+01
  0.1670E+01
  0.2907E+00
  0.0000E+00
  0.0000E+00
  0.1528E+01
  0.3136E+01
  0.0000E+00
  0.6798E+00
  0.1887E+01
  0.1365E+01
  0.1012E+01
  0.0000E+00
  0.1114E+01
  0.7393E+00
  0.0000E+00
  0.1593E+01
  0.1306E+01
  0.1556E+01
  0.8346E+00
  0.8615E+00
  0.1675E+01
  0.7322E+00
  0.1120E+01
  0.3183E+01
  0.1313E+01
  0.0000E+00
  0.9414E+00
  0.1414E+01
  0.0000E+00
  0.2171E+01
  0.0000E+00
  0.0000E+00
  0.5023E+00
  0.7453E+00
  0.1444E+01
  0.4924E+00
  0.0000E+00
  0.6112E+00
  0.1051E+01
  0.5150E+00
  0.0000E+00
  0.9363E+00
  0.1204E+01
  0.2248E+01
  0.1200E+01
  0.6356E+00
  0.8631E+00
  0.7502E+00
  0.0000E+00
  0.1995E+01
  0.6471E+00
  0.0000E+00
  0.0000E+00
  0.8481E+00
  0.3005E+01
  0.3613E+00
  0.1048E+01
  0.0000E+00
  0.4280E+00
  0.5001E+00
  0.7118E+00
  0.1815E+01
  0.1820E+01
  0.7587E+00
  0.6856E+00
  0.0000E+00
  0.0000E+00
  0.1649E+01
  0.0000E+00
  0.1234E+01
  0.0000E+00
  0.1572E+01
  0.1261E+01
  0.1191E+01
  0.6971E+00
  0.5302E+00
  0.6324E+00
  0.1187E+01
  0.1927E+01
  0.1256E+01
  0.9618E+00
  0.1246E+01
  0.5391E+00
  0.1214E+01
  0.1344E+01
  0.1008E+01
  0.9551E+00
  0.9195E+00
  0.9635E+00
  0.0000E+00
  0.2017E+01
  0.1177E+01
  0.0000E+00
  0.8006E+00
  0.2433E+01
  0.7935E+00
  0.1501E+01
  0.3356E+00
  0.0000E+00
  0.0000E+00
  0.1535E+01
  0.2902E+01
  0.1371E+01
  0.7080E+00
  0.0000E+00
  0.1276E+01
  0.1284E+01
  0.0000E+00
  0.1415E+01
  0.1806E+01
  0.7030E+00
  0.1271E+01
  0.2382E+01
  0.1024E+01
  0.7713E+00
  0.0000E+00
  0.6372E+00
  0.0000E+00
  0.1306E+01
  0.7235E+00
  0.0000E+00
  0.1420E+01
  0.1935E+01
  0.1397E+01
  0.6634E+00
  0.8380E+00
  0.1705E+01
  0.6969E+00
  0.0000E+00
  0.1012E+01
  0.1508E+01
  0.6025E+00
  0.0000E+00
  0.6185E+00
  0.0000E+00
  0.1208E+01
  0.6768E+00
  0.8090E+00
  0.1123E+01
  0.0000E+00
  0.1059E+01
  0.1434E+01
  0.9081E+00
  0.1688E+01
  0.1960E+01
  0.0000E+00
  0.0000E+00
  0.6967E+00
  0.2556E+01
  0.0000E+00
  0.8641E+00
  0.1087E+01
  0.1224E+01
  0.2170E+01
  0.7284E+00
  0.7171E+00
  0.3837E+00
  0.0000E+00
  0.1337E+01
  0.1843E+01
  0.1137E+01
  0.1740E+01
  0.9778E+00
  0.0000E+00
  0.1032E+01
  0.1198E+01
  0.5442E+00
  0.0000E+00
  0.5998E+00
  0.1427E+01
  0.1126E+01
  0.9612E+00
  0.1697E+01
  0.0000E+00
  0.1080E+01
  0.1254E+01
  0.1026E+01
  0.1449E+01
  0.0000E+00
  0.1163E+01
  0.1922E+01
  0.8788E+00
  0.1468E+01
  0.1393E+01
  0.6446E+00
  0.0000E+00
  0.1229E+01
  0.2213E+01
  0.9890E+00
  0.1073E+01
  0.4473E+00
  0.2846E+01
  0.7805E+00
  0.0000E+00
  0.0000E+00
  0.5317E+00
  0.1957E+01
  0.1263E+01
  0.0000E+00
  0.5531E+00
  0.0000E+00
  0.1292E+01
  0.8936E+00
  0.0000E+00
  0.1057E+01
  0.6998E+00
  0.6539E+00
  0.0000E+00
  0.8098E+00
  0.0000E+00
  0.4127E+00
  0.1094E+01
  0.8542E+00
  0.0000E+00
  0.1108E+01
  0.5595E+00
  0.1993E+01
  0.9971E+00
  0.2164E+01
  0.7434E+00
  0.2150E+01
  0.3921E+00
  0.2069E+01
  0.2100E+01
  0.1277E+01
  0.5509E+00
  0.2415E+01
  0.6281E+00
  0.5530E+00
  0.1307E+01
  0.1986E+01
  0.1151E+01
  0.7083E+00
  0.6945E+00
  0.1471E+01
  0.0000E+00
  0.2232E+01
  0.0000E+00
  0.0000E+00
  0.2098E+01
  0.8121E+00
  0.0000E+00
  0.0000E+00
  0.2267E+01
  0.1999E+01
  0.1095E+01
  0.9191E+00
  0.7864E+00
  0.5357E+00
  0.1390E+01
  0.5936E+00
  0.7111E+00
  0.0000E+00
  0.1436E+01
  0.5534E+00
  0.2170E+01
  0.1201E+01
  0.1412E+01
  0.1214E+01
  0.4826E+00
  0.0000E+00
  0.9548E+00
  0.0000E+00
  0.7646E+00
  0.0000E+00
  0.7458E+00
  0.0000E+00
  0.1365E+01
  0.1608E+01
  0.1420E+01
  0.0000E+00
  0.9127E+00
  0.0000E+00
  0.7892E+00
  0.1570E+01
  0.1065E+01
  0.1294E+01
  0.7571E+00
  0.0000E+00
  0.6233E+00
  0.0000E+00
  0.5816E+00
  0.5089E+00
  0.6233E+00
  0.1224E+01
  0.1295E+01
  0.2642E+01
  0.2356E+01
  0.3179E+01
  0.0000E+00
  0.0000E+00
  0.7083E+00
  0.2375E+01
  0.0000E+00
  0.1066E+01
  0.1085E+01
  0.0000E+00
  0.0000E+00
  0.9981E+00
  0.0000E+00
  0.0000E+00
  0.7671E+00
  0.0000E+00
  0.1144E+01
  0.4251E+00
  0.1653E+01
  0.4589E+00
  0.0000E+00
  0.8421E+00
  0.7105E+00
  0.0000E+00
  0.8997E+00
  0.0000E+00
  0.6467E+00
  0.1572E+01
  0.5162E+00
  0.7078E+00
  0.1068E+01
  0.8442E+00
  0.9980E+00
  0.0000E+00
  0.1203E+01
  0.5613E+00
  0.0000E+00
  0.0000E+00
  0.1251E+01
  0.1361E+01
  0.0000E+00
  0.1549E+01
  0.1589E+01
  0.6972E+00
  0.2693E+01
  0.1804E+01
  0.1352E+01
  0.7457E+00
  0.0000E+00
  0.0000E+00
  0.1997E+01
  0.6309E+00
  0.8702E+00
  0.0000E+00
  0.1656E+01
  0.1220E+01
  0.1062E+01
  0.9088E+00
  0.7537E+00
  0.0000E+00
  0.0000E+00
  0.9350E+00
  0.0000E+00
  0.9115E+00
  0.0000E+00
  0.8916E+00
  0.8694E+00
  0.0000E+00
  0.6739E+00
  0.1442E+01
  0.6683E+00
  0.2073E+01
  0.9496E+00
  0.4413E+00
  0.1685E+01
  0.9035E+00
  0.0000E+00
  0.0000E+00
  0.0000E+00
  0.9130E+00
  0.1330E+01
  0.3955E+00
  0.4315E+00
  0.0000E+00
  0.7083E+00
  0.8639E+00
  0.9512E+00
  0.0000E+00
  0.1333E+01
  0.7792E+00
  0.8863E+00
  0.0000E+00
  0.0000E+00
  0.2757E+01
  0.1633E+01
  0.3800E+00
  0.0000E+00
  0.0000E+00
  0.1246E+01
  0.2472E+01
  0.1764E+01
  0.9399E+00
  0.7215E+00
  0.3510E+01
  0.4126E+00
  0.7541E+00
  0.0000E+00
  0.1553E+01
  0.9069E+00
  0.7851E+00
  0.5698E+00
  0.1850E+01
  0.9525E+00
  0.8869E+00
  0.1447E+01
  0.1371E+01
  0.4607E+00
  0.1270E+01
  0.8222E+00
  0.1624E+01
  0.6315E+00
  0.1191E+01
  0.1057E+01
  0.9804E+00
  0.2023E+01
  0.9419E+00
  0.2159E+01
  0.1392E+01
  0.1007E+01
  0.1089E+01
  0.1621E+01
  0.7168E+00
  0.1713E+01
  0.1713E+01
  0.6331E+00
  0.9057E+00
  0.0000E+00
  0.2566E+01
  0.9824E+00
  0.1029E+01
  0.9653E+00
  0.2305E+01
  0.5379E+00
  0.0000E+00
  0.0000E+00
  0.5634E+00
  0.2494E+01
  0.0000E+00
  0.9494E+00
  0.0000E+00
  0.2756E+01
  0.2724E+01
  0.0000E+00
  0.0000E+00
  0.1138E+01
  0.4765E+00
  0.1329E+01
  0.0000E+00
  0.0000E+00
  0.2068E+01
  0.0000E+00
  0.8756E+00
  0.0000E+00
  0.1121E+01
  0.0000E+00
  0.4319E+00
  0.0000E+00
  0.0000E+00
  0.1047E+01
  0.0000E+00
  0.2968E+01
  0.1098E+01
  0.0000E+00
  0.9171E+00
  0.2343E+01
  0.3182E+01
  0.1064E+01
  0.2599E+01
  0.2736E+01
  0.0000E+00
  0.9576E+00
  0.0000E+00
  0.7116E+00
  0.0000E+00
  0.8478E+00
  0.1148E+01
  0.4695E+00
  0.0000E+00
  0.9167E+00
  0.1834E+01
  0.2016E+01
  0.1434E+01
  0.1152E+01
  0.0000E+00
  0.2409E+01
  0.5618E+00
  0.0000E+00
  0.0000E+00
  0.1372E+01
  0.2391E+01
  0.1186E+01
  0.0000E+00
  0.1459E+01
  0.1683E+01
  0.2144E+01
  0.2176E+01
  0.1951E+01
  0.2208E+01
  0.2203E+01
  0.2262E+01
  0.2936E+01
  0.1931E+01
  0.1223E+01
  0.2361E+01
  0.2077E+01
  0.1402E+01
  0.2643E+01
  0.1349E+01
  0.1343E+01
  0.1611E+01
  0.3098E+01
  0.2345E+01
  0.2806E+01
  0.1649E+01
  0.1913E+01
  0.0000E+00
  0.2596E+01
  0.1613E+01
  0.2064E+01
  0.7949E+00
  0.8400E+00
  0.2391E+01
  0.1900E+01
  0.1850E+01
  0.2474E+01
  0.2700E+01
  0.1404E+01
  0.8089E+00
  0.0000E+00
  0.3333E+01
  0.2284E+01
  0.2722E+01
  0.6787E+00
  0.0000E+00
  0.0000E+00
  0.4847E+00
  0.1676E+01
  0.2620E+01
  0.1696E+01
  0.1077E+01
  0.1971E+01
  0.1223E+01
  0.2105E+01
  0.1392E+01
  0.2779E+01
  0.1471E+01
  0.1233E+01
  0.1965E+01
  0.1196E+01
  0.2334E+01
  0.2149E+01
  0.1650E+01
  0.2064E+01
  0.2319E+01
  0.1682E+01
  0.1751E+01
  0.1778E+01
  0.1191E+01
  0.1933E+01
  0.2186E+01
  0.2493E+01
  0.9251E+00
  0.2620E+01
  0.1534E+01
  0.1392E+01
  0.1497E+01
  0.2344E+01
  0.2879E+01
  0.2333E+01
  0.1348E+01
  0.2488E+01
  0.2176E+01
  0.1364E+01
  0.1892E+01
  0.9649E+00
  0.1420E+01
  0.2787E+01
  0.1619E+01
  0.1412E+01
  0.1766E+01
  0.0000E+00
  0.0000E+00
  0.2536E+01
  0.9214E+00
  0.1385E+01
  0.2129E+01
  0.6077E+00
  0.1138E+01
  0.6311E+00
  0.1641E+01
  0.6707E+00
  0.1754E+01
  0.8206E+00
  0.1583E+01
  0.1126E+01
  0.8581E+00
  0.9245E+00
  0.1333E+01
  0.1549E+01
  0.7439E+00
  0.2146E+01
  0.1076E+01
  0.1985E+01
  0.7516E+00
  0.8919E+00
  0.1030E+01
  0.6189E+00
  0.1389E+01
  0.1017E+01
  0.6695E+00
  0.7214E+00
  0.8834E+00
  0.1192E+01
  0.1299E+01
  0.7079E+00
  0.1787E+01
  0.1045E+01
  0.1128E+01
  0.7415E+00
  0.1664E+01
  0.6156E+00
  0.1041E+01
  0.1977E+01
  0.1545E+01
  0.6496E+00
  0.1933E+01
  0.0000E+00
  0.0000E+00
  0.7104E+00
  0.5157E+00
  0.4690E+00
  0.3005E+00
  0.9950E+00
  0.7950E+00
  0.3682E+00
  0.7992E+00
  0.1324E+01
  0.6346E+00
  0.4618E+00
  0.7611E+00
  0.4111E+00
  0.2662E+00
  0.4339E+00
  0.2978E+00
  0.3820E+00
  0.4591E+00
  0.2450E+00
  0.8479E+00
  0.4157E+00
  0.9471E+00
  0.2792E+00
  0.4711E+00
  0.4204E+00
  0.2485E+00
  0.4663E+00
  0.4964E+00
  0.2721E+00
  0.3614E+00
  0.4154E+00
  0.7843E+00
  0.2714E+00
  0.6985E+00
  0.3552E+00
  0.3345E+00
  0.1507E+01
  0.2284E+00
  0.4720E+00
  0.7967E+00
  0.2919E+00
  0.8009E+00
  0.0000E+00
  0.0000E+00
  0.0000E+00
  0.0000E+00
  0.0000E+00
  0.0000E+00
  0.0000E+00
  0.0000E+00
  0.0000E+00
  0.0000E+00
  0.0000E+00
  0.0000E+00
  0.0000E+00
  0.0000E+00
  0.0000E+00
  0.0000E+00
  0.0000E+00
  0.0000E+00
  0.0000E+00
  0.0000E+00
  0.0000E+00
  0.0000E+00
  0.0000E+00
  0.0000E+00
  0.0000E+00
  0.0000E+00
  0.0000E+00
  0.0000E+00
  0.0000E+00
  0.0000E+00
  0.0000E+00
  0.0000E+00
  0.0000E+00
  0.0000E+00
  0.0000E+00
  0.0000E+00
  0.0000E+00
  0.0000E+00
  0.0000E+00
  0.0000E+00
  0.0000E+00
  0.0000E+00
  0.0000E+00
  0.0000E+00
  0.0000E+00
  0.0000E+00
  0.0000E+00
  0.0000E+00
  0.0000E+00
  0.0000E+00
  0.0000E+00
  0.0000E+00
  0.0000E+00
  0.0000E+00
  0.0000E+00
  0.0000E+00
  0.0000E+00
  0.0000E+00
  0.0000E+00
  0.0000E+00
  0.0000E+00
  0.0000E+00
  0.0000E+00
  0.0000E+00
  0.0000E+00
  0.0000E+00
  0.0000E+00
  0.0000E+00
  0.0000E+00
  0.0000E+00
  0.0000E+00
  0.0000E+00
  0.0000E+00
  0.0000E+00
  0.0000E+00
  0.0000E+00
  0.0000E+00
  0.0000E+00
  0.0000E+00
  0.0000E+00
  0.0000E+00
  0.1406E+01
  0.1945E+01
  0.1315E+01
  0.1221E+01
  0.1829E+01
 CELL_DATA       2445
SCALARS strahler float 1
LOOKUP_TABLE default
  1
  1
  1
  1
  2
  1
  2
  1
  1
  2
  1
  1
  1
  1
  1
  1
  2
  1
  1
  2
  1
  1
  1
  1
  1
  2
  1
  1
  1
  2
  1
  1
  1
  1
  3
  1
  1
  1
  1
  1
  2
  1
  1
  1
  1
  1
  2
  1
  2
  1
  1
  2
  1
  1
  1
  2
  1
  1
  1
  3
  1
  1
  2
  1
  2
  1
  1
  1
  2
  1
  1
  2
  1
  1
  1
  1
  1
  1
  1
  1
  1
  1
  2
  2
  1
  1
  2
  1
  1
  1
  2
  1
  2
  1
  1
  1
  2
  1
  2
  1
  1
  3
  1
  1
  2
  1
  1
  2
  2
  1
  2
  1
  2
  1
  3
  3
  2
  2
  1
  2
  1
  2
  1
  1
  1
  1
  1
  1
  1
  2
  2
  1
  1
  1
  1
  2
  1
  1
  1
  2
  1
  1
  1
  3
  1
  1
  1
  2
  1
  1
  2
  1
  1
  2
  1
  1
  1
  3
  2
  2
  1
  1
  1
  2
  1
  1
  1
  1
  1
  1
  1
  1
  1
  1
  1
  1
  1
  1
  1
  1
  1
  1
  1
  2
  1
  1
  1
  1
  2
  1
  2
  1
  1
  2
  1
  1
  1
  1
  1
  2
  1
  1
  1
  1
  1
  1
  1
  1
  1
  1
  2
  1
  1
  1
  1
  1
  2
  2
  2
  1
  1
  1
  1
  1
  1
  1
  1
  1
  2
  1
  1
  2
  1
  1
  1
  1
  1
  1
  1
  2
  1
  1
  2
  1
  1
  1
  1
  1
  1
  1
  1
  1
  2
  3
  1
  1
  1
  1
  1
  1
  1
  1
  1
  1
  1
  1
  1
  1
  1
  2
  1
  1
  2
  2
  1
  1
  1
  1
  1
  1
  1
  1
  2
  1
  1
  1
  2
  1
  1
  1
  1
  2
  1
  1
  1
  1
  1
  1
  1
  2
  1
  1
  2
  1
  1
  2
  1
  1
  1
  1
  1
  1
  1
  2
  2
  1
  1
  1
  1
  1
  1
  1
  1
  1
  1
  1
  1
  2
  1
  1
  1
  1
  1
  1
  1
  1
  1
  1
  1
  1
  1
  1
  1
  2
  2
  1
  1
  2
  1
  1
  1
  2
  1
  1
  2
  2
  1
  2
  1
  1
  1
  1
  1
  1
  1
  1
  1
  1
  1
  2
  1
  2
  1
  1
  1
  1
  1
  2
  1
  1
  1
  1
  1
  1
  1
  2
  2
  1
  1
  1
  1
  2
  1
  1
  2
  1
  1
  1
  1
  1
  1
  1
  1
  1
  1
  1
  1
  2
  2
  1
  1
  2
  1
  1
  2
  1
  1
  1
  1
  1
  1
  1
  1
  1
  1
  1
  2
  1
  1
  2
  1
  1
  1
  1
  2
  1
  1
  1
  1
  2
  1
  1
  1
  2
  2
  1
  1
  1
  2
  1
  1
  1
  1
  1
  2
  1
  1
  1
  2
  1
  1
  1
  1
  1
  1
  1
  1
  2
  2
  1
  1
  1
  2
  1
  1
  2
  1
  1
  1
  1
  2
  1
  1
  1
  1
  2
  1
  1
  2
  1
  1
  2
  1
  1
  1
  1
  2
  1
  1
  1
  1
  2
  2
  2
  1
  1
  1
  1
  1
  1
  1
  2
  1
  2
  1
  1
  1
  1
  2
  1
  1
  1
  1
  1
  1
  1
  1
  2
  1
  1
  2
  1
  2
  1
  1
  2
  1
  1
  1
  1
  1
  1
  2
  1
  1
  1
  1
  1
  1
  1
  2
  2
  2
  1
  1
  1
  1
  2
  1
  1
  2
  1
  1
  1
  3
  2
  1
  1
  1
  1
  2
  2
  1
  1
  1
  2
  1
  1
  1
  1
  1
  2
  1
  1
  2
  1
  2
  1
  1
  1
  1
  1
  2
  1
  1
  1
  2
  1
  1
  1
  1
  1
  1
  1
  1
  2
  1
  1
  1
  2
  1
  2
  1
  1
  1
  1
  1
  1
  1
  1
  1
  1
  1
  1
  1
  2
  2
  2
  1
  1
  2
  1
  1
  1
  1
  1
  1
  2
  1
  1
  1
  1
  1
  1
  2
  1
  1
  1
  1
  1
  1
  1
  1
  1
  2
  1
  2
  1
  2
  1
  1
  1
  1
  1
  1
  2
  1
  1
  2
  1
  2
  1
  2
  1
  1
  1
  1
  1
  2
  1
  1
  2
  1
  1
  2
  1
  1
  1
  1
  1
  1
  1
  1
  1
  1
  1
  1
  2
  2
  1
  2
  1
  1
  1
  1
  1
  1
  2
  1
  1
  1
  1
  1
  2
  1
  1
  1
  1
  1
  1
  1
  1
  1
  1
  1
  1
  2
  1
  2
  1
  1
  1
  1
  2
  1
  1
  1
  1
  1
  2
  1
  1
  1
  2
  2
  1
  1
  1
  1
  2
  1
  2
  1
  1
  2
  1
  2
  1
  2
  1
  1
  1
  2
  1
  1
  1
  1
  2
  2
  1
  1
  1
  1
  1
  1
  1
  2
  2
  1
  1
  1
  1
  2
  1
  2
  1
  1
  1
  1
  1
  2
  2
  1
  1
  1
  1
  1
  1
  1
  2
  1
  1
  1
  1
  2
  1
  1
  1
  1
  1
  1
  2
  1
  1
  1
  2
  1
  1
  1
  1
  2
  2
  1
  1
  1
  1
  2
  1
  2
  1
  2
  1
  1
  1
  1
  2
  2
  1
  1
  1
  1
  1
  1
  1
  1
  1
  1
  2
  1
  1
  1
  1
  1
  2
  1
  2
  1
  1
  1
  1
  1
  1
  1
  1
  1
  1
  1
  1
  1
  1
  1
  1
  2
  1
  1
  1
  1
  1
  1
  1
  1
  1
  1
  1
  2
  2
  1
  2
  2
  1
  1
  1
  1
  1
  1
  1
  1
  2
  1
  1
  1
  2
  1
  2
  2
  1
  1
  1
  1
  2
  1
  1
  2
  2
  2
  2
  2
  1
  1
  1
  1
  1
  1
  1
  1
  1
  1
  1
  2
  2
  2
  2
  2
  1
  1
  1
  1
  2
  2
  2
  2
  1
  1
  1
  2
  1
  1
  2
  1
  1
  1
  1
  1
  1
  1
  2
  1
  1
  1
  1
  1
  1
  1
  2
  1
  1
  2
  1
  1
  1
  2
  1
  2
  1
  2
  1
  1
  1
  1
  1
  1
  1
  1
  1
  1
  1
  1
  1
  1
  1
  1
  2
  1
  1
  2
  1
  1
  1
  1
  1
  1
  1
  1
  2
  1
  1
  1
  1
  1
  1
  2
  1
  1
  2
  1
  2
  1
  1
  1
  1
  2
  1
  2
  1
  1
  1
  1
  1
  2
  2
  1
  1
  1
  1
  1
  1
  1
  1
  1
  1
  2
  1
  2
  2
  1
  1
  1
  1
  1
  1
  1
  1
  1
  2
  2
  1
  1
  1
  2
  1
  1
  1
  1
  1
  1
  1
  1
  1
  1
  2
  1
  2
  1
  1
  1
  1
  1
  2
  2
  1
  1
  1
  1
  2
  1
  3
  1
  1
  1
  2
  1
  1
  2
  2
  1
  1
  1
  1
  1
  1
  1
  1
  2
  1
  1
  1
  2
  1
  1
  1
  2
  2
  1
  2
  1
  1
  2
  1
  1
  1
  2
  1
  1
  1
  1
  1
  1
  1
  1
  1
  1
  1
  1
  1
  2
  2
  2
  1
  1
  1
  1
  1
  1
  1
  1
  1
  1
  1
  1
  1
  2
  1
  1
  1
  1
  1
  1
  1
  1
  1
  1
  1
  1
  2
  1
  1
  1
  1
  2
  1
  2
  1
  2
  1
  1
  1
  1
  1
  1
  1
  2
  1
  1
  1
  1
  1
  1
  2
  1
  1
  1
  2
  1
  1
  2
  1
  1
  1
  1
  2
  1
  2
  1
  2
  1
  1
  1
  1
  1
  1
  1
  1
  1
  1
  1
  1
  1
  1
  1
  1
  1
  1
  1
  1
  1
  1
  1
  2
  1
  1
  1
  1
  2
  1
  1
  1
  1
  1
  2
  1
  2
  1
  1
  2
  1
  1
  2
  1
  1
  1
  1
  2
  1
  1
  1
  1
  2
  1
  1
  1
  1
  1
  2
  1
  2
  1
  1
  1
  1
  2
  2
  1
  1
  1
  1
  1
  2
  1
  1
  2
  1
  1
  1
  1
  1
  1
  2
  1
  1
  2
  1
  1
  2
  1
  1
  1
  1
  1
  1
  3
  2
  1
  1
  1
  1
  1
  1
  1
  2
  1
  1
  1
  1
  1
  1
  1
  1
  1
  2
  2
  1
  1
  1
  1
  1
  1
  2
  1
  1
  1
  2
  1
  1
  1
  1
  1
  1
  1
  2
  1
  1
  2
  1
  1
  2
  1
  2
  1
  1
  2
  1
  2
  1
  1
  1
  1
  1
  1
  1
  2
  1
  1
  1
  2
  2
  1
  1
  1
  2
  2
  1
  1
  2
  1
  1
  2
  2
  2
  1
  1
  1
  1
  2
  2
  1
  2
  1
  1
  1
  2
  1
  1
  1
  1
  2
  1
  1
  1
  1
  1
  2
  1
  2
  1
  2
  1
  1
  1
  1
  2
  1
  1
  1
  1
  1
  1
  1
  1
  2
  1
  1
  2
  1
  1
  1
  1
  2
  1
  1
  1
  1
  1
  1
  1
  1
  2
  1
  1
  1
  1
  1
  1
  1
  1
  2
  1
  2
  1
  1
  1
  1
  1
  1
  1
  2
  1
  1
  1
  1
  1
  1
  1
  1
  1
  1
  1
  2
  2
  1
  1
  1
  1
  2
  1
  1
  2
  2
  1
  1
  1
  2
  1
  1
  2
  1
  1
  1
  1
  1
  1
  1
  2
  1
  1
  1
  2
  1
  1
  2
  1
  1
  1
  1
  1
  1
  1
  1
  1
  1
  1
  1
  1
  1
  1
  1
  1
  2
  2
  1
  1
  1
  2
  1
  1
  2
  1
  1
  1
  2
  1
  1
  1
  1
  1
  1
  1
  2
  1
  1
  1
  1
  1
  2
  1
  1
  1
  1
  1
  1
  1
  2
  1
  1
  1
  1
  1
  1
  1
  1
  1
  1
  1
  1
  1
  1
  2
  2
  1
  1
  1
  2
  1
  1
  1
  1
  1
  1
  1
  1
  1
  2
  1
  1
  1
  1
  2
  1
  1
  1
  1
  1
  1
  1
  1
  1
  1
  1
  1
  1
  1
  1
  2
  2
  1
  1
  2
  1
  1
  1
  2
  1
  1
  1
  1
  1
  1
  2
  1
  1
  2
  1
  2
  1
  1
  2
  2
  1
  2
  1
  1
  1
  1
  1
  1
  2
  1
  1
  1
  1
  1
  1
  2
  1
  1
  1
  1
  1
  1
  1
  1
  1
  1
  1
  2
  1
  1
  1
  1
  1
  2
  1
  1
  1
  1
  1
  2
  1
  2
  1
  1
  1
  1
  1
  1
  1
  2
  2
  1
  1
  1
  1
  2
  1
  1
  2
  1
  1
  1
  2
  1
  2
  1
  1
  2
  2
  1
  1
  1
  2
  1
  1
  1
  1
  2
  1
  1
  2
  1
  1
  1
  2
  1
  1
  2
  1
  1
  1
  2
  1
  1
  2
  1
  1
  2
  1
  1
  1
  2
  2
  1
  1
  1
  2
  1
  1
  1
  1
  2
  1
  1
  1
  1
  1
  1
  2
  2
  1
  1
  1
  2
  1
  1
  1
  1
  1
  1
  1
  2
  1
  1
  2
  1
  2
  1
  1
  1
  1
  1
  1
  1
  1
  1
  1
  1
  1
  1
  1
  1
  1
  1
  1
  2
  1
  1
  2
  1
  1
  1
  1
  2
  2
  1
  1
  1
  1
  1
  1
  1
  1
  1
  1
  1
  2
  1
  1
  1
  1
  1
  1
  2
  1
  1
  2
  1
  1
  1
  2
  1
  1
  1
  2
  1
  1
  1
  2
  1
  2
  1
  1
  1
  1
  2
  1
  1
  2
  1
  1
  1
  1
  1
  1
  1
  1
  1
  1
  1
  1
  1
  1
  1
  1
  1
  2
  1
  1
  1
  1
  1
  2
  1
  1
  1
  1
  2
  1
  2
  1
  1
  1
  1
  2
  1
  1
  1
  1
  1
  1
  2
  1
  1
  1
  1
  2
  1
  1
  1
  1
  1
  1
  1
  2
  1
  2
  1
  1
  2
  1
  1
  1
  1
  1
  2
  2
  1
  1
  2
  1
  1
  1
  2
  1
  1
  1
  2
  1
  1
  1
  1
  1
  1
  2
  1
  1
  1
  1
  1
  1
  2
  1
  1
  2
  1
  2
  2
  1
  1
  1
  1
  1
  1
  2
  1
  1
  1
  1
  1
  1
  1
  1
  1
  1
  1
  2
  1
  1
  1
  2
  1
  2
  1
  1
  1
  1
  1
  2
  1
  1
  1
  1
  1
  2
  1
  2
  1
  1
  1
  1
  1
  1
  1
  1
  1
  2
  2
  1
  2
  1
  1
  2
  2
  1
  1
  1
  1
  2
  1
  2
  1
  2
  1
  1
  1
  2
  1
  2
  1
  1
  2
  1
  1
  1
  1
  2
  1
  1
  2
  2
  1
  1
  1
  1
  1
  1
  1
  2
  2
  2
  2
  1
  1
  1
  1
  2
  1
  1
  1
  1
  1
  1
  2
  1
  2
  1
  2
  1
  1
  2
  1
  1
  1
  1
  1
  2
  1
  1
  2
  2
  2
  1
  1
  2
  2
  2
  1
  1
  1
  2
  1
  1
  1
  2
  1
  1
  1
  1
  1
  1
  1
  1
  1
  1
  1
  1
  1
  1
  2
  1
  1
  1
  1
  1
  1
  1
  1
  1
  2
  1
  1
  1
  1
  1
  1
  1
  1
  1
  1
  1
  1
  1
  1
  1
  1
  1
  1
  1
  2
  1
  1
  1
  1
  1
  1
  1
  1
  1
  1
  1
  1
  1
  1
  1
  1
  1
  1
  2
  1
  1
  1
  1
  1
  1
  2
  1
  2
  2
  1
  2
  1
  2
  1
  1
  2
  1
  1
  1
  1
  1
  1
  1
  1
  2
  1
  2
  1
  1
  2
  2
  1
  1
  1
  1
  1
  2
  1
  1
  1
  1
  1
  1
  1
  2
  1
  2
  1
  1
  1
  1
  1
  1
  1
  1
  1
  1
  1
  1
  1
  1
  1
  1
  1
  1
  1
  1
  1
  1
  1
  2
  1
  1
  1
  1
  1
  1
  1
  1
  1
  1
  2
  1
  1
  1
  1
  1
  2
  2
  1
  1
  1
  2
  1
  2
  1
  1
  1
  1
  1
  1
  2
  1
  1
  1
  1
  1
  1
  1
  1
  2
  1
  1
  1
  2
  1
  1
  1
  1
  1
  1
  1
  1
  1
  1
  1
  1
  1
  1
  1
  1
  1
  1
  1
  1
  1
  1
  1
  1
  2
  1
  2
  1
  2
  1
  1
  1
  1
  1
  2
  1
  1
  2
  1
  1
  1
  2
  2
  1
  2
  1
  1
  2
  2
  1
  1
  1
  2
  1
  1
  1
  2
  1
  2
  1
  1
  1
  2
  1
  1
  1
  1
  1
  2
  2
  1
  1
  2
  1
  1
  1
  1
  1
  2
  2
  1
  2
  1
  1
  2
  1
  1
  1
  2
  2
  1
  2
  1
  1
  3
  1
  1
  1
  2
  1
  1
  2
  1
  2
  1
  1
  2
  1
  1
  1
  1
  1
  1
  1
  1
  2
  1
  2
  1
  1
  1
  1
  2
  1
  1
  2
  1
  1
  1
  1
  1
  2
  1
  2
  1
  1
  1
  2
  1
  1
  1
  1
  1
  2
  1
  1
  1
  1
  1
  1
  2
  2
  1
  1
  1
  2
  1
  1
  1
  1
  1
  3
  1
  1
  1
  1
  1
  1
  1
  2
  1
  1
  1
  1
  1
  2
  1
  1
  2
  1
  1
  1
  1
  1
  2
  1
  1
  1
  1
  1
  1
  1
  1
  1
