# vtk DataFile Version 3.0
rivers
ASCII
DATASET UNSTRUCTURED_GRID
POINTS       2452 float
           0.000           0.000           0.000
        1012.658           0.000           0.000
        2025.317           0.000           0.000
        3037.975           0.000           0.000
        4050.633           0.000           0.000
        5063.291           0.000           0.000
        6075.949           0.000           0.000
        7088.608           0.000           0.000
        8101.266           0.000           0.000
        9113.924           0.000           0.000
       10126.582           0.000           0.000
       11139.240           0.000           0.000
       12151.898           0.000           0.000
       13164.557           0.000           0.000
       14177.215           0.000           0.000
       15189.873           0.000           0.000
       16202.532           0.000           0.000
       17215.190           0.000           0.000
       18227.848           0.000           0.000
       19240.507           0.000           0.000
       20253.165           0.000           0.000
       21265.824           0.000           0.000
       22278.481           0.000           0.000
       23291.140           0.000           0.000
       24303.796           0.000           0.000
       25316.455           0.000           0.000
       26329.114           0.000           0.000
       27341.771           0.000           0.000
       28354.430           0.000           0.000
       29367.089           0.000           0.000
       30379.746           0.000           0.000
       31392.405           0.000           0.000
       32405.064           0.000           0.000
       33417.721           0.000           0.000
       34430.380           0.000           0.000
       35443.039           0.000           0.000
       36455.696           0.000           0.000
       37468.355           0.000           0.000
       38481.014           0.000           0.000
       39493.670           0.000           0.000
       40506.330           0.000           0.000
       41518.989           0.000           0.000
       42531.648           0.000           0.000
       43544.302           0.000           0.000
       44556.961           0.000           0.000
       45569.620           0.000           0.000
       46582.279           0.000           0.000
       47594.938           0.000           0.000
       48607.593           0.000           0.000
       49620.252           0.000           0.000
       50632.911           0.000           0.000
       51645.570           0.000           0.000
       52658.229           0.000           0.000
       53670.888           0.000           0.000
       54683.542           0.000           0.000
       55696.201           0.000           0.000
       56708.860           0.000           0.000
       57721.519           0.000           0.000
       58734.179           0.000           0.000
       59746.838           0.000           0.000
       60759.492           0.000           0.000
       61772.151           0.000           0.000
       62784.810           0.000           0.000
       63797.469           0.000           0.000
       64810.128           0.000           0.000
       65822.783           0.000           0.000
       66835.442           0.000           0.000
       67848.101           0.000           0.000
       68860.760           0.000           0.000
       69873.419           0.000           0.000
       70886.078           0.000           0.000
       71898.732           0.000           0.000
       72911.391           0.000           0.000
       73924.050           0.000           0.000
       74936.709           0.000           0.000
       75949.368           0.000           0.000
       76962.028           0.000           0.000
       77974.682           0.000           0.000
       78987.341           0.000           0.000
       80000.000           0.000           0.000
           0.000        1020.408           0.000
        2224.145        1016.118         300.453
        4232.423         935.955         162.886
        6288.257        1053.702         161.444
        7313.255         883.251         207.568
        8165.343        1150.060         257.513
        9180.287        1134.267         169.815
       11235.966         817.097         210.425
       12193.392        1138.530         204.639
       14142.717        1059.236         200.064
       16233.610        1118.155         170.810
       18003.715        1230.610         216.046
       19491.474         925.458         159.026
       21426.608        1150.093         300.457
       23440.394        1087.972         198.291
       24328.222         970.796         225.338
       25174.152        1253.204         137.783
       27466.724        1223.347         300.549
       29569.971        1208.363         198.099
       31330.953         966.608         196.913
       33570.516        1232.753         221.872
       34588.854         924.812         199.902
       36324.214         879.662         181.255
       38340.856        1159.235         300.446
       40356.386         897.032         140.527
       42643.143        1153.028         211.181
       44305.050        1205.240         209.173
       46543.352         946.025         182.992
       48422.055        1109.932         210.144
       50723.863         847.292         197.880
       51647.315        1264.880         137.012
       53881.863         775.868         188.568
       55640.394        1231.860         185.619
       57910.582         855.082         186.279
       59894.735         901.873         139.377
       60513.594        1189.284         223.827
       62956.074         987.717         147.377
       64928.145        1061.806         193.778
       67033.819        1133.822         300.490
       68970.212        1050.225         197.845
       70855.468        1122.244         214.612
       71747.765        1228.772         179.783
       73676.292        1079.739         190.970
       75880.310         947.451         188.560
       77756.879         899.409         194.176
       80000.000        1020.408           0.000
           0.000        2040.816           0.000
        1917.668        1802.744         300.167
        4291.965        1982.007         268.899
        5872.699        2174.525         260.231
        8318.473        1929.767         288.140
       10215.035        1945.473         300.429
       10888.159        1788.839         300.340
       13020.924        1968.778         300.455
       15003.233        1901.161         273.309
       17028.116        2045.164         300.389
       19167.126        2100.066         267.022
       21405.340        1971.640         300.367
       22199.855        2136.031         300.367
       24277.376        2190.089         261.815
       25419.339        2223.815         228.961
       27518.531        2145.067         300.413
       28270.200        2141.414         300.413
       30241.531        1952.352         300.230
       32427.562        2251.946         300.297
       34208.796        2223.323         300.296
       35321.959        2074.113         300.296
       37301.706        2064.338         300.590
       38706.978        1925.572         300.440
       40409.163        1821.750         242.387
       42325.846        1919.554         300.268
       44435.695        2217.015         300.268
       46682.769        2240.305         300.175
       48807.967        1854.554         300.372
       49381.792        1923.616         300.186
       51778.406        2286.569         223.191
       53729.644        2016.281         299.328
       55715.127        1917.465         264.193
       56716.497        2187.667         300.503
       58528.534        2196.129         300.641
       60576.637        1800.759         271.201
       62946.370        2222.136         260.776
       64904.746        2014.238         300.519
       66730.104        1902.970         300.273
       68796.315        1953.073         300.357
       70070.607        2203.635         300.505
       71698.343        2295.540         266.228
       74169.735        2256.305         300.180
       76075.587        1795.557         300.504
       76712.605        2185.006         300.239
       78892.064        2121.559         193.553
       80000.000        2040.816           0.000
           0.000        3061.225           0.000
        1822.271        3110.882         300.273
        4165.093        3114.540         300.392
        5829.409        3281.385         300.357
        8219.180        3294.222         300.671
        9926.189        2948.136         300.320
       11955.421        2928.307         300.587
       14025.180        2813.578         300.094
       16372.381        3249.849         300.248
       17176.095        2993.162         300.248
       19418.747        3260.653         300.424
       20136.335        3001.726         300.131
       22101.316        3150.981         300.402
       24556.782        3239.448         295.694
       25196.359        3231.861         277.813
       27110.228        3018.296         300.413
       29297.107        3094.587         300.384
       31327.392        3241.794         300.448
       32323.644        3014.577         300.296
       33499.475        3126.368         300.296
       34192.609        3246.401         300.296
       35472.226        3062.158         300.296
       36648.864        2967.429         300.403
       38573.847        3009.969         300.464
       40629.791        3196.472         292.934
       41650.163        3300.263         300.426
       43545.620        3002.822         300.268
       45813.428        3193.476         300.175
       47534.693        3313.249         300.170
       48735.708        3177.887         300.211
       50796.950        2824.823         282.998
       52743.212        2948.307         277.719
       53660.725        2812.953         294.120
       55863.426        3096.068         300.615
       57499.426        2857.677         300.503
       59664.803        3068.066         300.479
       61787.565        2930.284         300.321
       63997.539        3187.719         300.465
       64714.756        2809.028         300.465
       66585.159        3113.088         300.272
       68041.885        3018.017         300.282
       70022.727        3277.854         300.608
       71757.213        3198.156         300.443
       74035.729        3151.836         300.272
       74974.260        3242.802         300.180
       77201.253        3030.891         300.243
       78758.819        3225.286         220.152
       80000.000        3061.225           0.000
           0.000        4081.633           0.000
        2008.551        4030.958         300.273
        3095.634        3899.667         300.273
        4098.963        3978.376         300.273
        5138.562        4080.485         300.273
        7314.359        4196.402         300.450
        9065.145        4252.063         300.367
        9992.959        3897.002         300.276
       12330.221        4040.008         300.279
       14128.602        3920.681         300.094
       16444.065        3831.597         300.248
       18132.790        3887.705         300.310
       19264.144        3838.509         300.309
       20161.269        4224.278         300.310
       22136.878        4188.284         300.409
       24555.078        3869.087         295.569
       26342.741        4301.579         300.547
       28418.513        4268.251         300.358
       29278.821        3965.246         300.352
       31455.715        4302.426         300.652
       33391.416        4264.809         300.326
       35652.856        3854.398         300.353
       37657.318        4156.299         300.427
       38630.376        4103.745         300.413
       40415.373        4220.518         300.278
       42498.625        4274.864         300.575
       43469.500        3994.254         300.267
       44656.533        3831.155         300.268
       46375.110        3835.508         300.484
       47557.884        4188.140         300.170
       49528.969        3861.743         300.402
       50628.910        4180.378         300.404
       52541.500        3920.921         300.551
       54740.698        3955.141         300.367
       56667.777        3870.407         300.548
       58700.478        3950.449         300.392
       59670.711        4276.652         300.226
       60631.789        3875.813         300.226
       62638.254        4190.223         300.227
       64693.365        3941.975         300.661
       66845.098        4126.724         300.272
       68672.561        4325.526         300.303
       70826.216        4095.636         300.488
       73161.575        4115.308         300.301
       75107.846        4190.235         300.180
       76920.370        4313.652         300.607
       77823.499        4014.394         300.323
       80000.000        4081.633           0.000
           0.000        5102.041           0.000
        1887.007        5280.396         300.273
        4185.495        4975.141         300.273
        5266.042        4860.451         300.273
        6954.337        4859.279         300.450
        9214.455        5335.048         300.155
       11201.645        5133.099         300.130
       13249.418        4942.949         300.344
       14373.798        5110.602         300.135
       16436.255        5265.576         300.258
       17072.044        5040.669         300.258
       19462.174        5016.476         300.341
       21340.739        4955.370         300.460
       22484.921        5200.340         300.285
       23256.110        5295.860         300.285
       25161.094        5092.739         300.476
       26272.119        5094.998         300.464
       28511.107        4916.444         300.376
       29560.275        4929.436         300.352
       30364.666        5242.433         300.352
       31334.485        5343.751         300.441
       33317.387        5042.910         300.563
       35402.378        5119.332         300.180
       36397.163        5091.104         300.180
       38251.240        4915.867         300.570
       40742.663        5347.445         300.191
       42413.349        5101.713         300.297
       44516.415        4863.648         300.268
       45523.373        5048.116         300.268
       46550.522        5253.547         300.268
       48588.477        4900.189         300.571
       49413.580        5215.018         300.404
       51825.252        5227.907         300.338
       52792.420        4957.190         300.338
       54823.877        5303.843         300.320
       55777.940        5253.784         300.320
       56588.517        4925.315         300.320
       58705.075        4909.914         300.460
       60674.381        5023.085         300.226
       61904.599        5208.919         300.227
       63647.569        4902.748         300.289
       64746.634        5349.306         300.289
       65669.287        5291.232         300.329
       67729.478        4911.601         300.423
       69960.383        4903.941         300.695
       72022.484        5238.189         300.447
       72736.473        5033.511         300.301
       75028.649        4953.861         300.437
       76779.571        4946.916         300.503
       78815.276        5017.556         206.702
       80000.000        5102.041           0.000
           0.000        6122.449           0.000
        2009.115        6054.972         300.474
        3885.839        5927.377         300.264
        6000.133        6032.894         300.383
        6959.188        6151.273         300.339
        8865.878        6128.534         300.170
       10335.236        6121.636         300.155
       11989.969        6046.292         300.075
       14405.323        6043.581         300.145
       16168.487        5988.928         300.503
       17342.754        6134.128         300.298
       19082.550        5881.273         300.546
       21198.862        6300.945         300.228
       22268.433        6254.275         300.228
       24245.999        6269.461         300.406
       26156.857        6195.911         300.588
       28253.564        6132.995         300.287
       30458.305        5919.912         300.529
       32156.450        6089.363         300.441
       34488.639        6354.558         300.516
       36539.556        6226.583         300.199
       38426.299        5887.178         300.266
       40547.068        5991.026         300.404
       42487.697        5959.016         300.184
       44347.358        6013.818         300.546
       46500.898        6276.828         300.286
       48844.560        6318.889         300.332
       50465.637        6248.092         300.507
       51784.692        6328.231         300.338
       52587.595        6313.108         300.338
       54729.523        5910.652         300.193
       56730.962        6308.758         300.558
       57510.228        6197.995         300.417
       58914.597        6083.181         300.427
       60523.369        6202.765         300.267
       62853.044        6028.344         300.345
       63652.133        6261.074         300.289
       65635.398        5900.386         300.448
       67851.213        6209.166         300.482
       68754.536        6018.568         300.423
       69672.206        6266.562         300.423
       71661.079        5871.435         300.301
       72867.399        6211.260         300.301
       74035.961        5926.260         300.324
       76150.566        6111.642         300.364
       77792.457        6175.910         300.244
       80000.000        6122.449           0.000
           0.000        7142.857           0.000
        2248.851        7146.831         300.616
        4033.229        7006.157         300.340
        6049.966        7324.529         300.442
        7957.838        7289.224         300.321
        8873.490        7284.235         300.288
       11016.302        7023.923         300.254
       12064.246        6924.816         300.075
       14038.321        7195.565         300.231
       15303.131        7114.560         300.226
       16255.641        7053.530         300.226
       18251.953        6988.317         300.499
       20125.486        7288.696         300.410
       21402.359        7223.251         300.228
       23493.060        7187.829         300.389
       24333.660        7339.792         300.325
       26332.625        7277.142         300.254
       28596.057        7032.829         300.410
       30283.449        7061.547         300.337
       31513.779        7259.647         300.336
       33485.236        6963.096         300.262
       35321.968        7198.112         300.299
       37505.533        7061.362         300.296
       38401.335        7312.322         300.240
       40491.235        7011.211         300.229
       41465.035        7045.120         300.230
       43341.044        6998.591         300.347
       45576.861        7254.358         300.291
       47552.964        6959.878         300.355
       49521.680        7376.165         300.263
       51848.240        7307.355         300.338
       53783.933        6912.085         300.637
       55681.393        7003.053         300.067
       57897.210        7148.773         300.257
       59653.191        7381.116         300.386
       61699.080        7191.018         300.433
       62914.466        7089.933         300.289
       64889.974        7286.282         300.110
       66884.857        7179.410         300.475
       68649.562        7180.083         300.423
       70789.720        7137.542         300.458
       72743.342        6978.745         300.505
       75186.212        7231.823         300.364
       76038.438        7233.603         300.364
       76938.416        7231.881         300.364
       79168.605        7338.082         187.143
       80000.000        7142.857           0.000
           0.000        8163.265           0.000
        2232.636        8253.787         300.427
        2852.452        8322.319         300.363
        4818.667        8183.021         300.363
        7121.195        8110.498         300.381
        8270.394        8029.932         300.288
        8904.662        8356.893         300.287
       10088.979        8343.278         300.288
       10998.442        8347.597         300.174
       13310.632        7924.460         300.466
       14402.473        7980.727         300.226
       16196.327        8087.470         300.124
       18351.433        7957.999         300.319
       20175.427        8107.778         300.237
       22324.788        8188.337         300.476
       24238.955        8261.131         300.230
       26202.333        7936.001         300.477
       28544.232        8411.947         300.539
       30223.948        8023.911         300.336
       32443.489        7929.981         300.376
       34573.740        8172.553         300.468
       35482.971        7999.140         300.223
       36343.466        7994.609         300.223
       38453.143        7929.419         300.241
       40463.670        8034.380         300.254
       42707.722        7970.522         300.344
       43395.706        8014.967         300.292
       45497.216        8122.792         300.349
       47454.158        7988.198         300.426
       49854.351        8160.326         300.314
       51601.959        8075.807         300.560
       53865.791        8207.646         300.280
       55904.427        8104.989         300.196
       56743.362        8042.147         300.219
       57480.037        8018.267         300.220
       58714.739        8010.479         300.280
       59984.319        8191.721         300.280
       61683.054        8384.340         300.455
       63598.486        8049.290         300.276
       66070.106        7931.745         300.287
       66899.510        8397.786         300.287
       69032.659        7933.656         300.595
       70740.692        8344.096         300.416
       72737.396        8175.946         300.623
       73990.355        8223.567         300.339
       75906.161        8256.402         300.364
       77812.035        7923.045         300.504
       80000.000        8163.265           0.000
           0.000        9183.674           0.000
        1996.713        9266.726         285.951
        3970.956        9167.995         300.363
        6228.913        8964.440         300.743
        7896.671        9278.522         300.390
       10063.660        9352.047         300.350
       12360.235        9058.661         300.636
       14122.687        9412.990         300.326
       16236.203        9219.139         300.157
       18014.000        9248.338         300.526
       19072.452        9311.522         300.286
       21287.490        9014.670         300.173
       23434.615        9058.514         300.230
       25273.673        9010.251         300.639
       27273.223        9029.049         300.440
       28565.197        9040.847         300.489
       29555.092        9166.633         300.489
       31180.591        9291.092         300.178
       33586.195        9119.307         300.667
       35533.578        9080.736         300.223
       37359.165        8999.065         300.178
       38439.968        9347.698         300.204
       40490.114        8952.207         300.589
       42528.559        9058.408         300.324
       43363.176        9047.181         300.292
       44319.809        9426.091         300.292
       46817.265        9175.303         300.618
       48796.228        9291.342         300.372
       50514.658        9400.971         300.322
       51654.745        9268.126         300.265
       53601.370        9193.177         300.548
       55655.584        9321.868         300.350
       56694.399        9295.492         300.219
       58704.764        8953.026         300.303
       60932.893        9365.149         300.405
       62843.246        9105.313         300.275
       64651.624        9135.946         300.486
       67050.681        9396.482         300.412
       69032.947        9015.572         300.104
       70903.410        9352.442         300.495
       71686.479        8942.609         300.416
       73949.471        9339.380         300.397
       75860.662        8991.841         300.383
       78133.808        9117.154         269.113
       80000.000        9183.674           0.000
           0.000       10204.082           0.000
         843.237        9953.586         128.148
        2104.135       10042.258         240.109
        4102.977       10299.614         300.470
        5945.953       10019.750         300.496
        8174.035       10200.406         300.605
        8903.203        9977.234         300.413
       10936.191       10087.882         300.563
       11920.203       10180.459         300.398
       14286.761       10283.012         300.265
       15159.574       10294.479         300.265
       17355.873        9955.672         300.389
       18022.615       10047.953         300.276
       20378.904       10249.364         300.566
       21470.435       10266.327         300.186
       23163.142       10046.280         300.269
       25390.200       10220.067         300.455
       26299.255       10124.988         300.440
       27489.600       10242.810         300.440
       29219.566        9952.783         300.558
       31592.947        9980.157         300.296
       33484.004       10222.599         300.473
       34584.462       10318.619         300.057
       35289.370       10213.978         300.223
       37548.162       10080.755         300.522
       39743.109       10258.089         300.408
       40431.708       10216.137         300.384
       42391.479       10133.392         300.384
       44505.041       10177.491         300.387
       45650.142       10156.074         300.207
       47445.572       10035.867         300.470
       48515.642       10055.003         300.356
       50780.965       10110.339         300.543
       51412.747       10356.879         300.202
       52704.260       10287.420         300.265
       54460.653       10431.261         300.242
       55617.393       10158.899         300.243
       56669.158       10086.521         300.219
       57552.626       10132.550         300.219
       59777.861       10218.637         300.399
       61845.531       10195.611         300.402
       62611.291       10044.666         300.275
       64744.613       10062.930         300.255
       66828.532       10379.901         300.297
       67797.300       10188.707         300.149
       69989.289       10127.243         300.209
       71849.455       10420.839         300.416
       73720.043       10051.812         300.591
       75779.135       10211.885         300.239
       77949.261       10425.065         300.501
       79131.965       10374.634         152.052
       80000.000       10204.082           0.000
           0.000       11224.490           0.000
        1944.289       11010.166         285.881
        4107.074       11442.027         300.484
        5033.252       11124.747         300.396
        6251.739       11029.474         300.396
        6838.929       10984.889         300.396
        9032.808       11279.393         300.400
       11122.020       11189.888         300.398
       13044.735       11291.505         300.547
       15123.477       11129.276         300.378
       17041.521       11455.523         300.190
       19307.677       11281.632         300.276
       20449.748       11223.039         300.276
       22422.641       11472.844         300.325
       24324.027       11153.984         300.172
       26201.448       10973.402         300.603
       28144.774       11187.670         300.494
       29528.379       11287.180         300.331
       31546.294       11136.319         300.296
       33289.431       11075.593         300.231
       35584.515       11337.987         300.372
       36674.343       10969.602         300.177
       37715.834       11129.740         300.176
       39650.851       11374.475         300.657
       40397.966       11057.846         300.394
       41460.715       11175.583         300.384
       42704.711       11177.326         300.382
       44470.873       11239.088         300.568
       45744.114       11059.794         300.207
       47419.262       11306.361         300.267
       49743.442       11215.692         300.182
       51498.438       11145.283         300.202
       53772.005       11424.294         300.244
       54606.387       11117.652         300.242
       56855.784       10974.726         300.473
       57615.753       10978.415         300.285
       59601.986       11284.685         300.391
       61910.091       11327.733         300.636
       63930.581       11264.758         300.273
       66012.595       11217.679         300.245
       67848.863       10987.348         300.169
       70106.241       11327.214         300.417
       71910.079       11017.438         300.576
       73947.539       11375.478         300.275
       76058.090       11361.588         300.239
       77144.131       11158.943         300.239
       78861.195       11089.180         234.646
       80000.000       11224.490           0.000
           0.000       12244.898           0.000
        1964.277       12246.851         300.414
        3147.904       12251.256         300.392
        5211.323       12276.407         300.411
        7263.169       12427.416         300.211
        8188.478       12437.968         300.211
        9362.834       12178.312         300.290
       10949.120       12049.523         300.398
       12340.344       12006.469         300.398
       14077.938       12344.833         300.261
       16418.418       12253.368         300.190
       18147.692       12475.207         300.365
       20455.423       12118.652         300.315
       22108.740       12191.306         300.398
       24257.445       12199.344         300.488
       26329.948       12055.204         300.468
       28413.447       12445.197         300.305
       30464.654       12158.809         300.432
       32164.300       12111.809         300.636
       33330.910       12439.908         300.340
       35456.678       12429.207         300.282
       36418.635       12264.764         300.177
       38732.250       12041.615         300.636
       40288.461       12388.556         300.504
       41518.265       12404.287         300.342
       42337.744       12464.338         300.342
       44688.042       12204.284         300.208
       46420.660       12219.557         300.263
       48507.580       12029.991         300.151
       49602.341       12361.422         300.151
       51627.302       12333.385         300.202
       53852.913       12317.763         300.139
       55774.451       12224.868         300.632
       56724.694       12006.438         300.417
       58945.067       12131.433         300.622
       60838.151       12093.787         300.138
       62680.798       12316.637         300.273
       63584.145       12464.081         300.273
       65709.410       12408.892         300.520
       66976.470       12214.125         300.346
       68743.977       12338.239         300.205
       70644.004       12495.269         300.222
       72822.194       12447.730         300.162
       74783.482       12081.469         300.275
       75767.140       12277.668         300.345
       78141.105       12100.219         267.431
       78938.750       12003.690         189.993
       80000.000       12244.898           0.000
           0.000       13265.306           0.000
        1933.734       13046.488         300.399
        4010.139       13070.797         300.392
        5150.568       13025.787         300.329
        7088.665       13108.462         300.310
        9310.809       13425.402         300.290
        9942.336       13282.151         300.290
       11370.850       13026.215         300.398
       13151.477       13352.642         300.225
       14317.988       13462.021         300.225
       15986.119       13366.624         300.265
       18088.588       13402.760         300.255
       20309.053       13242.605         300.640
       21114.360       13167.750         300.507
       23327.284       13446.273         300.066
       25218.970       13360.838         300.160
       27185.754       13167.373         300.250
       29204.413       13484.199         300.354
       31625.294       13274.804         300.340
       32326.702       13520.114         300.340
       34626.093       13259.042         300.291
       35337.828       13220.792         300.209
       37291.320       13326.819         300.251
       39576.733       13302.054         300.269
       40725.785       13171.017         300.269
       42645.637       13138.454         300.452
       44454.595       13387.589         300.650
       46666.847       13021.171         300.288
       48769.328       13020.848         300.288
       49731.389       13047.340         300.151
       51773.488       13106.322         300.403
       53630.768       13163.679         300.294
       54481.243       13328.841         300.139
       55649.862       13090.022         300.213
       57890.846       13275.679         300.688
       58901.389       13044.386         300.611
       59650.744       13212.311         300.139
       61734.501       13310.855         300.429
       62906.028       13204.379         300.273
       64881.123       13240.502         300.637
       67016.712       13174.337         300.413
       68621.366       13130.430         300.211
       70845.532       13403.874         300.248
       73005.716       13471.036         300.525
       74790.289       13305.694         300.515
       76811.504       13349.111         300.634
       78769.928       13302.055         211.830
       80000.000       13265.306           0.000
           0.000       14285.715           0.000
        2099.643       14089.970         300.504
        4266.593       14209.042         300.571
        5315.561       14377.633         300.329
        7212.758       14317.454         300.407
        9252.386       14449.425         300.322
       11383.643       14038.756         300.601
       13266.580       14042.183         300.225
       15027.485       14259.826         300.329
       17120.179       14520.408         300.355
       18047.700       14525.465         300.255
       20062.440       14373.024         300.384
       22297.306       14094.426         300.274
       24104.456       14506.746         300.343
       26076.309       14260.475         300.617
       28546.593       14403.159         300.210
       29184.925       14340.562         300.210
       30533.725       14257.912         300.263
       32433.039       14457.168         300.477
       34250.984       14452.839         300.329
       36577.539       14063.950         300.234
       38650.485       14528.698         300.680
       40629.860       14504.872         300.371
       42400.894       14392.218         300.533
       43395.665       14425.507         300.548
       45354.731       14103.351         300.508
       46556.838       14403.911         300.375
       48718.487       14519.001         300.350
       50600.452       14397.809         300.321
       51685.869       14490.121         300.238
       52678.973       14151.858         300.238
       54625.801       14524.915         300.139
       56871.517       14517.272         300.330
       58484.918       14296.418         300.402
       60660.400       14043.365         300.373
       62941.744       14502.992         300.554
       63640.882       14486.459         300.511
       64719.113       14463.378         300.511
       66678.968       14176.025         300.473
       67872.652       14465.422         300.455
       69866.578       14340.440         300.433
       70825.360       14423.420         300.316
       72115.870       14285.413         300.316
       74171.334       14445.768         300.457
       76051.181       14446.419         300.620
       76896.475       14380.707         300.565
       79106.520       14235.983         191.141
       80000.000       14285.715           0.000
           0.000       15306.123           0.000
        2245.017       15253.785         277.738
        4023.112       15170.604         300.505
        4847.247       15143.462         300.329
        7068.902       15119.978         300.333
        9316.643       15383.860         300.486
       10921.460       15322.405         300.268
       12974.239       15493.644         300.177
       15249.057       15394.115         300.094
       17426.395       15259.019         300.255
       19215.726       15232.663         300.203
       20436.120       15333.903         300.192
       22265.524       15330.140         300.382
       23185.553       15281.957         300.274
       24194.686       15217.619         300.274
       26378.873       15320.244         300.344
       28206.554       15067.423         300.229
       30508.272       15260.738         300.237
       31342.678       15228.483         300.237
       33658.694       15412.067         300.355
       35398.880       15297.042         300.379
       37365.640       15120.498         300.296
       39507.147       15464.044         300.472
       41716.527       15337.771         300.316
       43425.635       15276.602         300.628
       45641.032       15140.091         300.565
       47775.391       15383.615         300.528
       49376.448       15370.029         300.716
       51679.037       15235.510         300.238
       53804.432       15071.489         300.139
       55889.136       15431.984         300.320
       56677.340       15544.060         300.229
       58876.519       15244.291         300.277
       60719.784       15225.500         300.414
       62795.058       15264.838         300.628
       63922.240       15165.883         300.511
       65883.894       15429.384         300.557
       66806.466       15114.609         300.455
       68922.503       15490.951         300.352
       70811.421       15547.813         300.300
       73024.677       15419.829         300.042
       74961.829       15530.679         300.212
       76982.986       15110.462         300.565
       79046.613       15539.070         193.511
       80000.000       15306.123           0.000
           0.000       16326.530           0.000
         935.831       16095.129         169.972
        2911.184       16107.654         300.608
        4079.263       16569.148         300.392
        6305.689       16199.445         300.457
        6873.101       16383.187         300.339
        8078.383       16377.155         300.207
       10084.800       16558.711         300.471
       11257.273       16456.286         300.269
       13151.051       16343.192         300.176
       14993.334       16501.849         300.157
       17414.313       16169.570         300.264
       19286.378       16200.834         300.520
       20002.467       16100.390         300.243
       21064.445       16548.811         300.192
       23355.530       16323.131         300.547
       24143.703       16402.412         300.290
       26084.463       16263.603         300.399
       27535.375       16515.418         300.257
       28155.004       16461.289         300.229
       30370.924       16124.814         300.249
       31498.700       16205.054         300.297
       32438.116       16575.533         300.297
       34384.313       16078.019         300.391
       36409.760       16090.637         300.511
       37606.419       16430.699         300.296
       39724.907       16073.891         300.472
       41667.629       16504.712         300.609
       42736.036       16173.149         300.316
       44742.546       16364.172         300.394
       45791.173       16155.136         300.394
       47396.990       16115.861         300.226
       49604.262       16305.610         300.386
       51707.852       16120.802         300.368
       52643.156       16265.585         300.413
       54543.075       16438.881         300.407
       55862.094       16542.833         300.407
       57642.070       16335.043         300.229
       58525.286       16151.296         300.277
       59572.409       16565.409         300.277
       61611.363       16131.269         300.283
       62801.901       16078.342         300.285
       64684.391       16549.017         300.634
       66680.417       16487.205         300.694
       68852.487       16388.436         300.341
       69789.163       16119.758         300.306
       71655.072       16350.127         300.300
       73765.603       16411.400         300.332
       76060.563       16111.510         300.464
       77066.191       16106.905         300.463
       77966.230       16277.892         300.464
       80000.000       16326.530           0.000
           0.000       17346.939           0.000
         877.778       17173.449         184.571
        3040.873       17148.079         300.393
        4139.809       17315.066         300.392
        5102.530       17326.001         300.392
        7301.519       17380.647         300.258
        8241.045       17582.212         300.206
        9899.124       17561.233         300.465
       11047.203       17556.928         300.286
       13012.777       17157.895         300.225
       15011.930       17564.360         300.549
       17302.554       17249.748         300.487
       18035.268       17483.606         300.331
       19412.985       17231.656         300.331
       21222.643       17497.350         300.193
       23057.367       17097.255         300.250
       25311.235       17421.274         300.275
       27146.669       17113.192         300.385
       29602.039       17444.604         300.206
       30550.119       17421.030         300.328
       31403.049       17447.688         300.297
       33426.988       17184.301         300.604
       35414.155       17416.620         300.415
       37665.139       17222.128         300.319
       39259.851       17124.582         300.406
       40691.110       17288.720         300.223
       42728.709       17399.328         300.708
       44765.279       17390.097         300.634
       46761.555       17359.086         300.226
       47812.513       17384.736         300.425
       49591.432       17234.388         300.596
       50809.482       17219.225         300.211
       52580.453       17266.620         300.565
       54704.702       17222.877         300.453
       56540.314       17176.950         300.460
       58744.732       17208.310         300.354
       60621.033       17455.444         300.174
       62937.444       17264.825         300.531
       64812.466       17182.642         300.632
       65604.778       17344.962         300.405
       68066.731       17344.846         300.449
       69657.154       17579.860         300.545
       72150.779       17315.937         300.534
       72796.182       17457.113         300.300
       73964.358       17322.802         300.300
       76197.030       17474.880         300.666
       78151.934       17139.970         300.513
       80000.000       17346.939           0.000
           0.000       18367.347           0.000
        2214.865       18152.500         300.444
        4034.498       18206.835         300.479
        5877.810       18227.481         300.222
        8338.914       18139.211         300.206
        9092.086       18314.268         300.164
       10905.330       18139.157         300.364
       13163.576       18549.731         300.387
       14967.900       18361.346         300.466
       16331.797       18484.561         300.466
       18153.698       18500.872         300.469
       19428.798       18550.289         300.331
       21479.600       18479.769         300.193
       23084.285       18170.286         300.249
       24073.406       18588.970         300.249
       25122.862       18237.572         300.249
       26471.224       18387.459         300.280
       28323.576       18479.730         300.395
       29215.559       18591.787         300.293
       31204.765       18434.210         300.495
       32443.996       18470.140         300.390
       34497.844       18337.333         300.599
       35532.009       18422.799         300.319
       36306.803       18296.775         300.319
       37687.484       18461.486         300.319
       38689.091       18388.090         300.319
       40461.387       18589.367         300.223
       42624.000       18402.097         300.594
       44469.272       18330.012         300.452
       46473.931       18485.641         300.503
       47689.113       18451.337         300.326
       49604.360       18272.056         300.346
       50411.999       18350.195         300.211
       52701.361       18530.637         300.655
       54588.278       18518.016         300.403
       56749.718       18589.900         300.594
       58980.016       18517.011         300.462
       60811.963       18173.202         300.139
       62648.673       18516.549         300.312
       64020.193       18161.347         300.404
       64742.501       18396.340         300.404
       66751.701       18166.149         300.234
       67700.262       18409.286         300.234
       70036.255       18541.990         300.458
       70867.632       18563.727         300.458
       73074.467       18484.211         300.471
       74720.699       18355.436         300.418
       76733.823       18419.409         300.571
       78920.472       18433.339         198.125
       80000.000       18367.347           0.000
           0.000       19387.755           0.000
        2106.640       19239.020         300.476
        4005.240       19472.287         300.363
        5273.471       19636.713         300.146
        7272.213       19406.397         300.049
        8933.038       19432.861         300.099
       10154.504       19523.765         300.099
       12381.778       19316.258         300.282
       14022.824       19459.082         300.318
       16391.868       19297.645         300.529
       18043.554       19273.707         300.393
       20295.125       19539.871         300.193
       22371.623       19485.009         300.654
       24458.433       19498.424         300.426
       26441.173       19143.044         300.431
       28113.636       19442.006         300.469
       30567.124       19482.547         300.292
       32640.890       19243.067         300.557
       34239.996       19444.180         300.484
       36650.014       19399.542         300.571
       38505.096       19607.129         300.377
       40546.871       19290.071         300.311
       42366.206       19522.805         300.762
       44680.669       19273.438         300.531
       46574.514       19226.686         300.325
       47452.810       19421.475         300.207
       49739.965       19467.311         300.539
       51714.515       19621.032         300.500
       52757.342       19177.288         300.500
       54786.554       19261.762         300.429
       56914.629       19444.123         300.473
       57589.427       19238.501         300.339
       58904.446       19167.610         300.285
       59608.668       19375.949         300.285
       61935.795       19559.522         300.483
       62930.640       19346.889         300.312
       64755.015       19471.093         300.622
       66607.041       19270.375         300.360
       67608.506       19446.417         300.234
       68911.942       19143.772         300.241
       71042.881       19272.754         300.458
       72954.668       19480.498         300.617
       74015.177       19593.212         300.209
       76137.075       19399.682         300.614
       76943.142       19327.183         300.435
       78791.432       19478.127         216.744
       80000.000       19387.755           0.000
           0.000       20408.164           0.000
        2227.726       20241.565         300.562
        3063.424       20455.762         300.363
        4012.498       20153.235         300.363
        4941.269       20565.352         300.179
        6277.416       20206.980         300.146
        6885.493       20511.367         300.146
        9167.273       20657.556         300.355
       11259.337       20231.711         300.237
       13310.689       20639.353         300.304
       15042.983       20219.929         300.530
       16321.737       20609.170         300.273
       18322.948       20221.491         300.212
       20436.821       20419.739         300.433
       21167.550       20446.236         300.315
       23323.778       20411.650         300.349
       25243.254       20596.634         300.393
       27524.291       20616.797         300.361
       28137.329       20153.626         300.361
       30208.047       20266.411         300.322
       32330.231       20621.712         300.275
       33425.732       20506.510         300.305
       35462.070       20527.440         300.124
       37227.540       20183.657         300.521
       38641.035       20349.751         300.328
       40564.059       20326.002         300.206
       42421.365       20531.169         300.511
       44783.150       20423.860         300.251
       46480.385       20641.535         300.218
       47360.786       20655.695         300.207
       49723.057       20461.999         300.328
       51553.426       20258.242         300.520
       53755.315       20661.436         300.560
       55535.002       20561.987         300.505
       57675.226       20518.405         300.339
       59524.071       20209.444         300.285
       60765.926       20373.692         300.284
       62757.415       20204.019         300.312
       64988.774       20635.404         300.468
       66885.404       20622.415         300.256
       68821.426       20440.792         300.234
       70947.763       20394.661         300.388
       73056.419       20202.988         300.465
       74941.485       20174.973         300.209
       77203.145       20614.603         300.436
       78994.382       20579.401         269.363
       80000.000       20408.164           0.000
           0.000       21428.572           0.000
        2087.556       21368.026         300.363
        2806.050       21206.571         300.363
        4286.276       21233.760         300.363
        6103.923       21593.584         300.187
        7115.819       21210.505         300.183
        9153.272       21660.065         300.418
        9992.391       21362.346         300.198
       11986.990       21342.320         300.267
       14187.310       21287.744         300.273
       15233.387       21225.290         300.273
       17373.451       21609.977         300.318
       19087.748       21623.811         300.642
       21413.238       21627.671         300.370
       23291.311       21210.741         300.489
       25518.687       21189.024         300.356
       27245.115       21198.331         300.437
       29468.594       21297.126         300.128
       31230.352       21592.329         300.299
       33439.345       21311.962         300.584
       34348.746       21305.429         300.304
       36379.879       21381.235         300.094
       38239.521       21465.019         300.458
       40445.480       21598.324         300.479
       41590.388       21329.532         300.367
       42314.707       21183.248         300.367
       44372.115       21194.604         300.267
       46789.269       21674.484         300.207
       47424.777       21324.632         300.207
       49611.273       21582.974         300.328
       51767.357       21341.871         300.406
       53858.583       21539.127         300.386
       55897.366       21270.802         300.386
       57622.262       21617.230         300.339
       59731.902       21470.787         300.538
       61583.261       21415.480         300.433
       63820.878       21541.399         300.317
       64929.548       21236.463         300.317
       66855.052       21515.847         300.256
       68935.419       21624.922         300.253
       70648.832       21654.586         300.595
       73067.466       21181.608         300.485
       75078.373       21185.199         300.209
       77194.797       21617.254         300.436
       79015.424       21209.282         182.383
       80000.000       21428.572           0.000
           0.000       22448.979           0.000
        2180.226       22447.220         300.659
        3797.509       22270.095         300.517
        5297.307       22590.165         300.238
        6011.513       22312.874         300.187
        8140.158       22599.679         300.609
       10236.230       22301.097         300.198
       12269.807       22351.985         300.325
       14076.037       22278.257         300.273
       16010.492       22258.873         300.311
       17274.496       22660.734         300.318
       19308.166       22449.127         300.581
       21060.990       22354.992         300.302
       22030.099       22546.300         300.302
       23419.887       22591.157         300.301
       24511.546       22264.472         300.302
       26247.838       22676.865         300.368
       27534.383       22370.880         300.210
       29354.359       22303.420         300.234
       31499.973       22546.513         300.324
       33495.318       22354.235         300.466
       34390.137       22459.717         300.305
       36352.044       22194.773         300.094
       38512.458       22469.274         300.338
       39623.284       22490.175         300.339
       41638.859       22587.085         300.462
       43439.052       22627.779         300.288
       44476.649       22459.640         300.288
       46661.857       22517.165         300.414
       48755.360       22561.405         300.567
       49603.134       22675.689         300.328
       50534.949       22563.644         300.328
       51888.059       22391.101         300.328
       53541.801       22496.295         300.621
       54722.417       22569.072         300.386
       55521.468       22621.545         300.386
       57777.097       22443.681         300.423
       58889.730       22323.582         300.267
       60546.089       22444.203         300.284
       62542.463       22303.176         300.410
       64992.023       22549.383         300.344
       65600.944       22391.522         300.256
       67606.939       22241.808         300.399
       68981.267       22663.899         300.146
       70769.959       22321.487         300.395
       73087.182       22502.937         300.346
       74816.103       22521.861         300.496
       77039.025       22627.303         300.234
       78758.345       22509.958         213.532
       80000.000       22448.979           0.000
           0.000       23469.388           0.000
         830.802       23586.258         193.399
        1823.728       23563.348         300.525
        4233.938       23599.819         300.278
        6240.026       23411.487         300.312
        8139.962       23690.076         300.406
        9070.904       23595.813         300.406
       11356.183       23431.936         300.198
       12110.170       23666.995         300.199
       14351.370       23307.293         300.273
       16100.908       23526.110         300.482
       17054.058       23385.725         300.318
       19270.234       23606.622         300.462
       21063.362       23393.025         300.302
       23184.200       23336.810         300.393
       25356.970       23599.152         300.347
       27587.144       23270.590         300.210
       29195.751       23358.471         300.381
       30230.889       23283.544         300.318
       31274.460       23295.486         300.235
       33417.521       23522.990         300.504
       34654.443       23556.007         300.416
       35371.628       23695.335         300.416
       37633.722       23603.276         300.467
       38326.986       23516.236         300.338
       40645.838       23418.628         300.402
       42442.430       23701.380         300.392
       44364.428       23401.596         300.628
       46497.595       23624.136         300.305
       48378.283       23317.291         300.539
       50530.913       23390.275         300.534
       52883.798       23336.449         300.309
       54586.131       23314.881         300.386
       56754.788       23509.791         300.219
       58935.755       23448.039         300.267
       60725.165       23722.860         300.302
       62897.093       23668.907         300.348
       63584.516       23235.475         300.086
       65987.542       23304.536         300.290
       67761.566       23501.681         300.143
       69985.726       23456.116         300.611
       71053.457       23255.913         300.310
       73083.439       23591.344         300.346
       73731.171       23559.961         300.346
       75088.021       23345.622         300.346
       76878.827       23597.696         300.219
       77793.704       23598.836         300.219
       80000.000       23469.388           0.000
           0.000       24489.796           0.000
        2102.279       24576.592         300.367
        3117.882       24394.148         300.176
        5112.969       24616.551         300.381
        6129.276       24372.451         300.208
        8115.594       24276.063         300.482
       10130.247       24485.174         300.475
       11909.532       24376.159         300.273
       14255.286       24478.915         300.552
       16326.704       24275.496         300.495
       18415.134       24500.146         300.432
       19084.541       24670.632         300.312
       21473.481       24633.379         300.527
       23122.528       24290.309         300.027
       24499.143       24664.832         300.199
       26172.989       24455.971         300.291
       28421.185       24476.237         300.227
       30561.497       24626.496         300.285
       31501.111       24363.501         300.235
       33432.091       24709.818         300.419
       35445.478       24375.518         300.556
       36643.290       24247.424         300.354
       38695.652       24395.362         300.512
       39613.824       24687.512         300.425
       40722.985       24379.443         300.227
       41298.998       24553.573         300.227
       43776.284       24271.975         300.247
       44801.124       24630.579         300.247
       46730.396       24384.800         300.212
       47375.870       24624.579         300.158
       49491.132       24664.692         300.384
       51632.885       24656.872         300.236
       53642.758       24320.466         300.530
       54708.615       24337.064         300.375
       56579.558       24522.727         300.525
       58664.877       24308.748         300.326
       60795.350       24739.792         300.375
       62715.162       24269.363         300.118
       64828.680       24343.249         300.588
       66935.391       24236.019         300.301
       68058.958       24656.546         300.143
       70064.736       24728.177         300.306
       72086.141       24661.744         300.376
       73885.056       24669.602         300.346
       76096.409       24430.967         300.466
       78018.125       24566.035         300.362
       80000.000       24489.796           0.000
           0.000       25510.204           0.000
        2229.545       25267.597         300.269
        4074.131       25576.996         300.176
        6008.585       25413.813         300.344
        6862.339       25300.836         300.208
        9234.692       25468.414         300.325
       11345.841       25333.977         300.200
       13212.393       25310.478         300.336
       15304.270       25328.036         300.502
       16237.694       25711.717         300.358
       17186.353       25372.828         300.358
       18993.350       25583.770         300.312
       20381.178       25582.367         300.262
       21089.979       25317.210         300.262
       22475.901       25431.403         300.219
       24252.315       25641.983         300.199
       26428.506       25517.404         300.423
       28162.132       25581.846         300.227
       30147.613       25438.923         300.552
       32549.228       25687.221         300.422
       33483.614       25728.308         300.335
       35529.003       25655.047         300.586
       37271.789       25267.838         300.547
       38538.787       25497.962         300.425
       40514.989       25677.946         300.425
       41736.776       25524.618         300.227
       42730.178       25473.151         300.227
       44631.251       25409.689         300.425
       46519.975       25539.777         300.158
       48476.797       25658.450         300.344
       49481.386       25478.424         300.344
       51605.156       25666.109         300.373
       53886.106       25341.749         300.375
       54912.042       25351.496         300.374
       56822.973       25654.343         300.088
       57866.996       25277.935         300.044
       59955.280       25563.025         300.481
       61819.642       25634.433         300.144
       63928.200       25282.142         300.278
       65032.968       25485.339         300.233
       66812.174       25706.386         300.428
       67713.205       25492.500         300.338
       69939.140       25485.007         300.487
       71675.944       25284.178         300.527
       73681.144       25761.691         300.262
       75811.369       25391.649         300.211
       78027.947       25357.307         300.299
       80000.000       25510.204           0.000
           0.000       26530.612           0.000
        2207.159       26595.687         300.577
        4161.425       26508.205         300.432
        5923.986       26601.192         300.209
        8275.485       26392.058         300.373
        9179.924       26386.109         300.297
       10141.163       26506.350         300.297
       12125.127       26693.448         300.569
       13194.392       26455.588         300.336
       15441.012       26346.460         300.189
       17201.633       26469.252         300.374
       19135.659       26613.530         300.515
       21514.689       26365.221         300.575
       22195.843       26289.716         300.390
       24470.810       26601.238         300.406
       25137.213       26277.195         300.199
       27409.503       26308.002         300.334
       29552.930       26738.561         300.498
       30147.022       26701.617         300.429
       32213.697       26425.996         300.335
       33421.965       26474.991         300.335
       34377.854       26726.866         300.335
       36275.227       26553.973         300.530
       38392.900       26643.547         300.583
       40593.319       26389.504         300.536
       42475.460       26740.530         300.242
       44549.280       26658.509         300.074
       46524.284       26699.858         300.327
       48732.422       26340.917         300.344
       49807.489       26328.913         300.344
       51505.099       26290.695         300.536
       53857.840       26717.181         300.592
       55476.218       26307.872         300.557
       57481.766       26685.604         300.486
       59974.671       26306.727         300.146
       61737.284       26758.013         300.486
       62582.749       26379.797         300.276
       63604.073       26712.015         300.276
       65967.405       26440.879         300.462
       67753.876       26400.181         300.413
       69994.471       26745.525         300.564
       71971.018       26719.822         300.335
       73875.985       26518.384         300.421
       75720.937       26486.618         300.284
       76771.513       26667.583         300.238
       77813.793       26580.838         300.238
       80000.000       26530.612           0.000
           0.000       27551.019           0.000
        1991.890       27779.541         300.326
        2812.450       27330.924         300.326
        4972.243       27697.154         300.408
        7003.820       27639.047         300.271
        9027.183       27664.637         300.297
       10910.725       27458.925         300.423
       13264.055       27457.426         300.336
       15317.017       27316.424         300.165
       17142.059       27717.923         300.322
       18997.548       27640.255         300.567
       21404.379       27324.908         300.429
       22238.192       27653.584         300.390
       23195.339       27694.866         300.390
       25176.725       27722.285         300.260
       27352.281       27458.412         300.579
       29441.814       27771.253         300.385
       31198.844       27770.478         300.464
       33598.403       27700.164         300.334
       35432.298       27299.740         300.608
       36299.533       27404.954         300.530
       38377.420       27805.785         300.427
       40308.188       27754.566         300.517
       42513.086       27685.596         300.136
       44713.941       27645.408         300.235
       46411.033       27497.250         300.473
       47640.166       27592.439         300.344
       49574.736       27616.929         300.617
       51689.999       27541.094         300.217
       53749.245       27507.544         300.660
       54765.286       27380.597         300.439
       55486.404       27771.398         300.439
       57914.636       27629.182         300.250
       58533.251       27361.806         300.250
       60753.402       27786.771         300.525
       62880.485       27418.452         300.395
       64999.152       27654.322         300.356
       65838.038       27469.033         300.356
       67775.183       27620.605         300.440
       68888.043       27328.790         300.252
       69853.208       27376.670         300.371
       71081.589       27351.487         300.335
       72838.453       27782.053         300.413
       75084.898       27343.731         300.419
       76940.769       27699.957         300.297
       78784.524       27780.401         210.242
       80000.000       27551.019           0.000
           0.000       28571.430           0.000
        1980.499       28788.584         300.510
        3192.896       28650.901         300.326
        4852.508       28709.597         300.392
        6966.013       28601.133         300.228
        7925.686       28335.350         300.229
       10327.812       28517.977         300.298
       11038.753       28589.416         300.190
       13257.419       28479.675         300.381
       15153.398       28720.324         300.169
       16073.577       28649.049         300.165
       18114.512       28657.540         300.434
       20271.909       28516.348         300.229
       22356.196       28361.366         300.460
       24542.928       28691.399         300.539
       25418.169       28541.591         300.396
       27125.459       28351.366         300.322
       29142.766       28477.212         300.385
       30452.212       28321.868         300.385
       31277.937       28776.675         300.385
       33372.973       28529.307         300.273
       34358.198       28610.523         300.273
       36395.773       28461.725         300.649
       38564.792       28665.307         300.485
       39627.879       28430.146         300.427
       41578.952       28502.101         300.277
       42325.343       28582.195         300.136
       44798.487       28746.138         300.235
       46642.374       28435.117         300.555
       47495.035       28787.359         300.345
       49608.897       28620.917         300.316
       51607.849       28535.345         300.242
       53847.285       28688.160         300.767
       55812.738       28609.093         300.439
       57669.044       28707.912         300.242
       59741.510       28365.745         300.250
       61875.606       28797.330         300.212
       62915.036       28702.919         300.212
       64733.623       28658.631         300.356
       65993.130       28373.602         300.356
       66649.249       28351.152         300.356
       68929.778       28638.045         300.713
       70750.987       28814.115         300.335
       73012.465       28803.459         300.304
       73987.324       28816.989         300.304
       75136.704       28359.772         300.304
       77189.962       28761.270         300.598
       79003.028       28393.133         213.570
       80000.000       28571.430           0.000
           0.000       29591.838           0.000
        2037.673       29838.048         300.378
        3008.860       29740.190         300.235
        5244.773       29354.506         300.466
        6928.988       29743.957         300.228
        8344.536       29541.142         300.229
       10185.211       29605.695         300.327
       10905.264       29558.827         300.190
       13129.804       29385.984         300.264
       15216.554       29833.281         300.289
       17258.556       29359.905         300.456
       19111.728       29449.738         300.229
       20270.178       29400.037         300.229
       21029.051       29396.837         300.229
       23053.205       29405.408         300.312
       25429.424       29695.923         300.386
       27097.628       29599.575         300.294
       29351.169       29445.360         300.438
       31400.774       29446.521         300.431
       33520.634       29562.568         300.420
       35543.595       29400.190         300.500
       36305.827       29789.604         300.378
       37304.405       29793.785         300.378
       39731.005       29605.696         300.359
       40659.127       29645.423         300.172
       42359.901       29794.707         300.270
       44358.684       29616.588         300.383
       46460.495       29712.453         300.518
       47842.004       29675.581         300.366
       49828.778       29454.990         300.316
       50550.668       29770.909         300.316
       52830.584       29562.324         300.738
       53627.116       29764.010         300.712
       55622.067       29764.574         300.623
       57576.835       29430.460         300.399
       59935.908       29691.086         300.251
       61777.035       29474.069         300.355
       63976.487       29364.342         300.432
       65741.765       29472.385         300.639
       66927.614       29532.244         300.162
       68891.442       29791.520         300.521
       70764.203       29445.277         300.404
       72672.901       29528.340         300.364
       74758.316       29738.496         300.312
       76049.438       29785.042         300.162
       77915.172       29643.334         300.310
       80000.000       29591.838           0.000
           0.000       30612.245           0.000
         816.074       30362.759         181.676
        2949.763       30416.143         300.379
        4842.750       30525.909         300.308
        6954.002       30646.288         300.509
        9013.502       30830.465         300.208
       10990.911       30377.037         300.190
       13128.561       30700.121         300.263
       14300.499       30664.493         300.279
       15986.085       30788.945         300.408
       17998.389       30631.959         300.383
       20343.827       30400.480         300.432
       21153.844       30818.954         300.372
       23059.053       30654.270         300.479
       25257.256       30762.753         300.525
       26375.571       30611.403         300.294
       27482.521       30674.428         300.294
       29482.930       30519.329         300.576
       30191.847       30534.561         300.241
       32561.956       30614.845         300.396
       33189.655       30570.006         300.283
       35585.804       30592.495         300.494
       37640.212       30821.876         300.362
       38574.762       30777.855         300.362
       39448.160       30857.652         300.373
       41486.722       30762.507         300.407
       42747.811       30578.365         300.217
       44559.016       30823.610         300.420
       46712.022       30411.679         300.692
       47670.302       30575.489         300.432
       49723.342       30468.065         300.495
       51771.376       30384.832         300.316
       53707.742       30720.920         300.718
       55893.888       30577.255         300.509
       57480.722       30433.990         300.355
       58709.270       30644.777         300.355
       59635.865       30464.743         300.355
       61652.506       30575.670         300.628
       63025.078       30387.408         300.361
       64974.686       30765.935         300.118
       67037.921       30733.133         300.252
       68989.148       30403.610         300.591
       71008.194       30470.737         300.195
       72913.430       30503.353         300.482
       74945.298       30713.283         300.188
       76005.442       30576.494         300.162
       77817.658       30576.418         300.388
       80000.000       30612.245           0.000
           0.000       31632.653           0.000
        2194.516       31672.674         300.427
        2879.252       31496.893         300.361
        5136.909       31436.737         300.576
        7159.546       31379.917         300.440
        9109.713       31379.029         300.407
       10083.503       31598.614         300.289
       12178.276       31591.331         300.432
       14317.458       31419.046         300.264
       15225.656       31850.205         300.264
       17323.562       31381.100         300.595
       19443.175       31731.604         300.417
       21232.283       31419.756         300.403
       23482.504       31541.117         300.403
       25329.214       31640.709         300.527
       27388.625       31886.291         300.536
       29430.498       31765.343         300.241
       31373.291       31637.951         300.284
       32628.423       31495.444         300.284
       34358.240       31756.305         300.289
       35215.669       31726.692         300.289
       37665.385       31757.331         300.454
       39733.844       31493.173         300.529
       41553.181       31486.413         300.357
       43485.429       31851.400         300.594
       44570.652       31531.699         300.381
       46607.729       31716.464         300.515
       48410.115       31607.134         300.519
       49547.520       31571.303         300.512
       51851.043       31783.909         300.570
       53625.717       31751.023         300.582
       55462.287       31659.433         300.527
       56687.788       31498.503         300.358
       57841.668       31589.007         300.355
       59608.802       31400.633         300.355
       60973.239       31559.303         300.516
       62726.443       31466.311         300.364
       64771.826       31650.089         300.152
       66648.473       31460.920         300.378
       68002.100       31497.971         300.219
       70045.574       31855.760         300.216
       71695.584       31792.543         300.601
       73144.509       31633.075         300.337
       74986.974       31691.785         300.635
       76843.144       31797.857         300.224
       78759.278       31716.898         213.881
       80000.000       31632.653           0.000
           0.000       32653.061           0.000
        2225.402       32583.913         300.467
        2908.735       32707.912         300.361
        4882.440       32500.747         300.571
        6153.817       32551.005         300.222
        7120.987       32700.731         300.229
        9053.517       32426.093         300.402
       10947.995       32739.506         300.141
       13327.906       32667.952         300.197
       14967.742       32680.589         300.366
       17081.956       32397.966         300.493
       18226.437       32671.019         300.268
       20479.963       32828.016         300.289
       22413.443       32437.283         300.246
       24505.147       32571.858         300.625
       26249.859       32887.824         300.426
       27099.254       32782.613         300.422
       29571.488       32863.440         300.256
       31331.273       32629.753         300.409
       33288.942       32695.571         300.629
       34625.920       32455.475         300.289
       36276.467       32759.496         300.547
       37558.039       32539.663         300.397
       39472.833       32656.318         300.464
       40484.826       32884.573         300.218
       42501.330       32480.923         300.538
       43689.149       32894.213         300.285
       45649.236       32490.756         300.359
       47704.576       32727.905         300.581
       49517.727       32630.205         300.637
       51888.647       32696.200         300.528
       52643.193       32800.099         300.528
       53436.861       32881.828         300.528
       55818.349       32767.856         300.208
       57914.504       32499.187         300.140
       59728.159       32615.651         300.611
       61562.882       32859.392         300.530
       63552.235       32859.958         300.307
       65840.011       32846.019         300.403
       67914.029       32820.406         300.219
       69669.127       32499.369         300.352
       72087.498       32495.252         300.492
       72788.048       32704.675         300.337
       75160.099       32583.693         300.386
       76742.220       32788.318         300.425
       77867.939       32880.212         300.224
       80000.000       32653.061           0.000
           0.000       33673.468           0.000
        2116.049       33524.835         300.572
        3039.979       33847.058         300.271
        4813.020       33617.392         300.222
        6237.579       33683.862         300.222
        7948.265       33642.230         300.165
       10002.861       33816.446         300.353
       11981.869       33709.691         300.244
       14096.378       33673.440         300.197
       16383.021       33703.651         300.026
       18279.846       33762.464         300.473
       20163.735       33712.666         300.326
       21403.568       33608.206         300.170
       23067.236       33909.569         300.264
       25256.629       33582.739         300.402
       26222.036       33820.298         300.372
       28517.079       33639.010         300.057
       30551.419       33819.010         300.556
       32164.949       33701.242         300.328
       34634.175       33454.199         300.195
       35528.877       33744.679         300.149
       36572.517       33780.476         300.149
       38241.862       33895.341         300.273
       39571.528       33655.721         300.218
       40695.379       33449.798         300.218
       42390.321       33913.682         300.285
       43382.003       33784.910         300.285
       45769.252       33466.693         300.324
       46578.696       33537.811         300.277
       48750.018       33553.604         300.504
       50548.299       33676.188         300.156
       51837.475       33850.637         300.257
       53589.708       33659.869         300.653
       55661.085       33841.418         300.207
       57849.551       33886.698         300.541
       59839.135       33890.310         300.450
       61883.383       33842.347         300.294
       63734.483       33524.048         300.424
       65046.241       33435.455         300.256
       66844.650       33885.771         300.343
       67965.557       33738.120         300.219
       69975.997       33670.177         300.168
       71695.752       33872.119         300.168
       74114.308       33878.687         300.701
       76164.029       33866.801         300.509
       77785.409       33444.623         300.304
       80000.000       33673.468           0.000
           0.000       34693.879           0.000
        2206.197       34497.078         300.271
        4248.740       34607.174         300.271
        5973.794       34543.221         300.241
        8005.985       34903.904         300.076
       10346.798       34636.833         300.235
       12339.316       34465.379         300.547
       13068.687       34620.181         300.443
       15007.466       34933.765         300.197
       17093.859       34532.805         300.284
       19225.792       34896.321         300.479
       21016.846       34477.584         300.160
       22360.926       34889.521         300.206
       24418.937       34910.115         300.122
       26535.315       34761.855         300.418
       28517.759       34727.748         300.067
       30568.085       34537.940         300.328
       31243.861       34535.383         300.328
       33431.407       34643.806         300.332
       35586.061       34479.164         300.149
       36390.904       34938.057         300.149
       38730.336       34901.855         300.269
       40638.304       34942.333         300.218
       42576.564       34603.748         300.357
       43702.980       34534.626         300.285
       45680.269       34870.881         300.324
       47801.340       34824.597         300.377
       48483.842       34816.462         300.377
       50790.479       34790.629         300.156
       52898.349       34861.798         300.367
       54517.190       34938.643         300.493
       56685.146       34515.202         300.395
       58741.367       34458.818         300.385
       59663.517       34557.875         300.385
       61723.023       34754.035         300.442
       63582.471       34787.279         300.484
       64564.503       34460.166         300.256
       65793.782       34558.771         300.256
       67893.485       34852.743         300.435
       70041.434       34680.853         300.528
       71038.277       34493.790         300.168
       72907.227       34608.443         300.651
       73801.594       34764.339         300.651
       75989.985       34870.489         300.493
       76777.304       34551.078         300.287
       79065.822       34696.343         160.437
       80000.000       34693.879           0.000
           0.000       35714.287           0.000
        1909.301       35889.498         300.289
        3863.045       35836.079         300.530
        5003.656       35805.389         300.271
        5984.764       35584.596         300.271
        6860.519       35668.488         300.271
        9353.672       35823.545         300.499
       11140.021       35704.184         300.301
       13279.992       35786.472         300.443
       14993.190       35745.932         300.221
       17360.164       35884.112         300.284
       19105.058       35903.759         300.390
       21234.087       35764.217         300.686
       23160.383       35957.332         300.646
       25380.127       35854.277         300.509
       26098.532       35966.735         300.431
       28371.802       35953.758         300.333
       30336.275       35670.990         300.503
       31481.536       35747.918         300.328
       32402.669       35675.998         300.328
       34328.774       35963.761         300.407
       36317.002       35888.798         300.265
       37687.968       35689.500         300.269
       38727.580       35627.717         300.274
       40450.122       35569.434         300.347
       42304.519       35697.231         300.272
       44721.299       35917.367         300.413
       46599.612       35574.999         300.220
       48760.789       35711.106         300.376
       49809.213       35906.474         300.377
       51417.853       35519.670         300.268
       53769.397       35826.105         300.561
       54675.081       35647.861         300.325
       55686.306       35858.128         300.325
       56663.604       35743.196         300.325
       58729.211       35540.318         300.453
       60945.376       35797.707         300.346
       61524.300       35685.881         300.308
       63976.900       35465.812         300.468
       66045.607       35666.965         300.256
       68009.237       35579.172         300.500
       68922.697       35488.499         300.213
       69646.185       35593.011         300.213
       71665.957       35741.001         300.262
       73868.687       35598.348         300.651
       75058.398       35640.820         300.455
       76775.739       35567.205         300.287
       78956.027       35509.600         256.497
       80000.000       35714.287           0.000
           0.000       36734.694           0.000
        1956.037       36929.900         300.497
        4095.718       36987.740         300.500
        4973.703       36492.284         300.271
        7172.803       36554.170         300.207
        8300.792       36693.327         300.207
        8883.659       36703.570         300.207
       11000.782       36641.287         300.166
       13319.964       36698.939         300.590
       15267.969       36703.905         300.420
       17381.157       36955.455         300.646
       19146.932       36761.851         300.503
       21041.385       36666.210         300.446
       22094.311       36648.788         300.446
       24275.233       36566.967         300.203
       26199.129       36798.763         300.584
       27270.247       36922.713         300.431
       28151.676       36798.050         300.310
       29196.000       36777.301         300.310
       31226.776       36820.126         300.419
       33535.320       36917.523         300.607
       35438.316       36966.123         300.553
       37498.736       36663.681         300.285
       39653.701       36943.017         300.353
       41612.579       36694.164         300.272
       43411.796       36756.052         300.591
       45809.458       36610.344         300.691
       47782.082       36935.953         300.396
       49845.252       36735.247         300.420
       51428.996       36524.059         300.482
       52907.695       36989.341         300.370
       54596.522       36541.395         300.325
       56920.064       36491.077         300.413
       58624.113       36849.481         300.316
       59514.498       36654.734         300.248
       61787.907       36847.544         300.309
       64025.373       36492.733         300.528
       64883.090       36930.367         300.257
       66066.157       36514.726         300.329
       67685.546       36494.035         300.439
       68849.226       36598.796         300.213
       70854.421       36842.816         300.649
       72957.679       36910.263         300.333
       74842.347       36554.464         300.527
       77078.152       36971.898         300.299
       79137.868       36817.912         183.110
       80000.000       36734.694           0.000
           0.000       37755.102           0.000
        1912.010       37534.276         276.643
        3864.807       37668.846         300.378
        5853.012       37732.659         300.271
        8016.268       37677.808         300.207
       10326.102       37616.977         300.166
       12178.775       37598.334         300.224
       14210.078       37999.671         300.485
       16378.635       37981.042         300.491
       18215.214       37743.954         300.486
       20043.747       37546.896         300.446
       21289.083       37844.997         300.446
       23119.311       37818.492         300.519
       25416.442       37660.585         300.715
       27338.803       38005.188         300.453
       29174.324       37718.875         300.512
       31473.967       37826.591         300.320
       33638.811       37625.724         300.400
       34525.714       37847.983         300.314
       36278.463       37646.861         300.302
       38599.344       37835.422         300.452
       39374.645       37615.263         300.353
       41620.862       37787.460         300.312
       43793.668       37515.632         300.408
       45621.353       37679.136         300.522
       46457.691       37735.431         300.396
       47570.369       37525.606         300.396
       49677.812       37753.387         300.648
       51830.514       37859.868         300.399
       52596.823       37622.037         300.370
       54487.693       37861.922         300.293
       56733.035       37598.092         300.453
       57894.101       37508.566         300.248
       58843.728       37781.773         300.248
       60973.753       37638.645         300.586
       61680.306       37717.746         300.537
       63589.892       37733.581         300.334
       65578.907       37923.639         300.257
       67748.058       37502.530         300.461
       68689.744       37886.499         300.213
       70894.064       37847.092         300.553
       72121.752       37850.699         300.554
       74157.420       37682.800         300.280
       75148.327       37893.277         300.280
       75940.677       37921.237         300.280
       77820.544       37754.857         300.284
       80000.000       37755.102           0.000
           0.000       38775.510           0.000
        1214.780       38746.725         182.289
        3251.138       38991.637         300.445
        4055.255       38864.197         300.378
        6233.886       38840.937         300.374
        8253.769       38986.220         300.469
       10263.656       38923.690         300.353
       12139.713       38853.946         300.428
       14199.695       38715.744         300.453
       16286.744       38887.814         300.624
       18459.206       39022.798         300.306
       19155.243       39022.822         300.306
       21421.353       38625.260         300.520
       23531.217       38683.732         300.518
       24264.971       38523.335         300.383
       26396.344       38621.799         300.441
       27293.517       38708.189         300.441
       29379.615       38763.800         300.309
       31299.613       39003.716         300.431
       33448.564       38751.119         300.633
       35469.377       38736.231         300.314
       37364.164       38569.304         300.141
       39389.032       38875.103         300.353
       40643.386       39005.060         300.379
       42631.044       38857.635         300.316
       43650.523       38841.868         300.264
       45790.392       38730.438         300.555
       47396.470       38942.970         300.396
       48709.455       38565.006         300.396
       50722.139       38989.352         300.457
       52551.571       38604.639         300.585
       53521.561       38912.441         300.257
       55645.662       38690.493         300.256
       57605.323       38645.263         300.391
       59746.411       38719.697         300.721
       60896.822       38951.505         300.537
       62803.573       39019.852         300.523
       64887.098       38542.938         300.493
       66609.318       38885.673         300.287
       67613.962       38526.014         300.287
       69058.176       38798.572         300.287
       69931.621       38613.713         300.296
       71834.872       38905.522         300.635
       74015.071       38703.493         300.508
       74739.582       38908.833         300.280
       76746.269       38607.811         300.463
       78971.820       38571.043         203.963
       80000.000       38775.510           0.000
           0.000       39795.917           0.000
        1146.263       39620.193         199.044
        3154.745       40009.104         300.471
        5036.413       39580.819         300.635
        6230.671       39870.830         300.374
        8032.725       39567.166         300.353
        8930.642       39697.985         300.353
       11263.408       39815.718         300.360
       12950.684       39787.380         300.583
       13993.672       39996.154         300.453
       15323.441       39591.703         300.453
       17296.338       39875.540         300.697
       19331.932       40018.989         300.240
       20413.831       39871.877         300.240
       22127.095       39713.799         300.465
       23081.786       39764.520         300.383
       24217.431       39993.119         300.383
       25183.352       39575.950         300.383
       27155.263       39730.344         300.622
       28162.078       39945.592         300.441
       30231.077       39943.573         300.384
       32321.491       39963.933         300.550
       34195.981       39766.896         300.344
       35386.265       39650.877         300.314
       36668.034       39685.583         300.314
       38397.856       39835.549         300.491
       40730.095       39740.808         300.575
       42627.998       39781.159         300.264
       44580.719       39838.649         300.618
       46433.987       40016.576         300.397
       48632.477       39843.860         300.494
       50700.127       40021.161         300.366
       52668.939       39681.041         300.423
       54684.545       39696.368         300.256
       56645.415       39741.377         300.256
       57856.390       39765.754         300.261
       59816.641       39913.230         300.594
       61924.377       39659.893         300.539
       62646.475       39944.620         300.481
       64937.683       39792.667         300.409
       66824.028       39729.837         300.331
       68904.318       39962.284         300.238
       70867.630       39766.220         300.493
       72016.297       39814.283         300.580
       74039.228       40047.448         300.280
       76151.813       39820.346         300.625
       77901.300       39802.158         300.437
       80000.000       39795.917           0.000
           0.000       40816.328           0.000
        1999.018       40996.988         300.359
        3011.963       40783.363         300.316
        5267.288       40625.044         300.466
        6960.860       40708.322         300.445
        9231.350       40854.729         300.423
       11190.767       40783.098         300.140
       11919.238       40659.013         300.155
       13947.082       40706.944         300.555
       16232.735       40919.542         300.555
       17088.702       40712.180         300.674
       19096.861       40967.608         300.471
       21194.428       40921.681         300.270
       23237.171       40976.748         300.550
       24304.119       40958.652         300.266
       26349.968       41053.104         300.502
       28207.209       41037.084         300.356
       30549.688       41022.581         300.424
       32523.507       40645.621         300.481
       33441.393       40804.497         300.481
       34326.222       41024.974         300.422
       36688.209       41002.435         300.362
       38389.814       40708.735         300.475
       40422.760       40787.920         300.488
       42597.630       40991.551         300.264
       44533.431       40850.432         300.538
       45480.039       40902.039         300.317
       46737.988       40635.001         300.255
       48777.721       40601.208         300.472
       50769.359       40941.604         300.366
       51582.211       40621.804         300.366
       53807.737       40817.552         300.645
       55917.085       40624.442         300.373
       56501.209       40594.511         300.260
       58918.413       40639.400         300.615
       60765.856       40753.769         300.253
       61936.164       40809.651         300.481
       63965.387       40722.558         300.337
       64797.073       40739.438         300.310
       66993.382       41017.676         300.479
       68914.039       40806.427         300.238
       69859.203       40727.065         300.238
       70698.951       40823.497         300.254
       73071.441       40720.191         300.571
       75156.648       40785.141         300.583
       76190.431       40897.532         300.504
       76743.430       40782.492         300.347
       77732.736       41032.545         300.347
       80000.000       40816.328           0.000
           0.000       41836.736           0.000
        1970.282       41708.364         300.205
        4080.436       41860.783         300.316
        6017.791       41921.240         300.193
        7227.908       41654.388         300.193
        8900.744       42033.482         300.442
       10896.371       41733.671         300.140
       13201.732       41752.465         300.265
       14379.294       41910.359         300.295
       16205.084       41778.954         300.513
       18261.878       41918.071         300.191
       20468.343       42065.108         300.277
       21182.899       41625.078         300.252
       23247.379       42032.783         300.398
       25353.416       41652.440         300.266
       27218.535       41705.699         300.565
       28407.521       42032.633         300.356
       30397.649       41601.551         300.390
       32446.867       41644.159         300.516
       34289.675       41822.178         300.581
       36541.001       41873.633         300.258
       38425.306       41739.904         300.631
       40592.040       41789.853         300.321
       41600.657       42039.977         300.321
       43783.858       41986.078         300.419
       44789.215       41714.299         300.254
       46439.077       41715.783         300.254
       47585.746       41908.262         300.131
       49481.720       41974.351         300.469
       51413.768       41832.239         300.467
       53661.740       41772.308         300.469
       55642.535       41905.671         300.357
       57808.118       42069.312         300.615
       58495.014       42015.137         300.615
       60572.476       42010.994         300.227
       62817.713       41682.439         300.379
       64911.312       41969.306         300.310
       66674.294       41631.873         300.413
       68678.540       42083.413         300.272
       71013.776       41720.900         300.627
       71750.084       41855.723         300.391
       73755.375       41744.850         300.550
       75070.879       41704.735         300.504
       76161.158       41702.656         300.504
       77782.752       41685.143         300.347
       80000.000       41836.736           0.000
           0.000       42857.143           0.000
        1825.940       42978.925         300.595
        3168.119       42919.951         300.315
        5032.133       42625.644         300.195
        7298.970       42749.112         300.463
        8079.368       42930.849         300.232
        9981.641       43097.169         300.233
       12344.425       43070.378         300.141
       14044.055       42697.858         300.426
       16282.701       42706.545         300.383
       18376.837       42832.056         300.341
       20498.863       43026.755         300.142
       22409.376       42769.807         300.233
       24172.747       43079.497         300.426
       25313.991       42714.603         300.266
       27256.950       43015.812         300.470
       28296.939       42996.241         300.356
       29519.332       42947.544         300.404
       31437.014       42655.134         300.441
       32475.079       42764.813         300.332
       33344.892       42850.350         300.333
       35422.629       42695.704         300.356
       36503.276       42764.388         300.268
       38647.398       42624.823         300.352
       39694.175       42849.798         300.321
       40446.320       42799.188         300.321
       42591.146       42743.826         300.532
       44449.410       43064.890         300.288
       45410.105       42640.096         300.254
       47351.813       43086.454         300.122
       49611.312       42952.205         300.359
       50645.083       42900.793         300.359
       52661.745       42990.175         300.659
       53697.848       42670.181         300.469
       55826.689       43075.477         300.295
       56867.405       42983.409         300.295
       58597.807       42810.895         300.706
       60701.870       43032.666         300.388
       62717.780       42718.384         300.340
       63805.126       42676.145         300.192
       65732.265       42908.996         300.533
       67912.654       42779.591         300.544
       70086.245       42946.160         300.475
       71130.654       42633.295         300.391
       72677.409       42816.090         300.297
       74929.562       42738.582         300.563
       77171.999       42630.981         300.347
       79184.613       42886.657         181.952
       80000.000       42857.143           0.000
           0.000       43877.551           0.000
        2112.854       43797.195         300.316
        3275.810       43987.237         300.316
        5062.332       43979.343         300.496
        7198.135       43913.948         300.290
        9098.080       43843.527         300.233
       11092.373       44006.911         300.459
       12258.396       44070.233         300.111
       14167.044       44058.824         300.605
       16158.245       43862.928         300.258
       18044.269       43877.662         300.258
       20135.855       43908.616         300.257
       22488.977       43997.386         300.233
       24314.312       44043.572         300.570
       26130.344       43696.558         300.507
       28159.480       43973.781         300.356
       30572.340       43773.965         300.318
       32531.808       43957.016         300.263
       34439.090       44078.652         300.458
       35516.685       43830.756         300.272
       36388.950       43825.023         300.272
       38684.770       43781.362         300.413
       40428.380       44125.044         300.503
       42556.872       43794.263         300.420
       44608.162       43922.351         300.254
       45811.563       44061.114         300.254
       47790.718       44009.621         300.372
       49815.817       44033.443         300.357
       50637.686       43844.171         300.392
       52785.603       44033.595         300.504
       53544.779       44070.073         300.470
       55683.536       43876.526         300.409
       57616.027       44077.570         300.327
       59842.145       43990.709         300.464
       60766.572       43890.939         300.215
       61803.776       43742.331         300.215
       63574.616       43953.948         300.432
       65614.086       43667.495         300.303
       66852.725       43844.391         300.322
       67747.868       43846.108         300.322
       70022.784       44062.306         300.316
       71774.948       43817.936         300.312
       74026.142       43978.433         300.469
       75175.271       43844.911         300.342
       76964.345       43937.350         300.570
       79022.483       44027.991         198.046
       80000.000       43877.551           0.000
           0.000       44897.959           0.000
        1071.141       45116.553         196.470
        3159.281       44929.197         300.591
        3947.116       44999.184         300.561
        6255.917       45068.542         300.392
        8103.074       45099.974         300.020
       10023.818       44943.302         300.171
       11245.220       44865.876         300.171
       12346.605       44744.438         300.111
       14301.240       44818.824         300.560
       16201.497       44646.688         300.419
       17024.738       44672.128         300.258
       18089.577       45142.916         300.258
       19296.810       44925.201         300.129
       21171.991       44824.783         300.200
       23091.293       45020.613         300.530
       24404.511       44657.176         300.555
       26090.760       44659.802         300.126
       27434.747       44863.165         300.126
       29287.022       45139.602         300.357
       30350.757       44701.374         300.263
       31356.726       44687.227         300.263
       33557.439       45035.761         300.143
       35337.635       44877.642         300.272
       37434.588       44828.415         300.433
       38481.810       44968.450         300.258
       40422.032       44813.236         300.471
       41652.561       44696.754         300.379
       42650.908       44682.107         300.378
       43617.643       45070.228         300.379
       45446.898       44963.120         300.475
       47715.050       44657.746         300.344
       49566.957       44712.028         300.237
       51798.166       44887.773         300.410
       53713.174       45069.302         300.553
       55543.791       44931.414         300.441
       56957.604       44916.267         300.320
       57971.842       44887.814         300.320
       59658.795       45067.156         300.215
       60822.317       44864.277         300.215
       61733.594       44660.657         300.222
       63724.365       44654.508         300.303
       64778.708       45135.095         300.303
       65751.193       44690.003         300.302
       67070.901       44941.568         300.303
       67907.203       44863.944         300.303
       69731.910       44746.727         300.240
       71806.952       45012.766         300.537
       73817.683       44872.804         300.487
       75034.509       44662.373         300.342
       76720.293       44850.746         300.379
       78915.020       44742.287         203.467
       80000.000       44897.959           0.000
           0.000       45918.366           0.000
        1788.535       46106.297         300.194
        4283.904       46015.435         300.693
        6200.748       46145.959         300.453
        6964.133       45901.917         300.392
        8971.033       46159.313         298.000
       10233.194       46063.391         300.171
       12259.572       46171.463         300.620
       14128.384       46018.354         300.435
       16017.838       45745.895         300.470
       18220.414       46080.946         300.506
       20055.272       46147.882         300.525
       22229.834       45868.791         300.220
       24140.034       45725.039         300.549
       25279.357       46011.965         300.245
       27169.731       46076.173         300.145
       29247.306       45842.033         300.259
       31517.177       45988.955         300.471
       32152.626       45848.831         300.263
       34352.129       45667.790         300.570
       35269.394       45973.237         300.272
       37445.262       45736.235         300.259
       39704.077       46049.479         297.226
       41575.240       46050.864         300.626
       42730.806       46139.102         300.379
       44565.953       45711.535         300.448
       46557.365       45707.896         300.465
       47780.404       46084.220         300.237
       48636.006       45813.552         300.236
       50659.455       45778.731         300.620
       51824.255       46029.585         300.329
       53635.387       45843.684         300.237
       55663.594       45774.569         300.502
       57695.622       45927.156         300.415
       59762.853       46051.791         300.466
       61656.455       46126.720         300.507
       63937.520       45989.547         300.517
       65574.975       45846.780         300.303
       67935.278       45984.153         300.696
       69780.881       45852.075         300.230
       71770.863       45758.421         300.418
       72998.939       45791.759         300.418
       75008.614       45666.491         300.329
       75843.670       45665.076         300.260
       76933.318       45843.275         300.277
       78888.872       45690.090         207.283
       80000.000       45918.366           0.000
           0.000       46938.777           0.000
        1127.096       46807.162         178.616
        2842.228       46977.736         300.236
        5140.651       46734.582         294.668
        7116.915       47128.179         300.453
        8997.708       46734.915         289.672
       11127.812       47174.136         300.530
       13186.637       46817.027         300.365
       13950.935       47059.788         300.092
       16149.363       46868.352         300.288
       18123.874       46813.924         300.534
       20099.311       47143.064         300.372
       22314.878       47113.305         291.275
       23253.065       47169.083         300.264
       25141.239       47093.322         300.245
       26528.862       46785.484         300.245
       28377.610       46796.554         300.188
       29441.602       46797.945         300.195
       30176.721       47064.331         300.195
       31362.258       47062.963         300.195
       33266.945       47082.491         300.381
       35353.995       46989.585         300.354
       37249.372       46866.820         300.340
       39717.846       46939.613         283.712
       41564.253       47064.201         291.358
       43468.243       47053.928         300.254
       44349.787       46842.710         300.084
       46468.595       46800.385         300.288
       48437.546       47098.511         300.237
       50647.922       47136.908         300.120
       52887.409       46828.749         300.237
       53716.248       46947.350         300.237
       55931.192       46871.666         300.463
       57576.158       46738.584         300.498
       58916.747       46993.614         300.498
       60548.375       46796.736         300.109
       62727.381       46757.886         300.434
       64604.310       46831.250         300.579
       66981.220       47004.893         300.307
       67698.503       46747.601         300.546
       69668.659       46879.250         300.314
       70707.449       46768.568         300.329
       72991.254       46944.986         300.418
       74948.141       47093.301         300.363
       75789.788       46710.057         300.260
       77893.642       46963.078         288.751
       80000.000       46938.777           0.000
           0.000       47959.185           0.000
        1787.442       48014.028         277.342
        4250.278       47959.612         262.818
        5062.616       47963.234         264.748
        7159.653       48099.585         277.541
        8995.263       48201.500         243.856
       10939.950       48097.763         300.383
       13321.917       48107.538         266.582
       14230.424       47843.888         300.053
       16448.322       48152.748         300.253
       18293.731       47752.301         281.385
       20355.205       47930.769         300.494
       22081.617       47857.506         259.136
       24089.721       47721.217         300.586
       26505.408       47853.523         300.245
       28516.982       48162.344         300.304
       29382.145       47936.215         300.195
       31267.562       48008.425         300.301
       32254.149       47963.920         300.195
       34491.024       47813.531         266.216
       36559.667       47840.104         300.248
       37707.662       47743.762         300.248
       39541.364       48161.772         289.466
       40326.057       48086.317         236.016
       42598.648       47958.514         270.863
       44584.719       48048.759         300.066
       46685.889       47710.513         300.288
       48768.881       48002.019         300.490
       50588.609       47897.521         300.242
       52480.149       47902.697         300.237
       53690.197       48002.388         300.237
       54705.734       48168.900         300.247
       56692.576       47748.052         300.498
       58711.312       47957.759         300.579
       60987.262       47849.236         300.109
       62606.659       47720.702         300.406
       63739.632       48107.614         300.209
       65045.688       47886.618         300.209
       66594.505       47746.150         300.212
       68956.659       47973.011         293.047
       70042.406       47761.757         256.638
       71777.304       48090.121         300.610
       72776.912       48001.499         300.468
       74744.575       47920.780         290.558
       75986.274       48040.328         244.987
       78096.417       47842.046         250.801
       80000.000       47959.185           0.000
           0.000       48979.592           0.000
        2240.879       48961.424         194.750
        4159.235       48786.135         184.540
        6263.199       48757.133         161.535
        8095.078       48838.480         151.538
       10104.505       49097.048         211.312
       12106.644       48989.425         205.739
       13013.810       48833.593         189.901
       14981.109       48937.711         207.476
       17106.344       48905.499         226.577
       18064.356       49038.181         187.277
       19177.699       48832.542         211.959
       21327.401       48915.441         215.272
       22287.911       48763.783         172.756
       24483.229       49157.938         166.943
       26511.701       49033.644         188.122
       28533.052       49083.579         192.596
       30420.356       49172.846         173.591
       32389.925       49173.567         179.544
       34365.945       49210.388         138.934
       35350.486       48833.495         208.312
       37603.618       49014.989         203.252
       39279.106       48914.036         212.285
       41643.031       48933.864         122.910
       42748.738       48848.588         188.660
       44798.963       49112.605         199.939
       46523.136       49009.589         185.323
       48773.331       49167.519         185.908
       50495.262       48819.763         195.640
       52824.656       48891.872         202.563
       54785.868       49166.008         188.503
       56609.478       49006.373         179.360
       58521.653       49226.428         196.402
       61011.246       49125.449         187.377
       62704.854       48825.755         215.223
       64779.279       49210.692         186.534
       66701.986       48884.581         190.767
       68949.468       48725.388         258.384
       69799.427       49128.807         132.438
       71763.644       49001.821         195.513
       74092.743       48998.473         201.249
       75738.230       49023.202         145.519
       77852.305       48745.846         165.688
       80000.000       48979.592           0.000
           0.000       50000.000           0.000
        1012.658       50000.000           0.000
        2025.317       50000.000           0.000
        3037.975       50000.000           0.000
        4050.633       50000.000           0.000
        5063.291       50000.000           0.000
        6075.949       50000.000           0.000
        7088.608       50000.000           0.000
        8101.266       50000.000           0.000
        9113.924       50000.000           0.000
       10126.582       50000.000           0.000
       11139.240       50000.000           0.000
       12151.898       50000.000           0.000
       13164.557       50000.000           0.000
       14177.215       50000.000           0.000
       15189.873       50000.000           0.000
       16202.532       50000.000           0.000
       17215.190       50000.000           0.000
       18227.848       50000.000           0.000
       19240.507       50000.000           0.000
       20253.165       50000.000           0.000
       21265.824       50000.000           0.000
       22278.481       50000.000           0.000
       23291.140       50000.000           0.000
       24303.796       50000.000           0.000
       25316.455       50000.000           0.000
       26329.114       50000.000           0.000
       27341.771       50000.000           0.000
       28354.430       50000.000           0.000
       29367.089       50000.000           0.000
       30379.746       50000.000           0.000
       31392.405       50000.000           0.000
       32405.064       50000.000           0.000
       33417.721       50000.000           0.000
       34430.380       50000.000           0.000
       35443.039       50000.000           0.000
       36455.696       50000.000           0.000
       37468.355       50000.000           0.000
       38481.014       50000.000           0.000
       39493.670       50000.000           0.000
       40506.330       50000.000           0.000
       41518.989       50000.000           0.000
       42531.648       50000.000           0.000
       43544.302       50000.000           0.000
       44556.961       50000.000           0.000
       45569.620       50000.000           0.000
       46582.279       50000.000           0.000
       47594.938       50000.000           0.000
       48607.593       50000.000           0.000
       49620.252       50000.000           0.000
       50632.911       50000.000           0.000
       51645.570       50000.000           0.000
       52658.229       50000.000           0.000
       53670.888       50000.000           0.000
       54683.542       50000.000           0.000
       55696.201       50000.000           0.000
       56708.860       50000.000           0.000
       57721.519       50000.000           0.000
       58734.179       50000.000           0.000
       59746.838       50000.000           0.000
       60759.492       50000.000           0.000
       61772.151       50000.000           0.000
       62784.810       50000.000           0.000
       63797.469       50000.000           0.000
       64810.128       50000.000           0.000
       65822.783       50000.000           0.000
       66835.442       50000.000           0.000
       67848.101       50000.000           0.000
       68860.760       50000.000           0.000
       69873.419       50000.000           0.000
       70886.078       50000.000           0.000
       71898.732       50000.000           0.000
       72911.391       50000.000           0.000
       73924.050       50000.000           0.000
       74936.709       50000.000           0.000
       75949.368       50000.000           0.000
       76962.028       50000.000           0.000
       77974.682       50000.000           0.000
       78987.341       50000.000           0.000
       80000.000       50000.000           0.000
CELLS       2452      7356
         2         0         0
         2         1         1
         2         2         2
         2         3         3
         2         4         4
         2         5         5
         2         6         6
         2         7         7
         2         8         8
         2         9         9
         2        10        10
         2        11        11
         2        12        12
         2        13        13
         2        14        14
         2        15        15
         2        16        16
         2        17        17
         2        18        18
         2        19        19
         2        20        20
         2        21        21
         2        22        22
         2        23        23
         2        24        24
         2        25        25
         2        26        26
         2        27        27
         2        28        28
         2        29        29
         2        30        30
         2        31        31
         2        32        32
         2        33        33
         2        34        34
         2        35        35
         2        36        36
         2        37        37
         2        38        38
         2        39        39
         2        40        40
         2        41        41
         2        42        42
         2        43        43
         2        44        44
         2        45        45
         2        46        46
         2        47        47
         2        48        48
         2        49        49
         2        50        50
         2        51        51
         2        52        52
         2        53        53
         2        54        54
         2        55        55
         2        56        56
         2        57        57
         2        58        58
         2        59        59
         2        60        60
         2        61        61
         2        62        62
         2        63        63
         2        64        64
         2        65        65
         2        66        66
         2        67        67
         2        68        68
         2        69        69
         2        70        70
         2        71        71
         2        72        72
         2        73        73
         2        74        74
         2        75        75
         2        76        76
         2        77        77
         2        78        78
         2        79        79
         2        80        80
         2        81       127
         2        82         4
         2        83         6
         2        84         7
         2        85        86
         2        86         9
         2        87        11
         2        88        12
         2        89        14
         2        90        16
         2        91        18
         2        92        19
         2        93       137
         2        94        23
         2        95        24
         2        96        25
         2        97       141
         2        98        29
         2        99        31
         2       100        33
         2       101        34
         2       102        36
         2       103       148
         2       104        40
         2       105        42
         2       106        44
         2       107        46
         2       108        48
         2       109        50
         2       110        51
         2       111        53
         2       112        55
         2       113        57
         2       114        59
         2       115       114
         2       116        62
         2       117        64
         2       118       163
         2       119        68
         2       120        70
         2       121        71
         2       122        73
         2       123        75
         2       124        77
         2       125       125
         2       126       126
         2       127       127
         2       128        82
         2       129        83
         2       130        85
         2       131       132
         2       132       132
         2       133       179
         2       134        90
         2       135       181
         2       136        92
         2       137       137
         2       138       137
         2       139        96
         2       140        96
         2       141       141
         2       142       141
         2       143       143
         2       144       191
         2       145       145
         2       146       145
         2       147       148
         2       148       148
         2       149       104
         2       150       198
         2       151       198
         2       152       152
         2       153       154
         2       154       154
         2       155       110
         2       156       204
         2       157       112
         2       158       206
         2       159       206
         2       160       115
         2       161       116
         2       162       210
         2       163       211
         2       164       212
         2       165       165
         2       166       121
         2       167       216
         2       168       169
         2       169       169
         2       170       171
         2       171       171
         2       172       172
         2       173       221
         2       174       223
         2       175       224
         2       176       225
         2       177       227
         2       178       228
         2       179       179
         2       180       181
         2       181       181
         2       182       232
         2       183       183
         2       184       138
         2       185       186
         2       186       140
         2       187       141
         2       188       238
         2       189       190
         2       190       191
         2       191       145
         2       192       145
         2       193       192
         2       194       193
         2       195       148
         2       196       149
         2       197       197
         2       198       246
         2       199       152
         2       200       249
         2       201       249
         2       202       155
         2       203       155
         2       204       203
         2       205       158
         2       206       206
         2       207       257
         2       208       258
         2       209       210
         2       210       210
         2       211       260
         2       212       260
         2       213       165
         2       214       214
         2       215       216
         2       216       216
         2       217       169
         2       218       219
         2       219       219
         2       220       220
         2       221       221
         2       222       221
         2       223       222
         2       224       223
         2       225       225
         2       226       273
         2       227       227
         2       228       228
         2       229       179
         2       230       181
         2       231       232
         2       232       232
         2       233       232
         2       234       281
         2       235       186
         2       236       284
         2       237       238
         2       238       286
         2       239       288
         2       240       191
         2       241       193
         2       242       243
         2       243       243
         2       244       293
         2       245       246
         2       246       246
         2       247       246
         2       248       199
         2       249       249
         2       250       201
         2       251       299
         2       252       301
         2       253       302
         2       254       304
         2       255       256
         2       256       257
         2       257       257
         2       258       307
         2       259       210
         2       260       260
         2       261       261
         2       262       214
         2       263       314
         2       264       216
         2       265       266
         2       266       266
         2       267       267
         2       268       268
         2       269       221
         2       270       223
         2       271       224
         2       272       225
         2       273       273
         2       274       326
         2       275       276
         2       276       276
         2       277       277
         2       278       277
         2       279       232
         2       280       331
         2       281       282
         2       282       282
         2       283       284
         2       284       284
         2       285       286
         2       286       286
         2       287       286
         2       288       337
         2       289       240
         2       290       290
         2       291       290
         2       292       243
         2       293       293
         2       294       342
         2       295       246
         2       296       295
         2       297       296
         2       298       299
         2       299       299
         2       300       301
         2       301       348
         2       302       303
         2       303       303
         2       304       303
         2       305       256
         2       306       257
         2       307       306
         2       308       355
         2       309       355
         2       310       309
         2       311       358
         2       312       359
         2       313       314
         2       314       361
         2       315       264
         2       316       363
         2       317       318
         2       318       318
         2       319       319
         2       320       269
         2       321       321
         2       322       323
         2       323       323
         2       324       273
         2       325       273
         2       326       373
         2       327       276
         2       328       277
         2       329       278
         2       330       279
         2       331       331
         2       332       331
         2       333       381
         2       334       284
         2       335       335
         2       336       287
         2       337       337
         2       338       290
         2       339       290
         2       340       389
         2       341       293
         2       342       342
         2       343       295
         2       344       297
         2       345       395
         2       346       347
         2       347       348
         2       348       348
         2       349       398
         2       350       351
         2       351       351
         2       352       351
         2       353       306
         2       354       355
         2       355       355
         2       356       309
         2       357       358
         2       358       358
         2       359       358
         2       360       361
         2       361       361
         2       362       361
         2       363       409
         2       364       364
         2       365       365
         2       366       366
         2       367       415
         2       368       321
         2       369       416
         2       370       371
         2       371       419
         2       372       373
         2       373       373
         2       374       375
         2       375       375
         2       376       375
         2       377       425
         2       378       331
         2       379       331
         2       380       381
         2       381       381
         2       382       382
         2       383       335
         2       384       431
         2       385       431
         2       386       386
         2       387       434
         2       388       389
         2       389       389
         2       390       390
         2       391       390
         2       392       439
         2       393       393
         2       394       344
         2       395       395
         2       396       347
         2       397       444
         2       398       398
         2       399       447
         2       400       449
         2       401       402
         2       402       355
         2       403       403
         2       404       453
         2       405       358
         2       406       359
         2       407       361
         2       408       409
         2       409       409
         2       410       409
         2       411       412
         2       412       412
         2       413       413
         2       414       415
         2       415       463
         2       416       463
         2       417       418
         2       418       419
         2       419       419
         2       420       419
         2       421       421
         2       422       423
         2       423       375
         2       424       424
         2       425       471
         2       426       472
         2       427       472
         2       428       473
         2       429       382
         2       430       476
         2       431       431
         2       432       385
         2       433       434
         2       434       480
         2       435       480
         2       436       389
         2       437       390
         2       438       439
         2       439       485
         2       440       393
         2       441       394
         2       442       395
         2       443       490
         2       444       444
         2       445       398
         2       446       493
         2       447       446
         2       448       448
         2       449       448
         2       450       496
         2       451       496
         2       452       453
         2       453       453
         2       454       405
         2       455       501
         2       456       501
         2       457       457
         2       458       409
         2       459       410
         2       460       460
         2       461       461
         2       462       508
         2       463       463
         2       464       416
         2       465       419
         2       466       420
         2       467       514
         2       468       515
         2       469       424
         2       470       518
         2       471       471
         2       472       472
         2       473       473
         2       474       428
         2       475       523
         2       476       477
         2       477       477
         2       478       478
         2       479       432
         2       480       480
         2       481       481
         2       482       481
         2       483       532
         2       484       485
         2       485       485
         2       486       485
         2       487       535
         2       488       537
         2       489       490
         2       490       540
         2       491       444
         2       492       542
         2       493       493
         2       494       448
         2       495       449
         2       496       547
         2       497       548
         2       498       453
         2       499       499
         2       500       501
         2       501       501
         2       502       457
         2       503       458
         2       504       556
         2       505       505
         2       506       506
         2       507       506
         2       508       507
         2       509       463
         2       510       562
         2       511       512
         2       512       512
         2       513       565
         2       514       565
         2       515       516
         2       516       516
         2       517       518
         2       518       569
         2       519       570
         2       520       472
         2       521       473
         2       522       523
         2       523       523
         2       524       523
         2       525       477
         2       526       576
         2       527       577
         2       528       528
         2       529       480
         2       530       580
         2       531       532
         2       532       532
         2       533       583
         2       534       486
         2       535       535
         2       536       537
         2       537       537
         2       538       539
         2       539       589
         2       540       540
         2       541       591
         2       542       591
         2       543       493
         2       544       493
         2       545       594
         2       546       547
         2       547       547
         2       548       548
         2       549       597
         2       550       550
         2       551       551
         2       552       501
         2       553       601
         2       554       602
         2       555       603
         2       556       557
         2       557       557
         2       558       558
         2       559       508
         2       560       561
         2       561       562
         2       562       562
         2       563       562
         2       564       612
         2       565       614
         2       566       614
         2       567       516
         2       568       616
         2       569       569
         2       570       569
         2       571       571
         2       572       572
         2       573       523
         2       574       575
         2       575       575
         2       576       576
         2       577       577
         2       578       529
         2       579       580
         2       580       580
         2       581       582
         2       582       532
         2       583       532
         2       584       631
         2       585       632
         2       586       535
         2       587       634
         2       588       635
         2       589       589
         2       590       591
         2       591       591
         2       592       543
         2       593       544
         2       594       594
         2       595       642
         2       596       642
         2       597       597
         2       598       550
         2       599       551
         2       600       552
         2       601       601
         2       602       603
         2       603       603
         2       604       605
         2       605       605
         2       606       606
         2       607       608
         2       608       608
         2       609       657
         2       610       610
         2       611       610
         2       612       659
         2       613       661
         2       614       661
         2       615       663
         2       616       616
         2       617       665
         2       618       570
         2       619       571
         2       620       572
         2       621       670
         2       622       670
         2       623       575
         2       624       576
         2       625       673
         2       626       675
         2       627       580
         2       628       580
         2       629       677
         2       630       630
         2       631       630
         2       632       586
         2       633       586
         2       634       635
         2       635       683
         2       636       589
         2       637       686
         2       638       639
         2       639       639
         2       640       689
         2       641       641
         2       642       642
         2       643       642
         2       644       597
         2       645       645
         2       646       646
         2       647       647
         2       648       648
         2       649       601
         2       650       649
         2       651       652
         2       652       653
         2       653       653
         2       654       654
         2       655       608
         2       656       608
         2       657       705
         2       658       610
         2       659       659
         2       660       659
         2       661       661
         2       662       663
         2       663       663
         2       664       616
         2       665       712
         2       666       667
         2       667       667
         2       668       668
         2       669       669
         2       670       670
         2       671       718
         2       672       673
         2       673       673
         2       674       675
         2       675       675
         2       676       627
         2       677       677
         2       678       677
         2       679       631
         2       680       632
         2       681       681
         2       682       683
         2       683       683
         2       684       636
         2       685       686
         2       686       733
         2       687       686
         2       688       689
         2       689       689
         2       690       641
         2       691       642
         2       692       642
         2       693       643
         2       694       645
         2       695       646
         2       696       647
         2       697       744
         2       698       649
         2       699       747
         2       700       701
         2       701       701
         2       702       702
         2       703       655
         2       704       705
         2       705       705
         2       706       754
         2       707       659
         2       708       661
         2       709       663
         2       710       663
         2       711       759
         2       712       712
         2       713       761
         2       714       763
         2       715       764
         2       716       669
         2       717       718
         2       718       718
         2       719       767
         2       720       673
         2       721       721
         2       722       675
         2       723       772
         2       724       678
         2       725       773
         2       726       726
         2       727       728
         2       728       681
         2       729       729
         2       730       731
         2       731       731
         2       732       731
         2       733       733
         2       734       781
         2       735       782
         2       736       690
         2       737       738
         2       738       738
         2       739       738
         2       740       787
         2       741       787
         2       742       743
         2       743       744
         2       744       744
         2       745       791
         2       746       747
         2       747       747
         2       748       749
         2       749       749
         2       750       750
         2       751       796
         2       752       753
         2       753       705
         2       754       754
         2       755       707
         2       756       756
         2       757       804
         2       758       758
         2       759       712
         2       760       761
         2       761       761
         2       762       763
         2       763       763
         2       764       763
         2       765       765
         2       766       766
         2       767       767
         2       768       767
         2       769       721
         2       770       770
         2       771       820
         2       772       772
         2       773       773
         2       774       726
         2       775       825
         2       776       826
         2       777       827
         2       778       731
         2       779       733
         2       780       781
         2       781       781
         2       782       782
         2       783       835
         2       784       836
         2       785       738
         2       786       787
         2       787       787
         2       788       840
         2       789       841
         2       790       790
         2       791       791
         2       792       747
         2       793       794
         2       794       794
         2       795       795
         2       796       795
         2       797       798
         2       798       851
         2       799       800
         2       800       754
         2       801       853
         2       802       756
         2       803       756
         2       804       804
         2       805       758
         2       806       759
         2       807       808
         2       808       761
         2       809       761
         2       810       811
         2       811       811
         2       812       765
         2       813       814
         2       814       766
         2       815       767
         2       816       816
         2       817       816
         2       818       770
         2       819       820
         2       820       820
         2       821       772
         2       822       773
         2       823       773
         2       824       825
         2       825       825
         2       826       826
         2       827       827
         2       828       778
         2       829       829
         2       830       831
         2       831       831
         2       832       781
         2       833       782
         2       834       833
         2       835       835
         2       836       835
         2       837       785
         2       838       787
         2       839       840
         2       840       789
         2       841       841
         2       842       891
         2       843       844
         2       844       844
         2       845       844
         2       846       846
         2       847       847
         2       848       847
         2       849       798
         2       850       851
         2       851       851
         2       852       853
         2       853       853
         2       854       900
         2       855       803
         2       856       804
         2       857       903
         2       858       859
         2       859       859
         2       860       859
         2       861       809
         2       862       908
         2       863       910
         2       864       813
         2       865       865
         2       866       816
         2       867       816
         2       868       817
         2       869       918
         2       870       919
         2       871       872
         2       872       921
         2       873       922
         2       874       923
         2       875       826
         2       876       925
         2       877       878
         2       878       878
         2       879       829
         2       880       831
         2       881       831
         2       882       833
         2       883       932
         2       884       934
         2       885       886
         2       886       935
         2       887       937
         2       888       938
         2       889       890
         2       890       891
         2       891       891
         2       892       844
         2       893       845
         2       894       894
         2       895       895
         2       896       896
         2       897       850
         2       898       948
         2       899       853
         2       900       950
         2       901       855
         2       902       953
         2       903       903
         2       904       903
         2       905       859
         2       906       859
         2       907       861
         2       908       909
         2       909       909
         2       910       909
         2       911       910
         2       912       913
         2       913       961
         2       914       915
         2       915       915
         2       916       917
         2       917       918
         2       918       919
         2       919       920
         2       920       920
         2       921       921
         2       922       922
         2       923       923
         2       924       969
         2       925       969
         2       926       927
         2       927       878
         2       928       973
         2       929       929
         2       930       976
         2       931       977
         2       932       932
         2       933       980
         2       934       934
         2       935       934
         2       936       936
         2       937       936
         2       938       938
         2       939       938
         2       940       890
         2       941       987
         2       942       989
         2       943       944
         2       944       944
         2       945       945
         2       946       896
         2       947       995
         2       948       997
         2       949       949
         2       950       950
         2       951       950
         2       952      1000
         2       953       953
         2       954       904
         2       955      1004
         2       956       907
         2       957       907
         2       958       909
         2       959       911
         2       960      1010
         2       961       961
         2       962       915
         2       963      1013
         2       964       918
         2       965      1016
         2       966       921
         2       967       922
         2       968      1019
         2       969       969
         2       970      1021
         2       971      1022
         2       972       972
         2       973       972
         2       974       929
         2       975       976
         2       976      1026
         2       977       978
         2       978      1028
         2       979       980
         2       980       980
         2       981       935
         2       982       936
         2       983       937
         2       984       937
         2       985       939
         2       986      1034
         2       987      1035
         2       988       989
         2       989       989
         2       990       991
         2       991       991
         2       992       992
         2       993       994
         2       994       995
         2       995       995
         2       996       997
         2       997       997
         2       998       997
         2       999      1046
         2      1000      1000
         2      1001      1048
         2      1002       953
         2      1003      1049
         2      1004      1004
         2      1005      1006
         2      1006      1006
         2      1007      1007
         2      1008      1054
         2      1009      1009
         2      1010      1009
         2      1011       961
         2      1012      1012
         2      1013      1059
         2      1014      1060
         2      1015      1016
         2      1016      1016
         2      1017      1017
         2      1018      1064
         2      1019      1019
         2      1020      1021
         2      1021      1021
         2      1022      1068
         2      1023       972
         2      1024      1070
         2      1025      1071
         2      1026      1026
         2      1027       978
         2      1028      1028
         2      1029       980
         2      1030      1076
         2      1031      1077
         2      1032       983
         2      1033      1033
         2      1034      1034
         2      1035      1035
         2      1036       989
         2      1037      1083
         2      1038      1038
         2      1039      1039
         2      1040      1041
         2      1041      1042
         2      1042       995
         2      1043      1089
         2      1044       998
         2      1045      1046
         2      1046      1091
         2      1047      1000
         2      1048      1048
         2      1049      1048
         2      1050      1095
         2      1051      1096
         2      1052      1098
         2      1053      1007
         2      1054      1054
         2      1055      1009
         2      1056      1056
         2      1057      1012
         2      1058      1059
         2      1059      1059
         2      1060      1060
         2      1061      1016
         2      1062      1017
         2      1063      1064
         2      1064      1064
         2      1065      1019
         2      1066      1067
         2      1067      1021
         2      1068      1116
         2      1069      1117
         2      1070      1119
         2      1071      1120
         2      1072      1026
         2      1073      1122
         2      1074      1028
         2      1075      1075
         2      1076      1075
         2      1077      1077
         2      1078      1032
         2      1079      1033
         2      1080      1034
         2      1081      1035
         2      1082      1036
         2      1083      1084
         2      1084      1084
         2      1085      1085
         2      1086      1137
         2      1087      1042
         2      1088      1089
         2      1089      1089
         2      1090      1140
         2      1091      1091
         2      1092      1142
         2      1093      1048
         2      1094      1049
         2      1095      1095
         2      1096      1096
         2      1097      1098
         2      1098      1099
         2      1099      1099
         2      1100      1099
         2      1101      1102
         2      1102      1151
         2      1103      1056
         2      1104      1154
         2      1105      1106
         2      1106      1059
         2      1107      1060
         2      1108      1108
         2      1109      1108
         2      1110      1063
         2      1111      1112
         2      1112      1112
         2      1113      1066
         2      1114      1115
         2      1115      1116
         2      1116      1117
         2      1117      1117
         2      1118      1119
         2      1119      1119
         2      1120      1119
         2      1121      1122
         2      1122      1169
         2      1123      1123
         2      1124      1075
         2      1125      1126
         2      1126      1077
         2      1127      1077
         2      1128      1174
         2      1129      1176
         2      1130      1178
         2      1131      1179
         2      1132      1181
         2      1133      1134
         2      1134      1134
         2      1135      1135
         2      1136      1135
         2      1137      1137
         2      1138      1185
         2      1139      1187
         2      1140      1141
         2      1141      1141
         2      1142      1091
         2      1143      1142
         2      1144      1093
         2      1145      1146
         2      1146      1095
         2      1147      1194
         2      1148      1098
         2      1149      1099
         2      1150      1198
         2      1151      1151
         2      1152      1199
         2      1153      1153
         2      1154      1201
         2      1155      1156
         2      1156      1156
         2      1157      1156
         2      1158      1159
         2      1159      1108
         2      1160      1207
         2      1161      1209
         2      1162      1112
         2      1163      1211
         2      1164      1164
         2      1165      1116
         2      1166      1166
         2      1167      1119
         2      1168      1168
         2      1169      1169
         2      1170      1123
         2      1171      1220
         2      1172      1172
         2      1173      1126
         2      1174      1174
         2      1175      1176
         2      1176      1176
         2      1177      1178
         2      1178      1178
         2      1179      1178
         2      1180      1181
         2      1181      1181
         2      1182      1182
         2      1183      1183
         2      1184      1231
         2      1185      1232
         2      1186      1187
         2      1187      1187
         2      1188      1140
         2      1189      1141
         2      1190      1143
         2      1191      1144
         2      1192      1239
         2      1193      1194
         2      1194      1194
         2      1195      1243
         2      1196      1196
         2      1197      1245
         2      1198      1198
         2      1199      1247
         2      1200      1201
         2      1201      1201
         2      1202      1250
         2      1203      1157
         2      1204      1204
         2      1205      1206
         2      1206      1206
         2      1207      1208
         2      1208      1208
         2      1209      1210
         2      1210      1210
         2      1211      1258
         2      1212      1258
         2      1213      1260
         2      1214      1214
         2      1215      1216
         2      1216      1263
         2      1217      1168
         2      1218      1169
         2      1219      1267
         2      1220      1220
         2      1221      1269
         2      1222      1174
         2      1223      1174
         2      1224      1224
         2      1225      1225
         2      1226      1178
         2      1227      1275
         2      1228      1181
         2      1229      1229
         2      1230      1230
         2      1231      1231
         2      1232      1232
         2      1233      1234
         2      1234      1187
         2      1235      1283
         2      1236      1236
         2      1237      1286
         2      1238      1239
         2      1239      1239
         2      1240      1239
         2      1241      1194
         2      1242      1242
         2      1243      1242
         2      1244      1244
         2      1245      1245
         2      1246      1198
         2      1247      1247
         2      1248      1296
         2      1249      1250
         2      1250      1299
         2      1251      1299
         2      1252      1253
         2      1253      1206
         2      1254      1206
         2      1255      1208
         2      1256      1255
         2      1257      1210
         2      1258      1258
         2      1259      1306
         2      1260      1307
         2      1261      1214
         2      1262      1263
         2      1263      1263
         2      1264      1265
         2      1265      1265
         2      1266      1312
         2      1267      1267
         2      1268      1269
         2      1269      1269
         2      1270      1271
         2      1271      1271
         2      1272      1224
         2      1273      1225
         2      1274      1274
         2      1275      1275
         2      1276      1323
         2      1277      1277
         2      1278      1278
         2      1279      1326
         2      1280      1232
         2      1281      1234
         2      1282      1283
         2      1283      1283
         2      1284      1283
         2      1285      1286
         2      1286      1286
         2      1287      1333
         2      1288      1239
         2      1289      1241
         2      1290      1291
         2      1291      1337
         2      1292      1293
         2      1293      1245
         2      1294      1247
         2      1295      1296
         2      1296      1296
         2      1297      1298
         2      1298      1250
         2      1299      1299
         2      1300      1345
         2      1301      1253
         2      1302      1254
         2      1303      1348
         2      1304      1304
         2      1305      1258
         2      1306      1306
         2      1307      1306
         2      1308      1353
         2      1309      1263
         2      1310      1263
         2      1311      1358
         2      1312      1312
         2      1313      1314
         2      1314      1315
         2      1315      1315
         2      1316      1362
         2      1317      1271
         2      1318      1365
         2      1319      1366
         2      1320      1274
         2      1321      1275
         2      1322      1322
         2      1323      1322
         2      1324      1324
         2      1325      1325
         2      1326      1326
         2      1327      1326
         2      1328      1375
         2      1329      1376
         2      1330      1283
         2      1331      1379
         2      1332      1286
         2      1333      1333
         2      1334      1382
         2      1335      1383
         2      1336      1337
         2      1337      1337
         2      1338      1337
         2      1339      1293
         2      1340      1388
         2      1341      1389
         2      1342      1390
         2      1343      1392
         2      1344      1345
         2      1345      1345
         2      1346      1396
         2      1347      1396
         2      1348      1348
         2      1349      1304
         2      1350      1351
         2      1351      1306
         2      1352      1307
         2      1353      1353
         2      1354      1355
         2      1355      1356
         2      1356      1356
         2      1357      1358
         2      1358      1358
         2      1359      1407
         2      1360      1315
         2      1361      1411
         2      1362      1411
         2      1363      1412
         2      1364      1364
         2      1365      1366
         2      1366      1366
         2      1367      1416
         2      1368      1417
         2      1369      1322
         2      1370      1371
         2      1371      1371
         2      1372      1372
         2      1373      1326
         2      1374      1326
         2      1375      1375
         2      1376      1425
         2      1377      1376
         2      1378      1379
         2      1379      1428
         2      1380      1429
         2      1381      1382
         2      1382      1333
         2      1383      1383
         2      1384      1384
         2      1385      1337
         2      1386      1387
         2      1387      1387
         2      1388      1437
         2      1389      1389
         2      1390      1389
         2      1391      1390
         2      1392      1392
         2      1393      1392
         2      1394      1345
         2      1395      1396
         2      1396      1396
         2      1397      1398
         2      1398      1348
         2      1399      1399
         2      1400      1401
         2      1401      1351
         2      1402      1450
         2      1403      1353
         2      1404      1453
         2      1405      1356
         2      1406      1406
         2      1407      1358
         2      1408      1409
         2      1409      1409
         2      1410      1411
         2      1411      1411
         2      1412      1411
         2      1413      1461
         2      1414      1366
         2      1415      1416
         2      1416      1416
         2      1417      1416
         2      1418      1466
         2      1419      1420
         2      1420      1420
         2      1421      1421
         2      1422      1423
         2      1423      1423
         2      1424      1375
         2      1425      1425
         2      1426      1425
         2      1427      1428
         2      1428      1474
         2      1429      1475
         2      1430      1381
         2      1431      1383
         2      1432      1433
         2      1433      1384
         2      1434      1433
         2      1435      1435
         2      1436      1483
         2      1437      1484
         2      1438      1389
         2      1439      1391
         2      1440      1488
         2      1441      1442
         2      1442      1442
         2      1443      1442
         2      1444      1445
         2      1445      1445
         2      1446      1494
         2      1447      1399
         2      1448      1401
         2      1449      1401
         2      1450      1451
         2      1451      1499
         2      1452      1453
         2      1453      1453
         2      1454      1405
         2      1455      1406
         2      1456      1407
         2      1457      1408
         2      1458      1409
         2      1459      1411
         2      1460      1460
         2      1461      1461
         2      1462      1414
         2      1463      1415
         2      1464      1416
         2      1465      1513
         2      1466      1466
         2      1467      1467
         2      1468      1468
         2      1469      1468
         2      1470      1423
         2      1471      1471
         2      1472      1425
         2      1473      1473
         2      1474      1474
         2      1475      1475
         2      1476      1475
         2      1477      1525
         2      1478      1432
         2      1479      1480
         2      1480      1480
         2      1481      1529
         2      1482      1483
         2      1483      1484
         2      1484      1484
         2      1485      1486
         2      1486      1532
         2      1487      1488
         2      1488      1488
         2      1489      1536
         2      1490      1491
         2      1491      1491
         2      1492      1491
         2      1493      1539
         2      1494      1494
         2      1495      1541
         2      1496      1497
         2      1497      1449
         2      1498      1451
         2      1499      1499
         2      1500      1453
         2      1501      1548
         2      1502      1503
         2      1503      1503
         2      1504      1503
         2      1505      1506
         2      1506      1506
         2      1507      1507
         2      1508      1460
         2      1509      1461
         2      1510      1510
         2      1511      1558
         2      1512      1513
         2      1513      1513
         2      1514      1466
         2      1515      1515
         2      1516      1516
         2      1517      1518
         2      1518      1518
         2      1519      1471
         2      1520      1568
         2      1521      1473
         2      1522      1522
         2      1523      1475
         2      1524      1475
         2      1525      1524
         2      1526      1478
         2      1527      1575
         2      1528      1480
         2      1529      1529
         2      1530      1530
         2      1531      1579
         2      1532      1532
         2      1533      1534
         2      1534      1488
         2      1535      1536
         2      1536      1536
         2      1537      1585
         2      1538      1492
         2      1539      1539
         2      1540      1589
         2      1541      1541
         2      1542      1590
         2      1543      1544
         2      1544      1544
         2      1545      1594
         2      1546      1594
         2      1547      1596
         2      1548      1549
         2      1549      1503
         2      1550      1503
         2      1551      1550
         2      1552      1506
         2      1553      1507
         2      1554      1555
         2      1555      1602
         2      1556      1556
         2      1557      1558
         2      1558      1558
         2      1559      1512
         2      1560      1560
         2      1561      1562
         2      1562      1562
         2      1563      1563
         2      1564      1565
         2      1565      1518
         2      1566      1613
         2      1567      1614
         2      1568      1567
         2      1569      1522
         2      1570      1570
         2      1571      1618
         2      1572      1525
         2      1573      1574
         2      1574      1574
         2      1575      1575
         2      1576      1576
         2      1577      1529
         2      1578      1579
         2      1579      1579
         2      1580      1532
         2      1581      1628
         2      1582      1535
         2      1583      1536
         2      1584      1631
         2      1585      1585
         2      1586      1633
         2      1587      1634
         2      1588      1589
         2      1589      1589
         2      1590      1637
         2      1591      1591
         2      1592      1544
         2      1593      1594
         2      1594      1594
         2      1595      1594
         2      1596      1643
         2      1597      1597
         2      1598      1550
         2      1599      1646
         2      1600      1600
         2      1601      1648
         2      1602      1650
         2      1603      1556
         2      1604      1605
         2      1605      1558
         2      1606      1606
         2      1607      1560
         2      1608      1560
         2      1609      1609
         2      1610      1610
         2      1611      1612
         2      1612      1659
         2      1613      1614
         2      1614      1614
         2      1615      1661
         2      1616      1662
         2      1617      1571
         2      1618      1618
         2      1619      1619
         2      1620      1574
         2      1621      1575
         2      1622      1668
         2      1623      1576
         2      1624      1625
         2      1625      1625
         2      1626      1626
         2      1627      1674
         2      1628      1628
         2      1629      1630
         2      1630      1676
         2      1631      1630
         2      1632      1633
         2      1633      1634
         2      1634      1634
         2      1635      1636
         2      1636      1589
         2      1637      1682
         2      1638      1638
         2      1639      1684
         2      1640      1685
         2      1641      1641
         2      1642      1595
         2      1643      1643
         2      1644      1689
         2      1645      1690
         2      1646      1646
         2      1647      1600
         2      1648      1693
         2      1649      1650
         2      1650      1650
         2      1651      1697
         2      1652      1697
         2      1653      1699
         2      1654      1701
         2      1655      1608
         2      1656      1656
         2      1657      1657
         2      1658      1612
         2      1659      1707
         2      1660      1614
         2      1661      1661
         2      1662      1662
         2      1663      1664
         2      1664      1712
         2      1665      1618
         2      1666      1666
         2      1667      1715
         2      1668      1668
         2      1669      1668
         2      1670      1670
         2      1671      1625
         2      1672      1626
         2      1673      1674
         2      1674      1628
         2      1675      1723
         2      1676      1676
         2      1677      1676
         2      1678      1726
         2      1679      1634
         2      1680      1729
         2      1681      1636
         2      1682      1682
         2      1683      1684
         2      1684      1732
         2      1685      1685
         2      1686      1641
         2      1687      1736
         2      1688      1643
         2      1689      1690
         2      1690      1690
         2      1691      1741
         2      1692      1693
         2      1693      1693
         2      1694      1693
         2      1695      1650
         2      1696      1746
         2      1697      1697
         2      1698      1699
         2      1699      1699
         2      1700      1750
         2      1701      1750
         2      1702      1703
         2      1703      1703
         2      1704      1704
         2      1705      1658
         2      1706      1707
         2      1707      1707
         2      1708      1707
         2      1709      1708
         2      1710      1759
         2      1711      1662
         2      1712      1712
         2      1713      1665
         2      1714      1666
         2      1715      1715
         2      1716      1765
         2      1717      1767
         2      1718      1719
         2      1719      1769
         2      1720      1771
         2      1721      1722
         2      1722      1674
         2      1723      1722
         2      1724      1675
         2      1725      1677
         2      1726      1726
         2      1727      1726
         2      1728      1679
         2      1729      1729
         2      1730      1681
         2      1731      1731
         2      1732      1732
         2      1733      1732
         2      1734      1685
         2      1735      1736
         2      1736      1737
         2      1737      1737
         2      1738      1737
         2      1739      1690
         2      1740      1741
         2      1741      1741
         2      1742      1693
         2      1743      1694
         2      1744      1745
         2      1745      1746
         2      1746      1793
         2      1747      1697
         2      1748      1699
         2      1749      1749
         2      1750      1750
         2      1751      1702
         2      1752      1752
         2      1753      1753
         2      1754      1705
         2      1755      1802
         2      1756      1707
         2      1757      1758
         2      1758      1758
         2      1759      1758
         2      1760      1805
         2      1761      1712
         2      1762      1713
         2      1763      1714
         2      1764      1715
         2      1765      1766
         2      1766      1766
         2      1767      1767
         2      1768      1719
         2      1769      1769
         2      1770      1771
         2      1771      1771
         2      1772      1722
         2      1773      1817
         2      1774      1818
         2      1775      1726
         2      1776      1821
         2      1777      1729
         2      1778      1729
         2      1779      1825
         2      1780      1826
         2      1781      1733
         2      1782      1829
         2      1783      1829
         2      1784      1736
         2      1785      1738
         2      1786      1833
         2      1787      1833
         2      1788      1741
         2      1789      1790
         2      1790      1790
         2      1791      1743
         2      1792      1793
         2      1793      1793
         2      1794      1840
         2      1795      1842
         2      1796      1749
         2      1797      1750
         2      1798      1799
         2      1799      1799
         2      1800      1800
         2      1801      1848
         2      1802      1850
         2      1803      1756
         2      1804      1758
         2      1805      1805
         2      1806      1760
         2      1807      1855
         2      1808      1808
         2      1809      1857
         2      1810      1811
         2      1811      1766
         2      1812      1766
         2      1813      1861
         2      1814      1769
         2      1815      1771
         2      1816      1816
         2      1817      1818
         2      1818      1818
         2      1819      1868
         2      1820      1821
         2      1821      1821
         2      1822      1777
         2      1823      1872
         2      1824      1825
         2      1825      1874
         2      1826      1874
         2      1827      1781
         2      1828      1829
         2      1829      1829
         2      1830      1879
         2      1831      1832
         2      1832      1833
         2      1833      1833
         2      1834      1835
         2      1835      1835
         2      1836      1790
         2      1837      1790
         2      1838      1886
         2      1839      1793
         2      1840      1840
         2      1841      1840
         2      1842      1843
         2      1843      1891
         2      1844      1843
         2      1845      1845
         2      1846      1846
         2      1847      1847
         2      1848      1847
         2      1849      1850
         2      1850      1850
         2      1851      1899
         2      1852      1900
         2      1853      1901
         2      1854      1806
         2      1855      1904
         2      1856      1808
         2      1857      1858
         2      1858      1858
         2      1859      1811
         2      1860      1861
         2      1861      1911
         2      1862      1863
         2      1863      1914
         2      1864      1864
         2      1865      1816
         2      1866      1818
         2      1867      1818
         2      1868      1868
         2      1869      1821
         2      1870      1869
         2      1871      1922
         2      1872      1922
         2      1873      1825
         2      1874      1874
         2      1875      1874
         2      1876      1926
         2      1877      1829
         2      1878      1928
         2      1879      1879
         2      1880      1833
         2      1881      1882
         2      1882      1835
         2      1883      1933
         2      1884      1837
         2      1885      1886
         2      1886      1886
         2      1887      1886
         2      1888      1887
         2      1889      1938
         2      1890      1891
         2      1891      1939
         2      1892      1844
         2      1893      1894
         2      1894      1894
         2      1895      1895
         2      1896      1895
         2      1897      1945
         2      1898      1850
         2      1899      1899
         2      1900      1901
         2      1901      1901
         2      1902      1949
         2      1903      1904
         2      1904      1904
         2      1905      1904
         2      1906      1953
         2      1907      1908
         2      1908      1908
         2      1909      1910
         2      1910      1910
         2      1911      1910
         2      1912      1911
         2      1913      1914
         2      1914      1914
         2      1915      1864
         2      1916      1961
         2      1917      1918
         2      1918      1867
         2      1919      1918
         2      1920      1965
         2      1921      1870
         2      1922      1967
         2      1923      1872
         2      1924      1970
         2      1925      1874
         2      1926      1973
         2      1927      1878
         2      1928      1879
         2      1929      1879
         2      1930      1929
         2      1931      1978
         2      1932      1979
         2      1933      1979
         2      1934      1981
         2      1935      1885
         2      1936      1936
         2      1937      1985
         2      1938      1938
         2      1939      1939
         2      1940      1988
         2      1941      1990
         2      1942      1942
         2      1943      1943
         2      1944      1993
         2      1945      1994
         2      1946      1899
         2      1947      1899
         2      1948      1901
         2      1949      1998
         2      1950      1949
         2      1951      1904
         2      1952      2001
         2      1953      1953
         2      1954      1907
         2      1955      2004
         2      1956      1957
         2      1957      2006
         2      1958      2006
         2      1959      2008
         2      1960      2009
         2      1961      1961
         2      1962      1961
         2      1963      1963
         2      1964      2012
         2      1965      1965
         2      1966      2014
         2      1967      1967
         2      1968      2017
         2      1969      2017
         2      1970      2018
         2      1971      1971
         2      1972      1973
         2      1973      1973
         2      1974      2022
         2      1975      1976
         2      1976      1929
         2      1977      2025
         2      1978      2026
         2      1979      1979
         2      1980      1981
         2      1981      1981
         2      1982      2029
         2      1983      1936
         2      1984      1936
         2      1985      1984
         2      1986      1939
         2      1987      2034
         2      1988      2035
         2      1989      1990
         2      1990      1990
         2      1991      1991
         2      1992      1992
         2      1993      1993
         2      1994      2040
         2      1995      1995
         2      1996      1995
         2      1997      2043
         2      1998      1998
         2      1999      1999
         2      2000      1999
         2      2001      2001
         2      2002      2002
         2      2003      2004
         2      2004      2004
         2      2005      2050
         2      2006      2052
         2      2007      2008
         2      2008      2054
         2      2009      2009
         2      2010      1961
         2      2011      1963
         2      2012      2012
         2      2013      1965
         2      2014      2014
         2      2015      2014
         2      2016      2017
         2      2017      2066
         2      2018      2066
         2      2019      2067
         2      2020      2068
         2      2021      1973
         2      2022      2022
         2      2023      2072
         2      2024      2025
         2      2025      2025
         2      2026      2026
         2      2027      2077
         2      2028      1981
         2      2029      2029
         2      2030      1983
         2      2031      2032
         2      2032      2081
         2      2033      2034
         2      2034      2035
         2      2035      2035
         2      2036      1990
         2      2037      2037
         2      2038      2038
         2      2039      2088
         2      2040      2040
         2      2041      1995
         2      2042      2043
         2      2043      2043
         2      2044      2092
         2      2045      2094
         2      2046      1999
         2      2047      2096
         2      2048      2002
         2      2049      2049
         2      2050      2050
         2      2051      2052
         2      2052      2052
         2      2053      2054
         2      2054      2054
         2      2055      2054
         2      2056      2057
         2      2057      2057
         2      2058      2057
         2      2059      2106
         2      2060      2012
         2      2061      2062
         2      2062      2063
         2      2063      2014
         2      2064      2015
         2      2065      2066
         2      2066      2066
         2      2067      2067
         2      2068      2068
         2      2069      2068
         2      2070      2071
         2      2071      2022
         2      2072      2073
         2      2073      2073
         2      2074      2025
         2      2075      2026
         2      2076      2077
         2      2077      2077
         2      2078      2124
         2      2079      2126
         2      2080      2081
         2      2081      2081
         2      2082      2082
         2      2083      2034
         2      2084      2036
         2      2085      2086
         2      2086      2086
         2      2087      2087
         2      2088      2040
         2      2089      2040
         2      2090      2041
         2      2091      2043
         2      2092      2043
         2      2093      2141
         2      2094      2142
         2      2095      2143
         2      2096      2096
         2      2097      2145
         2      2098      2049
         2      2099      2050
         2      2100      2150
         2      2101      2151
         2      2102      2054
         2      2103      2154
         2      2104      2155
         2      2105      2106
         2      2106      2157
         2      2107      2106
         2      2108      2159
         2      2109      2063
         2      2110      2162
         2      2111      2066
         2      2112      2066
         2      2113      2067
         2      2114      2166
         2      2115      2068
         2      2116      2117
         2      2117      2071
         2      2118      2072
         2      2119      2073
         2      2120      2172
         2      2121      2173
         2      2122      2121
         2      2123      2175
         2      2124      2177
         2      2125      2126
         2      2126      2126
         2      2127      2180
         2      2128      2082
         2      2129      2183
         2      2130      2183
         2      2131      2084
         2      2132      2133
         2      2133      2133
         2      2134      2134
         2      2135      2134
         2      2136      2137
         2      2137      2137
         2      2138      2191
         2      2139      2139
         2      2140      2193
         2      2141      2193
         2      2142      2142
         2      2143      2143
         2      2144      2096
         2      2145      2096
         2      2146      2145
         2      2147      2147
         2      2148      2148
         2      2149      2099
         2      2150      2150
         2      2151      2152
         2      2152      2152
         2      2153      2154
         2      2154      2154
         2      2155      2154
         2      2156      2156
         2      2157      2157
         2      2158      2159
         2      2159      2159
         2      2160      2161
         2      2161      2162
         2      2162      2162
         2      2163      2162
         2      2164      2112
         2      2165      2214
         2      2166      2215
         2      2167      2217
         2      2168      2218
         2      2169      2169
         2      2170      2171
         2      2171      2171
         2      2172      2173
         2      2173      2173
         2      2174      2173
         2      2175      2176
         2      2176      2177
         2      2177      2177
         2      2178      2177
         2      2179      2178
         2      2180      2226
         2      2181      2227
         2      2182      2228
         2      2183      2183
         2      2184      2230
         2      2185      2186
         2      2186      2186
         2      2187      2187
         2      2188      2188
         2      2189      2137
         2      2190      2191
         2      2191      2191
         2      2192      2239
         2      2193      2193
         2      2194      2241
         2      2195      2241
         2      2196      2145
         2      2197      2146
         2      2198      2245
         2      2199      2148
         2      2200      2201
         2      2201      2248
         2      2202      2152
         2      2203      2251
         2      2204      2205
         2      2205      2155
         2      2206      2207
         2      2207      2157
         2      2208      2159
         2      2209      2257
         2      2210      2211
         2      2211      2162
         2      2212      2163
         2      2213      2261
         2      2214      2215
         2      2215      2215
         2      2216      2217
         2      2217      2217
         2      2218      2264
         2      2219      2169
         2      2220      2171
         2      2221      2172
         2      2222      2269
         2      2223      2176
         2      2224      2177
         2      2225      2273
         2      2226      2226
         2      2227      2228
         2      2228      2228
         2      2229      2230
         2      2230      2278
         2      2231      2230
         2      2232      2233
         2      2233      2233
         2      2234      2234
         2      2235      2234
         2      2236      2188
         2      2237      2284
         2      2238      2191
         2      2239      2286
         2      2240      2287
         2      2241      2241
         2      2242      2289
         2      2243      2290
         2      2244      2244
         2      2245      2245
         2      2246      2293
         2      2247      2199
         2      2248      2248
         2      2249      2248
         2      2250      2250
         2      2251      2252
         2      2252      2253
         2      2253      2253
         2      2254      2254
         2      2255      2207
         2      2256      2302
         2      2257      2304
         2      2258      2304
         2      2259      2260
         2      2260      2306
         2      2261      2307
         2      2262      2215
         2      2263      2263
         2      2264      2311
         2      2265      2264
         2      2266      2266
         2      2267      2268
         2      2268      2268
         2      2269      2315
         2      2270      2270
         2      2271      2318
         2      2272      2319
         2      2273      2273
         2      2274      2226
         2      2275      2275
         2      2276      2228
         2      2277      2278
         2      2278      2278
         2      2279      2326
         2      2280      2280
         2      2281      2281
         2      2282      2235
         2      2283      2330
         2      2284      2331
         2      2285      2331
         2      2286      2332
         2      2287      2287
         2      2288      2335
         2      2289      2289
         2      2290      2290
         2      2291      2338
         2      2292      2245
         2      2293      2341
         2      2294      2248
         2      2295      2249
         2      2296      2297
         2      2297      2252
         2      2298      2253
         2      2299      2253
         2      2300      2347
         2      2301      2302
         2      2302      2302
         2      2303      2304
         2      2304      2351
         2      2305      2352
         2      2306      2306
         2      2307      2307
         2      2308      2262
         2      2309      2263
         2      2310      2311
         2      2311      2311
         2      2312      2311
         2      2313      2267
         2      2314      2268
         2      2315      2315
         2      2316      2317
         2      2317      2317
         2      2318      2317
         2      2319      2319
         2      2320      2321
         2      2321      2366
         2      2322      2323
         2      2323      2276
         2      2324      2325
         2      2325      2369
         2      2326      2370
         2      2327      2327
         2      2328      2328
         2      2329      2374
         2      2330      2376
         2      2331      2378
         2      2332      2380
         2      2333      2382
         2      2334      2384
         2      2335      2385
         2      2336      2387
         2      2337      2389
         2      2338      2390
         2      2339      2391
         2      2340      2393
         2      2341      2394
         2      2342      2396
         2      2343      2398
         2      2344      2400
         2      2345      2402
         2      2346      2404
         2      2347      2406
         2      2348      2407
         2      2349      2409
         2      2350      2411
         2      2351      2413
         2      2352      2414
         2      2353      2416
         2      2354      2418
         2      2355      2420
         2      2356      2422
         2      2357      2424
         2      2358      2426
         2      2359      2428
         2      2360      2430
         2      2361      2432
         2      2362      2434
         2      2363      2436
         2      2364      2438
         2      2365      2366
         2      2366      2441
         2      2367      2443
         2      2368      2445
         2      2369      2447
         2      2370      2449
         2      2371      2371
         2      2372      2372
         2      2373      2373
         2      2374      2374
         2      2375      2375
         2      2376      2376
         2      2377      2377
         2      2378      2378
         2      2379      2379
         2      2380      2380
         2      2381      2381
         2      2382      2382
         2      2383      2383
         2      2384      2384
         2      2385      2385
         2      2386      2386
         2      2387      2387
         2      2388      2388
         2      2389      2389
         2      2390      2390
         2      2391      2391
         2      2392      2392
         2      2393      2393
         2      2394      2394
         2      2395      2395
         2      2396      2396
         2      2397      2397
         2      2398      2398
         2      2399      2399
         2      2400      2400
         2      2401      2401
         2      2402      2402
         2      2403      2403
         2      2404      2404
         2      2405      2405
         2      2406      2406
         2      2407      2407
         2      2408      2408
         2      2409      2409
         2      2410      2410
         2      2411      2411
         2      2412      2412
         2      2413      2413
         2      2414      2414
         2      2415      2415
         2      2416      2416
         2      2417      2417
         2      2418      2418
         2      2419      2419
         2      2420      2420
         2      2421      2421
         2      2422      2422
         2      2423      2423
         2      2424      2424
         2      2425      2425
         2      2426      2426
         2      2427      2427
         2      2428      2428
         2      2429      2429
         2      2430      2430
         2      2431      2431
         2      2432      2432
         2      2433      2433
         2      2434      2434
         2      2435      2435
         2      2436      2436
         2      2437      2437
         2      2438      2438
         2      2439      2439
         2      2440      2440
         2      2441      2441
         2      2442      2442
         2      2443      2443
         2      2444      2444
         2      2445      2445
         2      2446      2446
         2      2447      2447
         2      2448      2448
         2      2449      2449
         2      2450      2450
         2      2451      2451
CELL_TYPES       2452
 3
 3
 3
 3
 3
 3
 3
 3
 3
 3
 3
 3
 3
 3
 3
 3
 3
 3
 3
 3
 3
 3
 3
 3
 3
 3
 3
 3
 3
 3
 3
 3
 3
 3
 3
 3
 3
 3
 3
 3
 3
 3
 3
 3
 3
 3
 3
 3
 3
 3
 3
 3
 3
 3
 3
 3
 3
 3
 3
 3
 3
 3
 3
 3
 3
 3
 3
 3
 3
 3
 3
 3
 3
 3
 3
 3
 3
 3
 3
 3
 3
 3
 3
 3
 3
 3
 3
 3
 3
 3
 3
 3
 3
 3
 3
 3
 3
 3
 3
 3
 3
 3
 3
 3
 3
 3
 3
 3
 3
 3
 3
 3
 3
 3
 3
 3
 3
 3
 3
 3
 3
 3
 3
 3
 3
 3
 3
 3
 3
 3
 3
 3
 3
 3
 3
 3
 3
 3
 3
 3
 3
 3
 3
 3
 3
 3
 3
 3
 3
 3
 3
 3
 3
 3
 3
 3
 3
 3
 3
 3
 3
 3
 3
 3
 3
 3
 3
 3
 3
 3
 3
 3
 3
 3
 3
 3
 3
 3
 3
 3
 3
 3
 3
 3
 3
 3
 3
 3
 3
 3
 3
 3
 3
 3
 3
 3
 3
 3
 3
 3
 3
 3
 3
 3
 3
 3
 3
 3
 3
 3
 3
 3
 3
 3
 3
 3
 3
 3
 3
 3
 3
 3
 3
 3
 3
 3
 3
 3
 3
 3
 3
 3
 3
 3
 3
 3
 3
 3
 3
 3
 3
 3
 3
 3
 3
 3
 3
 3
 3
 3
 3
 3
 3
 3
 3
 3
 3
 3
 3
 3
 3
 3
 3
 3
 3
 3
 3
 3
 3
 3
 3
 3
 3
 3
 3
 3
 3
 3
 3
 3
 3
 3
 3
 3
 3
 3
 3
 3
 3
 3
 3
 3
 3
 3
 3
 3
 3
 3
 3
 3
 3
 3
 3
 3
 3
 3
 3
 3
 3
 3
 3
 3
 3
 3
 3
 3
 3
 3
 3
 3
 3
 3
 3
 3
 3
 3
 3
 3
 3
 3
 3
 3
 3
 3
 3
 3
 3
 3
 3
 3
 3
 3
 3
 3
 3
 3
 3
 3
 3
 3
 3
 3
 3
 3
 3
 3
 3
 3
 3
 3
 3
 3
 3
 3
 3
 3
 3
 3
 3
 3
 3
 3
 3
 3
 3
 3
 3
 3
 3
 3
 3
 3
 3
 3
 3
 3
 3
 3
 3
 3
 3
 3
 3
 3
 3
 3
 3
 3
 3
 3
 3
 3
 3
 3
 3
 3
 3
 3
 3
 3
 3
 3
 3
 3
 3
 3
 3
 3
 3
 3
 3
 3
 3
 3
 3
 3
 3
 3
 3
 3
 3
 3
 3
 3
 3
 3
 3
 3
 3
 3
 3
 3
 3
 3
 3
 3
 3
 3
 3
 3
 3
 3
 3
 3
 3
 3
 3
 3
 3
 3
 3
 3
 3
 3
 3
 3
 3
 3
 3
 3
 3
 3
 3
 3
 3
 3
 3
 3
 3
 3
 3
 3
 3
 3
 3
 3
 3
 3
 3
 3
 3
 3
 3
 3
 3
 3
 3
 3
 3
 3
 3
 3
 3
 3
 3
 3
 3
 3
 3
 3
 3
 3
 3
 3
 3
 3
 3
 3
 3
 3
 3
 3
 3
 3
 3
 3
 3
 3
 3
 3
 3
 3
 3
 3
 3
 3
 3
 3
 3
 3
 3
 3
 3
 3
 3
 3
 3
 3
 3
 3
 3
 3
 3
 3
 3
 3
 3
 3
 3
 3
 3
 3
 3
 3
 3
 3
 3
 3
 3
 3
 3
 3
 3
 3
 3
 3
 3
 3
 3
 3
 3
 3
 3
 3
 3
 3
 3
 3
 3
 3
 3
 3
 3
 3
 3
 3
 3
 3
 3
 3
 3
 3
 3
 3
 3
 3
 3
 3
 3
 3
 3
 3
 3
 3
 3
 3
 3
 3
 3
 3
 3
 3
 3
 3
 3
 3
 3
 3
 3
 3
 3
 3
 3
 3
 3
 3
 3
 3
 3
 3
 3
 3
 3
 3
 3
 3
 3
 3
 3
 3
 3
 3
 3
 3
 3
 3
 3
 3
 3
 3
 3
 3
 3
 3
 3
 3
 3
 3
 3
 3
 3
 3
 3
 3
 3
 3
 3
 3
 3
 3
 3
 3
 3
 3
 3
 3
 3
 3
 3
 3
 3
 3
 3
 3
 3
 3
 3
 3
 3
 3
 3
 3
 3
 3
 3
 3
 3
 3
 3
 3
 3
 3
 3
 3
 3
 3
 3
 3
 3
 3
 3
 3
 3
 3
 3
 3
 3
 3
 3
 3
 3
 3
 3
 3
 3
 3
 3
 3
 3
 3
 3
 3
 3
 3
 3
 3
 3
 3
 3
 3
 3
 3
 3
 3
 3
 3
 3
 3
 3
 3
 3
 3
 3
 3
 3
 3
 3
 3
 3
 3
 3
 3
 3
 3
 3
 3
 3
 3
 3
 3
 3
 3
 3
 3
 3
 3
 3
 3
 3
 3
 3
 3
 3
 3
 3
 3
 3
 3
 3
 3
 3
 3
 3
 3
 3
 3
 3
 3
 3
 3
 3
 3
 3
 3
 3
 3
 3
 3
 3
 3
 3
 3
 3
 3
 3
 3
 3
 3
 3
 3
 3
 3
 3
 3
 3
 3
 3
 3
 3
 3
 3
 3
 3
 3
 3
 3
 3
 3
 3
 3
 3
 3
 3
 3
 3
 3
 3
 3
 3
 3
 3
 3
 3
 3
 3
 3
 3
 3
 3
 3
 3
 3
 3
 3
 3
 3
 3
 3
 3
 3
 3
 3
 3
 3
 3
 3
 3
 3
 3
 3
 3
 3
 3
 3
 3
 3
 3
 3
 3
 3
 3
 3
 3
 3
 3
 3
 3
 3
 3
 3
 3
 3
 3
 3
 3
 3
 3
 3
 3
 3
 3
 3
 3
 3
 3
 3
 3
 3
 3
 3
 3
 3
 3
 3
 3
 3
 3
 3
 3
 3
 3
 3
 3
 3
 3
 3
 3
 3
 3
 3
 3
 3
 3
 3
 3
 3
 3
 3
 3
 3
 3
 3
 3
 3
 3
 3
 3
 3
 3
 3
 3
 3
 3
 3
 3
 3
 3
 3
 3
 3
 3
 3
 3
 3
 3
 3
 3
 3
 3
 3
 3
 3
 3
 3
 3
 3
 3
 3
 3
 3
 3
 3
 3
 3
 3
 3
 3
 3
 3
 3
 3
 3
 3
 3
 3
 3
 3
 3
 3
 3
 3
 3
 3
 3
 3
 3
 3
 3
 3
 3
 3
 3
 3
 3
 3
 3
 3
 3
 3
 3
 3
 3
 3
 3
 3
 3
 3
 3
 3
 3
 3
 3
 3
 3
 3
 3
 3
 3
 3
 3
 3
 3
 3
 3
 3
 3
 3
 3
 3
 3
 3
 3
 3
 3
 3
 3
 3
 3
 3
 3
 3
 3
 3
 3
 3
 3
 3
 3
 3
 3
 3
 3
 3
 3
 3
 3
 3
 3
 3
 3
 3
 3
 3
 3
 3
 3
 3
 3
 3
 3
 3
 3
 3
 3
 3
 3
 3
 3
 3
 3
 3
 3
 3
 3
 3
 3
 3
 3
 3
 3
 3
 3
 3
 3
 3
 3
 3
 3
 3
 3
 3
 3
 3
 3
 3
 3
 3
 3
 3
 3
 3
 3
 3
 3
 3
 3
 3
 3
 3
 3
 3
 3
 3
 3
 3
 3
 3
 3
 3
 3
 3
 3
 3
 3
 3
 3
 3
 3
 3
 3
 3
 3
 3
 3
 3
 3
 3
 3
 3
 3
 3
 3
 3
 3
 3
 3
 3
 3
 3
 3
 3
 3
 3
 3
 3
 3
 3
 3
 3
 3
 3
 3
 3
 3
 3
 3
 3
 3
 3
 3
 3
 3
 3
 3
 3
 3
 3
 3
 3
 3
 3
 3
 3
 3
 3
 3
 3
 3
 3
 3
 3
 3
 3
 3
 3
 3
 3
 3
 3
 3
 3
 3
 3
 3
 3
 3
 3
 3
 3
 3
 3
 3
 3
 3
 3
 3
 3
 3
 3
 3
 3
 3
 3
 3
 3
 3
 3
 3
 3
 3
 3
 3
 3
 3
 3
 3
 3
 3
 3
 3
 3
 3
 3
 3
 3
 3
 3
 3
 3
 3
 3
 3
 3
 3
 3
 3
 3
 3
 3
 3
 3
 3
 3
 3
 3
 3
 3
 3
 3
 3
 3
 3
 3
 3
 3
 3
 3
 3
 3
 3
 3
 3
 3
 3
 3
 3
 3
 3
 3
 3
 3
 3
 3
 3
 3
 3
 3
 3
 3
 3
 3
 3
 3
 3
 3
 3
 3
 3
 3
 3
 3
 3
 3
 3
 3
 3
 3
 3
 3
 3
 3
 3
 3
 3
 3
 3
 3
 3
 3
 3
 3
 3
 3
 3
 3
 3
 3
 3
 3
 3
 3
 3
 3
 3
 3
 3
 3
 3
 3
 3
 3
 3
 3
 3
 3
 3
 3
 3
 3
 3
 3
 3
 3
 3
 3
 3
 3
 3
 3
 3
 3
 3
 3
 3
 3
 3
 3
 3
 3
 3
 3
 3
 3
 3
 3
 3
 3
 3
 3
 3
 3
 3
 3
 3
 3
 3
 3
 3
 3
 3
 3
 3
 3
 3
 3
 3
 3
 3
 3
 3
 3
 3
 3
 3
 3
 3
 3
 3
 3
 3
 3
 3
 3
 3
 3
 3
 3
 3
 3
 3
 3
 3
 3
 3
 3
 3
 3
 3
 3
 3
 3
 3
 3
 3
 3
 3
 3
 3
 3
 3
 3
 3
 3
 3
 3
 3
 3
 3
 3
 3
 3
 3
 3
 3
 3
 3
 3
 3
 3
 3
 3
 3
 3
 3
 3
 3
 3
 3
 3
 3
 3
 3
 3
 3
 3
 3
 3
 3
 3
 3
 3
 3
 3
 3
 3
 3
 3
 3
 3
 3
 3
 3
 3
 3
 3
 3
 3
 3
 3
 3
 3
 3
 3
 3
 3
 3
 3
 3
 3
 3
 3
 3
 3
 3
 3
 3
 3
 3
 3
 3
 3
 3
 3
 3
 3
 3
 3
 3
 3
 3
 3
 3
 3
 3
 3
 3
 3
 3
 3
 3
 3
 3
 3
 3
 3
 3
 3
 3
 3
 3
 3
 3
 3
 3
 3
 3
 3
 3
 3
 3
 3
 3
 3
 3
 3
 3
 3
 3
 3
 3
 3
 3
 3
 3
 3
 3
 3
 3
 3
 3
 3
 3
 3
 3
 3
 3
 3
 3
 3
 3
 3
 3
 3
 3
 3
 3
 3
 3
 3
 3
 3
 3
 3
 3
 3
 3
 3
 3
 3
 3
 3
 3
 3
 3
 3
 3
 3
 3
 3
 3
 3
 3
 3
 3
 3
 3
 3
 3
 3
 3
 3
 3
 3
 3
 3
 3
 3
 3
 3
 3
 3
 3
 3
 3
 3
 3
 3
 3
 3
 3
 3
 3
 3
 3
 3
 3
 3
 3
 3
 3
 3
 3
 3
 3
 3
 3
 3
 3
 3
 3
 3
 3
 3
 3
 3
 3
 3
 3
 3
 3
 3
 3
 3
 3
 3
 3
 3
 3
 3
 3
 3
 3
 3
 3
 3
 3
 3
 3
 3
 3
 3
 3
 3
 3
 3
 3
 3
 3
 3
 3
 3
 3
 3
 3
 3
 3
 3
 3
 3
 3
 3
 3
 3
 3
 3
 3
 3
 3
 3
 3
 3
 3
 3
 3
 3
 3
 3
 3
 3
 3
 3
 3
 3
 3
 3
 3
 3
 3
 3
 3
 3
 3
 3
 3
 3
 3
 3
 3
 3
 3
 3
 3
 3
 3
 3
 3
 3
 3
 3
 3
 3
 3
 3
 3
 3
 3
 3
 3
 3
 3
 3
 3
 3
 3
 3
 3
 3
 3
 3
 3
 3
 3
 3
 3
 3
 3
 3
 3
 3
 3
 3
 3
 3
 3
 3
 3
 3
 3
 3
 3
 3
 3
 3
 3
 3
 3
 3
 3
 3
 3
 3
 3
 3
 3
 3
 3
 3
 3
 3
 3
 3
 3
 3
 3
 3
 3
 3
 3
 3
 3
 3
 3
 3
 3
 3
 3
 3
 3
 3
 3
 3
 3
 3
 3
 3
 3
 3
 3
 3
 3
 3
 3
 3
 3
 3
 3
 3
 3
 3
 3
 3
 3
 3
 3
 3
 3
 3
 3
 3
 3
 3
 3
 3
 3
 3
 3
 3
 3
 3
 3
 3
 3
 3
 3
 3
 3
 3
 3
 3
 3
 3
 3
 3
 3
 3
 3
 3
 3
 3
 3
 3
 3
 3
 3
 3
 3
 3
 3
 3
 3
 3
 3
 3
 3
 3
 3
 3
 3
 3
 3
 3
 3
 3
 3
 3
 3
 3
 3
 3
 3
 3
 3
 3
 3
 3
 3
 3
 3
 3
 3
 3
 3
 3
 3
 3
 3
 3
 3
 3
 3
 3
 3
 3
 3
 3
 3
 3
 3
 3
 3
 3
 3
 3
 3
 3
 3
 3
 3
 3
 3
 3
 3
 3
 3
 3
 3
 3
 3
 3
 3
 3
 3
 3
 3
 3
 3
 3
 3
 3
 3
 3
 3
 3
 3
 3
 3
 3
 3
 3
 3
 3
 3
 3
 3
 3
 3
 3
 3
 3
 3
 3
 3
 3
 3
 3
 3
 3
 3
 3
 3
 3
 3
 3
 3
 3
 3
 3
 3
 3
 3
 3
 3
 3
 3
 3
 3
 3
 3
 3
 3
 3
 3
 3
 3
 3
 3
 3
 3
 3
 3
 3
 3
 3
 3
 3
 3
 3
 3
 3
 3
 3
 3
 3
 3
 3
 3
 3
 3
 3
 3
 3
 3
 3
 3
 3
 3
 3
 3
 3
 3
 3
 3
 3
 3
 3
 3
 3
 3
 3
 3
 3
 3
 3
 3
 3
 3
 3
 3
 3
 3
 3
 3
 3
 3
 3
 3
 3
 3
 3
 3
 3
 3
 3
 3
 3
 3
 3
 3
 3
 3
 3
 3
 3
 3
 3
 3
 3
 3
 3
 3
 3
 3
 3
 3
 3
 3
 3
 3
 3
 3
 3
 3
 3
 3
 3
 3
 3
 3
 3
 3
 3
 3
 3
 3
 3
 3
 3
 3
 3
 3
 3
 3
 3
 3
 3
 3
 3
 3
 3
 3
 3
 3
 3
 3
 3
 3
 3
 3
 3
 3
 3
 3
 3
 3
 3
 3
 3
 3
 3
 3
 3
 3
 3
 3
 3
 3
 3
 3
 3
 3
 3
 3
 3
 3
 3
 3
 3
 3
 3
 3
 3
 3
 3
 3
 3
 3
 3
 3
 3
 3
 3
 3
 3
 3
 3
 3
 3
 3
 3
 3
 3
 3
 3
 3
 3
 3
 3
 3
 3
 3
 3
 3
 3
 3
 3
 3
 3
 3
 3
 3
 3
 3
 3
 3
 3
 3
 3
 3
 3
 3
 3
 3
 3
 3
 3
 3
 3
 3
 3
 3
 3
 3
 3
 3
 3
 3
 3
 3
 3
 3
 3
 3
 3
 3
 3
 3
 3
 3
 3
 3
 3
 3
 3
 3
 3
 3
 3
 3
 3
 3
 3
 3
 3
 3
 3
 3
 3
 3
 3
 3
 3
 3
 3
 3
 3
 3
 3
 3
 3
 3
 3
 3
 3
 3
 3
 3
 3
 3
 3
 3
 3
 3
 3
 3
 3
 3
 3
 3
 3
 3
 3
 3
 3
 3
 3
 3
 3
 3
 3
 3
 3
 3
 3
 3
 3
 3
 3
 3
 3
 3
 3
 3
 3
 3
 3
 3
 3
 3
 3
 3
 3
 3
 3
 3
 3
 3
 3
 3
 3
 3
 3
 3
POINT_DATA       2452
SCALARS discharge float 1
LOOKUP_TABLE default
  0.1876E+04
  0.1002E+05
  0.4527E+04
  0.7588E+04
  0.3241E+07
  0.7557E+04
  0.4277E+07
  0.9706E+06
  0.6429E+04
  0.3753E+07
  0.1043E+05
  0.7225E+06
  0.1666E+07
  0.8091E+04
  0.1634E+07
  0.1054E+05
  0.3661E+07
  0.8246E+04
  0.1390E+07
  0.3657E+07
  0.7781E+04
  0.4861E+04
  0.8351E+04
  0.1850E+07
  0.6009E+06
  0.1035E+08
  0.9037E+04
  0.5035E+04
  0.8864E+04
  0.2317E+07
  0.7885E+04
  0.1496E+07
  0.1159E+05
  0.1202E+07
  0.1272E+07
  0.6952E+04
  0.1879E+07
  0.7881E+04
  0.4891E+04
  0.7784E+04
  0.5059E+07
  0.1034E+05
  0.1436E+07
  0.8181E+04
  0.1635E+07
  0.8144E+04
  0.2131E+07
  0.7712E+04
  0.1399E+07
  0.1063E+05
  0.1131E+07
  0.9723E+07
  0.7844E+04
  0.1215E+07
  0.7421E+04
  0.3214E+07
  0.1139E+05
  0.1558E+07
  0.6933E+04
  0.4836E+07
  0.5950E+04
  0.8306E+04
  0.5175E+07
  0.7679E+04
  0.1948E+07
  0.8254E+04
  0.4805E+04
  0.8145E+04
  0.1731E+07
  0.7973E+04
  0.1200E+07
  0.3768E+07
  0.8248E+04
  0.2238E+07
  0.7782E+04
  0.1765E+07
  0.7132E+04
  0.1427E+07
  0.1095E+05
  0.1876E+04
  0.8967E+06
  0.8373E+06
  0.3236E+07
  0.4271E+07
  0.9634E+06
  0.2605E+07
  0.3745E+07
  0.7180E+06
  0.1658E+07
  0.1628E+07
  0.3654E+07
  0.1380E+07
  0.3652E+07
  0.1263E+07
  0.1844E+07
  0.5937E+06
  0.1034E+08
  0.1629E+07
  0.2310E+07
  0.1491E+07
  0.1193E+07
  0.1266E+07
  0.1874E+07
  0.1317E+07
  0.5054E+07
  0.1430E+07
  0.1628E+07
  0.2125E+07
  0.1393E+07
  0.1127E+07
  0.9714E+07
  0.1210E+07
  0.3207E+07
  0.1554E+07
  0.4831E+07
  0.3322E+07
  0.5170E+07
  0.1942E+07
  0.1226E+07
  0.1725E+07
  0.1192E+07
  0.3761E+07
  0.2232E+07
  0.1760E+07
  0.1422E+07
  0.7488E+06
  0.1202E+07
  0.4419E+07
  0.1208E+07
  0.2825E+07
  0.1980E+07
  0.1144E+07
  0.2762E+07
  0.7134E+06
  0.1816E+07
  0.1105E+07
  0.1792E+07
  0.6391E+07
  0.2724E+07
  0.1928E+07
  0.6347E+07
  0.6748E+07
  0.2096E+07
  0.2525E+07
  0.1726E+07
  0.1714E+08
  0.1360E+07
  0.1298E+07
  0.6392E+07
  0.3066E+07
  0.1562E+07
  0.1737E+07
  0.5915E+07
  0.6711E+06
  0.3601E+07
  0.7319E+07
  0.1236E+07
  0.1272E+07
  0.3058E+07
  0.1573E+07
  0.2264E+07
  0.2225E+07
  0.1336E+07
  0.2957E+07
  0.1296E+07
  0.3439E+07
  0.2300E+07
  0.1433E+07
  0.6423E+06
  0.3781E+07
  0.2047E+07
  0.2577E+07
  0.7408E+06
  0.1495E+07
  0.1601E+07
  0.1544E+07
  0.1561E+07
  0.1675E+07
  0.1103E+07
  0.6223E+07
  0.1034E+07
  0.5335E+07
  0.5848E+06
  0.2028E+07
  0.1547E+07
  0.1044E+07
  0.4514E+07
  0.1492E+07
  0.1150E+07
  0.1217E+07
  0.2303E+07
  0.8177E+07
  0.5163E+07
  0.3594E+07
  0.1466E+07
  0.1598E+07
  0.1046E+07
  0.3024E+07
  0.5272E+07
  0.2163E+07
  0.1066E+07
  0.2308E+07
  0.1870E+07
  0.3769E+07
  0.3133E+07
  0.1188E+07
  0.6929E+07
  0.1086E+07
  0.7856E+06
  0.1257E+07
  0.5455E+07
  0.4857E+07
  0.3327E+07
  0.1457E+07
  0.4470E+07
  0.1015E+07
  0.8858E+07
  0.9055E+06
  0.1236E+07
  0.2112E+07
  0.1664E+07
  0.1522E+08
  0.9251E+07
  0.7840E+07
  0.4111E+07
  0.5245E+07
  0.7383E+06
  0.4441E+07
  0.4708E+07
  0.1479E+07
  0.1052E+07
  0.1886E+07
  0.8246E+07
  0.1584E+07
  0.1215E+07
  0.2178E+07
  0.1498E+07
  0.1454E+07
  0.4864E+07
  0.1573E+07
  0.2867E+07
  0.1161E+07
  0.1487E+07
  0.4951E+07
  0.1419E+07
  0.9093E+06
  0.2150E+08
  0.1577E+07
  0.1185E+07
  0.5475E+07
  0.9873E+06
  0.2101E+07
  0.1665E+07
  0.2210E+07
  0.1365E+07
  0.1458E+07
  0.4181E+07
  0.1745E+08
  0.2609E+07
  0.1317E+07
  0.1144E+08
  0.2797E+07
  0.1011E+07
  0.1390E+07
  0.3140E+07
  0.6747E+06
  0.2199E+07
  0.9595E+06
  0.7769E+06
  0.2687E+07
  0.1188E+07
  0.9404E+06
  0.1424E+07
  0.6977E+07
  0.7249E+06
  0.9683E+06
  0.5521E+07
  0.5845E+07
  0.3384E+07
  0.3002E+07
  0.1141E+07
  0.1897E+07
  0.5469E+07
  0.1394E+07
  0.6176E+07
  0.9192E+06
  0.9396E+07
  0.2054E+07
  0.2778E+07
  0.1312E+07
  0.9313E+07
  0.1323E+07
  0.1328E+07
  0.5867E+07
  0.1097E+07
  0.1176E+08
  0.8714E+07
  0.7089E+07
  0.1491E+07
  0.5884E+07
  0.1423E+07
  0.5061E+07
  0.3465E+07
  0.8794E+07
  0.2754E+07
  0.1578E+07
  0.8477E+07
  0.4802E+07
  0.1670E+07
  0.4057E+07
  0.1548E+07
  0.1007E+07
  0.1152E+07
  0.6159E+06
  0.3277E+07
  0.1236E+07
  0.9798E+06
  0.1731E+07
  0.2318E+07
  0.1174E+07
  0.8269E+06
  0.5664E+07
  0.1469E+07
  0.4020E+07
  0.1401E+07
  0.1414E+07
  0.3841E+07
  0.1423E+07
  0.8064E+06
  0.1173E+07
  0.1447E+07
  0.8723E+07
  0.1623E+07
  0.1170E+07
  0.9761E+06
  0.5188E+07
  0.1244E+07
  0.5592E+07
  0.1382E+07
  0.2519E+07
  0.1559E+07
  0.7234E+06
  0.3851E+07
  0.1380E+07
  0.5273E+07
  0.1059E+07
  0.1937E+07
  0.4153E+07
  0.1188E+08
  0.1052E+07
  0.9512E+06
  0.4658E+07
  0.1496E+07
  0.1535E+07
  0.1020E+07
  0.1240E+08
  0.1220E+07
  0.1479E+07
  0.1294E+08
  0.5634E+07
  0.2283E+07
  0.1081E+08
  0.2343E+07
  0.3074E+07
  0.3482E+07
  0.1390E+07
  0.1457E+07
  0.1435E+07
  0.1975E+07
  0.1710E+07
  0.1133E+07
  0.2729E+07
  0.1302E+07
  0.8056E+07
  0.9993E+06
  0.7247E+07
  0.1471E+07
  0.1207E+07
  0.1470E+07
  0.1102E+07
  0.1331E+07
  0.4931E+07
  0.4612E+07
  0.1425E+07
  0.8158E+06
  0.4744E+07
  0.2710E+07
  0.1002E+07
  0.1256E+07
  0.6604E+07
  0.5675E+07
  0.1448E+07
  0.1092E+07
  0.5817E+07
  0.3798E+07
  0.6167E+07
  0.1198E+07
  0.8328E+06
  0.5227E+07
  0.1355E+07
  0.1374E+07
  0.1786E+07
  0.3080E+07
  0.3304E+07
  0.1298E+07
  0.2471E+07
  0.2208E+07
  0.1300E+07
  0.1124E+07
  0.1119E+08
  0.2207E+07
  0.1521E+07
  0.1936E+07
  0.1995E+07
  0.7075E+06
  0.3769E+07
  0.5395E+07
  0.1007E+07
  0.1828E+07
  0.1033E+08
  0.1692E+07
  0.2477E+07
  0.1034E+07
  0.2527E+07
  0.4939E+07
  0.3211E+07
  0.1522E+07
  0.1071E+07
  0.2360E+07
  0.8943E+06
  0.1111E+07
  0.8362E+07
  0.3289E+07
  0.1338E+07
  0.3020E+07
  0.1179E+07
  0.1534E+07
  0.1799E+07
  0.1146E+07
  0.3918E+07
  0.1696E+07
  0.1473E+07
  0.1687E+07
  0.1751E+07
  0.6515E+07
  0.6723E+06
  0.3354E+07
  0.2149E+07
  0.8191E+07
  0.5014E+07
  0.1611E+07
  0.1345E+07
  0.1890E+07
  0.7301E+07
  0.1092E+07
  0.1521E+07
  0.1168E+07
  0.5245E+07
  0.3537E+07
  0.1120E+07
  0.1083E+07
  0.8982E+06
  0.1039E+07
  0.1412E+08
  0.1091E+07
  0.1905E+07
  0.5886E+06
  0.1276E+07
  0.1966E+07
  0.1753E+07
  0.9511E+06
  0.6234E+07
  0.7482E+07
  0.7420E+07
  0.1098E+07
  0.1599E+07
  0.2056E+07
  0.4773E+07
  0.2656E+07
  0.1164E+07
  0.1023E+08
  0.4514E+07
  0.1782E+07
  0.1611E+07
  0.1372E+07
  0.9760E+07
  0.2546E+07
  0.1254E+07
  0.1857E+07
  0.1542E+07
  0.5317E+07
  0.1310E+07
  0.1433E+07
  0.1038E+08
  0.1554E+07
  0.8912E+06
  0.4930E+07
  0.1376E+07
  0.1455E+07
  0.3299E+07
  0.7273E+06
  0.9055E+07
  0.1295E+07
  0.2215E+07
  0.2072E+07
  0.1049E+07
  0.6246E+07
  0.5826E+07
  0.4462E+07
  0.1271E+07
  0.1694E+07
  0.7129E+06
  0.2996E+07
  0.1262E+07
  0.3295E+07
  0.4002E+07
  0.7916E+07
  0.8780E+06
  0.2794E+07
  0.8830E+06
  0.1001E+07
  0.1321E+07
  0.9688E+06
  0.7190E+07
  0.1441E+07
  0.1281E+07
  0.2480E+07
  0.6218E+06
  0.1894E+07
  0.1957E+07
  0.7616E+06
  0.1192E+07
  0.9953E+07
  0.1743E+07
  0.1371E+07
  0.1225E+08
  0.1101E+07
  0.6239E+07
  0.5715E+06
  0.1005E+07
  0.8129E+07
  0.1215E+07
  0.2880E+07
  0.1637E+07
  0.2747E+07
  0.2802E+07
  0.1308E+07
  0.8514E+07
  0.5209E+07
  0.7631E+06
  0.2936E+07
  0.4350E+07
  0.2438E+07
  0.1169E+07
  0.2340E+07
  0.1370E+07
  0.3425E+07
  0.3858E+07
  0.1629E+07
  0.1872E+07
  0.1190E+07
  0.2388E+07
  0.7545E+07
  0.1658E+07
  0.2033E+07
  0.6394E+07
  0.9748E+06
  0.9193E+06
  0.1703E+07
  0.1036E+08
  0.3571E+07
  0.4486E+07
  0.4522E+07
  0.1093E+07
  0.1759E+07
  0.7147E+07
  0.5916E+07
  0.3942E+07
  0.1263E+07
  0.1135E+07
  0.1109E+08
  0.7942E+06
  0.1609E+07
  0.3362E+07
  0.1500E+07
  0.7352E+06
  0.7958E+07
  0.1079E+07
  0.1706E+07
  0.7309E+07
  0.1096E+07
  0.7195E+07
  0.9195E+06
  0.1136E+07
  0.4648E+07
  0.1102E+07
  0.1847E+07
  0.4856E+07
  0.1260E+07
  0.1224E+07
  0.1009E+07
  0.8805E+07
  0.3207E+07
  0.7572E+07
  0.6235E+06
  0.1514E+07
  0.1180E+07
  0.8666E+06
  0.8607E+07
  0.1137E+07
  0.4939E+07
  0.1843E+07
  0.3641E+07
  0.9124E+06
  0.9485E+07
  0.2263E+07
  0.7046E+07
  0.1516E+07
  0.1211E+07
  0.1461E+07
  0.1091E+07
  0.1658E+07
  0.2020E+07
  0.1808E+07
  0.9801E+06
  0.1816E+07
  0.9748E+06
  0.3547E+07
  0.9744E+06
  0.1158E+07
  0.5911E+07
  0.4479E+07
  0.4937E+07
  0.6389E+06
  0.2672E+07
  0.5833E+07
  0.3398E+07
  0.1356E+07
  0.1287E+07
  0.4118E+07
  0.1221E+07
  0.7336E+07
  0.1052E+08
  0.2790E+07
  0.1489E+07
  0.3772E+07
  0.4315E+07
  0.4708E+07
  0.3842E+07
  0.4335E+07
  0.9620E+06
  0.1395E+07
  0.2158E+07
  0.3052E+07
  0.1325E+07
  0.3588E+07
  0.1864E+07
  0.2279E+07
  0.1189E+07
  0.1012E+08
  0.1233E+07
  0.1443E+08
  0.1299E+07
  0.8557E+07
  0.1571E+07
  0.4015E+07
  0.1055E+07
  0.3202E+07
  0.2987E+07
  0.4171E+07
  0.7141E+07
  0.1237E+07
  0.1260E+07
  0.6751E+07
  0.6172E+06
  0.5033E+07
  0.1927E+07
  0.8158E+07
  0.3474E+07
  0.1384E+07
  0.6886E+06
  0.7591E+07
  0.6983E+06
  0.9406E+07
  0.1029E+07
  0.1371E+07
  0.5867E+07
  0.1674E+07
  0.1358E+07
  0.3686E+07
  0.3169E+07
  0.1070E+07
  0.1172E+07
  0.1272E+07
  0.1048E+07
  0.1802E+07
  0.1501E+07
  0.1202E+07
  0.1766E+07
  0.1639E+07
  0.1572E+07
  0.2377E+07
  0.8659E+06
  0.2041E+07
  0.1177E+07
  0.9655E+07
  0.1103E+07
  0.2826E+07
  0.1476E+07
  0.1451E+07
  0.1418E+07
  0.1208E+07
  0.1027E+08
  0.1226E+07
  0.1731E+07
  0.7590E+06
  0.9183E+06
  0.7764E+06
  0.3814E+07
  0.1999E+07
  0.1500E+07
  0.4693E+07
  0.9772E+06
  0.1229E+07
  0.1595E+07
  0.1158E+07
  0.3668E+07
  0.1490E+07
  0.2779E+07
  0.3510E+07
  0.1421E+07
  0.5946E+07
  0.1325E+07
  0.1105E+08
  0.1640E+07
  0.1211E+07
  0.1865E+07
  0.1197E+07
  0.7442E+07
  0.1218E+07
  0.1942E+07
  0.1574E+07
  0.1775E+07
  0.2527E+07
  0.6416E+07
  0.1252E+07
  0.1463E+07
  0.6337E+07
  0.1500E+07
  0.1947E+07
  0.1641E+07
  0.1277E+07
  0.1311E+07
  0.2600E+07
  0.6257E+07
  0.9245E+06
  0.9493E+07
  0.2262E+07
  0.5975E+07
  0.4233E+07
  0.1234E+07
  0.1509E+08
  0.1228E+07
  0.7300E+07
  0.2457E+07
  0.3688E+07
  0.7785E+07
  0.5599E+07
  0.1070E+07
  0.1337E+07
  0.4375E+07
  0.1348E+07
  0.4434E+07
  0.6602E+07
  0.1557E+07
  0.1385E+07
  0.7410E+06
  0.5947E+06
  0.1824E+07
  0.1290E+07
  0.8459E+06
  0.5606E+07
  0.9739E+07
  0.1699E+07
  0.6872E+06
  0.3034E+07
  0.1803E+07
  0.9734E+07
  0.9853E+06
  0.5141E+07
  0.3424E+07
  0.3928E+07
  0.1166E+07
  0.1699E+07
  0.2450E+07
  0.3373E+07
  0.2691E+07
  0.1198E+07
  0.3651E+07
  0.1183E+07
  0.1759E+07
  0.1509E+07
  0.1381E+07
  0.4534E+07
  0.6689E+07
  0.1836E+07
  0.1688E+07
  0.7814E+06
  0.1562E+07
  0.7997E+07
  0.5894E+06
  0.3307E+07
  0.1134E+07
  0.2171E+07
  0.3777E+07
  0.1345E+07
  0.6841E+07
  0.3548E+07
  0.1557E+07
  0.1581E+07
  0.6214E+07
  0.1480E+07
  0.1031E+07
  0.1194E+07
  0.1956E+07
  0.5496E+07
  0.5571E+07
  0.4841E+07
  0.6007E+06
  0.4315E+07
  0.1503E+07
  0.6140E+07
  0.7772E+06
  0.4566E+07
  0.1235E+07
  0.7152E+07
  0.2059E+07
  0.1283E+07
  0.1279E+07
  0.1480E+07
  0.4047E+07
  0.9367E+07
  0.4986E+06
  0.1202E+07
  0.6951E+07
  0.2509E+07
  0.1092E+07
  0.2257E+07
  0.1820E+07
  0.1047E+07
  0.2252E+07
  0.8740E+07
  0.1412E+07
  0.5665E+07
  0.6415E+06
  0.3032E+07
  0.2028E+07
  0.1609E+07
  0.1610E+07
  0.8177E+07
  0.1200E+07
  0.5936E+07
  0.1559E+07
  0.1283E+07
  0.1497E+07
  0.2255E+07
  0.8799E+06
  0.7228E+06
  0.1330E+07
  0.1757E+07
  0.1259E+07
  0.9638E+06
  0.2724E+07
  0.1470E+07
  0.1352E+07
  0.1386E+07
  0.1166E+07
  0.7821E+06
  0.6736E+07
  0.1334E+07
  0.1220E+07
  0.1768E+07
  0.2497E+07
  0.1833E+07
  0.1677E+07
  0.6222E+06
  0.1980E+07
  0.1457E+07
  0.1700E+07
  0.7020E+06
  0.3315E+07
  0.7357E+07
  0.1343E+07
  0.1790E+07
  0.1110E+07
  0.1556E+07
  0.4082E+07
  0.1668E+07
  0.1800E+07
  0.5765E+06
  0.1925E+07
  0.1467E+07
  0.1844E+07
  0.7050E+07
  0.2771E+07
  0.9603E+06
  0.1753E+07
  0.3764E+07
  0.2992E+07
  0.1355E+08
  0.5958E+07
  0.3386E+07
  0.1322E+07
  0.3757E+07
  0.9981E+06
  0.5337E+07
  0.1295E+07
  0.2773E+07
  0.7697E+07
  0.1083E+08
  0.1351E+08
  0.6981E+07
  0.5945E+07
  0.3871E+07
  0.1224E+07
  0.3270E+07
  0.1187E+07
  0.2727E+07
  0.1004E+07
  0.6446E+07
  0.1313E+07
  0.1094E+07
  0.5847E+07
  0.8328E+06
  0.8595E+07
  0.4657E+07
  0.1468E+08
  0.9706E+07
  0.5962E+07
  0.3082E+07
  0.1652E+07
  0.1846E+07
  0.1415E+07
  0.1835E+07
  0.2374E+07
  0.1392E+07
  0.1480E+07
  0.1237E+07
  0.3421E+07
  0.3654E+07
  0.5568E+07
  0.1615E+07
  0.1598E+07
  0.5488E+07
  0.1070E+07
  0.1199E+07
  0.8242E+06
  0.7095E+06
  0.1171E+07
  0.1581E+07
  0.1204E+07
  0.8030E+07
  0.1394E+07
  0.1301E+07
  0.1040E+07
  0.1011E+07
  0.1047E+07
  0.1167E+07
  0.1234E+07
  0.6817E+07
  0.1722E+07
  0.1379E+07
  0.6432E+07
  0.2637E+07
  0.2179E+07
  0.1172E+07
  0.4108E+07
  0.1872E+07
  0.3482E+07
  0.1084E+07
  0.6122E+07
  0.1110E+07
  0.2014E+07
  0.4597E+07
  0.2140E+07
  0.1327E+07
  0.7402E+06
  0.2930E+07
  0.1207E+07
  0.7801E+07
  0.1339E+07
  0.2196E+07
  0.1470E+07
  0.1041E+07
  0.2108E+07
  0.1034E+08
  0.7374E+06
  0.9356E+07
  0.2787E+07
  0.1166E+07
  0.6245E+07
  0.1899E+07
  0.1238E+07
  0.1847E+07
  0.5636E+07
  0.1362E+07
  0.4360E+07
  0.4024E+07
  0.1776E+07
  0.5653E+07
  0.1945E+07
  0.1597E+07
  0.4618E+07
  0.2438E+07
  0.1922E+07
  0.1422E+07
  0.6939E+07
  0.4665E+07
  0.9096E+06
  0.6632E+07
  0.1135E+07
  0.9658E+07
  0.3467E+07
  0.1608E+07
  0.1795E+07
  0.1290E+07
  0.9796E+07
  0.8003E+06
  0.7831E+07
  0.2322E+07
  0.1286E+07
  0.1577E+07
  0.3218E+07
  0.5862E+07
  0.4615E+07
  0.8800E+07
  0.2890E+07
  0.5917E+06
  0.8774E+06
  0.8575E+06
  0.1123E+07
  0.2171E+07
  0.5673E+07
  0.1222E+07
  0.1622E+07
  0.1085E+07
  0.3699E+07
  0.1445E+07
  0.1457E+08
  0.5235E+07
  0.1234E+07
  0.1254E+07
  0.9198E+06
  0.1336E+07
  0.3916E+07
  0.9039E+06
  0.4715E+07
  0.1721E+07
  0.9322E+06
  0.8788E+07
  0.6804E+07
  0.1421E+07
  0.1663E+07
  0.2276E+07
  0.5565E+07
  0.1772E+07
  0.2450E+07
  0.4820E+07
  0.5459E+07
  0.2286E+07
  0.3726E+07
  0.3136E+07
  0.1646E+07
  0.1201E+07
  0.1444E+07
  0.6888E+07
  0.2364E+07
  0.9889E+07
  0.9966E+06
  0.1317E+07
  0.2133E+07
  0.3007E+07
  0.9911E+06
  0.2239E+07
  0.2730E+07
  0.1724E+07
  0.1542E+07
  0.1601E+07
  0.1388E+07
  0.4552E+07
  0.1179E+07
  0.1396E+08
  0.1824E+07
  0.6013E+07
  0.1857E+07
  0.7123E+07
  0.3563E+07
  0.1536E+07
  0.6137E+07
  0.1166E+08
  0.2000E+07
  0.1408E+07
  0.3005E+07
  0.1068E+07
  0.1792E+07
  0.8810E+06
  0.2157E+07
  0.2323E+07
  0.5666E+07
  0.1702E+07
  0.1341E+07
  0.1807E+07
  0.6013E+07
  0.1232E+07
  0.8858E+06
  0.2034E+07
  0.9910E+07
  0.1491E+08
  0.9357E+06
  0.1255E+08
  0.5103E+07
  0.8596E+06
  0.3296E+07
  0.5207E+07
  0.1514E+07
  0.1135E+07
  0.3476E+07
  0.9149E+06
  0.1469E+07
  0.1383E+07
  0.1768E+07
  0.1527E+07
  0.2019E+07
  0.1540E+07
  0.2473E+07
  0.1604E+07
  0.1189E+07
  0.2804E+07
  0.1397E+07
  0.2045E+07
  0.3556E+07
  0.7946E+07
  0.6291E+07
  0.3041E+07
  0.4021E+07
  0.1091E+07
  0.3074E+07
  0.1007E+07
  0.1816E+07
  0.1892E+07
  0.1597E+07
  0.5394E+07
  0.1023E+07
  0.2193E+07
  0.2964E+07
  0.1362E+07
  0.4821E+07
  0.1775E+07
  0.1116E+07
  0.1752E+07
  0.1471E+07
  0.1390E+07
  0.7857E+06
  0.1440E+07
  0.3144E+07
  0.8619E+06
  0.1982E+07
  0.8423E+06
  0.4491E+07
  0.7811E+07
  0.2044E+07
  0.6576E+06
  0.3047E+07
  0.1509E+07
  0.7691E+07
  0.1068E+07
  0.5487E+07
  0.7488E+06
  0.9191E+07
  0.3273E+07
  0.1082E+07
  0.6204E+07
  0.1538E+07
  0.1057E+07
  0.7640E+06
  0.3545E+07
  0.9616E+06
  0.9865E+07
  0.1316E+07
  0.1359E+07
  0.9483E+06
  0.1469E+07
  0.1305E+07
  0.1138E+07
  0.7543E+07
  0.1149E+07
  0.1826E+07
  0.1690E+07
  0.6148E+07
  0.3348E+07
  0.1203E+07
  0.7474E+07
  0.1810E+07
  0.8359E+06
  0.2741E+07
  0.1021E+07
  0.1273E+08
  0.2041E+07
  0.7130E+07
  0.3203E+07
  0.6629E+07
  0.1923E+07
  0.1451E+07
  0.1592E+07
  0.6442E+07
  0.7857E+06
  0.2345E+07
  0.9695E+06
  0.1723E+07
  0.1124E+07
  0.3215E+07
  0.1259E+07
  0.1538E+07
  0.1407E+07
  0.3863E+07
  0.3894E+07
  0.1520E+07
  0.1301E+07
  0.1103E+07
  0.1187E+07
  0.1780E+07
  0.2851E+07
  0.9063E+07
  0.7033E+06
  0.4836E+07
  0.1282E+07
  0.2913E+07
  0.1806E+07
  0.1204E+07
  0.8075E+07
  0.1536E+07
  0.2652E+07
  0.4357E+07
  0.1661E+07
  0.1782E+07
  0.9738E+07
  0.1145E+07
  0.7661E+07
  0.1467E+07
  0.1309E+07
  0.7349E+07
  0.1772E+07
  0.1817E+07
  0.6282E+07
  0.2540E+07
  0.2942E+07
  0.1863E+07
  0.8464E+06
  0.7921E+07
  0.1128E+07
  0.2735E+07
  0.1647E+07
  0.1383E+07
  0.9882E+07
  0.9593E+06
  0.4495E+07
  0.7873E+06
  0.4150E+07
  0.1062E+07
  0.6277E+07
  0.8418E+06
  0.4357E+07
  0.1288E+07
  0.1339E+07
  0.4534E+07
  0.5592E+07
  0.1421E+07
  0.8082E+06
  0.1292E+07
  0.1158E+07
  0.1225E+07
  0.2154E+07
  0.2257E+07
  0.8845E+07
  0.1900E+07
  0.1523E+07
  0.7751E+07
  0.7830E+06
  0.2172E+07
  0.1118E+07
  0.4985E+06
  0.1944E+07
  0.1131E+07
  0.5937E+07
  0.1383E+07
  0.1283E+07
  0.5434E+07
  0.1831E+07
  0.2681E+07
  0.1120E+08
  0.1335E+07
  0.2012E+07
  0.1629E+07
  0.1118E+07
  0.5012E+07
  0.1019E+07
  0.2103E+08
  0.5636E+07
  0.8021E+06
  0.1781E+07
  0.1295E+07
  0.1151E+07
  0.4160E+07
  0.1151E+07
  0.2054E+07
  0.5699E+07
  0.1229E+07
  0.1472E+07
  0.1134E+07
  0.1723E+07
  0.1126E+07
  0.1017E+07
  0.6457E+07
  0.2843E+07
  0.1871E+07
  0.7078E+06
  0.7559E+07
  0.1277E+07
  0.1757E+07
  0.1550E+07
  0.2026E+07
  0.1050E+07
  0.1359E+07
  0.1164E+08
  0.1389E+07
  0.1582E+07
  0.1965E+07
  0.7930E+07
  0.1845E+07
  0.1804E+07
  0.1644E+07
  0.9426E+06
  0.1184E+07
  0.1871E+07
  0.1393E+07
  0.6862E+07
  0.1550E+07
  0.1684E+07
  0.7321E+07
  0.6721E+06
  0.8879E+06
  0.1140E+08
  0.1067E+07
  0.7684E+07
  0.8494E+06
  0.1817E+07
  0.8545E+07
  0.9580E+06
  0.9973E+07
  0.1147E+07
  0.1333E+07
  0.1374E+07
  0.2391E+07
  0.1541E+07
  0.2373E+07
  0.2157E+07
  0.9818E+07
  0.1821E+07
  0.1410E+07
  0.1731E+07
  0.1668E+07
  0.2391E+07
  0.1163E+07
  0.1019E+07
  0.1259E+07
  0.4938E+07
  0.5080E+07
  0.1208E+07
  0.1290E+07
  0.4953E+07
  0.8061E+06
  0.3683E+07
  0.6720E+07
  0.5366E+07
  0.9904E+07
  0.9473E+06
  0.9432E+06
  0.2918E+07
  0.2773E+07
  0.1102E+08
  0.5388E+07
  0.2793E+07
  0.6346E+07
  0.1699E+07
  0.1655E+07
  0.1526E+07
  0.6457E+07
  0.8491E+06
  0.2031E+07
  0.5264E+07
  0.8360E+06
  0.8256E+07
  0.1997E+07
  0.2844E+07
  0.1591E+07
  0.3367E+07
  0.4167E+07
  0.5398E+07
  0.2703E+07
  0.6089E+07
  0.1308E+07
  0.1036E+08
  0.2553E+07
  0.1284E+07
  0.3484E+07
  0.1945E+07
  0.1164E+08
  0.3322E+07
  0.1243E+07
  0.9971E+06
  0.1493E+07
  0.1075E+07
  0.8979E+06
  0.3996E+07
  0.9732E+06
  0.1059E+08
  0.2285E+07
  0.8881E+06
  0.6999E+07
  0.3240E+07
  0.1718E+07
  0.1900E+07
  0.5271E+07
  0.6992E+07
  0.9542E+06
  0.4113E+07
  0.1632E+07
  0.4892E+07
  0.1537E+07
  0.2131E+07
  0.1798E+07
  0.1168E+07
  0.4105E+07
  0.1203E+07
  0.7488E+06
  0.3984E+07
  0.1329E+07
  0.1348E+07
  0.1524E+07
  0.4217E+07
  0.2915E+07
  0.5853E+07
  0.9487E+06
  0.6160E+07
  0.1597E+07
  0.1345E+07
  0.2437E+07
  0.7397E+06
  0.8875E+06
  0.1196E+07
  0.4610E+07
  0.4652E+07
  0.1263E+07
  0.9521E+06
  0.1236E+07
  0.1661E+07
  0.5017E+07
  0.1068E+07
  0.2094E+07
  0.1691E+07
  0.5974E+06
  0.4175E+07
  0.1222E+07
  0.3233E+07
  0.9758E+07
  0.1494E+08
  0.1292E+07
  0.1949E+07
  0.2392E+07
  0.1193E+07
  0.4419E+07
  0.1447E+07
  0.8750E+06
  0.4045E+07
  0.1217E+08
  0.5135E+06
  0.1917E+07
  0.1078E+07
  0.8468E+07
  0.1781E+07
  0.9047E+06
  0.6042E+07
  0.2215E+07
  0.1060E+07
  0.4442E+07
  0.1952E+07
  0.9670E+06
  0.2384E+07
  0.1739E+07
  0.9524E+07
  0.1816E+07
  0.1247E+07
  0.1354E+07
  0.1351E+08
  0.1099E+07
  0.1288E+07
  0.6098E+07
  0.5278E+07
  0.1378E+07
  0.1000E+07
  0.3309E+07
  0.1326E+07
  0.1933E+07
  0.5546E+07
  0.9210E+06
  0.1548E+07
  0.1232E+07
  0.1518E+07
  0.6312E+07
  0.1191E+07
  0.1633E+07
  0.5921E+06
  0.4612E+07
  0.1047E+07
  0.5994E+07
  0.5003E+07
  0.5554E+06
  0.1669E+07
  0.1243E+07
  0.4911E+07
  0.2645E+07
  0.1085E+07
  0.6924E+07
  0.1724E+07
  0.3192E+07
  0.3189E+07
  0.8363E+07
  0.1813E+07
  0.1295E+07
  0.3443E+07
  0.6997E+06
  0.3836E+07
  0.1620E+07
  0.1406E+07
  0.5127E+07
  0.2315E+07
  0.1200E+07
  0.1486E+07
  0.2598E+07
  0.3605E+07
  0.4947E+07
  0.1545E+07
  0.1647E+07
  0.1955E+07
  0.1282E+07
  0.2867E+07
  0.4368E+07
  0.7992E+06
  0.8205E+07
  0.4728E+06
  0.6248E+07
  0.1509E+07
  0.2121E+07
  0.1836E+07
  0.6222E+06
  0.2054E+07
  0.9181E+06
  0.4688E+07
  0.3163E+07
  0.1785E+07
  0.2726E+07
  0.4154E+07
  0.1267E+07
  0.1490E+07
  0.6200E+07
  0.5844E+07
  0.5987E+07
  0.1163E+07
  0.1049E+07
  0.3274E+07
  0.8209E+06
  0.1641E+07
  0.1542E+07
  0.8919E+06
  0.8686E+06
  0.4061E+07
  0.1177E+07
  0.1222E+07
  0.1327E+07
  0.1116E+08
  0.2560E+07
  0.2996E+07
  0.1509E+07
  0.1122E+07
  0.9134E+07
  0.2598E+07
  0.4734E+07
  0.3425E+07
  0.1731E+07
  0.1574E+07
  0.3875E+07
  0.1560E+07
  0.5271E+07
  0.1298E+07
  0.1145E+07
  0.2825E+07
  0.3467E+07
  0.7033E+06
  0.2270E+07
  0.1195E+07
  0.1361E+07
  0.9721E+06
  0.7558E+07
  0.3042E+07
  0.1137E+08
  0.1449E+07
  0.1196E+07
  0.1622E+07
  0.1157E+08
  0.3437E+07
  0.1179E+07
  0.1189E+07
  0.1049E+07
  0.1972E+07
  0.1275E+07
  0.4398E+07
  0.6699E+07
  0.1172E+07
  0.1866E+08
  0.1125E+07
  0.4928E+07
  0.2520E+07
  0.1347E+07
  0.4188E+07
  0.1109E+08
  0.9908E+06
  0.6355E+07
  0.3923E+07
  0.2723E+07
  0.9102E+06
  0.1849E+07
  0.4570E+07
  0.1194E+07
  0.8988E+07
  0.1541E+07
  0.1235E+07
  0.4523E+07
  0.6802E+06
  0.2903E+07
  0.1414E+07
  0.1112E+08
  0.2167E+07
  0.1062E+07
  0.1519E+07
  0.1245E+07
  0.1200E+07
  0.1456E+07
  0.1540E+07
  0.5353E+07
  0.9289E+07
  0.1146E+07
  0.6257E+07
  0.6072E+07
  0.7240E+06
  0.1820E+07
  0.4764E+07
  0.7182E+07
  0.1630E+07
  0.4747E+07
  0.1406E+07
  0.3956E+07
  0.1652E+07
  0.2240E+07
  0.6298E+06
  0.1364E+08
  0.3720E+07
  0.1073E+08
  0.2668E+07
  0.1281E+07
  0.3052E+07
  0.6820E+06
  0.3853E+07
  0.6820E+07
  0.1210E+07
  0.3534E+07
  0.5905E+07
  0.1799E+07
  0.1114E+07
  0.1343E+07
  0.2817E+07
  0.8884E+07
  0.1063E+07
  0.9780E+06
  0.1267E+08
  0.5076E+07
  0.8865E+06
  0.9062E+06
  0.7871E+07
  0.1491E+07
  0.5329E+07
  0.9784E+06
  0.2454E+07
  0.3442E+07
  0.4102E+07
  0.7805E+06
  0.2855E+07
  0.1633E+07
  0.1875E+08
  0.1776E+07
  0.5241E+06
  0.9802E+06
  0.1778E+07
  0.6598E+07
  0.3462E+07
  0.3536E+07
  0.5574E+07
  0.9125E+06
  0.8594E+06
  0.1074E+07
  0.3227E+07
  0.2048E+07
  0.1373E+07
  0.1048E+08
  0.6032E+07
  0.1700E+07
  0.1518E+07
  0.6875E+07
  0.1222E+07
  0.1225E+07
  0.9459E+07
  0.1573E+07
  0.2419E+07
  0.9532E+07
  0.4129E+07
  0.1452E+07
  0.9314E+06
  0.4485E+07
  0.9991E+07
  0.2526E+07
  0.1882E+07
  0.1392E+07
  0.6846E+07
  0.1207E+07
  0.3848E+07
  0.6870E+06
  0.1597E+07
  0.4002E+07
  0.2520E+07
  0.1230E+07
  0.3638E+07
  0.8772E+07
  0.1721E+07
  0.7094E+06
  0.1531E+07
  0.1143E+07
  0.9352E+06
  0.4197E+07
  0.1264E+07
  0.6618E+07
  0.1695E+07
  0.5326E+07
  0.1668E+07
  0.1780E+07
  0.9235E+06
  0.1281E+07
  0.2250E+07
  0.1090E+08
  0.4080E+07
  0.9491E+06
  0.6026E+07
  0.7145E+06
  0.6401E+07
  0.1916E+07
  0.1123E+07
  0.1063E+07
  0.1892E+07
  0.2029E+07
  0.4120E+07
  0.1299E+07
  0.9503E+06
  0.2485E+07
  0.2834E+07
  0.1742E+07
  0.1939E+07
  0.1684E+07
  0.1114E+07
  0.9921E+06
  0.1592E+07
  0.2038E+07
  0.8411E+06
  0.8718E+07
  0.1161E+07
  0.9115E+06
  0.9240E+07
  0.1534E+07
  0.2109E+07
  0.1595E+07
  0.1913E+07
  0.1709E+07
  0.2134E+07
  0.1096E+07
  0.1523E+07
  0.2427E+07
  0.2799E+07
  0.2079E+07
  0.1048E+08
  0.3462E+07
  0.1946E+07
  0.4434E+07
  0.1558E+07
  0.1406E+07
  0.4212E+07
  0.1576E+07
  0.1177E+07
  0.1126E+07
  0.1253E+07
  0.5541E+07
  0.1865E+07
  0.1329E+08
  0.1191E+07
  0.1293E+07
  0.9725E+07
  0.2137E+07
  0.1762E+07
  0.1375E+07
  0.5299E+07
  0.3142E+07
  0.1501E+07
  0.1490E+07
  0.8316E+07
  0.2076E+07
  0.1367E+07
  0.2407E+07
  0.9473E+07
  0.1423E+07
  0.6838E+07
  0.1618E+07
  0.3158E+07
  0.1332E+07
  0.1328E+07
  0.5988E+07
  0.1586E+07
  0.3772E+07
  0.7500E+07
  0.2845E+07
  0.2283E+07
  0.7443E+06
  0.4039E+07
  0.3230E+07
  0.1240E+07
  0.7277E+07
  0.1504E+07
  0.1147E+07
  0.1932E+07
  0.1617E+07
  0.3680E+07
  0.1475E+07
  0.3254E+07
  0.5998E+07
  0.1505E+07
  0.1120E+07
  0.3951E+07
  0.1465E+07
  0.2622E+07
  0.5150E+07
  0.1357E+07
  0.1346E+07
  0.5737E+07
  0.4734E+07
  0.4133E+07
  0.2336E+07
  0.1604E+07
  0.5704E+07
  0.1350E+07
  0.1528E+08
  0.1719E+07
  0.2161E+07
  0.8727E+06
  0.2846E+07
  0.1704E+08
  0.1678E+07
  0.1239E+07
  0.2749E+07
  0.1826E+07
  0.1466E+07
  0.2976E+07
  0.7991E+07
  0.1440E+07
  0.8386E+06
  0.9970E+06
  0.1088E+07
  0.1049E+08
  0.9929E+06
  0.1414E+07
  0.1920E+07
  0.2577E+07
  0.2014E+07
  0.1484E+07
  0.1091E+07
  0.6718E+07
  0.2561E+07
  0.8233E+07
  0.1526E+07
  0.1373E+07
  0.9809E+07
  0.1846E+07
  0.1539E+07
  0.2568E+07
  0.5289E+07
  0.1401E+07
  0.1070E+08
  0.7888E+07
  0.2554E+07
  0.1362E+07
  0.6341E+07
  0.1728E+07
  0.1614E+07
  0.1444E+07
  0.4126E+07
  0.1210E+07
  0.1505E+07
  0.1064E+07
  0.9568E+07
  0.1366E+07
  0.1094E+07
  0.1352E+07
  0.3934E+07
  0.1336E+07
  0.4876E+07
  0.6888E+07
  0.2596E+07
  0.1056E+07
  0.9990E+06
  0.2860E+07
  0.1602E+07
  0.1149E+07
  0.1039E+08
  0.1095E+07
  0.4336E+07
  0.1407E+08
  0.1554E+07
  0.1772E+07
  0.1205E+07
  0.1422E+07
  0.8305E+06
  0.2597E+07
  0.1585E+07
  0.1411E+07
  0.2251E+07
  0.3323E+07
  0.7454E+06
  0.1355E+07
  0.1422E+07
  0.3204E+07
  0.1342E+07
  0.1744E+07
  0.1194E+07
  0.2791E+07
  0.1181E+07
  0.1980E+07
  0.1381E+07
  0.5606E+07
  0.9516E+06
  0.3792E+07
  0.1326E+07
  0.5713E+07
  0.1783E+07
  0.1393E+08
  0.9966E+06
  0.9980E+06
  0.2550E+07
  0.3416E+07
  0.9524E+06
  0.9353E+07
  0.1508E+07
  0.1307E+07
  0.2831E+07
  0.1240E+07
  0.2812E+07
  0.5616E+07
  0.1765E+07
  0.7092E+07
  0.1407E+07
  0.2725E+07
  0.3786E+07
  0.1934E+07
  0.7415E+06
  0.1167E+07
  0.2075E+07
  0.7811E+06
  0.8903E+07
  0.1697E+07
  0.1230E+07
  0.3598E+07
  0.4315E+07
  0.7707E+07
  0.1389E+07
  0.1272E+07
  0.8205E+07
  0.6252E+07
  0.1485E+07
  0.3154E+07
  0.4494E+07
  0.1360E+07
  0.5304E+07
  0.9278E+06
  0.6416E+07
  0.1041E+07
  0.4623E+07
  0.4569E+07
  0.1500E+07
  0.1250E+07
  0.6130E+07
  0.1403E+07
  0.1207E+08
  0.2484E+07
  0.9729E+06
  0.4556E+07
  0.3723E+07
  0.1301E+07
  0.1312E+07
  0.1497E+07
  0.1029E+08
  0.2227E+07
  0.1501E+07
  0.5508E+07
  0.8968E+07
  0.1187E+07
  0.8156E+06
  0.3710E+07
  0.1546E+07
  0.6710E+06
  0.2263E+07
  0.1788E+07
  0.5396E+07
  0.9757E+07
  0.4711E+07
  0.1149E+07
  0.7401E+06
  0.7691E+06
  0.1069E+08
  0.3439E+07
  0.7959E+06
  0.9310E+07
  0.1214E+07
  0.1599E+07
  0.1406E+07
  0.1419E+07
  0.1291E+07
  0.4261E+07
  0.6081E+07
  0.1348E+07
  0.1080E+08
  0.1280E+07
  0.1030E+08
  0.1878E+07
  0.1378E+07
  0.4385E+07
  0.1744E+07
  0.1401E+07
  0.1952E+07
  0.9081E+06
  0.2210E+07
  0.5618E+07
  0.1224E+07
  0.1414E+07
  0.1700E+08
  0.5712E+07
  0.7893E+07
  0.1296E+07
  0.1344E+07
  0.5652E+07
  0.5338E+07
  0.9712E+07
  0.1278E+07
  0.1414E+07
  0.1302E+07
  0.5949E+07
  0.1180E+07
  0.1780E+07
  0.1618E+07
  0.5950E+07
  0.4533E+07
  0.1259E+07
  0.3258E+07
  0.1534E+07
  0.1932E+07
  0.1580E+07
  0.2221E+07
  0.8171E+06
  0.1114E+07
  0.2070E+07
  0.2954E+07
  0.1210E+07
  0.2762E+07
  0.1035E+07
  0.1277E+08
  0.1669E+07
  0.1072E+07
  0.2575E+07
  0.1277E+07
  0.8947E+06
  0.1070E+07
  0.1157E+07
  0.2001E+07
  0.1368E+07
  0.5384E+07
  0.1332E+07
  0.1957E+07
  0.1248E+07
  0.1922E+07
  0.1849E+07
  0.2636E+07
  0.9547E+06
  0.5670E+06
  0.2306E+07
  0.1038E+07
  0.2226E+07
  0.1607E+07
  0.1647E+07
  0.1318E+07
  0.1859E+07
  0.1118E+07
  0.1387E+07
  0.2763E+07
  0.1025E+07
  0.5288E+07
  0.1805E+07
  0.1892E+07
  0.1519E+07
  0.1535E+07
  0.9260E+06
  0.1571E+07
  0.2258E+07
  0.2424E+07
  0.1903E+07
  0.1341E+07
  0.5131E+07
  0.1748E+07
  0.3037E+07
  0.1452E+07
  0.2386E+07
  0.5391E+07
  0.3547E+07
  0.4691E+06
  0.7192E+07
  0.2071E+07
  0.2678E+07
  0.6979E+07
  0.9032E+06
  0.3079E+07
  0.2592E+07
  0.7581E+07
  0.1047E+07
  0.1031E+08
  0.5418E+07
  0.2469E+07
  0.1257E+08
  0.1001E+07
  0.7046E+07
  0.1343E+07
  0.2425E+07
  0.1255E+08
  0.3139E+07
  0.7070E+06
  0.1202E+07
  0.2079E+07
  0.1508E+07
  0.9378E+06
  0.3864E+07
  0.1144E+07
  0.4777E+07
  0.3618E+07
  0.9418E+07
  0.1415E+07
  0.3140E+07
  0.5544E+07
  0.1451E+08
  0.2397E+07
  0.8088E+06
  0.3134E+07
  0.1210E+07
  0.1237E+07
  0.4933E+07
  0.1095E+07
  0.1718E+07
  0.2615E+07
  0.8175E+06
  0.3800E+07
  0.1536E+07
  0.1017E+07
  0.6575E+07
  0.1077E+07
  0.6709E+07
  0.1119E+07
  0.1576E+07
  0.1520E+07
  0.1376E+07
  0.1204E+07
  0.3402E+07
  0.1314E+07
  0.2778E+07
  0.1474E+07
  0.1633E+07
  0.9330E+06
  0.1966E+07
  0.1054E+07
  0.4084E+07
  0.1420E+07
  0.1949E+07
  0.1308E+07
  0.3116E+07
  0.1741E+07
  0.1377E+07
  0.2354E+07
  0.1055E+08
  0.1167E+07
  0.5440E+07
  0.2621E+07
  0.1584E+07
  0.1531E+07
  0.7275E+06
  0.1258E+07
  0.8164E+06
  0.1823E+07
  0.9844E+06
  0.7623E+07
  0.2165E+07
  0.1041E+08
  0.8758E+06
  0.4227E+07
  0.1113E+07
  0.1492E+07
  0.2031E+07
  0.3432E+07
  0.2887E+07
  0.2091E+07
  0.1094E+07
  0.1721E+07
  0.2453E+07
  0.1276E+07
  0.4780E+07
  0.9192E+06
  0.1733E+07
  0.2192E+07
  0.5476E+07
  0.1162E+07
  0.1159E+07
  0.9573E+07
  0.2483E+07
  0.2914E+07
  0.2188E+07
  0.5967E+07
  0.1028E+08
  0.2699E+07
  0.1375E+07
  0.1732E+07
  0.4286E+07
  0.1323E+07
  0.9442E+06
  0.2115E+07
  0.3224E+07
  0.2978E+07
  0.4482E+07
  0.5196E+07
  0.1331E+07
  0.3230E+07
  0.2452E+07
  0.6238E+07
  0.3146E+07
  0.2615E+07
  0.7311E+06
  0.1000E+07
  0.2820E+07
  0.9665E+06
  0.2714E+07
  0.3777E+07
  0.1117E+07
  0.7786E+07
  0.1244E+07
  0.1577E+07
  0.1021E+07
  0.1093E+07
  0.1783E+07
  0.2728E+07
  0.5580E+06
  0.4812E+07
  0.4005E+07
  0.1518E+07
  0.3056E+07
  0.4839E+07
  0.8795E+06
  0.8436E+06
  0.2349E+07
  0.1098E+07
  0.1365E+07
  0.8115E+06
  0.2218E+07
  0.1094E+07
  0.1026E+07
  0.1798E+07
  0.1297E+07
  0.5849E+07
  0.5064E+06
  0.8032E+07
  0.1260E+07
  0.6074E+07
  0.5569E+07
  0.1106E+07
  0.7690E+06
  0.1073E+07
  0.9522E+07
  0.1323E+07
  0.1217E+07
  0.1798E+07
  0.6613E+07
  0.8192E+06
  0.5776E+07
  0.2303E+07
  0.3971E+07
  0.9386E+06
  0.2397E+07
  0.7594E+06
  0.1945E+07
  0.1453E+07
  0.3298E+07
  0.2701E+07
  0.7328E+06
  0.1034E+07
  0.1885E+07
  0.3033E+07
  0.5533E+07
  0.6212E+07
  0.8355E+06
  0.1305E+07
  0.2588E+07
  0.1379E+07
  0.7780E+06
  0.1823E+07
  0.1392E+07
  0.1052E+07
  0.4414E+07
  0.2527E+07
  0.1903E+07
  0.1477E+07
  0.1892E+07
  0.1611E+07
  0.3983E+07
  0.1551E+07
  0.1296E+07
  0.1211E+07
  0.1018E+08
  0.2585E+07
  0.1164E+07
  0.2226E+07
  0.1442E+07
  0.2296E+07
  0.1637E+07
  0.1347E+07
  0.2529E+07
  0.9718E+06
  0.1805E+07
  0.1282E+07
  0.1275E+07
  0.2438E+07
  0.9433E+06
  0.5039E+07
  0.1615E+07
  0.1392E+07
  0.5169E+07
  0.4731E+07
  0.1335E+07
  0.1525E+06
  0.1163E+07
  0.2352E+07
  0.8198E+06
  0.3582E+07
  0.1282E+07
  0.6098E+07
  0.8343E+06
  0.6742E+07
  0.1101E+07
  0.1250E+07
  0.1095E+07
  0.1981E+07
  0.3127E+07
  0.8532E+06
  0.1870E+07
  0.1171E+07
  0.1476E+07
  0.2547E+07
  0.1936E+07
  0.1381E+07
  0.1558E+07
  0.5214E+07
  0.8338E+06
  0.2921E+07
  0.7069E+06
  0.2357E+07
  0.7499E+06
  0.1908E+07
  0.6738E+06
  0.2281E+07
  0.6461E+06
  0.2000E+07
  0.6198E+06
  0.4355E+07
  0.2264E+07
  0.1458E+07
  0.1758E+07
  0.7678E+06
  0.1721E+07
  0.1309E+07
  0.1068E+08
  0.3354E+07
  0.8245E+06
  0.1581E+07
  0.6994E+06
  0.2693E+07
  0.7600E+06
  0.1834E+07
  0.7430E+06
  0.2851E+07
  0.9690E+06
  0.2158E+07
  0.7699E+06
  0.1738E+07
  0.6893E+06
  0.2995E+07
  0.6798E+06
  0.1333E+07
  0.1405E+07
  0.2212E+07
  0.7453E+06
  0.1827E+07
  0.1123E+07
  0.1640E+07
  0.7294E+06
  0.2952E+07
  0.9973E+06
  0.6342E+06
  0.5439E+07
  0.6956E+06
  0.2071E+07
  0.1335E+07
  0.1848E+07
  0.6767E+06
  0.5611E+07
  0.8293E+06
  0.5296E+07
  0.7708E+06
  0.1525E+06
SCALARS chi float 1
LOOKUP_TABLE default
  0.0000E+00
  0.0000E+00
  0.0000E+00
  0.0000E+00
  0.0000E+00
  0.0000E+00
  0.0000E+00
  0.0000E+00
  0.0000E+00
  0.0000E+00
  0.0000E+00
  0.0000E+00
  0.0000E+00
  0.0000E+00
  0.0000E+00
  0.0000E+00
  0.0000E+00
  0.0000E+00
  0.0000E+00
  0.0000E+00
  0.0000E+00
  0.0000E+00
  0.0000E+00
  0.0000E+00
  0.0000E+00
  0.0000E+00
  0.0000E+00
  0.0000E+00
  0.0000E+00
  0.0000E+00
  0.0000E+00
  0.0000E+00
  0.0000E+00
  0.0000E+00
  0.0000E+00
  0.0000E+00
  0.0000E+00
  0.0000E+00
  0.0000E+00
  0.0000E+00
  0.0000E+00
  0.0000E+00
  0.0000E+00
  0.0000E+00
  0.0000E+00
  0.0000E+00
  0.0000E+00
  0.0000E+00
  0.0000E+00
  0.0000E+00
  0.0000E+00
  0.0000E+00
  0.0000E+00
  0.0000E+00
  0.0000E+00
  0.0000E+00
  0.0000E+00
  0.0000E+00
  0.0000E+00
  0.0000E+00
  0.0000E+00
  0.0000E+00
  0.0000E+00
  0.0000E+00
  0.0000E+00
  0.0000E+00
  0.0000E+00
  0.0000E+00
  0.0000E+00
  0.0000E+00
  0.0000E+00
  0.0000E+00
  0.0000E+00
  0.0000E+00
  0.0000E+00
  0.0000E+00
  0.0000E+00
  0.0000E+00
  0.0000E+00
  0.0000E+00
  0.0000E+00
  0.8830E+00
  0.5019E+00
  0.5081E+00
  0.8432E+00
  0.1190E+01
  0.5735E+00
  0.8539E+00
  0.8618E+00
  0.8096E+00
  0.5745E+00
  0.1044E+01
  0.4845E+00
  0.7191E+00
  0.7951E+00
  0.1221E+01
  0.3909E+00
  0.7146E+00
  0.7962E+00
  0.7692E+00
  0.1123E+01
  0.7908E+00
  0.6014E+00
  0.7314E+00
  0.3928E+00
  0.9562E+00
  0.9522E+00
  0.6214E+00
  0.9374E+00
  0.7253E+00
  0.4035E+00
  0.6316E+00
  0.6787E+00
  0.6354E+00
  0.4016E+00
  0.7704E+00
  0.4311E+00
  0.7463E+00
  0.1894E+01
  0.7805E+00
  0.9970E+00
  0.6258E+00
  0.7154E+00
  0.6696E+00
  0.7046E+00
  0.0000E+00
  0.0000E+00
  0.0000E+00
  0.1435E+01
  0.1208E+01
  0.1745E+01
  0.6362E+00
  0.0000E+00
  0.1532E+01
  0.1642E+01
  0.9033E+00
  0.1387E+01
  0.0000E+00
  0.4903E+00
  0.1320E+01
  0.7887E+00
  0.0000E+00
  0.5166E+00
  0.0000E+00
  0.1452E+01
  0.0000E+00
  0.9599E+00
  0.1236E+01
  0.0000E+00
  0.9201E+00
  0.1731E+01
  0.1330E+01
  0.0000E+00
  0.6995E+00
  0.0000E+00
  0.7834E+00
  0.2622E+01
  0.1285E+01
  0.5878E+00
  0.9701E+00
  0.1174E+01
  0.1253E+01
  0.7002E+00
  0.1166E+01
  0.2019E+01
  0.0000E+00
  0.1321E+01
  0.1046E+01
  0.9074E+00
  0.0000E+00
  0.7545E+00
  0.0000E+00
  0.0000E+00
  0.7563E+00
  0.1393E+01
  0.2072E+01
  0.1019E+01
  0.7314E+00
  0.1111E+01
  0.0000E+00
  0.8284E+00
  0.0000E+00
  0.7820E+00
  0.0000E+00
  0.1310E+01
  0.1903E+01
  0.1276E+01
  0.7895E+00
  0.1271E+01
  0.2111E+01
  0.1182E+01
  0.4026E+00
  0.4516E+00
  0.1136E+01
  0.2113E+01
  0.8666E+00
  0.2285E+01
  0.0000E+00
  0.4322E+00
  0.8812E+00
  0.8506E+00
  0.1026E+01
  0.1602E+01
  0.1385E+01
  0.1908E+01
  0.1733E+01
  0.0000E+00
  0.1211E+01
  0.3462E+01
  0.7237E+00
  0.0000E+00
  0.4694E+00
  0.8878E+00
  0.8880E+00
  0.0000E+00
  0.9280E+00
  0.0000E+00
  0.1011E+01
  0.1106E+01
  0.0000E+00
  0.0000E+00
  0.0000E+00
  0.3577E+00
  0.7150E+00
  0.1228E+01
  0.0000E+00
  0.1270E+01
  0.0000E+00
  0.0000E+00
  0.9144E+00
  0.1086E+01
  0.8267E+00
  0.0000E+00
  0.7799E+00
  0.1545E+01
  0.1892E+01
  0.6556E+00
  0.1220E+01
  0.4580E+00
  0.1513E+01
  0.1083E+01
  0.1894E+01
  0.8044E+00
  0.0000E+00
  0.9911E+00
  0.1067E+01
  0.0000E+00
  0.9597E+00
  0.1670E+01
  0.0000E+00
  0.2088E+01
  0.1111E+01
  0.1449E+01
  0.1434E+01
  0.1442E+01
  0.1366E+01
  0.5128E+00
  0.0000E+00
  0.1748E+01
  0.9909E+00
  0.0000E+00
  0.0000E+00
  0.1286E+01
  0.1510E+01
  0.5376E+00
  0.1149E+01
  0.0000E+00
  0.0000E+00
  0.0000E+00
  0.7599E+00
  0.1630E+01
  0.2041E+01
  0.6316E+00
  0.0000E+00
  0.1871E+01
  0.1158E+01
  0.0000E+00
  0.0000E+00
  0.3685E+00
  0.6939E+00
  0.1276E+01
  0.5679E+00
  0.0000E+00
  0.9482E+00
  0.0000E+00
  0.1103E+01
  0.0000E+00
  0.6071E+00
  0.6710E+00
  0.1771E+01
  0.0000E+00
  0.8727E+00
  0.7841E+00
  0.0000E+00
  0.8284E+00
  0.4008E+00
  0.7510E+00
  0.1148E+01
  0.7302E+00
  0.0000E+00
  0.1465E+01
  0.6152E+00
  0.5175E+00
  0.0000E+00
  0.5310E+00
  0.1440E+01
  0.3969E+00
  0.9677E+00
  0.1058E+01
  0.7119E+00
  0.1460E+01
  0.1510E+01
  0.1704E+01
  0.1602E+01
  0.6543E+00
  0.1227E+01
  0.1971E+01
  0.8931E+00
  0.0000E+00
  0.0000E+00
  0.1616E+01
  0.0000E+00
  0.7961E+00
  0.0000E+00
  0.7337E+00
  0.1156E+01
  0.4515E+00
  0.7871E+00
  0.8642E+00
  0.1416E+01
  0.1484E+01
  0.0000E+00
  0.8468E+00
  0.1000E+01
  0.1129E+01
  0.0000E+00
  0.1225E+01
  0.0000E+00
  0.1319E+01
  0.1010E+01
  0.1153E+01
  0.7986E+00
  0.0000E+00
  0.1401E+01
  0.1599E+01
  0.1234E+01
  0.1358E+01
  0.3982E+00
  0.0000E+00
  0.1425E+01
  0.8143E+00
  0.0000E+00
  0.1162E+01
  0.1366E+01
  0.8307E+00
  0.0000E+00
  0.1665E+01
  0.7643E+00
  0.0000E+00
  0.4027E+00
  0.8320E+00
  0.0000E+00
  0.7863E+00
  0.6408E+00
  0.0000E+00
  0.0000E+00
  0.0000E+00
  0.1819E+01
  0.7740E+00
  0.1711E+01
  0.1515E+01
  0.6522E+00
  0.9265E+00
  0.0000E+00
  0.1275E+01
  0.0000E+00
  0.7927E+00
  0.1758E+01
  0.1214E+01
  0.9082E+00
  0.7468E+00
  0.0000E+00
  0.0000E+00
  0.8126E+00
  0.1076E+01
  0.6938E+00
  0.0000E+00
  0.1452E+01
  0.8381E+00
  0.0000E+00
  0.0000E+00
  0.8176E+00
  0.1510E+01
  0.0000E+00
  0.2249E+01
  0.0000E+00
  0.1303E+01
  0.1436E+01
  0.0000E+00
  0.2035E+01
  0.1333E+01
  0.1560E+01
  0.6385E+00
  0.0000E+00
  0.1078E+01
  0.7473E+00
  0.1363E+01
  0.6852E+00
  0.8043E+00
  0.0000E+00
  0.6036E+00
  0.6864E+00
  0.0000E+00
  0.0000E+00
  0.1459E+01
  0.7200E+00
  0.5605E+00
  0.1682E+01
  0.5296E+00
  0.0000E+00
  0.9149E+00
  0.0000E+00
  0.1872E+01
  0.7905E+00
  0.0000E+00
  0.8630E+00
  0.1173E+01
  0.1292E+01
  0.7431E+00
  0.7158E+00
  0.1303E+01
  0.0000E+00
  0.1331E+01
  0.1436E+01
  0.6286E+00
  0.1259E+01
  0.5048E+00
  0.7712E+00
  0.1178E+01
  0.5271E+00
  0.6765E+00
  0.3108E+01
  0.6620E+00
  0.1551E+01
  0.0000E+00
  0.1382E+01
  0.6908E+00
  0.1198E+01
  0.0000E+00
  0.5781E+00
  0.1526E+01
  0.1569E+01
  0.6969E+00
  0.0000E+00
  0.1561E+01
  0.9122E+00
  0.1208E+01
  0.0000E+00
  0.5482E+00
  0.1652E+01
  0.0000E+00
  0.0000E+00
  0.1721E+01
  0.0000E+00
  0.2109E+01
  0.9939E+00
  0.2237E+01
  0.2832E+01
  0.1076E+01
  0.8617E+00
  0.1898E+01
  0.0000E+00
  0.0000E+00
  0.0000E+00
  0.1972E+01
  0.1169E+01
  0.7013E+00
  0.0000E+00
  0.0000E+00
  0.2872E+01
  0.0000E+00
  0.0000E+00
  0.8589E+00
  0.1008E+01
  0.7208E+00
  0.0000E+00
  0.6512E+00
  0.1377E+01
  0.6035E+00
  0.1574E+01
  0.6406E+00
  0.9001E+00
  0.1535E+01
  0.0000E+00
  0.7635E+00
  0.2192E+01
  0.4398E+00
  0.8007E+00
  0.8424E+00
  0.0000E+00
  0.1040E+01
  0.0000E+00
  0.9831E+00
  0.1043E+01
  0.1585E+01
  0.0000E+00
  0.0000E+00
  0.3619E+00
  0.9565E+00
  0.1009E+01
  0.8117E+00
  0.9065E+00
  0.0000E+00
  0.2044E+01
  0.1757E+01
  0.4394E+00
  0.0000E+00
  0.1794E+01
  0.1072E+01
  0.1654E+01
  0.1272E+01
  0.8971E+00
  0.9350E+00
  0.0000E+00
  0.1004E+01
  0.7612E+00
  0.7402E+00
  0.1117E+01
  0.0000E+00
  0.8343E+00
  0.1227E+01
  0.6373E+00
  0.0000E+00
  0.1843E+01
  0.1318E+01
  0.0000E+00
  0.1029E+01
  0.0000E+00
  0.1703E+01
  0.7979E+00
  0.0000E+00
  0.6423E+00
  0.8287E+00
  0.6240E+00
  0.7300E+00
  0.6518E+00
  0.6881E+00
  0.0000E+00
  0.0000E+00
  0.1345E+01
  0.0000E+00
  0.0000E+00
  0.9553E+00
  0.1246E+01
  0.1390E+01
  0.9262E+00
  0.4751E+00
  0.0000E+00
  0.0000E+00
  0.1669E+01
  0.1687E+01
  0.7903E+00
  0.0000E+00
  0.4585E+00
  0.1333E+01
  0.1044E+01
  0.1485E+01
  0.8779E+00
  0.7810E+00
  0.0000E+00
  0.6089E+00
  0.0000E+00
  0.0000E+00
  0.8223E+00
  0.1053E+01
  0.0000E+00
  0.0000E+00
  0.0000E+00
  0.1875E+01
  0.9950E+00
  0.0000E+00
  0.1587E+01
  0.6694E+00
  0.7743E+00
  0.1495E+01
  0.2196E+01
  0.3249E+00
  0.2266E+01
  0.1182E+01
  0.0000E+00
  0.8560E+00
  0.0000E+00
  0.1578E+01
  0.1532E+01
  0.0000E+00
  0.1202E+01
  0.1209E+01
  0.0000E+00
  0.7158E+00
  0.1093E+01
  0.1554E+01
  0.0000E+00
  0.6164E+00
  0.0000E+00
  0.1440E+01
  0.0000E+00
  0.0000E+00
  0.1265E+01
  0.0000E+00
  0.1609E+01
  0.0000E+00
  0.6844E+00
  0.6577E+00
  0.1121E+01
  0.4600E+00
  0.7651E+00
  0.0000E+00
  0.1324E+01
  0.1428E+01
  0.6530E+00
  0.1010E+01
  0.1098E+01
  0.1010E+01
  0.9592E+00
  0.1176E+01
  0.1103E+01
  0.8175E+00
  0.9225E+00
  0.1395E+01
  0.1085E+01
  0.0000E+00
  0.3915E+00
  0.1032E+01
  0.2018E+01
  0.9969E+00
  0.2913E+00
  0.6532E+00
  0.1531E+01
  0.8655E+00
  0.0000E+00
  0.8320E+00
  0.0000E+00
  0.0000E+00
  0.5509E+00
  0.1012E+01
  0.0000E+00
  0.0000E+00
  0.0000E+00
  0.0000E+00
  0.5247E+00
  0.1544E+01
  0.1408E+01
  0.7339E+00
  0.0000E+00
  0.0000E+00
  0.7632E+00
  0.8704E+00
  0.9028E+00
  0.6465E+00
  0.0000E+00
  0.5861E+00
  0.0000E+00
  0.1035E+01
  0.0000E+00
  0.9594E+00
  0.5645E+00
  0.7929E+00
  0.0000E+00
  0.0000E+00
  0.0000E+00
  0.0000E+00
  0.7759E+00
  0.6676E+00
  0.0000E+00
  0.9142E+00
  0.0000E+00
  0.1920E+01
  0.0000E+00
  0.6249E+00
  0.1026E+01
  0.2496E+01
  0.0000E+00
  0.1159E+01
  0.0000E+00
  0.1434E+01
  0.1246E+01
  0.5008E+00
  0.1428E+01
  0.8949E+00
  0.0000E+00
  0.9225E+00
  0.1334E+01
  0.8505E+00
  0.1899E+01
  0.9437E+00
  0.5996E+00
  0.7624E+00
  0.1103E+01
  0.1446E+01
  0.8065E+00
  0.9747E+00
  0.0000E+00
  0.0000E+00
  0.1501E+01
  0.9798E+00
  0.0000E+00
  0.7787E+00
  0.6125E+00
  0.8393E+00
  0.1004E+01
  0.9026E+00
  0.1202E+01
  0.0000E+00
  0.9369E+00
  0.1134E+01
  0.1474E+01
  0.1303E+01
  0.7317E+00
  0.0000E+00
  0.7142E+00
  0.7752E+00
  0.0000E+00
  0.1527E+01
  0.1152E+01
  0.1691E+01
  0.1093E+01
  0.0000E+00
  0.1859E+01
  0.8376E+00
  0.0000E+00
  0.9198E+00
  0.0000E+00
  0.9178E+00
  0.0000E+00
  0.8215E+00
  0.9389E+00
  0.1888E+01
  0.6441E+00
  0.0000E+00
  0.9848E+00
  0.6849E+00
  0.1002E+01
  0.1548E+01
  0.8210E+00
  0.0000E+00
  0.1202E+01
  0.7005E+00
  0.0000E+00
  0.7255E+00
  0.0000E+00
  0.0000E+00
  0.1954E+01
  0.1275E+01
  0.5559E+00
  0.0000E+00
  0.1589E+01
  0.0000E+00
  0.5798E+00
  0.0000E+00
  0.4699E+00
  0.1108E+01
  0.0000E+00
  0.8355E+00
  0.0000E+00
  0.6480E+00
  0.0000E+00
  0.0000E+00
  0.0000E+00
  0.8118E+00
  0.9813E+00
  0.0000E+00
  0.1155E+01
  0.0000E+00
  0.0000E+00
  0.6875E+00
  0.8784E+00
  0.9633E+00
  0.1256E+01
  0.5548E+00
  0.8736E+00
  0.8700E+00
  0.0000E+00
  0.0000E+00
  0.9814E+00
  0.1824E+01
  0.4251E+00
  0.7310E+00
  0.0000E+00
  0.2184E+01
  0.5154E+00
  0.0000E+00
  0.0000E+00
  0.6787E+00
  0.7462E+00
  0.0000E+00
  0.0000E+00
  0.5831E+00
  0.1806E+01
  0.6637E+00
  0.1514E+01
  0.9648E+00
  0.9926E+00
  0.1276E+01
  0.5583E+00
  0.0000E+00
  0.8441E+00
  0.1175E+01
  0.1531E+01
  0.7084E+00
  0.4869E+00
  0.1038E+01
  0.0000E+00
  0.9332E+00
  0.1147E+01
  0.7221E+00
  0.7591E+00
  0.0000E+00
  0.5403E+00
  0.1034E+01
  0.9962E+00
  0.0000E+00
  0.5357E+00
  0.1159E+01
  0.1215E+01
  0.7696E+00
  0.0000E+00
  0.0000E+00
  0.0000E+00
  0.1702E+01
  0.0000E+00
  0.1084E+01
  0.0000E+00
  0.1422E+01
  0.4579E+00
  0.1477E+01
  0.0000E+00
  0.8355E+00
  0.1829E+01
  0.1227E+01
  0.1904E+01
  0.1100E+01
  0.0000E+00
  0.1319E+01
  0.9130E+00
  0.0000E+00
  0.5743E+00
  0.0000E+00
  0.0000E+00
  0.6569E+00
  0.1820E+01
  0.6397E+00
  0.0000E+00
  0.8104E+00
  0.0000E+00
  0.2202E+01
  0.1205E+01
  0.5843E+00
  0.6344E+00
  0.6110E+00
  0.0000E+00
  0.1288E+01
  0.8844E+00
  0.1490E+01
  0.1201E+01
  0.1733E+01
  0.0000E+00
  0.1655E+01
  0.1476E+01
  0.1555E+01
  0.1765E+01
  0.1420E+01
  0.2285E+01
  0.8062E+00
  0.8378E+00
  0.8532E+00
  0.1193E+01
  0.1756E+01
  0.1384E+01
  0.0000E+00
  0.8731E+00
  0.1222E+01
  0.7023E+00
  0.1145E+01
  0.5520E+00
  0.1092E+01
  0.2358E+01
  0.1326E+01
  0.1253E+01
  0.7967E+00
  0.1437E+01
  0.6469E+00
  0.0000E+00
  0.1395E+01
  0.1229E+01
  0.0000E+00
  0.0000E+00
  0.0000E+00
  0.1333E+01
  0.1766E+01
  0.7467E+00
  0.8172E+00
  0.1703E+01
  0.9272E+00
  0.0000E+00
  0.8286E+00
  0.1054E+01
  0.1336E+01
  0.1411E+01
  0.6250E+00
  0.0000E+00
  0.4565E+00
  0.1199E+01
  0.1628E+01
  0.8406E+00
  0.1249E+01
  0.0000E+00
  0.2205E+01
  0.1287E+01
  0.8122E+00
  0.3073E+00
  0.0000E+00
  0.0000E+00
  0.0000E+00
  0.0000E+00
  0.6804E+00
  0.7556E+00
  0.1481E+01
  0.7309E+00
  0.1354E+01
  0.0000E+00
  0.1568E+01
  0.1993E+01
  0.0000E+00
  0.9653E+00
  0.0000E+00
  0.3538E+00
  0.0000E+00
  0.3156E+00
  0.0000E+00
  0.4751E+00
  0.1476E+01
  0.1687E+01
  0.7804E+00
  0.7916E+00
  0.0000E+00
  0.0000E+00
  0.8919E+00
  0.6105E+00
  0.6235E+00
  0.0000E+00
  0.0000E+00
  0.9669E+00
  0.1151E+01
  0.0000E+00
  0.1622E+01
  0.9083E+00
  0.3172E+01
  0.3015E+01
  0.9178E+00
  0.1804E+01
  0.1207E+01
  0.0000E+00
  0.6802E+00
  0.1969E+01
  0.1953E+01
  0.7556E+00
  0.6937E+00
  0.1070E+01
  0.1045E+01
  0.0000E+00
  0.9491E+00
  0.2480E+01
  0.0000E+00
  0.7023E+00
  0.5248E+00
  0.1292E+01
  0.6366E+00
  0.1363E+01
  0.8231E+00
  0.9812E+00
  0.0000E+00
  0.1379E+01
  0.7882E+00
  0.8033E+00
  0.1287E+01
  0.1111E+01
  0.8486E+00
  0.6388E+00
  0.7344E+00
  0.0000E+00
  0.1038E+01
  0.0000E+00
  0.0000E+00
  0.1522E+01
  0.6821E+00
  0.0000E+00
  0.1607E+01
  0.0000E+00
  0.4076E+00
  0.1513E+01
  0.0000E+00
  0.7950E+00
  0.1149E+01
  0.1385E+01
  0.0000E+00
  0.6294E+00
  0.0000E+00
  0.0000E+00
  0.4927E+00
  0.0000E+00
  0.5540E+00
  0.6857E+00
  0.0000E+00
  0.7867E+00
  0.9090E+00
  0.1201E+01
  0.0000E+00
  0.0000E+00
  0.6965E+00
  0.0000E+00
  0.8315E+00
  0.0000E+00
  0.1626E+01
  0.5227E+00
  0.1367E+01
  0.1861E+01
  0.0000E+00
  0.1764E+01
  0.0000E+00
  0.5767E+00
  0.1287E+01
  0.7153E+00
  0.1681E+01
  0.0000E+00
  0.0000E+00
  0.0000E+00
  0.7695E+00
  0.1480E+01
  0.0000E+00
  0.0000E+00
  0.2157E+01
  0.1466E+01
  0.4666E+00
  0.6562E+00
  0.9863E+00
  0.1363E+01
  0.5057E+00
  0.1109E+01
  0.0000E+00
  0.4604E+00
  0.9548E+00
  0.7667E+00
  0.1724E+01
  0.6956E+00
  0.0000E+00
  0.6811E+00
  0.0000E+00
  0.1123E+01
  0.9454E+00
  0.0000E+00
  0.0000E+00
  0.9993E+00
  0.9965E+00
  0.4930E+00
  0.0000E+00
  0.6599E+00
  0.7745E+00
  0.3081E+00
  0.1017E+01
  0.7042E+00
  0.7020E+00
  0.1154E+01
  0.8629E+00
  0.1723E+01
  0.1109E+01
  0.0000E+00
  0.7517E+00
  0.0000E+00
  0.2879E+01
  0.1133E+01
  0.6709E+00
  0.5875E+00
  0.1774E+01
  0.6682E+00
  0.0000E+00
  0.0000E+00
  0.9396E+00
  0.1371E+01
  0.6507E+00
  0.0000E+00
  0.1503E+01
  0.0000E+00
  0.1689E+01
  0.4088E+00
  0.1414E+01
  0.0000E+00
  0.0000E+00
  0.1365E+01
  0.5640E+00
  0.0000E+00
  0.8098E+00
  0.1642E+01
  0.5222E+00
  0.9840E+00
  0.1224E+01
  0.1755E+01
  0.7905E+00
  0.5366E+00
  0.0000E+00
  0.8577E+00
  0.1588E+01
  0.7874E+00
  0.0000E+00
  0.1547E+01
  0.2012E+01
  0.1098E+01
  0.4361E+00
  0.0000E+00
  0.1230E+01
  0.0000E+00
  0.3568E+00
  0.1836E+01
  0.6232E+00
  0.0000E+00
  0.1215E+01
  0.1416E+01
  0.8236E+00
  0.1098E+01
  0.1226E+01
  0.8342E+00
  0.9341E+00
  0.1463E+01
  0.8638E+00
  0.9951E+00
  0.0000E+00
  0.0000E+00
  0.7625E+00
  0.0000E+00
  0.1962E+01
  0.6772E+00
  0.4971E+00
  0.0000E+00
  0.6373E+00
  0.1092E+01
  0.9431E+00
  0.1363E+01
  0.4347E+00
  0.1082E+01
  0.1522E+01
  0.5714E+00
  0.9406E+00
  0.0000E+00
  0.1973E+01
  0.0000E+00
  0.6370E+00
  0.1066E+01
  0.0000E+00
  0.5508E+00
  0.1473E+01
  0.8077E+00
  0.1223E+01
  0.1847E+01
  0.1076E+01
  0.1516E+01
  0.0000E+00
  0.1330E+01
  0.0000E+00
  0.8295E+00
  0.0000E+00
  0.0000E+00
  0.9055E+00
  0.7758E+00
  0.0000E+00
  0.1633E+01
  0.0000E+00
  0.1054E+01
  0.0000E+00
  0.7499E+00
  0.0000E+00
  0.7597E+00
  0.8765E+00
  0.0000E+00
  0.0000E+00
  0.0000E+00
  0.7977E+00
  0.8049E+00
  0.1063E+01
  0.0000E+00
  0.1009E+01
  0.1190E+01
  0.1852E+01
  0.1919E+01
  0.1267E+01
  0.6511E+00
  0.0000E+00
  0.1324E+01
  0.0000E+00
  0.7784E+00
  0.0000E+00
  0.6230E+00
  0.8933E+00
  0.0000E+00
  0.1258E+01
  0.1302E+01
  0.0000E+00
  0.9573E+00
  0.0000E+00
  0.4236E+00
  0.0000E+00
  0.6095E+00
  0.0000E+00
  0.8503E+00
  0.1043E+01
  0.1653E+01
  0.0000E+00
  0.1884E+01
  0.6776E+00
  0.1047E+01
  0.6893E+00
  0.1285E+01
  0.0000E+00
  0.1036E+01
  0.8930E+00
  0.1006E+01
  0.0000E+00
  0.0000E+00
  0.9070E+00
  0.8759E+00
  0.9388E+00
  0.0000E+00
  0.0000E+00
  0.0000E+00
  0.0000E+00
  0.1563E+01
  0.5377E+00
  0.8138E+00
  0.0000E+00
  0.8560E+00
  0.9243E+00
  0.0000E+00
  0.8164E+00
  0.5655E+00
  0.0000E+00
  0.5893E+00
  0.0000E+00
  0.0000E+00
  0.1024E+01
  0.0000E+00
  0.1047E+01
  0.1318E+01
  0.4966E+00
  0.1187E+01
  0.1499E+01
  0.5394E+00
  0.8434E+00
  0.6231E+00
  0.1354E+01
  0.8689E+00
  0.0000E+00
  0.6879E+00
  0.1006E+01
  0.7891E+00
  0.8748E+00
  0.0000E+00
  0.1136E+01
  0.0000E+00
  0.8395E+00
  0.0000E+00
  0.1091E+01
  0.0000E+00
  0.1010E+01
  0.0000E+00
  0.6761E+00
  0.6436E+00
  0.0000E+00
  0.0000E+00
  0.1648E+01
  0.0000E+00
  0.0000E+00
  0.1109E+01
  0.8424E+00
  0.1630E+01
  0.6032E+00
  0.0000E+00
  0.7049E+00
  0.8906E+00
  0.0000E+00
  0.1108E+01
  0.8347E+00
  0.1553E+01
  0.1955E+01
  0.9813E+00
  0.1148E+01
  0.4488E+00
  0.8931E+00
  0.5278E+00
  0.0000E+00
  0.1854E+01
  0.9562E+00
  0.0000E+00
  0.7402E+00
  0.1357E+01
  0.1406E+01
  0.8968E+00
  0.0000E+00
  0.1151E+01
  0.0000E+00
  0.4540E+00
  0.1416E+01
  0.1297E+01
  0.9786E+00
  0.1167E+01
  0.0000E+00
  0.1614E+01
  0.7497E+00
  0.0000E+00
  0.1529E+01
  0.7493E+00
  0.1444E+01
  0.8302E+00
  0.7345E+00
  0.1083E+01
  0.0000E+00
  0.6149E+00
  0.0000E+00
  0.0000E+00
  0.0000E+00
  0.8233E+00
  0.7685E+00
  0.1283E+01
  0.9079E+00
  0.1868E+01
  0.8649E+00
  0.0000E+00
  0.1800E+01
  0.1076E+01
  0.6422E+00
  0.0000E+00
  0.7084E+00
  0.1530E+01
  0.1993E+01
  0.7930E+00
  0.1427E+01
  0.6310E+00
  0.7434E+00
  0.0000E+00
  0.1127E+01
  0.7408E+00
  0.0000E+00
  0.1222E+01
  0.1804E+01
  0.4935E+00
  0.1725E+01
  0.0000E+00
  0.1724E+01
  0.6099E+00
  0.0000E+00
  0.6893E+00
  0.0000E+00
  0.1767E+01
  0.8773E+00
  0.1048E+01
  0.5941E+00
  0.1494E+01
  0.0000E+00
  0.8364E+00
  0.0000E+00
  0.1146E+01
  0.1531E+01
  0.7907E+00
  0.9482E+00
  0.0000E+00
  0.0000E+00
  0.9920E+00
  0.1316E+01
  0.0000E+00
  0.5079E+00
  0.1416E+01
  0.1385E+01
  0.7533E+00
  0.1756E+01
  0.1076E+01
  0.5933E+00
  0.0000E+00
  0.0000E+00
  0.7397E+00
  0.9169E+00
  0.0000E+00
  0.1271E+01
  0.0000E+00
  0.5707E+00
  0.1138E+01
  0.0000E+00
  0.7626E+00
  0.8290E+00
  0.8853E+00
  0.0000E+00
  0.1461E+01
  0.6444E+00
  0.0000E+00
  0.1926E+01
  0.9141E+00
  0.1643E+01
  0.5937E+00
  0.8734E+00
  0.4912E+00
  0.0000E+00
  0.6770E+00
  0.6354E+00
  0.0000E+00
  0.1130E+01
  0.0000E+00
  0.4114E+00
  0.1019E+01
  0.8032E+00
  0.6979E+00
  0.0000E+00
  0.6769E+00
  0.1018E+01
  0.1004E+01
  0.0000E+00
  0.0000E+00
  0.1019E+01
  0.0000E+00
  0.7621E+00
  0.0000E+00
  0.9457E+00
  0.1078E+01
  0.3119E+00
  0.7327E+00
  0.1930E+01
  0.8062E+00
  0.8416E+00
  0.3351E+00
  0.1114E+01
  0.0000E+00
  0.1586E+01
  0.5181E+00
  0.8021E+00
  0.1607E+01
  0.7954E+00
  0.7963E+00
  0.0000E+00
  0.9140E+00
  0.1077E+01
  0.0000E+00
  0.7611E+00
  0.8429E+00
  0.2043E+01
  0.1380E+01
  0.1030E+01
  0.5670E+00
  0.8464E+00
  0.0000E+00
  0.1420E+01
  0.6293E+00
  0.1536E+01
  0.1431E+01
  0.1328E+01
  0.1031E+01
  0.0000E+00
  0.0000E+00
  0.1365E+01
  0.1517E+01
  0.1077E+01
  0.6116E+00
  0.0000E+00
  0.0000E+00
  0.0000E+00
  0.6470E+00
  0.8696E+00
  0.0000E+00
  0.8134E+00
  0.0000E+00
  0.0000E+00
  0.0000E+00
  0.1033E+01
  0.1956E+01
  0.1895E+01
  0.8376E+00
  0.0000E+00
  0.8189E+00
  0.1761E+01
  0.5525E+00
  0.0000E+00
  0.2042E+01
  0.1049E+01
  0.6086E+00
  0.0000E+00
  0.8973E+00
  0.9860E+00
  0.0000E+00
  0.5905E+00
  0.7077E+00
  0.0000E+00
  0.5086E+00
  0.2969E+01
  0.1976E+01
  0.1391E+01
  0.0000E+00
  0.7155E+00
  0.2491E+01
  0.1074E+01
  0.0000E+00
  0.9017E+00
  0.1222E+01
  0.0000E+00
  0.0000E+00
  0.1026E+01
  0.6187E+00
  0.0000E+00
  0.9978E+00
  0.7635E+00
  0.0000E+00
  0.9673E+00
  0.0000E+00
  0.0000E+00
  0.5677E+00
  0.0000E+00
  0.8723E+00
  0.2102E+01
  0.7220E+00
  0.0000E+00
  0.1273E+01
  0.5683E+00
  0.1018E+01
  0.3251E+01
  0.1169E+01
  0.5444E+00
  0.0000E+00
  0.0000E+00
  0.9041E+00
  0.0000E+00
  0.1571E+01
  0.6070E+00
  0.4812E+00
  0.0000E+00
  0.5875E+00
  0.1204E+01
  0.0000E+00
  0.1272E+01
  0.0000E+00
  0.2298E+01
  0.9634E+00
  0.0000E+00
  0.8500E+00
  0.1317E+01
  0.1459E+01
  0.1398E+01
  0.6774E+00
  0.5295E+00
  0.1637E+01
  0.8736E+00
  0.6492E+00
  0.2378E+01
  0.1182E+01
  0.0000E+00
  0.1623E+01
  0.0000E+00
  0.2176E+01
  0.0000E+00
  0.9981E+00
  0.0000E+00
  0.0000E+00
  0.1709E+01
  0.8375E+00
  0.1974E+01
  0.5229E+00
  0.1071E+01
  0.9873E+00
  0.0000E+00
  0.6202E+00
  0.1791E+01
  0.9643E+00
  0.0000E+00
  0.0000E+00
  0.0000E+00
  0.1346E+01
  0.8350E+00
  0.0000E+00
  0.1222E+01
  0.1060E+01
  0.1629E+01
  0.9939E+00
  0.2131E+01
  0.0000E+00
  0.1486E+01
  0.5462E+00
  0.1094E+01
  0.0000E+00
  0.1327E+01
  0.0000E+00
  0.8646E+00
  0.7209E+00
  0.0000E+00
  0.4960E+00
  0.5002E+00
  0.0000E+00
  0.1460E+01
  0.8261E+00
  0.0000E+00
  0.1457E+01
  0.4002E+00
  0.6533E+00
  0.1350E+01
  0.6690E+00
  0.0000E+00
  0.1176E+01
  0.9781E+00
  0.0000E+00
  0.0000E+00
  0.1955E+01
  0.9736E+00
  0.8128E+00
  0.0000E+00
  0.1045E+01
  0.8108E+00
  0.1953E+01
  0.0000E+00
  0.0000E+00
  0.1005E+01
  0.8606E+00
  0.9278E+00
  0.1146E+01
  0.8800E+00
  0.0000E+00
  0.0000E+00
  0.1256E+01
  0.0000E+00
  0.1219E+01
  0.3319E+00
  0.9897E+00
  0.1723E+01
  0.5587E+00
  0.0000E+00
  0.1379E+01
  0.3736E+00
  0.7114E+00
  0.0000E+00
  0.1852E+01
  0.8395E+00
  0.0000E+00
  0.1223E+01
  0.0000E+00
  0.1407E+01
  0.6216E+00
  0.0000E+00
  0.8355E+00
  0.6651E+00
  0.9504E+00
  0.0000E+00
  0.9112E+00
  0.8756E+00
  0.7583E+00
  0.1460E+01
  0.1493E+01
  0.0000E+00
  0.0000E+00
  0.1425E+01
  0.4599E+00
  0.8344E+00
  0.0000E+00
  0.0000E+00
  0.1748E+01
  0.8753E+00
  0.7105E+00
  0.0000E+00
  0.7928E+00
  0.0000E+00
  0.1184E+01
  0.0000E+00
  0.7718E+00
  0.7274E+00
  0.1188E+01
  0.3364E+00
  0.1850E+01
  0.0000E+00
  0.5669E+00
  0.1153E+01
  0.8546E+00
  0.1363E+01
  0.7888E+00
  0.0000E+00
  0.1117E+01
  0.4977E+00
  0.0000E+00
  0.1092E+01
  0.1176E+01
  0.1058E+01
  0.5529E+00
  0.0000E+00
  0.9231E+00
  0.1045E+01
  0.0000E+00
  0.5469E+00
  0.1184E+01
  0.1681E+01
  0.0000E+00
  0.7401E+00
  0.0000E+00
  0.1052E+01
  0.6430E+00
  0.4961E+00
  0.0000E+00
  0.0000E+00
  0.2258E+01
  0.8850E+00
  0.0000E+00
  0.7496E+00
  0.1957E+01
  0.1448E+01
  0.9934E+00
  0.0000E+00
  0.1146E+01
  0.7306E+00
  0.0000E+00
  0.1663E+01
  0.1366E+01
  0.1540E+01
  0.8402E+00
  0.8135E+00
  0.1698E+01
  0.7181E+00
  0.1094E+01
  0.3075E+01
  0.1341E+01
  0.0000E+00
  0.9424E+00
  0.1446E+01
  0.0000E+00
  0.2158E+01
  0.0000E+00
  0.0000E+00
  0.5256E+00
  0.7978E+00
  0.1444E+01
  0.4877E+00
  0.0000E+00
  0.6190E+00
  0.9880E+00
  0.4995E+00
  0.0000E+00
  0.1059E+01
  0.1126E+01
  0.2323E+01
  0.1217E+01
  0.6400E+00
  0.8771E+00
  0.7502E+00
  0.0000E+00
  0.0000E+00
  0.1113E+01
  0.0000E+00
  0.0000E+00
  0.3221E+01
  0.1508E+01
  0.3336E+00
  0.1005E+01
  0.0000E+00
  0.4456E+00
  0.5130E+00
  0.7060E+00
  0.1892E+01
  0.1845E+01
  0.7580E+00
  0.7003E+00
  0.0000E+00
  0.0000E+00
  0.1699E+01
  0.0000E+00
  0.1234E+01
  0.0000E+00
  0.1514E+01
  0.1345E+01
  0.1233E+01
  0.7229E+00
  0.5123E+00
  0.5993E+00
  0.1348E+01
  0.2000E+01
  0.1205E+01
  0.1020E+01
  0.1216E+01
  0.5070E+00
  0.1179E+01
  0.1368E+01
  0.9626E+00
  0.1040E+01
  0.8349E+00
  0.1050E+01
  0.0000E+00
  0.1912E+01
  0.1223E+01
  0.0000E+00
  0.8100E+00
  0.2306E+01
  0.7394E+00
  0.1029E+01
  0.6533E+00
  0.0000E+00
  0.0000E+00
  0.1787E+01
  0.7708E+00
  0.1238E+01
  0.7080E+00
  0.0000E+00
  0.1328E+01
  0.1189E+01
  0.0000E+00
  0.1429E+01
  0.1782E+01
  0.7024E+00
  0.1238E+01
  0.2477E+01
  0.1021E+01
  0.8402E+00
  0.0000E+00
  0.6696E+00
  0.0000E+00
  0.1306E+01
  0.7097E+00
  0.0000E+00
  0.1349E+01
  0.1983E+01
  0.1383E+01
  0.6662E+00
  0.8072E+00
  0.1864E+01
  0.6589E+00
  0.0000E+00
  0.9900E+00
  0.1635E+01
  0.6377E+00
  0.0000E+00
  0.5962E+00
  0.0000E+00
  0.1196E+01
  0.6821E+00
  0.8932E+00
  0.1123E+01
  0.0000E+00
  0.9710E+00
  0.1327E+01
  0.8072E+00
  0.1273E+01
  0.0000E+00
  0.0000E+00
  0.0000E+00
  0.6671E+00
  0.7239E+00
  0.0000E+00
  0.8357E+00
  0.1144E+01
  0.1107E+01
  0.2315E+01
  0.6758E+00
  0.7512E+00
  0.3858E+00
  0.0000E+00
  0.1348E+01
  0.1862E+01
  0.1152E+01
  0.1678E+01
  0.9332E+00
  0.0000E+00
  0.1021E+01
  0.1211E+01
  0.5413E+00
  0.0000E+00
  0.6206E+00
  0.1447E+01
  0.1123E+01
  0.9752E+00
  0.1700E+01
  0.0000E+00
  0.1045E+01
  0.1243E+01
  0.1055E+01
  0.1465E+01
  0.0000E+00
  0.1167E+01
  0.1938E+01
  0.8823E+00
  0.1357E+01
  0.1449E+01
  0.6173E+00
  0.0000E+00
  0.1221E+01
  0.2192E+01
  0.9238E+00
  0.1127E+01
  0.4100E+00
  0.2325E+01
  0.8688E+00
  0.0000E+00
  0.0000E+00
  0.8045E+00
  0.2235E+01
  0.1155E+01
  0.0000E+00
  0.5653E+00
  0.0000E+00
  0.1329E+01
  0.9069E+00
  0.0000E+00
  0.1023E+01
  0.6953E+00
  0.6808E+00
  0.0000E+00
  0.8077E+00
  0.0000E+00
  0.4125E+00
  0.1071E+01
  0.8827E+00
  0.0000E+00
  0.1108E+01
  0.5605E+00
  0.1990E+01
  0.9939E+00
  0.2160E+01
  0.7128E+00
  0.2166E+01
  0.3924E+00
  0.2144E+01
  0.2081E+01
  0.1318E+01
  0.5393E+00
  0.2460E+01
  0.6314E+00
  0.5537E+00
  0.1307E+01
  0.1995E+01
  0.1151E+01
  0.6622E+00
  0.7555E+00
  0.1428E+01
  0.0000E+00
  0.2246E+01
  0.0000E+00
  0.0000E+00
  0.1410E+01
  0.9214E+00
  0.0000E+00
  0.0000E+00
  0.7694E+00
  0.1596E+01
  0.9650E+00
  0.9308E+00
  0.7944E+00
  0.5449E+00
  0.1399E+01
  0.6109E+00
  0.7199E+00
  0.0000E+00
  0.1523E+01
  0.5323E+00
  0.2149E+01
  0.1172E+01
  0.1490E+01
  0.1173E+01
  0.5095E+00
  0.0000E+00
  0.9547E+00
  0.0000E+00
  0.7665E+00
  0.0000E+00
  0.7610E+00
  0.0000E+00
  0.1425E+01
  0.1590E+01
  0.1421E+01
  0.0000E+00
  0.8946E+00
  0.0000E+00
  0.7872E+00
  0.1581E+01
  0.1069E+01
  0.1294E+01
  0.7588E+00
  0.0000E+00
  0.6248E+00
  0.0000E+00
  0.5805E+00
  0.5089E+00
  0.6250E+00
  0.1229E+01
  0.1358E+01
  0.1311E+01
  0.5537E+00
  0.1140E+01
  0.0000E+00
  0.0000E+00
  0.0000E+00
  0.0000E+00
  0.6649E+00
  0.0000E+00
  0.1043E+01
  0.1070E+01
  0.0000E+00
  0.0000E+00
  0.9701E+00
  0.0000E+00
  0.0000E+00
  0.7170E+00
  0.0000E+00
  0.1156E+01
  0.4195E+00
  0.1658E+01
  0.4509E+00
  0.0000E+00
  0.8174E+00
  0.7132E+00
  0.0000E+00
  0.8699E+00
  0.0000E+00
  0.6583E+00
  0.1576E+01
  0.5218E+00
  0.7173E+00
  0.1052E+01
  0.8608E+00
  0.9981E+00
  0.0000E+00
  0.1244E+01
  0.5613E+00
  0.0000E+00
  0.0000E+00
  0.1281E+01
  0.1361E+01
  0.0000E+00
  0.1549E+01
  0.1565E+01
  0.6565E+00
  0.1440E+01
  0.4647E+00
  0.0000E+00
  0.2970E+00
  0.0000E+00
  0.0000E+00
  0.1876E+01
  0.0000E+00
  0.6456E+00
  0.8896E+00
  0.0000E+00
  0.1832E+01
  0.1196E+01
  0.1063E+01
  0.9723E+00
  0.8077E+00
  0.0000E+00
  0.0000E+00
  0.1028E+01
  0.0000E+00
  0.9171E+00
  0.0000E+00
  0.8916E+00
  0.8888E+00
  0.0000E+00
  0.6619E+00
  0.1420E+01
  0.6382E+00
  0.2060E+01
  0.9371E+00
  0.4302E+00
  0.1756E+01
  0.8820E+00
  0.0000E+00
  0.0000E+00
  0.0000E+00
  0.9077E+00
  0.1312E+01
  0.3776E+00
  0.4516E+00
  0.0000E+00
  0.7082E+00
  0.8640E+00
  0.9505E+00
  0.0000E+00
  0.1322E+01
  0.8054E+00
  0.8520E+00
  0.0000E+00
  0.0000E+00
  0.1385E+01
  0.9116E+00
  0.6457E+00
  0.0000E+00
  0.0000E+00
  0.9051E+00
  0.1170E+01
  0.1914E+01
  0.9100E+00
  0.7901E+00
  0.1796E+01
  0.4068E+00
  0.7541E+00
  0.0000E+00
  0.1435E+01
  0.9164E+00
  0.7628E+00
  0.5470E+00
  0.1857E+01
  0.9524E+00
  0.8856E+00
  0.1408E+01
  0.1402E+01
  0.4576E+00
  0.1214E+01
  0.8617E+00
  0.1618E+01
  0.6445E+00
  0.1112E+01
  0.9097E+00
  0.1046E+01
  0.1960E+01
  0.8949E+00
  0.2067E+01
  0.1321E+01
  0.1093E+01
  0.1031E+01
  0.1568E+01
  0.7134E+00
  0.1702E+01
  0.1711E+01
  0.6181E+00
  0.8799E+00
  0.0000E+00
  0.1170E+01
  0.9729E+00
  0.9784E+00
  0.6617E+00
  0.2265E+01
  0.7726E+00
  0.0000E+00
  0.0000E+00
  0.7752E+00
  0.6715E+00
  0.0000E+00
  0.8172E+00
  0.0000E+00
  0.9369E+00
  0.1008E+01
  0.0000E+00
  0.0000E+00
  0.1138E+01
  0.4394E+00
  0.1244E+01
  0.0000E+00
  0.0000E+00
  0.2004E+01
  0.0000E+00
  0.8410E+00
  0.0000E+00
  0.1119E+01
  0.0000E+00
  0.4311E+00
  0.0000E+00
  0.0000E+00
  0.1054E+01
  0.0000E+00
  0.1707E+01
  0.6409E+00
  0.0000E+00
  0.5883E+00
  0.2068E+01
  0.1888E+01
  0.1000E+01
  0.9303E+00
  0.2187E+01
  0.0000E+00
  0.9455E+00
  0.0000E+00
  0.6188E+00
  0.0000E+00
  0.7823E+00
  0.1104E+01
  0.4523E+00
  0.0000E+00
  0.8619E+00
  0.1789E+01
  0.6205E+00
  0.1500E+01
  0.1095E+01
  0.0000E+00
  0.1627E+01
  0.8187E+00
  0.0000E+00
  0.0000E+00
  0.0000E+00
  0.8521E+00
  0.7854E+00
  0.0000E+00
  0.2433E+01
  0.0000E+00
  0.1060E+01
  0.9774E+00
  0.1626E+01
  0.2047E+01
  0.9033E+00
  0.8016E+00
  0.1671E+01
  0.6512E+00
  0.1018E+01
  0.1769E+01
  0.2102E+01
  0.1431E+01
  0.1480E+01
  0.5417E+00
  0.1081E+01
  0.2149E+01
  0.1840E+01
  0.8267E+00
  0.1456E+01
  0.1454E+01
  0.5846E+00
  0.0000E+00
  0.1101E+01
  0.0000E+00
  0.1384E+01
  0.6748E+00
  0.8662E+00
  0.1774E+01
  0.1787E+01
  0.1772E+01
  0.8619E+00
  0.7997E+00
  0.0000E+00
  0.8269E+00
  0.0000E+00
  0.1381E+01
  0.5011E+00
  0.1530E+01
  0.9086E+00
  0.0000E+00
  0.0000E+00
  0.6530E+00
  0.9296E+00
  0.2547E+01
  0.9323E+00
  0.1884E+01
  0.8270E+00
  0.0000E+00
  0.8612E+00
  0.9949E+00
  0.0000E+00
  0.0000E+00
  0.1904E+01
  0.2329E+01
  0.0000E+00
  0.8969E+00
  0.0000E+00
  0.1009E+01
  0.4828E+00
  0.0000E+00
  0.0000E+00
  0.1409E+01
  0.7505E+00
  0.1512E+01
  0.2279E+01
  0.1774E+01
  0.8431E+00
  0.5202E+00
  0.7489E+00
  0.0000E+00
  0.6212E+00
  0.1342E+01
  0.0000E+00
  0.8657E+00
  0.0000E+00
  0.6387E+00
  0.0000E+00
  0.2192E+01
  0.8281E+00
  0.0000E+00
  0.1040E+01
  0.0000E+00
  0.5858E+00
  0.8617E+00
  0.0000E+00
  0.1915E+01
  0.0000E+00
  0.0000E+00
  0.1940E+01
  0.1298E+01
  0.1384E+01
  0.1993E+01
  0.9567E+00
  0.0000E+00
  0.1354E+01
  0.0000E+00
  0.0000E+00
  0.2095E+01
  0.8952E+00
  0.1185E+01
  0.1161E+01
  0.1806E+01
  0.2257E+01
  0.1271E+01
  0.9041E+00
  0.1246E+01
  0.1433E+01
  0.1007E+01
  0.0000E+00
  0.1985E+01
  0.8855E+00
  0.1521E+01
  0.0000E+00
  0.0000E+00
  0.1657E+01
  0.8639E+00
  0.1164E+01
  0.0000E+00
  0.8875E+00
  0.2074E+01
  0.7298E+00
  0.0000E+00
  0.1310E+01
  0.0000E+00
  0.8645E+00
  0.0000E+00
  0.2399E+01
  0.1270E+01
  0.2486E+01
  0.1349E+01
  0.1998E+01
  0.9793E+00
  0.1123E+01
  0.0000E+00
  0.0000E+00
  0.7512E+00
  0.6862E+00
  0.5255E+00
  0.4598E+00
  0.9670E+00
  0.8700E+00
  0.7213E+00
  0.9070E+00
  0.1228E+01
  0.7133E+00
  0.9773E+00
  0.1045E+01
  0.5830E+00
  0.5322E+00
  0.7030E+00
  0.7571E+00
  0.5920E+00
  0.6403E+00
  0.3922E+00
  0.9287E+00
  0.8617E+00
  0.9928E+00
  0.3346E+00
  0.7216E+00
  0.8389E+00
  0.6560E+00
  0.6951E+00
  0.7749E+00
  0.8651E+00
  0.7117E+00
  0.6193E+00
  0.7980E+00
  0.6653E+00
  0.1025E+01
  0.6849E+00
  0.7086E+00
  0.1337E+01
  0.3834E+00
  0.7777E+00
  0.8420E+00
  0.4307E+00
  0.5655E+00
  0.0000E+00
  0.0000E+00
  0.0000E+00
  0.0000E+00
  0.0000E+00
  0.0000E+00
  0.0000E+00
  0.0000E+00
  0.0000E+00
  0.0000E+00
  0.0000E+00
  0.0000E+00
  0.0000E+00
  0.0000E+00
  0.0000E+00
  0.0000E+00
  0.0000E+00
  0.0000E+00
  0.0000E+00
  0.0000E+00
  0.0000E+00
  0.0000E+00
  0.0000E+00
  0.0000E+00
  0.0000E+00
  0.0000E+00
  0.0000E+00
  0.0000E+00
  0.0000E+00
  0.0000E+00
  0.0000E+00
  0.0000E+00
  0.0000E+00
  0.0000E+00
  0.0000E+00
  0.0000E+00
  0.0000E+00
  0.0000E+00
  0.0000E+00
  0.0000E+00
  0.0000E+00
  0.0000E+00
  0.0000E+00
  0.0000E+00
  0.0000E+00
  0.0000E+00
  0.0000E+00
  0.0000E+00
  0.0000E+00
  0.0000E+00
  0.0000E+00
  0.0000E+00
  0.0000E+00
  0.0000E+00
  0.0000E+00
  0.0000E+00
  0.0000E+00
  0.0000E+00
  0.0000E+00
  0.0000E+00
  0.0000E+00
  0.0000E+00
  0.0000E+00
  0.0000E+00
  0.0000E+00
  0.0000E+00
  0.0000E+00
  0.0000E+00
  0.0000E+00
  0.0000E+00
  0.0000E+00
  0.0000E+00
  0.0000E+00
  0.0000E+00
  0.0000E+00
  0.0000E+00
  0.0000E+00
  0.0000E+00
  0.0000E+00
  0.0000E+00
  0.0000E+00
 CELL_DATA       2452
SCALARS strahler float 1
LOOKUP_TABLE default
  1
  1
  1
  1
  1
  1
  1
  1
  1
  1
  1
  1
  1
  1
  1
  1
  1
  1
  1
  1
  1
  1
  1
  1
  1
  2
  1
  1
  1
  1
  1
  1
  1
  1
  1
  1
  1
  1
  1
  1
  1
  1
  1
  1
  1
  1
  1
  1
  1
  1
  1
  2
  1
  1
  1
  1
  1
  1
  1
  1
  1
  1
  1
  1
  1
  1
  1
  1
  1
  1
  1
  1
  1
  1
  1
  1
  1
  1
  1
  1
  1
  1
  1
  1
  1
  1
  1
  1
  1
  1
  1
  1
  1
  1
  1
  1
  2
  1
  1
  1
  1
  1
  1
  1
  1
  1
  1
  1
  1
  1
  2
  1
  1
  1
  1
  1
  1
  1
  1
  1
  1
  1
  1
  1
  1
  1
  1
  1
  1
  1
  1
  1
  1
  1
  1
  1
  1
  2
  1
  1
  2
  2
  1
  1
  1
  3
  1
  1
  2
  1
  1
  1
  1
  1
  1
  2
  1
  1
  1
  1
  1
  1
  1
  1
  1
  1
  1
  1
  1
  2
  1
  1
  1
  1
  1
  1
  1
  1
  1
  2
  1
  2
  1
  1
  1
  1
  2
  1
  1
  1
  1
  2
  2
  2
  1
  1
  1
  1
  2
  1
  1
  1
  1
  1
  1
  1
  2
  1
  1
  1
  2
  1
  1
  1
  1
  1
  2
  1
  1
  1
  1
  2
  2
  2
  2
  2
  1
  1
  1
  1
  1
  1
  2
  1
  1
  1
  1
  1
  2
  1
  1
  1
  1
  2
  1
  1
  3
  1
  1
  2
  1
  1
  1
  1
  1
  1
  2
  3
  1
  1
  2
  1
  1
  1
  1
  1
  1
  1
  1
  1
  1
  1
  1
  2
  1
  1
  2
  2
  1
  1
  1
  1
  1
  1
  2
  1
  2
  1
  1
  1
  2
  1
  1
  2
  1
  2
  1
  1
  1
  2
  1
  2
  1
  2
  1
  1
  2
  1
  1
  2
  1
  1
  1
  1
  2
  1
  1
  1
  1
  1
  1
  1
  1
  1
  1
  1
  1
  1
  1
  1
  1
  2
  1
  1
  1
  1
  1
  1
  1
  1
  1
  1
  1
  1
  1
  1
  1
  2
  3
  1
  1
  2
  1
  1
  1
  2
  1
  1
  2
  2
  1
  2
  1
  1
  1
  1
  1
  1
  1
  1
  1
  1
  1
  2
  1
  2
  1
  1
  1
  1
  1
  2
  1
  1
  1
  1
  1
  1
  1
  2
  2
  1
  1
  1
  1
  2
  1
  1
  2
  1
  1
  1
  1
  1
  1
  1
  1
  1
  1
  2
  1
  1
  1
  1
  1
  2
  2
  1
  1
  2
  1
  1
  1
  1
  1
  1
  1
  1
  1
  1
  1
  2
  1
  1
  2
  1
  1
  1
  1
  2
  1
  1
  1
  1
  2
  1
  1
  1
  2
  2
  1
  1
  1
  2
  1
  1
  1
  1
  1
  1
  1
  1
  1
  3
  1
  1
  1
  1
  1
  1
  1
  1
  2
  2
  1
  1
  1
  2
  1
  1
  2
  1
  1
  1
  1
  2
  1
  1
  1
  1
  2
  1
  1
  2
  1
  1
  2
  1
  1
  1
  1
  2
  1
  1
  1
  1
  2
  2
  2
  1
  1
  1
  1
  1
  1
  1
  2
  1
  2
  1
  1
  1
  1
  2
  1
  1
  1
  1
  1
  1
  1
  1
  2
  1
  1
  2
  1
  2
  1
  1
  2
  1
  1
  1
  1
  1
  1
  2
  1
  1
  1
  1
  1
  1
  1
  1
  1
  1
  1
  1
  1
  1
  2
  1
  1
  2
  1
  1
  1
  3
  2
  1
  1
  1
  1
  2
  2
  1
  1
  1
  2
  1
  1
  1
  1
  1
  2
  1
  1
  2
  1
  2
  1
  1
  1
  1
  1
  2
  1
  1
  1
  2
  1
  2
  1
  1
  1
  1
  2
  1
  2
  1
  1
  1
  2
  1
  2
  1
  1
  1
  1
  1
  1
  1
  1
  1
  1
  1
  1
  1
  2
  2
  2
  1
  1
  2
  1
  1
  1
  1
  1
  1
  2
  1
  1
  1
  1
  1
  1
  2
  1
  1
  1
  1
  1
  1
  1
  1
  1
  2
  1
  2
  1
  2
  1
  1
  1
  1
  1
  1
  2
  1
  1
  2
  1
  2
  1
  2
  1
  1
  1
  1
  1
  2
  1
  1
  2
  1
  1
  2
  1
  1
  1
  1
  1
  1
  1
  1
  1
  1
  1
  1
  1
  1
  1
  2
  1
  1
  1
  1
  1
  1
  2
  1
  1
  1
  1
  1
  2
  1
  1
  1
  1
  1
  1
  1
  1
  1
  1
  1
  1
  2
  1
  2
  1
  1
  1
  1
  2
  1
  1
  1
  1
  1
  2
  1
  1
  2
  1
  1
  1
  1
  1
  1
  2
  1
  2
  1
  1
  2
  1
  2
  1
  2
  1
  1
  1
  2
  1
  1
  1
  1
  2
  2
  1
  1
  1
  1
  1
  1
  1
  2
  2
  1
  1
  1
  1
  2
  1
  2
  1
  1
  1
  1
  1
  1
  1
  1
  2
  1
  1
  1
  1
  1
  2
  1
  1
  1
  1
  2
  1
  1
  1
  1
  1
  1
  2
  1
  1
  1
  2
  1
  1
  1
  1
  2
  2
  1
  1
  1
  1
  2
  1
  2
  1
  2
  1
  1
  1
  1
  2
  2
  1
  1
  2
  1
  1
  1
  1
  1
  1
  2
  1
  2
  1
  1
  1
  1
  1
  2
  1
  2
  1
  1
  1
  1
  1
  1
  1
  1
  1
  1
  1
  1
  1
  1
  1
  1
  2
  1
  1
  1
  1
  1
  1
  1
  1
  1
  1
  1
  2
  2
  1
  1
  1
  1
  1
  1
  1
  1
  1
  1
  1
  2
  1
  1
  1
  2
  1
  2
  2
  1
  1
  1
  1
  2
  1
  1
  2
  2
  2
  2
  2
  1
  1
  1
  1
  1
  1
  1
  1
  1
  1
  1
  2
  2
  2
  2
  2
  1
  1
  1
  1
  1
  1
  1
  1
  1
  1
  1
  2
  1
  1
  2
  1
  1
  1
  1
  1
  1
  1
  2
  1
  1
  1
  1
  1
  1
  1
  2
  1
  1
  2
  1
  1
  1
  2
  1
  2
  1
  2
  1
  1
  1
  1
  1
  1
  1
  1
  2
  1
  1
  1
  1
  1
  2
  1
  2
  1
  1
  2
  1
  1
  1
  1
  1
  1
  1
  1
  2
  1
  1
  1
  1
  1
  1
  2
  1
  1
  2
  1
  2
  1
  1
  1
  1
  2
  1
  2
  1
  1
  1
  1
  1
  2
  2
  1
  1
  1
  1
  1
  1
  2
  1
  1
  1
  2
  1
  2
  2
  1
  1
  1
  1
  1
  1
  1
  1
  1
  2
  2
  1
  1
  1
  2
  1
  1
  1
  1
  1
  1
  1
  1
  1
  1
  2
  1
  2
  1
  1
  1
  1
  1
  1
  1
  1
  1
  1
  1
  2
  1
  3
  1
  1
  1
  2
  1
  1
  2
  2
  1
  1
  1
  1
  1
  1
  1
  1
  2
  1
  1
  1
  2
  1
  1
  1
  2
  2
  1
  2
  1
  1
  2
  1
  1
  1
  2
  1
  1
  1
  1
  1
  1
  1
  1
  1
  1
  1
  1
  1
  2
  2
  2
  1
  1
  1
  1
  1
  1
  1
  1
  1
  1
  1
  1
  1
  2
  1
  1
  1
  1
  1
  1
  1
  1
  1
  1
  1
  1
  2
  1
  1
  1
  1
  2
  1
  2
  1
  2
  1
  1
  2
  1
  1
  1
  1
  1
  2
  1
  1
  1
  1
  1
  1
  2
  1
  1
  1
  2
  1
  1
  2
  1
  1
  1
  1
  2
  1
  2
  1
  2
  1
  1
  1
  1
  1
  1
  1
  1
  1
  1
  1
  1
  1
  1
  1
  1
  1
  1
  1
  1
  1
  2
  1
  2
  1
  1
  1
  1
  2
  1
  1
  1
  1
  1
  2
  1
  2
  1
  1
  2
  1
  1
  2
  1
  1
  1
  1
  2
  1
  1
  1
  1
  2
  1
  1
  1
  1
  1
  2
  1
  2
  1
  1
  1
  2
  1
  1
  1
  1
  1
  1
  1
  2
  1
  1
  2
  1
  1
  1
  1
  1
  1
  2
  1
  1
  2
  1
  1
  2
  1
  1
  1
  1
  1
  1
  3
  2
  1
  1
  1
  1
  1
  1
  1
  2
  1
  1
  1
  1
  1
  1
  2
  1
  1
  1
  2
  1
  1
  1
  1
  1
  1
  2
  1
  1
  1
  2
  1
  1
  1
  1
  1
  1
  1
  2
  1
  1
  2
  1
  1
  2
  1
  2
  1
  1
  2
  1
  2
  1
  1
  1
  1
  1
  1
  1
  2
  1
  1
  1
  1
  1
  1
  1
  1
  2
  2
  1
  1
  2
  1
  1
  2
  2
  2
  1
  1
  1
  1
  2
  2
  1
  2
  1
  1
  1
  2
  1
  1
  1
  1
  2
  1
  1
  1
  1
  1
  2
  1
  2
  1
  2
  1
  1
  1
  1
  2
  1
  1
  1
  1
  1
  1
  2
  1
  2
  1
  1
  2
  1
  1
  1
  1
  2
  1
  1
  1
  1
  1
  1
  1
  1
  2
  1
  1
  1
  1
  1
  1
  1
  1
  2
  1
  2
  1
  1
  1
  1
  1
  1
  1
  2
  1
  1
  1
  1
  2
  1
  1
  1
  1
  1
  1
  1
  2
  2
  1
  1
  1
  1
  2
  1
  1
  2
  2
  1
  1
  1
  2
  1
  1
  2
  1
  1
  1
  1
  1
  1
  1
  2
  1
  1
  1
  2
  1
  1
  2
  1
  1
  1
  1
  1
  1
  2
  1
  1
  1
  1
  2
  1
  1
  1
  1
  1
  2
  2
  1
  1
  1
  2
  1
  1
  2
  1
  1
  1
  2
  1
  1
  1
  1
  1
  1
  1
  2
  1
  1
  1
  1
  1
  2
  1
  1
  1
  1
  1
  1
  1
  2
  1
  2
  1
  1
  1
  1
  1
  1
  1
  1
  1
  1
  1
  1
  1
  2
  2
  1
  1
  1
  2
  1
  1
  1
  1
  1
  1
  1
  1
  1
  2
  1
  1
  1
  1
  2
  1
  1
  1
  1
  1
  1
  1
  1
  1
  1
  1
  1
  1
  1
  1
  1
  1
  2
  1
  2
  1
  1
  1
  2
  1
  1
  1
  1
  1
  1
  2
  1
  1
  2
  1
  2
  1
  1
  2
  2
  1
  2
  1
  1
  1
  1
  1
  1
  2
  1
  1
  1
  1
  1
  1
  2
  1
  1
  1
  1
  1
  1
  1
  1
  2
  1
  1
  2
  1
  1
  1
  1
  1
  2
  1
  1
  1
  1
  1
  2
  1
  2
  1
  1
  1
  1
  1
  1
  1
  2
  2
  1
  1
  1
  1
  2
  1
  1
  2
  1
  1
  1
  2
  1
  2
  1
  1
  1
  1
  1
  1
  1
  2
  1
  1
  1
  1
  2
  1
  1
  2
  1
  1
  1
  2
  1
  1
  2
  1
  1
  1
  2
  1
  1
  2
  1
  1
  2
  1
  1
  1
  2
  2
  1
  1
  1
  2
  1
  1
  1
  1
  2
  1
  1
  1
  2
  1
  1
  1
  1
  1
  1
  1
  2
  1
  1
  1
  1
  1
  1
  1
  2
  1
  1
  2
  1
  2
  1
  1
  1
  1
  1
  1
  1
  1
  1
  1
  1
  1
  1
  1
  1
  1
  1
  1
  2
  1
  1
  2
  1
  1
  1
  1
  1
  1
  1
  1
  1
  1
  1
  1
  1
  1
  1
  1
  1
  2
  1
  1
  1
  1
  1
  1
  2
  1
  1
  2
  1
  1
  1
  2
  1
  1
  1
  2
  1
  1
  1
  2
  1
  2
  1
  1
  1
  1
  2
  1
  1
  2
  1
  1
  1
  1
  1
  1
  2
  1
  1
  1
  1
  1
  1
  1
  1
  1
  1
  2
  1
  1
  1
  1
  1
  2
  1
  1
  1
  1
  2
  1
  2
  1
  1
  1
  1
  2
  1
  1
  1
  1
  1
  1
  2
  1
  1
  1
  1
  2
  1
  1
  1
  1
  1
  1
  1
  2
  1
  2
  1
  1
  2
  1
  1
  1
  1
  1
  2
  2
  1
  1
  2
  1
  1
  1
  2
  1
  1
  1
  2
  1
  1
  1
  1
  1
  1
  2
  1
  1
  1
  1
  1
  1
  2
  1
  1
  2
  1
  1
  1
  1
  1
  1
  1
  1
  1
  2
  1
  1
  1
  1
  1
  1
  1
  1
  1
  1
  1
  2
  1
  1
  1
  2
  1
  2
  1
  1
  1
  1
  1
  2
  1
  1
  1
  1
  1
  2
  1
  2
  1
  1
  1
  1
  1
  1
  1
  1
  2
  1
  1
  1
  1
  2
  1
  1
  2
  2
  1
  1
  1
  1
  2
  1
  2
  1
  2
  1
  1
  1
  2
  1
  2
  1
  1
  2
  1
  1
  1
  1
  2
  1
  1
  2
  2
  1
  1
  1
  1
  1
  1
  1
  2
  2
  1
  1
  1
  1
  2
  1
  1
  2
  1
  1
  1
  1
  1
  1
  2
  1
  2
  1
  2
  1
  1
  2
  1
  1
  1
  1
  1
  2
  1
  1
  2
  2
  2
  1
  1
  2
  2
  2
  1
  1
  1
  2
  1
  1
  1
  2
  1
  1
  1
  1
  1
  1
  1
  1
  1
  1
  1
  1
  1
  1
  2
  1
  1
  1
  1
  1
  1
  1
  1
  1
  2
  1
  1
  1
  1
  1
  1
  1
  1
  1
  1
  1
  1
  1
  1
  1
  1
  1
  1
  1
  2
  1
  1
  1
  1
  1
  1
  1
  1
  1
  1
  2
  1
  1
  1
  1
  1
  1
  1
  2
  1
  1
  1
  1
  1
  1
  2
  1
  2
  2
  1
  3
  1
  2
  1
  1
  2
  1
  1
  1
  1
  1
  1
  1
  1
  2
  2
  2
  1
  1
  2
  2
  1
  1
  1
  1
  1
  2
  1
  1
  1
  1
  1
  1
  1
  2
  1
  2
  1
  1
  1
  1
  1
  1
  1
  1
  1
  1
  1
  1
  1
  2
  1
  1
  1
  1
  1
  1
  1
  2
  1
  2
  1
  1
  1
  1
  1
  1
  1
  1
  2
  1
  2
  1
  2
  1
  1
  1
  1
  1
  1
  1
  1
  1
  1
  2
  1
  1
  1
  2
  1
  1
  2
  1
  1
  1
  2
  2
  1
  1
  1
  1
  1
  1
  1
  1
  1
  1
  2
  1
  1
  1
  2
  1
  1
  1
  1
  1
  1
  1
  1
  1
  2
  1
  1
  1
  1
  1
  1
  1
  1
  1
  1
  1
  1
  1
  1
  1
  1
  1
  1
  1
  1
  1
  1
  1
  2
  1
  2
  1
  1
  1
  1
  1
  1
  2
  1
  1
  1
  1
  1
  2
  1
  1
  1
  1
  1
  1
  1
  1
  1
  1
  1
  1
  1
  2
  1
  1
  1
  1
  1
  1
  1
  1
  1
  1
  1
  1
  1
  1
  1
  1
  1
  1
  1
  2
  1
  1
  1
  1
  1
  1
  1
  1
  1
  1
  1
  1
  1
  1
  2
  1
  1
  1
  1
  1
  1
  1
  1
  1
  1
  1
  2
  1
  1
  1
  1
  1
  1
  1
  1
  1
  1
  1
  1
  1
  1
  1
  1
  1
  1
  1
  1
  1
  1
  1
  1
  1
  1
  1
  1
  1
  1
  1
  1
  1
  1
  2
  1
  1
  1
  1
  1
  1
  1
  1
  1
  1
  1
  1
  1
  1
  1
  1
  1
  1
  1
  1
  1
  1
  1
  1
  1
  1
  1
  2
  1
  1
  1
  1
  1
  1
  1
  1
  1
  1
