# vtk DataFile Version 3.0
rivers
ASCII
DATASET UNSTRUCTURED_GRID
POINTS       2344 float
           0.000           0.000           0.000
        1012.658           0.000           0.000
        2025.317           0.000           0.000
        3037.975           0.000           0.000
        4050.633           0.000           0.000
        5063.291           0.000           0.000
        6075.949           0.000           0.000
        7088.608           0.000           0.000
        8101.266           0.000           0.000
        9113.924           0.000           0.000
       10126.582           0.000           0.000
       11139.240           0.000           0.000
       12151.898           0.000           0.000
       13164.557           0.000           0.000
       14177.215           0.000           0.000
       15189.873           0.000           0.000
       16202.532           0.000           0.000
       17215.190           0.000           0.000
       18227.848           0.000           0.000
       19240.507           0.000           0.000
       20253.165           0.000           0.000
       21265.824           0.000           0.000
       22278.481           0.000           0.000
       23291.140           0.000           0.000
       24303.796           0.000           0.000
       25316.455           0.000           0.000
       26329.114           0.000           0.000
       27341.771           0.000           0.000
       28354.430           0.000           0.000
       29367.089           0.000           0.000
       30379.746           0.000           0.000
       31392.405           0.000           0.000
       32405.064           0.000           0.000
       33417.721           0.000           0.000
       34430.380           0.000           0.000
       35443.039           0.000           0.000
       36455.696           0.000           0.000
       37468.355           0.000           0.000
       38481.014           0.000           0.000
       39493.670           0.000           0.000
       40506.330           0.000           0.000
       41518.989           0.000           0.000
       42531.648           0.000           0.000
       43544.302           0.000           0.000
       44556.961           0.000           0.000
       45569.620           0.000           0.000
       46582.279           0.000           0.000
       47594.938           0.000           0.000
       48607.593           0.000           0.000
       49620.252           0.000           0.000
       50632.911           0.000           0.000
       51645.570           0.000           0.000
       52658.229           0.000           0.000
       53670.888           0.000           0.000
       54683.542           0.000           0.000
       55696.201           0.000           0.000
       56708.860           0.000           0.000
       57721.519           0.000           0.000
       58734.179           0.000           0.000
       59746.838           0.000           0.000
       60759.492           0.000           0.000
       61772.151           0.000           0.000
       62784.810           0.000           0.000
       63797.469           0.000           0.000
       64810.128           0.000           0.000
       65822.783           0.000           0.000
       66835.442           0.000           0.000
       67848.101           0.000           0.000
       68860.760           0.000           0.000
       69873.419           0.000           0.000
       70886.078           0.000           0.000
       71898.732           0.000           0.000
       72911.391           0.000           0.000
       73924.050           0.000           0.000
       74936.709           0.000           0.000
       75949.368           0.000           0.000
       76962.028           0.000           0.000
       77974.682           0.000           0.000
       78987.341           0.000           0.000
       80000.000           0.000           0.000
           0.000        1020.408           0.000
        2224.145        1016.118         790.119
        4232.423         935.955         182.917
        6288.257        1053.702          98.620
        7313.255         883.251         364.642
        9180.287        1134.267         133.671
       11235.966         817.097         246.567
       12193.392        1138.530         227.896
       14142.717        1059.236          41.584
       16233.610        1118.155         257.877
       18003.715        1230.610         511.977
       19491.474         925.458          62.711
       21426.608        1150.093         690.123
       23440.394        1087.972         186.451
       25174.152        1253.204          35.954
       27466.724        1223.347         674.474
       29569.971        1208.363         138.114
       31330.953         966.608         301.529
       33570.516        1232.753         461.244
       34588.854         924.812          25.360
       36324.214         879.662         185.368
       38340.856        1159.235         696.373
       40356.386         897.032          34.089
       42643.143        1153.028         190.978
       44305.050        1205.240         246.491
       46543.352         946.025          35.641
       48422.055        1109.932         198.095
       50723.863         847.292         329.175
       51647.315        1264.880          40.570
       53881.863         775.868         209.564
       55640.394        1231.860         114.279
       57910.582         855.082         182.607
       59894.735         901.873          31.553
       60513.594        1189.284          55.539
       62956.074         987.717         197.628
       64928.145        1061.806          51.424
       67033.819        1133.822         668.021
       68970.212        1050.225         120.151
       70855.468        1122.244         429.048
       71747.765        1228.772          79.500
       73676.292        1079.739         248.065
       75880.310         947.451         146.016
       77756.879         899.409         303.447
       80000.000        1020.408           0.000
           0.000        2040.816           0.000
        1917.668        1802.744         482.622
        4291.965        1982.007         498.111
        5872.699        2174.525         216.656
        8318.473        1929.767         291.274
       10215.035        1945.473         678.671
       10888.159        1788.839         683.791
       15003.233        1901.161         429.467
       17028.116        2045.164         702.439
       19167.126        2100.066         146.987
       21405.340        1971.640         738.015
       22199.855        2136.031         561.234
       24277.376        2190.089         472.617
       25419.339        2223.815          65.510
       30241.531        1952.352         372.302
       32427.562        2251.946         569.511
       34208.796        2223.323          62.874
       35321.959        2074.113         366.408
       37301.706        2064.338         677.892
       38706.978        1925.572         621.737
       40409.163        1821.750          69.903
       42325.846        1919.554         348.574
       44435.695        2217.015         507.594
       46682.769        2240.305          86.395
       48807.967        1854.554         376.247
       49381.792        1923.616         553.089
       51778.406        2286.569          73.848
       55715.127        1917.465         180.884
       56716.497        2187.667         502.521
       58528.534        2196.129         605.207
       60576.637        1800.759          77.608
       62946.370        2222.136         535.137
       64904.746        2014.238          98.952
       66730.104        1902.970         647.447
       68796.315        1953.073         240.146
       70070.607        2203.635         652.053
       71698.343        2295.540         151.034
       74169.735        2256.305         712.605
       76075.587        1795.557         309.316
       76712.605        2185.006         571.744
       78892.064        2121.559         226.265
       80000.000        2040.816           0.000
           0.000        3061.225           0.000
        1822.271        3110.882         575.725
        4165.093        3114.540         792.583
        5829.409        3281.385         340.605
        8219.180        3294.222         524.984
        9926.189        2948.136         949.590
       11955.421        2928.307         698.335
       14025.180        2813.578         111.540
       17176.095        2993.162         747.393
       19418.747        3260.653         406.651
       20136.335        3001.726         564.555
       22101.316        3150.981         920.047
       24556.782        3239.448         351.632
       25196.359        3231.861          97.100
       27110.228        3018.296         510.668
       29297.107        3094.587         437.079
       32323.644        3014.577         591.416
       33499.475        3126.368          95.407
       34192.609        3246.401         222.399
       35472.226        3062.158         618.314
       36648.864        2967.429         969.685
       38573.847        3009.969         686.470
       40629.791        3196.472         126.744
       41650.163        3300.263         486.745
       43545.620        3002.822         790.877
       47534.693        3313.249         571.268
       48735.708        3177.887         814.066
       50796.950        2824.823         112.831
       52743.212        2948.307         604.443
       53660.725        2812.953         743.487
       55863.426        3096.068         312.045
       59664.803        3068.066         591.512
       63997.539        3187.719         392.384
       64714.756        2809.028         141.250
       66585.159        3113.088         685.443
       68041.885        3018.017         437.254
       70022.727        3277.854         732.306
       71757.213        3198.156         217.119
       74035.729        3151.836         919.250
       74974.260        3242.802         900.493
       77201.253        3030.891         879.624
       78758.819        3225.286         429.766
       80000.000        3061.225           0.000
           0.000        4081.633           0.000
        2008.551        4030.958         607.430
        3095.634        3899.667         878.576
        5138.562        4080.485         600.443
        7314.359        4196.402         882.278
        9992.959        3897.002         955.756
       12330.221        4040.008         307.563
       14128.602        3920.681         163.369
       16444.065        3831.597         815.340
       18132.790        3887.705         317.328
       19264.144        3838.509         702.174
       20161.269        4224.278         750.928
       24555.078        3869.087         125.948
       26342.741        4301.579         376.173
       29278.821        3965.246         637.814
       31455.715        4302.426         680.415
       33391.416        4264.809         129.147
       35652.856        3854.398         704.379
       37657.318        4156.299        1088.381
       38630.376        4103.745         699.232
       40415.373        4220.518         171.230
       42498.625        4274.864         760.114
       43469.500        3994.254        1130.661
       44656.533        3831.155         843.038
       46375.110        3835.508         154.085
       47557.884        4188.140         620.192
       49528.969        3861.743         586.160
       50628.910        4180.378         162.083
       52541.500        3920.921         248.448
       54740.698        3955.141         715.188
       56667.777        3870.407         463.338
       58700.478        3950.449         829.115
       59670.711        4276.652         363.571
       60631.789        3875.813         158.682
       64693.365        3941.975         202.278
       66845.098        4126.724         809.833
       68672.561        4325.526         722.350
       70826.216        4095.636         539.371
       73161.575        4115.308         518.744
       75107.846        4190.235         989.876
       76920.370        4313.652         711.839
       77823.499        4014.394         820.090
       80000.000        4081.633           0.000
           0.000        5102.041           0.000
        1887.007        5280.396         281.223
        4185.495        4975.141         868.110
        5266.042        4860.451         940.991
        6954.337        4859.279         652.165
        9214.455        5335.048        1141.156
       11201.645        5133.099         801.822
       13249.418        4942.949         614.646
       14373.798        5110.602         221.256
       17072.044        5040.669         878.704
       19462.174        5016.476         852.232
       21340.739        4955.370         849.464
       22484.921        5200.340         420.693
       23256.110        5295.860         197.280
       25161.094        5092.739         264.519
       26272.119        5094.998         586.789
       28511.107        4916.444         978.633
       29560.275        4929.436         995.090
       31334.485        5343.751         672.545
       33317.387        5042.910         153.054
       35402.378        5119.332         720.321
       36397.163        5091.104        1067.514
       38251.240        4915.867         780.591
       40742.663        5347.445         224.821
       42413.349        5101.713         854.450
       44516.415        4863.648        1084.404
       45523.373        5048.116         576.162
       46550.522        5253.547         218.954
       48588.477        4900.189         778.691
       49413.580        5215.018         642.685
       52792.420        4957.190         363.241
       55777.940        5253.784         957.720
       56588.517        4925.315         782.107
       58705.075        4909.914         667.808
       60674.381        5023.085         347.039
       61904.599        5208.919         240.665
       63647.569        4902.748         708.741
       64746.634        5349.306         306.285
       65669.287        5291.232         365.424
       67729.478        4911.601        1011.864
       69960.383        4903.941         933.708
       72022.484        5238.189         408.235
       72736.473        5033.511         727.007
       75028.649        4953.861        1015.666
       76779.571        4946.916         486.523
       78815.276        5017.556         150.460
       80000.000        5102.041           0.000
           0.000        6122.449           0.000
        2009.115        6054.972         580.579
        3885.839        5927.377         888.945
        6000.133        6032.894        1044.383
        6959.188        6151.273        1028.084
        8865.878        6128.534        1417.572
       10335.236        6121.636        1110.496
       11989.969        6046.292         582.622
       14405.323        6043.581         268.380
       16168.487        5988.928         774.912
       17342.754        6134.128        1116.332
       19082.550        5881.273         557.052
       21198.862        6300.945         976.059
       22268.433        6254.275         455.102
       24245.999        6269.461         652.048
       26156.857        6195.911         429.817
       28253.564        6132.995        1058.743
       30458.305        5919.912         632.765
       32156.450        6089.363         206.539
       34488.639        6354.558         314.046
       36539.556        6226.583         949.812
       38426.299        5887.178         818.716
       40547.068        5991.026         257.411
       42487.697        5959.016         752.697
       44347.358        6013.818         830.924
       46500.898        6276.828         267.968
       50465.637        6248.092         244.381
       52587.595        6313.108         658.024
       54729.523        5910.652         707.639
       56730.962        6308.758        1343.759
       57510.228        6197.995        1138.773
       58914.597        6083.181         846.069
       60523.369        6202.765         697.926
       62853.044        6028.344         795.630
       63652.133        6261.074         897.267
       65635.398        5900.386         441.675
       67851.213        6209.166         949.332
       69672.206        6266.562        1095.051
       71661.079        5871.435         483.529
       72867.399        6211.260         870.694
       74035.961        5926.260        1128.012
       76150.566        6111.642         903.917
       77792.457        6175.910         433.574
       80000.000        6122.449           0.000
           0.000        7142.857           0.000
        2248.851        7146.831         479.441
        4033.229        7006.157         801.364
        6049.966        7324.529         566.052
        7957.838        7289.224        1174.687
       11016.302        7023.923        1060.789
       12064.246        6924.816         791.444
       14038.321        7195.565         335.343
       15303.131        7114.560         660.910
       16255.641        7053.530        1038.398
       18251.953        6988.317         789.172
       20125.486        7288.696        1070.368
       21402.359        7223.251         838.678
       23493.060        7187.829         279.403
       24333.660        7339.792         762.589
       26332.625        7277.142         581.641
       28596.057        7032.829        1260.820
       31513.779        7259.647         477.179
       37505.533        7061.362        1212.721
       38401.335        7312.322         883.269
       40491.235        7011.211         310.147
       41465.035        7045.120         658.540
       43341.044        6998.591        1129.412
       45576.861        7254.358         338.749
       47552.964        6959.878         642.441
       49521.680        7376.165         651.153
       51848.240        7307.355         702.467
       53783.933        6912.085        1082.378
       55681.393        7003.053        1044.567
       57897.210        7148.773        1264.227
       59653.191        7381.116         855.513
       61699.080        7191.018         342.117
       64889.974        7286.282         491.082
       66884.857        7179.410        1004.503
       68649.562        7180.083        1383.406
       70789.720        7137.542         745.650
       72743.342        6978.745         947.214
       75186.212        7231.823        1100.987
       76938.416        7231.881         540.666
       79168.605        7338.082         105.998
       80000.000        7142.857           0.000
           0.000        8163.265           0.000
        2852.452        8322.319         742.392
        4818.667        8183.021         350.983
        7121.195        8110.498        1103.229
        8904.662        8356.893        1155.990
       10998.442        8347.597        1308.952
       13310.632        7924.460         693.149
       14402.473        7980.727         387.630
       16196.327        8087.470         936.995
       18351.433        7957.999        1021.310
       20175.427        8107.778        1339.243
       22324.788        8188.337         774.677
       24238.955        8261.131         738.252
       26202.333        7936.001         883.454
       28544.232        8411.947        1319.087
       30223.948        8023.911         910.347
       32443.489        7929.981         278.709
       34573.740        8172.553         535.772
       36343.466        7994.609         997.565
       38453.143        7929.419         902.488
       40463.670        8034.380         368.153
       42707.722        7970.522         957.503
       43395.706        8014.967         918.687
       45497.216        8122.792         389.067
       47454.158        7988.198         878.163
       49854.351        8160.326         835.671
       51601.959        8075.807         345.053
       53865.791        8207.646         830.018
       55904.427        8104.989        1391.741
       57480.037        8018.267        1412.329
       58714.739        8010.479        1013.329
       59984.319        8191.721         493.438
       61683.054        8384.340         504.099
       63598.486        8049.290         928.346
       66070.106        7931.745         849.334
       66899.510        8397.786        1191.135
       69032.659        7933.656        1467.705
       70740.692        8344.096        1191.052
       72737.396        8175.946        1081.679
       73990.355        8223.567         938.882
       75906.161        8256.402         836.434
       77812.035        7923.045         306.474
       80000.000        8163.265           0.000
           0.000        9183.674           0.000
        1996.713        9266.726         327.260
        3970.956        9167.995         217.836
        6228.913        8964.440         774.049
        7896.671        9278.522         739.517
       12360.235        9058.661        1069.685
       14122.687        9412.990         512.626
       16236.203        9219.139         892.083
       18014.000        9248.338        1362.556
       19072.452        9311.522        1510.154
       21287.490        9014.670         955.266
       23434.615        9058.514         374.703
       25273.673        9010.251        1080.113
       27273.223        9029.049        1102.097
       31180.591        9291.092         789.493
       33586.195        9119.307         429.601
       35533.578        9080.736         727.590
       37359.165        8999.065        1261.932
       38439.968        9347.698        1029.687
       40490.114        8952.207         426.924
       42528.559        9058.408         938.476
       44319.809        9426.091         563.928
       46817.265        9175.303         913.987
       48796.228        9291.342        1056.725
       50514.658        9400.971         517.546
       51654.745        9268.126         447.227
       53601.370        9193.177         907.428
       55655.584        9321.868        1321.555
       56694.399        9295.492        1524.344
       58704.764        8953.026        1037.897
       60932.893        9365.149         916.186
       62843.246        9105.313        1101.657
       64651.624        9135.946         747.723
       67050.681        9396.482        1295.522
       69032.947        9015.572        1572.271
       70903.410        9352.442         996.380
       71686.479        8942.609         999.797
       73949.471        9339.380         585.659
       75860.662        8991.841         669.527
       80000.000        9183.674           0.000
           0.000       10204.082           0.000
         843.237        9953.586          44.089
        2104.135       10042.258         107.811
        4102.977       10299.614         596.096
        5945.953       10019.750         363.140
        8903.203        9977.234         990.420
       10936.191       10087.882        1327.410
       11920.203       10180.459        1098.745
       14286.761       10283.012         637.702
       15159.574       10294.479         934.858
       17355.873        9955.672        1294.203
       18022.615       10047.953        1561.285
       20378.904       10249.364        1328.747
       21470.435       10266.327         955.699
       23163.142       10046.280         434.972
       25390.200       10220.067         973.118
       26299.255       10124.988        1390.655
       29219.566        9952.783        1202.212
       31592.947        9980.157         405.774
       34584.462       10318.619         714.264
       35289.370       10213.978        1075.734
       39743.109       10258.089         696.594
       40431.708       10216.137         560.049
       42391.479       10133.392         995.905
       44505.041       10177.491         655.323
       45650.142       10156.074         695.034
       47445.572       10035.867        1243.481
       48515.642       10055.003        1074.519
       50780.965       10110.339         843.335
       52704.260       10287.420         946.274
       54460.653       10431.261        1339.642
       55617.393       10158.899        1650.631
       57552.626       10132.550        1427.872
       59777.861       10218.637         748.461
       61845.531       10195.611         886.417
       62611.291       10044.666        1347.627
       64744.613       10062.930         920.643
       66828.532       10379.901        1434.802
       69989.289       10127.243        1281.691
       71849.455       10420.839         571.631
       73720.043       10051.812         393.667
       75779.135       10211.885         242.789
       77949.261       10425.065         115.541
       79131.965       10374.634          49.122
       80000.000       10204.082           0.000
           0.000       11224.490           0.000
        1944.289       11010.166         303.408
        4107.074       11442.027         972.310
        5033.252       11124.747         923.155
        6251.739       11029.474         660.441
        6838.929       10984.889         475.699
        9032.808       11279.393         799.318
       11122.020       11189.888        1462.023
       13044.735       11291.505        1133.639
       15123.477       11129.276        1095.930
       17041.521       11455.523        1439.457
       19307.677       11281.632        1544.327
       20449.748       11223.039        1102.479
       22422.641       11472.844         597.525
       24324.027       11153.984         769.557
       26201.448       10973.402        1316.542
       28144.774       11187.670        1455.340
       29528.379       11287.180         963.009
       31546.294       11136.319         810.527
       33289.431       11075.593         815.995
       35584.515       11337.987        1060.734
       36674.343       10969.602        1259.711
       37715.834       11129.740        1210.920
       39650.851       11374.475        1042.005
       40397.966       11057.846         687.676
       41460.715       11175.583        1001.591
       42704.711       11177.326        1202.470
       45744.114       11059.794         870.984
       47419.262       11306.361        1452.135
       49743.442       11215.692         827.001
       51498.438       11145.283         711.634
       53772.005       11424.294        1318.104
       54606.387       11117.652        1589.996
       56855.784       10974.726        1659.827
       57615.753       10978.415        1334.501
       59601.986       11284.685        1094.975
       61910.091       11327.733        1207.048
       63930.581       11264.758        1487.041
       66012.595       11217.679        1389.416
       67848.863       10987.348        1545.456
       70106.241       11327.214         944.011
       71910.079       11017.438         724.905
       73947.539       11375.478         806.535
       76058.090       11361.588         637.939
       77144.131       11158.943         509.481
       78861.195       11089.180         361.618
       80000.000       11224.490           0.000
           0.000       12244.898           0.000
        1964.277       12246.851         581.318
        5211.323       12276.407         982.348
        8188.478       12437.968         963.369
        9362.834       12178.312        1095.714
       10949.120       12049.523        1506.287
       12340.344       12006.469        1477.939
       14077.938       12344.833        1264.974
       16418.418       12253.368        1697.503
       18147.692       12475.207        1797.406
       20455.423       12118.652        1263.634
       22108.740       12191.306         703.123
       24257.445       12199.344        1091.677
       26329.948       12055.204        1530.691
       28413.447       12445.197        1178.638
       30464.654       12158.809         643.623
       32164.300       12111.809        1157.578
       33330.910       12439.908        1176.046
       36418.635       12264.764        1528.425
       38732.250       12041.615        1398.571
       40288.461       12388.556        1004.969
       41518.265       12404.287        1371.284
       42337.744       12464.338        1464.786
       44688.042       12204.284        1038.399
       48507.580       12029.991        1283.205
       51627.302       12333.385         937.603
       53852.913       12317.763        1499.324
       55774.451       12224.868        1926.992
       56724.694       12006.438        1710.765
       58945.067       12131.433        1450.350
       60838.151       12093.787        1237.329
       62680.798       12316.637        1563.851
       63584.145       12464.081        1835.671
       65709.410       12408.892        1768.704
       66976.470       12214.125        1732.039
       68743.977       12338.239        1601.421
       70644.004       12495.269        1189.764
       72822.194       12447.730         877.243
       74783.482       12081.469         761.401
       78141.105       12100.219         531.332
       78938.750       12003.690         413.915
       80000.000       12244.898           0.000
           0.000       13265.306           0.000
        1933.734       13046.488         543.569
        4010.139       13070.797         590.788
        5150.568       13025.787         665.908
        7088.665       13108.462         836.944
        9310.809       13425.402        1010.223
        9942.336       13282.151        1147.578
       11370.850       13026.215        1559.805
       13151.477       13352.642        1778.525
       14317.988       13462.021        1957.182
       15986.119       13366.624        1929.183
       18088.588       13402.760        2004.860
       20309.053       13242.605        1592.466
       21114.360       13167.750        1254.912
       23327.284       13446.273        1299.760
       25218.970       13360.838        1654.475
       27185.754       13167.373        1566.024
       29204.413       13484.199        1145.141
       31625.294       13274.804        1015.233
       32326.702       13520.114        1388.006
       35337.828       13220.792        1554.730
       37291.320       13326.819        1676.370
       39576.733       13302.054        1368.870
       40725.785       13171.017        1578.499
       42645.637       13138.454        1679.080
       44454.595       13387.589        1492.750
       46666.847       13021.171        1353.323
       49731.389       13047.340        1243.577
       51773.488       13106.322        1240.275
       53630.768       13163.679        1573.837
       54481.243       13328.841        1850.519
       55649.862       13090.022        2095.633
       57890.846       13275.679        1893.788
       58901.389       13044.386        1903.433
       59650.744       13212.311        1645.088
       61734.501       13310.855        1885.209
       62906.028       13204.379        1999.821
       64881.123       13240.502        2089.074
       67016.712       13174.337        1936.447
       68621.366       13130.430        1321.597
       70845.532       13403.874         828.533
       73005.716       13471.036         517.288
       74790.289       13305.694         339.543
       76811.504       13349.111         189.363
       78769.928       13302.055          68.849
       80000.000       13265.306           0.000
           0.000       14285.715           0.000
        2099.643       14089.970         103.875
        4266.593       14209.042         222.412
        5315.561       14377.633         286.818
        7212.758       14317.454         433.939
        9252.386       14449.425         682.681
       11383.643       14038.756        1392.700
       13266.580       14042.183        1925.049
       15027.485       14259.826        2221.786
       17120.179       14520.408        2266.113
       18047.700       14525.465        2292.497
       20062.440       14373.024        1697.030
       22297.306       14094.426        1289.759
       26076.309       14260.475        1956.396
       29184.925       14340.562        1404.023
       30533.725       14257.912        1160.705
       32433.039       14457.168        1387.020
       34250.984       14452.839        1712.046
       36577.539       14063.950        1905.678
       38650.485       14528.698        1809.980
       40629.860       14504.872        1896.476
       42400.894       14392.218        2001.583
       43395.665       14425.507        1855.385
       45354.731       14103.351        1506.578
       46556.838       14403.911        1698.188
       48718.487       14519.001        1909.179
       50600.452       14397.809        1641.989
       52678.973       14151.858        1756.447
       54625.801       14524.915        2095.228
       56871.517       14517.272        2276.778
       58484.918       14296.418        2186.533
       60660.400       14043.365        1841.144
       62941.744       14502.992        2216.164
       63640.882       14486.459        2327.965
       64719.113       14463.378        2381.460
       66678.968       14176.025        2046.438
       67872.652       14465.422        1618.093
       69866.578       14340.440        1123.573
       72115.870       14285.413        1081.473
       74171.334       14445.768         910.546
       76051.181       14446.419         614.318
       76896.475       14380.707         540.143
       79106.520       14235.983         151.115
       80000.000       14285.715           0.000
           0.000       15306.123           0.000
        2245.017       15253.785         599.602
        4023.112       15170.604         561.854
        4847.247       15143.462         611.043
        7068.902       15119.978         722.929
        9316.643       15383.860        1201.260
       10921.460       15322.405        1101.395
       12974.239       15493.644        1658.049
       15249.057       15394.115        2221.365
       17426.395       15259.019        2437.551
       19215.726       15232.663        2161.373
       20436.120       15333.903        1933.433
       22265.524       15330.140        1713.189
       23185.553       15281.957        1706.919
       24194.686       15217.619        1850.664
       26378.873       15320.244        2199.241
       28206.554       15067.423        1841.753
       31342.678       15228.483        1716.177
       33658.694       15412.067        1992.177
       35398.880       15297.042        1994.795
       37365.640       15120.498        2049.583
       41716.527       15337.771        2274.081
       43425.635       15276.602        2015.153
       45641.032       15140.091        1831.699
       51679.037       15235.510        2055.590
       53804.432       15071.489        2041.781
       55889.136       15431.984        2466.262
       56677.340       15544.060        2500.274
       58876.519       15244.291        2337.140
       60719.784       15225.500        2339.356
       62795.058       15264.838        2491.870
       63922.240       15165.883        2479.763
       65883.894       15429.384        2272.521
       66806.466       15114.609        2009.859
       68922.503       15490.951        1480.422
       70811.421       15547.813        1048.526
       73024.677       15419.829         897.439
       74961.829       15530.679         871.267
       76982.986       15110.462         767.811
       79046.613       15539.070         288.235
       80000.000       15306.123           0.000
           0.000       16326.530           0.000
         935.831       16095.129         207.718
        2911.184       16107.654         752.371
        6305.689       16199.445         813.963
        8078.383       16377.155         900.356
       10084.800       16558.711        1175.003
       11257.273       16456.286        1482.200
       13151.051       16343.192        1867.207
       14993.334       16501.849        2189.903
       17414.313       16169.570        2485.064
       19286.378       16200.834        2456.784
       20002.467       16100.390        2321.303
       21064.445       16548.811        2179.328
       23355.530       16323.131        2013.815
       24143.703       16402.412        2238.686
       26084.463       16263.603        2350.831
       27535.375       16515.418        2230.571
       28155.004       16461.289        2099.834
       30370.924       16124.814        1620.700
       31498.700       16205.054        1982.891
       32438.116       16575.533        1882.307
       34384.313       16078.019        2224.374
       36409.760       16090.637        2301.662
       37606.419       16430.699        2241.397
       39724.907       16073.891        2210.918
       41667.629       16504.712        2456.059
       42736.036       16173.149        2329.002
       44742.546       16364.172        2265.824
       45791.173       16155.136        2221.462
       47396.990       16115.861        2111.840
       49604.262       16305.610        2226.918
       51707.852       16120.802        2388.488
       52643.156       16265.585        2254.183
       54543.075       16438.881        2379.187
       55862.094       16542.833        2500.433
       57642.070       16335.043        2500.274
       58525.286       16151.296        2454.376
       59572.409       16565.409        2495.931
       61611.363       16131.269        2500.351
       62801.901       16078.342        2500.351
       64684.391       16549.017        2394.549
       66680.417       16487.205        1980.563
       68852.487       16388.436        1401.001
       69789.163       16119.758        1063.331
       71655.072       16350.127         612.735
       76060.563       16111.510         666.802
       77966.230       16277.892         352.445
       80000.000       16326.530           0.000
           0.000       17346.939           0.000
         877.778       17173.449         198.566
        3040.873       17148.079         753.012
        5102.530       17326.001         562.378
        7301.519       17380.647         469.874
        8241.045       17582.212         639.724
        9899.124       17561.233        1078.148
       11047.203       17556.928        1319.918
       13012.777       17157.895        1837.878
       15011.930       17564.360        2077.954
       17302.554       17249.748        2425.603
       18035.268       17483.606        2500.380
       19412.985       17231.656        2493.067
       21222.643       17497.350        2368.028
       23057.367       17097.255        2134.564
       25311.235       17421.274        2500.116
       27146.669       17113.192        2406.686
       29602.039       17444.604        1988.670
       30550.119       17421.030        1979.720
       31403.049       17447.688        2226.062
       33426.988       17184.301        2270.214
       35414.155       17416.620        2500.380
       37665.139       17222.128        2500.380
       39259.851       17124.582        2496.731
       40691.110       17288.720        2500.263
       42728.709       17399.328        2500.657
       44765.279       17390.097        2500.517
       46761.555       17359.086        2413.683
       47812.513       17384.736        2444.364
       49591.432       17234.388        2500.284
       50809.482       17219.225        2500.283
       52580.453       17266.620        2423.411
       54704.702       17222.877        2500.433
       56540.314       17176.950        2500.433
       58744.732       17208.310        2492.729
       60621.033       17455.444        2500.152
       62937.444       17264.825        2470.578
       64812.466       17182.642        2342.970
       65604.778       17344.962        2080.534
       68066.731       17344.846        1501.377
       69657.154       17579.860        1122.783
       72150.779       17315.937         760.759
       72796.182       17457.113         441.299
       73964.358       17322.802         345.312
       76197.030       17474.880         197.597
       78151.934       17139.970          94.333
       80000.000       17346.939           0.000
           0.000       18367.347           0.000
        2214.865       18152.500         596.369
        4034.498       18206.835         164.071
        5877.810       18227.481         249.467
        9092.086       18314.268         671.092
       10905.330       18139.157        1054.564
       13163.576       18549.731        1680.995
       14967.900       18361.346        2191.375
       16331.797       18484.561        2395.315
       18153.698       18500.872        2500.380
       19428.798       18550.289        2500.380
       21479.600       18479.769        2464.982
       23084.285       18170.286        2451.824
       24073.406       18588.970        2452.090
       25122.862       18237.572        2495.680
       26471.224       18387.459        2500.091
       28323.576       18479.730        2321.623
       29215.559       18591.787        2299.532
       31204.765       18434.210        2288.544
       32443.996       18470.140        2292.652
       34497.844       18337.333        2500.380
       35532.009       18422.799        2500.380
       36306.803       18296.775        2500.380
       37687.484       18461.486        2500.380
       38689.091       18388.090        2500.380
       40461.387       18589.367        2500.263
       42624.000       18402.097        2500.657
       44469.272       18330.012        2500.517
       46473.931       18485.641        2500.377
       47689.113       18451.337        2500.377
       49604.360       18272.056        2500.284
       50411.999       18350.195        2500.284
       52701.361       18530.637        2500.532
       54588.278       18518.016        2500.414
       56749.718       18589.900        2500.394
       58980.016       18517.011        2500.338
       60811.963       18173.202        2500.152
       62648.673       18516.549        2491.090
       64020.193       18161.347        2270.507
       64742.501       18396.340        2029.150
       66751.701       18166.149        1708.301
       67700.262       18409.286        1411.986
       70867.632       18563.727        1136.351
       73074.467       18484.211         767.715
       74720.699       18355.436         431.686
       76733.823       18419.409         607.574
       78920.472       18433.339         176.003
       80000.000       18367.347           0.000
           0.000       19387.755           0.000
        2106.640       19239.020          76.009
        4005.240       19472.287         500.555
        5273.471       19636.713         706.865
        7272.213       19406.397         370.726
        8933.038       19432.861         931.960
       10154.504       19523.765        1251.094
       12381.778       19316.258        1561.954
       14022.824       19459.082        1992.146
       16391.868       19297.645        2476.778
       18043.554       19273.707        2500.255
       20295.125       19539.871        2497.604
       22371.623       19485.009        2497.224
       24458.433       19498.424        2497.569
       26441.173       19143.044        2500.285
       28113.636       19442.006        2500.398
       30567.124       19482.547        2500.318
       32640.890       19243.067        2431.585
       34239.996       19444.180        2500.379
       36650.014       19399.542        2500.380
       38505.096       19607.129        2500.404
       40546.871       19290.071        2500.263
       42366.206       19522.805        2500.657
       44680.669       19273.438        2500.310
       46574.514       19226.686        2500.377
       47452.810       19421.475        2500.235
       49739.965       19467.311        2500.389
       51714.515       19621.032        2500.531
       52757.342       19177.288        2500.531
       54786.554       19261.762        2500.414
       56914.629       19444.123        2500.394
       57589.427       19238.501        2500.394
       58904.446       19167.610        2500.338
       59608.668       19375.949        2500.338
       61935.795       19559.522        2443.013
       62930.640       19346.889        2426.986
       64755.015       19471.093        2030.759
       66607.041       19270.375        1564.658
       67608.506       19446.417        1269.171
       68911.942       19143.772        1029.212
       71042.881       19272.754        1089.440
       72954.668       19480.498        1019.685
       74015.177       19593.212         824.203
       76137.075       19399.682         777.743
       76943.142       19327.183         589.865
       78791.432       19478.127         361.216
       80000.000       19387.755           0.000
           0.000       20408.164           0.000
        3063.424       20455.762         590.747
        4012.498       20153.235         691.560
        4941.269       20565.352        1042.235
        6277.416       20206.980         784.493
        6885.493       20511.367         786.194
        9167.273       20657.556         965.261
       11259.337       20231.711        1594.507
       13310.689       20639.353        1969.820
       15042.983       20219.929        2295.777
       16321.737       20609.170        2491.984
       18322.948       20221.491        2500.255
       20436.821       20419.739        2500.355
       21167.550       20446.236        2500.355
       23323.778       20411.650        2500.401
       25243.254       20596.634        2500.375
       27524.291       20616.797        2500.398
       28137.329       20153.626        2500.398
       30208.047       20266.411        2500.318
       32330.231       20621.712        2500.285
       33425.732       20506.510        2500.379
       35462.070       20527.440        2500.104
       37227.540       20183.657        2500.404
       38641.035       20349.751        2500.404
       40564.059       20326.002        2500.305
       42421.365       20531.169        2500.415
       44783.150       20423.860        2500.310
       46480.385       20641.535        2500.235
       47360.786       20655.695        2500.235
       49723.057       20461.999        2500.389
       51553.426       20258.242        2500.531
       53755.315       20661.436        2500.444
       55535.002       20561.987        2500.444
       57675.226       20518.405        2500.394
       59524.071       20209.444        2500.338
       60765.926       20373.692        2500.338
       62757.415       20204.019        2149.353
       64988.774       20635.404        1751.372
       66885.404       20622.415        1309.227
       68821.426       20440.792         849.620
       70947.763       20394.661         513.606
       74941.485       20174.973         911.983
       77203.145       20614.603         622.222
       78994.382       20579.401         384.876
       80000.000       20408.164           0.000
           0.000       21428.572           0.000
        2087.556       21368.026         317.879
        2806.050       21206.571         449.656
        4286.276       21233.760         774.011
        6103.923       21593.584        1180.710
        7115.819       21210.505        1133.807
        9153.272       21660.065        1330.151
        9992.391       21362.346        1361.007
       11986.990       21342.320        1826.676
       14187.310       21287.744        2275.982
       15233.387       21225.290        2434.235
       17373.451       21609.977        2500.345
       19087.748       21623.811        2500.604
       21413.238       21627.671        2500.324
       23291.311       21210.741        2500.401
       25518.687       21189.024        2500.375
       27245.115       21198.331        2500.398
       29468.594       21297.126        2500.154
       31230.352       21592.329        2500.285
       33439.345       21311.962        2500.379
       34348.746       21305.429        2500.379
       36379.879       21381.235        2500.104
       38239.521       21465.019        2500.404
       40445.480       21598.324        2500.306
       41590.388       21329.532        2500.415
       42314.707       21183.248        2500.415
       44372.115       21194.604        2500.310
       46789.269       21674.484        2500.235
       47424.777       21324.632        2500.235
       49611.273       21582.974        2500.389
       51767.357       21341.871        2500.389
       53858.583       21539.127        2500.444
       55897.366       21270.802        2500.444
       57622.262       21617.230        2500.394
       59731.902       21470.787        2500.343
       61583.261       21415.480        2471.316
       63820.878       21541.399        2077.611
       64929.548       21236.463        1782.243
       66855.052       21515.847        1534.800
       68935.419       21624.922        1216.623
       70648.832       21654.586         771.593
       73067.466       21181.608         307.301
       75078.373       21185.199         637.324
       77194.797       21617.254         558.395
       79015.424       21209.282         185.908
       80000.000       21428.572           0.000
           0.000       22448.979           0.000
        2180.226       22447.220         298.869
        3797.509       22270.095         580.072
        5297.307       22590.165         950.999
        6011.513       22312.874        1214.044
        8140.158       22599.679        1219.585
       10236.230       22301.097        1574.967
       12269.807       22351.985        2085.564
       14076.037       22278.257        2365.586
       16010.492       22258.873        2492.740
       17274.496       22660.734        2500.345
       19308.166       22449.127        2500.604
       21060.990       22354.992        2500.324
       22030.099       22546.300        2500.324
       23419.887       22591.157        2500.324
       24511.546       22264.472        2500.324
       26247.838       22676.865        2500.254
       27534.383       22370.880        2500.254
       29354.359       22303.420        2500.154
       31499.973       22546.513        2500.266
       33495.318       22354.235        2500.379
       34390.137       22459.717        2500.379
       36352.044       22194.773        2500.104
       38512.458       22469.274        2500.366
       39623.284       22490.175        2500.366
       41638.859       22587.085        2500.415
       43439.052       22627.779        2500.335
       44476.649       22459.640        2500.335
       46661.857       22517.165        2500.235
       48755.360       22561.405        2500.389
       49603.134       22675.689        2500.389
       50534.949       22563.644        2500.388
       51888.059       22391.101        2500.388
       53541.801       22496.295        2500.444
       54722.417       22569.072        2500.444
       55521.468       22621.545        2500.444
       57777.097       22443.681        2500.343
       58889.730       22323.582        2500.343
       60546.089       22444.203        2500.292
       62542.463       22303.176        2437.907
       64992.023       22549.383        1974.281
       67606.939       22241.808        1610.250
       68981.267       22663.899        1251.188
       70769.959       22321.487         861.469
       73087.182       22502.937         349.188
       74816.103       22521.861         184.865
       77039.025       22627.303          99.813
       78758.345       22509.958          39.409
       80000.000       22448.979           0.000
           0.000       23469.388           0.000
         830.802       23586.258         101.437
        1823.728       23563.348         227.064
        4233.938       23599.819         636.290
        6240.026       23411.487        1084.543
        9070.904       23595.813        1069.744
       11356.183       23431.936        1920.881
       12110.170       23666.995        1943.662
       14351.370       23307.293        2370.016
       16100.908       23526.110        2500.345
       17054.058       23385.725        2500.345
       19270.234       23606.622        2500.385
       21063.362       23393.025        2500.324
       23184.200       23336.810        2500.324
       25356.970       23599.152        2500.331
       27587.144       23270.590        2500.254
       29195.751       23358.471        2500.269
       30230.889       23283.544        2500.318
       31274.460       23295.486        2500.266
       33417.521       23522.990        2500.468
       34654.443       23556.007        2500.468
       35371.628       23695.335        2500.468
       37633.722       23603.276        2500.366
       38326.986       23516.236        2500.366
       40645.838       23418.628        2500.265
       42442.430       23701.380        2500.303
       44364.428       23401.596        2500.335
       46497.595       23624.136        2500.213
       48378.283       23317.291        2500.539
       50530.913       23390.275        2500.389
       52883.798       23336.449        2500.309
       54586.131       23314.881        2500.444
       56754.788       23509.791        2500.293
       58935.755       23448.039        2500.343
       60725.165       23722.860        2500.292
       62897.093       23668.907        2500.171
       63584.516       23235.475        2305.745
       65987.542       23304.536        1910.371
       67761.566       23501.681        1543.287
       69985.726       23456.116         877.581
       71053.457       23255.913         664.146
       73083.439       23591.344         846.188
       73731.171       23559.961         651.638
       75088.021       23345.622         505.196
       77793.704       23598.836         514.737
       80000.000       23469.388           0.000
           0.000       24489.796           0.000
        3117.882       24394.148         424.944
        5112.969       24616.551         693.140
        6129.276       24372.451         789.721
        8115.594       24276.063         771.414
       10130.247       24485.174        1257.903
       11909.532       24376.159        1706.512
       14255.286       24478.915        2273.184
       16326.704       24275.496        2500.408
       18415.134       24500.146        2500.385
       19084.541       24670.632        2500.385
       21473.481       24633.379        2500.336
       23122.528       24290.309        2500.027
       24499.143       24664.832        2500.238
       26172.989       24455.971        2500.331
       28421.185       24476.237        2500.269
       30561.497       24626.496        2500.266
       31501.111       24363.501        2500.266
       33432.091       24709.818        2500.401
       35445.478       24375.518        2500.468
       36643.290       24247.424        2500.354
       38695.652       24395.362        2500.491
       39613.824       24687.512        2500.491
       40722.985       24379.443        2500.265
       41298.998       24553.573        2500.265
       43776.284       24271.975        2500.303
       44801.124       24630.579        2500.303
       46730.396       24384.800        2500.213
       47375.870       24624.579        2500.213
       49491.132       24664.692        2500.414
       51632.885       24656.872        2500.274
       53642.758       24320.466        2500.451
       54708.615       24337.064        2500.451
       56579.558       24522.727        2500.293
       58664.877       24308.748        2500.343
       60795.350       24739.792        2500.209
       62715.162       24269.363        2500.171
       64828.680       24343.249        2177.991
       66935.391       24236.019        1720.010
       68058.958       24656.546        1419.820
       70064.736       24728.177        1198.186
       72086.141       24661.744        1041.330
       73885.056       24669.602         794.777
       76096.409       24430.967         602.445
       78018.125       24566.035         422.832
       80000.000       24489.796           0.000
           0.000       25510.204           0.000
        2229.545       25267.597          92.620
        4074.131       25576.996         176.143
        6008.585       25413.813         382.997
        6862.339       25300.836         491.284
        9234.692       25468.414         869.175
       11345.841       25333.977        1510.066
       13212.393       25310.478        1959.101
       15304.270       25328.036        2341.228
       16237.694       25711.717        2500.408
       17186.353       25372.828        2500.408
       18993.350       25583.770        2500.385
       20381.178       25582.367        2500.336
       21089.979       25317.210        2500.336
       22475.901       25431.403        2500.219
       24252.315       25641.983        2500.238
       26428.506       25517.404        2500.331
       28162.132       25581.846        2500.269
       30147.613       25438.923        2500.481
       32549.228       25687.221        2500.401
       33483.614       25728.308        2500.401
       35529.003       25655.047        2500.401
       37271.789       25267.838        2500.491
       38538.787       25497.962        2500.491
       40514.989       25677.946        2500.491
       41736.776       25524.618        2500.265
       42730.178       25473.151        2500.265
       44631.251       25409.689        2500.303
       46519.975       25539.777        2500.212
       48476.797       25658.450        2500.413
       49481.386       25478.424        2500.413
       51605.156       25666.109        2500.274
       53886.106       25341.749        2500.451
       54912.042       25351.496        2500.451
       56822.973       25654.343        2500.055
       57866.996       25277.935        2500.055
       59955.280       25563.025        2500.216
       61819.642       25634.433        2500.209
       63928.200       25282.142        2436.156
       65032.968       25485.339        2242.812
       66812.174       25706.386        2010.428
       67713.205       25492.500        1720.885
       69939.140       25485.007        1191.645
       71675.944       25284.178         767.850
       73681.144       25761.691         420.647
       75811.369       25391.649         248.176
       78027.947       25357.307         108.623
       80000.000       25510.204           0.000
           0.000       26530.612           0.000
        2207.159       26595.687         567.222
        4161.425       26508.205         638.088
        5923.986       26601.192         316.850
        8275.485       26392.058         552.336
        9179.924       26386.109         701.671
       10141.163       26506.350         912.169
       12125.127       26693.448        1598.627
       13194.392       26455.588        2008.182
       15441.012       26346.460        2446.237
       17201.633       26469.252        2500.408
       19135.659       26613.530        2500.385
       21514.689       26365.221        2500.422
       22195.843       26289.716        2500.422
       24470.810       26601.238        2500.238
       25137.213       26277.195        2500.238
       27409.503       26308.002        2500.269
       29552.930       26738.561        2500.481
       30147.022       26701.617        2500.481
       32213.697       26425.996        2500.401
       33421.965       26474.991        2500.401
       34377.854       26726.866        2500.401
       36275.227       26553.973        2500.577
       38392.900       26643.547        2500.491
       40593.319       26389.504        2500.491
       42475.460       26740.530        2500.170
       44549.280       26658.509        2500.097
       46524.284       26699.858        2500.213
       48732.422       26340.917        2500.413
       49807.489       26328.913        2500.413
       51505.099       26290.695        2500.262
       53857.840       26717.181        2500.451
       55476.218       26307.872        2500.451
       57481.766       26685.604        2500.312
       59974.671       26306.727        2500.216
       61737.284       26758.013        2500.350
       62582.749       26379.797        2500.350
       63604.073       26712.015        2500.349
       65967.405       26440.879        2148.159
       67753.876       26400.181        1761.995
       69994.471       26745.525        1227.233
       71971.018       26719.822         783.898
       73875.985       26518.384         777.157
       75720.937       26486.618         632.139
       80000.000       26530.612           0.000
           0.000       27551.019           0.000
        1991.890       27779.541         201.627
        2812.450       27330.924         316.404
        4972.243       27697.154         613.925
        7003.820       27639.047         925.437
        9027.183       27664.637        1089.264
       10910.725       27458.925        1375.997
       13264.055       27457.426        1878.536
       15317.017       27316.424        2225.079
       17142.059       27717.923        2435.166
       18997.548       27640.255        2500.461
       21404.379       27324.908        2500.422
       22238.192       27653.584        2500.422
       23195.339       27694.866        2500.422
       25176.725       27722.285        2500.238
       27352.281       27458.412        2500.366
       29441.814       27771.253        2500.412
       31198.844       27770.478        2500.412
       33598.403       27700.164        2500.293
       35432.298       27299.740        2500.577
       36299.533       27404.954        2500.577
       38377.420       27805.785        2500.467
       40308.188       27754.566        2500.467
       42513.086       27685.596        2500.170
       44713.941       27645.408        2500.097
       46411.033       27497.250        2500.413
       47640.166       27592.439        2500.413
       49574.736       27616.929        2500.414
       51689.999       27541.094        2500.261
       53749.245       27507.544        2500.499
       54765.286       27380.597        2500.499
       55486.404       27771.398        2500.499
       57914.636       27629.182        2500.312
       58533.251       27361.806        2500.312
       60753.402       27786.771        2500.312
       62880.485       27418.452        2500.350
       64999.152       27654.322        2463.967
       65838.038       27469.033        2421.568
       67775.183       27620.605        1894.689
       68888.043       27328.790        1549.050
       69853.208       27376.670        1448.688
       71081.589       27351.487        1088.291
       72838.453       27782.053         622.953
       75084.898       27343.731         352.058
       76940.769       27699.957         182.389
       78784.524       27780.401          70.752
       80000.000       27551.019           0.000
           0.000       28571.430           0.000
        1980.499       28788.584         566.111
        3192.896       28650.901         597.411
        4852.508       28709.597         958.702
        6966.013       28601.133        1122.043
       10327.812       28517.977        1110.520
       11038.753       28589.416        1147.418
       13257.419       28479.675        1759.989
       15153.398       28720.324        1951.215
       16073.577       28649.049        2174.261
       18114.512       28657.540        2497.188
       20271.909       28516.348        2500.280
       22356.196       28361.366        2500.422
       24542.928       28691.399        2500.445
       25418.169       28541.591        2500.445
       27125.459       28351.366        2500.366
       29142.766       28477.212        2500.412
       30452.212       28321.868        2500.412
       31277.937       28776.675        2500.412
       33372.973       28529.307        2500.293
       34358.198       28610.523        2500.293
       36395.773       28461.725        2500.577
       38564.792       28665.307        2500.467
       39627.879       28430.146        2500.467
       41578.952       28502.101        2500.170
       42325.343       28582.195        2500.170
       44798.487       28746.138        2500.278
       46642.374       28435.117        2500.414
       47495.035       28787.359        2500.414
       49608.897       28620.917        2497.783
       51607.849       28535.345        2500.261
       53847.285       28688.160        2500.734
       55812.738       28609.093        2500.499
       57669.044       28707.912        2500.296
       59741.510       28365.745        2500.312
       61875.606       28797.330        2500.264
       62915.036       28702.919        2500.264
       64733.623       28658.631        2499.485
       65993.130       28373.602        2463.532
       66649.249       28351.152        2217.025
       68929.778       28638.045        1582.688
       70750.987       28814.115        1083.238
       73012.465       28803.459         931.323
       73987.324       28816.989         561.753
       75136.704       28359.772         388.491
       77189.962       28761.270         522.647
       79003.028       28393.133         305.115
       80000.000       28571.430           0.000
           0.000       29591.838           0.000
        3008.860       29740.190         632.571
        5244.773       29354.506         664.017
        6928.988       29743.957         967.494
        8344.536       29541.142         817.679
       10185.211       29605.695         674.860
       10905.264       29558.827         795.716
       13129.804       29385.984        1327.217
       15216.554       29833.281        1805.149
       17258.556       29359.905        2214.177
       19111.728       29449.738        2500.280
       20270.178       29400.037        2500.280
       21029.051       29396.837        2500.280
       23053.205       29405.408        2500.312
       25429.424       29695.923        2500.366
       27097.628       29599.575        2500.366
       29351.169       29445.360        2500.412
       31400.774       29446.521        2500.412
       33520.634       29562.568        2500.329
       35543.595       29400.190        2500.415
       36305.827       29789.604        2500.415
       37304.405       29793.785        2500.415
       39731.005       29605.696        2500.209
       40659.127       29645.423        2500.209
       42359.901       29794.707        2500.235
       44358.684       29616.588        2500.278
       46460.495       29712.453        2500.414
       47842.004       29675.581        2500.414
       49828.778       29454.990        2484.356
       50550.668       29770.909        2437.172
       52830.584       29562.324        2500.734
       53627.116       29764.010        2500.734
       55622.067       29764.574        2500.499
       57576.835       29430.460        2500.296
       59935.908       29691.086        2500.312
       61777.035       29474.069        2500.264
       63976.487       29364.342        2500.264
       65741.765       29472.385        2270.653
       66927.614       29532.244        1973.198
       68891.442       29791.520        1727.647
       70764.203       29445.277        1323.476
       72672.901       29528.340         877.699
       74758.316       29738.496         838.825
       77915.172       29643.334         516.465
       80000.000       29591.838           0.000
           0.000       30612.245           0.000
         816.074       30362.759         190.964
        4842.750       30525.909         197.883
        6954.002       30646.288         305.886
        9013.502       30830.465         461.335
       10990.911       30377.037        1060.621
       13128.561       30700.121        1527.553
       14300.499       30664.493        1734.692
       15986.085       30788.945        2089.979
       17998.389       30631.959        2478.412
       20343.827       30400.480        2500.399
       21153.844       30818.954        2500.399
       23059.053       30654.270        2500.482
       25257.256       30762.753        2500.366
       26375.571       30611.403        2500.366
       27482.521       30674.428        2500.366
       29482.930       30519.329        2499.534
       30191.847       30534.561        2485.291
       32561.956       30614.845        2500.329
       33189.655       30570.006        2500.329
       35585.804       30592.495        2500.397
       37640.212       30821.876        2500.402
       38574.762       30777.855        2500.402
       39448.160       30857.652        2500.402
       41486.722       30762.507        2500.374
       42747.811       30578.365        2500.235
       44559.016       30823.610        2353.113
       46712.022       30411.679        2307.805
       47670.302       30575.489        2235.147
       49723.342       30468.065        2322.057
       51771.376       30384.832        2251.053
       53707.742       30720.920        2488.755
       55893.888       30577.255        2500.424
       57480.722       30433.990        2500.424
       58709.270       30644.777        2500.424
       59635.865       30464.743        2500.424
       61652.506       30575.670        2500.422
       63025.078       30387.408        2500.422
       64974.686       30765.935        2378.841
       67037.921       30733.133        2008.013
       68989.148       30403.610        1596.317
       71008.194       30470.737        1064.758
       72913.430       30503.353         907.112
       74945.298       30713.283         506.392
       76005.442       30576.494         651.633
       77817.658       30576.418         546.563
       80000.000       30612.245           0.000
           0.000       31632.653           0.000
        2194.516       31672.674          78.331
        2879.252       31496.893         104.777
        5136.909       31436.737         545.517
        7159.546       31379.917         466.417
        9109.713       31379.029         879.190
       10083.503       31598.614         742.513
       12178.276       31591.331        1380.705
       14317.458       31419.046        1875.177
       15225.656       31850.205        2082.754
       19443.175       31731.604        2500.336
       21232.283       31419.756        2500.399
       23482.504       31541.117        2500.482
       25329.214       31640.709        2500.527
       27388.625       31886.291        2331.205
       29430.498       31765.343        2317.165
       31373.291       31637.951        2500.329
       32628.423       31495.444        2500.329
       34358.240       31756.305        2500.397
       35215.669       31726.692        2500.397
       37665.385       31757.331        2409.599
       39733.844       31493.173        2500.402
       41553.181       31486.413        2500.374
       43485.429       31851.400        2437.060
       44570.652       31531.699        2165.253
       46607.729       31716.464        1823.124
       48410.115       31607.134        2029.280
       49547.520       31571.303        2085.969
       51851.043       31783.909        2163.724
       53625.717       31751.023        2444.672
       55462.287       31659.433        2469.235
       56687.788       31498.503        2500.424
       57841.668       31589.007        2500.424
       59608.802       31400.633        2500.424
       60973.239       31559.303        2500.424
       62726.443       31466.311        2500.422
       64771.826       31650.089        2473.392
       66648.473       31460.920        2209.743
       68002.100       31497.971        1799.169
       70045.574       31855.760        1211.117
       71695.584       31792.543         650.250
       73144.509       31633.075         449.914
       74986.974       31691.785         274.832
       76843.144       31797.857         153.059
       78759.278       31716.898          56.937
       80000.000       31632.653           0.000
           0.000       32653.061           0.000
        2908.735       32707.912         476.982
        4882.440       32500.747         857.629
        6153.817       32551.005         918.844
        7120.987       32700.731        1170.053
        9053.517       32426.093         998.215
       10947.995       32739.506        1158.762
       13327.906       32667.952        1761.260
       14967.742       32680.589        2110.208
       17081.956       32397.966        2399.678
       18226.437       32671.019        2500.365
       20479.963       32828.016        2500.336
       22413.443       32437.283        2449.893
       24505.147       32571.858        2358.923
       26249.859       32887.824        2216.184
       29571.488       32863.440        2305.718
       31331.273       32629.753        2469.382
       33288.942       32695.571        2237.508
       34625.920       32455.475        2353.349
       36276.467       32759.496        2404.291
       37558.039       32539.663        2179.631
       39472.833       32656.318        2217.160
       40484.826       32884.573        2378.635
       42501.330       32480.923        2390.986
       43689.149       32894.213        2180.600
       45649.236       32490.756        1843.256
       47704.576       32727.905        1692.950
       49517.727       32630.205        1779.151
       51888.647       32696.200        1969.600
       52643.193       32800.099        2142.023
       53436.861       32881.828        2405.581
       55818.349       32767.856        2353.714
       57914.504       32499.187        2458.423
       59728.159       32615.651        2292.031
       61562.882       32859.392        2359.506
       63552.235       32859.958        2461.527
       65840.011       32846.019        2364.808
       67914.029       32820.406        2008.177
       69669.127       32499.369        1419.121
       72788.048       32704.675         794.840
       75160.099       32583.693         381.816
       77867.939       32880.212         580.815
       80000.000       32653.061           0.000
           0.000       33673.468           0.000
        2116.049       33524.835         479.117
        3039.979       33847.058         551.234
        4813.020       33617.392         770.101
        6237.579       33683.862         862.459
        7948.265       33642.230        1271.200
       10002.861       33816.446        1368.940
       11981.869       33709.691        1539.282
       14096.378       33673.440        2325.356
       16383.021       33703.651        2428.278
       18279.846       33762.464        2500.365
       20163.735       33712.666        2500.336
       21403.568       33608.206        2386.722
       23067.236       33909.569        2077.189
       25256.629       33582.739        1882.477
       26222.036       33820.298        1949.385
       28517.079       33639.010        1967.157
       30551.419       33819.010        2334.469
       32164.949       33701.242        2217.137
       34634.175       33454.199        2062.645
       35528.877       33744.679        2172.163
       36572.517       33780.476        2010.730
       38241.862       33895.341        1814.324
       39571.528       33655.721        2069.163
       40695.379       33449.798        2321.005
       42390.321       33913.682        2300.246
       43382.003       33784.910        2016.059
       45769.252       33466.693        1687.219
       46578.696       33537.811        1404.774
       48750.018       33553.604        1438.763
       50548.299       33676.188        1444.082
       51837.475       33850.637        1782.078
       53589.708       33659.869        2210.750
       55661.085       33841.418        2225.097
       57849.551       33886.698        2129.244
       59839.135       33890.310        2055.157
       61883.383       33842.347        2051.989
       63734.483       33524.048        2280.061
       65046.241       33435.455        2406.693
       66844.650       33885.771        2081.295
       67965.557       33738.120        1746.143
       69975.997       33670.177        1368.532
       74114.308       33878.687         852.096
       76164.029       33866.801         661.381
       77785.409       33444.623         631.319
       80000.000       33673.468           0.000
           0.000       34693.879           0.000
        2206.197       34497.078         152.442
        4248.740       34607.174         323.506
        5973.794       34543.221         517.939
        8005.985       34903.904         880.433
       10346.798       34636.833        1559.497
       12339.316       34465.379        1838.359
       13068.687       34620.181        2076.324
       15007.466       34933.765        2253.205
       17093.859       34532.805        2283.262
       19225.792       34896.321        2273.306
       21016.846       34477.584        2382.867
       22360.926       34889.521        1843.842
       24418.937       34910.115        1458.072
       26535.315       34761.855        1539.668
       28517.759       34727.748        2039.163
       31243.861       34535.383        2371.800
       33431.407       34643.806        1871.067
       35586.061       34479.164        1723.130
       36390.904       34938.057        1676.484
       38730.336       34901.855        1671.885
       40638.304       34942.333        1984.072
       42576.564       34603.748        2032.310
       43702.980       34534.626        1714.503
       45680.269       34870.881        1324.736
       47801.340       34824.597        1204.914
       48483.842       34816.462         962.282
       50790.479       34790.629        1423.657
       52898.349       34861.798        1912.344
       54517.190       34938.643        2072.847
       56685.146       34515.202        1977.868
       58741.367       34458.818        1956.007
       59663.517       34557.875        1688.923
       61723.023       34754.035        1725.374
       63582.471       34787.279        1884.196
       64564.503       34460.166        2110.583
       65793.782       34558.771        2361.260
       67893.485       34852.743        1951.023
       70041.434       34680.853        1131.513
       71038.277       34493.790        1326.789
       72907.227       34608.443         902.839
       75989.985       34870.489         683.944
       76777.304       34551.078         454.151
       79065.822       34696.343         114.815
       80000.000       34693.879           0.000
           0.000       35714.287           0.000
        1909.301       35889.498         549.109
        3863.045       35836.079         665.615
        5003.656       35805.389         777.105
        6860.519       35668.488         963.589
        9353.672       35823.545        1264.308
       11140.021       35704.184        1824.675
       13279.992       35786.472        2022.612
       14993.190       35745.932        1934.467
       17360.164       35884.112        1863.861
       19105.058       35903.759        2050.996
       21234.087       35764.217        2127.707
       23160.383       35957.332        1471.679
       25380.127       35854.277        1094.811
       26098.532       35966.735        1367.599
       28371.802       35953.758        1738.484
       30336.275       35670.990        2127.373
       32402.669       35675.998        1950.430
       34328.774       35963.761        1497.872
       36317.002       35888.798        1328.136
       37687.968       35689.500        1325.120
       38727.580       35627.717        1424.037
       40450.122       35569.434        1744.763
       42304.519       35697.231        1740.395
       44721.299       35917.367        1459.366
       46599.612       35574.999         918.564
       49809.213       35906.474        1025.621
       51417.853       35519.670        1503.090
       53769.397       35826.105        2009.637
       55686.306       35858.128        1729.767
       58729.211       35540.318        1618.124
       60945.376       35797.707        1321.112
       63976.900       35465.812        1789.348
       66045.607       35666.965        2011.649
       68009.237       35579.172        1742.716
       68922.697       35488.499        1422.405
       69646.185       35593.011        1195.890
       71665.957       35741.001         661.273
       73868.687       35598.348         385.108
       75058.398       35640.820         602.760
       76775.739       35567.205         760.199
       78956.027       35509.600         335.475
       80000.000       35714.287           0.000
           0.000       36734.694           0.000
        1956.037       36929.900         103.243
        4095.718       36987.740         520.331
        4973.703       36492.284         810.656
        7172.803       36554.170         635.850
        8300.792       36693.327         894.274
        8883.659       36703.570        1073.261
       11000.782       36641.287        1598.061
       13319.964       36698.939        1689.083
       15267.969       36703.905        1577.037
       17381.157       36955.455        1406.937
       19146.932       36761.851        1647.553
       21041.385       36666.210        1964.325
       22094.311       36648.788        1787.348
       24275.233       36566.967         960.813
       26199.129       36798.763         985.739
       27270.247       36922.713        1347.968
       28151.676       36798.050        1636.447
       29196.000       36777.301        1898.334
       31226.776       36820.126        1974.755
       33535.320       36917.523        1620.995
       35438.316       36966.123        1137.282
       37498.736       36663.681         960.297
       39653.701       36943.017        1206.641
       41612.579       36694.164        1625.951
       43411.796       36756.052        1252.811
       45809.458       36610.344        1143.897
       47782.082       36935.953         538.486
       49845.252       36735.247        1073.325
       51428.996       36524.059        1451.341
       52907.695       36989.341        1581.401
       54596.522       36541.395        1740.403
       56920.064       36491.077        1546.969
       58624.113       36849.481        1516.940
       59514.498       36654.734        1219.933
       61787.907       36847.544        1268.261
       64883.090       36930.367        1519.233
       67685.546       36494.035        1933.755
       68849.226       36598.796        1479.475
       70854.421       36842.816        1030.747
       72957.679       36910.263         543.841
       74842.347       36554.464         274.793
       77078.152       36971.898         147.140
       79137.868       36817.912          42.913
       80000.000       36734.694           0.000
           0.000       37755.102           0.000
        1912.010       37534.276         272.034
        3864.807       37668.846         219.401
        5853.012       37732.659         348.046
        8016.268       37677.808         667.737
       10326.102       37616.977        1198.441
       12178.775       37598.334        1613.031
       14210.078       37999.671        1204.632
       16378.635       37981.042        1158.607
       18215.214       37743.954        1048.415
       20043.747       37546.896        1458.419
       21289.083       37844.997        1716.031
       23119.311       37818.492        1162.718
       25416.442       37660.585         618.069
       27338.803       38005.188        1203.076
       29174.324       37718.875        1553.783
       31473.967       37826.591        1939.083
       33638.811       37625.724        1594.783
       34525.714       37847.983        1179.215
       36278.463       37646.861         850.665
       38599.344       37835.422         807.229
       39374.645       37615.263        1260.013
       41620.862       37787.460        1449.823
       43793.668       37515.632        1004.324
       45621.353       37679.136        1026.119
       46457.691       37735.431         881.801
       49677.812       37753.387        1111.476
       52596.823       37622.037        1323.757
       54487.693       37861.922        1415.949
       56733.035       37598.092        1036.607
       57894.101       37508.566        1382.534
       58843.728       37781.773        1185.679
       60973.753       37638.645         762.164
       61680.306       37717.746         977.361
       63589.892       37733.581         921.441
       65578.907       37923.639        1673.968
       67748.058       37502.530        1645.756
       70894.064       37847.092        1328.421
       72121.752       37850.699         931.547
       74157.420       37682.800         640.801
       75940.677       37921.237         678.134
       77820.544       37754.857         545.508
       80000.000       37755.102           0.000
           0.000       38775.510           0.000
        1214.780       38746.725         393.571
        3251.138       38991.637         683.773
        4055.255       38864.197         736.522
        6233.886       38840.937         538.277
        8253.769       38986.220        1048.540
       10263.656       38923.690        1543.104
       12139.713       38853.946        1540.341
       14199.695       38715.744         990.012
       16286.744       38887.814         858.161
       18459.206       39022.798         716.340
       19155.243       39022.822         977.907
       21421.353       38625.260        1539.521
       23531.217       38683.732        1230.477
       24264.971       38523.335         738.216
       26396.344       38621.799         705.127
       27293.517       38708.189         932.674
       29379.615       38763.800        1534.002
       31299.613       39003.716        1866.223
       33448.564       38751.119        1583.758
       35469.377       38736.231         746.552
       37364.164       38569.304         552.135
       39389.032       38875.103         946.826
       40643.386       39005.060        1307.184
       42631.044       38857.635        1053.551
       43650.523       38841.868         690.955
       45790.392       38730.438         725.684
       47396.470       38942.970         383.026
       48709.455       38565.006         993.443
       50722.139       38989.352        1270.690
       53521.561       38912.441         871.570
       55645.662       38690.493        1325.908
       57605.323       38645.263         702.054
       59746.411       38719.697        1054.249
       60896.822       38951.505         541.055
       62803.573       39019.852         612.383
       64887.098       38542.938        1319.315
       66609.318       38885.673        1491.821
       67613.962       38526.014        1333.932
       69058.176       38798.572        1152.017
       69931.621       38613.713        1344.534
       71834.872       38905.522        1305.997
       74015.071       38703.493         824.142
       74739.582       38908.833         682.164
       76746.269       38607.811         653.365
       78971.820       38571.043         359.825
       80000.000       38775.510           0.000
           0.000       39795.917           0.000
        1146.263       39620.193         114.907
        3154.745       40009.104         335.649
        5036.413       39580.819         864.793
        6230.671       39870.830         991.827
        8032.725       39567.166        1195.158
       11263.408       39815.718        1629.036
       12950.684       39787.380        1434.869
       13993.672       39996.154        1230.489
       15323.441       39591.703         661.119
       17296.338       39875.540         490.655
       19331.932       40018.989        1103.193
       20413.831       39871.877        1363.875
       22127.095       39713.799        1285.269
       24217.431       39993.119         979.233
       25183.352       39575.950         423.882
       27155.263       39730.344         934.221
       28162.078       39945.592        1169.129
       30231.077       39943.573        1454.634
       32321.491       39963.933        1631.298
       34195.981       39766.896        1231.438
       35386.265       39650.877         988.629
       36668.034       39685.583         543.797
       38397.856       39835.549         404.374
       40730.095       39740.808        1022.076
       42627.998       39781.159         833.005
       44580.719       39838.649         464.736
       46433.987       40016.576         414.560
       48632.477       39843.860         737.833
       50700.127       40021.161        1389.774
       52668.939       39681.041        1138.549
       54684.545       39696.368        1202.956
       56645.415       39741.377        1096.325
       57856.390       39765.754         544.956
       59816.641       39913.230         783.194
       61924.377       39659.893         485.152
       62646.475       39944.620         764.485
       64937.683       39792.667        1487.602
       66824.028       39729.837        1124.001
       68904.318       39962.284         696.902
       70867.630       39766.220        1345.490
       72016.297       39814.283        1321.586
       74039.228       40047.448        1066.410
       76151.813       39820.346         424.630
       77901.300       39802.158         213.227
       80000.000       39795.917           0.000
           0.000       40816.328           0.000
        3011.963       40783.363         634.270
        5267.288       40625.044         652.910
        6960.860       40708.322        1169.139
        9231.350       40854.729        1224.499
       11190.767       40783.098        1242.475
       11919.238       40659.013        1384.121
       13947.082       40706.944        1060.647
       16232.735       40919.542         399.991
       17088.702       40712.180         414.890
       19096.861       40967.608         932.801
       21194.428       40921.681        1165.992
       23237.171       40976.748         684.886
       24304.119       40958.652         734.327
       26349.968       41053.104         867.981
       28207.209       41037.084         831.595
       30549.688       41022.581        1219.696
       33441.393       40804.497        1510.009
       34326.222       41024.974        1407.868
       36688.209       41002.435         782.053
       38389.814       40708.735         354.745
       40422.760       40787.920         722.728
       42597.630       40991.551        1069.628
       44533.431       40850.432         354.015
       46737.988       40635.001         294.007
       48777.721       40601.208         950.857
       51582.211       40621.804        1069.766
       53807.737       40817.552         552.277
       55917.085       40624.442        1099.800
       58918.413       40639.400         407.376
       60765.856       40753.769         332.413
       61936.164       40809.651         380.026
       63965.387       40722.558        1175.884
       64797.073       40739.438        1291.217
       66993.382       41017.676         770.621
       69859.203       40727.065        1066.990
       70698.951       40823.497        1310.333
       73071.441       40720.191        1227.683
       75156.648       40785.141         649.240
       76743.430       40782.492         658.120
       80000.000       40816.328           0.000
           0.000       41836.736           0.000
        1970.282       41708.364         206.429
        4080.436       41860.783         646.486
        6017.791       41921.240        1103.950
        7227.908       41654.388        1137.763
        8900.744       42033.482         901.137
       10896.371       41733.671         900.027
       13201.732       41752.465        1018.139
       14379.294       41910.359         795.688
       16205.084       41778.954         317.610
       18261.878       41918.071         768.796
       21182.899       41625.078        1095.860
       23247.379       42032.783         441.067
       25353.416       41652.440         310.654
       27218.535       41705.699         989.080
       28407.521       42032.633         674.048
       30397.649       41601.551        1006.616
       32446.867       41644.159        1015.086
       34289.675       41822.178        1199.220
       36541.001       41873.633         923.056
       38425.306       41739.904         311.764
       43783.858       41986.078         758.166
       44789.215       41714.299         282.888
       46439.077       41715.783         251.235
       47585.746       41908.262         544.649
       49481.720       41974.351        1307.390
       51413.768       41832.239        1056.453
       53661.740       41772.308         468.681
       55642.535       41905.671         961.830
       57808.118       42069.312        1074.668
       58495.014       42015.137         838.070
       60572.476       42010.994         243.711
       62817.713       41682.439         809.082
       66674.294       41631.873        1017.097
       68678.540       42083.413         434.652
       71013.776       41720.900         965.754
       71750.084       41855.723         902.683
       73755.375       41744.850         787.702
       75070.879       41704.735         539.081
       76161.158       41702.656         364.399
       77782.752       41685.143         201.813
       80000.000       41836.736           0.000
           0.000       42857.143           0.000
        3168.119       42919.951         462.793
        5032.133       42625.644        1026.401
        8079.368       42930.849         984.829
        9981.641       43097.169         629.295
       12344.425       43070.378        1123.921
       14044.055       42697.858         625.807
       16282.701       42706.545         273.406
       18376.837       42832.056         971.358
       20498.863       43026.755        1037.419
       22409.376       42769.807         760.226
       24172.747       43079.497         231.947
       25313.991       42714.603         643.632
       27256.950       43015.812        1075.425
       29519.332       42947.544         610.726
       31437.014       42655.134        1109.940
       33344.892       42850.350         654.325
       35422.629       42695.704         893.554
       39694.175       42849.798         764.249
       40446.320       42799.188         812.751
       42591.146       42743.826        1020.546
       44449.410       43064.890         481.976
       45410.105       42640.096         202.179
       47351.813       43086.454         661.773
       49611.312       42952.205        1158.445
       50645.083       42900.793        1262.484
       52661.745       42990.175         609.010
       53697.848       42670.181         407.041
       56867.405       42983.409        1236.093
       58597.807       42810.895         688.973
       60701.870       43032.666         208.222
       62717.780       42718.384         764.077
       63805.126       42676.145        1038.021
       65732.265       42908.996        1223.292
       67912.654       42779.591         545.120
       70086.245       42946.160         600.428
       71130.654       42633.295         617.207
       72677.409       42816.090        1177.032
       74929.562       42738.582         757.705
       77171.999       42630.981         548.682
       79184.613       42886.657         139.013
       80000.000       42857.143           0.000
           0.000       43877.551           0.000
        2112.854       43797.195         625.108
        3275.810       43987.237         918.111
        5062.332       43979.343        1047.743
        7198.135       43913.948         608.478
        9098.080       43843.527         562.699
       11092.373       44006.911         817.949
       12258.396       44070.233        1148.798
       14167.044       44058.824         802.065
       16158.245       43862.928         222.242
       18044.269       43877.662         726.586
       20135.855       43908.616        1154.269
       22488.977       43997.386         751.054
       24314.312       44043.572         197.079
       26130.344       43696.558         996.042
       28159.480       43973.781         438.833
       30572.340       43773.965         907.657
       32531.808       43957.016         865.578
       34439.090       44078.652         434.916
       35516.685       43830.756         989.242
       38684.770       43781.362         234.555
       40428.380       44125.044         449.676
       42556.872       43794.263        1000.535
       44608.162       43922.351         522.712
       45811.563       44061.114         158.179
       47790.718       44009.621         776.078
       50637.686       43844.171        1070.048
       52785.603       44033.595         601.152
       53544.779       44070.073         321.453
       55683.536       43876.526         893.232
       57616.027       44077.570         990.780
       59842.145       43990.709         332.783
       60766.572       43890.939         179.927
       61803.776       43742.331         620.867
       63574.616       43953.948         711.966
       65614.086       43667.495         993.062
       66852.725       43844.391        1053.988
       67747.868       43846.108         799.541
       70022.784       44062.306         323.315
       71774.948       43817.936         846.606
       74026.142       43978.433        1275.606
       75175.271       43844.911        1118.338
       76964.345       43937.350         812.668
       79022.483       44027.991         299.070
       80000.000       43877.551           0.000
           0.000       44897.959           0.000
        1071.141       45116.553         168.724
        3159.281       44929.197         614.787
        3947.116       44999.184         891.397
        6255.917       45068.542         844.632
        8103.074       45099.974         354.123
       10023.818       44943.302         395.119
       11245.220       44865.876         972.240
       12346.605       44744.438         892.557
       14301.240       44818.824         723.796
       17024.738       44672.128         627.805
       19296.810       44925.201        1105.319
       21171.991       44824.783         604.320
       23091.293       45020.613         670.070
       24404.511       44657.176         175.987
       26090.760       44659.802         667.219
       27434.747       44863.165         810.685
       29287.022       45139.602         295.386
       30350.757       44701.374         499.543
       33557.439       45035.761         473.199
       35337.635       44877.642         658.950
       37434.588       44828.415         566.560
       38481.810       44968.450         193.271
       40422.032       44813.236         333.562
       42650.908       44682.107         954.904
       43617.643       45070.228         991.710
       45446.898       44963.120         544.254
       47715.050       44657.746         614.297
       49566.957       44712.028         999.324
       51798.166       44887.773         794.004
       53713.174       45069.302         268.874
       55543.791       44931.414         762.643
       57971.842       44887.814         949.694
       59658.795       45067.156         586.562
       60822.317       44864.277         148.888
       61733.594       44660.657         525.307
       64778.708       45135.095         897.711
       65751.193       44690.003         725.122
       67070.901       44941.568         989.172
       69731.910       44746.727         249.716
       71806.952       45012.766         791.706
       73817.683       44872.804        1159.312
       75034.509       44662.373        1143.919
       76720.293       44850.746         726.125
       78915.020       44742.287         165.560
       80000.000       44897.959           0.000
           0.000       45918.366           0.000
        1788.535       46106.297         580.476
        4283.904       46015.435         905.646
        6964.133       45901.917         796.382
        8971.033       46159.313         240.486
       10233.194       46063.391         658.921
       12259.572       46171.463         575.013
       14128.384       46018.354         704.487
       16017.838       45745.895         148.683
       18220.414       46080.946         716.882
       20055.272       46147.882         759.529
       22229.834       45868.791         423.836
       24140.034       45725.039         537.726
       25279.357       46011.965         122.558
       27169.731       46076.173         723.160
       29247.306       45842.033         251.838
       32152.626       45848.831         937.482
       34352.129       45667.790         291.042
       35269.394       45973.237         636.069
       37445.262       45736.235         693.482
       39704.077       46049.479         139.845
       41575.240       46050.864         693.042
       42730.806       46139.102         586.698
       44565.953       45711.535         676.826
       46557.365       45707.896         107.600
       47780.404       46084.220         546.922
       48636.006       45813.552         922.189
       50659.455       45778.731         543.647
       51824.255       46029.585         670.518
       53635.387       45843.684         230.734
       55663.594       45774.569         808.713
       57695.622       45927.156         931.655
       59762.853       46051.791         459.206
       61656.455       46126.720         276.886
       63937.520       45989.547         942.487
       65574.975       45846.780         505.060
       67935.278       45984.153         719.024
       69780.881       45852.075         195.070
       71770.863       45758.421         866.718
       75008.614       45666.491         665.835
       76933.318       45843.275         811.523
       78888.872       45690.090         335.061
       80000.000       45918.366           0.000
           0.000       46938.777           0.000
        1127.096       46807.162         204.710
        2842.228       46977.736         697.376
        5140.651       46734.582         761.086
        7116.915       47128.179         636.193
        8997.708       46734.915         205.944
       11127.812       47174.136         788.541
       13186.637       46817.027         405.804
       13950.935       47059.788         670.748
       16149.363       46868.352         107.873
       18123.874       46813.924         674.570
       20099.311       47143.064         506.075
       22314.878       47113.305         287.613
       23253.065       47169.083         652.179
       25141.239       47093.322          88.686
       26528.862       46785.484         578.117
       28377.610       46796.554         563.984
       29441.602       46797.945         194.542
       30176.721       47064.331         390.388
       31362.258       47062.963         913.418
       33266.945       47082.491         414.688
       35353.995       46989.585         484.218
       37249.372       46866.820         849.273
       39717.846       46939.613         112.760
       41564.253       47064.201         600.597
       44349.787       46842.710         718.135
       46468.595       46800.385          78.891
       48437.546       47098.511         621.113
       50647.922       47136.908         326.164
       52887.409       46828.749         172.776
       53716.248       46947.350         396.074
       55931.192       46871.666         659.500
       57576.158       46738.584         643.387
       58916.747       46993.614         713.503
       60548.375       46796.736          90.574
       62727.381       46757.886         673.184
       64604.310       46831.250         931.750
       66981.220       47004.893         408.214
       67698.503       46747.601         700.438
       69668.659       46879.250         145.993
       70707.449       46768.568         436.853
       72991.254       46944.986         745.464
       74948.141       47093.301         696.281
       75789.788       46710.057         423.786
       77893.642       46963.078         624.311
       80000.000       46938.777           0.000
           0.000       47959.185           0.000
        1787.442       48014.028         565.068
        4250.278       47959.612         300.096
        5062.616       47963.234         601.107
        8995.263       48201.500         122.702
       10939.950       48097.763         674.855
       13321.917       48107.538         229.833
       16448.322       48152.748          62.301
       18293.731       47752.301         629.426
       22081.617       47857.506         207.724
       24089.721       47721.217         528.714
       26505.408       47853.523         643.930
       28516.982       48162.344         349.754
       29382.145       47936.215         130.702
       31267.562       48008.425         684.030
       32254.149       47963.920         662.456
       34491.024       47813.531         137.863
       36559.667       47840.104         700.711
       37707.662       47743.762         559.259
       40326.057       48086.317          74.448
       42598.648       47958.514         290.270
       44584.719       48048.759         609.472
       46685.889       47710.513          55.376
       48768.881       48002.019         651.010
       50588.609       47897.521         231.352
       52480.149       47902.697         366.759
       53690.197       48002.388         107.093
       54705.734       48168.900         469.971
       56692.576       47748.052         314.795
       58711.312       47957.759         660.553
       60987.262       47849.236          58.302
       63739.632       48107.614         550.055
       65045.688       47886.618         524.677
       66594.505       47746.150         226.748
       68956.659       47973.011         512.753
       70042.406       47761.757         101.473
       71777.304       48090.121         329.096
       72776.912       48001.499         628.117
       74744.575       47920.780         609.695
       75986.274       48040.328         223.975
       78096.417       47842.046         602.705
       80000.000       47959.185           0.000
           0.000       48979.592           0.000
        2240.879       48961.424         308.994
        4159.235       48786.135         165.809
        6263.199       48757.133         312.075
        8095.078       48838.480          61.773
       10104.505       49097.048         369.640
       12106.644       48989.425         334.823
       13013.810       48833.593         135.764
       14981.109       48937.711         290.825
       17106.344       48905.499         421.654
       18064.356       49038.181         421.624
       19177.699       48832.542         165.051
       21327.401       48915.441         367.329
       22287.911       48763.783         115.719
       24483.229       49157.938          24.045
       26511.701       49033.644         257.098
       28533.052       49083.579          51.394
       30420.356       49172.846         201.414
       32389.925       49173.567         205.100
       34365.945       49210.388          49.130
       35350.486       48833.495         423.759
       37603.618       49014.989         214.832
       39279.106       48914.036         363.441
       41643.031       48933.864          29.674
       42748.738       48848.588         160.459
       44798.963       49112.605         235.238
       46523.136       49009.589          23.465
       48773.331       49167.519         229.870
       50495.262       48819.763         124.484
       52824.656       48891.872          50.727
       54785.868       49166.008         288.406
       56609.478       49006.373         125.006
       58521.653       49226.428         335.329
       61011.246       49125.449          24.052
       62704.854       48825.755         357.404
       64779.279       49210.692         162.885
       66701.986       48884.581         107.448
       68949.468       48725.388         451.255
       69799.427       49128.807          38.975
       71763.644       49001.821         157.986
       74092.743       48998.473         338.136
       75738.230       49023.202         103.836
       77852.305       48745.846         484.110
       80000.000       48979.592           0.000
           0.000       50000.000           0.000
        1012.658       50000.000           0.000
        2025.317       50000.000           0.000
        3037.975       50000.000           0.000
        4050.633       50000.000           0.000
        5063.291       50000.000           0.000
        6075.949       50000.000           0.000
        7088.608       50000.000           0.000
        8101.266       50000.000           0.000
        9113.924       50000.000           0.000
       10126.582       50000.000           0.000
       11139.240       50000.000           0.000
       12151.898       50000.000           0.000
       13164.557       50000.000           0.000
       14177.215       50000.000           0.000
       15189.873       50000.000           0.000
       16202.532       50000.000           0.000
       17215.190       50000.000           0.000
       18227.848       50000.000           0.000
       19240.507       50000.000           0.000
       20253.165       50000.000           0.000
       21265.824       50000.000           0.000
       22278.481       50000.000           0.000
       23291.140       50000.000           0.000
       24303.796       50000.000           0.000
       25316.455       50000.000           0.000
       26329.114       50000.000           0.000
       27341.771       50000.000           0.000
       28354.430       50000.000           0.000
       29367.089       50000.000           0.000
       30379.746       50000.000           0.000
       31392.405       50000.000           0.000
       32405.064       50000.000           0.000
       33417.721       50000.000           0.000
       34430.380       50000.000           0.000
       35443.039       50000.000           0.000
       36455.696       50000.000           0.000
       37468.355       50000.000           0.000
       38481.014       50000.000           0.000
       39493.670       50000.000           0.000
       40506.330       50000.000           0.000
       41518.989       50000.000           0.000
       42531.648       50000.000           0.000
       43544.302       50000.000           0.000
       44556.961       50000.000           0.000
       45569.620       50000.000           0.000
       46582.279       50000.000           0.000
       47594.938       50000.000           0.000
       48607.593       50000.000           0.000
       49620.252       50000.000           0.000
       50632.911       50000.000           0.000
       51645.570       50000.000           0.000
       52658.229       50000.000           0.000
       53670.888       50000.000           0.000
       54683.542       50000.000           0.000
       55696.201       50000.000           0.000
       56708.860       50000.000           0.000
       57721.519       50000.000           0.000
       58734.179       50000.000           0.000
       59746.838       50000.000           0.000
       60759.492       50000.000           0.000
       61772.151       50000.000           0.000
       62784.810       50000.000           0.000
       63797.469       50000.000           0.000
       64810.128       50000.000           0.000
       65822.783       50000.000           0.000
       66835.442       50000.000           0.000
       67848.101       50000.000           0.000
       68860.760       50000.000           0.000
       69873.419       50000.000           0.000
       70886.078       50000.000           0.000
       71898.732       50000.000           0.000
       72911.391       50000.000           0.000
       73924.050       50000.000           0.000
       74936.709       50000.000           0.000
       75949.368       50000.000           0.000
       76962.028       50000.000           0.000
       77974.682       50000.000           0.000
       78987.341       50000.000           0.000
       80000.000       50000.000           0.000
       72898.532        2611.758         504.410
        7147.256        2729.875         673.452
       76935.169        9794.886         322.241
       76864.198       10318.475         178.103
       23296.469        3916.889         516.418
       62693.326       45467.590         433.877
       76156.094       21866.488         442.652
       75927.564       22574.582         141.143
       76063.523       22986.462         305.925
       15213.824        3287.040         464.334
       37531.867       43307.763         580.016
       69031.913       43349.686         342.278
       15070.176       43182.239         400.708
       49659.929       46497.853         628.249
       27371.980        7746.627         919.872
       26802.924        8153.095         808.321
       71975.595       21473.186         380.149
       72007.615       20788.134         680.136
       70903.676       32420.181         908.022
       71098.777       33094.969        1143.860
       71066.536       32175.506         810.974
       72175.468       33099.598        1000.480
       72365.731       32802.248         893.713
       35489.641        7278.757         646.082
       30648.593       10526.005         479.519
       30200.078        9621.938         989.595
       57224.803       40967.461         889.926
       62880.484       36231.584        1402.672
       12183.161       27962.381        1541.829
       48566.313       13256.279        1600.348
       67772.442       15788.390        1771.014
       38519.117       46969.012         419.862
       51149.086       37830.458        1495.220
       50585.750       32169.155        1775.929
       65944.043        9183.616        1023.570
CELLS       2344      7032
         2         0         0
         2         1         1
         2         2         2
         2         3         3
         2         4         4
         2         5         5
         2         6         6
         2         7         7
         2         8         8
         2         9         9
         2        10        10
         2        11        11
         2        12        12
         2        13        13
         2        14        14
         2        15        15
         2        16        16
         2        17        17
         2        18        18
         2        19        19
         2        20        20
         2        21        21
         2        22        22
         2        23        23
         2        24        24
         2        25        25
         2        26        26
         2        27        27
         2        28        28
         2        29        29
         2        30        30
         2        31        31
         2        32        32
         2        33        33
         2        34        34
         2        35        35
         2        36        36
         2        37        37
         2        38        38
         2        39        39
         2        40        40
         2        41        41
         2        42        42
         2        43        43
         2        44        44
         2        45        45
         2        46        46
         2        47        47
         2        48        48
         2        49        49
         2        50        50
         2        51        51
         2        52        52
         2        53        53
         2        54        54
         2        55        55
         2        56        56
         2        57        57
         2        58        58
         2        59        59
         2        60        60
         2        61        61
         2        62        62
         2        63        63
         2        64        64
         2        65        65
         2        66        66
         2        67        67
         2        68        68
         2        69        69
         2        70        70
         2        71        71
         2        72        72
         2        73        73
         2        74        74
         2        75        75
         2        76        76
         2        77        77
         2        78        78
         2        79        79
         2        80        80
         2        81        82
         2        82         4
         2        83         6
         2        84         7
         2        85         9
         2        86        11
         2        87        12
         2        88        14
         2        89        16
         2        90        18
         2        91        19
         2        92        91
         2        93        23
         2        94        25
         2        95        94
         2        96        29
         2        97        31
         2        98        99
         2        99        34
         2       100        36
         2       101       102
         2       102        40
         2       103        42
         2       104        44
         2       105        46
         2       106        48
         2       107        50
         2       108        51
         2       109        53
         2       110        55
         2       111        57
         2       112        59
         2       113       112
         2       114        62
         2       115        64
         2       116       115
         2       117        68
         2       118       119
         2       119        71
         2       120        73
         2       121        75
         2       122        77
         2       123       123
         2       124       124
         2       125       124
         2       126        82
         2       127        83
         2       128        85
         2       129        85
         2       130        86
         2       131        88
         2       132        89
         2       133        91
         2       134        91
         2       135        93
         2       136        94
         2       137        94
         2       138        96
         2       139       183
         2       140        99
         2       141        99
         2       142       100
         2       143       144
         2       144       102
         2       145       103
         2       146       104
         2       147       105
         2       148       106
         2       149       148
         2       150       108
         2       151       110
         2       152       151
         2       153       111
         2       154       113
         2       155       114
         2       156       115
         2       157       115
         2       158       117
         2       159       117
         2       160       119
         2       161       120
         2       162       121
         2       163       162
         2       164       165
         2       165       165
         2       166       166
         2       167       166
         2       168       127
         2       169       127
         2       170       128
         2       171       128
         2       172       173
         2       173        88
         2       174       133
         2       175       133
         2       176       133
         2       177       135
         2       178       179
         2       179       137
         2       180       137
         2       181        96
         2       182       183
         2       183       140
         2       184       183
         2       185       140
         2       186       141
         2       187       144
         2       188       144
         2       189       188
         2       190       145
         2       191       147
         2       192       148
         2       193       150
         2       194       150
         2       195       237
         2       196       151
         2       197       154
         2       198       199
         2       199       156
         2       200       156
         2       201       158
         2       202       160
         2       203       160
         2       204      2309
         2       205       162
         2       206       164
         2       207       208
         2       208       208
         2       209       209
         2       210       209
         2       211       253
         2       212       169
         2       213       169
         2       214       215
         2       215       173
         2       216       173
         2       217       218
         2       218       133
         2       219       175
         2       220       175
         2       221       179
         2       222       179
         2       223       181
         2       224       225
         2       225       183
         2       226       184
         2       227       228
         2       228       229
         2       229       188
         2       230       229
         2       231       230
         2       232       233
         2       233       147
         2       234       233
         2       235       236
         2       236       193
         2       237       150
         2       238       196
         2       239       196
         2       240       241
         2       241       242
         2       242       154
         2       243       199
         2       244       243
         2       245       201
         2       246       203
         2       247       203
         2       248       296
         2       249       296
         2       250       297
         2       251       251
         2       252       252
         2       253       252
         2       254       253
         2       255       212
         2       256       169
         2       257       170
         2       258       215
         2       259       216
         2       260       216
         2       261       218
         2       262       218
         2       263       264
         2       264       265
         2       265       221
         2       266       221
         2       267       222
         2       268       222
         2       269       223
         2       270       317
         2       271       225
         2       272       225
         2       273       272
         2       274       229
         2       275       229
         2       276       275
         2       277       278
         2       278       233
         2       279       233
         2       280       279
         2       281       236
         2       282       237
         2       283       239
         2       284       239
         2       285       241
         2       286       242
         2       287       242
         2       288       243
         2       289       243
         2       290       243
         2       291       290
         2       292       246
         2       293       203
         2       294       293
         2       295       296
         2       296       297
         2       297       298
         2       298       298
         2       299       299
         2       300       299
         2       301       253
         2       302       346
         2       303       346
         2       304       256
         2       305       306
         2       306       215
         2       307       260
         2       308       260
         2       309       310
         2       310       218
         2       311       312
         2       312       265
         2       313       265
         2       314       266
         2       315       314
         2       316       317
         2       317       271
         2       318       271
         2       319       318
         2       320       321
         2       321       275
         2       322       275
         2       323       324
         2       324       279
         2       325       236
         2       326       282
         2       327       282
         2       328       284
         2       329       285
         2       330       286
         2       331       286
         2       332       287
         2       333       289
         2       334       290
         2       335       290
         2       336       337
         2       337       293
         2       338       293
         2       339       247
         2       340       341
         2       341       342
         2       342       342
         2       343       343
         2       344       343
         2       345       386
         2       346       386
         2       347       346
         2       348       306
         2       349       306
         2       350       307
         2       351       307
         2       352       351
         2       353       310
         2       354       310
         2       355       312
         2       356       265
         2       357       356
         2       358       314
         2       359       316
         2       360       317
         2       361       362
         2       362       363
         2       363       321
         2       364       363
         2       365       366
         2       366       324
         2       367       324
         2       368       325
         2       369       410
         2       370       326
         2       371       327
         2       372       330
         2       373       415
         2       374       287
         2       375       289
         2       376       334
         2       377       335
         2       378       337
         2       379       337
         2       380       381
         2       381       425
         2       382       383
         2       383       383
         2       384       384
         2       385       429
         2       386       429
         2       387       346
         2       388       431
         2       389       349
         2       390       350
         2       391       350
         2       392       391
         2       393       353
         2       394       355
         2       395       356
         2       396       356
         2       397       358
         2       398      2323
         2       399       360
         2       400       317
         2       401       318
         2       402      2332
         2       403       404
         2       404       363
         2       405       404
         2       406       366
         2       407       366
         2       408       366
         2       409       325
         2       410       325
         2       411       410
         2       412       411
         2       413       414
         2       414       415
         2       415       374
         2       416       374
         2       417       374
         2       418       334
         2       419       418
         2       420       378
         2       421       378
         2       422       464
         2       423       464
         2       424       425
         2       425       382
         2       426       426
         2       427       427
         2       428       469
         2       429       469
         2       430       471
         2       431       471
         2       432       433
         2       433       391
         2       434       391
         2       435       434
         2       436       393
         2       437       438
         2       438       356
         2       439       438
         2       440      2324
         2       441       485
         2       442       400
         2       443       401
         2       444       443
         2       445       446
         2       446       404
         2       447       404
         2       448       407
         2       449       407
         2       450       451
         2       451       410
         2       452       410
         2       453       410
         2       454       411
         2       455       456
         2       456       415
         2       457       416
         2       458       416
         2       459       375
         2       460      2343
         2       461       462
         2       462       506
         2       463       507
         2       464       508
         2       465       508
         2       466       466
         2       467       467
         2       468       467
         2       469       468
         2       470       429
         2       471       429
         2       472       517
         2       473       518
         2       474       433
         2       475       433
         2       476       433
         2       477       434
         2       478       477
         2       479       480
         2       480       481
         2       481       438
         2       482       438
         2       483       482
         2       484      2333
         2       485       400
         2       486       442
         2       487       486
         2       488       446
         2       489       446
         2       490       446
         2       491       448
         2       492       407
         2       493       492
         2       494       451
         2       495       451
         2       496       452
         2       497       453
         2       498       454
         2       499       500
         2       500       415
         2       501       416
         2       502       501
         2       503       459
         2       504      2343
         2       505       506
         2       506       507
         2       507       508
         2       508      2312
         2       509       510
         2       510       511
         2       511       511
         2       512       512
         2       513       469
         2       514       513
         2       515       471
         2       516       517
         2       517       471
         2       518       517
         2       519       518
         2       520       475
         2       521       475
         2       522       476
         2       523       524
         2       524       525
         2       525       481
         2       526       481
         2       527       526
         2       528       529
         2       529      2333
         2       530       485
         2       531       442
         2       532       486
         2       533       443
         2       534       488
         2       535       536
         2       536       489
         2       537       489
         2       538       491
         2       539       492
         2       540       539
         2       541       451
         2       542       452
         2       543       542
         2       544       497
         2       545       546
         2       546       500
         2       547       500
         2       548       501
         2       549       503
         2       550       503
         2       551       552
         2       552       506
         2       553       506
         2       554       508
         2       555      2312
         2       556       509
         2       557       510
         2       558       558
         2       559       559
         2       560       559
         2       561       604
         2       562       651
         2       563       518
         2       564       563
         2       565       520
         2       566       475
         2       567       521
         2       568       569
         2       569       570
         2       570       525
         2       571       526
         2       572       526
         2       573       574
         2       574      2333
         2       575       574
         2       576       531
         2       577       532
         2       578       535
         2       579       536
         2       580       537
         2       581       537
         2       582       491
         2       583       541
         2       584       542
         2       585       584
         2       586       585
         2       587       546
         2       588       547
         2       589       500
         2       590       548
         2       591       549
         2       592       550
         2       593       640
         2       594       552
         2       595       641
         2       596       642
         2       597       643
         2       598       645
         2       599       600
         2       600       600
         2       601       601
         2       602       648
         2       603       648
         2       604       649
         2       605       651
         2       606       651
         2       607       652
         2       608       607
         2       609       566
         2       610       566
         2       611       566
         2       612       613
         2       613       614
         2       614       570
         2       615       570
         2       616       571
         2       617       573
         2       618       574
         2       619       574
         2       620       619
         2       621       532
         2       622       534
         2       623       579
         2       624       579
         2       625       582
         2       626       582
         2       627       539
         2       628       541
         2       629       584
         2       630       584
         2       631       585
         2       632       587
         2       633       588
         2       634       588
         2       635       589
         2       636       589
         2       637       590
         2       638       592
         2       639       640
         2       640       641
         2       641       642
         2       642       643
         2       643       644
         2       644       645
         2       645       646
         2       646       646
         2       647       647
         2       648       647
         2       649       648
         2       650       649
         2       651       650
         2       652       651
         2       653       652
         2       654       653
         2       655       698
         2       656       611
         2       657       658
         2       658       614
         2       659       570
         2       660       617
         2       661       618
         2       662       574
         2       663       619
         2       664       576
         2       665       577
         2       666       623
         2       667       623
         2       668       624
         2       669       626
         2       670       582
         2       671       627
         2       672       628
         2       673       628
         2       674       629
         2       675       630
         2       676       633
         2       677       635
         2       678       589
         2       679       678
         2       680       637
         2       681       682
         2       682       683
         2       683       684
         2       684       641
         2       685       642
         2       686       643
         2       687       644
         2       688       689
         2       689       690
         2       690       690
         2       691       691
         2       692       648
         2       693       649
         2       694       649
         2       695       651
         2       696       652
         2       697       652
         2       698       697
         2       699       698
         2       700       657
         2       701       658
         2       702       659
         2       703       659
         2       704       659
         2       705       615
         2       706       707
         2       707       661
         2       708       662
         2       709       663
         2       710       621
         2       711       622
         2       712       667
         2       713       670
         2       714       670
         2       715       673
         2       716       630
         2       717       675
         2       718       718
         2       719       678
         2       720       678
         2       721       679
         2       722       680
         2       723       724
         2       724       683
         2       725       775
         2       726       776
         2       727       823
         2       728       823
         2       729       689
         2       730       731
         2       731       731
         2       732       732
         2       733       732
         2       734       733
         2       735       830
         2       736       784
         2       737       785
         2       738       697
         2       739       738
         2       740       788
         2       741       701
         2       742       701
         2       743       702
         2       744       703
         2       745       704
         2       746       705
         2       747       705
         2       748       707
         2       749       750
         2       750       662
         2       751       750
         2       752       663
         2       753       664
         2       754       710
         2       755       666
         2       756       666
         2       757       712
         2       758       713
         2       759       714
         2       760       714
         2       761       671
         2       762       673
         2       763       715
         2       764       674
         2       765       716
         2       766       766
         2       767       718
         2       768       719
         2       769       768
         2       770       770
         2       771       770
         2       772       818
         2       773       819
         2       774       775
         2       775       776
         2       776       822
         2       777       824
         2       778       825
         2       779       779
         2       780       780
         2       781       780
         2       782       829
         2       783       829
         2       784       830
         2       785       784
         2       786       831
         2       787       832
         2       788       787
         2       789       833
         2       790       789
         2       791       791
         2       792       744
         2       793       744
         2       794       703
         2       795       841
         2       796       749
         2       797       750
         2       798       750
         2       799       752
         2       800       752
         2       801       849
         2       802       850
         2       803       756
         2       804       852
         2       805       853
         2       806       854
         2       807       761
         2       808       761
         2       809       810
         2       810       810
         2       811       764
         2       812       766
         2       813       766
         2       814       768
         2       815       863
         2       816       865
         2       817       866
         2       818       867
         2       819       914
         2       820       776
         2       821       822
         2       822       823
         2       823       824
         2       824       825
         2       825       826
         2       826       826
         2       827       827
         2       828       876
         2       829       876
         2       830       829
         2       831       879
         2       832       831
         2       833       832
         2       834       833
         2       835       789
         2       836       791
         2       837       791
         2       838       793
         2       839       794
         2       840       794
         2       841       840
         2       842       841
         2       843       797
         2       844       797
         2       845       798
         2       846       752
         2       847       848
         2       848       849
         2       849       850
         2       850       851
         2       851       851
         2       852       852
         2       853       853
         2       854       854
         2       855       899
         2       856       899
         2       857       858
         2       858       810
         2       859       903
         2       860       860
         2       861       906
         2       862       907
         2       863       863
         2       864       910
         2       865       866
         2       866       912
         2       867       868
         2       868       914
         2       869       776
         2       870       871
         2       871       824
         2       872       824
         2       873       874
         2       874       874
         2       875       875
         2       876       875
         2       877       876
         2       878       829
         2       879       830
         2       880       879
         2       881       831
         2       882       832
         2       883       882
         2       884       835
         2       885       933
         2       886       838
         2       887       838
         2       888       840
         2       889       842
         2       890       939
         2       891       891
         2       892       846
         2       893       942
         2       894       849
         2       895       945
         2       896       852
         2       897       853
         2       898       948
         2       899       899
         2       900       950
         2       901       951
         2       902       902
         2       903       902
         2       904       860
         2       905       906
         2       906       955
         2       907       908
         2       908       957
         2       909       958
         2       910       911
         2       911       912
         2       912       913
         2       913       961
         2       914       962
         2       915       962
         2       916      1008
         2       917      1008
         2       918       919
         2       919       873
         2       920       921
         2       921       921
         2       922       922
         2       923       876
         2       924       877
         2       925       924
         2       926       879
         2       927       879
         2       928       879
         2       929       832
         2       930       882
         2       931       883
         2       932       977
         2       933       933
         2       934       935
         2       935       935
         2       936       936
         2       937       982
         2       938       938
         2       939       938
         2       940       891
         2       941       941
         2       942       987
         2       943       988
         2       944       945
         2       945       945
         2       946       946
         2       947       992
         2       948       948
         2       949       950
         2       950       950
         2       951       996
         2       952       902
         2       953       998
         2       954       999
         2       955       955
         2       956       908
         2       957       957
         2       958       959
         2       959       960
         2       960       961
         2       961       962
         2       962      2325
         2       963      1008
         2       964      1011
         2       965       966
         2       966       966
         2       967       967
         2       968       967
         2       969       968
         2       970       969
         2       971       927
         2       972       927
         2       973       928
         2       974       928
         2       975       974
         2       976       930
         2       977       976
         2       978      1023
         2       979      1024
         2       980      1026
         2       981       936
         2       982       982
         2       983       938
         2       984       984
         2       985       941
         2       986       987
         2       987       987
         2       988       988
         2       989       945
         2       990       946
         2       991       992
         2       992       992
         2       993       948
         2       994       995
         2       995       950
         2       996      1044
         2       997      1045
         2       998      1047
         2       999      1048
         2      1000       955
         2      1001      1050
         2      1002       958
         2      1003      1004
         2      1004       960
         2      1005       961
         2      1006      1007
         2      1007      2325
         2      1008      1058
         2      1009      1058
         2      1010      1059
         2      1011      1012
         2      1012      1012
         2      1013      1013
         2      1014      1013
         2      1015      1014
         2      1016      1015
         2      1017      1016
         2      1018      1112
         2      1019      1067
         2      1020      1019
         2      1021       930
         2      1022       977
         2      1023      1023
         2      1024      1024
         2      1025      1026
         2      1026      1027
         2      1027      1027
         2      1028      1027
         2      1029      1030
         2      1030      1077
         2      1031       984
         2      1032      1080
         2      1033      1034
         2      1034       987
         2      1035       988
         2      1036      1036
         2      1037      1036
         2      1038       991
         2      1039      1040
         2      1040      1040
         2      1041       994
         2      1042      1043
         2      1043      1044
         2      1044      1045
         2      1045      1045
         2      1046      1047
         2      1047      1047
         2      1048      1047
         2      1049      1050
         2      1050      1095
         2      1051      1051
         2      1052      1003
         2      1053      1005
         2      1054      1006
         2      1055      1007
         2      1056      2325
         2      1057      1058
         2      1058      2316
         2      1059      1060
         2      1060      1061
         2      1061      1061
         2      1062      1062
         2      1063      1062
         2      1064      1063
         2      1065      1109
         2      1066      1065
         2      1067      1112
         2      1068      1113
         2      1069      1114
         2      1070      1069
         2      1071      1072
         2      1072      1023
         2      1073      1118
         2      1074      1026
         2      1075      1027
         2      1076      1122
         2      1077      1077
         2      1078      1123
         2      1079      1079
         2      1080      1125
         2      1081      1082
         2      1082      1082
         2      1083      1082
         2      1084      1085
         2      1085      1036
         2      1086      1131
         2      1087      1133
         2      1088      1040
         2      1089      1135
         2      1090      1090
         2      1091      1044
         2      1092      1092
         2      1093      1047
         2      1094      1094
         2      1095      1095
         2      1096      1051
         2      1097      1144
         2      1098      1053
         2      1099      1100
         2      1100      1101
         2      1101      1102
         2      1102      1057
         2      1103      1057
         2      1104      1058
         2      1105      1058
         2      1106      1060
         2      1107      1107
         2      1108      1108
         2      1109      1064
         2      1110      1156
         2      1111      1157
         2      1112      1158
         2      1113      1159
         2      1114      1113
         2      1115      1161
         2      1116      1163
         2      1117      1118
         2      1118      1118
         2      1119      1167
         2      1120      1120
         2      1121      1169
         2      1122      1122
         2      1123      1171
         2      1124      1125
         2      1125      1125
         2      1126      1174
         2      1127      1083
         2      1128      1128
         2      1129      1130
         2      1130      1130
         2      1131      1132
         2      1132      1132
         2      1133      1134
         2      1134      1134
         2      1135      1182
         2      1136      1182
         2      1137      1184
         2      1138      1138
         2      1139      1140
         2      1140      1187
         2      1141      1094
         2      1142      1095
         2      1143      1191
         2      1144      1144
         2      1145      1146
         2      1146      1147
         2      1147      1101
         2      1148      1102
         2      1149      1198
         2      1150      1199
         2      1151      1199
         2      1152      1200
         2      1153      1153
         2      1154      1154
         2      1155      1154
         2      1156      1155
         2      1157      1156
         2      1158      1157
         2      1159      1206
         2      1160      1208
         2      1161      1160
         2      1162      1161
         2      1163      1163
         2      1164      1163
         2      1165      1118
         2      1166      1166
         2      1167      1166
         2      1168      1168
         2      1169      1169
         2      1170      1122
         2      1171      1171
         2      1172      1220
         2      1173      1174
         2      1174      1223
         2      1175      1223
         2      1176      1177
         2      1177      1130
         2      1178      1130
         2      1179      1132
         2      1180      1179
         2      1181      1134
         2      1182      1182
         2      1183      1230
         2      1184      1231
         2      1185      1138
         2      1186      1187
         2      1187      1187
         2      1188      1189
         2      1189      1189
         2      1190      1236
         2      1191      1191
         2      1192      1193
         2      1193      1146
         2      1194      1195
         2      1195      1196
         2      1196      1197
         2      1197      1198
         2      1198      1199
         2      1199      1200
         2      1200      1201
         2      1201      1201
         2      1202      1202
         2      1203      1155
         2      1204      1156
         2      1205      1156
         2      1206      1205
         2      1207      1206
         2      1208      1207
         2      1209      1208
         2      1210      1209
         2      1211      1210
         2      1212      1163
         2      1213      1165
         2      1214      1215
         2      1215      1259
         2      1216      1217
         2      1217      1169
         2      1218      1171
         2      1219      1220
         2      1220      1220
         2      1221      1222
         2      1222      1174
         2      1223      1223
         2      1224      1267
         2      1225      1177
         2      1226      1178
         2      1227      1270
         2      1228      1228
         2      1229      1182
         2      1230      1230
         2      1231      1230
         2      1232      1275
         2      1233      1187
         2      1234      1187
         2      1235      1280
         2      1236      1236
         2      1237      1238
         2      1238      1239
         2      1239      1239
         2      1240      1241
         2      1241      1196
         2      1242      1243
         2      1243      1198
         2      1244      1198
         2      1245      1199
         2      1246      1246
         2      1247      1247
         2      1248      1247
         2      1249      1248
         2      1250      1249
         2      1251      1205
         2      1252      1206
         2      1253      1208
         2      1254      2337
         2      1255      1254
         2      1256      1303
         2      1257      1304
         2      1258      1259
         2      1259      1259
         2      1260      1259
         2      1261      1217
         2      1262      1309
         2      1263      1310
         2      1264      1311
         2      1265      1313
         2      1266      1267
         2      1267      1267
         2      1268      1317
         2      1269      1317
         2      1270      1270
         2      1271      1228
         2      1272      1273
         2      1273      1230
         2      1274      1231
         2      1275      1275
         2      1276      1277
         2      1277      1278
         2      1278      1278
         2      1279      1280
         2      1280      1280
         2      1281      1328
         2      1282      1239
         2      1283      1240
         2      1284      1285
         2      1285      1286
         2      1286      1242
         2      1287      1288
         2      1288      1289
         2      1289      1290
         2      1290      1291
         2      1291      1292
         2      1292      1293
         2      1293      1293
         2      1294      1294
         2      1295      1248
         2      1296      1248
         2      1297      1344
         2      1298      1250
         2      1299      1347
         2      1300      1348
         2      1301      1349
         2      1302      1349
         2      1303      1350
         2      1304      1351
         2      1305      1305
         2      1306      1259
         2      1307      1308
         2      1308      1308
         2      1309      1357
         2      1310      1310
         2      1311      1310
         2      1312      1311
         2      1313      1313
         2      1314      1313
         2      1315      1267
         2      1316      1317
         2      1317      1317
         2      1318      1319
         2      1319      1270
         2      1320      1320
         2      1321      1322
         2      1322      1273
         2      1323      1370
         2      1324      1275
         2      1325      1373
         2      1326      1278
         2      1327      1327
         2      1328      1280
         2      1329      1330
         2      1330      1330
         2      1331      1332
         2      1332      1333
         2      1333      1285
         2      1334      1335
         2      1335      1289
         2      1336      1337
         2      1337      1338
         2      1338      1291
         2      1339      1291
         2      1340      1292
         2      1341      1341
         2      1342      1342
         2      1343      1436
         2      1344      1389
         2      1345      1390
         2      1346      1390
         2      1347      1391
         2      1348      1347
         2      1349      1348
         2      1350      1349
         2      1351      1350
         2      1352      1353
         2      1353      1305
         2      1354      1353
         2      1355      1355
         2      1356      1401
         2      1357      1402
         2      1358      1310
         2      1359      1312
         2      1360      1406
         2      1361      1362
         2      1362      1362
         2      1363      1362
         2      1364      1365
         2      1365      1365
         2      1366      1412
         2      1367      1320
         2      1368      1322
         2      1369      1322
         2      1370      1371
         2      1371      1417
         2      1372      1373
         2      1373      1373
         2      1374      1326
         2      1375      1327
         2      1376      1328
         2      1377      1329
         2      1378      1330
         2      1379      1380
         2      1380      1334
         2      1381      1382
         2      1382      1383
         2      1383      1337
         2      1384      1338
         2      1385      1386
         2      1386      1386
         2      1387      1387
         2      1388      1387
         2      1389      1436
         2      1390      1389
         2      1391      1390
         2      1392      1347
         2      1393      1392
         2      1394      1349
         2      1395      1394
         2      1396      1395
         2      1397      1398
         2      1398      1398
         2      1399      1446
         2      1400      1401
         2      1401      1402
         2      1402      1402
         2      1403      1404
         2      1404      1449
         2      1405      1406
         2      1406      1406
         2      1407      1453
         2      1408      1409
         2      1409      1409
         2      1410      1409
         2      1411      1456
         2      1412      1412
         2      1413      1459
         2      1414      1459
         2      1415      1459
         2      1416      2342
         2      1417      2342
         2      1418      1462
         2      1419      1465
         2      1420      1421
         2      1421      1421
         2      1422      1421
         2      1423      1424
         2      1424      1424
         2      1425      1426
         2      1426      1427
         2      1427      1428
         2      1428      1474
         2      1429      1475
         2      1430      1476
         2      1431      1477
         2      1432      1478
         2      1433      1433
         2      1434      1434
         2      1435      1434
         2      1436      1435
         2      1437      1389
         2      1438      1390
         2      1439      1391
         2      1440      1391
         2      1441      1440
         2      1442      1393
         2      1443      1394
         2      1444      1491
         2      1445      1398
         2      1446      1446
         2      1447      1447
         2      1448      1539
         2      1449      1539
         2      1450      1451
         2      1451      1406
         2      1452      1453
         2      1453      1453
         2      1454      1500
         2      1455      1410
         2      1456      1456
         2      1457      1504
         2      1458      1505
         2      1459      1551
         2      1460      1506
         2      1461      1507
         2      1462      2342
         2      1463      1509
         2      1464      1511
         2      1465      1466
         2      1466      1421
         2      1467      1421
         2      1468      1467
         2      1469      1424
         2      1470      1425
         2      1471      1472
         2      1472      1473
         2      1473      2329
         2      1474      1475
         2      1475      1476
         2      1476      1477
         2      1477      1478
         2      1478      1479
         2      1479      1479
         2      1480      1480
         2      1481      1435
         2      1482      1436
         2      1483      1438
         2      1484      1438
         2      1485      1438
         2      1486      1440
         2      1487      1441
         2      1488      1487
         2      1489      1443
         2      1490      1490
         2      1491      1491
         2      1492      1536
         2      1493      1537
         2      1494      1537
         2      1495      1539
         2      1496      1541
         2      1497      1586
         2      1498      1542
         2      1499      1544
         2      1500      1545
         2      1501      1545
         2      1502      1546
         2      1503      1549
         2      1504      1550
         2      1505      1551
         2      1506      1594
         2      1507      1552
         2      1508      1553
         2      1509      1554
         2      1510      1509
         2      1511      1599
         2      1512      1557
         2      1513      1600
         2      1514      1559
         2      1515      1559
         2      1516      1517
         2      1517      1518
         2      1518      2327
         2      1519      1520
         2      1520      1477
         2      1521      1478
         2      1522      1522
         2      1523      1523
         2      1524      1523
         2      1525      1570
         2      1526      1571
         2      1527      1572
         2      1528      1573
         2      1529      1573
         2      1530      1486
         2      1531      1487
         2      1532      1488
         2      1533      1490
         2      1534      1491
         2      1535      1581
         2      1536      1582
         2      1537      1582
         2      1538      1583
         2      1539      1583
         2      1540      1539
         2      1541      1586
         2      1542      1587
         2      1543      1587
         2      1544      1588
         2      1545      1634
         2      1546      1589
         2      1547      1590
         2      1548      1591
         2      1549      1592
         2      1550      1593
         2      1551      1639
         2      1552      1595
         2      1553      1595
         2      1554      1596
         2      1555      1554
         2      1556      1643
         2      1557      1644
         2      1558      1601
         2      1559      1602
         2      1560      1603
         2      1561      1604
         2      1562      1563
         2      1563      1607
         2      1564      2327
         2      1565      1520
         2      1566      1611
         2      1567      1568
         2      1568      1568
         2      1569      1569
         2      1570      1569
         2      1571      1570
         2      1572      1571
         2      1573      1572
         2      1574      1573
         2      1575      1530
         2      1576      1530
         2      1577      1622
         2      1578      1623
         2      1579      1623
         2      1580      1581
         2      1581      1626
         2      1582      1671
         2      1583      1627
         2      1584      1583
         2      1585      1631
         2      1586      1632
         2      1587      1633
         2      1588      1633
         2      1589      1635
         2      1590      1636
         2      1591      1592
         2      1592      1682
         2      1593      1639
         2      1594      1684
         2      1595      1684
         2      1596      1640
         2      1597      1641
         2      1598      1643
         2      1599      1689
         2      1600      1644
         2      1601      1691
         2      1602      1645
         2      1603      2336
         2      1604      1646
         2      1605      1647
         2      1606      1649
         2      1607      1651
         2      1608      1651
         2      1609      1652
         2      1610      1611
         2      1611      1612
         2      1612      1613
         2      1613      1613
         2      1614      1614
         2      1615      1658
         2      1616      1658
         2      1617      1571
         2      1618      1572
         2      1619      1662
         2      1620      1619
         2      1621      1665
         2      1622      1666
         2      1623      1667
         2      1624      1668
         2      1625      1670
         2      1626      1671
         2      1627      1715
         2      1628      1672
         2      1629      1673
         2      1630      1629
         2      1631      1632
         2      1632      1678
         2      1633      1721
         2      1634      1679
         2      1635      1679
         2      1636      1680
         2      1637      1682
         2      1638      1725
         2      1639      1684
         2      1640      1684
         2      1641      1640
         2      1642      1687
         2      1643      1731
         2      1644      1691
         2      1645      1734
         2      1646      2336
         2      1647      1693
         2      1648      1649
         2      1649      1650
         2      1650      1651
         2      1651      1652
         2      1652      1698
         2      1653      1698
         2      1654      1699
         2      1655      1612
         2      1656      1656
         2      1657      1657
         2      1658      1657
         2      1659      1704
         2      1660      1705
         2      1661      1705
         2      1662      1661
         2      1663      1706
         2      1664      1707
         2      1665      1709
         2      1666      1710
         2      1667      1711
         2      1668      1711
         2      1669      1712
         2      1670      1714
         2      1671      1715
         2      1672      1715
         2      1673      1672
         2      1674      1716
         2      1675      1717
         2      1676      1717
         2      1677      1720
         2      1678      1765
         2      1679      1766
         2      1680      1722
         2      1681      1680
         2      1682      1725
         2      1683      1684
         2      1684      1772
         2      1685      1684
         2      1686      1640
         2      1687      1729
         2      1688      1731
         2      1689      1731
         2      1690      1733
         2      1691      1734
         2      1692      1734
         2      1693      1736
         2      1694      1695
         2      1695      1696
         2      1696      1697
         2      1697      1698
         2      1698      1699
         2      1699      1700
         2      1700      1701
         2      1701      1701
         2      1702      1702
         2      1703      1658
         2      1704      1658
         2      1705      1704
         2      1706      1705
         2      1707      1706
         2      1708      1707
         2      1709      1753
         2      1710      1754
         2      1711      1755
         2      1712      1756
         2      1713      1714
         2      1714      1759
         2      1715      1807
         2      1716      1760
         2      1717      1761
         2      1718      1762
         2      1719      1720
         2      1720      1765
         2      1721      1766
         2      1722      1815
         2      1723      1722
         2      1724      1769
         2      1725      1770
         2      1726      1771
         2      1727      1772
         2      1728      1684
         2      1729      1775
         2      1730      1775
         2      1731      1777
         2      1732      1777
         2      1733      1777
         2      1734      1779
         2      1735      1779
         2      1736      1780
         2      1737      1781
         2      1738      1784
         2      1739      1740
         2      1740      1697
         2      1741      1698
         2      1742      1699
         2      1743      1699
         2      1744      1744
         2      1745      1745
         2      1746      1745
         2      1747      1704
         2      1748      1704
         2      1749      1705
         2      1750      1749
         2      1751      1750
         2      1752      1753
         2      1753      1801
         2      1754      1802
         2      1755      1802
         2      1756      1755
         2      1757      1756
         2      1758      1759
         2      1759      1807
         2      1760      1807
         2      1761      1760
         2      1762      1761
         2      1763      1810
         2      1764      1720
         2      1765      1814
         2      1766      1815
         2      1767      1815
         2      1768      1816
         2      1769      1770
         2      1770      1818
         2      1771      1819
         2      1772      1862
         2      1773      1772
         2      1774      1820
         2      1775      1865
         2      1776      1777
         2      1777      1825
         2      1778      1779
         2      1779      1868
         2      1780      1827
         2      1781      1780
         2      1782      1830
         2      1783      1831
         2      1784      1831
         2      1785      1831
         2      1786      1740
         2      1787      1788
         2      1788      1835
         2      1789      1699
         2      1790      1791
         2      1791      1791
         2      1792      1792
         2      1793      1792
         2      1794      1793
         2      1795      1794
         2      1796      1749
         2      1797      1749
         2      1798      1843
         2      1799      1753
         2      1800      1801
         2      1801      1846
         2      1802      1847
         2      1803      1802
         2      1804      1848
         2      1805      1850
         2      1806      1807
         2      1807      1892
         2      1808      1807
         2      1809      1853
         2      1810      1853
         2      1811      1896
         2      1812      1765
         2      1813      1814
         2      1814      1858
         2      1815      1858
         2      1816      1859
         2      1817      1861
         2      1818      1861
         2      1819      1862
         2      1820      1862
         2      1821      1820
         2      1822      1865
         2      1823      1865
         2      1824      1825
         2      1825      1867
         2      1826      1868
         2      1827      1869
         2      1828      1869
         2      1829      1780
         2      1830      1872
         2      1831      1913
         2      1832      1831
         2      1833      1787
         2      1834      1876
         2      1835      1836
         2      1836      1837
         2      1837      1837
         2      1838      1838
         2      1839      1794
         2      1840      1794
         2      1841      1840
         2      1842      1884
         2      1843      1885
         2      1844      1885
         2      1845      1846
         2      1846      1888
         2      1847      1888
         2      1848      1847
         2      1849      1890
         2      1850      1891
         2      1851      1892
         2      1852      1892
         2      1853      1894
         2      1854      1895
         2      1855      1896
         2      1856      1857
         2      1857      1899
         2      1858      1899
         2      1859      1899
         2      1860      1861
         2      1861      1901
         2      1862      1902
         2      1863      1862
         2      1864      1906
         2      1865      1906
         2      1866      1865
         2      1867      1910
         2      1868      1910
         2      1869      1910
         2      1870      1780
         2      1871      1872
         2      1872      1913
         2      1873      1913
         2      1874      1914
         2      1875      1916
         2      1876      1918
         2      1877      1919
         2      1878      1878
         2      1879      1879
         2      1880      1879
         2      1881      1880
         2      1882      1840
         2      1883      1967
         2      1884      1968
         2      1885      1925
         2      1886      1927
         2      1887      2321
         2      1888      1928
         2      1889      1928
         2      1890      1891
         2      1891      1932
         2      1892      1932
         2      1893      1892
         2      1894      1978
         2      1895      1935
         2      1896      1937
         2      1897      1937
         2      1898      1899
         2      1899      1983
         2      1900      1901
         2      1901      1943
         2      1902      1943
         2      1903      1902
         2      1904      1903
         2      1905      1906
         2      1906      1948
         2      1907      1948
         2      1908      1950
         2      1909      1910
         2      1910      1951
         2      1911      1869
         2      1912      1955
         2      1913      2320
         2      1914      1957
         2      1915      1957
         2      1916      1917
         2      1917      1918
         2      1918      1919
         2      1919      1920
         2      1920      1920
         2      1921      1921
         2      1922      1880
         2      1923      1922
         2      1924      1968
         2      1925      2014
         2      1926      1927
         2      1927      2321
         2      1928      1972
         2      1929      1928
         2      1930      2020
         2      1931      1932
         2      1932      1976
         2      1933      1932
         2      1934      1978
         2      1935      2025
         2      1936      1935
         2      1937      1981
         2      1938      1981
         2      1939      1983
         2      1940      1984
         2      1941      1942
         2      1942      1943
         2      1943      1987
         2      1944      1987
         2      1945      1903
         2      1946      1947
         2      1947      1991
         2      1948      1991
         2      1949      1950
         2      1950      1994
         2      1951      1995
         2      1952      1951
         2      1953      1997
         2      1954      1955
         2      1955      2320
         2      1956      2001
         2      1957      2001
         2      1958      1957
         2      1959      1918
         2      1960      1961
         2      1961      1962
         2      1962      1962
         2      1963      1963
         2      1964      1963
         2      1965      1922
         2      1966      1922
         2      1967      2013
         2      1968      2013
         2      1969      2014
         2      1970      2016
         2      1971      1972
         2      1972      2062
         2      1973      1972
         2      1974      2020
         2      1975      1976
         2      1976      2022
         2      1977      1976
         2      1978      2025
         2      1979      2026
         2      1980      2027
         2      1981      2071
         2      1982      1981
         2      1983      2030
         2      1984      2031
         2      1985      1984
         2      1986      1987
         2      1987      2078
         2      1988      1987
         2      1989      2081
         2      1990      1991
         2      1991      2038
         2      1992      1991
         2      1993      1994
         2      1994      2042
         2      1995      2042
         2      1996      1995
         2      1997      2314
         2      1998      2045
         2      1999      1955
         2      2000      2320
         2      2001      2047
         2      2002      2001
         2      2003      1959
         2      2004      1960
         2      2005      2052
         2      2006      2007
         2      2007      2007
         2      2008      2008
         2      2009      2008
         2      2010      2009
         2      2011      2010
         2      2012      2013
         2      2013      2058
         2      2014      2058
         2      2015      2014
         2      2016      2060
         2      2017      2062
         2      2018      2062
         2      2019      2020
         2      2020      2065
         2      2021      2022
         2      2022      2067
         2      2023      2067
         2      2024      2069
         2      2025      2069
         2      2026      2025
         2      2027      2071
         2      2028      2071
         2      2029      2030
         2      2030      2074
         2      2031      2074
         2      2032      2031
         2      2033      1986
         2      2034      1987
         2      2035      2078
         2      2036      2081
         2      2037      2083
         2      2038      2083
         2      2039      2038
         2      2040      1994
         2      2041      2042
         2      2042      2131
         2      2043      2042
         2      2044      2089
         2      2045      2089
         2      2046      2134
         2      2047      2091
         2      2048      2091
         2      2049      2093
         2      2050      2093
         2      2051      2052
         2      2052      2053
         2      2053      2053
         2      2054      2054
         2      2055      2098
         2      2056      2145
         2      2057      2058
         2      2058      2102
         2      2059      2102
         2      2060      2104
         2      2061      2062
         2      2062      2106
         2      2063      2106
         2      2064      2108
         2      2065      2109
         2      2066      2067
         2      2067      2111
         2      2068      2067
         2      2069      2114
         2      2070      2117
         2      2071      2159
         2      2072      2071
         2      2073      2030
         2      2074      2120
         2      2075      2074
         2      2076      2163
         2      2077      2078
         2      2078      2123
         2      2079      2078
         2      2080      2079
         2      2081      2125
         2      2082      2126
         2      2083      2126
         2      2084      2083
         2      2085      2129
         2      2086      2131
         2      2087      2173
         2      2088      2314
         2      2089      2176
         2      2090      2136
         2      2091      2136
         2      2092      2091
         2      2093      2140
         2      2094      2052
         2      2095      2096
         2      2096      2096
         2      2097      2097
         2      2098      2097
         2      2099      2098
         2      2100      2145
         2      2101      2189
         2      2102      2147
         2      2103      2102
         2      2104      2149
         2      2105      2149
         2      2106      2150
         2      2107      2150
         2      2108      2196
         2      2109      2152
         2      2110      2109
         2      2111      2199
         2      2112      2111
         2      2113      2114
         2      2114      2156
         2      2115      2114
         2      2116      2115
         2      2117      2159
         2      2118      2159
         2      2119      2340
         2      2120      2162
         2      2121      2162
         2      2122      2123
         2      2123      2165
         2      2124      2165
         2      2125      2167
         2      2126      2169
         2      2127      2169
         2      2128      2171
         2      2129      2171
         2      2130      2131
         2      2131      2173
         2      2132      2173
         2      2133      2175
         2      2134      2176
         2      2135      2134
         2      2136      2178
         2      2137      2178
         2      2138      2179
         2      2139      2182
         2      2140      2182
         2      2141      2142
         2      2142      2142
         2      2143      2143
         2      2144      2143
         2      2145      2187
         2      2146      2187
         2      2147      2189
         2      2148      2240
         2      2149      2192
         2      2150      2245
         2      2151      2150
         2      2152      2198
         2      2153      2111
         2      2154      2111
         2      2155      2201
         2      2156      2201
         2      2157      2202
         2      2158      2203
         2      2159      2204
         2      2160      2265
         2      2161      2206
         2      2162      2208
         2      2163      2209
         2      2164      2210
         2      2165      2211
         2      2166      2212
         2      2167      2213
         2      2168      2214
         2      2169      2214
         2      2170      2169
         2      2171      2216
         2      2172      2288
         2      2173      2218
         2      2174      2292
         2      2175      2220
         2      2176      2221
         2      2177      2178
         2      2178      2223
         2      2179      2224
         2      2180      2301
         2      2181      2226
         2      2182      2226
         2      2183      2184
         2      2184      2184
         2      2185      2185
         2      2186      2231
         2      2187      2233
         2      2188      2235
         2      2189      2237
         2      2190      2239
         2      2191      2241
         2      2192      2242
         2      2193      2244
         2      2194      2246
         2      2195      2247
         2      2196      2248
         2      2197      2250
         2      2198      2251
         2      2199      2253
         2      2200      2255
         2      2201      2257
         2      2202      2259
         2      2203      2261
         2      2204      2263
         2      2205      2264
         2      2206      2266
         2      2207      2268
         2      2208      2270
         2      2209      2271
         2      2210      2273
         2      2211      2275
         2      2212      2277
         2      2213      2279
         2      2214      2281
         2      2215      2283
         2      2216      2285
         2      2217      2287
         2      2218      2289
         2      2219      2291
         2      2220      2293
         2      2221      2295
         2      2222      2223
         2      2223      2298
         2      2224      2300
         2      2225      2302
         2      2226      2304
         2      2227      2306
         2      2228      2228
         2      2229      2229
         2      2230      2230
         2      2231      2231
         2      2232      2232
         2      2233      2233
         2      2234      2234
         2      2235      2235
         2      2236      2236
         2      2237      2237
         2      2238      2238
         2      2239      2239
         2      2240      2240
         2      2241      2241
         2      2242      2242
         2      2243      2243
         2      2244      2244
         2      2245      2245
         2      2246      2246
         2      2247      2247
         2      2248      2248
         2      2249      2249
         2      2250      2250
         2      2251      2251
         2      2252      2252
         2      2253      2253
         2      2254      2254
         2      2255      2255
         2      2256      2256
         2      2257      2257
         2      2258      2258
         2      2259      2259
         2      2260      2260
         2      2261      2261
         2      2262      2262
         2      2263      2263
         2      2264      2264
         2      2265      2265
         2      2266      2266
         2      2267      2267
         2      2268      2268
         2      2269      2269
         2      2270      2270
         2      2271      2271
         2      2272      2272
         2      2273      2273
         2      2274      2274
         2      2275      2275
         2      2276      2276
         2      2277      2277
         2      2278      2278
         2      2279      2279
         2      2280      2280
         2      2281      2281
         2      2282      2282
         2      2283      2283
         2      2284      2284
         2      2285      2285
         2      2286      2286
         2      2287      2287
         2      2288      2288
         2      2289      2289
         2      2290      2290
         2      2291      2291
         2      2292      2292
         2      2293      2293
         2      2294      2294
         2      2295      2295
         2      2296      2296
         2      2297      2297
         2      2298      2298
         2      2299      2299
         2      2300      2300
         2      2301      2301
         2      2302      2302
         2      2303      2303
         2      2304      2304
         2      2305      2305
         2      2306      2306
         2      2307      2307
         2      2308      2308
         2      2309       160
         2      2310        83
         2      2311      2312
         2      2312       509
         2      2313       221
         2      2314      2087
         2      2315      2316
         2      2316      1059
         2      2317      2316
         2      2318       173
         2      2319      1983
         2      2320      2047
         2      2321      1972
         2      2322      2125
         2      2323       358
         2      2324       358
         2      2325      1008
         2      2326      2325
         2      2327      2329
         2      2328      2329
         2      2329      1474
         2      2330      2331
         2      2331      1519
         2      2332       318
         2      2333       485
         2      2334      2333
         2      2335      1867
         2      2336      1736
         2      2337      1300
         2      2338       628
         2      2339       774
         2      2340      2120
         2      2341      1685
         2      2342      1553
         2      2343       459
CELL_TYPES       2344
 3
 3
 3
 3
 3
 3
 3
 3
 3
 3
 3
 3
 3
 3
 3
 3
 3
 3
 3
 3
 3
 3
 3
 3
 3
 3
 3
 3
 3
 3
 3
 3
 3
 3
 3
 3
 3
 3
 3
 3
 3
 3
 3
 3
 3
 3
 3
 3
 3
 3
 3
 3
 3
 3
 3
 3
 3
 3
 3
 3
 3
 3
 3
 3
 3
 3
 3
 3
 3
 3
 3
 3
 3
 3
 3
 3
 3
 3
 3
 3
 3
 3
 3
 3
 3
 3
 3
 3
 3
 3
 3
 3
 3
 3
 3
 3
 3
 3
 3
 3
 3
 3
 3
 3
 3
 3
 3
 3
 3
 3
 3
 3
 3
 3
 3
 3
 3
 3
 3
 3
 3
 3
 3
 3
 3
 3
 3
 3
 3
 3
 3
 3
 3
 3
 3
 3
 3
 3
 3
 3
 3
 3
 3
 3
 3
 3
 3
 3
 3
 3
 3
 3
 3
 3
 3
 3
 3
 3
 3
 3
 3
 3
 3
 3
 3
 3
 3
 3
 3
 3
 3
 3
 3
 3
 3
 3
 3
 3
 3
 3
 3
 3
 3
 3
 3
 3
 3
 3
 3
 3
 3
 3
 3
 3
 3
 3
 3
 3
 3
 3
 3
 3
 3
 3
 3
 3
 3
 3
 3
 3
 3
 3
 3
 3
 3
 3
 3
 3
 3
 3
 3
 3
 3
 3
 3
 3
 3
 3
 3
 3
 3
 3
 3
 3
 3
 3
 3
 3
 3
 3
 3
 3
 3
 3
 3
 3
 3
 3
 3
 3
 3
 3
 3
 3
 3
 3
 3
 3
 3
 3
 3
 3
 3
 3
 3
 3
 3
 3
 3
 3
 3
 3
 3
 3
 3
 3
 3
 3
 3
 3
 3
 3
 3
 3
 3
 3
 3
 3
 3
 3
 3
 3
 3
 3
 3
 3
 3
 3
 3
 3
 3
 3
 3
 3
 3
 3
 3
 3
 3
 3
 3
 3
 3
 3
 3
 3
 3
 3
 3
 3
 3
 3
 3
 3
 3
 3
 3
 3
 3
 3
 3
 3
 3
 3
 3
 3
 3
 3
 3
 3
 3
 3
 3
 3
 3
 3
 3
 3
 3
 3
 3
 3
 3
 3
 3
 3
 3
 3
 3
 3
 3
 3
 3
 3
 3
 3
 3
 3
 3
 3
 3
 3
 3
 3
 3
 3
 3
 3
 3
 3
 3
 3
 3
 3
 3
 3
 3
 3
 3
 3
 3
 3
 3
 3
 3
 3
 3
 3
 3
 3
 3
 3
 3
 3
 3
 3
 3
 3
 3
 3
 3
 3
 3
 3
 3
 3
 3
 3
 3
 3
 3
 3
 3
 3
 3
 3
 3
 3
 3
 3
 3
 3
 3
 3
 3
 3
 3
 3
 3
 3
 3
 3
 3
 3
 3
 3
 3
 3
 3
 3
 3
 3
 3
 3
 3
 3
 3
 3
 3
 3
 3
 3
 3
 3
 3
 3
 3
 3
 3
 3
 3
 3
 3
 3
 3
 3
 3
 3
 3
 3
 3
 3
 3
 3
 3
 3
 3
 3
 3
 3
 3
 3
 3
 3
 3
 3
 3
 3
 3
 3
 3
 3
 3
 3
 3
 3
 3
 3
 3
 3
 3
 3
 3
 3
 3
 3
 3
 3
 3
 3
 3
 3
 3
 3
 3
 3
 3
 3
 3
 3
 3
 3
 3
 3
 3
 3
 3
 3
 3
 3
 3
 3
 3
 3
 3
 3
 3
 3
 3
 3
 3
 3
 3
 3
 3
 3
 3
 3
 3
 3
 3
 3
 3
 3
 3
 3
 3
 3
 3
 3
 3
 3
 3
 3
 3
 3
 3
 3
 3
 3
 3
 3
 3
 3
 3
 3
 3
 3
 3
 3
 3
 3
 3
 3
 3
 3
 3
 3
 3
 3
 3
 3
 3
 3
 3
 3
 3
 3
 3
 3
 3
 3
 3
 3
 3
 3
 3
 3
 3
 3
 3
 3
 3
 3
 3
 3
 3
 3
 3
 3
 3
 3
 3
 3
 3
 3
 3
 3
 3
 3
 3
 3
 3
 3
 3
 3
 3
 3
 3
 3
 3
 3
 3
 3
 3
 3
 3
 3
 3
 3
 3
 3
 3
 3
 3
 3
 3
 3
 3
 3
 3
 3
 3
 3
 3
 3
 3
 3
 3
 3
 3
 3
 3
 3
 3
 3
 3
 3
 3
 3
 3
 3
 3
 3
 3
 3
 3
 3
 3
 3
 3
 3
 3
 3
 3
 3
 3
 3
 3
 3
 3
 3
 3
 3
 3
 3
 3
 3
 3
 3
 3
 3
 3
 3
 3
 3
 3
 3
 3
 3
 3
 3
 3
 3
 3
 3
 3
 3
 3
 3
 3
 3
 3
 3
 3
 3
 3
 3
 3
 3
 3
 3
 3
 3
 3
 3
 3
 3
 3
 3
 3
 3
 3
 3
 3
 3
 3
 3
 3
 3
 3
 3
 3
 3
 3
 3
 3
 3
 3
 3
 3
 3
 3
 3
 3
 3
 3
 3
 3
 3
 3
 3
 3
 3
 3
 3
 3
 3
 3
 3
 3
 3
 3
 3
 3
 3
 3
 3
 3
 3
 3
 3
 3
 3
 3
 3
 3
 3
 3
 3
 3
 3
 3
 3
 3
 3
 3
 3
 3
 3
 3
 3
 3
 3
 3
 3
 3
 3
 3
 3
 3
 3
 3
 3
 3
 3
 3
 3
 3
 3
 3
 3
 3
 3
 3
 3
 3
 3
 3
 3
 3
 3
 3
 3
 3
 3
 3
 3
 3
 3
 3
 3
 3
 3
 3
 3
 3
 3
 3
 3
 3
 3
 3
 3
 3
 3
 3
 3
 3
 3
 3
 3
 3
 3
 3
 3
 3
 3
 3
 3
 3
 3
 3
 3
 3
 3
 3
 3
 3
 3
 3
 3
 3
 3
 3
 3
 3
 3
 3
 3
 3
 3
 3
 3
 3
 3
 3
 3
 3
 3
 3
 3
 3
 3
 3
 3
 3
 3
 3
 3
 3
 3
 3
 3
 3
 3
 3
 3
 3
 3
 3
 3
 3
 3
 3
 3
 3
 3
 3
 3
 3
 3
 3
 3
 3
 3
 3
 3
 3
 3
 3
 3
 3
 3
 3
 3
 3
 3
 3
 3
 3
 3
 3
 3
 3
 3
 3
 3
 3
 3
 3
 3
 3
 3
 3
 3
 3
 3
 3
 3
 3
 3
 3
 3
 3
 3
 3
 3
 3
 3
 3
 3
 3
 3
 3
 3
 3
 3
 3
 3
 3
 3
 3
 3
 3
 3
 3
 3
 3
 3
 3
 3
 3
 3
 3
 3
 3
 3
 3
 3
 3
 3
 3
 3
 3
 3
 3
 3
 3
 3
 3
 3
 3
 3
 3
 3
 3
 3
 3
 3
 3
 3
 3
 3
 3
 3
 3
 3
 3
 3
 3
 3
 3
 3
 3
 3
 3
 3
 3
 3
 3
 3
 3
 3
 3
 3
 3
 3
 3
 3
 3
 3
 3
 3
 3
 3
 3
 3
 3
 3
 3
 3
 3
 3
 3
 3
 3
 3
 3
 3
 3
 3
 3
 3
 3
 3
 3
 3
 3
 3
 3
 3
 3
 3
 3
 3
 3
 3
 3
 3
 3
 3
 3
 3
 3
 3
 3
 3
 3
 3
 3
 3
 3
 3
 3
 3
 3
 3
 3
 3
 3
 3
 3
 3
 3
 3
 3
 3
 3
 3
 3
 3
 3
 3
 3
 3
 3
 3
 3
 3
 3
 3
 3
 3
 3
 3
 3
 3
 3
 3
 3
 3
 3
 3
 3
 3
 3
 3
 3
 3
 3
 3
 3
 3
 3
 3
 3
 3
 3
 3
 3
 3
 3
 3
 3
 3
 3
 3
 3
 3
 3
 3
 3
 3
 3
 3
 3
 3
 3
 3
 3
 3
 3
 3
 3
 3
 3
 3
 3
 3
 3
 3
 3
 3
 3
 3
 3
 3
 3
 3
 3
 3
 3
 3
 3
 3
 3
 3
 3
 3
 3
 3
 3
 3
 3
 3
 3
 3
 3
 3
 3
 3
 3
 3
 3
 3
 3
 3
 3
 3
 3
 3
 3
 3
 3
 3
 3
 3
 3
 3
 3
 3
 3
 3
 3
 3
 3
 3
 3
 3
 3
 3
 3
 3
 3
 3
 3
 3
 3
 3
 3
 3
 3
 3
 3
 3
 3
 3
 3
 3
 3
 3
 3
 3
 3
 3
 3
 3
 3
 3
 3
 3
 3
 3
 3
 3
 3
 3
 3
 3
 3
 3
 3
 3
 3
 3
 3
 3
 3
 3
 3
 3
 3
 3
 3
 3
 3
 3
 3
 3
 3
 3
 3
 3
 3
 3
 3
 3
 3
 3
 3
 3
 3
 3
 3
 3
 3
 3
 3
 3
 3
 3
 3
 3
 3
 3
 3
 3
 3
 3
 3
 3
 3
 3
 3
 3
 3
 3
 3
 3
 3
 3
 3
 3
 3
 3
 3
 3
 3
 3
 3
 3
 3
 3
 3
 3
 3
 3
 3
 3
 3
 3
 3
 3
 3
 3
 3
 3
 3
 3
 3
 3
 3
 3
 3
 3
 3
 3
 3
 3
 3
 3
 3
 3
 3
 3
 3
 3
 3
 3
 3
 3
 3
 3
 3
 3
 3
 3
 3
 3
 3
 3
 3
 3
 3
 3
 3
 3
 3
 3
 3
 3
 3
 3
 3
 3
 3
 3
 3
 3
 3
 3
 3
 3
 3
 3
 3
 3
 3
 3
 3
 3
 3
 3
 3
 3
 3
 3
 3
 3
 3
 3
 3
 3
 3
 3
 3
 3
 3
 3
 3
 3
 3
 3
 3
 3
 3
 3
 3
 3
 3
 3
 3
 3
 3
 3
 3
 3
 3
 3
 3
 3
 3
 3
 3
 3
 3
 3
 3
 3
 3
 3
 3
 3
 3
 3
 3
 3
 3
 3
 3
 3
 3
 3
 3
 3
 3
 3
 3
 3
 3
 3
 3
 3
 3
 3
 3
 3
 3
 3
 3
 3
 3
 3
 3
 3
 3
 3
 3
 3
 3
 3
 3
 3
 3
 3
 3
 3
 3
 3
 3
 3
 3
 3
 3
 3
 3
 3
 3
 3
 3
 3
 3
 3
 3
 3
 3
 3
 3
 3
 3
 3
 3
 3
 3
 3
 3
 3
 3
 3
 3
 3
 3
 3
 3
 3
 3
 3
 3
 3
 3
 3
 3
 3
 3
 3
 3
 3
 3
 3
 3
 3
 3
 3
 3
 3
 3
 3
 3
 3
 3
 3
 3
 3
 3
 3
 3
 3
 3
 3
 3
 3
 3
 3
 3
 3
 3
 3
 3
 3
 3
 3
 3
 3
 3
 3
 3
 3
 3
 3
 3
 3
 3
 3
 3
 3
 3
 3
 3
 3
 3
 3
 3
 3
 3
 3
 3
 3
 3
 3
 3
 3
 3
 3
 3
 3
 3
 3
 3
 3
 3
 3
 3
 3
 3
 3
 3
 3
 3
 3
 3
 3
 3
 3
 3
 3
 3
 3
 3
 3
 3
 3
 3
 3
 3
 3
 3
 3
 3
 3
 3
 3
 3
 3
 3
 3
 3
 3
 3
 3
 3
 3
 3
 3
 3
 3
 3
 3
 3
 3
 3
 3
 3
 3
 3
 3
 3
 3
 3
 3
 3
 3
 3
 3
 3
 3
 3
 3
 3
 3
 3
 3
 3
 3
 3
 3
 3
 3
 3
 3
 3
 3
 3
 3
 3
 3
 3
 3
 3
 3
 3
 3
 3
 3
 3
 3
 3
 3
 3
 3
 3
 3
 3
 3
 3
 3
 3
 3
 3
 3
 3
 3
 3
 3
 3
 3
 3
 3
 3
 3
 3
 3
 3
 3
 3
 3
 3
 3
 3
 3
 3
 3
 3
 3
 3
 3
 3
 3
 3
 3
 3
 3
 3
 3
 3
 3
 3
 3
 3
 3
 3
 3
 3
 3
 3
 3
 3
 3
 3
 3
 3
 3
 3
 3
 3
 3
 3
 3
 3
 3
 3
 3
 3
 3
 3
 3
 3
 3
 3
 3
 3
 3
 3
 3
 3
 3
 3
 3
 3
 3
 3
 3
 3
 3
 3
 3
 3
 3
 3
 3
 3
 3
 3
 3
 3
 3
 3
 3
 3
 3
 3
 3
 3
 3
 3
 3
 3
 3
 3
 3
 3
 3
 3
 3
 3
 3
 3
 3
 3
 3
 3
 3
 3
 3
 3
 3
 3
 3
 3
 3
 3
 3
 3
 3
 3
 3
 3
 3
 3
 3
 3
 3
 3
 3
 3
 3
 3
 3
 3
 3
 3
 3
 3
 3
 3
 3
 3
 3
 3
 3
 3
 3
 3
 3
 3
 3
 3
 3
 3
 3
 3
 3
 3
 3
 3
 3
 3
 3
 3
 3
 3
 3
 3
 3
 3
 3
 3
 3
 3
 3
 3
 3
 3
 3
 3
 3
 3
 3
 3
 3
 3
 3
 3
 3
 3
 3
 3
 3
 3
 3
 3
 3
 3
 3
 3
 3
 3
 3
 3
 3
 3
 3
 3
 3
 3
 3
 3
 3
 3
 3
 3
 3
 3
 3
 3
 3
 3
 3
 3
 3
 3
 3
 3
 3
 3
 3
 3
 3
 3
 3
 3
 3
 3
 3
 3
 3
 3
 3
 3
 3
 3
 3
 3
 3
 3
 3
 3
 3
 3
 3
 3
 3
 3
 3
 3
 3
 3
 3
 3
 3
 3
 3
 3
 3
 3
 3
 3
 3
 3
 3
 3
 3
 3
 3
 3
 3
 3
 3
 3
 3
 3
 3
 3
 3
 3
 3
 3
 3
 3
 3
 3
 3
 3
 3
 3
 3
 3
 3
 3
 3
 3
 3
 3
 3
 3
 3
 3
 3
 3
 3
 3
 3
 3
 3
 3
 3
 3
 3
 3
 3
 3
 3
 3
 3
 3
 3
 3
 3
 3
 3
 3
 3
 3
 3
 3
 3
 3
 3
 3
 3
 3
 3
 3
 3
 3
 3
 3
 3
 3
 3
 3
 3
 3
 3
 3
 3
 3
 3
 3
 3
 3
 3
 3
 3
 3
 3
 3
 3
 3
 3
 3
 3
 3
 3
 3
 3
 3
 3
 3
 3
 3
 3
 3
 3
 3
 3
 3
 3
 3
 3
 3
 3
 3
 3
 3
 3
 3
 3
 3
 3
 3
 3
 3
 3
 3
 3
 3
 3
 3
 3
 3
 3
 3
 3
 3
 3
 3
 3
 3
 3
 3
 3
 3
 3
 3
 3
 3
 3
 3
 3
 3
 3
 3
 3
 3
 3
 3
 3
 3
 3
 3
 3
 3
 3
 3
 3
 3
 3
 3
 3
 3
 3
 3
 3
 3
 3
 3
 3
 3
 3
 3
 3
 3
 3
 3
 3
 3
 3
 3
 3
 3
 3
 3
 3
 3
 3
 3
 3
 3
 3
 3
 3
 3
 3
 3
 3
 3
 3
 3
 3
 3
 3
 3
 3
 3
 3
 3
 3
 3
 3
 3
 3
 3
 3
 3
 3
 3
 3
 3
 3
 3
 3
 3
 3
POINT_DATA       2344
SCALARS discharge float 1
LOOKUP_TABLE default
  0.1880E+04
  0.1084E+05
  0.4971E+04
  0.8150E+04
  0.4340E+07
  0.7565E+04
  0.1841E+08
  0.1005E+07
  0.7686E+04
  0.1146E+08
  0.1095E+05
  0.1837E+07
  0.2602E+07
  0.7986E+04
  0.1036E+09
  0.1079E+05
  0.2903E+07
  0.8650E+04
  0.9183E+06
  0.3696E+08
  0.8042E+04
  0.5222E+04
  0.8817E+04
  0.5340E+07
  0.8067E+04
  0.2087E+09
  0.9497E+04
  0.5386E+04
  0.9334E+04
  0.1255E+08
  0.7946E+04
  0.1615E+07
  0.1252E+05
  0.6942E+04
  0.2222E+09
  0.6720E+04
  0.3675E+07
  0.8312E+04
  0.5258E+04
  0.7999E+04
  0.1176E+09
  0.1046E+05
  0.5397E+07
  0.8206E+04
  0.3813E+07
  0.8092E+04
  0.1131E+09
  0.7581E+04
  0.5165E+07
  0.1135E+05
  0.1045E+07
  0.1550E+09
  0.7808E+04
  0.2349E+07
  0.7407E+04
  0.1834E+08
  0.1178E+05
  0.3654E+07
  0.6854E+04
  0.1367E+09
  0.5664E+04
  0.8282E+04
  0.3794E+07
  0.7632E+04
  0.6844E+08
  0.8534E+04
  0.5135E+04
  0.8497E+04
  0.1221E+08
  0.8118E+04
  0.6846E+04
  0.3879E+08
  0.8274E+04
  0.3213E+07
  0.7836E+04
  0.6782E+07
  0.7207E+04
  0.1474E+07
  0.1124E+05
  0.1879E+04
  0.1164E+07
  0.5190E+06
  0.4334E+07
  0.1841E+08
  0.9977E+06
  0.1145E+08
  0.1833E+07
  0.2594E+07
  0.1036E+09
  0.2897E+07
  0.9085E+06
  0.3695E+08
  0.9914E+06
  0.5334E+07
  0.2087E+09
  0.1565E+07
  0.1255E+08
  0.1610E+07
  0.9414E+06
  0.2222E+09
  0.3670E+07
  0.1066E+07
  0.1176E+09
  0.5390E+07
  0.3807E+07
  0.1131E+09
  0.5159E+07
  0.1040E+07
  0.1550E+09
  0.2345E+07
  0.1834E+08
  0.3649E+07
  0.1367E+09
  0.1350E+09
  0.3788E+07
  0.6843E+08
  0.8911E+06
  0.1220E+08
  0.1058E+07
  0.3878E+08
  0.3207E+07
  0.6776E+07
  0.1469E+07
  0.7787E+06
  0.4343E+07
  0.2634E+07
  0.1677E+07
  0.1512E+08
  0.8521E+07
  0.9672E+06
  0.8964E+06
  0.1655E+07
  0.9779E+06
  0.3242E+08
  0.8379E+06
  0.2674E+07
  0.1394E+07
  0.2028E+09
  0.2869E+07
  0.1546E+07
  0.2167E+09
  0.2571E+07
  0.1478E+07
  0.8828E+06
  0.1140E+09
  0.3696E+07
  0.2053E+07
  0.1102E+09
  0.3407E+07
  0.1435E+07
  0.1530E+09
  0.1676E+08
  0.1790E+07
  0.1830E+07
  0.1338E+09
  0.1413E+07
  0.6396E+08
  0.9406E+06
  0.9101E+07
  0.5178E+06
  0.3548E+08
  0.8942E+06
  0.4547E+07
  0.1390E+07
  0.3711E+07
  0.4259E+07
  0.2661E+07
  0.1713E+07
  0.1578E+07
  0.1107E+08
  0.5059E+07
  0.7309E+06
  0.1659E+07
  0.9954E+08
  0.7478E+06
  0.3073E+07
  0.1725E+07
  0.9994E+06
  0.6633E+06
  0.1966E+09
  0.3285E+07
  0.6255E+07
  0.1175E+07
  0.2135E+09
  0.4290E+07
  0.6801E+06
  0.8485E+06
  0.1998E+07
  0.1079E+09
  0.1789E+07
  0.1169E+07
  0.8370E+06
  0.7148E+06
  0.1333E+09
  0.5116E+06
  0.7510E+06
  0.1254E+08
  0.8770E+06
  0.1969E+07
  0.6000E+08
  0.9407E+06
  0.6310E+07
  0.1421E+07
  0.2965E+08
  0.5204E+06
  0.1363E+07
  0.8989E+06
  0.1413E+07
  0.2360E+07
  0.2981E+07
  0.6850E+06
  0.8600E+06
  0.2612E+07
  0.9420E+06
  0.1676E+07
  0.1957E+08
  0.7182E+08
  0.1170E+07
  0.2243E+08
  0.4558E+06
  0.1712E+07
  0.1888E+09
  0.5225E+07
  0.2826E+07
  0.2350E+07
  0.2050E+09
  0.2195E+07
  0.7539E+06
  0.1669E+07
  0.1036E+09
  0.1472E+07
  0.4296E+06
  0.1198E+07
  0.1059E+09
  0.1055E+07
  0.1404E+07
  0.1298E+09
  0.1691E+08
  0.2093E+07
  0.8205E+07
  0.6975E+06
  0.5475E+07
  0.1288E+09
  0.5668E+08
  0.1051E+07
  0.3337E+07
  0.2572E+07
  0.5180E+07
  0.8178E+06
  0.1665E+07
  0.4280E+06
  0.1150E+07
  0.8927E+07
  0.7899E+07
  0.1363E+07
  0.1052E+07
  0.4627E+07
  0.1502E+07
  0.2179E+07
  0.6497E+06
  0.6927E+08
  0.1204E+07
  0.1309E+07
  0.1756E+07
  0.3801E+07
  0.1647E+09
  0.1943E+08
  0.1866E+07
  0.9186E+06
  0.8985E+06
  0.1142E+07
  0.1973E+09
  0.2190E+07
  0.7929E+06
  0.2148E+07
  0.9470E+08
  0.1781E+07
  0.7405E+06
  0.2300E+07
  0.9735E+08
  0.1266E+07
  0.1901E+07
  0.1298E+08
  0.1410E+07
  0.2484E+07
  0.3437E+07
  0.6596E+07
  0.1126E+09
  0.8525E+06
  0.3502E+08
  0.1610E+08
  0.5383E+06
  0.1031E+07
  0.1849E+08
  0.9970E+06
  0.1135E+07
  0.6502E+07
  0.1006E+08
  0.1070E+08
  0.2364E+07
  0.8867E+06
  0.1802E+07
  0.1110E+07
  0.1754E+07
  0.5463E+06
  0.2258E+07
  0.1141E+08
  0.6333E+08
  0.2034E+07
  0.4439E+06
  0.1437E+08
  0.1247E+07
  0.7336E+07
  0.6960E+06
  0.1702E+08
  0.1515E+07
  0.4813E+07
  0.1734E+09
  0.1991E+08
  0.2173E+07
  0.1968E+07
  0.8724E+08
  0.1835E+07
  0.2122E+07
  0.9273E+08
  0.1226E+09
  0.2428E+07
  0.6380E+07
  0.7825E+06
  0.7600E+06
  0.2975E+07
  0.1230E+07
  0.1160E+07
  0.7604E+06
  0.9305E+07
  0.3254E+07
  0.1972E+07
  0.1516E+08
  0.7534E+06
  0.1644E+07
  0.1887E+07
  0.4083E+07
  0.5997E+07
  0.5054E+07
  0.2989E+07
  0.1978E+07
  0.9474E+07
  0.1635E+07
  0.1969E+07
  0.4049E+07
  0.5711E+08
  0.2611E+07
  0.1239E+07
  0.7865E+07
  0.1338E+07
  0.3499E+07
  0.1497E+09
  0.1232E+07
  0.1204E+08
  0.7774E+06
  0.5626E+07
  0.8532E+06
  0.1787E+07
  0.8282E+08
  0.2005E+07
  0.4239E+06
  0.8495E+08
  0.2903E+07
  0.3268E+07
  0.1687E+07
  0.7227E+06
  0.3368E+07
  0.8850E+06
  0.1709E+07
  0.1059E+09
  0.3178E+08
  0.1781E+07
  0.6984E+06
  0.7260E+07
  0.1884E+07
  0.1208E+07
  0.3375E+07
  0.1026E+08
  0.1072E+08
  0.2413E+07
  0.7601E+06
  0.1508E+08
  0.8995E+06
  0.3823E+07
  0.1644E+07
  0.1726E+07
  0.5278E+08
  0.2473E+07
  0.5221E+07
  0.1400E+07
  0.1148E+07
  0.1429E+07
  0.9650E+06
  0.9922E+06
  0.3155E+07
  0.1581E+09
  0.9710E+07
  0.1731E+07
  0.1902E+07
  0.7608E+08
  0.9171E+06
  0.1077E+07
  0.7698E+08
  0.1818E+07
  0.7367E+06
  0.1131E+09
  0.9216E+07
  0.1216E+07
  0.1490E+07
  0.2787E+07
  0.7999E+08
  0.1898E+08
  0.1570E+07
  0.4635E+07
  0.2967E+07
  0.1092E+07
  0.1970E+07
  0.1425E+07
  0.2748E+07
  0.1237E+07
  0.8350E+07
  0.1092E+07
  0.9931E+06
  0.2122E+07
  0.5353E+08
  0.1198E+07
  0.6561E+07
  0.2123E+07
  0.4076E+08
  0.5919E+07
  0.8436E+06
  0.1678E+07
  0.2546E+07
  0.1424E+09
  0.1653E+07
  0.4186E+07
  0.1198E+07
  0.4037E+08
  0.7321E+07
  0.1652E+07
  0.1871E+07
  0.6774E+08
  0.1232E+07
  0.4205E+08
  0.1891E+07
  0.1509E+07
  0.4122E+08
  0.5013E+08
  0.5851E+07
  0.3642E+07
  0.1847E+07
  0.4909E+07
  0.6304E+06
  0.1196E+07
  0.2792E+08
  0.2444E+07
  0.1366E+07
  0.3435E+07
  0.1095E+07
  0.6931E+07
  0.1291E+07
  0.1548E+07
  0.6371E+08
  0.6325E+08
  0.6157E+08
  0.1628E+07
  0.3237E+08
  0.3539E+07
  0.1461E+07
  0.2607E+07
  0.2513E+08
  0.6337E+07
  0.2550E+07
  0.1193E+07
  0.2089E+07
  0.3592E+07
  0.1306E+09
  0.2703E+07
  0.1095E+07
  0.2257E+07
  0.1126E+09
  0.2158E+08
  0.7258E+06
  0.1248E+08
  0.4675E+08
  0.1555E+07
  0.3875E+08
  0.2827E+08
  0.9520E+06
  0.2278E+07
  0.5629E+06
  0.2321E+07
  0.3085E+07
  0.1964E+07
  0.1061E+07
  0.6663E+08
  0.1375E+08
  0.1177E+07
  0.1803E+08
  0.1595E+07
  0.2134E+07
  0.2046E+08
  0.2544E+08
  0.3968E+08
  0.4751E+08
  0.5046E+08
  0.5094E+08
  0.2005E+07
  0.3467E+07
  0.7297E+06
  0.6757E+06
  0.1891E+07
  0.1987E+08
  0.9421E+07
  0.9741E+06
  0.3888E+07
  0.5021E+07
  0.3487E+07
  0.2689E+07
  0.4304E+07
  0.1085E+09
  0.1359E+08
  0.1674E+07
  0.1816E+07
  0.3979E+07
  0.1432E+07
  0.1472E+08
  0.1896E+08
  0.1830E+07
  0.9564E+07
  0.3345E+07
  0.4046E+08
  0.4268E+07
  0.1609E+07
  0.2496E+08
  0.9276E+06
  0.3298E+08
  0.4452E+08
  0.1263E+07
  0.1708E+07
  0.1708E+07
  0.8969E+07
  0.1299E+08
  0.1035E+08
  0.4749E+07
  0.8980E+07
  0.2861E+07
  0.8222E+07
  0.3252E+07
  0.1314E+07
  0.9270E+06
  0.1005E+07
  0.5683E+06
  0.1043E+07
  0.3657E+07
  0.1983E+07
  0.9936E+06
  0.1507E+07
  0.2981E+07
  0.9183E+06
  0.2228E+07
  0.1243E+08
  0.2469E+07
  0.1373E+07
  0.4445E+07
  0.1003E+09
  0.6270E+07
  0.2010E+07
  0.9119E+07
  0.9508E+08
  0.1168E+07
  0.1123E+08
  0.3735E+07
  0.1856E+07
  0.3558E+08
  0.1130E+07
  0.8088E+06
  0.3315E+08
  0.2933E+07
  0.3924E+08
  0.5310E+07
  0.9281E+06
  0.4940E+07
  0.1094E+08
  0.3663E+08
  0.7387E+07
  0.1493E+07
  0.6106E+07
  0.1475E+07
  0.1096E+07
  0.1746E+07
  0.2410E+07
  0.1384E+07
  0.8242E+06
  0.4490E+06
  0.1412E+07
  0.1579E+07
  0.7983E+06
  0.2630E+07
  0.2284E+07
  0.1904E+07
  0.1017E+07
  0.3973E+07
  0.1573E+07
  0.1055E+07
  0.1305E+07
  0.4989E+07
  0.2316E+07
  0.4897E+07
  0.1953E+08
  0.1591E+08
  0.3062E+07
  0.5716E+07
  0.1362E+08
  0.2802E+08
  0.1747E+07
  0.1123E+08
  0.5489E+07
  0.2793E+08
  0.4679E+07
  0.2211E+07
  0.3373E+07
  0.1975E+08
  0.2527E+08
  0.1402E+08
  0.1495E+08
  0.1650E+07
  0.2361E+07
  0.6716E+07
  0.8255E+06
  0.3755E+07
  0.1941E+07
  0.5356E+07
  0.2607E+07
  0.7993E+06
  0.6100E+07
  0.2802E+08
  0.3554E+08
  0.4215E+08
  0.5006E+08
  0.5405E+08
  0.5496E+08
  0.6909E+08
  0.6789E+08
  0.5878E+08
  0.5055E+08
  0.4597E+08
  0.3453E+08
  0.5127E+07
  0.1459E+07
  0.1552E+07
  0.1497E+07
  0.1831E+07
  0.1244E+08
  0.5523E+08
  0.1741E+07
  0.1098E+08
  0.3668E+08
  0.2402E+08
  0.6379E+07
  0.1619E+07
  0.1592E+08
  0.7363E+07
  0.1666E+07
  0.1176E+07
  0.2099E+08
  0.1524E+08
  0.4210E+07
  0.1444E+08
  0.1034E+08
  0.5710E+07
  0.2867E+07
  0.1479E+07
  0.2567E+08
  0.2923E+07
  0.2806E+07
  0.9582E+06
  0.4247E+07
  0.1151E+08
  0.1510E+08
  0.9944E+06
  0.1060E+07
  0.2310E+07
  0.6941E+06
  0.3799E+07
  0.4311E+07
  0.2046E+07
  0.8355E+06
  0.2022E+07
  0.1320E+07
  0.2690E+07
  0.9277E+06
  0.1999E+08
  0.1052E+08
  0.4034E+07
  0.8480E+06
  0.6565E+07
  0.3399E+07
  0.4443E+08
  0.2399E+07
  0.1159E+08
  0.1505E+07
  0.7532E+07
  0.1506E+07
  0.1948E+07
  0.7319E+07
  0.2409E+07
  0.3527E+07
  0.5966E+07
  0.1084E+08
  0.4188E+07
  0.6084E+07
  0.9388E+06
  0.4708E+07
  0.1340E+08
  0.3485E+07
  0.9747E+06
  0.1559E+07
  0.2990E+07
  0.4280E+07
  0.1469E+07
  0.1876E+07
  0.2143E+07
  0.1531E+07
  0.5761E+06
  0.1790E+07
  0.2655E+07
  0.3907E+07
  0.3093E+07
  0.1296E+07
  0.1584E+07
  0.2601E+07
  0.2347E+07
  0.5266E+07
  0.2554E+07
  0.3883E+07
  0.1599E+07
  0.1549E+07
  0.1170E+07
  0.1640E+08
  0.9705E+06
  0.4065E+07
  0.2253E+07
  0.1399E+07
  0.5680E+07
  0.3085E+08
  0.1240E+07
  0.1728E+08
  0.3320E+07
  0.4276E+07
  0.2764E+07
  0.7441E+07
  0.1545E+07
  0.2182E+07
  0.3626E+07
  0.2901E+07
  0.1102E+08
  0.4787E+07
  0.1462E+07
  0.6339E+07
  0.3057E+07
  0.7492E+07
  0.1413E+07
  0.9168E+07
  0.1719E+07
  0.6974E+07
  0.1524E+07
  0.3206E+07
  0.2193E+07
  0.3304E+07
  0.7386E+07
  0.2120E+08
  0.1876E+07
  0.2071E+07
  0.1242E+07
  0.3609E+07
  0.3094E+07
  0.9677E+06
  0.3419E+07
  0.1050E+08
  0.5254E+07
  0.1022E+07
  0.9959E+07
  0.6882E+07
  0.1066E+08
  0.2045E+07
  0.8544E+07
  0.1615E+07
  0.1173E+08
  0.2351E+08
  0.1613E+07
  0.2745E+07
  0.1089E+08
  0.6451E+07
  0.1171E+07
  0.4014E+07
  0.1198E+07
  0.1748E+07
  0.1815E+07
  0.2188E+07
  0.1913E+07
  0.1900E+07
  0.3106E+07
  0.2828E+07
  0.1203E+07
  0.1224E+08
  0.3591E+07
  0.1645E+07
  0.3132E+07
  0.5861E+07
  0.2537E+07
  0.3271E+07
  0.1338E+07
  0.5988E+07
  0.5464E+07
  0.3501E+07
  0.1516E+07
  0.2514E+08
  0.3433E+08
  0.4860E+08
  0.5423E+08
  0.5572E+08
  0.2132E+07
  0.7051E+06
  0.1200E+09
  0.1098E+09
  0.6809E+08
  0.6161E+08
  0.1799E+08
  0.2941E+07
  0.4673E+07
  0.1334E+07
  0.2992E+07
  0.7503E+07
  0.2112E+07
  0.1656E+08
  0.9896E+07
  0.5748E+07
  0.3499E+07
  0.3877E+07
  0.3135E+07
  0.7212E+07
  0.1650E+07
  0.4537E+07
  0.1130E+08
  0.1703E+08
  0.2240E+08
  0.1149E+08
  0.1121E+08
  0.7123E+07
  0.2663E+07
  0.3349E+07
  0.2184E+07
  0.5484E+07
  0.1920E+07
  0.1287E+08
  0.2822E+07
  0.2117E+07
  0.9914E+07
  0.1419E+07
  0.6502E+07
  0.9872E+07
  0.9679E+07
  0.1133E+08
  0.1573E+07
  0.2890E+07
  0.6936E+07
  0.1060E+07
  0.5505E+07
  0.6135E+07
  0.1309E+09
  0.1297E+09
  0.2738E+07
  0.1152E+07
  0.9206E+08
  0.1212E+07
  0.2127E+07
  0.2712E+08
  0.5436E+07
  0.1513E+07
  0.1881E+07
  0.1636E+07
  0.1558E+07
  0.2653E+07
  0.3062E+07
  0.2259E+07
  0.7231E+07
  0.3688E+07
  0.2621E+07
  0.2208E+07
  0.1892E+07
  0.2473E+07
  0.2421E+07
  0.2749E+07
  0.1099E+08
  0.3690E+07
  0.3438E+07
  0.1281E+08
  0.4953E+07
  0.4226E+07
  0.2843E+07
  0.8613E+07
  0.3685E+07
  0.7233E+07
  0.2437E+07
  0.2604E+07
  0.6024E+07
  0.2029E+08
  0.2204E+08
  0.2177E+08
  0.1443E+07
  0.1016E+07
  0.1291E+07
  0.1416E+07
  0.2695E+07
  0.1808E+07
  0.2816E+07
  0.2115E+07
  0.9692E+06
  0.1625E+07
  0.6471E+06
  0.1578E+07
  0.5000E+07
  0.1054E+08
  0.1724E+07
  0.1727E+08
  0.3007E+07
  0.3306E+07
  0.1037E+08
  0.3032E+07
  0.9050E+07
  0.9150E+07
  0.3684E+07
  0.1158E+08
  0.3840E+07
  0.3021E+07
  0.9636E+07
  0.4890E+07
  0.4214E+07
  0.3065E+07
  0.1525E+08
  0.1018E+08
  0.2016E+07
  0.1468E+08
  0.2438E+07
  0.2181E+08
  0.7611E+07
  0.3303E+07
  0.4422E+07
  0.2880E+07
  0.1999E+08
  0.1612E+07
  0.1243E+08
  0.1012E+08
  0.1444E+08
  0.2785E+08
  0.6703E+08
  0.9484E+08
  0.6783E+06
  0.2310E+07
  0.7754E+06
  0.1962E+07
  0.6897E+07
  0.5645E+07
  0.3725E+07
  0.2279E+07
  0.7280E+06
  0.2467E+07
  0.1767E+07
  0.5417E+07
  0.2266E+07
  0.1010E+08
  0.8694E+07
  0.2415E+07
  0.2477E+07
  0.1734E+07
  0.3215E+07
  0.8271E+07
  0.1724E+07
  0.1025E+08
  0.3508E+07
  0.2155E+07
  0.2030E+08
  0.1445E+08
  0.3298E+07
  0.3802E+07
  0.5262E+07
  0.1259E+08
  0.3949E+07
  0.5363E+07
  0.1133E+08
  0.1163E+08
  0.5370E+07
  0.8235E+07
  0.6699E+07
  0.3073E+07
  0.2557E+07
  0.2556E+07
  0.7447E+07
  0.9428E+07
  0.1160E+08
  0.3952E+07
  0.8852E+07
  0.1182E+09
  0.2219E+07
  0.6297E+06
  0.4431E+07
  0.5020E+07
  0.1044E+08
  0.8136E+07
  0.5226E+07
  0.2832E+07
  0.1277E+07
  0.2492E+07
  0.7521E+07
  0.3714E+07
  0.2512E+07
  0.2824E+07
  0.1288E+08
  0.7222E+07
  0.2980E+07
  0.1233E+08
  0.2438E+08
  0.3959E+07
  0.3264E+07
  0.7291E+07
  0.2387E+07
  0.4064E+07
  0.1974E+07
  0.5996E+07
  0.4513E+07
  0.1299E+08
  0.3504E+07
  0.3169E+07
  0.3865E+07
  0.1339E+08
  0.2644E+07
  0.1739E+07
  0.4295E+07
  0.2133E+08
  0.3232E+08
  0.2257E+07
  0.2740E+08
  0.1091E+08
  0.1825E+07
  0.7204E+07
  0.8904E+07
  0.3510E+07
  0.7171E+07
  0.1881E+07
  0.2015E+07
  0.1338E+07
  0.3650E+08
  0.1638E+09
  0.1705E+09
  0.1747E+09
  0.1758E+09
  0.1048E+08
  0.9976E+07
  0.7967E+07
  0.4393E+07
  0.1876E+07
  0.1129E+08
  0.1099E+07
  0.8095E+07
  0.3324E+07
  0.1357E+07
  0.4868E+07
  0.2491E+07
  0.3454E+07
  0.4574E+07
  0.3246E+07
  0.1262E+08
  0.2241E+07
  0.4942E+07
  0.6713E+07
  0.2929E+07
  0.1080E+08
  0.4156E+07
  0.2672E+07
  0.4481E+07
  0.3360E+07
  0.3406E+07
  0.1792E+07
  0.3277E+07
  0.7104E+07
  0.2060E+07
  0.4385E+07
  0.1838E+07
  0.1020E+08
  0.1602E+08
  0.2901E+07
  0.1299E+07
  0.3131E+07
  0.2128E+07
  0.4736E+07
  0.2617E+08
  0.3199E+08
  0.1342E+07
  0.8986E+06
  0.1707E+07
  0.1107E+07
  0.2177E+07
  0.1276E+07
  0.6619E+07
  0.1398E+07
  0.1290E+07
  0.1836E+08
  0.1580E+08
  0.1009E+08
  0.3699E+07
  0.1587E+07
  0.2500E+07
  0.1660E+08
  0.2683E+07
  0.3974E+07
  0.3056E+07
  0.1365E+08
  0.7150E+07
  0.2762E+07
  0.1701E+08
  0.3631E+07
  0.2172E+07
  0.6303E+07
  0.2225E+07
  0.2938E+08
  0.4730E+07
  0.1611E+08
  0.7557E+07
  0.1568E+08
  0.4498E+07
  0.3198E+07
  0.3495E+07
  0.1564E+08
  0.1739E+07
  0.4804E+07
  0.2661E+07
  0.3007E+07
  0.2544E+07
  0.6039E+07
  0.2974E+07
  0.1441E+08
  0.1693E+08
  0.1575E+07
  0.1308E+07
  0.1665E+07
  0.1820E+07
  0.1171E+07
  0.1408E+07
  0.1018E+09
  0.9938E+08
  0.9475E+08
  0.2404E+08
  0.2105E+08
  0.1831E+08
  0.1285E+08
  0.9826E+07
  0.2368E+07
  0.1137E+08
  0.3060E+07
  0.5922E+07
  0.9479E+07
  0.3776E+07
  0.3841E+07
  0.2307E+08
  0.2813E+07
  0.1669E+08
  0.3595E+07
  0.2642E+07
  0.1662E+08
  0.4291E+07
  0.4075E+07
  0.1470E+08
  0.5833E+07
  0.6427E+07
  0.3877E+07
  0.2196E+07
  0.1810E+08
  0.2302E+07
  0.5631E+07
  0.4495E+07
  0.2668E+07
  0.2031E+08
  0.2072E+07
  0.9614E+07
  0.1944E+07
  0.8375E+07
  0.1868E+07
  0.6362E+07
  0.1769E+07
  0.3154E+07
  0.1617E+08
  0.2014E+08
  0.4404E+08
  0.5217E+08
  0.5924E+08
  0.6041E+08
  0.1920E+07
  0.7034E+06
  0.9852E+06
  0.6305E+08
  0.5664E+08
  0.3064E+08
  0.2919E+08
  0.9428E+07
  0.6003E+07
  0.1442E+07
  0.3560E+07
  0.2754E+07
  0.1068E+07
  0.3601E+07
  0.3295E+07
  0.1537E+08
  0.2930E+07
  0.2629E+07
  0.1209E+08
  0.4680E+07
  0.6635E+07
  0.2569E+08
  0.2816E+07
  0.4937E+07
  0.3753E+07
  0.2568E+07
  0.1193E+08
  0.2634E+07
  0.3823E+08
  0.1318E+08
  0.1789E+07
  0.3505E+07
  0.2565E+07
  0.2748E+07
  0.8704E+07
  0.2563E+07
  0.4674E+07
  0.1103E+08
  0.5280E+07
  0.8067E+07
  0.1384E+08
  0.1677E+08
  0.9968E+06
  0.9112E+06
  0.1534E+07
  0.1441E+08
  0.1324E+08
  0.7679E+07
  0.4977E+07
  0.1727E+07
  0.3029E+07
  0.1661E+07
  0.7601E+07
  0.4167E+07
  0.2790E+07
  0.3624E+07
  0.3631E+07
  0.1549E+08
  0.3599E+07
  0.4409E+07
  0.3921E+07
  0.1866E+07
  0.2569E+07
  0.4209E+07
  0.3126E+07
  0.1546E+08
  0.3431E+07
  0.4056E+07
  0.1740E+08
  0.1557E+07
  0.2045E+07
  0.1622E+08
  0.2660E+07
  0.1643E+08
  0.1893E+07
  0.4033E+07
  0.1860E+08
  0.2060E+07
  0.2133E+08
  0.2685E+07
  0.2529E+07
  0.2484E+07
  0.6543E+06
  0.9921E+07
  0.1234E+08
  0.1069E+07
  0.2650E+07
  0.2164E+08
  0.2517E+08
  0.4738E+08
  0.5212E+08
  0.5301E+08
  0.1694E+07
  0.9080E+06
  0.1873E+07
  0.7538E+06
  0.1425E+07
  0.1686E+07
  0.1215E+08
  0.1554E+07
  0.2772E+07
  0.5513E+07
  0.5761E+07
  0.1360E+08
  0.2025E+07
  0.2206E+07
  0.6487E+07
  0.6255E+07
  0.2534E+08
  0.1271E+08
  0.6682E+07
  0.1447E+08
  0.3907E+07
  0.3786E+07
  0.3748E+07
  0.1517E+08
  0.1970E+07
  0.4746E+07
  0.1181E+08
  0.1924E+07
  0.9551E+07
  0.5497E+07
  0.5708E+07
  0.3508E+07
  0.7168E+07
  0.9475E+07
  0.1102E+08
  0.5193E+07
  0.1137E+08
  0.2188E+07
  0.3559E+07
  0.4967E+07
  0.1083E+08
  0.1445E+08
  0.9277E+06
  0.1162E+08
  0.1598E+08
  0.1981E+07
  0.1273E+07
  0.5514E+06
  0.1504E+07
  0.1973E+07
  0.3320E+07
  0.9023E+06
  0.4107E+07
  0.7718E+08
  0.6439E+08
  0.4953E+08
  0.2129E+08
  0.1129E+08
  0.3910E+07
  0.7535E+07
  0.2001E+07
  0.8785E+07
  0.3871E+07
  0.1073E+08
  0.3716E+07
  0.5148E+07
  0.4108E+07
  0.2689E+07
  0.9284E+07
  0.2598E+07
  0.1734E+07
  0.9217E+07
  0.2839E+07
  0.3205E+07
  0.2341E+07
  0.1730E+07
  0.7581E+07
  0.1020E+08
  0.1836E+07
  0.9043E+07
  0.3462E+07
  0.3406E+07
  0.4466E+07
  0.1604E+07
  0.1199E+07
  0.3726E+07
  0.6530E+07
  0.2552E+07
  0.4981E+07
  0.7645E+07
  0.8998E+06
  0.1708E+07
  0.3477E+07
  0.3284E+07
  0.2805E+07
  0.1422E+09
  0.1329E+09
  0.1134E+09
  0.8176E+07
  0.4641E+07
  0.1746E+08
  0.8568E+07
  0.3058E+07
  0.2412E+07
  0.9418E+07
  0.2928E+07
  0.2139E+07
  0.8879E+07
  0.2606E+08
  0.1092E+07
  0.4492E+07
  0.2428E+07
  0.1833E+08
  0.3552E+07
  0.1717E+07
  0.1210E+08
  0.3828E+07
  0.2313E+07
  0.9260E+07
  0.4555E+07
  0.2927E+07
  0.2872E+07
  0.3529E+07
  0.1792E+08
  0.4096E+07
  0.2180E+07
  0.2685E+07
  0.2232E+08
  0.2016E+07
  0.2826E+07
  0.1227E+08
  0.6058E+07
  0.9762E+07
  0.1223E+08
  0.1592E+08
  0.1934E+07
  0.2180E+07
  0.2131E+07
  0.9625E+06
  0.2296E+07
  0.1570E+09
  0.1553E+09
  0.1492E+09
  0.2059E+07
  0.1025E+08
  0.6553E+06
  0.3213E+08
  0.1648E+08
  0.1611E+07
  0.6075E+07
  0.3444E+07
  0.2883E+07
  0.7288E+07
  0.3651E+07
  0.4401E+07
  0.1254E+08
  0.3398E+07
  0.6494E+07
  0.3141E+07
  0.1154E+08
  0.4863E+07
  0.1714E+07
  0.7044E+07
  0.1331E+07
  0.2177E+07
  0.1802E+08
  0.3369E+07
  0.1212E+07
  0.8647E+07
  0.2211E+07
  0.3129E+07
  0.4953E+07
  0.7267E+07
  0.5007E+07
  0.2458E+07
  0.2722E+07
  0.2773E+07
  0.3520E+07
  0.6197E+07
  0.9542E+07
  0.4445E+08
  0.4983E+08
  0.5444E+08
  0.7204E+08
  0.7703E+08
  0.7775E+08
  0.2116E+07
  0.2102E+07
  0.8264E+06
  0.1256E+07
  0.9560E+06
  0.3993E+07
  0.1124E+08
  0.1304E+08
  0.6664E+07
  0.3710E+07
  0.7823E+07
  0.1133E+08
  0.3767E+07
  0.2987E+07
  0.3925E+07
  0.2496E+07
  0.1919E+07
  0.5214E+07
  0.1997E+07
  0.1954E+07
  0.7826E+07
  0.3921E+07
  0.3036E+07
  0.3144E+07
  0.3744E+07
  0.6060E+07
  0.6895E+07
  0.3937E+07
  0.1381E+07
  0.7150E+07
  0.2397E+07
  0.9117E+07
  0.2871E+07
  0.5138E+07
  0.4189E+07
  0.2976E+07
  0.2198E+07
  0.5586E+07
  0.9120E+07
  0.4048E+07
  0.1001E+08
  0.7732E+06
  0.1536E+07
  0.2524E+07
  0.7748E+06
  0.1117E+07
  0.1813E+07
  0.2433E+07
  0.1391E+07
  0.2230E+07
  0.7936E+07
  0.1978E+07
  0.2515E+07
  0.1652E+07
  0.1596E+07
  0.2228E+07
  0.9142E+07
  0.1101E+08
  0.2131E+07
  0.3201E+08
  0.2697E+07
  0.5953E+07
  0.4603E+07
  0.2082E+07
  0.4581E+07
  0.1753E+08
  0.5539E+07
  0.2144E+07
  0.1990E+07
  0.5894E+07
  0.8009E+07
  0.2899E+08
  0.7039E+07
  0.4411E+08
  0.1451E+08
  0.3567E+07
  0.1887E+07
  0.8339E+07
  0.3399E+07
  0.1139E+08
  0.1386E+07
  0.2501E+07
  0.3027E+07
  0.5123E+07
  0.2252E+07
  0.1914E+07
  0.1879E+07
  0.6719E+06
  0.2741E+07
  0.3311E+08
  0.3079E+08
  0.2550E+08
  0.1908E+08
  0.1218E+08
  0.2598E+07
  0.1874E+07
  0.2504E+07
  0.3296E+07
  0.2739E+07
  0.4714E+07
  0.1411E+07
  0.8158E+07
  0.2652E+08
  0.4540E+08
  0.3970E+07
  0.8196E+06
  0.1710E+08
  0.1080E+08
  0.7092E+07
  0.9118E+07
  0.6620E+07
  0.3353E+07
  0.1249E+08
  0.1262E+08
  0.1049E+08
  0.5707E+08
  0.1656E+08
  0.3241E+07
  0.2876E+07
  0.1272E+08
  0.7535E+07
  0.5675E+07
  0.1506E+08
  0.4418E+07
  0.4977E+07
  0.1031E+07
  0.1720E+07
  0.8651E+07
  0.8266E+06
  0.2704E+07
  0.1494E+07
  0.5603E+07
  0.1028E+08
  0.1110E+08
  0.1116E+07
  0.7549E+06
  0.1304E+07
  0.1163E+07
  0.7630E+06
  0.5631E+07
  0.2299E+07
  0.2060E+07
  0.6765E+07
  0.1283E+08
  0.2384E+07
  0.2939E+07
  0.1116E+08
  0.4860E+08
  0.2728E+07
  0.7783E+07
  0.3854E+07
  0.6265E+07
  0.2911E+08
  0.2150E+08
  0.2149E+08
  0.1133E+08
  0.8596E+07
  0.3242E+07
  0.2024E+07
  0.4607E+08
  0.3006E+08
  0.7479E+07
  0.9046E+06
  0.9410E+07
  0.2087E+08
  0.1965E+08
  0.7635E+07
  0.4510E+07
  0.1917E+07
  0.5870E+07
  0.7541E+07
  0.2196E+08
  0.2880E+08
  0.1725E+07
  0.5866E+06
  0.2015E+07
  0.8416E+06
  0.5749E+08
  0.5538E+08
  0.1277E+07
  0.1140E+07
  0.1017E+08
  0.7021E+07
  0.1049E+07
  0.2225E+07
  0.5805E+07
  0.1024E+08
  0.1598E+08
  0.5359E+07
  0.1659E+07
  0.5274E+07
  0.4196E+08
  0.1475E+08
  0.9771E+07
  0.1167E+07
  0.2203E+07
  0.2729E+07
  0.4498E+07
  0.3164E+08
  0.3744E+08
  0.1569E+08
  0.1913E+07
  0.2122E+08
  0.2077E+07
  0.1629E+09
  0.3918E+07
  0.1893E+07
  0.4834E+07
  0.2585E+07
  0.1707E+08
  0.1414E+07
  0.3064E+08
  0.1319E+07
  0.8166E+07
  0.1423E+07
  0.4200E+07
  0.6983E+07
  0.1581E+08
  0.5320E+08
  0.6191E+08
  0.6505E+08
  0.6555E+08
  0.1405E+07
  0.2158E+07
  0.4790E+08
  0.4212E+08
  0.1447E+08
  0.9322E+07
  0.1685E+07
  0.1104E+08
  0.1344E+08
  0.2538E+08
  0.4402E+07
  0.1403E+07
  0.1125E+08
  0.1096E+09
  0.3350E+07
  0.9344E+07
  0.1432E+07
  0.1840E+07
  0.1351E+08
  0.2429E+08
  0.2019E+08
  0.1891E+07
  0.1913E+07
  0.2772E+08
  0.2491E+07
  0.1296E+07
  0.2361E+07
  0.7854E+07
  0.3040E+07
  0.3524E+08
  0.1044E+07
  0.3127E+07
  0.5674E+08
  0.1203E+07
  0.3011E+08
  0.3798E+07
  0.1985E+07
  0.2164E+07
  0.5515E+07
  0.2178E+07
  0.1407E+07
  0.8878E+06
  0.8834E+06
  0.2000E+07
  0.1104E+07
  0.5559E+06
  0.8419E+06
  0.1046E+08
  0.4797E+07
  0.1330E+07
  0.2178E+07
  0.1802E+08
  0.1691E+08
  0.3820E+08
  0.1016E+08
  0.1460E+07
  0.2062E+07
  0.1628E+08
  0.2380E+08
  0.1773E+08
  0.4843E+07
  0.1086E+07
  0.3442E+07
  0.5238E+08
  0.6597E+08
  0.2056E+07
  0.1494E+07
  0.4687E+07
  0.3584E+08
  0.4543E+07
  0.1711E+09
  0.1844E+07
  0.2293E+07
  0.1455E+08
  0.1342E+07
  0.4570E+08
  0.1083E+07
  0.6188E+08
  0.4459E+08
  0.6423E+07
  0.2057E+07
  0.1316E+07
  0.4935E+07
  0.1927E+07
  0.1056E+07
  0.4708E+07
  0.6722E+07
  0.8145E+06
  0.1231E+07
  0.1813E+07
  0.1603E+08
  0.1539E+08
  0.1155E+08
  0.8410E+06
  0.1228E+07
  0.1178E+07
  0.9654E+06
  0.1574E+07
  0.5881E+06
  0.2163E+08
  0.6020E+08
  0.7637E+06
  0.1441E+07
  0.2446E+07
  0.1988E+07
  0.1596E+09
  0.1686E+07
  0.2386E+07
  0.3912E+07
  0.1868E+07
  0.3401E+07
  0.2024E+07
  0.5731E+08
  0.9261E+08
  0.3547E+07
  0.2341E+07
  0.3868E+08
  0.6580E+07
  0.6859E+07
  0.1181E+07
  0.3873E+07
  0.2025E+07
  0.1863E+07
  0.5143E+08
  0.1092E+07
  0.4705E+08
  0.1340E+07
  0.9801E+06
  0.4783E+07
  0.1582E+08
  0.1647E+07
  0.1502E+07
  0.1450E+07
  0.9770E+07
  0.1415E+08
  0.1585E+08
  0.1427E+07
  0.9725E+06
  0.6627E+07
  0.1881E+07
  0.4199E+07
  0.2139E+07
  0.1006E+07
  0.1365E+07
  0.2666E+08
  0.6785E+08
  0.5291E+07
  0.1544E+07
  0.6015E+07
  0.8901E+06
  0.1438E+07
  0.1079E+08
  0.2446E+07
  0.8194E+06
  0.5195E+06
  0.3286E+07
  0.1530E+09
  0.8073E+07
  0.1853E+07
  0.4721E+08
  0.1910E+09
  0.2302E+07
  0.1480E+07
  0.2741E+08
  0.1397E+07
  0.5818E+08
  0.6571E+08
  0.5232E+08
  0.1377E+07
  0.1903E+07
  0.9986E+07
  0.1093E+07
  0.6790E+06
  0.8092E+06
  0.3697E+07
  0.5044E+06
  0.1901E+07
  0.1476E+08
  0.1369E+08
  0.2481E+07
  0.1221E+07
  0.1710E+07
  0.6781E+07
  0.7764E+07
  0.3258E+07
  0.1304E+07
  0.9766E+08
  0.2392E+07
  0.3184E+07
  0.1193E+08
  0.1669E+09
  0.1080E+07
  0.1394E+08
  0.4368E+07
  0.6796E+07
  0.1432E+07
  0.2277E+07
  0.1722E+09
  0.1493E+07
  0.5026E+08
  0.2001E+09
  0.6434E+07
  0.1626E+07
  0.2897E+07
  0.3599E+08
  0.2523E+07
  0.5755E+06
  0.7343E+06
  0.1829E+09
  0.1969E+07
  0.1724E+07
  0.3130E+08
  0.1493E+07
  0.3298E+07
  0.4996E+07
  0.6132E+07
  0.1528E+08
  0.1890E+08
  0.2038E+08
  0.2233E+07
  0.6379E+07
  0.1152E+07
  0.8276E+06
  0.1030E+08
  0.1262E+07
  0.6802E+07
  0.1048E+09
  0.1396E+07
  0.2544E+07
  0.2081E+07
  0.1875E+09
  0.2378E+07
  0.8897E+06
  0.9066E+07
  0.1172E+07
  0.1226E+08
  0.2077E+07
  0.8833E+06
  0.3584E+07
  0.1545E+07
  0.3937E+07
  0.2573E+09
  0.1869E+07
  0.1320E+07
  0.8231E+06
  0.4059E+07
  0.4184E+08
  0.7041E+06
  0.3608E+07
  0.1875E+09
  0.1409E+07
  0.2767E+07
  0.1706E+07
  0.7721E+07
  0.2156E+07
  0.7730E+07
  0.8502E+06
  0.3005E+07
  0.3461E+07
  0.5424E+07
  0.5861E+07
  0.2701E+07
  0.1130E+07
  0.7517E+06
  0.1316E+07
  0.7253E+07
  0.1001E+08
  0.2267E+07
  0.4870E+06
  0.2030E+07
  0.1245E+09
  0.3247E+07
  0.8526E+06
  0.1910E+07
  0.1938E+09
  0.7112E+06
  0.1770E+08
  0.1090E+07
  0.2372E+07
  0.1852E+08
  0.5116E+06
  0.1803E+09
  0.7797E+07
  0.1285E+07
  0.3150E+07
  0.2688E+09
  0.1902E+07
  0.1333E+07
  0.1682E+07
  0.5320E+08
  0.2341E+07
  0.1588E+07
  0.9629E+07
  0.1899E+09
  0.1098E+07
  0.6498E+07
  0.1620E+07
  0.9146E+06
  0.1251E+07
  0.1542E+08
  0.2781E+07
  0.8715E+06
  0.7173E+06
  0.1083E+07
  0.1717E+07
  0.2460E+07
  0.7353E+07
  0.6784E+07
  0.3824E+07
  0.1453E+07
  0.2459E+07
  0.2318E+08
  0.1632E+08
  0.7013E+06
  0.1871E+07
  0.1343E+07
  0.1051E+07
  0.6401E+06
  0.7883E+07
  0.1034E+07
  0.1967E+09
  0.1457E+07
  0.1557E+07
  0.3543E+08
  0.5733E+07
  0.4769E+07
  0.1756E+07
  0.2267E+07
  0.1869E+09
  0.1136E+08
  0.7958E+06
  0.5777E+06
  0.6260E+06
  0.1800E+07
  0.1768E+07
  0.1251E+07
  0.5865E+08
  0.2704E+07
  0.1128E+07
  0.1509E+07
  0.2047E+09
  0.1249E+07
  0.1170E+07
  0.3263E+07
  0.6291E+06
  0.6190E+08
  0.1535E+07
  0.1119E+07
  0.6857E+06
  0.2193E+07
  0.6859E+07
  0.7929E+07
  0.8901E+06
  0.8581E+06
  0.1250E+07
  0.1030E+07
  0.4365E+08
  0.1538E+07
  0.4829E+07
  0.1680E+07
  0.1332E+09
  0.2261E+07
  0.1895E+07
  0.1095E+08
  0.1534E+07
  0.2041E+09
  0.1192E+07
  0.3999E+08
  0.1057E+07
  0.2938E+08
  0.1554E+07
  0.1549E+07
  0.2023E+09
  0.1194E+07
  0.2625E+07
  0.1661E+07
  0.2773E+09
  0.1704E+07
  0.6663E+06
  0.5829E+07
  0.9610E+06
  0.6398E+08
  0.1132E+07
  0.1373E+07
  0.1696E+07
  0.1174E+08
  0.8835E+06
  0.8016E+07
  0.1503E+07
  0.6806E+08
  0.1383E+07
  0.4984E+07
  0.8577E+06
  0.1695E+07
  0.2280E+07
  0.5403E+07
  0.4820E+07
  0.1779E+07
  0.1880E+07
  0.1987E+07
  0.4900E+08
  0.8891E+06
  0.6673E+07
  0.5651E+06
  0.1403E+09
  0.1150E+07
  0.4381E+07
  0.1393E+08
  0.7070E+06
  0.2099E+09
  0.9949E+06
  0.1462E+07
  0.4520E+08
  0.2780E+07
  0.8243E+06
  0.3864E+07
  0.1894E+07
  0.7342E+06
  0.2079E+09
  0.7647E+06
  0.1130E+07
  0.2826E+09
  0.1145E+07
  0.9807E+07
  0.6658E+08
  0.2019E+07
  0.1825E+07
  0.2675E+07
  0.9576E+06
  0.2102E+09
  0.1688E+07
  0.5147E+06
  0.2973E+07
  0.4773E+06
  0.7220E+08
  0.2026E+07
  0.3185E+07
  0.9847E+06
  0.7148E+07
  0.1422E+07
  0.3595E+07
  0.1870E+07
  0.6126E+06
  0.5977E+07
  0.1060E+07
  0.5222E+08
  0.6670E+06
  0.1008E+08
  0.1456E+09
  0.9187E+06
  0.1563E+08
  0.8782E+06
  0.8612E+06
  0.1516E+07
  0.4771E+08
  0.5843E+06
  0.7898E+06
  0.3850E+08
  0.8616E+06
  0.1054E+07
  0.2110E+09
  0.5502E+07
  0.8600E+06
  0.2865E+09
  0.6987E+06
  0.1169E+08
  0.1573E+07
  0.7174E+08
  0.1403E+07
  0.6963E+07
  0.9755E+06
  0.2276E+09
  0.1641E+07
  0.1969E+07
  0.1399E+08
  0.1168E+07
  0.7769E+08
  0.4810E+07
  0.8974E+06
  0.1220E+07
  0.1119E+08
  0.6856E+06
  0.1643E+07
  0.1227E+07
  0.1867E+07
  0.8565E+07
  0.1927E+07
  0.5676E+08
  0.7649E+06
  0.1474E+07
  0.1135E+08
  0.2236E+07
  0.5704E+06
  0.5968E+06
  0.7390E+07
  0.1382E+07
  0.1806E+08
  0.2138E+09
  0.1800E+07
  0.5133E+08
  0.2432E+07
  0.2698E+07
  0.4116E+08
  0.1132E+07
  0.2937E+07
  0.1585E+07
  0.2134E+09
  0.7211E+07
  0.2216E+07
  0.2902E+09
  0.2172E+07
  0.1442E+08
  0.7577E+08
  0.1071E+07
  0.1020E+08
  0.8982E+06
  0.2304E+09
  0.1754E+07
  0.3727E+07
  0.1727E+08
  0.5426E+06
  0.8001E+08
  0.6659E+07
  0.1408E+07
  0.1476E+08
  0.8861E+06
  0.1723E+07
  0.1500E+06
  0.1334E+07
  0.2326E+07
  0.8541E+06
  0.9105E+07
  0.1503E+07
  0.2483E+07
  0.8555E+06
  0.5729E+08
  0.1067E+07
  0.1173E+07
  0.2108E+07
  0.2124E+07
  0.1188E+08
  0.8589E+06
  0.2721E+07
  0.1471E+09
  0.1337E+07
  0.1295E+07
  0.7925E+07
  0.9634E+06
  0.1880E+07
  0.1889E+08
  0.7271E+06
  0.2141E+09
  0.6566E+06
  0.2244E+07
  0.7094E+06
  0.5175E+08
  0.6121E+06
  0.2812E+07
  0.6513E+06
  0.3078E+07
  0.5818E+06
  0.4152E+08
  0.1802E+07
  0.2606E+07
  0.3389E+07
  0.8227E+06
  0.2083E+07
  0.1214E+07
  0.2139E+09
  0.7928E+07
  0.8006E+06
  0.2621E+07
  0.6332E+06
  0.2907E+09
  0.6871E+06
  0.2552E+07
  0.7092E+06
  0.1496E+08
  0.8280E+06
  0.7628E+08
  0.7232E+06
  0.1452E+07
  0.6900E+06
  0.1065E+08
  0.7027E+06
  0.1250E+07
  0.2518E+07
  0.2308E+09
  0.7183E+06
  0.2285E+07
  0.3025E+07
  0.4084E+07
  0.6677E+06
  0.1777E+08
  0.1040E+07
  0.6726E+06
  0.8040E+08
  0.6305E+06
  0.7106E+07
  0.2442E+07
  0.1856E+07
  0.7052E+06
  0.1519E+08
  0.9651E+06
  0.1441E+07
  0.9157E+06
  0.1500E+06
  0.2029E+07
  0.9308E+06
  0.1982E+07
  0.4391E+08
  0.2004E+07
  0.9782E+07
  0.1410E+07
  0.1679E+09
  0.1555E+07
  0.2387E+07
  0.3340E+07
  0.4255E+08
  0.1031E+08
  0.2003E+07
  0.3111E+07
  0.5502E+07
  0.1102E+09
  0.1943E+07
  0.1302E+08
  0.1266E+07
  0.2578E+08
  0.1821E+07
  0.2170E+07
  0.3187E+07
  0.1066E+09
  0.1793E+07
  0.3107E+07
  0.1706E+08
  0.9690E+07
  0.2266E+07
  0.1735E+07
  0.2784E+07
  0.1150E+07
  0.3702E+08
  0.6794E+07
SCALARS chi float 1
LOOKUP_TABLE default
  0.0000E+00
  0.0000E+00
  0.0000E+00
  0.0000E+00
  0.0000E+00
  0.0000E+00
  0.0000E+00
  0.0000E+00
  0.0000E+00
  0.0000E+00
  0.0000E+00
  0.0000E+00
  0.0000E+00
  0.0000E+00
  0.0000E+00
  0.0000E+00
  0.0000E+00
  0.0000E+00
  0.0000E+00
  0.0000E+00
  0.0000E+00
  0.0000E+00
  0.0000E+00
  0.0000E+00
  0.0000E+00
  0.0000E+00
  0.0000E+00
  0.0000E+00
  0.0000E+00
  0.0000E+00
  0.0000E+00
  0.0000E+00
  0.0000E+00
  0.0000E+00
  0.0000E+00
  0.0000E+00
  0.0000E+00
  0.0000E+00
  0.0000E+00
  0.0000E+00
  0.0000E+00
  0.0000E+00
  0.0000E+00
  0.0000E+00
  0.0000E+00
  0.0000E+00
  0.0000E+00
  0.0000E+00
  0.0000E+00
  0.0000E+00
  0.0000E+00
  0.0000E+00
  0.0000E+00
  0.0000E+00
  0.0000E+00
  0.0000E+00
  0.0000E+00
  0.0000E+00
  0.0000E+00
  0.0000E+00
  0.0000E+00
  0.0000E+00
  0.0000E+00
  0.0000E+00
  0.0000E+00
  0.0000E+00
  0.0000E+00
  0.0000E+00
  0.0000E+00
  0.0000E+00
  0.0000E+00
  0.0000E+00
  0.0000E+00
  0.0000E+00
  0.0000E+00
  0.0000E+00
  0.0000E+00
  0.0000E+00
  0.0000E+00
  0.0000E+00
  0.0000E+00
  0.3153E+01
  0.4423E+00
  0.2593E+00
  0.8356E+00
  0.3435E+00
  0.5697E+00
  0.6949E+00
  0.1157E+00
  0.6548E+00
  0.1304E+01
  0.1665E+00
  0.2120E+01
  0.4807E+00
  0.1037E+00
  0.1944E+01
  0.3553E+00
  0.7503E+00
  0.1173E+01
  0.7478E-01
  0.4488E+00
  0.2068E+01
  0.9571E-01
  0.5034E+00
  0.6336E+00
  0.1039E+00
  0.4965E+00
  0.7601E+00
  0.1186E+00
  0.4553E+00
  0.2973E+00
  0.4362E+00
  0.9132E-01
  0.1602E+00
  0.5051E+00
  0.1422E+00
  0.2336E+01
  0.3071E+00
  0.1064E+01
  0.2104E+00
  0.6070E+00
  0.3587E+00
  0.6988E+00
  0.0000E+00
  0.0000E+00
  0.1178E+01
  0.1251E+01
  0.5810E+00
  0.7595E+00
  0.1690E+01
  0.1663E+01
  0.1058E+01
  0.1906E+01
  0.3952E+00
  0.2587E+01
  0.1502E+01
  0.1223E+01
  0.1878E+00
  0.9570E+00
  0.1416E+01
  0.1846E+00
  0.9457E+00
  0.1737E+01
  0.2038E+01
  0.1954E+00
  0.9420E+00
  0.1356E+01
  0.2494E+00
  0.9550E+00
  0.1439E+01
  0.2161E+00
  0.4721E+00
  0.1253E+01
  0.1535E+01
  0.2226E+00
  0.1548E+01
  0.2745E+00
  0.2192E+01
  0.6205E+00
  0.2537E+01
  0.4017E+00
  0.1967E+01
  0.7694E+00
  0.1403E+01
  0.5754E+00
  0.0000E+00
  0.0000E+00
  0.1420E+01
  0.2178E+01
  0.9333E+00
  0.1400E+01
  0.3066E+01
  0.1975E+01
  0.3125E+00
  0.3009E+01
  0.1108E+01
  0.1441E+01
  0.2564E+01
  0.1091E+01
  0.2763E+00
  0.1254E+01
  0.1153E+01
  0.1406E+01
  0.2787E+00
  0.6334E+00
  0.2092E+01
  0.2748E+01
  0.1799E+01
  0.3505E+00
  0.1147E+01
  0.2502E+01
  0.1800E+01
  0.2573E+01
  0.3315E+00
  0.1893E+01
  0.2546E+01
  0.8241E+00
  0.1935E+01
  0.9853E+00
  0.3925E+00
  0.2401E+01
  0.1162E+01
  0.2086E+01
  0.5806E+00
  0.3095E+01
  0.2382E+01
  0.2650E+01
  0.1073E+01
  0.0000E+00
  0.0000E+00
  0.2517E+01
  0.2772E+01
  0.1624E+01
  0.2837E+01
  0.2734E+01
  0.8243E+00
  0.4618E+00
  0.2508E+01
  0.8689E+00
  0.2040E+01
  0.2093E+01
  0.3558E+00
  0.1002E+01
  0.1700E+01
  0.1708E+01
  0.3751E+00
  0.1756E+01
  0.3122E+01
  0.1934E+01
  0.4701E+00
  0.2286E+01
  0.3914E+01
  0.2086E+01
  0.4360E+00
  0.1699E+01
  0.1483E+01
  0.4748E+00
  0.6859E+00
  0.1845E+01
  0.1236E+01
  0.2189E+01
  0.9098E+00
  0.4392E+00
  0.5619E+00
  0.2773E+01
  0.2001E+01
  0.1433E+01
  0.1361E+01
  0.3367E+01
  0.1758E+01
  0.2631E+01
  0.0000E+00
  0.0000E+00
  0.7116E+00
  0.2820E+01
  0.2445E+01
  0.1900E+01
  0.3409E+01
  0.1970E+01
  0.2247E+01
  0.6285E+00
  0.2399E+01
  0.2501E+01
  0.1908E+01
  0.9659E+00
  0.5408E+00
  0.6965E+00
  0.1622E+01
  0.3510E+01
  0.2831E+01
  0.1697E+01
  0.4426E+00
  0.1951E+01
  0.3146E+01
  0.2125E+01
  0.6119E+00
  0.1964E+01
  0.2745E+01
  0.1477E+01
  0.6091E+00
  0.2556E+01
  0.1705E+01
  0.1006E+01
  0.2717E+01
  0.1955E+01
  0.1573E+01
  0.9205E+00
  0.6486E+00
  0.2182E+01
  0.8370E+00
  0.1016E+01
  0.4055E+01
  0.2677E+01
  0.1104E+01
  0.1897E+01
  0.2975E+01
  0.1232E+01
  0.3919E+00
  0.0000E+00
  0.0000E+00
  0.2259E+01
  0.2392E+01
  0.2845E+01
  0.2735E+01
  0.5311E+01
  0.2695E+01
  0.1487E+01
  0.7633E+00
  0.2146E+01
  0.4381E+01
  0.1512E+01
  0.2138E+01
  0.1097E+01
  0.2336E+01
  0.1095E+01
  0.2935E+01
  0.1427E+01
  0.5890E+00
  0.8752E+00
  0.2380E+01
  0.2324E+01
  0.6972E+00
  0.2078E+01
  0.2338E+01
  0.7372E+00
  0.7007E+00
  0.1964E+01
  0.1943E+01
  0.3676E+01
  0.3773E+01
  0.2222E+01
  0.2082E+01
  0.1901E+01
  0.2604E+01
  0.1237E+01
  0.2451E+01
  0.2885E+01
  0.1310E+01
  0.2714E+01
  0.3051E+01
  0.2438E+01
  0.1160E+01
  0.0000E+00
  0.0000E+00
  0.1385E+01
  0.2060E+01
  0.1509E+01
  0.3162E+01
  0.2574E+01
  0.1973E+01
  0.9482E+00
  0.1715E+01
  0.2659E+01
  0.2064E+01
  0.3187E+01
  0.1869E+01
  0.7356E+00
  0.1582E+01
  0.1447E+01
  0.4121E+01
  0.1208E+01
  0.3650E+01
  0.2553E+01
  0.8312E+00
  0.1577E+01
  0.4670E+01
  0.9148E+00
  0.1535E+01
  0.1590E+01
  0.1629E+01
  0.3697E+01
  0.2818E+01
  0.3962E+01
  0.1901E+01
  0.8842E+00
  0.1239E+01
  0.2722E+01
  0.4121E+01
  0.1946E+01
  0.2549E+01
  0.3223E+01
  0.1488E+01
  0.2854E+00
  0.0000E+00
  0.0000E+00
  0.2330E+01
  0.9735E+00
  0.3059E+01
  0.2717E+01
  0.3531E+01
  0.1822E+01
  0.1086E+01
  0.2365E+01
  0.2546E+01
  0.3303E+01
  0.2340E+01
  0.1956E+01
  0.2209E+01
  0.3683E+01
  0.2142E+01
  0.7745E+00
  0.1526E+01
  0.2639E+01
  0.2572E+01
  0.9724E+00
  0.3538E+01
  0.3353E+01
  0.1037E+01
  0.2555E+01
  0.3282E+01
  0.9472E+00
  0.1794E+01
  0.3879E+01
  0.3160E+01
  0.2022E+01
  0.1158E+01
  0.1211E+01
  0.2745E+01
  0.2326E+01
  0.2951E+01
  0.4026E+01
  0.2915E+01
  0.3122E+01
  0.2298E+01
  0.2725E+01
  0.8346E+00
  0.0000E+00
  0.0000E+00
  0.8652E+00
  0.6079E+00
  0.2122E+01
  0.1936E+01
  0.2747E+01
  0.1354E+01
  0.2127E+01
  0.4340E+01
  0.3901E+01
  0.2460E+01
  0.9330E+00
  0.2550E+01
  0.2476E+01
  0.1866E+01
  0.1089E+01
  0.2074E+01
  0.3654E+01
  0.2812E+01
  0.1108E+01
  0.3272E+01
  0.1373E+01
  0.2406E+01
  0.2846E+01
  0.1276E+01
  0.1158E+01
  0.2039E+01
  0.3069E+01
  0.3647E+01
  0.1926E+01
  0.2988E+01
  0.2633E+01
  0.1654E+01
  0.3051E+01
  0.4374E+01
  0.2520E+01
  0.3654E+01
  0.1554E+01
  0.1872E+01
  0.0000E+00
  0.0000E+00
  0.1210E+00
  0.2975E+00
  0.1564E+01
  0.1028E+01
  0.2719E+01
  0.4279E+01
  0.2994E+01
  0.1563E+01
  0.1982E+01
  0.3095E+01
  0.3806E+01
  0.2958E+01
  0.2085E+01
  0.1047E+01
  0.2523E+01
  0.3528E+01
  0.2353E+01
  0.1041E+01
  0.1502E+01
  0.2451E+01
  0.1615E+01
  0.1340E+01
  0.3128E+01
  0.1529E+01
  0.1520E+01
  0.3606E+01
  0.2855E+01
  0.2425E+01
  0.2263E+01
  0.3045E+01
  0.3764E+01
  0.3988E+01
  0.1473E+01
  0.1808E+01
  0.2640E+01
  0.1916E+01
  0.3590E+01
  0.3114E+01
  0.1647E+01
  0.1167E+01
  0.7041E+00
  0.3277E+00
  0.1375E+00
  0.0000E+00
  0.0000E+00
  0.8570E+00
  0.3659E+01
  0.2924E+01
  0.1827E+01
  0.1358E+01
  0.2179E+01
  0.4604E+01
  0.2508E+01
  0.2189E+01
  0.3375E+01
  0.3187E+01
  0.2370E+01
  0.1247E+01
  0.1561E+01
  0.3253E+01
  0.3166E+01
  0.1967E+01
  0.2158E+01
  0.1720E+01
  0.1909E+01
  0.3949E+01
  0.2478E+01
  0.2027E+01
  0.1508E+01
  0.2136E+01
  0.3398E+01
  0.1753E+01
  0.3796E+01
  0.1709E+01
  0.1517E+01
  0.3932E+01
  0.3679E+01
  0.3085E+01
  0.2397E+01
  0.1846E+01
  0.2244E+01
  0.2714E+01
  0.2608E+01
  0.4011E+01
  0.2441E+01
  0.2020E+01
  0.2795E+01
  0.1991E+01
  0.1488E+01
  0.1204E+01
  0.0000E+00
  0.0000E+00
  0.1498E+01
  0.2547E+01
  0.3105E+01
  0.2817E+01
  0.4745E+01
  0.3294E+01
  0.2276E+01
  0.3492E+01
  0.4682E+01
  0.2284E+01
  0.1350E+01
  0.2063E+01
  0.3392E+01
  0.2227E+01
  0.1397E+01
  0.3245E+01
  0.2228E+01
  0.2692E+01
  0.3009E+01
  0.1796E+01
  0.3516E+01
  0.4208E+01
  0.1981E+01
  0.2733E+01
  0.1762E+01
  0.2947E+01
  0.5380E+01
  0.3150E+01
  0.2254E+01
  0.1938E+01
  0.2825E+01
  0.3963E+01
  0.3217E+01
  0.4689E+01
  0.4357E+01
  0.2559E+01
  0.2002E+01
  0.2035E+01
  0.1793E+01
  0.1728E+01
  0.0000E+00
  0.0000E+00
  0.1568E+01
  0.1760E+01
  0.1712E+01
  0.2136E+01
  0.3763E+01
  0.2361E+01
  0.3733E+01
  0.3887E+01
  0.3497E+01
  0.3476E+01
  0.3998E+01
  0.2196E+01
  0.1747E+01
  0.1915E+01
  0.3114E+01
  0.2956E+01
  0.2025E+01
  0.1803E+01
  0.2489E+01
  0.2638E+01
  0.3679E+01
  0.2083E+01
  0.2310E+01
  0.3827E+01
  0.2801E+01
  0.2398E+01
  0.2180E+01
  0.2039E+01
  0.2499E+01
  0.4110E+01
  0.4391E+01
  0.3023E+01
  0.3512E+01
  0.3010E+01
  0.3302E+01
  0.3330E+01
  0.4120E+01
  0.5023E+01
  0.2831E+01
  0.1742E+01
  0.1245E+01
  0.8852E+00
  0.5168E+00
  0.1938E+00
  0.0000E+00
  0.0000E+00
  0.2963E+00
  0.6280E+00
  0.8051E+00
  0.1139E+01
  0.1562E+01
  0.2714E+01
  0.4619E+01
  0.5274E+01
  0.5147E+01
  0.4234E+01
  0.2330E+01
  0.1700E+01
  0.4434E+01
  0.2357E+01
  0.1868E+01
  0.2201E+01
  0.3367E+01
  0.4471E+01
  0.2595E+01
  0.2854E+01
  0.4361E+01
  0.4549E+01
  0.2563E+01
  0.2880E+01
  0.3301E+01
  0.2743E+01
  0.2620E+01
  0.3425E+01
  0.4266E+01
  0.4712E+01
  0.2455E+01
  0.4230E+01
  0.4477E+01
  0.6257E+01
  0.3667E+01
  0.2919E+01
  0.2176E+01
  0.2652E+01
  0.2313E+01
  0.1487E+01
  0.3397E+01
  0.4938E+00
  0.0000E+00
  0.0000E+00
  0.1685E+01
  0.1394E+01
  0.1688E+01
  0.1705E+01
  0.2709E+01
  0.2085E+01
  0.2881E+01
  0.4323E+01
  0.5576E+01
  0.2943E+01
  0.3281E+01
  0.1956E+01
  0.2954E+01
  0.2678E+01
  0.4882E+01
  0.2933E+01
  0.3194E+01
  0.3652E+01
  0.3658E+01
  0.5185E+01
  0.3834E+01
  0.3796E+01
  0.3003E+01
  0.3639E+01
  0.3552E+01
  0.5588E+01
  0.0000E+00
  0.3262E+01
  0.3300E+01
  0.5269E+01
  0.5249E+01
  0.4422E+01
  0.3694E+01
  0.3739E+01
  0.2808E+01
  0.2769E+01
  0.2962E+01
  0.3830E+01
  0.7929E+00
  0.0000E+00
  0.0000E+00
  0.5964E+00
  0.2505E+01
  0.2578E+01
  0.2218E+01
  0.3459E+01
  0.2726E+01
  0.4224E+01
  0.4163E+01
  0.5050E+01
  0.3975E+01
  0.4357E+01
  0.2539E+01
  0.4384E+01
  0.3466E+01
  0.4604E+01
  0.4752E+01
  0.3611E+01
  0.2333E+01
  0.3690E+01
  0.2914E+01
  0.4566E+01
  0.4495E+01
  0.4378E+01
  0.3537E+01
  0.5128E+01
  0.4839E+01
  0.4097E+01
  0.3824E+01
  0.3680E+01
  0.4096E+01
  0.4643E+01
  0.3795E+01
  0.4784E+01
  0.0000E+00
  0.1448E+01
  0.3709E+01
  0.4893E+01
  0.0000E+00
  0.1297E+01
  0.4399E+01
  0.4278E+01
  0.3319E+01
  0.2645E+01
  0.1786E+01
  0.1747E+01
  0.9629E+00
  0.0000E+00
  0.0000E+00
  0.5493E+00
  0.2103E+01
  0.1317E+01
  0.1296E+01
  0.1794E+01
  0.2587E+01
  0.1814E+01
  0.2795E+01
  0.3140E+01
  0.5299E+01
  0.0000E+00
  0.4441E+01
  0.2930E+01
  0.2517E+01
  0.4556E+01
  0.4605E+01
  0.2987E+01
  0.3058E+01
  0.4653E+01
  0.3717E+01
  0.2551E+01
  0.1663E+01
  0.4732E+01
  0.1259E+01
  0.1033E+01
  0.1013E+01
  0.4803E+01
  0.4807E+01
  0.1571E+01
  0.0000E+00
  0.4544E+01
  0.1479E+01
  0.7387E+00
  0.4333E+01
  0.6485E+00
  0.4553E+01
  0.4491E+01
  0.3496E+01
  0.2854E+01
  0.3332E+01
  0.1997E+01
  0.1365E+01
  0.1081E+01
  0.6265E+00
  0.2933E+00
  0.0000E+00
  0.0000E+00
  0.1639E+01
  0.4742E+00
  0.6944E+00
  0.1270E+01
  0.1574E+01
  0.2286E+01
  0.3681E+01
  0.4143E+01
  0.1214E+01
  0.1404E+01
  0.3451E+01
  0.3551E+01
  0.3147E+01
  0.3645E+01
  0.4453E+01
  0.4239E+01
  0.3865E+01
  0.4030E+01
  0.3933E+01
  0.2633E+01
  0.1475E+01
  0.9449E+00
  0.3496E+00
  0.0000E+00
  0.0000E+00
  0.0000E+00
  0.0000E+00
  0.6664E+00
  0.1078E+01
  0.1537E+01
  0.7417E+00
  0.1421E+01
  0.0000E+00
  0.1536E+01
  0.1992E+01
  0.0000E+00
  0.5807E+01
  0.3494E+01
  0.3089E+01
  0.2732E+01
  0.2318E+01
  0.4052E+01
  0.2504E+01
  0.1374E+01
  0.1790E+01
  0.5049E+00
  0.0000E+00
  0.0000E+00
  0.2272E+00
  0.1522E+01
  0.2467E+01
  0.9364E+00
  0.2741E+01
  0.2623E+01
  0.2059E+01
  0.3001E+01
  0.5042E+01
  0.9951E+00
  0.5203E+01
  0.4986E+01
  0.4019E+01
  0.5075E+01
  0.1258E+01
  0.0000E+00
  0.4538E+01
  0.2025E+01
  0.2087E+01
  0.8100E+00
  0.6602E+00
  0.1092E+01
  0.1026E+01
  0.0000E+00
  0.9504E+00
  0.2424E+01
  0.0000E+00
  0.7421E+00
  0.5451E+00
  0.1234E+01
  0.6294E+00
  0.1353E+01
  0.8086E+00
  0.4560E+01
  0.4792E+01
  0.3232E+01
  0.2203E+01
  0.1900E+01
  0.1767E+01
  0.2239E+01
  0.2748E+01
  0.2645E+01
  0.2741E+01
  0.1979E+01
  0.9800E+00
  0.0000E+00
  0.0000E+00
  0.1973E+01
  0.2125E+01
  0.3568E+01
  0.2113E+01
  0.1558E+01
  0.1815E+01
  0.3619E+01
  0.2588E+01
  0.3990E+01
  0.4498E+01
  0.0000E+00
  0.5985E+00
  0.0000E+00
  0.0000E+00
  0.4973E+00
  0.0000E+00
  0.5710E+00
  0.7308E+00
  0.0000E+00
  0.8138E+00
  0.9091E+00
  0.1208E+01
  0.0000E+00
  0.0000E+00
  0.6954E+00
  0.0000E+00
  0.8428E+00
  0.0000E+00
  0.1634E+01
  0.5357E+00
  0.1313E+01
  0.1837E+01
  0.0000E+00
  0.1750E+01
  0.0000E+00
  0.3629E+01
  0.2638E+01
  0.1954E+01
  0.1454E+01
  0.1107E+01
  0.3716E+01
  0.1921E+01
  0.1263E+01
  0.0000E+00
  0.0000E+00
  0.9870E+00
  0.1419E+01
  0.2539E+01
  0.3408E+01
  0.2118E+01
  0.2756E+01
  0.2411E+01
  0.4140E+01
  0.3060E+01
  0.3551E+01
  0.9562E+00
  0.7755E+00
  0.1797E+01
  0.6508E+00
  0.0000E+00
  0.7262E+00
  0.0000E+00
  0.1171E+01
  0.9269E+00
  0.0000E+00
  0.0000E+00
  0.9821E+00
  0.9880E+00
  0.4869E+00
  0.0000E+00
  0.6604E+00
  0.7723E+00
  0.3002E+00
  0.1029E+01
  0.6790E+00
  0.6926E+00
  0.1150E+01
  0.9120E+00
  0.1675E+01
  0.5108E+01
  0.3444E+01
  0.2865E+01
  0.2329E+01
  0.2549E+01
  0.1463E+01
  0.7662E+00
  0.1542E+01
  0.1707E+01
  0.5271E+00
  0.0000E+00
  0.0000E+00
  0.8741E+00
  0.1701E+01
  0.2777E+01
  0.3583E+01
  0.3036E+01
  0.3000E+01
  0.4401E+01
  0.4144E+01
  0.4625E+01
  0.0000E+00
  0.0000E+00
  0.1411E+01
  0.5782E+00
  0.0000E+00
  0.8465E+00
  0.1588E+01
  0.4977E+00
  0.9817E+00
  0.1219E+01
  0.1679E+01
  0.7119E+00
  0.5787E+00
  0.0000E+00
  0.8995E+00
  0.1559E+01
  0.8103E+00
  0.0000E+00
  0.1564E+01
  0.2099E+01
  0.1123E+01
  0.4413E+00
  0.0000E+00
  0.1171E+01
  0.0000E+00
  0.3562E+00
  0.1809E+01
  0.6041E+00
  0.0000E+00
  0.4547E+01
  0.3407E+01
  0.3913E+01
  0.3172E+01
  0.2437E+01
  0.8681E+00
  0.5051E+00
  0.2855E+00
  0.1185E+00
  0.0000E+00
  0.0000E+00
  0.3006E+00
  0.7024E+00
  0.2152E+01
  0.3906E+01
  0.2172E+01
  0.4135E+01
  0.3215E+01
  0.4927E+01
  0.1650E+01
  0.4864E+00
  0.9907E+00
  0.1590E+01
  0.5407E+00
  0.9800E+00
  0.0000E+00
  0.2007E+01
  0.0000E+00
  0.6352E+00
  0.1096E+01
  0.0000E+00
  0.5448E+00
  0.1414E+01
  0.7638E+00
  0.1221E+01
  0.1797E+01
  0.1076E+01
  0.1505E+01
  0.0000E+00
  0.1307E+01
  0.0000E+00
  0.8296E+00
  0.0000E+00
  0.0000E+00
  0.1080E+01
  0.7652E+00
  0.4623E+01
  0.4584E+01
  0.2966E+01
  0.1639E+01
  0.1361E+01
  0.1959E+01
  0.2326E+01
  0.1252E+01
  0.1633E+01
  0.0000E+00
  0.0000E+00
  0.1390E+01
  0.1899E+01
  0.2098E+01
  0.1723E+01
  0.2113E+01
  0.2866E+01
  0.4108E+01
  0.1610E+01
  0.6285E+00
  0.0000E+00
  0.1275E+01
  0.0000E+00
  0.8594E+00
  0.0000E+00
  0.6399E+00
  0.8892E+00
  0.0000E+00
  0.1314E+01
  0.1251E+01
  0.0000E+00
  0.9841E+00
  0.0000E+00
  0.4210E+00
  0.0000E+00
  0.6009E+00
  0.0000E+00
  0.8390E+00
  0.1062E+01
  0.1685E+01
  0.0000E+00
  0.1908E+01
  0.7023E+00
  0.9279E+00
  0.7557E+00
  0.1218E+01
  0.0000E+00
  0.4458E+01
  0.2799E+01
  0.2375E+01
  0.3109E+01
  0.3123E+01
  0.2536E+01
  0.1525E+01
  0.1114E+01
  0.0000E+00
  0.0000E+00
  0.2799E+00
  0.5206E+00
  0.1011E+01
  0.1246E+01
  0.1672E+01
  0.2346E+01
  0.3157E+01
  0.5041E+01
  0.0000E+00
  0.8170E+00
  0.5438E+00
  0.0000E+00
  0.5718E+00
  0.0000E+00
  0.0000E+00
  0.9771E+00
  0.0000E+00
  0.1009E+01
  0.1375E+01
  0.5002E+00
  0.1158E+01
  0.1509E+01
  0.5360E+00
  0.8467E+00
  0.6408E+00
  0.1411E+01
  0.8190E+00
  0.0000E+00
  0.7276E+00
  0.1027E+01
  0.7163E+00
  0.9375E+00
  0.0000E+00
  0.1136E+01
  0.0000E+00
  0.7697E+00
  0.0000E+00
  0.5168E+01
  0.4032E+01
  0.4825E+01
  0.3904E+01
  0.2260E+01
  0.1694E+01
  0.1106E+01
  0.6938E+00
  0.3133E+00
  0.0000E+00
  0.0000E+00
  0.2013E+01
  0.1576E+01
  0.8606E+00
  0.1266E+01
  0.1480E+01
  0.1716E+01
  0.2576E+01
  0.3176E+01
  0.5764E+01
  0.9185E+00
  0.1447E+01
  0.2031E+01
  0.1058E+01
  0.1023E+01
  0.4149E+00
  0.9200E+00
  0.5558E+00
  0.0000E+00
  0.1793E+01
  0.9428E+00
  0.0000E+00
  0.7745E+00
  0.1330E+01
  0.1411E+01
  0.9007E+00
  0.0000E+00
  0.1087E+01
  0.0000E+00
  0.4476E+00
  0.1422E+01
  0.1378E+01
  0.1029E+01
  0.1109E+01
  0.0000E+00
  0.1527E+01
  0.7039E+00
  0.0000E+00
  0.4433E+01
  0.3377E+01
  0.2425E+01
  0.1725E+01
  0.2011E+01
  0.1986E+01
  0.0000E+00
  0.0000E+00
  0.6166E+00
  0.9989E+00
  0.2128E+01
  0.2203E+01
  0.2304E+01
  0.2920E+01
  0.2919E+01
  0.4303E+01
  0.4539E+01
  0.5034E+01
  0.6892E+00
  0.0000E+00
  0.7475E+00
  0.1443E+01
  0.1975E+01
  0.8491E+00
  0.1440E+01
  0.6381E+00
  0.7541E+00
  0.0000E+00
  0.1153E+01
  0.7271E+00
  0.0000E+00
  0.1222E+01
  0.1938E+01
  0.6265E+00
  0.1662E+01
  0.0000E+00
  0.1724E+01
  0.6099E+00
  0.0000E+00
  0.6893E+00
  0.0000E+00
  0.1710E+01
  0.8963E+00
  0.5786E+01
  0.6640E+01
  0.3386E+01
  0.2897E+01
  0.4480E+01
  0.2990E+01
  0.1618E+01
  0.9954E+00
  0.5270E+00
  0.2041E+00
  0.0000E+00
  0.0000E+00
  0.1781E+01
  0.1826E+01
  0.2302E+01
  0.4295E+01
  0.2335E+01
  0.1772E+01
  0.2802E+01
  0.3573E+01
  0.3345E+01
  0.4017E+01
  0.0000E+00
  0.7415E+00
  0.8887E+00
  0.0000E+00
  0.1275E+01
  0.0000E+00
  0.5612E+00
  0.1115E+01
  0.0000E+00
  0.7626E+00
  0.8329E+00
  0.8593E+00
  0.0000E+00
  0.1458E+01
  0.6418E+00
  0.0000E+00
  0.2230E+01
  0.1218E+01
  0.4991E+01
  0.6293E+00
  0.8779E+00
  0.4990E+00
  0.0000E+00
  0.6859E+00
  0.6544E+00
  0.0000E+00
  0.5891E+01
  0.4684E+01
  0.4207E+01
  0.3151E+01
  0.2415E+01
  0.2737E+01
  0.1540E+01
  0.1100E+01
  0.1384E+01
  0.8277E+00
  0.0000E+00
  0.0000E+00
  0.1686E+01
  0.1308E+01
  0.1877E+01
  0.1816E+01
  0.1279E+01
  0.1401E+01
  0.1833E+01
  0.2477E+01
  0.3358E+01
  0.1298E+01
  0.4623E+00
  0.1241E+01
  0.0000E+00
  0.1550E+01
  0.5236E+00
  0.7760E+00
  0.1570E+01
  0.7966E+00
  0.7963E+00
  0.0000E+00
  0.9452E+00
  0.1077E+01
  0.0000E+00
  0.7911E+00
  0.8295E+00
  0.2595E+01
  0.2317E+01
  0.4434E+01
  0.4001E+01
  0.9098E+00
  0.0000E+00
  0.1435E+01
  0.5814E+00
  0.1606E+01
  0.1427E+01
  0.1596E+01
  0.5150E+01
  0.4312E+01
  0.4834E+01
  0.3295E+01
  0.2211E+01
  0.2841E+01
  0.1761E+01
  0.0000E+00
  0.0000E+00
  0.5500E+00
  0.5296E+00
  0.7663E+00
  0.1022E+01
  0.1775E+01
  0.3080E+01
  0.2398E+01
  0.3190E+01
  0.4806E+01
  0.8440E+00
  0.0000E+00
  0.8424E+00
  0.1699E+01
  0.5539E+00
  0.0000E+00
  0.5598E+01
  0.4575E+01
  0.6123E+00
  0.0000E+00
  0.9627E+00
  0.1085E+01
  0.0000E+00
  0.6795E+00
  0.7257E+00
  0.0000E+00
  0.4434E+01
  0.4008E+01
  0.4238E+01
  0.4117E+01
  0.3354E+01
  0.4834E+01
  0.2688E+01
  0.1120E+01
  0.0000E+00
  0.9667E+00
  0.1180E+01
  0.0000E+00
  0.4671E+01
  0.3515E+01
  0.2653E+01
  0.1876E+01
  0.2090E+01
  0.1530E+01
  0.1597E+01
  0.1833E+01
  0.0000E+00
  0.0000E+00
  0.2216E+00
  0.2949E+00
  0.1275E+01
  0.1045E+01
  0.1840E+01
  0.1321E+01
  0.2000E+01
  0.4523E+01
  0.3230E+01
  0.1154E+01
  0.5152E+00
  0.0000E+00
  0.0000E+00
  0.4139E+01
  0.3545E+01
  0.1670E+01
  0.6397E+00
  0.7301E+00
  0.0000E+00
  0.4201E+01
  0.1484E+01
  0.0000E+00
  0.5861E+01
  0.4515E+01
  0.2853E+01
  0.4440E+01
  0.4709E+01
  0.3259E+01
  0.5043E+01
  0.4960E+01
  0.1467E+01
  0.6998E+00
  0.7577E+00
  0.2016E+01
  0.9595E+00
  0.5423E+01
  0.4093E+01
  0.3125E+01
  0.2019E+01
  0.1384E+01
  0.1102E+01
  0.7684E+00
  0.4501E+00
  0.1725E+00
  0.0000E+00
  0.0000E+00
  0.1171E+01
  0.3064E+01
  0.2625E+01
  0.2624E+01
  0.2346E+01
  0.1867E+01
  0.2580E+01
  0.3438E+01
  0.4616E+01
  0.0000E+00
  0.0000E+00
  0.4152E+01
  0.3905E+01
  0.3737E+01
  0.3887E+01
  0.5465E+01
  0.4329E+01
  0.5102E+01
  0.4831E+01
  0.3660E+01
  0.4158E+01
  0.4852E+01
  0.4795E+01
  0.4484E+01
  0.3050E+01
  0.3370E+01
  0.3283E+01
  0.4276E+01
  0.3616E+01
  0.4364E+01
  0.3990E+01
  0.4441E+01
  0.4212E+01
  0.3604E+01
  0.4450E+01
  0.5097E+01
  0.3206E+01
  0.2206E+01
  0.2542E+01
  0.1133E+01
  0.1993E+01
  0.0000E+00
  0.0000E+00
  0.2627E+01
  0.1568E+01
  0.1898E+01
  0.2079E+01
  0.3408E+01
  0.4017E+01
  0.2518E+01
  0.3775E+01
  0.4945E+01
  0.1186E+01
  0.1051E+01
  0.4399E+01
  0.2950E+01
  0.2841E+01
  0.3045E+01
  0.2662E+01
  0.4474E+01
  0.4006E+01
  0.4044E+01
  0.3824E+01
  0.3698E+01
  0.2844E+01
  0.3835E+01
  0.4820E+01
  0.4593E+01
  0.3477E+01
  0.2836E+01
  0.2209E+01
  0.2398E+01
  0.2222E+01
  0.2893E+01
  0.4225E+01
  0.4855E+01
  0.3253E+01
  0.3665E+01
  0.2889E+01
  0.4856E+01
  0.4661E+01
  0.4731E+01
  0.3872E+01
  0.2975E+01
  0.2533E+01
  0.2160E+01
  0.2980E+01
  0.0000E+00
  0.0000E+00
  0.4632E+00
  0.9394E+00
  0.1411E+01
  0.2129E+01
  0.3955E+01
  0.3307E+01
  0.3689E+01
  0.3812E+01
  0.3829E+01
  0.4033E+01
  0.4533E+01
  0.2873E+01
  0.2152E+01
  0.2066E+01
  0.3477E+01
  0.6147E+01
  0.3053E+01
  0.3078E+01
  0.2892E+01
  0.2896E+01
  0.3328E+01
  0.3864E+01
  0.2986E+01
  0.2113E+01
  0.2197E+01
  0.1696E+01
  0.2362E+01
  0.3904E+01
  0.3980E+01
  0.3047E+01
  0.2888E+01
  0.3140E+01
  0.2506E+01
  0.3369E+01
  0.3688E+01
  0.5017E+01
  0.4197E+01
  0.2550E+01
  0.3584E+01
  0.2110E+01
  0.2187E+01
  0.1406E+01
  0.3211E+00
  0.0000E+00
  0.0000E+00
  0.1611E+01
  0.2456E+01
  0.2432E+01
  0.3331E+01
  0.2909E+01
  0.4396E+01
  0.3860E+01
  0.3213E+01
  0.2688E+01
  0.3423E+01
  0.3945E+01
  0.2218E+01
  0.1722E+01
  0.2445E+01
  0.2951E+01
  0.4353E+01
  0.3572E+01
  0.2489E+01
  0.2374E+01
  0.2179E+01
  0.2549E+01
  0.2967E+01
  0.3229E+01
  0.3550E+01
  0.1649E+01
  0.1839E+01
  0.2662E+01
  0.5438E+01
  0.2769E+01
  0.2329E+01
  0.2040E+01
  0.2983E+01
  0.3533E+01
  0.3851E+01
  0.3013E+01
  0.2632E+01
  0.1705E+01
  0.1117E+01
  0.1612E+01
  0.2509E+01
  0.9461E+00
  0.0000E+00
  0.0000E+00
  0.3029E+00
  0.1348E+01
  0.2609E+01
  0.1672E+01
  0.2198E+01
  0.3204E+01
  0.3584E+01
  0.3035E+01
  0.2704E+01
  0.2281E+01
  0.2672E+01
  0.4259E+01
  0.2964E+01
  0.1689E+01
  0.1757E+01
  0.2227E+01
  0.4074E+01
  0.3524E+01
  0.4490E+01
  0.2949E+01
  0.2094E+01
  0.1867E+01
  0.2206E+01
  0.4072E+01
  0.2075E+01
  0.3057E+01
  0.1264E+01
  0.2600E+01
  0.3482E+01
  0.3394E+01
  0.3809E+01
  0.2244E+01
  0.3671E+01
  0.1910E+01
  0.2734E+01
  0.2482E+01
  0.4772E+01
  0.3552E+01
  0.2337E+01
  0.1373E+01
  0.8053E+00
  0.4337E+00
  0.1254E+00
  0.0000E+00
  0.0000E+00
  0.7437E+00
  0.6454E+00
  0.1003E+01
  0.1683E+01
  0.2600E+01
  0.4350E+01
  0.2198E+01
  0.2008E+01
  0.1893E+01
  0.2889E+01
  0.4016E+01
  0.2052E+01
  0.1345E+01
  0.2282E+01
  0.2677E+01
  0.5430E+01
  0.2971E+01
  0.2102E+01
  0.1829E+01
  0.1733E+01
  0.2475E+01
  0.3387E+01
  0.1820E+01
  0.2831E+01
  0.2705E+01
  0.2940E+01
  0.2978E+01
  0.3277E+01
  0.1862E+01
  0.3000E+01
  0.2631E+01
  0.1470E+01
  0.2883E+01
  0.1798E+01
  0.3048E+01
  0.4092E+01
  0.2969E+01
  0.1993E+01
  0.1806E+01
  0.1801E+01
  0.1662E+01
  0.0000E+00
  0.0000E+00
  0.1226E+01
  0.2758E+01
  0.2082E+01
  0.1415E+01
  0.2480E+01
  0.4524E+01
  0.3594E+01
  0.1928E+01
  0.1685E+01
  0.1550E+01
  0.1823E+01
  0.4179E+01
  0.2175E+01
  0.1529E+01
  0.1489E+01
  0.1764E+01
  0.2958E+01
  0.5409E+01
  0.3044E+01
  0.1649E+01
  0.1420E+01
  0.2300E+01
  0.3216E+01
  0.2052E+01
  0.1476E+01
  0.1990E+01
  0.1037E+01
  0.2256E+01
  0.3557E+01
  0.2249E+01
  0.3608E+01
  0.1550E+01
  0.2586E+01
  0.1231E+01
  0.1441E+01
  0.2465E+01
  0.3387E+01
  0.3876E+01
  0.2498E+01
  0.3299E+01
  0.3213E+01
  0.2343E+01
  0.1954E+01
  0.2438E+01
  0.1002E+01
  0.0000E+00
  0.0000E+00
  0.3198E+00
  0.9767E+00
  0.3290E+01
  0.2451E+01
  0.3451E+01
  0.4347E+01
  0.3468E+01
  0.3634E+01
  0.1515E+01
  0.1247E+01
  0.4000E+01
  0.3820E+01
  0.2925E+01
  0.1972E+01
  0.1085E+01
  0.2920E+01
  0.3147E+01
  0.3713E+01
  0.3937E+01
  0.2718E+01
  0.2443E+01
  0.1365E+01
  0.1137E+01
  0.2487E+01
  0.2625E+01
  0.1175E+01
  0.1164E+01
  0.1764E+01
  0.3991E+01
  0.2579E+01
  0.2793E+01
  0.2364E+01
  0.1325E+01
  0.2321E+01
  0.1235E+01
  0.2138E+01
  0.4108E+01
  0.2665E+01
  0.1868E+01
  0.3624E+01
  0.4455E+01
  0.2999E+01
  0.1229E+01
  0.6093E+00
  0.0000E+00
  0.0000E+00
  0.1830E+01
  0.1919E+01
  0.3301E+01
  0.2990E+01
  0.3195E+01
  0.4111E+01
  0.3352E+01
  0.1093E+01
  0.1105E+01
  0.2123E+01
  0.3134E+01
  0.1636E+01
  0.2399E+01
  0.1981E+01
  0.2297E+01
  0.3040E+01
  0.4139E+01
  0.5913E+01
  0.2097E+01
  0.1013E+01
  0.1802E+01
  0.2571E+01
  0.9623E+00
  0.8421E+00
  0.2376E+01
  0.3637E+01
  0.1614E+01
  0.3671E+01
  0.1074E+01
  0.9218E+00
  0.1025E+01
  0.3438E+01
  0.3794E+01
  0.1968E+01
  0.3180E+01
  0.3744E+01
  0.3627E+01
  0.1768E+01
  0.2614E+01
  0.0000E+00
  0.0000E+00
  0.5648E+00
  0.2004E+01
  0.3399E+01
  0.3472E+01
  0.2311E+01
  0.2408E+01
  0.2350E+01
  0.2493E+01
  0.8919E+00
  0.2315E+01
  0.2481E+01
  0.1132E+01
  0.8603E+00
  0.2906E+01
  0.1928E+01
  0.2592E+01
  0.2449E+01
  0.3108E+01
  0.2315E+01
  0.9001E+00
  0.1738E+01
  0.7959E+00
  0.7308E+00
  0.1238E+01
  0.2893E+01
  0.2867E+01
  0.1391E+01
  0.2679E+01
  0.3473E+01
  0.3395E+01
  0.7128E+00
  0.2008E+01
  0.2900E+01
  0.1242E+01
  0.2450E+01
  0.2213E+01
  0.2110E+01
  0.1471E+01
  0.9950E+00
  0.5478E+00
  0.0000E+00
  0.0000E+00
  0.1280E+01
  0.3171E+01
  0.3164E+01
  0.1739E+01
  0.3267E+01
  0.1563E+01
  0.7750E+00
  0.2736E+01
  0.3089E+01
  0.2039E+01
  0.6669E+00
  0.1527E+01
  0.2856E+01
  0.1698E+01
  0.3712E+01
  0.1774E+01
  0.2549E+01
  0.2302E+01
  0.1918E+01
  0.2842E+01
  0.1176E+01
  0.5982E+00
  0.1928E+01
  0.3416E+01
  0.4164E+01
  0.1716E+01
  0.1213E+01
  0.4160E+01
  0.1891E+01
  0.6154E+00
  0.2495E+01
  0.2780E+01
  0.3298E+01
  0.1467E+01
  0.1729E+01
  0.1615E+01
  0.3435E+01
  0.1984E+01
  0.1509E+01
  0.3650E+00
  0.0000E+00
  0.0000E+00
  0.2075E+01
  0.2583E+01
  0.3296E+01
  0.1560E+01
  0.1524E+01
  0.2114E+01
  0.3880E+01
  0.2160E+01
  0.6352E+00
  0.1776E+01
  0.3396E+01
  0.2008E+01
  0.5731E+00
  0.2965E+01
  0.1311E+01
  0.2381E+01
  0.2369E+01
  0.1234E+01
  0.2916E+01
  0.6930E+00
  0.1146E+01
  0.3198E+01
  0.1208E+01
  0.4762E+00
  0.2022E+01
  0.3282E+01
  0.1589E+01
  0.9572E+00
  0.2475E+01
  0.2806E+01
  0.9027E+00
  0.5354E+00
  0.1611E+01
  0.1924E+01
  0.2992E+01
  0.3166E+01
  0.2300E+01
  0.9054E+00
  0.2044E+01
  0.3742E+01
  0.4443E+01
  0.2563E+01
  0.7788E+00
  0.0000E+00
  0.0000E+00
  0.4347E+00
  0.1554E+01
  0.2241E+01
  0.2205E+01
  0.9611E+00
  0.1092E+01
  0.2656E+01
  0.2822E+01
  0.2240E+01
  0.1978E+01
  0.4288E+01
  0.1760E+01
  0.1945E+01
  0.5149E+00
  0.1765E+01
  0.2494E+01
  0.8652E+00
  0.1382E+01
  0.1317E+01
  0.1831E+01
  0.1321E+01
  0.5758E+00
  0.8787E+00
  0.3550E+01
  0.3328E+01
  0.1783E+01
  0.1577E+01
  0.2695E+01
  0.2658E+01
  0.7970E+00
  0.1988E+01
  0.2988E+01
  0.1467E+01
  0.4456E+00
  0.1336E+01
  0.2467E+01
  0.2113E+01
  0.3891E+01
  0.7004E+00
  0.2426E+01
  0.3160E+01
  0.3006E+01
  0.1986E+01
  0.4344E+00
  0.0000E+00
  0.0000E+00
  0.1595E+01
  0.2586E+01
  0.2743E+01
  0.6519E+00
  0.1746E+01
  0.1695E+01
  0.1981E+01
  0.4310E+00
  0.1865E+01
  0.2159E+01
  0.1185E+01
  0.1364E+01
  0.3650E+00
  0.2179E+01
  0.7317E+00
  0.2837E+01
  0.8164E+00
  0.1630E+01
  0.1664E+01
  0.4212E+00
  0.2210E+01
  0.2015E+01
  0.1957E+01
  0.3317E+00
  0.1359E+01
  0.2516E+01
  0.1463E+01
  0.1927E+01
  0.6807E+00
  0.2695E+01
  0.2413E+01
  0.1147E+01
  0.7545E+00
  0.2689E+01
  0.1414E+01
  0.2077E+01
  0.5436E+00
  0.2328E+01
  0.1721E+01
  0.2972E+01
  0.8916E+00
  0.0000E+00
  0.0000E+00
  0.5271E+00
  0.1850E+01
  0.1917E+01
  0.1608E+01
  0.5569E+00
  0.2940E+01
  0.1150E+01
  0.2301E+01
  0.3139E+00
  0.2260E+01
  0.1397E+01
  0.7784E+00
  0.1930E+01
  0.2665E+00
  0.1743E+01
  0.1471E+01
  0.5589E+00
  0.1044E+01
  0.2397E+01
  0.1132E+01
  0.1275E+01
  0.2620E+01
  0.3416E+00
  0.2116E+01
  0.2306E+01
  0.2462E+00
  0.1957E+01
  0.8635E+00
  0.5051E+00
  0.1075E+01
  0.1707E+01
  0.1675E+01
  0.2018E+01
  0.2749E+00
  0.1823E+01
  0.3058E+01
  0.1108E+01
  0.2253E+01
  0.4046E+00
  0.1150E+01
  0.1791E+01
  0.2036E+01
  0.1106E+01
  0.1800E+01
  0.0000E+00
  0.0000E+00
  0.2288E+01
  0.7719E+00
  0.1625E+01
  0.3299E+00
  0.2373E+01
  0.6201E+00
  0.1820E+00
  0.2197E+01
  0.5555E+00
  0.1602E+01
  0.1985E+01
  0.9010E+00
  0.3709E+00
  0.2447E+01
  0.1898E+01
  0.3785E+00
  0.2380E+01
  0.1848E+01
  0.2278E+00
  0.8385E+00
  0.1792E+01
  0.1742E+00
  0.1978E+01
  0.6071E+00
  0.9898E+00
  0.3079E+00
  0.1185E+01
  0.8142E+00
  0.2362E+01
  0.1770E+00
  0.1498E+01
  0.1396E+01
  0.6021E+00
  0.1318E+01
  0.2800E+00
  0.8228E+00
  0.2143E+01
  0.1627E+01
  0.5793E+00
  0.2312E+01
  0.0000E+00
  0.0000E+00
  0.7607E+00
  0.4233E+00
  0.8982E+00
  0.1653E+00
  0.1017E+01
  0.8249E+00
  0.3615E+00
  0.7178E+00
  0.1446E+01
  0.1249E+01
  0.4394E+00
  0.9160E+00
  0.3060E+00
  0.7494E-01
  0.7232E+00
  0.1427E+00
  0.5263E+00
  0.4998E+00
  0.1331E+00
  0.1093E+01
  0.5794E+00
  0.8692E+00
  0.9212E-01
  0.4435E+00
  0.6117E+00
  0.7463E-01
  0.5686E+00
  0.3235E+00
  0.1434E+00
  0.7944E+00
  0.3186E+00
  0.8264E+00
  0.7326E-01
  0.8808E+00
  0.4099E+00
  0.2807E+00
  0.1376E+01
  0.1070E+00
  0.3960E+00
  0.8417E+00
  0.2660E+00
  0.1318E+01
  0.0000E+00
  0.0000E+00
  0.0000E+00
  0.0000E+00
  0.0000E+00
  0.0000E+00
  0.0000E+00
  0.0000E+00
  0.0000E+00
  0.0000E+00
  0.0000E+00
  0.0000E+00
  0.0000E+00
  0.0000E+00
  0.0000E+00
  0.0000E+00
  0.0000E+00
  0.0000E+00
  0.0000E+00
  0.0000E+00
  0.0000E+00
  0.0000E+00
  0.0000E+00
  0.0000E+00
  0.0000E+00
  0.0000E+00
  0.0000E+00
  0.0000E+00
  0.0000E+00
  0.0000E+00
  0.0000E+00
  0.0000E+00
  0.0000E+00
  0.0000E+00
  0.0000E+00
  0.0000E+00
  0.0000E+00
  0.0000E+00
  0.0000E+00
  0.0000E+00
  0.0000E+00
  0.0000E+00
  0.0000E+00
  0.0000E+00
  0.0000E+00
  0.0000E+00
  0.0000E+00
  0.0000E+00
  0.0000E+00
  0.0000E+00
  0.0000E+00
  0.0000E+00
  0.0000E+00
  0.0000E+00
  0.0000E+00
  0.0000E+00
  0.0000E+00
  0.0000E+00
  0.0000E+00
  0.0000E+00
  0.0000E+00
  0.0000E+00
  0.0000E+00
  0.0000E+00
  0.0000E+00
  0.0000E+00
  0.0000E+00
  0.0000E+00
  0.0000E+00
  0.0000E+00
  0.0000E+00
  0.0000E+00
  0.0000E+00
  0.0000E+00
  0.0000E+00
  0.0000E+00
  0.0000E+00
  0.0000E+00
  0.0000E+00
  0.0000E+00
  0.0000E+00
  0.1292E+01
  0.2260E+01
  0.9109E+00
  0.5107E+00
  0.1291E+01
  0.1177E+01
  0.1092E+01
  0.3944E+00
  0.7801E+00
  0.1172E+01
  0.1439E+01
  0.9718E+00
  0.1079E+01
  0.1728E+01
  0.2167E+01
  0.1926E+01
  0.9061E+00
  0.1489E+01
  0.1674E+01
  0.2574E+01
  0.1569E+01
  0.3211E+01
  0.2896E+01
  0.1710E+01
  0.1177E+01
  0.2034E+01
  0.2185E+01
  0.2334E+01
  0.2334E+01
  0.3148E+01
  0.4506E+01
  0.1082E+01
  0.4586E+01
  0.2592E+01
  0.2224E+01
 CELL_DATA       2344
SCALARS strahler float 1
LOOKUP_TABLE default
  1
  1
  1
  1
  2
  1
  2
  1
  1
  2
  1
  1
  1
  1
  3
  1
  1
  1
  1
  3
  1
  1
  1
  1
  1
  3
  1
  1
  1
  2
  1
  1
  1
  1
  3
  1
  1
  1
  1
  1
  3
  1
  1
  1
  1
  1
  3
  1
  2
  1
  1
  3
  1
  1
  1
  2
  1
  1
  1
  3
  1
  1
  1
  1
  3
  1
  1
  1
  2
  1
  1
  2
  1
  1
  1
  2
  1
  1
  1
  1
  1
  1
  2
  2
  1
  2
  1
  1
  3
  1
  1
  3
  1
  1
  3
  1
  2
  1
  1
  3
  1
  1
  3
  1
  1
  3
  2
  1
  3
  1
  2
  1
  3
  3
  1
  3
  1
  2
  1
  2
  1
  2
  1
  1
  1
  1
  1
  2
  2
  1
  1
  1
  1
  3
  1
  1
  1
  3
  1
  1
  3
  1
  1
  1
  3
  1
  1
  3
  2
  1
  3
  2
  1
  1
  3
  1
  3
  1
  1
  1
  2
  1
  2
  1
  1
  1
  1
  1
  1
  2
  1
  1
  1
  3
  1
  2
  1
  1
  1
  3
  1
  1
  1
  3
  1
  1
  1
  1
  3
  1
  1
  1
  1
  3
  1
  1
  2
  1
  1
  3
  1
  1
  1
  2
  1
  1
  1
  1
  1
  1
  1
  1
  1
  1
  1
  2
  3
  1
  2
  1
  1
  3
  2
  1
  1
  3
  1
  1
  1
  3
  1
  1
  1
  3
  1
  1
  3
  2
  1
  2
  1
  2
  3
  3
  1
  1
  1
  1
  1
  1
  1
  1
  2
  2
  1
  1
  1
  1
  1
  1
  3
  1
  1
  1
  1
  3
  2
  1
  1
  1
  1
  3
  1
  1
  1
  3
  1
  1
  1
  3
  1
  1
  2
  1
  1
  1
  2
  3
  1
  3
  2
  1
  1
  2
  1
  1
  2
  2
  2
  1
  1
  1
  1
  1
  1
  1
  2
  3
  1
  1
  2
  1
  2
  1
  2
  1
  1
  3
  2
  1
  1
  3
  1
  1
  3
  3
  1
  1
  1
  1
  1
  1
  1
  1
  2
  1
  1
  2
  1
  1
  1
  1
  1
  1
  1
  1
  2
  1
  1
  1
  3
  1
  1
  1
  1
  1
  3
  1
  2
  1
  1
  1
  1
  3
  1
  1
  3
  1
  1
  1
  1
  1
  1
  1
  3
  3
  1
  1
  2
  1
  1
  1
  2
  2
  1
  1
  2
  1
  1
  1
  1
  3
  1
  1
  1
  1
  1
  1
  1
  1
  3
  2
  1
  1
  3
  1
  1
  3
  1
  1
  3
  2
  1
  1
  1
  3
  2
  1
  1
  1
  1
  1
  1
  1
  1
  2
  1
  1
  1
  3
  1
  1
  1
  2
  2
  1
  1
  1
  3
  1
  1
  1
  2
  2
  1
  1
  3
  1
  2
  1
  1
  2
  3
  1
  1
  1
  1
  1
  1
  3
  1
  1
  1
  1
  2
  1
  1
  3
  3
  3
  1
  2
  1
  1
  1
  2
  1
  1
  1
  1
  1
  3
  1
  1
  1
  3
  2
  1
  1
  3
  1
  2
  2
  1
  1
  1
  1
  1
  1
  1
  3
  2
  1
  2
  1
  1
  2
  2
  3
  3
  3
  3
  1
  1
  1
  1
  1
  2
  2
  1
  1
  1
  1
  1
  1
  3
  2
  1
  1
  1
  1
  1
  2
  1
  1
  1
  2
  2
  1
  2
  1
  2
  3
  1
  1
  1
  2
  2
  1
  1
  1
  1
  2
  1
  1
  1
  1
  1
  1
  1
  1
  1
  1
  1
  1
  1
  2
  1
  1
  1
  3
  1
  1
  1
  3
  1
  1
  1
  1
  2
  1
  1
  2
  1
  3
  2
  1
  1
  2
  2
  1
  1
  1
  1
  1
  1
  1
  1
  1
  1
  1
  1
  1
  1
  1
  1
  1
  1
  1
  1
  1
  1
  1
  1
  2
  2
  1
  1
  2
  2
  1
  1
  1
  2
  1
  1
  1
  2
  2
  1
  2
  1
  1
  1
  1
  1
  1
  1
  1
  1
  2
  3
  3
  3
  3
  3
  3
  2
  2
  2
  2
  2
  2
  1
  1
  1
  1
  1
  2
  3
  1
  2
  2
  2
  1
  1
  2
  1
  1
  1
  2
  2
  1
  2
  1
  1
  1
  1
  2
  1
  1
  1
  1
  2
  2
  1
  1
  1
  1
  2
  2
  1
  1
  1
  1
  1
  1
  2
  2
  1
  1
  2
  1
  3
  1
  2
  1
  2
  1
  1
  1
  1
  1
  1
  2
  1
  1
  1
  1
  2
  1
  1
  1
  1
  1
  1
  1
  1
  1
  1
  1
  1
  1
  1
  1
  1
  1
  1
  1
  1
  1
  1
  1
  1
  2
  1
  1
  1
  1
  1
  2
  1
  2
  1
  1
  1
  1
  1
  1
  1
  1
  2
  1
  1
  1
  1
  2
  1
  2
  1
  1
  1
  1
  1
  1
  2
  2
  1
  1
  1
  1
  1
  1
  1
  2
  1
  1
  1
  1
  2
  1
  2
  1
  2
  2
  1
  1
  2
  1
  1
  1
  1
  1
  1
  1
  1
  1
  1
  1
  1
  2
  1
  1
  1
  1
  1
  1
  1
  1
  1
  1
  1
  2
  2
  2
  2
  2
  1
  1
  3
  3
  3
  3
  2
  1
  1
  1
  1
  2
  1
  2
  2
  1
  1
  1
  1
  1
  1
  1
  2
  2
  2
  2
  2
  1
  1
  1
  1
  1
  1
  1
  1
  1
  1
  1
  1
  2
  1
  1
  1
  1
  1
  1
  1
  1
  3
  3
  1
  1
  3
  1
  1
  2
  1
  1
  1
  1
  1
  1
  1
  1
  1
  1
  1
  1
  1
  1
  1
  1
  2
  1
  1
  2
  1
  1
  1
  2
  1
  2
  1
  1
  1
  2
  2
  2
  1
  1
  1
  1
  1
  1
  1
  1
  1
  1
  1
  1
  2
  2
  1
  2
  1
  1
  1
  1
  1
  1
  1
  2
  1
  1
  1
  1
  1
  1
  2
  1
  1
  2
  1
  2
  1
  1
  1
  1
  2
  1
  2
  2
  2
  2
  3
  3
  1
  1
  1
  1
  1
  1
  1
  1
  1
  1
  1
  1
  1
  2
  2
  1
  1
  1
  1
  1
  1
  1
  1
  1
  2
  2
  1
  1
  1
  2
  1
  1
  1
  1
  1
  1
  1
  1
  1
  1
  1
  1
  1
  1
  2
  3
  1
  1
  1
  1
  1
  1
  1
  1
  1
  1
  1
  1
  1
  1
  2
  1
  1
  2
  2
  1
  1
  1
  1
  1
  1
  1
  1
  2
  1
  1
  1
  2
  1
  1
  1
  2
  2
  1
  2
  1
  1
  2
  1
  1
  1
  1
  1
  1
  2
  3
  3
  3
  3
  1
  1
  1
  1
  1
  1
  1
  1
  1
  1
  1
  1
  1
  1
  1
  1
  1
  1
  1
  1
  2
  1
  1
  1
  1
  1
  1
  1
  1
  1
  1
  1
  1
  2
  1
  1
  1
  1
  1
  2
  2
  1
  1
  1
  1
  1
  1
  1
  1
  1
  2
  2
  1
  1
  1
  1
  2
  1
  1
  1
  2
  1
  1
  2
  1
  1
  1
  1
  2
  1
  2
  1
  2
  1
  1
  1
  1
  1
  1
  1
  1
  1
  1
  1
  2
  2
  1
  1
  1
  1
  1
  1
  3
  3
  3
  2
  2
  2
  2
  2
  1
  2
  1
  1
  1
  1
  1
  2
  1
  2
  1
  1
  2
  1
  1
  2
  1
  1
  1
  1
  2
  1
  1
  1
  1
  2
  1
  1
  1
  1
  1
  1
  1
  1
  2
  2
  3
  3
  3
  3
  1
  1
  1
  3
  3
  2
  2
  1
  1
  1
  1
  1
  1
  1
  1
  2
  1
  1
  2
  1
  1
  2
  1
  1
  1
  1
  1
  1
  3
  2
  1
  1
  1
  1
  1
  1
  1
  2
  1
  1
  2
  2
  1
  1
  1
  2
  2
  1
  1
  1
  1
  1
  1
  1
  1
  1
  1
  2
  1
  1
  1
  1
  1
  1
  1
  2
  1
  1
  2
  1
  1
  2
  1
  2
  1
  1
  2
  1
  2
  1
  1
  1
  1
  2
  2
  1
  1
  2
  2
  3
  3
  3
  1
  1
  1
  1
  1
  1
  1
  1
  1
  1
  1
  2
  1
  1
  1
  1
  2
  2
  1
  2
  1
  1
  1
  2
  1
  1
  1
  1
  2
  1
  1
  1
  1
  1
  2
  1
  2
  1
  1
  1
  1
  1
  1
  2
  2
  1
  1
  1
  1
  1
  1
  1
  1
  3
  3
  3
  2
  1
  1
  2
  1
  1
  1
  1
  1
  1
  1
  1
  2
  1
  1
  1
  1
  1
  1
  1
  1
  1
  1
  2
  1
  1
  1
  1
  1
  1
  1
  1
  1
  1
  1
  1
  1
  1
  1
  4
  4
  4
  1
  1
  2
  1
  1
  1
  2
  1
  1
  2
  2
  1
  1
  1
  2
  1
  1
  2
  1
  1
  1
  1
  1
  1
  1
  1
  1
  1
  1
  2
  1
  1
  2
  1
  1
  1
  1
  1
  1
  1
  1
  1
  4
  4
  4
  1
  2
  1
  3
  2
  1
  1
  1
  1
  1
  1
  1
  1
  1
  1
  1
  2
  1
  1
  1
  1
  1
  2
  1
  1
  1
  1
  1
  1
  1
  1
  1
  1
  1
  1
  1
  1
  2
  2
  2
  3
  3
  3
  1
  1
  1
  1
  1
  1
  2
  2
  1
  1
  1
  2
  1
  1
  1
  1
  1
  1
  1
  1
  1
  1
  1
  1
  1
  1
  1
  1
  1
  2
  1
  1
  1
  1
  1
  1
  1
  1
  1
  1
  2
  1
  1
  1
  1
  1
  1
  1
  1
  1
  2
  1
  1
  1
  1
  1
  1
  2
  1
  2
  1
  1
  1
  1
  1
  2
  1
  1
  1
  1
  1
  2
  1
  2
  2
  1
  1
  1
  1
  2
  1
  1
  1
  1
  1
  1
  1
  1
  1
  2
  2
  2
  2
  2
  1
  1
  1
  1
  1
  1
  1
  2
  2
  2
  1
  1
  2
  2
  1
  1
  1
  1
  2
  1
  1
  2
  2
  1
  1
  1
  1
  1
  2
  1
  1
  1
  1
  1
  1
  1
  1
  2
  2
  2
  1
  1
  1
  1
  1
  1
  1
  1
  1
  2
  1
  1
  2
  2
  1
  1
  1
  1
  2
  2
  2
  1
  1
  1
  1
  2
  2
  1
  1
  2
  2
  2
  1
  1
  1
  2
  2
  2
  2
  1
  1
  1
  1
  3
  3
  1
  1
  1
  1
  1
  1
  1
  1
  2
  1
  1
  1
  3
  2
  1
  1
  1
  1
  1
  2
  2
  2
  1
  2
  1
  3
  1
  1
  1
  1
  1
  1
  2
  1
  1
  1
  1
  1
  2
  3
  3
  3
  3
  1
  1
  3
  3
  2
  2
  1
  1
  1
  2
  1
  1
  2
  3
  1
  2
  1
  1
  2
  2
  2
  1
  1
  2
  1
  1
  1
  1
  1
  2
  1
  1
  3
  1
  2
  1
  1
  1
  2
  1
  1
  1
  1
  1
  1
  1
  1
  2
  1
  1
  1
  2
  1
  3
  2
  1
  1
  2
  2
  2
  1
  1
  1
  3
  3
  1
  1
  1
  2
  1
  3
  1
  1
  2
  1
  2
  1
  3
  2
  1
  1
  1
  1
  1
  1
  1
  1
  1
  1
  1
  2
  2
  2
  1
  1
  1
  1
  1
  1
  2
  3
  1
  1
  1
  1
  3
  1
  1
  1
  1
  1
  1
  3
  3
  1
  1
  2
  1
  2
  1
  1
  1
  1
  2
  1
  2
  1
  1
  1
  2
  1
  1
  1
  1
  1
  1
  1
  1
  2
  1
  1
  1
  1
  1
  2
  3
  1
  1
  1
  1
  1
  2
  1
  1
  1
  1
  4
  1
  1
  2
  3
  1
  1
  2
  1
  2
  3
  2
  1
  1
  2
  1
  1
  1
  1
  1
  1
  2
  2
  1
  1
  1
  1
  2
  1
  1
  3
  1
  1
  2
  3
  1
  2
  1
  2
  1
  1
  4
  1
  2
  3
  2
  1
  1
  2
  1
  1
  1
  3
  1
  1
  3
  1
  1
  1
  1
  2
  2
  2
  1
  2
  1
  1
  2
  1
  2
  3
  1
  1
  1
  3
  1
  1
  2
  1
  2
  1
  1
  1
  1
  1
  3
  1
  1
  1
  1
  2
  1
  2
  3
  1
  1
  1
  2
  1
  2
  1
  1
  1
  1
  1
  1
  1
  1
  1
  1
  2
  1
  1
  1
  3
  1
  1
  1
  3
  1
  2
  1
  1
  2
  1
  4
  2
  1
  1
  3
  1
  1
  1
  2
  1
  1
  2
  3
  1
  1
  1
  1
  1
  2
  1
  1
  1
  1
  1
  1
  1
  1
  1
  1
  1
  2
  2
  1
  1
  1
  1
  1
  2
  1
  3
  1
  1
  3
  1
  1
  1
  1
  4
  2
  1
  1
  1
  1
  1
  1
  2
  1
  1
  1
  3
  1
  1
  1
  1
  3
  1
  1
  1
  1
  2
  2
  1
  1
  1
  1
  3
  1
  1
  1
  3
  1
  1
  2
  1
  3
  1
  3
  1
  2
  1
  1
  4
  1
  1
  1
  3
  1
  1
  2
  1
  2
  1
  1
  1
  2
  1
  2
  1
  3
  1
  2
  1
  1
  1
  2
  2
  1
  1
  1
  3
  1
  1
  1
  3
  1
  1
  2
  1
  3
  1
  1
  3
  1
  1
  1
  1
  1
  4
  1
  1
  3
  1
  2
  2
  1
  1
  1
  1
  3
  1
  1
  2
  1
  3
  1
  1
  1
  2
  1
  1
  1
  1
  2
  1
  3
  1
  2
  3
  1
  2
  1
  1
  1
  3
  1
  1
  2
  1
  1
  4
  1
  1
  3
  1
  2
  1
  2
  1
  2
  1
  3
  1
  1
  3
  1
  3
  1
  1
  1
  2
  1
  1
  1
  1
  2
  1
  3
  1
  1
  2
  1
  1
  1
  1
  1
  2
  3
  1
  3
  1
  1
  2
  1
  1
  1
  4
  1
  1
  3
  1
  2
  2
  1
  2
  1
  3
  1
  1
  3
  1
  3
  1
  1
  2
  1
  1
  1
  1
  1
  1
  2
  1
  1
  1
  3
  1
  1
  1
  1
  2
  1
  1
  3
  1
  1
  1
  1
  1
  2
  1
  3
  1
  1
  1
  3
  1
  1
  1
  1
  1
  2
  1
  1
  1
  1
  1
  1
  4
  1
  1
  1
  1
  3
  1
  1
  1
  2
  1
  2
  1
  1
  1
  2
  1
  1
  1
  3
  1
  1
  1
  1
  1
  3
  1
  1
  3
  1
  1
  1
  1
  1
  2
  1
  1
  1
  1
  1
  1
  1
  3
  1
  2
  1
  3
  1
  1
  1
  3
  2
  1
  1
  1
  3
  1
  2
  1
  2
  1
  1
  1
  3
  1
  1
  2
  1
  1
  1
  1
  1
  2
  2
