# vtk DataFile Version 3.0
rivers
ASCII
DATASET UNSTRUCTURED_GRID
POINTS       4000 float
           0.000           0.000           0.000
        1012.658           0.000           0.000
        2025.317           0.000           0.000
        3037.975           0.000           0.000
        4050.633           0.000           0.000
        5063.291           0.000           0.000
        6075.949           0.000           0.000
        7088.608           0.000           0.000
        8101.266           0.000           0.000
        9113.924           0.000           0.000
       10126.582           0.000           0.000
       11139.240           0.000           0.000
       12151.898           0.000           0.000
       13164.557           0.000           0.000
       14177.215           0.000           0.000
       15189.873           0.000           0.000
       16202.532           0.000           0.000
       17215.190           0.000           0.000
       18227.848           0.000           0.000
       19240.507           0.000           0.000
       20253.165           0.000           0.000
       21265.824           0.000           0.000
       22278.481           0.000           0.000
       23291.140           0.000           0.000
       24303.796           0.000           0.000
       25316.455           0.000           0.000
       26329.114           0.000           0.000
       27341.771           0.000           0.000
       28354.430           0.000           0.000
       29367.089           0.000           0.000
       30379.746           0.000           0.000
       31392.405           0.000           0.000
       32405.064           0.000           0.000
       33417.721           0.000           0.000
       34430.380           0.000           0.000
       35443.039           0.000           0.000
       36455.696           0.000           0.000
       37468.355           0.000           0.000
       38481.014           0.000           0.000
       39493.670           0.000           0.000
       40506.330           0.000           0.000
       41518.989           0.000           0.000
       42531.648           0.000           0.000
       43544.302           0.000           0.000
       44556.961           0.000           0.000
       45569.620           0.000           0.000
       46582.279           0.000           0.000
       47594.938           0.000           0.000
       48607.593           0.000           0.000
       49620.252           0.000           0.000
       50632.911           0.000           0.000
       51645.570           0.000           0.000
       52658.229           0.000           0.000
       53670.888           0.000           0.000
       54683.542           0.000           0.000
       55696.201           0.000           0.000
       56708.860           0.000           0.000
       57721.519           0.000           0.000
       58734.179           0.000           0.000
       59746.838           0.000           0.000
       60759.492           0.000           0.000
       61772.151           0.000           0.000
       62784.810           0.000           0.000
       63797.469           0.000           0.000
       64810.128           0.000           0.000
       65822.783           0.000           0.000
       66835.442           0.000           0.000
       67848.101           0.000           0.000
       68860.760           0.000           0.000
       69873.419           0.000           0.000
       70886.078           0.000           0.000
       71898.732           0.000           0.000
       72911.391           0.000           0.000
       73924.050           0.000           0.000
       74936.709           0.000           0.000
       75949.368           0.000           0.000
       76962.028           0.000           0.000
       77974.682           0.000           0.000
       78987.341           0.000           0.000
       80000.000           0.000           0.000
           0.000        1020.408           0.000
         854.805        1063.357           0.194
        2224.145        1016.118           0.928
        3266.932        1158.348           0.318
        4232.423         935.955           0.055
        5023.331        1020.510           0.532
        6288.257        1053.702           0.470
        7313.255         883.251           0.214
        8165.343        1150.060           0.472
        9180.287        1134.267           0.039
        9891.084         844.512           0.747
       11235.966         817.097           0.462
       12193.392        1138.530           0.202
       13355.767        1134.260           0.507
       14142.717        1059.236           0.880
       15179.933         814.602           0.335
       16233.610        1118.155           0.121
       17295.055         823.067           0.711
       18003.715        1230.610           0.579
       19491.474         925.458           0.475
       20461.226        1175.018           0.187
       21426.608        1150.093           0.727
       22068.440         844.566           0.423
       23440.394        1087.972           0.764
       24328.222         970.796           0.222
       25174.152        1253.204           0.204
       26255.015         856.290           0.312
       27466.724        1223.347           0.935
       28327.571         939.432           0.566
       29569.971        1208.363           0.352
       30159.686        1206.152           0.648
       31330.953         966.608           0.903
       32298.685         939.722           0.875
       33570.516        1232.753           0.864
       34588.854         924.812           0.170
       35267.496        1060.053           0.633
       36324.214         879.662           0.776
       37377.458         891.560           0.904
       38340.856        1159.235           0.625
       39373.926        1130.533           0.283
       40356.386         897.032           0.181
       41393.492        1152.448           0.223
       42643.143        1153.028           0.696
       43443.851         880.410           0.577
       44305.050        1205.240           0.192
       45766.025        1156.744           0.128
       46543.352         946.025           0.267
       47826.839        1024.383           0.421
       48422.055        1109.932           0.814
       49508.713        1157.765           0.318
       50723.863         847.292           0.463
       51647.315        1264.880           0.164
       52674.114         888.702           0.223
       53881.863         775.868           0.755
       54690.558         938.996           0.780
       55640.394        1231.860           0.022
       56903.610         934.345           0.466
       57910.582         855.082           0.528
       58820.433        1198.531           0.889
       59894.735         901.873           0.030
       60513.594        1189.284           0.345
       61712.337        1048.469           0.532
       62956.074         987.717           0.135
       63571.916        1261.202           0.496
       64928.145        1061.806           0.242
       65885.116         910.608           0.239
       67033.819        1133.822           0.958
       67597.804         935.959           0.516
       68970.212        1050.225           0.410
       70012.332        1081.360           0.826
       70855.468        1122.244           0.753
       71747.765        1228.772           0.161
       73023.283         951.709           0.791
       73676.292        1079.739           0.566
       74713.795        1110.784           0.119
       75880.310         947.451           0.827
       77095.554         767.837           0.669
       77756.879         899.409           0.786
       78863.448        1032.320           0.577
       80000.000        1020.408           0.000
           0.000        2040.816           0.000
         763.408        2051.723           0.987
        1917.668        1802.744           0.035
        3090.652        1831.318           0.707
        4291.965        1982.007           0.668
        5260.046        1974.030           0.679
        5872.699        2174.525           0.758
        7153.819        2074.484           0.664
        8318.473        1929.767           0.988
        9047.467        1912.399           0.885
       10215.035        1945.473           0.801
       10888.159        1788.839           0.049
       12144.452        2155.461           0.755
       13020.924        1968.778           0.704
       14255.031        1998.943           0.497
       15003.233        1901.161           0.361
       16185.812        2025.561           0.886
       17028.116        2045.164           0.641
       18236.653        2295.902           0.578
       19167.126        2100.066           0.566
       20047.762        2259.996           0.594
       21405.340        1971.640           0.157
       22199.855        2136.031           0.236
       23455.446        1905.443           0.415
       24277.376        2190.089           0.350
       25419.339        2223.815           0.375
       26202.851        2105.636           0.320
       27518.531        2145.067           0.203
       28270.200        2141.414           0.214
       29470.318        1814.774           0.358
       30241.531        1952.352           0.230
       31232.753        1799.115           0.620
       32427.562        2251.946           0.360
       33662.571        1823.540           0.807
       34208.796        2223.323           0.014
       35321.959        2074.113           0.305
       36509.738        1825.427           0.703
       37301.706        2064.338           0.793
       38706.978        1925.572           0.051
       39619.054        2018.807           0.980
       40409.163        1821.750           0.234
       41700.134        2260.402           0.760
       42325.846        1919.554           0.308
       43689.344        1823.029           0.486
       44435.695        2217.015           0.256
       45486.740        2185.332           0.592
       46682.769        2240.305           0.027
       47749.829        1974.438           0.966
       48807.967        1854.554           0.778
       49381.792        1923.616           0.095
       50600.780        1791.564           0.797
       51778.406        2286.569           0.238
       52835.695        2243.007           0.513
       53729.644        2016.281           0.821
       54727.985        2183.024           0.593
       55715.127        1917.465           0.683
       56716.497        2187.667           0.590
       57760.207        1956.390           0.737
       58528.534        2196.129           0.909
       59828.170        1848.987           0.411
       60576.637        1800.759           0.650
       61934.554        2125.554           0.367
       62946.370        2222.136           0.665
       64035.529        1853.735           0.593
       64904.746        2014.238           0.801
       65740.012        2225.390           0.524
       66730.104        1902.970           0.226
       67802.168        2095.314           0.595
       68796.315        1953.073           0.409
       70070.607        2203.635           0.372
       70759.832        2009.191           0.431
       71698.343        2295.540           0.609
       73118.383        1870.954           0.382
       74169.735        2256.305           0.087
       75155.793        1942.593           0.053
       76075.587        1795.557           0.928
       76712.605        2185.006           0.073
       78090.933        2227.360           0.586
       78892.064        2121.559           0.397
       80000.000        2040.816           0.000
           0.000        3061.225           0.000
        1212.347        3092.034           0.260
        1822.271        3110.882           0.349
        3121.798        3057.496           0.640
        4165.093        3114.540           0.702
        5018.084        3297.606           0.595
        5829.409        3281.385           0.518
        7119.418        2908.653           0.773
        8219.180        3294.222           0.980
        9351.726        2911.091           0.700
        9926.189        2948.136           0.439
       10894.279        3009.662           0.635
       11955.421        2928.307           0.920
       13134.678        3248.045           0.431
       14025.180        2813.578           0.037
       15272.342        2872.017           0.617
       16372.381        3249.849           0.287
       17176.095        2993.162           0.079
       18016.378        2860.423           0.573
       19418.747        3260.653           0.699
       20136.335        3001.726           0.131
       21069.437        3064.550           0.639
       22101.316        3150.981           0.540
       23228.037        2935.842           0.827
       24556.782        3239.448           0.876
       25196.359        3231.861           0.420
       26184.151        3138.338           0.869
       27110.228        3018.296           0.312
       28373.034        2874.789           0.766
       29297.107        3094.587           0.562
       30208.372        2926.348           0.696
       31327.392        3241.794           0.679
       32323.644        3014.577           0.266
       33499.475        3126.368           0.020
       34192.609        3246.401           0.018
       35472.226        3062.158           0.086
       36648.864        2967.429           0.598
       37295.104        2865.877           1.009
       38573.847        3009.969           0.628
       39353.508        3159.313           0.827
       40629.791        3196.472           0.861
       41650.163        3300.263           0.426
       42453.046        3027.317           0.668
       43545.620        3002.822           0.058
       44770.501        3239.187           0.650
       45813.428        3193.476           0.191
       46668.325        2996.979           0.839
       47534.693        3313.249           0.188
       48735.708        3177.887           0.300
       49721.581        2912.606           1.006
       50796.950        2824.823           0.656
       51442.771        3243.610           0.791
       52743.212        2948.307           0.310
       53660.725        2812.953           0.365
       54791.876        3268.681           0.829
       55863.426        3096.068           0.725
       56806.351        3260.962           0.801
       57499.426        2857.677           0.143
       58887.752        3192.207           0.507
       59664.803        3068.066           0.736
       60766.620        2935.164           0.991
       61787.565        2930.284           0.392
       62987.691        2881.427           0.522
       63997.539        3187.719           0.245
       64714.756        2809.028           0.085
       65602.867        2966.881           0.821
       66585.159        3113.088           0.178
       68041.885        3018.017           0.349
       68792.200        2993.165           0.804
       70022.727        3277.854           0.798
       71054.318        2829.828           0.984
       71757.213        3198.156           0.432
       72994.745        3220.470           0.631
       74035.729        3151.836           0.455
       74974.260        3242.802           0.038
       75828.508        3276.489           0.772
       77201.253        3030.891           0.304
       77845.297        2907.809           0.425
       78758.819        3225.286           0.496
       80000.000        3061.225           0.000
           0.000        4081.633           0.000
         863.037        3986.287           0.275
        2008.551        4030.958           0.064
        3095.634        3899.667           0.123
        4098.963        3978.376           0.124
        5138.562        4080.485           0.211
        6048.465        3917.513           0.532
        7314.359        4196.402           0.280
        8339.081        3883.614           0.738
        9065.145        4252.063           0.543
        9992.959        3897.002           0.198
       11160.641        4323.469           0.473
       12330.221        4040.008           0.171
       13038.614        4086.549           0.511
       14128.602        3920.681           0.117
       15249.323        4008.834           0.632
       16444.065        3831.597           0.223
       17451.995        4162.340           0.292
       18132.790        3887.705           0.111
       19264.144        3838.509           0.040
       20161.269        4224.278           0.284
       21357.469        4183.702           0.928
       22136.878        4188.284           0.583
       23430.806        3997.247           0.936
       24555.078        3869.087           0.669
       25305.116        4246.692           0.695
       26342.741        4301.579           0.924
       27309.278        3988.523           0.721
       28418.513        4268.251           0.494
       29278.821        3965.246           0.054
       30232.919        4120.881           0.813
       31455.715        4302.426           0.946
       32453.378        3966.270           0.802
       33391.416        4264.809           0.506
       34669.221        4295.302           0.197
       35652.856        3854.398           0.554
       36628.124        4288.312           0.718
       37657.318        4156.299           0.587
       38630.376        4103.745           0.063
       39665.209        4298.762           0.909
       40415.373        4220.518           0.420
       41498.957        4023.624           0.693
       42498.625        4274.864           0.930
       43469.500        3994.254           0.018
       44656.533        3831.155           0.191
       45528.109        3962.349           0.549
       46375.110        3835.508           0.974
       47557.884        4188.140           0.024
       48767.643        4286.239           0.677
       49528.969        3861.743           0.570
       50628.910        4180.378           0.341
       51542.795        4137.273           0.598
       52541.500        3920.921           0.957
       53663.936        4140.082           0.777
       54740.698        3955.141           0.486
       55667.272        4113.030           0.799
       56667.777        3870.407           0.840
       57629.718        3865.001           0.428
       58700.478        3950.449           0.641
       59670.711        4276.652           0.253
       60631.789        3875.813           0.017
       61591.793        4047.237           0.997
       62638.254        4190.223           0.199
       64048.556        4009.051           0.828
       64693.365        3941.975           0.970
       65618.928        4278.774           0.542
       66845.098        4126.724           0.070
       67854.427        4322.678           0.511
       68672.561        4325.526           0.303
       69909.626        4191.532           0.915
       70826.216        4095.636           0.526
       71739.254        3948.388           0.816
       73161.575        4115.308           0.134
       74066.245        4332.531           0.111
       75107.846        4190.235           0.047
       75728.403        4038.681           0.376
       76920.370        4313.652           0.911
       77823.499        4014.394           0.193
       78830.366        4333.051           0.493
       80000.000        4081.633           0.000
           0.000        5102.041           0.000
        1058.529        5120.105           0.359
        1887.007        5280.396           0.104
        3109.620        5030.013           0.278
        4185.495        4975.141           0.232
        5266.042        4860.451           0.213
        5972.885        5292.262           0.957
        6954.337        4859.279           0.337
        7853.227        5177.054           0.641
        9214.455        5335.048           0.105
       10273.846        4930.657           0.698
       11201.645        5133.099           0.181
       12170.024        5007.873           0.179
       13249.418        4942.949           0.564
       14373.798        5110.602           0.033
       15013.257        4977.172           0.993
       16436.255        5265.576           0.151
       17072.044        5040.669           0.154
       18448.850        5007.393           0.995
       19462.174        5016.476           0.512
       20276.245        5173.283           0.988
       21340.739        4955.370           0.674
       22484.921        5200.340           0.251
       23256.110        5295.860           0.223
       24058.837        4899.200           0.656
       25161.094        5092.739           0.617
       26272.119        5094.998           0.064
       27268.219        5258.970           0.879
       28511.107        4916.444           0.479
       29560.275        4929.436           0.038
       30364.666        5242.433           0.469
       31334.485        5343.751           0.520
       32655.863        4983.165           0.677
       33317.387        5042.910           0.932
       34401.107        5115.601           0.442
       35402.378        5119.332           0.016
       36397.163        5091.104           0.240
       37420.622        5314.519           0.720
       38251.240        4915.867           0.957
       39676.981        5343.695           0.809
       40742.663        5347.445           0.063
       41374.133        4977.198           0.497
       42413.349        5101.713           0.491
       43521.922        4975.573           0.700
       44516.415        4863.648           0.113
       45523.373        5048.116           0.238
       46550.522        5253.547           0.309
       47406.532        4868.047           0.851
       48588.477        4900.189           0.929
       49413.580        5215.018           0.230
       50544.217        5156.807           0.678
       51825.252        5227.907           0.346
       52792.420        4957.190           0.130
       53739.482        5244.064           0.518
       54823.877        5303.843           0.173
       55777.940        5253.784           0.110
       56588.517        4925.315           0.378
       57857.661        5190.536           0.672
       58705.075        4909.914           0.762
       59540.679        5016.146           0.782
       60674.381        5023.085           0.101
       61904.599        5208.919           0.112
       62866.735        5018.993           0.230
       63647.569        4902.748           0.141
       64746.634        5349.306           0.139
       65669.287        5291.232           0.474
       67036.198        5018.093           0.585
       67729.478        4911.601           0.409
       69086.258        4987.279           0.620
       69960.383        4903.941           0.940
       71122.658        5254.361           0.633
       72022.484        5238.189           0.678
       72736.473        5033.511           0.108
       74030.048        5344.374           0.991
       75028.649        4953.861           0.975
       75961.621        5088.775           0.726
       76779.571        4946.916           0.640
       78073.500        4932.580           0.830
       78815.276        5017.556           0.029
       80000.000        5102.041           0.000
           0.000        6122.449           0.000
         803.969        6350.635           0.797
        2009.115        6054.972           0.872
        3256.936        5882.194           0.399
        3885.839        5927.377           0.184
        4888.083        5941.277           0.885
        6000.133        6032.894           0.472
        6959.188        6151.273           0.287
        8003.396        6135.890           0.746
        8865.878        6128.534           0.219
       10335.236        6121.636           0.139
       11190.444        6137.540           0.488
       11989.969        6046.292           0.025
       13333.593        6173.284           0.743
       14405.323        6043.581           0.210
       15144.752        6030.433           0.282
       16168.487        5988.928           0.874
       17342.754        6134.128           0.375
       18000.827        6153.995           0.923
       19082.550        5881.273           0.798
       20152.978        6249.962           0.547
       21198.862        6300.945           0.072
       22268.433        6254.275           0.229
       23138.459        6299.504           0.995
       24245.999        6269.461           0.551
       25514.347        5909.654           0.549
       26156.857        6195.911           0.804
       27120.008        6125.235           0.651
       28253.564        6132.995           0.206
       29258.729        6240.122           0.412
       30458.305        5919.912           0.920
       31636.058        6278.238           0.447
       32156.450        6089.363           0.241
       33374.389        6316.417           0.872
       34488.639        6354.558           0.806
       35301.446        6371.446           0.840
       36539.556        6226.583           0.276
       37423.162        6267.983           0.780
       38426.299        5887.178           0.338
       39404.068        6322.931           0.507
       40547.068        5991.026           0.786
       41597.195        5939.281           0.903
       42487.697        5959.016           0.107
       43374.017        6262.135           0.472
       44347.358        6013.818           0.900
       45647.785        6175.505           0.359
       46500.898        6276.828           0.391
       47820.030        5916.327           0.769
       48844.560        6318.889           0.417
       49826.762        6182.878           0.630
       50465.637        6248.092           0.784
       51784.692        6328.231           0.136
       52587.595        6313.108           0.075
       53920.983        6139.075           0.652
       54729.523        5910.652           0.282
       55891.436        6320.447           0.540
       56730.962        6308.758           0.830
       57510.228        6197.995           0.264
       58914.597        6083.181           0.479
       59549.385        6265.333           0.732
       60523.369        6202.765           0.365
       61558.348        6212.134           0.355
       62853.044        6028.344           0.501
       63652.133        6261.074           0.081
       64911.870        6294.176           0.494
       65635.398        5900.386           0.691
       66607.383        6343.064           0.680
       67851.213        6209.166           0.662
       68754.536        6018.568           0.211
       69672.206        6266.562           0.275
       71051.874        6062.201           0.729
       71661.079        5871.435           0.296
       72867.399        6211.260           0.018
       74035.961        5926.260           0.437
       74900.299        6294.390           0.249
       76150.566        6111.642           0.301
       76835.711        6105.154           0.895
       77792.457        6175.910           0.244
       78765.921        6184.700           0.948
       80000.000        6122.449           0.000
           0.000        7142.857           0.000
         944.446        6950.127           0.626
        2248.851        7146.831           0.962
        2884.240        6980.195           0.661
        4033.229        7006.157           0.496
        4887.982        7219.992           0.738
        6049.966        7324.529           0.560
        6913.468        7035.076           0.885
        7957.838        7289.224           0.390
        8873.490        7284.235           0.295
       10176.103        6990.210           0.463
       11016.302        7023.923           0.480
       12064.246        6924.816           0.018
       13142.512        7163.694           0.497
       14038.321        7195.565           0.260
       15303.131        7114.560           0.099
       16255.641        7053.530           0.244
       17183.720        6999.430           0.550
       18251.953        6988.317           0.689
       19136.239        7027.981           0.943
       20125.486        7288.696           0.598
       21402.359        7223.251           0.237
       22227.736        6963.786           0.309
       23493.060        7187.829           0.580
       24333.660        7339.792           0.149
       25313.549        7354.491           0.859
       26332.625        7277.142           0.150
       27200.396        7077.328           0.749
       28596.057        7032.829           0.623
       29411.839        7236.876           0.967
       30283.449        7061.547           0.384
       31513.779        7259.647           0.254
       32452.899        7277.404           0.956
       33485.236        6963.096           0.262
       34562.258        7087.124           0.645
       35321.968        7198.112           0.436
       36669.060        7018.698           0.307
       37505.533        7061.362           0.444
       38401.335        7312.322           0.017
       39295.352        7252.674           0.843
       40491.235        7011.211           0.151
       41465.035        7045.120           0.261
       42448.459        6943.470           0.433
       43341.044        6998.591           0.462
       44704.280        6920.939           0.749
       45576.861        7254.358           0.239
       46573.262        6983.132           0.874
       47552.964        6959.878           0.429
       48848.888        7178.084           0.925
       49521.680        7376.165           0.156
       50721.979        7351.317           0.760
       51848.240        7307.355           0.420
       52861.258        7168.522           0.907
       53783.933        6912.085           0.919
       54643.288        7123.758           0.837
       55681.393        7003.053           0.022
       56906.169        7232.934           0.475
       57897.210        7148.773           0.357
       58773.100        7186.779           0.356
       59653.191        7381.116           0.619
       60754.742        7122.701           0.662
       61699.080        7191.018           0.656
       62914.466        7089.933           0.222
       64017.750        6989.687           0.716
       64889.974        7286.282           0.110
       65993.738        7276.992           0.654
       66884.857        7179.410           0.700
       67938.647        6977.116           0.296
       68649.562        7180.083           0.242
       69949.287        7217.570           0.448
       70789.720        7137.542           0.560
       71732.237        7245.849           0.716
       72743.342        6978.745           0.987
       74174.229        7140.120           0.352
       75186.212        7231.823           0.199
       76038.438        7233.603           0.109
       76938.416        7231.881           0.306
       78090.204        7115.837           0.470
       79168.605        7338.082           0.813
       80000.000        7142.857           0.000
           0.000        8163.265           0.000
         799.489        8253.167           0.747
        2232.636        8253.787           0.675
        2852.452        8322.319           0.228
        4242.952        8003.378           0.619
        4818.667        8183.021           0.297
        6307.693        8014.519           0.638
        7121.195        8110.498           0.478
        8270.394        8029.932           0.307
        8904.662        8356.893           0.059
       10088.979        8343.278           0.238
       10998.442        8347.597           0.174
       12194.634        7935.422           0.747
       13310.632        7924.460           0.714
       14402.473        7980.727           0.207
       15424.439        8067.749           0.987
       16196.327        8087.470           0.092
       17028.218        8119.258           0.694
       18351.433        7957.999           0.428
       19231.534        7925.317           0.927
       20175.427        8107.778           0.328
       21413.157        7915.314           0.705
       22324.788        8188.337           0.735
       23442.777        7930.826           0.943
       24238.955        8261.131           0.280
       25542.957        7948.567           0.561
       26202.333        7936.001           0.925
       27473.304        8162.259           0.771
       28544.232        8411.947           0.763
       29231.244        7957.303           0.525
       30223.948        8023.911           0.180
       31579.685        8379.055           0.482
       32443.489        7929.981           0.541
       33561.003        8129.215           0.713
       34573.740        8172.553           0.858
       35482.971        7999.140           0.243
       36343.466        7994.609           0.228
       37335.442        8148.651           0.685
       38453.143        7929.419           0.384
       39268.861        8068.160           0.154
       40463.670        8034.380           0.327
       41622.560        8144.224           0.416
       42707.722        7970.522           0.545
       43395.706        8014.967           0.141
       44547.972        8106.690           0.646
       45497.216        8122.792           0.485
       46607.472        8330.398           0.950
       47454.158        7988.198           0.476
       48693.605        8272.426           0.492
       49854.351        8160.326           0.478
       50668.028        8385.003           0.665
       51601.959        8075.807           0.990
       52884.318        8155.505           0.513
       53865.791        8207.646           0.095
       54910.407        7951.515           0.476
       55904.427        8104.989           0.301
       56743.362        8042.147           0.095
       57480.037        8018.267           0.139
       58714.739        8010.479           0.134
       59984.319        8191.721           0.170
       60688.099        8005.040           0.998
       61683.054        8384.340           0.695
       62701.095        8170.722           0.890
       63598.486        8049.290           0.341
       65001.030        8369.307           0.807
       66070.106        7931.745           0.208
       66899.510        8397.786           0.113
       67688.317        8074.485           0.362
       69032.659        7933.656           0.920
       69860.114        8029.869           0.982
       70740.692        8344.096           0.330
       71894.205        8083.731           0.517
       72737.396        8175.946           0.845
       73990.355        8223.567           0.314
       74843.176        8408.278           0.702
       75906.161        8256.402           0.345
       76794.244        8208.959           0.742
       77812.035        7923.045           0.683
       79058.907        8165.328           0.834
       80000.000        8163.265           0.000
           0.000        9183.674           0.000
         761.466        8982.420           0.825
        1996.713        9266.726           0.513
        3112.138        9210.925           0.797
        3970.956        9167.995           0.015
        5049.261        9352.199           0.595
        6228.913        8964.440           1.005
        6953.421        9184.850           0.950
        7896.671        9278.522           0.550
        9320.524        8939.441           0.334
       10063.660        9352.047           0.419
       11289.315        8990.673           0.621
       12360.235        9058.661           0.844
       13203.648        9373.132           0.961
       14122.687        9412.990           0.500
       14986.023        9104.274           0.609
       16236.203        9219.139           0.215
       17073.671        9210.626           0.783
       18014.000        9248.338           0.939
       19072.452        9311.522           0.139
       20117.365        9371.145           0.492
       21287.490        9014.670           0.055
       22334.714        9268.952           0.828
       23434.615        9058.514           0.081
       24310.337        9363.165           0.780
       25273.673        9010.251           0.971
       26314.664        9168.174           0.559
       27273.223        9029.049           0.472
       28565.197        9040.847           0.413
       29555.092        9166.633           0.176
       30225.196        8933.577           0.696
       31180.591        9291.092           0.178
       32235.667        9298.228           0.921
       33586.195        9119.307           0.813
       34310.647        9095.831           0.903
       35533.578        9080.736           0.023
       36674.555        9240.114           0.402
       37359.165        8999.065           0.145
       38439.968        9347.698           0.254
       39245.465        9331.253           0.734
       40490.114        8952.207           0.881
       41720.321        8980.911           0.610
       42528.559        9058.408           0.456
       43363.176        9047.181           0.090
       44319.809        9426.091           0.159
       45386.231        8936.317           0.617
       46817.265        9175.303           0.944
       47344.333        9133.674           0.900
       48796.228        9291.342           0.480
       49834.902        9026.528           0.967
       50514.658        9400.971           0.469
       51654.745        9268.126           0.069
       52754.564        9189.581           0.940
       53601.370        9193.177           0.975
       54737.605        8976.479           0.730
       55655.584        9321.868           0.604
       56694.399        9295.492           0.076
       57948.498        9372.915           0.657
       58704.764        8953.026           0.398
       59502.239        9200.307           0.374
       60932.893        9365.149           0.501
       61740.120        9284.811           0.372
       62843.246        9105.313           0.087
       64014.248        8974.093           0.887
       64651.624        9135.946           0.898
       65730.248        9287.918           0.662
       67050.681        9396.482           0.651
       67905.709        9194.845           0.805
       69032.947        9015.572           0.104
       69741.295        9012.015           0.747
       70903.410        9352.442           0.635
       71686.479        8942.609           0.205
       73030.363        9340.543           0.740
       73949.471        9339.380           0.470
       74762.234        8960.405           0.848
       75860.662        8991.841           0.527
       76961.502        9141.827           0.262
       78133.808        9117.154           0.675
       79210.971        9023.199           0.727
       80000.000        9183.674           0.000
           0.000       10204.082           0.000
         843.237        9953.586           0.065
        2104.135       10042.258           0.105
        3243.920       10083.506           0.458
        4102.977       10299.614           0.690
        5159.403       10436.192           0.724
        5945.953       10019.750           0.738
        7241.966       10345.912           0.990
        8174.035       10200.406           0.878
        8903.203        9977.234           0.327
       10340.957        9967.092           0.570
       10936.191       10087.882           0.816
       11920.203       10180.459           0.500
       13308.642       10342.914           0.542
       14286.761       10283.012           0.273
       15159.574       10294.479           0.085
       16439.908       10259.100           0.606
       17355.873        9955.672           0.656
       18022.615       10047.953           0.223
       19352.033       10023.154           0.750
       20378.904       10249.364           0.922
       21470.435       10266.327           0.230
       22219.116       10229.656           0.360
       23163.142       10046.280           0.375
       24302.206       10405.478           0.832
       25390.200       10220.067           0.519
       26299.255       10124.988           0.304
       27489.600       10242.810           0.332
       28338.763       10228.655           0.837
       29219.566        9952.783           0.775
       30330.349       10352.804           0.688
       31592.947        9980.157           0.387
       32507.914       10080.454           0.900
       33484.004       10222.599           0.712
       34584.462       10318.619           0.057
       35289.370       10213.978           0.082
       36251.011       10363.841           0.498
       37548.162       10080.755           0.842
       38511.158       10102.502           0.856
       39743.109       10258.089           0.590
       40431.708       10216.137           0.055
       41595.270       10143.410           0.435
       42391.479       10133.392           0.300
       43467.735       10019.921           0.814
       44505.041       10177.491           0.636
       45650.142       10156.074           0.013
       46823.484       10453.791           0.784
       47445.572       10035.867           0.622
       48515.642       10055.003           0.244
       49458.230       10157.498           0.910
       50780.965       10110.339           0.975
       51412.747       10356.879           0.246
       52704.260       10287.420           0.063
       53577.944       10117.748           0.949
       54460.653       10431.261           0.304
       55617.393       10158.899           0.164
       56669.158       10086.521           0.184
       57552.626       10132.550           0.269
       58631.128        9981.600           0.321
       59777.861       10218.637           0.455
       60819.147       10020.358           0.950
       61845.531       10195.611           0.763
       62611.291       10044.666           0.025
       63740.418        9976.412           0.435
       64744.613       10062.930           0.109
       65695.580       10424.032           0.730
       66828.532       10379.901           0.391
       67797.300       10188.707           0.107
       68788.809       10121.428           0.823
       69989.289       10127.243           0.126
       71027.567       10441.054           0.957
       71849.455       10420.839           0.469
       72932.207       10342.520           0.544
       73720.043       10051.812           0.911
       74805.099       10228.355           0.902
       75779.135       10211.885           0.305
       76864.764       10375.190           0.514
       77949.261       10425.065           0.890
       79131.965       10374.634           0.063
       80000.000       10204.082           0.000
           0.000       11224.490           0.000
         952.977       11164.408           0.941
        1944.289       11010.166           0.869
        3236.790       11189.390           0.439
        4107.074       11442.027           0.690
        5033.252       11124.747           0.104
        6251.739       11029.474           0.082
        6838.929       10984.889           0.504
        7958.544       11140.084           0.456
        9032.808       11279.393           0.689
       10187.316       11309.329           0.282
       11122.020       11189.888           0.321
       12171.752       11003.611           0.862
       13044.735       11291.505           0.794
       14277.560       11412.433           0.829
       15123.477       11129.276           0.579
       16344.218       11072.933           0.484
       17041.521       11455.523           0.204
       18350.202       11466.114           0.952
       19307.677       11281.632           0.068
       20449.748       11223.039           0.105
       21418.042       11269.249           0.801
       22422.641       11472.844           0.226
       23333.545       11267.564           0.263
       24324.027       11153.984           0.057
       25121.689       11178.382           0.787
       26201.448       10973.402           0.893
       27430.845       11051.683           0.447
       28144.774       11187.670           0.722
       29528.379       11287.180           0.126
       30332.272       11065.442           0.939
       31546.294       11136.319           0.066
       32490.178       11036.183           0.566
       33289.431       11075.593           0.187
       34383.825       11243.723           0.598
       35584.515       11337.987           0.578
       36674.343       10969.602           0.140
       37715.834       11129.740           0.027
       38510.605       11065.353           0.366
       39650.851       11374.475           0.940
       40397.966       11057.846           0.538
       41460.715       11175.583           0.289
       42704.711       11177.326           0.481
       43351.963       11108.869           0.949
       44470.873       11239.088           0.899
       45744.114       11059.794           0.073
       46624.431       11183.102           0.504
       47419.262       11306.361           0.357
       48633.606       11446.417           0.519
       49743.442       11215.692           0.250
       50594.547       11046.565           0.691
       51498.438       11145.283           0.055
       52629.019       11009.733           0.885
       53772.005       11424.294           0.296
       54606.387       11117.652           0.058
       55619.442       11216.920           0.993
       56855.784       10974.726           0.796
       57615.753       10978.415           0.374
       58516.870       11046.650           1.009
       59601.986       11284.685           0.305
       60677.447       11372.253           0.592
       61910.091       11327.733           0.988
       62685.855       11069.985           0.715
       63930.581       11264.758           0.245
       65061.849       11085.241           1.008
       66012.595       11217.679           0.022
       66652.557       11405.809           0.420
       67848.863       10987.348           0.225
       68709.804       11053.428           0.546
       70106.241       11327.214           0.639
       70871.735       11440.181           0.755
       71910.079       11017.438           0.945
       72667.973       11219.573           0.496
       73947.539       11375.478           0.024
       74942.494       11118.994           0.400
       76058.090       11361.588           0.108
       77144.131       11158.943           0.043
       77995.048       11451.448           0.857
       78861.195       11089.180           0.175
       80000.000       11224.490           0.000
           0.000       12244.898           0.000
        1011.635       12212.800           0.715
        1964.277       12246.851           0.498
        3147.904       12251.256           0.093
        4089.265       12042.728           0.737
        5211.323       12276.407           0.686
        6181.681       12092.713           0.562
        7263.169       12427.416           0.073
        8188.478       12437.968           0.199
        9362.834       12178.312           0.136
        9884.983       12420.296           0.975
       10949.120       12049.523           0.457
       12340.344       12006.469           0.117
       12913.871       12116.921           0.424
       14077.938       12344.833           0.376
       15251.350       12483.136           0.288
       16418.418       12253.368           0.143
       17076.523       12150.238           0.839
       18147.692       12475.207           0.583
       19473.704       12258.732           0.636
       20455.423       12118.652           0.463
       21274.499       12062.303           0.875
       22108.740       12191.306           0.606
       23488.711       12357.195           0.991
       24257.445       12199.344           0.862
       25477.266       12462.165           0.627
       26329.948       12055.204           0.741
       27421.652       12081.749           0.307
       28413.447       12445.197           0.437
       29125.899       12035.843           0.869
       30464.654       12158.809           0.623
       31445.594       12209.747           0.810
       32164.300       12111.809           0.986
       33330.910       12439.908           0.352
       34378.679       12381.562           0.864
       35456.678       12429.207           0.434
       36418.635       12264.764           0.147
       37693.649       12446.340           0.958
       38732.250       12041.615           0.986
       39412.133       12014.228           0.925
       40288.461       12388.556           0.778
       41518.265       12404.287           0.127
       42337.744       12464.338           0.155
       43361.754       12221.677           0.763
       44688.042       12204.284           0.214
       45435.009       12426.374           0.774
       46420.660       12219.557           0.320
       47394.484       12378.020           0.761
       48507.580       12029.991           0.170
       49602.341       12361.422           0.085
       50824.178       12007.453           0.431
       51627.302       12333.385           0.114
       52767.550       12396.405           0.748
       53852.913       12317.763           0.138
       54566.785       12159.930           0.685
       55774.451       12224.868           0.986
       56724.694       12006.438           0.257
       57957.021       12091.486           0.288
       58945.067       12131.433           0.796
       59674.021       11998.412           0.984
       60838.151       12093.787           0.015
       61830.804       12224.701           0.546
       62680.798       12316.637           0.052
       63584.145       12464.081           0.162
       64599.119       12157.872           0.818
       65709.410       12408.892           0.878
       66976.470       12214.125           0.311
       67654.237       12253.833           0.762
       68743.977       12338.239           0.186
       69652.887       12176.137           0.433
       70644.004       12495.269           0.197
       71758.632       12403.829           0.672
       72822.194       12447.730           0.162
       73752.333       11999.043           0.965
       74783.482       12081.469           0.058
       75767.140       12277.668           0.503
       77167.912       12315.728           0.620
       78141.105       12100.219           0.667
       78938.750       12003.690           0.165
       80000.000       12244.898           0.000
           0.000       13265.306           0.000
         844.003       13318.460           0.593
        1933.734       13046.488           0.523
        3255.003       13124.188           0.633
        4010.139       13070.797           0.344
        5150.568       13025.787           0.140
        5922.339       13486.438           0.700
        7088.665       13108.462           0.563
        7943.128       13068.732           0.720
        9310.809       13425.402           0.042
        9942.336       13282.151           0.163
       11370.850       13026.215           0.048
       12264.880       13042.454           0.898
       13151.477       13352.642           0.186
       14317.988       13462.021           0.030
       14962.598       13028.010           0.521
       15986.119       13366.624           0.367
       17218.999       13209.809           0.999
       18088.588       13402.760           0.211
       19389.437       13153.008           0.693
       20309.053       13242.605           0.905
       21114.360       13167.750           0.376
       22293.385       13434.302           0.568
       23327.284       13446.273           0.066
       24162.539       13172.078           0.605
       25218.970       13360.838           0.054
       26426.142       13425.355           0.809
       27185.754       13167.373           0.042
       28544.860       13378.546           0.357
       29204.413       13484.199           0.649
       30477.199       13221.678           0.615
       31625.294       13274.804           0.305
       32326.702       13520.114           0.166
       33610.373       13020.237           0.778
       34626.093       13259.042           0.434
       35337.828       13220.792           0.101
       36674.532       13411.218           0.945
       37291.320       13326.819           0.361
       38234.238       13099.873           0.549
       39576.733       13302.054           0.106
       40725.785       13171.017           0.316
       41729.454       13386.997           0.416
       42645.637       13138.454           0.802
       43319.350       13435.624           0.959
       44454.595       13387.589           0.952
       45794.328       13359.729           0.661
       46666.847       13021.171           0.221
       47557.152       13080.241           0.727
       48769.328       13020.848           0.430
       49731.389       13047.340           0.069
       50682.229       13049.569           0.289
       51773.488       13106.322           0.768
       52590.929       13241.230           0.685
       53630.768       13163.679           0.592
       54481.243       13328.841           0.088
       55649.862       13090.022           0.335
       56467.984       13139.577           0.648
       57890.846       13275.679           0.928
       58901.389       13044.386           0.126
       59650.744       13212.311           0.186
       60879.152       13177.342           0.345
       61734.501       13310.855           0.586
       62906.028       13204.379           0.149
       63595.563       13504.481           0.534
       64881.123       13240.502           0.937
       65657.775       13200.570           0.877
       67016.712       13174.337           0.505
       67766.960       13405.710           0.590
       68621.366       13130.430           0.238
       69946.973       13252.593           0.961
       70845.532       13403.874           0.302
       71701.838       13392.610           0.521
       73005.716       13471.036           0.806
       74062.510       13292.816           0.708
       74790.289       13305.694           0.900
       76198.527       13039.777           0.956
       76811.504       13349.111           0.874
       77922.260       13234.850           0.383
       78769.928       13302.055           0.091
       80000.000       13265.306           0.000
           0.000       14285.715           0.000
        1151.075       14157.509           0.622
        2099.643       14089.970           0.671
        3193.712       14103.839           0.797
        4266.593       14209.042           0.921
        5315.561       14377.633           0.051
        6218.939       14452.009           0.771
        7212.758       14317.454           0.606
        8334.933       14248.758           0.322
        9252.386       14449.425           0.523
       10154.194       14053.979           0.902
       11383.643       14038.756           1.001
       12011.184       14086.221           0.778
       13266.580       14042.183           0.199
       14141.348       14129.167           0.178
       15027.485       14259.826           0.508
       16014.214       14274.589           0.412
       17120.179       14520.408           0.589
       18047.700       14525.465           0.053
       19377.539       14246.655           0.358
       20062.440       14373.024           0.653
       21390.619       14228.413           0.992
       22297.306       14094.426           0.222
       23334.175       14041.968           0.221
       24104.456       14506.746           0.468
       25291.269       14419.065           0.778
       26076.309       14260.475           0.991
       27169.381       14098.975           0.979
       28546.593       14403.159           0.174
       29184.925       14340.562           0.027
       30533.725       14257.912           0.373
       31220.916       14055.918           0.864
       32433.039       14457.168           0.747
       33438.739       14266.112           0.897
       34250.984       14452.839           0.315
       35339.807       14409.251           0.985
       36577.539       14063.950           0.271
       37391.081       14248.039           0.369
       38650.485       14528.698           0.948
       39737.074       14138.070           0.518
       40629.860       14504.872           0.475
       41708.557       14337.117           0.441
       42400.894       14392.218           0.813
       43395.665       14425.507           0.371
       44726.993       14253.790           0.611
       45354.731       14103.351           0.592
       46556.838       14403.911           0.533
       47515.851       14171.198           1.008
       48718.487       14519.001           0.350
       49497.905       14527.549           0.953
       50600.452       14397.809           0.458
       51685.869       14490.121           0.101
       52678.973       14151.858           0.184
       53696.157       14220.772           0.219
       54625.801       14524.915           0.017
       55633.724       14049.282           0.344
       56871.517       14517.272           0.551
       57894.784       14048.596           0.451
       58484.918       14296.418           0.597
       59779.386       14129.157           0.725
       60660.400       14043.365           0.624
       62013.626       14485.369           0.915
       62941.744       14502.992           0.738
       63640.882       14486.459           0.307
       64719.113       14463.378           0.385
       65796.223       14040.239           0.999
       66678.968       14176.025           0.639
       67872.652       14465.422           0.373
       68645.674       14214.663           0.969
       69866.578       14340.440           0.637
       70825.360       14423.420           0.380
       72115.870       14285.413           0.054
       72728.323       14449.053           0.574
       74171.334       14445.768           0.696
       74709.775       14205.056           0.708
       76051.181       14446.419           0.871
       76896.475       14380.707           0.112
       78108.229       14103.273           0.991
       79106.520       14235.983           0.526
       80000.000       14285.715           0.000
           0.000       15306.123           0.000
         898.358       15445.446           0.399
        2245.017       15253.785           0.720
        3089.081       15096.232           0.949
        4023.112       15170.604           0.826
        4847.247       15143.462           0.405
        6290.422       15425.291           0.508
        7068.902       15119.978           0.160
        8190.855       15510.891           0.964
        9316.643       15383.860           0.612
       10233.193       15355.431           0.648
       10921.460       15322.405           0.073
       12029.610       15137.111           0.509
       12974.239       15493.644           0.190
       14260.978       15422.147           0.932
       15249.057       15394.115           0.042
       16349.613       15207.559           0.548
       17426.395       15259.019           0.103
       18318.727       15370.549           0.317
       19215.726       15232.663           0.248
       20436.120       15333.903           0.050
       21133.019       15087.798           0.403
       22265.524       15330.140           0.562
       23185.553       15281.957           0.189
       24194.686       15217.619           0.236
       25472.217       15075.797           0.874
       26378.873       15320.244           0.308
       27439.040       15334.293           0.939
       28206.554       15067.423           0.117
       29361.508       15098.031           0.500
       30508.272       15260.738           0.034
       31342.678       15228.483           0.161
       32495.335       15128.048           0.690
       33658.694       15412.067           0.389
       34409.774       15271.742           0.956
       35398.880       15297.042           0.370
       36700.024       15296.434           0.540
       37365.640       15120.498           0.230
       38501.013       15234.966           0.544
       39507.147       15464.044           0.121
       40638.350       15130.361           0.687
       41716.527       15337.771           0.082
       42738.029       15343.872           0.612
       43425.635       15276.602           0.872
       44665.865       15200.880           0.983
       45641.032       15140.091           0.883
       46439.068       15275.275           0.968
       47775.391       15383.615           0.894
       48451.993       15171.087           0.879
       49376.448       15370.029           0.992
       50783.872       15057.121           0.893
       51679.037       15235.510           0.226
       52721.526       15155.786           0.916
       53804.432       15071.489           0.091
       54825.348       15215.032           0.943
       55889.136       15431.984           0.513
       56677.340       15544.060           0.025
       57758.237       15407.310           0.682
       58876.519       15244.291           0.125
       59614.628       15293.946           0.608
       60719.784       15225.500           0.629
       61876.681       15405.317           0.527
       62795.058       15264.838           0.978
       63922.240       15165.883           0.643
       64900.182       15335.379           0.952
       65883.894       15429.384           0.841
       66806.466       15114.609           0.139
       67805.042       15116.687           0.367
       68922.503       15490.951           0.389
       69712.646       15531.472           0.554
       70811.421       15547.813           0.318
       72011.066       15468.553           0.317
       73024.677       15419.829           0.042
       73796.706       15518.929           0.592
       74961.829       15530.679           0.102
       76006.596       15106.785           0.287
       76982.986       15110.462           0.677
       78127.651       15280.731           0.369
       79046.613       15539.070           0.891
       80000.000       15306.123           0.000
           0.000       16326.530           0.000
         935.831       16095.129           0.218
        2022.329       16557.235           0.748
        2911.184       16107.654           0.874
        4079.263       16569.148           0.247
        4812.823       16225.845           0.419
        6305.689       16199.445           0.739
        6873.101       16383.187           0.410
        8078.383       16377.155           0.233
        8929.429       16241.441           0.727
       10084.800       16558.711           0.674
       11257.273       16456.286           0.292
       12021.479       16407.042           0.840
       13151.051       16343.192           0.020
       13984.755       16495.300           0.361
       14993.334       16501.849           0.269
       15973.818       16085.470           0.951
       17414.313       16169.570           0.350
       18399.485       16517.788           0.715
       19286.378       16200.834           0.851
       20002.467       16100.390           0.396
       21064.445       16548.811           0.081
       22235.958       16426.051           0.308
       23355.530       16323.131           0.831
       24143.703       16402.412           0.227
       25212.408       16111.348           0.348
       26084.463       16263.603           0.480
       27535.375       16515.418           0.413
       28155.004       16461.289           0.255
       29132.445       16331.466           0.929
       30370.924       16124.814           0.327
       31498.700       16205.054           0.082
       32438.116       16575.533           0.241
       33190.511       16148.863           0.764
       34384.313       16078.019           0.407
       35427.012       16556.892           0.841
       36409.760       16090.637           0.773
       37606.419       16430.699           0.199
       38456.320       16474.531           0.758
       39724.907       16073.891           0.685
       40525.971       16505.588           0.985
       41667.629       16504.712           0.942
       42736.036       16173.149           0.374
       43370.341       16171.474           0.503
       44742.546       16364.172           0.491
       45791.173       16155.136           0.111
       46667.396       16222.053           0.210
       47396.990       16115.861           0.149
       48510.948       16214.231           0.599
       49604.262       16305.610           0.347
       50742.119       16544.011           0.671
       51707.852       16120.802           0.499
       52643.156       16265.585           0.303
       53758.790       16205.569           0.544
       54543.075       16438.881           0.430
       55862.094       16542.833           0.111
       56715.081       16312.785           0.297
       57642.070       16335.043           0.181
       58525.286       16151.296           0.186
       59572.409       16565.409           0.235
       60965.717       16256.350           0.501
       61611.363       16131.269           0.072
       62801.901       16078.342           0.382
       63574.796       16389.361           0.836
       64684.391       16549.017           0.705
       65585.102       16465.530           0.741
       66680.417       16487.205           0.955
       67812.289       16396.114           0.426
       68852.487       16388.436           0.382
       69789.163       16119.758           0.322
       70902.885       16574.959           0.879
       71655.072       16350.127           0.265
       72786.159       16149.105           0.787
       73765.603       16411.400           0.404
       74688.630       16317.149           0.623
       76060.563       16111.510           0.504
       77066.191       16106.905           0.032
       77966.230       16277.892           0.482
       79104.173       16146.154           0.368
       80000.000       16326.530           0.000
           0.000       17346.939           0.000
         877.778       17173.449           0.087
        2193.041       17395.222           0.657
        3040.873       17148.079           0.416
        4139.809       17315.066           0.287
        5102.530       17326.001           0.210
        6032.205       17554.176           0.743
        7301.519       17380.647           0.367
        8241.045       17582.212           0.118
        9311.549       17405.394           0.495
        9899.124       17561.233           0.643
       11047.203       17556.928           0.367
       12380.424       17320.842           0.803
       13012.777       17157.895           0.406
       14429.147       17228.037           0.586
       15011.930       17564.360           0.815
       16283.137       17167.510           0.742
       17302.554       17249.748           0.969
       18035.268       17483.606           0.022
       19412.985       17231.656           0.242
       20026.397       17598.967           0.962
       21222.643       17497.350           0.118
       22183.408       17508.356           0.409
       23057.367       17097.255           0.302
       24400.457       17587.830           0.903
       25311.235       17421.274           0.417
       26211.597       17253.631           0.570
       27146.669       17113.192           0.592
       28446.993       17362.250           0.495
       29602.039       17444.604           0.206
       30550.119       17421.030           0.375
       31403.049       17447.688           0.247
       32217.102       17522.724           0.895
       33426.988       17184.301           0.966
       34587.269       17553.454           0.904
       35414.155       17416.620           0.567
       36693.004       17246.559           0.771
       37665.139       17222.128           0.241
       38665.637       17588.340           0.488
       39259.851       17124.582           0.525
       40691.110       17288.720           0.244
       41615.773       17528.920           0.965
       42728.709       17399.328           0.950
       43504.795       17122.093           0.536
       44765.279       17390.097           0.957
       45731.708       17414.610           0.405
       46761.555       17359.086           0.225
       47812.513       17384.736           0.585
       48462.875       17208.497           0.870
       49591.432       17234.388           0.892
       50809.482       17219.225           0.086
       51518.774       17338.444           0.358
       52580.453       17266.620           0.812
       53717.289       17569.132           0.389
       54704.702       17222.877           0.545
       55878.647       17409.846           0.635
       56540.314       17176.950           0.657
       57912.885       17315.668           0.725
       58744.732       17208.310           0.561
       59619.656       17481.985           0.976
       60621.033       17455.444           0.314
       61897.888       17102.398           0.895
       62937.444       17264.825           0.702
       63746.682       17349.827           0.663
       64812.466       17182.642           0.917
       65604.778       17344.962           0.288
       66887.014       17516.148           0.381
       68066.731       17344.846           0.754
       68964.831       17173.857           0.399
       69657.154       17579.860           0.720
       70980.603       17487.857           0.537
       72150.779       17315.937           0.963
       72796.182       17457.113           0.175
       73964.358       17322.802           0.099
       74870.080       17587.503           0.605
       76197.030       17474.880           0.872
       76933.720       17487.832           0.999
       78151.934       17139.970           0.720
       79155.068       17216.282           0.669
       80000.000       17346.939           0.000
           0.000       18367.347           0.000
        1129.548       18287.503           0.648
        2214.865       18152.500           0.399
        2795.935       18140.095           0.446
        4034.498       18206.835           0.706
        5103.549       18352.009           0.520
        5877.810       18227.481           0.305
        7288.373       18402.866           0.431
        8338.914       18139.211           0.201
        9092.086       18314.268           0.296
       10283.836       18476.682           0.496
       10905.330       18139.157           0.544
       11915.015       18298.954           0.502
       13163.576       18549.731           0.572
       14170.115       18416.956           0.830
       14967.900       18361.346           0.308
       16331.797       18484.561           0.363
       17066.012       18472.494           0.650
       18153.698       18500.872           0.674
       19428.798       18550.289           0.345
       20049.094       18269.055           0.866
       21479.600       18479.769           0.147
       22265.326       18436.694           0.694
       23084.285       18170.286           0.087
       24073.406       18588.970           0.020
       25122.862       18237.572           0.064
       26471.224       18387.459           0.432
       27437.199       18455.894           0.980
       28323.576       18479.730           0.591
       29215.559       18591.787           0.210
       30549.965       18182.734           0.982
       31204.765       18434.210           0.654
       32443.996       18470.140           0.131
       33384.128       18500.658           0.569
       34497.844       18337.333           0.942
       35532.009       18422.799           0.369
       36306.803       18296.775           0.266
       37687.484       18461.486           0.159
       38689.091       18388.090           0.118
       39395.994       18576.667           0.486
       40461.387       18589.367           0.105
       41765.288       18124.490           0.795
       42624.000       18402.097           0.400
       43505.745       18142.863           0.551
       44469.272       18330.012           0.279
       45388.633       18334.058           0.853
       46473.931       18485.641           0.936
       47689.113       18451.337           0.207
       48565.300       18442.675           0.933
       49604.360       18272.056           0.612
       50411.999       18350.195           0.135
       51604.648       18519.143           0.432
       52701.361       18530.637           0.991
       53882.688       18512.939           0.598
       54588.278       18518.016           0.337
       55627.111       18226.075           0.959
       56749.718       18589.900           0.928
       57763.044       18444.986           0.752
       58980.016       18517.011           0.862
       59891.116       18572.251           0.810
       60811.963       18173.202           0.074
       61890.609       18184.174           0.445
       62648.673       18516.549           0.332
       64020.193       18161.347           0.219
       64742.501       18396.340           0.285
       65727.143       18190.479           0.542
       66751.701       18166.149           0.049
       67700.262       18409.286           0.102
       69089.694       18497.511           0.962
       70036.255       18541.990           0.296
       70867.632       18563.727           0.376
       71694.584       18465.536           0.797
       73074.467       18484.211           0.787
       73786.582       18176.266           0.565
       74720.699       18355.436           0.663
       76086.748       18593.194           0.741
       76733.823       18419.409           0.883
       77851.962       18172.041           0.503
       78920.472       18433.339           0.719
       80000.000       18367.347           0.000
           0.000       19387.755           0.000
        1045.638       19295.399           0.599
        2106.640       19239.020           0.543
        3130.290       19332.362           0.455
        4005.240       19472.287           0.261
        5273.471       19636.713           0.138
        6279.367       19552.439           0.885
        7272.213       19406.397           0.049
        8300.820       19354.540           0.333
        8933.038       19432.861           0.014
       10154.504       19523.765           0.030
       11302.211       19410.714           0.531
       12381.778       19316.258           0.336
       13226.902       19476.747           0.780
       14022.824       19459.082           0.043
       15165.118       19214.320           0.967
       16391.868       19297.645           0.684
       16973.669       19587.225           0.554
       18043.554       19273.707           0.630
       19417.446       19582.678           0.660
       20295.125       19539.871           0.168
       21223.172       19494.459           0.595
       22371.623       19485.009           0.938
       23198.232       19552.555           0.619
       24458.433       19498.424           0.718
       25191.834       19208.516           0.506
       26441.173       19143.044           0.705
       27213.860       19281.179           0.621
       28113.636       19442.006           0.794
       29120.190       19245.235           0.447
       30567.124       19482.547           0.202
       31635.187       19535.342           0.708
       32640.890       19243.067           1.006
       33363.111       19331.866           1.008
       34239.996       19444.180           0.672
       35659.596       19431.427           0.408
       36650.014       19399.542           0.831
       37678.094       19603.907           0.828
       38505.096       19607.129           0.594
       39495.126       19355.688           0.839
       40546.871       19290.071           0.532
       41580.770       19420.173           0.650
       42366.206       19522.805           0.995
       43740.990       19415.801           0.579
       44680.669       19273.438           0.858
       45409.185       19378.630           0.423
       46574.514       19226.686           0.131
       47452.810       19421.475           0.205
       48525.999       19283.408           0.956
       49739.965       19467.311           0.892
       50533.552       19613.428           0.732
       51714.515       19621.032           0.055
       52757.342       19177.288           0.593
       53796.320       19214.704           0.513
       54786.554       19261.762           0.557
       55620.484       19445.386           0.533
       56914.629       19444.123           0.796
       57589.427       19238.501           0.332
       58904.446       19167.610           0.360
       59608.668       19375.949           0.093
       60926.935       19150.340           0.790
       61935.795       19559.522           0.714
       62930.640       19346.889           0.114
       63997.014       19163.083           0.449
       64755.015       19471.093           0.900
       65951.141       19326.136           0.473
       66607.041       19270.375           0.610
       67608.506       19446.417           0.135
       68911.942       19143.772           0.299
       70115.534       19400.993           0.851
       71042.881       19272.754           0.494
       72037.083       19635.975           0.389
       72954.668       19480.498           0.954
       74015.177       19593.212           0.121
       75176.013       19243.303           0.996
       76137.075       19399.682           1.010
       76943.142       19327.183           0.197
       77763.916       19637.886           0.770
       78791.432       19478.127           0.348
       80000.000       19387.755           0.000
           0.000       20408.164           0.000
        1172.215       20625.146           0.460
        2227.726       20241.565           0.930
        3063.424       20455.762           0.369
        4012.498       20153.235           0.118
        4941.269       20565.352           0.218
        6277.416       20206.980           0.015
        6885.493       20511.367           0.055
        7877.295       20250.172           0.873
        9167.273       20657.556           0.570
       10263.780       20193.860           0.389
       11259.337       20231.711           0.193
       12238.370       20549.619           0.791
       13310.689       20639.353           0.402
       14271.234       20247.656           0.477
       15042.983       20219.929           0.796
       16321.737       20609.170           0.290
       17027.916       20609.521           0.685
       18322.948       20221.491           0.153
       19440.685       20594.311           0.598
       20436.821       20419.739           0.762
       21167.550       20446.236           0.175
       22025.318       20446.710           0.441
       23323.778       20411.650           0.161
       24351.618       20313.282           0.700
       25243.254       20596.634           0.668
       26193.457       20277.791           0.395
       27524.291       20616.797           0.173
       28137.329       20153.626           0.255
       29541.017       20410.265           0.253
       30208.047       20266.411           0.425
       31213.606       20550.521           0.536
       32330.231       20621.712           0.258
       33425.732       20506.510           0.264
       34655.904       20490.603           0.605
       35462.070       20527.440           0.173
       36593.870       20372.875           0.687
       37227.540       20183.657           0.761
       38641.035       20349.751           0.037
       39329.633       20433.336           0.255
       40564.059       20326.002           0.013
       41574.730       20329.237           0.853
       42421.365       20531.169           0.873
       43650.275       20580.369           0.460
       44783.150       20423.860           0.090
       45358.737       20365.101           0.848
       46480.385       20641.535           0.288
       47360.786       20655.695           0.057
       48712.777       20315.761           0.810
       49723.057       20461.999           0.238
       50869.167       20194.707           0.636
       51553.426       20258.242           0.818
       52473.012       20362.889           0.504
       53755.315       20661.436           0.984
       54574.106       20287.510           0.731
       55535.002       20561.987           0.797
       56511.429       20617.264           0.794
       57675.226       20518.405           0.132
       58745.003       20541.279           0.236
       59524.071       20209.444           0.326
       60765.926       20373.692           0.064
       61736.572       20371.509           0.830
       62757.415       20204.019           0.359
       63587.110       20612.666           0.166
       64988.774       20635.404           0.885
       65842.916       20551.042           0.601
       66885.404       20622.415           0.331
       67758.956       20518.743           0.952
       68821.426       20440.792           0.145
       69653.044       20430.838           0.383
       70947.763       20394.661           0.327
       71653.906       20227.968           0.817
       73056.419       20202.988           0.081
       73966.298       20473.716           0.304
       74941.485       20174.973           0.046
       76140.166       20302.171           0.272
       77203.145       20614.603           0.275
       77776.581       20621.081           0.824
       78994.382       20579.401           0.929
       80000.000       20408.164           0.000
           0.000       21428.572           0.000
        1206.372       21299.001           0.667
        2087.556       21368.026           0.331
        2806.050       21206.571           0.305
        4286.276       21233.760           0.171
        5259.988       21221.750           0.465
        6103.923       21593.584           0.235
        7115.819       21210.505           0.343
        7928.116       21411.832           0.885
        9153.272       21660.065           0.771
        9992.391       21362.346           0.073
       11004.869       21429.750           0.421
       11986.990       21342.320           0.307
       13245.272       21520.844           0.851
       14187.310       21287.744           0.084
       15233.387       21225.290           0.230
       16065.247       21521.113           0.788
       17373.451       21609.977           0.285
       18429.259       21466.345           0.920
       19087.748       21623.811           0.783
       20361.756       21535.688           1.004
       21413.238       21627.671           0.470
       22472.902       21673.733           0.435
       23291.311       21210.741           0.852
       24145.658       21279.261           0.432
       25518.687       21189.024           0.133
       26377.072       21560.896           0.844
       27245.115       21198.331           0.668
       28332.668       21378.569           0.521
       29468.594       21297.126           0.092
       30310.820       21205.934           0.709
       31230.352       21592.329           0.326
       32549.760       21404.965           0.968
       33439.345       21311.962           0.971
       34348.746       21305.429           0.125
       35282.375       21403.646           0.861
       36379.879       21381.235           0.054
       37646.881       21455.109           0.670
       38239.521       21465.019           0.700
       39362.408       21610.715           0.952
       40445.480       21598.324           0.837
       41590.388       21329.532           0.362
       42314.707       21183.248           0.164
       43487.365       21400.151           0.836
       44372.115       21194.604           0.392
       45468.051       21246.342           0.333
       46789.269       21674.484           0.269
       47424.777       21324.632           0.067
       48803.781       21412.292           0.340
       49611.273       21582.974           0.167
       50790.330       21339.147           0.745
       51767.357       21341.871           0.651
       52812.178       21529.238           0.824
       53858.583       21539.127           0.237
       54887.254       21393.731           0.580
       55897.366       21270.802           0.308
       56802.481       21587.753           0.562
       57622.262       21617.230           0.363
       58935.683       21181.388           0.363
       59731.902       21470.787           0.861
       60507.182       21625.149           0.930
       61583.261       21415.480           0.633
       62666.712       21589.478           0.849
       63820.878       21541.399           0.032
       64929.548       21236.463           0.421
       65591.247       21287.260           0.316
       66855.052       21515.847           0.086
       68027.467       21517.211           0.459
       68935.419       21624.922           0.303
       69914.599       21374.706           0.921
       70648.832       21654.586           0.803
       72010.942       21665.981           0.512
       73067.466       21181.608           0.699
       73774.275       21678.105           0.987
       75078.373       21185.199           0.248
       75929.240       21337.881           0.690
       77194.797       21617.254           0.407
       78096.955       21286.502           0.601
       79015.424       21209.282           0.328
       80000.000       21428.572           0.000
           0.000       22448.979           0.000
         854.326       22691.544           0.588
        2180.226       22447.220           0.992
        3033.448       22365.755           0.371
        3797.509       22270.095           0.763
        5297.307       22590.165           0.411
        6011.513       22312.874           0.038
        6979.375       22391.701           0.349
        8140.158       22599.679           0.907
        9348.229       22519.950           0.372
       10236.230       22301.097           0.018
       11272.446       22215.277           0.789
       12269.807       22351.985           0.484
       13192.900       22669.949           0.571
       14076.037       22278.257           0.151
       15056.913       22440.774           0.519
       16010.492       22258.873           0.384
       17274.496       22660.734           0.231
       18204.911       22523.050           0.886
       19308.166       22449.127           0.500
       20298.171       22422.075           0.823
       21060.990       22354.992           0.353
       22030.099       22546.300           0.119
       23419.887       22591.157           0.052
       24511.546       22264.472           0.274
       25150.153       22519.559           0.801
       26247.838       22676.865           0.526
       27534.383       22370.880           0.171
       28235.572       22635.360           0.918
       29354.359       22303.420           0.360
       30488.841       22328.081           0.867
       31499.973       22546.513           0.513
       32203.448       22268.249           0.501
       33495.318       22354.235           0.709
       34390.137       22459.717           0.162
       35544.910       22456.085           0.253
       36352.044       22194.773           0.097
       37514.721       22421.205           0.455
       38512.458       22469.274           0.195
       39623.284       22490.175           0.357
       40662.248       22684.400           0.562
       41638.859       22587.085           0.582
       42516.861       22232.026           0.537
       43439.052       22627.779           0.318
       44476.649       22459.640           0.190
       45785.881       22225.116           0.489
       46661.857       22517.165           0.746
       47831.955       22197.172           0.586
       48755.360       22561.405           0.895
       49603.134       22675.689           0.367
       50534.949       22563.644           0.118
       51888.059       22391.101           0.039
       52623.695       22407.242           0.508
       53541.801       22496.295           0.863
       54722.417       22569.072           0.060
       55521.468       22621.545           0.308
       56937.974       22511.582           0.474
       57777.097       22443.681           0.597
       58889.730       22323.582           0.072
       59622.044       22425.107           0.968
       60546.089       22444.203           0.262
       61737.534       22500.170           0.409
       62542.463       22303.176           0.561
       63972.525       22530.255           0.097
       64992.023       22549.383           0.587
       65600.944       22391.522           0.275
       66857.273       22580.401           0.316
       67606.939       22241.808           0.580
       68981.267       22663.899           0.178
       69932.444       22395.848           0.583
       70769.959       22321.487           0.615
       72125.397       22465.209           0.897
       73087.182       22502.937           0.353
       73975.134       22496.524           0.497
       74816.103       22521.861           0.807
       75971.857       22267.430           0.857
       77039.025       22627.303           0.317
       78024.935       22542.275           0.358
       78758.345       22509.958           0.468
       80000.000       22448.979           0.000
           0.000       23469.388           0.000
         830.802       23586.258           0.094
        1823.728       23563.348           0.061
        3042.450       23509.823           0.691
        4233.938       23599.819           0.374
        5193.272       23222.061           0.856
        6240.026       23411.487           0.588
        7048.414       23255.955           0.793
        8139.962       23690.076           0.187
        9070.904       23595.813           0.115
       10113.713       23652.055           0.435
       11356.183       23431.936           0.128
       12110.170       23666.995           0.181
       13197.341       23647.607           0.608
       14351.370       23307.293           0.200
       15269.827       23383.188           0.752
       16100.908       23526.110           0.698
       17054.058       23385.725           0.335
       18142.926       23342.226           0.525
       19270.234       23606.622           0.677
       20450.193       23358.986           0.625
       21063.362       23393.025           0.324
       22079.086       23421.887           0.968
       23184.200       23336.810           0.717
       24264.672       23495.200           0.698
       25356.970       23599.152           0.455
       26230.980       23548.249           0.497
       27587.144       23270.590           0.147
       28142.546       23638.114           0.558
       29195.751       23358.471           0.504
       30230.889       23283.544           0.318
       31274.460       23295.486           0.328
       32387.074       23231.427           0.710
       33417.521       23522.990           0.660
       34654.443       23556.007           0.148
       35371.628       23695.335           0.425
       36584.633       23517.977           0.570
       37633.722       23603.276           0.787
       38326.986       23516.236           0.226
       39554.961       23592.875           0.583
       40645.838       23418.628           0.708
       41558.850       23464.607           0.717
       42442.430       23701.380           0.537
       43690.989       23613.853           0.490
       44364.428       23401.596           0.988
       45520.968       23608.680           0.827
       46497.595       23624.136           0.421
       47550.653       23403.698           0.817
       48378.283       23317.291           0.539
       49628.895       23456.181           0.740
       50530.913       23390.275           0.871
       51787.736       23502.863           0.683
       52883.798       23336.449           0.309
       53686.525       23428.310           0.575
       54586.131       23314.881           0.282
       55556.132       23244.707           0.581
       56754.788       23509.791           0.126
       57500.211       23283.358           0.417
       58935.755       23448.039           0.029
       59893.566       23215.796           0.295
       60725.165       23722.860           0.333
       61802.860       23613.346           0.334
       62897.093       23668.907           0.751
       63584.516       23235.475           0.086
       64776.616       23571.004           0.407
       65987.542       23304.536           0.357
       67080.439       23477.339           0.665
       67761.566       23501.681           0.023
       68764.666       23499.743           0.723
       69985.726       23456.116           0.986
       71053.457       23255.913           0.080
       71898.869       23381.498           0.970
       73083.439       23591.344           0.368
       73731.171       23559.961           0.043
       75088.021       23345.622           0.334
       76055.647       23451.606           0.833
       76878.827       23597.696           0.107
       77793.704       23598.836           0.035
       79021.673       23424.996           0.715
       80000.000       23469.388           0.000
           0.000       24489.796           0.000
        1187.320       24457.818           0.981
        2102.279       24576.592           0.619
        3117.882       24394.148           0.211
        4294.003       24446.951           0.636
        5112.969       24616.551           0.601
        6129.276       24372.451           0.010
        6913.964       24514.032           0.814
        8115.594       24276.063           0.931
        9021.425       24515.060           0.958
       10130.247       24485.174           0.603
       10886.761       24295.642           1.003
       11909.532       24376.159           0.431
       13362.381       24364.077           0.395
       14255.286       24478.915           0.885
       15371.267       24411.920           0.649
       16326.704       24275.496           0.662
       17109.097       24406.982           0.488
       18415.134       24500.146           0.810
       19084.541       24670.632           0.047
       20146.517       24689.591           0.931
       21473.481       24633.379           0.931
       22502.773       24391.491           0.268
       23122.528       24290.309           0.027
       24499.143       24664.832           0.246
       25189.498       24407.742           1.005
       26172.989       24455.971           0.180
       27449.524       24516.015           0.907
       28421.185       24476.237           0.214
       29205.123       24537.274           0.762
       30561.497       24626.496           0.410
       31501.111       24363.501           0.059
       32534.747       24442.120           0.748
       33432.091       24709.818           0.649
       34628.730       24442.584           0.995
       35445.478       24375.518           0.833
       36643.290       24247.424           0.354
       37249.328       24687.761           0.602
       38695.652       24395.362           0.741
       39613.824       24687.512           0.030
       40722.985       24379.443           0.141
       41298.998       24553.573           0.082
       42459.154       24421.059           0.654
       43776.284       24271.975           0.187
       44801.124       24630.579           0.118
       45729.175       24363.358           0.663
       46730.396       24384.800           0.339
       47375.870       24624.579           0.166
       48532.311       24591.804           0.980
       49491.132       24664.692           0.587
       50643.830       24633.888           0.866
       51632.885       24656.872           0.172
       52906.802       24244.431           0.868
       53642.758       24320.466           0.688
       54708.615       24337.064           0.350
       55874.878       24456.752           0.669
       56579.558       24522.727           0.866
       57694.256       24256.440           0.579
       58664.877       24308.748           0.562
       59674.739       24661.104           0.487
       60795.350       24739.792           0.573
       61601.492       24680.640           0.787
       62715.162       24269.363           0.017
       63584.151       24529.594           0.751
       64828.680       24343.249           1.006
       65649.514       24601.219           1.001
       66935.391       24236.019           0.540
       68058.958       24656.546           0.131
       68850.277       24600.085           0.371
       70064.736       24728.177           0.070
       70934.332       24433.278           0.689
       72086.141       24661.744           0.150
       72692.205       24593.959           0.317
       73885.056       24669.602           0.402
       74790.699       24244.431           0.443
       76096.409       24430.967           0.874
       77041.887       24617.210           0.209
       78018.125       24566.035           0.620
       78859.884       24614.115           0.544
       80000.000       24489.796           0.000
           0.000       25510.204           0.000
         854.855       25503.370           0.517
        2229.545       25267.597           0.136
        3056.435       25709.679           0.878
        4074.131       25576.996           0.024
        5178.391       25533.728           0.169
        6008.585       25413.813           0.537
        6862.339       25300.836           0.036
        7965.938       25367.377           0.478
        9234.692       25468.414           0.422
       10156.778       25513.657           0.488
       11345.841       25333.977           0.200
       12372.984       25526.110           0.708
       13212.393       25310.478           0.376
       14270.410       25259.796           0.585
       15304.270       25328.036           0.762
       16237.694       25711.717           0.029
       17186.353       25372.828           0.255
       18070.081       25530.330           0.505
       18993.350       25583.770           0.173
       20381.178       25582.367           0.058
       21089.979       25317.210           0.417
       22475.901       25431.403           0.219
       23038.909       25447.010           0.564
       24252.315       25641.983           0.055
       25465.159       25478.521           0.972
       26428.506       25517.404           0.600
       27439.584       25512.459           0.500
       28162.132       25581.846           0.113
       29297.601       25480.661           0.867
       30147.613       25438.923           0.767
       31162.105       25428.450           0.726
       32549.228       25687.221           0.633
       33483.614       25728.308           0.110
       34230.501       25497.741           0.723
       35529.003       25655.047           0.859
       36692.227       25315.822           0.735
       37271.789       25267.838           0.812
       38538.787       25497.962           0.032
       39516.301       25464.886           0.811
       40514.989       25677.946           0.440
       41736.776       25524.618           0.131
       42730.178       25473.151           0.241
       43396.754       25626.023           0.468
       44631.251       25409.689           0.705
       45359.229       25638.710           0.721
       46519.975       25539.777           0.043
       47756.592       25537.124           0.516
       48476.797       25658.450           0.286
       49481.386       25478.424           0.199
       50810.070       25377.913           0.953
       51605.156       25666.109           0.590
       52623.621       25610.035           0.915
       53886.106       25341.749           0.367
       54912.042       25351.496           0.112
       55723.537       25668.720           0.866
       56822.973       25654.343           0.133
       57866.996       25277.935           0.030
       58488.983       25445.862           0.179
       59955.280       25563.025           0.989
       60566.887       25493.765           0.936
       61819.642       25634.433           0.070
       62855.436       25514.029           0.809
       63928.200       25282.142           0.372
       65032.968       25485.339           0.076
       65894.059       25528.034           0.736
       66812.174       25706.386           0.601
       67713.205       25492.500           0.094
       68981.769       25601.391           0.796
       69939.140       25485.007           0.966
       70727.652       25733.083           0.733
       71675.944       25284.178           0.973
       72927.554       25381.323           0.397
       73681.144       25761.691           0.156
       75189.548       25352.480           0.643
       75811.369       25391.649           0.014
       77056.686       25683.005           0.840
       78027.947       25357.307           0.421
       79032.132       25322.915           0.846
       80000.000       25510.204           0.000
           0.000       26530.612           0.000
         908.556       26474.405           0.371
        2207.159       26595.687           0.948
        3039.546       26592.598           0.514
        4161.425       26508.205           0.826
        5157.288       26534.377           0.883
        5923.986       26601.192           0.152
        7289.263       26717.756           0.063
        8275.485       26392.058           0.635
        9179.924       26386.109           0.087
       10141.163       26506.350           0.161
       10899.433       26369.303           0.989
       12125.127       26693.448           0.939
       13194.392       26455.588           0.098
       14280.718       26388.857           0.813
       15441.012       26346.460           0.250
       16281.191       26275.574           0.229
       17201.633       26469.252           0.491
       18204.038       26525.605           0.344
       19135.659       26613.530           0.804
       20428.969       26332.116           0.458
       21514.689       26365.221           0.820
       22195.843       26289.716           0.317
       23193.289       26353.724           0.942
       24470.810       26601.238           0.824
       25137.213       26277.195           0.070
       26267.427       26387.926           1.001
       27409.503       26308.002           0.506
       28394.370       26781.786           0.631
       29552.930       26738.561           0.921
       30147.022       26701.617           0.112
       31506.283       26292.092           0.463
       32213.697       26425.996           0.213
       33421.965       26474.991           0.198
       34377.854       26726.866           0.095
       35643.476       26358.850           0.955
       36275.227       26553.973           0.512
       37416.558       26520.183           0.357
       38392.900       26643.547           0.954
       39493.297       26419.400           0.911
       40593.319       26389.504           0.929
       41695.825       26680.053           0.312
       42475.460       26740.530           0.405
       43707.186       26740.856           1.010
       44549.280       26658.509           0.053
       45744.657       26745.898           0.488
       46524.284       26699.858           0.503
       47558.700       26457.566           0.232
       48732.422       26340.917           0.013
       49807.489       26328.913           0.038
       50461.841       26499.718           0.608
       51505.099       26290.695           0.784
       52599.076       26753.567           0.858
       53857.840       26717.181           0.807
       54932.963       26719.220           0.666
       55476.218       26307.872           0.829
       56486.682       26783.654           0.261
       57481.766       26685.604           0.742
       58705.369       26738.957           0.274
       59974.671       26306.727           0.033
       60562.143       26643.264           0.546
       61737.284       26758.013           0.857
       62582.749       26379.797           0.078
       63604.073       26712.015           0.035
       64764.697       26771.899           0.165
       65967.405       26440.879           0.660
       67045.093       26722.478           0.646
       67753.876       26400.181           0.648
       69049.548       26655.541           0.618
       69994.471       26745.525           0.944
       70946.007       26505.141           0.567
       71971.018       26719.822           0.176
       72702.457       26699.015           0.713
       73875.985       26518.384           0.740
       75135.718       26561.222           0.917
       75720.937       26486.618           0.419
       76771.513       26667.583           0.043
       77813.793       26580.838           0.148
       79207.742       26679.204           0.994
       80000.000       26530.612           0.000
           0.000       27551.019           0.000
         812.002       27518.252           0.841
        1991.890       27779.541           0.053
        2812.450       27330.924           0.384
        4056.711       27665.415           0.410
        4972.243       27697.154           0.500
        5872.308       27365.923           0.761
        7003.820       27639.047           0.413
        7983.560       27703.241           0.306
        9027.183       27664.637           0.222
       10078.174       27788.864           0.520
       10910.725       27458.925           0.678
       12143.384       27422.636           0.514
       13264.055       27457.426           0.408
       14243.322       27481.256           0.475
       15317.017       27316.424           0.032
       16087.388       27416.459           0.837
       17142.059       27717.923           0.485
       18123.291       27463.527           0.797
       18997.548       27640.255           0.793
       20198.005       27305.995           0.846
       21404.379       27324.908           0.594
       22238.192       27653.584           0.162
       23195.339       27694.866           0.267
       24096.754       27609.026           0.385
       25176.725       27722.285           0.359
       26332.354       27770.130           0.966
       27352.281       27458.412           0.967
       28516.234       27531.377           0.338
       29441.814       27771.253           0.381
       30276.309       27638.593           0.900
       31198.844       27770.478           0.650
       32412.822       27568.365           0.485
       33598.403       27700.164           0.538
       34547.897       27360.682           0.315
       35432.298       27299.740           0.850
       36299.533       27404.954           0.228
       37497.391       27572.982           0.643
       38377.420       27805.785           0.388
       39622.060       27389.929           0.824
       40308.188       27754.566           0.799
       41342.815       27446.318           0.258
       42513.086       27685.596           0.056
       43403.527       27301.949           0.742
       44713.941       27645.408           0.373
       45409.007       27446.795           0.502
       46411.033       27497.250           0.598
       47640.166       27592.439           0.351
       48698.884       27678.778           0.345
       49574.736       27616.929           0.893
       50385.673       27624.064           0.502
       51689.999       27541.094           0.062
       52652.120       27687.633           0.629
       53749.245       27507.544           0.872
       54765.286       27380.597           0.484
       55486.404       27771.398           0.227
       56752.006       27655.945           0.565
       57914.636       27629.182           0.337
       58533.251       27361.806           0.049
       59975.304       27635.414           0.589
       60753.402       27786.771           0.841
       61644.290       27363.594           0.460
       62880.485       27418.452           0.641
       63574.448       27355.918           0.651
       64999.152       27654.322           0.314
       65838.038       27469.033           0.171
       66651.897       27738.219           0.887
       67775.183       27620.605           0.584
       68888.043       27328.790           0.252
       69853.208       27376.670           0.497
       71081.589       27351.487           0.098
       72101.573       27361.187           0.798
       72838.453       27782.053           0.569
       73961.922       27321.738           0.590
       75084.898       27343.731           0.551
       75979.735       27713.164           0.694
       76940.769       27699.957           0.452
       77973.289       27305.147           0.451
       78784.524       27780.401           0.357
       80000.000       27551.019           0.000
           0.000       28571.430           0.000
        1137.864       28461.284           0.365
        1980.499       28788.584           0.843
        3192.896       28650.901           0.127
        4281.867       28548.159           0.565
        4852.508       28709.597           0.227
        6059.787       28605.761           0.688
        6966.013       28601.133           0.032
        7925.686       28335.350           0.135
        9286.676       28641.606           0.691
       10327.812       28517.977           0.607
       11038.753       28589.416           0.103
       12394.004       28474.981           0.330
       13257.419       28479.675           0.542
       14171.402       28714.304           0.902
       15153.398       28720.324           0.290
       16073.577       28649.049           0.079
       17367.708       28353.642           0.653
       18114.512       28657.540           0.074
       19175.842       28380.424           0.725
       20271.909       28516.348           0.053
       21129.657       28488.921           0.705
       22356.196       28361.366           0.647
       23124.216       28668.365           0.503
       24542.928       28691.399           0.755
       25418.169       28541.591           0.292
       26556.101       28752.322           0.572
       27125.459       28351.366           0.470
       28148.293       28527.576           0.458
       29142.766       28477.212           0.139
       30452.212       28321.868           0.204
       31277.937       28776.675           0.256
       32289.517       28799.929           0.957
       33372.973       28529.307           0.111
       34358.198       28610.523           0.338
       35620.203       28379.046           0.616
       36395.773       28461.725           0.914
       37236.722       28820.651           0.859
       38564.792       28665.307           0.664
       39627.879       28430.146           0.018
       40327.358       28718.568           0.971
       41578.952       28502.101           0.509
       42325.343       28582.195           0.101
       43772.672       28372.777           0.768
       44798.487       28746.138           0.152
       45697.006       28626.405           0.941
       46642.374       28435.117           0.776
       47495.035       28787.359           0.405
       48737.793       28686.357           0.829
       49608.897       28620.917           0.325
       50496.260       28804.931           0.804
       51607.849       28535.345           0.399
       52850.619       28500.411           0.660
       53847.285       28688.160           0.962
       54682.341       28728.780           0.488
       55812.738       28609.093           0.501
       56887.301       28630.481           0.905
       57669.044       28707.912           0.069
       58879.221       28669.359           0.598
       59741.510       28365.745           0.054
       60939.478       28673.017           0.950
       61875.606       28797.330           0.295
       62915.036       28702.919           0.018
       63913.385       28353.225           0.267
       64733.623       28658.631           0.405
       65993.130       28373.602           0.071
       66649.249       28351.152           0.121
       67705.672       28824.156           0.650
       68929.778       28638.045           1.010
       70018.390       28752.963           0.763
       70750.987       28814.115           0.345
       71986.897       28553.386           0.489
       73012.465       28803.459           0.240
       73987.324       28816.989           0.049
       75136.704       28359.772           0.413
       76006.555       28686.254           0.665
       77189.962       28761.270           0.999
       78160.671       28618.432           0.651
       79003.028       28393.133           0.402
       80000.000       28571.430           0.000
           0.000       29591.838           0.000
        1076.722       29438.646           0.824
        2037.673       29838.048           0.589
        3008.860       29740.190           0.091
        3887.579       29424.905           0.345
        5244.773       29354.506           0.658
        5832.889       29380.180           0.639
        6928.988       29743.957           0.021
        8344.536       29541.142           0.295
        9364.436       29393.682           0.747
       10185.211       29605.695           0.611
       10905.264       29558.827           0.046
       12071.394       29493.698           1.003
       13129.804       29385.984           0.194
       13949.360       29652.995           0.318
       15216.554       29833.281           0.409
       16124.407       29636.383           0.743
       17258.556       29359.905           0.626
       18002.616       29486.642           0.535
       19111.728       29449.738           0.320
       20270.178       29400.037           0.091
       21029.051       29396.837           0.264
       22257.573       29450.307           0.401
       23053.205       29405.408           0.312
       24257.190       29642.779           0.706
       25429.424       29695.923           0.532
       26407.335       29452.460           0.802
       27097.628       29599.575           0.118
       28376.202       29552.438           0.198
       29351.169       29445.360           0.597
       30379.890       29467.721           0.948
       31400.774       29446.521           0.742
       32369.286       29702.494           0.670
       33520.634       29562.568           0.705
       34414.586       29421.997           0.794
       35543.595       29400.190           0.734
       36305.827       29789.604           0.235
       37304.405       29793.785           0.356
       38705.767       29734.086           1.003
       39731.005       29605.696           0.552
       40659.127       29645.423           0.128
       41663.029       29627.069           0.743
       42359.901       29794.707           0.380
       43518.634       29486.571           0.278
       44358.684       29616.588           0.624
       45388.244       29513.284           0.850
       46460.495       29712.453           0.675
       47842.004       29675.581           0.453
       48808.634       29595.638           1.001
       49828.778       29454.990           0.321
       50550.668       29770.909           0.239
       51603.979       29838.554           0.743
       52830.584       29562.324           0.899
       53627.116       29764.010           0.285
       54830.494       29845.257           0.887
       55622.067       29764.574           0.854
       56707.853       29451.768           0.897
       57576.835       29430.460           0.816
       58803.174       29398.345           0.181
       59935.908       29691.086           0.306
       60748.479       29835.197           0.835
       61777.035       29474.069           0.553
       62989.969       29404.782           0.605
       63976.487       29364.342           0.634
       64938.129       29496.723           0.428
       65741.765       29472.385           0.997
       66927.614       29532.244           0.115
       67712.289       29816.035           0.336
       68891.442       29791.520           0.216
       70089.235       29622.796           0.794
       70764.203       29445.277           0.632
       72025.149       29800.469           0.938
       72672.901       29528.340           0.510
       73791.122       29613.011           0.467
       74758.316       29738.496           0.385
       76049.438       29785.042           0.131
       76748.729       29362.129           0.634
       77915.172       29643.334           0.072
       79100.559       29820.064           0.141
       80000.000       29591.838           0.000
           0.000       30612.245           0.000
         816.074       30362.759           0.218
        1916.511       30397.897           0.785
        2949.763       30416.143           0.625
        3912.274       30576.945           0.524
        4842.750       30525.909           0.139
        5916.182       30466.526           1.003
        6954.002       30646.288           0.986
        8245.489       30662.284           0.716
        9013.502       30830.465           0.127
       10361.188       30773.443           0.484
       10990.911       30377.037           0.015
       12167.632       30828.054           0.604
       13128.561       30700.121           0.073
       14300.499       30664.493           0.342
       15086.583       30587.380           0.858
       15986.085       30788.945           0.622
       17200.021       30815.761           0.801
       17998.389       30631.959           0.528
       19275.326       30840.709           0.987
       20343.827       30400.480           0.603
       21153.844       30818.954           0.129
       22357.658       30391.724           0.485
       23059.053       30654.270           0.695
       24296.367       30452.174           0.518
       25257.256       30762.753           0.758
       26375.571       30611.403           0.235
       27482.521       30674.428           0.056
       28303.109       30634.802           0.922
       29482.930       30519.329           0.951
       30191.847       30534.561           0.224
       31417.817       30386.699           0.923
       32561.956       30614.845           0.763
       33189.655       30570.006           0.092
       34216.334       30830.474           0.693
       35585.804       30592.495           0.847
       36466.284       30712.617           0.475
       37640.212       30821.876           0.339
       38574.762       30777.855           0.197
       39448.160       30857.652           0.507
       40349.781       30491.960           0.854
       41486.722       30762.507           0.524
       42747.811       30578.365           0.170
       43302.298       30562.652           0.971
       44559.016       30823.610           0.725
       45431.257       30645.468           0.713
       46712.022       30411.679           0.938
       47670.302       30575.489           0.515
       48678.968       30519.877           0.639
       49723.342       30468.065           0.787
       50487.198       30836.612           0.951
       51771.376       30384.832           0.200
       52579.465       30557.120           0.415
       53707.742       30720.920           0.884
       54911.936       30636.697           0.889
       55893.888       30577.255           0.630
       56858.309       30540.236           0.528
       57480.722       30433.990           0.245
       58709.270       30644.777           0.079
       59635.865       30464.743           0.201
       60750.605       30500.707           0.606
       61652.506       30575.670           0.882
       63025.078       30387.408           0.227
       63965.549       30403.235           0.306
       64974.686       30765.935           0.057
       65740.928       30565.713           0.287
       67037.921       30733.133           0.363
       67684.452       30815.195           0.491
       68989.148       30403.610           0.933
       69776.268       30710.173           0.277
       71008.194       30470.737           0.195
       71942.540       30537.868           0.757
       72913.430       30503.353           0.726
       73834.992       30845.072           0.915
       74945.298       30713.283           0.268
       76005.442       30576.494           0.060
       77212.022       30741.425           0.552
       77817.658       30576.418           0.588
       78870.140       30505.320           0.141
       80000.000       30612.245           0.000
           0.000       31632.653           0.000
        1174.555       31807.339           0.291
        2194.516       31672.674           0.787
        2879.252       31496.893           0.094
        3873.343       31431.767           0.544
        5136.909       31436.737           0.999
        6222.443       31721.287           0.630
        7159.546       31379.917           0.622
        8062.293       31814.616           0.822
        9109.713       31379.029           0.786
       10083.503       31598.614           0.184
       10910.593       31811.354           0.830
       12178.276       31591.331           0.599
       13108.189       31805.456           0.780
       14317.458       31419.046           0.173
       15225.656       31850.205           0.175
       15996.495       31781.884           0.491
       17323.562       31381.100           0.703
       18366.781       31570.164           0.788
       19443.175       31731.604           0.564
       20157.472       31453.035           0.668
       21232.283       31419.756           0.642
       22292.191       31525.286           0.574
       23482.504       31541.117           0.159
       24381.237       31524.939           0.677
       25329.214       31640.709           0.527
       26179.627       31431.297           0.726
       27388.625       31886.291           0.793
       28365.300       31850.573           0.533
       29430.498       31765.343           0.196
       30419.268       31650.634           0.794
       31373.291       31637.951           0.171
       32628.423       31495.444           0.121
       33189.885       31546.787           0.805
       34358.240       31756.305           0.045
       35215.669       31726.692           0.028
       36671.758       31764.433           0.703
       37665.385       31757.331           0.726
       38695.622       31820.588           0.559
       39733.844       31493.173           0.823
       40296.235       31685.620           0.556
       41553.181       31486.413           0.305
       42318.885       31456.233           0.317
       43485.429       31851.400           0.872
       44570.652       31531.699           0.096
       45372.709       31505.061           1.007
       46607.729       31716.464           0.648
       47378.094       31529.085           0.633
       48410.115       31607.134           0.599
       49547.520       31571.303           0.299
       50593.765       31460.635           0.651
       51851.043       31783.909           0.717
       52461.032       31504.869           0.711
       53625.717       31751.023           0.679
       54718.771       31639.518           0.925
       55462.287       31659.433           0.930
       56687.788       31498.503           0.469
       57841.668       31589.007           0.177
       58577.688       31600.074           0.997
       59608.802       31400.633           0.414
       60973.239       31559.303           0.680
       61917.685       31528.339           0.952
       62726.443       31466.311           0.425
       63813.594       31768.448           0.474
       64771.826       31650.089           0.256
       65794.219       31685.520           0.654
       66648.473       31460.920           0.517
       68002.100       31497.971           0.227
       69019.886       31386.255           0.975
       70045.574       31855.760           0.048
       70663.920       31475.991           0.621
       71695.584       31792.543           0.802
       73144.509       31633.075           0.045
       73881.610       31830.185           0.942
       74986.974       31691.785           0.918
       76172.053       31469.044           0.942
       76843.144       31797.857           0.054
       77750.142       31486.525           0.249
       78759.278       31716.898           0.436
       80000.000       31632.653           0.000
           0.000       32653.061           0.000
         884.045       32736.925           0.535
        2225.402       32583.913           0.702
        2908.735       32707.912           0.218
        3799.738       32427.995           0.479
        4882.440       32500.747           0.915
        6153.817       32551.005           0.074
        7120.987       32700.731           0.375
        8255.364       32538.679           0.721
        9053.517       32426.093           0.565
       10163.963       32750.516           0.317
       10947.995       32739.506           0.141
       12212.125       32424.708           0.833
       13327.906       32667.952           0.051
       13943.793       32468.154           0.379
       14967.742       32680.589           0.585
       16260.358       32440.219           0.762
       17081.956       32397.966           0.836
       18226.437       32671.019           0.027
       19215.544       32806.506           0.438
       20479.963       32828.016           0.163
       21426.082       32876.886           0.355
       22413.443       32437.283           0.236
       23152.616       32400.573           0.665
       24505.147       32571.858           0.843
       25456.532       32892.152           0.982
       26249.859       32887.824           0.562
       27099.254       32782.613           0.057
       28323.779       32831.592           0.886
       29571.488       32863.440           0.282
       30306.812       32855.521           0.989
       31331.273       32629.753           0.560
       32423.228       32823.913           0.695
       33288.942       32695.571           1.004
       34625.920       32455.475           0.100
       35383.753       32630.944           0.821
       36276.467       32759.496           0.929
       37558.039       32539.663           0.177
       38256.615       32871.576           0.531
       39472.833       32656.318           0.811
       40484.826       32884.573           0.135
       41315.869       32892.177           0.926
       42501.330       32480.923           0.823
       43689.149       32894.213           0.080
       44726.240       32720.344           0.704
       45649.236       32490.756           0.477
       46496.406       32840.641           0.973
       47704.576       32727.905           0.581
       48426.673       32826.189           0.752
       49517.727       32630.205           0.879
       50869.171       32820.879           0.611
       51888.647       32696.200           0.560
       52643.193       32800.099           0.200
       53436.861       32881.828           0.337
       54779.313       32695.806           0.912
       55818.349       32767.856           0.094
       56796.659       32591.415           0.643
       57914.504       32499.187           0.140
       58553.791       32680.032           0.473
       59728.159       32615.651           0.931
       60869.011       32515.122           0.810
       61562.882       32859.392           0.954
       62928.482       32830.326           0.600
       63552.235       32859.958           0.267
       64660.212       32675.193           0.720
       65840.011       32846.019           0.695
       66595.844       32722.556           0.667
       67914.029       32820.406           0.214
       68948.770       32477.839           0.578
       69669.127       32499.369           0.736
       70794.499       32433.761           0.524
       72087.498       32495.252           0.821
       72788.048       32704.675           0.402
       73917.345       32672.252           0.704
       75160.099       32583.693           0.386
       75890.554       32851.757           0.459
       76742.220       32788.318           0.635
       77867.939       32880.212           0.102
       79111.863       32877.631           0.668
       80000.000       32653.061           0.000
           0.000       33673.468           0.000
         799.417       33755.720           0.753
        2116.049       33524.835           0.999
        3039.979       33847.058           0.273
        3939.492       33733.546           0.200
        4813.020       33617.392           0.131
        6237.579       33683.862           0.021
        6919.056       33484.327           0.469
        7948.265       33642.230           0.265
        9076.660       33448.000           0.531
       10002.861       33816.446           0.595
       11313.192       33712.056           0.220
       11981.869       33709.691           0.318
       13222.134       33874.480           0.382
       14096.378       33673.440           0.018
       15227.563       33429.886           0.617
       16383.021       33703.651           0.026
       17034.543       33912.336           0.404
       18279.846       33762.464           0.777
       19152.899       33517.925           0.530
       20163.735       33712.666           0.428
       21403.568       33608.206           0.201
       22058.705       33869.163           0.594
       23067.236       33909.569           0.282
       24213.191       33840.347           0.474
       25256.629       33582.739           0.550
       26222.036       33820.298           0.031
       27096.720       33505.773           0.275
       28517.079       33639.010           0.044
       29215.856       33682.472           0.424
       30551.419       33819.010           0.912
       31405.325       33798.520           0.556
       32164.949       33701.242           0.023
       33323.280       33511.888           0.713
       34634.175       33454.199           0.306
       35528.877       33744.679           0.016
       36572.517       33780.476           0.022
       37477.758       33432.389           0.606
       38241.862       33895.341           0.364
       39571.528       33655.721           0.064
       40695.379       33449.798           0.043
       41571.907       33697.936           0.512
       42390.321       33913.682           0.298
       43382.003       33784.910           0.215
       44608.609       33484.486           0.779
       45769.252       33466.693           0.316
       46578.696       33537.811           0.277
       47629.008       33595.613           0.921
       48750.018       33553.604           0.646
       49810.677       33729.391           0.537
       50548.299       33676.188           0.181
       51837.475       33850.637           0.181
       52482.916       33565.695           0.457
       53589.708       33659.869           0.977
       54929.943       33754.440           0.655
       55661.085       33841.418           0.023
       56503.160       33797.683           0.739
       57849.551       33886.698           0.852
       58950.871       33534.191           0.853
       59839.135       33890.310           0.767
       60531.940       33695.076           0.975
       61883.383       33842.347           0.080
       62831.144       33542.392           0.302
       63734.483       33524.048           0.607
       65046.241       33435.455           0.146
       65746.023       33844.250           0.385
       66844.650       33885.771           0.534
       67965.557       33738.120           0.042
       68630.668       33454.465           0.701
       69975.997       33670.177           0.089
       71040.484       33516.173           0.405
       71695.752       33872.119           0.151
       72976.267       33512.310           0.435
       74114.308       33878.687           0.916
       75183.310       33909.067           0.643
       76164.029       33866.801           0.897
       77171.459       33715.738           0.787
       77785.409       33444.623           0.711
       78762.752       33655.940           0.286
       80000.000       33673.468           0.000
           0.000       34693.879           0.000
        1055.411       34500.477           0.358
        2206.197       34497.078           0.278
        2831.486       34850.605           0.641
        4248.740       34607.174           0.071
        5035.474       34746.155           0.625
        5973.794       34543.221           0.338
        6935.464       34943.982           0.715
        8005.985       34903.904           0.044
        8902.284       34927.785           0.727
       10346.798       34636.833           0.074
       11336.457       34867.580           0.882
       12339.316       34465.379           0.746
       13068.687       34620.181           0.336
       14070.550       34662.581           0.638
       15007.466       34933.765           0.206
       16369.750       34811.618           0.706
       17093.859       34532.805           0.175
       17975.822       34638.275           0.728
       19225.792       34896.321           0.740
       20428.684       34678.187           0.538
       21016.846       34477.584           0.113
       22360.926       34889.521           0.259
       23110.621       34673.176           0.280
       24418.937       34910.115           0.122
       25135.166       34753.477           0.576
       26535.315       34761.855           0.619
       27560.828       34910.358           0.778
       28517.759       34727.748           0.090
       29371.953       34747.818           0.490
       30568.085       34537.940           0.341
       31243.861       34535.383           0.100
       32473.892       34736.770           0.530
       33431.407       34643.806           0.416
       34603.974       34598.731           0.932
       35586.061       34479.164           0.016
       36390.904       34938.057           0.202
       37463.455       34907.766           0.382
       38730.336       34901.855           0.274
       39242.065       34657.613           0.744
       40638.304       34942.333           0.132
       41435.321       34553.364           0.228
       42576.564       34603.748           0.450
       43702.980       34534.626           0.246
       44708.727       34601.100           0.882
       45680.269       34870.881           0.215
       46354.364       34852.987           0.435
       47801.340       34824.597           0.445
       48483.842       34816.462           0.207
       49755.815       34555.132           0.851
       50790.479       34790.629           0.031
       51449.304       34697.027           0.372
       52898.349       34861.798           0.492
       53807.043       34505.224           0.805
       54517.190       34938.643           0.916
       55560.352       34805.866           0.099
       56685.146       34515.202           0.637
       57882.532       34505.959           0.733
       58741.367       34458.818           0.184
       59663.517       34557.875           0.068
       60546.052       34507.317           0.443
       61723.023       34754.035           0.665
       62927.455       34569.660           0.341
       63582.471       34787.279           0.772
       64564.503       34460.166           0.022
       65793.782       34558.771           0.073
       66839.496       34796.258           0.602
       67893.485       34852.743           0.654
       68819.713       34605.837           0.373
       70041.434       34680.853           0.901
       71038.277       34493.790           0.077
       72116.599       34792.177           0.997
       72907.227       34608.443           0.770
       73801.594       34764.339           0.060
       74856.018       34710.237           0.991
       75989.985       34870.489           0.759
       76777.304       34551.078           0.199
       77823.883       34566.534           0.824
       79065.822       34696.343           0.097
       80000.000       34693.879           0.000
           0.000       35714.287           0.000
        1048.788       35479.249           0.334
        1909.301       35889.498           0.336
        3216.591       35841.949           0.774
        3863.045       35836.079           0.913
        5003.656       35805.389           0.032
        5984.764       35584.596           0.066
        6860.519       35668.488           0.156
        7917.318       35535.380           0.705
        9353.672       35823.545           0.822
        9977.196       35864.312           0.694
       11140.021       35704.184           0.427
       12004.264       35540.916           0.641
       13279.992       35786.472           0.254
       14172.618       35553.867           0.917
       14993.190       35745.932           0.402
       16240.165       35498.090           0.580
       17360.164       35884.112           0.318
       18332.157       35711.070           0.689
       19105.058       35903.759           0.086
       20373.199       35623.731           0.734
       21234.087       35764.217           1.006
       22287.494       35687.970           0.378
       23160.383       35957.332           0.979
       24556.758       35897.022           0.914
       25380.127       35854.277           0.752
       26098.532       35966.735           0.297
       27413.778       35515.569           0.350
       28371.802       35953.758           0.461
       29152.907       35819.253           0.414
       30336.275       35670.990           0.757
       31481.536       35747.918           0.222
       32402.669       35675.998           0.245
       33668.668       35948.339           0.653
       34328.774       35963.761           0.448
       35524.661       35918.409           0.944
       36317.002       35888.798           0.448
       37687.968       35689.500           0.217
       38727.580       35627.717           0.296
       39265.449       35601.440           0.797
       40450.122       35569.434           0.734
       41491.729       35940.952           0.654
       42304.519       35697.231           0.109
       43319.194       35719.617           0.720
       44721.299       35917.367           0.526
       45725.235       35544.854           0.856
       46599.612       35574.999           0.220
       47630.482       35731.651           0.815
       48760.789       35711.106           0.038
       49809.213       35906.474           0.472
       50617.490       35869.741           0.847
       51417.853       35519.670           0.476
       52550.996       35465.901           0.722
       53769.397       35826.105           0.907
       54675.081       35647.861           0.165
       55686.306       35858.128           0.069
       56663.604       35743.196           0.073
       57499.099       35690.265           0.793
       58729.211       35540.318           0.621
       59596.490       35950.313           0.555
       60945.376       35797.707           0.600
       61524.300       35685.881           0.055
       62607.474       35864.971           0.511
       63976.900       35465.812           0.735
       64868.389       35486.115           0.528
       66045.607       35666.965           0.143
       66621.917       35605.458           0.825
       68009.237       35579.172           0.777
       68922.697       35488.499           0.242
       69646.185       35593.011           0.087
       70708.196       35671.152           0.620
       71665.957       35741.001           0.410
       72869.412       35478.931           0.677
       73868.687       35598.348           0.766
       75058.398       35640.820           0.307
       75838.490       35469.771           0.887
       76775.739       35567.205           0.049
       78194.189       35734.046           0.550
       78956.027       35509.600           0.429
       80000.000       35714.287           0.000
           0.000       36734.694           0.000
         783.949       36659.652           0.603
        1956.037       36929.900           0.736
        2941.143       36496.026           0.880
        4095.718       36987.740           0.810
        4973.703       36492.284           0.036
        6272.577       36634.231           0.769
        7172.803       36554.170           0.166
        8300.792       36693.327           0.033
        8883.659       36703.570           0.231
       10215.018       36840.652           0.967
       11000.782       36641.287           0.258
       12065.703       36615.698           0.717
       13319.964       36698.939           0.940
       14397.780       36779.855           0.481
       15267.969       36703.905           0.666
       16091.383       36616.099           0.629
       17381.157       36955.455           0.979
       18337.034       36801.053           0.863
       19146.932       36761.851           0.813
       20217.756       36865.135           0.499
       21041.385       36666.210           0.311
       22094.311       36648.788           0.266
       23211.154       36730.660           0.556
       24275.233       36566.967           0.114
       25444.020       36845.501           0.921
       26199.129       36798.763           0.865
       27270.247       36922.713           0.143
       28151.676       36798.050           0.199
       29196.000       36777.301           0.053
       30180.653       36774.996           0.802
       31226.776       36820.126           0.636
       32546.330       36765.030           0.874
       33535.320       36917.523           0.852
       34452.632       36707.026           0.887
       35438.316       36966.123           0.809
       36429.710       36806.188           0.938
       37498.736       36663.681           0.335
       38506.016       36527.875           0.459
       39653.701       36943.017           0.416
       40460.212       36586.109           0.244
       41612.579       36694.164           0.214
       42357.204       36968.434           0.637
       43411.796       36756.052           0.854
       44701.131       36964.930           0.716
       45809.458       36610.344           0.951
       46382.261       36622.282           0.914
       47782.082       36935.953           0.471
       48521.811       36501.225           0.747
       49845.252       36735.247           0.595
       50773.818       36523.618           0.630
       51428.996       36524.059           0.616
       52907.695       36989.341           0.241
       53485.694       36708.436           0.483
       54596.522       36541.395           0.437
       55832.206       36655.826           0.813
       56920.064       36491.077           0.668
       57841.239       36904.262           1.001
       58624.113       36849.481           0.465
       59514.498       36654.734           0.078
       60557.876       36785.807           0.782
       61787.907       36847.544           0.309
       62811.271       36622.188           0.691
       64025.373       36492.733           0.877
       64883.090       36930.367           0.015
       66066.157       36514.726           0.516
       66706.067       36597.835           0.631
       67685.546       36494.035           0.659
       68849.226       36598.796           0.044
       69841.002       36826.190           0.711
       70854.421       36842.816           0.817
       72014.384       36942.427           0.588
       72957.679       36910.263           0.391
       73988.470       36566.982           0.731
       74842.347       36554.464           0.716
       75986.417       36643.860           0.537
       77078.152       36971.898           0.390
       78174.324       36903.689           0.660
       79137.868       36817.912           0.234
       80000.000       36734.694           0.000
           0.000       37755.102           0.000
         792.984       37967.046           0.712
        1912.010       37534.276           0.644
        2942.315       37858.280           0.948
        3864.807       37668.846           0.256
        4915.442       37695.227           0.199
        5853.012       37732.659           0.206
        7229.052       37619.484           0.307
        8016.268       37677.808           0.208
        9196.566       37633.788           0.672
       10326.102       37616.977           0.054
       11337.872       38001.230           0.526
       12178.775       37598.334           0.285
       13032.721       37924.533           0.460
       14210.078       37999.671           0.767
       15118.508       37917.645           0.774
       16378.635       37981.042           0.341
       17102.483       37709.586           0.706
       18215.214       37743.954           0.656
       19323.330       37864.250           0.717
       20043.747       37546.896           0.472
       21289.083       37844.997           0.363
       22172.095       37990.885           0.550
       23119.311       37818.492           0.616
       24530.045       37595.088           0.681
       25416.442       37660.585           0.984
       26493.848       37752.200           0.757
       27338.803       38005.188           0.555
       28169.911       37813.263           0.769
       29174.324       37718.875           0.876
       30249.002       37718.359           0.343
       31473.967       37826.591           0.277
       32466.144       37941.365           0.935
       33638.811       37625.724           0.705
       34525.714       37847.983           0.029
       35383.020       37999.854           0.568
       36278.463       37646.861           0.436
       37481.014       37907.047           0.665
       38599.344       37835.422           0.726
       39374.645       37615.263           0.111
       40451.257       37700.898           0.568
       41620.862       37787.460           0.435
       42668.715       37989.765           0.695
       43793.668       37515.632           0.563
       44561.930       37771.583           0.606
       45621.353       37679.136           0.831
       46457.691       37735.431           0.199
       47570.369       37525.606           0.304
       48667.830       37952.719           0.811
       49677.812       37753.387           0.876
       50756.083       37884.772           0.928
       51830.514       37859.868           0.552
       52596.823       37622.037           0.189
       53599.365       37978.253           0.806
       54487.693       37861.922           0.386
       55890.527       37807.409           0.447
       56733.035       37598.092           0.650
       57894.101       37508.566           0.361
       58843.728       37781.773           0.045
       59706.613       37981.697           0.835
       60973.753       37638.645           0.862
       61680.306       37717.746           0.261
       62582.770       37808.854           0.922
       63589.892       37733.581           0.460
       64886.413       37995.145           0.565
       65578.907       37923.639           0.053
       67065.346       37768.196           0.485
       67748.058       37502.530           0.741
       68689.744       37886.499           0.172
       70095.625       37825.261           0.531
       70894.064       37847.092           0.480
       72121.752       37850.699           0.526
       72683.436       37635.565           0.957
       74157.420       37682.800           0.349
       75148.327       37893.277           0.165
       75940.677       37921.237           0.259
       77014.727       37643.862           0.364
       77820.544       37754.857           0.284
       79197.763       37511.306           0.425
       80000.000       37755.102           0.000
           0.000       38775.510           0.000
        1214.780       38746.725           0.322
        2022.238       38868.597           0.392
        3251.138       38991.637           0.739
        4055.255       38864.197           0.015
        5267.115       38695.889           0.725
        6233.886       38840.937           0.412
        6871.327       38816.734           0.672
        8253.769       38986.220           0.863
        9195.878       38521.034           0.706
       10263.656       38923.690           0.221
       11199.581       38851.400           0.781
       12139.713       38853.946           0.617
       13257.219       38744.715           0.502
       14199.695       38715.744           0.183
       15308.725       38647.310           0.781
       16286.744       38887.814           0.920
       16995.773       38807.472           0.952
       18459.206       39022.798           0.408
       19155.243       39022.822           0.151
       20081.769       38779.350           0.371
       21421.353       38625.260           0.749
       22446.950       38576.549           0.905
       23531.217       38683.732           0.812
       24264.971       38523.335           0.345
       25372.562       38865.270           0.602
       26396.344       38621.799           0.424
       27293.517       38708.189           0.411
       28535.019       39003.440           0.477
       29379.615       38763.800           0.266
       30505.549       38905.649           0.994
       31299.613       39003.716           0.562
       32615.935       38629.636           0.829
       33448.564       38751.119           0.960
       34288.965       38960.055           0.499
       35469.377       38736.231           0.136
       36480.663       38989.608           0.913
       37364.164       38569.304           0.096
       38468.352       38874.978           0.967
       39389.032       38875.103           0.140
       40643.386       39005.060           0.497
       41566.852       38723.141           0.402
       42631.044       38857.635           0.467
       43650.523       38841.868           0.302
       44760.089       38905.187           0.657
       45790.392       38730.438           0.783
       46702.859       38919.576           0.967
       47396.470       38942.970           0.125
       48709.455       38565.006           0.445
       49532.845       38744.802           0.946
       50722.139       38989.352           0.673
       51879.681       38622.239           0.750
       52551.571       38604.639           0.849
       53521.561       38912.441           0.183
       54477.135       38671.388           0.308
       55645.662       38690.493           0.045
       56820.410       38816.809           0.523
       57605.323       38645.263           0.572
       58912.387       38818.626           0.786
       59746.411       38719.697           0.891
       60896.822       38951.505           0.625
       61948.694       38744.139           0.761
       62803.573       39019.852           0.653
       63620.273       38776.854           0.774
       64887.098       38542.938           0.950
       65655.521       38545.758           0.922
       66609.318       38885.673           0.295
       67613.962       38526.014           0.067
       69058.176       38798.572           0.219
       69931.621       38613.713           0.346
       70770.090       38640.810           0.911
       71834.872       38905.522           0.715
       72684.184       38741.545           0.599
       74015.071       38703.493           0.957
       74739.582       38908.833           0.105
       75930.156       38921.765           0.578
       76746.269       38607.811           0.674
       78161.151       38738.511           0.411
       78971.820       38571.043           0.765
       80000.000       38775.510           0.000
           0.000       39795.917           0.000
        1146.263       39620.193           0.185
        1775.759       39729.573           0.883
        3154.745       40009.104           0.813
        4009.870       39573.104           0.293
        5036.413       39580.819           0.940
        6230.671       39870.830           0.116
        7199.463       39597.518           0.912
        8032.725       39567.166           0.271
        8930.642       39697.985           0.014
        9924.928       39930.358           0.834
       11263.408       39815.718           0.731
       12081.331       39646.197           0.494
       12950.684       39787.380           0.842
       13993.672       39996.154           0.025
       15323.441       39591.703           0.363
       16220.420       39660.519           0.869
       17296.338       39875.540           0.782
       18179.421       39558.988           0.816
       19331.932       40018.989           0.236
       20413.831       39871.877           0.092
       21021.402       39951.270           0.481
       22127.095       39713.799           0.666
       23081.786       39764.520           0.128
       24217.431       39993.119           0.224
       25183.352       39575.950           0.271
       26469.328       39845.203           0.836
       27155.263       39730.344           0.898
       28162.078       39945.592           0.308
       29382.108       39900.123           0.872
       30231.077       39943.573           0.468
       31151.884       39975.461           0.703
       32321.491       39963.933           0.948
       33477.438       39915.525           0.916
       34195.981       39766.896           0.432
       35386.265       39650.877           0.256
       36668.034       39685.583           0.303
       37442.443       39663.709           0.405
       38397.856       39835.549           0.636
       39463.449       39844.373           0.941
       40730.095       39740.808           0.870
       41692.668       39733.014           0.872
       42627.998       39781.159           0.240
       43657.369       39898.463           0.682
       44580.719       39838.649           0.923
       45343.021       39581.513           0.872
       46433.987       40016.576           0.748
       47496.800       39638.019           0.934
       48632.477       39843.860           0.615
       49826.353       39867.851           0.991
       50700.127       40021.161           0.370
       51715.201       39558.412           0.740
       52668.939       39681.041           0.645
       53742.562       39894.300           0.524
       54684.545       39696.368           0.099
       55938.555       39913.530           0.598
       56645.415       39741.377           0.239
       57856.390       39765.754           0.316
       58549.815       39608.335           0.633
       59816.641       39913.230           0.836
       60569.380       39578.592           0.678
       61924.377       39659.893           0.633
       62646.475       39944.620           0.458
       63743.240       39592.657           0.777
       64937.683       39792.667           0.645
       65829.315       39698.774           0.766
       66824.028       39729.837           0.425
       67730.225       39545.828           0.424
       68904.318       39962.284           0.149
       70008.899       39740.593           0.837
       70867.630       39766.220           0.718
       72016.297       39814.283           0.553
       72711.005       39694.816           0.949
       74039.228       40047.448           0.075
       74729.874       39959.257           0.248
       76151.813       39820.346           0.885
       76941.534       39735.860           0.573
       77901.300       39802.158           0.603
       79011.694       40047.597           0.654
       80000.000       39795.917           0.000
           0.000       40816.328           0.000
        1151.537       40886.050           0.910
        1999.018       40996.988           0.696
        3011.963       40783.363           0.342
        4058.528       40735.856           0.360
        5267.288       40625.044           0.644
        6232.246       40723.281           0.446
        6960.860       40708.322           0.601
        8090.113       41043.409           0.920
        9231.350       40854.729           0.615
        9963.071       40730.061           0.426
       11190.767       40783.098           0.083
       11919.238       40659.013           0.218
       13384.534       40981.640           0.566
       13947.082       40706.944           0.920
       15261.560       40611.792           1.004
       16232.735       40919.542           0.693
       17088.702       40712.180           0.591
       18115.491       40912.099           0.735
       19096.861       40967.608           0.799
       20139.813       40587.157           0.645
       21194.428       40921.681           0.443
       22333.347       40672.626           0.383
       23237.171       40976.748           0.897
       24304.119       40958.652           0.222
       25413.008       41022.931           0.959
       26349.968       41053.104           0.785
       27094.592       40842.617           0.895
       28207.209       41037.084           0.379
       29250.830       40591.682           0.906
       30549.688       41022.581           0.583
       31398.656       40847.857           0.998
       32523.507       40645.621           0.025
       33441.393       40804.497           0.254
       34326.222       41024.974           0.252
       35453.267       40570.606           1.002
       36688.209       41002.435           0.587
       37459.077       41048.104           0.465
       38389.814       40708.735           0.247
       39468.892       40997.451           0.325
       40422.760       40787.920           0.833
       41535.855       40895.019           0.340
       42597.630       40991.551           0.044
       43603.826       40685.393           0.538
       44533.431       40850.432           0.949
       45480.039       40902.039           0.428
       46737.988       40635.001           0.205
       47743.945       41020.217           0.937
       48777.721       40601.208           0.472
       49794.442       40612.049           0.727
       50769.359       40941.604           0.414
       51582.211       40621.804           0.100
       52439.799       41052.480           0.981
       53807.737       40817.552           0.998
       54584.792       40625.943           0.872
       55917.085       40624.442           0.665
       56501.209       40594.511           0.354
       57947.511       40568.413           0.610
       58918.413       40639.400           0.656
       59704.475       40657.512           0.661
       60765.856       40753.769           0.392
       61936.164       40809.651           0.295
       62981.757       41007.955           0.947
       63965.387       40722.558           0.491
       64797.073       40739.438           0.122
       65910.210       41028.981           0.422
       66993.382       41017.676           0.754
       67838.986       40731.048           0.840
       68914.039       40806.427           0.237
       69859.203       40727.065           0.221
       70698.951       40823.497           0.325
       71757.029       41054.398           0.978
       73071.441       40720.191           0.815
       73957.252       40827.397           0.604
       75156.648       40785.141           0.794
       76190.431       40897.532           0.295
       76743.430       40782.492           0.284
       77732.736       41032.545           0.204
       78859.790       40694.955           0.772
       80000.000       40816.328           0.000
           0.000       41836.736           0.000
         895.709       42044.196           0.907
        1970.282       41708.364           0.089
        2855.346       41802.168           0.309
        4080.436       41860.783           0.162
        5001.466       41970.706           0.518
        6017.791       41921.240           0.056
        7227.908       41654.388           0.179
        8220.898       41742.203           0.951
        8900.744       42033.482           0.699
       10018.112       42087.929           0.146
       10896.371       41733.671           0.032
       12057.544       41644.403           0.940
       13201.732       41752.465           0.149
       14379.294       41910.359           0.372
       15158.932       41681.785           0.568
       16205.084       41778.954           0.391
       17116.461       41728.476           0.827
       18261.878       41918.071           0.085
       19005.067       41903.568           0.616
       20468.343       42065.108           0.399
       21182.899       41625.078           0.041
       22203.456       41717.046           0.193
       23247.379       42032.783           0.578
       24335.641       41838.044           0.462
       25353.416       41652.440           0.128
       26391.051       41961.355           0.546
       27218.535       41705.699           0.776
       28407.521       42032.633           0.239
       29460.707       41996.190           0.519
       30397.649       41601.551           0.320
       31411.597       41671.675           0.460
       32446.867       41644.159           0.699
       33403.710       42037.090           0.948
       34289.675       41822.178           0.941
       35278.208       41810.613           0.257
       36541.001       41873.633           0.081
       37345.045       42020.152           0.426
       38425.306       41739.904           0.918
       39616.035       41937.030           0.542
       40592.040       41789.853           0.067
       41600.657       42039.977           0.207
       42299.376       41636.942           0.717
       43783.858       41986.078           0.634
       44789.215       41714.299           0.057
       45343.502       41632.327           0.252
       46439.077       41715.783           0.073
       47585.746       41908.262           0.170
       48429.217       41853.439           0.792
       49481.720       41974.351           0.680
       50834.199       41984.891           0.680
       51413.768       41832.239           0.643
       52685.121       42029.771           0.795
       53661.740       41772.308           0.231
       54647.823       41906.667           0.620
       55642.535       41905.671           0.537
       56898.260       41974.989           0.744
       57808.118       42069.312           0.707
       58495.014       42015.137           0.254
       59583.804       41976.692           0.943
       60572.476       42010.994           0.038
       61578.929       42089.267           0.611
       62817.713       41682.439           0.561
       63964.173       41683.672           0.729
       64911.312       41969.306           0.206
       65847.443       41695.532           0.902
       66674.294       41631.873           0.241
       67746.585       41893.848           0.672
       68678.540       42083.413           0.319
       69923.863       41721.016           0.381
       71013.776       41720.900           0.967
       71750.084       41855.723           0.291
       72784.594       41929.955           0.407
       73755.375       41744.850           0.689
       75070.879       41704.735           0.235
       76161.158       41702.656           0.211
       77153.310       41743.371           0.782
       77782.752       41685.143           0.229
       79039.555       41764.851           0.948
       80000.000       41836.736           0.000
           0.000       42857.143           0.000
         929.043       43009.678           0.656
        1825.940       42978.925           1.006
        3168.119       42919.951           0.083
        4100.851       42853.175           0.784
        5032.133       42625.644           0.268
        6186.612       42707.833           0.509
        7298.970       42749.112           0.821
        8079.368       42930.849           0.041
        9155.726       42826.786           0.491
        9981.641       43097.169           0.092
       11121.377       43012.437           0.306
       12344.425       43070.378           0.197
       12924.915       43018.002           0.285
       14044.055       42697.858           0.621
       15123.498       42927.102           0.951
       16282.701       42706.545           0.594
       17203.991       42828.738           0.870
       18376.837       42832.056           0.607
       19029.725       42821.841           0.536
       20498.863       43026.755           0.095
       21178.683       43106.408           0.881
       22409.376       42769.807           0.103
       23506.193       42642.724           0.929
       24172.747       43079.497           0.648
       25313.991       42714.603           0.061
       26471.214       43083.924           0.896
       27256.950       43015.812           0.674
       28296.939       42996.241           0.019
       29519.332       42947.544           0.530
       30192.236       43002.188           0.969
       31437.014       42655.134           0.616
       32475.079       42764.813           0.196
       33344.892       42850.350           0.295
       34297.831       42904.186           0.924
       35422.629       42695.704           0.514
       36503.276       42764.388           0.384
       37678.361       42744.760           0.423
       38647.398       42624.823           0.429
       39694.175       42849.798           0.229
       40446.320       42799.188           0.143
       41709.883       42984.108           0.614
       42591.146       42743.826           0.782
       43397.102       42636.356           0.927
       44449.410       43064.890           0.396
       45410.105       42640.096           0.042
       46801.898       43100.139           0.810
       47351.813       43086.454           0.037
       48765.486       42779.280           0.562
       49611.312       42952.205           0.169
       50645.083       42900.793           0.413
       51536.021       42847.186           0.589
       52661.745       42990.175           0.945
       53697.848       42670.181           0.351
       54662.735       42753.988           0.436
       55826.689       43075.477           0.155
       56867.405       42983.409           0.016
       57952.342       42979.472           0.583
       58597.807       42810.895           0.975
       59823.298       43012.844           0.157
       60701.870       43032.666           0.678
       61834.944       42776.749           0.920
       62717.780       42718.384           0.570
       63805.126       42676.145           0.041
       64568.138       42630.178           0.709
       65732.265       42908.996           0.994
       66591.223       42715.127           0.456
       67912.654       42779.591           0.957
       68969.084       43026.370           0.622
       70086.245       42946.160           0.650
       71130.654       42633.295           0.222
       71703.470       43023.237           0.472
       72677.409       42816.090           0.279
       73700.233       42806.057           0.571
       74929.562       42738.582           0.728
       75980.006       42786.097           0.784
       77171.999       42630.981           0.325
       77892.468       42653.339           0.813
       79184.613       42886.657           0.822
       80000.000       42857.143           0.000
           0.000       43877.551           0.000
         986.364       43885.817           0.405
        2112.854       43797.195           0.344
        3275.810       43987.237           0.279
        4017.222       43862.499           0.579
        5062.332       43979.343           0.714
        6216.255       44064.255           0.663
        7198.135       43913.948           0.424
        8138.909       43837.596           0.216
        9098.080       43843.527           0.076
       10178.800       44062.737           0.322
       11092.373       44006.911           0.942
       12258.396       44070.233           0.098
       13306.063       43972.587           0.722
       14167.044       44058.824           0.698
       14952.385       44045.167           0.748
       16158.245       43862.928           0.028
       17299.963       43677.542           0.996
       18044.269       43877.662           0.219
       19295.510       43709.616           0.609
       20135.855       43908.616           0.407
       21509.882       44122.495           0.788
       22488.977       43997.386           0.195
       23498.677       43649.597           0.798
       24314.312       44043.572           0.650
       25294.996       43808.165           0.996
       26130.344       43696.558           0.916
       27330.704       43990.183           0.741
       28159.480       43973.781           0.286
       29584.823       43939.424           0.838
       30572.340       43773.965           0.429
       31164.166       43877.179           0.979
       32531.808       43957.016           0.257
       33263.767       43828.966           0.219
       34439.090       44078.652           0.748
       35516.685       43830.756           0.051
       36388.950       43825.023           0.161
       37508.716       43676.158           0.692
       38684.770       43781.362           0.691
       39589.582       44082.678           0.486
       40428.380       44125.044           0.711
       41599.328       44104.252           0.488
       42556.872       43794.263           0.649
       43781.219       43897.769           0.917
       44608.162       43922.351           0.181
       45811.563       44061.114           0.211
       46370.698       44101.044           0.837
       47790.718       44009.621           0.643
       48780.700       43996.401           0.339
       49815.817       44033.443           0.501
       50637.686       43844.171           0.494
       51557.003       44004.072           0.942
       52785.603       44033.595           0.597
       53544.779       44070.073           0.473
       54722.467       43639.868           0.720
       55683.536       43876.526           0.721
       56768.033       43679.018           0.804
       57616.027       44077.570           0.438
       58799.449       43894.003           0.421
       59842.145       43990.709           0.806
       60766.572       43890.939           0.203
       61803.776       43742.331           0.222
       63018.818       44097.371           0.756
       63574.616       43953.948           0.822
       64753.085       43749.187           0.329
       65614.086       43667.495           0.295
       66852.725       43844.391           0.184
       67747.868       43846.108           0.094
       68932.381       43786.157           0.459
       70022.784       44062.306           0.453
       70682.954       43747.714           0.799
       71774.948       43817.936           0.336
       72776.949       43964.218           0.313
       74026.142       43978.433           0.639
       75175.271       43844.911           0.303
       75934.694       43914.173           0.820
       76964.345       43937.350           0.763
       78198.975       43982.202           0.401
       79022.483       44027.991           0.528
       80000.000       43877.551           0.000
           0.000       44897.959           0.000
        1071.141       45116.553           0.058
        2124.940       44811.948           0.228
        3159.281       44929.197           0.841
        3947.116       44999.184           0.177
        4932.639       44688.825           0.866
        6255.917       45068.542           0.338
        7295.126       44839.194           0.460
        8103.074       45099.974           0.020
        8892.727       44733.449           0.784
       10023.818       44943.302           0.104
       11245.220       44865.876           0.086
       12346.605       44744.438           0.083
       13246.558       44830.150           0.586
       14301.240       44818.824           0.521
       15108.724       45024.905           0.737
       16201.497       44646.688           0.622
       17024.738       44672.128           0.079
       18089.577       45142.916           0.323
       19296.810       44925.201           0.129
       20007.573       45061.178           0.244
       21171.991       44824.783           0.164
       22456.433       44740.807           0.999
       23091.293       45020.613           0.786
       24404.511       44657.176           0.496
       25462.803       44849.110           0.826
       26090.760       44659.802           0.071
       27434.747       44863.165           0.034
       28554.856       45056.868           0.646
       29287.022       45139.602           0.476
       30350.757       44701.374           0.110
       31356.726       44687.227           0.152
       32585.328       44895.045           0.961
       33557.439       45035.761           0.143
       34194.248       44889.213           0.368
       35337.635       44877.642           0.025
       36624.078       44800.315           0.616
       37434.588       44828.415           0.669
       38481.810       44968.450           0.044
       39627.213       44996.345           0.670
       40422.032       44813.236           0.587
       41652.561       44696.754           0.410
       42650.908       44682.107           0.030
       43617.643       45070.228           0.077
       44563.920       44810.766           0.393
       45446.898       44963.120           0.697
       46775.772       44766.709           0.907
       47715.050       44657.746           0.432
       48474.756       44875.236           0.576
       49566.957       44712.028           0.274
       50519.624       45010.743           0.970
       51798.166       44887.773           0.604
       52435.906       44919.237           0.523
       53713.174       45069.302           0.997
       54804.671       44771.495           0.464
       55543.791       44931.414           0.312
       56957.604       44916.267           0.335
       57971.842       44887.814           0.178
       58856.396       45049.196           0.231
       59658.795       45067.156           0.070
       60822.317       44864.277           0.018
       61733.594       44660.657           0.309
       62618.462       44718.910           0.861
       63724.365       44654.508           0.196
       64778.708       45135.095           0.143
       65751.193       44690.003           0.059
       67070.901       44941.568           0.109
       67907.203       44863.944           0.231
       68894.849       44914.147           1.000
       69731.910       44746.727           0.366
       70904.665       44817.606           0.660
       71806.952       45012.766           0.846
       72945.244       44900.559           0.398
       73817.683       44872.804           0.603
       75034.509       44662.373           0.238
       75960.476       44995.962           0.760
       76720.293       44850.746           0.544
       77804.119       44952.927           0.608
       78915.020       44742.287           0.648
       80000.000       44897.959           0.000
           0.000       45918.366           0.000
        1186.784       45759.696           0.682
        1788.535       46106.297           0.060
        3117.244       46102.452           0.793
        4283.904       46015.435           1.002
        4970.104       46091.664           0.827
        6200.748       46145.959           0.598
        6964.133       45901.917           0.228
        7897.016       45910.360           0.944
        8971.033       46159.313           0.870
       10233.194       46063.391           0.039
       11305.144       45928.469           0.197
       12259.572       46171.463           0.969
       13052.718       46160.429           0.867
       14128.384       46018.354           0.623
       14966.308       45896.605           0.975
       16017.838       45745.895           0.712
       17195.181       46045.715           0.594
       18220.414       46080.946           0.848
       19244.444       45744.376           0.585
       20055.272       46147.882           0.805
       21480.676       46115.262           0.987
       22229.834       45868.791           0.267
       23506.074       45841.979           0.834
       24140.034       45725.039           0.907
       25279.357       46011.965           0.147
       26421.141       46018.365           0.995
       27169.731       46076.173           0.196
       28283.807       46019.146           0.287
       29247.306       45842.033           0.371
       30186.856       45665.517           0.389
       31517.177       45988.955           0.935
       32152.626       45848.831           0.175
       33243.719       45732.056           0.782
       34352.129       45667.790           0.995
       35269.394       45973.237           0.178
       36637.422       45816.761           0.373
       37445.262       45736.235           0.147
       38482.812       46040.123           0.545
       39704.077       46049.479           0.982
       40603.018       45928.307           0.902
       41575.240       46050.864           0.972
       42730.806       46139.102           0.213
       43663.678       45787.434           0.449
       44565.953       45711.535           0.637
       45750.118       45770.015           0.692
       46557.365       45707.896           0.685
       47780.404       46084.220           0.272
       48636.006       45813.552           0.039
       49518.625       45863.576           0.880
       50659.455       45778.731           0.969
       51824.255       46029.585           0.082
       52582.607       46170.828           0.937
       53635.387       45843.684           0.285
       54538.941       45992.464           0.362
       55663.594       45774.569           0.687
       56683.256       45834.163           0.487
       57695.622       45927.156           0.591
       58594.377       46151.555           0.564
       59762.853       46051.791           0.721
       60914.480       46032.529           0.581
       61656.455       46126.720           0.882
       62878.387       45714.282           0.567
       63937.520       45989.547           0.712
       64771.438       45911.241           0.758
       65574.975       45846.780           0.363
       66958.263       46097.513           0.766
       67935.278       45984.153           0.989
       68967.907       45696.966           0.890
       69780.881       45852.075           0.076
       70734.775       46141.338           0.880
       71770.863       45758.421           0.311
       72998.939       45791.759           0.195
       74091.704       46153.292           0.853
       75008.614       45666.491           0.484
       75843.670       45665.076           0.113
       76933.318       45843.275           0.362
       78109.335       45696.985           0.645
       78888.872       45690.090           0.592
       80000.000       45918.366           0.000
           0.000       46938.777           0.000
        1127.096       46807.162           0.152
        2140.635       47065.477           0.383
        2842.228       46977.736           0.337
        3822.145       46688.515           0.499
        5140.651       46734.582           0.175
        5882.687       46768.232           0.668
        7116.915       47128.179           0.586
        8134.386       47147.545           0.768
        8997.708       46734.915           0.343
       10228.905       46744.436           0.819
       11127.812       47174.136           0.849
       12299.399       47087.103           0.375
       13186.637       46817.027           0.043
       13950.935       47059.788           0.154
       15347.480       47054.691           0.347
       16149.363       46868.352           0.335
       17306.001       47189.105           0.847
       18123.874       46813.924           0.534
       19269.252       47183.938           0.592
       20099.311       47143.064           0.177
       21419.597       46919.342           0.553
       22314.878       47113.305           0.776
       23253.065       47169.083           0.282
       24299.613       46925.354           0.422
       25141.239       47093.322           0.068
       26528.862       46785.484           0.128
       27590.004       46814.431           0.435
       28377.610       46796.554           0.188
       29441.602       46797.945           0.221
       30176.721       47064.331           0.105
       31362.258       47062.963           0.021
       32407.387       47040.636           0.596
       33266.945       47082.491           0.381
       34435.143       46929.275           0.700
       35353.995       46989.585           0.539
       36669.701       46908.517           0.333
       37249.372       46866.820           0.578
       38521.873       47181.568           0.460
       39717.846       46939.613           0.539
       40505.704       46687.998           0.883
       41564.253       47064.201           0.369
       42598.327       46696.551           0.836
       43468.243       47053.928           0.437
       44349.787       46842.710           0.136
       45582.709       47106.838           0.778
       46468.595       46800.385           0.316
       47366.818       46722.637           0.549
       48437.546       47098.511           0.044
       49499.574       46815.433           0.202
       50647.922       47136.908           0.081
       51645.967       46697.784           0.482
       52887.409       46828.749           0.114
       53716.248       46947.350           0.148
       54737.065       46831.374           0.658
       55931.192       46871.666           0.463
       56599.102       46903.429           0.907
       57576.158       46738.584           0.377
       58916.747       46993.614           0.226
       59935.396       46713.553           0.368
       60548.375       46796.736           0.026
       61944.544       46906.008           0.455
       62727.381       46757.886           0.434
       63815.360       46809.971           0.803
       64604.310       46831.250           0.864
       65747.798       46972.771           0.368
       66981.220       47004.893           0.447
       67698.503       46747.601           0.391
       68712.942       47018.747           0.564
       69668.659       46879.250           0.453
       70707.449       46768.568           0.329
       71898.863       46837.554           1.002
       72991.254       46944.986           0.432
       73893.266       47027.939           0.530
       74948.141       47093.301           0.568
       75789.788       46710.057           0.054
       76876.331       47139.237           0.883
       77893.642       46963.078           0.294
       79000.915       47041.160           0.433
       80000.000       46938.777           0.000
           0.000       47959.185           0.000
        1066.436       48171.021           0.641
        1787.442       48014.028           0.983
        3009.105       47817.169           0.661
        4250.278       47959.612           0.527
        5062.616       47963.234           0.169
        6325.430       47868.537           0.562
        7159.653       48099.585           0.919
        8104.205       47937.529           0.604
        8995.263       48201.500           0.088
       10271.238       47763.366           0.401
       10939.950       48097.763           0.218
       12148.159       48066.990           0.346
       13321.917       48107.538           0.657
       14230.424       47843.888           0.027
       15208.992       47741.750           0.279
       16448.322       48152.748           0.230
       17170.394       48186.424           0.702
       18293.731       47752.301           0.634
       19265.465       48171.015           0.350
       20355.205       47930.769           0.764
       21211.496       48046.424           0.440
       22081.617       47857.506           0.188
       23377.735       47809.035           0.703
       24089.721       47721.217           0.963
       25300.570       47715.120           0.263
       26505.408       47853.523           0.177
       27150.489       48091.691           0.811
       28516.982       48162.344           0.439
       29382.145       47936.215           0.225
       30338.471       48129.961           0.533
       31267.562       48008.425           0.489
       32254.149       47963.920           0.134
       33187.157       47977.335           0.748
       34491.024       47813.531           0.693
       35286.716       47976.909           0.825
       36559.667       47840.104           0.244
       37707.662       47743.762           0.085
       38469.387       47753.645           0.420
       39541.364       48161.772           0.453
       40326.057       48086.317           0.311
       41596.970       48037.739           0.925
       42598.648       47958.514           0.321
       43586.168       47811.719           0.494
       44584.719       48048.759           0.010
       45331.711       47729.856           0.854
       46685.889       47710.513           0.148
       47689.594       47787.766           0.483
       48768.881       48002.019           0.940
       49368.779       47711.288           0.639
       50588.609       47897.521           0.419
       51717.614       47946.966           0.190
       52480.149       47902.697           0.205
       53690.197       48002.388           0.105
       54705.734       48168.900           0.309
       55506.170       47831.703           0.975
       56692.576       47748.052           0.473
       57904.824       48202.464           0.581
       58711.312       47957.759           0.853
       59586.073       47983.295           0.702
       60987.262       47849.236           0.025
       61635.848       48030.188           0.216
       62606.659       47720.702           0.582
       63739.632       48107.614           0.107
       65045.688       47886.618           0.176
       66057.754       47904.136           0.426
       66594.505       47746.150           0.172
       67788.152       47984.184           0.653
       68956.659       47973.011           0.548
       70042.406       47761.757           0.368
       70995.156       47899.497           0.710
       71777.304       48090.121           0.701
       72776.912       48001.499           0.597
       74014.309       47757.106           0.975
       74744.575       47920.780           0.497
       75986.274       48040.328           0.260
       77180.588       48081.067           0.677
       78096.417       47842.046           0.222
       78887.468       47751.742           0.263
       80000.000       47959.185           0.000
           0.000       48979.592           0.000
        1106.008       49085.645           0.375
        2240.879       48961.424           0.911
        3121.403       48974.185           0.316
        4159.235       48786.135           0.103
        5136.450       49104.387           0.570
        6263.199       48757.133           0.078
        6967.898       49088.042           0.885
        8095.078       48838.480           0.039
        9290.511       48742.005           0.703
       10104.505       49097.048           0.731
       11206.191       48975.637           0.934
       12106.644       48989.425           0.829
       13013.810       48833.593           0.121
       14150.349       49055.445           0.226
       14981.109       48937.711           0.538
       16204.303       48865.592           0.686
       17106.344       48905.499           0.742
       18064.356       49038.181           0.167
       19177.699       48832.542           0.218
       20106.021       49213.923           0.442
       21327.401       48915.441           0.314
       22287.911       48763.783           0.143
       23248.437       48951.276           0.966
       24483.229       49157.938           0.422
       25089.568       49169.400           0.552
       26511.701       49033.644           0.973
       27576.434       49013.036           0.944
       28533.052       49083.579           0.616
       29543.606       48905.537           0.316
       30420.356       49172.846           0.027
       31517.554       48796.820           0.714
       32389.925       49173.567           0.567
       33188.405       48813.430           0.652
       34365.945       49210.388           0.121
       35350.486       48833.495           0.274
       36574.007       49081.888           0.216
       37603.618       49014.989           0.557
       38411.518       48931.701           0.371
       39279.106       48914.036           0.798
       40314.033       49106.578           0.338
       41643.031       48933.864           0.275
       42748.738       48848.588           0.077
       43797.104       49219.024           0.682
       44798.963       49112.605           0.719
       45322.840       49129.220           0.736
       46523.136       49009.589           0.402
       47676.801       49049.531           0.681
       48773.331       49167.519           0.205
       49505.746       48854.118           0.559
       50495.262       48819.763           0.603
       51822.722       48837.296           0.509
       52824.656       48891.872           0.417
       53840.051       49232.020           0.619
       54785.868       49166.008           0.387
       55462.423       49192.139           0.773
       56609.478       49006.373           0.480
       57730.583       48925.895           0.599
       58521.653       49226.428           0.123
       59914.791       48885.545           0.271
       61011.246       49125.449           0.661
       61537.461       48988.839           0.763
       62704.854       48825.755           0.148
       63826.508       48833.950           0.688
       64779.279       49210.692           0.274
       65785.040       48814.146           0.390
       66701.986       48884.581           0.837
       67877.158       48819.896           0.694
       68949.468       48725.388           0.631
       69799.427       49128.807           0.139
       71065.718       48750.914           1.004
       71763.644       49001.821           0.685
       72925.660       49081.884           0.820
       74092.743       48998.473           0.874
       74937.683       48924.028           0.639
       75738.230       49023.202           0.092
       76844.537       49096.077           0.270
       77852.305       48745.846           0.218
       79085.332       48810.165           0.877
       80000.000       48979.592           0.000
           0.000       50000.000           0.000
        1012.658       50000.000           0.000
        2025.317       50000.000           0.000
        3037.975       50000.000           0.000
        4050.633       50000.000           0.000
        5063.291       50000.000           0.000
        6075.949       50000.000           0.000
        7088.608       50000.000           0.000
        8101.266       50000.000           0.000
        9113.924       50000.000           0.000
       10126.582       50000.000           0.000
       11139.240       50000.000           0.000
       12151.898       50000.000           0.000
       13164.557       50000.000           0.000
       14177.215       50000.000           0.000
       15189.873       50000.000           0.000
       16202.532       50000.000           0.000
       17215.190       50000.000           0.000
       18227.848       50000.000           0.000
       19240.507       50000.000           0.000
       20253.165       50000.000           0.000
       21265.824       50000.000           0.000
       22278.481       50000.000           0.000
       23291.140       50000.000           0.000
       24303.796       50000.000           0.000
       25316.455       50000.000           0.000
       26329.114       50000.000           0.000
       27341.771       50000.000           0.000
       28354.430       50000.000           0.000
       29367.089       50000.000           0.000
       30379.746       50000.000           0.000
       31392.405       50000.000           0.000
       32405.064       50000.000           0.000
       33417.721       50000.000           0.000
       34430.380       50000.000           0.000
       35443.039       50000.000           0.000
       36455.696       50000.000           0.000
       37468.355       50000.000           0.000
       38481.014       50000.000           0.000
       39493.670       50000.000           0.000
       40506.330       50000.000           0.000
       41518.989       50000.000           0.000
       42531.648       50000.000           0.000
       43544.302       50000.000           0.000
       44556.961       50000.000           0.000
       45569.620       50000.000           0.000
       46582.279       50000.000           0.000
       47594.938       50000.000           0.000
       48607.593       50000.000           0.000
       49620.252       50000.000           0.000
       50632.911       50000.000           0.000
       51645.570       50000.000           0.000
       52658.229       50000.000           0.000
       53670.888       50000.000           0.000
       54683.542       50000.000           0.000
       55696.201       50000.000           0.000
       56708.860       50000.000           0.000
       57721.519       50000.000           0.000
       58734.179       50000.000           0.000
       59746.838       50000.000           0.000
       60759.492       50000.000           0.000
       61772.151       50000.000           0.000
       62784.810       50000.000           0.000
       63797.469       50000.000           0.000
       64810.128       50000.000           0.000
       65822.783       50000.000           0.000
       66835.442       50000.000           0.000
       67848.101       50000.000           0.000
       68860.760       50000.000           0.000
       69873.419       50000.000           0.000
       70886.078       50000.000           0.000
       71898.732       50000.000           0.000
       72911.391       50000.000           0.000
       73924.050       50000.000           0.000
       74936.709       50000.000           0.000
       75949.368       50000.000           0.000
       76962.028       50000.000           0.000
       77974.682       50000.000           0.000
       78987.341       50000.000           0.000
       80000.000       50000.000           0.000
CELLS       4000     12000
         2         0         0
         2         1         1
         2         2         2
         2         3         3
         2         4         4
         2         5         5
         2         6         6
         2         7         7
         2         8         8
         2         9         9
         2        10        10
         2        11        11
         2        12        12
         2        13        13
         2        14        14
         2        15        15
         2        16        16
         2        17        17
         2        18        18
         2        19        19
         2        20        20
         2        21        21
         2        22        22
         2        23        23
         2        24        24
         2        25        25
         2        26        26
         2        27        27
         2        28        28
         2        29        29
         2        30        30
         2        31        31
         2        32        32
         2        33        33
         2        34        34
         2        35        35
         2        36        36
         2        37        37
         2        38        38
         2        39        39
         2        40        40
         2        41        41
         2        42        42
         2        43        43
         2        44        44
         2        45        45
         2        46        46
         2        47        47
         2        48        48
         2        49        49
         2        50        50
         2        51        51
         2        52        52
         2        53        53
         2        54        54
         2        55        55
         2        56        56
         2        57        57
         2        58        58
         2        59        59
         2        60        60
         2        61        61
         2        62        62
         2        63        63
         2        64        64
         2        65        65
         2        66        66
         2        67        67
         2        68        68
         2        69        69
         2        70        70
         2        71        71
         2        72        72
         2        73        73
         2        74        74
         2        75        75
         2        76        76
         2        77        77
         2        78        78
         2        79        79
         2        80        80
         2        81        80
         2        82       162
         2        83         3
         2        84         4
         2        85        84
         2        86         6
         2        87         7
         2        88        89
         2        89         9
         2        90        89
         2        91        11
         2        92        12
         2        93        13
         2        94        14
         2        95        15
         2        96        16
         2        97        17
         2        98        18
         2        99        19
         2       100        20
         2       101       181
         2       102        22
         2       103        23
         2       104        24
         2       105        25
         2       106        26
         2       107       187
         2       108        28
         2       109        29
         2       110       190
         2       111        31
         2       112        32
         2       113        33
         2       114        34
         2       115       114
         2       116        36
         2       117        37
         2       118       198
         2       119        39
         2       120        40
         2       121        41
         2       122        42
         2       123        43
         2       124        44
         2       125        45
         2       126        46
         2       127        47
         2       128        48
         2       129       209
         2       130        50
         2       131        51
         2       132        52
         2       133        53
         2       134        54
         2       135        55
         2       136        56
         2       137        57
         2       138       139
         2       139        59
         2       140       139
         2       141        61
         2       142        62
         2       143       142
         2       144        64
         2       145        65
         2       146       226
         2       147        67
         2       148        68
         2       149        69
         2       150        70
         2       151        71
         2       152        72
         2       153        73
         2       154        74
         2       155        75
         2       156        76
         2       157        77
         2       158        78
         2       159       159
         2       160       160
         2       161       160
         2       162       162
         2       163       162
         2       164        84
         2       165        86
         2       166        86
         2       167        87
         2       168        88
         2       169        89
         2       170       171
         2       171       171
         2       172        92
         2       173       254
         2       174       254
         2       175        96
         2       176        96
         2       177       257
         2       178       179
         2       179        99
         2       180       260
         2       181       181
         2       182       181
         2       183       104
         2       184       105
         2       185       105
         2       186       187
         2       187       187
         2       188       187
         2       189       190
         2       190       190
         2       191       190
         2       192       273
         2       193       194
         2       194       194
         2       195       194
         2       196       195
         2       197       198
         2       198       198
         2       199       198
         2       200       120
         2       201       202
         2       202       283
         2       203       283
         2       204       283
         2       205       206
         2       206       206
         2       207       206
         2       208       209
         2       209       209
         2       210       209
         2       211       131
         2       212       292
         2       213       293
         2       214       135
         2       215       135
         2       216       297
         2       217       297
         2       218       297
         2       219       139
         2       220       140
         2       221       142
         2       222       142
         2       223       304
         2       224       304
         2       225       304
         2       226       306
         2       227       226
         2       228       307
         2       229       229
         2       230       151
         2       231       151
         2       232       233
         2       233       314
         2       234       314
         2       235       236
         2       236       236
         2       237       236
         2       238       239
         2       239       239
         2       240       240
         2       241       240
         2       242       322
         2       243       323
         2       244       324
         2       245       325
         2       246       325
         2       247       327
         2       248       327
         2       249       250
         2       250       330
         2       251       171
         2       252       332
         2       253       254
         2       254       254
         2       255       254
         2       256       257
         2       257       257
         2       258       257
         2       259       339
         2       260       260
         2       261       260
         2       262       182
         2       263       182
         2       264       265
         2       265       185
         2       266       267
         2       267       187
         2       268       188
         2       269       349
         2       270       190
         2       271       272
         2       272       273
         2       273       194
         2       274       194
         2       275       274
         2       276       275
         2       277       276
         2       278       198
         2       279       358
         2       280       200
         2       281       281
         2       282       283
         2       283       363
         2       284       364
         2       285       206
         2       286       206
         2       287       367
         2       288       367
         2       289       209
         2       290       211
         2       291       211
         2       292       211
         2       293       292
         2       294       374
         2       295       216
         2       296       297
         2       297       297
         2       298       297
         2       299       380
         2       300       380
         2       301       382
         2       302       303
         2       303       304
         2       304       304
         2       305       304
         2       306       386
         2       307       386
         2       308       307
         2       309       229
         2       310       311
         2       311       311
         2       312       392
         2       313       314
         2       314       314
         2       315       314
         2       316       236
         2       317       397
         2       318       319
         2       319       319
         2       320       320
         2       321       320
         2       322       322
         2       323       322
         2       324       323
         2       325       324
         2       326       325
         2       327       327
         2       328       327
         2       329       409
         2       330       330
         2       331       411
         2       332       332
         2       333       332
         2       334       254
         2       335       334
         2       336       257
         2       337       338
         2       338       339
         2       339       339
         2       340       339
         2       341       340
         2       342       422
         2       343       423
         2       344       265
         2       345       426
         2       346       426
         2       347       267
         2       348       349
         2       349       429
         2       350       349
         2       351       431
         2       352       273
         2       353       273
         2       354       435
         2       355       275
         2       356       436
         2       357       358
         2       358       358
         2       359       358
         2       360       440
         2       361       281
         2       362       363
         2       363       363
         2       364       363
         2       365       285
         2       366       285
         2       367       367
         2       368       367
         2       369       288
         2       370       449
         2       371       370
         2       372       452
         2       373       452
         2       374       454
         2       375       455
         2       376       456
         2       377       297
         2       378       379
         2       379       380
         2       380       380
         2       381       380
         2       382       461
         2       383       303
         2       384       304
         2       385       386
         2       386       386
         2       387       386
         2       388       388
         2       389       388
         2       390       311
         2       391       311
         2       392       472
         2       393       394
         2       394       314
         2       395       394
         2       396       397
         2       397       397
         2       398       478
         2       399       399
         2       400       400
         2       401       400
         2       402       322
         2       403       322
         2       404       324
         2       405       325
         2       406       405
         2       407       327
         2       408       409
         2       409       409
         2       410       411
         2       411       492
         2       412       492
         2       413       414
         2       414       414
         2       415       414
         2       416       416
         2       417       416
         2       418       338
         2       419       339
         2       420       340
         2       421       501
         2       422       423
         2       423       423
         2       424       423
         2       425       426
         2       426       426
         2       427       426
         2       428       429
         2       429       429
         2       430       429
         2       431       512
         2       432       512
         2       433       353
         2       434       435
         2       435       435
         2       436       435
         2       437       436
         2       438       358
         2       439       440
         2       440       440
         2       441       440
         2       442       522
         2       443       363
         2       444       363
         2       445       444
         2       446       445
         2       447       367
         2       448       449
         2       449       449
         2       450       449
         2       451       452
         2       452       532
         2       453       452
         2       454       455
         2       455       455
         2       456       455
         2       457       537
         2       458       379
         2       459       379
         2       460       380
         2       461       460
         2       462       461
         2       463       543
         2       464       543
         2       465       464
         2       466       386
         2       467       548
         2       468       388
         2       469       549
         2       470       551
         2       471       472
         2       472       552
         2       473       553
         2       474       394
         2       475       555
         2       476       555
         2       477       478
         2       478       479
         2       479       479
         2       480       480
         2       481       480
         2       482       402
         2       483       484
         2       484       484
         2       485       484
         2       486       487
         2       487       487
         2       488       489
         2       489       409
         2       490       409
         2       491       492
         2       492       572
         2       493       492
         2       494       414
         2       495       414
         2       496       416
         2       497       417
         2       498       497
         2       499       419
         2       500       501
         2       501       501
         2       502       501
         2       503       502
         2       504       584
         2       505       426
         2       506       426
         2       507       426
         2       508       508
         2       509       429
         2       510       430
         2       511       512
         2       512       512
         2       513       593
         2       514       435
         2       515       435
         2       516       435
         2       517       516
         2       518       598
         2       519       598
         2       520       440
         2       521       522
         2       522       522
         2       523       522
         2       524       444
         2       525       605
         2       526       446
         2       527       446
         2       528       609
         2       529       609
         2       530       531
         2       531       532
         2       532       532
         2       533       534
         2       534       615
         2       535       615
         2       536       537
         2       537       537
         2       538       537
         2       539       538
         2       540       460
         2       541       461
         2       542       543
         2       543       543
         2       544       624
         2       545       464
         2       546       465
         2       547       548
         2       548       548
         2       549       548
         2       550       551
         2       551       552
         2       552       552
         2       553       552
         2       554       634
         2       555       635
         2       556       555
         2       557       557
         2       558       478
         2       559       559
         2       560       560
         2       561       560
         2       562       643
         2       563       643
         2       564       484
         2       565       645
         2       566       645
         2       567       487
         2       568       569
         2       569       649
         2       570       490
         2       571       572
         2       572       572
         2       573       572
         2       574       575
         2       575       575
         2       576       575
         2       577       576
         2       578       658
         2       579       658
         2       580       501
         2       581       501
         2       582       501
         2       583       584
         2       584       584
         2       585       584
         2       586       586
         2       587       586
         2       588       508
         2       589       670
         2       590       670
         2       591       670
         2       592       591
         2       593       593
         2       594       593
         2       595       675
         2       596       676
         2       597       598
         2       598       598
         2       599       598
         2       600       600
         2       601       600
         2       602       522
         2       603       683
         2       604       605
         2       605       605
         2       606       526
         2       607       526
         2       608       609
         2       609       609
         2       610       609
         2       611       531
         2       612       532
         2       613       693
         2       614       615
         2       615       615
         2       616       696
         2       617       697
         2       618       698
         2       619       699
         2       620       540
         2       621       622
         2       622       543
         2       623       543
         2       624       624
         2       625       705
         2       626       706
         2       627       628
         2       628       548
         2       629       549
         2       630       549
         2       631       551
         2       632       552
         2       633       552
         2       634       635
         2       635       635
         2       636       635
         2       637       557
         2       638       639
         2       639       639
         2       640       640
         2       641       640
         2       642       643
         2       643       724
         2       644       645
         2       645       724
         2       646       645
         2       647       648
         2       648       649
         2       649       649
         2       650       649
         2       651       651
         2       652       572
         2       653       654
         2       654       575
         2       655       656
         2       656       656
         2       657       656
         2       658       739
         2       659       660
         2       660       741
         2       661       581
         2       662       741
         2       663       664
         2       664       743
         2       665       586
         2       666       586
         2       667       747
         2       668       748
         2       669       670
         2       670       670
         2       671       751
         2       672       591
         2       673       593
         2       674       675
         2       675       755
         2       676       755
         2       677       757
         2       678       598
         2       679       679
         2       680       600
         2       681       601
         2       682       683
         2       683       763
         2       684       683
         2       685       605
         2       686       687
         2       687       607
         2       688       609
         2       689       609
         2       690       771
         2       691       771
         2       692       693
         2       693       693
         2       694       615
         2       695       615
         2       696       776
         2       697       696
         2       698       698
         2       699       698
         2       700       699
         2       701       782
         2       702       782
         2       703       782
         2       704       624
         2       705       706
         2       706       706
         2       707       706
         2       708       628
         2       709       710
         2       710       791
         2       711       791
         2       712       791
         2       713       713
         2       714       713
         2       715       635
         2       716       635
         2       717       636
         2       718       719
         2       719       719
         2       720       720
         2       721       720
         2       722       802
         2       723       724
         2       724       724
         2       725       724
         2       726       645
         2       727       647
         2       728       649
         2       729       649
         2       730       650
         2       731       651
         2       732       812
         2       733       734
         2       734       814
         2       735       815
         2       736       656
         2       737       736
         2       738       818
         2       739       739
         2       740       741
         2       741       741
         2       742       741
         2       743       743
         2       744       743
         2       745       664
         2       746       826
         2       747       826
         2       748       749
         2       749       749
         2       750       749
         2       751       751
         2       752       751
         2       753       672
         2       754       755
         2       755       755
         2       756       757
         2       757       757
         2       758       757
         2       759       758
         2       760       840
         2       761       842
         2       762       763
         2       763       763
         2       764       763
         2       765       845
         2       766       845
         2       767       848
         2       768       848
         2       769       770
         2       770       771
         2       771       852
         2       772       852
         2       773       693
         2       774       693
         2       775       855
         2       776       776
         2       777       776
         2       778       698
         2       779       699
         2       780       699
         2       781       862
         2       782       862
         2       783       782
         2       784       864
         2       785       864
         2       786       706
         2       787       867
         2       788       788
         2       789       788
         2       790       791
         2       791       791
         2       792       791
         2       793       713
         2       794       713
         2       795       715
         2       796       796
         2       797       878
         2       798       799
         2       799       799
         2       800       800
         2       801       800
         2       802       801
         2       803       724
         2       804       724
         2       805       885
         2       806       886
         2       807       887
         2       808       809
         2       809       809
         2       810       730
         2       811       891
         2       812       891
         2       813       814
         2       814       815
         2       815       815
         2       816       815
         2       817       818
         2       818       899
         2       819       739
         2       820       900
         2       821       741
         2       822       821
         2       823       743
         2       824       904
         2       825       826
         2       826       826
         2       827       826
         2       828       827
         2       829       749
         2       830       909
         2       831       911
         2       832       913
         2       833       913
         2       834       834
         2       835       755
         2       836       916
         2       837       917
         2       838       758
         2       839       840
         2       840       840
         2       841       840
         2       842       921
         2       843       763
         2       844       764
         2       845       845
         2       846       845
         2       847       848
         2       848       848
         2       849       848
         2       850       851
         2       851       931
         2       852       852
         2       853       852
         2       854       934
         2       855       934
         2       856       776
         2       857       776
         2       858       857
         2       859       939
         2       860       780
         2       861       862
         2       862       862
         2       863       862
         2       864       864
         2       865       945
         2       866       945
         2       867       867
         2       868       867
         2       869       869
         2       870       869
         2       871       791
         2       872       953
         2       873       953
         2       874       953
         2       875       955
         2       876       956
         2       877       956
         2       878       879
         2       879       879
         2       880       880
         2       881       880
         2       882       802
         2       883       963
         2       884       885
         2       885       886
         2       886       886
         2       887       886
         2       888       967
         2       889       969
         2       890       969
         2       891       972
         2       892       972
         2       893       972
         2       894       814
         2       895       815
         2       896       897
         2       897       976
         2       898       899
         2       899       899
         2       900       899
         2       901       900
         2       902       902
         2       903       904
         2       904       904
         2       905       904
         2       906       826
         2       907       827
         2       908       909
         2       909       909
         2       910       909
         2       911       911
         2       912       911
         2       913       913
         2       914       834
         2       915       835
         2       916       917
         2       917       917
         2       918       917
         2       919       920
         2       920       840
         2       921       840
         2       922      1002
         2       923       922
         2       924      1004
         2       925       845
         2       926       925
         2       927      1008
         2       928      1008
         2       929      1009
         2       930       931
         2       931       931
         2       932       852
         2       933       934
         2       934       934
         2       935       934
         2       936       856
         2       937       857
         2       938       937
         2       939       939
         2       940      1020
         2       941      1022
         2       942       862
         2       943      1022
         2       944       945
         2       945       945
         2       946       945
         2       947       867
         2       948       947
         2       949       869
         2       950      1030
         2       951       871
         2       952       953
         2       953       953
         2       954       953
         2       955       956
         2       956       956
         2       957       956
         2       958       959
         2       959       959
         2       960       960
         2       961       960
         2       962       963
         2       963       963
         2       964       963
         2       965      1045
         2       966       886
         2       967       967
         2       968       967
         2       969      1049
         2       970       969
         2       971      1051
         2       972      1051
         2       973       972
         2       974      1054
         2       975       976
         2       976       976
         2       977       976
         2       978      1058
         2       979       899
         2       980       900
         2       981       900
         2       982       902
         2       983      1063
         2       984       904
         2       985      1065
         2       986      1067
         2       987      1067
         2       988      1067
         2       989       909
         2       990       909
         2       991       911
         2       992       911
         2       993      1072
         2       994       993
         2       995      1075
         2       996       917
         2       997       917
         2       998       917
         2       999      1079
         2      1000      1079
         2      1001      1001
         2      1002      1001
         2      1003      1002
         2      1004       925
         2      1005      1004
         2      1006       925
         2      1007      1086
         2      1008      1009
         2      1009      1089
         2      1010      1011
         2      1011       931
         2      1012      1013
         2      1013      1094
         2      1014      1013
         2      1015      1016
         2      1016      1016
         2      1017      1098
         2      1018      1098
         2      1019       939
         2      1020      1020
         2      1021      1022
         2      1022      1022
         2      1023      1022
         2      1024      1023
         2      1025       945
         2      1026      1026
         2      1027      1026
         2      1028      1028
         2      1029      1028
         2      1030      1030
         2      1031      1032
         2      1032      1032
         2      1033       953
         2      1034       953
         2      1035      1034
         2      1036       956
         2      1037      1038
         2      1038      1039
         2      1039      1039
         2      1040      1040
         2      1041      1040
         2      1042       963
         2      1043       963
         2      1044       963
         2      1045      1125
         2      1046      1045
         2      1047       967
         2      1048       968
         2      1049      1049
         2      1050      1049
         2      1051      1051
         2      1052      1051
         2      1053      1054
         2      1054      1054
         2      1055      1054
         2      1056       976
         2      1057      1058
         2      1058      1138
         2      1059      1058
         2      1060      1061
         2      1061      1061
         2      1062      1142
         2      1063      1063
         2      1064      1063
         2      1065      1065
         2      1066      1067
         2      1067      1067
         2      1068      1067
         2      1069      1149
         2      1070      1071
         2      1071      1072
         2      1072      1072
         2      1073       993
         2      1074      1075
         2      1075      1075
         2      1076      1156
         2      1077       996
         2      1078      1079
         2      1079      1079
         2      1080      1079
         2      1081      1001
         2      1082      1002
         2      1083      1163
         2      1084      1004
         2      1085      1086
         2      1086      1086
         2      1087      1086
         2      1088      1089
         2      1089      1089
         2      1090      1089
         2      1091      1011
         2      1092      1172
         2      1093      1094
         2      1094      1174
         2      1095      1094
         2      1096      1095
         2      1097      1098
         2      1098      1098
         2      1099      1020
         2      1100      1020
         2      1101      1022
         2      1102      1022
         2      1103      1102
         2      1104      1023
         2      1105      1106
         2      1106      1026
         2      1107      1108
         2      1108      1028
         2      1109      1030
         2      1110      1030
         2      1111      1191
         2      1112      1191
         2      1113      1034
         2      1114      1034
         2      1115      1035
         2      1116      1196
         2      1117      1118
         2      1118      1119
         2      1119      1119
         2      1120      1120
         2      1121      1120
         2      1122      1042
         2      1123      1044
         2      1124      1125
         2      1125      1125
         2      1126      1125
         2      1127      1207
         2      1128      1049
         2      1129      1049
         2      1130      1050
         2      1131      1051
         2      1132      1051
         2      1133      1054
         2      1134      1054
         2      1135      1054
         2      1136      1215
         2      1137      1217
         2      1138      1138
         2      1139      1138
         2      1140      1220
         2      1141      1142
         2      1142      1223
         2      1143      1063
         2      1144      1224
         2      1145      1065
         2      1146      1065
         2      1147      1067
         2      1148      1149
         2      1149      1149
         2      1150      1230
         2      1151      1150
         2      1152      1072
         2      1153      1154
         2      1154      1154
         2      1155      1075
         2      1156      1075
         2      1157      1237
         2      1158      1239
         2      1159      1079
         2      1160      1080
         2      1161      1241
         2      1162      1241
         2      1163      1163
         2      1164      1163
         2      1165      1166
         2      1166      1086
         2      1167      1086
         2      1168      1168
         2      1169      1168
         2      1170      1171
         2      1171      1171
         2      1172      1171
         2      1173      1174
         2      1174      1174
         2      1175      1174
         2      1176      1256
         2      1177      1177
         2      1178      1258
         2      1179      1099
         2      1180      1099
         2      1181      1102
         2      1182      1183
         2      1183      1183
         2      1184      1183
         2      1185      1184
         2      1186      1266
         2      1187      1266
         2      1188      1187
         2      1189      1190
         2      1190      1191
         2      1191      1191
         2      1192      1191
         2      1193      1274
         2      1194      1274
         2      1195      1196
         2      1196      1196
         2      1197      1118
         2      1198      1199
         2      1199      1199
         2      1200      1200
         2      1201      1200
         2      1202      1281
         2      1203      1202
         2      1204      1205
         2      1205      1125
         2      1206      1207
         2      1207      1207
         2      1208      1288
         2      1209      1129
         2      1210      1211
         2      1211      1211
         2      1212      1211
         2      1213      1293
         2      1214      1215
         2      1215      1215
         2      1216      1215
         2      1217      1138
         2      1218      1138
         2      1219      1220
         2      1220      1220
         2      1221      1220
         2      1222      1223
         2      1223      1223
         2      1224      1223
         2      1225      1226
         2      1226      1226
         2      1227      1228
         2      1228      1228
         2      1229      1149
         2      1230      1230
         2      1231      1230
         2      1232      1231
         2      1233      1154
         2      1234      1154
         2      1235      1235
         2      1236      1237
         2      1237      1317
         2      1238      1239
         2      1239      1239
         2      1240      1241
         2      1241      1241
         2      1242      1241
         2      1243      1163
         2      1244      1325
         2      1245      1325
         2      1246      1325
         2      1247      1327
         2      1248      1168
         2      1249      1329
         2      1250      1171
         2      1251      1171
         2      1252      1253
         2      1253      1174
         2      1254      1174
         2      1255      1256
         2      1256      1256
         2      1257      1256
         2      1258      1258
         2      1259      1258
         2      1260      1341
         2      1261      1341
         2      1262      1342
         2      1263      1183
         2      1264      1184
         2      1265      1266
         2      1266      1266
         2      1267      1266
         2      1268      1349
         2      1269      1349
         2      1270      1351
         2      1271      1272
         2      1272      1272
         2      1273      1272
         2      1274      1274
         2      1275      1274
         2      1276      1196
         2      1277      1356
         2      1278      1279
         2      1279      1279
         2      1280      1280
         2      1281      1280
         2      1282      1361
         2      1283      1284
         2      1284      1365
         2      1285      1284
         2      1286      1287
         2      1287      1207
         2      1288      1368
         2      1289      1288
         2      1290      1211
         2      1291      1211
         2      1292      1293
         2      1293      1293
         2      1294      1293
         2      1295      1215
         2      1296      1215
         2      1297      1217
         2      1298      1378
         2      1299      1300
         2      1300      1220
         2      1301      1220
         2      1302      1301
         2      1303      1304
         2      1304      1304
         2      1305      1304
         2      1306      1226
         2      1307      1308
         2      1308      1228
         2      1309      1308
         2      1310      1230
         2      1311      1311
         2      1312      1311
         2      1313      1312
         2      1314      1235
         2      1315      1314
         2      1316      1317
         2      1317      1317
         2      1318      1317
         2      1319      1239
         2      1320      1400
         2      1321      1241
         2      1322      1241
         2      1323      1322
         2      1324      1325
         2      1325      1325
         2      1326      1325
         2      1327      1327
         2      1328      1327
         2      1329      1329
         2      1330      1410
         2      1331      1251
         2      1332      1332
         2      1333      1253
         2      1334      1335
         2      1335      1335
         2      1336      1256
         2      1337      1256
         2      1338      1258
         2      1339      1338
         2      1340      1341
         2      1341      1341
         2      1342      1341
         2      1343      1342
         2      1344      1263
         2      1345      1425
         2      1346      1266
         2      1347      1266
         2      1348      1349
         2      1349      1270
         2      1350      1351
         2      1351      1351
         2      1352      1272
         2      1353      1433
         2      1354      1274
         2      1355      1356
         2      1356      1356
         2      1357      1356
         2      1358      1359
         2      1359      1359
         2      1360      1360
         2      1361      1360
         2      1362      1361
         2      1363      1284
         2      1364      1365
         2      1365      1365
         2      1366      1446
         2      1367      1368
         2      1368      1368
         2      1369      1368
         2      1370      1449
         2      1371      1291
         2      1372      1373
         2      1373      1293
         2      1374      1295
         2      1375      1455
         2      1376      1295
         2      1377      1378
         2      1378      1378
         2      1379      1378
         2      1380      1379
         2      1381      1301
         2      1382      1381
         2      1383      1463
         2      1384      1465
         2      1385      1465
         2      1386      1385
         2      1387      1307
         2      1388      1308
         2      1389      1389
         2      1390      1311
         2      1391      1311
         2      1392      1391
         2      1393      1312
         2      1394      1475
         2      1395      1476
         2      1396      1397
         2      1397      1477
         2      1398      1478
         2      1399      1400
         2      1400      1480
         2      1401      1400
         2      1402      1482
         2      1403      1322
         2      1404      1484
         2      1405      1325
         2      1406      1327
         2      1407      1487
         2      1408      1407
         2      1409      1410
         2      1410      1410
         2      1411      1410
         2      1412      1332
         2      1413      1494
         2      1414      1335
         2      1415      1335
         2      1416      1335
         2      1417      1337
         2      1418      1338
         2      1419      1339
         2      1420      1500
         2      1421      1341
         2      1422      1503
         2      1423      1503
         2      1424      1425
         2      1425      1504
         2      1426      1506
         2      1427      1507
         2      1428      1349
         2      1429      1509
         2      1430      1351
         2      1431      1432
         2      1432      1433
         2      1433      1433
         2      1434      1433
         2      1435      1356
         2      1436      1356
         2      1437      1357
         2      1438      1439
         2      1439      1439
         2      1440      1440
         2      1441      1440
         2      1442      1442
         2      1443      1442
         2      1444      1364
         2      1445      1365
         2      1446      1525
         2      1447      1527
         2      1448      1368
         2      1449      1529
         2      1450      1530
         2      1451      1371
         2      1452      1532
         2      1453      1534
         2      1454      1534
         2      1455      1455
         2      1456      1455
         2      1457      1378
         2      1458      1378
         2      1459      1378
         2      1460      1459
         2      1461      1381
         2      1462      1463
         2      1463      1464
         2      1464      1464
         2      1465      1464
         2      1466      1465
         2      1467      1466
         2      1468      1469
         2      1469      1550
         2      1470      1390
         2      1471      1472
         2      1472      1472
         2      1473      1472
         2      1474      1475
         2      1475      1476
         2      1476      1477
         2      1477      1478
         2      1478      1478
         2      1479      1478
         2      1480      1480
         2      1481      1480
         2      1482      1482
         2      1483      1484
         2      1484      1484
         2      1485      1484
         2      1486      1566
         2      1487      1566
         2      1488      1487
         2      1489      1490
         2      1490      1410
         2      1491      1571
         2      1492      1572
         2      1493      1494
         2      1494      1494
         2      1495      1494
         2      1496      1577
         2      1497      1577
         2      1498      1578
         2      1499      1579
         2      1500      1500
         2      1501      1500
         2      1502      1582
         2      1503      1503
         2      1504      1503
         2      1505      1506
         2      1506      1506
         2      1507      1506
         2      1508      1588
         2      1509      1509
         2      1510      1509
         2      1511      1510
         2      1512      1432
         2      1513      1433
         2      1514      1593
         2      1515      1596
         2      1516      1596
         2      1517      1596
         2      1518      1519
         2      1519      1519
         2      1520      1520
         2      1521      1520
         2      1522      1442
         2      1523      1604
         2      1524      1604
         2      1525      1606
         2      1526      1606
         2      1527      1527
         2      1528      1529
         2      1529      1529
         2      1530      1529
         2      1531      1530
         2      1532      1611
         2      1533      1534
         2      1534      1534
         2      1535      1534
         2      1536      1456
         2      1537      1618
         2      1538      1618
         2      1539      1540
         2      1540      1461
         2      1541      1540
         2      1542      1461
         2      1543      1623
         2      1544      1464
         2      1545      1465
         2      1546      1466
         2      1547      1627
         2      1548      1628
         2      1549      1469
         2      1550      1550
         2      1551      1550
         2      1552      1472
         2      1553      1633
         2      1554      1633
         2      1555      1635
         2      1556      1476
         2      1557      1638
         2      1558      1638
         2      1559      1480
         2      1560      1480
         2      1561      1640
         2      1562      1482
         2      1563      1644
         2      1564      1644
         2      1565      1644
         2      1566      1566
         2      1567      1647
         2      1568      1567
         2      1569      1649
         2      1570      1571
         2      1571      1571
         2      1572      1571
         2      1573      1494
         2      1574      1494
         2      1575      1575
         2      1576      1577
         2      1577      1657
         2      1578      1579
         2      1579      1660
         2      1580      1500
         2      1581      1582
         2      1582      1582
         2      1583      1582
         2      1584      1504
         2      1585      1504
         2      1586      1506
         2      1587      1507
         2      1588      1507
         2      1589      1509
         2      1590      1510
         2      1591      1672
         2      1592      1672
         2      1593      1674
         2      1594      1674
         2      1595      1596
         2      1596      1596
         2      1597      1596
         2      1598      1599
         2      1599      1599
         2      1600      1600
         2      1601      1600
         2      1602      1603
         2      1603      1604
         2      1604      1604
         2      1605      1606
         2      1606      1606
         2      1607      1606
         2      1608      1607
         2      1609      1690
         2      1610      1530
         2      1611      1611
         2      1612      1692
         2      1613      1694
         2      1614      1534
         2      1615      1534
         2      1616      1695
         2      1617      1616
         2      1618      1618
         2      1619      1618
         2      1620      1621
         2      1621      1621
         2      1622      1621
         2      1623      1623
         2      1624      1623
         2      1625      1705
         2      1626      1705
         2      1627      1627
         2      1628      1627
         2      1629      1709
         2      1630      1550
         2      1631      1550
         2      1632      1632
         2      1633      1714
         2      1634      1714
         2      1635      1716
         2      1636      1716
         2      1637      1638
         2      1638      1638
         2      1639      1638
         2      1640      1640
         2      1641      1640
         2      1642      1722
         2      1643      1644
         2      1644      1644
         2      1645      1644
         2      1646      1647
         2      1647      1647
         2      1648      1649
         2      1649      1729
         2      1650      1571
         2      1651      1571
         2      1652      1571
         2      1653      1733
         2      1654      1574
         2      1655      1735
         2      1656      1657
         2      1657      1657
         2      1658      1657
         2      1659      1579
         2      1660      1660
         2      1661      1660
         2      1662      1582
         2      1663      1743
         2      1664      1744
         2      1665      1746
         2      1666      1746
         2      1667      1668
         2      1668      1587
         2      1669      1668
         2      1670      1670
         2      1671      1670
         2      1672      1672
         2      1673      1674
         2      1674      1674
         2      1675      1674
         2      1676      1596
         2      1677      1676
         2      1678      1758
         2      1679      1679
         2      1680      1680
         2      1681      1680
         2      1682      1683
         2      1683      1684
         2      1684      1604
         2      1685      1605
         2      1686      1766
         2      1687      1607
         2      1688      1687
         2      1689      1690
         2      1690      1770
         2      1691      1770
         2      1692      1611
         2      1693      1694
         2      1694      1694
         2      1695      1694
         2      1696      1695
         2      1697      1777
         2      1698      1618
         2      1699      1779
         2      1700      1621
         2      1701      1782
         2      1702      1782
         2      1703      1623
         2      1704      1783
         2      1705      1705
         2      1706      1705
         2      1707      1627
         2      1708      1709
         2      1709      1709
         2      1710      1709
         2      1711      1632
         2      1712      1632
         2      1713      1714
         2      1714      1714
         2      1715      1714
         2      1716      1716
         2      1717      1716
         2      1718      1638
         2      1719      1799
         2      1720      1640
         2      1721      1722
         2      1722      1722
         2      1723      1722
         2      1724      1644
         2      1725      1644
         2      1726      1727
         2      1727      1647
         2      1728      1729
         2      1729      1810
         2      1730      1810
         2      1731      1811
         2      1732      1811
         2      1733      1814
         2      1734      1814
         2      1735      1815
         2      1736      1657
         2      1737      1657
         2      1738      1818
         2      1739      1818
         2      1740      1820
         2      1741      1660
         2      1742      1743
         2      1743      1743
         2      1744      1743
         2      1745      1746
         2      1746      1746
         2      1747      1746
         2      1748      1668
         2      1749      1748
         2      1750      1670
         2      1751      1832
         2      1752      1672
         2      1753      1832
         2      1754      1674
         2      1755      1754
         2      1756      1676
         2      1757      1758
         2      1758      1759
         2      1759      1759
         2      1760      1760
         2      1761      1760
         2      1762      1842
         2      1763      1683
         2      1764      1684
         2      1765      1766
         2      1766      1766
         2      1767      1766
         2      1768      1848
         2      1769      1770
         2      1770      1770
         2      1771      1770
         2      1772      1851
         2      1773      1774
         2      1774      1694
         2      1775      1774
         2      1776      1695
         2      1777      1777
         2      1778      1777
         2      1779      1779
         2      1780      1781
         2      1781      1782
         2      1782      1783
         2      1783      1783
         2      1784      1783
         2      1785      1784
         2      1786      1787
         2      1787      1867
         2      1788      1787
         2      1789      1709
         2      1790      1870
         2      1791      1871
         2      1792      1711
         2      1793      1794
         2      1794      1714
         2      1795      1796
         2      1796      1716
         2      1797      1796
         2      1798      1798
         2      1799      1798
         2      1800      1799
         2      1801      1721
         2      1802      1722
         2      1803      1804
         2      1804      1804
         2      1805      1804
         2      1806      1726
         2      1807      1727
         2      1808      1809
         2      1809      1810
         2      1810      1811
         2      1811      1811
         2      1812      1811
         2      1813      1814
         2      1814      1814
         2      1815      1814
         2      1816      1896
         2      1817      1818
         2      1818      1898
         2      1819      1818
         2      1820      1820
         2      1821      1820
         2      1822      1743
         2      1823      1743
         2      1824      1825
         2      1825      1746
         2      1826      1907
         2      1827      1746
         2      1828      1907
         2      1829      1828
         2      1830      1910
         2      1831      1910
         2      1832      1913
         2      1833      1913
         2      1834      1914
         2      1835      1836
         2      1836      1917
         2      1837      1917
         2      1838      1839
         2      1839      1839
         2      1840      1840
         2      1841      1840
         2      1842      1842
         2      1843      1923
         2      1844      1923
         2      1845      1765
         2      1846      1926
         2      1847      1848
         2      1848      1849
         2      1849      1849
         2      1850      1770
         2      1851      1770
         2      1852      1851
         2      1853      1852
         2      1854      1774
         2      1855      1854
         2      1856      1857
         2      1857      1777
         2      1858      1777
         2      1859      1939
         2      1860      1861
         2      1861      1782
         2      1862      1782
         2      1863      1783
         2      1864      1783
         2      1865      1946
         2      1866      1946
         2      1867      1867
         2      1868      1867
         2      1869      1948
         2      1870      1870
         2      1871      1951
         2      1872      1951
         2      1873      1874
         2      1874      1874
         2      1875      1874
         2      1876      1796
         2      1877      1878
         2      1878      1798
         2      1879      1959
         2      1880      1960
         2      1881      1961
         2      1882      1963
         2      1883      1963
         2      1884      1804
         2      1885      1964
         2      1886      1966
         2      1887      1967
         2      1888      1888
         2      1889      1809
         2      1890      1810
         2      1891      1811
         2      1892      1892
         2      1893      1892
         2      1894      1814
         2      1895      1814
         2      1896      1896
         2      1897      1896
         2      1898      1898
         2      1899      1898
         2      1900      1820
         2      1901      1982
         2      1902      1982
         2      1903      1903
         2      1904      1903
         2      1905      1825
         2      1906      1907
         2      1907      1907
         2      1908      1907
         2      1909      1910
         2      1910      1910
         2      1911      1910
         2      1912      1913
         2      1913      1913
         2      1914      1913
         2      1915      1916
         2      1916      1917
         2      1917      1917
         2      1918      1919
         2      1919      1919
         2      1920      1920
         2      1921      1841
         2      1922      2002
         2      1923      2004
         2      1924      2004
         2      1925      1926
         2      1926      1926
         2      1927      1926
         2      1928      1848
         2      1929      1849
         2      1930      1849
         2      1931      1851
         2      1932      1852
         2      1933      1852
         2      1934      1854
         2      1935      1935
         2      1936      2016
         2      1937      2017
         2      1938      1939
         2      1939      1939
         2      1940      2020
         2      1941      2021
         2      1942      1943
         2      1943      1943
         2      1944      2024
         2      1945      1944
         2      1946      1946
         2      1947      1948
         2      1948      2028
         2      1949      1948
         2      1950      1951
         2      1951      1951
         2      1952      1951
         2      1953      2033
         2      1954      1874
         2      1955      1875
         2      1956      1956
         2      1957      2038
         2      1958      1959
         2      1959      1959
         2      1960      1961
         2      1961      1961
         2      1962      1961
         2      1963      1964
         2      1964      1964
         2      1965      1964
         2      1966      2046
         2      1967      2046
         2      1968      1967
         2      1969      2049
         2      1970      1971
         2      1971      1971
         2      1972      1892
         2      1973      1974
         2      1974      2054
         2      1975      2054
         2      1976      1896
         2      1977      2057
         2      1978      1898
         2      1979      1898
         2      1980      2061
         2      1981      2061
         2      1982      1982
         2      1983      1982
         2      1984      2064
         2      1985      2064
         2      1986      1907
         2      1987      1907
         2      1988      1987
         2      1989      1989
         2      1990      1989
         2      1991      1991
         2      1992      1991
         2      1993      1913
         2      1994      1913
         2      1995      2075
         2      1996      1917
         2      1997      1917
         2      1998      1999
         2      1999      1999
         2      2000      2000
         2      2001      2000
         2      2002      2002
         2      2003      2004
         2      2004      2004
         2      2005      2004
         2      2006      2007
         2      2007      1926
         2      2008      2007
         2      2009      2089
         2      2010      2090
         2      2011      2011
         2      2012      2093
         2      2013      2093
         2      2014      2013
         2      2015      2016
         2      2016      2016
         2      2017      2016
         2      2018      2019
         2      2019      1939
         2      2020      2020
         2      2021      2020
         2      2022      2022
         2      2023      2022
         2      2024      2024
         2      2025      2105
         2      2026      1946
         2      2027      2028
         2      2028      2028
         2      2029      2028
         2      2030      2110
         2      2031      1951
         2      2032      2033
         2      2033      2114
         2      2034      2033
         2      2035      2114
         2      2036      1956
         2      2037      2038
         2      2038      1959
         2      2039      1959
         2      2040      1959
         2      2041      1961
         2      2042      2041
         2      2043      2042
         2      2044      1964
         2      2045      2046
         2      2046      2046
         2      2047      2046
         2      2048      2128
         2      2049      2129
         2      2050      1971
         2      2051      1971
         2      2052      1971
         2      2053      2054
         2      2054      2054
         2      2055      2054
         2      2056      2057
         2      2057      2057
         2      2058      2057
         2      2059      2139
         2      2060      2139
         2      2061      2061
         2      2062      2142
         2      2063      2064
         2      2064      2064
         2      2065      2064
         2      2066      2067
         2      2067      2067
         2      2068      2067
         2      2069      1989
         2      2070      1989
         2      2071      1991
         2      2072      2073
         2      2073      2073
         2      2074      2075
         2      2075      2075
         2      2076      2156
         2      2077      2157
         2      2078      2079
         2      2079      2079
         2      2080      2080
         2      2081      2080
         2      2082      2162
         2      2083      2163
         2      2084      2004
         2      2085      2086
         2      2086      2007
         2      2087      2007
         2      2088      2089
         2      2089      2089
         2      2090      2089
         2      2091      2090
         2      2092      2093
         2      2093      2093
         2      2094      2093
         2      2095      2175
         2      2096      2016
         2      2097      2016
         2      2098      2019
         2      2099      2019
         2      2100      2020
         2      2101      2102
         2      2102      2182
         2      2103      2024
         2      2104      2105
         2      2105      2024
         2      2106      2105
         2      2107      2028
         2      2108      2028
         2      2109      2110
         2      2110      2110
         2      2111      2112
         2      2112      2113
         2      2113      2033
         2      2114      2114
         2      2115      2116
         2      2116      2196
         2      2117      2038
         2      2118      2038
         2      2119      2038
         2      2120      2040
         2      2121      2202
         2      2122      2202
         2      2123      2124
         2      2124      2124
         2      2125      2124
         2      2126      2046
         2      2127      2128
         2      2128      2128
         2      2129      2128
         2      2130      2129
         2      2131      2211
         2      2132      2211
         2      2133      2054
         2      2134      2054
         2      2135      2054
         2      2136      2056
         2      2137      2218
         2      2138      2218
         2      2139      2139
         2      2140      2139
         2      2141      2142
         2      2142      2143
         2      2143      2143
         2      2144      2143
         2      2145      2225
         2      2146      2225
         2      2147      2067
         2      2148      2228
         2      2149      2229
         2      2150      2230
         2      2151      2230
         2      2152      2151
         2      2153      2073
         2      2154      2155
         2      2155      2075
         2      2156      2156
         2      2157      2156
         2      2158      2159
         2      2159      2159
         2      2160      2160
         2      2161      2160
         2      2162      2162
         2      2163      2162
         2      2164      2243
         2      2165      2245
         2      2166      2086
         2      2167      2247
         2      2168      2248
         2      2169      2089
         2      2170      2169
         2      2171      2251
         2      2172      2251
         2      2173      2093
         2      2174      2175
         2      2175      2175
         2      2176      2175
         2      2177      2256
         2      2178      2258
         2      2179      2258
         2      2180      2260
         2      2181      2182
         2      2182      2182
         2      2183      2182
         2      2184      2183
         2      2185      2105
         2      2186      2265
         2      2187      2267
         2      2188      2269
         2      2189      2269
         2      2190      2270
         2      2191      2270
         2      2192      2273
         2      2193      2273
         2      2194      2114
         2      2195      2196
         2      2196      2196
         2      2197      2196
         2      2198      2279
         2      2199      2279
         2      2200      2279
         2      2201      2202
         2      2202      2202
         2      2203      2202
         2      2204      2124
         2      2205      2124
         2      2206      2207
         2      2207      2128
         2      2208      2128
         2      2209      2129
         2      2210      2211
         2      2211      2211
         2      2212      2211
         2      2213      2214
         2      2214      2215
         2      2215      2215
         2      2216      2297
         2      2217      2218
         2      2218      2218
         2      2219      2299
         2      2220      2299
         2      2221      2301
         2      2222      2143
         2      2223      2143
         2      2224      2305
         2      2225      2305
         2      2226      2306
         2      2227      2306
         2      2228      2228
         2      2229      2230
         2      2230      2230
         2      2231      2151
         2      2232      2313
         2      2233      2313
         2      2234      2314
         2      2235      2156
         2      2236      2156
         2      2237      2157
         2      2238      2239
         2      2239      2239
         2      2240      2240
         2      2241      2240
         2      2242      2162
         2      2243      2162
         2      2244      2245
         2      2245      2245
         2      2246      2247
         2      2247      2327
         2      2248      2247
         2      2249      2169
         2      2250      2251
         2      2251      2331
         2      2252      2251
         2      2253      2333
         2      2254      2255
         2      2255      2256
         2      2256      2175
         2      2257      2258
         2      2258      2258
         2      2259      2260
         2      2260      2260
         2      2261      2260
         2      2262      2182
         2      2263      2343
         2      2264      2265
         2      2265      2265
         2      2266      2347
         2      2267      2347
         2      2268      2269
         2      2269      2269
         2      2270      2269
         2      2271      2270
         2      2272      2273
         2      2273      2273
         2      2274      2273
         2      2275      2196
         2      2276      2196
         2      2277      2357
         2      2278      2279
         2      2279      2279
         2      2280      2279
         2      2281      2282
         2      2282      2202
         2      2283      2284
         2      2284      2284
         2      2285      2284
         2      2286      2287
         2      2287      2207
         2      2288      2289
         2      2289      2369
         2      2290      2370
         2      2291      2211
         2      2292      2291
         2      2293      2373
         2      2294      2215
         2      2295      2215
         2      2296      2297
         2      2297      2297
         2      2298      2299
         2      2299      2218
         2      2300      2299
         2      2301      2302
         2      2302      2302
         2      2303      2302
         2      2304      2305
         2      2305      2305
         2      2306      2305
         2      2307      2386
         2      2308      2388
         2      2309      2310
         2      2310      2230
         2      2311      2230
         2      2312      2313
         2      2313      2313
         2      2314      2313
         2      2315      2395
         2      2316      2397
         2      2317      2397
         2      2318      2319
         2      2319      2319
         2      2320      2320
         2      2321      2320
         2      2322      2323
         2      2323      2323
         2      2324      2323
         2      2325      2245
         2      2326      2327
         2      2327      2327
         2      2328      2327
         2      2329      2328
         2      2330      2331
         2      2331      2411
         2      2332      2331
         2      2333      2413
         2      2334      2413
         2      2335      2255
         2      2336      2256
         2      2337      2258
         2      2338      2258
         2      2339      2340
         2      2340      2260
         2      2341      2340
         2      2342      2341
         2      2343      2343
         2      2344      2343
         2      2345      2426
         2      2346      2347
         2      2347      2427
         2      2348      2427
         2      2349      2269
         2      2350      2430
         2      2351      2271
         2      2352      2433
         2      2353      2433
         2      2354      2274
         2      2355      2356
         2      2356      2356
         2      2357      2356
         2      2358      2438
         2      2359      2360
         2      2360      2360
         2      2361      2360
         2      2362      2442
         2      2363      2282
         2      2364      2284
         2      2365      2284
         2      2366      2287
         2      2367      2287
         2      2368      2369
         2      2369      2370
         2      2370      2451
         2      2371      2451
         2      2372      2373
         2      2373      2373
         2      2374      2373
         2      2375      2295
         2      2376      2457
         2      2377      2297
         2      2378      2297
         2      2379      2299
         2      2380      2379
         2      2381      2301
         2      2382      2302
         2      2383      2302
         2      2384      2464
         2      2385      2305
         2      2386      2386
         2      2387      2386
         2      2388      2388
         2      2389      2470
         2      2390      2310
         2      2391      2470
         2      2392      2312
         2      2393      2313
         2      2394      2313
         2      2395      2475
         2      2396      2395
         2      2397      2397
         2      2398      2399
         2      2399      2399
         2      2400      2400
         2      2401      2400
         2      2402      2401
         2      2403      2323
         2      2404      2405
         2      2405      2405
         2      2406      2405
         2      2407      2327
         2      2408      2409
         2      2409      2409
         2      2410      2411
         2      2411      2411
         2      2412      2413
         2      2413      2413
         2      2414      2413
         2      2415      2414
         2      2416      2495
         2      2417      2418
         2      2418      2339
         2      2419      2339
         2      2420      2421
         2      2421      2421
         2      2422      2421
         2      2423      2503
         2      2424      2503
         2      2425      2426
         2      2426      2427
         2      2427      2427
         2      2428      2427
         2      2429      2430
         2      2430      2509
         2      2431      2511
         2      2432      2433
         2      2433      2433
         2      2434      2514
         2      2435      2515
         2      2436      2515
         2      2437      2438
         2      2438      2438
         2      2439      2438
         2      2440      2360
         2      2441      2521
         2      2442      2442
         2      2443      2442
         2      2444      2524
         2      2445      2364
         2      2446      2447
         2      2447      2367
         2      2448      2529
         2      2449      2370
         2      2450      2370
         2      2451      2451
         2      2452      2451
         2      2453      2373
         2      2454      2455
         2      2455      2536
         2      2456      2457
         2      2457      2458
         2      2458      2458
         2      2459      2458
         2      2460      2459
         2      2461      2462
         2      2462      2462
         2      2463      2464
         2      2464      2464
         2      2465      2464
         2      2466      2386
         2      2467      2547
         2      2468      2388
         2      2469      2549
         2      2470      2470
         2      2471      2470
         2      2472      2552
         2      2473      2552
         2      2474      2475
         2      2475      2475
         2      2476      2556
         2      2477      2397
         2      2478      2479
         2      2479      2479
         2      2480      2480
         2      2481      2480
         2      2482      2483
         2      2483      2483
         2      2484      2483
         2      2485      2405
         2      2486      2566
         2      2487      2567
         2      2488      2567
         2      2489      2409
         2      2490      2490
         2      2491      2490
         2      2492      2413
         2      2493      2573
         2      2494      2413
         2      2495      2494
         2      2496      2495
         2      2497      2418
         2      2498      2578
         2      2499      2580
         2      2500      2421
         2      2501      2421
         2      2502      2582
         2      2503      2503
         2      2504      2503
         2      2505      2505
         2      2506      2426
         2      2507      2587
         2      2508      2427
         2      2509      2509
         2      2510      2511
         2      2511      2512
         2      2512      2433
         2      2513      2512
         2      2514      2515
         2      2515      2515
         2      2516      2515
         2      2517      2597
         2      2518      2438
         2      2519      2439
         2      2520      2600
         2      2521      2521
         2      2522      2442
         2      2523      2603
         2      2524      2524
         2      2525      2524
         2      2526      2605
         2      2527      2447
         2      2528      2529
         2      2529      2529
         2      2530      2529
         2      2531      2612
         2      2532      2612
         2      2533      2612
         2      2534      2533
         2      2535      2615
         2      2536      2537
         2      2537      2458
         2      2538      2537
         2      2539      2458
         2      2540      2539
         2      2541      2542
         2      2542      2462
         2      2543      2544
         2      2544      2464
         2      2545      2464
         2      2546      2547
         2      2547      2627
         2      2548      2549
         2      2549      2549
         2      2550      2549
         2      2551      2552
         2      2552      2552
         2      2553      2552
         2      2554      2474
         2      2555      2556
         2      2556      2556
         2      2557      2556
         2      2558      2559
         2      2559      2559
         2      2560      2560
         2      2561      2560
         2      2562      2563
         2      2563      2483
         2      2564      2483
         2      2565      2645
         2      2566      2646
         2      2567      2566
         2      2568      2648
         2      2569      2490
         2      2570      2571
         2      2571      2571
         2      2572      2573
         2      2573      2654
         2      2574      2573
         2      2575      2495
         2      2576      2656
         2      2577      2578
         2      2578      2578
         2      2579      2578
         2      2580      2580
         2      2581      2661
         2      2582      2582
         2      2583      2582
         2      2584      2503
         2      2585      2666
         2      2586      2587
         2      2587      2587
         2      2588      2668
         2      2589      2509
         2      2590      2589
         2      2591      2672
         2      2592      2672
         2      2593      2514
         2      2594      2515
         2      2595      2594
         2      2596      2676
         2      2597      2597
         2      2598      2597
         2      2599      2679
         2      2600      2680
         2      2601      2680
         2      2602      2603
         2      2603      2603
         2      2604      2603
         2      2605      2685
         2      2606      2686
         2      2607      2607
         2      2608      2607
         2      2609      2529
         2      2610      2690
         2      2611      2612
         2      2612      2612
         2      2613      2612
         2      2614      2615
         2      2615      2695
         2      2616      2615
         2      2617      2617
         2      2618      2617
         2      2619      2539
         2      2620      2540
         2      2621      2701
         2      2622      2623
         2      2623      2623
         2      2624      2704
         2      2625      2704
         2      2626      2627
         2      2627      2707
         2      2628      2627
         2      2629      2549
         2      2630      2549
         2      2631      2632
         2      2632      2552
         2      2633      2552
         2      2634      2634
         2      2635      2556
         2      2636      2556
         2      2637      2556
         2      2638      2639
         2      2639      2639
         2      2640      2640
         2      2641      2640
         2      2642      2643
         2      2643      2724
         2      2644      2724
         2      2645      2646
         2      2646      2646
         2      2647      2646
         2      2648      2728
         2      2649      2648
         2      2650      2730
         2      2651      2730
         2      2652      2573
         2      2653      2654
         2      2654      2654
         2      2655      2654
         2      2656      2656
         2      2657      2656
         2      2658      2578
         2      2659      2578
         2      2660      2580
         2      2661      2741
         2      2662      2661
         2      2663      2582
         2      2664      2744
         2      2665      2666
         2      2666      2666
         2      2667      2587
         2      2668      2668
         2      2669      2668
         2      2670      2751
         2      2671      2672
         2      2672      2672
         2      2673      2672
         2      2674      2675
         2      2675      2755
         2      2676      2675
         2      2677      2676
         2      2678      2679
         2      2679      2680
         2      2680      2680
         2      2681      2680
         2      2682      2683
         2      2683      2603
         2      2684      2603
         2      2685      2765
         2      2686      2686
         2      2687      2686
         2      2688      2768
         2      2689      2690
         2      2690      2770
         2      2691      2691
         2      2692      2691
         2      2693      2613
         2      2694      2695
         2      2695      2695
         2      2696      2695
         2      2697      2778
         2      2698      2778
         2      2699      2779
         2      2700      2701
         2      2701      2701
         2      2702      2701
         2      2703      2623
         2      2704      2784
         2      2705      2785
         2      2706      2707
         2      2707      2707
         2      2708      2707
         2      2709      2790
         2      2710      2711
         2      2711      2790
         2      2712      2711
         2      2713      2793
         2      2714      2634
         2      2715      2796
         2      2716      2796
         2      2717      2637
         2      2718      2719
         2      2719      2719
         2      2720      2720
         2      2721      2720
         2      2722      2643
         2      2723      2722
         2      2724      2805
         2      2725      2724
         2      2726      2646
         2      2727      2807
         2      2728      2728
         2      2729      2728
         2      2730      2730
         2      2731      2730
         2      2732      2733
         2      2733      2813
         2      2734      2654
         2      2735      2654
         2      2736      2737
         2      2737      2737
         2      2738      2737
         2      2739      2819
         2      2740      2741
         2      2741      2741
         2      2742      2741
         2      2743      2744
         2      2744      2744
         2      2745      2744
         2      2746      2666
         2      2747      2748
         2      2748      2668
         2      2749      2748
         2      2750      2751
         2      2751      2672
         2      2752      2672
         2      2753      2832
         2      2754      2755
         2      2755      2755
         2      2756      2755
         2      2757      2676
         2      2758      2837
         2      2759      2758
         2      2760      2680
         2      2761      2680
         2      2762      2842
         2      2763      2683
         2      2764      2765
         2      2765      2765
         2      2766      2765
         2      2767      2768
         2      2768      2848
         2      2769      2770
         2      2770      2770
         2      2771      2770
         2      2772      2691
         2      2773      2772
         2      2774      2854
         2      2775      2695
         2      2776      2695
         2      2777      2778
         2      2778      2779
         2      2779      2779
         2      2780      2779
         2      2781      2861
         2      2782      2701
         2      2783      2784
         2      2784      2784
         2      2785      2784
         2      2786      2785
         2      2787      2707
         2      2788      2707
         2      2789      2869
         2      2790      2790
         2      2791      2711
         2      2792      2793
         2      2793      2793
         2      2794      2793
         2      2795      2876
         2      2796      2876
         2      2797      2796
         2      2798      2799
         2      2799      2799
         2      2800      2800
         2      2801      2800
         2      2802      2722
         2      2803      2802
         2      2804      2805
         2      2805      2805
         2      2806      2805
         2      2807      2806
         2      2808      2728
         2      2809      2889
         2      2810      2730
         2      2811      2730
         2      2812      2813
         2      2813      2813
         2      2814      2813
         2      2815      2735
         2      2816      2735
         2      2817      2737
         2      2818      2819
         2      2819      2819
         2      2820      2819
         2      2821      2901
         2      2822      2742
         2      2823      2904
         2      2824      2904
         2      2825      2826
         2      2826      2907
         2      2827      2907
         2      2828      2909
         2      2829      2909
         2      2830      2831
         2      2831      2751
         2      2832      2831
         2      2833      2832
         2      2834      2753
         2      2835      2755
         2      2836      2756
         2      2837      2837
         2      2838      2837
         2      2839      2838
         2      2840      2760
         2      2841      2842
         2      2842      2842
         2      2843      2842
         2      2844      2763
         2      2845      2765
         2      2846      2846
         2      2847      2848
         2      2848      2848
         2      2849      2848
         2      2850      2770
         2      2851      2770
         2      2852      2772
         2      2853      2854
         2      2854      2855
         2      2855      2855
         2      2856      2855
         2      2857      2856
         2      2858      2779
         2      2859      2939
         2      2860      2861
         2      2861      2861
         2      2862      2861
         2      2863      2784
         2      2864      2784
         2      2865      2785
         2      2866      2865
         2      2867      2868
         2      2868      2869
         2      2869      2948
         2      2870      2869
         2      2871      2790
         2      2872      2793
         2      2873      2793
         2      2874      2874
         2      2875      2876
         2      2876      2876
         2      2877      2876
         2      2878      2798
         2      2879      2879
         2      2880      2880
         2      2881      2880
         2      2882      2802
         2      2883      2802
         2      2884      2964
         2      2885      2805
         2      2886      2887
         2      2887      2888
         2      2888      2888
         2      2889      2888
         2      2890      2970
         2      2891      2970
         2      2892      2972
         2      2893      2813
         2      2894      2815
         2      2895      2815
         2      2896      2817
         2      2897      2817
         2      2898      2819
         2      2899      2819
         2      2900      2819
         2      2901      2902
         2      2902      2902
         2      2903      2904
         2      2904      2904
         2      2905      2904
         2      2906      2826
         2      2907      2907
         2      2908      2909
         2      2909      2909
         2      2910      2909
         2      2911      2831
         2      2912      2832
         2      2913      2993
         2      2914      2994
         2      2915      2994
         2      2916      2996
         2      2917      2837
         2      2918      2999
         2      2919      2999
         2      2920      2921
         2      2921      2842
         2      2922      2921
         2      2923      2842
         2      2924      2844
         2      2925      3006
         2      2926      2846
         2      2927      3007
         2      2928      2848
         2      2929      2849
         2      2930      2929
         2      2931      3012
         2      2932      3012
         2      2933      2932
         2      2934      2854
         2      2935      2855
         2      2936      2856
         2      2937      3017
         2      2938      3018
         2      2939      3018
         2      2940      2939
         2      2941      2861
         2      2942      2941
         2      2943      2944
         2      2944      2944
         2      2945      2865
         2      2946      2945
         2      2947      2948
         2      2948      2948
         2      2949      2948
         2      2950      3030
         2      2951      2952
         2      2952      3033
         2      2953      3033
         2      2954      2874
         2      2955      2876
         2      2956      2876
         2      2957      2958
         2      2958      2959
         2      2959      2959
         2      2960      2960
         2      2961      2960
         2      2962      3041
         2      2963      2964
         2      2964      3044
         2      2965      2885
         2      2966      2885
         2      2967      2887
         2      2968      2888
         2      2969      2970
         2      2970      2970
         2      2971      2970
         2      2972      2891
         2      2973      2972
         2      2974      3054
         2      2975      3054
         2      2976      2976
         2      2977      2976
         2      2978      3058
         2      2979      3059
         2      2980      2981
         2      2981      2902
         2      2982      2902
         2      2983      2902
         2      2984      2904
         2      2985      3064
         2      2986      2907
         2      2987      2907
         2      2988      2908
         2      2989      2909
         2      2990      3069
         2      2991      2991
         2      2992      2991
         2      2993      2994
         2      2994      2994
         2      2995      2994
         2      2996      3077
         2      2997      3077
         2      2998      2999
         2      2999      2999
         2      3000      2999
         2      3001      2921
         2      3002      3083
         2      3003      3083
         2      3004      3083
         2      3005      3006
         2      3006      3087
         2      3007      3087
         2      3008      3088
         2      3009      2929
         2      3010      3011
         2      3011      3012
         2      3012      3012
         2      3013      3093
         2      3014      3095
         2      3015      3095
         2      3016      3017
         2      3017      3018
         2      3018      3018
         2      3019      3018
         2      3020      3021
         2      3021      3021
         2      3022      3021
         2      3023      2944
         2      3024      3025
         2      3025      2944
         2      3026      3107
         2      3027      3107
         2      3028      2948
         2      3029      3028
         2      3030      3030
         2      3031      3030
         2      3032      2952
         2      3033      3034
         2      3034      3114
         2      3035      3034
         2      3036      3037
         2      3037      3037
         2      3038      3039
         2      3039      3039
         2      3040      3040
         2      3041      3040
         2      3042      3041
         2      3043      3044
         2      3044      3044
         2      3045      3044
         2      3046      3126
         2      3047      3126
         2      3048      3128
         2      3049      3129
         2      3050      3129
         2      3051      3050
         2      3052      2972
         2      3053      3054
         2      3054      3134
         2      3055      3054
         2      3056      2976
         2      3057      2976
         2      3058      3059
         2      3059      3059
         2      3060      3140
         2      3061      2981
         2      3062      3143
         2      3063      3064
         2      3064      3144
         2      3065      3145
         2      3066      3067
         2      3067      3148
         2      3068      3069
         2      3069      3069
         2      3070      3069
         2      3071      2991
         2      3072      2991
         2      3073      2994
         2      3074      2994
         2      3075      2994
         2      3076      3156
         2      3077      3077
         2      3078      3079
         2      3079      2999
         2      3080      3079
         2      3081      3081
         2      3082      3162
         2      3083      3162
         2      3084      3083
         2      3085      3006
         2      3086      3087
         2      3087      3087
         2      3088      3087
         2      3089      3088
         2      3090      3170
         2      3091      3011
         2      3092      3012
         2      3093      3174
         2      3094      3095
         2      3095      3095
         2      3096      3095
         2      3097      3018
         2      3098      3018
         2      3099      3100
         2      3100      3021
         2      3101      3021
         2      3102      3182
         2      3103      3023
         2      3104      3025
         2      3105      3025
         2      3106      3107
         2      3107      3107
         2      3108      3107
         2      3109      3108
         2      3110      3109
         2      3111      3191
         2      3112      3031
         2      3113      3114
         2      3114      3193
         2      3115      3114
         2      3116      3035
         2      3117      3037
         2      3118      3119
         2      3119      3119
         2      3120      3120
         2      3121      3120
         2      3122      3121
         2      3123      3203
         2      3124      3044
         2      3125      3044
         2      3126      3126
         2      3127      3126
         2      3128      3129
         2      3129      3129
         2      3130      3129
         2      3131      3211
         2      3132      3212
         2      3133      3134
         2      3134      3134
         2      3135      3134
         2      3136      3135
         2      3137      3217
         2      3138      3058
         2      3139      3140
         2      3140      3140
         2      3141      3140
         2      3142      3143
         2      3143      3143
         2      3144      3143
         2      3145      3144
         2      3146      3145
         2      3147      3148
         2      3148      3148
         2      3149      3069
         2      3150      3069
         2      3151      3150
         2      3152      3232
         2      3153      3233
         2      3154      3155
         2      3155      3075
         2      3156      3155
         2      3157      3077
         2      3158      3238
         2      3159      3079
         2      3160      3080
         2      3161      3162
         2      3162      3242
         2      3163      3162
         2      3164      3083
         2      3165      3245
         2      3166      3246
         2      3167      3087
         2      3168      3087
         2      3169      3170
         2      3170      3251
         2      3171      3251
         2      3172      3093
         2      3173      3174
         2      3174      3095
         2      3175      3176
         2      3176      3095
         2      3177      3176
         2      3178      3177
         2      3179      3260
         2      3180      3260
         2      3181      3261
         2      3182      3261
         2      3183      3182
         2      3184      3264
         2      3185      3264
         2      3186      3106
         2      3187      3107
         2      3188      3188
         2      3189      3269
         2      3190      3270
         2      3191      3191
         2      3192      3193
         2      3193      3193
         2      3194      3193
         2      3195      3275
         2      3196      3276
         2      3197      3277
         2      3198      3199
         2      3199      3199
         2      3200      3200
         2      3201      3200
         2      3202      3282
         2      3203      3284
         2      3204      3284
         2      3205      3126
         2      3206      3126
         2      3207      3126
         2      3208      3287
         2      3209      3129
         2      3210      3291
         2      3211      3291
         2      3212      3211
         2      3213      3293
         2      3214      3134
         2      3215      3134
         2      3216      3296
         2      3217      3217
         2      3218      3298
         2      3219      3139
         2      3220      3140
         2      3221      3301
         2      3222      3143
         2      3223      3224
         2      3224      3305
         2      3225      3305
         2      3226      3305
         2      3227      3228
         2      3228      3308
         2      3229      3148
         2      3230      3310
         2      3231      3232
         2      3232      3232
         2      3233      3232
         2      3234      3234
         2      3235      3155
         2      3236      3316
         2      3237      3238
         2      3238      3238
         2      3239      3320
         2      3240      3320
         2      3241      3242
         2      3242      3242
         2      3243      3242
         2      3244      3324
         2      3245      3324
         2      3246      3326
         2      3247      3327
         2      3248      3248
         2      3249      3170
         2      3250      3251
         2      3251      3251
         2      3252      3251
         2      3253      3333
         2      3254      3174
         2      3255      3256
         2      3256      3176
         2      3257      3177
         2      3258      3338
         2      3259      3340
         2      3260      3340
         2      3261      3261
         2      3262      3261
         2      3263      3264
         2      3264      3264
         2      3265      3264
         2      3266      3346
         2      3267      3268
         2      3268      3188
         2      3269      3188
         2      3270      3269
         2      3271      3351
         2      3272      3193
         2      3273      3193
         2      3274      3354
         2      3275      3355
         2      3276      3277
         2      3277      3277
         2      3278      3279
         2      3279      3279
         2      3280      3280
         2      3281      3280
         2      3282      3282
         2      3283      3282
         2      3284      3363
         2      3285      3286
         2      3286      3286
         2      3287      3286
         2      3288      3287
         2      3289      3368
         2      3290      3291
         2      3291      3291
         2      3292      3291
         2      3293      3293
         2      3294      3293
         2      3295      3294
         2      3296      3296
         2      3297      3298
         2      3298      3298
         2      3299      3298
         2      3300      3301
         2      3301      3301
         2      3302      3301
         2      3303      3382
         2      3304      3305
         2      3305      3385
         2      3306      3305
         2      3307      3308
         2      3308      3388
         2      3309      3308
         2      3310      3310
         2      3311      3310
         2      3312      3232
         2      3313      3393
         2      3314      3234
         2      3315      3316
         2      3316      3316
         2      3317      3316
         2      3318      3238
         2      3319      3320
         2      3320      3320
         2      3321      3320
         2      3322      3242
         2      3323      3324
         2      3324      3405
         2      3325      3324
         2      3326      3405
         2      3327      3407
         2      3328      3327
         2      3329      3409
         2      3330      3410
         2      3331      3251
         2      3332      3333
         2      3333      3333
         2      3334      3333
         2      3335      3415
         2      3336      3416
         2      3337      3338
         2      3338      3338
         2      3339      3340
         2      3340      3340
         2      3341      3340
         2      3342      3423
         2      3343      3423
         2      3344      3264
         2      3345      3346
         2      3346      3346
         2      3347      3346
         2      3348      3268
         2      3349      3269
         2      3350      3351
         2      3351      3430
         2      3352      3432
         2      3353      3354
         2      3354      3355
         2      3355      3355
         2      3356      3357
         2      3357      3277
         2      3358      3359
         2      3359      3359
         2      3360      3360
         2      3361      3360
         2      3362      3442
         2      3363      3363
         2      3364      3363
         2      3365      3286
         2      3366      3286
         2      3367      3368
         2      3368      3368
         2      3369      3370
         2      3370      3449
         2      3371      3291
         2      3372      3452
         2      3373      3452
         2      3374      3293
         2      3375      3456
         2      3376      3456
         2      3377      3298
         2      3378      3298
         2      3379      3380
         2      3380      3380
         2      3381      3380
         2      3382      3382
         2      3383      3382
         2      3384      3385
         2      3385      3385
         2      3386      3385
         2      3387      3388
         2      3388      3388
         2      3389      3388
         2      3390      3389
         2      3391      3392
         2      3392      3392
         2      3393      3392
         2      3394      3393
         2      3395      3475
         2      3396      3316
         2      3397      3396
         2      3398      3399
         2      3399      3400
         2      3400      3320
         2      3401      3321
         2      3402      3321
         2      3403      3404
         2      3404      3405
         2      3405      3405
         2      3406      3407
         2      3407      3407
         2      3408      3409
         2      3409      3409
         2      3410      3409
         2      3411      3410
         2      3412      3413
         2      3413      3333
         2      3414      3415
         2      3415      3416
         2      3416      3416
         2      3417      3416
         2      3418      3338
         2      3419      3340
         2      3420      3340
         2      3421      3501
         2      3422      3423
         2      3423      3423
         2      3424      3423
         2      3425      3505
         2      3426      3506
         2      3427      3507
         2      3428      3348
         2      3429      3430
         2      3430      3430
         2      3431      3430
         2      3432      3432
         2      3433      3432
         2      3434      3354
         2      3435      3355
         2      3436      3357
         2      3437      3436
         2      3438      3439
         2      3439      3439
         2      3440      3440
         2      3441      3440
         2      3442      3363
         2      3443      3363
         2      3444      3443
         2      3445      3365
         2      3446      3526
         2      3447      3368
         2      3448      3368
         2      3449      3368
         2      3450      3530
         2      3451      3531
         2      3452      3532
         2      3453      3452
         2      3454      3534
         2      3455      3456
         2      3456      3456
         2      3457      3458
         2      3458      3537
         2      3459      3539
         2      3460      3380
         2      3461      3541
         2      3462      3382
         2      3463      3462
         2      3464      3544
         2      3465      3385
         2      3466      3546
         2      3467      3547
         2      3468      3388
         2      3469      3550
         2      3470      3550
         2      3471      3551
         2      3472      3551
         2      3473      3553
         2      3474      3475
         2      3475      3555
         2      3476      3475
         2      3477      3476
         2      3478      3558
         2      3479      3558
         2      3480      3400
         2      3481      3562
         2      3482      3562
         2      3483      3484
         2      3484      3405
         2      3485      3405
         2      3486      3485
         2      3487      3407
         2      3488      3409
         2      3489      3569
         2      3490      3409
         2      3491      3490
         2      3492      3493
         2      3493      3413
         2      3494      3415
         2      3495      3415
         2      3496      3416
         2      3497      3416
         2      3498      3579
         2      3499      3579
         2      3500      3580
         2      3501      3500
         2      3502      3583
         2      3503      3583
         2      3504      3423
         2      3505      3585
         2      3506      3507
         2      3507      3507
         2      3508      3507
         2      3509      3589
         2      3510      3430
         2      3511      3432
         2      3512      3432
         2      3513      3594
         2      3514      3594
         2      3515      3514
         2      3516      3436
         2      3517      3517
         2      3518      3519
         2      3519      3519
         2      3520      3520
         2      3521      3520
         2      3522      3521
         2      3523      3524
         2      3524      3524
         2      3525      3524
         2      3526      3607
         2      3527      3528
         2      3528      3528
         2      3529      3528
         2      3530      3610
         2      3531      3610
         2      3532      3532
         2      3533      3532
         2      3534      3534
         2      3535      3534
         2      3536      3456
         2      3537      3456
         2      3538      3537
         2      3539      3539
         2      3540      3539
         2      3541      3541
         2      3542      3462
         2      3543      3462
         2      3544      3544
         2      3545      3546
         2      3546      3547
         2      3547      3547
         2      3548      3547
         2      3549      3550
         2      3550      3550
         2      3551      3550
         2      3552      3553
         2      3553      3553
         2      3554      3553
         2      3555      3555
         2      3556      3555
         2      3557      3558
         2      3558      3558
         2      3559      3558
         2      3560      3561
         2      3561      3562
         2      3562      3562
         2      3563      3562
         2      3564      3563
         2      3565      3485
         2      3566      3567
         2      3567      3647
         2      3568      3648
         2      3569      3648
         2      3570      3569
         2      3571      3651
         2      3572      3651
         2      3573      3653
         2      3574      3575
         2      3575      3575
         2      3576      3577
         2      3577      3577
         2      3578      3579
         2      3579      3580
         2      3580      3580
         2      3581      3580
         2      3582      3581
         2      3583      3584
         2      3584      3585
         2      3585      3585
         2      3586      3585
         2      3587      3586
         2      3588      3587
         2      3589      3669
         2      3590      3669
         2      3591      3671
         2      3592      3672
         2      3593      3672
         2      3594      3594
         2      3595      3675
         2      3596      3675
         2      3597      3676
         2      3598      3599
         2      3599      3599
         2      3600      3600
         2      3601      3521
         2      3602      3602
         2      3603      3602
         2      3604      3524
         2      3605      3685
         2      3606      3607
         2      3607      3607
         2      3608      3528
         2      3609      3689
         2      3610      3610
         2      3611      3610
         2      3612      3693
         2      3613      3693
         2      3614      3693
         2      3615      3694
         2      3616      3537
         2      3617      3537
         2      3618      3538
         2      3619      3539
         2      3620      3700
         2      3621      3622
         2      3622      3541
         2      3623      3622
         2      3624      3625
         2      3625      3705
         2      3626      3706
         2      3627      3547
         2      3628      3547
         2      3629      3709
         2      3630      3550
         2      3631      3632
         2      3632      3551
         2      3633      3553
         2      3634      3635
         2      3635      3555
         2      3636      3637
         2      3637      3558
         2      3638      3558
         2      3639      3719
         2      3640      3561
         2      3641      3642
         2      3642      3562
         2      3643      3563
         2      3644      3563
         2      3645      3726
         2      3646      3726
         2      3647      3648
         2      3648      3648
         2      3649      3648
         2      3650      3651
         2      3651      3651
         2      3652      3732
         2      3653      3732
         2      3654      3733
         2      3655      3575
         2      3656      3576
         2      3657      3577
         2      3658      3738
         2      3659      3579
         2      3660      3740
         2      3661      3740
         2      3662      3583
         2      3663      3584
         2      3664      3584
         2      3665      3585
         2      3666      3586
         2      3667      3747
         2      3668      3669
         2      3669      3669
         2      3670      3750
         2      3671      3672
         2      3672      3672
         2      3673      3672
         2      3674      3675
         2      3675      3755
         2      3676      3675
         2      3677      3757
         2      3678      3679
         2      3679      3679
         2      3680      3680
         2      3681      3680
         2      3682      3602
         2      3683      3602
         2      3684      3685
         2      3685      3765
         2      3686      3685
         2      3687      3607
         2      3688      3769
         2      3689      3769
         2      3690      3610
         2      3691      3771
         2      3692      3693
         2      3693      3693
         2      3694      3774
         2      3695      3774
         2      3696      3776
         2      3697      3776
         2      3698      3698
         2      3699      3700
         2      3700      3700
         2      3701      3782
         2      3702      3782
         2      3703      3622
         2      3704      3705
         2      3705      3705
         2      3706      3705
         2      3707      3708
         2      3708      3708
         2      3709      3710
         2      3710      3711
         2      3711      3711
         2      3712      3711
         2      3713      3713
         2      3714      3635
         2      3715      3635
         2      3716      3796
         2      3717      3797
         2      3718      3797
         2      3719      3800
         2      3720      3721
         2      3721      3800
         2      3722      3642
         2      3723      3724
         2      3724      3804
         2      3725      3724
         2      3726      3806
         2      3727      3728
         2      3728      3648
         2      3729      3728
         2      3730      3730
         2      3731      3651
         2      3732      3813
         2      3733      3732
         2      3734      3733
         2      3735      3735
         2      3736      3735
         2      3737      3738
         2      3738      3738
         2      3739      3740
         2      3740      3820
         2      3741      3820
         2      3742      3742
         2      3743      3823
         2      3744      3824
         2      3745      3826
         2      3746      3826
         2      3747      3747
         2      3748      3747
         2      3749      3669
         2      3750      3750
         2      3751      3671
         2      3752      3672
         2      3753      3752
         2      3754      3755
         2      3755      3755
         2      3756      3755
         2      3757      3837
         2      3758      3759
         2      3759      3759
         2      3760      3760
         2      3761      3760
         2      3762      3681
         2      3763      3683
         2      3764      3844
         2      3765      3846
         2      3766      3846
         2      3767      3846
         2      3768      3848
         2      3769      3848
         2      3770      3771
         2      3771      3771
         2      3772      3853
         2      3773      3853
         2      3774      3774
         2      3775      3774
         2      3776      3776
         2      3777      3776
         2      3778      3858
         2      3779      3859
         2      3780      3700
         2      3781      3782
         2      3782      3862
         2      3783      3703
         2      3784      3705
         2      3785      3705
         2      3786      3706
         2      3787      3786
         2      3788      3789
         2      3789      3710
         2      3790      3870
         2      3791      3711
         2      3792      3711
         2      3793      3792
         2      3794      3874
         2      3795      3875
         2      3796      3797
         2      3797      3797
         2      3798      3797
         2      3799      3800
         2      3800      3881
         2      3801      3881
         2      3802      3882
         2      3803      3804
         2      3804      3804
         2      3805      3804
         2      3806      3806
         2      3807      3728
         2      3808      3728
         2      3809      3728
         2      3810      3730
         2      3811      3730
         2      3812      3813
         2      3813      3813
         2      3814      3813
         2      3815      3814
         2      3816      3737
         2      3817      3898
         2      3818      3738
         2      3819      3820
         2      3820      3820
         2      3821      3820
         2      3822      3823
         2      3823      3823
         2      3824      3823
         2      3825      3826
         2      3826      3826
         2      3827      3826
         2      3828      3829
         2      3829      3909
         2      3830      3829
         2      3831      3832
         2      3832      3752
         2      3833      3834
         2      3834      3835
         2      3835      3915
         2      3836      3917
         2      3837      3917
         2      3838      3839
         2      3839      3839
         2      3840      3840
         2      3841      3921
         2      3842      3922
         2      3843      3923
         2      3844      3924
         2      3845      3925
         2      3846      3926
         2      3847      3846
         2      3848      3928
         2      3849      3769
         2      3850      3930
         2      3851      3931
         2      3852      3932
         2      3853      3933
         2      3854      3934
         2      3855      3935
         2      3856      3776
         2      3857      3937
         2      3858      3938
         2      3859      3939
         2      3860      3940
         2      3861      3941
         2      3862      3942
         2      3863      3943
         2      3864      3944
         2      3865      3945
         2      3866      3946
         2      3867      3947
         2      3868      3948
         2      3869      3870
         2      3870      3950
         2      3871      3870
         2      3872      3952
         2      3873      3953
         2      3874      3954
         2      3875      3955
         2      3876      3956
         2      3877      3957
         2      3878      3958
         2      3879      3959
         2      3880      3960
         2      3881      3961
         2      3882      3962
         2      3883      3963
         2      3884      3964
         2      3885      3965
         2      3886      3966
         2      3887      3967
         2      3888      3968
         2      3889      3969
         2      3890      3970
         2      3891      3971
         2      3892      3972
         2      3893      3973
         2      3894      3974
         2      3895      3975
         2      3896      3976
         2      3897      3898
         2      3898      3978
         2      3899      3979
         2      3900      3980
         2      3901      3981
         2      3902      3982
         2      3903      3823
         2      3904      3984
         2      3905      3985
         2      3906      3986
         2      3907      3987
         2      3908      3909
         2      3909      3989
         2      3910      3990
         2      3911      3991
         2      3912      3992
         2      3913      3993
         2      3914      3915
         2      3915      3995
         2      3916      3996
         2      3917      3997
         2      3918      3919
         2      3919      3919
         2      3920      3920
         2      3921      3921
         2      3922      3922
         2      3923      3923
         2      3924      3924
         2      3925      3925
         2      3926      3926
         2      3927      3927
         2      3928      3928
         2      3929      3929
         2      3930      3930
         2      3931      3931
         2      3932      3932
         2      3933      3933
         2      3934      3934
         2      3935      3935
         2      3936      3936
         2      3937      3937
         2      3938      3938
         2      3939      3939
         2      3940      3940
         2      3941      3941
         2      3942      3942
         2      3943      3943
         2      3944      3944
         2      3945      3945
         2      3946      3946
         2      3947      3947
         2      3948      3948
         2      3949      3949
         2      3950      3950
         2      3951      3951
         2      3952      3952
         2      3953      3953
         2      3954      3954
         2      3955      3955
         2      3956      3956
         2      3957      3957
         2      3958      3958
         2      3959      3959
         2      3960      3960
         2      3961      3961
         2      3962      3962
         2      3963      3963
         2      3964      3964
         2      3965      3965
         2      3966      3966
         2      3967      3967
         2      3968      3968
         2      3969      3969
         2      3970      3970
         2      3971      3971
         2      3972      3972
         2      3973      3973
         2      3974      3974
         2      3975      3975
         2      3976      3976
         2      3977      3977
         2      3978      3978
         2      3979      3979
         2      3980      3980
         2      3981      3981
         2      3982      3982
         2      3983      3983
         2      3984      3984
         2      3985      3985
         2      3986      3986
         2      3987      3987
         2      3988      3988
         2      3989      3989
         2      3990      3990
         2      3991      3991
         2      3992      3992
         2      3993      3993
         2      3994      3994
         2      3995      3995
         2      3996      3996
         2      3997      3997
         2      3998      3998
         2      3999      3999
CELL_TYPES       4000
 3
 3
 3
 3
 3
 3
 3
 3
 3
 3
 3
 3
 3
 3
 3
 3
 3
 3
 3
 3
 3
 3
 3
 3
 3
 3
 3
 3
 3
 3
 3
 3
 3
 3
 3
 3
 3
 3
 3
 3
 3
 3
 3
 3
 3
 3
 3
 3
 3
 3
 3
 3
 3
 3
 3
 3
 3
 3
 3
 3
 3
 3
 3
 3
 3
 3
 3
 3
 3
 3
 3
 3
 3
 3
 3
 3
 3
 3
 3
 3
 3
 3
 3
 3
 3
 3
 3
 3
 3
 3
 3
 3
 3
 3
 3
 3
 3
 3
 3
 3
 3
 3
 3
 3
 3
 3
 3
 3
 3
 3
 3
 3
 3
 3
 3
 3
 3
 3
 3
 3
 3
 3
 3
 3
 3
 3
 3
 3
 3
 3
 3
 3
 3
 3
 3
 3
 3
 3
 3
 3
 3
 3
 3
 3
 3
 3
 3
 3
 3
 3
 3
 3
 3
 3
 3
 3
 3
 3
 3
 3
 3
 3
 3
 3
 3
 3
 3
 3
 3
 3
 3
 3
 3
 3
 3
 3
 3
 3
 3
 3
 3
 3
 3
 3
 3
 3
 3
 3
 3
 3
 3
 3
 3
 3
 3
 3
 3
 3
 3
 3
 3
 3
 3
 3
 3
 3
 3
 3
 3
 3
 3
 3
 3
 3
 3
 3
 3
 3
 3
 3
 3
 3
 3
 3
 3
 3
 3
 3
 3
 3
 3
 3
 3
 3
 3
 3
 3
 3
 3
 3
 3
 3
 3
 3
 3
 3
 3
 3
 3
 3
 3
 3
 3
 3
 3
 3
 3
 3
 3
 3
 3
 3
 3
 3
 3
 3
 3
 3
 3
 3
 3
 3
 3
 3
 3
 3
 3
 3
 3
 3
 3
 3
 3
 3
 3
 3
 3
 3
 3
 3
 3
 3
 3
 3
 3
 3
 3
 3
 3
 3
 3
 3
 3
 3
 3
 3
 3
 3
 3
 3
 3
 3
 3
 3
 3
 3
 3
 3
 3
 3
 3
 3
 3
 3
 3
 3
 3
 3
 3
 3
 3
 3
 3
 3
 3
 3
 3
 3
 3
 3
 3
 3
 3
 3
 3
 3
 3
 3
 3
 3
 3
 3
 3
 3
 3
 3
 3
 3
 3
 3
 3
 3
 3
 3
 3
 3
 3
 3
 3
 3
 3
 3
 3
 3
 3
 3
 3
 3
 3
 3
 3
 3
 3
 3
 3
 3
 3
 3
 3
 3
 3
 3
 3
 3
 3
 3
 3
 3
 3
 3
 3
 3
 3
 3
 3
 3
 3
 3
 3
 3
 3
 3
 3
 3
 3
 3
 3
 3
 3
 3
 3
 3
 3
 3
 3
 3
 3
 3
 3
 3
 3
 3
 3
 3
 3
 3
 3
 3
 3
 3
 3
 3
 3
 3
 3
 3
 3
 3
 3
 3
 3
 3
 3
 3
 3
 3
 3
 3
 3
 3
 3
 3
 3
 3
 3
 3
 3
 3
 3
 3
 3
 3
 3
 3
 3
 3
 3
 3
 3
 3
 3
 3
 3
 3
 3
 3
 3
 3
 3
 3
 3
 3
 3
 3
 3
 3
 3
 3
 3
 3
 3
 3
 3
 3
 3
 3
 3
 3
 3
 3
 3
 3
 3
 3
 3
 3
 3
 3
 3
 3
 3
 3
 3
 3
 3
 3
 3
 3
 3
 3
 3
 3
 3
 3
 3
 3
 3
 3
 3
 3
 3
 3
 3
 3
 3
 3
 3
 3
 3
 3
 3
 3
 3
 3
 3
 3
 3
 3
 3
 3
 3
 3
 3
 3
 3
 3
 3
 3
 3
 3
 3
 3
 3
 3
 3
 3
 3
 3
 3
 3
 3
 3
 3
 3
 3
 3
 3
 3
 3
 3
 3
 3
 3
 3
 3
 3
 3
 3
 3
 3
 3
 3
 3
 3
 3
 3
 3
 3
 3
 3
 3
 3
 3
 3
 3
 3
 3
 3
 3
 3
 3
 3
 3
 3
 3
 3
 3
 3
 3
 3
 3
 3
 3
 3
 3
 3
 3
 3
 3
 3
 3
 3
 3
 3
 3
 3
 3
 3
 3
 3
 3
 3
 3
 3
 3
 3
 3
 3
 3
 3
 3
 3
 3
 3
 3
 3
 3
 3
 3
 3
 3
 3
 3
 3
 3
 3
 3
 3
 3
 3
 3
 3
 3
 3
 3
 3
 3
 3
 3
 3
 3
 3
 3
 3
 3
 3
 3
 3
 3
 3
 3
 3
 3
 3
 3
 3
 3
 3
 3
 3
 3
 3
 3
 3
 3
 3
 3
 3
 3
 3
 3
 3
 3
 3
 3
 3
 3
 3
 3
 3
 3
 3
 3
 3
 3
 3
 3
 3
 3
 3
 3
 3
 3
 3
 3
 3
 3
 3
 3
 3
 3
 3
 3
 3
 3
 3
 3
 3
 3
 3
 3
 3
 3
 3
 3
 3
 3
 3
 3
 3
 3
 3
 3
 3
 3
 3
 3
 3
 3
 3
 3
 3
 3
 3
 3
 3
 3
 3
 3
 3
 3
 3
 3
 3
 3
 3
 3
 3
 3
 3
 3
 3
 3
 3
 3
 3
 3
 3
 3
 3
 3
 3
 3
 3
 3
 3
 3
 3
 3
 3
 3
 3
 3
 3
 3
 3
 3
 3
 3
 3
 3
 3
 3
 3
 3
 3
 3
 3
 3
 3
 3
 3
 3
 3
 3
 3
 3
 3
 3
 3
 3
 3
 3
 3
 3
 3
 3
 3
 3
 3
 3
 3
 3
 3
 3
 3
 3
 3
 3
 3
 3
 3
 3
 3
 3
 3
 3
 3
 3
 3
 3
 3
 3
 3
 3
 3
 3
 3
 3
 3
 3
 3
 3
 3
 3
 3
 3
 3
 3
 3
 3
 3
 3
 3
 3
 3
 3
 3
 3
 3
 3
 3
 3
 3
 3
 3
 3
 3
 3
 3
 3
 3
 3
 3
 3
 3
 3
 3
 3
 3
 3
 3
 3
 3
 3
 3
 3
 3
 3
 3
 3
 3
 3
 3
 3
 3
 3
 3
 3
 3
 3
 3
 3
 3
 3
 3
 3
 3
 3
 3
 3
 3
 3
 3
 3
 3
 3
 3
 3
 3
 3
 3
 3
 3
 3
 3
 3
 3
 3
 3
 3
 3
 3
 3
 3
 3
 3
 3
 3
 3
 3
 3
 3
 3
 3
 3
 3
 3
 3
 3
 3
 3
 3
 3
 3
 3
 3
 3
 3
 3
 3
 3
 3
 3
 3
 3
 3
 3
 3
 3
 3
 3
 3
 3
 3
 3
 3
 3
 3
 3
 3
 3
 3
 3
 3
 3
 3
 3
 3
 3
 3
 3
 3
 3
 3
 3
 3
 3
 3
 3
 3
 3
 3
 3
 3
 3
 3
 3
 3
 3
 3
 3
 3
 3
 3
 3
 3
 3
 3
 3
 3
 3
 3
 3
 3
 3
 3
 3
 3
 3
 3
 3
 3
 3
 3
 3
 3
 3
 3
 3
 3
 3
 3
 3
 3
 3
 3
 3
 3
 3
 3
 3
 3
 3
 3
 3
 3
 3
 3
 3
 3
 3
 3
 3
 3
 3
 3
 3
 3
 3
 3
 3
 3
 3
 3
 3
 3
 3
 3
 3
 3
 3
 3
 3
 3
 3
 3
 3
 3
 3
 3
 3
 3
 3
 3
 3
 3
 3
 3
 3
 3
 3
 3
 3
 3
 3
 3
 3
 3
 3
 3
 3
 3
 3
 3
 3
 3
 3
 3
 3
 3
 3
 3
 3
 3
 3
 3
 3
 3
 3
 3
 3
 3
 3
 3
 3
 3
 3
 3
 3
 3
 3
 3
 3
 3
 3
 3
 3
 3
 3
 3
 3
 3
 3
 3
 3
 3
 3
 3
 3
 3
 3
 3
 3
 3
 3
 3
 3
 3
 3
 3
 3
 3
 3
 3
 3
 3
 3
 3
 3
 3
 3
 3
 3
 3
 3
 3
 3
 3
 3
 3
 3
 3
 3
 3
 3
 3
 3
 3
 3
 3
 3
 3
 3
 3
 3
 3
 3
 3
 3
 3
 3
 3
 3
 3
 3
 3
 3
 3
 3
 3
 3
 3
 3
 3
 3
 3
 3
 3
 3
 3
 3
 3
 3
 3
 3
 3
 3
 3
 3
 3
 3
 3
 3
 3
 3
 3
 3
 3
 3
 3
 3
 3
 3
 3
 3
 3
 3
 3
 3
 3
 3
 3
 3
 3
 3
 3
 3
 3
 3
 3
 3
 3
 3
 3
 3
 3
 3
 3
 3
 3
 3
 3
 3
 3
 3
 3
 3
 3
 3
 3
 3
 3
 3
 3
 3
 3
 3
 3
 3
 3
 3
 3
 3
 3
 3
 3
 3
 3
 3
 3
 3
 3
 3
 3
 3
 3
 3
 3
 3
 3
 3
 3
 3
 3
 3
 3
 3
 3
 3
 3
 3
 3
 3
 3
 3
 3
 3
 3
 3
 3
 3
 3
 3
 3
 3
 3
 3
 3
 3
 3
 3
 3
 3
 3
 3
 3
 3
 3
 3
 3
 3
 3
 3
 3
 3
 3
 3
 3
 3
 3
 3
 3
 3
 3
 3
 3
 3
 3
 3
 3
 3
 3
 3
 3
 3
 3
 3
 3
 3
 3
 3
 3
 3
 3
 3
 3
 3
 3
 3
 3
 3
 3
 3
 3
 3
 3
 3
 3
 3
 3
 3
 3
 3
 3
 3
 3
 3
 3
 3
 3
 3
 3
 3
 3
 3
 3
 3
 3
 3
 3
 3
 3
 3
 3
 3
 3
 3
 3
 3
 3
 3
 3
 3
 3
 3
 3
 3
 3
 3
 3
 3
 3
 3
 3
 3
 3
 3
 3
 3
 3
 3
 3
 3
 3
 3
 3
 3
 3
 3
 3
 3
 3
 3
 3
 3
 3
 3
 3
 3
 3
 3
 3
 3
 3
 3
 3
 3
 3
 3
 3
 3
 3
 3
 3
 3
 3
 3
 3
 3
 3
 3
 3
 3
 3
 3
 3
 3
 3
 3
 3
 3
 3
 3
 3
 3
 3
 3
 3
 3
 3
 3
 3
 3
 3
 3
 3
 3
 3
 3
 3
 3
 3
 3
 3
 3
 3
 3
 3
 3
 3
 3
 3
 3
 3
 3
 3
 3
 3
 3
 3
 3
 3
 3
 3
 3
 3
 3
 3
 3
 3
 3
 3
 3
 3
 3
 3
 3
 3
 3
 3
 3
 3
 3
 3
 3
 3
 3
 3
 3
 3
 3
 3
 3
 3
 3
 3
 3
 3
 3
 3
 3
 3
 3
 3
 3
 3
 3
 3
 3
 3
 3
 3
 3
 3
 3
 3
 3
 3
 3
 3
 3
 3
 3
 3
 3
 3
 3
 3
 3
 3
 3
 3
 3
 3
 3
 3
 3
 3
 3
 3
 3
 3
 3
 3
 3
 3
 3
 3
 3
 3
 3
 3
 3
 3
 3
 3
 3
 3
 3
 3
 3
 3
 3
 3
 3
 3
 3
 3
 3
 3
 3
 3
 3
 3
 3
 3
 3
 3
 3
 3
 3
 3
 3
 3
 3
 3
 3
 3
 3
 3
 3
 3
 3
 3
 3
 3
 3
 3
 3
 3
 3
 3
 3
 3
 3
 3
 3
 3
 3
 3
 3
 3
 3
 3
 3
 3
 3
 3
 3
 3
 3
 3
 3
 3
 3
 3
 3
 3
 3
 3
 3
 3
 3
 3
 3
 3
 3
 3
 3
 3
 3
 3
 3
 3
 3
 3
 3
 3
 3
 3
 3
 3
 3
 3
 3
 3
 3
 3
 3
 3
 3
 3
 3
 3
 3
 3
 3
 3
 3
 3
 3
 3
 3
 3
 3
 3
 3
 3
 3
 3
 3
 3
 3
 3
 3
 3
 3
 3
 3
 3
 3
 3
 3
 3
 3
 3
 3
 3
 3
 3
 3
 3
 3
 3
 3
 3
 3
 3
 3
 3
 3
 3
 3
 3
 3
 3
 3
 3
 3
 3
 3
 3
 3
 3
 3
 3
 3
 3
 3
 3
 3
 3
 3
 3
 3
 3
 3
 3
 3
 3
 3
 3
 3
 3
 3
 3
 3
 3
 3
 3
 3
 3
 3
 3
 3
 3
 3
 3
 3
 3
 3
 3
 3
 3
 3
 3
 3
 3
 3
 3
 3
 3
 3
 3
 3
 3
 3
 3
 3
 3
 3
 3
 3
 3
 3
 3
 3
 3
 3
 3
 3
 3
 3
 3
 3
 3
 3
 3
 3
 3
 3
 3
 3
 3
 3
 3
 3
 3
 3
 3
 3
 3
 3
 3
 3
 3
 3
 3
 3
 3
 3
 3
 3
 3
 3
 3
 3
 3
 3
 3
 3
 3
 3
 3
 3
 3
 3
 3
 3
 3
 3
 3
 3
 3
 3
 3
 3
 3
 3
 3
 3
 3
 3
 3
 3
 3
 3
 3
 3
 3
 3
 3
 3
 3
 3
 3
 3
 3
 3
 3
 3
 3
 3
 3
 3
 3
 3
 3
 3
 3
 3
 3
 3
 3
 3
 3
 3
 3
 3
 3
 3
 3
 3
 3
 3
 3
 3
 3
 3
 3
 3
 3
 3
 3
 3
 3
 3
 3
 3
 3
 3
 3
 3
 3
 3
 3
 3
 3
 3
 3
 3
 3
 3
 3
 3
 3
 3
 3
 3
 3
 3
 3
 3
 3
 3
 3
 3
 3
 3
 3
 3
 3
 3
 3
 3
 3
 3
 3
 3
 3
 3
 3
 3
 3
 3
 3
 3
 3
 3
 3
 3
 3
 3
 3
 3
 3
 3
 3
 3
 3
 3
 3
 3
 3
 3
 3
 3
 3
 3
 3
 3
 3
 3
 3
 3
 3
 3
 3
 3
 3
 3
 3
 3
 3
 3
 3
 3
 3
 3
 3
 3
 3
 3
 3
 3
 3
 3
 3
 3
 3
 3
 3
 3
 3
 3
 3
 3
 3
 3
 3
 3
 3
 3
 3
 3
 3
 3
 3
 3
 3
 3
 3
 3
 3
 3
 3
 3
 3
 3
 3
 3
 3
 3
 3
 3
 3
 3
 3
 3
 3
 3
 3
 3
 3
 3
 3
 3
 3
 3
 3
 3
 3
 3
 3
 3
 3
 3
 3
 3
 3
 3
 3
 3
 3
 3
 3
 3
 3
 3
 3
 3
 3
 3
 3
 3
 3
 3
 3
 3
 3
 3
 3
 3
 3
 3
 3
 3
 3
 3
 3
 3
 3
 3
 3
 3
 3
 3
 3
 3
 3
 3
 3
 3
 3
 3
 3
 3
 3
 3
 3
 3
 3
 3
 3
 3
 3
 3
 3
 3
 3
 3
 3
 3
 3
 3
 3
 3
 3
 3
 3
 3
 3
 3
 3
 3
 3
 3
 3
 3
 3
 3
 3
 3
 3
 3
 3
 3
 3
 3
 3
 3
 3
 3
 3
 3
 3
 3
 3
 3
 3
 3
 3
 3
 3
 3
 3
 3
 3
 3
 3
 3
 3
 3
 3
 3
 3
 3
 3
 3
 3
 3
 3
 3
 3
 3
 3
 3
 3
 3
 3
 3
 3
 3
 3
 3
 3
 3
 3
 3
 3
 3
 3
 3
 3
 3
 3
 3
 3
 3
 3
 3
 3
 3
 3
 3
 3
 3
 3
 3
 3
 3
 3
 3
 3
 3
 3
 3
 3
 3
 3
 3
 3
 3
 3
 3
 3
 3
 3
 3
 3
 3
 3
 3
 3
 3
 3
 3
 3
 3
 3
 3
 3
 3
 3
 3
 3
 3
 3
 3
 3
 3
 3
 3
 3
 3
 3
 3
 3
 3
 3
 3
 3
 3
 3
 3
 3
 3
 3
 3
 3
 3
 3
 3
 3
 3
 3
 3
 3
 3
 3
 3
 3
 3
 3
 3
 3
 3
 3
 3
 3
 3
 3
 3
 3
 3
 3
 3
 3
 3
 3
 3
 3
 3
 3
 3
 3
 3
 3
 3
 3
 3
 3
 3
 3
 3
 3
 3
 3
 3
 3
 3
 3
 3
 3
 3
 3
 3
 3
 3
 3
 3
 3
 3
 3
 3
 3
 3
 3
 3
 3
 3
 3
 3
 3
 3
 3
 3
 3
 3
 3
 3
 3
 3
 3
 3
 3
 3
 3
 3
 3
 3
 3
 3
 3
 3
 3
 3
 3
 3
 3
 3
 3
 3
 3
 3
 3
 3
 3
 3
 3
 3
 3
 3
 3
 3
 3
 3
 3
 3
 3
 3
 3
 3
 3
 3
 3
 3
 3
 3
 3
 3
 3
 3
 3
 3
 3
 3
 3
 3
 3
 3
 3
 3
 3
 3
 3
 3
 3
 3
 3
 3
 3
 3
 3
 3
 3
 3
 3
 3
 3
 3
 3
 3
 3
 3
 3
 3
 3
 3
 3
 3
 3
 3
 3
 3
 3
 3
 3
 3
 3
 3
 3
 3
 3
 3
 3
 3
 3
 3
 3
 3
 3
 3
 3
 3
 3
 3
 3
 3
 3
 3
 3
 3
 3
 3
 3
 3
 3
 3
 3
 3
 3
 3
 3
 3
 3
 3
 3
 3
 3
 3
 3
 3
 3
 3
 3
 3
 3
 3
 3
 3
 3
 3
 3
 3
 3
 3
 3
 3
 3
 3
 3
 3
 3
 3
 3
 3
 3
 3
 3
 3
 3
 3
 3
 3
 3
 3
 3
 3
 3
 3
 3
 3
 3
 3
 3
 3
 3
 3
 3
 3
 3
 3
 3
 3
 3
 3
 3
 3
 3
 3
 3
 3
 3
 3
 3
 3
 3
 3
 3
 3
 3
 3
 3
 3
 3
 3
 3
 3
 3
 3
 3
 3
 3
 3
 3
 3
 3
 3
 3
 3
 3
 3
 3
 3
 3
 3
 3
 3
 3
 3
 3
 3
 3
 3
 3
 3
 3
 3
 3
 3
 3
 3
 3
 3
 3
 3
 3
 3
 3
 3
 3
 3
 3
 3
 3
 3
 3
 3
 3
 3
 3
 3
 3
 3
 3
 3
 3
 3
 3
 3
 3
 3
 3
 3
 3
 3
 3
 3
 3
 3
 3
 3
 3
 3
 3
 3
 3
 3
 3
 3
 3
 3
 3
 3
 3
 3
 3
 3
 3
 3
 3
 3
 3
 3
 3
 3
 3
 3
 3
 3
 3
 3
 3
 3
 3
 3
 3
 3
 3
 3
 3
 3
 3
 3
 3
 3
 3
 3
 3
 3
 3
 3
 3
 3
 3
 3
 3
 3
 3
 3
 3
 3
 3
 3
 3
 3
 3
 3
 3
 3
 3
 3
 3
 3
 3
 3
 3
 3
 3
 3
 3
 3
 3
 3
 3
 3
 3
 3
 3
 3
 3
 3
 3
 3
 3
 3
 3
 3
 3
 3
 3
 3
 3
 3
 3
 3
 3
 3
 3
 3
 3
 3
 3
 3
 3
 3
 3
 3
 3
 3
 3
 3
 3
 3
 3
 3
 3
 3
 3
 3
 3
 3
 3
 3
 3
 3
 3
 3
 3
 3
 3
 3
 3
 3
 3
 3
 3
 3
 3
 3
 3
 3
 3
 3
 3
 3
 3
 3
 3
 3
 3
 3
 3
 3
 3
 3
 3
 3
 3
 3
 3
 3
 3
 3
 3
 3
 3
 3
 3
 3
 3
 3
 3
 3
 3
 3
 3
 3
 3
 3
 3
 3
 3
 3
 3
 3
 3
 3
 3
 3
 3
 3
 3
 3
 3
 3
 3
 3
 3
 3
 3
 3
 3
 3
 3
 3
 3
 3
 3
 3
 3
 3
 3
 3
 3
 3
 3
 3
 3
 3
 3
 3
 3
 3
 3
 3
 3
 3
 3
 3
 3
 3
 3
 3
 3
 3
 3
 3
 3
 3
 3
 3
 3
 3
 3
 3
 3
 3
 3
 3
 3
 3
 3
 3
 3
 3
 3
 3
 3
 3
 3
 3
 3
 3
 3
 3
 3
 3
 3
 3
 3
 3
 3
 3
 3
 3
 3
 3
 3
 3
 3
 3
 3
 3
 3
 3
 3
 3
 3
 3
 3
 3
 3
 3
 3
 3
 3
 3
 3
 3
 3
 3
 3
 3
 3
 3
 3
 3
 3
 3
 3
 3
 3
 3
 3
 3
 3
 3
 3
 3
 3
 3
 3
 3
 3
 3
 3
 3
 3
 3
 3
 3
 3
 3
 3
 3
 3
 3
 3
 3
 3
 3
 3
 3
 3
 3
 3
 3
 3
 3
 3
 3
 3
 3
 3
 3
 3
 3
 3
 3
 3
 3
 3
 3
 3
 3
 3
 3
 3
 3
 3
 3
 3
 3
 3
 3
 3
 3
 3
 3
 3
 3
 3
 3
 3
 3
 3
 3
 3
 3
 3
 3
 3
 3
 3
 3
 3
 3
 3
 3
 3
 3
 3
 3
 3
 3
 3
 3
 3
 3
 3
 3
 3
 3
 3
 3
 3
 3
 3
 3
 3
 3
 3
 3
 3
 3
 3
 3
 3
 3
 3
 3
 3
 3
 3
 3
 3
 3
 3
 3
 3
 3
 3
 3
 3
 3
 3
 3
 3
 3
 3
 3
 3
 3
 3
 3
 3
 3
 3
 3
 3
 3
 3
 3
 3
 3
 3
 3
 3
 3
 3
 3
 3
 3
 3
 3
 3
 3
 3
 3
 3
 3
 3
 3
 3
 3
 3
 3
 3
 3
 3
 3
 3
 3
 3
 3
 3
 3
 3
 3
 3
 3
 3
 3
 3
 3
 3
 3
 3
 3
 3
 3
 3
 3
 3
 3
 3
 3
 3
 3
 3
 3
 3
 3
 3
 3
 3
 3
 3
 3
 3
 3
 3
 3
 3
 3
 3
 3
 3
 3
 3
 3
 3
 3
 3
 3
 3
 3
 3
 3
 3
 3
 3
 3
 3
 3
 3
 3
 3
 3
 3
 3
 3
 3
 3
 3
 3
 3
 3
 3
 3
 3
 3
 3
 3
 3
 3
 3
 3
 3
 3
 3
 3
 3
 3
 3
 3
 3
 3
 3
 3
 3
 3
 3
 3
 3
 3
 3
 3
 3
 3
 3
 3
 3
 3
 3
 3
 3
 3
 3
 3
 3
 3
 3
 3
 3
 3
 3
 3
 3
 3
 3
 3
 3
 3
 3
 3
 3
 3
 3
 3
 3
 3
 3
 3
 3
 3
 3
 3
 3
 3
 3
 3
 3
 3
 3
 3
 3
 3
 3
 3
 3
 3
 3
 3
 3
 3
 3
 3
 3
 3
 3
 3
 3
 3
 3
 3
 3
 3
 3
 3
 3
 3
 3
 3
 3
 3
 3
 3
 3
 3
 3
 3
 3
 3
 3
 3
 3
 3
 3
 3
 3
 3
 3
 3
 3
 3
 3
 3
 3
 3
 3
 3
 3
 3
 3
 3
 3
 3
 3
 3
 3
 3
 3
 3
 3
 3
 3
 3
 3
 3
 3
 3
 3
 3
 3
 3
 3
 3
 3
 3
 3
 3
 3
 3
 3
 3
 3
 3
 3
 3
 3
 3
 3
 3
 3
 3
 3
 3
 3
 3
 3
 3
 3
 3
 3
 3
 3
 3
 3
 3
 3
 3
 3
 3
 3
 3
 3
 3
 3
 3
 3
 3
 3
 3
 3
 3
 3
 3
 3
 3
 3
 3
 3
 3
 3
 3
 3
 3
 3
 3
 3
 3
 3
 3
 3
 3
 3
 3
 3
 3
 3
 3
 3
 3
 3
 3
 3
 3
 3
 3
 3
 3
 3
 3
 3
 3
 3
 3
 3
 3
 3
 3
 3
 3
 3
 3
 3
 3
 3
 3
 3
 3
 3
 3
 3
 3
 3
 3
 3
 3
 3
 3
 3
 3
 3
 3
 3
 3
 3
 3
 3
 3
 3
 3
 3
 3
 3
 3
 3
 3
 3
 3
 3
 3
 3
 3
 3
 3
 3
 3
 3
 3
 3
 3
 3
 3
 3
 3
 3
 3
 3
 3
 3
 3
 3
 3
 3
 3
 3
 3
 3
 3
 3
 3
 3
 3
 3
 3
 3
 3
 3
 3
 3
 3
 3
 3
 3
 3
 3
 3
 3
 3
 3
 3
 3
 3
 3
 3
 3
 3
 3
 3
 3
 3
 3
 3
 3
 3
 3
 3
 3
 3
 3
 3
 3
 3
 3
 3
 3
 3
 3
 3
 3
 3
 3
 3
 3
 3
 3
 3
 3
 3
 3
 3
 3
 3
 3
 3
 3
 3
 3
 3
 3
 3
 3
 3
 3
 3
 3
 3
 3
 3
 3
 3
 3
 3
 3
 3
 3
 3
 3
 3
 3
 3
 3
 3
 3
 3
 3
 3
 3
 3
 3
 3
 3
 3
 3
 3
 3
 3
 3
 3
 3
 3
 3
 3
 3
 3
 3
 3
 3
 3
 3
 3
 3
 3
 3
 3
 3
 3
 3
 3
 3
 3
 3
 3
 3
 3
 3
 3
 3
 3
 3
 3
 3
 3
 3
 3
 3
 3
 3
 3
 3
 3
 3
 3
 3
 3
 3
 3
 3
 3
 3
 3
 3
 3
 3
 3
 3
 3
 3
 3
 3
 3
 3
 3
 3
 3
 3
 3
 3
 3
 3
 3
 3
 3
 3
 3
 3
 3
 3
 3
 3
 3
 3
 3
 3
 3
 3
 3
 3
 3
 3
 3
 3
 3
 3
 3
 3
 3
 3
 3
 3
 3
 3
 3
 3
 3
 3
 3
 3
 3
 3
 3
 3
 3
 3
 3
 3
 3
 3
 3
 3
 3
 3
 3
 3
 3
 3
 3
 3
 3
 3
 3
 3
 3
 3
 3
 3
 3
 3
 3
 3
 3
 3
 3
 3
 3
 3
 3
 3
 3
 3
 3
 3
 3
 3
 3
 3
 3
 3
 3
 3
 3
 3
 3
 3
 3
 3
 3
 3
 3
 3
 3
 3
 3
 3
 3
 3
 3
 3
 3
 3
 3
 3
 3
 3
POINT_DATA       4000
SCALARS discharge float 1
LOOKUP_TABLE default
  0.0000E+00
  0.0000E+00
  0.0000E+00
  0.0000E+00
  0.0000E+00
  0.0000E+00
  0.0000E+00
  0.0000E+00
  0.0000E+00
  0.0000E+00
  0.0000E+00
  0.0000E+00
  0.0000E+00
  0.0000E+00
  0.0000E+00
  0.0000E+00
  0.0000E+00
  0.0000E+00
  0.0000E+00
  0.0000E+00
  0.0000E+00
  0.0000E+00
  0.0000E+00
  0.0000E+00
  0.0000E+00
  0.0000E+00
  0.0000E+00
  0.0000E+00
  0.0000E+00
  0.0000E+00
  0.0000E+00
  0.0000E+00
  0.0000E+00
  0.0000E+00
  0.0000E+00
  0.0000E+00
  0.0000E+00
  0.0000E+00
  0.0000E+00
  0.0000E+00
  0.0000E+00
  0.0000E+00
  0.0000E+00
  0.0000E+00
  0.0000E+00
  0.0000E+00
  0.0000E+00
  0.0000E+00
  0.0000E+00
  0.0000E+00
  0.0000E+00
  0.0000E+00
  0.0000E+00
  0.0000E+00
  0.0000E+00
  0.0000E+00
  0.0000E+00
  0.0000E+00
  0.0000E+00
  0.0000E+00
  0.0000E+00
  0.0000E+00
  0.0000E+00
  0.0000E+00
  0.0000E+00
  0.0000E+00
  0.0000E+00
  0.0000E+00
  0.0000E+00
  0.0000E+00
  0.0000E+00
  0.0000E+00
  0.0000E+00
  0.0000E+00
  0.0000E+00
  0.0000E+00
  0.0000E+00
  0.0000E+00
  0.0000E+00
  0.0000E+00
  0.0000E+00
  0.0000E+00
  0.0000E+00
  0.0000E+00
  0.0000E+00
  0.0000E+00
  0.0000E+00
  0.0000E+00
  0.0000E+00
  0.0000E+00
  0.0000E+00
  0.0000E+00
  0.0000E+00
  0.0000E+00
  0.0000E+00
  0.0000E+00
  0.0000E+00
  0.0000E+00
  0.0000E+00
  0.0000E+00
  0.0000E+00
  0.0000E+00
  0.0000E+00
  0.0000E+00
  0.0000E+00
  0.0000E+00
  0.0000E+00
  0.0000E+00
  0.0000E+00
  0.0000E+00
  0.0000E+00
  0.0000E+00
  0.0000E+00
  0.0000E+00
  0.0000E+00
  0.0000E+00
  0.0000E+00
  0.0000E+00
  0.0000E+00
  0.0000E+00
  0.0000E+00
  0.0000E+00
  0.0000E+00
  0.0000E+00
  0.0000E+00
  0.0000E+00
  0.0000E+00
  0.0000E+00
  0.0000E+00
  0.0000E+00
  0.0000E+00
  0.0000E+00
  0.0000E+00
  0.0000E+00
  0.0000E+00
  0.0000E+00
  0.0000E+00
  0.0000E+00
  0.0000E+00
  0.0000E+00
  0.0000E+00
  0.0000E+00
  0.0000E+00
  0.0000E+00
  0.0000E+00
  0.0000E+00
  0.0000E+00
  0.0000E+00
  0.0000E+00
  0.0000E+00
  0.0000E+00
  0.0000E+00
  0.0000E+00
  0.0000E+00
  0.0000E+00
  0.0000E+00
  0.0000E+00
  0.0000E+00
  0.0000E+00
  0.0000E+00
  0.0000E+00
  0.0000E+00
  0.0000E+00
  0.0000E+00
  0.0000E+00
  0.0000E+00
  0.0000E+00
  0.0000E+00
  0.0000E+00
  0.0000E+00
  0.0000E+00
  0.0000E+00
  0.0000E+00
  0.0000E+00
  0.0000E+00
  0.0000E+00
  0.0000E+00
  0.0000E+00
  0.0000E+00
  0.0000E+00
  0.0000E+00
  0.0000E+00
  0.0000E+00
  0.0000E+00
  0.0000E+00
  0.0000E+00
  0.0000E+00
  0.0000E+00
  0.0000E+00
  0.0000E+00
  0.0000E+00
  0.0000E+00
  0.0000E+00
  0.0000E+00
  0.0000E+00
  0.0000E+00
  0.0000E+00
  0.0000E+00
  0.0000E+00
  0.0000E+00
  0.0000E+00
  0.0000E+00
  0.0000E+00
  0.0000E+00
  0.0000E+00
  0.0000E+00
  0.0000E+00
  0.0000E+00
  0.0000E+00
  0.0000E+00
  0.0000E+00
  0.0000E+00
  0.0000E+00
  0.0000E+00
  0.0000E+00
  0.0000E+00
  0.0000E+00
  0.0000E+00
  0.0000E+00
  0.0000E+00
  0.0000E+00
  0.0000E+00
  0.0000E+00
  0.0000E+00
  0.0000E+00
  0.0000E+00
  0.0000E+00
  0.0000E+00
  0.0000E+00
  0.0000E+00
  0.0000E+00
  0.0000E+00
  0.0000E+00
  0.0000E+00
  0.0000E+00
  0.0000E+00
  0.0000E+00
  0.0000E+00
  0.0000E+00
  0.0000E+00
  0.0000E+00
  0.0000E+00
  0.0000E+00
  0.0000E+00
  0.0000E+00
  0.0000E+00
  0.0000E+00
  0.0000E+00
  0.0000E+00
  0.0000E+00
  0.0000E+00
  0.0000E+00
  0.0000E+00
  0.0000E+00
  0.0000E+00
  0.0000E+00
  0.0000E+00
  0.0000E+00
  0.0000E+00
  0.0000E+00
  0.0000E+00
  0.0000E+00
  0.0000E+00
  0.0000E+00
  0.0000E+00
  0.0000E+00
  0.0000E+00
  0.0000E+00
  0.0000E+00
  0.0000E+00
  0.0000E+00
  0.0000E+00
  0.0000E+00
  0.0000E+00
  0.0000E+00
  0.0000E+00
  0.0000E+00
  0.0000E+00
  0.0000E+00
  0.0000E+00
  0.0000E+00
  0.0000E+00
  0.0000E+00
  0.0000E+00
  0.0000E+00
  0.0000E+00
  0.0000E+00
  0.0000E+00
  0.0000E+00
  0.0000E+00
  0.0000E+00
  0.0000E+00
  0.0000E+00
  0.0000E+00
  0.0000E+00
  0.0000E+00
  0.0000E+00
  0.0000E+00
  0.0000E+00
  0.0000E+00
  0.0000E+00
  0.0000E+00
  0.0000E+00
  0.0000E+00
  0.0000E+00
  0.0000E+00
  0.0000E+00
  0.0000E+00
  0.0000E+00
  0.0000E+00
  0.0000E+00
  0.0000E+00
  0.0000E+00
  0.0000E+00
  0.0000E+00
  0.0000E+00
  0.0000E+00
  0.0000E+00
  0.0000E+00
  0.0000E+00
  0.0000E+00
  0.0000E+00
  0.0000E+00
  0.0000E+00
  0.0000E+00
  0.0000E+00
  0.0000E+00
  0.0000E+00
  0.0000E+00
  0.0000E+00
  0.0000E+00
  0.0000E+00
  0.0000E+00
  0.0000E+00
  0.0000E+00
  0.0000E+00
  0.0000E+00
  0.0000E+00
  0.0000E+00
  0.0000E+00
  0.0000E+00
  0.0000E+00
  0.0000E+00
  0.0000E+00
  0.0000E+00
  0.0000E+00
  0.0000E+00
  0.0000E+00
  0.0000E+00
  0.0000E+00
  0.0000E+00
  0.0000E+00
  0.0000E+00
  0.0000E+00
  0.0000E+00
  0.0000E+00
  0.0000E+00
  0.0000E+00
  0.0000E+00
  0.0000E+00
  0.0000E+00
  0.0000E+00
  0.0000E+00
  0.0000E+00
  0.0000E+00
  0.0000E+00
  0.0000E+00
  0.0000E+00
  0.0000E+00
  0.0000E+00
  0.0000E+00
  0.0000E+00
  0.0000E+00
  0.0000E+00
  0.0000E+00
  0.0000E+00
  0.0000E+00
  0.0000E+00
  0.0000E+00
  0.0000E+00
  0.0000E+00
  0.0000E+00
  0.0000E+00
  0.0000E+00
  0.0000E+00
  0.0000E+00
  0.0000E+00
  0.0000E+00
  0.0000E+00
  0.0000E+00
  0.0000E+00
  0.0000E+00
  0.0000E+00
  0.0000E+00
  0.0000E+00
  0.0000E+00
  0.0000E+00
  0.0000E+00
  0.0000E+00
  0.0000E+00
  0.0000E+00
  0.0000E+00
  0.0000E+00
  0.0000E+00
  0.0000E+00
  0.0000E+00
  0.0000E+00
  0.0000E+00
  0.0000E+00
  0.0000E+00
  0.0000E+00
  0.0000E+00
  0.0000E+00
  0.0000E+00
  0.0000E+00
  0.0000E+00
  0.0000E+00
  0.0000E+00
  0.0000E+00
  0.0000E+00
  0.0000E+00
  0.0000E+00
  0.0000E+00
  0.0000E+00
  0.0000E+00
  0.0000E+00
  0.0000E+00
  0.0000E+00
  0.0000E+00
  0.0000E+00
  0.0000E+00
  0.0000E+00
  0.0000E+00
  0.0000E+00
  0.0000E+00
  0.0000E+00
  0.0000E+00
  0.0000E+00
  0.0000E+00
  0.0000E+00
  0.0000E+00
  0.0000E+00
  0.0000E+00
  0.0000E+00
  0.0000E+00
  0.0000E+00
  0.0000E+00
  0.0000E+00
  0.0000E+00
  0.0000E+00
  0.0000E+00
  0.0000E+00
  0.0000E+00
  0.0000E+00
  0.0000E+00
  0.0000E+00
  0.0000E+00
  0.0000E+00
  0.0000E+00
  0.0000E+00
  0.0000E+00
  0.0000E+00
  0.0000E+00
  0.0000E+00
  0.0000E+00
  0.0000E+00
  0.0000E+00
  0.0000E+00
  0.0000E+00
  0.0000E+00
  0.0000E+00
  0.0000E+00
  0.0000E+00
  0.0000E+00
  0.0000E+00
  0.0000E+00
  0.0000E+00
  0.0000E+00
  0.0000E+00
  0.0000E+00
  0.0000E+00
  0.0000E+00
  0.0000E+00
  0.0000E+00
  0.0000E+00
  0.0000E+00
  0.0000E+00
  0.0000E+00
  0.0000E+00
  0.0000E+00
  0.0000E+00
  0.0000E+00
  0.0000E+00
  0.0000E+00
  0.0000E+00
  0.0000E+00
  0.0000E+00
  0.0000E+00
  0.0000E+00
  0.0000E+00
  0.0000E+00
  0.0000E+00
  0.0000E+00
  0.0000E+00
  0.0000E+00
  0.0000E+00
  0.0000E+00
  0.0000E+00
  0.0000E+00
  0.0000E+00
  0.0000E+00
  0.0000E+00
  0.0000E+00
  0.0000E+00
  0.0000E+00
  0.0000E+00
  0.0000E+00
  0.0000E+00
  0.0000E+00
  0.0000E+00
  0.0000E+00
  0.0000E+00
  0.0000E+00
  0.0000E+00
  0.0000E+00
  0.0000E+00
  0.0000E+00
  0.0000E+00
  0.0000E+00
  0.0000E+00
  0.0000E+00
  0.0000E+00
  0.0000E+00
  0.0000E+00
  0.0000E+00
  0.0000E+00
  0.0000E+00
  0.0000E+00
  0.0000E+00
  0.0000E+00
  0.0000E+00
  0.0000E+00
  0.0000E+00
  0.0000E+00
  0.0000E+00
  0.0000E+00
  0.0000E+00
  0.0000E+00
  0.0000E+00
  0.0000E+00
  0.0000E+00
  0.0000E+00
  0.0000E+00
  0.0000E+00
  0.0000E+00
  0.0000E+00
  0.0000E+00
  0.0000E+00
  0.0000E+00
  0.0000E+00
  0.0000E+00
  0.0000E+00
  0.0000E+00
  0.0000E+00
  0.0000E+00
  0.0000E+00
  0.0000E+00
  0.0000E+00
  0.0000E+00
  0.0000E+00
  0.0000E+00
  0.0000E+00
  0.0000E+00
  0.0000E+00
  0.0000E+00
  0.0000E+00
  0.0000E+00
  0.0000E+00
  0.0000E+00
  0.0000E+00
  0.0000E+00
  0.0000E+00
  0.0000E+00
  0.0000E+00
  0.0000E+00
  0.0000E+00
  0.0000E+00
  0.0000E+00
  0.0000E+00
  0.0000E+00
  0.0000E+00
  0.0000E+00
  0.0000E+00
  0.0000E+00
  0.0000E+00
  0.0000E+00
  0.0000E+00
  0.0000E+00
  0.0000E+00
  0.0000E+00
  0.0000E+00
  0.0000E+00
  0.0000E+00
  0.0000E+00
  0.0000E+00
  0.0000E+00
  0.0000E+00
  0.0000E+00
  0.0000E+00
  0.0000E+00
  0.0000E+00
  0.0000E+00
  0.0000E+00
  0.0000E+00
  0.0000E+00
  0.0000E+00
  0.0000E+00
  0.0000E+00
  0.0000E+00
  0.0000E+00
  0.0000E+00
  0.0000E+00
  0.0000E+00
  0.0000E+00
  0.0000E+00
  0.0000E+00
  0.0000E+00
  0.0000E+00
  0.0000E+00
  0.0000E+00
  0.0000E+00
  0.0000E+00
  0.0000E+00
  0.0000E+00
  0.0000E+00
  0.0000E+00
  0.0000E+00
  0.0000E+00
  0.0000E+00
  0.0000E+00
  0.0000E+00
  0.0000E+00
  0.0000E+00
  0.0000E+00
  0.0000E+00
  0.0000E+00
  0.0000E+00
  0.0000E+00
  0.0000E+00
  0.0000E+00
  0.0000E+00
  0.0000E+00
  0.0000E+00
  0.0000E+00
  0.0000E+00
  0.0000E+00
  0.0000E+00
  0.0000E+00
  0.0000E+00
  0.0000E+00
  0.0000E+00
  0.0000E+00
  0.0000E+00
  0.0000E+00
  0.0000E+00
  0.0000E+00
  0.0000E+00
  0.0000E+00
  0.0000E+00
  0.0000E+00
  0.0000E+00
  0.0000E+00
  0.0000E+00
  0.0000E+00
  0.0000E+00
  0.0000E+00
  0.0000E+00
  0.0000E+00
  0.0000E+00
  0.0000E+00
  0.0000E+00
  0.0000E+00
  0.0000E+00
  0.0000E+00
  0.0000E+00
  0.0000E+00
  0.0000E+00
  0.0000E+00
  0.0000E+00
  0.0000E+00
  0.0000E+00
  0.0000E+00
  0.0000E+00
  0.0000E+00
  0.0000E+00
  0.0000E+00
  0.0000E+00
  0.0000E+00
  0.0000E+00
  0.0000E+00
  0.0000E+00
  0.0000E+00
  0.0000E+00
  0.0000E+00
  0.0000E+00
  0.0000E+00
  0.0000E+00
  0.0000E+00
  0.0000E+00
  0.0000E+00
  0.0000E+00
  0.0000E+00
  0.0000E+00
  0.0000E+00
  0.0000E+00
  0.0000E+00
  0.0000E+00
  0.0000E+00
  0.0000E+00
  0.0000E+00
  0.0000E+00
  0.0000E+00
  0.0000E+00
  0.0000E+00
  0.0000E+00
  0.0000E+00
  0.0000E+00
  0.0000E+00
  0.0000E+00
  0.0000E+00
  0.0000E+00
  0.0000E+00
  0.0000E+00
  0.0000E+00
  0.0000E+00
  0.0000E+00
  0.0000E+00
  0.0000E+00
  0.0000E+00
  0.0000E+00
  0.0000E+00
  0.0000E+00
  0.0000E+00
  0.0000E+00
  0.0000E+00
  0.0000E+00
  0.0000E+00
  0.0000E+00
  0.0000E+00
  0.0000E+00
  0.0000E+00
  0.0000E+00
  0.0000E+00
  0.0000E+00
  0.0000E+00
  0.0000E+00
  0.0000E+00
  0.0000E+00
  0.0000E+00
  0.0000E+00
  0.0000E+00
  0.0000E+00
  0.0000E+00
  0.0000E+00
  0.0000E+00
  0.0000E+00
  0.0000E+00
  0.0000E+00
  0.0000E+00
  0.0000E+00
  0.0000E+00
  0.0000E+00
  0.0000E+00
  0.0000E+00
  0.0000E+00
  0.0000E+00
  0.0000E+00
  0.0000E+00
  0.0000E+00
  0.0000E+00
  0.0000E+00
  0.0000E+00
  0.0000E+00
  0.0000E+00
  0.0000E+00
  0.0000E+00
  0.0000E+00
  0.0000E+00
  0.0000E+00
  0.0000E+00
  0.0000E+00
  0.0000E+00
  0.0000E+00
  0.0000E+00
  0.0000E+00
  0.0000E+00
  0.0000E+00
  0.0000E+00
  0.0000E+00
  0.0000E+00
  0.0000E+00
  0.0000E+00
  0.0000E+00
  0.0000E+00
  0.0000E+00
  0.0000E+00
  0.0000E+00
  0.0000E+00
  0.0000E+00
  0.0000E+00
  0.0000E+00
  0.0000E+00
  0.0000E+00
  0.0000E+00
  0.0000E+00
  0.0000E+00
  0.0000E+00
  0.0000E+00
  0.0000E+00
  0.0000E+00
  0.0000E+00
  0.0000E+00
  0.0000E+00
  0.0000E+00
  0.0000E+00
  0.0000E+00
  0.0000E+00
  0.0000E+00
  0.0000E+00
  0.0000E+00
  0.0000E+00
  0.0000E+00
  0.0000E+00
  0.0000E+00
  0.0000E+00
  0.0000E+00
  0.0000E+00
  0.0000E+00
  0.0000E+00
  0.0000E+00
  0.0000E+00
  0.0000E+00
  0.0000E+00
  0.0000E+00
  0.0000E+00
  0.0000E+00
  0.0000E+00
  0.0000E+00
  0.0000E+00
  0.0000E+00
  0.0000E+00
  0.0000E+00
  0.0000E+00
  0.0000E+00
  0.0000E+00
  0.0000E+00
  0.0000E+00
  0.0000E+00
  0.0000E+00
  0.0000E+00
  0.0000E+00
  0.0000E+00
  0.0000E+00
  0.0000E+00
  0.0000E+00
  0.0000E+00
  0.0000E+00
  0.0000E+00
  0.0000E+00
  0.0000E+00
  0.0000E+00
  0.0000E+00
  0.0000E+00
  0.0000E+00
  0.0000E+00
  0.0000E+00
  0.0000E+00
  0.0000E+00
  0.0000E+00
  0.0000E+00
  0.0000E+00
  0.0000E+00
  0.0000E+00
  0.0000E+00
  0.0000E+00
  0.0000E+00
  0.0000E+00
  0.0000E+00
  0.0000E+00
  0.0000E+00
  0.0000E+00
  0.0000E+00
  0.0000E+00
  0.0000E+00
  0.0000E+00
  0.0000E+00
  0.0000E+00
  0.0000E+00
  0.0000E+00
  0.0000E+00
  0.0000E+00
  0.0000E+00
  0.0000E+00
  0.0000E+00
  0.0000E+00
  0.0000E+00
  0.0000E+00
  0.0000E+00
  0.0000E+00
  0.0000E+00
  0.0000E+00
  0.0000E+00
  0.0000E+00
  0.0000E+00
  0.0000E+00
  0.0000E+00
  0.0000E+00
  0.0000E+00
  0.0000E+00
  0.0000E+00
  0.0000E+00
  0.0000E+00
  0.0000E+00
  0.0000E+00
  0.0000E+00
  0.0000E+00
  0.0000E+00
  0.0000E+00
  0.0000E+00
  0.0000E+00
  0.0000E+00
  0.0000E+00
  0.0000E+00
  0.0000E+00
  0.0000E+00
  0.0000E+00
  0.0000E+00
  0.0000E+00
  0.0000E+00
  0.0000E+00
  0.0000E+00
  0.0000E+00
  0.0000E+00
  0.0000E+00
  0.0000E+00
  0.0000E+00
  0.0000E+00
  0.0000E+00
  0.0000E+00
  0.0000E+00
  0.0000E+00
  0.0000E+00
  0.0000E+00
  0.0000E+00
  0.0000E+00
  0.0000E+00
  0.0000E+00
  0.0000E+00
  0.0000E+00
  0.0000E+00
  0.0000E+00
  0.0000E+00
  0.0000E+00
  0.0000E+00
  0.0000E+00
  0.0000E+00
  0.0000E+00
  0.0000E+00
  0.0000E+00
  0.0000E+00
  0.0000E+00
  0.0000E+00
  0.0000E+00
  0.0000E+00
  0.0000E+00
  0.0000E+00
  0.0000E+00
  0.0000E+00
  0.0000E+00
  0.0000E+00
  0.0000E+00
  0.0000E+00
  0.0000E+00
  0.0000E+00
  0.0000E+00
  0.0000E+00
  0.0000E+00
  0.0000E+00
  0.0000E+00
  0.0000E+00
  0.0000E+00
  0.0000E+00
  0.0000E+00
  0.0000E+00
  0.0000E+00
  0.0000E+00
  0.0000E+00
  0.0000E+00
  0.0000E+00
  0.0000E+00
  0.0000E+00
  0.0000E+00
  0.0000E+00
  0.0000E+00
  0.0000E+00
  0.0000E+00
  0.0000E+00
  0.0000E+00
  0.0000E+00
  0.0000E+00
  0.0000E+00
  0.0000E+00
  0.0000E+00
  0.0000E+00
  0.0000E+00
  0.0000E+00
  0.0000E+00
  0.0000E+00
  0.0000E+00
  0.0000E+00
  0.0000E+00
  0.0000E+00
  0.0000E+00
  0.0000E+00
  0.0000E+00
  0.0000E+00
  0.0000E+00
  0.0000E+00
  0.0000E+00
  0.0000E+00
  0.0000E+00
  0.0000E+00
  0.0000E+00
  0.0000E+00
  0.0000E+00
  0.0000E+00
  0.0000E+00
  0.0000E+00
  0.0000E+00
  0.0000E+00
  0.0000E+00
  0.0000E+00
  0.0000E+00
  0.0000E+00
  0.0000E+00
  0.0000E+00
  0.0000E+00
  0.0000E+00
  0.0000E+00
  0.0000E+00
  0.0000E+00
  0.0000E+00
  0.0000E+00
  0.0000E+00
  0.0000E+00
  0.0000E+00
  0.0000E+00
  0.0000E+00
  0.0000E+00
  0.0000E+00
  0.0000E+00
  0.0000E+00
  0.0000E+00
  0.0000E+00
  0.0000E+00
  0.0000E+00
  0.0000E+00
  0.0000E+00
  0.0000E+00
  0.0000E+00
  0.0000E+00
  0.0000E+00
  0.0000E+00
  0.0000E+00
  0.0000E+00
  0.0000E+00
  0.0000E+00
  0.0000E+00
  0.0000E+00
  0.0000E+00
  0.0000E+00
  0.0000E+00
  0.0000E+00
  0.0000E+00
  0.0000E+00
  0.0000E+00
  0.0000E+00
  0.0000E+00
  0.0000E+00
  0.0000E+00
  0.0000E+00
  0.0000E+00
  0.0000E+00
  0.0000E+00
  0.0000E+00
  0.0000E+00
  0.0000E+00
  0.0000E+00
  0.0000E+00
  0.0000E+00
  0.0000E+00
  0.0000E+00
  0.0000E+00
  0.0000E+00
  0.0000E+00
  0.0000E+00
  0.0000E+00
  0.0000E+00
  0.0000E+00
  0.0000E+00
  0.0000E+00
  0.0000E+00
  0.0000E+00
  0.0000E+00
  0.0000E+00
  0.0000E+00
  0.0000E+00
  0.0000E+00
  0.0000E+00
  0.0000E+00
  0.0000E+00
  0.0000E+00
  0.0000E+00
  0.0000E+00
  0.0000E+00
  0.0000E+00
  0.0000E+00
  0.0000E+00
  0.0000E+00
  0.0000E+00
  0.0000E+00
  0.0000E+00
  0.0000E+00
  0.0000E+00
  0.0000E+00
  0.0000E+00
  0.0000E+00
  0.0000E+00
  0.0000E+00
  0.0000E+00
  0.0000E+00
  0.0000E+00
  0.0000E+00
  0.0000E+00
  0.0000E+00
  0.0000E+00
  0.0000E+00
  0.0000E+00
  0.0000E+00
  0.0000E+00
  0.0000E+00
  0.0000E+00
  0.0000E+00
  0.0000E+00
  0.0000E+00
  0.0000E+00
  0.0000E+00
  0.0000E+00
  0.0000E+00
  0.0000E+00
  0.0000E+00
  0.0000E+00
  0.0000E+00
  0.0000E+00
  0.0000E+00
  0.0000E+00
  0.0000E+00
  0.0000E+00
  0.0000E+00
  0.0000E+00
  0.0000E+00
  0.0000E+00
  0.0000E+00
  0.0000E+00
  0.0000E+00
  0.0000E+00
  0.0000E+00
  0.0000E+00
  0.0000E+00
  0.0000E+00
  0.0000E+00
  0.0000E+00
  0.0000E+00
  0.0000E+00
  0.0000E+00
  0.0000E+00
  0.0000E+00
  0.0000E+00
  0.0000E+00
  0.0000E+00
  0.0000E+00
  0.0000E+00
  0.0000E+00
  0.0000E+00
  0.0000E+00
  0.0000E+00
  0.0000E+00
  0.0000E+00
  0.0000E+00
  0.0000E+00
  0.0000E+00
  0.0000E+00
  0.0000E+00
  0.0000E+00
  0.0000E+00
  0.0000E+00
  0.0000E+00
  0.0000E+00
  0.0000E+00
  0.0000E+00
  0.0000E+00
  0.0000E+00
  0.0000E+00
  0.0000E+00
  0.0000E+00
  0.0000E+00
  0.0000E+00
  0.0000E+00
  0.0000E+00
  0.0000E+00
  0.0000E+00
  0.0000E+00
  0.0000E+00
  0.0000E+00
  0.0000E+00
  0.0000E+00
  0.0000E+00
  0.0000E+00
  0.0000E+00
  0.0000E+00
  0.0000E+00
  0.0000E+00
  0.0000E+00
  0.0000E+00
  0.0000E+00
  0.0000E+00
  0.0000E+00
  0.0000E+00
  0.0000E+00
  0.0000E+00
  0.0000E+00
  0.0000E+00
  0.0000E+00
  0.0000E+00
  0.0000E+00
  0.0000E+00
  0.0000E+00
  0.0000E+00
  0.0000E+00
  0.0000E+00
  0.0000E+00
  0.0000E+00
  0.0000E+00
  0.0000E+00
  0.0000E+00
  0.0000E+00
  0.0000E+00
  0.0000E+00
  0.0000E+00
  0.0000E+00
  0.0000E+00
  0.0000E+00
  0.0000E+00
  0.0000E+00
  0.0000E+00
  0.0000E+00
  0.0000E+00
  0.0000E+00
  0.0000E+00
  0.0000E+00
  0.0000E+00
  0.0000E+00
  0.0000E+00
  0.0000E+00
  0.0000E+00
  0.0000E+00
  0.0000E+00
  0.0000E+00
  0.0000E+00
  0.0000E+00
  0.0000E+00
  0.0000E+00
  0.0000E+00
  0.0000E+00
  0.0000E+00
  0.0000E+00
  0.0000E+00
  0.0000E+00
  0.0000E+00
  0.0000E+00
  0.0000E+00
  0.0000E+00
  0.0000E+00
  0.0000E+00
  0.0000E+00
  0.0000E+00
  0.0000E+00
  0.0000E+00
  0.0000E+00
  0.0000E+00
  0.0000E+00
  0.0000E+00
  0.0000E+00
  0.0000E+00
  0.0000E+00
  0.0000E+00
  0.0000E+00
  0.0000E+00
  0.0000E+00
  0.0000E+00
  0.0000E+00
  0.0000E+00
  0.0000E+00
  0.0000E+00
  0.0000E+00
  0.0000E+00
  0.0000E+00
  0.0000E+00
  0.0000E+00
  0.0000E+00
  0.0000E+00
  0.0000E+00
  0.0000E+00
  0.0000E+00
  0.0000E+00
  0.0000E+00
  0.0000E+00
  0.0000E+00
  0.0000E+00
  0.0000E+00
  0.0000E+00
  0.0000E+00
  0.0000E+00
  0.0000E+00
  0.0000E+00
  0.0000E+00
  0.0000E+00
  0.0000E+00
  0.0000E+00
  0.0000E+00
  0.0000E+00
  0.0000E+00
  0.0000E+00
  0.0000E+00
  0.0000E+00
  0.0000E+00
  0.0000E+00
  0.0000E+00
  0.0000E+00
  0.0000E+00
  0.0000E+00
  0.0000E+00
  0.0000E+00
  0.0000E+00
  0.0000E+00
  0.0000E+00
  0.0000E+00
  0.0000E+00
  0.0000E+00
  0.0000E+00
  0.0000E+00
  0.0000E+00
  0.0000E+00
  0.0000E+00
  0.0000E+00
  0.0000E+00
  0.0000E+00
  0.0000E+00
  0.0000E+00
  0.0000E+00
  0.0000E+00
  0.0000E+00
  0.0000E+00
  0.0000E+00
  0.0000E+00
  0.0000E+00
  0.0000E+00
  0.0000E+00
  0.0000E+00
  0.0000E+00
  0.0000E+00
  0.0000E+00
  0.0000E+00
  0.0000E+00
  0.0000E+00
  0.0000E+00
  0.0000E+00
  0.0000E+00
  0.0000E+00
  0.0000E+00
  0.0000E+00
  0.0000E+00
  0.0000E+00
  0.0000E+00
  0.0000E+00
  0.0000E+00
  0.0000E+00
  0.0000E+00
  0.0000E+00
  0.0000E+00
  0.0000E+00
  0.0000E+00
  0.0000E+00
  0.0000E+00
  0.0000E+00
  0.0000E+00
  0.0000E+00
  0.0000E+00
  0.0000E+00
  0.0000E+00
  0.0000E+00
  0.0000E+00
  0.0000E+00
  0.0000E+00
  0.0000E+00
  0.0000E+00
  0.0000E+00
  0.0000E+00
  0.0000E+00
  0.0000E+00
  0.0000E+00
  0.0000E+00
  0.0000E+00
  0.0000E+00
  0.0000E+00
  0.0000E+00
  0.0000E+00
  0.0000E+00
  0.0000E+00
  0.0000E+00
  0.0000E+00
  0.0000E+00
  0.0000E+00
  0.0000E+00
  0.0000E+00
  0.0000E+00
  0.0000E+00
  0.0000E+00
  0.0000E+00
  0.0000E+00
  0.0000E+00
  0.0000E+00
  0.0000E+00
  0.0000E+00
  0.0000E+00
  0.0000E+00
  0.0000E+00
  0.0000E+00
  0.0000E+00
  0.0000E+00
  0.0000E+00
  0.0000E+00
  0.0000E+00
  0.0000E+00
  0.0000E+00
  0.0000E+00
  0.0000E+00
  0.0000E+00
  0.0000E+00
  0.0000E+00
  0.0000E+00
  0.0000E+00
  0.0000E+00
  0.0000E+00
  0.0000E+00
  0.0000E+00
  0.0000E+00
  0.0000E+00
  0.0000E+00
  0.0000E+00
  0.0000E+00
  0.0000E+00
  0.0000E+00
  0.0000E+00
  0.0000E+00
  0.0000E+00
  0.0000E+00
  0.0000E+00
  0.0000E+00
  0.0000E+00
  0.0000E+00
  0.0000E+00
  0.0000E+00
  0.0000E+00
  0.0000E+00
  0.0000E+00
  0.0000E+00
  0.0000E+00
  0.0000E+00
  0.0000E+00
  0.0000E+00
  0.0000E+00
  0.0000E+00
  0.0000E+00
  0.0000E+00
  0.0000E+00
  0.0000E+00
  0.0000E+00
  0.0000E+00
  0.0000E+00
  0.0000E+00
  0.0000E+00
  0.0000E+00
  0.0000E+00
  0.0000E+00
  0.0000E+00
  0.0000E+00
  0.0000E+00
  0.0000E+00
  0.0000E+00
  0.0000E+00
  0.0000E+00
  0.0000E+00
  0.0000E+00
  0.0000E+00
  0.0000E+00
  0.0000E+00
  0.0000E+00
  0.0000E+00
  0.0000E+00
  0.0000E+00
  0.0000E+00
  0.0000E+00
  0.0000E+00
  0.0000E+00
  0.0000E+00
  0.0000E+00
  0.0000E+00
  0.0000E+00
  0.0000E+00
  0.0000E+00
  0.0000E+00
  0.0000E+00
  0.0000E+00
  0.0000E+00
  0.0000E+00
  0.0000E+00
  0.0000E+00
  0.0000E+00
  0.0000E+00
  0.0000E+00
  0.0000E+00
  0.0000E+00
  0.0000E+00
  0.0000E+00
  0.0000E+00
  0.0000E+00
  0.0000E+00
  0.0000E+00
  0.0000E+00
  0.0000E+00
  0.0000E+00
  0.0000E+00
  0.0000E+00
  0.0000E+00
  0.0000E+00
  0.0000E+00
  0.0000E+00
  0.0000E+00
  0.0000E+00
  0.0000E+00
  0.0000E+00
  0.0000E+00
  0.0000E+00
  0.0000E+00
  0.0000E+00
  0.0000E+00
  0.0000E+00
  0.0000E+00
  0.0000E+00
  0.0000E+00
  0.0000E+00
  0.0000E+00
  0.0000E+00
  0.0000E+00
  0.0000E+00
  0.0000E+00
  0.0000E+00
  0.0000E+00
  0.0000E+00
  0.0000E+00
  0.0000E+00
  0.0000E+00
  0.0000E+00
  0.0000E+00
  0.0000E+00
  0.0000E+00
  0.0000E+00
  0.0000E+00
  0.0000E+00
  0.0000E+00
  0.0000E+00
  0.0000E+00
  0.0000E+00
  0.0000E+00
  0.0000E+00
  0.0000E+00
  0.0000E+00
  0.0000E+00
  0.0000E+00
  0.0000E+00
  0.0000E+00
  0.0000E+00
  0.0000E+00
  0.0000E+00
  0.0000E+00
  0.0000E+00
  0.0000E+00
  0.0000E+00
  0.0000E+00
  0.0000E+00
  0.0000E+00
  0.0000E+00
  0.0000E+00
  0.0000E+00
  0.0000E+00
  0.0000E+00
  0.0000E+00
  0.0000E+00
  0.0000E+00
  0.0000E+00
  0.0000E+00
  0.0000E+00
  0.0000E+00
  0.0000E+00
  0.0000E+00
  0.0000E+00
  0.0000E+00
  0.0000E+00
  0.0000E+00
  0.0000E+00
  0.0000E+00
  0.0000E+00
  0.0000E+00
  0.0000E+00
  0.0000E+00
  0.0000E+00
  0.0000E+00
  0.0000E+00
  0.0000E+00
  0.0000E+00
  0.0000E+00
  0.0000E+00
  0.0000E+00
  0.0000E+00
  0.0000E+00
  0.0000E+00
  0.0000E+00
  0.0000E+00
  0.0000E+00
  0.0000E+00
  0.0000E+00
  0.0000E+00
  0.0000E+00
  0.0000E+00
  0.0000E+00
  0.0000E+00
  0.0000E+00
  0.0000E+00
  0.0000E+00
  0.0000E+00
  0.0000E+00
  0.0000E+00
  0.0000E+00
  0.0000E+00
  0.0000E+00
  0.0000E+00
  0.0000E+00
  0.0000E+00
  0.0000E+00
  0.0000E+00
  0.0000E+00
  0.0000E+00
  0.0000E+00
  0.0000E+00
  0.0000E+00
  0.0000E+00
  0.0000E+00
  0.0000E+00
  0.0000E+00
  0.0000E+00
  0.0000E+00
  0.0000E+00
  0.0000E+00
  0.0000E+00
  0.0000E+00
  0.0000E+00
  0.0000E+00
  0.0000E+00
  0.0000E+00
  0.0000E+00
  0.0000E+00
  0.0000E+00
  0.0000E+00
  0.0000E+00
  0.0000E+00
  0.0000E+00
  0.0000E+00
  0.0000E+00
  0.0000E+00
  0.0000E+00
  0.0000E+00
  0.0000E+00
  0.0000E+00
  0.0000E+00
  0.0000E+00
  0.0000E+00
  0.0000E+00
  0.0000E+00
  0.0000E+00
  0.0000E+00
  0.0000E+00
  0.0000E+00
  0.0000E+00
  0.0000E+00
  0.0000E+00
  0.0000E+00
  0.0000E+00
  0.0000E+00
  0.0000E+00
  0.0000E+00
  0.0000E+00
  0.0000E+00
  0.0000E+00
  0.0000E+00
  0.0000E+00
  0.0000E+00
  0.0000E+00
  0.0000E+00
  0.0000E+00
  0.0000E+00
  0.0000E+00
  0.0000E+00
  0.0000E+00
  0.0000E+00
  0.0000E+00
  0.0000E+00
  0.0000E+00
  0.0000E+00
  0.0000E+00
  0.0000E+00
  0.0000E+00
  0.0000E+00
  0.0000E+00
  0.0000E+00
  0.0000E+00
  0.0000E+00
  0.0000E+00
  0.0000E+00
  0.0000E+00
  0.0000E+00
  0.0000E+00
  0.0000E+00
  0.0000E+00
  0.0000E+00
  0.0000E+00
  0.0000E+00
  0.0000E+00
  0.0000E+00
  0.0000E+00
  0.0000E+00
  0.0000E+00
  0.0000E+00
  0.0000E+00
  0.0000E+00
  0.0000E+00
  0.0000E+00
  0.0000E+00
  0.0000E+00
  0.0000E+00
  0.0000E+00
  0.0000E+00
  0.0000E+00
  0.0000E+00
  0.0000E+00
  0.0000E+00
  0.0000E+00
  0.0000E+00
  0.0000E+00
  0.0000E+00
  0.0000E+00
  0.0000E+00
  0.0000E+00
  0.0000E+00
  0.0000E+00
  0.0000E+00
  0.0000E+00
  0.0000E+00
  0.0000E+00
  0.0000E+00
  0.0000E+00
  0.0000E+00
  0.0000E+00
  0.0000E+00
  0.0000E+00
  0.0000E+00
  0.0000E+00
  0.0000E+00
  0.0000E+00
  0.0000E+00
  0.0000E+00
  0.0000E+00
  0.0000E+00
  0.0000E+00
  0.0000E+00
  0.0000E+00
  0.0000E+00
  0.0000E+00
  0.0000E+00
  0.0000E+00
  0.0000E+00
  0.0000E+00
  0.0000E+00
  0.0000E+00
  0.0000E+00
  0.0000E+00
  0.0000E+00
  0.0000E+00
  0.0000E+00
  0.0000E+00
  0.0000E+00
  0.0000E+00
  0.0000E+00
  0.0000E+00
  0.0000E+00
  0.0000E+00
  0.0000E+00
  0.0000E+00
  0.0000E+00
  0.0000E+00
  0.0000E+00
  0.0000E+00
  0.0000E+00
  0.0000E+00
  0.0000E+00
  0.0000E+00
  0.0000E+00
  0.0000E+00
  0.0000E+00
  0.0000E+00
  0.0000E+00
  0.0000E+00
  0.0000E+00
  0.0000E+00
  0.0000E+00
  0.0000E+00
  0.0000E+00
  0.0000E+00
  0.0000E+00
  0.0000E+00
  0.0000E+00
  0.0000E+00
  0.0000E+00
  0.0000E+00
  0.0000E+00
  0.0000E+00
  0.0000E+00
  0.0000E+00
  0.0000E+00
  0.0000E+00
  0.0000E+00
  0.0000E+00
  0.0000E+00
  0.0000E+00
  0.0000E+00
  0.0000E+00
  0.0000E+00
  0.0000E+00
  0.0000E+00
  0.0000E+00
  0.0000E+00
  0.0000E+00
  0.0000E+00
  0.0000E+00
  0.0000E+00
  0.0000E+00
  0.0000E+00
  0.0000E+00
  0.0000E+00
  0.0000E+00
  0.0000E+00
  0.0000E+00
  0.0000E+00
  0.0000E+00
  0.0000E+00
  0.0000E+00
  0.0000E+00
  0.0000E+00
  0.0000E+00
  0.0000E+00
  0.0000E+00
  0.0000E+00
  0.0000E+00
  0.0000E+00
  0.0000E+00
  0.0000E+00
  0.0000E+00
  0.0000E+00
  0.0000E+00
  0.0000E+00
  0.0000E+00
  0.0000E+00
  0.0000E+00
  0.0000E+00
  0.0000E+00
  0.0000E+00
  0.0000E+00
  0.0000E+00
  0.0000E+00
  0.0000E+00
  0.0000E+00
  0.0000E+00
  0.0000E+00
  0.0000E+00
  0.0000E+00
  0.0000E+00
  0.0000E+00
  0.0000E+00
  0.0000E+00
  0.0000E+00
  0.0000E+00
  0.0000E+00
  0.0000E+00
  0.0000E+00
  0.0000E+00
  0.0000E+00
  0.0000E+00
  0.0000E+00
  0.0000E+00
  0.0000E+00
  0.0000E+00
  0.0000E+00
  0.0000E+00
  0.0000E+00
  0.0000E+00
  0.0000E+00
  0.0000E+00
  0.0000E+00
  0.0000E+00
  0.0000E+00
  0.0000E+00
  0.0000E+00
  0.0000E+00
  0.0000E+00
  0.0000E+00
  0.0000E+00
  0.0000E+00
  0.0000E+00
  0.0000E+00
  0.0000E+00
  0.0000E+00
  0.0000E+00
  0.0000E+00
  0.0000E+00
  0.0000E+00
  0.0000E+00
  0.0000E+00
  0.0000E+00
  0.0000E+00
  0.0000E+00
  0.0000E+00
  0.0000E+00
  0.0000E+00
  0.0000E+00
  0.0000E+00
  0.0000E+00
  0.0000E+00
  0.0000E+00
  0.0000E+00
  0.0000E+00
  0.0000E+00
  0.0000E+00
  0.0000E+00
  0.0000E+00
  0.0000E+00
  0.0000E+00
  0.0000E+00
  0.0000E+00
  0.0000E+00
  0.0000E+00
  0.0000E+00
  0.0000E+00
  0.0000E+00
  0.0000E+00
  0.0000E+00
  0.0000E+00
  0.0000E+00
  0.0000E+00
  0.0000E+00
  0.0000E+00
  0.0000E+00
  0.0000E+00
  0.0000E+00
  0.0000E+00
  0.0000E+00
  0.0000E+00
  0.0000E+00
  0.0000E+00
  0.0000E+00
  0.0000E+00
  0.0000E+00
  0.0000E+00
  0.0000E+00
  0.0000E+00
  0.0000E+00
  0.0000E+00
  0.0000E+00
  0.0000E+00
  0.0000E+00
  0.0000E+00
  0.0000E+00
  0.0000E+00
  0.0000E+00
  0.0000E+00
  0.0000E+00
  0.0000E+00
  0.0000E+00
  0.0000E+00
  0.0000E+00
  0.0000E+00
  0.0000E+00
  0.0000E+00
  0.0000E+00
  0.0000E+00
  0.0000E+00
  0.0000E+00
  0.0000E+00
  0.0000E+00
  0.0000E+00
  0.0000E+00
  0.0000E+00
  0.0000E+00
  0.0000E+00
  0.0000E+00
  0.0000E+00
  0.0000E+00
  0.0000E+00
  0.0000E+00
  0.0000E+00
  0.0000E+00
  0.0000E+00
  0.0000E+00
  0.0000E+00
  0.0000E+00
  0.0000E+00
  0.0000E+00
  0.0000E+00
  0.0000E+00
  0.0000E+00
  0.0000E+00
  0.0000E+00
  0.0000E+00
  0.0000E+00
  0.0000E+00
  0.0000E+00
  0.0000E+00
  0.0000E+00
  0.0000E+00
  0.0000E+00
  0.0000E+00
  0.0000E+00
  0.0000E+00
  0.0000E+00
  0.0000E+00
  0.0000E+00
  0.0000E+00
  0.0000E+00
  0.0000E+00
  0.0000E+00
  0.0000E+00
  0.0000E+00
  0.0000E+00
  0.0000E+00
  0.0000E+00
  0.0000E+00
  0.0000E+00
  0.0000E+00
  0.0000E+00
  0.0000E+00
  0.0000E+00
  0.0000E+00
  0.0000E+00
  0.0000E+00
  0.0000E+00
  0.0000E+00
  0.0000E+00
  0.0000E+00
  0.0000E+00
  0.0000E+00
  0.0000E+00
  0.0000E+00
  0.0000E+00
  0.0000E+00
  0.0000E+00
  0.0000E+00
  0.0000E+00
  0.0000E+00
  0.0000E+00
  0.0000E+00
  0.0000E+00
  0.0000E+00
  0.0000E+00
  0.0000E+00
  0.0000E+00
  0.0000E+00
  0.0000E+00
  0.0000E+00
  0.0000E+00
  0.0000E+00
  0.0000E+00
  0.0000E+00
  0.0000E+00
  0.0000E+00
  0.0000E+00
  0.0000E+00
  0.0000E+00
  0.0000E+00
  0.0000E+00
  0.0000E+00
  0.0000E+00
  0.0000E+00
  0.0000E+00
  0.0000E+00
  0.0000E+00
  0.0000E+00
  0.0000E+00
  0.0000E+00
  0.0000E+00
  0.0000E+00
  0.0000E+00
  0.0000E+00
  0.0000E+00
  0.0000E+00
  0.0000E+00
  0.0000E+00
  0.0000E+00
  0.0000E+00
  0.0000E+00
  0.0000E+00
  0.0000E+00
  0.0000E+00
  0.0000E+00
  0.0000E+00
  0.0000E+00
  0.0000E+00
  0.0000E+00
  0.0000E+00
  0.0000E+00
  0.0000E+00
  0.0000E+00
  0.0000E+00
  0.0000E+00
  0.0000E+00
  0.0000E+00
  0.0000E+00
  0.0000E+00
  0.0000E+00
  0.0000E+00
  0.0000E+00
  0.0000E+00
  0.0000E+00
  0.0000E+00
  0.0000E+00
  0.0000E+00
  0.0000E+00
  0.0000E+00
  0.0000E+00
  0.0000E+00
  0.0000E+00
  0.0000E+00
  0.0000E+00
  0.0000E+00
  0.0000E+00
  0.0000E+00
  0.0000E+00
  0.0000E+00
  0.0000E+00
  0.0000E+00
  0.0000E+00
  0.0000E+00
  0.0000E+00
  0.0000E+00
  0.0000E+00
  0.0000E+00
  0.0000E+00
  0.0000E+00
  0.0000E+00
  0.0000E+00
  0.0000E+00
  0.0000E+00
  0.0000E+00
  0.0000E+00
  0.0000E+00
  0.0000E+00
  0.0000E+00
  0.0000E+00
  0.0000E+00
  0.0000E+00
  0.0000E+00
  0.0000E+00
  0.0000E+00
  0.0000E+00
  0.0000E+00
  0.0000E+00
  0.0000E+00
  0.0000E+00
  0.0000E+00
  0.0000E+00
  0.0000E+00
  0.0000E+00
  0.0000E+00
  0.0000E+00
  0.0000E+00
  0.0000E+00
  0.0000E+00
  0.0000E+00
  0.0000E+00
  0.0000E+00
  0.0000E+00
  0.0000E+00
  0.0000E+00
  0.0000E+00
  0.0000E+00
  0.0000E+00
  0.0000E+00
  0.0000E+00
  0.0000E+00
  0.0000E+00
  0.0000E+00
  0.0000E+00
  0.0000E+00
  0.0000E+00
  0.0000E+00
  0.0000E+00
  0.0000E+00
  0.0000E+00
  0.0000E+00
  0.0000E+00
  0.0000E+00
  0.0000E+00
  0.0000E+00
  0.0000E+00
  0.0000E+00
  0.0000E+00
  0.0000E+00
  0.0000E+00
  0.0000E+00
  0.0000E+00
  0.0000E+00
  0.0000E+00
  0.0000E+00
  0.0000E+00
  0.0000E+00
  0.0000E+00
  0.0000E+00
  0.0000E+00
  0.0000E+00
  0.0000E+00
  0.0000E+00
  0.0000E+00
  0.0000E+00
  0.0000E+00
  0.0000E+00
  0.0000E+00
  0.0000E+00
  0.0000E+00
  0.0000E+00
  0.0000E+00
  0.0000E+00
  0.0000E+00
  0.0000E+00
  0.0000E+00
  0.0000E+00
  0.0000E+00
  0.0000E+00
  0.0000E+00
  0.0000E+00
  0.0000E+00
  0.0000E+00
  0.0000E+00
  0.0000E+00
  0.0000E+00
  0.0000E+00
  0.0000E+00
  0.0000E+00
  0.0000E+00
  0.0000E+00
  0.0000E+00
  0.0000E+00
  0.0000E+00
  0.0000E+00
  0.0000E+00
  0.0000E+00
  0.0000E+00
  0.0000E+00
  0.0000E+00
  0.0000E+00
  0.0000E+00
  0.0000E+00
  0.0000E+00
  0.0000E+00
  0.0000E+00
  0.0000E+00
  0.0000E+00
  0.0000E+00
  0.0000E+00
  0.0000E+00
  0.0000E+00
  0.0000E+00
  0.0000E+00
  0.0000E+00
  0.0000E+00
  0.0000E+00
  0.0000E+00
  0.0000E+00
  0.0000E+00
  0.0000E+00
  0.0000E+00
  0.0000E+00
  0.0000E+00
  0.0000E+00
  0.0000E+00
  0.0000E+00
  0.0000E+00
  0.0000E+00
  0.0000E+00
  0.0000E+00
  0.0000E+00
  0.0000E+00
  0.0000E+00
  0.0000E+00
  0.0000E+00
  0.0000E+00
  0.0000E+00
  0.0000E+00
  0.0000E+00
  0.0000E+00
  0.0000E+00
  0.0000E+00
  0.0000E+00
  0.0000E+00
  0.0000E+00
  0.0000E+00
  0.0000E+00
  0.0000E+00
  0.0000E+00
  0.0000E+00
  0.0000E+00
  0.0000E+00
  0.0000E+00
  0.0000E+00
  0.0000E+00
  0.0000E+00
  0.0000E+00
  0.0000E+00
  0.0000E+00
  0.0000E+00
  0.0000E+00
  0.0000E+00
  0.0000E+00
  0.0000E+00
  0.0000E+00
  0.0000E+00
  0.0000E+00
  0.0000E+00
  0.0000E+00
  0.0000E+00
  0.0000E+00
  0.0000E+00
  0.0000E+00
  0.0000E+00
  0.0000E+00
  0.0000E+00
  0.0000E+00
  0.0000E+00
  0.0000E+00
  0.0000E+00
  0.0000E+00
  0.0000E+00
  0.0000E+00
  0.0000E+00
  0.0000E+00
  0.0000E+00
  0.0000E+00
  0.0000E+00
  0.0000E+00
  0.0000E+00
  0.0000E+00
  0.0000E+00
  0.0000E+00
  0.0000E+00
  0.0000E+00
  0.0000E+00
  0.0000E+00
  0.0000E+00
  0.0000E+00
  0.0000E+00
  0.0000E+00
  0.0000E+00
  0.0000E+00
  0.0000E+00
  0.0000E+00
  0.0000E+00
  0.0000E+00
  0.0000E+00
  0.0000E+00
  0.0000E+00
  0.0000E+00
  0.0000E+00
  0.0000E+00
  0.0000E+00
  0.0000E+00
  0.0000E+00
  0.0000E+00
  0.0000E+00
  0.0000E+00
  0.0000E+00
  0.0000E+00
  0.0000E+00
  0.0000E+00
  0.0000E+00
  0.0000E+00
  0.0000E+00
  0.0000E+00
  0.0000E+00
  0.0000E+00
  0.0000E+00
  0.0000E+00
  0.0000E+00
  0.0000E+00
  0.0000E+00
  0.0000E+00
  0.0000E+00
  0.0000E+00
  0.0000E+00
  0.0000E+00
  0.0000E+00
  0.0000E+00
  0.0000E+00
  0.0000E+00
  0.0000E+00
  0.0000E+00
  0.0000E+00
  0.0000E+00
  0.0000E+00
  0.0000E+00
  0.0000E+00
  0.0000E+00
  0.0000E+00
  0.0000E+00
  0.0000E+00
  0.0000E+00
  0.0000E+00
  0.0000E+00
  0.0000E+00
  0.0000E+00
  0.0000E+00
  0.0000E+00
  0.0000E+00
  0.0000E+00
  0.0000E+00
  0.0000E+00
  0.0000E+00
  0.0000E+00
  0.0000E+00
  0.0000E+00
  0.0000E+00
  0.0000E+00
  0.0000E+00
  0.0000E+00
  0.0000E+00
  0.0000E+00
  0.0000E+00
  0.0000E+00
  0.0000E+00
  0.0000E+00
  0.0000E+00
  0.0000E+00
  0.0000E+00
  0.0000E+00
  0.0000E+00
  0.0000E+00
  0.0000E+00
  0.0000E+00
  0.0000E+00
  0.0000E+00
  0.0000E+00
  0.0000E+00
  0.0000E+00
  0.0000E+00
  0.0000E+00
  0.0000E+00
  0.0000E+00
  0.0000E+00
  0.0000E+00
  0.0000E+00
  0.0000E+00
  0.0000E+00
  0.0000E+00
  0.0000E+00
  0.0000E+00
  0.0000E+00
  0.0000E+00
  0.0000E+00
  0.0000E+00
  0.0000E+00
  0.0000E+00
  0.0000E+00
  0.0000E+00
  0.0000E+00
  0.0000E+00
  0.0000E+00
  0.0000E+00
  0.0000E+00
  0.0000E+00
  0.0000E+00
  0.0000E+00
  0.0000E+00
  0.0000E+00
  0.0000E+00
  0.0000E+00
  0.0000E+00
  0.0000E+00
  0.0000E+00
  0.0000E+00
  0.0000E+00
  0.0000E+00
  0.0000E+00
  0.0000E+00
  0.0000E+00
  0.0000E+00
  0.0000E+00
  0.0000E+00
  0.0000E+00
  0.0000E+00
  0.0000E+00
  0.0000E+00
  0.0000E+00
  0.0000E+00
  0.0000E+00
  0.0000E+00
  0.0000E+00
  0.0000E+00
  0.0000E+00
  0.0000E+00
  0.0000E+00
  0.0000E+00
  0.0000E+00
  0.0000E+00
  0.0000E+00
  0.0000E+00
  0.0000E+00
  0.0000E+00
  0.0000E+00
  0.0000E+00
  0.0000E+00
  0.0000E+00
  0.0000E+00
  0.0000E+00
  0.0000E+00
  0.0000E+00
  0.0000E+00
  0.0000E+00
  0.0000E+00
  0.0000E+00
  0.0000E+00
  0.0000E+00
  0.0000E+00
  0.0000E+00
  0.0000E+00
  0.0000E+00
  0.0000E+00
  0.0000E+00
  0.0000E+00
  0.0000E+00
  0.0000E+00
  0.0000E+00
  0.0000E+00
  0.0000E+00
  0.0000E+00
  0.0000E+00
  0.0000E+00
  0.0000E+00
  0.0000E+00
  0.0000E+00
  0.0000E+00
  0.0000E+00
  0.0000E+00
  0.0000E+00
  0.0000E+00
  0.0000E+00
  0.0000E+00
  0.0000E+00
  0.0000E+00
  0.0000E+00
  0.0000E+00
  0.0000E+00
  0.0000E+00
  0.0000E+00
  0.0000E+00
  0.0000E+00
  0.0000E+00
  0.0000E+00
  0.0000E+00
  0.0000E+00
  0.0000E+00
  0.0000E+00
  0.0000E+00
  0.0000E+00
  0.0000E+00
  0.0000E+00
  0.0000E+00
  0.0000E+00
  0.0000E+00
  0.0000E+00
  0.0000E+00
  0.0000E+00
  0.0000E+00
  0.0000E+00
  0.0000E+00
  0.0000E+00
  0.0000E+00
  0.0000E+00
  0.0000E+00
  0.0000E+00
  0.0000E+00
  0.0000E+00
  0.0000E+00
  0.0000E+00
  0.0000E+00
  0.0000E+00
  0.0000E+00
  0.0000E+00
  0.0000E+00
  0.0000E+00
  0.0000E+00
  0.0000E+00
  0.0000E+00
  0.0000E+00
  0.0000E+00
  0.0000E+00
  0.0000E+00
  0.0000E+00
  0.0000E+00
  0.0000E+00
  0.0000E+00
  0.0000E+00
  0.0000E+00
  0.0000E+00
  0.0000E+00
  0.0000E+00
  0.0000E+00
  0.0000E+00
  0.0000E+00
  0.0000E+00
  0.0000E+00
  0.0000E+00
  0.0000E+00
  0.0000E+00
  0.0000E+00
  0.0000E+00
  0.0000E+00
  0.0000E+00
  0.0000E+00
  0.0000E+00
  0.0000E+00
  0.0000E+00
  0.0000E+00
  0.0000E+00
  0.0000E+00
  0.0000E+00
  0.0000E+00
  0.0000E+00
  0.0000E+00
  0.0000E+00
  0.0000E+00
  0.0000E+00
  0.0000E+00
  0.0000E+00
  0.0000E+00
  0.0000E+00
  0.0000E+00
  0.0000E+00
  0.0000E+00
  0.0000E+00
  0.0000E+00
  0.0000E+00
  0.0000E+00
  0.0000E+00
  0.0000E+00
  0.0000E+00
  0.0000E+00
  0.0000E+00
  0.0000E+00
  0.0000E+00
  0.0000E+00
  0.0000E+00
  0.0000E+00
  0.0000E+00
  0.0000E+00
  0.0000E+00
  0.0000E+00
  0.0000E+00
  0.0000E+00
  0.0000E+00
  0.0000E+00
  0.0000E+00
  0.0000E+00
  0.0000E+00
  0.0000E+00
  0.0000E+00
  0.0000E+00
  0.0000E+00
  0.0000E+00
  0.0000E+00
  0.0000E+00
  0.0000E+00
  0.0000E+00
  0.0000E+00
  0.0000E+00
  0.0000E+00
  0.0000E+00
  0.0000E+00
  0.0000E+00
  0.0000E+00
  0.0000E+00
  0.0000E+00
  0.0000E+00
  0.0000E+00
  0.0000E+00
  0.0000E+00
  0.0000E+00
  0.0000E+00
  0.0000E+00
  0.0000E+00
  0.0000E+00
  0.0000E+00
  0.0000E+00
  0.0000E+00
  0.0000E+00
  0.0000E+00
  0.0000E+00
  0.0000E+00
  0.0000E+00
  0.0000E+00
  0.0000E+00
  0.0000E+00
  0.0000E+00
  0.0000E+00
  0.0000E+00
  0.0000E+00
  0.0000E+00
  0.0000E+00
  0.0000E+00
  0.0000E+00
  0.0000E+00
  0.0000E+00
  0.0000E+00
  0.0000E+00
  0.0000E+00
  0.0000E+00
  0.0000E+00
  0.0000E+00
  0.0000E+00
  0.0000E+00
  0.0000E+00
  0.0000E+00
  0.0000E+00
  0.0000E+00
  0.0000E+00
  0.0000E+00
  0.0000E+00
  0.0000E+00
  0.0000E+00
  0.0000E+00
  0.0000E+00
  0.0000E+00
  0.0000E+00
  0.0000E+00
  0.0000E+00
  0.0000E+00
  0.0000E+00
  0.0000E+00
  0.0000E+00
  0.0000E+00
  0.0000E+00
  0.0000E+00
  0.0000E+00
  0.0000E+00
  0.0000E+00
  0.0000E+00
  0.0000E+00
  0.0000E+00
  0.0000E+00
  0.0000E+00
  0.0000E+00
  0.0000E+00
  0.0000E+00
  0.0000E+00
  0.0000E+00
  0.0000E+00
  0.0000E+00
  0.0000E+00
  0.0000E+00
  0.0000E+00
  0.0000E+00
  0.0000E+00
  0.0000E+00
  0.0000E+00
  0.0000E+00
  0.0000E+00
  0.0000E+00
  0.0000E+00
  0.0000E+00
  0.0000E+00
  0.0000E+00
  0.0000E+00
  0.0000E+00
  0.0000E+00
  0.0000E+00
  0.0000E+00
  0.0000E+00
  0.0000E+00
  0.0000E+00
  0.0000E+00
  0.0000E+00
  0.0000E+00
  0.0000E+00
  0.0000E+00
  0.0000E+00
  0.0000E+00
  0.0000E+00
  0.0000E+00
  0.0000E+00
  0.0000E+00
  0.0000E+00
  0.0000E+00
  0.0000E+00
  0.0000E+00
  0.0000E+00
  0.0000E+00
  0.0000E+00
  0.0000E+00
  0.0000E+00
  0.0000E+00
  0.0000E+00
  0.0000E+00
  0.0000E+00
  0.0000E+00
  0.0000E+00
  0.0000E+00
  0.0000E+00
  0.0000E+00
  0.0000E+00
  0.0000E+00
  0.0000E+00
  0.0000E+00
  0.0000E+00
  0.0000E+00
  0.0000E+00
  0.0000E+00
  0.0000E+00
  0.0000E+00
  0.0000E+00
  0.0000E+00
  0.0000E+00
  0.0000E+00
  0.0000E+00
  0.0000E+00
  0.0000E+00
  0.0000E+00
  0.0000E+00
  0.0000E+00
  0.0000E+00
  0.0000E+00
  0.0000E+00
  0.0000E+00
  0.0000E+00
  0.0000E+00
  0.0000E+00
  0.0000E+00
  0.0000E+00
  0.0000E+00
  0.0000E+00
  0.0000E+00
  0.0000E+00
  0.0000E+00
  0.0000E+00
  0.0000E+00
  0.0000E+00
  0.0000E+00
  0.0000E+00
  0.0000E+00
  0.0000E+00
  0.0000E+00
  0.0000E+00
  0.0000E+00
  0.0000E+00
  0.0000E+00
  0.0000E+00
  0.0000E+00
  0.0000E+00
  0.0000E+00
  0.0000E+00
  0.0000E+00
  0.0000E+00
  0.0000E+00
  0.0000E+00
  0.0000E+00
  0.0000E+00
  0.0000E+00
  0.0000E+00
  0.0000E+00
  0.0000E+00
  0.0000E+00
  0.0000E+00
  0.0000E+00
  0.0000E+00
  0.0000E+00
  0.0000E+00
  0.0000E+00
  0.0000E+00
  0.0000E+00
  0.0000E+00
  0.0000E+00
  0.0000E+00
  0.0000E+00
  0.0000E+00
  0.0000E+00
  0.0000E+00
  0.0000E+00
  0.0000E+00
  0.0000E+00
  0.0000E+00
  0.0000E+00
  0.0000E+00
  0.0000E+00
  0.0000E+00
  0.0000E+00
  0.0000E+00
  0.0000E+00
  0.0000E+00
  0.0000E+00
  0.0000E+00
  0.0000E+00
  0.0000E+00
  0.0000E+00
  0.0000E+00
  0.0000E+00
  0.0000E+00
  0.0000E+00
  0.0000E+00
  0.0000E+00
  0.0000E+00
  0.0000E+00
  0.0000E+00
  0.0000E+00
  0.0000E+00
  0.0000E+00
  0.0000E+00
  0.0000E+00
  0.0000E+00
  0.0000E+00
  0.0000E+00
  0.0000E+00
  0.0000E+00
  0.0000E+00
  0.0000E+00
  0.0000E+00
  0.0000E+00
  0.0000E+00
  0.0000E+00
  0.0000E+00
  0.0000E+00
  0.0000E+00
  0.0000E+00
  0.0000E+00
  0.0000E+00
  0.0000E+00
  0.0000E+00
  0.0000E+00
  0.0000E+00
  0.0000E+00
  0.0000E+00
  0.0000E+00
  0.0000E+00
  0.0000E+00
  0.0000E+00
  0.0000E+00
  0.0000E+00
  0.0000E+00
  0.0000E+00
  0.0000E+00
  0.0000E+00
  0.0000E+00
  0.0000E+00
  0.0000E+00
  0.0000E+00
  0.0000E+00
  0.0000E+00
  0.0000E+00
  0.0000E+00
  0.0000E+00
  0.0000E+00
  0.0000E+00
  0.0000E+00
  0.0000E+00
  0.0000E+00
  0.0000E+00
  0.0000E+00
  0.0000E+00
  0.0000E+00
  0.0000E+00
  0.0000E+00
  0.0000E+00
  0.0000E+00
  0.0000E+00
  0.0000E+00
  0.0000E+00
  0.0000E+00
  0.0000E+00
  0.0000E+00
  0.0000E+00
  0.0000E+00
  0.0000E+00
  0.0000E+00
  0.0000E+00
  0.0000E+00
  0.0000E+00
  0.0000E+00
  0.0000E+00
  0.0000E+00
  0.0000E+00
  0.0000E+00
  0.0000E+00
  0.0000E+00
  0.0000E+00
  0.0000E+00
  0.0000E+00
  0.0000E+00
  0.0000E+00
  0.0000E+00
  0.0000E+00
  0.0000E+00
  0.0000E+00
  0.0000E+00
  0.0000E+00
  0.0000E+00
  0.0000E+00
  0.0000E+00
  0.0000E+00
  0.0000E+00
  0.0000E+00
  0.0000E+00
  0.0000E+00
  0.0000E+00
  0.0000E+00
  0.0000E+00
  0.0000E+00
  0.0000E+00
  0.0000E+00
  0.0000E+00
  0.0000E+00
  0.0000E+00
  0.0000E+00
  0.0000E+00
  0.0000E+00
  0.0000E+00
  0.0000E+00
  0.0000E+00
  0.0000E+00
  0.0000E+00
  0.0000E+00
  0.0000E+00
  0.0000E+00
  0.0000E+00
  0.0000E+00
  0.0000E+00
  0.0000E+00
  0.0000E+00
  0.0000E+00
  0.0000E+00
  0.0000E+00
  0.0000E+00
  0.0000E+00
  0.0000E+00
  0.0000E+00
  0.0000E+00
  0.0000E+00
  0.0000E+00
  0.0000E+00
  0.0000E+00
  0.0000E+00
  0.0000E+00
  0.0000E+00
  0.0000E+00
  0.0000E+00
  0.0000E+00
  0.0000E+00
  0.0000E+00
  0.0000E+00
  0.0000E+00
  0.0000E+00
  0.0000E+00
  0.0000E+00
  0.0000E+00
  0.0000E+00
  0.0000E+00
  0.0000E+00
  0.0000E+00
  0.0000E+00
  0.0000E+00
  0.0000E+00
  0.0000E+00
  0.0000E+00
  0.0000E+00
  0.0000E+00
  0.0000E+00
  0.0000E+00
  0.0000E+00
  0.0000E+00
  0.0000E+00
  0.0000E+00
  0.0000E+00
  0.0000E+00
  0.0000E+00
  0.0000E+00
  0.0000E+00
  0.0000E+00
  0.0000E+00
  0.0000E+00
  0.0000E+00
  0.0000E+00
  0.0000E+00
  0.0000E+00
  0.0000E+00
  0.0000E+00
  0.0000E+00
  0.0000E+00
  0.0000E+00
  0.0000E+00
  0.0000E+00
  0.0000E+00
  0.0000E+00
  0.0000E+00
  0.0000E+00
  0.0000E+00
  0.0000E+00
  0.0000E+00
  0.0000E+00
  0.0000E+00
  0.0000E+00
  0.0000E+00
  0.0000E+00
  0.0000E+00
  0.0000E+00
  0.0000E+00
  0.0000E+00
  0.0000E+00
  0.0000E+00
  0.0000E+00
  0.0000E+00
  0.0000E+00
  0.0000E+00
  0.0000E+00
  0.0000E+00
  0.0000E+00
  0.0000E+00
  0.0000E+00
  0.0000E+00
  0.0000E+00
  0.0000E+00
  0.0000E+00
  0.0000E+00
  0.0000E+00
  0.0000E+00
  0.0000E+00
  0.0000E+00
  0.0000E+00
  0.0000E+00
  0.0000E+00
  0.0000E+00
  0.0000E+00
  0.0000E+00
  0.0000E+00
  0.0000E+00
  0.0000E+00
  0.0000E+00
  0.0000E+00
  0.0000E+00
  0.0000E+00
  0.0000E+00
  0.0000E+00
  0.0000E+00
  0.0000E+00
  0.0000E+00
  0.0000E+00
  0.0000E+00
  0.0000E+00
  0.0000E+00
  0.0000E+00
  0.0000E+00
  0.0000E+00
  0.0000E+00
  0.0000E+00
  0.0000E+00
  0.0000E+00
  0.0000E+00
  0.0000E+00
  0.0000E+00
  0.0000E+00
  0.0000E+00
  0.0000E+00
  0.0000E+00
  0.0000E+00
  0.0000E+00
  0.0000E+00
  0.0000E+00
  0.0000E+00
  0.0000E+00
  0.0000E+00
  0.0000E+00
  0.0000E+00
  0.0000E+00
  0.0000E+00
  0.0000E+00
  0.0000E+00
  0.0000E+00
  0.0000E+00
  0.0000E+00
  0.0000E+00
  0.0000E+00
  0.0000E+00
  0.0000E+00
  0.0000E+00
  0.0000E+00
  0.0000E+00
  0.0000E+00
  0.0000E+00
  0.0000E+00
  0.0000E+00
  0.0000E+00
  0.0000E+00
  0.0000E+00
  0.0000E+00
  0.0000E+00
  0.0000E+00
  0.0000E+00
  0.0000E+00
  0.0000E+00
  0.0000E+00
  0.0000E+00
  0.0000E+00
  0.0000E+00
  0.0000E+00
  0.0000E+00
  0.0000E+00
  0.0000E+00
  0.0000E+00
  0.0000E+00
  0.0000E+00
  0.0000E+00
  0.0000E+00
  0.0000E+00
  0.0000E+00
  0.0000E+00
  0.0000E+00
  0.0000E+00
  0.0000E+00
  0.0000E+00
  0.0000E+00
  0.0000E+00
  0.0000E+00
  0.0000E+00
  0.0000E+00
  0.0000E+00
  0.0000E+00
  0.0000E+00
  0.0000E+00
  0.0000E+00
  0.0000E+00
  0.0000E+00
  0.0000E+00
  0.0000E+00
  0.0000E+00
  0.0000E+00
  0.0000E+00
  0.0000E+00
  0.0000E+00
  0.0000E+00
  0.0000E+00
  0.0000E+00
  0.0000E+00
  0.0000E+00
  0.0000E+00
  0.0000E+00
  0.0000E+00
  0.0000E+00
  0.0000E+00
  0.0000E+00
  0.0000E+00
  0.0000E+00
  0.0000E+00
  0.0000E+00
  0.0000E+00
  0.0000E+00
  0.0000E+00
  0.0000E+00
  0.0000E+00
  0.0000E+00
  0.0000E+00
  0.0000E+00
  0.0000E+00
  0.0000E+00
  0.0000E+00
  0.0000E+00
  0.0000E+00
  0.0000E+00
  0.0000E+00
  0.0000E+00
  0.0000E+00
  0.0000E+00
  0.0000E+00
  0.0000E+00
  0.0000E+00
  0.0000E+00
  0.0000E+00
  0.0000E+00
  0.0000E+00
  0.0000E+00
  0.0000E+00
  0.0000E+00
  0.0000E+00
  0.0000E+00
  0.0000E+00
  0.0000E+00
  0.0000E+00
  0.0000E+00
  0.0000E+00
  0.0000E+00
  0.0000E+00
  0.0000E+00
  0.0000E+00
  0.0000E+00
  0.0000E+00
  0.0000E+00
  0.0000E+00
  0.0000E+00
  0.0000E+00
  0.0000E+00
  0.0000E+00
  0.0000E+00
  0.0000E+00
  0.0000E+00
  0.0000E+00
  0.0000E+00
  0.0000E+00
  0.0000E+00
  0.0000E+00
  0.0000E+00
  0.0000E+00
  0.0000E+00
  0.0000E+00
  0.0000E+00
  0.0000E+00
  0.0000E+00
  0.0000E+00
  0.0000E+00
  0.0000E+00
  0.0000E+00
  0.0000E+00
  0.0000E+00
  0.0000E+00
  0.0000E+00
  0.0000E+00
  0.0000E+00
  0.0000E+00
  0.0000E+00
  0.0000E+00
  0.0000E+00
  0.0000E+00
  0.0000E+00
  0.0000E+00
  0.0000E+00
  0.0000E+00
  0.0000E+00
  0.0000E+00
  0.0000E+00
  0.0000E+00
  0.0000E+00
  0.0000E+00
  0.0000E+00
  0.0000E+00
  0.0000E+00
  0.0000E+00
  0.0000E+00
  0.0000E+00
  0.0000E+00
  0.0000E+00
  0.0000E+00
  0.0000E+00
  0.0000E+00
  0.0000E+00
  0.0000E+00
  0.0000E+00
  0.0000E+00
  0.0000E+00
  0.0000E+00
  0.0000E+00
  0.0000E+00
  0.0000E+00
  0.0000E+00
  0.0000E+00
  0.0000E+00
  0.0000E+00
  0.0000E+00
  0.0000E+00
  0.0000E+00
  0.0000E+00
  0.0000E+00
  0.0000E+00
  0.0000E+00
  0.0000E+00
  0.0000E+00
  0.0000E+00
  0.0000E+00
  0.0000E+00
  0.0000E+00
  0.0000E+00
  0.0000E+00
  0.0000E+00
  0.0000E+00
  0.0000E+00
  0.0000E+00
  0.0000E+00
  0.0000E+00
  0.0000E+00
  0.0000E+00
  0.0000E+00
  0.0000E+00
  0.0000E+00
  0.0000E+00
  0.0000E+00
  0.0000E+00
  0.0000E+00
  0.0000E+00
  0.0000E+00
  0.0000E+00
  0.0000E+00
  0.0000E+00
  0.0000E+00
  0.0000E+00
  0.0000E+00
  0.0000E+00
  0.0000E+00
  0.0000E+00
  0.0000E+00
  0.0000E+00
  0.0000E+00
  0.0000E+00
  0.0000E+00
  0.0000E+00
  0.0000E+00
  0.0000E+00
  0.0000E+00
  0.0000E+00
  0.0000E+00
  0.0000E+00
  0.0000E+00
  0.0000E+00
  0.0000E+00
  0.0000E+00
  0.0000E+00
  0.0000E+00
  0.0000E+00
  0.0000E+00
  0.0000E+00
  0.0000E+00
  0.0000E+00
  0.0000E+00
  0.0000E+00
  0.0000E+00
  0.0000E+00
  0.0000E+00
  0.0000E+00
  0.0000E+00
  0.0000E+00
  0.0000E+00
  0.0000E+00
  0.0000E+00
  0.0000E+00
  0.0000E+00
  0.0000E+00
  0.0000E+00
  0.0000E+00
  0.0000E+00
  0.0000E+00
  0.0000E+00
  0.0000E+00
  0.0000E+00
  0.0000E+00
  0.0000E+00
  0.0000E+00
  0.0000E+00
  0.0000E+00
  0.0000E+00
  0.0000E+00
  0.0000E+00
  0.0000E+00
  0.0000E+00
  0.0000E+00
  0.0000E+00
  0.0000E+00
  0.0000E+00
  0.0000E+00
  0.0000E+00
  0.0000E+00
  0.0000E+00
  0.0000E+00
  0.0000E+00
  0.0000E+00
  0.0000E+00
  0.0000E+00
  0.0000E+00
  0.0000E+00
  0.0000E+00
  0.0000E+00
  0.0000E+00
  0.0000E+00
  0.0000E+00
  0.0000E+00
  0.0000E+00
  0.0000E+00
  0.0000E+00
  0.0000E+00
  0.0000E+00
  0.0000E+00
  0.0000E+00
  0.0000E+00
  0.0000E+00
  0.0000E+00
  0.0000E+00
  0.0000E+00
  0.0000E+00
  0.0000E+00
  0.0000E+00
  0.0000E+00
  0.0000E+00
  0.0000E+00
  0.0000E+00
  0.0000E+00
  0.0000E+00
  0.0000E+00
  0.0000E+00
  0.0000E+00
  0.0000E+00
  0.0000E+00
  0.0000E+00
  0.0000E+00
  0.0000E+00
  0.0000E+00
  0.0000E+00
  0.0000E+00
  0.0000E+00
  0.0000E+00
  0.0000E+00
  0.0000E+00
  0.0000E+00
  0.0000E+00
  0.0000E+00
  0.0000E+00
  0.0000E+00
  0.0000E+00
  0.0000E+00
  0.0000E+00
  0.0000E+00
  0.0000E+00
  0.0000E+00
  0.0000E+00
  0.0000E+00
  0.0000E+00
  0.0000E+00
  0.0000E+00
  0.0000E+00
  0.0000E+00
  0.0000E+00
  0.0000E+00
  0.0000E+00
  0.0000E+00
  0.0000E+00
  0.0000E+00
  0.0000E+00
  0.0000E+00
  0.0000E+00
  0.0000E+00
  0.0000E+00
  0.0000E+00
  0.0000E+00
  0.0000E+00
  0.0000E+00
  0.0000E+00
  0.0000E+00
  0.0000E+00
  0.0000E+00
  0.0000E+00
  0.0000E+00
  0.0000E+00
  0.0000E+00
  0.0000E+00
  0.0000E+00
  0.0000E+00
  0.0000E+00
  0.0000E+00
  0.0000E+00
  0.0000E+00
  0.0000E+00
  0.0000E+00
  0.0000E+00
  0.0000E+00
  0.0000E+00
  0.0000E+00
  0.0000E+00
  0.0000E+00
  0.0000E+00
  0.0000E+00
  0.0000E+00
  0.0000E+00
  0.0000E+00
  0.0000E+00
  0.0000E+00
  0.0000E+00
  0.0000E+00
  0.0000E+00
  0.0000E+00
  0.0000E+00
  0.0000E+00
  0.0000E+00
  0.0000E+00
  0.0000E+00
  0.0000E+00
  0.0000E+00
  0.0000E+00
  0.0000E+00
  0.0000E+00
  0.0000E+00
  0.0000E+00
  0.0000E+00
  0.0000E+00
  0.0000E+00
  0.0000E+00
  0.0000E+00
  0.0000E+00
  0.0000E+00
  0.0000E+00
  0.0000E+00
  0.0000E+00
  0.0000E+00
  0.0000E+00
  0.0000E+00
  0.0000E+00
  0.0000E+00
  0.0000E+00
  0.0000E+00
  0.0000E+00
  0.0000E+00
  0.0000E+00
  0.0000E+00
  0.0000E+00
  0.0000E+00
  0.0000E+00
  0.0000E+00
  0.0000E+00
  0.0000E+00
  0.0000E+00
  0.0000E+00
  0.0000E+00
  0.0000E+00
  0.0000E+00
  0.0000E+00
  0.0000E+00
  0.0000E+00
  0.0000E+00
  0.0000E+00
  0.0000E+00
  0.0000E+00
  0.0000E+00
  0.0000E+00
  0.0000E+00
  0.0000E+00
  0.0000E+00
  0.0000E+00
  0.0000E+00
  0.0000E+00
  0.0000E+00
  0.0000E+00
  0.0000E+00
  0.0000E+00
  0.0000E+00
  0.0000E+00
  0.0000E+00
  0.0000E+00
  0.0000E+00
  0.0000E+00
  0.0000E+00
  0.0000E+00
  0.0000E+00
  0.0000E+00
  0.0000E+00
  0.0000E+00
  0.0000E+00
  0.0000E+00
  0.0000E+00
  0.0000E+00
  0.0000E+00
  0.0000E+00
  0.0000E+00
  0.0000E+00
  0.0000E+00
  0.0000E+00
  0.0000E+00
  0.0000E+00
  0.0000E+00
  0.0000E+00
  0.0000E+00
  0.0000E+00
  0.0000E+00
  0.0000E+00
  0.0000E+00
  0.0000E+00
  0.0000E+00
  0.0000E+00
  0.0000E+00
  0.0000E+00
  0.0000E+00
  0.0000E+00
  0.0000E+00
  0.0000E+00
  0.0000E+00
  0.0000E+00
  0.0000E+00
  0.0000E+00
  0.0000E+00
  0.0000E+00
  0.0000E+00
  0.0000E+00
  0.0000E+00
  0.0000E+00
  0.0000E+00
  0.0000E+00
  0.0000E+00
  0.0000E+00
  0.0000E+00
  0.0000E+00
  0.0000E+00
  0.0000E+00
  0.0000E+00
  0.0000E+00
  0.0000E+00
  0.0000E+00
  0.0000E+00
  0.0000E+00
  0.0000E+00
  0.0000E+00
  0.0000E+00
  0.0000E+00
  0.0000E+00
  0.0000E+00
  0.0000E+00
  0.0000E+00
  0.0000E+00
  0.0000E+00
  0.0000E+00
  0.0000E+00
  0.0000E+00
  0.0000E+00
  0.0000E+00
  0.0000E+00
  0.0000E+00
  0.0000E+00
  0.0000E+00
  0.0000E+00
  0.0000E+00
  0.0000E+00
  0.0000E+00
  0.0000E+00
  0.0000E+00
  0.0000E+00
  0.0000E+00
  0.0000E+00
  0.0000E+00
  0.0000E+00
  0.0000E+00
  0.0000E+00
  0.0000E+00
  0.0000E+00
  0.0000E+00
  0.0000E+00
  0.0000E+00
  0.0000E+00
  0.0000E+00
  0.0000E+00
  0.0000E+00
  0.0000E+00
  0.0000E+00
  0.0000E+00
  0.0000E+00
  0.0000E+00
  0.0000E+00
  0.0000E+00
  0.0000E+00
  0.0000E+00
  0.0000E+00
  0.0000E+00
  0.0000E+00
  0.0000E+00
  0.0000E+00
  0.0000E+00
  0.0000E+00
  0.0000E+00
  0.0000E+00
  0.0000E+00
  0.0000E+00
  0.0000E+00
  0.0000E+00
  0.0000E+00
  0.0000E+00
  0.0000E+00
  0.0000E+00
  0.0000E+00
  0.0000E+00
  0.0000E+00
  0.0000E+00
  0.0000E+00
  0.0000E+00
  0.0000E+00
  0.0000E+00
  0.0000E+00
  0.0000E+00
  0.0000E+00
  0.0000E+00
  0.0000E+00
  0.0000E+00
  0.0000E+00
  0.0000E+00
  0.0000E+00
  0.0000E+00
  0.0000E+00
  0.0000E+00
  0.0000E+00
  0.0000E+00
  0.0000E+00
  0.0000E+00
  0.0000E+00
  0.0000E+00
  0.0000E+00
  0.0000E+00
  0.0000E+00
  0.0000E+00
  0.0000E+00
  0.0000E+00
  0.0000E+00
  0.0000E+00
  0.0000E+00
  0.0000E+00
  0.0000E+00
  0.0000E+00
  0.0000E+00
  0.0000E+00
  0.0000E+00
  0.0000E+00
  0.0000E+00
  0.0000E+00
  0.0000E+00
  0.0000E+00
  0.0000E+00
  0.0000E+00
  0.0000E+00
  0.0000E+00
  0.0000E+00
  0.0000E+00
  0.0000E+00
  0.0000E+00
  0.0000E+00
  0.0000E+00
  0.0000E+00
  0.0000E+00
  0.0000E+00
  0.0000E+00
  0.0000E+00
  0.0000E+00
  0.0000E+00
  0.0000E+00
  0.0000E+00
  0.0000E+00
  0.0000E+00
  0.0000E+00
  0.0000E+00
  0.0000E+00
  0.0000E+00
  0.0000E+00
  0.0000E+00
  0.0000E+00
  0.0000E+00
  0.0000E+00
  0.0000E+00
  0.0000E+00
  0.0000E+00
  0.0000E+00
  0.0000E+00
  0.0000E+00
  0.0000E+00
  0.0000E+00
  0.0000E+00
  0.0000E+00
  0.0000E+00
  0.0000E+00
  0.0000E+00
  0.0000E+00
  0.0000E+00
  0.0000E+00
  0.0000E+00
  0.0000E+00
  0.0000E+00
  0.0000E+00
  0.0000E+00
  0.0000E+00
  0.0000E+00
  0.0000E+00
  0.0000E+00
  0.0000E+00
  0.0000E+00
  0.0000E+00
  0.0000E+00
  0.0000E+00
  0.0000E+00
  0.0000E+00
  0.0000E+00
  0.0000E+00
  0.0000E+00
  0.0000E+00
  0.0000E+00
  0.0000E+00
  0.0000E+00
  0.0000E+00
  0.0000E+00
  0.0000E+00
  0.0000E+00
  0.0000E+00
  0.0000E+00
  0.0000E+00
  0.0000E+00
  0.0000E+00
  0.0000E+00
  0.0000E+00
  0.0000E+00
  0.0000E+00
  0.0000E+00
  0.0000E+00
  0.0000E+00
  0.0000E+00
  0.0000E+00
  0.0000E+00
  0.0000E+00
  0.0000E+00
  0.0000E+00
  0.0000E+00
  0.0000E+00
  0.0000E+00
  0.0000E+00
  0.0000E+00
  0.0000E+00
  0.0000E+00
  0.0000E+00
  0.0000E+00
  0.0000E+00
  0.0000E+00
  0.0000E+00
  0.0000E+00
  0.0000E+00
  0.0000E+00
  0.0000E+00
  0.0000E+00
  0.0000E+00
  0.0000E+00
  0.0000E+00
  0.0000E+00
  0.0000E+00
  0.0000E+00
  0.0000E+00
  0.0000E+00
  0.0000E+00
  0.0000E+00
  0.0000E+00
  0.0000E+00
  0.0000E+00
  0.0000E+00
  0.0000E+00
  0.0000E+00
  0.0000E+00
  0.0000E+00
SCALARS chi float 1
LOOKUP_TABLE default
  0.0000E+00
  0.0000E+00
  0.0000E+00
  0.0000E+00
  0.0000E+00
  0.0000E+00
  0.0000E+00
  0.0000E+00
  0.0000E+00
  0.0000E+00
  0.0000E+00
  0.0000E+00
  0.0000E+00
  0.0000E+00
  0.0000E+00
  0.0000E+00
  0.0000E+00
  0.0000E+00
  0.0000E+00
  0.0000E+00
  0.0000E+00
  0.0000E+00
  0.0000E+00
  0.0000E+00
  0.0000E+00
  0.0000E+00
  0.0000E+00
  0.0000E+00
  0.0000E+00
  0.0000E+00
  0.0000E+00
  0.0000E+00
  0.0000E+00
  0.0000E+00
  0.0000E+00
  0.0000E+00
  0.0000E+00
  0.0000E+00
  0.0000E+00
  0.0000E+00
  0.0000E+00
  0.0000E+00
  0.0000E+00
  0.0000E+00
  0.0000E+00
  0.0000E+00
  0.0000E+00
  0.0000E+00
  0.0000E+00
  0.0000E+00
  0.0000E+00
  0.0000E+00
  0.0000E+00
  0.0000E+00
  0.0000E+00
  0.0000E+00
  0.0000E+00
  0.0000E+00
  0.0000E+00
  0.0000E+00
  0.0000E+00
  0.0000E+00
  0.0000E+00
  0.0000E+00
  0.0000E+00
  0.0000E+00
  0.0000E+00
  0.0000E+00
  0.0000E+00
  0.0000E+00
  0.0000E+00
  0.0000E+00
  0.0000E+00
  0.0000E+00
  0.0000E+00
  0.0000E+00
  0.0000E+00
  0.0000E+00
  0.0000E+00
  0.0000E+00
  0.0000E+00
  0.0000E+00
  0.0000E+00
  0.0000E+00
  0.0000E+00
  0.0000E+00
  0.0000E+00
  0.0000E+00
  0.0000E+00
  0.0000E+00
  0.0000E+00
  0.0000E+00
  0.0000E+00
  0.0000E+00
  0.0000E+00
  0.0000E+00
  0.0000E+00
  0.0000E+00
  0.0000E+00
  0.0000E+00
  0.0000E+00
  0.0000E+00
  0.0000E+00
  0.0000E+00
  0.0000E+00
  0.0000E+00
  0.0000E+00
  0.0000E+00
  0.0000E+00
  0.0000E+00
  0.0000E+00
  0.0000E+00
  0.0000E+00
  0.0000E+00
  0.0000E+00
  0.0000E+00
  0.0000E+00
  0.0000E+00
  0.0000E+00
  0.0000E+00
  0.0000E+00
  0.0000E+00
  0.0000E+00
  0.0000E+00
  0.0000E+00
  0.0000E+00
  0.0000E+00
  0.0000E+00
  0.0000E+00
  0.0000E+00
  0.0000E+00
  0.0000E+00
  0.0000E+00
  0.0000E+00
  0.0000E+00
  0.0000E+00
  0.0000E+00
  0.0000E+00
  0.0000E+00
  0.0000E+00
  0.0000E+00
  0.0000E+00
  0.0000E+00
  0.0000E+00
  0.0000E+00
  0.0000E+00
  0.0000E+00
  0.0000E+00
  0.0000E+00
  0.0000E+00
  0.0000E+00
  0.0000E+00
  0.0000E+00
  0.0000E+00
  0.0000E+00
  0.0000E+00
  0.0000E+00
  0.0000E+00
  0.0000E+00
  0.0000E+00
  0.0000E+00
  0.0000E+00
  0.0000E+00
  0.0000E+00
  0.0000E+00
  0.0000E+00
  0.0000E+00
  0.0000E+00
  0.0000E+00
  0.0000E+00
  0.0000E+00
  0.0000E+00
  0.0000E+00
  0.0000E+00
  0.0000E+00
  0.0000E+00
  0.0000E+00
  0.0000E+00
  0.0000E+00
  0.0000E+00
  0.0000E+00
  0.0000E+00
  0.0000E+00
  0.0000E+00
  0.0000E+00
  0.0000E+00
  0.0000E+00
  0.0000E+00
  0.0000E+00
  0.0000E+00
  0.0000E+00
  0.0000E+00
  0.0000E+00
  0.0000E+00
  0.0000E+00
  0.0000E+00
  0.0000E+00
  0.0000E+00
  0.0000E+00
  0.0000E+00
  0.0000E+00
  0.0000E+00
  0.0000E+00
  0.0000E+00
  0.0000E+00
  0.0000E+00
  0.0000E+00
  0.0000E+00
  0.0000E+00
  0.0000E+00
  0.0000E+00
  0.0000E+00
  0.0000E+00
  0.0000E+00
  0.0000E+00
  0.0000E+00
  0.0000E+00
  0.0000E+00
  0.0000E+00
  0.0000E+00
  0.0000E+00
  0.0000E+00
  0.0000E+00
  0.0000E+00
  0.0000E+00
  0.0000E+00
  0.0000E+00
  0.0000E+00
  0.0000E+00
  0.0000E+00
  0.0000E+00
  0.0000E+00
  0.0000E+00
  0.0000E+00
  0.0000E+00
  0.0000E+00
  0.0000E+00
  0.0000E+00
  0.0000E+00
  0.0000E+00
  0.0000E+00
  0.0000E+00
  0.0000E+00
  0.0000E+00
  0.0000E+00
  0.0000E+00
  0.0000E+00
  0.0000E+00
  0.0000E+00
  0.0000E+00
  0.0000E+00
  0.0000E+00
  0.0000E+00
  0.0000E+00
  0.0000E+00
  0.0000E+00
  0.0000E+00
  0.0000E+00
  0.0000E+00
  0.0000E+00
  0.0000E+00
  0.0000E+00
  0.0000E+00
  0.0000E+00
  0.0000E+00
  0.0000E+00
  0.0000E+00
  0.0000E+00
  0.0000E+00
  0.0000E+00
  0.0000E+00
  0.0000E+00
  0.0000E+00
  0.0000E+00
  0.0000E+00
  0.0000E+00
  0.0000E+00
  0.0000E+00
  0.0000E+00
  0.0000E+00
  0.0000E+00
  0.0000E+00
  0.0000E+00
  0.0000E+00
  0.0000E+00
  0.0000E+00
  0.0000E+00
  0.0000E+00
  0.0000E+00
  0.0000E+00
  0.0000E+00
  0.0000E+00
  0.0000E+00
  0.0000E+00
  0.0000E+00
  0.0000E+00
  0.0000E+00
  0.0000E+00
  0.0000E+00
  0.0000E+00
  0.0000E+00
  0.0000E+00
  0.0000E+00
  0.0000E+00
  0.0000E+00
  0.0000E+00
  0.0000E+00
  0.0000E+00
  0.0000E+00
  0.0000E+00
  0.0000E+00
  0.0000E+00
  0.0000E+00
  0.0000E+00
  0.0000E+00
  0.0000E+00
  0.0000E+00
  0.0000E+00
  0.0000E+00
  0.0000E+00
  0.0000E+00
  0.0000E+00
  0.0000E+00
  0.0000E+00
  0.0000E+00
  0.0000E+00
  0.0000E+00
  0.0000E+00
  0.0000E+00
  0.0000E+00
  0.0000E+00
  0.0000E+00
  0.0000E+00
  0.0000E+00
  0.0000E+00
  0.0000E+00
  0.0000E+00
  0.0000E+00
  0.0000E+00
  0.0000E+00
  0.0000E+00
  0.0000E+00
  0.0000E+00
  0.0000E+00
  0.0000E+00
  0.0000E+00
  0.0000E+00
  0.0000E+00
  0.0000E+00
  0.0000E+00
  0.0000E+00
  0.0000E+00
  0.0000E+00
  0.0000E+00
  0.0000E+00
  0.0000E+00
  0.0000E+00
  0.0000E+00
  0.0000E+00
  0.0000E+00
  0.0000E+00
  0.0000E+00
  0.0000E+00
  0.0000E+00
  0.0000E+00
  0.0000E+00
  0.0000E+00
  0.0000E+00
  0.0000E+00
  0.0000E+00
  0.0000E+00
  0.0000E+00
  0.0000E+00
  0.0000E+00
  0.0000E+00
  0.0000E+00
  0.0000E+00
  0.0000E+00
  0.0000E+00
  0.0000E+00
  0.0000E+00
  0.0000E+00
  0.0000E+00
  0.0000E+00
  0.0000E+00
  0.0000E+00
  0.0000E+00
  0.0000E+00
  0.0000E+00
  0.0000E+00
  0.0000E+00
  0.0000E+00
  0.0000E+00
  0.0000E+00
  0.0000E+00
  0.0000E+00
  0.0000E+00
  0.0000E+00
  0.0000E+00
  0.0000E+00
  0.0000E+00
  0.0000E+00
  0.0000E+00
  0.0000E+00
  0.0000E+00
  0.0000E+00
  0.0000E+00
  0.0000E+00
  0.0000E+00
  0.0000E+00
  0.0000E+00
  0.0000E+00
  0.0000E+00
  0.0000E+00
  0.0000E+00
  0.0000E+00
  0.0000E+00
  0.0000E+00
  0.0000E+00
  0.0000E+00
  0.0000E+00
  0.0000E+00
  0.0000E+00
  0.0000E+00
  0.0000E+00
  0.0000E+00
  0.0000E+00
  0.0000E+00
  0.0000E+00
  0.0000E+00
  0.0000E+00
  0.0000E+00
  0.0000E+00
  0.0000E+00
  0.0000E+00
  0.0000E+00
  0.0000E+00
  0.0000E+00
  0.0000E+00
  0.0000E+00
  0.0000E+00
  0.0000E+00
  0.0000E+00
  0.0000E+00
  0.0000E+00
  0.0000E+00
  0.0000E+00
  0.0000E+00
  0.0000E+00
  0.0000E+00
  0.0000E+00
  0.0000E+00
  0.0000E+00
  0.0000E+00
  0.0000E+00
  0.0000E+00
  0.0000E+00
  0.0000E+00
  0.0000E+00
  0.0000E+00
  0.0000E+00
  0.0000E+00
  0.0000E+00
  0.0000E+00
  0.0000E+00
  0.0000E+00
  0.0000E+00
  0.0000E+00
  0.0000E+00
  0.0000E+00
  0.0000E+00
  0.0000E+00
  0.0000E+00
  0.0000E+00
  0.0000E+00
  0.0000E+00
  0.0000E+00
  0.0000E+00
  0.0000E+00
  0.0000E+00
  0.0000E+00
  0.0000E+00
  0.0000E+00
  0.0000E+00
  0.0000E+00
  0.0000E+00
  0.0000E+00
  0.0000E+00
  0.0000E+00
  0.0000E+00
  0.0000E+00
  0.0000E+00
  0.0000E+00
  0.0000E+00
  0.0000E+00
  0.0000E+00
  0.0000E+00
  0.0000E+00
  0.0000E+00
  0.0000E+00
  0.0000E+00
  0.0000E+00
  0.0000E+00
  0.0000E+00
  0.0000E+00
  0.0000E+00
  0.0000E+00
  0.0000E+00
  0.0000E+00
  0.0000E+00
  0.0000E+00
  0.0000E+00
  0.0000E+00
  0.0000E+00
  0.0000E+00
  0.0000E+00
  0.0000E+00
  0.0000E+00
  0.0000E+00
  0.0000E+00
  0.0000E+00
  0.0000E+00
  0.0000E+00
  0.0000E+00
  0.0000E+00
  0.0000E+00
  0.0000E+00
  0.0000E+00
  0.0000E+00
  0.0000E+00
  0.0000E+00
  0.0000E+00
  0.0000E+00
  0.0000E+00
  0.0000E+00
  0.0000E+00
  0.0000E+00
  0.0000E+00
  0.0000E+00
  0.0000E+00
  0.0000E+00
  0.0000E+00
  0.0000E+00
  0.0000E+00
  0.0000E+00
  0.0000E+00
  0.0000E+00
  0.0000E+00
  0.0000E+00
  0.0000E+00
  0.0000E+00
  0.0000E+00
  0.0000E+00
  0.0000E+00
  0.0000E+00
  0.0000E+00
  0.0000E+00
  0.0000E+00
  0.0000E+00
  0.0000E+00
  0.0000E+00
  0.0000E+00
  0.0000E+00
  0.0000E+00
  0.0000E+00
  0.0000E+00
  0.0000E+00
  0.0000E+00
  0.0000E+00
  0.0000E+00
  0.0000E+00
  0.0000E+00
  0.0000E+00
  0.0000E+00
  0.0000E+00
  0.0000E+00
  0.0000E+00
  0.0000E+00
  0.0000E+00
  0.0000E+00
  0.0000E+00
  0.0000E+00
  0.0000E+00
  0.0000E+00
  0.0000E+00
  0.0000E+00
  0.0000E+00
  0.0000E+00
  0.0000E+00
  0.0000E+00
  0.0000E+00
  0.0000E+00
  0.0000E+00
  0.0000E+00
  0.0000E+00
  0.0000E+00
  0.0000E+00
  0.0000E+00
  0.0000E+00
  0.0000E+00
  0.0000E+00
  0.0000E+00
  0.0000E+00
  0.0000E+00
  0.0000E+00
  0.0000E+00
  0.0000E+00
  0.0000E+00
  0.0000E+00
  0.0000E+00
  0.0000E+00
  0.0000E+00
  0.0000E+00
  0.0000E+00
  0.0000E+00
  0.0000E+00
  0.0000E+00
  0.0000E+00
  0.0000E+00
  0.0000E+00
  0.0000E+00
  0.0000E+00
  0.0000E+00
  0.0000E+00
  0.0000E+00
  0.0000E+00
  0.0000E+00
  0.0000E+00
  0.0000E+00
  0.0000E+00
  0.0000E+00
  0.0000E+00
  0.0000E+00
  0.0000E+00
  0.0000E+00
  0.0000E+00
  0.0000E+00
  0.0000E+00
  0.0000E+00
  0.0000E+00
  0.0000E+00
  0.0000E+00
  0.0000E+00
  0.0000E+00
  0.0000E+00
  0.0000E+00
  0.0000E+00
  0.0000E+00
  0.0000E+00
  0.0000E+00
  0.0000E+00
  0.0000E+00
  0.0000E+00
  0.0000E+00
  0.0000E+00
  0.0000E+00
  0.0000E+00
  0.0000E+00
  0.0000E+00
  0.0000E+00
  0.0000E+00
  0.0000E+00
  0.0000E+00
  0.0000E+00
  0.0000E+00
  0.0000E+00
  0.0000E+00
  0.0000E+00
  0.0000E+00
  0.0000E+00
  0.0000E+00
  0.0000E+00
  0.0000E+00
  0.0000E+00
  0.0000E+00
  0.0000E+00
  0.0000E+00
  0.0000E+00
  0.0000E+00
  0.0000E+00
  0.0000E+00
  0.0000E+00
  0.0000E+00
  0.0000E+00
  0.0000E+00
  0.0000E+00
  0.0000E+00
  0.0000E+00
  0.0000E+00
  0.0000E+00
  0.0000E+00
  0.0000E+00
  0.0000E+00
  0.0000E+00
  0.0000E+00
  0.0000E+00
  0.0000E+00
  0.0000E+00
  0.0000E+00
  0.0000E+00
  0.0000E+00
  0.0000E+00
  0.0000E+00
  0.0000E+00
  0.0000E+00
  0.0000E+00
  0.0000E+00
  0.0000E+00
  0.0000E+00
  0.0000E+00
  0.0000E+00
  0.0000E+00
  0.0000E+00
  0.0000E+00
  0.0000E+00
  0.0000E+00
  0.0000E+00
  0.0000E+00
  0.0000E+00
  0.0000E+00
  0.0000E+00
  0.0000E+00
  0.0000E+00
  0.0000E+00
  0.0000E+00
  0.0000E+00
  0.0000E+00
  0.0000E+00
  0.0000E+00
  0.0000E+00
  0.0000E+00
  0.0000E+00
  0.0000E+00
  0.0000E+00
  0.0000E+00
  0.0000E+00
  0.0000E+00
  0.0000E+00
  0.0000E+00
  0.0000E+00
  0.0000E+00
  0.0000E+00
  0.0000E+00
  0.0000E+00
  0.0000E+00
  0.0000E+00
  0.0000E+00
  0.0000E+00
  0.0000E+00
  0.0000E+00
  0.0000E+00
  0.0000E+00
  0.0000E+00
  0.0000E+00
  0.0000E+00
  0.0000E+00
  0.0000E+00
  0.0000E+00
  0.0000E+00
  0.0000E+00
  0.0000E+00
  0.0000E+00
  0.0000E+00
  0.0000E+00
  0.0000E+00
  0.0000E+00
  0.0000E+00
  0.0000E+00
  0.0000E+00
  0.0000E+00
  0.0000E+00
  0.0000E+00
  0.0000E+00
  0.0000E+00
  0.0000E+00
  0.0000E+00
  0.0000E+00
  0.0000E+00
  0.0000E+00
  0.0000E+00
  0.0000E+00
  0.0000E+00
  0.0000E+00
  0.0000E+00
  0.0000E+00
  0.0000E+00
  0.0000E+00
  0.0000E+00
  0.0000E+00
  0.0000E+00
  0.0000E+00
  0.0000E+00
  0.0000E+00
  0.0000E+00
  0.0000E+00
  0.0000E+00
  0.0000E+00
  0.0000E+00
  0.0000E+00
  0.0000E+00
  0.0000E+00
  0.0000E+00
  0.0000E+00
  0.0000E+00
  0.0000E+00
  0.0000E+00
  0.0000E+00
  0.0000E+00
  0.0000E+00
  0.0000E+00
  0.0000E+00
  0.0000E+00
  0.0000E+00
  0.0000E+00
  0.0000E+00
  0.0000E+00
  0.0000E+00
  0.0000E+00
  0.0000E+00
  0.0000E+00
  0.0000E+00
  0.0000E+00
  0.0000E+00
  0.0000E+00
  0.0000E+00
  0.0000E+00
  0.0000E+00
  0.0000E+00
  0.0000E+00
  0.0000E+00
  0.0000E+00
  0.0000E+00
  0.0000E+00
  0.0000E+00
  0.0000E+00
  0.0000E+00
  0.0000E+00
  0.0000E+00
  0.0000E+00
  0.0000E+00
  0.0000E+00
  0.0000E+00
  0.0000E+00
  0.0000E+00
  0.0000E+00
  0.0000E+00
  0.0000E+00
  0.0000E+00
  0.0000E+00
  0.0000E+00
  0.0000E+00
  0.0000E+00
  0.0000E+00
  0.0000E+00
  0.0000E+00
  0.0000E+00
  0.0000E+00
  0.0000E+00
  0.0000E+00
  0.0000E+00
  0.0000E+00
  0.0000E+00
  0.0000E+00
  0.0000E+00
  0.0000E+00
  0.0000E+00
  0.0000E+00
  0.0000E+00
  0.0000E+00
  0.0000E+00
  0.0000E+00
  0.0000E+00
  0.0000E+00
  0.0000E+00
  0.0000E+00
  0.0000E+00
  0.0000E+00
  0.0000E+00
  0.0000E+00
  0.0000E+00
  0.0000E+00
  0.0000E+00
  0.0000E+00
  0.0000E+00
  0.0000E+00
  0.0000E+00
  0.0000E+00
  0.0000E+00
  0.0000E+00
  0.0000E+00
  0.0000E+00
  0.0000E+00
  0.0000E+00
  0.0000E+00
  0.0000E+00
  0.0000E+00
  0.0000E+00
  0.0000E+00
  0.0000E+00
  0.0000E+00
  0.0000E+00
  0.0000E+00
  0.0000E+00
  0.0000E+00
  0.0000E+00
  0.0000E+00
  0.0000E+00
  0.0000E+00
  0.0000E+00
  0.0000E+00
  0.0000E+00
  0.0000E+00
  0.0000E+00
  0.0000E+00
  0.0000E+00
  0.0000E+00
  0.0000E+00
  0.0000E+00
  0.0000E+00
  0.0000E+00
  0.0000E+00
  0.0000E+00
  0.0000E+00
  0.0000E+00
  0.0000E+00
  0.0000E+00
  0.0000E+00
  0.0000E+00
  0.0000E+00
  0.0000E+00
  0.0000E+00
  0.0000E+00
  0.0000E+00
  0.0000E+00
  0.0000E+00
  0.0000E+00
  0.0000E+00
  0.0000E+00
  0.0000E+00
  0.0000E+00
  0.0000E+00
  0.0000E+00
  0.0000E+00
  0.0000E+00
  0.0000E+00
  0.0000E+00
  0.0000E+00
  0.0000E+00
  0.0000E+00
  0.0000E+00
  0.0000E+00
  0.0000E+00
  0.0000E+00
  0.0000E+00
  0.0000E+00
  0.0000E+00
  0.0000E+00
  0.0000E+00
  0.0000E+00
  0.0000E+00
  0.0000E+00
  0.0000E+00
  0.0000E+00
  0.0000E+00
  0.0000E+00
  0.0000E+00
  0.0000E+00
  0.0000E+00
  0.0000E+00
  0.0000E+00
  0.0000E+00
  0.0000E+00
  0.0000E+00
  0.0000E+00
  0.0000E+00
  0.0000E+00
  0.0000E+00
  0.0000E+00
  0.0000E+00
  0.0000E+00
  0.0000E+00
  0.0000E+00
  0.0000E+00
  0.0000E+00
  0.0000E+00
  0.0000E+00
  0.0000E+00
  0.0000E+00
  0.0000E+00
  0.0000E+00
  0.0000E+00
  0.0000E+00
  0.0000E+00
  0.0000E+00
  0.0000E+00
  0.0000E+00
  0.0000E+00
  0.0000E+00
  0.0000E+00
  0.0000E+00
  0.0000E+00
  0.0000E+00
  0.0000E+00
  0.0000E+00
  0.0000E+00
  0.0000E+00
  0.0000E+00
  0.0000E+00
  0.0000E+00
  0.0000E+00
  0.0000E+00
  0.0000E+00
  0.0000E+00
  0.0000E+00
  0.0000E+00
  0.0000E+00
  0.0000E+00
  0.0000E+00
  0.0000E+00
  0.0000E+00
  0.0000E+00
  0.0000E+00
  0.0000E+00
  0.0000E+00
  0.0000E+00
  0.0000E+00
  0.0000E+00
  0.0000E+00
  0.0000E+00
  0.0000E+00
  0.0000E+00
  0.0000E+00
  0.0000E+00
  0.0000E+00
  0.0000E+00
  0.0000E+00
  0.0000E+00
  0.0000E+00
  0.0000E+00
  0.0000E+00
  0.0000E+00
  0.0000E+00
  0.0000E+00
  0.0000E+00
  0.0000E+00
  0.0000E+00
  0.0000E+00
  0.0000E+00
  0.0000E+00
  0.0000E+00
  0.0000E+00
  0.0000E+00
  0.0000E+00
  0.0000E+00
  0.0000E+00
  0.0000E+00
  0.0000E+00
  0.0000E+00
  0.0000E+00
  0.0000E+00
  0.0000E+00
  0.0000E+00
  0.0000E+00
  0.0000E+00
  0.0000E+00
  0.0000E+00
  0.0000E+00
  0.0000E+00
  0.0000E+00
  0.0000E+00
  0.0000E+00
  0.0000E+00
  0.0000E+00
  0.0000E+00
  0.0000E+00
  0.0000E+00
  0.0000E+00
  0.0000E+00
  0.0000E+00
  0.0000E+00
  0.0000E+00
  0.0000E+00
  0.0000E+00
  0.0000E+00
  0.0000E+00
  0.0000E+00
  0.0000E+00
  0.0000E+00
  0.0000E+00
  0.0000E+00
  0.0000E+00
  0.0000E+00
  0.0000E+00
  0.0000E+00
  0.0000E+00
  0.0000E+00
  0.0000E+00
  0.0000E+00
  0.0000E+00
  0.0000E+00
  0.0000E+00
  0.0000E+00
  0.0000E+00
  0.0000E+00
  0.0000E+00
  0.0000E+00
  0.0000E+00
  0.0000E+00
  0.0000E+00
  0.0000E+00
  0.0000E+00
  0.0000E+00
  0.0000E+00
  0.0000E+00
  0.0000E+00
  0.0000E+00
  0.0000E+00
  0.0000E+00
  0.0000E+00
  0.0000E+00
  0.0000E+00
  0.0000E+00
  0.0000E+00
  0.0000E+00
  0.0000E+00
  0.0000E+00
  0.0000E+00
  0.0000E+00
  0.0000E+00
  0.0000E+00
  0.0000E+00
  0.0000E+00
  0.0000E+00
  0.0000E+00
  0.0000E+00
  0.0000E+00
  0.0000E+00
  0.0000E+00
  0.0000E+00
  0.0000E+00
  0.0000E+00
  0.0000E+00
  0.0000E+00
  0.0000E+00
  0.0000E+00
  0.0000E+00
  0.0000E+00
  0.0000E+00
  0.0000E+00
  0.0000E+00
  0.0000E+00
  0.0000E+00
  0.0000E+00
  0.0000E+00
  0.0000E+00
  0.0000E+00
  0.0000E+00
  0.0000E+00
  0.0000E+00
  0.0000E+00
  0.0000E+00
  0.0000E+00
  0.0000E+00
  0.0000E+00
  0.0000E+00
  0.0000E+00
  0.0000E+00
  0.0000E+00
  0.0000E+00
  0.0000E+00
  0.0000E+00
  0.0000E+00
  0.0000E+00
  0.0000E+00
  0.0000E+00
  0.0000E+00
  0.0000E+00
  0.0000E+00
  0.0000E+00
  0.0000E+00
  0.0000E+00
  0.0000E+00
  0.0000E+00
  0.0000E+00
  0.0000E+00
  0.0000E+00
  0.0000E+00
  0.0000E+00
  0.0000E+00
  0.0000E+00
  0.0000E+00
  0.0000E+00
  0.0000E+00
  0.0000E+00
  0.0000E+00
  0.0000E+00
  0.0000E+00
  0.0000E+00
  0.0000E+00
  0.0000E+00
  0.0000E+00
  0.0000E+00
  0.0000E+00
  0.0000E+00
  0.0000E+00
  0.0000E+00
  0.0000E+00
  0.0000E+00
  0.0000E+00
  0.0000E+00
  0.0000E+00
  0.0000E+00
  0.0000E+00
  0.0000E+00
  0.0000E+00
  0.0000E+00
  0.0000E+00
  0.0000E+00
  0.0000E+00
  0.0000E+00
  0.0000E+00
  0.0000E+00
  0.0000E+00
  0.0000E+00
  0.0000E+00
  0.0000E+00
  0.0000E+00
  0.0000E+00
  0.0000E+00
  0.0000E+00
  0.0000E+00
  0.0000E+00
  0.0000E+00
  0.0000E+00
  0.0000E+00
  0.0000E+00
  0.0000E+00
  0.0000E+00
  0.0000E+00
  0.0000E+00
  0.0000E+00
  0.0000E+00
  0.0000E+00
  0.0000E+00
  0.0000E+00
  0.0000E+00
  0.0000E+00
  0.0000E+00
  0.0000E+00
  0.0000E+00
  0.0000E+00
  0.0000E+00
  0.0000E+00
  0.0000E+00
  0.0000E+00
  0.0000E+00
  0.0000E+00
  0.0000E+00
  0.0000E+00
  0.0000E+00
  0.0000E+00
  0.0000E+00
  0.0000E+00
  0.0000E+00
  0.0000E+00
  0.0000E+00
  0.0000E+00
  0.0000E+00
  0.0000E+00
  0.0000E+00
  0.0000E+00
  0.0000E+00
  0.0000E+00
  0.0000E+00
  0.0000E+00
  0.0000E+00
  0.0000E+00
  0.0000E+00
  0.0000E+00
  0.0000E+00
  0.0000E+00
  0.0000E+00
  0.0000E+00
  0.0000E+00
  0.0000E+00
  0.0000E+00
  0.0000E+00
  0.0000E+00
  0.0000E+00
  0.0000E+00
  0.0000E+00
  0.0000E+00
  0.0000E+00
  0.0000E+00
  0.0000E+00
  0.0000E+00
  0.0000E+00
  0.0000E+00
  0.0000E+00
  0.0000E+00
  0.0000E+00
  0.0000E+00
  0.0000E+00
  0.0000E+00
  0.0000E+00
  0.0000E+00
  0.0000E+00
  0.0000E+00
  0.0000E+00
  0.0000E+00
  0.0000E+00
  0.0000E+00
  0.0000E+00
  0.0000E+00
  0.0000E+00
  0.0000E+00
  0.0000E+00
  0.0000E+00
  0.0000E+00
  0.0000E+00
  0.0000E+00
  0.0000E+00
  0.0000E+00
  0.0000E+00
  0.0000E+00
  0.0000E+00
  0.0000E+00
  0.0000E+00
  0.0000E+00
  0.0000E+00
  0.0000E+00
  0.0000E+00
  0.0000E+00
  0.0000E+00
  0.0000E+00
  0.0000E+00
  0.0000E+00
  0.0000E+00
  0.0000E+00
  0.0000E+00
  0.0000E+00
  0.0000E+00
  0.0000E+00
  0.0000E+00
  0.0000E+00
  0.0000E+00
  0.0000E+00
  0.0000E+00
  0.0000E+00
  0.0000E+00
  0.0000E+00
  0.0000E+00
  0.0000E+00
  0.0000E+00
  0.0000E+00
  0.0000E+00
  0.0000E+00
  0.0000E+00
  0.0000E+00
  0.0000E+00
  0.0000E+00
  0.0000E+00
  0.0000E+00
  0.0000E+00
  0.0000E+00
  0.0000E+00
  0.0000E+00
  0.0000E+00
  0.0000E+00
  0.0000E+00
  0.0000E+00
  0.0000E+00
  0.0000E+00
  0.0000E+00
  0.0000E+00
  0.0000E+00
  0.0000E+00
  0.0000E+00
  0.0000E+00
  0.0000E+00
  0.0000E+00
  0.0000E+00
  0.0000E+00
  0.0000E+00
  0.0000E+00
  0.0000E+00
  0.0000E+00
  0.0000E+00
  0.0000E+00
  0.0000E+00
  0.0000E+00
  0.0000E+00
  0.0000E+00
  0.0000E+00
  0.0000E+00
  0.0000E+00
  0.0000E+00
  0.0000E+00
  0.0000E+00
  0.0000E+00
  0.0000E+00
  0.0000E+00
  0.0000E+00
  0.0000E+00
  0.0000E+00
  0.0000E+00
  0.0000E+00
  0.0000E+00
  0.0000E+00
  0.0000E+00
  0.0000E+00
  0.0000E+00
  0.0000E+00
  0.0000E+00
  0.0000E+00
  0.0000E+00
  0.0000E+00
  0.0000E+00
  0.0000E+00
  0.0000E+00
  0.0000E+00
  0.0000E+00
  0.0000E+00
  0.0000E+00
  0.0000E+00
  0.0000E+00
  0.0000E+00
  0.0000E+00
  0.0000E+00
  0.0000E+00
  0.0000E+00
  0.0000E+00
  0.0000E+00
  0.0000E+00
  0.0000E+00
  0.0000E+00
  0.0000E+00
  0.0000E+00
  0.0000E+00
  0.0000E+00
  0.0000E+00
  0.0000E+00
  0.0000E+00
  0.0000E+00
  0.0000E+00
  0.0000E+00
  0.0000E+00
  0.0000E+00
  0.0000E+00
  0.0000E+00
  0.0000E+00
  0.0000E+00
  0.0000E+00
  0.0000E+00
  0.0000E+00
  0.0000E+00
  0.0000E+00
  0.0000E+00
  0.0000E+00
  0.0000E+00
  0.0000E+00
  0.0000E+00
  0.0000E+00
  0.0000E+00
  0.0000E+00
  0.0000E+00
  0.0000E+00
  0.0000E+00
  0.0000E+00
  0.0000E+00
  0.0000E+00
  0.0000E+00
  0.0000E+00
  0.0000E+00
  0.0000E+00
  0.0000E+00
  0.0000E+00
  0.0000E+00
  0.0000E+00
  0.0000E+00
  0.0000E+00
  0.0000E+00
  0.0000E+00
  0.0000E+00
  0.0000E+00
  0.0000E+00
  0.0000E+00
  0.0000E+00
  0.0000E+00
  0.0000E+00
  0.0000E+00
  0.0000E+00
  0.0000E+00
  0.0000E+00
  0.0000E+00
  0.0000E+00
  0.0000E+00
  0.0000E+00
  0.0000E+00
  0.0000E+00
  0.0000E+00
  0.0000E+00
  0.0000E+00
  0.0000E+00
  0.0000E+00
  0.0000E+00
  0.0000E+00
  0.0000E+00
  0.0000E+00
  0.0000E+00
  0.0000E+00
  0.0000E+00
  0.0000E+00
  0.0000E+00
  0.0000E+00
  0.0000E+00
  0.0000E+00
  0.0000E+00
  0.0000E+00
  0.0000E+00
  0.0000E+00
  0.0000E+00
  0.0000E+00
  0.0000E+00
  0.0000E+00
  0.0000E+00
  0.0000E+00
  0.0000E+00
  0.0000E+00
  0.0000E+00
  0.0000E+00
  0.0000E+00
  0.0000E+00
  0.0000E+00
  0.0000E+00
  0.0000E+00
  0.0000E+00
  0.0000E+00
  0.0000E+00
  0.0000E+00
  0.0000E+00
  0.0000E+00
  0.0000E+00
  0.0000E+00
  0.0000E+00
  0.0000E+00
  0.0000E+00
  0.0000E+00
  0.0000E+00
  0.0000E+00
  0.0000E+00
  0.0000E+00
  0.0000E+00
  0.0000E+00
  0.0000E+00
  0.0000E+00
  0.0000E+00
  0.0000E+00
  0.0000E+00
  0.0000E+00
  0.0000E+00
  0.0000E+00
  0.0000E+00
  0.0000E+00
  0.0000E+00
  0.0000E+00
  0.0000E+00
  0.0000E+00
  0.0000E+00
  0.0000E+00
  0.0000E+00
  0.0000E+00
  0.0000E+00
  0.0000E+00
  0.0000E+00
  0.0000E+00
  0.0000E+00
  0.0000E+00
  0.0000E+00
  0.0000E+00
  0.0000E+00
  0.0000E+00
  0.0000E+00
  0.0000E+00
  0.0000E+00
  0.0000E+00
  0.0000E+00
  0.0000E+00
  0.0000E+00
  0.0000E+00
  0.0000E+00
  0.0000E+00
  0.0000E+00
  0.0000E+00
  0.0000E+00
  0.0000E+00
  0.0000E+00
  0.0000E+00
  0.0000E+00
  0.0000E+00
  0.0000E+00
  0.0000E+00
  0.0000E+00
  0.0000E+00
  0.0000E+00
  0.0000E+00
  0.0000E+00
  0.0000E+00
  0.0000E+00
  0.0000E+00
  0.0000E+00
  0.0000E+00
  0.0000E+00
  0.0000E+00
  0.0000E+00
  0.0000E+00
  0.0000E+00
  0.0000E+00
  0.0000E+00
  0.0000E+00
  0.0000E+00
  0.0000E+00
  0.0000E+00
  0.0000E+00
  0.0000E+00
  0.0000E+00
  0.0000E+00
  0.0000E+00
  0.0000E+00
  0.0000E+00
  0.0000E+00
  0.0000E+00
  0.0000E+00
  0.0000E+00
  0.0000E+00
  0.0000E+00
  0.0000E+00
  0.0000E+00
  0.0000E+00
  0.0000E+00
  0.0000E+00
  0.0000E+00
  0.0000E+00
  0.0000E+00
  0.0000E+00
  0.0000E+00
  0.0000E+00
  0.0000E+00
  0.0000E+00
  0.0000E+00
  0.0000E+00
  0.0000E+00
  0.0000E+00
  0.0000E+00
  0.0000E+00
  0.0000E+00
  0.0000E+00
  0.0000E+00
  0.0000E+00
  0.0000E+00
  0.0000E+00
  0.0000E+00
  0.0000E+00
  0.0000E+00
  0.0000E+00
  0.0000E+00
  0.0000E+00
  0.0000E+00
  0.0000E+00
  0.0000E+00
  0.0000E+00
  0.0000E+00
  0.0000E+00
  0.0000E+00
  0.0000E+00
  0.0000E+00
  0.0000E+00
  0.0000E+00
  0.0000E+00
  0.0000E+00
  0.0000E+00
  0.0000E+00
  0.0000E+00
  0.0000E+00
  0.0000E+00
  0.0000E+00
  0.0000E+00
  0.0000E+00
  0.0000E+00
  0.0000E+00
  0.0000E+00
  0.0000E+00
  0.0000E+00
  0.0000E+00
  0.0000E+00
  0.0000E+00
  0.0000E+00
  0.0000E+00
  0.0000E+00
  0.0000E+00
  0.0000E+00
  0.0000E+00
  0.0000E+00
  0.0000E+00
  0.0000E+00
  0.0000E+00
  0.0000E+00
  0.0000E+00
  0.0000E+00
  0.0000E+00
  0.0000E+00
  0.0000E+00
  0.0000E+00
  0.0000E+00
  0.0000E+00
  0.0000E+00
  0.0000E+00
  0.0000E+00
  0.0000E+00
  0.0000E+00
  0.0000E+00
  0.0000E+00
  0.0000E+00
  0.0000E+00
  0.0000E+00
  0.0000E+00
  0.0000E+00
  0.0000E+00
  0.0000E+00
  0.0000E+00
  0.0000E+00
  0.0000E+00
  0.0000E+00
  0.0000E+00
  0.0000E+00
  0.0000E+00
  0.0000E+00
  0.0000E+00
  0.0000E+00
  0.0000E+00
  0.0000E+00
  0.0000E+00
  0.0000E+00
  0.0000E+00
  0.0000E+00
  0.0000E+00
  0.0000E+00
  0.0000E+00
  0.0000E+00
  0.0000E+00
  0.0000E+00
  0.0000E+00
  0.0000E+00
  0.0000E+00
  0.0000E+00
  0.0000E+00
  0.0000E+00
  0.0000E+00
  0.0000E+00
  0.0000E+00
  0.0000E+00
  0.0000E+00
  0.0000E+00
  0.0000E+00
  0.0000E+00
  0.0000E+00
  0.0000E+00
  0.0000E+00
  0.0000E+00
  0.0000E+00
  0.0000E+00
  0.0000E+00
  0.0000E+00
  0.0000E+00
  0.0000E+00
  0.0000E+00
  0.0000E+00
  0.0000E+00
  0.0000E+00
  0.0000E+00
  0.0000E+00
  0.0000E+00
  0.0000E+00
  0.0000E+00
  0.0000E+00
  0.0000E+00
  0.0000E+00
  0.0000E+00
  0.0000E+00
  0.0000E+00
  0.0000E+00
  0.0000E+00
  0.0000E+00
  0.0000E+00
  0.0000E+00
  0.0000E+00
  0.0000E+00
  0.0000E+00
  0.0000E+00
  0.0000E+00
  0.0000E+00
  0.0000E+00
  0.0000E+00
  0.0000E+00
  0.0000E+00
  0.0000E+00
  0.0000E+00
  0.0000E+00
  0.0000E+00
  0.0000E+00
  0.0000E+00
  0.0000E+00
  0.0000E+00
  0.0000E+00
  0.0000E+00
  0.0000E+00
  0.0000E+00
  0.0000E+00
  0.0000E+00
  0.0000E+00
  0.0000E+00
  0.0000E+00
  0.0000E+00
  0.0000E+00
  0.0000E+00
  0.0000E+00
  0.0000E+00
  0.0000E+00
  0.0000E+00
  0.0000E+00
  0.0000E+00
  0.0000E+00
  0.0000E+00
  0.0000E+00
  0.0000E+00
  0.0000E+00
  0.0000E+00
  0.0000E+00
  0.0000E+00
  0.0000E+00
  0.0000E+00
  0.0000E+00
  0.0000E+00
  0.0000E+00
  0.0000E+00
  0.0000E+00
  0.0000E+00
  0.0000E+00
  0.0000E+00
  0.0000E+00
  0.0000E+00
  0.0000E+00
  0.0000E+00
  0.0000E+00
  0.0000E+00
  0.0000E+00
  0.0000E+00
  0.0000E+00
  0.0000E+00
  0.0000E+00
  0.0000E+00
  0.0000E+00
  0.0000E+00
  0.0000E+00
  0.0000E+00
  0.0000E+00
  0.0000E+00
  0.0000E+00
  0.0000E+00
  0.0000E+00
  0.0000E+00
  0.0000E+00
  0.0000E+00
  0.0000E+00
  0.0000E+00
  0.0000E+00
  0.0000E+00
  0.0000E+00
  0.0000E+00
  0.0000E+00
  0.0000E+00
  0.0000E+00
  0.0000E+00
  0.0000E+00
  0.0000E+00
  0.0000E+00
  0.0000E+00
  0.0000E+00
  0.0000E+00
  0.0000E+00
  0.0000E+00
  0.0000E+00
  0.0000E+00
  0.0000E+00
  0.0000E+00
  0.0000E+00
  0.0000E+00
  0.0000E+00
  0.0000E+00
  0.0000E+00
  0.0000E+00
  0.0000E+00
  0.0000E+00
  0.0000E+00
  0.0000E+00
  0.0000E+00
  0.0000E+00
  0.0000E+00
  0.0000E+00
  0.0000E+00
  0.0000E+00
  0.0000E+00
  0.0000E+00
  0.0000E+00
  0.0000E+00
  0.0000E+00
  0.0000E+00
  0.0000E+00
  0.0000E+00
  0.0000E+00
  0.0000E+00
  0.0000E+00
  0.0000E+00
  0.0000E+00
  0.0000E+00
  0.0000E+00
  0.0000E+00
  0.0000E+00
  0.0000E+00
  0.0000E+00
  0.0000E+00
  0.0000E+00
  0.0000E+00
  0.0000E+00
  0.0000E+00
  0.0000E+00
  0.0000E+00
  0.0000E+00
  0.0000E+00
  0.0000E+00
  0.0000E+00
  0.0000E+00
  0.0000E+00
  0.0000E+00
  0.0000E+00
  0.0000E+00
  0.0000E+00
  0.0000E+00
  0.0000E+00
  0.0000E+00
  0.0000E+00
  0.0000E+00
  0.0000E+00
  0.0000E+00
  0.0000E+00
  0.0000E+00
  0.0000E+00
  0.0000E+00
  0.0000E+00
  0.0000E+00
  0.0000E+00
  0.0000E+00
  0.0000E+00
  0.0000E+00
  0.0000E+00
  0.0000E+00
  0.0000E+00
  0.0000E+00
  0.0000E+00
  0.0000E+00
  0.0000E+00
  0.0000E+00
  0.0000E+00
  0.0000E+00
  0.0000E+00
  0.0000E+00
  0.0000E+00
  0.0000E+00
  0.0000E+00
  0.0000E+00
  0.0000E+00
  0.0000E+00
  0.0000E+00
  0.0000E+00
  0.0000E+00
  0.0000E+00
  0.0000E+00
  0.0000E+00
  0.0000E+00
  0.0000E+00
  0.0000E+00
  0.0000E+00
  0.0000E+00
  0.0000E+00
  0.0000E+00
  0.0000E+00
  0.0000E+00
  0.0000E+00
  0.0000E+00
  0.0000E+00
  0.0000E+00
  0.0000E+00
  0.0000E+00
  0.0000E+00
  0.0000E+00
  0.0000E+00
  0.0000E+00
  0.0000E+00
  0.0000E+00
  0.0000E+00
  0.0000E+00
  0.0000E+00
  0.0000E+00
  0.0000E+00
  0.0000E+00
  0.0000E+00
  0.0000E+00
  0.0000E+00
  0.0000E+00
  0.0000E+00
  0.0000E+00
  0.0000E+00
  0.0000E+00
  0.0000E+00
  0.0000E+00
  0.0000E+00
  0.0000E+00
  0.0000E+00
  0.0000E+00
  0.0000E+00
  0.0000E+00
  0.0000E+00
  0.0000E+00
  0.0000E+00
  0.0000E+00
  0.0000E+00
  0.0000E+00
  0.0000E+00
  0.0000E+00
  0.0000E+00
  0.0000E+00
  0.0000E+00
  0.0000E+00
  0.0000E+00
  0.0000E+00
  0.0000E+00
  0.0000E+00
  0.0000E+00
  0.0000E+00
  0.0000E+00
  0.0000E+00
  0.0000E+00
  0.0000E+00
  0.0000E+00
  0.0000E+00
  0.0000E+00
  0.0000E+00
  0.0000E+00
  0.0000E+00
  0.0000E+00
  0.0000E+00
  0.0000E+00
  0.0000E+00
  0.0000E+00
  0.0000E+00
  0.0000E+00
  0.0000E+00
  0.0000E+00
  0.0000E+00
  0.0000E+00
  0.0000E+00
  0.0000E+00
  0.0000E+00
  0.0000E+00
  0.0000E+00
  0.0000E+00
  0.0000E+00
  0.0000E+00
  0.0000E+00
  0.0000E+00
  0.0000E+00
  0.0000E+00
  0.0000E+00
  0.0000E+00
  0.0000E+00
  0.0000E+00
  0.0000E+00
  0.0000E+00
  0.0000E+00
  0.0000E+00
  0.0000E+00
  0.0000E+00
  0.0000E+00
  0.0000E+00
  0.0000E+00
  0.0000E+00
  0.0000E+00
  0.0000E+00
  0.0000E+00
  0.0000E+00
  0.0000E+00
  0.0000E+00
  0.0000E+00
  0.0000E+00
  0.0000E+00
  0.0000E+00
  0.0000E+00
  0.0000E+00
  0.0000E+00
  0.0000E+00
  0.0000E+00
  0.0000E+00
  0.0000E+00
  0.0000E+00
  0.0000E+00
  0.0000E+00
  0.0000E+00
  0.0000E+00
  0.0000E+00
  0.0000E+00
  0.0000E+00
  0.0000E+00
  0.0000E+00
  0.0000E+00
  0.0000E+00
  0.0000E+00
  0.0000E+00
  0.0000E+00
  0.0000E+00
  0.0000E+00
  0.0000E+00
  0.0000E+00
  0.0000E+00
  0.0000E+00
  0.0000E+00
  0.0000E+00
  0.0000E+00
  0.0000E+00
  0.0000E+00
  0.0000E+00
  0.0000E+00
  0.0000E+00
  0.0000E+00
  0.0000E+00
  0.0000E+00
  0.0000E+00
  0.0000E+00
  0.0000E+00
  0.0000E+00
  0.0000E+00
  0.0000E+00
  0.0000E+00
  0.0000E+00
  0.0000E+00
  0.0000E+00
  0.0000E+00
  0.0000E+00
  0.0000E+00
  0.0000E+00
  0.0000E+00
  0.0000E+00
  0.0000E+00
  0.0000E+00
  0.0000E+00
  0.0000E+00
  0.0000E+00
  0.0000E+00
  0.0000E+00
  0.0000E+00
  0.0000E+00
  0.0000E+00
  0.0000E+00
  0.0000E+00
  0.0000E+00
  0.0000E+00
  0.0000E+00
  0.0000E+00
  0.0000E+00
  0.0000E+00
  0.0000E+00
  0.0000E+00
  0.0000E+00
  0.0000E+00
  0.0000E+00
  0.0000E+00
  0.0000E+00
  0.0000E+00
  0.0000E+00
  0.0000E+00
  0.0000E+00
  0.0000E+00
  0.0000E+00
  0.0000E+00
  0.0000E+00
  0.0000E+00
  0.0000E+00
  0.0000E+00
  0.0000E+00
  0.0000E+00
  0.0000E+00
  0.0000E+00
  0.0000E+00
  0.0000E+00
  0.0000E+00
  0.0000E+00
  0.0000E+00
  0.0000E+00
  0.0000E+00
  0.0000E+00
  0.0000E+00
  0.0000E+00
  0.0000E+00
  0.0000E+00
  0.0000E+00
  0.0000E+00
  0.0000E+00
  0.0000E+00
  0.0000E+00
  0.0000E+00
  0.0000E+00
  0.0000E+00
  0.0000E+00
  0.0000E+00
  0.0000E+00
  0.0000E+00
  0.0000E+00
  0.0000E+00
  0.0000E+00
  0.0000E+00
  0.0000E+00
  0.0000E+00
  0.0000E+00
  0.0000E+00
  0.0000E+00
  0.0000E+00
  0.0000E+00
  0.0000E+00
  0.0000E+00
  0.0000E+00
  0.0000E+00
  0.0000E+00
  0.0000E+00
  0.0000E+00
  0.0000E+00
  0.0000E+00
  0.0000E+00
  0.0000E+00
  0.0000E+00
  0.0000E+00
  0.0000E+00
  0.0000E+00
  0.0000E+00
  0.0000E+00
  0.0000E+00
  0.0000E+00
  0.0000E+00
  0.0000E+00
  0.0000E+00
  0.0000E+00
  0.0000E+00
  0.0000E+00
  0.0000E+00
  0.0000E+00
  0.0000E+00
  0.0000E+00
  0.0000E+00
  0.0000E+00
  0.0000E+00
  0.0000E+00
  0.0000E+00
  0.0000E+00
  0.0000E+00
  0.0000E+00
  0.0000E+00
  0.0000E+00
  0.0000E+00
  0.0000E+00
  0.0000E+00
  0.0000E+00
  0.0000E+00
  0.0000E+00
  0.0000E+00
  0.0000E+00
  0.0000E+00
  0.0000E+00
  0.0000E+00
  0.0000E+00
  0.0000E+00
  0.0000E+00
  0.0000E+00
  0.0000E+00
  0.0000E+00
  0.0000E+00
  0.0000E+00
  0.0000E+00
  0.0000E+00
  0.0000E+00
  0.0000E+00
  0.0000E+00
  0.0000E+00
  0.0000E+00
  0.0000E+00
  0.0000E+00
  0.0000E+00
  0.0000E+00
  0.0000E+00
  0.0000E+00
  0.0000E+00
  0.0000E+00
  0.0000E+00
  0.0000E+00
  0.0000E+00
  0.0000E+00
  0.0000E+00
  0.0000E+00
  0.0000E+00
  0.0000E+00
  0.0000E+00
  0.0000E+00
  0.0000E+00
  0.0000E+00
  0.0000E+00
  0.0000E+00
  0.0000E+00
  0.0000E+00
  0.0000E+00
  0.0000E+00
  0.0000E+00
  0.0000E+00
  0.0000E+00
  0.0000E+00
  0.0000E+00
  0.0000E+00
  0.0000E+00
  0.0000E+00
  0.0000E+00
  0.0000E+00
  0.0000E+00
  0.0000E+00
  0.0000E+00
  0.0000E+00
  0.0000E+00
  0.0000E+00
  0.0000E+00
  0.0000E+00
  0.0000E+00
  0.0000E+00
  0.0000E+00
  0.0000E+00
  0.0000E+00
  0.0000E+00
  0.0000E+00
  0.0000E+00
  0.0000E+00
  0.0000E+00
  0.0000E+00
  0.0000E+00
  0.0000E+00
  0.0000E+00
  0.0000E+00
  0.0000E+00
  0.0000E+00
  0.0000E+00
  0.0000E+00
  0.0000E+00
  0.0000E+00
  0.0000E+00
  0.0000E+00
  0.0000E+00
  0.0000E+00
  0.0000E+00
  0.0000E+00
  0.0000E+00
  0.0000E+00
  0.0000E+00
  0.0000E+00
  0.0000E+00
  0.0000E+00
  0.0000E+00
  0.0000E+00
  0.0000E+00
  0.0000E+00
  0.0000E+00
  0.0000E+00
  0.0000E+00
  0.0000E+00
  0.0000E+00
  0.0000E+00
  0.0000E+00
  0.0000E+00
  0.0000E+00
  0.0000E+00
  0.0000E+00
  0.0000E+00
  0.0000E+00
  0.0000E+00
  0.0000E+00
  0.0000E+00
  0.0000E+00
  0.0000E+00
  0.0000E+00
  0.0000E+00
  0.0000E+00
  0.0000E+00
  0.0000E+00
  0.0000E+00
  0.0000E+00
  0.0000E+00
  0.0000E+00
  0.0000E+00
  0.0000E+00
  0.0000E+00
  0.0000E+00
  0.0000E+00
  0.0000E+00
  0.0000E+00
  0.0000E+00
  0.0000E+00
  0.0000E+00
  0.0000E+00
  0.0000E+00
  0.0000E+00
  0.0000E+00
  0.0000E+00
  0.0000E+00
  0.0000E+00
  0.0000E+00
  0.0000E+00
  0.0000E+00
  0.0000E+00
  0.0000E+00
  0.0000E+00
  0.0000E+00
  0.0000E+00
  0.0000E+00
  0.0000E+00
  0.0000E+00
  0.0000E+00
  0.0000E+00
  0.0000E+00
  0.0000E+00
  0.0000E+00
  0.0000E+00
  0.0000E+00
  0.0000E+00
  0.0000E+00
  0.0000E+00
  0.0000E+00
  0.0000E+00
  0.0000E+00
  0.0000E+00
  0.0000E+00
  0.0000E+00
  0.0000E+00
  0.0000E+00
  0.0000E+00
  0.0000E+00
  0.0000E+00
  0.0000E+00
  0.0000E+00
  0.0000E+00
  0.0000E+00
  0.0000E+00
  0.0000E+00
  0.0000E+00
  0.0000E+00
  0.0000E+00
  0.0000E+00
  0.0000E+00
  0.0000E+00
  0.0000E+00
  0.0000E+00
  0.0000E+00
  0.0000E+00
  0.0000E+00
  0.0000E+00
  0.0000E+00
  0.0000E+00
  0.0000E+00
  0.0000E+00
  0.0000E+00
  0.0000E+00
  0.0000E+00
  0.0000E+00
  0.0000E+00
  0.0000E+00
  0.0000E+00
  0.0000E+00
  0.0000E+00
  0.0000E+00
  0.0000E+00
  0.0000E+00
  0.0000E+00
  0.0000E+00
  0.0000E+00
  0.0000E+00
  0.0000E+00
  0.0000E+00
  0.0000E+00
  0.0000E+00
  0.0000E+00
  0.0000E+00
  0.0000E+00
  0.0000E+00
  0.0000E+00
  0.0000E+00
  0.0000E+00
  0.0000E+00
  0.0000E+00
  0.0000E+00
  0.0000E+00
  0.0000E+00
  0.0000E+00
  0.0000E+00
  0.0000E+00
  0.0000E+00
  0.0000E+00
  0.0000E+00
  0.0000E+00
  0.0000E+00
  0.0000E+00
  0.0000E+00
  0.0000E+00
  0.0000E+00
  0.0000E+00
  0.0000E+00
  0.0000E+00
  0.0000E+00
  0.0000E+00
  0.0000E+00
  0.0000E+00
  0.0000E+00
  0.0000E+00
  0.0000E+00
  0.0000E+00
  0.0000E+00
  0.0000E+00
  0.0000E+00
  0.0000E+00
  0.0000E+00
  0.0000E+00
  0.0000E+00
  0.0000E+00
  0.0000E+00
  0.0000E+00
  0.0000E+00
  0.0000E+00
  0.0000E+00
  0.0000E+00
  0.0000E+00
  0.0000E+00
  0.0000E+00
  0.0000E+00
  0.0000E+00
  0.0000E+00
  0.0000E+00
  0.0000E+00
  0.0000E+00
  0.0000E+00
  0.0000E+00
  0.0000E+00
  0.0000E+00
  0.0000E+00
  0.0000E+00
  0.0000E+00
  0.0000E+00
  0.0000E+00
  0.0000E+00
  0.0000E+00
  0.0000E+00
  0.0000E+00
  0.0000E+00
  0.0000E+00
  0.0000E+00
  0.0000E+00
  0.0000E+00
  0.0000E+00
  0.0000E+00
  0.0000E+00
  0.0000E+00
  0.0000E+00
  0.0000E+00
  0.0000E+00
  0.0000E+00
  0.0000E+00
  0.0000E+00
  0.0000E+00
  0.0000E+00
  0.0000E+00
  0.0000E+00
  0.0000E+00
  0.0000E+00
  0.0000E+00
  0.0000E+00
  0.0000E+00
  0.0000E+00
  0.0000E+00
  0.0000E+00
  0.0000E+00
  0.0000E+00
  0.0000E+00
  0.0000E+00
  0.0000E+00
  0.0000E+00
  0.0000E+00
  0.0000E+00
  0.0000E+00
  0.0000E+00
  0.0000E+00
  0.0000E+00
  0.0000E+00
  0.0000E+00
  0.0000E+00
  0.0000E+00
  0.0000E+00
  0.0000E+00
  0.0000E+00
  0.0000E+00
  0.0000E+00
  0.0000E+00
  0.0000E+00
  0.0000E+00
  0.0000E+00
  0.0000E+00
  0.0000E+00
  0.0000E+00
  0.0000E+00
  0.0000E+00
  0.0000E+00
  0.0000E+00
  0.0000E+00
  0.0000E+00
  0.0000E+00
  0.0000E+00
  0.0000E+00
  0.0000E+00
  0.0000E+00
  0.0000E+00
  0.0000E+00
  0.0000E+00
  0.0000E+00
  0.0000E+00
  0.0000E+00
  0.0000E+00
  0.0000E+00
  0.0000E+00
  0.0000E+00
  0.0000E+00
  0.0000E+00
  0.0000E+00
  0.0000E+00
  0.0000E+00
  0.0000E+00
  0.0000E+00
  0.0000E+00
  0.0000E+00
  0.0000E+00
  0.0000E+00
  0.0000E+00
  0.0000E+00
  0.0000E+00
  0.0000E+00
  0.0000E+00
  0.0000E+00
  0.0000E+00
  0.0000E+00
  0.0000E+00
  0.0000E+00
  0.0000E+00
  0.0000E+00
  0.0000E+00
  0.0000E+00
  0.0000E+00
  0.0000E+00
  0.0000E+00
  0.0000E+00
  0.0000E+00
  0.0000E+00
  0.0000E+00
  0.0000E+00
  0.0000E+00
  0.0000E+00
  0.0000E+00
  0.0000E+00
  0.0000E+00
  0.0000E+00
  0.0000E+00
  0.0000E+00
  0.0000E+00
  0.0000E+00
  0.0000E+00
  0.0000E+00
  0.0000E+00
  0.0000E+00
  0.0000E+00
  0.0000E+00
  0.0000E+00
  0.0000E+00
  0.0000E+00
  0.0000E+00
  0.0000E+00
  0.0000E+00
  0.0000E+00
  0.0000E+00
  0.0000E+00
  0.0000E+00
  0.0000E+00
  0.0000E+00
  0.0000E+00
  0.0000E+00
  0.0000E+00
  0.0000E+00
  0.0000E+00
  0.0000E+00
  0.0000E+00
  0.0000E+00
  0.0000E+00
  0.0000E+00
  0.0000E+00
  0.0000E+00
  0.0000E+00
  0.0000E+00
  0.0000E+00
  0.0000E+00
  0.0000E+00
  0.0000E+00
  0.0000E+00
  0.0000E+00
  0.0000E+00
  0.0000E+00
  0.0000E+00
  0.0000E+00
  0.0000E+00
  0.0000E+00
  0.0000E+00
  0.0000E+00
  0.0000E+00
  0.0000E+00
  0.0000E+00
  0.0000E+00
  0.0000E+00
  0.0000E+00
  0.0000E+00
  0.0000E+00
  0.0000E+00
  0.0000E+00
  0.0000E+00
  0.0000E+00
  0.0000E+00
  0.0000E+00
  0.0000E+00
  0.0000E+00
  0.0000E+00
  0.0000E+00
  0.0000E+00
  0.0000E+00
  0.0000E+00
  0.0000E+00
  0.0000E+00
  0.0000E+00
  0.0000E+00
  0.0000E+00
  0.0000E+00
  0.0000E+00
  0.0000E+00
  0.0000E+00
  0.0000E+00
  0.0000E+00
  0.0000E+00
  0.0000E+00
  0.0000E+00
  0.0000E+00
  0.0000E+00
  0.0000E+00
  0.0000E+00
  0.0000E+00
  0.0000E+00
  0.0000E+00
  0.0000E+00
  0.0000E+00
  0.0000E+00
  0.0000E+00
  0.0000E+00
  0.0000E+00
  0.0000E+00
  0.0000E+00
  0.0000E+00
  0.0000E+00
  0.0000E+00
  0.0000E+00
  0.0000E+00
  0.0000E+00
  0.0000E+00
  0.0000E+00
  0.0000E+00
  0.0000E+00
  0.0000E+00
  0.0000E+00
  0.0000E+00
  0.0000E+00
  0.0000E+00
  0.0000E+00
  0.0000E+00
  0.0000E+00
  0.0000E+00
  0.0000E+00
  0.0000E+00
  0.0000E+00
  0.0000E+00
  0.0000E+00
  0.0000E+00
  0.0000E+00
  0.0000E+00
  0.0000E+00
  0.0000E+00
  0.0000E+00
  0.0000E+00
  0.0000E+00
  0.0000E+00
  0.0000E+00
  0.0000E+00
  0.0000E+00
  0.0000E+00
  0.0000E+00
  0.0000E+00
  0.0000E+00
  0.0000E+00
  0.0000E+00
  0.0000E+00
  0.0000E+00
  0.0000E+00
  0.0000E+00
  0.0000E+00
  0.0000E+00
  0.0000E+00
  0.0000E+00
  0.0000E+00
  0.0000E+00
  0.0000E+00
  0.0000E+00
  0.0000E+00
  0.0000E+00
  0.0000E+00
  0.0000E+00
  0.0000E+00
  0.0000E+00
  0.0000E+00
  0.0000E+00
  0.0000E+00
  0.0000E+00
  0.0000E+00
  0.0000E+00
  0.0000E+00
  0.0000E+00
  0.0000E+00
  0.0000E+00
  0.0000E+00
  0.0000E+00
  0.0000E+00
  0.0000E+00
  0.0000E+00
  0.0000E+00
  0.0000E+00
  0.0000E+00
  0.0000E+00
  0.0000E+00
  0.0000E+00
  0.0000E+00
  0.0000E+00
  0.0000E+00
  0.0000E+00
  0.0000E+00
  0.0000E+00
  0.0000E+00
  0.0000E+00
  0.0000E+00
  0.0000E+00
  0.0000E+00
  0.0000E+00
  0.0000E+00
  0.0000E+00
  0.0000E+00
  0.0000E+00
  0.0000E+00
  0.0000E+00
  0.0000E+00
  0.0000E+00
  0.0000E+00
  0.0000E+00
  0.0000E+00
  0.0000E+00
  0.0000E+00
  0.0000E+00
  0.0000E+00
  0.0000E+00
  0.0000E+00
  0.0000E+00
  0.0000E+00
  0.0000E+00
  0.0000E+00
  0.0000E+00
  0.0000E+00
  0.0000E+00
  0.0000E+00
  0.0000E+00
  0.0000E+00
  0.0000E+00
  0.0000E+00
  0.0000E+00
  0.0000E+00
  0.0000E+00
  0.0000E+00
  0.0000E+00
  0.0000E+00
  0.0000E+00
  0.0000E+00
  0.0000E+00
  0.0000E+00
  0.0000E+00
  0.0000E+00
  0.0000E+00
  0.0000E+00
  0.0000E+00
  0.0000E+00
  0.0000E+00
  0.0000E+00
  0.0000E+00
  0.0000E+00
  0.0000E+00
  0.0000E+00
  0.0000E+00
  0.0000E+00
  0.0000E+00
  0.0000E+00
  0.0000E+00
  0.0000E+00
  0.0000E+00
  0.0000E+00
  0.0000E+00
  0.0000E+00
  0.0000E+00
  0.0000E+00
  0.0000E+00
  0.0000E+00
  0.0000E+00
  0.0000E+00
  0.0000E+00
  0.0000E+00
  0.0000E+00
  0.0000E+00
  0.0000E+00
  0.0000E+00
  0.0000E+00
  0.0000E+00
  0.0000E+00
  0.0000E+00
  0.0000E+00
  0.0000E+00
  0.0000E+00
  0.0000E+00
  0.0000E+00
  0.0000E+00
  0.0000E+00
  0.0000E+00
  0.0000E+00
  0.0000E+00
  0.0000E+00
  0.0000E+00
  0.0000E+00
  0.0000E+00
  0.0000E+00
  0.0000E+00
  0.0000E+00
  0.0000E+00
  0.0000E+00
  0.0000E+00
  0.0000E+00
  0.0000E+00
  0.0000E+00
  0.0000E+00
  0.0000E+00
  0.0000E+00
  0.0000E+00
  0.0000E+00
  0.0000E+00
  0.0000E+00
  0.0000E+00
  0.0000E+00
  0.0000E+00
  0.0000E+00
  0.0000E+00
  0.0000E+00
  0.0000E+00
  0.0000E+00
  0.0000E+00
  0.0000E+00
  0.0000E+00
  0.0000E+00
  0.0000E+00
  0.0000E+00
  0.0000E+00
  0.0000E+00
  0.0000E+00
  0.0000E+00
  0.0000E+00
  0.0000E+00
  0.0000E+00
  0.0000E+00
  0.0000E+00
  0.0000E+00
  0.0000E+00
  0.0000E+00
  0.0000E+00
  0.0000E+00
  0.0000E+00
  0.0000E+00
  0.0000E+00
  0.0000E+00
  0.0000E+00
  0.0000E+00
  0.0000E+00
  0.0000E+00
  0.0000E+00
  0.0000E+00
  0.0000E+00
  0.0000E+00
  0.0000E+00
  0.0000E+00
  0.0000E+00
  0.0000E+00
  0.0000E+00
  0.0000E+00
  0.0000E+00
  0.0000E+00
  0.0000E+00
  0.0000E+00
  0.0000E+00
  0.0000E+00
  0.0000E+00
  0.0000E+00
  0.0000E+00
  0.0000E+00
  0.0000E+00
  0.0000E+00
  0.0000E+00
  0.0000E+00
  0.0000E+00
  0.0000E+00
  0.0000E+00
  0.0000E+00
  0.0000E+00
  0.0000E+00
  0.0000E+00
  0.0000E+00
  0.0000E+00
  0.0000E+00
  0.0000E+00
  0.0000E+00
  0.0000E+00
  0.0000E+00
  0.0000E+00
  0.0000E+00
  0.0000E+00
  0.0000E+00
  0.0000E+00
  0.0000E+00
  0.0000E+00
  0.0000E+00
  0.0000E+00
  0.0000E+00
  0.0000E+00
  0.0000E+00
  0.0000E+00
  0.0000E+00
  0.0000E+00
  0.0000E+00
  0.0000E+00
  0.0000E+00
  0.0000E+00
  0.0000E+00
  0.0000E+00
  0.0000E+00
  0.0000E+00
  0.0000E+00
  0.0000E+00
  0.0000E+00
  0.0000E+00
  0.0000E+00
  0.0000E+00
  0.0000E+00
  0.0000E+00
  0.0000E+00
  0.0000E+00
  0.0000E+00
  0.0000E+00
  0.0000E+00
  0.0000E+00
  0.0000E+00
  0.0000E+00
  0.0000E+00
  0.0000E+00
  0.0000E+00
  0.0000E+00
  0.0000E+00
  0.0000E+00
  0.0000E+00
  0.0000E+00
  0.0000E+00
  0.0000E+00
  0.0000E+00
  0.0000E+00
  0.0000E+00
  0.0000E+00
  0.0000E+00
  0.0000E+00
  0.0000E+00
  0.0000E+00
  0.0000E+00
  0.0000E+00
  0.0000E+00
  0.0000E+00
  0.0000E+00
  0.0000E+00
  0.0000E+00
  0.0000E+00
  0.0000E+00
  0.0000E+00
  0.0000E+00
  0.0000E+00
  0.0000E+00
  0.0000E+00
  0.0000E+00
  0.0000E+00
  0.0000E+00
  0.0000E+00
  0.0000E+00
  0.0000E+00
  0.0000E+00
  0.0000E+00
  0.0000E+00
  0.0000E+00
  0.0000E+00
  0.0000E+00
  0.0000E+00
  0.0000E+00
  0.0000E+00
  0.0000E+00
  0.0000E+00
  0.0000E+00
  0.0000E+00
  0.0000E+00
  0.0000E+00
  0.0000E+00
  0.0000E+00
  0.0000E+00
  0.0000E+00
  0.0000E+00
  0.0000E+00
  0.0000E+00
  0.0000E+00
  0.0000E+00
  0.0000E+00
  0.0000E+00
  0.0000E+00
  0.0000E+00
  0.0000E+00
  0.0000E+00
  0.0000E+00
  0.0000E+00
  0.0000E+00
  0.0000E+00
  0.0000E+00
  0.0000E+00
  0.0000E+00
  0.0000E+00
  0.0000E+00
  0.0000E+00
  0.0000E+00
  0.0000E+00
  0.0000E+00
  0.0000E+00
  0.0000E+00
  0.0000E+00
  0.0000E+00
  0.0000E+00
  0.0000E+00
  0.0000E+00
  0.0000E+00
  0.0000E+00
  0.0000E+00
  0.0000E+00
  0.0000E+00
  0.0000E+00
  0.0000E+00
  0.0000E+00
  0.0000E+00
  0.0000E+00
  0.0000E+00
  0.0000E+00
  0.0000E+00
  0.0000E+00
  0.0000E+00
  0.0000E+00
  0.0000E+00
  0.0000E+00
  0.0000E+00
  0.0000E+00
  0.0000E+00
  0.0000E+00
  0.0000E+00
  0.0000E+00
  0.0000E+00
  0.0000E+00
  0.0000E+00
  0.0000E+00
  0.0000E+00
  0.0000E+00
  0.0000E+00
  0.0000E+00
  0.0000E+00
  0.0000E+00
  0.0000E+00
  0.0000E+00
  0.0000E+00
  0.0000E+00
  0.0000E+00
  0.0000E+00
  0.0000E+00
  0.0000E+00
  0.0000E+00
  0.0000E+00
  0.0000E+00
  0.0000E+00
  0.0000E+00
  0.0000E+00
  0.0000E+00
  0.0000E+00
  0.0000E+00
  0.0000E+00
  0.0000E+00
  0.0000E+00
  0.0000E+00
  0.0000E+00
  0.0000E+00
  0.0000E+00
  0.0000E+00
  0.0000E+00
  0.0000E+00
  0.0000E+00
  0.0000E+00
  0.0000E+00
  0.0000E+00
  0.0000E+00
  0.0000E+00
  0.0000E+00
  0.0000E+00
  0.0000E+00
  0.0000E+00
  0.0000E+00
  0.0000E+00
  0.0000E+00
  0.0000E+00
  0.0000E+00
  0.0000E+00
  0.0000E+00
  0.0000E+00
  0.0000E+00
  0.0000E+00
  0.0000E+00
  0.0000E+00
  0.0000E+00
  0.0000E+00
  0.0000E+00
  0.0000E+00
  0.0000E+00
  0.0000E+00
  0.0000E+00
  0.0000E+00
  0.0000E+00
  0.0000E+00
  0.0000E+00
  0.0000E+00
  0.0000E+00
  0.0000E+00
  0.0000E+00
  0.0000E+00
  0.0000E+00
  0.0000E+00
  0.0000E+00
  0.0000E+00
  0.0000E+00
  0.0000E+00
  0.0000E+00
  0.0000E+00
  0.0000E+00
  0.0000E+00
  0.0000E+00
  0.0000E+00
  0.0000E+00
  0.0000E+00
  0.0000E+00
  0.0000E+00
  0.0000E+00
  0.0000E+00
  0.0000E+00
  0.0000E+00
  0.0000E+00
  0.0000E+00
  0.0000E+00
  0.0000E+00
  0.0000E+00
  0.0000E+00
  0.0000E+00
  0.0000E+00
  0.0000E+00
  0.0000E+00
  0.0000E+00
  0.0000E+00
  0.0000E+00
  0.0000E+00
  0.0000E+00
  0.0000E+00
  0.0000E+00
  0.0000E+00
  0.0000E+00
  0.0000E+00
  0.0000E+00
  0.0000E+00
  0.0000E+00
  0.0000E+00
  0.0000E+00
  0.0000E+00
  0.0000E+00
  0.0000E+00
  0.0000E+00
  0.0000E+00
  0.0000E+00
  0.0000E+00
  0.0000E+00
  0.0000E+00
  0.0000E+00
  0.0000E+00
  0.0000E+00
  0.0000E+00
  0.0000E+00
  0.0000E+00
  0.0000E+00
  0.0000E+00
  0.0000E+00
  0.0000E+00
  0.0000E+00
  0.0000E+00
  0.0000E+00
  0.0000E+00
  0.0000E+00
  0.0000E+00
  0.0000E+00
  0.0000E+00
  0.0000E+00
  0.0000E+00
  0.0000E+00
  0.0000E+00
  0.0000E+00
  0.0000E+00
  0.0000E+00
  0.0000E+00
  0.0000E+00
  0.0000E+00
  0.0000E+00
  0.0000E+00
  0.0000E+00
  0.0000E+00
  0.0000E+00
  0.0000E+00
  0.0000E+00
  0.0000E+00
  0.0000E+00
  0.0000E+00
  0.0000E+00
  0.0000E+00
  0.0000E+00
  0.0000E+00
  0.0000E+00
  0.0000E+00
  0.0000E+00
  0.0000E+00
  0.0000E+00
  0.0000E+00
  0.0000E+00
  0.0000E+00
  0.0000E+00
  0.0000E+00
  0.0000E+00
  0.0000E+00
  0.0000E+00
  0.0000E+00
  0.0000E+00
  0.0000E+00
  0.0000E+00
  0.0000E+00
  0.0000E+00
  0.0000E+00
  0.0000E+00
  0.0000E+00
  0.0000E+00
  0.0000E+00
  0.0000E+00
  0.0000E+00
  0.0000E+00
  0.0000E+00
  0.0000E+00
  0.0000E+00
  0.0000E+00
  0.0000E+00
  0.0000E+00
  0.0000E+00
  0.0000E+00
  0.0000E+00
  0.0000E+00
  0.0000E+00
  0.0000E+00
  0.0000E+00
  0.0000E+00
  0.0000E+00
  0.0000E+00
  0.0000E+00
  0.0000E+00
  0.0000E+00
  0.0000E+00
  0.0000E+00
  0.0000E+00
  0.0000E+00
  0.0000E+00
  0.0000E+00
  0.0000E+00
  0.0000E+00
  0.0000E+00
  0.0000E+00
  0.0000E+00
  0.0000E+00
  0.0000E+00
  0.0000E+00
  0.0000E+00
  0.0000E+00
  0.0000E+00
  0.0000E+00
  0.0000E+00
  0.0000E+00
  0.0000E+00
  0.0000E+00
  0.0000E+00
  0.0000E+00
  0.0000E+00
  0.0000E+00
  0.0000E+00
  0.0000E+00
  0.0000E+00
  0.0000E+00
  0.0000E+00
  0.0000E+00
  0.0000E+00
  0.0000E+00
  0.0000E+00
  0.0000E+00
  0.0000E+00
  0.0000E+00
  0.0000E+00
  0.0000E+00
  0.0000E+00
  0.0000E+00
  0.0000E+00
  0.0000E+00
  0.0000E+00
  0.0000E+00
  0.0000E+00
  0.0000E+00
  0.0000E+00
  0.0000E+00
  0.0000E+00
  0.0000E+00
  0.0000E+00
  0.0000E+00
  0.0000E+00
  0.0000E+00
  0.0000E+00
  0.0000E+00
  0.0000E+00
  0.0000E+00
  0.0000E+00
  0.0000E+00
  0.0000E+00
  0.0000E+00
  0.0000E+00
  0.0000E+00
  0.0000E+00
  0.0000E+00
  0.0000E+00
  0.0000E+00
  0.0000E+00
  0.0000E+00
  0.0000E+00
  0.0000E+00
  0.0000E+00
  0.0000E+00
  0.0000E+00
  0.0000E+00
  0.0000E+00
  0.0000E+00
  0.0000E+00
  0.0000E+00
  0.0000E+00
  0.0000E+00
  0.0000E+00
  0.0000E+00
  0.0000E+00
  0.0000E+00
  0.0000E+00
  0.0000E+00
  0.0000E+00
  0.0000E+00
  0.0000E+00
  0.0000E+00
  0.0000E+00
  0.0000E+00
  0.0000E+00
  0.0000E+00
  0.0000E+00
  0.0000E+00
  0.0000E+00
  0.0000E+00
  0.0000E+00
  0.0000E+00
  0.0000E+00
  0.0000E+00
  0.0000E+00
  0.0000E+00
  0.0000E+00
  0.0000E+00
  0.0000E+00
  0.0000E+00
  0.0000E+00
  0.0000E+00
  0.0000E+00
  0.0000E+00
  0.0000E+00
  0.0000E+00
  0.0000E+00
  0.0000E+00
  0.0000E+00
  0.0000E+00
  0.0000E+00
  0.0000E+00
  0.0000E+00
  0.0000E+00
  0.0000E+00
  0.0000E+00
  0.0000E+00
  0.0000E+00
  0.0000E+00
  0.0000E+00
  0.0000E+00
  0.0000E+00
  0.0000E+00
  0.0000E+00
  0.0000E+00
  0.0000E+00
  0.0000E+00
  0.0000E+00
  0.0000E+00
  0.0000E+00
  0.0000E+00
  0.0000E+00
  0.0000E+00
  0.0000E+00
  0.0000E+00
  0.0000E+00
  0.0000E+00
  0.0000E+00
  0.0000E+00
  0.0000E+00
  0.0000E+00
  0.0000E+00
  0.0000E+00
  0.0000E+00
  0.0000E+00
  0.0000E+00
  0.0000E+00
  0.0000E+00
  0.0000E+00
  0.0000E+00
  0.0000E+00
  0.0000E+00
  0.0000E+00
  0.0000E+00
  0.0000E+00
  0.0000E+00
  0.0000E+00
  0.0000E+00
  0.0000E+00
  0.0000E+00
  0.0000E+00
  0.0000E+00
  0.0000E+00
  0.0000E+00
  0.0000E+00
  0.0000E+00
  0.0000E+00
  0.0000E+00
  0.0000E+00
  0.0000E+00
  0.0000E+00
  0.0000E+00
  0.0000E+00
  0.0000E+00
  0.0000E+00
  0.0000E+00
  0.0000E+00
  0.0000E+00
  0.0000E+00
  0.0000E+00
  0.0000E+00
  0.0000E+00
  0.0000E+00
  0.0000E+00
  0.0000E+00
  0.0000E+00
  0.0000E+00
  0.0000E+00
  0.0000E+00
  0.0000E+00
  0.0000E+00
  0.0000E+00
  0.0000E+00
  0.0000E+00
  0.0000E+00
  0.0000E+00
  0.0000E+00
  0.0000E+00
  0.0000E+00
  0.0000E+00
  0.0000E+00
  0.0000E+00
  0.0000E+00
  0.0000E+00
  0.0000E+00
  0.0000E+00
  0.0000E+00
  0.0000E+00
  0.0000E+00
  0.0000E+00
  0.0000E+00
  0.0000E+00
  0.0000E+00
  0.0000E+00
  0.0000E+00
  0.0000E+00
  0.0000E+00
  0.0000E+00
  0.0000E+00
  0.0000E+00
  0.0000E+00
  0.0000E+00
  0.0000E+00
  0.0000E+00
  0.0000E+00
  0.0000E+00
  0.0000E+00
  0.0000E+00
  0.0000E+00
  0.0000E+00
  0.0000E+00
  0.0000E+00
  0.0000E+00
  0.0000E+00
  0.0000E+00
  0.0000E+00
  0.0000E+00
  0.0000E+00
  0.0000E+00
  0.0000E+00
  0.0000E+00
  0.0000E+00
  0.0000E+00
  0.0000E+00
  0.0000E+00
  0.0000E+00
  0.0000E+00
  0.0000E+00
  0.0000E+00
  0.0000E+00
  0.0000E+00
  0.0000E+00
  0.0000E+00
  0.0000E+00
  0.0000E+00
  0.0000E+00
  0.0000E+00
  0.0000E+00
  0.0000E+00
  0.0000E+00
  0.0000E+00
  0.0000E+00
  0.0000E+00
  0.0000E+00
  0.0000E+00
  0.0000E+00
  0.0000E+00
  0.0000E+00
  0.0000E+00
  0.0000E+00
  0.0000E+00
  0.0000E+00
  0.0000E+00
  0.0000E+00
  0.0000E+00
  0.0000E+00
  0.0000E+00
  0.0000E+00
  0.0000E+00
  0.0000E+00
  0.0000E+00
  0.0000E+00
  0.0000E+00
  0.0000E+00
  0.0000E+00
  0.0000E+00
  0.0000E+00
  0.0000E+00
  0.0000E+00
  0.0000E+00
  0.0000E+00
  0.0000E+00
  0.0000E+00
  0.0000E+00
  0.0000E+00
  0.0000E+00
  0.0000E+00
  0.0000E+00
  0.0000E+00
  0.0000E+00
  0.0000E+00
  0.0000E+00
  0.0000E+00
  0.0000E+00
  0.0000E+00
  0.0000E+00
  0.0000E+00
  0.0000E+00
  0.0000E+00
  0.0000E+00
  0.0000E+00
  0.0000E+00
  0.0000E+00
  0.0000E+00
  0.0000E+00
  0.0000E+00
  0.0000E+00
  0.0000E+00
  0.0000E+00
  0.0000E+00
  0.0000E+00
  0.0000E+00
  0.0000E+00
  0.0000E+00
  0.0000E+00
  0.0000E+00
  0.0000E+00
  0.0000E+00
  0.0000E+00
  0.0000E+00
  0.0000E+00
  0.0000E+00
  0.0000E+00
  0.0000E+00
  0.0000E+00
  0.0000E+00
  0.0000E+00
  0.0000E+00
  0.0000E+00
  0.0000E+00
  0.0000E+00
  0.0000E+00
  0.0000E+00
  0.0000E+00
  0.0000E+00
  0.0000E+00
  0.0000E+00
  0.0000E+00
  0.0000E+00
  0.0000E+00
  0.0000E+00
  0.0000E+00
  0.0000E+00
  0.0000E+00
  0.0000E+00
  0.0000E+00
  0.0000E+00
  0.0000E+00
  0.0000E+00
  0.0000E+00
  0.0000E+00
  0.0000E+00
  0.0000E+00
  0.0000E+00
  0.0000E+00
  0.0000E+00
  0.0000E+00
  0.0000E+00
  0.0000E+00
  0.0000E+00
  0.0000E+00
  0.0000E+00
  0.0000E+00
  0.0000E+00
  0.0000E+00
  0.0000E+00
  0.0000E+00
  0.0000E+00
  0.0000E+00
  0.0000E+00
  0.0000E+00
  0.0000E+00
  0.0000E+00
  0.0000E+00
  0.0000E+00
  0.0000E+00
  0.0000E+00
  0.0000E+00
  0.0000E+00
  0.0000E+00
  0.0000E+00
  0.0000E+00
  0.0000E+00
  0.0000E+00
  0.0000E+00
  0.0000E+00
  0.0000E+00
  0.0000E+00
  0.0000E+00
  0.0000E+00
  0.0000E+00
  0.0000E+00
  0.0000E+00
  0.0000E+00
  0.0000E+00
  0.0000E+00
  0.0000E+00
  0.0000E+00
  0.0000E+00
  0.0000E+00
  0.0000E+00
  0.0000E+00
  0.0000E+00
  0.0000E+00
  0.0000E+00
  0.0000E+00
  0.0000E+00
  0.0000E+00
  0.0000E+00
  0.0000E+00
  0.0000E+00
  0.0000E+00
  0.0000E+00
  0.0000E+00
  0.0000E+00
  0.0000E+00
  0.0000E+00
  0.0000E+00
  0.0000E+00
  0.0000E+00
  0.0000E+00
  0.0000E+00
  0.0000E+00
  0.0000E+00
  0.0000E+00
  0.0000E+00
  0.0000E+00
  0.0000E+00
  0.0000E+00
  0.0000E+00
  0.0000E+00
  0.0000E+00
  0.0000E+00
  0.0000E+00
  0.0000E+00
  0.0000E+00
  0.0000E+00
  0.0000E+00
  0.0000E+00
  0.0000E+00
  0.0000E+00
  0.0000E+00
  0.0000E+00
  0.0000E+00
  0.0000E+00
  0.0000E+00
  0.0000E+00
  0.0000E+00
  0.0000E+00
  0.0000E+00
  0.0000E+00
  0.0000E+00
  0.0000E+00
  0.0000E+00
  0.0000E+00
  0.0000E+00
  0.0000E+00
  0.0000E+00
  0.0000E+00
  0.0000E+00
  0.0000E+00
  0.0000E+00
  0.0000E+00
  0.0000E+00
  0.0000E+00
  0.0000E+00
  0.0000E+00
  0.0000E+00
  0.0000E+00
  0.0000E+00
  0.0000E+00
  0.0000E+00
  0.0000E+00
  0.0000E+00
  0.0000E+00
  0.0000E+00
  0.0000E+00
  0.0000E+00
  0.0000E+00
  0.0000E+00
  0.0000E+00
  0.0000E+00
  0.0000E+00
  0.0000E+00
  0.0000E+00
  0.0000E+00
  0.0000E+00
  0.0000E+00
  0.0000E+00
  0.0000E+00
  0.0000E+00
  0.0000E+00
  0.0000E+00
  0.0000E+00
  0.0000E+00
  0.0000E+00
  0.0000E+00
  0.0000E+00
  0.0000E+00
  0.0000E+00
  0.0000E+00
  0.0000E+00
  0.0000E+00
  0.0000E+00
  0.0000E+00
  0.0000E+00
  0.0000E+00
  0.0000E+00
  0.0000E+00
  0.0000E+00
  0.0000E+00
  0.0000E+00
  0.0000E+00
  0.0000E+00
  0.0000E+00
  0.0000E+00
  0.0000E+00
  0.0000E+00
  0.0000E+00
  0.0000E+00
  0.0000E+00
  0.0000E+00
  0.0000E+00
  0.0000E+00
  0.0000E+00
  0.0000E+00
  0.0000E+00
  0.0000E+00
  0.0000E+00
  0.0000E+00
  0.0000E+00
  0.0000E+00
  0.0000E+00
  0.0000E+00
  0.0000E+00
  0.0000E+00
  0.0000E+00
  0.0000E+00
  0.0000E+00
  0.0000E+00
  0.0000E+00
  0.0000E+00
  0.0000E+00
  0.0000E+00
  0.0000E+00
  0.0000E+00
  0.0000E+00
  0.0000E+00
  0.0000E+00
  0.0000E+00
 CELL_DATA       4000
SCALARS strahler float 1
LOOKUP_TABLE default
  1
  1
  1
  1
  2
  1
  2
  1
  1
  2
  1
  1
  1
  1
  1
  1
  2
  1
  1
  1
  1
  1
  1
  1
  1
  2
  1
  1
  1
  1
  1
  1
  1
  1
  1
  1
  1
  1
  1
  1
  1
  1
  1
  1
  1
  1
  1
  1
  1
  1
  1
  2
  1
  1
  1
  2
  1
  1
  1
  2
  1
  1
  2
  1
  1
  1
  1
  1
  1
  1
  1
  2
  1
  1
  1
  1
  1
  1
  1
  1
  1
  1
  1
  1
  2
  1
  2
  1
  1
  2
  1
  1
  1
  1
  1
  1
  2
  1
  1
  1
  1
  1
  1
  1
  1
  2
  1
  1
  1
  1
  1
  1
  1
  1
  1
  1
  1
  1
  1
  1
  1
  1
  1
  1
  1
  1
  1
  1
  1
  1
  1
  2
  1
  1
  1
  2
  1
  1
  1
  2
  1
  1
  2
  1
  1
  1
  1
  1
  1
  1
  1
  2
  1
  1
  1
  1
  1
  1
  1
  1
  1
  1
  2
  1
  1
  1
  1
  1
  1
  1
  1
  2
  1
  1
  1
  1
  1
  1
  1
  1
  1
  2
  2
  1
  1
  2
  1
  2
  1
  1
  2
  1
  1
  1
  3
  1
  1
  1
  2
  1
  1
  1
  1
  1
  1
  1
  2
  1
  1
  2
  1
  2
  1
  1
  1
  1
  1
  1
  1
  1
  1
  1
  1
  1
  1
  1
  2
  1
  1
  1
  1
  1
  1
  1
  1
  1
  2
  1
  1
  1
  1
  1
  1
  1
  1
  1
  1
  1
  1
  1
  1
  1
  1
  1
  2
  1
  1
  2
  1
  1
  2
  1
  1
  1
  1
  2
  1
  2
  1
  1
  1
  1
  1
  2
  2
  2
  1
  1
  1
  1
  1
  1
  1
  2
  1
  2
  1
  1
  1
  1
  1
  1
  2
  1
  1
  1
  1
  2
  1
  1
  1
  1
  1
  2
  2
  1
  2
  2
  1
  1
  1
  2
  1
  1
  2
  1
  1
  1
  1
  1
  1
  1
  2
  2
  2
  2
  1
  2
  1
  1
  1
  1
  2
  1
  1
  1
  1
  1
  2
  3
  2
  1
  1
  1
  1
  1
  1
  1
  1
  2
  1
  1
  1
  1
  1
  1
  1
  1
  2
  1
  1
  1
  1
  3
  1
  1
  1
  2
  1
  1
  1
  1
  1
  1
  1
  1
  1
  1
  1
  2
  3
  1
  1
  1
  1
  1
  3
  1
  2
  1
  1
  1
  1
  1
  2
  1
  1
  2
  1
  1
  1
  1
  1
  1
  1
  1
  1
  1
  1
  2
  1
  2
  1
  1
  2
  1
  2
  1
  1
  1
  1
  1
  1
  2
  1
  1
  2
  1
  1
  2
  1
  1
  1
  1
  1
  2
  2
  1
  1
  1
  2
  1
  1
  1
  2
  2
  2
  1
  1
  2
  1
  1
  2
  1
  1
  2
  1
  1
  1
  1
  2
  2
  1
  1
  2
  1
  1
  1
  1
  1
  1
  1
  2
  1
  1
  1
  1
  1
  2
  2
  1
  1
  1
  1
  2
  1
  1
  2
  1
  1
  1
  1
  2
  1
  1
  1
  1
  1
  1
  1
  1
  2
  1
  1
  1
  1
  1
  1
  1
  1
  1
  1
  2
  1
  1
  1
  1
  1
  1
  1
  1
  1
  2
  1
  1
  1
  2
  1
  1
  1
  1
  2
  3
  1
  1
  1
  1
  2
  1
  1
  1
  1
  1
  2
  1
  1
  1
  1
  3
  2
  1
  2
  3
  1
  1
  2
  1
  1
  1
  1
  1
  1
  1
  1
  1
  1
  1
  1
  1
  1
  1
  1
  2
  1
  1
  2
  1
  1
  1
  1
  1
  1
  1
  1
  2
  1
  2
  1
  1
  1
  1
  2
  1
  2
  1
  1
  1
  1
  2
  1
  2
  1
  1
  1
  1
  2
  1
  1
  1
  2
  1
  1
  1
  1
  1
  2
  1
  1
  1
  1
  1
  1
  1
  1
  2
  1
  1
  1
  2
  1
  1
  1
  1
  1
  1
  2
  1
  1
  1
  1
  1
  1
  1
  2
  1
  2
  1
  1
  1
  2
  1
  1
  1
  1
  1
  1
  2
  1
  2
  1
  1
  1
  1
  1
  2
  1
  1
  1
  1
  1
  2
  1
  1
  1
  1
  2
  1
  1
  1
  1
  1
  1
  1
  2
  1
  1
  1
  1
  1
  1
  1
  1
  1
  2
  1
  1
  2
  1
  2
  2
  1
  1
  1
  1
  1
  1
  2
  1
  1
  1
  1
  1
  1
  2
  1
  1
  1
  1
  1
  1
  1
  1
  1
  1
  3
  1
  1
  1
  1
  1
  1
  1
  1
  1
  1
  1
  1
  1
  1
  2
  1
  2
  1
  2
  1
  1
  1
  1
  1
  2
  1
  2
  1
  1
  1
  2
  1
  2
  2
  1
  1
  1
  1
  2
  1
  1
  1
  1
  1
  1
  1
  2
  1
  1
  1
  1
  3
  1
  1
  1
  1
  1
  2
  1
  1
  1
  1
  1
  1
  1
  1
  2
  1
  1
  1
  1
  1
  1
  1
  1
  2
  2
  2
  1
  1
  1
  1
  1
  1
  1
  1
  1
  1
  1
  2
  2
  1
  1
  2
  1
  1
  1
  1
  1
  1
  1
  2
  2
  1
  1
  1
  1
  1
  1
  1
  1
  1
  1
  1
  1
  2
  1
  1
  1
  1
  2
  1
  1
  2
  1
  1
  1
  2
  1
  1
  1
  1
  2
  1
  1
  1
  1
  2
  1
  2
  1
  1
  2
  1
  2
  1
  1
  1
  1
  1
  1
  1
  1
  1
  1
  1
  1
  1
  1
  1
  2
  2
  1
  1
  1
  1
  2
  1
  1
  1
  1
  1
  1
  1
  3
  2
  1
  1
  1
  2
  1
  1
  1
  1
  2
  1
  2
  1
  2
  1
  1
  1
  2
  1
  1
  1
  1
  1
  1
  1
  2
  1
  1
  1
  1
  1
  2
  1
  1
  2
  1
  1
  1
  1
  2
  1
  1
  1
  1
  1
  2
  1
  1
  1
  1
  1
  1
  1
  2
  1
  1
  2
  1
  1
  1
  1
  1
  1
  2
  1
  1
  1
  2
  1
  2
  1
  1
  2
  1
  1
  1
  2
  1
  1
  1
  1
  1
  1
  1
  1
  1
  1
  1
  1
  1
  1
  1
  1
  2
  1
  1
  1
  1
  1
  1
  1
  2
  2
  1
  2
  1
  1
  1
  2
  2
  1
  2
  1
  2
  1
  1
  1
  1
  1
  1
  2
  1
  3
  2
  1
  1
  2
  1
  2
  1
  2
  1
  1
  1
  2
  1
  1
  1
  1
  1
  1
  1
  1
  1
  1
  2
  1
  1
  1
  2
  1
  2
  1
  1
  2
  1
  1
  1
  2
  1
  1
  1
  1
  2
  1
  2
  1
  2
  1
  1
  1
  1
  2
  1
  1
  2
  1
  1
  1
  2
  1
  1
  1
  1
  1
  1
  2
  1
  1
  2
  1
  1
  1
  1
  2
  1
  1
  1
  2
  2
  1
  1
  2
  1
  1
  1
  1
  1
  1
  1
  1
  1
  1
  1
  1
  1
  1
  1
  2
  2
  1
  1
  1
  1
  1
  2
  1
  1
  1
  1
  1
  1
  1
  1
  1
  1
  1
  1
  3
  1
  1
  1
  2
  1
  1
  1
  1
  1
  1
  2
  1
  1
  1
  1
  2
  1
  1
  1
  1
  1
  1
  1
  1
  2
  1
  1
  1
  1
  2
  1
  1
  2
  1
  1
  3
  1
  1
  1
  1
  1
  1
  1
  1
  2
  2
  1
  1
  1
  1
  1
  1
  2
  1
  1
  1
  1
  2
  1
  1
  1
  1
  1
  1
  1
  1
  1
  1
  2
  1
  1
  1
  2
  1
  1
  1
  2
  1
  2
  1
  1
  2
  1
  1
  2
  1
  1
  2
  1
  2
  1
  2
  1
  1
  1
  1
  1
  1
  2
  1
  2
  1
  2
  1
  1
  1
  1
  1
  1
  1
  1
  1
  1
  1
  2
  1
  1
  2
  1
  2
  1
  1
  1
  1
  1
  1
  1
  2
  1
  1
  1
  2
  1
  2
  1
  2
  1
  1
  1
  1
  1
  1
  1
  1
  1
  2
  1
  1
  1
  2
  1
  1
  1
  1
  2
  1
  2
  1
  1
  1
  1
  1
  2
  1
  1
  2
  1
  1
  1
  2
  1
  1
  2
  2
  1
  1
  1
  1
  2
  1
  1
  1
  1
  2
  1
  1
  2
  1
  2
  1
  1
  1
  1
  1
  1
  1
  2
  1
  1
  2
  1
  1
  2
  2
  1
  1
  1
  1
  1
  1
  2
  1
  2
  1
  1
  1
  1
  2
  1
  1
  1
  2
  2
  1
  1
  1
  2
  1
  1
  2
  1
  1
  1
  1
  1
  1
  1
  1
  1
  2
  1
  1
  2
  1
  1
  1
  1
  1
  1
  1
  1
  1
  1
  1
  1
  1
  1
  1
  1
  1
  1
  2
  1
  1
  1
  1
  1
  1
  1
  1
  1
  2
  1
  1
  1
  1
  1
  1
  1
  1
  1
  1
  1
  1
  1
  1
  2
  1
  1
  1
  1
  1
  1
  2
  2
  1
  1
  1
  1
  1
  1
  1
  1
  2
  1
  1
  1
  1
  1
  1
  1
  1
  1
  1
  1
  1
  2
  1
  1
  1
  1
  1
  2
  1
  2
  3
  2
  2
  1
  1
  2
  1
  1
  2
  1
  1
  2
  2
  2
  2
  1
  2
  1
  2
  1
  2
  1
  1
  2
  1
  1
  1
  1
  1
  1
  2
  1
  1
  1
  1
  1
  2
  1
  1
  2
  2
  1
  2
  2
  1
  2
  2
  1
  1
  1
  1
  1
  1
  1
  1
  1
  1
  1
  1
  1
  1
  1
  1
  1
  1
  2
  2
  1
  1
  1
  2
  1
  1
  1
  1
  1
  2
  1
  1
  1
  1
  1
  1
  1
  1
  1
  2
  1
  1
  1
  1
  1
  1
  1
  1
  1
  1
  1
  1
  1
  1
  1
  2
  1
  1
  1
  1
  2
  1
  1
  1
  1
  1
  2
  1
  2
  1
  1
  2
  1
  1
  1
  1
  2
  1
  1
  1
  1
  1
  1
  1
  1
  2
  1
  1
  1
  1
  1
  1
  1
  2
  1
  2
  2
  1
  1
  1
  2
  1
  1
  1
  1
  1
  1
  2
  1
  1
  2
  1
  2
  1
  1
  1
  2
  1
  1
  1
  1
  2
  2
  1
  1
  1
  1
  2
  1
  2
  1
  1
  1
  2
  1
  1
  2
  1
  2
  1
  1
  1
  1
  1
  1
  1
  2
  1
  1
  2
  1
  1
  1
  1
  1
  1
  1
  2
  1
  2
  1
  2
  1
  2
  1
  2
  1
  1
  1
  1
  1
  1
  2
  2
  1
  1
  1
  1
  1
  2
  1
  1
  1
  3
  2
  1
  1
  1
  1
  1
  1
  1
  1
  1
  2
  1
  1
  1
  2
  1
  1
  1
  1
  2
  1
  2
  1
  1
  1
  1
  1
  2
  1
  1
  1
  1
  2
  1
  2
  1
  1
  1
  1
  1
  1
  1
  1
  1
  1
  1
  1
  1
  2
  1
  1
  2
  1
  1
  1
  1
  1
  1
  1
  1
  1
  1
  1
  2
  2
  1
  1
  1
  1
  1
  1
  2
  1
  1
  1
  3
  1
  1
  1
  2
  1
  1
  2
  1
  1
  1
  1
  2
  2
  1
  1
  1
  2
  1
  1
  1
  1
  1
  1
  1
  1
  2
  1
  2
  2
  1
  1
  1
  1
  2
  1
  1
  1
  1
  2
  3
  3
  1
  1
  2
  1
  1
  1
  2
  1
  2
  1
  1
  1
  1
  2
  1
  1
  1
  1
  1
  1
  2
  1
  1
  1
  1
  1
  1
  1
  1
  1
  1
  1
  1
  1
  1
  1
  2
  2
  1
  2
  2
  1
  2
  1
  1
  1
  1
  1
  1
  1
  1
  1
  1
  1
  1
  2
  1
  1
  1
  1
  1
  1
  2
  1
  1
  1
  1
  1
  1
  1
  1
  1
  1
  1
  1
  1
  1
  1
  1
  1
  2
  1
  1
  1
  2
  1
  2
  1
  1
  1
  1
  1
  1
  1
  1
  2
  1
  1
  2
  1
  1
  2
  1
  1
  1
  2
  1
  1
  1
  1
  1
  2
  1
  1
  2
  1
  1
  1
  1
  1
  1
  1
  1
  1
  1
  1
  1
  2
  1
  1
  1
  1
  1
  1
  2
  1
  2
  1
  1
  2
  1
  1
  1
  1
  1
  1
  1
  2
  1
  2
  1
  2
  2
  1
  1
  2
  1
  1
  1
  2
  1
  1
  1
  1
  1
  1
  1
  1
  1
  1
  2
  1
  1
  1
  1
  1
  1
  2
  1
  2
  1
  1
  1
  1
  1
  1
  1
  1
  1
  1
  1
  1
  2
  1
  1
  2
  1
  1
  1
  1
  1
  1
  1
  1
  2
  1
  1
  2
  2
  1
  1
  1
  2
  1
  1
  1
  2
  1
  1
  1
  1
  2
  1
  1
  1
  1
  2
  1
  1
  1
  1
  1
  1
  1
  2
  1
  1
  1
  1
  1
  1
  1
  2
  1
  1
  2
  1
  1
  1
  2
  1
  1
  2
  1
  1
  2
  1
  1
  1
  1
  1
  2
  1
  2
  1
  1
  1
  1
  1
  1
  1
  1
  1
  1
  2
  1
  1
  3
  2
  1
  1
  2
  1
  1
  1
  1
  1
  1
  1
  1
  1
  1
  1
  2
  1
  1
  1
  1
  2
  1
  1
  1
  2
  1
  1
  1
  1
  1
  1
  1
  1
  1
  2
  1
  1
  1
  3
  2
  1
  1
  1
  1
  1
  1
  1
  1
  1
  2
  1
  1
  2
  2
  1
  1
  1
  1
  1
  1
  1
  2
  1
  1
  1
  1
  2
  2
  1
  1
  1
  1
  2
  1
  1
  1
  1
  1
  1
  2
  1
  1
  1
  1
  1
  2
  1
  1
  1
  1
  1
  1
  2
  1
  1
  1
  1
  1
  1
  1
  1
  1
  1
  1
  1
  1
  2
  1
  1
  1
  1
  1
  2
  1
  1
  1
  1
  2
  1
  1
  1
  2
  1
  1
  1
  2
  1
  1
  2
  1
  1
  1
  1
  1
  1
  2
  1
  1
  1
  1
  3
  1
  1
  1
  1
  1
  1
  1
  1
  1
  1
  1
  1
  1
  1
  2
  1
  2
  1
  1
  1
  2
  1
  1
  1
  2
  2
  1
  2
  1
  2
  1
  1
  1
  1
  2
  1
  1
  1
  2
  2
  1
  1
  2
  1
  1
  1
  1
  1
  2
  1
  1
  2
  1
  2
  1
  1
  2
  1
  1
  1
  1
  1
  1
  1
  1
  1
  2
  1
  2
  1
  2
  2
  1
  1
  3
  2
  1
  1
  1
  2
  1
  1
  2
  1
  1
  1
  1
  1
  1
  1
  1
  1
  2
  1
  1
  1
  2
  1
  1
  1
  2
  1
  1
  1
  1
  1
  1
  1
  2
  2
  1
  1
  2
  1
  1
  1
  2
  1
  1
  1
  1
  1
  1
  1
  1
  2
  1
  1
  1
  2
  1
  1
  1
  1
  1
  1
  2
  1
  2
  2
  1
  1
  2
  1
  1
  1
  1
  1
  1
  1
  1
  1
  1
  1
  1
  2
  1
  2
  1
  1
  1
  1
  1
  1
  2
  1
  2
  1
  1
  1
  1
  1
  1
  1
  2
  1
  1
  1
  2
  1
  2
  1
  2
  1
  1
  1
  1
  2
  1
  1
  2
  1
  1
  1
  1
  2
  3
  1
  1
  2
  1
  1
  2
  1
  1
  1
  1
  2
  1
  1
  1
  2
  1
  1
  1
  1
  2
  1
  1
  1
  2
  1
  1
  1
  1
  1
  2
  3
  1
  1
  1
  2
  1
  2
  1
  1
  1
  1
  1
  2
  1
  1
  1
  1
  2
  1
  1
  1
  1
  1
  1
  1
  2
  1
  1
  1
  1
  1
  1
  2
  1
  1
  1
  2
  2
  1
  1
  1
  1
  1
  1
  1
  2
  1
  1
  1
  1
  1
  2
  1
  2
  2
  1
  2
  2
  1
  1
  1
  1
  1
  1
  1
  1
  2
  1
  1
  1
  1
  2
  1
  1
  1
  1
  1
  1
  1
  2
  1
  2
  1
  1
  1
  1
  1
  1
  1
  2
  1
  2
  1
  1
  2
  1
  1
  1
  2
  1
  1
  1
  1
  1
  1
  1
  1
  1
  2
  2
  1
  1
  1
  1
  1
  2
  1
  1
  1
  1
  2
  1
  2
  1
  2
  1
  1
  1
  1
  2
  1
  1
  1
  1
  1
  1
  1
  1
  1
  2
  1
  1
  1
  1
  1
  2
  1
  1
  1
  1
  1
  1
  1
  1
  2
  1
  1
  2
  1
  1
  1
  1
  1
  1
  1
  2
  1
  1
  1
  2
  1
  1
  1
  1
  1
  1
  1
  1
  1
  1
  1
  1
  1
  1
  1
  2
  1
  1
  2
  1
  2
  1
  1
  1
  1
  1
  3
  1
  2
  1
  1
  1
  1
  2
  1
  1
  1
  1
  2
  1
  2
  1
  1
  1
  2
  1
  1
  2
  2
  1
  1
  2
  2
  1
  1
  2
  1
  1
  2
  1
  1
  1
  2
  2
  1
  1
  1
  2
  1
  1
  1
  1
  1
  2
  1
  1
  2
  1
  1
  2
  1
  1
  1
  2
  1
  1
  1
  1
  1
  1
  1
  1
  1
  1
  2
  1
  2
  1
  1
  1
  2
  1
  2
  1
  1
  1
  1
  2
  1
  2
  1
  1
  1
  2
  1
  1
  2
  1
  1
  1
  2
  1
  1
  2
  1
  1
  1
  2
  1
  1
  1
  1
  1
  1
  1
  1
  1
  2
  1
  1
  2
  1
  2
  1
  2
  1
  1
  1
  1
  1
  2
  2
  1
  1
  1
  1
  3
  2
  1
  1
  1
  1
  2
  1
  1
  2
  1
  1
  2
  1
  1
  1
  1
  1
  2
  1
  1
  3
  1
  1
  1
  1
  1
  1
  1
  2
  1
  2
  1
  2
  1
  2
  1
  1
  1
  1
  1
  1
  2
  1
  1
  1
  1
  2
  2
  1
  1
  1
  1
  2
  1
  1
  1
  1
  2
  1
  1
  1
  1
  1
  3
  2
  1
  1
  1
  1
  2
  3
  2
  1
  1
  1
  1
  2
  1
  1
  1
  2
  1
  1
  1
  2
  1
  1
  1
  1
  1
  1
  2
  1
  1
  1
  1
  1
  1
  1
  1
  2
  1
  2
  2
  1
  1
  2
  1
  1
  1
  1
  1
  1
  1
  1
  1
  1
  2
  1
  2
  1
  1
  2
  1
  2
  1
  1
  1
  1
  1
  1
  1
  1
  1
  1
  1
  2
  1
  1
  1
  1
  1
  1
  1
  2
  1
  1
  1
  1
  1
  1
  1
  1
  1
  2
  1
  1
  1
  1
  2
  1
  1
  1
  2
  1
  1
  1
  2
  1
  1
  1
  1
  1
  1
  1
  1
  1
  1
  1
  2
  1
  1
  1
  1
  1
  2
  1
  2
  1
  1
  1
  2
  1
  1
  1
  1
  2
  1
  1
  1
  1
  1
  1
  1
  1
  1
  2
  1
  1
  2
  1
  1
  1
  1
  2
  1
  1
  1
  1
  1
  1
  2
  1
  1
  1
  1
  2
  2
  1
  1
  1
  1
  2
  3
  1
  1
  2
  1
  1
  1
  2
  1
  1
  1
  1
  2
  1
  1
  2
  2
  1
  1
  2
  1
  1
  2
  2
  1
  1
  2
  1
  1
  1
  1
  1
  1
  1
  1
  1
  2
  1
  1
  1
  2
  2
  1
  1
  1
  1
  2
  1
  1
  1
  1
  2
  1
  1
  1
  1
  1
  2
  1
  2
  1
  2
  1
  1
  1
  2
  1
  1
  1
  3
  2
  1
  1
  1
  1
  2
  1
  3
  1
  1
  1
  1
  1
  1
  1
  1
  1
  1
  1
  2
  1
  1
  1
  1
  1
  1
  2
  1
  1
  1
  1
  1
  1
  1
  1
  1
  1
  1
  2
  1
  1
  2
  1
  1
  1
  1
  2
  1
  1
  1
  1
  1
  2
  1
  1
  3
  3
  2
  1
  1
  2
  1
  1
  1
  1
  1
  1
  2
  1
  1
  1
  1
  1
  1
  2
  1
  1
  1
  1
  1
  1
  1
  2
  1
  1
  1
  2
  1
  2
  2
  1
  1
  1
  1
  2
  1
  1
  1
  1
  1
  3
  1
  1
  1
  1
  2
  1
  1
  1
  1
  1
  1
  1
  1
  1
  1
  1
  1
  1
  1
  1
  1
  1
  2
  1
  1
  1
  1
  1
  1
  1
  1
  1
  1
  1
  1
  1
  1
  1
  1
  1
  1
  1
  1
  2
  1
  1
  1
  1
  1
  2
  1
  1
  1
  2
  1
  1
  1
  1
  1
  1
  1
  1
  2
  1
  1
  1
  1
  1
  1
  1
  1
  2
  2
  1
  1
  2
  1
  1
  1
  2
  2
  1
  1
  1
  1
  1
  1
  1
  2
  1
  1
  1
  1
  2
  1
  2
  1
  2
  2
  1
  1
  1
  2
  1
  2
  1
  1
  1
  1
  2
  1
  1
  2
  1
  1
  1
  2
  1
  1
  2
  1
  2
  1
  1
  1
  1
  1
  2
  1
  1
  1
  3
  2
  1
  1
  2
  1
  1
  2
  1
  1
  1
  1
  1
  2
  1
  1
  1
  1
  2
  1
  2
  1
  1
  1
  1
  1
  2
  1
  1
  1
  1
  2
  1
  1
  2
  2
  1
  2
  1
  1
  1
  1
  1
  2
  1
  1
  1
  1
  2
  1
  1
  1
  1
  1
  1
  1
  1
  1
  1
  1
  2
  1
  2
  1
  1
  2
  1
  1
  2
  1
  1
  1
  2
  2
  1
  1
  1
  1
  1
  1
  2
  1
  1
  1
  1
  3
  1
  2
  1
  2
  2
  1
  1
  2
  1
  2
  2
  1
  1
  1
  1
  1
  1
  2
  1
  1
  1
  1
  1
  1
  2
  1
  2
  1
  1
  1
  2
  1
  1
  1
  1
  1
  1
  1
  1
  1
  1
  1
  1
  1
  1
  1
  2
  1
  1
  1
  2
  1
  1
  1
  1
  1
  2
  1
  1
  1
  1
  1
  1
  1
  1
  1
  1
  1
  1
  2
  1
  1
  1
  1
  1
  1
  1
  1
  1
  2
  1
  1
  1
  1
  1
  1
  1
  1
  1
  1
  1
  1
  1
  1
  1
  1
  1
  1
  1
  1
  1
  2
  1
  1
  1
  1
  1
  1
  1
  1
  1
  1
  1
  1
  2
  2
  1
  1
  2
  1
  1
  1
  2
  1
  1
  1
  2
  1
  2
  1
  1
  2
  1
  2
  1
  2
  1
  1
  1
  1
  2
  2
  1
  1
  2
  2
  1
  2
  1
  3
  1
  1
  2
  1
  1
  2
  3
  2
  1
  1
  1
  1
  1
  2
  1
  1
  1
  1
  1
  2
  1
  2
  1
  2
  2
  1
  1
  2
  2
  3
  2
  1
  1
  1
  1
  1
  1
  1
  2
  1
  1
  1
  1
  1
  1
  1
  2
  1
  1
  1
  1
  2
  1
  1
  2
  1
  1
  1
  1
  1
  1
  1
  1
  1
  1
  1
  2
  1
  1
  1
  1
  1
  1
  1
  1
  1
  1
  1
  1
  2
  1
  1
  1
  1
  1
  1
  2
  1
  1
  1
  1
  1
  3
  1
  1
  2
  1
  1
  1
  1
  1
  1
  1
  1
  1
  1
  1
  1
  1
  1
  1
  1
  1
  2
  1
  2
  3
  1
  1
  2
  1
  1
  1
  1
  1
  1
  1
  1
  1
  2
  1
  1
  1
  1
  1
  1
  1
  2
  1
  1
  1
  1
  1
  1
  2
  1
  1
  1
  1
  2
  2
  1
  1
  1
  2
  2
  1
  1
  1
  1
  1
  1
  1
  1
  1
  1
  1
  1
  2
  1
  2
  1
  2
  1
  2
  1
  2
  2
  1
  1
  1
  1
  2
  1
  2
  1
  1
  1
  1
  1
  1
  2
  1
  1
  1
  1
  2
  1
  1
  2
  1
  1
  1
  1
  1
  1
  1
  1
  1
  2
  1
  1
  1
  2
  1
  2
  1
  1
  2
  1
  2
  1
  1
  1
  1
  1
  2
  1
  1
  1
  1
  1
  1
  1
  1
  1
  1
  1
  1
  1
  1
  2
  1
  1
  2
  1
  1
  1
  2
  1
  2
  1
  1
  1
  1
  1
  1
  2
  1
  1
  1
  1
  1
  1
  2
  1
  1
  2
  1
  1
  2
  1
  1
  2
  1
  1
  1
  1
  1
  1
  1
  1
  1
  1
  1
  1
  1
  1
  1
  1
  2
  1
  2
  1
  1
  1
  1
  2
  1
  1
  1
  1
  1
  1
  1
  1
  2
  1
  1
  1
  1
  1
  1
  1
  2
  1
  1
  1
  1
  1
  1
  1
  1
  1
  1
  2
  1
  1
  1
  1
  1
  1
  1
  1
  1
  1
  1
  1
  1
  1
  1
  1
  2
  1
  1
  1
  1
  1
  1
  1
  1
  1
  1
  2
  1
  1
  1
  1
  1
  2
  1
  2
  1
  1
  1
  1
  1
  1
  1
  1
  2
  1
  2
  1
  1
  1
  1
  2
  1
  1
  1
  1
  1
  1
  1
  1
  2
  1
  1
  1
  1
  1
  1
  1
  2
  1
  1
  1
  1
  1
  1
  1
  1
  1
  1
  2
  1
  1
  1
  1
  1
  1
  1
  1
  1
  1
  1
  1
  1
  1
  1
  1
  2
  1
  1
  1
  1
  1
  1
  1
  1
  1
  1
  2
  1
  1
  1
  1
  1
  2
  1
  2
  1
  1
