       1085.457        145.013       8921.700          0.002
       1713.575       1396.199     800430.177          0.006
       1174.856        136.041       8921.700          0.002
       2224.145       1016.118     526128.946          0.003
       2055.214        152.792       8928.121          0.002
       2224.145       1016.118     526128.946          0.003
       3078.890         32.061       8930.098          0.001
       4180.873        895.562     722670.400          0.001
       2923.771        142.591       8930.098          0.002
       2224.145       1016.118     526128.946          0.003
       5095.777         27.944       8928.694          0.000
       6157.138        940.914     774684.770          0.002
       5044.705         20.937       8928.694          0.000
       4232.423        935.955    4409915.455          0.000
       7078.272         13.608       8931.654          0.000
       6288.257       1053.702   16589534.894          0.000
       8131.974         32.280       8934.206          0.000
       9096.913       1046.624     785498.438          0.002
       8058.795         47.604       8934.206          0.001
       7313.255        883.251    1008169.648          0.001
      10136.052        208.273       8939.498          0.002
      10199.638       1606.828     830373.618          0.005
      10168.372         30.779       8939.498          0.001
      11235.966        817.097    1883486.929          0.001
      10103.096         28.152       8939.498          0.000
       9206.238       1103.161     785498.438          0.001
      12123.057         25.729       8940.780          0.000
      11235.966        817.097    1883486.929          0.001
      13115.307         57.738       8941.733          0.001
      12206.746       1122.875     790131.822          0.001
      13173.650          9.846       8941.733          0.000
      14123.453       1038.375     788371.601          0.000
      15176.372        137.520       8948.139          0.001
      15039.589       1530.822     829776.472          0.005
      15239.380         53.037       8948.139          0.001
      16194.687       1076.457     799359.222          0.001
      15177.379         12.638       8948.139          0.000
      14193.124       1008.249     788371.601          0.001
      17284.237        107.758       8955.685          0.001
      18003.715       1230.610     906619.151          0.001
      17169.892         51.601       8955.685          0.001
      16246.284       1103.717     799359.222          0.001
      18252.169         17.812       8958.343          0.000
      19381.647        845.023     745226.547          0.002
      20398.667        142.606       8965.437          0.002
      21398.514       1122.558     818937.900          0.003
      20253.165          0.000       8112.755          0.000
      19491.474        925.458   33698299.974          0.000
      21287.242        153.207       8971.217          0.002
      21426.608       1150.093    1009543.814          0.002
      22328.658         46.984       8970.793          0.001
      23350.590       1003.883     812393.111          0.002
      22170.130        146.282       8970.793          0.002
      21426.608       1150.093    1009543.814          0.002
      24272.434         39.519       8965.166          0.001
      23440.394       1087.972    3591054.791          0.001
      24314.473         15.373       8965.166          0.000
      25113.074       1165.259     816689.857          0.001
      26456.736        137.240       8970.955          0.002
      27410.107       1162.463     825285.151          0.003
      26306.920         24.083       8970.955          0.000
      25358.144       1053.561     816689.857          0.003
      27356.357        142.802       8976.068          0.002
      27466.724       1223.347    1636445.411          0.002
      28397.118         42.435       8976.131          0.001
      29389.994       1029.449     822729.636          0.003
      28253.529        139.051       8976.131          0.002
      27466.724       1223.347    1636445.411          0.002
      30426.415         47.425       8973.458          0.001
      31330.953        966.608    1567024.051          0.001
      30358.302         31.999       8973.458          0.000
      29578.926       1195.000     822729.636          0.001
      32406.922        185.933       8974.002          0.002
      32420.907       1585.863     853256.134          0.008
      32499.431         99.816       8974.002          0.001
      33461.220       1117.146     820027.883          0.003
      32349.596         49.916       8974.002          0.001
      31330.953        966.608    1567024.051          0.001
      33428.625          8.611       8971.060          0.000
      34527.354        876.248     749451.668          0.001
      33429.398         94.216       8971.060          0.001
      33570.516       1232.753     879049.514          0.001
      35463.739         20.664       8966.213          0.000
      36324.214        879.662    3539456.144          0.000
      35443.039          0.000       6707.651          0.000
      34588.854        924.812  294662651.754          0.000
      37573.783        140.076       8972.566          0.002
      38340.856       1159.235    1071961.955          0.002
      37431.417         28.399       8972.566          0.000
      36324.214        879.662    3539456.144          0.000
      38463.392        145.745       8973.022          0.002
      38340.856       1159.235    1071961.955          0.002
      39356.885        137.548       8967.424          0.002
      38369.688       1130.242     820498.201          0.002
      39493.670          0.000       7969.386          0.000
      40356.386        897.032  186137759.216          0.000
      41577.938        140.243       8960.172          0.002
      42120.432       1430.863     831603.672          0.007
      41567.486         49.743       8960.172          0.001
      42544.805       1052.164     806001.984          0.002
      41508.834          7.835       8960.172          0.000
      40400.415        863.060     723180.849          0.001
      43573.555         46.346       8956.642          0.001
      44305.050       1205.240    4706867.280          0.001
      43509.641         44.348       8956.642          0.001
      42647.528       1147.417     806001.984          0.001
      45573.806          4.067       8952.168          0.000
      46543.352        946.025   84371221.546          0.000
      45509.933         56.886       8952.168          0.001
      44496.496       1022.777     804578.967          0.003
      47586.995          7.146       8952.388          0.000
      46546.185        943.477     751509.813          0.000
      47621.459         35.589       8952.388          0.000
      48422.055       1109.932    4932397.317          0.001
      49597.006        187.521       8956.316          0.002
      49424.774       1576.886     824516.162          0.005
      49680.364         46.151       8956.316          0.001
      50723.863        847.292    1040637.888          0.001
      49571.410         45.244       8956.316          0.001
      48544.354        996.642     800203.635          0.002
      51599.103         42.716       8951.136          0.001
      50723.863        847.292    1040637.888          0.001
      52702.161         27.856       8949.147          0.001
      53881.863        775.868    2333949.871          0.001
      52641.635         20.762       8949.147          0.000
      51767.585       1114.396     801524.976          0.002
      54708.788         32.502       8945.276          0.000
      55567.599       1138.143     794662.878          0.002
      54667.082         15.931       8945.276          0.000
      53881.863        775.868    2333949.871          0.001
      56709.476        176.408       8941.950          0.002
      56714.363       1576.400     830971.485          0.008
      56678.061         35.510       8941.950          0.000
      55760.739       1093.111     794662.878          0.002
      56750.236         29.440       8941.950          0.001
      57890.938        841.104     668491.698          0.001
      58716.676         18.172       8933.955          0.000
      57910.582        855.082    1734880.491          0.001
      58744.986          8.399       8933.955          0.000
      59850.440        867.451     698315.247          0.001
      60759.492          0.000       5644.570          0.000
      59894.735        901.873  153082294.845          0.000
      60759.492          0.000       5644.570          0.000
      60513.594       1189.284  149535246.112          0.000
      61743.309         27.254       8932.279          0.000
      60725.752        988.804     780581.129          0.003
      61822.450         41.963       8932.279          0.001
      62897.462        938.818     766914.426          0.001
      63769.398         32.953       8934.175          0.000
      62956.074        987.717    2956693.424          0.001
      63815.712         17.131       8934.175          0.000
      64836.254        975.512     780177.167          0.001
      65964.527        132.707       8940.301          0.002
      66986.521       1089.540     791267.307          0.003
      65816.078          7.958       8940.301          0.000
      64928.145       1061.806   72957094.749          0.000
      66860.116        141.028       8943.793          0.002
      67033.819       1133.822     836254.090          0.002
      67877.224         27.258       8941.961          0.000
      68899.373        983.925     781101.823          0.001
      67750.329        136.140       8941.961          0.002
      67033.819       1133.822     836254.090          0.002
      69944.295         80.995       8935.583          0.001
      70855.468       1122.244    1072075.610          0.001
      69856.410         19.778       8935.583          0.000
      68970.212       1050.225   11978147.574          0.000
      70901.552         22.066       8932.899          0.000
      71705.367       1168.312     782308.513          0.001
      70884.078         73.319       8932.899          0.001
      70855.468       1122.244    1072075.610          0.001
      72940.179         40.638       8926.533          0.001
      73676.292       1079.739    3082964.843          0.001
      72882.011         31.025       8926.533          0.000
      71919.375       1047.555     782308.513          0.003
      74956.267         19.637       8921.402          0.000
      75880.310        947.451    6622294.520          0.000
      74875.909         52.085       8921.402          0.001
      73812.692        962.892     770960.937          0.003
      76996.302         38.783       8918.301          0.001
      77756.879        899.409    1464095.724          0.001
      76934.590         24.032       8918.301          0.000
      75881.440        946.462     722477.650          0.000
      78982.555        106.571       8913.449          0.001
      78919.746       1505.162     800589.870          0.007
      78921.529         48.106       8913.449          0.001
      77791.280        874.264     684178.538          0.001
       1033.421       1442.005     756658.471          0.001
       1917.668       1802.744    2662284.215          0.001
       2224.145       1016.118     526128.946          0.003
       3384.282       1558.024     816926.652          0.002
       2224.145       1016.118     526128.946          0.003
       1967.937       1673.718     800430.177          0.001
       4554.057       1178.821     722670.400          0.001
       5671.317       2022.462     828793.267          0.001
       4433.139        947.451     722670.400          0.001
       5830.848       1027.504     774684.770          0.001
       6438.794       1028.668     774684.770          0.000
       7313.255        883.251    1008169.648          0.001
       7247.689       1612.628     685799.188          0.002
       7147.256       2729.875     927848.249          0.002
       7313.255        883.251    1008169.648          0.001
       8232.310       1840.065     824514.137          0.001
       7313.255        883.251    1008169.648          0.001
       8589.360       1054.819     785498.438          0.001
      11235.966        817.097    1883486.929          0.001
      12193.392       1138.530    2345815.161          0.001
      10791.608       1308.220     641553.479          0.001
      10215.035       1945.473     935762.876          0.002
      12319.112       1253.492     790131.822          0.001
      13352.276       2198.252     862562.365          0.001
      12193.392       1138.530    2345815.161          0.001
      13478.112       1086.271     788371.601          0.001
      12079.090       1998.195     790131.822          0.002
      11955.421       2928.307    1580453.005          0.002
      11679.425       1394.605     790131.822          0.001
      10888.159       1788.839     922419.597          0.002
      16807.140       1154.591     799359.222          0.001
      18003.715       1230.610     906619.151          0.001
      16044.848       1238.281     799359.222          0.001
      15003.233       1901.161    1690569.758          0.001
      18003.715       1230.610     906619.151          0.001
      18722.982       1768.143     844579.829          0.001
      18003.715       1230.610     906619.151          0.001
      18790.195       1069.297     745226.547          0.001
      17865.872       1345.699     809552.942          0.002
      17028.116       2045.164    1024491.749          0.002
      21426.608       1150.093    1009543.814          0.002
      22199.855       2136.031     991045.055          0.002
      21426.608       1150.093    1009543.814          0.002
      22250.937       1124.664     812393.111          0.002
      21426.608       1150.093    1009543.814          0.002
      21405.340       1971.640    1022519.109          0.002
      23622.443       1327.690     812393.111          0.001
      24277.376       2190.089    1599811.213          0.001
      23440.394       1087.972    3591054.791          0.001
      24725.140       1210.412     816689.857          0.001
      27596.402       1355.919     825285.151          0.002
      28575.365       2356.735     879109.747          0.002
      27466.724       1223.347    1636445.411          0.002
      27220.480       2463.178     873313.499          0.002
      27466.724       1223.347    1636445.411          0.002
      28310.290       1217.337     822729.636          0.002
      27466.724       1223.347    1636445.411          0.002
      26817.478       1540.605     849535.974          0.002
      29990.480       1150.634     822729.636          0.001
      31330.953        966.608    1567024.051          0.001
      31620.270       1305.717     790103.326          0.001
      32427.562       2251.946    1717438.765          0.001
      31222.401       1064.830     790103.326          0.001
      30241.531       1952.352    2615501.193          0.001
      33570.516       1232.753     879049.514          0.001
      33956.348       1831.539     849405.300          0.001
      33478.154       1315.114     820027.883          0.001
      32433.250       2246.874     853256.134          0.001
      34985.432        914.494     749451.668          0.001
      36324.214        879.662    3539456.144          0.000
      37483.607       1040.392     714896.847          0.002
      38340.856       1159.235    1071961.955          0.002
      36135.533       1104.525     714896.847          0.001
      35321.959       2074.113    2650058.466          0.001
      38340.856       1159.235    1071961.955          0.002
      38706.978       1925.572     891265.934          0.002
      38340.856       1159.235    1071961.955          0.002
      37301.706       2064.338    1363728.727          0.002
      41302.986       1388.496     723180.849          0.001
      42325.846       1919.554    2536076.142          0.001
      39311.918       1548.342     723180.849          0.002
      38706.978       1925.572     891265.934          0.002
      43325.154       1557.842     806001.984          0.001
      44435.695       2217.015    2915183.292          0.001
      42787.005       1157.547     806001.984          0.001
      44186.315       1201.510     804578.967          0.001
      44408.981       1193.204     804578.967          0.001
      45799.686       1032.148     751509.813          0.001
      45398.213       1636.583     751509.813          0.002
      44435.695       2217.015    2915183.292          0.001
      47017.825        987.420     751509.813          0.001
      48412.527       1109.101     800203.635          0.001
      48788.214       1420.369     800203.635          0.001
      49381.792       1923.616    1233243.652          0.001
      48289.905       1195.817     800203.635          0.001
      47116.034       1958.724     835769.167          0.001
      50723.863        847.292    1040637.888          0.001
      50771.612       2139.247     851883.947          0.001
      50723.863        847.292    1040637.888          0.001
      51466.991       1183.337     801524.976          0.000
      50303.887       1184.107     676801.618          0.001
      49381.792       1923.616    1233243.652          0.001
      52400.726       1100.002     801524.976          0.001
      53768.360        800.707     614833.251          0.001
      51519.596       1499.173     801524.976          0.000
      50849.515       2728.396     851883.947          0.000
      53747.525       2013.363     614833.251          0.002
      53660.725       2812.953     587741.419          0.003
      53365.846       1760.379     614833.251          0.002
      52743.212       2948.307     637563.386          0.002
      53675.346        924.188     614833.251          0.001
      52538.228       1740.865     833684.948          0.001
      54144.983        939.717     614833.251          0.001
      55333.401       1679.759     820233.500          0.001
      53947.527        792.895     614833.251          0.001
      55302.708       1144.297     794662.878          0.001
      56050.419       1596.049     794662.878          0.001
      56716.497       2187.667    1895880.982          0.001
      58180.520       1440.888     668491.698          0.001
      58528.534       2196.129    1816406.651          0.001
      57963.125        856.321     668491.698          0.001
      59362.736        889.327     698315.247          0.001
      57495.340       1318.487     668491.698          0.001
      56716.497       2187.667    1895880.982          0.001
      59894.735        901.873  153082294.845          0.000
      60576.637       1800.759  148322358.813          0.000
      61372.569       1118.397     780581.129          0.001
      62767.826       1003.253     766914.426          0.001
      62964.964        988.051     766914.426          0.001
      64363.977       1040.611     780177.167          0.001
      62727.690       1065.755     766914.426          0.001
      61402.894       1518.431     806555.380          0.001
      63097.795       1062.373     766914.426          0.001
      64336.444       1714.868     816992.843          0.001
      67033.819       1133.822     836254.090          0.002
      67857.363       1516.625     818811.927          0.002
      67033.819       1133.822     836254.090          0.002
      66730.104       1902.970    1006558.414          0.002
      67033.819       1133.822     836254.090          0.002
      67742.484       1103.228     781101.823          0.002
      69686.867       1077.602     781101.823          0.001
      70855.468       1122.244    1072075.610          0.001
      70855.468       1122.244    1072075.610          0.001
      71458.265       1961.347     830988.077          0.001
      70680.906       1362.758     780641.071          0.001
      70070.607       2203.635     493662.149          0.003
      72286.324       1876.010     782308.513          0.001
      72898.532       2611.758    2120721.741          0.001
      72273.414       1188.151     782308.513          0.001
      73669.253       1080.283     770960.937          0.001
      73441.285       1542.653     770960.937          0.001
      72898.532       2611.758    2120721.741          0.001
      73912.508       1065.561     770960.937          0.001
      75309.993        981.682     722477.650          0.001
      74733.009       1825.313     722477.650          0.002
      74169.735       2256.305     783545.245          0.002
      76347.226        935.498     722477.650          0.001
      77746.767        899.668     684178.538          0.001
      77776.096        920.097     684178.538          0.001
      78728.876       1945.869     800589.870          0.001
      77445.327       1282.958     684178.538          0.001
      76712.605       2185.006    1437731.159          0.001
      77532.813       1018.839     684178.538          0.001
      76297.354       1677.353     800243.103          0.001
      79720.496       1298.200     752848.029          0.000
      78892.064       2121.559    3496636.677          0.001
       1104.477       2689.382     794255.018          0.001
       1822.271       3110.882    1888777.378          0.001
       3138.716       2515.456     800430.177          0.003
       4165.093       3114.540    1322264.662          0.002
       1914.561       1845.343     800430.177          0.001
       1822.271       3110.882    1888777.378          0.001
       2459.154       1843.627     800430.177          0.002
       3855.181       1949.029     816926.652          0.002
       4291.965       1982.007    1729934.711          0.001
       5388.633       2115.571     828793.267          0.001
       4249.957       2356.997     816926.652          0.002
       4165.093       3114.540    1322264.662          0.002
       6488.541       2442.860     828793.267          0.001
       7147.256       2729.875     927848.249          0.002
       9191.365       1936.996     824514.137          0.002
      10215.035       1945.473     935762.876          0.002
       7819.213       2270.833     824514.137          0.001
       7147.256       2729.875     927848.249          0.002
      10215.035       1945.473     935762.876          0.002
      10888.159       1788.839     922419.597          0.002
      10193.398       2020.582     830373.618          0.002
       9926.189       2948.136    1060548.608          0.003
      10982.895       1889.984     823026.579          0.002
      11939.940       2911.779     872865.072          0.002
      10670.799       2050.786     823026.579          0.002
       9926.189       2948.136    1060548.608          0.003
      15820.343       1959.271     829776.472          0.002
      17028.116       2045.164    1024491.749          0.002
      15010.026       1945.865     829776.472          0.001
      15213.824       3287.040    2356991.475          0.001
      15003.233       1901.161    1690569.758          0.001
      14305.180       2552.368     862562.365          0.001
      17028.116       2045.164    1024491.749          0.002
      15947.052       2785.148     880460.940          0.002
      17028.116       2045.164    1024491.749          0.002
      17826.273       2065.650     844579.829          0.002
      17028.116       2045.164    1024491.749          0.002
      17176.095       2993.162     742368.454          0.003
      20595.812       2018.090     844579.829          0.002
      21405.340       1971.640    1022519.109          0.002
      21516.777       2160.472     847509.794          0.003
      22101.316       3150.981    1194836.924          0.003
      21405.340       1971.640    1022519.109          0.002
      20414.653       2775.808     881904.434          0.002
      21405.340       1971.640    1022519.109          0.002
      22199.855       2136.031     991045.055          0.002
      22199.855       2136.031     991045.055          0.002
      22812.522       3130.978     900050.173          0.002
      22199.855       2136.031     991045.055          0.002
      23377.420       2166.672     850595.495          0.002
      22199.855       2136.031     991045.055          0.002
      22101.316       3150.981    1194836.924          0.003
      24277.376       2190.089    1599811.213          0.001
      25008.045       2211.668     849535.974          0.001
      24137.053       2437.116     850595.495          0.001
      23445.562       3654.424     900050.173          0.001
      24277.376       2190.089    1599811.213          0.001
      24556.588       3238.722     879027.086          0.001
      25200.038       2482.035     849535.974          0.001
      24556.782       3239.448     646431.287          0.001
      30726.840       2891.676     846301.370          0.002
      31369.460       4135.477     904972.098          0.002
      30852.301       2263.947     846301.370          0.002
      32099.387       2900.169     872675.026          0.001
      30870.561       2038.560     846301.370          0.002
      32257.596       2228.653     853256.134          0.001
      30128.247       2089.364     846301.370          0.001
      29297.107       3094.587    4667666.288          0.001
      32427.562       2251.946    1717438.765          0.001
      33288.211       2238.116     849405.300          0.001
      32427.562       2251.946    1717438.765          0.001
      32323.644       3014.577    1343357.550          0.001
      34208.465       2244.254     849405.300          0.000
      34192.609       3246.401    4361490.454          0.001
      34463.032       2189.245     849405.300          0.000
      35321.959       2074.113    2650058.466          0.001
      35341.203       2200.644     846574.011          0.001
      35472.226       3062.158     656427.031          0.002
      36227.315       2069.643     846574.011          0.002
      37301.706       2064.338    1363728.727          0.002
      37335.305       2089.314     849609.680          0.002
      38458.888       2924.515     876058.981          0.002
      37301.706       2064.338    1363728.727          0.002
      38581.155       1937.997     841934.338          0.002
      37187.343       2222.540     849609.680          0.002
      36648.864       2967.429     891308.337          0.003
      38706.978       1925.572     891265.934          0.002
      38573.847       3009.969    1970791.769          0.002
      40997.155       2522.277     830764.923          0.001
      41650.163       3300.263    1069483.387          0.001
      41261.734       1865.255     830764.923          0.001
      42325.846       1919.554    2536076.142          0.001
      42391.407       2813.272     831603.672          0.002
      42493.832       4209.520     901906.913          0.001
      42809.341       1987.720     831603.672          0.002
      44195.630       2183.169     839892.981          0.001
      42276.849       2019.676     831603.672          0.001
      41661.462       3277.173     877025.261          0.001
      44435.695       2217.015    2915183.292          0.001
      45563.077       2228.700     835769.167          0.001
      44435.695       2217.015    2915183.292          0.001
      45447.246       3061.181     887114.308          0.002
      44485.494       2581.008     839892.981          0.002
      44656.533       3831.155    2173670.243          0.002
      43715.949       2981.639     839892.981          0.002
      42756.367       4001.052     901906.913          0.002
      47555.894       2081.822     835769.167          0.001
      48807.967       1854.554    3156849.598          0.001
      48415.557       2304.108     822603.534          0.002
      47534.693       3313.249     842714.737          0.002
      49386.684       1988.043     824516.162          0.002
      49492.692       3384.024     882995.687          0.002
      49381.792       1923.616    1233243.652          0.001
      50004.418       2320.119     851883.947          0.001
      49208.170       2260.675     824516.162          0.002
      48735.708       3177.887     670496.722          0.003
      54328.162       2522.025     820233.500          0.002
      53660.725       2812.953     587741.419          0.003
      56712.023       2342.211     830971.485          0.001
      56671.506       3741.624     889010.449          0.001
      57140.662       2189.648     830971.485          0.002
      58528.534       2196.129    1816406.651          0.001
      56716.497       2187.667    1895880.982          0.001
      55956.537       2996.918     866235.937          0.001
      58574.940       2669.606     829659.025          0.002
      58700.478       3950.449     757812.798          0.002
      58528.534       2196.129    1816406.651          0.001
      59605.332       3022.430     862345.838          0.002
      58528.534       2196.129    1816406.651          0.001
      59308.621       2045.540     806555.380          0.002
      58335.384       2369.922     829659.025          0.002
      57294.660       3306.348     889010.449          0.002
      60078.345       2493.308     806555.380          0.001
      59664.803       3068.066     861087.829          0.002
      62166.551       2083.472     806555.380          0.002
      62946.370       2222.136     653996.570          0.002
      62946.370       2222.136     653996.570          0.002
      63650.149       2868.613     859045.738          0.001
      62946.370       2222.136     653996.570          0.002
      62560.455       3328.564     912297.597          0.003
      62946.370       2222.136     653996.570          0.002
      63653.243       2147.096     816992.843          0.002
      62946.370       2222.136     653996.570          0.002
      62137.972       2799.705     877407.772          0.002
      66015.799       1946.512     816992.843          0.001
      66730.104       1902.970    1006558.414          0.002
      64657.048       2334.638     816992.843          0.001
      63997.539       3187.719    2193644.932          0.001
      66730.104       1902.970    1006558.414          0.002
      67688.532       2717.658     861900.185          0.002
      66730.104       1902.970    1006558.414          0.002
      67769.083       1928.164     818811.927          0.002
      66730.104       1902.970    1006558.414          0.002
      66585.159       3113.088     956751.751          0.002
      69479.992       2691.586     818811.927          0.002
      70022.727       3277.854    1518796.987          0.002
      69340.735       2060.121     818811.927          0.001
      70070.607       2203.635     493662.149          0.003
      70070.607       2203.635     493662.149          0.003
      70772.434       2243.261     830988.077          0.001
      70070.607       2203.635     493662.149          0.003
      70022.727       3277.854    1518796.987          0.002
      74169.735       2256.305     783545.245          0.002
      74035.729       3151.836     543517.861          0.003
      74299.785       2415.771     830463.366          0.002
      74974.260       3242.802    1114305.917          0.003
      74169.735       2256.305     783545.245          0.002
      75053.070       2042.755     800243.103          0.002
      74169.735       2256.305     783545.245          0.002
      73235.938       2517.413     846699.634          0.002
      76819.213       2369.551     817562.008          0.002
      77201.253       3030.891     710729.797          0.003
      76712.605       2185.006    1437731.159          0.001
      77915.477       2149.988     800589.870          0.002
      75833.002       2720.251     817562.008          0.003
      74974.260       3242.802    1114305.917          0.003
      78892.064       2121.559    3496636.677          0.001
      79739.130       2839.975     832482.919          0.000
      78878.983       2229.914     800589.870          0.001
      78758.819       3225.286    1655717.147          0.001
       1822.271       3110.882    1888777.378          0.001
       1119.955       3485.016     857339.100          0.001
       2323.543       3421.395     850443.745          0.002
       3095.634       3899.667     940138.234          0.003
       1822.271       3110.882    1888777.378          0.001
       2008.551       4030.958     621811.740          0.003
       2941.158       3112.629     850443.745          0.003
       4165.093       3114.540    1322264.662          0.002
       4165.093       3114.540    1322264.662          0.002
       4893.247       3837.066     907718.167          0.002
       4169.064       3476.694     868081.720          0.003
       4184.415       4876.610     924635.241          0.003
       4164.104       3115.266     868081.720          0.002
       3095.634       3899.667     940138.234          0.003
       4165.093       3114.540    1322264.662          0.002
       4893.557       3187.568     879271.366          0.002
       6271.330       3096.445     879271.366          0.001
       7147.256       2729.875     927848.249          0.002
       8098.174       3230.515     887506.233          0.001
       7147.256       2729.875     927848.249          0.002
       8940.321       3148.015     887506.233          0.002
       9926.189       2948.136    1060548.608          0.003
       7848.448       3663.872     887506.233          0.002
       7314.359       4196.402    1014023.882          0.003
       9139.394       3606.937     887506.233          0.002
       9992.959       3897.002    1657590.126          0.003
       9926.189       2948.136    1060548.608          0.003
       9992.959       3897.002    1657590.126          0.003
       9938.160       2948.019     877346.372          0.003
      11338.093       2934.339     872865.072          0.003
      11955.421       2928.307    1580453.005          0.002
      12181.671       3599.391     904338.149          0.001
      11174.516       3313.771     872865.072          0.003
       9992.959       3897.002    1657590.126          0.003
      17176.095       2993.162     742368.454          0.003
      17702.129       3485.022     902469.274          0.001
      17176.095       2993.162     742368.454          0.003
      16444.065       3831.597     634726.164          0.003
      17176.095       2993.162     742368.454          0.003
      16065.657       3159.466     880460.940          0.002
      19418.747       3260.653    2525730.470          0.001
      20136.335       3001.726    1768969.738          0.001
      19418.747       3260.653    2525730.470          0.001
      18274.653       3818.531     902469.274          0.001
      20143.245       3340.524     881904.434          0.002
      20161.269       4224.278    1131431.264          0.002
      20995.655       3066.998     881904.434          0.002
      22101.316       3150.981    1194836.924          0.003
      22101.316       3150.981    1194836.924          0.003
      22740.488       3560.591     900050.173          0.002
      22101.316       3150.981    1194836.924          0.003
      21624.333       4282.574     923502.728          0.002
      21794.746       3320.585     887524.922          0.003
      20569.720       3998.310     914831.397          0.003
      24556.782       3239.448     646431.287          0.001
      24555.078       3869.087  224802661.505          0.000
      24401.496       3322.917     879027.086          0.001
      23296.469       3916.889    2265761.879          0.001
      26063.912       3135.052     876794.766          0.001
      27110.228       3018.296    3696024.463          0.001
      28083.391       4336.902     873313.499          0.003
      28511.107       4916.444     796527.668          0.003
      28100.269       3450.613     873313.499          0.002
      29278.821       3965.246    1600337.222          0.002
      27110.228       3018.296    3696024.463          0.001
      26431.246       4153.593     902774.356          0.001
      27570.965       3034.369     873313.499          0.002
      28970.114       3083.180     879109.747          0.002
      29952.973       3461.574     879109.747          0.002
      31174.719       4145.195     904972.098          0.002
      32323.644       3014.577    1343357.550          0.001
      32919.137       3711.827     897035.370          0.001
      32211.191       3181.437     872675.026          0.001
      31455.715       4302.426    2929905.543          0.001
      34910.153       4357.284     875694.062          0.002
      35402.378       5119.332    1981188.249          0.002
      34688.066       3175.064     875694.062          0.001
      35472.226       3062.158     656427.031          0.002
      34192.609       3246.401    4361490.454          0.001
      33445.114       4196.552     897035.370          0.000
      35472.226       3062.158     656427.031          0.002
      35652.856       3854.398    2304812.886          0.002
      35870.951       3030.057     876403.240          0.002
      36648.864       2967.429     891308.337          0.003
      36829.597       3180.496     877705.570          0.003
      37657.318       4156.299     792128.959          0.003
      36648.864       2967.429     891308.337          0.003
      35975.818       3566.793     895947.309          0.002
      36648.864       2967.429     891308.337          0.003
      37809.281       2993.073     876058.981          0.003
      38573.847       3009.969    1970791.769          0.002
      39281.611       3074.173     873777.987          0.002
      38573.847       3009.969    1970791.769          0.002
      38630.376       4103.745    1723206.286          0.002
      38153.422       3535.807     876058.981          0.002
      37657.318       4156.299     792128.959          0.003
      39308.905       3795.849     873777.987          0.002
      38630.376       4103.745    1723206.286          0.002
      41768.104       3435.737     877025.261          0.001
      42498.625       4274.864    3547039.062          0.001
      41650.163       3300.263    1069483.387          0.001
      40860.259       3888.956     898340.396          0.001
      47808.321       3282.409     872852.904          0.002
      48735.708       3177.887     670496.722          0.003
      47534.693       3313.249     842714.737          0.002
      47557.884       4188.140    1206289.019          0.002
      47534.693       3313.249     842714.737          0.002
      46864.274       3615.196     887114.308          0.001
      48709.666       3482.527     868845.014          0.003
      48590.422       4877.440     909560.293          0.003
      48735.708       3177.887     670496.722          0.003
      47886.841       3905.984     894438.289          0.002
      48735.708       3177.887     670496.722          0.003
      49270.642       3639.045     882995.687          0.002
      51307.786       3145.780     851883.947          0.001
      52493.223       3890.588     881867.438          0.001
      50247.355       3274.267     851883.947          0.001
      49528.969       3861.743    1843747.763          0.001
      52808.111       2938.733     858729.457          0.002
      53660.725       2812.953     587741.419          0.003
      52743.212       2948.307     637563.386          0.002
      52582.320       3724.097     881867.438          0.001
      53660.725       2812.953     587741.419          0.003
      54594.031       3800.025     890266.152          0.002
      53660.725       2812.953     587741.419          0.003
      54609.564       2934.908     866235.937          0.002
      59664.803       3068.066     861087.829          0.002
      59669.325       3993.085     891209.889          0.001
      59467.880       3248.256     862345.838          0.002
      58700.478       3950.449     757812.798          0.002
      63858.815       3867.534     859045.738          0.002
      63647.569       4902.748     745538.390          0.002
      63997.539       3187.719    2193644.932          0.001
      64676.904       3924.132     882002.317          0.001
      63729.182       3446.877     859045.738          0.001
      62722.124       4419.416     912297.597          0.002
      65891.538       3000.330     846635.530          0.002
      66585.159       3113.088     956751.751          0.002
      66592.796       3142.871     863326.478          0.002
      66845.098       4126.724    1473890.068          0.002
      66585.159       3113.088     956751.751          0.002
      67658.677       3043.026     861900.185          0.002
      66585.159       3113.088     956751.751          0.002
      65813.727       3451.090     882002.317          0.002
      67484.727       3534.169     861900.185          0.002
      66845.098       4126.724    1473890.068          0.002
      68830.104       3121.411     861900.185          0.002
      70022.727       3277.854    1518796.987          0.002
      70004.057       3764.811     874259.216          0.002
      69960.383       4903.941     981267.941          0.003
      70022.727       3277.854    1518796.987          0.002
      70736.032       4003.847     902476.532          0.001
      70022.727       3277.854    1518796.987          0.002
      70735.697       3245.093     869625.672          0.002
      69847.671       3413.690     874259.216          0.002
      68741.603       4271.952     910844.315          0.002
      72318.168       4249.514     869625.672          0.002
      72736.473       5033.511    1018883.361          0.002
      72046.378       3049.586     869625.672          0.001
      72898.532       2611.758    2120721.741          0.001
      74097.712       3211.870     873076.554          0.003
      75103.349       4185.879     899908.108          0.003
      74035.729       3151.836     543517.861          0.003
      74974.260       3242.802    1114305.917          0.003
      74035.729       3151.836     543517.861          0.003
      73544.440       3693.323     901080.451          0.002
      74974.260       3242.802    1114305.917          0.003
      75932.128       3769.871     887076.299          0.003
      75211.799       3220.199     875745.062          0.003
      76605.503       3087.580     857742.599          0.004
      74974.260       3242.802    1114305.917          0.003
      75107.846       4190.235     912732.921          0.003
      77201.253       3030.891     710729.797          0.003
      77000.833       3946.188     887076.299          0.002
      77201.253       3030.891     710729.797          0.003
      77959.780       3125.560     847322.629          0.002
      78758.819       3225.286    1655717.147          0.001
      78794.458       4356.675     873622.974          0.001
      78758.819       3225.286    1655717.147          0.001
      79435.373       3692.071     855222.642          0.001
      78178.368       3568.914     847322.629          0.002
      76973.648       4282.111     887076.299          0.001
        734.010       4547.929     857339.100          0.001
       1887.007       5280.396    8807386.719          0.001
       2008.551       4030.958     621811.740          0.003
       1930.226       4836.123     897210.088          0.001
       2232.454       4003.916     878992.514          0.003
       3095.634       3899.667     940138.234          0.003
       3188.522       3991.330     887792.239          0.003
       4185.028       4974.680     924635.241          0.003
       5736.063       4336.756     907718.167          0.002
       6954.337       4859.279    2654576.565          0.002
       4834.181       4366.211     907718.167          0.002
       4185.495       4975.141    1212219.525          0.003
       8127.657       4683.777     920875.705          0.004
       9214.455       5335.048    1829053.214          0.003
       7314.359       4196.402    1014023.882          0.003
       6954.337       4859.279    2654576.565          0.002
       7314.359       4196.402    1014023.882          0.003
       7189.490       3100.529     859593.332          0.003
       9992.959       3897.002    1657590.126          0.003
      10834.495       4757.622     945940.606          0.002
       9758.232       4330.588     911654.070          0.003
       9214.455       5335.048    1829053.214          0.003
      12619.468       4324.140     904338.149          0.001
      13249.418       4942.949     597187.478          0.002
      12330.221       4040.008   20312114.438          0.001
      13718.701       3947.879     894926.798          0.001
      14799.458       4195.076     894926.798          0.001
      15507.750       4484.784    1604615.789          0.002
      14398.571       3763.052     894926.798          0.001
      15213.824       3287.040    2356991.475          0.001
      16444.065       3831.597     634726.164          0.003
      17065.161       5027.416     935729.072          0.002
      16444.065       3831.597     634726.164          0.003
      15761.601       3529.509     880460.940          0.002
      16444.065       3831.597     634726.164          0.003
      15688.273       4358.849     915863.395          0.002
      18517.985       3870.955     902469.274          0.001
      19264.144       3838.509     520481.198          0.002
      19264.144       3838.509     520481.198          0.002
      20161.269       4224.278    1131431.264          0.002
      19289.923       3991.855     903542.740          0.002
      19462.174       5016.476     801772.974          0.003
      20161.269       4224.278    1131431.264          0.002
      21059.849       4781.261     923502.728          0.002
      20161.269       4224.278    1131431.264          0.002
      19462.174       5016.476     801772.974          0.003
      25165.259       4016.709     893325.507          0.001
      26342.741       4301.579    4866732.281          0.001
      26342.741       4301.579    4866732.281          0.001
      25312.947       4991.067     913550.316          0.001
      29357.458       4234.637     903832.593          0.002
      29560.275       4929.436     503227.399          0.003
      29340.582       3974.812     903832.593          0.002
      30724.084       4189.103     904972.098          0.002
      29067.375       4227.228     903832.593          0.002
      28511.107       4916.444     796527.668          0.003
      31455.715       4302.426    2929905.543          0.001
      32297.065       4637.074     913000.743          0.001
      31455.715       4302.426    2929905.543          0.001
      31334.485       5343.751    1223612.239          0.001
      30287.197       4688.971     904972.098          0.003
      29560.275       4929.436     503227.399          0.003
      36017.100       4459.609     895947.309          0.002
      36397.163       5091.104     659048.423          0.003
      36769.367       4022.560     895947.309          0.003
      37657.318       4156.299     792128.959          0.003
      35647.104       3883.443     895947.309          0.002
      35402.378       5119.332    1981188.249          0.002
      37657.318       4156.299     792128.959          0.003
      38134.453       4766.508     919593.524          0.002
      37597.796       4200.453     907113.962          0.003
      36473.395       5034.554     924415.033          0.003
      38630.376       4103.745    1723206.286          0.002
      38251.240       4915.867    1906336.570          0.002
      43101.339       4841.789     901906.913          0.002
      44121.102       5800.998     930158.519          0.002
      42497.525       4444.348     901906.913          0.002
      42488.441       5844.318     926488.090          0.002
      42498.625       4274.864    3547039.062          0.001
      41719.755       4750.615     915533.960          0.002
      42953.406       4181.352     901906.913          0.002
      44324.717       3899.383     891552.221          0.002
      44656.533       3831.155    2173670.243          0.002
      45455.996       4953.525     915115.073          0.002
      44576.908       4393.280     891552.221          0.002
      44380.557       5779.442     930158.519          0.002
      45968.547       4414.327     887114.308          0.001
      45523.373       5048.116    1140999.544          0.002
      47869.133       4403.185     894438.289          0.002
      48588.477       4900.189     542635.609          0.003
      47557.884       4188.140    1206289.019          0.002
      46973.848       4805.828     916283.845          0.001
      49515.281       4022.275     882995.687          0.001
      49413.580       5215.018    1806505.423          0.002
      49060.527       4378.974     882995.687          0.002
      48588.477       4900.189     542635.609          0.003
      51095.124       4117.132     887323.009          0.001
      52482.417       3928.936     881867.438          0.001
      51506.391       4495.439     887323.009          0.001
      52792.420       4957.190    9889283.966          0.001
      53774.803       3940.111     881867.438          0.002
      54740.698       3955.141    2316924.791          0.002
      54738.941       4262.515     890266.152          0.002
      54730.941       5662.492     956796.990          0.002
      55153.891       4472.466     890266.152          0.002
      55777.940       5253.784    1492939.526          0.003
      54740.698       3955.141    2316924.791          0.002
      56044.973       3897.792     889010.449          0.002
      54740.698       3955.141    2316924.791          0.002
      53685.994       4497.602     910630.879          0.002
      57126.888       4104.663     889010.449          0.002
      58373.938       4740.955     912638.377          0.002
      57540.382       3904.768     889010.449          0.002
      58700.478       3950.449     757812.798          0.002
      58700.478       3950.449     757812.798          0.002
      58704.399       4768.769     912638.377          0.001
      59699.310       4297.922     891209.889          0.001
      60674.381       5023.085    2128541.141          0.001
      67071.933       4596.225     899396.256          0.003
      67680.974       5856.808     964548.333          0.003
      66912.045       4134.007     899396.256          0.002
      68303.834       4285.414     910844.315          0.002
      66845.098       4126.724    1473890.068          0.002
      66297.612       4668.947     923672.268          0.002
      69144.544       5241.986     910844.315          0.003
      69672.206       6266.562    1681797.035          0.003
      68450.889       4833.896     910844.315          0.003
      67891.313       6117.202     964548.333          0.002
      68939.043       4445.214     910844.315          0.002
      69960.383       4903.941     981267.941          0.003
      70889.675       4230.618     902476.532          0.002
      71485.319       5497.586     949627.652          0.002
      70826.216       4095.636    2509832.583          0.001
      71771.018       4998.015     930421.959          0.001
      74233.272       4596.635     901080.451          0.003
      75028.649       4953.861    1070830.715          0.003
      74221.508       4156.113     901080.451          0.002
      75107.846       4190.235     912732.921          0.003
      73143.122       4155.167     901080.451          0.001
      72736.473       5033.511    1018883.361          0.002
      73155.384       4079.918     901080.451          0.001
      72914.120       2700.863     846699.634          0.001
      75107.846       4190.235     912732.921          0.003
      76098.847       4257.714     887076.299          0.002
      75107.846       4190.235     912732.921          0.003
      75028.649       4953.861    1070830.715          0.003
      76920.370       4313.652    2265275.835          0.001
      77781.916       4633.692     873622.974          0.001
      79819.860       4223.941     855222.642          0.000
      78815.276       5017.556   13433162.082          0.000
       1887.007       5280.396    8807386.719          0.001
        698.153       5810.907     886864.483          0.001
       4185.495       4975.141    1212219.525          0.003
       3885.839       5927.377    1757570.456          0.002
       4185.495       4975.141    1212219.525          0.003
       5266.042       4860.451    1277613.788          0.002
       5346.456       4988.884     931895.814          0.002
       6000.133       6032.894    1307211.453          0.002
       5144.365       4954.510     931895.814          0.002
       4036.723       5810.740     940442.951          0.002
       5266.042       4860.451    1277613.788          0.002
       6658.485       4859.484     942329.331          0.002
       6954.891       5006.862     942329.331          0.002
       6959.188       6151.273    2089516.021          0.002
       6723.062       5143.733     942329.331          0.003
       6000.133       6032.894    1307211.453          0.002
       8145.683       5110.065     942329.331          0.003
       9214.455       5335.048    1829053.214          0.003
       9150.201       5434.970     960450.804          0.003
       8392.987       6612.521     989541.342          0.003
       9214.455       5335.048    1829053.214          0.003
      10095.099       5953.103     972076.370          0.003
       9214.455       5335.048    1829053.214          0.003
      10084.872       5246.592     945940.606          0.003
       9214.455       5335.048    1829053.214          0.003
       7909.367       5807.385     972245.458          0.003
      11008.681       5353.263     945940.606          0.002
      10335.236       6121.636    2764140.136          0.002
      11201.645       5133.099    2213760.259          0.002
      11885.457       5925.225     958790.599          0.001
      13249.418       4942.949     597187.478          0.002
      13934.516       5595.287     948926.535          0.001
      13249.252       4943.096     930580.240          0.002
      12196.193       5865.629     958790.599          0.002
      13249.418       4942.949     597187.478          0.002
      13945.995       5046.814     932014.976          0.001
      17072.044       5040.669    1747201.748          0.002
      15979.530       4652.435     915863.395          0.002
      17226.736       5296.015     935729.072          0.002
      17952.140       6493.424     974569.464          0.003
      17072.044       5040.669    1747201.748          0.002
      18260.843       5537.713     944618.683          0.002
      17072.044       5040.669    1747201.748          0.002
      16197.262       5958.729     949869.932          0.002
      19462.174       5016.476     801772.974          0.003
      20525.058       5802.594     943939.955          0.002
      19462.174       5016.476     801772.974          0.003
      20621.218       4978.775     923502.728          0.002
      19462.174       5016.476     801772.974          0.003
      19159.274       5706.491     944618.683          0.002
      21340.739       4955.370    2345565.819          0.002
      21965.994       5830.817     936890.036          0.001
      21337.108       4989.802     923502.728          0.002
      21198.862       6300.945    2158306.388          0.002
      22484.921       5200.340    5636818.675          0.001
      22268.433       6254.275    8970305.020          0.001
      22634.436       4963.885     919604.269          0.001
      23296.469       3916.889    2265761.879          0.001
      23267.718       4899.240     917799.034          0.001
      23296.469       3916.889    2265761.879          0.001
      23640.729       5254.850     917799.034          0.001
      25032.837       5106.415     913550.316          0.001
      24773.920       5590.607     913550.316          0.001
      24245.999       6269.461     496208.616          0.002
      25534.634       5093.498     913550.316          0.001
      26272.119       5094.998    1694620.539          0.002
      27328.858       5648.580     918025.617          0.003
      28253.564       6132.995    1798779.022          0.003
      27555.446       4992.655     918025.617          0.003
      28511.107       4916.444     796527.668          0.003
      26272.119       5094.998    1694620.539          0.002
      26172.069       6050.622     935955.089          0.001
      28511.107       4916.444     796527.668          0.003
      28253.564       6132.995    1798779.022          0.003
      28511.107       4916.444     796527.668          0.003
      29560.275       4929.436     503227.399          0.003
      29560.275       4929.436     503227.399          0.003
      30245.359       5089.417     921824.656          0.003
      29556.205       4933.184     926138.230          0.003
      28526.446       5881.655     940844.731          0.003
      31334.485       5343.751    1223612.239          0.001
      32241.090       5206.203     913000.743          0.001
      31334.485       5343.751    1223612.239          0.001
      30460.362       5918.559     930011.905          0.001
      34701.147       5093.630     913000.743          0.002
      35402.378       5119.332    1981188.249          0.002
      35624.544       5335.652     921192.257          0.002
      36539.556       6226.583    2578071.925          0.002
      35402.378       5119.332    1981188.249          0.002
      34889.678       5812.419     932136.221          0.002
      36397.163       5091.104     659048.423          0.003
      36515.278       6032.978     937401.244          0.002
      36397.163       5091.104     659048.423          0.003
      37493.252       4987.508     919593.524          0.003
      38251.240       4915.867    1906336.570          0.002
      38426.299       5887.178    1838289.184          0.002
      38251.240       4915.867    1906336.570          0.002
      38971.706       5040.670     915533.960          0.002
      37845.584       5226.496     919593.524          0.002
      36734.041       6077.656     937401.244          0.002
      39115.276       5726.640     915533.960          0.002
      38426.299       5887.178    1838289.184          0.002
      45523.373       5048.116    1140999.544          0.002
      46136.587       5818.903     931925.527          0.001
      45325.100       5210.931     915115.073          0.002
      44347.358       6013.818    3077292.828          0.002
      46973.615       5973.725     916283.845          0.001
      47552.964       6959.878    3372998.554          0.001
      48588.477       4900.189     542635.609          0.003
      48103.070       5865.690     943076.367          0.003
      48588.477       4900.189     542635.609          0.003
      49251.942       5153.343     915546.895          0.002
      49421.706       5377.475     915546.895          0.002
      49491.646       6775.727     953629.172          0.002
      49413.580       5215.018    1806505.423          0.002
      49971.512       5762.883     940112.553          0.001
      49101.875       5507.330     915546.895          0.002
      48080.669       6465.003     943076.367          0.002
      52705.429       5533.059     910630.879          0.002
      52587.595       6313.108    1321950.805          0.002
      52637.134       5043.343     910630.879          0.001
      51412.922       5722.537     940112.553          0.002
      55763.569       5514.154     934380.064          0.003
      55686.417       6912.027     986960.621          0.003
      55777.940       5253.784    1492939.526          0.003
      56588.517       4925.315    1182780.640          0.002
      56412.358       5599.584     934380.064          0.003
      57510.228       6197.995     917512.942          0.003
      55777.940       5253.784    1492939.526          0.003
      55036.932       5718.051     956796.990          0.002
      57011.481       5509.335     921144.909          0.003
      57510.228       6197.995     917512.942          0.003
      56588.517       4925.315    1182780.640          0.002
      57730.926       4917.002     912638.377          0.002
      58731.866       4911.453     912638.377          0.001
      60129.559       4991.776     906916.871          0.002
      60674.381       5023.085    2128541.141          0.001
      61739.541       5183.985     912297.597          0.001
      60625.066       5408.324     906916.871          0.002
      60523.369       6202.765     862607.072          0.002
      59515.935       5720.935     906916.871          0.003
      58914.597       6083.181    1189875.578          0.002
      62862.239       5040.699     912297.597          0.002
      63647.569       4902.748     745538.390          0.002
      63647.875       4993.811     905400.294          0.002
      63652.133       6261.074     931662.481          0.002
      63647.569       4902.748     745538.390          0.002
      64314.369       5173.673     921595.136          0.001
      63647.569       4902.748     745538.390          0.002
      62861.820       6015.911     943161.470          0.002
      64746.634       5349.306   44582560.822          0.001
      65669.287       5291.232   10367087.744          0.001
      64861.027       5420.235     921595.136          0.001
      65635.398       5900.386    3925867.192          0.001
      69960.383       4903.941     981267.941          0.003
      70638.909       5289.942     949627.652          0.002
      69924.193       5075.063     927618.433          0.003
      69672.206       6266.562    1681797.035          0.003
      73310.611       5427.944     923191.721          0.002
      74035.961       5926.260    1919984.899          0.003
      72751.664       5170.162     923191.721          0.002
      72867.399       6211.260     680075.167          0.003
      75028.649       4953.861    1070830.715          0.003
      75824.662       5775.320     929373.114          0.002
      74936.984       5043.653     913125.142          0.003
      74035.961       5926.260    1919984.899          0.003
      77045.399       5269.460     895494.511          0.001
      77792.457       6175.910    1240662.507          0.002
      78815.276       5017.556   13433162.082          0.000
      79786.028       5922.895     884166.071          0.000
      78276.004       5628.288     873622.974          0.001
      77792.457       6175.910    1240662.507          0.002
       1291.625       6079.070     886864.483          0.001
       2009.115       6054.972     961317.643          0.001
       2009.115       6054.972     961317.643          0.001
       2248.851       7146.831    2561254.319          0.001
       2009.115       6054.972     961317.643          0.001
       1315.293       6430.660     895296.361          0.002
       2810.049       6000.518     913128.953          0.002
       3885.839       5927.377    1757570.456          0.002
       3885.839       5927.377    1757570.456          0.002
       4027.331       6962.992     946424.566          0.002
       3885.839       5927.377    1757570.456          0.002
       3029.152       6565.555     923197.472          0.002
       4509.360       5958.494     940442.951          0.003
       5907.620       6028.277     965015.545          0.003
       6000.133       6032.894    1307211.453          0.002
       4888.943       6582.733     946424.566          0.003
       6000.133       6032.894    1307211.453          0.002
       6959.188       6151.273    2089516.021          0.002
       7069.394       6276.851     972245.458          0.003
       7957.838       7289.224    2777415.949          0.002
       9934.021       6748.529     972076.370          0.003
       9179.343       7927.707    1006519.175          0.003
      10335.236       6121.636    2764140.136          0.002
      11016.302       7023.923    1869750.772          0.002
       9610.788       6477.427     972076.370          0.003
       8354.159       7094.583     989541.342          0.003
      12028.302       6067.799     958790.599          0.001
      13249.252       6752.841     976094.086          0.002
      11989.969       6046.292   12097248.725          0.001
      13342.120       6044.774     948926.535          0.002
      15436.328       6011.623     948926.535          0.002
      16168.487       5988.928    2058706.750          0.002
      16591.498       6191.837     949869.932          0.002
      17853.790       6797.328     974569.464          0.002
      16186.388       6207.596     949869.932          0.002
      16255.641       7053.530     808872.552          0.003
      16168.487       5988.928    2058706.750          0.002
      15404.156       6983.149     975985.329          0.002
      16168.487       5988.928    2058706.750          0.002
      15661.704       4835.253     915863.395          0.002
      19658.792       6658.902     944618.683          0.002
      20125.486       7288.696     914158.677          0.003
      19616.778       5987.212     944618.683          0.002
      20990.037       6259.534     943939.955          0.002
      21198.862       6300.945    2158306.388          0.002
      21402.359       7223.251    4297407.016          0.001
      20744.770       6718.813     943939.955          0.002
      20125.486       7288.696     914158.677          0.003
      22294.469       7147.818     936890.036          0.002
      22324.788       8188.337     928863.792          0.002
      22268.433       6254.275    8970305.020          0.001
      23294.096       7036.155     956558.871          0.001
      24245.999       6269.461     496208.616          0.002
      25499.739       6221.204     935955.089          0.002
      24245.999       6269.461     496208.616          0.002
      24329.890       7293.760     961527.261          0.001
      24245.999       6269.461     496208.616          0.002
      23795.305       6819.177     956558.871          0.001
      25714.749       6473.292     935955.089          0.002
      24528.834       7217.339     961527.261          0.001
      28204.601       6222.617     940844.731          0.003
      27533.374       7451.216     982258.292          0.003
      28253.564       6132.995    1798779.022          0.003
      28596.057       7032.829    1220675.557          0.003
      28253.564       6132.995    1798779.022          0.003
      27483.734       6591.520     964326.395          0.003
      28253.564       6132.995    1798779.022          0.003
      28996.493       6061.193     930011.905          0.003
      30344.514       6941.500     930011.905          0.002
      30223.948       8023.911    2286779.450          0.002
      30523.619       6002.816     930011.905          0.001
      31390.002       7102.534     948603.836          0.001
      32930.344       6177.363     924244.620          0.001
      34321.380       6335.539     932136.221          0.001
      34209.065       6569.920     932136.221          0.001
      33099.976       7424.274     959338.775          0.001
      36539.556       6226.583    2578071.925          0.002
      35782.158       6985.611     951678.341          0.002
      36844.368       6489.996     937401.244          0.003
      37505.533       7061.362     886112.004          0.003
      36502.648       6559.361     937401.244          0.002
      36348.321       7950.829     966359.669          0.002
      36666.145       6203.811     937401.244          0.002
      38044.029       5955.944     929776.307          0.002
      38425.288       5944.876     929776.307          0.002
      38401.335       7312.322    1783330.932          0.002
      38020.490       6404.675     929776.307          0.003
      37505.533       7061.362     886112.004          0.003
      38426.299       5887.178    1838289.184          0.002
      39126.517       6268.337     936048.087          0.002
      40792.668       6273.046     922695.379          0.001
      41465.035       7045.120    3059995.475          0.001
      41605.342       5973.570     922695.379          0.002
      42487.697       5959.016    2692091.661          0.002
      42904.897       6903.656     926488.090          0.003
      43395.706       8014.967    1286803.415          0.003
      42487.697       5959.016    2692091.661          0.002
      41688.974       6807.288     937066.624          0.001
      42888.120       5970.816     926488.090          0.002
      44287.512       6012.055     930158.519          0.002
      44347.358       6013.818    3077292.828          0.002
      45275.085       6127.120     931925.527          0.002
      43984.008       6777.877     930158.519          0.003
      43395.706       8014.967    1286803.415          0.003
      51049.822       6695.658     940112.553          0.001
      51848.240       7307.355    1299138.102          0.001
      52587.595       6313.108    1321950.805          0.002
      53345.934       7437.115     983272.765          0.002
      52587.595       6313.108    1321950.805          0.002
      52004.819       7096.796     961844.784          0.002
      52846.646       6264.434     953039.327          0.003
      54222.568       6005.906     956796.990          0.002
      54684.168       6031.269     956796.990          0.002
      54191.415       7341.687     983272.765          0.002
      57510.228       6197.995     917512.942          0.003
      58440.956       6121.904     961660.989          0.003
      57510.228       6197.995     917512.942          0.003
      57871.499       7085.604     987784.988          0.003
      57510.228       6197.995     917512.942          0.003
      56292.760       6733.928     986960.621          0.003
      58914.597       6083.181    1189875.578          0.002
      59306.682       6772.193     979466.619          0.002
      58777.619       6226.649     961660.989          0.003
      57897.210       7148.773    1555809.219          0.003
      58914.597       6083.181    1189875.578          0.002
      60077.824       6169.647     954576.314          0.003
      60523.369       6202.765     862607.072          0.002
      61088.631       6677.901     972533.428          0.002
      60523.369       6202.765     862607.072          0.002
      59854.027       7109.154     979466.619          0.002
      63124.326       6763.809     943161.470          0.002
      63598.486       8049.290    1217020.595          0.003
      62853.044       6028.344    1340782.810          0.002
      63652.133       6261.074     931662.481          0.002
      62853.044       6028.344    1340782.810          0.002
      62216.739       6669.452     972533.428          0.001
      63652.133       6261.074     931662.481          0.002
      64366.434       6852.674     980875.814          0.002
      63640.938       6634.262     950325.372          0.003
      63598.956       8033.633     991876.879          0.003
      65784.978       6599.363     942475.308          0.002
      66070.106       7931.745    4270275.167          0.002
      66781.742       6060.132     942475.308          0.003
      67851.213       6209.166    3878829.248          0.002
      65635.398       5900.386    3925867.192          0.001
      65010.571       7062.068     980875.814          0.001
      68429.146       7052.743     964548.333          0.003
      69032.659       7933.656    2172819.614          0.003
      68435.811       6227.592     964548.333          0.003
      69672.206       6266.562    1681797.035          0.003
      67716.770       6344.150     964548.333          0.002
      66884.857       7179.410    1558636.202          0.003
      69672.206       6266.562    1681797.035          0.003
      70281.451       6741.402     990942.332          0.002
      69510.207       6688.842     968537.193          0.003
      69032.659       7933.656    2172819.614          0.003
      72161.920       6012.524     949627.652          0.002
      72867.399       6211.260     680075.167          0.003
      73032.698       6170.945     956605.417          0.003
      74035.961       5926.260    1919984.899          0.003
      72867.399       6211.260     680075.167          0.003
      72743.342       6978.745    1706787.889          0.002
      74077.951       5978.577     944315.466          0.003
      74954.262       7070.401     957002.456          0.004
      74035.961       5926.260    1919984.899          0.003
      74010.233       7222.279     984291.705          0.003
      74035.961       5926.260    1919984.899          0.003
      75172.346       6025.884     929373.114          0.003
      74035.961       5926.260    1919984.899          0.003
      73016.557       6756.286     979621.664          0.003
      76092.378       6622.265     929373.114          0.002
      75933.868       8013.262     957002.456          0.002
      76150.566       6111.642    2865456.859          0.002
      77449.506       6162.486     909664.422          0.002
      76150.566       6111.642    2865456.859          0.002
      76880.529       7149.571     937572.670          0.002
      77792.457       6175.910    1240662.507          0.002
      77804.764       7274.184     926587.392          0.001
      77792.457       6175.910    1240662.507          0.002
      78378.524       6670.850     904633.093          0.001
      77759.541       6216.609     909664.422          0.002
      76938.416       7231.881    1148849.041          0.002
      79897.455       6272.386     884166.071          0.000
      79168.605       7338.082    9882112.652          0.000
       2248.851       7146.831    2561254.319          0.001
       2088.311       8496.602     905834.830          0.002
       2352.084       7347.873     923197.472          0.002
       2852.452       8322.319     805481.691          0.002
       2248.851       7146.831    2561254.319          0.001
       1437.545       7513.524     898231.473          0.002
       2777.782       7105.132     923197.472          0.002
       4033.229       7006.157    2225369.151          0.002
       3921.860       7130.295     946424.566          0.002
       2986.959       8172.390     930937.877          0.002
       4033.229       7006.157    2225369.151          0.002
       5339.948       7212.442     971637.946          0.002
       6112.703       7899.466     971637.946          0.002
       6228.913       8964.440     980725.544          0.002
       7957.838       7289.224    2777415.949          0.002
       7121.195       8110.498     900722.186          0.003
       7957.838       7289.224    2777415.949          0.002
       8873.089       8321.291    1006519.175          0.003
      11011.050       7413.160     984659.500          0.003
      10998.442       8347.597    1920855.277          0.003
      11016.302       7023.923    1869750.772          0.002
      11942.271       6936.352     976774.287          0.002
      10424.043       7397.785     984659.500          0.003
       9240.182       8145.096    1006519.175          0.003
      12177.761       7743.168     976774.287          0.003
      12360.235       9058.661    2530173.741          0.002
      12064.246       6924.816    4256004.857          0.002
      13154.234       7799.023     999840.032          0.002
      12064.246       6924.816    4256004.857          0.002
      13050.235       7060.047     976094.086          0.002
      14445.805       7169.468     976094.086          0.001
      15303.131       7114.560    2124044.745          0.002
      15511.802       7341.854     975985.329          0.002
      16196.327       8087.470    1415494.828          0.002
      15303.131       7114.560    2124044.745          0.002
      14635.917       7756.223     999088.798          0.001
      16255.641       7053.530     808872.552          0.003
      17429.283       7015.191     974569.464          0.003
      16439.475       7132.866     977182.128          0.003
      17724.881       7687.601    1005123.764          0.003
      16255.641       7053.530     808872.552          0.003
      16196.870       8078.009    1005448.687          0.002
      18983.228       7105.561     974569.464          0.003
      20125.486       7288.696     914158.677          0.003
      20125.486       7288.696     914158.677          0.003
      20175.427       8107.778    1078893.861          0.003
      20071.044       7309.236     977764.446          0.003
      18761.165       7803.418    1005123.764          0.003
      21361.497       7860.496     967248.666          0.002
      21287.490       9014.670    1860038.969          0.002
      21479.592       7304.056     967248.666          0.002
      22324.788       8188.337     928863.792          0.002
      24754.569       7326.600     961527.261          0.002
      26153.881       7282.744     964326.395          0.002
      25258.507       7634.869     961527.261          0.002
      26202.333       7936.001     666458.911          0.002
      24331.004       7365.634     961527.261          0.001
      24238.955       8261.131    1120844.707          0.002
      28596.057       7032.829    1220675.557          0.003
      27844.655       8166.731    1006564.211          0.003
      28596.057       7032.829    1220675.557          0.003
      28802.815       8001.095    1017105.063          0.003
      28596.057       7032.829    1220675.557          0.003
      29507.319       7587.617     975722.016          0.003
      28596.057       7032.829    1220675.557          0.003
      27617.098       7603.692     982258.292          0.003
      31420.166       7830.406     948603.836          0.002
      31193.572       9211.947     992912.621          0.001
      31513.779       7259.647    4434169.686          0.001
      32329.384       7847.709     959338.775          0.001
      37505.533       7061.362     886112.004          0.003
      38059.956       7569.240     959268.087          0.002
      37462.665       7628.866     949956.181          0.004
      37359.165       8999.065     944655.128          0.003
      37505.533       7061.362     886112.004          0.003
      36666.837       7734.912     966359.669          0.003
      38401.335       7312.322    1783330.932          0.002
      39113.997       7561.837     951516.116          0.002
      38401.335       7312.322    1783330.932          0.002
      38453.143       7929.419    3005489.714          0.002
      42031.213       8116.915     937066.624          0.002
      42528.559       9058.408    1375851.128          0.002
      42634.977       7632.824     937066.624          0.002
      43395.706       8014.967    1286803.415          0.003
      41465.035       7045.120    3059995.475          0.001
      40663.269       7837.194     951516.116          0.001
      46229.111       7157.159     944669.279          0.002
      47552.964       6959.878    3372998.554          0.001
      47522.317       7278.839     943076.367          0.002
      47454.158       7988.198    1204692.589          0.003
      47764.854       7004.682     943076.367          0.002
      49134.568       7294.309     953629.172          0.002
      49119.366       8438.265     953629.172          0.002
      48796.228       9291.342    1401750.024          0.002
      49547.372       7436.726     953629.172          0.001
      49854.351       8160.326     491682.306          0.003
      48412.902       7704.388     953629.172          0.002
      47454.158       7988.198    1204692.589          0.003
      52233.236       7479.151     961844.784          0.002
      53511.723       8049.650     983272.765          0.002
      55687.774       7034.578     986960.621          0.003
      55904.427       8104.989    1342540.243          0.003
      56000.512       7183.174     986960.621          0.003
      57219.709       7871.329     993026.674          0.003
      56052.392       7027.451     986960.621          0.003
      57449.374       7119.321     987784.988          0.003
      55681.393       7003.053    2508129.095          0.003
      55030.949       7434.601     983272.765          0.003
      57897.210       7148.773    1555809.219          0.003
      58396.387       7674.924     986944.735          0.002
      57897.210       7148.773    1555809.219          0.003
      57480.037       8018.267    1857317.421          0.003
      59653.191       7381.116    4132369.048          0.001
      60921.501       7263.268     972533.428          0.001
      59624.230       7400.539     979466.619          0.001
      58714.739       8010.479    3175405.158          0.002
      64216.488       7684.176     980875.814          0.002
      63598.486       8049.290    1217020.595          0.003
      66884.857       7179.410    1558636.202          0.003
      66899.510       8397.786    2430336.574          0.002
      67748.860       7482.823     989611.168          0.004
      69032.659       7933.656    2172819.614          0.003
      66884.857       7179.410    1558636.202          0.003
      66294.097       7724.914    1001096.802          0.002
      71871.393       7714.236     990942.332          0.003
      72737.396       8175.946    1137188.704          0.003
      71544.137       7076.221     990942.332          0.002
      72743.342       6978.745    1706787.889          0.002
      72743.342       6978.745    1706787.889          0.002
      73702.452       7936.170     984291.705          0.002
      72742.798       7088.344     979621.664          0.002
      72737.396       8175.946    1137188.704          0.003
      76759.586       7409.372     937572.670          0.002
      75906.161       8256.402    2863891.804          0.002
      79168.605       7338.082    9882112.652          0.000
      79979.781       8143.197     898731.589          0.000
        902.272       8661.896     898231.473          0.001
       1996.713       9266.726    2167838.692          0.001
       2852.452       8322.319     805481.691          0.002
       3854.546       8251.325     957225.730          0.002
       2852.452       8322.319     805481.691          0.002
       2354.000       8872.418     905834.830          0.001
       5046.957       8554.982     957225.730          0.001
       5779.275       9748.175     951592.277          0.001
       5570.726       8599.738     957225.730          0.002
       6228.913       8964.440     980725.544          0.002
       7121.195       8110.498     900722.186          0.003
       7612.311       8850.218     992518.662          0.002
       7252.719       8128.669     989309.478          0.003
       8639.546       8320.266    1006519.175          0.003
       7121.195       8110.498     900722.186          0.003
       6408.698       8792.380     971335.413          0.002
       8904.564       8465.451    1006519.175          0.003
       8903.304       9865.451    1000664.396          0.003
       9725.209       8353.250    1006519.175          0.003
      10998.442       8347.597    1920855.277          0.003
      10981.448       8822.685    1014807.729          0.004
      10936.191      10087.882     977840.594          0.004
      10998.442       8347.597    1920855.277          0.003
      11882.925       8809.432    1020193.736          0.003
      10995.810       8349.644    1014807.729          0.003
       9890.718       9209.163    1000664.396          0.004
      13310.632       7924.460    1551547.445          0.002
      13905.815       9015.454    1019675.315          0.002
      13310.632       7924.460    1551547.445          0.002
      14173.847       7968.945     999088.798          0.001
      13005.264       8288.885     999840.032          0.002
      12360.235       9058.661    2530173.741          0.002
      16692.015       8057.691    1005448.687          0.003
      18089.495       7973.735    1005123.764          0.003
      16196.327       8087.470    1415494.828          0.002
      16234.338       9166.229    1024471.556          0.002
      17985.461       8692.352    1005123.764          0.003
      17361.007       9945.371    1036947.044          0.003
      18934.440       8005.873    1005123.764          0.003
      20175.427       8107.778    1078893.861          0.003
      18993.851       8684.033    1005123.764          0.003
      19921.581       9732.516    1029792.535          0.003
      18291.550       7993.702    1005123.764          0.002
      17089.059       8710.650    1024471.556          0.003
      20177.337       8127.885    1004008.701          0.003
      20309.758       9521.608    1029792.535          0.003
      20175.427       8107.778    1078893.861          0.003
      20921.746       8716.405    1016966.260          0.003
      22324.788       8188.337     928863.792          0.002
      22908.801       8646.241    1005584.129          0.001
      22181.669       8302.348     992602.106          0.002
      21287.490       9014.670    1860038.969          0.002
      24890.749       8153.196     989115.961          0.002
      26202.333       7936.001     666458.911          0.002
      24480.485       8435.995     989115.961          0.002
      25273.673       9010.251    1373838.952          0.002
      24238.955       8261.131    1120844.707          0.002
      23736.655       8759.087    1005584.129          0.001
      26202.333       7936.001     666458.911          0.002
      26802.924       8153.095    5751471.098          0.002
      26139.357       8008.849     986528.625          0.002
      25273.673       9010.251    1373838.952          0.002
      30223.948       8023.911    2286779.450          0.002
      30203.625       9384.458    1007677.274          0.002
      30223.948       8023.911    2286779.450          0.002
      30877.170       8889.178     992912.621          0.002
      30223.948       8023.911    2286779.450          0.002
      29580.579       9259.473    1017105.063          0.002
      33712.701       8074.507     959338.775          0.002
      34573.740       8172.553    1340299.367          0.002
      31910.199       8504.744     959338.775          0.001
      31180.591       9291.092    1565307.936          0.001
      34703.574       8295.401     965416.045          0.003
      35533.578       9080.736    2694142.928          0.002
      35154.234       8114.185     965416.045          0.003
      36343.466       7994.609    2099235.999          0.002
      34573.740       8172.553    1340299.367          0.002
      35433.601       7333.445     951678.341          0.002
      34573.740       8172.553    1340299.367          0.002
      33971.190       8750.214     979863.661          0.001
      36343.466       7994.609    2099235.999          0.002
      35576.967       9022.548     983865.594          0.002
      36780.785       8427.087     966359.669          0.003
      37359.165       8999.065     944655.128          0.003
      38450.398       8224.916     959268.087          0.002
      38439.968       9347.698    1745889.825          0.002
      38453.143       7929.419    3005489.714          0.002
      39275.510       8342.339     967896.518          0.002
      41900.429       8746.903     951516.116          0.002
      42528.559       9058.408    1375851.128          0.002
      43395.706       8014.967    1286803.415          0.003
      44111.744       8051.706     959764.722          0.002
      43395.706       8014.967    1286803.415          0.003
      43833.205       8683.036     980244.915          0.002
      43395.706       8014.967    1286803.415          0.003
      42600.961       8971.286     973016.033          0.003
      46709.104       8039.441     959764.722          0.002
      47454.158       7988.198    1204692.589          0.003
      47669.730       8197.517     961479.073          0.003
      48674.138       9172.793     985739.307          0.002
      47454.158       7988.198    1204692.589          0.003
      46843.945       9125.574     982772.295          0.002
      49854.351       8160.326     491682.306          0.003
      50185.753       8782.994     984210.139          0.001
      49854.351       8160.326     491682.306          0.003
      50556.782       8126.354     966982.311          0.002
      49608.498       8423.116     965355.241          0.004
      48796.228       9291.342    1401750.024          0.002
      53840.121       8303.319     983272.765          0.001
      53601.370       9193.177    3309254.963          0.002
      56058.410       8337.044     995225.747          0.003
      56694.399       9295.492    1054008.707          0.004
      55904.427       8104.989    1342540.243          0.003
      55655.584       9321.868    2790327.485          0.003
      55904.427       8104.989    1342540.243          0.003
      57195.453       8033.931     993026.674          0.003
      57480.037       8018.267    1857317.421          0.003
      58104.943       8495.219    1002320.860          0.002
      57209.110       8458.718     993026.674          0.003
      56694.399       9295.492    1054008.707          0.004
      58714.739       8010.479    3175405.158          0.002
      58704.764       8953.026    4043747.291          0.002
      60294.325       8226.872     984752.102          0.001
      61683.054       8384.340    7477810.680          0.001
      62677.769       8210.343     990540.537          0.002
      63598.486       8049.290    1217020.595          0.003
      61254.261       8797.177     990540.537          0.002
      60245.725       9768.184    1026194.104          0.002
      63598.486       8049.290    1217020.595          0.003
      64258.708       8730.524    1017134.413          0.002
      63598.486       8049.290    1217020.595          0.003
      62843.246       9105.313    2186108.057          0.002
      66068.638       7946.331    1001096.802          0.002
      65944.043       9183.616    4800062.838          0.002
      66070.106       7931.745    4270275.167          0.002
      65054.138       8794.237    1017134.413          0.002
      66899.510       8397.786    2430336.574          0.002
      66145.173       9018.195    1024333.523          0.002
      67739.255       8215.074    1016058.019          0.003
      69032.659       7933.656    2172819.614          0.003
      68178.561       8768.165    1016058.019          0.004
      69032.947       9015.572    1362007.622          0.004
      66899.510       8397.786    2430336.574          0.002
      67050.681       9396.482    2412442.476          0.003
      69032.701       8092.286    1014720.012          0.003
      69032.947       9015.572    1362007.622          0.004
      69032.659       7933.656    2172819.614          0.003
      70249.887       8226.156    1015023.386          0.003
      71151.010       8309.542    1015023.386          0.003
      72546.072       8192.058     999010.635          0.003
      70740.692       8344.096    2085828.534          0.003
      70902.303       9345.582    1016296.087          0.002
      70740.692       8344.096    2085828.534          0.003
      71686.479       8942.609     835905.958          0.004
      69827.566       8703.132    1015023.386          0.004
      69032.947       9015.572    1362007.622          0.004
      72737.396       8175.946    1137188.704          0.003
      73654.427       8210.800     984291.705          0.002
      72737.396       8175.946    1137188.704          0.003
      71705.545       8928.700    1011386.967          0.004
      74084.118       8262.082     984291.705          0.002
      75379.118       8794.035     953925.340          0.002
      74243.323       8227.903     984291.705          0.002
      75643.118       8251.894     957002.456          0.002
      75906.161       8256.402    2863891.804          0.002
      76354.634       8926.920     920696.986          0.002
      75906.161       8256.402    2863891.804          0.002
      75860.662       8991.841    1048597.182          0.002
      77861.345       8014.632     926587.392          0.001
      78525.024       9247.324     888998.013          0.001
      77819.953       8067.400     926587.392          0.001
      77896.622       9465.299     903981.802          0.001
      77812.035       7923.045    7823871.760          0.001
      78965.473       8587.616     892347.030          0.001
      77652.315       8263.999     926587.392          0.001
      77058.418       9531.787     920696.986          0.001
      77812.035       7923.045    7823871.760          0.001
      79036.212       8057.449     898731.589          0.001
        835.641       9218.432     889128.142          0.001
       1996.713       9266.726    2167838.692          0.001
          0.000       9183.674     985325.192          0.000
        843.237       9953.586   62898283.797          0.000
       2106.154       9261.253     905834.830          0.001
       3504.407       9191.327     932624.099          0.001
       1996.713       9266.726    2167838.692          0.001
       1147.038       9772.682     882510.817          0.000
       6228.913       8964.440     980725.544          0.002
       7581.999       9219.261     992518.662          0.002
       7896.671       9278.522    6297308.833          0.002
       7206.794      10391.443     974258.373          0.002
       8177.742       9473.635     992518.662          0.002
       8903.203       9977.234    3102123.559          0.003
      12325.471       9147.285    1020193.736          0.002
      11920.203      10180.459    1992804.102          0.003
      11555.446       9640.318    1020193.736          0.003
      10936.191      10087.882     977840.594          0.004
      15032.257       9329.565    1019675.315          0.002
      16236.203       9219.139    6069918.311          0.002
      16228.750       9226.583    1024471.556          0.002
      15238.208      10215.940    1032119.060          0.002
      21287.490       9014.670    1860038.969          0.002
      21439.895      10057.383    1021486.544          0.002
      21287.490       9014.670    1860038.969          0.002
      21924.286       9364.908    1010612.503          0.002
      21131.246       9226.994    1016966.260          0.003
      20378.904      10249.364    3933490.260          0.002
      25273.673       9010.251    1373838.952          0.002
      26324.010       8421.530     993159.023          0.002
      25273.673       9010.251    1373838.952          0.002
      25390.200      10220.067    1868644.041          0.002
      25529.502       9012.656    1006855.250          0.003
      26929.440       9025.817    1006564.211          0.003
      27273.753       9022.162    1006564.211          0.002
      27371.980       7746.627     995501.041          0.002
      27527.344       9658.446    1006564.211          0.003
      28051.490      10956.627    1026594.304          0.002
      26844.329       9807.125    1006564.211          0.003
      26201.448      10973.402    1486856.166          0.003
      27273.223       9029.049    4407754.378          0.002
      28383.027       9555.762    1017105.063          0.002
      26981.413       9213.619    1006564.211          0.003
      25798.223       9961.992    1017803.561          0.003
      31180.591       9291.092    1565307.936          0.001
      30772.702      10237.913    1015213.889          0.001
      31136.493       9305.972     992912.621          0.001
      30200.078       9621.938     713285.160          0.002
      33344.050       9223.885     979863.661          0.001
      32058.793       9778.966    1007274.511          0.001
      35891.942       9674.112     983865.594          0.003
      36615.707      10872.513    1013062.676          0.002
      35533.578       9080.736    2694142.928          0.002
      35289.370      10213.978     807282.598          0.002
      35533.578       9080.736    2694142.928          0.002
      34988.094       9792.182    1002927.373          0.002
      36566.388       9034.532     983865.594          0.003
      37359.165       8999.065     944655.128          0.003
      37359.165       8999.065     944655.128          0.003
      37584.495      10345.144    1014624.076          0.004
      37359.165       8999.065     944655.128          0.003
      36997.124      10040.817    1013062.676          0.003
      37359.165       8999.065     944655.128          0.003
      38098.781       9237.642     985387.771          0.003
      38439.968       9347.698    1745889.825          0.002
      39129.880       9829.679     992219.692          0.002
      38223.984       9879.221     985387.771          0.003
      37715.834      11129.740    2442724.444          0.003
      42528.559       9058.408    1375851.128          0.002
      43522.636       9262.458     980244.915          0.002
      42528.559       9058.408    1375851.128          0.002
      42391.479      10133.392    1412349.672          0.003
      44621.819       9591.810     980244.915          0.002
      45650.142      10156.074    5680187.118          0.002
      43355.615       9779.752     980244.915          0.002
      42391.479      10133.392    1412349.672          0.003
      46645.348       9477.195     982772.295          0.002
      45952.555      10693.764    1010336.561          0.003
      47070.152       9306.289     982772.295          0.002
      48313.289       9950.191     996696.880          0.002
      47297.007       9203.433     982772.295          0.003
      48694.607       9285.383     985739.307          0.002
      46817.265       9175.303    2348427.388          0.002
      45885.398       9958.381     995108.626          0.002
      48796.228       9291.342    1401750.024          0.002
      48515.642      10055.003    2457323.115          0.002
      50753.414       9824.302     984210.139          0.001
      51441.162      11043.729    1013990.851          0.001
      50514.658       9400.971  121071604.219          0.001
      51654.745       9268.126   57194291.627          0.001
      52726.328       9226.868     984476.740          0.002
      53601.370       9193.177    3309254.963          0.002
      53601.370       9193.177    3309254.963          0.002
      52720.025      10268.191    1011698.447          0.002
      54656.750       9259.294     997410.003          0.003
      55655.584       9321.868    2790327.485          0.003
      55788.259       9318.500    1015616.141          0.003
      56694.399       9295.492    1054008.707          0.004
      55462.459       9501.169    1015616.141          0.003
      54460.653      10431.261     936096.874          0.003
      56694.399       9295.492    1054008.707          0.004
      56796.183      10354.570    1044200.129          0.003
      56597.183       9373.427    1016760.461          0.004
      55617.393      10158.899    1074220.293          0.003
      56694.399       9295.492    1054008.707          0.004
      57316.970       9902.707    1031931.865          0.004
      58704.764       8953.026    4043747.291          0.002
      59475.677       9862.241    1026194.104          0.002
      58128.839       9542.640    1002320.860          0.002
      57552.626      10132.550     965738.707          0.003
      63128.104       9671.041    1010157.202          0.003
      63757.728      10921.471    1055352.753          0.003
      62843.246       9105.313    2186108.057          0.002
      63983.279       9679.487    1032967.260          0.002
      62843.246       9105.313    2186108.057          0.002
      63883.486       9122.934    1017134.413          0.002
      62703.029       9258.541    1010157.202          0.002
      61845.531      10195.611    1483215.670          0.003
      67443.784      10179.980    1032912.943          0.004
      67848.863      10987.348    1709115.327          0.004
      68051.033       9204.256    1032912.943          0.004
      69032.947       9015.572    1362007.622          0.004
      67050.681       9396.482    2412442.476          0.003
      66828.532      10379.901    1023643.777          0.003
      69032.947       9015.572    1362007.622          0.004
      69608.609       9684.733    1024267.273          0.003
      68771.678       9450.647    1031937.830          0.004
      68050.928      10650.863    1050875.725          0.004
      70903.410       9352.442    3352257.917          0.002
      71686.479       8942.609     835905.958          0.004
      70735.918       9494.407    1016296.087          0.003
      69989.289      10127.243    2355221.754          0.003
      71686.479       8942.609     835905.958          0.004
      71766.772       9670.881     998514.715          0.002
      71686.479       8942.609     835905.958          0.004
      72551.927       9094.348     974568.703          0.003
      74498.101       9239.614     974568.703          0.002
      75860.662       8991.841    1048597.182          0.002
      73949.471       9339.380    6983476.833          0.001
      73720.043      10051.812   22470349.878          0.001
      75860.662       8991.841    1048597.182          0.002
      76514.125       9480.213     920696.986          0.001
      79937.987       9268.757     892347.030          0.000
      79131.965      10374.634   46752253.839          0.000
        841.439       9956.296     882510.817          0.000
         67.423      11122.872     887447.857          0.000
       1172.723      10269.764     882510.817          0.001
       1944.289      11010.166    3477369.905          0.001
       3217.692      10185.631     895264.004          0.001
       4102.977      10299.614    1612943.955          0.001
       4102.977      10299.614    1612943.955          0.001
       5375.044      10106.445     951592.277          0.002
       4104.261      10657.630     928650.150          0.002
       4107.074      11442.027     856163.545          0.003
       4102.977      10299.614    1612943.955          0.001
       2841.569      10714.818     904381.184          0.002
       4360.246      10527.806     928650.150          0.002
       5033.252      11124.747     742036.158          0.003
       6018.573      10259.545     951592.277          0.001
       6251.739      11029.474    1576477.672          0.002
       8903.203       9977.234    3102123.559          0.003
       9008.384      11033.999    1014876.343          0.002
       9999.271      10036.889    1000664.396          0.004
      10936.191      10087.882     977840.594          0.004
      10936.191      10087.882     977840.594          0.004
      11122.020      11189.888    1321562.797          0.004
      10936.191      10087.882     977840.594          0.004
      11697.540      10159.511    1027649.982          0.003
      11920.203      10180.459    1992804.102          0.003
      12773.441      11023.465    1045166.385          0.003
      11920.203      10180.459    1992804.102          0.003
      12702.171      10214.345    1029713.871          0.003
      12036.124      10684.274    1027649.982          0.003
      12340.344      12006.469    1801229.658          0.003
      11647.053      10525.901    1027649.982          0.003
      11122.020      11189.888    1321562.797          0.004
      14286.761      10283.012   27960097.013          0.001
      15159.574      10294.479    4365084.152          0.002
      16355.812      10109.944    1032119.060          0.003
      17355.873       9955.672    2982875.138          0.003
      15159.574      10294.479    4365084.152          0.002
      15123.477      11129.276    4214675.721          0.002
      17481.647      10041.117    1036947.044          0.003
      18639.693      10827.837    1044000.472          0.003
      17288.739      10275.984    1036947.044          0.003
      17041.521      11455.523    1608733.529          0.004
      17765.997       9995.517    1036947.044          0.003
      19159.437      10130.891    1029792.535          0.003
      20378.904      10249.364    3933490.260          0.002
      20438.625      11070.171    1034423.586          0.002
      20352.963      10274.362    1029792.535          0.002
      19344.851      11245.810    1044000.472          0.002
      21470.435      10266.327    5519150.276          0.001
      22095.196      11057.947    1024734.474          0.001
      21419.622      10313.954    1021486.544          0.002
      20449.748      11223.039    5265849.734          0.002
      24653.372      10162.569    1010612.503          0.002
      25390.200      10220.067    1868644.041          0.002
      25533.556      10353.189    1017803.561          0.003
      26201.448      10973.402    1486856.166          0.003
      25390.200      10220.067    1868644.041          0.002
      24693.908      10829.986    1021214.149          0.002
      29219.566       9952.783    5498532.487          0.001
      30200.078       9621.938     713285.160          0.002
      29219.566       9952.783    5498532.487          0.001
      29520.255      11252.077    1021838.665          0.001
      28744.878      10498.178    1017105.063          0.002
      28144.774      11187.670    2639963.850          0.002
      32465.701      10543.703    1007274.511          0.002
      33289.431      11075.593    4957626.522          0.002
      34295.547      10487.496    1002927.373          0.002
      33289.431      11075.593    4957626.522          0.002
      35289.370      10213.978     807282.598          0.002
      35550.854      11209.796    1019641.472          0.002
      35570.765      10367.503    1002841.708          0.002
      36674.343      10969.602    2379222.940          0.002
      39743.109      10258.089    4939945.340          0.001
      40431.708      10216.137  122848773.864          0.001
      39743.109      10258.089    4939945.340          0.001
      39650.851      11374.475    1552423.864          0.002
      39743.109      10258.089    4939945.340          0.001
      40351.560      11001.171    1003584.498          0.001
      40822.347      10580.369     989420.416          0.001
      41460.715      11175.583    2141318.763          0.002
      41687.852      10163.100     989420.416          0.002
      42391.479      10133.392    1412349.672          0.003
      42391.479      10133.392    1412349.672          0.003
      43522.133      10156.983     992692.589          0.002
      42434.126      10275.526     989919.162          0.003
      42704.711      11177.326     813225.159          0.004
      42391.479      10133.392    1412349.672          0.003
      41644.427      10969.878    1006935.355          0.002
      44915.185      10469.541     992692.589          0.002
      45744.114      11059.794    4395284.400          0.002
      44564.450      10176.380     992692.589          0.002
      45650.142      10156.074    5680187.118          0.002
      48515.546      10078.355     996696.880          0.002
      48509.831      11478.343    1023301.508          0.002
      48515.642      10055.003    2457323.115          0.002
      49059.293      10568.939    1009554.084          0.002
      47886.536      10283.079     996696.880          0.003
      46570.362      10760.246    1010336.561          0.003
      53714.261      10370.135    1011698.447          0.003
      54460.653      10431.261     936096.874          0.003
      53018.558      10622.066    1011698.447          0.002
      53772.005      11424.294    2537633.675          0.002
      52704.260      10287.420    1989825.995          0.002
      51949.708      10824.234    1013990.851          0.002
      54691.984      10376.793    1030571.269          0.004
      55617.393      10158.899    1074220.293          0.003
      54460.653      10431.261     936096.874          0.003
      53906.862      11229.830    1039168.747          0.003
      54460.653      10431.261     936096.874          0.003
      54606.387      11117.652    1213454.826          0.003
      55617.393      10158.899    1074220.293          0.003
      54756.912      10974.907    1041678.231          0.003
      55634.632      10385.671    1033558.794          0.004
      55740.756      11781.643    1066432.510          0.004
      55617.393      10158.899    1074220.293          0.003
      56320.485      10622.082    1044200.129          0.003
      57552.626      10132.550     965738.707          0.003
      57615.048      10968.967    1042043.660          0.002
      57552.626      10132.550     965738.707          0.003
      56855.784      10974.726    2492023.323          0.003
      61111.886      10203.781    1026194.104          0.002
      61845.531      10195.611    1483215.670          0.003
      60236.076      10427.729    1026194.104          0.002
      60913.452      10736.830     764178.029          0.002
      61845.531      10195.611    1483215.670          0.003
      61910.091      11327.733    1444035.254          0.002
      61845.531      10195.611    1483215.670          0.003
      60937.789      10722.698    1035446.264          0.002
      62151.225      10352.361    1030573.357          0.003
      63396.996      10991.153    1055352.753          0.003
      64967.033       9899.871    1032967.260          0.002
      65944.043       9183.616    4800062.838          0.002
      66841.262      10537.734    1044319.317          0.003
      66953.812      11933.202    1073482.996          0.003
      67058.035      10516.534    1044319.317          0.003
      67848.863      10987.348    1709115.327          0.004
      66828.532      10379.901    1023643.777          0.003
      66399.648       9799.828    1024333.523          0.003
      69989.289      10127.243    2355221.754          0.003
      70085.561      11115.029    1033146.807          0.003
      68838.246      10589.777    1024267.273          0.004
      67848.863      10987.348    1709115.327          0.004
      73824.845      10661.595     964856.180          0.002
      73947.539      11375.478    1017955.984          0.003
      72907.701      10485.201     964856.180          0.002
      71910.079      11017.438    2522138.742          0.002
      75795.805      10205.872     934558.228          0.001
      76935.169       9794.886    1918410.095          0.001
      75190.090      11317.962     934558.228          0.002
      74783.482      12081.469    1362219.339          0.002
      75885.137      10648.769     934558.228          0.001
      76058.090      11361.588     880419.634          0.002
      78041.046      11226.516     903981.802          0.001
      78141.105      12100.219     824342.086          0.002
      78151.528      10572.366     903981.802          0.001
      78861.195      11089.180     527019.716          0.001
      77789.528      10325.804     903981.802          0.001
      76935.169       9794.886    1918410.095          0.001
      79131.965      10374.634   46752253.839          0.000
      80000.000      11224.490     724685.804          0.000
       1264.449      11882.606     887447.857          0.002
       1964.277      12246.851    1921269.766          0.001
        797.341      11136.597     887447.857          0.001
       1944.289      11010.166    3477369.905          0.001
       1948.364      11262.268     904381.184          0.001
       1964.277      12246.851    1921269.766          0.001
       4107.074      11442.027     856163.545          0.003
       4053.632      12340.009     957001.504          0.002
       4107.074      11442.027     856163.545          0.003
       5195.688      12264.594     980659.012          0.002
       4107.074      11442.027     856163.545          0.003
       5033.252      11124.747     742036.158          0.003
       4107.074      11442.027     856163.545          0.003
       3059.718      11835.409     928473.639          0.003
       5033.252      11124.747     742036.158          0.003
       5211.323      12276.407    1214289.591          0.002
       5033.252      11124.747     742036.158          0.003
       6082.118      11042.737     967425.272          0.002
       6473.931      11581.417     967425.272          0.002
       6996.748      12880.133    1007093.045          0.002
       5955.344      11384.701     967425.272          0.002
       5211.323      12276.407    1214289.591          0.002
       7687.512      11898.571     974258.373          0.003
       8188.478      12437.968    1164975.868          0.003
       6942.448      11865.137     974258.373          0.002
       7088.665      13108.462    2241167.460          0.002
       8831.633      11555.442    1014876.343          0.002
       8188.478      12437.968    1164975.868          0.003
      11128.873      11240.464    1036869.618          0.004
      11316.861      12627.785    1067441.849          0.004
      11122.020      11189.888    1321562.797          0.004
      12067.205      11823.398    1059387.376          0.003
      11122.020      11189.888    1321562.797          0.004
      10227.665      11692.394    1037333.400          0.004
      13044.735      11291.505    3343275.749          0.002
      13900.940      12164.388    1068084.124          0.002
      15074.284      11186.468    1043950.384          0.002
      14161.349      12247.858    1068084.124          0.002
      16331.672      11334.782    1043950.384          0.003
      17041.521      11455.523    1608733.529          0.004
      17041.521      11455.523    1608733.529          0.004
      18238.300      11363.690    1044000.472          0.003
      17193.214      11595.355    1056315.759          0.004
      18147.692      12475.207    1000242.220          0.004
      17041.521      11455.523    1608733.529          0.004
      16418.418      12253.368    1859565.308          0.003
      18746.032      11859.540    1044000.472          0.003
      18147.692      12475.207    1000242.220          0.004
      19307.677      11281.632    3594550.549          0.002
      20315.843      12016.860    1044961.806          0.002
      20449.748      11223.039    5265849.734          0.002
      21398.668      11776.874    1033617.557          0.002
      20449.748      11223.039    5265849.734          0.002
      20455.423      12118.652    1808437.907          0.002
      23003.237      11375.479    1024734.474          0.001
      24324.027      11153.984    7116557.754          0.001
      24304.605      11458.913    1021214.149          0.002
      24257.445      12199.344    1658043.436          0.002
      26201.448      10973.402    1486856.166          0.003
      26329.948      12055.204    2196266.745          0.003
      26216.548      10975.067    1025927.358          0.003
      27608.115      11128.499    1026594.304          0.003
      28144.774      11187.670    2639963.850          0.002
      28413.407      12445.008    1038859.709          0.002
      27544.143      11474.787    1026594.304          0.003
      26329.948      12055.204    2196266.745          0.003
      29528.379      11287.180    4668491.590          0.001
      30293.670      11999.631    1027177.792          0.001
      29043.188      11791.120    1021838.665          0.002
      28413.447      12445.197    2300346.809          0.002
      31546.294      11136.319     999359.342          0.002
      30960.532      10738.081    1015213.889          0.001
      31609.641      11236.309    1015145.826          0.002
      32164.300      12111.809    1074486.306          0.003
      31546.294      11136.319     999359.342          0.002
      30864.551      11780.780    1027177.792          0.001
      31708.395      11130.671    1015145.826          0.002
      33107.546      11081.929    1012370.447          0.002
      33032.076      11312.610    1012370.447          0.002
      32164.300      12111.809    1074486.306          0.003
      33670.927      11119.209    1012370.447          0.002
      35061.866      11278.233    1019641.472          0.002
      34357.668      11937.865    1019641.472          0.003
      33330.910      12439.908    2177483.753          0.003
      36670.681      10988.151    1013062.676          0.002
      36418.635      12264.764    2367417.996          0.002
      36683.055      10970.942    1013062.676          0.002
      37715.834      11129.740    2442724.444          0.003
      37605.859      11698.920    1014624.076          0.003
      37340.266      13073.497    1057958.729          0.003
      37715.834      11129.740    2442724.444          0.003
      38550.708      11235.332    1011111.850          0.003
      37715.834      11129.740    2442724.444          0.003
      38546.858      11875.292    1027736.163          0.003
      37715.834      11129.740    2442724.444          0.003
      36669.958      12044.861    1039084.901          0.003
      39650.851      11374.475    1552423.864          0.002
      40166.804      12195.069    1028709.769          0.001
      39444.957      11524.006    1011111.850          0.002
      38732.250      12041.615    1559075.198          0.002
      41892.127      11809.524    1006935.355          0.002
      42337.744      12464.338    1086338.462          0.003
      42000.133      11176.339    1006935.355          0.002
      42704.711      11177.326     813225.159          0.004
      41460.715      11175.583    2141318.763          0.002
      40689.919      11973.153    1028709.769          0.002
      42704.711      11177.326     813225.159          0.004
      43576.463      11628.714    1031543.873          0.003
      42704.711      11177.326     813225.159          0.004
      42337.744      12464.338    1086338.462          0.003
      46262.813      12162.350    1010336.561          0.004
      46666.847      13021.171     826998.580          0.004
      46202.307      11220.656    1010336.561          0.003
      47523.263      11684.417    1023301.508          0.003
      45744.114      11059.794    4395284.400          0.002
      44901.247      11973.230    1031543.873          0.002
      49966.888      11206.728    1009554.084          0.001
      51365.762      11150.606    1013990.851          0.001
      50248.018      11515.056    1009554.084          0.002
      51452.052      12229.409    1032408.394          0.001
      53772.005      11424.294    2537633.675          0.002
      53852.913      12317.763    1800458.967          0.002
      53772.005      11424.294    2537633.675          0.002
      52976.745      11761.387    1032408.394          0.003
      54606.387      11117.652    1213454.826          0.003
      54095.322      11931.661    1052580.420          0.003
      54800.547      11301.698    1041678.231          0.004
      55774.451      12224.868    1488015.012          0.004
      56836.652      11125.302    1044200.129          0.003
      56724.694      12006.438    1180350.965          0.003
      56414.563      11484.826    1044200.129          0.003
      55774.451      12224.868    1488015.012          0.004
      57636.177      10996.131    1042043.660          0.002
      58693.770      11913.463    1060905.258          0.002
      57615.753      10978.415    5700783.220          0.002
      58825.948      11165.023    1042101.406          0.002
      59601.986      11284.685    8333434.694          0.001
      60308.006      11156.212   71761964.089          0.001
      59601.986      11284.685    8333434.694          0.001
      60748.242      12034.939    1059528.036          0.001
      61910.091      11327.733    1444035.254          0.002
      60979.352      10775.902    1035446.264          0.002
      61970.009      11404.615    1049937.070          0.003
      62680.798      12316.637    1356775.385          0.003
      62089.376      11322.145    1049937.070          0.003
      63488.697      11278.530    1055352.753          0.003
      64416.858      11577.529    1055352.753          0.003
      65594.327      12334.871    1080865.829          0.002
      63603.312      11540.204    1055352.753          0.003
      62680.798      12316.637    1356775.385          0.003
      64056.898      11261.901    1055352.753          0.002
      65456.540      11230.252    1056535.832          0.002
      66004.535      10978.526    1056535.832          0.002
      65957.379       9579.320    1024333.523          0.002
      67848.863      10987.348    1709115.327          0.004
      68599.795      12120.642    1061717.568          0.004
      67848.863      10987.348    1709115.327          0.004
      67279.135      11788.512    1073482.996          0.003
      70106.241      11327.214    6335496.926          0.002
      70644.004      12495.269    2517542.494          0.002
      70106.241      11327.214    6335496.926          0.002
      71419.270      11101.726    1002019.202          0.002
      71949.143      11078.694    1002019.202          0.002
      72701.901      12259.098    1000541.083          0.002
      71536.191      11453.860    1002019.202          0.002
      70644.004      12495.269    2517542.494          0.002
      72459.980      11114.071    1002019.202          0.002
      73838.851      11356.378     976985.988          0.003
      73947.539      11375.478    1017955.984          0.003
      74783.482      12081.469    1362219.339          0.002
      73947.539      11375.478    1017955.984          0.003
      73045.407      12235.048    1000541.083          0.002
      76058.090      11361.588     880419.634          0.002
      76384.875      12223.654     929034.923          0.002
      76058.090      11361.588     880419.634          0.002
      77116.706      11164.060     921975.323          0.001
      75910.845      11444.750     942214.869          0.002
      74783.482      12081.469    1362219.339          0.002
      77144.131      11158.943    1004297.586          0.001
      76964.407      12342.323     929034.923          0.002
      77155.219      11169.412     921975.323          0.001
      78141.105      12100.219     824342.086          0.002
      77144.131      11158.943    1004297.586          0.001
      76920.200      10486.615     919501.523          0.001
      78861.195      11089.180     527019.716          0.001
      79479.311      11716.476     899796.281          0.001
      78861.195      11089.180     527019.716          0.001
      79560.532      11172.273     888469.965          0.000
      78806.096      11166.542     897641.205          0.001
      78141.105      12100.219     824342.086          0.002
       1159.086      12725.374     901796.234          0.001
       1933.734      13046.488     814912.003          0.001
       1964.277      12246.851    1921269.766          0.001
       1933.734      13046.488     814912.003          0.001
       2305.424      12384.244     928473.639          0.002
       3604.061      12907.254     957001.504          0.002
       5245.067      12291.363     980659.012          0.002
       6524.989      12858.636    1007093.045          0.003
       5211.323      12276.407    1214289.591          0.002
       4484.526      12757.067     957001.504          0.002
       8188.478      12437.968    1164975.868          0.003
       9362.834      12178.312    2382180.705          0.003
       8188.478      12437.968    1164975.868          0.003
       9239.071      13362.287    1036727.108          0.003
       8188.478      12437.968    1164975.868          0.003
       7355.517      12945.777    1007093.045          0.002
      10245.414      12550.989    1037333.400          0.004
      11370.850      13026.215    1758708.896          0.003
       9362.834      12178.312    2382180.705          0.003
       9312.290      13389.899    1036727.108          0.003
       9362.834      12178.312    2382180.705          0.003
       9855.307      13116.378    1047793.106          0.003
      12340.344      12006.469    1801229.658          0.003
      13025.061      13142.838    1080738.129          0.003
      12340.344      12006.469    1801229.658          0.003
      13099.810      12154.361    1068084.124          0.003
      12229.805      12122.738    1059387.376          0.003
      11370.850      13026.215    1758708.896          0.003
      15600.682      12285.325    1068084.124          0.003
      16418.418      12253.368    1859565.308          0.003
      16418.418      12253.368    1859565.308          0.003
      15986.119      13366.624    2076405.635          0.003
      16616.342      12389.576    1070900.886          0.003
      17769.629      13183.256    1079691.438          0.003
      16798.895      12302.177    1070900.886          0.004
      18147.692      12475.207    1000242.220          0.004
      18147.692      12475.207    1000242.220          0.004
      18951.853      12350.960    1044961.806          0.004
      18147.692      12475.207    1000242.220          0.004
      18088.588      13402.760    2615353.558          0.003
      20455.423      12118.652    1808437.907          0.002
      20872.356      12782.454    1047519.487          0.002
      20455.423      12118.652    1808437.907          0.002
      20326.460      13108.939    1055194.101          0.002
      23428.122      12196.242    1033617.557          0.002
      24257.445      12199.344    1658043.436          0.002
      24405.961      12378.747    1036217.480          0.003
      25218.970      13360.838    4360318.831          0.002
      25135.654      12138.266    1036217.480          0.003
      26329.948      12055.204    2196266.745          0.003
      24257.445      12199.344    1658043.436          0.002
      23678.184      12975.874    1048096.309          0.002
      26488.232      12260.903    1040118.207          0.003
      27185.754      13167.373    1517211.568          0.004
      26329.948      12055.204    2196266.745          0.003
      25490.631      13041.579    1055288.215          0.003
      26329.948      12055.204    2196266.745          0.003
      27599.946      12292.925    1038859.709          0.003
      28413.447      12445.197    2300346.809          0.002
      29063.999      13299.753    1047730.217          0.002
      27858.547      12771.611    1038859.709          0.003
      27185.754      13167.373    1517211.568          0.004
      32164.300      12111.809    1074486.306          0.003
      32295.860      13252.659    1046182.142          0.002
      32164.300      12111.809    1074486.306          0.003
      31844.649      12801.508    1040628.586          0.002
      32278.132      12143.823    1029259.351          0.003
      33330.910      12439.908    2177483.753          0.003
      33579.850      12984.538    1037735.722          0.003
      34161.849      14257.831    1072646.687          0.003
      33666.129      12570.340    1037735.722          0.003
      34970.844      13078.000    1056527.732          0.003
      33330.910      12439.908    2177483.753          0.003
      32703.063      13115.271    1046182.142          0.002
      36556.282      12432.281    1039084.901          0.003
      37291.320      13326.819    2174515.935          0.003
      36505.731      13250.901    1039084.901          0.003
      36577.539      14063.950     762595.660          0.004
      36418.635      12264.764    2367417.996          0.002
      35370.010      13192.325    1056527.732          0.003
      38732.250      12041.615    1559075.198          0.002
      39128.241      12632.654    1046853.529          0.002
      38193.436      12522.198    1027736.163          0.003
      37291.320      13326.819    2174515.935          0.003
      42337.744      12464.338    1086338.462          0.003
      42645.637      13138.454     819572.945          0.004
      42337.744      12464.338    1086338.462          0.003
      43326.986      12354.881    1031543.873          0.003
      42337.744      12464.338    1086338.462          0.003
      41628.812      12775.132    1043705.454          0.002
      43354.461      12814.247    1031543.873          0.003
      42645.637      13138.454     819572.945          0.004
      48507.580      12029.991    4295405.145          0.002
      49345.342      12726.421    1037493.813          0.002
      48507.580      12029.991    4295405.145          0.002
      48566.313      13256.279    2880347.362          0.002
      47339.818      12658.796    1023301.508          0.003
      46666.847      13021.171     826998.580          0.004
      53103.424      12323.024    1032408.394          0.003
      53852.913      12317.763    1800458.967          0.002
      51376.413      12427.863    1032408.394          0.001
      50066.233      12921.246    1037493.813          0.001
      53852.913      12317.763    1800458.967          0.002
      54440.969      13264.033    1073765.385          0.002
      54824.802      12270.778    1052580.420          0.003
      55774.451      12224.868    1488015.012          0.004
      55774.451      12224.868    1488015.012          0.004
      55649.862      13090.022    2316614.772          0.003
      55774.451      12224.868    1488015.012          0.004
      56724.694      12006.438    1180350.965          0.003
      56775.470      12061.702    1063656.567          0.003
      57722.667      13092.633    1094239.053          0.003
      56690.673      12040.736    1063656.567          0.003
      55704.746      13034.691    1080958.100          0.003
      56724.694      12006.438    1180350.965          0.003
      57427.086      12045.979    1060905.258          0.003
      59152.813      12449.635    1060905.258          0.002
      59650.744      13212.311     799480.321          0.003
      58945.067      12131.433    6638855.430          0.002
      60203.033      12106.417    1059528.036          0.002
      60860.760      11686.362    1059528.036          0.002
      60913.452      10736.830     764178.029          0.002
      62752.203      12328.291    1075536.696          0.003
      63584.145      12464.081     857556.021          0.004
      62680.798      12316.637    1356775.385          0.003
      61945.669      13088.993    1096562.322          0.002
      62682.649      12323.930    1075536.696          0.003
      62906.028      13204.379    1471586.672          0.003
      63584.145      12464.081     857556.021          0.004
      62906.028      13204.379    1471586.672          0.003
      63584.145      12464.081     857556.021          0.004
      64699.807      12435.109    1080865.829          0.003
      63693.152      12529.337    1082736.683          0.004
      64881.123      13240.502    3451022.920          0.003
      65877.034      12383.125    1080865.829          0.003
      66976.470      12214.125    3718990.409          0.003
      67148.636      12310.031    1073482.996          0.003
      68371.674      12991.337    1069246.029          0.003
      66798.724      13386.288    1073482.996          0.004
      66678.968      14176.025    1425401.062          0.004
      67543.720      12253.957    1073482.996          0.003
      68743.977      12338.239     969025.486          0.004
      68743.977      12338.239     969025.486          0.004
      69470.545      12398.287    1035488.407          0.003
      68743.977      12338.239     969025.486          0.004
      68621.366      13130.430    3226214.598          0.003
      70644.004      12495.269    2517542.494          0.002
      72019.237      12465.254    1000541.083          0.003
      69786.132      12764.663    1035488.407          0.003
      68621.366      13130.430    3226214.598          0.003
      72822.194      12447.730    2917448.424          0.002
      73797.247      12872.791     961849.683          0.002
      73190.961      12378.864    1000541.083          0.002
      74567.170      12121.864     972391.085          0.002
      72553.451      12577.725    1000541.083          0.002
      71293.152      13187.353    1034250.479          0.002
      74783.482      12081.469    1362219.339          0.002
      75470.208      12510.716     929034.923          0.002
      78141.105      12100.219     824342.086          0.002
      78864.630      12156.532     899796.281          0.001
      78141.105      12100.219     824342.086          0.002
      77386.891      12808.651     929034.923          0.001
      79839.075      12383.202     899796.281          0.000
      78777.314      13295.707     904094.871          0.000
       1141.174      13136.173     897365.988          0.001
       1933.734      13046.488     814912.003          0.001
        603.123      13502.191     897365.988          0.001
       1906.217      14013.999     909046.763          0.001
       2329.785      13051.125     925395.930          0.002
       3729.689      13067.514     957001.504          0.002
       4010.139      13070.797    2613727.176          0.001
       5150.568      13025.787    2518356.507          0.002
       4010.139      13070.797    2613727.176          0.001
       3120.889      13545.177     909046.763          0.001
       5150.568      13025.787    2518356.507          0.002
       5264.524      13959.465     957935.205          0.001
       5700.091      13049.229     977071.712          0.002
       7088.665      13108.462    2241167.460          0.002
       7088.665      13108.462    2241167.460          0.002
       6326.088      13654.307     957935.205          0.002
       9310.809      13425.402     907194.592          0.003
       9942.336      13282.151    3617289.017          0.002
       9310.809      13425.402     907194.592          0.003
       8606.232      13724.975     990900.407          0.003
      10400.172      13522.489    1047793.106          0.003
      11383.643      14038.756    2770883.461          0.003
      11370.850      13026.215    1758708.896          0.003
      11382.713      13965.175    1064224.086          0.003
      11370.850      13026.215    1758708.896          0.003
      12587.446      13249.243    1080738.129          0.003
      13151.477      13352.642    2111791.247          0.003
      13266.580      14042.183     954568.245          0.004
      13151.477      13352.642    2111791.247          0.003
      14231.756      13453.936    1086554.873          0.002
      12927.609      13439.528    1080738.129          0.003
      11622.459      13946.069    1064224.086          0.003
      15052.890      13419.994    1086554.873          0.003
      15986.119      13366.624    2076405.635          0.003
      16125.950      13369.027    1088689.558          0.003
      17525.743      13393.086    1079691.438          0.004
      15986.119      13366.624    2076405.635          0.003
      15027.485      14259.826    4357672.764          0.003
      16298.856      13684.800    1088689.558          0.004
      17120.179      14520.408    1553848.535          0.004
      18088.588      13402.760    2615353.558          0.003
      18047.700      14525.465    2811735.962          0.003
      18088.588      13402.760    2615353.558          0.003
      18822.625      13349.816    1055194.101          0.003
      17757.907      13784.401    1079691.438          0.003
      17120.179      14520.408    1553848.535          0.004
      20309.053      13242.605    3834285.440          0.002
      20062.440      14373.024   19351626.414          0.002
      21121.905      13173.660    1047519.487          0.001
      22224.008      14037.007    1056631.029          0.001
      23263.201      14276.265    1048096.309          0.002
      23185.553      15281.957     705853.126          0.002
      23327.284      13446.273   15725775.776          0.001
      22331.187      14073.105    1056631.029          0.001
      26110.159      13273.175    1055288.215          0.003
      27185.754      13167.373    1517211.568          0.004
      25137.956      13507.696    1055288.215          0.002
      24461.722      14733.546    1088386.210          0.003
      27185.754      13167.373    1517211.568          0.004
      27705.893      14135.525    1081737.633          0.003
      26988.729      13361.496    1054081.672          0.004
      26076.309      14260.475    1048330.815          0.004
      27185.754      13167.373    1517211.568          0.004
      27939.878      13609.922    1061870.699          0.003
      29204.413      13484.199    3490268.011          0.002
      30054.904      13979.220    1054972.089          0.002
      29204.413      13484.199    3490268.011          0.002
      29184.925      14340.562    1811818.464          0.002
      31625.294      13274.804   28734853.157          0.001
      30607.935      14191.076    1054972.089          0.001
      33357.893      14019.946    1046182.142          0.003
      34250.984      14452.839    2064099.617          0.003
      32326.702      13520.114    2255034.902          0.002
      32433.039      14457.168   24550940.052          0.001
      35365.613      14165.718    1056527.732          0.003
      35398.880      15297.042    2225055.050          0.003
      35157.791      13424.882    1056527.732          0.003
      34250.984      14452.839    2064099.617          0.003
      37311.202      13806.658    1057958.729          0.003
      37365.640      15120.498    2031687.028          0.003
      37291.320      13326.819    2174515.935          0.003
      37924.415      13886.650    1074979.380          0.003
      37154.013      13468.618    1057958.729          0.003
      36577.539      14063.950     762595.660          0.004
      39686.087      13289.583    1046853.529          0.001
      40725.785      13171.017    3532172.016          0.002
      40725.785      13171.017    3532172.016          0.002
      40637.967      14392.146    1069956.887          0.001
      41577.129      13791.670    1043705.454          0.003
      42400.894      14392.218    2446691.344          0.002
      42645.637      13138.454     819572.945          0.004
      43841.988      13303.219    1055595.081          0.003
      42645.637      13138.454     819572.945          0.004
      42437.093      14206.781    1073092.376          0.003
      43910.635      14386.216    1055595.081          0.004
      43425.635      15276.602    1299823.295          0.003
      44454.595      13387.589    2560243.415          0.003
      45310.020      14067.798    1068883.971          0.002
      43952.205      13633.348    1055595.081          0.003
      42694.612      14248.538    1073092.376          0.003
      46666.847      13021.171     826998.580          0.004
      47475.261      13121.233    1044254.743          0.003
      46666.847      13021.171     826998.580          0.004
      46560.322      14360.122    1075867.988          0.003
      46666.847      13021.171     826998.580          0.004
      46002.520      13569.081    1068883.971          0.003
      50211.320      13061.202    1037493.813          0.002
      51610.736      13101.622    1044624.817          0.002
      52300.905      13122.610    1044624.817          0.002
      53630.768      13163.679   15125724.992          0.002
      51679.111      13210.229    1044624.817          0.001
      50737.827      14246.562    1068338.215          0.002
      53630.768      13163.679   15125724.992          0.002
      52728.402      14100.540    1071763.479          0.002
      53709.513      14028.745    1062002.607          0.003
      53804.432      15071.489    1732282.162          0.003
      54493.990      13434.307    1073765.385          0.002
      54625.801      14524.915    4803024.489          0.003
      55984.968      13481.524    1080958.100          0.003
      56871.517      14517.272    1642194.059          0.004
      55649.862      13090.022    2316614.772          0.003
      55006.804      13991.062    1098859.461          0.003
      55978.266      13117.229    1080958.100          0.003
      57373.486      13232.818    1094239.053          0.003
      57890.846      13275.679    2475559.832          0.003
      58901.389      13044.386     667445.330          0.003
      57890.846      13275.679    2475559.832          0.003
      58473.101      14276.113    1113539.905          0.003
      57638.005      13583.653    1094239.053          0.003
      56871.517      14517.272    1642194.059          0.004
      58901.389      13044.386     667445.330          0.003
      58484.918      14296.418    1548287.494          0.003
      58901.389      13044.386     667445.330          0.003
      59650.744      13212.311     799480.321          0.003
      59650.744      13212.311     799480.321          0.003
      60207.716      13670.758    1108835.440          0.002
      59436.201      13411.815    1092005.848          0.003
      58484.918      14296.418    1548287.494          0.003
      62118.950      13690.493    1096562.322          0.003
      62941.744      14502.992    5492760.992          0.003
      61734.501      13310.855    3382123.433          0.002
      60903.090      13877.857    1108835.440          0.002
      62933.773      13252.786    1099240.978          0.003
      63629.965      14467.413    1129333.591          0.003
      62906.028      13204.379    1471586.672          0.003
      62936.213      14301.881    1127247.298          0.003
      63389.615      13213.224    1099240.978          0.004
      64789.381      13238.825    1101921.276          0.003
      65394.725      14361.610    1101921.276          0.004
      65883.894      15429.384    1646440.882          0.004
      65629.434      13629.892    1101921.276          0.004
      66678.968      14176.025    1425401.062          0.004
      64858.937      13262.791    1101921.276          0.003
      63871.266      14255.013    1129333.591          0.003
      68621.366      13130.430    3226214.598          0.003
      69350.103      13838.565    1067970.789          0.003
      68485.606      13372.497    1069246.029          0.003
      67872.652      14465.422    2050417.689          0.004
      67367.855      13805.196    1069246.029          0.004
      66678.968      14176.025    1425401.062          0.004
      70824.904      14700.405    1034250.479          0.003
      70811.421      15547.813     822135.206          0.003
      71162.266      13623.669    1034250.479          0.002
      72115.870      14285.413    1977777.255          0.002
      73402.479      13802.824     994776.590          0.002
      74171.334      14445.768    1703946.928          0.002
      73017.821      14715.179     994776.590          0.002
      73024.677      15419.829    1524497.457          0.003
      75175.164      13653.889     961849.683          0.001
      76051.181      14446.419    2058720.432          0.001
      78805.903      13401.872     904094.871          0.000
      79106.520      14235.983    1215233.805          0.001
      77811.948      13853.618     904094.871          0.001
      76896.475      14380.707    2158985.209          0.001
      79735.572      13552.580     894240.635          0.000
      79106.520      14235.983    1215233.805          0.001
       1860.557      14228.453     909046.763          0.001
        649.102      14930.150     904554.878          0.001
       3082.857      14642.354     909046.763          0.001
       4023.112      15170.604    2096206.823          0.001
       5936.324      15519.822     957935.205          0.002
       6305.689      16199.445    1214751.670          0.002
       6075.724      14699.478     957935.205          0.002
       7068.902      15119.978    2470659.725          0.002
       5217.775      14537.543     957935.205          0.001
       4847.247      15143.462    1057349.581          0.002
       8770.288      14597.478    1029330.830          0.002
       7431.976      15008.477     994018.114          0.002
      11885.560      14497.850    1064224.086          0.004
      12918.597      15442.749    1098301.393          0.004
      11383.643      14038.756    2770883.461          0.003
      11042.870      14985.206    1064842.415          0.003
      12142.964      14040.138    1064224.086          0.004
      13266.580      14042.183     954568.245          0.004
      13266.580      14042.183     954568.245          0.004
      14655.630      14213.866    1100008.558          0.003
      13266.580      14042.183     954568.245          0.004
      13027.162      15230.885    1098301.393          0.004
      15861.053      14363.622    1100008.558          0.004
      17120.179      14520.408    1553848.535          0.004
      14723.485      14442.503    1100008.558          0.003
      13523.477      15163.601    1098301.393          0.004
      17120.179      14520.408    1553848.535          0.004
      17426.395      15259.019    1338100.688          0.004
      16425.072      14844.983    1103381.351          0.004
      15249.057      15394.115    1062701.110          0.004
      18047.700      14525.465    2811735.962          0.003
      18766.643      14960.759    1101460.469          0.003
      17947.989      14643.191    1096869.869          0.003
      17426.395      15259.019    1338100.688          0.004
      20135.531      14363.912    1074708.058          0.002
      21524.778      14190.729    1056631.029          0.002
      22752.944      14703.586    1056631.029          0.002
      23185.553      15281.957     705853.126          0.002
      21040.852      14931.175    1056631.029          0.003
      20436.120      15333.903     618161.729          0.003
      26076.309      14260.475    1048330.815          0.004
      26378.873      15320.244    1314640.439          0.004
      26076.309      14260.475    1048330.815          0.004
      26923.857      14581.531    1081737.633          0.004
      26076.309      14260.475    1048330.815          0.004
      25421.899      14593.361    1088386.210          0.003
      29184.925      14340.562    1811818.464          0.002
      29237.542      15438.142    1086058.499          0.002
      29109.567      14396.548    1061870.699          0.002
      28206.554      15067.423    4410945.300          0.002
      31057.476      14312.859    1054972.089          0.002
      32433.039      14457.168   24550940.052          0.001
      32081.099      14706.128    1061941.343          0.002
      31342.678      15228.483     914096.936          0.002
      34250.984      14452.839    2064099.617          0.003
      34342.975      15574.140    1108574.585          0.003
      34250.984      14452.839    2064099.617          0.003
      33857.006      15090.895    1089491.483          0.002
      34527.616      14656.284    1072646.687          0.003
      35398.880      15297.042    2225055.050          0.003
      36577.539      14063.950     762595.660          0.004
      37281.128      15007.200    1093694.026          0.003
      36577.539      14063.950     762595.660          0.004
      35688.176      14994.386    1096240.652          0.003
      38667.902      14553.746    1074979.380          0.002
      39467.144      15703.186    1107800.034          0.002
      38038.636      15643.318    1074979.380          0.003
      37606.419      16430.699    1333568.673          0.003
      38650.485      14528.698    6032615.569          0.002
      39979.749      14512.697    1069956.887          0.002
      42400.894      14392.218    2446691.344          0.002
      41783.152      15245.718    1094407.537          0.002
      42766.974      14708.157    1073092.376          0.003
      43425.635      15276.602    1299823.295          0.003
      44092.735      14870.880    1068883.971          0.004
      43425.635      15276.602    1299823.295          0.003
      46685.795      14666.681    1075867.988          0.004
      47302.583      15923.491    1122251.197          0.003
      46556.838      14403.911    1702828.821          0.003
      47643.224      14461.752    1073130.491          0.003
      46556.838      14403.911    1702828.821          0.003
      45843.613      14977.244    1095958.046          0.003
      46556.838      14403.911    1702828.821          0.003
      47413.851      13914.462    1044254.743          0.003
      48718.487      14519.001    3603901.364          0.002
      49795.021      14449.676    1068338.215          0.002
      48718.487      14519.001    3603901.364          0.002
      49285.951      15663.576    1119725.427          0.002
      48054.390      15321.477    1073130.491          0.003
      47396.990      16115.861    2057934.205          0.003
      48718.487      14519.001    3603901.364          0.002
      48571.760      13301.481    1044254.743          0.002
      51190.708      14327.964    1068338.215          0.002
      52581.008      14163.450    1071763.479          0.002
      52293.185      14569.944    1071763.479          0.002
      51679.037      15235.510    1207579.669          0.003
      54578.739      15613.736    1098859.461          0.004
      54543.075      16438.881    2295185.640          0.003
      55890.675      14520.611    1098859.461          0.004
      56871.517      14517.272    1642194.059          0.004
      55748.192      15082.486    1098859.461          0.004
      56677.340      15544.060    2528772.807          0.003
      54625.801      14524.915    4803024.489          0.003
      53804.432      15071.489    1732282.162          0.003
      56871.517      14517.272    1642194.059          0.004
      57906.872      14375.545    1113539.905          0.003
      56871.517      14517.272    1642194.059          0.004
      56677.340      15544.060    2528772.807          0.003
      58484.918      14296.418    1548287.494          0.003
      59240.514      14208.527    1108835.440          0.003
      62941.744      14502.992    5492760.992          0.003
      62795.058      15264.838    2578198.773          0.003
      62941.744      14502.992    5492760.992          0.003
      61818.852      14868.120    1132537.515          0.003
      63915.895      15030.038    1129333.591          0.004
      64547.913      16279.259    1162067.502          0.003
      64919.854      15024.118    1129333.591          0.004
      65883.894      15429.384    1646440.882          0.004
      63640.882      14486.459    3936756.367          0.003
      62795.058      15264.838    2578198.773          0.003
      66678.968      14176.025    1425401.062          0.004
      67368.451      15192.691    1134620.308          0.004
      66678.968      14176.025    1425401.062          0.004
      67424.536      14356.780    1106413.801          0.004
      66606.222      14290.702    1113455.432          0.004
      65883.894      15429.384    1646440.882          0.004
      68007.637      14597.279    1106413.801          0.004
      68922.503      15490.951     950308.165          0.004
      67859.378      14640.663    1106413.801          0.004
      67772.442      15788.390    2638246.994          0.003
      69837.606      15006.320    1067970.789          0.003
      69789.163      16119.758    1984585.999          0.003
      70188.243      14751.482    1067970.789          0.003
      70811.421      15547.813     822135.206          0.003
      72092.321      14390.927    1023762.502          0.002
      71787.375      15757.312    1062740.617          0.003
      72257.386      14462.060    1023762.502          0.002
      73024.677      15419.829    1524497.457          0.003
      71617.010      14768.192    1023762.502          0.003
      70811.421      15547.813     822135.206          0.003
      74368.786      14716.760     989950.745          0.002
      74961.829      15530.679     802822.932          0.003
      74171.334      14445.768    1703946.928          0.002
      75456.355      14446.213     954960.667          0.002
      73851.890      14717.129     989950.745          0.002
      73024.677      15419.829    1524497.457          0.003
      76052.541      14687.663     954960.667          0.002
      76060.428      16087.641     978194.820          0.002
      75487.143      15007.821     954960.667          0.002
      74961.829      15530.679     802822.932          0.003
      76051.181      14446.419    2058720.432          0.001
      76896.475      14380.707    2158985.209          0.001
      76962.754      14498.252     939133.717          0.001
      77650.384      15717.746     938402.848          0.002
      76997.989      14435.397     939133.717          0.001
      78230.506      15099.401     922840.798          0.002
      76665.980      14857.959     939133.717          0.002
      76060.563      16111.510    2124300.586          0.002
      76967.431      14376.060     939133.717          0.001
      78364.439      14284.578     905079.109          0.002
      79106.520      14235.983    1215233.805          0.001
      79720.224      14971.029     909711.322          0.000
      79106.520      14235.983    1215233.805          0.001
      79046.613      15539.070    1864107.347          0.001
       1495.402      15271.261     904554.878          0.002
       2245.017      15253.785     895202.463          0.002
        177.833      15456.055     904554.878          0.000
        935.831      16095.129    2595606.447          0.001
       2245.017      15253.785     895202.463          0.002
       1446.569      15766.905     919449.081          0.001
       2316.483      15250.442     926158.713          0.002
       3714.954      15185.020     947017.676          0.002
       2325.194      15356.553     926158.713          0.002
       2911.184      16107.654     934423.533          0.003
       4178.976      15481.834     947017.676          0.002
       4805.873      16733.632     964993.699          0.002
       4023.112      15170.604    2096206.823          0.001
       4847.247      15143.462    1057349.581          0.002
       3673.300      15465.400     947017.676          0.002
       2911.184      16107.654     934423.533          0.003
       4847.247      15143.462    1057349.581          0.002
       5009.764      16532.896     964993.699          0.002
       5282.474      15458.588     958213.217          0.002
       6305.689      16199.445    1214751.670          0.002
       7291.863      15397.647     994018.114          0.002
       8078.383      16377.155    2346305.275          0.002
       8030.848      15232.909     994018.114          0.003
       9316.643      15383.860    2113809.472          0.002
       6934.731      15309.745     994018.114          0.002
       6305.689      16199.445    1214751.670          0.002
       9547.142      15511.238    1038825.707          0.003
      10772.488      16188.386    1071994.368          0.003
       9344.413      15487.666    1038825.707          0.002
       9706.212      16840.109    1029381.423          0.002
       9379.749      15381.444    1038825.707          0.002
      10778.724      15327.871    1064842.415          0.003
       9316.643      15383.860    2113809.472          0.002
       8275.122      16219.337    1025509.150          0.002
      10921.460      15322.405    6012755.739          0.002
      11257.273      16456.286    3399113.039          0.002
      14431.532      15429.884    1098301.393          0.005
      15249.057      15394.115    1062701.110          0.004
      12974.239      15493.644    3262484.684          0.004
      13151.051      16343.192    2193510.064          0.003
      12974.239      15493.644    3262484.684          0.004
      12181.273      15938.232    1071994.368          0.003
      15249.057      15394.115    1062701.110          0.004
      14579.149      15697.162    1101134.087          0.004
      15249.057      15394.115    1062701.110          0.004
      15012.529      16418.698    1121944.696          0.004
      15249.057      15394.115    1062701.110          0.004
      16330.511      15781.422    1128643.137          0.004
      15249.057      15394.115    1062701.110          0.004
      16466.958      15318.549    1115323.028          0.004
      17426.395      15259.019    1338100.688          0.004
      17414.313      16169.570    4961833.620          0.003
      19232.105      15457.106    1101460.469          0.002
      19286.378      16200.834    1993297.870          0.003
      19427.074      15250.196    1101460.469          0.002
      20436.120      15333.903     618161.729          0.003
      20436.120      15333.903     618161.729          0.003
      20784.493      16007.505    1108865.108          0.002
      20436.120      15333.903     618161.729          0.003
      21152.945      15332.428    1087713.698          0.002
      20292.756      15442.002    1095399.639          0.003
      19286.378      16200.834    1993297.870          0.003
      22810.223      15826.359    1087713.698          0.002
      23355.530      16323.131     629364.435          0.003
      23185.553      15281.957     705853.126          0.002
      23355.530      16323.131     629364.435          0.003
      23185.553      15281.957     705853.126          0.002
      24194.686      15217.619    7165980.002          0.002
      24193.362      15248.387    1088386.210          0.002
      24143.703      16402.412    2589804.023          0.002
      24155.303      15269.502    1088386.210          0.002
      23355.530      16323.131     629364.435          0.003
      26432.021      15375.169    1095518.701          0.004
      27405.560      16381.261    1113456.960          0.003
      26378.873      15320.244    1314640.439          0.004
      27109.043      15219.240    1081737.633          0.003
      26378.873      15320.244    1314640.439          0.004
      26084.463      16263.603    1059724.252          0.004
      27838.411      15861.652    1081737.633          0.003
      27535.375      16515.418     900764.450          0.003
      28199.883      15247.820    1081737.633          0.002
      28155.004      16461.289    2109536.656          0.003
      31739.907      15716.952    1076892.038          0.003
      32438.116      16575.533    1279568.069          0.003
      31342.678      15228.483     914096.936          0.002
      31498.700      16205.054     914490.363          0.002
      31342.678      15228.483     914096.936          0.002
      30793.434      15735.097    1096439.258          0.002
      33030.705      16010.672    1089491.483          0.003
      32438.116      16575.533    1279568.069          0.003
      35657.059      15499.727    1096240.652          0.003
      36409.760      16090.637    1251277.658          0.004
      35729.281      15267.384    1096240.652          0.003
      37123.674      15142.218    1093694.026          0.003
      37123.788      15365.958    1093694.026          0.003
      36409.760      16090.637    1251277.658          0.004
      37365.640      15120.498    2031687.028          0.003
      37580.146      16287.736    1120538.462          0.004
      41701.392      15698.967    1094407.537          0.002
      41667.629      16504.712    1323860.109          0.003
      41716.527      15337.771    4902147.576          0.002
      40484.519      15793.132    1107800.034          0.002
      43425.635      15276.602    1299823.295          0.003
      44334.255      16026.985    1132111.318          0.004
      43425.635      15276.602    1299823.295          0.003
      44390.688      15217.136    1095958.046          0.004
      43360.916      15360.743    1099411.046          0.004
      42736.036      16173.149     795889.426          0.003
      46376.591      15548.835    1095958.046          0.003
      47396.990      16115.861    2057934.205          0.003
      51679.037      15235.510    1207579.669          0.003
      51123.175      16503.598    1143934.603          0.003
      51679.037      15235.510    1207579.669          0.003
      52522.930      16137.134    1133888.976          0.002
      51679.037      15235.510    1207579.669          0.003
      50690.448      15745.391    1119725.427          0.003
      54188.943      15783.304    1106045.266          0.004
      54543.075      16438.881    2295185.640          0.003
      53804.432      15071.489    1732282.162          0.003
      52936.431      15964.021    1133888.976          0.003
      56646.520      15911.328    1137391.546          0.004
      56540.314      17176.950    3453731.115          0.003
      56677.340      15544.060    2528772.807          0.003
      57253.205      16016.212    1161655.094          0.003
      56119.280      15778.034    1137391.546          0.004
      54828.166      16319.352    1155523.449          0.004
      59063.587      15242.384    1130049.142          0.002
      60463.514      15228.112    1132537.515          0.002
      60052.971      16004.207    1132537.515          0.003
      59572.409      16565.409    2023681.020          0.003
      62852.897      16077.260    1143358.193          0.004
      62937.444      17264.825    1973785.943          0.004
      63261.996      15582.216    1143358.193          0.004
      64419.855      16369.212    1162067.502          0.003
      62795.058      15264.838    2578198.773          0.003
      61900.188      15919.858    1160252.124          0.003
      65883.894      15429.384    1646440.882          0.004
      66365.803      16069.383    1144227.250          0.004
      65883.894      15429.384    1646440.882          0.004
      66986.034      15638.897    1134620.308          0.004
      65883.894      15429.384    1646440.882          0.004
      65184.514      16082.195    1162067.502          0.003
      68922.503      15490.951     950308.165          0.004
      68852.487      16388.436     634457.442          0.004
      68922.503      15490.951     950308.165          0.004
      67772.442      15788.390    2638246.994          0.003
      68922.503      15490.951     950308.165          0.004
      69607.677      15988.081    1103645.654          0.004
      70811.421      15547.813     822135.206          0.003
      69789.163      16119.758    1984585.999          0.003
      73024.677      15419.829    1524497.457          0.003
      72924.372      16314.160    1019681.128          0.003
      73322.585      15436.876    1035758.341          0.003
      74720.298      15516.857     998614.469          0.004
      73024.677      15419.829    1524497.457          0.003
      72103.095      16045.810    1062740.617          0.003
      74961.829      15530.679     802822.932          0.003
      75628.938      15883.337     978194.820          0.002
      79046.613      15539.070    1864107.347          0.001
      79759.963      16128.269     911545.159          0.000
      79046.613      15539.070    1864107.347          0.001
      78387.240      16718.924     923423.355          0.001
      79016.935      15559.366     922840.798          0.001
      77966.230      16277.892    2277917.622          0.001
        133.827      16455.653     910265.315          0.000
        877.778      17173.449    2962898.717          0.001
        935.831      16095.129    2595606.447          0.001
        877.778      17173.449    2962898.717          0.001
       2911.184      16107.654     934423.533          0.003
       3956.537      16688.850     964993.699          0.002
       2911.184      16107.654     934423.533          0.003
       3040.873      17148.079     951457.518          0.002
       2911.184      16107.654     934423.533          0.003
       2276.164      16440.495     913840.215          0.002
       6305.689      16199.445    1214751.670          0.002
       6909.067      16915.141     995470.757          0.002
       6433.864      16212.295     999111.518          0.003
       7826.881      16351.942    1025509.150          0.002
       6305.689      16199.445    1214751.670          0.002
       5660.078      16803.951     964993.699          0.002
       8319.664      16534.066    1025509.150          0.002
       9493.309      17297.320    1029381.423          0.002
       8078.383      16377.155    2346305.275          0.002
       8241.045      17582.212     662788.598          0.002
      11580.946      16585.646    1071994.368          0.002
      12880.965      17105.215    1089025.027          0.002
      12142.219      16403.439    1071994.368          0.003
      13151.051      16343.192    2193510.064          0.003
      11224.764      16482.735    1071994.368          0.002
      10138.773      17366.263    1029381.423          0.002
      14057.597      16421.264    1101134.087          0.004
      14993.334      16501.849    1330916.884          0.004
      14993.334      16501.849    1330916.884          0.004
      15007.065      17286.382    1113813.198          0.003
      15114.164      16485.265    1121944.696          0.004
      16501.161      16294.900    1128643.137          0.004
      16760.358      17568.071    1128643.137          0.004
      16331.797      18484.561     990579.404          0.005
      17228.833      16277.256    1128643.137          0.003
      16018.098      16980.193    1113813.198          0.004
      17464.712      16276.224    1128643.137          0.003
      18035.268      17483.606    2782827.778          0.003
      17414.313      16169.570    4961833.620          0.003
      18589.026      16189.188    1118485.702          0.004
      19286.378      16200.834    1993297.870          0.003
      19412.985      17231.656    4677033.602          0.002
      18764.556      16735.862    1118485.702          0.004
      18035.268      17483.606    2782827.778          0.003
      21411.111      16644.212    1108865.108          0.002
      22760.931      17015.677    1110320.945          0.002
      23355.530      16323.131     629364.435          0.003
      24143.703      16402.412    2589804.023          0.002
      24143.703      16402.412    2589804.023          0.002
      24101.448      17716.711    1128053.910          0.003
      25346.326      16316.397    1110186.855          0.004
      26084.463      16263.603    1059724.252          0.004
      24549.939      16756.920    1110186.855          0.003
      25311.235      17421.274    2250742.494          0.003
      26084.463      16263.603    1059724.252          0.004
      25487.167      17157.869    1122279.643          0.003
      26084.463      16263.603    1059724.252          0.004
      26969.297      16971.323    1120525.691          0.004
      26084.463      16263.603    1059724.252          0.004
      27384.402      16489.216    1113456.960          0.003
      27535.375      16515.418     900764.450          0.003
      27146.669      17113.192    1583462.058          0.003
      28155.004      16461.289    2109536.656          0.003
      28247.557      17569.503    1118624.457          0.003
      28155.004      16461.289    2109536.656          0.003
      28760.603      15914.328    1086058.499          0.002
      27950.193      16593.702    1109671.672          0.003
      27146.669      17113.192    1583462.058          0.003
      30130.424      15988.092    1096439.258          0.001
      29239.630      15481.685    6764302.633          0.002
      31498.700      16205.054     914490.363          0.002
      31403.049      17447.688    1431377.828          0.002
      31630.348      16256.972    1100078.079          0.003
      32438.116      16575.533    1279568.069          0.003
      31498.700      16205.054     914490.363          0.002
      30922.949      16943.103    1113353.080          0.002
      32438.116      16575.533    1279568.069          0.003
      32442.412      17959.966    1135851.295          0.003
      32438.116      16575.533    1279568.069          0.003
      33426.988      17184.301    1902455.524          0.003
      32438.116      16575.533    1279568.069          0.003
      31709.728      17189.278    1118246.775          0.003
      33945.480      16585.133    1108574.585          0.003
      33426.988      17184.301    1902455.524          0.003
      36384.593      16629.901    1115997.890          0.004
      36319.329      18028.379    1161880.675          0.004
      36409.760      16090.637    1251277.658          0.004
      37039.672      16658.386    1136152.211          0.003
      36409.760      16090.637    1251277.658          0.004
      37150.736      16301.205    1120538.462          0.004
      36409.760      16090.637    1251277.658          0.004
      35816.006      16881.420    1142365.703          0.004
      37606.419      16430.699    1333568.673          0.003
      38254.620      16702.725    1130498.902          0.003
      37606.419      16430.699    1333568.673          0.003
      37665.139      17222.128    2461596.961          0.003
      42049.149      16826.379    1125818.326          0.004
      42728.709      17399.328    2481351.130          0.003
      42006.669      16399.497    1125818.326          0.004
      42736.036      16173.149     795889.426          0.003
      41667.629      16504.712    1323860.109          0.003
      41002.855      17038.433    1139358.976          0.002
      42736.036      16173.149     795889.426          0.003
      42728.709      17399.328    2481351.130          0.003
      42736.036      16173.149     795889.426          0.003
      43675.866      16262.622    1132111.318          0.004
      44867.233      16339.316    1132111.318          0.003
      45791.173      16155.136    1209018.750          0.004
      43654.480      16923.461    1132111.318          0.004
      42728.709      17399.328    2481351.130          0.003
      45791.173      16155.136    1209018.750          0.004
      46622.755      17186.877    1153519.902          0.003
      45744.345      16211.507    1126611.840          0.004
      44849.755      17288.405    1160758.347          0.004
      45791.173      16155.136    1209018.750          0.004
      47066.207      16123.951    1122251.197          0.003
      47396.990      16115.861    2057934.205          0.003
      47618.567      16792.486    1148560.952          0.002
      47370.330      16168.021    1122251.197          0.003
      46761.555      17359.086    2443466.985          0.003
      52490.270      16345.096    1133888.976          0.002
      51248.202      16991.059    1143934.603          0.002
      55086.806      16639.814    1155523.449          0.004
      56400.007      17125.100    1191774.495          0.003
      54551.122      16477.917    1155523.449          0.003
      54704.702      17222.877     717907.540          0.005
      54543.075      16438.881    2295185.640          0.003
      53753.196      16772.013    1161610.117          0.004
      57815.793      16472.625    1161655.094          0.003
      58744.732      17208.310    7561618.924          0.003
      60153.143      17318.664    1170227.602          0.004
      60811.963      18173.202    2152557.390          0.004
      59577.811      16564.258    1170227.602          0.003
      60947.116      16272.702    1160252.124          0.003
      59572.409      16565.409    2023681.020          0.003
      58744.732      17208.310    7561618.924          0.003
      61119.783      17386.928    1160252.124          0.004
      60811.963      18173.202    2152557.390          0.004
      62361.926      16772.863    1160252.124          0.003
      62937.444      17264.825    1973785.943          0.004
      64684.391      16549.017    3372277.434          0.003
      64812.466      17182.642     963773.844          0.003
      64089.599      16792.732    1162067.502          0.003
      62937.444      17264.825    1973785.943          0.004
      66680.417      16487.205    1327172.262          0.003
      67315.844      16880.311    1110557.472          0.003
      66743.118      16447.081    1144227.250          0.003
      67772.442      15788.390    2638246.994          0.003
      66680.417      16487.205    1327172.262          0.003
      66092.583      16955.967    1145419.904          0.003
      68852.487      16388.436     634457.442          0.004
      67772.442      15788.390    2638246.994          0.003
      68852.487      16388.436     634457.442          0.004
      69408.202      17211.251    1080203.431          0.004
      68852.487      16388.436     634457.442          0.004
      69565.526      16183.907    1103645.654          0.004
      69777.969      16243.575    1103645.654          0.004
      69657.154      17579.860    1326556.413          0.003
      71507.181      16765.871    1062740.617          0.003
      71037.965      18084.900    1037713.702          0.002
      71655.072      16350.127    7877918.694          0.002
      72150.779      17315.937    1062819.681          0.002
      70468.537      17080.448    1062740.617          0.003
      69657.154      17579.860    1326556.413          0.003
      76060.563      16111.510    2124300.586          0.002
      77233.277      16213.898     938402.848          0.002
      75985.320      16154.989     978194.820          0.002
      74773.147      16855.443     996443.591          0.002
      77809.448      16383.966     938402.848          0.001
      76649.905      17168.478     953766.664          0.001
      79526.828      16534.800     911545.159          0.001
      78245.461      17098.803     923423.355          0.000
        877.778      17173.449    2962898.717          0.001
        195.392      18101.587     891893.276          0.000
       1492.913      17623.868     913840.215          0.001
       2214.865      18152.500     653877.542          0.002
       2263.088      17157.201     913840.215          0.002
       3040.873      17148.079     951457.518          0.002
       3040.873      17148.079     951457.518          0.002
       4202.802      17248.354     964993.699          0.002
       3040.873      17148.079     951457.518          0.002
       2309.182      18037.811     912590.697          0.002
       5102.530      17326.001    3749640.029          0.001
       5755.690      18085.482     950955.837          0.001
       7301.519      17380.647    4616348.618          0.001
       7281.942      18733.889     970342.170          0.001
       7509.146      17425.191     995470.757          0.002
       8241.045      17582.212     662788.598          0.002
       8262.841      17581.936    1003661.323          0.002
       9662.729      17564.224    1029381.423          0.002
       8241.045      17582.212     662788.598          0.002
       7871.761      18277.526     970342.170          0.002
       9899.124      17561.233    2683858.826          0.002
      10902.053      17557.473    1047039.662          0.002
       9899.124      17561.233    2683858.826          0.002
      10691.610      18016.405    1031953.540          0.001
      11913.207      17963.176    1047039.662          0.002
      13163.576      18549.731    9738393.225          0.002
      13982.569      17355.072    1089025.027          0.003
      15011.930      17564.360    4844095.704          0.003
      13012.777      17157.895    6753550.391          0.002
      13149.038      18415.555    1074059.708          0.002
      15011.930      17564.360    4844095.704          0.003
      14967.900      18361.346    1455695.606          0.003
      18037.794      18029.270    1128953.131          0.004
      18043.554      19273.707    2152000.060          0.003
      18035.268      17483.606    2782827.778          0.003
      18626.078      17935.843    1134515.628          0.003
      17185.915      17982.684    1128953.131          0.004
      16331.797      18484.561     990579.404          0.005
      19412.985      17231.656    4677033.602          0.002
      19428.752      18546.482    1134515.628          0.002
      19412.985      17231.656    4677033.602          0.002
      20492.613      17390.167    1114314.812          0.002
      22061.695      17800.646    1114314.812          0.003
      23084.285      18170.286    1103218.032          0.003
      21360.578      17467.271    1114314.812          0.002
      22728.433      17168.985    1110320.945          0.002
      25311.235      17421.274    2250742.494          0.003
      24794.751      18679.261    1143054.024          0.003
      25627.162      17368.245    1122279.643          0.003
      27007.847      17136.493    1120525.691          0.004
      25311.235      17421.274    2250742.494          0.003
      26350.044      18286.525    1125925.911          0.003
      27146.669      17113.192    1583462.058          0.003
      26558.720      18222.393    1125925.911          0.003
      29602.039      17444.604   86105854.306          0.001
      30550.119      17421.030   37993638.118          0.001
      29231.996      17744.215    1112033.979          0.002
      28323.576      18479.730    4889261.533          0.002
      29493.299      16855.633    1112033.979          0.002
      29239.630      15481.685    6764302.633          0.002
      30369.521      17579.461    1113353.080          0.002
      29317.094      18502.714    1117779.419          0.002
      31575.389      17616.966    1118246.775          0.002
      32443.996      18470.140    2465833.191          0.002
      31403.049      17447.688    1431377.828          0.002
      31226.176      18327.686    1124585.587          0.002
      33678.542      17455.159    1129958.837          0.004
      34497.844      18337.333    1421363.932          0.004
      33721.484      17218.730    1129958.837          0.003
      35112.014      17381.297    1142365.703          0.003
      33426.988      17184.301    1902455.524          0.003
      32736.458      18087.574    1135851.295          0.003
      35753.303      17751.022    1142365.703          0.003
      36306.803      18296.775    1105080.691          0.004
      35272.985      17558.468    1142365.703          0.003
      34497.844      18337.333    1421363.932          0.004
      37665.139      17222.128    2461596.961          0.003
      38244.638      17881.997    1163545.212          0.003
      37665.139      17222.128    2461596.961          0.003
      37686.237      18392.310    1165497.881          0.002
      36912.483      17817.592    1136152.211          0.004
      36306.803      18296.775    1105080.691          0.004
      39549.472      17157.796    1130498.902          0.002
      40691.110      17288.720    8847656.129          0.002
      40686.925      17312.418    1139358.976          0.002
      40461.387      18589.367   18544287.791          0.002
      43135.204      18032.397    1156178.170          0.004
      43652.334      18837.767    1319731.181          0.004
      42728.709      17399.328    2481351.130          0.003
      44070.244      17393.247    1160758.347          0.004
      42728.709      17399.328    2481351.130          0.003
      42624.000      18402.097    2777527.957          0.003
      43365.948      17740.061    1156178.170          0.004
      44469.272      18330.012    1493111.284          0.004
      45467.288      17840.207    1160758.347          0.004
      46473.931      18485.641    1628031.568          0.003
      44906.215      17387.907    1160758.347          0.004
      46306.046      17366.162    1153519.902          0.003
      46761.555      17359.086    2443466.985          0.003
      47315.889      18011.846    1186960.627          0.003
      46672.997      17705.944    1153519.902          0.003
      46473.931      18485.641    1628031.568          0.003
      48095.472      17524.857    1148560.952          0.002
      49350.070      18146.132    1176749.548          0.002
      47839.845      17382.426    1148560.952          0.002
      49234.871      17264.523    1139742.341          0.002
      49643.320      17233.742    1139742.341          0.002
      50809.482      17219.225   16312187.227          0.002
      51368.613      17234.188    1143934.603          0.002
      52580.453      17266.620   13276503.110          0.002
      50795.606      17258.708    1143934.603          0.002
      50411.999      18350.195    7295708.268          0.002
      52603.655      17509.176    1161610.117          0.003
      52701.361      18530.637   12122815.823          0.003
      54704.702      17222.877     717907.540          0.005
      55962.814      17191.399    1191774.495          0.004
      54704.702      17222.877     717907.540          0.005
      54606.212      18318.505    1231172.941          0.003
      56540.314      17176.950    3453731.115          0.003
      57578.514      17751.936    1225666.839          0.003
      56613.823      17672.951    1191774.495          0.004
      56749.718      18589.900    1652660.416          0.004
      56118.218      17466.934    1191774.495          0.004
      54964.294      18259.689    1231172.941          0.004
      59601.502      18284.968    1193274.466          0.004
      60277.931      19135.000    2325911.991          0.004
      59890.296      17743.009    1193274.466          0.004
      60811.963      18173.202    2152557.390          0.004
      58581.693      17322.980    1193274.466          0.003
      57798.539      17873.792    7266006.609          0.003
      62937.444      17264.825    1973785.943          0.004
      62683.531      18365.450    1182665.395          0.004
      62937.444      17264.825    1973785.943          0.004
      64061.052      17215.577    1158499.177          0.004
      62479.718      17460.446    1179135.520          0.004
      61192.358      18010.631    1211034.700          0.004
      64812.466      17182.642     963773.844          0.003
      64169.800      17976.536    1160598.997          0.003
      64812.466      17182.642     963773.844          0.003
      64770.399      17912.387    1142697.168          0.003
      65604.778      17344.962    8947427.438          0.002
      64742.501      18396.340    6038124.971          0.002
      68066.731      17344.846    7110343.983          0.002
      68601.939      18483.970    1049355.214          0.003
      68620.805      17426.721    1110557.472          0.003
      69657.154      17579.860    1326556.413          0.003
      68066.731      17344.846    7110343.983          0.002
      67089.101      17955.425    1109634.397          0.002
      69657.154      17579.860    1326556.413          0.003
      70239.387      18053.094    1037713.702          0.002
      72238.797      17427.262    1034836.692          0.002
      73074.467      18484.211    1304520.017          0.002
      72072.272      17392.282    1034836.692          0.002
      71068.590      18368.306    1037713.702          0.002
      72850.423      17657.308    1019681.128          0.002
      73074.467      18484.211    1304520.017          0.002
      74055.730      17447.553     996443.591          0.001
      74720.699      18355.436    3639449.831          0.002
      78241.206      17290.204     923423.355          0.000
      78920.472      18433.339    4136209.768          0.001
      77287.330      17920.027     923423.355          0.002
      76733.823      18419.409    1003313.980          0.002
      79742.505      17606.073     902552.093          0.000
      78920.472      18433.339    4136209.768          0.001
       1513.170      18220.566     891893.276          0.002
       2214.865      18152.500     653877.542          0.002
        538.637      18590.221     891893.276          0.001
       1832.269      19125.493     903507.644          0.001
       2214.865      18152.500     653877.542          0.002
       3071.604      18178.083     929255.728          0.001
       6112.310      19389.104     950955.837          0.002
       6277.416      20206.980    1564656.839          0.002
       5551.686      18987.956     950955.837          0.001
       5273.471      19636.713    1249816.481          0.002
      10506.166      18875.261    1031953.540          0.002
      10154.504      19523.765    1303265.584          0.002
      13453.108      18856.146    1074059.708          0.002
      14022.824      19459.082    1250123.724          0.003
      13163.576      18549.731    9738393.225          0.002
      12445.507      19253.774    1059691.749          0.002
      14967.900      18361.346    1455695.606          0.003
      15009.457      19390.045    1120556.511          0.003
      15519.892      18724.296    1109714.435          0.004
      16391.868      19297.645    1030379.447          0.004
      14967.900      18361.346    1455695.606          0.003
      14402.809      19017.718    1093601.967          0.004
      15500.717      18409.481    1109714.435          0.004
      16331.797      18484.561     990579.404          0.005
      16331.797      18484.561     990579.404          0.005
      17506.809      19026.259    1147009.497          0.004
      16331.797      18484.561     990579.404          0.005
      16391.868      19297.645    1030379.447          0.004
      19455.472      18549.372    1134515.628          0.002
      20854.645      18501.259    1127532.174          0.003
      19571.086      18712.821    1134515.628          0.003
      20295.125      19539.871    7308121.780          0.003
      21936.237      18391.701    1127532.174          0.002
      23084.285      18170.286    1103218.032          0.003
      22875.244      18555.926    1122180.837          0.003
      22371.623      19485.009     959820.761          0.003
      23084.285      18170.286    1103218.032          0.003
      23890.310      18511.468    1128053.910          0.002
      23029.391      19138.675    1128053.910          0.003
      22371.623      19485.009     959820.761          0.003
      26471.224      18387.459    2132387.865          0.003
      26441.173      19143.044    1641089.625          0.003
      26471.224      18387.459    2132387.865          0.003
      27294.561      18428.472    1118624.457          0.003
      26374.018      18441.112    1125925.911          0.003
      25148.327      19117.635    1143054.024          0.003
      28323.576      18479.730    4889261.533          0.002
      28113.636      19442.006   47059728.955          0.002
      29940.859      19069.802    1117779.419          0.002
      30567.124      19482.547    1039623.141          0.003
      29595.844      18561.663    1117779.419          0.002
      30991.472      18451.107    1124585.587          0.002
      33531.199      18399.839    1135851.295          0.003
      34497.844      18337.333    1421363.932          0.004
      32443.996      18470.140    2465833.191          0.002
      32637.548      19229.945    1149566.751          0.002
      34497.844      18337.333    1421363.932          0.004
      34239.996      19444.180    2459867.446          0.003
      34602.220      18345.959    1154081.396          0.004
      35532.009      18422.799    1732542.464          0.004
      35507.032      19174.405    1161985.455          0.004
      35462.070      20527.440    1252395.917          0.004
      35543.540      18432.873    1161985.455          0.004
      36597.853      19353.972    1190964.415          0.003
      35532.009      18422.799    1732542.464          0.004
      36306.803      18296.775    1105080.691          0.004
      35532.009      18422.799    1732542.464          0.004
      34663.982      19109.005    1174002.575          0.003
      36306.803      18296.775    1105080.691          0.004
      36650.014      19399.542    1526892.323          0.003
      37480.260      19237.395    1165497.881          0.003
      37227.540      20183.657    2733203.911          0.003
      37687.484      18461.486    5411403.155          0.002
      38376.460      19426.884    1203544.715          0.002
      39099.796      18434.733    1163545.212          0.002
      40461.387      18589.367   18544287.791          0.002
      39507.242      18785.315    1163545.212          0.003
      40546.871      19290.071    6358019.976          0.002
      41876.057      18466.864    1178128.062          0.003
      42624.000      18402.097    2777527.957          0.003
      42624.000      18402.097    2777527.957          0.003
      42366.206      19522.805    8678530.222          0.003
      44482.252      18387.937    1194561.815          0.004
      44680.669      19273.438    2540104.494          0.004
      44470.479      18330.105    1194561.815          0.004
      45866.279      18438.467    1194703.505          0.004
      44469.272      18330.012    1493111.284          0.004
      43652.334      18837.767    1319731.181          0.004
      45590.878      18873.575    1194703.505          0.004
      44680.669      19273.438    2540104.494          0.004
      46473.931      18485.641    1628031.568          0.003
      46572.047      19208.518    1225291.689          0.003
      48245.734      18727.082    1186960.627          0.003
      49500.236      19348.552    1232932.034          0.002
      47774.408      18443.353    1186960.627          0.002
      49168.314      18312.873    1176749.548          0.002
      49604.360      18272.056   20945328.998          0.002
      50411.999      18350.195    7295708.268          0.002
      51537.781      18438.927    1183162.906          0.003
      52701.361      18530.637   12122815.823          0.003
      50381.616      18400.702    1183162.906          0.002
      49739.965      19467.311   18799091.099          0.002
      53580.735      18524.755    1211298.501          0.003
      54588.278      18518.016    8418532.066          0.003
      52595.410      18647.706    1211298.501          0.003
      51714.515      19621.032    4093715.362          0.003
      55610.476      18552.012    1231172.941          0.004
      56749.718      18589.900    1652660.416          0.004
      54588.278      18518.016    8418532.066          0.003
      53371.655      18956.090    1239139.952          0.003
      56489.699      18678.888    1244836.465          0.004
      55165.121      19132.204    1259976.504          0.004
      56770.304      18696.537    1244836.465          0.004
      56914.629      19444.123    2062134.001          0.004
      56749.718      18589.900    1652660.416          0.004
      57589.427      19238.501    3444105.093          0.004
      60811.963      18173.202    2152557.390          0.004
      62095.496      18413.140    1182665.395          0.004
      60811.963      18173.202    2152557.390          0.004
      60277.931      19135.000    2325911.991          0.004
      62648.673      18516.549    1662813.898          0.003
      63463.173      18885.661    1120205.784          0.004
      62648.673      18516.549    1662813.898          0.003
      63500.654      18295.899    1160598.997          0.003
      62648.673      18516.549    1662813.898          0.003
      62210.916      19157.008    1185507.454          0.003
      64020.193      18161.347    4250714.765          0.003
      64632.869      19253.379    1120205.784          0.003
      64742.501      18396.340    6038124.971          0.002
      66015.872      18250.452    1109634.397          0.002
      64742.501      18396.340    6038124.971          0.002
      64755.015      19471.093    2547216.371          0.002
      66751.701      18166.149   13710030.037          0.002
      67394.434      19126.543    1060955.399          0.002
      71501.380      18540.892    1037713.702          0.002
      72900.472      18490.481    1005197.410          0.003
      70685.897      18617.628    1037713.702          0.002
      69343.688      19015.718    1049355.214          0.002
      73074.467      18484.211    1304520.017          0.002
      72954.668      19480.498    1939082.167          0.002
      73074.467      18484.211    1304520.017          0.002
      74193.196      18396.700     977402.110          0.002
      73074.467      18484.211    1304520.017          0.002
      72013.784      18895.906    1019630.607          0.002
      74785.114      18886.294     977402.110          0.002
      74941.485      20174.973    2450113.181          0.002
      75676.679      18773.432     977402.110          0.003
      76943.142      19327.183    1528666.308          0.002
      74141.020      18724.725     977402.110          0.002
      72960.264      19476.933     996936.254          0.002
      75134.177      18368.576     977402.110          0.002
      76533.471      18413.042     943762.769          0.002
      76733.823      18419.409    1003313.980          0.002
      77717.643      18425.676     908786.584          0.002
      76733.823      18419.409    1003313.980          0.002
      76943.142      19327.183    1528666.308          0.002
      78920.472      18433.339    4136209.768          0.001
      79765.552      19180.479     898783.986          0.000
      78920.472      18433.339    4136209.768          0.001
      78791.432      19478.127    2060193.120          0.001
       2098.725      20122.041     903507.644          0.001
       2087.556      21368.026    4443492.630          0.001
       1797.651      19410.503     903507.644          0.001
        573.532      20089.865     896079.315          0.001
       3193.113      19372.507     903507.644          0.001
       4005.240      19472.287    1656418.080          0.001
       4131.946      20266.455     928604.724          0.002
       4286.276      21233.760    1385920.851          0.003
       4128.805      19488.307     928604.724          0.001
       5273.471      19636.713    1249816.481          0.002
       3895.355      19587.033     928604.724          0.002
       3063.424      20455.762     848565.871          0.002
       4938.670      20178.342     947107.172          0.003
       4286.276      21233.760    1385920.851          0.003
       5273.471      19636.713    1249816.481          0.002
       6277.416      20206.980    1564656.839          0.002
       8229.619      19421.653     970342.170          0.002
       8933.038      19432.861     636677.064          0.002
       8933.038      19432.861     636677.064          0.002
       9145.475      20543.586    1027121.575          0.002
       9049.185      19441.505     999315.939          0.003
      10154.504      19523.765    1303265.584          0.002
      10131.955      19779.501    1022969.267          0.003
      10008.990      21174.090    1064917.997          0.002
      10250.325      19585.164    1022969.267          0.003
      11259.337      20231.711    1277371.970          0.003
      10154.504      19523.765    1303265.584          0.002
       9498.753      20276.866    1027121.575          0.002
      11808.569      19783.762    1059691.749          0.002
      11259.337      20231.711    1277371.970          0.003
      14022.824      19459.082    1250123.724          0.003
      15042.983      20219.929    4203862.121          0.003
      14022.824      19459.082    1250123.724          0.003
      13623.933      20120.193    1097960.514          0.002
      16391.868      19297.645    1030379.447          0.004
      16338.067      20303.774    1150838.423          0.004
      16391.868      19297.645    1030379.447          0.004
      17723.700      19278.342    1147009.497          0.004
      17988.159      19316.672    1147009.497          0.003
      16881.906      20174.695    1150838.423          0.004
      18043.554      19273.707    2152000.060          0.003
      18309.115      20174.568    1163014.398          0.003
      20464.252      19715.577    1151664.845          0.003
      21167.550      20446.236    1884911.897          0.003
      19440.626      19835.201    1151664.845          0.003
      18322.948      20221.491    6644261.210          0.003
      22371.623      19485.009     959820.761          0.003
      23029.941      20125.687    1168203.268          0.003
      22201.037      19621.190    1147095.278          0.004
      21167.550      20446.236    1884911.897          0.003
      24806.092      19984.908    1143054.024          0.003
      25243.254      20596.634    1390176.283          0.004
      25096.023      19384.145    1143054.024          0.003
      26441.173      19143.044    1641089.625          0.003
      24458.433      19498.424    3422921.982          0.002
      23460.753      20301.406    1168203.268          0.002
      26441.173      19143.044    1641089.625          0.003
      26918.956      19793.143    1162030.663          0.003
      26015.921      19659.057    1130512.649          0.004
      25243.254      20596.634    1390176.283          0.004
      28668.125      19660.265    1129573.488          0.002
      29970.838      20173.041    1157652.982          0.002
      31170.135      19872.160    1138129.934          0.004
      32330.231      20621.712    1274180.108          0.003
      30567.124      19482.547    1039623.141          0.003
      31777.550      19342.766    1149566.751          0.003
      30567.124      19482.547    1039623.141          0.003
      30265.691      20140.574    1157652.982          0.002
      34858.379      19992.322    1174002.575          0.004
      35462.070      20527.440    1252395.917          0.004
      34239.996      19444.180    2459867.446          0.003
      34315.121      20729.942    1243936.797          0.003
      34239.996      19444.180    2459867.446          0.003
      33788.238      20033.566    1198232.029          0.003
      36650.014      19399.542    1526892.323          0.003
      37187.607      20129.440    1220097.885          0.003
      36331.852      19701.622    1190964.415          0.004
      35462.070      20527.440    1252395.917          0.004
      39206.126      19498.269    1203544.715          0.003
      40546.871      19290.071    6358019.976          0.002
      40405.915      19368.445    1206010.799          0.003
      39182.335      20048.778    1235475.945          0.003
      41351.857      19393.047    1206010.799          0.003
      42366.206      19522.805    8678530.222          0.003
      42047.068      19665.041    1235264.432          0.003
      40768.323      20234.964    1254381.984          0.003
      42982.468      19194.562    1235264.432          0.003
      43652.334      18837.767    1319731.181          0.004
      44680.669      19273.438    2540104.494          0.004
      43652.334      18837.767    1319731.181          0.004
      44523.445      20252.367    1234699.445          0.005
      44372.115      21194.604    1892659.850          0.005
      44680.669      19273.438    2540104.494          0.004
      45472.669      19875.496    1301443.188          0.004
      44392.292      19485.963    1234699.445          0.004
      43671.732      20016.996     654014.483          0.005
      46551.034      19579.614    1225291.689          0.003
      46480.385      20641.535    6544042.204          0.003
      46574.514      19226.686    4899338.695          0.003
      47341.569      19396.804    1231312.422          0.002
      48304.141      19811.666    1231312.422          0.003
      49576.833      20394.980    1286720.233          0.003
      47747.221      19427.375    1231312.422          0.003
      49146.940      19455.426    1232932.034          0.003
      50885.702      19967.017    1232932.034          0.003
      51553.426      20258.242    2888745.591          0.004
      50643.937      19537.686    1232932.034          0.003
      51714.515      19621.032    4093715.362          0.003
      51714.515      19621.032    4093715.362          0.003
      52757.342      19177.288    9853649.613          0.003
      52533.888      19377.920    1239139.952          0.003
      51553.426      20258.242    2888745.591          0.004
      53968.202      19227.695    1239139.952          0.004
      54786.554      19261.762    4806415.973          0.004
      55851.022      19352.979    1259976.504          0.005
      56914.629      19444.123    2062134.001          0.004
      54568.788      19557.331    1259976.504          0.004
      53755.315      20661.436    6182571.060          0.003
      56431.975      20310.815    1268020.223          0.005
      55897.366      21270.802    1454040.489          0.005
      56914.629      19444.123    2062134.001          0.004
      57553.824      20346.935    1279821.167          0.004
      56470.773      19803.765    1268020.223          0.005
      55535.002      20561.987    1208658.752          0.005
      57589.427      19238.501    3444105.093          0.004
      58018.059      18485.275    1234736.737          0.004
      57594.283      19310.940    1257956.174          0.004
      57675.226      20518.405    2810960.536          0.004
      57589.427      19238.501    3444105.093          0.004
      58812.143      19172.586    1244096.573          0.004
      58904.446      19167.610    1957064.235          0.004
      59920.959      19143.475    1223556.665          0.004
      58904.446      19167.610    1957064.235          0.004
      58271.472      18357.081    1234736.737          0.004
      58904.446      19167.610    1957064.235          0.004
      59524.071      20209.444    1709060.763          0.003
      58498.209      19614.025    1244096.573          0.005
      57675.226      20518.405    2810960.536          0.004
      61935.795      19559.522    8181599.308          0.003
      61703.084      20784.654    1173590.757          0.003
      61464.398      19887.591    1185507.454          0.003
      60765.926      20373.692    1525772.433          0.003
      64755.015      19471.093    2547216.371          0.002
      65686.133      19370.181    1084002.880          0.002
      64562.911      19541.577    1120205.784          0.002
      63248.585      20023.807    1153750.617          0.003
      66607.041      19270.375   23132906.278          0.001
      66856.375      20481.418    1050730.353          0.001
      66247.811      19573.390    1084002.880          0.002
      65177.677      20476.062    1088394.939          0.002
      67843.156      19391.934    1060955.399          0.001
      68911.942      19143.772    4486464.902          0.002
      67608.506      19446.417   33388934.882          0.001
      66900.664      20597.598    1050730.353          0.001
      68911.942      19143.772    4486464.902          0.002
      68848.040      20059.433    1024084.185          0.001
      68956.090      19146.444    1049355.214          0.002
      70353.532      19231.029    1019630.607          0.002
      71131.034      19411.223    1019630.607          0.001
      71882.882      20592.207     989946.906          0.001
      71759.201      19350.593    1019630.607          0.002
      72954.668      19480.498    1939082.167          0.002
      73315.985      19606.794     996936.254          0.002
      74637.576      20068.744     969636.953          0.002
      72954.668      19480.498    1939082.167          0.002
      72335.967      20334.765     989946.906          0.002
      76943.142      19327.183    1528666.308          0.002
      77189.697      20548.015     936473.577          0.002
      76943.142      19327.183    1528666.308          0.002
      77738.138      19392.108     915371.212          0.002
      76677.985      19439.489     944607.016          0.003
      75388.847      19985.495     969636.953          0.002
      78791.432      19478.127    2060193.120          0.001
      79549.433      20061.436     901484.570          0.001
      78791.432      19478.127    2060193.120          0.001
      78994.382      20579.401     755756.592          0.001
      77997.003      20046.570     915371.212          0.002
      77203.145      20614.603    1758113.766          0.002
       1025.725      20879.794     896079.315          0.001
       2087.556      21368.026    4443492.630          0.001
       3376.921      20655.214     931423.214          0.002
       4286.276      21233.760    1385920.851          0.003
       3063.424      20455.762     848565.871          0.002
       2806.050      21206.571    2751354.151          0.001
       3063.424      20455.762     848565.871          0.002
       2415.221      21061.717     926464.307          0.001
       6277.416      20206.980    1564656.839          0.002
       6885.493      20511.367    7238086.851          0.001
       6249.607      20429.235     970363.868          0.002
       6103.923      21593.584    3193943.048          0.002
       5502.640      20606.512     970363.868          0.003
       4286.276      21233.760    1385920.851          0.003
       7700.694      20563.595     985469.668          0.002
       9097.829      20653.107    1027121.575          0.002
       8800.185      20756.501    1027121.575          0.002
       7448.428      21120.854    1007603.962          0.002
      11325.879      20333.273    1054577.371          0.003
      11986.990      21342.320    1864520.202          0.003
      11259.337      20231.711    1277371.970          0.003
      10231.338      21149.107    1064917.997          0.002
      12632.128      20999.712    1097960.514          0.003
      11986.990      21342.320    1864520.202          0.003
      15042.983      20219.929    4203862.121          0.003
      15233.387      21225.290    5054918.129          0.003
      15566.271      20379.213    1120556.511          0.003
      16321.737      20609.170    3059461.496          0.003
      16321.737      20609.170    3059461.496          0.003
      16083.526      21871.767    1203574.712          0.003
      16489.641      20576.643    1150838.423          0.004
      17864.088      20310.382    1163014.398          0.004
      16761.670      21027.808    1150838.423          0.004
      17373.451      21609.977    1110144.802          0.004
      17824.860      20949.864    1163014.398          0.004
      17373.451      21609.977    1110144.802          0.004
      18666.787      20253.738    1163014.398          0.003
      20060.671      20384.462    1174426.851          0.003
      20827.916      20903.565    1174426.851          0.004
      21413.238      21627.671     901179.415          0.005
      20436.821      20419.739    5141442.119          0.003
      21167.550      20446.236    1884911.897          0.003
      19635.977      21134.506    1174426.851          0.004
      19087.748      21623.811    2319653.578          0.004
      21167.550      20446.236    1884911.897          0.003
      22190.598      20429.826    1168203.268          0.003
      21167.550      20446.236    1884911.897          0.003
      22331.775      20865.330    1197566.349          0.003
      21266.357      20921.368    1174925.727          0.004
      21413.238      21627.671     901179.415          0.005
      24499.031      20524.912    1168203.268          0.003
      25243.254      20596.634    1390176.283          0.004
      24958.398      21245.929    1169178.589          0.005
      24511.546      22264.472    1753628.709          0.004
      25243.254      20596.634    1390176.283          0.004
      25518.687      21189.024    1617370.579          0.004
      25243.254      20596.634    1390176.283          0.004
      24320.984      20886.792    1197566.349          0.003
      28251.096      20871.113    1162030.663          0.003
      29468.594      21297.126   11424830.212          0.002
      31468.601      20477.456    1157652.982          0.003
      32330.231      20621.712    1274180.108          0.003
      30026.199      20519.887    1157652.982          0.002
      29468.594      21297.126   11424830.212          0.002
      32330.231      20621.712    1274180.108          0.003
      33202.338      20530.002    1198232.029          0.003
      32330.231      20621.712    1274180.108          0.003
      31582.100      21281.920    1221257.764          0.003
      32621.297      20802.855    1189903.730          0.004
      33439.345      21311.962     862819.510          0.003
      35462.070      20527.440    1252395.917          0.004
      36379.879      21381.235    1076969.357          0.005
      35462.070      20527.440    1252395.917          0.004
      36329.495      20358.530    1220097.885          0.004
      36888.516      20662.631    1220097.885          0.003
      36379.879      21381.235    1076969.357          0.005
      37227.540      20183.657    2733203.911          0.003
      38013.346      21178.638    1293488.288          0.003
      37227.540      20183.657    2733203.911          0.003
      37977.295      20271.758    1235475.945          0.003
      39761.063      20335.919    1235475.945          0.003
      40564.059      20326.002    3912742.821          0.003
      40537.231      20613.860    1254381.984          0.003
      40445.480      21598.324    6888791.041          0.003
      41437.086      20422.441    1254381.984          0.004
      42421.365      20531.169    4723351.841          0.003
      43660.011      20952.423    1287106.363          0.004
      44372.115      21194.604    1892659.850          0.005
      43017.023      20286.224    1287106.363          0.004
      43671.732      20016.996     654014.483          0.005
      42322.664      20625.996    1287106.363          0.003
      41590.388      21329.532    1088826.770          0.004
      46586.843      20997.546    1301443.188          0.003
      46789.269      21674.484    2641766.540          0.004
      46480.385      20641.535    6544042.204          0.003
      47424.777      21324.632    5748857.964          0.003
      48828.311      22361.769    1286720.233          0.004
      48378.283      23317.291    5433817.469          0.003
      50453.197      20380.720    1286720.233          0.003
      51553.426      20258.242    2888745.591          0.004
      48420.408      20950.933    1286720.233          0.004
      47424.777      21324.632    5748857.964          0.003
      51618.612      20588.432    1284663.983          0.004
      51767.357      21341.871    3329352.924          0.004
      52886.848      20502.409    1284663.983          0.005
      53755.315      20661.436    6182571.060          0.003
      54723.562      20607.331    1315560.954          0.004
      55535.002      20561.987    1208658.752          0.005
      53687.793      20684.547    1315560.954          0.004
      52363.234      21137.916    1345274.483          0.004
      55453.502      20609.492    1308138.035          0.005
      54243.969      21314.495    1353142.516          0.004
      55535.002      20561.987    1208658.752          0.005
      55897.366      21270.802    1454040.489          0.005
      57675.226      20518.405    2810960.536          0.004
      57628.041      21497.321    1293241.463          0.003
      57675.226      20518.405    2810960.536          0.004
      58777.571      20334.192    1239372.920          0.004
      56603.595      20971.923    1279821.167          0.005
      55897.366      21270.802    1454040.489          0.005
      59524.071      20209.444    1709060.763          0.003
      60345.255      20318.054    1206034.161          0.003
      59524.071      20209.444    1709060.763          0.003
      60160.323      19302.621    1223556.665          0.004
      60765.926      20373.692    1525772.433          0.003
      60024.801      21160.022    1230366.779          0.003
      60692.478      20187.256    1206034.161          0.003
      60277.931      19135.000    2325911.991          0.004
      62757.415      20204.019   13550568.619          0.002
      62616.504      21580.110    1154677.974          0.002
      62757.415      20204.019   13550568.619          0.002
      63444.835      21068.498    1112693.689          0.002
      62721.826      20240.739    1153750.617          0.002
      61747.476      21246.047    1173590.757          0.002
      64988.774      20635.404   19207942.985          0.002
      64929.548      21236.463   69015194.254          0.001
      64975.689      20645.555    1088394.939          0.002
      63869.509      21503.673    1112693.689          0.002
      69644.386      20987.416    1024084.185          0.002
      70648.832      21654.586    1401362.342          0.002
      68041.465      20867.212    1024084.185          0.002
      66855.052      21515.847    4822306.162          0.002
      70828.942      20895.464    1001638.969          0.001
      70648.832      21654.586    1401362.342          0.002
      71054.181      20434.169    1001638.969          0.001
      72007.615      20788.134    1313049.156          0.001
      75304.779      20245.591     969636.953          0.002
      76679.056      20512.728     936473.577          0.003
      74941.485      20174.973    2450113.181          0.002
      75060.274      21051.629     949605.283          0.002
      77203.145      20614.603    1758113.766          0.002
      76628.607      21301.537     926067.535          0.002
      77203.145      20614.603    1758113.766          0.002
      77195.434      21540.784     919773.643          0.001
      77203.145      20614.603    1758113.766          0.002
      78230.688      20594.409     911961.874          0.002
      77203.145      20614.603    1758113.766          0.002
      75878.359      20970.367     949605.283          0.002
      78994.382      20579.401     755756.592          0.001
      79015.424      21209.282    3660378.166          0.001
      79833.841      20543.363     901484.570          0.000
      79015.424      21209.282    3660378.166          0.001
       2087.556      21368.026    4443492.630          0.001
       2180.226      22447.220    5110120.907          0.001
       2087.556      21368.026    4443492.630          0.001
       1036.423      21912.311     898675.964          0.001
       3004.301      21419.232     937417.593          0.002
       3797.509      22270.095    2245611.513          0.002
       2806.050      21206.571    2751354.151          0.001
       2287.677      22234.206     935857.485          0.001
       4411.669      21258.583     964543.308          0.003
       5785.018      21530.453    1003470.365          0.002
       4286.276      21233.760    1385920.851          0.003
       3872.074      22111.994     969690.314          0.002
       6109.596      21669.357    1003470.365          0.002
       6214.119      23065.449    1028459.813          0.002
       5971.898      21735.228    1003470.365          0.002
       5017.335      22759.342     982025.285          0.003
       7008.801      22040.680    1003470.365          0.003
       8140.158      22599.679    1078053.130          0.003
       6103.923      21593.584    3193943.048          0.002
       7008.943      21250.966    1007603.962          0.002
       6010.418      21621.010    1003470.365          0.002
       4667.015      22015.054     969690.314          0.003
       7693.717      21994.230    1007603.962          0.003
       8140.158      22599.679    1078053.130          0.003
       8127.371      21433.702    1007603.962          0.003
       9153.272      21660.065    1701486.992          0.002
       9153.272      21660.065    1701486.992          0.002
       9097.120      22979.702    1088472.276          0.003
       9153.272      21660.065    1701486.992          0.002
       9992.391      21362.346    4044931.487          0.002
       9463.636      21843.778    1061372.632          0.003
      10236.230      22301.097    1632056.514          0.003
       9047.192      21758.449    1061372.632          0.002
       8140.158      22599.679    1078053.130          0.003
      10702.051      21355.221    1064917.997          0.003
      11986.990      21342.320    1864520.202          0.003
      12024.543      21476.385    1099118.055          0.003
      12269.807      22351.985    1375374.159          0.004
      11444.314      21639.509    1099118.055          0.004
      10236.230      22301.097    1632056.514          0.003
      15403.449      21451.479    1149160.336          0.003
      16010.492      22258.873    7164945.241          0.003
      15233.387      21225.290    5054918.129          0.003
      14367.375      22013.195    1169202.409          0.003
      17373.451      21609.977    1110144.802          0.004
      17274.496      22660.734    1741411.412          0.004
      17638.794      21612.118    1201189.174          0.005
      19038.749      21623.416    1220476.795          0.004
      19087.748      21623.811    2319653.578          0.004
      19179.071      22616.089    1294980.316          0.004
      19551.623      21795.699    1220476.795          0.005
      20864.395      22282.145    1264956.278          0.005
      18987.851      21680.937    1220476.795          0.004
      17772.536      22375.926    1240224.248          0.005
      21413.238      21627.671     901179.415          0.005
      22030.099      22546.300    1242800.324          0.004
      21413.238      21627.671     901179.415          0.005
      21060.990      22354.992    1497355.897          0.005
      25518.687      21189.024    1617370.579          0.004
      26124.478      22425.147    1278741.914          0.003
      25518.687      21189.024    1617370.579          0.004
      26232.396      21192.871    1185259.681          0.003
      25055.491      21683.635    1190416.665          0.004
      24511.546      22264.472    1753628.709          0.004
      28004.149      21232.057    1185259.681          0.003
      29402.769      21294.202    1194646.029          0.002
      29540.144      21309.115    1194646.029          0.002
      30920.894      21540.476    1221257.764          0.003
      28753.222      21694.257    1194646.029          0.003
      27534.383      22370.880    5304370.630          0.003
      32700.821      21405.696    1221257.764          0.004
      33439.345      21311.962     862819.510          0.003
      30462.012      21883.567    1221257.764          0.003
      29354.359      22303.420    8554586.035          0.003
      33439.345      21311.962     862819.510          0.003
      32522.417      21895.653    1286612.748          0.004
      33439.345      21311.962     862819.510          0.003
      33495.318      22354.235    1489411.882          0.004
      33439.345      21311.962     862819.510          0.003
      34175.776      21306.672    1243936.797          0.003
      36379.879      21381.235    1076969.357          0.005
      37112.009      21414.220    1293488.288          0.004
      36379.879      21381.235    1076969.357          0.005
      36352.044      22194.773    4270540.885          0.004
      39539.328      21543.566    1293488.288          0.004
      40445.480      21598.324    6888791.041          0.003
      37048.471      21925.513    1293488.288          0.004
      36352.044      22194.773    4270540.885          0.004
      40757.740      21525.014    1329390.716          0.003
      41590.388      21329.532    1088826.770          0.004
      40205.696      21858.423    1329390.716          0.003
      39623.284      22490.175    3694996.471          0.003
      41604.424      21693.682    1325905.773          0.005
      41638.859      22587.085    1348031.223          0.004
      41590.388      21329.532    1088826.770          0.004
      42314.707      21183.248    2076553.816          0.004
      42346.794      21224.473    1324292.907          0.004
      43206.702      22329.262    1414450.772          0.004
      42183.854      21455.048    1324292.907          0.004
      41638.859      22587.085    1348031.223          0.004
      42987.933      21186.964    1324292.907          0.004
      44372.115      21194.604    1892659.850          0.005
      44372.115      21194.604    1892659.850          0.005
      43712.180      20085.004    1267589.503          0.005
      44372.115      21194.604    1892659.850          0.005
      44458.969      22245.684    1408579.889          0.004
      44372.115      21194.604    1892659.850          0.005
      43719.944      22196.331    1414450.772          0.004
      44372.115      21194.604    1892659.850          0.005
      45377.392      21394.183    1367342.213          0.005
      46789.269      21674.484    2641766.540          0.004
      46661.857      22517.165    1519460.286          0.004
      45790.707      22013.505    1367342.213          0.004
      44476.649      22459.640    2100576.158          0.004
      47682.488      21863.203    1342396.015          0.004
      48286.781      23126.069    1418651.044          0.003
      47121.494      21798.698    1342396.015          0.004
      46661.857      22517.165    1519460.286          0.004
      53065.772      21464.345    1345274.483          0.005
      53858.583      21539.127    3206925.295          0.004
      51767.357      21341.871    3329352.924          0.004
      51888.059      22391.101    2919255.634          0.004
      51500.240      21606.683    1345274.483          0.004
      50534.949      22563.644    1681341.382          0.004
      53898.778      21637.232    1353142.516          0.004
      54429.553      22932.715    1384977.443          0.005
      53858.583      21539.127    3206925.295          0.004
      53417.600      22352.217    1401971.562          0.004
      53858.583      21539.127    3206925.295          0.004
      52912.835      21948.030    1394784.708          0.005
      54331.224      21846.782    1353142.516          0.004
      55504.547      22610.530    1363255.057          0.005
      54598.877      21441.697    1353142.516          0.005
      55897.366      21270.802    1454040.489          0.005
      55897.366      21270.802    1454040.489          0.005
      55549.216      22521.838    1363255.057          0.005
      57622.262      21617.230    7347269.112          0.003
      58494.056      22103.076    1265922.153          0.004
      57622.262      21617.230    7347269.112          0.003
      57777.097      22443.681    2124714.766          0.004
      59731.902      21470.787   16719320.171          0.002
      60443.029      22320.988    1215543.574          0.002
      59431.901      21774.572    1230366.779          0.003
      58889.730      22323.582    3685420.442          0.003
      61372.014      21625.006    1173590.757          0.002
      60546.089      22444.203   12142311.475          0.002
      64389.355      22030.677    1112693.689          0.002
      64992.023      22549.383    1664630.006          0.002
      65312.062      21291.964    1084888.984          0.002
      66697.554      21492.995    1053252.396          0.002
      66382.869      22489.424    1053252.396          0.003
      65987.542      23304.536    1654206.692          0.003
      67517.963      21550.604    1053252.396          0.002
      68916.043      21623.907    1022718.174          0.002
      65844.256      22076.597    1053252.396          0.003
      64992.023      22549.383    1664630.006          0.002
      68935.419      21624.922    1487684.563          0.002
      68981.267      22663.899    1458570.810          0.002
      68525.762      21815.148    1022718.174          0.002
      67606.939      22241.808    1105415.467          0.003
      68935.419      21624.922    1487684.563          0.002
      70321.327      21648.916     997397.404          0.002
      70648.832      21654.586    1401362.342          0.002
      70769.959      22321.487     733084.077          0.002
      70078.037      22000.066     997397.404          0.002
      68981.267      22663.899    1458570.810          0.002
      72848.915      21100.470     970232.799          0.001
      72007.615      20788.134    1313049.156          0.001
      73067.466      21181.608  164042434.514          0.001
      73087.182      22502.937   62191066.784          0.001
      73947.408      21183.179     970232.799          0.001
      75078.373      21185.199    1671204.680          0.001
      75078.373      21185.199    1671204.680          0.001
      76006.412      21771.865     926067.535          0.001
      77194.797      21617.254     717859.784          0.001
      77872.136      22003.979     894013.867          0.001
      77194.797      21617.254     717859.784          0.001
      78261.396      21378.247     906268.591          0.001
      77194.797      21617.254     717859.784          0.001
      76224.745      21850.015     926067.535          0.001
      79015.424      21209.282    3660378.166          0.001
      79757.393      22143.509     888908.708          0.000
      79015.424      21209.282    3660378.166          0.001
      78796.589      22316.466     894013.867          0.000
        182.074      22698.220     898675.964          0.000
        830.802      23586.258    2279846.665          0.001
       2414.401      22933.455     935857.485          0.002
       3021.872      24194.795     944954.906          0.001
       2180.226      22447.220    5110120.907          0.001
       1136.194      23328.479     912349.349          0.001
       3797.509      22270.095    2245611.513          0.002
       3408.743      23485.113     944954.906          0.002
       3797.509      22270.095    2245611.513          0.002
       4229.734      23587.012     982025.285          0.002
       8140.158      22599.679    1078053.130          0.003
       8787.742      23292.758    1088472.276          0.003
       8140.158      22599.679    1078053.130          0.003
       7155.848      23020.213    1028459.813          0.003
      10236.230      22301.097    1632056.514          0.003
      10190.086      23252.015    1096872.046          0.004
      10261.594      22326.708    1103773.119          0.003
      11246.745      23321.433    1141660.658          0.004
      10758.410      22314.164    1103773.119          0.003
      12157.972      22349.187    1142300.208          0.004
      10236.230      22301.097    1632056.514          0.003
       9749.154      22842.255    1088472.276          0.003
      12378.595      22401.912    1142300.208          0.004
      13650.994      22985.864    1202782.006          0.004
      12269.807      22351.985    1375374.159          0.004
      13058.192      22319.804    1169202.409          0.003
      12269.807      22351.985    1375374.159          0.004
      12173.288      23147.061    1156709.395          0.003
      12269.807      22351.985    1375374.159          0.004
      11473.896      23292.794    1141660.658          0.004
      16352.796      22628.495    1203574.712          0.003
      17054.058      23385.725    1890911.907          0.004
      16145.361      23118.996    1203574.712          0.004
      16326.704      24275.496    1395973.950          0.003
      15960.457      22290.490    1203574.712          0.003
      14776.951      23038.363    1202782.006          0.003
      17274.496      22660.734    1741411.412          0.004
      18369.341      23179.640    1294980.316          0.004
      17274.496      22660.734    1741411.412          0.004
      17054.058      23385.725    1890911.907          0.004
      21060.990      22354.992    1497355.897          0.005
      21063.362      23393.025    2260671.119          0.004
      21060.990      22354.992    1497355.897          0.005
      20288.040      22895.238    1294980.316          0.004
      21060.990      22354.992    1497355.897          0.005
      22030.099      22546.300    1242800.324          0.004
      22030.099      22546.300    1242800.324          0.004
      22967.600      23188.448    1322783.038          0.003
      22030.099      22546.300    1242800.324          0.004
      21063.362      23393.025    2260671.119          0.004
      24753.603      22646.610    1257627.897          0.004
      25356.970      23599.152    2184547.250          0.004
      24511.546      22264.472    1753628.709          0.004
      25222.283      22433.281    1278741.914          0.004
      24482.554      22287.894    1257627.897          0.004
      23393.537      23167.691    1322783.038          0.003
      26896.025      22964.211    1278741.914          0.003
      27587.144      23270.590    2699969.217          0.003
      26247.838      22676.865   10953152.255          0.003
      27512.946      22375.979    1255870.002          0.003
      27775.454      22361.945    1255870.002          0.003
      29174.494      22310.087    1253772.458          0.003
      28281.718      22815.129    1255870.002          0.003
      29195.751      23358.471    6322533.530          0.003
      29605.046      22583.735    1253772.458          0.003
      30230.889      23283.544    1568345.448          0.004
      32740.098      22427.010    1286612.748          0.004
      33495.318      22354.235    1489411.882          0.004
      30943.636      22869.610    1286612.748          0.003
      30230.889      23283.544    1568345.448          0.004
      33484.376      22518.616    1297591.419          0.004
      33417.521      23522.990    3280155.983          0.004
      33651.463      22372.641    1297591.419          0.004
      34390.137      22459.717    1466813.182          0.004
      34390.137      22459.717    1466813.182          0.004
      35022.718      23608.066    1433141.174          0.004
      34390.137      22459.717    1466813.182          0.004
      35657.076      22288.624    1321823.938          0.004
      34390.137      22459.717    1466813.182          0.004
      33545.635      23382.935    1382354.199          0.004
      36392.823      22482.174    1321823.938          0.004
      36589.496      23868.291    1436564.243          0.004
      36178.296      22612.725    1321823.938          0.004
      35640.884      23905.469    1433141.174          0.004
      36825.693      22715.291    1321823.938          0.004
      37633.722      23603.276    2799906.565          0.004
      39619.093      23463.607    1380405.279          0.004
      39613.824      24687.512    1542868.523          0.005
      39268.035      23219.792    1380405.279          0.004
      38695.652      24395.362    1321689.707          0.005
      39877.086      22720.621    1380405.279          0.004
      40645.838      23418.628    1704591.522          0.004
      39295.355      22673.642    1380405.279          0.004
      38073.571      23357.194    1423655.302          0.004
      41638.859      22587.085    1348031.223          0.004
      42081.533      23200.931    1437596.493          0.004
      41638.859      22587.085    1348031.223          0.004
      42852.176      22614.512    1414450.772          0.004
      41638.859      22587.085    1348031.223          0.004
      40665.110      23402.490    1434154.152          0.005
      43439.052      22627.779    3459276.513          0.004
      42694.772      23429.547    1437596.493          0.004
      43439.052      22627.779    3459276.513          0.004
      44476.649      22459.640    2100576.158          0.004
      43439.052      22627.779    3459276.513          0.004
      44089.313      23171.539    1429327.440          0.004
      44476.649      22459.640    2100576.158          0.004
      44383.890      23238.235    1429327.440          0.004
      44477.784      22459.670    1408579.889          0.004
      45877.299      22496.512    1408798.824          0.004
      46661.857      22517.165    1519460.286          0.004
      47665.683      22985.107    1418651.044          0.004
      50534.949      22563.644    1681341.382          0.004
      50530.913      23390.275    2018228.625          0.004
      50557.956      22560.710    1404326.411          0.004
      51888.059      22391.101    2919255.634          0.004
      50534.949      22563.644    1681341.382          0.004
      49363.400      22973.042    1418651.044          0.004
      51888.059      22391.101    2919255.634          0.004
      50870.254      23140.442    1413100.901          0.004
      51888.059      22391.101    2919255.634          0.004
      52841.860      23296.633    1401971.562          0.003
      55521.468      22621.545    2067395.749          0.005
      55220.761      23256.184    1371135.999          0.005
      55521.468      22621.545    2067395.749          0.005
      56409.278      23260.952    1345668.859          0.005
      55521.468      22621.545    2067395.749          0.005
      56391.031      22552.977    1303312.281          0.005
      55521.468      22621.545    2067395.749          0.005
      54631.923      23280.937    1384977.443          0.005
      57777.097      22443.681    2124714.766          0.004
      58340.790      22932.306    1285245.974          0.004
      57501.171      22731.428    1303312.281          0.004
      56754.788      23509.791    2087630.817          0.005
      58889.730      22323.582    3685420.442          0.003
      58935.755      23448.039    5110269.144          0.003
      60546.089      22444.203   12142311.475          0.002
      60725.165      23722.860   16432095.928          0.002
      63046.646      22754.256    1154677.974          0.002
      63584.516      23235.475    1778845.024          0.003
      64781.421      22652.041    1105999.424          0.003
      63584.516      23235.475    1778845.024          0.003
      64992.023      22549.383    1664630.006          0.002
      64871.786      23869.853    1135591.701          0.003
      64992.023      22549.383    1664630.006          0.002
      65987.542      23304.536    1654206.692          0.003
      67606.939      22241.808    1105415.467          0.003
      67750.510      23411.597    1057463.544          0.002
      67606.939      22241.808    1105415.467          0.003
      68730.947      22587.019    1027046.019          0.002
      67389.468      22384.523    1050757.860          0.003
      66219.000      23152.641    1097213.890          0.003
      68981.267      22663.899    1458570.810          0.002
      70230.417      22424.772     992161.114          0.003
      68888.199      22727.825    1027046.019          0.002
      67761.566      23501.681    1429863.446          0.002
      70769.959      22321.487     733084.077          0.002
      70227.947      23105.671    1009087.742          0.001
      70769.959      22321.487     733084.077          0.002
      71369.317      21899.771     981745.994          0.001
      73027.493      22447.643     951756.844          0.001
      72000.460      21496.220     981745.994          0.001
      73344.259      22924.896     951756.844          0.001
      73731.171      23559.961     620688.152          0.002
      75138.268      22364.294     930169.255          0.001
      76156.094      21866.488    1468641.290          0.001
      76998.365      22642.273     907774.737          0.000
      76063.523      22986.462    1451077.855          0.001
      76846.033      22461.003     907774.737          0.000
      76156.094      21866.488    1468641.290          0.001
      78790.113      22534.505     894013.867          0.000
      79897.925      23390.515     888965.041          0.000
      78263.061      23069.030     894013.867          0.001
      77793.704      23598.836    1005815.957          0.001
        940.144      23717.691     912349.349          0.001
       1835.506      24793.948     912430.895          0.001
        830.802      23586.258    2279846.665          0.001
        140.836      24336.630     895173.837          0.000
       1740.504      23907.602     912349.349          0.002
       3060.566      24373.902     944954.906          0.001
       4233.938      23599.819    2786454.748          0.002
       5112.969      24616.551     942313.530          0.002
       4748.348      23551.526     982025.285          0.002
       6142.219      23420.669    1028459.813          0.002
       4233.938      23599.819    2786454.748          0.002
       3416.738      24181.444     944954.906          0.001
       6277.241      23428.642    1028459.813          0.002
       7548.660      24014.725    1053615.749          0.002
       6240.026      23411.487    3173092.681          0.002
       5300.211      24416.349     978815.493          0.002
       9131.369      23646.575    1088472.276          0.003
      10130.247      24485.174    3101768.006          0.003
       9070.904      23595.813    3022270.741          0.002
       9182.449      24871.117    1049691.928          0.002
      11356.183      23431.936    1213979.448          0.003
      12093.082      23661.668    1156709.395          0.003
      11356.183      23431.936    1213979.448          0.003
      10700.393      23995.344    1096872.046          0.003
      12220.009      23830.772    1156709.395          0.003
      12999.803      24993.493    1160714.034          0.003
      13199.419      24079.273    1156709.395          0.004
      14255.286      24478.915    1988668.163          0.004
      13043.608      23517.183    1156709.395          0.004
      14351.370      23307.293    4010504.909          0.003
      15412.676      23827.488    1202782.006          0.004
      16326.704      24275.496    1395973.950          0.003
      14349.299      23332.545    1202782.006          0.003
      14255.286      24478.915    1988668.163          0.004
      17054.058      23385.725    1890911.907          0.004
      17976.327      24140.860    1289074.103          0.004
      17288.491      23409.092    1255987.214          0.004
      18681.587      23547.949    1294980.316          0.003
      17054.058      23385.725    1890911.907          0.004
      16326.704      24275.496    1395973.950          0.003
      19998.007      23519.930    1294980.316          0.004
      21063.362      23393.025    2260671.119          0.004
      19270.234      23606.622    5763394.442          0.003
      18492.941      24418.843    1289074.103          0.003
      21063.362      23393.025    2260671.119          0.004
      21473.481      24633.379    3024572.601          0.004
      21063.977      23393.008    1310823.845          0.004
      22463.486      23355.913    1322783.038          0.004
      22560.284      23809.682    1322783.038          0.004
      21473.481      24633.379    3024572.601          0.004
      24172.783      23456.172    1322783.038          0.004
      25356.970      23599.152    2184547.250          0.004
      25356.970      23599.152    2184547.250          0.004
      26172.989      24455.971    3759601.455          0.004
      24994.103      24049.942    1347701.370          0.004
      24499.143      24664.832    1733904.366          0.005
      28021.974      23899.158    1323872.802          0.004
      28421.185      24476.237    3089728.128          0.004
      27587.144      23270.590    2699969.217          0.003
      28844.112      23339.260    1336284.563          0.003
      26976.596      23782.367    1323872.802          0.004
      26172.989      24455.971    3759601.455          0.004
      29195.751      23358.471    6322533.530          0.003
      30230.889      23283.544    1568345.448          0.004
      29908.681      24020.389    1336284.563          0.004
      30561.497      24626.496    1739468.075          0.004
      30390.062      23930.115    1334873.736          0.004
      30561.497      24626.496    1739468.075          0.004
      30230.889      23283.544    1568345.448          0.004
      31274.460      23295.486    6712249.217          0.003
      32503.770      23425.988    1343742.955          0.004
      33417.521      23522.990    3280155.983          0.004
      33417.521      23522.990    3280155.983          0.004
      33432.091      24709.818    3205876.954          0.004
      33561.566      23583.545    1382354.199          0.004
      34852.162      24126.095    1433141.174          0.004
      32638.680      23864.579    1382354.199          0.004
      31501.111      24363.501    2060576.128          0.004
      37633.722      23603.276    2799906.565          0.004
      37433.194      24525.523    1432741.354          0.004
      37841.673      23758.386    1423655.302          0.004
      38695.652      24395.362    1321689.707          0.005
      37633.722      23603.276    2799906.565          0.004
      36834.566      24123.023    1436564.243          0.004
      40645.838      23418.628    1704591.522          0.004
      41603.941      23569.416    1437596.493          0.004
      40645.838      23418.628    1704591.522          0.004
      41003.412      24039.956    1434691.183          0.004
      40560.363      23523.722    1434154.152          0.005
      39676.994      24609.843    1442122.605          0.005
      42442.430      23701.380    3429150.908          0.004
      43207.918      24028.839    1421118.905          0.004
      42442.430      23701.380    3429150.908          0.004
      41405.641      24474.093    1434691.183          0.004
      44364.428      23401.596    1540534.790          0.004
      45160.927      23484.689    1418686.812          0.004
      44364.428      23401.596    1540534.790          0.004
      43874.951      24125.960    1421118.905          0.003
      46497.595      23624.136    9802452.422          0.003
      47229.011      24457.292    1383505.795          0.003
      47440.373      23470.316    1418686.812          0.003
      48378.283      23317.291    5433817.469          0.003
      46138.714      23837.045    1418686.812          0.003
      44934.656      24551.360    1398797.792          0.003
      48378.283      23317.291    5433817.469          0.003
      49159.718      24263.426    1378150.578          0.004
      49101.881      23341.824    1418651.044          0.004
      50501.077      23389.264    1413100.901          0.004
      50530.913      23390.275    2018228.625          0.004
      49922.394      24136.112    1378150.578          0.004
      52883.798      23336.449    3821512.907          0.003
      53566.264      24221.289    1378853.272          0.004
      53640.051      23326.867    1401971.562          0.004
      54586.131      23314.881    1657270.024          0.005
      54586.131      23314.881    1657270.024          0.005
      54673.816      24046.647    1371135.999          0.004
      56754.788      23509.791    2087630.817          0.005
      57417.758      23787.100    1303651.200          0.004
      56754.788      23509.791    2087630.817          0.005
      56579.558      24522.727    1868665.550          0.004
      56754.788      23509.791    2087630.817          0.005
      55686.189      23941.828    1371135.999          0.004
      58935.755      23448.039    5110269.144          0.003
      58664.877      24308.748    6351088.787          0.003
      58935.755      23448.039    5110269.144          0.003
      59644.670      23556.916    1236323.070          0.003
      61256.888      23709.652    1236323.070          0.003
      62656.456      23674.885    1177209.270          0.003
      61631.252      23971.694    1236323.070          0.003
      62715.162      24269.363    2221923.340          0.003
      62897.093      23668.907    3239359.177          0.002
      63584.516      23235.475    1778845.024          0.003
      63624.546      23473.855    1152611.856          0.003
      63856.393      24854.524    1178070.535          0.003
      63375.693      23483.819    1152611.856          0.003
      62715.162      24269.363    2221923.340          0.003
      63584.516      23235.475    1778845.024          0.003
      64419.470      23978.898    1135591.701          0.003
      65987.542      23304.536    1654206.692          0.003
      67369.902      23458.156    1057463.544          0.003
      65987.542      23304.536    1654206.692          0.003
      65087.193      24111.538    1135591.701          0.002
      67761.566      23501.681    1429863.446          0.002
      68545.729      23485.617    1009087.742          0.002
      67761.566      23501.681    1429863.446          0.002
      67165.497      24031.491    1080186.656          0.002
      70477.719      24113.221     985945.987          0.002
      70064.736      24728.177    1407710.777          0.002
      71874.920      23391.650     985945.987          0.002
      73083.439      23591.344    1501035.125          0.001
      71114.872      23137.182     985945.987          0.001
      71758.085      21893.688     981745.994          0.001
      73244.115      23807.470     959246.239          0.002
      73885.056      24669.602    1122621.722          0.002
      73083.439      23591.344    1501035.125          0.001
      73731.171      23559.961     620688.152          0.002
      72703.904      23998.699     959246.239          0.002
      72086.141      24661.744     829191.359          0.003
      73749.600      23692.848     949668.414          0.002
      73885.056      24669.602    1122621.722          0.002
      73731.171      23559.961     620688.152          0.002
      74788.994      23392.859     928600.493          0.001
      75088.021      23345.622    1766700.619          0.001
      76048.881      22991.853     914164.806          0.001
      75302.230      23576.179     928600.493          0.001
      76096.409      24430.967    1660219.671          0.002
      74473.796      24021.637     928600.493          0.002
      73885.056      24669.602    1122621.722          0.002
      75088.021      23345.622    1766700.619          0.001
      75731.797      22754.375     919740.173          0.001
      77793.704      23598.836    1005815.957          0.001
      76671.343      23201.592     914164.806          0.001
      77793.704      23598.836    1005815.957          0.001
      78018.125      24566.035    1043721.431          0.001
      77793.704      23598.836    1005815.957          0.001
      78676.888      23547.018     888965.041          0.001
      77450.762      23766.970     905213.959          0.002
      76193.710      24383.264     930559.754          0.002
      78930.213      24061.342     888965.041          0.001
      78018.125      24566.035    1043721.431          0.001
        638.163      24712.426     895173.837          0.001
       1960.034      25173.575     912430.895          0.001
       3117.882      24394.148    2485443.793          0.001
       3805.424      25244.615     936954.528          0.001
       5112.969      24616.551     942313.530          0.002
       6105.328      24378.203    1007050.656          0.001
       5112.969      24616.551     942313.530          0.002
       5715.468      25152.885     975636.483          0.001
       6129.276      24372.451    4737240.692          0.001
       6854.949      25291.477     996776.476          0.001
       6618.076      24348.732    1007050.656          0.002
       8016.431      24280.875    1053615.749          0.002
       8200.604      24366.637    1053615.749          0.002
       9158.700      25387.447    1049691.928          0.002
       8115.594      24276.063    7675020.500          0.002
       8218.129      25633.007    1011777.398          0.002
      10130.247      24485.174    3101768.006          0.003
      10136.193      25586.196    1057875.682          0.002
      10273.674      24476.386    1096872.046          0.003
      11671.054      24390.771    1143178.804          0.003
      10130.247      24485.174    3101768.006          0.003
      11086.069      25152.588    1109168.691          0.002
      12133.775      24536.970    1143178.804          0.003
      13212.393      25310.478    6030306.766          0.003
      14255.286      24478.915    1988668.163          0.004
      15304.270      25328.036    2083830.444          0.003
      15168.732      24389.212    1200929.520          0.005
      16326.704      24275.496    1395973.950          0.003
      16326.704      24275.496    1395973.950          0.003
      15648.685      24973.479    1212532.686          0.003
      16326.704      24275.496    1395973.950          0.003
      16279.966      25029.636    1225066.030          0.004
      18415.134      24500.146    1504304.889          0.003
      19084.541      24670.632   15549969.610          0.003
      18415.134      24500.146    1504304.889          0.003
      17735.607      24982.748    1252943.845          0.003
      19591.302      25026.963    1302680.093          0.003
      20381.178      25582.367    5233203.194          0.003
      21920.046      24988.888    1356814.051          0.004
      22475.901      25431.403    1309988.431          0.004
      21473.481      24633.379    3024572.601          0.004
      20880.836      25148.266    1334008.521          0.003
      22318.573      24457.565    1356814.051          0.005
      23122.528      24290.309    1518682.537          0.004
      21473.481      24633.379    3024572.601          0.004
      21089.979      25317.210     760758.466          0.004
      23248.090      24324.470    1373941.766          0.004
      24499.143      24664.832    1733904.366          0.005
      23186.645      24367.018    1373941.766          0.004
      24084.493      25441.201    1421763.637          0.004
      23122.528      24290.309    1518682.537          0.004
      22475.901      25431.403    1309988.431          0.004
      24499.143      24664.832    1733904.366          0.005
      24928.132      25748.860    1424535.779          0.004
      24499.143      24664.832    1733904.366          0.005
      24252.315      25641.983    1971548.161          0.004
      24864.139      24826.121    1406737.719          0.005
      26144.685      25391.986    1444049.534          0.005
      24499.143      24664.832    1733904.366          0.005
      25393.738      24553.205    1408254.538          0.004
      26258.033      24809.252    1408254.538          0.004
      26428.506      25517.404    1493198.990          0.005
      27024.970      24463.651    1408254.538          0.004
      28421.185      24476.237    3089728.128          0.004
      28366.393      24575.443    1418324.494          0.004
      27689.545      25800.954    1437671.663          0.004
      28421.185      24476.237    3089728.128          0.004
      28743.479      25120.493    1416285.824          0.004
      28421.185      24476.237    3089728.128          0.004
      29539.629      25099.901    1450726.919          0.004
      28421.185      24476.237    3089728.128          0.004
      29706.358      24566.461    1431760.078          0.005
      27521.631      24946.250    1418324.494          0.005
      26428.506      25517.404    1493198.990          0.005
      30561.497      24626.496    1739468.075          0.004
      31501.111      24363.501    2060576.128          0.004
      30561.497      24626.496    1739468.075          0.004
      30147.613      25438.923    3543801.492          0.004
      31501.111      24363.501    2060576.128          0.004
      30453.600      25195.801    1450726.919          0.004
      31636.068      24533.945    1421372.202          0.004
      32505.140      25631.540    1443175.328          0.004
      31501.111      24363.501    2060576.128          0.004
      32720.376      24582.174    1438650.375          0.005
      33432.091      24709.818    3205876.954          0.004
      33483.614      25728.308    1192299.735          0.004
      33487.516      24700.616    1438650.375          0.004
      34868.607      24471.301    1433141.174          0.004
      33225.926      24938.060    1438650.375          0.004
      32549.228      25687.221    1516090.259          0.004
      35445.478      24375.518    4920107.960          0.003
      36643.290      24247.424    2564305.199          0.004
      36643.290      24247.424    2564305.199          0.004
      37260.931      25250.210    1432741.354          0.003
      38695.652      24395.362    1321689.707          0.005
      38594.336      25107.509    1423023.753          0.004
      38695.652      24395.362    1321689.707          0.005
      39613.824      24687.512    1542868.523          0.005
      39613.824      24687.512    1542868.523          0.005
      40406.841      24624.482    1434691.183          0.004
      39613.824      24687.512    1542868.523          0.005
      40233.299      25368.353    1403659.316          0.004
      41201.904      24692.819    1434691.183          0.004
      40514.989      25677.946    1587022.763          0.004
      41298.998      24553.573    3645748.130          0.004
      41729.381      25508.216    1395891.032          0.004
      43776.284      24271.975    6538241.618          0.003
      43085.172      25065.534    1384776.333          0.003
      43776.284      24271.975    6538241.618          0.003
      44745.545      24611.131    1398797.792          0.003
      44801.124      24630.579    3720411.835          0.003
      44643.061      25355.523    1364442.318          0.002
      47585.448      24821.392    1383505.795          0.003
      48476.797      25658.450    2054385.016          0.003
      48450.718      24644.962    1383505.795          0.003
      49491.132      24664.692    3544655.012          0.003
      49491.132      24664.692    3544655.012          0.003
      49724.165      25890.584    1301749.266          0.004
      49491.132      24664.692    3544655.012          0.003
      50381.413      24661.441    1372364.206          0.003
      49491.132      24664.692    3544655.012          0.003
      48720.602      25419.591    1333065.346          0.004
      52823.915      25018.891    1372364.206          0.003
      53886.106      25341.749    6042807.515          0.003
      53642.758      24320.466    3587611.821          0.003
      53809.860      25021.759    1345148.161          0.003
      53642.758      24320.466    3587611.821          0.003
      54708.615      24337.064    3801943.642          0.004
      54708.615      24337.064    3801943.642          0.004
      54870.055      25142.119    1346015.224          0.003
      55381.153      24403.803    1371135.999          0.004
      56579.558      24522.727    1868665.550          0.004
      56579.558      24522.727    1868665.550          0.004
      57426.063      24435.866    1303651.200          0.004
      56579.558      24522.727    1868665.550          0.004
      56822.973      25654.343    1660018.304          0.004
      56643.380      24560.165    1347877.629          0.004
      57850.951      25268.523    1328821.084          0.004
      59034.757      24668.273    1303651.200          0.004
      59955.280      25563.025    2195373.179          0.003
      58664.877      24308.748    6351088.787          0.003
      59878.474      24554.287    1256477.345          0.004
      61181.869      25077.387    1256477.345          0.003
      61819.642      25634.433    2329318.843          0.004
      60930.687      24706.629    1256477.345          0.003
      62290.459      24373.432    1193281.727          0.003
      62261.679      24960.621    1193281.727          0.004
      61819.642      25634.433    2329318.843          0.004
      62715.162      24269.363    2221923.340          0.003
      63508.792      24931.974    1178070.535          0.003
      64828.680      24343.249   12318184.707          0.002
      65032.968      25485.339   10108741.746          0.002
      67003.556      24346.133    1080186.656          0.002
      67713.205      25492.500    7591995.672          0.002
      68914.989      24687.117    1060543.393          0.002
      70064.736      24728.177    1407710.777          0.002
      69126.523      25126.945    1060543.393          0.002
      69939.140      25485.007    1601482.981          0.004
      70625.498      24709.748    1026071.229          0.003
      72024.742      24663.762     993476.983          0.003
      70064.736      24728.177    1407710.777          0.002
      69939.140      25485.007    1601482.981          0.004
      70064.736      24728.177    1407710.777          0.002
      71367.139      25177.615    1010297.552          0.003
      72086.141      24661.744     829191.359          0.003
      73438.254      24667.650     965460.985          0.003
      72086.141      24661.744     829191.359          0.003
      71675.944      25284.178    4654753.770          0.002
      72086.141      24661.744     829191.359          0.003
      72744.748      25115.932     979677.996          0.002
      73885.056      24669.602    1122621.722          0.002
      74613.881      24942.790     939619.824          0.002
      73885.056      24669.602    1122621.722          0.002
      75202.360      24527.447     930559.754          0.002
      76096.409      24430.967    1660219.671          0.002
      76964.249      24847.172     905528.501          0.002
      76096.409      24430.967    1660219.671          0.002
      77484.424      24528.524     906820.860          0.002
      76096.409      24430.967    1660219.671          0.002
      76075.454      23510.534     914164.806          0.001
      78018.125      24566.035    1043721.431          0.001
      78975.597      24529.203     889944.845          0.001
      79425.250      24742.630     889944.845          0.001
      78143.763      25306.360     905528.501          0.000
       1429.920      26213.440     885096.780          0.002
       2207.159      26595.687     917706.853          0.002
       3166.206      26072.394     936954.528          0.002
       2207.159      26595.687     917706.853          0.002
       6008.585      25413.813   16095785.153          0.001
       5923.986      26601.192   45186784.518          0.001
       7004.743      25410.800     996776.476          0.001
       8112.828      26266.456    1011777.398          0.001
       6862.339      25300.836    9826462.099          0.001
       6120.536      26328.816     963727.241          0.001
       9234.692      25468.414    5234033.207          0.002
      10086.491      26443.749    1057875.682          0.002
       9234.692      25468.414    5234033.207          0.002
       9179.924      26386.109   24401044.261          0.001
      11717.053      25981.559    1109168.691          0.003
      12125.127      26693.448    1600177.942          0.003
      13205.747      25733.287    1160714.034          0.003
      13194.392      26455.588     839027.827          0.004
      12943.545      25652.445    1160714.034          0.003
      12125.127      26693.448    1600177.942          0.003
      14283.985      25319.472    1160714.034          0.004
      15304.270      25328.036    2083830.444          0.003
      15304.270      25328.036    2083830.444          0.003
      16237.694      25711.717    1187256.140          0.003
      14852.359      25569.544    1212532.686          0.003
      13617.621      26229.408    1139467.883          0.005
      16237.694      25711.717    1187256.140          0.003
      17123.937      25395.125    1252943.845          0.002
      16237.694      25711.717    1187256.140          0.003
      15662.823      26169.735    1192199.390          0.002
      17330.042      25389.602    1252943.845          0.002
      18720.600      25551.931    1294007.879          0.003
      19019.990      25776.534    1294007.879          0.002
      19135.659      26613.530    3837857.657          0.003
      20298.063      26368.769    1334008.521          0.004
      20177.809      27506.563    1626210.715          0.004
      20381.178      25582.367    5233203.194          0.003
      19493.173      26317.545    1281526.164          0.003
      21089.979      25317.210     760758.466          0.004
      21514.689      26365.221    1211917.651          0.004
      21360.791      25339.524    1355315.797          0.004
      22475.901      25431.403    1309988.431          0.004
      22567.588      25442.272    1388786.364          0.004
      23957.854      25607.077    1421763.637          0.004
      22475.901      25431.403    1309988.431          0.004
      21811.457      26076.910    1354891.396          0.004
      24252.315      25641.983    1971548.161          0.004
      25137.213      26277.195    2085798.733          0.004
      24252.315      25641.983    1971548.161          0.004
      23283.735      25947.060    1373637.407          0.004
      26428.506      25517.404    1493198.990          0.005
      27113.726      26069.632    1437671.663          0.004
      26428.506      25517.404    1493198.990          0.005
      25494.982      26066.685    1424535.779          0.004
      30336.315      25529.075    1450726.919          0.004
      31599.554      26132.589    1420704.819          0.005
      31081.038      25535.428    1450726.919          0.004
      32473.615      25679.403    1443175.328          0.004
      30147.613      25438.923    3543801.492          0.004
      29813.108      26169.960    1416285.824          0.003
      32549.228      25687.221    1516090.259          0.004
      33267.092      25718.787    1436161.852          0.004
      32549.228      25687.221    1516090.259          0.004
      32213.697      26425.996    2152613.329          0.004
      33483.614      25728.308    1192299.735          0.004
      34199.912      25702.652    1423740.135          0.004
      33483.614      25728.308    1192299.735          0.004
      33421.965      26474.991    2798018.027          0.003
      36439.527      25452.748    1423740.135          0.003
      37271.789      25267.838    4800640.207          0.003
      35404.763      25770.725    1423740.135          0.003
      34380.138      26724.739    1383164.097          0.003
      35529.003      25655.047   17458728.720          0.003
      36218.380      26485.493    1377033.734          0.003
      37271.789      25267.838    4800640.207          0.003
      37987.030      26145.506    1364571.883          0.003
      37448.108      25299.863    1432741.354          0.003
      38538.787      25497.962    4271245.649          0.003
      38538.787      25497.962    4271245.649          0.003
      39730.982      26015.302    1365380.531          0.004
      39162.389      25554.757    1423023.753          0.004
      40514.989      25677.946    1587022.763          0.004
      40514.989      25677.946    1587022.763          0.004
      41424.780      25563.772    1395891.032          0.004
      41736.776      25524.618    1297722.113          0.003
      42120.402      26156.086    1319053.679          0.004
      41736.776      25524.618    1297722.113          0.003
      40708.341      26302.504    1365380.531          0.003
      42730.178      25473.151   13117900.235          0.003
      44058.007      25428.825    1364442.318          0.003
      42730.178      25473.151   13117900.235          0.003
      42475.460      26740.530    2408235.752          0.003
      44631.251      25409.689    9121441.870          0.002
      45769.932      25488.117    1342265.322          0.003
      47649.687      25608.290    1342265.322          0.003
      48476.797      25658.450    2054385.016          0.003
      46132.103      25759.966    1342265.322          0.002
      44914.604      26451.120    1297388.011          0.002
      48584.612      25712.773    1333065.346          0.003
      49807.489      26328.913    2130754.048          0.003
      48476.797      25658.450    2054385.016          0.003
      48732.422      26340.917    1146350.667          0.004
      53077.858      25456.685    1329046.866          0.003
      53886.106      25341.749    6042807.515          0.003
      52339.370      26008.684    1329046.866          0.003
      53608.065      26600.640    1301832.299          0.003
      50621.963      26028.614    1329046.866          0.003
      49807.489      26328.913    2130754.048          0.003
      53956.480      25342.418    1345148.161          0.003
      54912.042      25351.496    5255056.209          0.003
      54912.042      25351.496    5255056.209          0.003
      55476.218      26307.872    4215072.137          0.003
      56061.558      25533.673    1346015.224          0.004
      56822.973      25654.343    1660018.304          0.004
      56822.973      25654.343    1660018.304          0.004
      57615.599      26445.665    1315169.987          0.004
      56822.973      25654.343    1660018.304          0.004
      56601.930      26681.103    1315789.085          0.004
      56822.973      25654.343    1660018.304          0.004
      57866.996      25277.935    1906424.822          0.004
      58160.446      25421.173    1328821.084          0.004
      59418.567      26035.283    1305076.804          0.005
      57866.996      25277.935    1906424.822          0.004
      58167.212      26216.931    1315169.987          0.004
      57866.996      25277.935    1906424.822          0.004
      58977.993      25429.607    1294001.930          0.004
      60017.971      25565.426    1294001.930          0.004
      61416.945      25619.009    1250046.390          0.004
      59955.280      25563.025    2195373.179          0.003
      59974.671      26306.727    1987105.434          0.004
      61795.467      25964.240    1250046.390          0.004
      61737.284      26758.013     946539.802          0.005
      60940.963      25954.617    1250046.390          0.005
      59974.671      26306.727    1987105.434          0.004
      61819.642      25634.433    2329318.843          0.004
      62582.749      26379.797    2352685.234          0.004
      63928.200      25282.142    8969256.050          0.003
      64998.234      25478.950    1152386.085          0.002
      63782.730      25923.876    1178070.535          0.003
      63604.073      26712.015    4116082.352          0.003
      65196.731      25505.684    1152386.085          0.002
      66586.050      25678.293    1113015.284          0.002
      65346.033      25805.474    1152386.085          0.003
      65967.405      26440.879    3148401.413          0.003
      66812.174      25706.386    4549235.674          0.002
      67614.497      25515.932    1086458.380          0.002
      66812.174      25706.386    4549235.674          0.002
      67753.876      26400.181    5658458.088          0.002
      68728.226      25489.083    1086458.380          0.003
      69939.140      25485.007    1601482.981          0.004
      69948.236      25692.233    1044720.882          0.004
      69994.471      26745.525    2610495.646          0.003
      69669.846      25597.785    1044720.882          0.004
      68378.516      26138.586    1120162.213          0.003
      71686.106      25333.622    1010297.552          0.002
      71967.963      26704.956    1035643.476          0.002
      70677.282      26152.103    1010297.552          0.004
      69994.471      26745.525    2610495.646          0.003
      74508.606      26055.765     979677.996          0.002
      75720.937      26486.618     737471.534          0.002
      78175.883      25831.105     905528.501          0.001
      78593.147      27167.477     906840.535          0.001
      77655.046      26160.834     905528.501          0.001
      77065.704      27430.746     937796.709          0.001
      78185.342      25450.952     905528.501          0.001
      79388.496      26166.788     884962.630          0.001
      76432.070      26138.509     905528.501          0.002
      75720.937      26486.618     737471.534          0.002
        926.179      27111.332     884203.035          0.001
       1991.890      27779.541    5103102.555          0.001
       1406.590      26572.083     884203.035          0.001
       2207.159      26595.687     917706.853          0.002
       2207.159      26595.687     917706.853          0.002
       2028.884      27576.094     915249.090          0.001
       2355.097      26589.064     909210.458          0.002
       3753.697      26526.457     935364.342          0.002
       2207.159      26595.687     917706.853          0.002
       2812.450      27330.924    1612480.685          0.002
       4373.582      26819.303     935364.342          0.002
       4972.243      27697.154    1702211.054          0.002
       4161.425      26508.205    1635266.252          0.001
       5457.128      26576.562     963727.241          0.001
       3955.371      26633.875     935364.342          0.001
       2812.450      27330.924    1612480.685          0.002
       7945.820      26715.327    1011777.398          0.002
       7003.820      27639.047    3864742.374          0.002
       9131.821      26788.753    1033460.613          0.002
       9027.183      27664.637    1986098.631          0.002
       9800.203      26860.870    1057875.682          0.002
       9027.183      27664.637    1986098.631          0.002
      12125.127      26693.448    1600177.942          0.003
      13223.224      27430.037    1119129.997          0.003
      12125.127      26693.448    1600177.942          0.003
      12181.016      27915.476    1087704.243          0.003
      12291.096      26656.528    1109113.535          0.003
      13194.392      26455.588     839027.827          0.004
      12125.127      26693.448    1600177.942          0.003
      11115.831      27329.640    1070041.323          0.003
      13194.392      26455.588     839027.827          0.004
      13251.476      27276.527    1119129.997          0.003
      13194.392      26455.588     839027.827          0.004
      14074.055      26412.859    1192199.390          0.003
      15441.012      26346.460    4632045.685          0.002
      16811.483      26442.041    1230025.725          0.002
      17189.767      26717.956    1230025.725          0.002
      17142.059      27717.923    2281278.736          0.003
      19135.659      26613.530    3837857.657          0.003
      18997.548      27640.255    2658318.652          0.003
      21514.689      26365.221    1211917.651          0.004
      20671.382      27085.182    1284667.288          0.005
      21514.689      26365.221    1211917.651          0.004
      22195.843      26289.716    3739228.168          0.003
      21514.689      26365.221    1211917.651          0.004
      21426.069      27136.205    1319814.764          0.004
      22195.843      26289.716    3739228.168          0.003
      21562.795      27117.709    1319814.764          0.004
      22331.751      26308.327    1373637.407          0.003
      23718.807      26498.263    1404600.343          0.004
      24470.810      26601.238    6666847.385          0.003
      25158.474      27693.300    1349049.961          0.004
      25137.213      26277.195    2085798.733          0.004
      25831.505      26708.005    1409529.499          0.004
      25137.213      26277.195    2085798.733          0.004
      25157.649      27024.618    1349049.961          0.005
      27409.503      26308.002    2581421.947          0.004
      28198.241      26466.439    1416285.824          0.004
      27409.503      26308.002    2581421.947          0.004
      26518.579      26757.663    1409529.499          0.004
      29552.930      26738.561    5639665.530          0.003
      30147.022      26701.617    6597265.922          0.003
      29293.053      26823.569    1416285.824          0.003
      27962.433      27258.826    1374833.222          0.004
      30147.022      26701.617    6597265.922          0.003
      30295.383      27489.265    1313569.051          0.003
      30203.880      26759.396    1416377.177          0.003
      31185.844      27757.267    1347668.542          0.003
      31168.901      26565.335    1416377.177          0.004
      32213.697      26425.996    2152613.329          0.004
      32213.697      26425.996    2152613.329          0.004
      31617.386      27215.992    1347668.542          0.004
      32213.697      26425.996    2152613.329          0.004
      33233.356      26467.343    1407109.381          0.003
      33421.965      26474.991    2798018.027          0.003
      33535.115      27260.701    1335599.191          0.003
      34377.854      26726.866    6202115.503          0.003
      33598.403      27700.164    6187157.470          0.003
      37252.612      26595.315    1377033.734          0.003
      38392.900      26643.547    9189702.889          0.003
      36275.227      26553.973    7918911.797          0.002
      35490.058      27248.638    1339993.437          0.002
      39141.339      27077.701    1364571.883          0.004
      40308.188      27754.566    2792355.362          0.004
      39255.680      26543.937    1364571.883          0.004
      40593.319      26389.504    4931731.972          0.003
      38392.900      26643.547    9189702.889          0.003
      38377.420      27805.785    2122129.172          0.003
      40593.319      26389.504    4931731.972          0.003
      40308.188      27754.566    2792355.362          0.004
      40593.319      26389.504    4931731.972          0.003
      41600.983      26577.437    1319053.679          0.004
      42475.460      26740.530    2408235.752          0.003
      43389.992      26704.359    1297388.011          0.003
      42475.460      26740.530    2408235.752          0.003
      42503.680      27449.343    1284549.540          0.002
      44485.342      26759.633    1297388.011          0.002
      43737.169      27942.949    1257968.848          0.002
      44571.957      26668.725    1297388.011          0.002
      45848.403      27243.778    1250591.624          0.002
      44639.565      26660.399    1297388.011          0.002
      46039.258      26689.703    1281795.095          0.002
      46831.809      26945.844    1281795.095          0.002
      47640.166      27592.439    3267014.006          0.002
      48732.422      26340.917    1146350.667          0.004
      49463.598      27448.568    1247812.192          0.004
      48732.422      26340.917    1146350.667          0.004
      48121.065      27041.418    1245640.264          0.003
      48732.422      26340.917    1146350.667          0.004
      49807.489      26328.913    2130754.048          0.003
      49807.489      26328.913    2130754.048          0.003
      49589.241      27536.657    1247812.192          0.003
      53857.798      26724.955    1301832.299          0.002
      53850.301      28124.935    1232520.219          0.003
      54179.938      26952.661    1301832.299          0.003
      54765.286      27380.597     832252.707          0.004
      55729.743      26539.452    1326169.639          0.003
      56484.085      27228.501    2752165.693          0.004
      55476.218      26307.872    4215072.137          0.003
      54894.103      27186.226    1291980.004          0.004
      55476.218      26307.872    4215072.137          0.003
      55484.298      27468.867    1288578.812          0.003
      59974.671      26306.727    1987105.434          0.004
      60388.357      27092.971    1296398.764          0.004
      60194.897      26363.112    1305076.804          0.004
      61551.149      26710.356    1283093.984          0.005
      59974.671      26306.727    1987105.434          0.004
      59187.737      26882.740    1315169.987          0.004
      61737.284      26758.013     946539.802          0.005
      61788.030      27506.173    1259666.028          0.004
      61737.284      26758.013     946539.802          0.005
      62633.952      27276.027    1271256.388          0.004
      61737.284      26758.013     946539.802          0.005
      61177.441      27343.391    1296398.764          0.004
      62606.697      26463.339    1251861.705          0.004
      62880.485      27418.452    1975736.562          0.004
      62582.749      26379.797    2352685.234          0.004
      63467.827      26667.697    1239273.754          0.003
      64089.855      27040.137    1239273.754          0.004
      64999.152      27654.322    1700594.641          0.004
      66203.959      27103.616    1165667.505          0.004
      66649.249      28351.152    1176698.148          0.003
      65981.314      27485.925    1165667.505          0.004
      65993.130      28373.602     835864.968          0.004
      66413.115      26731.743    1165667.505          0.003
      67585.550      27496.854    1164543.381          0.003
      65967.405      26440.879    3148401.413          0.003
      66907.300      26419.467    1120162.213          0.003
      65441.882      27099.480    1165667.505          0.004
      64999.152      27654.322    1700594.641          0.004
      68761.077      26555.422    1120162.213          0.003
      69994.471      26745.525    2610495.646          0.003
      69994.471      26745.525    2610495.646          0.003
      70369.222      27770.230    1087972.965          0.003
      69993.891      26746.557    1084450.868          0.003
      69307.451      27966.721    1133430.848          0.003
      69994.471      26745.525    2610495.646          0.003
      71061.807      27340.460    1073450.010          0.003
      69116.125      27091.863    1084450.868          0.004
      67813.716      27605.411    1164543.381          0.003
      72037.673      26801.446    1035643.476          0.002
      72838.453      27782.053    3368796.925          0.003
      72162.169      26699.609    1035643.476          0.002
      73554.407      26552.389     988187.522          0.002
      73676.912      26760.846     988187.522          0.002
      72838.453      27782.053    3368796.925          0.003
      73875.985      26518.384    1516443.172          0.002
      74815.040      27159.494     974592.740          0.002
      74131.827      26513.979     988187.522          0.002
      75531.619      26489.878     950462.951          0.002
      75720.937      26486.618     737471.534          0.002
      76288.247      27050.909     937796.709          0.002
      75720.937      26486.618     737471.534          0.002
      75155.832      27248.141     974592.740          0.002
      79770.509      26766.581     884962.630          0.000
      78794.433      27770.212     906840.535          0.000
       1990.304      27920.091     915249.090          0.001
       1980.499      28788.584    1012622.447          0.002
       1991.890      27779.541    5103102.555          0.001
        886.020      28219.187     897786.731          0.001
       2882.025      27572.321     923922.889          0.002
       3192.896      28650.901    1257533.045          0.002
       3509.615      27449.141     923922.889          0.002
       4889.912      27683.194     961341.760          0.002
       4972.243      27697.154    1702211.054          0.002
       4852.508      28709.597    1359397.034          0.002
       5075.401      27694.204     961341.760          0.002
       6474.828      27654.178     992916.723          0.002
       4628.574      27881.364     961341.760          0.002
       3394.654      28542.757     938817.718          0.002
       6954.708      27686.943     992916.723          0.002
       5952.418      28664.397     953332.834          0.002
       7313.122      28077.858     992916.723          0.002
       8119.699      29222.163     983236.689          0.002
       7730.605      27648.239     992916.723          0.002
       9027.183      27664.637    1986098.631          0.002
       6998.247      27795.805     992916.723          0.002
       6948.507      29194.921     959397.343          0.002
       6366.985      27955.953     992916.723          0.002
       5113.599      28579.671     960772.711          0.002
       9027.183      27664.637    1986098.631          0.002
       8567.941      28927.030     983236.689          0.002
       9568.841      27605.479    1030238.583          0.003
      10910.725      27458.925    1269692.870          0.003
       9027.183      27664.637    1986098.631          0.002
      10059.596      28342.000    1038431.258          0.002
      10910.725      27458.925    1269692.870          0.003
      10498.399      28208.049    1038431.258          0.002
      10910.725      27458.925    1269692.870          0.003
      11006.755      28306.878    1047346.496          0.002
      10981.988      27487.121    1070041.323          0.003
      12183.161      27962.381    1072831.607          0.003
      13264.055      27457.426    1347316.541          0.003
      12183.161      27962.381    1072831.607          0.003
      13264.055      27457.426    1347316.541          0.003
      13923.793      27898.416    1114268.113          0.003
      13264.055      27457.426    1347316.541          0.003
      14139.002      27397.333    1162612.979          0.003
      15355.051      27383.418    1162612.979          0.002
      16046.241      28600.898    1136891.918          0.002
      16162.790      27502.490    1162612.979          0.002
      17142.059      27717.923    2281278.736          0.003
      17142.059      27717.923    2281278.736          0.003
      17227.730      28925.427    1145325.649          0.002
      18055.589      27679.684    1195560.175          0.003
      18997.548      27640.255    2658318.652          0.003
      17488.748      28052.906    1195560.175          0.003
      18114.512      28657.540     886411.628          0.003
      18997.548      27640.255    2658318.652          0.003
      19084.144      29012.591    1182954.226          0.003
      19649.100      28088.182    1249188.418          0.004
      20271.909      28516.348     881983.224          0.004
      18997.548      27640.255    2658318.652          0.003
      18139.798      28628.409    1188355.071          0.003
      19455.868      27588.340    1249188.418          0.004
      20177.809      27506.563    1626210.715          0.004
      21189.877      27550.580    1319814.764          0.004
      20271.909      28516.348     881983.224          0.004
      21404.379      27324.908    2136637.186          0.004
      22046.228      28023.833    1279782.748          0.003
      21404.379      27324.908    2136637.186          0.004
      20177.809      27506.563    1626210.715          0.004
      23629.393      28015.846    1328183.171          0.003
      24542.928      28691.399    2268508.289          0.003
      23028.479      27827.397    1328183.171          0.003
      22356.196      28361.366    2520626.822          0.003
      25210.358      27695.713    1349049.961          0.004
      26183.823      26926.619    4606554.298          0.004
      25176.725      27722.285    1717667.156          0.004
      25418.169      28541.591    1558580.497          0.004
      25176.725      27722.285    1717667.156          0.004
      24776.812      28333.776    1282333.614          0.004
      27352.281      27458.412    5232498.165          0.003
      28313.507      27602.325    1349565.425          0.003
      27352.281      27458.412    5232498.165          0.003
      27162.316      28206.267    1312473.739          0.003
      26998.669      27297.475    1374833.222          0.003
      26183.823      26926.619    4606554.298          0.004
      29441.814      27771.253   14817768.864          0.002
      30452.212      28321.868    6752708.139          0.003
      31198.844      27770.478    3111027.540          0.003
      31277.937      28776.675     920821.700          0.004
      31198.844      27770.478    3111027.540          0.003
      32521.616      27731.717    1335599.191          0.004
      31579.804      27903.443    1347668.542          0.003
      32901.606      28364.787    1292521.828          0.004
      33598.403      27700.164    6187157.470          0.003
      34509.186      27501.298    1339993.437          0.003
      33593.369      27718.678    1335599.191          0.003
      33372.973      28529.307    1681085.441          0.003
      35252.878      27518.696    1339993.437          0.002
      34365.533      28601.572    1280104.755          0.002
      35432.298      27299.740   27520979.509          0.002
      36299.533      27404.954   20311740.673          0.002
      37488.358      27634.282    1327846.523          0.003
      38377.420      27805.785    2122129.172          0.003
      39157.168      27785.100    1302949.696          0.004
      40308.188      27754.566    2792355.362          0.004
      38377.420      27805.785    2122129.172          0.003
      38564.792      28665.307    2071279.782          0.003
      40308.188      27754.566    2792355.362          0.004
      39993.009      28765.401    1227577.710          0.004
      40355.224      28007.994    1300717.848          0.004
      40610.698      29384.487    1225578.696          0.004
      40308.188      27754.566    2792355.362          0.004
      41327.314      28354.073    1264379.636          0.003
      40308.188      27754.566    2792355.362          0.004
      39250.416      28307.141    1266404.689          0.004
      42470.155      27890.623    1284549.540          0.002
      42325.343      28582.195     837456.681          0.003
      46768.210      27524.911    1250591.624          0.002
      47640.166      27592.439    3267014.006          0.002
      46207.504      27654.879    1250591.624          0.002
      45100.645      28512.121    1223651.582          0.002
      47640.166      27592.439    3267014.006          0.002
      47495.035      28787.359    1638958.762          0.002
      48209.393      27889.807    1245640.264          0.003
      49450.272      28538.050    1210997.218          0.003
      48411.299      27602.201    1245640.264          0.003
      49574.736      27616.929    1778843.763          0.003
      49574.736      27616.929    1778843.763          0.003
      50323.972      27590.068    1254311.686          0.003
      49574.736      27616.929    1778843.763          0.003
      49608.228      28601.256    1210997.218          0.003
      52449.174      27944.760    1254311.686          0.003
      53685.296      28602.028    1232520.219          0.002
      54765.286      27380.597     832252.707          0.004
      55486.404      27771.398    4511987.516          0.003
      55486.404      27771.398    4511987.516          0.003
      55812.738      28609.093    3275701.526          0.003
      58032.997      27329.263    1315169.987          0.004
      56635.950      27238.380    1315789.085          0.004
      58533.251      27361.806    5980155.610          0.003
      59187.754      27905.631    1282338.447          0.003
      58430.138      27522.417    1315169.987          0.003
      57673.788      28700.524    1269084.089          0.004
      60753.402      27786.771    2624336.471          0.003
      61690.911      28631.009    1259666.028          0.003
      60753.402      27786.771    2624336.471          0.003
      60080.214      28171.949    1282338.447          0.003
      62880.485      27418.452    1975736.562          0.004
      63438.338      28408.889    1216407.425          0.004
      62880.485      27418.452    1975736.562          0.004
      63961.658      28142.007    1229165.321          0.004
      62880.485      27418.452    1975736.562          0.004
      64215.476      27567.076    1232985.698          0.005
      62880.485      27418.452    1975736.562          0.004
      62257.257      28273.635    1259666.028          0.004
      64999.152      27654.322    1700594.641          0.004
      65993.130      28373.602     835864.968          0.004
      64999.152      27654.322    1700594.641          0.004
      64733.623      28658.631    1944292.620          0.003
      67775.183      27620.605    1992051.842          0.003
      67326.262      28633.119    1150438.730          0.003
      67775.183      27620.605    1992051.842          0.003
      68468.297      28231.384    1133430.848          0.003
      67655.243      27698.427    1164543.381          0.003
      66649.249      28351.152    1176698.148          0.003
      71081.589      27351.487     797317.614          0.003
      72145.102      27612.129    1036067.012          0.003
      71081.589      27351.487     797317.614          0.003
      70856.020      28349.435    1087972.965          0.002
      72802.052      28166.014    1036067.012          0.003
      72672.901      29528.340    1338785.616          0.002
      72940.586      27874.058    1036067.012          0.003
      73980.769      28811.084    1016414.909          0.003
      72395.722      28000.944    1036067.012          0.003
      71140.729      28621.423    1087972.965          0.002
      74580.702      28020.506     974592.740          0.002
      73987.324      28816.989    1427238.553          0.003
      75084.898      27343.731    6503885.834          0.001
      75136.704      28359.772    3969687.947          0.002
      77925.602      28308.753     906840.535          0.001
      77189.962      28761.270    1846088.592          0.002
      79679.303      27821.902     891577.634          0.000
      79003.028      28393.133    1217209.426          0.001
       2017.829      28823.127     921725.615          0.002
       3008.860      29740.190    1681727.143          0.002
       1980.499      28788.584    1012622.447          0.002
       1356.898      29631.625     884404.421          0.001
       1980.499      28788.584    1012622.447          0.002
       1310.469      29060.335     894220.849          0.001
       2137.533      28770.751     921725.615          0.002
       3192.896      28650.901    1257533.045          0.002
       3192.896      28650.901    1257533.045          0.002
       3015.906      29698.489     920716.059          0.002
       3227.669      28652.131     938817.718          0.002
       4626.794      28701.614     960772.711          0.002
       4696.447      28796.835     960772.711          0.002
       3474.416      29479.946     920716.059          0.002
      10327.812      28517.977    1889492.255          0.002
      11038.753      28589.416    1529478.481          0.002
      10327.812      28517.977    1889492.255          0.002
      10750.238      29279.394    1016448.715          0.001
      10015.632      28679.029    1038431.258          0.002
       8771.445      29320.901     983236.689          0.002
      11038.753      28589.416    1529478.481          0.002
      12309.770      29073.600    1058930.675          0.002
      11472.464      28351.780    1047346.496          0.002
      12183.161      27962.381    1072831.607          0.003
      12884.340      28300.024    1088132.574          0.002
      12183.161      27962.381    1072831.607          0.003
      13264.762      28480.607    1088132.574          0.002
      14653.620      28656.889    1114268.113          0.002
      15764.880      29075.606    1136891.918          0.002
      15216.554      29833.281    1172060.800          0.002
      18114.512      28657.540     886411.628          0.003
      19082.429      29426.462    1182954.226          0.003
      20271.909      28516.348     881983.224          0.004
      20177.809      27506.563    1626210.715          0.004
      20271.909      28516.348     881983.224          0.004
      20802.373      29133.231    1214534.343          0.004
      20271.909      28516.348     881983.224          0.004
      21225.516      28445.440    1279782.748          0.004
      22138.433      28531.270    1279782.748          0.003
      21034.650      29392.469    1214534.343          0.004
      24542.928      28691.399    2268508.289          0.003
      24339.975      29955.794    1200957.879          0.003
      24745.739      28921.212    1282333.614          0.003
      25429.424      29695.923     835860.625          0.004
      24615.112      28679.044    1282333.614          0.003
      25418.169      28541.591    1558580.497          0.004
      25418.169      28541.591    1558580.497          0.004
      25429.424      29695.923     835860.625          0.004
      25664.849      28021.275    1297294.068          0.004
      26183.823      26926.619    4606554.298          0.004
      25418.169      28541.591    1558580.497          0.004
      26291.004      28444.341    1312473.739          0.004
      27125.459      28351.366    7765822.917          0.003
      28293.360      28424.224    1302951.298          0.003
      29370.164      28450.235    1302951.298          0.002
      30452.212      28321.868    6752708.139          0.003
      28714.815      28712.070    1302951.298          0.003
      27487.489      29385.621    1238568.326          0.003
      30757.746      28684.122    1313569.051          0.003
      31400.774      29446.521    3426079.186          0.003
      31577.854      28741.263    1287337.504          0.004
      32968.196      28577.100    1292521.828          0.004
      31277.937      28776.675     920821.700          0.004
      31400.774      29446.521    3426079.186          0.003
      33337.899      28545.618    1292521.828          0.003
      32068.468      29135.995    1253026.840          0.004
      33372.973      28529.307    1681085.441          0.003
      33503.795      29444.734    1241832.378          0.003
      34358.198      28610.523   10527383.816          0.002
      35631.112      28517.566    1274090.140          0.003
      34091.584      28913.579    1280104.755          0.003
      33520.634      29562.568    3895712.439          0.003
      36690.501      28893.798    1274090.140          0.002
      37304.405      29793.785    1897289.813          0.003
      36395.773      28461.725   57898417.475          0.002
      35543.595      29400.190   17304381.024          0.002
      38564.792      28665.307    2071279.782          0.003
      38568.144      29375.486    1179530.962          0.003
      38564.792      28665.307    2071279.782          0.003
      39598.021      29498.462    1227577.710          0.003
      38564.792      28665.307    2071279.782          0.003
      37826.823      29326.042    1215372.202          0.003
      41627.472      28582.409    1264379.636          0.003
      42351.433      29780.691    1210794.322          0.003
      41399.482      28725.179    1264379.636          0.003
      40659.127      29645.423    1614466.094          0.004
      41578.952      28502.101    1890873.591          0.003
      42325.343      28582.195     837456.681          0.003
      42325.343      28582.195     837456.681          0.003
      43152.477      29002.971    1227501.339          0.003
      42330.646      28768.244    1255569.335          0.003
      42359.901      29794.707    1734434.799          0.003
      44990.040      28713.827    1223651.582          0.002
      46370.538      28480.970    1217758.371          0.002
      47495.035      28787.359    1638958.762          0.002
      47842.004      29675.581    1806470.930          0.002
      48180.287      28733.403    1203061.479          0.003
      49575.968      28623.510    1210997.218          0.003
      47495.035      28787.359    1638958.762          0.002
      46889.262      29329.046    1170842.714          0.002
      49608.897      28620.917    2129821.403          0.003
      50539.734      28581.069    1217606.179          0.003
      49600.992      28625.635    1210997.218          0.003
      48398.863      29343.190    1168320.460          0.003
      51037.299      29120.492    1217606.179          0.002
      50059.931      30122.865    1146253.194          0.002
      51725.357      28634.040    1217606.179          0.002
      52797.395      29534.449    1189145.032          0.002
      52440.806      28592.184    1217606.179          0.002
      53837.558      28687.496    1232520.219          0.002
      53797.841      28929.768    1232520.219          0.002
      53627.116      29764.010    1021252.035          0.003
      56288.031      28830.390    1260560.923          0.004
      57557.205      29421.320    1238229.610          0.004
      55812.738      28609.093    3275701.526          0.003
      55622.067      29764.574    2212631.522          0.003
      56719.648      28657.372    1260560.923          0.004
      57669.044      28707.912    1510648.869          0.004
      56126.530      27963.796    1260560.923          0.004
      56484.085      27228.501    2752165.693          0.004
      57669.044      28707.912    1510648.869          0.004
      57576.835      29430.460    1705500.552          0.004
      57477.799      28469.144    1269084.089          0.004
      56602.582      27376.443    1315789.085          0.004
      59741.510      28365.745    5297288.268          0.003
      59075.585      29038.208    1246398.003          0.003
      62193.220      29236.688    1259666.028          0.004
      63013.414      30371.273    1184223.392          0.004
      61875.606      28797.330    5053466.692          0.003
      61727.359      29979.015    1184758.306          0.004
      62185.528      28880.975    1259666.028          0.003
      63537.165      29245.772    1216407.425          0.004
      64733.623      28658.631    1944292.620          0.003
      65993.130      28373.602     835864.968          0.004
      64733.623      28658.631    1944292.620          0.003
      63976.487      29364.342    3314010.202          0.003
      65993.130      28373.602     835864.968          0.004
      66649.249      28351.152    1176698.148          0.003
      66649.249      28351.152    1176698.148          0.003
      66112.305      29014.568    1178845.094          0.003
      68929.778      28638.045    3458687.709          0.002
      69885.910      29058.787    1070344.313          0.002
      68929.778      28638.045    3458687.709          0.002
      70225.820      28763.343    1087972.965          0.002
      68548.857      28808.171    1133430.848          0.003
      67270.553      29379.082    1150438.730          0.003
      71264.123      29004.808    1087972.965          0.002
      72576.436      29492.491    1031930.115          0.002
      73987.324      28816.989    1427238.553          0.003
      74420.353      29674.163     950498.758          0.002
      73987.324      28816.989    1427238.553          0.003
      73383.936      29764.504     993786.441          0.002
      73844.417      28894.329    1016414.909          0.003
      72672.901      29528.340    1338785.616          0.002
      75235.638      28612.220     985208.058          0.002
      75746.473      29915.695     939434.085          0.002
      75123.469      28522.510     985208.058          0.002
      75009.984      29917.902     950498.758          0.002
      75432.977      28417.706     985208.058          0.002
      76806.956      28686.376     947337.473          0.002
      77066.790      28950.026     947337.473          0.002
      76301.708      30122.480     939434.085          0.002
      77189.962      28761.270    1846088.592          0.002
      78401.805      28515.209     910573.414          0.001
      77189.962      28761.270    1846088.592          0.002
      77915.172      29643.334    1199644.225          0.002
      79003.028      28393.133    1217209.426          0.001
      79631.945      29149.308     900482.349          0.001
      78636.545      28814.308     910573.414          0.001
      77915.172      29643.334    1199644.225          0.002
      79003.028      28393.133    1217209.426          0.001
      79750.790      28526.861     901322.510          0.000
        105.078      29691.102     894220.849          0.000
        816.074      30362.759    2479221.206          0.001
       3008.860      29740.190    1681727.143          0.002
       4385.684      29502.695     953332.834          0.002
       3008.860      29740.190    1681727.143          0.002
       1973.989      30034.008     884404.421          0.002
       3008.860      29740.190    1681727.143          0.002
       3818.948      30087.267     913659.604          0.002
       3008.860      29740.190    1681727.143          0.002
       2710.227      30448.862     868854.202          0.002
       5270.708      29374.108     953332.834          0.001
       6387.608      30218.225     932335.600          0.001
       5572.385      29430.262     953332.834          0.001
       6928.988      29743.957    1686764.074          0.001
       7135.984      29714.299     959397.343          0.001
       8344.536      29541.142    2727526.142          0.002
       8344.536      29541.142    2727526.142          0.002
       8748.961      30320.604     956053.349          0.001
       8344.536      29541.142    2727526.142          0.002
       9458.001      29580.191    1004293.777          0.002
      10166.928      29963.949    1004293.777          0.001
      10095.572      31362.129     973946.883          0.001
      10333.277      29747.447    1004293.777          0.001
      10990.911      30377.037    2119582.445          0.002
      14402.739      29658.839    1058930.675          0.002
      15216.554      29833.281    1172060.800          0.002
      12421.595      29714.132    1058930.675          0.002
      11151.328      30302.708     999244.903          0.002
      15216.554      29833.281    1172060.800          0.002
      14570.106      30419.857    1062180.959          0.002
      15276.689      29907.962    1091322.242          0.003
      15986.085      30788.945    3023927.925          0.003
      15243.025      29827.145    1091322.242          0.002
      16606.858      29510.981    1145325.649          0.003
      16737.794      29944.743    1145325.649          0.003
      15986.085      30788.945    3023927.925          0.003
      19242.566      30350.497    1182954.226          0.004
      19443.175      31731.604    2268649.454          0.003
      19255.475      29560.659    1182954.226          0.003
      20343.827      30400.480    1671276.604          0.003
      19791.685      29430.977    1182954.226          0.003
      21029.051      29396.837    1750301.948          0.004
      18983.250      29586.164    1182954.226          0.003
      18023.438      30605.360    1133970.709          0.003
      21029.051      29396.837    1750301.948          0.004
      21092.211      30116.599    1159558.271          0.003
      21029.051      29396.837    1750301.948          0.004
      20414.504      30296.961    1168489.142          0.003
      23593.707      29770.354    1231329.913          0.003
      24293.859      30243.096    2371865.759          0.003
      22356.008      29924.277    1231329.913          0.003
      21232.901      30760.118    1159558.271          0.003
      25429.424      29695.923     835860.625          0.004
      25374.713      30757.714    1152051.078          0.004
      25429.424      29695.923     835860.625          0.004
      25945.434      30195.207    1191511.676          0.004
      25429.424      29695.923     835860.625          0.004
      24708.733      30043.189    1200957.879          0.003
      27250.863      29589.089    1238568.326          0.002
      28647.596      29493.507    1247995.073          0.003
      26951.044      29804.986    1238568.326          0.003
      26375.571      30611.403    1650408.836          0.003
      29554.232      29708.452    1247995.073          0.002
      30191.847      30534.561    1908451.042          0.003
      29011.938      29668.483    1247995.073          0.002
      27842.266      30437.813    1189035.668          0.002
      31843.274      30185.045    1253026.840          0.004
      32562.833      31385.976    1177611.945          0.004
      31400.774      29446.521    3426079.186          0.003
      31386.694      30569.237    1168776.707          0.003
      31586.077      29456.665    1253026.840          0.003
      32983.984      29533.191    1241832.378          0.003
      31400.774      29446.521    3426079.186          0.003
      30718.266      30060.782    1202328.622          0.003
      33534.931      29600.013    1241832.378          0.003
      34034.312      30907.919    1163593.266          0.003
      33520.634      29562.568    3895712.439          0.003
      34457.924      30030.007    1192672.292          0.004
      33171.593      30318.727    1241832.378          0.004
      32628.423      31495.444    1945528.961          0.003
      35547.624      29513.993    1235424.432          0.002
      35585.804      30592.495    2707614.378          0.002
      36192.891      29915.538    1215899.248          0.002
      35585.804      30592.495    2707614.378          0.002
      37304.405      29793.785    1897289.813          0.003
      37484.151      30771.510    1148261.814          0.003
      37304.405      29793.785    1897289.813          0.003
      36932.858      30549.745    1171321.356          0.002
      37304.405      29793.785    1897289.813          0.003
      38211.251      30496.264    1179530.962          0.002
      39731.005      29605.696    2473870.928          0.003
      39522.296      30529.506    1177041.228          0.003
      39928.654      29614.156    1227577.710          0.003
      40659.127      29645.423    1614466.094          0.004
      40659.127      29645.423    1614466.094          0.004
      41410.568      30659.714    1181700.340          0.004
      40659.127      29645.423    1614466.094          0.004
      41952.847      29758.978    1210794.322          0.004
      42359.901      29794.707    1734434.799          0.003
      42747.811      30578.365    2106400.344          0.003
      42348.844      29806.962    1210794.322          0.003
      41486.722      30762.507    1364290.716          0.004
      43428.425      30172.002    1196557.789          0.003
      42747.811      30578.365    2106400.344          0.003
      44358.684      29616.588    1942808.163          0.002
      44559.016      30823.610    5016459.046          0.002
      44358.684      29616.588    1942808.163          0.002
      45322.337      29660.541    1170842.714          0.002
      44358.684      29616.588    1942808.163          0.002
      43342.014      29099.391    3789428.807          0.002
      47033.924      29697.148    1170842.714          0.002
      47842.004      29675.581    1806470.930          0.002
      45510.938      30267.340    1170842.714          0.002
      44559.016      30823.610    5016459.046          0.002
      47842.004      29675.581    1806470.930          0.002
      49085.262      30199.284    1146253.194          0.003
      47842.004      29675.581    1806470.930          0.002
      47670.302      30575.489    3213850.704          0.002
      53055.025      29858.777    1189145.032          0.002
      53707.742      30720.920    7630539.294          0.002
      54539.936      29764.268    1190788.834          0.003
      55622.067      29764.574    2212631.522          0.003
      53627.116      29764.010    1021252.035          0.003
      53701.171      30642.935    1166168.117          0.002
      55622.067      29764.574    2212631.522          0.003
      55893.888      30577.255    1698536.972          0.004
      56086.698      29685.158    1214062.326          0.004
      57466.685      29449.287    1238229.610          0.004
      55622.067      29764.574    2212631.522          0.003
      54985.652      30082.510    1166168.117          0.004
      56072.725      29926.884    1214062.326          0.004
      57389.899      30401.279    1200666.592          0.003
      57576.835      29430.460    1705500.552          0.004
      57480.722      30433.990    1605779.624          0.003
      57576.835      29430.460    1705500.552          0.004
      58276.666      29315.711    1246398.003          0.003
      59820.335      29637.637    1223664.595          0.002
      58902.381      29213.114   11104984.738          0.002
      60880.223      30177.703    1223664.595          0.003
      61652.506      30575.670    2558984.707          0.003
      63976.487      29364.342    3314010.202          0.003
      64687.403      29407.854    1178845.094          0.003
      63834.592      29516.924    1216407.425          0.004
      63025.078      30387.408    1407293.013          0.004
      65741.765      29472.385    6075674.406          0.002
      66921.759      29531.949    1150438.730          0.002
      65738.929      29477.167    1178845.094          0.002
      65024.840      30681.359    1138814.009          0.003
      66927.614      29532.244    3941461.299          0.002
      67990.925      29672.629    1094970.130          0.002
      69103.579      29752.300    1094970.130          0.002
      70480.248      29497.776    1070344.313          0.002
      68523.571      29978.404    1094970.130          0.002
      67275.399      30612.491    1098618.588          0.002
      70632.261      29516.511    1070344.313          0.002
      69400.336      30181.614    1070366.037          0.002
      71541.560      29479.106    1070344.313          0.002
      72672.901      29528.340    1338785.616          0.002
      72672.901      29528.340    1338785.616          0.002
      72008.692      29904.351    1028450.832          0.002
      77915.172      29643.334    1199644.225          0.002
      78572.542      29948.842     880650.471          0.002
      77915.172      29643.334    1199644.225          0.002
      77817.658      30576.418     738103.211          0.002
      77803.328      29697.984     932031.905          0.002
      76545.464      30312.620     939434.085          0.002
        825.952      30372.147     884404.421          0.001
       1840.806      31336.548     868854.202          0.001
        816.074      30362.759    2479221.206          0.001
        191.176      31335.163     854974.631          0.000
       6359.362      30904.961     932335.600          0.001
       5136.909      31436.737    1942040.095          0.001
       8659.437      30935.398     956053.349          0.001
       7317.146      31333.209     928419.786          0.001
      11149.001      30538.712     999244.903          0.002
      12127.788      31539.698    1015834.964          0.002
      12187.028      30557.817     999244.903          0.003
      13128.561      30700.121     823045.766          0.003
      10990.911      30377.037    2119582.445          0.002
      10315.878      31285.784     973946.883          0.001
      13134.226      30756.042    1038514.092          0.003
      13275.327      32148.913    1052161.210          0.003
      13128.561      30700.121     823045.766          0.003
      14258.318      31383.284    1059762.929          0.002
      13128.561      30700.121     823045.766          0.003
      13854.798      30678.043    1062180.959          0.002
      13128.561      30700.121     823045.766          0.003
      12563.432      31230.118    1015834.964          0.002
      16626.048      31728.575    1094646.115          0.004
      17081.956      32397.966    2159680.513          0.004
      16686.017      30734.341    1094646.115          0.003
      17998.389      30631.959    3847293.994          0.003
      15986.085      30788.945    3023927.925          0.003
      15334.242      31698.661    1078064.510          0.002
      18122.529      31741.943    1133970.709          0.004
      18226.437      32671.019     982652.511          0.005
      17626.641      31348.334    1133970.709          0.003
      17081.956      32397.966    2159680.513          0.004
      18390.174      30930.152    1133970.709          0.003
      19443.175      31731.604    2268649.454          0.003
      20343.827      30400.480    1671276.604          0.003
      21041.255      30760.788    1159558.271          0.003
      20161.349      30670.175    1168489.142          0.003
      19443.175      31731.604    2268649.454          0.003
      21153.844      30818.954    1882430.903          0.003
      22313.377      30718.725    1175992.830          0.003
      23117.344      30776.349    1175992.830          0.002
      23482.504      31541.117    2097288.468          0.003
      22644.946      30827.797    1175992.830          0.002
      21353.728      31368.866    1143572.717          0.002
      26375.571      30611.403    1650408.836          0.003
      27097.802      30652.523    1189035.668          0.002
      26247.651      30737.239    1191511.676          0.003
      25329.214      31640.709    2390164.420          0.003
      27556.835      30716.045    1189035.668          0.002
      28778.330      31400.113    1152963.234          0.002
      30294.641      30630.563    1202328.622          0.003
      31317.812      31586.137    1168776.707          0.003
      35585.804      30592.495    2707614.378          0.002
      35215.861      31726.101    1159744.915          0.002
      35585.804      30592.495    2707614.378          0.002
      36341.608      31015.843    1171321.356          0.002
      35236.572      30923.589    1192672.292          0.003
      34358.240      31756.305    3637339.416          0.003
      38737.913      30878.542    1179530.962          0.002
      39733.844      31493.173    5483507.921          0.002
      40709.216      30798.795    1177041.228          0.004
      41486.722      30762.507    1364290.716          0.004
      39448.160      30857.652    3933339.049          0.003
      39733.844      31493.173    5483507.921          0.002
      41486.722      30762.507    1364290.716          0.004
      41553.181      31486.413    1456357.345          0.004
      41486.722      30762.507    1364290.716          0.004
      42709.616      30583.942    1180957.737          0.003
      42747.811      30578.365    2106400.344          0.003
      43046.120      29835.871    1227501.339          0.003
      42645.022      31371.783    1180957.737          0.004
      42501.330      32480.923     689187.432          0.005
      42747.811      30578.365    2106400.344          0.003
      43395.752      31696.630    1149727.391          0.003
      42665.079      30641.250    1180957.737          0.004
      41553.181      31486.413    1456357.345          0.004
      44559.016      30823.610    5016459.046          0.002
      45592.006      30625.970    1147376.859          0.002
      44559.016      30823.610    5016459.046          0.002
      44570.652      31531.699    3667632.785          0.002
      44019.922      31339.707    1154090.867          0.003
      43485.429      31851.400    1500598.326          0.003
      48184.288      31147.148    1141274.897          0.003
      49120.329      32188.218    1127421.649          0.003
      47678.736      31105.146    1141274.897          0.002
      47701.026      32504.969    1118164.777          0.002
      47951.788      30560.760    1141274.897          0.002
      49349.875      30487.606    1146253.194          0.002
      47670.302      30575.489    3213850.704          0.002
      46960.065      31338.130    1130620.652          0.002
      49749.499      30467.002    1146253.194          0.002
      51148.344      30410.152    1155272.687          0.002
      49674.797      30978.539    1146253.194          0.002
      49542.258      32372.251    1127421.649          0.002
      51774.346      30436.996    1155272.687          0.001
      51851.043      31783.909   15806111.555          0.002
      52674.806      30541.637    1155272.687          0.002
      53707.742      30720.920    7630539.294          0.002
      53703.924      30768.860    1166168.117          0.002
      53625.717      31751.023    2748197.492          0.003
      55893.888      30577.255    1698536.972          0.004
      55462.287      31659.433    1558234.299          0.004
      55988.214      30686.713    1192015.912          0.004
      56687.788      31498.503    1171337.333          0.004
      56081.069      30560.356    1192015.912          0.004
      57475.398      30434.470    1200666.592          0.003
      57480.722      30433.990    1605779.624          0.003
      57767.448      31351.506    1172469.635          0.004
      57399.035      30543.654    1200666.592          0.003
      56687.788      31498.503    1171337.333          0.004
      58709.270      30644.777    5792977.448          0.002
      59573.445      30476.871    1193011.733          0.002
      58484.370      30889.540    1189704.312          0.003
      57841.668      31589.007    1302449.664          0.003
      58726.855      30514.412    1189704.312          0.002
      58902.381      29213.114   11104984.738          0.002
      60115.916      30857.635    1193011.733          0.003
      60973.239      31559.303    2251873.207          0.003
      62166.837      30505.124    1184758.306          0.004
      63025.078      30387.408    1407293.013          0.004
      61828.809      30721.882    1184758.306          0.003
      62726.443      31466.311    2067341.441          0.003
      61652.506      30575.670    2558984.707          0.003
      61138.043      31320.653    1159491.680          0.003
      63025.078      30387.408    1407293.013          0.004
      63889.935      31012.592    1127201.131          0.004
      63025.078      30387.408    1407293.013          0.004
      62754.005      31366.736    1154086.223          0.004
      64974.686      30765.935    8361542.418          0.002
      66067.066      31219.510    1094508.163          0.003
      64935.646      30936.089    1138814.009          0.003
      64771.826      31650.089    2996301.340          0.003
      67372.787      30998.767    1098618.588          0.002
      68002.100      31497.971    1032985.004          0.003
      69306.894      30840.379    1070366.037          0.002
      70045.574      31855.760    1320216.693          0.002
      71012.969      30610.271    1028450.832          0.001
      71060.853      32009.452    1009892.437          0.001
      71465.269      30478.562    1028450.832          0.002
      72865.064      30502.525     993786.441          0.001
      70623.102      31024.810    1028450.832          0.002
      70045.574      31855.760    1320216.693          0.002
      73029.808      30515.377     993786.441          0.001
      74422.395      30659.258     950498.758          0.002
      72913.430      30503.353    3919512.367          0.001
      72043.591      31424.149     995152.414          0.001
      74945.298      30713.283    3037195.139          0.001
      76005.442      30576.494    2833526.865          0.001
      74922.971      30724.687     950498.758          0.001
      73676.191      31361.507     964417.682          0.001
      76005.442      30576.494    2833526.865          0.001
      75305.451      31343.031     926826.669          0.001
      76369.597      30576.478     939434.085          0.002
      77769.597      30576.420     912022.519          0.002
      77817.658      30576.418     738103.211          0.002
      78569.284      30588.757     880650.471          0.001
      77817.658      30576.418     738103.211          0.002
      77331.349      31185.949     894003.025          0.001
      79850.560      30745.296     880650.471          0.000
      78804.935      31676.248     869652.865          0.000
       1851.667      31825.840     868854.202          0.001
        573.424      32396.887     858532.559          0.001
       2886.550      31796.645     876833.583          0.001
       2908.735      32707.912    2739944.229          0.001
       3926.069      31469.000     876833.583          0.001
       5136.909      31436.737    1942040.095          0.001
       5641.905      31990.081     903634.606          0.002
       6153.817      32551.005     859514.299          0.003
       5298.883      31432.186     903634.606          0.001
       6698.330      31392.873     928419.786          0.001
       5076.902      31687.645     903634.606          0.001
       4882.440      32500.747     918709.400          0.003
       8012.783      31851.221     928419.786          0.002
       9053.517      32426.093    3865179.116          0.002
       7828.879      31379.612     928419.786          0.002
       9109.713      31379.029     622165.417          0.001
       9109.713      31379.029     622165.417          0.001
      10029.545      31586.446     973946.883          0.001
       9109.713      31379.029     622165.417          0.001
       9053.517      32426.093    3865179.116          0.002
      12127.980      32133.806    1015834.964          0.002
      11998.731      33527.828    1053485.583          0.002
      12178.276      31591.331    9243374.950          0.002
      11181.932      32521.181    1007457.132          0.002
      14501.203      31775.509    1059762.929          0.003
      14967.742      32680.589    2436636.919          0.003
      14317.458      31419.046    1401411.423          0.002
      15225.656      31850.205    6884922.294          0.002
      14317.458      31419.046    1401411.423          0.002
      13453.481      32509.465    1052161.210          0.002
      19443.175      31731.604    2268649.454          0.003
      20087.063      32412.521    1121267.037          0.003
      19059.721      32027.660    1133171.444          0.004
      18226.437      32671.019     982652.511          0.005
      20974.221      31902.820    1143572.717          0.003
      20479.963      32828.016    3618357.685          0.003
      23661.184      31721.211    1148498.568          0.003
      24505.147      32571.858    1324360.052          0.003
      24194.995      31579.541    1148498.568          0.003
      25329.214      31640.709    2390164.420          0.003
      23713.059      31172.271    1148498.568          0.003
      24293.859      30243.096    2371865.759          0.003
      25269.990      31560.763    1152051.078          0.003
      24436.627      30435.817    1200957.879          0.003
      25329.214      31640.709    2390164.420          0.003
      24562.213      32507.377    1124056.215          0.003
      25329.214      31640.709    2390164.420          0.003
      25880.474      32387.451    1115860.804          0.003
      27622.527      31872.436    1142552.635          0.002
      29020.077      31789.654    1152963.234          0.002
      27060.113      32175.214    1142552.635          0.002
      26249.859      32887.824    2160196.167          0.002
      29476.073      32120.302    1152963.234          0.002
      29571.488      32863.440    1082999.263          0.003
      31369.641      31724.095    1168776.707          0.003
      31331.273      32629.753    2425686.706          0.003
      32628.571      31495.712    1177611.945          0.003
      33288.942      32695.571    1267199.028          0.004
      32628.423      31495.444    1945528.961          0.003
      33487.910      31625.057    1163593.266          0.003
      32628.423      31495.444    1945528.961          0.003
      31798.317      32221.341    1144118.760          0.004
      34358.240      31756.305    3637339.416          0.003
      34625.920      32455.475    1903913.022          0.003
      33852.419      32200.616    1163593.266          0.003
      33288.942      32695.571    1267199.028          0.004
      35264.331      31774.070    1159744.915          0.002
      36267.428      32750.695    1132302.661          0.002
      37665.385      31757.331   13504278.862          0.002
      36625.595      31174.913   81259749.989          0.002
      38578.986      31640.657    1148261.814          0.002
      39733.844      31493.173    5483507.921          0.002
      38062.763      31954.978    1148261.814          0.002
      39316.273      32578.448    1129473.076          0.002
      37665.385      31757.331   13504278.862          0.002
      36527.606      31652.474   93176475.512          0.002
      39786.129      31590.046    1158547.111          0.002
      40451.081      32822.052    1128951.124          0.002
      41803.115      31748.567    1162793.013          0.004
      42501.330      32480.923     689187.432          0.005
      41553.181      31486.413    1456357.345          0.004
      41122.351      32050.241    1128951.124          0.003
      43485.429      31851.400    1500598.326          0.003
      43689.149      32894.213    1008987.646          0.003
      43124.480      32082.297    1149727.391          0.004
      42501.330      32480.923     689187.432          0.005
      44603.765      31876.044    1144385.485          0.003
      44729.201      33180.453     873551.051          0.003
      44570.652      31531.699    3667632.785          0.002
      45563.665      32414.668    1125498.774          0.003
      44107.922      32246.928    1144385.485          0.003
      43689.149      32894.213    1008987.646          0.003
      47055.176      32129.071    1130620.652          0.002
      47704.576      32727.905    2083900.632          0.002
      46212.435      32035.791    1130620.652          0.002
      45649.236      32490.756     969337.636          0.002
      51849.312      32047.472    1146814.680          0.002
      51840.122      33447.442    1102483.687          0.002
      54072.819      32351.121    1158756.124          0.003
      54764.717      33279.784    2595941.386          0.003
      53611.487      31836.230    1158756.124          0.003
      53436.861      32881.828     598124.661          0.004
      53625.717      31751.023    2748197.492          0.003
      52816.072      32615.510    1138604.682          0.003
      54670.746      31698.907    1158756.124          0.004
      55462.287      31659.433    1558234.299          0.004
      55469.466      31681.782    1172851.612          0.004
      55818.349      32767.856    1091807.212          0.004
      55462.287      31659.433    1558234.299          0.004
      54976.531      32787.772    1143076.699          0.003
      55542.723      31648.870    1172851.612          0.004
      56687.788      31498.503    1171337.333          0.004
      56661.084      31537.490    1177319.888          0.004
      55869.947      32692.524    1157532.510          0.005
      56687.788      31498.503    1171337.333          0.004
      57433.245      31556.972    1172469.635          0.004
      57841.668      31589.007    1302449.664          0.003
      57913.047      32480.973    1156717.505          0.002
      58801.872      31923.833    1166114.934          0.003
      57914.504      32499.187    5799170.985          0.002
      60121.114      31460.210    1166114.934          0.002
      60973.239      31559.303    2251873.207          0.003
      60973.239      31559.303    2251873.207          0.003
      61467.390      32648.845    1137898.074          0.002
      61906.668      31509.793    1159491.680          0.004
      62726.443      31466.311    2067341.441          0.003
      62851.989      31678.189    1154086.223          0.004
      63552.235      32859.958    1519009.330          0.004
      62726.443      31466.311    2067341.441          0.003
      64095.840      31589.351    1127201.131          0.004
      64771.826      31650.089    2996301.340          0.003
      65682.439      32669.602    1112233.690          0.003
      64364.643      32054.026    1127201.131          0.004
      63552.235      32859.958    1519009.330          0.004
      67221.009      32075.949    1094508.163          0.003
      67914.029      32820.406    2188094.149          0.003
      66974.269      31469.837    1094508.163          0.002
      68002.100      31497.971    1032985.004          0.003
      68002.100      31497.971    1032985.004          0.003
      68769.650      31959.045    1038719.859          0.003
      67994.000      31619.598    1068546.261          0.003
      67914.029      32820.406    2188094.149          0.003
      68002.100      31497.971    1032985.004          0.003
      69154.143      31699.681    1026333.709          0.003
      70045.574      31855.760    1320216.693          0.002
      70710.318      32292.999    1015465.553          0.001
      70045.574      31855.760    1320216.693          0.002
      69669.127      32499.369    9167174.991          0.002
      71970.491      32022.072     995152.414          0.001
      72788.048      32704.675    2361274.329          0.001
      73869.053      31974.794     964417.682          0.002
      75135.289      32571.992     932937.411          0.001
      77372.011      32356.429     894003.025          0.001
      77867.939      32880.212     754228.402          0.002
      76107.974      32141.118     894003.025          0.001
      75160.099      32583.693    2899652.992          0.001
      78769.514      31724.621     869652.865          0.000
      79887.079      32567.858     861975.886          0.000
       1570.966      32682.685     858532.559          0.002
       2908.735      32707.912    2739944.229          0.001
       2908.735      32707.912    2739944.229          0.001
       2412.812      33970.888     906793.675          0.001
       2941.100      32988.826     889419.006          0.001
       3039.979      33847.058     566519.735          0.002
       2908.735      32707.912    2739944.229          0.001
       1607.043      33140.010     872267.103          0.002
       3804.647      32613.875     889419.006          0.002
       4882.440      32500.747     918709.400          0.003
       3778.485      33123.302     889419.006          0.002
       4813.020      33617.392    1786649.040          0.002
       4882.440      32500.747     918709.400          0.003
       4813.020      33617.392    1786649.040          0.002
       5012.207      32505.877     914675.369          0.003
       6153.817      32551.005     859514.299          0.003
       6153.817      32551.005     859514.299          0.003
       6237.579      33683.862    1379586.882          0.002
       6153.817      32551.005     859514.299          0.003
       5139.900      33357.412     937431.723          0.002
       6153.817      32551.005     859514.299          0.003
       7120.987      32700.731    1902305.986          0.002
       7355.136      33283.637     951986.452          0.002
       7876.978      34582.745    1018466.153          0.003
       7120.987      32700.731    1902305.986          0.002
       8478.483      32507.813     971068.758          0.002
       7120.987      32700.731    1902305.986          0.002
       6237.579      33683.862    1379586.882          0.002
       8580.361      33545.287     971068.758          0.003
       8035.206      34834.786    1018466.153          0.003
       9450.531      33007.536     971068.758          0.002
      10002.861      33816.446    1623186.788          0.002
       9087.582      32431.729     971068.758          0.002
      10468.809      32660.232    1007457.132          0.002
      13200.486      33627.577    1052161.210          0.003
      13068.687      34620.181    1779127.267          0.003
      13987.588      32673.036    1052161.210          0.003
      14967.742      32680.589    2436636.919          0.003
      13327.906      32667.952    5988710.651          0.002
      12324.308      33444.667    1053485.583          0.002
      14906.071      32750.858    1083499.550          0.003
      14096.378      33673.440    2411216.722          0.003
      15561.246      33109.615    1083499.550          0.003
      16383.021      33703.651    2160316.971          0.003
      15957.699      32548.254    1083499.550          0.004
      17081.956      32397.966    2159680.513          0.004
      17267.285      32609.071    1113313.891          0.004
      18190.917      33661.166    1124647.702          0.004
      17158.956      32416.337    1113313.891          0.004
      18226.437      32671.019     982652.511          0.005
      17056.422      32445.666    1113313.891          0.004
      16395.708      33679.950    1117264.360          0.003
      18226.437      32671.019     982652.511          0.005
      18914.215      33040.824    1116203.513          0.004
      18226.437      32671.019     982652.511          0.005
      18279.846      33762.464    1707120.964          0.004
      20479.963      32828.016    3618357.685          0.003
      21146.660      33391.190    1108051.008          0.002
      20479.963      32828.016    3618357.685          0.003
      20163.735      33712.666    3002584.694          0.003
      22170.983      32718.409    1123042.595          0.002
      21403.568      33608.206    6895481.494          0.002
      23758.378      32523.813    1123042.595          0.003
      24505.147      32571.858    1324360.052          0.003
      24505.147      32571.858    1324360.052          0.003
      25118.211      33396.541    1096243.115          0.003
      24505.147      32571.858    1324360.052          0.003
      25694.995      32787.339    1115860.804          0.003
      26249.859      32887.824    2160196.167          0.002
      27279.194      33228.868    1101273.541          0.003
      26249.859      32887.824    2160196.167          0.002
      25256.629      33582.739    1147483.164          0.003
      30260.355      32771.963    1127158.924          0.003
      31331.273      32629.753    2425686.706          0.003
      29571.488      32863.440    1082999.263          0.003
      30477.257      33746.691    1113621.264          0.002
      31439.423      32768.755    1144118.760          0.003
      32164.949      33701.242    1476423.314          0.003
      31331.273      32629.753    2425686.706          0.003
      30877.451      33321.819    1113621.264          0.003
      32140.611      32656.964    1144118.760          0.004
      33288.942      32695.571    1267199.028          0.004
      33288.942      32695.571    1267199.028          0.004
      34236.714      32525.369    1147543.949          0.003
      33288.942      32695.571    1267199.028          0.004
      32370.528      33517.305    1128060.082          0.004
      34708.223      32572.983    1147543.949          0.003
      35511.377      33719.693    1124280.451          0.003
      34625.920      32455.475    1903913.022          0.003
      33975.437      33647.151    1113549.155          0.004
      34625.920      32455.475    1903913.022          0.003
      35466.074      32610.226    1132302.661          0.003
      36280.409      32773.090    1132302.661          0.002
      36572.517      33780.476    1217698.847          0.003
      36276.467      32759.496    3233240.683          0.002
      36475.972      31880.078    1155614.983          0.002
      37041.166      33190.428    1130055.141          0.002
      36572.517      33780.476    1217698.847          0.003
      38078.798      32571.389    1130055.141          0.002
      39472.833      32656.318   11483845.440          0.002
      39472.833      32656.318   11483845.440          0.002
      39571.528      33655.721    4395663.612          0.002
      40484.826      32884.573    3616948.915          0.002
      40695.379      33449.798    2216335.087          0.003
      40484.826      32884.573    3616948.915          0.002
      39677.039      33566.633    1111930.302          0.002
      42501.330      32480.923     689187.432          0.005
      42424.967      33466.514    1111918.005          0.003
      42501.330      32480.923     689187.432          0.005
      41873.581      32817.705    1119615.690          0.004
      42501.330      32480.923     689187.432          0.005
      43265.081      32746.662    1132358.973          0.004
      42501.330      32480.923     689187.432          0.005
      42900.743      33072.322    1110505.641          0.003
      43689.149      32894.213    1008987.646          0.003
      44466.443      33108.137    1118579.896          0.003
      43689.149      32894.213    1008987.646          0.003
      43382.003      33784.910    1350627.577          0.003
      45649.236      32490.756     969337.636          0.002
      45757.188      33368.589    1102298.696          0.002
      45533.837      32577.264    1125498.774          0.003
      44729.201      33180.453     873551.051          0.003
      47704.576      32727.905    2083900.632          0.002
      47759.288      33913.408    1056353.233          0.002
      47843.437      32720.423    1118164.777          0.002
      49241.409      32645.094    1127421.649          0.002
      47810.339      32811.438    1118164.777          0.002
      48750.018      33553.604     599471.721          0.003
      49517.727      32630.205    2884956.304          0.002
      50291.915      32296.000    1142045.930          0.002
      49443.044      32720.034    1127421.649          0.002
      48750.018      33553.604     599471.721          0.003
      52693.909      32846.167    1138604.682          0.003
      53589.708      33659.869    5041292.256          0.002
      52643.193      32800.099    1751463.652          0.003
      52156.894      33434.161    1102483.687          0.002
      53581.183      32925.081    1142940.965          0.004
      54764.717      33279.784    2595941.386          0.003
      53436.861      32881.828     598124.661          0.004
      53589.708      33659.869    5041292.256          0.002
      55818.349      32767.856    1091807.212          0.004
      55664.436      33818.544    1135165.192          0.005
      55818.349      32767.856    1091807.212          0.004
      56130.730      33397.574    1120855.180          0.005
      55818.349      32767.856    1091807.212          0.004
      56629.897      33214.879    1133063.493          0.004
      55818.349      32767.856    1091807.212          0.004
      55054.549      33138.963    1143076.699          0.003
      57906.237      32675.780    1156717.505          0.003
      57849.551      33886.698    2230825.663          0.003
      59298.525      33418.139    1144338.244          0.003
      58741.367      34458.818     890297.114          0.002
      60428.835      32708.735    1144338.244          0.002
      61562.882      32859.392    7572125.516          0.002
      58455.135      33476.966    1144338.244          0.003
      57849.551      33886.698    2230825.663          0.003
      61607.844      32997.287    1137898.074          0.002
      61883.383      33842.347    2438226.153          0.003
      63552.235      32859.958    1519009.330          0.004
      62795.614      33305.352    1133050.386          0.004
      63552.235      32859.958    1519009.330          0.004
      63734.483      33524.048     612467.577          0.005
      63552.235      32859.958    1519009.330          0.004
      64716.230      32852.866    1112233.690          0.004
      66204.450      33223.195    1112233.690          0.003
      66844.650      33885.771    1011994.602          0.004
      65451.449      33337.742    1112233.690          0.003
      64583.452      34436.187    1127360.255          0.003
      65888.907      32845.415    1112233.690          0.003
      67288.800      32828.127    1076594.196          0.003
      64717.978      33207.340    1112233.690          0.004
      63734.483      33524.048     612467.577          0.005
      67344.240      33388.056    1076594.196          0.004
      66844.650      33885.771    1011994.602          0.004
      67914.029      32820.406    2188094.149          0.003
      67965.557      33738.120    3537133.869          0.003
      69753.342      32820.673    1038719.859          0.002
      69975.997      33670.177    1836530.996          0.002
      72822.931      33261.889     982830.663          0.002
      72907.227      34608.443    2563112.413          0.002
      72788.048      32704.675    2361274.329          0.001
      72175.468      33099.598    1237484.549          0.002
      73393.516      33240.638     982830.663          0.002
      74114.308      33878.687    1304514.221          0.003
      73030.548      32692.307     982830.663          0.002
      74428.731      32620.995     932937.411          0.002
      75497.589      33015.034     932937.411          0.002
      76164.029      33866.801    1967752.061          0.002
      74577.514      33305.103     932937.411          0.002
      74114.308      33878.687    1304514.221          0.003
      77867.939      32880.212     754228.402          0.002
      78560.854      33138.019     877507.838          0.002
      77867.939      32880.212     754228.402          0.002
      77785.409      33444.623     787933.583          0.003
      77867.939      32880.212     754228.402          0.002
      78574.643      32804.919     861975.886          0.001
      77370.419      33168.283     894338.962          0.002
      76164.029      33866.801    1967752.061          0.002
        792.853      33969.454     872267.103          0.001
       2104.439      34459.090     906793.675          0.001
       3301.344      33813.203     911779.492          0.002
       4689.745      33633.360     937431.723          0.002
       3039.979      33847.058     566519.735          0.002
       3879.810      34375.176     942955.050          0.001
       4813.020      33617.392    1786649.040          0.002
       5801.849      34406.078     974150.017          0.002
       5012.701      33626.709     937431.723          0.002
       6237.579      33683.862    1379586.882          0.002
       6658.212      33974.062     962851.583          0.003
       7810.573      34769.087    1018466.153          0.003
      10002.861      33816.446    1623186.788          0.002
      11215.118      33751.052    1053485.583          0.003
      10063.654      33961.455    1026597.999          0.003
      10346.798      34636.833    1168800.126          0.004
       9852.227      33898.478    1026597.999          0.003
       8622.721      34568.042    1018466.153          0.003
      14376.738      34061.266    1088960.507          0.004
      15007.466      34933.765    1246357.462          0.004
      15054.564      33686.100    1088960.507          0.004
      16383.021      33703.651    2160316.971          0.003
      14096.378      33673.440    2411216.722          0.003
      13124.024      34569.203    1093469.986          0.003
      16687.313      33713.086    1117264.360          0.004
      18086.641      33756.474    1124647.702          0.004
      16184.925      33880.802    1117264.360          0.004
      15141.343      34814.043    1117613.308          0.004
      18279.846      33762.464    1707120.964          0.004
      19010.530      34638.298    1116834.405          0.004
      18279.846      33762.464    1707120.964          0.004
      19191.188      33738.374    1116203.513          0.004
      20163.735      33712.666    3002584.694          0.003
      21016.846      34477.584    1641604.563          0.003
      19923.622      34015.681    1116203.513          0.003
      19225.792      34896.321    2051947.905          0.004
      21500.465      33737.892    1108051.008          0.002
      22338.431      34859.414    1086494.111          0.002
      24240.557      33734.417    1091128.353          0.002
      25256.629      33582.739    1147483.164          0.003
      22856.350      34202.158    1091128.353          0.002
      22360.926      34889.521    4583307.394          0.002
      25256.629      33582.739    1147483.164          0.003
      25790.275      34074.830    1069960.357          0.002
      25256.629      33582.739    1147483.164          0.003
      26035.056      33774.288    1088940.985          0.002
      26420.187      33804.646    1088940.985          0.002
      27815.840      33694.401    1101273.541          0.002
      30421.540      34937.022    1113621.264          0.003
      30336.275      35670.990    1292419.585          0.004
      31532.001      34802.632    1113621.264          0.003
      32402.669      35675.998    3314739.594          0.003
      30504.391      33840.024    1113621.264          0.002
      29226.198      34411.183    1084379.625          0.003
      32164.949      33701.242    1476423.314          0.003
      32851.064      34211.884    1113549.155          0.003
      32164.949      33701.242    1476423.314          0.003
      32324.632      35027.734    1096247.711          0.004
      35528.877      33744.679    1077143.793          0.003
      35586.061      34479.164     971035.257          0.003
      35528.877      33744.679    1077143.793          0.003
      36327.570      33772.075    1117174.788          0.003
      35528.877      33744.679    1077143.793          0.003
      34387.804      34233.825    1113549.155          0.004
      36572.517      33780.476    1217698.847          0.003
      36390.904      34938.057     770188.093          0.003
      36402.475      33900.914    1117174.788          0.003
      35586.061      34479.164     971035.257          0.003
      38271.645      33956.711    1106969.134          0.001
      38730.336      34901.855    5854892.777          0.002
      37116.688      34529.195    1106969.134          0.003
      36390.904      34938.057     770188.093          0.003
      40094.515      34286.483    1111930.302          0.003
      40638.304      34942.333    2185135.703          0.003
      39571.528      33655.721    4395663.612          0.002
      38863.691      34704.305    1087571.619          0.002
      40692.761      33518.261    1119615.690          0.003
      40639.263      34917.238    1090030.272          0.003
      41299.168      33615.048    1119615.690          0.003
      42390.321      33913.682    1710133.694          0.003
      42390.321      33913.682    1710133.694          0.003
      42338.220      34996.694    1074009.173          0.004
      42390.321      33913.682    1710133.694          0.003
      43345.729      33789.620    1110505.641          0.003
      42390.321      33913.682    1710133.694          0.003
      41333.046      34534.433    1090030.272          0.004
      43382.003      33784.910    1350627.577          0.003
      44247.429      33635.639    1107627.287          0.003
      45769.252      33466.693    2075961.904          0.002
      45696.430      34615.858    1061800.336          0.001
      45517.524      33488.194    1102298.696          0.002
      44694.905      33558.457    2298677.596          0.002
      46845.004      33818.090    1096569.147          0.001
      47801.340      34824.597    2341221.219          0.001
      46476.269      33689.791    1096569.147          0.001
      45693.842      34850.743    1061800.336          0.001
      48750.018      33553.604     599471.721          0.003
      49453.280      33601.544    1100437.686          0.002
      48750.018      33553.604     599471.721          0.003
      48265.561      34202.656    1056353.233          0.002
      51727.008      33702.243    1102483.687          0.002
      50891.025      32579.242    1142045.930          0.002
      51492.376      34160.466    1102483.687          0.002
      50790.479      34790.629     967733.565          0.002
      54059.980      34308.261    1125347.042          0.003
      54517.190      34938.643    1090217.814          0.004
      53589.708      33659.869    5041292.256          0.002
      52912.742      34836.775    1096362.139          0.002
      55661.085      33841.418     972347.356          0.005
      54793.793      33298.002    1143076.699          0.003
      55661.085      33841.418     972347.356          0.005
      56299.583      34261.520    1120855.180          0.004
      55661.085      33841.418     972347.356          0.005
      54663.621      34798.187    1108278.046          0.004
      57849.551      33886.698    2230825.663          0.003
      58579.412      34354.920    1117647.214          0.003
      57849.551      33886.698    2230825.663          0.003
      56739.102      34486.079    1120855.180          0.003
      60967.970      34407.858    1127409.256          0.003
      61723.023      34754.035    1498565.589          0.003
      59424.056      34105.270    1127409.256          0.002
      58741.367      34458.818     890297.114          0.002
      62185.364      34010.291    1133050.386          0.003
      63408.880      34690.738    1121963.414          0.003
      62993.902      33651.391    1133050.386          0.004
      63734.483      33524.048     612467.577          0.005
      61883.383      33842.347    2438226.153          0.003
      61723.023      34754.035    1498565.589          0.003
      63734.483      33524.048     612467.577          0.005
      64384.344      34256.978    1127360.255          0.004
      66844.650      33885.771    1011994.602          0.004
      66502.006      34649.578    1102572.056          0.004
      66841.168      33886.648    1114220.634          0.004
      65483.582      34228.639    1127360.255          0.004
      66844.650      33885.771    1011994.602          0.004
      67698.701      34673.162    1097699.369          0.004
      68025.239      33847.265    1093831.000          0.003
      68696.923      35075.614    1075138.985          0.003
      68372.452      33922.906    1093831.000          0.003
      69647.161      34501.799    1064091.078          0.004
      67944.070      34070.424    1093831.000          0.003
      67893.485      34852.743    1050047.527          0.004
      67965.557      33738.120    3537133.869          0.003
      69254.934      33694.546    1056666.145          0.003
      69975.997      33670.177    1836530.996          0.002
      70889.240      33202.316    1020838.530          0.002
      70165.245      33816.906    1056666.145          0.003
      71038.277      34493.790     862369.385          0.003
      69982.704      33773.753    1056666.145          0.002
      70041.434      34680.853    1289545.682          0.003
      74114.308      33878.687    1304514.221          0.003
      74578.550      34745.189     959083.530          0.002
      74453.516      34058.050     988346.698          0.003
      75691.147      34712.473     956477.873          0.004
      74114.308      33878.687    1304514.221          0.003
      75430.691      33871.054     948627.754          0.003
      74114.308      33878.687    1304514.221          0.003
      73161.903      34454.476    1012187.518          0.002
      76147.769      33960.567     948627.754          0.002
      75989.985      34870.489     652666.050          0.003
      76206.105      33855.845     948627.754          0.002
      77560.930      33503.073     907972.593          0.003
      76164.029      33866.801    1967752.061          0.002
      76777.304      34551.078    1183251.145          0.003
      77785.409      33444.623     787933.583          0.003
      78317.678      33964.964     899705.303          0.002
      77687.757      33551.801     907972.593          0.003
      76777.304      34551.078    1183251.145          0.003
      79830.919      33858.602     877507.838          0.000
      79065.822      34696.343    3494972.805          0.000
       1183.629      35435.077     883866.569          0.001
       1909.301      35889.498     915056.481          0.001
       2100.378      34993.362     906793.675          0.001
       1909.301      35889.498     915056.481          0.001
       3283.468      35367.687     906793.675          0.002
       3863.045      35836.079    1015146.380          0.002
       4107.822      35056.169     942955.050          0.002
       3863.045      35836.079    1015146.380          0.002
       6371.198      35047.533     974150.017          0.002
       6860.519      35668.488     872613.224          0.002
       5568.630      35070.347     974150.017          0.002
       5003.656      35805.389     751975.945          0.003
       8005.985      34903.904    4591332.100          0.003
       7530.626      35845.437    1003876.063          0.002
       8005.985      34903.904    4591332.100          0.003
       8223.881      36226.490    1021708.613          0.002
       9382.161      34746.892    1018466.153          0.004
      10346.798      34636.833    1168800.126          0.004
       8260.756      35077.756    1018466.153          0.003
       9353.672      35823.545    4483447.584          0.003
       7914.162      34965.194    1018466.153          0.003
       6860.519      35668.488     872613.224          0.002
      10346.798      34636.833    1168800.126          0.004
       9721.094      35384.503    1053557.010          0.003
      10506.363      34851.542    1054432.363          0.004
      11140.021      35704.184    1027233.141          0.004
      10346.798      34636.833    1168800.126          0.004
      11498.637      34537.719    1079641.440          0.003
      12699.645      34971.428    1079641.440          0.003
      13279.992      35786.472    2062337.978          0.003
      11635.975      35191.891    1079641.440          0.003
      11140.021      35704.184    1027233.141          0.004
      12357.770      34469.296    1079641.440          0.002
      13068.687      34620.181    1779127.267          0.003
      13921.959      34758.192    1093469.986          0.004
      15007.466      34933.765    1246357.462          0.004
      13068.687      34620.181    1779127.267          0.003
      13279.992      35786.472    2062337.978          0.003
      15007.466      34933.765    1246357.462          0.004
      15785.966      34784.154    1122772.635          0.004
      15007.466      34933.765    1246357.462          0.004
      13954.692      35453.430    1101918.756          0.004
      16307.280      34987.051    1122772.635          0.003
      15094.921      35687.183    1109482.554          0.003
      18092.298      34703.049    1122772.635          0.004
      19225.792      34896.321    2051947.905          0.004
      19225.792      34896.321    2051947.905          0.004
      19115.914      35813.171    1102501.398          0.003
      19225.792      34896.321    2051947.905          0.004
      20426.490      34615.605    1104497.480          0.003
      19408.156      34975.130    1116834.405          0.004
      20693.285      35530.506    1092963.707          0.004
      21039.336      34610.785    1104497.480          0.003
      21234.087      35764.217    1859725.428          0.003
      21016.846      34477.584    1641604.563          0.003
      21866.367      34737.948    1086494.111          0.003
      22254.815      35589.697    1086494.111          0.003
      22094.311      36648.788    1780046.027          0.003
      22360.926      34889.521    4583307.394          0.002
      23124.619      35909.563    1071617.389          0.002
      24753.799      34886.657    1068083.600          0.001
      26150.376      34788.822    1069960.357          0.001
      23923.974      35321.964    1068083.600          0.002
      23160.383      35957.332    1741820.183          0.002
      24418.937      34910.115   82937823.156          0.001
      25331.348      35806.361    1059752.163          0.001
      26489.652      34887.818    1069960.357          0.001
      26098.532      35966.735    2093743.638          0.001
      27330.317      34748.178    1069960.357          0.002
      28517.759      34727.748    4734584.018          0.002
      28458.739      35223.506    1084379.625          0.002
      28371.802      35953.758    1472630.074          0.003
      34217.083      34583.771    1113549.155          0.003
      35586.061      34479.164     971035.257          0.003
      33184.708      34891.333    1113549.155          0.003
      32402.669      35675.998    3314739.594          0.003
      35586.061      34479.164     971035.257          0.003
      35012.636      35156.262    1079873.583          0.003
      35586.061      34479.164     971035.257          0.003
      36333.215      34905.165    1095801.614          0.003
      36390.904      34938.057     770188.093          0.003
      36332.381      35690.954    1069656.802          0.002
      38730.336      34901.855    5854892.777          0.002
      38727.580      35627.717    1566615.943          0.002
      40759.385      34997.190    1090030.272          0.003
      42034.609      35574.945    1074009.173          0.003
      40638.304      34942.333    2185135.703          0.003
      40450.122      35569.434    1256928.594          0.003
      43678.374      34722.348    1087991.625          0.002
      43496.418      36110.473    1051828.516          0.003
      43974.657      34903.527    1087991.625          0.002
      44721.299      35917.367    1278573.357          0.002
      43790.507      34448.490    1087991.625          0.002
      44694.905      33558.457    2298677.596          0.002
      43123.693      35016.215    1087991.625          0.003
      42304.519      35697.231    2596448.741          0.003
      45733.772      35591.273    1061800.336          0.002
      45809.458      36610.344    1267325.607          0.002
      47801.340      34824.597    2341221.219          0.001
      47789.413      36132.164    1038300.555          0.001
      47801.340      34824.597    2341221.219          0.001
      46832.508      35429.571    1047389.254          0.001
      49942.119      34800.130    1058612.286          0.002
      50790.479      34790.629     967733.565          0.002
      49029.650      35265.345    1058612.286          0.002
      49809.213      35906.474    4548512.752          0.002
      50865.409      34877.701    1076281.804          0.002
      51417.853      35519.670    1742448.094          0.003
      50790.479      34790.629     967733.565          0.002
      50017.417      35669.716    1055516.018          0.002
      53529.139      35485.688    1096362.139          0.003
      54524.518      36470.179    1083972.803          0.003
      52902.716      35855.956    1096362.139          0.003
      52907.695      36989.341    1550616.277          0.004
      53768.474      34903.102    1096362.139          0.003
      54517.190      34938.643    1090217.814          0.004
      52637.408      34977.749    1096362.139          0.002
      51417.853      35519.670    1742448.094          0.003
      54517.190      34938.643    1090217.814          0.004
      54567.643      35957.942    1083972.803          0.004
      54517.190      34938.643    1090217.814          0.004
      54716.842      33600.629    1143076.699          0.003
      56685.146      34515.202    2648326.486          0.003
      57482.743      34915.204    1093180.857          0.003
      56685.146      34515.202    2648326.486          0.003
      55973.109      35472.526    1091880.249          0.003
      58741.367      34458.818     890297.114          0.002
      58731.865      35304.212    1093180.857          0.002
      59992.328      34875.906    1114037.351          0.002
      60945.376      35797.707    4361455.666          0.002
      60964.517      34681.790    1114037.351          0.003
      61723.023      34754.035    1498565.589          0.003
      59560.851      34665.831    1114037.351          0.002
      58729.211      35540.318    6637437.608          0.002
      61723.023      34754.035    1498565.589          0.003
      62400.187      35618.464    1094825.915          0.003
      62235.312      34763.194    1116793.294          0.003
      63582.471      34787.279    2624492.394          0.003
      63662.116      34760.749    1121963.414          0.003
      64564.503      34460.166    2600414.104          0.003
      63582.471      34787.279    2624492.394          0.003
      63976.900      35465.812    4573546.567          0.003
      64564.503      34460.166    2600414.104          0.003
      65462.423      35191.788    1102572.056          0.003
      67893.485      34852.743    1050047.527          0.004
      68009.237      35579.172    1161856.418          0.004
      67893.485      34852.743    1050047.527          0.004
      66838.793      35317.467    1102572.056          0.003
      70041.434      34680.853    1289545.682          0.003
      69690.218      35491.392    1061387.280          0.002
      70041.434      34680.853    1289545.682          0.003
      71038.277      34493.790     862369.385          0.003
      70041.434      34680.853    1289545.682          0.003
      69022.175      35416.683    1075138.985          0.003
      71038.277      34493.790     862369.385          0.003
      71743.328      33629.400    1001976.817          0.003
      71038.277      34493.790     862369.385          0.003
      72040.720      34555.286    1012187.518          0.003
      71038.277      34493.790     862369.385          0.003
      71071.813      33718.407    1020838.530          0.002
      72789.467      34365.627    1012187.518          0.002
      72178.550      33105.953    1001976.817          0.002
      72907.227      34608.443    2563112.413          0.002
      71932.326      35497.961    1019546.405          0.002
      75989.985      34870.489     652666.050          0.003
      76777.304      34551.078    1183251.145          0.003
      75989.985      34870.489     652666.050          0.003
      75440.690      35324.703     959083.530          0.002
      76777.304      34551.078    1183251.145          0.003
      76869.395      35292.097     898825.577          0.002
      76777.304      34551.078    1183251.145          0.003
      77740.188      34974.696     901332.811          0.002
      79065.822      34696.343    3494972.805          0.000
      78956.027      35509.600    1901306.398          0.001
      79657.521      34961.479     888249.994          0.000
      78956.027      35509.600    1901306.398          0.001
       1153.457      35820.136     891946.297          0.001
       1909.301      35889.498     915056.481          0.001
       1909.301      35889.498     915056.481          0.001
       1165.905      36218.579     876907.415          0.001
       2582.896      35871.080     918924.837          0.002
       3863.045      35836.079    1015146.380          0.002
       3863.045      35836.079    1015146.380          0.002
       4042.559      36724.616     932878.528          0.001
       3991.499      35832.623     953662.387          0.003
       5003.656      35805.389     751975.945          0.003
       3918.314      35868.733     953662.387          0.003
       4973.703      36492.284    1084916.193          0.002
       5335.424      35780.929     975237.589          0.003
       6731.634      35677.990    1007490.099          0.003
       5003.656      35805.389     751975.945          0.003
       4973.703      36492.284    1084916.193          0.002
       6851.226      35672.545    1007490.099          0.002
       5568.185      36232.729     964363.730          0.003
       9524.747      36139.056    1053557.010          0.003
      10192.068      37369.781    1036860.260          0.003
      10337.464      36311.969    1053557.010          0.004
      11000.782      36641.287     934932.888          0.004
       9353.672      35823.545    4483447.584          0.003
       8883.659      36703.570     635730.877          0.003
      11140.021      35704.184    1027233.141          0.004
      11000.782      36641.287     934932.888          0.004
      11140.021      35704.184    1027233.141          0.004
      11891.027      36046.884    1084825.881          0.004
      11140.021      35704.184    1027233.141          0.004
      12509.061      35756.827    1101918.756          0.004
      13286.535      35786.317    1101918.756          0.003
      14686.143      35753.198    1109482.554          0.003
      14993.190      35745.932    3074066.316          0.003
      13955.868      36336.752    1084825.881          0.003
      14993.190      35745.932    3074066.316          0.003
      16017.473      35805.728    1105350.821          0.003
      17689.000      36045.651    1105350.821          0.002
      18945.568      36662.932    1081810.843          0.002
      18124.192      35892.715    1105350.821          0.003
      19105.058      35903.759    1983986.194          0.003
      16619.928      36174.161    1105350.821          0.003
      15316.423      36684.919    1087159.566          0.003
      19926.336      36227.147    1102501.398          0.004
      21041.385      36666.210     738309.759          0.004
      19773.455      35859.951    1102501.398          0.003
      21170.458      35768.387    1092963.707          0.003
      21234.087      35764.217    1859725.428          0.003
      21991.641      36543.212    1073360.233          0.003
      21234.087      35764.217    1859725.428          0.003
      21041.385      36666.210     738309.759          0.004
      23159.530      35995.989    1071617.389          0.002
      23128.642      37395.649    1038867.260          0.002
      22750.100      36223.443    1071617.389          0.002
      22094.311      36648.788    1780046.027          0.003
      25527.198      36023.881    1059752.163          0.001
      26199.129      36798.763    2716030.447          0.002
      25380.127      35854.277  116219516.853          0.001
      24275.233      36566.967   88009169.201          0.001
      26651.038      36417.513    1060714.522          0.002
      27270.247      36922.713    1380770.505          0.002
      27597.200      35958.180    1060714.522          0.003
      28371.802      35953.758    1472630.074          0.003
      26098.532      35966.735    2093743.638          0.001
      26199.129      36798.763    2716030.447          0.002
      29217.413      35832.040    1078824.332          0.004
      30336.275      35670.990    1292419.585          0.004
      28371.802      35953.758    1472630.074          0.003
      27441.948      36771.680    1060318.297          0.003
      28371.802      35953.758    1472630.074          0.003
      29196.000      36777.301    2150087.940          0.002
      30336.275      35670.990    1292419.585          0.004
      31139.580      36707.606    1079848.655          0.003
      30336.275      35670.990    1292419.585          0.004
      29636.813      36349.618    1074413.893          0.003
      30336.275      35670.990    1292419.585          0.004
      31716.370      35674.335    1096247.711          0.004
      32402.669      35675.998    3314739.594          0.003
      33153.049      36498.507    1066496.135          0.003
      32209.630      35863.822    1096247.711          0.003
      31226.776      36820.126    2129773.994          0.003
      34328.774      35963.761   14618974.275          0.002
      34472.244      37336.409    1039366.270          0.002
      34400.084      35961.073    1079873.583          0.002
      35799.090      35908.325    1069656.802          0.002
      34206.878      36110.285    1079873.583          0.002
      33535.320      36917.523    2894520.424          0.003
      36317.002      35888.798    3403187.325          0.002
      37332.646      35741.154    1070055.368          0.001
      36317.002      35888.798    3403187.325          0.002
      35462.986      36935.876    1051634.279          0.002
      38864.356      35821.970    1072021.985          0.002
      39653.701      36943.017    3136569.876          0.002
      39649.246      35596.532    1072021.985          0.003
      40450.122      35569.434    1256928.594          0.003
      38727.580      35627.717    1566615.943          0.002
      38046.374      36202.001    1049260.364          0.002
      40611.169      35725.255    1078259.586          0.004
      41612.579      36694.164    1122417.383          0.004
      40539.281      35575.579    1078259.586          0.003
      41935.969      35671.832    1074009.173          0.003
      40450.122      35569.434    1256928.594          0.003
      40001.640      36342.928    1048284.390          0.003
      42254.611      35769.137    1074009.173          0.003
      41612.579      36694.164    1122417.383          0.004
      44852.929      36175.019    1056553.712          0.003
      45489.856      37421.744    1033022.123          0.003
      44721.299      35917.367    1278573.357          0.002
      44258.082      36715.468    1037504.168          0.003
      44721.299      35917.367    1278573.357          0.002
      45571.906      36459.062    1043722.146          0.002
      44721.299      35917.367    1278573.357          0.002
      43858.521      36469.942    1051828.516          0.002
      49809.758      35919.004    1055516.018          0.002
      49845.252      36735.247     979156.056          0.003
      50638.553      35707.056    1055516.018          0.003
      51417.853      35519.670    1742448.094          0.003
      51988.539      36082.629    1075655.786          0.003
      52907.695      36989.341    1550616.277          0.004
      51417.853      35519.670    1742448.094          0.003
      51428.996      36524.059    1918262.979          0.003
      55686.306      35858.128    5651745.947          0.003
      56703.906      36380.182    1077803.331          0.002
      55458.874      36000.722    1091880.249          0.003
      54596.522      36541.395    2988531.769          0.003
      58386.741      36347.477    1093180.857          0.003
      57894.101      37508.566     914010.698          0.003
      58265.591      35783.964    1093180.857          0.002
      57026.304      36435.245    1077803.331          0.002
      60959.937      35835.748    1093010.450          0.002
      61460.403      37143.240    1042168.910          0.002
      61359.125      35890.475    1093010.450          0.002
      62725.209      36196.769    1094825.915          0.002
      60945.376      35797.707    4361455.666          0.002
      59980.980      36375.334    1069658.255          0.002
      63976.900      35465.812    4573546.567          0.003
      64561.748      36411.024    1076072.980          0.003
      64535.722      35520.150    1110660.551          0.003
      65929.150      35655.641    1102572.056          0.003
      66539.969      36199.981    1102572.056          0.003
      67491.999      37226.450    1055955.845          0.003
      65982.291      35973.119    1102572.056          0.003
      65698.759      37344.107    1048958.283          0.003
      66828.479      35631.963    1102572.056          0.003
      68009.237      35579.172    1161856.418          0.004
      68009.237      35579.172    1161856.418          0.004
      68779.195      36513.788    1060182.083          0.003
      68009.237      35579.172    1161856.418          0.004
      67836.211      36853.363    1055955.845          0.004
      68906.057      35739.956    1075138.985          0.003
      68849.226      36598.796    1652841.726          0.003
      69935.428      35892.205    1061387.280          0.003
      70854.421      36842.816    1558436.636          0.003
      71689.349      35762.176    1019546.405          0.002
      72727.275      36701.702     975101.838          0.002
      73696.957      35845.651     979684.315          0.001
      72957.679      36910.263    9686825.639          0.001
      73967.393      35601.872     979684.315          0.001
      75058.398      35640.820    2114913.127          0.001
      75058.398      35640.820    2114913.127          0.001
      75994.917      36258.014     898825.577          0.002
      78956.027      35509.600    1901306.398          0.001
      79088.493      36462.671     878367.135          0.000
      78847.408      35594.182     901332.811          0.001
      77742.808      36454.332     898825.577          0.001
      79961.774      35763.220     891029.249          0.000
      79137.868      36817.912   54615078.631          0.000
        741.182      37044.648     876907.415          0.001
       1912.010      37534.276    2147873.632          0.001
       2976.815      36957.494     894981.388          0.001
       4095.718      36987.740    1428329.412          0.001
       4360.885      36838.103     932878.528          0.001
       4973.703      36492.284    1084916.193          0.002
       4146.121      37009.105     932878.528          0.001
       5435.093      37555.503     953407.269          0.001
       4973.703      36492.284    1084916.193          0.002
       6251.461      36528.242    1003876.063          0.002
       7228.413      36628.251    1003876.063          0.002
       8016.268      37677.808    8979077.311          0.002
       8300.792      36693.327    6586694.793          0.002
       8016.268      37677.808    8979077.311          0.002
       8996.206      36774.839    1032578.819          0.003
      10179.005      37523.830    1036860.260          0.003
       8883.659      36703.570     635730.877          0.003
       8389.588      37258.502     994899.868          0.002
      11000.782      36641.287     934932.888          0.004
      12086.812      37523.621    1055789.953          0.004
      11000.782      36641.287     934932.888          0.004
      11867.548      36662.833    1084825.881          0.004
      13613.083      36699.686    1084825.881          0.003
      15013.078      36703.255    1087159.566          0.003
      12729.445      37164.340    1084825.881          0.003
      12178.775      37598.334     723769.072          0.004
      15267.969      36703.905    5287477.300          0.003
      14604.873      37516.104    1045128.805          0.002
      15267.969      36703.905    5287477.300          0.003
      16467.870      36846.739    1077101.115          0.003
      17821.526      36907.172    1077101.115          0.002
      19146.932      36761.851    5259500.416          0.002
      17375.449      36961.294    1077101.115          0.002
      16396.821      37962.437    1044483.473          0.002
      19284.235      36882.042    1081810.843          0.002
      20043.747      37546.896    1710873.781          0.003
      21041.385      36666.210     738309.759          0.004
      21853.249      36652.777    1073360.233          0.003
      21041.385      36666.210     738309.759          0.004
      21264.274      37815.385    1030731.327          0.004
      21041.385      36666.210     738309.759          0.004
      20451.946      37186.550    1060134.743          0.003
      21957.700      37050.016    1073360.233          0.003
      21506.460      38375.302    1030731.327          0.003
      24273.221      36950.586    1056032.568          0.001
      24265.877      38350.566    1017662.937          0.001
      23848.627      37028.856    1056032.568          0.002
      23119.311      37818.492    4721648.911          0.002
      26199.129      36798.763    2716030.447          0.002
      26335.683      38061.058    1016351.700          0.002
      26437.793      37051.406    1053986.703          0.002
      27338.803      38005.188    1185803.094          0.002
      27734.748      36887.639    1060318.297          0.003
      29130.774      36782.226    1074413.893          0.003
      27270.247      36922.713    1380770.505          0.002
      27325.924      37801.829    1032741.575          0.002
      27270.247      36922.713    1380770.505          0.002
      28447.752      37415.069    1052638.704          0.003
      29983.803      36793.914    1074413.893          0.003
      31226.776      36820.126    2129773.994          0.003
      31226.776      36820.126    2129773.994          0.003
      31473.967      37826.591    2388853.767          0.003
      31226.776      36820.126    2129773.994          0.003
      32366.205      36868.198    1066496.135          0.004
      33535.320      36917.523    2894520.424          0.003
      33638.811      37625.724    1407293.531          0.002
      32353.991      37438.496    1066496.135          0.004
      31473.967      37826.591    2388853.767          0.003
      35438.316      36966.123   17020133.269          0.002
      36426.393      37788.652    1010330.456          0.002
      35438.316      36966.123   17020133.269          0.002
      36699.701      36780.969    1049260.364          0.002
      35438.316      36966.123   17020133.269          0.002
      34525.714      37847.983    9519917.922          0.002
      37758.284      36940.005    1049260.364          0.001
      38599.344      37835.422    6836942.582          0.002
      38755.580      36826.599    1049260.364          0.002
      39653.701      36943.017    3136569.876          0.002
      40733.919      36805.788    1048284.390          0.003
      41612.579      36694.164    1122417.383          0.004
      40579.972      37340.637    1048284.390          0.003
      41620.862      37787.460    1374048.125          0.003
      39653.701      36943.017    3136569.876          0.002
      39374.645      37615.263    1958184.147          0.002
      41612.579      36694.164    1122417.383          0.004
      41620.862      37787.460    1374048.125          0.003
      42388.223      37345.533    1051828.516          0.003
      41620.862      37787.460    1374048.125          0.003
      45809.458      36610.344    1267325.607          0.002
      46396.182      37628.674    1031254.769          0.002
      45809.458      36610.344    1267325.607          0.002
      46575.070      36736.718    1038300.555          0.002
      45780.794      36773.211    1043722.146          0.002
      45621.353      37679.136     866560.361          0.003
      48172.795      37622.292    1038300.555          0.001
      48709.455      38565.006    2196853.043          0.002
      47200.050      37287.300    1038300.555          0.001
      46457.691      37735.431    2093593.080          0.002
      49845.252      36735.247     979156.056          0.003
      49677.812      37753.387    2133620.051          0.002
      50429.917      36657.283    1054967.695          0.003
      51428.996      36524.059    1918262.979          0.003
      51392.640      36650.857    1071391.190          0.003
      51006.775      37996.632    1030469.356          0.003
      51428.996      36524.059    1918262.979          0.003
      52438.657      37473.331    1071312.693          0.003
      51428.996      36524.059    1918262.979          0.003
      50484.511      37187.085    1048301.402          0.003
      51699.384      36609.138    1071391.190          0.003
      52907.695      36989.341    1550616.277          0.004
      52907.695      36989.341    1550616.277          0.004
      54159.310      36657.362    1083972.803          0.003
      52960.136      37018.302    1078944.123          0.004
      54185.663      37695.121    1068491.468          0.004
      54589.790      36623.086    1083972.803          0.003
      54487.693      37861.922    1680083.028          0.003
      57082.650      36660.915    1077803.331          0.002
      57894.101      37508.566     914010.698          0.003
      58582.647      37145.752    1069658.255          0.002
      57894.101      37508.566     914010.698          0.003
      64564.287      36819.125    1076072.980          0.002
      63242.448      36357.887    1094825.915          0.002
      65089.181      37224.560    1076072.980          0.002
      65578.907      37923.639    2471452.600          0.003
      64883.596      37133.984    1076072.980          0.002
      64887.076      38533.980    1035258.307          0.002
      68849.226      36598.796    1652841.726          0.003
      68925.287      37399.547    1030573.770          0.003
      68853.680      36607.087    1060182.083          0.003
      69516.205      37840.400    1026038.744          0.004
      68849.226      36598.796    1652841.726          0.003
      69952.993      37272.603    1014913.203          0.004
      68849.226      36598.796    1652841.726          0.003
      69968.451      36734.998    1021418.557          0.004
      68849.226      36598.796    1652841.726          0.003
      67855.206      37414.594    1055955.845          0.003
      70854.421      36842.816    1558436.636          0.003
      71636.554      37464.830     994852.174          0.002
      70854.421      36842.816    1558436.636          0.003
      71643.295      36868.113     975101.838          0.003
      70854.421      36842.816    1558436.636          0.003
      70894.064      37847.092    2522060.995          0.003
      73128.447      37020.224     975101.838          0.002
      74157.420      37682.800    1925586.864          0.002
      75274.281      37091.966     944923.271          0.001
      75940.677      37921.237    1886056.530          0.001
      79070.742      37526.631     878367.135          0.001
      78971.820      38571.043    1139787.960          0.001
      79137.868      36817.912   54615078.631          0.000
      79999.787      37754.870     875389.019          0.000
      78403.087      37340.524     878367.135          0.001
      77820.544      37754.857     940032.390          0.002
        701.699      37674.060     873857.446          0.001
       1912.010      37534.276    2147873.632          0.001
        620.623      38261.715     873857.446          0.001
       1214.780      38746.725     888303.839          0.001
       1779.126      37765.355     892143.034          0.001
       1214.780      38746.725     888303.839          0.001
       2631.491      38317.281     892143.034          0.002
       3251.138      38991.637     591939.288          0.002
       2115.605      37548.306     892143.034          0.001
       3512.292      37644.554     920796.833          0.001
       4946.469      38303.252     953407.269          0.002
       4055.255      38864.197     943670.243          0.002
       8077.457      38014.905     994899.868          0.002
       8253.769      38986.220    4372239.058          0.002
       7949.154      37721.605     994899.868          0.002
       6776.712      38486.705     962741.392          0.002
      10964.999      38052.736    1036860.260          0.003
      12121.594      38841.588    1031499.640          0.003
      11345.776      37606.717    1036860.260          0.004
      12178.775      37598.334     723769.072          0.004
      10298.968      38184.756    1036860.260          0.003
      10263.656      38923.690    1094615.236          0.004
      10148.754      37734.155    1036860.260          0.003
       8980.691      38505.924     994973.419          0.003
      12178.775      37598.334     723769.072          0.004
      12149.571      38537.061    1031499.640          0.003
      14360.212      38063.880    1045128.805          0.002
      15647.432      38614.395    1019860.722          0.002
      14601.903      37996.305    1045128.805          0.002
      16001.851      37984.279    1044483.473          0.002
      12959.908      38515.517    1045128.805          0.003
      12139.713      38853.946    2951172.429          0.003
      16419.044      37975.825    1044483.473          0.002
      17807.522      37796.584    1051766.868          0.002
      18263.996      37810.320    1051766.868          0.002
      19093.162      38938.364    1018092.728          0.002
      17897.773      37932.242    1051766.868          0.002
      16693.656      38646.456    1019860.722          0.002
      19254.768      37631.923    1051766.868          0.003
      20043.747      37546.896    1710873.781          0.003
      20342.721      37780.927    1060134.743          0.003
      21421.353      38625.260    2304030.790          0.003
      23119.311      37818.492    4721648.911          0.002
      23531.217      38683.732    2267061.887          0.002
      22068.511      38317.769    1038867.260          0.003
      21421.353      38625.260    2304030.790          0.003
      25476.894      37719.884    1033555.014          0.001
      26396.344      38621.799   24010118.054          0.001
      25261.232      37776.877    1033555.014          0.001
      24264.971      38523.335    9035120.189          0.001
      27608.420      37963.132    1032741.575          0.002
      28991.693      37747.362    1052638.704          0.002
      27338.803      38005.188    1185803.094          0.002
      26687.322      38431.424    1016351.700          0.001
      29196.122      37829.828    1052638.704          0.002
      29379.615      38763.800    4350818.057          0.002
      31495.113      37879.920    1058604.761          0.003
      32011.167      39181.338    1037763.676          0.004
      31167.972      38347.784    1058604.761          0.004
      30459.158      39555.088    1040481.426          0.004
      31473.967      37826.591    2388853.767          0.003
      32478.040      38296.710    1036174.222          0.004
      31473.967      37826.591    2388853.767          0.003
      32432.635      37737.640    1051231.080          0.004
      31473.967      37826.591    2388853.767          0.003
      30640.271      38199.665    1037322.827          0.004
      33638.811      37625.724    1407293.531          0.002
      33448.564      38751.119    2327700.423          0.003
      34403.637      38558.424    1039366.270          0.002
      34195.981      39766.896    3027137.057          0.002
      38621.607      37864.733    1026561.391          0.002
      39389.032      38875.103    3089337.504          0.002
      38599.344      37835.422    6836942.582          0.002
      37682.981      38379.879    1010330.456          0.001
      39887.939      38177.532    1033503.924          0.003
      40643.386      39005.060    1085425.677          0.003
      40563.196      37706.379    1033503.924          0.003
      41620.862      37787.460    1374048.125          0.003
      39374.645      37615.263    1958184.147          0.002
      39387.290      38722.523    1005885.882          0.002
      41620.862      37787.460    1374048.125          0.003
      42320.885      37699.884    1037504.168          0.003
      41620.862      37787.460    1374048.125          0.003
      40783.508      38830.516    1006002.356          0.003
      43588.809      37752.099    1037504.168          0.002
      42672.107      38810.238    1006997.194          0.002
      44712.440      37597.825    1037504.168          0.003
      45621.353      37679.136     866560.361          0.003
      45621.353      37679.136     866560.361          0.003
      45770.523      38606.866    1007888.629          0.002
      45621.353      37679.136     866560.361          0.003
      44961.316      38068.538    1004980.662          0.003
      46403.015      37816.958    1031254.769          0.002
      45790.392      38730.438     967746.441          0.002
      49890.862      38005.533    1048301.402          0.002
      50722.139      38989.352    3651066.037          0.002
      49677.812      37753.387    2133620.051          0.002
      48996.634      38324.309    1022675.331          0.002
      52596.823      37622.037    4199563.433          0.003
      52644.542      38984.463    1023717.094          0.003
      53113.048      37687.528    1071312.693          0.004
      54487.693      37861.922    1680083.028          0.003
      52432.547      37741.853    1071312.693          0.003
      51301.439      38566.835    1030469.356          0.003
      54487.693      37861.922    1680083.028          0.003
      54610.949      39010.535    1021149.666          0.003
      54487.693      37861.922    1680083.028          0.003
      53960.013      38435.693    1041220.722          0.003
      54487.693      37861.922    1680083.028          0.003
      55378.867      38499.591    1040719.988          0.003
      56180.612      38153.069    1059650.084          0.002
      55645.662      38690.493    1160499.347          0.003
      57064.898      37572.503    1059650.084          0.002
      57894.101      37508.566     914010.698          0.003
      57894.101      37508.566     914010.698          0.003
      58843.728      37781.773     700095.942          0.003
      58843.728      37781.773     700095.942          0.003
      59639.420      38608.529    1017827.124          0.002
      58843.728      37781.773     700095.942          0.003
      59646.014      37727.863    1043441.096          0.002
      58843.728      37781.773     700095.942          0.003
      58145.560      38268.577    1029396.688          0.002
      60441.179      38107.740    1043441.096          0.002
      59746.411      38719.697    1476945.970          0.002
      61680.306      37717.746    2936848.347          0.001
      61849.845      39066.821     997073.181          0.002
      61680.306      37717.746    2936848.347          0.001
      62585.956      38767.587    1010983.008          0.002
      61961.485      37720.077    1042168.910          0.002
      63361.437      37731.686    1047506.346          0.002
      62080.344      37222.385    1042168.910          0.002
      62880.484      36231.584   11201995.023          0.002
      61680.306      37717.746    2936848.347          0.001
      61100.248      38631.168    1007363.139          0.001
      64000.112      37989.526    1047506.346          0.002
      64887.098      38542.938    5036275.410          0.002
      66265.743      37790.300    1048958.283          0.003
      67640.084      37523.492    1055955.845          0.003
      65821.385      38150.027    1048958.283          0.003
      66609.318      38885.673     911926.686          0.003
      67510.687      37790.848    1055955.845          0.003
      66620.845      38871.672    1037287.468          0.003
      67748.058      37502.530    3458104.999          0.003
      67613.962      38526.014     847279.285          0.004
      70885.530      38466.693    1014913.203          0.003
      70867.630      39766.220    1447511.383          0.003
      70982.302      37946.362    1014913.203          0.003
      71834.872      38905.522    1385360.252          0.003
      70871.527      37865.044    1014913.203          0.003
      69931.621      38613.713    1620818.878          0.003
      72898.670      38200.641     994852.174          0.003
      74015.071      38703.493    2048495.528          0.003
      72314.485      37834.803     994852.174          0.002
      73709.747      37719.724     958315.564          0.002
      74238.381      37853.303     958315.564          0.002
      74739.582      38908.833    3535234.681          0.002
      74120.854      37944.988     958315.564          0.002
      74015.071      38703.493    2048495.528          0.003
      74250.382      37695.230     958315.564          0.002
      75638.033      37880.771     931069.645          0.002
      75947.437      37982.044     931069.645          0.002
      76102.131      39373.471     937711.128          0.002
      75940.677      37921.237    1886056.530          0.001
      76746.269      38607.811     672984.206          0.002
      75632.533      38174.607     931069.645          0.002
      74739.582      38908.833    3535234.681          0.002
      77820.544      37754.857     940032.390          0.002
      77867.526      38945.924     907096.100          0.002
      77820.544      37754.857     940032.390          0.002
      78777.963      38433.610     893367.790          0.001
      77652.983      37887.897     900369.598          0.002
      76746.269      38607.811     672984.206          0.002
      79603.265      38069.942     875389.019          0.001
      78971.820      38571.043    1139787.960          0.001
        164.261      38896.554     881397.178          0.000
       1146.263      39620.193    9636971.348          0.000
       1214.780      38746.725     888303.839          0.001
       1159.301      39453.976     892116.334          0.001
       1998.262      38840.954     891893.264          0.002
       3251.138      38991.637     591939.288          0.002
       3251.138      38991.637     591939.288          0.002
       4055.255      38864.197     943670.243          0.002
       3251.138      38991.637     591939.288          0.002
       3174.216      39803.578     922441.093          0.001
       3251.138      38991.637     591939.288          0.002
       2545.813      39202.260     892116.334          0.002
       4175.372      38951.929     931176.647          0.002
       5036.413      39580.819     701150.392          0.003
       4055.255      38864.197     943670.243          0.002
       3469.870      39608.454     922441.093          0.002
       5686.991      39178.847     962741.392          0.002
       5036.413      39580.819     701150.392          0.003
       8253.769      38986.220    4372239.058          0.002
       8032.725      39567.166    1231416.845          0.003
       8555.797      39563.504     994973.419          0.003
       9204.802      40803.985    1014676.334          0.003
      10263.656      38923.690    1094615.236          0.004
       9796.130      39798.247    1014676.334          0.004
      10263.656      38923.690    1094615.236          0.004
      11457.302      38879.315    1031499.640          0.003
      10417.037      39060.544    1021368.928          0.004
      11263.408      39815.718     475007.715          0.005
      12139.713      38853.946    2951172.429          0.003
      12950.684      39787.380    1787551.088          0.003
      11764.575      39265.671    1031499.640          0.003
      11263.408      39815.718     475007.715          0.005
      14074.623      39701.608    1029497.271          0.003
      13947.082      40706.944    1141205.845          0.003
      14466.916      38737.776    1029497.271          0.002
      15862.182      38852.810    1019860.722          0.002
      16514.571      38901.970    1019860.722          0.002
      17911.877      38988.791    1016394.216          0.002
      16286.744      38887.814   10341524.114          0.002
      15335.878      39582.616    1013973.065          0.001
      19203.505      39294.921    1018092.728          0.002
      19331.932      40018.989     536999.698          0.003
      21421.353      38625.260    2304030.790          0.003
      21995.588      39510.962    1013623.048          0.003
      21377.894      38679.032    1030731.327          0.003
      20497.885      39767.877    1013748.362          0.003
      21421.353      38625.260    2304030.790          0.003
      22138.950      38645.147    1018134.846          0.003
      23531.217      38683.732    2267061.887          0.002
      24144.165      39853.319    1004451.506          0.002
      22926.746      39127.173    1018134.846          0.002
      22127.095      39713.799    1996241.987          0.002
      24258.369      38727.425    1017662.937          0.001
      24217.431      39993.119    2159917.889          0.001
      26740.596      39124.644    1016351.700          0.002
      27155.263      39730.344    1107207.435          0.003
      27254.551      38996.276    1020451.930          0.001
      27155.263      39730.344    1107207.435          0.003
      29268.457      38871.694    1037322.827          0.002
      28263.871      39846.787    1025974.141          0.002
      33448.564      38751.119    2327700.423          0.003
      34084.694      39615.651    1022088.334          0.002
      33158.681      39063.054    1036174.222          0.003
      32321.491      39963.933    3380963.860          0.003
      35458.276      38858.396    1017543.350          0.001
      35386.265      39650.877    2186822.404          0.002
      35469.377      38736.231   32867668.703          0.001
      36853.805      38614.266    1010330.456          0.001
      37352.268      38588.380    1010330.456          0.001
      36668.034      39685.583   37620921.358          0.001
      39545.633      39164.878    1005885.882          0.002
      40211.243      40396.529     971021.178          0.002
      39931.017      39224.974    1005885.882          0.002
      40730.095      39740.808    1189506.602          0.003
      40643.386      39005.060    1085425.677          0.003
      41601.985      38933.961    1006997.194          0.003
      40643.386      39005.060    1085425.677          0.003
      40730.095      39740.808    1189506.602          0.003
      41815.722      39236.430    1006997.194          0.003
      40730.095      39740.808    1189506.602          0.003
      42630.943      38888.414    1006997.194          0.002
      42627.998      39781.159     937638.851          0.003
      44649.299      38789.858    1004980.662          0.002
      45790.392      38730.438     967746.441          0.002
      43175.208      39278.491    1004980.662          0.002
      42627.998      39781.159     937638.851          0.003
      45790.392      38730.438     967746.441          0.002
      46140.850      39430.781     973869.853          0.002
      45790.392      38730.438     967746.441          0.002
      45212.877      39259.514     977564.484          0.002
      47759.111      39207.289    1004302.742          0.001
      48632.477      39843.860    8227242.726          0.001
      47219.695      39140.155    1004302.742          0.001
      46433.987      40016.576    1611512.966          0.001
      48709.455      38565.006    2196853.043          0.002
      48638.060      39751.105     993282.201          0.001
      49839.194      38803.195    1022675.331          0.003
      50722.139      38989.352    3651066.037          0.002
      50721.781      39006.125    1030469.356          0.002
      50700.127      40021.161    1509700.752          0.003
      50898.451      39051.995    1030469.356          0.003
      52217.660      39520.704    1023717.094          0.003
      53695.410      39029.627    1041220.722          0.003
      54684.545      39696.368    2056763.817          0.003
      53521.561      38912.441    6917406.982          0.002
      52668.939      39681.041    2872089.560          0.003
      55645.662      38690.493    1160499.347          0.003
      56254.982      39330.976    1009615.987          0.002
      55645.662      38690.493    1160499.347          0.003
      54726.942      39651.996    1021149.666          0.003
      58436.940      38674.174    1029396.688          0.002
      59746.411      38719.697    1476945.970          0.002
      57390.451      38890.624    1029396.688          0.002
      56645.415      39741.377    3279085.965          0.002
      59746.411      38719.697    1476945.970          0.002
      59816.641      39913.230     685816.284          0.002
      59746.411      38719.697    1476945.970          0.002
      58724.302      39285.396    1001012.366          0.002
      60900.223      38953.849    1007363.139          0.001
      61924.377      39659.893   39950479.965          0.001
      60443.668      39354.964    1007363.139          0.001
      59816.641      39913.230     685816.284          0.002
      62791.689      39089.806    1010983.008          0.001
      62646.475      39944.620    1038107.637          0.002
      64900.975      38885.770    1035258.307          0.002
      64937.683      39792.667    1562502.601          0.003
      65874.937      38739.525    1035258.307          0.003
      66609.318      38885.673     911926.686          0.003
      66609.318      38885.673     911926.686          0.003
      67602.684      38530.051    1040479.079          0.004
      66609.318      38885.673     911926.686          0.003
      65480.323      39498.242    1018193.258          0.004
      67613.962      38526.014     847279.285          0.004
      67018.597      39433.323    1023787.471          0.003
      67613.962      38526.014     847279.285          0.004
      68456.280      38684.979    1030573.770          0.003
      69240.481      38759.988    1030573.770          0.002
      69931.621      38613.713    1620818.878          0.003
      70056.180      38767.083    1026038.744          0.003
      70867.630      39766.220    1447511.383          0.003
      71836.249      38912.417    1008897.421          0.003
      72016.297      39814.283    1273862.843          0.004
      71840.723      38904.980    1008897.421          0.003
      73234.750      38775.802     974443.950          0.004
      71772.237      38961.259    1008897.421          0.003
      70867.630      39766.220    1447511.383          0.003
      74016.717      38795.076     974443.950          0.003
      74039.228      40047.448    1610189.702          0.003
      72945.052      39298.141     974443.950          0.004
      72016.297      39814.283    1273862.843          0.004
      74739.582      38908.833    3535234.681          0.002
      75027.073      40202.207     944784.558          0.002
      74550.243      39216.655     964977.648          0.003
      74039.228      40047.448    1610189.702          0.003
      76746.269      38607.811     672984.206          0.002
      77289.250      39169.274     907096.100          0.002
      76746.269      38607.811     672984.206          0.002
      76269.900      39579.479     937711.128          0.002
      78971.820      38571.043    1139787.960          0.001
      79558.634      39270.117     881259.568          0.001
      78971.820      38571.043    1139787.960          0.001
      78108.105      39564.329     907096.100          0.001
       1347.757      40130.805     892116.334          0.001
       1861.650      41433.078     900619.265          0.001
       1146.263      39620.193    9636971.348          0.000
        230.333      40575.973     878509.714          0.000
       2356.123      40374.479     892116.334          0.002
       3011.963      40783.363    1034003.307          0.002
       4277.594      39753.533     922441.093          0.002
       5036.413      39580.819     701150.392          0.003
       3145.649      40058.427     922441.093          0.001
       3011.963      40783.363    1034003.307          0.002
       5036.413      39580.819     701150.392          0.003
       5267.288      40625.044    2968355.206          0.002
       5036.413      39580.819     701150.392          0.003
       6172.300      39856.655     974915.872          0.002
       6892.178      39759.360     974915.872          0.003
       8032.725      39567.166    1231416.845          0.003
       6230.671      39870.830    2941062.668          0.002
       5267.288      40625.044    2968355.206          0.002
       8120.808      39661.785     998686.657          0.003
       9074.734      40686.492    1014676.334          0.003
       7786.795      39828.994     998686.657          0.003
       6960.860      40708.322    1248888.550          0.003
      11263.408      39815.718     475007.715          0.005
      12121.641      39801.304    1027699.684          0.004
      11263.408      39815.718     475007.715          0.005
      11805.861      40513.228    1023853.829          0.004
      11263.408      39815.718     475007.715          0.005
      10638.553      40135.212    1014676.334          0.004
      12950.684      39787.380    1787551.088          0.003
      13067.353      40700.608     996165.312          0.003
      12950.684      39787.380    1787551.088          0.003
      13757.640      40532.111    1012625.888          0.003
      12821.650      39896.421    1027699.684          0.003
      11919.238      40659.013     773774.770          0.004
      15464.584      39612.009    1013973.065          0.001
      16850.316      39811.372    1004440.301          0.002
      14499.267      40259.518    1013973.065          0.002
      13947.082      40706.944    1141205.845          0.003
      18187.696      40416.173    1004440.301          0.002
      19096.861      40967.608    4025206.958          0.002
      18597.847      39967.258    1004440.301          0.002
      19331.932      40018.989     536999.698          0.003
      17296.338      39875.540   52162659.165          0.001
      16320.115      40833.772     992168.721          0.001
      19331.932      40018.989     536999.698          0.003
      19096.885      40967.512     993983.342          0.002
      19484.629      39998.226    1008684.090          0.003
      20413.831      39871.877    1212175.946          0.003
      20413.831      39871.877    1212175.946          0.003
      21646.386      39758.153    1013623.048          0.003
      20413.831      39871.877    1212175.946          0.003
      21121.852      40824.076     997326.303          0.003
      20413.831      39871.877    1212175.946          0.003
      19733.862      40437.617     993983.342          0.003
      22024.240      39847.005    1013623.048          0.003
      21194.428      40921.681    1233975.467          0.003
      22127.095      39713.799    1996241.987          0.002
      23064.098      39839.006    1004451.506          0.003
      24217.431      39993.119    2159917.889          0.001
      24833.442      40892.921     979115.909          0.001
      24217.431      39993.119    2159917.889          0.001
      23290.055      40923.682     990351.347          0.001
      25644.673      40160.068    1005542.872          0.001
      26349.968      41053.104    2082461.385          0.001
      27428.585      40069.868    1016581.645          0.003
      28207.209      41037.084    2519310.971          0.003
      27180.213      39735.678    1016581.645          0.003
      28162.078      39945.592    1958117.537          0.002
      27155.263      39730.344    1107207.435          0.003
      26592.688      40654.418     997870.690          0.002
      29449.155      39944.336    1025974.141          0.004
      30231.077      39943.573    1298411.563          0.003
      28162.078      39945.592    1958117.537          0.002
      28207.209      41037.084    2519310.971          0.003
      30231.077      39943.573    1298411.563          0.003
      30434.029      40630.891    1027620.622          0.003
      30231.077      39943.573    1298411.563          0.003
      29512.060      40332.063    1014354.460          0.004
      30231.077      39943.573    1298411.563          0.003
      31553.750      39956.455    1037763.676          0.004
      32321.491      39963.933    3380963.860          0.003
      33297.991      39861.288    1022088.334          0.003
      32379.790      40007.691    1037763.676          0.003
      33441.393      40804.497     528456.253          0.004
      32321.491      39963.933    3380963.860          0.003
      31169.460      40652.268    1027620.622          0.004
      34229.661      40505.703    1022088.334          0.003
      34289.675      41822.178    1784543.037          0.003
      33859.632      40229.395    1022088.334          0.003
      33441.393      40804.497     528456.253          0.004
      34195.981      39766.896    3027137.057          0.002
      35302.317      39659.059    1009912.788          0.002
      35460.609      39728.053    1009912.788          0.002
      36431.879      40736.336     987971.561          0.002
      34814.197      40783.599    1009912.788          0.003
      34289.675      41822.178    1784543.037          0.003
      36676.797      39686.342     997559.642          0.001
      38071.565      39807.261     986934.343          0.001
      36674.250      40091.329     997559.642          0.001
      36688.209      41002.435    2415667.145          0.002
      39353.722      40285.121     986934.343          0.002
      40422.760      40787.920    4884743.397          0.002
      40730.095      39740.808    1189506.602          0.003
      41867.463      40502.537     961220.724          0.003
      40812.680      39742.564     991301.755          0.003
      42212.363      39772.322     986396.070          0.003
      42627.998      39781.159     937638.851          0.003
      43327.928      39801.765     977564.484          0.002
      42627.998      39781.159     937638.851          0.003
      42599.793      40905.352     961220.724          0.002
      44879.565      39867.341     977564.484          0.001
      46273.157      40001.135     973869.853          0.001
      46335.805      40059.653     973869.853          0.001
      45053.770      40622.136     955177.705          0.001
      48641.299      39889.862     993282.201          0.001
      48777.721      40601.208    1776716.706          0.002
      50700.127      40021.161    1509700.752          0.003
      51192.765      41271.377     982604.136          0.003
      50700.127      40021.161    1509700.752          0.003
      49962.768      41203.197     968546.179          0.003
      50700.127      40021.161    1509700.752          0.003
      51938.035      39807.308    1023717.094          0.003
      50700.127      40021.161    1509700.752          0.003
      51582.211      40621.804     969858.712          0.004
      50700.127      40021.161    1509700.752          0.003
      49854.898      40276.192     981231.720          0.003
      52493.124      39833.242    1023717.094          0.003
      51582.211      40621.804     969858.712          0.004
      54905.778      39862.951    1021149.666          0.003
      55917.085      40624.442     698368.529          0.003
      54684.545      39696.368    2056763.817          0.003
      55810.930      39722.222    1009615.987          0.003
      56704.833      39867.117    1009615.987          0.002
      57224.803      40967.461    1887463.691          0.002
      57583.228      40285.493    1001012.366          0.002
      57224.803      40967.461    1887463.691          0.002
      58637.763      39824.539    1001012.366          0.002
      59816.641      39913.230     685816.284          0.002
      59816.641      39913.230     685816.284          0.002
      59233.779      40384.443     986338.986          0.001
      61924.377      39659.893   39950479.965          0.001
      60977.787      40553.664     978905.401          0.001
      62657.807      40059.623     997790.242          0.002
      62795.093      41452.875     979252.824          0.002
      63179.159      40258.815     997790.242          0.002
      63965.387      40722.558    1405607.805          0.003
      62646.475      39944.620    1038107.637          0.002
      62181.689      40510.645     981791.471          0.001
      64937.683      39792.667    1562502.601          0.003
      64797.073      40739.438    1501643.960          0.004
      64937.683      39792.667    1562502.601          0.003
      66246.561      39749.072    1023787.471          0.003
      64937.683      39792.667    1562502.601          0.003
      64057.681      40634.289     999166.260          0.003
      65868.135      40205.955    1023787.471          0.003
      64797.073      40739.438    1501643.960          0.004
      66824.028      39729.837    3430243.680          0.002
      67920.362      39852.339    1016393.497          0.003
      69255.294      40243.386    1016393.497          0.002
      69859.203      40727.065    1210548.305          0.003
      68479.588      40196.858    1016393.497          0.002
      67254.073      40873.699     998183.794          0.002
      70867.630      39766.220    1447511.383          0.003
      70698.951      40823.497     721508.862          0.004
      70867.630      39766.220    1447511.383          0.003
      70131.109      40467.989    1002321.226          0.003
      70867.630      39766.220    1447511.383          0.003
      72016.297      39814.283    1273862.843          0.004
      72016.297      39814.283    1273862.843          0.004
      72913.894      40584.928     980272.515          0.004
      72016.297      39814.283    1273862.843          0.004
      73177.864      39948.166     976567.694          0.003
      72016.297      39814.283    1273862.843          0.004
      70933.824      40643.562     998348.839          0.004
      74039.228      40047.448    1610189.702          0.003
      73865.031      41089.121     946783.505          0.003
      73992.081      40080.221     976567.694          0.003
      73071.441      40720.191     762804.327          0.003
      76151.813      39820.346    6499502.146          0.001
      76999.642      40789.744     890042.632          0.002
      76151.813      39820.346    6499502.146          0.001
      76158.621      41191.660     912025.349          0.001
      76024.524      39943.750     937711.128          0.002
      75156.648      40785.141    3746775.289          0.002
      77901.300      39802.158   10417896.396          0.001
      79156.520      40408.727     875525.897          0.001
      77892.886      39935.805     907096.100          0.001
      77804.920      41333.038     890042.632          0.001
        681.822      41125.020     878509.714          0.001
       1957.199      41702.440     900619.265          0.001
       3110.582      40882.807     923886.060          0.002
       4080.436      41860.783    2364481.178          0.002
       3653.792      40738.308     923886.060          0.003
       5050.355      40640.272     964706.305          0.003
       5613.752      41223.424     964706.305          0.003
       6017.791      41921.240    1296760.515          0.003
       5212.494      40682.094     964706.305          0.003
       4242.719      41691.815     940100.880          0.002
       6191.783      40670.504     964706.305          0.003
       6960.860      40708.322    1248888.550          0.003
       6960.860      40708.322    1248888.550          0.003
       7227.908      41654.388    1192718.011          0.003
       6960.860      40708.322    1248888.550          0.003
       8336.949      40797.056    1014676.334          0.003
       6960.860      40708.322    1248888.550          0.003
       6114.006      41797.494     972750.106          0.004
       9899.088      40830.318    1014676.334          0.003
      11190.767      40783.098    1438982.500          0.003
       9250.440      40864.806    1014676.334          0.003
      10488.523      41518.374    1004186.252          0.003
       8486.926      41151.861    1014676.334          0.003
       7227.908      41654.388    1192718.011          0.003
      11190.767      40783.098    1438982.500          0.003
      11919.238      40659.013     773774.770          0.004
      11919.238      40659.013     773774.770          0.004
      11380.946      41224.560    1004186.252          0.003
      13947.082      40706.944    1141205.845          0.003
      14314.031      41728.647     985308.237          0.003
      13947.082      40706.944    1141205.845          0.003
      13355.128      41537.293     996165.312          0.002
      16232.735      40919.542   27302272.524          0.001
      17088.702      40712.180   58463598.261          0.001
      15159.523      41493.262     992168.721          0.002
      14379.294      41910.359     862256.664          0.003
      17732.777      41374.216     992699.953          0.002
      18261.878      41918.071    1714882.595          0.002
      19914.824      42168.967     993983.342          0.003
      20498.863      43026.755    1053685.431          0.003
      19712.618      41161.680     993983.342          0.003
      21047.868      41582.520     985120.999          0.002
      19981.241      40948.244     993983.342          0.003
      21194.428      40921.681    1233975.467          0.003
      19096.682      40967.812     993983.342          0.002
      18261.878      41918.071    1714882.595          0.002
      21194.428      40921.681    1233975.467          0.003
      21182.899      41625.078    2147568.300          0.002
      23237.171      40976.748    6461906.116          0.001
      24439.715      41360.706     979115.909          0.002
      22145.380      41321.318     990351.347          0.002
      21182.899      41625.078    2147568.300          0.002
      27334.689      41044.610     997870.690          0.002
      28207.209      41037.084    2519310.971          0.003
      26462.881      41137.941     997870.690          0.001
      27218.535      41705.699    1585034.085          0.002
      28959.446      41032.426    1014354.460          0.004
      30359.420      41023.759    1027620.622          0.003
      28207.209      41037.084    2519310.971          0.003
      27372.990      41601.245     992650.016          0.002
      28499.675      41112.451    1014354.460          0.003
      29855.384      41461.811    1015404.775          0.003
      30549.688      41022.581    2297576.821          0.003
      31689.401      41395.988    1015728.591          0.003
      33441.393      40804.497     528456.253          0.004
      34115.608      41613.351    1005676.015          0.003
      36688.209      41002.435    2415667.145          0.002
      36541.001      41873.633    1690330.355          0.002
      36688.209      41002.435    2415667.145          0.002
      37519.020      40859.035     975578.945          0.002
      35282.470      41482.872     987971.561          0.003
      34289.675      41822.178    1784543.037          0.003
      39347.654      40746.044     975578.945          0.002
      40422.760      40787.920    4884743.397          0.002
      40428.138      41247.061     971021.178          0.002
      40444.537      42646.965     956193.209          0.002
      40242.112      41299.148     971021.178          0.002
      39775.673      42619.161     956604.084          0.002
      41126.703      40853.830     971021.178          0.002
      42520.607      40984.339     961220.724          0.002
      42595.654      41525.509     961220.724          0.002
      42591.146      42743.826     981735.305          0.003
      42215.172      41312.911     961220.724          0.002
      41143.317      42213.537     956193.209          0.003
      42597.630      40991.551    3422197.026          0.002
      43475.958      41727.936     946294.303          0.002
      44769.483      40827.365     955177.705          0.001
      46162.846      40691.204     962062.425          0.001
      44326.761      41163.548     955177.705          0.001
      43783.858      41986.078    1576871.440          0.001
      44664.895      40910.130     955177.705          0.001
      45939.622      41488.981     944462.758          0.001
      46880.828      40849.534     962062.425          0.001
      47585.746      41908.262    8537890.705          0.001
      48978.121      40992.087     981231.720          0.002
      49481.720      41974.351    2083376.400          0.002
      48777.721      40601.208    1776716.706          0.002
      48198.757      41236.067     949740.521          0.002
      51582.211      40621.804     969858.712          0.004
      52386.710      40692.565    1004403.296          0.003
      51582.211      40621.804     969858.712          0.004
      51415.956      41816.518     982604.136          0.003
      54755.512      41379.626    1004403.296          0.003
      55642.535      41905.671    2121998.131          0.003
      55198.570      40690.222    1004403.296          0.003
      55917.085      40624.442     698368.529          0.003
      55917.085      40624.442     698368.529          0.003
      56784.140      40851.874     997999.233          0.003
      55917.085      40624.442     698368.529          0.003
      55680.949      41726.406     987453.977          0.003
      59001.877      40644.567     986338.986          0.001
      60399.202      40731.071     978905.401          0.001
      58768.190      41127.515     986338.986          0.001
      58495.014      42015.137    3984553.147          0.002
      60765.856      40753.769  106273263.251          0.001
      61936.164      40809.651   44050045.360          0.001
      63946.620      40951.323     999166.260          0.003
      63832.157      42346.636     975367.843          0.003
      63972.567      40722.704     999166.260          0.003
      64797.073      40739.438    1501643.960          0.004
      63965.387      40722.558    1405607.805          0.003
      63314.776      41266.710     979252.824          0.002
      64910.009      41001.441    1003523.727          0.004
      65464.190      42287.086     977707.692          0.004
      64797.073      40739.438    1501643.960          0.004
      65705.099      41171.116     989421.218          0.003
      64797.073      40739.438    1501643.960          0.004
      64229.346      41847.884     975367.843          0.003
      67001.651      41033.524     998183.794          0.002
      67649.250      42274.739     968240.261          0.002
      69859.203      40727.065    1210548.305          0.003
      69967.948      41789.935     956975.661          0.003
      69859.203      40727.065    1210548.305          0.003
      70909.959      41631.536     972685.289          0.003
      69903.466      40732.148    1002321.226          0.003
      70698.951      40823.497     721508.862          0.004
      70698.951      40823.497     721508.862          0.004
      70956.376      41557.280     972685.289          0.003
      73071.441      40720.191     762804.327          0.003
      72503.061      41208.638     963814.563          0.003
      75156.648      40785.141    3746775.289          0.002
      75070.879      41704.735    5567553.121          0.001
      74830.191      41008.726     944784.558          0.002
      73755.375      41744.850    4490419.765          0.002
      79209.680      41126.010     875525.897          0.001
      77906.179      41636.779     890042.632          0.001
       2042.176      42761.701     900619.265          0.002
       2112.854      43797.195    1230987.966          0.002
       1921.504      41736.804     900619.265          0.001
        712.066      42441.971     872549.521          0.001
       4450.792      42158.431     940100.880          0.002
       5032.133      42625.644     978407.821          0.003
       5159.508      41894.457     940100.880          0.003
       6017.791      41921.240    1296760.515          0.003
       4080.436      41860.783    2364481.178          0.002
       3427.753      42618.524     919910.993          0.002
       6017.791      41921.240    1296760.515          0.003
       7227.908      41654.388    1192718.011          0.003
       6017.791      41921.240    1296760.515          0.003
       5032.133      42625.644     978407.821          0.003
       7227.908      41654.388    1192718.011          0.003
       7818.648      42539.992     974185.349          0.003
       7227.908      41654.388    1192718.011          0.003
       8022.714      41834.505     993357.112          0.003
       8900.744      42033.482    8139836.036          0.002
       9784.509      42903.176     976126.721          0.002
       9470.029      41947.956     993357.112          0.003
      10854.492      41739.963    1004186.252          0.002
       8797.096      42146.719     993357.112          0.002
       8079.368      42930.849     781993.667          0.003
      10900.861      41785.745    1004186.252          0.002
      11021.125      43180.570     960398.464          0.003
      11363.267      42164.665    1004186.252          0.003
      12344.425      43070.378    1411480.569          0.003
      11018.036      41734.663    1004186.252          0.003
      12417.990      41746.075     996165.312          0.003
      13201.732      41752.465    4748232.483          0.002
      14379.294      41910.359     862256.664          0.003
      12875.224      42254.396     996165.312          0.003
      12344.425      43070.378    1411480.569          0.003
      14379.294      41910.359     862256.664          0.003
      14714.144      42526.802     970493.249          0.002
      14379.294      41910.359     862256.664          0.003
      14093.124      42582.592     978656.801          0.001
      17532.253      41868.721     977652.724          0.002
      18261.878      41918.071    1714882.595          0.002
      16002.899      42028.951     977652.724          0.001
      15122.530      43117.505     970493.249          0.001
      18261.878      41918.071    1714882.595          0.002
      18376.837      42832.056    1826897.587          0.002
      19497.915      42530.670     978437.850          0.004
      20498.863      43026.755    1053685.431          0.003
      21182.899      41625.078    2147568.300          0.002
      22043.103      42427.947     965020.148          0.002
      20934.338      42134.412     985120.999          0.003
      20498.863      43026.755    1053685.431          0.003
      23386.524      42007.654     968914.267          0.001
      24764.237      41758.844     979115.909          0.001
      22983.641      42264.741     968914.267          0.001
      22409.376      42769.807    1953178.459          0.002
      25345.521      41865.142     979115.909          0.001
      25313.991      42714.603    2256012.989          0.001
      27226.378      41973.177     992650.016          0.002
      27256.950      43015.812     914415.208          0.003
      27218.535      41705.699    1585034.085          0.002
      28407.521      42032.633    4761830.524          0.002
      27218.535      41705.699    1585034.085          0.002
      26138.175      42278.004     963438.197          0.002
      28145.872      42256.215     995638.203          0.003
      27256.950      43015.812     914415.208          0.003
      28969.055      41910.999     995638.203          0.003
      30337.324      41614.618    1015404.775          0.002
      28407.521      42032.633    4761830.524          0.002
      29292.219      42760.652     985073.654          0.002
      30655.925      41863.360    1015404.775          0.003
      31437.014      42655.134     787174.091          0.004
      30515.580      41604.003    1015404.775          0.003
      31915.277      41633.106    1015728.591          0.003
      32099.361      41992.051    1015728.591          0.003
      31437.014      42655.134     787174.091          0.004
      33173.976      41714.400    1015728.591          0.003
      34289.675      41822.178    1784543.037          0.003
      34289.675      41822.178    1784543.037          0.003
      35205.421      42528.233     983030.741          0.003
      34289.675      41822.178    1784543.037          0.003
      35413.077      41847.854     984941.440          0.003
      36541.001      41873.633    1690330.355          0.002
      37112.832      42701.273     953205.623          0.002
      36346.176      42016.841     984941.440          0.002
      35422.629      42695.704    1322783.368          0.003
      38168.070      42191.316     970059.602          0.001
      37531.867      43307.763    4007470.915          0.001
      39096.169      42326.715     970059.602          0.002
      39694.175      42849.798     848097.499          0.002
      43783.858      41986.078    1576871.440          0.001
      44325.260      42863.653     937651.455          0.001
      43218.561      42345.220     946294.303          0.002
      42591.146      42743.826     981735.305          0.003
      44751.002      41866.180     943555.051          0.001
      44449.410      43064.890    4495013.733          0.001
      44845.163      41714.349     943555.051          0.001
      46245.162      41715.608     944462.758          0.001
      46940.210      42468.344     944462.758          0.001
      47351.813      43086.454    1279411.028          0.002
      47516.820      42255.402     949740.521          0.001
      47351.813      43086.454    1279411.028          0.002
      49481.720      41974.351    2083376.400          0.002
      49611.312      42952.205    2850469.344          0.002
      49826.490      41948.991     968546.179          0.003
      51222.718      41846.291     982604.136          0.003
      51228.600      42312.273     982604.136          0.003
      50724.750      43618.465     958995.398          0.003
      51338.867      41878.779     982604.136          0.003
      50149.726      42617.658     966199.227          0.003
      51413.768      41832.239    2826985.397          0.003
      52109.771      42478.025     971072.987          0.003
      53447.325      42033.438     985841.366          0.002
      52661.745      42990.175    2565884.049          0.002
      54811.383      41849.711     985841.366          0.003
      55642.535      41905.671    2121998.131          0.003
      55642.535      41905.671    2121998.131          0.003
      55671.265      43286.652     958773.667          0.003
      55737.335      41912.834     987453.977          0.003
      57133.356      42018.324     978216.195          0.003
      55642.535      41905.671    2121998.131          0.003
      56785.860      41227.733     997999.233          0.003
      57741.756      42763.107     978216.195          0.003
      57616.027      44077.570    1280261.458          0.003
      57323.385      42481.636     978216.195          0.003
      56256.997      43388.728     958773.667          0.003
      57808.118      42069.312    2869501.600          0.002
      58597.807      42810.895    1183780.609          0.002
      57808.118      42069.312    2869501.600          0.002
      57224.803      40967.461    1887463.691          0.002
      58495.014      42015.137    3984553.147          0.002
      58597.807      42810.895    1183780.609          0.002
      58192.987      41766.024     974325.696          0.002
      57224.803      40967.461    1887463.691          0.002
      61853.632      41823.517     964674.824          0.002
      62817.713      41682.439    2261391.810          0.002
      59254.773      42544.771     964674.824          0.002
      58597.807      42810.895    1183780.609          0.002
      62006.421      42483.822     964674.824          0.002
      62717.780      42718.384    1126697.008          0.002
      63202.556      42069.735     979252.824          0.002
      63805.126      42676.145    2688428.421          0.003
      62817.713      41682.439    2261391.810          0.002
      62717.780      42718.384    1126697.008          0.002
      66674.294      41631.873    1892792.062          0.002
      67380.038      42285.960     968240.261          0.002
      66324.102      42106.634     989421.218          0.003
      65732.265      42908.996    1900715.895          0.003
      69066.676      42321.292     972603.818          0.002
      70086.245      42946.160    1893744.293          0.002
      68678.540      42083.413   31537643.127          0.001
      67912.654      42779.591    6034994.587          0.001
      71013.776      41720.900     711146.321          0.002
      71750.084      41855.723    5688531.195          0.002
      71013.776      41720.900     711146.321          0.002
      70439.389      42479.660     956975.661          0.002
      72156.108      41833.274     963814.563          0.002
      73553.973      41755.985     946783.505          0.002
      72118.474      42237.239     963814.563          0.002
      72677.409      42816.090     866414.262          0.003
      73907.613      43000.677     946783.505          0.003
      74026.142      43978.433    1170750.500          0.003
      73755.375      41744.850    4490419.765          0.002
      74758.590      42593.886     927766.563          0.002
      73350.381      42147.317     946783.505          0.003
      72677.409      42816.090     866414.262          0.003
      75068.804      41719.917     928533.314          0.001
      74929.562      42738.582    3388018.662          0.002
      76248.943      41783.275     912025.349          0.001
      77171.999      42630.981    4147287.389          0.001
      78029.724      41896.819     890042.632          0.001
      79092.713      42807.891     875753.694          0.001
      79812.816      42077.760     867935.472          0.000
      79184.613      42886.657    1454284.802          0.001
       1441.377      43498.442     872549.521          0.002
       2112.854      43797.195    1230987.966          0.002
       3047.348      43020.348     919910.993          0.001
       2112.854      43797.195    1230987.966          0.002
       5032.133      42625.644     978407.821          0.003
       5676.947      43009.169     946597.045          0.003
       5032.133      42625.644     978407.821          0.003
       5061.364      43935.972     935583.101          0.003
       8079.368      42930.849     781993.667          0.003
       7607.862      43456.859     946597.045          0.002
      10106.631      43199.542     976126.721          0.002
      11092.373      44006.911    2571826.020          0.002
       9981.641      43097.169    7302654.046          0.002
       9132.655      43814.321     954887.848          0.001
      12344.521      43143.884     981058.079          0.003
      12346.344      44543.883     951733.405          0.003
      12344.425      43070.378    1411480.569          0.003
      13333.789      43606.931     962784.577          0.003
      12344.425      43070.378    1411480.569          0.003
      11604.370      43623.938     960398.464          0.003
      14076.743      43059.569     978656.801          0.002
      14167.044      44058.824    1976029.362          0.002
      17057.585      43221.700     969583.118          0.002
      18044.269      43877.662    5280679.270          0.001
      16190.705      42742.637     969583.118          0.001
      15070.176      43182.239   10741306.028          0.001
      19218.793      43347.353     972567.352          0.003
      20135.855      43908.616     851950.231          0.004
      19448.145      42930.350     972567.352          0.003
      20498.863      43026.755    1053685.431          0.003
      18376.837      42832.056    1826897.587          0.002
      18111.681      43665.716     960137.413          0.002
      20498.863      43026.755    1053685.431          0.003
      20797.368      43824.107     949168.491          0.003
      20498.863      43026.755    1053685.431          0.003
      21201.060      42932.316     965020.148          0.003
      20498.863      43026.755    1053685.431          0.003
      20135.855      43908.616     851950.231          0.004
      22409.376      42769.807    1953178.459          0.002
      22485.541      43944.402     950172.775          0.001
      23322.683      43542.900     954757.486          0.001
      22488.977      43997.386    3728987.843          0.001
      25313.991      42714.603    2256012.989          0.001
      24725.035      43497.558     941992.527          0.001
      25524.575      42967.905     963438.197          0.002
      26130.344      43696.558    1292673.608          0.002
      26500.424      42898.531     963438.197          0.002
      27256.950      43015.812     914415.208          0.003
      27256.950      43015.812     914415.208          0.003
      27389.023      44388.083     934763.197          0.003
      27256.950      43015.812     914415.208          0.003
      26382.109      43544.430     953725.599          0.002
      29547.466      43006.891     985073.654          0.002
      30147.178      44271.938     939399.243          0.002
      30721.171      42764.286     985073.654          0.003
      31437.014      42655.134     787174.091          0.004
      29757.014      43134.081     985073.654          0.002
      30572.340      43773.965    1248748.636          0.002
      29519.332      42947.544    8059747.034          0.002
      28408.939      43785.522     955051.692          0.002
      31437.014      42655.134     787174.091          0.004
      30840.747      43426.664     965679.063          0.003
      31437.014      42655.134     787174.091          0.004
      32136.461      43486.886     958579.809          0.003
      34318.169      42777.909     989566.714          0.003
      35422.629      42695.704    1322783.368          0.003
      33125.858      43148.471     989566.714          0.002
      32531.808      43957.016    2299590.252          0.002
      35422.629      42695.704    1322783.368          0.003
      36211.451      42924.604     953205.623          0.002
      35422.629      42695.704    1322783.368          0.003
      35379.671      43798.502     922880.886          0.003
      39694.175      42849.798     848097.499          0.002
      40446.320      42799.188    3230022.564          0.002
      39694.175      42849.798     848097.499          0.002
      40192.895      43716.027     923940.909          0.002
      41310.709      43206.727     956193.209          0.003
      42556.872      43794.263    1176095.304          0.003
      41381.834      42775.041     956193.209          0.003
      42591.146      42743.826     981735.305          0.003
      42591.146      42743.826     981735.305          0.003
      42556.872      43794.263    1176095.304          0.003
      44449.410      43064.890    4495013.733          0.001
      44608.162      43922.351    2873650.511          0.001
      45180.028      43007.973     938018.350          0.001
      44608.162      43922.351    2873650.511          0.001
      46577.188      42908.384     938018.350          0.002
      47351.813      43086.454    1279411.028          0.002
      47351.813      43086.454    1279411.028          0.002
      47790.718      44009.621    1799537.063          0.002
      48326.244      43028.558     946466.220          0.003
      49611.312      42952.205    2850469.344          0.002
      49600.903      43365.164     966199.227          0.003
      49566.957      44712.028    1326016.895          0.003
      49799.138      43115.435     966199.227          0.002
      50637.686      43844.171    1490616.643          0.003
      49611.312      42952.205    2850469.344          0.002
      48453.311      43624.781     939444.720          0.003
      52661.745      42990.175    2565884.049          0.002
      52785.603      44033.595    1842583.138          0.001
      52661.745      42990.175    2565884.049          0.002
      53552.485      42715.076     973954.886          0.001
      51536.478      43464.951     971072.987          0.003
      50637.686      43844.171    1490616.643          0.003
      54755.544      43312.752     973954.886          0.002
      55683.536      43876.526    3239238.508          0.002
      58597.807      42810.895    1183780.609          0.002
      59208.624      43390.038     944007.105          0.002
      58254.023      43254.440     964989.853          0.003
      57616.027      44077.570    1280261.458          0.003
      61104.699      43292.102     953377.194          0.001
      61803.776      43742.331    1239057.681          0.001
      60587.754      43159.832     953377.194          0.001
      59842.145      43990.709    5530961.154          0.001
      62717.780      42718.384    1126697.008          0.002
      63476.194      43812.023     958731.425          0.002
      62717.780      42718.384    1126697.008          0.002
      62018.477      43501.805     949754.057          0.002
      62889.793      42711.702     967734.437          0.003
      63805.126      42676.145    2688428.421          0.003
      64438.258      43023.115     975367.843          0.003
      65614.086      43667.495     846346.245          0.003
      64429.795      42751.622     975367.843          0.003
      65732.265      42908.996    1900715.895          0.003
      65732.265      42908.996    1900715.895          0.003
      66719.996      43733.586     965231.356          0.003
      65732.265      42908.996    1900715.895          0.003
      65614.086      43667.495     846346.245          0.003
      67885.055      42958.220     968240.261          0.002
      67747.868      43846.108    1342972.581          0.002
      70086.245      42946.160    1893744.293          0.002
      71130.654      42633.295    9349524.886          0.001
      70086.245      42946.160    1893744.293          0.002
      69293.058      43249.737     957128.429          0.001
      71242.075      42838.161     957165.172          0.002
      71774.948      43817.936    2975248.238          0.002
      72957.905      43057.822     949338.112          0.003
      74018.418      43971.776     942756.224          0.003
      72677.409      42816.090     866414.262          0.003
      72127.399      43426.671     947592.632          0.002
      75013.748      43117.638     927766.563          0.002
      75175.271      43844.911     938530.307          0.003
      74929.562      42738.582    3388018.662          0.002
      76289.951      42673.305     897722.017          0.002
      77293.727      42722.878     897722.017          0.001
      78411.070      43566.409     881268.995          0.002
      77095.027      43115.219     897722.017          0.002
      76964.345      43937.350     974433.467          0.003
      77171.999      42630.981    4147287.389          0.001
      78520.190      42802.251     875753.694          0.001
      79184.613      42886.657    1454284.802          0.001
      79822.250      43661.541     872080.791          0.000
      79184.613      42886.657    1454284.802          0.001
      79022.483      44027.991    1728788.580          0.001
        230.548      44144.228     873043.933          0.000
       1071.141      45116.553    7094633.364          0.000
       2112.854      43797.195    1230987.966          0.002
       1591.899      44456.999     871114.929          0.001
       2135.316      43821.495     900320.135          0.002
       3085.645      44849.539     898867.750          0.002
       2423.500      43847.959     900320.135          0.002
       3275.810      43987.237     744661.745          0.002
       3781.010      43985.005     916410.577          0.003
       5062.332      43979.343    1238647.677          0.003
       3275.810      43987.237     744661.745          0.002
       3946.445      44998.172     906785.973          0.002
       3275.810      43987.237     744661.745          0.002
       3185.892      44714.088     898867.750          0.002
       5062.332      43979.343    1238647.677          0.003
       4271.721      44702.340     906785.973          0.003
       5062.332      43979.343    1238647.677          0.003
       5852.997      44700.859     921433.721          0.003
       5062.332      43979.343    1238647.677          0.003
       5820.940      43956.115     946597.045          0.003
       6920.545      44254.107     946597.045          0.002
       6255.917      45068.542    2543543.567          0.002
       7415.783      43905.881     946597.045          0.002
       8814.822      43854.026     954887.848          0.002
       9098.080      43843.527   11385027.289          0.001
       9886.693      44780.397     932843.791          0.001
      11533.587      44266.358     960398.464          0.002
      12346.605      44744.438    1504384.806          0.003
      14167.044      44058.824    1976029.362          0.002
      14301.240      44818.824    1241409.814          0.002
      13421.097      44339.762     962784.577          0.003
      12346.605      44744.438    1504384.806          0.003
      14167.044      44058.824    1976029.362          0.002
      14674.800      43565.993     970493.249          0.001
      14930.569      44494.876     958746.944          0.002
      14301.240      44818.824    1241409.814          0.002
      16508.437      44189.965     958746.944          0.001
      17024.738      44672.128     902082.156          0.002
      18096.051      44525.372     960137.413          0.002
      18207.621      45920.919     923212.246          0.002
      18034.175      43885.527     960137.413          0.001
      17024.738      44672.128     902082.156          0.002
      20135.855      43908.616     851950.231          0.004
      20690.366      44398.923     949168.491          0.003
      20135.855      43908.616     851950.231          0.004
      19308.239      44911.353     953855.150          0.003
      22488.977      43997.386    3728987.843          0.001
      23091.293      45020.613    1245208.596          0.002
      22170.223      44197.643     950172.775          0.002
      21171.991      44824.783    3074690.260          0.002
      25298.112      44384.841     941992.527          0.001
      26090.760      44659.802    1495341.932          0.002
      23684.105      44547.029     941992.527          0.001
      23091.293      45020.613    1245208.596          0.002
      26396.569      43934.660     953725.599          0.002
      27434.747      44863.165    1258743.418          0.003
      26130.344      43696.558    1292673.608          0.002
      26090.760      44659.802    1495341.932          0.002
      27942.963      44239.488     955051.692          0.002
      27434.747      44863.165    1258743.418          0.003
      30877.057      43802.431     965679.063          0.003
      32270.988      43932.650     958579.809          0.002
      32531.808      43957.016    2299590.252          0.002
      33409.951      44013.019     946380.936          0.002
      32531.808      43957.016    2299590.252          0.002
      31450.269      44326.128     939399.243          0.003
      32445.733      44386.463     958579.809          0.003
      32170.599      45759.162     919894.381          0.003
      34435.889      44082.127     946380.936          0.001
      33557.439      45035.761    4697661.189          0.001
      34518.179      44148.978     946380.936          0.001
      35337.635      44877.642    2932595.944          0.001
      38194.666      44191.833     933574.793          0.001
      37434.588      44828.415    1229828.940          0.001
      39114.908      44036.849     933574.793          0.001
      40318.591      44751.795     912070.822          0.001
      39208.465      43884.587     933574.793          0.001
      40428.380      44125.044    6051146.402          0.001
      41768.063      43916.849     923940.909          0.002
      42556.872      43794.263    1176095.304          0.003
      41869.233      44486.185     923940.909          0.003
      42650.908      44682.107    1162286.093          0.003
      42556.872      43794.263    1176095.304          0.003
      42650.908      44682.107    1162286.093          0.003
      42556.872      43794.263    1176095.304          0.003
      43327.910      43842.409     925078.562          0.002
      44682.347      44014.404     925078.562          0.001
      45446.898      44963.120     536614.482          0.002
      44596.662      44409.856     925078.562          0.002
      44565.953      45711.535    2874939.401          0.001
      43357.763      44407.724     925078.562          0.002
      42650.908      44682.107    1162286.093          0.003
      46792.287      44368.514     924896.480          0.001
      47715.050      44657.746    1969673.871          0.001
      48597.671      44328.728     939444.720          0.003
      49566.957      44712.028    1326016.895          0.003
      47790.718      44009.621    1799537.063          0.002
      47715.050      44657.746    1969673.871          0.001
      50637.686      43844.171    1490616.643          0.003
      51410.785      44539.408     941016.422          0.003
      50637.686      43844.171    1490616.643          0.003
      51411.974      43912.456     952570.888          0.003
      50637.686      43844.171    1490616.643          0.003
      49617.809      44670.810     943440.596          0.003
      52785.603      44033.595    1842583.138          0.001
      53443.533      44768.227     934454.690          0.001
      52555.814      44232.374     952570.888          0.002
      51798.166      44887.773    1231230.521          0.003
      54554.720      44505.239     951266.932          0.002
      55543.791      44931.414    2834545.498          0.002
      55683.536      43876.526    3239238.508          0.002
      55543.791      44931.414    2834545.498          0.002
      56360.719      43946.976     958773.667          0.003
      57616.027      44077.570    1280261.458          0.003
      57616.027      44077.570    1280261.458          0.003
      57971.842      44887.814    1121314.846          0.003
      57616.027      44077.570    1280261.458          0.003
      56544.461      44519.098     941934.790          0.003
      59834.364      44036.390     944007.105          0.001
      59658.795      45067.156    1667462.537          0.001
      59842.145      43990.709    5530961.154          0.001
      60750.483      43892.675     944050.319          0.000
      61021.379      44093.757     944050.319          0.001
      61733.594      44660.657    1387330.831          0.001
      61803.776      43742.331    1239057.681          0.001
      61733.594      44660.657    1387330.831          0.001
      62248.879      43795.521     949754.057          0.002
      63574.616      43953.948    6543084.267          0.002
      64854.751      43774.147     958731.425          0.003
      65614.086      43667.495     846346.245          0.003
      63926.923      44299.541     958731.425          0.002
      64778.708      45135.095    1317559.206          0.002
      63697.102      44640.996     958731.425          0.002
      63937.520      45989.547    1193994.112          0.002
      63574.616      43953.948    6543084.267          0.002
      62406.659      44402.289     937295.184          0.002
      65614.086      43667.495     846346.245          0.003
      65099.070      44572.280     944595.855          0.003
      65614.086      43667.495     846346.245          0.003
      66798.785      43836.688     965231.356          0.003
      66852.725      43844.391     939180.461          0.003
      67589.812      43845.805     960213.025          0.002
      66852.725      43844.391     939180.461          0.003
      67070.901      44941.568     711672.344          0.004
      66852.725      43844.391     939180.461          0.003
      66081.672      44436.305     954354.568          0.003
      67767.059      44065.039     960213.025          0.002
      67889.306      45459.691     921891.352          0.002
      67747.868      43846.108    1342972.581          0.002
      68434.532      44157.807     939950.957          0.002
      67608.009      44072.427     960213.025          0.002
      67070.901      44941.568     711672.344          0.004
      70022.784      44062.306   17004155.538          0.001
      69031.913      43349.686   41234363.728          0.001
      71067.291      44618.734     945483.714          0.002
      71806.952      45012.766    1427566.450          0.002
      72923.054      44410.818     947592.632          0.003
      73817.683      44872.804    1102750.019          0.003
      71774.948      43817.936    2975248.238          0.002
      71806.952      45012.766    1427566.450          0.002
      73114.858      43913.464     947592.632          0.003
      74026.142      43978.433    1170750.500          0.003
      74026.142      43978.433    1170750.500          0.003
      75101.361      43853.499     932106.716          0.004
      74026.142      43978.433    1170750.500          0.003
      75034.509      44662.373     631856.295          0.003
      74026.142      43978.433    1170750.500          0.003
      73817.683      44872.804    1102750.019          0.003
      75175.271      43844.911     938530.307          0.003
      76108.301      44452.329     909061.299          0.003
      75175.271      43844.911     938530.307          0.003
      75034.509      44662.373     631856.295          0.003
      75175.271      43844.911     938530.307          0.003
      76351.529      43905.687     910099.536          0.003
      76964.345      43937.350     974433.467          0.003
      77767.965      43972.742     881268.995          0.002
      76964.345      43937.350     974433.467          0.003
      76720.293      44850.746    2026578.377          0.002
      79022.483      44027.991    1728788.580          0.001
      79726.590      44654.630     864300.713          0.000
      79022.483      44027.991    1728788.580          0.001
      78915.020      44742.287    6779328.088          0.000
       1077.999      45323.784     871114.929          0.001
       1124.311      46723.018     858948.596          0.001
       1360.961      45516.401     871114.929          0.001
       1788.535      46106.297     866363.295          0.002
       1071.141      45116.553    7094633.364          0.000
        148.762      45807.009     859852.181          0.000
       3066.468      45528.877     898867.750          0.002
       2852.339      46912.404     874918.618          0.002
       3011.050      45056.487     898867.750          0.002
       1948.924      45968.566     876938.448          0.002
       3573.437      45329.217     898867.750          0.002
       4283.904      46015.435    1264883.936          0.002
       4349.867      45011.283     906785.973          0.002
       5749.235      45053.321     921433.721          0.003
       3947.116      44999.184    1614994.880          0.002
       4283.904      46015.435    1264883.936          0.002
       6175.328      45188.930     921433.721          0.002
       5396.538      46352.325     895279.265          0.002
       6255.917      45068.542    2543543.567          0.002
       6964.133      45901.917     956545.806          0.002
       5738.055      45317.201     921433.721          0.003
       4476.004      45923.195     903847.550          0.003
       8466.037      45070.368     922989.407          0.001
       9861.403      44956.550     932843.791          0.001
      10045.713      45060.430     932843.791          0.001
      10233.194      46063.391    2412413.146          0.001
      12346.605      44744.438    1504384.806          0.003
      12285.841      45740.745     920521.386          0.003
      12346.605      44744.438    1504384.806          0.003
      13181.816      45341.587     922621.826          0.003
      12346.605      44744.438    1504384.806          0.003
      11556.044      45237.817     915242.434          0.003
      12346.605      44744.438    1504384.806          0.003
      13471.125      44787.233     950640.495          0.003
      14301.240      44818.824    1241409.814          0.002
      14133.257      45984.539     922621.826          0.002
      17249.580      44937.051     950294.480          0.002
      18155.488      46004.446     923212.246          0.002
      19296.810      44925.201     707290.541          0.003
      19789.786      45719.904     923801.910          0.003
      19296.810      44925.201     707290.541          0.003
      20258.598      44873.696     949168.491          0.003
      19296.810      44925.201     707290.541          0.003
      18789.092      45470.347     923212.246          0.003
      20999.880      45028.701     949168.491          0.003
      20096.894      46098.568     923801.910          0.002
      21171.991      44824.783    3074690.260          0.002
      22512.948      44961.603     934656.768          0.002
      23091.293      45020.613    1245208.596          0.002
      24017.860      45642.976     917179.806          0.001
      23091.293      45020.613    1245208.596          0.002
      22242.445      45856.374     923250.979          0.001
      24337.745      44926.754     933717.522          0.001
      24140.034      45725.039    1919855.326          0.001
      25334.220      44658.624     933717.522          0.001
      26090.760      44659.802    1495341.932          0.002
      26428.130      45102.670     936231.941          0.002
      27169.731      46076.173     865220.984          0.002
      26444.905      44713.389     936231.941          0.002
      27434.747      44863.165    1258743.418          0.003
      27434.747      44863.165    1258743.418          0.003
      28133.424      44967.437     927482.420          0.002
      27434.747      44863.165    1258743.418          0.003
      27169.731      46076.173     865220.984          0.002
      30888.161      45956.070     939399.243          0.003
      31362.258      47062.963    1073335.769          0.002
      30335.508      44908.413     939399.243          0.002
      30232.674      46304.631     892661.643          0.002
      30350.757      44701.374    5740963.890          0.001
      29563.334      45515.349     914879.149          0.001
      31361.514      45345.039     939399.243          0.003
      32152.626      45848.831    1057784.241          0.003
      33526.088      45256.644     925852.672          0.001
      33329.358      46642.753     891700.501          0.002
      32774.187      45489.088     925852.672          0.002
      32152.626      45848.831    1057784.241          0.003
      35333.689      44940.996     922880.886          0.002
      35269.394      45973.237     453691.347          0.002
      35469.473      44931.349     922880.886          0.002
      36766.018      45459.528     904251.223          0.002
      35550.770      44872.638     922880.886          0.002
      36950.385      44839.782     914914.572          0.002
      35553.179      44723.429     922880.886          0.002
      36691.775      43908.813     953205.623          0.002
      37434.588      44828.415    1229828.940          0.001
      37519.733      43497.441     953205.623          0.001
      37434.588      44828.415    1229828.940          0.001
      37445.262      45736.235    3685638.329          0.001
      38497.032      45784.690     907991.568          0.001
      38519.117      46969.012    1608022.645          0.001
      38983.862      44928.287     907991.568          0.001
      40379.403      44816.646     912070.822          0.001
      40930.644      45359.080     912070.822          0.002
      41575.240      46050.864    1392839.431          0.002
      42650.908      44682.107    1162286.093          0.003
      42722.722      45991.680     903759.043          0.003
      42650.908      44682.107    1162286.093          0.003
      41961.108      45559.858     901352.575          0.003
      42650.908      44682.107    1162286.093          0.003
      43622.417      45204.339     909333.122          0.003
      45446.898      44963.120     536614.482          0.002
      46056.627      45372.057     908526.841          0.001
      45446.898      44963.120     536614.482          0.002
      44565.953      45711.535    2874939.401          0.001
      48155.320      45210.288     932089.276          0.002
      48636.006      45813.552     602785.957          0.002
      48842.667      44690.798     932089.276          0.002
      49566.957      44712.028    1326016.895          0.003
      47715.050      44657.746    1969673.871          0.001
      47776.022      45988.583     905469.327          0.001
      49566.957      44712.028    1326016.895          0.003
      49614.975      45634.367     901307.578          0.003
      49566.957      44712.028    1326016.895          0.003
      48732.658      45699.191     915663.822          0.002
      51798.166      44887.773    1231230.521          0.003
      52525.167      44956.687     934454.690          0.002
      51798.166      44887.773    1231230.521          0.003
      51824.255      46029.585     755975.380          0.002
      51798.166      44887.773    1231230.521          0.003
      51005.832      45507.716     920751.251          0.002
      54991.025      45531.370     934454.690          0.002
      55663.594      45774.569     907035.583          0.003
      55543.791      44931.414    2834545.498          0.002
      55663.594      45774.569     907035.583          0.003
      56295.018      45279.038     941934.790          0.003
      57565.578      45866.979     927847.812          0.002
      56561.538      44913.138     941934.790          0.003
      57961.312      44888.003     942793.974          0.003
      57971.842      44887.814    1121314.846          0.003
      57695.622      45927.156    1715466.558          0.002
      57971.842      44887.814    1121314.846          0.003
      58768.261      44972.482     932280.143          0.002
      59658.795      45067.156    1667462.537          0.001
      59762.853      46051.791    1821706.440          0.001
      58663.251      45503.270     932280.143          0.002
      57695.622      45927.156    1715466.558          0.002
      60954.123      45063.763     932011.254          0.001
      61656.455      46126.720   12107593.381          0.001
      60487.738      45239.295     932011.254          0.001
      59762.853      46051.791    1821706.440          0.001
      61733.594      44660.657    1387330.831          0.001
      62693.326      45467.590   10136684.859          0.001
      61733.594      44660.657    1387330.831          0.001
      61672.447      45822.787     913274.714          0.001
      64778.708      45135.095    1317559.206          0.002
      65751.193      44690.003    2359183.763          0.002
      64778.708      45135.095    1317559.206          0.002
      63937.520      45989.547    1193994.112          0.002
      65999.809      44737.395     954354.568          0.002
      67070.901      44941.568     711672.344          0.004
      67070.901      44941.568     711672.344          0.004
      67667.194      45660.798     921891.352          0.002
      67070.901      44941.568     711672.344          0.004
      66429.301      45329.812     929521.143          0.002
      71084.365      44920.124     939950.957          0.002
      71806.952      45012.766    1427566.450          0.002
      68671.895      45476.809     939950.957          0.002
      67935.278      45984.153    1538526.674          0.002
      71806.952      45012.766    1427566.450          0.002
      71770.863      45758.421    1256053.772          0.002
      72788.172      44944.466     940076.763          0.003
      73817.683      44872.804    1102750.019          0.003
      73817.683      44872.804    1102750.019          0.003
      73503.306      45661.072     895676.339          0.003
      73817.683      44872.804    1102750.019          0.003
      72678.754      45365.595     925436.954          0.003
      73817.683      44872.804    1102750.019          0.003
      75034.509      44662.373     631856.295          0.003
      75034.509      44662.373     631856.295          0.003
      75911.031      44760.317     909061.299          0.003
      76720.293      44850.746    2026578.377          0.002
      76933.318      45843.275    1004468.155          0.003
      76679.318      44870.273     909061.299          0.002
      75415.502      45472.578     917670.229          0.002
      78915.019      44742.332     877052.065          0.000
      78888.872      45690.090    1812554.823          0.001
      79624.924      45165.353     864300.713          0.000
      78888.872      45690.090    1812554.823          0.001
        234.743      46103.478     859852.181          0.000
       1127.096      46807.162    4771743.376          0.001
       1930.243      46223.495     876938.448          0.002
       2842.228      46977.736    1684136.234          0.002
       4283.904      46015.435    1264883.936          0.002
       5084.120      46687.131     895279.265          0.002
       4283.904      46015.435    1264883.936          0.002
       3224.647      46722.476     874918.618          0.002
       6964.133      45901.917     956545.806          0.002
       7092.680      46933.665     889344.032          0.002
       6808.125      45973.156     913645.402          0.002
       5534.616      46554.684     895279.265          0.002
       6964.133      45901.917     956545.806          0.002
       7658.764      45991.007     908366.522          0.002
       9402.585      46126.516     908366.522          0.001
      10233.194      46063.391    2412413.146          0.001
       8090.342      46619.517     908366.522          0.002
       7116.915      47128.179    2283202.167          0.001
      10954.879      46101.880     915242.434          0.002
      12259.572      46171.463    1750058.135          0.002
      10437.783      46317.406     915242.434          0.002
      11127.812      47174.136    1070350.797          0.003
      12269.816      46170.624     920521.386          0.002
      13665.141      46056.307     922621.826          0.002
      12221.972      46204.775     920521.386          0.002
      11174.066      47133.158     894800.042          0.003
      14128.384      46018.354    2255563.630          0.002
      13277.934      46739.600     905043.896          0.002
      14128.384      46018.354    2255563.630          0.002
      14814.366      46306.869     896614.085          0.002
      14128.384      46018.354    2255563.630          0.002
      13950.935      47059.788     520165.388          0.002
      17431.690      45960.967     925559.743          0.002
      18220.414      46080.946    2358642.223          0.002
      18690.977      46098.112     923212.246          0.002
      20055.272      46147.882    1888885.562          0.002
      18220.414      46080.946    2358642.223          0.002
      18123.874      46813.924    1255828.495          0.002
      20055.272      46147.882    1888885.562          0.002
      20913.586      46514.599     892978.717          0.002
      20055.272      46147.882    1888885.562          0.002
      18737.653      46602.262     903425.986          0.003
      20055.272      46147.882    1888885.562          0.002
      21221.706      45998.178     923250.979          0.002
      22478.715      46185.062     923250.979          0.002
      23253.065      47169.083     612682.076          0.002
      22361.385      45858.891     923250.979          0.002
      23757.437      45753.831     917179.806          0.001
      24129.819      46130.330     917179.806          0.002
      24094.544      47529.886     874726.010          0.002
      24140.034      45725.039    1919855.326          0.001
      24707.257      46500.228     887197.624          0.001
      23859.769      46181.329     917179.806          0.002
      23253.065      47169.083     612682.076          0.002
      25925.862      46412.191     909715.205          0.001
      26528.862      46785.484    1050304.014          0.002
      27169.731      46076.173     865220.984          0.002
      27918.295      45991.811     914879.149          0.002
      27169.731      46076.173     865220.984          0.002
      26612.813      46692.567     895610.644          0.002
      27169.731      46076.173     865220.984          0.002
      28026.869      46587.372     896683.605          0.002
      29033.532      46076.658     914879.149          0.001
      28377.610      46796.554    1566126.095          0.001
      29379.614      46016.035     914879.149          0.001
      30176.721      47064.331    3110599.739          0.001
      32152.626      45848.831    1057784.241          0.003
      31440.525      46942.733     895528.673          0.002
      34583.212      45972.665     915293.381          0.001
      35353.995      46989.585    2217454.748          0.001
      34108.517      45985.375     915293.381          0.001
      33266.945      47082.491    3881252.252          0.001
      35269.394      45973.237     453691.347          0.002
      36474.350      45841.990     904251.223          0.002
      35269.394      45973.237     453691.347          0.002
      35336.473      46779.088     890430.244          0.001
      37563.060      46637.465     904251.223          0.002
      37707.662      47743.762     542167.029          0.002
      37108.991      46535.101     904251.223          0.002
      36565.838      47825.444     873444.546          0.002
      36979.334      46015.478     904251.223          0.002
      35778.487      46735.177     890430.244          0.002
      37535.968      45840.365     904251.223          0.001
      38455.532      46896.017     882742.687          0.001
      39264.288      46390.757     895031.559          0.001
      38519.117      46969.012    1608022.645          0.001
      41575.240      46050.864    1392839.431          0.002
      41564.253      47064.201     982469.361          0.002
      41575.240      46050.864    1392839.431          0.002
      40929.469      46359.860     881209.795          0.002
      41715.241      46061.554     901352.575          0.002
      42730.806      46139.102    1417348.071          0.002
      42893.506      46209.811     903759.043          0.003
      44177.490      46767.830     892719.272          0.003
      42730.806      46139.102    1417348.071          0.002
      43857.662      45876.558     909333.122          0.002
      42730.806      46139.102    1417348.071          0.002
      41917.317      46784.214     884119.286          0.002
      44518.275      45961.029     909333.122          0.002
      44349.787      46842.710     886011.297          0.002
      44565.953      45711.535    2874939.401          0.001
      45305.070      46134.519     887295.983          0.002
      47837.030      46171.622     905469.327          0.001
      48437.546      47098.511    1125839.932          0.002
      47780.404      46084.220    1727121.051          0.001
      47059.335      46477.878     887295.983          0.001
      48636.006      45813.552     602785.957          0.002
      49372.167      46305.538     901307.578          0.002
      48636.006      45813.552     602785.957          0.002
      48504.588      46664.441     884016.109          0.002
      50822.864      45813.923     920751.251          0.002
      51824.255      46029.585     755975.380          0.002
      50612.293      45812.662     920751.251          0.001
      49659.929      46497.853    1957886.981          0.002
      51824.255      46029.585     755975.380          0.002
      52168.261      47012.001     861426.349          0.002
      51824.255      46029.585     755975.380          0.002
      52590.535      45950.931     919072.401          0.002
      51824.255      46029.585     755975.380          0.002
      51219.915      46598.471     884276.507          0.002
      53638.940      45892.179     919072.401          0.001
      53716.248      46947.350    2041276.018          0.001
      55663.594      45774.569     907035.583          0.003
      55894.142      46719.766     903731.930          0.002
      55663.594      45774.569     907035.583          0.003
      54834.216      46274.059     892471.627          0.002
      56040.163      45802.846     928678.599          0.003
      57436.233      45907.678     927847.812          0.002
      57695.622      45927.156    1715466.558          0.002
      58723.600      46824.931     902338.212          0.002
      57695.622      45927.156    1715466.558          0.002
      58553.391      45978.872     916836.533          0.002
      57695.622      45927.156    1715466.558          0.002
      56591.748      46518.066     903731.930          0.002
      59427.193      46425.423     916836.533          0.002
      58916.747      46993.614     690324.481          0.002
      62094.880      46385.112     913274.714          0.001
      62727.381      46757.886    1720341.790          0.002
      61656.455      46126.720   12107593.381          0.001
      60712.090      46697.743     901304.705          0.000
      63937.520      45989.547    1193994.112          0.002
      64604.310      46831.250     500168.225          0.003
      63937.520      45989.547    1193994.112          0.002
      64910.514      45904.714     929521.143          0.002
      63937.520      45989.547    1193994.112          0.002
      62999.586      46585.058     907290.864          0.002
      65597.610      45865.421     929521.143          0.001
      66678.302      46755.425     898756.019          0.002
      65491.709      46167.683     929521.143          0.002
      65140.088      47522.808     871840.396          0.002
      65129.500      46298.591     929521.143          0.002
      64604.310      46831.250     500168.225          0.003
      67935.278      45984.153    1538526.674          0.002
      68644.068      45933.429     919234.440          0.002
      67935.278      45984.153    1538526.674          0.002
      67698.503      46747.601     484670.757          0.003
      67935.278      45984.153    1538526.674          0.002
      67269.004      46696.994     898756.019          0.002
      69986.195      46055.157     919234.440          0.001
      70707.449      46768.568    1979839.236          0.001
      71770.863      45758.421    1256053.772          0.002
      72619.013      46583.063     895676.339          0.002
      71770.863      45758.421    1256053.772          0.002
      71239.310      46263.348     897794.677          0.002
      75004.090      45773.226     917670.229          0.002
      74948.141      47093.301     849604.550          0.002
      74577.889      45939.461     917670.229          0.002
      73395.363      46688.883     895676.339          0.002
      75578.287      45718.816     917670.229          0.002
      76933.318      45843.275    1004468.155          0.003
      76933.318      45843.275    1004468.155          0.003
      77765.303      45778.103     872345.758          0.002
      76933.318      45843.275    1004468.155          0.003
      77793.823      46846.682     869745.412          0.002
      76933.318      45843.275    1004468.155          0.003
      76289.590      46331.213     890149.711          0.002
      78888.872      45690.090    1812554.823          0.001
      79570.376      46455.965     848296.031          0.001
      78429.938      46277.107     872345.758          0.002
      77893.642      46963.078     985060.835          0.002
       1368.856      47249.009     858948.596          0.001
       1787.442      48014.028     632068.149          0.002
       1127.096      46807.162    4771743.376          0.001
        276.536      47676.533     825651.734          0.000
       2842.228      46977.736    1684136.234          0.002
       2547.336      47950.505     804612.105          0.002
       2842.228      46977.736    1684136.234          0.002
       3567.761      47483.672     854379.610          0.002
       2842.228      46977.736    1684136.234          0.002
       1973.653      47831.081     839300.989          0.003
       5140.651      46734.582    1970303.736          0.002
       5068.401      47872.147     858030.232          0.002
       5191.329      46744.675     895279.265          0.002
       6564.363      47018.132     889344.032          0.002
       7116.915      47128.179    2283202.167          0.001
       6531.298      48245.581     825800.273          0.002
       7116.915      47128.179    2283202.167          0.001
       7927.901      47591.591     851534.393          0.002
       7116.915      47128.179    2283202.167          0.001
       8085.934      46925.562     897824.264          0.001
       6729.501      47285.660     889344.032          0.002
       5432.557      47812.856     858030.232          0.002
      10062.528      47482.086     897824.264          0.002
      10939.950      48097.763     948955.372          0.002
      11127.812      47174.136    1070350.797          0.003
      11550.946      47958.857     823616.590          0.002
      11127.812      47174.136    1070350.797          0.003
      11937.183      47518.454     860510.047          0.002
      11127.812      47174.136    1070350.797          0.003
      12339.703      46963.930     905043.896          0.002
      11127.812      47174.136    1070350.797          0.003
      10940.448      48095.315     861325.925          0.002
      13186.637      46817.027    3433523.298          0.001
      13950.935      47059.788     520165.388          0.002
      13950.935      47059.788     520165.388          0.002
      14439.190      47949.836     825459.864          0.002
      13950.935      47059.788     520165.388          0.002
      14652.698      46998.680     896614.085          0.002
      15739.544      47594.275     896614.085          0.001
      15051.282      48813.412     825459.864          0.001
      17405.275      46833.732     896614.085          0.002
      18123.874      46813.924    1255828.495          0.002
      18123.874      46813.924    1255828.495          0.002
      18293.731      47752.301     981680.790          0.002
      18191.071      46825.120     903425.986          0.002
      19572.034      47055.211     896182.880          0.002
      20121.028      47174.406     896182.880          0.001
      20918.387      48325.153     825301.291          0.002
      20113.252      47142.877     896182.880          0.001
      21513.126      47124.074     892978.717          0.002
      20099.311      47143.064    4347317.621          0.001
      21247.496      47556.881     871718.870          0.002
      19707.631      47275.224     896182.880          0.002
      18381.109      47722.818     877187.003          0.002
      23253.065      47169.083     612682.076          0.002
      22889.792      47769.310     831060.086          0.002
      23253.065      47169.083     612682.076          0.002
      24052.111      47696.397     874726.010          0.001
      23253.065      47169.083     612682.076          0.002
      22639.984      47529.372     871718.870          0.001
      26528.862      46785.484    1050304.014          0.002
      26505.408      47853.523    1176517.592          0.002
      26731.756      46786.699     895610.644          0.002
      28131.731      46795.082     896683.605          0.002
      28377.610      46796.554    1566126.095          0.001
      28489.276      47890.830     860450.949          0.001
      28377.610      46796.554    1566126.095          0.001
      28934.470      47428.321     869482.028          0.001
      27998.643      47010.503     896683.605          0.002
      26779.512      47698.775     872740.239          0.002
      30521.982      47363.145     892661.643          0.001
      31267.562      48008.425     582281.448          0.002
      30176.721      47064.331    3110599.739          0.001
      29532.552      47771.174     869482.028          0.001
      31362.258      47062.963    1073335.769          0.002
      32106.283      47814.551     872459.930          0.002
      31362.258      47062.963    1073335.769          0.002
      32214.954      47071.705     891700.501          0.002
      31362.258      47062.963    1073335.769          0.002
      31269.625      47987.826     870949.170          0.002
      33011.308      47304.970     891700.501          0.001
      32254.149      47963.920     732324.477          0.002
      35353.630      47181.317     890430.244          0.001
      35350.966      48581.315     827092.548          0.001
      35623.662      47179.816     890430.244          0.001
      36559.667      47840.104    1354763.985          0.002
      39566.749      47619.584     881209.795          0.001
      39279.106      48914.036    1947912.291          0.001
      40771.707      47010.723     881209.795          0.001
      41564.253      47064.201     982469.361          0.002
      41564.253      47064.201     982469.361          0.002
      41593.743      47764.090     814115.912          0.001
      41564.253      47064.201     982469.361          0.002
      42356.080      47748.796     857189.527          0.001
      44349.787      46842.710     886011.297          0.002
      44543.296      47836.110     854471.237          0.002
      44349.787      46842.710     886011.297          0.002
      43651.828      47287.440     857189.527          0.002
      45222.243      47626.296     887295.983          0.002
      44584.719      48048.759    1008013.348          0.002
      47734.930      46992.125     887295.983          0.002
      48437.546      47098.511    1125839.932          0.002
      48460.539      47087.213     884016.109          0.002
      49659.929      46497.853    1957886.981          0.002
      48437.546      47098.511    1125839.932          0.002
      48768.881      48002.019     818551.871          0.002
      51006.821      47286.912     884276.507          0.001
      52298.537      47826.791     861426.349          0.001
      52889.316      46829.022     893364.252          0.000
      53716.248      46947.350    2041276.018          0.001
      52844.503      46941.894     893364.252          0.001
      52480.149      47902.697    1634652.059          0.001
      53807.379      47059.853     892471.627          0.001
      54688.585      48147.730     854563.640          0.001
      54578.108      46917.901     892471.627          0.002
      55931.192      46871.666    1943936.535          0.002
      55931.192      46871.666    1943936.535          0.002
      55050.782      47803.643     854563.640          0.002
      56015.023      46864.884     903731.930          0.002
      57410.464      46751.989     909608.927          0.002
      57717.558      46890.451     909608.927          0.002
      58671.571      47915.077     869831.334          0.002
      57808.753      46782.833     909608.927          0.002
      58916.747      46993.614     690324.481          0.002
      58916.747      46993.614     690324.481          0.002
      58711.312      47957.759    1006358.068          0.002
      59329.351      47567.158     901304.705          0.002
      58711.312      47957.759    1006358.068          0.002
      62727.381      46757.886    1720341.790          0.002
      62714.732      47918.996     823317.821          0.002
      62736.358      46769.856     907290.864          0.002
      63576.334      47889.873     862416.539          0.002
      63479.062      46787.267     907290.864          0.002
      64604.310      46831.250     500168.225          0.003
      62727.381      46757.886    1720341.790          0.002
      62701.177      45765.070     928844.625          0.001
      64604.310      46831.250     500168.225          0.003
      64105.959      47566.873     862416.539          0.002
      67011.935      46993.875     898756.019          0.001
      67698.503      46747.601     484670.757          0.003
      67698.503      46747.601     484670.757          0.003
      68587.538      47613.497     862154.125          0.002
      67698.503      46747.601     484670.757          0.003
      67170.125      47225.511     873412.102          0.001
      69880.753      46856.651     894973.564          0.001
      70707.449      46768.568    1979839.236          0.001
      69417.570      47264.968     894973.564          0.001
      68956.659      47973.011    1212957.792          0.001
      70707.449      46768.568    1979839.236          0.001
      71556.328      47817.157     854467.999          0.001
      71600.987      46837.591     897794.677          0.002
      72991.254      46944.986    3757642.044          0.002
      73160.115      47038.964     895676.339          0.002
      74383.423      47719.784     858172.865          0.002
      72991.254      46944.986    3757642.044          0.002
      72776.912      48001.499     881709.695          0.002
      73386.952      46974.976     895676.339          0.002
      74782.948      47080.781     885714.625          0.002
      74948.141      47093.301     849604.550          0.002
      75642.237      46777.245     890149.711          0.001
      74948.141      47093.301     849604.550          0.002
      74744.575      47920.780    1232800.946          0.002
      76735.774      46823.827     890149.711          0.002
      77893.642      46963.078     985060.835          0.002
      77893.642      46963.078     985060.835          0.002
      78096.417      47842.046     823951.947          0.002
      77893.642      46963.078     985060.835          0.002
      77153.575      47381.056     846337.916          0.002
      78742.192      47535.619     848296.031          0.002
      78096.417      47842.046     823951.947          0.002
       1787.442      48014.028     632068.149          0.002
       1488.717      48779.738     730904.969          0.001
       1787.442      48014.028     632068.149          0.002
       2169.219      48811.702     804612.105          0.001
       1787.442      48014.028     632068.149          0.002
       1111.786      48379.013     791105.562          0.001
       4348.588      47960.050     854379.610          0.001
       5062.616      47963.234    1093429.454          0.002
       3857.497      48155.438     854379.610          0.001
       2604.580      48780.097     804612.105          0.001
       5062.616      47963.234    1093429.454          0.002
       5062.856      48687.048     739101.362          0.001
       5062.616      47963.234    1093429.454          0.002
       5981.939      48571.146     825800.273          0.001
      10118.015      48141.608     851534.393          0.002
      10939.950      48097.763     948955.372          0.002
       9382.356      48514.020     851534.393          0.001
      10104.505      49097.048     528640.973          0.001
       8997.578      48236.576     851534.393          0.000
       9089.746      49633.538     747794.785          0.000
      10939.950      48097.763     948955.372          0.002
      11735.746      48705.962     823616.590          0.001
      10939.950      48097.763     948955.372          0.002
      10215.532      48964.248     815059.396          0.001
      13529.579      48211.442     860510.047          0.001
      14781.604      48837.889     825459.864          0.001
      13232.891      48172.142     860510.047          0.001
      12106.644      48989.425    1546874.702          0.001
      16643.677      48376.226     858474.171          0.000
      17106.344      48905.499     547780.663          0.001
      16052.937      48364.280     858474.171          0.001
      14981.109      48937.711    2407231.740          0.001
      18293.731      47752.301     981680.790          0.002
      17410.146      48610.444     827608.414          0.002
      18293.731      47752.301     981680.790          0.002
      18107.497      48796.333     821079.639          0.001
      18293.731      47752.301     981680.790          0.002
      18751.462      48311.665     830742.504          0.001
      22025.554      47936.146     871718.870          0.001
      21327.401      48915.441    1527907.639          0.001
      24089.721      47721.217     958076.358          0.001
      24281.803      48422.521     808146.114          0.001
      24089.721      47721.217     958076.358          0.001
      23132.196      48275.262     831060.086          0.001
      26505.408      47853.523    1176517.592          0.002
      27796.623      48051.753     860450.949          0.002
      26505.408      47853.523    1176517.592          0.002
      26510.247      48760.840     818373.463          0.001
      26505.408      47853.523    1176517.592          0.002
      25780.264      48321.280     808146.114          0.002
      28236.968      48284.011     860450.949          0.001
      26952.938      48841.925     818373.463          0.001
      28516.982      48162.344    1527487.323          0.001
      29371.228      47939.068     869482.028          0.000
      29506.977      48084.905     869482.028          0.001
      30407.162      49157.130     810857.267          0.001
      30548.267      47980.876     869482.028          0.002
      31267.562      48008.425     582281.448          0.002
      31267.562      48008.425     582281.448          0.002
      31780.124      48540.524     810047.176          0.001
      31267.562      48008.425     582281.448          0.002
      32254.149      47963.920     732324.477          0.002
      32254.149      47963.920     732324.477          0.002
      32889.402      48338.872     806008.694          0.002
      32254.149      47963.920     732324.477          0.002
      33068.478      47909.171     872944.105          0.002
      34743.761      48113.467     872944.105          0.001
      35350.486      48833.495    1047273.557          0.001
      36559.667      47840.104    1354763.985          0.002
      37127.837      48479.535     815974.118          0.001
      36559.667      47840.104    1354763.985          0.002
      35666.826      48573.609     827092.548          0.002
      36595.999      47837.055     873444.546          0.002
      37707.662      47743.762     542167.029          0.002
      37707.662      47743.762     542167.029          0.002
      38426.867      48279.362     819193.273          0.002
      37707.662      47743.762     542167.029          0.002
      38294.144      47183.809     882742.687          0.002
      40341.898      48254.470     853637.931          0.000
      40473.199      49648.299     759091.011          0.000
      40072.896      48286.467     853637.931          0.001
      39279.106      48914.036    1947912.291          0.001
      43383.664      47994.184     857189.527          0.002
      44584.719      48048.759    1008013.348          0.002
      42598.648      47958.514    4314369.238          0.001
      41950.959      48619.577     814115.912          0.001
      44584.719      48048.759    1008013.348          0.002
      44747.458      48856.849     806325.638          0.001
      44584.719      48048.759    1008013.348          0.002
      45282.862      47936.372     861529.157          0.002
      44584.719      48048.759    1008013.348          0.002
      43729.751      48421.218     818499.989          0.002
      48768.881      48002.019     818551.871          0.002
      49697.379      47948.700     860440.934          0.002
      48768.881      48002.019     818551.871          0.002
      48771.879      48787.121     801640.754          0.001
      48768.881      48002.019     818551.871          0.002
      49478.931      48338.352     818422.003          0.002
      48768.881      48002.019     818551.871          0.002
      48078.484      48311.771     808738.654          0.002
      48870.717      47830.111     857302.771          0.003
      49584.257      46625.594     901307.578          0.002
      51079.327      47898.864     860440.934          0.001
      52479.322      47902.695     861426.349          0.001
      50131.916      47209.213     860440.934          0.001
      49659.929      46497.853    1957886.981          0.002
      52480.149      47902.697    1634652.059          0.001
      51261.688      48465.656     818422.003          0.001
      52480.149      47902.697    1634652.059          0.001
      53429.819      47980.936     859904.982          0.001
      53977.236      48307.228     859904.982          0.001
      54785.868      49166.008     931266.672          0.001
      54705.734      48168.900    1522149.421          0.001
      55788.382      48645.166     812395.163          0.001
      54758.810      48157.658     854563.640          0.001
      56128.422      47867.550     875927.747          0.001
      54705.734      48168.900    1522149.421          0.001
      54785.868      49166.008     931266.672          0.001
      57633.688      47845.815     875927.747          0.002
      58711.312      47957.759    1006358.068          0.002
      58711.312      47957.759    1006358.068          0.002
      59389.117      48301.884     802540.582          0.002
      58711.312      47957.759    1006358.068          0.002
      58581.146      48828.468     799312.480          0.001
      58711.312      47957.759    1006358.068          0.002
      59426.365      47923.663     867715.670          0.002
      58711.312      47957.759    1006358.068          0.002
      57931.049      48347.035     812395.163          0.002
      61652.206      48227.283     867715.670          0.001
      62704.854      48825.755    1858352.984          0.001
      63739.632      48107.614    1529566.313          0.002
      65002.736      47893.886     871840.396          0.001
      63739.632      48107.614    1529566.313          0.002
      64295.231      48697.111     800377.617          0.001
      63739.632      48107.614    1529566.313          0.002
      62924.534      48673.296     823317.821          0.001
      65045.688      47886.618    2042466.497          0.001
      65879.659      48389.107     819344.925          0.001
      65045.688      47886.618    2042466.497          0.001
      66076.507      47793.129     873412.102          0.001
      67598.717      47842.594     873412.102          0.002
      68956.659      47973.011    1212957.792          0.001
      68956.659      47973.011    1212957.792          0.001
      68949.468      48725.388     676184.912          0.001
      68956.659      47973.011    1212957.792          0.001
      67861.525      48415.776     819344.925          0.002
      70407.515      48024.800     866504.919          0.001
      71543.421      48843.162     811188.993          0.001
      69695.008      48068.053     866504.919          0.001
      68949.468      48725.388     676184.912          0.001
      70525.393      47853.172     866504.919          0.001
      71777.304      48090.121    5457128.233          0.001
      71995.181      48070.804     854467.999          0.001
      72776.912      48001.499     881709.695          0.002
      72776.912      48001.499     881709.695          0.002
      73654.061      48666.094     810118.631          0.001
      72776.912      48001.499     881709.695          0.002
      72264.731      48507.136     811188.993          0.001
      73031.573      47991.052     859510.592          0.002
      74430.397      47933.668     858172.865          0.002
      74744.575      47920.780    1232800.946          0.002
      74242.537      48750.815     810118.631          0.001
      74744.575      47920.780    1232800.946          0.002
      75533.001      47996.688     846337.916          0.001
      76638.541      48286.941     846337.916          0.001
      77852.305      48745.846     980681.942          0.001
      76992.084      47945.816     846337.916          0.002
      78096.417      47842.046     823951.947          0.002
      78096.417      47842.046     823951.947          0.002
      78755.425      48235.857     791282.648          0.002
      78096.417      47842.046     823951.947          0.002
      77852.305      48745.846     980681.942          0.001
       2240.879      48961.424    1934438.988          0.001
       2819.889      49715.846     734824.231          0.000
       2282.095      48957.658     804612.105          0.001
       3676.287      48830.265     818842.776          0.001
       2240.879      48961.424    1934438.988          0.001
       1416.561      49658.462     730904.969          0.001
       4159.235      48786.135    8821812.316          0.000
       4901.268      49782.453     739101.362          0.000
       4159.235      48786.135    8821812.316          0.000
       3272.873      49745.702     734824.231          0.000
       6263.199      48757.133    1686050.370          0.001
       6770.854      49521.539     743400.641          0.001
       6263.199      48757.133    1686050.370          0.001
       7388.831      48807.118     823190.407          0.001
       6263.199      48757.133    1686050.370          0.001
       5561.932      49483.507     739101.362          0.001
       8095.078      48838.480   59609013.972          0.000
       9017.149      49889.674     747794.785          0.000
       8095.078      48838.480   59609013.972          0.000
       7181.896      49892.340     743400.641          0.000
      10104.505      49097.048     528640.973          0.001
      10661.734      49583.309     751418.854          0.001
      10104.505      49097.048     528640.973          0.001
       9566.819      49587.169     747794.785          0.001
      12106.644      48989.425    1546874.702          0.001
      13013.810      48833.593    8018287.639          0.000
      12106.644      48989.425    1546874.702          0.001
      11443.777      49681.873     751418.854          0.000
      13013.810      48833.593    8018287.639          0.000
      13934.781      49756.940     755033.069          0.000
      13013.810      48833.593    8018287.639          0.000
      12292.423      49809.831     752763.245          0.000
      13491.677      48858.884     829843.397          0.001
      14889.720      48932.874     825459.864          0.001
      14981.109      48937.711    2407231.740          0.001
      15823.067      49669.974     757454.138          0.001
      14981.109      48937.711    2407231.740          0.001
      14381.622      49729.891     755033.069          0.000
      17106.344      48905.499     547780.663          0.001
      18064.356      49038.181     632144.961          0.001
      17106.344      48905.499     547780.663          0.001
      16600.676      49517.854     757454.138          0.001
      18064.356      49038.181     632144.961          0.001
      18994.333      48866.410     830742.504          0.001
      18064.356      49038.181     632144.961          0.001
      17555.065      49615.036     758813.028          0.001
      19177.699      48832.542    7402453.061          0.000
      20033.484      49761.528     759780.714          0.000
      19177.699      48832.542    7402453.061          0.000
      18404.166      49783.288     759539.734          0.000
      19876.742      48859.499     830742.504          0.001
      21275.702      48913.447     825301.291          0.001
      21327.401      48915.441    1527907.639          0.001
      21938.662      49612.489     759291.947          0.001
      21327.401      48915.441    1527907.639          0.001
      22215.622      48775.197     831060.086          0.000
      21327.401      48915.441    1527907.639          0.001
      20651.233      49598.107     759780.714          0.001
      22287.911      48763.783   12957951.423          0.000
      23119.063      49787.960     758649.653          0.000
      22501.218      48802.081     831060.086          0.001
      23879.184      49049.486     808146.114          0.001
      24483.229      49157.938  308136240.395          0.000
      25316.455      50000.000     692643.173          0.000
      25253.819      49110.720     808146.114          0.001
      26511.701      49033.644    1617485.849          0.001
      24478.897      49160.998     808146.114          0.000
      23335.408      49968.730     758649.653          0.000
      26511.701      49033.644    1617485.849          0.001
      27120.337      49742.209     760671.651          0.000
      26511.701      49033.644    1617485.849          0.001
      25697.365      49692.034     759035.696          0.001
      26511.701      49033.644    1617485.849          0.001
      27826.329      49066.120     815547.871          0.001
      28533.052      49083.579   41373103.766          0.000
      29367.089      50000.000     636580.844          0.000
      29010.289      49106.151     815547.871          0.001
      30408.725      49172.295     810857.267          0.001
      28533.052      49083.579   41373103.766          0.000
      27439.545      49924.785     760671.651          0.000
      30420.356      49172.846    2465596.781          0.001
      31230.604      49862.317     761936.234          0.000
      30684.276      49172.942     810857.267          0.001
      32084.276      49173.455     810047.176          0.001
      30420.356      49172.846    2465596.781          0.001
      29560.178      49848.363     761336.427          0.000
      32389.925      49173.567    2716263.234          0.001
      33248.961      49864.303     761200.827          0.000
      32389.925      49173.567    2716263.234          0.001
      31549.783      49869.614     761936.234          0.000
      32443.454      49174.565     810047.176          0.001
      33843.211      49200.647     806008.694          0.001
      34365.945      49210.388   42576303.719          0.000
      35417.947      49981.605     760635.284          0.000
      34696.225      49083.953     806008.694          0.001
      35350.486      48833.495    1047273.557          0.001
      34365.945      49210.388   42576303.719          0.000
      33417.721      50000.000     595602.574          0.000
      35350.486      48833.495    1047273.557          0.001
      35936.368      49451.871     760541.953          0.001
      37603.618      49014.989    2342702.128          0.001
      38289.001      49784.436     760477.725          0.000
      37851.879      49000.031     815974.118          0.001
      39249.345      48915.829     819193.273          0.001
      37603.618      49014.989    2342702.128          0.001
      36756.236      49742.112     760541.953          0.000
      39067.990      48373.731     819193.273          0.001
      38558.475      47069.740     882742.687          0.001
      39279.106      48914.036    1947912.291          0.001
      40067.203      49611.419     759091.011          0.001
      39279.106      48914.036    1947912.291          0.001
      38726.894      49665.431     760477.725          0.000
      41643.031      48933.864  267639881.472          0.000
      42513.530      49978.263     758216.815          0.000
      41705.697      48929.031     814115.912          0.000
      42748.738      48848.588    6084618.989          0.000
      41609.478      48965.333     814115.912          0.000
      40588.341      49923.080     759091.011          0.000
      42748.738      48848.588    6084618.989          0.000
      43405.099      49798.533     758529.244          0.000
      43319.592      48922.099     818499.989          0.001
      44708.126      49100.907     806325.638          0.001
      44798.963      49112.605    1135664.771          0.001
      45357.428      49755.665     758211.496          0.000
      44798.963      49112.605    1135664.771          0.001
      45899.995      49046.820     808738.654          0.001
      44798.963      49112.605    1135664.771          0.001
      43977.681      49693.480     758529.244          0.001
      46527.612      49013.725     808738.654          0.000
      47555.833      49963.864     757901.794          0.000
      46523.136      49009.589  441241521.991          0.000
      45578.889      49990.372     758211.496          0.000
      47411.400      49071.932     808738.654          0.001
      48773.331      49167.519    1338858.968          0.001
      48773.331      49167.519    1338858.968          0.001
      49428.937      49811.948     757863.094          0.000
      48773.331      49167.519    1338858.968          0.001
      50088.813      48901.848     818422.003          0.001
      48773.331      49167.519    1338858.968          0.001
      47929.389      49763.726     757901.794          0.000
      50495.262      48819.763   14513413.225          0.000
      51444.032      49793.218     756969.677          0.000
      50495.262      48819.763   14513413.225          0.000
      49735.919      49843.985     757863.094          0.000
      50833.946      48830.248     818422.003          0.001
      52233.275      48873.565     815524.386          0.001
      52824.656      48891.872   63727344.116          0.000
      53629.667      49946.021     756642.541          0.000
      53564.420      48995.275     815524.386          0.001
      54785.868      49166.008     931266.672          0.001
      52797.508      48917.387     815524.386          0.000
      51777.337      49876.163     756969.677          0.000
      54785.868      49166.008     931266.672          0.001
      55421.090      49747.960     756291.271          0.000
      54785.868      49166.008     931266.672          0.001
      56062.133      49054.286     812395.163          0.001
      54785.868      49166.008     931266.672          0.001
      54041.908      49722.481     756642.541          0.001
      56609.478      49006.373   10938917.403          0.000
      57571.602      49866.046     754760.931          0.000
      57203.580      49074.743     812395.163          0.001
      58521.653      49226.428     918236.156          0.001
      56609.478      49006.373   10938917.403          0.000
      55783.636      49904.872     756291.271          0.000
      58521.653      49226.428     918236.156          0.001
      59335.542      49740.311     751778.511          0.001
      58521.653      49226.428     918236.156          0.001
      57935.119      49793.491     754760.931          0.000
      61011.246      49125.449  244271422.132          0.000
      61772.151      50000.000     733659.219          0.000
      61641.347      49013.949     802540.582          0.001
      62704.854      48825.755    1858352.984          0.001
      60978.856      49147.853     802540.582          0.000
      59827.442      49944.249     751778.511          0.000
      62704.854      48825.755    1858352.984          0.001
      63391.178      49563.354     748849.299          0.001
      62704.854      48825.755    1858352.984          0.001
      62104.290      49581.847     749932.355          0.001
      64779.279      49210.692    3881107.260          0.000
      65696.594      49904.551     747564.839          0.000
      64973.041      49177.828     800377.617          0.001
      66353.328      48943.717     819344.925          0.001
      64779.279      49210.692    3881107.260          0.000
      63901.840      49916.093     748849.299          0.000
      66701.986      48884.581   16180446.642          0.000
      67673.981      49830.543     745517.454          0.000
      66701.986      48884.581   16180446.642          0.000
      65916.200      49881.484     747564.839          0.000
      67649.090      48817.496     819344.925          0.001
      68949.468      48725.388     676184.912          0.001
      68949.468      48725.388     676184.912          0.001
      68894.929      49509.034     744284.521          0.001
      68949.468      48725.388     676184.912          0.001
      68331.872      49440.131     745517.454          0.001
      69799.427      49128.807   80950501.327          0.000
      70850.421      49971.413     742028.799          0.000
      70253.632      49099.443     803466.563          0.001
      71650.716      49009.122     811188.993          0.000
      69799.427      49128.807   80950501.327          0.000
      68860.760      50000.000     671211.115          0.000
      71763.644      49001.821    7366426.781          0.000
      72720.721      49834.177     739587.332          0.000
      71763.644      49001.821    7366426.781          0.000
      70987.655      49884.462     742028.799          0.000
      74092.743      48998.473    1422154.280          0.001
      74675.197      49689.665     736784.544          0.000
      74092.743      48998.473    1422154.280          0.001
      75281.867      49016.344     804698.355          0.001
      74092.743      48998.473    1422154.280          0.001
      73327.157      49647.522     739587.332          0.001
      75738.230      49023.202   14915270.828          0.000
      76794.724      49866.464     733635.954          0.000
      76705.168      48896.345     804698.355          0.001
      77852.305      48745.846     980681.942          0.001
      75738.230      49023.202   14915270.828          0.000
      74977.481      49950.312     736784.544          0.000
      77852.305      48745.846     980681.942          0.001
      78427.907      49381.855     730436.715          0.001
      77852.305      48745.846     980681.942          0.001
      77388.681      49398.964     733635.954          0.001
      77852.305      48745.846     980681.942          0.001
      78839.284      48853.265     791282.648          0.001
      15246.896       3421.807     880460.940          0.001
      15507.750       4484.784    1604615.789          0.002
      27371.980       7746.627     995501.041          0.002
      26802.924       8153.095    5751471.098          0.002
      71098.777      33094.969    1335081.323          0.002
      71071.211      32308.820    1009892.437          0.001
      71106.062      33095.000    1020838.530          0.002
      72175.468      33099.598    1237484.549          0.002
      71568.843      32594.087    1009892.437          0.002
      72175.468      33099.598    1237484.549          0.002
      44694.905      33558.457    2298677.596          0.002
      44729.201      33180.453     873551.051          0.003
      57798.539      17873.792    7266006.609          0.003
      58167.080      18223.406     881026.794          0.004
      43524.352      28328.443    1257968.848          0.002
      43342.014      29099.391    3789428.807          0.002
      43671.732      20016.996     654014.483          0.005
      43659.917      19298.716    1213990.059          0.005
