       1082.127        138.378       8918.960          0.002
       1710.244       1389.565     800443.958          0.006
       1143.434        109.686       8918.960          0.002
       2216.088       1009.360     768381.689          0.002
       2047.943        115.632       8924.876          0.001
       2224.145       1016.118     548506.841          0.002
       3079.248         32.341       8927.439          0.001
       4181.231        895.842     722125.007          0.001
       2948.080        112.239       8927.439          0.002
       2224.145       1016.118     548506.841          0.002
       5107.782         38.271       8929.534          0.001
       6169.143        951.241     777451.939          0.002
       5043.325         22.492       8929.534          0.000
       4232.423        935.955    4250399.208          0.000
       7066.681         28.867       8934.818          0.000
       6288.257       1053.702    5076983.845          0.000
       8105.218         70.933       8938.025          0.001
       8165.343       1150.060    2655550.106          0.001
       8068.347         36.897       8938.025          0.001
       7313.255        883.251    1055915.274          0.001
       9048.698         79.080       8940.453          0.001
       8165.343       1150.060    2655550.106          0.001
      10134.137        166.167       8943.738          0.002
      10197.724       1564.723     834838.486          0.006
      10180.577         39.769       8943.738          0.001
      11235.966        817.097    1741016.677          0.001
      10091.669         41.849       8943.738          0.001
       9194.811       1116.859     789925.265          0.001
      12111.951         35.636       8945.927          0.001
      11235.966        817.097    1741016.677          0.001
      13118.403         54.108       8947.792          0.001
      12209.842       1119.246     795522.967          0.001
      13208.776         47.884       8947.792          0.001
      14142.717       1059.236    2010058.529          0.001
      15177.107        130.038       8952.569          0.001
      15040.324       1523.340     837751.793          0.005
      15228.540         41.424       8952.569          0.001
      16183.847       1064.844     802153.773          0.001
      15141.430         49.002       8952.569          0.001
      14157.175       1044.612     794929.681          0.001
      17258.818         68.089       8956.297          0.001
      18003.715       1230.610    1501185.732          0.001
      17179.651         40.483       8956.297          0.001
      16256.044       1092.600     802153.773          0.001
      18269.846         30.759       8959.007          0.001
      19399.324        857.970     747281.785          0.002
      20376.591        120.970       8967.576          0.002
      21376.439       1100.922     821128.234          0.002
      20239.350         16.785       8967.576          0.000
      19491.474        925.458    5645692.458          0.000
      21284.066        130.490       8972.923          0.001
      21426.608       1150.093     893194.966          0.001
      22332.859         50.918       8973.760          0.001
      23354.791       1007.817     818398.397          0.002
      22184.124        127.389       8973.760          0.002
      21426.608       1150.093     893194.966          0.001
      24266.455         47.054       8973.732          0.001
      23440.394       1087.972    2347448.358          0.001
      25256.326         59.068       8975.703          0.001
      24328.222        970.796     500430.307          0.001
      26446.907        126.670       8979.460          0.002
      27400.278       1151.894     832627.242          0.002
      26292.446         39.787       8979.460          0.001
      25343.671       1069.265     826360.992          0.003
      27355.852        137.855       8983.010          0.001
      27466.724       1223.347    1045411.107          0.001
      28409.042         54.289       8982.227          0.001
      29401.919       1041.303     829494.569          0.003
      28256.505        134.950       8982.227          0.002
      27466.724       1223.347    1045411.107          0.001
      30418.441         39.321       8977.694          0.001
      31330.953        966.608    2063236.271          0.001
      30345.275         51.438       8977.694          0.001
      29569.971       1208.363    5026489.841          0.001
      32406.791        172.901       8977.101          0.002
      32420.777       1572.831     873524.123          0.009
      32358.117         42.248       8977.101          0.001
      31330.953        966.608    2063236.271          0.001
      32469.868         68.546       8977.101          0.001
      33431.657       1085.876     829309.513          0.003
      33472.524         43.276       8976.574          0.001
      34571.253        910.913     757665.407          0.001
      35469.311         26.227       8975.190          0.000
      36324.214        879.662    2503982.111          0.001
      35409.483         36.330       8975.190          0.001
      34588.854        924.812    1685147.680          0.001
      37564.920        128.300       8979.752          0.002
      38340.856       1159.235     940305.655          0.001
      37425.005         33.329       8979.752          0.001
      36324.214        879.662    2503982.111          0.001
      38465.114        131.502       8980.809          0.001
      38340.856       1159.235     940305.655          0.001
      39371.718        122.631       8977.375          0.002
      38384.522       1115.326     829855.740          0.002
      39506.740         13.590       8977.375          0.000
      40356.386        897.032    7107151.478          0.000
      41580.291        145.841       8973.554          0.002
      42122.785       1436.461     857046.491          0.007
      41574.632         57.072       8973.554          0.001
      42551.951       1059.493     821824.525          0.002
      41488.857         23.249       8973.554          0.000
      40380.439        878.473     733989.893          0.001
      43582.524         60.554       8970.808          0.001
      44305.050       1205.240    3610310.796          0.001
      43500.495         56.051       8970.808          0.001
      42643.143       1153.028    3659710.564          0.001
      45600.808         30.300       8967.506          0.000
      46543.352        946.025    7702867.661          0.000
      45504.556         62.012       8967.506          0.001
      44491.118       1027.902     822014.821          0.003
      47558.873         32.445       8965.543          0.001
      46543.352        946.025    7702867.661          0.000
      47632.159         49.947       8965.543          0.001
      48422.055       1109.932    3422427.114          0.001
      49604.195        129.527       8964.859          0.001
      49431.963       1518.892     848352.350          0.004
      49667.123         35.985       8964.859          0.001
      50723.863        847.292    1511285.196          0.001
      49562.065         53.900       8964.859          0.001
      48535.009       1005.298     813102.130          0.002
      51611.236         31.562       8959.991          0.000
      50723.863        847.292    1511285.196          0.001
      52710.551         33.176       8959.290          0.001
      53881.863        775.868    1404226.436          0.001
      52626.388         39.840       8959.290          0.001
      51752.337       1133.474     813769.058          0.002
      54723.982         52.063       8957.018          0.001
      55582.794       1157.705     809283.468          0.002
      54660.254         22.538       8957.018          0.000
      53881.863        775.868    1404226.436          0.001
      56709.463        172.740       8955.152          0.002
      56714.351       1572.731     853440.074          0.007
      56662.978         52.899       8955.152          0.001
      55745.656       1110.500     809283.468          0.002
      56758.795         35.531       8955.152          0.001
      57899.497        847.195     680588.112          0.001
      58709.207         25.926       8949.399          0.000
      57910.582        855.082    1965505.180          0.001
      58766.449         25.077       8949.399          0.000
      59871.903        884.130     713747.018          0.001
      60744.309         15.835       8947.482          0.000
      59894.735        901.873    5878903.188          0.000
      60749.460         48.518       8947.482          0.001
      60513.594       1189.284    4076035.468          0.001
      61709.270         59.420       8946.494          0.001
      60691.713       1020.969     799513.823          0.003
      61808.761         30.543       8946.494          0.001
      62883.773        927.398     778120.510          0.001
      63779.506         21.087       8945.991          0.000
      62956.074        987.717    6237428.642          0.000
      63845.709         45.301       8945.991          0.001
      64866.251       1003.682     793591.737          0.001
      65948.810        117.992       8951.131          0.002
      66970.804       1074.824     801965.480          0.003
      65788.042         41.233       8951.131          0.001
      64928.145       1061.806    4102124.947          0.001
      66857.951        128.651       8952.888          0.001
      67033.819       1133.822     825625.486          0.002
      67895.796         44.639       8950.456          0.001
      68917.944       1001.306     789802.909          0.001
      67757.817        125.712       8950.456          0.002
      67033.819       1133.822     825625.486          0.002
      69926.606         60.781       8941.992          0.001
      70848.559       1114.348     787479.160          0.001
      69838.474         40.633       8941.992          0.001
      68970.212       1050.225    4423958.957          0.001
      70920.120         48.544       8938.474          0.001
      71723.935       1194.790     790528.154          0.001
      72940.709         41.385       8932.528          0.001
      73676.292       1079.739    3463388.530          0.001
      72862.726         51.390       8932.528          0.001
      71900.090       1067.919     790528.154          0.003
      74970.196         33.623       8926.821          0.001
      75880.310        947.451    3010178.686          0.001
      74879.745         48.798       8926.821          0.001
      73816.528        959.605     776993.956          0.003
      76989.471         31.053       8920.644          0.000
      77756.879        899.409    1750032.982          0.001
      76919.584         37.175       8920.644          0.001
      75880.310        947.451    3010178.686          0.001
      78983.026         96.075       8913.101          0.001
      78920.217       1494.666     803029.817          0.007
      78931.654         40.704       8913.101          0.001
      77801.405        866.862     684942.576          0.001
       1191.289       1506.409     754774.582          0.001
       1917.668       1802.744    2842089.635          0.001
       2224.145       1016.118     548506.841          0.002
       3233.519       1487.602     818341.666          0.003
       2224.145       1016.118     548506.841          0.002
       3045.135        983.347     722125.007          0.002
       4833.624       1389.921     722125.007          0.001
       5872.699       2174.525    3576332.284          0.001
       4553.612        954.351     722125.007          0.001
       5951.321       1034.404     777451.939          0.001
       6288.257       1053.702    5076983.845          0.000
       7313.255        883.251    1055915.274          0.001
       6929.312       1227.407     688724.608          0.002
       5886.821       2161.866     831954.967          0.001
       7598.235       1179.938     688724.608          0.001
       8318.473       1929.767    2053721.938          0.002
       7313.255        883.251    1055915.274          0.001
       8165.343       1150.060    2655550.106          0.001
       8918.980       1375.467     789925.265          0.001
       8318.473       1929.767    2053721.938          0.002
      11235.966        817.097    1741016.677          0.001
      12193.392       1138.530    3154894.490          0.001
      10806.671       1291.572     645461.496          0.001
      10215.035       1945.473     947448.486          0.002
      13094.600       1962.624     795522.967          0.002
      14025.180       2813.578    5479312.020          0.000
      12452.384       1127.995     795522.967          0.001
      13851.227       1071.093     794929.681          0.001
      12065.869       2097.627     795522.967          0.002
      11955.421       2928.307     988661.963          0.001
      11572.622       1447.818     795522.967          0.001
      10888.159       1788.839     815794.733          0.002
      14282.881       1196.371     794929.681          0.001
      15003.233       1901.161    2168382.251          0.001
      14092.553       1807.979     794929.681          0.002
      14025.180       2813.578    5479312.020          0.000
      16659.172       1145.191     802153.773          0.001
      18003.715       1230.610    1501185.732          0.001
      18151.538       1341.084     811283.174          0.001
      19167.126       2100.066    3200223.343          0.001
      18003.715       1230.610    1501185.732          0.001
      19197.414        985.772     747281.785          0.001
      17689.405       1493.036     811283.174          0.001
      17028.116       2045.164     906346.209          0.002
      20510.952       1482.739     747281.785          0.002
      21405.340       1971.640    5115654.343          0.000
      20660.395       1061.149     747281.785          0.002
      21426.608       1150.093     893194.966          0.001
      21426.608       1150.093     893194.966          0.001
      22199.855       2136.031    2483750.694          0.001
      21426.608       1150.093     893194.966          0.001
      22293.570       1123.349     818398.397          0.002
      23576.612       1267.341     818398.397          0.001
      24277.376       2190.089    2274360.575          0.001
      22810.747       1619.925     818398.397          0.002
      22199.855       2136.031    2483750.694          0.001
      23440.394       1087.972    2347448.358          0.001
      24328.222        970.796     500430.307          0.001
      24328.222        970.796     500430.307          0.001
      24277.376       2190.089    2274360.575          0.001
      24328.222        970.796     500430.307          0.001
      25132.276       1239.224     826360.992          0.000
      26669.208       1233.733     826360.992          0.002
      27466.724       1223.347    1045411.107          0.001
      27466.724       1223.347    1045411.107          0.001
      26634.970       1629.788     861026.970          0.002
      27466.724       1223.347    1045411.107          0.001
      28177.322       2035.290     864327.851          0.001
      27466.724       1223.347    1045411.107          0.001
      28329.827       1217.198     829494.569          0.002
      29414.815       2280.909     829494.569          0.002
      29297.107       3094.587    1171891.170          0.001
      28964.863       1642.745     829494.569          0.001
      28270.200       2141.414    2033735.822          0.001
      29777.897       1179.818     829494.569          0.001
      31164.888        989.406     792954.613          0.001
      31913.600       1649.530     792954.613          0.002
      32427.562       2251.946    1454487.467          0.002
      30877.343       1377.049     792954.613          0.001
      30241.531       1952.352    1711913.363          0.001
      33737.043       1491.192     829309.513          0.001
      34208.796       2223.323   17866813.279          0.000
      33570.516       1232.753    1630891.251          0.001
      34588.854        924.812    1685147.680          0.001
      33057.451       1690.263     829309.513          0.002
      32427.562       2251.946    1454487.467          0.002
      34928.340       1457.029     757665.407          0.001
      35321.959       2074.113     969956.910          0.001
      34431.278       1463.187     757665.407          0.001
      34208.796       2223.323   17866813.279          0.000
      34666.021        922.805     757665.407          0.001
      36065.547        886.392     721804.797          0.001
      36839.933       1504.690     721804.797          0.002
      37301.706       2064.338    1163216.845          0.001
      37498.647       1042.477     721804.797          0.002
      38340.856       1159.235     940305.655          0.001
      35792.616       1513.201     721804.797          0.002
      35321.959       2074.113     969956.910          0.001
      38340.856       1159.235     940305.655          0.001
      39101.172       1060.324     733989.893          0.002
      38340.856       1159.235     940305.655          0.001
      37301.706       2064.338    1163216.845          0.001
      41486.680       1483.868     733989.893          0.002
      42325.846       1919.554    1887833.917          0.001
      39415.097       1484.002     733989.893          0.002
      38706.978       1925.572    5300990.913          0.000
      43633.613       1740.931     821824.525          0.002
      44435.695       2217.015    1757107.132          0.001
      42811.734       1158.324     821824.525          0.001
      44211.043       1202.287     822014.821          0.001
      44525.105       1179.756     822014.821          0.001
      45915.810       1018.700     765842.065          0.001
      45244.077       1729.533     765842.065          0.002
      44435.695       2217.015    1757107.132          0.001
      46925.683        979.381     765842.065          0.001
      48320.385       1101.062     813102.130          0.001
      48831.714       1457.249     813102.130          0.001
      49381.792       1923.616    2029235.679          0.000
      47514.191       1699.958     813102.130          0.002
      46682.769       2240.305    4867705.744          0.001
      50752.166       1613.102     683530.451          0.002
      50796.950       2824.823    2582344.213          0.001
      50723.863        847.292    1511285.196          0.001
      51647.315       1264.880   10902321.347          0.000
      50169.928       1291.540     683530.451          0.002
      49381.792       1923.616    2029235.679          0.000
      52932.506       1728.637     813769.058          0.002
      53729.644       2016.281     424643.388          0.003
      52298.258       1122.427     813769.058          0.001
      53665.892        823.131     623565.521          0.001
      51276.205       1945.659     813769.058          0.001
      50796.950       2824.823    2582344.213          0.001
      53820.356       1277.081     623565.521          0.001
      53729.644       2016.281     424643.388          0.003
      54041.896        817.365     623565.521          0.001
      55397.078       1168.767     809283.468          0.001
      56192.592       1722.328     809283.468          0.001
      56716.497       2187.667    2397008.205          0.001
      54563.981       1673.760     809283.468          0.002
      53729.644       2016.281     424643.388          0.003
      58219.574       1525.642     680588.112          0.002
      58528.534       2196.129    1093660.131          0.001
      58047.621        858.314     680588.112          0.001
      59447.232        891.320     713747.018          0.001
      57264.135       1576.510     680588.112          0.002
      56716.497       2187.667    2397008.205          0.001
      60028.736       1078.514     713747.018          0.001
      60576.637       1800.759    3039071.543          0.001
      59070.096       1683.086     713747.018          0.002
      58528.534       2196.129    1093660.131          0.001
      60764.604       1168.569     799513.823          0.001
      62159.861       1053.425     778120.510          0.001
      63391.524       1004.077     778120.510          0.001
      64790.537       1056.636     793591.737          0.001
      61854.426       1364.145     778120.510          0.002
      60576.637       1800.759    3039071.543          0.001
      64051.796       1564.921     778120.510          0.002
      64904.746       2014.238    1648868.245          0.001
      65969.896       1548.101     793591.737          0.002
      66730.104       1902.970    2146087.124          0.001
      66170.355       1104.291     793591.737          0.002
      67033.819       1133.822     825625.486          0.002
      67033.819       1133.822     825625.486          0.002
      68163.573       1658.959     838557.173          0.002
      67033.819       1133.822     825625.486          0.002
      67861.895       1098.073     789802.909          0.002
      69486.531       1591.420     789802.909          0.001
      70070.607       2203.635    2616588.073          0.000
      69384.302       1066.044     789802.909          0.001
      70783.281       1119.486     787479.160          0.001
      70973.848       1287.030     787479.160          0.001
      71698.343       2295.540    3103040.537          0.001
      70855.468       1122.244    1437626.304          0.001
      71747.765       1228.772    4632840.467          0.001
      70612.918       1456.432     787479.160          0.001
      70070.607       2203.635    2616588.073          0.000
      72071.304       1203.769     790528.154          0.001
      73467.142       1095.901     776993.956          0.001
      72884.612       1566.367     776993.956          0.002
      71698.343       2295.540    3103040.537          0.001
      74047.029       1057.487     776993.956          0.001
      75444.514        973.608     726891.074          0.001
      74885.393       1708.716     726891.074          0.002
      74169.735       2256.305     827160.311          0.002
      76173.880        939.936     726891.074          0.001
      77573.421        904.105     684942.576          0.001
      77841.635        990.657     684942.576          0.001
      78794.416       2016.430     803029.817          0.001
      77326.058       1429.790     684942.576          0.002
      76712.605       2185.006    2107714.502          0.000
      76985.890       1310.355     684942.576          0.002
      76075.587       1795.557     902921.992          0.001
      79691.034       1327.482     752102.459          0.001
      78892.064       2121.559    2629328.758          0.001
       1140.617       2710.604     795695.894          0.001
       1822.271       3110.882    1694895.302          0.001
       3043.503       2459.881     800443.958          0.003
       4165.093       3114.540    1472343.891          0.002
       1917.668       1802.744    2842089.635          0.001
       1822.271       3110.882    1694895.302          0.001
       1917.668       1802.744    2842089.635          0.001
       3207.541       1900.131     818341.666          0.002
       4291.965       1982.007    1997292.328          0.001
       5671.821       2150.060     831954.967          0.001
       4266.610       2208.335     818341.666          0.001
       4165.093       3114.540    1472343.891          0.002
       7226.226       2820.403     831954.967          0.003
       8219.180       3294.222    1361251.126          0.001
       5862.452       2436.535     831954.967          0.001
       5829.409       3281.385    1453749.249          0.003
       6960.984       2065.616     831954.967          0.002
       8318.473       1929.767    2053721.938          0.002
       5050.308       2627.241     831954.967          0.002
       4165.093       3114.540    1472343.891          0.002
       8300.473       2177.118     828209.716          0.002
       8219.180       3294.222    1361251.126          0.001
       8926.418       2314.855     828209.716          0.002
       9926.189       2948.136    1859946.244          0.001
       8970.107       1935.164     828209.716          0.002
      10215.035       1945.473     947448.486          0.002
      10215.035       1945.473     947448.486          0.002
      10888.159       1788.839     815794.733          0.002
      10215.035       1945.473     947448.486          0.002
       9926.189       2948.136    1859946.244          0.001
      11004.879       1913.456     827956.546          0.002
      11955.421       2928.307     988661.963          0.001
      10814.150       1878.030     827956.546          0.002
       9926.189       2948.136    1859946.244          0.001
      15821.226       1959.334     837751.793          0.002
      17028.116       2045.164     906346.209          0.002
      15589.898       2479.059     837751.793          0.002
      16372.381       3249.849     964075.981          0.001
      14976.848       1925.774     837751.793          0.002
      14025.180       2813.578    5479312.020          0.000
      17028.116       2045.164     906346.209          0.002
      17176.095       2993.162    3838009.934          0.000
      17028.116       2045.164     906346.209          0.002
      18181.021       2074.756     852548.366          0.002
      16990.764       2113.786     847660.793          0.002
      16372.381       3249.849     964075.981          0.001
      18673.206       2953.706     852548.366          0.002
      18132.790       3887.705    1984348.872          0.001
      19276.664       2201.970     852548.366          0.001
      20136.335       3001.726    2032654.533          0.000
      20010.862       2051.654     852548.366          0.002
      21405.340       1971.640    5115654.343          0.000
      19229.947       2389.825     852548.366          0.001
      19418.747       3260.653     506641.137          0.001
      18441.213       2425.681     852548.366          0.002
      17176.095       2993.162    3838009.934          0.000
      21405.340       1971.640    5115654.343          0.000
      20318.912       2853.524     890679.248          0.000
      21583.374       2273.321     851606.552          0.000
      22101.316       3150.981    1561895.352          0.001
      22199.855       2136.031    2483750.694          0.001
      23242.276       2163.156     859120.604          0.002
      24277.376       2190.089    2274360.575          0.001
      25374.922       2222.503     861026.970          0.001
      23091.951       2713.542     859120.604          0.003
      22101.316       3150.981    1561895.352          0.001
      24287.669       2228.746     859120.604          0.001
      24556.782       3239.448    1021569.589          0.002
      25145.004       2546.836     861026.970          0.001
      24556.782       3239.448    1021569.589          0.002
      26371.593       2188.093     861026.970          0.002
      27518.531       2145.067    5624878.263          0.000
      26342.678       2657.655     861026.970          0.002
      27110.228       3018.296    1271679.963          0.001
      28506.116       2360.390     864327.851          0.001
      29297.107       3094.587    1171891.170          0.001
      28343.437       3191.646     864327.851          0.002
      28418.513       4268.251    1591934.825          0.001
      27971.017       2367.582     864327.851          0.001
      27110.228       3018.296    1271679.963          0.001
      30507.658       2268.374     859266.550          0.002
      31327.392       3241.794    1459696.186          0.002
      31139.310       2075.392     859266.550          0.002
      32427.562       2251.946    1454487.467          0.002
      30099.067       2124.656     859266.550          0.002
      29297.107       3094.587    1171891.170          0.001
      32427.562       2251.946    1454487.467          0.002
      33446.524       2235.572     872909.502          0.001
      32397.701       2278.813     873524.123          0.002
      31356.946       3215.203     908304.095          0.002
      32427.562       2251.946    1454487.467          0.002
      32323.644       3014.577    2656714.201          0.001
      34623.220       2498.473     872909.502          0.001
      35472.226       3062.158    4020655.483          0.001
      35404.879       2129.937     868170.034          0.001
      36566.218       2911.789     903234.827          0.002
      35902.221       2071.248     868170.034          0.002
      37301.706       2064.338    1163216.845          0.001
      35321.959       2074.113     969956.910          0.001
      35472.226       3062.158    4020655.483          0.001
      37375.802       2119.417     868074.936          0.001
      38499.385       2954.618     904485.481          0.001
      37301.706       2064.338    1163216.845          0.001
      36648.864       2967.429    1647409.599          0.002
      38706.978       1925.572    5300990.913          0.000
      39786.888       1859.705     852552.233          0.001
      40904.544       2411.941     852552.233          0.002
      41650.163       3300.263    2741209.297          0.000
      41285.618       1866.473     852552.233          0.002
      42325.846       1919.554    1887833.917          0.001
      39369.712       2494.710     852552.233          0.002
      38573.847       3009.969    1489640.046          0.001
      42588.678       2152.972     857046.491          0.002
      43545.620       3002.822    1372233.613          0.001
      43122.408       2031.859     857046.491          0.002
      44435.695       2217.015    1757107.132          0.001
      42325.846       1919.554    1887833.917          0.001
      41800.533       2992.992     910196.521          0.000
      44471.319       2477.400     869679.374          0.002
      44656.533       3831.155    1646308.473          0.001
      44693.171       2399.500     869679.374          0.002
      45813.428       3193.476    2498907.945          0.002
      44435.695       2217.015    1757107.132          0.001
      45798.330       2231.139     867655.152          0.002
      44435.695       2217.015    1757107.132          0.001
      43545.620       3002.822    1372233.613          0.001
      46621.095       2560.082     867655.152          0.001
      46375.110       3835.508    1496293.223          0.002
      46736.386       2307.833     867655.152          0.001
      47534.693       3313.249    1072142.364          0.001
      46847.930       2210.326     867655.152          0.001
      48225.422       1960.293     846630.257          0.002
      48384.410       2339.792     846630.257          0.002
      47534.693       3313.249    1072142.364          0.001
      48803.934       1928.401     846630.257          0.001
      48735.708       3177.887    2377234.712          0.001
      48807.967       1854.554    1268725.915          0.001
      49381.792       1923.616    2029235.679          0.000
      49451.819       2845.780     848352.350          0.001
      49528.969       3861.743     963646.819          0.002
      49451.326       1967.897     848352.350          0.000
      50632.206       2719.910     882044.159          0.002
      49202.383       2271.910     848352.350          0.000
      48735.708       3177.887    2377234.712          0.001
      52804.027       2144.499     857503.000          0.002
      53729.644       2016.281     424643.388          0.003
      52183.738       3154.687     857503.000          0.002
      52541.500       3920.921    1612888.313          0.001
      53729.644       2016.281     424643.388          0.003
      52956.150       2747.113     885314.275          0.002
      53729.644       2016.281     424643.388          0.003
      54817.416       1962.143     840919.434          0.002
      55753.123       2219.433     840919.434          0.001
      55863.426       3096.068    1033948.574          0.002
      54822.430       2306.580     840919.434          0.002
      53660.725       2812.953    2638710.134          0.002
      55897.822       1966.762     840919.434          0.001
      56716.497       2187.667    2397008.205          0.001
      56922.810       2188.630     853440.074          0.001
      58322.795       2195.168     853516.606          0.001
      58528.534       2196.129    1093660.131          0.001
      58665.026       3588.737     921292.330          0.002
      58528.534       2196.129    1093660.131          0.001
      59560.403       1996.935     831134.513          0.002
      58528.534       2196.129    1093660.131          0.001
      59638.976       3048.247     892388.569          0.001
      60595.424       2507.604     831134.513          0.002
      60631.789       3875.813   18518851.021          0.000
      60229.470       2283.268     831134.513          0.002
      59664.803       3068.066     997532.536          0.001
      61068.119       2259.202     831134.513          0.002
      61787.565       2930.284     437773.808          0.004
      61006.638       1877.220     831134.513          0.002
      62385.017       2122.319     851608.527          0.002
      62795.136       3188.143     851608.527          0.002
      62638.254       4190.223    2332529.171          0.002
      63732.899       2138.640     851608.527          0.002
      64904.746       2014.238    1648868.245          0.001
      63323.949       2568.972     851608.527          0.002
      63997.539       3187.719    1078110.943          0.001
      62556.146       2460.603     851608.527          0.002
      61787.565       2930.284     437773.808          0.004
      65476.381       1979.393     844168.484          0.002
      66730.104       1902.970    2146087.124          0.001
      64748.933       2215.784     844168.484          0.002
      63997.539       3187.719    1078110.943          0.001
      64904.746       2014.238    1648868.245          0.001
      64714.756       2809.028    4066947.938          0.000
      65523.983       2419.167     844168.484          0.002
      66585.159       3113.088    3975456.949          0.001
      66852.670       2007.154     840182.694          0.002
      67919.372       2913.877     886165.181          0.001
      66730.104       1902.970    2146087.124          0.001
      67984.208       1933.380     838557.173          0.002
      69183.739       2371.571     838557.173          0.002
      70022.727       3277.854    1433431.162          0.001
      68728.722       2048.486     838557.173          0.001
      68041.885       3018.017    1704486.054          0.001
      68796.315       1953.073    2008623.522          0.001
      70020.919       2193.865     846256.210          0.000
      70070.607       2203.635    2616588.073          0.000
      71346.451       2275.671     845262.711          0.002
      72994.585       2770.415     845262.711          0.003
      74035.729       3151.836     986264.783          0.001
      71698.343       2295.540    3103040.537          0.001
      71757.213       3198.156    4650033.408          0.000
      73045.654       2274.150     845262.711          0.003
      74169.735       2256.305     827160.311          0.002
      70916.209       2754.058     845262.711          0.002
      70022.727       3277.854    1433431.162          0.001
      74169.735       2256.305     827160.311          0.002
      74826.358       3061.447     869368.523          0.000
      74169.735       2256.305     827160.311          0.002
      74035.729       3151.836     986264.783          0.001
      74169.735       2256.305     827160.311          0.002
      75409.819       1956.509     807482.226          0.002
      76075.587       1795.557     902921.992          0.001
      75328.268       2777.602     869368.523          0.001
      76075.587       1795.557     902921.992          0.001
      76712.605       2185.006    2107714.502          0.000
      76712.605       2185.006    2107714.502          0.000
      77856.295       2151.711     803029.817          0.002
      76441.727       2349.837     821386.345          0.000
      75245.749       3077.599     869368.523          0.000
      78892.064       2121.559    2629328.758          0.001
      79707.837       2813.434     827765.724          0.000
      78892.064       2121.559    2629328.758          0.001
      78758.819       3225.286    1539794.617          0.001
      77941.537       2632.760     803029.817          0.002
      77201.253       3030.891     672077.423          0.001
       1822.271       3110.882    1694895.302          0.001
       1153.847       3466.961     848375.611          0.001
       2011.578       3228.149     846599.357          0.002
       3095.634       3899.667    9248382.736          0.001
       1822.271       3110.882    1694895.302          0.001
       2008.551       4030.958   10328110.497          0.001
       2888.942       3112.548     846599.357          0.003
       4165.093       3114.540    1472343.891          0.002
       4165.093       3114.540    1472343.891          0.002
       5138.562       4080.485    4293856.334          0.002
       4165.093       3114.540    1472343.891          0.002
       3095.634       3899.667    9248382.736          0.001
       4436.636       3141.762     864786.056          0.002
       5829.409       3281.385    1453749.249          0.003
       6141.783       3719.540     877087.202          0.003
       6954.337       4859.279    1486778.419          0.001
       5829.409       3281.385    1453749.249          0.003
       6697.439       3816.260     903498.297          0.001
       6819.891       3286.706     877087.202          0.004
       8219.180       3294.222    1361251.126          0.001
       8219.180       3294.222    1361251.126          0.001
       9065.145       4252.063     825063.756          0.001
       8219.180       3294.222    1361251.126          0.001
       9590.525       3016.190     881216.755          0.001
       9881.409       3015.948     881216.755          0.001
       9109.948       4184.215     909701.559          0.001
      10555.020       2941.991     881216.755          0.001
      11954.953       2928.312     882331.301          0.001
      11955.421       2928.307     988661.963          0.001
      12972.095       2871.952     878354.478          0.001
      11955.421       2928.307     988661.963          0.001
      11041.937       3379.214     905214.949          0.001
      15370.845       3063.695     878354.478          0.001
      16372.381       3249.849     964075.981          0.001
      13463.731       3219.828     878354.478          0.001
      12330.221       4040.008    4993974.005          0.000
      16372.381       3249.849     964075.981          0.001
      16444.065       3831.597    1163871.560          0.001
      16372.381       3249.849     964075.981          0.001
      15031.399       3650.768     913038.777          0.002
      17353.805       3159.327     889026.293          0.000
      18132.790       3887.705    1984348.872          0.001
      19418.747       3260.653     506641.137          0.001
      20161.269       4224.278    1559972.620          0.001
      19418.747       3260.653     506641.137          0.001
      20136.335       3001.726    2032654.533          0.000
      19405.114       3267.301     898326.327          0.001
      18146.744       3880.901     916522.740          0.001
      20140.501       3205.984     890679.248          0.000
      20161.269       4224.278    1559972.620          0.001
      21085.823       3073.847     890679.248          0.001
      22101.316       3150.981    1561895.352          0.001
      22101.316       3150.981    1561895.352          0.001
      22136.878       4188.284    1389496.586          0.001
      22101.316       3150.981    1561895.352          0.001
      23310.143       3504.750     916756.112          0.003
      22101.316       3150.981    1561895.352          0.001
      23365.048       3196.511     896965.161          0.003
      21744.035       3348.640     895739.382          0.002
      20519.009       4026.365     925480.001          0.001
      24556.782       3239.448    1021569.589          0.002
      24555.078       3869.087    2890375.256          0.002
      25619.843       3627.025     897054.886          0.002
      26342.741       4301.579    1493850.272          0.001
      26073.012       3134.037     897054.886          0.002
      27110.228       3018.296    1271679.963          0.001
      27258.165       3159.638     894235.327          0.001
      28270.424       4126.764     930208.504          0.001
      27085.579       3059.511     894235.327          0.001
      26366.995       4261.025     928807.915          0.001
      29614.164       3117.575     901428.706          0.002
      31010.499       3218.817     908304.095          0.002
      29277.319       3121.021     901428.706          0.001
      28438.330       4241.779     930208.504          0.001
      31327.392       3241.794    1459696.186          0.002
      31455.715       4302.426    1627876.464          0.001
      31327.392       3241.794    1459696.186          0.002
      30267.318       3616.159     925785.926          0.002
      32402.977       3107.467     902483.692          0.001
      33312.192       4172.046     933359.445          0.001
      32237.749       3142.030     902483.692          0.001
      31455.715       4302.426    1627876.464          0.001
      33499.475       3126.368    8946414.273          0.000
      34192.609       3246.401    5790952.120          0.000
      34192.609       3246.401    5790952.120          0.000
      34939.884       4403.311     946483.755          0.001
      34692.262       3454.440     908938.799          0.001
      35652.856       3854.398    1304900.066          0.002
      34034.784       3447.015     908938.799          0.001
      33391.416       4264.809    3418721.925          0.001
      36700.432       3028.222     903234.827          0.002
      37606.052       4095.860     932788.675          0.001
      36648.864       2967.429    1647409.599          0.002
      35652.856       3854.398    1304900.066          0.002
      36912.221       2973.249     903234.827          0.002
      38311.879       3004.180     904485.481          0.001
      38573.847       3009.969    1489640.046          0.001
      39797.337       3120.957     907583.135          0.003
      38573.847       3009.969    1489640.046          0.001
      38626.444       4027.664     931485.124          0.000
      38552.743       3036.365     904485.481          0.001
      37678.481       4129.830     932788.675          0.001
      40629.791       3196.472    1440611.143          0.002
      41650.163       3300.263    2741209.297          0.000
      40629.791       3196.472    1440611.143          0.002
      39459.041       3727.722     931485.124          0.001
      40629.791       3196.472    1440611.143          0.002
      40415.373       4220.518    1535026.252          0.001
      41829.458       3506.213     910196.521          0.000
      42498.625       4274.864    1026769.790          0.001
      41232.881       3611.251     910196.521          0.001
      40415.373       4220.518    1535026.252          0.001
      42420.623       3179.360     910196.521          0.001
      43545.620       3002.822    1372233.613          0.001
      43545.620       3002.822    1372233.613          0.001
      44656.533       3831.155    1646308.473          0.001
      43388.117       3194.180     902835.642          0.001
      42498.625       4274.864    1026769.790          0.001
      45813.428       3193.476    2498907.945          0.002
      44656.533       3831.155    1646308.473          0.001
      47534.693       3313.249    1072142.364          0.001
      48735.708       3177.887    2377234.712          0.001
      47534.693       3313.249    1072142.364          0.001
      46375.110       3835.508    1496293.223          0.002
      48707.668       3505.894     901192.902          0.001
      48588.477       4900.189    1692869.013          0.001
      51579.356       3316.407     882044.159          0.002
      52541.500       3920.921    1612888.313          0.001
      50757.430       3143.623     882044.159          0.002
      50628.910       4180.378    1892898.038          0.001
      50369.186       3174.637     882044.159          0.002
      49528.969       3861.743     963646.819          0.002
      52731.405       3005.236     885314.275          0.001
      52541.500       3920.921    1612888.313          0.001
      53402.116       3068.960     880131.209          0.002
      52541.500       3920.921    1612888.313          0.001
      53908.765       3075.282     880131.209          0.002
      54740.698       3955.141    2230923.234          0.001
      54615.151       2935.626     880131.209          0.003
      55863.426       3096.068    1033948.574          0.002
      55863.426       3096.068    1033948.574          0.002
      56667.777       3870.407    1620988.991          0.001
      55863.426       3096.068    1033948.574          0.002
      56871.793       2949.133     883800.093          0.001
      55863.426       3096.068    1033948.574          0.002
      54751.831       3946.622     923584.131          0.001
      57314.720       3082.600     883800.093          0.000
      56667.777       3870.407    1620988.991          0.001
      57946.239       3264.208     883800.093          0.001
      58700.478       3950.449    1622318.009          0.001
      59664.803       3068.066     997532.536          0.001
      59670.711       4276.652    4844269.953          0.000
      59664.803       3068.066     997532.536          0.001
      58700.478       3950.449    1622318.009          0.001
      61787.565       2930.284     437773.808          0.004
      60998.849       3575.525     917072.410          0.001
      63997.539       3187.719    1078110.943          0.001
      63717.710       4559.020     938028.027          0.001
      63997.539       3187.719    1078110.943          0.001
      64693.365       3941.975    1469459.255          0.001
      63997.539       3187.719    1078110.943          0.001
      62871.260       4018.376     924101.720          0.002
      65578.705       2949.475     879824.930          0.001
      66585.159       3113.088    3975456.949          0.001
      66615.033       3111.138     891037.558          0.001
      68012.061       3019.963     886165.181          0.001
      65974.972       3380.440     891037.558          0.001
      64693.365       3941.975    1469459.255          0.001
      68041.885       3018.017    1704486.054          0.001
      68484.637       3935.925     918861.322          0.000
      68635.423       3095.874     886165.181          0.002
      70022.727       3277.854    1433431.162          0.001
      70018.369       3391.520     889571.334          0.001
      69964.732       4790.493     926160.912          0.002
      70022.727       3277.854    1433431.162          0.001
      70826.216       4095.636    1125855.166          0.001
      70022.727       3277.854    1433431.162          0.001
      71040.457       3231.090     881383.230          0.001
      70022.727       3277.854    1433431.162          0.001
      69218.124       3902.192     918861.322          0.001
      71891.049       4227.403     881383.230          0.001
      72022.484       5238.189     694151.285          0.002
      72256.602       4134.125     881383.230          0.001
      72736.473       5033.511    3540348.595          0.001
      72277.178       3537.731     881383.230          0.001
      73161.575       4115.308    1419144.156          0.001
      73016.281       3172.560     881383.230          0.001
      74035.729       3151.836     986264.783          0.001
      74035.729       3151.836     986264.783          0.001
      74807.466       3899.302     891040.360          0.001
      74035.729       3151.836     986264.783          0.001
      73161.575       4115.308    1419144.156          0.001
      76028.105       3822.682     869368.523          0.001
      76920.370       4313.652     721433.517          0.001
      76186.785       3127.424     869368.523          0.001
      77201.253       3030.891     672077.423          0.001
      77201.253       3030.891     672077.423          0.001
      77746.295       3892.368     867669.970          0.000
      77201.253       3030.891     672077.423          0.001
      76920.370       4313.652     721433.517          0.001
      77201.253       3030.891     672077.423          0.001
      78049.147       3136.714     840808.162          0.002
      78760.466       3277.596     840808.162          0.001
      78804.545       4676.901     870546.518          0.001
      78758.819       3225.286    1539794.617          0.001
      79558.046       3776.709     848634.207          0.001
      78515.862       3430.263     840808.162          0.001
      77823.499       4014.394    1813862.469          0.000
       1206.580       4848.139     848375.611          0.002
       1887.007       5280.396    2008617.783          0.001
       2008.551       4030.958   10328110.497          0.001
       1887.007       5280.396    2008617.783          0.001
       3230.753       4033.003     872679.030          0.001
       4185.495       4975.141    1033303.890          0.002
       3095.634       3899.667    9248382.736          0.001
       2238.011       4879.411     881898.788          0.002
       5668.444       4307.753     890799.882          0.002
       6954.337       4859.279    1486778.419          0.001
       5138.562       4080.485    4293856.334          0.002
       4185.495       4975.141    1033303.890          0.002
       7314.359       4196.402    5359837.147          0.000
       8514.411       4915.542     924666.532          0.001
       8045.972       4219.661     903498.297          0.001
       9065.145       4252.063     825063.756          0.001
       9065.145       4252.063     825063.756          0.001
       9992.959       3897.002    4937984.223          0.000
       9992.959       3897.002    4937984.223          0.000
       9326.598       5127.899     924666.532          0.000
      10488.835       4404.124     905214.949          0.001
      11201.645       5133.099     821076.183          0.002
      10463.206       3925.774     905214.949          0.000
      11860.593       4011.274     912829.872          0.000
      12522.259       4228.650     912829.872          0.000
      13249.418       4942.949    1062122.881          0.001
      13111.187       3988.189     912829.872          0.001
      14128.602       3920.681    1653071.893          0.001
      12206.467       4769.719     912829.872          0.001
      11989.969       6046.292    4694915.824          0.000
      11934.066       4423.708     912829.872          0.001
      11201.645       5133.099     821076.183          0.002
      14128.602       3920.681    1653071.893          0.001
      13249.418       4942.949    1062122.881          0.001
      14128.602       3920.681    1653071.893          0.001
      14334.303       4918.935     932933.217          0.000
      15045.319       3885.412     913038.777          0.002
      16444.065       3831.597    1163871.560          0.001
      16589.095       3836.415     913505.607          0.001
      17988.323       3882.905     916522.740          0.001
      16444.065       3831.597    1163871.560          0.001
      16438.514       4850.744     937312.037          0.000
      16444.065       3831.597    1163871.560          0.001
      15577.312       4367.075     932933.217          0.001
      16444.065       3831.597    1163871.560          0.001
      16924.118       4755.862     935595.421          0.001
      18263.973       3999.092     916522.740          0.001
      19331.166       4905.238     939251.319          0.001
      18132.790       3887.705    1984348.872          0.001
      17402.071       4681.951     935595.421          0.001
      18441.581       4535.866     916522.740          0.002
      19043.717       5799.762     947499.837          0.001
      20449.310       4219.030     925480.001          0.001
      21849.078       4193.528     925178.974          0.002
      20161.269       4224.278    1559972.620          0.001
      21340.739       4955.370    1384677.621          0.001
      20161.269       4224.278    1559972.620          0.001
      19462.174       5016.476    3465759.574          0.001
      22136.878       4188.284    1389496.586          0.001
      22861.181       4905.044     943412.035          0.001
      22136.878       4188.284    1389496.586          0.001
      21340.739       4955.370    1384677.621          0.001
      22136.878       4188.284    1389496.586          0.001
      23378.862       4024.345     916756.112          0.003
      24644.672       4049.993     916756.112          0.002
      25161.094       5092.739    1409086.968          0.001
      24555.078       3869.087    2890375.256          0.002
      23689.701       4819.608     943412.035          0.001
      25166.450       4016.997     916756.112          0.002
      26342.741       4301.579    1493850.272          0.001
      26374.163       4301.074     928807.915          0.001
      27773.982       4278.599     930208.504          0.002
      26365.356       4307.991     928807.915          0.001
      27712.253       4689.919     940467.526          0.002
      26333.690       4307.639     928807.915          0.001
      25170.365       5086.532     941760.969          0.001
      28418.513       4268.251    1591934.825          0.001
      28511.107       4916.444    1013434.395          0.001
      29217.181       4041.618     925785.926          0.001
      28511.107       4916.444    1013434.395          0.001
      29636.477       4385.926     925785.926          0.001
      30364.666       5242.433    2467966.864          0.001
      30345.149       4130.410     925785.926          0.002
      31455.715       4302.426    1627876.464          0.001
      31474.115       4309.744     933657.811          0.001
      32774.988       4827.169     945004.757          0.002
      31455.715       4302.426    1627876.464          0.001
      32855.214       4275.229     933359.445          0.002
      31455.715       4302.426    1627876.464          0.001
      30395.310       5216.031     945475.465          0.001
      33391.416       4264.809    3418721.925          0.001
      34329.047       4663.239     946483.755          0.001
      35652.856       3854.398    1304900.066          0.002
      36374.649       5053.694     946838.414          0.001
      35992.621       3905.571     926184.250          0.002
      37377.006       4114.080     932788.675          0.001
      35652.856       3854.398    1304900.066          0.002
      35454.965       4853.766     946483.755          0.000
      37657.318       4156.299    1663949.934          0.001
      38251.240       4915.867    1511946.996          0.001
      37657.318       4156.299    1663949.934          0.001
      36533.368       4990.065     946838.414          0.001
      39397.910       4153.956     931485.124          0.001
      40415.373       4220.518    1535026.252          0.001
      41099.537       4238.366     932522.199          0.002
      42498.625       4274.864    1026769.790          0.001
      39583.739       4487.727     932522.199          0.002
      38251.240       4915.867    1511946.996          0.001
      42498.625       4274.864    1026769.790          0.001
      42413.349       5101.713    1353829.530          0.001
      42498.625       4274.864    1026769.790          0.001
      41629.349       4805.837     948361.392          0.001
      43116.803       4364.085     929260.199          0.001
      42413.349       5101.713    1353829.530          0.001
      44683.845       3869.499     925051.202          0.001
      45496.078       5009.796     947446.315          0.001
      44816.005       3831.559     925051.202          0.001
      46216.001       3835.105     924289.842          0.003
      44656.533       3831.155    1646308.473          0.001
      44516.415       4863.648   13351816.714          0.000
      46376.875       3849.776     924289.842          0.002
      46548.746       5239.186     950032.483          0.001
      46351.630       3868.936     924289.842          0.002
      45546.938       5014.567     947446.315          0.001
      46375.110       3835.508    1496293.223          0.002
      47351.703       4126.669     931769.632          0.000
      47750.606       4321.294     931769.632          0.000
      48588.477       4900.189    1692869.013          0.001
      47250.494       4513.242     931769.632          0.000
      46550.522       5253.547    8117803.963          0.001
      49528.969       3861.743     963646.819          0.002
      49442.355       4877.541     948953.933          0.000
      49528.969       3861.743     963646.819          0.002
      50628.910       4180.378    1892898.038          0.001
      49527.961       3862.856     922447.418          0.002
      48588.477       4900.189    1692869.013          0.001
      50700.326       4242.911     929979.558          0.001
      51753.615       5165.181     947819.375          0.002
      50602.356       4516.660     929979.558          0.002
      50492.151       5912.316     958087.331          0.002
      50891.949       4144.695     929979.558          0.001
      52279.242       3956.498     922641.372          0.002
      52519.957       3960.232     922641.372          0.001
      51847.142       5187.962     947819.375          0.001
      52623.030       3922.189     922641.372          0.002
      54022.860       3943.971     923584.131          0.002
      55022.791       3942.738     923584.131          0.002
      56421.440       3881.239     919976.347          0.002
      54740.698       3955.141    2230923.234          0.001
      55376.695       4751.420     945258.981          0.001
      54389.080       4135.987     923584.131          0.002
      53144.098       4776.313     944194.496          0.001
      57062.569       4071.845     919976.347          0.002
      58309.618       4708.137     941120.359          0.002
      56696.647       3871.544     919976.347          0.001
      58095.563       3926.629     921292.330          0.002
      56667.777       3870.407    1620988.991          0.001
      56116.554       4727.361     945258.981          0.001
      58700.478       3950.449    1622318.009          0.001
      58705.075       4909.914    1936408.100          0.001
      59670.711       4276.652    4844269.953          0.000
      60674.381       5023.085    8948371.547          0.000
      61200.853       4471.835     917072.410          0.001
      61904.599       5208.919    4821161.784          0.001
      61631.447       4032.458     917072.410          0.001
      62638.254       4190.223    2332529.171          0.002
      62638.254       4190.223    2332529.171          0.002
      63647.569       4902.748    1892254.152          0.001
      64693.365       3941.975    1469459.255          0.001
      65513.493       5075.840     939908.068          0.002
      64693.365       3941.975    1469459.255          0.001
      64746.304       5340.586     941613.542          0.001
      64693.365       3941.975    1469459.255          0.001
      65708.025       4029.095     918331.593          0.001
      64693.365       3941.975    1469459.255          0.001
      63662.854       4888.706     938028.027          0.001
      67062.982       4150.427     918331.593          0.000
      68454.771       4301.833     918861.322          0.000
      66967.591       4235.436     918331.593          0.000
      67729.478       4911.601    1015173.285          0.001
      66393.312       4574.167     918331.593          0.001
      65669.287       5291.232    1980650.786          0.001
      68686.852       4620.688     918861.322          0.000
      68754.536       6018.568   14723370.580          0.000
      68594.694       4373.916     918861.322          0.000
      67729.478       4911.601    1015173.285          0.001
      69031.394       4486.693     918861.322          0.000
      69960.383       4903.941    1300419.739          0.002
      70826.216       4095.636    1125855.166          0.001
      71421.737       5362.343     931085.104          0.001
      70918.034       4183.331     909524.830          0.001
      71930.452       5150.290     923494.750          0.002
      70826.216       4095.636    1125855.166          0.001
      69960.383       4903.941    1300419.739          0.002
      73294.450       4390.507     900433.378          0.002
      73903.174       5651.243     921063.877          0.001
      73456.930       4247.960     900433.378          0.002
      74734.037       4821.543     904467.365          0.001
      73161.575       4115.308    1419144.156          0.001
      74246.386       4157.071     891040.360          0.001
      75801.292       4504.113     891040.360          0.001
      76779.571       4946.916     987666.501          0.002
      75849.111       4240.709     891040.360          0.001
      76920.370       4313.652     721433.517          0.001
      76920.370       4313.652     721433.517          0.001
      76779.571       4946.916     987666.501          0.002
      77823.499       4014.394    1813862.469          0.000
      78397.065       4594.544     870546.518          0.001
      77539.482       4268.101     867669.970          0.000
      76779.571       4946.916     987666.501          0.002
      79648.204       4359.549     848634.207          0.000
      78815.276       5017.556    2828707.892          0.001
       1887.007       5280.396    2008617.783          0.001
       1199.980       5586.974     869165.331          0.001
       2925.129       5142.526     881898.788          0.002
       4185.495       4975.141    1033303.890          0.002
       1887.007       5280.396    2008617.783          0.001
       3067.684       5662.557     902395.058          0.001
       1887.007       5280.396    2008617.783          0.001
       2009.115       6054.972     818405.946          0.002
       4185.495       4975.141    1033303.890          0.002
       3885.839       5927.377    6145789.967          0.000
       4185.495       4975.141    1033303.890          0.002
       5266.042       4860.451    1047106.982          0.003
       5266.042       4860.451    1047106.982          0.003
       6000.133       6032.894    1676248.106          0.001
       5266.042       4860.451    1047106.982          0.003
       4459.754       5483.728     902395.058          0.001
       5554.690       4860.251     905103.510          0.003
       6954.337       4859.279    1486778.419          0.001
       6954.337       4859.279    1486778.419          0.001
       8120.142       5633.368     930286.308          0.002
       6954.337       4859.279    1486778.419          0.001
       6958.162       5877.998     922518.791          0.000
       6954.337       4859.279    1486778.419          0.001
       6071.519       5945.094     916474.487          0.001
       6954.337       4859.279    1486778.419          0.001
       7950.753       5069.031     924666.532          0.001
      10187.618       5236.150     924666.532          0.001
      11201.645       5133.099     821076.183          0.002
      11201.645       5133.099     821076.183          0.002
      10335.236       6121.636    1555418.109          0.001
      13320.146       5010.295     929216.810          0.001
      14334.040       5975.707     943211.948          0.001
      13249.418       4942.949    1062122.881          0.001
      12390.141       5695.721     937716.510          0.001
      15253.601       5541.181     932933.217          0.001
      16168.487       5988.928     922928.579          0.001
      15040.732       5160.716     932933.217          0.001
      16436.255       5265.576    6675792.909          0.000
      16606.909       5429.086     937312.037          0.000
      17342.754       6134.128    1343235.946          0.001
      18122.007       5479.665     935595.421          0.002
      19082.550       5881.273    1761942.534          0.001
      19462.174       5016.476    3465759.574          0.001
      20281.335       5622.335     952445.146          0.001
      19701.930       5008.678     939251.319          0.001
      21101.189       4963.162     939731.840          0.001
      21391.274       5026.126     939731.840          0.001
      22204.952       6165.392     952288.614          0.001
      21340.739       4955.370    1384677.621          0.001
      22484.921       5200.340    2165088.707          0.001
      22484.921       5200.340    2165088.707          0.001
      22268.433       6254.275    1750885.945          0.001
      23366.436       6176.779     943412.035          0.001
      23493.060       7187.829    1574683.534          0.001
      24148.250       5200.735     943412.035          0.001
      25161.094       5092.739    1409086.968          0.001
      22999.861       5544.517     943412.035          0.000
      22268.433       6254.275    1750885.945          0.001
      23519.562       5554.977     943412.035          0.000
      24245.999       6269.461    1369753.533          0.001
      25161.094       5092.739    1409086.968          0.001
      24301.986       6197.467     952484.340          0.001
      25190.046       5124.814     941760.969          0.001
      26128.109       6164.062     951782.800          0.001
      26272.119       5094.998    6664967.976          0.000
      27511.887       5744.461     951505.922          0.001
      27494.923       4997.482     942035.329          0.001
      28511.107       4916.444    1013434.395          0.001
      28511.107       4916.444    1013434.395          0.001
      28300.078       5913.276     951505.922          0.000
      29773.844       5164.990     941519.352          0.000
      30458.305       5919.912    1590011.000          0.001
      29422.145       5056.662     941519.352          0.000
      28392.386       6005.132     951505.922          0.000
      30364.666       5242.433    2467966.864          0.001
      31334.485       5343.751    2912972.743          0.001
      31633.881       5298.327     947015.675          0.001
      33018.042       5088.326     945004.757          0.002
      31334.485       5343.751    2912972.743          0.001
      30458.305       5919.912    1590011.000          0.001
      33317.387       5042.910    1679097.422          0.002
      33406.101       6057.802     958942.889          0.001
      33436.662       5176.483     945004.757          0.002
      34369.145       6220.741     956573.755          0.001
      33317.387       5042.910    1679097.422          0.002
      32560.234       5725.397     952974.945          0.001
      33317.387       5042.910    1679097.422          0.002
      34335.338       5080.221     946483.755          0.001
      36397.163       5091.104    1507262.599          0.001
      36539.556       6226.583    2882937.315          0.001
      36858.116       5047.537     946838.414          0.001
      38251.240       4915.867    1511946.996          0.001
      38251.240       4915.867    1511946.996          0.001
      38426.299       5887.178    1673249.447          0.001
      38251.240       4915.867    1511946.996          0.001
      39254.732       5089.697     948361.392          0.002
      38251.240       4915.867    1511946.996          0.001
      37140.080       5766.734     957267.819          0.002
      41405.112       5250.009     948361.392          0.001
      42413.349       5101.713    1353829.530          0.001
      40954.446       5421.667     948361.392          0.000
      42275.657       5884.703     955521.512          0.000
      39418.737       5655.931     948361.392          0.001
      38426.299       5887.178    1673249.447          0.001
      43039.388       5396.962     946363.624          0.001
      44305.634       5994.141     957706.983          0.001
      42769.373       5061.411     946363.624          0.001
      44160.488       4903.939     944324.207          0.001
      45576.352       5114.709     947446.315          0.001
      46447.962       6210.289     959187.412          0.002
      45464.899       5096.133     947446.315          0.001
      44382.942       5984.597     957706.983          0.001
      46697.195       5503.210     950032.483          0.001
      47406.349       6710.314     960157.358          0.002
      47209.260       5139.329     950032.483          0.002
      48588.477       4900.189    1692869.013          0.001
      48588.477       4900.189    1692869.013          0.001
      47959.874       6150.514     960157.358          0.003
      48588.477       4900.189    1692869.013          0.001
      48837.090       6277.505     959042.474          0.001
      49738.464       5534.040     948953.933          0.000
      50465.637       6248.092    2490784.833          0.001
      49311.655       5412.747     948953.933          0.000
      48844.560       6318.889    1216243.788          0.001
      51825.252       5227.907    1529352.049          0.001
      52411.056       6061.804     956678.363          0.000
      51825.252       5227.907    1529352.049          0.001
      51784.692       6328.231    4992962.749          0.000
      51705.100       5318.063     947819.375          0.002
      50585.287       6158.313     958087.331          0.001
      52792.420       4957.190    5352286.027          0.001
      54047.866       5575.134     952026.682          0.002
      53118.031       5012.753     944194.496          0.001
      54498.082       5248.249     946172.949          0.001
      54823.877       5303.843    3659327.989          0.000
      54729.523       5910.652    1233983.343          0.001
      55777.940       5253.784    9638333.805          0.000
      55700.827       6650.948     959507.443          0.000
      55593.596       5369.282     945258.981          0.000
      54729.523       5910.652    1233983.343          0.001
      56048.027       5552.765     945258.981          0.000
      56730.962       6308.758    1021444.548          0.001
      56588.517       4925.315    3049607.537          0.001
      56730.962       6308.758    1021444.548          0.001
      56588.517       4925.315    3049607.537          0.001
      57186.402       5750.863     953809.666          0.001
      56947.044       4922.706     941568.409          0.001
      58347.007       4912.519     941120.359          0.002
      58705.075       4909.914    1936408.100          0.001
      58914.597       6083.181    1689929.633          0.001
      58712.190       4910.323     941120.359          0.001
      60109.884       4990.645     941743.566          0.001
      58705.075       4909.914    1936408.100          0.001
      58011.820       5657.264     953809.666          0.001
      60113.588       5360.908     941743.566          0.001
      58914.597       6083.181    1689929.633          0.001
      61844.683       5786.774     942861.576          0.002
      61700.294       7179.309     959129.453          0.001
      62086.822       5176.909     942861.576          0.001
      63465.710       4934.693     938028.027          0.001
      61782.131       5297.039     942861.576          0.001
      60645.733       6114.719     953785.662          0.001
      61904.599       5208.919    4821161.784          0.001
      62853.044       6028.344    1167410.734          0.001
      63647.569       4902.748    1892254.152          0.001
      62853.044       6028.344    1167410.734          0.001
      63647.569       4902.748    1892254.152          0.001
      64746.634       5349.306    4878020.990          0.001
      64746.634       5349.306    4878020.990          0.001
      64823.268       6384.874     954982.093          0.001
      66429.620       5611.103     939908.068          0.002
      67720.072       6153.996     944880.041          0.001
      65669.287       5291.232    1980650.786          0.001
      65635.398       5900.386    1423291.732          0.002
      66299.361       5175.128     939908.068          0.002
      67676.181       4921.422     931822.767          0.002
      67729.478       4911.601    1015173.285          0.001
      67851.213       6209.166    1664016.345          0.001
      69960.383       4903.941    1300419.739          0.002
      71176.927       5596.010     931085.104          0.001
      69960.383       4903.941    1300419.739          0.002
      69212.237       5595.491     941051.408          0.001
      72022.484       5238.189     694151.285          0.002
      72690.569       6007.609     929174.400          0.000
      72022.484       5238.189     694151.285          0.002
      71661.079       5871.435    2570400.310          0.001
      72809.303       5083.546     918416.801          0.001
      73963.231       5876.295     921063.877          0.001
      75345.029       4952.606     904467.365          0.001
      76745.018       4947.053     890642.038          0.002
      75102.447       5030.018     904467.365          0.001
      76076.702       6035.417     908670.753          0.001
      75028.649       4953.861    1588948.301          0.001
      74035.961       5926.260    2582673.112          0.001
      76779.571       4946.916     987666.501          0.002
      77622.668       5969.895     893096.844          0.002
      76779.571       4946.916     987666.501          0.002
      77650.352       4977.132     870546.518          0.002
      78815.276       5017.556    2828707.892          0.001
      79621.471       5769.427     869806.988          0.001
      78344.373       5550.859     870546.518          0.001
      77792.457       6175.910    1819857.606          0.002
       2009.115       6054.972     818405.946          0.002
       2248.851       7146.831    1612454.537          0.002
       2009.115       6054.972     818405.946          0.002
       1368.782       6401.697     874198.988          0.002
       2009.115       6054.972     818405.946          0.002
       3137.233       5978.273     902395.058          0.001
       3123.667       6495.147     902395.058          0.001
       2248.851       7146.831    1612454.537          0.002
       4982.497       5982.107     902395.058          0.001
       6000.133       6032.894    1676248.106          0.001
       6000.133       6032.894    1676248.106          0.001
       6049.966       7324.529    1831764.249          0.002
       5644.217       6209.009     916474.487          0.001
       4389.429       6829.902     911814.475          0.001
       7285.575       6523.187     922518.791          0.001
       7957.838       7289.224    1265361.978          0.001
       7846.384       6140.692     922518.791          0.001
       8865.878       6128.534    1589458.592          0.001
       6674.106       6519.142     922518.791          0.000
       6049.966       7324.529    1831764.249          0.002
       8865.878       6128.534    1589458.592          0.001
       8873.490       7284.235    2958642.391          0.001
       8820.296       6186.800     930286.308          0.001
       7957.838       7289.224    1265361.978          0.001
       8900.543       6128.371     930286.308          0.001
      10300.527       6121.799     934810.691          0.001
      10335.236       6121.636    1555418.109          0.001
      11016.302       7023.923    1613153.056          0.001
      10335.236       6121.636    1555418.109          0.001
      11476.612       6069.666     937716.510          0.001
       9968.694       6413.164     934810.691          0.002
       8873.490       7284.235    2958642.391          0.001
      13042.065       6636.594     937716.510          0.002
      14038.321       7195.565    1094231.150          0.001
      11822.604       6214.338     937716.510          0.001
      11016.302       7023.923    1613153.056          0.001
      13262.734       6044.863     937716.510          0.002
      14405.323       6043.581    1518323.532          0.001
      14769.693       6032.287     943211.948          0.001
      16168.487       5988.928     922928.579          0.001
      14405.323       6043.581    1518323.532          0.001
      15060.171       6824.737     950698.890          0.000
      14405.323       6043.581    1518323.532          0.001
      14038.321       7195.565    1094231.150          0.001
      16168.487       5988.928     922928.579          0.001
      16255.641       7053.530    1575988.927          0.001
      16168.487       5988.928     922928.579          0.001
      15547.540       6796.639     950698.890          0.000
      16168.487       5988.928     922928.579          0.001
      17342.754       6134.128    1343235.946          0.001
      17342.754       6134.128    1343235.946          0.001
      18251.953       6988.317    1388833.907          0.002
      17697.364       6082.590     948230.855          0.002
      19082.550       5881.273    1761942.534          0.001
      17333.781       6141.717     948230.855          0.001
      16264.815       7045.771     952723.282          0.001
      19082.550       5881.273    1761942.534          0.001
      18251.953       6988.317    1388833.907          0.002
      19187.050       6022.295     947499.837          0.002
      20020.575       7147.122     958899.711          0.001
      19082.550       5881.273    1761942.534          0.001
      20081.820       6079.432     952445.146          0.001
      22280.771       6677.714     952288.614          0.001
      22321.547       8077.120     960960.217          0.001
      22268.433       6254.275    1750885.945          0.001
      21402.359       7223.251    1269883.505          0.001
      22324.339       6296.893     952288.614          0.001
      23437.722       7145.644     958513.725          0.001
      24758.188       6249.746     952484.340          0.001
      26156.857       6195.911    1139279.846          0.001
      24245.999       6269.461    1369753.533          0.001
      23493.060       7187.829    1574683.534          0.001
      26156.857       6195.911    1139279.846          0.001
      26320.274       7201.170     957278.642          0.000
      26156.857       6195.911    1139279.846          0.001
      25293.992       6737.276     958507.866          0.001
      26156.857       6195.911    1139279.846          0.001
      27174.920       6165.362     951505.922          0.001
      27894.695       6346.744     951505.922          0.000
      26691.886       7063.160     957278.642          0.000
      29444.183       6017.924     951505.922          0.001
      30458.305       5919.912    1590011.000          0.001
      30458.305       5919.912    1590011.000          0.001
      30283.449       7061.547     934850.614          0.001
      30552.581       6039.577     951185.926          0.001
      31418.963       7139.296     958540.635          0.001
      30162.436       6096.729     951185.926          0.001
      28960.686       6814.920     957158.463          0.001
      30458.305       5919.912    1590011.000          0.001
      31472.565       6021.121     952974.945          0.001
      32286.415       6922.757     952974.945          0.001
      32443.489       7929.981    3809192.297          0.001
      32156.450       6089.363    6143164.937          0.000
      33325.545       6858.093     958942.889          0.000
      32004.468       6366.118     952974.945          0.000
      31513.779       7259.647    5427906.620          0.001
      34498.455       6564.263     956573.755          0.001
      34563.918       7962.731     961980.208          0.001
      34488.639       6354.558    1590189.028          0.001
      35885.444       6267.399     957267.819          0.002
      34488.639       6354.558    1590189.028          0.001
      35321.968       7198.112    1169925.515          0.001
      34488.639       6354.558    1590189.028          0.001
      33617.489       6882.888     958942.889          0.000
      36518.656       6415.024     957267.819          0.001
      36364.329       7806.492     962784.719          0.001
      36794.141       6180.786     957267.819          0.001
      38172.024       5932.919     955000.324          0.001
      36477.760       6275.891     957267.819          0.001
      35383.430       7149.071     961112.921          0.001
      36539.556       6226.583    2882937.315          0.001
      37505.533       7061.362    1450465.383          0.001
      38397.824       5923.489     955000.324          0.001
      37533.923       7025.159     961294.597          0.001
      38426.299       5887.178    1673249.447          0.001
      39321.326       6374.380     960984.841          0.001
      38788.014       5904.890     955000.324          0.001
      40186.339       5973.362     955290.586          0.001
      40547.068       5991.026     944512.037          0.001
      41465.035       7045.120    1598405.615          0.001
      40547.068       5991.026     944512.037          0.001
      41565.853       5974.221     955521.512          0.001
      40547.068       5991.026     944512.037          0.001
      40491.384       7008.488     960984.841          0.000
      42163.605       6303.213     955521.512          0.000
      41465.035       7045.120    1598405.615          0.001
      42694.642       6211.123     955521.512          0.000
      43341.044       6998.591    1294324.988          0.001
      43329.183       5983.814     955521.512          0.001
      44347.358       6013.818    1653718.908          0.001
      44414.889       6022.066     957706.983          0.001
      45804.563       6191.785     959187.412          0.002
      44347.358       6013.818    1653718.908          0.001
      45064.577       6737.475     960992.622          0.001
      44344.736       6016.383     957706.983          0.001
      43344.136       6995.566     960844.127          0.001
      46500.898       6276.828    6054233.935          0.001
      45800.840       7017.413     960992.622          0.000
      49067.249       6309.164     959042.474          0.001
      50465.637       6248.092    2490784.833          0.001
      48825.773       6328.213     959042.474          0.001
      47571.713       6950.573     960157.358          0.002
      50462.182       6258.901     958087.331          0.001
      50035.894       7592.422     963853.203          0.001
      50664.276       6567.593     958087.331          0.002
      51403.466       7756.542     962731.836          0.002
      50601.029       6351.821     958087.331          0.001
      51712.362       7203.254     961589.925          0.001
      50465.637       6248.092    2490784.833          0.001
      49811.865       7029.380     961959.901          0.000
      53727.336       6098.958     956678.363          0.001
      54729.523       5910.652    1233983.343          0.001
      52456.359       6489.588     956678.363          0.000
      51848.240       7307.355    1333102.895          0.001
      52872.926       6455.966     956678.363          0.000
      53783.933       6912.085     960679.708          0.001
      54729.523       5910.652    1233983.343          0.001
      53783.933       6912.085     960679.708          0.001
      56730.962       6308.758    1021444.548          0.001
      56739.795       7543.489     959139.739          0.001
      56730.962       6308.758    1021444.548          0.001
      57866.484       7126.642     960013.076          0.002
      56730.962       6308.758    1021444.548          0.001
      55881.837       6870.458     959507.443          0.000
      57512.834       6204.398     953809.666          0.000
      57897.210       7148.773    1423968.702          0.002
      58914.597       6083.181    1689929.633          0.001
      59606.946       7299.850     960352.508          0.001
      58914.597       6083.181    1689929.633          0.001
      57948.027       7095.548     960013.076          0.002
      58914.597       6083.181    1689929.633          0.001
      60310.121       6186.914     953785.662          0.002
      60575.646       6246.707     953785.662          0.001
      61647.338       7147.526     959129.453          0.001
      60503.974       6229.028     953785.662          0.001
      59672.307       7355.230     960352.508          0.001
      62853.044       6028.344    1167410.734          0.001
      62914.466       7089.933    3624717.685          0.001
      62769.052       6112.970     949873.706          0.001
      61782.832       7106.634     959129.453          0.002
      63629.046       7030.637     950424.981          0.001
      63598.486       8049.290    1416696.219          0.001
      63652.133       6261.074   14514705.900          0.000
      64729.706       7153.544     954982.093          0.000
      65706.181       6231.146     945308.082          0.002
      65999.145       7600.149     953758.986          0.001
      65771.014       6039.210     945308.082          0.002
      66749.321       7040.666     952779.258          0.001
      66050.266       5958.199     945308.082          0.002
      67436.868       6151.426     944880.041          0.001
      65635.398       5900.386    1423291.732          0.002
      65152.979       6797.303     954982.093          0.001
      67851.213       6209.166    1664016.345          0.001
      68649.562       7180.083    3298279.119          0.001
      67851.213       6209.166    1664016.345          0.001
      66884.857       7179.410    1373845.852          0.001
      69603.012       6446.929     941080.979          0.001
      69101.564       7754.043     948570.221          0.002
      69672.206       6266.562    6068204.162          0.000
      71045.036       5993.823     931085.104          0.001
      69672.206       6266.562    6068204.162          0.000
      68715.243       7121.411     949769.791          0.001
      71713.212       5924.775     931085.104          0.001
      72691.774       6925.983     936322.915          0.001
      71583.290       5984.464     931085.104          0.001
      70789.720       7137.542    2296018.462          0.001
      74035.961       5926.260    2582673.112          0.001
      74015.733       6945.196     929544.438          0.001
      74148.398       6053.879     921063.877          0.001
      75073.892       7104.337     921877.358          0.001
      73932.149       6010.787     921063.877          0.001
      72846.507       6894.745     936322.915          0.001
      74396.038       5957.827     921063.877          0.001
      75790.689       6080.093     908670.753          0.001
      76150.566       6111.642    3416935.317          0.001
      76938.416       7231.881    1053377.481          0.001
      76150.566       6111.642    3416935.317          0.001
      77477.396       6163.578     893096.844          0.002
      76125.092       6141.232     908670.753          0.001
      75211.694       7202.224     921877.358          0.001
      77792.457       6175.910    1819857.606          0.002
      78421.057       6706.769     882859.896          0.001
      77796.864       6569.203     893096.844          0.002
      77812.035       7923.045    1618915.270          0.002
      77765.647       6209.059     893096.844          0.002
      76938.416       7231.881    1053377.481          0.001
      79805.221       6407.248     869806.988          0.000
      79168.605       7338.082    4103709.011          0.000
       2248.851       7146.831    1612454.537          0.002
       2852.452       8322.319    1380437.590          0.001
       2248.851       7146.831    1612454.537          0.002
       2232.636       8253.787     541874.118          0.003
       2248.851       7146.831    1612454.537          0.002
       1571.861       7452.816     876681.480          0.002
       2692.723       7111.837     896639.562          0.002
       4033.229       7006.157    2145405.179          0.001
       4041.531       7018.596     911814.475          0.001
       4818.667       8183.021    5843447.669          0.001
       3910.114       7143.387     911814.475          0.001
       2975.213       8185.482     905604.762          0.001
       4631.585       7100.616     911814.475          0.001
       6014.459       7318.924     927347.983          0.002
       6077.095       7573.140     927347.983          0.002
       6228.913       8964.440    1236917.230          0.002
       6151.416       7322.652     927347.983          0.002
       7551.177       7296.750     935581.524          0.002
       6049.966       7324.529    1831764.249          0.002
       7121.195       8110.498    1144655.300          0.002
       7957.838       7289.224    1265361.978          0.001
       8270.394       8029.932    2082148.435          0.000
       7957.838       7289.224    1265361.978          0.001
       7121.195       8110.498    1144655.300          0.002
       8953.451       7353.904     938621.646          0.001
      10008.997       8273.590     944756.318          0.001
       8951.793       7274.722     938621.646          0.001
      10341.575       7105.889     941854.441          0.002
       8873.490       7284.235    2958642.391          0.001
       8270.394       8029.932    2082148.435          0.000
      11016.302       7023.923    1613153.056          0.001
      11002.552       8042.979     947037.732          0.000
      10893.738       7198.302     941854.441          0.001
      10088.979       8343.278    1891072.413          0.001
      12220.366       8050.321     943011.528          0.001
      12360.235       9058.661    1468001.993          0.003
      12516.128       7287.241     943011.528          0.001
      13310.632       7924.460    1253888.959          0.002
      11950.693       7076.402     943011.528          0.000
      11111.339       8196.886     947037.732          0.000
      13029.068       7057.144     943011.528          0.001
      14038.321       7195.565    1094231.150          0.001
      14038.321       7195.565    1094231.150          0.001
      14402.473       7980.727    2958316.588          0.001
      14038.321       7195.565    1094231.150          0.001
      13310.632       7924.460    1253888.959          0.002
      15303.131       7114.560    8214221.133          0.000
      16196.327       8087.470    5703112.808          0.000
      16852.839       7034.022     952723.282          0.001
      18251.953       6988.317    1388833.907          0.002
      16661.220       7228.563     952723.282          0.001
      17946.626       7783.299     958705.180          0.001
      16255.641       7053.530    1575988.927          0.001
      16197.292       8070.650     955161.153          0.000
      18497.322       7027.657     956619.789          0.002
      19879.668       7249.285     958899.711          0.001
      20125.486       7288.696    1665891.556          0.001
      20175.427       8107.778    1819670.941          0.001
      20125.486       7288.696    1665891.556          0.001
      21402.359       7223.251    1269883.505          0.001
      19893.515       7376.212     958899.711          0.001
      18583.636       7870.395     958705.180          0.001
      21402.359       7223.251    1269883.505          0.001
      21337.156       8240.110     958623.419          0.001
      21356.806       7256.091     959097.997          0.001
      20221.157       8074.810     960260.796          0.001
      21402.359       7223.251    1269883.505          0.001
      22324.788       8188.337    1285806.885          0.001
      23493.060       7187.829    1574683.534          0.001
      24238.955       8261.131    2861905.529          0.001
      23493.060       7187.829    1574683.534          0.001
      23461.244       8206.200     959165.318          0.001
      23440.586       7232.768     958513.725          0.001
      22377.236       8143.420     960960.217          0.001
      24632.931       7330.412     958507.866          0.000
      26032.243       7286.556     957278.642          0.000
      24333.660       7339.792    5749370.215          0.000
      24238.955       8261.131    2861905.529          0.001
      25231.402       7626.221     958507.866          0.001
      26202.333       7936.001    1041121.261          0.001
      26791.371       8131.577     957278.642          0.001
      27273.223       9029.049    1696477.458          0.001
      27582.981       7142.180     957278.642          0.001
      28596.057       7032.829    1550828.556          0.001
      27638.062       7946.979     957278.642          0.001
      28544.232       8411.947    1289649.112          0.001
      28596.057       7032.829    1550828.556          0.001
      29466.587       7562.819     959144.185          0.001
      28739.805       7035.276     957158.463          0.001
      30139.603       7059.098     958060.660          0.001
      28596.057       7032.829    1550828.556          0.001
      28544.232       8411.947    1289649.112          0.001
      30283.449       7061.547     934850.614          0.001
      31513.779       7259.647    5427906.620          0.001
      31513.779       7259.647    5427906.620          0.001
      31348.917       8264.810     963009.132          0.001
      33892.113       7415.185     958942.889          0.001
      34573.740       8172.553    1682800.827          0.001
      33190.228       7236.903     958942.889          0.000
      32443.489       7929.981    3809192.297          0.001
      35321.968       7198.112    1169925.515          0.001
      36343.466       7994.609    1364933.555          0.001
      35321.968       7198.112    1169925.515          0.001
      34573.740       8172.553    1682800.827          0.001
      37505.533       7061.362    1450465.383          0.001
      37428.788       8077.356     964911.397          0.001
      37505.533       7061.362    1450465.383          0.001
      38453.143       7929.419    1775727.138          0.000
      37470.321       7089.640     961294.597          0.001
      36378.753       7966.270     962784.719          0.001
      38753.283       7261.614     961863.538          0.000
      40138.974       7061.965     960984.841          0.000
      39501.789       7697.610     961863.538          0.001
      40463.670       8034.380    2077789.138          0.001
      41525.224       7089.941     961332.816          0.001
      42648.085       7926.112     965134.879          0.001
      41851.071       7035.545     961332.816          0.001
      43250.641       7000.833     960844.127          0.001
      41462.304       7047.817     961332.816          0.001
      40466.353       8031.729     965383.358          0.001
      43341.044       6998.591    1294324.988          0.001
      42707.722       7970.522    1368841.804          0.001
      43341.044       6998.591    1294324.988          0.001
      44353.484       7114.409     960992.622          0.001
      46545.012       7110.083     960992.622          0.001
      47552.964       6959.878    4389167.907          0.002
      46505.129       7617.220     960992.622          0.001
      47454.158       7988.198    1705603.413          0.003
      44383.410       7670.536     960992.622          0.001
      43395.706       8014.967    4486750.974          0.000
      47552.964       6959.878    4389167.907          0.002
      48549.945       7170.690     961959.901          0.001
      49157.139       8338.546     961959.901          0.001
      48796.228       9291.342    2145115.720          0.001
      48431.155       7698.985     961959.901          0.001
      47454.158       7988.198    1705603.413          0.003
      51848.240       7307.355    1333102.895          0.001
      52778.805       7722.600     961175.084          0.001
      52412.246       7192.184     961589.925          0.002
      53783.933       6912.085     960679.708          0.001
      51848.240       7307.355    1333102.895          0.001
      51601.959       8075.807    2066069.389          0.001
      53783.933       6912.085     960679.708          0.001
      54800.824       6960.837     959507.443          0.001
      55857.122       7174.997     959507.443          0.000
      56743.362       8042.147    3936806.518          0.001
      55031.736       7434.079     959507.443          0.001
      53865.791       8207.646    7535219.549          0.000
      57897.210       7148.773    1423968.702          0.002
      58598.727       7888.198     959633.468          0.000
      58081.628       7173.174     960013.076          0.002
      59469.532       7356.815     960352.508          0.001
      57897.210       7148.773    1423968.702          0.002
      56920.410       7905.066     959139.739          0.001
      59979.269       7350.818     960352.508          0.002
      61373.265       7221.292     959129.453          0.002
      59653.191       7381.116    1695270.753          0.001
      58806.849       7948.706     959633.468          0.000
      61699.080       7191.018    2210800.029          0.001
      61683.054       8384.340    2108986.049          0.001
      61446.661       7338.325     959129.453          0.002
      60237.501       8043.969     960931.245          0.001
      62914.466       7089.933    3624717.685          0.001
      63598.486       8049.290    1416696.219          0.001
      62780.996       7230.231     956986.351          0.001
      61816.036       8244.554     961423.215          0.002
      64781.789       8125.832     954982.093          0.001
      64651.624       9135.946    1988754.009          0.001
      65176.515       7443.003     954982.093          0.000
      66070.106       7931.745    1830812.432          0.001
      64475.425       7531.197     954982.093          0.000
      63598.486       8049.290    1416696.219          0.001
      66884.857       7179.410    1373845.852          0.001
      68168.233       7179.899     949769.791          0.001
      66884.857       7179.410    1373845.852          0.001
      66070.106       7931.745    1830812.432          0.001
      68649.562       7180.083    3298279.119          0.001
      67650.086       7875.528     952570.730          0.001
      71416.799       7471.869     944595.949          0.002
      72652.187       8130.516     936640.479          0.001
      71068.924       7114.848     944595.949          0.002
      72464.322       7001.425     936322.915          0.001
      70789.720       7137.542    2296018.462          0.001
      70740.692       8344.096    1655773.552          0.001
      70548.450       7246.860     944595.949          0.002
      69273.241       7824.650     948570.221          0.002
      72743.342       6978.745    1643000.942          0.001
      73464.542       7698.678     929544.438          0.001
      72743.342       6978.745    1643000.942          0.001
      72737.396       8175.946    1374919.912          0.001
      75186.212       7231.823    1278784.750          0.001
      75906.161       8256.402    2962765.646          0.001
      75186.212       7231.823    1278784.750          0.001
      74385.872       7895.559     929544.438          0.001
      76938.416       7231.881    1053377.481          0.001
      77812.035       7923.045    1618915.270          0.002
      76919.117       7251.036     907464.157          0.001
      75925.452       8237.256     916724.177          0.001
      78741.818       8071.835     882859.896          0.001
      78133.808       9117.154    2348198.074          0.001
      79168.605       7338.082    4103709.011          0.000
      79872.821       8037.036     876867.313          0.000
       1206.287       8829.906     876681.480          0.001
       1996.713       9266.726     993307.736          0.002
       2232.636       8253.787     541874.118          0.003
       1996.713       9266.726     993307.736          0.002
       2232.636       8253.787     541874.118          0.003
       2852.452       8322.319    1380437.590          0.001
       3137.328       8302.137     905604.762          0.001
       4533.828       8203.201     922556.605          0.001
       2852.452       8322.319    1380437.590          0.001
       2123.123       9127.218     891481.845          0.002
       5016.341       8505.099     922556.605          0.001
       5748.659       9698.292     924651.897          0.001
       7121.768       8111.361     934850.542          0.002
       7896.130       9277.707     938542.662          0.001
       7121.195       8110.498    1144655.300          0.002
       6228.913       8964.440    1236917.230          0.002
       8270.394       8029.932    2082148.435          0.000
       7896.671       9278.522    2168628.173          0.001
       8904.463       8577.451     941399.826          0.000
       8903.203       9977.234    3453339.073          0.000
       9290.503       8688.189     941399.826          0.001
      10063.660       9352.047     674699.225          0.002
      10088.979       8343.278    1891072.413          0.001
      10998.442       8347.597    2842814.996          0.000
      10972.592       9070.252     947037.732          0.001
      10936.191      10087.882    1449431.893          0.002
      11457.676       8587.387     947037.732          0.001
      12360.235       9058.661    1468001.993          0.003
      10757.657       8606.328     947037.732          0.000
      10063.660       9352.047     674699.225          0.002
      13381.306       8054.007     949939.042          0.002
      14051.781       9283.016     955958.510          0.001
      13259.134       7985.918     949939.042          0.002
      12360.235       9058.661    1468001.993          0.003
      14738.915       8207.944     951936.238          0.001
      15899.114       8991.486     958022.238          0.001
      14396.746       8010.044     951936.238          0.001
      14128.336       9384.073     955958.510          0.001
      14402.473       7980.727    2958316.588          0.001
      15419.467       8041.243     955161.153          0.001
      17155.670       8700.160     955161.153          0.001
      18014.000       9248.338    1101416.284          0.002
      17334.674       8019.082     955161.153          0.001
      18351.433       7957.999    3708860.603          0.001
      18351.433       7957.999    3708860.603          0.001
      18014.000       9248.338    1101416.284          0.002
      18420.484       7963.669     958705.180          0.001
      19815.787       8078.246     960260.796          0.001
      20246.534       8856.180     960260.796          0.002
      20378.904      10249.364    1024906.521          0.002
      20175.427       8107.778    1819670.941          0.001
      19486.761       8859.361     958216.259          0.001
      22324.788       8188.337    1285806.885          0.001
      23126.635       8817.037     959165.318          0.000
      24811.427       8166.331     960643.566          0.001
      26192.617       7937.610     959978.650          0.001
      26257.865       7992.682     959978.650          0.001
      27237.627       8992.716     962560.574          0.001
      26193.007       7946.788     959978.650          0.001
      25277.432       9005.903     961102.954          0.002
      28544.232       8411.947    1289649.112          0.001
      29360.845       9021.613     962529.388          0.000
      28544.232       8411.947    1289649.112          0.001
      29536.800       8182.651     959144.185          0.001
      28538.640       8414.661     960823.172          0.001
      27279.234       9026.130     962560.574          0.001
      30223.948       8023.911    9606429.734          0.000
      31067.168       9140.852     963009.132          0.000
      30223.948       8023.911    9606429.734          0.000
      29555.092       9166.633    5448093.133          0.000
      32286.549       8308.273     959910.714          0.002
      31750.076       9601.407     963050.326          0.001
      32813.272       7972.088     959910.714          0.002
      34204.283       8130.483     961980.208          0.002
      32443.489       7929.981    3809192.297          0.001
      31750.679       8676.670     963009.132          0.001
      34573.740       8172.553    1682800.827          0.001
      35313.893       8872.873     963457.928          0.000
      34573.740       8172.553    1682800.827          0.001
      33586.195       9119.307    1351896.067          0.003
      35482.971       7999.140    3639209.241          0.001
      36343.466       7994.609    1364933.555          0.001
      36343.466       7994.609    1364933.555          0.001
      37067.914       8711.039     964911.397          0.000
      38453.060       7938.389     963768.617          0.000
      38440.055       9338.329     966074.734          0.001
      38759.256       7945.400     963768.617          0.001
      40157.353       8018.388     965383.358          0.001
      38453.143       7929.419    1775727.138          0.000
      37724.603       8641.755     964911.397          0.001
      39239.409       8324.213     963768.617          0.001
      40490.114       8952.207    1932226.050          0.001
      40869.357       8235.570     965383.358          0.001
      42123.593       8857.576     968953.862          0.001
      41199.161       8013.450     965383.358          0.001
      42598.595       7973.627     965134.879          0.001
      40463.670       8034.380    2077789.138          0.001
      40490.114       8952.207    1932226.050          0.001
      42707.722       7970.522    1368841.804          0.001
      43237.651       8840.992     968781.513          0.000
      42707.722       7970.522    1368841.804          0.001
      42528.559       9058.408    1590794.779          0.001
      43474.264       8134.925     965012.718          0.001
      44241.252       9306.134     967882.223          0.001
      43747.517       8033.018     965012.718          0.001
      45145.678       8104.755     964842.209          0.001
      45497.216       8122.792    2092321.040          0.001
      45573.637       9138.883     966074.541          0.001
      45721.773       8301.838     964842.209          0.001
      46816.416       9174.625     968588.127          0.001
      45777.451       8103.518     964842.209          0.001
      47174.152       8007.456     963652.560          0.003
      45377.825       8254.948     964842.209          0.001
      44439.322       9293.799     967882.223          0.001
      47623.028       8152.169     963652.560          0.003
      48627.436       9127.445     967762.869          0.001
      47454.158       7988.198    1705603.413          0.003
      46817.265       9175.303    1460434.267          0.001
      49855.662       8162.788     963853.203          0.001
      50513.422       9398.649     966577.058          0.001
      50177.276       8144.708     963853.203          0.001
      51575.641       8077.080     962731.836          0.001
      49803.375       8214.814     963853.203          0.001
      48846.918       9237.160     967762.869          0.001
      51990.618       8293.009     962731.836          0.002
      53212.725       8975.983     965107.938          0.001
      51588.970       8091.637     962731.836          0.001
      50700.934       9173.945     966577.058          0.002
      51601.959       8075.807    2066069.389          0.001
      52619.200       8135.048     961175.084          0.001
      54886.081       8156.268     961175.084          0.001
      55904.427       8104.989     752510.709          0.001
      54790.288       8783.184     961175.084          0.001
      55655.584       9321.868    1697759.173          0.001
      55904.427       8104.989     752510.709          0.001
      56468.041       8954.366     964229.510          0.000
      55904.427       8104.989     752510.709          0.001
      55655.584       9321.868    1697759.173          0.001
      55904.427       8104.989     752510.709          0.001
      56743.362       8042.147    3936806.518          0.001
      57536.132       8061.081     959230.907          0.001
      58649.020       8910.480     963869.987          0.001
      57480.037       8018.267    2343176.184          0.001
      58499.269       8011.838     959633.468          0.000
      57480.037       8018.267    2343176.184          0.001
      56946.103       8886.292     964229.510          0.000
      59951.985       8509.166     960931.245          0.001
      59810.118       9901.960     964374.223          0.001
      60138.540       8209.208     960931.245          0.001
      61529.625       8366.943     961423.215          0.002
      59946.077       8214.474     960931.245          0.001
      58742.929       8930.319     963869.987          0.001
      61701.746       8592.722     961423.215          0.002
      61826.829       9987.123     961465.923          0.001
      61950.854       8337.496     961423.215          0.002
      63329.915       8096.269     958429.737          0.002
      61683.054       8384.340    2108986.049          0.001
      60932.893       9365.149    1031276.233          0.002
      63638.116       8090.181     958429.737          0.002
      64612.439       9095.514     958040.190          0.001
      66171.124       8082.641     953758.986          0.001
      66949.948       9246.012     951975.150          0.001
      65894.148       8081.123     953758.986          0.001
      64826.873       8987.171     958040.190          0.001
      66899.510       8397.786    7831132.083          0.000
      68243.605       8787.000     946615.832          0.001
      68037.284       8150.230     952570.730          0.001
      69032.659       7933.656    1510333.831          0.001
      69032.659       7933.656    1510333.831          0.001
      69032.930       8951.725     946615.832          0.000
      69205.653       7975.227     948570.221          0.002
      70566.903       8302.335     943975.438          0.001
      71322.876       8295.068     943975.438          0.001
      72717.938       8177.584     936640.479          0.001
      70740.692       8344.096    1655773.552          0.001
      70903.410       9352.442     832498.953          0.001
      70740.692       8344.096    1655773.552          0.001
      69793.131       8716.672     946615.832          0.001
      72737.396       8175.946    1374919.912          0.001
      73755.289       8214.633     929544.438          0.000
      72737.396       8175.946    1374919.912          0.001
      73747.090       9145.121     928773.625          0.001
      74918.083       8604.653     929544.438          0.001
      75860.662       8991.841    1637814.720          0.001
      74887.306       8238.940     929544.438          0.001
      75906.161       8256.402    2962765.646          0.001
      75906.161       8256.402    2962765.646          0.001
      77268.621       8018.094     899503.236          0.002
      77812.035       7923.045    1618915.270          0.002
      78067.474       8870.986     892951.840          0.002
      77075.735       8326.328     899503.236          0.002
      75860.662       8991.841    1637814.720          0.001
      78994.225       8677.359     876867.313          0.001
      78133.808       9117.154    2348198.074          0.001
       1173.120       9232.469     873254.242          0.001
       1996.713       9266.726     993307.736          0.002
         36.390       9216.899     873254.242          0.000
        843.237       9953.586    7064428.468          0.000
       1996.713       9266.726     993307.736          0.002
       3366.183       9198.239     912590.704          0.001
       1996.713       9266.726     993307.736          0.002
       1326.359       9665.902     874907.684          0.001
       5010.240       9616.206     912590.704          0.001
       5945.953      10019.750    2013473.076          0.001
       3970.956       9167.995   12021106.486          0.000
       2859.969       9688.288     887127.099          0.002
       6228.913       8964.440    1236917.230          0.002
       5945.953      10019.750    2013473.076          0.001
       6228.913       8964.440    1236917.230          0.002
       7604.087       9223.421     938542.662          0.001
       7736.471       9536.959     938542.662          0.001
       6998.859      10726.887     931275.362          0.001
       7896.671       9278.522    2168628.173          0.001
       8174.035      10200.406     845291.055          0.001
       7896.671       9278.522    2168628.173          0.001
       8734.057       9859.816     940134.699          0.000
       7301.765       9504.573     938542.662          0.002
       5993.058      10001.851     924651.897          0.001
      10063.660       9352.047     674699.225          0.002
      10936.191      10087.882    1449431.893          0.002
      10063.660       9352.047     674699.225          0.002
       9166.211       9835.541     940134.699          0.000
      12360.235       9058.661    1468001.993          0.003
      13732.375       9334.520     955958.510          0.001
      12215.635       9163.170     953374.025          0.003
      11080.966       9983.247     947783.240          0.002
      14122.687       9412.990    2334883.875          0.001
      14899.116      10073.056     955690.100          0.000
      14122.687       9412.990    2334883.875          0.001
      15516.637       9285.138     958022.238          0.002
      13368.780       9675.694     955958.510          0.002
      12046.743      10136.366     951134.494          0.002
      16236.203       9219.139    2025701.030          0.001
      17355.873       9955.672    1016836.821          0.002
      16236.203       9219.139    2025701.030          0.001
      15514.888       9939.591     955690.100          0.001
      16614.847       9225.358     958022.238          0.001
      18014.000       9248.338    1101416.284          0.002
      18014.000       9248.338    1101416.284          0.002
      17355.873       9955.672    1016836.821          0.002
      18014.000       9248.338    1101416.284          0.002
      19031.137       9309.056     958216.259          0.000
      19107.074       9601.494     958216.259          0.000
      19273.050      10991.621     958578.924          0.000
      19551.225       9655.211     958216.259          0.001
      20378.904      10249.364    1024906.521          0.002
      18856.917       9462.714     958216.259          0.000
      18022.615      10047.953    3163911.874          0.001
      22270.336       9555.236     958623.419          0.001
      23163.142      10046.280    1532379.271          0.001
      20982.601       9428.990     958623.419          0.001
      20378.904      10249.364    1024906.521          0.002
      21661.736       9022.312     958623.419          0.000
      23061.444       9050.894     959165.318          0.000
      24514.432       9699.889     959165.318          0.001
      25390.200      10220.067    1124376.257          0.001
      24255.358       9036.975     959165.318          0.001
      25273.673       9010.251    1405382.609          0.002
      25273.673       9010.251    1405382.609          0.002
      25963.707       9760.271     961592.017          0.001
      25273.673       9010.251    1405382.609          0.002
      25390.200      10220.067    1124376.257          0.001
      25573.138       9013.067     961102.954          0.002
      26973.076       9026.227     962560.574          0.001
      27273.223       9029.049    1696477.458          0.001
      27489.600      10242.810    1839174.911          0.001
      27273.223       9029.049    1696477.458          0.001
      28565.197       9040.847    2318578.215          0.001
      28565.197       9040.847    2318578.215          0.001
      29219.566       9952.783    1463505.961          0.001
      28565.197       9040.847    2318578.215          0.001
      27671.422      10039.627     962396.879          0.001
      29555.092       9166.633    5448093.133          0.000
      30950.038       9273.440     963009.132          0.000
      31180.591       9291.092    3085357.588          0.000
      31592.947       9980.157    2651855.872          0.001
      30184.315       9627.256     963009.132          0.001
      29219.566       9952.783    1463505.961          0.001
      33586.195       9119.307    1351896.067          0.003
      34237.362       9901.615     961673.105          0.001
      33586.195       9119.307    1351896.067          0.003
      34604.409       9099.140     963457.928          0.001
      33586.195       9119.307    1351896.067          0.003
      33484.004      10222.599     821260.620          0.001
      33586.195       9119.307    1351896.067          0.003
      32301.182       9674.282     963050.326          0.001
      36147.438      10097.158     963457.928          0.001
      36674.343      10969.602    1319843.008          0.001
      36635.545       9627.741     963457.928          0.001
      37548.162      10080.755     885797.796          0.001
      35533.578       9080.736   12168412.047          0.000
      34682.115      10191.256     961673.105          0.000
      35746.435       9071.213     963457.928          0.000
      37145.036       9008.645     964911.397          0.000
      37372.836       9077.312     964911.397          0.000
      37548.162      10080.755     885797.796          0.001
      38439.968       9347.698    2068255.686          0.001
      38056.287      10291.909     962054.212          0.001
      39116.109       9217.265     966074.734          0.001
      40490.114       8952.207    1932226.050          0.001
      38595.975       9456.686     966074.734          0.001
      39743.109      10258.089    1362688.949          0.001
      38439.968       9347.698    2068255.686          0.001
      37548.162      10080.755     885797.796          0.001
      40574.447       9004.598     968890.864          0.001
      41763.656       9743.369     966847.987          0.002
      40464.313       8997.312     968890.864          0.001
      39769.166      10212.537     965415.749          0.001
      40490.114       8952.207    1932226.050          0.001
      41888.078       9025.040     968953.862          0.001
      42528.559       9058.408    1590794.779          0.001
      42391.479      10133.392    1972708.366          0.002
      43780.802       9460.580     968781.513          0.001
      44505.041      10177.491    1622360.328          0.001
      43070.750       9374.070     968781.513          0.000
      42391.479      10133.392    1972708.366          0.002
      44319.809       9426.091    2985781.343          0.001
      45213.107       9916.263     966074.541          0.001
      46817.265       9175.303    1460434.267          0.001
      47445.572      10035.867    1282101.873          0.001
      46829.538       9176.022     968588.127          0.001
      48227.138       9257.972     967762.869          0.001
      48956.729       9301.581     967762.869          0.001
      50353.889       9390.715     966577.058          0.002
      48733.797       9325.756     967762.869          0.001
      47507.733      10001.602     966117.871          0.001
      50514.658       9400.971    1777978.537          0.001
      49967.235      10689.093     964265.620          0.002
      50514.658       9400.971    1777978.537          0.001
      50780.965      10110.339     655058.651          0.002
      50514.658       9400.971    1777978.537          0.001
      49545.960       9717.907     965976.540          0.001
      51640.532       9332.068     965873.555          0.001
      51412.747      10356.879    1145176.686          0.001
      51536.639       9381.965     965873.555          0.001
      50780.965      10110.339     655058.651          0.002
      52552.749       9233.551     965873.555          0.002
      53601.370       9193.177    1512708.794          0.001
      53601.370       9193.177    1512708.794          0.001
      54399.337      10342.916     964780.408          0.001
      53601.370       9193.177    1512708.794          0.001
      52955.397       9981.098     964297.588          0.000
      53629.810       9194.958     965107.938          0.001
      55027.071       9282.493     964708.750          0.002
      55655.584       9321.868    1697759.173          0.001
      56669.158      10086.521    1932104.172          0.001
      55655.584       9321.868    1697759.173          0.001
      56674.257       9296.004     964229.510          0.000
      55571.265       9400.152     964708.750          0.002
      54545.274      10352.697     964780.408          0.001
      57700.299       9124.137     964229.510          0.001
      58704.764       8953.026    1799330.234          0.001
      58617.971       9041.882     963869.987          0.001
      57639.716      10043.390     965182.679          0.001
      58788.775       9052.108     963869.987          0.001
      59694.173      10119.935     964374.223          0.001
      60932.893       9365.149    1031276.233          0.002
      61845.531      10195.611    1641099.759          0.001
      60918.304       9375.929     963543.251          0.002
      59792.350      10207.931     964374.223          0.001
      62843.246       9105.313    5711908.731          0.000
      63753.394       9563.706     955697.098          0.001
      63048.024       9108.782     961011.710          0.001
      64447.823       9132.494     958040.190          0.001
      62816.799       9134.214     961011.710          0.000
      61871.673      10167.044     961465.923          0.001
      65154.945       9190.607     958040.190          0.001
      66546.762       9341.757     951975.150          0.001
      67050.681       9396.482    1602682.086          0.001
      66828.532      10379.901     880061.500          0.001
      67050.681       9396.482    1602682.086          0.001
      68050.833       9204.294     946615.832          0.001
      67050.681       9396.482    1602682.086          0.001
      66071.759       9679.388     955697.098          0.001
      67050.681       9396.482    1602682.086          0.001
      67749.279      10137.752     949073.164          0.000
      68922.506       9120.426     946615.832          0.000
      67907.207      10084.360     949073.164          0.000
      69076.358       9066.035     946615.832          0.000
      69989.289      10127.243    5004841.510          0.000
      69901.378       9171.977     946615.832          0.001
      70903.410       9352.442     832498.953          0.001
      70912.329       9362.515     941488.112          0.001
      71840.442      10410.660     938044.021          0.001
      70903.410       9352.442     832498.953          0.001
      70126.427      10011.006     943528.066          0.000
      72825.378       9563.819     938933.441          0.001
      73720.043      10051.812    1424556.831          0.001
      72945.458       9163.346     938933.441          0.001
      73949.471       9339.380    1477806.719          0.001
      73977.324       9352.662     928773.625          0.001
      75240.997       9955.265     915793.905          0.002
      74216.461       9290.829     928773.625          0.001
      75593.873       9040.355     915795.987          0.001
      73949.471       9339.380    1477806.719          0.001
      73720.043      10051.812    1424556.831          0.001
      75860.662       8991.841    1637814.720          0.001
      76890.310       9698.399     894464.254          0.002
      75860.662       8991.841    1637814.720          0.001
      75779.135      10211.885    2250838.548          0.001
      75860.662       8991.841    1637814.720          0.001
      76974.322       9053.234     892951.840          0.003
      78133.808       9117.154    2348198.074          0.001
      79029.967       9149.097     874317.389          0.001
      78118.254       9227.389     892951.840          0.002
      77949.261      10425.065    2314693.071          0.001
      79850.043       9389.417     874317.389          0.000
      79131.965      10374.634    6346620.008          0.000
        843.237       9953.586    7064428.468          0.000
        137.534      11017.202     872113.199          0.000
       1324.812      10415.710     874907.684          0.001
       1944.289      11010.166    2133510.007          0.002
       3175.098      10180.147     887127.099          0.002
       4102.977      10299.614    1133535.306          0.001
       4332.469      10264.764     909757.951          0.001
       5716.601      10054.578     924651.897          0.001
       4102.977      10299.614    1133535.306          0.001
       4107.074      11442.027    1280757.932          0.002
       4102.977      10299.614    1133535.306          0.001
       2979.524      10669.409     889246.698          0.003
       4102.977      10299.614    1133535.306          0.001
       4938.977      11041.127     919088.181          0.001
       5945.953      10019.750    2013473.076          0.001
       5234.337      10881.296     919088.181          0.001
       5945.953      10019.750    2013473.076          0.001
       6838.929      10984.889    1848315.041          0.000
       8174.035      10200.406     845291.055          0.001
       9032.808      11279.393    2330021.765          0.001
       8110.294      10237.858     937722.584          0.001
       6903.241      10947.100     931275.362          0.001
       8931.848      10265.035     940134.699          0.000
       9032.808      11279.393    2330021.765          0.001
       9918.704      10032.504     940134.699          0.001
      10936.191      10087.882    1449431.893          0.002
      10936.191      10087.882    1449431.893          0.002
      11920.203      10180.459    3604635.473          0.002
      10850.061      10141.799     947783.240          0.002
       9663.395      10884.648     943742.361          0.002
      11984.660      10244.143     951134.494          0.002
      12980.563      11228.103     955947.465          0.001
      11920.203      10180.459    3604635.473          0.002
      13318.630      10241.059     955164.995          0.001
      11973.297      10411.215     951134.494          0.002
      12287.217      11775.566     954569.995          0.001
      14252.894      10617.397     955164.995          0.001
      14111.823      12010.272     956611.220          0.001
      14131.281      10409.258     955164.995          0.001
      13044.735      11291.505    1169188.852          0.001
      14286.761      10283.012    4710835.413          0.000
      15123.477      11129.276    1109373.687          0.001
      16174.009      10920.322     955690.100          0.001
      17041.521      11455.523    2043166.186          0.001
      16348.806      10111.025     955690.100          0.001
      17355.873       9955.672    1016836.821          0.002
      17355.873       9955.672    1016836.821          0.002
      17068.713      11325.786     958226.177          0.001
      18022.615      10047.953    3163911.874          0.001
      17222.307      11196.151     958226.177          0.001
      20378.904      10249.364    1024906.521          0.002
      21470.435      10266.327    1161599.829          0.001
      20378.904      10249.364    1024906.521          0.002
      19645.250      10956.336     958578.924          0.000
      21470.435      10266.327    1161599.829          0.001
      22102.000      11066.568     960170.906          0.001
      21622.865      10246.511     959050.064          0.001
      23011.183      10066.035     959634.276          0.001
      21470.435      10266.327    1161599.829          0.001
      20449.748      11223.039    4083822.679          0.001
      23163.142      10046.280    1532379.271          0.001
      23900.357      10749.723     960252.305          0.001
      23163.142      10046.280    1532379.271          0.001
      22693.549      10950.944     960170.906          0.001
      23994.590      10111.162     959634.276          0.002
      25390.200      10220.067    1124376.257          0.001
      25390.200      10220.067    1124376.257          0.001
      26201.448      10973.402    1352252.123          0.001
      25390.200      10220.067    1124376.257          0.001
      24624.071      10891.160     960252.305          0.000
      27897.736      10174.387     962396.879          0.001
      29219.566       9952.783    1463505.961          0.001
      27489.600      10242.810    1839174.911          0.001
      28144.774      11187.670    1905121.153          0.001
      27367.321      10312.162     962396.879          0.001
      26201.448      10973.402    1352252.123          0.001
      29141.919      10041.996     963330.746          0.001
      28222.793      11098.030     961836.841          0.001
      29219.566       9952.783    1463505.961          0.001
      29449.255      10945.280     961641.727          0.000
      29219.566       9952.783    1463505.961          0.001
      30619.088       9968.925     963050.326          0.002
      31592.947       9980.157    2651855.872          0.001
      32448.912      10532.862     959878.822          0.001
      31844.415      10012.397     963050.326          0.001
      33233.050      10190.425     962152.212          0.001
      31592.947       9980.157    2651855.872          0.001
      30731.777      10525.341     961641.727          0.001
      33484.004      10222.599     821260.620          0.001
      34498.492      10311.117     961673.105          0.000
      34871.282      10610.978     961673.105          0.000
      35584.515      11337.987    1620873.195          0.002
      34584.462      10318.619    2194069.992          0.000
      35289.370      10213.978    2434648.134          0.001
      34497.666      10369.353     961673.105          0.000
      33289.431      11075.593    4681910.631          0.000
      35367.254      10256.471     962109.159          0.001
      36596.239      10926.990     961171.389          0.001
      37548.162      10080.755     885797.796          0.001
      36674.343      10969.602    1319843.008          0.001
      39743.109      10258.089    1362688.949          0.001
      39650.851      11374.475     923188.621          0.001
      39743.109      10258.089    1362688.949          0.001
      38807.365      10660.423     962054.212          0.001
      39743.109      10258.089    1362688.949          0.001
      40397.966      11057.846    1870167.126          0.001
      41373.292      10176.381     966025.563          0.001
      42391.479      10133.392    1972708.366          0.002
      42748.321      10140.837     966847.987          0.002
      44148.017      10170.042     966433.937          0.002
      42391.479      10133.392    1972708.366          0.002
      42704.711      11177.326    1669671.488          0.001
      44216.850      10337.541     966433.937          0.002
      42992.929      11017.260     966604.627          0.002
      44505.041      10177.491    1622360.328          0.001
      45523.775      10158.437     966074.541          0.000
      44505.041      10177.491    1622360.328          0.001
      44470.873      11239.088     927483.259          0.002
      44554.090      10212.417     966433.937          0.001
      45694.512      11024.474     966429.547          0.000
      46429.139      10103.919     966074.541          0.001
      47445.572      10035.867    1282101.873          0.001
      47445.572      10035.867    1282101.873          0.001
      47419.262      11306.361    1254198.053          0.002
      47445.572      10035.867    1282101.873          0.001
      46246.342      10757.557     966429.547          0.001
      48511.742      11010.377     965976.540          0.001
      48507.580      12029.991    3106158.070          0.001
      49002.494      10515.244     965976.540          0.001
      49743.442      11215.692    1984561.223          0.001
      48091.115      10539.539     965976.540          0.001
      47419.262      11306.361    1254198.053          0.002
      50780.965      10110.339     655058.651          0.002
      51361.426      10947.645     963360.453          0.000
      50780.965      10110.339     655058.651          0.002
      49823.134      11130.790     964265.620          0.001
      51412.747      10356.879    1145176.686          0.001
      52430.571      10302.139     964297.588          0.000
      53074.224      10681.336     964297.588          0.001
      53772.005      11424.294    1273071.019          0.001
      52672.112      10310.292     964297.588          0.000
      51531.348      11121.869     963360.453          0.000
      53444.796      10348.067     964297.588          0.001
      54460.653      10431.261    1364418.787          0.001
      54460.653      10431.261    1364418.787          0.001
      55617.393      10158.899    3358342.189          0.001
      54460.653      10431.261    1364418.787          0.001
      53772.005      11424.294    1273071.019          0.001
      55668.390      10829.730     965502.254          0.001
      55774.451      12224.868    1482036.593          0.001
      55652.364      10181.937     965502.254          0.001
      56821.473      10952.122     963435.662          0.001
      55617.393      10158.899    3358342.189          0.001
      56669.158      10086.521    1932104.172          0.001
      56669.158      10086.521    1932104.172          0.001
      57552.626      10132.550    3339213.673          0.001
      58379.460      10164.537     965182.679          0.001
      59777.861      10218.637    3057080.865          0.001
      57552.626      10132.550    3339213.673          0.001
      56855.784      10974.726    1099939.188          0.001
      59777.861      10218.637    3057080.865          0.001
      60279.191      11105.252     956914.244          0.001
      60538.557      10614.319     964374.223          0.001
      61780.580      11260.367     958701.610          0.001
      59777.520      10218.757     964374.223          0.001
      58456.698      10682.902     963235.836          0.002
      60111.832      10214.918     964374.223          0.001
      61511.746      10199.328     961465.923          0.001
      61845.531      10195.611    1641099.759          0.001
      61910.091      11327.733    1339185.505          0.001
      63182.432      10572.863     960146.698          0.001
      63930.581      11264.758    2110005.221          0.001
      62398.626      10433.804     960146.698          0.000
      61910.091      11327.733    1339185.505          0.001
      62977.881      10047.805     960146.698          0.000
      64377.829      10059.790     955697.098          0.000
      64861.109      10169.022     955697.098          0.000
      65896.197      11111.675     951605.723          0.000
      65821.050      10226.660     955697.098          0.001
      66828.532      10379.901     880061.500          0.001
      64502.040      10421.062     955697.098          0.000
      63930.581      11264.758    2110005.221          0.001
      66828.532      10379.901     880061.500          0.001
      66910.469      11395.806     948693.059          0.001
      66828.532      10379.901     880061.500          0.001
      67797.300      10188.707    3382482.850          0.000
      66828.532      10379.901     880061.500          0.001
      67848.863      10987.348    1452143.214          0.001
      68194.404      10177.572     949073.164          0.000
      69593.854      10138.331     943528.066          0.000
      70843.352      10262.042     943528.066          0.001
      71849.455      10420.839    2667527.360          0.001
      68794.688      10607.280     943528.066          0.001
      67848.863      10987.348    1452143.214          0.001
      72098.289      10371.749     938044.021          0.001
      73471.816      10100.782     930030.505          0.001
      71603.069      10548.946     938044.021          0.001
      70360.938      11194.786     942219.071          0.001
      73432.586      10205.172     930030.505          0.001
      72197.380      10864.161     937112.680          0.002
      73720.043      10051.812    1424556.831          0.001
      75115.526      10160.296     915793.905          0.002
      75610.214      10529.077     915793.905          0.002
      74952.141      11764.771     917386.638          0.001
      75779.135      10211.885    2250838.548          0.001
      76616.434      10792.817     901789.625          0.001
      75779.135      10211.885    2250838.548          0.001
      76998.453      10331.663     894464.254          0.002
      75779.135      10211.885    2250838.548          0.001
      74918.753      10758.476     925330.987          0.001
      77949.261      10425.065    2314693.071          0.001
      78090.934      11662.136     887699.197          0.002
      77949.261      10425.065    2314693.071          0.001
      78793.418      11039.822     884105.924          0.002
      77949.261      10425.065    2314693.071          0.001
      77144.131      11158.943    6042167.178          0.000
      79131.965      10374.634    6346620.008          0.000
      79916.431      11142.671     873353.564          0.000
      79131.965      10374.634    6346620.008          0.000
      78861.195      11089.180     620990.952          0.001
       1334.712      11919.177     872113.199          0.002
       1964.277      12246.851     624871.339          0.002
       1116.661      11101.397     872113.199          0.001
       1944.289      11010.166    2133510.007          0.002
       1945.944      11011.872     889246.698          0.002
       2920.604      12016.879     905933.120          0.000
       1945.698      11097.303     889246.698          0.002
       1964.277      12246.851     624871.339          0.002
       2953.269      11211.637     889246.698          0.003
       4107.074      11442.027    1280757.932          0.002
       4107.074      11442.027    1280757.932          0.002
       5211.323      12276.407    1179958.814          0.002
       4100.206      11557.436     912831.025          0.002
       4017.033      12954.963     913680.188          0.001
       4107.074      11442.027    1280757.932          0.002
       3328.218      12099.129     905933.120          0.000
       5040.549      11171.936     919088.181          0.001
       5211.323      12276.407    1179958.814          0.002
       6251.739      11029.474    8658725.203          0.000
       7071.900      12163.054     935068.646          0.000
       5864.288      11493.831     927382.648          0.001
       5211.323      12276.407    1179958.814          0.002
       6838.929      10984.889    1848315.041          0.000
       7791.415      12010.444     939548.038          0.001
       7241.965      11038.992     931275.362          0.001
       8629.519      11225.256     943742.361          0.002
       6838.929      10984.889    1848315.041          0.000
       7126.320      11962.093     935068.646          0.001
       9378.190      11264.596     943742.361          0.002
      10776.907      11204.673     951204.331          0.001
       9032.808      11279.393    2330021.765          0.001
       8208.400      12410.632     939548.038          0.001
      11122.020      11189.888    7158235.535          0.001
      10949.120      12049.523    1048340.185          0.001
      11122.020      11189.888    7158235.535          0.001
       9901.793      11875.489     945162.576          0.001
      13044.735      11291.505    1169188.852          0.001
      14024.728      12290.587     956611.220          0.001
      15123.477      11129.276    1109373.687          0.001
      15892.838      11797.131     957968.190          0.001
      15123.477      11129.276    1109373.687          0.001
      16503.460      11364.002     958226.177          0.001
      15057.355      11206.151     957508.787          0.001
      14144.419      12267.541     956611.220          0.001
      17041.521      11455.523    2043166.186          0.001
      18057.946      11377.529     958578.924          0.001
      17117.580      11525.634     958226.177          0.001
      18146.952      12474.525     959286.858          0.001
      18857.985      11744.345     958578.924          0.001
      18147.692      12475.207    1763492.845          0.001
      19632.029      11518.174     958578.924          0.000
      20455.423      12118.652    1404231.378          0.001
      20674.947      11354.475     959011.160          0.001
      21884.071      12060.179     960759.839          0.001
      20449.748      11223.039    4083822.679          0.001
      21514.707      11357.883     960170.906          0.001
      22422.641      11472.844    5256764.495          0.000
      23803.038      11241.354     960252.305          0.001
      23309.861      11824.144     960170.906          0.001
      24257.445      12199.344    1388058.748          0.001
      25400.689      11637.707     960252.305          0.001
      26329.948      12055.204    2047496.578          0.001
      25187.745      11070.906     960252.305          0.001
      26201.448      10973.402    1352252.123          0.001
      26201.448      10973.402    1352252.123          0.001
      26329.948      12055.204    2047496.578          0.001
      26476.965      11003.780     961102.338          0.001
      27868.532      11157.212     961836.841          0.001
      28144.774      11187.670    1905121.153          0.001
      28413.447      12445.197    2329841.577          0.001
      27869.045      11319.476     961836.841          0.001
      26605.942      11923.272     963357.857          0.001
      29120.419      11710.904     961641.727          0.001
      28413.447      12445.197    2329841.577          0.001
      29838.841      11263.969     961641.727          0.000
      31234.945      11159.595     960412.660          0.000
      31717.759      11130.345     960412.660          0.000
      33116.910      11081.603     959878.822          0.000
      31205.108      11458.847     960412.660          0.000
      30464.654      12158.809    2077741.663          0.001
      33299.950      11421.566     959878.822          0.000
      33330.910      12439.908    1926920.226          0.001
      34572.137      11222.243     959878.822          0.001
      35584.515      11337.987    1620873.195          0.002
      32913.522      11421.795     959878.822          0.001
      32164.300      12111.809    1202917.458          0.001
      35584.515      11337.987    1620873.195          0.002
      35456.678      12429.207    1132980.406          0.001
      35584.515      11337.987    1620873.195          0.002
      36674.343      10969.602    1319843.008          0.001
      35584.515      11337.987    1620873.195          0.002
      36418.635      12264.764    4122205.933          0.001
      35086.595      11581.449     962139.366          0.002
      33828.892      12196.415     964773.339          0.002
      36674.343      10969.602    1319843.008          0.001
      36418.635      12264.764    4122205.933          0.001
      37484.698      12325.990     962054.212          0.001
      37291.320      13326.819    2239819.382          0.002
      38640.529      11246.692     962054.212          0.001
      39650.851      11374.475     923188.621          0.001
      39650.851      11374.475     923188.621          0.001
      40288.461      12388.556    1364836.459          0.001
      39650.851      11374.475     923188.621          0.001
      38732.250      12041.615    1164391.838          0.001
      40397.966      11057.846    1870167.126          0.001
      40288.461      12388.556    1364836.459          0.001
      40397.966      11057.846    1870167.126          0.001
      41460.715      11175.583    3805246.084          0.001
      41505.313      11241.117     965644.080          0.001
      42292.962      12398.532     965454.403          0.000
      41460.715      11175.583    3805246.084          0.001
      41508.389      12193.423     965460.119          0.000
      41460.715      11175.583    3805246.084          0.001
      42704.711      11177.326    1669671.488          0.001
      41360.981      11278.782     965644.080          0.001
      40388.073      12285.485     965188.447          0.001
      42888.536      11183.754     966604.627          0.002
      44287.680      11232.682     966795.806          0.002
      42704.886      11177.416     966604.627          0.001
      43948.109      11821.151     965565.115          0.002
      44470.873      11239.088     927483.259          0.002
      45744.114      11059.794    9321554.516          0.000
      45889.081      11081.132     966429.547          0.000
      47274.157      11285.002     965437.478          0.002
      47419.262      11306.361    1254198.053          0.002
      47009.673      12239.846     961790.377          0.001
      47419.262      11306.361    1254198.053          0.002
      46420.660      12219.557     742721.971          0.002
      50083.550      11417.478     964265.620          0.001
      51287.585      12131.831     964086.023          0.001
      49743.442      11215.692    1984561.223          0.001
      50761.910      11174.832     963360.453          0.001
      49710.054      11237.691     964265.620          0.001
      48541.006      12007.967     964943.802          0.001
      52760.537      11300.167     963360.453          0.001
      53772.005      11424.294    1273071.019          0.001
      53772.005      11424.294    1273071.019          0.001
      53852.913      12317.763    1574408.600          0.001
      53344.253      11605.609     963804.040          0.001
      52055.269      12151.979     964086.023          0.001
      54394.925      11454.462     963629.304          0.000
      53852.913      12317.763    1574408.600          0.001
      55035.320      11524.241     963629.304          0.001
      55774.451      12224.868    1482036.593          0.001
      56855.784      10974.726    1099939.188          0.001
      56727.284      11986.057     961631.784          0.000
      56855.784      10974.726    1099939.188          0.001
      57615.753      10978.415    1473171.440          0.001
      56690.225      11166.130     963435.662          0.002
      55774.451      12224.868    1482036.593          0.001
      57888.198      11214.728     963235.836          0.002
      58945.067      12131.433    1416984.522          0.001
      57615.753      10978.415    1473171.440          0.001
      56947.901      11748.921     961631.784          0.000
      57615.753      10978.415    1473171.440          0.001
      58623.311      11133.777     961335.704          0.001
      59601.986      11284.685    5197970.779          0.000
      60772.868      12051.057     956914.244          0.000
      59569.357      11326.742     961335.704          0.000
      58945.067      12131.433    1416984.522          0.001
      61910.091      11327.733    1339185.505          0.001
      63309.294      11284.122     955677.861          0.002
      61910.091      11327.733    1339185.505          0.001
      61081.561      11919.836     956914.244          0.000
      64484.389      11620.964     955677.861          0.002
      65661.858      12378.306     952041.784          0.001
      63930.581      11264.758    2110005.221          0.001
      63584.145      12464.081    3340028.864          0.001
      63930.581      11264.758    2110005.221          0.001
      64949.358      11241.721     951605.723          0.001
      66012.595      11217.679    5691066.751          0.000
      66976.470      12214.125    4362953.974          0.000
      67848.863      10987.348    1452143.214          0.001
      68411.837      11836.979     944354.097          0.001
      68722.410      11118.868     948557.078          0.002
      70106.241      11327.214    1419080.863          0.001
      67848.863      10987.348    1452143.214          0.001
      67257.962      11818.285     948693.059          0.000
      70106.241      11327.214    1419080.863          0.001
      70532.332      12252.710     938652.636          0.000
      70517.598      11256.571     942219.071          0.001
      71897.400      11019.615     937112.680          0.001
      70106.241      11327.214    1419080.863          0.001
      69288.124      11934.392     944354.097          0.001
      71910.079      11017.438    1139389.698          0.001
      72457.593      11875.997     929419.149          0.001
      71910.079      11017.438    1139389.698          0.001
      71247.469      11790.872     938652.636          0.001
      71910.079      11017.438    1139389.698          0.001
      72913.478      11193.764     925330.987          0.001
      73947.539      11375.478   10276300.266          0.000
      72934.264      12340.948     929419.149          0.000
      76058.090      11361.588    3223282.184          0.001
      75767.140      12277.668    1076449.146          0.001
      76030.085      11377.405     910832.175          0.001
      74811.072      12065.887     917386.638          0.001
      76964.389      12342.445     901789.625          0.001
      76811.504      13349.111    1356957.292          0.001
      77144.131      11158.943    6042167.178          0.000
      78033.889      11998.993     887699.197          0.001
      76557.917      11635.208     901789.625          0.001
      75767.140      12277.668    1076449.146          0.001
      78861.195      11089.180     620990.952          0.001
      78938.750      12003.690    2782026.659          0.001
      78861.195      11089.180     620990.952          0.001
      78141.105      12100.219    1913530.751          0.001
      79759.746      11400.891     873353.564          0.000
      78938.750      12003.690    2782026.659          0.001
       1250.415      12763.232     873574.932          0.001
       1933.734      13046.488    1349334.277          0.002
       1964.277      12246.851     624871.339          0.002
       1933.734      13046.488    1349334.277          0.002
       1964.277      12246.851     624871.339          0.002
       3093.779      12251.054     905933.120          0.000
       2950.613      12380.473     905933.120          0.000
       1933.734      13046.488    1349334.277          0.002
       5243.279      12290.571     923027.229          0.002
       6523.201      12857.843     933586.906          0.001
       5194.626      12287.450     923027.229          0.002
       4026.892      13059.718     913680.188          0.001
       5211.323      12276.407    1179958.814          0.002
       6227.280      12351.178     935068.646          0.001
       7857.666      13075.198     939548.038          0.001
       7212.758      14317.454    1253837.623          0.001
       8188.478      12437.968    2103223.604          0.001
       9362.834      12178.312    4171048.038          0.001
       8188.478      12437.968    2103223.604          0.001
       7088.665      13108.462    1425402.766          0.001
       8188.478      12437.968    2103223.604          0.001
       8953.788      13111.293     943842.696          0.000
       9362.834      12178.312    4171048.038          0.001
       9942.336      13282.151    1413877.423          0.001
       9553.922      12162.797     945162.576          0.001
      10949.120      12049.523    1048340.185          0.001
      10949.120      12049.523    1048340.185          0.001
      12340.344      12006.469   10747507.560          0.000
      10949.120      12049.523    1048340.185          0.001
      10063.816      13133.421     945909.693          0.001
      12340.344      12006.469   10747507.560          0.000
      13062.570      13205.090     954297.590          0.001
      12340.344      12006.469   10747507.560          0.000
      13713.967      12273.957     956611.220          0.001
      14077.938      12344.833    2583359.525          0.001
      15096.134      12305.042     957968.190          0.001
      14077.938      12344.833    2583359.525          0.001
      13151.477      13352.642    1498367.376          0.001
      14414.859      12525.248     956611.220          0.001
      15649.052      13186.132     958279.061          0.001
      17249.249      12825.136     957968.190          0.001
      18088.588      13402.760    4474848.136          0.001
      17137.137      12345.568     957968.190          0.001
      18147.692      12475.207    1763492.845          0.001
      18990.030      12774.281     959286.858          0.002
      20309.053      13242.605    1218928.049          0.001
      18609.723      12403.821     959286.858          0.002
      19993.306      12190.051     960260.602          0.002
      20455.423      12118.652    1404231.378          0.001
      20997.767      12982.121     960388.241          0.000
      20455.423      12118.652    1404231.378          0.001
      20309.053      13242.605    1218928.049          0.001
      20582.906      12124.254     960260.602          0.001
      21981.556      12185.717     960759.839          0.001
      22108.740      12191.306    1764088.043          0.001
      22818.135      12921.906     960065.402          0.001
      22133.963      12445.870     960759.839          0.001
      22272.002      13839.048     959623.231          0.001
      22483.244      12192.707     960759.839          0.001
      23883.234      12197.944     961671.285          0.001
      22108.740      12191.306    1764088.043          0.001
      21381.253      12905.671     960388.241          0.000
      24257.445      12199.344    1388058.748          0.001
      24907.138      12984.155     960373.536          0.000
      24595.408      12175.839     961671.285          0.001
      25992.034      12078.705     963357.857          0.001
      24257.445      12199.344    1388058.748          0.001
      23648.498      13015.669     960065.402          0.001
      26329.948      12055.204    2047496.578          0.001
      25669.768      12831.055     960373.536          0.001
      26652.004      12115.487     963357.857          0.001
      28028.105      12373.068     964164.778          0.001
      29031.063      12358.966     964164.778          0.002
      30417.614      12165.377     964487.559          0.001
      28413.447      12445.197    2329841.577          0.001
      29204.413      13484.199    1451136.807          0.001
      28432.509      12725.503     964164.778          0.001
      28527.493      14122.277     959449.880          0.001
      30464.654      12158.809    2077741.663          0.001
      30510.685      13557.714     961795.409          0.001
      30323.232      12307.542     964487.559          0.001
      29358.532      13322.113     963575.618          0.001
      30540.245      12231.493     964487.559          0.001
      31549.414      13201.843     964953.997          0.001
      30615.147      12154.648     964487.559          0.001
      32014.613      12115.948     964302.790          0.001
      32164.300      12111.809    1202917.458          0.001
      32281.016      13123.937     964077.927          0.000
      32164.300      12111.809    1202917.458          0.001
      31625.294      13274.804    1394393.722          0.001
      32164.300      12111.809    1202917.458          0.001
      33330.910      12439.908    1926920.226          0.001
      33330.910      12439.908    1926920.226          0.001
      33754.528      13366.696     961495.993          0.001
      33330.910      12439.908    1926920.226          0.001
      34513.941      13188.111     963900.145          0.001
      33693.485      12438.082     964773.339          0.001
      35093.467      12431.035     964912.794          0.001
      35456.678      12429.207    1132980.406          0.001
      36418.635      12264.764    4122205.933          0.001
      35456.678      12429.207    1132980.406          0.001
      34626.093      13259.042     748279.341          0.001
      36436.506      12467.108     965001.144          0.001
      36559.674      13861.679     962705.498          0.002
      36418.635      12264.764    4122205.933          0.001
      35655.300      12939.972     963757.266          0.000
      38732.250      12041.615    1164391.838          0.001
      39299.311      12887.986     963149.394          0.001
      38732.250      12041.615    1164391.838          0.001
      37687.901      12973.097     963555.996          0.002
      38826.912      12062.719     965510.275          0.001
      40193.366      12367.356     965188.447          0.001
      40288.461      12388.556    1364836.459          0.001
      41307.445      12401.591     965460.119          0.000
      40288.461      12388.556    1364836.459          0.001
      40725.785      13171.017    4000724.335          0.001
      41791.690      12582.347     965460.119          0.000
      42645.637      13138.454    1574840.536          0.001
      41458.319      12462.285     965460.119          0.000
      40725.785      13171.017    4000724.335          0.001
      42490.848      12447.397     965454.403          0.001
      43882.356      12293.431     965565.115          0.002
      44891.080      12782.637     965565.115          0.002
      45354.731      14103.351    1764112.132          0.002
      44688.042      12204.284    5830064.469          0.001
      45630.184      12593.218     961790.377          0.001
      43918.400      12556.309     965565.115          0.002
      42645.637      13138.454    1574840.536          0.001
      44854.395      12205.751     965565.115          0.001
      46254.341      12218.091     964807.557          0.002
      46420.660      12219.557     742721.971          0.002
      46666.847      13021.171    8822238.641          0.000
      48507.580      12029.991    3106158.070          0.001
      48769.328      13020.848     812284.057          0.001
      48507.580      12029.991    3106158.070          0.001
      47609.939      12513.344     961790.377          0.001
      49915.172      12357.091     963715.099          0.001
      51315.037      12337.708     964086.023          0.001
      49602.341      12361.422    6781850.597          0.000
      48769.328      13020.848     812284.057          0.001
      52039.796      12330.489     964086.023          0.001
      53439.762      12320.663     963366.586          0.002
      51627.302      12333.385    3960453.176          0.001
      50673.771      12692.462     961178.709          0.001
      51982.545      12480.608     964086.023          0.001
      53275.878      13016.602     961608.939          0.002
      54376.742      12292.439     963366.586          0.002
      55774.451      12224.868    1482036.593          0.001
      53852.913      12317.763    1574408.600          0.001
      53630.768      13163.679    1745521.378          0.001
      55774.451      12224.868    1482036.593          0.001
      54710.274      13133.325     961210.727          0.001
      55774.451      12224.868    1482036.593          0.001
      55649.862      13090.022    1940078.531          0.001
      57201.679      12525.589     961631.784          0.001
      57890.846      13275.679    1576469.643          0.001
      56368.078      12365.958     961631.784          0.001
      55649.862      13090.022    1940078.531          0.001
      57928.020      12074.178     961631.784          0.001
      58945.067      12131.433    1416984.522          0.001
      58945.067      12131.433    1416984.522          0.001
      59650.744      13212.311    3727249.130          0.001
      58945.067      12131.433    1416984.522          0.001
      59962.771      12111.195     956914.244          0.001
      58892.202      12188.811     959003.641          0.001
      57943.586      13218.436     959446.327          0.001
      60752.916      13028.651     956914.244          0.001
      60660.400      14043.365    2214711.684          0.002
      61130.462      12490.687     956914.244          0.001
      61734.501      13310.855    1243718.470          0.001
      61291.652      12148.633     956914.244          0.000
      62680.798      12316.637   12335497.773          0.000
      63584.145      12464.081    3340028.864          0.001
      62906.028      13204.379    1356395.922          0.001
      64250.278      12446.783     954540.328          0.001
      65649.806      12410.440     952041.784          0.001
      65857.538      12678.872     952041.784          0.001
      66530.963      13906.267     955435.657          0.001
      65758.817      12437.820     952041.784          0.001
      66966.959      13145.206     950937.400          0.001
      65709.410      12408.892    1803682.243          0.001
      64881.123      13240.502    1606166.754          0.002
      65709.410      12408.892    1803682.243          0.001
      66716.604      12254.070     948693.059          0.000
      67730.742      12634.299     948693.059          0.001
      68621.366      13130.430    2072430.890          0.001
      66976.470      12214.125    4362953.974          0.000
      68372.669      12312.166     944354.097          0.000
      68996.537      12359.112     944354.097          0.000
      70391.780      12474.423     938652.636          0.000
      71032.666      12486.786     938652.636          0.000
      72432.333      12456.239     929419.149          0.000
      69593.701      12825.091     938652.636          0.001
      68621.366      13130.430    2072430.890          0.001
      73856.666      12898.693     929419.149          0.001
      74790.289      13305.694    2186951.313          0.001
      72825.944      12468.639     929419.149          0.000
      73005.716      13471.036    1365353.208          0.001
      73703.280      12283.191     929419.149          0.001
      74783.482      12081.469    5110030.641          0.000
      71762.766      12960.193     929419.149          0.001
      70845.532      13403.874    1716808.719          0.001
      75834.719      12347.000     911088.967          0.002
      76811.504      13349.111    1356957.292          0.001
      75760.720      12284.425     911088.967          0.001
      74796.353      13299.313     921013.648          0.001
      78141.105      12100.219    1913530.751          0.001
      78680.402      13130.947     884476.365          0.001
      77559.931      12646.114     887699.197          0.002
      76811.504      13349.111    1356957.292          0.001
      78935.946      12025.261     879357.524          0.001
      78769.928      13302.055    2264720.065          0.001
      79580.674      12605.278     872188.851          0.001
      78769.928      13302.055    2264720.065          0.001
       1407.366      13818.069     875343.268          0.002
       2099.643      14089.970    2495461.091          0.001
       1933.734      13046.488    1349334.277          0.002
       2099.643      14089.970    2495461.091          0.001
       2738.104      13055.905     894352.263          0.003
       4010.139      13070.797    1557563.135          0.001
       4010.139      13070.797    1557563.135          0.001
       4266.593      14209.042    1266985.234          0.001
       4010.139      13070.797    1557563.135          0.001
       5150.568      13025.787    2454540.462          0.001
       4010.139      13070.797    1557563.135          0.001
       2855.304      13686.855     895248.246          0.002
       5127.291      13056.945     922216.158          0.001
       4289.396      14178.520     915485.752          0.001
       5420.022      13037.282     922216.158          0.001
       6818.750      13096.948     933586.906          0.001
       7088.665      13108.462    1425402.766          0.001
       7212.758      14317.454    1253837.623          0.001
       7088.665      13108.462    1425402.766          0.001
       6259.700      13701.828     922305.304          0.001
       8150.491      13918.748     943842.696          0.001
       7212.758      14317.454    1253837.623          0.001
       9942.336      13282.151    1413877.423          0.001
       9252.386      14449.425    3230759.597          0.001
      10144.590      13388.323     945909.693          0.001
      11383.643      14038.756    1699476.395          0.001
       9942.336      13282.151    1413877.423          0.001
      10945.766      13102.374     949914.133          0.000
      12148.574      13168.788     949914.133          0.001
      13151.477      13352.642    1498367.376          0.001
      13151.477      13352.642    1498367.376          0.001
      13266.580      14042.183    1595661.834          0.001
      12688.271      13532.417     954297.590          0.001
      11383.643      14038.756    1699476.395          0.001
      14968.625      13424.813     956205.959          0.001
      15986.119      13366.624    1806373.294          0.001
      16337.562      13372.664     958279.061          0.001
      17737.355      13396.723     959872.571          0.001
      15986.119      13366.624    1806373.294          0.001
      15027.485      14259.826    1783175.097          0.001
      16062.672      13444.508     958279.061          0.001
      17044.050      14442.955     957562.584          0.001
      18913.598      13343.254     959872.571          0.001
      20309.053      13242.605    1218928.049          0.001
      18062.665      13432.677     959872.571          0.001
      17145.881      14490.745     957562.584          0.001
      18447.628      13579.249     959872.571          0.001
      19704.040      14196.849     959209.744          0.001
      20309.053      13242.605    1218928.049          0.001
      20062.440      14373.024    1763088.021          0.001
      21402.740      13393.656     960388.241          0.000
      22297.306      14094.426    1894569.737          0.001
      20732.999      13604.707     960388.241          0.001
      20062.440      14373.024    1763088.021          0.001
      23502.428      13685.263     960065.402          0.000
      24104.456      14506.746     880989.574          0.001
      23293.254      13887.022     960065.402          0.000
      23185.553      15281.957    8325680.534          0.000
      23820.906      13423.980     960065.402          0.001
      25218.970      13360.838    4738154.169          0.000
      23258.364      13489.644     960065.402          0.000
      22297.306      14094.426    1894569.737          0.001
      25506.368      13332.568     960373.536          0.000
      26899.643      13195.517     962026.673          0.000
      24814.832      13776.360     960373.536          0.001
      24104.456      14506.746     880989.574          0.001
      26802.049      13545.427     962026.673          0.001
      26076.309      14260.475    1070229.184          0.001
      27364.684      13500.421     962026.673          0.000
      28027.264      14733.704     956513.466          0.000
      27792.054      13717.958     962026.673          0.001
      28546.593      14403.159     793628.519          0.001
      29263.918      13518.834     963575.618          0.001
      30473.889      14223.086     961795.409          0.001
      29204.413      13484.199    1451136.807          0.001
      28546.593      14403.159     793628.519          0.001
      31634.423      13288.166     964953.997          0.001
      32424.154      14444.161     962003.032          0.001
      31625.294      13274.804    1394393.722          0.001
      30585.263      14211.495     961795.409          0.001
      32658.697      13681.037     964077.927          0.000
      33918.504      14291.682     961495.993          0.000
      34626.093      13259.042     748279.341          0.001
      34320.539      14231.477     961495.993          0.000
      35357.739      13897.937     963757.266          0.001
      35398.880      15297.042    4912422.052          0.000
      35176.881      13403.242     963757.266          0.000
      34250.984      14452.839    5407266.683          0.000
      37299.512      13524.534     963555.996          0.002
      37357.470      14923.334     961802.230          0.001
      37602.276      13601.790     963555.996          0.002
      38650.485      14528.698    1429696.139          0.001
      37291.320      13326.819    2239819.382          0.002
      38310.563      13315.774     963149.394          0.001
      37291.320      13326.819    2239819.382          0.002
      36577.539      14063.950    1135894.682          0.001
      39958.576      13738.173     963149.394          0.001
      40629.860      14504.872    1856436.951          0.002
      39264.168      13715.988     963149.394          0.001
      38650.485      14528.698    1429696.139          0.001
      41269.753      13567.585     963223.244          0.001
      42400.894      14392.218    1364183.210          0.001
      41143.347      13163.934     963223.244          0.001
      42543.146      13140.192     963744.671          0.001
      42645.637      13138.454    1574840.536          0.001
      43158.994      14019.379     962929.706          0.000
      42856.957      13167.557     963744.671          0.001
      44243.866      13358.567     962939.711          0.002
      42645.637      13138.454    1574840.536          0.001
      42400.894      14392.218    1364183.210          0.001
      44454.595      13387.589     875862.362          0.002
      45354.731      14103.351    1764112.132          0.002
      44454.595      13387.589     875862.362          0.002
      43726.580      14101.158     962929.706          0.000
      47127.482      13357.465     961790.377          0.001
      48258.209      14182.968     961107.782          0.001
      46140.759      13455.068     961790.377          0.001
      45354.731      14103.351    1764112.132          0.002
      47749.953      13021.005     961790.377          0.001
      48769.328      13020.848     812284.057          0.001
      48769.328      13020.848     812284.057          0.001
      48734.753      14039.692     961107.782          0.000
      50755.110      13076.909     961178.709          0.001
      51773.488      13106.322    1316701.385          0.001
      50049.116      13541.068     961178.709          0.001
      50600.452      14397.809    1583311.326          0.001
      49511.941      13366.180     961178.709          0.000
      48718.487      14519.001    4078502.022          0.000
      52002.094      13113.382     961947.887          0.002
      53401.427      13156.597     961608.939          0.001
      51657.754      13233.742     961947.887          0.001
      50716.471      14270.075     961200.978          0.001
      51773.488      13106.322    1316701.385          0.001
      51709.093      14123.324     961123.038          0.000
      51773.488      13106.322    1316701.385          0.001
      52678.973      14151.858    1538454.877          0.001
      53654.104      13420.046     961608.939          0.001
      53781.019      14814.281     959385.183          0.001
      53630.768      13163.679    1745521.378          0.001
      54232.112      13986.336     960322.570          0.001
      53630.768      13163.679    1745521.378          0.001
      52678.973      14151.858    1538454.877          0.001
      55903.846      13386.750     960481.067          0.002
      56814.223      14450.336     960291.190          0.001
      55649.862      13090.022    1940078.531          0.001
      55057.877      13919.499     960322.570          0.001
      56496.751      13160.184     960481.067          0.002
      57890.846      13275.679    1576469.643          0.001
      57890.846      13275.679    1576469.643          0.001
      58484.918      14296.418    1404289.725          0.001
      57890.846      13275.679    1576469.643          0.001
      57003.196      14356.882     960291.190          0.001
      58806.824      13328.677     957244.056          0.000
      58484.918      14296.418    1404289.725          0.001
      58901.389      13044.386    4278339.594          0.000
      59650.744      13212.311    3727249.130          0.001
      59509.869      13343.311     957332.695          0.001
      58484.918      14296.418    1404289.725          0.001
      61945.894      13519.603     956575.248          0.002
      62941.744      14502.992    1322377.746          0.001
      61734.501      13310.855    1243718.470          0.001
      62906.028      13204.379    1356395.922          0.001
      61734.501      13310.855    1243718.470          0.001
      60660.400      14043.365    2214711.684          0.002
      62906.028      13204.379    1356395.922          0.001
      63413.050      14088.967     958402.225          0.000
      62906.028      13204.379    1356395.922          0.001
      62941.744      14502.992    1322377.746          0.001
      63481.876      13214.911     955355.885          0.001
      64881.123      13240.502    1606166.754          0.002
      64881.123      13240.502    1606166.754          0.002
      64719.113      14463.378    1405860.927          0.001
      65158.921      13385.056     954583.951          0.002
      66400.842      14031.300     955435.657          0.001
      64881.123      13240.502    1606166.754          0.002
      64162.075      13962.864     958402.225          0.001
      67016.712      13174.337    1219868.783          0.001
      68415.836      13136.054     946885.060          0.001
      67099.313      13298.931     950937.400          0.001
      67872.652      14465.422    1772772.601          0.001
      67016.712      13174.337    1219868.783          0.001
      66678.968      14176.025    2087120.760          0.001
      68863.010      13365.243     946885.060          0.001
      69866.578      14340.440    2127736.511          0.001
      68557.112      13244.999     946885.060          0.001
      67872.652      14465.422    1772772.601          0.001
      69038.827      13181.754     946885.060          0.001
      70428.366      13352.587     940725.043          0.001
      70845.532      13403.874    1716808.719          0.001
      71683.087      13985.088     937044.424          0.001
      70845.532      13403.874    1716808.719          0.001
      70825.360      14423.420    2987528.351          0.001
      71606.970      13427.548     940725.043          0.001
      73005.716      13471.036    1365353.208          0.001
      70845.532      13403.874    1716808.719          0.001
      69866.578      14340.440    2127736.511          0.001
      73005.716      13471.036    1365353.208          0.001
      73015.621      14489.065     930076.067          0.001
      73051.341      13509.189     931615.942          0.001
      74125.316      14407.286     926020.170          0.001
      73200.964      13452.946     931615.942          0.001
      74594.994      13323.788     921013.648          0.002
      75013.227      13507.385     921013.648          0.002
      76051.181      14446.419    1532729.270          0.001
      74790.289      13305.694    2186951.313          0.001
      74171.334      14445.768    1447799.890          0.001
      75396.395      13318.713     921013.648          0.002
      76796.072      13348.779     904376.810          0.001
      76811.504      13349.111    1356957.292          0.001
      77689.684      13328.010     884476.365          0.002
      76811.504      13349.111    1356957.292          0.001
      76051.181      14446.419    1532729.270          0.001
      78769.928      13302.055    2264720.065          0.001
      79106.520      14235.983    2165598.151          0.001
      77923.683      13789.285     884476.365          0.002
      76896.475      14380.707    5314621.619          0.000
      79805.818      13476.265     874810.458          0.000
      79106.520      14235.983    2165598.151          0.001
       2099.643      14089.970    2495461.091          0.001
       1417.452      14485.108     872240.458          0.002
       2880.496      14528.665     895248.246          0.002
       4023.112      15170.604    1196732.933          0.001
       2099.643      14089.970    2495461.091          0.001
       2241.739      15227.542     893089.072          0.002
       2959.570      14137.223     895248.246          0.002
       4266.593      14209.042    1266985.234          0.001
       4266.593      14209.042    1266985.234          0.001
       4847.247      15143.462    2571851.801          0.001
       4266.593      14209.042    1266985.234          0.001
       4023.112      15170.604    1196732.933          0.001
       5819.050      15304.042     922305.304          0.001
       6305.689      16199.445    1415315.817          0.001
       5547.529      14475.846     922305.304          0.000
       6836.739      15021.683     929204.982          0.000
       6194.159      14349.764     922305.304          0.001
       7212.758      14317.454    1253837.623          0.001
       7533.836      14338.229     933902.595          0.001
       8930.915      14428.624     942294.038          0.001
      10002.378      14304.910     942294.038          0.001
      11377.090      14040.019     951472.821          0.001
       9252.386      14449.425    3230759.597          0.001
      10155.365      14921.713     945422.059          0.001
       9252.386      14449.425    3230759.597          0.001
       8278.098      14748.631     929204.982          0.001
      11383.643      14038.756    1699476.395          0.001
      12416.015      14983.047     950183.014          0.001
      11383.643      14038.756    1699476.395          0.001
      11038.574      14997.137     945422.059          0.000
      11383.643      14038.756    1699476.395          0.001
      12783.174      14041.303     954598.944          0.001
      13452.546      14065.168     954598.944          0.001
      14841.973      14236.897     956484.969          0.001
      13258.652      14081.544     954598.944          0.001
      12982.227      15453.983     950183.014          0.001
      15027.485      14259.826    1783175.097          0.001
      15222.780      15259.598     953645.564          0.000
      15379.343      14303.639     956484.969          0.001
      16768.614      14476.631     957562.584          0.001
      14892.870      14340.717     956484.969          0.001
      13692.863      15061.815     950183.014          0.001
      17120.179      14520.408    1427871.326          0.001
      18047.700      14525.465   11434099.058          0.000
      17120.179      14520.408    1427871.326          0.001
      16197.232      14951.371     953645.564          0.001
      18343.861      14704.780     958044.913          0.000
      19215.726      15232.663    1429870.532          0.001
      19046.247      14449.912     958044.913          0.001
      20062.440      14373.024    1763088.021          0.001
      20062.440      14373.024    1763088.021          0.001
      19215.726      15232.663    1429870.532          0.001
      20484.919      14320.358     959209.744          0.001
      21874.166      14147.174     959623.231          0.002
      22297.306      14094.426    1894569.737          0.001
      22265.524      15330.140    1539441.398          0.001
      22297.306      14094.426    1894569.737          0.001
      21351.886      14724.038     956708.285          0.001
      24683.609      14434.414     958032.105          0.002
      26072.816      14260.911     959062.913          0.001
      24104.456      14506.746     880989.574          0.001
      23325.548      15163.854     957127.174          0.000
      26076.309      14260.475    1070229.184          0.001
      26356.046      15240.289     957249.264          0.000
      26076.309      14260.475    1070229.184          0.001
      27028.957      14621.343     956513.466          0.001
      26076.309      14260.475    1070229.184          0.001
      24828.870      14895.023     957050.394          0.001
      28546.593      14403.159     793628.519          0.001
      28206.554      15067.423    8998423.283          0.000
      29806.785      15276.106     960240.711          0.001
      30370.924      16124.814    1562402.260          0.001
      29271.876      14401.023     960240.711          0.000
      30421.312      15200.271     959101.551          0.000
      29184.925      14340.562    4336775.200          0.000
      28206.554      15067.423    8998423.283          0.000
      29516.543      14320.242     960240.711          0.000
      30533.725      14257.912    2337414.965          0.001
      30533.725      14257.912    2337414.965          0.001
      31342.678      15228.483    1243879.671          0.001
      31040.831      14311.112     961795.409          0.001
      32433.039      14457.168    1820437.176          0.001
      32433.190      14520.307     962003.032          0.001
      32436.546      15920.303     962510.206          0.001
      32433.039      14457.168    1820437.176          0.001
      33451.974      14454.741     961495.993          0.001
      32493.430      14504.218     962003.032          0.001
      33597.819      15364.640     961484.037          0.001
      32433.039      14457.168    1820437.176          0.001
      31342.678      15228.483    1243879.671          0.001
      34300.997      15062.469     961495.993          0.001
      34384.313      16078.019    1661203.970          0.001
      34261.239      14460.381     961495.993          0.000
      35389.075      15289.831     961139.068          0.000
      36577.539      14063.950    1135894.682          0.001
      37365.640      15120.498    1590632.345          0.001
      36577.539      14063.950    1135894.682          0.001
      35873.107      14800.915     961139.068          0.001
      38650.485      14528.698    1429696.139          0.001
      38160.403      15421.492     961864.693          0.001
      38650.485      14528.698    1429696.139          0.001
      40049.885      14511.853     962579.370          0.002
      38650.485      14528.698    1429696.139          0.001
      37379.358      15114.180     961802.230          0.001
      40424.222      14861.410     962579.370          0.002
      39724.907      16073.891    1576472.431          0.001
      40629.860      14504.872    1856436.951          0.002
      41438.800      15124.901     962014.909          0.000
      40629.860      14504.872    1856436.951          0.002
      39854.667      15167.146     961387.568          0.000
      40962.341      14483.723     962579.370          0.002
      42359.517      14394.850     963032.651          0.001
      42400.894      14392.218    1364183.210          0.001
      43425.635      15276.602    1777499.902          0.001
      42400.894      14392.218    1364183.210          0.001
      43395.665      14425.507    4229278.842          0.000
      44348.714      14268.784     962929.706          0.001
      45354.731      14103.351    1764112.132          0.002
      45354.731      14103.351    1764112.132          0.002
      45641.032      15140.091    1636541.935          0.001
      44621.431      14549.334     961659.831          0.003
      43425.635      15276.602    1777499.902          0.001
      46556.838      14403.911    3228066.836          0.001
      47005.719      15318.581     957741.522          0.001
      46620.749      14455.294     961513.807          0.001
      47711.838      15332.519     960286.906          0.001
      46556.838      14403.911    3228066.836          0.001
      47574.530      14458.094     961107.782          0.001
      46556.838      14403.911    3228066.836          0.001
      45641.032      15140.091    1636541.935          0.001
      48753.444      14564.215     961107.782          0.000
      49376.448      15370.029     690006.626          0.001
      49583.282      14463.311     961107.782          0.001
      50600.452      14397.809    1583311.326          0.001
      48526.571      14694.947     961107.782          0.000
      47775.391      15383.615     895586.930          0.001
      50600.452      14397.809    1583311.326          0.001
      50128.594      15301.462     956641.091          0.001
      50600.452      14397.809    1583311.326          0.001
      51679.037      15235.510    2119369.939          0.001
      50472.218      14499.664     961200.978          0.001
      49376.448      15370.029     690006.626          0.001
      52678.973      14151.858    1538454.877          0.001
      52661.699      15171.297     956672.768          0.001
      52699.444      14168.585     961603.549          0.001
      53783.550      15054.425     959385.183          0.001
      52653.705      14179.242     961603.549          0.001
      51704.296      15208.136     959634.263          0.001
      55061.564      14837.791     960322.570          0.001
      55889.136      15431.984    1046938.939          0.001
      55852.734      14520.740     960322.570          0.001
      56871.517      14517.272    1907318.267          0.001
      54587.052      15421.426     960322.570          0.001
      54543.075      16438.881    1657401.978          0.001
      56984.850      14501.759     960291.190          0.001
      58371.915      14311.887     960964.221          0.001
      56871.517      14517.272    1907318.267          0.001
      55889.136      15431.984    1046938.939          0.001
      56871.517      14517.272    1907318.267          0.001
      57829.637      14864.689     957758.885          0.001
      58877.101      14250.799     960964.221          0.001
      60267.725      14089.041     960894.624          0.002
      60660.400      14043.365    2214711.684          0.002
      60719.784      15225.500    2056262.920          0.001
      60660.400      14043.365    2214711.684          0.002
      59814.896      14612.567     957758.885          0.001
      61569.682      14226.560     960894.624          0.003
      62941.744      14502.992    1322377.746          0.001
      62941.744      14502.992    1322377.746          0.001
      62795.058      15264.838     805826.474          0.002
      62820.556      14542.398     958997.448          0.001
      61489.174      14975.320     958149.623          0.002
      63545.114      14574.591     958402.225          0.000
      62795.058      15264.838     805826.474          0.002
      64762.763      14499.579     957649.582          0.001
      65840.383      15393.299     954870.515          0.001
      65006.458      14421.248     957649.582          0.001
      66391.648      14218.152     955435.657          0.001
      64719.113      14463.378    1405860.927          0.001
      63922.240      15165.883    3481260.319          0.000
      66656.343      14211.692     955435.657          0.001
      65906.408      15393.893     954870.515          0.001
      66678.968      14176.025    2087120.760          0.001
      67872.652      14465.422    1772772.601          0.001
      68170.760      14446.736     952702.315          0.001
      69568.018      14359.154     946985.670          0.002
      67872.652      14465.422    1772772.601          0.001
      68874.008      15443.579     947612.747          0.002
      69858.314      14530.361     946985.670          0.002
      69797.461      15929.038     942370.626          0.001
      69907.403      14392.609     946985.670          0.001
      70770.202      15495.141     940189.567          0.001
      69838.733      14374.373     946985.670          0.001
      68950.653      15456.645     947612.747          0.002
      70825.360      14423.420    2987528.351          0.001
      70811.421      15547.813    5809129.345          0.000
      72038.069      14634.019     937044.424          0.000
      71733.123      16000.404     934755.494          0.000
      72115.870      14285.413    7412481.682          0.000
      72990.594      15377.285     930076.067          0.000
      71543.860      14838.985     937044.424          0.001
      70811.421      15547.813    5809129.345          0.000
      74651.796      14445.934     926020.170          0.002
      76051.181      14446.419    1532729.270          0.001
      74171.334      14445.768    1447799.890          0.001
      73395.250      15105.035     930076.067          0.001
      76051.183      14446.807     912601.895          0.001
      76059.071      15846.785     908884.041          0.001
      76051.181      14446.419    1532729.270          0.001
      76982.986      15110.462     901929.710          0.001
      76051.181      14446.419    1532729.270          0.001
      75329.497      15164.729     918408.507          0.001
      76896.475      14380.707    5314621.619          0.000
      77992.848      14308.911     881595.474          0.002
      79106.520      14235.983    2165598.151          0.001
      79789.303      15053.766     874230.172          0.000
      79106.520      14235.983    2165598.151          0.001
      79046.613      15539.070    2836204.865          0.001
      77795.073      14776.042     881595.474          0.002
      76982.986      15110.462     901929.710          0.001
       1312.829      15275.517     872240.458          0.001
       2245.017      15253.785    1545386.954          0.002
        145.919      15429.148     872240.458          0.000
        935.831      16095.129    3249408.422          0.001
       2905.599      15222.883     893089.072          0.002
       4023.112      15170.604    1196732.933          0.001
       2287.976      15308.848     893089.072          0.002
       2911.184      16107.654     861551.143          0.002
       4023.112      15170.604    1196732.933          0.001
       4079.263      16569.148    3591068.125          0.001
       4002.231      15188.201     910240.507          0.001
       2931.683      16090.379     899733.265          0.002
       4847.247      15143.462    2571851.801          0.001
       4965.652      16155.766     918808.691          0.001
       5009.621      15261.028     916237.118          0.001
       6143.587      16082.076     926544.038          0.002
       4795.196      15240.089     916237.118          0.001
       4131.251      16472.638     910955.429          0.001
       7440.074      15582.224     929204.982          0.001
       8078.383      16377.155    1719417.216          0.001
       8304.550      15265.042     929204.982          0.001
       9316.643      15383.860    1058330.985          0.001
       6894.002      15367.352     929204.982          0.000
       6305.689      16199.445    1415315.817          0.001
       9316.643      15383.860    1058330.985          0.001
      10334.776      15344.872     945422.059          0.001
       9317.658      15385.414     939853.792          0.001
      10083.797      16557.178     944048.458          0.001
       9316.643      15383.860    1058330.985          0.001
       8224.818      16259.689     935939.245          0.001
      11958.374      15408.902     945422.059          0.001
      12974.239      15493.644    2644117.025          0.001
      12974.239      15493.644    2644117.025          0.001
      13992.152      15449.108     953645.564          0.001
      12478.223      15771.743     950183.014          0.001
      11257.273      16456.286    4967409.593          0.001
      16455.308      15826.116     953645.564          0.001
      17414.313      16169.570    1637856.656          0.001
      14837.150      15580.450     953645.564          0.000
      13561.594      16157.475     950504.689          0.000
      16386.141      15323.563     953645.564          0.001
      17426.395      15259.019    4621074.854          0.000
      17621.006      15256.152     955641.980          0.001
      19020.854      15235.533     956482.573          0.001
      19215.726      15232.663    1429870.532          0.001
      19286.378      16200.834    1009693.338          0.001
      19215.726      15232.663    1429870.532          0.001
      20002.467      16100.390    1915163.536          0.001
      18935.852      15378.224     956482.573          0.001
      17693.797      16024.211     955916.962          0.001
      21246.661      15332.235     956708.285          0.001
      22265.524      15330.140    1539441.398          0.001
      22375.092      15574.656     957249.493          0.001
      22947.582      16852.253     959202.825          0.002
      22293.301      15355.445     957249.493          0.001
      23328.235      16298.266     958701.960          0.001
      22251.750      15344.116     957249.493          0.001
      21269.023      16341.236     958918.412          0.001
      23191.379      15317.646     957127.174          0.000
      23355.530      16323.131     694800.306          0.001
      24527.485      15401.822     957050.394          0.001
      25752.375      16079.793     958974.641          0.001
      24194.686      15217.619    2702602.529          0.001
      23355.530      16323.131     694800.306          0.001
      24194.686      15217.619    2702602.529          0.001
      24150.870      16235.838     958706.965          0.000
      24194.686      15217.619    2702602.529          0.001
      25212.819      15265.457     957249.264          0.001
      26826.534      15782.874     957249.264          0.001
      27535.375      16515.418    2593570.413          0.001
      26598.578      15289.852     957249.264          0.000
      27985.373      15098.019     956513.466          0.000
      29455.238      15677.461     956513.466          0.001
      30370.924      16124.814    1562402.260          0.001
      27963.947      15590.822     956513.466          0.001
      27535.375      16515.418    2593570.413          0.001
      31342.678      15228.483    1243879.671          0.001
      31498.700      16205.054    7926479.107          0.000
      31448.945      15359.159     960079.370          0.001
      32332.241      16445.339     962510.206          0.001
      31342.678      15228.483    1243879.671          0.001
      30370.924      16124.814    1562402.260          0.001
      33610.444      15781.111     961484.037          0.001
      33428.949      17169.297     963106.556          0.001
      33658.694      15412.067    1506047.707          0.001
      34384.313      16078.019    1661203.970          0.001
      33555.102      15510.812     961484.037          0.001
      32541.728      16476.770     962510.206          0.001
      35608.200      15461.369     961139.068          0.000
      36409.760      16090.637    2212910.648          0.001
      36288.738      15217.165     961139.068          0.001
      37365.640      15120.498    1590632.345          0.001
      37365.640      15120.498    1590632.345          0.001
      36409.760      16090.637    2212910.648          0.001
      39507.147      15464.044    5009739.160          0.000
      38259.780      16098.418     961864.693          0.001
      42407.738      15313.032     962014.909          0.001
      43425.635      15276.602    1777499.902          0.001
      40680.470      15720.707     962014.909          0.001
      39724.907      16073.891    1576472.431          0.001
      43425.635      15276.602    1777499.902          0.001
      44504.892      16167.905     960734.835          0.001
      43834.308      15251.420     962751.770          0.001
      45231.658      15165.316     962460.502          0.001
      43425.635      15276.602    1777499.902          0.001
      42736.036      16173.149    1385671.584          0.001
      45606.150      15187.613     962460.502          0.001
      44777.746      16316.216     960734.835          0.001
      45641.032      15140.091    1636541.935          0.001
      46531.337      15634.826     957741.522          0.001
      47775.391      15383.615     895586.930          0.001
      48685.517      15842.440     956641.091          0.001
      47977.118      15381.904     960286.906          0.001
      49376.448      15370.029     690006.626          0.001
      51679.037      15235.510    2119369.939          0.001
      52375.766      15979.903     956672.768          0.000
      51679.037      15235.510    2119369.939          0.001
      50772.975      15702.826     956641.091          0.001
      53878.073      15207.814     959385.183          0.001
      54543.075      16438.881    1657401.978          0.001
      53804.432      15071.489    1402272.583          0.001
      53093.413      15802.603     956672.768          0.001
      55889.136      15431.984    1046938.939          0.001
      55864.326      16451.165     956943.858          0.000
      55664.027      15600.373     957791.913          0.001
      54543.075      16438.881    1657401.978          0.001
      56625.497      16161.858     957251.837          0.001
      56540.314      17176.950    1903172.359          0.001
      57083.705      15488.668     957251.837          0.000
      58470.877      15299.583     957758.885          0.000
      56677.340      15544.060    6574588.075          0.000
      55862.094      16542.833    6762434.540          0.000
      59097.468      15663.753     957758.885          0.000
      59572.409      16565.409    1336537.105          0.001
      58405.833      15660.186     957758.885          0.001
      57642.070      16335.043     900317.168          0.001
      59700.868      15235.887     957758.885          0.001
      60719.784      15225.500    2056262.920          0.001
      61351.467      15237.474     958149.623          0.002
      62751.216      15264.007     957541.154          0.002
      60601.611      15363.502     958149.623          0.001
      59691.015      16426.900     957166.047          0.002
      62795.058      15264.838     805826.474          0.002
      63922.240      15165.883    3481260.319          0.000
      62795.058      15264.838     805826.474          0.002
      61972.949      15866.598     955869.975          0.000
      63922.240      15165.883    3481260.319          0.000
      62837.051      16049.714     955755.581          0.001
      64209.376      15204.453     957025.716          0.001
      65596.914      15390.835     954870.515          0.001
      65883.894      15429.384    2045153.495          0.001
      65695.199      16724.401     952894.439          0.002
      65883.894      15429.384    2045153.495          0.001
      66680.417      16487.205    1431585.042          0.001
      65795.781      15511.630     954870.515          0.001
      64772.345      16466.920     955271.432          0.002
      67986.968      15849.575     953482.495          0.001
      68852.487      16388.436    1700416.974          0.002
      67918.720      15312.426     953482.495          0.001
      68922.503      15490.951    1136120.728          0.002
      68922.503      15490.951    1136120.728          0.002
      68852.487      16388.436    1700416.974          0.002
      72909.677      16445.180     930076.067          0.001
      72796.182      17457.113    4056412.539          0.001
      73156.086      15595.693     930076.067          0.000
      73765.603      16411.400     565729.534          0.001
      73564.993      15450.748     930076.067          0.001
      74961.829      15530.679    4465852.220          0.000
      72812.734      15563.791     930076.067          0.000
      71655.072      16350.127   10636586.168          0.000
      74803.160      15815.755     918408.507          0.000
      74122.296      17039.040     924436.969          0.000
      75160.156      15635.522     918408.507          0.000
      76060.563      16111.510    1349914.245          0.001
      74586.074      15807.329     918408.507          0.000
      73765.603      16411.400     565729.534          0.001
      76982.986      15110.462     901929.710          0.001
      77870.405      16164.116     892153.563          0.003
      76982.986      15110.462     901929.710          0.001
      77066.191      16106.905    4728850.220          0.000
      76982.986      15110.462     901929.710          0.001
      77815.535      15283.379     881548.001          0.002
      76982.986      15110.462     901929.710          0.001
      76060.563      16111.510    1349914.245          0.001
      78623.224      16296.665     881548.001          0.002
      78151.934      17139.970    1834018.215          0.001
      79046.613      15539.070    2836204.865          0.001
      79806.392      16166.617     872392.201          0.000
        146.091      16467.486     871669.804          0.000
        877.778      17173.449    2802559.233          0.001
        935.831      16095.129    3249408.422          0.001
        877.778      17173.449    2802559.233          0.001
       2129.920      16102.700     878118.763          0.002
       2911.184      16107.654     861551.143          0.002
       2911.184      16107.654     861551.143          0.002
       3040.873      17148.079    1144248.142          0.002
       2911.184      16107.654     861551.143          0.002
       2151.624      16505.772     879163.342          0.002
       4079.263      16569.148    3591068.125          0.001
       4139.809      17315.066    2467441.701          0.001
       6305.689      16199.445    1415315.817          0.001
       6016.750      17568.941     923619.528          0.002
       6305.689      16199.445    1415315.817          0.001
       7207.950      17269.661     932656.054          0.001
       6305.689      16199.445    1415315.817          0.001
       5561.703      16896.063     918808.691          0.001
       6873.101      16383.187    2069778.897          0.001
       8078.383      16377.155    1719417.216          0.001
       6873.101      16383.187    2069778.897          0.001
       7301.519      17380.647    1605531.348          0.001
       8078.383      16377.155    1719417.216          0.001
       7301.519      17380.647    1605531.348          0.001
       8690.724      16432.564     935939.245          0.002
      10084.800      16558.711    1582879.092          0.001
      10084.800      16558.711    1582879.092          0.001
      11047.203      17556.928    3346811.401          0.001
      10084.800      16558.711    1582879.092          0.001
       9899.124      17561.233     735167.168          0.002
      10084.800      16558.711    1582879.092          0.001
      11257.273      16456.286    4967409.593          0.001
      10084.800      16558.711    1582879.092          0.001
       9194.161      17053.120     937017.772          0.001
      11484.761      16547.205     947074.548          0.001
      12784.779      17066.773     953363.724          0.001
      11257.273      16456.286    4967409.593          0.001
      12274.255      16395.554     950504.689          0.001
      13977.823      16414.394     950504.689          0.001
      14993.334      16501.849    2332292.198          0.001
      14993.334      16501.849    2332292.198          0.001
      15011.930      17564.360    1896425.679          0.001
      16020.428      16360.880     954594.337          0.002
      17407.425      16170.515     955916.962          0.001
      15970.963      16818.479     954594.337          0.002
      17302.554      17249.748    1862885.013          0.001
      14667.225      16609.870     954594.337          0.001
      13338.237      17050.089     953363.724          0.001
      17414.313      16169.570    1637856.656          0.001
      17302.554      17249.748    1862885.013          0.001
      17414.313      16169.570    1637856.656          0.001
      17849.824      17091.178     960315.668          0.000
      17653.022      16173.556     955916.962          0.001
      19052.827      16196.933     957104.827          0.002
      19286.378      16200.834    1009693.338          0.001
      19412.985      17231.656    1390206.415          0.001
      19286.378      16200.834    1009693.338          0.001
      18574.746      16930.475     960315.668          0.001
      20002.467      16100.390    1915163.536          0.001
      19412.985      17231.656    1390206.415          0.001
      20002.467      16100.390    1915163.536          0.001
      21064.445      16548.811    9255219.235          0.000
      21386.251      16637.370     958918.412          0.001
      22736.071      17008.835     959202.825          0.002
      20706.470      16696.826     958918.412          0.001
      19412.985      17231.656    1390206.415          0.001
      23355.530      16323.131     694800.306          0.001
      23057.367      17097.255    1696648.846          0.001
      24131.057      16795.737     958706.965          0.000
      24086.071      18195.014     959108.346          0.000
      25068.094      16336.297     958706.965          0.001
      26084.463      16263.603    1467769.485          0.001
      24543.331      16751.153     958706.965          0.001
      25311.235      17421.274    1424754.168          0.001
      23915.946      16548.090     958706.965          0.000
      23057.367      17097.255    1696648.846          0.001
      26084.463      16263.603    1467769.485          0.001
      25311.235      17421.274    1424754.168          0.001
      26084.463      16263.603    1467769.485          0.001
      27146.669      17113.192    1810777.121          0.002
      26084.463      16263.603    1467769.485          0.001
      27463.766      16502.990     959389.261          0.001
      28204.586      17054.968     959432.972          0.001
      28321.102      18450.111     959919.660          0.001
      28155.004      16461.289    4443787.407          0.001
      28997.789      17033.993     960285.644          0.001
      28570.898      16398.138     959432.972          0.001
      29955.032      16187.965     960274.336          0.001
      28155.004      16461.289    4443787.407          0.001
      27146.669      17113.192    1810777.121          0.002
      30370.924      16124.814    1562402.260          0.001
      29857.982      17005.278     960285.644          0.001
      30370.924      16124.814    1562402.260          0.001
      30550.119      17421.030    1004192.450          0.002
      30370.924      16124.814    1562402.260          0.001
      31387.690      16197.156     961387.623          0.000
      32438.116      16575.533    4120335.759          0.000
      32441.280      17594.892     960196.709          0.001
      32438.116      16575.533    4120335.759          0.000
      31403.049      17447.688     838938.331          0.001
      34472.440      16192.568     962185.039          0.001
      35326.113      17302.182     962843.166          0.002
      34697.405      16079.969     962185.039          0.001
      36097.378      16088.691     961532.463          0.001
      34363.461      16102.114     962185.039          0.001
      33447.353      17160.767     963106.556          0.001
      36392.291      16464.965     961532.463          0.001
      36327.026      17863.443     960510.702          0.001
      36517.237      16187.508     961532.463          0.001
      37557.169      17124.813     962310.605          0.001
      36332.365      16193.714     961532.463          0.001
      35491.762      17313.261     962843.166          0.002
      38320.134      16730.218     961864.693          0.001
      39259.851      17124.582    1126225.409          0.002
      38720.415      16243.074     961864.693          0.001
      39724.907      16073.891    1576472.431          0.001
      37606.419      16430.699    7617610.280          0.000
      37665.139      17222.128    1389574.055          0.001
      39724.907      16073.891    1576472.431          0.001
      39259.851      17124.582    1126225.409          0.002
      39724.907      16073.891    1576472.431          0.001
      40596.072      17169.227     961819.993          0.001
      40012.929      16137.764     960776.246          0.001
      41379.724      16440.866     962203.076          0.001
      41667.629      16504.712    1318767.633          0.001
      42728.709      17399.328    1705580.908          0.001
      41667.629      16504.712    1318767.633          0.001
      42736.036      16173.149    1385671.584          0.001
      41667.629      16504.712    1318767.633          0.001
      40691.110      17288.720    3168635.371          0.001
      42736.036      16173.149    1385671.584          0.001
      42728.709      17399.328    1705580.908          0.001
      43042.660      16202.340     961340.899          0.001
      44436.358      16335.022     960734.835          0.001
      44742.546      16364.172    2242739.040          0.001
      44765.279      17390.097    1455111.548          0.001
      43973.227      16759.619     960734.835          0.002
      42728.709      17399.328    1705580.908          0.001
      46121.750      16565.282     959278.456          0.001
      46761.555      17359.086    1614358.490          0.001
      45416.285      16606.422     959278.456          0.001
      44765.279      17390.097    1455111.548          0.001
      45791.173      16155.136    6383166.971          0.000
      47190.258      16120.917     957741.522          0.000
      47495.465      16416.572     957741.522          0.000
      47812.513      17384.736    1280036.126          0.002
      48209.998      16185.752     957741.522          0.001
      49604.262      16305.610    5622694.734          0.000
      49604.262      16305.610    5622694.734          0.000
      49591.432      17234.388     981726.914          0.001
      50692.400      16210.013     956641.091          0.001
      51707.852      16120.802     698128.124          0.002
      49604.262      16305.610    5622694.734          0.000
      50719.772      17151.220     957113.082          0.000
      48685.559      16858.922     956641.091          0.001
      47812.513      17384.736    1280036.126          0.002
      51707.852      16120.802     698128.124          0.002
      51062.748      16909.561     957113.082          0.000
      51732.436      16153.083     956328.656          0.002
      52580.453      17266.620    1697986.606          0.001
      51707.852      16120.802     698128.124          0.002
      52643.156      16265.585    5161241.015          0.000
      53528.135      16346.306     956672.768          0.001
      54543.075      16438.881    1657401.978          0.001
      54543.075      16438.881    1657401.978          0.001
      54704.702      17222.877    1288889.744          0.001
      53933.768      16695.857     957156.243          0.002
      52643.802      17239.902     957604.182          0.001
      57644.818      16337.219     956656.991          0.001
      58742.324      17206.403     958515.994          0.001
      57642.070      16335.043     900317.168          0.001
      58525.286      16151.296    5292598.889          0.000
      57642.070      16335.043     900317.168          0.001
      56540.314      17176.950    1903172.359          0.001
      59572.409      16565.409    1336537.105          0.001
      60621.033      17455.444    2122332.959          0.001
      59572.409      16565.409    1336537.105          0.001
      60569.224      16353.164     955869.975          0.001
      59572.409      16565.409    1336537.105          0.001
      58744.732      17208.310    2988917.882          0.001
      61231.666      16638.964     955869.975          0.001
      60621.033      17455.444    2122332.959          0.001
      62163.093      16602.896     955869.975          0.001
      62937.444      17264.825    1891954.546          0.001
      62801.901      16078.342    2392809.552          0.001
      62937.444      17264.825    1891954.546          0.001
      63326.691      16209.554     955755.581          0.001
      64684.391      16549.017    1458213.869          0.002
      64684.391      16549.017    1458213.869          0.002
      65604.778      17344.962    2482523.040          0.001
      64684.391      16549.017    1458213.869          0.002
      64812.466      17182.642     765779.783          0.002
      64458.911      16641.407     955271.432          0.002
      63163.443      17172.222     956073.268          0.001
      66680.417      16487.205    1431585.042          0.001
      66723.611      17504.551     949390.563          0.001
      66680.417      16487.205    1431585.042          0.001
      67870.688      17223.564     948747.181          0.001
      66680.417      16487.205    1431585.042          0.001
      68078.479      16423.632     946203.492          0.003
      66680.417      16487.205    1431585.042          0.001
      65657.385      17303.012     952894.439          0.001
      68873.844      16420.058     946203.492          0.002
      69657.154      17579.860    1907953.126          0.001
      68852.487      16388.436    1700416.974          0.002
      68066.731      17344.846    1735536.676          0.001
      69783.171      16186.028     942370.626          0.001
      69657.154      17579.860    1907953.126          0.001
      69789.163      16119.758    4581967.638          0.001
      70800.577      16244.630     934755.494          0.001
      71209.038      17603.989     934755.494          0.001
      70867.632      18563.727    3124137.156          0.000
      72064.805      16747.607     934755.494          0.001
      72796.182      17457.113    4056412.539          0.001
      71685.545      16409.499     934755.494          0.000
      72150.779      17315.937     876813.058          0.001
      70524.613      17045.933     934755.494          0.001
      69657.154      17579.860    1907953.126          0.001
      73756.806      16420.890     924302.910          0.001
      72805.017      17447.583     931028.027          0.001
      76060.563      16111.510    1349914.245          0.001
      76197.030      17474.880    1440079.117          0.001
      76060.563      16111.510    1349914.245          0.001
      75178.523      16621.197     924436.969          0.001
      77253.070      16284.717     900458.056          0.000
      78151.934      17139.970    1834018.215          0.001
      77066.191      16106.905    4728850.220          0.000
      77966.230      16277.892     510641.183          0.002
      77966.230      16277.892     510641.183          0.002
      78151.934      17139.970    1834018.215          0.001
      78826.899      16842.879     872392.201          0.001
      78151.934      17139.970    1834018.215          0.001
        877.778      17173.449    2802559.233          0.001
        206.465      18086.526     871305.216          0.000
       1590.886      17695.606     879163.342          0.001
       2214.865      18152.500    1251560.195          0.002
       2209.273      17157.833     879163.342          0.002
       3040.873      17148.079    1144248.142          0.002
       3058.749      17167.126     901741.238          0.002
       4016.801      18187.977     910778.660          0.001
       3040.873      17148.079    1144248.142          0.002
       4139.809      17315.066    2467441.701          0.001
       3040.873      17148.079    1144248.142          0.002
       2214.865      18152.500    1251560.195          0.002
       5212.917      17454.357     918808.691          0.000
       5877.810      18227.481    2037766.136          0.002
       4820.687      17558.444     918808.691          0.000
       4034.498      18206.835    1822639.404          0.001
       7301.519      17380.647    1605531.348          0.001
       7286.784      18399.168     928541.127          0.001
       7301.519      17380.647    1605531.348          0.001
       8338.914      18139.211     657943.245          0.001
       7191.400      17446.147     932656.054          0.001
       5988.163      18161.842     923619.528          0.002
       8880.358      17574.123     937017.772          0.001
       9899.124      17561.233     735167.168          0.002
       8319.339      17649.559     937017.772          0.000
       9092.086      18314.268    2081799.848          0.001
       9899.124      17561.233     735167.168          0.002
      11047.203      17556.928    3346811.401          0.001
       9899.124      17561.233     735167.168          0.002
      10905.330      18139.157    1666559.581          0.002
      11472.058      17756.230     948304.010          0.002
      12739.527      18350.807     952263.181          0.001
      11343.689      17496.738     948304.010          0.001
      12715.702      17218.205     953363.724          0.001
      13640.778      17285.580     953363.724          0.001
      15011.930      17564.360    1896425.679          0.001
      13012.826      17158.351     953363.724          0.001
      13163.576      18549.731    2235672.805          0.001
      15463.575      17502.328     957888.764          0.001
      16850.554      17311.829     959699.153          0.001
      15097.483      17624.007     957888.764          0.001
      16245.921      18424.688     957909.266          0.001
      14971.224      17586.061     957888.764          0.001
      13735.814      18244.667     952263.181          0.001
      17334.331      17296.457     959699.153          0.001
      18121.805      18453.991     959593.948          0.001
      17249.801      17316.850     959699.153          0.001
      16384.550      18417.459     957909.266          0.001
      19412.985      17231.656    1390206.415          0.001
      19428.798      18550.289    2027391.771          0.001
      19412.985      17231.656    1390206.415          0.001
      20797.904      17434.990     960686.848          0.001
      21495.337      17595.922     960686.848          0.001
      22811.959      18071.848     959745.564          0.001
      21456.303      17446.396     960686.848          0.001
      22824.158      17148.111     959202.825          0.002
      20635.833      17841.792     960686.848          0.002
      19428.798      18550.289    2027391.771          0.001
      23057.367      17097.255    1696648.846          0.001
      23631.059      17939.531     959108.346          0.001
      25353.371      17456.370     959761.027          0.001
      26429.096      18352.370     960554.691          0.001
      25538.713      17383.091     959761.027          0.001
      26919.398      17151.340     959997.106          0.002
      25311.235      17421.274    1424754.168          0.001
      24569.932      18120.576     959108.346          0.001
      27136.808      17131.795     959997.106          0.002
      26481.134      18368.764     960554.691          0.001
      27278.412      17266.162     959997.106          0.002
      28192.018      18326.975     959919.660          0.002
      29602.039      17444.604    2610220.350          0.000
      30550.119      17421.030    1004192.450          0.002
      29602.039      17444.604    2610220.350          0.000
      29215.559      18591.787    4524595.160          0.001
      29115.347      17838.661     960285.644          0.001
      28323.576      18479.730    1614917.701          0.001
      30550.119      17421.030    1004192.450          0.002
      31204.765      18434.210    1133518.526          0.001
      30550.119      17421.030    1004192.450          0.002
      29753.147      18120.182     959268.756          0.001
      30550.119      17421.030    1004192.450          0.002
      31403.049      17447.688     838938.331          0.001
      31403.049      17447.688     838938.331          0.001
      32130.279      18161.998     960196.709          0.000
      31403.049      17447.688     838938.331          0.001
      31204.765      18434.210    1133518.526          0.001
      33486.050      17247.896     963106.556          0.002
      34438.770      18273.725     961048.438          0.002
      33446.836      17186.621     963106.556          0.001
      34837.365      17349.188     962843.166          0.002
      33426.988      17184.301    1574316.394          0.001
      32808.048      17993.928     960196.709          0.001
      35414.155      17416.620    2013144.151          0.002
      35532.009      18422.799    3143056.070          0.001
      35414.155      17416.620    2013144.151          0.002
      34497.844      18337.333    1503157.972          0.002
      37665.139      17222.128    1389574.055          0.001
      38337.605      17987.857     959114.265          0.001
      37763.804      17216.093     962310.605          0.001
      39161.192      17130.617     962219.223          0.002
      37534.933      17325.140     962310.605          0.002
      36436.993      18193.776     960510.702          0.001
      39259.851      17124.582    1126225.409          0.002
      39906.037      17912.343     958094.786          0.001
      39259.851      17124.582    1126225.409          0.002
      38840.283      18053.392     959114.265          0.000
      40691.110      17288.720    3168635.371          0.001
      41575.073      17797.898     958430.541          0.001
      41331.611      17323.489     961819.993          0.001
      42728.709      17399.328    1705580.908          0.001
      42728.709      17399.328    1705580.908          0.001
      43627.045      17879.671     959233.162          0.001
      43046.668      17397.887     961758.281          0.001
      44446.654      17391.541     961054.557          0.001
      44790.028      17405.965     961054.557          0.001
      45968.579      18161.623     959525.363          0.001
      44765.279      17390.097    1455111.548          0.001
      46164.488      17368.361     959805.833          0.002
      46783.082      17384.435     959805.833          0.001
      47689.113      18451.337    3660417.866          0.001
      46761.555      17359.086    1614358.490          0.001
      46473.931      18485.641    1534688.082          0.001
      46761.555      17359.086    1614358.490          0.001
      47812.513      17384.736    1280036.126          0.002
      48004.773      17368.486     959189.860          0.002
      49399.800      17250.584     957662.150          0.001
      48080.879      17517.630     959189.860          0.002
      49335.477      18138.906     960299.920          0.002
      49591.432      17234.388     981726.914          0.001
      50411.999      18350.195    3173191.570          0.001
      49591.432      17234.388     981726.914          0.001
      49604.360      18272.056    1387470.775          0.001
      51864.443      17950.502     957113.082          0.001
      52701.361      18530.637    1164551.117          0.001
      51562.308      17239.372     957113.082          0.001
      52580.453      17266.620    1697986.606          0.001
      52580.453      17266.620    1697986.606          0.001
      53445.160      17805.557     958712.798          0.001
      52942.331      17259.168     957604.182          0.001
      54342.034      17230.345     957725.393          0.002
      52580.453      17266.620    1697986.606          0.001
      52701.361      18530.637    1164551.117          0.001
      54704.702      17222.877    1288889.744          0.001
      54613.466      18237.811     958712.798          0.000
      54922.798      17217.420     957725.393          0.001
      56322.360      17182.403     958189.862          0.001
      56542.417      17191.141     958189.862          0.001
      56747.660      18576.015     958369.787          0.001
      56634.048      17178.283     958189.862          0.001
      58033.906      17198.198     958515.994          0.002
      56540.314      17176.950    1903172.359          0.001
      55700.393      17753.983     958712.798          0.001
      58513.265      17615.063     958515.994          0.002
      57820.841      18831.841     956369.198          0.001
      58744.732      17208.310    2988917.882          0.001
      58980.016      18517.011    1276309.562          0.002
      58024.581      17707.031     958515.994          0.002
      56873.627      18504.091     958369.787          0.002
      58744.732      17208.310    2988917.882          0.001
      60132.492      17391.096     957467.772          0.001
      61542.647      17379.604     957467.772          0.001
      62937.444      17264.825    1891954.546          0.001
      60155.247      17756.759     957467.772          0.001
      58980.016      18517.011    1276309.562          0.002
      63175.894      17254.374     956073.268          0.001
      64574.552      17193.070     954396.100          0.002
      62937.444      17264.825    1891954.546          0.001
      62001.136      17664.980     956354.054          0.001
      62937.444      17264.825    1891954.546          0.001
      62648.673      18516.549     962988.119          0.001
      64812.466      17182.642     765779.783          0.002
      64171.360      17974.608     952647.863          0.000
      64812.466      17182.642     765779.783          0.002
      64742.501      18396.340    5459231.477          0.000
      65604.778      17344.962    2482523.040          0.001
      66585.650      18047.258     949390.563          0.000
      68072.793      17357.747     948747.181          0.001
      68668.134      18624.857     943961.053          0.002
      68272.372      17375.233     948747.181          0.001
      69657.154      17579.860    1907953.126          0.001
      68066.731      17344.846    1735536.676          0.001
      67202.507      17884.598     949390.563          0.001
      69719.065      17630.181     944412.224          0.001
      70805.469      18513.201     939654.660          0.001
      69657.154      17579.860    1907953.126          0.001
      69055.157      18843.217     943961.053          0.002
      72178.401      17350.873     934003.441          0.001
      73046.694      18449.084     930384.857          0.001
      72011.136      17451.733     934003.441          0.001
      71007.454      18427.757     939654.660          0.001
      74118.452      17533.186     924436.969          0.000
      74720.699      18355.436    2084211.035          0.002
      73694.244      17675.332     924436.969          0.000
      73074.467      18484.211    2087168.776          0.001
      75180.883      17405.665     924436.969          0.001
      76197.030      17474.880    1440079.117          0.001
      76197.030      17474.880    1440079.117          0.001
      76733.823      18419.409    1189039.032          0.001
      76197.030      17474.880    1440079.117          0.001
      77429.858      17263.674     891071.486          0.002
      76197.030      17474.880    1440079.117          0.001
      74995.297      18191.652     920104.210          0.002
      78151.934      17139.970    1834018.215          0.001
      78608.284      17907.959     880610.120          0.001
      77658.962      17584.736     891071.486          0.002
      76733.823      18419.409    1189039.032          0.001
      79696.959      17651.909     872785.008          0.000
      78920.472      18433.339    2748145.151          0.001
       1420.702      18955.197     871305.216          0.002
       2106.640      19239.020    2185298.478          0.001
       2214.865      18152.500    1251560.195          0.002
       2106.640      19239.020    2185298.478          0.001
       2687.921      18166.626     893146.114          0.002
       4034.498      18206.835    1822639.404          0.001
       4034.498      18206.835    1822639.404          0.001
       4950.890      19264.427     917737.537          0.001
       4034.498      18206.835    1822639.404          0.001
       4005.240      19472.287    1121250.403          0.001
       4034.498      18206.835    1822639.404          0.001
       5433.788      18222.508     923619.528          0.002
       4034.498      18206.835    1822639.404          0.001
       2873.387      18828.500     892833.018          0.002
       5877.810      18227.481    2037766.136          0.002
       6079.457      19226.365     922929.589          0.001
       5877.810      18227.481    2037766.136          0.002
       6655.761      18885.210     928541.127          0.001
       8338.914      18139.211     657943.245          0.001
       8764.145      19065.111     935898.169          0.000
       8338.914      18139.211     657943.245          0.001
       7682.905      18918.516     928541.127          0.001
       8338.914      18139.211     657943.245          0.001
       9092.086      18314.268    2081799.848          0.001
       9512.233      18273.693     939585.363          0.001
      10905.330      18139.157    1666559.581          0.002
       9092.086      18314.268    2081799.848          0.001
       9906.172      19241.054     940420.826          0.001
      10905.330      18139.157    1666559.581          0.002
      11075.295      19143.827     943262.929          0.001
      10905.330      18139.157    1666559.581          0.002
      10317.518      19223.149     940420.826          0.001
      11095.990      18291.160     947481.195          0.002
      12190.672      19163.898     947674.667          0.001
      11345.987      18219.273     947481.195          0.002
      12723.406      18469.703     952263.181          0.001
      13163.576      18549.731    2235672.805          0.001
      14177.462      18443.874     956331.623          0.001
      13163.576      18549.731    2235672.805          0.001
      12381.778      19316.258    1763027.962          0.001
      15001.841      19201.525     956331.623          0.001
      15042.983      20219.929    1428118.016          0.001
      15540.372      18737.763     956331.623          0.001
      16391.868      19297.645    1217611.052          0.002
      14967.900      18361.346    8053761.715          0.000
      14054.561      19422.219     950393.811          0.000
      16331.797      18484.561    3076470.751          0.001
      17603.106      19070.653     956540.277          0.001
      16542.672      18486.449     957909.266          0.001
      17942.615      18498.982     959593.948          0.001
      18153.698      18500.872    1110454.219          0.001
      18043.554      19273.707    1618867.553          0.001
      18153.698      18500.872    1110454.219          0.001
      19428.798      18550.289    2027391.771          0.001
      19428.798      18550.289    2027391.771          0.001
      18866.611      19399.887     953254.358          0.001
      19428.798      18550.289    2027391.771          0.001
      20827.398      18502.196     959973.728          0.002
      19428.798      18550.289    2027391.771          0.001
      20295.125      19539.871     954117.884          0.003
      19356.735      18587.923     960109.139          0.001
      18115.766      19235.995     956540.277          0.001
      21479.600      18479.769    4361305.544          0.001
      21319.835      19486.569     953937.523          0.001
      21594.766      18457.558     959973.728          0.001
      22969.434      18192.437     959745.564          0.001
      23038.684      18254.411     959745.564          0.001
      22371.623      19485.009     823274.274          0.003
      23856.179      19117.146     959108.346          0.001
      23323.778      20411.650    4719023.018          0.000
      23272.943      19010.438     959108.346          0.001
      22371.623      19485.009     823274.274          0.003
      25205.253      18294.162     959975.456          0.001
      26359.266      19086.787     959145.903          0.002
      25116.855      18248.971     959975.456          0.000
      24464.177      19487.524     957320.894          0.001
      26892.768      18658.121     960554.691          0.002
      28070.838      19414.527     957988.762          0.001
      26698.507      18398.781     960554.691          0.001
      28096.774      18468.433     959919.660          0.002
      28323.576      18479.730    1614917.701          0.001
      28113.636      19442.006    1419557.216          0.001
      29667.478      19354.309     959268.756          0.002
      30208.047      20266.411    1799192.164          0.001
      30148.208      18517.907     959268.756          0.002
      31204.765      18434.210    1133518.526          0.001
      28952.873      18794.470     959268.756          0.001
      28113.636      19442.006    1419557.216          0.001
      31204.765      18434.210    1133518.526          0.001
      30675.382      19304.561     958207.506          0.000
      31313.097      18495.225     959744.601          0.001
      32532.927      19182.260     959916.615          0.001
      33480.864      18403.094     960196.709          0.001
      34497.844      18337.333    1503157.972          0.002
      34198.404      18483.386     961048.438          0.002
      32940.102      19097.126     959916.615          0.001
      34497.844      18337.333    1503157.972          0.002
      34239.996      19444.180    1558502.695          0.002
      35532.009      18422.799    3143056.070          0.001
      35485.534      19821.359     956977.960          0.002
      35564.141      18450.871     961033.156          0.001
      36618.454      19371.970     961045.450          0.002
      35434.941      18499.535     961033.156          0.001
      34336.672      19367.754     960714.807          0.002
      37601.417      18783.747     960067.773          0.001
      37240.177      20136.339     958694.571          0.001
      37689.745      18464.654     960067.773          0.000
      38503.014      19604.212     959192.887          0.001
      37687.484      18461.486   12231521.348          0.000
      36650.014      19399.542    1225224.260          0.002
      38657.180      18599.512     959114.265          0.000
      38505.096      19607.129    1062594.806          0.001
      38689.091      18388.090   15266459.980          0.000
      40079.765      18546.027     958094.786          0.000
      39629.876      18844.856     959114.265          0.001
      40546.871      19290.071    1323951.000          0.001
      41230.244      18522.788     958094.786          0.001
      42624.000      18402.097    6845413.827          0.000
      41452.108      19074.860     958094.786          0.001
      42366.206      19522.805    1300796.656          0.001
      43741.507      18875.547     958430.541          0.001
      44680.669      19273.438    1485025.673          0.001
      42624.000      18402.097    6845413.827          0.000
      44022.766      18347.454     959233.162          0.000
      45457.612      18406.740     959233.162          0.001
      46473.931      18485.641    1534688.082          0.001
      44469.272      18330.012    4376826.909          0.000
      44680.669      19273.438    1485025.673          0.001
      46473.931      18485.641    1534688.082          0.001
      47689.113      18451.337    3660417.866          0.001
      46218.269      18597.956     959525.363          0.001
      44936.502      19161.048     957082.908          0.001
      48385.202      18796.174     959965.594          0.002
      49639.704      19417.643     960218.970          0.002
      47949.716      18426.943     959965.594          0.001
      49343.622      18296.463     960299.920          0.002
      47689.113      18451.337    3660417.866          0.001
      47452.810      19421.475    2001054.774          0.001
      49604.360      18272.056    1387470.775          0.001
      49739.965      19467.311    1642969.410          0.002
      50411.999      18350.195    3173191.570          0.001
      51141.920      19062.363     960540.212          0.001
      51306.614      18420.707     959874.884          0.002
      52701.361      18530.637    1164551.117          0.001
      50411.999      18350.195    3173191.570          0.001
      49739.965      19467.311    1642969.410          0.002
      52701.361      18530.637    1164551.117          0.001
      53720.062      18523.823     958712.798          0.001
      52701.361      18530.637    1164551.117          0.001
      52017.574      19286.174     960540.212          0.000
      55731.293      18556.030     958712.798          0.001
      56749.718      18589.900    1680995.561          0.001
      53715.893      18832.139     958712.798          0.001
      52757.342      19177.288    2844533.138          0.001
      56430.856      18699.026     958369.787          0.002
      55106.279      19152.342     958716.576          0.001
      56749.718      18589.900    1680995.561          0.001
      56914.629      19444.123    1594659.655          0.001
      58980.016      18517.011    1276309.562          0.002
      59981.109      18329.132     956354.054          0.001
      58980.016      18517.011    1276309.562          0.002
      59608.668      19375.949    4112395.034          0.001
      58906.205      18555.307     957118.020          0.002
      57663.511      19200.063     956369.198          0.001
      61294.432      18768.360     956354.054          0.001
      61935.795      19559.522    1254315.701          0.001
      60795.199      18974.502     956354.054          0.001
      60765.926      20373.692    9141994.284          0.000
      60438.052      18546.943     956354.054          0.001
      59608.668      19375.949    4112395.034          0.001
      61647.402      18329.376     956354.054          0.001
      62648.673      18516.549     962988.119          0.001
      62648.673      18516.549     962988.119          0.001
      63635.533      18260.968     952647.863          0.000
      62648.673      18516.549     962988.119          0.001
      61935.795      19559.522    1254315.701          0.001
      64020.193      18161.347    9918565.038          0.000
      63073.052      19191.931     951720.881          0.000
      64256.452      18582.455     952647.863          0.000
      64755.015      19471.093    1280512.945          0.001
      64742.501      18396.340    5459231.477          0.000
      65754.475      18280.400     949390.563          0.001
      64779.734      18413.794     951412.914          0.000
      66047.369      19008.019     948772.582          0.001
      67700.262      18409.286   11221300.410          0.000
      66607.041      19270.375    2426731.697          0.001
      70218.186      18674.064     942312.095          0.000
      71042.881      19272.754    1325681.514          0.001
      69810.917      18662.601     942312.095          0.000
      68911.942      19143.772    2451606.183          0.001
      71271.526      18549.174     939654.660          0.001
      72670.618      18498.763     930384.857          0.002
      73074.467      18484.211    2087168.776          0.001
      73979.847      19551.562     922579.739          0.001
      73074.467      18484.211    2087168.776          0.001
      72954.668      19480.498     935115.973          0.001
      73199.462      18474.434     930384.857          0.001
      74595.198      18365.253     920104.210          0.002
      72711.221      18625.202     930384.857          0.002
      71406.085      19131.779     937688.581          0.002
      74720.699      18355.436    2084211.035          0.002
      74843.435      19366.926     915964.446          0.001
      75010.337      18568.976     920104.210          0.002
      76137.075      19399.682    1402774.707          0.001
      75329.572      18374.785     920104.210          0.002
      76728.866      18419.251     903403.909          0.001
      76733.823      18419.409    1189039.032          0.001
      77607.142      18424.972     880610.120          0.002
      76733.823      18419.409    1189039.032          0.001
      76137.075      19399.682    1402774.707          0.001
      78920.472      18433.339    2748145.151          0.001
      79717.701      19138.172     872804.833          0.000
      78920.472      18433.339    2748145.151          0.001
      78791.432      19478.127    1982566.801          0.001
      77955.666      18869.476     880610.120          0.002
      76943.142      19327.183    6730332.470          0.000
       1561.658      19986.284     872138.759          0.002
       2227.726      20241.565     829479.399          0.002
       2106.640      19239.020    2185298.478          0.001
       2227.726      20241.565     829479.399          0.002
       2708.772      19313.000     892833.018          0.002
       4005.240      19472.287    1121250.403          0.001
       2267.420      19443.484     892833.018          0.002
       3063.424      20455.762     953647.862          0.001
       4005.240      19472.287    1121250.403          0.001
       5273.471      19636.713    3866408.795          0.001
       4005.240      19472.287    1121250.403          0.001
       3063.424      20455.762     953647.862          0.001
       5273.471      19636.713    3866408.795          0.001
       4329.876      20023.230     909035.785          0.000
       5273.471      19636.713    3866408.795          0.001
       4941.269      20565.352     830470.699          0.002
       7403.287      19408.486     928541.127          0.000
       8803.109      19430.791     935898.169          0.000
       7222.036      19549.766     928541.127          0.000
       6885.493      20511.367    3146530.334          0.000
       8317.315      20096.396     928541.127          0.001
       9167.273      20657.556    1270984.170          0.001
       7272.213      19406.397    4153487.826          0.000
       6277.416      20206.980   10574556.233          0.000
       8975.903      19656.980     935898.169          0.000
       9167.273      20657.556    1270984.170          0.001
      10100.714      20133.822     940420.826          0.001
       9992.391      21362.346    4086622.409          0.000
       9977.082      19727.527     940420.826          0.001
       9167.273      20657.556    1270984.170          0.001
      10154.504      19523.765    2279672.211          0.001
      11199.866      20193.604     943262.929          0.000
      12318.274      19642.164     947674.667          0.001
      12050.513      21016.319     946049.818          0.001
      12444.091      19405.013     947674.667          0.001
      13248.532      20550.821     948416.462          0.001
      12381.778      19316.258    1763027.962          0.001
      13397.327      19404.643     950393.811          0.001
      13837.265      19766.622     950393.811          0.000
      13310.689      20639.353    2184719.260          0.001
      16391.868      19297.645    1217611.052          0.002
      16321.737      20609.170    1987094.341          0.001
      16391.868      19297.645    1217611.052          0.002
      17791.198      19277.364     956540.277          0.001
      16295.341      19363.644     954870.439          0.002
      15139.656      20153.830     950912.512          0.001
      17735.982      19512.263     956540.277          0.001
      16629.729      20370.287     952369.924          0.002
      20295.125      19539.871     954117.884          0.003
      21002.065      20274.313     953937.523          0.000
      20295.125      19539.871     954117.884          0.003
      20436.821      20419.739    1744667.948          0.001
      20295.125      19539.871     954117.884          0.003
      19331.910      19872.775     953254.358          0.001
      22371.623      19485.009     823274.274          0.003
      23101.815      20195.635     954416.207          0.000
      22371.623      19485.009     823274.274          0.003
      21575.428      20120.622     953937.523          0.001
      24458.433      19498.424    1363571.291          0.001
      25243.254      20596.634    2019356.645          0.000
      24760.719      19444.243     957320.894          0.001
      26138.759      19197.248     959145.903          0.002
      24458.433      19498.424    1363571.291          0.001
      23664.410      20137.492     954416.207          0.000
      26441.173      19143.044    1872487.542          0.002
      27044.807      19964.384     954134.115          0.001
      26588.613      19169.400     959145.903          0.002
      27966.768      19415.753     957988.762          0.001
      26287.308      19329.748     959145.903          0.002
      25396.944      20410.142     954677.801          0.001
      28206.609      19478.603     957988.762          0.001
      29509.322      19991.378     956368.851          0.001
      28113.636      19442.006    1419557.216          0.001
      27656.690      20352.875     954134.115          0.000
      30860.505      19672.104     958207.506          0.000
      32036.410      20431.871     955486.371          0.000
      31628.921      19359.930     958207.506          0.001
      32640.890      19243.067    1627572.019          0.001
      32640.890      19243.067    1627572.019          0.001
      32416.974      20236.766     955486.371          0.000
      32640.890      19243.067    1627572.019          0.001
      33379.414      20431.947     956427.092          0.001
      32745.591      19256.235     959916.615          0.001
      34134.649      19430.931     960714.807          0.002
      34239.996      19444.180    1558502.695          0.002
      35286.968      20372.227     956977.960          0.001
      34239.996      19444.180    1558502.695          0.002
      34299.432      20461.414     953927.640          0.001
      36650.014      19399.542    1225224.260          0.002
      37227.540      20183.657    1667016.410          0.001
      36650.014      19399.542    1225224.260          0.002
      35635.389      20362.881     956977.960          0.001
      38547.408      19600.559     959192.887          0.001
      39930.827      19385.734     957550.540          0.001
      38504.196      19607.535     959192.887          0.001
      37228.115      20183.398     958694.571          0.001
      40546.871      19290.071    1323951.000          0.001
      39655.909      19785.462     957378.918          0.001
      40546.871      19290.071    1323951.000          0.001
      40563.778      20309.077     956591.829          0.000
      40978.549      19345.292     957550.540          0.001
      42366.206      19522.805    1300796.656          0.001
      42366.206      19522.805    1300796.656          0.001
      42421.365      20531.169    1054647.477          0.001
      42366.206      19522.805    1300796.656          0.001
      43757.883      19372.862     957082.908          0.002
      42366.206      19522.805    1300796.656          0.001
      43320.134      19878.437     957266.047          0.002
      42366.206      19522.805    1300796.656          0.001
      41436.343      19937.235     956591.829          0.001
      44680.669      19273.438    1485025.673          0.001
      45699.409      19248.289     958037.620          0.001
      46548.059      19624.326     958037.620          0.000
      46480.385      20641.535    1298737.767          0.001
      46261.387      19435.950     958037.620          0.000
      45097.396      20213.848     957266.047          0.000
      46574.514      19226.686    7889592.172          0.000
      47452.810      19421.475    2001054.774          0.001
      48340.862      19439.272     958971.812          0.002
      49739.965      19467.311    1642969.410          0.002
      48450.819      19878.893     958971.812          0.002
      49723.057      20461.999    3886103.572          0.002
      47402.876      19484.124     958971.812          0.001
      46530.288      20578.925     957859.473          0.001
      50005.281      19583.027     960218.970          0.003
      51288.540      20142.713     961336.452          0.001
      49739.965      19467.311    1642969.410          0.002
      50756.248      19546.430     960540.212          0.001
      52865.750      19338.509     958936.308          0.001
      53646.953      20500.284     961039.894          0.001
      52676.168      19250.171     958936.308          0.001
      51634.451      20185.492     961336.452          0.001
      52789.672      19178.634     958936.308          0.001
      54188.461      19236.864     958716.576          0.001
      54811.652      19305.362     958716.576          0.001
      55510.085      20518.701     959671.709          0.002
      55153.319      19293.191     958716.576          0.001
      56548.207      19412.723     957270.086          0.002
      54685.922      19398.348     958716.576          0.001
      53855.495      20525.464     961039.894          0.001
      56746.679      19745.708     957270.086          0.001
      56065.530      20968.833     958239.028          0.001
      56914.629      19444.123    1594659.655          0.001
      57503.481      20275.830     956952.057          0.000
      56768.587      19562.456     957270.086          0.001
      55680.839      20443.821     959671.709          0.002
      57589.427      19238.501    5123498.799          0.001
      58904.446      19167.610    2176625.159          0.001
      58904.446      19167.610    2176625.159          0.001
      59524.071      20209.444     925807.229          0.002
      58904.446      19167.610    2176625.159          0.001
      58218.461      19921.441     956952.057          0.001
      61890.178      19799.677     952543.528          0.001
      61628.923      21175.084     954073.997          0.001
      61935.795      19559.522    1254315.701          0.001
      62757.415      20204.019    2437923.041          0.001
      61935.795      19559.522    1254315.701          0.001
      61099.464      20141.566     954014.179          0.000
      63738.750      19401.905     951720.881          0.001
      64755.015      19471.093    1280512.945          0.001
      64755.015      19471.093    1280512.945          0.001
      64988.774      20635.404    1548920.493          0.001
      64755.015      19471.093    1280512.945          0.001
      66146.402      19320.298     948772.582          0.001
      64755.015      19471.093    1280512.945          0.001
      63441.166      19953.148     952902.314          0.001
      66607.041      19270.375    2426731.697          0.001
      66885.404      20622.415    1802903.856          0.001
      66106.430      19692.647     948772.582          0.001
      65036.297      20595.318     951470.465          0.001
      66607.041      19270.375    2426731.697          0.001
      67608.506      19446.417    5295918.711          0.001
      67608.506      19446.417    5295918.711          0.001
      68911.942      19143.772    2451606.183          0.001
      67608.506      19446.417    5295918.711          0.001
      66885.404      20622.415    1802903.856          0.001
      68911.942      19143.772    2451606.183          0.001
      69780.564      19677.488     936557.565          0.001
      68911.942      19143.772    2451606.183          0.001
      68821.426      20440.792    3709152.156          0.002
      69646.091      19188.209     943961.053          0.002
      71042.881      19272.754    1325681.514          0.001
      71331.515      19304.119     937688.581          0.001
      72723.322      19455.359     928963.728          0.001
      71042.881      19272.754    1325681.514          0.001
      70956.802      20288.045     936557.565          0.000
      72954.668      19480.498     935115.973          0.001
      74015.177      19593.212    3310052.507          0.001
      72954.668      19480.498     935115.973          0.001
      72027.526      19902.820     936557.565          0.001
      74015.177      19593.212    3310052.507          0.001
      73154.707      20140.476     926591.239          0.000
      76137.075      19399.682    1402774.707          0.001
      75423.297      20603.480     917839.769          0.001
      76208.175      19480.709     907984.983          0.001
      77131.559      20533.021     899429.887          0.001
      76137.075      19399.682    1402774.707          0.001
      75282.619      19953.762     915964.446          0.000
      76943.142      19327.183    6730332.470          0.000
      78051.845      19417.728     882652.629          0.002
      78791.432      19478.127    1982566.801          0.001
      79594.658      20096.238     873929.481          0.001
      78791.432      19478.127    1982566.801          0.001
      78994.382      20579.401     731492.149          0.001
      77941.783      20086.081     882652.629          0.002
      77203.145      20614.603    2368887.028          0.001
       1438.063      21069.388     873084.333          0.002
       2087.556      21368.026     765739.657          0.002
       2227.726      20241.565     829479.399          0.002
       2087.556      21368.026     765739.657          0.002
       2227.726      20241.565     829479.399          0.002
       2806.050      21206.571     951037.471          0.002
       2227.726      20241.565     829479.399          0.002
       3063.424      20455.762     953647.862          0.001
       3084.232      20469.000     902082.681          0.001
       4265.437      21220.502     913080.527          0.001
       3063.424      20455.762     953647.862          0.001
       2806.050      21206.571     951037.471          0.002
       4012.498      20153.235    8211966.682          0.000
       4941.269      20565.352     830470.699          0.002
       4998.307      20615.796     916342.954          0.002
       6047.023      21543.263     924901.640          0.001
       4941.269      20565.352     830470.699          0.002
       4286.276      21233.760    4654713.819          0.001
       6230.434      20582.468     922929.589          0.000
       6103.923      21593.584    1383428.768          0.001
       7770.485      20568.066     927080.438          0.001
       9167.273      20657.556    1270984.170          0.001
       6885.493      20511.367    3146530.334          0.000
       6103.923      21593.584    1383428.768          0.001
       9109.934      20673.011     937507.296          0.002
       7758.177      21037.364     929839.343          0.002
       9167.273      20657.556    1270984.170          0.001
       9153.272      21660.065    1254385.964          0.001
      10752.764      20683.782     943262.929          0.001
       9992.391      21362.346    4086622.409          0.000
      13397.145      20824.489     948416.462          0.001
      13989.519      22092.989     950145.367          0.001
      13153.823      20897.455     948416.462          0.001
      12426.708      22093.826     946693.747          0.002
      13682.508      20549.328     948416.462          0.001
      15042.983      20219.929    1428118.016          0.001
      13267.206      20662.446     948416.462          0.001
      12030.748      21319.082     946049.818          0.001
      15042.983      20219.929    1428118.016          0.001
      14405.937      21014.915     949649.946          0.000
      15042.983      20219.929    1428118.016          0.001
      15233.387      21225.290    5893975.051          0.000
      15042.983      20219.929    1428118.016          0.001
      16321.737      20609.170    1987094.341          0.001
      16340.557      20627.079     952369.924          0.001
      17354.748      21592.179     952576.684          0.001
      16321.737      20609.170    1987094.341          0.001
      17322.078      20415.382     953254.358          0.001
      16295.885      20746.191     952369.924          0.001
      16036.330      22121.920     951994.084          0.001
      18600.260      20729.965     953254.358          0.001
      19087.748      21623.811    1416285.263          0.001
      17948.566      20768.964     953254.358          0.001
      17373.451      21609.977    1425063.576          0.001
      19422.489      20324.611     953254.358          0.001
      20436.821      20419.739    1744667.948          0.001
      20484.854      20479.161     953831.699          0.001
      21364.951      21567.935     954183.131          0.002
      20533.893      20720.714     953831.699          0.001
      20963.631      22053.127     953773.307          0.002
      20131.813      20691.964     953831.699          0.001
      19087.748      21623.811    1416285.263          0.001
      22332.603      20865.628     953937.523          0.001
      23291.311      21210.741    1716001.924          0.001
      21546.153      20440.163     953937.523          0.000
      22945.973      20417.710     954416.207          0.000
      21205.744      20629.901     953937.523          0.000
      21413.238      21627.671    1029342.432          0.002
      24228.809      20498.870     954416.207          0.001
      25243.254      20596.634    2019356.645          0.000
      25158.779      20789.184     954677.801          0.001
      24596.324      22071.231     954955.565          0.001
      25243.254      20596.634    2019356.645          0.000
      26262.358      20605.642     954134.115          0.001
      24934.758      20693.691     954677.801          0.001
      23599.291      21113.846     954406.984          0.001
      27194.793      20710.807     954134.115          0.000
      25848.517      21094.918     953664.781          0.000
      27524.291      20616.797    6509069.452          0.000
      28845.127      21078.969     953537.868          0.001
      28137.329      20153.626    2278710.799          0.001
      28909.899      20817.231     953537.868          0.001
      28473.508      20171.937     956014.663          0.001
      29871.436      20248.077     956368.851          0.001
      30291.706      20374.917     956368.851          0.001
      31146.545      21483.632     954181.705          0.001
      30208.047      20266.411    1799192.164          0.001
      31213.073      20434.675     955486.371          0.001
      30208.047      20266.411    1799192.164          0.001
      29614.249      21094.099     953537.868          0.000
      32412.429      20613.068     955486.371          0.000
      33425.732      20506.510    2876490.296          0.001
      32574.463      20773.708     955486.371          0.000
      33439.345      21311.962    1092257.385          0.001
      33425.732      20506.510    2876490.296          0.001
      33439.345      21311.962    1092257.385          0.001
      35854.125      20451.097     956977.960          0.001
      37227.540      20183.657    1667016.410          0.001
      35462.070      20527.440    2228430.755          0.001
      34626.188      21111.553     953927.640          0.000
      37227.540      20183.657    1667016.410          0.001
      36639.287      21014.743     954831.870          0.000
      37299.604      20274.904     958694.571          0.001
      38167.306      21373.582     956071.249          0.001
      39607.359      21018.392     957378.918          0.001
      40445.480      21598.324    1927922.671          0.001
      38641.035      20349.751    8009693.881          0.000
      40040.546      20332.468     956591.829          0.001
      40861.966      20617.292     956591.829          0.000
      41590.388      21329.532    2636153.492          0.000
      41408.813      20419.318     956591.829          0.001
      42421.365      20531.169    1054647.477          0.001
      42421.365      20531.169    1054647.477          0.001
      43746.644      20981.886     956841.275          0.001
      42421.365      20531.169    1054647.477          0.001
      43439.053      20484.930     957266.047          0.001
      42421.365      20531.169    1054647.477          0.001
      41590.388      21329.532    2636153.492          0.000
      45469.407      20511.875     957266.047          0.001
      46480.385      20641.535    1298737.767          0.001
      46480.385      20641.535    1298737.767          0.001
      46789.269      21674.484    2782248.337          0.001
      46480.385      20641.535    1298737.767          0.001
      47394.507      21302.737     957276.660          0.000
      46103.037      20740.526     957859.473          0.001
      44748.858      21095.772     956841.275          0.001
      48707.758      20545.249     958197.945          0.001
      49723.057      20461.999    3886103.572          0.002
      50162.489      20413.081     960054.594          0.002
      51553.426      20258.242    1860612.009          0.000
      49723.057      20461.999    3886103.572          0.002
      48667.182      20858.310     957276.660          0.002
      50102.483      20625.305     960054.594          0.002
      51388.432      21178.781     959963.877          0.001
      51553.426      20258.242    1860612.009          0.000
      51767.357      21341.871    3064070.480          0.001
      51965.764      20333.746     961336.452          0.001
      53342.867      20585.912     961039.894          0.002
      53946.093      20650.775     961039.894          0.001
      55343.913      20572.665     959671.709          0.002
      53703.229      20679.264     961039.894          0.001
      52378.670      21132.632     959963.877          0.001
      55301.835      20697.894     959671.709          0.002
      54092.302      21402.898     959191.423          0.001
      58518.778      20377.439     956952.057          0.001
      59524.071      20209.444     925807.229          0.002
      58807.209      21042.591     956952.057          0.001
      59731.902      21470.787    1580034.278          0.002
      56835.751      20873.674     956952.057          0.001
      55897.366      21270.802    3597926.907          0.001
      59524.071      20209.444     925807.229          0.002
      59731.902      21470.787    1580034.278          0.002
      59524.071      20209.444     925807.229          0.002
      60534.366      20343.066     954014.179          0.000
      60430.733      20729.330     954014.179          0.001
      59731.902      21470.787    1580034.278          0.002
      62721.216      20557.530     952902.314          0.001
      62578.603      21950.247     951734.500          0.001
      62757.415      20204.019    2437923.041          0.001
      63391.738      21001.725     951660.636          0.001
      63504.061      20348.367     952902.314          0.001
      64878.609      20614.106     951470.465          0.001
      62657.353      20307.260     952902.314          0.001
      61683.004      21312.568     954073.997          0.001
      65019.270      20635.195     951470.465          0.001
      66419.237      20625.608     948865.329          0.001
      64988.774      20635.404    1548920.493          0.001
      64183.583      21260.030     951660.636          0.000
      67156.365      20596.996     948865.329          0.001
      68550.245      20466.232     944109.449          0.002
      66575.005      20719.866     948865.329          0.001
      65239.287      21139.219     950827.534          0.001
      69483.200      20880.353     944109.449          0.002
      70648.832      21654.586    1370824.284          0.001
      68821.426      20440.792    3709152.156          0.002
      69877.681      20417.877     936557.565          0.001
      68821.426      20440.792    3709152.156          0.002
      67894.597      20947.508     948337.824          0.001
      71305.617      20362.133     936557.565          0.000
      72699.869      20235.398     926591.239          0.000
      72112.272      20826.989     936557.565          0.001
      73067.466      21181.608    2288850.022          0.001
      73056.419      20202.988    5202303.981          0.000
      74455.767      20182.191     915964.446          0.001
      73964.654      20699.681     915964.446          0.001
      73067.466      21181.608    2288850.022          0.001
      77203.145      20614.603    2368887.028          0.001
      78014.230      20880.751     882096.520          0.002
      77203.145      20614.603    2368887.028          0.001
      78203.912      20594.936     881807.775          0.002
      77203.145      20614.603    2368887.028          0.001
      75851.550      20977.567     917839.769          0.001
      78994.382      20579.401     731492.149          0.001
      79015.424      21209.282    2028336.803          0.001
      79787.327      20581.209     873929.481          0.000
      79015.424      21209.282    2028336.803          0.001
       2087.556      21368.026     765739.657          0.002
       2180.226      22447.220    2107298.413          0.002
       2087.556      21368.026     765739.657          0.002
       1441.359      21702.632     874565.399          0.002
       2087.556      21368.026     765739.657          0.002
       2806.050      21206.571     951037.471          0.002
       2824.625      21226.496     900756.852          0.002
       3779.271      22250.532     911353.973          0.001
       2806.050      21206.571     951037.471          0.002
       2220.485      22367.410     896803.952          0.002
       4286.276      21233.760    4654713.819          0.001
       5122.741      22355.967     922014.598          0.001
       4286.276      21233.760    4654713.819          0.001
       5659.335      21505.573     924901.640          0.001
       6103.923      21593.584    1383428.768          0.001
       7115.819      21210.505    1823446.280          0.001
       6103.923      21593.584    1383428.768          0.001
       5297.307      22590.165    1626928.690          0.001
       7309.872      21473.673     929839.343          0.001
       8140.158      22599.679    1343812.745          0.001
       7752.698      21351.031     929839.343          0.002
       9119.814      21652.683     937925.654          0.001
       7115.819      21210.505    1823446.280          0.001
       6394.512      21930.546     925248.503          0.001
       9153.272      21660.065    1254385.964          0.001
       9109.930      22678.649     936920.873          0.001
       9153.272      21660.065    1254385.964          0.001
       8140.158      22599.679    1343812.745          0.001
       9153.272      21660.065    1254385.964          0.001
      10030.124      22179.097     940798.737          0.000
      10289.825      21359.359     940596.277          0.001
      11689.755      21345.304     946049.818          0.001
      11986.990      21342.320    1659534.919          0.001
      12269.807      22351.985    2226727.682          0.002
      11986.990      21342.320    1659534.919          0.001
      11093.189      21831.797     940798.737          0.001
      15172.491      21280.694     950844.672          0.001
      14136.944      22222.843     950145.367          0.000
      17688.483      21612.519     952576.684          0.001
      19087.748      21623.811    1416285.263          0.001
      17324.048      21633.497     952576.684          0.001
      16059.995      22235.304     951994.084          0.001
      19087.748      21623.811    1416285.263          0.001
      20399.677      22109.944     953773.307          0.002
      19087.748      21623.811    1416285.263          0.001
      18203.710      22129.356     952523.626          0.001
      21818.730      21537.652     954183.131          0.002
      23185.456      21234.241     954406.984          0.001
      21413.238      21627.671    1029342.432          0.002
      21060.990      22354.992    1642979.342          0.001
      23285.104      21217.314     954406.984          0.001
      22323.891      22235.189     954383.619          0.001
      23291.311      21210.741    1716001.924          0.001
      23385.802      22225.207     954999.416          0.000
      23310.166      21227.023     954406.984          0.001
      24369.765      22142.037     954955.565          0.001
      25799.273      21761.562     953664.781          0.001
      26247.838      22676.865    1695824.704          0.001
      26226.104      21192.837     953664.781          0.001
      27245.115      21198.331     982876.906          0.001
      25208.239      21520.527     953664.781          0.000
      24511.546      22264.472    2161860.668          0.001
      27245.115      21198.331     982876.906          0.001
      27534.383      22370.880    3470146.254          0.000
      27245.115      21198.331     982876.906          0.001
      28262.542      21243.538     953537.868          0.001
      27217.257      21239.632     953135.403          0.001
      26434.391      22400.287     954817.424          0.002
      30225.638      21423.978     953537.868          0.001
      31230.352      21592.329    1994721.024          0.001
      28431.857      21872.659     953537.868          0.001
      27534.383      22370.880    3470146.254          0.000
      32050.835      21488.193     954181.705          0.002
      33439.345      21311.962    1092257.385          0.001
      30947.180      21699.665     954181.705          0.001
      29638.070      22195.880     954452.558          0.001
      31230.352      21592.329    1994721.024          0.001
      30711.828      22469.737     954367.067          0.001
      31230.352      21592.329    1994721.024          0.001
      31499.973      22546.513    2085880.437          0.001
      33413.936      21328.136     953925.674          0.001
      32232.922      22079.938     955060.761          0.002
      33439.345      21311.962    1092257.385          0.001
      33495.318      22354.235    1023966.518          0.002
      35419.994      21780.998     953927.640          0.001
      36352.044      22194.773    2693109.107          0.000
      34138.478      21563.835     953927.640          0.000
      33495.318      22354.235    1023966.518          0.002
      34348.746      21305.429   10269500.344          0.000
      35746.973      21357.614     954831.870          0.001
      37222.254      21419.187     954831.870          0.001
      38239.521      21465.019    1705433.287          0.001
      38368.689      21560.713     956071.249          0.001
      39493.612      22394.109     959395.575          0.001
      38239.521      21465.019    1705433.287          0.001
      38506.764      22448.324     958597.283          0.000
      38643.736      21489.446     956071.249          0.001
      40041.187      21573.893     957190.408          0.001
      38239.521      21465.019    1705433.287          0.001
      36934.442      21969.601     955889.396          0.001
      40469.049      21812.453     957190.408          0.001
      40622.220      23204.049     957831.607          0.001
      40503.189      21646.138     957190.408          0.001
      41581.236      22539.342     959478.087          0.002
      40445.480      21598.324    1927922.671          0.001
      41590.388      21329.532    2636153.492          0.000
      40445.480      21598.324    1927922.671          0.001
      39623.284      22490.175    1912856.440          0.001
      42812.960      21823.392     956484.736          0.001
      43439.052      22627.779    2074305.004          0.001
      42080.898      21668.903     956484.736          0.001
      41638.859      22587.085    1552991.376          0.001
      43352.735      21188.977     956484.736          0.001
      44372.115      21194.604    2052880.468          0.001
      44372.115      21194.604    2052880.468          0.001
      44456.045      22210.302     957720.396          0.000
      44287.493      21324.582     956841.275          0.001
      43523.646      22497.842     958641.699          0.001
      44893.745      21298.164     956841.275          0.001
      46266.945      21570.787     956981.512          0.001
      46789.269      21674.484    2782248.337          0.001
      45824.054      22002.183     957720.396          0.001
      47929.418      21793.694     957276.660          0.001
      48755.360      22561.405     957523.563          0.002
      47269.764      21566.936     957276.660          0.001
      46661.857      22517.165    1374100.950          0.001
      48491.263      21450.641     957276.660          0.001
      49611.273      21582.974    5996829.600          0.001
      49611.273      21582.974    5996829.600          0.001
      49603.134      22675.689    2279624.043          0.001
      49993.920      21540.185     958452.701          0.001
      51385.248      21384.601     959963.877          0.001
      49611.273      21582.974    5996829.600          0.001
      48755.360      22561.405     957523.563          0.002
      52324.199      21704.144     959963.877          0.001
      53497.707      22467.608     956198.554          0.001
      51648.393      21459.809     959963.877          0.001
      50654.162      22445.459     955908.322          0.001
      52116.029      21374.760     959963.877          0.001
      53509.842      21506.232     959191.423          0.001
      54183.957      21496.304     959191.423          0.001
      55571.987      21313.625     958239.028          0.001
      53858.583      21539.127    4315965.644          0.001
      53541.801      22496.295    1088345.429          0.001
      55897.366      21270.802    3597926.907          0.001
      55213.539      22026.403     955727.706          0.001
      56073.379      21306.153     958239.028          0.001
      57445.970      21581.823     956580.022          0.001
      57644.386      21629.560     956580.022          0.001
      58867.303      22311.084     953780.827          0.001
      57622.262      21617.230    1773868.191          0.001
      57777.097      22443.681    1007399.521          0.002
      57983.190      21592.176     956580.022          0.001
      59379.829      21495.227     954986.792          0.002
      57203.218      21817.560     956580.022          0.001
      55940.134      22421.395     955197.091          0.001
      59731.902      21470.787    1580034.278          0.002
      60385.537      22252.252     952493.124          0.000
      59957.615      21464.044     954986.792          0.002
      61356.990      21422.239     954073.997          0.001
      61583.261      21415.480    1671129.065          0.001
      62542.463      22303.176    1914112.493          0.001
      61583.261      21415.480    1671129.065          0.001
      60859.854      22132.994     952493.124          0.000
      64219.481      21884.469     951660.636          0.001
      64992.023      22549.383    1285902.737          0.001
      63820.878      21541.399    8176701.485          0.000
      63627.512      22927.309     948927.844          0.000
      64929.548      21236.463    2791277.246          0.001
      65600.944      22391.522    3889958.301          0.001
      64929.548      21236.463    2791277.246          0.001
      64992.023      22549.383    1285902.737          0.001
      64929.548      21236.463    2791277.246          0.001
      65937.872      21382.767     948337.824          0.001
      66432.256      22387.595     948337.824          0.001
      65987.542      23304.536    1645293.521          0.002
      67917.687      21571.562     948337.824          0.001
      68935.419      21624.922    1129682.379          0.003
      68935.419      21624.922    1129682.379          0.003
      68981.267      22663.899    1683057.130          0.001
      69249.605      21630.362     944962.700          0.003
      70648.832      21654.586    1370824.284          0.001
      68905.838      21638.658     944962.700          0.003
      67636.059      22228.286     947183.285          0.001
      71171.050      21552.463     940774.145          0.002
      72545.024      21283.774     929063.249          0.001
      70648.832      21654.586    1370824.284          0.001
      69451.765      22379.125     944089.705          0.002
      70648.832      21654.586    1370824.284          0.001
      70769.959      22321.487    1987072.153          0.001
      73386.056      21425.793     929063.249          0.001
      74497.217      22277.449     921811.063          0.002
      73067.466      21181.608    2288850.022          0.001
      73087.182      22502.937    1787758.818          0.001
      72866.789      21281.171     929063.249          0.001
      71612.659      21903.392     940702.730          0.002
      73067.466      21181.608    2288850.022          0.001
      74466.988      21184.107     917839.769          0.001
      75078.373      21185.199    3174798.500          0.001
      76202.457      22011.988     902951.307          0.003
      75823.483      21337.309     917839.769          0.001
      77194.797      21617.254     720108.063          0.002
      75078.373      21185.199    3174798.500          0.001
      74816.103      22521.861    1789587.432          0.001
      77194.797      21617.254     720108.063          0.002
      77934.656      22039.675     885173.225          0.002
      77194.797      21617.254     720108.063          0.002
      77039.025      22627.303    2396693.247          0.002
      77194.797      21617.254     720108.063          0.002
      77979.557      21441.403     882096.520          0.002
      79015.424      21209.282    2028336.803          0.001
      79716.816      22092.418     874792.093          0.000
      79008.808      21242.752     882096.520          0.001
      78758.345      22509.958    2323091.750          0.001
        183.531      22700.214     874565.399          0.000
        830.802      23586.258    3278499.671          0.000
       2539.500      23193.209     896803.952          0.002
       3117.882      24394.148    3764806.147          0.001
       2180.226      22447.220    2107298.413          0.002
       1545.522      22982.969     880045.753          0.001
       2180.226      22447.220    2107298.413          0.002
       1823.728      23563.348    1133485.978          0.001
       2493.017      22412.963     896803.952          0.002
       3797.509      22270.095    1629958.749          0.001
       3797.509      22270.095    1629958.749          0.001
       3371.093      23602.782     901529.390          0.002
       3797.509      22270.095    1629958.749          0.001
       4233.929      23599.793     914261.866          0.002
       3797.509      22270.095    1629958.749          0.001
       5166.321      22562.211     922014.598          0.001
       5297.307      22590.165    1626928.690          0.001
       6240.026      23411.487    2403514.278          0.001
       5273.217      22613.038     922014.598          0.001
       4257.957      23577.013     914261.866          0.002
       6032.524      22413.890     925248.503          0.000
       6240.026      23411.487    2403514.278          0.001
       7130.984      22463.707     925248.503          0.001
       8140.158      22599.679    1343812.745          0.001
       8140.158      22599.679    1343812.745          0.001
       8835.810      23344.203     936920.873          0.000
       8140.158      22599.679    1343812.745          0.001
       6853.044      23149.582     926638.148          0.001
      10179.614      23467.840     940798.737          0.001
      10130.247      24485.174    1554620.173          0.001
      11251.106      22326.493     940798.737          0.001
      12269.807      22351.985    2226727.682          0.002
      10006.952      22555.832     940798.737          0.000
       9070.904      23595.813    8921517.981          0.000
      12674.311      22537.627     946693.747          0.002
      13946.710      23121.579     951276.206          0.001
      12269.807      22351.985    2226727.682          0.002
      12110.170      23666.995    3526591.978          0.001
      12473.470      22343.672     946693.747          0.002
      13872.305      22286.573     950145.367          0.001
      14343.364      22275.578     950145.367          0.001
      15743.294      22261.550     951994.084          0.002
      16056.691      22308.759     951994.084          0.001
      17007.953      23335.940     953331.217          0.000
      16010.492      22258.873    2142389.996          0.001
      16100.908      23526.110    1265675.858          0.001
      15772.737      22409.113     951994.084          0.002
      14589.231      23156.985     951276.206          0.001
      16010.492      22258.873    2142389.996          0.001
      16981.766      22567.667     952523.626          0.000
      17916.551      22593.927     952523.626          0.001
      19308.166      22449.127    4086996.741          0.000
      18349.489      23170.231     952523.626          0.001
      19270.234      23606.622    1223877.434          0.001
      19303.630      22587.557     953036.981          0.000
      19270.234      23606.622    1223877.434          0.001
      20165.179      22910.006     953036.981          0.001
      21063.362      23393.025    1945214.383          0.001
      20042.635      22409.683     953036.981          0.001
      21060.990      22354.992    1642979.342          0.001
      21060.990      22354.992    1642979.342          0.001
      21063.362      23393.025    1945214.383          0.001
      22030.099      22546.300    6772732.806          0.001
      23184.200      23336.810    2412668.082          0.001
      24392.179      22360.906     954955.565          0.001
      23303.162      23240.703     955048.797          0.001
      24559.721      22340.526     954955.565          0.001
      25308.874      23523.223     954701.991          0.001
      24698.685      22308.920     954955.565          0.001
      26060.792      22632.439     954817.424          0.002
      26247.838      22676.865    1695824.704          0.001
      26204.998      23695.139     952907.556          0.001
      26247.838      22676.865    1695824.704          0.001
      27179.366      23089.819     953946.973          0.000
      26247.838      22676.865    1695824.704          0.001
      25356.970      23599.152    1704364.107          0.001
      27744.772      22363.082     954617.467          0.001
      29143.812      22311.225     954452.558          0.001
      27791.142      22523.509     954617.467          0.001
      28994.571      23238.881     954049.991          0.002
      29354.359      22303.420    1238427.924          0.001
      30033.948      23063.327     954367.067          0.000
      29354.359      22303.420    1238427.924          0.001
      29195.751      23358.471    1265111.267          0.002
      32084.270      22490.208     955060.761          0.002
      33477.814      22355.921     955734.310          0.002
      32170.331      22887.881     955060.761          0.002
      33417.521      23522.990    1555226.273          0.001
      31499.973      22546.513    2085880.437          0.001
      30618.609      23058.372     954367.067          0.000
      33495.318      22354.235    1023966.518          0.002
      33417.521      23522.990    1555226.273          0.001
      34493.170      22589.427     956294.798          0.001
      35363.949      23685.668     955013.269          0.001
      34390.137      22459.717    2520290.001          0.001
      34644.146      23513.299     955800.642          0.000
      34390.137      22459.717    2520290.001          0.001
      35776.964      22272.434     955889.396          0.001
      34362.329      22490.117     956294.798          0.001
      33417.521      23522.990    1555226.273          0.001
      36352.044      22194.773    2693109.107          0.000
      36495.300      23204.414     953368.309          0.001
      36136.961      22523.965     955889.396          0.001
      35371.628      23695.335    2172262.413          0.000
      36691.845      22568.198     955889.396          0.001
      37633.722      23603.276    1302089.552          0.001
      36352.044      22194.773    2693109.107          0.000
      37363.680      22323.311     958597.283          0.001
      38257.902      22797.778     958597.283          0.000
      37633.722      23603.276    1302089.552          0.001
      39623.284      22490.175    1912856.440          0.001
      39618.895      23509.581     952347.102          0.001
      39308.396      23136.897     959395.575          0.002
      38695.652      24395.362    1164775.556          0.001
      39623.284      22490.175    1912856.440          0.001
      40645.838      23418.628    1704009.131          0.001
      39524.017      22568.748     959395.575          0.001
      38426.281      23437.641     956992.279          0.001
      41638.859      22587.085    1552991.376          0.001
      42442.430      23701.380    1723375.544          0.002
      41638.859      22587.085    1552991.376          0.001
      43038.156      22618.716     958641.699          0.001
      41638.859      22587.085    1552991.376          0.001
      40645.838      23418.628    1704009.131          0.001
      43467.001      22764.045     958641.699          0.001
      43748.292      24135.495     953663.656          0.001
      43416.905      22651.636     958641.699          0.001
      42464.424      23677.687     956067.899          0.002
      43439.052      22627.779    2074305.004          0.001
      44364.428      23401.596     910434.960          0.001
      45614.394      23115.224     957720.396          0.001
      46497.595      23624.136    1668097.040          0.001
      45643.026      22490.345     957720.396          0.001
      46661.857      22517.165    1374100.950          0.001
      47311.417      22530.892     956131.945          0.002
      48711.104      22560.470     955743.177          0.002
      46661.857      22517.165    1374100.950          0.001
      47586.128      22948.021     954181.941          0.001
      46661.857      22517.165    1374100.950          0.001
      46497.595      23624.136    1668097.040          0.001
      48755.360      22561.405     957523.563          0.002
      48378.283      23317.291    3640864.869          0.000
      49603.134      22675.689    2279624.043          0.001
      48700.018      23148.760     954181.941          0.000
      49586.478      22971.481     955400.929          0.001
      49507.768      24369.267     951746.872          0.002
      49603.134      22675.689    2279624.043          0.001
      50530.913      23390.275    1064235.912          0.001
      51888.059      22391.101   17091188.063          0.000
      51731.421      23781.942     950670.209          0.001
      51351.480      22786.148     956661.885          0.001
      50530.913      23390.275    1064235.912          0.001
      51888.059      22391.101   17091188.063          0.000
      52883.798      23336.449    2295961.747          0.000
      52525.124      22431.625     956661.885          0.001
      53541.801      22496.295    1088345.429          0.001
      53541.801      22496.295    1088345.429          0.001
      54586.131      23314.881     975137.004          0.001
      53541.801      22496.295    1088345.429          0.001
      52913.765      23298.186     953169.118          0.000
      55414.776      22846.718     955197.091          0.001
      54815.311      24111.883     950798.687          0.001
      55521.468      22621.545    5862001.268          0.000
      56348.069      23216.869     951775.944          0.001
      55951.372      22587.645     955197.091          0.001
      57347.039      22477.592     954312.897          0.002
      55521.468      22621.545    5862001.268          0.000
      54586.131      23314.881     975137.004          0.001
      57777.097      22443.681    1007399.521          0.002
      58547.077      23111.122     950663.495          0.001
      57777.097      22443.681    1007399.521          0.002
      57071.927      23179.064     951775.944          0.000
      58889.730      22323.582    4034787.301          0.001
      59953.342      22401.038     952493.124          0.001
      61526.132      22374.972     952493.124          0.001
      62542.463      22303.176    1914112.493          0.001
      60334.733      22575.957     952493.124          0.000
      59146.667      23316.563     950663.495          0.000
      62542.463      22303.176    1914112.493          0.001
      62894.213      23657.815     948175.994          0.001
      62440.698      22382.675     951734.500          0.001
      61337.441      23244.547     949572.304          0.002
      62542.463      22303.176    1914112.493          0.001
      63301.392      22982.171     948927.844          0.000
      64992.023      22549.383    1285902.737          0.001
      64076.442      22995.684     948927.844          0.001
      64960.064      22900.360     949340.700          0.002
      64833.110      24294.592     945285.694          0.001
      64992.023      22549.383    1285902.737          0.001
      65987.542      23304.536    1645293.521          0.002
      67606.939      22241.808    1154966.491          0.001
      67731.032      23252.897     943453.515          0.000
      67606.939      22241.808    1154966.491          0.001
      68944.879      22652.723     944089.705          0.001
      67382.734      22388.942     947183.285          0.001
      66212.266      23157.061     946738.068          0.002
      68981.267      22663.899    1683057.130          0.001
      69985.726      23456.116    1222327.393          0.001
      69395.447      22584.612     944089.705          0.002
      70769.959      22321.487    1987072.153          0.001
      70769.959      22321.487    1987072.153          0.001
      69985.726      23456.116    1222327.393          0.001
      71230.441      22357.545     940702.730          0.001
      72626.168      22466.838     931606.327          0.001
      73087.182      22502.937    1787758.818          0.001
      73083.439      23591.344     849407.074          0.001
      73252.027      22504.742     931606.327          0.001
      74651.944      22520.064     921811.063          0.002
      73087.182      22502.937    1787758.818          0.001
      72131.473      22856.783     936393.596          0.001
      74816.103      22521.861    1789587.432          0.001
      76209.050      22587.934     902951.307          0.003
      74816.103      22521.861    1789587.432          0.001
      74079.837      23226.345     924696.823          0.000
      77039.025      22627.303    2396693.247          0.002
      76878.827      23597.696    1141017.919          0.002
      76396.382      22863.911     902951.307          0.003
      75088.021      23345.622    3617236.197          0.001
      77039.025      22627.303    2396693.247          0.002
      77880.174      22569.894     885173.225          0.002
      78758.345      22509.958    2323091.750          0.001
      79584.051      23147.984     872457.847          0.001
      78379.841      22937.210     885173.225          0.001
      77793.704      23598.836    4714334.568          0.001
       1659.850      24582.804     880045.753          0.002
       2229.545      25267.597    1305239.921          0.002
        830.802      23586.258    3278499.671          0.000
        142.744      24334.555     869625.092          0.000
       1926.587      23995.311     891590.089          0.002
       2229.545      25267.597    1305239.921          0.002
       2081.216      23728.646     891590.089          0.002
       3117.882      24394.148    3764806.147          0.001
       4233.938      23599.819    1565761.661          0.002
       4151.841      24615.541     907188.722          0.001
       4233.938      23599.819    1565761.661          0.002
       5112.969      24616.551    1083955.754          0.001
       4540.293      23571.059     914261.866          0.002
       5934.164      23440.201     926638.148          0.001
       6841.809      23688.889     926638.148          0.001
       8113.228      24274.972     932973.530          0.001
       6154.572      23502.855     926638.148          0.001
       5198.270      24525.346     916138.413          0.001
       6755.138      23487.018     926638.148          0.001
       8139.962      23690.076    3905311.313          0.000
       9145.865      24452.852     936920.873          0.001
       9234.692      25468.414    1462889.524          0.001
       8945.732      23684.944     936920.873          0.000
       8115.594      24276.063    1434712.866          0.001
      11356.183      23431.936    7388746.569          0.001
      11909.532      24376.159    1123792.376          0.002
      11191.806      23573.157     944305.423          0.001
      10130.247      24485.174    1554620.173          0.001
      12432.684      24147.884     946304.546          0.002
      13212.393      25310.478    2001646.698          0.001
      12539.852      23598.033     946304.546          0.001
      13922.162      23376.179     951276.206          0.001
      12946.300      23983.468     946304.546          0.002
      14255.286      24478.915    1799255.954          0.002
      14672.210      23347.421     951276.206          0.001
      16061.387      23521.167     953140.205          0.001
      16100.908      23526.110    1265675.858          0.001
      16326.704      24275.496    1407167.975          0.001
      15799.931      23681.490     953140.205          0.002
      14555.924      24323.710     950928.086          0.002
      17073.718      23681.029     953331.217          0.001
      17166.720      25077.936     950388.140          0.001
      17193.292      23499.727     953331.217          0.001
      18276.515      24386.648     953283.915          0.001
      17054.058      23385.725    3426615.243          0.000
      16326.704      24275.496    1407167.975          0.001
      17776.284      23457.713     953331.217          0.001
      19169.381      23596.570     954217.387          0.001
      19329.803      23599.527     954217.387          0.001
      20719.974      23433.929     954373.238          0.002
      19270.234      23606.622    1223877.434          0.001
      18415.134      24500.146    1409702.303          0.001
      21063.362      23393.025    1945214.383          0.001
      21473.481      24633.379    1447618.507          0.001
      21063.362      23393.025    1945214.383          0.001
      20207.093      23945.867     952138.665          0.001
      21424.407      23383.455     954373.238          0.002
      22823.916      23346.360     955048.797          0.001
      23184.200      23336.810    2412668.082          0.001
      23122.528      24290.309    2112175.416          0.000
      23199.322      23352.082     955048.797          0.001
      24184.361      24346.918     952217.292          0.001
      22886.458      23562.472     955048.797          0.001
      21770.707      24408.109     951605.614          0.002
      23575.352      23384.038     955048.797          0.001
      24965.257      23551.856     954701.991          0.001
      25356.970      23599.152    1704364.107          0.001
      24499.143      24664.832    1873309.477          0.001
      27841.431      23638.175     953946.973          0.000
      28421.185      24476.237    3937754.293          0.001
      28178.374      23302.890     953946.973          0.001
      29195.751      23358.471    1265111.267          0.002
      27416.047      23414.007     953946.973          0.000
      26343.124      24313.359     952907.556          0.000
      29195.751      23358.471    1265111.267          0.002
      30212.194      23284.897     954367.067          0.000
      29365.490      23516.064     954049.991          0.002
      30391.463      24468.628     953453.735          0.001
      30317.858      23636.816     954367.067          0.000
      30561.497      24626.496    1405879.913          0.001
      30255.288      23283.823     954367.067          0.000
      31274.460      23295.486    3444132.011          0.001
      32026.009      23375.270     955054.819          0.001
      33417.521      23522.990    1555226.273          0.001
      31248.490      23343.969     955054.819          0.001
      30587.436      24578.071     953453.735          0.001
      33417.521      23522.990    1555226.273          0.001
      33432.091      24709.818    1977011.227          0.001
      33417.521      23522.990    1555226.273          0.001
      32484.742      23932.094     954053.771          0.001
      34173.316      24010.156     955800.642          0.001
      33432.091      24709.818    1977011.227          0.001
      34737.761      23642.324     955800.642          0.000
      35445.478      24375.518    1079409.574          0.001
      35371.628      23695.335    2172262.413          0.000
      36306.176      24101.067     953368.309          0.000
      37596.578      23774.103     956203.188          0.002
      37299.120      25142.138     953158.535          0.002
      37633.722      23603.276    1302089.552          0.001
      38695.652      24395.362    1164775.556          0.001
      37633.722      23603.276    1302089.552          0.001
      36779.477      24158.852     953368.309          0.000
      38326.986      23516.236    2054315.326          0.001
      38695.652      24395.362    1164775.556          0.001
      40645.838      23418.628    1704009.131          0.001
      41154.104      24301.802     952642.219          0.000
      40852.614      23451.171     957831.607          0.001
      42235.591      23668.827     956067.899          0.002
      40645.838      23418.628    1704009.131          0.001
      40002.506      24209.618     952347.102          0.001
      42474.030      23895.952     956067.899          0.002
      42698.459      25277.846     951739.848          0.001
      42442.430      23701.380    1723375.544          0.002
      41625.470      24310.256     952642.219          0.000
      44364.428      23401.596     910434.960          0.001
      44705.505      24361.480     952064.778          0.000
      44364.428      23401.596     910434.960          0.001
      45756.295      23546.801     954410.530          0.002
      44364.428      23401.596     910434.960          0.001
      43776.284      24271.975    3817407.785          0.001
      46497.595      23624.136    1668097.040          0.001
      47375.870      24624.579    1621409.068          0.001
      46497.595      23624.136    1668097.040          0.001
      47504.195      23459.903     954181.941          0.001
      46497.595      23624.136    1668097.040          0.001
      45620.995      24144.185     952064.778          0.001
      48841.926      23878.655     954181.941          0.001
      49491.132      24664.692    1785634.149          0.002
      47996.519      23815.165     954181.941          0.001
      47375.870      24624.579    1621409.068          0.001
      50530.913      23390.275    1064235.912          0.001
      51199.551      24158.802     950670.209          0.001
      50453.687      23484.928     953763.751          0.001
      49568.646      24569.686     951746.872          0.002
      53020.615      23513.837     953169.118          0.000
      53642.758      24320.466     909875.868          0.002
      53567.439      23327.787     953169.118          0.001
      54586.131      23314.881     975137.004          0.001
      52739.985      23488.253     953169.118          0.000
      51777.148      24504.592     950670.209          0.000
      54586.131      23314.881     975137.004          0.001
      54708.615      24337.064    2621215.401          0.001
      54586.131      23314.881     975137.004          0.001
      53642.758      24320.466     909875.868          0.002
      57146.046      23498.713     951775.944          0.000
      58545.485      23459.089     950663.495          0.000
      57724.849      23915.551     951775.944          0.001
      58664.877      24308.748    1897639.645          0.001
      55653.022      23955.237     951775.944          0.001
      54708.615      24337.064    2621215.401          0.001
      59717.804      23568.148     950663.495          0.001
      60725.165      23722.860    2097977.174          0.001
      61111.503      23713.263     949572.304          0.001
      62511.071      23678.497     948175.994          0.001
      60725.165      23722.860    2097977.174          0.001
      60795.350      24739.792    1298767.814          0.001
      60725.165      23722.860    2097977.174          0.001
      61707.536      23992.644     946694.932          0.001
      60368.010      23824.425     949572.304          0.001
      59021.400      24207.363     949341.519          0.001
      62897.093      23668.907     888259.141          0.001
      63584.516      23235.475    3518234.168          0.000
      63759.520      24277.640     948927.844          0.001
      63928.200      25282.142    1225033.609          0.001
      63584.516      23235.475    3518234.168          0.000
      62715.162      24269.363    3839773.265          0.000
      64068.180      23666.118     948927.844          0.001
      64828.680      24343.249    1479328.824          0.001
      65987.542      23304.536    1645293.521          0.002
      67000.107      23417.061     943453.515          0.001
      65987.542      23304.536    1645293.521          0.002
      66935.391      24236.019    1763801.128          0.001
      65870.984      23409.009     946738.068          0.002
      64828.680      24343.249    1479328.824          0.001
      68967.620      23476.973     943453.515          0.001
      69985.726      23456.116    1222327.393          0.001
      69985.726      23456.116    1222327.393          0.001
      70048.885      24472.980     934354.818          0.000
      69985.726      23456.116    1222327.393          0.001
      68798.122      24196.026     939573.144          0.002
      71155.601      23394.965     936393.596          0.000
      71984.419      24523.265     927654.662          0.000
      70949.405      23410.852     936393.596          0.000
      70168.888      24573.088     934354.818          0.000
      72077.962      23425.201     936393.596          0.001
      73083.439      23591.344     849407.074          0.001
      73083.439      23591.344     849407.074          0.001
      73885.056      24669.602    1565925.922          0.001
      73083.439      23591.344     849407.074          0.001
      72388.641      24337.070     927654.662          0.000
      75115.846      23375.572     917609.058          0.001
      76068.766      24401.215     908295.567          0.001
      74957.259      23489.538     917609.058          0.001
      74015.798      24525.708     920290.345          0.001
      75088.021      23345.622    3617236.197          0.001
      76468.196      23539.895     903324.761          0.002
      76878.827      23597.696    1141017.919          0.002
      77856.280      24428.476     890559.471          0.002
      76878.827      23597.696    1141017.919          0.002
      76096.409      24430.967    1523908.494          0.001
      77793.704      23598.836    4714334.568          0.001
      78018.125      24566.035    1259664.474          0.002
      78671.155      24204.689     872457.847          0.002
      78018.125      24566.035    1259664.474          0.002
       1555.406      25032.417     869625.092          0.002
       2229.545      25267.597    1305239.921          0.002
       3117.882      24394.148    3764806.147          0.001
       2229.545      25267.597    1305239.921          0.002
       5112.969      24616.551    1083955.754          0.001
       6008.585      25413.813     795604.577          0.001
       5112.969      24616.551    1083955.754          0.001
       4364.843      25308.222     907188.722          0.000
       6125.900      24401.582     923404.679          0.000
       6008.585      25413.813     795604.577          0.001
       7098.229      24325.432     923404.679          0.001
       8115.594      24276.063    1434712.866          0.001
       8115.594      24276.063    1434712.866          0.001
       9073.581      25296.757     936256.507          0.001
       8119.642      24329.638     932973.530          0.001
       8225.130      25725.658     933413.084          0.001
       8115.594      24276.063    1434712.866          0.001
       7119.582      25090.491     925489.967          0.001
      10130.247      24485.174    1554620.173          0.001
      10137.805      25884.712     938942.970          0.001
      10130.247      24485.174    1554620.173          0.001
      11527.143      24399.588     945506.583          0.002
      10130.247      24485.174    1554620.173          0.001
      10965.256      25068.229     942581.853          0.000
      10130.247      24485.174    1554620.173          0.001
       9234.692      25468.414    1462889.524          0.001
      11909.532      24376.159    1123792.376          0.002
      11392.703      25254.350     942581.853          0.000
      12074.965      24494.797     945506.583          0.002
      13212.393      25310.478    2001646.698          0.001
      14255.286      24478.915    1799255.954          0.002
      15304.270      25328.036    1407776.453          0.001
      14594.274      24445.625     950928.086          0.002
      15987.571      24308.800     953316.898          0.002
      14255.286      24478.915    1799255.954          0.002
      13212.393      25310.478    2001646.698          0.001
      16303.214      24299.677     953316.898          0.001
      15327.731      25303.884     949636.287          0.001
      16326.704      24275.496    1407167.975          0.001
      17186.353      25372.828    1769500.414          0.001
      18415.134      24500.146    1409702.303          0.001
      18993.350      25583.770    3308587.791          0.001
      18371.574      24531.082     953283.915          0.001
      17230.147      25341.726     950388.140          0.001
      20454.501      24649.269     952138.665          0.001
      21473.481      24633.379    1447618.507          0.001
      19159.982      24723.679     952138.665          0.000
      20305.208      25528.948     948120.260          0.000
      21473.481      24633.379    1447618.507          0.001
      22270.472      25267.861     948598.217          0.000
      21473.481      24633.379    1447618.507          0.001
      20704.265      25301.670     948120.260          0.000
      21473.481      24633.379    1447618.507          0.001
      22470.344      24425.991     953349.238          0.001
      23516.301      24397.439     953349.238          0.000
      24499.143      24664.832    1873309.477          0.001
      23354.685      24568.061     953349.238          0.000
      24252.315      25641.983   11848319.075          0.000
      23122.528      24290.309    2112175.416          0.000
      22475.901      25431.403    2059820.611          0.000
      24499.143      24664.832    1873309.477          0.001
      24930.870      25755.779     949333.046          0.001
      25148.192      24951.642     952217.292          0.001
      26428.506      25517.404    1228648.541          0.001
      24499.143      24664.832    1873309.477          0.001
      25510.632      24538.619     952907.556          0.001
      27401.959      24467.049     952907.556          0.001
      28421.185      24476.237    3937754.293          0.001
      28925.525      24757.466     952892.129          0.001
      30147.613      25438.923    1698263.579          0.001
      28793.226      24502.356     952892.129          0.001
      30189.789      24600.400     953453.735          0.001
      27682.993      24861.939     952892.129          0.001
      26442.160      25510.270     950907.318          0.001
      30561.497      24626.496    1405879.913          0.001
      30147.613      25438.923    1698263.579          0.001
      30945.025      24805.340     954053.771          0.001
      30147.613      25438.923    1698263.579          0.001
      31916.812      24888.511     954053.771          0.001
      32549.228      25687.221    1513205.738          0.001
      32429.318      24529.973     954053.771          0.001
      33432.091      24709.818    1977011.227          0.001
      33784.484      24651.307     953487.839          0.002
      35165.576      24421.993     953320.690          0.001
      34134.926      25026.636     953487.839          0.002
      35411.247      25601.966     953726.267          0.001
      33432.091      24709.818    1977011.227          0.001
      32549.228      25687.221    1513205.738          0.001
      35445.478      24375.518    1079409.574          0.001
      35529.003      25655.047    2011313.767          0.001
      35445.478      24375.518    1079409.574          0.001
      36458.467      24267.189     953368.309          0.000
      36737.543      24400.450     953368.309          0.000
      37271.789      25267.838    2094561.548          0.001
      36161.340      24856.247     953368.309          0.001
      35529.003      25655.047    2011313.767          0.001
      38695.652      24395.362    1164775.556          0.001
      38551.367      25409.538     952833.298          0.001
      38580.515      24465.913     953315.451          0.001
      37386.793      25197.369     953158.535          0.002
      39740.491      24652.330     952347.102          0.000
      40722.985      24379.443    2364244.808          0.000
      40722.985      24379.443    2364244.808          0.000
      40514.989      25677.946    2935859.745          0.001
      41872.811      24922.266     952642.219          0.001
      42730.178      25473.151    2015233.991          0.001
      41097.537      24842.495     952642.219          0.000
      40514.989      25677.946    2935859.745          0.001
      43783.395      24281.437     953663.656          0.001
      44624.453      25400.643     950497.024          0.001
      43713.011      24344.627     953663.656          0.001
      42793.557      25400.376     951739.848          0.001
      45041.165      24757.551     952064.778          0.000
      46278.701      25412.154     949520.906          0.000
      45719.246      24513.615     952064.778          0.001
      46730.396      24384.800    2286727.134          0.001
      46730.396      24384.800    2286727.134          0.001
      47375.870      24624.579    1621409.068          0.001
      47456.515      24700.312     951534.128          0.001
      48476.797      25658.450    1302393.321          0.001
      48091.845      24638.156     951534.128          0.002
      49491.132      24664.692    1785634.149          0.002
      49491.132      24664.692    1785634.149          0.002
      50509.884      24660.972     950670.209          0.001
      49484.035      24671.645     951746.872          0.002
      48483.994      25651.399     949764.654          0.001
      52911.468      25045.503     950670.209          0.001
      53886.106      25341.749    1599552.015          0.001
      52638.165      24488.611     950670.209          0.001
      53642.758      24320.466     909875.868          0.002
      50433.119      25115.004     950670.209          0.001
      49481.386      25478.424    3002886.149          0.001
      53642.758      24320.466     909875.868          0.002
      53886.106      25341.749    1599552.015          0.001
      54947.627      24360.782     950798.687          0.001
      56340.784      24499.032     949592.951          0.001
      54708.615      24337.064    2621215.401          0.001
      53886.106      25341.749    1599552.015          0.001
      56925.485      24487.231     949592.951          0.001
      58318.172      24344.325     949341.519          0.001
      56579.558      24522.727    1332990.815          0.001
      56822.973      25654.343    1108594.457          0.001
      56579.558      24522.727    1332990.815          0.001
      57457.877      25037.946     947780.810          0.000
      56579.558      24522.727    1332990.815          0.001
      55666.808      24976.371     949466.052          0.001
      58808.255      24448.112     949341.519          0.001
      59812.158      25423.909     945770.460          0.001
      59043.859      24385.425     949341.519          0.001
      60416.055      24663.052     947302.908          0.002
      58664.877      24308.748    1897639.645          0.001
      58017.616      25094.977     947780.810          0.000
      60795.350      24739.792    1298767.814          0.001
      59955.280      25563.025     988538.099          0.001
      60795.350      24739.792    1298767.814          0.001
      61784.875      24497.320     946694.932          0.001
      62651.279      24366.743     946694.932          0.000
      61883.343      25537.330     944037.134          0.000
      63146.180      24629.225     946694.932          0.001
      63928.200      25282.142    1225033.609          0.001
      64841.413      24342.601     945285.694          0.001
      66239.603      24271.434     942804.524          0.002
      64828.680      24343.249    1479328.824          0.001
      63928.200      25282.142    1225033.609          0.001
      66929.055      24311.629     942804.524          0.001
      66812.174      25706.386     968200.008          0.001
      66935.391      24236.019    1763801.128          0.001
      66083.385      24795.531     942337.220          0.001
      66935.391      24236.019    1763801.128          0.001
      67472.018      25102.887     939635.359          0.000
      66935.391      24236.019    1763801.128          0.001
      68058.958      24656.546    1615462.958          0.001
      68058.958      24656.546    1615462.958          0.001
      69077.906      24692.935     934354.818          0.001
      68658.718      24920.817     939573.144          0.002
      69939.140      25485.007    1619285.708          0.001
      68058.958      24656.546    1615462.958          0.001
      67713.205      25492.500    4860637.169          0.000
      70376.331      24717.937     934354.818          0.000
      71775.575      24671.950     927654.662          0.000
      70712.793      24951.811     934354.818          0.001
      71675.944      25284.178    1549518.301          0.001
      72865.826      24665.150     927654.662          0.001
      73885.056      24669.602    1565925.922          0.001
      72086.141      24661.744    4457987.525          0.000
      73238.306      25456.301     919959.675          0.001
      73885.056      24669.602    1565925.922          0.001
      74839.088      25027.205     907237.194          0.001
      74295.143      24625.348     920290.345          0.001
      75687.061      24475.142     908295.567          0.001
      73885.056      24669.602    1565925.922          0.001
      73698.040      25671.203     919959.675          0.000
      76096.409      24430.967    1523908.494          0.001
      77267.784      24992.743     888720.911          0.002
      76096.409      24430.967    1523908.494          0.001
      77392.769      24522.082     890559.471          0.002
      78018.125      24566.035    1259664.474          0.002
      78027.947      25357.307    1567558.337          0.002
      78695.793      25063.520     870411.443          0.002
      78027.947      25357.307    1567558.337          0.002
       1533.295      26264.280     867890.499          0.002
       2207.159      26595.687    1567235.483          0.002
       2229.545      25267.597    1305239.921          0.002
       2207.159      26595.687    1567235.483          0.002
       2229.545      25267.597    1305239.921          0.002
       3297.788      25446.777     907188.722          0.001
       4993.273      25499.461     907188.722          0.001
       6008.585      25413.813     795604.577          0.001
       5032.499      26107.609     907188.722          0.001
       5923.986      26601.192    2331658.359          0.002
       3171.977      26069.245     907188.722          0.001
       2207.159      26595.687    1567235.483          0.002
       6008.585      25413.813     795604.577          0.001
       5923.986      26601.192    2331658.359          0.002
       7256.900      25605.513     925489.967          0.001
       8275.485      26392.058    2607859.480          0.001
       9234.692      25468.414    1462889.524          0.001
      10141.163      26506.350    2183082.186          0.001
       9234.692      25468.414    1462889.524          0.001
       8275.485      26392.058    2607859.480          0.001
      12193.823      25323.301     942581.853          0.001
      13212.393      25310.478    2001646.698          0.001
      11618.621      25809.844     942581.853          0.001
      12125.127      26693.448    1764594.357          0.001
      10885.982      25781.504     942581.853          0.001
      10141.163      26506.350    2183082.186          0.001
      13015.256      25561.231     946920.452          0.001
      12149.987      26661.827     942948.840          0.001
      13849.245      25315.823     946920.452          0.001
      15249.195      25327.573     949636.287          0.001
      15304.270      25328.036    1407776.453          0.001
      15441.012      26346.460     901836.152          0.001
      15304.270      25328.036    1407776.453          0.001
      14405.607      25808.295     943716.353          0.001
      16237.694      25711.717    9115090.587          0.000
      15441.012      26346.460     901836.152          0.001
      17186.353      25372.828    1769500.414          0.001
      17201.633      26469.252    2388809.107          0.001
      17394.494      25397.126     950388.140          0.001
      18785.051      25559.454     948813.472          0.001
      18993.350      25583.770    3308587.791          0.001
      20012.313      25582.740     948120.260          0.000
      18724.883      25716.449     948813.472          0.001
      17469.791      26336.726     948028.987          0.001
      20888.485      26446.325     948120.260          0.001
      21404.379      27324.908    2103585.348          0.001
      19920.455      25963.799     948120.260          0.001
      19135.659      26613.530    1539932.830          0.001
      20676.474      25786.311     948120.260          0.000
      21514.689      26365.221     576043.383          0.002
      21089.979      25317.210    2038865.208          0.001
      21514.689      26365.221     576043.383          0.002
      21089.979      25317.210    2038865.208          0.001
      22105.365      25400.873     948598.217          0.000
      22475.901      25431.403    2059820.611          0.000
      22195.843      26289.716    2097782.934          0.001
      22669.052      25454.300     948598.217          0.000
      24059.318      25619.105     948747.828          0.000
      22245.160      25655.568     948598.217          0.000
      21514.689      26365.221     576043.383          0.002
      24252.315      25641.983   11848319.075          0.000
      24470.810      26601.238    1457864.371          0.001
      23167.399      25983.702     948747.828          0.001
      22195.843      26289.716    2097782.934          0.001
      26428.506      25517.404    1228648.541          0.001
      27409.503      26308.002    1548217.632          0.001
      26428.506      25517.404    1228648.541          0.001
      27446.626      25555.249     951508.266          0.001
      26428.506      25517.404    1228648.541          0.001
      25417.588      26112.223     949333.046          0.001
      29131.784      25512.046     951508.266          0.001
      30147.613      25438.923    1698263.579          0.001
      28769.842      26087.273     951508.266          0.001
      29552.930      26738.561    1464206.395          0.000
      30141.530      25452.217     952493.935          0.001
      29559.011      26725.273     952339.628          0.001
      30147.613      25438.923    1698263.579          0.001
      31410.650      26042.340     952816.466          0.003
      30315.455      25456.275     952493.935          0.001
      31708.032      25600.251     952798.029          0.002
      32549.228      25687.221    1513205.738          0.001
      33421.965      26474.991    3007260.313          0.001
      32549.228      25687.221    1513205.738          0.001
      32213.697      26425.996    2023901.721          0.002
      34410.476      25695.110     952983.089          0.001
      35529.003      25655.047    2011313.767          0.001
      35521.724      25778.851     953726.267          0.001
      35439.548      27176.437     952794.786          0.001
      35717.101      25613.256     953726.267          0.001
      37083.775      25309.610     953158.535          0.002
      35529.003      25655.047    2011313.767          0.001
      36275.227      26553.973    1410684.427          0.001
      37202.217      25357.626     953158.535          0.002
      36344.720      26464.287     953396.773          0.001
      37390.207      25413.148     953158.535          0.002
      38274.626      26498.413     953145.005          0.001
      39653.590      25981.719     952833.298          0.002
      40593.319      26389.504    1883438.607          0.001
      39494.817      25585.034     952833.298          0.001
      40514.989      25677.946    2935859.745          0.001
      40514.989      25677.946    2935859.745          0.001
      41736.776      25524.618    3264315.864          0.001
      41742.622      25534.242     952056.003          0.001
      42469.516      26730.747     950473.353          0.001
      41709.576      25545.192     952056.003          0.001
      40593.319      26389.504    1883438.607          0.001
      42730.178      25473.151    2015233.991          0.001
      43583.632      26029.276     948786.585          0.001
      43134.527      25459.653     951739.848          0.002
      44533.748      25412.944     950497.024          0.001
      42730.178      25473.151    2015233.991          0.001
      42475.460      26740.530    1294868.539          0.001
      44631.251      25409.689    1031335.180          0.001
      44564.543      26425.969     948786.585          0.000
      44631.251      25409.689    1031335.180          0.001
      45647.603      25479.692     949520.906          0.001
      47460.077      25596.790     949520.906          0.001
      48476.797      25658.450    1302393.321          0.001
      46519.975      25539.777    9010214.370          0.000
      45302.587      26230.868     948786.585          0.001
      48476.797      25658.450    1302393.321          0.001
      49481.386      25478.424    3002886.149          0.001
      48125.049      25846.061     949764.654          0.001
      46889.773      26504.918     948437.780          0.001
      49481.386      25478.424    3002886.149          0.001
      48813.202      26247.892     948786.078          0.000
      49845.859      25510.634     950042.960          0.001
      51240.424      25633.876     950379.859          0.001
      52569.709      26116.157     950379.859          0.002
      53838.404      26708.113     949484.610          0.001
      52052.895      25602.439     950379.859          0.001
      53438.951      25405.336     949977.285          0.001
      51605.156      25666.109    1950440.555          0.001
      51505.099      26290.695     876917.124          0.001
      51605.156      25666.109    1950440.555          0.001
      50422.588      26102.124     948990.399          0.001
      53886.106      25341.749    1599552.015          0.001
      53857.840      26717.181    2006453.622          0.001
      55815.507      25494.678     949466.052          0.001
      56822.973      25654.343    1108594.457          0.001
      56822.973      25654.343    1108594.457          0.001
      57481.766      26685.604    1329876.361          0.001
      56735.030      25697.018     948496.331          0.001
      55476.218      26307.872    1497261.829          0.001
      58107.097      26028.909     947780.810          0.001
      58533.251      27361.806   11561872.997          0.000
      57750.544      25703.464     947780.810          0.000
      57481.766      26685.604    1329876.361          0.001
      58716.788      25692.733     947780.810          0.001
      59974.671      26306.727    4742187.594          0.000
      58946.147      25425.259     947780.810          0.001
      59955.280      25563.025     988538.099          0.001
      59955.280      25563.025     988538.099          0.001
      60973.373      25602.020     944037.134          0.001
      62923.312      25450.035     944037.134          0.001
      63928.200      25282.142    1225033.609          0.001
      61554.747      25730.959     944037.134          0.000
      60239.356      26210.277     944279.153          0.000
      61811.746      25742.156     944037.134          0.000
      61737.284      26758.013    1328917.155          0.001
      61819.642      25634.433    4764113.268          0.000
      62582.749      26379.797    2399486.846          0.001
      63797.798      25388.527     943551.534          0.001
      62713.007      26273.529     943090.715          0.001
      63928.200      25282.142    1225033.609          0.001
      63702.877      26276.144     942720.346          0.000
      65015.034      26635.647     942337.220          0.001
      64999.152      27654.322    1448312.320          0.001
      65801.121      25580.773     942337.220          0.001
      66812.174      25706.386     968200.008          0.001
      64849.365      25642.958     942337.220          0.000
      63787.108      26554.883     942720.346          0.000
      65255.119      25712.507     942337.220          0.000
      65967.405      26440.879    1441630.748          0.001
      66812.174      25706.386     968200.008          0.001
      65967.405      26440.879    1441630.748          0.001
      66812.174      25706.386     968200.008          0.001
      67753.876      26400.181    1545230.777          0.001
      68920.070      25488.438     939635.359          0.001
      69939.140      25485.007    1619285.708          0.001
      69939.140      25485.007    1619285.708          0.001
      69434.599      26370.048     935836.701          0.001
      69939.140      25485.007    1619285.708          0.001
      69994.471      26745.525    1301048.774          0.001
      70112.329      25464.981     935107.907          0.001
      71503.063      25304.169     928760.490          0.001
      69492.530      25672.044     935107.907          0.001
      68201.199      26212.845     939037.254          0.001
      71682.466      25315.913     928760.490          0.001
      71964.323      26687.247     927662.126          0.001
      71363.648      25555.591     928760.490          0.001
      70306.950      26473.954     933296.197          0.002
      71675.944      25284.178    1549518.301          0.001
      72666.951      25520.174     919959.675          0.001
      74760.624      26145.330     919959.675          0.001
      75720.937      26486.618    1077000.250          0.001
      74056.381      25696.509     919959.675          0.000
      75435.725      25456.902     907237.194          0.000
      72859.914      26221.801     919959.675          0.001
      71971.018      26719.822    1850401.738          0.001
      75870.501      25470.230     907237.194          0.000
      76712.292      26588.885     898527.527          0.000
      76851.064      25375.541     907237.194          0.001
      78027.947      25357.307    1567558.337          0.002
      78027.947      25357.307    1567558.337          0.002
      78687.634      25749.799     867630.556          0.002
      78027.947      25357.307    1567558.337          0.002
      77813.793      26580.838     880653.897          0.002
      78027.947      25357.307    1567558.337          0.002
      77213.324      26206.839     898527.527          0.001
       1265.041      27323.802     868465.928          0.002
       1991.890      27779.541    4627335.567          0.001
       2207.159      26595.687    1567235.483          0.002
       1991.890      27779.541    4627335.567          0.001
       2819.649      26568.269     891544.017          0.002
       4161.425      26508.205    1249798.902          0.001
       2207.159      26595.687    1567235.483          0.002
       2812.450      27330.924    1595028.077          0.002
       4183.484      26540.552     910063.318          0.001
       4972.243      27697.154    1737027.786          0.001
       4343.201      26517.795     910063.318          0.001
       5741.257      26591.552     922922.839          0.002
       4161.425      26508.205    1249798.902          0.001
       2986.680      27224.664     898607.662          0.002
       5959.290      26635.124     922922.839          0.002
       6968.665      27605.259     928685.679          0.001
       5889.939      26640.398     922922.839          0.002
       4972.243      27697.154    1737027.786          0.001
       6811.881      26522.226     922922.839          0.002
       8206.377      26398.204     933413.084          0.001
       8273.525      26402.944     933413.084          0.001
       8025.507      27780.800     931193.167          0.002
       8295.240      26425.503     933413.084          0.001
       9007.264      27630.916     937011.710          0.001
       8139.685      26525.223     933413.084          0.001
       7140.085      27505.427     928685.679          0.001
      10141.163      26506.350    2183082.186          0.001
      10910.725      27458.925    1296443.098          0.002
      10731.584      26562.030     938942.970          0.001
      12125.127      26693.448    1764594.357          0.001
      10069.401      26580.965     938942.970          0.001
       9098.939      27590.026     937011.710          0.001
      12125.127      26693.448    1764594.357          0.001
      11429.407      27907.636     940620.661          0.001
      12125.127      26693.448    1764594.357          0.001
      13264.055      27457.426    1514421.084          0.001
      12125.127      26693.448    1764594.357          0.001
      10940.978      27439.856     941783.778          0.002
      13194.392      26455.588    8800681.015          0.000
      14491.395      26981.591     945834.165          0.001
      14422.661      26395.926     943716.353          0.001
      15441.012      26346.460     901836.152          0.001
      15805.465      26371.878     945866.563          0.001
      17201.633      26469.252    2388809.107          0.001
      17201.633      26469.252    2388809.107          0.001
      17142.059      27717.923    1614349.778          0.002
      17470.883      26489.338     948028.987          0.001
      18867.003      26593.488     949279.152          0.002
      17771.658      26840.929     948028.987          0.001
      18944.386      27605.592     949453.971          0.001
      17201.633      26469.252    2388809.107          0.001
      16272.606      26886.868     945834.165          0.001
      19601.846      26759.707     949279.152          0.002
      20937.715      27178.581     950765.315          0.001
      19135.659      26613.530    1539932.830          0.001
      18997.548      27640.255    1854148.337          0.001
      21514.689      26365.221     576043.383          0.002
      21404.379      27324.908    2103585.348          0.001
      22289.847      26421.874     948238.468          0.001
      23101.331      27562.704     951008.188          0.001
      22195.843      26289.716    2097782.934          0.001
      21404.379      27324.908    2103585.348          0.001
      22639.787      26350.508     948238.468          0.001
      24026.843      26540.443     950490.760          0.001
      24470.810      26601.238    1457864.371          0.001
      25176.725      27722.285    2290816.049          0.001
      24360.573      26695.759     950490.760          0.001
      23297.765      27607.043     951008.188          0.001
      26317.424      26906.559     949333.046          0.002
      27352.281      27458.412    1941593.516          0.002
      26236.470      26292.098     949333.046          0.002
      27409.503      26308.002    1548217.632          0.001
      28180.769      26462.930     951218.344          0.002
      29552.930      26738.561    1464206.395          0.000
      27409.503      26308.002    1548217.632          0.001
      27352.281      27458.412    1941593.516          0.002
      29552.930      26738.561    1464206.395          0.000
      29441.814      27771.253     966044.040          0.001
      29118.062      26880.810     952339.628          0.001
      27787.441      27316.067     951819.070          0.002
      30263.542      27320.222     952340.648          0.001
      30452.212      28321.868    6324072.837          0.001
      30483.961      27044.015     952340.648          0.000
      31198.844      27770.478    1461125.904          0.001
      31203.322      26560.744     952340.648          0.001
      32213.697      26425.996    2023901.721          0.002
      30002.848      26920.294     952340.648          0.000
      29441.814      27771.253     966044.040          0.001
      32127.840      26539.741     952816.466          0.002
      31284.391      27657.146     951950.597          0.001
      32390.851      26589.008     952816.466          0.002
      33421.065      27536.983     952673.430          0.001
      33421.965      26474.991    3007260.313          0.001
      34377.854      26726.866   12748336.756          0.000
      33421.965      26474.991    3007260.313          0.001
      33598.403      27700.164    2164530.996          0.001
      34537.263      26813.472     952849.062          0.000
      35432.298      27299.740    1611190.390          0.001
      34235.572      26904.533     952849.062          0.000
      33598.403      27700.164    2164530.996          0.001
      36634.823      26569.183     953396.773          0.001
      38033.572      26628.348     953145.005          0.002
      36275.227      26553.973    1410684.427          0.001
      35432.298      27299.740    1611190.390          0.001
      38744.813      26847.684     953145.005          0.002
      39955.815      27550.162     949871.941          0.001
      38797.636      26596.819     953145.005          0.002
      40188.398      26436.253     952474.814          0.002
      38392.900      26643.547    2467674.014          0.001
      38377.420      27805.785    1712229.170          0.001
      38392.900      26643.547    2467674.014          0.001
      37435.034      26991.946     952709.163          0.001
      40593.319      26389.504    1883438.607          0.001
      40308.188      27754.566    2022241.509          0.001
      40593.319      26389.504    1883438.607          0.001
      41437.246      26959.264     948044.857          0.001
      40593.319      26389.504    1883438.607          0.001
      41968.971      26646.068     950473.353          0.001
      42475.460      26740.530    1294868.539          0.001
      43493.500      26700.266     948786.585          0.001
      44155.556      26857.109     948786.585          0.000
      42905.574      27487.619     948044.857          0.000
      45482.683      27079.017     948786.585          0.001
      46411.033      27497.250    1027139.256          0.002
      45505.838      26678.535     948786.585          0.001
      46524.284      26699.858    1188622.408          0.001
      46524.284      26699.858    1188622.408          0.001
      47530.543      26536.287     948786.078          0.001
      46547.062      26718.078     948437.780          0.001
      47640.166      27592.439   12819504.796          0.000
      46524.284      26699.858    1188622.408          0.001
      46411.033      27497.250    1027139.256          0.002
      49013.455      26766.651     948786.078          0.001
      49574.736      27616.929    1254756.006          0.002
      49807.489      26328.913    6583622.691          0.000
      50839.959      26993.738     949050.069          0.001
      50245.297      26319.057     948990.399          0.001
      51505.099      26290.695     876917.124          0.001
      51993.059      26379.149     949996.360          0.002
      53370.609      26628.860     949484.610          0.002
      53857.840      26717.181    2006453.622          0.001
      53749.245      27507.544     981609.201          0.002
      53857.840      26717.181    2006453.622          0.001
      54765.286      27380.597    2100208.434          0.001
      53988.331      26684.178     949484.610          0.001
      55345.595      26340.908     949509.081          0.001
      53857.840      26717.181    2006453.622          0.001
      52905.854      27078.994     949050.069          0.001
      55476.218      26307.872    1497261.829          0.001
      54765.286      27380.597    2100208.434          0.001
      55476.218      26307.872    1497261.829          0.001
      55483.311      27326.973     947267.676          0.000
      55790.736      26367.109     949509.081          0.001
      57166.547      26626.234     946596.795          0.001
      57481.766      26685.604    1329876.361          0.001
      57914.636      27629.182    1106688.615          0.001
      57481.766      26685.604    1329876.361          0.001
      56586.372      27172.840     947267.676          0.001
      60279.105      26885.329     944279.153          0.001
      60753.402      27786.771    1338137.544          0.002
      60750.495      26505.363     944279.153          0.001
      61737.284      26758.013    1328917.155          0.001
      59897.217      26990.713     944279.153          0.001
      59741.510      28365.745    6143842.645          0.001
      59818.271      26421.207     944279.153          0.000
      58688.571      27248.116     945075.396          0.000
      61737.284      26758.013    1328917.155          0.001
      61832.015      28154.659     943681.614          0.001
      61729.158      26766.510     943761.722          0.002
      60761.522      27778.281     945316.729          0.002
      61737.284      26758.013    1328917.155          0.001
      62880.485      27418.452    1772228.023          0.001
      62582.749      26379.797    2399486.846          0.001
      62880.485      27418.452    1772228.023          0.001
      64154.793      27083.999     942720.346          0.001
      64999.152      27654.322    1448312.320          0.001
      66284.997      26648.135     941032.023          0.002
      67457.433      27413.247     938795.558          0.002
      66160.721      26436.475     941032.023          0.002
      67560.358      26404.590     939037.254          0.001
      65919.971      26500.325     941032.023          0.001
      65046.774      27594.641     942699.618          0.001
      67753.876      26400.181    1545230.777          0.001
      68542.128      27045.569     935836.701          0.000
      67753.876      26400.181    1545230.777          0.001
      67775.183      27620.605    1844890.213          0.001
      70004.272      26745.398     933296.197          0.001
      71404.154      26727.194     927662.126          0.001
      69994.471      26745.525    1301048.774          0.001
      70884.527      27241.644     930639.503          0.000
      69994.471      26745.525    1301048.774          0.001
      69093.339      27220.567     935836.701          0.000
      71971.018      26719.822    1850401.738          0.001
      72838.453      27782.053    2199257.972          0.001
      72227.552      26692.695     927662.126          0.001
      73619.789      26545.475     919220.360          0.001
      73801.416      26609.206     919220.360          0.001
      72913.027      27691.225     925154.601          0.001
      73902.315      26536.360     919220.360          0.001
      75058.549      27325.742     912301.419          0.001
      74098.190      26514.558     919220.360          0.001
      75497.983      26490.457     907065.258          0.001
      75834.566      26599.643     907065.258          0.001
      76827.154      27586.947     897154.979          0.001
      75720.937      26486.618    1077000.250          0.001
      75084.898      27343.731    1639771.817          0.001
      75720.937      26486.618    1077000.250          0.001
      76725.211      26659.607     898527.527          0.000
      76771.513      26667.583    3537694.141          0.000
      77813.793      26580.838     880653.897          0.002
      77813.793      26580.838     880653.897          0.002
      78343.557      27235.485     878325.115          0.002
      77763.412      26645.421     888642.913          0.002
      76940.769      27699.957    1653388.208          0.001
      79564.995      26977.896     867630.556          0.001
      78784.524      27780.401    2310961.332          0.001
       1991.890      27779.541    4627335.567          0.001
       1980.499      28788.584     915086.966          0.002
       1991.890      27779.541    4627335.567          0.001
       1246.497      28075.877     867630.834          0.001
       2812.450      27330.924    1595028.077          0.002
       3192.896      28650.901    1407062.870          0.002
       3609.600      27466.095     898607.662          0.003
       4972.243      27697.154    1737027.786          0.001
       4972.243      27697.154    1737027.786          0.001
       5954.564      28142.540     925112.611          0.002
       4972.243      27697.154    1737027.786          0.001
       6371.271      27657.140     928685.679          0.002
       4972.243      27697.154    1737027.786          0.001
       3748.871      28352.893     898754.120          0.003
       7003.820      27639.047    1695929.533          0.001
       7925.686      28335.350    1366892.461          0.001
       8925.223      27944.909     937011.710          0.001
       8446.609      29260.557     928389.956          0.001
       9273.333      27637.753     937011.710          0.001
      10665.057      27485.756     941783.778          0.002
       9092.184      27707.284     937011.710          0.001
      10262.733      28475.278     939081.052          0.001
       9027.183      27664.637    2211893.855          0.001
       7925.686      28335.350    1366892.461          0.001
      10910.725      27458.925    1296443.098          0.002
      10327.812      28517.977    1616070.129          0.001
      13264.055      27457.426    1514421.084          0.001
      14280.297      27387.628     945834.165          0.001
      13264.055      27457.426    1514421.084          0.001
      13257.419      28479.675     934898.480          0.002
      13264.055      27457.426    1514421.084          0.001
      14427.513      28235.119     945730.336          0.002
      13264.055      27457.426    1514421.084          0.001
      12016.355      28092.119     940620.661          0.002
      15271.371      27708.082     945834.165          0.000
      15153.398      28720.324    4305526.875          0.001
      16146.907      27498.995     945834.165          0.001
      17142.059      27717.923    1614349.778          0.002
      17159.526      27964.114     947535.096          0.002
      17258.556      29359.905    2056681.885          0.001
      17599.102      27698.792     947535.096          0.002
      18997.548      27640.255    1854148.337          0.001
      17142.059      27717.923    1614349.778          0.002
      17875.348      28426.452     947009.607          0.000
      18997.548      27640.255    1854148.337          0.001
      19085.664      29036.683     946715.985          0.001
      18997.548      27640.255    1854148.337          0.001
      19836.799      28217.220     947518.226          0.001
      19169.168      27617.769     949453.971          0.001
      20557.304      27435.893     950765.315          0.001
      21406.840      27327.588     950765.315          0.001
      22353.790      28358.746     948857.332          0.001
      21404.379      27324.908    2103585.348          0.001
      20702.565      28063.267     947518.226          0.001
      23195.339      27694.866    1938302.239          0.001
      23110.972      28710.193     947035.761          0.001
      23306.568      27777.120     951008.188          0.001
      24432.220      28609.531     948592.071          0.001
      23195.339      27694.866    1938302.239          0.001
      24594.697      27714.231     951153.389          0.002
      23195.339      27694.866    1938302.239          0.001
      22356.196      28361.366    1093823.916          0.001
      25759.267      27910.338     951153.389          0.002
      27091.568      28340.426     950088.026          0.001
      25176.725      27722.285    2290816.049          0.001
      25418.169      28541.591    3439646.563          0.000
      25963.014      27626.916     951153.389          0.002
      27352.281      27458.412    1941593.516          0.002
      25176.725      27722.285    2290816.049          0.001
      24542.928      28691.399    1159459.434          0.001
      27352.281      27458.412    1941593.516          0.002
      28238.026      27962.408     950931.907          0.001
      27704.273      27511.112     951819.070          0.002
      29088.841      27718.407     951580.633          0.001
      29441.814      27771.253     966044.040          0.001
      30452.212      28321.868    6324072.837          0.001
      31198.844      27770.478    1461125.904          0.001
      31277.937      28776.675    3232799.564          0.001
      31360.468      27765.742     951950.597          0.001
      32759.867      27724.736     952673.430          0.001
      31198.844      27770.478    1461125.904          0.001
      32160.686      28106.186     953138.715          0.001
      34065.120      27598.258     952673.430          0.001
      35432.298      27299.740    1611190.390          0.001
      33598.403      27700.164    2164530.996          0.001
      34358.198      28610.523    1962504.264          0.001
      35432.298      27299.740    1611190.390          0.001
      34545.397      28382.074     953882.719          0.001
      35467.276      27341.925     952794.786          0.001
      36360.879      28419.642     953575.987          0.001
      37376.498      27612.704     952709.163          0.001
      38377.420      27805.785    1712229.170          0.001
      38643.319      27798.731     951184.707          0.001
      40042.827      27761.605     949871.941          0.001
      38377.420      27805.785    1712229.170          0.001
      38564.792      28665.307    1848773.612          0.001
      37724.401      28021.939     951184.707          0.002
      36395.773      28461.725    1918550.506          0.001
      40308.188      27754.566    2022241.509          0.001
      40494.022      28755.839     950139.015          0.001
      40308.188      27754.566    2022241.509          0.001
      41514.294      28464.065     949300.020          0.001
      40308.188      27754.566    2022241.509          0.001
      41325.974      27722.729     948044.857          0.001
      43529.006      28157.034     948044.857          0.001
      44798.487      28746.138    6118347.012          0.000
      43695.002      27664.014     948044.857          0.001
      44713.941      27645.408     778121.329          0.001
      42346.183      27831.482     948044.857          0.000
      41578.952      28502.101     982289.500          0.001
      45016.880      27618.961     947653.171          0.001
      46411.033      27497.250    1027139.256          0.002
      44713.941      27645.408     778121.329          0.001
      44792.009      28661.800     948784.695          0.000
      46411.033      27497.250    1027139.256          0.002
      45605.651      28121.004     948784.695          0.001
      46411.033      27497.250    1027139.256          0.002
      46642.374      28435.117     966884.280          0.002
      48003.846      27782.428     949043.613          0.001
      49244.725      28430.671     951023.629          0.002
      47640.166      27592.439   12819504.796          0.000
      46642.374      28435.117     966884.280          0.002
      48128.952      27598.627     949043.613          0.001
      49528.840      27616.348     949322.282          0.002
      49574.736      27616.929    1254756.006          0.002
      50850.245      28193.113     950497.158          0.001
      49574.736      27616.929    1254756.006          0.002
      50592.519      27580.440     949050.069          0.001
      49574.736      27616.929    1254756.006          0.002
      49608.897      28620.917    2307382.428          0.002
      52731.092      27524.132     949050.069          0.001
      53749.245      27507.544     981609.201          0.002
      53749.245      27507.544     981609.201          0.002
      52487.883      28112.957     950497.158          0.002
      53749.245      27507.544     981609.201          0.002
      53847.285      28688.160    1819405.924          0.001
      54651.219      27543.069     948184.518          0.001
      53847.285      28688.160    1819405.924          0.001
      56896.784      27688.795     947267.676          0.001
      57914.636      27629.182    1106688.615          0.001
      54736.126      28191.029     947267.676          0.001
      53847.285      28688.160    1819405.924          0.001
      57914.636      27629.182    1106688.615          0.001
      57688.411      28622.846     946195.245          0.000
      57081.173      28017.745     945442.023          0.002
      55812.738      28609.093    3943025.358          0.000
      58479.325      27445.802     945075.396          0.000
      57722.975      28623.908     946195.245          0.000
      60740.208      27817.507     945316.729          0.002
      60187.945      29103.977     944520.538          0.002
      60753.402      27786.771    1338137.544          0.002
      61793.576      28723.460     943681.614          0.001
      63225.291      27649.207     944173.574          0.001
      64388.782      28427.852     942007.134          0.002
      62880.485      27418.452    1772228.023          0.001
      62907.881      28436.915     943084.977          0.000
      63244.077      27458.930     944173.574          0.001
      64635.481      27613.834     942699.618          0.001
      62871.346      27430.992     944173.574          0.001
      62046.801      28562.419     943681.614          0.001
      64999.152      27654.322    1448312.320          0.001
      65838.038      27469.033    2700777.316          0.001
      64999.152      27654.322    1448312.320          0.001
      64733.623      28658.631    1382426.633          0.001
      65838.038      27469.033    2700777.316          0.001
      66649.249      28351.152    3026071.302          0.000
      66108.909      27490.227     941503.240          0.001
      67504.643      27599.437     938795.558          0.002
      67775.183      27620.605    1844890.213          0.001
      67362.365      28551.691     937096.366          0.001
      67879.891      27712.875     938795.558          0.002
      68929.778      28638.045    1469676.352          0.001
      67775.183      27620.605    1844890.213          0.001
      68760.550      27362.222     935836.701          0.000
      68897.340      27620.439     935836.701          0.000
      68929.778      28638.045    1469676.352          0.001
      68888.043      27328.790    2718131.600          0.000
      69853.208      27376.670    2471110.550          0.001
      69931.255      27501.632     933858.196          0.001
      70672.883      28689.061     931119.447          0.001
      69756.425      27508.872     933858.196          0.001
      68929.778      28638.045    1469676.352          0.001
      71848.634      27539.472     930639.503          0.001
      72838.453      27782.053    2199257.972          0.001
      72838.453      27782.053    2199257.972          0.001
      73012.465      28803.459    2204159.831          0.001
      73274.593      27696.954     925154.601          0.002
      74648.681      27428.845     912301.419          0.002
      72422.356      27987.775     925154.601          0.002
      71167.364      28608.255     931119.447          0.001
      75325.072      27389.831     912301.419          0.002
      76699.973      27653.738     897154.979          0.001
      75084.898      27343.731    1639771.817          0.001
      74476.098      28160.914     917468.508          0.001
      76940.769      27699.957    1653388.208          0.001
      77795.408      27737.245     878325.115          0.002
      76695.988      27789.483     897154.979          0.001
      75381.167      28270.363     911826.576          0.001
      76940.769      27699.957    1653388.208          0.001
      77189.962      28761.270    1472570.605          0.002
      78784.524      27780.401    2310961.332          0.001
      79003.028      28393.133    1533546.076          0.001
      77930.683      28305.627     878325.115          0.002
      77189.962      28761.270    1472570.605          0.002
      79718.346      27788.924     868315.296          0.000
      79003.028      28393.133    1533546.076          0.001
       1980.499      28788.584     915086.966          0.002
       1455.140      29498.811     868276.040          0.002
       1980.499      28788.584     915086.966          0.002
       2037.673      29838.048     796789.666          0.002
       1980.499      28788.584     915086.966          0.002
       1330.604      29052.169     864310.631          0.002
       1980.499      28788.584     915086.966          0.002
       3192.896      28650.901    1407062.870          0.002
       1980.499      28788.584     915086.966          0.002
       2818.396      29563.941     892378.921          0.000
       3192.896      28650.901    1407062.870          0.002
       3020.378      29672.015     892378.921          0.000
       3192.896      28650.901    1407062.870          0.002
       4228.184      28687.516     911450.934          0.001
       5625.107      28669.947     911450.934          0.001
       6966.013      28601.133    5779547.677          0.000
       4852.508      28709.597    5155676.603          0.000
       3630.743      29392.560     892378.921          0.001
       6232.807      28922.051     925112.611          0.001
       5244.773      29354.506     963399.953          0.001
       7453.102      28933.277     925112.611          0.001
       8344.536      29541.142    2347340.004          0.001
       7925.686      28335.350    1366892.461          0.001
       8344.536      29541.142    2347340.004          0.001
      10327.812      28517.977    1616070.129          0.001
      10905.264      29558.827    8299454.922          0.000
      10327.812      28517.977    1616070.129          0.001
      10185.211      29605.695    1085939.168          0.001
       9958.474      28708.517     939081.052          0.002
       8714.288      29350.388     928389.956          0.001
      11430.397      28738.610     940620.661          0.001
      12738.685      29236.991     942977.354          0.001
      11832.326      28550.164     940620.661          0.002
      13230.617      28481.001     944630.665          0.002
      13257.419      28479.675     934898.480          0.002
      14645.993      28655.921     945730.336          0.002
      14806.253      28834.517     945730.336          0.001
      13476.358      29271.985     942977.354          0.001
      16055.367      28674.212     946134.300          0.001
      15234.582      29808.370     945588.809          0.002
      16073.577      28649.049    7804352.882          0.001
      17258.556      29359.905    2056681.885          0.001
      18313.344      28815.494     947009.607          0.000
      19111.728      29449.738    6040267.920          0.001
      21340.340      28436.902     947518.226          0.001
      22356.196      28361.366    1093823.916          0.001
      20364.602      28624.142     947518.226          0.000
      21029.051      29396.837    1100958.047          0.001
      19905.752      28810.929     947518.226          0.000
      19111.728      29449.738    6040267.920          0.001
      22356.196      28361.366    1093823.916          0.001
      21252.700      29222.341     946559.970          0.001
      22356.196      28361.366    1093823.916          0.001
      22921.877      29208.693     947035.761          0.000
      24542.928      28691.399    1159459.434          0.001
      25429.424      29695.923    1939408.313          0.001
      24542.928      28691.399    1159459.434          0.001
      23624.294      29131.691     947035.761          0.001
      25419.486      28676.679     949267.501          0.000
      25429.424      29695.923    1939408.313          0.001
      26235.185      29056.274     949267.501          0.001
      27097.628      29599.575    5379179.742          0.000
      26112.422      28464.238     949267.501          0.001
      27125.459      28351.366    3155189.929          0.001
      27125.459      28351.366    3155189.929          0.001
      28142.723      28414.827     950931.907          0.001
      27991.158      29109.210     950931.907          0.001
      27097.628      29599.575    5379179.742          0.000
      30475.281      28349.219     951709.420          0.001
      31377.897      29419.398     953292.733          0.002
      30391.567      28383.749     951709.420          0.001
      29411.658      29383.638     951446.506          0.001
      31277.937      28776.675    3232799.564          0.001
      32289.693      28657.213     953138.715          0.001
      32324.543      29016.902     953138.715          0.001
      31400.774      29446.521    2468945.814          0.001
      33376.483      28553.871     953138.715          0.000
      33520.634      29562.568    2070316.772          0.001
      34378.644      28624.144     953882.719          0.001
      35543.595      29400.190    1349626.536          0.001
      35000.204      28563.640     953882.719          0.001
      36395.773      28461.725    1918550.506          0.001
      34358.198      28610.523    1962504.264          0.001
      33520.634      29562.568    2070316.772          0.001
      36395.773      28461.725    1918550.506          0.001
      37184.464      29617.951     951452.156          0.001
      36395.773      28461.725    1918550.506          0.001
      36326.933      29478.013     952165.718          0.000
      36395.773      28461.725    1918550.506          0.001
      35543.595      29400.190    1349626.536          0.001
      36470.460      28468.735     953575.987          0.001
      37864.334      28599.563     952183.217          0.002
      38564.792      28665.307    1848773.612          0.001
      38569.601      29684.208     947400.980          0.001
      38564.792      28665.307    1848773.612          0.001
      39654.275      29543.823     950519.723          0.001
      38456.330      28762.417     952183.217          0.001
      37413.307      29696.281     951452.156          0.001
      39641.901      28589.980     950586.741          0.000
      39731.005      29605.696     866056.288          0.001
      39627.879      28430.146    7546246.502          0.000
      40533.169      29496.988     950139.015          0.000
      41607.469      28549.301     949300.020          0.001
      42331.430      29747.583     950194.589          0.001
      41578.952      28502.101     982289.500          0.001
      40940.143      29296.127     950139.015          0.000
      43110.979      28981.860     949087.026          0.002
      44358.684      29616.588    1792917.964          0.001
      42325.343      28582.195    2348980.639          0.001
      43342.482      28649.620     948784.695          0.001
      42325.343      28582.195    2348980.639          0.001
      42359.901      29794.707    1421399.866          0.001
      45637.949      28604.540     948784.695          0.001
      46642.374      28435.117     966884.280          0.002
      45579.883      29200.453     948784.695          0.001
      46460.495      29712.453    1640339.474          0.002
      46642.374      28435.117     966884.280          0.002
      46460.495      29712.453    1640339.474          0.002
      47853.863      28759.105     950223.877          0.001
      49249.544      28649.212     951023.629          0.002
      49636.266      28654.338     951023.629          0.002
      50523.289      29737.477     950002.176          0.001
      49326.290      28789.606     951023.629          0.002
      48124.160      29507.160     950890.164          0.002
      49908.771      28608.080     951023.629          0.002
      51307.490      28548.203     950497.158          0.001
      51607.849      28535.345    3286642.876          0.001
      51697.627      29550.734     949662.205          0.001
      51759.480      28662.700     950497.158          0.001
      52830.584      29562.324    1095632.242          0.001
      51534.212      28621.408     950497.158          0.001
      50624.034      29685.163     950002.176          0.001
      52451.683      28592.926     950497.158          0.001
      53847.285      28688.160    1819405.924          0.001
      53847.285      28688.160    1819405.924          0.001
      55044.212      29414.102     947790.851          0.002
      53847.285      28688.160    1819405.924          0.001
      55245.598      28631.908     947724.961          0.001
      53847.285      28688.160    1819405.924          0.001
      52830.584      29562.324    1095632.242          0.001
      55813.745      28609.562     947724.961          0.000
      57082.919      29200.492     946407.035          0.001
      55812.738      28609.093    3943025.358          0.000
      56829.888      28663.240     946195.245          0.001
      58375.783      28591.229     946195.245          0.001
      59741.510      28365.745    6143842.645          0.001
      59000.966      29285.587     946195.245          0.001
      59935.908      29691.086    2695904.012          0.001
      61541.382      28951.330     943681.614          0.001
      60269.868      29537.207     944520.538          0.002
      62933.854      28990.981     943084.977          0.000
      63025.078      30387.408    6839107.647          0.000
      62620.618      28902.427     943084.977          0.000
      61777.035      29474.069     905450.844          0.001
      63715.239      28683.431     943084.977          0.001
      64733.623      28658.631    1382426.633          0.001
      64733.623      28658.631    1382426.633          0.001
      65741.765      29472.385    1382184.834          0.001
      64733.623      28658.631    1382426.633          0.001
      63976.487      29364.342    1022544.461          0.001
      66649.249      28351.152    3026071.302          0.000
      66895.277      29395.039     937096.366          0.000
      66635.604      28368.011     940159.591          0.000
      65754.832      29456.240     939121.771          0.001
      68929.778      28638.045    1469676.352          0.001
      70210.680      29201.701     929487.657          0.002
      68929.778      28638.045    1469676.352          0.001
      70322.701      28772.710     931119.447          0.001
      68929.778      28638.045    1469676.352          0.001
      68000.324      29053.155     937096.366          0.001
      71055.780      28927.383     931119.447          0.001
      72368.093      29415.067     922578.246          0.002
      71181.558      28812.087     931119.447          0.001
      72581.543      28805.490     922263.227          0.001
      73460.711      29643.944     917468.508          0.001
      72913.430      30503.353    1501905.836          0.001
      73569.150      29043.300     917468.508          0.000
      72672.901      29528.340    1079790.923          0.001
      75136.704      28359.772    3495754.443          0.001
      75891.500      29538.417     902817.897          0.001
      75132.777      28374.079     911826.576          0.001
      74762.251      29724.157     911840.116          0.001
      75136.704      28359.772    3495754.443          0.001
      76503.641      28627.065     894231.706          0.003
      77189.962      28761.270    1472570.605          0.002
      78045.642      28587.527     875896.971          0.002
      77083.971      28856.411     894231.706          0.002
      76049.438      29785.042    1693643.348          0.001
      79003.028      28393.133    1533546.076          0.001
      79668.084      29192.760     865222.102          0.001
      78543.322      28921.442     875896.971          0.002
      77915.172      29643.334    3084675.865          0.001
        106.518      29692.462     864310.631          0.000
        816.074      30362.759    3175404.348          0.000
       2037.673      29838.048     796789.666          0.002
       3008.860      29740.190    3255672.976          0.000
       2041.597      29883.953     882535.758          0.002
       2160.849      31278.864     882269.626          0.002
       2037.673      29838.048     796789.666          0.002
       2949.763      30416.143     624445.992          0.001
       4240.898      29527.670     892378.921          0.001
       5244.773      29354.506     963399.953          0.001
       3283.067      29857.672     892378.921          0.000
       4569.929      30409.020     905780.268          0.000
       5244.773      29354.506     963399.953          0.001
       4914.012      30318.269     905780.268          0.000
       5540.983      29578.373     911434.020          0.001
       6657.883      30422.490     918375.843          0.001
       5244.773      29354.506     963399.953          0.001
       6237.249      29584.002     920653.022          0.001
       8344.536      29541.142    2347340.004          0.001
       8813.851      30445.669     925389.405          0.000
       8082.095      29749.720     928389.956          0.001
       6986.085      30620.790     918375.843          0.001
       8565.491      29548.891     928389.956          0.001
       9964.631      29597.959     934617.613          0.001
      10185.211      29605.695    1085939.168          0.001
      10133.260      30623.650     928835.326          0.001
      10185.211      29605.695    1085939.168          0.001
      10921.306      30310.399     933263.832          0.000
      10185.211      29605.695    1085939.168          0.001
       9480.759      30342.049     925389.405          0.001
      11319.926      29526.609     936813.588          0.001
      12715.719      29418.158     942977.354          0.001
      13242.446      29509.000     942977.354          0.001
      14187.902      30541.527     941196.413          0.001
      13488.592      29462.891     942977.354          0.001
      14857.497      29756.317     945588.809          0.002
      13129.804      29385.984    3726243.165          0.001
      12205.305      29814.350     933263.832          0.001
      15216.554      29833.281    2001090.823          0.002
      14300.499      30664.493    1427782.594          0.001
      15895.327      29675.928     945588.809          0.002
      17258.556      29359.905    2056681.885          0.001
      15216.554      29833.281    2001090.823          0.002
      15986.085      30788.945    2315160.962          0.002
      17190.680      29436.133     947013.605          0.001
      16259.666      30481.701     944417.452          0.002
      17258.556      29359.905    2056681.885          0.001
      17962.313      30569.931     946991.928          0.002
      17258.556      29359.905    2056681.885          0.001
      18656.332      29427.662     946715.985          0.001
      19223.775      30221.132     946715.985          0.002
      19425.017      31606.593     943533.019          0.001
      19235.801      29545.478     946715.985          0.001
      20343.827      30400.480    1375197.447          0.001
      20270.178      29400.037    8025501.457          0.000
      20343.827      30400.480    1375197.447          0.001
      21029.051      29396.837    1100958.047          0.001
      21118.167      30412.383     947632.986          0.000
      21029.051      29396.837    1100958.047          0.001
      22048.277      29401.153     947035.761          0.001
      21029.051      29396.837    1100958.047          0.001
      20343.827      30400.480    1375197.447          0.001
      23054.283      29635.575     947035.761          0.000
      23059.053      30654.270    1671598.419          0.001
      24417.975      29572.264     947035.761          0.001
      25429.424      29695.923    1939408.313          0.001
      22664.442      29694.734     947035.761          0.000
      21541.335      30530.575     947632.986          0.000
      25564.573      29688.118     948682.387          0.002
      26962.244      29607.394     949490.009          0.001
      25429.424      29695.923    1939408.313          0.001
      25257.256      30762.753    1010939.734          0.002
      24559.077      30047.807     948682.387          0.002
      23261.144      30572.564     947094.998          0.001
      27534.447      29569.682     949490.009          0.001
      28931.180      29474.101     951446.506          0.001
      27097.628      29599.575    5379179.742          0.000
      26375.571      30611.403    4727750.361          0.001
      29351.169      29445.360    1946033.723          0.001
      30191.847      30534.561    2214444.965          0.001
      29351.169      29445.360    1946033.723          0.001
      28499.874      30005.284     947287.933          0.001
      29351.169      29445.360    1946033.723          0.001
      29482.930      30519.329     593761.862          0.002
      29676.085      29445.544     951446.506          0.001
      31076.085      29446.337     953292.733          0.002
      31400.607      29459.847     953292.733          0.001
      31383.051      30859.737     945704.985          0.002
      31487.784      29534.067     953292.733          0.002
      32474.694      30527.046     950496.839          0.001
      31400.774      29446.521    2468945.814          0.001
      30360.360      30382.899     949861.187          0.001
      31761.530      29466.270     953292.733          0.002
      33159.437      29542.795     954053.018          0.001
      33927.094      29765.275     954053.018          0.001
      35179.937      30390.084     949565.676          0.001
      33834.629      29537.365     954053.018          0.001
      35230.140      29425.350     953917.043          0.001
      33512.727      29571.247     954053.018          0.001
      32569.875      30606.153     950496.839          0.001
      35543.595      29400.190    1349626.536          0.001
      35585.804      30592.495    2101896.693          0.001
      36834.133      30198.298     952165.718          0.001
      37640.212      30821.876     928222.024          0.001
      36266.206      29833.785     952165.718          0.000
      35585.804      30592.495    2101896.693          0.001
      37304.405      29793.785    1300354.208          0.001
      37640.212      30821.876     928222.024          0.001
      37304.405      29793.785    1300354.208          0.001
      38110.030      30417.854     947400.980          0.001
      39731.005      29605.696     866056.288          0.001
      39448.160      30857.652    2618706.256          0.001
      39731.005      29605.696     866056.288          0.001
      39015.094      30331.461     947400.980          0.001
      40880.354      29944.034     950139.015          0.000
      41486.722      30762.507    1164844.324          0.001
      41344.828      29705.610     950139.015          0.001
      42359.901      29794.707    1421399.866          0.001
      40168.025      30137.037     950139.015          0.001
      39448.160      30857.652    2618706.256          0.001
      42662.433      29767.747     950194.589          0.001
      44056.906      29643.480     950282.375          0.001
      42359.901      29794.707    1421399.866          0.001
      41486.722      30762.507    1164844.324          0.001
      44358.684      29616.588    1792917.964          0.001
      43483.835      30138.919     948870.973          0.001
      44358.684      29616.588    1792917.964          0.001
      44559.016      30823.610    2228092.609          0.000
      45007.643      29646.187     950282.375          0.001
      46406.189      29709.976     950739.518          0.002
      46460.495      29712.453    1640339.474          0.002
      46712.022      30411.679    1127288.698          0.003
      46460.495      29712.453    1640339.474          0.002
      47842.004      29675.581    4656794.257          0.001
      46114.192      29914.820     950739.518          0.002
      44905.444      30621.169     949781.840          0.001
      48137.799      29800.180     950890.164          0.002
      49428.005      30343.659     950707.830          0.002
      48139.429      29642.558     950890.164          0.002
      49530.878      29488.065     950874.105          0.001
      47842.004      29675.581    4656794.257          0.001
      46712.022      30411.679    1127288.698          0.003
      49828.778      29454.990    3367646.446          0.001
      49723.342      30468.065    2433470.112          0.001
      52846.635      29583.525     949496.665          0.001
      53691.689      30699.717     950448.562          0.001
      52830.584      29562.324    1095632.242          0.001
      52026.471      30186.742     949662.205          0.000
      54602.440      29764.286     948762.133          0.001
      55622.067      29764.574    1993922.120          0.001
      55622.067      29764.574    1993922.120          0.001
      55893.888      30577.255    1473171.688          0.002
      55646.878      29760.334     947790.851          0.001
      57026.865      29524.462     946407.035          0.001
      54959.712      30095.469     947790.851          0.002
      53707.742      30720.920    1829137.709          0.001
      55622.067      29764.574    1993922.120          0.001
      56938.835      30238.823     946997.729          0.002
      57576.835      29430.460    1691115.921          0.001
      58272.053      30175.946     945917.000          0.001
      57576.835      29430.460    1691115.921          0.001
      57480.722      30433.990    1528183.780          0.001
      57728.779      29447.246     946407.035          0.001
      59120.312      29600.980     944520.538          0.002
      60161.389      29664.508     944520.538          0.002
      61551.763      29500.622     943042.639          0.002
      60408.374      29934.553     944520.538          0.002
      61652.506      30575.670    1490939.991          0.001
      59935.908      29691.086    2695904.012          0.001
      59635.865      30464.743    1201015.685          0.001
      59935.908      29691.086    2695904.012          0.001
      59131.131      30316.787     945917.000          0.001
      61777.035      29474.069     905450.844          0.001
      62599.693      30076.104     940995.131          0.001
      61777.035      29474.069     905450.844          0.001
      61652.506      30575.670    1490939.991          0.001
      64344.518      29386.867     940898.335          0.002
      65741.765      29472.385    1382184.834          0.001
      63976.487      29364.342    1022544.461          0.001
      64567.361      30194.002     937778.603          0.001
      63976.487      29364.342    1022544.461          0.001
      63282.376      30110.731     940995.131          0.000
      65741.765      29472.385    1382184.834          0.001
      66744.786      30448.007     934756.603          0.001
      65741.765      29472.385    1382184.834          0.001
      66758.753      29523.721     937096.366          0.000
      65741.765      29472.385    1382184.834          0.001
      65222.444      30348.132     937778.603          0.001
      67504.602      29608.422     937096.366          0.001
      68891.442      29791.520    5323927.050          0.000
      69761.567      29630.648     932956.448          0.001
      70764.203      29445.277    1440046.700          0.001
      67947.353      30271.130     932956.448          0.001
      67037.921      30733.133    1581505.480          0.001
      70220.893      29738.604     929487.657          0.002
      68989.148      30403.610    1144708.764          0.001
      70764.203      29445.277    1440046.700          0.001
      70999.988      30436.248     925744.318          0.000
      71019.026      29456.366     929487.657          0.002
      72417.702      29517.234     922578.246          0.002
      72672.901      29528.340    1079790.923          0.001
      72913.430      30503.353    1501905.836          0.001
      72672.901      29528.340    1079790.923          0.001
      71786.376      30030.205     925744.318          0.001
      74758.316      29738.496    1383623.875          0.001
      74945.298      30713.283    2172613.804          0.001
      74758.316      29738.496    1383623.875          0.001
      76049.438      29785.042    1693643.348          0.001
      74222.281      29960.727     911840.116          0.002
      72929.018      30496.891     918528.292          0.001
      76049.438      29785.042    1693643.348          0.001
      77278.816      30335.256     882586.473          0.003
      76033.153      29798.733     902817.897          0.001
      74961.531      30699.636     905935.848          0.001
      76049.438      29785.042    1693643.348          0.001
      77324.071      29688.230     885528.945          0.002
      77915.172      29643.334    3084675.865          0.001
      78622.254      29971.946     861555.362          0.002
      77915.172      29643.334    3084675.865          0.001
      77817.658      30576.418    1109294.841          0.002
       1591.685      31099.812     868276.040          0.002
       2194.516      31672.674    1203319.066          0.002
        816.074      30362.759    3175404.348          0.000
        193.550      31331.470     859873.500          0.000
       2949.763      30416.143     624445.992          0.001
       2883.403      31433.268     889139.796          0.000
       2949.763      30416.143     624445.992          0.001
       3967.307      30475.146     905780.268          0.001
       2949.763      30416.143     624445.992          0.001
       2262.699      31559.236     882269.626          0.002
       5936.477      30588.271     905780.268          0.001
       6954.002      30646.288    1511817.971          0.001
       4488.363      30701.159     905780.268          0.000
       3233.425      31321.748     889139.796          0.000
       6954.002      30646.288    1511817.971          0.001
       7968.793      30737.039     925389.405          0.001
       6687.090      30762.397     918375.843          0.001
       5403.298      31320.856     907997.557          0.001
       6954.002      30646.288    1511817.971          0.001
       7159.546      31379.917    1875358.205          0.002
       9013.502      30830.465    3684501.311          0.000
      10083.503      31598.614    5375084.618          0.000
       8136.398      31090.410     925389.405          0.001
       7159.546      31379.917    1875358.205          0.002
      11466.024      30862.925     933263.832          0.001
      12178.276      31591.331    1203831.010          0.001
      11368.185      30434.058     933263.832          0.000
      12752.463      30643.277     937862.622          0.000
      10954.280      30426.352     933263.832          0.000
      10119.455      31550.214     928835.326          0.000
      13216.115      31564.407     937862.622          0.001
      13327.906      32667.952    4641082.111          0.001
      14332.450      30705.443     941196.413          0.001
      15193.669      31809.210     940921.810          0.001
      14300.499      30664.493    1427782.594          0.001
      14317.458      31419.046    6887097.731          0.001
      14445.439      30675.194     941196.413          0.001
      15841.639      30778.280     944417.452          0.002
      16140.160      31015.166     944417.452          0.002
      16928.248      32172.282     940631.070          0.001
      16294.190      30764.909     944417.452          0.002
      17689.949      30656.021     946991.928          0.002
      16043.475      30814.353     944417.452          0.002
      17323.562      31381.100     639530.801          0.003
      18163.906      30757.936     946991.928          0.002
      19277.936      31605.839     943533.019          0.001
      17998.389      30631.959    2778298.946          0.002
      18111.670      31644.842     939810.651          0.001
      20343.827      30400.480    1375197.447          0.001
      21232.283      31419.756    1433769.883          0.001
      20285.845      30486.176     947762.851          0.001
      19501.301      31645.698     943533.019          0.001
      22043.919      30742.017     947632.986          0.001
      23059.053      30654.270    1671598.419          0.001
      23458.954      30674.005     947094.998          0.001
      24857.252      30743.013     946533.119          0.002
      22791.496      30766.387     947094.998          0.001
      21500.278      31307.456     945127.612          0.001
      23059.053      30654.270    1671598.419          0.001
      22712.282      31611.966     941230.537          0.001
      25257.256      30762.753    1010939.734          0.002
      24323.888      31172.106     943893.948          0.001
      25257.256      30762.753    1010939.734          0.002
      25329.214      31640.709    3134639.337          0.000
      26517.973      30790.609     947176.044          0.001
      27388.625      31886.291    1274032.475          0.001
      26375.571      30611.403    4727750.361          0.001
      25648.741      31326.389     943238.534          0.000
      28466.968      30598.100     947287.933          0.001
      29482.930      30519.329     593761.862          0.002
      27845.027      30877.440     947287.933          0.000
      29066.523      31561.507     943653.648          0.000
      27467.324      30870.573     947287.933          0.000
      27388.625      31886.291    1274032.475          0.001
      29482.930      30519.329     593761.862          0.002
      29440.098      31537.198     943653.648          0.000
      30271.121      30608.598     949861.187          0.001
      31294.292      31564.171     945704.985          0.002
      32561.956      30614.845    1256659.083          0.001
      32628.423      31495.444    3657051.839          0.001
      32498.355      30669.588     950496.839          0.001
      31437.273      31582.880     945704.985          0.002
      33463.558      30848.061     950607.235          0.000
      34358.240      31756.305    3908524.360          0.000
      34566.960      30582.933     950607.235          0.001
      35585.804      30592.495    2101896.693          0.001
      36014.819      30832.799     949565.676          0.001
      37236.260      31516.964     946319.219          0.001
      35916.926      30629.465     949565.676          0.001
      37308.280      30784.815     947634.340          0.001
      35585.804      30592.495    2101896.693          0.001
      34734.742      31399.357     945544.368          0.001
      37640.212      30821.876     928222.024          0.001
      37665.385      31757.331    2084806.223          0.001
      38358.720      31010.550     947400.980          0.000
      37665.385      31757.331    2084806.223          0.001
      38866.660      30957.997     947400.980          0.000
      39733.844      31493.173    1556637.736          0.001
      39768.147      30842.718     947145.473          0.001
      41166.624      30777.447     947957.861          0.001
      41256.077      30858.649     947957.861          0.001
      39963.847      31397.299     946921.281          0.001
      41486.722      30762.507    1164844.324          0.001
      42494.741      30615.318     948870.973          0.000
      42632.201      31470.747     948870.973          0.001
      42501.330      32480.923    1567556.577          0.001
      42974.805      30970.129     948870.973          0.000
      43485.429      31851.400     824909.785          0.001
      42667.579      30639.350     948870.973          0.000
      41553.181      31486.413    3917968.986          0.000
      43549.580      30686.928     948870.973          0.001
      44559.016      30823.610    2228092.609          0.000
      45254.152      30690.611     949781.840          0.001
      46629.210      30427.523     951323.761          0.003
      44941.636      30990.360     949781.840          0.001
      46225.050      31549.688     948346.089          0.003
      44527.732      30853.559     949781.840          0.001
      43516.448      31821.704     946487.405          0.001
      46712.022      30411.679    1127288.698          0.003
      46607.729      31716.464    1931504.482          0.002
      47998.002      30558.342     951545.103          0.002
      49396.089      30485.188     950707.830          0.002
      47670.302      30575.489    2650718.662          0.002
      48410.115      31607.134    1486008.261          0.001
      47615.991      30633.806     951545.103          0.002
      46661.868      31658.330     948346.089          0.002
      50488.339      30941.166     950707.830          0.002
      51679.036      31677.534     949686.741          0.001
      49723.342      30468.065    2433470.112          0.001
      49562.889      31474.870     950073.794          0.000
      49723.342      30468.065    2433470.112          0.001
      50741.482      30426.687     949662.205          0.001
      49487.704      30672.453     950707.830          0.002
      48430.114      31589.788     949830.956          0.001
      51793.139      30767.026     949662.205          0.000
      51851.043      31783.909    2424284.886          0.001
      52704.654      30546.818     949662.205          0.001
      53707.742      30720.920    1829137.709          0.001
      53707.742      30720.920    1829137.709          0.001
      53625.717      31751.023    1296163.078          0.001
      53707.742      30720.920    1829137.709          0.001
      55104.219      30629.149     948741.133          0.003
      53707.742      30720.920    1829137.709          0.001
      54941.945      31381.100     948990.845          0.002
      53707.742      30720.920    1829137.709          0.001
      52493.117      31416.311     949686.741          0.002
      55893.888      30577.255    1473171.688          0.002
      55462.287      31659.433    2058661.580          0.001
      55989.938      30568.584     948741.133          0.002
      57384.267      30442.698     946997.729          0.001
      57480.722      30433.990    1528183.780          0.001
      57841.668      31589.007    4193398.616          0.001
      57480.722      30433.990    1528183.780          0.001
      56687.788      31498.503    3031197.983          0.001
      59763.063      30568.847     945006.534          0.001
      60846.466      31455.547     945136.269          0.002
      59635.865      30464.743    1201015.685          0.001
      59608.802      31400.633    5857476.888          0.000
      60238.467      30497.889     945006.534          0.001
      61636.354      30574.781     943380.699          0.001
      61652.506      30575.670    1490939.991          0.001
      62726.443      31466.311    1704946.332          0.001
      61652.506      30575.670    1490939.991          0.001
      60973.239      31559.303    1881799.997          0.001
      63945.366      31052.662     940995.131          0.001
      64771.826      31650.089    2334542.583          0.001
      63025.078      30387.408    6839107.647          0.000
      64398.547      30654.075     937778.603          0.001
      66019.157      30749.330     937778.603          0.001
      67037.921      30733.133    1581505.480          0.001
      65707.712      31070.300     937778.603          0.001
      66648.473      31460.920    1579959.224          0.002
      67037.921      30733.133    1581505.480          0.001
      68002.100      31497.971    3294351.014          0.001
      67609.551      30636.596     934756.603          0.002
      68989.148      30403.610    1144708.764          0.001
      67037.921      30733.133    1581505.480          0.001
      66648.473      31460.920    1579959.224          0.002
      68989.148      30403.610    1144708.764          0.001
      69588.172      31227.020     925754.663          0.001
      68989.148      30403.610    1144708.764          0.001
      68052.039      31442.603     933050.915          0.001
      68989.148      30403.610    1144708.764          0.001
      70006.687      30437.440     925744.318          0.001
      71225.766      30889.114     925744.318          0.000
      71695.584      31792.543     915694.898          0.002
      71895.066      30485.920     925744.318          0.001
      72913.430      30503.353    1501905.836          0.001
      70926.160      30588.768     925744.318          0.000
      70127.159      31738.376     925754.663          0.000
      72913.430      30503.353    1501905.836          0.001
      74305.332      30647.163     905935.848          0.001
      72785.011      30639.295     918528.292          0.001
      71823.622      31657.004     919059.028          0.002
      74945.298      30713.283    2172613.804          0.001
      74037.272      31177.077     912506.108          0.001
      76028.580      30610.228     899103.995          0.000
      76820.445      31764.763     886540.615          0.000
      75673.763      30939.704     899103.995          0.001
      74986.974      31691.785     531665.214          0.002
      76724.673      30576.463     899103.995          0.001
      77817.658      30576.418    1109294.841          0.002
      77817.658      30576.418    1109294.841          0.002
      78352.036      31223.651     868646.684          0.001
      77817.658      30576.418    1109294.841          0.002
      77135.897      31430.925     886540.615          0.000
      79568.936      30996.035     861555.362          0.001
      78759.278      31716.898    2375507.110          0.001
       2194.516      31672.674    1203319.066          0.002
       1524.172      31972.146     860359.401          0.002
       2194.516      31672.674    1203319.066          0.002
       2879.252      31496.893    4329723.386          0.000
       2194.516      31672.674    1203319.066          0.002
       2225.402      32583.913     534729.840          0.003
       2194.516      31672.674    1203319.066          0.002
       2908.735      32707.912    1380077.054          0.001
       3971.390      32044.194     889139.796          0.001
       4882.440      32500.747    1155406.908          0.002
       4118.308      31463.878     889139.796          0.001
       5136.909      31436.737    1345340.489          0.001
       5136.909      31436.737    1345340.489          0.001
       6080.453      32470.617     914620.092          0.001
       5158.419      31436.132     907997.557          0.001
       6557.867      31396.819     919145.553          0.003
       5136.909      31436.737    1345340.489          0.001
       4882.440      32500.747    1155406.908          0.002
       7493.792      31564.545     919145.553          0.002
       8719.264      32241.462     926788.364          0.001
       7112.961      31434.161     919145.553          0.002
       6200.840      32496.251     914620.092          0.001
       7434.625      31379.791     919145.553          0.002
       8834.625      31379.154     925795.631          0.001
       9109.713      31379.029     674831.739          0.001
      10083.503      31598.614    5375084.618          0.000
       9109.713      31379.029     674831.739          0.001
       9053.517      32426.093    2147255.809          0.001
      10083.503      31598.614    5375084.618          0.000
      10928.699      32714.040     930920.341          0.000
      11159.280      31594.874     928835.326          0.001
      12178.276      31591.331    1203831.010          0.001
      12177.526      31599.427     934602.623          0.001
      12048.277      32993.448     930840.163          0.003
      12178.276      31591.331    1203831.010          0.001
      13200.083      32548.247     936145.123          0.001
      12178.276      31591.331    1203831.010          0.001
      11433.652      32286.261     930920.341          0.001
      14321.942      31427.744     939724.163          0.001
      14963.391      32672.149     938183.653          0.002
      14257.520      31494.693     939724.163          0.001
      13388.085      32592.001     936145.123          0.001
      15696.268      31989.075     940921.810          0.001
      17039.029      32385.299     940631.070          0.001
      17323.562      31381.100     639530.801          0.003
      17907.761      32215.734     939810.651          0.001
      17323.562      31381.100     639530.801          0.003
      17081.956      32397.966    1903855.510          0.001
      19648.271      31695.856     943533.019          0.001
      21027.476      31455.455     945127.612          0.001
      19443.175      31731.604    1981260.247          0.001
      18636.560      32354.373     939810.651          0.001
      21232.283      31419.756    1433769.883          0.001
      22004.101      32084.650     941230.537          0.001
      21232.283      31419.756    1433769.883          0.001
      20752.177      32318.461     939891.206          0.001
      23707.374      31553.244     943893.948          0.000
      25105.343      31628.636     943238.534          0.000
      23482.504      31541.117    5657841.432          0.000
      22413.443      32437.283    6908726.537          0.000
      26376.573      31765.605     943238.534          0.001
      27388.625      31886.291    1274032.475          0.001
      25180.521      31808.725     943238.534          0.000
      24505.147      32571.858    1410662.954          0.001
      25644.488      32067.782     943238.534          0.001
      26249.859      32887.824    1123432.623          0.001
      27388.625      31886.291    1274032.475          0.001
      27939.708      32742.236     941218.674          0.001
      27388.625      31886.291    1274032.475          0.001
      28405.366      31826.065     943653.648          0.001
      27344.991      31924.667     942706.427          0.001
      26293.726      32849.243     941893.326          0.001
      30403.887      32208.008     943653.648          0.001
      31331.273      32629.753    1830172.208          0.001
      29430.498      31765.343    7996437.568          0.000
      28817.279      33023.219     941218.674          0.001
      30356.543      31704.620     943653.648          0.001
      31373.291      31637.951    1945178.975          0.001
      31373.291      31637.951    1945178.975          0.001
      31331.273      32629.753    1830172.208          0.001
      32628.423      31495.444    3657051.839          0.001
      33288.942      32695.571    1844084.562          0.001
      32628.423      31495.444    3657051.839          0.001
      33900.554      31687.285     945544.368          0.001
      32365.159      31725.659     946566.357          0.001
      31331.273      32629.753    1830172.208          0.001
      34358.240      31756.305    3908524.360          0.000
      34625.920      32455.475     962412.197          0.001
      35546.238      32048.537     945648.992          0.000
      36276.467      32759.496    1063884.737          0.002
      36646.513      31744.587     945648.992          0.001
      37665.385      31757.331    2084806.223          0.001
      38005.329      31713.917     946319.219          0.001
      39394.050      31536.567     946921.281          0.001
      37942.173      31894.999     946319.219          0.001
      39195.682      32518.469     945435.386          0.002
      37538.651      31848.775     946319.219          0.001
      36403.334      32667.956     944518.897          0.002
      39733.844      31493.173    1556637.736          0.001
      39472.833      32656.318    1423303.664          0.001
      39733.844      31493.173    1556637.736          0.001
      40398.569      32724.759     944913.408          0.001
      39733.844      31493.173    1556637.736          0.001
      40752.802      31489.387     946965.478          0.001
      41798.196      31743.408     946965.478          0.000
      42501.330      32480.923    1567556.577          0.001
      41103.751      32074.584     946965.478          0.001
      40484.826      32884.573    1389574.389          0.001
      43485.429      31851.400     824909.785          0.001
      44462.858      31563.455     947735.435          0.000
      43485.429      31851.400     824909.785          0.001
      42501.330      32480.923    1567556.577          0.001
      44510.391      31624.843     947735.435          0.000
      43749.915      32800.289     944678.342          0.000
      44887.589      31813.514     947735.435          0.000
      45649.236      32490.756    3017274.755          0.001
      45592.845      31624.413     947735.435          0.001
      46607.729      31716.464    1931504.482          0.002
      46953.792      31695.473     948346.089          0.002
      48351.223      31610.706     949830.956          0.001
      46607.729      31716.464    1931504.482          0.002
      47357.227      32407.603     945340.473          0.000
      46607.729      31716.464    1931504.482          0.002
      46591.492      32735.062     942887.947          0.001
      48449.840      31643.827     949830.956          0.001
      49478.260      32593.750     947405.635          0.001
      48410.115      31607.134    1486008.261          0.001
      47867.153      32469.648     945340.473          0.000
      50836.294      31690.252     950073.794          0.001
      51851.043      31783.909    2424284.886          0.001
      51851.043      31783.909    2424284.886          0.001
      51888.647      32696.200    1161957.724          0.001
      52038.494      31780.435     949686.741          0.001
      53438.254      31754.497     949879.249          0.001
      51342.207      31968.464     949686.741          0.001
      50026.101      32445.817     947405.635          0.001
      53625.717      31751.023    1296163.078          0.001
      53436.861      32881.828    2855316.965          0.000
      53632.902      31750.665     949879.249          0.001
      55031.165      31680.933     948990.845          0.002
      55048.686      31909.052     948990.845          0.002
      53850.063      32632.450     946993.266          0.001
      55462.287      31659.433    2058661.580          0.001
      56687.788      31498.503    3031197.983          0.001
      56687.788      31498.503    3031197.983          0.001
      57476.931      32142.240     946365.492          0.001
      56687.788      31498.503    3031197.983          0.001
      55896.750      32653.393     947105.168          0.001
      58029.239      31569.012     946732.663          0.001
      59421.352      31420.615     945649.157          0.001
      57841.668      31589.007    4193398.616          0.001
      57914.504      32499.187    3948046.720          0.000
      59608.802      31400.633    5857476.888          0.000
      58754.298      31954.679     946365.492          0.001
      60978.940      31571.873     945136.269          0.002
      61557.202      32846.868     944134.596          0.001
      61150.553      31549.898     945136.269          0.002
      62548.587      31475.744     942631.122          0.001
      60884.312      31634.750     945136.269          0.002
      59816.764      32540.477     945968.320          0.001
      62726.443      31466.311    1704946.332          0.001
      63245.846      32342.881     941167.171          0.001
      62593.157      31625.888     942631.122          0.001
      61695.689      32700.388     944134.596          0.001
      62726.443      31466.311    1704946.332          0.001
      64120.458      31591.563     939584.411          0.001
      64833.615      32052.093     939584.411          0.001
      65046.241      33435.455    3317239.730          0.001
      64907.794      31802.317     939584.411          0.001
      65840.011      32846.019    1864407.445          0.001
      65255.720      31601.311     939584.411          0.001
      66648.473      31460.920    1579959.224          0.002
      64771.826      31650.089    2334542.583          0.001
      64047.990      32368.154     941167.171          0.001
      66804.093      31628.090     935998.765          0.002
      67758.010      32652.806     933869.885          0.001
      66597.036      31549.045     935998.765          0.002
      65891.299      32758.150     938512.624          0.001
      68235.911      31638.424     933050.915          0.001
      69436.026      32359.343     927979.851          0.001
      68002.100      31497.971    3294351.014          0.001
      69005.912      31673.727     925754.663          0.001
      70677.893      31831.534     925754.663          0.001
      71695.584      31792.543     915694.898          0.002
      71115.368      32190.799     925754.663          0.001
      72087.498      32495.252    1150313.698          0.001
      71695.584      31792.543     915694.898          0.002
      72087.498      32495.252    1150313.698          0.001
      73519.154      31809.770     912506.108          0.000
      74785.390      32406.968     900846.721          0.000
      72877.166      31851.140     912506.108          0.000
      72087.498      32495.252    1150313.698          0.001
      73968.489      31659.331     912506.108          0.001
      74986.974      31691.785     531665.214          0.002
      74986.974      31691.785     531665.214          0.002
      76003.964      31749.902     886540.615          0.001
      74986.974      31691.785     531665.214          0.002
      75160.099      32583.693    3886514.169          0.000
      77117.648      32087.780     886540.615          0.000
      77867.939      32880.212     572137.071          0.003
      76428.112      31991.641     886540.615          0.000
      75160.099      32583.693    3886514.169          0.000
      76843.144      31797.857    3802535.084          0.000
      77958.972      31750.712     868646.684          0.002
      78759.278      31716.898    2375507.110          0.001
      79591.920      32345.152     859390.761          0.001
      78375.608      32217.637     868646.684          0.001
      77867.939      32880.212     572137.071          0.003
       1457.826      33253.658     860359.401          0.002
       2116.049      33524.835     867454.841          0.002
       2225.402      32583.913     534729.840          0.003
       2116.049      33524.835     867454.841          0.002
       2225.402      32583.913     534729.840          0.003
       2908.735      32707.912    1380077.054          0.001
       2908.735      32707.912    1380077.054          0.001
       4171.916      33311.203     904118.121          0.002
       3199.921      32677.349     890451.965          0.001
       4592.272      32531.204     906818.380          0.002
       2908.735      32707.912    1380077.054          0.001
       3039.979      33847.058     958762.103          0.002
       2908.735      32707.912    1380077.054          0.001
       2116.049      33524.835     867454.841          0.002
       4882.440      32500.747    1155406.908          0.002
       6153.817      32551.005    5181725.802          0.000
       6031.268      32648.474     914620.092          0.001
       4935.564      33519.928     904118.121          0.001
       7120.987      32700.731    3493129.699          0.001
       7948.265      33642.230    1644834.938          0.001
       7394.574      32661.850     919124.803          0.001
       8780.648      32464.872     926788.364          0.001
       7120.987      32700.731    3493129.699          0.001
       6439.850      33458.757     911899.603          0.000
       9133.392      32543.074     926788.364          0.001
       9922.845      33699.260     925842.092          0.001
       9053.517      32426.093    2147255.809          0.001
       8112.440      33461.584     919838.856          0.001
       9053.517      32426.093    2147255.809          0.001
      10058.410      32592.338     930920.341          0.001
      11238.916      33012.505     930920.341          0.000
      11981.869      33709.691    1751232.568          0.002
      10674.810      33050.788     930920.341          0.000
      10002.861      33816.446    1466918.862          0.001
      13252.897      33232.862     936145.123          0.001
      13068.687      34620.181    2086509.084          0.001
      13448.238      32668.879     936145.123          0.001
      14848.196      32679.668     938183.653          0.002
      14967.742      32680.589    1401491.289          0.002
      14295.654      33446.381     933814.029          0.000
      14967.742      32680.589    1401491.289          0.002
      15793.039      33277.171     935555.505          0.001
      15355.632      32628.737     938183.653          0.002
      16743.289      32443.238     940631.070          0.001
      17219.049      32554.127     940631.070          0.001
      18142.681      33606.222     937431.968          0.001
      17081.956      32397.966    1903855.510          0.001
      16601.452      33295.599     935555.505          0.000
      19266.109      33230.030     939810.651          0.001
      20163.735      33712.666    1271414.567          0.001
      18654.689      32700.854     939810.651          0.000
      20051.304      32798.152     939891.206          0.000
      20624.756      32950.326     939891.206          0.000
      21403.568      33608.206    1210326.288          0.001
      20760.000      32771.424     939891.206          0.000
      22132.259      32494.107     941230.537          0.000
      22069.281      32836.329     941230.537          0.001
      21403.568      33608.206    1210326.288          0.001
      23488.901      32506.475     941230.537          0.001
      24505.147      32571.858    1410662.954          0.001
      24505.147      32571.858    1410662.954          0.001
      25256.629      33582.739    1471194.305          0.001
      24684.423      32604.325     942137.993          0.001
      26062.014      32853.806     941893.326          0.001
      24505.147      32571.858    1410662.954          0.001
      23480.660      33524.954     940050.566          0.002
      26249.859      32887.824    1123432.623          0.001
      26222.036      33820.298    5212779.672          0.000
      26249.859      32887.824    1123432.623          0.001
      25256.629      33582.739    1471194.305          0.001
      27099.254      32782.613    3714697.011          0.000
      26222.036      33820.298    5212779.672          0.000
      27099.254      32782.613    3714697.011          0.000
      28296.802      33505.958     941218.674          0.000
      29943.883      32813.988     942884.729          0.002
      31331.273      32629.753    1830172.208          0.001
      29571.488      32863.440     948053.278          0.001
      30551.419      33819.010    1358892.063          0.001
      29571.488      32863.440     948053.278          0.001
      28750.972      33466.970     941218.674          0.000
      31325.055      32639.235     944344.181          0.001
      30557.346      33809.971     941650.169          0.001
      31775.518      32644.689     944344.181          0.001
      33174.728      32691.731     945132.345          0.002
      33292.415      32743.061     945132.345          0.002
      33394.517      34139.333     940267.567          0.002
      33288.942      32695.571    1844084.562          0.001
      34507.776      33382.918     943072.273          0.001
      33288.942      32695.571    1844084.562          0.001
      34625.920      32455.475     962412.197          0.001
      33288.942      32695.571    1844084.562          0.001
      32529.672      33374.914     942057.222          0.001
      34625.920      32455.475     962412.197          0.001
      35210.285      33289.806     941558.348          0.001
      34625.920      32455.475     962412.197          0.001
      34634.175      33454.199    1302659.252          0.001
      34763.037      32480.731     944861.278          0.001
      36139.875      32734.336     944518.897          0.002
      36276.467      32759.496    1063884.737          0.002
      37281.094      32587.168     945070.957          0.000
      36276.467      32759.496    1063884.737          0.002
      35660.673      33570.997     941558.348          0.001
      37782.707      32985.068     945070.957          0.001
      38241.862      33895.341    1602333.708          0.002
      37425.318      32706.763     945070.957          0.000
      36572.517      33780.476    3018358.641          0.001
      38455.383      32594.332     945070.957          0.001
      39472.833      32656.318    1423303.664          0.001
      39472.833      32656.318    1423303.664          0.001
      40484.826      32884.573    1389574.389          0.001
      39367.155      32762.687     945435.386          0.001
      38380.438      33755.858     941771.285          0.002
      41128.953      32755.636     944913.408          0.001
      42501.330      32480.923    1567556.577          0.001
      40484.826      32884.573    1389574.389          0.001
      39571.528      33655.721    5216820.199          0.001
      42499.929      32499.014     945664.688          0.001
      42391.781      33894.830     942522.736          0.001
      42501.330      32480.923    1567556.577          0.001
      41603.666      32962.512     943554.663          0.001
      42545.694      32546.611     945664.688          0.001
      43329.250      33706.801     942868.564          0.000
      44786.767      33196.296     944678.342          0.001
      45769.252      33466.693    4590253.420          0.001
      44651.146      32696.199     944678.342          0.001
      45649.236      32490.756    3017274.755          0.001
      45649.236      32490.756    3017274.755          0.001
      46325.629      33252.726     942887.947          0.000
      47754.339      33806.180     945340.473          0.001
      47801.340      34824.597    1362930.256          0.001
      48500.080      32685.040     945340.473          0.001
      49517.727      32630.205    2021900.593          0.001
      47950.026      32921.764     945340.473          0.000
      48750.018      33553.604    1084207.703          0.002
      47704.576      32727.905    3459615.554          0.000
      46578.696      33537.811    3144021.276          0.000
      50003.122      32643.716     947405.635          0.001
      51402.580      32682.670     947484.125          0.001
      49517.727      32630.205    2021900.593          0.001
      48750.018      33553.604    1084207.703          0.002
      49517.727      32630.205    2021900.593          0.001
      50499.591      33626.751     944242.498          0.001
      51888.647      32696.200    1161957.724          0.001
      51843.550      33713.593     943273.156          0.000
      51888.647      32696.200    1161957.724          0.001
      50759.261      33521.944     944242.498          0.001
      52835.406      32974.696     947090.837          0.000
      53589.708      33659.869    1373741.784          0.001
      52643.193      32800.099    9928836.232          0.000
      51837.475      33850.637    5178402.381          0.000
      53436.861      32881.828    2855316.965          0.000
      54834.715      32814.930     947105.168          0.001
      55940.853      33014.807     947105.168          0.001
      56563.001      34268.973     941314.270          0.001
      56623.841      33211.543     947105.168          0.001
      57849.551      33886.698    1829894.334          0.001
      55818.349      32767.856    5701050.747          0.000
      56828.828      32638.340     946365.492          0.001
      54888.559      33140.004     947105.168          0.001
      53589.708      33659.869    1373741.784          0.001
      57897.166      32869.555     946365.492          0.000
      57849.551      33886.698    1829894.334          0.001
      58712.025      32550.400     946365.492          0.001
      59728.159      32615.651    2048658.058          0.001
      59704.235      32660.338     945968.320          0.001
      59043.447      33894.583     940786.581          0.001
      59728.159      32615.651    2048658.058          0.001
      59839.135      33890.310    1411068.803          0.001
      59951.453      32645.316     945968.320          0.002
      61339.260      32829.684     944134.596          0.001
      59368.723      32858.842     945968.320          0.002
      58209.190      33643.370     942899.080          0.002
      61562.882      32859.392    1935002.464          0.001
      62581.760      32859.682     941167.171          0.001
      61301.840      33015.513     944134.596          0.001
      60100.327      33734.099     941893.350          0.001
      63320.773      32996.211     941167.171          0.000
      62114.289      33706.421     940350.257          0.000
      64095.224      33069.119     941167.171          0.001
      65046.241      33435.455    3317239.730          0.001
      65835.791      33002.352     938512.624          0.002
      65798.018      34401.843     934491.372          0.001
      65855.809      32862.369     938512.624          0.001
      66828.612      33869.173     934096.711          0.001
      65883.564      32845.481     938512.624          0.001
      67283.457      32828.193     933869.885          0.001
      68103.332      32785.779     933869.885          0.001
      69480.483      32533.876     927979.851          0.001
      67875.125      32859.164     933869.885          0.000
      66883.316      33847.250     934096.711          0.001
      69669.127      32499.369    1696442.063          0.001
      68844.928      33098.686     931451.726          0.001
      69669.127      32499.369    1696442.063          0.001
      69947.380      33560.994     925996.092          0.001
      70518.832      32497.922     927979.851          0.001
      71918.830      32495.539     918366.252          0.002
      72087.498      32495.252    1150313.698          0.001
      71704.504      33841.360     920461.497          0.001
      72087.498      32495.252    1150313.698          0.001
      71128.798      33028.712     925996.092          0.002
      72819.782      33211.583     915575.233          0.001
      72907.227      34608.443    1683191.784          0.001
      73066.411      32951.083     915575.233          0.001
      74114.308      33878.687    1567823.906          0.001
      72788.048      32704.675    3051021.485          0.001
      73805.809      32652.766     900846.721          0.001
      72788.048      32704.675    3051021.485          0.001
      71831.940      33726.562     920461.497          0.001
      75536.040      33064.177     900846.721          0.001
      76164.029      33866.801    1486916.920          0.001
      74754.112      33086.424     900846.721          0.001
      74114.308      33878.687    1567823.906          0.001
      75731.399      32657.583     900846.721          0.001
      76742.220      32788.318     761560.205          0.001
      76742.220      32788.318     761560.205          0.001
      77785.409      33444.623    1128492.835          0.002
      76742.220      32788.318     761560.205          0.001
      77867.939      32880.212     572137.071          0.003
      76742.220      32788.318     761560.205          0.001
      76164.029      33866.801    1486916.920          0.001
      77867.939      32880.212     572137.071          0.003
      78526.528      33125.247     858223.247          0.002
      77867.939      32880.212     572137.071          0.003
      77785.409      33444.623    1128492.835          0.002
       1520.059      34240.931     859255.626          0.002
       2206.197      34497.078    2087640.915          0.002
       2116.049      33524.835     867454.841          0.002
       2206.197      34497.078    2087640.915          0.002
       2116.049      33524.835     867454.841          0.002
       3039.979      33847.058     958762.103          0.002
       3232.130      33822.168     889512.194          0.003
       4620.531      33642.325     904118.121          0.001
       3039.979      33847.058     958762.103          0.002
       2206.197      34497.078    2087640.915          0.002
       4813.020      33617.392    3536573.606          0.001
       4248.740      34607.174    2756042.326          0.001
       4846.190      33643.848     904118.121          0.001
       5940.689      34516.816     908401.249          0.001
       6237.579      33683.862   12791805.693          0.000
       7389.413      34478.525     914999.688          0.001
       6929.093      33667.033     911899.603          0.001
       7948.265      33642.230    1644834.938          0.001
       8608.005      33698.172     919838.856          0.002
      10002.861      33816.446    1466918.862          0.001
      10292.986      33800.796     925842.092          0.001
      11690.954      33725.384     930840.163          0.002
      10002.861      33816.446    1466918.862          0.001
       9108.337      34303.586     914999.688          0.001
      11996.011      33721.538     930840.163          0.002
      13068.687      34620.181    2086509.084          0.001
      11981.869      33709.691    1751232.568          0.002
      12339.316      34465.379     829412.320          0.002
      11981.869      33709.691    1751232.568          0.002
      11095.292      34212.411     923673.255          0.001
      13817.733      33930.137     933814.029          0.000
      13068.687      34620.181    2086509.084          0.001
      14096.378      33673.440   13438169.189          0.000
      15495.480      33691.925     935555.505          0.001
      17262.172      33730.910     935555.505          0.001
      18279.846      33762.464    1457142.739          0.001
      16383.021      33703.651    3954615.602          0.000
      17093.859      34532.805    8162251.089          0.000
      15766.707      34254.801     935555.505          0.001
      15007.466      34933.765    5748203.803          0.001
      18304.470      33791.980     937431.968          0.001
      19201.324      34866.993     936213.151          0.001
      18521.605      33756.073     937431.968          0.001
      19921.117      33719.079     938930.076          0.001
      18279.846      33762.464    1457142.739          0.001
      17425.363      34317.481     934064.808          0.000
      20163.735      33712.666    1271414.567          0.001
      21403.568      33608.206    1210326.288          0.001
      20163.735      33712.666    1271414.567          0.001
      20922.201      34392.724     938489.636          0.000
      20095.089      33799.294     938930.076          0.001
      19225.792      34896.321    1869241.220          0.001
      21463.302      33688.153     939693.888          0.001
      22301.268      34809.676     938857.726          0.001
      21546.866      33634.163     939693.888          0.001
      22924.447      33883.704     940050.566          0.001
      23067.236      33909.569    2275266.586          0.001
      23886.065      34515.676     939723.194          0.001
      23872.369      33789.380     940050.566          0.002
      25256.629      33582.739    1471194.305          0.001
      23067.236      33909.569    2275266.586          0.001
      22360.926      34889.521    1620894.982          0.001
      25256.629      33582.739    1471194.305          0.001
      24713.125      34443.956     939723.194          0.001
      25381.406      33697.799     941424.758          0.001
      26410.616      34646.866     941413.015          0.001
      26222.036      33820.298    5212779.672          0.000
      27616.523      33710.146     941218.674          0.001
      27421.207      34259.919     941218.674          0.001
      26535.315      34761.855    2044686.525          0.001
      29537.256      33729.276     941218.674          0.001
      30551.419      33819.010    1358892.063          0.001
      30551.419      33819.010    1358892.063          0.001
      31567.646      33744.838     942057.222          0.001
      30551.419      33819.010    1358892.063          0.001
      30568.085      34537.940     726520.785          0.001
      30551.419      33819.010    1358892.063          0.001
      29274.002      34389.822     942003.528          0.002
      32613.883      34035.362     942057.222          0.001
      33431.407      34643.806    4100439.269          0.002
      32280.871      34664.209     942057.222          0.001
      32402.669      35675.998    6653567.837          0.001
      34634.175      33454.199    1302659.252          0.001
      35327.670      34200.936     939645.121          0.000
      34426.419      33659.682     943072.273          0.001
      33431.407      34643.806    4100439.269          0.002
      36553.297      33902.984     941503.716          0.001
      36390.904      34938.057    3074968.349          0.001
      37196.778      33823.431     941503.716          0.002
      38241.862      33895.341    1602333.708          0.002
      36572.517      33780.476    3018358.641          0.001
      35586.061      34479.164   12485987.521          0.000
      38241.862      33895.341    1602333.708          0.002
      37941.234      34869.128     942225.354          0.001
      38241.862      33895.341    1602333.708          0.002
      38730.336      34901.855    1313376.391          0.001
      37926.537      34072.976     941771.285          0.002
      36706.769      34760.118     938760.579          0.001
      39852.376      33994.444     942878.010          0.001
      40638.304      34942.333    3440874.145          0.001
      39419.237      33881.324     942878.010          0.001
      38730.336      34901.855    1313376.391          0.001
      41407.560      33644.713     943554.663          0.001
      42390.321      33913.682    1133045.260          0.001
      42390.321      33913.682    1133045.260          0.001
      42576.564      34603.748     881792.845          0.001
      42118.215      34073.442     942522.736          0.002
      40910.921      34782.273     939879.611          0.001
      43382.003      33784.910    7300933.851          0.000
      42576.564      34603.748     881792.845          0.001
      43881.897      33718.275     942868.564          0.001
      45269.623      33533.293     942925.472          0.001
      45358.090      33679.199     942925.472          0.001
      44114.381      34321.997     940222.754          0.001
      45769.252      33466.693    4590253.420          0.001
      46578.696      33537.811    3144021.276          0.000
      46581.963      33855.973     942887.947          0.000
      46596.335      35255.900     939367.917          0.000
      47099.646      34086.090     942887.947          0.001
      47801.340      34824.597    1362930.256          0.001
      46520.388      33624.328     942887.947          0.000
      45737.961      34785.279     938168.053          0.000
      48750.018      33553.604    1084207.703          0.002
      50145.846      33648.754     944242.498          0.001
      48694.475      33628.018     944208.816          0.002
      47857.057      34749.950     939010.872          0.001
      49708.649      34139.957     944242.498          0.002
      48483.842      34816.462    4078179.770          0.000
      50548.299      33676.188    2134030.434          0.001
      51558.474      33812.883     943273.156          0.000
      51666.392      34531.113     943273.156          0.001
      51417.853      35519.670    1917084.079          0.001
      52577.355      33770.085     943273.156          0.001
      53589.708      33659.869    1373741.784          0.001
      51837.475      33850.637    5178402.381          0.000
      50795.927      34785.738     940298.381          0.000
      53589.708      33659.869    1373741.784          0.001
      54411.360      34792.729     940550.879          0.001
      53589.708      33659.869    1373741.784          0.001
      52898.349      34861.798    1981096.363          0.001
      53589.708      33659.869    1373741.784          0.001
      54604.113      33748.778     943684.683          0.001
      55664.951      34150.594     943684.683          0.000
      55682.458      35550.485     939507.932          0.000
      55252.422      34233.408     943684.683          0.001
      54517.190      34938.643    1332097.102          0.001
      57960.512      34095.287     942899.080          0.002
      58618.014      35331.285     939942.696          0.001
      57849.551      33886.698    1829894.334          0.001
      56685.146      34515.202    1642782.576          0.001
      59839.135      33890.310    1411068.803          0.001
      60857.774      33866.410     940350.257          0.001
      60144.520      34030.323     941893.350          0.001
      61417.140      34613.794     937890.476          0.001
      59839.135      33890.310    1411068.803          0.001
      58741.367      34458.818    3282426.116          0.001
      62691.866      34291.977     940350.257          0.001
      63582.471      34787.279    1124087.626          0.001
      62730.105      33696.752     940350.257          0.001
      63734.483      33524.048     782004.719          0.001
      61883.383      33842.347    5327913.055          0.000
      61723.023      34754.035    1223757.550          0.001
      63734.483      33524.048     782004.719          0.001
      63582.471      34787.279    1124087.626          0.001
      63734.483      33524.048     782004.719          0.001
      65046.241      33435.455    3317239.730          0.001
      63734.483      33524.048     782004.719          0.001
      64410.501      34286.478     936189.756          0.000
      65046.241      33435.455    3317239.730          0.001
      65793.782      34558.771    5377316.067          0.001
      66731.685      34137.587     934096.711          0.001
      66158.662      35414.946     933904.451          0.001
      66854.536      33894.886     934096.711          0.001
      67883.840      34843.850     929733.482          0.001
      66844.650      33885.771    1727819.380          0.001
      65793.782      34558.771    5377316.067          0.001
      68433.770      34594.370     931451.726          0.001
      68922.697      35488.499    1825545.996          0.001
      69113.801      34259.580     931451.726          0.001
      70041.434      34680.853    1012286.000          0.002
      68649.748      33714.998     931451.726          0.001
      69975.997      33670.177    2661948.245          0.001
      69975.997      33670.177    2661948.245          0.001
      70041.434      34680.853    1012286.000          0.002
      70605.555      33744.103     925996.092          0.001
      71695.752      33872.119    1167157.049          0.001
      71711.779      33881.860     920461.497          0.001
      72907.227      34608.443    1683191.784          0.001
      74114.308      33878.687    1567823.906          0.001
      74595.349      34776.545     899702.994          0.001
      74114.308      33878.687    1567823.906          0.001
      75351.608      34532.934     891239.298          0.002
      74114.308      33878.687    1567823.906          0.001
      75513.859      33870.571     894889.838          0.002
      74109.869      33881.371     909498.581          0.001
      72911.797      34605.680     913484.067          0.001
      76164.029      33866.801    1486916.920          0.001
      75989.985      34870.489    1106621.472          0.001
      76164.029      33866.801    1486916.920          0.001
      77470.019      33526.745     879921.842          0.002
      77785.409      33444.623    1128492.835          0.002
      78324.839      33971.964     862610.920          0.002
      77682.806      33557.236     879921.842          0.002
      76777.304      34551.078    2469880.317          0.001
      79842.965      33845.413     858223.247          0.000
      79065.822      34696.343    4744710.840          0.000
       1245.961      35474.109     857856.227          0.002
       1909.301      35889.498    1594879.234          0.002
       2206.197      34497.078    2087640.915          0.002
       1932.994      35778.380     875067.276          0.002
       2817.875      34991.413     880563.996          0.002
       3863.045      35836.079    1538312.059          0.001
       2908.784      34534.949     880563.996          0.002
       4248.740      34607.174    2756042.326          0.001
       4411.680      34601.133     898268.797          0.001
       5810.719      34549.266     908401.249          0.001
       4248.740      34607.174    2756042.326          0.001
       3863.045      35836.079    1538312.059          0.001
       5973.794      34543.221    1264809.964          0.001
       5984.764      35584.596    2325339.170          0.001
       5983.943      34556.100     908401.249          0.001
       6850.455      35655.717     909997.110          0.002
       5973.794      34543.221    1264809.964          0.001
       5352.683      35351.299     899778.041          0.001
       5973.794      34543.221    1264809.964          0.001
       6976.757      34721.232     914999.688          0.001
       7631.931      35644.785     914999.688          0.001
       7172.803      36554.170    1354355.254          0.001
       8073.270      35312.310     914999.688          0.000
       8300.792      36693.327    7500619.580          0.000
       8956.303      34795.479     914999.688          0.001
      10346.798      34636.833    6959102.250          0.000
       8512.424      35249.490     914999.688          0.001
       9353.672      35823.545    1190571.878          0.001
       7707.667      35103.027     914999.688          0.000
       6860.519      35668.488     591454.804          0.002
      11324.564      34552.698     923673.255          0.001
      12339.316      34465.379     829412.320          0.002
      10007.603      35042.147     923673.255          0.001
       9353.672      35823.545    1190571.878          0.001
      12339.316      34465.379     829412.320          0.002
      11366.026      35470.732     925256.945          0.001
      12339.316      34465.379     829412.320          0.002
      12930.396      35295.497     929349.990          0.001
      13068.687      34620.181    2086509.084          0.001
      14450.225      34843.635     930400.849          0.001
      15007.466      34933.765    5748203.803          0.001
      16008.447      34741.398     934064.808          0.001
      15007.466      34933.765    5748203.803          0.001
      14093.057      35385.131     929349.990          0.001
      15875.873      35236.187     934064.808          0.001
      14993.190      35745.932    4253037.959          0.001
      18221.530      34725.084     934064.808          0.001
      19225.792      34896.321    1869241.220          0.001
      19225.792      34896.321    1869241.220          0.001
      20217.436      34664.481     938489.636          0.001
      19874.406      35176.623     936213.151          0.001
      21159.535      35731.999     935585.780          0.002
      19225.792      34896.321    1869241.220          0.001
      17988.920      35551.205     933615.470          0.001
      21064.585      34760.328     938489.636          0.000
      21234.087      35764.217    1061082.937          0.002
      22360.926      34889.521    1620894.982          0.001
      22208.113      35897.864     936930.442          0.001
      22360.926      34889.521    1620894.982          0.001
      23160.383      35957.332    1084759.680          0.001
      22360.926      34889.521    1620894.982          0.001
      23379.803      34899.717     939723.194          0.001
      22339.250      34906.347     938857.726          0.001
      21234.087      35764.217    1061082.937          0.002
      24396.187      35172.411     939723.194          0.000
      24275.233      36566.967    4743017.306          0.000
      25519.436      34833.021     939723.194          0.001
      26535.315      34761.855    2044686.525          0.001
      23943.109      35306.042     939723.194          0.001
      23160.383      35957.332    1084759.680          0.001
      24653.759      35140.777     939723.194          0.000
      25380.127      35854.277    1177031.783          0.001
      26866.139      34976.563     941413.015          0.001
      28040.489      35738.732     940801.579          0.001
      26535.315      34761.855    2044686.525          0.001
      26098.532      35966.735    3782110.519          0.001
      26466.142      34827.270     941413.015          0.001
      25448.943      35789.200     938133.712          0.002
      26535.315      34761.855    2044686.525          0.001
      27934.117      34737.789     942003.528          0.001
      29174.565      34666.945     942003.528          0.001
      30568.085      34537.940     726520.785          0.001
      29094.272      35026.779     942003.528          0.001
      30336.275      35670.990    1708602.446          0.002
      28517.759      34727.748    2583729.921          0.001
      28371.802      35953.758    2107394.689          0.001
      30568.085      34537.940     726520.785          0.001
      30336.275      35670.990    1708602.446          0.002
      31324.395      34614.653     941355.658          0.000
      32322.146      35596.739     942380.651          0.001
      31226.921      34556.579     941355.658          0.000
      30352.877      35650.218     942132.709          0.002
      33431.407      34643.806    4100439.269          0.002
      34447.069      34566.197     939645.121          0.001
      34987.059      35186.463     939645.121          0.001
      34328.774      35963.761    1796641.581          0.003
      35847.904      34984.133     939645.121          0.001
      36317.002      35888.798    1891632.181          0.001
      36390.904      34938.057    3074968.349          0.001
      37272.896      35449.032     942225.354          0.000
      38937.963      34982.451     939671.770          0.001
      40243.084      35489.067     942231.276          0.002
      38984.416      34907.246     939671.770          0.001
      40384.101      34936.940     939879.611          0.001
      38730.336      34901.855    1313376.391          0.001
      38727.580      35627.717    1411963.644          0.001
      40638.304      34942.333    3440874.145          0.001
      41566.701      35362.954     941827.167          0.001
      40918.229      34893.434     939879.611          0.001
      42297.345      34652.523     940318.053          0.001
      42576.564      34603.748     881792.845          0.001
      43702.980      34534.626    4449656.949          0.001
      43593.739      35368.021     940222.754          0.002
      43411.796      36756.052    1536882.309          0.001
      43702.980      34534.626    4449656.949          0.001
      42919.363      35186.083     941827.167          0.001
      43702.980      34534.626    4449656.949          0.001
      44707.728      34705.492     938168.053          0.001
      45734.017      35594.561     938168.053          0.001
      45809.458      36610.344    1098451.913          0.002
      45680.269      34870.881    7933346.777          0.000
      46599.612      35574.999    2791103.849          0.000
      45409.798      35166.035     938168.053          0.000
      44721.299      35917.367    1819554.770          0.002
      47798.095      35180.345     939010.872          0.001
      47785.326      36580.286     944618.508          0.001
      47801.340      34824.597    1362930.256          0.001
      48549.837      35516.191     940090.005          0.000
      47801.340      34824.597    1362930.256          0.001
      46937.383      35364.083     939367.917          0.000
      48605.936      34916.874     939501.826          0.001
      49687.226      35806.149     940589.789          0.001
      48483.842      34816.462    4078179.770          0.000
      49502.232      34805.056     940298.381          0.001
      50481.771      35141.677     940298.381          0.000
      49809.213      35906.474    4947058.184          0.000
      52899.948      35225.770     940852.770          0.001
      52906.098      36625.757     944054.016          0.001
      53008.978      34867.049     940852.770          0.001
      54407.403      34933.432     940550.879          0.001
      52898.349      34861.798    1981096.363          0.001
      53769.397      35826.105    1084493.056          0.001
      52870.499      34874.173     940852.770          0.001
      51591.123      35442.676     940704.796          0.001
      54517.190      34938.643    1332097.102          0.001
      53769.397      35826.105    1084493.056          0.001
      54517.190      34938.643    1332097.102          0.001
      55318.172      35568.599     939507.932          0.000
      57081.779      34714.117     941314.270          0.001
      58333.221      35341.726     939942.696          0.001
      56685.146      34515.202    1642782.576          0.001
      56667.063      35546.006     939693.715          0.001
      56685.146      34515.202    1642782.576          0.001
      56076.866      35333.026     939507.932          0.001
      58741.367      34458.818    3282426.116          0.001
      58729.211      35540.318    2102129.289          0.001
      60212.675      35089.028     939921.993          0.001
      60945.376      35797.707    1585531.116          0.000
      60708.363      34657.393     939921.993          0.001
      61723.023      34754.035    1223757.550          0.001
      59598.261      35476.096     939921.993          0.001
      59514.498      36654.734    1941962.572          0.001
      61952.948      34758.146     937890.476          0.001
      63352.724      34783.171     936146.824          0.001
      61723.023      34754.035    1223757.550          0.001
      60945.376      35797.707    1585531.116          0.000
      63582.471      34787.279    1124087.626          0.001
      63976.900      35465.812    1496873.631          0.001
      63582.471      34787.279    1124087.626          0.001
      62648.611      35195.004     938256.261          0.001
      65255.563      35023.239     936189.756          0.001
      66045.607      35666.965    4024454.546          0.001
      67893.485      34852.743    1132052.916          0.001
      68009.237      35579.172     787856.704          0.002
      67893.485      34852.743    1132052.916          0.001
      68922.697      35488.499    1825545.996          0.001
      67610.462      34977.450     929733.482          0.001
      66329.316      35541.955     933904.451          0.001
      70041.434      34680.853    1012286.000          0.002
      71213.772      35445.910     919952.587          0.001
      70041.434      34680.853    1012286.000          0.002
      71038.277      34493.790    9107907.398          0.000
      70041.434      34680.853    1012286.000          0.002
      68922.697      35488.499    1825545.996          0.001
      71891.268      34546.118     921214.878          0.001
      72907.227      34608.443    1683191.784          0.001
      72907.227      34608.443    1683191.784          0.001
      73868.687      35598.348    1382854.689          0.001
      72907.227      34608.443    1683191.784          0.001
      71873.885      35551.283     919952.587          0.001
      73801.594      34764.339    5858969.643          0.000
      74949.508      35564.881     899702.994          0.000
      75989.985      34870.489    1106621.472          0.001
      76777.304      34551.078    2469880.317          0.001
      75989.985      34870.489    1106621.472          0.001
      75204.437      35520.060     899702.994          0.000
      76777.304      34551.078    2469880.317          0.001
      77728.762      34969.669     864334.851          0.002
      76777.304      34551.078    2469880.317          0.001
      77595.947      34603.041     862610.920          0.002
      79615.545      34994.278     856117.704          0.001
      78956.027      35509.600    2442912.634          0.001
       1909.301      35889.498    1594879.234          0.002
       1956.037      36929.900    1918441.181          0.001
       1909.301      35889.498    1594879.234          0.002
       1234.192      36188.350     857175.149          0.001
       2592.899      35870.807     875067.276          0.002
       3863.045      35836.079    1538312.059          0.001
       3863.045      35836.079    1538312.059          0.001
       4095.718      36987.740     872506.827          0.002
       3863.045      35836.079    1538312.059          0.001
       2743.347      36478.315     874697.741          0.002
       3863.045      35836.079    1538312.059          0.001
       4761.698      36367.026     899695.779          0.001
       5932.170      36442.070     906006.920          0.002
       5853.012      37732.659    2949962.394          0.001
       6170.909      35736.511     906006.920          0.001
       7172.803      36554.170    1354355.254          0.001
       5984.764      35584.596    2325339.170          0.001
       5067.174      36408.369     899695.779          0.000
       6860.519      35668.488     591454.804          0.002
       7172.803      36554.170    1354355.254          0.001
       9353.672      35823.545    1190571.878          0.001
       9839.266      36719.117     924033.325          0.001
       9547.972      35810.563     919894.664          0.002
      10944.857      35717.224     925256.945          0.001
       9353.672      35823.545    1190571.878          0.001
      10607.162      36445.866     925024.218          0.001
       9353.672      35823.545    1190571.878          0.001
       8568.198      36472.424     916347.571          0.000
      11140.021      35704.184    1955321.212          0.001
      11000.782      36641.287    6385772.022          0.000
      12046.900      36118.012     925256.945          0.002
      13319.964      36698.939    1877871.301          0.001
      11140.021      35704.184    1955321.212          0.001
      12158.900      35743.362     929349.990          0.001
      13973.734      35770.056     929349.990          0.001
      14993.190      35745.932    4253037.959          0.001
      14535.785      36006.453     931111.998          0.002
      13319.964      36698.939    1877871.301          0.001
      15478.039      35774.237     931111.998          0.002
      16875.659      35855.827     933615.470          0.001
      17890.568      36144.670     933615.470          0.001
      19146.932      36761.851    1471746.273          0.001
      17360.164      35884.112    3966707.532          0.001
      18379.517      35895.590     934256.726          0.001
      16965.597      36038.717     933615.470          0.001
      15662.092      36549.474     934229.788          0.002
      20054.479      36277.605     934256.726          0.001
      21041.385      36666.210    2563252.711          0.001
      20217.476      35830.848     934256.726          0.001
      21234.087      35764.217    1061082.937          0.002
      21234.087      35764.217    1061082.937          0.002
      21944.434      36494.669     936930.442          0.000
      23155.294      36187.938     935997.692          0.001
      23124.406      37587.597     939732.588          0.001
      23160.383      35957.332    1084759.680          0.001
      22305.312      36511.933     936930.442          0.000
      25384.729      36083.174     938133.712          0.002
      25412.870      37482.891     939810.533          0.002
      25380.127      35854.277    1177031.783          0.001
      26199.129      36798.763    1216400.659          0.002
      25380.127      35854.277    1177031.783          0.001
      24524.199      36406.376     937513.223          0.000
      26534.817      35964.244     938536.895          0.001
      27934.794      35956.252     940801.579          0.001
      28661.591      35912.045     940801.579          0.001
      30047.310      35712.584     942132.709          0.002
      28371.802      35953.758    2107394.689          0.001
      27606.385      36627.038     938820.802          0.000
      28371.802      35953.758    2107394.689          0.001
      28151.676      36798.050     824055.067          0.001
      30352.665      35692.140     942132.709          0.002
      31210.218      36798.758     941198.586          0.001
      30336.275      35670.990    1708602.446          0.002
      29604.976      36380.507     939902.654          0.001
      32497.514      35779.960     942380.651          0.001
      33441.075      36814.219     942522.755          0.001
      32316.310      35760.024     942380.651          0.001
      31312.901      36736.327     941198.586          0.002
      32673.486      35716.459     942380.651          0.001
      34058.118      35923.325     943655.629          0.003
      34328.774      35963.761    1796641.581          0.003
      34434.712      36977.323     941012.178          0.001
      34364.364      35995.913     943655.629          0.003
      35403.217      36934.414     944096.287          0.001
      34328.774      35963.761    1796641.581          0.003
      35727.446      35911.027     943084.871          0.002
      34328.774      35963.761    1796641.581          0.003
      33535.320      36917.523    1518153.591          0.001
      36313.073      36068.057     943084.871          0.001
      36282.390      37467.721     943155.580          0.001
      36317.002      35888.798    1891632.181          0.001
      35438.316      36966.123    1264753.834          0.001
      36317.002      35888.798    1891632.181          0.001
      37325.677      35742.167     942225.354          0.000
      36322.589      35892.462     943084.871          0.001
      37493.342      36660.144     944955.403          0.001
      38847.831      35798.501     942325.125          0.001
      39653.701      36943.017    2271371.718          0.000
      38889.516      35622.238     942325.125          0.001
      40288.715      35574.895     942231.276          0.001
      38648.329      35694.529     942325.125          0.001
      37577.946      36596.904     944955.403          0.001
      40528.194      35644.972     942231.276          0.001
      41534.336      36618.460     945399.516          0.001
      40450.122      35569.434    1570751.832          0.001
      41466.918      35639.507     941827.167          0.001
      40402.953      35650.786     942231.276          0.001
      39700.718      36861.928     946083.213          0.001
      44979.304      36422.386     941187.225          0.003
      45616.231      37669.111     946934.002          0.001
      44608.889      36111.045     941187.225          0.002
      43906.122      37321.879     947043.642          0.002
      44721.299      35917.367    1819554.770          0.002
      45809.458      36610.344    1098451.913          0.002
      44655.706      35959.376     941187.225          0.002
      43476.773      36714.437     945493.920          0.001
      47114.049      36167.087     939367.917          0.001
      47782.082      36935.953    2841980.524          0.001
      46427.193      35800.921     939367.917          0.000
      45809.458      36610.344    1098451.913          0.002
      49104.332      36035.540     940090.005          0.000
      49845.252      36735.247    3507125.375          0.001
      48418.226      36139.821     940090.005          0.001
      47782.082      36935.953    2841980.524          0.001
      49965.103      35965.911     940589.789          0.001
      51273.244      36464.674     943270.083          0.001
      49809.213      35906.474    4947058.184          0.000
      51170.011      35579.265     940704.796          0.001
      51911.252      36006.389     940704.796          0.001
      52907.695      36989.341    1976787.838          0.001
      51417.853      35519.670    1917084.079          0.001
      51428.996      36524.059    1911312.997          0.001
      53769.397      35826.105    1084493.056          0.001
      54596.522      36541.395    1783568.086          0.001
      53755.383      35845.023     940862.088          0.001
      52922.035      36969.982     944054.016          0.001
      56207.677      36724.797     939507.932          0.001
      56733.035      37598.092    1771278.754          0.001
      56013.345      36025.908     939507.932          0.000
      56920.064      36491.077    1340613.645          0.001
      55459.944      36000.051     939507.932          0.000
      54596.522      36541.395    1783568.086          0.001
      57703.497      35641.061     939693.715          0.002
      58729.211      35540.318    2102129.289          0.001
      58444.399      35689.995     939942.696          0.001
      57205.112      36341.276     941411.223          0.002
      58729.211      35540.318    2102129.289          0.001
      58624.113      36849.481    1055023.409          0.001
      58729.211      35540.318    2102129.289          0.001
      59514.498      36654.734    1941962.572          0.001
      60952.182      36239.257     938755.060          0.001
      60973.753      37638.645    1588179.680          0.001
      60945.376      35797.707    1585531.116          0.000
      61787.907      36847.544    2211015.282          0.001
      60945.376      35797.707    1585531.116          0.000
      59766.312      36503.910     941133.410          0.001
      62961.973      35556.880     938256.261          0.001
      63976.900      35465.812    1496873.631          0.001
      64022.713      35470.267     936126.931          0.001
      65416.141      35605.758     933904.451          0.002
      63976.900      35465.812    1496873.631          0.001
      64513.060      36332.337     935735.237          0.001
      63976.900      35465.812    1496873.631          0.001
      64025.373      36492.733    1008726.227          0.001
      63783.623      35587.813     936126.931          0.001
      62599.745      36335.097     939934.822          0.002
      66240.863      35765.438     933904.451          0.001
      67490.888      36395.864     931500.703          0.001
      66602.951      35642.046     933904.451          0.002
      68001.554      35579.515     930138.888          0.002
      66045.607      35666.965    4024454.546          0.001
      65355.532      36416.926     935735.237          0.001
      68009.237      35579.172     787856.704          0.002
      67685.546      36494.035    1123118.642          0.001
      68009.237      35579.172     787856.704          0.002
      68657.062      36365.536     928548.778          0.000
      68922.697      35488.499    1825545.996          0.001
      68855.408      36505.368     928548.778          0.000
      69881.778      35836.709     926069.289          0.001
      70854.421      36842.816    1782391.499          0.001
      69957.925      35615.853     926069.289          0.001
      71354.182      35718.157     919952.587          0.001
      71793.058      35856.052     919952.587          0.001
      72830.984      36795.578     915283.391          0.002
      72472.769      35688.750     919952.587          0.002
      73868.687      35598.348    1382854.689          0.001
      71665.957      35741.001    2868473.092          0.001
      70854.421      36842.816    1782391.499          0.001
      73868.687      35598.348    1382854.689          0.001
      73070.696      36747.510     915283.391          0.002
      73868.687      35598.348    1382854.689          0.001
      74842.347      36554.464    1784513.973          0.001
      73868.687      35598.348    1382854.689          0.001
      74886.667      35634.690     899702.994          0.000
      75058.398      35640.820    4067622.013          0.000
      76456.703      35580.880     885002.516          0.000
      76775.739      35567.205    8585814.983          0.000
      78095.533      35532.335     864334.851          0.002
      75749.593      36091.192     885002.516          0.001
      74842.347      36554.464    1784513.973          0.001
      78956.027      35509.600    2442912.634          0.001
      79111.762      36630.088     864365.728          0.001
      77898.272      36333.273     864334.851          0.002
      77078.152      36971.898    1716569.461          0.001
      78956.027      35509.600    2442912.634          0.001
      79670.952      35649.772     857577.820          0.000
      79812.758      35953.977     857577.820          0.000
      79137.868      36817.912    2492597.562          0.001
       1082.359      37187.325     857175.149          0.001
       1912.010      37534.276    1684011.938          0.002
       1956.037      36929.900    1918441.181          0.001
       1912.010      37534.276    1684011.938          0.002
       2808.554      36952.945     874697.741          0.002
       4095.718      36987.740     872506.827          0.002
       2668.353      37205.661     874697.741          0.002
       3864.807      37668.846    2254000.797          0.001
       4095.718      36987.740     872506.827          0.002
       4973.703      36492.284    4496532.535          0.000
       4095.718      36987.740     872506.827          0.002
       5384.141      37533.904     907238.254          0.002
       7174.305      36556.170     911871.978          0.001
       8014.774      37675.818     917406.023          0.001
       7034.869      36677.336     911871.978          0.001
       5990.597      37609.805     907238.254          0.001
       8883.659      36703.570    2002404.218          0.000
       9744.580      37248.737     924033.325          0.001
       8883.659      36703.570    2002404.218          0.000
       8016.268      37677.808    2353233.228          0.001
      11921.157      36664.166     925024.218          0.001
      13319.964      36698.939    1877871.301          0.001
      13319.964      36698.939    1877871.301          0.001
      14719.737      36702.507     934229.788          0.002
      13369.626      36771.510     931597.313          0.001
      14160.268      37926.882     933746.631          0.001
      13319.964      36698.939    1877871.301          0.001
      12221.017      37565.042     929422.092          0.001
      15267.969      36703.905    2321543.790          0.002
      15937.137      37473.371     936372.013          0.001
      15095.335      36915.357     934229.788          0.002
      14210.078      37999.671    1906170.648          0.001
      15945.534      36784.561     934229.788          0.002
      17335.719      36950.046     937107.103          0.002
      17568.093      36934.959     937107.103          0.002
      18959.753      36782.374     937343.670          0.001
      17381.157      36955.455    1122291.936          0.002
      18215.214      37743.954    1789444.751          0.001
      17381.157      36955.455    1122291.936          0.002
      16668.652      37684.352     936372.013          0.000
      19146.932      36761.851    1471746.273          0.001
      20043.747      37546.896    1557147.662          0.002
      19146.932      36761.851    1471746.273          0.001
      18215.214      37743.954    1789444.751          0.001
      19394.867      36749.334     937343.670          0.001
      20793.086      36678.746     937006.099          0.001
      21041.385      36666.210    2563252.711          0.001
      21289.083      37844.997    4846856.688          0.001
      21041.385      36666.210    2563252.711          0.001
      20043.747      37546.896    1557147.662          0.002
      24270.314      37504.690     937513.223          0.001
      24264.971      38523.335    4627524.389          0.001
      24681.228      36956.031     937513.223          0.001
      25416.442      37660.585    1419447.878          0.002
      23810.347      37070.302     937513.223          0.001
      23119.311      37818.492    1722702.461          0.001
      26222.410      37013.977     938652.278          0.002
      26372.983      38405.856     940892.363          0.002
      26288.091      36892.936     938652.278          0.002
      27249.486      37910.640     940408.846          0.001
      26199.129      36798.763    1216400.659          0.002
      27211.379      36915.901     938820.802          0.000
      26199.129      36798.763    1216400.659          0.002
      25416.442      37660.585    1419447.878          0.002
      27270.247      36922.713    7004647.345          0.000
      28151.676      36798.050     824055.067          0.001
      28120.610      36844.183     939269.927          0.001
      27338.803      38005.188    1292677.528          0.001
      28151.676      36798.050     824055.067          0.001
      29174.324      37718.875    1715358.396          0.001
      30207.977      36798.641     939902.654          0.001
      31226.776      36820.126    1985463.478          0.001
      31226.776      36820.126    1985463.478          0.001
      31469.820      37809.708     939532.392          0.000
      31682.095      36839.335     941198.586          0.002
      33080.851      36898.349     942522.755          0.002
      30841.480      36988.843     941198.586          0.002
      29559.044      37550.409     939694.230          0.001
      33535.320      36917.523    1518153.591          0.001
      34277.941      37615.204     941012.178          0.000
      33535.320      36917.523    1518153.591          0.001
      32603.103      37328.636     939532.392          0.001
      35439.099      37010.704     944096.287          0.001
      35463.661      38410.489     941491.338          0.001
      35438.316      36966.123    1264753.834          0.001
      36278.463      37646.861    1374133.796          0.001
      37498.736      36663.681    2310368.830          0.001
      37426.968      37679.956     942299.999          0.001
      37641.087      36815.233     944955.403          0.001
      38599.344      37835.422    1462998.411          0.001
      38185.237      36752.669     944955.403          0.001
      39573.621      36932.637     946083.213          0.001
      37433.734      36716.054     944955.403          0.001
      36343.558      37594.414     943155.580          0.001
      39993.805      37089.013     946083.213          0.001
      41280.282      37641.260     946434.090          0.002
      39938.384      36906.852     946083.213          0.001
      41327.221      36730.415     945399.516          0.001
      39653.701      36943.017    2271371.718          0.000
      38599.344      37835.422    1462998.411          0.001
      42013.063      36707.939     945399.516          0.001
      43411.796      36756.052    1536882.309          0.001
      43408.537      36757.929     945493.920          0.001
      42195.343      37456.613     946434.090          0.002
      43411.796      36756.052    1536882.309          0.001
      43793.668      37515.632    2144162.868          0.002
      45815.174      36611.287     943927.057          0.002
      47196.482      36839.291     944618.508          0.002
      45809.458      36610.344    1098451.913          0.002
      45621.353      37679.136    1543400.220          0.001
      47899.444      37142.114     944618.508          0.001
      48592.058      38358.784     946339.307          0.001
      48350.960      37181.252     944618.508          0.002
      49636.538      37735.589     946635.301          0.002
      48117.002      36903.371     944618.508          0.001
      49510.424      36767.819     943759.633          0.001
      47719.205      36973.909     944618.508          0.001
      46520.653      37697.424     946676.983          0.001
      49943.297      36722.172     943759.633          0.001
      51331.014      36537.124     943270.083          0.001
      51428.996      36524.059    1911312.997          0.001
      51830.514      37859.868    1681228.417          0.001
      51125.980      36736.776     943270.083          0.002
      49980.132      37541.159     946635.301          0.002
      51500.458      36546.545     943270.083          0.001
      52835.908      36966.752     944054.016          0.001
      53075.442      36944.847     944054.016          0.001
      54428.651      36585.922     942188.482          0.001
      52907.695      36989.341    1976787.838          0.001
      54133.043      37666.061     943630.619          0.001
      54596.522      36541.395    1783568.086          0.001
      54487.693      37861.922    2424389.434          0.001
      55037.460      36759.479     942188.482          0.002
      56292.362      37380.140     942686.395          0.002
      56922.838      36493.974     941411.223          0.001
      57890.958      37505.282     941983.440          0.001
      57086.759      36526.137     941411.223          0.001
      58456.785      36814.288     941822.967          0.001
      56920.064      36491.077    1340613.645          0.001
      56733.035      37598.092    1771278.754          0.001
      58624.113      36849.481    1055023.409          0.001
      57894.101      37508.566    2967227.876          0.001
      58624.113      36849.481    1055023.409          0.001
      59514.498      36654.734    1941962.572          0.001
      59834.725      36870.649     941133.410          0.001
      60973.753      37638.645    1588179.680          0.001
      62060.786      36981.719     939934.822          0.001
      63317.127      37599.462     937140.655          0.001
      62541.686      36728.012     939934.822          0.002
      63924.408      36508.744     937327.061          0.001
      61787.907      36847.544    2211015.282          0.001
      61680.306      37717.746    7837944.422          0.000
      61787.907      36847.544    2211015.282          0.001
      60973.753      37638.645    1588179.680          0.001
      64025.373      36492.733    1008726.227          0.001
      63589.892      37733.581    1822494.364          0.001
      64884.565      37523.950     935735.237          0.001
      64887.098      38542.938    1792312.658          0.001
      65104.632      36852.534     935735.237          0.000
      66066.157      36514.726    1246232.238          0.002
      66303.806      36654.301     934402.099          0.002
      67510.999      37363.302     930457.414          0.001
      66051.337      36557.580     934402.099          0.002
      65593.760      37880.691     934184.063          0.001
      66176.063      36513.322     934402.099          0.002
      67575.948      36495.436     931500.703          0.001
      67685.546      36494.035    1123118.642          0.001
      67748.058      37502.530    1711891.012          0.001
      69843.646      36719.810     928548.778          0.001
      70854.421      36842.816    1782391.499          0.001
      68535.618      36856.176     928548.778          0.000
      67748.058      37502.530    1711891.012          0.001
      70940.074      36910.934     923564.116          0.001
      72035.809      37782.350     917251.844          0.001
      70854.421      36842.816    1782391.499          0.001
      72252.990      36887.665     915283.391          0.003
      70854.421      36842.816    1782391.499          0.001
      69593.994      37450.522     927432.159          0.002
      73467.220      36814.068     915283.391          0.003
      74842.347      36554.464    1784513.973          0.001
      72957.679      36910.263    2378569.651          0.002
      72121.752      37850.699    1633694.784          0.001
      74842.347      36554.464    1784513.973          0.001
      75718.966      37645.338     894708.332          0.002
      74842.347      36554.464    1784513.973          0.001
      75148.327      37893.277    8337765.024          0.001
      74842.347      36554.464    1784513.973          0.001
      74157.420      37682.800    4247730.324          0.001
      74842.347      36554.464    1784513.973          0.001
      76218.045      36811.312     885788.678          0.002
      77051.336      37104.080     885788.678          0.001
      76772.983      38476.130     888431.074          0.002
      77078.152      36971.898    1716569.461          0.001
      77779.258      37711.315     878144.440          0.000
      77078.152      36971.898    1716569.461          0.001
      77893.742      36910.924     864365.728          0.002
      77046.879      36997.999     885788.678          0.001
      75972.040      37895.061     894708.332          0.001
      79109.621      37116.144     864365.728          0.001
      78977.611      38509.906     865785.698          0.001
      79137.868      36817.912    2492597.562          0.001
      79841.475      37582.776     858144.729          0.000
      78440.970      37313.579     864365.728          0.001
      77820.544      37754.857    1657647.366          0.000
       1062.771      37632.358     856742.595          0.001
       1912.010      37534.276    1684011.938          0.002
        328.559      38023.304     856742.595          0.000
       1214.780      38746.725    3706392.610          0.001
       2484.305      38157.100     873617.934          0.003
       3251.138      38991.637     911528.402          0.001
       2736.571      37591.097     873617.934          0.003
       3864.807      37668.846    2254000.797          0.001
       3864.807      37668.846    2254000.797          0.001
       5263.862      37713.750     907238.254          0.002
       3852.503      37695.366     892629.391          0.001
       3263.330      38965.356     883431.349          0.001
       5853.012      37732.659    2949962.394          0.001
       6233.886      38840.937    1580686.674          0.001
       5602.008      38300.742     907238.254          0.002
       5036.413      39580.819    1219325.120          0.001
       6234.593      37722.984     907238.254          0.002
       7634.144      37687.497     917406.023          0.001
       5853.012      37732.659    2949962.394          0.001
       4990.264      38275.687     891350.732          0.001
       8016.268      37677.808    2353233.228          0.001
       8253.769      38986.220    1521326.318          0.001
       7406.151      38075.952     917406.023          0.001
       6233.886      38840.937    1580686.674          0.001
       8016.268      37677.808    2353233.228          0.001
       9034.929      37650.981     924033.325          0.001
      11297.988      38279.850     924033.325          0.001
      12139.713      38853.946    2152125.550          0.002
      11159.733      37608.589     924033.325          0.001
      12178.775      37598.334    4260440.814          0.001
      10312.279      37906.232     924033.325          0.000
      10263.656      38923.690    1887143.945          0.001
       9103.612      38424.707     924033.325          0.002
       8253.769      38986.220    1521326.318          0.001
      12837.103      37728.404     929422.092          0.002
      14210.078      37999.671    1906170.648          0.001
      14605.122      38168.622     933746.631          0.002
      15892.342      38719.137     938097.032          0.001
      14210.078      37999.671    1906170.648          0.001
      15229.244      37990.916     936372.013          0.001
      14190.851      38007.605     933746.631          0.001
      12896.692      38541.601     931146.290          0.003
      17204.159      37874.474     936372.013          0.001
      18215.214      37743.954    1789444.751          0.001
      18215.214      37743.954    1789444.751          0.001
      18818.698      38564.968     938142.878          0.001
      17568.218      38127.716     937975.348          0.002
      16364.100      38841.930     938097.032          0.001
      18433.630      37720.416     937975.348          0.002
      19825.571      37570.409     938912.372          0.002
      20181.473      37654.706     938912.372          0.002
      21283.888      38517.655     939536.953          0.001
      20043.747      37546.896    1557147.662          0.002
      19518.334      38419.679     938142.878          0.001
      21504.402      37841.879     939560.420          0.001
      22904.256      37821.606     939732.588          0.001
      23119.311      37818.492    1722702.461          0.001
      23531.217      38683.732    1302189.606          0.002
      22902.526      37921.495     939732.588          0.001
      21638.007      38522.319     939536.953          0.001
      23119.311      37818.492    1722702.461          0.001
      24264.971      38523.335    4627524.389          0.001
      25416.442      37660.585    1419447.878          0.002
      26396.344      38621.799    1610837.361          0.002
      25416.442      37660.585    1419447.878          0.002
      25247.369      39049.907     941510.935          0.002
      27564.960      37969.911     940408.846          0.001
      28948.233      37754.141     939694.230          0.001
      27338.803      38005.188    1292677.528          0.001
      27293.517      38708.189    2753766.861          0.001
      27338.803      38005.188    1292677.528          0.001
      26396.344      38621.799    1610837.361          0.002
      28853.586      37887.584     939694.230          0.001
      27614.542      38539.328     940434.404          0.001
      29174.324      37718.875    1715358.396          0.001
      29370.750      38718.676     939429.152          0.000
      29174.324      37718.875    1715358.396          0.001
      30192.154      37766.550     939532.392          0.001
      32525.977      38319.154     939532.392          0.001
      33448.564      38751.119    1579811.263          0.001
      32624.176      37719.868     939532.392          0.001
      33638.811      37625.724    2374353.205          0.001
      31065.837      38009.227     939532.392          0.000
      29787.951      38581.073     939429.152          0.000
      33638.811      37625.724    2374353.205          0.001
      33448.564      38751.119    1579811.263          0.001
      34368.566      38762.523     941012.178          0.001
      34195.981      39766.896    1663583.380          0.002
      36278.463      37646.861    1374133.796          0.001
      35469.377      38736.231    6587120.382          0.001
      38599.344      37835.422    1462998.411          0.001
      39375.713      38857.566     942772.203          0.001
      38568.736      38139.255     944029.579          0.001
      38428.414      39532.205     942551.205          0.001
      38599.344      37835.422    1462998.411          0.001
      37723.748      38355.657     942299.999          0.000
      39956.302      38252.419     944986.105          0.001
      40643.386      39005.060    2665637.784          0.001
      40604.554      37709.549     944986.105          0.001
      41620.862      37787.460    2345463.011          0.001
      42012.881      37738.417     946434.090          0.002
      43402.052      37564.625     947043.642          0.002
      41645.452      37813.510     946434.090          0.001
      42606.454      38831.585     944773.885          0.001
      41570.205      37850.562     946434.090          0.001
      40693.776      38942.291     943217.683          0.001
      43670.803      37657.454     947043.642          0.002
      42754.101      38715.593     944773.885          0.001
      44160.421      37548.442     947043.642          0.002
      45554.852      37673.187     946934.002          0.001
      45621.353      37679.136    1543400.220          0.001
      45790.392      38730.438    1554926.615          0.002
      45621.353      37679.136    1543400.220          0.001
      44416.013      38390.251     945127.437          0.002
      46457.691      37735.431    6067483.700          0.001
      47570.369      37525.606    3599516.256          0.001
      47622.843      37573.488     946188.079          0.001
      48657.009      38517.150     946339.307          0.001
      49750.410      37756.978     946635.301          0.002
      51148.700      37826.143     945242.622          0.001
      49747.983      37836.435     946635.301          0.002
      50651.551      38905.811     945905.782          0.001
      49677.812      37753.387    1971210.330          0.002
      48709.455      38565.006    1853354.104          0.001
      51766.572      37925.027     945242.622          0.001
      50786.004      38924.270     945905.782          0.001
      51830.514      37859.868    1681228.417          0.001
      52551.571      38604.639    1063416.497          0.001
      52927.745      38083.815     944488.763          0.001
      53521.561      38912.441    3372734.886          0.001
      53476.372      37733.621     944488.763          0.001
      54487.693      37861.922    2424389.434          0.001
      54511.423      38083.062     943630.619          0.001
      54660.798      39475.070     944457.587          0.001
      55228.187      37774.914     943630.619          0.002
      56618.621      37611.536     942686.395          0.002
      54478.503      37871.915     943630.619          0.001
      53530.807      38902.387     944388.692          0.001
      56733.035      37598.092    1771278.754          0.001
      56014.219      38320.232     943377.904          0.001
      56733.035      37598.092    1771278.754          0.001
      57605.323      38645.263    1943567.523          0.001
      57894.101      37508.566    2967227.876          0.001
      57605.323      38645.263    1943567.523          0.001
      59040.326      37986.047     940935.691          0.000
      59746.411      38719.697    1459573.136          0.002
      59957.661      37706.922     940935.691          0.001
      60973.753      37638.645    1588179.680          0.001
      60973.753      37638.645    1588179.680          0.001
      60896.822      38951.505    3185162.737          0.001
      60885.253      37716.596     939927.565          0.001
      59834.675      38641.953     941239.720          0.002
      61797.288      38648.611     938979.259          0.001
      61924.377      39659.893    1147654.501          0.001
      62137.793      38248.071     938979.259          0.001
      62803.573      39019.852    1931568.586          0.001
      62570.190      37725.125     938979.259          0.001
      63589.892      37733.581    1822494.364          0.001
      63644.891      37767.896     937140.655          0.001
      64832.663      38508.974     935557.655          0.001
      63533.562      37825.726     937140.655          0.001
      62803.573      39019.852    1931568.586          0.001
      66280.400      37787.455     934184.063          0.001
      67654.741      37520.647     930457.414          0.001
      65582.451      37926.948     934184.063          0.001
      66605.772      38882.362     931800.435          0.001
      67623.855      37653.391     930457.414          0.001
      66734.012      38734.216     931800.435          0.001
      67748.058      37502.530    1711891.012          0.001
      68689.744      37886.499    1514980.190          0.001
      68689.744      37886.499    1514980.190          0.001
      69709.483      37868.269     921232.659          0.001
      68689.744      37886.499    1514980.190          0.001
      69058.176      38798.572    1617252.012          0.001
      68706.764      37896.465     927432.159          0.001
      69914.873      38603.906     923215.250          0.002
      68689.744      37886.499    1514980.190          0.001
      67813.629      38407.319     929395.296          0.000
      70881.673      38746.651     921232.659          0.001
      70867.630      39766.220    1267780.560          0.002
      70729.268      37978.358     921232.659          0.000
      69931.621      38613.713     931782.548          0.002
      71157.885      38143.896     921232.659          0.000
      71834.872      38905.522    1015545.124          0.001
      72413.521      37982.118     917251.844          0.001
      73690.008      38557.078     907428.708          0.001
      72121.752      37850.699    1633694.784          0.001
      73516.487      37735.663     907779.273          0.002
      72121.752      37850.699    1633694.784          0.001
      71834.872      38905.522    1015545.124          0.001
      74157.420      37682.800    4247730.324          0.001
      74739.582      38908.833   11931510.719          0.000
      74157.420      37682.800    4247730.324          0.001
      74015.071      38703.493    1457689.547          0.001
      75997.193      38429.581     894708.332          0.002
      76151.813      39820.346    1692617.970          0.001
      75880.836      37970.441     894708.332          0.001
      74799.453      38859.604     903083.369          0.000
      77856.436      38664.772     878144.440          0.001
      77901.300      39802.158    1932583.948          0.002
      77820.544      37754.857    1657647.366          0.000
      78492.779      38231.432     865785.698          0.001
      77544.199      37974.269     878144.440          0.000
      76746.269      38607.811    1036692.730          0.002
      79736.113      37964.517     858144.729          0.000
      78971.820      38571.043    2031215.406          0.001
        309.326      39003.452     855088.223          0.000
       1146.263      39620.193    2655673.644          0.001
       1214.780      38746.725    3706392.610          0.001
       1146.263      39620.193    2655673.644          0.001
       2424.987      38892.276     864070.248          0.002
       3251.138      38991.637     911528.402          0.001
       3251.138      38991.637     911528.402          0.001
       3154.745      40009.104    1403818.068          0.002
       3251.138      38991.637     911528.402          0.001
       2395.767      39247.067     863265.808          0.002
       3784.865      39207.971     891350.732          0.000
       3154.745      40009.104    1403818.068          0.002
       6545.968      38863.384     907879.608          0.001
       7942.360      38963.822     917823.433          0.001
       6484.123      38941.963     907879.608          0.001
       7782.318      39466.072     916679.887          0.001
       6227.268      38845.026     907879.608          0.001
       5036.413      39580.819    1219325.120          0.001
       8558.607      38976.736     917823.433          0.001
       9957.930      38933.201     925772.402          0.001
       8253.769      38986.220    1521326.318          0.001
       8930.642      39697.985    9324852.819          0.000
      10077.402      39272.099     925772.402          0.002
       9417.374      40506.750     921496.229          0.001
      10263.656      38923.690    1887143.945          0.001
      11263.408      39815.718    1746878.868          0.001
      10502.080      38914.826     925772.402          0.001
      11901.114      38862.816     931146.290          0.002
      12139.713      38853.946    2152125.550          0.002
      12950.684      39787.380    1616203.283          0.001
      12797.113      38809.842     931146.290          0.003
      14193.972      38716.128     935235.363          0.001
      12139.713      38853.946    2152125.550          0.002
      11263.408      39815.718    1746878.868          0.001
      14209.489      38723.378     935235.363          0.001
      15313.660      39584.079     936213.368          0.001
      14106.236      38795.930     935235.363          0.001
      13043.721      39707.555     931479.091          0.001
      14841.484      38768.657     935235.363          0.001
      16236.750      38883.692     938097.032          0.001
      16286.744      38887.814    1804780.326          0.001
      17683.453      38974.598     938429.508          0.001
      16295.858      38896.731     938097.032          0.001
      17296.338      39875.540    1743135.749          0.001
      16286.744      38887.814    1804780.326          0.001
      15323.441      39591.703    1982113.238          0.001
      18424.594      39048.179     938429.508          0.000
      17296.338      39875.540    1743135.749          0.001
      18459.206      39022.798    3738245.195          0.000
      19331.932      40018.989    3061563.293          0.001
      19155.243      39022.822    6891796.333          0.000
      19331.932      40018.989    3061563.293          0.001
      20417.957      38801.294     938142.878          0.001
      21421.353      38625.260    1792149.020          0.001
      19203.968      39055.693     938142.878          0.000
      20364.567      39838.643     938347.703          0.000
      21421.353      38625.260    1792149.020          0.001
      22127.095      39713.799    1603611.388          0.001
      21421.353      38625.260    1792149.020          0.001
      20781.094      39417.460     938347.703          0.001
      21776.499      38635.102     939536.953          0.002
      23175.962      38673.887     940443.657          0.002
      23549.293      38718.225     940443.657          0.002
      24199.160      39958.255     940868.567          0.000
      23531.217      38683.732    1302189.606          0.002
      23139.940      39624.672     940090.124          0.000
      23393.671      38784.636     940443.657          0.002
      22264.848      39612.743     939559.964          0.001
      24264.971      38523.335    4627524.389          0.001
      25183.352      39575.950    2881043.970          0.001
      26396.344      38621.799    1610837.361          0.002
      27155.263      39730.344    1539286.786          0.001
      26340.127      38666.019     940892.363          0.002
      25239.761      39531.579     941510.935          0.001
      27293.517      38708.189    2753766.861          0.001
      28311.876      38735.336     939429.152          0.001
      27293.517      38708.189    2753766.861          0.001
      27155.263      39730.344    1539286.786          0.001
      29166.388      38970.767     939429.152          0.000
      28162.078      39945.592    7008600.636          0.000
      30288.504      38877.371     939429.152          0.001
      31299.613      39003.716    1536755.821          0.001
      31301.505      39005.493     940161.221          0.001
      32321.491      39963.933    1862904.100          0.001
      31993.878      38922.109     940161.221          0.002
      33384.306      38758.672     940863.173          0.001
      31291.027      39011.268     940161.221          0.001
      30239.806      39935.895     942037.249          0.001
      33448.564      38751.119    1579811.263          0.001
      34195.981      39766.896    1663583.380          0.002
      33361.506      38844.799     940863.173          0.001
      32408.471      39870.336     942979.179          0.001
      35519.972      38776.302     941491.338          0.001
      36617.451      39645.520     942106.620          0.002
      35469.377      38736.231    6587120.382          0.001
      36483.991      38646.846     942299.999          0.001
      35376.751      38811.201     941491.338          0.001
      34288.534      39691.986     942141.358          0.002
      37753.959      39046.793     942299.999          0.001
      38397.856      39835.549    1662357.465          0.001
      37207.000      38821.324     942299.999          0.000
      36668.034      39685.583    1393449.326          0.002
      39812.507      39658.703     942772.203          0.001
      40422.760      40787.920    2173708.414          0.001
      39651.790      39044.723     942772.203          0.001
      40730.095      39740.808    1200590.651          0.002
      39319.445      38942.533     942772.203          0.001
      38397.856      39835.549    1662357.465          0.001
      40938.871      38983.144     943217.683          0.002
      42335.036      38879.590     944773.885          0.001
      42034.478      39134.798     944773.885          0.002
      40764.816      39724.677     943353.753          0.002
      42631.044      38857.635    1836709.136          0.001
      43650.523      38841.868    6691290.032          0.001
      44392.731      38803.219     945127.437          0.002
      45790.392      38730.438    1554926.615          0.002
      45790.392      38730.438    1554926.615          0.002
      46416.721      39982.072     944463.865          0.002
      45701.705      38811.686     945652.683          0.002
      44669.410      39757.397     944771.564          0.002
      45790.392      38730.438    1554926.615          0.002
      46800.566      38864.114     944940.556          0.001
      47107.716      39684.951     944940.556          0.001
      46737.988      40635.001    2928970.944          0.001
      47114.465      39257.534     944940.556          0.000
      46433.987      40016.576    1252522.612          0.002
      48709.455      38565.006    1853354.104          0.001
      48632.477      39843.860    1659905.473          0.001
      49030.946      38632.788     946339.307          0.001
      50400.830      38921.608     945905.782          0.002
      50952.149      38940.983     945905.782          0.001
      52322.183      38652.877     944885.733          0.001
      51035.701      39100.759     945905.782          0.002
      52354.910      39569.468     944760.867          0.003
      50325.146      39151.691     945905.782          0.002
      49029.304      39681.589     944508.386          0.002
      52551.571      38604.639    1063416.497          0.001
      52668.939      39681.041    1633644.243          0.002
      52551.571      38604.639    1063416.497          0.001
      53521.561      38912.441    3372734.886          0.001
      53599.895      39433.919     944388.692          0.002
      53807.737      40817.552    1726822.864          0.001
      56586.638      38668.775     943377.904          0.001
      57605.323      38645.263    1943567.523          0.001
      58348.026      38671.083     942474.638          0.002
      59746.411      38719.697    1459573.136          0.002
      57605.323      38645.263    1943567.523          0.001
      57856.390      39765.754    2986053.288          0.001
      57586.695      38666.535     942474.638          0.001
      56664.348      39719.757     943480.722          0.001
      59746.411      38719.697    1459573.136          0.002
      59816.641      39913.230    1223748.999          0.002
      59746.411      38719.697    1459573.136          0.002
      58522.466      39397.105     942887.825          0.002
      60896.822      38951.505    3185162.737          0.001
      60795.395      40347.278     937533.609          0.001
      60896.822      38951.505    3185162.737          0.001
      61924.377      39659.893    1147654.501          0.001
      60896.822      38951.505    3185162.737          0.001
      59851.399      39882.284     941704.209          0.002
      62803.573      39019.852    1931568.586          0.001
      63592.549      40176.143     932888.940          0.001
      62912.238      39059.202     938429.626          0.001
      64228.587      39535.885     934507.969          0.001
      63162.861      38937.612     938429.626          0.002
      64527.566      38625.234     935557.655          0.002
      62803.573      39019.852    1931568.586          0.001
      61924.377      39659.893    1147654.501          0.001
      64887.098      38542.938    1792312.658          0.001
      64937.683      39792.667    2124916.997          0.001
      65056.661      38576.682     935557.655          0.002
      66429.735      38849.934     931800.435          0.001
      66388.487      39005.491     931800.435          0.001
      65157.948      39673.156     934507.969          0.001
      67791.037      38723.112     929395.296          0.000
      68726.671      39764.548     922600.775          0.000
      67383.123      38877.802     929395.296          0.000
      66824.028      39729.837    1263324.933          0.001
      69058.176      38798.572    1617252.012          0.001
      68924.620      39808.733     922600.775          0.000
      69958.483      38646.788     923215.250          0.002
      70841.083      39733.534     917226.333          0.002
      69931.621      38613.713     931782.548          0.002
      69314.161      39424.272     922600.775          0.001
      71915.799      38898.023     916899.305          0.001
      73309.826      38768.845     907428.708          0.002
      71834.872      38905.522    1015545.124          0.001
      70867.630      39766.220    1267780.560          0.002
      74015.071      38703.493    1457689.547          0.001
      74033.384      39722.312     903148.361          0.000
      74015.071      38703.493    1457689.547          0.001
      73123.778      39198.816     912653.001          0.001
      74852.998      39419.071     903083.369          0.001
      75156.648      40785.141    1306444.296          0.001
      74976.031      39061.447     903083.369          0.001
      76151.813      39820.346    1692617.970          0.001
      76746.269      38607.811    1036692.730          0.002
      77652.251      39544.632     876091.363          0.002
      76746.269      38607.811    1036692.730          0.002
      76151.813      39820.346    1692617.970          0.001
      78971.820      38571.043    2031215.406          0.001
      79675.472      39409.307     855352.654          0.001
      78480.170      39136.449     865785.698          0.002
      77901.300      39802.158    1932583.948          0.002
       1550.730      40273.215     863265.808          0.002
       1999.018      40996.988     735712.510          0.002
       1146.263      39620.193    2655673.644          0.001
        361.294      40439.315     852328.236          0.001
       2306.515      39844.857     863265.808          0.002
       3154.745      40009.104    1403818.068          0.002
       3570.076      39914.571     884078.199          0.003
       4935.163      39603.865     899499.051          0.001
       3538.973      40121.131     884078.199          0.003
       4883.011      40513.003     901642.609          0.001
       3154.745      40009.104    1403818.068          0.002
       2158.131      40860.983     872248.350          0.003
       5036.413      39580.819    1219325.120          0.001
       5267.288      40625.044    1891881.100          0.001
       5036.413      39580.819    1219325.120          0.001
       6026.441      39821.235     907135.452          0.000
       7027.754      39736.514     907135.452          0.001
       8032.725      39567.166    3022916.031          0.001
       7975.922      39627.641     916679.887          0.001
       7017.439      40648.086     911814.431          0.001
       8155.177      39698.704     916679.887          0.001
       9109.103      40723.411     921496.229          0.001
      11263.408      39815.718    1746878.868          0.001
      11919.238      40659.013     850226.083          0.001
      10854.932      40024.575     927987.141          0.002
       9608.424      40661.927     921496.229          0.001
      11551.285      39810.883     927987.141          0.002
      12950.684      39787.380    1616203.283          0.001
      12950.684      39787.380    1616203.283          0.001
      13079.756      40797.690     924493.039          0.001
      12950.684      39787.380    1616203.283          0.001
      13947.082      40706.944    1641575.563          0.001
      12950.684      39787.380    1616203.283          0.001
      11919.238      40659.013     850226.083          0.001
      15178.896      39708.826     936213.368          0.001
      14091.157      40590.203     931148.132          0.001
      15382.702      39678.241     936213.368          0.001
      16173.716      40833.358     933532.181          0.001
      15911.116      39676.251     936213.368          0.002
      17296.338      39875.540    1743135.749          0.001
      17296.338      39875.540    1743135.749          0.001
      18492.963      40601.326     935636.789          0.002
      17296.338      39875.540    1743135.749          0.001
      18691.985      39973.892     938076.522          0.001
      17296.338      39875.540    1743135.749          0.001
      16297.498      40855.973     933532.181          0.001
      21112.687      39807.395     938347.703          0.001
      22127.095      39713.799    1603611.388          0.001
      20586.310      40103.840     938347.703          0.000
      21194.428      40921.681    1984551.217          0.000
      19880.153      40315.902     938347.703          0.001
      19096.861      40967.608    1652936.526          0.001
      22220.050      39819.555     939559.964          0.001
      23144.310      40871.099     938556.523          0.002
      22127.095      39713.799    1603611.388          0.001
      21271.859      40821.402     937470.822          0.001
      23107.595      39965.862     940090.124          0.000
      23237.171      40976.748    1387406.976          0.002
      24217.431      39993.119    9088163.398          0.000
      24304.119      40958.652    3016092.496          0.001
      24217.431      39993.119    9088163.398          0.000
      23237.171      40976.748    1387406.976          0.002
      25187.659      39628.531     941510.935          0.001
      25301.935      41023.859     937889.987          0.001
      25332.907      39765.314     941510.935          0.001
      26200.611      40863.990     939878.647          0.002
      25119.506      39676.357     941510.935          0.001
      24368.286      40857.741     939166.507          0.001
      25756.228      39620.804     941510.935          0.002
      27151.957      39730.086     941488.615          0.001
      27155.263      39730.344    1539286.786          0.001
      28032.905      40820.561     940115.318          0.001
      27155.263      39730.344    1539286.786          0.001
      26427.504      40925.745     939878.647          0.001
      29211.667      39944.568     941293.186          0.001
      30231.077      39943.573    1990673.780          0.001
      28165.099      40018.652     941293.186          0.000
      28207.209      41037.084    2084906.046          0.001
      30231.077      39943.573    1990673.780          0.001
      30549.688      41022.581    1772203.549          0.000
      29834.914      40157.623     942037.249          0.001
      28603.204      40823.124     940115.318          0.002
      30921.988      39950.302     942037.249          0.002
      32321.491      39963.933    1862904.100          0.001
      32321.491      39963.933    1862904.100          0.001
      33713.762      39817.584     942141.358          0.002
      32321.491      39963.933    1862904.100          0.001
      33441.145      40804.310     939905.233          0.001
      32293.198      39980.838     942979.179          0.001
      31091.383      40698.919     939925.056          0.001
      34195.981      39766.896    1663583.380          0.002
      34300.945      40780.805     938733.023          0.000
      34195.981      39766.896    1663583.380          0.002
      33441.393      40804.497    1095435.585          0.001
      35551.546      39822.456     941941.734          0.001
      36522.816      40830.739     938450.613          0.001
      35386.265      39650.877    4744729.611          0.001
      34763.647      40457.955     938733.023          0.001
      37003.323      39714.650     942106.620          0.002
      38397.856      39835.549    1662357.465          0.001
      36668.034      39685.583    1393449.326          0.002
      37544.408      40206.360     939827.278          0.001
      36668.034      39685.583    1393449.326          0.002
      36688.209      41002.435    1533935.671          0.001
      38776.740      40013.749     942551.205          0.001
      40043.613      40609.596     939965.680          0.001
      40730.095      39740.808    1200590.651          0.002
      41576.550      40307.704     939280.746          0.001
      40730.095      39740.808    1200590.651          0.002
      42129.254      39770.555     943883.990          0.001
      40730.095      39740.808    1200590.651          0.002
      40422.760      40787.920    2173708.414          0.001
      43250.453      40130.462     943883.990          0.001
      44471.352      40815.595     940662.630          0.001
      43181.849      39797.465     943883.990          0.001
      44580.719      39838.649    1580383.002          0.002
      44657.733      39846.043     944771.564          0.002
      46051.325      39979.837     944463.865          0.002
      44580.719      39838.649    1580383.002          0.002
      44533.431      40850.432    1174631.214          0.001
      44580.719      39838.649    1580383.002          0.002
      45480.039      40902.039    1126704.639          0.001
      46433.987      40016.576    1252522.612          0.002
      45480.039      40902.039    1126704.639          0.001
      48968.548      39872.678     944508.386          0.002
      50363.429      39992.289     944195.588          0.001
      48632.477      39843.860    1659905.473          0.001
      48777.721      40601.208    3932694.914          0.000
      48632.477      39843.860    1659905.473          0.001
      47340.847      40383.247     941610.371          0.002
      50994.720      39970.269     944195.588          0.001
      52374.286      39731.944     944760.867          0.003
      50700.127      40021.161    4342555.093          0.001
      49724.294      40315.599     941162.547          0.001
      50700.127      40021.161    4342555.093          0.001
      50769.359      40941.604    1053522.200          0.001
      52668.939      39681.041    1633644.243          0.002
      51898.316      40348.157     941174.933          0.000
      52817.210      39829.014     944760.867          0.002
      53807.737      40817.552    1726822.864          0.001
      54965.194      39702.810     944457.587          0.001
      56364.826      39734.936     943480.722          0.001
      54741.791      39739.473     944457.587          0.001
      55860.191      40581.602     942664.069          0.002
      54669.862      39715.143     944457.587          0.001
      53807.737      40817.552    1726822.864          0.001
      56645.415      39741.377    7946698.805          0.001
      55917.085      40624.442    1548326.241          0.001
      57856.390      39765.754    2986053.288          0.001
      58918.413      40639.400    1425710.712          0.001
      57837.426      40670.714     942887.825          0.002
      57808.118      42069.312    1725433.901          0.001
      57775.962      39814.939     942887.825          0.001
      56581.600      40545.348     942576.565          0.001
      58420.938      39808.227     942887.825          0.002
      59816.641      39913.230    1223748.999          0.002
      59816.641      39913.230    1223748.999          0.002
      58918.413      40639.400    1425710.712          0.001
      61924.377      39659.893    1147654.501          0.001
      62646.475      39944.620    3050572.039          0.001
      61924.377      39659.893    1147654.501          0.001
      60906.855      40620.638     937533.609          0.001
      62646.475      39944.620    3050572.039          0.001
      62783.712      41337.374     930805.368          0.002
      62646.475      39944.620    3050572.039          0.001
      63852.137      40655.759     932888.940          0.001
      65180.974      39784.564     934507.969          0.001
      66580.198      39737.959     929727.406          0.002
      64937.683      39792.667    2124916.997          0.001
      63965.387      40722.558    2034794.833          0.001
      66824.028      39729.837    1263324.933          0.001
      66993.382      41017.676    1603774.116          0.001
      66824.028      39729.837    1263324.933          0.001
      65911.780      40184.216     930994.301          0.001
      66824.028      39729.837    1263324.933          0.001
      67836.678      39842.988     922600.775          0.001
      69853.818      39867.463     922600.775          0.001
      70867.630      39766.220    1267780.560          0.002
      67885.054      40525.214     922600.775          0.001
      66993.382      41017.676    1603774.116          0.001
      70867.630      39766.220    1267780.560          0.002
      69859.203      40727.065    4329583.087          0.001
      70867.630      39766.220    1267780.560          0.002
      71886.443      39808.850     912653.001          0.000
      71881.915      40844.779     912653.001          0.001
      71750.084      41855.723    2509378.689          0.001
      72297.942      40056.093     912653.001          0.000
      73071.441      40720.191     919684.097          0.001
      72016.297      39814.283    4797606.508          0.000
      73406.568      39974.527     903148.361          0.001
      71508.610      40203.221     912653.001          0.001
      70698.951      40823.497    2220784.141          0.001
      73923.367      40740.285     903148.361          0.001
      73755.375      41744.850    1881321.465          0.001
      74306.671      40224.007     903148.361          0.000
      75156.648      40785.141    1306444.296          0.001
      76151.813      39820.346    1692617.970          0.001
      76743.430      40782.492     725575.843          0.003
      76151.813      39820.346    1692617.970          0.001
      77458.889      39806.757     876091.363          0.002
      76151.813      39820.346    1692617.970          0.001
      75156.648      40785.141    1306444.296          0.001
      77901.300      39802.158    1932583.948          0.002
      78580.674      40130.457     851660.795          0.002
      77901.300      39802.158    1932583.948          0.002
      77732.736      41032.545    1573664.864          0.002
      77733.397      39944.317     876091.363          0.002
      76743.430      40782.492     725575.843          0.003
       1282.221      41396.847     852328.236          0.002
       1970.282      41708.364    2194419.288          0.001
       1999.018      40996.988     735712.510          0.002
       1970.282      41708.364    2194419.288          0.001
       1999.018      40996.988     735712.510          0.002
       3011.963      40783.363    2664713.258          0.002
       3011.963      40783.363    2664713.258          0.002
       2087.907      41603.914     868784.116          0.002
       3759.144      40730.912     883034.073          0.002
       5155.707      40632.877     901642.609          0.001
       5267.288      40625.044    1891881.100          0.001
       5777.664      41506.517     899557.025          0.001
       5414.868      40632.301     901642.609          0.001
       6813.179      40701.060     911814.431          0.001
       5168.742      40727.649     901642.609          0.001
       4198.967      41737.370     887490.992          0.001
       6960.860      40708.322    1631618.601          0.001
       7227.908      41654.388    1569218.613          0.001
       6960.860      40708.322    1631618.601          0.001
       6335.634      41512.449     899557.025          0.001
       7397.503      40736.478     911814.431          0.001
       8794.601      40826.566     921496.229          0.001
       9231.350      40854.729    2729131.687          0.001
      10629.921      40803.601     925978.242          0.001
       9231.350      40854.729    2729131.687          0.001
      10132.074      41330.209     919510.156          0.001
       9231.350      40854.729    2729131.687          0.001
       8900.744      42033.482    1539734.863          0.001
       9231.350      40854.729    2729131.687          0.001
       7931.367      41373.608     908257.089          0.002
      11919.238      40659.013     850226.083          0.001
      11216.637      41397.189     919510.156          0.000
      11919.238      40659.013     850226.083          0.001
      12694.978      41320.407     924493.039          0.001
      13947.082      40706.944    1641575.563          0.001
      14379.294      41910.359    1606659.043          0.001
      14392.777      40748.400     931148.132          0.001
      15786.760      40878.060     933532.181          0.001
      13947.082      40706.944    1641575.563          0.001
      13355.810      41536.336     924493.039          0.000
      16232.735      40919.542    1671533.445          0.001
      17088.702      40712.180    3654041.432          0.000
      16232.735      40919.542    1671533.445          0.001
      14998.725      41579.222     925873.415          0.002
      17088.702      40712.180    3654041.432          0.000
      16205.084      41778.954    3657147.844          0.000
      17088.702      40712.180    3654041.432          0.000
      18064.193      41714.873     930573.499          0.000
      18085.022      40838.907     934907.379          0.001
      19096.861      40967.608    1652936.526          0.001
      19217.741      41064.339     935636.789          0.002
      20310.835      41939.065     932470.085          0.001
      19149.399      40966.457     935636.789          0.001
      20549.063      40935.812     937470.822          0.001
      19096.861      40967.608    1652936.526          0.001
      18424.458      41733.006     930573.499          0.000
      21821.255      40938.579     937470.822          0.001
      23220.747      40976.305     938556.523          0.002
      21194.428      40921.681    1984551.217          0.000
      20468.343      42065.108    1378114.122          0.001
      23237.171      40976.748    1387406.976          0.002
      22265.675      41283.353     934746.444          0.001
      23237.171      40976.748    1387406.976          0.002
      23247.379      42032.783    1089632.951          0.001
      24281.687      41320.791     939166.507          0.001
      24195.132      42718.113     932848.818          0.001
      24266.594      40996.794     939166.507          0.001
      23284.757      41994.790     935486.600          0.001
      26578.360      41051.134     939878.647          0.002
      27978.308      41039.058     940115.318          0.001
      26349.968      41053.104    1596437.425          0.001
      27218.535      41705.699    1198779.902          0.002
      28207.209      41037.084    2084906.046          0.001
      29194.088      41291.398     938966.624          0.001
      28678.672      41034.165     940115.318          0.002
      30078.645      41025.497     939925.056          0.001
      28207.209      41037.084    2084906.046          0.001
      27218.535      41705.699    1198779.902          0.002
      30549.688      41022.581    1772203.549          0.000
      31550.964      40831.357     940841.733          0.001
      31097.339      41202.009     939925.056          0.001
      32427.753      41637.897     939386.979          0.001
      33441.393      40804.497    1095435.585          0.001
      34289.675      41822.178    1450033.004          0.001
      33441.393      40804.497    1095435.585          0.001
      34326.222      41024.974    4377338.324          0.000
      33441.393      40804.497    1095435.585          0.001
      32446.867      41644.159    1627272.442          0.001
      35668.728      41012.163     938733.023          0.001
      36688.209      41002.435    1533935.671          0.001
      34326.222      41024.974    4377338.324          0.000
      35632.899      41525.666     937429.915          0.001
      36688.209      41002.435    1533935.671          0.001
      37692.983      40829.009     939827.278          0.001
      37136.829      41192.892     938450.613          0.001
      38425.306      41739.904    1509690.304          0.001
      39404.153      40748.245     939827.278          0.001
      40422.760      40787.920    2173708.414          0.001
      40531.827      40903.854     939965.680          0.001
      41491.118      41923.541     936270.292          0.001
      40422.760      40787.920    2173708.414          0.001
      41437.178      40882.899     939280.746          0.001
      39771.811      41098.162     939965.680          0.001
      38508.007      41700.489     937655.118          0.001
      42594.916      41725.074     939280.746          0.001
      42591.146      42743.826    1435783.689          0.002
      43002.984      41331.398     939280.746          0.001
      43783.858      41986.078    1116139.612          0.001
      43517.216      40924.514     939280.746          0.001
      44533.431      40850.432    1174631.214          0.001
      42302.793      41301.604     939280.746          0.000
      41600.657      42039.977    2825187.791          0.001
      44533.431      40850.432    1174631.214          0.001
      43783.858      41986.078    1116139.612          0.001
      44533.431      40850.432    1174631.214          0.001
      45480.039      40902.039    1126704.639          0.001
      45480.039      40902.039    1126704.639          0.001
      46439.077      41715.783    4390171.495          0.001
      45480.039      40902.039    1126704.639          0.001
      46737.988      40635.001    2928970.944          0.001
      46737.988      40635.001    2928970.944          0.001
      47513.671      41800.012     937239.493          0.001
      46737.988      40635.001    2928970.944          0.001
      47757.407      40618.112     941162.547          0.001
      49016.708      41067.350     941162.547          0.001
      49481.720      41974.351    1567924.071          0.001
      49764.641      40769.885     941162.547          0.001
      50769.359      40941.604    1053522.200          0.001
      48273.000      41154.657     941162.547          0.001
      47585.746      41908.262    1466310.995          0.001
      50769.359      40941.604    1053522.200          0.001
      51413.768      41832.239    1722156.103          0.001
      50671.481      41020.106     939318.255          0.001
      49579.357      41896.042     937851.875          0.001
      52437.180      41094.817     941174.933          0.001
      53661.740      41772.308   11681058.114          0.000
      52792.947      40728.295     941174.933          0.001
      53807.737      40817.552    1726822.864          0.001
      53807.737      40817.552    1726822.864          0.001
      55011.667      41531.537     937382.764          0.002
      53807.737      40817.552    1726822.864          0.001
      55201.527      40689.951     942664.069          0.002
      55917.085      40624.442    1548326.241          0.001
      55642.535      41905.671    2701790.115          0.001
      56880.207      41022.197     942576.565          0.002
      57808.118      42069.312    1725433.901          0.001
      56455.259      40664.674     942576.565          0.001
      55688.249      41835.868     937382.764          0.001
      58918.413      40639.400    1425710.712          0.001
      59702.177      41289.318     931775.855          0.001
      58918.413      40639.400    1425710.712          0.001
      60314.826      40725.847     937533.609          0.001
      58792.548      40801.496     940656.034          0.001
      57933.928      41907.286     935202.069          0.001
      60765.856      40753.769    3241931.941          0.001
      61784.368      40802.403     935525.450          0.000
      62093.144      40965.072     935525.450          0.000
      62817.713      41682.439    1430075.268          0.001
      61936.164      40809.651    6215995.308          0.000
      60886.294      41734.536     931775.855          0.000
      63965.387      40722.558    2034794.833          0.001
      63882.086      41738.004     929043.014          0.001
      64015.196      40788.208     932888.940          0.001
      64861.403      41903.526     927160.866          0.001
      63928.540      40753.376     932888.940          0.001
      62854.636      41651.557     930805.368          0.001
      65410.075      41030.860     930994.301          0.001
      66674.294      41631.873    4236829.556          0.000
      65982.643      40889.631     930994.301          0.001
      66993.382      41017.676    1603774.116          0.001
      67129.277      41278.138     924871.790          0.001
      67776.876      42519.353     923337.318          0.001
      66993.382      41017.676    1603774.116          0.001
      68384.625      40864.656     921218.241          0.001
      66993.382      41017.676    1603774.116          0.001
      68176.226      41765.737     922496.213          0.002
      68914.039      40806.427    3106560.051          0.000
      69859.203      40727.065    4329583.087          0.001
      69943.822      41554.131     918935.126          0.001
      70086.245      42946.160    1698801.134          0.001
      69953.178      40807.957     918935.126          0.001
      71013.776      41720.900     789384.396          0.001
      69728.448      40877.276     918935.126          0.001
      68809.253      41933.249     922496.213          0.002
      70751.501      40875.102     916334.730          0.001
      71750.084      41855.723    2509378.689          0.001
      70698.951      40823.497    2220784.141          0.001
      71013.776      41720.900     789384.396          0.001
      73071.441      40720.191     919684.097          0.001
      73755.375      41744.850    1881321.465          0.001
      72941.871      40831.539     907004.837          0.001
      71880.080      41744.009     912454.443          0.001
      75156.648      40785.141    1306444.296          0.001
      75909.087      41472.416     885183.972          0.000
      75033.614      40869.405     895028.886          0.001
      73878.546      41660.492     902576.324          0.002
      75156.648      40785.141    1306444.296          0.001
      76190.431      40897.532    2324356.907          0.001
      76190.431      40897.532    2324356.907          0.001
      76743.430      40782.492     725575.843          0.003
      76743.430      40782.492     725575.843          0.003
      77720.752      41631.296     870311.103          0.001
      76743.430      40782.492     725575.843          0.003
      76197.480      41645.255     885183.972          0.000
      77732.736      41032.545    1573664.864          0.002
      77782.752      41685.143    4464780.195          0.001
      78492.624      41406.984     851660.795          0.002
      77782.752      41685.143    4464780.195          0.001
       2019.446      42428.677     868784.116          0.002
       2112.854      43797.195    1279472.898          0.002
       1970.282      41708.364    2194419.288          0.001
       2814.127      42561.896     879503.743          0.001
       1970.282      41708.364    2194419.288          0.001
       1289.351      42105.383     848744.560          0.002
       2799.549      41768.263     868784.116          0.002
       4080.436      41860.783    4607676.631          0.001
       4080.436      41860.783    4607676.631          0.001
       5032.133      42625.644    3868141.088          0.001
       4080.436      41860.783    4607676.631          0.001
       5098.721      41892.560     899557.025          0.001
       6443.286      42196.186     899557.025          0.001
       7298.970      42749.112     909879.373          0.001
       7227.908      41654.388    1569218.613          0.001
       7298.970      42749.112     909879.373          0.001
       7227.908      41654.388    1569218.613          0.001
       7793.509      42502.305     909585.881          0.001
       7535.912      41724.187     908257.089          0.001
       8900.744      42033.482    1539734.863          0.001
       8921.054      42219.776     912324.384          0.001
       9072.787      43611.529     914786.846          0.001
       8942.013      42074.093     912324.384          0.001
       9939.874      43056.067     916321.978          0.002
       8900.744      42033.482    1539734.863          0.001
       9908.091      41882.144     919510.156          0.001
      11004.855      42991.868     919510.156          0.001
      11092.373      44006.911    1393783.967          0.002
      11595.510      42379.050     919510.156          0.001
      12344.425      43070.378    1826992.668          0.001
      10632.166      42127.496     919510.156          0.000
       9981.641      43097.169    1398832.533          0.002
      11802.241      41741.056     919510.156          0.001
      13201.732      41752.465    7059539.450          0.000
      12900.368      42215.744     924493.039          0.001
      12344.425      43070.378    1826992.668          0.001
      14379.294      41910.359    1606659.043          0.001
      15396.364      41837.159     929151.815          0.001
      14685.488      42038.439     925873.415          0.001
      15977.048      42578.692     928755.846          0.001
      14379.294      41910.359    1606659.043          0.001
      14044.055      42697.858    1609883.130          0.001
      16205.084      41778.954    3657147.844          0.000
      17600.755      41873.354     930573.499          0.001
      16205.084      41778.954    3657147.844          0.000
      16282.701      42706.545    1862770.780          0.001
      19451.601      41997.353     930573.499          0.001
      20468.343      42065.108    1378114.122          0.001
      17229.188      42329.479     930573.499          0.001
      16282.701      42706.545    1862770.780          0.001
      20079.617      42207.652     932470.085          0.001
      18765.203      42689.643     930546.921          0.001
      20468.343      42065.108    1378114.122          0.001
      20498.863      43026.755    4912259.304          0.000
      21284.482      41719.890     934746.444          0.000
      22307.952      42675.144     932181.661          0.000
      21182.899      41625.078    5891937.962          0.000
      20569.074      42882.883     930693.216          0.000
      22247.750      41835.371     934746.444          0.001
      23247.379      42032.783    1089632.951          0.001
      23247.379      42032.783    1089632.951          0.001
      24172.747      43079.497    1816236.779          0.001
      25819.495      41665.749     937889.987          0.001
      27218.535      41705.699    1198779.902          0.002
      25209.102      41826.870     937889.987          0.001
      24316.661      42905.550     932848.818          0.001
      27218.535      41705.699    1198779.902          0.002
      27256.950      43015.812    1491416.574          0.001
      27218.535      41705.699    1198779.902          0.002
      26318.316      42182.577     934531.163          0.001
      28364.267      42069.593     937789.962          0.000
      27299.927      42979.087     935202.467          0.001
      28407.521      42032.633    5110072.610          0.000
      29403.543      41816.884     938966.624          0.001
      28422.948      42045.328     937789.962          0.000
      29503.984      42934.914     937446.308          0.001
      30076.265      42094.062     938966.624          0.001
      29519.332      42947.544    2161152.152          0.001
      30721.289      41929.617     938966.624          0.000
      31437.014      42655.134    1602643.407          0.001
      31428.277      41622.980     938966.624          0.001
      32446.867      41644.159    1627272.442          0.001
      32446.867      41644.159    1627272.442          0.001
      32472.504      42662.541     939667.304          0.000
      32446.867      41644.159    1627272.442          0.001
      33282.672      42766.778     940185.289          0.001
      32446.867      41644.159    1627272.442          0.001
      31457.514      42634.611     939058.798          0.001
      32671.644      41665.873     939386.979          0.001
      34065.157      41800.489     938657.210          0.001
      34289.675      41822.178    1450033.004          0.001
      35398.186      42676.858     939996.639          0.001
      34289.675      41822.178    1450033.004          0.001
      35307.951      41845.451     937429.915          0.001
      34289.675      41822.178    1450033.004          0.001
      33344.892      42850.350    1936529.164          0.001
      37409.465      41811.998     937429.915          0.001
      38425.306      41739.904    1509690.304          0.001
      36243.654      42092.201     937429.915          0.000
      35422.629      42695.704    1550895.817          0.001
      38425.306      41739.904    1509690.304          0.001
      39478.737      42661.352     939385.074          0.001
      38425.306      41739.904    1509690.304          0.001
      38647.398      42624.823    1045257.591          0.002
      38425.306      41739.904    1509690.304          0.001
      37190.428      42398.121     940179.654          0.001
      38425.306      41739.904    1509690.304          0.001
      39443.680      41763.380     936917.008          0.001
      40352.873      42072.194     936917.008          0.000
      39694.175      42849.798    2529622.501          0.001
      41600.657      42039.977    2825187.791          0.001
      40446.320      42799.188    6250281.932          0.000
      43783.858      41986.078    1116139.612          0.001
      44449.410      43064.890    1587550.597          0.001
      43778.118      41989.724     936011.217          0.001
      42596.431      42740.468     937876.774          0.002
      44721.017      41985.360     937116.785          0.001
      44449.410      43064.890    1587550.597          0.001
      45159.156      41714.631     937116.785          0.001
      46439.077      41715.783    4390171.495          0.001
      46439.077      41715.783    4390171.495          0.001
      47585.746      41908.262    1466310.995          0.001
      46439.077      41715.783    4390171.495          0.001
      47109.288      42722.250     934390.991          0.000
      48082.951      41925.593     937239.493          0.002
      49481.720      41974.351    1567924.071          0.001
      47585.746      41908.262    1466310.995          0.001
      48492.139      42375.402     935069.480          0.001
      49749.632      41954.645     937851.875          0.001
      51145.860      41851.945     938117.730          0.001
      49515.687      42001.401     937851.875          0.001
      50610.852      42873.533     935978.030          0.001
      51635.511      42037.983     938117.730          0.001
      52661.745      42990.175    1545950.019          0.001
      51413.768      41832.239    1722156.103          0.001
      50645.083      42900.793    1473156.243          0.001
      51413.768      41832.239    1722156.103          0.001
      52432.739      41805.073     938068.237          0.001
      53308.371      42202.667     938068.237          0.001
      52661.745      42990.175    1545950.019          0.001
      54625.280      41837.181     938068.237          0.001
      55642.535      41905.671    2701790.115          0.001
      56412.665      41963.865     937382.764          0.002
      57808.118      42069.312    1725433.901          0.001
      55642.535      41905.671    2701790.115          0.001
      56407.622      42578.856     933951.586          0.001
      55000.692      42157.997     937382.764          0.002
      53697.848      42670.181    6352617.707          0.000
      57808.118      42069.312    1725433.901          0.001
      58597.807      42810.895    1467864.549          0.001
      57808.118      42069.312    1725433.901          0.001
      57077.807      42778.960     933951.586          0.000
      58495.014      42015.137    6330689.468          0.000
      59894.210      42012.347     931775.855          0.001
      61749.924      42399.244     931775.855          0.001
      62717.780      42718.384    1491330.790          0.001
      61809.415      41829.988     931775.855          0.001
      62817.713      41682.439    1430075.268          0.001
      59541.455      42428.642     931775.855          0.001
      58597.807      42810.895    1467864.549          0.001
      62817.713      41682.439    1430075.268          0.001
      62717.780      42718.384    1491330.790          0.001
      64911.312      41969.306     934515.926          0.001
      65732.265      42908.996    1363099.201          0.001
      64911.312      41969.306     934515.926          0.001
      65912.495      41777.681     925502.342          0.001
      64911.312      41969.306     934515.926          0.001
      64052.763      42517.908     929043.014          0.000
      67165.188      42086.836     925502.342          0.001
      67912.654      42779.591    2171593.617          0.001
      66337.283      42088.764     925502.342          0.001
      65732.265      42908.996    1363099.201          0.001
      68892.999      42214.850     922496.213          0.002
      70086.245      42946.160    1698801.134          0.001
      68678.540      42083.413    1761761.801          0.001
      67912.654      42779.591    2171593.617          0.001
      71013.776      41720.900     789384.396          0.001
      71130.654      42633.295    6523831.091          0.000
      70972.688      41775.177     915441.790          0.002
      70127.690      42891.411     916792.568          0.001
      72357.547      41822.136     912454.443          0.001
      73755.375      41744.850    1881321.465          0.001
      71750.084      41855.723    2509378.689          0.001
      72457.735      42588.589     906450.312          0.000
      73768.367      41852.019     902576.324          0.002
      73936.848      43241.844     896925.828          0.002
      73808.157      41789.520     902576.324          0.001
      74876.812      42693.940     893825.927          0.001
      73755.375      41744.850    1881321.465          0.001
      73032.963      42462.754     906450.312          0.001
      76416.058      41936.748     885183.972          0.000
      77171.999      42630.981    3177754.815          0.002
      75709.451      42082.597     885183.972          0.001
      74929.562      42738.582    1375422.885          0.001
      76650.578      41697.370     885183.972          0.001
      77782.752      41685.143    4464780.195          0.001
      77782.752      41685.143    4464780.195          0.001
      78440.377      42248.784     853631.951          0.002
      79833.583      42051.019     848764.908          0.000
      79184.613      42886.657    1999368.274          0.001
       1444.132      43499.667     848744.560          0.002
       2112.854      43797.195    1279472.898          0.002
       4172.909      43481.908     879503.743          0.001
       5062.332      43979.343    1413699.640          0.002
       4025.200      42784.627     879503.743          0.001
       5032.133      42625.644    3868141.088          0.001
       2968.507      43085.889     879503.743          0.000
       2112.854      43797.195    1279472.898          0.002
       5513.836      42912.153     893708.904          0.001
       6717.086      43627.827     907390.820          0.001
       5875.786      42671.595     893708.904          0.002
       7273.714      42747.736     906327.538          0.001
       7298.970      42749.112     909879.373          0.001
       7198.135      43913.948    2479458.203          0.001
       9995.690      43108.676     916321.978          0.002
      11078.771      43995.769     919660.432          0.002
       9986.736      43320.180     916321.978          0.002
      10018.712      44719.815     911628.938          0.001
      12937.495      43392.012     922324.074          0.002
      14167.044      44058.824    1184462.626          0.001
      12677.148      42997.452     922324.074          0.001
      14044.055      42697.858    1609883.130          0.001
      12213.093      43168.614     922324.074          0.001
      11092.373      44006.911    1393783.967          0.002
      14044.055      42697.858    1609883.130          0.001
      14936.523      43189.671     925591.001          0.001
      14044.055      42697.858    1609883.130          0.001
      14167.044      44058.824    1184462.626          0.001
      14463.300      42699.485     925687.116          0.001
      15863.290      42704.918     928755.846          0.001
      16580.310      42904.400     928755.846          0.001
      17746.175      43679.485     927592.390          0.002
      16630.817      42727.409     928755.846          0.001
      18028.309      42811.167     930546.921          0.001
      18658.981      43004.735     930546.921          0.001
      19853.091      43735.558     929081.261          0.001
      18376.837      42832.056    1701809.787          0.001
      19391.423      42925.146     930693.216          0.001
      18376.837      42832.056    1701809.787          0.001
      18044.269      43877.662    1774332.369          0.001
      20590.140      43270.570     930693.216          0.000
      21080.989      44581.703     926010.828          0.000
      21022.175      42956.374     930693.216          0.001
      22409.376      42769.807    6875556.108          0.000
      21573.296      43550.785     930693.216          0.001
      22488.977      43997.386    2947949.468          0.001
      23169.209      42903.252     932181.661          0.001
      24172.747      43079.497    1816236.779          0.001
      24172.747      43079.497    1816236.779          0.001
      24314.312      44043.572    1354360.461          0.001
      24080.571      43129.746     932848.818          0.001
      22851.354      43799.840     931377.502          0.001
      24926.557      43229.656     934531.163          0.001
      24314.312      44043.572    1354360.461          0.001
      25478.799      42912.843     934531.163          0.000
      26130.344      43696.558    1118532.150          0.002
      26250.108      42859.726     934531.163          0.001
      27256.950      43015.812    1491416.574          0.001
      27256.950      43015.812    1491416.574          0.001
      27354.517      44029.560     931093.513          0.001
      27256.950      43015.812    1491416.574          0.001
      26130.344      43696.558    1118532.150          0.002
      27256.950      43015.812    1491416.574          0.001
      28159.480      43973.781    1230742.931          0.001
      29476.979      43347.188     937446.308          0.001
      29329.435      44739.392     931342.341          0.001
      29519.332      42947.544    2161152.152          0.001
      29955.766      43868.170     933537.058          0.001
      29786.224      42906.848     937446.308          0.001
      31170.227      42695.814     939058.798          0.001
      29398.213      43038.949     937446.308          0.001
      28280.722      43882.284     935786.266          0.001
      29519.332      42947.544    2161152.152          0.001
      30572.340      43773.965    1327158.035          0.001
      31432.896      42660.463     939058.798          0.001
      30576.793      43768.203     937713.264          0.001
      31446.567      42666.494     939058.798          0.001
      32347.621      43737.989     938360.216          0.002
      32483.362      42938.895     939667.304          0.000
      32531.808      43957.016    2254926.489          0.001
      33426.526      42941.989     940185.289          0.001
      34357.763      43987.358     938448.920          0.001
      33685.730      42824.981     940185.289          0.001
      35081.868      42721.066     939996.639          0.002
      33344.892      42850.350    1936529.164          0.001
      32531.808      43957.016    2254926.489          0.001
      35336.417      42816.926     939996.639          0.001
      34525.024      43957.821     938448.920          0.001
      35422.629      42695.704    1550895.817          0.001
      36503.276      42764.388    2214713.453          0.001
      36503.276      42764.388    2214713.453          0.001
      36388.950      43825.023    1339041.614          0.001
      37265.197      43119.582     940179.654          0.001
      38534.089      43711.117     941353.244          0.001
      36877.158      42740.051     940179.654          0.001
      38274.202      42649.115     939276.746          0.002
      36503.276      42764.388    2214713.453          0.001
      35580.067      43762.249     939556.860          0.001
      38647.398      42624.823    1045257.591          0.002
      38684.770      43781.362    2444201.997          0.001
      39712.143      42881.006     939385.074          0.001
      40410.673      44094.289     941127.815          0.002
      39694.175      42849.798    2529622.501          0.001
      38684.770      43781.362    2444201.997          0.001
      40868.865      42998.408     938994.313          0.001
      42135.178      43595.444     940593.843          0.001
      41122.407      42781.737     938994.313          0.001
      42521.940      42745.612     937876.774          0.002
      42591.146      42743.826    1435783.689          0.002
      42556.872      43794.263    2403021.703          0.001
      42591.146      42743.826    1435783.689          0.002
      43970.649      42982.172     936522.416          0.001
      44449.410      43064.890    1587550.597          0.001
      44608.162      43922.351    2126203.288          0.001
      43883.411      43283.023     936522.416          0.001
      42577.068      43786.480     940593.843          0.001
      45410.105      42640.096   19298719.588          0.000
      46774.322      42953.701     934390.991          0.001
      48214.426      43035.202     934390.991          0.001
      49611.312      42952.205    9102907.553          0.000
      46672.417      43516.372     934390.991          0.001
      45811.563      44061.114    2689146.105          0.001
      49626.381      43031.879     935069.480          0.000
      49815.817      44033.443     651718.581          0.002
      48672.287      43497.598     935069.480          0.001
      47790.718      44009.621    1251526.818          0.001
      50645.083      42900.793    1473156.243          0.001
      50637.686      43844.171    2633972.294          0.001
      51263.523      42928.203     935978.030          0.001
      52661.745      42990.175    1545950.019          0.001
      52661.745      42990.175    1545950.019          0.001
      53544.779      44070.073    2546034.837          0.001
      52661.745      42990.175    1545950.019          0.001
      52785.603      44033.595    1190848.677          0.002
      52661.745      42990.175    1545950.019          0.001
      51372.377      43534.189     937723.656          0.002
      54092.175      42909.742     936798.018          0.001
      55288.677      43636.641     935724.486          0.001
      53697.848      42670.181    6352617.707          0.000
      55072.595      42931.910     934587.918          0.001
      56497.060      43262.799     933951.586          0.000
      55683.536      43876.526    1948178.884          0.001
      57584.566      42911.911     933951.586          0.001
      58597.807      42810.895    1467864.549          0.001
      58597.807      42810.895    1467864.549          0.001
      59613.249      43773.682     933267.944          0.002
      58597.807      42810.895    1467864.549          0.001
      57740.783      43916.611     934522.112          0.001
      58597.807      42810.895    1467864.549          0.001
      59989.459      42957.577     933105.085          0.002
      60701.870      43032.666    1623672.763          0.001
      61803.776      43742.331    1275990.020          0.002
      60701.870      43032.666    1623672.763          0.001
      60766.572      43890.939    2125883.029          0.001
      61017.979      42983.385     933105.085          0.001
      62401.269      42767.728     930575.526          0.001
      60701.870      43032.666    1623672.763          0.001
      59842.145      43990.709    1646876.929          0.001
      62747.469      42761.196     930575.526          0.001
      63545.273      43911.635     930073.267          0.002
      62717.780      42718.384    1491330.790          0.001
      61803.776      43742.331    1275990.020          0.002
      64720.603      43177.846     929043.014          0.001
      65614.086      43667.495    3013153.205          0.001
      63755.487      42951.313     929043.014          0.000
      63574.616      43953.948    1812602.950          0.002
      64720.891      42786.794     929043.014          0.001
      65732.265      42908.996    1363099.201          0.001
      66123.773      42885.760     926722.917          0.002
      67521.314      42802.817     923337.318          0.001
      65754.933      42927.920     926722.917          0.001
      66829.650      43825.128     923593.361          0.001
      67919.674      42783.858     923337.318          0.001
      69115.983      43511.076     914731.638          0.002
      67876.782      42815.629     923337.318          0.001
      66889.104      43807.845     923593.361          0.001
      68301.227      42809.368     923337.318          0.001
      69697.134      42916.341     916792.568          0.001
      70086.245      42946.160    1698801.134          0.001
      70022.784      44062.306    2048642.740          0.001
      70647.454      43256.562     913493.446          0.001
      70022.784      44062.306    2048642.740          0.001
      71287.886      42922.394     913493.446          0.000
      71774.948      43817.936    2124678.396          0.001
      71130.654      42633.295    6523831.091          0.000
      72520.790      42797.581     906450.312          0.000
      73254.371      43313.317     906450.312          0.001
      74026.142      43978.433    1876077.156          0.001
      74929.562      42738.582    1375422.885          0.001
      75175.271      43844.911    1453482.697          0.001
      74929.562      42738.582    1375422.885          0.001
      76323.241      42671.708     874456.554          0.003
      74929.562      42738.582    1375422.885          0.001
      74105.290      43869.810     896925.828          0.001
      77171.999      42630.981    3177754.815          0.002
      77905.565      43184.781     852105.995          0.002
      76368.019      43119.768     874456.554          0.003
      75175.271      43844.911    1453482.697          0.001
      77171.999      42630.981    3177754.815          0.002
      77989.656      42734.853     853631.951          0.002
      79184.613      42886.657    1999368.274          0.001
      79843.728      43687.642     845888.011          0.000
      79184.613      42886.657    1999368.274          0.001
      79022.483      44027.991    2013877.361          0.001
        323.953      44252.271     847625.538          0.001
       1071.141      45116.553    2621725.664          0.001
       2112.854      43797.195    1279472.898          0.002
       1586.169      44464.255     851870.059          0.002
       2264.792      43961.558     869302.814          0.002
       3159.281      44929.197    1312249.049          0.001
       2112.854      43797.195    1279472.898          0.002
       3275.810      43987.237     817348.863          0.001
       3469.346      43986.382     880855.591          0.001
       4869.333      43980.196     895013.703          0.002
       3275.810      43987.237     817348.863          0.001
       3839.540      44837.022     879918.716          0.000
       3275.810      43987.237     817348.863          0.001
       3159.281      44929.197    1312249.049          0.001
       5062.332      43979.343    1413699.640          0.002
       4309.800      44667.517     879918.716          0.001
       5142.047      44052.086     895013.703          0.002
       6176.184      44995.781     895939.627          0.001
       5133.041      43977.178     895013.703          0.002
       6532.385      43934.332     907390.820          0.002
       7198.135      43913.948    2479458.203          0.001
       7815.900      44723.599     904316.226          0.001
       7140.801      43984.204     907390.820          0.001
       6255.917      45068.542    1880381.431          0.001
       7448.470      43904.669     907390.820          0.001
       8847.509      43852.814     914786.846          0.001
       9110.045      43857.741     914786.846          0.001
      10011.614      44928.803     911628.938          0.001
       9098.080      43843.527    3361596.946          0.001
       8373.185      44758.891     904316.226          0.000
      11092.373      44006.911    1393783.967          0.002
      12258.396      44070.233    3154145.292          0.000
      11084.906      44013.455     919660.432          0.002
      10031.985      44936.145     911628.938          0.001
      12768.164      44067.186     921270.442          0.001
      14167.044      44058.824    1184462.626          0.001
      12258.396      44070.233    3154145.292          0.000
      11245.220      44865.876    2739764.403          0.001
      14167.044      44058.824    1184462.626          0.001
      15180.556      43959.114     925591.001          0.001
      14167.044      44058.824    1184462.626          0.001
      13214.468      44417.583     918054.918          0.001
      15545.330      44178.427     925591.001          0.001
      14301.240      44818.824    4059299.949          0.000
      17025.206      43869.701     925591.001          0.001
      18044.269      43877.662    1774332.369          0.001
      18044.269      43877.662    1774332.369          0.001
      18825.633      44531.142     924322.958          0.001
      18044.269      43877.662    1774332.369          0.001
      18089.577      45142.916    2397901.275          0.001
      18389.848      43882.776     927592.390          0.002
      19789.694      43903.493     929081.261          0.001
      20135.855      43908.616    1121592.289          0.001
      19487.263      44694.449     924322.958          0.000
      20135.855      43908.616    1121592.289          0.001
      20899.337      44583.698     926010.828          0.000
      22915.405      44008.176     931377.502          0.001
      24314.312      44043.572    1354360.461          0.001
      22488.977      43997.386    2947949.468          0.001
      21626.200      44539.425     926010.828          0.001
      24314.312      44043.572    1354360.461          0.001
      25688.973      43780.897     934253.276          0.002
      24314.312      44043.572    1354360.461          0.001
      23220.640      44917.280     927196.563          0.002
      24314.312      44043.572    1354360.461          0.001
      25636.231      44502.131     931432.697          0.001
      26130.344      43696.558    1118532.150          0.002
      26889.694      44375.691     931093.513          0.001
      28236.505      44053.422     935786.266          0.001
      29209.796      45059.754     931342.341          0.001
      28159.480      43973.781    1230742.931          0.001
      27516.098      44763.332     931093.513          0.000
      30854.999      43800.371     937713.264          0.001
      32248.929      43930.589     938360.216          0.002
      30572.340      43773.965    1327158.035          0.001
      31356.726      44687.227    6273787.020          0.000
      32942.169      43983.186     938360.216          0.002
      34339.331      44072.290     938448.920          0.001
      32479.787      44216.559     938360.216          0.002
      32204.654      45589.258     931326.646          0.002
      32531.808      43957.016    2254926.489          0.001
      33233.739      44695.297     933260.142          0.000
      34433.844      44174.512     938448.920          0.001
      34357.348      45572.421     932322.284          0.002
      34439.090      44078.652    1737164.429          0.001
      33749.026      44827.776     933260.142          0.000
      34439.090      44078.652    1737164.429          0.001
      35200.572      44755.765     934533.297          0.000
      36406.853      43842.202     940194.227          0.001
      37416.998      44811.535     936311.833          0.001
      36837.431      43816.494     940194.227          0.002
      38237.178      43789.874     941353.244          0.001
      36388.950      43825.023    1339041.614          0.001
      35668.789      44546.077     934533.297          0.000
      38951.721      43939.922     941353.244          0.001
      40155.404      44654.868     938376.569          0.002
      38596.304      43855.453     941353.244          0.001
      37523.008      44754.361     936311.833          0.001
      38870.028      43817.878     941353.244          0.001
      40243.599      44088.622     941127.815          0.002
      40800.860      44067.159     941127.815          0.002
      42184.255      43852.171     940593.843          0.001
      40428.380      44125.044    1449382.677          0.002
      41652.561      44696.754    2615283.147          0.001
      40428.380      44125.044    1449382.677          0.002
      40422.032      44813.236    1369919.335          0.002
      42639.669      43893.857     940593.843          0.001
      43534.666      44970.417     939278.967          0.001
      42556.872      43794.263    2403021.703          0.001
      41652.561      44696.754    2615283.147          0.001
      42556.872      43794.263    2403021.703          0.001
      43953.732      43881.486     939506.203          0.002
      44598.966      44312.169     939506.203          0.001
      44565.953      45711.535    1943673.381          0.001
      44608.162      43922.351    2126203.288          0.001
      45446.898      44963.120     812640.835          0.002
      44608.162      43922.351    2126203.288          0.001
      45811.563      44061.114    2689146.105          0.001
      44532.094      44010.504     939506.203          0.001
      43617.643      45070.228    3549801.022          0.001
      45836.100      44115.292     938930.409          0.001
      46413.668      45390.602     937639.305          0.002
      46095.461      44150.100     938930.409          0.001
      47431.375      44568.830     939344.377          0.002
      46101.497      44053.571     938930.409          0.001
      47501.024      44017.158     938050.040          0.001
      48103.359      44013.298     938050.040          0.001
      49503.262      44029.766     937961.609          0.002
      48027.712      44103.339     938050.040          0.001
      49329.613      44618.171     939224.755          0.001
      47790.718      44009.621    1251526.818          0.001
      47715.050      44657.746    1450246.633          0.002
      49815.817      44033.443     651718.581          0.002
      50637.686      43844.171    2633972.294          0.001
      50643.203      44334.484     937723.656          0.001
      50658.956      45734.396     934611.272          0.001
      50697.501      43897.962     937723.656          0.001
      51738.483      44834.101     938826.410          0.001
      50637.686      43844.171    2633972.294          0.001
      49566.957      44712.028    2272416.545          0.001
      51319.100      43904.265     937723.656          0.002
      52713.688      44027.253     937779.975          0.002
      52785.603      44033.595    1190848.677          0.002
      53713.174      45069.302    1222971.390          0.003
      52785.603      44033.595    1190848.677          0.002
      51798.166      44887.773    1662439.132          0.001
      53544.779      44070.073    2546034.837          0.001
      53713.174      45069.302    1222971.390          0.003
      53544.779      44070.073    2546034.837          0.001
      54480.571      44473.290     934161.005          0.001
      53897.856      44038.121     937258.162          0.002
      55292.158      43911.944     935724.486          0.001
      55778.085      43953.685     935724.486          0.001
      56862.741      44838.852     932240.954          0.001
      55953.278      43904.588     935724.486          0.001
      57345.763      44049.453     934522.112          0.001
      55683.536      43876.526    1948178.884          0.001
      55549.662      44887.099     934161.005          0.000
      57616.027      44077.570    1696144.102          0.001
      57971.842      44887.814    5460548.630          0.000
      58029.988      44061.417     934522.112          0.001
      59428.923      44006.832     933267.944          0.002
      57616.027      44077.570    1696144.102          0.001
      56957.604      44916.267    1281668.174          0.001
      59842.145      43990.709    1646876.929          0.001
      60602.794      44668.630     929553.174          0.000
      59842.145      43990.709    1646876.929          0.001
      58923.244      44431.466     931269.938          0.001
      59842.145      43990.709    1646876.929          0.001
      60766.572      43890.939    2125883.029          0.001
      60766.572      43890.939    2125883.029          0.001
      61733.594      44660.657    1603169.449          0.001
      61803.776      43742.331    1275990.020          0.002
      61733.594      44660.657    1603169.449          0.001
      62170.146      43786.113     931972.521          0.002
      63560.255      43952.232     930073.267          0.002
      63900.708      43908.147     930073.267          0.002
      65287.099      43713.422     926502.198          0.001
      63676.712      44054.098     930073.267          0.002
      64676.138      45034.479     925097.575          0.001
      63574.598      43953.955     930073.267          0.002
      62267.587      44455.675     929969.226          0.001
      65542.689      43792.926     926502.198          0.001
      64850.127      45009.625     925097.575          0.001
      65614.086      43667.495    3013153.205          0.001
      66852.725      43844.391    1121141.325          0.001
      66852.725      43844.391    1121141.325          0.001
      67070.901      44941.568    2633238.395          0.001
      66852.725      43844.391    1121141.325          0.001
      66044.460      44464.871     924007.982          0.000
      68803.643      44325.358     921430.056          0.001
      69731.910      44746.727    3558702.146          0.001
      69007.949      43965.861     921430.056          0.001
      70022.784      44062.306    2048642.740          0.001
      67687.205      43944.273     921430.056          0.000
      67070.901      44941.568    2633238.395          0.001
      67749.571      43856.985     921430.056          0.000
      67907.203      44863.944     922368.894          0.002
      70571.889      44354.824     914731.638          0.002
      71806.952      45012.766    1474601.285          0.001
      70205.598      44036.809     914731.638          0.001
      71592.178      43843.427     909176.581          0.001
      72573.901      44230.516     909176.581          0.002
      73817.683      44872.804    1280702.663          0.001
      71774.948      43817.936    2124678.396          0.001
      71806.952      45012.766    1474601.285          0.001
      72593.177      43876.271     909176.581          0.002
      73989.633      43975.830     896925.828          0.001
      74026.142      43978.433    1876077.156          0.001
      75175.271      43844.911    1453482.697          0.001
      74026.142      43978.433    1876077.156          0.001
      73817.683      44872.804    1280702.663          0.001
      75361.153      43965.923     889677.720          0.001
      76534.429      44729.745     873008.420          0.002
      75371.164      43855.032     889677.720          0.001
      76769.298      43927.272     873595.927          0.003
      76964.345      43937.350     795060.143          0.003
      77782.304      44274.877     850845.504          0.002
      76964.345      43937.350     795060.143          0.003
      77827.958      43975.384     852105.995          0.002
      76964.345      43937.350     795060.143          0.003
      76720.293      44850.746    1052611.532          0.002
      79022.483      44027.991    2013877.361          0.001
      79768.001      44691.485     842103.925          0.000
      79022.483      44027.991    2013877.361          0.001
      78915.020      44742.287    2301442.279          0.001
       1073.100      45175.752     851870.059          0.001
       1119.411      46574.986     846878.048          0.001
       1263.036      45381.299     851870.059          0.001
       1788.535      46106.297    3033788.791          0.001
       1071.141      45116.553    2621725.664          0.001
        256.203      45726.583     843294.966          0.000
       2297.333      45006.534     851870.059          0.002
       3159.281      44929.197    1312249.049          0.001
       3159.281      44929.197    1312249.049          0.001
       2948.750      46289.474     863230.672          0.003
       3159.281      44929.197    1312249.049          0.001
       2271.732      45691.361     859422.228          0.002
       3218.204      44986.109     873639.765          0.001
       4225.189      45958.724     883246.808          0.001
       5236.793      45037.927     879918.716          0.001
       6255.917      45068.542    1880381.431          0.001
       6255.917      45068.542    1880381.431          0.001
       6200.748      46145.959    1103150.665          0.001
       6255.917      45068.542    1880381.431          0.001
       7273.843      45085.863     904316.226          0.001
       5545.546      45409.638     895939.627          0.002
       4283.904      46015.435    1519617.789          0.001
       9008.592      45026.112     904316.226          0.001
      10023.818      44943.302    1594519.631          0.001
       8103.074      45099.974    3298743.541          0.000
       6964.133      45901.917    6499862.027          0.000
       8225.809      45249.770     904316.226          0.000
       8971.033      46159.313    1491499.031          0.002
      10023.818      44943.302    1594519.631          0.001
      11245.220      44865.876    2739764.403          0.001
      10023.818      44943.302    1594519.631          0.001
       9191.840      45904.271     903894.518          0.002
      11401.151      45066.576     915275.425          0.001
      12259.572      46171.463    1327099.856          0.001
      11245.220      44865.876    2739764.403          0.001
      12271.034      44752.770     918054.918          0.000
      13300.047      45426.119     918054.918          0.001
      14128.384      46018.354    1705955.109          0.001
      12321.549      45155.260     918054.918          0.000
      12259.572      46171.463    1327099.856          0.001
      12903.704      44765.639     918054.918          0.001
      14301.240      44818.824    4059299.949          0.000
      15120.715      45261.391     920369.120          0.001
      16017.838      45745.895    1729971.309          0.002
      15185.992      44738.678     920369.120          0.001
      16201.497      44646.688     537936.459          0.001
      14273.788      45009.324     920369.120          0.000
      14128.384      46018.354    1705955.109          0.001
      16201.497      44646.688     537936.459          0.001
      16017.838      45745.895    1729971.309          0.002
      16201.497      44646.688     537936.459          0.001
      17024.738      44672.128    8089060.495          0.000
      17264.593      44954.740     923718.091          0.001
      18170.501      46022.135     925690.129          0.002
      18089.577      45142.916    2397901.275          0.001
      19092.016      44962.134     924322.958          0.000
      19518.502      45282.581     924322.958          0.000
      20055.272      46147.882    1314798.517          0.001
      18914.546      45335.645     924322.958          0.001
      18220.414      46080.946    1600391.143          0.002
      19536.032      44912.391     924322.958          0.000
      20934.029      44837.526     926010.828          0.000
      22077.931      44917.218     926010.828          0.001
      23091.293      45020.613    1065858.686          0.002
      20712.183      45369.568     926010.828          0.001
      20055.272      46147.882    1314798.517          0.001
      23091.293      45020.613    1065858.686          0.002
      24140.034      45725.039    1388402.536          0.002
      23091.293      45020.613    1065858.686          0.002
      24073.891      44748.676     930406.077          0.000
      23091.293      45020.613    1065858.686          0.002
      22229.834      45868.791    3425742.472          0.001
      24385.136      44735.405     930406.077          0.000
      24140.034      45725.039    1388402.536          0.002
      24726.155      45155.274     930406.077          0.001
      25279.357      46011.965    2972560.048          0.001
      25070.621      44658.213     930406.077          0.001
      26090.760      44659.802    3071638.481          0.001
      26206.078      44811.181     931432.697          0.001
      27054.454      45924.849     930630.120          0.001
      25999.538      44811.818     931432.697          0.001
      25279.357      46011.965    2972560.048          0.001
      28350.771      45357.861     931093.513          0.001
      29247.306      45842.033    1951246.338          0.002
      28279.493      44989.236     931093.513          0.001
      29287.022      45139.602    1205167.374          0.001
      29287.022      45139.602    1205167.374          0.001
      29247.306      45842.033    1951246.338          0.002
      29955.986      45109.457     933537.058          0.001
      29247.306      45842.033    1951246.338          0.002
      30833.053      45233.769     933537.058          0.001
      31517.177      45988.955    1115493.445          0.002
      31356.726      44687.227    6273787.020          0.000
      31517.177      45988.955    1115493.445          0.002
      33463.596      45696.946     933260.142          0.001
      33266.945      47082.491    2728465.782          0.000
      33557.439      45035.761    2825040.818          0.000
      34352.129      45667.790    1127231.123          0.001
      33060.169      45323.568     933260.142          0.001
      32152.626      45848.831    2349300.994          0.001
      36415.857      44852.330     934533.297          0.001
      37434.588      44828.415    1166739.192          0.001
      36501.455      45351.752     934533.297          0.001
      37445.262      45736.235    1545575.810          0.001
      35147.045      45030.451     934533.297          0.000
      34352.129      45667.790    1127231.123          0.001
      37434.588      44828.415    1166739.192          0.001
      37445.262      45736.235    1545575.810          0.001
      39406.497      44894.477     936363.400          0.001
      40422.032      44813.236    1369919.335          0.002
      38783.996      45235.717     936363.400          0.000
      39704.077      46049.479    2735787.635          0.002
      40521.709      44920.210     938376.569          0.002
      41476.109      45944.476     934689.167          0.002
      40422.032      44813.236    1369919.335          0.002
      39811.563      45864.400     932794.448          0.002
      41652.561      44696.754    2615283.147          0.001
      41575.240      46050.864    1348262.417          0.002
      42204.807      45249.757     939614.986          0.001
      41575.240      46050.864    1348262.417          0.002
      43617.643      45070.228    3549801.022          0.001
      42730.806      46139.102    3168008.183          0.001
      45446.898      44963.120     812640.835          0.002
      46557.365      45707.896    1920396.712          0.002
      45446.898      44963.120     812640.835          0.002
      44565.953      45711.535    1943673.381          0.001
      47715.050      44657.746    1450246.633          0.002
      48350.064      45454.692     935274.125          0.000
      47941.120      44664.372     939344.377          0.002
      49340.519      44705.391     939224.755          0.001
      47715.050      44657.746    1450246.633          0.002
      46678.302      45598.192     937639.305          0.002
      49658.278      44801.194     939224.755          0.001
      50659.455      45778.731    1370925.144          0.001
      51798.166      44887.773    1662439.132          0.001
      53039.680      45533.736     933575.292          0.003
      52058.974      44912.496     938826.410          0.001
      53452.726      45044.613     936447.974          0.003
      51779.832      44902.118     938826.410          0.001
      50677.228      45764.825     934611.272          0.001
      54030.161      45183.923     936447.974          0.003
      55346.732      45659.992     933109.547          0.001
      53713.174      45069.302    1222971.390          0.003
      54729.687      44992.735     934161.005          0.001
      55938.259      44927.188     934161.005          0.000
      56957.604      44916.267    1281668.174          0.001
      56957.604      44916.267    1281668.174          0.001
      57695.622      45927.156    1765070.213          0.001
      56830.177      45000.788     932240.954          0.001
      55663.594      45774.569    1727492.692          0.001
      58645.178      44959.397     931269.938          0.001
      59658.795      45067.156    4402483.499          0.001
      58977.529      45365.596     929684.965          0.001
      57695.622      45927.156    1765070.213          0.001
      60693.055      45776.121     929553.174          0.001
      60548.375      46796.736    3284388.037          0.001
      61094.531      45276.266     929553.174          0.001
      61656.455      46126.720    1788986.698          0.002
      60441.138      45291.526     929553.174          0.001
      59762.853      46051.791     949827.371          0.002
      61731.803      44694.695     929969.226          0.001
      61658.242      46092.761     927163.787          0.002
      62029.220      44659.744     929969.226          0.001
      63429.213      44655.419     928012.016          0.001
      63724.365      44654.508    3574100.594          0.001
      63287.765      45575.621     923278.569          0.001
      63724.365      44654.508    3574100.594          0.001
      63937.520      45989.547     969710.965          0.002
      63260.534      44984.724     928012.016          0.002
      62120.039      45796.679     927163.787          0.003
      64778.708      45135.095    6306099.972          0.000
      65574.975      45846.780    2013720.298          0.001
      67070.901      44941.568    2633238.395          0.001
      67010.353      46334.608     914267.862          0.002
      67070.901      44941.568    2633238.395          0.001
      67935.278      45984.153    1115294.168          0.001
      66921.791      45031.797     920280.534          0.001
      65724.014      45756.594     923757.747          0.001
      67907.203      44863.944     922368.894          0.002
      68808.444      45339.237     910703.771          0.001
      67907.203      44863.944     922368.894          0.002
      67935.278      45984.153    1115294.168          0.001
      68120.815      44850.222     918593.573          0.002
      69517.935      44760.472     914103.134          0.001
      70418.833      44834.797     914103.134          0.001
      71806.952      45012.766    1474601.285          0.001
      71806.952      45012.766    1474601.285          0.001
      72659.991      45570.248     898060.830          0.000
      72113.779      44991.409     906429.321          0.002
      73510.400      44894.193     896131.773          0.001
      71806.952      45012.766    1474601.285          0.001
      70865.944      45402.583     910703.771          0.001
      73817.683      44872.804    1280702.663          0.001
      74982.406      45649.025     886184.941          0.001
      73817.683      44872.804    1280702.663          0.001
      74821.639      44699.185     888259.955          0.000
      75203.550      44871.846     888259.955          0.000
      75843.670      45665.076    4105967.383          0.001
      75034.509      44662.373    5425052.316          0.000
      75008.614      45666.491     977201.307          0.001
      75707.391      44737.562     888259.955          0.001
      76720.293      44850.746    1052611.532          0.002
      76720.293      44850.746    1052611.532          0.002
      76933.318      45843.275     806392.943          0.002
      76720.293      44850.746    1052611.532          0.002
      77620.740      44806.248     850845.504          0.002
      78915.020      44742.287    2301442.279          0.001
      78888.872      45690.090    1816429.718          0.001
      77732.670      45399.173     850845.504          0.002
      76933.318      45843.275     806392.943          0.002
      79680.666      45125.614     842103.925          0.000
      78888.872      45690.090    1816429.718          0.001
        244.517      46111.186     843294.966          0.000
       1127.096      46807.162    5973455.207          0.000
       4283.904      46015.435    1519617.789          0.001
       4266.083      47045.820     852534.501          0.002
       4283.904      46015.435    1519617.789          0.001
       5140.651      46734.582    1254648.690          0.002
       4283.904      46015.435    1519617.789          0.001
       5680.097      46110.506     893256.268          0.001
       4283.904      46015.435    1519617.789          0.001
       3142.640      46777.214     863230.672          0.002
       6200.748      46145.959    1103150.665          0.001
       7116.915      47128.179    1223441.055          0.001
       6200.748      46145.959    1103150.665          0.001
       5140.651      46734.582    1254648.690          0.002
       7803.721      46009.599     897562.503          0.001
       8971.033      46159.313    1491499.031          0.002
       8971.033      46159.313    1491499.031          0.002
      10143.966      46070.172     909281.420          0.000
       8266.117      46527.666     903894.518          0.003
       7116.915      47128.179    1223441.055          0.001
      11242.686      46117.230     909281.420          0.001
      12259.572      46171.463    1327099.856          0.001
      10479.849      46369.635     909281.420          0.000
      11127.812      47174.136    1120389.751          0.002
      10189.391      46087.199     909281.420          0.000
       8997.708      46734.915    3802073.588          0.002
      12479.977      46153.406     915403.893          0.001
      13875.302      46039.088     920728.593          0.001
      12259.572      46171.463    1327099.856          0.001
      11221.795      47090.873     902612.714          0.002
      14380.189      45982.043     920728.593          0.001
      15765.857      45782.230     923593.402          0.002
      14128.384      46018.354    1705955.109          0.001
      15403.280      46554.559     918343.320          0.003
      14128.384      46018.354    1705955.109          0.001
      13950.935      47059.788     668621.797          0.001
      16017.838      45745.895    1729971.309          0.002
      16149.363      46868.352    2298276.214          0.002
      16427.195      45808.165     923593.402          0.002
      17811.273      46018.708     925690.129          0.002
      18438.491      46088.902     925690.129          0.002
      19837.560      46139.940     926248.826          0.001
      18220.414      46080.946    1600391.143          0.002
      18123.874      46813.924    2685788.704          0.000
      18220.414      46080.946    1600391.143          0.002
      16927.299      46572.583     918343.320          0.003
      20055.272      46147.882    1314798.517          0.001
      21184.850      46630.497     917846.513          0.003
      20055.272      46147.882    1314798.517          0.001
      19091.639      46480.190     919812.099          0.001
      20055.272      46147.882    1314798.517          0.001
      21443.357      45969.730     928714.728          0.002
      22229.834      45868.791    3425742.472          0.001
      22305.508      46976.184     917846.513          0.002
      22744.651      45830.049     928714.728          0.001
      24140.034      45725.039    1388402.536          0.002
      24140.034      45725.039    1388402.536          0.002
      24105.849      47081.347     909926.547          0.002
      24140.034      45725.039    1388402.536          0.002
      24741.682      46547.273     921174.977          0.001
      24140.034      45725.039    1388402.536          0.002
      23407.575      46917.532     917970.392          0.003
      25279.357      46011.965    2972560.048          0.001
      26678.224      46059.479     930630.120          0.001
      25308.926      46030.270     930875.702          0.001
      26499.290      46767.178     925290.513          0.002
      27513.266      46037.457     930630.120          0.001
      28904.459      45880.671     931375.128          0.002
      27169.731      46076.173    1677731.579          0.001
      26528.862      46785.484     928575.203          0.001
      27169.731      46076.173    1677731.579          0.001
      28045.046      46598.213     925701.884          0.000
      30026.007      45892.436     931375.128          0.003
      31423.084      45982.865     931288.670          0.002
      29247.306      45842.033    1951246.338          0.002
      28561.015      46595.260     925701.884          0.000
      29288.264      45895.898     931375.128          0.002
      30135.651      47010.319     923849.122          0.001
      31517.177      45988.955    1115493.445          0.002
      31371.727      46997.315     923695.454          0.000
      31517.177      45988.955    1115493.445          0.002
      30425.329      46864.886     923849.122          0.001
      32152.626      45848.831    2349300.994          0.001
      32855.722      46627.227     922808.196          0.001
      32152.626      45848.831    2349300.994          0.001
      31580.497      46727.714     923695.454          0.000
      34352.129      45667.790    1127231.123          0.001
      34420.372      46722.057     909217.992          0.002
      34411.857      45746.591     932322.284          0.002
      35257.529      46862.314     924951.776          0.002
      34352.129      45667.790    1127231.123          0.001
      33731.919      46476.328     922808.196          0.001
      35661.395      45930.539     932491.984          0.001
      37053.163      45778.944     933989.621          0.001
      35621.468      46132.131     932491.984          0.001
      36897.532      46708.031     926179.652          0.001
      37445.262      45736.235    1545575.810          0.001
      37249.372      46866.820    1849842.956          0.001
      37445.262      45736.235    1545575.810          0.001
      38707.629      45911.296     932794.448          0.003
      40325.387      46049.939     932794.448          0.003
      41575.240      46050.864    1348262.417          0.002
      38472.837      46459.444     932794.448          0.003
      37249.372      46866.820    1849842.956          0.001
      41575.240      46050.864    1348262.417          0.002
      41564.253      47064.201    1328207.390          0.002
      41575.240      46050.864    1348262.417          0.002
      40568.194      46532.727     923666.515          0.002
      42730.806      46139.102    3168008.183          0.001
      42655.045      47182.097     903210.460          0.002
      42730.806      46139.102    3168008.183          0.001
      43468.243      47053.928    1012148.461          0.003
      42966.802      46084.118     934919.930          0.001
      44330.283      45766.443     938217.815          0.002
      42730.806      46139.102    3168008.183          0.001
      41800.998      46876.458     923331.652          0.003
      44565.953      45711.535    1943673.381          0.001
      45771.266      46401.315     930202.596          0.002
      44565.953      45711.535    1943673.381          0.001
      43680.095      46794.853     926159.064          0.003
      44565.953      45711.535    1943673.381          0.001
      45965.428      45708.977     937639.305          0.003
      44565.953      45711.535    1943673.381          0.001
      44349.787      46842.710    2029977.525          0.002
      46557.365      45707.896    1920396.712          0.002
      47780.404      46084.220    2737432.359          0.001
      47780.404      46084.220    2737432.359          0.001
      46565.258      46747.613     930202.596          0.001
      47780.404      46084.220    2737432.359          0.001
      48344.513      46954.915     925397.701          0.001
      48636.006      45813.552   10760147.389          0.000
      49805.216      46582.610     923934.620          0.001
      49641.085      45796.256     935274.125          0.001
      50659.455      45778.731    1370925.144          0.001
      50659.455      45778.731    1370925.144          0.001
      50650.810      46796.869     923934.620          0.000
      52121.536      46878.563     932552.095          0.001
      52480.149      47902.697    1119881.584          0.001
      52621.283      45947.775     932552.095          0.001
      53635.387      45843.684    3156743.212          0.002
      52072.435      46216.140     932552.095          0.000
      52887.409      46828.749    5856187.684          0.001
      51824.255      46029.585    6312952.216          0.000
      50805.457      46988.615     923934.620          0.000
      53635.387      45843.684    3156743.212          0.002
      53716.248      46947.350    1487731.533          0.002
      54264.951      45822.231     933575.292          0.003
      55663.594      45774.569    1727492.692          0.001
      55663.594      45774.569    1727492.692          0.001
      55905.082      46764.619     926757.085          0.000
      55663.594      45774.569    1727492.692          0.001
      54464.786      46496.547     926477.294          0.003
      55963.272      45797.072     933109.547          0.001
      57359.341      45901.904     931420.132          0.001
      57695.622      45927.156    1765070.213          0.001
      58463.494      46597.770     925143.994          0.001
      58030.568      45947.350     931420.132          0.001
      59428.030      46031.604     929165.667          0.002
      57695.622      45927.156    1765070.213          0.001
      57576.158      46738.584     925688.906          0.001
      57695.622      45927.156    1765070.213          0.001
      56796.932      46408.230     926757.085          0.001
      59762.853      46051.791     949827.371          0.002
      59081.500      46810.223     925143.994          0.000
      59762.853      46051.791     949827.371          0.002
      60548.375      46796.736    3284388.037          0.001
      61656.455      46126.720    1788986.698          0.002
      62366.822      47318.373     912011.324          0.003
      61656.455      46126.720    1788986.698          0.002
      61192.985      47319.701     912728.782          0.001
      61656.455      46126.720    1788986.698          0.002
      62535.018      46644.514     923278.569          0.000
      63937.520      45989.547     969710.965          0.002
      64604.310      46831.250     919489.098          0.002
      64046.877      45980.013     925374.454          0.002
      65441.586      45858.410     923757.747          0.001
      63937.520      45989.547     969710.965          0.002
      63077.162      46535.804     923278.569          0.000
      65574.975      45846.780    2013720.298          0.001
      66183.325      46980.127     903333.968          0.002
      65574.975      45846.780    2013720.298          0.001
      66646.615      46729.329     914267.862          0.002
      65574.975      45846.780    2013720.298          0.001
      65232.956      47164.901     904916.890          0.002
      65574.975      45846.780    2013720.298          0.001
      64604.310      46831.250     919489.098          0.002
      67935.278      45984.153    1115294.168          0.001
      68950.841      45911.476     910703.771          0.001
      67935.278      45984.153    1115294.168          0.001
      69178.748      46626.266     907604.013          0.002
      67935.278      45984.153    1115294.168          0.001
      66989.987      46995.513     914267.862          0.002
      70753.392      45806.306     910703.771          0.001
      71770.863      45758.421    2554047.200          0.001
      69780.881      45852.075    8464523.683          0.000
      70707.449      46768.568    2810281.140          0.000
      71879.199      45863.754     903727.301          0.001
      72882.961      46839.695     894217.635          0.001
      71770.863      45758.421    2554047.200          0.001
      71032.214      46460.071     904312.235          0.000
      74100.327      46527.190     898060.830          0.001
      74948.141      47093.301    1051348.737          0.001
      73991.108      45729.915     898060.830          0.001
      75008.614      45666.491     977201.307          0.001
      75008.614      45666.491     977201.307          0.001
      75619.307      46482.313     876282.073          0.000
      75008.016      45680.589     886184.941          0.001
      74948.733      47079.334     879930.917          0.001
      76933.318      45843.275     806392.943          0.002
      77814.867      45774.220     850911.913          0.002
      76933.318      45843.275     806392.943          0.002
      77694.677      46731.072     856382.399          0.002
      76933.318      45843.275     806392.943          0.002
      76121.168      46458.875     876282.073          0.000
      78888.872      45690.090    1816429.718          0.001
      79617.807      46509.268     836716.097          0.001
      78524.885      46155.662     850911.913          0.001
      77893.642      46963.078    1178028.264          0.002
       1127.096      46807.162    5973455.207          0.000
        286.601      47666.245     823532.434          0.000
       2083.460      46902.274     846878.048          0.002
       2842.228      46977.736    1680297.821          0.002
       2842.228      46977.736    1680297.821          0.002
       2580.567      47840.885     808405.039          0.002
       2842.228      46977.736    1680297.821          0.002
       3681.642      47563.085     852534.501          0.002
       2842.228      46977.736    1680297.821          0.002
       2021.045      47784.520     836850.842          0.003
       5863.533      46878.553     883507.555          0.003
       7116.915      47128.179    1223441.055          0.001
       5140.651      46734.582    1254648.690          0.002
       4490.076      47629.684     852534.501          0.002
       7116.915      47128.179    1223441.055          0.001
       7949.170      47603.744     863462.569          0.002
       7116.915      47128.179    1223441.055          0.001
       6768.940      47792.142     831066.583          0.002
       7116.915      47128.179    1223441.055          0.001
       7159.653      48099.585     504725.950          0.002
       7116.915      47128.179    1223441.055          0.001
       8265.655      46887.984     900634.192          0.002
       7116.915      47128.179    1223441.055          0.001
       6105.949      47539.128     856395.998          0.003
       9813.748      47307.521     900634.192          0.003
      10939.950      48097.763    2289189.569          0.001
       9943.219      46929.877     900634.192          0.003
      11127.812      47174.136    1120389.751          0.002
      11127.812      47174.136    1120389.751          0.002
      11554.456      47965.368     838153.254          0.002
      11127.812      47174.136    1120389.751          0.002
      12144.521      47606.658     883287.398          0.003
      11127.812      47174.136    1120389.751          0.002
      12146.181      46997.497     913394.079          0.001
      13186.637      46817.027    5179876.019          0.000
      13309.663      47990.647     883287.398          0.001
      13186.637      46817.027    5179876.019          0.000
      13950.935      47059.788     668621.797          0.001
      13950.935      47059.788     668621.797          0.001
      15329.841      46939.715     918343.320          0.003
      13950.935      47059.788     668621.797          0.001
      13482.906      47839.380     883287.398          0.002
      16149.363      46868.352    2298276.214          0.002
      17194.034      46839.555     919812.099          0.001
      16149.363      46868.352    2298276.214          0.002
      15218.861      47341.394     894912.854          0.001
      18123.874      46813.924    2685788.704          0.000
      19504.434      47043.948     916187.535          0.001
      17455.172      47348.239     919812.099          0.001
      16448.322      48152.748    4230558.266          0.001
      18123.874      46813.924    2685788.704          0.000
      18293.731      47752.301    1366662.222          0.002
      20099.311      47143.064    4334577.813          0.000
      20786.399      48134.668     851028.283          0.002
      20979.824      47131.237     916187.535          0.001
      22314.878      47113.305    1656443.098          0.002
      19611.362      47307.707     916187.535          0.001
      18293.731      47752.301    1366662.222          0.002
      20099.311      47143.064    4334577.813          0.000
      19567.488      48117.990     854914.230          0.002
      20099.311      47143.064    4334577.813          0.000
      21343.217      47591.379     902482.869          0.002
      22314.878      47113.305    1656443.098          0.002
      23253.065      47169.083     971883.534          0.002
      23253.065      47169.083     971883.534          0.002
      22860.798      47817.216     859245.402          0.002
      23253.065      47169.083     971883.534          0.002
      24089.721      47721.217    1108066.754          0.002
      23253.065      47169.083     971883.534          0.002
      22493.468      47615.474     902482.869          0.002
      25141.239      47093.322    6760940.549          0.000
      24842.449      48030.824     837119.793          0.002
      25536.834      47313.773     921174.977          0.000
      26505.408      47853.523    1150719.259          0.002
      25017.536      47167.189     921174.977          0.000
      24089.721      47721.217    1108066.754          0.002
      26528.862      46785.484     928575.203          0.001
      26505.408      47853.523    1150719.259          0.002
      26528.862      46785.484     928575.203          0.001
      27547.652      46791.585     925701.884          0.001
      28393.485      46952.128     925701.884          0.000
      28516.982      48162.344    1246343.985          0.001
      28705.430      47168.472     925701.884          0.001
      29382.145      47936.215     939905.294          0.002
      28422.588      46796.613     925701.884          0.000
      29441.602      46797.945    2586831.476          0.001
      27470.724      47308.545     925701.884          0.001
      26505.408      47853.523    1150719.259          0.002
      29441.602      46797.945    2586831.476          0.001
      29382.145      47936.215     939905.294          0.002
      30176.721      47064.331    4099262.253          0.001
      31201.969      47951.655     911382.065          0.002
      30176.721      47064.331    4099262.253          0.001
      29382.145      47936.215     939905.294          0.002
      31475.068      47176.920     923695.454          0.000
      32254.149      47963.920     826504.560          0.002
      31867.486      47068.143     923695.454          0.001
      33266.945      47082.491    2728465.782          0.000
      31362.258      47062.963    6311652.906          0.000
      31267.562      48008.425    1096709.808          0.002
      33266.945      47082.491    2728465.782          0.000
      34310.390      47705.654     909217.992          0.001
      33089.818      47236.643     922808.196          0.000
      32254.149      47963.920     826504.560          0.002
      35353.995      46989.585    1137185.560          0.002
      36461.749      47771.029     908605.659          0.002
      35353.995      46989.585    1137185.560          0.002
      35352.361      47848.234     857064.804          0.002
      35603.075      46973.452     924951.776          0.002
      37000.148      46882.962     926179.652          0.001
      35353.995      46989.585    1137185.560          0.002
      34705.050      47609.183     909217.992          0.002
      37249.372      46866.820    1849842.956          0.001
      36559.667      47840.104     958504.631          0.002
      37249.372      46866.820    1849842.956          0.001
      38407.268      46900.965     923666.515          0.003
      39717.846      46939.613    5895179.075          0.001
      39541.364      48161.772     541507.879          0.002
      40254.675      46975.836     923666.515          0.002
      41564.253      47064.201    1328207.390          0.002
      39418.543      47059.345     923666.515          0.002
      38118.693      47579.334     909984.968          0.000
      41564.253      47064.201    1328207.390          0.002
      41600.495      47924.347     850165.058          0.001
      41564.253      47064.201    1328207.390          0.002
      42454.514      47833.900     903210.460          0.001
      43468.243      47053.928    1012148.461          0.003
      44438.040      47918.062     904037.255          0.001
      43468.243      47053.928    1012148.461          0.003
      42808.286      47740.440     903210.460          0.002
      44349.787      46842.710    2029977.525          0.002
      45743.321      46814.873     930202.596          0.002
      46468.595      46800.385    4511956.433          0.001
      47510.805      46958.190     925397.701          0.002
      46468.595      46800.385    4511956.433          0.001
      45347.033      47543.602     904037.255          0.002
      48437.546      47098.511    2149324.117          0.001
      49817.652      47122.485     923934.620          0.001
      48437.546      47098.511    2149324.117          0.001
      48768.881      48002.019    1032336.580          0.002
      47827.702      47311.581     925397.701          0.002
      46685.889      47710.513    6545254.062          0.001
      49780.232      47536.393     923934.620          0.001
      48768.881      48002.019    1032336.580          0.002
      51479.606      47484.515     923934.620          0.001
      52480.149      47902.697    1119881.584          0.001
      50647.922      47136.908    3979010.562          0.000
      50588.609      47897.521     962558.759          0.002
      52887.409      46828.749    5856187.684          0.001
      52480.149      47902.697    1119881.584          0.001
      53716.248      46947.350    1487731.533          0.002
      54492.024      47905.069     906148.330          0.002
      53716.248      46947.350    1487731.533          0.002
      54743.193      46912.260     926757.085          0.001
      53716.248      46947.350    1487731.533          0.002
      53690.197      48002.388    6846107.636          0.001
      55947.645      46890.603     926757.085          0.000
      56692.576      47748.052    1548997.878          0.001
      55546.032      47279.386     926757.085          0.001
      54705.734      48168.900    1623985.406          0.001
      56560.518      46820.752     926757.085          0.001
      57576.158      46738.584     925688.906          0.001
      57576.158      46738.584     925688.906          0.001
      58521.691      47754.103     915463.645          0.002
      57576.158      46738.584     925688.906          0.001
      56728.606      47706.888     918871.581          0.002
      59524.304      46920.304     925143.994          0.001
      60548.375      46796.736    3284388.037          0.001
      58916.747      46993.614    3163827.060          0.000
      58711.312      47957.759    1706575.054          0.002
      60340.939      46927.836     925180.369          0.002
      59157.479      47675.781     915463.645          0.002
      63584.255      46791.379     923278.569          0.001
      64604.310      46831.250     919489.098          0.002
      62969.047      47080.122     923278.569          0.000
      63739.632      48107.614    2586307.074          0.001
      62727.381      46757.886    3157130.485          0.000
      62606.659      47720.702     883821.948          0.002
      64604.310      46831.250     919489.098          0.002
      63939.167      47813.077     899413.202          0.002
      66981.220      47004.893    1399421.782          0.002
      67698.503      46747.601    3209750.074          0.000
      68064.394      47103.969     914125.637          0.001
      68956.659      47973.011    1465288.900          0.002
      67483.478      46942.088     914125.637          0.000
      66594.505      47746.150    3499008.178          0.001
      68651.023      46811.250     914125.637          0.001
      69668.659      46879.250     903327.377          0.001
      69668.659      46879.250     903327.377          0.001
      69983.579      47622.853     891891.033          0.001
      69668.659      46879.250     903327.377          0.001
      70682.147      46771.264     904312.235          0.000
      69668.659      46879.250     903327.377          0.001
      69019.453      47876.547     891885.726          0.002
      70707.449      46768.568    2810281.140          0.000
      70106.111      47666.618     891891.033          0.001
      71027.853      47164.352     904312.235          0.001
      71777.304      48090.121    1044674.621          0.001
      71975.498      46866.521     904312.235          0.001
      72991.254      46944.986    1512199.862          0.001
      72991.254      46944.986    1512199.862          0.001
      74054.456      47536.700     865695.586          0.003
      72991.254      46944.986    1512199.862          0.001
      72776.912      48001.499     781733.806          0.002
      73239.528      46963.803     894217.635          0.001
      74635.524      47069.608     879930.917          0.001
      72991.254      46944.986    1512199.862          0.001
      72071.798      47812.320     877236.666          0.002
      74948.141      47093.301    1051348.737          0.001
      75564.927      47655.958     852365.994          0.002
      74948.141      47093.301    1051348.737          0.001
      74744.575      47920.780    1474269.592          0.002
      75789.788      46710.057    7459073.889          0.000
      75936.882      47705.929     852365.994          0.001
      76606.617      46808.294     876282.073          0.001
      77893.642      46963.078    1178028.264          0.002
      77893.642      46963.078    1178028.264          0.002
      78708.272      46953.680     836716.097          0.001
      77893.642      46963.078    1178028.264          0.002
      76836.904      47559.906     852365.994          0.002
      79070.743      47379.719     836716.097          0.001
      78096.417      47842.046    2451249.414          0.001
       1017.441      47990.402     823532.434          0.001
       1787.442      48014.028     645951.121          0.002
       1787.442      48014.028     645951.121          0.002
       1457.870      48858.807     738754.435          0.001
       1787.442      48014.028     645951.121          0.002
       2157.257      48786.709     808405.039          0.001
       1787.442      48014.028     645951.121          0.002
       1035.192      48420.388     795499.361          0.001
       4250.278      47959.612    2272062.542          0.001
       5062.616      47963.234    2963835.072          0.001
       4250.278      47959.612    2272062.542          0.001
       3010.637      48577.651     808405.039          0.002
       5062.616      47963.234    2963835.072          0.001
       5062.954      48981.532     747241.291          0.001
       5062.616      47963.234    2963835.072          0.001
       4303.349      48654.860     822531.845          0.001
       7159.653      48099.585     504725.950          0.002
       7779.354      48589.088     833409.772          0.001
       7159.653      48099.585     504725.950          0.002
       8357.205      48166.074     863462.569          0.002
       9875.875      48154.525     863462.569          0.002
      10939.950      48097.763    2289189.569          0.001
       8995.263      48201.500    7011227.200          0.001
      10061.917      49062.664     825727.839          0.001
       8995.263      48201.500    7011227.200          0.001
       9068.074      49305.069     756992.108          0.001
      10939.950      48097.763    2289189.569          0.001
      11648.538      48639.311     838153.254          0.001
      10939.950      48097.763    2289189.569          0.001
      10369.898      48779.609     825727.839          0.001
      13321.917      48107.538    2159162.813          0.001
      14230.424      47843.888    2655601.471          0.000
      13321.917      48107.538    2159162.813          0.001
      14486.980      48690.474     847162.061          0.001
      13321.917      48107.538    2159162.813          0.001
      12352.646      48810.909     838153.254          0.001
      14230.424      47843.888    2655601.471          0.000
      14678.279      48496.457     847162.061          0.001
      15173.065      47975.158     894912.854          0.001
      16448.322      48152.748    4230558.266          0.001
      16448.322      48152.748    4230558.266          0.001
      17805.404      47858.266     902742.324          0.002
      16448.322      48152.748    4230558.266          0.001
      17060.894      48853.506     851049.994          0.001
      16448.322      48152.748    4230558.266          0.001
      15554.554      48630.916     847162.061          0.001
      18293.731      47752.301    1366662.222          0.002
      17443.913      48577.650     851049.994          0.002
      18293.731      47752.301    1366662.222          0.002
      18946.440      48549.935     854914.230          0.001
      22081.617      47857.506    3216479.058          0.001
      21367.699      48858.916     851028.283          0.001
      24089.721      47721.217    1108066.754          0.002
      23350.725      48148.816     859245.402          0.002
      26505.408      47853.523    1150719.259          0.002
      27842.850      48058.850     903086.178          0.002
      26505.408      47853.523    1150719.259          0.002
      25727.197      48355.511     837119.793          0.002
      28516.982      48162.344    1246343.985          0.001
      27582.659      48568.310     848293.964          0.002
      28516.982      48162.344    1246343.985          0.001
      29382.145      47936.215     939905.294          0.002
      29382.145      47936.215     939905.294          0.002
      29834.580      48475.118     840842.960          0.001
      29382.145      47936.215     939905.294          0.002
      30750.882      47988.636     911382.065          0.002
      31267.562      48008.425    1096709.808          0.002
      31789.471      48550.227     839299.215          0.001
      31267.562      48008.425    1096709.808          0.002
      32254.149      47963.920     826504.560          0.002
      32254.149      47963.920     826504.560          0.002
      33028.402      48420.916     834418.562          0.002
      32254.149      47963.920     826504.560          0.002
      33397.215      47887.070     909217.992          0.002
      34491.024      47813.531    2683874.439          0.001
      35245.739      48709.187     857064.804          0.001
      36559.667      47840.104     958504.631          0.002
      37102.381      48450.886     846321.390          0.002
      36559.667      47840.104     958504.631          0.002
      37622.648      47750.896     909984.968          0.000
      36559.667      47840.104     958504.631          0.002
      35913.640      48370.841     857064.804          0.002
      37707.662      47743.762    3834015.197          0.000
      38631.995      48432.124     852509.598          0.002
      38250.847      47867.586     909984.968          0.001
      39541.364      48161.772     541507.879          0.002
      37707.662      47743.762    3834015.197          0.000
      37648.374      48468.151     846321.390          0.001
      39541.364      48161.772     541507.879          0.002
      39279.106      48914.036    1564429.968          0.001
      40326.057      48086.317    9848758.865          0.001
      39279.106      48914.036    1564429.968          0.001
      40326.057      48086.317    9848758.865          0.001
      40435.808      49251.378     782512.925          0.001
      42598.648      47958.514    2061288.063          0.001
      41969.447      48600.707     850165.058          0.001
      43418.681      47995.775     903210.460          0.002
      44584.719      48048.759    4235505.174          0.001
      44584.719      48048.759    4235505.174          0.001
      45396.373      48451.078     849561.732          0.002
      44584.719      48048.759    4235505.174          0.001
      45964.580      47826.629     915177.021          0.002
      44584.719      48048.759    4235505.174          0.001
      43743.291      48415.320     856141.654          0.002
      47404.448      47811.072     915177.021          0.002
      48768.881      48002.019    1032336.580          0.002
      48768.881      48002.019    1032336.580          0.002
      50132.189      47923.731     914272.857          0.002
      48768.881      48002.019    1032336.580          0.002
      49575.759      48384.217     864725.089          0.002
      48768.881      48002.019    1032336.580          0.002
      47899.870      48391.907     849561.732          0.002
      51137.799      47899.024     914272.857          0.002
      52480.149      47902.697    1119881.584          0.001
      52480.149      47902.697    1119881.584          0.001
      53690.197      48002.388    6846107.636          0.001
      52480.149      47902.697    1119881.584          0.001
      51638.721      48291.458     864725.089          0.002
      53690.197      48002.388    6846107.636          0.001
      54705.734      48168.900    1623985.406          0.001
      53690.197      48002.388    6846107.636          0.001
      54186.660      48529.639     842781.301          0.001
      54705.734      48168.900    1623985.406          0.001
      55592.344      48558.927     851387.037          0.002
      55349.051      48032.635     906148.330          0.002
      56692.576      47748.052    1548997.878          0.001
      57384.494      47819.929     918871.581          0.002
      58711.312      47957.759    1706575.054          0.002
      58711.312      47957.759    1706575.054          0.002
      59531.080      48373.960     839446.265          0.002
      58711.312      47957.759    1706575.054          0.002
      58606.468      48659.078     834323.349          0.001
      58711.312      47957.759    1706575.054          0.002
      60023.587      47895.186     912728.782          0.002
      58711.312      47957.759    1706575.054          0.002
      57927.502      48348.805     851387.037          0.002
      60987.262      47849.236    5932506.253          0.001
      61879.459      48356.485     859020.635          0.002
      61328.538      47822.149     912728.782          0.001
      62606.659      47720.702     883821.948          0.002
      62606.659      47720.702     883821.948          0.002
      62669.527      48428.202     859020.635          0.001
      63852.632      48088.494     899413.202          0.001
      65045.688      47886.618    2665471.550          0.001
      63739.632      48107.614    2586307.074          0.001
      64353.494      48758.929     830074.150          0.001
      63739.632      48107.614    2586307.074          0.001
      62975.094      48638.207     859020.635          0.001
      65045.688      47886.618    2665471.550          0.001
      65764.920      48319.974     850133.916          0.002
      65045.688      47886.618    2665471.550          0.001
      66343.094      47768.951     903333.968          0.001
      66855.432      47771.209     903333.968          0.001
      68249.019      47905.049     891885.726          0.003
      68956.659      47973.011    1465288.900          0.002
      68949.468      48725.388     788367.602          0.001
      68956.659      47973.011    1465288.900          0.002
      67956.853      48377.235     850133.916          0.002
      70042.406      47761.757    3426718.207          0.001
      71156.462      48564.377     833232.180          0.001
      69969.719      47825.844     891891.033          0.001
      68949.468      48725.388     788367.602          0.001
      70680.433      47882.516     891891.033          0.002
      71777.304      48090.121    1044674.621          0.001
      71777.304      48090.121    1044674.621          0.001
      72776.912      48001.499     781733.806          0.002
      72776.912      48001.499     781733.806          0.002
      73465.514      48523.236     825262.205          0.002
      72776.912      48001.499     781733.806          0.002
      72230.531      48540.899     833232.180          0.001
      72776.912      48001.499     781733.806          0.002
      74060.662      47948.836     865695.586          0.003
      74744.575      47920.780    1474269.592          0.002
      75293.866      48530.197     816797.551          0.001
      74744.575      47920.780    1474269.592          0.002
      74273.614      48699.434     825262.205          0.001
      75986.274      48040.328    3987906.814          0.001
      77292.001      48534.004     816912.514          0.001
      76508.300      47991.275     852365.994          0.001
      77902.160      47860.300     840652.623          0.001
      78096.417      47842.046    2451249.414          0.001
      79062.651      48419.450     796547.570          0.001
      78096.417      47842.046    2451249.414          0.001
      79111.694      47904.522     823514.375          0.001
       2240.879      48961.424    2265847.873          0.001
       2856.672      49763.771     742651.186          0.000
       2462.953      48941.133     808405.039          0.001
       3857.145      48813.739     822531.845          0.001
       2240.879      48961.424    2265847.873          0.001
       1367.815      49699.681     738754.435          0.001
       4159.235      48786.135    3593169.400          0.001
       4832.959      49690.736     747241.291          0.000
       4159.235      48786.135    3593169.400          0.001
       3353.050      49658.903     742651.186          0.001
       6263.199      48757.133    5960954.390          0.001
       6916.854      49741.380     752138.132          0.000
       6419.674      48764.082     831066.583          0.001
       7818.295      48826.189     833409.772          0.001
       6263.199      48757.133    5960954.390          0.001
       5370.330      49681.968     747241.291          0.000
       8095.078      48838.480    8609255.231          0.000
       8920.659      49779.672     756992.108          0.000
       8095.078      48838.480    8609255.231          0.000
       7277.317      49782.220     752138.132          0.000
      10104.505      49097.048    1038717.383          0.001
      10834.766      49734.303     761499.048          0.000
      10104.505      49097.048    1038717.383          0.001
       9398.291      49740.789     756992.108          0.000
      12106.644      48989.425    1816720.821          0.001
      13013.810      48833.593    3266611.034          0.001
      12106.644      48989.425    1816720.821          0.001
      11400.062      49727.539     761499.048          0.000
      13013.810      48833.593    3266611.034          0.001
      13842.134      49664.054     767823.790          0.001
      13013.810      48833.593    3266611.034          0.001
      12366.357      49709.777     763659.127          0.000
      13379.223      48852.932     847859.129          0.001
      14777.266      48926.922     847162.061          0.001
      14981.109      48937.711    2080867.113          0.001
      15816.489      49664.253     771343.418          0.001
      14981.109      48937.711    2080867.113          0.001
      14386.002      49724.103     767823.790          0.000
      17106.344      48905.499     977228.506          0.001
      18064.356      49038.181    2398967.248          0.001
      17106.344      48905.499     977228.506          0.001
      16518.954      49616.819     771343.418          0.001
      18064.356      49038.181    2398967.248          0.001
      19177.699      48832.542    2351433.891          0.001
      18064.356      49038.181    2398967.248          0.001
      17390.730      49801.172     773014.617          0.000
      19177.699      48832.542    2351433.891          0.001
      19907.990      49625.299     776759.056          0.001
      19177.699      48832.542    2351433.891          0.001
      18518.521      49642.735     774351.825          0.001
      19586.125      48848.292     854914.230          0.001
      20985.086      48902.240     851028.283          0.001
      21327.401      48915.441    2071645.224          0.001
      21986.025      49666.499     778969.877          0.000
      21327.401      48915.441    2071645.224          0.001
      22287.911      48763.783    5777484.487          0.001
      21327.401      48915.441    2071645.224          0.001
      20599.720      49650.115     776759.056          0.001
      22287.911      48763.783    5777484.487          0.001
      23051.432      49704.623     779979.857          0.000
      22650.246      48828.838     859245.402          0.001
      24028.213      49076.243     837119.793          0.001
      24483.229      49157.938    4747487.659          0.000
      25226.412      49909.002     782204.509          0.000
      24907.274      49131.955     837119.793          0.001
      26304.653      49046.331     848293.964          0.001
      24483.229      49157.938    4747487.659          0.000
      23512.728      49843.476     779979.857          0.000
      26511.701      49033.644    3524471.378          0.001
      27180.518      49812.272     784055.487          0.000
      26511.701      49033.644    3524471.378          0.001
      25621.989      49752.976     782204.509          0.000
      26831.699      49041.549     848293.964          0.001
      28231.272      49076.124     847112.028          0.001
      28533.052      49083.579    4054945.147          0.000
      29209.010      49826.307     784964.772          0.000
      28706.813      49091.797     847112.028          0.001
      30105.250      49157.941     840842.960          0.001
      28533.052      49083.579    4054945.147          0.000
      27642.991      49768.279     784055.487          0.000
      30420.356      49172.846    3602963.336          0.000
      31235.180      49866.211     784973.973          0.000
      30731.892      49172.960     840842.960          0.001
      32131.892      49173.473     839299.215          0.001
      30420.356      49172.846    3602963.336          0.000
      29555.631      49851.933     784964.772          0.000
      32389.925      49173.567    2873687.172          0.000
      33225.176      49845.178     784228.982          0.000
      32389.925      49173.567    2873687.172          0.000
      31573.063      49850.327     784973.973          0.000
      32537.132      49176.310     839299.215          0.001
      33936.889      49202.393     834418.562          0.001
      34365.945      49210.388    5245074.688          0.000
      35319.308      49909.293     783288.517          0.000
      34391.854      49200.470     834418.562          0.000
      35350.486      48833.495    1985137.663          0.001
      34365.945      49210.388    5245074.688          0.000
      33496.468      49934.425     784228.982          0.000
      35350.486      48833.495    1985137.663          0.001
      36094.460      49618.730     783004.552          0.001
      37603.618      49014.989    1819263.813          0.001
      38259.115      49750.885     783199.300          0.000
      37809.442      49002.588     846321.390          0.001
      39206.907      48918.386     852509.598          0.001
      37603.618      49014.989    1819263.813          0.001
      36792.507      49710.988     783004.552          0.000
      39279.106      48914.036    1564429.968          0.001
      40084.250      49626.504     782512.925          0.001
      39279.106      48914.036    1564429.968          0.001
      38713.393      49683.802     783199.300          0.000
      41643.031      48933.864   12414367.942          0.000
      42431.963      49880.401     783037.257          0.000
      41649.968      48933.329     850165.058          0.000
      42748.738      48848.588    3831504.955          0.001
      41643.031      48933.864   12414367.942          0.000
      40684.862      49832.551     782512.925          0.000
      42748.738      48848.588    3831504.955          0.001
      43360.064      49733.354     783850.386          0.000
      43117.946      48896.133     856141.654          0.001
      44506.481      49074.940     842702.182          0.001
      44798.963      49112.605    5762649.058          0.000
      45421.766      49829.749     785118.599          0.000
      44842.860      49109.982     842702.182          0.000
      46240.368      49026.484     849561.732          0.001
      44798.963      49112.605    5762649.058          0.000
      43891.956      49754.111     783850.386          0.000
      46523.136      49009.589   10119233.370          0.000
      47379.073      49800.528     785875.765          0.000
      46523.136      49009.589   10119233.370          0.000
      45741.646      49821.317     785118.599          0.000
      47027.265      49044.971     849561.732          0.001
      48423.830      49142.989     841575.828          0.001
      48773.331      49167.519    2784942.760          0.001
      49479.190      49861.343     786256.785          0.000
      48984.961      49124.779     841575.828          0.001
      50357.255      48847.635     864725.089          0.001
      48773.331      49167.519    2784942.760          0.001
      47869.156      49806.278     785875.765          0.000
      50495.262      48819.763    3889225.405          0.001
      51309.400      49655.083     785809.712          0.001
      50495.262      48819.763    3889225.405          0.001
      49845.432      49696.271     786256.785          0.000
      51019.636      48835.996     864725.089          0.001
      52418.966      48879.314     862001.825          0.001
      52824.656      48891.872   10137984.346          0.000
      53446.073      49705.609     784926.296          0.000
      52993.231      48915.435     862001.825          0.001
      54379.752      49109.241     842781.301          0.001
      52824.656      48891.872   10137984.346          0.000
      52010.207      49657.307     785809.712          0.001
      54785.868      49166.008    3540568.263          0.000
      55544.880      49861.368     783124.439          0.000
      54976.357      49149.333     842781.301          0.001
      56371.024      49027.246     851387.037          0.001
      54785.868      49166.008    3540568.263          0.000
      53903.012      49826.374     784926.296          0.000
      56609.478      49006.373    4880681.549          0.000
      57477.843      49782.271     780596.189          0.000
      57002.298      49051.579     851387.037          0.001
      58393.119      49211.636     834323.349          0.001
      56609.478      49006.373    4880681.549          0.000
      55865.177      49816.158     783124.439          0.000
      58521.653      49226.428    1187116.982          0.001
      59414.529      49790.183     777035.158          0.000
      58521.653      49226.428    1187116.982          0.001
      57872.068      49854.449     780596.189          0.000
      61011.246      49125.449    8574006.298          0.000
      61678.111      49891.915     774265.092          0.000
      61363.004      49063.203     839446.265          0.001
      62704.854      48825.755    2066826.687          0.001
      61011.246      49125.449    8574006.298          0.000
      60030.477      49803.816     777035.158          0.000
      62704.854      48825.755    2066826.687          0.001
      63433.630      49608.979     771387.225          0.001
      62704.854      48825.755    2066826.687          0.001
      62066.196      49629.807     774265.092          0.001
      64779.279      49210.692    4502507.644          0.000
      65623.868      49849.541     768624.699          0.000
      65047.074      49165.271     830074.150          0.001
      66427.361      48931.160     850133.916          0.001
      64779.279      49210.692    4502507.644          0.000
      63971.912      49859.760     771387.225          0.000
      66701.986      48884.581    6873145.240          0.000
      67555.188      49714.933     765206.718          0.000
      66701.986      48884.581    6873145.240          0.000
      66013.974      49757.442     768624.699          0.000
      67642.857      48817.938     850133.916          0.001
      68949.468      48725.388     788367.602          0.001
      68949.468      48725.388     788367.602          0.001
      68897.573      49471.040     763206.854          0.001
      68949.468      48725.388     788367.602          0.001
      68359.763      49407.853     765206.718          0.001
      69799.427      49128.807    6025787.115          0.000
      70741.709      49884.256     759130.696          0.000
      70286.649      49097.308     828075.482          0.001
      71683.732      49006.987     833232.180          0.001
      69799.427      49128.807    6025787.115          0.000
      68954.907      49912.620     763206.854          0.000
      71763.644      49001.821    3031957.140          0.001
      72607.352      49735.581     754338.347          0.000
      71763.644      49001.821    3031957.140          0.001
      71081.972      49777.183     759130.696          0.000
      74092.743      48998.473    1694365.846          0.001
      74726.036      49749.996     749335.413          0.000
      74092.743      48998.473    1694365.846          0.001
      75414.474      49018.336     816797.551          0.001
      74092.743      48998.473    1694365.846          0.001
      73264.503      49700.638     754338.347          0.001
      75738.230      49023.202    6107374.553          0.000
      76728.503      49813.608     744303.135          0.000
      76210.231      48961.278     816797.551          0.001
      77598.336      48779.166     816912.514          0.001
      75738.230      49023.202    6107374.553          0.000
      75026.457      49890.627     749335.413          0.000
      77852.305      48745.846    4474622.702          0.001
      78685.161      49666.108     739642.466          0.000
      77852.305      48745.846    4474622.702          0.001
      77172.695      49703.228     744303.135          0.000
      77867.801      48747.533     816912.514          0.001
      79259.582      48899.008     796547.570          0.001
