       1082.239        138.603       8919.852          0.002
       1710.357       1389.790     801441.131          0.006
       1152.220        117.055       8919.852          0.002
       2224.145       1016.118     506487.087          0.002
       2049.833        125.292       8925.986          0.001
       2224.145       1016.118     506487.087          0.002
       3079.077         32.207       8928.521          0.001
       4181.060        895.708     722941.515          0.001
       2941.743        120.151       8928.521          0.002
       2224.145       1016.118     506487.087          0.002
       5107.987         38.446       8930.307          0.001
       6169.347        951.416     778183.707          0.002
       5043.561         22.225       8930.307          0.000
       4232.423        935.955    4320757.836          0.000
       7066.700         28.842       8935.479          0.000
       6288.257       1053.702    5195034.371          0.000
       8105.347         73.244       8938.611          0.001
       8165.343       1150.060    2679004.446          0.001
       8067.289         38.084       8938.611          0.001
       7313.255        883.251    1059116.702          0.001
       9047.172         80.930       8940.887          0.001
       8165.343       1150.060    2679004.446          0.001
      10134.378        171.456       8944.013          0.002
      10197.964       1570.012     836159.284          0.006
      10178.647         38.347       8944.013          0.001
      11235.966        817.097    1818724.565          0.001
      10092.001         41.451       8944.013          0.001
       9195.143       1116.460     790481.683          0.001
      12113.711         34.066       8945.891          0.001
      11235.966        817.097    1818724.565          0.001
      13118.989         53.421       8947.738          0.001
      12210.428       1118.558     795717.894          0.001
      13209.431         48.593       8947.738          0.001
      14142.717       1059.236    2088310.329          0.001
      15176.582        135.383       8952.415          0.001
      15039.799       1528.685     839500.543          0.005
      15228.265         41.129       8952.415          0.001
      16183.572       1064.549     802201.212          0.001
      15140.690         49.750       8952.415          0.001
      14156.434       1045.361     794991.890          0.001
      17260.026         69.973       8956.637          0.001
      18003.715       1230.610    1484043.173          0.001
      17179.995         40.092       8956.637          0.001
      16256.387       1092.208     802201.212          0.001
      18269.196         30.283       8959.893          0.001
      19398.674        857.494     748745.828          0.002
      20385.839        130.034       8969.642          0.002
      21385.686       1109.985     823860.927          0.003
      20239.999         15.997       8969.642          0.000
      19491.474        925.458    6862487.747          0.000
      21285.596        141.429       8975.529          0.002
      21426.608       1150.093     950603.709          0.002
      22333.551         51.566       8976.362          0.001
      23355.483       1008.464     820827.091          0.002
      22177.346        136.540       8976.362          0.002
      21426.608       1150.093     950603.709          0.002
      24266.070         47.539       8975.874          0.001
      23440.394       1087.972    2432142.473          0.001
      25253.614         61.732       8977.705          0.001
      24328.222        970.796     483123.562          0.001
      26457.077        137.606       8981.374          0.002
      27410.448       1162.830     835318.283          0.002
      26292.487         39.743       8981.374          0.001
      25343.712       1069.221     828951.672          0.003
      27357.162        150.682       8984.868          0.002
      27466.724       1223.347    1010442.687          0.001
      28407.824         53.078       8983.692          0.001
      29400.700       1040.092     831169.966          0.003
      28248.692        145.718       8983.692          0.002
      27466.724       1223.347    1010442.687          0.001
      30418.694         39.579       8977.780          0.001
      31330.953        966.608    2082333.978          0.001
      30346.670         49.357       8977.780          0.001
      29569.971       1208.363    6951250.402          0.000
      32406.940        187.734       8975.843          0.002
      32420.925       1587.664     881164.937          0.009
      32357.844         42.494       8975.843          0.001
      31330.953        966.608    2082333.978          0.001
      32471.360         70.124       8975.843          0.001
      33433.150       1087.454     828878.770          0.003
      33462.503         35.363       8974.266          0.001
      34561.232        903.000     754814.470          0.001
      35467.962         24.880       8972.571          0.000
      36324.214        879.662    4046489.064          0.000
      35417.949         27.164       8972.571          0.000
      34588.854        924.812   19466815.946          0.000
      37571.199        136.642       8979.418          0.002
      38340.856       1159.235    1089485.667          0.002
      37426.548         32.143       8979.418          0.001
      36324.214        879.662    4046489.064          0.000
      38463.900        141.547       8981.176          0.002
      38340.856       1159.235    1089485.667          0.002
      39363.336        131.060       8977.690          0.002
      38376.140       1123.755     831233.283          0.003
      39505.552         12.354       8977.690          0.000
      40356.386        897.032   11146190.182          0.000
      41580.478        146.286       8973.147          0.002
      42122.972       1436.906     859178.885          0.007
      41573.513         55.925       8973.147          0.001
      42550.833       1058.346     821552.689          0.002
      41490.192         22.219       8973.147          0.000
      40381.774        877.443     733962.490          0.001
      43581.494         58.922       8969.903          0.001
      44305.050       1205.240    3728892.717          0.001
      43501.772         54.417       8969.903          0.001
      42643.143       1153.028    3797796.168          0.001
      45597.040         26.639       8966.317          0.000
      46543.352        946.025    8052263.287          0.000
      45505.257         61.344       8966.317          0.001
      44491.819       1027.234     821536.412          0.003
      47562.796         28.916       8965.632          0.000
      46543.352        946.025    8052263.287          0.000
      47629.968         47.008       8965.632          0.001
      48422.055       1109.932    4891663.595          0.001
      49598.456        175.824       8966.753          0.002
      49426.224       1565.189     851400.653          0.005
      49667.358         36.166       8966.753          0.001
      50723.863        847.292    1591970.408          0.001
      49564.346         51.788       8966.753          0.001
      48537.290       1003.185     814287.532          0.002
      51611.021         31.759       8962.270          0.000
      50723.863        847.292    1591970.408          0.001
      52709.573         32.556       8961.275          0.001
      53881.863        775.868    2558395.275          0.001
      52626.221         40.049       8961.275          0.001
      51752.170       1133.683     816176.707          0.002
      54722.781         50.516       8958.949          0.001
      55581.592       1156.157     811644.613          0.002
      54661.052         21.766       8958.949          0.000
      53881.863        775.868    2558395.275          0.001
      56709.472        175.181       8957.590          0.002
      56714.359       1575.173     856747.681          0.008
      56664.111         51.592       8957.590          0.001
      55746.789       1109.194     811644.613          0.002
      56757.809         34.830       8957.590          0.001
      57898.512        846.494     682631.230          0.001
      58710.041         25.061       8951.422          0.000
      57910.582        855.082    3299098.517          0.000
      58766.233         24.910       8951.422          0.000
      59871.687        883.962     715175.979          0.001
      60744.528         15.606       8948.863          0.000
      59894.735        901.873    5854964.439          0.000
      60749.475         48.448       8948.863          0.001
      60513.594       1189.284    4032590.297          0.001
      61708.780         59.883       8947.708          0.001
      60691.222       1021.433     800884.807          0.003
      61808.607         30.414       8947.708          0.001
      62883.619        927.270     779208.372          0.001
      63779.745         20.807       8947.101          0.000
      62956.074        987.717    7393864.844          0.000
      63844.653         44.310       8947.101          0.001
      64865.195       1002.691     794735.802          0.001
      65959.684        128.172       8952.476          0.002
      66981.678       1085.005     803403.927          0.003
      65789.131         39.940       8952.476          0.001
      64928.145       1061.806    4334413.919          0.001
      66860.150        141.223       8954.306          0.002
      67033.819       1133.822     720056.735          0.002
      67893.193         42.203       8951.511          0.001
      68915.342        998.870     790360.376          0.001
      67750.170        136.361       8951.511          0.002
      67033.819       1133.822     720056.735          0.002
      69927.674         62.001       8942.266          0.001
      70849.627       1115.568     787880.726          0.001
      69840.931         37.776       8942.266          0.001
      68970.212       1050.225    7331364.791          0.000
      70920.197         48.654       8938.672          0.001
      71724.012       1194.900     791024.761          0.001
      72940.279         40.779       8932.510          0.001
      73676.292       1079.739    3538863.709          0.001
      72862.347         51.790       8932.510          0.001
      71899.710       1068.320     791024.761          0.003
      74969.630         33.055       8926.578          0.000
      75880.310        947.451    3106012.938          0.001
      74879.899         48.667       8926.578          0.001
      73816.682        959.473     777036.853          0.003
      76989.898         31.536       8920.124          0.000
      77756.879        899.409    1802039.884          0.001
      76920.195         36.640       8920.124          0.001
      75880.310        947.451    3106012.938          0.001
      78982.943         97.925       8913.108          0.001
      78920.134       1496.516     804155.760          0.007
      78930.980         41.197       8913.108          0.001
      77800.731        867.355     684671.036          0.001
       1171.815       1498.464     755398.730          0.001
       1917.668       1802.744    2871945.022          0.001
       2224.145       1016.118     506487.087          0.002
       3192.404       1468.397     819609.562          0.003
       2224.145       1016.118     506487.087          0.002
       2979.726        985.958     722941.515          0.002
       4839.252       1394.171     722941.515          0.001
       5872.699       2174.525    3691068.092          0.001
       4556.258        954.502     722941.515          0.001
       5953.968       1034.555     778183.707          0.001
       6288.257       1053.702    5195034.371          0.000
       7313.255        883.251    1059116.702          0.001
       6936.304       1221.140     689296.580          0.001
       5893.813       2155.599     833960.711          0.001
       7612.706       1195.005     689296.580          0.001
       8318.473       1929.767    2078997.343          0.002
       7313.255        883.251    1059116.702          0.001
       8165.343       1150.060    2679004.446          0.001
       8892.711       1399.715     790481.683          0.001
       8318.473       1929.767    2078997.343          0.002
      11235.966        817.097    1818724.565          0.001
      12193.392       1138.530    3270317.457          0.001
      10793.431       1306.205     645507.230          0.001
      10215.035       1945.473     973292.855          0.002
      13185.311       2045.574     795717.894          0.002
      14025.180       2813.578    5323785.022          0.000
      12470.534       1127.256     795717.894          0.001
      13869.377       1070.355     794991.890          0.001
      12054.120       2185.993     795717.894          0.002
      11955.421       2928.307     901462.646          0.001
      11560.983       1453.617     795717.894          0.001
      10888.159       1788.839     885504.928          0.002
      14294.769       1208.003     794991.890          0.001
      15003.233       1901.161    2225213.112          0.001
      14081.073       1979.332     794991.890          0.002
      14025.180       2813.578    5323785.022          0.000
      16672.922       1146.064     802201.212          0.001
      18003.715       1230.610    1484043.173          0.001
      18142.233       1334.130     812365.203          0.001
      19167.126       2100.066    3376793.432          0.001
      18003.715       1230.610    1484043.173          0.001
      19180.098        989.324     748745.828          0.001
      17693.728       1489.427     812365.203          0.001
      17028.116       2045.164     994194.110          0.002
      20685.465       1578.133     748745.828          0.002
      21405.340       1971.640    3905827.162          0.000
      21426.608       1150.093     950603.709          0.002
      22199.855       2136.031    2374466.938          0.001
      21426.608       1150.093     950603.709          0.002
      22225.170       1125.459     820827.091          0.002
      21426.608       1150.093     950603.709          0.002
      21405.340       1971.640    3905827.162          0.000
      23581.982       1274.412     820827.091          0.001
      24277.376       2190.089    2344676.774          0.001
      22734.587       1684.268     820827.091          0.002
      22199.855       2136.031    2374466.938          0.001
      23440.394       1087.972    2432142.473          0.001
      24328.222        970.796     483123.562          0.001
      24328.222        970.796     483123.562          0.001
      24277.376       2190.089    2344676.774          0.001
      24328.222        970.796     483123.562          0.001
      25109.035       1231.465     828951.672          0.000
      26761.822       1232.527     828951.672          0.002
      27466.724       1223.347    1010442.687          0.001
      27466.724       1223.347    1010442.687          0.001
      26713.762       1591.286     866428.724          0.002
      27466.724       1223.347    1010442.687          0.001
      28270.200       2141.414    1604926.937          0.002
      27466.724       1223.347    1010442.687          0.001
      28232.029       1217.895     831169.966          0.002
      29400.748       2378.149     831169.966          0.002
      29297.107       3094.587    1249192.527          0.001
      29801.348       1176.599     831169.966          0.001
      31188.339        986.187     792507.753          0.001
      31966.709       1711.780     792507.753          0.002
      32427.562       2251.946    1428104.573          0.002
      30895.560       1360.566     792507.753          0.001
      30241.531       1952.352    1880134.007          0.001
      33745.922       1504.973     828878.770          0.001
      34208.796       2223.323   16491610.672          0.001
      33570.516       1232.753    1641540.263          0.001
      34588.854        924.812   19466815.946          0.000
      33000.729       1740.842     828878.770          0.002
      32427.562       2251.946    1428104.573          0.002
      34755.027        920.489     754814.470          0.000
      36154.553        884.076     720400.247          0.001
      37569.254       1052.265     720400.247          0.002
      38340.856       1159.235    1089485.667          0.002
      35778.548       1529.967     720400.247          0.001
      35321.959       2074.113    1193067.720          0.001
      38340.856       1159.235    1089485.667          0.002
      38706.978       1925.572    2639284.157          0.001
      38340.856       1159.235    1089485.667          0.002
      37323.617       2045.254     875561.317          0.002
      41464.014       1472.100     733962.490          0.002
      42325.846       1919.554    2031204.456          0.001
      43616.806       1730.955     821552.689          0.002
      44435.695       2217.015    1881883.149          0.001
      42810.321       1158.280     821552.689          0.001
      44209.631       1202.243     821536.412          0.001
      44505.973       1181.972     821536.412          0.001
      45896.678       1020.916     765027.386          0.001
      45248.907       1726.620     765027.386          0.002
      44435.695       2217.015    1881883.149          0.001
      46929.324        979.699     765027.386          0.001
      48324.026       1101.379     814287.532          0.001
      47571.010       1663.031     814287.532          0.002
      46682.769       2240.305    5210726.331          0.001
      50752.525       1622.813     685351.460          0.002
      50796.950       2824.823    2899359.835          0.001
      50723.863        847.292    1591970.408          0.001
      51647.315       1264.880   10321117.971          0.000
      50028.878       1404.660     685351.460          0.002
      49381.792       1923.616    1481452.684          0.002
      52286.905       1124.911     816176.707          0.001
      53654.539        825.616     624695.680          0.001
      51268.102       1960.524     816176.707          0.001
      50796.950       2824.823    2899359.835          0.001
      53773.471       1774.357     624695.680          0.002
      53660.725       2812.953    2137897.865          0.002
      53373.786       1745.230     624695.680          0.002
      52743.212       2948.307    3151918.470          0.001
      53364.603       1147.363     624695.680          0.001
      52227.485       1964.041     861372.049          0.001
      54525.513       1176.677     624695.680          0.001
      55713.930       1916.720     843118.070          0.001
      54034.874        815.544     624695.680          0.001
      55390.055       1166.946     811644.613          0.001
      58057.651        858.550     682631.230          0.001
      59457.261        891.556     715175.979          0.001
      57279.271       1559.617     682631.230          0.002
      56716.497       2187.667    2652541.637          0.001
      60033.011       1084.149     715175.979          0.001
      60576.637       1800.759    2993740.438          0.001
      59037.091       1714.353     715175.979          0.002
      58528.534       2196.129    1314518.254          0.002
      60765.805       1168.470     800884.807          0.001
      62161.062       1053.326     779208.372          0.001
      63377.290       1003.542     779208.372          0.001
      64776.303       1056.102     794735.802          0.001
      61853.745       1364.378     779208.372          0.002
      60576.637       1800.759    2993740.438          0.001
      64031.449       1554.203     779208.372          0.002
      64904.746       2014.238    1820690.146          0.001
      66045.445       1583.368     794735.802          0.002
      66730.104       1902.970    1947580.864          0.001
      66263.488       1107.476     794735.802          0.002
      67033.819       1133.822     720056.735          0.002
      67033.819       1133.822     720056.735          0.002
      68065.339       1613.297     840205.762          0.002
      67033.819       1133.822     720056.735          0.002
      67758.928       1102.518     790360.376          0.002
      69423.667       1067.548     790360.376          0.001
      70822.647       1120.990     787880.726          0.001
      70973.789       1286.948     787880.726          0.001
      71698.343       2295.540    3340724.441          0.001
      70855.468       1122.244    1498607.829          0.001
      71747.765       1228.772    4871159.016          0.001
      70516.459       1589.334     787880.726          0.002
      70070.607       2203.635    2507608.189          0.001
      72062.860       1204.422     791024.761          0.001
      73458.698       1096.554     777036.853          0.001
      72879.579       1569.460     777036.853          0.002
      71698.343       2295.540    3340724.441          0.001
      74047.677       1057.448     777036.853          0.001
      75445.162        973.569     726541.205          0.001
      74874.180       1717.296     726541.205          0.002
      74169.735       2256.305     896948.919          0.002
      76184.124        939.673     726541.205          0.001
      77583.666        903.843     684671.036          0.001
      77840.881        989.846     684671.036          0.001
      78793.662       2015.618     804155.760          0.001
      77215.164       1566.310     684671.036          0.002
      76712.605       2185.006    1979595.577          0.000
      76996.917       1304.478     684671.036          0.002
      76075.587       1795.557     992540.681          0.001
      79688.674       1329.828     752311.701          0.001
      78892.064       2121.559    2706858.394          0.001
       1140.361       2710.454     796555.078          0.001
       1822.271       3110.882    1683415.455          0.001
       3114.225       2501.161     801441.131          0.003
       4165.093       3114.540    1307621.627          0.002
       1917.668       1802.744    2871945.022          0.001
       1822.271       3110.882    1683415.455          0.001
       1917.668       1802.744    2871945.022          0.001
       3274.401       1905.179     819609.562          0.002
       4291.965       1982.007    2042453.303          0.001
       5675.646       2150.526     833960.711          0.001
       4258.383       2281.781     819609.562          0.002
       4165.093       3114.540    1307621.627          0.002
       7289.307       2850.504     833960.711          0.003
       8219.180       3294.222    1300696.326          0.001
       5859.488       2512.305     833960.711          0.001
       5829.409       3281.385    1407289.849          0.003
       6971.817       2064.532     833960.711          0.002
       8318.473       1929.767    2078997.343          0.002
       4988.927       2661.030     833960.711          0.002
       4165.093       3114.540    1307621.627          0.002
       8296.389       2233.232     829485.174          0.002
       8219.180       3294.222    1300696.326          0.001
       8970.136       2342.548     829485.174          0.003
       9926.189       2948.136    1792643.942          0.001
       8932.953       1934.856     829485.174          0.002
      10215.035       1945.473     973292.855          0.002
      10215.035       1945.473     973292.855          0.002
      10888.159       1788.839     885504.928          0.002
      10215.035       1945.473     973292.855          0.002
       9926.189       2948.136    1792643.942          0.001
      11065.098       1977.749     829048.238          0.002
      11955.421       2928.307     901462.646          0.001
      10756.301       1947.745     829048.238          0.002
       9926.189       2948.136    1792643.942          0.001
      15792.224       1957.271     839500.543          0.002
      17028.116       2045.164     994194.110          0.002
      15633.751       2522.257     839500.543          0.002
      16372.381       3249.849     901731.372          0.001
      14915.590       1982.922     839500.543          0.002
      14025.180       2813.578    5323785.022          0.000
      17028.116       2045.164     994194.110          0.002
      17176.095       2993.162    3727820.497          0.000
      17028.116       2045.164     994194.110          0.002
      18192.280       2075.045     855307.252          0.002
      16947.480       2193.304     849850.596          0.002
      16372.381       3249.849     901731.372          0.001
      18652.512       2989.472     855307.252          0.002
      18132.790       3887.705    2002340.129          0.001
      19370.575       2289.336     855307.252          0.001
      20136.335       3001.726    1995869.433          0.000
      20101.191       2046.471     855307.252          0.002
      21405.340       1971.640    3905827.162          0.000
      19247.474       2470.666     855307.252          0.001
      19418.747       3260.653     478581.977          0.001
      18357.375       2463.288     855307.252          0.002
      17176.095       2993.162    3727820.497          0.000
      21405.340       1971.640    3905827.162          0.000
      20318.947       2853.495     898214.325          0.000
      21583.374       2273.320     854903.717          0.000
      22101.316       3150.981    1523746.401          0.001
      22199.855       2136.031    2374466.938          0.001
      23171.880       2161.324     863944.689          0.002
      24277.376       2190.089    2344676.774          0.001
      25357.530       2221.989     866428.724          0.001
      23028.893       2741.387     863944.689          0.003
      22101.316       3150.981    1523746.401          0.001
      24294.139       2253.049     863944.689          0.001
      24556.782       3239.448    1017634.607          0.002
      25119.944       2576.343     866428.724          0.001
      24556.782       3239.448    1017634.607          0.002
      26520.722       2182.498     866428.724          0.002
      27518.531       2145.067    3518066.853          0.000
      26405.206       2687.034     866428.724          0.002
      27110.228       3018.296    1343776.725          0.001
      27518.531       2145.067    3518066.853          0.000
      28270.200       2141.414    1604926.937          0.002
      28306.112       2174.747     871102.697          0.002
      29297.107       3094.587    1249192.527          0.001
      28323.467       2905.260     871102.697          0.003
      28418.513       4268.251    1737930.338          0.001
      28189.695       2202.272     871102.697          0.002
      27110.228       3018.296    1343776.725          0.001
      30577.039       2350.763     864621.718          0.002
      31327.392       3241.794    1401803.635          0.003
      31229.495       2087.752     864621.718          0.002
      32427.562       2251.946    1428104.573          0.002
      30025.693       2213.398     864621.718          0.002
      29297.107       3094.587    1249192.527          0.001
      32427.562       2251.946    1428104.573          0.002
      33652.056       2232.269     880813.804          0.001
      32367.701       2305.804     881164.937          0.002
      31327.392       3241.794    1401803.635          0.003
      32427.562       2251.946    1428104.573          0.002
      32323.644       3014.577    2615570.343          0.002
      34208.796       2223.323   16491610.672          0.001
      35321.959       2074.113    1193067.720          0.001
      34469.624       2396.495     880813.804          0.001
      35472.226       3062.158    4164015.688          0.002
      35556.141       2231.772     875454.449          0.002
      36648.864       2967.429    1487374.524          0.003
      35804.538       2071.730     875454.449          0.002
      37204.521       2064.818     875561.317          0.002
      35321.959       2074.113    1193067.720          0.001
      35472.226       3062.158    4164015.688          0.002
      37503.353       2214.230     875561.317          0.002
      38573.847       3009.969    1511825.283          0.002
      37313.360       2063.187     875561.317          0.002
      38706.584       1925.611     866507.968          0.001
      37301.706       2064.338    1531681.853          0.002
      36648.864       2967.429    1487374.524          0.003
      38706.978       1925.572    2639284.157          0.001
      39537.386       1874.923     856077.329          0.002
      40997.695       2522.921     856077.329          0.002
      41650.163       3300.263    2589949.522          0.000
      41246.557       1864.480     856077.329          0.002
      42325.846       1919.554    2031204.456          0.001
      39299.210       2540.355     856077.329          0.002
      38573.847       3009.969    1511825.283          0.002
      42632.758       2192.119     859178.885          0.002
      43545.620       3002.822    1329697.926          0.001
      43094.688       2027.951     859178.885          0.002
      44435.695       2217.015    1881883.149          0.001
      42325.846       1919.554    2031204.456          0.001
      41729.765       3137.602     920089.462          0.000
      44486.923       2591.449     872377.128          0.002
      44656.533       3831.155    1553442.256          0.001
      44759.600       2446.581     872377.128          0.002
      45813.428       3193.476    2530710.991          0.002
      44435.695       2217.015    1881883.149          0.001
      45796.256       2231.117     870736.450          0.002
      44435.695       2217.015    1881883.149          0.001
      43545.620       3002.822    1329697.926          0.001
      46590.880       2716.744     870736.450          0.001
      46375.110       3835.508    1550110.803          0.002
      46847.117       2447.291     870736.450          0.001
      47534.693       3313.249     938882.393          0.001
      47206.447       2145.251     870736.450          0.001
      48583.939       1895.218     849502.628          0.001
      48322.546       2410.664     849502.628          0.002
      47534.693       3313.249     938882.393          0.001
      48797.663       2043.252     849502.628          0.001
      48735.708       3177.887    2529802.355          0.001
      48807.967       1854.554    1268071.494          0.001
      49381.792       1923.616    1481452.684          0.002
      49429.073       2546.251     851400.653          0.002
      49528.969       3861.743    1061355.220          0.002
      49381.792       1923.616    1481452.684          0.002
      50324.117       2523.711     888288.876          0.002
      49329.085       2025.937     851400.653          0.002
      48735.708       3177.887    2529802.355          0.001
      52219.482       3231.240     861372.049          0.002
      52541.500       3920.921    1535860.725          0.001
      55762.458       2293.625     843118.070          0.001
      55863.426       3096.068    1001427.820          0.003
      55869.295       1959.064     843118.070          0.001
      56716.497       2187.667    2652541.637          0.001
      54795.198       2318.450     843118.070          0.002
      53660.725       2812.953    2137897.865          0.002
      56716.497       2187.667    2652541.637          0.001
      57499.426       2857.677    2150365.774          0.000
      57188.025       2189.869     856747.681          0.002
      58528.534       2196.129    1314518.254          0.002
      58568.255       2601.396     856786.793          0.002
      58700.478       3950.449    1476306.007          0.001
      58528.534       2196.129    1314518.254          0.002
      59532.907       2002.243     832257.706          0.002
      58528.534       2196.129    1314518.254          0.002
      57623.853       2777.691     890070.737          0.000
      58596.370       2248.185     856786.793          0.002
      59664.803       3068.066     920890.518          0.001
      60597.901       2600.818     832257.706          0.002
      60631.789       3875.813   17408545.157          0.000
      60183.032       2347.810     832257.706          0.002
      59664.803       3068.066     920890.518          0.001
      61014.639       1878.643     832257.706          0.002
      62393.017       2123.741     853214.011          0.002
      62783.408       3263.056     853214.011          0.002
      62638.254       4190.223    1160416.466          0.002
      63381.921       2622.225     853214.011          0.002
      63997.539       3187.719    1004453.237          0.001
      63688.678       2143.334     853214.011          0.002
      64904.746       2014.238    1820690.146          0.001
      61760.389       3069.473     853214.011          0.003
      60631.789       3875.813   17408545.157          0.000
      65578.092       1973.193     845214.982          0.002
      66730.104       1902.970    1947580.864          0.001
      64679.610       2305.454     845214.982          0.002
      63997.539       3187.719    1004453.237          0.001
      64904.746       2014.238    1820690.146          0.001
      64714.756       2809.028    3976763.149          0.000
      65605.001       2472.146     845214.982          0.002
      66585.159       3113.088    3758169.271          0.001
      66852.668       2007.153     841707.863          0.002
      67919.370       2913.876     892659.600          0.002
      66730.104       1902.970    1947580.864          0.001
      67879.639       1930.845     840205.762          0.002
      69258.725       2452.572     840205.762          0.002
      70022.727       3277.854    1689721.192          0.002
      68653.379       2154.839     840205.762          0.001
      68041.885       3018.017    1375533.638          0.001
      68976.759       1988.553     840205.762          0.001
      70070.607       2203.635    2507608.189          0.001
      70070.607       2203.635    2507608.189          0.001
      71037.568       2258.231     848214.487          0.002
      73059.571       2794.223     848214.487          0.003
      74035.729       3151.836     942604.292          0.001
      71701.499       2343.925     848214.487          0.001
      71757.213       3198.156    4606327.394          0.000
      70855.523       2789.635     848214.487          0.002
      70022.727       3277.854    1689721.192          0.002
      73033.363       2274.345     848214.487          0.003
      74169.735       2256.305     896948.919          0.002
      74169.735       2256.305     896948.919          0.002
      74885.648       3134.148     876016.229          0.000
      74169.735       2256.305     896948.919          0.002
      75413.117       1955.712     808576.431          0.002
      74169.735       2256.305     896948.919          0.002
      74035.729       3151.836     942604.292          0.001
      76075.587       1795.557     992540.681          0.001
      75254.415       2874.652     876016.229          0.001
      76075.587       1795.557     992540.681          0.001
      76712.605       2185.006    1979595.577          0.000
      76712.605       2185.006    1979595.577          0.000
      77718.957       2155.710     804155.760          0.002
      76441.707       2349.849     823435.960          0.000
      75245.729       3077.611     876016.229          0.000
      78892.064       2121.559    2706858.394          0.001
      79704.997       2811.026     831199.174          0.000
      78892.064       2121.559    2706858.394          0.001
      78758.819       3225.286    1627073.921          0.001
      77868.883       2671.834     804155.760          0.002
      77201.253       3030.891     707348.894          0.001
       1822.271       3110.882    1683415.455          0.001
       1154.505       3466.611     852260.414          0.001
       2007.860       3225.845     849897.592          0.002
       3095.634       3899.667    9103181.762          0.001
       1822.271       3110.882    1683415.455          0.001
       2008.551       4030.958   10265916.940          0.001
       2964.041       3112.665     849897.592          0.003
       4165.093       3114.540    1307621.627          0.002
       4165.093       3114.540    1307621.627          0.002
       5138.562       4080.485    4275825.603          0.002
       4165.093       3114.540    1307621.627          0.002
       3176.559       3840.257     877448.139          0.001
       4439.573       3142.056     869432.341          0.002
       5829.409       3281.385    1407289.849          0.003
       6142.081       3719.959     882992.013          0.003
       6954.337       4859.279    1503533.162          0.001
       5829.409       3281.385    1407289.849          0.003
       6697.786       3816.474     912896.081          0.001
       6819.745       3286.705     882992.013          0.004
       8219.180       3294.222    1300696.326          0.001
       8219.180       3294.222    1300696.326          0.001
       9065.145       4252.063     834671.345          0.001
       8219.180       3294.222    1300696.326          0.001
       9590.714       3016.151     887209.553          0.001
       9881.423       3015.927     887209.553          0.001
       9109.962       4184.194     920265.305          0.001
      10542.697       2942.112     887209.553          0.001
      11942.630       2928.432     888312.131          0.001
      11955.421       2928.307     901462.646          0.001
      12972.124       2871.950     883800.776          0.001
      11955.421       2928.307     901462.646          0.001
      11041.910       3379.227     915040.565          0.001
      15370.845       3063.695     883800.776          0.001
      16372.381       3249.849     901731.372          0.001
      13463.854       3219.739     883800.776          0.001
      12330.221       4040.008    4953221.061          0.000
      16372.381       3249.849     901731.372          0.001
      16444.065       3831.597    1176912.273          0.001
      16372.381       3249.849     901731.372          0.001
      15031.300       3650.798     923948.932          0.002
      17346.537       3152.531     895730.425          0.000
      18132.790       3887.705    2002340.129          0.001
      19418.747       3260.653     478581.977          0.001
      20161.269       4224.278    1581236.254          0.001
      19418.747       3260.653     478581.977          0.001
      20136.335       3001.726    1995869.433          0.000
      19405.095       3267.310     906797.978          0.001
      18146.725       3880.910     927717.791          0.001
      20140.501       3205.990     898214.325          0.000
      20161.269       4224.278    1581236.254          0.001
      21085.824       3073.847     898214.325          0.001
      22101.316       3150.981    1523746.401          0.001
      22101.316       3150.981    1523746.401          0.001
      22136.878       4188.284    1386498.010          0.001
      22101.316       3150.981    1523746.401          0.001
      23262.857       3490.911     928357.625          0.003
      22101.316       3150.981    1523746.401          0.001
      23320.517       3194.907     906316.189          0.003
      21744.020       3348.648     904332.590          0.002
      20518.994       4026.373     938118.960          0.001
      24556.782       3239.448    1017634.607          0.002
      24555.078       3869.087    3063460.920          0.002
      25677.957       3681.252     906686.198          0.002
      26342.741       4301.579    1461623.238          0.001
      26149.675       3125.482     906686.198          0.002
      27110.228       3018.296    1343776.725          0.001
      27258.159       3159.632     904734.688          0.001
      28270.418       4126.758     945367.527          0.001
      27085.589       3059.492     904734.688          0.001
      26367.005       4261.007     942839.026          0.001
      29614.111       3117.571     913365.937          0.002
      31010.445       3218.813     921200.994          0.003
      29277.318       3121.022     913365.937          0.001
      28438.329       4241.780     945367.527          0.001
      31327.392       3241.794    1401803.635          0.003
      31455.715       4302.426    1651103.239          0.001
      31327.392       3241.794    1401803.635          0.003
      30274.362       3613.671     940679.441          0.002
      32402.853       3107.322     914916.227          0.002
      33312.068       4171.901     950375.534          0.002
      32237.392       3142.559     914916.227          0.002
      31455.715       4302.426    1651103.239          0.001
      33499.475       3126.368    9123459.178          0.001
      34192.609       3246.401    5549290.978          0.001
      34192.609       3246.401    5549290.978          0.001
      34756.563       4119.500     964399.099          0.001
      34377.444       3323.361     922879.085          0.001
      35652.856       3854.398    1558609.451          0.002
      34192.609       3246.401    5549290.978          0.001
      33391.416       4264.809    3641905.647          0.002
      36711.031       3040.717     914890.833          0.003
      37616.650       4108.355     949023.207          0.001
      36648.864       2967.429    1487374.524          0.003
      35652.856       3854.398    1558609.451          0.002
      36648.864       2967.429    1487374.524          0.003
      38046.674       2998.319     914970.101          0.003
      38573.847       3009.969    1511825.283          0.002
      39751.172       3116.769     917535.792          0.003
      38573.847       3009.969    1511825.283          0.002
      38626.598       4030.639     947096.220          0.000
      38529.830       3065.023     914970.101          0.002
      37657.318       4156.299    1562792.636          0.001
      40629.791       3196.472    1537592.006          0.002
      41650.163       3300.263    2589949.522          0.000
      40629.791       3196.472    1537592.006          0.002
      39396.398       3756.148     947096.220          0.001
      40629.791       3196.472    1537592.006          0.002
      40415.373       4220.518    1540957.985          0.001
      41829.436       3506.188     920089.462          0.000
      42498.625       4274.864    1047455.326          0.001
      41232.884       3611.249     920089.462          0.001
      40415.373       4220.518    1540957.985          0.001
      42410.884       3180.888     920089.462          0.001
      43545.620       3002.822    1329697.926          0.001
      43545.620       3002.822    1329697.926          0.001
      44656.533       3831.155    1553442.256          0.001
      43397.018       3183.365     909810.807          0.001
      42507.316       4264.305     947935.152          0.001
      45813.428       3193.476    2530710.991          0.002
      44656.533       3831.155    1553442.256          0.001
      47534.693       3313.249     938882.393          0.001
      48735.708       3177.887    2529802.355          0.001
      47534.693       3313.249     938882.393          0.001
      46375.110       3835.508    1550110.803          0.002
      48707.684       3505.708     909210.318          0.001
      48588.477       4900.189    1720257.851          0.001
      51634.813       3351.251     888288.876          0.002
      52541.500       3920.921    1535860.725          0.001
      50748.649       3214.462     888288.876          0.002
      50628.910       4180.378    1876971.917          0.001
      50315.687       3218.387     888288.876          0.002
      49528.969       3861.743    1061355.220          0.002
      52717.727       3071.189     891674.982          0.002
      52541.500       3920.921    1535860.725          0.001
      53371.093       3099.672     885880.927          0.002
      52541.500       3920.921    1535860.725          0.001
      53938.787       3107.034     885880.927          0.002
      54740.698       3955.141    2214243.410          0.001
      54646.848       2939.700     885880.927          0.003
      55863.426       3096.068    1001427.820          0.003
      55863.426       3096.068    1001427.820          0.003
      56667.777       3870.407    1646070.325          0.001
      55863.426       3096.068    1001427.820          0.003
      56879.156       2948.060     890070.737          0.001
      55847.152       3108.520     900387.518          0.003
      54740.698       3955.141    2214243.410          0.001
      57314.736       3082.581     890070.737          0.000
      56667.777       3870.407    1646070.325          0.001
      57946.229       3264.199     890070.737          0.001
      58700.478       3950.449    1476306.007          0.001
      59664.803       3068.066     920890.518          0.001
      59670.711       4276.652    4747589.042          0.000
      59664.803       3068.066     920890.518          0.001
      58700.478       3950.449    1476306.007          0.001
      63997.539       3187.719    1004453.237          0.001
      63717.721       4558.965     952481.111          0.001
      63997.539       3187.719    1004453.237          0.001
      62871.497       4018.201     936139.464          0.003
      63997.539       3187.719    1004453.237          0.001
      64693.365       3941.975    1487104.581          0.001
      65578.699       2949.474     885023.828          0.001
      66585.159       3113.088    3758169.271          0.001
      66615.031       3111.138     897958.687          0.001
      68012.059       3019.963     892659.600          0.001
      65974.908       3380.468     897958.687          0.001
      64693.365       3941.975    1487104.581          0.001
      68041.885       3018.017    1375533.638          0.001
      68484.636       3935.923     930700.714          0.000
      68041.885       3018.017    1375533.638          0.001
      69428.857       3199.953     896663.429          0.003
      70013.933       3507.217     896663.429          0.002
      69960.383       4903.941    1271753.673          0.002
      70022.727       3277.854    1689721.192          0.002
      70826.216       4095.636    1138302.227          0.001
      70022.727       3277.854    1689721.192          0.002
      71043.090       3230.969     888018.198          0.001
      70022.727       3277.854    1689721.192          0.002
      69216.043       3903.806     930700.714          0.001
      71891.047       4227.388     888018.198          0.001
      72022.484       5238.189     704230.247          0.002
      72256.603       4134.127     888018.198          0.001
      72736.473       5033.511    3593277.214          0.001
      72268.953       3532.359     888018.198          0.001
      73161.575       4115.308    1442134.115          0.001
      73016.276       3172.560     888018.198          0.001
      74035.729       3151.836     942604.292          0.001
      74035.729       3151.836     942604.292          0.001
      74804.636       3896.561     900618.625          0.001
      74035.729       3151.836     942604.292          0.001
      73161.575       4115.308    1442134.115          0.001
      76026.138       3821.600     876016.229          0.001
      76920.370       4313.652     729938.686          0.003
      76186.769       3127.425     876016.229          0.001
      77201.253       3030.891     707348.894          0.001
      77201.253       3030.891     707348.894          0.001
      77823.499       4014.394    1515748.038          0.002
      77201.253       3030.891     707348.894          0.001
      76920.370       4313.652     729938.686          0.003
      77201.253       3030.891     707348.894          0.001
      77973.582       3127.283     845231.618          0.002
      78759.695       3253.108     845231.618          0.001
      78803.774       4652.414     878400.415          0.001
      78758.819       3225.286    1627073.921          0.001
      79547.953       3769.745     853492.468          0.001
      78394.830       3532.375     845231.618          0.001
      77823.499       4014.394    1515748.038          0.002
       1203.161       4845.968     852260.414          0.002
       1887.007       5280.396    2033602.501          0.001
       2001.635       4102.053     869155.185          0.001
       1887.007       5280.396    2033602.501          0.001
       3301.183       4102.503     877448.139          0.001
       4185.495       4975.141     967602.220          0.002
       3095.634       3899.667    9103181.762          0.001
       2230.102       4888.447     889472.345          0.002
       5672.403       4309.451     898214.298          0.002
       6954.337       4859.279    1503533.162          0.001
       5138.562       4080.485    4275825.603          0.002
       4185.495       4975.141     967602.220          0.002
       7314.359       4196.402    5342016.134          0.000
       8514.454       4915.568     938197.629          0.001
       8045.941       4219.660     912896.081          0.001
       9065.145       4252.063     834671.345          0.001
       9065.145       4252.063     834671.345          0.001
       9992.959       3897.002    4904048.642          0.000
       9992.959       3897.002    4904048.642          0.000
       9326.634       5127.831     938197.629          0.000
      10488.832       4404.120     915040.565          0.001
      11201.645       5133.099     833422.908          0.002
      10463.227       3925.775     915040.565          0.000
      11860.614       4011.275     923922.070          0.000
      12522.238       4228.629     923922.070          0.000
      13249.418       4942.949    1073383.061          0.001
      13111.179       3988.190     923922.070          0.001
      14128.602       3920.681    1672806.050          0.001
      12207.471       4763.799     923922.070          0.001
      11989.969       6046.292    4793438.688          0.000
      11934.073       4423.701     923922.070          0.001
      11201.645       5133.099     833422.908          0.002
      14128.602       3920.681    1672806.050          0.001
      13249.418       4942.949    1073383.061          0.001
      14128.602       3920.681    1672806.050          0.001
      14334.304       4918.939     947640.289          0.000
      15045.357       3885.410     923948.932          0.002
      16444.065       3831.597    1176912.273          0.001
      16589.103       3836.416     924249.863          0.001
      17988.331       3882.906     927717.791          0.001
      16444.065       3831.597    1176912.273          0.001
      16438.514       4850.748     952673.744          0.000
      16444.065       3831.597    1176912.273          0.001
      15577.308       4367.077     947640.289          0.001
      16444.065       3831.597    1176912.273          0.001
      16923.385       4754.450     950597.990          0.001
      18263.966       3999.086     927717.791          0.001
      19331.158       4905.232     954451.304          0.001
      18132.790       3887.705    2002340.129          0.001
      17395.763       4688.807     950597.990          0.001
      18439.738       4531.996     927717.791          0.002
      19041.873       5795.892     964448.452          0.001
      20449.274       4219.031     938118.960          0.001
      21849.042       4193.528     937741.308          0.002
      20161.269       4224.278    1581236.254          0.001
      21340.739       4955.370    1410625.480          0.001
      20161.269       4224.278    1581236.254          0.001
      19462.174       5016.476    3528634.105          0.001
      22136.878       4188.284    1386498.010          0.001
      22861.192       4905.055     959552.084          0.001
      22136.878       4188.284    1386498.010          0.001
      21340.739       4955.370    1410625.480          0.001
      22136.878       4188.284    1386498.010          0.001
      23329.074       4030.917     928357.625          0.003
      24671.809       4104.787     928357.625          0.002
      25161.094       5092.739    1394776.020          0.001
      24555.078       3869.087    3063460.920          0.002
      23638.430       4875.924     959552.084          0.001
      25220.834       4030.154     928357.625          0.002
      26342.741       4301.579    1461623.238          0.001
      26375.484       4301.053     942839.026          0.001
      27775.303       4278.578     945367.527          0.002
      26366.932       4308.438     942839.026          0.001
      27713.829       4690.366     956970.886          0.002
      26333.677       4307.647     942839.026          0.001
      25170.352       5086.540     957761.996          0.001
      28418.513       4268.251    1737930.338          0.001
      28511.107       4916.444    1028865.329          0.001
      29212.465       4047.461     940679.441          0.001
      28511.107       4916.444    1028865.329          0.001
      29641.341       4391.647     940679.441          0.001
      30364.666       5242.433    2517374.940          0.001
      30352.550       4131.556     940679.441          0.002
      31455.715       4302.426    1651103.239          0.001
      31469.958       4308.091     949981.983          0.001
      32770.831       4825.516     962733.035          0.003
      31455.715       4302.426    1651103.239          0.001
      32854.454       4275.243     950375.534          0.002
      31455.715       4302.426    1651103.239          0.001
      30395.363       5215.985     962906.127          0.001
      33391.416       4264.809    3641905.647          0.002
      34330.055       4663.667     964399.099          0.001
      35652.856       3854.398    1558609.451          0.002
      36374.717       5053.808     964590.032          0.001
      36244.291       3943.476     942302.268          0.003
      37628.677       4151.985     949023.207          0.001
      35652.856       3854.398    1558609.451          0.002
      35454.958       4853.801     964399.099          0.000
      37657.318       4156.299    1562792.636          0.001
      38251.240       4915.867    1539495.569          0.001
      37657.318       4156.299    1562792.636          0.001
      36533.204       4990.186     964590.032          0.001
      39397.901       4153.956     947096.220          0.001
      40415.373       4220.518    1540957.985          0.001
      41099.600       4238.367     947415.306          0.002
      42498.625       4274.864    1047455.326          0.001
      39583.885       4487.680     947415.306          0.002
      38251.240       4915.867    1539495.569          0.001
      42498.625       4274.864    1047455.326          0.001
      42413.349       5101.713    1376414.702          0.001
      42498.625       4274.864    1047455.326          0.001
      41629.317       4805.857     965596.310          0.001
      43116.815       4364.072     942451.019          0.001
      42413.349       5101.713    1376414.702          0.001
      44683.845       3869.498     936921.308          0.001
      45496.077       5009.795     963276.916          0.001
      44656.533       3831.155    1553442.256          0.001
      46053.631       3834.694     935991.121          0.003
      44656.533       3831.155    1553442.256          0.001
      44516.415       4863.648   13569577.402          0.000
      46379.071       3867.529     935991.121          0.002
      46550.522       5253.547    8263018.549          0.001
      46326.057       3905.344     935991.121          0.002
      45523.373       5048.116   10076061.800          0.001
      46375.110       3835.508    1550110.803          0.002
      47355.064       4127.671     944907.664          0.000
      47750.591       4321.284     944907.664          0.000
      48588.477       4900.189    1720257.851          0.001
      47250.492       4513.244     944907.664          0.000
      46550.522       5253.547    8263018.549          0.001
      49528.969       3861.743    1061355.220          0.002
      49442.353       4877.571     964927.464          0.000
      49528.969       3861.743    1061355.220          0.002
      50628.910       4180.378    1876971.917          0.001
      49527.953       3862.865     933831.085          0.002
      48588.477       4900.189    1720257.851          0.001
      50700.326       4242.911     942401.004          0.001
      51753.615       5165.181     963674.063          0.001
      50602.360       4516.611     942401.004          0.002
      50492.155       5912.267     976042.672          0.002
      50891.891       4144.702     942401.004          0.001
      52279.184       3956.506     933711.430          0.002
      52519.938       3960.267     933711.430          0.002
      51847.123       5187.997     963674.063          0.001
      52626.532       3922.244     933711.430          0.002
      54026.362       3944.026     934918.796          0.002
      55005.325       3943.506     934918.796          0.002
      56403.973       3882.007     931018.083          0.002
      54740.698       3955.141    2214243.410          0.001
      55376.695       4751.420     961033.776          0.001
      54389.068       4135.993     934918.796          0.002
      53144.086       4776.319     959330.563          0.001
      57062.568       4071.845     931018.083          0.002
      58309.617       4708.137     955923.990          0.002
      56697.668       3871.584     931018.083          0.001
      58096.584       3926.669     932720.647          0.002
      56667.777       3870.407    1646070.325          0.001
      56116.539       4727.384     961033.776          0.001
      58700.478       3950.449    1476306.007          0.001
      58705.075       4909.914    1968263.829          0.001
      59670.711       4276.652    4747589.042          0.000
      60674.381       5023.085    7884066.055          0.000
      61200.853       4471.835     927957.679          0.001
      61904.599       5208.919    3688471.217          0.001
      61631.446       4032.458     927957.679          0.001
      62638.254       4190.223    1160416.466          0.002
      62638.254       4190.223    1160416.466          0.002
      63647.569       4902.748    1921374.284          0.001
      64693.365       3941.975    1487104.581          0.001
      65513.571       5075.948     955042.310          0.002
      64693.365       3941.975    1487104.581          0.001
      64746.296       5340.370     956989.080          0.001
      64693.365       3941.975    1487104.581          0.001
      65708.043       4029.096     929864.093          0.001
      64693.365       3941.975    1487104.581          0.001
      63662.751       4888.800     952481.111          0.001
      67062.976       4150.426     929864.093          0.000
      68454.765       4301.833     930700.714          0.000
      66967.593       4235.438     929864.093          0.000
      67729.478       4911.601    1030120.314          0.001
      66393.310       4574.169     929864.093          0.001
      65669.287       5291.232    2059859.261          0.001
      68686.852       4620.693     930700.714          0.000
      68754.536       6018.568   14757963.161          0.000
      68594.690       4373.918     930700.714          0.000
      67729.478       4911.601    1030120.314          0.001
      69031.368       4486.681     930700.714          0.000
      69960.383       4903.941    1271753.673          0.002
      70826.216       4095.636    1138302.227          0.001
      71421.699       5362.262     945510.823          0.001
      70918.020       4183.318     920150.254          0.001
      71930.438       5150.276     936874.690          0.002
      70826.216       4095.636    1138302.227          0.001
      69960.383       4903.941    1271753.673          0.002
      73294.447       4390.500     910626.331          0.002
      73903.171       5651.236     934071.709          0.001
      73456.855       4247.926     910626.331          0.002
      74733.962       4821.509     915810.714          0.001
      73161.575       4115.308    1442134.115          0.001
      74254.909       4157.399     900618.625          0.001
      75804.872       4505.733     900618.625          0.001
      76779.571       4946.916    1012792.736          0.002
      75850.813       4240.825     900618.625          0.001
      76920.370       4313.652     729938.686          0.003
      76920.370       4313.652     729938.686          0.003
      76779.571       4946.916    1012792.736          0.002
      77776.507       4056.371     874759.319          0.002
      76779.571       4946.916    1012792.736          0.002
      79654.844       4354.303     853492.468          0.000
      78815.276       5017.556    4477475.475          0.001
       1887.007       5280.396    2033602.501          0.001
       1197.390       5588.129     876820.865          0.001
       3005.634       5131.835     889472.345          0.003
       4185.495       4975.141     967602.220          0.002
       1887.007       5280.396    2033602.501          0.001
       3198.604       5704.933     913137.920          0.001
       1887.007       5280.396    2033602.501          0.001
       2009.115       6054.972     949785.230          0.002
       4185.495       4975.141     967602.220          0.002
       3885.839       5927.377    6098237.596          0.000
       4185.495       4975.141     967602.220          0.002
       5266.042       4860.451    1058736.651          0.003
       5266.042       4860.451    1058736.651          0.003
       6000.133       6032.894    1699460.151          0.001
       5266.042       4860.451    1058736.651          0.003
       4459.397       5484.005     913137.920          0.001
       5555.097       4860.251     915090.984          0.003
       6954.337       4859.279    1503533.162          0.001
       6954.337       4859.279    1503533.162          0.001
       8120.063       5633.316     945015.821          0.002
       6954.337       4859.279    1503533.162          0.001
       6958.162       5877.993     936184.979          0.000
       6954.337       4859.279    1503533.162          0.001
       6071.267       5945.403     929327.403          0.001
       6954.337       4859.279    1503533.162          0.001
       7950.749       5069.030     938197.629          0.001
      10187.612       5236.151     938197.629          0.001
      11201.645       5133.099     833422.908          0.002
      11201.645       5133.099     833422.908          0.002
      10335.236       6121.636    1577719.793          0.001
      13320.174       5010.321     943296.316          0.001
      14334.068       5975.733     959674.037          0.001
      13249.418       4942.949    1073383.061          0.001
      12396.764       5689.919     953562.629          0.001
      15253.574       5541.167     947640.289          0.001
      16168.487       5988.928     939230.746          0.001
      15040.567       5160.703     947640.289          0.001
      16436.255       5265.576    6780480.294          0.000
      16606.909       5429.086     952673.744          0.000
      17342.754       6134.128    1364810.417          0.001
      18123.456       5480.270     950597.990          0.002
      19082.550       5881.273    1797255.824          0.001
      19462.174       5016.476    3528634.105          0.001
      20281.337       5622.336     970276.713          0.001
      19701.889       5008.679     954451.304          0.001
      21101.149       4963.163     954909.360          0.001
      21397.533       5034.890     954909.360          0.001
      22211.212       6174.156     970173.648          0.001
      21340.739       4955.370    1410625.480          0.001
      22484.921       5200.340    2175130.140          0.001
      22484.921       5200.340    2175130.140          0.001
      22268.433       6254.275    1717489.833          0.001
      23366.436       6176.774     959552.084          0.001
      23493.060       7187.829    1605870.596          0.001
      24148.250       5200.735     959552.084          0.001
      25161.094       5092.739    1394776.020          0.001
      22999.858       5544.520     959552.084          0.000
      22268.433       6254.275    1717489.833          0.001
      23519.556       5554.971     959552.084          0.000
      24245.999       6269.461    1395611.621          0.001
      25161.094       5092.739    1394776.020          0.001
      24301.883       6197.599     970571.664          0.001
      25190.034       5124.801     957761.996          0.001
      26128.098       6164.049     969970.875          0.001
      26272.119       5094.998    6685517.319          0.000
      27511.843       5744.438     969842.541          0.001
      27494.922       4997.482     958285.934          0.001
      28511.107       4916.444    1028865.329          0.001
      28511.107       4916.444    1028865.329          0.001
      28300.078       5913.277     969842.541          0.000
      29773.832       5164.977     958322.474          0.000
      30458.305       5919.912    1625928.976          0.001
      29422.143       5056.664     958322.474          0.000
      28392.384       6005.134     969842.541          0.000
      30364.666       5242.433    2517374.940          0.001
      31334.485       5343.751    2960207.501          0.001
      31633.768       5298.345     964744.981          0.001
      33017.928       5088.343     962733.035          0.002
      31334.485       5343.751    2960207.501          0.001
      30458.305       5919.912    1625928.976          0.001
      33317.387       5042.910    1712304.212          0.002
      33406.107       6057.868     978316.415          0.001
      33436.686       5176.509     962733.035          0.002
      34369.169       6220.767     975484.182          0.001
      33317.387       5042.910    1712304.212          0.002
      32560.180       5725.446     971599.857          0.001
      33317.387       5042.910    1712304.212          0.002
      34335.411       5080.224     964399.099          0.001
      36397.163       5091.104    1535347.018          0.001
      36539.556       6226.583    2939483.940          0.001
      36858.080       5047.541     964590.032          0.001
      38251.240       4915.867    1539495.569          0.001
      38251.240       4915.867    1539495.569          0.001
      38426.299       5887.178    1705381.739          0.001
      38251.240       4915.867    1539495.569          0.001
      39254.750       5089.700     965596.310          0.002
      38251.240       4915.867    1539495.569          0.001
      37140.083       5766.731     976049.239          0.002
      41405.098       5250.011     965596.310          0.001
      42413.349       5101.713    1376414.702          0.001
      40954.441       5421.665     965596.310          0.000
      42275.651       5884.701     973570.289          0.000
      39418.743       5655.929     965596.310          0.001
      38426.299       5887.178    1705381.739          0.001
      43037.158       5395.910     962764.970          0.001
      44303.404       5993.089     975679.508          0.001
      42769.415       5061.407     962764.970          0.001
      44160.531       4903.934     959684.870          0.001
      45576.350       5114.707     963276.916          0.001
      46447.960       6210.287     977354.023          0.002
      45476.021       5087.000     963276.916          0.001
      44394.064       5975.464     975679.508          0.001
      46697.187       5503.196     966263.035          0.001
      47406.341       6710.301     979150.277          0.002
      47209.451       5139.296     966263.035          0.002
      48588.477       4900.189    1720257.851          0.001
      48588.477       4900.189    1720257.851          0.001
      47959.773       6150.714     979150.277          0.003
      48588.477       4900.189    1720257.851          0.001
      48837.091       6277.512     977157.577          0.001
      49738.451       5534.027     964927.464          0.000
      50465.637       6248.092    2538233.817          0.001
      49311.660       5412.738     964927.464          0.000
      48844.560       6318.889    1239123.090          0.001
      51825.252       5227.907    1554899.495          0.001
      52411.056       6061.804     974638.029          0.000
      51825.252       5227.907    1554899.495          0.001
      51784.692       6328.231    5087079.373          0.000
      51705.129       5318.041     963674.063          0.002
      50585.317       6158.291     976042.672          0.001
      52792.420       4957.190    5336342.190          0.001
      54048.144       5575.271     969292.742          0.002
      53118.028       5012.753     959330.563          0.001
      54498.080       5248.248     962087.359          0.001
      54823.877       5303.843    3666668.829          0.000
      54729.523       5910.652    1256260.381          0.001
      55777.940       5253.784    9742168.169          0.000
      55700.836       6650.780     978205.296          0.000
      55593.610       5369.273     961033.776          0.000
      54729.523       5910.652    1256260.381          0.001
      56048.015       5552.751     961033.776          0.000
      56730.962       6308.758    1033793.968          0.001
      56588.517       4925.315    3097305.489          0.000
      56730.962       6308.758    1033793.968          0.001
      56588.517       4925.315    3097305.489          0.000
      57186.401       5750.861     971392.270          0.001
      56946.985       4922.706     956494.809          0.001
      58346.948       4912.520     955923.990          0.002
      58705.075       4909.914    1968263.829          0.001
      58914.597       6083.181    1720658.181          0.001
      58715.888       4910.535     955923.990          0.001
      60113.582       4990.858     956810.041          0.001
      58705.075       4909.914    1968263.829          0.001
      58011.802       5657.283     971392.270          0.001
      60113.568       5360.920     956810.041          0.001
      58914.597       6083.181    1720658.181          0.001
      61844.946       5784.239     958234.204          0.002
      61700.557       7176.773     977539.189          0.001
      62086.819       5176.910     958234.204          0.001
      63465.707       4934.694     952481.111          0.001
      61782.135       5297.036     958234.204          0.001
      60645.737       6114.716     971177.227          0.001
      61904.599       5208.919    3688471.217          0.001
      62853.044       6028.344    1188251.961          0.001
      63647.569       4902.748    1921374.284          0.001
      62853.044       6028.344    1188251.961          0.001
      63647.569       4902.748    1921374.284          0.001
      64746.634       5349.306    5009775.578          0.001
      64746.634       5349.306    5009775.578          0.001
      64823.980       6394.494     972997.758          0.001
      66558.940       5665.508     955042.310          0.002
      67849.393       6208.401     961127.932          0.001
      65669.287       5291.232    2059859.261          0.001
      65635.398       5900.386    1447906.947          0.002
      66299.948       5175.020     955042.310          0.002
      67676.768       4921.314     945784.715          0.002
      67729.478       4911.601    1030120.314          0.001
      67851.213       6209.166    1642154.658          0.001
      69960.383       4903.941    1271753.673          0.002
      71176.983       5596.042     945510.823          0.001
      69960.383       4903.941    1271753.673          0.002
      69212.213       5595.513     956840.584          0.001
      72022.484       5238.189     704230.247          0.002
      72690.580       6007.622     943308.365          0.000
      72022.484       5238.189     704230.247          0.002
      71661.079       5871.435    2610139.687          0.001
      72809.299       5083.543     931199.586          0.001
      73963.227       5876.292     934071.709          0.001
      75346.966       4952.598     915810.714          0.001
      76746.955       4947.045     900573.588          0.002
      75102.485       5030.056     915810.714          0.001
      76076.740       6035.456     919816.005          0.001
      75028.649       4953.861    1609556.706          0.001
      74035.961       5926.260    2619210.618          0.001
      76779.571       4946.916    1012792.736          0.002
      77559.050       5892.704     902437.607          0.002
      76779.571       4946.916    1012792.736          0.002
      77556.032       4973.859     878400.415          0.002
      78815.276       5017.556    4477475.475          0.001
      79627.495       5775.044     877538.867          0.001
      78344.080       5551.191     878400.415          0.001
      77792.457       6175.910    1966744.061          0.002
       2009.115       6054.972     949785.230          0.002
       2248.851       7146.831    1734147.583          0.002
       2009.115       6054.972     949785.230          0.002
       1333.942       6420.561     883248.496          0.002
       2009.115       6054.972     949785.230          0.002
       3324.927       5965.512     913137.920          0.001
       3217.591       6425.180     913137.920          0.001
       2248.851       7146.831    1734147.583          0.002
       4982.492       5982.107     913137.920          0.001
       6000.133       6032.894    1699460.151          0.001
       6000.133       6032.894    1699460.151          0.001
       6049.966       7324.529    1859890.067          0.002
       5644.225       6209.004     929327.403          0.001
       4389.438       6829.898     923865.672          0.001
       7285.576       6523.188     936184.979          0.001
       7957.838       7289.224    1286081.397          0.001
       7846.385       6140.692     936184.979          0.001
       8865.878       6128.534    1614692.337          0.001
       6674.107       6519.140     936184.979          0.000
       6049.966       7324.529    1859890.067          0.002
       8865.878       6128.534    1614692.337          0.001
       8873.490       7284.235    3006808.080          0.001
       8820.249       6186.859     945015.821          0.001
       7957.838       7289.224    1286081.397          0.001
       8900.544       6128.371     945015.821          0.001
      10300.529       6121.799     950166.901          0.001
      10335.236       6121.636    1577719.793          0.001
      11016.302       7023.923    1639924.372          0.001
      10335.236       6121.636    1577719.793          0.001
      11467.790       6070.068     953562.629          0.001
       9968.717       6413.146     950166.901          0.002
       8873.490       7284.235    3006808.080          0.001
      13049.768       6640.916     953562.629          0.002
      14038.321       7195.565    1111356.035          0.001
      11816.388       6220.579     953562.629          0.001
      11016.302       7023.923    1639924.372          0.001
      13271.567       6044.853     953562.629          0.002
      14405.323       6043.581    1540979.169          0.001
      14769.870       6032.281     959674.037          0.001
      16168.487       5988.928     939230.746          0.001
      14405.323       6043.581    1540979.169          0.001
      15060.171       6824.737     968651.351          0.000
      14405.323       6043.581    1540979.169          0.001
      14038.321       7195.565    1111356.035          0.001
      16168.487       5988.928     939230.746          0.001
      16255.641       7053.530    1605953.668          0.001
      16168.487       5988.928     939230.746          0.001
      15547.522       6796.663     968651.351          0.000
      16168.487       5988.928     939230.746          0.001
      17342.754       6134.128    1364810.417          0.001
      17342.754       6134.128    1364810.417          0.001
      18251.953       6988.317    1415391.657          0.002
      17690.938       6083.524     965355.991          0.002
      19076.383       5882.169     964448.452          0.001
      17333.779       6141.719     965355.991          0.001
      16264.813       7045.773     970799.533          0.001
      19082.550       5881.273    1797255.824          0.001
      18251.953       6988.317    1415391.657          0.002
      19187.058       6022.305     964448.452          0.002
      20020.583       7147.132     977635.250          0.001
      19082.550       5881.273    1797255.824          0.001
      20081.850       6079.437     970276.713          0.001
      22276.362       6526.392     970173.648          0.001
      22317.138       7925.798     980063.671          0.001
      22268.433       6254.275    1717489.833          0.001
      21402.359       7223.251    1294873.614          0.001
      22324.325       6296.882     970173.648          0.001
      23437.708       7145.633     977473.691          0.001
      24758.043       6249.752     970571.664          0.001
      26156.857       6195.911    1161145.507          0.001
      24245.999       6269.461    1395611.621          0.001
      23493.060       7187.829    1605870.596          0.001
      26156.857       6195.911    1161145.507          0.001
      26320.277       7201.185     976488.707          0.000
      26156.857       6195.911    1161145.507          0.001
      25293.981       6737.283     977567.406          0.001
      26156.857       6195.911    1161145.507          0.001
      27174.933       6165.362     969842.541          0.001
      27894.690       6346.747     969842.541          0.000
      26691.882       7063.162     976488.707          0.000
      29444.164       6017.926     969842.541          0.001
      30458.305       5919.912    1625928.976          0.001
      30458.305       5919.912    1625928.976          0.001
      30283.449       7061.547     953830.612          0.001
      30552.611       6039.615     969501.721          0.001
      31418.993       7139.334     978019.563          0.001
      30149.759       6104.305     969501.721          0.001
      28948.009       6822.496     976408.262          0.001
      30458.305       5919.912    1625928.976          0.001
      31472.587       6021.123     971599.857          0.001
      32286.415       6922.757     971599.857          0.001
      32443.489       7929.981    3888338.754          0.001
      32156.450       6089.363    6253651.943          0.000
      33325.791       6858.254     978316.415          0.000
      32004.468       6366.117     971599.857          0.000
      31513.779       7259.647    5539925.179          0.001
      34498.456       6564.274     975484.182          0.001
      34563.918       7962.743     981955.956          0.001
      34488.639       6354.558    1621647.048          0.001
      35885.460       6267.398     976049.239          0.002
      34488.639       6354.558    1621647.048          0.001
      35321.968       7198.112    1193678.290          0.001
      34488.639       6354.558    1621647.048          0.001
      33617.458       6882.907     978316.415          0.000
      36518.656       6415.026     976049.239          0.001
      36364.329       7806.494     982717.295          0.001
      36794.131       6180.788     976049.239          0.001
      38172.014       5932.921     973349.839          0.001
      36477.763       6275.889     976049.239          0.001
      35383.433       7149.068     980628.186          0.001
      36539.556       6226.583    2939483.940          0.001
      37505.533       7061.362    1479803.521          0.001
      38397.828       5923.484     973349.839          0.001
      37533.927       7025.153     980723.212          0.001
      38426.299       5887.178    1705381.739          0.001
      39321.328       6374.381     980311.608          0.001
      38787.959       5904.887     973349.839          0.001
      40186.283       5973.359     973590.119          0.001
      40547.068       5991.026     962649.094          0.001
      41465.035       7045.120    1582489.153          0.001
      40547.068       5991.026     962649.094          0.001
      41565.877       5974.221     973570.289          0.001
      40547.068       5991.026     962649.094          0.001
      40491.383       7008.509     980311.608          0.000
      42163.607       6303.211     973570.289          0.000
      41465.035       7045.120    1582489.153          0.001
      42694.638       6211.118     973570.289          0.000
      43341.044       6998.591    1368130.575          0.001
      43329.151       5983.813     973570.289          0.001
      44347.358       6013.818    1694604.453          0.001
      44419.800       6022.665     975679.508          0.001
      45809.474       6192.385     977354.023          0.002
      44347.358       6013.818    1694604.453          0.001
      45064.598       6737.497     980281.738          0.001
      44344.711       6016.408     975679.508          0.001
      43344.110       6995.591     980021.282          0.001
      46500.898       6276.828    6171593.733          0.001
      45800.845       7017.408     980281.738          0.000
      49067.022       6309.174     977157.577          0.001
      50465.637       6248.092    2538233.817          0.001
      48825.769       6328.215     977157.577          0.001
      47571.709       6950.575     979150.277          0.002
      50461.751       6260.248     976042.672          0.001
      50035.463       7593.770     983661.422          0.001
      50664.257       6567.563     976042.672          0.002
      51403.447       7756.512     982421.246          0.002
      50601.058       6351.843     976042.672          0.001
      51712.391       7203.276     980708.713          0.001
      50465.637       6248.092    2538233.817          0.001
      49811.855       7029.392     981210.385          0.000
      53727.318       6098.961     974638.029          0.001
      54729.523       5910.652    1256260.381          0.001
      52456.359       6489.588     974638.029          0.000
      51848.240       7307.355    1357778.830          0.001
      52872.891       6455.949     974638.029          0.000
      53783.933       6912.085     981236.710          0.001
      54729.523       5910.652    1256260.381          0.001
      53783.933       6912.085     981236.710          0.001
      56730.962       6308.758    1033793.968          0.001
      56739.684       7528.058     978563.329          0.001
      56730.962       6308.758    1033793.968          0.001
      57866.707       7126.802     978688.567          0.002
      56730.962       6308.758    1033793.968          0.001
      55881.821       6870.469     978205.296          0.000
      57512.835       6204.399     971392.270          0.000
      57897.210       7148.773    1445976.044          0.002
      58914.597       6083.181    1720658.181          0.001
      59606.844       7299.670     979089.748          0.001
      58914.597       6083.181    1720658.181          0.001
      57948.038       7095.537     978688.567          0.002
      58914.597       6083.181    1720658.181          0.001
      60310.317       6186.928     971177.227          0.002
      60575.626       6246.690     971177.227          0.001
      61647.318       7147.509     977539.189          0.001
      60503.986       6229.012     971177.227          0.001
      59672.319       7355.214     979089.748          0.001
      62853.044       6028.344    1188251.961          0.001
      62914.466       7089.933    3695230.398          0.001
      62769.068       6112.954     966833.341          0.001
      61782.847       7106.618     977539.189          0.002
      63629.046       7030.639     967566.138          0.001
      63598.486       8049.290    1444379.892          0.001
      63652.133       6261.074   14820298.936          0.000
      64729.870       7153.680     972997.758          0.000
      65706.191       6231.194     961627.519          0.002
      65999.156       7600.198     971959.890          0.001
      65771.013       6039.209     961627.519          0.002
      66749.320       7040.665     970261.432          0.001
      66050.302       5958.204     961627.519          0.002
      67436.903       6151.431     961127.932          0.001
      65635.398       5900.386    1447906.947          0.002
      65152.972       6797.315     972997.758          0.001
      67851.213       6209.166    1642154.658          0.001
      68649.562       7180.083    3378041.910          0.001
      67851.213       6209.166    1642154.658          0.001
      66884.857       7179.410    1390912.104          0.001
      69603.028       6446.887     956818.626          0.001
      69101.580       7754.002     965845.163          0.002
      69672.206       6266.562    5985037.158          0.000
      71045.283       5993.774     945510.823          0.001
      69672.206       6266.562    5985037.158          0.000
      68729.310       7108.844     966720.530          0.001
      71713.181       5924.743     945510.823          0.001
      72691.743       6925.951     951313.619          0.001
      71583.237       5984.541     945510.823          0.001
      70789.720       7137.542    2206027.307          0.001
      74035.961       5926.260    2619210.618          0.001
      74015.733       6945.194     944054.497          0.001
      74148.400       6053.881     934071.709          0.001
      75073.894       7104.339     935057.932          0.001
      73932.185       6010.758     934071.709          0.001
      72846.543       6894.716     951313.619          0.001
      74396.043       5957.828     934071.709          0.001
      75790.694       6080.093     919816.005          0.001
      76150.566       6111.642    3429813.694          0.001
      76938.416       7231.881     984422.395          0.001
      76150.566       6111.642    3429813.694          0.001
      77379.174       6159.733     902437.607          0.002
      76125.092       6141.233     919816.005          0.001
      75211.693       7202.224     935057.932          0.001
      77792.457       6175.910    1966744.061          0.002
      78412.515       6699.555     892081.215          0.001
      77796.667       6551.592     902437.607          0.002
      77812.035       7923.045    1747420.023          0.002
      77696.599       6294.433     902437.607          0.002
      76938.416       7231.881     984422.395          0.001
      79816.881       6390.199     877538.867          0.000
      79168.605       7338.082    4295611.099          0.000
       2294.556       7235.838     907022.613          0.002
       2852.452       8322.319    1250174.266          0.001
       2248.851       7146.831    1734147.583          0.002
       2232.636       8253.787     551812.921          0.003
       2248.851       7146.831    1734147.583          0.002
       1584.414       7447.143     886317.036          0.002
       2780.733       7104.899     907022.613          0.002
       4033.229       7006.157    2204000.586          0.001
       4041.669       7018.804     923865.672          0.001
       4818.667       8183.021    5935020.634          0.001
       3817.377       7246.757     923865.672          0.001
       2882.477       8288.851     918086.312          0.001
       4632.202       7100.714     923865.672          0.001
       6015.076       7319.021     941648.281          0.002
       6077.077       7572.975     941648.281          0.002
       6228.913       8964.440    1257622.957          0.002
       6152.028       7322.641     941648.281          0.002
       7551.789       7296.738     951100.665          0.002
       6049.966       7324.529    1859890.067          0.002
       7121.195       8110.498    1164040.885          0.002
       7957.838       7289.224    1286081.397          0.001
       8270.394       8029.932    2117937.706          0.000
       7957.838       7289.224    1286081.397          0.001
       7121.195       8110.498    1164040.885          0.002
       8953.452       7353.905     954621.872          0.001
      10008.998       8273.591     962131.015          0.001
       8948.444       7275.129     954621.872          0.001
      10338.226       7106.296     958541.009          0.002
       8873.490       7284.235    3006808.080          0.001
       8270.394       8029.932    2117937.706          0.000
      11016.302       7023.923    1639924.372          0.001
      11002.552       8042.998     964751.213          0.000
      10893.961       7197.984     958541.009          0.001
      10088.979       8343.278    1926203.365          0.001
      12220.363       8050.295     959942.858          0.001
      12360.235       9058.661    1496317.311          0.003
      12516.104       7287.221     959942.858          0.001
      13310.632       7924.460    1277850.935          0.002
      11950.701       7076.391     959942.858          0.000
      11111.347       8196.875     964751.213          0.000
      13029.069       7057.144     959942.858          0.001
      14038.321       7195.565    1111356.035          0.001
      14038.321       7195.565    1111356.035          0.001
      14402.473       7980.727    2878392.661          0.001
      14038.321       7195.565    1111356.035          0.001
      13310.632       7924.460    1277850.935          0.002
      15303.131       7114.560    8230199.934          0.000
      16196.327       8087.470    5954129.443          0.000
      16853.036       7034.015     970799.533          0.001
      18251.953       6988.317    1415391.657          0.002
      16661.213       7228.561     970799.533          0.001
      17946.619       7783.296     977664.876          0.001
      16255.641       7053.530    1605953.668          0.001
      16197.292       8070.646     974003.441          0.000
      18497.329       7027.658     974960.681          0.002
      19879.676       7249.286     977635.250          0.001
      20125.486       7288.696    1698368.794          0.001
      20175.427       8107.778    1856069.682          0.001
      20125.486       7288.696    1698368.794          0.001
      21402.359       7223.251    1294873.614          0.001
      19893.484       7376.224     977635.250          0.001
      18583.604       7870.407     977664.876          0.001
      21402.359       7223.251    1294873.614          0.001
      21337.156       8240.110     978265.601          0.001
      21356.817       7256.084     977924.659          0.001
      20221.167       8074.803     979354.766          0.001
      21402.359       7223.251    1294873.614          0.001
      22324.788       8188.337    1374731.996          0.001
      23493.060       7187.829    1605870.596          0.001
      24238.955       8261.131    2921172.578          0.001
      23493.060       7187.829    1605870.596          0.001
      23461.243       8206.210     978958.251          0.001
      23440.613       7232.745     977473.691          0.001
      22377.263       8143.396     980063.671          0.001
      24632.937       7330.412     977567.406          0.000
      26032.250       7286.556     976488.707          0.000
      24333.660       7339.792    5862181.767          0.000
      24238.955       8261.131    2921172.578          0.001
      25231.380       7626.213     977567.406          0.001
      26202.333       7936.001    1076772.595          0.001
      26791.370       8131.576     976488.707          0.001
      27273.223       9029.049    1712562.406          0.001
      27582.966       7142.181     976488.707          0.001
      28596.057       7032.829    1576637.237          0.001
      27638.058       7946.977     976488.707          0.001
      28544.232       8411.947    1316269.683          0.001
      28596.057       7032.829    1576637.237          0.001
      29466.600       7562.828     978926.577          0.001
      28739.834       7035.276     976408.262          0.001
      30139.631       7059.099     977398.340          0.001
      28596.057       7032.829    1576637.237          0.001
      28544.232       8411.947    1316269.683          0.001
      30283.449       7061.547     953830.612          0.001
      31513.779       7259.647    5539925.179          0.001
      31513.779       7259.647    5539925.179          0.001
      31348.918       8264.804     983225.653          0.001
      33892.098       7415.169     978316.415          0.001
      34573.740       8172.553    1717786.031          0.001
      33190.224       7236.907     978316.415          0.000
      32443.489       7929.981    3888338.754          0.001
      35321.968       7198.112    1193678.290          0.001
      36343.466       7994.609    1393178.209          0.001
      35321.968       7198.112    1193678.290          0.001
      34573.740       8172.553    1717786.031          0.001
      37505.533       7061.362    1479803.521          0.001
      37428.787       8077.362     985208.336          0.001
      37505.533       7061.362    1479803.521          0.001
      38453.143       7929.419    1812398.765          0.000
      37470.309       7089.650     980723.212          0.001
      36378.741       7966.280     982717.295          0.001
      38753.280       7261.614     981416.035          0.000
      40138.971       7061.965     980311.608          0.000
      39501.786       7697.609     981416.035          0.001
      40463.670       8034.380    2120597.983          0.001
      41525.216       7089.935     980646.992          0.001
      42648.078       7926.106     984989.242          0.001
      41732.109       7038.496     980646.992          0.001
      43131.679       7003.784     980021.282          0.002
      41462.307       7047.814     980646.992          0.001
      40466.356       8031.726     985309.486          0.001
      43341.044       6998.591    1368130.575          0.001
      42707.722       7970.522    1397219.336          0.001
      43341.044       6998.591    1368130.575          0.001
      44353.488       7114.410     980281.738          0.001
      46545.010       7110.084     980281.738          0.001
      47552.964       6959.878    4477149.771          0.002
      46505.110       7617.213     980281.738          0.001
      47454.158       7988.198    1740607.979          0.003
      44392.594       7667.334     980281.738          0.001
      43395.706       8014.967    4629930.463          0.000
      47552.964       6959.878    4477149.771          0.002
      48549.947       7170.691     981210.385          0.001
      49157.138       8338.546     981210.385          0.001
      48796.228       9291.342    2077865.524          0.001
      48431.174       7698.979     981210.385          0.001
      47454.158       7988.198    1740607.979          0.003
      51848.240       7307.355    1357778.830          0.001
      52778.810       7722.603     980857.000          0.001
      52408.064       7193.038     980708.713          0.002
      53779.758       6912.938     978444.596          0.001
      51848.240       7307.355    1357778.830          0.001
      51601.959       8075.807    2167421.542          0.001
      53783.933       6912.085     981236.710          0.001
      54800.862       6960.839     978205.296          0.001
      55851.303       7169.303     978205.296          0.000
      56743.362       8042.147    4027047.018          0.001
      55031.967       7433.926     978205.296          0.001
      53865.791       8207.646    7691024.972          0.000
      57897.210       7148.773    1445976.044          0.002
      58598.727       7888.198     978914.891          0.000
      58081.606       7173.171     978688.567          0.002
      59469.509       7356.812     979089.748          0.001
      57897.210       7148.773    1445976.044          0.002
      56932.625       7895.609     978563.329          0.001
      59979.264       7350.818     979089.748          0.002
      61373.260       7221.292     977539.189          0.002
      59653.191       7381.116    1728483.599          0.001
      58806.839       7948.712     978914.891          0.000
      61699.080       7191.018    2254443.493          0.001
      61683.054       8384.340    2151117.830          0.001
      61446.627       7338.345     977539.189          0.002
      60237.468       8043.988     980202.388          0.001
      62914.466       7089.933    3695230.398          0.001
      63598.486       8049.290    1444379.892          0.001
      62781.023       7230.203     975182.794          0.001
      61816.063       8244.526     980603.640          0.002
      64781.791       8125.813     972997.758          0.001
      64651.624       9135.946    2028340.393          0.001
      65176.521       7443.006     972997.758          0.000
      66070.106       7931.745    1865664.582          0.001
      64475.420       7531.200     972997.758          0.000
      63598.486       8049.290    1444379.892          0.001
      66884.857       7179.410    1390912.104          0.001
      68149.391       7179.892     966720.530          0.001
      66884.857       7179.410    1390912.104          0.001
      66070.106       7931.745    1865664.582          0.001
      68649.562       7180.083    3378041.910          0.001
      67643.129       7880.368     970769.017          0.001
      71146.249       7327.626     960710.853          0.002
      72381.638       7986.273     952034.710          0.001
      71068.863       7114.853     960710.853          0.002
      72464.261       7001.430     951313.619          0.001
      70789.720       7137.542    2206027.307          0.001
      70740.692       8344.096    1683788.440          0.001
      70548.490       7246.842     960710.853          0.002
      69273.281       7824.632     965845.163          0.002
      72743.342       6978.745    1669385.690          0.001
      73464.556       7698.692     944054.497          0.001
      72743.342       6978.745    1669385.690          0.001
      72737.396       8175.946    1526644.779          0.001
      75186.212       7231.823    1302579.512          0.001
      75906.161       8256.402    2881829.422          0.001
      75186.212       7231.823    1302579.512          0.001
      74378.427       7901.732     944054.497          0.001
      76938.416       7231.881     984422.395          0.001
      77812.035       7923.045    1747420.023          0.002
      76919.117       7251.035     918762.942          0.001
      75925.452       8237.256     929384.626          0.001
      78723.644       8103.079     892081.215          0.001
      78133.808       9117.154    2318064.320          0.001
      79168.605       7338.082    4295611.099          0.000
      79886.637       8050.749     886089.974          0.000
       1242.847       8850.111     886317.036          0.002
       1996.713       9266.726    1066255.857          0.002
       2232.636       8253.787     551812.921          0.003
       1996.713       9266.726    1066255.857          0.002
       2232.636       8253.787     551812.921          0.003
       2852.452       8322.319    1250174.266          0.001
       3137.326       8302.137     918086.312          0.002
       4533.826       8203.201     936822.945          0.001
       2852.452       8322.319    1250174.266          0.001
       2163.885       9082.232     902648.542          0.002
       5016.321       8505.066     936822.945          0.001
       5748.639       9698.259     939607.812          0.001
       7121.766       8111.358     950685.467          0.002
       7896.128       9277.704     955121.267          0.001
       7121.195       8110.498    1164040.885          0.002
       6228.913       8964.440    1257622.957          0.002
       8270.394       8029.932    2117937.706          0.000
       7896.671       9278.522    2206865.448          0.001
       8904.463       8577.582     958273.870          0.000
       8903.203       9977.234    3515604.648          0.000
       9290.497       8688.184     958273.870          0.001
      10063.660       9352.047     687282.951          0.002
      10088.979       8343.278    1926203.365          0.001
      10998.442       8347.597    2895966.466          0.000
      10972.593       9070.241     964751.213          0.001
      10936.191      10087.882    1477111.765          0.002
      11457.657       8587.377     964751.213          0.001
      12360.235       9058.661    1496317.311          0.003
      10757.659       8606.325     964751.213          0.000
      10063.660       9352.047     687282.951          0.002
      13381.322       8054.037     968160.994          0.002
      14051.797       9283.046     974781.727          0.001
      13259.271       7985.754     968160.994          0.002
      12360.235       9058.661    1496317.311          0.003
      14484.989       8036.454     970489.049          0.001
      15645.188       8819.996     977149.630          0.001
      14396.749       8010.030     970489.049          0.001
      14128.338       9384.060     974781.727          0.001
      14402.473       7980.727    2878392.661          0.001
      15419.463       8041.243     974003.441          0.001
      17155.650       8700.147     974003.441          0.001
      18014.000       9248.338    1123808.445          0.002
      17334.678       8019.082     974003.441          0.001
      18351.433       7957.999    3780997.683          0.001
      18351.433       7957.999    3780997.683          0.001
      18014.000       9248.338    1123808.445          0.002
      18419.812       7963.614     977664.876          0.001
      19815.116       8078.191     979354.766          0.001
      20246.519       8856.023     979354.766          0.002
      20378.904      10249.364    1046350.584          0.002
      20175.427       8107.778    1856069.682          0.001
      19486.757       8859.365     977754.780          0.001
      22324.788       8188.337    1374731.996          0.001
      23126.668       8817.063     978958.251          0.000
      24807.410       8166.996     979982.089          0.001
      26188.600       7938.275     979395.661          0.001
      26285.195       8020.578     979395.661          0.001
      27264.957       9020.612     982571.386          0.001
      26195.641       7943.742     979395.661          0.001
      25280.066       9002.856     980998.170          0.002
      28544.232       8411.947    1316269.683          0.001
      29360.846       9021.613     982663.493          0.000
      28544.232       8411.947    1316269.683          0.001
      29536.806       8182.649     978926.577          0.001
      28538.632       8414.666     980651.627          0.001
      27279.225       9026.135     982571.386          0.001
      30223.948       8023.911    9804329.676          0.000
      31067.180       9140.868     983225.653          0.000
      30223.948       8023.911    9804329.676          0.000
      29555.092       9166.633    5539677.244          0.000
      32286.545       8308.283     979743.989          0.002
      31750.072       9601.417     983386.285          0.001
      32813.210       7972.081     979743.989          0.002
      34204.221       8130.476     981955.956          0.002
      32443.489       7929.981    3888338.754          0.001
      31750.683       8676.665     983225.653          0.001
      34573.740       8172.553    1717786.031          0.001
      35313.912       8872.892     983749.117          0.000
      34573.740       8172.553    1717786.031          0.001
      33586.195       9119.307    1380298.536          0.003
      35482.971       7999.140    3714236.293          0.001
      36343.466       7994.609    1393178.209          0.001
      36343.466       7994.609    1393178.209          0.001
      37067.911       8711.036     985208.336          0.000
      38453.060       7938.388     983663.979          0.000
      38440.055       9338.328     986445.393          0.001
      38759.256       7945.400     983663.979          0.001
      40157.352       8018.388     985309.486          0.001
      38453.143       7929.419    1812398.765          0.000
      37724.604       8641.754     985208.336          0.001
      39239.447       8324.232     983663.979          0.001
      40490.114       8952.207    1974234.890          0.001
      40869.358       8235.570     985309.486          0.001
      42123.594       8857.576     989274.511          0.001
      41198.650       8013.465     985309.486          0.001
      42598.083       7973.642     984989.242          0.001
      40463.670       8034.380    2120597.983          0.001
      40490.114       8952.207    1974234.890          0.001
      42707.722       7970.522    1397219.336          0.001
      43237.652       8840.994     989100.263          0.000
      42707.722       7970.522    1397219.336          0.001
      42528.559       9058.408    1624305.137          0.001
      43474.264       8134.925     984879.508          0.001
      44241.252       9306.134     988291.645          0.001
      43747.497       8033.017     984879.508          0.001
      45145.658       8104.754     984719.552          0.001
      45497.216       8122.792    2133267.377          0.001
      45573.639       9138.899     986638.980          0.001
      45718.764       8299.439     984719.552          0.001
      46813.407       9172.226     988939.700          0.001
      45777.439       8103.519     984719.552          0.001
      47174.139       8007.457     983413.554          0.003
      45377.815       8254.959     984719.552          0.001
      44439.312       9293.810     988291.645          0.001
      47623.044       8152.185     983413.554          0.003
      48627.453       9127.462     988192.355          0.001
      47454.158       7988.198    1740607.979          0.003
      46817.265       9175.303    1605931.135          0.001
      49855.667       8162.798     983661.422          0.001
      50513.427       9398.658     987028.315          0.001
      50174.309       8144.852     983661.422          0.001
      51572.675       8077.223     982421.246          0.001
      49803.370       8214.820     983661.422          0.001
      48846.913       9237.165     988192.355          0.001
      51990.627       8293.014     982421.246          0.002
      53212.735       8975.988     985330.331          0.001
      51502.616       8196.883     982421.246          0.002
      50614.579       9279.191     987028.315          0.002
      51601.959       8075.807    2167421.542          0.001
      52619.240       8135.050     980857.000          0.001
      54886.057       8156.269     980857.000          0.001
      55904.427       8104.989     765859.884          0.001
      54790.269       8783.173     980857.000          0.001
      55655.584       9321.868    1732441.552          0.001
      55904.427       8104.989     765859.884          0.001
      56468.049       8954.379     984257.096          0.000
      55904.427       8104.989     765859.884          0.001
      55655.584       9321.868    1732441.552          0.001
      55904.427       8104.989     765859.884          0.001
      56743.362       8042.147    4027047.018          0.001
      57536.129       8061.078     978595.494          0.001
      58649.017       8910.478     983634.185          0.001
      57480.037       8018.267    2383738.185          0.001
      58499.269       8011.838     978914.891          0.000
      57480.037       8018.267    2383738.185          0.001
      56946.104       8886.292     984257.096          0.000
      59951.986       8509.156     980202.388          0.001
      59810.119       9901.950     984327.005          0.001
      60138.503       8209.204     980202.388          0.001
      61529.589       8366.939     980603.640          0.001
      59946.081       8214.472     980202.388          0.001
      58742.932       8930.317     983634.185          0.001
      61701.747       8592.727     980603.640          0.002
      61826.829       9987.128     981163.699          0.001
      61950.896       8337.489     980603.640          0.002
      63329.958       8096.261     977189.431          0.002
      61683.054       8384.340    2151117.830          0.001
      60932.893       9365.149    1052308.481          0.002
      63638.086       8090.151     977189.431          0.002
      64612.409       9095.484     977057.007          0.001
      66171.107       8082.615     971959.890          0.001
      66949.931       9245.986     970449.171          0.001
      65894.195       8081.083     971959.890          0.001
      64826.919       8987.132     977057.007          0.001
      66899.510       8397.786    7968778.162          0.000
      68243.479       8786.963     964365.355          0.001
      68037.263       8150.234     970769.017          0.001
      69032.659       7933.656    1537915.500          0.001
      69032.659       7933.656    1537915.500          0.001
      69032.930       8951.740     964365.355          0.000
      69205.697       7975.237     965845.163          0.001
      70566.946       8302.345     960656.405          0.001
      71319.578       8295.346     960656.405          0.001
      72714.640       8177.862     952034.710          0.001
      70740.692       8344.096    1683788.440          0.001
      70903.410       9352.442     847445.801          0.001
      70740.692       8344.096    1683788.440          0.001
      69793.137       8716.670     964365.355          0.001
      72737.396       8175.946    1526644.779          0.001
      73755.312       8214.634     944054.497          0.000
      72737.396       8175.946    1526644.779          0.001
      73747.124       9145.153     943517.471          0.001
      74918.082       8604.653     944054.497          0.001
      75860.662       8991.841    1564558.700          0.001
      74887.306       8238.940     944054.497          0.001
      75906.161       8256.402    2881829.422          0.001
      75906.161       8256.402    2881829.422          0.001
      77181.460       8033.339     909919.148          0.002
      77812.035       7923.045    1747420.023          0.002
      78074.621       8897.506     903442.538          0.002
      77006.289       8364.364     909919.148          0.002
      75860.662       8991.841    1564558.700          0.001
      78968.817       8690.346     886089.974          0.001
      78133.808       9117.154    2318064.320          0.001
       1213.441       9234.146     882843.223          0.001
       1996.713       9266.726    1066255.857          0.002
         34.893       9215.532     882843.223          0.000
        843.237       9953.586    7407175.799          0.000
       2213.654       9255.877     902648.542          0.002
       3611.906       9185.951     926168.286          0.000
       1996.713       9266.726    1066255.857          0.002
       1355.789       9648.377     884314.119          0.001
       5010.228       9616.200     926168.286          0.001
       5945.953      10019.750    2043373.513          0.001
       3970.956       9167.995   11876036.550          0.000
       2970.756       9636.405     897730.167          0.002
       6228.913       8964.440    1257622.957          0.002
       5945.953      10019.750    2043373.513          0.001
       6228.913       8964.440    1257622.957          0.002
       7604.182       9223.439     955121.267          0.001
       7736.461       9536.976     955121.267          0.001
       6998.849      10726.904     947105.106          0.001
       7896.671       9278.522    2206865.448          0.001
       8174.035      10200.406     860313.937          0.001
       7896.671       9278.522    2206865.448          0.001
       8734.068       9859.825     957192.765          0.000
       7301.869       9504.533     955121.267          0.002
       5993.162      10001.811     939607.812          0.001
      10063.660       9352.047     687282.951          0.002
      10936.191      10087.882    1477111.765          0.002
      10063.660       9352.047     687282.951          0.002
       9166.203       9835.545     957192.765          0.000
      12360.235       9058.661    1496317.311          0.003
      13732.135       9334.472     974781.727          0.001
      12215.627       9163.175     971734.080          0.003
      11080.958       9983.252     965789.240          0.002
      14122.687       9412.990    2406245.253          0.001
      14899.120      10073.059     974886.121          0.000
      14122.687       9412.990    2406245.253          0.001
      15516.532       9285.147     977149.630          0.001
      13301.635       9699.091     974781.727          0.002
      11979.599      10159.763     969497.863          0.002
      16236.203       9219.139    2204178.167          0.001
      17355.873       9955.672    1037579.902          0.002
      16236.203       9219.139    2204178.167          0.001
      15514.884       9939.595     974886.121          0.001
      16614.697       9225.356     977149.630          0.001
      18014.000       9248.338    1123808.445          0.002
      18014.000       9248.338    1123808.445          0.002
      17355.873       9955.672    1037579.902          0.002
      18014.000       9248.338    1123808.445          0.002
      19031.164       9309.057     977754.780          0.000
      19107.074       9601.500     977754.780          0.000
      19273.051      10991.626     978469.579          0.000
      19551.197       9655.191     977754.780          0.001
      20378.904      10249.364    1046350.584          0.002
      18856.915       9462.715     977754.780          0.000
      18022.615      10047.953    3228462.797          0.001
      22270.337       9555.237     978265.601          0.001
      23163.142      10046.280    1564428.925          0.001
      20982.623       9428.960     978265.601          0.001
      20378.904      10249.364    1046350.584          0.002
      21661.740       9022.312     978265.601          0.000
      23061.449       9050.894     978958.251          0.000
      24514.427       9699.886     978958.251          0.001
      25390.200      10220.067    1147812.526          0.001
      24255.302       9036.976     978958.251          0.001
      25273.673       9010.251    1436841.588          0.002
      25273.673       9010.251    1436841.588          0.002
      25963.741       9760.307     981717.615          0.001
      25273.673       9010.251    1436841.588          0.002
      25390.200      10220.067    1147812.526          0.001
      25573.230       9013.067     980998.170          0.002
      26973.168       9026.228     982571.386          0.001
      27273.223       9029.049    1712562.406          0.001
      27489.600      10242.810    1913192.346          0.001
      27273.223       9029.049    1712562.406          0.001
      28565.197       9040.847    2357142.740          0.001
      28565.197       9040.847    2357142.740          0.001
      29219.566       9952.783    1481675.950          0.001
      28565.197       9040.847    2357142.740          0.001
      27686.727      10022.524     982560.584          0.001
      29555.092       9166.633    5539677.244          0.000
      30950.036       9273.440     983225.653          0.000
      31180.591       9291.092    3150126.234          0.000
      31592.947       9980.157    2707849.379          0.001
      30184.318       9627.255     983225.653          0.001
      29219.566       9952.783    1481675.950          0.001
      33586.195       9119.307    1380298.536          0.003
      34237.385       9901.642     982133.894          0.001
      33586.195       9119.307    1380298.536          0.003
      34604.450       9099.139     983749.117          0.001
      33586.195       9119.307    1380298.536          0.003
      33484.004      10222.599     838725.359          0.001
      33586.195       9119.307    1380298.536          0.003
      32301.289       9674.236     983386.285          0.001
      36147.439      10097.160     983749.117          0.001
      36674.343      10969.602    1348050.006          0.001
      36635.508       9627.723     983749.117          0.001
      37548.162      10080.755     904688.283          0.001
      35533.578       9080.736   12425241.862          0.000
      34682.111      10191.260     982133.894          0.000
      35746.421       9071.214     983749.117          0.000
      37145.022       9008.645     985208.336          0.000
      37372.830       9077.275     985208.336          0.000
      37548.162      10080.755     904688.283          0.001
      38439.968       9347.698    2111879.010          0.001
      38056.284      10291.918     982635.158          0.001
      39116.022       9217.282     986445.393          0.001
      40490.114       8952.207    1974234.890          0.001
      38596.047       9456.736     986445.393          0.001
      39743.109      10258.089    1391587.725          0.001
      38439.968       9347.698    2111879.010          0.001
      37548.162      10080.755     904688.283          0.001
      40578.050       9006.835     989176.464          0.001
      41767.258       9745.607     987393.950          0.002
      40464.297       8997.340     989176.464          0.001
      39769.150      10212.565     985952.381          0.001
      40490.114       8952.207    1974234.890          0.001
      41887.712       9025.021     989274.511          0.001
      42528.559       9058.408    1624305.137          0.001
      42391.479      10133.392    2012816.324          0.002
      43780.796       9460.575     989100.263          0.001
      44505.041      10177.491    1656907.591          0.001
      43070.746       9374.073     989100.263          0.000
      42391.479      10133.392    2012816.324          0.002
      44319.809       9426.091    3049074.200          0.001
      45213.116       9916.268     986638.980          0.001
      46817.265       9175.303    1605931.135          0.001
      47445.572      10035.867    1309422.482          0.001
      47101.924       9191.994     988939.700          0.001
      48499.523       9273.944     988192.355          0.001
      48956.733       9301.581     988192.355          0.001
      50353.893       9390.715     987028.315          0.002
      48733.813       9325.747     988192.355          0.001
      47507.749      10001.593     986680.490          0.001
      50514.658       9400.971    1758203.274          0.001
      49967.174      10689.238     984851.245          0.002
      50514.658       9400.971    1758203.274          0.001
      50780.965      10110.339     668428.007          0.002
      50514.658       9400.971    1758203.274          0.001
      49545.965       9717.905     986531.599          0.001
      51640.060       9334.196     986261.156          0.001
      51412.747      10356.879    1168125.461          0.001
      51535.101       9383.447     986261.156          0.001
      50780.965      10110.339     668428.007          0.002
      52554.899       9233.468     986261.156          0.001
      53601.370       9193.177    1544222.725          0.001
      53601.370       9193.177    1544222.725          0.001
      54399.443      10343.068     985152.552          0.001
      53601.370       9193.177    1544222.725          0.001
      52955.379       9981.119     984741.574          0.000
      53631.333       9195.054     985330.331          0.001
      55028.594       9282.589     984816.395          0.002
      55655.584       9321.868    1732441.552          0.001
      56669.158      10086.521    1972905.277          0.001
      55655.584       9321.868    1732441.552          0.001
      56674.270       9296.003     984257.096          0.000
      55571.248       9400.168     984816.395          0.002
      54545.257      10352.713     985152.552          0.001
      57700.299       9124.137     984257.096          0.001
      58704.764       8953.026    1836228.825          0.001
      58617.969       9041.884     983634.185          0.001
      57639.714      10043.391     985331.083          0.001
      58788.773       9052.106     983634.185          0.001
      59694.171      10119.933     984327.005          0.001
      60932.893       9365.149    1052308.481          0.002
      61845.531      10195.611    1674730.434          0.001
      60918.294       9375.937     983193.201          0.002
      59792.340      10207.938     984327.005          0.001
      62843.246       9105.313    5825669.918          0.000
      63753.395       9563.707     974870.937          0.001
      63047.965       9108.781     980343.657          0.001
      64447.764       9132.493     977057.007          0.001
      62816.817       9134.194     980343.657          0.000
      61871.691      10167.023     981163.699          0.001
      65154.985       9190.611     977057.007          0.001
      66546.801       9341.761     970449.171          0.001
      67050.681       9396.482    1633800.321          0.001
      66828.532      10379.901     897258.991          0.001
      67050.681       9396.482    1633800.321          0.001
      68050.839       9204.293     964365.355          0.001
      67050.681       9396.482    1633800.321          0.001
      66071.744       9679.392     974870.937          0.001
      67050.681       9396.482    1633800.321          0.001
      67749.284      10137.758     967362.882          0.000
      68922.504       9120.428     964365.355          0.000
      67907.206      10084.362     967362.882          0.000
      69076.543       9066.249     964365.355          0.000
      69989.289      10127.243    5189228.801          0.000
      69901.376       9171.976     964365.355          0.001
      70903.410       9352.442     847445.801          0.001
      70912.338       9362.524     958373.114          0.001
      71840.450      10410.669     954236.229          0.001
      70903.410       9352.442     847445.801          0.001
      70126.419      10011.013     960874.184          0.000
      72825.349       9563.803     955357.091          0.001
      73720.043      10051.812    1447021.817          0.001
      72945.446       9163.344     955357.091          0.001
      73949.471       9339.380    1501445.965          0.001
      73977.830       9352.903     943517.471          0.001
      75241.503       9955.506     928331.881          0.002
      74216.467       9290.828     943517.471          0.001
      75593.878       9040.354     928833.558          0.001
      73949.471       9339.380    1501445.965          0.001
      73720.043      10051.812    1447021.817          0.001
      75860.662       8991.841    1564558.700          0.001
      76814.467       9646.354     904519.440          0.003
      75860.662       8991.841    1564558.700          0.001
      75779.135      10211.885    2243139.394          0.001
      75860.662       8991.841    1564558.700          0.001
      76910.436       9049.712     903442.538          0.003
      78133.808       9117.154    2318064.320          0.001
      79002.443       9148.116     883637.436          0.001
      78125.611       9175.247     903442.538          0.001
      77949.261      10425.065    2537826.262          0.001
      79854.931       9382.712     883637.436          0.000
      79131.965      10374.634    6574234.886          0.000
        843.237       9953.586    7407175.799          0.000
        136.569      11018.657     881614.307          0.000
       1346.366      10436.393     884314.119          0.001
       1944.289      11010.166    2260556.621          0.002
       3257.386      10190.742     897730.167          0.002
       4102.977      10299.614    1093081.854          0.001
       4332.464      10264.765     922870.557          0.001
       5716.596      10054.579     939607.812          0.001
       4102.977      10299.614    1093081.854          0.001
       4107.074      11442.027    1276630.951          0.002
       4102.977      10299.614    1093081.854          0.001
       3034.125      10651.436     900202.540          0.003
       4102.977      10299.614    1093081.854          0.001
       4933.725      11036.468     933427.577          0.001
       5945.953      10019.750    2043373.513          0.001
       5238.805      10875.886     933427.577          0.001
       5945.953      10019.750    2043373.513          0.001
       6838.929      10984.889    1879584.788          0.000
       8174.035      10200.406     860313.937          0.001
       9032.808      11279.393    2372561.641          0.001
       8110.268      10237.874     954365.692          0.001
       6903.215      10947.116     947105.106          0.001
       8931.847      10265.024     957192.765          0.000
       9032.808      11279.393    2372561.641          0.001
       9918.687      10032.503     957192.765          0.001
      10936.191      10087.882    1477111.765          0.002
      10936.191      10087.882    1477111.765          0.002
      11920.203      10180.459    3648872.009          0.002
      10849.810      10141.956     965789.240          0.002
       9663.145      10884.805     960967.051          0.002
      11984.640      10244.124     969497.863          0.002
      12980.544      11228.084     974734.359          0.001
      11920.203      10180.459    3648872.009          0.002
      13318.294      10241.044     974173.926          0.001
      11973.298      10411.220     969497.863          0.002
      12287.218      11775.572     973188.238          0.001
      14252.895      10617.391     974173.926          0.001
      14111.823      12010.265     975716.652          0.001
      14131.185      10409.335     974173.926          0.001
      13044.735      11291.505    1192162.141          0.001
      14286.761      10283.012    4829675.152          0.000
      15123.477      11129.276    1131697.509          0.001
      16174.009      10920.322     974886.121          0.001
      17041.521      11455.523    2066498.008          0.001
      16348.800      10111.026     974886.121          0.001
      17355.873       9955.672    1037579.902          0.002
      17355.873       9955.672    1037579.902          0.002
      17068.713      11325.784     977852.942          0.001
      18022.615      10047.953    3228462.797          0.001
      17222.348      11196.091     977852.942          0.001
      20378.904      10249.364    1046350.584          0.002
      21470.435      10266.327    1185701.746          0.001
      20378.904      10249.364    1046350.584          0.002
      19645.224      10956.361     978469.579          0.000
      21470.435      10266.327    1185701.746          0.001
      22101.996      11066.563     980313.152          0.001
      21622.863      10246.512     979005.240          0.001
      23011.181      10066.035     979656.780          0.001
      21470.435      10266.327    1185701.746          0.001
      20449.748      11223.039    4172651.761          0.001
      23163.142      10046.280    1564428.925          0.001
      23900.358      10749.724     980463.688          0.001
      23163.142      10046.280    1564428.925          0.001
      22693.552      10950.938     980313.152          0.001
      23994.786      10111.177     979656.780          0.002
      25390.200      10220.067    1147812.526          0.001
      25390.200      10220.067    1147812.526          0.001
      26201.448      10973.402    1372336.791          0.001
      25390.200      10220.067    1147812.526          0.001
      24624.065      10891.165     980463.688          0.000
      27920.367      10170.592     982560.584          0.001
      29219.566       9952.783    1481675.950          0.001
      27489.600      10242.810    1913192.346          0.001
      28144.774      11187.670    1944111.643          0.001
      27347.372      10323.476     982560.584          0.001
      26201.448      10973.402    1372336.791          0.001
      29146.545      10036.680     983543.079          0.001
      28227.419      11092.714     982158.011          0.001
      29219.566       9952.783    1481675.950          0.001
      29449.257      10945.290     981996.395          0.000
      29219.566       9952.783    1481675.950          0.001
      30619.159       9968.926     983386.285          0.002
      31592.947       9980.157    2707849.379          0.001
      32448.909      10532.860     980371.537          0.001
      31844.357      10012.389     983386.285          0.001
      33232.992      10190.418     982576.254          0.001
      31592.947       9980.157    2707849.379          0.001
      30731.778      10525.340     981996.395          0.001
      33484.004      10222.599     838725.359          0.001
      34498.520      10311.120     982133.894          0.000
      34871.275      10610.971     982133.894          0.000
      35584.515      11337.987    1655529.524          0.002
      34584.462      10318.619    2238635.190          0.000
      35289.370      10213.978    2488646.277          0.001
      34497.780      10369.286     982133.894          0.000
      33289.431      11075.593    4781827.128          0.000
      35367.256      10256.472     982575.683          0.001
      36596.241      10926.991     981730.334          0.001
      37548.162      10080.755     904688.283          0.001
      36674.343      10969.602    1348050.006          0.001
      39743.109      10258.089    1391587.725          0.001
      39650.851      11374.475     942939.554          0.001
      39743.109      10258.089    1391587.725          0.001
      38807.364      10660.423     982635.158          0.001
      39743.109      10258.089    1391587.725          0.001
      40397.966      11057.846    1910142.512          0.001
      41373.292      10176.381     986564.568          0.001
      42391.479      10133.392    2012816.324          0.002
      42748.281      10140.836     987393.950          0.002
      44147.976      10170.041     986994.982          0.002
      42391.479      10133.392    2012816.324          0.002
      42704.711      11177.326    1719732.795          0.001
      44216.829      10337.553     986994.982          0.002
      42992.908      11017.272     987222.590          0.002
      44505.041      10177.491    1656907.591          0.001
      45523.794      10158.437     986638.980          0.000
      44505.041      10177.491    1656907.591          0.001
      44470.873      11239.088     947338.619          0.002
      44554.115      10212.435     986994.982          0.001
      45694.538      11024.492     987052.900          0.000
      46429.115      10103.921     986638.980          0.001
      47445.572      10035.867    1309422.482          0.001
      47445.572      10035.867    1309422.482          0.001
      47419.262      11306.361    1281034.349          0.002
      47445.572      10035.867    1309422.482          0.001
      46246.266      10757.602     987052.900          0.001
      48511.742      11010.377     986531.599          0.001
      48507.580      12029.991    3172610.260          0.001
      49002.495      10515.245     986531.599          0.001
      49743.442      11215.692    2026880.505          0.001
      48091.124      10539.528     986531.599          0.001
      47419.262      11306.361    1281034.349          0.002
      50780.965      10110.339     668428.007          0.002
      51361.450      10947.680     983899.766          0.000
      50780.965      10110.339     668428.007          0.002
      49823.154      11130.769     984851.245          0.001
      51412.747      10356.879    1168125.461          0.001
      52430.572      10302.139     984741.574          0.000
      53074.220      10681.332     984741.574          0.001
      53772.005      11424.294    1300110.874          0.001
      52672.114      10310.290     984741.574          0.000
      51531.350      11121.868     983899.766          0.000
      53444.791      10348.066     984741.574          0.001
      54460.653      10431.261    1393112.414          0.001
      54460.653      10431.261    1393112.414          0.001
      55617.393      10158.899    3427756.460          0.001
      54460.653      10431.261    1393112.414          0.001
      53772.005      11424.294    1300110.874          0.001
      55668.368      10829.437     985785.761          0.001
      55774.451      12224.868    1513134.253          0.001
      55652.326      10181.912     985785.761          0.001
      56821.435      10952.097     983714.387          0.001
      55617.393      10158.899    3427756.460          0.001
      56669.158      10086.521    1972905.277          0.001
      56669.158      10086.521    1972905.277          0.001
      57552.626      10132.550    3409277.995          0.001
      58379.113      10164.524     985331.083          0.001
      59777.861      10218.637    3117833.300          0.001
      57552.626      10132.550    3409277.995          0.001
      56855.784      10974.726    1123261.102          0.001
      59777.861      10218.637    3117833.300          0.001
      60279.195      11105.259     976859.894          0.001
      60533.516      10611.696     984327.005          0.001
      61775.539      11257.745     978463.331          0.001
      59777.861      10218.637    3117833.300          0.001
      58457.174      10682.735     983458.005          0.002
      60111.799      10214.918     984327.005          0.001
      61511.712      10199.329     981163.699          0.001
      61845.531      10195.611    1674730.434          0.001
      61910.091      11327.733    1369154.370          0.001
      63182.437      10572.867     979719.477          0.001
      63930.581      11264.758    2150529.945          0.001
      62398.646      10433.767     979719.477          0.000
      61910.091      11327.733    1369154.370          0.001
      62977.886      10047.805     979719.477          0.000
      64377.835      10059.790     974870.937          0.000
      64861.113      10169.026     974870.937          0.000
      65896.201      11111.678     970473.576          0.000
      65821.052      10226.660     974870.937          0.001
      66828.532      10379.901     897258.991          0.001
      64502.037      10421.067     974870.937          0.000
      63930.581      11264.758    2150529.945          0.001
      66828.532      10379.901     897258.991          0.001
      66910.468      11395.798     967424.810          0.001
      66828.532      10379.901     897258.991          0.001
      67797.300      10188.707    3447339.244          0.000
      66828.532      10379.901     897258.991          0.001
      67848.863      10987.348    1479792.940          0.001
      68194.429      10177.572     967362.882          0.000
      69593.879      10138.331     960874.184          0.000
      70843.350      10262.042     960874.184          0.001
      71849.455      10420.839    2621437.536          0.001
      68794.697      10607.276     960874.184          0.001
      67848.863      10987.348    1479792.940          0.001
      72098.226      10371.762     954236.229          0.001
      73471.753      10100.794     944748.793          0.001
      71842.698      10424.352     954236.229          0.001
      70600.567      11070.192     959424.685          0.002
      73432.568      10205.182     944748.793          0.001
      72197.362      10864.171     953206.632          0.002
      73720.043      10051.812    1447021.817          0.001
      75115.182      10160.270     928331.881          0.002
      75610.203      10529.097     928331.881          0.002
      74952.130      11764.791     932009.266          0.001
      75779.135      10211.885    2243139.394          0.001
      76616.434      10792.818     913627.224          0.001
      75779.135      10211.885    2243139.394          0.001
      76898.986      10321.892     904519.440          0.002
      75779.135      10211.885    2243139.394          0.001
      74918.743      10758.482     940317.571          0.001
      77949.261      10425.065    2537826.262          0.001
      78097.094      11715.928     898788.135          0.002
      77949.261      10425.065    2537826.262          0.001
      78835.543      11070.499     894271.726          0.002
      77949.261      10425.065    2537826.262          0.001
      77144.131      11158.943    5974840.722          0.000
      79131.965      10374.634    6574234.886          0.000
      79922.266      11148.384     882878.547          0.000
      79129.014      10382.420     890125.919          0.000
      78861.195      11089.180     587705.506          0.001
       1307.357      11904.939     881614.307          0.002
       1964.277      12246.851     750961.275          0.002
       1151.480      11097.559     881614.307          0.001
       1944.289      11010.166    2260556.621          0.002
       2178.970      11252.153     900202.540          0.002
       3147.904      12251.256    3412797.982          0.000
       1944.485      11022.293     900202.540          0.002
       1964.277      12246.851     750961.275          0.002
       3010.055      11222.976     900202.540          0.003
       4107.074      11442.027    1276630.951          0.002
       4107.074      11442.027    1276630.951          0.002
       5211.323      12276.407    1195354.741          0.002
       4100.205      11557.451     926271.259          0.002
       4017.032      12954.978     927060.976          0.001
       4107.074      11442.027    1276630.951          0.002
       3328.214      12099.132     918370.730          0.000
       5041.623      11178.882     933427.577          0.001
       5211.323      12276.407    1195354.741          0.002
       6251.739      11029.474    8781635.421          0.000
       7072.166      12163.422     951308.834          0.000
       5864.288      11493.832     942765.772          0.001
       5211.323      12276.407    1195354.741          0.002
       6838.929      10984.889    1879584.788          0.000
       7791.234      12010.249     956374.591          0.001
       7241.935      11038.988     947105.106          0.001
       8629.489      11225.252     960967.051          0.002
       6838.929      10984.889    1879584.788          0.000
       7126.319      11962.092     951308.834          0.000
       9378.232      11264.594     960967.051          0.002
      10776.948      11204.671     969355.803          0.001
       9032.808      11279.393    2372561.641          0.001
       8208.281      12410.794     956374.591          0.001
      11122.020      11189.888    7270346.769          0.001
      10949.120      12049.523    1068527.162          0.001
      11122.020      11189.888    7270346.769          0.001
       9901.633      11875.579     962609.198          0.001
      13044.735      11291.505    1192162.141          0.001
      14024.804      12290.665     975716.652          0.001
      15123.477      11129.276    1131697.509          0.001
      15892.847      11797.139     977533.409          0.001
      15123.477      11129.276    1131697.509          0.001
      16503.367      11363.986     977852.942          0.001
      15057.343      11206.164     976785.038          0.001
      14144.408      12267.555     975716.652          0.001
      17041.521      11455.523    2066498.008          0.001
      18057.951      11377.528     978469.579          0.001
      17091.957      11502.015     977852.942          0.001
      18121.329      12450.905     979095.645          0.001
      18857.996      11744.334     978469.579          0.001
      18147.692      12475.207    1818522.531          0.001
      19632.029      11518.174     978469.579          0.000
      20455.423      12118.652    1433505.251          0.001
      20674.921      11354.460     979001.836          0.001
      21884.045      12060.164     980923.934          0.001
      20449.748      11223.039    4172651.761          0.001
      21524.555      11359.130     980313.152          0.001
      22422.641      11472.844    5363476.944          0.000
      23803.134      11241.337     980463.688          0.001
      23309.831      11824.132     980313.152          0.001
      24257.445      12199.344    1417414.004          0.001
      25400.661      11637.694     980463.688          0.001
      26329.948      12055.204    2104264.045          0.001
      25187.718      11070.909     980463.688          0.001
      26201.448      10973.402    1372336.791          0.001
      26201.448      10973.402    1372336.791          0.001
      26329.948      12055.204    2104264.045          0.001
      26476.977      11003.781     981351.696          0.001
      27868.544      11157.213     982158.011          0.001
      28144.774      11187.670    1944111.643          0.001
      28413.447      12445.197    2249191.144          0.001
      27869.059      11319.469     982158.011          0.001
      26605.955      11923.265     983685.531          0.001
      29120.419      11710.904     981996.395          0.001
      28413.447      12445.197    2249191.144          0.001
      29838.847      11263.969     981996.395          0.000
      31234.951      11159.595     980848.702          0.000
      31717.752      11130.346     980848.702          0.000
      33116.903      11081.603     980371.537          0.000
      31205.116      11458.839     980848.702          0.000
      30464.654      12158.809    2229351.313          0.001
      33299.950      11421.565     980371.537          0.000
      33330.910      12439.908    1967805.499          0.001
      34572.121      11222.241     980371.537          0.001
      35584.515      11337.987    1655529.524          0.002
      32913.555      11421.765     980371.537          0.001
      32164.300      12111.809    1228487.161          0.001
      35584.515      11337.987    1655529.524          0.002
      35456.678      12429.207    1157135.233          0.001
      35584.515      11337.987    1655529.524          0.002
      36674.343      10969.602    1348050.006          0.001
      35584.515      11337.987    1655529.524          0.002
      36418.635      12264.764    4210108.770          0.001
      35086.553      11581.470     982685.040          0.002
      33828.850      12196.436     985280.449          0.002
      36674.343      10969.602    1348050.006          0.001
      36418.635      12264.764    4210108.770          0.001
      37484.698      12325.986     982635.158          0.001
      37291.320      13326.819    2287586.936          0.002
      38640.493      11246.688     982635.158          0.001
      39650.851      11374.475     942939.554          0.001
      39650.851      11374.475     942939.554          0.001
      40288.461      12388.556    1394049.770          0.001
      39650.851      11374.475     942939.554          0.001
      38732.250      12041.615    1189434.125          0.001
      40397.966      11057.846    1910142.512          0.001
      40288.461      12388.556    1394049.770          0.001
      40397.966      11057.846    1910142.512          0.001
      41460.715      11175.583    3884450.945          0.001
      41505.310      11241.113     986259.213          0.001
      42292.959      12398.528     986097.968          0.000
      41460.715      11175.583    3884450.945          0.001
      41508.388      12193.418     986101.281          0.000
      41460.715      11175.583    3884450.945          0.001
      42704.711      11177.326    1719732.795          0.001
      41361.016      11278.746     986259.213          0.001
      40388.107      12285.449     985822.690          0.001
      42888.473      11183.752     987222.590          0.002
      44287.618      11232.680     987440.132          0.002
      42735.723      11193.384     987222.590          0.001
      43978.947      11837.118     986276.990          0.002
      44470.873      11239.088     947338.619          0.002
      45744.114      11059.794    9378394.764          0.000
      45889.048      11081.127     987052.900          0.000
      47274.124      11284.998     986065.334          0.002
      47419.262      11306.361    1281034.349          0.002
      47009.665      12239.864     982438.294          0.001
      47419.262      11306.361    1281034.349          0.002
      46420.660      12219.557     758631.371          0.002
      50083.561      11417.484     984851.245          0.001
      51287.596      12131.837     984640.372          0.001
      49743.442      11215.692    2026880.505          0.001
      50761.914      11174.832     983899.766          0.001
      49710.053      11237.692     984851.245          0.001
      48541.004      12007.968     985588.844          0.001
      52760.533      11300.167     983899.766          0.001
      53772.005      11424.294    1300110.874          0.001
      53772.005      11424.294    1300110.874          0.001
      53852.913      12317.763    1608064.307          0.001
      53344.242      11605.613     984267.922          0.001
      52055.259      12151.984     984640.372          0.001
      54394.925      11454.463     984045.338          0.000
      53852.913      12317.763    1608064.307          0.001
      55035.306      11524.227     984045.338          0.001
      55774.451      12224.868    1513134.253          0.001
      56855.784      10974.726    1123261.102          0.001
      56727.279      11986.094     981953.174          0.000
      56855.784      10974.726    1123261.102          0.001
      57615.753      10978.415    1504377.072          0.001
      56689.936      11166.465     983714.387          0.002
      55774.451      12224.868    1513134.253          0.001
      57888.351      11214.861     983458.005          0.002
      58945.067      12131.433    1446653.187          0.001
      57615.753      10978.415    1504377.072          0.001
      56947.895      11748.929     981953.174          0.000
      57615.753      10978.415    1504377.072          0.001
      58623.314      11133.777     981388.535          0.001
      59601.986      11284.685    5303425.747          0.000
      60772.958      12051.116     976859.894          0.000
      59569.356      11326.745     981388.535          0.000
      58945.067      12131.433    1446653.187          0.001
      61910.091      11327.733    1369154.370          0.001
      63308.993      11284.131     975071.558          0.002
      61910.091      11327.733    1369154.370          0.001
      61081.526      11919.861     976859.894          0.000
      64480.058      11618.178     975071.558          0.002
      65657.527      12375.520     971128.744          0.001
      63930.581      11264.758    2150529.945          0.001
      63584.145      12464.081    3406062.940          0.000
      63930.581      11264.758    2150529.945          0.001
      64949.355      11241.721     970473.576          0.001
      66012.595      11217.679    5808570.574          0.000
      66976.470      12214.125    4448930.732          0.000
      67848.863      10987.348    1479792.940          0.001
      68411.838      11836.980     962501.139          0.001
      68722.020      11118.809     966734.029          0.002
      70106.241      11327.214    1537726.808          0.001
      67848.863      10987.348    1479792.940          0.001
      67257.960      11818.288     967424.810          0.000
      70106.241      11327.214    1537726.808          0.001
      70532.340      12252.729     956011.026          0.000
      70528.259      11254.741     959424.685          0.001
      71908.060      11017.785     953206.632          0.001
      70106.241      11327.214    1537726.808          0.001
      69288.108      11934.404     962501.139          0.001
      71910.079      11017.438    1155099.020          0.001
      72457.598      11876.004     945556.926          0.001
      71910.079      11017.438    1155099.020          0.001
      71247.462      11790.879     956011.026          0.001
      71910.079      11017.438    1155099.020          0.001
      72913.498      11193.767     940317.571          0.001
      73947.539      11375.478   10444598.157          0.000
      72934.330      12340.885     945556.926          0.000
      76058.090      11361.588    3229574.136          0.001
      75767.140      12277.668    1092671.760          0.001
      76030.075      11377.411     923931.080          0.001
      74811.061      12065.892     932009.266          0.001
      76964.390      12342.441     913627.224          0.001
      76811.504      13349.111    1303660.575          0.001
      77144.131      11158.943    5974840.722          0.000
      77956.176      11925.622     898788.135          0.001
      76557.908      11635.215     913627.224          0.001
      75767.140      12277.668    1092671.760          0.001
      78861.195      11089.180     587705.506          0.001
      78938.750      12003.690    2897310.934          0.001
      78861.195      11089.180     587705.506          0.001
      78141.105      12100.219    2011602.438          0.001
      79757.513      11402.530     882878.547          0.000
      78938.750      12003.690    2897310.934          0.001
       1265.174      12769.350     883119.080          0.001
       1933.734      13046.488    1393231.006          0.002
       1964.277      12246.851     750961.275          0.002
       1933.734      13046.488    1393231.006          0.002
       1964.277      12246.851     750961.275          0.002
       3147.904      12251.256    3412797.982          0.000
       3044.814      12318.776     918370.730          0.000
       1933.734      13046.488    1393231.006          0.002
       5242.102      12290.049     937639.963          0.002
       6522.024      12857.322     949693.970          0.001
       5194.622      12287.452     937639.963          0.002
       4026.889      13059.720     927060.976          0.001
       5211.323      12276.407    1195354.741          0.002
       6227.277      12351.178     951308.834          0.001
       7857.753      13075.029     956374.591          0.001
       7212.758      14317.454    1275276.829          0.001
       8188.478      12437.968    2140809.020          0.001
       9362.834      12178.312    4247500.934          0.001
       8188.478      12437.968    2140809.020          0.001
       7088.665      13108.462    1450372.811          0.001
       8188.478      12437.968    2140809.020          0.001
       8953.789      13111.294     961203.902          0.000
       9362.834      12178.312    4247500.934          0.001
       9942.336      13282.151    1440134.717          0.001
       9553.893      12162.800     962609.198          0.001
      10949.120      12049.523    1068527.162          0.001
      10949.120      12049.523    1068527.162          0.001
      12340.344      12006.469   10929963.652          0.000
      10949.120      12049.523    1068527.162          0.001
      10063.558      13133.737     963611.895          0.001
      12340.344      12006.469   10929963.652          0.000
      13062.620      13205.173     973156.132          0.001
      12340.344      12006.469   10929963.652          0.000
      13714.265      12274.015     975716.652          0.001
      14077.938      12344.833    2634765.760          0.001
      15096.134      12305.042     977533.409          0.001
      14077.938      12344.833    2634765.760          0.001
      13151.477      13352.642    1527895.253          0.001
      14414.848      12525.241     975716.652          0.001
      15649.040      13186.125     977779.473          0.001
      17249.250      12825.137     977533.409          0.001
      18088.588      13402.760    4585707.454          0.001
      17137.126      12345.567     977533.409          0.001
      18147.692      12475.207    1818522.531          0.001
      18989.973      12774.261     979095.645          0.002
      20309.053      13242.605    1244507.036          0.001
      18609.756      12403.816     979095.645          0.002
      19993.340      12190.046     980297.132          0.002
      20455.423      12118.652    1433505.251          0.001
      20997.766      12982.120     980513.168          0.000
      20455.423      12118.652    1433505.251          0.001
      20309.053      13242.605    1244507.036          0.001
      20582.889      12124.253     980297.132          0.001
      21981.539      12185.717     980923.934          0.001
      22108.740      12191.306    1801124.994          0.001
      22818.138      12921.909     980335.349          0.001
      22133.965      12445.895     980923.934          0.001
      22272.005      13839.073     979792.577          0.001
      22483.190      12192.707     980923.934          0.001
      23883.180      12197.944     981945.707          0.001
      22108.740      12191.306    1801124.994          0.001
      21381.247      12905.677     980513.168          0.000
      24257.445      12199.344    1417414.004          0.001
      24907.166      12984.189     980732.390          0.000
      24595.432      12175.838     981945.707          0.001
      25992.058      12078.704     983685.531          0.001
      24257.445      12199.344    1417414.004          0.001
      23648.480      13015.694     980335.349          0.001
      26329.948      12055.204    2104264.045          0.001
      25669.746      12831.081     980732.390          0.001
      26683.229      12121.332     983685.531          0.001
      28059.329      12378.913     984564.101          0.001
      28761.887      12396.549     984564.101          0.001
      30148.437      12202.959     984832.038          0.001
      28413.447      12445.197    2249191.144          0.001
      29204.413      13484.199    1490578.256          0.001
      28432.509      12725.509     984564.101          0.001
      28527.493      14122.283     979884.763          0.001
      30464.654      12158.809    2229351.313          0.001
      30510.682      13557.649     982296.020          0.001
      30333.806      12296.422     984832.038          0.001
      29369.106      13310.993     984046.995          0.001
      30540.257      12231.505     984832.038          0.001
      31549.426      13201.854     985468.077          0.001
      30615.097      12154.649     984832.038          0.001
      32014.562      12115.950     984738.656          0.001
      32164.300      12111.809    1228487.161          0.001
      32281.021      13123.979     984615.662          0.000
      32164.300      12111.809    1228487.161          0.001
      31625.294      13274.804    1424082.104          0.001
      32164.300      12111.809    1228487.161          0.001
      33330.910      12439.908    1967805.499          0.001
      33330.910      12439.908    1967805.499          0.001
      33754.527      13366.693     982124.016          0.001
      33330.910      12439.908    1967805.499          0.001
      34513.884      13188.075     984477.401          0.001
      33693.461      12438.083     985280.449          0.001
      35093.443      12431.035     985476.376          0.001
      35456.678      12429.207    1157135.233          0.001
      36418.635      12264.764    4210108.770          0.001
      35456.678      12429.207    1157135.233          0.001
      34626.093      13259.042     764288.819          0.001
      36436.505      12467.099     985581.208          0.001
      36559.674      13861.671     983322.577          0.002
      36418.635      12264.764    4210108.770          0.001
      35655.304      12939.968     984345.283          0.000
      38732.250      12041.615    1189434.125          0.001
      39299.342      12888.033     983775.694          0.001
      38732.250      12041.615    1189434.125          0.001
      37687.743      12973.238     984166.224          0.002
      38826.943      12062.726     986127.838          0.001
      40193.397      12367.363     985822.690          0.001
      40288.461      12388.556    1394049.770          0.001
      41307.470      12401.591     986101.281          0.000
      40288.461      12388.556    1394049.770          0.001
      40725.785      13171.017    4083942.722          0.001
      41791.683      12582.342     986101.281          0.000
      42645.637      13138.454    1609536.972          0.001
      41458.316      12462.288     986101.281          0.000
      40725.785      13171.017    4083942.722          0.001
      42816.713      12411.342     986097.968          0.001
      44208.220      12257.375     986276.990          0.001
      44891.058      12782.574     986276.990          0.002
      45354.731      14103.351    1801887.080          0.002
      44688.042      12204.284    5812406.684          0.001
      45630.181      12593.216     982438.294          0.001
      43918.483      12556.271     986276.990          0.002
      42645.637      13138.454    1609536.972          0.001
      44854.394      12205.751     986276.990          0.001
      46254.339      12218.091     985488.174          0.002
      46420.660      12219.557     758631.371          0.002
      46666.847      13021.171    9011378.587          0.000
      48507.580      12029.991    3172610.260          0.001
      48769.328      13020.848     829737.944          0.001
      48507.580      12029.991    3172610.260          0.001
      47609.934      12513.347     982438.294          0.001
      49915.177      12357.091     984326.534          0.001
      51315.043      12337.708     984640.372          0.001
      49602.341      12361.422    6926788.399          0.000
      48769.328      13020.848     829737.944          0.001
      52039.790      12330.489     984640.372          0.001
      53439.755      12320.663     983838.776          0.002
      51627.302      12333.385    4044927.229          0.001
      50673.775      12692.460     981771.512          0.001
      51982.490      12480.585     984640.372          0.001
      53275.823      13016.580     982075.572          0.001
      54377.206      12292.416     983838.776          0.002
      55774.451      12224.868    1513134.253          0.001
      53852.913      12317.763    1608064.307          0.001
      53630.768      13163.679    1782735.708          0.001
      55774.451      12224.868    1513134.253          0.001
      54710.377      13133.236     981637.763          0.001
      55774.451      12224.868    1513134.253          0.001
      55649.862      13090.022    1980921.246          0.001
      57201.671      12525.580     981953.174          0.001
      57890.846      13275.679    1610053.502          0.001
      56368.087      12365.949     981953.174          0.001
      55649.862      13090.022    1980921.246          0.001
      57928.016      12074.178     981953.174          0.001
      58945.067      12131.433    1446653.187          0.001
      58945.067      12131.433    1446653.187          0.001
      59650.744      13212.311    3805024.057          0.001
      58945.067      12131.433    1446653.187          0.001
      59962.776      12111.194     976859.894          0.001
      58892.210      12188.802     979151.211          0.001
      57943.594      13218.427     979675.701          0.001
      60752.919      13028.621     976859.894          0.001
      60660.400      14043.365    2260788.331          0.002
      61130.452      12490.674     976859.894          0.000
      61734.501      13310.855    1269517.806          0.001
      61291.406      12148.604     976859.894          0.000
      62680.798      12316.637   12586519.352          0.000
      63584.145      12464.081    3406062.940          0.000
      62906.028      13204.379    1384267.630          0.001
      64245.046      12446.918     974080.062          0.001
      65644.574      12410.575     971128.744          0.001
      65857.565      12678.921     971128.744          0.001
      66530.990      13906.317     974336.083          0.001
      65758.842      12437.835     971128.744          0.001
      66966.984      13145.220     969731.105          0.001
      65709.410      12408.892    1844364.438          0.001
      64881.123      13240.502    1638788.962          0.002
      65709.410      12408.892    1844364.438          0.001
      66716.629      12254.066     967424.810          0.000
      67730.739      12634.298     967424.810          0.001
      68621.366      13130.430    2112429.914          0.001
      66976.470      12214.125    4448930.732          0.000
      68372.566      12312.159     962501.139          0.000
      68996.539      12359.112     962501.139          0.000
      70391.782      12474.424     956011.026          0.000
      71032.663      12486.786     956011.026          0.000
      72432.330      12456.239     945556.926          0.000
      69593.702      12825.091     956011.026          0.001
      68621.366      13130.430    2112429.914          0.001
      73856.651      12898.687     945556.926          0.001
      74790.289      13305.694    2222654.068          0.001
      72825.941      12468.623     945556.926          0.000
      73005.716      13471.036    1389043.208          0.001
      73693.339      12285.048     945556.926          0.001
      74783.482      12081.469    5195325.648          0.000
      71762.768      12960.192     945556.926          0.001
      70845.532      13403.874    1748390.948          0.001
      75834.734      12347.015     924827.621          0.002
      76811.504      13349.111    1303660.575          0.001
      75760.745      12284.399     924827.621          0.001
      74796.378      13299.287     935714.442          0.001
      78141.105      12100.219    2011602.438          0.001
      78676.414      13123.325     895011.462          0.001
      77507.122      12695.718     898788.135          0.002
      76811.504      13349.111    1303660.575          0.001
      78935.573      12028.127     889693.814          0.001
      78769.928      13302.055    2369726.485          0.001
      79575.281      12609.913     881905.993          0.001
      78769.928      13302.055    2369726.485          0.001
       1399.388      13814.935     885006.920          0.002
       2099.643      14089.970    2682603.778          0.001
       1933.734      13046.488    1393231.006          0.002
       2099.643      14089.970    2682603.778          0.001
       2813.501      13056.788     905375.382          0.003
       4010.139      13070.797    1516256.605          0.001
       4010.139      13070.797    1516256.605          0.001
       4266.593      14209.042    1247616.806          0.001
       4010.139      13070.797    1516256.605          0.001
       5150.568      13025.787    2490036.244          0.001
       4010.139      13070.797    1516256.605          0.001
       2938.382      13642.537     905752.165          0.002
       5127.316      13056.912     936781.064          0.001
       4289.420      14178.487     928540.799          0.001
       5419.987      13037.280     936781.064          0.001
       6818.715      13096.946     949693.970          0.001
       7088.665      13108.462    1450372.811          0.001
       7212.758      14317.454    1275276.829          0.001
       7088.665      13108.462    1450372.811          0.001
       6259.690      13701.835     936562.936          0.001
       8150.497      13918.745     961203.902          0.001
       7212.758      14317.454    1275276.829          0.001
       9942.336      13282.151    1440134.717          0.001
       9252.386      14449.425    3288713.729          0.001
      10144.521      13388.287     963611.895          0.001
      11383.643      14038.756    1733253.472          0.001
       9942.336      13282.151    1440134.717          0.001
      10945.770      13102.373     968232.913          0.000
      12148.568      13168.787     968232.913          0.001
      13151.477      13352.642    1527895.253          0.001
      13151.477      13352.642    1527895.253          0.001
      13266.580      14042.183    1627090.294          0.001
      12688.363      13532.381     973156.132          0.001
      11383.643      14038.756    1733253.472          0.001
      14968.616      13424.813     975355.847          0.001
      15986.119      13366.624    1843145.728          0.001
      16337.584      13372.665     977779.473          0.001
      17737.378      13396.723     979689.911          0.001
      15986.119      13366.624    1843145.728          0.001
      15027.485      14259.826    1820001.549          0.001
      16062.667      13444.503     977779.473          0.001
      17044.046      14442.950     977117.701          0.001
      18913.341      13343.273     979689.911          0.001
      20309.053      13242.605    1244507.036          0.001
      18062.678      13432.662     979689.911          0.001
      17145.894      14490.730     977117.701          0.001
      18447.578      13579.225     979689.911          0.001
      19703.990      14196.824     979084.762          0.001
      20309.053      13242.605    1244507.036          0.001
      20062.440      14373.024    1799596.802          0.001
      21394.948      13387.552     980513.168          0.000
      22297.306      14094.426    1951294.092          0.001
      20733.014      13604.690     980513.168          0.001
      20062.440      14373.024    1799596.802          0.001
      23502.426      13685.259     980335.349          0.000
      24104.456      14506.746     897977.141          0.001
      23293.256      13887.005     980335.349          0.000
      23185.553      15281.957    8590921.931          0.000
      23820.699      13423.989     980335.349          0.000
      25218.970      13360.838    4843642.795          0.000
      23266.687      13484.406     980335.349          0.000
      22297.306      14094.426    1951294.092          0.001
      25506.345      13332.570     980732.390          0.000
      26899.621      13195.519     982446.307          0.000
      24814.845      13776.346     980732.390          0.001
      24104.456      14506.746     897977.141          0.001
      26802.087      13545.389     982446.307          0.001
      26076.309      14260.475    1097933.475          0.001
      27364.678      13500.410     982446.307          0.000
      28027.258      14733.693     976877.720          0.000
      27792.053      13717.957     982446.307          0.001
      28546.593      14403.159     810523.324          0.001
      29263.934      13518.843     984046.995          0.001
      30473.905      14223.095     982296.020          0.001
      29204.413      13484.199    1490578.256          0.001
      28546.593      14403.159     810523.324          0.001
      31634.408      13288.145     985468.077          0.001
      32424.139      14444.140     982546.225          0.001
      31625.294      13274.804    1424082.104          0.001
      30585.174      14211.575     982296.020          0.001
      32658.688      13681.032     984615.662          0.000
      33918.495      14291.677     982124.016          0.000
      34626.093      13259.042     764288.819          0.001
      34320.537      14231.484     982124.016          0.000
      35357.740      13897.949     984345.283          0.001
      35398.880      15297.042    5013787.305          0.000
      35257.036      13312.378     984345.283          0.000
      34330.888      14362.259     982124.016          0.000
      37299.512      13524.542     984166.224          0.002
      37357.471      14923.342     982460.822          0.001
      37602.246      13601.763     984166.224          0.002
      38650.485      14528.698    1460288.850          0.001
      37291.320      13326.819    2287586.936          0.002
      38310.562      13315.774     983775.694          0.001
      37291.320      13326.819    2287586.936          0.002
      36577.539      14063.950    1160228.502          0.001
      39958.568      13738.163     983775.694          0.001
      40629.860      14504.872    1895634.534          0.002
      39264.184      13715.967     983775.694          0.001
      38650.485      14528.698    1460288.850          0.001
      41268.113      13566.389     983855.665          0.001
      42399.398      14391.128     983642.658          0.001
      41140.948      13163.975     983855.665          0.001
      42540.746      13140.233     984379.615          0.001
      42645.637      13138.454    1609536.972          0.001
      43158.999      14019.387     983534.524          0.000
      42856.911      13167.551     984379.615          0.001
      44243.819      13358.560     983585.791          0.002
      42645.637      13138.454    1609536.972          0.001
      42400.894      14392.218    1394951.222          0.001
      44454.595      13387.589     894700.542          0.002
      45354.731      14103.351    1801887.080          0.002
      44454.595      13387.589     894700.542          0.002
      43726.545      14101.193     983534.524          0.000
      47127.454      13357.444     982438.294          0.001
      48258.181      14182.948     981656.557          0.001
      46140.785      13455.046     982438.294          0.001
      45354.731      14103.351    1801887.080          0.002
      47749.930      13021.005     982438.294          0.001
      48769.328      13020.848     829737.944          0.001
      48769.328      13020.848     829737.944          0.001
      48734.752      14039.706     981656.557          0.000
      50755.092      13076.908     981771.512          0.001
      51773.488      13106.322    1344843.602          0.001
      50049.111      13541.060     981771.512          0.001
      50600.452      14397.809    1617156.381          0.001
      49512.095      13365.956     981771.512          0.000
      48718.487      14519.001    4165790.535          0.000
      52002.101      13113.382     982481.723          0.002
      53401.434      13156.597     982075.572          0.001
      51657.737      13233.762     982481.723          0.001
      50716.453      14270.095     981716.928          0.001
      51773.488      13106.322    1344843.602          0.001
      51709.092      14123.344     981607.830          0.000
      51773.488      13106.322    1344843.602          0.001
      52678.973      14151.858    1571184.722          0.001
      53654.108      13420.092     982075.572          0.001
      53781.023      14814.327     979775.586          0.001
      53630.768      13163.679    1782735.708          0.001
      54232.122      13986.351     980705.230          0.001
      53630.768      13163.679    1782735.708          0.001
      52678.973      14151.858    1571184.722          0.001
      55903.640      13386.509     980855.473          0.002
      56814.017      14450.095     980557.195          0.001
      55649.862      13090.022    1980921.246          0.001
      55057.872      13919.506     980705.230          0.001
      56496.529      13160.166     980855.473          0.002
      57890.846      13275.679    1610053.502          0.001
      57890.846      13275.679    1610053.502          0.001
      58484.918      14296.418    1433776.853          0.001
      57890.846      13275.679    1610053.502          0.001
      57002.957      14357.172     980557.195          0.001
      58806.828      13328.664     977395.863          0.000
      58484.918      14296.418    1433776.853          0.001
      58901.389      13044.386    4368638.184          0.000
      59650.744      13212.311    3805024.057          0.001
      59509.919      13343.265     977413.555          0.001
      58484.918      14296.418    1433776.853          0.001
      61945.879      13519.588     976419.374          0.002
      62941.744      14502.992    1324026.580          0.001
      61734.501      13310.855    1269517.806          0.001
      62906.028      13204.379    1384267.630          0.001
      61734.501      13310.855    1269517.806          0.001
      60660.400      14043.365    2260788.331          0.002
      62906.028      13204.379    1384267.630          0.001
      63413.045      14088.958     977942.954          0.000
      62906.028      13204.379    1384267.630          0.001
      62941.744      14502.992    1324026.580          0.001
      63481.761      13214.909     975031.515          0.001
      64881.123      13240.502    1638788.962          0.002
      64881.123      13240.502    1638788.962          0.002
      64719.113      14463.378    1434223.028          0.001
      65158.982      13385.088     973898.474          0.002
      66400.903      14031.332     974336.083          0.001
      64881.123      13240.502    1638788.962          0.002
      64162.048      13962.891     977942.954          0.001
      67016.712      13174.337    1243836.171          0.001
      68415.728      13136.057     965161.844          0.001
      67099.204      13298.766     969731.105          0.001
      67872.652      14465.422    1807212.800          0.001
      67016.712      13174.337    1243836.171          0.001
      66678.968      14176.025    2128350.165          0.001
      68862.940      13365.174     965161.844          0.001
      69866.578      14340.440    2167828.826          0.001
      68557.109      13245.005     965161.844          0.001
      67872.652      14465.422    1807212.800          0.001
      69038.822      13181.753     965161.844          0.001
      70428.360      13352.586     958074.772          0.001
      70845.532      13403.874    1748390.948          0.001
      71683.094      13985.093     953702.045          0.001
      70845.532      13403.874    1748390.948          0.001
      70825.360      14423.420    3043449.045          0.001
      71606.724      13427.540     958074.772          0.001
      73005.716      13471.036    1389043.208          0.001
      70845.532      13403.874    1748390.948          0.001
      69866.578      14340.440    2167828.826          0.001
      73005.716      13471.036    1389043.208          0.001
      73015.621      14489.081     946231.474          0.001
      73051.338      13509.187     947710.379          0.001
      74125.313      14407.284     941210.775          0.001
      73200.957      13452.946     947710.379          0.001
      74594.987      13323.789     935714.442          0.002
      75013.161      13507.325     935714.442          0.002
      76051.181      14446.419    1595062.915          0.001
      74790.289      13305.694    2222654.068          0.001
      74171.334      14445.768    1471561.874          0.001
      75398.368      13318.756     935714.442          0.002
      76798.045      13348.822     916983.619          0.001
      76811.504      13349.111    1303660.575          0.001
      77606.271      13330.015     895011.462          0.002
      76811.504      13349.111    1303660.575          0.001
      76051.181      14446.419    1595062.915          0.001
      78769.928      13302.055    2369726.485          0.001
      79106.520      14235.983    2273525.984          0.001
      77810.097      13854.683     895011.462          0.002
      76896.475      14380.707    5163731.313          0.000
      79805.598      13476.504     884588.614          0.000
      79106.520      14235.983    2273525.984          0.001
       2099.643      14089.970    2682603.778          0.001
       1410.076      14489.380     881830.465          0.002
       2961.629      14574.247     905752.165          0.002
       4023.112      15170.604    1144580.560          0.001
       2099.643      14089.970    2682603.778          0.001
       2245.017      15253.785    1566844.477          0.002
       3053.428      14142.380     905752.165          0.002
       4266.593      14209.042    1247616.806          0.001
       4266.593      14209.042    1247616.806          0.001
       4847.247      15143.462    2540634.408          0.001
       4266.593      14209.042    1247616.806          0.001
       4023.112      15170.604    1144580.560          0.001
       5819.045      15304.032     936562.936          0.001
       6305.689      16199.445    1438650.058          0.001
       5547.524      14475.844     936562.936          0.000
       6836.733      15021.680     945068.191          0.000
       6194.152      14349.764     936562.936          0.001
       7212.758      14317.454    1275276.829          0.001
       7533.847      14338.229     949808.063          0.001
       8930.926      14428.625     959498.436          0.001
       9999.861      14305.395     959498.436          0.001
      11374.573      14040.504     969670.141          0.001
       9252.386      14449.425    3288713.729          0.001
      10155.366      14921.713     963382.845          0.001
       9252.386      14449.425    3288713.729          0.001
       8278.100      14748.630     945068.191          0.001
      11383.643      14038.756    1733253.472          0.001
      12416.071      14983.098     968833.272          0.001
      11383.643      14038.756    1733253.472          0.001
      11038.567      14997.156     963382.845          0.000
      11383.643      14038.756    1733253.472          0.001
      12783.279      14041.303     973434.932          0.001
      13452.521      14065.165     973434.932          0.001
      14841.949      14236.894     975732.276          0.001
      13258.653      14081.542     973434.932          0.001
      12982.228      15453.981     968833.272          0.001
      15027.485      14259.826    1820001.549          0.001
      15222.783      15259.610     972822.453          0.000
      15379.341      14303.639     975732.276          0.001
      16768.612      14476.631     977117.701          0.001
      14891.050      14341.811     975732.276          0.001
      13691.042      15062.909     968833.272          0.001
      17120.179      14520.408    1457050.392          0.001
      18047.700      14525.465   11686503.055          0.000
      17120.179      14520.408    1457050.392          0.001
      16197.224      14951.376     972822.453          0.001
      18343.865      14704.782     977708.442          0.000
      19215.726      15232.663    1459293.977          0.001
      19046.227      14449.913     977708.442          0.001
      20062.440      14373.024    1799596.802          0.001
      20062.440      14373.024    1799596.802          0.001
      19215.726      15232.663    1459293.977          0.001
      20484.978      14320.350     979084.762          0.001
      21874.225      14147.167     979792.577          0.001
      22297.306      14094.426    1951294.092          0.001
      22265.524      15330.140    1650356.854          0.001
      22297.306      14094.426    1951294.092          0.001
      21343.739      14729.464     976410.692          0.001
      24679.004      14434.989     978217.652          0.002
      26068.211      14261.487     979418.236          0.001
      24104.456      14506.746     897977.141          0.001
      23325.542      15163.859     977108.675          0.000
      26076.309      14260.475    1097933.475          0.001
      26356.060      15240.336     977508.280          0.000
      26076.309      14260.475    1097933.475          0.001
      27029.004      14621.361     976877.720          0.001
      26068.325      14264.536     979418.236          0.001
      24820.490      14899.285     977133.819          0.001
      28546.593      14403.159     810523.324          0.001
      28206.554      15067.423    9069437.346          0.000
      29806.782      15276.103     980701.066          0.001
      30370.924      16124.814    1595704.479          0.001
      29271.867      14401.016     980701.066          0.000
      30421.303      15200.264     979559.994          0.000
      29184.925      14340.562    4437677.597          0.000
      28206.554      15067.423    9069437.346          0.000
      29516.537      14320.242     980701.066          0.000
      30533.725      14257.912    2387311.502          0.001
      30533.725      14257.912    2387311.502          0.001
      31342.678      15228.483    1270420.451          0.001
      31041.135      14311.144     982296.020          0.001
      32433.039      14457.168    1996463.794          0.001
      32433.899      14815.884     982546.225          0.001
      32437.254      16215.880     982976.189          0.001
      32433.039      14457.168    1996463.794          0.001
      33451.988      14454.741     982124.016          0.001
      32493.448      14504.232     982546.225          0.001
      33597.836      15364.654     982079.592          0.001
      32433.039      14457.168    1996463.794          0.001
      31342.678      15228.483    1270420.451          0.001
      34300.997      15062.468     982124.016          0.001
      34384.313      16078.019    1696634.553          0.001
      34261.238      14460.381     982124.016          0.000
      35389.074      15289.831     981817.126          0.000
      36577.539      14063.950    1160228.502          0.001
      37365.640      15120.498    1628835.200          0.001
      36577.539      14063.950    1160228.502          0.001
      35873.108      14800.913     981817.126          0.001
      38650.485      14528.698    1460288.850          0.001
      38160.390      15421.517     982385.890          0.001
      38650.485      14528.698    1460288.850          0.001
      40049.769      14511.854     983199.764          0.002
      38650.485      14528.698    1460288.850          0.001
      37379.438      15114.143     982460.822          0.001
      40424.241      14861.376     983199.764          0.002
      39724.907      16073.891    1610068.441          0.001
      40629.860      14504.872    1895634.534          0.002
      41438.813      15124.911     982604.069          0.000
      40629.860      14504.872    1895634.534          0.002
      39854.656      15167.154     981990.271          0.000
      40960.937      14483.812     983199.764          0.002
      42358.113      14394.940     983642.658          0.001
      42400.894      14392.218    1394951.222          0.001
      43425.635      15276.602    1815571.711          0.001
      42400.894      14392.218    1394951.222          0.001
      43395.665      14425.507    4319770.351          0.000
      44348.687      14268.789     983534.524          0.001
      45354.731      14103.351    1801887.080          0.002
      45354.731      14103.351    1801887.080          0.002
      45641.032      15140.091    1671537.250          0.001
      44621.604      14549.229     982263.986          0.003
      43425.635      15276.602    1815571.711          0.001
      46556.838      14403.911    3297164.185          0.001
      47005.723      15318.588     978213.366          0.001
      46620.714      14455.266     982096.627          0.001
      47711.803      15332.491     980806.226          0.001
      46556.838      14403.911    3297164.185          0.001
      47574.532      14458.094     981656.557          0.001
      46556.838      14403.911    3297164.185          0.001
      45641.032      15140.091    1671537.250          0.001
      48753.421      14564.184     981656.557          0.000
      49376.448      15370.029     704723.246          0.001
      49583.276      14463.311     981656.557          0.001
      50600.452      14397.809    1617156.381          0.001
      48526.596      14694.923     981656.557          0.000
      47775.391      15383.615     914766.570          0.001
      50600.452      14397.809    1617156.381          0.001
      50128.589      15301.473     977031.208          0.001
      50600.452      14397.809    1617156.381          0.001
      51679.037      15235.510    2164538.946          0.001
      50472.133      14499.733     981716.928          0.001
      49376.448      15370.029     704723.246          0.001
      52678.973      14151.858    1571184.722          0.001
      52661.699      15171.299     976950.202          0.001
      52699.443      14168.585     982073.462          0.001
      53783.550      15054.425     979775.586          0.001
      52653.705      14179.241     982073.462          0.001
      51704.297      15208.136     980081.700          0.001
      55061.557      14837.786     980705.230          0.001
      55889.136      15431.984    1069182.873          0.001
      55852.725      14520.740     980705.230          0.001
      56871.517      14517.272    1947563.031          0.001
      54587.052      15421.424     980705.230          0.001
      54543.075      16438.881    1593116.813          0.001
      56984.845      14501.759     980557.195          0.001
      58371.910      14311.887     981125.395          0.001
      56871.517      14517.272    1947563.031          0.001
      55889.136      15431.984    1069182.873          0.001
      56871.517      14517.272    1947563.031          0.001
      57829.645      14864.692     977843.754          0.001
      58877.078      14250.802     981125.395          0.001
      60267.702      14089.044     980865.687          0.002
      60660.400      14043.365    2260788.331          0.002
      60719.784      15225.500    2123361.378          0.001
      60660.400      14043.365    2260788.331          0.002
      59814.874      14612.581     977843.754          0.001
      61569.666      14226.557     980865.687          0.003
      62941.744      14502.992    1324026.580          0.001
      62941.744      14502.992    1324026.580          0.001
      62795.058      15264.838     823450.247          0.002
      62887.091      14520.763     978648.171          0.001
      61555.709      14953.685     978049.612          0.002
      63545.143      14574.564     977942.954          0.000
      62795.058      15264.838     823450.247          0.002
      64762.747      14499.567     976996.021          0.001
      65840.368      15393.286     973918.408          0.001
      65006.450      14421.249     976996.021          0.001
      66391.640      14218.153     974336.083          0.001
      64719.113      14463.378    1434223.028          0.001
      63922.240      15165.883    3548823.782          0.000
      66656.351      14211.679     974336.083          0.001
      65906.417      15393.879     973918.408          0.001
      66678.968      14176.025    2128350.165          0.001
      67872.652      14465.422    1807212.800          0.001
      68170.734      14446.737     971251.167          0.001
      69567.991      14359.156     964793.940          0.002
      67872.652      14465.422    1807212.800          0.001
      68873.815      15443.391     965800.390          0.002
      69858.314      14530.378     964793.940          0.002
      69797.460      15929.055     960230.981          0.001
      69907.411      14392.619     964793.940          0.001
      70770.210      15495.151     957602.171          0.001
      69838.731      14374.376     964793.940          0.001
      68950.651      15456.648     965800.390          0.002
      70825.360      14423.420    3043449.045          0.001
      70811.421      15547.813    5919551.371          0.000
      72038.072      14634.002     953702.045          0.000
      71733.126      16000.387     951733.621          0.000
      72115.870      14285.413    7546614.955          0.000
      72990.757      15377.489     946231.474          0.000
      71543.864      14838.981     953702.045          0.001
      70811.421      15547.813    5919551.371          0.000
      74651.791      14445.934     941210.775          0.002
      76051.181      14446.419    1595062.915          0.001
      74171.334      14445.768    1471561.874          0.001
      73395.233      15105.049     946231.474          0.001
      76051.770      14550.822     926001.890          0.001
      76059.657      15950.800     922698.116          0.001
      76051.181      14446.419    1595062.915          0.001
      76982.986      15110.462     821222.428          0.001
      76051.181      14446.419    1595062.915          0.001
      75329.489      15164.737     933104.687          0.001
      76896.475      14380.707    5163731.313          0.000
      77824.585      14319.930     891740.128          0.002
      79106.520      14235.983    2273525.984          0.001
      79788.833      15053.203     884061.988          0.000
      79106.520      14235.983    2273525.984          0.001
      79046.613      15539.070    2932399.713          0.001
      77711.913      14810.287     891740.128          0.002
      76982.986      15110.462     821222.428          0.001
       1354.871      15274.537     881830.465          0.001
       2245.017      15253.785    1566844.477          0.002
        146.037      15429.247     881830.465          0.000
        935.831      16095.129    4375729.996          0.000
       2961.862      15220.250     904140.484          0.002
       4023.112      15170.604    1144580.560          0.001
       2320.731      15350.833     904140.484          0.002
       2911.184      16107.654    1058646.507          0.002
       4023.112      15170.604    1144580.560          0.001
       4079.263      16569.148    2423026.084          0.001
       4023.112      15170.604    1144580.560          0.001
       2958.195      16068.037     911630.789          0.002
       4847.247      15143.462    2540634.408          0.001
       4965.652      16155.764     933035.605          0.001
       5009.599      15261.013     930198.766          0.001
       6143.566      16082.061     941907.159          0.002
       4795.195      15240.092     930198.766          0.001
       4131.249      16472.641     924249.054          0.001
       7440.073      15582.223     945068.191          0.001
       8078.383      16377.155    1749973.763          0.001
       8304.528      15265.039     945068.191          0.001
       9316.643      15383.860    1077721.540          0.001
       6894.007      15367.345     945068.191          0.000
       6305.689      16199.445    1438650.058          0.001
       9316.643      15383.860    1077721.540          0.001
      10334.800      15344.871     963382.845          0.001
       9317.657      15385.411     957089.672          0.001
      10083.796      16557.176     961651.877          0.001
       9316.643      15383.860    1077721.540          0.001
       8224.866      16259.651     952512.470          0.001
      11958.370      15408.902     963382.845          0.001
      12974.239      15493.644    2694995.167          0.001
      12974.239      15493.644    2694995.167          0.001
      13992.153      15449.108     972822.453          0.001
      12478.382      15771.654     968833.272          0.001
      11257.273      16456.286    5053128.375          0.001
      16455.309      15826.117     972822.453          0.001
      17414.313      16169.570    1667300.595          0.001
      14837.154      15580.448     972822.453          0.000
      13561.598      16157.473     969194.171          0.000
      16376.474      15324.163     972822.453          0.001
      17426.395      15259.019    4714637.455          0.000
      17621.009      15256.152     975137.959          0.001
      19020.857      15235.533     976120.857          0.001
      19215.726      15232.663    1459293.977          0.001
      19286.378      16200.834    1031574.994          0.001
      19215.726      15232.663    1459293.977          0.001
      20002.467      16100.390    1955818.001          0.001
      18935.861      15378.220     976120.857          0.001
      17693.805      16024.207     975452.498          0.001
      21246.644      15332.236     976410.692          0.001
      22265.524      15330.140    1650356.854          0.001
      22375.103      15574.682     977123.379          0.001
      22947.594      16852.279     979326.791          0.002
      22293.285      15355.429     977123.379          0.001
      23328.218      16298.250     978801.853          0.001
      22161.319      15435.871     977123.379          0.001
      21178.593      16432.991     978868.289          0.001
      23191.374      15317.615     977108.675          0.000
      23355.530      16323.131     709398.842          0.001
      24527.469      15401.813     977133.819          0.001
      25752.359      16079.784     979249.605          0.001
      24194.686      15217.619    2754512.401          0.001
      23355.530      16323.131     709398.842          0.001
      24194.686      15217.619    2754512.401          0.001
      24150.870      16235.841     978869.640          0.000
      24194.686      15217.619    2754512.401          0.001
      25212.818      15265.457     977508.280          0.001
      26826.534      15782.874     977508.280          0.001
      27535.375      16515.418    2648701.925          0.001
      26598.580      15289.852     977508.280          0.000
      27985.375      15098.018     976877.720          0.000
      29455.236      15677.460     976877.720          0.001
      30370.924      16124.814    1595704.479          0.001
      27963.947      15590.822     976877.720          0.001
      27535.375      16515.418    2648701.925          0.001
      31342.678      15228.483    1270420.451          0.001
      31498.700      16205.054    8086689.766          0.000
      31448.951      15359.166     980565.627          0.001
      32332.247      16445.346     982976.189          0.001
      31342.678      15228.483    1270420.451          0.001
      30370.924      16124.814    1595704.479          0.001
      33614.361      15751.156     982079.592          0.001
      33432.866      17139.341     983480.737          0.001
      33658.694      15412.067    1527010.051          0.001
      34384.313      16078.019    1696634.553          0.001
      33555.092      15510.822     982079.592          0.001
      32541.718      16476.779     982976.189          0.001
      35608.183      15461.356     981817.126          0.000
      36409.760      16090.637    2273366.607          0.001
      36278.821      15218.055     981817.126          0.001
      37365.640      15120.498    1628835.200          0.001
      37365.640      15120.498    1628835.200          0.001
      36409.760      16090.637    2273366.607          0.001
      39507.147      15464.044    5116930.174          0.000
      38259.612      16098.504     982385.890          0.001
      42407.723      15313.033     982604.069          0.001
      43425.635      15276.602    1815571.711          0.001
      40680.473      15720.705     982604.069          0.001
      39724.907      16073.891    1610068.441          0.001
      43425.635      15276.602    1815571.711          0.001
      44504.804      16167.832     981215.710          0.001
      43834.283      15251.422     983326.606          0.001
      45231.632      15165.318     983021.503          0.001
      43425.635      15276.602    1815571.711          0.001
      42736.036      16173.149    1415156.413          0.001
      45606.131      15187.639     983021.503          0.001
      44777.727      16316.242     981215.710          0.001
      45641.032      15140.091    1671537.250          0.001
      46531.356      15634.836     978213.366          0.001
      47775.391      15383.615     914766.570          0.001
      48685.553      15842.458     977031.208          0.001
      47977.100      15381.904     980806.226          0.001
      49376.448      15370.029     704723.246          0.001
      51679.037      15235.510    2164538.946          0.001
      52375.768      15979.905     976950.202          0.000
      51679.037      15235.510    2164538.946          0.001
      50772.974      15702.827     977031.208          0.001
      53877.974      15207.630     979775.586          0.001
      54543.075      16438.881    1593116.813          0.001
      53804.432      15071.489    1431952.584          0.001
      53093.411      15802.605     976950.202          0.001
      55889.136      15431.984    1069182.873          0.001
      55864.326      16451.172     977095.564          0.000
      55663.898      15600.470     978066.156          0.001
      54543.075      16438.881    1593116.813          0.001
      56625.497      16161.852     977475.266          0.001
      56540.314      17176.950    1942855.316          0.001
      57083.703      15488.668     977475.266          0.000
      58470.875      15299.584     977843.754          0.000
      56677.340      15544.060    6713437.865          0.000
      55862.094      16542.833    6805156.168          0.000
      59097.468      15663.753     977843.754          0.000
      59572.409      16565.409    1364333.213          0.001
      58405.833      15660.187     977843.754          0.001
      57642.070      16335.043     919217.178          0.001
      59700.858      15235.887     977843.754          0.001
      60719.784      15225.500    2123361.378          0.001
      61348.265      15237.413     978049.612          0.002
      62748.014      15263.946     977171.774          0.002
      60601.594      15363.522     978049.612          0.001
      59690.998      16426.920     977084.718          0.002
      62795.058      15264.838     823450.247          0.002
      63922.240      15165.883    3548823.782          0.000
      62795.058      15264.838     823450.247          0.002
      61972.914      15866.624     975617.405          0.000
      63922.240      15165.883    3548823.782          0.000
      62837.107      16049.669     975342.564          0.001
      64209.354      15204.450     976489.037          0.001
      65596.892      15390.832     973918.408          0.001
      65883.894      15429.384    2077886.824          0.001
      65698.181      16703.935     971786.025          0.002
      65883.894      15429.384    2077886.824          0.001
      66680.417      16487.205    1448631.909          0.001
      65795.779      15511.631     973918.408          0.001
      64772.343      16466.921     974461.295          0.002
      67986.960      15849.570     972330.603          0.001
      68852.487      16388.436    1733091.726          0.002
      67918.710      15312.424     972330.603          0.001
      68922.503      15490.951    1158071.706          0.002
      68922.503      15490.951    1158071.706          0.002
      68852.487      16388.436    1733091.726          0.002
      72909.676      16445.187     946231.474          0.001
      72796.182      17457.113    4126272.795          0.001
      73156.090      15595.698     946231.474          0.000
      73765.603      16411.400     575310.546          0.001
      73564.902      15450.742     946231.474          0.001
      74961.829      15530.679    4537930.002          0.000
      72812.507      15563.945     946231.474          0.000
      71655.072      16350.127   10834527.130          0.000
      74803.165      15815.745     933104.687          0.000
      74122.302      17039.030     939712.378          0.000
      75160.154      15635.520     933104.687          0.000
      76060.563      16111.510    1330791.191          0.001
      74586.077      15807.326     933104.687          0.000
      73765.603      16411.400     575310.546          0.001
      76982.986      15110.462     821222.428          0.001
      77829.161      16115.146     903763.665          0.003
      76982.986      15110.462     821222.428          0.001
      77066.191      16106.905    4653270.751          0.000
      76982.986      15110.462     821222.428          0.001
      77724.328      15264.436     892070.765          0.002
      76982.986      15110.462     821222.428          0.001
      76060.563      16111.510    1330791.191          0.001
      78628.820      16286.651     892070.765          0.001
      78151.934      17139.970    2014766.702          0.001
      79046.613      15539.070    2932399.713          0.001
      79809.694      16169.345     882205.462          0.000
        144.423      16465.876     881135.888          0.000
        877.778      17173.449    2905886.360          0.001
        935.831      16095.129    4375729.996          0.000
        877.778      17173.449    2905886.360          0.001
       2911.184      16107.654    1058646.507          0.002
       4079.263      16569.148    2423026.084          0.001
       2911.184      16107.654    1058646.507          0.002
       3040.873      17148.079    1074375.216          0.002
       2911.184      16107.654    1058646.507          0.002
       2227.879      16465.803     888746.892          0.002
       4079.263      16569.148    2423026.084          0.001
       4139.809      17315.066    2435358.301          0.001
       6305.689      16199.445    1438650.058          0.001
       6016.806      17568.676     938360.550          0.002
       6305.689      16199.445    1438650.058          0.001
       7207.870      17269.565     948658.593          0.001
       6305.689      16199.445    1438650.058          0.001
       5561.696      16896.069     933035.605          0.001
       6873.101      16383.187    2104217.882          0.001
       8078.383      16377.155    1749973.763          0.001
       6873.101      16383.187    2104217.882          0.001
       7301.519      17380.647    1633135.957          0.001
       8078.383      16377.155    1749973.763          0.001
       7301.519      17380.647    1633135.957          0.001
       8690.894      16432.580     952512.470          0.002
      10084.800      16558.711    1612333.190          0.001
      10084.800      16558.711    1612333.190          0.001
      11047.203      17556.928    3401543.398          0.001
      10084.800      16558.711    1612333.190          0.001
       9899.124      17561.233     748810.661          0.002
      10084.800      16558.711    1612333.190          0.001
      11257.273      16456.286    5053128.375          0.001
      10084.800      16558.711    1612333.190          0.001
       9194.142      17053.131     953603.220          0.001
      11484.744      16547.198     965152.331          0.001
      12784.762      17066.767     972000.171          0.001
      11257.273      16456.286    5053128.375          0.001
      12274.252      16395.554     969194.171          0.001
      13977.817      16414.393     969194.171          0.001
      14993.334      16501.849    2382100.430          0.001
      14993.334      16501.849    2382100.430          0.001
      15011.930      17564.360    1934838.283          0.001
      16027.603      16359.895     973722.483          0.002
      17414.313      16169.570    1667300.595          0.001
      15971.020      16818.497     973722.483          0.002
      17302.554      17249.748    1900800.384          0.001
      14667.227      16609.869     973722.483          0.001
      13338.240      17050.088     972000.171          0.001
      17414.313      16169.570    1667300.595          0.001
      17302.554      17249.748    1900800.384          0.001
      17414.313      16169.570    1667300.595          0.001
      17849.825      17091.180     979939.068          0.000
      17650.857      16173.520     975452.498          0.001
      19050.662      16196.897     976868.663          0.002
      19286.378      16200.834    1031574.994          0.001
      19412.985      17231.656    1418758.008          0.001
      19286.378      16200.834    1031574.994          0.001
      18574.716      16930.506     979939.068          0.001
      20002.467      16100.390    1955818.001          0.001
      19412.985      17231.656    1418758.008          0.001
      20002.467      16100.390    1955818.001          0.001
      21064.445      16548.811    9367459.487          0.000
      21386.241      16637.368     978868.289          0.001
      22736.061      17008.833     979326.791          0.002
      20706.386      16696.861     978868.289          0.001
      19412.985      17231.656    1418758.008          0.001
      23355.530      16323.131     709398.842          0.001
      23057.367      17097.255    1732232.986          0.001
      24131.058      16795.730     978869.640          0.000
      24086.071      18195.007     979172.805          0.000
      25068.083      16336.297     978869.640          0.001
      26084.463      16263.603    1498805.677          0.001
      24543.329      16751.151     978869.640          0.001
      25311.235      17421.274    1454755.101          0.001
      23915.948      16548.089     978869.640          0.000
      23057.367      17097.255    1732232.986          0.001
      26084.463      16263.603    1498805.677          0.001
      25311.235      17421.274    1454755.101          0.001
      26084.463      16263.603    1498805.677          0.001
      27146.669      17113.192    1849266.069          0.002
      26084.463      16263.603    1498805.677          0.001
      27463.743      16502.986     979777.596          0.001
      28183.869      16806.908     979847.908          0.001
      28300.385      18202.051     980071.246          0.002
      28155.004      16461.289    4417851.118          0.001
      28997.786      17033.991     980631.725          0.001
      28570.891      16398.139     979847.908          0.001
      29955.025      16187.966     980734.055          0.001
      28155.004      16461.289    4417851.118          0.001
      27146.669      17113.192    1849266.069          0.002
      30370.924      16124.814    1595704.479          0.001
      29857.982      17005.278     980631.725          0.001
      30370.924      16124.814    1595704.479          0.001
      30550.119      17421.030    1024408.208          0.002
      30370.924      16124.814    1595704.479          0.001
      31387.698      16197.157     981881.101          0.000
      32438.116      16575.533    4200724.707          0.000
      32441.280      17594.889     980479.095          0.001
      32438.116      16575.533    4200724.707          0.000
      31403.049      17447.688     856704.765          0.001
      34472.433      16192.559     982736.610          0.001
      35326.106      17302.173     983237.202          0.002
      34697.357      16079.969     982736.610          0.001
      36097.330      16088.690     982093.814          0.001
      34363.491      16102.080     982736.610          0.001
      33447.383      17160.732     983480.737          0.001
      36390.934      16494.029     982093.814          0.001
      36325.670      17892.507     980871.330          0.001
      36517.273      16187.540     982093.814          0.001
      37557.205      17124.846     982748.838          0.001
      36332.350      16193.734     982093.814          0.001
      35491.746      17313.282     983237.202          0.002
      38320.109      16730.208     982385.890          0.001
      39259.851      17124.582    1150222.191          0.002
      38720.414      16243.074     982385.890          0.001
      39724.907      16073.891    1610068.441          0.001
      37606.419      16430.699    7797548.609          0.000
      37665.139      17222.128    1419051.018          0.001
      39724.907      16073.891    1610068.441          0.001
      39259.851      17124.582    1150222.191          0.002
      39724.907      16073.891    1610068.441          0.001
      40595.910      17169.023     982259.608          0.001
      40012.871      16137.751     981332.145          0.001
      41379.666      16440.853     982703.102          0.001
      41667.629      16504.712    1346907.841          0.001
      42728.709      17399.328    1740208.561          0.001
      41667.629      16504.712    1346907.841          0.001
      42736.036      16173.149    1415156.413          0.001
      41667.629      16504.712    1346907.841          0.001
      40691.110      17288.720    3236232.880          0.001
      42736.036      16173.149    1415156.413          0.001
      42728.709      17399.328    1740208.561          0.001
      43042.649      16202.339     981863.408          0.001
      44436.347      16335.021     981215.710          0.001
      44742.546      16364.172    2290582.440          0.001
      44765.279      17390.097    1487134.730          0.001
      43973.241      16759.611     981215.710          0.002
      42728.709      17399.328    1740208.561          0.001
      46121.750      16565.282     979769.311          0.001
      46761.555      17359.086    1648720.290          0.001
      45416.297      16606.408     979769.311          0.001
      44765.279      17390.097    1487134.730          0.001
      45791.173      16155.136    6519482.590          0.000
      47190.258      16120.917     978213.366          0.000
      47495.462      16416.562     978213.366          0.000
      47812.513      17384.736    1307150.127          0.002
      48209.986      16185.750     978213.366          0.001
      49604.262      16305.610    5742348.537          0.000
      49604.262      16305.610    5742348.537          0.000
      49591.432      17234.388    1002553.213          0.001
      50692.382      16210.014     977031.208          0.001
      51707.852      16120.802     713019.777          0.002
      49604.262      16305.610    5742348.537          0.000
      50719.475      17150.995     977310.153          0.000
      48685.568      16858.916     977031.208          0.001
      47812.513      17384.736    1307150.127          0.002
      51707.852      16120.802     713019.777          0.002
      51062.734      16909.578     977310.153          0.000
      51732.441      16153.090     976691.559          0.002
      52580.453      17266.620    1832949.967          0.001
      51707.852      16120.802     713019.777          0.002
      52643.156      16265.585    5369601.327          0.000
      53528.131      16346.306     976950.202          0.001
      54543.075      16438.881    1593116.813          0.001
      54543.075      16438.881    1593116.813          0.001
      54704.702      17222.877    1315931.849          0.001
      54206.331      16580.903     977366.419          0.001
      52916.365      17124.948     977679.348          0.001
      57644.807      16337.210     976748.206          0.001
      58742.313      17206.394     978440.322          0.001
      57642.070      16335.043     919217.178          0.001
      58525.286      16151.296    5401568.550          0.000
      57642.070      16335.043     919217.178          0.001
      56540.314      17176.950    1942855.316          0.001
      59572.409      16565.409    1364333.213          0.001
      60621.033      17455.444    2166270.264          0.001
      59572.409      16565.409    1364333.213          0.001
      60569.228      16353.163     975617.405          0.001
      59572.409      16565.409    1364333.213          0.001
      58744.732      17208.310    3049809.068          0.001
      61231.671      16638.956     975617.405          0.001
      60621.033      17455.444    2166270.264          0.001
      62163.082      16602.887     975617.405          0.001
      62937.444      17264.825    1930419.685          0.001
      62801.901      16078.342    2442945.883          0.001
      62937.444      17264.825    1930419.685          0.001
      63326.605      16209.532     975342.564          0.001
      64684.391      16549.017    1484684.255          0.002
      64684.391      16549.017    1484684.255          0.002
      65604.778      17344.962    2558497.495          0.001
      64684.391      16549.017    1484684.255          0.002
      64812.466      17182.642     781121.637          0.002
      64458.910      16641.407     974461.295          0.002
      63163.443      17172.222     975520.249          0.001
      66680.417      16487.205    1448631.909          0.001
      66723.612      17504.580     967936.949          0.001
      66680.417      16487.205    1448631.909          0.001
      67870.531      17223.467     966987.469          0.001
      66680.417      16487.205    1448631.909          0.001
      68078.268      16423.642     964366.083          0.003
      66680.417      16487.205    1448631.909          0.001
      65673.540      17290.129     971786.025          0.001
      68873.777      16419.959     964366.083          0.002
      69657.154      17579.860    1943615.197          0.001
      68852.487      16388.436    1733091.726          0.002
      68066.731      17344.846    1873552.444          0.001
      69783.172      16186.020     960230.981          0.001
      69657.154      17579.860    1943615.197          0.001
      69789.163      16119.758    4669663.280          0.001
      70800.577      16244.630     951733.621          0.001
      71209.038      17603.990     951733.621          0.001
      70867.632      18563.727    3169162.484          0.000
      72064.809      16747.611     951733.621          0.001
      72796.182      17457.113    4126272.795          0.001
      71685.536      16409.481     951733.621          0.000
      72150.779      17315.937     892361.331          0.001
      70524.620      17045.929     951733.621          0.001
      69657.154      17579.860    1943615.197          0.001
      73756.804      16420.891     939958.546          0.001
      72805.016      17447.584     947110.538          0.001
      76060.563      16111.510    1330791.191          0.001
      76197.030      17474.880    1422603.440          0.001
      76060.563      16111.510    1330791.191          0.001
      75178.524      16621.196     939712.378          0.001
      77154.239      16190.682     913209.005          0.000
      78151.934      17139.970    2014766.702          0.001
      77066.191      16106.905    4653270.751          0.000
      77966.230      16277.892     540676.092          0.002
      77966.230      16277.892     540676.092          0.002
      78151.934      17139.970    2014766.702          0.001
      78828.098      16842.352     882205.462          0.001
      78151.934      17139.970    2014766.702          0.001
        877.778      17173.449    2905886.360          0.001
        205.261      18088.163     880541.748          0.000
       1600.754      17702.832     888746.892          0.001
       2214.865      18152.500    1325113.900          0.002
       2301.554      17156.750     888746.892          0.002
       3040.873      17148.079    1074375.216          0.002
       3058.738      17167.115     913588.865          0.002
       4016.791      18187.966     923641.336          0.001
       3040.873      17148.079    1074375.216          0.002
       4139.809      17315.066    2435358.301          0.001
       3040.873      17148.079    1074375.216          0.002
       2257.323      18100.871     903913.698          0.002
       5212.911      17454.350     933035.605          0.000
       5877.810      18227.481    2070411.176          0.002
       4820.692      17558.440     933035.605          0.000
       4034.498      18206.835    1783691.949          0.001
       7301.519      17380.647    1633135.957          0.001
       7286.784      18399.173     944160.228          0.001
       7301.519      17380.647    1633135.957          0.001
       8338.914      18139.211     669575.152          0.001
       7191.400      17446.146     948658.593          0.001
       5988.163      18161.842     938360.550          0.002
       8880.314      17574.123     953603.220          0.001
       9899.124      17561.233     748810.661          0.002
       8319.338      17649.558     953603.220          0.000
       9092.086      18314.268    2112685.386          0.001
       9899.124      17561.233     748810.661          0.002
      11047.203      17556.928    3401543.398          0.001
       9899.124      17561.233     748810.661          0.002
      10905.330      18139.157    1689507.902          0.002
      11472.048      17756.226     966258.427          0.002
      12739.518      18350.803     970824.450          0.001
      11343.671      17496.742     966258.427          0.001
      12715.684      17218.209     972000.171          0.001
      13640.555      17285.534     972000.171          0.001
      15011.930      17564.360    1934838.283          0.001
      13012.827      17158.359     972000.171          0.001
      13163.576      18549.731    2278768.430          0.001
      15463.545      17502.332     976999.048          0.001
      16850.524      17311.833     979224.347          0.001
      15097.500      17624.019     976999.048          0.001
      16245.938      18424.700     977213.889          0.001
      14970.165      17586.625     976999.048          0.001
      13734.755      18245.232     970824.450          0.001
      17334.337      17296.466     979224.347          0.001
      18121.811      18454.000     979178.414          0.001
      17249.779      17316.878     979224.347          0.001
      16384.528      18417.487     977213.889          0.001
      19412.985      17231.656    1418758.008          0.001
      19428.798      18550.289    2069193.475          0.001
      19412.985      17231.656    1418758.008          0.001
      20797.793      17434.974     980642.184          0.001
      21495.332      17595.921     980642.184          0.001
      22811.955      18071.846     979784.631          0.001
      21456.295      17446.398     980642.184          0.001
      22824.149      17148.112     979326.791          0.002
      20635.796      17841.813     980642.184          0.001
      19428.798      18550.289    2069193.475          0.001
      23057.367      17097.255    1732232.986          0.001
      23631.059      17939.531     979172.805          0.001
      25353.371      17456.370     979980.690          0.001
      26429.096      18352.370     980685.798          0.001
      25538.686      17383.096     979980.690          0.001
      26919.371      17151.344     980380.860          0.002
      25311.235      17421.274    1454755.101          0.001
      24569.932      18120.576     979172.805          0.001
      27136.799      17131.813     980380.860          0.002
      26481.125      18368.781     980685.798          0.001
      27278.416      17266.166     980380.860          0.002
      28192.022      18326.979     980071.246          0.002
      29602.039      17444.604    2665084.051          0.000
      30550.119      17421.030    1024408.208          0.002
      29602.039      17444.604    2665084.051          0.000
      29215.559      18591.787    4745618.847          0.001
      29115.354      17838.656     980631.725          0.001
      28323.576      18479.730    1769282.455          0.001
      30550.119      17421.030    1024408.208          0.002
      31204.765      18434.210    1156230.592          0.001
      30550.119      17421.030    1024408.208          0.002
      29755.362      18118.239     979451.868          0.001
      30550.119      17421.030    1024408.208          0.002
      31403.049      17447.688     856704.765          0.001
      31403.049      17447.688     856704.765          0.001
      32130.277      18161.996     980479.095          0.000
      31403.049      17447.688     856704.765          0.001
      31204.765      18434.210    1156230.592          0.001
      33486.054      17247.900     983480.737          0.001
      34438.773      18273.729     981374.174          0.002
      33710.596      17217.457     983480.737          0.002
      35101.125      17380.024     983237.202          0.002
      33426.988      17184.301    1737882.782          0.001
      32808.025      17993.958     980479.095          0.001
      35414.155      17416.620    1936899.492          0.002
      35532.009      18422.799    3209520.989          0.001
      35414.155      17416.620    1936899.492          0.002
      34497.844      18337.333    1534979.369          0.002
      37665.139      17222.128    1419051.018          0.001
      38337.605      17987.857     979488.813          0.001
      37763.769      17216.095     982748.838          0.001
      39161.157      17130.619     982673.310          0.002
      37534.934      17325.140     982748.838          0.001
      36436.994      18193.775     980871.330          0.001
      39259.851      17124.582    1150222.191          0.002
      39906.052      17912.361     978459.295          0.001
      39259.851      17124.582    1150222.191          0.002
      38840.273      18053.416     979488.813          0.000
      40691.110      17288.720    3236232.880          0.001
      41575.074      17797.899     978791.824          0.001
      41331.847      17323.502     982259.608          0.001
      42728.709      17399.328    1740208.561          0.001
      42728.709      17399.328    1740208.561          0.001
      43627.054      17879.676     979580.198          0.001
      43042.850      17397.904     982175.439          0.001
      44442.836      17391.558     981446.528          0.001
      44789.561      17405.666     981446.528          0.001
      45968.112      18161.323     979839.717          0.001
      44765.279      17390.097    1487134.730          0.001
      46164.181      17368.365     980159.718          0.002
      46783.071      17384.423     980159.718          0.001
      47689.113      18451.337    3736091.560          0.001
      46761.555      17359.086    1648720.290          0.001
      46473.931      18485.641    1567414.498          0.001
      46761.555      17359.086    1648720.290          0.001
      47812.513      17384.736    1307150.127          0.002
      48004.721      17368.491     979514.441          0.002
      49399.748      17250.588     977922.452          0.001
      48080.869      17517.625     979514.441          0.002
      49335.467      18138.901     980558.855          0.002
      49591.432      17234.388    1002553.213          0.001
      50411.999      18350.195    3240034.711          0.001
      49591.432      17234.388    1002553.213          0.001
      49604.360      18272.056    1416747.234          0.001
      51864.425      17950.489     977310.153          0.001
      52701.361      18530.637    1189138.733          0.001
      51562.287      17239.371     977310.153          0.001
      52580.453      17266.620    1832949.967          0.001
      52580.453      17266.620    1832949.967          0.001
      53445.171      17805.564     978819.362          0.001
      52942.360      17259.167     977679.348          0.001
      54342.064      17230.344     977827.332          0.002
      52580.453      17266.620    1832949.967          0.001
      52701.361      18530.637    1189138.733          0.001
      54704.702      17222.877    1315931.849          0.001
      54613.466      18237.814     978819.362          0.000
      54922.791      17217.420     977827.332          0.001
      56322.353      17182.403     978239.590          0.001
      56542.413      17191.112     978239.590          0.001
      56747.655      18575.986     978369.684          0.001
      56633.778      17178.280     978239.590          0.001
      58033.636      17198.194     978440.322          0.002
      56540.314      17176.950    1942855.316          0.001
      55700.390      17753.985     978819.362          0.001
      58513.248      17615.092     978440.322          0.002
      57820.825      18831.870     976300.541          0.001
      58744.732      17208.310    3049809.068          0.001
      58980.016      18517.011    1299526.190          0.002
      58027.205      17705.213     978440.322          0.002
      56876.251      18502.273     978369.684          0.002
      58744.732      17208.310    3049809.068          0.001
      60132.292      17391.070     977209.547          0.001
      61542.708      17379.598     977209.547          0.001
      62937.444      17264.825    1930419.685          0.001
      60155.106      17756.850     977209.547          0.001
      58980.016      18517.011    1299526.190          0.002
      63175.869      17254.375     975520.249          0.001
      64574.527      17193.071     973489.347          0.002
      62937.444      17264.825    1930419.685          0.001
      62001.129      17664.982     976038.264          0.001
      62937.444      17264.825    1930419.685          0.001
      62648.673      18516.549     982634.024          0.001
      64812.466      17182.642     781121.637          0.002
      64171.342      17974.630     971853.890          0.000
      64812.466      17182.642     781121.637          0.002
      64742.501      18396.340    5593913.664          0.000
      65604.778      17344.962    2558497.495          0.001
      66592.830      18052.399     967936.949          0.000
      68178.702      17583.162     966987.469          0.001
      68774.044      18850.273     961991.844          0.002
      68272.632      17375.272     966987.469          0.001
      69657.154      17579.860    1943615.197          0.001
      68066.731      17344.846    1873552.444          0.001
      67202.484      17884.612     967936.949          0.001
      69719.079      17630.192     962069.015          0.001
      70805.484      18513.213     956753.800          0.001
      69657.154      17579.860    1943615.197          0.001
      69055.097      18843.344     961991.844          0.002
      72178.409      17350.883     950522.933          0.001
      73046.702      18449.094     946161.899          0.001
      72011.097      17451.770     950522.933          0.001
      71007.416      18427.795     956753.800          0.001
      74118.435      17533.163     939712.378          0.000
      74720.699      18355.436    2119045.582          0.002
      73694.254      17675.319     939712.378          0.000
      73074.467      18484.211    2122615.900          0.001
      75180.858      17405.664     939712.378          0.001
      76197.030      17474.880    1422603.440          0.001
      76197.030      17474.880    1422603.440          0.001
      76733.823      18419.409    1122794.349          0.001
      76197.030      17474.880    1422603.440          0.001
      77339.678      17279.124     901965.344          0.002
      76197.030      17474.880    1422603.440          0.001
      74995.157      18191.736     934551.625          0.002
      78151.934      17139.970    2014766.702          0.001
      78615.399      17919.933     890601.956          0.001
      77589.689      17647.235     901965.344          0.002
      76733.823      18419.409    1122794.349          0.001
      79695.618      17653.259     882267.680          0.000
      78920.472      18433.339    2860444.850          0.001
       1418.415      18954.250     880541.748          0.002
       2106.640      19239.020    2336677.194          0.001
       2214.865      18152.500    1325113.900          0.002
       2106.640      19239.020    2336677.194          0.001
       2765.795      18168.951     903913.698          0.003
       4034.498      18206.835    1783691.949          0.001
       4034.498      18206.835    1783691.949          0.001
       4950.765      19264.283     931651.464          0.001
       4034.498      18206.835    1783691.949          0.001
       4005.240      19472.287    1093952.632          0.001
       4034.498      18206.835    1783691.949          0.001
       5433.796      18222.508     938360.550          0.002
       4034.498      18206.835    1783691.949          0.001
       2951.447      18786.706     903135.023          0.002
       5877.810      18227.481    2070411.176          0.002
       6079.459      19226.373     937786.227          0.001
       5877.810      18227.481    2070411.176          0.002
       6655.766      18885.214     944160.228          0.001
       8338.914      18139.211     669575.152          0.001
       8764.147      19065.116     952569.197          0.000
       8338.914      18139.211     669575.152          0.001
       7682.906      18918.515     944160.228          0.001
       8338.914      18139.211     669575.152          0.001
       9092.086      18314.268    2112685.386          0.001
       9512.036      18273.712     956539.618          0.001
      10905.330      18139.157    1689507.902          0.002
       9092.086      18314.268    2112685.386          0.001
       9896.067      19229.550     957699.253          0.001
      10905.330      18139.157    1689507.902          0.002
      11075.295      19143.831     960993.414          0.001
      10905.330      18139.157    1689507.902          0.002
      10324.817      19209.689     957699.253          0.001
      11095.996      18291.166     965318.748          0.002
      12190.679      19163.903     965886.128          0.001
      11346.000      18219.275     965318.748          0.002
      12723.420      18469.706     970824.450          0.001
      13163.576      18549.731    2278768.430          0.001
      14177.459      18443.874     975381.631          0.001
      13163.576      18549.731    2278768.430          0.001
      12381.778      19316.258    1796914.772          0.001
      15001.841      19201.504     975381.631          0.001
      15042.983      20219.929    1456408.096          0.001
      15540.368      18737.760     975381.631          0.001
      16391.868      19297.645    1242224.109          0.002
      14967.900      18361.346    8215311.551          0.000
      14054.854      19421.879     969101.301          0.000
      16331.797      18484.561    3138472.901          0.001
      17603.014      19070.611     976051.267          0.001
      16542.642      18486.448     977213.889          0.001
      17942.586      18498.982     979178.414          0.001
      18153.698      18500.872    1133129.488          0.001
      18043.554      19273.707    1651868.720          0.001
      18153.698      18500.872    1133129.488          0.001
      19428.798      18550.289    2069193.475          0.001
      19428.798      18550.289    2069193.475          0.001
      18866.610      19399.888     972727.473          0.001
      19428.798      18550.289    2069193.475          0.001
      20827.822      18502.182     979893.744          0.002
      19428.798      18550.289    2069193.475          0.001
      20295.125      19539.871     973823.802          0.003
      19356.765      18587.907     979840.107          0.001
      18115.796      19235.980     976051.267          0.001
      21479.600      18479.769    4451626.154          0.001
      21319.836      19486.565     973700.561          0.001
      21594.762      18457.559     979893.744          0.001
      22969.430      18192.438     979784.631          0.001
      23038.618      18254.533     979784.631          0.001
      22371.623      19485.009     840445.017          0.003
      23856.147      19117.224     979172.805          0.001
      23323.778      20411.650    4819341.045          0.000
      23272.990      19010.413     979172.805          0.001
      22371.623      19485.009     840445.017          0.003
      25205.224      18294.142     980087.563          0.001
      26359.237      19086.767     979266.052          0.002
      25116.869      18248.944     980087.563          0.000
      24464.191      19487.496     977351.680          0.001
      26891.431      18657.263     980685.798          0.002
      28069.502      19413.669     978140.233          0.001
      26698.486      18398.780     980685.798          0.001
      28096.752      18468.432     980071.246          0.002
      28323.576      18479.730    1769282.455          0.001
      28113.636      19442.006    1449140.049          0.001
      29668.977      19356.839     979451.868          0.002
      30208.047      20266.411    1835170.111          0.001
      30151.133      18517.675     979451.868          0.002
      31204.765      18434.210    1156230.592          0.001
      28950.552      18796.261     979451.868          0.001
      28113.636      19442.006    1449140.049          0.001
      31204.765      18434.210    1156230.592          0.001
      30675.379      19304.566     978412.923          0.000
      31313.079      18495.215     979995.341          0.001
      32532.909      19182.249     980177.033          0.001
      33480.831      18403.096     980479.095          0.001
      34497.844      18337.333    1534979.369          0.002
      34198.387      18483.394     981374.174          0.002
      32940.085      19097.134     980177.033          0.001
      34497.844      18337.333    1534979.369          0.002
      34239.996      19444.180    1591631.726          0.002
      35532.009      18422.799    3209520.989          0.001
      35485.536      19821.289     977177.605          0.002
      35564.110      18450.843     981376.532          0.001
      36618.423      19371.943     981339.018          0.002
      35434.965      18499.515     981376.532          0.001
      34336.696      19367.735     980985.341          0.002
      37635.621      18655.677     980435.875          0.000
      37274.381      20008.269     978909.854          0.001
      37689.741      18464.648     980435.875          0.000
      38503.010      19604.206     979475.657          0.001
      37687.484      18461.486   12309770.084          0.000
      36650.014      19399.542    1251195.747          0.002
      38657.180      18599.512     979488.813          0.000
      38505.096      19607.129    1084495.836          0.001
      38689.091      18388.090   15409077.194          0.000
      40079.561      18546.003     978459.295          0.000
      39629.864      18844.850     979488.813          0.001
      40546.871      19290.071    1352621.100          0.001
      41230.570      18522.760     978459.295          0.001
      42624.000      18402.097    6988812.086          0.000
      41452.092      19074.852     978459.295          0.001
      42366.206      19522.805    1328328.237          0.001
      43741.430      18875.514     978791.824          0.001
      44680.669      19273.438    1516667.793          0.001
      42624.000      18402.097    6988812.086          0.000
      44022.428      18347.468     979580.198          0.000
      45457.593      18406.739     979580.198          0.001
      46473.931      18485.641    1567414.498          0.001
      44469.272      18330.012    4470930.444          0.000
      44680.669      19273.438    1516667.793          0.001
      46473.931      18485.641    1567414.498          0.001
      47689.113      18451.337    3736091.560          0.001
      46218.282      18597.950     979839.717          0.001
      44936.515      19161.042     977382.875          0.001
      48381.238      18794.210     980261.210          0.001
      49635.741      19415.679     980436.775          0.002
      47949.681      18426.946     980261.210          0.001
      49343.587      18296.467     980558.855          0.002
      47689.113      18451.337    3736091.560          0.001
      47452.810      19421.475    2043039.612          0.001
      49604.360      18272.056    1416747.234          0.001
      49739.965      19467.311    1679499.048          0.002
      50411.999      18350.195    3240034.711          0.001
      51141.916      19062.359     980706.842          0.001
      51306.475      18420.696     980112.629          0.002
      52701.361      18530.637    1189138.733          0.001
      50411.999      18350.195    3240034.711          0.001
      49739.965      19467.311    1679499.048          0.002
      52701.361      18530.637    1189138.733          0.001
      53720.077      18523.823     978819.362          0.001
      52701.361      18530.637    1189138.733          0.001
      52017.563      19286.186     980706.842          0.000
      55731.266      18556.029     978819.362          0.001
      56749.718      18589.900    1717597.801          0.001
      53715.891      18832.140     978819.362          0.001
      52757.342      19177.288    2904185.554          0.001
      56430.805      18699.043     978369.684          0.002
      55106.228      19152.359     978794.285          0.001
      56749.718      18589.900    1717597.801          0.001
      56914.629      19444.123    1627951.586          0.001
      58980.016      18517.011    1299526.190          0.002
      59981.121      18329.130     976038.264          0.001
      58980.016      18517.011    1299526.190          0.002
      59608.668      19375.949    4202281.838          0.001
      58906.172      18555.324     976968.554          0.002
      57663.478      19200.080     976300.541          0.001
      61294.420      18768.345     976038.264          0.001
      61935.795      19559.522    1280076.487          0.001
      60795.196      18974.637     976038.264          0.001
      60765.926      20373.692    9335064.186          0.000
      60444.730      18540.268     976038.264          0.001
      59608.668      19375.949    4202281.838          0.001
      61647.405      18329.376     976038.264          0.001
      62648.673      18516.549     982634.024          0.001
      62648.673      18516.549     982634.024          0.001
      63635.538      18260.967     971853.890          0.000
      62648.673      18516.549     982634.024          0.001
      61935.795      19559.522    1280076.487          0.001
      64020.193      18161.347   10143510.130          0.000
      63072.956      19192.036     971131.027          0.000
      64256.439      18582.431     971853.890          0.000
      64755.015      19471.093    1306377.427          0.001
      64742.501      18396.340    5593913.664          0.000
      65754.472      18280.400     967936.949          0.001
      64777.112      18412.565     970488.990          0.000
      66044.746      19006.789     967495.748          0.001
      67700.262      18409.286   11445549.492          0.000
      66607.041      19270.375    2475542.507          0.001
      70218.186      18674.064     959803.798          0.000
      71042.881      19272.754    1338035.589          0.001
      69810.915      18662.602     959803.798          0.000
      68911.942      19143.772    2394485.440          0.001
      71271.475      18549.176     956753.800          0.001
      72670.568      18498.764     946161.899          0.002
      73074.467      18484.211    2122615.900          0.001
      73979.887      19551.610     937686.459          0.001
      73074.467      18484.211    2122615.900          0.001
      72954.668      19480.498     962765.423          0.001
      73199.454      18474.434     946161.899          0.001
      74595.190      18365.254     934551.625          0.002
      72711.178      18625.219     946161.899          0.002
      71406.042      19131.796     954730.525          0.001
      74720.699      18355.436    2119045.582          0.002
      74843.438      19366.954     930322.291          0.001
      75010.605      18569.174     934551.625          0.002
      76137.075      19399.682    1422721.352          0.001
      75334.995      18374.957     934551.625          0.002
      76733.823      18419.409    1122794.349          0.001
      76733.823      18419.409    1122794.349          0.001
      77518.741      18424.409     890601.956          0.002
      76733.823      18419.409    1122794.349          0.001
      76137.075      19399.682    1422721.352          0.001
      78920.472      18433.339    2860444.850          0.001
      79716.396      19137.019     882185.977          0.000
      78920.472      18433.339    2860444.850          0.001
      78791.432      19478.127    2084643.220          0.001
      77808.990      18935.780     890601.956          0.002
      76943.142      19327.183    6476343.134          0.000
       1560.598      19985.878     881260.669          0.002
       2227.726      20241.565     871239.897          0.002
       2106.640      19239.020    2336677.194          0.001
       2227.726      20241.565     871239.897          0.002
       2804.629      19324.777     903135.023          0.002
       4005.240      19472.287    1093952.632          0.001
       2334.792      19529.162     903135.023          0.002
       3063.424      20455.762     905801.658          0.001
       4005.240      19472.287    1093952.632          0.001
       5273.471      19636.713    3926858.687          0.001
       4005.240      19472.287    1093952.632          0.001
       3063.424      20455.762     905801.658          0.001
       5273.471      19636.713    3926858.687          0.001
       4329.875      20023.230     921672.534          0.000
       5273.471      19636.713    3926858.687          0.001
       4941.269      20565.352     839174.490          0.002
       7403.305      19408.486     944160.228          0.000
       8803.127      19430.791     952569.197          0.000
       7222.036      19549.768     944160.228          0.000
       6885.493      20511.367    3197046.405          0.000
       8317.305      20096.389     944160.228          0.001
       9167.273      20657.556    1288230.911          0.001
       7272.213      19406.397    4223354.781          0.000
       6277.416      20206.980   10738185.929          0.000
       8975.899      19656.961     952569.197          0.000
       9167.273      20657.556    1288230.911          0.001
      10099.368      20149.081     957699.253          0.001
       9992.391      21362.346    4149867.555          0.000
       9967.034      19739.066     957699.253          0.001
       9167.273      20657.556    1288230.911          0.001
      10154.504      19523.765    2354267.423          0.001
      11206.555      20197.890     960993.414          0.000
      12318.273      19642.167     965886.128          0.001
      12050.512      21016.323     964051.434          0.001
      12444.095      19405.018     965886.128          0.001
      13248.536      20550.826     966852.337          0.001
      12381.778      19316.258    1796914.772          0.001
      13397.335      19404.644     969101.301          0.001
      13837.266      19766.621     969101.301          0.000
      13310.689      20639.353    2227220.129          0.001
      16391.868      19297.645    1242224.109          0.002
      16321.737      20609.170    2026993.600          0.001
      16391.868      19297.645    1242224.109          0.002
      17791.393      19277.361     976051.267          0.001
      16295.359      19363.631     974113.523          0.002
      15139.675      20153.817     969809.561          0.001
      17735.940      19512.296     976051.267          0.001
      16629.687      20370.320     971505.814          0.002
      20295.125      19539.871     973823.802          0.003
      21002.062      20274.310     973700.561          0.000
      20295.125      19539.871     973823.802          0.003
      20436.821      20419.739    1780534.728          0.001
      20295.125      19539.871     973823.802          0.003
      19331.913      19872.774     972727.473          0.001
      22371.623      19485.009     840445.017          0.003
      23101.854      20195.672     974330.896          0.000
      22371.623      19485.009     840445.017          0.003
      21575.387      20120.654     973700.561          0.001
      24458.433      19498.424    1392137.832          0.001
      25243.254      20596.634    2061632.465          0.000
      24760.721      19444.243     977351.680          0.001
      26138.761      19197.247     979266.052          0.002
      24458.433      19498.424    1392137.832          0.001
      23664.394      20137.506     974330.896          0.000
      26441.173      19143.044    1911806.819          0.002
      27044.817      19964.398     974209.418          0.001
      26588.621      19169.401     979266.052          0.002
      27966.776      19415.754     978140.233          0.001
      26287.295      19329.764     979266.052          0.002
      25396.931      20410.158     974673.525          0.001
      28208.436      19479.322     978140.233          0.001
      29511.149      19992.097     976526.488          0.001
      28113.636      19442.006    1449140.049          0.001
      27656.686      20352.883     974209.418          0.000
      30860.502      19672.102     978412.923          0.000
      32036.408      20431.869     975658.312          0.000
      31628.910      19359.931     978412.923          0.001
      32640.890      19243.067    1663710.388          0.001
      32640.890      19243.067    1663710.388          0.001
      32416.971      20236.776     975658.312          0.000
      32642.756      19246.070     980177.033          0.001
      33381.496      20435.298     976619.912          0.001
      32745.599      19256.236     980177.033          0.001
      34134.657      19430.932     980985.341          0.002
      34239.996      19444.180    1591631.726          0.002
      35287.264      20372.490     977177.605          0.001
      34239.996      19444.180    1591631.726          0.002
      34299.433      20461.437     974073.532          0.001
      36650.014      19399.542    1251195.747          0.002
      37227.540      20183.657    1751033.222          0.001
      36650.014      19399.542    1251195.747          0.002
      35635.286      20362.979     977177.605          0.001
      38545.970      19600.782     979475.657          0.001
      39929.390      19385.957     977870.579          0.001
      38504.217      19607.526     979475.657          0.001
      37228.136      20183.388     978909.854          0.001
      40546.871      19290.071    1352621.100          0.001
      39655.898      19785.468     977598.374          0.001
      40546.871      19290.071    1352621.100          0.001
      40563.779      20309.094     976824.111          0.000
      40978.529      19345.290     977870.579          0.001
      42366.206      19522.805    1328328.237          0.001
      42366.206      19522.805    1328328.237          0.001
      42421.365      20531.169    1079940.658          0.001
      42366.206      19522.805    1328328.237          0.001
      43757.705      19372.881     977382.875          0.002
      42366.206      19522.805    1328328.237          0.001
      43320.152      19878.444     977471.832          0.002
      42366.206      19522.805    1328328.237          0.001
      41436.321      19937.245     976824.111          0.001
      44680.669      19273.438    1516667.793          0.001
      45699.444      19248.288     978320.709          0.001
      46548.059      19624.324     978320.709          0.000
      46480.385      20641.535    1324259.469          0.001
      46261.381      19435.953     978320.709          0.000
      45097.391      20213.852     977471.832          0.000
      46574.514      19226.686    8055026.634          0.000
      47452.810      19421.475    2043039.612          0.001
      48340.473      19439.264     979231.686          0.002
      49739.965      19467.311    1679499.048          0.002
      48450.513      19878.753     979231.686          0.002
      49723.057      20461.999    3967223.397          0.002
      47402.878      19484.123     979231.686          0.001
      46530.289      20578.923     978010.947          0.001
      50005.314      19583.041     980436.775          0.003
      51288.572      20142.727     981466.987          0.001
      49739.965      19467.311    1679499.048          0.002
      50756.269      19546.431     980706.842          0.001
      52865.730      19338.478     979092.646          0.001
      53646.932      20500.253     981086.868          0.001
      52676.175      19250.165     979092.646          0.001
      51634.457      20185.486     981466.987          0.001
      52789.168      19178.613     979092.646          0.001
      54187.956      19236.843     978794.285          0.001
      54811.646      19305.353     978794.285          0.001
      55510.080      20518.691     979660.507          0.002
      55153.293      19293.189     978794.285          0.001
      56548.181      19412.721     977237.621          0.001
      54685.940      19398.324     978794.285          0.001
      53855.513      20525.440     981086.868          0.001
      56746.657      19745.748     977237.621          0.001
      56065.508      20968.873     978173.658          0.001
      56914.629      19444.123    1627951.586          0.001
      57503.489      20275.840     976833.027          0.000
      56768.584      19562.459     977237.621          0.001
      55680.836      20443.823     979660.507          0.002
      57589.427      19238.501    5231876.107          0.001
      58904.446      19167.610    2218552.206          0.001
      58904.446      19167.610    2218552.206          0.001
      59524.071      20209.444     944960.478          0.002
      58904.446      19167.610    2218552.206          0.001
      58218.461      19921.442     976833.027          0.001
      61890.176      19799.687     972077.594          0.001
      61628.921      21175.095     973567.238          0.001
      61935.795      19559.522    1280076.487          0.001
      62757.415      20204.019    2486127.350          0.001
      61935.795      19559.522    1280076.487          0.001
      61099.445      20141.580     973649.399          0.000
      63738.728      19401.904     971131.027          0.001
      64755.015      19471.093    1306377.427          0.001
      64755.015      19471.093    1306377.427          0.001
      64988.774      20635.404    1582130.692          0.001
      64755.015      19471.093    1306377.427          0.001
      66146.644      19320.272     967495.748          0.001
      64755.015      19471.093    1306377.427          0.001
      63441.123      19953.164     972302.075          0.001
      66607.041      19270.375    2475542.507          0.001
      66885.404      20622.415    1837438.917          0.001
      66106.688      19692.429     967495.748          0.001
      65036.554      20595.101     970477.391          0.001
      66607.041      19270.375    2475542.507          0.001
      67608.506      19446.417    5405680.953          0.001
      67608.506      19446.417    5405680.953          0.001
      68911.942      19143.772    2394485.440          0.001
      67608.506      19446.417    5405680.953          0.001
      66885.404      20622.415    1837438.917          0.001
      68911.942      19143.772    2394485.440          0.001
      69780.564      19677.488     953635.394          0.001
      68911.942      19143.772    2394485.440          0.001
      68821.426      20440.792    3788022.251          0.002
      69645.979      19188.202     961991.844          0.002
      71042.881      19272.754    1338035.589          0.001
      71303.317      19301.054     954730.525          0.001
      72695.124      19452.295     944851.563          0.001
      71042.881      19272.754    1338035.589          0.001
      70956.802      20288.048     953635.394          0.000
      72954.668      19480.498     962765.423          0.001
      74015.177      19593.212    3364930.509          0.001
      72954.668      19480.498     962765.423          0.001
      72027.508      19902.828     953635.394          0.001
      74015.177      19593.212    3364930.509          0.001
      73154.709      20140.475     942435.876          0.000
      76137.075      19399.682    1422721.352          0.001
      75423.470      20603.189     932131.073          0.001
      76208.202      19480.740     921065.102          0.001
      77131.586      20533.052     911498.601          0.001
      76137.075      19399.682    1422721.352          0.001
      75282.603      19953.772     930322.291          0.000
      76943.142      19327.183    6476343.134          0.000
      77906.108      19405.826     892840.255          0.002
      78791.432      19478.127    2084643.220          0.001
      79588.417      20091.436     883477.673          0.001
      78791.432      19478.127    2084643.220          0.001
      78994.382      20579.401     759493.866          0.001
      77899.123      20116.606     892840.255          0.002
      77203.145      20614.603    2254702.336          0.001
       1421.190      21061.630     882326.692          0.002
       2087.556      21368.026     832887.603          0.002
       2227.726      20241.565     871239.897          0.002
       2087.556      21368.026     832887.603          0.002
       2227.726      20241.565     871239.897          0.002
       2806.050      21206.571     873611.710          0.002
       2227.726      20241.565     871239.897          0.002
       3063.424      20455.762     905801.658          0.001
       3084.233      20469.001     913674.592          0.001
       4265.438      21220.503     926160.980          0.001
       3063.424      20455.762     905801.658          0.001
       2806.050      21206.571     873611.710          0.002
       4012.498      20153.235    8072261.072          0.000
       4941.269      20565.352     839174.490          0.002
       4998.309      20615.798     930076.579          0.002
       6047.025      21543.264     939612.668          0.001
       4941.269      20565.352     839174.490          0.002
       4286.276      21233.760    4569546.782          0.001
       6230.434      20582.468     937786.227          0.000
       6103.923      21593.584    1405557.446          0.001
       7770.229      20568.050     942457.861          0.001
       9167.273      20657.556    1288230.911          0.001
       6885.493      20511.367    3197046.405          0.000
       6103.923      21593.584    1405557.446          0.001
       9108.394      20673.426     954305.416          0.001
       7756.637      21037.779     945406.473          0.002
       9167.273      20657.556    1288230.911          0.001
       9153.272      21660.065    1277965.332          0.001
      10752.761      20683.784     960993.414          0.001
       9992.391      21362.346    4149867.555          0.000
      13397.148      20824.494     966852.337          0.001
      13989.522      22092.995     968722.290          0.001
      13153.835      20897.436     966852.337          0.001
      12426.720      22093.807     964745.426          0.002
      13682.629      20549.299     966852.337          0.001
      15042.983      20219.929    1456408.096          0.001
      13267.209      20662.444     966852.337          0.001
      12030.751      21319.081     964051.434          0.001
      15042.983      20219.929    1456408.096          0.001
      14405.923      21014.932     968300.920          0.000
      15042.983      20219.929    1456408.096          0.001
      15233.387      21225.290    6011708.300          0.000
      15042.983      20219.929    1456408.096          0.001
      16321.737      20609.170    2026993.600          0.001
      16340.557      20627.079     971505.814          0.001
      17354.748      21592.179     971836.121          0.001
      16321.737      20609.170    2026993.600          0.001
      17322.079      20415.381     972727.473          0.001
      16295.886      20746.188     971505.814          0.001
      16036.331      22121.917     970992.965          0.001
      18600.255      20729.956     972727.473          0.001
      19087.748      21623.811    1445724.652          0.001
      17948.567      20768.962     972727.473          0.001
      17373.451      21609.977    1453779.727          0.001
      19422.477      20324.610     972727.473          0.001
      20436.821      20419.739    1780534.728          0.001
      20484.861      20479.170     973530.906          0.001
      21364.959      21567.945     973891.856          0.002
      20533.904      20720.748     973530.906          0.001
      20963.642      22053.161     973415.550          0.002
      20132.028      20691.772     973530.906          0.001
      19087.748      21623.811    1445724.652          0.001
      22332.593      20865.624     973700.561          0.001
      23291.311      21210.741    1753740.004          0.001
      21546.156      20440.163     973700.561          0.000
      22945.976      20417.710     974330.896          0.000
      21205.743      20629.892     973700.561          0.000
      21413.238      21627.671    1050122.566          0.002
      24228.804      20498.869     974330.896          0.001
      25243.254      20596.634    2061632.465          0.000
      25158.771      20789.202     974673.525          0.001
      24596.316      22071.249     974820.634          0.001
      25243.254      20596.634    2061632.465          0.000
      26262.362      20605.642     974209.418          0.001
      24934.775      20693.686     974673.525          0.001
      23599.309      21113.841     974266.117          0.001
      27194.800      20710.805     974209.418          0.000
      25848.524      21094.917     973634.263          0.000
      27524.291      20616.797    6645170.930          0.000
      28845.196      21078.993     973616.190          0.001
      28137.329      20153.626    2326372.519          0.001
      28909.899      20817.231     973616.190          0.001
      28473.499      20171.936     976135.409          0.001
      29871.427      20248.077     976526.488          0.001
      30291.706      20374.916     976526.488          0.001
      31146.545      21483.632     974272.219          0.001
      30208.047      20266.411    1835170.111          0.001
      31213.072      20434.675     975658.312          0.001
      30208.047      20266.411    1835170.111          0.001
      29614.249      21094.100     973616.190          0.000
      32412.437      20613.068     975658.312          0.000
      33425.732      20506.510    2935669.617          0.001
      32574.440      20773.694     975658.312          0.000
      33439.345      21311.962    1116439.520          0.001
      33425.732      20506.510    2935669.617          0.001
      33439.345      21311.962    1116439.520          0.001
      35854.216      20451.079     977177.605          0.001
      37227.540      20183.657    1751033.222          0.001
      35462.070      20527.440    2275241.082          0.001
      34626.179      21111.560     974073.532          0.000
      37227.540      20183.657    1751033.222          0.001
      36639.278      21014.756     974982.851          0.000
      37299.610      20274.912     978909.854          0.001
      38167.312      21373.589     976219.099          0.001
      39607.336      21018.376     977598.374          0.001
      40445.480      21598.324    1968552.487          0.001
      38641.035      20349.751    8227072.012          0.000
      40040.593      20332.467     976824.111          0.001
      40861.961      20617.287     976824.111          0.000
      41590.388      21329.532    2692294.821          0.000
      41408.792      20419.315     976824.111          0.001
      42421.365      20531.169    1079940.658          0.001
      42430.590      20534.306     976962.126          0.001
      43756.034      20985.079     976973.240          0.001
      42421.365      20531.169    1079940.658          0.001
      43439.070      20484.929     977471.832          0.001
      42421.365      20531.169    1079940.658          0.001
      41590.388      21329.532    2692294.821          0.000
      45469.403      20511.874     977471.832          0.001
      46480.385      20641.535    1324259.469          0.001
      46480.385      20641.535    1324259.469          0.001
      46789.269      21674.484    2837333.928          0.001
      46480.385      20641.535    1324259.469          0.001
      47388.193      21298.170     977336.597          0.000
      46103.035      20740.527     978010.947          0.001
      44748.856      21095.772     976973.240          0.001
      48707.760      20545.249     978332.982          0.001
      49723.057      20461.999    3967223.397          0.002
      50162.488      20413.081     980190.749          0.002
      51553.426      20258.242    1899551.444          0.000
      49723.057      20461.999    3967223.397          0.002
      48674.479      20855.571     977336.597          0.002
      50102.463      20625.296     980190.749          0.002
      51388.412      21178.772     980003.256          0.001
      51553.426      20258.242    1899551.444          0.000
      51767.357      21341.871    3126260.891          0.001
      51965.728      20333.740     981466.987          0.001
      53342.831      20585.905     981086.868          0.002
      53946.109      20650.775     981086.868          0.001
      55343.928      20572.665     979660.507          0.002
      53701.114      20679.988     981086.868          0.001
      52376.555      21133.356     980003.256          0.001
      55301.804      20697.912     979660.507          0.002
      54092.271      21402.916     979177.967          0.001
      58518.777      20377.439     976833.027          0.001
      59524.071      20209.444     944960.478          0.002
      58807.179      21042.577     976833.027          0.001
      59731.902      21470.787    1614161.796          0.001
      56835.752      20873.674     976833.027          0.001
      55897.366      21270.802    3672809.693          0.001
      59524.071      20209.444     944960.478          0.002
      59731.902      21470.787    1614161.796          0.001
      59524.071      20209.444     944960.478          0.002
      60534.366      20343.066     973649.399          0.000
      60430.755      20729.307     973649.399          0.000
      59731.902      21470.787    1614161.796          0.001
      62721.218      20557.509     972302.075          0.001
      62578.605      21950.226     971059.901          0.001
      62757.415      20204.019    2486127.350          0.001
      63391.738      21001.725     970838.633          0.001
      63500.972      20347.770     972302.075          0.001
      64875.520      20613.509     970477.391          0.001
      62657.372      20307.241     972302.075          0.001
      61683.022      21312.549     973567.238          0.001
      65021.185      20635.182     970477.391          0.001
      66421.152      20625.595     967432.856          0.001
      64988.774      20635.404    1582130.692          0.001
      64183.575      21260.037     970838.633          0.000
      67156.373      20596.995     967432.856          0.001
      68550.252      20466.232     962082.816          0.002
      66575.006      20719.866     967432.856          0.001
      65239.287      21139.219     969821.081          0.001
      69482.937      20880.179     962082.816          0.002
      70648.832      21654.586    1395952.256          0.001
      68821.426      20440.792    3788022.251          0.002
      69887.502      20417.664     953635.394          0.001
      68821.426      20440.792    3788022.251          0.002
      67885.985      20952.216     966877.088          0.001
      71305.610      20362.134     953635.394          0.000
      72699.862      20235.398     942435.876          0.000
      72112.270      20826.988     953635.394          0.001
      73067.466      21181.608    2327789.564          0.001
      73056.419      20202.988    5302667.270          0.000
      74455.575      20182.194     930322.291          0.000
      73964.656      20699.680     930322.291          0.001
      73067.466      21181.608    2327789.564          0.001
      77203.145      20614.603    2254702.336          0.001
      77934.207      20854.493     892398.974          0.002
      77203.145      20614.603    2254702.336          0.001
      78135.730      20596.276     892044.083          0.002
      77203.145      20614.603    2254702.336          0.001
      75851.797      20977.500     932131.073          0.001
      78994.382      20579.401     759493.866          0.001
      79015.424      21209.282    2101371.964          0.001
      79781.553      20585.907     883477.673          0.000
      79015.424      21209.282    2101371.964          0.001
       2087.556      21368.026     832887.603          0.002
       2180.226      22447.220    2267896.981          0.001
       2087.556      21368.026     832887.603          0.002
       1424.797      21711.208     883693.001          0.002
       2087.556      21368.026     832887.603          0.002
       2806.050      21206.571     873611.710          0.002
       2824.607      21226.477     912147.941          0.002
       3779.254      22250.513     923607.467          0.001
       2806.050      21206.571     873611.710          0.002
       2271.766      22265.750     907162.681          0.002
       4286.276      21233.760    4569546.782          0.001
       5122.835      22356.092     935953.404          0.001
       4286.276      21233.760    4569546.782          0.001
       5658.993      21505.505     939612.668          0.001
       6103.923      21593.584    1405557.446          0.001
       7115.819      21210.505    1852107.632          0.001
       6103.923      21593.584    1405557.446          0.001
       5297.307      22590.165    1651531.662          0.001
       7309.644      21473.364     945406.473          0.001
       8140.158      22599.679    1367347.945          0.001
       7750.002      21350.437     945406.473          0.002
       9117.118      21652.088     954684.635          0.001
       7115.819      21210.505    1852107.632          0.001
       6394.512      21930.546     939821.324          0.001
       9153.272      21660.065    1277965.332          0.001
       9109.929      22678.674     953620.706          0.001
       9153.272      21660.065    1277965.332          0.001
       8140.158      22599.679    1367347.945          0.001
       9153.272      21660.065    1277965.332          0.001
      10030.146      22179.111     958065.959          0.000
      10289.812      21359.360     957799.123          0.001
      11689.742      21345.305     964051.434          0.001
      11986.990      21342.320    1691115.764          0.001
      12269.807      22351.985    2269247.428          0.002
      11986.990      21342.320    1691115.764          0.001
      11093.183      21831.800     958065.959          0.001
      15172.491      21280.695     969739.251          0.001
      14136.944      22222.843     968722.290          0.000
      17688.286      21612.517     971836.121          0.001
      19087.748      21623.811    1445724.652          0.001
      17324.050      21633.496     971836.121          0.001
      16059.998      22235.303     970992.965          0.001
      19087.748      21623.811    1445724.652          0.001
      20400.063      22110.087     973415.550          0.002
      19087.748      21623.811    1445724.652          0.001
      18203.703      22129.359     971715.883          0.001
      21817.665      21537.889     973891.856          0.002
      23184.391      21234.477     974266.117          0.001
      21413.238      21627.671    1050122.566          0.002
      21060.990      22354.992    1676609.860          0.001
      23283.829      21218.664     974266.117          0.001
      22322.616      22236.540     974090.280          0.001
      23291.311      21210.741    1753740.004          0.001
      23385.802      22225.216     974791.926          0.000
      23311.219      21227.932     974266.117          0.001
      24370.818      22142.946     974820.634          0.001
      25799.266      21761.548     973634.263          0.001
      26247.838      22676.865    1731816.529          0.001
      26226.101      21192.837     973634.263          0.001
      27245.115      21198.331    1002986.956          0.001
      25208.238      21520.528     973634.263          0.000
      24511.546      22264.472    2206046.092          0.001
      27245.115      21198.331    1002986.956          0.001
      27534.383      22370.880    3536036.624          0.000
      27245.115      21198.331    1002986.956          0.001
      28262.548      21243.538     973616.190          0.001
      27217.922      21238.645     973165.576          0.001
      26435.057      22399.301     974742.894          0.002
      30225.633      21423.977     973616.190          0.001
      31230.352      21592.329    2036635.034          0.001
      28440.246      21868.002     973616.190          0.001
      27534.383      22370.880    3536036.624          0.000
      32050.622      21488.220     974272.219          0.002
      33439.345      21311.962    1116439.520          0.001
      30947.199      21699.658     974272.219          0.001
      29638.088      22195.873     974476.278          0.001
      31230.352      21592.329    2036635.034          0.001
      30711.827      22469.738     974370.848          0.001
      31230.352      21592.329    2036635.034          0.001
      31499.973      22546.513    2128368.957          0.001
      33411.608      21329.619     974062.718          0.001
      32230.593      22081.420     975120.147          0.002
      33439.345      21311.962    1116439.520          0.001
      33495.318      22354.235    1045760.611          0.002
      35419.986      21780.995     974073.532          0.001
      36352.044      22194.773    2749984.862          0.000
      34138.490      21563.820     974073.532          0.000
      33495.318      22354.235    1045760.611          0.002
      34348.746      21305.429   10468061.103          0.000
      35747.261      21357.624     974982.851          0.001
      37222.247      21419.187     974982.851          0.001
      38239.521      21465.019    1741393.715          0.001
      38368.707      21560.727     976219.099          0.001
      39493.631      22394.122     979491.808          0.001
      38239.521      21465.019    1741393.715          0.001
      38506.767      22448.332     978699.694          0.000
      38643.701      21489.444     976219.099          0.001
      40041.152      21573.891     977325.081          0.001
      38239.521      21465.019    1741393.715          0.001
      36934.380      21969.624     976000.206          0.001
      40469.050      21812.463     977325.081          0.001
      40622.221      23204.058     977871.965          0.001
      40503.210      21646.156     977325.081          0.001
      41581.258      22539.360     979560.012          0.002
      40445.480      21598.324    1968552.487          0.001
      41590.388      21329.532    2692294.821          0.000
      40445.480      21598.324    1968552.487          0.001
      39623.284      22490.175    1952846.539          0.001
      42812.961      21823.393     976640.916          0.001
      43439.052      22627.779    2116839.653          0.001
      42080.903      21668.894     976640.916          0.001
      41638.859      22587.085    1586334.202          0.001
      43352.738      21188.977     976640.916          0.001
      44372.115      21194.604    2093078.348          0.001
      44372.115      21194.604    2093078.348          0.001
      44456.045      22210.301     977776.199          0.000
      44287.491      21324.585     976973.240          0.001
      43523.645      22497.845     978706.412          0.001
      44893.744      21298.163     976973.240          0.001
      46266.943      21570.786     977021.923          0.001
      46789.269      21674.484    2837333.928          0.001
      45824.052      22002.184     977776.199          0.001
      47935.108      21798.983     977336.597          0.001
      48755.360      22561.405     973310.363          0.002
      47265.578      21573.479     977336.597          0.001
      46661.857      22517.165    1399696.270          0.001
      48499.004      21451.556     977336.597          0.001
      49611.273      21582.974    6118626.331          0.001
      49611.273      21582.974    6118626.331          0.001
      49603.134      22675.689    2323160.065          0.001
      49993.899      21540.187     978484.795          0.001
      51385.227      21384.603     980003.256          0.001
      49611.273      21582.974    6118626.331          0.001
      48755.360      22561.405     973310.363          0.002
      52322.027      21702.730     980003.256          0.001
      53495.535      22466.195     976132.673          0.001
      51648.383      21459.819     980003.256          0.001
      50654.152      22445.469     975892.819          0.001
      52116.051      21374.762     980003.256          0.001
      53509.864      21506.234     979177.967          0.001
      54183.956      21496.304     979177.967          0.001
      55571.987      21313.626     978173.658          0.001
      53858.583      21539.127    4406856.639          0.001
      53541.801      22496.295    1112000.355          0.001
      55897.366      21270.802    3672809.693          0.001
      55213.539      22026.403     975622.319          0.001
      56073.378      21306.153     978173.658          0.001
      57445.969      21581.823     976402.510          0.001
      57644.389      21629.561     976402.510          0.001
      58867.305      22311.085     973476.883          0.001
      57622.262      21617.230    1809112.931          0.001
      57777.097      22443.681    1028303.453          0.002
      57979.184      21592.454     976402.510          0.001
      59375.824      21495.505     974665.405          0.002
      57203.218      21817.560     976402.510          0.001
      55940.134      22421.395     975058.858          0.001
      59731.902      21470.787    1614161.796          0.001
      60385.554      22252.273     972039.655          0.000
      59957.641      21464.043     974665.405          0.002
      61357.017      21422.239     973567.238          0.001
      61583.261      21415.480    1705281.605          0.001
      62542.463      22303.176    1953535.844          0.001
      61583.261      21415.480    1705281.605          0.001
      60859.846      22133.003     972039.655          0.000
      64219.474      21884.463     970838.633          0.001
      64992.023      22549.383    1309952.861          0.001
      63820.878      21541.399    8344032.889          0.000
      63627.529      22927.186     968035.878          0.000
      64929.548      21236.463    2849299.930          0.001
      65600.944      22391.522    3965220.654          0.001
      64929.548      21236.463    2849299.930          0.001
      64992.023      22549.383    1309952.861          0.001
      64929.548      21236.463    2849299.930          0.001
      65937.870      21382.767     966877.088          0.001
      66432.256      22387.595     966877.088          0.001
      65987.542      23304.536    1677520.324          0.002
      67917.689      21571.562     966877.088          0.001
      68935.419      21624.922    1151078.139          0.003
      68935.419      21624.922    1151078.139          0.003
      68981.267      22663.899    1714760.799          0.001
      69249.651      21630.363     962851.565          0.003
      70648.832      21654.586    1395952.256          0.001
      68905.861      21638.648     962851.565          0.003
      67636.082      22228.275     965472.407          0.001
      71171.091      21552.455     957947.583          0.002
      72545.066      21283.766     944916.293          0.001
      70648.832      21654.586    1395952.256          0.001
      69451.868      22379.062     961906.533          0.002
      70648.832      21654.586    1395952.256          0.001
      70769.959      22321.487    2023178.040          0.001
      73386.025      21425.769     944916.293          0.001
      74497.187      22277.426     936197.535          0.002
      73067.466      21181.608    2327789.564          0.001
      73087.182      22502.937    1817940.286          0.001
      72866.740      21281.196     944916.293          0.001
      71612.610      21903.417     957782.338          0.002
      73067.466      21181.608    2327789.564          0.001
      74466.754      21184.107     932131.073          0.001
      75078.373      21185.199    3216121.559          0.001
      76185.570      21999.567     915131.182          0.003
      75823.644      21337.342     932131.073          0.001
      77194.797      21617.254     651771.414          0.002
      75078.373      21185.199    3216121.559          0.001
      74816.103      22521.861    1808226.246          0.001
      77194.797      21617.254     651771.414          0.002
      77862.004      21998.194     895532.262          0.002
      77194.797      21617.254     651771.414          0.002
      77039.025      22627.303    2445431.008          0.002
      77194.797      21617.254     651771.414          0.002
      77904.689      21458.179     892398.974          0.002
      79015.424      21209.282    2101371.964          0.001
      79711.519      22085.748     884268.600          0.000
      79009.346      21240.033     892398.974          0.001
      78758.345      22509.958    2374761.078          0.001
        175.929      22689.808     883693.001          0.000
        830.802      23586.258    3345254.746          0.000
       2577.391      23271.884     907162.681          0.002
       3117.882      24394.148    3682939.600          0.001
       2180.226      22447.220    2267896.981          0.001
       1544.339      22983.967     889544.978          0.001
       2180.226      22447.220    2267896.981          0.001
       1823.728      23563.348    1171034.940          0.001
       2596.782      22401.599     907162.681          0.002
       3797.509      22270.095    1588840.492          0.001
       3797.509      22270.095    1588840.492          0.001
       3371.067      23602.862     913401.294          0.002
       3797.509      22270.095    1588840.492          0.001
       4233.931      23599.799     927236.614          0.002
       3797.509      22270.095    1588840.492          0.001
       5166.159      22562.177     935953.404          0.001
       5297.307      22590.165    1651531.662          0.001
       6240.026      23411.487    2442707.261          0.001
       5273.217      22613.038     935953.404          0.001
       4257.957      23577.013     927236.614          0.002
       6032.523      22413.885     939821.324          0.000
       6240.026      23411.487    2442707.261          0.001
       7130.965      22463.704     939821.324          0.001
       8140.158      22599.679    1367347.945          0.001
       8140.158      22599.679    1367347.945          0.001
       8835.826      23344.219     953620.706          0.000
       8140.158      22599.679    1367347.945          0.001
       6852.879      23149.653     941470.397          0.001
      10179.614      23467.833     958065.959          0.001
      10130.247      24485.174    1583199.721          0.001
      11251.091      22326.493     958065.959          0.001
      12269.807      22351.985    2269247.428          0.002
      10007.171      22555.590     958065.959          0.000
       9070.904      23595.813    9067951.766          0.000
      12674.343      22537.642     964745.426          0.002
      13946.742      23121.594     969875.973          0.001
      12269.807      22351.985    2269247.428          0.002
      12110.170      23666.995    3593366.806          0.001
      12473.496      22343.671     964745.426          0.002
      13872.331      22286.572     968722.290          0.001
      14343.359      22275.578     968722.290          0.001
      15743.289      22261.550     970992.965          0.002
      16056.692      22308.760     970992.965          0.001
      17007.954      23335.941     972446.881          0.000
      16010.492      22258.873    2185081.902          0.001
      16100.908      23526.110    1292193.078          0.001
      15772.733      22409.115     970992.965          0.002
      14589.227      23156.988     969875.973          0.001
      16010.492      22258.873    2185081.902          0.001
      16981.765      22567.667     971715.883          0.000
      17916.279      22593.955     971715.883          0.001
      19308.166      22449.127    4171089.774          0.000
      18349.478      23170.226     971715.883          0.001
      19270.234      23606.622    1306120.163          0.001
      19303.630      22587.546     972504.404          0.000
      19270.234      23606.622    1306120.163          0.001
      20165.179      22910.006     972504.404          0.001
      21063.362      23393.025    1928448.439          0.001
      20042.634      22409.683     972504.404          0.001
      21060.990      22354.992    1676609.860          0.001
      21060.990      22354.992    1676609.860          0.001
      21063.362      23393.025    1928448.439          0.001
      22030.099      22546.300    6854094.793          0.001
      23184.200      23336.810    2463265.390          0.000
      24392.200      22360.889     974820.634          0.001
      23303.183      23240.686     974781.315          0.001
      24559.717      22340.519     974820.634          0.001
      25308.869      23523.216     974532.210          0.001
      24698.656      22308.913     974820.634          0.001
      26060.763      22632.432     974742.894          0.002
      26247.838      22676.865    1731816.529          0.001
      26204.997      23695.159     972711.515          0.001
      26247.838      22676.865    1731816.529          0.001
      27179.386      23089.827     973894.480          0.000
      26247.838      22676.865    1731816.529          0.001
      25356.970      23599.152    1739751.475          0.001
      27744.743      22363.083     974596.287          0.001
      29143.782      22311.226     974476.278          0.001
      27763.686      22507.188     974596.287          0.001
      28967.115      23222.560     974026.421          0.002
      29354.359      22303.420    1264433.459          0.001
      30033.955      23063.335     974370.848          0.000
      29354.359      22303.420    1264433.459          0.001
      29195.751      23358.471    1302637.620          0.002
      32083.661      22490.267     975120.147          0.002
      33477.206      22355.980     975824.562          0.002
      32170.241      22887.835     975120.147          0.002
      33417.521      23522.990    1587960.218          0.001
      31499.973      22546.513    2128368.957          0.001
      30618.606      23058.374     974370.848          0.000
      33495.318      22354.235    1045760.611          0.002
      33417.521      23522.990    1587960.218          0.001
      34462.105      22550.319     976397.358          0.001
      35332.884      23646.560     975030.265          0.001
      34390.137      22459.717    2555580.688          0.001
      34646.478      23522.971     975836.851          0.000
      34390.137      22459.717    2555580.688          0.001
      35777.020      22272.426     976000.206          0.001
      34362.364      22490.078     976397.358          0.001
      33417.521      23522.990    1587960.218          0.001
      36352.044      22194.773    2749984.862          0.000
      36495.299      23204.413     973340.543          0.001
      36136.781      22524.241     976000.206          0.001
      35371.628      23695.335    2248117.449          0.000
      36691.946      22568.308     976000.206          0.001
      37633.722      23603.276    1374640.499          0.001
      36352.044      22194.773    2749984.862          0.000
      37363.681      22323.311     978699.694          0.001
      38257.910      22797.767     978699.694          0.000
      37633.722      23603.276    1374640.499          0.001
      39623.284      22490.175    1952846.539          0.001
      39618.895      23509.583     972317.539          0.001
      39308.444      23136.800     979491.808          0.002
      38695.652      24395.362    1185761.807          0.001
      39623.284      22490.175    1952846.539          0.001
      40645.838      23418.628    1739706.422          0.001
      39524.016      22568.749     979491.808          0.001
      38426.280      23437.642     977021.749          0.001
      41638.859      22587.085    1586334.202          0.001
      42442.430      23701.380    1759481.243          0.002
      41640.224      22587.115     979560.012          0.001
      43039.866      22618.755     978706.412          0.001
      41638.859      22587.085    1586334.202          0.001
      40645.838      23418.628    1739706.422          0.001
      43467.001      22764.047     978706.412          0.001
      43748.292      24135.498     973632.873          0.001
      43416.920      22651.620     978706.412          0.001
      42464.439      23677.670     976080.040          0.002
      43439.052      22627.779    2116839.653          0.001
      44364.428      23401.596     929675.358          0.001
      45614.378      23115.214     977776.199          0.001
      46497.595      23624.136    1702910.203          0.001
      45642.998      22490.344     977776.199          0.001
      46661.857      22517.165    1399696.270          0.001
      47311.665      22530.897     976151.412          0.002
      48711.353      22560.475     975741.076          0.002
      46661.857      22517.165    1399696.270          0.001
      47586.148      22948.031     974164.907          0.001
      46661.857      22517.165    1399696.270          0.001
      46497.595      23624.136    1702910.203          0.001
      48755.360      22561.405     973310.363          0.002
      48378.283      23317.291    3717103.976          0.000
      49603.134      22675.689    2323160.065          0.001
      48700.022      23148.757     974164.907          0.000
      49586.478      22971.474     975391.241          0.001
      49507.768      24369.260     971614.508          0.002
      49603.134      22675.689    2323160.065          0.001
      50530.913      23390.275    1086448.718          0.001
      51888.059      22391.101   17438893.019          0.000
      51731.397      23782.157     970492.167          0.001
      51351.498      22786.135     976636.593          0.001
      50530.913      23390.275    1086448.718          0.001
      51888.059      22391.101   17438893.019          0.000
      52883.798      23336.449    2343896.975          0.000
      52525.096      22431.623     976636.593          0.001
      53541.801      22496.295    1112000.355          0.001
      53541.801      22496.295    1112000.355          0.001
      54586.131      23314.881     995424.630          0.001
      53541.801      22496.295    1112000.355          0.001
      52913.751      23298.203     973072.949          0.000
      55414.774      22846.722     975058.858          0.001
      54815.309      24111.887     970566.275          0.001
      55521.468      22621.545    5983952.342          0.000
      56348.073      23216.871     971520.522          0.001
      55951.332      22587.648     975058.858          0.001
      57346.999      22477.595     974074.918          0.002
      55521.468      22621.545    5983952.342          0.000
      54586.131      23314.881     995424.630          0.001
      57777.097      22443.681    1028303.453          0.002
      58547.091      23111.134     970276.682          0.001
      57777.097      22443.681    1028303.453          0.002
      57071.913      23179.079     971520.522          0.000
      58889.730      22323.582    4123692.841          0.001
      59963.202      22401.756     972039.655          0.001
      61526.126      22374.972     972039.655          0.001
      62542.463      22303.176    1953535.844          0.001
      60334.715      22575.968     972039.655          0.000
      59146.649      23316.574     970276.682          0.000
      62542.463      22303.176    1953535.844          0.001
      62894.239      23657.915     967347.705          0.001
      62439.893      22383.304     971059.901          0.001
      61336.635      23245.176     969002.353          0.002
      62542.463      22303.176    1953535.844          0.001
      63301.395      22982.174     968035.878          0.000
      64992.023      22549.383    1309952.861          0.001
      64076.438      22995.686     968035.878          0.001
      64960.367      22897.032     968254.175          0.002
      64833.413      24291.264     964056.534          0.001
      64992.023      22549.383    1309952.861          0.001
      65987.542      23304.536    1677520.324          0.002
      67606.939      22241.808    1177325.851          0.001
      67731.035      23252.916     961583.509          0.000
      67606.939      22241.808    1177325.851          0.001
      68944.934      22652.740     961906.533          0.001
      67382.708      22388.960     965472.407          0.001
      66212.240      23157.078     965375.034          0.002
      68981.267      22663.899    1714760.799          0.001
      69985.726      23456.116    1244944.843          0.001
      69395.256      22584.649     961906.533          0.002
      70769.959      22321.487    2023178.040          0.001
      70769.959      22321.487    2023178.040          0.001
      69985.726      23456.116    1244944.843          0.001
      71230.454      22357.546     957782.338          0.001
      72626.182      22466.839     947345.100          0.001
      73087.182      22502.937    1817940.286          0.001
      73083.439      23591.344     863618.087          0.001
      73251.991      22504.741     947345.100          0.001
      74651.907      22520.064     936197.535          0.002
      73087.182      22502.937    1817940.286          0.001
      72131.470      22856.785     953244.846          0.001
      74816.103      22521.861    1808226.246          0.001
      76186.421      22586.861     915131.182          0.003
      74816.103      22521.861    1808226.246          0.001
      74079.825      23226.357     939723.963          0.000
      77039.025      22627.303    2445431.008          0.002
      76878.827      23597.696    1153347.457          0.002
      76373.836      22872.212     915131.182          0.003
      75088.021      23345.622    3646587.712          0.001
      77039.025      22627.303    2445431.008          0.002
      77823.380      22573.770     895532.262          0.002
      78758.345      22509.958    2374761.078          0.001
      79578.991      23144.073     881712.125          0.001
      78417.968      22894.173     895532.262          0.001
      77793.704      23598.836    4840843.414          0.001
       1650.123      24571.111     889544.978          0.002
       2229.545      25267.597    1470780.766          0.002
        830.802      23586.258    3345254.746          0.000
        134.135      24343.918     878801.724          0.000
       1917.560      23957.400     901884.020          0.002
       2229.545      25267.597    1470780.766          0.002
       2161.529      23780.204     901884.020          0.002
       3117.882      24394.148    3682939.600          0.001
       4233.938      23599.819    1588121.589          0.002
       4151.840      24615.553     920146.796          0.001
       4233.938      23599.819    1588121.589          0.002
       5112.969      24616.551    1100389.941          0.001
       4540.282      23571.060     927236.614          0.002
       5934.153      23440.202     941470.397          0.001
       6844.372      23690.071     941470.397          0.001
       8115.594      24276.063    1447667.378          0.001
       6154.579      23502.848     941470.397          0.001
       5198.277      24525.339     930135.852          0.001
       6755.125      23487.016     941470.397          0.001
       8139.962      23690.076    3961320.011          0.000
       9145.865      24452.849     953620.706          0.001
       9234.692      25468.414    1489248.810          0.001
       8945.732      23684.944     953620.706          0.000
       8115.594      24276.063    1447667.378          0.001
      11356.183      23431.936    7528676.080          0.001
      11909.532      24376.159    1145053.162          0.002
      11191.850      23573.119     962013.310          0.001
      10130.247      24485.174    1583199.721          0.001
      12432.665      24147.855     964272.330          0.002
      13212.393      25310.478    1868130.981          0.001
      12539.851      23598.034     964272.330          0.001
      13922.161      23376.179     969875.973          0.001
      12946.124      23983.401     964272.330          0.002
      14255.286      24478.915    1834507.368          0.002
      14669.540      23347.087     969875.973          0.001
      16058.716      23520.833     972088.926          0.001
      16100.908      23526.110    1292193.078          0.001
      16326.704      24275.496    1434995.729          0.001
      15799.957      23681.477     972088.926          0.002
      14555.950      24323.697     969488.672          0.002
      17073.719      23681.033     972446.881          0.001
      17166.721      25077.940     969471.252          0.001
      17193.271      23499.710     972446.881          0.001
      18276.494      24386.631     972521.297          0.001
      17054.058      23385.725    3495758.676          0.000
      16326.704      24275.496    1434995.729          0.001
      17774.034      23457.488     972446.881          0.001
      19167.131      23596.346     973591.081          0.001
      19459.609      23584.064     973591.081          0.001
      20849.780      23418.467     973942.661          0.002
      19270.234      23606.622    1306120.163          0.001
      18415.134      24500.146    1438183.157          0.001
      21063.362      23393.025    1928448.439          0.001
      21473.481      24633.379    1477385.595          0.001
      21063.362      23393.025    1928448.439          0.001
      20207.089      23945.869     971450.005          0.001
      21424.370      23383.456     973942.661          0.002
      22823.878      23346.361     974781.315          0.001
      23184.200      23336.810    2463265.390          0.000
      23122.528      24290.309    2155798.658          0.000
      23200.546      23353.318     974781.315          0.001
      24185.584      24348.154     971925.984          0.001
      22886.482      23562.453     974781.315          0.001
      21770.732      24408.090     971134.154          0.002
      23575.379      23384.041     974781.315          0.001
      24965.284      23551.860     974532.210          0.001
      25356.970      23599.152    1739751.475          0.001
      24499.143      24664.832    1906838.198          0.001
      27841.431      23638.174     973894.480          0.000
      28421.185      24476.237    4023734.537          0.001
      28178.353      23302.889     973894.480          0.001
      29195.751      23358.471    1302637.620          0.002
      27416.051      23414.004     973894.480          0.000
      26343.127      24313.356     972711.515          0.000
      29195.751      23358.471    1302637.620          0.002
      30212.209      23284.896     974370.848          0.000
      29365.502      23516.076     974026.421          0.002
      30391.476      24468.640     973396.448          0.001
      30317.857      23636.815     974370.848          0.000
      30561.497      24626.496    1435285.616          0.001
      30255.291      23283.823     974370.848          0.000
      31274.460      23295.486    3514996.822          0.001
      32025.749      23375.242     975075.733          0.001
      33417.521      23522.990    1587960.218          0.001
      31248.492      23343.964     975075.733          0.001
      30587.439      24578.066     973396.448          0.001
      33417.521      23522.990    1587960.218          0.001
      33432.091      24709.818    1882420.630          0.001
      33417.521      23522.990    1587960.218          0.001
      32484.737      23932.097     974018.124          0.001
      34173.317      24010.155     975836.851          0.001
      33432.091      24709.818    1882420.630          0.001
      34737.751      23642.314     975836.851          0.000
      35445.478      24375.518    1110923.856          0.001
      35371.628      23695.335    2248117.449          0.000
      36306.171      24101.064     973340.543          0.000
      37572.834      23883.306     976220.287          0.002
      37275.376      25251.340     973018.317          0.001
      37633.722      23603.276    1374640.499          0.001
      38695.652      24395.362    1185761.807          0.001
      37633.722      23603.276    1374640.499          0.001
      36779.468      24158.857     973340.543          0.000
      38326.986      23516.236    2145902.284          0.001
      38695.652      24395.362    1185761.807          0.001
      40645.838      23418.628    1739706.422          0.001
      41154.115      24301.820     972609.138          0.000
      40852.630      23451.174     977871.965          0.001
      42235.608      23668.830     976080.040          0.002
      40645.838      23418.628    1739706.422          0.001
      40002.493      24209.635     972317.539          0.001
      42474.034      23895.979     976080.040          0.002
      42698.463      25277.873     971611.895          0.001
      42442.430      23701.380    1759481.243          0.002
      41625.457      24310.265     972609.138          0.000
      44364.428      23401.596     929675.358          0.001
      44705.520      24361.524     972003.781          0.000
      44364.428      23401.596     929675.358          0.001
      45756.632      23546.836     974400.549          0.002
      44364.428      23401.596     929675.358          0.001
      43776.284      24271.975    3897337.378          0.001
      46497.595      23624.136    1702910.203          0.001
      47375.870      24624.579    1655344.774          0.001
      46497.595      23624.136    1702910.203          0.001
      47504.207      23459.901     974164.907          0.001
      46497.595      23624.136    1702910.203          0.001
      45620.978      24144.195     972003.781          0.001
      48841.931      23878.660     974164.907          0.001
      49491.132      24664.692    1822914.113          0.002
      47996.515      23815.170     974164.907          0.001
      47375.870      24624.579    1655344.774          0.001
      50530.913      23390.275    1086448.718          0.001
      51199.565      24158.818     970492.167          0.001
      50453.664      23484.956     973712.091          0.001
      49568.623      24569.715     971614.508          0.002
      53020.609      23513.829     973072.949          0.000
      53642.758      24320.466     928853.111          0.002
      53567.445      23327.787     973072.949          0.001
      54586.131      23314.881     995424.630          0.001
      52739.977      23488.261     973072.949          0.000
      51777.140      24504.601     970492.167          0.000
      54586.131      23314.881     995424.630          0.001
      54708.615      24337.064    2675739.935          0.001
      54586.131      23314.881     995424.630          0.001
      53642.758      24320.466     928853.111          0.002
      57146.037      23498.713     971520.522          0.000
      58545.477      23459.090     970276.682          0.000
      57724.846      23915.550     971520.522          0.001
      58664.877      24308.748    1936654.329          0.001
      55653.023      23955.237     971520.522          0.001
      54708.615      24337.064    2675739.935          0.001
      59717.795      23568.146     970276.682          0.001
      60725.165      23722.860    2140384.298          0.001
      61111.439      23713.265     969002.353          0.001
      62511.007      23678.498     967347.705          0.001
      60725.165      23722.860    2140384.298          0.001
      60795.350      24739.792    1325299.444          0.001
      60725.165      23722.860    2140384.298          0.001
      61707.543      23992.646     965833.643          0.001
      60368.013      23824.424     969002.353          0.001
      59021.403      24207.362     968898.632          0.001
      62897.093      23668.907     906189.447          0.001
      63584.516      23235.475    3589115.947          0.000
      63759.522      24277.650     968035.878          0.001
      63928.200      25282.142    1249498.775          0.001
      63584.516      23235.475    3589115.947          0.000
      62715.162      24269.363    3917361.677          0.000
      64068.153      23666.094     968035.878          0.001
      64828.680      24343.249    1505047.273          0.001
      65987.542      23304.536    1677520.324          0.002
      67000.108      23417.061     961583.509          0.001
      65987.542      23304.536    1677520.324          0.002
      66935.391      24236.019    1803471.327          0.001
      65871.180      23408.833     965375.034          0.002
      64828.680      24343.249    1505047.273          0.001
      68967.588      23476.974     961583.509          0.001
      69985.726      23456.116    1244944.843          0.001
      69985.726      23456.116    1244944.843          0.001
      70048.887      24473.014     951464.084          0.000
      69985.726      23456.116    1244944.843          0.001
      68798.072      24196.057     957472.070          0.002
      71155.598      23394.961     953244.846          0.000
      71984.416      24523.261     943686.931          0.000
      70949.406      23410.851     953244.846          0.000
      70168.889      24573.087     951464.084          0.000
      72077.959      23425.200     953244.846          0.001
      73083.439      23591.344     863618.087          0.001
      73083.439      23591.344     863618.087          0.001
      73885.056      24669.602    1590964.224          0.001
      73083.439      23591.344     863618.087          0.001
      72388.640      24337.071     943686.931          0.000
      75115.819      23375.542     931544.423          0.001
      76068.739      24401.185     920828.898          0.001
      74957.260      23489.537     931544.423          0.001
      74015.799      24525.707     935019.483          0.001
      75088.021      23345.622    3646587.712          0.001
      76443.330      23536.395     915203.558          0.002
      76878.827      23597.696    1153347.457          0.002
      77809.586      24388.788     900971.373          0.002
      76878.827      23597.696    1153347.457          0.002
      76096.409      24430.967    1485792.462          0.001
      77793.704      23598.836    4840843.414          0.001
      78018.125      24566.035    1285391.708          0.002
      78655.542      24213.329     881712.125          0.002
      78018.125      24566.035    1285391.708          0.002
       1547.708      25029.731     878801.724          0.002
       2229.545      25267.597    1470780.766          0.002
       3117.882      24394.148    3682939.600          0.001
       2265.095      25232.644     901023.070          0.002
       5112.969      24616.551    1100389.941          0.001
       6008.585      25413.813     808372.340          0.001
       5112.969      24616.551    1100389.941          0.001
       4364.828      25308.236     920146.796          0.000
       6125.902      24401.567     938217.137          0.000
       6008.585      25413.813     808372.340          0.001
       7098.229      24325.432     938217.137          0.001
       8115.594      24276.063    1447667.378          0.001
       8115.594      24276.063    1447667.378          0.001
       9073.406      25296.571     953049.252          0.001
       8119.617      24329.306     949142.858          0.001
       8225.104      25725.326     949626.110          0.001
       8115.594      24276.063    1447667.378          0.001
       7134.403      25078.373     940875.037          0.001
      10130.247      24485.174    1583199.721          0.001
      10137.807      25884.924     956130.935          0.001
      10130.247      24485.174    1583199.721          0.001
      11527.147      24399.587     963406.806          0.002
      10130.247      24485.174    1583199.721          0.001
      10965.257      25068.229     960311.774          0.000
      10130.247      24485.174    1583199.721          0.001
       9234.692      25468.414    1489248.810          0.001
      11909.532      24376.159    1145053.162          0.002
      11392.703      25254.349     960311.774          0.000
      12074.931      24494.772     963406.806          0.002
      13212.393      25310.478    1868130.981          0.001
      14255.286      24478.915    1834507.368          0.002
      15304.270      25328.036    1549623.124          0.001
      14594.317      24445.621     969488.672          0.002
      15987.614      24308.796     972269.070          0.002
      14255.286      24478.915    1834507.368          0.002
      13212.393      25310.478    1868130.981          0.001
      16303.218      24299.674     972269.070          0.001
      15327.734      25303.880     968432.803          0.001
      16326.704      24275.496    1434995.729          0.001
      17186.353      25372.828    1805064.017          0.001
      18415.134      24500.146    1438183.157          0.001
      18993.350      25583.770    3375732.079          0.000
      18371.556      24531.096     972521.297          0.001
      17230.128      25341.739     969471.252          0.001
      20454.474      24649.269     971450.005          0.001
      21473.481      24633.379    1477385.595          0.001
      19159.984      24723.680     971450.005          0.000
      20305.209      25528.949     967522.279          0.000
      21473.481      24633.379    1477385.595          0.001
      22270.487      25267.874     968140.070          0.000
      21473.481      24633.379    1477385.595          0.001
      20704.244      25301.689     967522.279          0.000
      21473.481      24633.379    1477385.595          0.001
      22470.364      24425.986     973009.759          0.001
      23516.305      24397.440     973009.759          0.000
      24499.143      24664.832    1906838.198          0.001
      23354.800      24568.199     973009.759          0.000
      24252.315      25641.983   12183512.813          0.000
      23122.528      24290.309    2155798.658          0.000
      22475.901      25431.403    2102248.681          0.000
      24499.143      24664.832    1906838.198          0.001
      24926.818      25745.540     968825.850          0.001
      25148.179      24951.636     971925.984          0.001
      26428.506      25517.404    1255022.840          0.001
      24499.143      24664.832    1906838.198          0.001
      25510.632      24538.619     972711.515          0.001
      27401.960      24467.049     972711.515          0.001
      28421.185      24476.237    4023734.537          0.001
      28925.397      24757.394     972780.443          0.001
      30147.613      25438.923    1733793.648          0.001
      28793.207      24502.354     972780.443          0.001
      30189.769      24600.399     973396.448          0.001
      27699.887      24853.112     972780.443          0.001
      26459.054      25501.443     970577.380          0.001
      30561.497      24626.496    1435285.616          0.001
      30147.613      25438.923    1733793.648          0.001
      30945.033      24805.333     974018.124          0.001
      30147.613      25438.923    1733793.648          0.001
      31916.810      24888.509     974018.124          0.001
      32549.228      25687.221    1544128.044          0.001
      32429.319      24529.973     974018.124          0.001
      33432.091      24709.818    1882420.630          0.001
      33764.550      24654.617     973517.595          0.002
      35145.642      24425.302     973304.163          0.001
      33848.679      24897.604     973517.595          0.002
      35125.000      25472.934     973233.516          0.002
      33432.091      24709.818    1882420.630          0.001
      32549.228      25687.221    1544128.044          0.001
      35445.478      24375.518    1110923.856          0.001
      35529.003      25655.047    2181197.932          0.001
      35445.478      24375.518    1110923.856          0.001
      36458.477      24267.188     973340.543          0.000
      36737.540      24400.446     973340.543          0.000
      37271.789      25267.838    2093003.484          0.001
      36161.355      24856.228     973340.543          0.001
      35529.003      25655.047    2181197.932          0.001
      38695.652      24395.362    1185761.807          0.001
      38551.419      25409.168     972624.869          0.001
      38580.521      24465.909     973289.585          0.001
      37386.799      25197.365     973018.317          0.002
      39740.491      24652.330     972317.539          0.000
      40722.985      24379.443    2413781.764          0.000
      40722.985      24379.443    2413781.764          0.000
      40514.989      25677.946    2996309.809          0.001
      41872.811      24922.266     972609.138          0.001
      42730.178      25473.151    2055890.468          0.001
      41097.537      24842.495     972609.138          0.000
      40514.989      25677.946    2996309.809          0.001
      43783.375      24281.411     973632.873          0.001
      44624.433      25400.617     970388.736          0.001
      43713.014      24344.624     973632.873          0.001
      42793.560      25400.373     971611.895          0.001
      45041.163      24757.550     972003.781          0.000
      46278.699      25412.153     969421.857          0.000
      45719.245      24513.615     972003.781          0.001
      46730.396      24384.800    2334492.962          0.001
      46730.396      24384.800    2334492.962          0.001
      47375.870      24624.579    1655344.774          0.001
      47456.579      24700.372     971444.154          0.001
      48476.797      25658.450    1225409.751          0.001
      48091.790      24638.155     971444.154          0.002
      49491.132      24664.692    1822914.113          0.002
      49491.132      24664.692    1822914.113          0.002
      50509.881      24660.972     970492.167          0.001
      49484.031      24671.649     971614.508          0.002
      48483.990      25651.403     969738.587          0.001
      52911.473      25045.505     970492.167          0.001
      53886.106      25341.749    1632696.851          0.001
      52638.151      24488.613     970492.167          0.001
      53642.758      24320.466     928853.111          0.002
      50433.116      25115.005     970492.167          0.001
      49481.386      25478.424    3065620.927          0.001
      53642.758      24320.466     928853.111          0.002
      53886.106      25341.749    1632696.851          0.001
      54947.552      24360.775     970566.275          0.001
      56340.709      24499.025     969260.492          0.001
      54708.615      24337.064    2675739.935          0.001
      53886.106      25341.749    1632696.851          0.001
      56925.553      24487.224     969260.492          0.001
      58318.240      24344.318     968898.632          0.001
      56579.558      24522.727    1360693.226          0.001
      56822.973      25654.343    1131558.216          0.001
      56579.558      24522.727    1360693.226          0.001
      57457.905      25037.963     967309.663          0.000
      56579.558      24522.727    1360693.226          0.001
      55666.771      24976.389     969141.262          0.001
      58808.205      24448.063     968898.632          0.001
      59812.107      25423.860     965115.326          0.001
      59043.816      24385.416     968898.632          0.001
      60416.013      24663.043     966630.795          0.002
      58664.877      24308.748    1936654.329          0.001
      58017.620      25094.972     967309.663          0.000
      60795.350      24739.792    1325299.444          0.001
      59955.280      25563.025    1008826.572          0.001
      60795.350      24739.792    1325299.444          0.001
      61784.903      24497.313     965833.643          0.001
      62651.276      24366.747     965833.643          0.000
      61883.340      25537.335     963175.104          0.000
      63146.182      24629.227     965833.643          0.001
      63928.200      25282.142    1249498.775          0.001
      64828.680      24343.249    1505047.273          0.001
      66226.734      24272.089     961087.303          0.002
      64828.680      24343.249    1505047.273          0.001
      63928.200      25282.142    1249498.775          0.001
      66929.047      24311.720     961087.303          0.001
      66812.174      25706.386     986895.023          0.001
      66935.391      24236.019    1803471.327          0.001
      66083.364      24795.544     960974.996          0.001
      66935.391      24236.019    1803471.327          0.001
      67472.029      25102.903     957590.475          0.000
      66935.391      24236.019    1803471.327          0.001
      68058.958      24656.546    1646160.071          0.001
      68058.958      24656.546    1646160.071          0.001
      69077.908      24692.935     951464.084          0.001
      68658.592      24920.762     957472.070          0.002
      69939.140      25485.007    1649039.719          0.001
      68058.958      24656.546    1646160.071          0.001
      67713.205      25492.500    4953705.284          0.000
      70376.327      24717.937     951464.084          0.000
      71775.571      24671.951     943686.931          0.000
      70712.780      24951.806     951464.084          0.001
      71675.944      25284.178    1576682.823          0.001
      72865.824      24665.150     943686.931          0.001
      73885.056      24669.602    1590964.224          0.001
      72086.141      24661.744    4535440.113          0.000
      73238.351      25456.332     934984.182          0.001
      73885.056      24669.602    1590964.224          0.001
      74839.091      25027.207     920292.379          0.001
      74295.073      24625.356     935019.483          0.001
      75686.992      24475.149     920828.898          0.001
      73885.056      24669.602    1590964.224          0.001
      73698.040      25671.205     934984.182          0.000
      76096.409      24430.967    1485792.462          0.001
      77194.679      24957.683     899361.800          0.002
      76096.409      24430.967    1485792.462          0.001
      77314.978      24516.615     900971.373          0.002
      78018.125      24566.035    1285391.708          0.002
      78027.947      25357.307    1724215.992          0.002
      78688.839      25066.579     879624.868          0.002
      78027.947      25357.307    1724215.992          0.002
       1546.542      26270.795     877205.300          0.002
       2207.159      26595.687    1623525.005          0.002
       2229.545      25267.597    1470780.766          0.002
       2207.159      26595.687    1623525.005          0.002
       2229.545      25267.597    1470780.766          0.002
       3441.623      25470.903     920146.796          0.001
       4993.257      25499.462     920146.796          0.001
       6008.585      25413.813     808372.340          0.001
       5032.499      26107.609     920146.796          0.001
       5923.986      26601.192    2335838.419          0.002
       3273.486      26013.858     920146.796          0.001
       2207.159      26595.687    1623525.005          0.002
       6008.585      25413.813     808372.340          0.001
       5923.986      26601.192    2335838.419          0.002
       7272.046      25617.209     940875.037          0.001
       8275.485      26392.058    2675099.424          0.001
       9234.692      25468.414    1489248.810          0.001
      10141.163      26506.350    2228589.949          0.001
       9234.692      25468.414    1489248.810          0.001
       8275.485      26392.058    2675099.424          0.001
      12193.829      25323.301     960311.774          0.001
      13212.393      25310.478    1868130.981          0.001
      11618.609      25809.824     960311.774          0.001
      12125.127      26693.448    1856773.714          0.001
      10892.906      25774.766     960311.774          0.001
      10141.163      26506.350    2228589.949          0.001
      13101.114      25452.022     965285.752          0.001
      12235.845      26552.618     960896.686          0.001
      13558.796      25313.385     965285.752          0.001
      14958.746      25325.136     968432.803          0.001
      15304.270      25328.036    1549623.124          0.001
      15441.012      26346.460     919797.446          0.001
      15304.270      25328.036    1549623.124          0.001
      14405.591      25808.304     962066.956          0.001
      16237.694      25711.717    9410257.400          0.000
      15441.012      26346.460     919797.446          0.001
      17186.353      25372.828    1805064.017          0.001
      17201.633      26469.252    2435875.320          0.001
      17394.497      25397.126     969471.252          0.001
      18785.054      25559.455     968100.454          0.001
      18993.350      25583.770    3375732.079          0.000
      20012.314      25582.740     967522.279          0.000
      18724.892      25716.445     968100.454          0.001
      17469.800      26336.722     967063.531          0.001
      20888.482      26446.320     967522.279          0.001
      21404.379      27324.908    2145440.928          0.001
      19920.473      25963.784     967522.279          0.001
      19135.659      26613.530    1571136.081          0.001
      20676.451      25786.296     967522.279          0.000
      21514.689      26365.221     587838.107          0.002
      21089.979      25317.210    2080759.729          0.001
      21514.689      26365.221     587838.107          0.002
      21089.979      25317.210    2080759.729          0.001
      22105.357      25400.872     968140.070          0.000
      22475.901      25431.403    2102248.681          0.000
      22195.843      26289.716    2140713.215          0.001
      22669.064      25454.301     968140.070          0.000
      24059.330      25619.106     968334.016          0.000
      22245.174      25655.554     968140.070          0.000
      21514.689      26365.221     587838.107          0.002
      24252.315      25641.983   12183512.813          0.000
      24470.810      26601.238    1564638.235          0.001
      23167.401      25983.702     968334.016          0.001
      22195.843      26289.716    2140713.215          0.001
      26428.506      25517.404    1255022.840          0.001
      27409.503      26308.002    1575746.914          0.001
      26428.506      25517.404    1255022.840          0.001
      27446.643      25555.250     971217.012          0.001
      26428.506      25517.404    1255022.840          0.001
      25427.066      26106.647     968825.850          0.001
      29131.770      25512.047     971217.012          0.001
      30147.613      25438.923    1733793.648          0.001
      28769.841      26087.272     971217.012          0.001
      29552.930      26738.561    1494314.016          0.000
      30141.528      25452.221     972274.035          0.001
      29559.009      26725.277     971883.322          0.001
      30147.613      25438.923    1733793.648          0.001
      31410.413      26042.226     972344.947          0.003
      30316.191      25456.352     972274.035          0.001
      31708.768      25600.327     972445.014          0.002
      32549.228      25687.221    1544128.044          0.001
      33421.965      26474.991    3068900.359          0.001
      32549.228      25687.221    1544128.044          0.001
      32213.697      26425.996    2065450.638          0.002
      34417.611      25694.854     972555.557          0.001
      35529.003      25655.047    2181197.932          0.001
      35521.031      25790.636     973233.516          0.001
      35438.855      27188.222     972388.750          0.001
      35717.124      25613.251     973233.516          0.001
      37083.799      25309.605     973018.317          0.002
      35529.003      25655.047    2181197.932          0.001
      36275.227      26553.973    1439477.332          0.001
      37202.204      25357.643     973018.317          0.001
      36344.707      26464.304     972890.861          0.001
      37390.199      25413.139     973018.317          0.002
      38274.619      26498.405     972769.899          0.001
      39653.935      25981.869     972624.869          0.002
      40593.319      26389.504    1922132.715          0.001
      39495.194      25585.068     972624.869          0.001
      40514.989      25677.946    2996309.809          0.001
      40514.989      25677.946    2996309.809          0.001
      41736.776      25524.618    3331090.001          0.001
      41742.612      25534.225     971909.075          0.001
      42469.506      26730.730     970214.232          0.001
      41709.418      25545.312     971909.075          0.001
      40593.319      26389.504    1922132.715          0.001
      42730.178      25473.151    2055890.468          0.001
      43583.631      26029.275     968567.489          0.001
      43131.601      25459.750     971611.895          0.002
      44530.822      25413.042     970388.736          0.001
      42730.178      25473.151    2055890.468          0.001
      42475.460      26740.530    1321853.152          0.001
      44631.251      25409.689    1054352.688          0.001
      44564.542      26425.987     968567.489          0.000
      44631.251      25409.689    1054352.688          0.001
      45647.624      25479.693     969421.857          0.001
      47460.078      25596.791     969421.857          0.001
      48476.797      25658.450    1225409.751          0.001
      46519.975      25539.777    9302865.041          0.000
      45302.813      26230.740     968567.489          0.001
      48476.797      25658.450    1225409.751          0.001
      49481.386      25478.424    3065620.927          0.001
      48391.122      25704.146     969738.587          0.001
      47155.846      26363.003     968228.367          0.002
      49481.386      25478.424    3065620.927          0.001
      48813.202      26247.892     968690.425          0.000
      49845.813      25510.630     969923.909          0.001
      51240.378      25633.872     970146.439          0.001
      52569.367      26115.997     970146.439          0.002
      53838.063      26707.953     969089.714          0.001
      52052.948      25602.431     970146.439          0.001
      53439.004      25405.329     969689.316          0.001
      51605.156      25666.109    1985920.852          0.001
      51505.099      26290.695     888764.345          0.001
      51605.156      25666.109    1985920.852          0.001
      50438.724      26096.175     968815.105          0.001
      53886.106      25341.749    1632696.851          0.001
      53857.840      26717.181    2048038.086          0.001
      55815.493      25494.676     969141.262          0.001
      56822.973      25654.343    1131558.216          0.001
      56822.973      25654.343    1131558.216          0.001
      57481.766      26685.604    1357254.974          0.001
      56734.824      25697.118     968060.232          0.001
      55476.218      26307.872    1528047.921          0.001
      58107.131      26029.013     967309.663          0.001
      58533.251      27361.806   11692138.101          0.000
      57750.550      25703.440     967309.663          0.000
      57481.766      26685.604    1357254.974          0.001
      58716.877      25692.776     967309.663          0.001
      59974.671      26306.727    4838554.419          0.000
      58946.113      25425.255     967309.663          0.001
      59955.280      25563.025    1008826.572          0.001
      59955.280      25563.025    1008826.572          0.001
      60973.415      25602.021     963175.104          0.001
      62923.313      25450.035     963175.104          0.001
      63928.200      25282.142    1249498.775          0.001
      61554.746      25730.959     963175.104          0.000
      60239.355      26210.278     963574.359          0.000
      61811.747      25742.133     963175.104          0.000
      61737.284      26758.013    1355689.777          0.001
      61819.642      25634.433    4857666.627          0.000
      62582.749      26379.797    2451017.815          0.001
      63797.797      25388.528     962409.057          0.001
      62713.006      26273.530     962087.948          0.001
      63928.200      25282.142    1249498.775          0.001
      63702.878      26276.141     961564.631          0.000
      65015.034      26635.645     960974.996          0.001
      64999.152      27654.322    1476866.139          0.001
      65801.106      25580.772     960974.996          0.001
      66812.174      25706.386     986895.023          0.001
      64849.371      25642.953     960974.996          0.000
      63787.113      26554.879     961564.631          0.000
      65255.110      25712.497     960974.996          0.000
      65967.405      26440.879    1469858.181          0.001
      66812.174      25706.386     986895.023          0.001
      65967.405      26440.879    1469858.181          0.001
      66812.174      25706.386     986895.023          0.001
      67753.876      26400.181    1574762.578          0.001
      68920.056      25488.438     957590.475          0.001
      69939.140      25485.007    1649039.719          0.001
      69939.140      25485.007    1649039.719          0.001
      69434.594      26370.057     953508.520          0.001
      69939.140      25485.007    1649039.719          0.001
      69994.471      26745.525    1422715.643          0.001
      70112.334      25464.980     952251.035          0.001
      71503.067      25304.168     945029.180          0.001
      69492.492      25672.060     952251.035          0.001
      68201.162      26212.861     956993.434          0.001
      71682.472      25315.942     945029.180          0.001
      71964.329      26687.276     943986.270          0.001
      71363.660      25555.581     945029.180          0.001
      70306.962      26473.943     950554.717          0.002
      71675.944      25284.178    1576682.823          0.001
      72666.963      25520.177     934984.182          0.001
      74760.626      26145.331     934984.182          0.001
      75720.937      26486.618    1092899.179          0.001
      74056.387      25696.508     934984.182          0.000
      75435.731      25456.901     920292.379          0.000
      72859.915      26221.801     934984.182          0.001
      71971.018      26719.822    1786008.337          0.001
      75870.495      25470.222     920292.379          0.000
      76712.286      26588.876     910847.679          0.000
      76726.845      25377.466     920292.379          0.001
      78027.947      25357.307    1724215.992          0.002
      78027.947      25357.307    1724215.992          0.002
      78680.842      25745.758     877045.892          0.002
      78027.947      25357.307    1724215.992          0.002
      77813.793      26580.838     926336.708          0.002
      78027.947      25357.307    1724215.992          0.002
      77127.342      26296.506     910847.679          0.001
       1231.461      27302.747     877759.570          0.002
       1991.890      27779.541    4781119.763          0.001
       2207.159      26595.687    1623525.005          0.002
       1999.935      27735.302     899552.801          0.001
       2901.121      26564.622     902339.271          0.002
       4161.425      26508.205    1221317.422          0.001
       2207.159      26595.687    1623525.005          0.002
       2812.450      27330.924    1641559.887          0.002
       4183.542      26540.637     922991.429          0.001
       4972.243      27697.154    1735998.639          0.001
       4343.261      26517.798     922991.429          0.001
       5741.316      26591.555     937501.344          0.002
       4161.425      26508.205    1221317.422          0.001
       3025.275      27201.126     909936.253          0.002
       5959.286      26635.120     937501.344          0.002
       6968.661      27605.255     943933.353          0.001
       5890.087      26640.228     937501.344          0.002
       4972.243      27697.154    1735998.639          0.001
       6739.645      26528.650     937501.344          0.002
       8134.141      26404.629     949626.110          0.001
       8273.226      26404.604     949626.110          0.001
       8025.208      27782.460     947004.241          0.002
       8295.248      26425.517     949626.110          0.001
       9007.272      27630.930     953504.907          0.001
       8139.672      26525.236     949626.110          0.001
       7140.072      27505.440     943933.353          0.001
      10141.163      26506.350    2228589.949          0.001
      10910.725      27458.925    1320408.108          0.002
      10731.686      26562.039     956130.935          0.001
      12125.127      26693.448    1856773.714          0.001
      10069.402      26580.965     956130.935          0.001
       9098.940      27590.026     953504.907          0.001
      12125.127      26693.448    1856773.714          0.001
      11429.250      27907.911     957952.245          0.001
      12125.127      26693.448    1856773.714          0.001
      13264.055      27457.426    1543435.722          0.001
      12125.127      26693.448    1856773.714          0.001
      10940.954      27439.870     959170.880          0.002
      13194.392      26455.588    8856821.834          0.000
      14491.455      26981.615     964474.461          0.001
      14422.659      26395.926     962066.956          0.001
      15441.012      26346.460     919797.446          0.001
      15805.522      26371.882     964687.527          0.001
      17201.633      26469.252    2435875.320          0.001
      17201.633      26469.252    2435875.320          0.001
      17142.059      27717.923    1646655.341          0.002
      17470.840      26489.335     967063.531          0.001
      18866.961      26593.485     968480.381          0.002
      17769.866      26839.761     967063.531          0.001
      18942.594      27604.423     968550.667          0.001
      17201.633      26469.252    2435875.320          0.001
      16272.607      26886.868     964474.461          0.001
      19601.888      26759.720     968480.381          0.002
      20937.757      27178.594     970032.319          0.001
      19135.659      26613.530    1571136.081          0.001
      18997.548      27640.255    1892986.347          0.001
      21514.689      26365.221     587838.107          0.002
      21404.379      27324.908    2145440.928          0.001
      22289.847      26421.874     967661.035          0.001
      23101.331      27562.704     970346.422          0.001
      22195.843      26289.716    2140713.215          0.001
      21404.379      27324.908    2145440.928          0.001
      22639.711      26350.497     967661.035          0.001
      24026.767      26540.433     969889.349          0.001
      24470.810      26601.238    1564638.235          0.001
      25176.725      27722.285    2337695.164          0.001
      24263.068      26779.362     969889.349          0.001
      23200.260      27690.647     970346.422          0.001
      26327.116      26911.727     968825.850          0.002
      27352.281      27458.412    1976479.266          0.002
      26247.469      26292.247     968825.850          0.002
      27409.503      26308.002    1575746.914          0.001
      28180.579      26462.891     970763.088          0.002
      29552.930      26738.561    1494314.016          0.000
      27409.503      26308.002    1575746.914          0.001
      27352.281      27458.412    1976479.266          0.002
      29552.930      26738.561    1494314.016          0.000
      29441.814      27771.253     985857.493          0.001
      29118.105      26880.796     971883.322          0.001
      27787.485      27316.053     971287.949          0.002
      30263.542      27320.220     971894.646          0.001
      30452.212      28321.868    6485163.309          0.001
      30483.954      27044.008     971894.646          0.000
      31198.844      27770.478    1491204.899          0.001
      31203.325      26560.744     971894.646          0.001
      32213.697      26425.996    2065450.638          0.002
      30002.849      26920.293     971894.646          0.000
      29441.814      27771.253     985857.493          0.001
      32127.854      26539.721     972344.947          0.002
      31284.405      27657.126     971522.977          0.001
      32390.831      26588.990     972344.947          0.002
      33421.046      27536.965     972266.532          0.001
      33421.965      26474.991    3068900.359          0.001
      34377.854      26726.866   13005957.585          0.000
      33421.965      26474.991    3068900.359          0.001
      33598.403      27700.164    2209028.630          0.001
      34537.256      26813.468     972338.198          0.000
      35432.298      27299.740    1639822.300          0.001
      34235.579      26904.525     972338.198          0.000
      33598.403      27700.164    2209028.630          0.001
      36634.775      26569.181     972890.861          0.001
      38033.524      26628.346     972769.899          0.002
      36275.227      26553.973    1439477.332          0.001
      35432.298      27299.740    1639822.300          0.001
      38744.827      26847.692     972769.899          0.002
      39955.829      27550.170     969540.321          0.001
      38797.650      26596.818     972769.899          0.002
      40188.412      26436.252     972186.303          0.002
      38392.900      26643.547    2518360.012          0.001
      38377.420      27805.785    1747604.475          0.001
      38392.900      26643.547    2518360.012          0.001
      37435.021      26991.950     972319.659          0.001
      40593.319      26389.504    1922132.715          0.001
      40308.188      27754.566    2064119.733          0.001
      40593.319      26389.504    1922132.715          0.001
      41437.248      26959.266     967735.192          0.001
      40593.319      26389.504    1922132.715          0.001
      41968.802      26646.037     970214.232          0.001
      42475.460      26740.530    1321853.152          0.001
      43493.511      26700.265     968567.489          0.001
      44155.553      26857.110     968567.489          0.000
      42905.571      27487.621     967735.192          0.000
      45482.673      27079.013     968567.489          0.001
      46411.033      27497.250    1048477.705          0.002
      45505.820      26678.535     968567.489          0.001
      46524.284      26699.858    1317662.971          0.001
      46524.284      26699.858    1317662.971          0.001
      47530.565      26536.283     968690.425          0.001
      46547.162      26718.158     968228.367          0.001
      47640.166      27592.439   13057191.547          0.000
      46524.284      26699.858    1317662.971          0.001
      46411.033      27497.250    1048477.705          0.002
      49013.437      26766.622     968690.425          0.001
      49574.736      27616.929    1308345.269          0.002
      49807.489      26328.913    6763427.989          0.000
      50846.942      26998.235     968647.463          0.001
      50262.468      26318.670     968815.105          0.001
      51505.099      26290.695     888764.345          0.001
      51993.088      26379.154     969718.163          0.002
      53370.639      26628.865     969089.714          0.002
      53857.840      26717.181    2048038.086          0.001
      53749.245      27507.544    1002008.554          0.002
      53857.840      26717.181    2048038.086          0.001
      54765.286      27380.597    2143487.694          0.001
      53988.334      26684.177     969089.714          0.001
      55345.598      26340.908     969090.361          0.001
      53857.840      26717.181    2048038.086          0.001
      52905.834      27079.002     968647.463          0.001
      55476.218      26307.872    1528047.921          0.001
      54765.286      27380.597    2143487.694          0.001
      55476.218      26307.872    1528047.921          0.001
      55483.311      27326.993     966733.141          0.000
      55790.724      26367.107     969090.361          0.001
      57166.534      26626.232     966049.080          0.001
      57481.766      26685.604    1357254.974          0.001
      57914.636      27629.182    1129345.303          0.001
      57481.766      26685.604    1357254.974          0.001
      56586.345      27172.855     966733.141          0.001
      60279.087      26885.295     963574.359          0.001
      60753.402      27786.771    1367088.103          0.002
      60750.472      26505.357     963574.359          0.001
      61737.284      26758.013    1355689.777          0.001
      59897.356      26989.485     963574.359          0.001
      59741.510      28365.745    6163104.367          0.001
      59818.273      26421.206     963574.359          0.000
      58688.573      27248.115     964418.709          0.000
      61737.284      26758.013    1355689.777          0.001
      61831.994      28154.349     962676.968          0.001
      61729.165      26766.501     962851.464          0.001
      60761.530      27778.273     964458.509          0.002
      61737.284      26758.013    1355689.777          0.001
      62880.485      27418.452    1808266.408          0.001
      62582.749      26379.797    2451017.815          0.001
      62880.485      27418.452    1808266.408          0.001
      64154.794      27084.000     961564.631          0.001
      64999.152      27654.322    1476866.139          0.001
      66285.005      26648.140     959445.488          0.002
      67457.440      27413.252     956784.002          0.002
      66160.722      26436.475     959445.488          0.002
      67560.359      26404.590     956993.434          0.001
      65919.958      26500.341     959445.488          0.001
      65046.761      27594.657     961298.018          0.001
      67753.876      26400.181    1574762.578          0.001
      68542.129      27045.570     953508.520          0.000
      67753.876      26400.181    1574762.578          0.001
      67775.183      27620.605    1880149.811          0.001
      70248.511      26742.222     950554.717          0.002
      71648.393      26724.018     943986.270          0.001
      69994.471      26745.525    1422715.643          0.001
      70884.548      27241.656     947520.389          0.000
      69994.471      26745.525    1422715.643          0.001
      69093.320      27220.576     953508.520          0.000
      71971.018      26719.822    1786008.337          0.001
      72838.453      27782.053    2237121.720          0.001
      72227.507      26692.700     943986.270          0.001
      73619.745      26545.480     934225.095          0.001
      73801.408      26609.216     934225.095          0.001
      72913.019      27691.235     941071.183          0.001
      73902.325      26536.366     934225.095          0.001
      75058.558      27325.748     926494.518          0.001
      74098.228      26514.557     934225.095          0.001
      75498.020      26490.456     920476.214          0.001
      75834.557      26599.634     920476.214          0.001
      76827.145      27586.938     909780.469          0.001
      75720.937      26486.618    1092899.179          0.001
      75084.898      27343.731    1665291.551          0.001
      75720.937      26486.618    1092899.179          0.001
      76725.207      26659.606     910847.679          0.000
      76771.513      26667.583    3436708.787          0.000
      77813.793      26580.838     926336.708          0.002
      77813.793      26580.838     926336.708          0.002
      78334.737      27224.586     888998.030          0.002
      77714.866      26707.651     899780.305          0.002
      76940.769      27699.957    1599045.889          0.001
      79559.614      26983.430     877045.892          0.001
      78784.524      27780.401    2394624.364          0.001
       1991.890      27779.541    4781119.763          0.001
       1980.499      28788.584    1016437.879          0.002
       1991.890      27779.541    4781119.763          0.001
       1209.972      28090.398     876820.103          0.001
       2813.470      27334.464     909936.253          0.002
       3192.896      28650.901    1429137.480          0.002
       3644.431      27472.001     909936.253          0.003
       4972.243      27697.154    1735998.639          0.001
       4972.243      27697.154    1735998.639          0.001
       5950.672      28140.776     940314.478          0.002
       4972.243      27697.154    1735998.639          0.001
       6371.292      27657.139     943933.353          0.002
       4972.243      27697.154    1735998.639          0.001
       3769.991      28341.573     910475.045          0.003
       7003.820      27639.047    1723761.504          0.001
       7925.686      28335.350    1389447.501          0.001
       8925.223      27944.909     953504.907          0.001
       8446.609      29260.556     944517.502          0.001
       9273.284      27637.759     953504.907          0.001
      10665.008      27485.761     959170.880          0.002
       9092.168      27707.273     953504.907          0.001
      10262.717      28475.268     956124.884          0.001
       9027.183      27664.637    2250791.091          0.001
       7925.686      28335.350    1389447.501          0.001
      10910.725      27458.925    1320408.108          0.002
      10327.812      28517.977    1645423.718          0.001
      13264.055      27457.426    1543435.722          0.001
      14280.295      27387.629     964474.461          0.001
      13264.055      27457.426    1543435.722          0.001
      13257.419      28479.675     978574.816          0.002
      13264.055      27457.426    1543435.722          0.001
      14427.614      28235.187     964198.109          0.002
      13264.055      27457.426    1543435.722          0.001
      12016.622      28091.983     957952.245          0.002
      15271.371      27708.083     964474.461          0.000
      15153.398      28720.324    4389535.256          0.001
      16146.888      27498.991     964474.461          0.001
      17142.059      27717.923    1646655.341          0.002
      17159.513      27963.924     966419.069          0.002
      17258.556      29359.905    2096231.789          0.001
      17599.502      27698.775     966419.069          0.002
      18997.548      27640.255    1892986.347          0.001
      17142.059      27717.923    1646655.341          0.002
      17875.363      28426.466     965948.575          0.000
      18997.548      27640.255    1892986.347          0.001
      19085.681      29036.949     965729.594          0.001
      18997.548      27640.255    1892986.347          0.001
      19836.813      28217.230     966681.734          0.001
      19171.013      27617.528     968550.667          0.001
      20559.149      27435.651     970032.319          0.001
      21406.836      27327.583     970032.319          0.001
      22353.785      28358.741     968165.691          0.001
      21404.379      27324.908    2145440.928          0.001
      20702.562      28063.270     966681.734          0.001
      23195.339      27694.866    1900730.579          0.001
      23110.973      28710.190     966352.669          0.001
      23306.546      27777.103     970346.422          0.001
      24432.198      28609.514     967996.183          0.001
      23195.339      27694.866    1900730.579          0.001
      24594.805      27714.232     970564.578          0.002
      23195.339      27694.866    1900730.579          0.001
      22356.196      28361.366    1116114.830          0.001
      25760.152      27910.624     970564.578          0.002
      27092.453      28340.712     969582.187          0.001
      25176.725      27722.285    2337695.164          0.001
      25418.169      28541.591    3510077.868          0.000
      25962.746      27626.948     970564.578          0.002
      27352.281      27458.412    1976479.266          0.002
      25176.725      27722.285    2337695.164          0.001
      24542.928      28691.399    1183201.984          0.001
      27352.281      27458.412    1976479.266          0.002
      28238.048      27962.421     970471.811          0.001
      27704.343      27511.122     971287.949          0.002
      29088.911      27718.417     971123.327          0.001
      29441.814      27771.253     985857.493          0.001
      30452.212      28321.868    6485163.309          0.001
      31198.844      27770.478    1491204.899          0.001
      31277.937      28776.675    3330310.178          0.001
      31360.490      27765.741     971522.977          0.001
      32759.890      27724.735     972266.532          0.001
      31198.844      27770.478    1491204.899          0.001
      32160.693      28106.189     972737.978          0.001
      34065.023      27598.279     972266.532          0.001
      35432.298      27299.740    1639822.300          0.001
      33598.403      27700.164    2209028.630          0.001
      34358.198      28610.523    2002906.575          0.001
      35432.298      27299.740    1639822.300          0.001
      34545.552      28381.885     973488.911          0.001
      35467.272      27341.919     972388.750          0.001
      36360.874      28419.637     973199.277          0.001
      37376.497      27612.704     972319.659          0.001
      38377.420      27805.785    1747604.475          0.001
      38643.292      27798.732     970832.498          0.001
      40042.799      27761.606     969540.321          0.001
      38377.420      27805.785    1747604.475          0.001
      38564.792      28665.307    1886574.709          0.001
      37724.773      28021.816     970832.498          0.002
      36395.773      28461.725    1958597.305          0.001
      40308.188      27754.566    2064119.733          0.001
      40494.024      28755.848     969750.930          0.001
      40308.188      27754.566    2064119.733          0.001
      41514.284      28464.060     968952.910          0.001
      40308.188      27754.566    2064119.733          0.001
      41325.983      27722.729     967735.192          0.001
      43528.775      28156.927     967735.192          0.001
      44798.487      28746.138    6244899.527          0.000
      43694.980      27664.015     967735.192          0.001
      44713.941      27645.408     794323.604          0.001
      42346.196      27831.471     967735.192          0.000
      41578.952      28502.101    1002653.696          0.001
      45016.879      27618.961     967352.005          0.001
      46411.033      27497.250    1048477.705          0.002
      44713.941      27645.408     794323.604          0.001
      44792.010      28661.823     968423.550          0.000
      46411.033      27497.250    1048477.705          0.002
      45605.640      28121.012     968423.550          0.001
      46411.033      27497.250    1048477.705          0.002
      46642.374      28435.117     986905.808          0.002
      48003.848      27782.429     968727.505          0.001
      49244.727      28430.672     970609.320          0.002
      47640.166      27592.439   13057191.547          0.000
      46642.374      28435.117     986905.808          0.002
      48067.275      27597.846     968727.505          0.001
      49467.163      27615.567     968964.384          0.002
      49574.736      27616.929    1308345.269          0.002
      50850.033      28193.017     970046.933          0.001
      49574.736      27616.929    1308345.269          0.002
      50592.550      27580.439     968647.463          0.001
      49574.736      27616.929    1308345.269          0.002
      49608.897      28620.917    2354885.188          0.001
      52731.067      27524.132     968647.463          0.001
      53749.245      27507.544    1002008.554          0.002
      53749.245      27507.544    1002008.554          0.002
      52487.509      28113.136     970046.933          0.002
      53749.245      27507.544    1002008.554          0.002
      53847.285      28688.160    1856920.741          0.001
      54651.466      27542.718     967707.608          0.001
      53847.285      28688.160    1856920.741          0.001
      56896.785      27688.795     966733.141          0.001
      57914.636      27629.182    1129345.303          0.001
      54736.136      28191.024     966733.141          0.001
      53847.285      28688.160    1856920.741          0.001
      57914.636      27629.182    1129345.303          0.001
      57688.412      28622.843     965514.177          0.000
      57081.157      28017.752     964806.578          0.002
      55812.738      28609.093    4064429.520          0.000
      58479.330      27445.795     964418.709          0.000
      57722.979      28623.902     965514.177          0.000
      60738.420      27821.671     964458.509          0.002
      60186.158      29108.142     963708.393          0.002
      60753.402      27786.771    1367088.103          0.002
      61793.496      28723.388     962676.968          0.001
      63225.320      27649.227     963098.511          0.001
      64388.812      28427.872     960594.630          0.002
      62880.485      27418.452    1808266.408          0.001
      62907.881      28436.924     961954.418          0.000
      63244.113      27458.934     963098.511          0.001
      64635.516      27613.838     961298.018          0.001
      62870.650      27431.947     963098.511          0.001
      62046.105      28563.374     962676.968          0.001
      64999.152      27654.322    1476866.139          0.001
      65838.038      27469.033    2753660.490          0.001
      64999.152      27654.322    1476866.139          0.001
      64733.623      28658.631    1409672.221          0.001
      65838.038      27469.033    2753660.490          0.001
      66649.249      28351.152    3088894.842          0.000
      66108.886      27490.225     959945.431          0.001
      67504.620      27599.435     956784.002          0.002
      67775.183      27620.605    1880149.811          0.001
      67362.363      28551.696     955122.528          0.001
      67879.763      27712.763     956784.002          0.001
      68929.778      28638.045    1497473.026          0.001
      67775.183      27620.605    1880149.811          0.001
      68760.552      27362.221     953508.520          0.000
      68897.339      27620.424     953508.520          0.000
      68929.778      28638.045    1497473.026          0.001
      68888.043      27328.790    2769440.837          0.000
      69853.208      27376.670    2614507.395          0.001
      69931.257      27501.636     951201.519          0.001
      70672.885      28689.065     947892.048          0.001
      69756.427      27508.869     951201.519          0.001
      68929.778      28638.045    1497473.026          0.001
      71848.622      27539.469     947520.389          0.001
      72838.453      27782.053    2237121.720          0.001
      72838.453      27782.053    2237121.720          0.001
      73012.465      28803.459    2241218.020          0.001
      73274.594      27696.954     941071.183          0.001
      74648.682      27428.845     926494.518          0.002
      72422.329      27987.789     941071.183          0.002
      71167.337      28608.268     947892.048          0.001
      75325.079      27389.833     926494.518          0.002
      76699.981      27653.739     909780.469          0.001
      75084.898      27343.731    1665291.551          0.001
      74476.090      28160.924     932267.437          0.001
      76940.769      27699.957    1599045.889          0.001
      77712.503      27733.628     888998.030          0.002
      76695.975      27789.488     909780.469          0.001
      75381.154      28270.368     925955.130          0.001
      76940.769      27699.957    1599045.889          0.001
      77189.962      28761.270    1489124.628          0.002
      78784.524      27780.401    2394624.364          0.001
      79003.028      28393.133    1546071.679          0.001
      77880.553      28336.464     888998.030          0.002
      77189.962      28761.270    1489124.628          0.002
      79713.761      27792.797     877925.100          0.000
      79003.028      28393.133    1546071.679          0.001
       1980.499      28788.584    1016437.879          0.002
       1442.058      29516.498     878056.270          0.002
       1980.499      28788.584    1016437.879          0.002
       2037.673      29838.048     841832.203          0.002
       1980.499      28788.584    1016437.879          0.002
       1317.464      29057.499     873490.422          0.002
       2021.063      28783.977     896584.154          0.002
       3192.896      28650.901    1429137.480          0.002
       1980.499      28788.584    1016437.879          0.002
       2931.410      29668.520     904305.178          0.000
       3192.896      28650.901    1429137.480          0.002
       3014.926      29704.287     904305.178          0.000
       3192.896      28650.901    1429137.480          0.002
       4260.892      28688.673     924938.044          0.001
       5621.468      28670.134     924938.044          0.001
       6966.013      28601.133    5880145.109          0.000
       4852.508      28709.597    5190079.995          0.000
       3630.927      29392.456     904305.178          0.001
       6228.900      28923.762     940314.478          0.001
       5244.773      29354.506     976755.878          0.001
       7456.634      28935.686     940314.478          0.001
       8344.536      29541.142    2384899.922          0.001
       7925.686      28335.350    1389447.501          0.001
       8344.536      29541.142    2384899.922          0.001
      10327.812      28517.977    1645423.718          0.001
      10905.264      29558.827    8426163.780          0.000
      10327.812      28517.977    1645423.718          0.001
      10185.211      29605.695    1105728.753          0.001
       9958.442      28708.533     956124.884          0.002
       8714.255      29350.405     944517.502          0.001
      11430.397      28738.610     957952.245          0.001
      12738.685      29236.991     960945.431          0.001
      11764.003      28553.543     957952.245          0.001
      13162.293      28484.380     962668.120          0.002
      13257.419      28479.675     978574.816          0.002
      14646.038      28655.927     964198.109          0.002
      14806.244      28834.520     964198.109          0.001
      13476.349      29271.989     960945.431          0.001
      16055.379      28674.196     964779.888          0.001
      15234.594      29808.353     964025.685          0.002
      16073.577      28649.049    7957796.045          0.001
      17258.556      29359.905    2096231.789          0.001
      18313.345      28815.495     965948.575          0.000
      19111.728      29449.738    6159937.744          0.001
      21340.329      28436.903     966681.734          0.001
      22356.196      28361.366    1116114.830          0.001
      20364.602      28624.142     966681.734          0.000
      21029.051      29396.837    1123208.536          0.001
      19905.752      28810.929     966681.734          0.000
      19111.728      29449.738    6159937.744          0.001
      22356.196      28361.366    1116114.830          0.001
      21252.665      29222.368     965747.790          0.001
      22356.196      28361.366    1116114.830          0.001
      22921.879      29208.696     966352.669          0.000
      24542.928      28691.399    1183201.984          0.001
      25429.424      29695.923    1979329.348          0.001
      24542.928      28691.399    1183201.984          0.001
      23624.284      29131.696     966352.669          0.001
      25419.486      28676.672     968706.285          0.000
      25429.424      29695.923    1979329.348          0.001
      26235.186      29056.275     968706.285          0.001
      27097.628      29599.575    5480966.573          0.000
      26112.424      28464.238     968706.285          0.001
      27125.459      28351.366    3214673.900          0.001
      27125.459      28351.366    3214673.900          0.001
      28142.716      28414.826     970471.811          0.001
      27991.152      29109.213     970471.811          0.001
      27097.628      29599.575    5480966.573          0.000
      30475.273      28349.209     971273.514          0.001
      31377.889      29419.389     972846.998          0.001
      30391.575      28383.741     971273.514          0.001
      29411.666      29383.630     970970.820          0.001
      31277.937      28776.675    3330310.178          0.001
      32289.693      28657.213     972737.978          0.001
      32324.543      29016.902     972737.978          0.001
      31400.774      29446.521    2550760.294          0.001
      33376.482      28553.860     972737.978          0.000
      33520.634      29562.568    2112810.658          0.001
      34378.626      28624.132     973488.911          0.001
      35543.595      29400.190    1377364.121          0.001
      35000.082      28563.649     973488.911          0.001
      36395.773      28461.725    1958597.305          0.001
      34358.198      28610.523    2002906.575          0.001
      33520.634      29562.568    2112810.658          0.001
      36395.773      28461.725    1958597.305          0.001
      37184.408      29617.868     971052.850          0.001
      36395.773      28461.725    1958597.305          0.001
      36326.933      29478.025     971761.068          0.000
      36395.773      28461.725    1958597.305          0.001
      35543.595      29400.190    1377364.121          0.001
      36471.446      28468.828     973199.277          0.001
      37865.320      28599.655     971819.351          0.002
      38564.792      28665.307    1886574.709          0.001
      38569.601      29684.213     966894.255          0.001
      38564.792      28665.307    1886574.709          0.001
      39654.385      29543.912     970132.997          0.001
      38456.319      28762.427     971819.351          0.001
      37413.296      29696.291     971052.850          0.001
      39641.899      28589.957     970234.813          0.000
      39731.005      29605.696     883884.587          0.001
      39627.879      28430.146    7701952.754          0.000
      40533.342      29497.191     969750.930          0.000
      41607.477      28549.314     968952.910          0.001
      42331.438      29747.596     969796.004          0.001
      41578.952      28502.101    1002653.696          0.001
      40940.132      29296.141     969750.930          0.000
      43111.380      28982.064     968737.769          0.001
      44358.684      29616.588    1829887.164          0.001
      42325.343      28582.195    2397818.390          0.001
      43342.483      28649.620     968423.550          0.001
      42325.343      28582.195    2397818.390          0.001
      42359.901      29794.707    1450716.080          0.001
      45637.925      28604.544     968423.550          0.001
      46642.374      28435.117     986905.808          0.002
      45579.866      29200.443     968423.550          0.001
      46460.495      29712.453    1673977.660          0.002
      46642.374      28435.117     986905.808          0.002
      46460.495      29712.453    1673977.660          0.002
      47853.865      28759.105     969836.235          0.001
      49249.545      28649.212     970609.320          0.002
      49636.267      28654.338     970609.320          0.002
      50523.289      29737.478     969526.395          0.001
      49326.292      28789.605     970609.320          0.002
      48124.162      29507.159     970457.531          0.002
      49908.759      28608.080     970609.320          0.002
      51307.478      28548.203     970046.933          0.001
      51607.849      28535.345    3354086.467          0.001
      51697.627      29550.735     969076.303          0.001
      51759.458      28662.681     970046.933          0.001
      52830.584      29562.324    1118123.625          0.001
      51534.206      28621.414     970046.933          0.001
      50624.028      29685.170     969526.395          0.001
      52451.506      28592.914     970046.933          0.001
      53847.285      28688.160    1856920.741          0.001
      53847.285      28688.160    1856920.741          0.001
      55044.175      29414.080     967170.050          0.002
      53847.285      28688.160    1856920.741          0.001
      55245.607      28631.908     967122.912          0.001
      53847.285      28688.160    1856920.741          0.001
      52830.584      29562.324    1118123.625          0.001
      55916.740      28657.516     967122.912          0.001
      57185.914      29248.446     965711.838          0.001
      55812.738      28609.093    4064429.520          0.000
      56829.885      28663.240     965514.177          0.001
      58374.710      28591.406     965514.177          0.001
      59741.510      28365.745    6163104.367          0.001
      59000.968      29285.588     965514.177          0.001
      59935.908      29691.086    2642230.422          0.001
      61541.378      28951.332     962676.968          0.001
      60269.864      29537.209     963708.393          0.002
      62933.828      28990.577     961954.418          0.000
      63025.078      30387.408    6976918.010          0.000
      62620.632      28902.417     961954.418          0.000
      61777.035      29474.069     923698.797          0.001
      63715.240      28683.431     961954.418          0.001
      64733.623      28658.631    1409672.221          0.001
      64733.623      28658.631    1409672.221          0.001
      65741.765      29472.385    1409321.370          0.001
      64733.623      28658.631    1409672.221          0.001
      63976.487      29364.342    1042880.089          0.001
      66649.249      28351.152    3088894.842          0.000
      66897.561      29404.729     955122.528          0.000
      66635.635      28367.972     958384.251          0.000
      65754.864      29456.201     957438.917          0.001
      68929.778      28638.045    1497473.026          0.001
      70210.843      29201.773     946114.772          0.002
      68929.778      28638.045    1497473.026          0.001
      70322.906      28772.729     947892.048          0.001
      68929.778      28638.045    1497473.026          0.001
      68000.306      29053.162     955122.528          0.001
      71055.766      28927.378     947892.048          0.001
      72368.078      29415.061     938086.251          0.002
      71181.562      28812.087     947892.048          0.001
      72581.547      28805.490     937777.584          0.001
      73460.718      29643.933     932267.437          0.001
      72913.430      30503.353    1527704.850          0.001
      73569.155      29043.297     932267.437          0.000
      72672.901      29528.340    1097943.168          0.001
      75136.704      28359.772    3541106.520          0.001
      75891.620      29538.604     915256.559          0.001
      75132.777      28374.080     925955.130          0.001
      74762.251      29724.158     925624.295          0.001
      75136.704      28359.772    3541106.520          0.001
      76482.494      28622.930     905968.652          0.003
      77189.962      28761.270    1489124.628          0.002
      77987.773      28599.277     886161.227          0.002
      77063.473      28874.811     905968.652          0.002
      76049.438      29785.042    1642181.940          0.001
      79003.028      28393.133    1546071.679          0.001
      79663.812      29187.624     874342.310          0.001
      78569.290      28891.599     886161.227          0.002
      77915.172      29643.334    3204873.041          0.001
        100.605      29686.876     873490.422          0.000
        816.074      30362.759    3256129.792          0.000
       2037.673      29838.048     841832.203          0.002
       3008.860      29740.190    3175748.699          0.000
       2044.727      29920.559     893360.334          0.002
       2163.979      31315.471     893091.740          0.002
       2037.673      29838.048     841832.203          0.002
       2949.763      30416.143     589602.421          0.001
       4240.889      29527.671     904305.178          0.001
       5244.773      29354.506     976755.878          0.001
       3283.086      29857.680     904305.178          0.000
       4569.948      30409.028     919622.383          0.000
       5244.773      29354.506     976755.878          0.001
       4914.007      30318.283     919622.383          0.000
       5540.934      29578.336     925428.612          0.001
       6657.834      30422.454     933780.336          0.001
       5244.773      29354.506     976755.878          0.001
       6237.259      29584.005     935974.524          0.001
       8344.536      29541.142    2384899.922          0.001
       8813.851      30445.669     941925.525          0.000
       8085.434      29747.066     944517.502          0.001
       6989.424      30618.136     933780.336          0.001
       8565.460      29548.890     944517.502          0.001
       9964.599      29597.958     951620.654          0.001
      10185.211      29605.695    1105728.753          0.001
      10133.259      30623.664     945754.195          0.001
      10185.211      29605.695    1105728.753          0.001
      10921.316      30310.409     950597.487          0.000
      10185.211      29605.695    1105728.753          0.001
       9480.750      30342.058     941925.525          0.001
      11319.925      29526.609     954096.285          0.001
      12715.718      29418.158     960945.431          0.001
      13242.444      29508.998     960945.431          0.001
      14187.900      30541.525     959429.995          0.001
      13488.558      29462.884     960945.431          0.001
      14857.463      29756.310     964025.685          0.002
      13129.804      29385.984    3823088.700          0.001
      12205.305      29814.350     950597.487          0.001
      15216.554      29833.281    2040163.301          0.002
      14300.499      30664.493    1455423.930          0.001
      15895.383      29675.915     964025.685          0.002
      17258.556      29359.905    2096231.789          0.001
      15216.554      29833.281    2040163.301          0.002
      15986.085      30788.945    2361714.245          0.002
      17192.100      29434.538     965801.329          0.001
      16261.087      30480.106     962962.112          0.002
      17258.556      29359.905    2096231.789          0.001
      17962.199      30569.735     965826.722          0.002
      17258.556      29359.905    2096231.789          0.001
      18656.186      29427.655     965729.594          0.001
      19223.452      30218.909     965729.594          0.002
      19424.694      31604.370     962441.837          0.001
      19235.559      29545.291     965729.594          0.001
      20343.827      30400.480    1403070.267          0.001
      20270.178      29400.037    8185286.428          0.000
      20343.827      30400.480    1403070.267          0.001
      21029.051      29396.837    1123208.536          0.001
      21118.167      30412.378     966758.716          0.000
      21029.051      29396.837    1123208.536          0.001
      22048.270      29401.153     966352.669          0.001
      21029.051      29396.837    1123208.536          0.001
      20343.827      30400.480    1403070.267          0.001
      23054.283      29635.582     966352.669          0.000
      23059.053      30654.270    1705321.229          0.001
      24417.974      29572.264     966352.669          0.001
      25429.424      29695.923    1979329.348          0.001
      22664.438      29694.737     966352.669          0.000
      21541.330      30530.578     966758.716          0.000
      25564.592      29688.116     968094.271          0.002
      26962.263      29607.393     968960.707          0.001
      25429.424      29695.923    1979329.348          0.001
      25257.256      30762.753    1031648.210          0.002
      24558.542      30048.023     968094.271          0.002
      23260.609      30572.781     966352.360          0.001
      27526.458      29570.229     968960.707          0.001
      28923.191      29474.648     970970.820          0.001
      27097.628      29599.575    5480966.573          0.000
      26375.571      30611.403    4824624.732          0.001
      29351.169      29445.360    1989257.000          0.001
      30191.847      30534.561    2260033.123          0.001
      29351.169      29445.360    1989257.000          0.001
      28499.865      30005.289     966709.407          0.001
      29351.169      29445.360    1989257.000          0.001
      29482.930      30519.329     606002.327          0.002
      29676.079      29445.544     970970.820          0.001
      31076.079      29446.337     972846.998          0.002
      31399.773      29526.336     972846.998          0.002
      31382.217      30926.226     964927.382          0.002
      31487.776      29534.059     972846.998          0.002
      32474.686      30527.038     969969.496          0.001
      31400.774      29446.521    2550760.294          0.001
      30360.515      30382.760     969334.392          0.001
      31761.514      29466.269     972846.998          0.002
      33159.421      29542.795     973629.882          0.001
      33927.087      29765.272     973629.882          0.001
      35179.930      30390.080     969056.110          0.001
      33834.633      29537.364     973629.882          0.001
      35230.144      29425.350     973516.760          0.001
      33512.726      29571.249     973629.882          0.001
      32569.874      30606.154     969969.496          0.001
      35543.595      29400.190    1377364.121          0.001
      35585.804      30592.495    2140244.781          0.001
      36834.133      30198.298     971761.068          0.001
      37640.212      30821.876     947284.355          0.001
      36266.215      29833.775     971761.068          0.000
      35585.804      30592.495    2140244.781          0.001
      37304.405      29793.785    1327182.589          0.001
      37640.212      30821.876     947284.355          0.001
      37304.405      29793.785    1327182.589          0.001
      38110.029      30417.854     966894.255          0.001
      39731.005      29605.696     883884.587          0.001
      39448.160      30857.652    2672506.495          0.001
      39731.005      29605.696     883884.587          0.001
      39015.078      30331.478     966894.255          0.001
      40880.349      29944.027     969750.930          0.000
      41486.722      30762.507    1188781.098          0.001
      41344.819      29705.609     969750.930          0.001
      42359.901      29794.707    1450716.080          0.001
      40168.025      30137.037     969750.930          0.001
      39448.160      30857.652    2672506.495          0.001
      42662.410      29767.749     969796.004          0.001
      44056.884      29643.482     969882.485          0.001
      42359.901      29794.707    1450716.080          0.001
      41486.722      30762.507    1188781.098          0.001
      44358.684      29616.588    1829887.164          0.001
      43483.823      30138.926     968358.630          0.001
      44358.684      29616.588    1829887.164          0.001
      44559.016      30823.610    2272046.263          0.000
      45008.004      29646.204     969882.485          0.001
      46406.550      29709.993     970319.690          0.002
      46460.495      29712.453    1673977.660          0.002
      46712.022      30411.679    1151799.827          0.003
      46460.495      29712.453    1673977.660          0.002
      47842.004      29675.581    4753481.033          0.001
      46114.185      29914.824     970319.690          0.002
      44905.437      30621.173     969163.070          0.001
      48137.750      29800.159     970457.531          0.002
      49427.955      30343.638     970093.871          0.002
      48139.430      29642.558     970457.531          0.002
      49530.879      29488.065     970421.898          0.001
      47842.004      29675.581    4753481.033          0.001
      46712.022      30411.679    1151799.827          0.003
      49828.778      29454.990    3436934.445          0.001
      49723.342      30468.065    2495227.264          0.001
      52846.635      29583.525     968975.213          0.001
      53691.689      30699.717     969783.395          0.001
      52830.584      29562.324    1118123.625          0.001
      52026.469      30186.745     969076.303          0.000
      54602.423      29764.286     968212.109          0.001
      55622.067      29764.574    2034588.038          0.001
      55622.067      29764.574    2034588.038          0.001
      55893.888      30577.255    1503223.575          0.002
      55646.632      29760.376     967170.050          0.001
      57026.619      29524.504     965711.838          0.001
      54960.029      30095.311     967170.050          0.002
      53707.742      30720.920    1866170.310          0.001
      55622.067      29764.574    2034588.038          0.001
      56939.105      30238.920     966250.315          0.002
      57576.835      29430.460    1791697.914          0.001
      58272.065      30175.959     965098.999          0.001
      57576.835      29430.460    1791697.914          0.001
      57480.722      30433.990    1559136.302          0.001
      58026.098      29480.094     965711.838          0.001
      59417.632      29633.828     963708.393          0.002
      60161.354      29664.512     963708.393          0.002
      61551.729      29500.626     962023.826          0.002
      60408.402      29934.568     963708.393          0.002
      61652.506      30575.670    1522379.964          0.001
      59935.908      29691.086    2642230.422          0.001
      59635.865      30464.743    1223779.719          0.001
      59935.908      29691.086    2642230.422          0.001
      59131.130      30316.788     965098.999          0.001
      61777.035      29474.069     923698.797          0.001
      62599.708      30076.115     959739.877          0.001
      61777.035      29474.069     923698.797          0.001
      61652.506      30575.670    1522379.964          0.001
      64344.526      29386.868     959569.771          0.002
      65741.765      29472.385    1409321.370          0.001
      63976.487      29364.342    1042880.089          0.001
      64567.374      30194.020     956153.459          0.001
      63976.487      29364.342    1042880.089          0.001
      63282.356      30110.753     959739.877          0.000
      65741.765      29472.385    1409321.370          0.001
      66744.992      30448.206     952652.245          0.001
      65741.765      29472.385    1409321.370          0.001
      66758.784      29523.722     955122.528          0.000
      65741.765      29472.385    1409321.370          0.001
      65222.429      30348.157     956153.459          0.000
      67504.757      29608.442     955122.528          0.001
      68891.442      29791.520    5423227.494          0.000
      69761.562      29630.649     950323.745          0.001
      70764.203      29445.277    1465843.181          0.001
      67947.365      30271.124     950323.745          0.001
      67037.921      30733.133    1611683.242          0.001
      70220.632      29738.745     946114.772          0.002
      68989.148      30403.610    1165850.239          0.001
      70764.203      29445.277    1465843.181          0.001
      70999.987      30436.246     942161.718          0.000
      71019.028      29456.366     946114.772          0.002
      72417.704      29517.234     938086.251          0.002
      72672.901      29528.340    1097943.168          0.001
      72913.430      30503.353    1527704.850          0.001
      72672.901      29528.340    1097943.168          0.001
      71786.375      30030.206     942161.718          0.001
      74758.316      29738.496    1403795.836          0.001
      74945.298      30713.283    2205938.665          0.001
      74758.316      29738.496    1403795.836          0.001
      76049.438      29785.042    1642181.940          0.001
      74223.999      29960.015     925624.295          0.002
      72930.736      30496.179     933840.406          0.001
      76049.438      29785.042    1642181.940          0.001
      77213.317      30305.942     893373.427          0.003
      76033.155      29798.731     915256.559          0.001
      74961.533      30699.634     919760.735          0.001
      76049.438      29785.042    1642181.940          0.001
      77213.852      29696.601     895949.636          0.002
      77915.172      29643.334    3204873.041          0.001
      78638.885      29979.675     870825.762          0.002
      77915.172      29643.334    3204873.041          0.001
      77817.658      30576.418    1207796.231          0.002
       1604.226      31111.729     878056.270          0.002
       2194.516      31672.674    1261871.186          0.002
        816.074      30362.759    3256129.792          0.000
        189.028      31338.507     869166.029          0.000
       2949.763      30416.143     589602.421          0.001
       2883.402      31433.279     900849.870          0.000
       2949.763      30416.143     589602.421          0.001
       3967.327      30475.147     919622.383          0.001
       2949.763      30416.143     589602.421          0.001
       2308.199      31483.537     893091.740          0.002
       5936.438      30588.269     919622.383          0.001
       6954.002      30646.288    1538980.761          0.001
       4488.391      30701.145     919622.383          0.000
       3233.453      31321.734     900849.870          0.000
       6954.002      30646.288    1538980.761          0.001
       7968.827      30737.042     941925.525          0.001
       6687.078      30762.402     933780.336          0.001
       5403.285      31320.861     921985.846          0.001
       6954.002      30646.288    1538980.761          0.001
       7159.546      31379.917    1906602.204          0.002
       9013.502      30830.465    3750317.171          0.000
      10083.503      31598.614    5472111.088          0.000
       8136.422      31090.403     941925.525          0.001
       7159.546      31379.917    1906602.204          0.002
      11466.009      30862.910     950597.487          0.001
      12178.276      31591.331    1234761.194          0.001
      11368.184      30434.058     950597.487          0.000
      12752.462      30643.277     955828.693          0.000
      10954.280      30426.351     950597.487          0.000
      10119.455      31550.213     945754.195          0.000
      13215.118      31554.567     955828.693          0.001
      13327.906      32667.952    4724996.891          0.001
      14332.452      30705.445     959429.995          0.001
      15193.670      31809.212     959248.539          0.001
      14300.499      30664.493    1455423.930          0.001
      14317.458      31419.046    7014089.710          0.001
      14445.410      30675.192     959429.995          0.001
      15841.609      30778.278     962962.112          0.002
      16140.153      31015.155     962962.112          0.002
      16928.240      32172.271     959219.953          0.001
      16294.192      30764.908     962962.112          0.002
      17689.951      30656.021     965826.722          0.002
      16043.454      30814.344     962962.112          0.002
      17323.562      31381.100     652228.045          0.003
      18163.910      30757.939     965826.722          0.002
      19277.940      31605.842     962441.837          0.001
      17998.389      30631.959    2833697.634          0.002
      18111.672      31644.867     958522.867          0.001
      20343.827      30400.480    1403070.267          0.001
      21232.283      31419.756    1462717.019          0.001
      20285.848      30486.170     966846.114          0.001
      19501.304      31645.692     962441.837          0.001
      22043.924      30742.016     966758.716          0.001
      23059.053      30654.270    1705321.229          0.001
      23458.912      30674.003     966352.360          0.001
      24857.210      30743.011     965883.071          0.002
      22791.503      30766.384     966352.360          0.001
      21500.285      31307.453     964210.338          0.001
      23059.053      30654.270    1705321.229          0.001
      22712.284      31611.961     960290.281          0.001
      25257.256      30762.753    1031648.210          0.002
      24323.864      31172.117     963091.963          0.001
      25257.256      30762.753    1031648.210          0.002
      25329.214      31640.709    3198604.726          0.000
      26517.766      30790.349     966572.410          0.001
      27388.625      31886.291    1300216.632          0.001
      26375.571      30611.403    4824624.732          0.001
      25648.747      31326.384     962488.754          0.000
      28466.920      30598.104     966709.407          0.001
      29482.930      30519.329     606002.327          0.002
      27845.014      30877.432     966709.407          0.000
      29066.509      31561.500     962900.865          0.000
      27467.325      30870.556     966709.407          0.000
      27388.625      31886.291    1300216.632          0.001
      29482.930      30519.329     606002.327          0.002
      29440.097      31537.242     962900.865          0.000
      30271.121      30608.598     969334.392          0.001
      31294.293      31564.171     964927.382          0.002
      32561.956      30614.845    1280249.937          0.001
      32628.423      31495.444    3728569.544          0.001
      32498.335      30669.605     969969.496          0.001
      31437.252      31582.898     964927.382          0.002
      33458.797      30843.228     970086.777          0.000
      34358.240      31756.305    3931875.865          0.000
      34566.946      30582.932     970086.777          0.001
      35585.804      30592.495    2140244.781          0.001
      36014.841      30832.811     969056.110          0.001
      37236.281      31516.977     965654.332          0.001
      35916.974      30629.471     969056.110          0.001
      37308.328      30784.820     967116.202          0.001
      35585.804      30592.495    2140244.781          0.001
      34742.694      31391.818     964754.706          0.001
      37640.212      30821.876     947284.355          0.001
      37665.385      31757.331    2127358.932          0.001
      38358.724      31010.546     966894.255          0.000
      37665.385      31757.331    2127358.932          0.001
      38866.646      30957.989     966894.255          0.000
      39733.844      31493.173    1588603.844          0.001
      39768.136      30842.718     966627.430          0.001
      41166.614      30777.447     967435.446          0.001
      41256.100      30858.639     967435.446          0.001
      39963.871      31397.289     966321.218          0.001
      41486.722      30762.507    1188781.098          0.001
      42494.746      30615.317     968358.630          0.000
      42632.204      31470.721     968358.630          0.001
      42501.330      32480.923    1601925.951          0.001
      42974.789      30970.100     968358.630          0.000
      43485.429      31851.400     841827.169          0.001
      42667.592      30639.340     968358.630          0.000
      41553.181      31486.413    3998289.497          0.000
      43549.578      30686.928     968358.630          0.001
      44559.016      30823.610    2272046.263          0.000
      45250.454      30691.318     969163.070          0.001
      46625.512      30428.231     970732.859          0.003
      44941.622      30990.354     969163.070          0.001
      46225.037      31549.682     967643.379          0.003
      44527.755      30853.537     969163.070          0.001
      43516.471      31821.682     965848.894          0.001
      46712.022      30411.679    1151799.827          0.003
      46607.729      31716.464    1994926.936          0.002
      47997.950      30558.345     970883.516          0.002
      49396.037      30485.191     970093.871          0.002
      47670.302      30575.489    2706157.311          0.002
      48410.115      31607.134    1481578.700          0.001
      47616.012      30633.784     970883.516          0.002
      46661.889      31658.308     967643.379          0.002
      50491.482      30943.109     970093.871          0.002
      51682.179      31679.478     968983.823          0.001
      49723.342      30468.065    2495227.264          0.001
      49562.885      31474.893     969349.691          0.000
      49723.342      30468.065    2495227.264          0.001
      50741.505      30426.686     969076.303          0.001
      49467.560      30689.926     970093.871          0.002
      48410.115      31607.134    1481578.700          0.001
      51793.139      30767.023     969076.303          0.000
      51851.043      31783.909    2471935.405          0.001
      52704.651      30546.817     969076.303          0.001
      53707.742      30720.920    1866170.310          0.001
      53707.742      30720.920    1866170.310          0.001
      53625.717      31751.023    1319356.784          0.001
      53707.742      30720.920    1866170.310          0.001
      55103.987      30629.164     968042.880          0.003
      53707.742      30720.920    1866170.310          0.001
      54941.476      31380.849     968222.343          0.002
      53707.742      30720.920    1866170.310          0.001
      52493.100      31416.321     968983.823          0.002
      55893.888      30577.255    1503223.575          0.002
      55462.287      31659.433    2103777.792          0.001
      55989.966      30568.581     968042.880          0.002
      57384.294      30442.696     966250.315          0.001
      57480.722      30433.990    1559136.302          0.001
      57841.668      31589.007    4278294.902          0.001
      57480.722      30433.990    1559136.302          0.001
      56687.788      31498.503    3092606.637          0.001
      59763.037      30568.825     964150.336          0.001
      60846.440      31455.525     964027.460          0.002
      59635.865      30464.743    1223779.719          0.001
      59608.802      31400.633    6063881.659          0.000
      60234.111      30497.650     964150.336          0.001
      61631.998      30574.542     962288.324          0.001
      61652.506      30575.670    1522379.964          0.001
      62726.443      31466.311    1738562.014          0.001
      61652.506      30575.670    1522379.964          0.001
      60973.239      31559.303    1919411.229          0.001
      63945.359      31052.656     959739.877          0.001
      64771.826      31650.089    2380263.096          0.001
      63025.078      30387.408    6976918.010          0.000
      64398.631      30654.091     956153.459          0.001
      66019.148      30749.330     956153.459          0.001
      67037.921      30733.133    1611683.242          0.001
      65707.699      31070.294     956153.459          0.001
      66648.473      31460.920    1610233.538          0.002
      67037.921      30733.133    1611683.242          0.001
      68002.100      31497.971    3356899.297          0.001
      67609.592      30636.589     952652.245          0.002
      68989.148      30403.610    1165850.239          0.001
      67037.921      30733.133    1611683.242          0.001
      66648.473      31460.920    1610233.538          0.002
      68989.148      30403.610    1165850.239          0.001
      69588.171      31227.019     942603.499          0.001
      68989.148      30403.610    1165850.239          0.001
      68052.038      31442.604     950630.710          0.001
      68989.148      30403.610    1165850.239          0.001
      70006.681      30437.440     942161.718          0.001
      71225.756      30889.094     942161.718          0.000
      71695.584      31792.543     931756.991          0.002
      71895.057      30485.920     942161.718          0.001
      72913.430      30503.353    1527704.850          0.001
      70926.153      30588.778     942161.718          0.000
      70127.152      31738.385     942603.499          0.000
      72913.430      30503.353    1527704.850          0.001
      74305.344      30647.164     919760.735          0.001
      72785.021      30639.285     933840.406          0.001
      71823.632      31656.993     935144.044          0.002
      74945.298      30713.283    2205938.665          0.001
      74037.270      31177.078     927756.655          0.001
      76028.579      30610.228     911861.801          0.000
      76820.444      31764.762     898632.582          0.000
      75673.803      30939.660     911861.801          0.001
      74986.974      31691.785     539952.107          0.002
      76624.286      30576.468     911861.801          0.001
      77817.658      30576.418    1207796.231          0.002
      77817.658      30576.418    1207796.231          0.002
      78347.710      31218.411     878772.453          0.001
      77817.658      30576.418    1207796.231          0.002
      77073.290      31509.396     898632.582          0.000
      79564.215      31000.238     870825.762          0.001
      78759.278      31716.898    2437900.589          0.001
       2194.516      31672.674    1261871.186          0.002
       1546.271      31962.274     869588.268          0.002
       2194.516      31672.674    1261871.186          0.002
       2879.252      31496.893    4311870.731          0.000
       2194.516      31672.674    1261871.186          0.002
       2225.402      32583.913     525001.699          0.003
       2211.606      31697.445     893091.740          0.002
       2908.735      32707.912    1349772.122          0.001
       3971.355      32044.177     900849.870          0.001
       4882.440      32500.747    1172858.564          0.002
       4118.285      31463.878     900849.870          0.001
       5136.909      31436.737    1366259.506          0.001
       5136.909      31436.737    1366259.506          0.001
       6080.246      32470.390     929294.621          0.001
       5159.369      31436.106     921985.846          0.001
       6558.817      31396.792     934614.156          0.003
       5136.909      31436.737    1366259.506          0.001
       4882.440      32500.747    1172858.564          0.002
       7493.810      31564.555     934614.156          0.002
       8719.282      32241.472     943189.860          0.001
       7112.935      31434.191     934614.156          0.002
       6200.814      32496.281     929294.621          0.001
       7434.612      31379.791     934614.156          0.002
       8834.612      31379.154     942321.399          0.001
       9109.713      31379.029     686891.819          0.001
      10083.503      31598.614    5472111.088          0.000
       9109.713      31379.029     686891.819          0.001
       9053.517      32426.093    2185415.319          0.001
      10083.503      31598.614    5472111.088          0.000
      10928.793      32714.164     948097.091          0.000
      11159.259      31594.874     945754.195          0.001
      12178.276      31591.331    1234761.194          0.001
      12175.866      31617.328     952236.581          0.001
      12046.617      33011.349     948267.307          0.003
      12178.276      31591.331    1234761.194          0.001
      13199.996      32548.165     954020.334          0.001
      12178.276      31591.331    1234761.194          0.001
      11433.641      32286.271     948097.091          0.001
      14321.933      31427.728     957911.472          0.001
      14963.383      32672.132     956416.001          0.002
      14257.520      31494.693     957911.472          0.001
      13388.086      32592.000     954020.334          0.001
      15693.294      31988.197     959248.539          0.001
      17036.054      32384.421     959219.953          0.001
      17323.562      31381.100     652228.045          0.003
      17907.791      32215.776     958522.867          0.001
      17323.562      31381.100     652228.045          0.003
      17081.956      32397.966    1949937.091          0.001
      19648.281      31695.854     962441.837          0.001
      21027.486      31455.453     964210.338          0.001
      19443.175      31731.604    2022023.973          0.001
      18636.543      32354.386     958522.867          0.001
      21232.283      31419.756    1462717.019          0.001
      22004.101      32084.649     960290.281          0.001
      21232.283      31419.756    1462717.019          0.001
      20752.176      32318.464     958798.681          0.001
      23707.355      31553.243     963091.963          0.000
      25105.324      31628.635     962488.754          0.000
      23482.504      31541.117    5774127.448          0.000
      22413.443      32437.283    7048342.060          0.000
      26376.564      31765.604     962488.754          0.001
      27388.625      31886.291    1300216.632          0.001
      25180.533      31808.711     962488.754          0.000
      24505.147      32571.858    1440858.590          0.001
      25644.490      32067.786     962488.754          0.001
      26249.859      32887.824    1144740.633          0.001
      27388.625      31886.291    1300216.632          0.001
      27939.713      32742.243     960348.645          0.001
      27388.625      31886.291    1300216.632          0.001
      28405.377      31826.065     962900.865          0.001
      27344.976      31924.680     961946.339          0.001
      26293.711      32849.256     961033.571          0.001
      30403.881      32208.006     962900.865          0.001
      31331.273      32629.753    1906403.836          0.001
      29430.498      31765.343    8159940.639          0.000
      28817.184      33023.414     960348.645          0.001
      30356.544      31704.620     962900.865          0.001
      31373.291      31637.951    1953653.717          0.001
      31373.291      31637.951    1953653.717          0.001
      31331.273      32629.753    1906403.836          0.001
      32639.027      31514.711     965807.021          0.001
      33288.942      32695.571    1820154.660          0.001
      32628.423      31495.444    3728569.544          0.001
      33904.918      31687.943     964754.706          0.001
      32346.103      31742.322     965807.021          0.001
      31331.273      32629.753    1906403.836          0.001
      34358.240      31756.305    3931875.865          0.000
      34625.920      32455.475     983215.051          0.001
      35546.196      32048.497     964905.761          0.000
      36276.467      32759.496    1085654.739          0.002
      36646.499      31744.587     964905.761          0.001
      37665.385      31757.331    2127358.932          0.001
      38005.309      31713.920     965654.332          0.001
      39394.030      31536.570     966321.218          0.001
      37942.138      31894.981     965654.332          0.001
      39195.647      32518.451     964695.458          0.002
      37538.698      31848.741     965654.332          0.001
      36403.382      32667.922     963733.221          0.002
      39733.844      31493.173    1588603.844          0.001
      39472.833      32656.318    1462334.524          0.001
      39733.844      31493.173    1588603.844          0.001
      40398.625      32724.862     964164.480          0.001
      39733.844      31493.173    1588603.844          0.001
      40752.816      31489.387     966364.010          0.001
      41798.178      31743.390     966364.010          0.000
      42501.330      32480.923    1601925.951          0.001
      41103.749      32074.586     966364.010          0.001
      40484.826      32884.573    1416186.303          0.001
      43485.429      31851.400     841827.169          0.001
      44462.889      31563.446     967081.135          0.000
      43485.429      31851.400     841827.169          0.001
      42501.330      32480.923    1601925.951          0.001
      44510.380      31624.861     967081.135          0.000
      43749.903      32800.308     963960.248          0.000
      44887.593      31813.518     967081.135          0.000
      45649.236      32490.756    3102886.826          0.001
      45592.825      31624.412     967081.135          0.001
      46607.729      31716.464    1994926.936          0.002
      47010.399      31692.039     967643.379          0.002
      48407.831      31607.273     969106.991          0.001
      46607.729      31716.464    1994926.936          0.002
      47357.241      32407.615     964636.310          0.000
      46607.729      31716.464    1994926.936          0.002
      46591.492      32735.081     962135.677          0.001
      48449.824      31643.812     969106.991          0.001
      49478.243      32593.735     966684.681          0.001
      48410.115      31607.134    1481578.700          0.001
      47867.155      32469.644     964636.310          0.000
      50836.291      31690.252     969349.691          0.001
      51851.043      31783.909    2471935.405          0.001
      51851.043      31783.909    2471935.405          0.001
      51888.647      32696.200    1185421.265          0.001
      52038.492      31780.436     968983.823          0.001
      53438.251      31754.497     969152.951          0.001
      51342.237      31968.453     968983.823          0.001
      50026.131      32445.806     966684.681          0.001
      53625.717      31751.023    1319356.784          0.001
      53436.861      32881.828    2913289.412          0.000
      53625.717      31751.023    1319356.784          0.001
      55023.840      31681.298     968222.343          0.002
      55048.605      31909.100     968222.343          0.002
      53849.982      32632.499     966148.836          0.001
      55462.287      31659.433    2103777.792          0.001
      56687.788      31498.503    3092606.637          0.001
      56687.788      31498.503    3092606.637          0.001
      57476.924      32142.234     965301.089          0.001
      56687.788      31498.503    3092606.637          0.001
      55896.946      32653.108     966142.573          0.001
      58029.234      31569.013     965869.367          0.001
      59421.347      31420.616     964678.436          0.001
      57841.668      31589.007    4278294.902          0.001
      57914.504      32499.187    4027036.573          0.000
      59608.802      31400.633    6063881.659          0.000
      58754.305      31954.675     965301.089          0.001
      60978.934      31571.860     964027.460          0.001
      61557.196      32846.855     962619.424          0.001
      61150.584      31549.896     964027.460          0.002
      62548.618      31475.743     961320.150          0.001
      60884.328      31634.736     964027.460          0.002
      59816.780      32540.463     964644.420          0.001
      62726.443      31466.311    1738562.014          0.001
      63245.843      32342.876     959490.044          0.001
      62593.193      31625.846     961320.150          0.001
      61695.724      32700.346     962619.424          0.001
      62726.443      31466.311    1738562.014          0.001
      64120.181      31591.538     957933.223          0.001
      64833.595      32051.965     957933.223          0.001
      65046.241      33435.455    3382256.670          0.001
      64907.794      31802.317     957933.223          0.001
      65840.011      32846.019    1901316.532          0.001
      65255.837      31601.300     957933.223          0.001
      66648.473      31460.920    1610233.538          0.002
      64771.826      31650.089    2380263.096          0.001
      64047.987      32368.157     959490.044          0.001
      66804.117      31628.115     953949.707          0.002
      67758.033      32652.831     951327.887          0.001
      66597.037      31549.044     953949.707          0.002
      65891.300      32758.149     956473.559          0.001
      68235.869      31638.398     950630.710          0.001
      69435.984      32359.318     944888.515          0.001
      68002.100      31497.971    3356899.297          0.001
      69005.909      31673.726     942603.499          0.001
      70677.865      31831.535     942603.499          0.001
      71695.584      31792.543     931756.991          0.002
      71115.357      32190.795     942603.499          0.001
      72087.498      32495.252    1167513.908          0.001
      71695.584      31792.543     931756.991          0.002
      72087.498      32495.252    1167513.908          0.001
      73519.130      31809.758     927756.655          0.000
      74785.366      32406.957     914462.447          0.000
      72877.178      31851.130     927756.655          0.000
      72087.498      32495.252    1167513.908          0.001
      73968.427      31659.329     927756.655          0.001
      74986.974      31691.785     539952.107          0.002
      74986.974      31691.785     539952.107          0.002
      76004.023      31749.905     898632.582          0.001
      74986.974      31691.785     539952.107          0.002
      75160.099      32583.693    3945328.969          0.000
      76999.801      31963.314     898632.582          0.000
      77867.939      32880.212     726813.258          0.003
      76428.390      31991.511     898632.582          0.000
      75160.099      32583.693    3945328.969          0.000
      76843.144      31797.857    3629274.867          0.000
      77811.408      31756.947     878772.453          0.002
      78759.278      31716.898    2437900.589          0.001
      79587.082      32341.501     868582.635          0.001
      78403.841      32180.790     878772.453          0.001
      77867.939      32880.212     726813.258          0.003
       1447.974      33249.600     869588.268          0.002
       2116.049      33524.835     953378.637          0.002
       2225.402      32583.913     525001.699          0.003
       2116.049      33524.835     953378.637          0.002
       2225.402      32583.913     525001.699          0.003
       2908.735      32707.912    1349772.122          0.001
       2908.735      32707.912    1349772.122          0.001
       4171.769      33311.132     917556.234          0.002
       3199.844      32677.357     902121.907          0.001
       4592.195      32531.212     920463.159          0.002
       2908.735      32707.912    1349772.122          0.001
       3039.979      33847.058     918447.956          0.002
       2908.735      32707.912    1349772.122          0.001
       2116.049      33524.835     953378.637          0.002
       4882.440      32500.747    1172858.564          0.002
       6153.817      32551.005    5267162.183          0.000
       6031.268      32648.473     929294.621          0.001
       4935.564      33519.928     917556.234          0.001
       7120.987      32700.731    3551359.644          0.001
       7948.265      33642.230    1672877.914          0.001
       7394.549      32661.854     934464.469          0.001
       8780.622      32464.875     943189.860          0.001
       7120.987      32700.731    3551359.644          0.001
       6439.850      33458.757     926499.524          0.000
       9133.390      32543.071     943189.860          0.001
       9922.843      33699.256     942549.756          0.001
       9053.517      32426.093    2185415.319          0.001
       8112.245      33461.799     935566.169          0.001
       9053.517      32426.093    2185415.319          0.001
      10058.418      32592.339     948097.091          0.001
      11238.920      33012.508     948097.091          0.000
      11981.869      33709.691    1775781.275          0.002
      10674.816      33050.783     948097.091          0.000
      10002.861      33816.446    1493341.557          0.001
      13252.899      33232.849     954020.334          0.001
      13068.687      34620.181    2126021.738          0.001
      13448.215      32668.879     954020.334          0.001
      14848.173      32679.667     956416.001          0.002
      14967.742      32680.589    1421603.069          0.002
      14295.648      33446.388     951790.954          0.000
      14967.742      32680.589    1421603.069          0.002
      15793.043      33277.174     953946.743          0.001
      15337.390      32631.175     956416.001          0.002
      16725.046      32445.677     959219.953          0.001
      17219.053      32554.131     959219.953          0.001
      18142.685      33606.226     956061.843          0.001
      17081.956      32397.966    1949937.091          0.001
      16601.445      33295.612     953946.743          0.000
      19266.103      33230.027     958522.867          0.001
      20163.735      33712.666    1296885.384          0.001
      18654.665      32700.852     958522.867          0.000
      20051.280      32798.151     958798.681          0.000
      20624.754      32950.324     958798.681          0.000
      21403.568      33608.206    1234675.926          0.001
      20759.989      32771.426     958798.681          0.000
      22132.248      32494.109     960290.281          0.000
      22069.281      32836.330     960290.281          0.001
      21403.568      33608.206    1234675.926          0.001
      23488.881      32506.474     960290.281          0.001
      24505.147      32571.858    1440858.590          0.001
      24505.147      32571.858    1440858.590          0.001
      25256.629      33582.739    1501120.657          0.001
      24688.358      32605.037     961265.276          0.001
      26065.949      32854.518     961033.571          0.001
      24505.147      32571.858    1440858.590          0.001
      23480.633      33524.980     959027.858          0.002
      26249.859      32887.824    1144740.633          0.001
      26222.036      33820.298    5318670.893          0.000
      26249.859      32887.824    1144740.633          0.001
      25256.629      33582.739    1501120.657          0.001
      27099.254      32782.613    3788913.683          0.000
      26222.036      33820.298    5318670.893          0.000
      27099.254      32782.613    3788913.683          0.000
      28296.656      33505.870     960348.645          0.000
      29943.881      32813.988     962031.353          0.002
      31331.273      32629.753    1906403.836          0.001
      29571.488      32863.440     967296.254          0.001
      30551.419      33819.010    1386541.110          0.001
      29571.488      32863.440     967296.254          0.001
      28750.974      33466.968     960348.645          0.000
      31325.070      32639.212     963454.681          0.001
      30557.361      33809.948     960786.261          0.001
      31888.713      32648.495     963454.681          0.002
      33287.922      32695.537     964254.327          0.001
      33292.741      32747.512     964254.327          0.002
      33394.843      34143.784     959423.343          0.002
      33288.942      32695.571    1820154.660          0.001
      34507.806      33382.934     962237.369          0.001
      33288.942      32695.571    1820154.660          0.001
      34625.920      32455.475     983215.051          0.001
      33288.942      32695.571    1820154.660          0.001
      32529.645      33374.938     961193.376          0.000
      34625.920      32455.475     983215.051          0.001
      35210.281      33289.801     960721.532          0.001
      34625.920      32455.475     983215.051          0.001
      34634.175      33454.199    1329179.322          0.001
      34762.950      32480.715     964028.081          0.001
      36139.788      32734.320     963733.221          0.002
      36276.467      32759.496    1085654.739          0.002
      37281.140      32587.160     964321.920          0.000
      36276.467      32759.496    1085654.739          0.002
      35660.642      33571.038     960721.532          0.001
      37782.708      32985.069     964321.920          0.001
      38241.862      33895.341    1623959.171          0.002
      37426.539      32705.227     964321.920          0.000
      36572.517      33780.476    3083032.707          0.001
      38455.356      32594.330     964321.920          0.001
      39472.833      32656.318    1462334.524          0.001
      39472.833      32656.318    1462334.524          0.001
      40484.826      32884.573    1416186.303          0.001
      39351.007      32778.942     964695.458          0.002
      38364.289      33772.113     960912.576          0.002
      41128.961      32755.634     964164.480          0.001
      42501.330      32480.923    1601925.951          0.001
      40484.826      32884.573    1416186.303          0.001
      39571.528      33655.721    5338538.195          0.000
      42499.925      32499.058     964975.858          0.001
      42391.778      33894.874     961702.612          0.001
      42501.330      32480.923    1601925.951          0.001
      41603.640      32962.525     962748.206          0.001
      42549.669      32552.497     964975.858          0.001
      43333.225      33712.686     962074.555          0.000
      44786.764      33196.295     963960.248          0.001
      45769.252      33466.693    4707985.018          0.001
      44651.143      32696.200     963960.248          0.001
      45649.236      32490.756    3102886.826          0.001
      45649.236      32490.756    3102886.826          0.001
      46325.624      33252.721     962135.677          0.000
      47754.340      33806.188     964636.310          0.001
      47801.340      34824.597    1390968.893          0.001
      48500.071      32685.041     964636.310          0.001
      49517.727      32630.205    2063090.272          0.001
      47950.020      32921.759     964636.310          0.000
      48750.018      33553.604    1106523.610          0.002
      47704.576      32727.905    3530220.068          0.000
      46578.696      33537.811    3208208.444          0.000
      50003.161      32643.717     966684.681          0.001
      51402.619      32682.671     966714.799          0.001
      49517.727      32630.205    2063090.272          0.001
      48750.018      33553.604    1106523.610          0.002
      49517.727      32630.205    2063090.272          0.001
      50499.600      33626.760     963444.031          0.001
      51888.647      32696.200    1185421.265          0.001
      51843.549      33713.596     962443.724          0.000
      51888.647      32696.200    1185421.265          0.001
      50759.446      33521.809     963444.031          0.001
      52835.397      32974.688     966288.075          0.000
      53589.708      33659.869    1401830.272          0.001
      52643.193      32800.099   10125526.068          0.000
      51837.475      33850.637    5283419.074          0.000
      53436.861      32881.828    2913289.412          0.000
      54834.595      32814.936     966142.573          0.001
      55940.831      33014.762     966142.573          0.001
      56562.978      34268.928     960294.520          0.001
      56623.860      33211.553     966142.573          0.001
      57849.551      33886.698    1866648.647          0.001
      55818.349      32767.856    5819437.273          0.000
      56828.817      32638.342     965301.089          0.001
      54888.956      33139.845     966142.573          0.001
      53589.708      33659.869    1401830.272          0.001
      57897.167      32869.544     965301.089          0.000
      57849.551      33886.698    1866648.647          0.001
      58712.002      32550.398     965301.089          0.001
      59728.159      32615.651    2178675.323          0.001
      59581.985      32888.682     964644.420          0.002
      58921.197      34122.926     959660.650          0.001
      59728.159      32615.651    2178675.323          0.001
      59839.135      33890.310    1439162.590          0.001
      59951.455      32645.316     964644.420          0.002
      61339.262      32829.684     962619.424          0.001
      59368.706      32858.854     964644.420          0.002
      58209.173      33643.381     961838.210          0.002
      61562.882      32859.392    1972950.519          0.001
      62581.779      32859.682     959490.044          0.001
      61301.808      33015.532     962619.424          0.001
      60100.294      33734.119     960666.837          0.001
      63320.755      32996.221     959490.044          0.000
      62114.272      33706.431     958891.470          0.000
      64095.228      33069.121     959490.044          0.001
      65046.241      33435.455    3382256.670          0.001
      65835.790      33002.388     956473.559          0.001
      65798.017      34401.878     952356.935          0.001
      65855.812      32862.372     956473.559          0.001
      66828.615      33869.176     951750.354          0.001
      65886.125      32845.450     956473.559          0.001
      67286.019      32828.162     951327.887          0.001
      68103.291      32785.787     951327.887          0.001
      69480.442      32533.883     944888.515          0.001
      67875.142      32859.147     951327.887          0.000
      66883.332      33847.233     951750.354          0.001
      69669.127      32499.369    1722963.048          0.001
      68844.915      33098.695     948804.947          0.001
      69669.127      32499.369    1722963.048          0.001
      69945.960      33555.575     942627.034          0.001
      70519.451      32497.921     944888.515          0.001
      71919.449      32495.538     934161.829          0.001
      72087.498      32495.252    1167513.908          0.001
      71704.527      33841.279     936222.594          0.001
      72087.498      32495.252    1167513.908          0.001
      71133.694      33025.987     942627.034          0.002
      72819.799      33211.859     930925.369          0.001
      72907.227      34608.443    1710729.954          0.001
      73066.635      32951.281     930925.369          0.001
      74114.308      33878.687    1591969.082          0.001
      72788.048      32704.675    3100393.768          0.001
      73805.802      32652.766     914462.447          0.001
      72788.048      32704.675    3100393.768          0.001
      71831.919      33726.584     936222.594          0.001
      75536.028      33064.163     914462.447          0.001
      76164.029      33866.801    1482173.031          0.001
      74754.115      33086.420     914462.447          0.001
      74114.308      33878.687    1591969.082          0.001
      75731.379      32657.580     914462.447          0.001
      76742.220      32788.318     731268.579          0.001
      76742.220      32788.318     731268.579          0.001
      77785.409      33444.623    1192937.926          0.002
      76742.220      32788.318     731268.579          0.001
      77867.939      32880.212     726813.258          0.003
      76742.220      32788.318     731268.579          0.001
      76164.029      33866.801    1482173.031          0.001
      77867.939      32880.212     726813.258          0.003
      78551.999      33134.724     867139.448          0.002
      77867.939      32880.212     726813.258          0.003
      77785.409      33444.623    1192937.926          0.002
       1521.801      34241.582     868231.725          0.002
       2206.197      34497.078    2209625.408          0.001
       2116.049      33524.835     953378.637          0.002
       2206.197      34497.078    2209625.408          0.001
       2116.049      33524.835     953378.637          0.002
       3039.979      33847.058     918447.956          0.002
       3232.139      33822.167     901019.576          0.003
       4620.540      33642.324     917556.234          0.001
       3039.979      33847.058     918447.956          0.002
       2206.197      34497.078    2209625.408          0.001
       4813.020      33617.392    3589471.324          0.001
       4248.740      34607.174    2711057.662          0.001
       4846.188      33643.846     917556.234          0.001
       5940.686      34516.814     922455.589          0.001
       6237.579      33683.862   12992601.137          0.000
       7389.492      34478.579     930394.482          0.001
       6929.075      33667.034     926499.524          0.001
       7948.265      33642.230    1672877.914          0.001
       8608.148      33698.184     935566.169          0.002
      10002.861      33816.446    1493341.557          0.001
      10293.016      33800.794     942549.756          0.001
      11690.983      33725.382     948267.307          0.002
      10002.861      33816.446    1493341.557          0.001
       9108.328      34303.591     930394.482          0.001
      11996.011      33721.538     948267.307          0.002
      13068.687      34620.181    2126021.738          0.001
      11981.869      33709.691    1775781.275          0.002
      12339.316      34465.379     845184.546          0.002
      11981.869      33709.691    1775781.275          0.002
      11095.292      34212.411     940340.731          0.001
      13817.733      33930.137     951790.954          0.000
      13068.687      34620.181    2126021.738          0.001
      14096.378      33673.440   13690487.741          0.000
      15495.423      33691.924     953946.743          0.001
      17262.160      33730.910     953946.743          0.001
      18279.846      33762.464    1486136.314          0.001
      16383.021      33703.651    4032368.627          0.000
      17093.859      34532.805    8323404.661          0.000
      15766.703      34254.804     953946.743          0.001
      15007.466      34933.765    5857943.802          0.001
      18304.478      33791.990     956061.843          0.001
      19201.332      34867.003     954837.136          0.001
      18521.642      33756.072     956061.843          0.001
      19921.153      33719.078     957741.456          0.001
      18279.846      33762.464    1486136.314          0.001
      17425.347      34317.491     952475.475          0.000
      20163.735      33712.666    1296885.384          0.001
      21403.568      33608.206    1234675.926          0.001
      20163.735      33712.666    1296885.384          0.001
      20922.199      34392.722     957303.467          0.000
      20095.072      33799.315     957741.456          0.001
      19225.792      34896.321    1905485.029          0.001
      21463.298      33688.147     958601.191          0.001
      22301.264      34809.670     957726.115          0.001
      21546.863      33634.163     958601.191          0.001
      22924.444      33883.703     959027.858          0.001
      23067.236      33909.569    2321055.059          0.001
      23886.066      34515.677     958693.620          0.001
      23872.098      33789.420     959027.858          0.002
      25256.629      33582.739    1501120.657          0.001
      23067.236      33909.569    2321055.059          0.001
      22360.926      34889.521    1653457.918          0.001
      25256.629      33582.739    1501120.657          0.001
      24713.126      34443.955     958693.620          0.001
      25381.402      33697.795     960500.630          0.001
      26410.611      34646.862     960459.230          0.001
      26222.036      33820.298    5318670.893          0.000
      27616.822      33710.122     960348.645          0.001
      27421.208      34259.918     960348.645          0.001
      26535.315      34761.855    2086111.926          0.001
      29537.234      33729.274     960348.645          0.001
      30551.419      33819.010    1386541.110          0.001
      30551.419      33819.010    1386541.110          0.001
      31567.674      33744.836     961193.376          0.001
      30551.419      33819.010    1386541.110          0.001
      30568.085      34537.940     741210.776          0.001
      30551.419      33819.010    1386541.110          0.001
      29274.038      34389.806     961093.918          0.002
      32613.883      34035.362     961193.376          0.001
      33431.407      34643.806    4181598.695          0.002
      32280.871      34664.209     961193.376          0.001
      32402.669      35675.998    6786484.900          0.001
      34634.175      33454.199    1329179.322          0.001
      35327.670      34200.936     958815.168          0.000
      34426.342      33659.758     962237.369          0.001
      33431.407      34643.806    4181598.695          0.002
      36552.980      33905.005     960664.605          0.001
      36390.904      34938.057    3136589.279          0.001
      37198.816      33823.571     960664.605          0.002
      38241.862      33895.341    1623959.171          0.002
      36572.517      33780.476    3083032.707          0.001
      35586.061      34479.164   12742283.628          0.000
      38241.862      33895.341    1623959.171          0.002
      37941.235      34869.125     961422.900          0.001
      38241.862      33895.341    1623959.171          0.002
      38730.336      34901.855    1332640.465          0.001
      37926.530      34072.980     960912.576          0.002
      36706.762      34760.122     957958.956          0.001
      39862.052      34006.114     962034.425          0.001
      40638.304      34942.333    3511396.913          0.001
      39410.757      33893.886     962034.425          0.001
      38730.336      34901.855    1332640.465          0.001
      41407.565      33644.714     962748.206          0.001
      42390.321      33913.682    1156070.713          0.001
      42390.321      33913.682    1156070.713          0.001
      42576.564      34603.748     899995.188          0.001
      42118.219      34073.439     961702.612          0.002
      40910.925      34782.270     959223.783          0.001
      43382.003      33784.910    7444985.665          0.000
      42576.564      34603.748     899995.188          0.001
      43881.893      33718.275     962074.555          0.001
      45269.618      33533.294     962177.731          0.001
      45358.085      33679.201     962177.731          0.001
      44114.377      34322.000     959673.198          0.001
      45769.252      33466.693    4707985.018          0.001
      46578.696      33537.811    3208208.444          0.000
      46581.963      33855.973     962135.677          0.000
      46596.335      35255.900     958694.341          0.000
      47099.651      34086.097     962135.677          0.001
      47801.340      34824.597    1390968.893          0.001
      46520.379      33624.341     962135.677          0.000
      45737.952      34785.292     957650.335          0.000
      48750.018      33553.604    1106523.610          0.002
      50146.340      33648.788     963444.031          0.001
      48694.463      33628.035     963441.370          0.002
      47857.045      34749.966     958344.108          0.001
      49708.610      34139.979     963444.031          0.002
      48483.842      34816.462    4162015.773          0.000
      50548.299      33676.188    2177325.770          0.001
      51558.475      33812.883     962443.724          0.000
      51666.396      34531.099     962443.724          0.001
      51417.853      35519.670    1956360.465          0.001
      52577.341      33770.087     962443.724          0.001
      53589.708      33659.869    1401830.272          0.001
      51837.475      33850.637    5283419.074          0.000
      50795.941      34785.726     959504.029          0.000
      53589.708      33659.869    1401830.272          0.001
      54411.475      34792.888     959612.331          0.001
      53589.708      33659.869    1401830.272          0.001
      52898.349      34861.798    2021154.213          0.001
      53589.708      33659.869    1401830.272          0.001
      54604.134      33748.780     962726.862          0.001
      55664.951      34150.575     962726.862          0.000
      55682.458      35550.466     958429.735          0.000
      55252.438      34233.392     962726.862          0.001
      54517.190      34938.643    1359010.674          0.001
      57960.523      34095.308     961838.210          0.002
      58618.025      35331.306     958675.852          0.001
      57849.551      33886.698    1866648.647          0.001
      56685.146      34515.202    1675455.439          0.001
      59839.135      33890.310    1439162.590          0.001
      60857.779      33866.410     958891.470          0.001
      60144.504      34030.315     960666.837          0.001
      61417.124      34613.786     956432.042          0.001
      59839.135      33890.310    1439162.590          0.001
      58741.367      34458.818    3259253.883          0.001
      62691.840      34291.963     958891.470          0.001
      63582.471      34787.279    1146063.909          0.001
      62730.084      33696.755     958891.470          0.001
      63734.483      33524.048     797153.813          0.001
      61883.383      33842.347    5432722.289          0.000
      61723.023      34754.035    1247971.953          0.001
      63734.483      33524.048     797153.813          0.001
      63582.471      34787.279    1146063.909          0.001
      63734.483      33524.048     797153.813          0.001
      65046.241      33435.455    3382256.670          0.001
      63734.483      33524.048     797153.813          0.001
      64410.514      34286.492     954312.463          0.000
      65046.241      33435.455    3382256.670          0.001
      65793.782      34558.771    5390665.303          0.001
      66731.670      34137.619     951750.354          0.001
      66158.648      35414.977     951540.411          0.001
      66854.526      33894.876     951750.354          0.001
      67883.830      34843.841     947020.502          0.001
      66844.650      33885.771    1760496.664          0.001
      65793.782      34558.771    5390665.303          0.001
      68433.771      34594.372     948804.947          0.001
      68922.697      35488.499    1945397.332          0.001
      69113.766      34259.564     948804.947          0.001
      70041.434      34680.853    1029589.438          0.002
      68645.328      33715.147     948804.947          0.001
      69975.997      33670.177    2722291.809          0.001
      69975.997      33670.177    2722291.809          0.001
      70041.434      34680.853    1029589.438          0.002
      70611.130      33744.758     942627.034          0.001
      71695.752      33872.119    1184899.773          0.001
      71711.762      33881.850     936222.594          0.001
      72907.227      34608.443    1710729.954          0.001
      74114.308      33878.687    1591969.082          0.001
      74595.353      34776.551     912762.129          0.001
      74114.308      33878.687    1591969.082          0.001
      75351.345      34532.796     903486.687          0.002
      74114.308      33878.687    1591969.082          0.001
      75513.917      33870.571     907110.595          0.002
      74109.861      33881.376     923651.484          0.001
      72911.789      34605.685     928421.609          0.001
      76164.029      33866.801    1482173.031          0.001
      75989.985      34870.489    1121958.832          0.001
      76164.029      33866.801    1482173.031          0.001
      77393.693      33546.619     890445.529          0.002
      77785.409      33444.623    1192937.926          0.002
      78312.330      33959.736     871686.422          0.002
      77625.575      33620.050     890445.529          0.002
      76777.304      34551.078    2378923.895          0.001
      79844.882      33843.314     867139.448          0.000
      79065.822      34696.343    4930161.706          0.000
       1252.171      35477.998     866431.779          0.002
       1909.301      35889.498    1630970.894          0.002
       2206.197      34497.078    2209625.408          0.001
       1930.321      35790.917     884471.877          0.002
       2885.531      35046.090     890701.829          0.002
       3863.045      35836.079    1447976.128          0.001
       2990.104      34539.332     890701.829          0.002
       4248.740      34607.174    2711057.662          0.001
       4411.682      34601.133     910625.641          0.001
       5810.721      34549.266     922455.589          0.001
       4248.740      34607.174    2711057.662          0.001
       3863.045      35836.079    1447976.128          0.001
       5973.794      34543.221    1282276.401          0.001
       5984.764      35584.596    2382246.505          0.001
       5983.941      34556.098     922455.589          0.001
       6850.454      35655.715     924424.038          0.002
       5973.794      34543.221    1282276.401          0.001
       5352.686      35351.294     912580.168          0.001
       5973.794      34543.221    1282276.401          0.001
       6976.751      34721.231     930394.482          0.001
       7631.929      35644.789     930394.482          0.001
       7172.803      36554.170    1367611.130          0.001
       8073.270      35312.310     930394.482          0.000
       8300.792      36693.327    7619518.438          0.000
       8956.590      34795.447     930394.482          0.001
      10346.798      34636.833    7084432.080          0.000
       8512.394      35249.470     930394.482          0.001
       9353.672      35823.545    1213689.620          0.001
       7707.666      35103.028     930394.482          0.000
       6860.519      35668.488     600833.018          0.002
      11324.554      34552.698     940340.731          0.001
      12339.316      34465.379     845184.546          0.002
      10007.627      35042.118     940340.731          0.001
       9353.672      35823.545    1213689.620          0.001
      12339.316      34465.379     845184.546          0.002
      11365.760      35471.007     942045.209          0.001
      12339.316      34465.379     845184.546          0.002
      12930.402      35295.505     946828.910          0.001
      13068.687      34620.181    2126021.738          0.001
      14450.068      34843.610     948412.796          0.001
      15007.466      34933.765    5857943.802          0.001
      16008.450      34741.397     952475.475          0.001
      15007.466      34933.765    5857943.802          0.001
      14093.057      35385.131     946828.910          0.001
      15875.875      35236.186     952475.475          0.001
      14993.190      35745.932    4333765.829          0.001
      18221.522      34725.083     952475.475          0.001
      19225.792      34896.321    1905485.029          0.001
      19225.792      34896.321    1905485.029          0.001
      20217.440      34664.480     957303.467          0.001
      19872.090      35175.622     954837.136          0.001
      21157.220      35730.998     954313.799          0.002
      19225.792      34896.321    1905485.029          0.001
      17988.729      35551.307     951913.924          0.001
      21064.581      34760.301     957303.467          0.000
      21234.087      35764.217    1083388.480          0.002
      22360.926      34889.521    1653457.918          0.001
      22208.112      35897.872     955651.161          0.001
      22360.926      34889.521    1653457.918          0.001
      23160.383      35957.332    1106690.604          0.001
      22360.926      34889.521    1653457.918          0.001
      23379.807      34899.717     958693.620          0.001
      22339.267      34906.334     957726.115          0.001
      21234.087      35764.217    1083388.480          0.002
      24396.177      35172.533     958693.620          0.000
      24275.233      36566.967    4838408.183          0.000
      25519.435      34833.021     958693.620          0.001
      26535.315      34761.855    2086111.926          0.001
      23943.144      35306.012     958693.620          0.001
      23160.383      35957.332    1106690.604          0.001
      24653.758      35140.775     958693.620          0.000
      25380.127      35854.277    1191361.392          0.001
      26866.153      34976.573     960459.230          0.001
      28040.504      35738.741     959839.491          0.001
      26535.315      34761.855    2086111.926          0.001
      26098.532      35966.735    3849043.066          0.001
      26466.144      34827.268     960459.230          0.001
      25448.946      35789.197     957088.275          0.002
      26535.315      34761.855    2086111.926          0.001
      27934.210      34737.788     961093.918          0.001
      29174.694      34666.933     961093.918          0.001
      30568.085      34537.940     741210.776          0.001
      29094.351      35026.819     961093.918          0.001
      30336.275      35670.990    1743235.126          0.002
      28517.759      34727.748    2636149.769          0.001
      28371.802      35953.758    2150015.555          0.001
      30568.085      34537.940     741210.776          0.001
      30336.275      35670.990    1743235.126          0.002
      31324.395      34614.653     960489.402          0.000
      32322.146      35596.739     961501.637          0.001
      31226.941      34556.554     960489.402          0.000
      30352.896      35650.193     961221.010          0.002
      33431.407      34643.806    4181598.695          0.002
      34447.070      34566.197     958815.168          0.001
      34987.064      35186.456     958815.168          0.001
      34328.774      35963.761    1833095.678          0.003
      35847.898      34984.122     958815.168          0.001
      36317.002      35888.798    1930072.678          0.001
      36390.904      34938.057    3136589.279          0.001
      37272.891      35449.029     961422.900          0.000
      38937.932      34982.439     958916.818          0.001
      40243.053      35489.055     961505.211          0.002
      38984.422      34907.246     958916.818          0.001
      40384.107      34936.940     959223.783          0.001
      38730.336      34901.855    1332640.465          0.001
      38727.580      35627.717    1440900.486          0.001
      40638.304      34942.333    3511396.913          0.001
      41566.702      35362.955     961157.722          0.001
      40918.210      34893.437     959223.783          0.001
      42297.326      34652.526     959709.057          0.001
      42576.564      34603.748     899995.188          0.001
      43702.980      34534.626    4537984.832          0.001
      43594.597      35361.472     959673.198          0.002
      43412.642      36749.597     964683.372          0.001
      43702.980      34534.626    4537984.832          0.001
      42919.365      35186.082     961157.722          0.001
      43702.980      34534.626    4537984.832          0.001
      44707.725      34705.492     957650.335          0.001
      45734.014      35594.524     957650.335          0.001
      45809.458      36610.344    1122544.541          0.002
      45680.269      34870.881    8120473.612          0.000
      46599.612      35574.999    2848521.553          0.000
      45409.808      35166.025     957650.335          0.000
      44721.299      35917.367    1856619.531          0.002
      47798.095      35180.342     958344.108          0.001
      47785.326      36580.283     963780.961          0.001
      47801.340      34824.597    1390968.893          0.001
      48549.837      35516.191     959309.864          0.000
      47801.340      34824.597    1390968.893          0.001
      46937.390      35364.078     958694.341          0.000
      48605.931      34916.870     958800.545          0.001
      49687.222      35806.146     959753.377          0.001
      48483.842      34816.462    4162015.773          0.000
      49502.228      34805.056     959504.029          0.001
      50481.768      35141.680     959504.029          0.000
      49809.213      35906.474    5169956.414          0.000
      52899.948      35225.802     959980.746          0.001
      52906.098      36625.789     963128.777          0.001
      53008.959      34867.048     959980.746          0.001
      54407.384      34933.431     959612.331          0.001
      52898.349      34861.798    2021154.213          0.001
      53769.397      35826.105    1106454.036          0.001
      52870.812      34874.034     959980.746          0.001
      51591.435      35442.537     959844.970          0.001
      54517.190      34938.643    1359010.674          0.001
      53769.397      35826.105    1106454.036          0.001
      54517.190      34938.643    1359010.674          0.001
      55318.185      35568.609     958429.735          0.000
      57081.803      34714.129     960294.520          0.001
      58333.245      35341.738     958675.852          0.001
      56685.146      34515.202    1675455.439          0.001
      56667.077      35545.186     958564.157          0.001
      56685.146      34515.202    1675455.439          0.001
      56076.856      35333.040     958429.735          0.001
      58741.367      34458.818    3259253.883          0.001
      58729.211      35540.318    2135927.605          0.001
      60212.674      35089.027     958703.925          0.001
      60945.376      35797.707    1600238.477          0.000
      60708.346      34657.391     958703.925          0.001
      61723.023      34754.035    1247971.953          0.001
      59598.921      35466.808     958703.925          0.001
      59514.498      36654.734    2025270.190          0.001
      61952.934      34758.146     956432.042          0.001
      63352.711      34783.171     954423.801          0.001
      61723.023      34754.035    1247971.953          0.001
      60945.376      35797.707    1600238.477          0.000
      63582.471      34787.279    1146063.909          0.001
      63976.900      35465.812    1529316.907          0.001
      63582.471      34787.279    1146063.909          0.001
      62648.590      35195.013     956687.164          0.001
      65255.563      35023.239     954312.463          0.001
      66045.607      35666.965    4011961.225          0.001
      67893.485      34852.743    1153067.257          0.001
      68009.237      35579.172     888877.524          0.002
      67893.485      34852.743    1153067.257          0.001
      68922.697      35488.499    1945397.332          0.001
      67610.410      34977.473     947020.502          0.001
      66329.264      35541.978     951540.411          0.001
      70042.883      34681.798     940636.950          0.002
      71215.314      35446.916     935448.341          0.001
      70041.434      34680.853    1029589.438          0.002
      71038.277      34493.790    9290846.823          0.000
      70041.434      34680.853    1029589.438          0.002
      68922.697      35488.499    1945397.332          0.001
      71891.266      34546.118     937262.164          0.001
      72907.227      34608.443    1710729.954          0.001
      72907.227      34608.443    1710729.954          0.001
      73868.687      35598.348    1404387.642          0.001
      72907.227      34608.443    1710729.954          0.001
      71873.693      35551.459     935448.341          0.001
      73801.594      34764.339    5951460.578          0.000
      74949.544      35564.907     912762.129          0.000
      75989.985      34870.489    1121958.832          0.001
      76777.304      34551.078    2378923.895          0.001
      75989.985      34870.489    1121958.832          0.001
      75204.422      35520.073     912762.129          0.000
      76777.304      34551.078    2378923.895          0.001
      77655.414      34937.399     873275.790          0.002
      76777.304      34551.078    2378923.895          0.001
      77509.540      34597.557     871686.422          0.002
      79611.424      34997.497     864729.689          0.001
      78956.027      35509.600    2563330.655          0.001
       1909.301      35889.498    1630970.894          0.002
       1956.037      36929.900    2044086.127          0.001
       1909.301      35889.498    1630970.894          0.002
       1240.608      36185.510     865548.965          0.001
       2677.815      35868.485     884471.877          0.002
       3863.045      35836.079    1447976.128          0.001
       3863.045      35836.079    1447976.128          0.001
       4095.718      36987.740     854041.832          0.002
       3863.045      35836.079    1447976.128          0.001
       2817.525      36435.768     884112.440          0.002
       3863.045      35836.079    1447976.128          0.001
       4760.192      36366.136     912348.727          0.001
       5930.973      36461.599     919742.443          0.002
       5853.012      37732.659    2986348.805          0.001
       6186.070      35748.884     919742.443          0.001
       7172.803      36554.170    1367611.130          0.001
       5984.764      35584.596    2382246.505          0.001
       5061.505      36413.458     912348.727          0.000
       6860.519      35668.488     600833.018          0.002
       7172.803      36554.170    1367611.130          0.001
       9353.672      35823.545    1213689.620          0.001
       9839.285      36719.152     940368.881          0.001
       9548.023      35810.559     935858.790          0.002
      10944.908      35717.221     942045.209          0.001
       9358.546      35825.965     935858.790          0.001
      10612.509      36448.521     941639.577          0.001
       9353.672      35823.545    1213689.620          0.001
       8568.167      36472.449     931585.168          0.000
      11140.021      35704.184    1990537.302          0.001
      11000.782      36641.287    6508146.984          0.000
      12046.803      36117.968     942045.209          0.002
      13319.964      36698.939    1913054.656          0.001
      11140.021      35704.184    1990537.302          0.001
      12158.906      35743.363     946828.910          0.001
      13973.733      35770.056     946828.910          0.001
      14993.190      35745.932    4333765.829          0.001
      14536.076      36006.287     949016.988          0.002
      13319.964      36698.939    1913054.656          0.001
      15478.057      35774.238     949016.988          0.002
      16875.677      35855.829     951913.924          0.001
      17890.860      36144.813     951913.924          0.001
      19146.932      36761.851    1500599.413          0.001
      17360.164      35884.112    4045183.813          0.001
      18379.513      35895.590     952776.746          0.001
      16965.659      36038.692     951913.924          0.001
      15662.153      36549.450     952083.751          0.002
      20045.315      36273.996     952776.746          0.001
      21041.385      36666.210    2618680.966          0.001
      20217.447      35830.850     952776.746          0.001
      21234.087      35764.217    1083388.480          0.002
      21234.087      35764.217    1083388.480          0.002
      21944.454      36494.690     955651.161          0.000
      23155.293      36188.008     954841.063          0.001
      23124.405      37587.667     958456.998          0.001
      23160.383      35957.332    1106690.604          0.001
      22305.269      36511.961     955651.161          0.000
      25384.222      36057.940     957088.275          0.002
      25412.362      37457.657     958654.326          0.002
      25380.127      35854.277    1191361.392          0.001
      26199.129      36798.763    1240937.503          0.002
      25380.127      35854.277    1191361.392          0.001
      24524.185      36406.385     956364.405          0.000
      26534.809      35964.244     957511.309          0.001
      27934.786      35956.252     959839.491          0.001
      28661.552      35912.051     959839.491          0.001
      30047.270      35712.590     961221.010          0.002
      28371.802      35953.758    2150015.555          0.001
      27606.386      36627.037     957766.357          0.000
      28371.802      35953.758    2150015.555          0.001
      28151.676      36798.050     840658.972          0.001
      30352.674      35692.151     961221.010          0.002
      31210.226      36798.769     960250.415          0.001
      30336.275      35670.990    1743235.126          0.002
      29604.961      36380.522     958913.972          0.001
      32497.478      35779.920     961501.637          0.001
      33441.039      36814.180     961606.399          0.001
      32316.325      35760.009     961501.637          0.001
      31312.915      36736.313     960250.415          0.002
      32673.472      35716.456     961501.637          0.001
      34058.104      35923.323     962793.852          0.003
      34328.774      35963.761    1833095.678          0.003
      34434.714      36977.337     960142.686          0.001
      34364.344      35995.895     962793.852          0.003
      35403.197      36934.396     963209.118          0.001
      34328.774      35963.761    1833095.678          0.003
      35727.475      35911.026     962253.864          0.002
      34328.774      35963.761    1833095.678          0.003
      33535.320      36917.523    1548966.089          0.001
      36313.073      36068.049     962253.864          0.001
      36282.391      37467.712     962303.228          0.001
      36317.002      35888.798    1930072.678          0.001
      35438.316      36966.123    1338762.355          0.001
      36317.002      35888.798    1930072.678          0.001
      37325.683      35742.166     961422.900          0.000
      36322.597      35892.467     962253.864          0.001
      37493.350      36660.150     964139.388          0.001
      38847.978      35798.710     961544.095          0.001
      39653.701      36943.017    2281839.683          0.000
      38889.487      35622.239     961544.095          0.001
      40288.686      35574.896     961505.211          0.001
      38648.331      35694.527     961544.095          0.001
      37577.949      36596.902     964139.388          0.001
      40528.218      35644.996     961505.211          0.001
      41534.360      36618.483     964612.202          0.001
      40450.122      35569.434    1610031.142          0.001
      41466.930      35639.508     961157.722          0.001
      40396.960      35661.122     961505.211          0.001
      39694.724      36872.265     965321.480          0.001
      44979.066      36421.922     960485.170          0.003
      45615.994      37668.647     966172.012          0.001
      44608.892      36111.039     960485.170          0.002
      43906.125      37321.873     966233.809          0.002
      44721.299      35917.367    1856619.531          0.002
      45809.458      36610.344    1122544.541          0.002
      44655.735      35959.358     960485.170          0.002
      43476.802      36714.418     964683.372          0.001
      47114.054      36167.092     958694.341          0.001
      47782.082      36935.953    2777750.059          0.001
      46427.211      35800.897     958694.341          0.000
      45809.458      36610.344    1122544.541          0.002
      49104.332      36035.540     959309.864          0.000
      49845.252      36735.247    3700739.346          0.001
      48418.227      36139.820     959309.864          0.001
      47782.082      36935.953    2777750.059          0.001
      49965.084      35965.903     959753.377          0.001
      51273.225      36464.667     962368.737          0.001
      49809.213      35906.474    5169956.414          0.000
      51169.887      35579.295     959844.970          0.001
      51911.244      36006.381     959844.970          0.001
      52907.695      36989.341    2016679.492          0.000
      51417.853      35519.670    1956360.465          0.001
      51428.996      36524.059    1950020.022          0.001
      53769.397      35826.105    1106454.036          0.001
      54596.522      36541.395    1819517.417          0.001
      53755.357      35845.058     959881.826          0.001
      52922.010      36970.017     963128.777          0.001
      56207.665      36724.777     958429.735          0.001
      56733.035      37598.092    1942642.227          0.001
      56013.338      36025.904     958429.735          0.000
      56920.064      36491.077    1367454.387          0.001
      55459.944      36000.051     958429.735          0.000
      54596.522      36541.395    1819517.417          0.001
      57704.324      35640.980     958564.157          0.002
      58729.211      35540.318    2135927.605          0.001
      58444.407      35689.991     958675.852          0.001
      57205.120      36341.272     960250.480          0.002
      58729.211      35540.318    2135927.605          0.001
      58624.113      36849.481    1073352.259          0.001
      58729.211      35540.318    2135927.605          0.001
      59506.107      36642.827     959731.028          0.001
      60952.181      36239.147     957228.191          0.001
      60973.753      37638.645    1605480.277          0.001
      60945.376      35797.707    1600238.477          0.000
      61787.907      36847.544    2250765.900          0.001
      60945.376      35797.707    1600238.477          0.000
      59788.085      36490.869     959731.028          0.001
      62961.952      35556.882     956687.164          0.001
      63976.900      35465.812    1529316.907          0.001
      64026.312      35470.617     954246.953          0.001
      65419.740      35606.108     951540.411          0.002
      63976.900      35465.812    1529316.907          0.001
      64513.074      36332.359     953923.638          0.001
      63976.900      35465.812    1529316.907          0.001
      64025.373      36492.733    1030138.566          0.001
      63779.868      35590.183     954246.953          0.001
      62595.991      36337.467     958375.284          0.002
      66240.819      35765.416     951540.411          0.001
      67490.845      36395.842     948762.634          0.001
      66328.586      35654.313     951540.411          0.001
      67727.189      35591.782     947196.576          0.002
      66045.607      35666.965    4011961.225          0.001
      65355.531      36416.926     953923.638          0.001
      68009.237      35579.172     888877.524          0.002
      67685.546      36494.035    1143955.984          0.001
      68009.237      35579.172     888877.524          0.002
      68657.086      36365.566     945443.103          0.000
      68922.697      35488.499    1945397.332          0.001
      68855.408      36505.368     945443.103          0.000
      69881.922      35836.858     942554.728          0.001
      70854.421      36842.816    1813464.374          0.001
      69957.888      35615.850     942554.728          0.001
      71354.145      35718.154     935448.341          0.001
      71813.280      35874.357     935448.341          0.001
      72851.206      36813.883     930221.205          0.002
      72472.614      35688.760     935448.341          0.002
      73868.687      35598.348    1404387.642          0.001
      71665.957      35741.001    2931347.889          0.001
      70854.421      36842.816    1813464.374          0.001
      73868.687      35598.348    1404387.642          0.001
      73070.673      36747.544     930221.205          0.002
      73868.687      35598.348    1404387.642          0.001
      74842.347      36554.464    1811327.480          0.001
      73868.687      35598.348    1404387.642          0.001
      74886.668      35634.690     912762.129          0.000
      75058.398      35640.820    4127549.023          0.000
      76456.708      35580.880     896214.253          0.000
      76775.739      35567.205    8553764.304          0.000
      77990.180      35535.118     873275.790          0.002
      75749.603      36091.186     896214.253          0.001
      74842.347      36554.464    1811327.480          0.001
      78956.027      35509.600    2563330.655          0.001
      79110.069      36617.901     873553.024          0.001
      77835.046      36382.506     873275.790          0.002
      77078.152      36971.898    1765229.623          0.001
      78956.027      35509.600    2563330.655          0.001
      79666.500      35648.899     865939.287          0.000
      79818.823      35946.213     865939.287          0.000
      79137.868      36817.912    3519427.175          0.000
       1118.839      37202.580     865548.965          0.001
       1912.010      37534.276    1703925.502          0.002
       1956.037      36929.900    2044086.127          0.001
       1912.010      37534.276    1703925.502          0.002
       2895.557      36955.297     884112.440          0.002
       4095.718      36987.740     854041.832          0.002
       2751.757      37237.949     884112.440          0.002
       3864.807      37668.846    2212191.216          0.001
       4095.718      36987.740     854041.832          0.002
       4973.703      36492.284    4552734.032          0.000
       4095.718      36987.740     854041.832          0.002
       5384.328      37533.984     920930.804          0.002
       7174.305      36556.170     926370.314          0.001
       8014.773      37675.818     932579.328          0.001
       7034.872      36677.334     926370.314          0.001
       5990.600      37609.802     920930.804          0.001
       8883.659      36703.570    2039301.324          0.000
       9744.580      37248.737     940368.881          0.001
       8883.659      36703.570    2039301.324          0.000
       8016.268      37677.808    2392218.064          0.001
      11921.060      36664.164     941639.577          0.001
      13319.964      36698.939    1913054.656          0.001
      13319.964      36698.939    1913054.656          0.001
      14719.603      36702.507     952083.751          0.002
      13369.636      36771.525     948978.281          0.001
      14160.278      37926.898     951340.907          0.001
      13319.964      36698.939    1913054.656          0.001
      12221.005      37565.052     946447.095          0.001
      15267.969      36703.905    2365236.051          0.002
      15937.154      37473.390     954390.982          0.001
      15095.219      36915.500     952083.751          0.002
      14210.078      37999.671    1935150.903          0.001
      15943.468      36784.315     952083.751          0.002
      17333.653      36949.800     955307.211          0.002
      17568.140      36934.954     955307.211          0.002
      18959.800      36782.369     955790.420          0.001
      17381.157      36955.455    1145036.366          0.002
      18215.214      37743.954    1824516.602          0.001
      17381.157      36955.455    1145036.366          0.002
      16668.620      37684.386     954390.982          0.000
      19146.932      36761.851    1500599.413          0.001
      20043.747      37546.896    1587798.728          0.002
      19146.932      36761.851    1500599.413          0.001
      18215.214      37743.954    1824516.602          0.001
      19394.901      36749.332     955790.420          0.001
      20793.120      36678.744     955645.718          0.001
      21041.385      36666.210    2618680.966          0.001
      21289.083      37844.997    4942594.032          0.001
      21041.385      36666.210    2618680.966          0.001
      20043.747      37546.896    1587798.728          0.002
      24270.314      37504.684     956364.405          0.001
      24264.971      38523.335    4729402.814          0.001
      24681.193      36955.998     956364.405          0.001
      25416.442      37660.585    1457388.104          0.002
      23810.359      37070.289     956364.405          0.001
      23119.311      37818.492    1757014.262          0.001
      26222.415      37014.017     957566.116          0.002
      26372.988      38405.897     959734.172          0.002
      26288.112      36892.958     957566.116          0.002
      27249.507      37910.662     959317.510          0.001
      26199.129      36798.763    1240937.503          0.002
      27211.396      36915.903     957766.357          0.000
      26199.129      36798.763    1240937.503          0.002
      25416.442      37660.585    1457388.104          0.002
      27270.247      36922.713    7136529.930          0.000
      28151.676      36798.050     840658.972          0.001
      28120.673      36844.090     958252.180          0.001
      27338.803      38005.188    1318688.048          0.001
      28151.676      36798.050     840658.972          0.001
      29174.324      37718.875    1750085.761          0.001
      30207.969      36798.641     958913.972          0.001
      31226.776      36820.126    2025631.038          0.001
      31226.776      36820.126    2025631.038          0.001
      31469.822      37809.714     958575.278          0.000
      31682.049      36839.334     960250.415          0.002
      33080.805      36898.347     961606.399          0.002
      30841.515      36988.827     960250.415          0.002
      29559.079      37550.394     958673.156          0.001
      33535.320      36917.523    1548966.089          0.001
      34277.969      37615.231     960142.686          0.000
      33535.320      36917.523    1548966.089          0.001
      32603.074      37328.649     958575.278          0.001
      35441.558      37150.859     963209.118          0.001
      35466.121      38550.643     960515.415          0.001
      35438.316      36966.123    1338762.355          0.001
      36278.463      37646.861    1402059.707          0.001
      37498.736      36663.681    2385724.015          0.001
      37426.968      37679.963     961338.870          0.001
      37641.170      36815.321     964139.388          0.001
      38599.344      37835.422    1484767.736          0.001
      38250.118      36761.079     964139.388          0.001
      39638.502      36941.047     965321.480          0.000
      37433.750      36716.041     964139.388          0.001
      36343.574      37594.401     962303.228          0.001
      39993.806      37089.014     965321.480          0.001
      41280.284      37641.260     965609.945          0.002
      39938.393      36906.850     965321.480          0.001
      41327.231      36730.414     964612.202          0.001
      39653.701      36943.017    2281839.683          0.000
      38599.344      37835.422    1484767.736          0.001
      42012.817      36707.931     964612.202          0.001
      43411.796      36756.052    1580954.549          0.001
      43385.074      36771.441     964683.372          0.001
      42171.880      37470.126     965609.945          0.002
      43411.796      36756.052    1580954.549          0.001
      43793.668      37515.632    2187637.576          0.002
      45819.148      36611.943     963126.945          0.002
      47200.456      36839.947     963780.961          0.002
      45809.458      36610.344    1122544.541          0.002
      45621.353      37679.136    1575134.294          0.001
      47899.445      37142.117     963780.961          0.001
      48592.060      38358.786     965518.178          0.001
      48087.549      37067.669     963780.961          0.001
      49373.126      37622.007     965840.904          0.002
      48116.998      36903.372     963780.961          0.001
      49510.420      36767.819     962895.778          0.001
      47719.201      36973.911     963780.961          0.001
      46520.649      37697.426     965947.575          0.001
      49943.281      36722.175     962895.778          0.001
      51330.998      36537.127     962368.737          0.001
      51428.996      36524.059    1950020.022          0.001
      51830.514      37859.868    1713249.886          0.001
      51126.013      36736.752     962368.737          0.002
      49980.165      37541.135     965840.904          0.002
      51500.477      36546.551     962368.737          0.001
      52835.927      36966.758     963128.777          0.001
      53075.436      36944.849     963128.777          0.001
      54428.645      36585.923     961197.911          0.001
      52907.695      36989.341    2016679.492          0.000
      54133.020      37666.048     962585.538          0.001
      54596.522      36541.395    1819517.417          0.001
      54487.693      37861.922    2336939.037          0.001
      55037.415      36759.456     961197.911          0.002
      56292.317      37380.118     961470.237          0.002
      56922.848      36493.985     960250.480          0.001
      57890.968      37505.293     960708.169          0.001
      57086.776      36526.141     960250.480          0.001
      58456.802      36814.292     960517.488          0.001
      56920.064      36491.077    1367454.387          0.001
      56733.035      37598.092    1942642.227          0.001
      58624.113      36849.481    1073352.259          0.001
      57894.101      37508.566    3162352.459          0.001
      58624.113      36849.481    1073352.259          0.001
      59514.498      36654.734    2025270.190          0.001
      59855.769      36884.838     959731.028          0.001
      60973.753      37638.645    1605480.277          0.001
      62060.785      36981.718     958375.284          0.001
      63317.126      37599.462     955411.941          0.001
      62537.345      36728.700     958375.284          0.002
      63920.068      36509.432     955477.449          0.001
      61787.907      36847.544    2250765.900          0.001
      61680.306      37717.746    7978221.857          0.000
      61787.907      36847.544    2250765.900          0.001
      60973.753      37638.645    1605480.277          0.001
      64025.373      36492.733    1030138.566          0.001
      63589.892      37733.581    1857986.938          0.001
      64884.565      37523.927     953923.638          0.001
      64887.098      38542.938    1828700.486          0.001
      65104.631      36852.534     953923.638          0.000
      66066.157      36514.726    1269982.992          0.002
      66303.771      36654.280     952228.310          0.002
      67510.965      37363.282     947936.658          0.001
      66051.334      36557.588     952228.310          0.002
      65593.758      37880.699     952168.805          0.001
      66176.030      36513.322     952228.310          0.002
      67575.916      36495.436     948762.634          0.001
      67685.546      36494.035    1143955.984          0.001
      67748.058      37502.530    1886648.116          0.001
      69843.628      36719.808     945443.103          0.001
      70854.421      36842.816    1813464.374          0.001
      68535.640      36856.158     945443.103          0.000
      67748.058      37502.530    1886648.116          0.001
      70940.091      36910.947     939666.249          0.001
      72035.825      37782.363     933272.008          0.001
      70854.421      36842.816    1813464.374          0.001
      72253.258      36887.673     930221.205          0.003
      70854.421      36842.816    1813464.374          0.001
      69594.048      37450.495     944670.421          0.002
      73466.903      36814.128     930221.205          0.003
      74842.347      36554.464    1811327.480          0.001
      72957.679      36910.263    2401876.256          0.002
      72121.752      37850.699    1554418.163          0.001
      74842.347      36554.464    1811327.480          0.001
      75718.965      37645.337     908880.907          0.002
      74842.347      36554.464    1811327.480          0.001
      75148.327      37893.277    8560200.776          0.001
      74842.347      36554.464    1811327.480          0.001
      74157.420      37682.800    4301633.804          0.001
      74842.347      36554.464    1811327.480          0.001
      76218.502      36811.398     897225.078          0.002
      77051.343      37104.046     897225.078          0.001
      76772.990      38476.096     901256.622          0.002
      77078.152      36971.898    1765229.623          0.001
      77820.544      37754.857     918007.096          0.002
      77078.152      36971.898    1765229.623          0.001
      77796.331      36918.206     873553.024          0.002
      77046.879      36997.999     897225.078          0.001
      75972.040      37895.061     908880.907          0.001
      79108.268      37130.428     873553.024          0.001
      78976.258      38524.190     876134.274          0.001
      79137.868      36817.912    3519427.175          0.000
      79848.133      37590.013     868046.427          0.000
       1101.665      37627.866     866004.560          0.001
       1912.010      37534.276    1703925.502          0.002
        332.021      38026.130     866004.560          0.000
       1214.780      38746.725    3779375.790          0.001
       2522.132      38198.267     883516.822          0.003
       3251.138      38991.637     833776.383          0.001
       2792.466      37594.949     883516.822          0.003
       3864.807      37668.846    2212191.216          0.001
       3864.807      37668.846    2212191.216          0.001
       5264.013      37713.755     920930.804          0.002
       3852.508      37695.357     904511.255          0.001
       3263.334      38965.347     894299.938          0.001
       5853.012      37732.659    2986348.805          0.001
       6233.886      38840.937    1604774.793          0.001
       5601.948      38300.878     920930.804          0.002
       5036.413      39580.819    1236883.339          0.001
       6234.597      37722.984     920930.804          0.002
       7634.148      37687.497     932579.328          0.001
       5853.012      37732.659    2986348.805          0.001
       4990.261      38275.689     903221.128          0.001
       8016.268      37677.808    2392218.064          0.001
       8253.769      38986.220    1546669.526          0.001
       7406.020      38076.038     932579.328          0.001
       6233.886      38840.937    1604774.793          0.001
       8016.268      37677.808    2392218.064          0.001
       9034.929      37650.981     940368.881          0.001
      11297.957      38279.829     940368.881          0.001
      12139.713      38853.946    2200099.311          0.002
      11159.732      37608.589     940368.881          0.001
      12178.775      37598.334    4347060.495          0.001
      10312.279      37906.228     940368.881          0.000
      10263.656      38923.690    1920250.871          0.001
       9103.622      38424.701     940368.881          0.002
       8253.769      38986.220    1546669.526          0.001
      12837.179      37728.419     946447.095          0.002
      14210.078      37999.671    1935150.903          0.001
      14605.101      38168.613     951340.907          0.002
      15892.320      38719.128     956056.955          0.001
      14210.078      37999.671    1935150.903          0.001
      15229.245      37990.916     954390.982          0.001
      14208.722      38000.231     951340.907          0.001
      12914.563      38534.227     948124.150          0.003
      17204.137      37874.476     954390.982          0.001
      18215.214      37743.954    1824516.602          0.001
      18215.214      37743.954    1824516.602          0.001
      18818.712      38564.987     956498.789          0.001
      17567.880      38127.916     956267.544          0.002
      16363.763      38842.130     956056.955          0.001
      18433.668      37720.412     956267.544          0.002
      19825.608      37570.405     957413.314          0.002
      20181.458      37654.693     957413.314          0.002
      21283.872      38517.643     958114.275          0.001
      20043.747      37546.896    1587798.728          0.002
      19518.333      38419.680     956498.789          0.001
      21504.386      37841.879     958157.644          0.001
      22904.239      37821.606     958456.998          0.001
      23119.311      37818.492    1757014.262          0.001
      23531.217      38683.732    1328123.940          0.002
      22902.532      37921.492     958456.998          0.001
      21638.012      38522.316     958114.275          0.001
      23119.311      37818.492    1757014.262          0.001
      24264.971      38523.335    4729402.814          0.001
      25416.442      37660.585    1457388.104          0.002
      26396.344      38621.799    1643065.142          0.002
      25416.442      37660.585    1457388.104          0.002
      25247.381      39049.809     960137.265          0.002
      27564.913      37969.918     959317.510          0.001
      28948.186      37754.149     958673.156          0.001
      27338.803      38005.188    1318688.048          0.001
      27293.517      38708.189    2808898.476          0.001
      27338.803      38005.188    1318688.048          0.001
      26396.344      38621.799    1643065.142          0.002
      28853.528      37887.615     958673.156          0.001
      27614.484      38539.359     959304.710          0.001
      29174.324      37718.875    1750085.761          0.001
      29370.754      38718.697     958358.678          0.000
      29174.324      37718.875    1750085.761          0.001
      30192.175      37766.551     958575.278          0.001
      32525.946      38319.140     958575.278          0.001
      33448.564      38751.119    1612945.799          0.001
      32624.183      37719.867     958575.278          0.001
      33638.811      37625.724    2422522.469          0.001
      31065.838      38009.227     958575.278          0.000
      29787.951      38581.072     958358.678          0.000
      33638.811      37625.724    2422522.469          0.001
      33448.564      38751.119    1612945.799          0.001
      34368.566      38762.523     960142.686          0.001
      34195.981      39766.896    1696821.839          0.002
      36278.463      37646.861    1402059.707          0.001
      35469.377      38736.231    6670629.586          0.001
      38599.344      37835.422    1484767.736          0.001
      39364.291      38842.529     961735.071          0.001
      38568.734      38139.280     963184.714          0.001
      38428.411      39532.230     961069.314          0.001
      38599.344      37835.422    1484767.736          0.001
      37723.739      38355.663     961338.870          0.000
      39956.303      38252.419     964167.907          0.001
      40643.386      39005.060    2714014.162          0.001
      40604.557      37709.549     964167.907          0.001
      41620.862      37787.460    2383362.317          0.001
      42012.850      37738.421     965609.945          0.002
      43402.021      37564.629     966233.809          0.002
      41645.451      37813.509     965609.945          0.001
      42606.453      38831.584     963828.610          0.001
      41570.206      37850.560     965609.945          0.001
      40693.778      38942.289     962185.394          0.001
      43670.788      37657.471     966233.809          0.002
      42754.086      38715.610     963828.610          0.001
      44160.442      37548.444     966233.809          0.002
      45554.873      37673.189     966172.012          0.001
      45621.353      37679.136    1575134.294          0.001
      45790.392      38730.438    1586484.075          0.002
      45621.353      37679.136    1575134.294          0.001
      44415.648      38390.467     964207.988          0.002
      46457.691      37735.431    6192946.566          0.001
      47570.369      37525.606    3550712.586          0.001
      47622.841      37573.487     965457.209          0.001
      48657.008      38517.149     965518.178          0.001
      49754.321      37757.171     965840.904          0.002
      51152.611      37826.336     964342.217          0.001
      49748.001      37836.456     965840.904          0.002
      50651.569      38905.832     964937.471          0.001
      49677.812      37753.387    2133685.348          0.002
      48709.455      38565.006    1890801.448          0.001
      51766.583      37925.016     964342.217          0.001
      50786.015      38924.259     964937.471          0.001
      51830.514      37859.868    1713249.886          0.001
      52551.571      38604.639    1084831.628          0.001
      52927.743      38083.813     963554.664          0.001
      53521.561      38912.441    3440030.664          0.001
      53476.366      37733.620     963554.664          0.001
      54487.693      37861.922    2336939.037          0.001
      54511.424      38083.072     962585.538          0.001
      54660.799      39475.080     963289.437          0.001
      54923.137      37810.757     962585.538          0.001
      56313.571      37647.380     961470.237          0.002
      54478.499      37871.919     962585.538          0.001
      53530.803      38902.391     963329.176          0.001
      56733.035      37598.092    1942642.227          0.001
      56014.205      38320.246     962201.982          0.001
      56733.035      37598.092    1942642.227          0.001
      57605.323      38645.263    1982140.542          0.001
      57894.101      37508.566    3162352.459          0.001
      57605.323      38645.263    1982140.542          0.001
      59040.309      37986.029     959578.655          0.000
      59746.411      38719.697    1488489.079          0.002
      59957.658      37706.922     959578.655          0.001
      60973.753      37638.645    1605480.277          0.001
      60973.753      37638.645    1605480.277          0.001
      60896.822      38951.505    3247935.827          0.001
      60885.269      37716.583     958426.512          0.001
      59834.690      38641.939     959818.282          0.002
      61797.287      38648.602     957426.773          0.001
      61924.377      39659.893    1170065.930          0.001
      62137.790      38248.068     957426.773          0.001
      62803.573      39019.852    1968434.467          0.001
      62570.193      37725.125     957426.773          0.001
      63589.892      37733.581    1857986.938          0.001
      63644.856      37767.874     955411.941          0.001
      64832.628      38508.953     953592.937          0.001
      63533.568      37825.716     955411.941          0.001
      62803.573      39019.852    1968434.467          0.001
      65982.857      37845.218     952168.805          0.001
      67357.198      37578.410     947936.658          0.001
      65582.448      37926.945     952168.805          0.001
      66605.768      38882.359     949480.343          0.001
      67623.828      37653.424     947936.658          0.001
      66733.985      38734.248     949480.343          0.001
      67748.058      37502.530    1886648.116          0.001
      68689.744      37886.499    1543143.585          0.001
      68689.744      37886.499    1543143.585          0.001
      69709.476      37868.269     937742.537          0.001
      68689.744      37886.499    1543143.585          0.001
      69058.176      38798.572    1646815.285          0.001
      68706.757      37896.461     944670.421          0.001
      69914.867      38603.902     940009.234          0.002
      68689.744      37886.499    1543143.585          0.001
      67813.634      38407.316     946872.398          0.000
      70881.674      38746.619     937742.537          0.001
      70867.630      39766.220    1290061.971          0.002
      70729.267      37978.359     937742.537          0.000
      69931.621      38613.713     948710.647          0.002
      71157.879      38143.890     937742.537          0.000
      71834.872      38905.522    1031909.723          0.001
      72164.082      37869.765     933272.008          0.001
      73440.569      38444.725     922249.795          0.002
      72121.752      37850.699    1554418.163          0.001
      73516.469      37735.665     922642.769          0.002
      72121.752      37850.699    1554418.163          0.001
      71834.872      38905.522    1031909.723          0.001
      74157.420      37682.800    4301633.804          0.001
      74739.582      38908.833   12319092.960          0.000
      74157.420      37682.800    4301633.804          0.001
      74015.071      38703.493    1589328.417          0.001
      75997.168      38429.360     908880.907          0.002
      76151.813      39820.346    1671099.653          0.001
      75880.834      37970.442     908880.907          0.001
      74799.452      38859.605     917241.152          0.000
      77820.544      37754.857     918007.096          0.002
      77871.363      39043.216     885905.624          0.002
      77820.544      37754.857     918007.096          0.002
      78396.551      38163.212     876134.274          0.001
      77789.742      37779.313     890559.879          0.002
      76746.269      38607.811    1156608.299          0.002
      79733.398      37966.671     868046.427          0.000
      78971.820      38571.043    2101031.371          0.001
        312.820      39006.027     863869.888          0.000
       1146.263      39620.193    2749667.324          0.001
       1214.780      38746.725    3779375.790          0.001
       1146.263      39620.193    2749667.324          0.001
       2510.788      38902.595     873235.825          0.002
       3251.138      38991.637     833776.383          0.001
       3251.138      38991.637     833776.383          0.001
       3154.745      40009.104    1358691.765          0.002
       3251.138      38991.637     833776.383          0.001
       2477.594      39222.632     871942.454          0.002
       3784.877      39207.955     903221.128          0.000
       3154.745      40009.104    1358691.765          0.002
       6545.927      38863.381     921786.631          0.001
       7942.319      38963.819     933086.935          0.001
       6484.123      38941.964     921786.631          0.001
       7782.319      39466.072     931717.583          0.001
       6227.361      38844.969     921786.631          0.001
       5036.413      39580.819    1236883.339          0.001
       8558.650      38976.735     933086.935          0.001
       9957.972      38933.200     942048.290          0.001
       8253.769      38986.220    1546669.526          0.001
       8930.642      39697.985    9362757.339          0.000
      10077.413      39272.077     942048.290          0.002
       9417.386      40506.729     937154.784          0.001
      10263.656      38923.690    1920250.871          0.001
      11263.408      39815.718    1898748.327          0.001
      10502.024      38914.828     942048.290          0.001
      11901.058      38862.818     948124.150          0.002
      12139.713      38853.946    2200099.311          0.002
      12950.684      39787.380    1645888.831          0.001
      12802.997      38809.447     948124.150          0.003
      14199.695      38715.744    3782261.567          0.001
      12139.713      38853.946    2200099.311          0.002
      11263.408      39815.718    1898748.327          0.001
      14209.488      38723.378     952787.533          0.001
      15313.660      39584.078     953926.147          0.001
      14106.258      38795.911     952787.533          0.001
      13043.743      39707.536     948583.964          0.001
      14839.050      38768.457     952787.533          0.001
      16234.316      38883.491     956056.955          0.001
      16286.744      38887.814    1839874.544          0.001
      17683.598      38974.607     956701.458          0.001
      16295.732      38896.607     956056.955          0.001
      17296.338      39875.540    1776690.877          0.001
      16286.744      38887.814    1839874.544          0.001
      15323.441      39591.703    2019540.694          0.001
      18424.691      39048.108     956701.458          0.000
      17296.338      39875.540    1776690.877          0.001
      18459.206      39022.798    3811137.077          0.000
      19331.932      40018.989    3134214.286          0.001
      19155.243      39022.822    7026379.262          0.000
      19331.932      40018.989    3134214.286          0.001
      20417.950      38801.295     956498.789          0.001
      21421.353      38625.260    1827599.790          0.001
      19203.971      39055.695     956498.789          0.000
      20364.570      39838.645     956720.030          0.000
      21421.353      38625.260    1827599.790          0.001
      22127.095      39713.799    1635196.022          0.001
      21421.353      38625.260    1827599.790          0.001
      20781.088      39417.467     956720.030          0.001
      21776.486      38635.102     958114.275          0.002
      23175.948      38673.886     959154.398          0.002
      23549.306      38718.249     959154.398          0.002
      24199.172      39958.279     959376.153          0.000
      23531.217      38683.732    1328123.940          0.002
      23139.934      39624.685     958623.808          0.000
      23393.660      38784.644     959154.398          0.002
      22264.838      39612.750     958062.164          0.001
      24264.971      38523.335    4729402.814          0.001
      25183.352      39575.950    3051344.757          0.001
      26396.344      38621.799    1643065.142          0.002
      27155.263      39730.344    1571785.234          0.001
      26340.125      38666.021     959734.172          0.002
      25239.758      39531.581     960137.265          0.001
      27293.517      38708.189    2808898.476          0.001
      28311.875      38735.336     958358.678          0.001
      27293.517      38708.189    2808898.476          0.001
      27155.263      39730.344    1571785.234          0.001
      29166.343      38970.811     958358.678          0.000
      28162.078      39945.592    7150167.517          0.000
      30288.490      38877.369     958358.678          0.001
      31299.613      39003.716    1566578.007          0.001
      31301.511      39005.499     959108.912          0.001
      32321.491      39963.933    1900251.881          0.001
      31991.220      38922.421     959108.912          0.002
      33381.648      38758.985     959866.477          0.001
      31291.022      39011.272     959108.912          0.001
      30239.801      39935.899     960802.949          0.001
      33448.564      38751.119    1612945.799          0.001
      34195.981      39766.896    1696821.839          0.002
      33361.487      38844.820     959866.477          0.001
      32408.452      39870.357     961748.456          0.001
      35519.971      38776.302     960515.415          0.001
      36617.450      39645.520     960825.519          0.002
      35469.377      38736.231    6670629.586          0.001
      36483.986      38646.846     961338.870          0.001
      35376.754      38811.199     960515.415          0.001
      34288.536      39691.983     960929.970          0.002
      37753.958      39046.792     961338.870          0.001
      38397.856      39835.549    1682424.043          0.001
      37206.998      38821.328     961338.870          0.000
      36668.034      39685.583    1421123.613          0.002
      39821.483      39675.312     961735.071          0.001
      40422.760      40787.920    2209202.038          0.001
      39667.641      39054.955     961735.071          0.001
      40730.095      39740.808    1219503.873          0.002
      39305.877      38955.680     961735.071          0.001
      38397.856      39835.549    1682424.043          0.001
      40938.872      38983.144     962185.394          0.002
      42335.037      38879.590     963828.610          0.001
      42037.481      39133.402     963828.610          0.002
      40767.819      39723.282     962017.953          0.002
      42631.044      38857.635    1872741.666          0.001
      43650.523      38841.868    6827369.668          0.001
      44392.562      38803.227     964207.988          0.002
      45790.392      38730.438    1586484.075          0.002
      45790.392      38730.438    1586484.075          0.002
      46416.740      39982.108     963355.931          0.002
      45701.729      38811.665     964791.779          0.002
      44669.434      39757.375     963644.040          0.002
      45790.392      38730.438    1586484.075          0.002
      46800.585      38864.117     964049.384          0.001
      47107.717      39684.950     964049.384          0.001
      46737.988      40635.001    2986379.224          0.001
      47114.475      39257.523     964049.384          0.000
      46433.987      40016.576    1276404.012          0.002
      48709.455      38565.006    1890801.448          0.001
      48632.477      39843.860    1693241.633          0.001
      49030.916      38632.781     965518.178          0.001
      50400.800      38921.602     964937.471          0.001
      50952.125      38940.988     964937.471          0.001
      52322.159      38652.882     963892.265          0.001
      51035.683      39100.753     964937.471          0.001
      52354.892      39569.462     963664.318          0.003
      50325.140      39151.693     964937.471          0.002
      49029.297      39681.592     963453.725          0.002
      52551.571      38604.639    1084831.628          0.001
      52668.939      39681.041    1666199.377          0.002
      52551.571      38604.639    1084831.628          0.001
      53521.561      38912.441    3440030.664          0.001
      53599.844      39433.584     963329.176          0.002
      53807.737      40817.552    1761360.384          0.001
      56586.626      38668.775     962201.982          0.001
      57605.323      38645.263    1982140.542          0.001
      58347.920      38671.079     961188.080          0.002
      59746.411      38719.697    1488489.079          0.002
      57605.323      38645.263    1982140.542          0.001
      57856.390      39765.754    3045029.437          0.001
      57586.682      38666.549     961188.080          0.001
      56664.336      39719.771     962219.773          0.001
      59746.411      38719.697    1488489.079          0.002
      59816.641      39913.230    1247808.956          0.002
      59746.411      38719.697    1488489.079          0.002
      58522.379      39397.154     961556.828          0.002
      60896.822      38951.505    3247935.827          0.001
      60795.410      40347.065     955899.097          0.001
      60896.822      38951.505    3247935.827          0.001
      61924.377      39659.893    1170065.930          0.001
      60896.822      38951.505    3247935.827          0.001
      59851.377      39882.304     960222.715          0.002
      62803.573      39019.852    1968434.467          0.001
      63592.387      40175.905     950846.411          0.001
      62910.912      39058.722     956717.669          0.001
      64227.261      39535.405     952391.408          0.001
      63162.809      38937.623     956717.669          0.002
      64527.514      38625.246     953592.937          0.002
      62803.573      39019.852    1968434.467          0.001
      61924.377      39659.893    1170065.930          0.001
      64887.098      38542.938    1828700.486          0.001
      64937.683      39792.667    2166244.938          0.001
      65061.216      38577.589     953592.937          0.002
      66434.291      38850.841     949480.343          0.001
      66388.513      39005.477     949480.343          0.001
      65157.974      39673.142     952391.408          0.001
      67791.035      38723.110     946872.398          0.000
      68726.669      39764.546     939428.533          0.000
      67383.123      38877.802     946872.398          0.000
      66824.028      39729.837    1287080.994          0.001
      69058.176      38798.572    1646815.285          0.001
      68924.620      39808.732     939428.533          0.000
      69958.456      38646.755     940009.234          0.002
      70841.056      39733.501     933295.582          0.002
      69931.621      38613.713     948710.647          0.002
      69314.161      39424.271     939428.533          0.001
      71912.323      38898.345     932838.537          0.001
      73306.351      38769.167     922249.795          0.002
      71834.872      38905.522    1031909.723          0.001
      70867.630      39766.220    1290061.971          0.002
      74015.071      38703.493    1589328.417          0.001
      74033.385      39722.338     917051.861          0.000
      74015.071      38703.493    1589328.417          0.001
      73123.760      39198.826     928096.287          0.001
      74852.967      39418.935     917241.152          0.001
      75156.648      40785.141    1325565.255          0.001
      74976.153      39061.526     917241.152          0.001
      76151.813      39820.346    1671099.653          0.001
      76746.269      38607.811    1156608.299          0.002
      77577.098      39466.921     885905.624          0.002
      76746.269      38607.811    1156608.299          0.002
      76151.813      39820.346    1671099.653          0.001
      78971.820      38571.043    2101031.371          0.001
      79672.927      39406.274     863684.987          0.001
      78495.468      39118.856     876134.274          0.001
      77901.300      39802.158    2518321.469          0.001
       1560.453      40288.913     871942.454          0.002
       1999.018      40996.988     756347.222          0.002
       1146.263      39620.193    2749667.324          0.001
        364.600      40435.865     860734.827          0.001
       2390.168      39861.056     871942.454          0.002
       3154.745      40009.104    1358691.765          0.002
       3569.280      39914.752     894763.142          0.003
       4934.366      39604.046     912225.346          0.001
       3538.998      40121.138     894763.142          0.003
       4883.036      40513.010     914595.391          0.001
       3154.745      40009.104    1358691.765          0.002
       2212.702      40814.337     882029.626          0.003
       5036.413      39580.819    1236883.339          0.001
       5267.288      40625.044    1927394.257          0.001
       5036.413      39580.819    1236883.339          0.001
       6026.468      39821.242     920856.980          0.000
       7027.752      39736.514     920856.980          0.001
       8032.725      39567.166    3072878.800          0.001
       7975.931      39627.631     931717.583          0.001
       7017.447      40648.077     926131.403          0.001
       8155.166      39698.692     931717.583          0.001
       9109.092      40723.399     937154.784          0.001
      11263.408      39815.718    1898748.327          0.001
      11919.238      40659.013     865564.148          0.001
      10586.468      40161.844     944496.284          0.002
       9339.960      40799.196     937154.784          0.001
      11551.313      39810.883     944496.284          0.001
      12950.684      39787.380    1645888.831          0.001
      12950.684      39787.380    1645888.831          0.001
      13079.758      40797.705     941658.661          0.001
      12950.684      39787.380    1645888.831          0.001
      13947.082      40706.944    1672197.706          0.001
      12950.684      39787.380    1645888.831          0.001
      11919.238      40659.013     865564.148          0.001
      15178.920      39708.807     953926.147          0.001
      14091.181      40590.183     948499.770          0.001
      15382.695      39678.232     953926.147          0.001
      16173.710      40833.349     951361.732          0.001
      15910.979      39676.231     953926.147          0.002
      17296.338      39875.540    1776690.877          0.001
      17296.338      39875.540    1776690.877          0.001
      18492.694      40601.163     953886.775          0.002
      17296.338      39875.540    1776690.877          0.001
      18692.081      39973.899     956338.202          0.001
      17296.338      39875.540    1776690.877          0.001
      16297.627      40855.846     951361.732          0.001
      21112.679      39807.396     956720.030          0.001
      22127.095      39713.799    1635196.022          0.001
      20586.306      40103.834     956720.030          0.000
      21194.428      40921.681    2021327.600          0.000
      19880.175      40315.884     956720.030          0.001
      19096.861      40967.608    1698203.087          0.001
      22220.026      39819.528     958062.164          0.001
      23144.286      40871.071     957219.988          0.002
      22127.095      39713.799    1635196.022          0.001
      21271.834      40821.434     955942.733          0.001
      23107.590      39965.830     958623.808          0.000
      23237.171      40976.748    1416175.268          0.002
      24217.431      39993.119    9391401.152          0.000
      24304.119      40958.652    3077355.388          0.001
      24217.431      39993.119    9391401.152          0.000
      23237.171      40976.748    1416175.268          0.002
      25211.214      39916.145     960137.265          0.001
      25325.491      41311.473     956600.953          0.001
      25332.873      39765.271     960137.265          0.001
      26200.577      40863.947     958705.238          0.002
      25119.504      39676.359     960137.265          0.001
      24368.284      40857.743     957924.252          0.001
      25752.938      39620.547     960137.265          0.002
      27148.666      39729.828     960193.169          0.001
      27155.263      39730.344    1571785.234          0.001
      28032.984      40820.660     958919.386          0.001
      27155.263      39730.344    1571785.234          0.001
      26427.279      40926.114     958705.238          0.001
      29211.656      39944.568     960003.985          0.001
      30231.077      39943.573    2030278.253          0.001
      28165.099      40018.651     960003.985          0.000
      28207.209      41037.084    2126603.200          0.001
      30231.077      39943.573    2030278.253          0.001
      30549.688      41022.581    1807415.727          0.000
      29834.894      40157.633     960802.949          0.001
      28603.185      40823.135     958919.386          0.002
      30921.829      39950.301     960802.949          0.002
      32321.491      39963.933    1900251.881          0.001
      32321.491      39963.933    1900251.881          0.001
      33713.568      39817.605     960929.970          0.002
      32321.491      39963.933    1900251.881          0.001
      33441.158      40804.320     958666.010          0.001
      32292.466      39981.275     961748.456          0.001
      31090.651      40699.356     958712.832          0.001
      34195.981      39766.896    1696821.839          0.002
      34300.944      40780.800     957487.080          0.000
      34195.981      39766.896    1696821.839          0.002
      33441.393      40804.497    1117379.159          0.001
      35551.520      39822.429     960728.467          0.001
      36522.790      40830.712     957173.329          0.001
      35386.265      39650.877    4839280.311          0.001
      34763.650      40457.951     957487.080          0.001
      37003.340      39714.652     960825.519          0.002
      38397.856      39835.549    1682424.043          0.001
      36668.034      39685.583    1421123.613          0.002
      37544.403      40206.357     958453.338          0.001
      36668.034      39685.583    1421123.613          0.002
      36688.209      41002.435    1564730.586          0.001
      38776.700      40013.731     961069.314          0.001
      40043.573      40609.578     958635.716          0.001
      40730.095      39740.808    1219503.873          0.002
      41576.574      40307.720     958030.988          0.001
      40730.095      39740.808    1219503.873          0.002
      42129.570      39770.562     962679.878          0.001
      40730.095      39740.808    1219503.873          0.002
      40422.760      40787.920    2209202.038          0.001
      43245.780      40127.840     962679.878          0.001
      44466.678      40812.972     959447.973          0.001
      43181.346      39797.450     962679.878          0.001
      44580.719      39838.649    1613337.285          0.002
      44660.415      39846.301     963644.040          0.002
      46054.007      39980.095     963355.931          0.002
      44580.719      39838.649    1613337.285          0.002
      44533.431      40850.432    1200242.932          0.001
      44580.719      39838.649    1613337.285          0.002
      45480.039      40902.039    1146202.151          0.001
      46433.987      40016.576    1276404.012          0.002
      45480.039      40902.039    1146202.151          0.001
      48968.567      39872.680     963453.725          0.002
      50363.448      39992.291     963104.406          0.001
      48632.477      39843.860    1693241.633          0.001
      48777.721      40601.208    4011499.571          0.000
      48632.477      39843.860    1693241.633          0.001
      47340.788      40383.271     960446.787          0.002
      50994.678      39970.276     963104.406          0.001
      52374.244      39731.951     963664.318          0.003
      50700.127      40021.161    4429723.439          0.001
      49724.297      40315.598     960021.896          0.001
      50700.127      40021.161    4429723.439          0.001
      50769.359      40941.604    1074609.526          0.001
      52668.939      39681.041    1666199.377          0.002
      51898.300      40348.171     960013.234          0.000
      52816.982      39828.787     963664.318          0.002
      53807.737      40817.552    1761360.384          0.001
      54965.192      39702.810     963289.437          0.001
      56364.824      39734.936     962219.773          0.001
      54741.771      39739.458     963289.437          0.001
      55860.171      40581.587     961369.161          0.002
      54669.759      39715.274     963289.437          0.001
      53807.737      40817.552    1761360.384          0.001
      56645.415      39741.377    8104081.435          0.001
      55917.085      40624.442    1579055.747          0.001
      57856.390      39765.754    3045029.437          0.001
      58918.413      40639.400    1453727.430          0.001
      57837.431      40670.485     961556.828          0.002
      57808.118      42069.312    1759665.176          0.001
      57775.964      39814.938     961556.828          0.001
      56581.601      40545.347     961255.860          0.001
      58420.973      39808.230     961556.828          0.002
      59816.641      39913.230    1247808.956          0.002
      59816.641      39913.230    1247808.956          0.002
      58918.413      40639.400    1453727.430          0.001
      61924.377      39659.893    1170065.930          0.001
      62646.475      39944.620    3109100.383          0.001
      61924.377      39659.893    1170065.930          0.001
      60906.854      40620.639     955899.097          0.001
      62646.475      39944.620    3109100.383          0.001
      62783.710      41337.360     948839.552          0.002
      62646.475      39944.620    3109100.383          0.001
      63852.034      40655.699     950846.411          0.001
      65180.999      39784.563     952391.408          0.001
      66580.223      39737.958     947219.976          0.002
      64937.683      39792.667    2166244.938          0.001
      63965.387      40722.558    2074114.625          0.001
      66824.028      39729.837    1287080.994          0.001
      66993.382      41017.676    1633723.593          0.001
      66824.028      39729.837    1287080.994          0.001
      65911.782      40184.216     948804.643          0.001
      66824.028      39729.837    1287080.994          0.001
      67836.677      39842.988     939428.533          0.001
      69853.786      39867.466     939428.533          0.001
      70867.630      39766.220    1290061.971          0.002
      67885.059      40525.211     939428.533          0.001
      66993.382      41017.676    1633723.593          0.001
      70867.630      39766.220    1290061.971          0.002
      69859.203      40727.065    4405783.118          0.001
      70867.630      39766.220    1290061.971          0.002
      71886.474      39808.851     928096.287          0.000
      71881.915      40844.784     928096.287          0.001
      71750.084      41855.723    2552061.498          0.001
      72297.918      40056.073     928096.287          0.000
      73071.441      40720.191     934629.273          0.001
      72016.297      39814.283    4877863.304          0.000
      73406.391      39974.506     917051.861          0.001
      71508.608      40203.222     928096.287          0.001
      70698.951      40823.497    2259632.125          0.001
      73923.367      40740.281     917051.861          0.001
      73755.375      41744.850    1909769.058          0.001
      74306.664      40224.002     917051.861          0.000
      75156.648      40785.141    1325565.255          0.001
      76151.813      39820.346    1671099.653          0.001
      76743.430      40782.492     665072.940          0.003
      76151.813      39820.346    1671099.653          0.001
      77353.872      39807.849     885905.624          0.002
      76151.813      39820.346    1671099.653          0.001
      75156.648      40785.141    1325565.255          0.001
      77901.300      39802.158    2518321.469          0.001
      78585.877      40132.971     860138.209          0.002
      77901.300      39802.158    2518321.469          0.001
      77732.736      41032.545    1492585.287          0.002
      77653.849      40011.668     885905.624          0.002
      76743.430      40782.492     665072.940          0.003
       1276.028      41394.044     860734.827          0.002
       1970.282      41708.364    2384859.285          0.001
       1999.018      40996.988     756347.222          0.002
       1970.282      41708.364    2384859.285          0.001
       1999.018      40996.988     756347.222          0.002
       3011.963      40783.363    2580517.864          0.002
       3011.963      40783.363    2580517.864          0.002
       2173.946      41527.512     878397.313          0.002
       3757.487      40731.029     893731.540          0.002
       5154.050      40632.993     914595.391          0.001
       5267.288      40625.044    1927394.257          0.001
       5777.671      41506.529     913431.473          0.001
       5414.873      40632.301     914595.391          0.001
       6813.183      40701.061     926131.403          0.001
       5159.013      40737.779     914595.391          0.001
       4189.238      41747.500     899447.151          0.001
       6960.860      40708.322    1657252.287          0.001
       7227.908      41654.388    1594557.749          0.001
       6960.860      40708.322    1657252.287          0.001
       6335.628      41512.457     913431.473          0.001
       7397.501      40736.478     926131.403          0.001
       8794.600      40826.566     937154.784          0.001
       9231.350      40854.729    2655555.427          0.001
      10629.850      40803.604     942470.314          0.001
       9231.350      40854.729    2655555.427          0.001
      10132.081      41330.212     935959.264          0.001
       9231.350      40854.729    2655555.427          0.001
       8900.744      42033.482    1456524.173          0.001
       9231.350      40854.729    2655555.427          0.001
       7931.673      41373.485     922896.782          0.002
      11919.238      40659.013     865564.148          0.001
      11216.637      41397.189     935959.264          0.000
      11919.238      40659.013     865564.148          0.001
      12694.978      41320.407     941658.661          0.001
      13947.082      40706.944    1672197.706          0.001
      14379.294      41910.359    1636791.396          0.001
      14392.805      40748.403     948499.770          0.001
      15786.788      40878.063     951361.732          0.001
      13947.082      40706.944    1672197.706          0.001
      13355.804      41536.344     941658.661          0.000
      16232.735      40919.542    1703647.999          0.001
      17088.702      40712.180    3724210.159          0.000
      16232.735      40919.542    1703647.999          0.001
      14998.447      41579.371     943320.109          0.002
      17088.702      40712.180    3724210.159          0.000
      16205.084      41778.954    3727316.914          0.000
      17088.702      40712.180    3724210.159          0.000
      18064.028      41714.704     948677.997          0.000
      18085.001      40838.904     952883.720          0.001
      19096.861      40967.608    1698203.087          0.001
      19235.725      41078.731     953886.775          0.002
      20328.819      41953.457     950799.642          0.001
      19152.157      40966.397     953886.775          0.001
      20551.821      40935.751     955942.733          0.001
      19096.861      40967.608    1698203.087          0.001
      18424.441      41733.026     948677.997          0.000
      21818.269      40938.498     955942.733          0.001
      23217.761      40976.225     957219.988          0.002
      21194.428      40921.681    2021327.600          0.000
      20468.343      42065.108    1393530.232          0.001
      23237.171      40976.748    1416175.268          0.002
      22265.651      41283.361     953176.700          0.001
      23237.171      40976.748    1416175.268          0.002
      23247.379      42032.783    1111236.997          0.001
      24281.690      41320.743     957924.252          0.001
      24195.135      42718.065     951299.218          0.001
      24266.616      40996.771     957924.252          0.001
      23284.779      41994.767     954024.624          0.001
      26578.408      41051.134     958705.238          0.002
      27978.356      41039.058     958919.386          0.001
      26349.968      41053.104    1628179.931          0.001
      27218.535      41705.699    1222688.339          0.002
      28207.209      41037.084    2126603.200          0.001
      29194.085      41291.397     957722.181          0.001
      28678.650      41034.165     958919.386          0.002
      30078.623      41025.497     958712.832          0.001
      28207.209      41037.084    2126603.200          0.001
      27218.535      41705.699    1222688.339          0.002
      30549.688      41022.581    1807415.727          0.000
      31550.966      40831.357     959609.899          0.001
      31097.584      41202.090     958712.832          0.001
      32427.998      41637.977     958135.210          0.001
      33441.393      40804.497    1117379.159          0.001
      34289.675      41822.178    1478879.908          0.001
      33441.393      40804.497    1117379.159          0.001
      34326.222      41024.974    4464649.567          0.000
      33441.393      40804.497    1117379.159          0.001
      32446.867      41644.159    1659613.387          0.001
      35668.714      41012.163     957487.080          0.001
      36688.209      41002.435    1564730.586          0.001
      34326.222      41024.974    4464649.567          0.000
      35632.854      41525.649     956160.408          0.001
      36688.209      41002.435    1564730.586          0.001
      37692.996      40829.007     958453.338          0.001
      37137.211      41193.055     957173.329          0.001
      38425.306      41739.904    1539680.686          0.001
      39404.139      40748.244     958453.338          0.001
      40422.760      40787.920    2209202.038          0.001
      40531.854      40903.884     958635.716          0.001
      41491.146      41923.570     954983.840          0.001
      40422.760      40787.920    2209202.038          0.001
      41437.194      40882.901     958030.988          0.001
      39771.756      41098.188     958635.716          0.001
      38507.951      41700.515     956372.888          0.001
      42594.916      41725.049     958030.988          0.001
      42591.146      42743.826    1465680.400          0.002
      43002.968      41331.384     958030.988          0.001
      43783.858      41986.078    1138403.945          0.001
      43517.180      40924.516     958030.988          0.001
      44533.431      40850.432    1200242.932          0.001
      42302.793      41301.604     958030.988          0.000
      41600.657      42039.977    2882838.606          0.001
      44533.431      40850.432    1200242.932          0.001
      43783.858      41986.078    1138403.945          0.001
      44533.431      40850.432    1200242.932          0.001
      45480.039      40902.039    1146202.151          0.001
      45480.039      40902.039    1146202.151          0.001
      46439.077      41715.783    4488342.756          0.001
      45480.039      40902.039    1146202.151          0.001
      46737.988      40635.001    2986379.224          0.001
      46737.988      40635.001    2986379.224          0.001
      47513.694      41800.046     955943.892          0.001
      46737.988      40635.001    2986379.224          0.001
      47757.402      40618.112     960021.896          0.001
      49016.703      41067.341     960021.896          0.001
      49481.720      41974.351    1599157.794          0.001
      49764.645      40769.886     960021.896          0.001
      50769.359      40941.604    1074609.526          0.001
      48272.996      41154.662     960021.896          0.001
      47585.746      41908.262    1492543.907          0.001
      50769.359      40941.604    1074609.526          0.001
      51413.768      41832.239    1756633.687          0.001
      50671.500      41020.091     958136.139          0.001
      49579.375      41896.027     956556.286          0.001
      52437.173      41094.814     960013.234          0.001
      53661.740      41772.308   11754336.017          0.000
      52792.930      40728.294     960013.234          0.001
      53807.737      40817.552    1761360.384          0.001
      53807.737      40817.552    1761360.384          0.001
      55011.457      41531.413     955977.952          0.002
      53807.737      40817.552    1761360.384          0.001
      55201.562      40689.948     961369.161          0.002
      55917.085      40624.442    1579055.747          0.001
      55642.535      41905.671    2755601.560          0.001
      56880.203      41022.193     961255.860          0.002
      57808.118      42069.312    1759665.176          0.001
      56455.264      40664.667     961255.860          0.001
      55688.254      41835.861     955977.952          0.001
      58918.413      40639.400    1453727.430          0.001
      59702.181      41289.322     950039.680          0.001
      58918.413      40639.400    1453727.430          0.001
      60314.695      40725.839     955899.097          0.001
      58792.550      40801.494     959186.693          0.001
      57933.930      41907.283     953663.447          0.001
      60765.856      40753.769    3305661.661          0.001
      61784.361      40802.403     953760.688          0.000
      62093.133      40965.060     953760.688          0.000
      62817.713      41682.439    1457819.562          0.001
      61936.164      40809.651    6336239.024          0.000
      60886.332      41734.502     950039.680          0.000
      63965.387      40722.558    2074114.625          0.001
      63882.085      41738.010     946810.569          0.001
      64015.200      40788.214     950846.411          0.001
      64861.407      41903.531     944821.232          0.001
      63928.555      40753.363     950846.411          0.001
      62854.651      41651.545     948839.552          0.001
      65410.314      41030.974     948804.643          0.001
      66674.294      41631.873    4315894.254          0.000
      65982.638      40889.630     948804.643          0.001
      66993.382      41017.676    1633723.593          0.001
      67129.264      41278.112     942171.028          0.001
      67776.863      42519.328     940176.747          0.001
      66993.382      41017.676    1633723.593          0.001
      68384.617      40864.657     937949.316          0.001
      66993.382      41017.676    1633723.593          0.001
      68176.139      41765.682     939143.707          0.002
      68914.039      40806.427    3162841.038          0.000
      69859.203      40727.065    4405783.118          0.001
      69943.791      41553.824     935311.281          0.001
      70086.245      42946.160    1728641.116          0.001
      69953.015      40807.817     935311.281          0.001
      71013.776      41720.900     803055.049          0.001
      69728.450      40877.274     935311.281          0.001
      68809.255      41933.247     939143.707          0.002
      70751.379      40874.982     932332.145          0.001
      71750.084      41855.723    2552061.498          0.001
      70698.951      40823.497    2259632.125          0.001
      71013.776      41720.900     803055.049          0.001
      73071.441      40720.191     934629.273          0.001
      73755.375      41744.850    1909769.058          0.001
      72941.828      40831.576     921682.889          0.001
      71880.037      41744.046     927780.582          0.001
      75156.648      40785.141    1325565.255          0.001
      75909.091      41472.419     897123.855          0.000
      75033.605      40869.411     908084.468          0.001
      73878.537      41660.498     916636.428          0.002
      75156.648      40785.141    1325565.255          0.001
      76190.431      40897.532    2309111.722          0.001
      76190.431      40897.532    2309111.722          0.001
      76743.430      40782.492     665072.940          0.003
      76743.430      40782.492     665072.940          0.003
      77611.210      41536.159     880391.409          0.001
      76743.430      40782.492     665072.940          0.003
      76191.691      41654.404     897123.855          0.000
      77732.736      41032.545    1492585.287          0.002
      77782.752      41685.143    4693062.299          0.001
      78528.165      41393.058     860138.209          0.002
      77782.752      41685.143    4693062.299          0.001
       2019.139      42424.179     878397.313          0.002
       2112.854      43797.195    1395471.849          0.002
       1970.282      41708.364    2384859.285          0.001
       2915.119      42664.046     890660.037          0.000
       1970.282      41708.364    2384859.285          0.001
       1283.570      42108.753     857297.539          0.002
       2891.868      41774.931     878397.313          0.002
       4080.436      41860.783    4506022.787          0.001
       4080.436      41860.783    4506022.787          0.001
       5032.133      42625.644    4058360.162          0.001
       4080.436      41860.783    4506022.787          0.001
       5098.726      41892.560     913431.473          0.001
       6443.262      42196.171     913431.473          0.001
       7298.970      42749.112     925325.993          0.001
       7227.908      41654.388    1594557.749          0.001
       7298.970      42749.112     925325.993          0.001
       7227.908      41654.388    1594557.749          0.001
       7793.508      42502.303     923674.489          0.001
       7535.761      41724.153     922896.782          0.001
       8900.744      42033.482    1456524.173          0.001
       8900.744      42033.482    1456524.173          0.001
       9050.859      43410.390     929055.361          0.001
       8900.744      42033.482    1456524.173          0.001
       9888.360      43005.373     931046.490          0.002
       8900.744      42033.482    1456524.173          0.001
       9908.114      41882.141     935959.264          0.001
      11004.852      42991.835     935959.264          0.001
      11092.373      44006.911    1398407.248          0.002
      11595.505      42379.045     935959.264          0.001
      12344.425      43070.378    1859032.690          0.001
      10637.479      42119.575     935959.264          0.000
       9981.641      43097.169    1572757.696          0.002
      11802.087      41741.055     935959.264          0.001
      13201.732      41752.465    7190619.029          0.000
      12900.371      42215.738     941658.661          0.001
      12344.425      43070.378    1859032.690          0.001
      14379.294      41910.359    1636791.396          0.001
      15396.360      41837.159     946956.067          0.001
      14685.464      42038.429     943320.109          0.001
      15977.024      42578.682     946331.541          0.001
      14379.294      41910.359    1636791.396          0.001
      14044.055      42697.858    1639417.656          0.001
      16205.084      41778.954    3727316.914          0.000
      17600.776      41873.355     948677.997          0.001
      16205.084      41778.954    3727316.914          0.000
      16282.701      42706.545    1898041.252          0.001
      19451.594      41997.352     948677.997          0.001
      20468.343      42065.108    1393530.232          0.001
      17229.197      42329.476     948677.997          0.001
      16282.701      42706.545    1898041.252          0.001
      20079.646      42207.641     950799.642          0.001
      18765.232      42689.633     948466.705          0.001
      20468.343      42065.108    1393530.232          0.001
      20498.863      43026.755    5008019.524          0.000
      21284.500      41719.907     953176.700          0.000
      22307.970      42675.160     950560.110          0.000
      21182.899      41625.078    5993981.528          0.000
      20569.094      42882.844     948855.442          0.000
      22247.738      41835.368     953176.700          0.001
      23247.379      42032.783    1111236.997          0.001
      23247.379      42032.783    1111236.997          0.001
      24172.747      43079.497    1853323.575          0.001
      25819.374      41665.746     956600.953          0.001
      27218.535      41705.699    1222688.339          0.002
      25209.128      41826.839     956600.953          0.001
      24316.687      42905.518     951299.218          0.001
      27218.535      41705.699    1222688.339          0.002
      27256.950      43015.812    1521053.568          0.001
      27218.535      41705.699    1222688.339          0.002
      26318.288      42182.592     953084.004          0.001
      28364.284      42069.580     956501.572          0.000
      27299.943      42979.073     953788.403          0.001
      28407.521      42032.633    5212109.470          0.000
      29403.539      41816.885     957722.181          0.001
      28422.945      42045.326     956501.572          0.000
      29503.980      42934.911     956086.084          0.001
      30076.263      42094.065     957722.181          0.001
      29519.332      42947.544    2204108.252          0.001
      30721.282      41929.611     957722.181          0.000
      31437.014      42655.134    1635228.725          0.001
      31428.278      41622.980     957722.181          0.001
      32446.867      41644.159    1659613.387          0.001
      32446.867      41644.159    1659613.387          0.001
      32472.504      42662.544     958344.064          0.000
      32446.867      41644.159    1659613.387          0.001
      33282.684      42766.795     958856.208          0.001
      32446.867      41644.159    1659613.387          0.001
      31457.603      42634.522     957740.597          0.001
      32671.616      41665.871     958135.210          0.001
      34065.129      41800.487     957395.287          0.001
      34289.675      41822.178    1478879.908          0.001
      35398.131      42676.815     958672.641          0.001
      34289.675      41822.178    1478879.908          0.001
      35307.964      41845.451     956160.408          0.001
      34289.675      41822.178    1478879.908          0.001
      33344.892      42850.350    1974943.687          0.001
      37409.448      41811.999     956160.408          0.001
      38425.306      41739.904    1539680.686          0.001
      36243.656      42092.199     956160.408          0.000
      35422.629      42695.704    1581747.345          0.001
      38425.306      41739.904    1539680.686          0.001
      39478.584      42661.218     958053.799          0.001
      38425.306      41739.904    1539680.686          0.001
      38647.398      42624.823    1066021.473          0.002
      38425.306      41739.904    1539680.686          0.001
      37190.228      42398.228     958845.491          0.001
      38425.306      41739.904    1539680.686          0.001
      39443.702      41763.380     955634.877          0.001
      40352.873      42072.194     955634.877          0.000
      39694.175      42849.798    2579938.173          0.001
      41600.657      42039.977    2882838.606          0.001
      40446.320      42799.188    6372977.969          0.000
      43783.858      41986.078    1138403.945          0.001
      44449.410      43064.890    1616671.236          0.001
      43778.122      41989.722     954715.925          0.001
      42596.435      42740.466     956539.692          0.002
      44719.377      41991.877     955836.210          0.001
      44449.410      43064.890    1616671.236          0.001
      45153.990      41714.627     955836.210          0.001
      46439.077      41715.783    4488342.756          0.001
      46439.077      41715.783    4488342.756          0.001
      47585.746      41908.262    1492543.907          0.001
      46439.077      41715.783    4488342.756          0.001
      47114.133      42729.526     952993.119          0.000
      48083.093      41925.598     955943.892          0.001
      49481.720      41974.351    1599157.794          0.001
      47585.746      41908.262    1492543.907          0.001
      48492.135      42375.400     953635.998          0.001
      49749.638      41954.644     956556.286          0.001
      51145.866      41851.944     956827.644          0.001
      49515.702      42001.412     956556.286          0.001
      50610.867      42873.544     954516.733          0.001
      51635.659      42038.121     956827.644          0.001
      52661.745      42990.175    1576497.162          0.001
      51413.768      41832.239    1756633.687          0.001
      50645.083      42900.793    1502241.948          0.001
      51413.768      41832.239    1756633.687          0.001
      52432.752      41805.072     956743.669          0.001
      53308.385      42202.649     956743.669          0.001
      52661.745      42990.175    1576497.162          0.001
      54625.273      41837.180     956743.669          0.001
      55642.535      41905.671    2755601.560          0.001
      56412.531      41963.855     955977.952          0.002
      57808.118      42069.312    1759665.176          0.001
      55642.535      41905.671    2755601.560          0.001
      56407.625      42578.858     952199.880          0.001
      55000.284      42158.157     955977.952          0.002
      53697.848      42670.181    6319671.371          0.000
      57808.118      42069.312    1759665.176          0.001
      58597.807      42810.895    1496505.868          0.001
      57808.118      42069.312    1759665.176          0.001
      57077.807      42778.960     952199.880          0.000
      58495.014      42015.137    6455262.453          0.000
      59894.020      42012.347     950039.680          0.001
      61749.908      42399.239     950039.680          0.001
      62717.780      42718.384    1520052.811          0.001
      61809.392      41829.991     950039.680          0.001
      62817.713      41682.439    1457819.562          0.001
      59541.469      42428.636     950039.680          0.001
      58597.807      42810.895    1496505.868          0.001
      62817.713      41682.439    1457819.562          0.001
      62717.780      42718.384    1520052.811          0.001
      64911.312      41969.306     952310.032          0.001
      65732.265      42908.996    1388725.215          0.001
      64911.312      41969.306     952310.032          0.001
      65912.494      41777.681     942804.266          0.001
      64911.312      41969.306     952310.032          0.001
      64052.758      42517.911     946810.569          0.000
      67165.176      42086.824     942804.266          0.001
      67912.654      42779.591    2212127.598          0.001
      66337.297      42088.745     942804.266          0.001
      65732.265      42908.996    1388725.215          0.001
      68893.030      42214.869     939143.707          0.002
      70086.245      42946.160    1728641.116          0.001
      68678.540      42083.413    1793615.677          0.001
      67912.654      42779.591    2212127.598          0.001
      71013.776      41720.900     803055.049          0.001
      71130.654      42633.295    6635744.049          0.000
      70972.670      41775.201     931176.838          0.002
      70127.672      42891.435     932846.538          0.001
      72357.769      41822.124     927780.582          0.001
      73755.375      41744.850    1909769.058          0.001
      71750.084      41855.723    2552061.498          0.001
      72457.732      42588.585     921177.029          0.000
      73768.152      41850.247     916636.428          0.002
      73936.634      43240.072     910639.984          0.002
      73808.153      41789.517     916636.428          0.001
      74876.809      42693.937     906897.366          0.001
      73755.375      41744.850    1909769.058          0.001
      73032.965      42462.753     921177.029          0.001
      76388.826      41911.739     897123.855          0.000
      77171.999      42630.981    3232959.606          0.002
      75709.454      42082.595     897123.855          0.001
      74929.562      42738.582    1386066.421          0.001
      76464.581      41699.379     897123.855          0.000
      77782.752      41685.143    4693062.299          0.001
      77782.752      41685.143    4693062.299          0.001
      78481.433      42283.973     862551.184          0.002
      79832.876      42051.930     857176.634          0.000
      79184.613      42886.657    2020087.375          0.001
       1461.117      43507.224     857297.539          0.002
       2112.854      43797.195    1395471.849          0.002
       4172.876      43481.889     890660.037          0.001
       5062.332      43979.343    1570235.915          0.002
       4025.205      42784.626     890660.037          0.001
       5032.133      42625.644    4058360.162          0.001
       3052.872      43015.755     890660.037          0.000
       2112.854      43797.195    1395471.849          0.002
       5513.826      42912.147     906501.987          0.001
       6717.076      43627.821     921197.608          0.001
       5871.740      42671.375     906501.987          0.001
       7269.668      42747.516     920355.257          0.001
       7298.970      42749.112     925325.993          0.001
       7198.135      43913.948    2270441.284          0.001
      10020.284      43128.820     931046.490          0.002
      11092.373      44006.911    1398407.248          0.002
       9992.163      43557.719     931046.490          0.002
      10023.818      44943.302    1496410.851          0.001
      12937.377      43391.948     938454.204          0.002
      14167.044      44058.824    1205819.258          0.001
      12677.290      42997.421     938454.204          0.001
      14044.055      42697.858    1639417.656          0.001
      12212.993      43168.689     938454.204          0.001
      11092.373      44006.911    1398407.248          0.002
      14044.055      42697.858    1639417.656          0.001
      14936.544      43189.683     942854.206          0.001
      14044.055      42697.858    1639417.656          0.001
      14167.044      44058.824    1205819.258          0.001
      14463.313      42699.485     942693.381          0.001
      15863.303      42704.918     946331.541          0.001
      16580.341      42904.420     946331.541          0.001
      17746.207      43679.506     945257.013          0.002
      16630.803      42727.409     946331.541          0.001
      18028.295      42811.166     948466.705          0.001
      18658.990      43004.740     948466.705          0.001
      19853.099      43735.563     947060.722          0.001
      18376.837      42832.056    1734622.813          0.001
      19391.437      42925.147     948855.442          0.001
      18376.837      42832.056    1734622.813          0.001
      18044.269      43877.662    1808070.729          0.001
      20590.138      43270.564     948855.442          0.000
      21080.987      44581.696     944065.188          0.000
      21022.269      42956.362     948855.442          0.001
      22409.376      42769.807    7009744.364          0.000
      21573.302      43550.787     948855.442          0.001
      22488.977      43997.386    3004648.167          0.001
      23169.191      42903.249     950560.110          0.001
      24172.747      43079.497    1853323.575          0.001
      24172.747      43079.497    1853323.575          0.001
      24314.312      44043.572    1380735.826          0.001
      24078.079      43131.104     951299.218          0.001
      22848.863      43801.198     949588.754          0.001
      24926.564      43229.647     953084.004          0.001
      24314.312      44043.572    1380735.826          0.001
      25478.763      42912.800     953084.004          0.000
      26130.344      43696.558    1140779.351          0.002
      26250.090      42859.723     953084.004          0.001
      27256.950      43015.812    1521053.568          0.001
      27256.950      43015.812    1521053.568          0.001
      27354.519      44029.575     949506.046          0.001
      27256.950      43015.812    1521053.568          0.001
      26130.344      43696.558    1140779.351          0.002
      27256.950      43015.812    1521053.568          0.001
      28159.480      43973.781    1255078.716          0.001
      29476.980      43347.171     956086.084          0.001
      29329.437      44739.375     949738.655          0.001
      29519.332      42947.544    2204108.252          0.001
      29955.766      43868.170     952031.790          0.001
      29786.203      42906.851     956086.084          0.001
      31170.206      42695.817     957740.597          0.001
      29398.208      43038.953     956086.084          0.001
      28280.717      43882.288     954303.727          0.001
      29519.332      42947.544    2204108.252          0.001
      30572.340      43773.965    1353467.063          0.001
      31432.890      42660.471     957740.597          0.001
      30576.787      43768.211     956298.262          0.001
      31447.545      42667.657     957740.597          0.001
      32348.599      43739.151     956951.730          0.002
      32483.362      42938.895     958344.064          0.000
      32531.808      43957.016    2297758.541          0.001
      33426.502      42941.962     958856.208          0.001
      34357.739      43987.331     957031.385          0.001
      33685.710      42824.983     958856.208          0.001
      35081.848      42721.068     958672.641          0.002
      33344.892      42850.350    1974943.687          0.001
      32531.808      43957.016    2297758.541          0.001
      35336.430      42816.907     958672.641          0.001
      34525.037      43957.802     957031.385          0.001
      35422.629      42695.704    1581747.345          0.001
      36503.276      42764.388    2250642.567          0.001
      36503.276      42764.388    2250642.567          0.001
      36388.950      43825.023    1365481.292          0.001
      37263.032      43118.573     958845.491          0.001
      38531.924      43710.108     959942.048          0.001
      36877.169      42740.050     958845.491          0.001
      38274.213      42649.114     957958.007          0.002
      36503.276      42764.388    2250642.567          0.001
      35596.567      43744.414     958154.770          0.001
      38647.398      42624.823    1066021.473          0.002
      38684.770      43781.362    2493471.746          0.001
      39712.127      42880.980     958053.799          0.001
      40410.658      44094.263     959639.075          0.002
      39694.175      42849.798    2579938.173          0.001
      38684.770      43781.362    2493471.746          0.001
      40868.840      42998.396     957664.511          0.001
      42135.153      43595.433     959107.232          0.001
      41118.637      42781.834     957664.511          0.001
      42518.171      42745.710     956539.692          0.002
      42591.146      42743.826    1465680.400          0.002
      42556.872      43794.263    2399837.971          0.001
      42591.146      42743.826    1465680.400          0.002
      43970.625      42982.167     955144.986          0.001
      44449.410      43064.890    1616671.236          0.001
      44608.162      43922.351    2136617.590          0.001
      43883.864      43282.848     955144.986          0.001
      42577.522      43786.305     959107.232          0.001
      45410.105      42640.096   19628906.709          0.000
      46774.409      42953.721     952993.119          0.001
      48214.391      43035.204     952993.119          0.001
      49611.312      42952.205    9281024.799          0.000
      46672.417      43516.371     952993.119          0.001
      45811.563      44061.114    2712169.008          0.001
      49626.379      43031.866     953635.998          0.000
      49815.817      44033.443     664501.328          0.002
      48672.312      43497.583     953635.998          0.001
      47790.718      44009.621    1276266.988          0.001
      50645.083      42900.793    1502241.948          0.001
      50637.686      43844.171    2683710.247          0.001
      51263.328      42928.194     954516.733          0.001
      52661.745      42990.175    1576497.162          0.001
      52661.745      42990.175    1576497.162          0.001
      53544.779      44070.073    2438193.831          0.001
      52661.745      42990.175    1576497.162          0.001
      52785.603      44033.595    1189136.216          0.002
      52661.745      42990.175    1576497.162          0.001
      51371.948      43534.369     956104.312          0.002
      54092.131      42909.716     955234.608          0.001
      55288.633      43636.614     953879.543          0.001
      53697.848      42670.181    6319671.371          0.000
      55072.723      42931.934     952811.462          0.001
      56497.067      43262.794     952199.880          0.000
      55683.536      43876.526    2118300.096          0.001
      57584.556      42911.912     952199.880          0.001
      58597.807      42810.895    1496505.868          0.001
      58597.807      42810.895    1496505.868          0.001
      59613.084      43773.525     951298.555          0.002
      58597.807      42810.895    1496505.868          0.001
      57740.605      43916.842     952658.117          0.001
      58597.807      42810.895    1496505.868          0.001
      59989.250      42957.555     951181.063          0.002
      60701.870      43032.666    1655213.932          0.001
      61803.776      43742.331    1289030.747          0.002
      60701.870      43032.666    1655213.932          0.001
      60766.572      43890.939    2155287.019          0.001
      61017.986      42983.384     951181.063          0.001
      62401.276      42767.727     948490.354          0.001
      60701.870      43032.666    1655213.932          0.001
      59842.145      43990.709    1678884.613          0.001
      62747.466      42761.192     948490.354          0.001
      63545.270      43911.630     947713.261          0.002
      62717.780      42718.384    1520052.811          0.001
      61803.776      43742.331    1289030.747          0.002
      64720.600      43177.845     946810.569          0.001
      65614.086      43667.495    3069618.426          0.001
      63755.490      42951.298     946810.569          0.000
      63574.616      43953.948    1859153.682          0.002
      64720.861      42786.791     946810.569          0.001
      65732.265      42908.996    1388725.215          0.001
      66123.787      42885.759     944107.715          0.002
      67521.328      42802.816     940176.747          0.001
      65754.971      42927.951     944107.715          0.001
      66829.688      43825.160     940625.972          0.001
      67921.659      42785.065     940176.747          0.001
      69117.968      43512.282     930713.918          0.002
      67876.752      42815.659     940176.747          0.001
      66889.074      43807.875     940625.972          0.001
      68301.268      42809.372     940176.747          0.001
      69697.175      42916.344     932846.538          0.001
      70086.245      42946.160    1728641.116          0.001
      70022.784      44062.306    2083466.060          0.001
      70647.459      43256.554     929091.701          0.001
      70022.784      44062.306    2083466.060          0.001
      71287.883      42922.388     929091.701          0.000
      71774.948      43817.936    2159639.871          0.001
      71130.654      42633.295    6635744.049          0.000
      72520.418      42797.537     921177.029          0.000
      73254.362      43313.310     921177.029          0.001
      74026.142      43978.433    1906155.386          0.001
      74929.562      42738.582    1386066.421          0.001
      75175.271      43844.911    1383914.017          0.001
      74929.562      42738.582    1386066.421          0.001
      76298.843      42672.878     885194.900          0.003
      74929.562      42738.582    1386066.421          0.001
      74105.309      43869.783     910639.984          0.001
      77171.999      42630.981    3232959.606          0.002
      77861.391      43151.433     861111.231          0.002
      76347.894      43132.003     885194.900          0.003
      75175.271      43844.911    1383914.017          0.001
      77171.999      42630.981    3232959.606          0.002
      77930.659      42727.358     862551.184          0.002
      79184.613      42886.657    2020087.375          0.001
      79843.062      43686.833     854402.382          0.000
      79184.613      42886.657    2020087.375          0.001
      79022.483      44027.991    2084213.876          0.001
        326.494      44255.211     856148.734          0.001
       1071.141      45116.553    2657974.584          0.001
       2112.854      43797.195    1395471.849          0.002
       1587.050      44463.139     860839.127          0.002
       2325.621      44027.362     879292.473          0.002
       3159.281      44929.197    1186412.049          0.001
       2112.854      43797.195    1395471.849          0.002
       3275.810      43987.237     807846.754          0.001
       3469.288      43986.382     891993.265          0.001
       4869.274      43980.196     907643.766          0.002
       3275.810      43987.237     807846.754          0.001
       3839.541      44837.023     891726.346          0.000
       3275.810      43987.237     807846.754          0.001
       3159.281      44929.197    1186412.049          0.001
       5062.332      43979.343    1570235.915          0.002
       4309.771      44667.544     891726.346          0.001
       5142.085      44052.121     907643.766          0.002
       6176.222      44995.816     909493.660          0.001
       5430.138      43968.081     907643.766          0.002
       6829.483      43925.235     921197.608          0.001
       7198.135      43913.948    2270441.284          0.001
       7815.897      44723.595     918879.320          0.000
       7140.980      43983.986     921197.608          0.001
       6255.917      45068.542    1909038.043          0.001
       7198.135      43913.948    2270441.284          0.001
       8582.388      43862.641     929055.361          0.001
       9131.661      43883.421     929055.361          0.001
      10023.818      44943.302    1496410.851          0.001
       9098.080      43843.527    3769578.033          0.001
       8367.276      44766.352     918879.320          0.000
      11092.373      44006.911    1398407.248          0.002
      12258.396      44070.233    3209076.934          0.000
      11084.866      44013.490     934875.920          0.002
      10031.945      44936.180     927029.094          0.001
      12768.305      44067.185     937132.271          0.001
      14167.044      44058.824    1205819.258          0.001
      12258.396      44070.233    3209076.934          0.000
      11245.220      44865.876    2771426.706          0.001
      14167.044      44058.824    1205819.258          0.001
      15180.568      43959.113     942854.206          0.001
      14167.044      44058.824    1205819.258          0.001
      13214.464      44417.585     934257.588          0.001
      15545.251      44178.468     942854.206          0.001
      14301.240      44818.824    4133263.189          0.000
      17025.206      43869.701     942854.206          0.001
      18044.269      43877.662    1808070.729          0.001
      18044.269      43877.662    1808070.729          0.001
      18825.626      44531.136     942178.216          0.001
      18044.269      43877.662    1808070.729          0.001
      18089.577      45142.916    2486945.257          0.001
      18389.807      43882.776     945257.013          0.002
      19789.654      43903.493     947060.722          0.001
      20135.855      43908.616    1143321.087          0.001
      19487.256      44694.457     942178.216          0.000
      20135.855      43908.616    1143321.087          0.001
      20899.346      44583.706     944065.188          0.000
      22915.478      44008.178     949588.754          0.001
      24314.312      44043.572    1380735.826          0.001
      22488.977      43997.386    3004648.167          0.001
      21626.208      44539.421     944065.188          0.001
      24314.312      44043.572    1380735.826          0.001
      25688.840      43780.922     952727.950          0.002
      24314.312      44043.572    1380735.826          0.001
      23220.782      44917.167     945384.224          0.002
      24314.312      44043.572    1380735.826          0.001
      25635.928      44502.026     949813.380          0.001
      26130.344      43696.558    1140779.351          0.002
      26889.732      44375.726     949506.046          0.001
      28236.492      44053.408     954303.727          0.001
      29209.783      45059.741     949738.655          0.001
      28159.480      43973.781    1255078.716          0.001
      27516.097      44763.334     949506.046          0.000
      30855.013      43800.372     956298.262          0.001
      32248.944      43930.591     956951.730          0.002
      30572.340      43773.965    1353467.063          0.001
      31356.726      44687.227    6411946.210          0.000
      32939.310      43983.004     956951.730          0.002
      34336.472      44072.108     957031.385          0.001
      32479.787      44216.560     956951.730          0.002
      32204.653      45589.259     949311.079          0.002
      32531.808      43957.016    2297758.541          0.001
      33233.736      44695.294     951711.102          0.000
      34433.846      44174.490     957031.385          0.001
      34357.349      45572.398     950202.831          0.002
      34439.090      44078.652    1772814.924          0.001
      33749.016      44827.787     951711.102          0.000
      34439.090      44078.652    1772814.924          0.001
      35200.588      44755.779     953007.798          0.000
      36406.832      43842.182     958787.861          0.001
      37416.977      44811.515     954739.466          0.001
      36837.378      43816.495     958787.861          0.002
      38237.125      43789.875     959942.048          0.001
      36388.950      43825.023    1365481.292          0.001
      35668.789      44546.077     953007.798          0.000
      38951.737      43939.931     959942.048          0.001
      40155.420      44654.877     956712.481          0.002
      38596.305      43855.452     959942.048          0.001
      37523.009      44754.360     954739.466          0.001
      38870.026      43817.877     959942.048          0.001
      40243.597      44088.622     959639.075          0.002
      40800.887      44067.154     959639.075          0.002
      42184.282      43852.166     959107.232          0.001
      40428.380      44125.044    1477925.177          0.001
      41652.561      44696.754    2633497.568          0.001
      40428.380      44125.044    1477925.177          0.001
      40422.032      44813.236    1363847.594          0.002
      42556.872      43794.263    2399837.971          0.001
      43451.629      44870.535     957353.377          0.001
      42556.872      43794.263    2399837.971          0.001
      41652.561      44696.754    2633497.568          0.001
      42556.872      43794.263    2399837.971          0.001
      43953.658      43881.482     958003.655          0.002
      44598.962      44312.349     958003.655          0.001
      44565.953      45711.535    1949139.346          0.001
      44608.162      43922.351    2136617.590          0.001
      45446.898      44963.120     826793.759          0.002
      44608.162      43922.351    2136617.590          0.001
      45811.563      44061.114    2712169.008          0.001
      44570.086      43966.476     958003.655          0.001
      43655.457      45026.407     957353.377          0.001
      45811.563      44061.114    2712169.008          0.001
      46386.582      45330.796     955184.919          0.002
      46095.436      44150.092     957454.544          0.001
      47431.350      44568.822     957548.431          0.002
      46101.433      44053.573     957454.544          0.001
      47500.959      44017.160     956545.210          0.001
      48103.392      44013.299     956545.210          0.001
      49503.295      44029.767     956361.125          0.002
      48027.763      44103.359     956545.210          0.001
      49329.665      44618.192     957473.126          0.001
      47790.718      44009.621    1276266.988          0.001
      47715.050      44657.746    1474604.213          0.002
      49815.817      44033.443     664501.328          0.002
      50637.686      43844.171    2683710.247          0.001
      50642.516      44273.395     956104.312          0.001
      50658.268      45673.306     952568.022          0.001
      50697.502      43897.963     956104.312          0.001
      51738.484      44834.102     957074.694          0.001
      50637.686      43844.171    2683710.247          0.001
      49566.957      44712.028    2316620.887          0.001
      51383.632      43909.956     956104.312          0.002
      52778.219      44032.944     956049.180          0.002
      52785.603      44033.595    1189136.216          0.002
      53713.174      45069.302    1247055.904          0.003
      52785.603      44033.595    1189136.216          0.002
      51798.166      44887.773    1694320.832          0.001
      53544.779      44070.073    2438193.831          0.001
      53713.174      45069.302    1247055.904          0.003
      53544.779      44070.073    2438193.831          0.001
      54480.568      44473.288     952411.735          0.001
      53618.040      44063.443     955535.760          0.001
      55012.343      43937.265     953879.543          0.002
      55778.105      43953.702     953879.543          0.001
      56862.762      44838.869     950478.053          0.001
      55953.306      43904.591     953879.543          0.001
      57345.791      44049.456     952658.117          0.001
      55683.536      43876.526    2118300.096          0.001
      55549.661      44887.107     952411.735          0.000
      57616.027      44077.570    1728856.513          0.001
      57971.842      44887.814    5570585.483          0.000
      58029.921      44061.420     952658.117          0.001
      59428.857      44006.835     951298.555          0.002
      57616.027      44077.570    1728856.513          0.001
      56957.604      44916.267    1306716.008          0.001
      59842.145      43990.709    1678884.613          0.001
      60602.819      44668.652     947683.653          0.000
      59842.145      43990.709    1678884.613          0.001
      58923.218      44431.479     949487.284          0.001
      59842.145      43990.709    1678884.613          0.001
      60766.572      43890.939    2155287.019          0.001
      60766.572      43890.939    2155287.019          0.001
      61733.594      44660.657    1612018.183          0.001
      61803.776      43742.331    1289030.747          0.002
      61733.594      44660.657    1612018.183          0.001
      62141.500      43782.690     949863.945          0.002
      63531.610      43948.809     947713.261          0.002
      63900.755      43908.140     947713.261          0.002
      65287.147      43713.415     943829.879          0.001
      63676.738      44054.124     947713.261          0.002
      64676.164      45034.505     942616.716          0.001
      63572.372      43954.810     947713.261          0.002
      62265.361      44456.529     948008.291          0.001
      65542.688      43792.927     943829.879          0.001
      64850.127      45009.627     942616.716          0.001
      65614.086      43667.495    3069618.426          0.001
      66852.725      43844.391    1138696.037          0.001
      66852.725      43844.391    1138696.037          0.001
      67070.901      44941.568    2789572.909          0.001
      66852.725      43844.391    1138696.037          0.001
      66044.462      44464.869     941290.341          0.000
      68803.638      44325.355     938221.451          0.001
      69731.910      44746.727    3619884.005          0.001
      69007.937      43965.859     938221.451          0.001
      70022.784      44062.306    2083466.060          0.001
      67692.185      43936.215     938221.451          0.000
      67070.901      44941.568    2789572.909          0.001
      67749.570      43856.982     938221.451          0.000
      67907.203      44863.944     938997.831          0.002
      70571.605      44354.673     930713.918          0.002
      71806.952      45012.766    1499195.580          0.001
      70205.610      44036.808     930713.918          0.001
      71592.189      43843.425     924344.691          0.001
      72574.254      44230.698     924344.691          0.002
      73817.683      44872.804    1300230.807          0.001
      71774.948      43817.936    2159639.871          0.001
      71806.952      45012.766    1499195.580          0.001
      72591.495      43876.151     924344.691          0.002
      73987.951      43975.710     910639.984          0.001
      74026.142      43978.433    1906155.386          0.001
      75175.271      43844.911    1383914.017          0.001
      74026.142      43978.433    1906155.386          0.001
      73817.683      44872.804    1300230.807          0.001
      75361.129      43965.907     902441.278          0.001
      76534.404      44729.729     884223.490          0.002
      75175.271      43844.911    1383914.017          0.001
      76572.315      43917.094     884550.004          0.004
      76964.345      43937.350     829894.554          0.003
      77704.901      44242.937     860014.549          0.002
      76964.345      43937.350     829894.554          0.003
      77744.099      43971.691     861111.231          0.002
      76964.345      43937.350     829894.554          0.003
      76720.293      44850.746    1036249.796          0.002
      79022.483      44027.991    2084213.876          0.001
      79765.162      44688.958     850671.342          0.000
      79022.483      44027.991    2084213.876          0.001
      78915.020      44742.287    2407613.310          0.001
       1072.631      45161.585     860839.127          0.001
       1118.942      46560.818     855202.635          0.001
       1239.719      45349.131     860839.127          0.001
       1788.535      46106.297    1268988.808          0.001
       1071.141      45116.553    2657974.584          0.001
        258.850      45724.602     851333.434          0.000
       2383.064      44998.842     860839.127          0.002
       3159.281      44929.197    1186412.049          0.001
       3159.281      44929.197    1186412.049          0.001
       2953.587      46258.223     873044.064          0.003
       3159.281      44929.197    1186412.049          0.001
       2360.997      45614.707     868432.350          0.002
       3218.191      44986.096     884666.250          0.001
       4225.177      45958.711     894790.555          0.001
       5236.791      45037.927     891726.346          0.001
       6255.917      45068.542    1909038.043          0.001
       6255.917      45068.542    1909038.043          0.001
       6200.748      46145.959    1095160.844          0.001
       6255.917      45068.542    1909038.043          0.001
       7273.841      45085.863     918879.320          0.001
       5545.350      45409.732     909493.660          0.002
       4283.904      46015.435    1477721.078          0.001
       9008.598      45026.112     918879.320          0.001
      10023.818      44943.302    1496410.851          0.001
       8103.074      45099.974    3317156.884          0.000
       6964.133      45901.917    5126340.123          0.000
       8192.149      45208.689     918879.320          0.000
       8971.033      46159.313    1600739.451          0.002
      10023.818      44943.302    1496410.851          0.001
      11245.220      44865.876    2771426.706          0.001
      10023.818      44943.302    1496410.851          0.001
       9220.012      45871.732     918274.553          0.002
      11401.022      45066.410     931120.038          0.001
      12259.572      46171.463    1342590.404          0.001
      11245.220      44865.876    2771426.706          0.001
      12280.649      44751.710     934257.588          0.000
      13300.052      45426.123     934257.588          0.001
      14128.384      46018.354    1715873.812          0.001
      12321.551      45155.237     934257.588          0.000
      12259.572      46171.463    1342590.404          0.001
      12903.791      44765.642     934257.588          0.001
      14301.240      44818.824    4133263.189          0.000
      15120.698      45261.383     937231.788          0.001
      16017.838      45745.895    1742447.622          0.002
      15185.980      44738.679     937231.788          0.001
      16201.497      44646.688     548037.758          0.001
      14273.788      45009.330     937231.788          0.000
      14128.384      46018.354    1715873.812          0.001
      16201.497      44646.688     548037.758          0.001
      16017.838      45745.895    1742447.622          0.002
      16201.497      44646.688     548037.758          0.001
      17024.738      44672.128    8210409.423          0.000
      17169.928      44843.200     941225.145          0.001
      18075.836      45910.595     942875.627          0.002
      18089.577      45142.916    2486945.257          0.001
      19092.007      44962.136     942178.216          0.000
      19518.496      45282.571     942178.216          0.000
      20055.272      46147.882    1318735.594          0.001
      18914.559      45335.630     942178.216          0.001
      18220.414      46080.946    1674202.149          0.002
      19536.036      44912.390     942178.216          0.000
      20934.033      44837.526     944065.188          0.000
      22077.901      44917.214     944065.188          0.001
      23091.293      45020.613    1086853.442          0.002
      20712.191      45369.557     944065.188          0.001
      20055.272      46147.882    1318735.594          0.001
      23091.293      45020.613    1086853.442          0.002
      24140.034      45725.039    1373427.507          0.002
      23091.293      45020.613    1086853.442          0.002
      24073.920      44748.668     948702.375          0.000
      23091.293      45020.613    1086853.442          0.002
      22229.834      45868.791    2026187.365          0.001
      24385.143      44735.377     948702.375          0.000
      24140.034      45725.039    1373427.507          0.002
      24726.159      45155.280     948702.375          0.001
      25279.357      46011.965    2988041.828          0.001
      25070.627      44658.213     948702.375          0.001
      26090.760      44659.802    3132566.669          0.001
      26206.076      44811.178     949813.380          0.001
      27054.452      45924.847     948622.271          0.001
      25999.495      44811.891     949813.380          0.001
      25279.357      46011.965    2988041.828          0.001
      28350.762      45357.857     949506.046          0.001
      29247.306      45842.033    1987730.913          0.002
      28279.479      44989.234     949506.046          0.001
      29287.022      45139.602    1228995.236          0.001
      29287.022      45139.602    1228995.236          0.001
      29247.306      45842.033    1987730.913          0.002
      29955.991      45109.452     952031.790          0.001
      29247.306      45842.033    1987730.913          0.002
      30833.038      45233.751     952031.790          0.001
      31517.177      45988.955    1138573.158          0.002
      31356.726      44687.227    6411946.210          0.000
      31517.177      45988.955    1138573.158          0.002
      33463.596      45696.946     951711.102          0.001
      33266.945      47082.491    2653573.368          0.000
      33557.439      45035.761    2875058.966          0.000
      34352.129      45667.790    1129174.128          0.001
      33068.608      45318.684     951711.102          0.001
      32152.626      45848.831    2411560.980          0.001
      36415.838      44852.330     953007.798          0.001
      37434.588      44828.415    1189736.181          0.001
      36501.456      45351.753     953007.798          0.001
      37445.262      45736.235    1551401.873          0.001
      35147.073      45030.429     953007.798          0.000
      34352.129      45667.790    1129174.128          0.001
      37434.588      44828.415    1189736.181          0.001
      37445.262      45736.235    1551401.873          0.001
      39406.484      44894.478     954727.340          0.001
      40422.032      44813.236    1363847.594          0.002
      38736.468      45193.681     954727.340          0.000
      39704.077      46049.479    2897639.211          0.002
      40521.685      44920.184     956712.481          0.002
      41476.085      45944.450     951432.122          0.002
      40422.032      44813.236    1363847.594          0.002
      39837.791      45819.238     949444.997          0.002
      41652.561      44696.754    2633497.568          0.001
      41575.240      46050.864    1312607.550          0.002
      42204.825      45249.735     957900.153          0.001
      41575.240      46050.864    1312607.550          0.002
      43617.643      45070.228    3669013.115          0.001
      42730.806      46139.102    3116659.055          0.001
      45446.898      44963.120     826793.759          0.002
      46557.365      45707.896    1993312.909          0.002
      45446.898      44963.120     826793.759          0.002
      44565.953      45711.535    1949139.346          0.001
      47715.050      44657.746    1474604.213          0.002
      48350.071      45454.701     953042.063          0.000
      47941.138      44664.373     957548.431          0.002
      49340.537      44705.391     957473.126          0.001
      47715.050      44657.746    1474604.213          0.002
      46683.356      45593.608     955184.919          0.002
      49658.218      44801.134     957473.126          0.001
      50659.455      45778.731    1423834.598          0.001
      51798.166      44887.773    1694320.832          0.001
      53038.754      45533.254     951581.752          0.003
      52058.794      44912.479     957074.694          0.001
      53452.546      45044.596     954690.959          0.003
      51779.864      44902.093     957074.694          0.001
      50677.259      45764.800     952568.022          0.001
      54030.330      45183.985     954690.959          0.003
      55346.900      45660.053     951097.920          0.001
      53713.174      45069.302    1247055.904          0.003
      54729.819      44992.725     952411.735          0.001
      55938.260      44927.188     952411.735          0.000
      56957.604      44916.267    1306716.008          0.001
      56957.604      44916.267    1306716.008          0.001
      57695.622      45927.156    1802928.488          0.001
      56830.192      45000.778     950478.053          0.001
      55663.594      45774.569    1755679.518          0.001
      58644.994      44959.378     949487.284          0.001
      59658.795      45067.156    4473381.101          0.001
      58977.711      45365.516     947825.798          0.001
      57695.622      45927.156    1802928.488          0.001
      60700.234      45725.482     947683.653          0.001
      60548.375      46796.736    3477785.948          0.001
      61092.050      45272.511     947683.653          0.001
      61656.455      46126.720    2004789.689          0.002
      60441.161      45291.500     947683.653          0.001
      59762.853      46051.791     953472.611          0.002
      61733.594      44660.657    1612018.183          0.001
      61660.268      46054.251     943890.025          0.002
      62029.222      44659.744     948008.291          0.001
      63429.215      44655.419     945907.798          0.001
      63724.365      44654.508    3402386.391          0.001
      63287.768      45575.616     938318.522          0.001
      63724.365      44654.508    3402386.391          0.001
      63937.520      45989.547     987246.192          0.002
      63724.365      44654.508    3402386.391          0.001
      62585.885      45465.028     943890.025          0.004
      64778.708      45135.095    6185279.102          0.000
      65574.975      45846.780    1832594.843          0.001
      67070.901      44941.568    2789572.909          0.001
      67010.462      46332.110     927954.810          0.002
      67070.901      44941.568    2789572.909          0.001
      67935.278      45984.153    1117397.350          0.001
      66750.154      45135.658     937044.790          0.001
      65574.975      45846.780    1832594.843          0.001
      67907.203      44863.944     938997.831          0.002
      68808.442      45339.235     926195.437          0.001
      67907.203      44863.944     938997.831          0.002
      67935.278      45984.153    1117397.350          0.001
      68120.805      44850.223     935161.883          0.002
      69517.925      44760.473     930091.772          0.001
      70418.659      44834.774     930091.772          0.001
      71806.952      45012.766    1499195.580          0.001
      71806.952      45012.766    1499195.580          0.001
      72660.000      45570.254     912269.411          0.000
      72113.801      44991.407     921433.664          0.002
      73510.422      44894.192     909894.105          0.001
      71806.952      45012.766    1499195.580          0.001
      70865.935      45402.586     926195.437          0.001
      73817.683      44872.804    1300230.807          0.001
      74982.430      45649.042     898860.618          0.001
      73817.683      44872.804    1300230.807          0.001
      74821.649      44699.184     901075.627          0.000
      75203.549      44871.845     901075.627          0.000
      75843.670      45665.076    4046541.145          0.001
      75034.509      44662.373    5415785.234          0.000
      75008.614      45666.491     991170.168          0.001
      75707.376      44737.560     901075.627          0.001
      76720.293      44850.746    1036249.796          0.002
      76720.293      44850.746    1036249.796          0.002
      76933.318      45843.275     732224.409          0.002
      76720.293      44850.746    1036249.796          0.002
      77535.675      44810.451     860014.549          0.002
      78915.020      44742.287    2407613.310          0.001
      78888.872      45690.090    1875942.211          0.001
      77658.207      45440.543     860014.549          0.002
      76933.318      45843.275     732224.409          0.002
      79673.542      45130.693     850671.342          0.000
      78888.872      45690.090    1875942.211          0.001
        236.844      46105.135     851333.434          0.000
       1127.096      46807.162    6034269.065          0.000
       2030.815      46306.671     868432.350          0.002
       2842.228      46977.736    1839124.599          0.002
       4283.904      46015.435    1477721.078          0.001
       4267.320      46974.307     859649.286          0.002
       4283.904      46015.435    1477721.078          0.001
       5140.651      46734.582    1284639.073          0.002
       4283.904      46015.435    1477721.078          0.001
       5680.077      46110.504     906223.384          0.001
       4283.904      46015.435    1477721.078          0.001
       3172.721      46757.136     873044.064          0.002
       6200.748      46145.959    1095160.844          0.001
       7116.915      47128.179    1368696.866          0.002
       6200.748      46145.959    1095160.844          0.001
       5171.626      46717.383     895179.071          0.002
       6985.736      46075.304     911188.815          0.000
       7116.915      47128.179    1368696.866          0.002
       7751.020      46002.840     911188.815          0.001
       8971.033      46159.313    1600739.451          0.002
       8971.033      46159.313    1600739.451          0.002
      10196.829      46066.154     924344.477          0.000
       8267.308      46527.043     918274.553          0.003
       7116.915      47128.179    1368696.866          0.002
      11242.658      46117.228     924344.477          0.001
      12259.572      46171.463    1342590.404          0.001
      10459.912      46344.880     924344.477          0.000
      11127.812      47174.136    1127780.160          0.002
      10233.194      46063.391    7342631.656          0.000
       9034.301      46715.026     914551.179          0.002
      12495.917      46152.100     931124.502          0.001
      13891.241      46037.783     937208.774          0.001
      12259.572      46171.463    1342590.404          0.001
      11243.516      47071.630     915987.135          0.002
      14380.153      45982.049     937208.774          0.001
      15765.820      45782.236     940626.182          0.002
      14128.384      46018.354    1715873.812          0.001
      15371.820      46541.327     933712.993          0.002
      14128.384      46018.354    1715873.812          0.001
      13950.935      47059.788     650368.204          0.003
      16017.838      45745.895    1742447.622          0.002
      16149.363      46868.352    2671078.165          0.002
      16427.179      45808.163     940626.182          0.002
      17811.257      46018.706     942875.627          0.002
      18438.507      46088.902     942875.627          0.002
      19837.576      46139.940     943598.174          0.001
      18220.414      46080.946    1674202.149          0.002
      18123.874      46813.924    2467994.611          0.000
      18220.414      46080.946    1674202.149          0.002
      16958.946      46560.551     933712.993          0.002
      20055.272      46147.882    1318735.594          0.001
      21135.579      46609.446     933585.613          0.003
      20055.272      46147.882    1318735.594          0.001
      19091.627      46480.194     935779.307          0.001
      20055.272      46147.882    1318735.594          0.001
      21443.409      45969.723     946581.638          0.002
      22229.834      45868.791    2026187.365          0.001
      23077.072      46945.436     933512.664          0.002
      22229.834      45868.791    2026187.365          0.001
      22301.127      46912.076     933585.613          0.002
      22744.637      45830.050     946581.638          0.002
      24140.034      45725.039    1373427.507          0.002
      24140.034      45725.039    1373427.507          0.002
      24107.746      47006.073     922711.497          0.002
      24140.034      45725.039    1373427.507          0.002
      24741.703      46547.302     937227.189          0.001
      24140.034      45725.039    1373427.507          0.002
      23422.889      46892.599     933512.664          0.002
      25279.357      46011.965    2988041.828          0.001
      26677.972      46059.470     948622.271          0.001
      25308.926      46030.270     948864.864          0.001
      26499.290      46767.178     942351.372          0.002
      27513.245      46037.459     948622.271          0.001
      28904.438      45880.674     949513.667          0.002
      27169.731      46076.173    1710261.918          0.001
      26528.862      46785.484     909255.773          0.001
      27169.731      46076.173    1710261.918          0.001
      28045.040      46598.209     942873.278          0.000
      30022.670      45892.220     949513.667          0.003
      31419.746      45982.649     949248.327          0.002
      29247.306      45842.033    1987730.913          0.002
      28561.013      46595.263     942873.278          0.000
      29288.271      45895.906     949513.667          0.002
      30135.658      47010.328     940285.967          0.001
      31517.177      45988.955    1138573.158          0.002
      31371.724      46997.336     940057.897          0.000
      31517.177      45988.955    1138573.158          0.002
      30425.310      46864.902     940285.967          0.001
      32152.626      45848.831    2411560.980          0.001
      32862.265      46634.470     938795.241          0.001
      32152.626      45848.831    2411560.980          0.001
      31575.174      46735.890     940057.897          0.000
      34352.129      45667.790    1129174.128          0.001
      34415.622      46648.668     920863.840          0.002
      34429.965      45770.481     950202.831          0.002
      35275.637      46886.204     941108.763          0.002
      34352.129      45667.790    1129174.128          0.001
      33731.901      46476.351     938795.241          0.001
      35661.397      45930.539     949956.514          0.001
      37053.165      45778.943     951304.362          0.001
      35269.394      45973.237    3715896.737          0.001
      36537.709      46545.639     941899.508          0.003
      37445.262      45736.235    1551401.873          0.001
      37249.372      46866.820    2086666.935          0.002
      37445.262      45736.235    1551401.873          0.001
      38664.165      45905.268     949444.997          0.003
      40372.812      46049.974     949444.997          0.002
      41575.240      46050.864    1312607.550          0.002
      38444.589      46468.850     949444.997          0.003
      37249.372      46866.820    2086666.935          0.002
      41575.240      46050.864    1312607.550          0.002
      41564.253      47064.201    1335520.463          0.002
      41575.240      46050.864    1312607.550          0.002
      40631.165      46502.596     938370.422          0.002
      42730.806      46139.102    3116659.055          0.001
      42660.418      47108.129     912330.259          0.002
      42730.806      46139.102    3116659.055          0.001
      43468.243      47053.928     926218.031          0.003
      42966.783      46084.122     951621.241          0.001
      44330.264      45766.447     955674.943          0.002
      42730.806      46139.102    3116659.055          0.001
      41837.724      46847.334     937523.207          0.003
      44565.953      45711.535    1949139.346          0.001
      45729.383      46377.346     945732.377          0.002
      44565.953      45711.535    1949139.346          0.001
      43681.380      46793.283     940642.825          0.003
      44565.953      45711.535    1949139.346          0.001
      45959.996      45708.987     955184.919          0.003
      44565.953      45711.535    1949139.346          0.001
      44349.787      46842.710    1959761.954          0.002
      46557.365      45707.896    1993312.909          0.002
      47780.404      46084.220    2756944.392          0.001
      47780.404      46084.220    2756944.392          0.001
      46621.604      46716.852     945732.377          0.001
      47780.404      46084.220    2756944.392          0.001
      48343.799      46953.814     940369.143          0.001
      48636.006      45813.552   10704814.783          0.000
      49805.210      46582.607     939005.601          0.001
      49641.056      45796.256     953042.063          0.001
      50659.455      45778.731    1423834.598          0.001
      50659.455      45778.731    1423834.598          0.001
      50650.809      46796.896     939005.601          0.000
      52080.153      46760.382     950434.474          0.001
      52480.149      47902.697    1246958.157          0.001
      52619.412      45947.967     950434.474          0.001
      53635.387      45843.684    3219687.865          0.002
      52049.771      46199.104     950434.474          0.000
      52887.409      46828.749    5857751.390          0.001
      51824.255      46029.585    6393242.568          0.000
      50805.411      46988.659     939005.601          0.000
      53635.387      45843.684    3219687.865          0.002
      53716.248      46947.350    1415033.781          0.002
      54266.208      45822.188     951581.752          0.003
      55663.594      45774.569    1755679.518          0.001
      55663.594      45774.569    1755679.518          0.001
      55905.083      46764.622     942678.998          0.000
      55663.594      45774.569    1755679.518          0.001
      54465.915      46495.867     942514.043          0.003
      55952.915      45796.294     951097.920          0.001
      57348.985      45901.127     949208.750          0.001
      57695.622      45927.156    1802928.488          0.001
      58463.500      46597.775     940321.933          0.001
      58030.534      45947.348     949208.750          0.001
      59427.997      46031.602     946486.602          0.002
      57695.622      45927.156    1802928.488          0.001
      57576.158      46738.584     839180.449          0.001
      57695.622      45927.156    1802928.488          0.001
      56796.926      46408.233     942678.998          0.001
      59762.853      46051.791     953472.611          0.002
      59081.483      46810.243     940321.933          0.000
      59762.853      46051.791     953472.611          0.002
      60548.375      46796.736    3477785.948          0.001
      61656.455      46126.720    2004789.689          0.002
      62333.250      47262.055     922337.327          0.002
      61656.455      46126.720    2004789.689          0.002
      61249.990      47172.969     922193.238          0.002
      61656.455      46126.720    2004789.689          0.002
      62538.889      46646.796     938318.522          0.000
      63937.520      45989.547     987246.192          0.002
      64604.310      46831.250     906394.598          0.002
      64058.537      45978.996     942035.565          0.002
      65453.246      45857.394     940129.660          0.001
      63937.520      45989.547     987246.192          0.002
      63077.144      46535.815     938318.522          0.000
      65574.975      45846.780    1832594.843          0.001
      66126.413      46874.101     912324.358          0.002
      65574.975      45846.780    1832594.843          0.001
      66620.084      46707.479     927954.810          0.002
      65574.975      45846.780    1832594.843          0.001
      65259.806      47061.419     913255.178          0.002
      65574.975      45846.780    1832594.843          0.001
      64604.310      46831.250     906394.598          0.002
      67935.278      45984.153    1117397.350          0.001
      68950.854      45911.475     926195.437          0.001
      67935.278      45984.153    1117397.350          0.001
      69178.620      46626.200     921274.883          0.002
      67935.278      45984.153    1117397.350          0.001
      67018.475      46965.034     927954.810          0.002
      70753.392      45806.306     926195.437          0.001
      71770.863      45758.421    2596346.901          0.001
      69780.881      45852.075    8553434.544          0.000
      70707.449      46768.568    2723528.982          0.000
      71879.197      45863.752     918552.644          0.001
      72882.960      46839.693     906240.575          0.001
      71770.863      45758.421    2596346.901          0.001
      71032.216      46460.069     917881.756          0.000
      74100.319      46527.184     912269.411          0.001
      74948.141      47093.301    1108649.955          0.001
      73991.103      45729.915     912269.411          0.001
      75008.614      45666.491     991170.168          0.001
      75008.614      45666.491     991170.168          0.001
      75619.312      46482.319     886860.475          0.000
      75008.016      45680.583     898860.618          0.001
      74948.733      47079.328     890046.429          0.001
      76933.318      45843.275     732224.409          0.002
      77734.367      45780.526     859730.092          0.002
      76933.318      45843.275     732224.409          0.002
      77663.843      46695.117     864999.572          0.002
      76933.318      45843.275     732224.409          0.002
      76121.168      46458.875     886860.475          0.000
      78888.872      45690.090    1875942.211          0.001
      79611.613      46502.308     844153.420          0.001
      78503.628      46182.851     859730.092          0.002
      77893.642      46963.078    1188608.858          0.002
       1127.096      46807.162    6034269.065          0.000
        279.433      47673.572     828888.661          0.000
       2842.228      46977.736    1839124.599          0.002
       2594.089      47796.279     811514.801          0.002
       2842.228      46977.736    1839124.599          0.002
       3652.221      47542.569     859649.286          0.002
       2842.228      46977.736    1839124.599          0.002
       2026.564      47779.098     842847.912          0.003
       5858.553      46877.561     895179.071          0.003
       7116.915      47128.179    1368696.866          0.002
       5140.651      46734.582    1284639.073          0.002
       4512.260      47599.161     859649.286          0.002
       7116.915      47128.179    1368696.866          0.002
       7905.014      47578.513     870700.905          0.002
       7116.915      47128.179    1368696.866          0.002
       7159.653      48099.585     488443.727          0.002
       7116.915      47128.179    1368696.866          0.002
       8242.778      46892.767     914551.179          0.002
       7116.915      47128.179    1368696.866          0.002
       6131.866      47528.593     863782.990          0.003
       9624.823      47174.954     914551.179          0.002
      10770.838      47979.099     884487.927          0.001
       9972.518      46935.918     914551.179          0.003
      11127.812      47174.136    1127780.160          0.002
      11127.812      47174.136    1127780.160          0.002
      11527.416      47915.220     842120.010          0.002
      11127.812      47174.136    1127780.160          0.002
      12104.115      47589.469     891852.075          0.003
      11127.812      47174.136    1127780.160          0.002
      12177.500      46992.065     928528.374          0.001
      13186.637      46817.027    5164514.127          0.000
      13297.379      47873.456     891852.075          0.001
      13186.637      46817.027    5164514.127          0.000
      13950.935      47059.788     650368.204          0.003
      13950.935      47059.788     650368.204          0.003
      15299.295      46942.375     933712.993          0.002
      13950.935      47059.788     650368.204          0.003
      13521.392      47775.275     891852.075          0.002
      16149.363      46868.352    2671078.165          0.002
      17243.975      46838.178     935779.307          0.001
      15887.665      47001.392     933712.993          0.002
      14639.675      47635.836     905560.183          0.002
      18123.874      46813.924    2467994.611          0.000
      19504.326      47043.930     931485.495          0.001
      17875.273      47012.565     935779.307          0.000
      16781.541      47886.494     897406.998          0.001
      18123.874      46813.924    2467994.611          0.000
      18293.731      47752.301    1433216.457          0.002
      20099.311      47143.064    3998903.386          0.000
      20710.585      48025.253     856318.483          0.002
      20844.518      47133.055     931485.495          0.001
      22244.392      47114.252     933585.613          0.002
      19917.568      47204.388     931485.495          0.000
      18591.046      47651.981     914582.472          0.002
      20099.311      47143.064    3998903.386          0.000
      19640.459      47984.220     860358.144          0.002
      20099.311      47143.064    3998903.386          0.000
      21247.016      47556.708     914614.053          0.002
      22314.878      47113.305    1796971.495          0.002
      23253.065      47169.083    1367138.268          0.002
      23253.065      47169.083    1367138.268          0.002
      24089.721      47721.217    1233198.093          0.002
      23253.065      47169.083    1367138.268          0.002
      22540.099      47588.071     914614.053          0.002
      25141.239      47093.322    6560913.714          0.000
      24919.437      47789.263     841379.963          0.002
      25434.326      47256.649     937227.189          0.000
      26505.408      47853.523    1322329.447          0.002
      25108.913      47112.625     937227.189          0.000
      24089.721      47721.217    1233198.093          0.002
      26528.862      46785.484     909255.773          0.001
      26505.408      47853.523    1322329.447          0.002
      26528.862      46785.484     909255.773          0.001
      27547.644      46791.585     942873.278          0.001
      28379.740      46817.436     942873.278          0.000
      28516.982      48162.344    1329623.628          0.001
      28617.263      47068.445     942873.278          0.000
      29382.145      47936.215    1119928.890          0.002
      28422.590      46796.613     942873.278          0.000
      29441.602      46797.945    2611849.725          0.001
      27572.907      47250.857     942873.278          0.001
      26505.408      47853.523    1322329.447          0.002
      29441.602      46797.945    2611849.725          0.001
      29382.145      47936.215    1119928.890          0.002
      30176.721      47064.331    4089233.309          0.001
      31132.990      47891.956     921960.975          0.002
      30176.721      47064.331    4089233.309          0.001
      29382.145      47936.215    1119928.890          0.002
      31404.056      47105.185     940057.897          0.000
      32254.149      47963.920     924540.053          0.002
      31867.565      47068.144     940057.897          0.001
      33266.945      47082.491    2653573.368          0.000
      31362.258      47062.963    6273115.925          0.000
      31267.562      48008.425    1082735.321          0.002
      33266.945      47082.491    2653573.368          0.000
      34213.600      47647.849     920863.840          0.002
      33166.024      47170.322     938795.241          0.000
      32254.149      47963.920     924540.053          0.002
      35353.995      46989.585     929000.330          0.002
      36391.080      47721.177     919889.137          0.002
      35353.995      46989.585     929000.330          0.002
      35352.514      47767.764     862507.807          0.002
      35353.995      46989.585     929000.330          0.002
      36741.473      46899.717     941899.508          0.002
      35353.995      46989.585     929000.330          0.002
      34761.086      47555.682     920863.840          0.002
      37249.372      46866.820    2086666.935          0.002
      36559.667      47840.104    1095136.277          0.002
      37249.372      46866.820    2086666.935          0.002
      38352.004      46899.335     938370.422          0.003
      39716.901      46946.160     938370.422          0.001
      39541.364      48161.772     786303.345          0.002
      40278.857      46977.468     938370.422          0.002
      41564.253      47064.201    1335520.463          0.002
      38820.082      47298.752     938370.422          0.002
      37707.662      47743.762    3417330.827          0.001
      41564.253      47064.201    1335520.463          0.002
      41598.427      47875.263     853967.258          0.001
      41564.253      47064.201    1335520.463          0.002
      42429.716      47812.459     912330.259          0.001
      43468.243      47053.928     926218.031          0.003
      44312.643      47806.326     912117.975          0.001
      43468.243      47053.928     926218.031          0.003
      42860.744      47685.871     912330.259          0.002
      44349.787      46842.710    1959761.954          0.002
      45722.813      46815.282     945732.377          0.002
      46468.595      46800.385    4681144.694          0.001
      47579.897      46968.651     940369.143          0.002
      46468.595      46800.385    4681144.694          0.001
      45402.399      47506.913     912117.975          0.002
      48437.546      47098.511    1961887.103          0.001
      49818.963      47122.508     939005.601          0.001
      48437.546      47098.511    1961887.103          0.001
      48768.881      48002.019    1090966.881          0.002
      48226.753      47172.159     940369.143          0.001
      46905.098      47633.925     925324.862          0.001
      49880.999      47490.000     939005.601          0.001
      48768.881      48002.019    1090966.881          0.002
      51364.080      47436.230     939005.601          0.001
      52480.149      47902.697    1246958.157          0.001
      50647.922      47136.908    3902491.082          0.000
      50588.609      47897.521    1011702.343          0.002
      52887.409      46828.749    5857751.390          0.001
      52480.149      47902.697    1246958.157          0.001
      53716.248      46947.350    1415033.781          0.002
      54423.003      47819.860     913209.173          0.002
      53716.248      46947.350    1415033.781          0.002
      54737.115      46912.467     942678.998          0.001
      53716.248      46947.350    1415033.781          0.002
      53690.197      48002.388    6975091.553          0.001
      55931.192      46871.666    3477306.438          0.000
      56692.576      47748.052    1669228.848          0.001
      55647.709      47171.753     942678.998          0.000
      54705.734      48168.900    1741936.902          0.001
      56560.518      46820.752     942678.998          0.001
      57576.158      46738.584     839180.449          0.001
      57576.158      46738.584     839180.449          0.001
      58452.642      47679.943     924302.057          0.002
      57576.158      46738.584     839180.449          0.001
      56802.570      47622.387     929057.576          0.002
      59473.534      46926.430     940321.933          0.001
      60548.375      46796.736    3477785.948          0.001
      58916.747      46993.614    3058782.958          0.000
      58711.312      47957.759    1896801.597          0.002
      60548.375      46796.736    3477785.948          0.001
      59391.201      47528.069     924302.057          0.002
      63570.458      46790.840     938318.522          0.001
      64604.310      46831.250     906394.598          0.002
      62873.812      46953.137     938318.522          0.000
      63713.789      48073.155     907083.654          0.002
      62727.381      46757.886    3113247.926          0.000
      62606.659      47720.702    1046825.072          0.002
      64604.310      46831.250     906394.598          0.002
      63984.794      47745.728     907083.654          0.002
      66981.220      47004.893    1456749.110          0.002
      67698.503      46747.601    3133074.739          0.000
      68021.654      47062.341     928351.063          0.000
      68956.659      47973.011    1296290.194          0.002
      67625.777      46813.380     928351.063          0.000
      66594.505      47746.150    3913194.902          0.001
      68651.012      46811.249     928351.063          0.001
      69668.659      46879.250     862979.119          0.001
      69668.659      46879.250     862979.119          0.001
      69953.242      47551.219     900823.892          0.001
      69668.659      46879.250     862979.119          0.001
      70682.153      46771.263     917881.756          0.000
      69668.659      46879.250     862979.119          0.001
      69046.605      47834.837     899993.153          0.002
      70707.449      46768.568    2723528.982          0.000
      70183.433      47551.143     900823.892          0.001
      70949.117      47067.092     917881.756          0.000
      71777.304      48090.121    1169499.190          0.001
      71975.501      46866.522     917881.756          0.001
      72991.254      46944.986    1363664.601          0.001
      72991.254      46944.986    1363664.601          0.001
      74014.022      47514.197     871753.851          0.003
      72991.254      46944.986    1363664.601          0.001
      72776.912      48001.499     803135.418          0.002
      72998.580      46945.541     906240.575          0.001
      74394.577      47051.346     890046.429          0.001
      72991.254      46944.986    1363664.601          0.001
      72139.644      47748.321     883675.525          0.002
      74948.141      47093.301    1108649.955          0.001
      75504.861      47601.164     857773.396          0.002
      74948.141      47093.301    1108649.955          0.001
      74744.575      47920.780    1472886.443          0.002
      75789.788      46710.057    7366923.988          0.000
      75911.290      47532.665     857773.396          0.001
      76547.236      46801.152     886860.475          0.001
      77893.642      46963.078    1188608.858          0.002
      77893.642      46963.078    1188608.858          0.002
      78655.253      46954.291     844153.420          0.001
      77893.642      46963.078    1188608.858          0.002
      76864.438      47544.355     857773.396          0.002
      79049.463      47389.816     844153.420          0.001
      78096.417      47842.046    2442876.061          0.001
       1067.642      47991.943     828888.661          0.001
       1787.442      48014.028     577571.860          0.002
       1787.442      48014.028     577571.860          0.002
       1476.001      48812.333     739547.900          0.001
       1787.442      48014.028     577571.860          0.002
       2140.888      48752.507     811514.801          0.001
       1787.442      48014.028     577571.860          0.002
       1079.908      48396.233     798150.927          0.001
       4250.278      47959.612    2355405.220          0.001
       5062.616      47963.234    3002975.122          0.001
       4250.278      47959.612    2355405.220          0.001
       3012.110      48576.917     811514.801          0.002
       5062.616      47963.234    3002975.122          0.001
       5062.946      48957.276     748266.648          0.001
       5062.616      47963.234    3002975.122          0.001
       4315.563      48643.734     826589.118          0.001
       7159.653      48099.585     488443.727          0.002
       7746.789      48563.365     837853.132          0.001
       7159.653      48099.585     488443.727          0.002
       8320.656      48164.045     870700.905          0.002
       9842.869      48156.285     870700.905          0.002
      10939.950      48097.763    2435463.721          0.001
       8995.263      48201.500    7164815.341          0.001
      10070.963      49069.968     829509.178          0.001
       8995.263      48201.500    7164815.341          0.001
       9068.099      49305.453     758214.207          0.001
      10939.950      48097.763    2435463.721          0.001
      11671.525      48656.880     842120.010          0.001
      10939.950      48097.763    2435463.721          0.001
      10349.186      48804.383     829509.178          0.001
      13435.376      48074.612     891852.075          0.001
      14230.424      47843.888    1824827.005          0.002
      13321.917      48107.538    2337387.417          0.001
      14472.158      48683.059     851040.635          0.001
      13321.917      48107.538    2337387.417          0.001
      12356.478      48808.128     842120.010          0.001
      14230.424      47843.888    1824827.005          0.002
      15409.065      48008.023     897406.998          0.002
      16737.974      48089.895     897406.998          0.001
      18106.133      47793.009     914582.472          0.002
      16448.322      48152.748    5463719.378          0.001
      17106.326      48905.477     855241.513          0.001
      16448.322      48152.748    5463719.378          0.001
      15504.284      48657.811     851040.635          0.001
      18293.731      47752.301    1433216.457          0.002
      17452.122      48569.677     855241.513          0.002
      18293.731      47752.301    1433216.457          0.002
      18929.138      48528.791     860358.144          0.001
      22081.617      47857.506    3426438.436          0.001
      21372.858      48851.679     856318.483          0.001
      24089.721      47721.217    1233198.093          0.002
      23358.156      48144.517     865598.344          0.002
      26505.408      47853.523    1322329.447          0.002
      27857.265      48061.063     912908.688          0.002
      26505.408      47853.523    1322329.447          0.002
      25731.077      48353.009     841379.963          0.002
      28516.982      48162.344    1329623.628          0.001
      27572.274      48572.822     852911.100          0.002
      28516.982      48162.344    1329623.628          0.001
      29382.145      47936.215    1119928.890          0.002
      29382.145      47936.215    1119928.890          0.002
      29836.458      48477.356     844932.726          0.001
      29547.209      47942.537     925130.116          0.002
      30946.183      47996.116     921960.975          0.002
      31267.562      48008.425    1082735.321          0.002
      31777.792      48538.102     843430.713          0.001
      31267.562      48008.425    1082735.321          0.002
      32254.149      47963.920     924540.053          0.002
      32254.149      47963.920     924540.053          0.002
      33015.842      48413.503     838303.246          0.002
      32254.149      47963.920     924540.053          0.002
      33410.607      47886.169     920863.840          0.002
      34491.024      47813.531    2847914.983          0.001
      35243.238      48706.219     862507.807          0.001
      36559.667      47840.104    1095136.277          0.002
      37074.939      48420.002     850272.681          0.001
      36559.667      47840.104    1095136.277          0.002
      37707.662      47743.762    3417330.827          0.001
      36559.667      47840.104    1095136.277          0.002
      35916.959      48368.114     862507.807          0.002
      37707.662      47743.762    3417330.827          0.001
      38465.340      48308.014     856831.315          0.002
      37707.662      47743.762    3417330.827          0.001
      38948.741      48026.678     901849.588          0.002
      39541.364      48161.772     786303.345          0.002
      39281.348      48907.606     856831.315          0.001
      40326.057      48086.317   10645967.145          0.001
      39279.106      48914.036    1617352.024          0.001
      40326.057      48086.317   10645967.145          0.001
      40435.733      49250.578     783553.904          0.001
      42598.648      47958.514    2120233.843          0.001
      41979.950      48589.987     853967.258          0.001
      43310.050      47990.839     912330.259          0.002
      44584.719      48048.759    4411127.396          0.001
      44584.719      48048.759    4411127.396          0.001
      45442.002      48473.695     852035.236          0.002
      44711.518      48028.347     912117.975          0.001
      46093.723      47805.840     925324.862          0.001
      44584.719      48048.759    4411127.396          0.001
      43670.478      48447.040     860173.918          0.002
      47460.310      47818.890     925324.862          0.002
      48768.881      48002.019    1090966.881          0.002
      48768.881      48002.019    1090966.881          0.002
      50146.051      47922.935     924190.526          0.002
      48768.881      48002.019    1090966.881          0.002
      49572.814      48382.822     868520.205          0.002
      48768.881      48002.019    1090966.881          0.002
      47923.243      48381.420     852035.236          0.002
      51107.675      47898.942     924190.526          0.002
      52480.149      47902.697    1246958.157          0.001
      52480.149      47902.697    1246958.157          0.001
      53690.197      48002.388    6975091.553          0.001
      52480.149      47902.697    1246958.157          0.001
      51629.233      48295.841     868520.205          0.002
      53690.197      48002.388    6975091.553          0.001
      54705.734      48168.900    1741936.902          0.001
      53690.197      48002.388    6975091.553          0.001
      54246.308      48592.987     844790.257          0.001
      54705.734      48168.900    1741936.902          0.001
      55608.642      48566.097     853934.542          0.002
      55332.315      48036.179     913209.173          0.002
      56692.576      47748.052    1669228.848          0.001
      57358.136      47817.191     929057.576          0.002
      58711.312      47957.759    1896801.597          0.002
      58711.312      47957.759    1896801.597          0.002
      59518.017      48367.328     841200.161          0.002
      58711.312      47957.759    1896801.597          0.002
      58604.847      48669.923     836336.382          0.001
      58711.312      47957.759    1896801.597          0.002
      59994.652      47896.566     922193.238          0.002
      58711.312      47957.759    1896801.597          0.002
      57924.569      48350.268     853934.542          0.002
      60987.262      47849.236    6317585.047          0.001
      61961.717      48403.252     862097.010          0.002
      61421.881      47814.740     922193.238          0.001
      62606.659      47720.702    1046825.072          0.002
      62606.659      47720.702    1046825.072          0.002
      63678.758      48086.826     907083.654          0.002
      63817.945      48094.363     907083.654          0.002
      65045.688      47886.618    2731159.309          0.001
      63739.632      48107.614    1633068.391          0.001
      64336.983      48741.410     831350.905          0.001
      63739.632      48107.614    1633068.391          0.001
      62977.937      48636.234     862097.010          0.001
      65045.688      47886.618    2731159.309          0.001
      65782.135      48330.347     852152.451          0.002
      65045.688      47886.618    2731159.309          0.001
      66336.171      47769.579     912324.358          0.001
      67363.909      47820.043     912324.358          0.002
      68757.497      47953.883     899993.153          0.002
      68956.659      47973.011    1296290.194          0.002
      68949.468      48725.388     765130.065          0.001
      68956.659      47973.011    1296290.194          0.002
      68008.304      48356.433     852152.451          0.002
      70042.406      47761.757    3360310.745          0.001
      71149.163      48559.119     835712.642          0.001
      69959.688      47834.688     900823.892          0.001
      68949.468      48725.388     765130.065          0.001
      70656.353      47877.958     900823.892          0.002
      71777.304      48090.121    1169499.190          0.001
      71777.304      48090.121    1169499.190          0.001
      72776.912      48001.499     803135.418          0.002
      72776.912      48001.499     803135.418          0.002
      73457.189      48516.929     827843.826          0.002
      72776.912      48001.499     803135.418          0.002
      72248.073      48523.581     835712.642          0.001
      72776.912      48001.499     803135.418          0.002
      74095.228      47947.418     871753.851          0.003
      74744.575      47920.780    1472886.443          0.002
      75266.968      48500.354     819287.090          0.001
      74744.575      47920.780    1472886.443          0.002
      74290.301      48671.845     827843.826          0.001
      75988.819      48041.290     857773.396          0.001
      77298.347      48536.403     820104.294          0.001
      76526.771      47989.540     857773.396          0.001
      77920.631      47858.564     846396.357          0.001
      78096.417      47842.046    2442876.061          0.001
      79043.494      48408.002     799052.203          0.001
      78096.417      47842.046    2442876.061          0.001
      79089.589      47903.162     828611.032          0.001
       2240.879      48961.424    2308367.050          0.001
       2854.040      49760.342     743562.429          0.000
       2461.685      48941.248     811514.801          0.001
       3855.877      48813.855     826589.118          0.001
       2240.879      48961.424    2308367.050          0.001
       1371.350      49696.692     739547.900          0.001
       4159.235      48786.135    3687056.944          0.001
       4831.141      49688.295     748266.648          0.000
       4159.235      48786.135    3687056.944          0.001
       3355.172      49656.606     743562.429          0.001
       6263.199      48757.133    7382486.633          0.000
       6917.458      49742.290     753268.770          0.000
       6417.517      48763.986     835593.357          0.001
       7816.139      48826.094     837853.132          0.001
       6263.199      48757.133    7382486.633          0.000
       5369.540      49682.787     748266.648          0.000
       8095.078      48838.480    8789685.604          0.000
       8923.044      49782.390     758214.207          0.000
       8095.078      48838.480    8789685.604          0.000
       7274.951      49784.950     753268.770          0.000
      10104.505      49097.048    1016654.114          0.001
      10827.766      49728.194     762771.456          0.000
      10104.505      49097.048    1016654.114          0.001
       9405.088      49734.593     758214.207          0.000
      12106.644      48989.425    1834428.076          0.001
      13013.810      48833.593    3443136.523          0.001
      12106.644      48989.425    1834428.076          0.001
      11403.005      49724.465     762771.456          0.000
      13013.810      48833.593    3443136.523          0.001
      13840.834      49662.751     769091.703          0.001
      13013.810      48833.593    3443136.523          0.001
      12367.387      49708.384     764934.970          0.000
      13356.336      48851.721     852530.637          0.001
      14754.379      48925.711     851040.635          0.001
      14981.109      48937.711    3948442.958          0.001
      15825.391      49671.995     772648.907          0.001
      14981.109      48937.711    3948442.958          0.001
      14379.293      49732.968     769091.703          0.000
      17106.344      48905.499     938666.479          0.001
      18064.356      49038.181    2475323.214          0.001
      17106.344      48905.499     938666.479          0.001
      16529.133      49604.491     772648.907          0.001
      18064.356      49038.181    2475323.214          0.001
      19177.699      48832.542    2460970.278          0.001
      18064.356      49038.181    2475323.214          0.001
      17391.416      49800.395     774377.360          0.000
      19177.699      48832.542    2460970.278          0.001
      19906.767      49623.972     778261.816          0.001
      19177.699      48832.542    2460970.278          0.001
      18519.623      49641.380     775767.399          0.001
      19579.058      48848.019     860358.144          0.001
      20978.018      48901.968     856318.483          0.001
      21327.401      48915.441    2161343.819          0.001
      21987.198      49667.838     780497.549          0.000
      21327.401      48915.441    2161343.819          0.001
      22287.911      48763.783    7392188.783          0.000
      21327.401      48915.441    2161343.819          0.001
      20598.455      49651.392     778261.816          0.001
      22287.911      48763.783    7392188.783          0.000
      23053.669      49707.380     781496.654          0.000
      22641.742      48827.311     865598.344          0.001
      24019.708      49074.716     841379.963          0.001
      24483.229      49157.938    5005491.638          0.000
      25233.095      49915.756     783672.426          0.000
      24905.900      49132.039     841379.963          0.001
      26303.279      49046.415     852911.100          0.001
      24483.229      49157.938    5005491.638          0.000
      23504.399      49849.359     781496.654          0.000
      26511.701      49033.644    3706893.077          0.001
      27186.258      49818.954     785463.601          0.000
      26511.701      49033.644    3706893.077          0.001
      25614.730      49758.845     783672.426          0.000
      26815.643      49041.152     852911.100          0.001
      28215.216      49075.727     851479.472          0.001
      28533.052      49083.579    4352178.822          0.000
      29221.945      49840.519     786329.192          0.000
      28721.884      49092.510     851479.472          0.001
      30120.321      49158.654     844932.726          0.001
      28533.052      49083.579    4352178.822          0.000
      27626.770      49780.758     785463.601          0.000
      30420.356      49172.846    3602536.238          0.000
      31243.365      49873.176     786343.617          0.000
      30734.919      49172.961     844932.726          0.001
      32134.919      49173.474     843430.713          0.001
      30420.356      49172.846    3602536.238          0.000
      29547.041      49858.680     786329.192          0.000
      32389.925      49173.567    2995692.643          0.000
      33231.577      49850.325     785585.946          0.000
      32389.925      49173.567    2995692.643          0.000
      31566.773      49855.538     786343.617          0.000
      32546.908      49176.492     843430.713          0.001
      33946.665      49202.575     838303.246          0.001
      34365.945      49210.388    5428639.315          0.000
      35321.531      49910.923     784571.882          0.000
      34400.537      49197.146     838303.246          0.000
      35350.486      48833.495    2023873.495          0.001
      34365.945      49210.388    5428639.315          0.000
      33494.403      49936.145     785585.946          0.000
      35350.486      48833.495    2023873.495          0.001
      36089.259      49613.241     784214.191          0.001
      37603.618      49014.989    5323416.218          0.000
      38281.241      49775.725     784298.487          0.000
      37865.587      48999.205     850272.681          0.001
      39263.052      48915.003     856831.315          0.001
      37603.618      49014.989    5323416.218          0.000
      36766.147      49733.608     784214.191          0.000
      39279.106      48914.036    1617352.024          0.001
      40078.091      49621.053     783553.904          0.001
      39279.106      48914.036    1617352.024          0.001
      38717.969      49677.575     784298.487          0.000
      41643.031      48933.864   13251008.955          0.000
      42433.964      49882.802     783966.886          0.000
      41652.289      48933.150     853967.258          0.000
      42748.738      48848.588    3847908.548          0.001
      41643.031      48933.864   13251008.955          0.000
      40682.491      49834.775     783553.904          0.000
      42748.738      48848.588    3847908.548          0.001
      43360.548      49734.054     784592.262          0.000
      43054.020      48887.901     860173.918          0.001
      44442.554      49066.708     845050.706          0.001
      44798.963      49112.605    6002598.155          0.000
      45448.587      49860.633     785438.894          0.000
      44862.319      49108.819     845050.706          0.000
      46259.827      49025.321     852035.236          0.001
      44798.963      49112.605    6002598.155          0.000
      43855.494      49779.901     784592.262          0.000
      46523.136      49009.589   10461759.020          0.000
      47404.659      49824.170     786099.245          0.000
      46523.136      49009.589   10461759.020          0.000
      45718.023      49845.854     785438.894          0.000
      47060.515      49047.305     852035.236          0.001
      48457.079      49145.323     843845.631          0.001
      48773.331      49167.519    2846006.588          0.001
      49485.824      49867.865     786461.420          0.000
      48992.204      49123.316     843845.631          0.001
      50364.498      48846.172     868520.205          0.001
      48773.331      49167.519    2846006.588          0.001
      47861.037      49812.013     786099.245          0.000
      50495.262      48819.763    3913475.030          0.001
      51311.799      49657.545     785907.785          0.001
      50495.262      48819.763    3913475.030          0.001
      49843.474      49698.912     786461.420          0.000
      50925.987      48833.097     868520.205          0.001
      52325.317      48876.415     864881.263          0.001
      52824.656      48891.872   10510476.946          0.000
      53482.256      49752.990     784966.559          0.000
      53064.218      48925.358     864881.263          0.001
      54450.738      49119.164     844790.257          0.001
      52824.656      48891.872   10510476.946          0.000
      51964.539      49700.226     785907.785          0.000
      54785.868      49166.008    3623399.264          0.000
      55555.602      49871.192     783251.769          0.000
      54983.718      49148.688     844790.257          0.001
      56378.385      49026.602     853934.542          0.001
      54785.868      49166.008    3623399.264          0.000
      53890.852      49835.470     784966.559          0.000
      56609.478      49006.373    5014502.435          0.000
      57485.639      49789.237     780785.275          0.000
      57020.863      49053.715     853934.542          0.001
      58411.684      49213.773     836336.382          0.001
      56609.478      49006.373    5014502.435          0.000
      55858.343      49823.593     783251.769          0.000
      58521.653      49226.428    1173545.467          0.001
      59409.835      49787.219     777145.657          0.000
      58521.653      49226.428    1173545.467          0.001
      57875.714      49850.924     780785.275          0.000
      61011.246      49125.449    9013543.456          0.000
      61701.429      49918.715     774271.994          0.000
      61387.964      49058.787     841200.161          0.001
      62704.854      48825.755    3088887.385          0.001
      61011.246      49125.449    9013543.456          0.000
      59998.072      49826.229     777145.657          0.000
      62704.854      48825.755    3088887.385          0.001
      63438.493      49614.204     771362.421          0.001
      62704.854      48825.755    3088887.385          0.001
      62061.852      49635.276     774271.994          0.001
      64779.279      49210.692    4607888.140          0.000
      65648.292      49868.015     768627.685          0.000
      65061.965      49162.745     831350.905          0.001
      66442.252      48928.635     852152.451          0.001
      64779.279      49210.692    4607888.140          0.000
      63948.335      49878.714     771362.421          0.000
      66701.986      48884.581    7328060.387          0.000
      67570.561      49729.894     765349.841          0.000
      66701.986      48884.581    7328060.387          0.000
      66001.223      49773.618     768627.685          0.000
      67679.649      48815.332     852152.451          0.001
      68949.468      48725.388     765130.065          0.001
      68949.468      48725.388     765130.065          0.001
      68899.300      49446.234     763440.465          0.001
      68949.468      48725.388     765130.065          0.001
      68377.201      49387.673     765349.841          0.001
      69799.427      49128.807    5937100.605          0.000
      70742.857      49885.177     759515.140          0.000
      70275.409      49098.035     830113.289          0.001
      71672.492      49007.714     835712.642          0.001
      69799.427      49128.807    5937100.605          0.000
      68953.857      49913.595     763440.465          0.000
      71763.644      49001.821    3184053.402          0.001
      72612.503      49740.061     754830.909          0.000
      71763.644      49001.821    3184053.402          0.001
      71077.647      49782.101     759515.140          0.000
      74092.743      48998.473    1714782.701          0.001
      74721.987      49745.191     749893.084          0.000
      74092.743      48998.473    1714782.701          0.001
      75409.451      49018.261     819287.090          0.001
      74092.743      48998.473    1714782.701          0.001
      73269.567      49696.345     754830.909          0.001
      75738.230      49023.202    6279804.633          0.000
      76729.464      49814.375     744899.349          0.000
      76217.660      48960.303     819287.090          0.001
      77605.765      48778.191     820104.294          0.001
      75738.230      49023.202    6279804.633          0.000
      75025.728      49891.514     749893.084          0.000
      77852.305      48745.846    4462819.822          0.001
      78681.654      49662.233     740278.171          0.001
      77852.305      48745.846    4462819.822          0.001
      77175.618      49699.111     744899.349          0.000
      77860.245      48746.710     820104.294          0.001
      79252.026      48898.186     799052.203          0.001
