       1084.534        143.173       8919.609          0.002
       1712.651       1394.359     797526.791          0.006
       1171.926        133.584       8919.609          0.002
       2224.145       1016.118     495549.446          0.003
       2054.515        149.218       8925.799          0.002
       2224.145       1016.118     495549.446          0.003
       3076.192         29.946       8927.466          0.001
       4178.175        893.447     720099.511          0.001
       2926.100        139.682       8927.466          0.002
       2224.145       1016.118     495549.446          0.003
       5093.829         26.268       8925.906          0.000
       6155.189        939.238     771736.395          0.002
       5046.643         18.753       8925.906          0.000
       4232.423        935.955    4554771.925          0.000
       7079.444         12.065       8928.689          0.000
       6288.257       1053.702   21268460.592          0.000
       8130.254         30.473       8931.079          0.000
       9095.193       1044.816     781975.170          0.002
       8060.932         45.209       8931.079          0.001
       7313.255        883.251    1014121.310          0.001
      10135.782        202.337       8935.881          0.002
      10199.368       1600.892     825489.387          0.005
      10169.623         31.701       8935.881          0.001
      11235.966        817.097    1725152.553          0.001
      10104.457         26.520       8935.881          0.000
       9207.599       1101.530     781975.170          0.001
      12121.922         26.742       8936.162          0.000
      11235.966        817.097    1725152.553          0.001
      13134.943         34.718       8937.699          0.000
      12226.382       1099.855     785469.117          0.001
      13177.556         14.076       8937.699          0.000
      14127.360       1042.606     784967.245          0.000
      15175.108        150.400       8944.620          0.002
      15038.325       1543.702     826995.491          0.005
      15232.949         46.147       8944.620          0.001
      16188.256       1069.567     795290.263          0.001
      15173.376         16.687       8944.620          0.000
      14189.120       1012.298     784967.245          0.001
      17276.030         94.950       8951.178          0.001
      18003.715       1230.610     963349.314          0.001
      17175.859         44.803       8951.178          0.001
      16252.251       1096.919     795290.263          0.001
      18251.567         17.371       8953.799          0.000
      19381.045        844.583     741203.036          0.002
      20391.198        135.286       8961.097          0.002
      21391.045       1115.238     814491.848          0.003
      20253.165          0.000       8060.618          0.000
      19491.474        925.458   36834034.658          0.000
      21286.079        144.889       8966.800          0.002
      21426.608       1150.093     923556.639          0.002
      22320.224         39.087       8966.591          0.001
      23342.156        995.986     808983.368          0.002
      22175.251        139.367       8966.591          0.002
      21426.608       1150.093     923556.639          0.002
      24278.973         31.280       8962.542          0.000
      23440.394       1087.972    5725249.305          0.000
      24318.623         21.348       8962.542          0.000
      25117.223       1171.234     815396.057          0.001
      26458.323        138.947       8969.641          0.002
      27411.694       1164.170     824660.297          0.003
      26302.142         29.267       8969.641          0.000
      25353.367       1058.745     815396.057          0.003
      27356.827        147.404       8974.729          0.002
      27466.724       1223.347    1446940.625          0.002
      28391.937         37.285       8974.482          0.001
      29384.813       1024.299     821451.012          0.003
      28250.723        142.919       8974.482          0.002
      27466.724       1223.347    1446940.625          0.002
      30420.333         41.244       8971.291          0.001
      31330.953        966.608    1738737.214          0.001
      30361.708         26.916       8971.291          0.000
      29582.332       1189.918     821451.012          0.001
      32407.159        209.707       8972.755          0.002
      32421.145       1609.637     857981.631          0.008
      32494.162         94.243       8972.755          0.001
      33455.952       1111.573     819894.502          0.003
      32356.083         44.079       8972.755          0.001
      31330.953        966.608    1738737.214          0.001
      33433.166         12.197       8970.291          0.000
      34531.895        879.834     748831.840          0.001
      33428.856         89.842       8970.291          0.001
      33570.516       1232.753    1069730.859          0.001
      35461.846         18.774       8965.196          0.000
      36324.214        879.662    3879095.033          0.000
      35443.039          0.000       6825.735          0.000
      34588.854        924.812   61716163.008          0.000
      37567.650        131.927       8970.494          0.002
      38340.856       1159.235    1112796.384          0.002
      37433.576         26.739       8970.494          0.000
      36324.214        879.662    3879095.033          0.000
      38464.581        135.918       8970.815          0.001
      38340.856       1159.235    1112796.384          0.002
      39365.393        128.992       8965.477          0.002
      38378.196       1121.687     818546.544          0.003
      39493.670          0.000       8079.210          0.000
      40356.386        897.032   49016059.684          0.000
      41563.072        104.875       8957.281          0.001
      42105.566       1395.495     826725.766          0.007
      41557.189         39.181       8957.281          0.001
      42534.508       1041.602     801538.730          0.002
      41504.172         11.432       8957.281          0.000
      40395.753        866.657     721574.131          0.001
      43567.283         36.408       8951.934          0.000
      44305.050       1205.240    5960088.843          0.001
      43518.109         33.514       8951.934          0.000
      42655.996       1136.583     801538.730          0.001
      45577.735          7.884       8948.304          0.000
      46543.352        946.025   37186542.032          0.000
      45520.020         47.273       8948.304          0.001
      44506.583       1013.163     799960.904          0.003
      47582.939         10.795       8949.039          0.000
      46543.352        946.025   37186542.032          0.000
      47617.272         29.971       8949.039          0.000
      48422.055       1109.932    6114042.550          0.000
      49599.669        166.033       8952.768          0.002
      49427.438       1555.399     823679.268          0.005
      49673.469         40.857       8952.768          0.001
      50723.863        847.292    1178016.872          0.001
      49577.454         39.645       8952.768          0.001
      48550.399        991.042     796941.130          0.002
      51605.420         36.908       8949.048          0.001
      50723.863        847.292    1178016.872          0.001
      52699.182         25.967       8947.654          0.001
      53881.536        775.661     613676.963          0.001
      52636.236         27.518       8947.654          0.000
      51762.185       1121.152     800165.013          0.002
      54707.887         31.342       8943.785          0.000
      55566.698       1136.983     793535.036          0.002
      54669.530         13.561       8943.785          0.000
      53881.863        775.868    2479843.812          0.001
      56709.493        181.322       8940.532          0.002
      56714.380       1581.313     832804.911          0.008
      56679.193         34.204       8940.532          0.000
      55761.872       1091.805     793535.036          0.002
      56744.692         25.496       8940.532          0.000
      57885.394        837.160     667303.968          0.001
      58721.198         13.477       8933.271          0.000
      57910.582        855.082    4021799.367          0.000
      58750.246         12.486       8933.271          0.000
      59855.700        871.538     698422.538          0.001
      60758.747          0.776       8930.525          0.000
      59894.735        901.873   40983898.551          0.000
      60757.766          8.349       8930.525          0.000
      60513.594       1189.284   39335568.761          0.000
      61734.791         35.304       8931.063          0.001
      60717.234        996.853     780710.178          0.003
      61807.745         29.695       8931.063          0.000
      62882.757        926.551     764113.627          0.001
      63781.271         19.015       8931.798          0.000
      62956.074        987.717    5641324.159          0.000
      63820.521         21.648       8931.798          0.000
      64841.063        980.029     778297.666          0.001
      65957.588        126.210       8937.941          0.002
      66979.582       1083.043     788247.576          0.003
      65811.629         13.238       8937.941          0.000
      64928.145       1061.806   28355919.527          0.000
      66858.935        134.279       8940.767          0.001
      67033.819       1133.822     881065.696          0.002
      67872.291         22.640       8938.433          0.000
      68894.440        979.307     777234.423          0.001
      67754.423        130.438       8938.433          0.002
      67033.819       1133.822     881065.696          0.002
      69942.467         78.906       8931.595          0.001
      70855.468       1122.244     942787.131          0.001
      69860.565         14.946       8931.595          0.000
      68970.212       1050.225   22063713.283          0.000
      70902.168         22.945       8928.906          0.000
      71705.984       1169.192     778784.870          0.001
      72939.134         39.162       8923.168          0.001
      73676.292       1079.739    3240560.002          0.001
      72881.589         31.470       8923.168          0.000
      71918.953       1048.000     778784.870          0.003
      74955.871         19.239       8918.697          0.000
      75880.310        947.451    6957715.855          0.000
      74878.596         49.783       8918.697          0.001
      73815.379        960.590     767879.645          0.003
      76993.274         35.356       8915.853          0.000
      77756.879        899.409    1539146.841          0.001
      76935.016         23.659       8915.853          0.000
      75881.866        946.089     720086.270          0.000
      78982.892         99.070       8911.204          0.001
      78920.082       1497.660     798140.179          0.007
      78925.778         44.999       8911.204          0.001
      77795.529        871.157     682019.588          0.001
       1073.769       1458.465     754684.942          0.001
       1917.668       1802.744    2513499.768          0.001
       2224.145       1016.118     495549.446          0.003
       3197.080       1470.581     812670.399          0.003
       2224.145       1016.118     495549.446          0.003
       1952.658       1712.935     797526.791          0.001
       4558.694       1182.322     720099.511          0.001
       5675.954       2025.963     824480.217          0.001
       4440.092        947.849     720099.511          0.001
       5837.802       1027.902     771736.395          0.001
       6434.931       1029.311     771736.395          0.000
       7313.255        883.251    1014121.310          0.001
       7245.232       1639.962     683143.205          0.002
       7147.256       2729.875    1041902.366          0.002
       7313.255        883.251    1014121.310          0.001
       8234.053       1841.879     820047.854          0.001
       7313.255        883.251    1014121.310          0.001
       8583.343       1054.010     781975.170          0.001
      11235.966        817.097    1725152.553          0.001
      12193.392       1138.530    5645717.705          0.000
      10758.943       1344.323     638181.461          0.002
      10215.035       1945.473     884583.731          0.002
      12660.267       1565.456     785469.117          0.001
      13693.431       2510.216     864426.794          0.001
      12319.054       1133.418     785469.117          0.001
      13717.897       1076.517     784967.245          0.001
      11520.373       1473.850     785469.117          0.001
      10888.159       1788.839     806998.161          0.002
      16793.898       1153.750     795290.263          0.001
      18003.715       1230.610     963349.314          0.001
      15888.372       1337.862     795290.263          0.001
      15003.233       1901.161    1548851.371          0.001
      18003.715       1230.610     963349.314          0.001
      18787.692       1816.503     840922.387          0.001
      18003.715       1230.610     963349.314          0.001
      18876.125       1051.672     741203.036          0.001
      17887.420       1327.708     804962.857          0.001
      17028.116       2045.164    1337024.226          0.002
      21426.608       1150.093     923556.639          0.002
      22114.075       2026.657     850635.738          0.002
      21426.608       1150.093     923556.639          0.002
      22193.771       1126.428     808983.368          0.002
      21426.608       1150.093     923556.639          0.002
      21405.340       1971.640     980514.937          0.002
      23673.431       1394.829     808983.368          0.001
      24277.376       2190.089    1674109.699          0.001
      23444.298       1088.344     808983.368          0.000
      24837.983       1221.166     815396.057          0.001
      27466.724       1223.347    1446940.625          0.002
      27199.210       2570.272     883176.640          0.002
      27466.724       1223.347    1446940.625          0.002
      26775.187       1561.271     851832.460          0.002
      27484.673       1243.855     824660.297          0.002
      28270.200       2141.414     518866.591          0.003
      27466.724       1223.347    1446940.625          0.002
      28200.766       1218.117     821451.012          0.002
      29984.071       1151.514     821451.012          0.001
      31330.953        966.608    1738737.214          0.001
      31837.270       1560.064     788273.286          0.002
      32427.562       2251.946    1595294.310          0.002
      31204.670       1080.873     788273.286          0.001
      30241.531       1952.352    3019331.123          0.001
      33570.516       1232.753    1069730.859          0.001
      34025.597       1939.009     853330.935          0.001
      33272.025       1498.922     819894.502          0.002
      32427.562       2251.946    1595294.310          0.002
      34933.371        915.849     748831.840          0.001
      36324.214        879.662    3879095.033          0.000
      37474.352       1039.109     713538.836          0.002
      38340.856       1159.235    1112796.384          0.002
      36052.850       1203.063     713538.836          0.001
      35321.959       2074.113    2580486.047          0.001
      38340.856       1159.235    1112796.384          0.002
      38706.978       1925.572     826681.506          0.002
      38340.856       1159.235    1112796.384          0.002
      37314.647       2053.066     850346.176          0.002
      41072.554       1268.859     721574.131          0.001
      42315.070       1913.959     826725.766          0.001
      39308.033       1550.765     721574.131          0.002
      38706.978       1925.572     826681.506          0.002
      43247.875       1511.973     801538.730          0.001
      44435.695       2217.015    4129465.330          0.001
      42799.068       1157.926     801538.730          0.001
      44198.378       1201.889     799960.904          0.001
      44539.883       1178.045     799960.904          0.001
      45930.589       1016.988     748344.139          0.001
      45612.695       1507.243     748344.139          0.001
      44435.695       2217.015    4129465.330          0.001
      46939.426        980.580     748344.139          0.001
      48334.128       1102.261     796941.130          0.001
      48773.634       1408.008     796941.130          0.001
      49381.792       1923.616    1647372.826          0.001
      48141.926       1291.989     796941.130          0.001
      46968.055       2054.896     836666.409          0.001
      50730.687       1031.943     674342.726          0.001
      50782.394       2430.988     861570.098          0.001
      50723.863        847.292    1178016.872          0.001
      51559.423       1225.135     800165.013          0.000
      50296.637       1189.922     674342.726          0.001
      49381.792       1923.616    1647372.826          0.001
      52313.673       1119.053     800165.013          0.001
      53681.307        819.758     613676.963          0.001
      51432.660       1658.653     800165.013          0.001
      50796.950       2824.823   24225988.491          0.001
      53737.437       2106.292     613676.963          0.002
      53660.725       2812.953     692916.014          0.003
      53288.155       1908.607     613676.963          0.002
      52743.212       2948.307     578593.554          0.002
      53537.315       1023.322     613676.963          0.001
      52400.197       1839.999     837439.630          0.001
      54165.354        952.401     613676.963          0.001
      55353.771       1692.444     820029.113          0.001
      53958.674        795.785     613676.963          0.001
      55313.855       1147.187     793535.036          0.001
      58047.687        858.315     667303.968          0.001
      59447.298        891.321     698422.538          0.001
      57379.346       1447.936     667303.968          0.001
      56716.497       2187.667    1469299.657          0.001
      59894.735        901.873   40983898.551          0.000
      60576.637       1800.759   38203537.264          0.000
      59173.275       1585.340     698422.538          0.001
      58528.534       2196.129    2132387.089          0.001
      61119.249       1139.302     780710.178          0.001
      62514.506       1024.158     764113.627          0.001
      63133.538        994.385     764113.627          0.001
      64532.551       1046.944     778297.666          0.001
      62433.822       1166.168     764113.627          0.001
      61109.026       1618.845     806474.873          0.001
      63325.246       1182.189     764113.627          0.001
      64563.894       1834.684     815567.029          0.001
      66316.215       1109.279     778297.666          0.002
      67033.819       1133.822     881065.696          0.002
      67033.819       1133.822     881065.696          0.002
      67783.548       1482.314     815171.524          0.002
      67033.819       1133.822     881065.696          0.002
      66730.104       1902.970     781458.939          0.002
      69726.491       1079.116     777234.423          0.001
      70855.468       1122.244     942787.131          0.001
      70855.468       1122.244     942787.131          0.001
      71472.271       1980.843     828827.983          0.001
      70855.468       1122.244     942787.131          0.001
      71567.096       1207.202     778784.870          0.000
      70704.266       1330.573     776689.583          0.001
      70070.607       2203.635     555518.051          0.002
      72361.632       1966.515     778784.870          0.001
      72898.532       2611.758    1913500.568          0.001
      72260.549       1189.145     778784.870          0.001
      73656.387       1081.277     767879.645          0.001
      73373.240       1676.685     767879.645          0.001
      72898.532       2611.758    1913500.568          0.001
      73918.275       1065.215     767879.645          0.001
      75315.760        981.336     720086.270          0.001
      74744.562       1816.474     720086.270          0.002
      74169.735       2256.305     879432.051          0.002
      76333.961        935.837     720086.270          0.001
      77733.503        900.007     682019.588          0.001
      77776.929        920.994     682019.588          0.001
      78729.710       1946.767     798140.179          0.001
      77318.968       1438.518     682019.588          0.002
      76712.605       2185.006    1113669.960          0.001
      77506.768       1032.721     682019.588          0.001
      76271.309       1691.235     797814.165          0.001
      79734.158       1284.622     750800.306          0.000
      78892.064       2121.559    4017810.015          0.001
       1142.018       2711.427     791746.069          0.001
       1822.271       3110.882    1508516.477          0.001
       3076.125       2478.922     797526.791          0.003
       4165.093       3114.540    1455912.186          0.002
       1914.215       1850.092     797526.791          0.001
       1822.271       3110.882    1508516.477          0.001
       2223.349       1825.823     797526.791          0.002
       3619.375       1931.226     812670.399          0.002
       4291.965       1982.007    1907209.593          0.001
       5474.928       2126.080     824480.217          0.001
       4246.885       2384.415     812670.399          0.002
       4165.093       3114.540    1455912.186          0.002
       6484.183       2440.961     824480.217          0.001
       7147.256       2729.875    1041902.366          0.002
       9277.288       1937.707     820047.854          0.002
      10215.035       1945.473     884583.731          0.002
       7824.649       2267.119     820047.854          0.001
       7147.256       2729.875    1041902.366          0.002
      10215.035       1945.473     884583.731          0.002
      10888.159       1788.839     806998.161          0.002
      10187.224       2042.012     825489.387          0.002
       9926.189       2948.136     913009.262          0.003
      10888.159       1788.839     806998.161          0.002
      11789.579       2751.245     871276.688          0.002
      10581.829       2158.006     818135.912          0.002
       9926.189       2948.136     913009.262          0.003
      15598.420       1943.488     826995.491          0.002
      16994.893       2042.801     837318.401          0.002
      15017.990       1998.280     826995.491          0.001
      15213.824       3287.040    2626063.849          0.001
      15003.233       1901.161    1548851.371          0.001
      14287.250       2569.095     864426.794          0.001
      16829.532       2181.094     837318.401          0.002
      15674.256       2971.876     889322.276          0.002
      17028.116       2045.164    1337024.226          0.002
      17960.895       2069.106     840922.387          0.002
      17028.116       2045.164    1337024.226          0.002
      17176.095       2993.162     852215.114          0.003
      20633.493       2015.928     840922.387          0.002
      21405.340       1971.640     980514.937          0.002
      21567.721       2246.796     842836.735          0.003
      22101.316       3150.981    1267500.234          0.002
      21405.340       1971.640     980514.937          0.002
      20345.571       2831.884     885141.615          0.002
      21405.340       1971.640     980514.937          0.002
      22199.855       2136.031    3026819.634          0.001
      22471.537       2577.232     850635.738          0.002
      23205.614       3769.344     919410.306          0.001
      22299.436       2138.623     850635.738          0.002
      23698.962       2175.039     850815.720          0.002
      24277.376       2190.089    1674109.699          0.001
      25090.872       2214.114     851832.460          0.001
      23949.438       2767.395     850815.720          0.002
      23296.469       3916.889    3057597.955          0.001
      24277.376       2190.089    1674109.699          0.001
      24556.782       3239.448     584782.481          0.001
      25121.196       2574.868     851832.460          0.001
      24556.782       3239.448     584782.481          0.001
      28270.200       2141.414     518866.591          0.003
      28887.393       2714.291     888884.101          0.002
      28270.200       2141.414     518866.591          0.003
      27391.108       2805.964     883176.640          0.002
      31244.759       2089.844     847644.098          0.002
      32427.562       2251.946    1595294.310          0.002
      30152.382       2060.173     847644.098          0.001
      29297.107       3094.587    7963885.289          0.001
      32427.562       2251.946    1595294.310          0.002
      33129.269       2240.670     853330.935          0.001
      32152.867       2499.095     857981.631          0.002
      31327.392       3241.794     830971.225          0.003
      32427.562       2251.946    1595294.310          0.002
      32323.644       3014.577     992514.380          0.002
      34208.310       2254.066     853330.935          0.000
      34192.609       3246.401   14238251.104          0.001
      34460.271       2189.615     853330.935          0.001
      35321.959       2074.113    2580486.047          0.001
      36074.768       2070.396     848717.695          0.002
      37301.706       2064.338    1640377.433          0.002
      35341.323       2201.434     848717.695          0.001
      35472.226       3062.158     761733.771          0.002
      37495.229       2208.191     850346.176          0.002
      38573.847       3009.969    3039308.927          0.002
      37301.706       2064.338    1640377.433          0.002
      38692.737       1926.979     841048.220          0.002
      37082.487       2367.590     850346.176          0.002
      36648.864       2967.429     933713.278          0.003
      38706.978       1925.572     826681.506          0.002
      38573.847       3009.969    3039308.927          0.002
      41195.965       2759.137     828175.353          0.002
      41650.163       3300.263    1191435.916          0.001
      40959.375       1849.826     828175.353          0.001
      42325.846       1919.554    5424438.149          0.001
      42830.205       1990.662     826725.766          0.001
      44216.495       2186.111     838073.356          0.001
      42028.501       2527.157     826725.766          0.002
      41650.163       3300.263    1191435.916          0.001
      44852.983       2565.253     838073.356          0.002
      45927.862       3462.268     913507.929          0.001
      44481.873       2217.494     838073.356          0.001
      45881.798       2232.004     836666.409          0.001
      44186.112       2437.360     838073.356          0.001
      43545.620       3002.822    2620731.558          0.002
      47360.321       2117.321     836666.409          0.001
      48737.813       1867.288     821415.791          0.001
      48267.521       2473.702     821415.791          0.002
      47534.693       3313.249     856275.432          0.002
      49435.208       2627.036     823679.268          0.002
      49528.969       3861.743    1377669.867          0.002
      49381.792       1923.616    1647372.826          0.001
      50269.159       2488.713     861570.098          0.001
      49185.041       2305.576     823679.268          0.002
      48735.708       3177.887    1212509.505          0.002
      56025.504       2001.215     820029.113          0.001
      56716.497       2187.667    1469299.657          0.001
      56931.786       2371.905     832804.911          0.002
      57499.426       2857.677     696652.244          0.003
      56895.858       2188.505     832804.911          0.002
      58295.842       2195.043     831489.894          0.002
      56716.497       2187.667    1469299.657          0.001
      55996.496       2954.368     877934.235          0.001
      58631.201       3243.630     831489.894          0.003
      58700.478       3950.449     691449.431          0.002
      58528.534       2196.129    2132387.089          0.001
      59562.201       1996.588     806474.873          0.001
      58164.979       2429.835     831489.894          0.002
      57499.426       2857.677     696652.244          0.003
      58768.146       2380.000     831489.894          0.002
      59664.803       3068.066     862940.934          0.002
      61483.965       1962.097     806474.873          0.001
      62862.344       2207.195     825536.796          0.001
      62750.430       3473.703     825536.796          0.003
      62638.254       4190.223     870351.632          0.003
      63244.524       2496.014     825536.796          0.002
      63997.539       3187.719    1441539.409          0.001
      62946.370       2222.136    3050636.646          0.001
      64284.620       2080.070     815567.029          0.001
      62409.024       2606.049     825536.796          0.002
      61269.891       3419.914     911349.633          0.002
      66019.133       1946.308     815567.029          0.002
      66730.104       1902.970     781458.939          0.002
      64453.234       2598.273     815567.029          0.001
      63997.539       3187.719    1441539.409          0.001
      66730.104       1902.970     781458.939          0.002
      67518.407       2573.047     864082.318          0.002
      66730.104       1902.970     781458.939          0.002
      67549.969       1922.851     815171.524          0.002
      66730.104       1902.970     781458.939          0.002
      66585.159       3113.088    1014802.634          0.002
      69531.489       2747.214     815171.524          0.002
      70022.727       3277.854    1616679.491          0.002
      69357.048       2063.329     815171.524          0.001
      70070.607       2203.635     555518.051          0.002
      70070.607       2203.635     555518.051          0.002
      70862.495       2248.346     828827.983          0.001
      70070.607       2203.635     555518.051          0.002
      70022.727       3277.854    1616679.491          0.002
      74140.599       2451.012     828276.943          0.002
      74035.729       3151.836     423767.493          0.003
      74254.956       2360.801     828276.943          0.002
      74974.260       3242.802    1798635.417          0.002
      74169.735       2256.305     879432.051          0.002
      75039.566       2046.019     797814.165          0.002
      74169.735       2256.305     879432.051          0.002
      73126.990       2547.877     845702.175          0.002
      76734.648       2223.165     815300.737          0.002
      77201.253       3030.891    1147482.600          0.002
      76712.605       2185.006    1113669.960          0.001
      77698.751       2156.298     798140.179          0.002
      75998.405       2619.602     815300.737          0.002
      74974.260       3242.802    1798635.417          0.002
      78892.064       2121.559    4017810.015          0.001
      79753.802       2852.419     830250.497          0.000
      78877.918       2238.732     798140.179          0.001
      78758.819       3225.286    1319943.922          0.001
       1822.271       3110.882    1508516.477          0.001
       1159.533       3463.933     857168.466          0.001
       1964.625       3199.063     846243.228          0.002
       3095.634       3899.667    1535705.919          0.002
       1822.271       3110.882    1508516.477          0.001
       2008.551       4030.958    2621983.761          0.001
       2865.000       3112.510     846243.228          0.003
       4165.093       3114.540    1455912.186          0.002
       4165.093       3114.540    1455912.186          0.002
       5138.562       4080.485    2174507.594          0.002
       4171.039       3656.792     863159.960          0.003
       4185.495       4975.141    1177573.953          0.003
       4165.093       3114.540    1455912.186          0.002
       3254.956       3782.703     883261.928          0.002
       4165.093       3114.540    1455912.186          0.002
       4978.847       3196.118     876894.509          0.002
       6257.592       3102.194     876894.509          0.001
       7147.256       2729.875    1041902.366          0.002
       8214.300       3291.653     887639.092          0.001
       7147.256       2729.875    1041902.366          0.002
       8951.699       3145.708     887639.092          0.002
       9926.189       2948.136     913009.262          0.003
       7859.078       3653.273     887639.092          0.002
       7314.359       4196.402    1103931.003          0.002
       9926.189       2948.136     913009.262          0.003
       9992.959       3897.002    2024381.095          0.002
       9926.189       2948.136     913009.262          0.003
      10929.405       2938.333     871276.688          0.003
      11987.808       3024.371     871276.688          0.002
      12330.221       4040.008   12501827.413          0.001
      11955.421       2928.307    2735596.230          0.002
      13075.923       2866.196     864426.794          0.001
      10621.454       3586.769     871276.688          0.003
       9992.959       3897.002    2024381.095          0.002
      17176.095       2993.162     852215.114          0.003
      17792.563       3569.581     919362.181          0.001
      17108.134       3071.001     880551.542          0.003
      16444.065       3831.597    1372187.174          0.002
      17176.095       2993.162     852215.114          0.003
      15926.045       3180.375     889322.276          0.002
      19418.747       3260.653    4471168.984          0.001
      20136.335       3001.726    1683564.488          0.001
      19418.747       3260.653    4471168.984          0.001
      18185.054       3862.220     919362.181          0.001
      20142.544       3306.154     885141.615          0.002
      20161.269       4224.278    2981112.520          0.002
      21024.969       3069.224     885141.615          0.002
      22101.316       3150.981    1267500.234          0.002
      22101.316       3150.981    1267500.234          0.002
      22883.243       3652.075     919410.306          0.002
      22108.170       3350.896     894157.975          0.003
      22136.878       4188.284     649251.471          0.003
      21820.128       3306.543     894157.975          0.003
      20595.102       3984.267     941817.861          0.002
      24556.782       3239.448     584782.481          0.001
      24555.078       3869.087   47214176.284          0.001
      24314.992       3369.414     889724.604          0.002
      23296.469       3916.889    3057597.955          0.001
      26147.395       3125.737     888111.571          0.001
      27110.228       3018.296    3254549.203          0.001
      27980.174       4197.046     883176.640          0.003
      28511.107       4916.444    1246617.339          0.003
      27676.955       3265.767     883176.640          0.002
      28959.968       3826.014     922453.205          0.002
      27110.228       3018.296    3254549.203          0.001
      26466.957       4093.882     931595.212          0.001
      27143.656       3019.462     883176.640          0.001
      28542.805       3068.273     888884.101          0.002
      30449.038       3178.108     888884.101          0.002
      31327.392       3241.794     830971.225          0.003
      31327.392       3241.794     830971.225          0.003
      31455.715       4302.426    1748703.739          0.002
      31327.392       3241.794     830971.225          0.003
      32253.641       3030.543     885622.409          0.002
      31327.392       3241.794     830971.225          0.003
      30160.421       3653.909     922453.205          0.002
      32323.644       3014.577     992514.380          0.002
      32931.245       3726.004     932223.559          0.001
      32044.673       3428.520     885622.409          0.002
      31455.715       4302.426    1748703.739          0.002
      34686.425       3175.300     891812.847          0.001
      35472.226       3062.158     761733.771          0.002
      34192.609       3246.401   14238251.104          0.001
      33391.416       4264.809   34482230.783          0.001
      35472.226       3062.158     761733.771          0.002
      35652.856       3854.398    1953114.675          0.002
      35876.494       3029.611     888604.379          0.002
      36648.864       2967.429     933713.278          0.003
      36907.469       3272.298     887956.954          0.003
      37657.318       4156.299     956554.578          0.003
      36648.864       2967.429     933713.278          0.003
      35776.068       3744.674     922068.931          0.002
      36648.864       2967.429     933713.278          0.003
      37720.626       2991.114     886844.686          0.002
      38573.847       3009.969    3039308.927          0.002
      39383.603       3083.425     888468.022          0.002
      38573.847       3009.969    3039308.927          0.002
      38630.376       4103.745     923325.843          0.003
      41865.341       3547.430     893226.213          0.002
      42498.625       4274.864     901550.721          0.003
      41650.163       3300.263    1191435.916          0.001
      40888.306       3868.054     935971.022          0.001
      41899.778       3261.092     893226.213          0.002
      43282.852       3044.056     878206.280          0.002
      43722.064       3134.384     878206.280          0.002
      44656.533       3831.155    1247244.284          0.002
      43172.512       3456.127     878206.280          0.002
      42498.625       4274.864     901550.721          0.003
      47686.848       3296.100     888145.030          0.002
      48735.708       3177.887    1212509.505          0.002
      47534.693       3313.249     856275.432          0.002
      47557.884       4188.140    1306487.589          0.002
      47534.693       3313.249     856275.432          0.002
      46687.237       3694.931     913507.929          0.001
      48666.482       3987.691     881769.076          0.003
      48588.477       4900.189    1056629.163          0.003
      48729.028       3183.616     881769.076          0.002
      47666.376       4095.083     929988.118          0.002
      48735.708       3177.887    1212509.505          0.002
      49528.969       3861.743    1377669.867          0.002
      51246.855       3107.497     861570.098          0.001
      52432.292       3852.305     910846.598          0.001
      52751.931       2947.021     868835.441          0.002
      53660.725       2812.953     692916.014          0.003
      52743.212       2948.307     578593.554          0.002
      52570.802       3779.631     910846.598          0.001
      53660.725       2812.953     692916.014          0.003
      53146.478       3322.027     910846.598          0.002
      53815.711       2976.868     864322.512          0.003
      54740.698       3955.141    2537456.740          0.002
      53660.725       2812.953     692916.014          0.003
      54563.663       2929.008     877934.235          0.002
      57499.426       2857.677     696652.244          0.003
      56847.748       3651.250     918228.062          0.001
      57781.476       3114.299     867707.657          0.003
      58700.478       3950.449     691449.431          0.002
      59664.803       3068.066     862940.934          0.002
      59670.440       4221.225     934990.610          0.001
      59664.803       3068.066     862940.934          0.002
      60247.240       3554.590     911349.633          0.001
      59354.459       3352.040     875292.702          0.002
      58700.478       3950.449     691449.431          0.002
      63834.270       3987.819     872861.686          0.002
      63647.569       4902.748    1859597.382          0.002
      63486.910       3564.319     872861.686          0.002
      62638.254       4190.223     870351.632          0.003
      63997.539       3187.719    1441539.409          0.001
      64653.399       3898.653     910059.394          0.001
      65821.265       2988.906     853552.079          0.002
      66585.159       3113.088    1014802.634          0.002
      66595.685       3154.134     870271.910          0.002
      66845.098       4126.724    1754111.442          0.002
      66585.159       3113.088    1014802.634          0.002
      67459.806       3056.005     864082.318          0.001
      66585.159       3113.088    1014802.634          0.002
      65584.002       3551.743     910059.394          0.002
      68943.905       3136.339     864082.318          0.002
      70022.727       3277.854    1616679.491          0.002
      69996.841       3953.016     877935.253          0.003
      69960.383       4903.941    1931572.747          0.002
      70022.727       3277.854    1616679.491          0.002
      70805.211       4074.257     917440.840          0.001
      70022.727       3277.854    1616679.491          0.002
      70787.996       3242.690     872455.269          0.002
      69761.077       3480.883     877935.253          0.002
      68672.561       4325.526   10130042.481          0.001
      72117.664       3012.960     872455.269          0.001
      72898.532       2611.758    1913500.568          0.001
      74162.920       3275.027     874927.716          0.003
      75107.846       4190.235     744758.525          0.003
      74035.729       3151.836     423767.493          0.003
      74972.143       3242.597     878074.929          0.002
      74035.729       3151.836     423767.493          0.003
      73501.267       3740.907     917155.390          0.002
      75453.699       3506.614     878074.929          0.003
      76680.270       4181.537     902436.114          0.002
      75279.882       3213.720     878074.929          0.002
      76673.587       3081.102     856002.356          0.003
      74989.671       3352.105     878074.929          0.002
      75107.846       4190.235     744758.525          0.003
      77201.253       3030.891    1147482.600          0.002
      77741.368       3884.580     884870.636          0.002
      77188.398       3089.597     856002.356          0.002
      76920.370       4313.652    1106717.391          0.002
      77201.253       3030.891    1147482.600          0.002
      77952.075       3124.599     846996.353          0.002
      78758.819       3225.286    1319943.922          0.001
      78795.580       4392.298     890485.393          0.001
      78758.819       3225.286    1319943.922          0.001
      79448.647       3701.229     859964.018          0.001
      78563.526       3390.050     846996.353          0.001
      77823.499       4014.394     905883.880          0.002
        825.881       4606.292     857168.466          0.001
       1887.007       5280.396    7036753.030          0.001
       2008.551       4030.958    2621983.761          0.001
       1890.232       5247.245     909839.120          0.001
       3491.481       4290.289     883261.928          0.003
       4185.495       4975.141    1177573.953          0.003
       3095.634       3899.667    1535705.919          0.002
       2412.587       4679.977     909839.120          0.002
       5673.835       4310.066     910646.099          0.002
       6954.337       4859.279    7901323.604          0.002
       5030.672       4181.763     910646.099          0.002
       4185.495       4975.141    1177573.953          0.003
       8336.906       4809.171     930487.003          0.004
       9214.455       5335.048    3975850.245          0.002
       7314.359       4196.402    1103931.003          0.002
       6954.337       4859.279    7901323.604          0.002
       7314.359       4196.402    1103931.003          0.002
       7206.124       3246.508     855478.428          0.003
      10608.186       4526.181     923375.606          0.003
      11201.645       5133.099     976325.989          0.003
       9992.959       3897.002    2024381.095          0.002
      10964.902       3956.470     926848.635          0.002
       9756.472       4333.839     923375.606          0.003
       9214.455       5335.048    3975850.245          0.002
      12437.578       4145.466     926848.635          0.001
      13249.418       4942.949    1850609.328          0.002
      12330.221       4040.008   12501827.413          0.001
      13352.722       3972.163     916992.329          0.001
      14265.254       3840.893     916992.329          0.001
      15213.824       3287.040    2626063.849          0.001
      16440.796       4431.867     917196.006          0.003
      16436.255       5265.576     521313.198          0.004
      16465.870       3873.578     917196.006          0.002
      17072.044       5040.669    2991035.728          0.002
      16444.065       3831.597    1372187.174          0.002
      15745.136       3522.221     889322.276          0.002
      16444.065       3831.597    1372187.174          0.002
      15401.471       4475.709     993804.723          0.002
      18470.088       3873.038     919362.181          0.001
      19264.144       3838.509     534899.846          0.002
      19284.014       3956.701     919463.194          0.002
      19462.174       5016.476    3962516.935          0.002
      19264.144       3838.509     534899.846          0.002
      20161.269       4224.278    2981112.520          0.002
      21142.824       4206.395     941817.861          0.003
      22136.878       4188.284     649251.471          0.003
      20161.269       4224.278    2981112.520          0.002
      19462.174       5016.476    3962516.935          0.002
      22136.878       4188.284     649251.471          0.003
      22484.921       5200.340     982862.113          0.002
      22136.878       4188.284     649251.471          0.003
      21340.739       4955.370     941522.110          0.003
      25111.550       4003.715     912345.808          0.001
      26342.741       4301.579   10776064.819          0.001
      26265.230       4353.475     931595.212          0.001
      25161.094       5092.739   18908258.692          0.001
      30302.606       4123.820     922453.205          0.002
      31455.715       4302.426    1748703.739          0.002
      28960.009       4360.254     922453.205          0.002
      28511.107       4916.444    1246617.339          0.003
      31421.165       4599.204     939014.813          0.002
      31334.485       5343.751     458182.444          0.004
      31455.715       4302.426    1748703.739          0.002
      32140.383       4574.754     969917.707          0.002
      31086.673       4620.379     939014.813          0.003
      30364.666       5242.433     664763.034          0.003
      34533.674       4750.191     932223.559          0.002
      35402.378       5119.332   10036003.795          0.001
      36004.722       4439.042     922068.931          0.002
      36397.163       5091.104     676744.084          0.003
      36640.377       4003.133     922068.931          0.003
      37657.318       4156.299     956554.578          0.003
      35652.856       3854.398    1953114.675          0.002
      35433.924       4960.024     980042.703          0.002
      37657.318       4156.299     956554.578          0.003
      38364.433       4118.108     935309.006          0.003
      37657.318       4156.299     956554.578          0.003
      38251.240       4915.867    2450960.900          0.002
      37426.547       4327.488     939870.492          0.003
      36397.163       5091.104     676744.084          0.003
      38630.376       4103.745     923325.843          0.003
      38251.240       4915.867    2450960.900          0.002
      38630.376       4103.745     923325.843          0.003
      39384.226       4153.061     935971.022          0.002
      42498.625       4274.864     901550.721          0.003
      42413.349       5101.713    1902422.131          0.002
      42498.625       4274.864     901550.721          0.003
      43469.500       3994.254     997558.693          0.003
      42498.625       4274.864     901550.721          0.003
      41641.411       4798.469     998113.580          0.002
      43654.306       4147.723     927904.101          0.003
      44516.415       4863.648     912765.419          0.002
      43313.455       4157.879     927904.101          0.003
      42413.349       5101.713    1902422.131          0.002
      43469.500       3994.254     997558.693          0.003
      44466.886       3857.213     917819.025          0.003
      44670.030       3850.103     917819.025          0.002
      45482.262       4990.401     980591.305          0.001
      44656.533       3831.155    1247244.284          0.002
      45417.522       3833.082     913507.929          0.002
      44610.669       4169.116     917819.025          0.003
      44516.415       4863.648     912765.419          0.002
      47964.701       4469.214     929988.118          0.002
      48588.477       4900.189    1056629.163          0.003
      47557.884       4188.140    1306487.589          0.002
      46734.869       5058.578     991993.717          0.001
      49512.370       4056.417     910702.158          0.002
      49413.580       5215.018    6634892.923          0.001
      49528.969       3861.743    1377669.867          0.002
      50324.113       4092.083     924169.459          0.001
      49088.679       4347.890     910702.158          0.003
      48588.477       4900.189    1056629.163          0.003
      51177.357       4660.604     924169.459          0.002
      51825.252       5227.907    2070484.801          0.002
      50695.229       4171.381     924169.459          0.001
      52082.522       3983.185     910846.598          0.001
      53987.764       3943.425     910846.598          0.002
      54740.698       3955.141    2537456.740          0.002
      54735.044       4944.433     919244.911          0.003
      54729.523       5910.652    5562800.197          0.002
      55262.683       4608.675     919244.911          0.003
      55777.940       5253.784    3133128.633          0.002
      54740.698       3955.141    2537456.740          0.002
      55962.369       3901.424     918228.062          0.002
      54740.698       3955.141    2537456.740          0.002
      53787.381       4445.456     967182.455          0.002
      57743.333       4419.197     918228.062          0.002
      58705.075       4909.914    3662230.289          0.002
      57729.238       3912.205     918228.062          0.002
      58700.478       3950.449     691449.431          0.002
      58700.478       3950.449     691449.431          0.002
      58705.075       4909.914    3662230.289          0.002
      59670.711       4276.652    5681976.522          0.001
      60674.381       5023.085   11267822.313          0.001
      62647.934       4197.057     927418.950          0.003
      63647.569       4902.748    1859597.382          0.002
      62638.254       4190.223     870351.632          0.003
      61928.032       5176.382     988550.129          0.001
      66056.955       4059.054     910059.394          0.002
      66845.098       4126.724    1754111.442          0.002
      66845.098       4126.724    1754111.442          0.002
      68146.310       4268.277     935902.922          0.002
      67127.005       4376.914     924459.213          0.002
      67729.478       4911.601    2709874.073          0.002
      66350.322       4616.743     924459.213          0.003
      65669.287       5291.232    1843302.912          0.002
      69029.757       4485.958     935902.922          0.002
      69960.383       4903.941    1931572.747          0.002
      71181.620       4851.600     917440.840          0.002
      71661.079       5871.435   11002658.417          0.001
      71013.792       4274.789     917440.840          0.002
      72022.484       5238.189   12988819.616          0.001
      73731.081       5294.819     917155.390          0.003
      74035.961       5926.260    2463923.159          0.003
      74317.804       4634.601     917155.390          0.003
      75028.649       4953.861     949156.022          0.003
      74286.262       4158.606     917155.390          0.003
      75107.846       4190.235     744758.525          0.003
      73161.575       4115.308    3286424.926          0.001
      72736.473       5033.511    3900227.967          0.002
      73161.575       4115.308    3286424.926          0.001
      72959.191       2958.488     845702.175          0.002
      75107.846       4190.235     744758.525          0.003
      76225.140       4266.313     902436.114          0.003
      75107.846       4190.235     744758.525          0.003
      75028.649       4953.861     949156.022          0.003
      76920.370       4313.652    1106717.391          0.002
      77698.927       4055.672     884870.636          0.002
      77823.499       4014.394     905883.880          0.002
      76840.194       4892.762     918301.469          0.001
      79790.027       4247.510     859964.018          0.000
      78815.276       5017.556    9466745.606          0.000
       1887.007       5280.396    7036753.030          0.001
        800.350       5765.303     907207.516          0.001
       1893.693       5322.805     909839.120          0.001
       2009.115       6054.972     875613.995          0.002
       4185.495       4975.141    1177573.953          0.003
       3885.839       5927.377    2348760.595          0.002
       4441.591       4947.959     937000.546          0.003
       5266.042       4860.451     750400.606          0.002
       5365.594       5019.450     946409.551          0.003
       6000.133       6032.894     663519.589          0.003
       5266.042       4860.451     750400.606          0.002
       4528.645       5430.474     968075.129          0.003
       5266.042       4860.451     750400.606          0.002
       6171.853       4859.822     961731.361          0.002
       8303.493       5143.285     961731.361          0.003
       9214.455       5335.048    3975850.245          0.002
      10028.980       5252.272    1006168.943          0.003
      11201.645       5133.099     976325.989          0.003
       9171.199       5433.514    1006168.943          0.002
       8865.878       6128.534    1350207.815          0.003
      11034.299       5324.034     999810.178          0.003
      10335.236       6121.636    1549338.090          0.003
      11201.645       5133.099     976325.989          0.003
      11842.161       5875.071    1057109.903          0.002
      13601.731       5278.416     983404.982          0.002
      14405.323       6043.581   10622540.759          0.001
      12623.763       5491.056     983404.982          0.002
      11989.969       6046.292    8104653.624          0.002
      13249.418       4942.949    1850609.328          0.002
      14298.676       5099.401     993804.723          0.001
      14373.798       5110.602   18530590.574          0.001
      14949.710       3860.390     889322.276          0.002
      16548.035       5372.677    1006250.744          0.004
      17342.754       6134.128    1223070.118          0.003
      16436.255       5265.576     521313.198          0.004
      17072.044       5040.669    2991035.728          0.002
      16436.255       5265.576     521313.198          0.004
      16168.487       5988.928    3777578.737          0.002
      17608.437       5264.938     991135.041          0.002
      18900.084       5804.983    1044605.887          0.002
      20608.438       4979.190     987750.025          0.003
      21340.739       4955.370     941522.110          0.003
      19462.174       5016.476    3962516.935          0.002
      19082.550       5881.273    8260172.115          0.002
      21340.739       4955.370     941522.110          0.003
      22034.186       5926.295    1065738.459          0.002
      21324.806       5106.484     981687.578          0.003
      21198.862       6300.945    1406782.612          0.004
      21340.739       4955.370     941522.110          0.003
      22203.173       5140.017     991460.322          0.002
      22484.921       5200.340     982862.113          0.002
      22865.548       4598.385     919410.306          0.002
      22484.921       5200.340     982862.113          0.002
      22268.433       6254.275    4255959.406          0.002
      23256.110       5295.860   22548725.176          0.001
      24555.376       5157.324     971477.569          0.001
      23582.636       5617.013     993163.487          0.001
      24245.999       6269.461    3213250.117          0.002
      23256.110       5295.860   22548725.176          0.001
      23294.852       3972.148     919410.306          0.001
      25220.842       5092.860     971477.569          0.001
      26272.119       5094.998    6914552.083          0.001
      27514.474       4995.923     972137.758          0.002
      28511.107       4916.444    1246617.339          0.003
      26249.985       5306.404     972137.758          0.001
      26156.857       6195.911   13037492.477          0.001
      28425.463       5320.999     969024.858          0.003
      28253.564       6132.995    4454667.314          0.002
      28555.888       4916.998     969024.858          0.003
      29560.275       4929.436    1200798.415          0.002
      29797.806       5191.419     971970.038          0.003
      30458.305       5919.912    3189367.783          0.002
      29560.275       4929.436    1200798.415          0.002
      30364.666       5242.433     664763.034          0.003
      29159.621       5298.462     971970.038          0.003
      28253.564       6132.995    4454667.314          0.002
      30364.666       5242.433     664763.034          0.003
      31334.485       5343.751     458182.444          0.004
      30364.666       5242.433     664763.034          0.003
      30458.305       5919.912    3189367.783          0.002
      31334.485       5343.751     458182.444          0.004
      31884.664       5842.824    1042713.602          0.002
      31282.860       5377.699     995990.967          0.004
      30458.305       5919.912    3189367.783          0.002
      34334.644       5080.196     969917.707          0.002
      35402.378       5119.332   10036003.795          0.001
      35181.866       5417.429     980042.703          0.002
      34488.639       6354.558    7740330.328          0.001
      36397.163       5091.104     676744.084          0.003
      36538.020       6214.332    1057942.420          0.002
      36397.163       5091.104     676744.084          0.003
      37399.157       4996.401     973627.841          0.003
      38270.877       5024.825     973627.841          0.002
      38426.299       5887.178    6320828.873          0.002
      38251.240       4915.867    2450960.900          0.002
      39219.751       5083.638     998113.580          0.002
      37557.185       5447.337     973627.841          0.003
      36539.556       6226.583    6783585.546          0.002
      43265.108       5503.414     986252.657          0.003
      44347.358       6013.818    2534525.601          0.002
      42413.349       5101.713    1902422.131          0.002
      42487.697       5959.016    3967008.647          0.002
      43136.791       5019.820     986252.657          0.003
      44516.415       4863.648     912765.419          0.002
      44516.415       4863.648     912765.419          0.002
      44347.358       6013.818    2534525.601          0.002
      45832.270       5436.388     980591.305          0.002
      46500.898       6276.828    8668143.442          0.001
      45523.373       5048.116    5619067.509          0.001
      46525.909       5248.624     991993.717          0.001
      48162.354       5747.771     967660.331          0.004
      47552.964       6959.878    6824877.436          0.002
      48588.477       4900.189    1056629.163          0.003
      49369.142       5198.062     986502.328          0.002
      49610.407       5408.294     986502.328          0.002
      50465.637       6248.092    9532722.099          0.002
      48256.825       6299.806     986502.328          0.003
      47552.964       6959.878    6824877.436          0.002
      51998.221       5474.129     985581.323          0.002
      52587.595       6313.108    6161640.377          0.002
      51825.252       5227.907    2070484.801          0.002
      52637.739       5000.486     967182.455          0.001
      51363.062       5574.711     985581.323          0.002
      50465.637       6248.092    9532722.099          0.002
      55722.062       6266.203    1000607.573          0.003
      55681.393       7003.053    3103004.863          0.003
      55777.940       5253.784    3133128.633          0.002
      56588.517       4925.315    1335872.474          0.002
      55777.940       5253.784    3133128.633          0.002
      54729.523       5910.652    5562800.197          0.002
      56653.654       5557.932     977981.349          0.003
      56730.962       6308.758    1153727.702          0.003
      56946.124       5419.091     977981.349          0.003
      57510.228       6197.995     766482.235          0.004
      56588.517       4925.315    1335872.474          0.002
      57526.718       4918.488     972433.591          0.003
      58760.229       5218.760     972433.591          0.002
      58914.597       6083.181    3567905.469          0.002
      58705.075       4909.914    3662230.289          0.002
      59521.811       4956.850     973553.689          0.002
      60945.950       5064.108     973553.689          0.001
      61904.599       5208.919   11537461.739          0.001
      62440.075       5114.857     988550.129          0.002
      63647.569       4902.748    1859597.382          0.002
      61522.451       5483.888     988550.129          0.002
      60523.369       6202.765    4790926.153          0.002
      63649.751       5552.094     971608.377          0.003
      63652.133       6261.074    2160202.489          0.002
      63313.698       5375.740     971608.377          0.002
      62853.044       6028.344    2266660.400          0.002
      63647.569       4902.748    1859597.382          0.002
      64746.634       5349.306   10939572.693          0.001
      64932.173       5337.627    1004193.370          0.001
      65669.287       5291.232    1843302.912          0.002
      67155.671       5916.553    1001439.150          0.004
      67851.213       6209.166    1113896.781          0.003
      65669.287       5291.232    1843302.912          0.002
      65635.398       5900.386    3158614.193          0.002
      66173.970       5198.234    1001439.150          0.003
      67550.789       4944.528     974351.335          0.002
      67924.610       5122.325     974351.335          0.002
      68754.536       6018.568    4719435.089          0.002
      69820.695       5564.443     964481.174          0.003
      69672.206       6266.562    1859901.292          0.003
      69960.383       4903.941    1931572.747          0.002
      71043.436       5520.070    1008456.051          0.002
      69393.569       5427.877     964481.174          0.003
      68754.536       6018.568    4719435.089          0.002
      72022.484       5238.189   12988819.616          0.001
      72736.473       5033.511    3900227.967          0.002
      72789.254       5508.304     956298.914          0.002
      72867.399       6211.260     618798.035          0.003
      75028.649       4953.861     949156.022          0.003
      75736.447       5684.285     963551.180          0.003
      74986.753       4994.900     939920.995          0.003
      74035.961       5926.260    2463923.159          0.003
      76779.571       4946.916    5406098.033          0.001
      77548.516       5879.922     935765.101          0.001
      76554.276       5364.095     918301.469          0.002
      76150.566       6111.642    2314511.505          0.002
      78815.276       5017.556    9466745.606          0.000
      79756.018       5894.908     904917.602          0.000
      78485.649       5390.863     890485.393          0.001
      77792.457       6175.910    4706732.417          0.001
       2009.115       6054.972     875613.995          0.002
       2230.727       7064.288     964300.963          0.001
       2009.115       6054.972     875613.995          0.002
       1348.306       6412.784     927231.309          0.002
       2882.368       5995.601     935758.629          0.003
       3885.839       5927.377    2348760.595          0.002
       3885.839       5927.377    2348760.595          0.002
       4033.229       7006.157    2322505.506          0.002
       3885.839       5927.377    2348760.595          0.002
       3277.262       6380.729     964300.963          0.002
       5223.253       5994.123     968075.129          0.003
       6000.133       6032.894     663519.589          0.003
       6000.133       6032.894     663519.589          0.003
       6027.764       6749.054    1053141.405          0.002
       6000.133       6032.894     663519.589          0.003
       5288.778       6384.887     999958.676          0.004
       6000.133       6032.894     663519.589          0.003
       6959.188       6151.273    1875539.410          0.002
       7326.558       6569.886    1028543.533          0.003
       7957.838       7289.224    1436009.005          0.003
       7852.830       6140.615    1028543.533          0.003
       8865.878       6128.534    1350207.815          0.003
       6959.188       6151.273    1875539.410          0.002
       6493.066       6752.755    1053141.405          0.002
       8866.716       6255.651    1050032.061          0.004
       8873.490       7284.235    1218051.329          0.001
       8813.262       6195.791    1050032.061          0.004
       7957.838       7289.224    1436009.005          0.003
       8996.673       6127.920    1050032.061          0.004
      10335.236       6121.636    1549338.090          0.003
      10335.236       6121.636    1549338.090          0.003
      11016.302       7023.923    2208320.937          0.003
      10335.236       6121.636    1549338.090          0.003
      11051.029       6089.044    1057109.903          0.003
       9756.660       6581.806    1059283.061          0.004
       8873.490       7284.235    1218051.329          0.001
      13071.792       6653.273    1057109.903          0.003
      14038.321       7195.565    2081078.692          0.002
      11989.969       6046.292    8104653.624          0.002
      13280.630       6044.843    1057151.733          0.002
      15004.635       6025.004    1057151.733          0.002
      16168.487       5988.928    3777578.737          0.002
      15794.729       6475.102    1054538.710          0.003
      15303.131       7114.560    5245560.917          0.002
      16348.092       6011.137    1054538.710          0.002
      17342.754       6134.128    1223070.118          0.003
      17425.379       6211.754    1067065.002          0.003
      18251.953       6988.317    2097757.553          0.003
      17342.754       6134.128    1223070.118          0.003
      18088.737       6025.709    1044605.887          0.003
      17092.689       6345.615    1067065.002          0.003
      16255.641       7053.530    1862844.710          0.003
      20443.151       6151.085    1044605.887          0.003
      21198.862       6300.945    1406782.612          0.004
      21198.862       6300.945    1406782.612          0.004
      21402.359       7223.251    1449061.773          0.003
      21198.862       6300.945    1406782.612          0.004
      22111.635       6261.116    1065738.459          0.002
      20932.324       6546.220    1074179.757          0.004
      20125.486       7288.696    1850020.426          0.003
      22301.043       7373.441    1065738.459          0.003
      22324.788       8188.337    1767895.394          0.003
      22268.433       6254.275    4255959.406          0.002
      23332.279       7065.263    1138185.066          0.002
      24383.759       6264.158    1058993.478          0.002
      25782.723       6210.312    1051396.248          0.002
      24140.179       6398.530    1058993.478          0.002
      23493.060       7187.829   14401849.598          0.001
      25027.284       6904.610    1051396.248          0.003
      24333.660       7339.792    1645870.604          0.003
      27452.426       6157.035    1051396.248          0.003
      28253.564       6132.995    4454667.314          0.002
      27890.315       6797.879    1051560.422          0.003
      27371.980       7746.627    3271405.740          0.002
      27957.042       6309.610    1051560.422          0.003
      26754.233       7026.025    1144838.847          0.002
      29152.998       6046.067    1051560.422          0.003
      30458.305       5919.912    3189367.783          0.002
      30350.779       6885.254    1035347.294          0.003
      30223.948       8023.911    3546576.026          0.000
      30765.970       6310.438    1035347.294          0.003
      31513.779       7259.647    1953373.132          0.002
      29579.327       6445.207    1035347.294          0.003
      28596.057       7032.829    1641685.172          0.003
      32765.399       6489.773    1042713.602          0.002
      33485.236       6963.096    1856691.042          0.002
      35427.688       6295.962    1063677.038          0.002
      36539.556       6226.583    6783585.546          0.002
      34161.615       6552.889    1063677.038          0.002
      33485.236       6963.096    1856691.042          0.002
      37118.934       6122.359    1057942.420          0.003
      38426.299       5887.178    6320828.873          0.002
      35975.120       6676.954    1057942.420          0.003
      35321.968       7198.112    1038055.232          0.003
      37952.561       6491.300    1033834.441          0.003
      37505.533       7061.362    1438461.344          0.003
      39423.951       6430.243    1033834.441          0.003
      40491.235       7011.211    5359802.179          0.002
      38426.299       5887.178    6320828.873          0.002
      39327.724       5931.318    1040803.354          0.002
      41457.493       5976.009    1040803.354          0.002
      42487.697       5959.016    3967008.647          0.002
      42104.535       6365.947    1041595.803          0.002
      41465.035       7045.120    2503999.881          0.002
      43108.968       5977.324    1041595.803          0.002
      44347.358       6013.818    2534525.601          0.002
      44347.358       6013.818    2534525.601          0.002
      45414.598       6144.159    1065135.749          0.002
      44853.827       6524.833    1046432.586          0.003
      45576.861       7254.358    6295636.973          0.002
      43973.081       6380.084    1046432.586          0.003
      43341.044       6998.591    1487916.602          0.003
      46736.756       6429.958    1065135.749          0.002
      47552.964       6959.878    6824877.436          0.002
      51276.733       6869.503    1062851.514          0.003
      51848.240       7307.355    2225432.913          0.002
      50827.845       6270.098    1062851.514          0.002
      51784.692       6328.231     487765.893          0.003
      50003.917       6799.868    1062851.514          0.002
      49521.680       7376.165    2901385.357          0.003
      51784.692       6328.231     487765.893          0.003
      52587.595       6313.108    6161640.377          0.002
      51784.692       6328.231     487765.893          0.003
      51848.240       7307.355    2225432.913          0.002
      53501.565       6141.379    1072942.633          0.002
      54729.523       5910.652    5562800.197          0.002
      54268.424       6398.983    1046704.320          0.003
      53783.933       6912.085    1489885.841          0.003
      56730.962       6308.758    1153727.702          0.003
      56739.961       7566.713    1220287.659          0.001
      56730.962       6308.758    1153727.702          0.003
      57510.228       6197.995     766482.235          0.004
      56805.710       6362.597    1083803.425          0.003
      57897.210       7148.773    1272566.810          0.003
      56730.962       6308.758    1153727.702          0.003
      55681.393       7003.053    3103004.863          0.003
      57510.228       6197.995     766482.235          0.004
      57897.210       7148.773    1272566.810          0.003
      57510.228       6197.995     766482.235          0.004
      58351.344       6129.230    1059363.452          0.003
      59171.770       6535.112    1059363.452          0.003
      59653.191       7381.116    1803330.923          0.003
      58914.597       6083.181    3567905.469          0.002
      59794.690       6148.601    1065062.563          0.002
      61162.382       6739.892    1065062.563          0.002
      61699.080       7191.018    5984917.365          0.002
      62853.044       6028.344    2266660.400          0.002
      63652.133       6261.074    2160202.489          0.002
      62641.488       6241.497    1050157.939          0.002
      61699.080       7191.018    5984917.365          0.002
      63619.611       7345.143    1070542.184          0.003
      63598.486       8049.290    1446495.163          0.002
      64089.399       6623.228    1070542.184          0.003
      64889.974       7286.282    2885945.006          0.002
      63440.769       6498.567    1070542.184          0.003
      62914.466       7089.933    1097488.522          0.003
      65903.291       7152.229    1042812.565          0.003
      66070.106       7931.745    1847229.927          0.001
      66375.853       6658.362    1042812.565          0.003
      66884.857       7179.410     912380.434          0.001
      66852.984       6070.060    1042812.565          0.003
      67851.213       6209.166    1113896.781          0.003
      65393.952       6349.285    1042812.565          0.002
      64889.974       7286.282    2885945.006          0.002
      67851.213       6209.166    1113896.781          0.003
      68649.562       7180.083    3288300.707          0.003
      67851.213       6209.166    1113896.781          0.003
      68673.891       6035.583    1043112.663          0.002
      67693.388       6367.626    1062413.185          0.003
      66884.857       7179.410     912380.434          0.001
      68754.536       6018.568    4719435.089          0.002
      69672.206       6266.562    1859901.292          0.003
      69337.620       7138.721    1053162.442          0.004
      69032.659       7933.656    1292384.934          0.003
      69754.765       6330.907    1053162.442          0.003
      70789.720       7137.542    3402531.024          0.002
      69400.588       6509.196    1053162.442          0.003
      68649.562       7180.083    3288300.707          0.003
      72058.592       5983.416    1008456.051          0.002
      72867.399       6211.260     618798.035          0.003
      72867.399       6211.260     618798.035          0.003
      74035.961       5926.260    2463923.159          0.003
      72867.399       6211.260     618798.035          0.003
      72743.342       6978.745    1946820.228          0.002
      74020.075       6726.514     988371.863          0.003
      73992.287       8126.238    1079516.440          0.003
      74035.961       5926.260    2463923.159          0.003
      74878.935       6883.057    1021605.959          0.003
      73618.680       6266.022     988371.863          0.003
      72743.342       6978.745    1946820.228          0.002
      74035.961       5926.260    2463923.159          0.003
      75065.970       6016.559     963551.180          0.003
      76150.566       6111.642    2314511.505          0.002
      76679.839       6864.212     980280.034          0.002
      75912.855       6387.764     963551.180          0.002
      75186.212       7231.823    1749473.858          0.003
      77792.457       6175.910    4706732.417          0.001
      77807.183       7490.035     972972.824          0.001
      77792.457       6175.910    4706732.417          0.001
      78576.885       6838.368     938540.159          0.001
      77608.017       6403.960     935765.101          0.001
      76938.416       7231.881    3750295.242          0.001
      79912.137       6250.919     904917.602          0.000
      79168.605       7338.082   14456092.217          0.000
       2209.844       7474.786     964300.963          0.001
       2044.495       8864.988     977522.456          0.002
       2505.828       7647.283     964300.963          0.001
       2852.452       8322.319     844100.278          0.002
       2248.851       7146.831    6038505.010          0.001
       1236.134       7604.558     942925.974          0.001
       4033.229       7006.157    2322505.506          0.002
       4481.329       7677.569    1040996.520          0.002
       4033.229       7006.157    2322505.506          0.002
       3151.132       7989.393     995336.203          0.003
       4494.855       7079.032     999958.676          0.003
       5877.729       7297.339    1053141.405          0.002
       6110.209       7876.612    1053141.405          0.002
       6228.913       8964.440    1680133.350          0.002
       7957.838       7289.224    1436009.005          0.003
       7121.195       8110.498    1279159.402          0.003
       7957.838       7289.224    1436009.005          0.003
       8874.770       8323.186    1146922.385          0.000
       7957.838       7289.224    1436009.005          0.003
       8873.490       7284.235    1218051.329          0.001
       8953.458       7353.910    1108227.562          0.001
      10009.004       8273.596    1168108.250          0.001
       8873.490       7284.235    1218051.329          0.001
      10108.541       7134.199    1119267.436          0.004
      11016.302       7023.923    2208320.937          0.003
      11000.118       8223.398    1181837.727          0.000
      10797.468       7335.270    1119267.436          0.003
      10088.979       8343.278    2261303.387          0.001
      11016.302       7023.923    2208320.937          0.003
      12064.246       6924.816    2377246.223          0.002
      12203.790       7930.820    1119117.196          0.003
      12360.235       9058.661    1953641.770          0.002
      12432.359       7220.055    1119117.196          0.003
      13310.632       7924.460    1463920.017          0.003
      12064.246       6924.816    2377246.223          0.002
      11269.841       7985.297    1181837.727          0.000
      12064.246       6924.816    2377246.223          0.002
      13180.167       7077.867    1144589.778          0.003
      14062.579       7247.870    1144589.778          0.002
      14402.473       7980.727    3796673.034          0.002
      14149.033       7188.474    1144589.778          0.002
      15303.131       7114.560    5245560.917          0.002
      13856.251       7377.936    1144589.778          0.002
      13310.632       7924.460    1463920.017          0.003
      15303.131       7114.560    5245560.917          0.002
      16196.327       8087.470    6870849.267          0.000
      15303.131       7114.560    5245560.917          0.002
      16255.641       7053.530    1862844.710          0.003
      16255.641       7053.530    1862844.710          0.003
      17631.669       7008.580    1139373.422          0.003
      17322.722       7514.044    1142486.648          0.004
      18351.433       7957.999    1708253.380          0.001
      16255.641       7053.530    1862844.710          0.003
      16196.327       8087.470    6870849.267          0.000
      18251.953       6988.317    2097757.553          0.003
      18351.433       7957.999    1708253.380          0.001
      18807.168       7077.334    1139373.422          0.003
      20125.486       7288.696    1850020.426          0.003
      20125.486       7288.696    1850020.426          0.003
      20175.427       8107.778    2093000.971          0.001
      20125.486       7288.696    1850020.426          0.003
      21402.359       7223.251    1449061.773          0.003
      19418.884       7555.278    1158448.030          0.004
      18351.433       7957.999    1708253.380          0.001
      21402.359       7223.251    1449061.773          0.003
      21324.237       8441.592    1270277.375          0.001
      21157.030       7400.115    1149180.447          0.003
      20175.427       8107.778    2093000.971          0.001
      21402.359       7223.251    1449061.773          0.003
      22242.952       8102.716    1218276.076          0.003
      23493.060       7187.829   14401849.598          0.001
      24333.660       7339.792    1645870.604          0.003
      24613.544       7331.020    1148976.209          0.003
      26012.857       7287.164    1144838.847          0.002
      24333.660       7339.792    1645870.604          0.003
      24238.955       8261.131    3774283.452          0.002
      25303.977       7649.376    1148976.209          0.003
      26202.333       7936.001    1927490.245          0.002
      28585.977       7301.063    1129178.672          0.003
      28544.232       8411.947    1014835.818          0.004
      28596.057       7032.829    1641685.172          0.003
      29733.466       7725.299    1208149.243          0.001
      28596.057       7032.829    1641685.172          0.003
      27498.214       7673.017    1184655.192          0.002
      31434.042       7745.799    1145320.813          0.003
      31207.449       9127.340    1289446.334          0.000
      31513.779       7259.647    1953373.132          0.002
      32443.489       7929.981    6046699.133          0.002
      31404.035       7324.674    1145320.813          0.002
      30223.948       8023.911    3546576.026          0.000
      33915.783       7441.485    1116699.656          0.003
      34573.740       8172.553    3417639.261          0.002
      33092.683       7327.438    1116699.656          0.003
      32443.489       7929.981    6046699.133          0.002
      35520.514       7352.926    1138916.088          0.003
      36343.466       7994.609    1544869.742          0.003
      35321.968       7198.112    1038055.232          0.003
      34573.740       8172.553    3417639.261          0.002
      37505.533       7061.362    1438461.344          0.003
      37406.926       8366.779    1280364.022          0.001
      37595.150       7143.456    1133402.078          0.003
      38453.143       7929.419    2078087.085          0.003
      37505.533       7061.362    1438461.344          0.003
      38401.335       7312.322    3421715.366          0.003
      37377.104       7164.502    1133402.078          0.003
      36343.466       7994.609    1544869.742          0.003
      38401.335       7312.322    3421715.366          0.003
      39393.210       7169.414    1132269.266          0.003
      39174.749       7583.107    1156543.744          0.003
      40463.670       8034.380    3126669.843          0.002
      40491.235       7011.211    5359802.179          0.002
      41465.035       7045.120    2503999.881          0.002
      42075.900       7500.018    1135306.344          0.003
      42707.722       7970.522    1029080.421          0.001
      42176.554       7027.473    1135306.344          0.003
      43341.044       6998.591    1487916.602          0.003
      41122.488       7383.525    1135306.344          0.002
      40463.670       8034.380    3126669.843          0.002
      43341.044       6998.591    1487916.602          0.003
      43395.706       8014.967    2695513.798          0.001
      43269.737       7108.023    1131551.564          0.003
      42707.722       7970.522    1029080.421          0.001
      43341.044       6998.591    1487916.602          0.003
      44681.983       7151.988    1149463.351          0.003
      45576.861       7254.358    6295636.973          0.002
      46568.187       7106.630    1120797.491          0.003
      46179.876       7490.078    1149463.351          0.002
      47454.158       7988.198    3444653.243          0.002
      44469.944       7640.360    1149463.351          0.003
      43395.706       8014.967    2695513.798          0.001
      48336.885       7125.639    1120797.491          0.003
      49521.680       7376.165    2901385.357          0.003
      49077.158       8549.693    1155845.352          0.004
      48796.228       9291.342    1893951.131          0.001
      49521.680       7376.165    2901385.357          0.003
      49854.351       8160.326    2176395.353          0.003
      48593.487       7650.931    1155845.352          0.004
      47454.158       7988.198    3444653.243          0.002
      52789.103       7727.196    1153987.384          0.003
      53865.791       8207.646    7178881.896          0.000
      52620.660       7149.626    1153987.384          0.003
      53783.933       6912.085    1489885.841          0.003
      51848.240       7307.355    2225432.913          0.002
      51601.959       8075.807    3124888.868          0.003
      53783.933       6912.085    1489885.841          0.003
      53865.791       8207.646    7178881.896          0.000
      54355.481       6939.486    1128689.133          0.003
      55681.393       7003.053    3103004.863          0.003
      55681.393       7003.053    3103004.863          0.003
      56648.468       7949.297    1220287.659          0.001
      55681.393       7003.053    3103004.863          0.003
      54626.907       7702.670    1228608.420          0.001
      57897.210       7148.773    1272566.810          0.003
      58662.867       7955.804    1217338.045          0.000
      57897.210       7148.773    1272566.810          0.003
      57480.037       8018.267     935931.044          0.001
      57897.210       7148.773    1272566.810          0.003
      58941.167       7286.904    1167134.659          0.003
      57897.210       7148.773    1272566.810          0.003
      56948.258       7883.505    1220287.659          0.001
      59653.191       7381.116    1803330.923          0.003
      59984.319       8191.721    4650458.416          0.001
      59653.191       7381.116    1803330.923          0.003
      60835.522       7271.257    1148930.675          0.003
      59653.191       7381.116    1803330.923          0.003
      58714.739       8010.479    9085996.100          0.000
      60683.729       7783.558    1148930.675          0.003
      59984.319       8191.721    4650458.416          0.001
      62103.973       7157.343    1148930.675          0.002
      62914.466       7089.933    1097488.522          0.003
      62914.466       7089.933    1097488.522          0.003
      63598.486       8049.290    1446495.163          0.002
      62565.381       7456.876    1140636.878          0.004
      61683.054       8384.340    2738674.339          0.003
      64787.277       8083.243    1152032.334          0.003
      64651.624       9135.946    2641553.986          0.001
      65161.045       7434.542    1152032.334          0.003
      66070.106       7931.745    1847229.927          0.001
      64497.851       7517.948    1152032.334          0.003
      63598.486       8049.290    1446495.163          0.002
      66884.857       7179.410     912380.434          0.001
      68047.279       7179.853    1124353.137          0.003
      66884.857       7179.410     912380.434          0.001
      66070.106       7931.745    1847229.927          0.001
      68649.562       7180.083    3288300.707          0.003
      67595.746       7913.338    1207051.965          0.001
      71766.859       7658.504    1097350.463          0.003
      72737.396       8175.946    1349869.740          0.003
      70789.720       7137.542    3402531.024          0.002
      72120.069       7029.407    1060467.609          0.003
      70775.699       7482.590    1097350.463          0.003
      70740.692       8344.096    1215144.606          0.003
      69891.184       7544.664    1097350.463          0.003
      69032.659       7933.656    1292384.934          0.003
      72743.342       6978.745    1946820.228          0.002
      73620.708       7854.569    1079516.440          0.003
      72741.878       7273.600    1060467.609          0.003
      72737.396       8175.946    1349869.740          0.003
      75186.212       7231.823    1749473.858          0.003
      75641.190       7879.315    1027357.089          0.002
      74863.974       7499.061    1021605.959          0.003
      73990.355       8223.567    2431405.774          0.003
      76765.745       7403.258     980280.034          0.001
      75906.161       8256.402    4569153.775          0.002
      78582.084       8346.456     938540.159          0.001
      78133.808       9117.154     504612.259          0.003
      79168.605       7338.082   14456092.217          0.000
      79997.250       8160.536     941599.736          0.000
       1043.774       8740.095     942925.974          0.001
       1996.713       9266.726    1919777.689          0.001
       2852.452       8322.319     844100.278          0.002
       3991.833       8241.599    1040996.520          0.002
       2852.452       8322.319     844100.278          0.002
       2370.180       8854.561     977522.456          0.002
       5324.176       9006.665    1040996.520          0.002
       5945.953      10019.750   16648804.916          0.001
       7121.195       8110.498    1279159.402          0.003
       7872.644       9242.332    1140002.087          0.003
       7557.649       8170.796    1101303.161          0.003
       8904.662       8356.893    6593357.051          0.000
       7121.195       8110.498    1279159.402          0.003
       6610.959       8598.809    1088196.317          0.003
       8904.463       8577.445    1146922.385          0.000
       8903.203       9977.234    2939726.911          0.000
       9290.476       8688.166    1146922.385          0.000
      10063.660       9352.047     851163.172          0.002
       8904.662       8356.893    6593357.051          0.000
       7968.119       9213.195    1140002.087          0.003
      10088.979       8343.278    2261303.387          0.001
      10998.442       8347.597    3608749.009          0.000
      10972.594       9070.200    1181837.727          0.001
      10936.191      10087.882    1796122.902          0.002
      11457.556       8587.324    1181837.727          0.000
      12360.235       9058.661    1953641.770          0.002
      10757.666       8606.317    1181837.727          0.000
      10063.660       9352.047     851163.172          0.002
      13454.909       8188.925    1186037.557          0.004
      14122.687       9412.990    2958077.913          0.001
      13255.324       7990.465    1186037.557          0.003
      12360.235       9058.661    1953641.770          0.002
      15124.164       8468.122    1195763.201          0.003
      16236.203       9219.139    2402335.976          0.001
      14378.531       8103.288    1195763.201          0.003
      14122.687       9412.990    2958077.913          0.001
      14402.473       7980.727    3796673.034          0.002
      15486.444       8045.228    1209850.324          0.001
      17155.567       8700.095    1209850.324          0.001
      18014.000       9248.338    1463344.099          0.002
      17334.696       8019.081    1209850.324          0.001
      18351.433       7957.999    1708253.380          0.001
      18351.433       7957.999    1708253.380          0.001
      18014.000       9248.338    1463344.099          0.002
      18366.194       7959.211    1208124.683          0.001
      19761.497       8073.788    1217081.833          0.001
      20246.256       8853.248    1217081.833          0.002
      20378.676      10246.971    1314897.527          0.001
      20175.427       8107.778    2093000.971          0.001
      19486.766       8859.356    1278258.057          0.001
      22592.298       8398.082    1218276.076          0.003
      23434.615       9058.514    5430965.759          0.002
      22324.788       8188.337    1767895.394          0.003
      21287.490       9014.670    9274249.271          0.000
      24903.617       8151.065    1221192.489          0.003
      26202.333       7936.001    1927490.245          0.002
      24154.335       8345.019    1221192.489          0.002
      23434.615       9058.514    5430965.759          0.002
      26478.871       8218.261    1198514.368          0.002
      27273.223       9029.049    2347890.492          0.003
      26005.051       8164.211    1198514.368          0.002
      25273.673       9010.251    1669578.195          0.003
      26202.333       7936.001    1927490.245          0.002
      27371.980       7746.627    3271405.740          0.002
      28544.232       8411.947    1014835.818          0.004
      29367.087       9026.273    1283530.369          0.000
      28544.232       8411.947    1014835.818          0.004
      28565.197       9040.847    1166170.849          0.001
      28544.232       8411.947    1014835.818          0.004
      29544.434       8180.887    1208149.243          0.001
      28544.232       8411.947    1014835.818          0.004
      27296.908       9017.549    1277110.296          0.003
      30223.948       8023.911    3546576.026          0.000
      31067.067       9140.718    1289446.334          0.000
      30223.948       8023.911    3546576.026          0.000
      29555.092       9166.633    5214873.522          0.000
      31967.668       9076.916    1199376.700          0.003
      31592.947       9980.157    2596525.002          0.001
      32443.489       7929.981    6046699.133          0.002
      33820.657       8086.800    1218534.184          0.003
      32071.797       8330.578    1199376.700          0.002
      31180.591       9291.092    3165202.756          0.000
      34696.172       8288.397    1218534.184          0.003
      35533.578       9080.736    8821431.041          0.000
      35265.185       8103.029    1218534.184          0.003
      36343.466       7994.609    1544869.742          0.003
      34252.878       8480.161    1218534.184          0.003
      33586.195       9119.307    2086256.256          0.003
      36343.466       7994.609    1544869.742          0.003
      35611.227       8976.602    1281126.078          0.000
      36343.466       7994.609    1544869.742          0.003
      37214.294       8855.799    1280364.022          0.000
      38452.550       7993.305    1209003.827          0.003
      38439.968       9347.698    2734887.253          0.001
      38453.143       7929.419    2078087.085          0.003
      39753.218       7997.290    1219001.433          0.003
      38453.143       7929.419    2078087.085          0.003
      37691.466       8674.155    1280364.022          0.000
      39275.280       8342.224    1209003.827          0.004
      40490.114       8952.207    2624094.326          0.001
      41399.013       8498.239    1219001.433          0.003
      42528.559       9058.408    1825092.310          0.001
      41448.271       8006.362    1219001.433          0.003
      42707.722       7970.522    1029080.421          0.001
      40463.670       8034.380    3126669.843          0.002
      40490.114       8952.207    2624094.326          0.001
      42707.722       7970.522    1029080.421          0.001
      43237.653       8840.995    1287316.017          0.000
      42707.722       7970.522    1029080.421          0.001
      42528.559       9058.408    1825092.310          0.001
      43474.263       8134.925    1217598.463          0.001
      44241.252       9306.133    1304108.538          0.001
      43395.706       8014.967    2695513.798          0.001
      44732.508       8083.556    1222405.012          0.003
      45497.216       8122.792    2983975.397          0.002
      45582.221       9253.017    1334756.173          0.001
      45805.717       8368.768    1222405.012          0.003
      46817.265       9175.303    1688145.749          0.001
      45497.216       8122.792    2983975.397          0.002
      46645.810       8043.794    1209261.294          0.003
      45187.727       8465.372    1222405.012          0.003
      44319.809       9426.091    4072424.955          0.001
      48051.704       8568.412    1209261.294          0.003
      48796.228       9291.342    1893951.131          0.001
      47295.710       8283.530    1209261.294          0.003
      46817.265       9175.303    1688145.749          0.001
      49983.175       8402.372    1220359.547          0.003
      50514.658       9400.971    1867912.051          0.002
      50065.118       8150.132    1220359.547          0.003
      51463.484       8082.504    1216322.768          0.003
      49573.093       8460.959    1220359.547          0.003
      48796.228       9291.342    1893951.131          0.001
      52586.055       8625.769    1216322.768          0.004
      53601.370       9193.177    1656206.066          0.001
      51242.181       8514.292    1216322.768          0.003
      50514.658       9400.971    1867912.051          0.002
      51601.959       8075.807    3124888.868          0.003
      51654.745       9268.126    4634575.267          0.001
      51601.959       8075.807    3124888.868          0.003
      52898.489       8151.313    1228608.420          0.001
      54862.590       8157.451    1228608.420          0.001
      55904.427       8104.989     976045.632          0.004
      54790.189       8783.123    1228608.420          0.001
      55655.584       9321.868    2265477.833          0.001
      55904.427       8104.989     976045.632          0.004
      56481.017       8973.921    1292992.258          0.000
      55904.427       8104.989     976045.632          0.004
      55655.584       9321.868    2265477.833          0.001
      55904.427       8104.989     976045.632          0.004
      56743.362       8042.147    3117967.531          0.001
      57536.109       8061.064    1218768.679          0.002
      58648.998       8910.463    1275298.799          0.001
      57480.037       8018.267     935931.044          0.001
      58499.271       8011.838    1217338.045          0.000
      57480.037       8018.267     935931.044          0.001
      56946.103       8886.292    1292992.258          0.000
      59906.198       8958.681    1226742.931          0.001
      59777.861      10218.637    3708179.316          0.001
      60389.810       8237.699    1226742.931          0.001
      61683.054       8384.340    2738674.339          0.003
      59793.341       8305.348    1226742.931          0.001
      58704.764       8953.026    2267794.064          0.001
      61723.316       8833.181    1235237.075          0.003
      61845.531      10195.611    2112628.246          0.001
      62250.416       8285.096    1235237.075          0.003
      63598.486       8049.290    1446495.163          0.002
      61683.785       8384.795    1235237.075          0.003
      62843.246       9105.313    3863396.120          0.000
      61683.054       8384.340    2738674.339          0.003
      60932.893       9365.149    1365679.438          0.002
      63637.934       8089.994    1210361.726          0.002
      64612.257       9095.327    1259150.463          0.001
      66171.021       8082.486    1190386.477          0.001
      66949.845       9245.858    1242954.905          0.001
      65894.451       8080.865    1190386.477          0.001
      64827.176       8986.914    1259150.463          0.001
      66899.510       8397.786    8626955.660          0.000
      68243.545       8786.983    1206767.623          0.001
      67980.750       8162.530    1207051.965          0.001
      69032.659       7933.656    1292384.934          0.003
      69032.659       7933.656    1292384.934          0.003
      69032.945       9009.351    1206767.623          0.000
      69406.369       8023.459    1163999.313          0.004
      70740.692       8344.096    1215144.606          0.003
      70740.692       8344.096    1215144.606          0.003
      71979.470       8239.774    1109661.210          0.004
      70740.692       8344.096    1215144.606          0.003
      70903.410       9352.442     988326.254          0.003
      70740.692       8344.096    1215144.606          0.003
      69769.068       8726.133    1206767.623          0.001
      72737.396       8175.946    1349869.740          0.003
      73438.121       8202.578    1079516.440          0.003
      72737.396       8175.946    1349869.740          0.003
      71686.479       8942.609    4190590.397          0.002
      73990.355       8223.567    2431405.774          0.003
      74729.567       8527.216    1042479.530          0.003
      73990.355       8223.567    2431405.774          0.003
      73949.471       9339.380    3619038.150          0.002
      75906.161       8256.402    4569153.775          0.002
      76472.598       9103.289    1012044.841          0.002
      75906.161       8256.402    4569153.775          0.002
      75860.662       8991.841    1746990.285          0.002
      77890.170       8213.003     972972.824          0.001
      78133.808       9117.154     504612.259          0.003
      77518.741       8549.138     972972.824          0.001
      76935.169       9794.886    2099416.703          0.001
      78810.345       8771.348     941599.736          0.001
      78133.808       9117.154     504612.259          0.003
        993.991       9225.018     949345.292          0.001
       1996.713       9266.726    1919777.689          0.001
          0.000       9183.674    1110119.778          0.000
        843.237       9953.586   49133019.206          0.000
       2122.781       9260.421     977522.456          0.001
       3521.034       9190.495    1022885.054          0.001
       1996.713       9266.726    1919777.689          0.001
       2098.279       9999.986     977033.800          0.000
       4017.912       9570.474    1022885.054          0.001
       4102.977      10299.614    2827298.317          0.002
       6228.913       8964.440    1680133.350          0.002
       6045.432       9648.738    1085355.861          0.002
       7103.275       9129.105    1088196.317          0.003
       7896.671       9278.522    1817831.651          0.003
       7896.671       9278.522    1817831.651          0.003
       7350.229      10160.051    1140772.625          0.003
       7901.705       9295.253    1140002.087          0.003
       8174.035      10200.406     620267.418          0.004
       7896.671       9278.522    1817831.651          0.003
       8903.203       9977.234    2939726.911          0.000
      10063.660       9352.047     851163.172          0.002
      10936.191      10087.882    1796122.902          0.002
      10063.660       9352.047     851163.172          0.002
       9166.168       9835.564    1175814.828          0.000
      12360.235       9058.661    1953641.770          0.002
      13732.420       9334.529    1254174.900          0.001
      12215.559       9163.224    1225678.316          0.002
      11080.890       9983.301    1224306.825          0.002
      14122.687       9412.990    2958077.913          0.001
      14899.124      10073.063    1285870.414          0.000
      14122.687       9412.990    2958077.913          0.001
      15516.589       9285.142    1264299.883          0.001
      13241.910       9719.902    1254174.900          0.002
      11920.203      10180.459    4687086.749          0.001
      16236.203       9219.139    2402335.976          0.001
      17355.873       9955.672    1374685.066          0.001
      16236.203       9219.139    2402335.976          0.001
      15514.873       9939.606    1285870.414          0.000
      16614.715       9225.356    1264299.883          0.001
      18014.000       9248.338    1463344.099          0.002
      18014.000       9248.338    1463344.099          0.002
      17355.873       9955.672    1374685.066          0.001
      18014.000       9248.338    1463344.099          0.002
      19031.280       9309.064    1278258.057          0.000
      19107.077       9601.520    1278258.057          0.000
      19273.053      10991.646    1334843.430          0.000
      19551.043       9655.080    1278258.057          0.001
      20378.904      10249.364    1408565.461          0.001
      18856.910       9462.719    1278258.057          0.000
      18022.615      10047.953    4258644.335          0.001
      22269.635       9554.851    1270277.375          0.001
      23163.142      10046.280    2213083.357          0.003
      20982.744       9428.795    1270277.375          0.000
      20378.904      10249.364    1408565.461          0.001
      22375.208       9036.881    1270277.375          0.001
      23434.615       9058.514    5430965.759          0.002
      24217.400       9523.462    1274593.683          0.003
      25390.200      10220.067    1731706.774          0.001
      23903.074       9046.220    1274593.683          0.003
      25273.673       9010.251    1669578.195          0.003
      25273.673       9010.251    1669578.195          0.003
      25969.759       9766.849    1324384.459          0.000
      25273.673       9010.251    1669578.195          0.003
      25390.200      10220.067    1731706.774          0.001
      25273.673       9010.251    1669578.195          0.003
      26663.473       9023.317    1277110.296          0.003
      27273.223       9029.049    2347890.492          0.003
      27478.709      10181.716    1329104.276          0.001
      27273.223       9029.049    2347890.492          0.003
      26582.169       9806.644    1324384.459          0.000
      27273.223       9029.049    2347890.492          0.003
      28565.197       9040.847    1166170.849          0.001
      27273.223       9029.049    2347890.492          0.003
      27349.337       8040.668    1184655.192          0.003
      28565.197       9040.847    1166170.849          0.001
      29219.566       9952.783    1830861.527          0.001
      28565.197       9040.847    1166170.849          0.001
      27798.649       9897.453    1329104.276          0.001
      29555.092       9166.633    5214873.522          0.000
      30949.832       9273.424    1289446.334          0.000
      31180.591       9291.092    3165202.756          0.000
      31592.947       9980.157    2596525.002          0.001
      30184.327       9627.252    1289446.334          0.001
      29219.566       9952.783    1830861.527          0.001
      33586.195       9119.307    2086256.256          0.003
      34278.779       9951.373    1334509.576          0.000
      33586.195       9119.307    2086256.256          0.003
      34669.167       9097.857    1281126.078          0.001
      33586.195       9119.307    2086256.256          0.003
      33484.004      10222.599    1110247.145          0.001
      32826.442       9447.431    1281430.173          0.004
      31592.947       9980.157    2596525.002          0.001
      36147.458      10097.191    1281126.078          0.001
      36674.343      10969.602    1861756.350          0.001
      36635.288       9627.614    1281126.078          0.001
      37548.162      10080.755    1222648.537          0.001
      35533.578       9080.736    8821431.041          0.000
      34682.064      10191.322    1334509.576          0.000
      35746.364       9071.217    1281126.078          0.000
      37144.965       9008.648    1280364.022          0.000
      37372.791       9077.053    1280364.022          0.000
      37548.162      10080.755    1222648.537          0.001
      38439.968       9347.698    2734887.253          0.001
      38056.259      10291.979    1360780.044          0.001
      39116.272       9217.233    1298635.260          0.001
      40490.114       8952.207    2624094.326          0.001
      38596.047       9456.737    1298635.260          0.001
      39743.109      10258.089    1887838.143          0.001
      38439.968       9347.698    2734887.253          0.001
      37548.162      10080.755    1222648.537          0.001
      40846.054       9173.328    1282149.006          0.001
      42035.262       9912.099    1335214.746          0.002
      40464.207       8997.498    1282149.006          0.001
      39769.060      10212.722    1337695.953          0.001
      40490.114       8952.207    2624094.326          0.001
      41888.133       9025.042    1288207.307          0.001
      42528.559       9058.408    1825092.310          0.001
      42391.479      10133.392    2401369.569          0.002
      43780.778       9460.557    1287316.017          0.001
      44505.041      10177.491    2414062.605          0.001
      43087.392       9355.466    1287316.017          0.000
      42391.479      10133.392    2401369.569          0.002
      44319.809       9426.091    4072424.955          0.001
      45293.907       9960.600    1334756.173          0.000
      46817.265       9175.303    1688145.749          0.001
      47445.572      10035.867    1916497.481          0.001
      47108.050       9192.353    1291258.647          0.001
      48505.650       9274.303    1295707.492          0.001
      48956.743       9301.582    1295707.492          0.001
      50353.902       9390.716    1299948.503          0.002
      48733.911       9325.693    1295707.492          0.001
      47507.847      10001.539    1330464.082          0.001
      50514.658       9400.971    1867912.051          0.002
      49967.180      10689.223    1363134.144          0.001
      50514.658       9400.971    1867912.051          0.002
      50780.965      10110.339     927524.084          0.001
      50514.658       9400.971    1867912.051          0.002
      49545.985       9717.898    1330703.113          0.001
      51636.602       9349.753    1293102.630          0.001
      51412.747      10356.879    1598038.399          0.001
      51523.780       9394.360    1293102.630          0.001
      50780.965      10110.339     927524.084          0.001
      52570.739       9232.858    1293102.630          0.001
      53601.370       9193.177    1656206.066          0.001
      53601.370       9193.177    1656206.066          0.001
      54399.441      10343.065    1338313.498          0.001
      53601.370       9193.177    1656206.066          0.001
      52955.320       9981.191    1335061.232          0.000
      53638.192       9195.483    1289854.758          0.001
      55035.452       9283.019    1295226.966          0.002
      55655.584       9321.868    2265477.833          0.001
      56669.158      10086.521    2683593.174          0.000
      55655.584       9321.868    2265477.833          0.001
      56674.321       9296.002    1292992.258          0.000
      55571.153       9400.256    1295226.966          0.001
      54545.162      10352.801    1338313.498          0.001
      57700.300       9124.137    1292992.258          0.001
      58704.764       8953.026    2267794.064          0.001
      58617.961       9041.893    1275298.799          0.001
      57639.705      10043.400    1325768.380          0.001
      58788.768       9052.100    1275298.799          0.001
      59694.166      10119.927    1321702.385          0.001
      60932.893       9365.149    1365679.438          0.002
      61845.531      10195.611    2112628.246          0.001
      60918.210       9375.999    1287473.384          0.002
      59792.256      10208.001    1321702.385          0.001
      62843.246       9105.313    3863396.120          0.000
      63809.302       9591.864    1284951.792          0.001
      63047.645       9108.775    1269571.317          0.001
      64447.444       9132.488    1259150.463          0.001
      62816.906       9134.097    1269571.317          0.001
      61871.779      10166.927    1310560.890          0.001
      65155.234       9190.638    1259150.463          0.001
      66547.051       9341.788    1242954.905          0.001
      67050.681       9396.482    2092596.013          0.001
      66828.532      10379.901    1172236.102          0.001
      67050.681       9396.482    2092596.013          0.001
      68050.847       9204.291    1206767.623          0.001
      67050.681       9396.482    2092596.013          0.001
      66071.710       9679.402    1284951.792          0.001
      67050.681       9396.482    2092596.013          0.001
      67749.291      10137.766    1250302.593          0.000
      68922.498       9120.434    1206767.623          0.000
      67907.199      10084.368    1250302.593          0.000
      69076.537       9066.243    1206767.623          0.000
      69989.289      10127.243    5589306.270          0.000
      69873.650       9166.983    1206767.623          0.001
      70903.410       9352.442     988326.254          0.003
      70903.410       9352.442     988326.254          0.003
      71723.057      10278.094    1168981.792          0.003
      70903.410       9352.442     988326.254          0.003
      70104.895      10029.257    1210667.545          0.000
      71699.534       9061.020    1154999.956          0.003
      71849.455      10420.839    1887116.308          0.003
      71686.479       8942.609    4190590.397          0.002
      72444.148       9075.451    1099265.972          0.003
      73949.471       9339.380    3619038.150          0.002
      74782.908       9187.824    1042479.530          0.003
      73949.471       9339.380    3619038.150          0.002
      73720.043      10051.812   12233254.371          0.001
      75860.662       8991.841    1746990.285          0.002
      76427.771       9415.676    1012044.841          0.001
      78133.808       9117.154     504612.259          0.003
      78572.087       9669.299     965323.295          0.001
      78133.808       9117.154     504612.259          0.003
      78029.844       9853.962     988874.265          0.001
      78133.808       9117.154     504612.259          0.003
      77047.754       9731.228    1012044.841          0.001
      79931.944       9277.047     953246.740          0.000
      79131.965      10374.634   42860918.238          0.000
        843.237       9953.586   49133019.206          0.000
         75.036      11111.398     964424.096          0.000
       1171.792      10268.871     954755.878          0.001
       1944.289      11010.166    5817251.392          0.001
       4602.631      10223.739    1036378.750          0.002
       5945.953      10019.750   16648804.916          0.001
       4103.648      10486.814    1036378.750          0.002
       4107.074      11442.027    1630206.175          0.002
       4102.977      10299.614    2827298.317          0.002
       3117.601      10623.959     992882.510          0.002
       5545.651      10504.391    1085355.861          0.002
       5033.252      11124.747     946009.045          0.003
       8174.035      10200.406     620267.418          0.004
       9032.808      11279.393    3062333.429          0.003
       8174.035      10200.406     620267.418          0.004
       8903.203       9977.234    2939726.911          0.000
       8927.682      10223.180    1175814.828          0.000
       9032.808      11279.393    3062333.429          0.003
       9918.618      10032.499    1175814.828          0.001
      10936.191      10087.882    1796122.902          0.002
      10936.191      10087.882    1796122.902          0.002
      11920.203      10180.459    4687086.749          0.001
      10936.191      10087.882    1796122.902          0.002
       9780.712      10811.208    1209777.145          0.004
      11984.546      10244.031    1244099.903          0.002
      12980.450      11227.991    1284784.920          0.001
      11920.203      10180.459    4687086.749          0.001
      13318.398      10241.049    1277321.023          0.001
      11973.308      10411.262    1244099.903          0.002
      12287.227      11775.613    1287089.899          0.001
      14252.899      10617.353    1277321.023          0.001
      14111.827      12010.227    1312580.773          0.001
      14131.157      10409.358    1277321.023          0.001
      13044.735      11291.505    1571340.604          0.001
      14286.761      10283.012    6135551.278          0.000
      15123.477      11129.276    1630960.726          0.001
      16174.011      10920.323    1285870.414          0.001
      17041.521      11455.523    2668636.246          0.001
      16348.807      10111.025    1285870.414          0.001
      17355.873       9955.672    1374685.066          0.001
      17355.873       9955.672    1374685.066          0.001
      17068.772      11325.503    1325473.822          0.001
      18022.615      10047.953    4258644.335          0.001
      17222.294      11196.169    1325473.822          0.001
      20378.904      10249.364    1408565.461          0.001
      21470.435      10266.327    1456877.841          0.001
      20378.904      10249.364    1408565.461          0.001
      19645.083      10956.498    1334843.430          0.000
      21470.435      10266.327    1456877.841          0.001
      22101.977      11066.539    1350640.796          0.000
      21470.435      10266.327    1456877.841          0.001
      22858.383      10085.898    1317490.172          0.003
      21470.435      10266.327    1456877.841          0.001
      20488.969      11186.276    1338649.808          0.001
      23163.142      10046.280    2213083.357          0.003
      23900.946      10750.285    1348938.592          0.001
      23163.142      10046.280    2213083.357          0.003
      22693.197      10951.621    1350640.796          0.001
      23995.563      10111.238    1317490.172          0.004
      25390.200      10220.067    1731706.774          0.001
      25390.200      10220.067    1731706.774          0.001
      26201.448      10973.402    1801399.017          0.001
      25390.200      10220.067    1731706.774          0.001
      24624.038      10891.189    1348938.592          0.000
      28085.879      10142.845    1329104.276          0.001
      29219.566       9952.783    1830861.527          0.001
      27489.600      10242.810    2971725.195          0.001
      28144.774      11187.670    2700121.324          0.001
      27201.448      10406.239    1329104.276          0.001
      26201.448      10973.402    1801399.017          0.001
      29219.566       9952.783    1830861.527          0.001
      28300.688      11008.532    1356195.155          0.001
      29219.566       9952.783    1830861.527          0.001
      29449.264      10945.322    1359465.020          0.000
      29219.566       9952.783    1830861.527          0.001
      30618.857       9968.922    1323407.552          0.002
      31592.947       9980.157    2596525.002          0.001
      32448.894      10532.851    1355945.857          0.001
      31843.970      10012.339    1323407.552          0.001
      33232.605      10190.368    1331368.795          0.001
      31592.947       9980.157    2596525.002          0.001
      30731.803      10525.324    1359465.020          0.001
      33484.004      10222.599    1110247.145          0.001
      34498.671      10311.133    1334509.576          0.000
      34871.247      10610.942    1334509.576          0.000
      35584.515      11337.987    2298987.310          0.001
      34584.462      10318.619    2971035.562          0.000
      35289.370      10213.978    3458294.082          0.001
      34497.610      10369.386    1334509.576          0.000
      33289.431      11075.593    6563631.890          0.000
      35367.289      10256.490    1331809.175          0.001
      36596.274      10927.009    1355973.168          0.001
      37548.162      10080.755    1222648.537          0.001
      36674.343      10969.602    1861756.350          0.001
      39743.109      10258.089    1887838.143          0.001
      39650.851      11374.475    1309996.699          0.001
      39743.109      10258.089    1887838.143          0.001
      38807.341      10660.433    1360780.044          0.001
      39743.109      10258.089    1887838.143          0.001
      40397.966      11057.846    2647349.245          0.001
      41348.470      10177.430    1337011.446          0.001
      42391.479      10133.392    2401369.569          0.002
      42455.292      10134.723    1335214.746          0.002
      43854.987      10163.928    1335947.456          0.002
      42391.479      10133.392    2401369.569          0.002
      42704.711      11177.326    2600164.136          0.001
      44216.709      10337.620    1335947.456          0.001
      42992.788      11017.339    1366440.266          0.001
      44505.041      10177.491    2414062.605          0.001
      45523.901      10158.435    1334756.173          0.000
      44505.041      10177.491    2414062.605          0.001
      44470.873      11239.088    1312715.150          0.002
      44554.276      10212.549    1335947.456          0.001
      45694.698      11024.607    1363682.757          0.000
      46428.964      10103.931    1334756.173          0.001
      47445.572      10035.867    1916497.481          0.001
      47445.572      10035.867    1916497.481          0.001
      47419.262      11306.361    1870963.100          0.002
      47194.926      10186.704    1330464.082          0.001
      45995.387      10908.580    1363682.757          0.001
      48511.742      11010.381    1330703.113          0.001
      48507.580      12029.991    4520453.065          0.001
      49002.497      10515.247    1330703.113          0.001
      49743.442      11215.692    2774556.543          0.001
      48091.182      10539.462    1330703.113          0.001
      47419.262      11306.361    1870963.100          0.002
      50780.965      10110.339     927524.084          0.001
      51361.571      10947.855    1359705.543          0.000
      50741.501      10152.382    1331111.275          0.001
      49783.368      11173.156    1363134.144          0.001
      51412.747      10356.879    1598038.399          0.001
      52430.579      10302.139    1335061.232          0.000
      53074.202      10681.312    1335061.232          0.000
      53772.005      11424.294    1800417.720          0.001
      52672.128      10310.280    1335061.232          0.000
      51531.364      11121.858    1359705.543          0.000
      53444.764      10348.064    1335061.232          0.001
      54460.653      10431.261    1892470.489          0.001
      54460.653      10431.261    1892470.489          0.001
      55617.393      10158.899    4552087.588          0.001
      54460.653      10431.261    1892470.489          0.001
      53772.005      11424.294    1800417.720          0.001
      55668.353      10829.238    1329785.304          0.001
      55774.451      12224.868    2111870.299          0.001
      55652.085      10181.753    1329785.304          0.001
      56821.193      10951.938    1348680.134          0.001
      55617.393      10158.899    4552087.588          0.001
      56669.158      10086.521    2683593.174          0.000
      56669.158      10086.521    2683593.174          0.000
      57552.626      10132.550    4622943.023          0.001
      58379.116      10164.524    1325768.380          0.001
      59777.861      10218.637    3708179.316          0.001
      57552.626      10132.550    4622943.023          0.001
      56855.784      10974.726    1540349.919          0.001
      59777.861      10218.637    3708179.316          0.001
      60279.213      11105.289    1346442.852          0.001
      60223.096      10450.229    1321702.385          0.001
      61465.120      11096.278    1331194.653          0.001
      59777.861      10218.637    3708179.316          0.001
      58457.298      10682.691    1346724.797          0.002
      60111.610      10214.920    1321702.385          0.001
      61511.524      10199.331    1310560.890          0.001
      61845.531      10195.611    2112628.246          0.001
      61910.091      11327.733    2259503.220          0.001
      63182.477      10572.905    1302121.190          0.001
      63930.581      11264.758    2521189.791          0.001
      62398.750      10433.576    1302121.190          0.000
      61910.091      11327.733    2259503.220          0.001
      62977.892      10047.805    1302121.190          0.000
      64377.841      10059.790    1284951.792          0.000
      64861.162      10169.071    1284951.792          0.000
      65896.250      11111.723    1290382.056          0.000
      65821.077      10226.664    1284951.792          0.001
      66828.532      10379.901    1172236.102          0.001
      64502.007      10421.111    1284951.792          0.000
      63930.581      11264.758    2521189.791          0.001
      66828.532      10379.901    1172236.102          0.001
      66910.465      11395.758    1288429.210          0.001
      66828.532      10379.901    1172236.102          0.001
      67797.300      10188.707    4670203.710          0.000
      66828.532      10379.901    1172236.102          0.001
      67848.863      10987.348    1931356.082          0.001
      68590.310      10166.471    1250302.593          0.001
      69989.289      10127.243    5589306.270          0.000
      70646.316      10230.944    1210667.545          0.001
      71849.455      10420.839    1887116.308          0.003
      68794.737      10607.260    1210667.545          0.001
      67848.863      10987.348    1931356.082          0.001
      71849.455      10420.839    1887116.308          0.003
      71910.079      11017.438    1919223.732          0.003
      71192.488      10762.426    1168981.792          0.003
      70106.241      11327.214    1300604.914          0.001
      73767.519      10328.044    1109665.616          0.002
      73947.539      11375.478    2218277.336          0.002
      75779.135      10211.885   31430644.121          0.001
      76935.169       9794.886    2099416.703          0.001
      75859.435      10542.839    1045481.703          0.001
      76058.090      11361.588     919768.248          0.002
      78030.890      11137.841     988874.265          0.001
      78141.105      12100.219    1224268.144          0.001
      78099.167      10534.234     988874.265          0.001
      78861.195      11089.180     493315.581          0.001
      77657.191      10243.566     988874.265          0.001
      76935.169       9794.886    2099416.703          0.001
      79131.965      10374.634   42860918.238          0.000
      80000.000      11224.490    1069100.136          0.000
       1312.252      11907.487     964424.096          0.002
       1964.277      12246.851     862122.557          0.002
        810.897      11135.102     964424.096          0.001
       1944.289      11010.166    5817251.392          0.001
       1949.161      11311.605     992882.510          0.001
       1964.277      12246.851     862122.557          0.002
       4439.649      11693.323    1067010.417          0.003
       5211.323      12276.407    3792073.274          0.002
       4107.074      11442.027    1630206.175          0.002
       4042.489      12527.231    1082438.260          0.002
       4189.875      11413.662    1067010.417          0.003
       5033.252      11124.747     946009.045          0.003
       4107.074      11442.027    1630206.175          0.002
       3147.904      12251.256     722933.502          0.003
       5033.252      11124.747     946009.045          0.003
       5211.323      12276.407    3792073.274          0.002
       5383.451      11097.365    1087699.754          0.003
       6251.739      11029.474     930650.826          0.002
       6606.891      11520.345    1123916.049          0.003
       7263.169      12427.416     781706.424          0.004
       6251.739      11029.474     930650.826          0.002
       5639.407      11763.351    1117568.058          0.002
       6251.739      11029.474     930650.826          0.002
       6838.929      10984.889    9884124.190          0.002
       7029.264      11632.078    1140772.625          0.002
       7263.169      12427.416     781706.424          0.004
       9760.751      11248.207    1209777.145          0.004
      11122.020      11189.888    9055680.372          0.001
       9032.808      11279.393    3062333.429          0.003
       9362.834      12178.312    1988448.619          0.001
       9032.808      11279.393    3062333.429          0.003
       8214.079      12402.839    1207123.367          0.003
      11122.020      11189.888    9055680.372          0.001
      10949.120      12049.523    1394683.762          0.001
      11122.020      11189.888    9055680.372          0.001
       9901.927      11875.414    1233732.642          0.001
      13044.735      11291.505    1571340.604          0.001
      14024.708      12290.566    1312580.773          0.001
      15123.477      11129.276    1630960.726          0.001
      15892.891      11797.177    1332921.167          0.001
      15379.583      11172.838    1304749.738          0.001
      16759.760      11407.597    1325473.822          0.001
      15057.274      11206.244    1304749.738          0.001
      14144.339      12267.635    1312580.773          0.001
      17041.521      11455.523    2668636.246          0.001
      18057.970      11377.527    1334843.430          0.001
      17080.115      11491.099    1325473.822          0.001
      18109.487      12439.989    1347764.846          0.001
      18858.039      11744.290    1334843.430          0.001
      18147.692      12475.207    2515354.908          0.001
      19632.029      11518.174    1334843.430          0.000
      20455.423      12118.652    1981772.084          0.001
      20947.205      11513.378    1338649.808          0.001
      22108.740      12191.306    2104527.883          0.001
      20449.748      11223.039    5927037.516          0.000
      21632.646      11372.816    1350640.796          0.001
      22682.227      11429.312    1350640.796          0.000
      24062.946      11197.767    1348938.592          0.000
      23309.694      11824.078    1350640.796          0.001
      24257.445      12199.344    1977224.723          0.001
      25400.521      11637.631    1348938.592          0.001
      26329.948      12055.204    2937379.722          0.001
      25187.596      11070.921    1348938.592          0.001
      26201.448      10973.402    1801399.017          0.001
      26201.448      10973.402    1801399.017          0.001
      26329.948      12055.204    2937379.722          0.001
      26477.040      11003.788    1348658.400          0.001
      27868.607      11157.220    1356195.155          0.001
      28144.774      11187.670    2700121.324          0.001
      28413.447      12445.197    3146750.324          0.001
      27869.151      11319.425    1356195.155          0.001
      26606.047      11923.221    1372938.513          0.001
      29120.411      11710.914    1359465.020          0.001
      28413.447      12445.197    3146750.324          0.001
      29838.940      11263.962    1359465.020          0.000
      31235.044      11159.588    1356717.096          0.000
      31717.702      11130.347    1356717.096          0.000
      33116.853      11081.605    1355945.857          0.000
      31205.147      11458.810    1356717.096          0.000
      30464.654      12158.809    2984475.374          0.001
      33299.949      11421.546    1355945.857          0.000
      33330.910      12439.908    2571487.743          0.001
      34572.046      11222.233    1355945.857          0.001
      35584.515      11337.987    2298987.310          0.001
      32913.750      11421.586    1355945.857          0.000
      32164.300      12111.809    1722833.604          0.001
      35584.515      11337.987    2298987.310          0.001
      35456.678      12429.207    1825269.245          0.001
      35584.515      11337.987    2298987.310          0.001
      36674.343      10969.602    1861756.350          0.001
      35584.515      11337.987    2298987.310          0.001
      36418.635      12264.764    5574620.927          0.001
      35086.297      11581.595    1364459.138          0.002
      33828.594      12196.561    1386188.945          0.001
      36674.343      10969.602    1861756.350          0.001
      36418.635      12264.764    5574620.927          0.001
      37484.651      12326.231    1360780.044          0.001
      37291.320      13326.819    2872995.616          0.002
      38640.306      11246.664    1360780.044          0.001
      39650.851      11374.475    1309996.699          0.001
      39650.851      11374.475    1309996.699          0.001
      40288.461      12388.556    2027951.941          0.001
      39650.851      11374.475    1309996.699          0.001
      38732.250      12041.615    1882738.044          0.001
      40397.966      11057.846    2647349.245          0.001
      40288.461      12388.556    2027951.941          0.001
      40397.966      11057.846    2647349.245          0.001
      41460.715      11175.583    4799607.928          0.001
      41460.715      11175.583    4799607.928          0.001
      42137.886      12170.655    1388610.499          0.001
      41460.715      11175.583    4799607.928          0.001
      41508.387      12193.389    1387797.398          0.000
      41460.715      11175.583    4799607.928          0.001
      42704.711      11177.326    2600164.136          0.001
      41453.803      11182.735    1365567.513          0.001
      40480.895      12189.438    1387479.008          0.001
      42888.086      11183.738    1366440.266          0.001
      44287.231      11232.667    1367884.700          0.002
      43074.462      11368.781    1366440.266          0.001
      44317.686      12012.515    1385331.517          0.001
      44470.873      11239.088    1312715.150          0.002
      45744.114      11059.794   12014762.568          0.000
      45744.114      11059.794   12014762.568          0.000
      47128.797      11263.607    1367240.429          0.002
      47419.262      11306.361    1870963.100          0.002
      47009.620      12239.966    1392300.643          0.001
      47419.262      11306.361    1870963.100          0.002
      46420.660      12219.557    1065653.060          0.002
      50083.612      11417.515    1363134.144          0.001
      51287.647      12131.868    1380991.474          0.001
      49743.442      11215.692    2774556.543          0.001
      50761.924      11174.831    1359705.543          0.001
      49710.042      11237.699    1363134.144          0.001
      48540.993      12007.975    1380534.297          0.001
      52760.513      11300.164    1359705.543          0.001
      53772.005      11424.294    1800417.720          0.001
      53772.005      11424.294    1800417.720          0.001
      53852.913      12317.763    2250658.336          0.001
      53344.184      11605.638    1362979.476          0.001
      52055.200      12152.008    1380991.474          0.001
      54394.922      11454.467    1355867.766          0.000
      53852.913      12317.763    2250658.336          0.001
      55035.251      11524.176    1355867.766          0.001
      55774.451      12224.868    2111870.299          0.001
      56855.784      10974.726    1540349.919          0.001
      56727.255      11986.279    1365691.412          0.000
      56855.784      10974.726    1540349.919          0.001
      57615.753      10978.415    2059959.291          0.001
      56689.970      11166.425    1348680.134          0.001
      55774.451      12224.868    2111870.299          0.001
      57888.206      11214.735    1346724.797          0.001
      58945.067      12131.433    2005664.124          0.001
      57615.753      10978.415    2059959.291          0.001
      56947.879      11748.947    1365691.412          0.000
      57615.753      10978.415    2059959.291          0.001
      58623.308      11133.776    1343860.101          0.001
      59601.986      11284.685    6700931.896          0.000
      60772.823      12051.028    1346442.852          0.000
      59569.350      11326.752    1343860.101          0.000
      58945.067      12131.433    2005664.124          0.001
      62220.488      11318.058    1331194.653          0.001
      63619.809      11274.444    1314078.567          0.001
      61910.091      11327.733    2259503.220          0.001
      61081.340      11919.994    1346442.852          0.000
      64231.294      11458.174    1314078.567          0.001
      65408.763      12215.517    1307653.379          0.001
      63930.581      11264.758    2521189.791          0.001
      63584.145      12464.081    4814136.771          0.000
      63930.581      11264.758    2521189.791          0.001
      64949.326      11241.722    1290382.056          0.001
      66012.595      11217.679    8235800.796          0.000
      66976.470      12214.125    5933585.674          0.000
      67848.863      10987.348    1931356.082          0.001
      68411.839      11836.982    1260236.648          0.001
      68722.297      11118.851    1261596.669          0.001
      70106.241      11327.214    1300604.914          0.001
      67848.863      10987.348    1931356.082          0.001
      67257.953      11818.298    1288429.210          0.000
      70106.241      11327.214    1300604.914          0.001
      70532.382      12252.819    1221490.364          0.000
      70106.241      11327.214    1300604.914          0.001
      71152.587      11147.524    1172569.073          0.003
      70106.241      11327.214    1300604.914          0.001
      69288.030      11934.462    1260236.648          0.001
      71910.079      11017.438    1919223.732          0.003
      72505.582      11951.249    1162447.566          0.003
      71881.017      11051.360    1172569.073          0.003
      70970.174      12114.546    1221490.364          0.000
      71910.079      11017.438    1919223.732          0.003
      72754.429      11165.814    1114847.596          0.003
      73947.539      11375.478    2218277.336          0.002
      74568.213      11899.664    1098897.628          0.002
      73638.143      11670.277    1114847.596          0.003
      72822.194      12447.730    3932151.781          0.003
      76040.791      11416.056    1048686.375          0.002
      75767.140      12277.668     764180.987          0.003
      76058.090      11361.588     919768.248          0.002
      76999.305      11185.966    1014910.711          0.001
      75689.398      11569.820    1048686.375          0.002
      74783.482      12081.469    6449309.846          0.002
      77088.519      11525.119    1014910.711          0.001
      76878.307      12909.247    1045552.608          0.001
      77144.131      11158.943    1997570.048          0.001
      78141.105      12100.219    1224268.144          0.001
      76371.276      11786.843    1014910.711          0.002
      75767.140      12277.668     764180.987          0.003
      77144.131      11158.943    1997570.048          0.001
      76881.726      10371.100    1015355.950          0.001
      78861.195      11089.180     493315.581          0.001
      78938.750      12003.690    2090229.816          0.001
      78861.195      11089.180     493315.581          0.001
      79596.249      11176.517     963917.851          0.000
      78818.821      11148.674     976961.070          0.001
      78141.105      12100.219    1224268.144          0.001
      79733.042      11420.498     963917.851          0.000
      78938.750      12003.690    2090229.816          0.001
       1256.051      12765.569     983570.702          0.001
       1933.734      13046.488    1318346.297          0.002
       1964.277      12246.851     862122.557          0.002
       1933.734      13046.488    1318346.297          0.002
       2315.669      12248.159    1022685.021          0.002
       3147.904      12251.256     722933.502          0.003
       3147.904      12251.256     722933.502          0.003
       3884.297      12951.186    1082438.260          0.001
       3147.904      12251.256     722933.502          0.003
       2414.074      12731.885    1025445.690          0.002
       5211.323      12276.407    3792073.274          0.002
       5150.568      13025.787    3054025.607          0.002
       6392.134      12799.753    1117568.058          0.003
       7088.665      13108.462    1256353.859          0.003
       7263.169      12427.416     781706.424          0.004
       8188.478      12437.968    1761766.999          0.003
       7263.169      12427.416     781706.424          0.004
       7088.665      13108.462    1256353.859          0.003
       8188.478      12437.968    1761766.999          0.003
       7570.713      13627.941    1190157.982          0.003
       8188.478      12437.968    1761766.999          0.003
       9362.834      12178.312    1988448.619          0.001
       8188.478      12437.968    1761766.999          0.003
       7276.185      12994.141    1180226.807          0.004
       8188.478      12437.968    1761766.999          0.003
       8992.919      13145.720    1241732.036          0.000
       9362.834      12178.312    1988448.619          0.001
       9942.336      13282.151    1875491.566          0.000
       9554.004      12162.791    1233732.642          0.001
      10949.120      12049.523    1394683.762          0.001
      10949.120      12049.523    1394683.762          0.001
      12340.344      12006.469   13889904.679          0.000
      10949.120      12049.523    1394683.762          0.001
      10063.655      13133.617    1254942.702          0.001
      12340.344      12006.469   13889904.679          0.000
      13062.485      13204.948    1309798.717          0.001
      12340.344      12006.469   13889904.679          0.000
      13713.825      12273.929    1312580.773          0.001
      14077.938      12344.833    3544661.967          0.001
      15096.135      12305.042    1332921.167          0.001
      14077.938      12344.833    3544661.967          0.001
      13151.477      13352.642    2056668.123          0.001
      14414.778      12525.204    1312580.773          0.001
      15648.971      13186.088    1340942.902          0.001
      17249.250      12825.137    1332921.167          0.001
      18088.588      13402.760    6347603.089          0.000
      17137.084      12345.561    1332921.167          0.001
      18147.692      12475.207    2515354.908          0.001
      18990.091      12774.303    1347764.846          0.002
      20309.053      13242.605    1735147.728          0.001
      18609.938      12403.788    1347764.846          0.001
      19993.521      12190.018    1355417.872          0.002
      20455.423      12118.652    1981772.084          0.001
      20997.759      12982.109    1369641.724          0.000
      20455.423      12118.652    1981772.084          0.001
      20309.053      13242.605    1735147.728          0.001
      20582.809      12124.250    1355417.872          0.001
      21981.460      12185.713    1362588.428          0.001
      22108.740      12191.306    2104527.883          0.001
      22818.145      12921.916    1378720.809          0.001
      22108.740      12191.306    2104527.883          0.001
      22229.379      13408.866    1379746.184          0.001
      22482.836      12192.706    1362588.428          0.001
      23882.826      12197.943    1369284.259          0.001
      22108.740      12191.306    2104527.883          0.001
      21381.227      12905.697    1369641.724          0.000
      24257.445      12199.344    1977224.723          0.001
      24907.320      12984.374    1383233.044          0.000
      24595.574      12175.828    1369284.259          0.001
      25992.200      12078.694    1372938.513          0.001
      24257.445      12199.344    1977224.723          0.001
      23648.397      13015.805    1378720.809          0.000
      26329.948      12055.204    2937379.722          0.001
      25669.614      12831.236    1383233.044          0.001
      26683.552      12121.392    1372938.513          0.001
      28059.653      12378.973    1381750.594          0.001
      28746.102      12398.752    1381750.594          0.001
      30132.653      12205.163    1380120.911          0.001
      28413.447      12445.197    3146750.324          0.001
      29204.413      13484.199    2262106.295          0.001
      28432.511      12725.541    1381750.594          0.001
      28527.495      14122.315    1395446.174          0.001
      30464.654      12158.809    2984475.374          0.001
      30510.685      13557.716    1399329.652          0.001
      30464.654      12158.809    2984475.374          0.001
      29500.098      13173.229    1393815.038          0.001
      30540.310      12231.556    1380120.911          0.001
      31549.479      13201.905    1395636.037          0.001
      30614.714      12154.660    1380120.911          0.001
      32014.179      12115.960    1380500.715          0.001
      32164.300      12111.809    1722833.604          0.001
      32281.049      13124.225    1397524.640          0.000
      32164.300      12111.809    1722833.604          0.001
      31625.294      13274.804    2016421.232          0.001
      32164.300      12111.809    1722833.604          0.001
      33330.910      12439.908    2571487.743          0.001
      33330.910      12439.908    2571487.743          0.001
      33754.522      13366.684    1402739.715          0.001
      33330.910      12439.908    2571487.743          0.001
      34513.672      13187.941    1396299.949          0.001
      33330.910      12439.908    2571487.743          0.001
      34730.732      12432.861    1386946.795          0.001
      35456.678      12429.207    1825269.245          0.001
      36418.635      12264.764    5574620.927          0.001
      35456.678      12429.207    1825269.245          0.001
      34626.093      13259.042    1084195.841          0.001
      36436.499      12467.025    1385009.180          0.001
      36559.667      13861.597    1402803.859          0.001
      36418.635      12264.764    5574620.927          0.001
      35655.342      12939.935    1396118.283          0.000
      38732.250      12041.615    1882738.044          0.001
      39299.564      12888.364    1397205.272          0.000
      38534.344      12218.132    1382703.514          0.001
      37489.548      13150.013    1397534.085          0.002
      38827.241      12062.793    1382703.514          0.001
      40193.695      12367.429    1387479.008          0.001
      40288.461      12388.556    2027951.941          0.001
      41307.608      12401.593    1387797.398          0.000
      40288.461      12388.556    2027951.941          0.001
      40725.785      13171.017    5415917.362          0.000
      41791.661      12582.328    1387797.398          0.000
      42645.637      13138.454    2425398.261          0.001
      41458.298      12462.306    1387797.398          0.000
      40725.785      13171.017    5415917.362          0.000
      43491.343      12336.696    1388610.499          0.001
      44688.042      12204.284    7319743.745          0.001
      44789.595      12493.558    1385331.517          0.001
      45253.334      13814.522    1401146.956          0.002
      44688.042      12204.284    7319743.745          0.001
      45630.135      12593.198    1392300.643          0.001
      44019.898      12509.885    1385331.517          0.001
      42746.751      13092.206    1396056.191          0.001
      44854.384      12205.751    1385331.517          0.001
      46254.330      12218.091    1384276.149          0.002
      46420.660      12219.557    1065653.060          0.002
      46666.847      13021.171   12996430.563          0.000
      48507.580      12029.991    4520453.065          0.001
      48769.328      13020.848    1138727.684          0.001
      48507.580      12029.991    4520453.065          0.001
      47609.917      12513.356    1392300.643          0.001
      50343.013      12351.167    1382883.296          0.001
      51627.302      12333.385    5480639.187          0.001
      49602.341      12361.422    9978922.423          0.000
      48769.328      13020.848    1138727.684          0.001
      52039.759      12330.490    1380991.474          0.001
      53439.725      12320.663    1377140.514          0.002
      51627.302      12333.385    5480639.187          0.001
      50641.200      12704.727    1389303.924          0.001
      51982.166      12480.451    1380991.474          0.001
      53275.499      13016.445    1385521.702          0.001
      54376.870      12292.433    1377140.514          0.002
      55774.451      12224.868    2111870.299          0.001
      53852.913      12317.763    2250658.336          0.001
      53630.768      13163.679    2515581.953          0.001
      55774.451      12224.868    2111870.299          0.001
      54710.321      13133.284    1384819.523          0.001
      55774.451      12224.868    2111870.299          0.001
      55649.862      13090.022    2784643.480          0.001
      57201.638      12525.544    1365691.412          0.001
      57890.846      13275.679    2256753.917          0.001
      56368.118      12365.917    1365691.412          0.000
      55649.862      13090.022    2784643.480          0.001
      57927.996      12074.177    1365691.412          0.001
      58945.067      12131.433    2005664.124          0.001
      58945.067      12131.433    2005664.124          0.001
      59650.744      13212.311    5471809.640          0.001
      58945.067      12131.433    2005664.124          0.001
      59962.802      12111.194    1346442.852          0.001
      58892.252      12188.757    1357434.009          0.001
      57943.636      13218.382    1373377.587          0.001
      60752.931      13028.483    1346442.852          0.001
      60660.400      14043.365    3317079.702          0.001
      61130.439      12490.656    1346442.852          0.000
      61734.501      13310.855    1758861.468          0.001
      61291.458      12148.610    1346442.852          0.000
      62680.798      12316.637   17228139.704          0.000
      63584.145      12464.081    4814136.771          0.000
      62906.028      13204.379    1753426.248          0.001
      63947.057      12454.657    1330291.800          0.001
      65346.585      12418.314    1307653.379          0.001
      66005.741      12948.989    1307653.379          0.001
      66678.968      14176.025    2539553.654          0.001
      65758.991      12437.922    1307653.379          0.001
      66967.132      13145.307    1298165.721          0.001
      65709.410      12408.892    2985606.399          0.001
      64881.123      13240.502    2562424.335          0.001
      65709.410      12408.892    2985606.399          0.001
      66716.734      12254.050    1288429.210          0.000
      67730.730      12634.293    1288429.210          0.001
      68621.366      13130.430    2781556.102          0.000
      66976.470      12214.125    5933585.674          0.000
      68372.690      12312.167    1260236.648          0.000
      68996.546      12359.113    1260236.648          0.000
      70391.789      12474.424    1221490.364          0.000
      70644.004      12495.269    5611816.981          0.000
      71665.512      12472.974    1162447.566          0.004
      69593.705      12825.090    1221490.364          0.001
      68621.366      13130.430    2781556.102          0.000
      72822.194      12447.730    3932151.781          0.003
      73501.240      12743.750    1108107.717          0.003
      72822.194      12447.730    3932151.781          0.003
      73005.716      13471.036    2695270.907          0.003
      71550.615      13062.814    1162447.566          0.004
      70845.532      13403.874    1579096.291          0.001
      74783.482      12081.469    6449309.846          0.002
      74790.289      13305.694    6276975.894          0.002
      74783.482      12081.469    6449309.846          0.002
      75767.140      12277.668     764180.987          0.003
      75711.408      12336.320    1071489.017          0.003
      74790.289      13305.694    6276975.894          0.002
      78141.105      12100.219    1224268.144          0.001
      78532.396      12848.073     999431.152          0.001
      78014.191      12219.429    1008667.132          0.002
      76993.755      13177.923    1045552.608          0.001
      78938.750      12003.690    2090229.816          0.001
      78786.853      13171.889     999431.152          0.000
      79761.546      12449.832     980265.509          0.000
      78769.928      13302.055   13873926.428          0.000
        746.074      13558.337     986644.377          0.001
       2049.168      14070.145    1023673.346          0.000
       1933.734      13046.488    1318346.297          0.002
       2045.001      13746.303    1023673.346          0.001
       2620.804      13054.532    1025445.690          0.002
       4010.139      13070.797    9775311.626          0.001
       4010.139      13070.797    9775311.626          0.001
       4266.593      14209.042   12806634.210          0.001
       5156.884      13077.536    1118663.196          0.002
       5315.561      14377.633   10739888.838          0.001
       5150.568      13025.787    3054025.607          0.002
       4646.591      13700.391    1091388.118          0.002
       7097.128      13190.915    1180226.807          0.004
       7212.758      14317.454    2344882.473          0.003
       7088.665      13108.462    1256353.859          0.003
       6470.522      13550.923    1127792.825          0.003
       8267.320      13869.074    1241732.036          0.001
       7212.758      14317.454    2344882.473          0.003
       9942.336      13282.151    1875491.566          0.000
       9252.386      14449.425    4310201.448          0.000
      10144.349      13388.196    1254942.702          0.001
      11383.643      14038.756    2296385.740          0.001
       9942.336      13282.151    1875491.566          0.000
      10945.787      13102.370    1280280.405          0.000
      12148.545      13168.783    1280280.405          0.001
      13151.477      13352.642    2056668.123          0.001
      13151.477      13352.642    2056668.123          0.001
      13266.580      14042.183    2199304.638          0.001
      12688.265      13532.419    1309798.717          0.001
      11383.643      14038.756    2296385.740          0.001
      14968.569      13424.816    1324773.771          0.001
      15986.119      13366.624    2527830.165          0.001
      16337.719      13372.667    1340942.902          0.001
      17737.512      13396.726    1356886.578          0.001
      15986.119      13366.624    2527830.165          0.001
      15027.485      14259.826    2694832.237          0.001
      16062.644      13444.480    1340942.902          0.001
      17044.023      14442.927    1355391.674          0.001
      18913.319      13343.274    1356886.578          0.001
      20309.053      13242.605    1735147.728          0.001
      18062.747      13432.583    1356886.578          0.000
      17145.963      14490.651    1355391.674          0.001
      18447.300      13579.088    1356886.578          0.001
      19703.712      14196.688    1372278.414          0.001
      20309.053      13242.605    1735147.728          0.001
      20062.440      14373.024    2174390.810          0.001
      21315.659      13325.440    1369641.724          0.000
      22297.306      14094.426    3654967.632          0.001
      20733.061      13604.637    1369641.724          0.000
      20062.440      14373.024    2174390.810          0.001
      23502.420      13685.251    1378720.809          0.000
      24104.456      14506.746    1133787.374          0.001
      23293.263      13886.914    1378720.809          0.000
      23185.553      15281.957   12504751.363          0.000
      23820.888      13423.980    1378720.809          0.000
      25218.970      13360.838    7153103.967          0.000
      23327.284      13446.273    4961894.633          0.000
      22297.306      14094.426    3654967.632          0.001
      25506.142      13332.590    1383233.044          0.000
      26899.418      13195.539    1386904.219          0.000
      24814.923      13776.266    1383233.044          0.000
      24104.456      14506.746    1133787.374          0.001
      26802.327      13545.153    1386904.219          0.000
      26076.309      14260.475    1870834.582          0.001
      27364.637      13500.334    1386904.219          0.000
      28027.217      14733.617    1395256.713          0.000
      27792.040      13717.945    1386904.219          0.001
      28546.593      14403.159    1154207.434          0.001
      29264.024      13518.895    1393815.038          0.001
      30473.995      14223.147    1399329.652          0.001
      29204.413      13484.199    2262106.295          0.001
      28546.593      14403.159    1154207.434          0.001
      31634.329      13288.029    1395636.037          0.001
      32424.060      14444.024    1402118.463          0.001
      31625.294      13274.804    2016421.232          0.001
      30585.354      14211.413    1399329.652          0.001
      32658.656      13681.017    1397524.640          0.000
      33918.463      14291.662    1402739.715          0.000
      34626.093      13259.042    1084195.841          0.001
      34320.527      14231.513    1402739.715          0.000
      35357.747      13898.206    1396118.283          0.001
      35398.880      15297.042    7123834.864          0.000
      35257.045      13312.368    1396118.283          0.000
      34330.897      14362.249    1402739.715          0.000
      37291.320      13326.819    2872995.616          0.002
      37346.252      14652.589    1406722.309          0.001
      37602.235      13601.754    1397534.085          0.002
      38650.485      14528.698    2025315.108          0.001
      37291.320      13326.819    2872995.616          0.002
      38310.533      13315.774    1397205.272          0.001
      37291.320      13326.819    2872995.616          0.002
      36577.539      14063.950    1625900.957          0.001
      39958.543      13738.135    1397205.272          0.000
      40629.860      14504.872    2617379.727          0.001
      39264.266      13715.858    1397205.272          0.000
      38650.485      14528.698    2025315.108          0.001
      40998.032      13369.492    1396095.648          0.001
      42129.317      14194.231    1404778.713          0.001
      40986.106      13166.601    1396095.648          0.001
      42385.904      13142.859    1396056.191          0.001
      42645.637      13138.454    2425398.261          0.001
      43159.012      14019.410    1404687.198          0.000
      42856.506      13167.495    1396056.191          0.001
      44243.415      13358.505    1397302.762          0.002
      42645.637      13138.454    2425398.261          0.001
      42400.894      14392.218    2303777.395          0.001
      44454.595      13387.589    1271688.399          0.002
      45354.731      14103.351    2764001.982          0.001
      44454.595      13387.589    1271688.399          0.002
      43726.308      14101.424    1404687.198          0.000
      47127.328      13357.352    1392300.643          0.000
      48258.055      14182.855    1400889.464          0.000
      46140.922      13454.933    1392300.643          0.001
      45354.731      14103.351    2764001.982          0.001
      47749.805      13021.005    1392300.643          0.001
      48769.328      13020.848    1138727.684          0.001
      48769.328      13020.848    1138727.684          0.001
      48734.750      14039.791    1400889.464          0.000
      50755.026      13076.906    1389303.924          0.001
      51773.488      13106.322    1900409.434          0.001
      50049.092      13541.030    1389303.924          0.000
      50600.452      14397.809    2303440.916          0.001
      49511.984      13366.118    1389303.924          0.000
      48718.487      14519.001    5944425.991          0.000
      52002.131      13113.383    1388219.625          0.001
      53401.464      13156.598    1385521.702          0.001
      51657.635      13233.873    1388219.625          0.001
      50716.352      14270.206    1398452.896          0.001
      51773.488      13106.322    1900409.434          0.001
      51709.088      14123.408    1397448.713          0.000
      51773.488      13106.322    1900409.434          0.001
      52678.973      14151.858    2217886.911          0.001
      53654.133      13420.356    1385521.702          0.001
      53781.047      14814.592    1394996.669          0.001
      53630.768      13163.679    2515581.953          0.001
      54232.162      13986.405    1391578.905          0.001
      53630.768      13163.679    2515581.953          0.001
      52678.973      14151.858    2217886.911          0.001
      55902.343      13384.994    1379598.369          0.001
      56812.719      14448.579    1385555.949          0.001
      55649.862      13090.022    2784643.480          0.001
      55057.856      13919.529    1391578.905          0.001
      56496.758      13160.185    1379598.369          0.002
      57890.846      13275.679    2256753.917          0.001
      57890.846      13275.679    2256753.917          0.001
      58484.918      14296.418    1850782.739          0.001
      57890.846      13275.679    2256753.917          0.001
      57003.141      14356.949    1385555.949          0.001
      58806.848      13328.604    1365784.896          0.000
      58484.918      14296.418    1850782.739          0.001
      58901.389      13044.386    6095653.076          0.000
      59650.744      13212.311    5471809.640          0.001
      59509.836      13343.342    1363793.499          0.001
      58484.918      14296.418    1850782.739          0.001
      61945.976      13519.683    1352645.670          0.001
      62941.744      14502.992    1802567.525          0.001
      61734.501      13310.855    1758861.468          0.001
      62906.028      13204.379    1753426.248          0.001
      61734.501      13310.855    1758861.468          0.001
      60660.400      14043.365    3317079.702          0.001
      62906.028      13204.379    1753426.248          0.001
      63418.064      14097.715    1348226.984          0.000
      62906.028      13204.379    1753426.248          0.001
      62941.744      14502.992    1802567.525          0.001
      63193.875      13209.644    1342935.892          0.001
      64593.641      13235.245    1325680.668          0.002
      64881.123      13240.502    2562424.335          0.001
      64719.113      14463.378    1965185.971          0.001
      65408.982      13515.178    1325680.668          0.002
      66650.904      14161.421    1313390.146          0.001
      64881.123      13240.502    2562424.335          0.001
      64161.885      13963.055    1348226.984          0.001
      67016.712      13174.337    1665027.119          0.001
      68415.633      13136.059    1270911.099          0.001
      67099.238      13298.817    1298165.721          0.001
      67872.652      14465.422    2238547.119          0.001
      67016.712      13174.337    1665027.119          0.001
      66678.968      14176.025    2539553.654          0.001
      68862.813      13365.051    1270911.099          0.001
      69866.578      14340.440    2997862.899          0.001
      68557.094      13245.031    1270911.099          0.001
      67872.652      14465.422    2238547.119          0.001
      69038.791      13181.749    1270911.099          0.001
      70428.329      13352.582    1225788.260          0.001
      70845.532      13403.874    1579096.291          0.001
      71683.116      13985.108    1200628.023          0.000
      70845.532      13403.874    1579096.291          0.001
      70825.360      14423.420    4125652.048          0.001
      70845.532      13403.874    1579096.291          0.001
      71833.514      13434.591    1166124.777          0.004
      70845.532      13403.874    1579096.291          0.001
      69866.578      14340.440    2997862.899          0.001
      73014.253      14348.432    1166124.777          0.004
      73024.677      15419.829    1289238.740          0.004
      73005.716      13471.036    2695270.907          0.003
      73846.783      14174.366    1137792.926          0.003
      73005.716      13471.036    2695270.907          0.003
      72115.870      14285.413    7793536.143          0.000
      74790.289      13305.694    6276975.894          0.002
      75491.329      13939.922    1073828.190          0.002
      74509.374      13823.122    1108107.717          0.002
      74171.334      14445.768    2007369.741          0.002
      76811.504      13349.111   10867455.686          0.001
      76896.475      14380.707   11192316.832          0.001
      76682.099      13535.870    1045552.608          0.001
      76051.181      14446.419    9948827.875          0.001
      78769.928      13302.055   13873926.428          0.000
      79106.520      14235.983   15560403.471          0.000
      77882.516      13812.988     999431.152          0.001
      76896.475      14380.707   11192316.832          0.001
      79943.293      13326.913     983122.137          0.000
      79106.520      14235.983   15560403.471          0.000
       1999.786      14147.809    1023673.346          0.000
        788.332      14849.506     993802.101          0.001
       4428.832      14470.126    1091388.118          0.001
       4847.247      15143.462    4279394.534          0.002
       4266.593      14209.042   12806634.210          0.001
       4023.112      15170.604    5944057.765          0.001
       5930.957      15509.947    1127792.825          0.003
       6305.689      16199.445    1681008.841          0.003
       5315.561      14377.633   10739888.838          0.001
       4847.247      15143.462    4279394.534          0.002
       7212.758      14317.454    2344882.473          0.003
       7068.902      15119.978    3957846.229          0.002
       7966.953      14366.253    1190157.982          0.003
       9252.386      14449.425    4310201.448          0.000
      10009.301      14303.576    1245390.182          0.001
      11383.643      14038.756    2296385.740          0.001
       9252.386      14449.425    4310201.448          0.000
      10155.373      14921.717    1282896.605          0.001
       9252.386      14449.425    4310201.448          0.000
       8044.906      14820.245    1189162.306          0.003
      11383.643      14038.756    2296385.740          0.001
      12416.120      14983.142    1315603.460          0.001
      11383.643      14038.756    2296385.740          0.001
      11038.541      14997.228    1282896.605          0.000
      11383.643      14038.756    2296385.740          0.001
      12782.967      14041.303    1315724.035          0.001
      13452.373      14065.147    1315724.035          0.001
      14841.801      14236.876    1336828.298          0.001
      13258.655      14081.530    1315724.035          0.001
      12982.230      15453.969    1315603.460          0.001
      15027.485      14259.826    2694832.237          0.001
      15222.793      15259.660    1341109.549          0.000
      15379.338      14303.639    1336828.298          0.001
      16768.609      14476.630    1355391.674          0.001
      14601.179      14515.998    1336828.298          0.001
      13401.171      15237.096    1315603.460          0.001
      17120.179      14520.408    2021242.690          0.001
      18047.700      14525.465   16285095.824          0.000
      17120.179      14520.408    2021242.690          0.001
      16197.196      14951.389    1341109.549          0.001
      18343.892      14704.799    1361699.314          0.000
      19215.726      15232.663    2046798.973          0.001
      19046.161      14449.918    1361699.314          0.001
      20062.440      14373.024    2174390.810          0.001
      20062.440      14373.024    2174390.810          0.001
      19215.726      15232.663    2046798.973          0.001
      20062.440      14373.024    2174390.810          0.001
      21276.819      14221.639    1379746.184          0.002
      22296.985      14106.897    1379746.184          0.001
      22265.524      15330.140    2006514.101          0.001
      22297.306      14094.426    3654967.632          0.001
      21259.971      14785.250    1375186.046          0.001
      24395.833      14470.355    1385819.079          0.001
      25785.041      14296.853    1390214.498          0.001
      24104.456      14506.746    1133787.374          0.001
      23325.524      15163.874    1385372.957          0.000
      26076.309      14260.475    1870834.582          0.001
      26356.145      15240.635    1393527.190          0.000
      26076.309      14260.475    1870834.582          0.001
      27029.295      14621.471    1395256.713          0.001
      25759.523      14421.618    1390214.498          0.001
      24511.687      15056.367    1388050.564          0.001
      28546.593      14403.159    1154207.434          0.001
      28206.554      15067.423   12922053.823          0.000
      29806.774      15276.090    1396753.577          0.001
      30370.924      16124.814    2286766.103          0.001
      29271.836      14400.994    1396753.577          0.000
      30421.271      15200.243    1401378.374          0.000
      29184.925      14340.562    6459263.600          0.000
      28206.554      15067.423   12922053.823          0.000
      29516.517      14320.243    1396753.577          0.000
      30533.725      14257.912    3400857.790          0.001
      30533.725      14257.912    3400857.790          0.001
      31342.678      15228.483    1905566.489          0.001
      31040.960      14311.126    1399329.652          0.001
      32433.039      14457.168    2849536.660          0.001
      32433.899      14816.202    1402118.463          0.001
      32437.255      16216.198    1410208.431          0.001
      32433.039      14457.168    2849536.660          0.001
      33452.036      14454.741    1402739.715          0.001
      32493.547      14504.309    1402118.463          0.001
      33597.935      15364.731    1406724.678          0.001
      32433.039      14457.168    2849536.660          0.001
      31342.678      15228.483    1905566.489          0.001
      34300.997      15062.460    1402739.715          0.001
      34384.313      16078.019    2434101.741          0.001
      34261.235      14460.378    1402739.715          0.000
      35389.070      15289.828    1406584.263          0.000
      36577.539      14063.950    1625900.957          0.001
      37365.640      15120.498    2682495.816          0.001
      36577.539      14063.950    1625900.957          0.001
      35873.113      14800.908    1406584.263          0.001
      38650.485      14528.698    2025315.108          0.001
      38160.322      15421.640    1411359.974          0.001
      38650.485      14528.698    2025315.108          0.001
      40050.028      14511.851    1405194.539          0.002
      38650.485      14528.698    2025315.108          0.001
      37445.937      15083.513    1406722.309          0.001
      40424.096      14861.629    1405194.539          0.002
      39724.907      16073.891    2142822.509          0.000
      40629.860      14504.872    2617379.727          0.001
      41438.860      15124.947    1408086.284          0.000
      40629.860      14504.872    2617379.727          0.001
      39854.620      15167.186    1408058.375          0.000
      40817.110      14492.961    1405194.539          0.001
      42214.286      14404.088    1404778.713          0.001
      42400.894      14392.218    2303777.395          0.001
      43425.635      15276.602    2356298.966          0.001
      42400.894      14392.218    2303777.395          0.001
      43395.665      14425.507    5932447.536          0.000
      44348.543      14268.812    1404687.198          0.001
      45354.731      14103.351    2764001.982          0.001
      45354.731      14103.351    2764001.982          0.001
      45641.032      15140.091    2635907.764          0.001
      44621.369      14549.372    1401146.956          0.002
      43425.635      15276.602    2356298.966          0.001
      46556.838      14403.911    4898668.789          0.001
      47005.722      15318.586    1404097.031          0.001
      46620.452      14455.056    1402104.756          0.001
      47711.542      15332.281    1404369.220          0.001
      46556.838      14403.911    4898668.789          0.001
      47574.498      14458.093    1400889.464          0.001
      46556.838      14403.911    4898668.789          0.001
      45641.032      15140.091    2635907.764          0.001
      48753.258      14563.974    1400889.464          0.000
      49376.448      15370.029    1008834.259          0.001
      49583.260      14463.312    1400889.464          0.001
      50600.452      14397.809    2303440.916          0.001
      48526.730      14694.800    1400889.464          0.000
      47775.391      15383.615    1310106.842          0.001
      50600.452      14397.809    2303440.916          0.001
      50128.563      15301.522    1401519.472          0.001
      50600.452      14397.809    2303440.916          0.001
      51679.037      15235.510    3093379.795          0.000
      50472.442      14499.487    1398452.896          0.001
      49376.448      15370.029    1008834.259          0.001
      52678.973      14151.858    2217886.911          0.001
      52661.424      15187.492    1397449.028          0.001
      52678.973      14151.858    2217886.911          0.001
      53762.811      15037.479    1394996.669          0.001
      52653.708      14179.239    1394674.680          0.001
      51704.299      15208.133    1399285.020          0.000
      55061.538      14837.772    1391578.905          0.000
      55889.136      15431.984    1519277.108          0.001
      55852.696      14520.740    1391578.905          0.001
      56871.517      14517.272    2754080.666          0.001
      54587.052      15421.417    1391578.905          0.001
      54543.075      16438.881    2273060.737          0.001
      56984.808      14501.764    1385555.949          0.001
      58371.873      14311.893    1379373.338          0.001
      56871.517      14517.272    2754080.666          0.001
      55889.136      15431.984    1519277.108          0.001
      56871.517      14517.272    2754080.666          0.001
      57829.671      14864.701    1379166.872          0.001
      58575.282      14285.907    1379373.338          0.001
      59965.906      14124.149    1367922.900          0.002
      60660.400      14043.365    3317079.702          0.001
      60719.784      15225.500    2871151.761          0.001
      60660.400      14043.365    3317079.702          0.001
      59814.780      14612.645    1379166.872          0.001
      61570.240      14226.672    1367922.900          0.002
      62941.744      14502.992    1802567.525          0.001
      62941.744      14502.992    1802567.525          0.001
      62795.058      15264.838    1277621.003          0.001
      62941.744      14502.992    1802567.525          0.001
      61610.815      14935.766    1370806.500          0.002
      63545.300      14574.420    1348226.984          0.000
      62795.058      15264.838    1277621.003          0.001
      64762.670      14499.503    1338107.888          0.001
      65840.291      15393.222    1329565.138          0.001
      65006.384      14421.259    1338107.888          0.001
      66391.574      14218.163    1313390.146          0.001
      64719.113      14463.378    1965185.971          0.001
      63922.240      15165.883    4833865.324          0.000
      66656.384      14211.627    1313390.146          0.001
      65906.450      15393.827    1329565.138          0.001
      66678.968      14176.025    2539553.654          0.001
      67872.652      14465.422    2238547.119          0.001
      67892.627      14464.169    1297233.174          0.001
      69289.885      14376.588    1258479.098          0.002
      67872.652      14465.422    2238547.119          0.001
      68873.851      15443.426    1285653.994          0.002
      69858.310      14530.458    1258479.098          0.001
      69797.457      15929.135    1272112.399          0.001
      69907.444      14392.662    1258479.098          0.001
      70770.244      15495.194    1247775.538          0.000
      69838.728      14374.379    1258479.098          0.001
      68950.648      15456.651    1285653.994          0.002
      70825.360      14423.420    4125652.048          0.001
      70811.421      15547.813    7844166.880          0.000
      72038.083      14633.954    1200628.023          0.000
      71733.137      16000.339    1231160.667          0.000
      72326.822      14548.734    1200628.023          0.000
      73024.677      15419.829    1289238.740          0.004
      71543.874      14838.970    1200628.023          0.001
      70811.421      15547.813    7844166.880          0.000
      74171.334      14445.768    2007369.741          0.002
      74851.314      15379.003    1129459.912          0.002
      73589.108      14940.356    1137792.926          0.003
      73024.677      15419.829    1289238.740          0.004
      76056.389      15370.714    1073828.190          0.002
      76060.563      16111.510    1787663.209          0.002
      76051.181      14446.419    9948827.875          0.001
      76982.986      15110.462    1483232.196          0.002
      76896.475      14380.707   11192316.832          0.001
      76982.986      15110.462    1483232.196          0.002
      79106.520      14235.983   15560403.471          0.000
      79921.047      15211.558     995394.209          0.000
      79099.082      14397.770     993182.674          0.000
      79046.613      15539.070    2248341.125          0.001
       1535.624      15270.323     993802.101          0.002
       2245.017      15253.785     972332.188          0.002
        100.518      15390.870     993802.101          0.000
        935.831      16095.129    5692395.636          0.000
       2245.017      15253.785     972332.188          0.002
       1589.811      15674.851    1014425.589          0.001
       2835.018      15226.184    1037347.938          0.002
       4023.112      15170.604    5944057.765          0.001
       2245.017      15253.785     972332.188          0.002
       2911.184      16107.654    3704218.108          0.001
       4038.890      15563.574    1089179.086          0.002
       4079.263      16569.148    1580928.694          0.002
       4023.112      15170.604    5944057.765          0.001
       3144.118      15911.354    1064994.497          0.002
       4972.995      16218.539    1116208.210          0.003
       5102.530      17326.001    1604894.772          0.002
       4847.247      15143.462    4279394.534          0.002
       4213.868      16319.266    1106649.459          0.003
       7295.077      15401.649    1189162.306          0.003
       8078.383      16377.155    2379854.240          0.001
       8062.423      15236.616    1189162.306          0.003
       9316.643      15383.860    1536054.222          0.001
       7068.902      15119.978    3957846.229          0.002
       6412.492      16048.386    1175834.640          0.003
       9316.643      15383.860    1536054.222          0.001
      10334.932      15344.866    1282896.605          0.001
       9317.634      15385.376    1250682.939          0.001
      10083.773      16557.140    1273902.572          0.001
       9316.643      15383.860    1536054.222          0.001
       8224.812      16259.694    1228140.773          0.001
      11958.349      15408.900    1282896.605          0.001
      12974.239      15493.644    3461811.248          0.000
      12974.239      15493.644    3461811.248          0.000
      13992.159      15449.108    1341109.549          0.001
      12478.123      15771.799    1315603.460          0.001
      11257.273      16456.286    6365519.473          0.000
      16455.311      15826.117    1341109.549          0.001
      17414.313      16169.570    2326535.598          0.001
      14837.171      15580.440    1341109.549          0.000
      13561.615      16157.465    1320673.372          0.000
      16266.583      15330.981    1341109.549          0.001
      17426.395      15259.019    6614206.796          0.000
      17621.032      15256.152    1358579.291          0.001
      19020.880      15235.533    1369286.899          0.001
      19215.726      15232.663    2046798.973          0.001
      19286.378      16200.834    1450071.043          0.001
      19215.726      15232.663    2046798.973          0.001
      20002.467      16100.390    2701659.127          0.001
      18935.920      15378.189    1369286.899          0.001
      17693.865      16024.176    1361207.504          0.001
      21246.563      15332.236    1375186.046          0.001
      22265.524      15330.140    2006514.101          0.001
      22375.167      15574.825    1382554.756          0.001
      22947.658      16852.422    1390818.143          0.001
      22293.164      15355.319    1382554.756          0.001
      23328.098      16298.141    1389905.642          0.001
      22265.524      15330.140    2006514.101          0.001
      21384.348      16224.223    1382387.470          0.001
      23191.348      15317.452    1385372.957          0.000
      23355.530      16323.131    1007562.310          0.001
      24527.376      15401.762    1388050.564          0.001
      25752.266      16079.733    1397255.905          0.001
      24194.686      15217.619    3674819.536          0.001
      23355.530      16323.131    1007562.310          0.001
      24194.686      15217.619    3674819.536          0.001
      24148.422      16292.731    1392429.508          0.000
      24194.686      15217.619    3674819.536          0.001
      25269.650      15268.127    1393527.190          0.001
      26826.535      15782.874    1393527.190          0.001
      27535.375      16515.418    3770569.059          0.001
      26598.581      15289.852    1393527.190          0.000
      27985.376      15098.018    1395256.713          0.000
      29455.230      15677.457    1395256.713          0.001
      30370.924      16124.814    2286766.103          0.001
      27963.947      15590.822    1395256.713          0.000
      27535.375      16515.418    3770569.059          0.001
      31342.678      15228.483    1905566.489          0.001
      31498.700      16205.054   11592145.878          0.000
      31554.859      15489.400    1403015.773          0.001
      32438.116      16575.533    6029325.885          0.000
      31342.678      15228.483    1905566.489          0.001
      30370.924      16124.814    2286766.103          0.001
      33633.559      15604.310    1406724.678          0.001
      33452.065      16992.496    1412031.173          0.001
      33658.694      15412.067    2107939.254          0.001
      34384.313      16078.019    2434101.741          0.001
      33555.036      15510.875    1406724.678          0.001
      32541.662      16476.833    1410208.431          0.001
      35608.112      15461.300    1406584.263          0.000
      36409.760      16090.637    3227865.789          0.001
      36170.931      15227.740    1406584.263          0.001
      37365.640      15120.498    2682495.816          0.001
      37340.869      15145.639    1406722.309          0.001
      36409.760      16090.637    3227865.789          0.001
      39507.147      15464.044    7102717.221          0.000
      38259.510      16098.556    1411359.974          0.001
      42407.661      15313.035    1408086.284          0.001
      43425.635      15276.602    2356298.966          0.001
      40680.484      15720.701    1408086.284          0.001
      39724.907      16073.891    2142822.509          0.000
      43425.635      15276.602    2356298.966          0.001
      44504.826      16167.851    1408791.951          0.001
      43452.652      15274.938    1408306.712          0.001
      44850.002      15188.834    1406896.485          0.001
      43425.635      15276.602    2356298.966          0.001
      42736.036      16173.149    2031888.724          0.001
      45606.024      15187.785    1406896.485          0.001
      44777.619      16316.388    1408791.951          0.001
      45641.032      15140.091    2635907.764          0.001
      46531.439      15634.882    1404097.031          0.001
      47775.391      15383.615    1310106.842          0.001
      48685.751      15842.558    1401519.472          0.001
      47976.832      15381.906    1404369.220          0.001
      49376.448      15370.029    1008834.259          0.001
      51679.037      15235.510    3093379.795          0.000
      52375.771      15979.908    1397449.028          0.000
      51679.037      15235.510    3093379.795          0.000
      50772.956      15702.836    1401519.472          0.001
      53877.927      15207.544    1394996.669          0.001
      54543.075      16438.881    2273060.737          0.001
      53804.432      15071.489    2061673.795          0.001
      53093.404      15802.611    1397449.028          0.001
      55889.136      15431.984    1519277.108          0.001
      55864.325      16451.189    1391433.496          0.000
      55663.812      15600.534    1389717.001          0.001
      54543.075      16438.881    2273060.737          0.001
      56625.498      16161.837    1387302.184          0.001
      56540.314      17176.950    2762537.416          0.001
      57083.701      15488.669    1387302.184          0.000
      58470.873      15299.584    1379166.872          0.000
      56677.340      15544.060    9519266.058          0.000
      55862.094      16542.833    9695297.228          0.000
      59097.468      15663.753    1379166.872          0.000
      59572.409      16565.409    1925444.244          0.001
      58405.832      15660.187    1379166.872          0.001
      57642.070      16335.043    1303929.009          0.001
      59700.838      15235.887    1379166.872          0.001
      60719.784      15225.500    2871151.761          0.001
      61057.667      15231.905    1370806.500          0.001
      62457.415      15258.438    1357690.021          0.002
      60601.512      15363.617    1370806.500          0.001
      59690.916      16427.015    1379007.143          0.001
      62795.058      15264.838    1277621.003          0.001
      63922.240      15165.883    4833865.324          0.000
      62795.058      15264.838    1277621.003          0.001
      61972.728      15866.760    1366909.689          0.000
      63922.240      15165.883    4833865.324          0.000
      62837.097      16049.677    1359211.717          0.001
      64209.247      15204.435    1348332.291          0.001
      65596.785      15390.818    1329565.138          0.001
      65883.894      15429.384    2755979.272          0.001
      65719.998      16554.210    1334325.343          0.002
      65883.894      15429.384    2755979.272          0.001
      66680.417      16487.205    1864268.651          0.001
      65795.810      15511.603    1329565.138          0.001
      64772.373      16466.893    1344828.286          0.002
      67986.928      15849.550    1316340.402          0.001
      68852.487      16388.436    2317881.899          0.002
      67918.654      15312.414    1316340.402          0.001
      68922.503      15490.951    1541598.603          0.002
      68922.503      15490.951    1541598.603          0.002
      68852.487      16388.436    2317881.899          0.002
      73024.677      15419.829    1289238.740          0.004
      72908.214      16458.223    1194692.241          0.003
      73024.677      15419.829    1289238.740          0.004
      73706.802      16332.707    1173156.859          0.003
      73024.677      15419.829    1289238.740          0.004
      72101.532      16046.872    1231160.667          0.000
      74918.913      15607.784    1129459.912          0.002
      74238.050      16831.069    1160091.650          0.002
      74961.829      15530.679    4160975.861          0.002
      75947.815      16051.907    1102191.474          0.002
      74369.737      15966.606    1129459.912          0.003
      73765.603      16411.400     840961.448          0.003
      76982.986      15110.462    1483232.196          0.002
      77868.883      16162.308    1045288.035          0.002
      76994.719      15250.972    1057548.333          0.002
      77066.191      16106.905     467305.128          0.003
      76982.986      15110.462    1483232.196          0.002
      77833.074      15287.022    1013575.935          0.002
      76576.281      15551.834    1057548.333          0.003
      76060.563      16111.510    1787663.209          0.002
      78986.583      15646.485    1013575.935          0.001
      78303.599      16868.587    1034887.070          0.001
      79046.613      15539.070    2248341.125          0.001
      79801.548      16162.617    1003976.841          0.000
      78563.723      15869.295    1013575.935          0.001
      77966.230      16277.892     676922.859          0.001
         98.407      16421.478    1002554.656          0.000
        877.778      17173.449    4130686.675          0.000
        935.831      16095.129    5692395.636          0.000
        877.778      17173.449    4130686.675          0.000
       2933.754      16288.721    1064994.497          0.002
       3040.873      17148.079     821816.410          0.003
       2911.184      16107.654    3704218.108          0.001
       2090.348      16537.889    1018941.934          0.002
       4079.263      16569.148    1580928.694          0.002
       4057.401      17368.954    1098397.834          0.002
       4079.263      16569.148    1580928.694          0.002
       3111.201      17108.870    1077002.988          0.003
       4410.451      16814.109    1106649.459          0.003
       5102.530      17326.001    1604894.772          0.002
       6305.689      16199.445    1681008.841          0.003
       6118.684      17085.798    1160480.919          0.003
       6599.995      16548.537    1175834.640          0.003
       7301.519      17380.647    1629881.299          0.003
       6305.689      16199.445    1681008.841          0.003
       5567.804      16890.350    1142083.055          0.003
       6305.689      16199.445    1681008.841          0.003
       6873.101      16383.187     565916.867          0.004
       6873.101      16383.187     565916.867          0.004
       8078.383      16377.155    2379854.240          0.001
       6873.101      16383.187     565916.867          0.004
       7301.519      17380.647    1629881.299          0.003
       8078.383      16377.155    2379854.240          0.001
       7301.519      17380.647    1629881.299          0.003
       8690.094      16432.507    1228140.773          0.001
      10084.398      16558.675    1273902.572          0.001
      10084.800      16558.711    2136455.482          0.001
      11047.203      17556.928    4274931.851          0.001
      10084.800      16558.711    2136455.482          0.001
       9899.124      17561.233     991394.511          0.002
      10084.800      16558.711    2136455.482          0.001
      11257.273      16456.286    6365519.473          0.000
      10084.800      16558.711    2136455.482          0.001
       9194.018      17053.199    1234653.396          0.001
      11257.273      16456.286    6365519.473          0.000
      12557.083      16975.772    1323651.093          0.001
      11257.273      16456.286    6365519.473          0.000
      12274.230      16395.555    1320673.372          0.001
      13977.798      16414.391    1320673.372          0.001
      14993.334      16501.849    3285560.781          0.001
      14993.334      16501.849    3285560.781          0.001
      15011.930      17564.360    2672417.170          0.000
      16027.688      16359.884    1342896.772          0.002
      17414.313      16169.570    2326535.598          0.001
      15971.462      16818.640    1342896.772          0.002
      17302.554      17249.748    2715906.991          0.000
      14667.246      16609.863    1342896.772          0.001
      13338.258      17050.082    1323651.093          0.001
      17414.313      16169.570    2326535.598          0.001
      17302.554      17249.748    2715906.991          0.000
      17414.313      16169.570    2326535.598          0.001
      17849.827      17091.184    1370976.090          0.000
      17650.454      16173.513    1361207.504          0.001
      19050.259      16196.890    1372615.908          0.001
      19286.378      16200.834    1450071.043          0.001
      19412.985      17231.656    1922489.070          0.001
      19286.378      16200.834    1450071.043          0.001
      18574.598      16930.627    1370976.090          0.001
      20002.467      16100.390    2701659.127          0.001
      19412.985      17231.656    1922489.070          0.001
      20002.467      16100.390    2701659.127          0.001
      21064.445      16548.811   14031032.351          0.000
      21847.012      16764.170    1382387.470          0.001
      23057.367      17097.255    2138987.177          0.001
      20572.873      16752.066    1382387.470          0.001
      19412.985      17231.656    1922489.070          0.001
      23355.530      16323.131    1007562.310          0.001
      23057.367      17097.255    2138987.177          0.001
      24131.060      16795.665    1392429.508          0.000
      24086.074      18194.942    1394868.846          0.000
      25068.031      16336.301    1392429.508          0.001
      26084.463      16263.603    2155522.388          0.001
      24543.315      16751.139    1392429.508          0.000
      25311.235      17421.274    2075127.706          0.001
      23915.964      16548.079    1392429.508          0.000
      23057.367      17097.255    2138987.177          0.001
      26084.463      16263.603    2155522.388          0.001
      25311.235      17421.274    2075127.706          0.001
      26084.463      16263.603    2155522.388          0.001
      27146.669      17113.192    2644370.238          0.001
      26119.971      16269.765    1397255.905          0.001
      27499.350      16509.166    1400962.342          0.001
      28181.054      16773.207    1401991.295          0.001
      28297.571      18168.350    1403974.480          0.001
      28155.004      16461.289    6278420.157          0.001
      28997.777      17033.985    1405936.287          0.001
      28570.855      16398.144    1401991.295          0.001
      29954.989      16187.971    1405406.109          0.001
      28155.004      16461.289    6278420.157          0.001
      27146.669      17113.192    2644370.238          0.001
      30370.924      16124.814    2286766.103          0.001
      29857.984      17005.275    1405936.287          0.000
      30370.924      16124.814    2286766.103          0.001
      30550.119      17421.030    1458576.537          0.001
      30370.924      16124.814    2286766.103          0.001
      31387.742      16197.160    1407903.477          0.000
      32438.116      16575.533    6029325.885          0.000
      32441.280      17594.859    1408781.158          0.001
      32438.116      16575.533    6029325.885          0.000
      31403.049      17447.688    1229560.376          0.001
      34472.409      16192.528    1410151.409          0.001
      35326.082      17302.142    1412945.043          0.002
      34697.058      16079.967    1410151.409          0.001
      36097.031      16088.689    1410052.527          0.001
      34363.681      16101.860    1410151.409          0.001
      33447.573      17160.512    1412031.173          0.001
      36390.916      16494.427    1410052.527          0.001
      36325.651      17892.905    1411151.490          0.001
      36517.476      16187.723    1410052.527          0.001
      37557.408      17125.029    1413169.698          0.001
      36332.242      16193.878    1410052.527          0.001
      35491.638      17313.425    1412945.043          0.001
      38319.946      16730.139    1411359.974          0.001
      39259.851      17124.582    1712589.516          0.002
      38720.420      16243.073    1411359.974          0.001
      39724.907      16073.891    2142822.509          0.000
      37606.419      16430.699   11495770.366          0.000
      37665.139      17222.128    1993339.121          0.001
      39724.907      16073.891    2142822.509          0.000
      39259.851      17124.582    1712589.516          0.002
      39724.907      16073.891    2142822.509          0.000
      40596.086      17169.244    1412879.509          0.001
      39741.861      16077.651    1409646.156          0.000
      41108.656      16380.754    1411714.367          0.001
      41667.629      16504.712    2105097.841          0.001
      42728.709      17399.328    2331718.820          0.001
      41667.629      16504.712    2105097.841          0.001
      42736.036      16173.149    2031888.724          0.001
      41667.629      16504.712    2105097.841          0.001
      40691.110      17288.720    4712874.476          0.001
      42736.036      16173.149    2031888.724          0.001
      42728.709      17399.328    2331718.820          0.001
      43042.586      16202.333    1409797.712          0.001
      44436.285      16335.015    1408791.951          0.001
      44742.546      16364.172    3288582.948          0.001
      44765.279      17390.097    2306472.399          0.001
      43973.187      16759.639    1408791.951          0.001
      42728.709      17399.328    2331718.820          0.001
      46121.754      16565.287    1406504.051          0.000
      46761.555      17359.086    2368434.457          0.001
      45416.344      16606.352    1406504.051          0.000
      44765.279      17390.097    2306472.399          0.001
      45791.173      16155.136    9595554.922          0.000
      47190.092      16120.921    1404097.031          0.000
      47495.447      16416.518    1404097.031          0.000
      47812.513      17384.736    1877508.602          0.001
      48209.858      16185.740    1404097.031          0.001
      49604.262      16305.610    8234927.278          0.000
      49604.262      16305.610    8234927.278          0.000
      49591.432      17234.388    1439735.403          0.001
      50692.270      16210.024    1401519.472          0.001
      51707.852      16120.802    1021049.193          0.001
      49604.262      16305.610    8234927.278          0.000
      50719.606      17151.094    1401776.858          0.000
      48685.614      16858.888    1401519.472          0.001
      47812.513      17384.736    1877508.602          0.001
      51707.852      16120.802    1021049.193          0.001
      51062.657      16909.672    1401776.858          0.000
      51732.429      16153.074    1398385.325          0.001
      52580.453      17266.620    2624253.069          0.001
      51707.852      16120.802    1021049.193          0.001
      52643.156      16265.585    7673298.554          0.000
      53528.115      16346.304    1397449.028          0.001
      54543.075      16438.881    2273060.737          0.001
      54543.075      16438.881    2273060.737          0.001
      54704.702      17222.877    1878177.811          0.001
      54206.545      16580.813    1394573.891          0.001
      52916.578      17124.858    1399600.023          0.001
      57644.755      16337.169    1385584.147          0.001
      58742.261      17206.353    1384314.408          0.001
      57642.070      16335.043    1303929.009          0.001
      58525.286      16151.296    7431917.870          0.000
      57642.070      16335.043    1303929.009          0.001
      56540.314      17176.950    2762537.416          0.001
      59572.409      16565.409    1925444.244          0.001
      60621.033      17455.444    3047729.458          0.000
      59572.409      16565.409    1925444.244          0.001
      60569.252      16353.158    1366909.689          0.001
      59572.409      16565.409    1925444.244          0.001
      58744.732      17208.310    4108908.364          0.001
      61231.694      16638.926    1366909.689          0.001
      60621.033      17455.444    3047729.458          0.000
      62163.047      16602.858    1366909.689          0.001
      62937.444      17264.825    2690496.403          0.001
      62801.901      16078.342    3534693.907          0.001
      62937.444      17264.825    2690496.403          0.001
      63326.624      16209.537    1359211.717          0.001
      64684.391      16549.017    1985050.278          0.001
      64684.391      16549.017    1985050.278          0.001
      65544.114      17292.500    1334325.343          0.001
      64684.391      16549.017    1985050.278          0.001
      64812.466      17182.642    1082427.142          0.002
      64458.859      16641.428    1344828.286          0.002
      63163.392      17172.243    1359831.931          0.001
      66680.417      16487.205    1864268.651          0.001
      66723.620      17504.759    1317327.621          0.001
      66680.417      16487.205    1864268.651          0.001
      67870.673      17223.555    1302130.830          0.001
      66680.417      16487.205    1864268.651          0.001
      68078.499      16423.631    1289872.761          0.002
      66680.417      16487.205    1864268.651          0.001
      65791.706      17195.899    1334325.343          0.001
      68873.835      16420.045    1289872.761          0.002
      69657.154      17579.860    2570448.384          0.001
      68852.487      16388.436    2317881.899          0.002
      68066.731      17344.846    2540084.183          0.001
      69783.177      16185.964    1272112.399          0.001
      69657.154      17579.860    2570448.384          0.001
      69789.163      16119.758    6215553.341          0.001
      70800.577      16244.630    1231160.667          0.001
      71209.037      17603.994    1231160.667          0.001
      70867.632      18563.727    3022070.497          0.000
      71655.072      16350.127   14184273.368          0.000
      72560.527      17228.505    1194692.241          0.003
      71655.072      16350.127   14184273.368          0.000
      72150.779      17315.937    1291929.983          0.003
      70524.646      17045.912    1231160.667          0.001
      69657.154      17579.860    2570448.384          0.001
      73765.603      16411.400     840961.448          0.003
      72911.764      17332.435    1194692.241          0.002
      76060.563      16111.510    1787663.209          0.002
      77066.191      16106.905     467305.128          0.003
      75171.285      16625.380    1102191.474          0.003
      73964.358      17322.802    7503242.570          0.002
      77066.191      16106.905     467305.128          0.003
      76640.534      16776.848    1085006.015          0.002
      77066.191      16106.905     467305.128          0.003
      77814.635      16249.092    1045288.035          0.002
      79400.261      16590.510    1003976.841          0.001
      78151.934      17139.970   26219901.591          0.000
        877.778      17173.449    4130686.675          0.000
        166.858      18140.397     995340.630          0.000
       1556.892      17670.715    1018941.934          0.001
       2214.865      18152.500    1257932.017          0.001
       3040.873      17148.079     821816.410          0.003
       3727.789      17880.021    1098397.834          0.001
       3040.873      17148.079     821816.410          0.003
       2473.299      17838.246    1044376.536          0.002
       5102.530      17326.001    1604894.772          0.002
       5877.810      18227.481    9966529.812          0.001
       7301.519      17380.647    1629881.299          0.003
       7281.296      18778.540    1198722.865          0.003
       7301.519      17380.647    1629881.299          0.003
       8338.914      18139.211    1027454.385          0.001
       7301.519      17380.647    1629881.299          0.003
       8241.045      17582.212    6522813.327          0.000
       8879.983      17574.128    1234653.396          0.001
       9899.124      17561.233     991394.511          0.002
       8319.363      17649.580    1234653.396          0.000
       9092.086      18314.268    2709959.004          0.001
       9899.124      17561.233     991394.511          0.002
      11047.203      17556.928    4274931.851          0.001
       9899.124      17561.233     991394.511          0.002
      10905.330      18139.157    2176188.478          0.001
      11471.985      17756.196    1294312.677          0.001
      12739.454      18350.773    1323938.593          0.001
      11047.203      17556.928    4274931.851          0.001
      12419.034      17278.432    1323651.093          0.001
      13640.870      17285.598    1323651.093          0.001
      15011.930      17564.360    2672417.170          0.000
      13012.831      17158.397    1323651.093          0.000
      13163.576      18549.731    3104087.534          0.001
      15463.358      17502.357    1347780.317          0.001
      16850.336      17311.859    1365603.726          0.001
      15097.596      17624.086    1347780.317          0.001
      16246.034      18424.767    1358302.435          0.001
      14964.434      17589.680    1347780.317          0.001
      13729.024      18248.287    1323938.593          0.001
      17334.363      17296.505    1365603.726          0.001
      18121.837      18454.039    1371688.527          0.001
      17202.225      17377.368    1365603.726          0.001
      16336.974      18477.976    1358302.435          0.001
      19412.985      17231.656    1922489.070          0.001
      19428.798      18550.289    2875060.799          0.001
      19412.985      17231.656    1922489.070          0.001
      20797.593      17434.945    1386306.950          0.001
      21495.298      17595.908    1386306.950          0.001
      22811.920      18071.834    1392752.359          0.001
      21456.236      17446.411    1386306.950          0.001
      22824.090      17148.125    1390818.143          0.001
      20635.817      17841.801    1386306.950          0.001
      19428.798      18550.289    2875060.799          0.001
      23057.367      17097.255    2138987.177          0.001
      23631.059      17939.531    1394868.846          0.001
      25353.368      17456.368    1397947.918          0.001
      26429.093      18352.367    1401546.364          0.001
      25538.552      17383.118    1397947.918          0.001
      26919.237      17151.367    1401764.852          0.002
      25311.235      17421.274    2075127.706          0.001
      24569.932      18120.576    1394868.846          0.001
      27136.758      17131.891    1401764.852          0.001
      26481.083      18368.859    1401546.364          0.001
      27278.428      17266.180    1401764.852          0.001
      28192.034      18326.993    1403974.480          0.001
      29602.039      17444.604    3816171.830          0.000
      30550.119      17421.030    1458576.537          0.001
      29602.039      17444.604    3816171.830          0.000
      29215.559      18591.787    6883441.879          0.001
      29115.383      17838.633    1405936.287          0.001
      28323.576      18479.730    2558065.847          0.001
      30550.119      17421.030    1458576.537          0.001
      31204.765      18434.210    1647553.764          0.001
      30550.119      17421.030    1458576.537          0.001
      29771.553      18104.035    1404562.419          0.001
      30550.119      17421.030    1458576.537          0.001
      31403.049      17447.688    1229560.376          0.001
      31403.049      17447.688    1229560.376          0.001
      32130.255      18161.974    1408781.158          0.000
      31403.049      17447.688    1229560.376          0.001
      31204.765      18434.210    1647553.764          0.001
      33486.081      17247.929    1412031.173          0.001
      34438.800      18273.758    1410916.753          0.002
      33725.241      17219.169    1412031.173          0.001
      35115.770      17381.736    1412945.043          0.002
      33426.988      17184.301    2584638.909          0.001
      32807.916      17994.100    1408781.158          0.001
      35414.155      17416.620    2773781.200          0.001
      35532.009      18422.799    4614920.956          0.001
      35414.155      17416.620    2773781.200          0.001
      34497.844      18337.333    2207038.507          0.002
      37665.139      17222.128    1993339.121          0.001
      38337.605      17987.857    1410217.090          0.000
      37665.139      17222.128    1993339.121          0.001
      39062.257      17136.669    1413344.701          0.002
      37534.938      17325.136    1413169.698          0.001
      36436.998      18193.772    1411151.490          0.001
      39259.851      17124.582    1712589.516          0.002
      39906.157      17912.490    1409268.182          0.001
      39259.851      17124.582    1712589.516          0.002
      38840.201      18053.575    1410217.090          0.000
      40691.110      17288.720    4712874.476          0.001
      41575.071      17797.897    1409305.830          0.001
      41331.902      17323.505    1412879.509          0.001
      42728.709      17399.328    2331718.820          0.001
      42728.709      17399.328    2331718.820          0.001
      43627.077      17879.688    1409431.850          0.001
      42741.726      17399.269    1412300.592          0.001
      44141.712      17392.923    1410758.908          0.001
      44786.763      17403.872    1410758.908          0.001
      45965.314      18159.529    1408577.278          0.001
      44765.279      17390.097    2306472.399          0.001
      46164.693      17368.357    1408386.277          0.001
      46782.932      17384.259    1408386.277          0.001
      47689.113      18451.337    5179698.750          0.001
      46761.555      17359.086    2368434.457          0.001
      46473.931      18485.641    2255220.922          0.000
      46761.555      17359.086    2368434.457          0.001
      47812.513      17384.736    1877508.602          0.001
      48004.279      17368.528    1407024.881          0.002
      49399.306      17250.626    1403759.342          0.001
      48080.856      17517.619    1407024.881          0.002
      49335.454      18138.894    1406680.357          0.001
      49591.432      17234.388    1439735.403          0.001
      50411.999      18350.195    4685769.486          0.001
      49591.432      17234.388    1439735.403          0.001
      49604.360      18272.056    2032490.728          0.001
      51864.347      17950.435    1401776.858          0.001
      52701.361      18530.637    1701953.947          0.001
      51562.197      17239.369    1401776.858          0.001
      52580.453      17266.620    2624253.069          0.001
      52580.453      17266.620    2624253.069          0.001
      53445.209      17805.587    1397071.754          0.001
      52942.529      17259.164    1399600.023          0.001
      54342.232      17230.341    1395683.933          0.001
      52580.453      17266.620    2624253.069          0.001
      52701.361      18530.637    1701953.947          0.001
      54704.702      17222.877    1878177.811          0.001
      54613.465      18237.827    1397071.754          0.000
      54922.754      17217.421    1395683.933          0.001
      56322.316      17182.404    1391435.806          0.001
      56542.386      17190.931    1391435.806          0.001
      56747.629      18575.805    1390954.179          0.001
      56632.584      17178.263    1391435.806          0.001
      58032.443      17198.177    1384314.408          0.001
      56540.314      17176.950    2762537.416          0.001
      55700.387      17753.987    1397071.754          0.001
      58513.160      17615.247    1384314.408          0.001
      57820.737      18832.025    1386100.136          0.001
      58744.732      17208.310    4108908.364          0.001
      58980.016      18517.011    1800010.734          0.002
      58289.950      17523.257    1384314.408          0.001
      57138.996      18320.317    1390954.179          0.002
      58744.732      17208.310    4108908.364          0.001
      60132.453      17391.091    1374823.597          0.001
      61543.045      17379.571    1374823.597          0.001
      62937.444      17264.825    2690496.403          0.001
      60155.263      17756.748    1374823.597          0.001
      58980.016      18517.011    1800010.734          0.002
      63175.686      17254.383    1359831.931          0.001
      64574.343      17193.079    1343389.669          0.002
      62937.444      17264.825    2690496.403          0.001
      62001.118      17664.987    1372529.569          0.001
      62937.444      17264.825    2690496.403          0.001
      62648.673      18516.549    1372270.972          0.001
      64812.466      17182.642    1082427.142          0.002
      64171.262      17974.729    1347880.155          0.000
      64812.466      17182.642    1082427.142          0.002
      64742.501      18396.340    8003210.022          0.000
      65604.778      17344.962    3833636.090          0.001
      66659.996      18100.489    1317327.621          0.000
      68191.611      17610.638    1302130.830          0.001
      68786.953      18877.748    1281222.279          0.001
      68272.597      17375.267    1302130.830          0.001
      69657.154      17579.860    2570448.384          0.001
      68066.731      17344.846    2540084.183          0.001
      67202.370      17884.683    1317327.621          0.000
      69719.159      17630.257    1272363.351          0.001
      70805.563      18513.277    1240922.149          0.001
      69657.154      17579.860    2570448.384          0.001
      69055.199      18843.131    1281222.279          0.001
      72150.779      17315.937    1291929.983          0.003
      72871.613      18227.642    1179383.855          0.003
      71745.558      17709.992    1214697.419          0.003
      70867.632      18563.727    3022070.497          0.000
      72796.182      17457.113    3609340.959          0.002
      73074.467      18484.211    3187548.269          0.002
      73964.358      17322.802    7503242.570          0.002
      74632.271      18234.705    1124372.319          0.002
      73532.637      17886.247    1160091.650          0.002
      73074.467      18484.211    3187548.269          0.002
      76197.030      17474.880   21084651.810          0.001
      76733.823      18419.409    1894929.619          0.002
      78151.934      17139.970   26219901.591          0.000
      78827.554      18276.967    1005836.755          0.000
      77416.862      17803.162    1034887.070          0.001
      76733.823      18419.409    1894929.619          0.002
      79846.971      17500.943    1000524.336          0.000
      78920.472      18433.339   14176465.091          0.000
       1515.204      18220.369     995340.630          0.002
       2214.865      18152.500    1257932.017          0.001
        779.710      18689.971     995340.630          0.001
       2073.343      19225.243    1031843.342          0.000
       2529.497      18161.895    1044376.536          0.002
       3928.874      18203.681    1098397.834          0.001
       4791.891      19080.929    1098397.834          0.002
       5273.471      19636.713    7687311.398          0.001
       4034.498      18206.835   16425279.209          0.001
       4005.240      19472.287   11464382.750          0.001
       6105.027      19353.029    1160480.919          0.003
       6277.416      20206.980    5668295.387          0.002
       5877.810      18227.481    9966529.812          0.001
       5418.177      19299.279    1135134.088          0.002
       8338.914      18139.211    1027454.385          0.001
       8764.161      19065.146    1243033.813          0.000
       8338.914      18139.211    1027454.385          0.001
       7500.267      19135.481    1198722.865          0.003
       8338.914      18139.211    1027454.385          0.001
       9092.086      18314.268    2709959.004          0.001
       9512.302      18273.687    1252106.045          0.001
      10905.330      18139.157    2176188.478          0.001
       9092.086      18314.268    2709959.004          0.001
       9822.137      19145.385    1269691.233          0.001
      10905.330      18139.157    2176188.478          0.001
      11075.293      19143.817    1290222.598          0.001
      10905.330      18139.157    2176188.478          0.001
      10378.209      19111.228    1269691.233          0.001
      11096.013      18291.179    1291065.543          0.002
      12190.695      19163.916    1309161.840          0.001
      11346.035      18219.282    1291065.543          0.002
      12723.455      18469.712    1323938.593          0.001
      13163.576      18549.731    3104087.534          0.001
      14177.435      18443.877    1346113.139          0.001
      13163.576      18549.731    3104087.534          0.001
      12381.778      19316.258    2435610.746          0.001
      15001.836      19201.395    1346113.139          0.001
      15042.983      20219.929    2108310.024          0.001
      15540.356      18737.752    1346113.139          0.001
      16391.868      19297.645    1728161.824          0.001
      14967.900      18361.346   11227072.249          0.000
      14054.765      19421.982    1330615.064          0.000
      16331.797      18484.561    4218389.562          0.001
      17602.727      19070.478    1367948.543          0.001
      16399.079      18485.163    1358302.435          0.001
      17799.023      18497.696    1371688.527          0.001
      18153.698      18500.872    1668443.073          0.001
      18043.554      19273.707    2352137.514          0.001
      18153.698      18500.872    1668443.073          0.001
      19428.798      18550.289    2875060.799          0.001
      19428.798      18550.289    2875060.799          0.001
      18866.606      19399.895    1365651.305          0.001
      19428.798      18550.289    2875060.799          0.001
      20827.779      18502.183    1387475.192          0.002
      19428.798      18550.289    2875060.799          0.001
      20295.125      19539.871    1426297.349          0.002
      19428.798      18550.289    2875060.799          0.001
      18188.156      19198.191    1367948.543          0.001
      21479.600      18479.769    6387226.940          0.001
      21319.841      19486.532    1379636.044          0.001
      21594.733      18457.564    1387475.192          0.001
      22969.401      18192.443    1392752.359          0.001
      23061.503      18212.314    1392752.359          0.001
      22394.330      19443.118    1386750.107          0.002
      23856.260      19116.949    1394868.846          0.000
      23323.778      20411.650    7141816.631          0.000
      23273.378      19010.209    1394868.846          0.001
      22371.623      19485.009    1226591.049          0.002
      25205.072      18294.038    1398288.854          0.000
      26359.085      19086.663    1399980.748          0.001
      25116.958      18248.777    1398288.854          0.000
      24464.280      19487.329    1393746.631          0.001
      26934.018      18684.607    1401546.364          0.001
      28112.088      19441.013    1401542.868          0.001
      26698.375      18398.774    1401546.364          0.001
      28096.642      18468.426    1403974.480          0.001
      28323.576      18479.730    2558065.847          0.001
      28113.636      19442.006    2189738.673          0.001
      29679.939      19375.335    1404562.419          0.001
      30208.047      20266.411    2456463.711          0.001
      30172.541      18515.979    1404562.419          0.001
      31204.765      18434.210    1647553.764          0.001
      28933.551      18809.378    1404562.419          0.001
      28113.636      19442.006    2189738.673          0.001
      31204.765      18434.210    1647553.764          0.001
      30675.366      19304.588    1404780.273          0.000
      31312.972      18495.155    1407286.302          0.001
      32532.802      19182.189    1408412.225          0.001
      33480.682      18403.105    1408781.158          0.001
      34497.844      18337.333    2207038.507          0.002
      34198.265      18483.453    1410916.753          0.002
      32939.963      19097.193    1408412.225          0.001
      34497.844      18337.333    2207038.507          0.002
      34239.996      19444.180    2287941.224          0.001
      35532.009      18422.799    4614920.956          0.001
      35485.537      19821.252    1405874.161          0.001
      35563.907      18450.666    1411349.205          0.001
      36618.220      19371.765    1411333.088          0.002
      35435.103      18499.406    1411349.205          0.001
      34336.834      19367.626    1410060.282          0.002
      37638.089      18646.435    1411010.893          0.000
      37276.849      19999.027    1408554.697          0.001
      37689.709      18464.604    1411010.893          0.000
      38502.978      19604.162    1409780.920          0.001
      37687.484      18461.486   17641519.837          0.000
      36650.014      19399.542    1799699.479          0.001
      38657.181      18599.510    1410217.090          0.000
      38505.096      19607.129    1537833.659          0.001
      38689.091      18388.090   22103711.860          0.000
      40079.806      18546.031    1409268.182          0.000
      39629.840      18844.838    1410217.090          0.001
      40546.871      19290.071    1971255.089          0.001
      41230.255      18522.787    1409268.182          0.001
      42624.000      18402.097    9890102.232          0.000
      41452.010      19074.812    1409268.182          0.001
      42366.206      19522.805    1913359.112          0.001
      43741.490      18875.539    1409305.830          0.001
      44680.669      19273.438    2183504.014          0.001
      42624.000      18402.097    9890102.232          0.000
      44022.772      18347.454    1409431.850          0.000
      45457.530      18406.734    1409431.850          0.001
      46473.931      18485.641    2255220.922          0.000
      44469.272      18330.012    6599245.660          0.000
      44680.669      19273.438    2183504.014          0.001
      46473.931      18485.641    2255220.922          0.000
      47689.113      18451.337    5179698.750          0.001
      46218.401      18597.898    1408577.278          0.001
      44936.634      19160.990    1406925.112          0.001
      48087.500      18648.695    1408115.487          0.001
      49342.003      19270.164    1405944.014          0.002
      47949.535      18426.960    1408115.487          0.001
      49343.442      18296.480    1406680.357          0.001
      47689.113      18451.337    5179698.750          0.001
      47452.810      19421.475    2935612.870          0.001
      49604.360      18272.056    2032490.728          0.001
      49739.965      19467.311    2721424.013          0.002
      50411.999      18350.195    4685769.486          0.001
      51177.695      19097.268    1403944.531          0.001
      51306.178      18420.672    1405320.751          0.001
      52701.361      18530.637    1701953.947          0.001
      50411.999      18350.195    4685769.486          0.001
      49739.965      19467.311    2721424.013          0.002
      52701.361      18530.637    1701953.947          0.001
      53720.126      18523.823    1397071.754          0.001
      52701.361      18530.637    1701953.947          0.001
      52017.524      19286.228    1403944.531          0.000
      55731.138      18556.025    1397071.754          0.001
      56749.718      18589.900    2650398.464          0.001
      53715.884      18832.142    1397071.754          0.001
      52757.342      19177.288    4135447.466          0.001
      56430.471      18699.158    1390954.179          0.001
      55105.894      19152.473    1396366.826          0.001
      56749.718      18589.900    2650398.464          0.001
      56914.629      19444.123    2314374.489          0.001
      58980.016      18517.011    1800010.734          0.002
      59981.146      18329.125    1372529.569          0.001
      58980.016      18517.011    1800010.734          0.002
      59608.668      19375.949    6008250.323          0.001
      58906.000      18555.414    1381789.175          0.002
      57663.306      19200.170    1386100.136          0.001
      61294.358      18768.269    1372529.569          0.001
      61935.795      19559.522    1794084.309          0.001
      60795.196      18974.639    1372529.569          0.001
      60765.926      20373.692   13217756.908          0.000
      60509.885      18475.143    1372529.569          0.000
      59608.668      19375.949    6008250.323          0.001
      61647.425      18329.380    1372529.569          0.001
      62648.673      18516.549    1372270.972          0.001
      62648.673      18516.549    1372270.972          0.001
      63635.549      18260.964    1347880.155          0.000
      62648.673      18516.549    1372270.972          0.001
      61935.795      19559.522    1794084.309          0.001
      64020.193      18161.347   14325911.231          0.000
      63073.209      19191.760    1354806.475          0.000
      64256.380      18582.326    1347880.155          0.000
      64755.015      19471.093    1803505.539          0.001
      64742.501      18396.340    8003210.022          0.000
      65754.460      18280.402    1317327.621          0.001
      64742.501      18396.340    8003210.022          0.000
      66009.620      18990.324    1317796.343          0.001
      67700.262      18409.286   15610675.724          0.000
      66607.041      19270.375    3227048.938          0.001
      70218.186      18674.064    1260215.939          0.000
      71042.881      19272.754    1265778.506          0.001
      69810.906      18662.607    1260215.939          0.000
      68911.942      19143.772    3155277.369          0.001
      70867.632      18563.727    3022070.497          0.000
      71883.061      18527.139    1179383.855          0.003
      73074.467      18484.211    3187548.269          0.002
      73891.872      19447.848    1152577.694          0.003
      73070.007      18521.306    1179383.855          0.002
      72954.668      19480.498    1025699.064          0.004
      71987.105      18906.262    1179383.855          0.003
      71042.881      19272.754    1265778.506          0.001
      74795.242      18969.761    1124372.319          0.002
      74941.485      20174.973    4386599.893          0.002
      74720.699      18355.436    7516171.443          0.001
      75464.568      18903.865    1080198.830          0.002
      74720.699      18355.436    7516171.443          0.001
      75518.589      18380.791    1058734.213          0.003
      76733.823      18419.409    1894929.619          0.002
      76943.142      19327.183    8890298.408          0.001
      76730.566      18424.760    1058734.213          0.002
      76137.075      19399.682    7453353.203          0.001
      78920.472      18433.339   14176465.091          0.000
      79874.955      19277.202     993120.900          0.000
      78903.303      18572.355    1005836.755          0.000
      78791.432      19478.127    1801982.135          0.001
       1497.828      19961.821     992751.571          0.002
       2227.726      20241.565     703065.844          0.002
       3903.372      19578.661    1091209.144          0.001
       3063.424      20455.762    1079550.144          0.002
       5273.471      19636.713    7687311.398          0.001
       4114.443      20111.476    1097240.874          0.001
       5202.383      19835.433    1135134.088          0.002
       4941.269      20565.352    1079854.464          0.002
       7272.213      19406.397    3201051.970          0.002
       8395.499      19424.296    1243033.813          0.001
       7272.213      19406.397    3201051.970          0.002
       6885.493      20511.367    4198911.995          0.002
       8074.272      19935.934    1198722.865          0.003
       9167.273      20657.556    1708621.399          0.001
       7272.213      19406.397    3201051.970          0.002
       6406.174      20103.359    1171927.429          0.002
       8975.881      19656.862    1243033.813          0.000
       9167.273      20657.556    1708621.399          0.001
      10090.666      20247.771    1269691.233          0.001
       9992.391      21362.346    5437928.140          0.000
       9893.537      19823.474    1269691.233          0.001
       9167.273      20657.556    1708621.399          0.001
      10154.504      19523.765    3439110.676          0.001
      11259.337      20231.711    9566581.098          0.000
      12318.266      19642.202    1309161.840          0.001
      12050.506      21016.358    1303254.870          0.001
      12444.113      19405.044    1309161.840          0.001
      13248.554      20550.852    1321014.016          0.001
      12381.778      19316.258    2435610.746          0.001
      13397.381      19404.648    1330615.064          0.001
      13837.270      19766.613    1330615.064          0.000
      13310.689      20639.353    2949380.885          0.001
      16391.868      19297.645    1728161.824          0.001
      16321.737      20609.170    2820142.653          0.001
      16391.868      19297.645    1728161.824          0.001
      17791.113      19277.365    1367948.543          0.001
      16295.494      19363.539    1355376.769          0.001
      15139.810      20153.725    1340372.906          0.001
      17735.682      19512.497    1367948.543          0.001
      16629.429      20370.520    1351796.721          0.001
      20295.125      19539.871    1426297.349          0.002
      21031.601      20304.999    1379636.044          0.000
      20295.125      19539.871    1426297.349          0.002
      20436.821      20419.739    2518185.477          0.000
      20295.125      19539.871    1426297.349          0.002
      19291.501      19886.742    1365651.305          0.001
      22371.623      19485.009    1226591.049          0.002
      23102.166      20195.976    1387308.319          0.000
      22371.623      19485.009    1226591.049          0.002
      21575.050      20120.924    1379636.044          0.000
      24458.433      19498.424    1985563.731          0.001
      25243.254      20596.634    2944843.009          0.000
      24760.776      19444.233    1393746.631          0.001
      26138.815      19197.238    1399980.748          0.002
      24458.433      19498.424    1985563.731          0.001
      23664.321      20137.565    1387308.319          0.000
      26441.173      19143.044    2747189.854          0.001
      27044.845      19964.435    1396215.762          0.001
      26612.345      19173.642    1399980.748          0.002
      27990.499      19419.995    1401542.868          0.001
      26287.235      19329.836    1399980.748          0.002
      25396.871      20410.231    1392298.949          0.001
      28500.124      19594.136    1401542.868          0.001
      29802.837      20106.912    1402169.559          0.001
      28113.636      19442.006    2189738.673          0.001
      27656.674      20352.906    1396215.762          0.000
      30860.493      19672.096    1404780.273          0.000
      32036.398      20431.863    1402830.590          0.000
      31628.881      19359.935    1404780.273          0.001
      32640.890      19243.067    2416350.234          0.001
      32640.890      19243.067    2416350.234          0.001
      32416.966      20236.801    1402830.590          0.000
      32663.787      19279.926    1408412.225          0.001
      33402.527      20469.154    1404520.895          0.001
      32745.642      19256.241    1408412.225          0.001
      34134.700      19430.938    1410060.282          0.002
      34239.996      19444.180    2287941.224          0.001
      35287.319      20372.539    1405874.161          0.001
      34239.996      19444.180    2287941.224          0.001
      34299.439      20461.537    1401313.341          0.001
      36650.014      19399.542    1799699.479          0.001
      37227.540      20183.657    2524869.048          0.001
      36650.014      19399.542    1799699.479          0.001
      35635.250      20363.013    1405874.161          0.001
      38505.096      19607.129    1537833.659          0.001
      39888.373      19392.326    1408463.802          0.001
      38504.338      19607.471    1409780.920          0.001
      37228.257      20183.333    1408554.697          0.001
      40546.871      19290.071    1971255.089          0.001
      39655.876      19785.481    1407292.476          0.001
      40546.871      19290.071    1971255.089          0.001
      40563.779      20309.137    1406609.181          0.000
      40978.354      19345.267    1408463.802          0.001
      42366.206      19522.805    1913359.112          0.001
      42366.206      19522.805    1913359.112          0.001
      42421.365      20531.169    1566727.671          0.001
      42366.206      19522.805    1913359.112          0.001
      43757.614      19372.891    1406925.112          0.002
      42366.206      19522.805    1913359.112          0.001
      43320.250      19878.480    1405968.539          0.001
      42366.206      19522.805    1913359.112          0.001
      41436.215      19937.292    1406609.181          0.001
      44680.669      19273.438    2183504.014          0.001
      45699.620      19248.284    1406780.928          0.001
      46548.059      19624.322    1406780.928          0.000
      46480.385      20641.535    1883763.625          0.001
      46261.317      19435.997    1406780.928          0.000
      45097.327      20213.895    1405968.539          0.000
      46574.514      19226.686   11391431.684          0.000
      47452.810      19421.475    2935612.870          0.001
      48340.861      19439.272    1406898.765          0.001
      49739.965      19467.311    2721424.013          0.002
      48450.644      19878.813    1406898.765          0.002
      49723.057      20461.999    5973157.407          0.001
      47402.886      19484.112    1406898.765          0.001
      46530.298      20578.912    1405209.910          0.001
      50263.402      19695.605    1405944.014          0.002
      51546.661      20255.291    1404456.530          0.000
      49739.965      19467.311    2721424.013          0.002
      50756.354      19546.438    1403944.531          0.001
      52865.619      19338.313    1400727.826          0.001
      53646.821      20500.089    1399582.567          0.001
      52676.218      19250.126    1400727.826          0.001
      51634.501      20185.447    1404456.530          0.001
      52757.342      19177.288    4135447.466          0.001
      54156.001      19235.513    1396366.826          0.001
      54811.621      19305.308    1396366.826          0.000
      55510.054      20518.647    1394462.993          0.001
      55153.155      19293.177    1396366.826          0.001
      56548.043      19412.709    1389185.382          0.001
      54686.038      19398.190    1396366.826          0.001
      53855.611      20525.306    1399582.567          0.001
      56746.538      19745.961    1389185.382          0.001
      56065.390      20969.086    1391119.009          0.001
      56914.629      19444.123    2314374.489          0.001
      57503.501      20275.857    1385594.391          0.000
      56768.569      19562.471    1389185.382          0.001
      55680.821      20443.836    1394462.993          0.002
      57589.427      19238.501    7642676.814          0.000
      58904.446      19167.610    3100984.281          0.001
      58904.446      19167.610    3100984.281          0.001
      59524.071      20209.444    1334932.812          0.001
      58904.446      19167.610    3100984.281          0.001
      58218.458      19921.445    1385594.391          0.001
      61890.163      19799.756    1362235.173          0.001
      61628.908      21175.163    1363201.521          0.001
      61935.795      19559.522    1794084.309          0.001
      62757.415      20204.019    3273260.778          0.000
      61935.795      19559.522    1794084.309          0.001
      61099.349      20141.647    1369753.471          0.000
      63738.619      19401.896    1354806.475          0.001
      64755.015      19471.093    1803505.539          0.001
      64755.015      19471.093    1803505.539          0.001
      64988.774      20635.404    2646220.803          0.001
      64755.015      19471.093    1803505.539          0.001
      66146.366      19320.302    1317796.343          0.001
      64755.015      19471.093    1803505.539          0.001
      63441.041      19953.194    1357037.381          0.001
      66607.041      19270.375    3227048.938          0.001
      66885.404      20622.415    2241708.487          0.001
      66316.356      19515.572    1317796.343          0.001
      65246.223      20418.243    1336775.765          0.001
      66607.041      19270.375    3227048.938          0.001
      67608.506      19446.417    7525024.494          0.001
      67608.506      19446.417    7525024.494          0.001
      68911.942      19143.772    3155277.369          0.001
      67608.506      19446.417    7525024.494          0.001
      66885.404      20622.415    2241708.487          0.001
      68911.942      19143.772    3155277.369          0.001
      69780.575      19677.494    1238754.738          0.001
      68911.942      19143.772    3155277.369          0.001
      68821.426      20440.792    5340632.777          0.001
      69646.048      19188.206    1281222.279          0.002
      71042.881      19272.754    1265778.506          0.001
      71042.881      19272.754    1265778.506          0.001
      72414.636      19421.816    1185411.962          0.005
      71042.881      19272.754    1265778.506          0.001
      70956.800      20288.071    1238754.738          0.000
      72954.668      19480.498    1025699.064          0.004
      73780.781      19568.300    1152577.694          0.003
      72954.668      19480.498    1025699.064          0.004
      72007.051      19912.146    1238754.738          0.001
      74015.177      19593.212    1242701.022          0.003
      74743.464      20050.608    1124539.885          0.002
      73869.161      19686.079    1152577.694          0.003
      73056.419      20202.988    1956148.623          0.003
      75547.493      20394.022    1080198.830          0.002
      75078.373      21185.199    1975897.653          0.003
      76137.075      19399.682    7453353.203          0.001
      76940.269      20315.022    1054085.402          0.002
      76943.149      19327.216    1054979.054          0.001
      77203.145      20614.603    5511983.346          0.001
      76943.142      19327.183    8890298.408          0.001
      78234.002      19432.604    1012461.083          0.001
      78791.432      19478.127    1801982.135          0.001
      79541.077      20055.006     998308.767          0.001
      78791.432      19478.127    1801982.135          0.001
      78994.382      20579.401     730844.879          0.001
      78231.328      19878.902    1012461.083          0.002
      77203.145      20614.603    5511983.346          0.001
       1487.091      20296.953     998149.938          0.001
       2227.726      20241.565     703065.844          0.002
       1133.326      20929.269     998149.938          0.001
       2087.556      21368.026    6876131.969          0.001
       2227.726      20241.565     703065.844          0.002
       2096.822      21293.554    1040632.540          0.001
       2227.726      20241.565     703065.844          0.002
       2806.050      21206.571    5473000.459          0.001
       2234.768      20243.371    1043528.371          0.002
       3063.424      20455.762    1079550.144          0.002
       3525.438      20749.703    1068750.958          0.002
       4286.276      21233.760    3754647.922          0.002
       3123.602      20436.580    1068750.958          0.002
       4012.498      20153.235    2108676.135          0.001
       3063.424      20455.762    1079550.144          0.002
       2806.050      21206.571    5473000.459          0.001
       4012.498      20153.235    2108676.135          0.001
       4286.276      21233.760    3754647.922          0.002
       5221.855      20490.095    1130990.832          0.003
       6277.416      20206.980    5668295.387          0.002
       5216.413      20808.685    1130990.832          0.003
       6103.923      21593.584    1462128.960          0.003
       4941.269      20565.352    1079854.464          0.002
       4394.633      21123.183    1111094.063          0.002
       6277.416      20206.980    5668295.387          0.002
       6112.906      21521.784    1170773.248          0.003
       7857.616      20573.649    1192637.192          0.003
       9167.273      20657.556    1708621.399          0.001
       6885.493      20511.367    4198911.995          0.002
       6276.583      21354.505    1170773.248          0.004
       9167.273      20657.556    1708621.399          0.001
       7827.758      21018.609    1201824.371          0.003
       9167.273      20657.556    1708621.399          0.001
       9153.272      21660.065    1648613.192          0.001
      10791.757      20648.984    1290222.598          0.001
       9992.391      21362.346    5437928.140          0.000
      13397.165      20824.532    1321014.016          0.001
      13989.539      22093.033    1329397.691          0.000
      13153.904      20897.323    1321014.016          0.001
      12426.789      22093.694    1305840.913          0.002
      13496.818      20594.288    1321014.016          0.001
      14857.503      20264.838    1340372.906          0.001
      13267.215      20662.441    1321014.016          0.001
      12030.757      21319.077    1303254.870          0.001
      15042.983      20219.929    2108310.024          0.001
      14405.845      21015.029    1331094.375          0.000
      15042.983      20219.929    2108310.024          0.001
      15233.387      21225.290    8343360.902          0.000
      15042.983      20219.929    2108310.024          0.001
      16321.737      20609.170    2820142.653          0.001
      16340.559      20627.081    1351796.721          0.001
      17354.749      21592.181    1358569.288          0.001
      16321.737      20609.170    2820142.653          0.001
      17322.082      20415.381    1365651.305          0.001
      16295.889      20746.168    1351796.721          0.001
      16036.334      22121.898    1347928.063          0.001
      18600.238      20729.924    1365651.305          0.000
      19087.748      21623.811    2033822.651          0.001
      17969.697      20738.063    1365651.305          0.001
      17373.451      21609.977    2062056.562          0.001
      19422.437      20324.606    1365651.305          0.001
      20436.821      20419.739    2518185.477          0.000
      20484.899      20479.217    1376553.523          0.001
      21364.996      21567.991    1379775.580          0.001
      20533.969      20720.949    1376553.523          0.001
      20963.707      22053.363    1377202.877          0.001
      20131.778      20691.995    1376553.523          0.001
      19087.748      21623.811    2033822.651          0.001
      22332.566      20865.615    1379636.044          0.001
      23291.311      21210.741    2777161.915          0.000
      21546.167      20440.163    1379636.044          0.000
      22945.987      20417.709    1387308.319          0.000
      21205.734      20629.849    1379636.044          0.000
      21413.238      21627.671    1392042.100          0.001
      24228.791      20498.868    1387308.319          0.001
      25243.254      20596.634    2944843.009          0.000
      25158.723      20789.313    1392298.949          0.001
      24596.267      22071.360    1388815.372          0.001
      25243.254      20596.634    2944843.009          0.000
      26262.370      20605.643    1396215.762          0.001
      24934.874      20693.655    1392298.949          0.001
      23599.408      21113.810    1386478.900          0.001
      27194.819      20710.800    1396215.762          0.000
      25848.543      21094.911    1391343.129          0.000
      27524.291      20616.797    9597152.337          0.000
      28845.126      21078.969    1397544.401          0.001
      28137.329      20153.626    3447246.452          0.000
      28909.906      20817.237    1397544.401          0.001
      28473.445      20171.933    1399309.267          0.001
      29871.373      20248.074    1402169.559          0.001
      30291.710      20374.921    1402169.559          0.001
      31146.549      21483.637    1399319.252          0.001
      30208.047      20266.411    2456463.711          0.001
      31213.069      20434.674    1402830.590          0.001
      30208.047      20266.411    2456463.711          0.001
      29614.244      21094.107    1397544.401          0.000
      32412.470      20613.064    1402830.590          0.000
      33425.732      20506.510    4195149.879          0.001
      32574.334      20773.628    1402830.590          0.000
      33439.345      21311.962    1631187.907          0.001
      33425.732      20506.510    4195149.879          0.001
      33439.345      21311.962    1631187.907          0.001
      35854.117      20451.098    1405874.161          0.001
      37227.540      20183.657    2524869.048          0.001
      35462.070      20527.440    3273324.188          0.001
      34626.138      21111.588    1401313.341          0.000
      37227.540      20183.657    2524869.048          0.001
      36639.228      21014.826    1402825.728          0.000
      37299.669      20274.987    1408554.697          0.001
      38167.372      21373.665    1404310.422          0.001
      39607.237      21018.307    1407292.476          0.001
      40445.480      21598.324    2878489.044          0.001
      38901.831      20346.530    1407292.476          0.000
      40301.724      20329.242    1406609.181          0.000
      40861.937      20617.263    1406609.181          0.000
      41590.388      21329.532    3961623.063          0.000
      41408.718      20419.307    1406609.181          0.001
      42421.365      20531.169    1566727.671          0.001
      42457.809      20543.563    1406153.657          0.001
      43783.254      20994.337    1404582.105          0.001
      42421.365      20531.169    1566727.671          0.001
      43439.134      20484.926    1405968.539          0.001
      42421.365      20531.169    1566727.671          0.001
      41590.388      21329.532    3961623.063          0.000
      45469.379      20511.871    1405968.539          0.001
      46480.385      20641.535    1883763.625          0.001
      46480.385      20641.535    1883763.625          0.001
      46789.269      21674.484    4062090.459          0.001
      46480.385      20641.535    1883763.625          0.001
      47342.023      21264.774    1402866.393          0.000
      46103.030      20740.528    1405209.910          0.001
      44748.851      21095.773    1404582.105          0.001
      48707.770      20545.248    1404886.963          0.001
      49723.057      20461.999    5973157.407          0.001
      50162.507      20413.079    1404914.577          0.002
      51553.426      20258.242    2591670.139          0.000
      49723.057      20461.999    5973157.407          0.001
      48727.837      20835.543    1402866.393          0.001
      50102.317      20625.233    1404914.577          0.002
      51388.265      21178.709    1400879.581          0.001
      51553.426      20258.242    2591670.139          0.000
      51767.357      21341.871    4150205.107          0.001
      51965.546      20333.706    1404456.530          0.001
      53342.649      20585.872    1399582.567          0.001
      53946.207      20650.769    1399582.567          0.001
      55344.027      20572.659    1394462.993          0.002
      53423.901      20774.872    1399582.567          0.001
      52099.342      21228.240    1400879.581          0.001
      55301.642      20698.007    1394462.993          0.002
      54092.109      21403.011    1396150.365          0.001
      58518.773      20377.440    1385594.391          0.001
      59524.071      20209.444    1334932.812          0.001
      58807.031      21042.508    1385594.391          0.001
      59731.902      21470.787    2275955.546          0.001
      56847.751      20868.596    1385594.391          0.001
      55897.366      21270.802    5240897.889          0.001
      59524.071      20209.444    1334932.812          0.001
      59731.902      21470.787    2275955.546          0.001
      59524.071      20209.444    1334932.812          0.001
      60534.366      20343.066    1369753.471          0.000
      60430.865      20729.191    1369753.471          0.000
      59731.902      21470.787    2275955.546          0.001
      62721.231      20557.377    1357037.381          0.001
      62578.618      21950.094    1352596.632          0.001
      62757.415      20204.019    3273260.778          0.000
      63391.732      21001.717    1344779.643          0.001
      63186.090      20286.894    1357037.381          0.001
      64560.638      20552.633    1336775.765          0.001
      62657.490      20307.118    1357037.381          0.001
      61683.141      21312.426    1363201.521          0.001
      65218.025      20633.834    1336775.765          0.001
      66617.993      20624.247    1313976.672          0.001
      64988.774      20635.404    2646220.803          0.001
      64183.559      21260.049    1344779.643          0.000
      66885.404      20622.415    2241708.487          0.001
      68269.113      20492.606    1283345.541          0.002
      66575.027      20719.859    1313976.672          0.001
      65239.309      21139.212    1335134.628          0.001
      69491.481      20885.854    1283345.541          0.002
      70648.832      21654.586    1246851.263          0.001
      68821.426      20440.792    5340632.777          0.001
      69997.407      20415.279    1238754.738          0.001
      68821.426      20440.792    5340632.777          0.001
      67789.581      21004.922    1310630.924          0.001
      71880.558      20309.872    1238754.738          0.001
      73056.419      20202.988    1956148.623          0.003
      70947.763      20394.661    7277844.712          0.000
      71781.122      20704.048    1176223.183          0.003
      73056.419      20202.988    1956148.623          0.003
      73065.167      20977.963    1176223.183          0.002
      74941.485      20174.973    4386599.893          0.002
      75078.373      21185.199    1975897.653          0.003
      74102.273      20625.758    1124539.885          0.003
      73067.466      21181.608    5392345.580          0.002
      76774.860      21126.672    1054085.402          0.002
      76156.094      21866.488    1140136.705          0.002
      77203.145      20614.603    5511983.346          0.001
      77194.797      21617.254     565580.189          0.003
      77203.145      20614.603    5511983.346          0.001
      78483.273      20589.446    1012457.779          0.002
      78994.382      20579.401     730844.879          0.001
      79015.424      21209.282    8003978.927          0.000
      79900.978      20488.735     998308.767          0.000
      79015.424      21209.282    8003978.927          0.000
       2087.556      21368.026    6876131.969          0.001
       2180.226      22447.220    9133236.784          0.001
       2087.556      21368.026    6876131.969          0.001
       1140.477      21858.431     991441.507          0.001
       3062.526      21481.690    1062539.281          0.001
       3797.509      22270.095    6072332.365          0.001
       2806.050      21206.571    5473000.459          0.001
       2346.172      22118.244    1037579.607          0.001
       4616.948      21677.392    1111094.063          0.002
       5297.307      22590.165    3649069.970          0.002
       4286.276      21233.760    3754647.922          0.002
       3916.815      22017.129    1089496.631          0.002
       6237.151      21543.147    1170773.248          0.004
       7115.819      21210.505    2373759.420          0.003
       6103.923      21593.584    1462128.960          0.003
       6011.513      22312.874    1964542.172          0.003
       6103.923      21593.584    1462128.960          0.003
       5516.713      22319.087    1139139.155          0.003
       7317.591      21484.142    1201824.371          0.003
       8140.158      22599.679    1627364.844          0.001
       7798.598      21361.159    1201824.371          0.003
       9153.272      21660.065    1648613.192          0.001
       7115.819      21210.505    2373759.420          0.003
       6320.853      22004.076    1164879.504          0.003
       9153.272      21660.065    1648613.192          0.001
       9109.924      22678.783    1242118.784          0.001
       9153.272      21660.065    1648613.192          0.001
       8140.158      22599.679    1627364.844          0.001
       9153.272      21660.065    1648613.192          0.001
      10030.244      22179.169    1271399.741          0.000
      10289.756      21359.360    1269077.447          0.001
      11689.686      21345.305    1303254.870          0.001
      11986.990      21342.320    2286127.816          0.001
      12269.807      22351.985    3072023.201          0.001
      11986.990      21342.320    2286127.816          0.001
      11093.163      21831.811    1271399.741          0.001
      15172.487      21280.698    1341641.278          0.000
      14136.941      22222.846    1329397.691          0.000
      17688.479      21612.519    1358569.288          0.001
      19087.748      21623.811    2033822.651          0.001
      17324.067      21633.488    1358569.288          0.001
      16060.014      22235.295    1347928.063          0.001
      19087.748      21623.811    2033822.651          0.001
      20399.719      22109.960    1377202.877          0.002
      19087.748      21623.811    2033822.651          0.001
      18203.676      22129.375    1356499.752          0.001
      21669.257      21570.835    1379775.580          0.002
      23035.984      21267.423    1386478.900          0.001
      21413.238      21627.671    1392042.100          0.001
      21060.990      22354.992    2372181.639          0.001
      23141.568      21369.311    1386478.900          0.001
      22180.355      22387.187    1380939.178          0.001
      23291.311      21210.741    2777161.915          0.000
      23385.805      22225.242    1385571.464          0.000
      23371.394      21279.896    1386478.900          0.001
      24430.993      22194.910    1388815.372          0.001
      25799.230      21761.474    1391343.129          0.001
      26247.838      22676.865    2505144.057          0.001
      26226.097      21192.837    1391343.129          0.001
      27245.115      21198.331    1397849.344          0.001
      25208.234      21520.532    1391343.129          0.000
      24511.546      22264.472    3081740.378          0.001
      27245.115      21198.331    1397849.344          0.001
      27534.383      22370.880    5154237.530          0.000
      27245.115      21198.331    1397849.344          0.001
      28262.567      21243.539    1397544.401          0.001
      27245.115      21198.331    1397849.344          0.001
      26462.429      22358.719    1391526.545          0.002
      30225.609      21423.973    1397544.401          0.001
      31230.352      21592.329    2725731.658          0.001
      28536.475      21814.581    1397544.401          0.001
      27534.383      22370.880    5154237.530          0.000
      32021.236      21491.949    1399319.252          0.002
      33410.095      21315.674    1400937.520          0.001
      31230.352      21592.329    2725731.658          0.001
      29921.498      22088.448    1396165.952          0.001
      31230.352      21592.329    2725731.658          0.001
      30711.823      22469.744    1395195.743          0.001
      31230.352      21592.329    2725731.658          0.001
      31499.973      22546.513    3040618.770          0.001
      33395.766      21339.702    1400937.520          0.001
      32214.752      22091.504    1398235.716          0.002
      33439.345      21311.962    1631187.907          0.001
      33495.318      22354.235    1502134.060          0.001
      35419.955      21780.981    1401313.341          0.001
      36352.044      22194.773    3478443.801          0.000
      34138.529      21563.772    1401313.341          0.000
      33495.318      22354.235    1502134.060          0.001
      34348.746      21305.429   15686205.258          0.000
      35747.035      21357.616    1402825.728          0.001
      37222.239      21419.187    1402825.728          0.001
      38239.521      21465.019    2504837.441          0.001
      38368.798      21560.794    1404310.422          0.001
      39493.722      22394.190    1404759.608          0.001
      38239.521      21465.019    2504837.441          0.001
      38506.770      22448.345    1403941.365          0.000
      38643.455      21489.429    1404310.422          0.001
      40040.906      21573.876    1405171.030          0.001
      38239.521      21465.019    2504837.441          0.001
      36934.482      21969.585    1402163.048          0.001
      40469.056      21812.520    1405171.030          0.001
      40622.227      23204.116    1401495.828          0.001
      40561.082      21694.104    1405171.030          0.001
      41638.859      22587.085    2370952.161          0.001
      40445.480      21598.324    2878489.044          0.001
      41590.388      21329.532    3961623.063          0.000
      40445.480      21598.324    2878489.044          0.001
      39623.284      22490.175    2660689.031          0.001
      42812.974      21823.409    1404949.991          0.001
      43439.052      22627.779    2893080.543          0.001
      42080.919      21668.861    1404949.991          0.000
      41638.859      22587.085    2370952.161          0.001
      43352.761      21188.977    1404949.991          0.001
      44372.115      21194.604    2996717.557          0.001
      44372.115      21194.604    2996717.557          0.001
      44456.045      22210.300    1403049.592          0.000
      44287.474      21324.611    1404582.105          0.001
      43523.628      22497.871    1403855.065          0.001
      44893.737      21298.162    1404582.105          0.001
      46266.937      21570.785    1402439.589          0.001
      46789.269      21674.484    4062090.459          0.001
      45824.030      22002.192    1403049.592          0.001
      47976.753      21837.692    1402866.393          0.001
      48755.360      22561.405    1326038.762          0.002
      47234.932      21621.382    1402866.393          0.001
      46661.857      22517.165    1998454.819          0.001
      48555.602      21458.243    1402866.393          0.001
      49611.273      21582.974    9019042.838          0.001
      49611.273      21582.974    9019042.838          0.001
      49603.134      22675.689    3259004.818          0.001
      49993.742      21540.205    1401657.460          0.001
      51385.069      21384.621    1400879.581          0.001
      49611.273      21582.974    9019042.838          0.001
      48755.360      22561.405    1326038.762          0.002
      52068.063      21537.506    1400879.581          0.001
      53241.571      22300.971    1392218.002          0.001
      51648.310      21459.891    1400879.581          0.001
      50654.080      22445.541    1396508.263          0.000
      52116.195      21374.776    1400879.581          0.001
      53510.008      21506.247    1396150.365          0.001
      54183.958      21496.304    1396150.365          0.001
      55571.989      21313.625    1391119.009          0.001
      53858.583      21539.127    6449258.931          0.001
      53541.801      22496.295    1740349.012          0.001
      55897.366      21270.802    5240897.889          0.001
      55204.840      22036.015    1389218.908          0.001
      56073.365      21306.150    1391119.009          0.001
      57445.956      21581.821    1383610.591          0.001
      57622.262      21617.230    2531239.329          0.001
      58812.209      22280.381    1374744.645          0.001
      57622.262      21617.230    2531239.329          0.001
      57777.097      22443.681    1456414.664          0.001
      57978.724      21592.486    1383610.591          0.001
      59375.363      21495.537    1373865.616          0.002
      57203.214      21817.561    1383610.591          0.001
      55940.130      22421.397    1386682.883          0.001
      59731.902      21470.787    2275955.546          0.001
      60385.645      22252.382    1365348.199          0.000
      59957.818      21464.038    1373865.616          0.001
      61357.194      21422.233    1363201.521          0.001
      61583.261      21415.480    2387822.570          0.001
      62542.463      22303.176    2935781.514          0.001
      61583.261      21415.480    2387822.570          0.001
      60859.799      22133.048    1365348.199          0.000
      64219.461      21884.452    1344779.643          0.000
      64992.023      22549.383    1702332.903          0.001
      63820.878      21541.399   12231665.771          0.000
      63627.524      22927.222    1340380.532          0.000
      64929.548      21236.463    4390703.166          0.001
      65600.944      22391.522    5271248.442          0.001
      64929.548      21236.463    4390703.166          0.001
      64992.023      22549.383    1702332.903          0.001
      64929.548      21236.463    4390703.166          0.001
      65937.871      21382.767    1310630.924          0.001
      66432.256      22387.595    1310630.924          0.001
      65987.542      23304.536    2232182.342          0.001
      67917.698      21571.563    1310630.924          0.001
      68935.419      21624.922    1526109.564          0.002
      68935.419      21624.922    1526109.564          0.002
      68981.267      22663.899    2268099.992          0.001
      69249.492      21630.360    1276705.653          0.003
      70648.832      21654.586    1246851.263          0.001
      68906.007      21638.580    1276705.653          0.002
      67636.227      22228.208    1296907.099          0.001
      70648.832      21654.586    1246851.263          0.001
      71379.011      21511.795    1176223.183          0.004
      70648.832      21654.586    1246851.263          0.001
      69451.851      22379.073    1272281.502          0.001
      70648.832      21654.586    1246851.263          0.001
      70769.959      22321.487    1377564.778          0.001
      73070.654      21395.259    1176223.183          0.002
      73087.182      22502.937    2758843.815          0.002
      71441.129      21988.495    1176223.183          0.004
      70769.959      22321.487    1377564.778          0.001
      73067.466      21181.608    5392345.580          0.002
      74025.624      21183.319    1114210.081          0.004
      75078.373      21185.199    1975897.653          0.003
      75923.757      21719.615    1076482.715          0.002
      75078.373      21185.199    1975897.653          0.003
      74875.651      22218.374    1114853.531          0.001
      77194.797      21617.254     565580.189          0.003
      77080.143      22360.685    1045685.829          0.001
      77194.797      21617.254     565580.189          0.003
      77883.929      21462.831    1009373.718          0.001
      77121.746      21634.782    1048451.443          0.003
      76156.094      21866.488    1140136.705          0.002
      79015.424      21209.282    8003978.927          0.000
      79812.616      22213.041     988544.224          0.000
      79015.424      21209.282    8003978.927          0.000
      78759.925      22501.966    1005733.899          0.000
         81.413      22560.425     991441.507          0.000
        830.802      23586.258   12262536.720          0.000
       2536.069      23186.084    1037579.607          0.002
       3117.882      24394.148    8410613.637          0.001
       2180.226      22447.220    9133236.784          0.001
       1316.359      23176.403     999967.174          0.001
       2180.226      22447.220    9133236.784          0.001
       1841.815      23506.719    1022455.894          0.001
       3797.509      22270.095    6072332.365          0.001
       3436.467      23398.466    1056117.667          0.002
       3879.352      22519.458    1089496.631          0.002
       4233.938      23599.819    5654712.820          0.002
       5586.689      22842.282    1139139.155          0.003
       6240.026      23411.487    2931848.144          0.003
       5297.307      22590.165    3649069.970          0.002
       4649.155      23205.577    1097444.159          0.002
       6011.513      22312.874    1964542.172          0.003
       6240.026      23411.487    2931848.144          0.003
       7020.769      22448.857    1164879.504          0.004
       8140.158      22599.679    1627364.844          0.001
       8140.158      22599.679    1627364.844          0.001
       8835.908      23344.308    1242118.784          0.000
       8140.158      22599.679    1627364.844          0.001
       7180.637      23009.622    1165665.547          0.004
      10179.614      23467.824    1271399.741          0.001
      10130.247      24485.174    2088629.012          0.001
      11251.033      22326.492    1271399.741          0.001
      12269.807      22351.985    3072023.201          0.001
      10007.099      22555.670    1271399.741          0.000
       9070.904      23595.813   11292483.489          0.000
      12674.545      22537.735    1305840.913          0.002
      13946.945      23121.687    1330691.273          0.001
      12269.807      22351.985    3072023.201          0.001
      12110.170      23666.995    4762779.754          0.001
      12473.653      22343.664    1305840.913          0.001
      13872.488      22286.565    1329397.691          0.000
      14343.322      22275.578    1329397.691          0.001
      15743.252      22261.550    1347928.063          0.001
      16056.700      22308.769    1347928.063          0.001
      17007.962      23335.949    1354455.103          0.000
      16010.492      22258.873    3033484.521          0.001
      16100.908      23526.110    1882974.552          0.001
      15772.702      22409.135    1347928.063          0.001
      14589.196      23157.007    1330691.273          0.001
      16010.492      22258.873    3033484.521          0.001
      16981.763      22567.666    1356499.752          0.000
      17916.230      22593.960    1356499.752          0.001
      19308.166      22449.127    5869567.463          0.000
      18349.430      23170.203    1356499.752          0.001
      19270.234      23606.622    1990296.810          0.001
      19303.631      22587.504    1368732.316          0.000
      19270.234      23606.622    1990296.810          0.001
      20165.179      22910.006    1368732.316          0.001
      21063.362      23393.025    2717212.716          0.001
      20042.634      22409.683    1368732.316          0.001
      21060.990      22354.992    2372181.639          0.001
      21060.990      22354.992    2372181.639          0.001
      21063.362      23393.025    2717212.716          0.001
      22030.099      22546.300    9474972.886          0.000
      23184.200      23336.810    3611679.311          0.000
      24392.321      22360.791    1388815.372          0.001
      23303.305      23240.588    1383815.672          0.001
      24559.702      22340.496    1388815.372          0.001
      25308.854      23523.192    1388353.486          0.001
      24698.470      22308.869    1388815.372          0.001
      26060.577      22632.388    1391526.545          0.001
      26247.838      22676.865    2505144.057          0.001
      26204.993      23695.256    1386289.529          0.001
      26247.838      22676.865    2505144.057          0.001
      27179.488      23089.873    1391900.393          0.000
      26247.838      22676.865    2505144.057          0.001
      25356.970      23599.152    2478222.941          0.001
      27744.563      22363.090    1393901.758          0.001
      29143.603      22311.232    1396165.952          0.001
      27763.464      22507.056    1393901.758          0.001
      28966.894      23222.428    1393826.712          0.002
      29354.359      22303.420    1995454.244          0.001
      30033.989      23063.373    1395195.743          0.000
      29354.359      22303.420    1995454.244          0.001
      29195.751      23358.471    1864449.299          0.001
      32081.419      22490.483    1398235.716          0.001
      33474.964      22356.196    1400381.113          0.001
      32170.373      22887.902    1398235.716          0.002
      33417.521      23522.990    2237111.717          0.001
      31499.973      22546.513    3040618.770          0.001
      30618.598      23058.379    1395195.743          0.000
      33495.318      22354.235    1502134.060          0.001
      33417.521      23522.990    2237111.717          0.001
      34550.096      22661.093    1400839.226          0.001
      35371.628      23695.335    3145699.987          0.000
      34390.137      22459.717    4306540.285          0.001
      34654.443      23556.007    8158001.012          0.000
      35042.165      22371.664    1400839.226          0.001
      36352.044      22194.773    3478443.801          0.000
      34309.011      22548.404    1400839.226          0.001
      33417.521      23522.990    2237111.717          0.001
      36352.044      22194.773    3478443.801          0.000
      36495.299      23204.407    1395983.066          0.001
      36136.999      22523.906    1402163.048          0.001
      35371.628      23695.335    3145699.987          0.000
      36691.963      22568.327    1402163.048          0.001
      37633.722      23603.276    1980617.152          0.001
      36352.044      22194.773    3478443.801          0.000
      37363.686      22323.312    1403941.365          0.001
      38257.939      22797.730    1403941.365          0.000
      37633.722      23603.276    1980617.152          0.001
      39623.284      22490.175    2660689.031          0.001
      39618.895      23509.585    1394763.476          0.001
      39308.443      23136.801    1404759.608          0.001
      38695.652      24395.362    1655730.081          0.001
      39623.284      22490.175    2660689.031          0.001
      40645.838      23418.628    2493477.170          0.001
      39623.284      22490.175    2660689.031          0.001
      38661.566      23251.406    1400127.346          0.001
      41638.859      22587.085    2370952.161          0.001
      42442.430      23701.380    2523095.992          0.001
      41838.832      22591.605    1404845.889          0.001
      43238.474      22623.244    1403855.065          0.001
      41638.859      22587.085    2370952.161          0.001
      40645.838      23418.628    2493477.170          0.001
      43467.002      22764.050    1403855.065          0.001
      43748.293      24135.500    1396227.426          0.001
      43417.017      22651.515    1403855.065          0.001
      42464.537      23677.566    1399656.381          0.001
      43439.052      22627.779    2893080.543          0.001
      44364.428      23401.596    1333107.080          0.001
      45614.324      23115.183    1403049.592          0.001
      46497.595      23624.136    2441421.051          0.001
      45642.860      22490.340    1403049.592          0.001
      46661.857      22517.165    1998454.819          0.001
      47356.128      22531.836    1400270.028          0.002
      48755.360      22561.405    1326038.762          0.002
      46661.857      22517.165    1998454.819          0.001
      47586.238      22948.073    1395768.568          0.001
      46661.857      22517.165    1998454.819          0.001
      46497.595      23624.136    2441421.051          0.001
      48755.360      22561.405    1326038.762          0.002
      48378.283      23317.291    5325766.916          0.000
      49603.134      22675.689    3259004.818          0.001
      48700.045      23148.746    1395768.568          0.000
      49586.481      22971.429    1396840.079          0.001
      49507.771      24369.214    1389770.721          0.002
      49603.134      22675.689    3259004.818          0.001
      50530.913      23390.275    1554766.021          0.001
      51888.059      22391.101   24823435.861          0.000
      51731.423      23781.922    1385924.448          0.001
      51351.578      22786.075    1395726.003          0.001
      50530.913      23390.275    1554766.021          0.001
      51888.059      22391.101   24823435.861          0.000
      52883.798      23336.449    3346053.196          0.000
      52524.921      22431.612    1395726.003          0.001
      53541.801      22496.295    1740349.012          0.001
      53541.801      22496.295    1740349.012          0.001
      54586.131      23314.881    1417448.012          0.001
      53541.801      22496.295    1740349.012          0.001
      52913.659      23298.322    1389155.232          0.000
      55414.763      22846.745    1386682.883          0.000
      54815.298      24111.910    1381272.669          0.001
      55521.468      22621.545    8527619.038          0.000
      56348.096      23216.888    1378346.072          0.000
      55951.104      22587.666    1386682.883          0.001
      57346.772      22477.613    1379330.868          0.002
      55521.468      22621.545    8527619.038          0.000
      54586.131      23314.881    1417448.012          0.001
      57777.097      22443.681    1456414.664          0.001
      58547.153      23111.188    1369537.820          0.000
      57777.097      22443.681    1456414.664          0.001
      57071.848      23179.146    1378346.072          0.000
      58889.730      22323.582    5918280.481          0.000
      60072.205      22409.694    1365348.199          0.000
      61526.102      22374.974    1365348.199          0.001
      62542.463      22303.176    2935781.514          0.001
      60334.622      22576.026    1365348.199          0.000
      59146.556      23316.632    1369537.820          0.000
      62542.463      22303.176    2935781.514          0.001
      62894.194      23657.742    1344481.164          0.001
      62185.748      22581.844    1352596.632          0.001
      61082.490      23443.715    1359415.231          0.001
      62542.463      22303.176    2935781.514          0.001
      63301.410      22982.187    1340380.532          0.000
      64992.023      22549.383    1702332.903          0.001
      64076.435      22995.688    1340380.532          0.000
      64973.811      22749.393    1329574.906          0.001
      64846.857      24143.625    1324335.812          0.001
      64992.023      22549.383    1702332.903          0.001
      65987.542      23304.536    2232182.342          0.001
      67606.939      22241.808    1581832.167          0.001
      67731.048      23253.021    1289875.809          0.000
      67606.939      22241.808    1581832.167          0.001
      68945.028      22652.769    1272281.502          0.001
      67382.530      22389.076    1296907.099          0.001
      66212.062      23157.194    1315454.559          0.002
      68981.267      22663.899    2268099.992          0.001
      69985.726      23456.116    1627223.409          0.001
      69395.648      22584.573    1272281.502          0.001
      70769.959      22321.487    1377564.778          0.001
      70769.959      22321.487    1377564.778          0.001
      69985.726      23456.116    1627223.409          0.001
      70769.959      22321.487    1377564.778          0.001
      71759.133      22398.945    1170697.536          0.003
      73087.182      22502.937    2758843.815          0.002
      73607.541      23357.038    1148587.481          0.003
      73087.182      22502.937    2758843.815          0.002
      73083.439      23591.344    1203241.387          0.003
      72312.978      22789.582    1170697.536          0.003
      71053.457      23255.913    7003445.514          0.000
      74816.103      22521.861   13359326.901          0.001
      75088.021      23345.622    1399080.059          0.002
      74816.103      22521.861   13359326.901          0.001
      76071.075      21908.070    1076482.715          0.002
      77202.334      22837.539    1045685.829          0.001
      77793.704      23598.836    1674189.737          0.001
      78758.345      22509.958   25577234.028          0.000
      79808.705      23321.574     985264.226          0.000
       1344.178      24203.354     999967.174          0.001
       2229.545      25267.597   21264304.639          0.000
        830.802      23586.258   12262536.720          0.000
         29.761      24457.429     984219.020          0.000
       1891.194      23846.674    1022455.894          0.001
       2215.496      25208.595    1026500.641          0.001
       4233.938      23599.819    5654712.820          0.002
       4148.185      24660.775    1081068.841          0.002
       4429.412      23825.914    1097444.159          0.002
       5112.969      24616.551    3677322.743          0.002
       7168.033      23839.268    1165665.547          0.004
       8115.594      24276.063    1655010.550          0.001
       6240.026      23411.487    2931848.144          0.003
       6129.276      24372.451    1676133.712          0.002
       6240.026      23411.487    2931848.144          0.003
       5732.016      23954.658    1123367.961          0.003
       7087.632      23535.772    1165665.547          0.004
       8139.962      23690.076    4614683.041          0.000
       9145.864      24452.834    1242118.784          0.001
       9234.692      25468.414    1899796.985          0.001
       8945.732      23684.944    1242118.784          0.000
       8115.594      24276.063    1655010.550          0.001
      11356.183      23431.936   10065667.561          0.001
      11909.532      24376.159    1539711.089          0.001
      11191.810      23573.153    1288125.528          0.001
      10130.247      24485.174    2088629.012          0.001
      12432.646      24147.827    1299989.728          0.001
      13212.393      25310.478    2535754.119          0.001
      12539.860      23598.032    1299989.728          0.001
      13922.170      23376.177    1330691.273          0.001
      12826.032      23937.947    1299989.728          0.002
      14135.382      24433.532    1327150.876          0.002
      14531.736      23329.851    1330691.273          0.001
      15920.913      23503.598    1347129.721          0.001
      16100.908      23526.110    1882974.552          0.001
      16326.704      24275.496    1988673.047          0.001
      15800.142      23681.381    1347129.721          0.001
      14556.135      24323.602    1327150.876          0.002
      17073.720      23681.049    1354455.103          0.001
      17166.722      25077.957    1348400.133          0.001
      17193.156      23499.615    1354455.103          0.001
      18276.379      24386.536    1360374.783          0.001
      17054.058      23385.725    4805003.122          0.000
      16326.704      24275.496    1988673.047          0.001
      17465.854      23426.770    1354455.103          0.001
      18858.951      23565.628    1367475.123          0.001
      19471.449      23582.654    1367475.123          0.001
      20861.621      23417.056    1376023.591          0.001
      19270.234      23606.622    1990296.810          0.001
      18415.134      24500.146    2011976.678          0.000
      21063.362      23393.025    2717212.716          0.001
      21473.481      24633.379    2088140.394          0.001
      21063.362      23393.025    2717212.716          0.001
      20207.075      23945.879    1362606.831          0.001
      21424.143      23383.462    1376023.591          0.002
      22823.651      23346.367    1383815.672          0.001
      23184.200      23336.810    3611679.311          0.000
      23122.528      24290.309    3058339.455          0.000
      23338.149      23492.290    1383815.672          0.001
      24323.188      24487.126    1381706.576          0.001
      22886.624      23562.346    1383815.672          0.001
      21770.874      24407.983    1372457.795          0.001
      23575.568      23384.064    1383815.672          0.001
      24965.473      23551.882    1388353.486          0.001
      25356.970      23599.152    2478222.941          0.001
      24499.143      24664.832    2513728.801          0.001
      27841.428      23638.171    1391900.393          0.000
      28421.185      24476.237    5539945.900          0.000
      28178.224      23302.882    1391900.393          0.001
      29195.751      23358.471    1864449.299          0.001
      27416.082      23413.978    1391900.393          0.000
      26343.158      24313.331    1386289.529          0.000
      29195.751      23358.471    1864449.299          0.001
      30212.305      23284.889    1395195.743          0.000
      29365.606      23516.173    1393826.712          0.002
      30391.580      24468.736    1392170.946          0.001
      30317.857      23636.815    1395195.743          0.000
      30561.497      24626.496    2052738.213          0.001
      30255.297      23283.823    1395195.743          0.000
      31274.460      23295.486    5026740.440          0.000
      32025.925      23375.261    1396584.555          0.001
      33417.521      23522.990    2237111.717          0.001
      31248.502      23343.947    1396584.555          0.001
      30587.448      24578.049    1392170.946          0.001
      33417.521      23522.990    2237111.717          0.001
      33432.091      24709.818    2681698.864          0.001
      33417.521      23522.990    2237111.717          0.001
      32484.723      23932.102    1394112.916          0.001
      34173.305      24010.167    1398360.645          0.001
      33432.091      24709.818    2681698.864          0.001
      34737.722      23642.284    1398360.645          0.000
      35445.478      24375.518    1602928.042          0.001
      35371.628      23695.335    3145699.987          0.000
      36306.156      24101.058    1395983.066          0.000
      37569.164      23900.185    1399364.954          0.001
      37271.789      25267.838    2989120.764          0.001
      37633.722      23603.276    1980617.152          0.001
      38695.652      24395.362    1655730.081          0.001
      37633.722      23603.276    1980617.152          0.001
      36779.438      24158.877    1395983.066          0.000
      38326.986      23516.236    3268441.326          0.001
      38695.652      24395.362    1655730.081          0.001
      40645.838      23418.628    2493477.170          0.001
      41154.158      24301.895    1395223.204          0.000
      40852.725      23451.189    1401495.828          0.001
      42235.703      23668.844    1399656.381          0.002
      40645.838      23418.628    2493477.170          0.001
      40002.442      24209.697    1394763.476          0.001
      42474.061      23896.144    1399656.381          0.002
      42698.490      25278.038    1392458.457          0.001
      42442.430      23701.380    2523095.992          0.001
      41625.395      24310.312    1395223.204          0.000
      44364.428      23401.596    1333107.080          0.001
      44705.610      24361.777    1393675.673          0.000
      44364.428      23401.596    1333107.080          0.001
      45756.461      23546.818    1396902.004          0.002
      44364.428      23401.596    1333107.080          0.001
      43776.284      24271.975    5588750.635          0.000
      46497.595      23624.136    2441421.051          0.001
      47375.870      24624.579    2371527.597          0.001
      46497.595      23624.136    2441421.051          0.001
      47504.230      23459.898    1395768.568          0.001
      46497.595      23624.136    2441421.051          0.001
      45620.930      24144.224    1393675.673          0.001
      48841.958      23878.692    1395768.568          0.001
      49491.132      24664.692    2607299.888          0.001
      47996.499      23815.191    1395768.568          0.001
      47375.870      24624.579    2371527.597          0.001
      50530.913      23390.275    1554766.021          0.001
      51199.625      24158.887    1385924.448          0.001
      50453.530      23485.121    1393064.420          0.001
      49568.488      24569.880    1389770.721          0.001
      53020.588      23513.802    1389155.232          0.000
      53642.758      24320.466    1324093.605          0.001
      53567.469      23327.787    1389155.232          0.001
      54586.131      23314.881    1417448.012          0.001
      52739.943      23488.297    1389155.232          0.000
      51777.106      24504.636    1385924.448          0.000
      54586.131      23314.881    1417448.012          0.001
      54708.615      24337.064    3673673.077          0.001
      54586.131      23314.881    1417448.012          0.001
      53642.758      24320.466    1324093.605          0.001
      57146.001      23498.714    1378346.072          0.000
      58545.440      23459.091    1369537.820          0.000
      57724.836      23915.545    1378346.072          0.001
      58664.877      24308.748    2469586.737          0.001
      55653.029      23955.234    1378346.072          0.001
      54708.615      24337.064    3673673.077          0.001
      59717.751      23568.140    1369537.820          0.001
      60725.165      23722.860    2786563.658          0.001
      61111.040      23713.275    1359415.231          0.001
      62510.608      23678.508    1344481.164          0.001
      60725.165      23722.860    2786563.658          0.001
      60795.350      24739.792    2023791.118          0.001
      60725.165      23722.860    2786563.658          0.001
      61707.569      23992.653    1343275.855          0.001
      60368.064      23824.410    1359415.231          0.001
      59021.454      24207.348    1367722.284          0.001
      62897.093      23668.907    1259855.874          0.001
      63584.516      23235.475    4969465.324          0.000
      63759.531      24277.703    1340380.532          0.001
      63928.200      25282.142    1595919.386          0.001
      63584.516      23235.475    4969465.324          0.000
      62715.162      24269.363    5447751.587          0.000
      64068.010      23665.966    1340380.532          0.001
      64828.680      24343.249    2217593.798          0.001
      65987.542      23304.536    2232182.342          0.001
      67000.115      23417.062    1289875.809          0.001
      65987.542      23304.536    2232182.342          0.001
      66935.391      24236.019    2438706.589          0.001
      65929.224      23356.807    1315454.559          0.001
      64886.708      24291.237    1324335.812          0.001
      68967.411      23476.978    1289875.809          0.001
      69985.726      23456.116    1627223.409          0.001
      69985.726      23456.116    1627223.409          0.001
      70048.898      24473.187    1241739.565          0.000
      69985.726      23456.116    1627223.409          0.001
      68797.930      24196.146    1280224.056          0.002
      71336.374      23641.058    1225295.997          0.000
      72086.141      24661.744    1595728.281          0.003
      70949.438      23410.803    1225295.997          0.000
      70168.921      24573.039    1241739.565          0.000
      71787.541      23377.212    1225295.997          0.001
      73083.439      23591.344    1203241.387          0.003
      73083.439      23591.344    1203241.387          0.003
      73731.171      23559.961    1117945.314          0.003
      73012.936      23667.015    1168930.000          0.003
      72086.141      24661.744    1595728.281          0.003
      73731.171      23559.961    1117945.314          0.003
      73885.056      24669.602    5419845.305          0.002
      73731.171      23559.961    1117945.314          0.003
      74679.424      23410.168    1104321.899          0.002
      75088.021      23345.622    1399080.059          0.002
      75783.135      23089.695    1071996.973          0.002
      75088.021      23345.622    1399080.059          0.002
      75673.426      23975.704    1071530.438          0.002
      74692.607      23780.813    1104321.899          0.002
      73885.056      24669.602    5419845.305          0.002
      77280.292      23417.121    1026628.192          0.002
      76063.523      22986.462    1089481.162          0.002
      77793.704      23598.836    1674189.737          0.001
      78018.125      24566.035     992220.243          0.001
      77793.704      23598.836    1674189.737          0.001
      78521.246      23556.150     985264.226          0.001
      77260.570      23860.215    1026628.192          0.002
      76096.409      24430.967    3194724.840          0.002
      78719.192      24178.108     985264.226          0.001
      78018.125      24566.035     992220.243          0.001
       1016.507      24844.416     984219.020          0.001
       2229.545      25267.597   21264304.639          0.000
       3305.309      24625.989    1056117.667          0.001
       4074.131      25576.996   17931426.955          0.001
       3117.882      24394.148    8410613.637          0.001
       2441.949      25058.754    1026500.641          0.001
       5455.272      24921.263    1123367.961          0.002
       6008.585      25413.813     651742.971          0.003
       6129.276      24372.451    1676133.712          0.002
       6008.585      25413.813     651742.971          0.003
       6141.857      24388.384    1158885.261          0.002
       6862.339      25300.836    2012890.141          0.003
       7057.663      24327.400    1158885.261          0.003
       8115.594      24276.063    1655010.550          0.001
       8115.594      24276.063    1655010.550          0.001
       9073.521      25296.693    1239570.201          0.001
       8115.594      24276.063    1655010.550          0.001
       8214.474      25584.642    1208002.224          0.004
       8115.594      24276.063    1655010.550          0.001
       7144.317      25070.266    1177532.482          0.003
      10130.247      24485.174    2088629.012          0.001
      10137.806      25884.821    1251460.250          0.001
      10130.247      24485.174    2088629.012          0.001
      11526.984      24399.597    1295317.870          0.002
      10130.247      24485.174    2088629.012          0.001
      10965.244      25068.220    1282155.751          0.000
      10130.247      24485.174    2088629.012          0.001
       9234.692      25468.414    1899796.985          0.001
      11909.532      24376.159    1539711.089          0.001
      11392.716      25254.327    1282155.751          0.000
      12075.091      24494.886    1295317.870          0.002
      13212.393      25310.478    2535754.119          0.001
      14255.286      24478.915    2590923.183          0.001
      15304.270      25328.036    2134079.689          0.001
      14594.605      24445.593    1327150.876          0.002
      15987.902      24308.767    1347422.021          0.001
      14255.286      24478.915    2590923.183          0.001
      13212.393      25310.478    2535754.119          0.001
      16303.222      24299.669    1347422.021          0.001
      15327.738      25303.876    1333635.734          0.001
      16326.704      24275.496    1988673.047          0.001
      17186.353      25372.828    2510402.569          0.001
      18415.134      24500.146    2011976.678          0.000
      18993.350      25583.770    4728322.402          0.000
      18371.461      24531.163    1360374.783          0.001
      17230.033      25341.807    1348400.133          0.001
      20454.384      24649.271    1362606.831          0.001
      21473.481      24633.379    2088140.394          0.001
      19159.988      24723.684    1362606.831          0.000
      20305.214      25528.952    1362710.919          0.000
      21473.481      24633.379    2088140.394          0.001
      22270.538      25267.914    1371072.851          0.000
      21473.481      24633.379    2088140.394          0.001
      20704.174      25301.749    1362710.919          0.000
      21473.481      24633.379    2088140.394          0.001
      22470.426      24425.973    1380310.355          0.001
      23516.319      24397.444    1380310.355          0.000
      24499.143      24664.832    2513728.801          0.001
      23354.976      24568.410    1380310.355          0.000
      24252.315      25641.983   17603178.045          0.000
      23122.528      24290.309    3058339.455          0.000
      22475.901      25431.403    2977147.519          0.000
      24499.143      24664.832    2513728.801          0.001
      24897.186      25670.662    1376377.095          0.001
      25092.476      24927.022    1381706.576          0.001
      26373.022      25492.886    1382043.997          0.001
      24499.143      24664.832    2513728.801          0.001
      25510.636      24538.619    1386289.529          0.001
      27401.970      24467.049    1386289.529          0.001
      28421.185      24476.237    5539945.900          0.000
      28925.454      24757.426    1389738.306          0.001
      30147.613      25438.923    2893204.542          0.001
      28793.092      24502.346    1389738.306          0.001
      30189.655      24600.391    1392170.946          0.001
      28044.948      24672.819    1389738.306          0.001
      26804.115      25321.150    1382043.997          0.001
      30561.497      24626.496    2052738.213          0.001
      30147.613      25438.923    2893204.542          0.001
      30945.071      24805.303    1394112.916          0.001
      30147.613      25438.923    2893204.542          0.001
      31916.826      24888.528    1394112.916          0.001
      32549.228      25687.221    1983919.282          0.001
      32429.346      24529.978    1394112.916          0.001
      33432.091      24709.818    2681698.864          0.001
      33748.521      24657.279    1394236.545          0.001
      35129.613      24427.964    1395444.533          0.001
      33842.468      24894.805    1394236.545          0.001
      35118.789      25470.134    1393312.297          0.001
      33432.091      24709.818    2681698.864          0.001
      32549.228      25687.221    1983919.282          0.001
      35445.478      24375.518    1602928.042          0.001
      35529.003      25655.047    3156726.370          0.001
      35445.478      24375.518    1602928.042          0.001
      36458.502      24267.185    1395983.066          0.000
      36737.530      24400.430    1395983.066          0.000
      37271.789      25267.838    2989120.764          0.001
      36161.449      24856.110    1395983.066          0.001
      35529.003      25655.047    3156726.370          0.001
      38695.652      24395.362    1655730.081          0.001
      38551.809      25406.428    1393715.433          0.000
      38580.570      24465.879    1396012.083          0.001
      37386.848      25197.335    1394277.100          0.001
      39735.287      24653.775    1394763.476          0.000
      40722.985      24379.443    3463838.112          0.000
      40722.985      24379.443    3463838.112          0.000
      40514.989      25677.946    4288303.896          0.001
      41872.811      24922.266    1395223.204          0.001
      42730.178      25473.151    2843200.001          0.001
      41097.541      24842.490    1395223.204          0.000
      40514.989      25677.946    4288303.896          0.001
      43783.272      24281.273    1396227.426          0.000
      44624.330      25400.479    1390736.157          0.001
      43713.028      24344.608    1396227.426          0.001
      42793.575      25400.356    1392458.457          0.001
      45041.146      24757.540    1393675.673          0.000
      46278.681      25412.144    1388494.880          0.000
      45719.239      24513.616    1393675.673          0.001
      46730.396      24384.800    3346582.815          0.001
      46730.396      24384.800    3346582.815          0.001
      47375.870      24624.579    2371527.597          0.001
      47456.785      24700.566    1391664.726          0.001
      48476.797      25658.450    1703971.102          0.001
      48091.757      24638.155    1391664.726          0.001
      49491.132      24664.692    2607299.888          0.001
      49491.132      24664.692    2607299.888          0.001
      50509.856      24660.972    1385924.448          0.001
      49484.002      24671.677    1389770.721          0.001
      48483.961      25651.431    1386842.766          0.001
      52911.500      25045.513    1385924.448          0.001
      53886.106      25341.749    2023437.679          0.001
      52638.101      24488.622    1385924.448          0.001
      53642.758      24320.466    1324093.605          0.001
      50433.093      25115.014    1385924.448          0.001
      49481.386      25478.424    4194264.181          0.001
      53642.758      24320.466    1324093.605          0.001
      53886.106      25341.749    2023437.679          0.001
      54708.615      24337.064    3673673.077          0.001
      56101.525      24475.290    1374741.850          0.001
      54708.615      24337.064    3673673.077          0.001
      53886.106      25341.749    2023437.679          0.001
      56925.962      24487.182    1374741.850          0.001
      58318.650      24344.275    1367722.284          0.001
      56579.558      24522.727    2066261.820          0.001
      56822.973      25654.343    1601241.260          0.001
      56579.558      24522.727    2066261.820          0.001
      57458.042      25038.043    1366909.689          0.000
      56579.558      24522.727    2066261.820          0.001
      55666.597      24976.476    1376983.237          0.001
      58706.359      24349.069    1367722.284          0.001
      59710.261      25324.865    1355300.906          0.001
      58742.593      24324.472    1367722.284          0.001
      60114.789      24602.099    1354725.643          0.002
      58664.877      24308.748    2469586.737          0.001
      58017.640      25094.947    1366909.689          0.000
      60795.350      24739.792    2023791.118          0.001
      59955.280      25563.025    1512234.774          0.001
      60795.350      24739.792    2023791.118          0.001
      61785.057      24497.275    1343275.855          0.001
      62651.233      24366.812    1343275.855          0.000
      61883.298      25537.399    1342880.260          0.000
      63146.205      24629.246    1343275.855          0.000
      63928.200      25282.142    1595919.386          0.001
      64828.680      24343.249    2217593.798          0.001
      66226.716      24272.090    1299459.186          0.001
      64828.680      24343.249    2217593.798          0.001
      63928.200      25282.142    1595919.386          0.001
      66929.047      24311.730    1299459.186          0.001
      66812.174      25706.386    1332042.134          0.001
      66935.391      24236.019    2438706.589          0.001
      66083.258      24795.614    1316416.817          0.001
      66935.391      24236.019    2438706.589          0.001
      67472.073      25102.974    1282083.038          0.000
      66935.391      24236.019    2438706.589          0.001
      68058.958      24656.546    2200936.412          0.001
      68058.958      24656.546    2200936.412          0.001
      69077.905      24692.935    1241739.565          0.001
      68658.685      24920.803    1280224.056          0.001
      69939.140      25485.007    2008903.388          0.001
      68058.958      24656.546    2200936.412          0.001
      67713.205      25492.500    6637211.394          0.000
      70820.407      24703.342    1241739.565          0.001
      72086.141      24661.744    1595728.281          0.003
      70605.289      24914.713    1241739.565          0.001
      71675.944      25284.178    2596837.033          0.003
      72086.141      24661.744    1595728.281          0.003
      71675.944      25284.178    2596837.033          0.003
      72086.141      24661.744    1595728.281          0.003
      72690.621      25078.606    1137044.720          0.003
      73885.056      24669.602    5419845.305          0.002
      74589.443      24593.589    1071530.438          0.003
      73885.056      24669.602    5419845.305          0.002
      73681.144      25761.691    8111204.433          0.002
      76096.409      24430.967    3194724.840          0.002
      75811.369      25391.649   16824804.873          0.001
      76096.409      24430.967    3194724.840          0.002
      77348.641      24518.981    1018631.094          0.002
      76096.150      24419.572    1071530.438          0.002
      76064.285      23019.934    1071996.973          0.002
      78018.125      24566.035     992220.243          0.001
      78745.188      24538.067     983869.524          0.001
      79308.914      24793.807     983869.524          0.001
      78027.947      25357.307   25618032.307          0.000
       1501.267      26248.528     980541.705          0.002
       2207.159      26595.687    1573656.577          0.002
       2223.051      25652.866    1026500.641          0.001
       2207.159      26595.687    1573656.577          0.002
       4091.541      25762.719    1081068.841          0.001
       4161.425      26508.205     975119.510          0.002
       4032.775      25599.561    1081068.841          0.001
       2803.816      26270.128    1018755.947          0.002
       6008.585      25413.813     651742.971          0.003
       5949.553      26242.350    1133885.958          0.002
       6008.585      25413.813     651742.971          0.003
       6862.339      25300.836    2012890.141          0.003
       7202.196      25563.271    1177532.482          0.003
       8275.485      26392.058    2957071.134          0.003
       9234.692      25468.414    1899796.985          0.001
      10141.163      26506.350    2849665.104          0.001
       9234.692      25468.414    1899796.985          0.001
       8297.564      26370.798    1208002.224          0.003
      12193.860      25323.301    1282155.751          0.001
      13212.393      25310.478    2535754.119          0.001
      11618.556      25809.731    1282155.751          0.000
      12125.127      26693.448    2653159.966          0.001
      10971.918      25697.873    1282155.751          0.000
      10141.163      26506.350    2849665.104          0.001
      13101.322      25451.758    1310529.854          0.001
      12236.053      26552.353    1286112.568          0.001
      13558.538      25313.383    1310529.854          0.001
      14958.489      25325.133    1333635.734          0.001
      15304.270      25328.036    2134079.689          0.001
      15441.012      26346.460    1266019.875          0.001
      15304.270      25328.036    2134079.689          0.001
      14405.525      25808.340    1302236.660          0.001
      16237.694      25711.717   12870957.738          0.000
      15441.012      26346.460    1266019.875          0.001
      17186.353      25372.828    2510402.569          0.001
      17201.633      26469.252    3213777.123          0.001
      17394.496      25397.126    1348400.133          0.001
      18785.053      25559.455    1356971.497          0.001
      18993.350      25583.770    4728322.402          0.000
      20012.317      25582.740    1362710.919          0.000
      18724.935      25716.423    1356971.497          0.001
      17469.843      26336.700    1342980.283          0.001
      20888.475      26446.307    1362710.919          0.001
      21404.379      27324.908    2826533.687          0.001
      19920.544      25963.725    1362710.919          0.001
      19135.659      26613.530    2198911.158          0.001
      20676.336      25786.216    1362710.919          0.000
      21514.689      26365.221     829383.664          0.002
      21089.979      25317.210    2939976.192          0.000
      21514.689      26365.221     829383.664          0.002
      21089.979      25317.210    2939976.192          0.000
      22105.329      25400.870    1371072.851          0.000
      22475.901      25431.403    2977147.519          0.000
      22195.843      26289.716    2751801.122          0.001
      22669.104      25454.306    1371072.851          0.000
      24059.370      25619.111    1375392.382          0.000
      22245.255      25655.475    1371072.851          0.000
      21514.689      26365.221     829383.664          0.002
      24252.315      25641.983   17603178.045          0.000
      24470.810      26601.238    2498049.867          0.001
      23167.402      25983.701    1375392.382          0.001
      22195.843      26289.716    2751801.122          0.001
      26428.506      25517.404    1968055.365          0.001
      27409.503      26308.002    2200388.955          0.001
      26428.506      25517.404    1968055.365          0.001
      27446.732      25555.253    1385376.128          0.001
      26428.506      25517.404    1968055.365          0.001
      25496.405      26065.848    1376377.095          0.001
      29131.701      25512.052    1385376.128          0.001
      30147.613      25438.923    2893204.542          0.001
      28769.834      26087.266    1385376.128          0.001
      29552.930      26738.561    2116825.166          0.000
      30141.522      25452.235    1389067.355          0.001
      29559.003      26725.290    1385690.395          0.000
      30517.392      25615.585    1389067.355          0.001
      31780.630      26219.098    1389417.945          0.002
      30651.755      25491.045    1389067.355          0.001
      32044.332      25635.020    1390990.823          0.001
      32549.228      25687.221    1983919.282          0.001
      33421.965      26474.991    4257860.868          0.001
      32549.228      25687.221    1983919.282          0.001
      32213.697      26425.996    2823341.222          0.001
      34469.822      25692.984    1391616.807          0.001
      35529.003      25655.047    3156726.370          0.001
      35514.445      25902.635    1393312.297          0.001
      35432.298      27299.740    2283871.409          0.001
      35717.309      25613.210    1393312.297          0.001
      37083.984      25309.564    1394277.100          0.001
      35529.003      25655.047    3156726.370          0.001
      36275.227      26553.973    2058871.087          0.001
      37202.128      25357.740    1394277.100          0.001
      36344.632      26464.401    1391812.107          0.001
      37390.155      25413.084    1394277.100          0.001
      38274.575      26498.350    1391947.373          0.001
      39656.475      25982.971    1393715.433          0.001
      40593.319      26389.504    2750402.421          0.001
      39497.951      25585.319    1393715.433          0.001
      40514.989      25677.946    4288303.896          0.001
      40514.989      25677.946    4288303.896          0.001
      41736.776      25524.618    4670608.090          0.000
      41742.557      25534.134    1392872.384          0.001
      42469.451      26730.640    1388916.130          0.001
      41709.484      25545.262    1392872.384          0.001
      40593.319      26389.504    2750402.421          0.001
      42730.178      25473.151    2843200.001          0.001
      43583.632      26029.276    1386668.654          0.001
      42981.335      25464.767    1392458.457          0.001
      44380.555      25418.058    1390736.157          0.001
      42730.178      25473.151    2843200.001          0.001
      42475.460      26740.530    1892461.211          0.001
      44631.251      25409.689    1614182.398          0.001
      44564.538      26426.059    1386668.654          0.000
      44631.251      25409.689    1614182.398          0.001
      45647.701      25479.698    1388494.880          0.001
      47460.093      25596.792    1388494.880          0.001
      48476.797      25658.450    1703971.102          0.001
      46519.975      25539.777   13373821.142          0.000
      45302.960      26230.657    1386668.654          0.001
      48476.797      25658.450    1703971.102          0.001
      49481.386      25478.424    4194264.181          0.001
      48476.797      25658.450    1703971.102          0.001
      47241.921      26317.093    1384999.228          0.002
      49481.386      25478.424    4194264.181          0.001
      48813.202      26247.892    1384084.320          0.000
      49481.386      25478.424    4194264.181          0.001
      50875.714      25601.646    1382767.232          0.001
      52589.621      26125.447    1382767.232          0.001
      53857.840      26717.181    2641610.380          0.001
      52500.423      25538.799    1382767.232          0.001
      53886.106      25341.749    2023437.679          0.001
      51605.156      25666.109    3468341.318          0.001
      51505.099      26290.695    1265902.301          0.001
      51605.156      25666.109    3468341.318          0.001
      50556.769      26052.651    1382822.281          0.001
      53886.106      25341.749    2023437.679          0.001
      53857.840      26717.181    2641610.380          0.001
      55815.423      25494.665    1376983.237          0.001
      56822.973      25654.343    1601241.260          0.001
      56822.973      25654.343    1601241.260          0.001
      57481.766      26685.604    2104097.358          0.001
      56734.830      25697.115    1369925.446          0.001
      55476.218      26307.872    1975329.745          0.001
      58107.131      26029.013    1366909.689          0.001
      58533.251      27361.806   16633342.377          0.000
      57750.587      25703.304    1366909.689          0.000
      57481.766      26685.604    2104097.358          0.001
      58717.130      25692.899    1366909.689          0.001
      59974.671      26306.727    6879385.192          0.000
      58945.970      25425.235    1366909.689          0.001
      59955.280      25563.025    1512234.774          0.001
      59955.280      25563.025    1512234.774          0.001
      60973.605      25602.028    1342880.260          0.001
      62923.312      25450.035    1342880.260          0.001
      63928.200      25282.142    1595919.386          0.001
      61554.792      25730.942    1342880.260          0.000
      60239.401      26210.261    1351749.091          0.000
      61811.756      25742.015    1342880.260          0.000
      61737.284      26758.013    1908644.180          0.001
      61819.642      25634.433    6904653.937          0.000
      62582.749      26379.797    3633918.514          0.001
      63928.200      25282.142    1595919.386          0.001
      62900.035      26120.946    1334625.831          0.001
      63928.200      25282.142    1595919.386          0.001
      63702.885      26276.110    1325803.922          0.000
      65015.034      26635.619    1316416.817          0.001
      64999.152      27654.322    2014268.963          0.001
      65801.031      25580.762    1316416.817          0.001
      66812.174      25706.386    1332042.134          0.001
      64849.444      25642.890    1316416.817          0.000
      63787.186      26554.816    1325803.922          0.000
      65255.075      25712.462    1316416.817          0.000
      65967.405      26440.879    1995395.482          0.001
      66812.174      25706.386    1332042.134          0.001
      65967.405      26440.879    1995395.482          0.001
      66812.174      25706.386    1332042.134          0.001
      67753.876      26400.181    2102590.843          0.001
      68920.020      25488.438    1282083.038          0.001
      69939.140      25485.007    2008903.388          0.001
      69939.140      25485.007    2008903.388          0.001
      69434.582      26370.079    1254792.472          0.001
      69939.140      25485.007    2008903.388          0.001
      69994.471      26745.525    1371646.742          0.001
      69939.140      25485.007    2008903.388          0.001
      71226.109      25336.193    1199416.156          0.003
      69492.252      25672.161    1241406.157          0.001
      68200.922      26212.961    1277835.112          0.001
      71687.668      25341.220    1199416.156          0.003
      71969.524      26712.554    1185246.127          0.003
      70977.046      25891.582    1199416.156          0.004
      69994.471      26745.525    1371646.742          0.001
      73681.144      25761.691    8111204.433          0.002
      74476.543      26044.370    1069883.141          0.003
      73681.144      25761.691    8111204.433          0.002
      73875.985      26518.384    2000740.190          0.003
      75842.157      25432.563    1072939.213          0.001
      76683.948      26551.218    1038497.516          0.002
      75811.369      25391.649   16824804.873          0.001
      75720.937      26486.618    4268552.460          0.001
      78072.832      25384.013    1013220.177          0.000
      79275.986      26099.848     973769.884          0.001
      77942.683      25844.446    1013220.177          0.001
      77813.793      26580.838     479859.696          0.002
      77260.811      26157.317    1013220.177          0.001
      76771.513      26667.583     940364.927          0.002
        742.609      26996.233     975929.861          0.001
       1928.735      27739.943    1002496.538          0.001
       2207.159      26595.687    1573656.577          0.002
       2074.104      27327.411    1002496.538          0.001
       3348.608      26544.590    1018755.947          0.003
       4161.425      26508.205     975119.510          0.002
       2207.159      26595.687    1573656.577          0.002
       2745.373      27249.447    1028262.072          0.001
       4161.425      26508.205     975119.510          0.002
       4785.299      27423.028    1093619.882          0.002
       4837.116      26543.853    1076855.970          0.003
       5923.986      26601.192    8996941.359          0.002
       6359.942      27020.201    1133885.958          0.002
       7003.820      27639.047    1795893.287          0.003
       5923.986      26601.192    8996941.359          0.002
       5450.428      27146.509    1093619.882          0.002
       8275.485      26392.058    2957071.134          0.003
       8039.686      27702.031    1188589.711          0.004
       8364.099      26542.076    1208002.224          0.003
       9027.183      27664.637    2533773.784          0.001
       8275.485      26392.058    2957071.134          0.003
       7523.800      27129.157    1162071.770          0.004
       8275.485      26392.058    2957071.134          0.003
       9179.924      26386.109    9176628.333          0.000
      10141.163      26506.350    2849665.104          0.001
      10910.725      27458.925    1725632.564          0.001
      10436.634      26534.214    1251460.250          0.001
      11830.450      26665.658    1286112.568          0.001
      10069.403      26580.964    1251460.250          0.001
       9098.941      27590.024    1220307.736          0.001
      12125.127      26693.448    2653159.966          0.001
      11429.322      27907.785    1261229.494          0.001
      12125.127      26693.448    2653159.966          0.001
      13264.055      27457.426    2082689.434          0.001
      12125.127      26693.448    2653159.966          0.001
      10940.935      27439.883    1262263.603          0.002
      13194.392      26455.588   12128817.674          0.000
      14491.366      26981.579    1322876.648          0.001
      14422.652      26395.926    1302236.660          0.001
      15441.012      26346.460    1266019.875          0.001
      15805.549      26371.884    1327802.418          0.001
      17201.633      26469.252    3213777.123          0.001
      17201.633      26469.252    3213777.123          0.001
      17142.059      27717.923    2279967.868          0.001
      17470.589      26489.316    1342980.283          0.001
      18866.710      26593.466    1355195.828          0.001
      17513.536      26672.625    1342980.283          0.001
      18686.264      27437.287    1351709.672          0.001
      17201.633      26469.252    3213777.123          0.001
      16272.611      26886.866    1322876.648          0.001
      19602.146      26759.801    1355195.828          0.002
      20938.015      27178.675    1364764.592          0.001
      19135.659      26613.530    2198911.158          0.001
      18997.548      27640.255    3001818.185          0.001
      21514.689      26365.221     829383.664          0.002
      21404.379      27324.908    2826533.687          0.001
      22289.848      26421.875    1367704.517          0.001
      23101.332      27562.706    1370305.104          0.001
      22195.843      26289.716    2751801.122          0.001
      21404.379      27324.908    2826533.687          0.001
      22195.843      26289.716    2751801.122          0.001
      23582.655      26479.619    1375094.539          0.002
      24470.810      26601.238    2498049.867          0.001
      25176.725      27722.285    3328854.980          0.001
      24257.873      26783.817    1375094.539          0.001
      23195.339      27694.866    2709175.033          0.001
      26398.084      26949.573    1376377.095          0.002
      27352.281      27458.412    2771157.100          0.002
      26327.956      26293.339    1376377.095          0.001
      27409.503      26308.002    2200388.955          0.001
      28181.012      26462.979    1382273.611          0.001
      29552.930      26738.561    2116825.166          0.000
      27409.503      26308.002    2200388.955          0.001
      27352.281      27458.412    2771157.100          0.002
      29552.930      26738.561    2116825.166          0.000
      29441.814      27771.253    1404047.143          0.001
      29140.550      26873.454    1385690.395          0.001
      27809.929      27308.711    1380767.623          0.002
      30246.339      27228.888    1386493.834          0.000
      30452.212      28321.868    9290838.048          0.000
      30483.923      27043.976    1386493.834          0.000
      31198.844      27770.478    2127297.356          0.001
      31112.214      26572.895    1386493.834          0.001
      32213.697      26425.996    2823341.222          0.001
      30002.856      26920.283    1386493.834          0.000
      29441.814      27771.253    1404047.143          0.001
      32127.944      26539.603    1389417.945          0.002
      31284.495      27657.007    1385578.760          0.001
      32390.712      26588.880    1389417.945          0.002
      33420.927      27536.856    1388189.542          0.001
      33421.965      26474.991    4257860.868          0.001
      34377.854      26726.866   18302731.165          0.000
      33421.965      26474.991    4257860.868          0.001
      33598.403      27700.164    3154126.339          0.000
      34537.233      26813.455    1390276.620          0.000
      35432.298      27299.740    2283871.409          0.001
      34235.605      26904.492    1390276.620          0.000
      33598.403      27700.164    3154126.339          0.000
      36634.484      26569.169    1391812.107          0.001
      38033.234      26628.334    1391947.373          0.001
      36275.227      26553.973    2058871.087          0.001
      35432.298      27299.740    2283871.409          0.001
      38744.918      26847.745    1391947.373          0.001
      39955.920      27550.223    1386957.023          0.001
      38797.722      26596.809    1391947.373          0.001
      40188.484      26436.243    1391789.227          0.001
      38392.900      26643.547    3604026.237          0.001
      38377.420      27805.785    2498607.888          0.001
      38392.900      26643.547    3604026.237          0.001
      37434.979      26991.966    1389890.720          0.001
      40593.319      26389.504    2750402.421          0.001
      40308.188      27754.566    2952948.709          0.001
      40593.319      26389.504    2750402.421          0.001
      41437.251      26959.268    1384916.784          0.001
      40593.319      26389.504    2750402.421          0.001
      41968.840      26646.044    1388916.130          0.001
      42475.460      26740.530    1892461.211          0.001
      43493.566      26700.263    1386668.654          0.001
      44155.565      26857.104    1386668.654          0.000
      42905.582      27487.615    1384916.784          0.000
      45482.629      27078.993    1386668.654          0.001
      46411.033      27497.250    1498324.782          0.001
      45505.718      26678.533    1386668.654          0.001
      46524.284      26699.858    1933306.260          0.001
      46524.284      26699.858    1933306.260          0.001
      47530.686      26536.263    1384084.320          0.001
      46547.291      26718.262    1384999.228          0.001
      47640.166      27592.439   18651057.987          0.000
      46524.284      26699.858    1933306.260          0.001
      46411.033      27497.250    1498324.782          0.001
      49013.317      26766.442    1384084.320          0.000
      49574.736      27616.929    1967432.867          0.001
      49807.489      26328.913    9736775.344          0.000
      50910.531      27039.181    1377960.154          0.001
      50388.010      26315.844    1382822.281          0.001
      51505.099      26290.695    1265902.301          0.001
      52480.493      26467.507    1381036.112          0.002
      53857.840      26717.181    2641610.380          0.001
      53857.840      26717.181    2641610.380          0.001
      53749.245      27507.544    1422133.196          0.001
      53857.840      26717.181    2641610.380          0.001
      54765.286      27380.597    3039743.822          0.000
      53988.390      26684.163    1375821.217          0.001
      55345.654      26340.893    1373000.673          0.001
      53857.840      26717.181    2641610.380          0.001
      52905.703      27079.052    1377960.154          0.001
      55476.218      26307.872    1975329.745          0.001
      54765.286      27380.597    3039743.822          0.000
      55476.218      26307.872    1975329.745          0.001
      55483.311      27327.065    1368146.364          0.000
      55504.935      26313.281    1373000.673          0.001
      56880.745      26572.405    1363309.113          0.001
      57481.766      26685.604    2104097.358          0.001
      57914.636      27629.182    1590540.304          0.001
      57481.766      26685.604    2104097.358          0.001
      56586.199      27172.934    1368146.364          0.001
      60278.996      26885.123    1351749.091          0.001
      60753.402      27786.771    2132812.514          0.001
      60750.373      26505.332    1351749.091          0.001
      61737.284      26758.013    1908644.180          0.001
      59898.271      26981.403    1351749.091          0.001
      59741.510      28365.745    8659189.167          0.001
      59818.248      26421.224    1351749.091          0.000
      58688.548      27248.133    1356585.261          0.000
      61739.737      26794.184    1340161.879          0.001
      61834.479      28190.975    1336085.798          0.001
      61729.225      26766.439    1340161.879          0.001
      60761.589      27778.211    1345287.341          0.001
      61737.284      26758.013    1908644.180          0.001
      62880.485      27418.452    2544064.024          0.001
      62582.749      26379.797    3633918.514          0.001
      62880.485      27418.452    2544064.024          0.001
      64154.800      27084.004    1325803.922          0.001
      64999.152      27654.322    2014268.963          0.001
      66285.055      26648.173    1302426.636          0.002
      67457.491      27413.285    1273938.835          0.001
      66160.711      26436.476    1302426.636          0.001
      67560.348      26404.590    1277835.112          0.001
      65919.901      26500.412    1302426.636          0.001
      65046.704      27594.728    1311176.910          0.001
      67753.876      26400.181    2102590.843          0.001
      68542.127      27045.569    1254792.472          0.000
      67753.876      26400.181    2102590.843          0.001
      67775.183      27620.605    2503420.234          0.001
      69994.471      26745.525    1371646.742          0.001
      71294.496      26728.620    1185246.127          0.004
      69994.471      26745.525    1371646.742          0.001
      70884.621      27241.696    1207028.730          0.000
      69994.471      26745.525    1371646.742          0.001
      69093.257      27220.609    1254792.472          0.000
      71971.018      26719.822    1867957.826          0.003
      72679.793      27587.764    1157090.050          0.003
      71971.018      26719.822    1867957.826          0.003
      72684.704      26644.354    1127568.046          0.004
      71971.018      26719.822    1867957.826          0.003
      71081.589      27351.487    9809353.791          0.000
      73451.678      27035.172    1127568.046          0.003
      72838.453      27782.053    2918913.036          0.003
      73875.985      26518.384    2000740.190          0.003
      74464.329      26920.057    1085588.066          0.002
      75720.937      26486.618    4268552.460          0.001
      75084.898      27343.731    6374663.267          0.001
      75720.937      26486.618    4268552.460          0.001
      76771.513      26667.583     940364.927          0.002
      76771.513      26667.583     940364.927          0.002
      77813.793      26580.838     479859.696          0.002
      77813.793      26580.838     479859.696          0.002
      78523.475      26564.533     973769.884          0.001
      77813.793      26580.838     479859.696          0.002
      77211.089      27353.437    1027410.812          0.001
      79777.321      26759.577     973769.884          0.000
      78801.245      27763.208     984612.825          0.000
       1990.764      27879.287    1002496.538          0.001
       1980.499      28788.584    1522565.721          0.002
       1991.196      27779.817    1002496.538          0.000
        690.236      28297.022     969574.752          0.001
       2926.227      27725.682    1028262.072          0.001
       3192.896      28650.901    3516910.039          0.001
       4953.076      27859.224    1093619.882          0.002
       4852.508      28709.597    1373814.087          0.003
       4972.243      27697.154   10329423.588          0.001
       3911.497      28265.724    1037731.587          0.002
       7055.794      27678.304    1162071.770          0.003
       7925.686      28335.350    1804624.163          0.003
       7003.820      27639.047    1795893.287          0.003
       6966.013      28601.133    4129348.864          0.002
       9027.183      27664.637    2533773.784          0.001
       8558.183      28953.855    1199891.328          0.004
       9272.945      27637.796    1220307.736          0.001
      10664.670      27485.798    1262263.603          0.002
       9092.089      27707.222    1220307.736          0.001
      10262.638      28475.216    1247354.084          0.001
       9027.183      27664.637    2533773.784          0.001
       7989.637      28296.409    1188589.711          0.003
      10910.725      27458.925    1725632.564          0.001
      10327.812      28517.977    1879639.240          0.001
      13264.055      27457.426    2082689.434          0.001
      14280.288      27387.629    1322876.648          0.001
      13264.055      27457.426    2082689.434          0.001
      13257.419      28479.675    1501290.707          0.001
      13264.055      27457.426    2082689.434          0.001
      14427.720      28235.257    1317656.136          0.002
      13264.055      27457.426    2082689.434          0.001
      12016.633      28091.978    1261229.494          0.002
      15271.371      27708.083    1322876.648          0.000
      15153.398      28720.324    5974969.895          0.001
      16146.774      27498.966    1322876.648          0.001
      17142.059      27717.923    2279967.868          0.001
      17159.512      27963.912    1338051.178          0.002
      17258.556      29359.905    2826747.378          0.001
      17599.520      27698.774    1338051.178          0.002
      18997.548      27640.255    3001818.185          0.001
      17142.059      27717.923    2279967.868          0.001
      17875.449      28426.549    1341938.540          0.000
      18997.548      27640.255    3001818.185          0.001
      19085.680      29036.944    1346493.705          0.001
      18997.548      27640.255    3001818.185          0.001
      19836.892      28217.285    1354453.534          0.000
      19506.563      27573.563    1351709.672          0.001
      20894.698      27391.687    1364764.592          0.001
      21406.817      27327.563    1364764.592          0.001
      22353.767      28358.721    1364438.456          0.001
      21404.379      27324.908    2826533.687          0.001
      20702.540      28063.294    1354453.534          0.001
      23195.339      27694.866    2709175.033          0.001
      23106.827      28760.087    1363395.185          0.001
      23306.414      27777.006    1370305.104          0.001
      24432.066      28609.417    1370060.658          0.001
      23195.339      27694.866    2709175.033          0.001
      24594.870      27714.233    1375538.085          0.002
      23195.339      27694.866    2709175.033          0.001
      22356.196      28361.366    1572950.223          0.001
      25793.323      27921.332    1375538.085          0.002
      27125.459      28351.366    4514426.857          0.001
      25176.725      27722.285    3328854.980          0.001
      25418.169      28541.591    4941132.669          0.000
      25962.676      27626.957    1375538.085          0.002
      27352.281      27458.412    2771157.100          0.002
      25176.725      27722.285    3328854.980          0.001
      24542.928      28691.399    1674851.758          0.001
      27352.281      27458.412    2771157.100          0.002
      28238.128      27962.466    1381233.753          0.001
      27704.762      27511.185    1380767.623          0.002
      29089.330      27718.480    1383288.631          0.001
      29441.814      27771.253    1404047.143          0.001
      30452.212      28321.868    9290838.048          0.000
      31198.844      27770.478    2127297.356          0.001
      31277.937      28776.675    4748161.692          0.001
      31361.032      27765.726    1385578.760          0.001
      32760.431      27724.719    1388189.542          0.001
      31198.844      27770.478    2127297.356          0.001
      32160.723      28106.199    1387210.089          0.001
      34065.443      27598.188    1388189.542          0.001
      35432.298      27299.740    2283871.409          0.001
      33598.403      27700.164    3154126.339          0.000
      34358.198      28610.523    2856303.847          0.001
      35432.298      27299.740    2283871.409          0.001
      34545.376      28382.100    1388329.083          0.001
      35467.240      27341.881    1389856.230          0.001
      36360.843      28419.599    1389029.275          0.001
      37376.492      27612.703    1389890.720          0.001
      38377.420      27805.785    2498607.888          0.001
      38643.130      27798.736    1388138.734          0.001
      40042.638      27761.610    1386957.023          0.001
      38377.420      27805.785    2498607.888          0.001
      38564.792      28665.307    2690265.214          0.001
      37724.775      28021.815    1388138.734          0.001
      36395.773      28461.725    2799396.868          0.001
      40308.188      27754.566    2952948.709          0.001
      40494.031      28755.887    1384377.606          0.001
      40308.188      27754.566    2952948.709          0.001
      41514.414      28464.136    1385040.017          0.001
      40308.188      27754.566    2952948.709          0.001
      41326.011      27722.728    1384916.784          0.001
      43528.845      28156.960    1384916.784          0.001
      44798.487      28746.138    8947834.341          0.000
      43694.838      27664.017    1384916.784          0.001
      44713.941      27645.408    1136513.103          0.001
      42346.249      27831.425    1384916.784          0.000
      41578.952      28502.101    1433255.515          0.001
      45016.994      27618.951    1383701.788          0.001
      46411.033      27497.250    1498324.782          0.001
      44713.941      27645.408    1136513.103          0.001
      44792.022      28661.968    1383037.319          0.000
      46411.033      27497.250    1498324.782          0.001
      45605.603      28121.041    1383037.319          0.001
      46411.033      27497.250    1498324.782          0.001
      46642.374      28435.117    1408526.201          0.001
      48003.853      27782.431    1382997.552          0.001
      49244.732      28430.675    1381366.501          0.002
      47640.166      27592.439   18651057.987          0.000
      46642.374      28435.117    1408526.201          0.001
      47907.636      27595.825    1382997.552          0.001
      49307.523      27613.546    1381130.138          0.002
      49574.736      27616.929    1967432.867          0.001
      50850.390      28193.179    1378265.668          0.001
      49574.736      27616.929    1967432.867          0.001
      50592.760      27580.431    1377960.154          0.001
      49574.736      27616.929    1967432.867          0.001
      49608.897      28620.917    3351443.873          0.001
      52730.916      27524.135    1377960.154          0.001
      53749.245      27507.544    1422133.196          0.001
      53749.245      27507.544    1422133.196          0.001
      52487.490      28113.145    1378265.668          0.001
      53749.245      27507.544    1422133.196          0.001
      53847.285      28688.160    2630737.385          0.001
      54651.417      27542.787    1371445.401          0.001
      53847.285      28688.160    2630737.385          0.001
      56896.799      27688.794    1368146.364          0.001
      57914.636      27629.182    1590540.304          0.001
      54736.179      28191.000    1368146.364          0.001
      53847.285      28688.160    2630737.385          0.001
      57914.636      27629.182    1590540.304          0.001
      57688.419      28622.809    1359085.794          0.000
      57081.103      28017.777    1358920.505          0.001
      55812.738      28609.093    5800665.423          0.000
      58479.378      27445.720    1356585.261          0.000
      57723.028      28623.827    1359085.794          0.000
      60620.848      28095.551    1345287.341          0.002
      60068.585      29382.021    1347045.883          0.002
      60794.171      27823.484    1345287.341          0.001
      61834.518      28760.329    1336085.798          0.001
      63225.469      27649.326    1331278.274          0.001
      64388.960      28427.971    1312053.965          0.001
      62880.485      27418.452    2544064.024          0.001
      62907.882      28436.951    1328400.358          0.000
      63244.293      27458.954    1331278.274          0.001
      64635.697      27613.859    1311176.910          0.001
      62790.506      27541.919    1331278.274          0.001
      61965.961      28673.346    1336085.798          0.001
      64999.152      27654.322    2014268.963          0.001
      65838.038      27469.033    3713072.493          0.000
      64999.152      27654.322    2014268.963          0.001
      64733.623      28658.631    1925228.291          0.001
      65838.038      27469.033    3713072.493          0.000
      66649.249      28351.152    4250022.288          0.000
      66108.792      27490.218    1301596.311          0.001
      67504.526      27599.428    1273938.835          0.001
      67775.183      27620.605    2503420.234          0.001
      67362.362      28551.696    1284215.387          0.001
      67879.817      27712.810    1273938.835          0.001
      68929.778      28638.045    1968320.982          0.001
      67775.183      27620.605    2503420.234          0.001
      68760.535      27362.226    1254792.472          0.000
      68897.337      27620.351    1254792.472          0.000
      68929.778      28638.045    1968320.982          0.001
      68888.043      27328.790    3644446.691          0.000
      69853.208      27376.670    2919702.117          0.001
      69931.274      27501.662    1235428.345          0.001
      70672.901      28689.091    1215940.751          0.001
      69756.299      27509.044    1235428.345          0.001
      68929.778      28638.045    1968320.982          0.001
      71082.139      27351.621    1207028.730          0.000
      72441.899      27684.867    1157090.050          0.003
      72838.453      27782.053    2918913.036          0.003
      73503.318      28380.982    1124801.246          0.002
      72838.453      27782.053    2918913.036          0.003
      73012.465      28803.459    1488961.568          0.002
      71698.945      28345.437    1157090.050          0.004
      70750.987      28814.115    3966774.324          0.001
      74488.735      28143.952    1085588.066          0.002
      73987.324      28816.989    6227734.276          0.002
      75084.898      27343.731    6374663.267          0.001
      75136.704      28359.772   10368446.107          0.001
      77010.868      27998.510    1027410.812          0.001
      77189.962      28761.270    1808551.677          0.002
      79658.365      27839.588     968890.967          0.000
      79003.028      28393.133    1163223.816          0.001
       2285.751      29071.052    1005815.767          0.002
       3008.860      29740.190   10636936.018          0.001
       1980.499      28788.584    1522565.721          0.002
       1290.527      29721.351     981096.833          0.001
       1980.499      28788.584    1522565.721          0.002
       1051.815      29165.241     972199.051          0.001
       2150.641      28769.262    1005815.767          0.002
       3192.896      28650.901    3516910.039          0.001
       3192.896      28650.901    3516910.039          0.001
       3008.860      29740.190   10636936.018          0.001
       6110.637      28645.030    1090813.160          0.004
       6966.013      28601.133    4129348.864          0.002
       4852.508      28709.597    1373814.087          0.003
       5244.773      29354.506    7283329.328          0.002
       4852.508      28709.597    1373814.087          0.003
       4100.286      29130.086    1037373.157          0.002
       6966.013      28601.133    4129348.864          0.002
       6013.321      29018.119    1106588.174          0.003
       7628.297      29052.741    1159682.519          0.003
       8344.536      29541.142    3139591.494          0.003
       6962.137      28720.758    1159682.519          0.003
       6928.988      29743.957    4334657.233          0.003
       7936.234      28365.715    1188589.711          0.003
       8344.536      29541.142    3139591.494          0.003
      10327.812      28517.977    1879639.240          0.001
      10905.264      29558.827   10692040.679          0.000
      10327.812      28517.977    1879639.240          0.001
      10185.211      29605.695    1294461.942          0.001
      10327.812      28517.977    1879639.240          0.001
       9107.713      29147.422    1199891.328          0.004
      11430.399      28738.610    1261229.494          0.001
      12738.686      29236.991    1292895.347          0.001
      11449.300      28569.109    1261229.494          0.001
      12847.591      28499.946    1296470.138          0.002
      13302.454      28485.391    1296470.138          0.001
      14691.312      28661.673    1317656.136          0.001
      14806.183      28834.541    1317656.136          0.001
      13476.287      29272.009    1292895.347          0.001
      16055.440      28674.111    1326366.927          0.000
      15234.655      29808.268    1317227.074          0.002
      16073.577      28649.049   10896678.311          0.000
      17258.556      29359.905    2826747.378          0.001
      18313.360      28815.507    1341938.540          0.000
      19111.728      29449.738    8369000.237          0.001
      21340.279      28436.907    1354453.534          0.001
      22356.196      28361.366    1572950.223          0.001
      20364.602      28624.142    1354453.534          0.000
      21029.051      29396.837    1576711.908          0.001
      19905.752      28810.929    1354453.534          0.000
      19111.728      29449.738    8369000.237          0.001
      22356.196      28361.366    1572950.223          0.001
      21252.736      29222.313    1355593.131          0.001
      22356.196      28361.366    1572950.223          0.001
      22921.881      29208.699    1363395.185          0.000
      24542.928      28691.399    1674851.758          0.001
      25429.424      29695.923    2891651.527          0.001
      24542.928      28691.399    1674851.758          0.001
      23624.246      29131.714    1363395.185          0.001
      25419.486      28676.674    1373050.891          0.000
      25429.424      29695.923    2891651.527          0.001
      26188.090      29026.607    1373050.891          0.001
      27097.628      29599.575    7794010.244          0.000
      26112.429      28464.237    1373050.891          0.001
      27125.459      28351.366    4514426.857          0.001
      27125.459      28351.366    4514426.857          0.001
      28142.695      28414.825    1381233.753          0.001
      28039.958      29082.428    1381233.753          0.001
      27097.628      29599.575    7794010.244          0.000
      30475.217      28349.143    1383745.275          0.000
      31377.833      29419.323    1384453.618          0.001
      30391.623      28383.692    1383745.275          0.001
      29411.714      29383.581    1380504.627          0.001
      31277.937      28776.675    4748161.692          0.001
      32289.692      28657.214    1387210.089          0.001
      32324.542      29016.902    1387210.089          0.001
      31400.774      29446.521    3637717.589          0.001
      33376.476      28553.818    1387210.089          0.000
      33520.634      29562.568    3008971.659          0.001
      34378.717      28624.192    1388329.083          0.001
      35543.595      29400.190    1963254.711          0.001
      34999.980      28563.656    1388329.083          0.001
      36395.773      28461.725    2799396.868          0.001
      34358.198      28610.523    2856303.847          0.001
      33520.634      29562.568    3008971.659          0.001
      36395.773      28461.725    2799396.868          0.001
      37184.449      29617.928    1385278.219          0.001
      36395.773      28461.725    2799396.868          0.001
      36326.930      29478.068    1385720.493          0.000
      36395.773      28461.725    2799396.868          0.001
      35543.595      29400.190    1963254.711          0.001
      36477.800      28469.424    1389029.275          0.001
      37871.674      28600.252    1387765.990          0.001
      38564.792      28665.307    2690265.214          0.001
      38569.601      29684.221    1379553.994          0.001
      38564.792      28665.307    2690265.214          0.001
      39654.268      29543.818    1384857.253          0.001
      38456.260      28762.480    1387765.990          0.001
      37413.237      29696.344    1385278.219          0.001
      39641.888      28589.837    1386618.527          0.000
      39731.005      29605.696    1261966.275          0.001
      39627.879      28430.146   11005196.458          0.000
      40533.210      29497.036    1384377.606          0.000
      41607.523      28549.391    1385040.017          0.001
      42331.485      29747.673    1383932.195          0.001
      41578.952      28502.101    1433255.515          0.001
      40940.081      29296.204    1384377.606          0.000
      43110.890      28981.815    1384535.196          0.001
      44358.684      29616.588    2642951.079          0.001
      42325.343      28582.195    3426895.038          0.000
      43342.486      28649.621    1383037.319          0.001
      42325.343      28582.195    3426895.038          0.000
      42359.901      29794.707    2070157.854          0.001
      45637.824      28604.561    1383037.319          0.001
      46642.374      28435.117    1408526.201          0.001
      45579.794      29200.401    1383037.319          0.001
      46460.495      29712.453    2353331.604          0.002
      46642.374      28435.117    1408526.201          0.001
      46460.495      29712.453    2353331.604          0.002
      47853.869      28759.105    1382518.941          0.001
      49249.550      28649.211    1381366.501          0.002
      49636.269      28654.341    1381366.501          0.001
      50523.292      29737.481    1377754.110          0.000
      49326.299      28789.601    1381366.501          0.002
      48124.169      29507.155    1381729.088          0.001
      49908.707      28608.082    1381366.501          0.002
      51307.426      28548.205    1378265.668          0.001
      51607.849      28535.345    4765530.648          0.000
      51697.626      29550.721    1374700.049          0.001
      51759.481      28662.701    1378265.668          0.001
      52830.584      29562.324    1585377.232          0.001
      51534.183      28621.441    1378265.668          0.001
      50624.005      29685.197    1377754.110          0.001
      52451.684      28592.927    1378265.668          0.001
      53847.285      28688.160    2630737.385          0.001
      53847.285      28688.160    2630737.385          0.001
      55043.712      29413.799    1365666.906          0.002
      53847.285      28688.160    2630737.385          0.001
      55245.786      28631.901    1366610.018          0.001
      53847.285      28688.160    2630737.385          0.001
      52830.584      29562.324    1585377.232          0.001
      55812.738      28609.093    5800665.423          0.000
      57081.307      29199.741    1358775.622          0.001
      55812.738      28609.093    5800665.423          0.000
      56829.864      28663.239    1359085.794          0.001
      58366.731      28592.723    1359085.794          0.001
      59741.510      28365.745    8659189.167          0.001
      59001.001      29285.602    1359085.794          0.001
      59935.908      29691.086    3501117.611          0.001
      61541.347      28951.347    1336085.798          0.001
      60269.832      29537.224    1347045.883          0.002
      62933.846      28990.851    1328400.358          0.000
      63025.078      30387.408    9783761.531          0.000
      62620.677      28902.387    1328400.358          0.000
      61777.035      29474.069    1282515.443          0.001
      63715.233      28683.431    1328400.358          0.001
      64733.623      28658.631    1925228.291          0.001
      64733.623      28658.631    1925228.291          0.001
      65741.765      29472.385    1884219.412          0.001
      64733.623      28658.631    1925228.291          0.001
      63976.487      29364.342    1432573.706          0.001
      66649.249      28351.152    4250022.288          0.000
      66922.550      29510.759    1284215.387          0.000
      66588.745      28425.906    1289502.531          0.000
      65741.765      29472.385    1884219.412          0.001
      68929.778      28638.045    1968320.982          0.001
      70210.863      29201.782    1216386.767          0.002
      68929.778      28638.045    1968320.982          0.001
      70322.502      28772.690    1215940.751          0.001
      68929.778      28638.045    1968320.982          0.001
      68000.224      29053.199    1284215.387          0.001
      70750.987      28814.115    3966774.324          0.001
      71960.540      29263.611    1167721.855          0.003
      70750.987      28814.115    3966774.324          0.001
      71853.252      28808.922    1155255.957          0.003
      73012.465      28803.459    1488961.568          0.002
      72672.901      29528.340    1753148.803          0.003
      73337.851      29836.873    1124801.246          0.003
      72913.430      30503.353    1587837.638          0.003
      73987.324      28816.989    6227734.276          0.002
      74758.316      29738.496    1603557.937          0.002
      75316.491      28640.517    1084620.149          0.001
      76049.438      29785.042    1869649.276          0.002
      75136.704      28359.772   10368446.107          0.001
      76364.961      28599.948    1026438.315          0.002
      77189.962      28761.270    1808551.677          0.002
      77789.878      29490.940    1011696.497          0.001
      77189.962      28761.270    1808551.677          0.002
      78250.040      28546.024     982349.412          0.002
      76783.128      29126.458    1026438.315          0.002
      76049.438      29785.042    1869649.276          0.002
      79003.028      28393.133    1163223.816          0.001
      79612.318      29125.710     972860.764          0.001
      78846.106      28573.473     982349.412          0.001
      77927.107      29629.617    1011696.497          0.001
      79003.028      28393.133    1163223.816          0.001
      79728.886      28522.944     970355.491          0.000
         28.916      29619.153     972199.051          0.000
        816.074      30362.759   13918246.864          0.000
       3008.860      29740.190   10636936.018          0.001
       2942.734      30636.462    1016926.752          0.001
       4166.485      30236.167    1037373.157          0.002
       4842.750      30525.909    1875254.743          0.002
       3008.860      29740.190   10636936.018          0.001
       2680.448      30519.531     997274.229          0.002
       5244.773      29354.506    7283329.328          0.002
       4842.750      30525.909    1875254.743          0.002
       6269.830      30129.212    1106588.174          0.003
       6954.002      30646.288    2099243.886          0.003
       6928.988      29743.957    4334657.233          0.003
       6954.002      30646.288    2099243.886          0.003
       8344.536      29541.142    3139591.494          0.003
       8828.207      30473.339    1209706.758          0.000
       8344.536      29541.142    3139591.494          0.003
       7510.354      30204.120    1156416.437          0.003
       8814.598      29557.627    1199891.328          0.004
      10185.211      29605.695    1294461.942          0.001
      10185.211      29605.695    1294461.942          0.001
      10133.257      30623.700    1229247.483          0.001
      10185.211      29605.695    1294461.942          0.001
      10921.344      30310.436    1254106.054          0.000
      10185.211      29605.695    1294461.942          0.001
       9480.728      30342.081    1209706.758          0.001
      11761.067      29492.333    1256242.258          0.001
      13129.804      29385.984    5120626.985          0.001
      13242.431      29508.984    1292895.347          0.001
      14187.888      30541.511    1302951.782          0.001
      13488.376      29462.845    1292895.347          0.001
      14857.281      29756.271    1317227.074          0.002
      13129.804      29385.984    5120626.985          0.001
      12205.306      29814.349    1254106.054          0.001
      15216.554      29833.281    2788085.772          0.002
      14300.499      30664.493    1976408.617          0.001
      15895.468      29675.895    1317227.074          0.002
      17258.556      29359.905    2826747.378          0.001
      15216.554      29833.281    2788085.772          0.002
      15986.085      30788.945    3294256.778          0.002
      17258.556      29359.905    2826747.378          0.001
      16327.817      30405.166    1321317.338          0.002
      17258.556      29359.905    2826747.378          0.001
      17962.188      30569.716    1338496.996          0.002
      17258.556      29359.905    2826747.378          0.001
      18656.251      29427.658    1346493.705          0.001
      19176.873      29898.234    1346493.705          0.001
      19378.115      31283.695    1340370.130          0.001
      19235.699      29545.399    1346493.705          0.001
      20343.827      30400.480    1957946.823          0.001
      20270.178      29400.037   11213117.822          0.000
      20343.827      30400.480    1957946.823          0.001
      21029.051      29396.837    1576711.908          0.001
      21118.163      30412.340    1354787.953          0.000
      21029.051      29396.837    1576711.908          0.001
      22048.225      29401.153    1363395.185          0.001
      21029.051      29396.837    1576711.908          0.001
      20343.827      30400.480    1957946.823          0.001
      23054.283      29635.624    1363395.185          0.000
      23059.053      30654.270    2313470.735          0.001
      24417.999      29572.267    1363395.185          0.001
      25429.424      29695.923    2891651.527          0.001
      22664.416      29694.753    1363395.185          0.000
      21541.309      30530.594    1354787.953          0.000
      25564.656      29688.113    1370802.947          0.001
      26962.327      29607.389    1375061.927          0.001
      25429.424      29695.923    2891651.527          0.001
      25257.256      30762.753    1460497.268          0.001
      24417.039      30105.233    1370802.947          0.002
      23119.107      30629.990    1361476.949          0.001
      27526.291      29570.241    1375061.927          0.001
      28923.024      29474.659    1380504.627          0.001
      27097.628      29599.575    7794010.244          0.000
      26375.571      30611.403    6900039.524          0.000
      29351.169      29445.360    2828241.760          0.001
      30191.847      30534.561    3212789.214          0.001
      29351.169      29445.360    2828241.760          0.001
      28499.837      30005.308    1371742.837          0.001
      29351.169      29445.360    2828241.760          0.001
      29482.930      30519.329     861746.228          0.002
      29676.017      29445.544    1380504.627          0.001
      31076.017      29446.337    1384453.618          0.001
      31399.633      29537.452    1384453.618          0.001
      31382.077      30937.342    1371562.948          0.002
      31487.745      29534.027    1384453.618          0.001
      32474.655      30527.007    1380327.590          0.001
      31400.774      29446.521    3637717.589          0.001
      30360.254      30382.995    1377995.328          0.001
      31761.437      29466.265    1384453.618          0.002
      33159.344      29542.790    1386596.186          0.001
      33927.086      29765.271    1386596.186          0.001
      35179.928      30390.079    1381109.921          0.001
      33834.665      29537.362    1386596.186          0.001
      35230.177      29425.347    1387685.641          0.001
      33512.715      29571.260    1386596.186          0.001
      32569.863      30606.166    1380327.590          0.000
      35543.595      29400.190    1963254.711          0.001
      35585.804      30592.495    2999987.871          0.001
      36834.130      30198.296    1385720.493          0.001
      37640.212      30821.876    1351031.458          0.001
      36266.226      29833.763    1385720.493          0.000
      35585.804      30592.495    2999987.871          0.001
      37304.405      29793.785    1893196.785          0.001
      37640.212      30821.876    1351031.458          0.001
      37304.405      29793.785    1893196.785          0.001
      38110.027      30417.852    1379553.994          0.000
      39731.005      29605.696    1261966.275          0.001
      39448.160      30857.652    3811293.539          0.000
      39731.005      29605.696    1261966.275          0.001
      39014.990      30331.567    1379553.994          0.001
      40880.326      29943.997    1384377.606          0.000
      41486.722      30762.507    1695949.065          0.001
      41344.778      29705.606    1384377.606          0.001
      42359.901      29794.707    2070157.854          0.001
      40168.037      30137.026    1384377.606          0.001
      39448.160      30857.652    3811293.539          0.000
      42662.275      29767.761    1383932.195          0.001
      44056.749      29643.494    1383588.081          0.001
      42359.901      29794.707    2070157.854          0.001
      41486.722      30762.507    1695949.065          0.001
      44358.684      29616.588    2642951.079          0.001
      43483.780      30138.952    1381186.226          0.001
      44358.684      29616.588    2642951.079          0.001
      44559.016      30823.610    3064036.575          0.000
      45062.367      29648.683    1383588.081          0.001
      46460.495      29712.453    2353331.604          0.002
      46460.495      29712.453    2353331.604          0.002
      46712.022      30411.679    1812985.029          0.002
      46460.495      29712.453    2353331.604          0.002
      47842.004      29675.581    6938289.130          0.001
      46114.149      29914.846    1382663.041          0.002
      44905.401      30621.194    1380954.705          0.001
      48137.456      29800.035    1381729.088          0.001
      49427.661      30343.514    1378309.160          0.001
      48139.428      29642.558    1381729.088          0.001
      49530.877      29488.065    1379909.780          0.001
      47842.004      29675.581    6938289.130          0.001
      46712.022      30411.679    1812985.029          0.002
      49828.778      29454.990    4890010.708          0.001
      49723.342      30468.065    3667944.745          0.001
      52846.635      29583.526    1373927.332          0.001
      53691.690      30699.718    1371455.141          0.001
      52830.584      29562.324    1585377.232          0.001
      52026.458      30186.753    1374700.049          0.000
      54602.359      29764.286    1371378.841          0.001
      55622.067      29764.574    2991135.475          0.001
      55622.067      29764.574    2991135.475          0.001
      55893.888      30577.255    2119265.235          0.002
      55622.067      29764.574    2991135.475          0.001
      57001.899      29528.730    1358775.622          0.001
      54959.577      30095.537    1365666.906          0.002
      53707.742      30720.920    2638831.890          0.001
      55892.456      29861.958    1365666.906          0.001
      57209.631      30336.353    1358497.805          0.001
      57576.835      29430.460    2611203.048          0.000
      58272.104      30176.001    1352728.880          0.001
      57576.835      29430.460    2611203.048          0.000
      57480.722      30433.990    2060435.177          0.001
      58060.491      29483.893    1358775.622          0.001
      59452.024      29637.627    1347045.883          0.002
      60161.175      29664.533    1347045.883          0.001
      61551.550      29500.647    1335604.984          0.001
      60408.169      29934.448    1347045.883          0.002
      61652.506      30575.670    2256012.132          0.001
      59935.908      29691.086    3501117.611          0.001
      59635.865      30464.743    1567116.986          0.001
      59935.908      29691.086    3501117.611          0.001
      59131.139      30316.781    1352728.880          0.000
      61777.035      29474.069    1282515.443          0.001
      62599.764      30076.156    1324698.229          0.000
      61777.035      29474.069    1282515.443          0.001
      61652.506      30575.670    2256012.132          0.001
      64344.608      29386.873    1317747.639          0.001
      65741.765      29472.385    1884219.412          0.001
      63976.487      29364.342    1432573.706          0.001
      64567.463      30194.145    1305424.662          0.001
      63976.487      29364.342    1432573.706          0.001
      63282.219      30110.900    1324698.229          0.000
      65741.765      29472.385    1884219.412          0.001
      66745.087      30448.299    1280635.262          0.001
      65741.765      29472.385    1884219.412          0.001
      66758.964      29523.731    1284215.387          0.000
      65741.765      29472.385    1884219.412          0.001
      65222.345      30348.299    1305424.662          0.000
      67504.534      29608.413    1284215.387          0.001
      68891.442      29791.520    7146269.028          0.000
      69761.545      29630.652    1253595.418          0.001
      70764.203      29445.277    1734807.349          0.001
      67947.424      30271.094    1253595.418          0.001
      67037.921      30733.133    2166511.226          0.001
      70220.737      29738.688    1216386.767          0.002
      68989.148      30403.610    1537193.639          0.000
      70764.203      29445.277    1734807.349          0.001
      70999.985      30436.234    1209513.146          0.000
      70764.203      29445.277    1734807.349          0.001
      72051.171      29501.283    1167721.855          0.003
      72672.901      29528.340    1753148.803          0.003
      72913.430      30503.353    1587837.638          0.003
      72672.901      29528.340    1753148.803          0.003
      71678.169      30091.461    1209513.146          0.001
      74758.316      29738.496    1603557.937          0.002
      74945.298      30713.283    3681889.373          0.002
      74758.316      29738.496    1603557.937          0.002
      75478.274      29764.451    1064987.404          0.003
      73675.827      30187.277    1105422.703          0.003
      72913.430      30503.353    1587837.638          0.003
      76049.438      29785.042    1869649.276          0.002
      76806.432      30123.838    1010095.939          0.003
      76049.438      29785.042    1869649.276          0.002
      76005.442      30576.494     982111.994          0.002
      75627.924      30139.406    1064987.404          0.003
      74945.298      30713.283    3681889.373          0.002
      77915.172      29643.334    4185677.800          0.001
      78896.913      30099.592     967996.720          0.001
      77915.172      29643.334    4185677.800          0.001
      77817.658      30576.418    2052214.738          0.002
       1104.219      30636.579     981096.833          0.001
       2119.073      31600.981     997274.229          0.001
        816.074      30362.759   13918246.864          0.000
        132.217      31426.910     958758.723          0.000
       6211.601      30603.958    1090479.182          0.004
       6954.002      30646.288    2099243.886          0.003
       4842.750      30525.909    1875254.743          0.002
       5136.909      31436.737    8012500.371          0.001
       7380.107      30684.394    1156416.437          0.003
       8774.542      30809.095    1209706.758          0.000
       6954.002      30646.288    2099243.886          0.003
       7159.546      31379.917    2563327.263          0.003
       9013.502      30830.465    4074777.474          0.000
      10083.503      31598.614    6408233.131          0.000
       8452.115      30996.842    1209706.758          0.001
       7159.546      31379.917    2563327.263          0.003
      11465.923      30862.822    1254106.054          0.001
      12178.276      31591.331    1749773.473          0.001
      11368.189      30434.058    1254106.054          0.000
      12752.467      30643.278    1286878.407          0.000
      10954.284      30426.346    1254106.054          0.000
      10119.458      31550.209    1229247.483          0.000
      13204.538      31450.118    1286878.407          0.001
      13327.906      32667.952    6652015.007          0.000
      14332.462      30705.458    1302951.782          0.001
      15193.680      31809.225    1307446.352          0.001
      14300.499      30664.493    1976408.617          0.001
      14317.458      31419.046    9185508.948          0.000
      14445.244      30675.180    1302951.782          0.001
      15841.444      30778.265    1321317.338          0.002
      16140.109      31015.092    1321317.338          0.002
      16928.197      32172.208    1321077.207          0.001
      16294.214      30764.907    1321317.338          0.002
      17689.973      30656.020    1338496.996          0.002
      16014.743      30801.633    1321317.338          0.002
      17294.888      31368.405    1329432.063          0.003
      18163.917      30757.944    1338496.996          0.002
      19277.946      31605.847    1340370.130          0.001
      17998.389      30631.959    3940876.102          0.001
      18111.683      31644.961    1327451.924          0.001
      20343.827      30400.480    1957946.823          0.001
      21232.283      31419.756    2049712.452          0.000
      20285.875      30486.131    1352236.685          0.001
      19501.331      31645.653    1340370.130          0.001
      22043.958      30742.013    1354787.953          0.001
      23059.053      30654.270    2313470.735          0.001
      23457.790      30673.948    1361476.949          0.001
      24856.088      30742.955    1366582.925          0.002
      22791.553      30766.363    1361476.949          0.001
      21500.335      31307.432    1351152.587          0.001
      23059.053      30654.270    2313470.735          0.001
      22712.296      31611.926    1349155.335          0.001
      25257.256      30762.753    1460497.268          0.001
      24323.712      31172.183    1357458.516          0.001
      25257.256      30762.753    1460497.268          0.001
      25329.214      31640.709    4523852.332          0.000
      26495.997      30762.953    1369814.374          0.001
      27366.970      31859.039    1363846.773          0.001
      26375.571      30611.403    6900039.524          0.000
      25648.767      31326.363    1361291.180          0.000
      28466.648      30598.125    1371742.837          0.001
      29482.930      30519.329     861746.228          0.002
      27844.991      30877.420    1371742.837          0.000
      29066.487      31561.487    1367683.628          0.000
      27467.330      30870.496    1371742.837          0.000
      27388.625      31886.291    1865919.884          0.001
      29482.930      30519.329     861746.228          0.002
      29440.085      31537.507    1367683.628          0.000
      30271.115      30608.592    1377995.328          0.001
      31294.286      31564.166    1371562.948          0.001
      32561.956      30614.845    1795018.290          0.000
      32628.423      31495.444    5658825.883          0.000
      32498.222      30669.702    1380327.590          0.001
      31437.139      31582.995    1371562.948          0.001
      33417.906      30801.717    1380941.372          0.000
      34358.240      31756.305    5807620.975          0.000
      34566.931      30582.932    1380941.372          0.001
      35585.804      30592.495    2999987.871          0.001
      36014.928      30832.860    1381109.921          0.001
      37236.368      31517.025    1375984.390          0.001
      35917.218      30629.498    1381109.921          0.001
      37308.573      30784.847    1379463.675          0.001
      35585.804      30592.495    2999987.871          0.001
      34800.925      31336.611    1373051.800          0.001
      37640.212      30821.876    1351031.458          0.001
      37665.385      31757.331    2776292.854          0.000
      38358.733      31010.536    1379553.994          0.000
      37665.385      31757.331    2776292.854          0.000
      38866.606      30957.964    1379553.994          0.000
      39733.844      31493.173    2264702.604          0.001
      39768.100      30842.720    1379242.257          0.001
      41166.577      30777.449    1380173.236          0.001
      41256.240      30858.581    1380173.236          0.001
      39964.011      31397.231    1377613.379          0.001
      41486.722      30762.507    1695949.065          0.001
      42494.763      30615.315    1381186.226          0.000
      42632.221      31470.589    1381186.226          0.001
      42501.330      32480.923    2301379.878          0.001
      42974.682      30969.917    1381186.226          0.000
      43485.429      31851.400    1199868.785          0.001
      42667.433      30639.461    1381186.226          0.000
      41553.181      31486.413    5701061.134          0.000
      43549.572      30686.927    1381186.226          0.001
      44559.016      30823.610    3064036.575          0.000
      44948.113      30749.165    1380954.705          0.001
      46323.171      30486.077    1381852.840          0.003
      44941.550      30990.323    1380954.705          0.001
      46224.964      31549.651    1376723.936          0.002
      44527.925      30853.374    1380954.705          0.000
      43516.641      31821.520    1376145.001          0.001
      46712.022      30411.679    1812985.029          0.002
      46607.729      31716.464    2840306.922          0.002
      47997.644      30558.361    1380959.134          0.002
      49395.732      30485.207    1378309.160          0.001
      47670.302      30575.489    4023582.696          0.002
      48410.115      31607.134    2102964.110          0.001
      47616.131      30633.657    1380959.134          0.002
      46662.008      31658.180    1376723.936          0.002
      50660.648      31047.728    1378309.160          0.002
      51851.043      31783.909    3379716.594          0.001
      49723.342      30468.065    3667944.745          0.001
      49562.872      31474.978    1376048.956          0.000
      49723.342      30468.065    3667944.745          0.001
      50741.595      30426.683    1374700.049          0.001
      49467.181      30690.254    1378309.160          0.001
      48410.115      31607.134    2102964.110          0.001
      51793.138      30767.013    1374700.049          0.000
      51851.043      31783.909    3379716.594          0.001
      52704.638      30546.815    1374700.049          0.001
      53707.742      30720.920    2638831.890          0.001
      53707.742      30720.920    2638831.890          0.001
      53625.717      31751.023    1864011.005          0.001
      53707.742      30720.920    2638831.890          0.001
      55104.137      30629.155    1364842.939          0.003
      53707.742      30720.920    2638831.890          0.001
      54941.487      31380.855    1364571.775          0.002
      53707.742      30720.920    2638831.890          0.001
      52493.285      31416.215    1372387.581          0.001
      55893.888      30577.255    2119265.235          0.002
      55462.287      31659.433    3235152.244          0.001
      55990.105      30568.569    1364842.939          0.002
      57384.433      30442.683    1358497.805          0.001
      57480.722      30433.990    2060435.177          0.001
      57841.668      31589.007    6039678.454          0.001
      57480.722      30433.990    2060435.177          0.001
      56687.788      31498.503    4354786.241          0.001
      59762.893      30568.708    1348069.397          0.001
      60846.296      31455.408    1339935.891          0.001
      59635.865      30464.743    1567116.986          0.001
      59608.802      31400.633    8468841.485          0.000
      59945.385      30481.768    1348069.397          0.001
      61343.272      30558.660    1335714.380          0.001
      61652.506      30575.670    2256012.132          0.001
      62726.443      31466.311    2399067.908          0.001
      61652.506      30575.670    2256012.132          0.001
      60973.239      31559.303    2667802.396          0.001
      63945.315      31052.625    1324698.229          0.001
      64771.826      31650.089    3248574.285          0.001
      63025.078      30387.408    9783761.531          0.000
      64398.684      30654.101    1305424.662          0.001
      66019.108      30749.330    1305424.662          0.001
      67037.921      30733.133    2166511.226          0.001
      65707.632      31070.266    1305424.662          0.001
      66648.473      31460.920    2168897.092          0.002
      67037.921      30733.133    2166511.226          0.001
      68002.100      31497.971    4492545.984          0.001
      67609.454      30636.613    1280635.262          0.001
      68989.148      30403.610    1537193.639          0.000
      67037.921      30733.133    2166511.226          0.001
      66648.473      31460.920    2168897.092          0.002
      68989.148      30403.610    1537193.639          0.000
      69588.160      31227.004    1223434.228          0.001
      68989.148      30403.610    1537193.639          0.000
      68052.035      31442.607    1264768.651          0.001
      68989.148      30403.610    1537193.639          0.000
      70006.651      30437.439    1209513.146          0.001
      71172.269      30786.242    1209513.146          0.000
      71695.584      31792.543    1141249.214          0.004
      71646.427      30481.663    1209513.146          0.001
      72913.430      30503.353    1587837.638          0.003
      70926.135      30588.805    1209513.146          0.000
      70127.133      31738.412    1223434.228          0.000
      72913.430      30503.353    1587837.638          0.003
      73073.780      31287.287    1141965.269          0.002
      72580.213      30856.090    1159464.496          0.004
      71695.584      31792.543    1141249.214          0.004
      74945.298      30713.283    3681889.373          0.002
      75723.423      30612.882    1062975.219          0.002
      74290.993      31047.483    1095683.517          0.002
      73144.509      31633.075    3882919.595          0.002
      76005.442      30576.494     982111.994          0.002
      75103.380      31564.313    1082421.537          0.001
      76005.442      30576.494     982111.994          0.002
      76833.219      30576.459    1010095.939          0.002
      77817.658      30576.418    2052214.738          0.002
      78360.703      31234.149     977463.057          0.001
      77817.658      30576.418    2052214.738          0.002
      77020.918      31575.038    1023878.993          0.001
      79785.245      30803.448     967996.720          0.000
      78759.278      31716.898   27749856.352          0.000
       2172.439      32193.801     997274.229          0.001
       2116.049      33524.835    7498493.033          0.001
       2132.673      31700.302     997274.229          0.000
        854.430      32271.349     959189.678          0.001
       2889.033      31898.646    1016926.752          0.001
       2908.735      32707.912    2080484.446          0.001
       5624.193      31970.674    1090848.017          0.002
       6153.817      32551.005    4112299.205          0.002
       5136.909      31436.737    8012500.371          0.001
       4882.440      32500.747    5948170.149          0.002
       7159.546      31379.917    2563327.263          0.003
       7120.987      32700.731    2183922.843          0.003
       8073.360      31884.682    1156637.263          0.004
       9053.517      32426.093    2136580.241          0.001
       7159.546      31379.917    2563327.263          0.003
       6540.338      32100.933    1122982.632          0.003
       7996.520      31379.536    1156637.263          0.003
       9109.713      31379.029     659967.288          0.001
       9109.713      31379.029     659967.288          0.001
      10083.503      31598.614    6408233.131          0.000
       9109.713      31379.029     659967.288          0.001
       9053.517      32426.093    2136580.241          0.001
      10083.503      31598.614    6408233.131          0.000
      10928.684      32714.019    1243834.407          0.000
      11159.138      31594.874    1229247.483          0.001
      12178.276      31591.331    1749773.473          0.001
      12144.729      31953.153    1267913.378          0.001
      12015.481      33347.174    1259575.036          0.002
      12178.276      31591.331    1749773.473          0.001
      13104.606      32458.833    1280838.993          0.001
      12178.276      31591.331    1749773.473          0.001
      11433.569      32286.339    1243834.407          0.001
      14321.893      31427.649    1299168.572          0.000
      14963.342      32672.054    1300442.877          0.001
      14317.458      31419.046    9185508.948          0.000
      13529.302      32413.772    1280838.993          0.001
      15482.732      31926.064    1307446.352          0.001
      16825.493      32322.288    1321077.207          0.001
      17323.562      31381.100     917604.795          0.003
      17908.035      32216.125    1327451.924          0.000
      17323.562      31381.100     917604.795          0.003
      17081.956      32397.966    2813226.741          0.001
      19648.339      31695.844    1340370.130          0.001
      21027.544      31455.443    1351152.587          0.001
      19443.175      31731.604    3024866.879          0.001
      18636.468      32354.443    1327451.924          0.000
      21232.283      31419.756    2049712.452          0.000
      22004.099      32084.648    1349155.335          0.000
      21232.283      31419.756    2049712.452          0.000
      20752.167      32318.481    1339240.321          0.000
      23707.234      31553.236    1357458.516          0.000
      25105.202      31628.628    1361291.180          0.000
      23482.504      31541.117    8050053.593          0.000
      22413.443      32437.283    9902147.549          0.000
      26376.533      31765.601    1361291.180          0.001
      27388.625      31886.291    1865919.884          0.001
      25180.612      31808.622    1361291.180          0.000
      24505.147      32571.858    2032700.878          0.001
      25644.502      32067.801    1361291.180          0.000
      26249.859      32887.824    1618267.467          0.001
      27388.625      31886.291    1865919.884          0.001
      27939.732      32742.272    1360331.764          0.001
      27388.625      31886.291    1865919.884          0.001
      28405.430      31826.062    1367683.628          0.001
      27344.898      31924.749    1363846.773          0.001
      26293.633      32849.325    1358745.357          0.001
      30403.867      32207.999    1367683.628          0.001
      31331.273      32629.753    2428058.223          0.001
      29430.498      31765.343   11544538.191          0.000
      28817.281      33023.215    1360331.764          0.001
      30280.912      31709.580    1367683.628          0.001
      31373.291      31637.951    2815404.232          0.001
      31373.291      31637.951    2815404.232          0.001
      31331.273      32629.753    2428058.223          0.001
      32728.218      31676.766    1373665.651          0.001
      33288.942      32695.571    2755401.254          0.001
      32628.423      31495.444    5658825.883          0.000
      33948.820      31694.564    1373051.800          0.001
      32206.729      31864.200    1373665.651          0.001
      31331.273      32629.753    2428058.223          0.001
      34358.240      31756.305    5807620.975          0.000
      34625.920      32455.475    1388902.988          0.001
      35545.948      32048.255    1373897.674          0.000
      36276.467      32759.496    1709637.121          0.002
      36646.443      31744.587    1373897.674          0.001
      37665.385      31757.331    2776292.854          0.000
      38005.205      31713.933    1375984.390          0.001
      39393.926      31536.583    1377613.379          0.001
      37665.385      31757.331    2776292.854          0.000
      38918.575      32380.642    1373189.661          0.002
      37665.385      31757.331    2776292.854          0.000
      36530.512      32576.191    1371086.986          0.002
      39733.844      31493.173    2264702.604          0.001
      39472.833      32656.318    2247287.056          0.001
      39733.844      31493.173    2264702.604          0.001
      40398.524      32724.675    1372238.889          0.001
      39733.844      31493.173    2264702.604          0.001
      40752.857      31489.386    1377690.341          0.001
      41798.088      31743.294    1377690.341          0.000
      42501.330      32480.923    2301379.878          0.001
      41103.740      32074.597    1377690.341          0.001
      40484.826      32884.573    1957384.629          0.000
      43485.429      31851.400    1199868.785          0.001
      44463.088      31563.387    1377612.170          0.000
      43485.429      31851.400    1199868.785          0.001
      42501.330      32480.923    2301379.878          0.001
      44510.315      31624.960    1377612.170          0.000
      43749.838      32800.407    1371964.822          0.000
      44887.614      31813.536    1377612.170          0.000
      45649.236      32490.756    4417295.720          0.001
      45592.734      31624.403    1377612.170          0.001
      46607.729      31716.464    2840306.922          0.002
      47013.207      31691.869    1376723.936          0.002
      48410.115      31607.134    2102964.110          0.001
      46607.729      31716.464    2840306.922          0.002
      47357.306      32407.676    1371194.620          0.000
      46607.729      31716.464    2840306.922          0.002
      46591.491      32735.170    1367757.032          0.001
      48449.740      31643.735    1376900.076          0.001
      49478.159      32593.658    1371733.994          0.001
      48410.115      31607.134    2102964.110          0.001
      47867.165      32469.628    1371194.620          0.000
      50836.284      31690.251    1376048.956          0.001
      51851.043      31783.909    3379716.594          0.001
      51851.043      31783.909    3379716.594          0.001
      51888.647      32696.200    1678527.985          0.001
      52038.490      31780.436    1372387.581          0.001
      53438.250      31754.497    1369456.545          0.001
      51342.408      31968.391    1372387.581          0.001
      50026.302      32445.744    1371733.994          0.001
      53625.717      31751.023    1864011.005          0.001
      53436.861      32881.828    3846393.081          0.000
      53625.717      31751.023    1864011.005          0.001
      55023.299      31681.325    1364571.775          0.001
      54634.866      32158.802    1364571.775          0.002
      53436.861      32881.828    3846393.081          0.000
      55462.287      31659.433    3235152.244          0.001
      56687.788      31498.503    4354786.241          0.001
      56687.788      31498.503    4354786.241          0.001
      57476.895      32142.210    1353169.952          0.000
      56687.788      31498.503    4354786.241          0.001
      55896.933      32653.126    1360096.778          0.000
      58029.199      31569.016    1355381.596          0.001
      59421.312      31420.619    1347522.927          0.001
      57841.668      31589.007    6039678.454          0.001
      57914.504      32499.187    5619464.227          0.000
      59608.802      31400.633    8468841.485          0.000
      58754.337      31954.654    1353169.952          0.001
      60978.900      31571.785    1339935.891          0.001
      61557.162      32846.780    1333064.330          0.001
      61150.770      31549.886    1339935.891          0.001
      62548.805      31475.733    1326832.229          0.001
      60884.434      31634.646    1339935.891          0.001
      59816.886      32540.374    1344950.933          0.001
      62726.443      31466.311    2399067.908          0.001
      63245.824      32342.843    1316669.676          0.001
      62593.406      31625.590    1326832.229          0.001
      61695.938      32700.090    1333064.330          0.001
      62726.443      31466.311    2399067.908          0.001
      64120.038      31591.526    1307251.127          0.001
      64833.633      32052.207    1307251.127          0.001
      65046.241      33435.455    4665548.487          0.001
      64907.830      31802.358    1307251.127          0.001
      65840.011      32846.019    2663868.649          0.001
      65255.862      31601.297    1307251.127          0.001
      66648.473      31460.920    2168897.092          0.002
      64771.826      31650.089    3248574.285          0.001
      64047.976      32368.168    1316669.676          0.001
      66804.256      31628.264    1284808.658          0.002
      67758.172      32652.981    1263439.140          0.001
      66597.027      31549.060    1284808.658          0.002
      65891.290      32758.165    1293215.392          0.001
      68235.625      31638.252    1264768.651          0.001
      69435.739      32359.171    1230489.343          0.001
      68002.100      31497.971    4492545.984          0.001
      69005.886      31673.722    1223434.228          0.001
      70562.010      31835.973    1223434.228          0.000
      71695.584      31792.543    1141249.214          0.004
      70964.048      32143.408    1223434.228          0.001
      72087.498      32495.252    2029242.723          0.003
      71695.584      31792.543    1141249.214          0.004
      72087.498      32495.252    2029242.723          0.003
      73144.509      31633.075    3882919.595          0.002
      73781.321      31933.416    1075259.984          0.003
      73107.911      31743.097    1141965.269          0.002
      72788.048      32704.675    4211691.759          0.002
      72663.977      32025.032    1141965.269          0.003
      72087.498      32495.252    2029242.723          0.003
      74986.974      31691.785    9735147.435          0.001
      75160.099      32583.693    8387180.762          0.001
      77122.265      32092.656    1023878.993          0.001
      77867.939      32880.212     701851.426          0.002
      78759.278      31716.898   27749856.352          0.000
      79818.994      32516.486     959710.538          0.000
       1068.457      33093.246     959189.678          0.001
       2116.049      33524.835    7498493.033          0.001
       4120.246      33286.525    1019673.339          0.003
       4813.020      33617.392    3947428.035          0.002
       3814.131      32612.880    1019673.339          0.002
       4882.440      32500.747    5948170.149          0.002
       2908.735      32707.912    2080484.446          0.001
       3039.979      33847.058    5772032.120          0.001
       2908.735      32707.912    2080484.446          0.001
       2283.698      33352.060    1000502.291          0.001
       4876.786      32591.691    1080497.286          0.002
       4813.020      33617.392    3947428.035          0.002
       6172.659      32805.838    1122982.632          0.002
       6237.579      33683.862    1584210.600          0.003
       6153.817      32551.005    4112299.205          0.002
       5356.723      33184.965    1082356.899          0.003
       7215.438      32808.223    1154125.139          0.003
       7948.265      33642.230    2012245.972          0.001
       7926.616      32586.241    1154125.139          0.004
       9053.517      32426.093    2136580.241          0.001
       7120.987      32700.731    2183922.843          0.003
       6237.579      33683.862    1584210.600          0.003
       9133.375      32543.048    1205091.281          0.001
       9922.827      33699.233    1225108.511          0.001
       9053.517      32426.093    2136580.241          0.001
       8112.209      33461.838    1178530.829          0.001
       9053.517      32426.093    2136580.241          0.001
      10058.447      32592.344    1243834.407          0.001
      11238.933      33012.521    1243834.407          0.000
      11981.869      33709.691    2153765.783          0.002
      10674.833      33050.763    1243834.407          0.000
      10002.861      33816.446    1941023.982          0.001
      13235.674      33362.568    1280838.993          0.001
      13068.687      34620.181    2777084.214          0.001
      13698.658      32670.809    1280838.993          0.001
      14967.742      32680.589    1779814.236          0.001
      14967.742      32680.589    1779814.236          0.001
      14295.636      33446.401    1287018.613          0.000
      14967.742      32680.589    1779814.236          0.001
      15793.042      33277.173    1309200.088          0.001
      15331.291      32631.990    1300442.877          0.002
      16718.947      32446.492    1321077.207          0.001
      17219.076      32554.157    1321077.207          0.001
      18142.708      33606.252    1323850.590          0.001
      17081.956      32397.966    2813226.741          0.001
      16601.423      33295.654    1309200.088          0.000
      19266.092      33230.021    1327451.924          0.001
      20163.735      33712.666    1807995.067          0.001
      18654.622      32700.849    1327451.924          0.000
      20051.237      32798.148    1339240.321          0.000
      20624.742      32950.314    1339240.321          0.000
      21403.568      33608.206    1727823.936          0.001
      20759.925      32771.439    1339240.321          0.000
      22132.184      32494.122    1349155.335          0.000
      22069.277      32836.334    1349155.335          0.000
      21403.568      33608.206    1727823.936          0.001
      23488.757      32506.466    1349155.335          0.001
      24505.147      32571.858    2032700.878          0.001
      24505.147      32571.858    2032700.878          0.001
      25256.629      33582.739    2117110.645          0.001
      24688.588      32605.079    1355847.338          0.001
      26066.180      32854.560    1358745.357          0.001
      24505.147      32571.858    2032700.878          0.001
      23480.506      33525.098    1347146.709          0.001
      26249.859      32887.824    1618267.467          0.001
      26222.036      33820.298    7506809.238          0.000
      26249.859      32887.824    1618267.467          0.001
      25256.629      33582.739    2117110.645          0.001
      27099.254      32782.613    5387003.768          0.000
      26222.036      33820.298    7506809.238          0.000
      27099.254      32782.613    5387003.768          0.000
      28296.783      33505.946    1360331.764          0.000
      29943.494      32814.040    1364597.484          0.001
      31331.273      32629.753    2428058.223          0.001
      29571.488      32863.440    1371766.706          0.001
      30551.419      33819.010    1967085.115          0.001
      29571.488      32863.440    1371766.706          0.001
      28750.989      33466.957    1360331.764          0.000
      31325.171      32639.058    1367887.756          0.001
      30557.462      33809.794    1362760.113          0.001
      31610.692      32639.147    1367887.756          0.001
      33009.901      32686.190    1369801.497          0.001
      33309.108      32971.338    1369801.497          0.001
      33411.210      34367.610    1362281.957          0.002
      33288.942      32695.571    2755401.254          0.001
      34508.040      33383.066    1367516.831          0.001
      33288.942      32695.571    2755401.254          0.001
      34625.920      32455.475    1388902.988          0.001
      33288.942      32695.571    2755401.254          0.001
      32529.507      33375.061    1364711.478          0.000
      34625.920      32455.475    1388902.988          0.001
      35258.952      33359.290    1365954.630          0.001
      34625.920      32455.475    1388902.988          0.001
      34634.175      33454.199    1886040.862          0.001
      34625.920      32455.475    1388902.988          0.001
      36002.268      32708.990    1371086.986          0.002
      36276.467      32759.496    1709637.121          0.002
      37281.432      32587.110    1372742.445          0.000
      36276.467      32759.496    1709637.121          0.002
      35660.444      33571.299    1365954.630          0.000
      37782.715      32985.084    1372742.445          0.000
      38241.862      33895.341    2298568.853          0.001
      37435.894      32693.448    1372742.445          0.000
      36572.517      33780.476    4583061.650          0.001
      38455.223      32594.322    1372742.445          0.001
      39472.833      32656.318    2247287.056          0.001
      39472.833      32656.318    2247287.056          0.001
      40484.826      32884.573    1957384.629          0.000
      39350.778      32779.172    1373189.661          0.001
      38364.061      33772.343    1366302.169          0.001
      41089.577      32763.518    1372238.889          0.001
      42462.345      32488.727    1374055.038          0.001
      40484.826      32884.573    1957384.629          0.000
      39640.296      33597.657    1367998.496          0.000
      42499.904      32499.326    1374055.038          0.001
      42391.757      33895.143    1367379.880          0.001
      42501.330      32480.923    2301379.878          0.001
      41603.512      32962.594    1369397.644          0.001
      42549.841      32552.752    1374055.038          0.001
      43333.398      33712.942    1368035.864          0.000
      44786.746      33196.290    1371964.822          0.001
      45769.252      33466.693    6699971.650          0.001
      44651.125      32696.203    1371964.822          0.001
      45649.236      32490.756    4417295.720          0.001
      45649.236      32490.756    4417295.720          0.001
      46325.604      33252.698    1367757.032          0.000
      47754.341      33806.224    1371194.620          0.001
      47801.340      34824.597    1974735.239          0.001
      48500.041      32685.042    1371194.620          0.001
      49517.727      32630.205    2927714.934          0.001
      47949.995      32921.739    1371194.620          0.000
      48750.018      33553.604    1570817.062          0.001
      47704.576      32727.905    5018004.888          0.000
      46578.696      33537.811    4560782.918          0.000
      50003.394      32643.724    1371733.994          0.001
      51402.852      32682.678    1368773.687          0.001
      49517.727      32630.205    2927714.934          0.001
      48750.018      33553.604    1570817.062          0.001
      49517.727      32630.205    2927714.934          0.001
      50499.629      33626.791    1365452.034          0.001
      51888.647      32696.200    1678527.985          0.001
      51843.549      33713.611    1362498.754          0.000
      51888.647      32696.200    1678527.985          0.001
      50759.189      33521.997    1365452.034          0.001
      52835.363      32974.657    1367033.209          0.000
      53589.708      33659.869    1980103.229          0.001
      52643.193      32800.099   13931283.652          0.000
      51837.475      33850.637    7681481.601          0.000
      53436.861      32881.828    3846393.081          0.000
      54834.673      32814.932    1360096.778          0.001
      55940.716      33014.530    1360096.778          0.001
      56562.863      34268.696    1348543.443          0.001
      56623.468      33211.337    1360096.778          0.001
      57849.551      33886.698    2615743.376          0.001
      55818.349      32767.856    8470101.445          0.000
      56835.337      32637.506    1353169.952          0.001
      54888.778      33139.916    1360096.778          0.001
      53589.708      33659.869    1980103.229          0.001
      57897.169      32869.493    1353169.952          0.000
      57849.551      33886.698    2615743.376          0.001
      58711.898      32550.392    1353169.952          0.001
      59728.159      32615.651    3055092.926          0.001
      59565.208      32920.017    1344950.933          0.001
      58904.420      34154.262    1341029.469          0.001
      59728.159      32615.651    3055092.926          0.001
      59839.135      33890.310    2004821.470          0.000
      59951.481      32645.319    1344950.933          0.001
      61339.288      32829.688    1333064.330          0.001
      59368.603      32858.923    1344950.933          0.001
      58209.070      33643.451    1347638.142          0.001
      61562.882      32859.392    2732668.177          0.001
      62581.845      32859.682    1316669.676          0.001
      61301.639      33015.633    1333064.330          0.001
      60100.126      33734.219    1338402.419          0.001
      63320.707      32996.249    1316669.676          0.000
      62114.224      33706.460    1325821.038          0.000
      64095.246      33069.128    1316669.676          0.001
      65046.241      33435.455    4665548.487          0.001
      65840.011      32846.019    2663868.649          0.001
      65803.270      34207.262    1287046.620          0.001
      65855.826      32862.387    1293215.392          0.001
      66828.630      33869.191    1275555.740          0.001
      66176.781      32841.860    1293215.392          0.001
      67576.674      32824.572    1263439.140          0.001
      68103.059      32785.829    1263439.140          0.001
      69480.210      32533.925    1230489.343          0.001
      67875.219      32859.071    1263439.140          0.000
      66883.409      33847.157    1275555.740          0.001
      69669.127      32499.369    1751642.265          0.001
      68844.870      33098.728    1258838.529          0.001
      69669.127      32499.369    1751642.265          0.001
      69935.561      33515.899    1221387.785          0.001
      69669.127      32499.369    1751642.265          0.001
      70935.967      32497.212    1170758.934          0.004
      72037.249      32671.862    1170758.934          0.003
      71695.752      33872.119     883921.117          0.001
      72087.498      32495.252    2029242.723          0.003
      71031.014      33083.123    1221387.785          0.002
      72830.375      33380.800    1150156.716          0.003
      72907.227      34608.443    2141818.244          0.003
      72788.048      32704.675    4211691.759          0.002
      73419.761      33263.871    1107992.788          0.003
      72347.430      33175.607    1150156.716          0.003
      71695.752      33872.119     883921.117          0.001
      75160.099      32583.693    8387180.762          0.001
      75861.143      33479.687    1042958.347          0.002
      74670.920      33189.440    1075259.984          0.002
      74114.308      33878.687    5584243.520          0.002
      75260.086      32596.625    1075259.984          0.001
      76648.522      32776.200    1030326.086          0.002
      76742.220      32788.318     693848.733          0.002
      77548.989      33295.883    1001733.150          0.002
      76742.220      32788.318     693848.733          0.002
      77625.810      32860.447    1001280.074          0.002
      76742.220      32788.318     693848.733          0.002
      76260.812      33686.274    1042958.347          0.001
      77867.939      32880.212     701851.426          0.002
      78560.341      33137.828     958700.262          0.001
      77867.939      32880.212     701851.426          0.002
      78569.240      32805.495     959710.538          0.001
      77867.939      32880.212     701851.426          0.002
      77785.409      33444.623    1112725.016          0.002
       1176.130      34112.537     959601.607          0.001
       2206.197      34497.078    7024974.597          0.001
       2116.049      33524.835    7498493.033          0.001
       2206.197      34497.078    7024974.597          0.001
       3608.043      34204.279    1025648.555          0.002
       4248.740      34607.174    3756714.322          0.002
       3039.979      33847.058    5772032.120          0.001
       2298.443      34425.162    1003511.381          0.001
       4813.020      33617.392    3947428.035          0.002
       4248.740      34607.174    3756714.322          0.002
       5397.320      34083.427    1082356.899          0.003
       5973.794      34543.221    1878235.857          0.003
       6237.579      33683.862    1584210.600          0.003
       7324.855      34433.986    1178018.250          0.001
       6820.271      33669.682    1128937.012          0.004
       7948.265      33642.230    2012245.972          0.001
       6237.579      33683.862    1584210.600          0.003
       5973.794      34543.221    1878235.857          0.003
       8608.358      33698.202    1178530.829          0.002
      10002.861      33816.446    1941023.982          0.001
      10293.184      33800.785    1225108.511          0.001
      11691.151      33725.373    1259575.036          0.002
      10002.861      33816.446    1941023.982          0.001
       9108.290      34303.611    1178018.250          0.001
      11996.011      33721.538    1259575.036          0.002
      13068.687      34620.181    2777084.214          0.001
      11981.869      33709.691    2153765.783          0.002
      12339.316      34465.379    1127550.591          0.001
      11981.869      33709.691    2153765.783          0.002
      11095.297      34212.408    1229536.964          0.001
      13817.734      33930.136    1287018.613          0.000
      13068.687      34620.181    2777084.214          0.001
      14096.378      33673.440   18822329.994          0.000
      15495.706      33691.928    1309200.088          0.001
      17262.123      33730.909    1309200.088          0.001
      18279.846      33762.464    2058075.044          0.001
      16383.021      33703.651    5533843.160          0.000
      17093.859      34532.805   11480523.594          0.000
      15766.690      34254.816    1309200.088          0.001
      15007.466      34933.765    7968114.799          0.001
      18304.520      33792.039    1323850.590          0.001
      19201.374      34867.052    1326819.769          0.001
      18521.852      33756.067    1323850.590          0.001
      19921.363      33719.072    1335326.547          0.001
      18279.846      33762.464    2058075.044          0.001
      17425.280      34317.535    1312515.262          0.000
      20163.735      33712.666    1807995.067          0.001
      21403.568      33608.206    1727823.936          0.001
      20163.735      33712.666    1807995.067          0.001
      20922.187      34392.711    1337594.851          0.000
      20095.112      33799.265    1335326.547          0.001
      19225.792      34896.321    2474401.785          0.001
      21463.269      33688.110    1341501.723          0.001
      22301.235      34809.632    1342265.130          0.001
      21546.846      33634.160    1341501.723          0.001
      22924.427      33883.700    1347146.709          0.001
      23067.236      33909.569    3260572.196          0.001
      23886.071      34515.680    1349018.206          0.001
      23872.596      33789.346    1347146.709          0.002
      25256.629      33582.739    2117110.645          0.001
      23067.236      33909.569    3260572.196          0.001
      22360.926      34889.521    2317229.538          0.001
      25256.629      33582.739    2117110.645          0.001
      24713.128      34443.951    1349018.206          0.000
      25381.378      33697.774    1354832.099          0.001
      26410.588      34646.840    1355387.335          0.001
      26222.036      33820.298    7506809.238          0.000
      27616.959      33710.111    1360331.764          0.001
      27421.212      34259.916    1360331.764          0.001
      26535.315      34761.855    2944086.444          0.001
      29537.123      33729.264    1360331.764          0.001
      30551.419      33819.010    1967085.115          0.001
      30551.419      33819.010    1967085.115          0.001
      31567.805      33744.826    1364711.478          0.001
      30551.419      33819.010    1967085.115          0.001
      30568.085      34537.940    1050199.700          0.001
      30551.419      33819.010    1967085.115          0.001
      29273.887      34389.874    1359159.765          0.001
      32613.882      34035.362    1364711.478          0.000
      33431.407      34643.806    5776881.092          0.001
      32280.871      34664.209    1364711.478          0.001
      32402.669      35675.998    9466499.604          0.001
      34634.175      33454.199    1886040.862          0.001
      35327.670      34200.936    1362914.065          0.000
      34426.590      33659.512    1367516.831          0.001
      33431.407      34643.806    5776881.092          0.001
      36550.661      33919.784    1366122.984          0.001
      36390.904      34938.057    4440902.383          0.000
      37213.726      33824.597    1366122.984          0.001
      38241.862      33895.341    2298568.853          0.001
      36572.517      33780.476    4583061.650          0.001
      35586.061      34479.164   18248585.783          0.000
      38241.862      33895.341    2298568.853          0.001
      37941.240      34869.108    1364099.406          0.001
      38241.862      33895.341    2298568.853          0.001
      38730.336      34901.855    1814858.061          0.001
      37926.493      34073.001    1366302.169          0.002
      36706.725      34760.143    1361611.668          0.001
      39932.809      34091.452    1367998.496          0.001
      40638.304      34942.333    4981929.651          0.001
      39348.744      33985.752    1367998.496          0.001
      38730.336      34901.855    1814858.061          0.001
      41407.592      33644.722    1369397.644          0.001
      42390.321      33913.682    1643482.521          0.001
      42390.321      33913.682    1643482.521          0.001
      42576.564      34603.748    1279649.138          0.001
      42118.246      34073.424    1367379.880          0.001
      40910.952      34782.255    1363505.774          0.001
      43382.003      33784.910   10297538.372          0.000
      42576.564      34603.748    1279649.138          0.001
      43881.862      33718.279    1368035.864          0.001
      45269.587      33533.298    1368334.189          0.001
      45358.056      33679.216    1368334.189          0.001
      44114.348      34322.015    1364401.047          0.001
      45769.252      33466.693    6699971.650          0.001
      46578.696      33537.811    4560782.918          0.000
      46581.963      33855.973    1367757.032          0.000
      46596.335      35255.900    1360259.016          0.000
      47099.676      34086.122    1367757.032          0.001
      47801.340      34824.597    1974735.239          0.001
      46520.336      33624.406    1367757.032          0.000
      45737.909      34785.357    1361211.824          0.000
      48750.018      33553.604    1570817.062          0.001
      50146.323      33648.786    1365452.034          0.001
      48694.400      33628.118    1367493.773          0.001
      47856.982      34750.050    1360641.723          0.001
      49708.895      34139.821    1365452.034          0.001
      48483.842      34816.462    5907645.125          0.000
      50548.299      33676.188    3085426.821          0.001
      51558.485      33812.884    1362498.754          0.000
      51666.409      34531.044    1362498.754          0.001
      51417.853      35519.670    2793086.553          0.001
      52577.280      33770.093    1362498.754          0.001
      53589.708      33659.869    1980103.229          0.001
      51837.475      33850.637    7681481.601          0.000
      50796.042      34785.635    1358835.020          0.000
      53589.708      33659.869    1980103.229          0.001
      54411.479      34792.892    1352336.599          0.001
      53589.708      33659.869    1980103.229          0.001
      52898.349      34861.798    3063364.770          0.001
      53589.708      33659.869    1980103.229          0.001
      54604.217      33748.787    1355219.855          0.001
      55664.950      34150.494    1355219.855          0.000
      55682.457      35550.385    1346448.550          0.000
      55252.493      34233.340    1355219.855          0.000
      54517.190      34938.643    1915304.895          0.001
      57960.602      34095.457    1347638.142          0.001
      58618.104      35331.455    1337575.426          0.001
      57849.551      33886.698    2615743.376          0.001
      56685.146      34515.202    2605502.589          0.001
      59839.135      33890.310    2004821.470          0.000
      60857.797      33866.409    1325821.038          0.001
      60144.422      34030.278    1338402.419          0.001
      61417.042      34613.749    1322848.060          0.001
      59839.135      33890.310    2004821.470          0.000
      58741.367      34458.818    4544653.683          0.000
      62691.719      34291.895    1325821.038          0.001
      63582.471      34787.279    1571284.292          0.001
      62730.000      33696.770    1325821.038          0.001
      63734.483      33524.048    1092340.085          0.001
      61883.383      33842.347    7516145.906          0.000
      61723.023      34754.035    1726209.772          0.001
      63734.483      33524.048    1092340.085          0.001
      63582.471      34787.279    1571284.292          0.001
      63734.483      33524.048    1092340.085          0.001
      65046.241      33435.455    4665548.487          0.001
      63734.483      33524.048    1092340.085          0.001
      64410.571      34286.557    1300605.053          0.000
      65046.241      33435.455    4665548.487          0.001
      65793.782      34558.771    7070345.005          0.000
      66731.597      34137.782    1275555.740          0.001
      66158.575      35415.141    1282511.443          0.001
      66854.435      33894.792    1275555.740          0.001
      67883.739      34843.756    1257398.635          0.001
      66844.650      33885.771    2336289.450          0.001
      65793.782      34558.771    7070345.005          0.000
      68433.781      34594.390    1258838.529          0.001
      68922.697      35488.499    2564987.114          0.001
      69113.586      34259.483    1258838.529          0.001
      70041.434      34680.853    1367054.039          0.001
      68609.214      33716.368    1258838.529          0.001
      69975.997      33670.177    3562694.706          0.001
      69975.997      33670.177    3562694.706          0.001
      70041.434      34680.853    1367054.039          0.001
      70651.901      33749.545    1221387.785          0.001
      71695.752      33872.119     883921.117          0.001
      71695.752      33872.119     883921.117          0.001
      72670.657      34464.658    1146349.954          0.003
      74188.952      34018.010    1107992.788          0.002
      74850.112      35252.056    1079064.378          0.003
      74009.741      34610.792    1107992.788          0.003
      73868.687      35598.348    2751497.321          0.002
      74114.308      33878.687    5584243.520          0.002
      74837.082      34260.869    1046841.002          0.003
      76164.029      33866.801    8450067.366          0.001
      75989.985      34870.489    3356451.872          0.001
      76202.130      33856.880    1042958.347          0.001
      77556.955      33504.108    1001733.150          0.002
      77785.409      33444.623    1112725.016          0.002
      78289.851      33937.761     969446.019          0.001
      77785.409      33444.623    1112725.016          0.002
      77003.311      34303.022    1023978.415          0.001
      79928.050      33752.249     958700.262          0.000
      79065.822      34696.343   19429003.579          0.000
       1254.171      35479.250     960033.079          0.002
       1909.301      35889.498    1095883.076          0.002
       2152.041      34751.065    1003511.381          0.001
       1909.301      35889.498    1095883.076          0.002
       3007.210      35144.426    1003511.381          0.002
       3863.045      35836.079    7304374.284          0.001
       4353.496      34773.444    1064813.037          0.002
       5003.656      35805.389    3568642.974          0.002
       4248.740      34607.174    3756714.322          0.002
       3983.583      35452.021    1053159.661          0.002
       5973.794      34543.221    1878235.857          0.003
       5984.764      35584.596    2069391.916          0.003
       6228.293      34866.184    1120929.809          0.004
       6860.519      35668.488     644716.254          0.004
       5973.794      34543.221    1878235.857          0.003
       5497.498      35162.891    1089435.182          0.003
       6774.526      34685.339    1120929.809          0.004
       8005.985      34903.904    8390720.648          0.000
       7701.015      35507.951    1178018.250          0.001
       7172.803      36554.170    1313850.996          0.003
       8073.299      35312.490    1178018.250          0.000
       8300.792      36693.327    4527089.855          0.000
       8956.235      34795.487    1178018.250          0.001
      10346.798      34636.833    9276653.824          0.000
       8512.232      35249.360    1178018.250          0.001
       9353.672      35823.545    1678972.388          0.001
       7835.812      35017.492    1178018.250          0.000
       6860.519      35668.488     644716.254          0.004
      11324.529      34552.701    1229536.964          0.001
      12339.316      34465.379    1127550.591          0.001
      10007.750      35041.971    1229536.964          0.000
       9353.672      35823.545    1678972.388          0.001
      12339.316      34465.379    1127550.591          0.001
      11365.991      35470.769    1243517.709          0.001
      12339.316      34465.379    1127550.591          0.001
      12930.419      35295.529    1274118.606          0.001
      13068.687      34620.181    2777084.214          0.001
      14450.170      34843.626    1292693.728          0.001
      15007.466      34933.765    7968114.799          0.001
      16008.474      34741.393    1312515.262          0.001
      15007.466      34933.765    7968114.799          0.001
      14093.059      35385.130    1274118.606          0.001
      15875.896      35236.174    1312515.262          0.001
      14993.190      35745.932    5890712.109          0.001
      18221.480      34725.076    1312515.262          0.001
      19225.792      34896.321    2474401.785          0.001
      19225.792      34896.321    2474401.785          0.001
      20217.450      34664.478    1337594.851          0.001
      19587.621      35052.687    1326819.769          0.001
      20872.751      35608.063    1333817.357          0.002
      19225.792      34896.321    2474401.785          0.001
      17988.648      35551.350    1312459.295          0.001
      21064.556      34760.153    1337594.851          0.000
      21234.087      35764.217    1689007.397          0.001
      22360.926      34889.521    2317229.538          0.001
      22208.106      35897.913    1336730.763          0.001
      22360.926      34889.521    2317229.538          0.001
      23160.383      35957.332    1691972.678          0.001
      22360.926      34889.521    2317229.538          0.001
      23379.827      34899.717    1349018.206          0.001
      22339.360      34906.262    1342265.130          0.001
      21234.087      35764.217    1689007.397          0.001
      24396.141      35172.941    1349018.206          0.000
      24275.233      36566.967    6935156.060          0.000
      25519.433      34833.021    1349018.206          0.001
      26535.315      34761.855    2944086.444          0.001
      23943.375      35305.821    1349018.206          0.001
      23160.383      35957.332    1691972.678          0.001
      24653.763      35140.781    1349018.206          0.000
      25380.127      35854.277    1678214.659          0.001
      26866.230      34976.623    1355387.335          0.001
      28040.581      35738.791    1355943.818          0.001
      26535.315      34761.855    2944086.444          0.001
      26098.532      35966.735    5235756.378          0.001
      26466.150      34827.262    1355387.335          0.001
      25448.952      35789.191    1348334.491          0.001
      26535.315      34761.855    2944086.444          0.001
      27934.327      34737.786    1359159.765          0.001
      29174.766      34666.926    1359159.765          0.001
      30568.085      34537.940    1050199.700          0.001
      29094.371      35026.830    1359159.765          0.001
      30336.275      35670.990    2466831.894          0.001
      28517.759      34727.748    3727902.903          0.001
      28371.802      35953.758    3226235.800          0.001
      30568.085      34537.940    1050199.700          0.001
      30336.275      35670.990    2466831.894          0.001
      31324.391      34614.649    1361911.822          0.000
      32322.142      35596.736    1361995.750          0.001
      31227.054      34556.412    1361911.822          0.000
      30353.010      35650.051    1359978.694          0.001
      33431.407      34643.806    5776881.092          0.001
      34447.083      34566.196    1362914.065          0.001
      34987.087      35186.430    1362914.065          0.001
      34328.774      35963.761    2596737.748          0.002
      35847.886      34984.099    1362914.065          0.000
      36317.002      35888.798    2736579.772          0.001
      36390.904      34938.057    4440902.383          0.000
      37272.864      35449.013    1364099.406          0.000
      38937.749      34982.368    1363004.446          0.001
      40242.870      35488.984    1364571.401          0.001
      38984.447      34907.246    1363004.446          0.001
      40384.132      34936.940    1363505.774          0.001
      38730.336      34901.855    1814858.061          0.001
      38727.580      35627.717    2044497.775          0.001
      40638.304      34942.333    4981929.651          0.001
      41566.731      35362.968    1363861.289          0.001
      40918.153      34893.447    1363505.774          0.001
      42297.269      34652.536    1364473.027          0.001
      42576.564      34603.748    1279649.138          0.001
      43702.980      34534.626    6164465.698          0.001
      43648.348      34951.410    1364401.047          0.001
      43466.393      36339.535    1365088.970          0.001
      43702.980      34534.626    6164465.698          0.001
      42919.363      35186.084    1363861.289          0.001
      43702.980      34534.626    6164465.698          0.001
      44707.707      34705.489    1361211.824          0.001
      45733.995      35594.269    1361211.824          0.001
      45809.458      36610.344    1762621.746          0.001
      45680.269      34870.881   11550287.085          0.000
      46599.612      35574.999    4041565.457          0.000
      45409.844      35165.985    1361211.824          0.000
      44721.299      35917.367    2631569.715          0.002
      47798.095      35180.337    1360641.723          0.001
      47785.326      36580.279    1361847.443          0.001
      47801.340      34824.597    1974735.239          0.001
      48549.837      35516.192    1358914.313          0.000
      47801.340      34824.597    1974735.239          0.001
      46937.420      35364.060    1360259.016          0.000
      48605.900      34916.845    1360527.937          0.001
      49687.191      35806.120    1357863.127          0.001
      48483.842      34816.462    5907645.125          0.000
      49502.206      34805.057    1358835.020          0.001
      50481.754      35141.696    1358835.020          0.000
      49809.213      35906.474    7507204.626          0.000
      52901.545      35589.448    1355911.018          0.001
      52907.695      36989.341    2600615.173          0.000
      53008.852      34867.043    1355911.018          0.001
      54407.278      34933.426    1352336.599          0.001
      52898.349      34861.798    3063364.770          0.001
      53769.397      35826.105    1558814.429          0.001
      52898.349      34861.798    3063364.770          0.001
      51619.304      35430.153    1356675.989          0.001
      54517.190      34938.643    1915304.895          0.001
      53769.397      35826.105    1558814.429          0.001
      54517.190      34938.643    1915304.895          0.001
      55318.225      35568.640    1346448.550          0.000
      57463.614      34905.610    1348543.443          0.002
      58715.056      35533.219    1337575.426          0.001
      56685.146      34515.202    2605502.589          0.001
      56667.184      35539.114    1344119.935          0.001
      56685.146      34515.202    2605502.589          0.001
      56076.824      35333.082    1346448.550          0.001
      58741.367      34458.818    4544653.683          0.000
      58729.211      35540.318    2611385.271          0.001
      60212.675      35089.028    1336023.085          0.001
      60945.376      35797.707    2050099.451          0.000
      60708.266      34657.384    1336023.085          0.001
      61723.023      34754.035    1726209.772          0.001
      59605.309      35376.920    1336023.085          0.001
      59514.498      36654.734    3317748.839          0.001
      61952.839      34758.144    1322848.060          0.001
      63352.615      34783.169    1308345.383          0.001
      61723.023      34754.035    1726209.772          0.001
      60945.376      35797.707    2050099.451          0.000
      63582.471      34787.279    1571284.292          0.001
      63976.900      35465.812    2471216.367          0.001
      63582.471      34787.279    1571284.292          0.001
      62648.479      35195.062    1322416.396          0.001
      65255.563      35023.239    1300605.053          0.001
      66045.607      35666.965    5080334.678          0.001
      67893.485      34852.743    1531321.921          0.001
      68009.237      35579.172    1178293.559          0.002
      67893.485      34852.743    1531321.921          0.001
      68922.697      35488.499    2564987.114          0.001
      67610.068      34977.623    1257398.635          0.001
      66328.922      35542.129    1282511.443          0.001
      70137.516      34743.555    1218424.155          0.001
      71309.948      35508.673    1180711.556          0.001
      70041.434      34680.853    1367054.039          0.001
      71038.277      34493.790    9518389.451          0.000
      70041.434      34680.853    1367054.039          0.001
      68922.697      35488.499    2564987.114          0.001
      71616.498      34529.262    1196389.663          0.001
      72907.227      34608.443    2141818.244          0.003
      72907.227      34608.443    2141818.244          0.003
      73632.124      35354.786    1117024.977          0.002
      72516.438      34965.007    1146349.954          0.003
      71665.957      35741.001    2067025.009          0.001
      75989.985      34870.489    3356451.872          0.001
      76775.739      35567.205    1426133.577          0.002
      76830.478      34574.471    1023978.415          0.001
      78111.944      35138.248     974002.651          0.002
      76776.870      34833.067    1023978.415          0.001
      76775.739      35567.205    1426133.577          0.002
      79759.157      34882.065     957599.966          0.000
      78956.027      35509.600    2672164.889          0.001
       1909.301      35889.498    1095883.076          0.002
       1941.336      36602.639     987501.497          0.001
       1909.301      35889.498    1095883.076          0.002
       1240.373      36185.614     955427.339          0.001
       2542.546      35872.184     999543.498          0.002
       3863.045      35836.079    7304374.284          0.001
       3863.045      35836.079    7304374.284          0.001
       4095.718      36987.740    1607302.493          0.002
       5003.656      35805.389    3568642.974          0.002
       4973.703      36492.284    1147333.163          0.002
       5984.764      35584.596    2069391.916          0.003
       5925.707      36547.441    1106097.562          0.003
       6395.187      35919.547    1121137.894          0.003
       7172.803      36554.170    1313850.996          0.003
       5984.764      35584.596    2069391.916          0.003
       5375.015      36132.003    1083388.998          0.003
       6860.519      35668.488     644716.254          0.004
       7172.803      36554.170    1313850.996          0.003
       9353.672      35823.545    1678972.388          0.001
       9839.388      36719.341    1223287.741          0.001
       9548.378      35810.535    1209671.742          0.001
      10945.263      35717.197    1243517.709          0.001
       9550.028      35921.030    1209671.742          0.001
      10803.991      36543.586    1239353.698          0.001
       9353.672      35823.545    1678972.388          0.001
       8567.999      36472.588    1181530.832          0.000
      11140.021      35704.184    2627725.868          0.001
      11000.782      36641.287    8633367.690          0.000
      12046.982      36118.049    1243517.709          0.002
      13319.964      36698.939    2569870.456          0.001
      11140.021      35704.184    2627725.868          0.001
      12158.918      35743.363    1274118.606          0.001
      13973.736      35770.056    1274118.606          0.001
      14993.190      35745.932    5890712.109          0.001
      14535.886      36006.396    1292663.185          0.001
      13319.964      36698.939    2569870.456          0.001
      15478.198      35774.246    1292663.185          0.001
      16875.818      35855.837    1312459.295          0.001
      17890.776      36144.772    1312459.295          0.001
      19146.932      36761.851    1955971.261          0.001
      17360.164      35884.112    5585247.771          0.001
      18379.480      35895.589    1323028.022          0.001
      16966.032      36038.546    1312459.295          0.001
      15662.526      36549.304    1296222.084          0.002
      19943.272      36233.816    1323028.022          0.001
      21041.385      36666.210    4038304.806          0.001
      20217.298      35830.860    1323028.022          0.001
      21234.087      35764.217    1689007.397          0.001
      21234.087      35764.217    1689007.397          0.001
      21944.566      36494.805    1336730.763          0.000
      23150.187      36419.370    1340340.075          0.001
      23119.311      37818.492    2319841.828          0.001
      23160.383      35957.332    1691972.678          0.001
      22305.001      36512.135    1336730.763          0.000
      25384.214      36057.569    1348334.491          0.001
      25412.355      37457.286    1346802.634          0.002
      25380.127      35854.277    1678214.659          0.001
      26199.129      36798.763    1748292.119          0.001
      25380.127      35854.277    1678214.659          0.001
      24524.113      36406.432    1343895.808          0.000
      26219.065      35966.047    1350116.708          0.001
      27619.042      35958.055    1355943.818          0.001
      28661.319      35912.084    1355943.818          0.001
      30047.037      35712.623    1359978.694          0.002
      28371.802      35953.758    3226235.800          0.001
      27606.392      36627.031    1350828.235          0.000
      28371.802      35953.758    3226235.800          0.001
      28151.676      36798.050    1186876.031          0.001
      30352.737      35692.234    1359978.694          0.001
      31210.290      36798.852    1358231.382          0.001
      30336.275      35670.990    2466831.894          0.001
      29604.892      36380.588    1354888.078          0.000
      32497.317      35779.743    1361995.750          0.001
      33440.878      36814.003    1361089.134          0.001
      32316.393      35759.943    1361995.750          0.001
      31312.983      36736.247    1358231.382          0.001
      32673.420      35716.449    1361995.750          0.001
      34058.052      35923.315    1363935.746          0.003
      34328.774      35963.761    2596737.748          0.002
      34434.719      36977.385    1358624.640          0.001
      34364.204      35995.769    1363935.746          0.003
      35403.057      36934.270    1363469.257          0.001
      34328.774      35963.761    2596737.748          0.002
      35727.232      35911.035    1364296.024          0.002
      34328.774      35963.761    2596737.748          0.002
      33535.320      36917.523    2192757.107          0.001
      36313.075      36067.933    1364296.024          0.001
      36282.393      37467.597    1361776.259          0.001
      36317.002      35888.798    2736579.772          0.001
      35438.316      36966.123    1895418.279          0.001
      36317.002      35888.798    2736579.772          0.001
      37325.678      35742.167    1364099.406          0.000
      36322.626      35892.486    1364296.024          0.001
      37493.379      36660.169    1365330.908          0.001
      38847.960      35798.684    1364426.313          0.001
      39653.701      36943.017    3150847.937          0.000
      38889.321      35622.244    1364426.313          0.001
      40288.520      35574.902    1364571.401          0.001
      38648.344      35694.516    1364426.313          0.001
      37577.961      36596.891    1365330.908          0.001
      40528.364      35645.137    1364571.401          0.001
      41534.506      36618.624    1365715.873          0.001
      40450.122      35569.434    2354461.185          0.001
      41466.979      35639.512    1363861.289          0.001
      40355.862      35732.004    1364571.401          0.001
      39653.701      36943.017    3150847.937          0.000
      44978.263      36420.349    1362129.311          0.002
      45615.191      37667.074    1364546.612          0.001
      44608.908      36111.012    1362129.311          0.002
      43906.141      37321.846    1365520.727          0.002
      44721.299      35917.367    2631569.715          0.002
      45809.458      36610.344    1762621.746          0.001
      44655.991      35959.194    1362129.311          0.002
      43477.057      36714.255    1365088.970          0.001
      47114.077      36167.118    1360259.016          0.001
      47782.082      36935.953    3751319.109          0.001
      46427.348      35800.718    1360259.016          0.000
      45809.458      36610.344    1762621.746          0.001
      49104.332      36035.540    1358914.313          0.000
      49845.252      36735.247    5428553.332          0.001
      48418.228      36139.819    1358914.313          0.000
      47782.082      36935.953    3751319.109          0.001
      49964.992      35965.868    1357863.127          0.001
      51273.133      36464.632    1357260.612          0.001
      49809.213      35906.474    7507204.626          0.000
      51169.956      35579.278    1356675.989          0.001
      51911.256      36006.393    1356675.989          0.001
      52907.695      36989.341    2600615.173          0.000
      51417.853      35519.670    2793086.553          0.001
      51428.996      36524.059    2750223.641          0.001
      53769.397      35826.105    1558814.429          0.001
      54596.522      36541.395    2556046.341          0.001
      53755.195      35845.276    1352104.977          0.001
      52921.848      36970.235    1354989.104          0.000
      56207.615      36724.694    1346448.550          0.001
      56733.035      37598.092    2720002.285          0.001
      56013.332      36025.901    1346448.550          0.000
      56920.064      36491.077    1913150.778          0.001
      55459.944      36000.051    1346448.550          0.000
      54596.522      36541.395    2556046.341          0.001
      57710.411      35640.382    1344119.935          0.001
      58729.211      35540.318    2611385.271          0.001
      58444.453      35689.967    1337575.426          0.001
      57205.166      36341.248    1343411.402          0.001
      58729.211      35540.318    2611385.271          0.001
      58624.113      36849.481    1462003.300          0.001
      58729.211      35540.318    2611385.271          0.001
      59399.200      36491.112    1332675.485          0.001
      60952.188      36239.601    1325789.834          0.001
      60973.753      37638.645    2075173.454          0.000
      60945.376      35797.707    2050099.451          0.000
      61787.907      36847.544    2711698.494          0.001
      60945.376      35797.707    2050099.451          0.000
      59947.310      36395.500    1332675.485          0.001
      62961.844      35556.892    1322416.396          0.001
      63976.900      35465.812    2471216.367          0.001
      64314.407      35498.630    1304189.799          0.001
      65707.835      35634.121    1282511.443          0.001
      63976.900      35465.812    2471216.367          0.001
      64513.140      36332.466    1292517.996          0.001
      63976.900      35465.812    2471216.367          0.001
      64025.373      36492.733    1593237.785          0.001
      63474.432      35782.980    1304189.799          0.001
      62290.554      36530.264    1319647.628          0.001
      66240.550      35765.281    1282511.443          0.001
      67490.576      36395.706    1258504.867          0.001
      66328.148      35654.332    1282511.443          0.001
      67726.751      35591.801    1255276.538          0.002
      66045.607      35666.965    5080334.678          0.001
      65355.531      36416.926    1292517.996          0.001
      68009.237      35579.172    1178293.559          0.002
      67685.546      36494.035    1517623.807          0.001
      68009.237      35579.172    1178293.559          0.002
      68657.215      36365.722    1238681.521          0.000
      68922.697      35488.499    2564987.114          0.001
      68855.408      36505.369    1238681.521          0.000
      69881.960      35836.897    1226095.926          0.001
      70854.421      36842.816    2072603.508          0.001
      69957.671      35615.834    1226095.926          0.001
      71353.928      35718.139    1180711.556          0.001
      71665.957      35741.001    2067025.009          0.001
      72346.796      36357.294    1139883.483          0.003
      71665.957      35741.001    2067025.009          0.001
      72507.626      35686.493    1117024.977          0.003
      71665.957      35741.001    2067025.009          0.001
      70854.421      36842.816    2072603.508          0.001
      73706.133      35832.437    1117024.977          0.002
      72957.679      36910.263    3467447.491          0.002
      73868.687      35598.348    2751497.321          0.002
      74735.693      35629.300    1079064.378          0.003
      75058.398      35640.820    1249182.483          0.002
      75872.853      35605.908    1026144.617          0.003
      75058.398      35640.820    1249182.483          0.002
      74876.941      36408.174    1082566.294          0.001
      76775.739      35567.205    1426133.577          0.002
      77539.755      35547.019     974002.651          0.002
      76162.288      35880.454    1026144.617          0.003
      74915.440      36517.140    1082566.294          0.001
      78956.027      35509.600    2672164.889          0.001
      79110.360      36619.996     963421.816          0.000
      78431.773      35917.836     974002.651          0.001
      77327.173      36777.986    1007475.154          0.001
      78956.027      35509.600    2672164.889          0.001
      79842.201      35683.348     961617.861          0.000
      79940.090      35790.978     961617.861          0.000
      79137.868      36817.912   25016044.902          0.000
       1079.345      37186.065     955427.339          0.001
       1912.010      37534.276    1609480.363          0.001
       4095.718      36987.740    1607302.493          0.002
       3864.807      37668.846   10979357.237          0.001
       4344.525      36847.336    1049215.488          0.002
       4973.703      36492.284    1147333.163          0.002
       5058.102      37395.695    1049215.488          0.003
       5853.012      37732.659    8633716.107          0.002
       5057.302      36610.211    1083388.998          0.003
       5853.012      37732.659    8633716.107          0.002
       7177.972      36561.055    1152272.269          0.003
       8016.268      37677.808    2273765.291          0.003
       7172.803      36554.170    1313850.996          0.003
       8300.792      36693.327    4527089.855          0.000
       8300.792      36693.327    4527089.855          0.000
       8016.268      37677.808    2273765.291          0.003
       8883.659      36703.570    2684017.728          0.000
       9744.577      37248.735    1223287.741          0.001
       8883.659      36703.570    2684017.728          0.000
       8051.057      37638.733    1170534.021          0.003
      11921.198      36664.167    1239353.698          0.001
      13319.964      36698.939    2569870.456          0.001
      13319.964      36698.939    2569870.456          0.001
      14719.519      36702.507    1296222.084          0.002
      13369.687      36771.599    1274887.959          0.001
      14160.329      37926.971    1282669.586          0.001
      13319.964      36698.939    2569870.456          0.001
      12220.958      37565.088    1256370.419          0.001
      15267.969      36703.905    3209163.565          0.001
      15937.216      37473.461    1304129.947          0.001
      15095.154      36915.579    1296222.084          0.002
      14210.078      37999.671    2607834.301          0.001
      15923.951      36781.992    1296222.084          0.002
      17314.136      36947.477    1313989.471          0.001
      17568.491      36934.915    1313989.471          0.002
      18960.152      36782.330    1324568.025          0.001
      17381.157      36955.455    1587057.819          0.001
      18215.214      37743.954    2695493.004          0.001
      17381.157      36955.455    1587057.819          0.001
      16668.431      37684.579    1304129.947          0.000
      19146.932      36761.851    1955971.261          0.001
      20043.747      37546.896    2058790.344          0.001
      19146.932      36761.851    1955971.261          0.001
      18215.214      37743.954    2695493.004          0.001
      19146.932      36761.851    1955971.261          0.001
      20522.875      36692.387    1332811.162          0.001
      21041.385      36666.210    4038304.806          0.001
      21289.083      37844.997    6707232.043          0.001
      21041.385      36666.210    4038304.806          0.001
      20043.747      37546.896    2058790.344          0.001
      24270.314      37504.629    1343895.808          0.001
      24264.971      38523.335    6783186.034          0.001
      24680.945      36955.760    1343895.808          0.000
      25416.442      37660.585    2203140.981          0.002
      23810.429      37070.213    1343895.808          0.001
      23119.311      37818.492    2319841.828          0.001
      26222.442      37014.269    1348938.843          0.001
      26373.015      38406.149    1348450.116          0.002
      26288.228      36893.082    1348938.843          0.001
      27249.623      37910.785    1350453.629          0.001
      26199.129      36798.763    1748292.119          0.001
      27211.465      36915.911    1350828.235          0.000
      26199.129      36798.763    1748292.119          0.001
      25416.442      37660.585    2203140.981          0.002
      27270.247      36922.713    9868620.476          0.000
      28151.676      36798.050    1186876.031          0.001
      28120.630      36844.154    1352842.124          0.001
      27338.803      38005.188    1856111.247          0.001
      28151.676      36798.050    1186876.031          0.001
      29174.324      37718.875    2470555.520          0.001
      30207.955      36798.641    1354888.078          0.001
      31226.776      36820.126    2864907.785          0.001
      31226.776      36820.126    2864907.785          0.001
      31469.824      37809.724    1355117.890          0.000
      31681.831      36839.324    1358231.382          0.002
      33080.586      36898.338    1361089.134          0.001
      30841.752      36988.724    1358231.382          0.002
      29559.316      37550.290    1353016.453          0.001
      33535.320      36917.523    2192757.107          0.001
      34278.050      37615.307    1358624.640          0.000
      33535.320      36917.523    2192757.107          0.001
      32603.000      37328.681    1355117.890          0.001
      35441.564      37151.187    1363469.257          0.001
      35466.127      38550.971    1357953.351          0.001
      35438.316      36966.123    1895418.279          0.001
      36278.463      37646.861    1984237.340          0.001
      37498.736      36663.681    3387826.244          0.001
      37426.965      37680.000    1359525.918          0.001
      37641.047      36815.190    1365330.908          0.001
      38599.344      37835.422    1842998.404          0.001
      38265.628      36763.089    1365330.908          0.001
      39653.701      36943.017    3150847.937          0.000
      37433.867      36715.947    1365330.908          0.001
      36343.691      37594.307    1361776.259          0.001
      39993.836      37089.027    1366287.253          0.001
      41280.313      37641.273    1365123.987          0.001
      39938.481      36906.839    1366287.253          0.001
      41327.319      36730.403    1365715.873          0.001
      39653.701      36943.017    3150847.937          0.000
      38599.344      37835.422    1842998.404          0.001
      41812.745      36701.049    1365715.873          0.001
      43211.918      36749.177    1365088.970          0.001
      43123.054      36922.340    1365088.970          0.001
      41909.860      37621.025    1365123.987          0.001
      43411.796      36756.052    2786362.206          0.001
      43793.668      37515.632    3147784.107          0.002
      46104.966      36659.121    1362862.261          0.002
      47486.275      36887.126    1361847.443          0.001
      45809.458      36610.344    1762621.746          0.001
      45621.353      37679.136    2169546.388          0.001
      47899.455      37142.134    1361847.443          0.001
      48592.070      38358.804    1360928.484          0.001
      48087.226      37067.530    1361847.443          0.001
      49372.803      37621.868    1361160.711          0.002
      48116.952      36903.376    1361847.443          0.001
      49510.374      36767.824    1359461.283          0.001
      47719.176      36973.926    1361847.443          0.001
      46520.625      37697.441    1363862.613          0.001
      49943.212      36722.184    1359461.283          0.001
      51330.929      36537.136    1357260.612          0.001
      51428.996      36524.059    2750223.641          0.001
      51830.514      37859.868    2202479.098          0.001
      51126.201      36736.620    1357260.612          0.001
      49980.353      37541.003    1361160.711          0.002
      51500.590      36546.586    1357260.612          0.001
      52836.039      36966.794    1354989.104          0.001
      53075.384      36944.863    1354989.104          0.001
      54428.593      36585.937    1350417.719          0.001
      52907.695      36989.341    2600615.173          0.000
      54133.072      37666.077    1350332.457          0.001
      54596.522      36541.395    2556046.341          0.001
      54487.693      37861.922    3273453.630          0.001
      55037.155      36759.328    1350417.719          0.001
      56292.057      37379.989    1343615.530          0.002
      56922.889      36494.028    1343411.402          0.001
      57891.009      37505.336    1339103.996          0.000
      57086.844      36526.155    1343411.402          0.001
      58456.869      36814.306    1336772.208          0.001
      56920.064      36491.077    1913150.778          0.001
      56733.035      37598.092    2720002.285          0.001
      58624.113      36849.481    1462003.300          0.001
      57894.101      37508.566    4420044.379          0.000
      58624.113      36849.481    1462003.300          0.001
      59514.498      36654.734    3317748.839          0.001
      60009.666      36988.604    1332675.485          0.001
      60973.753      37638.645    2075173.454          0.000
      62060.761      36981.707    1319647.628          0.001
      63317.103      37599.450    1303914.239          0.001
      62215.480      36779.741    1319647.628          0.001
      63598.202      36560.473    1302610.270          0.001
      61787.907      36847.544    2711698.494          0.001
      61680.306      37717.746   10866509.769          0.000
      61787.907      36847.544    2711698.494          0.001
      60973.753      37638.645    2075173.454          0.000
      64025.373      36492.733    1593237.785          0.001
      63589.892      37733.581    2535451.758          0.001
      64884.565      37523.848    1292517.996          0.001
      64887.098      38542.938    2701352.168          0.001
      65104.631      36852.534    1292517.996          0.000
      66066.157      36514.726    1569168.495          0.002
      66303.576      36654.166    1280730.486          0.002
      67510.770      37363.168    1255330.250          0.001
      66066.157      36514.726    1569168.495          0.002
      65653.680      37707.429    1283385.627          0.001
      66175.845      36513.325    1280730.486          0.002
      67575.731      36495.439    1258504.867          0.001
      67685.546      36494.035    1517623.807          0.001
      67748.058      37502.530    2164908.334          0.001
      69843.543      36719.798    1238681.521          0.001
      70854.421      36842.816    2072603.508          0.001
      68535.742      36856.074    1238681.521          0.000
      67748.058      37502.530    2164908.334          0.001
      70940.183      36911.020    1196751.484          0.001
      72035.917      37782.436    1167481.166          0.001
      70854.421      36842.816    2072603.508          0.001
      71789.952      36872.816    1139883.483          0.003
      70854.421      36842.816    2072603.508          0.001
      69594.073      37450.484    1239779.702          0.002
      72957.679      36910.263    3467447.491          0.002
      74079.329      37632.516    1108043.127          0.002
      72764.675      37127.397    1139883.483          0.003
      72121.752      37850.699    1227022.833          0.001
      74955.722      36695.549    1082566.294          0.001
      75832.684      37786.849    1054291.056          0.002
      74975.011      37134.936    1082566.294          0.002
      75148.327      37893.277     624206.753          0.003
      76889.378      37902.400    1007475.154          0.002
      76746.269      38607.811     816211.523          0.002
      77208.192      37109.043    1007475.154          0.001
      77820.544      37754.857    1060562.309          0.002
      79084.830      37377.881     963421.816          0.001
      78971.820      38571.043    1598314.742          0.001
      79137.868      36817.912   25016044.902          0.000
      79977.751      37730.916     959404.231          0.000
       1058.687      37632.830     958100.134          0.001
       1912.010      37534.276    1609480.363          0.001
        282.739      37985.901     958100.134          0.000
       1214.780      38746.725    5218431.605          0.001
       1912.010      37534.276    1609480.363          0.001
       1422.323      38385.818     974066.666          0.001
       2346.709      38007.354     989153.354          0.002
       3251.138      38991.637    3138479.575          0.002
       2611.706      37582.493     989153.354          0.002
       3864.807      37668.846   10979357.237          0.001
       3896.143      37865.532    1043362.233          0.001
       4055.255      38864.197    1786232.092          0.002
       3864.807      37668.846   10979357.237          0.001
       3293.860      38899.546    1022101.734          0.002
       6001.940      38166.013    1106097.562          0.002
       6233.886      38840.937    2505924.073          0.003
       5806.274      37838.439    1106097.562          0.002
       5240.462      39119.008    1075660.488          0.002
       5853.012      37732.659    8633716.107          0.002
       4990.258      38275.691    1046710.447          0.003
       8030.039      37753.678    1170534.021          0.003
       8253.769      38986.220    1518129.950          0.001
       8016.268      37677.808    2273765.291          0.003
       7045.998      38310.978    1117291.422          0.003
       8016.268      37677.808    2273765.291          0.003
       9184.287      37647.048    1223287.741          0.001
      11297.804      38279.724    1223287.741          0.001
      12139.713      38853.946    3051095.976          0.002
      11159.733      37608.589    1223287.741          0.001
      12178.775      37598.334    5901189.676          0.001
      10312.280      37906.201    1223287.741          0.000
      10263.656      38923.690    2357694.595          0.001
       9103.661      38424.675    1223287.741          0.001
       8253.769      38986.220    1518129.950          0.001
      12837.400      37728.463    1256370.419          0.002
      14210.078      37999.671    2607834.301          0.001
      14605.000      38168.570    1282669.586          0.001
      15892.219      38719.085    1303795.985          0.001
      14210.078      37999.671    2607834.301          0.001
      15229.248      37990.916    1304129.947          0.001
      14210.078      37999.671    2607834.301          0.001
      12916.414      38533.464    1255345.840          0.002
      17204.036      37874.489    1304129.947          0.001
      18215.214      37743.954    2695493.004          0.001
      18215.214      37743.954    2695493.004          0.001
      18818.782      38565.083    1321854.389          0.000
      17490.466      38173.834    1318314.807          0.002
      16286.744      38887.814    2579139.548          0.001
      18651.872      37696.897    1318314.807          0.001
      20043.747      37546.896    2058790.344          0.001
      20181.384      37654.636    1328930.510          0.002
      21283.799      38517.585    1333656.845          0.001
      20043.747      37546.896    2058790.344          0.001
      19518.326      38419.691    1321854.389          0.001
      21504.300      37841.881    1334202.243          0.001
      22904.153      37821.608    1340650.989          0.001
      23119.311      37818.492    2319841.828          0.001
      23531.217      38683.732    1857469.054          0.001
      22902.559      37921.479    1340650.989          0.001
      21638.039      38522.304    1333656.845          0.001
      23119.311      37818.492    2319841.828          0.001
      24264.971      38523.335    6783186.034          0.001
      25416.442      37660.585    2203140.981          0.002
      26396.344      38621.799    2308337.846          0.001
      25384.481      37923.215    1346802.634          0.002
      25215.357      39312.962    1345257.268          0.001
      27564.645      37969.960    1350453.629          0.001
      28947.918      37754.191    1353016.453          0.001
      27338.803      38005.188    1856111.247          0.001
      27293.517      38708.189    3948134.040          0.001
      27338.803      38005.188    1856111.247          0.001
      26396.344      38621.799    2308337.846          0.001
      28853.171      37887.803    1353016.453          0.001
      27614.127      38539.547    1349513.058          0.001
      29174.324      37718.875    2470555.520          0.001
      29370.771      38718.781    1351476.147          0.000
      29174.324      37718.875    2470555.520          0.001
      30192.263      37766.556    1355117.890          0.001
      32525.763      38319.054    1355117.890          0.001
      33448.564      38751.119    2482106.555          0.001
      32624.213      37719.865    1355117.890          0.001
      33638.811      37625.724    3428629.957          0.000
      31065.845      38009.223    1355117.890          0.000
      29787.959      38581.069    1351476.147          0.000
      33638.811      37625.724    3428629.957          0.000
      33448.564      38751.119    2482106.555          0.001
      34368.566      38762.523    1358624.640          0.001
      34195.981      39766.896    2396198.894          0.002
      36278.463      37646.861    1984237.340          0.001
      35469.377      38736.231    9119107.377          0.000
      38599.344      37835.422    1842998.404          0.001
      39280.742      38732.531    1359440.117          0.001
      38599.344      37835.422    1842998.404          0.001
      38459.524      39223.379    1358532.527          0.003
      38599.344      37835.422    1842998.404          0.001
      37723.702      38355.685    1359525.918          0.000
      39956.302      38252.419    1364134.625          0.001
      40643.386      39005.060    4032740.245          0.001
      40604.594      37709.552    1364134.625          0.001
      41620.862      37787.460    3217615.445          0.001
      42012.676      37738.443    1365123.987          0.001
      43401.847      37564.651    1365520.727          0.002
      41645.437      37813.494    1365123.987          0.001
      42606.439      38831.569    1361752.814          0.001
      41570.230      37850.530    1365123.987          0.001
      40693.801      38942.259    1359849.659          0.001
      43670.718      37657.552    1365520.727          0.002
      42754.016      38715.690    1361752.814          0.001
      44227.068      37554.404    1365520.727          0.002
      45621.353      37679.136    2169546.388          0.001
      45621.353      37679.136    2169546.388          0.001
      45790.392      38730.438    2158065.556          0.001
      45621.353      37679.136    2169546.388          0.001
      44415.601      38390.494    1361983.849          0.002
      46457.691      37735.431    8785312.135          0.001
      47570.369      37525.606    4842491.322          0.001
      47622.833      37573.479    1362917.667          0.001
      48657.000      38517.142    1360928.484          0.001
      50054.850      37772.036    1361160.711          0.002
      51453.140      37841.202    1356943.322          0.001
      49748.099      37836.572    1361160.711          0.001
      50651.667      38905.949    1357818.502          0.001
      49677.812      37753.387    3216121.151          0.001
      48709.455      38565.006    2665049.275          0.001
      51766.634      37924.964    1356943.322          0.001
      50786.066      38924.207    1357818.502          0.001
      51830.514      37859.868    2202479.098          0.001
      52551.571      38604.639    1524653.573          0.001
      52927.733      38083.798    1355221.453          0.000
      53521.561      38912.441    4997939.094          0.001
      53476.347      37733.618    1355221.453          0.001
      54487.693      37861.922    3273453.630          0.001
      54511.429      38083.116    1350332.457          0.001
      54660.804      39475.124    1348576.943          0.001
      54915.348      37811.673    1350332.457          0.001
      56305.782      37648.295    1343615.530          0.002
      54478.484      37871.936    1350332.457          0.001
      53530.788      38902.408    1351989.081          0.001
      56733.035      37598.092    2720002.285          0.001
      56014.142      38320.309    1346403.740          0.000
      56733.035      37598.092    2720002.285          0.001
      57605.323      38645.263    2762783.179          0.001
      57894.101      37508.566    4420044.379          0.000
      57605.323      38645.263    2762783.179          0.001
      59040.219      37985.935    1334218.701          0.000
      59746.411      38719.697    2062701.111          0.002
      59957.651      37706.922    1334218.701          0.001
      60973.753      37638.645    2075173.454          0.000
      60973.753      37638.645    2075173.454          0.000
      60896.822      38951.505    4488102.280          0.001
      60885.365      37716.498    1323412.174          0.001
      59834.787      38641.855    1330031.682          0.002
      61797.281      38648.556    1318502.964          0.001
      61924.377      39659.893    1605102.898          0.001
      62137.777      38248.053    1318502.964          0.001
      62803.573      39019.852    2396183.960          0.001
      62570.202      37725.125    1318502.964          0.001
      63589.892      37733.581    2535451.758          0.001
      63644.677      37767.763    1303914.239          0.001
      64832.449      38508.841    1291416.130          0.001
      63533.624      37825.623    1303914.239          0.001
      62803.573      39019.852    2396183.960          0.001
      66509.187      37743.039    1283385.627          0.001
      67748.058      37502.530    2164908.334          0.001
      65686.866      38024.434    1283385.627          0.001
      66609.318      38885.673    4157612.050          0.001
      67623.667      37653.619    1255330.250          0.001
      66733.825      38734.443    1270831.551          0.001
      67748.058      37502.530    2164908.334          0.001
      68689.744      37886.499    2025086.386          0.001
      68689.744      37886.499    2025086.386          0.001
      69709.434      37868.270    1196855.056          0.001
      68689.744      37886.499    2025086.386          0.001
      69058.176      38798.572    2141977.184          0.001
      68706.719      37896.439    1239779.702          0.001
      69914.828      38603.880    1217263.704          0.002
      68689.744      37886.499    2025086.386          0.001
      67813.664      38407.298    1256585.197          0.000
      70881.677      38746.409    1196855.056          0.001
      70867.630      39766.220    1638257.963          0.004
      70729.261      37978.363    1196855.056          0.000
      69931.621      38613.713    1228329.789          0.002
      71157.854      38143.861    1196855.056          0.000
      71834.872      38905.522     998159.368          0.001
      72121.752      37850.699    1227022.833          0.001
      72959.454      38228.019    1114654.731          0.003
      72121.752      37850.699    1227022.833          0.001
      73076.928      37771.918    1108043.127          0.003
      72121.752      37850.699    1227022.833          0.001
      71834.872      38905.522     998159.368          0.001
      74157.420      37682.800    1682198.554          0.002
      74532.583      38472.893    1092224.181          0.002
      74157.420      37682.800    1682198.554          0.002
      74015.071      38703.493    3508200.796          0.002
      74157.420      37682.800    1682198.554          0.002
      75051.048      37872.614    1078889.089          0.003
      75148.327      37893.277     624206.753          0.003
      74739.582      38908.833    5414356.567          0.002
      75940.677      37921.237    2502293.375          0.002
      76071.333      39096.451    1039657.953          0.002
      75940.677      37921.237    2502293.375          0.002
      76746.269      38607.811     816211.523          0.002
      75448.677      38325.782    1054291.056          0.002
      74739.582      38908.833    5414356.567          0.002
      77820.544      37754.857    1060562.309          0.002
      77864.513      38869.536     990392.715          0.001
      77820.544      37754.857    1060562.309          0.002
      78629.846      38328.604     976883.202          0.001
      77568.042      37955.339     999806.194          0.002
      76746.269      38607.811     816211.523          0.002
      79691.530      37999.897     959404.231          0.000
      78971.820      38571.043    1598314.742          0.001
        137.314      38876.696     957292.929          0.000
       1146.263      39620.193   18587516.811          0.000
       1214.780      38746.725    5218431.605          0.001
       1146.263      39620.193   18587516.811          0.000
       3251.138      38991.637    3138479.575          0.002
       3159.806      39955.678    1014023.350          0.001
       3251.138      38991.637    3138479.575          0.002
       2461.150      39227.543     967671.907          0.002
       4297.926      39041.440    1046710.447          0.003
       5036.413      39580.819    4505126.327          0.002
       4055.255      38864.197    1786232.092          0.002
       3614.726      39424.285    1014023.350          0.002
       7245.562      38913.704    1117291.422          0.004
       8253.769      38986.220    1518129.950          0.001
       6233.886      38840.937    2505924.073          0.003
       6230.671      39870.830    1665331.577          0.003
       7098.837      39190.136    1117291.422          0.003
       8032.725      39567.166    2714107.186          0.001
       8558.904      38976.727    1175860.223          0.001
       9958.227      38933.192    1222106.149          0.001
       8253.769      38986.220    1518129.950          0.001
       8930.642      39697.985   10061392.834          0.000
      10077.479      39271.954    1222106.149          0.001
       9417.452      40506.606    1191415.602          0.001
      10263.656      38923.690    2357694.595          0.001
      11263.408      39815.718    2553518.789          0.003
      10263.656      38923.690    2357694.595          0.001
      11662.136      38871.700    1255345.840          0.002
      12139.713      38853.946    3051095.976          0.002
      12950.684      39787.380    2193048.260          0.001
      12803.688      38809.401    1255345.840          0.002
      14199.695      38715.744    4979724.787          0.001
      12139.713      38853.946    3051095.976          0.002
      11263.408      39815.718    2553518.789          0.003
      14209.484      38723.375    1283101.686          0.001
      15313.656      39584.076    1293060.252          0.001
      14106.393      38795.795    1283101.686          0.001
      13043.878      39707.421    1264074.029          0.001
      14545.877      38744.286    1283101.686          0.001
      15941.143      38859.320    1303795.985          0.001
      16286.744      38887.814    2579139.548          0.001
      17683.347      38974.591    1318281.693          0.001
      16295.858      38896.731    1303795.985          0.001
      17296.338      39875.540    2431093.781          0.001
      16286.744      38887.814    2579139.548          0.001
      15323.441      39591.703    2645306.200          0.001
      18424.622      39048.159    1318281.693          0.000
      17296.338      39875.540    2431093.781          0.001
      18459.206      39022.798    5433165.439          0.000
      19331.932      40018.989    4498356.489          0.001
      19155.243      39022.822    9876449.015          0.000
      19331.932      40018.989    4498356.489          0.001
      20417.934      38801.298    1321854.389          0.001
      21421.353      38625.260    2544027.891          0.001
      19203.971      39055.695    1321854.389          0.000
      20364.570      39838.645    1326709.184          0.000
      21421.353      38625.260    2544027.891          0.001
      22127.095      39713.799    2193386.781          0.001
      21421.353      38625.260    2544027.891          0.001
      20781.078      39417.479    1326709.184          0.001
      21776.421      38635.100    1333656.845          0.001
      23175.883      38673.885    1341330.943          0.002
      23549.364      38718.360    1341330.943          0.001
      24199.230      39958.390    1341738.420          0.000
      23531.217      38683.732    1857469.054          0.001
      23139.924      39624.711    1338234.039          0.000
      23393.592      38784.694    1341330.943          0.002
      22264.770      39612.801    1334752.449          0.001
      24264.971      38523.335    6783186.034          0.001
      25183.352      39575.950    3408503.033          0.001
      26396.344      38621.799    2308337.846          0.001
      27155.263      39730.344    2461089.560          0.001
      26340.113      38666.031    1348450.116          0.001
      25239.746      39531.590    1345257.268          0.001
      27293.517      38708.189    3948134.040          0.001
      28311.866      38735.336    1351476.147          0.001
      27293.517      38708.189    3948134.040          0.001
      27155.263      39730.344    2461089.560          0.001
      29166.392      38970.763    1351476.147          0.000
      28162.078      39945.592   10303780.612          0.000
      30288.419      38877.361    1351476.147          0.001
      31299.613      39003.716    2018370.383          0.001
      31301.377      39005.373    1353816.320          0.001
      32321.491      39963.933    2673362.561          0.000
      31679.221      38959.095    1353816.320          0.001
      33069.648      38795.658    1356325.988          0.001
      31290.991      39011.300    1353816.320          0.001
      30239.770      39935.927    1353379.597          0.001
      33448.564      38751.119    2482106.555          0.001
      34195.981      39766.896    2396198.894          0.002
      33352.716      38854.258    1356325.988          0.001
      32399.682      39879.794    1356255.155          0.001
      35519.968      38776.300    1357953.351          0.000
      36617.447      39645.518    1358178.929          0.002
      35469.377      38736.231    9119107.377          0.000
      36483.972      38646.847    1359525.918          0.001
      35376.776      38811.181    1357953.351          0.001
      34288.558      39691.966    1357032.541          0.002
      37750.051      39042.006    1359525.918          0.001
      38397.856      39835.549    2371118.749          0.003
      37206.991      38821.340    1359525.918          0.000
      36668.034      39685.583    1913099.313          0.002
      39869.495      39764.154    1359440.117          0.001
      40422.760      40787.920    3239912.171          0.003
      39783.625      39129.827    1359440.117          0.001
      40730.095      39740.808    1920517.307          0.002
      39211.084      39047.534    1359440.117          0.001
      38397.856      39835.549    2371118.749          0.003
      40938.886      38983.143    1359849.659          0.001
      42335.051      38879.589    1361752.814          0.001
      42315.061      39004.440    1361752.814          0.001
      41045.399      39594.319    1359265.207          0.002
      42631.044      38857.635    2514871.808          0.001
      43650.523      38841.868    9743505.254          0.001
      44392.573      38803.227    1361983.849          0.001
      45790.392      38730.438    2158065.556          0.001
      45790.392      38730.438    2158065.556          0.001
      46405.914      39960.475    1357747.280          0.003
      45761.674      38756.747    1362016.232          0.001
      44729.379      39702.458    1359489.072          0.002
      45790.392      38730.438    2158065.556          0.001
      46800.678      38864.129    1360196.257          0.001
      47149.904      39576.546    1360196.257          0.001
      46737.988      40635.001    4426494.591          0.002
      47130.845      39239.264    1360196.257          0.000
      46433.987      40016.576    1872388.102          0.003
      48709.455      38565.006    2665049.275          0.001
      48632.477      39843.860    2325464.148          0.001
      49030.752      38632.747    1360928.484          0.001
      50400.636      38921.567    1357818.502          0.001
      50951.945      38941.026    1357818.502          0.001
      52321.980      38652.920    1354567.236          0.001
      50763.503      39004.048    1357818.502          0.001
      52082.712      39472.757    1352717.339          0.002
      50325.091      39151.713    1357818.502          0.001
      49029.248      39681.612    1356840.264          0.001
      52551.571      38604.639    1524653.573          0.001
      52668.939      39681.041    2508257.648          0.002
      52551.571      38604.639    1524653.573          0.001
      53521.561      38912.441    4997939.094          0.001
      53599.881      39433.827    1351989.081          0.002
      53807.737      40817.552    2467801.437          0.001
      56586.572      38668.777    1346403.740          0.001
      57605.323      38645.263    2762783.179          0.001
      58347.829      38671.076    1339681.214          0.002
      59746.411      38719.697    2062701.111          0.002
      57605.323      38645.263    2762783.179          0.001
      57856.390      39765.754    4084978.425          0.001
      57586.613      38666.628    1339681.214          0.001
      56664.267      39719.850    1342638.295          0.000
      59746.411      38719.697    2062701.111          0.002
      59816.641      39913.230    1879764.102          0.003
      59746.411      38719.697    2062701.111          0.002
      58522.282      39397.207    1338258.396          0.002
      60896.822      38951.505    4488102.280          0.001
      60795.820      40341.423    1319673.862          0.003
      60896.822      38951.505    4488102.280          0.001
      61924.377      39659.893    1605102.898          0.001
      60896.822      38951.505    4488102.280          0.001
      59851.711      39882.006    1329241.863          0.003
      62803.573      39019.852    2396183.960          0.001
      63592.448      40175.995    1294406.328          0.001
      62803.573      39019.852    2396183.960          0.001
      64119.632      39496.430    1289675.055          0.001
      62803.573      39019.852    2396183.960          0.001
      64167.910      38707.558    1291416.130          0.002
      62803.573      39019.852    2396183.960          0.001
      61924.377      39659.893    1605102.898          0.001
      64887.098      38542.938    2701352.168          0.001
      64937.683      39792.667    3004731.672          0.001
      65061.500      38577.645    1291416.130          0.001
      66434.574      38850.897    1270831.551          0.001
      66388.662      39005.396    1270831.551          0.001
      65158.124      39673.060    1289675.055          0.001
      67791.039      38723.115    1256585.197          0.000
      68726.674      39764.551    1232893.287          0.000
      67383.123      38877.802    1256585.197          0.000
      66824.028      39729.837    1720543.533          0.001
      69058.176      38798.572    2141977.184          0.001
      68924.620      39808.734    1232893.287          0.000
      69958.264      38646.519    1217263.704          0.002
      70840.865      39733.265    1194886.591          0.004
      69931.621      38613.713    1228329.789          0.002
      69314.160      39424.273    1232893.287          0.001
      71834.872      38905.522     998159.368          0.001
      72662.229      38828.855    1114654.731          0.004
      71834.872      38905.522     998159.368          0.001
      70867.630      39766.220    1638257.963          0.004
      74017.142      38818.753    1114654.731          0.002
      74039.228      40047.448    1554522.437          0.003
      73002.226      39266.367    1114654.731          0.003
      72016.297      39814.283    4785765.494          0.000
      74739.582      38908.833    5414356.567          0.002
      74998.186      40072.248    1063383.412          0.002
      74439.037      39397.450    1092224.181          0.002
      74039.228      40047.448    1554522.437          0.003
      76746.269      38607.811     816211.523          0.002
      76237.210      39646.158    1039657.953          0.001
      78971.820      38571.043    1598314.742          0.001
      79634.508      39360.506     952253.603          0.001
      78945.680      38601.105     976883.202          0.001
      78027.037      39657.559     990392.715          0.001
       1514.708      40215.056     967671.907          0.001
       1999.018      40996.988     697956.964          0.001
       1146.263      39620.193   18587516.811          0.000
        206.988      40600.334     945425.420          0.000
       3154.745      40009.104   15302326.206          0.001
       3011.963      40783.363    1430728.983          0.002
       3052.712      40096.318    1014023.350          0.001
       1999.018      40996.988     697956.964          0.001
       5036.413      39580.819    4505126.327          0.002
       5260.275      40593.325    1077123.731          0.002
       5406.172      39670.611    1075660.488          0.002
       6230.671      39870.830    1665331.577          0.003
       7230.954      39702.272    1113080.755          0.004
       8032.725      39567.166    2714107.186          0.001
       6230.671      39870.830    1665331.577          0.003
       6960.860      40708.322    2753764.144          0.003
       8032.725      39567.166    2714107.186          0.001
       7390.435      40250.977    1130702.683          0.003
       8155.107      39698.629    1167957.877          0.001
       9109.033      40723.336    1191415.602          0.001
      11263.408      39815.718    2553518.789          0.003
      11919.238      40659.013    1301611.362          0.003
      10477.117      40217.756    1237895.475          0.004
       9231.350      40854.729    2809595.762          0.001
      11551.901      39810.873    1237895.475          0.004
      12950.684      39787.380    2193048.260          0.001
      12950.684      39787.380    2193048.260          0.001
      13079.767      40797.778    1251755.889          0.001
      12950.684      39787.380    2193048.260          0.001
      13947.082      40706.944    1935154.068          0.001
      12950.684      39787.380    2193048.260          0.001
      11919.238      40659.013    1301611.362          0.003
      15179.057      39708.696    1293060.252          0.001
      14091.318      40590.072    1272507.726          0.001
      15323.441      39591.703    2645306.200          0.001
      16112.625      40744.146    1294529.265          0.003
      15911.016      39676.237    1293060.252          0.001
      17296.338      39875.540    2431093.781          0.001
      17296.338      39875.540    2431093.781          0.001
      18492.565      40601.085    1315135.359          0.002
      17296.338      39875.540    2431093.781          0.001
      18691.920      39973.887    1321101.097          0.001
      17296.338      39875.540    2431093.781          0.001
      16299.956      40853.560    1294529.265          0.003
      21112.685      39807.396    1326709.184          0.001
      22127.095      39713.799    2193386.781          0.001
      20586.288      40103.810    1326709.184          0.000
      21194.428      40921.681    2302989.998          0.000
      19880.260      40315.813    1326709.184          0.001
      19096.861      40967.608    2514553.184          0.001
      22127.095      39713.799    2193386.781          0.001
      23050.088      40763.901    1334079.041          0.003
      22127.095      39713.799    2193386.781          0.001
      21271.736      40821.561    1326733.001          0.001
      23107.337      39963.855    1338234.039          0.000
      23237.171      40976.748    2390592.362          0.003
      24217.431      39993.119   12437935.287          0.000
      24304.119      40958.652    4386687.063          0.003
      24217.431      39993.119   12437935.287          0.000
      23237.171      40976.748    2390592.362          0.003
      25183.352      39575.950    3408503.033          0.001
      25286.098      40830.481    1332054.086          0.003
      25183.352      39575.950    3408503.033          0.001
      26040.951      40661.831    1341501.591          0.003
      25183.352      39575.950    3408503.033          0.001
      24442.844      40740.489    1337186.916          0.003
      25471.694      39598.526    1345257.268          0.001
      26867.422      39707.807    1348830.698          0.001
      27242.078      39838.187    1348830.698          0.001
      28119.983      40928.730    1345340.417          0.001
      27155.263      39730.344    2461089.560          0.001
      26436.251      40911.377    1341501.591          0.003
      29211.601      39944.568    1349988.088          0.001
      30231.077      39943.573    2860051.293          0.001
      28165.099      40018.651    1349988.088          0.000
      28207.209      41037.084    2770137.025          0.001
      30231.077      39943.573    2860051.293          0.001
      30549.688      41022.581    2538944.872          0.000
      29834.775      40157.697    1353379.597          0.001
      28603.066      40823.199    1345340.417          0.001
      30922.043      39950.303    1353379.597          0.001
      32321.491      39963.933    2673362.561          0.000
      32321.491      39963.933    2673362.561          0.000
      33713.556      39817.606    1357032.541          0.002
      32321.549      39963.977    1356255.155          0.000
      33441.243      40804.384    1350725.407          0.001
      32287.286      39984.371    1356255.155          0.000
      31085.471      40702.452    1348122.966          0.001
      34195.981      39766.896    2396198.894          0.002
      34300.941      40780.768    1348491.011          0.000
      34195.981      39766.896    2396198.894          0.002
      33441.393      40804.497    1574235.978          0.001
      35386.265      39650.877    6530140.483          0.001
      36320.344      40620.551    1347256.701          0.003
      35386.265      39650.877    6530140.483          0.001
      34763.670      40457.925    1348491.011          0.001
      36668.034      39685.583    1913099.313          0.002
      38057.354      39806.029    1358532.527          0.003
      36668.034      39685.583    1913099.313          0.002
      37746.202      40326.274    1349621.696          0.003
      36668.034      39685.583    1913099.313          0.002
      36688.209      41002.435    2528637.454          0.003
      38397.856      39835.549    2371118.749          0.003
      39640.587      40420.042    1349887.857          0.004
      40730.095      39740.808    1920517.307          0.002
      41576.680      40307.791    1348017.564          0.001
      40978.844      39746.097    1359265.207          0.002
      42378.527      39775.855    1359833.673          0.001
      40730.095      39740.808    1920517.307          0.002
      40422.760      40787.920    3239912.171          0.003
      42627.998      39781.159   15211903.723          0.000
      43746.638      40408.907    1349450.212          0.003
      42904.840      39789.309    1359833.673          0.001
      44304.233      39830.509    1359489.072          0.002
      44580.719      39838.649    2320843.433          0.002
      45951.883      39970.290    1357747.280          0.003
      44580.719      39838.649    2320843.433          0.002
      44533.431      40850.432    2293993.046          0.002
      44580.719      39838.649    2320843.433          0.002
      45420.309      40831.411    1348735.106          0.003
      46433.987      40016.576    1872388.102          0.003
      45480.039      40902.039    1550271.179          0.002
      48968.658      39872.688    1356840.264          0.001
      50363.539      39992.298    1354295.182          0.001
      48632.477      39843.860    2325464.148          0.001
      48777.721      40601.208    5390517.802          0.000
      48632.477      39843.860    2325464.148          0.001
      47436.481      40343.310    1351215.506          0.003
      50967.449      39974.980    1354295.182          0.001
      52347.015      39736.655    1352717.339          0.002
      50700.127      40021.161    6061535.992          0.000
      49724.310      40315.594    1350675.551          0.001
      50700.127      40021.161    6061535.992          0.000
      50769.359      40941.604    1391191.789          0.001
      52668.939      39681.041    2508257.648          0.002
      51898.215      40348.245    1348749.127          0.000
      52817.037      39828.842    1352717.339          0.002
      53807.737      40817.552    2467801.437          0.001
      54965.175      39702.809    1348576.943          0.001
      56364.806      39734.936    1342638.295          0.001
      54741.667      39739.379    1348576.943          0.001
      55860.067      40581.509    1342490.173          0.001
      54669.949      39715.032    1348576.943          0.001
      53807.737      40817.552    2467801.437          0.001
      56645.415      39741.377   11145225.240          0.000
      55917.085      40624.442    2205418.102          0.001
      57856.390      39765.754    4084978.425          0.001
      58918.413      40639.400    2193056.548          0.001
      57837.429      40670.557    1338258.396          0.002
      57808.118      42069.312    2347082.035          0.000
      57775.974      39814.932    1338258.396          0.001
      56581.612      40545.341    1340909.534          0.001
      58138.529      39786.980    1338258.396          0.001
      59534.584      39892.010    1329241.863          0.003
      59816.641      39913.230    1879764.102          0.003
      58918.413      40639.400    2193056.548          0.001
      61924.377      39659.893    1605102.898          0.001
      62646.475      39944.620    3940728.789          0.001
      61924.377      39659.893    1605102.898          0.001
      60911.111      40616.619    1319673.862          0.002
      62646.475      39944.620    3940728.789          0.001
      62780.448      41304.252    1293010.209          0.003
      62646.475      39944.620    3940728.789          0.001
      63851.875      40655.605    1294406.328          0.001
      65181.140      39784.558    1289675.055          0.001
      66580.364      39737.953    1266386.827          0.001
      64937.683      39792.667    3004731.672          0.001
      63965.387      40722.558    2797529.700          0.000
      66824.028      39729.837    1720543.533          0.001
      66993.382      41017.676    1523434.468          0.001
      66824.028      39729.837    1720543.533          0.001
      65911.791      40184.211    1285378.276          0.001
      66824.028      39729.837    1720543.533          0.001
      67836.679      39842.989    1232893.287          0.001
      69036.750      40068.351    1232893.287          0.000
      69859.203      40727.065    4372840.626          0.002
      69853.567      39867.488    1232893.287          0.001
      70867.630      39766.220    1638257.963          0.004
      67885.083      40525.198    1232893.287          0.001
      66993.382      41017.676    1523434.468          0.001
      70867.630      39766.220    1638257.963          0.004
      69878.969      40708.231    1210242.291          0.002
      70867.630      39766.220    1638257.963          0.004
      71886.680      39808.860    1167204.344          0.000
      71910.174      40628.081    1167204.344          0.001
      71750.084      41855.723    2086485.149          0.003
      72152.656      39931.356    1167204.344          0.000
      73071.441      40720.191     986221.536          0.003
      72016.297      39814.283    4785765.494          0.000
      73332.208      39965.956    1107013.574          0.003
      71509.670      40202.408    1167204.344          0.001
      70698.951      40823.497    2730225.164          0.003
      74039.228      40047.448    1554522.437          0.003
      73899.484      40883.097    1093201.411          0.002
      73971.627      40094.439    1107013.574          0.003
      73071.441      40720.191     986221.536          0.003
      76151.813      39820.346    8644285.785          0.001
      76743.430      40782.492     943700.412          0.002
      75758.335      40201.816    1039657.953          0.002
      75156.648      40785.141    3926194.689          0.002
      77888.905      39999.031     990392.715          0.001
      77800.939      41396.265     974439.836          0.001
      77901.300      39802.158   14077119.648          0.001
      79121.814      40391.956     945240.269          0.001
      77296.544      40314.187     990392.715          0.001
      76743.430      40782.492     943700.412          0.002
       1141.181      40919.462     945425.420          0.001
       1999.018      40996.988     697956.964          0.001
        658.328      41114.383     945425.420          0.001
       1933.704      41691.803     970283.072          0.000
       2036.245      40989.138     979480.004          0.001
       3011.963      40783.363    1430728.983          0.002
       3093.554      40865.637    1006513.148          0.002
       4079.367      41859.706    1027063.267          0.001
       4199.920      40699.971    1006513.148          0.003
       5267.288      40625.044    7458958.314          0.002
       5567.366      41143.310    1077123.731          0.002
       6017.791      41921.240    4636136.360          0.002
       5267.288      40625.044    7458958.314          0.002
       4575.283      41345.553    1027063.267          0.002
       6960.860      40708.322    2753764.144          0.003
       7227.908      41654.388    2222498.391          0.003
       6960.860      40708.322    2753764.144          0.003
       6357.988      41483.699    1088649.193          0.003
       8260.114      40792.101    1130702.683          0.004
       9231.350      40854.729    2809595.762          0.001
       9231.350      40854.729    2809595.762          0.001
      10623.336      40803.842    1231497.010          0.003
       9231.350      40854.729    2809595.762          0.001
      10399.992      41471.640    1215888.831          0.003
       9231.350      40854.729    2809595.762          0.001
       8900.744      42033.482    2226896.607          0.003
       9231.350      40854.729    2809595.762          0.001
       8206.771      41263.682    1129288.321          0.004
      11919.238      40659.013    1301611.362          0.003
      11011.175      41613.054    1215888.831          0.002
      11919.238      40659.013    1301611.362          0.003
      12695.206      41320.602    1251755.889          0.001
      13947.082      40706.944    1935154.068          0.001
      14379.294      41910.359    2346455.151          0.002
      13947.082      40706.944    1935154.068          0.001
      15338.287      40836.346    1294529.265          0.004
      13947.082      40706.944    1935154.068          0.001
      13355.788      41536.367    1251755.889          0.000
      16232.735      40919.542    2667535.366          0.003
      17088.702      40712.180    5276406.799          0.000
      16232.735      40919.542    2667535.366          0.003
      15049.432      41552.115    1264196.557          0.003
      16893.713      40947.586    1302860.651          0.000
      16205.084      41778.954    4095893.412          0.002
      17088.702      40712.180    5276406.799          0.000
      18064.161      41714.840    1297823.570          0.000
      18084.920      40838.894    1302860.651          0.001
      19096.861      40967.608    2514553.184          0.001
      19235.896      41078.867    1315135.359          0.001
      20328.990      41953.593    1308850.996          0.001
      19445.563      40959.973    1315135.359          0.001
      20845.228      40929.327    1326733.001          0.001
      19096.861      40967.608    2514553.184          0.001
      18424.377      41733.098    1297823.570          0.000
      21194.428      40921.681    2302989.998          0.000
      22592.392      40959.367    1334079.041          0.004
      21194.428      40921.681    2302989.998          0.000
      20468.343      42065.108    1614409.476          0.001
      23237.171      40976.748    2390592.362          0.003
      22263.787      41283.949    1318968.548          0.001
      23237.171      40976.748    2390592.362          0.003
      23247.379      42032.783    1170754.401          0.004
      24304.119      40958.652    4386687.063          0.003
      24243.107      41943.616    1286995.453          0.003
      24216.904      41047.301    1337186.916          0.003
      23247.379      42032.783    1170754.401          0.004
      26823.513      41049.019    1341501.591          0.003
      28207.209      41037.084    2770137.025          0.001
      26349.968      41053.104    2615634.004          0.003
      27218.535      41705.699    1297116.155          0.001
      28207.209      41037.084    2770137.025          0.001
      29194.063      41291.392    1341384.963          0.001
      28678.516      41034.166    1345340.417          0.001
      30078.489      41025.498    1348122.966          0.001
      28207.209      41037.084    2770137.025          0.001
      27218.535      41705.699    1297116.155          0.001
      30549.688      41022.581    2538944.872          0.000
      31550.971      40831.356    1351866.541          0.001
      31098.243      41202.306    1348122.966          0.001
      32428.657      41638.193    1342072.258          0.001
      33441.393      40804.497    1574235.978          0.001
      34289.675      41822.178    1674339.924          0.001
      33441.393      40804.497    1574235.978          0.001
      34326.222      41024.974    6386236.655          0.000
      33441.393      40804.497    1574235.978          0.001
      32446.867      41644.159    2257553.005          0.001
      35459.574      41459.251    1348491.011          0.001
      36541.001      41873.633    2015391.497          0.003
      35610.385      41012.720    1348491.011          0.001
      36688.209      41002.435    2528637.454          0.003
      36688.209      41002.435    2528637.454          0.003
      37975.593      40780.230    1349621.696          0.002
      36688.209      41002.435    2528637.454          0.003
      36541.001      41873.633    2015391.497          0.003
      39132.346      40737.658    1349621.696          0.003
      40422.760      40787.920    3239912.171          0.003
      40660.946      41041.103    1349887.857          0.003
      41600.657      42039.977    1176816.714          0.004
      40422.760      40787.920    3239912.171          0.003
      40592.040      41789.853    2383742.025          0.003
      40422.760      40787.920    3239912.171          0.003
      41474.226      40886.368    1348017.564          0.001
      42595.434      41584.985    1348017.564          0.001
      42591.146      42743.826    1691027.250          0.003
      42925.879      41266.753    1348017.564          0.000
      43783.858      41986.078    1358926.520          0.002
      43383.267      40934.278    1348017.564          0.001
      44533.431      40850.432    2293993.046          0.002
      42307.119      41297.054    1348017.564          0.000
      41600.657      42039.977    1176816.714          0.004
      44533.431      40850.432    2293993.046          0.002
      43783.858      41986.078    1358926.520          0.002
      44533.431      40850.432    2293993.046          0.002
      45480.039      40902.039    1550271.179          0.002
      45480.039      40902.039    1550271.179          0.002
      46281.607      41582.169    1334650.447          0.002
      45480.039      40902.039    1550271.179          0.002
      46737.988      40635.001    4426494.591          0.002
      46737.988      40635.001    4426494.591          0.002
      47479.787      41749.120    1333436.284          0.003
      46737.988      40635.001    4426494.591          0.002
      47873.674      40616.186    1350675.551          0.001
      48996.993      41028.896    1350675.551          0.000
      49481.720      41974.351    2503910.624          0.003
      49764.658      40769.888    1350675.551          0.001
      50769.359      40941.604    1391191.789          0.001
      48397.111      41018.563    1350675.551          0.000
      47585.746      41908.262    2468940.512          0.002
      50769.359      40941.604    1391191.789          0.001
      51413.768      41832.239    1937100.136          0.001
      50769.359      40941.604    1391191.789          0.001
      49709.166      41791.928    1335724.522          0.003
      52436.820      41094.618    1348749.127          0.001
      53661.740      41772.308    7221702.733          0.000
      52792.873      40728.289    1348749.127          0.001
      53807.737      40817.552    2467801.437          0.001
      53807.737      40817.552    2467801.437          0.001
      55011.706      41531.560    1331207.044          0.002
      53807.737      40817.552    2467801.437          0.001
      55201.226      40689.979    1342490.173          0.002
      55917.085      40624.442    2205418.102          0.001
      55642.535      41905.671    3389374.369          0.001
      56880.061      41022.033    1340909.534          0.001
      57808.118      42069.312    2347082.035          0.000
      56455.287      40664.631    1340909.534          0.001
      55688.277      41835.825    1331207.044          0.001
      58918.413      40639.400    2193056.548          0.001
      59911.179      41462.629    1305644.103          0.002
      58918.413      40639.400    2193056.548          0.001
      60309.228      40725.501    1319673.862          0.003
      58792.566      40801.473    1331262.104          0.001
      57933.946      41907.263    1319673.216          0.001
      60765.856      40753.769    4734167.159          0.002
      61790.461      40802.694    1311138.992          0.000
      62067.796      40939.975    1311138.992          0.000
      62817.713      41682.439    2168798.043          0.003
      61431.086      41254.600    1311138.992          0.001
      60572.476      42010.994    8705538.070          0.002
      63965.387      40722.558    2797529.700          0.000
      63876.793      41802.518    1252156.211          0.003
      64015.229      40788.251    1294406.328          0.001
      64861.436      41903.569    1266757.895          0.001
      63965.387      40722.558    2797529.700          0.000
      62918.196      41598.398    1293010.209          0.003
      65104.242      40885.467    1285378.276          0.000
      66368.633      41486.561    1248732.610          0.000
      65982.623      40889.629    1285378.276          0.001
      66993.382      41017.676    1523434.468          0.001
      66993.382      41017.676    1523434.468          0.001
      67339.261      41680.602    1191309.460          0.003
      66993.382      41017.676    1523434.468          0.001
      68384.644      40864.654    1227208.981          0.001
      66993.382      41017.676    1523434.468          0.001
      67766.469      41506.596    1205341.946          0.003
      68914.039      40806.427    1003340.823          0.001
      68755.572      41665.709    1205341.946          0.002
      68914.039      40806.427    1003340.823          0.001
      69859.203      40727.065    4372840.626          0.002
      69859.203      40727.065    4372840.626          0.002
      70908.748      41630.494    1168708.142          0.003
      69859.203      40727.065    4372840.626          0.002
      69243.269      41434.651    1205341.946          0.003
      70698.951      40823.497    2730225.164          0.003
      71551.554      41660.765    1148246.296          0.003
      70698.951      40823.497    2730225.164          0.003
      71013.776      41720.900     718971.126          0.003
      73071.441      40720.191     986221.536          0.003
      72019.095      41624.544    1148246.296          0.003
      75156.648      40785.141    3926194.689          0.002
      75070.879      41704.735    9937694.469          0.001
      74675.602      41114.602    1063383.412          0.002
      73755.375      41744.850    8633970.119          0.002
      75156.648      40785.141    3926194.689          0.002
      76152.017      40783.479    1013927.977          0.002
      76743.430      40782.492     943700.412          0.002
      76234.467      41586.806    1017563.486          0.001
      79102.853      41167.870     945240.269          0.001
      77799.352      41678.639     974439.836          0.000
       2033.478      42634.259     970283.072          0.001
       2112.854      43797.195    3095502.900          0.001
       1894.315      41752.656     970283.072          0.001
        684.877      42457.823     929812.700          0.001
       4446.708      42155.149    1027063.267          0.002
       5032.133      42625.644    2412984.158          0.002
       4080.436      41860.783    7720990.442          0.001
       3294.934      42772.723     993980.063          0.001
       6226.161      42273.020    1088649.193          0.002
       6939.652      43477.566    1078554.612          0.002
       6017.791      41921.240    4636136.360          0.002
       5230.348      42483.989    1049968.059          0.002
       7242.844      41676.779    1129288.321          0.003
       8019.732      42841.445    1128210.541          0.003
       7227.908      41654.388    2222498.391          0.003
       7216.185      42544.062    1078554.612          0.003
       7683.604      41757.657    1129288.321          0.003
       8900.744      42033.482    2226896.607          0.003
       8900.744      42033.482    2226896.607          0.003
       9638.695      42759.684    1160302.036          0.003
       9574.484      41932.263    1169345.673          0.004
      10896.371      41733.671    8362885.049          0.002
       8900.744      42033.482    2226896.607          0.003
       8082.229      42927.724    1128210.541          0.003
      10896.371      41733.671    8362885.049          0.002
      11746.582      42518.506    1199100.951          0.003
      10896.371      41733.671    8362885.049          0.002
      10357.149      42537.436    1160302.036          0.003
      10896.371      41733.671    8362885.049          0.002
      12001.698      41742.682    1251755.889          0.001
      13229.883      41784.060    1251755.889          0.000
      14044.055      42697.858    1028912.210          0.003
      13300.823      41765.751    1251755.889          0.000
      14379.294      41910.359    2346455.151          0.002
      13104.836      41901.420    1251755.889          0.000
      12344.425      43070.378    2656113.349          0.003
      14813.054      41879.140    1264196.557          0.003
      16205.084      41778.954    4095893.412          0.002
      14379.294      41910.359    2346455.151          0.002
      14044.055      42697.858    1028912.210          0.003
      16205.084      41778.954    4095893.412          0.002
      17280.988      41851.726    1297823.570          0.001
      16205.084      41778.954    4095893.412          0.002
      16264.403      42487.858    1254873.943          0.002
      18261.878      41918.071    4130407.439          0.000
      18376.837      42832.056    1688719.414          0.003
      19451.574      41997.351    1297823.570          0.001
      20468.343      42065.108    1614409.476          0.001
      18261.878      41918.071    4130407.439          0.000
      17381.951      42268.621    1254873.943          0.003
      20468.343      42065.108    1614409.476          0.001
      19317.277      42487.200    1269463.594          0.004
      20468.343      42065.108    1614409.476          0.001
      20498.863      43026.755    3224889.603          0.002
      21610.270      42023.964    1318968.548          0.001
      22409.376      42769.807    2787177.759          0.002
      21182.899      41625.078    7776832.263          0.000
      20584.457      42851.362    1276774.852          0.003
      22245.220      41834.871    1318968.548          0.001
      23247.379      42032.783    1170754.401          0.004
      23247.379      42032.783    1170754.401          0.004
      23865.215      42731.638    1286995.453          0.002
      25963.724      41669.868    1332054.086          0.002
      27218.535      41705.699    1297116.155          0.001
      25353.416      41652.440   10754921.192          0.002
      24647.851      42505.245    1286995.453          0.002
      27218.535      41705.699    1297116.155          0.001
      27248.339      42722.145    1301088.554          0.003
      27218.535      41705.699    1297116.155          0.001
      26396.683      42141.063    1305002.463          0.003
      28407.521      42032.633    6284976.547          0.000
      27626.206      42700.278    1301088.554          0.003
      28407.521      42032.633    6284976.547          0.000
      29403.517      41816.890    1341384.963          0.001
      28407.521      42032.633    6284976.547          0.000
      29288.698      42757.755    1309423.052          0.003
      30225.759      41864.967    1341384.963          0.000
      29519.332      42947.544    2902280.609          0.002
      30698.233      41906.246    1341384.963          0.000
      31437.014      42655.134    1717956.713          0.003
      31428.279      41622.980    1341384.963          0.001
      32446.867      41644.159    2257553.005          0.001
      32446.867      41644.159    2257553.005          0.001
      32475.079      42764.813     822535.425          0.003
      32446.867      41644.159    2257553.005          0.001
      33112.960      42538.829    1310322.241          0.003
      32446.867      41644.159    2257553.005          0.001
      31480.617      42611.483    1319053.099          0.003
      32671.462      41665.856    1342072.258          0.001
      34064.975      41800.472    1338063.576          0.001
      34289.675      41822.178    1674339.924          0.001
      35097.640      42445.132    1309025.642          0.003
      34289.675      41822.178    1674339.924          0.001
      35568.541      41851.407    1332082.614          0.004
      34289.675      41822.178    1674339.924          0.001
      33537.919      42640.286    1310322.241          0.003
      36541.001      41873.633    2015391.497          0.003
      36503.276      42764.388     671873.067          0.003
      36541.001      41873.633    2015391.497          0.003
      37288.079      41820.613    1330545.075          0.003
      36541.001      41873.633    2015391.497          0.003
      35615.337      42554.052    1309025.642          0.003
      38466.017      41775.513    1330545.075          0.002
      39519.775      42697.248    1293297.285          0.002
      38425.306      41739.904   17798546.997          0.002
      37773.267      42884.140    1267618.068          0.002
      39843.532      41772.598    1330545.075          0.003
      40592.040      41789.853    2383742.025          0.003
      40592.040      41789.853    2383742.025          0.003
      40446.320      42799.188    1883759.928          0.002
      41600.657      42039.977    1176816.714          0.004
      42591.146      42743.826    1691027.250          0.003
      41600.657      42039.977    1176816.714          0.004
      40760.559      42592.512    1296569.356          0.003
      43783.858      41986.078    1358926.520          0.002
      44278.762      42788.282    1284896.648          0.002
      43783.858      41986.078    1358926.520          0.002
      42634.053      42716.567    1301469.248          0.003
      44789.215      41714.299    7674876.315          0.002
      44449.893      43062.971    1284896.648          0.002
      45119.590      41714.596    1333520.777          0.002
      46439.077      41715.783    6651843.357          0.002
      46481.033      41722.825    1334650.447          0.002
      47585.746      41908.262    2468940.512          0.002
      46439.077      41715.783    6651843.357          0.002
      47054.121      42639.405    1285914.586          0.002
      48206.602      41929.904    1333436.284          0.003
      49481.720      41974.351    2503910.624          0.003
      47585.746      41908.262    2468940.512          0.002
      48783.276      42525.449    1303162.871          0.003
      50056.663      41932.061    1335724.522          0.003
      51413.768      41832.239    1937100.136          0.001
      49557.214      42034.471    1335724.522          0.003
      50645.083      42900.793    1371435.357          0.003
      51413.768      41832.239    1937100.136          0.001
      52343.437      42694.833    1307434.098          0.003
      51413.768      41832.239    1937100.136          0.001
      50645.083      42900.793    1371435.357          0.003
      51413.768      41832.239    1937100.136          0.001
      52432.811      41805.071    1336157.496          0.001
      53661.740      41772.308    7221702.733          0.000
      53697.848      42670.181    2591764.688          0.002
      53399.024      42092.263    1336157.496          0.000
      52661.745      42990.175    2525370.382          0.002
      54625.250      41837.179    1336157.496          0.001
      55642.535      41905.671    3389374.369          0.001
      56413.008      41963.891    1331207.044          0.002
      57808.118      42069.312    2347082.035          0.000
      55642.535      41905.671    3389374.369          0.001
      56407.628      42578.861    1296621.311          0.001
      55642.535      41905.671    3389374.369          0.001
      54462.774      42369.468    1315492.184          0.003
      57808.118      42069.312    2347082.035          0.000
      58582.756      42796.761    1290253.834          0.002
      57808.118      42069.312    2347082.035          0.000
      57077.809      42778.958    1296621.311          0.000
      58495.014      42015.137    7181587.220          0.000
      58597.807      42810.895    2630395.260          0.002
      59427.870      42013.277    1317738.908          0.001
      60572.476      42010.994    8705538.070          0.002
      60572.476      42010.994    8705538.070          0.002
      61823.554      42423.523    1260606.586          0.004
      61504.421      41874.619    1305644.103          0.003
      62817.713      41682.439    2168798.043          0.003
      60572.476      42010.994    8705538.070          0.002
      59432.450      42472.797    1290253.834          0.003
      62817.713      41682.439    2168798.043          0.003
      62717.780      42718.384    1723191.162          0.003
      64911.312      41969.306    1169414.343          0.001
      65613.342      42772.873    1220033.367          0.003
      64911.312      41969.306    1169414.343          0.001
      65962.842      41768.044    1248732.610          0.001
      64911.312      41969.306    1169414.343          0.001
      63993.010      42556.089    1252156.211          0.002
      66674.294      41631.873    4084212.210          0.000
      67307.762      42218.973    1191309.460          0.003
      66674.294      41631.873    4084212.210          0.000
      65846.801      42753.717    1220033.367          0.003
      68678.540      42083.413    3171210.154          0.002
      69599.201      42647.663    1148919.704          0.002
      68678.540      42083.413    3171210.154          0.002
      67912.654      42779.591    3291875.567          0.002
      71013.776      41720.900     718971.126          0.003
      71111.875      42486.697    1140892.139          0.003
      71013.776      41720.900     718971.126          0.003
      71750.084      41855.723    2086485.149          0.003
      71750.084      41855.723    2086485.149          0.003
      72677.409      42816.090     712590.814          0.003
      71750.084      41855.723    2086485.149          0.003
      71172.257      42581.071    1140892.139          0.002
      73895.175      42898.077    1093201.411          0.003
      74026.142      43978.433    1659356.671          0.003
      73755.375      41744.850    8633970.119          0.002
      74613.285      42470.912    1043338.757          0.002
      75058.452      41795.649    1051515.660          0.001
      74929.562      42738.582    1931699.510          0.002
      76161.158      41702.656   18293273.385          0.001
      77171.999      42630.981    6487954.300          0.001
      77789.924      41691.291     974439.836          0.000
      78852.914      42602.363     938296.570          0.001
      77662.744      41870.993     974439.836          0.001
      77171.999      42630.981    6487954.300          0.001
      79928.676      41928.575     934351.081          0.000
      79184.613      42886.657    8684875.785          0.000
       1254.146      43415.139     929812.700          0.001
       2112.854      43797.195    3095502.900          0.001
       3200.282      43238.706     993980.063          0.001
       3275.810      43987.237    1075696.288          0.002
       3168.119      42919.951    7989058.796          0.001
       2175.864      43744.814     962537.011          0.001
       6177.461      43306.866    1049968.059          0.004
       7198.135      43913.948    3569449.890          0.002
       5034.639      42737.981    1049968.059          0.002
       5062.332      43979.343    2372863.580          0.002
       8079.368      42930.849     987782.404          0.003
       7543.988      43528.116    1078554.612          0.002
       9981.641      43097.169    2004126.823          0.002
      10753.035      43728.977    1132960.681          0.002
       9981.641      43097.169    2004126.823          0.002
       9373.274      43611.066    1112629.258          0.002
      12344.425      43070.378    2656113.349          0.003
      13272.168      43573.513    1162132.182          0.003
      12812.475      42967.792    1199100.951          0.003
      14044.055      42697.858    1028912.210          0.003
      12344.425      43070.378    2656113.349          0.003
      11679.052      43568.076    1132960.681          0.002
      14044.055      42697.858    1028912.210          0.003
      14119.538      43533.140    1162132.182          0.003
      16282.701      42706.545    3162298.549          0.002
      17381.490      43437.037    1202600.042          0.003
      17438.585      42775.822    1254873.943          0.003
      18376.837      42832.056    1688719.414          0.003
      16282.701      42706.545    3162298.549          0.002
      15137.516      43155.821    1221341.867          0.002
      18376.837      42832.056    1688719.414          0.003
      19118.142      43285.752    1214089.515          0.003
      18376.837      42832.056    1688719.414          0.003
      19599.641      42944.250    1276774.852          0.003
      21322.003      42916.050    1276774.852          0.003
      22409.376      42769.807    2787177.759          0.002
      20498.863      43026.755    3224889.603          0.002
      21446.999      43489.186    1215809.753          0.003
      20498.863      43026.755    3224889.603          0.002
      20135.855      43908.616    2105203.908          0.002
      22409.376      42769.807    2787177.759          0.002
      23416.613      42946.702    1286995.453          0.002
      24172.747      43079.497    3834250.038          0.002
      25313.991      42714.603   14045705.735          0.002
      24172.747      43079.497    3834250.038          0.002
      23201.883      43608.753    1215809.753          0.002
      25313.991      42714.603   14045705.735          0.002
      25983.990      43520.516    1249995.540          0.002
      25966.972      42815.832    1305002.463          0.002
      27256.950      43015.812    2367119.440          0.003
      27256.950      43015.812    2367119.440          0.003
      28296.939      42996.241    7536790.739          0.000
      27256.950      43015.812    2367119.440          0.003
      26468.365      43492.311    1249995.540          0.002
      27256.950      43015.812    2367119.440          0.003
      28027.298      43833.480    1240483.644          0.002
      28296.939      42996.241    7536790.739          0.000
      29519.332      42947.544    2902280.609          0.002
      28296.939      42996.241    7536790.739          0.000
      28180.094      43827.186    1240483.644          0.002
      29519.332      42947.544    2902280.609          0.002
      29876.283      43700.505    1180991.655          0.003
      30260.807      42834.483    1309423.052          0.003
      31437.014      42655.134    1717956.713          0.003
      29519.332      42947.544    2902280.609          0.002
      28689.731      43573.618    1240483.644          0.003
      29519.332      42947.544    2902280.609          0.002
      30572.340      43773.965    1413694.979          0.003
      31437.014      42655.134    1717956.713          0.003
      30734.180      43564.555    1257142.588          0.003
      31437.014      42655.134    1717956.713          0.003
      32475.079      42764.813     822535.425          0.003
      32475.079      42764.813     822535.425          0.003
      33344.892      42850.350    2195200.565          0.002
      33344.892      42850.350    2195200.565          0.002
      34682.503      42750.791    1309025.642          0.003
      33344.892      42850.350    2195200.565          0.002
      32825.876      43556.768    1238989.210          0.002
      35422.629      42695.704    2691523.938          0.002
      35501.701      43649.924    1236863.659          0.002
      35422.629      42695.704    2691523.938          0.002
      36503.276      42764.388     671873.067          0.003
      36503.276      42764.388     671873.067          0.003
      36405.586      43670.687    1234592.843          0.003
      36503.276      42764.388     671873.067          0.003
      35944.330      43368.531    1236863.659          0.003
      39694.175      42849.798    4333767.083          0.002
      40446.320      42799.188    1883759.928          0.002
      39694.175      42849.798    4333767.083          0.002
      40103.167      43560.179    1200619.743          0.002
      40446.320      42799.188    1883759.928          0.002
      41353.375      43226.843    1229996.886          0.003
      41423.087      42773.976    1296569.356          0.003
      42591.146      42743.826    1691027.250          0.003
      42591.146      42743.826    1691027.250          0.003
      43596.892      42917.595    1284896.648          0.003
      44449.410      43064.890    1993939.324          0.002
      44577.706      43757.848    1219613.881          0.002
      44449.410      43064.890    1993939.324          0.002
      43395.763      43470.960    1229996.886          0.003
      45311.674      42797.480    1302892.466          0.001
      44608.162      43922.351    2373544.924          0.002
      46402.730      42868.280    1302892.466          0.002
      47351.813      43086.454    5796054.320          0.002
      47351.813      43086.454    5796054.320          0.002
      47767.602      43961.002    1222004.206          0.002
      48638.418      43010.010    1285914.586          0.003
      49611.312      42952.205    6682967.089          0.002
      49611.312      42952.205    6682967.089          0.002
      49815.817      44033.443     578411.432          0.003
      49611.312      42952.205    6682967.089          0.002
      50427.197      43661.247    1249228.112          0.003
      50645.083      42900.793    1371435.357          0.003
      50638.626      43724.337    1249228.112          0.003
      50645.083      42900.793    1371435.357          0.003
      51949.767      42958.619    1307434.098          0.003
      52661.745      42990.175    2525370.382          0.002
      53697.848      42670.181    2591764.688          0.002
      52661.745      42990.175    2525370.382          0.002
      52764.753      43857.945    1240021.941          0.002
      52661.745      42990.175    2525370.382          0.002
      51727.006      43384.562    1249228.112          0.004
      53697.848      42670.181    2591764.688          0.002
      54837.188      43362.353    1250991.509          0.004
      54580.308      42838.187    1315492.184          0.003
      55826.689      43075.477    4881764.513          0.000
      55826.689      43075.477    4881764.513          0.000
      55683.536      43876.526    2276842.513          0.003
      56698.207      43111.053    1296621.311          0.000
      55683.536      43876.526    2276842.513          0.003
      56895.450      43024.398    1296621.311          0.000
      57616.027      44077.570    1803983.414          0.003
      57247.410      42945.524    1296621.311          0.000
      58597.807      42810.895    2630395.260          0.002
      58434.422      43021.692    1290253.834          0.003
      57616.027      44077.570    1803983.414          0.003
      58597.807      42810.895    2630395.260          0.002
      59532.922      42909.458    1262903.044          0.002
      60701.870      43032.666   12095039.330          0.001
      61803.776      43742.331    1559632.490          0.002
      61884.849      42848.239    1262903.044          0.002
      62717.780      42718.384    1723191.162          0.003
      60701.870      43032.666   12095039.330          0.001
      60170.481      43624.825    1209843.623          0.002
      62717.780      42718.384    1723191.162          0.003
      62231.595      43263.050    1208614.734          0.003
      62717.780      42718.384    1723191.162          0.003
      63805.126      42676.145    5262472.885          0.002
      63805.126      42676.145    5262472.885          0.002
      64634.777      43130.812    1177920.060          0.003
      63805.126      42676.145    5262472.885          0.002
      65192.711      42843.803    1220033.367          0.003
      65732.265      42908.996    2131117.977          0.003
      66866.616      42841.673    1191309.460          0.003
      65732.265      42908.996    2131117.977          0.003
      66449.459      43507.733    1151248.698          0.003
      67912.654      42779.591    3291875.567          0.002
      67800.027      43508.528    1138094.941          0.003
      67912.654      42779.591    3291875.567          0.002
      67016.623      43679.740    1151248.698          0.003
      70086.245      42946.160    8263390.641          0.001
      71130.654      42633.295    1743208.829          0.002
      70086.245      42946.160    8263390.641          0.001
      69353.187      43226.724    1144963.061          0.002
      71130.654      42633.295    1743208.829          0.002
      71662.001      43610.266    1082856.378          0.002
      71687.814      42699.140    1140892.139          0.003
      72677.409      42816.090     712590.814          0.003
      72677.409      42816.090     712590.814          0.003
      73442.646      43475.573    1040724.718          0.004
      72677.409      42816.090     712590.814          0.003
      72206.124      43339.276    1082856.378          0.003
      74929.562      42738.582    1931699.510          0.002
      75175.271      43844.911    3034390.863          0.002
      74929.562      42738.582    1931699.510          0.002
      75669.766      42703.064     981801.886          0.002
      74438.966      43411.873    1043338.757          0.003
      74026.142      43978.433    1659356.671          0.003
      77171.999      42630.981    6487954.300          0.001
      78241.083      43438.079     932960.001          0.002
      77123.473      42936.263     981801.886          0.001
      76964.345      43937.350    1321486.856          0.002
      79184.613      42886.657    8684875.785          0.000
      79941.427      43806.371     922789.834          0.000
      79174.650      42956.790     938296.570          0.000
      79022.483      44027.991    1858634.961          0.001
        245.323      44161.319     924676.093          0.000
       1071.141      45116.553    6432701.227          0.000
       2112.854      43797.195    3095502.900          0.001
       1475.725      44604.136     918080.688          0.001
       2421.984      44131.606     962537.011          0.002
       3159.281      44929.197    3446706.784          0.002
       3976.990      43984.139     988971.434          0.003
       5062.332      43979.343    2372863.580          0.002
       3344.654      44091.016     988971.434          0.002
       3947.116      44999.184    1536436.618          0.002
       3275.810      43987.237    1075696.288          0.002
       3159.281      44929.197    3446706.784          0.002
       5062.332      43979.343    2372863.580          0.002
       4108.627      44851.486     977985.255          0.002
       5233.800      44135.815    1032060.019          0.003
       6255.917      45068.542    1762363.170          0.002
       5910.424      43953.376    1032060.019          0.003
       7198.135      43913.948    3569449.890          0.002
       7198.135      43913.948    3569449.890          0.002
       6407.049      44883.345    1012489.473          0.003
       7198.135      43913.948    3569449.890          0.002
       8505.473      43865.492    1112629.258          0.002
       9098.080      43843.527    6132405.845          0.002
       9558.445      44390.439    1059120.343          0.002
      11092.373      44006.911   11644227.865          0.001
      11244.635      44862.584    1079341.181          0.003
      11092.373      44006.911   11644227.865          0.001
      12258.396      44070.233    4204116.055          0.002
      12857.699      44066.651    1142975.347          0.003
      14167.044      44058.824    2266098.767          0.002
      12258.396      44070.233    4204116.055          0.002
      11515.966      44653.260    1079341.181          0.003
      14167.044      44058.824    2266098.767          0.002
      14294.982      44783.383    1111449.872          0.002
      14167.044      44058.824    2266098.767          0.002
      13361.640      44362.155    1099597.597          0.003
      14167.044      44058.824    2266098.767          0.002
      15070.176      43182.239   10548347.140          0.002
      15394.617      44256.007    1188213.948          0.002
      14301.240      44818.824    1369077.357          0.002
      16256.848      43955.011    1188213.948          0.001
      17024.738      44672.128    1199679.980          0.002
      17301.492      43871.860    1188213.948          0.002
      18044.269      43877.662    4775378.200          0.002
      18044.269      43877.662    4775378.200          0.002
      18925.385      44614.567    1132980.845          0.003
      18738.883      43887.942    1202600.042          0.003
      20135.855      43908.616    2105203.908          0.002
      18044.269      43877.662    4775378.200          0.002
      17297.700      44459.423    1138366.990          0.002
      20135.855      43908.616    2105203.908          0.002
      19496.989      44682.665    1132980.845          0.003
      22488.977      43997.386    5846776.420          0.002
      23331.565      44018.706    1217106.703          0.002
      22488.977      43997.386    5846776.420          0.002
      21887.463      44375.287    1146011.974          0.002
      24314.312      44043.572   21619235.799          0.001
      25621.182      44496.911    1172839.610          0.002
      25270.724      43860.817    1217106.703          0.002
      26130.344      43696.558    1825796.769          0.002
      24314.312      44043.572   21619235.799          0.001
      23233.124      44907.307    1133202.726          0.001
      26130.344      43696.558    1825796.769          0.002
      26975.961      44452.845    1161466.393          0.002
      28159.480      43973.781    1806804.622          0.002
      27631.872      44621.256    1161466.393          0.002
      30572.340      43773.965    1413694.979          0.003
      31492.390      43859.915    1238989.210          0.003
      30572.340      43773.965    1413694.979          0.003
      31212.939      44519.816    1181237.278          0.003
      32531.808      43957.016    6378292.036          0.002
      33437.239      44014.759    1220760.281          0.002
      32432.223      44018.899    1238989.210          0.002
      31356.726      44687.227    1088271.205          0.003
      32531.808      43957.016    6378292.036          0.002
      32359.387      44817.260    1073704.258          0.003
      34776.029      44001.141    1220760.281          0.002
      35516.685      43830.756    1282181.186          0.002
      34439.090      44078.652    9007939.251          0.001
      33743.690      44833.569    1141774.848          0.001
      34439.090      44078.652    9007939.251          0.001
      35286.402      44832.085    1149886.779          0.001
      35516.685      43830.756    1282181.186          0.002
      36388.950      43825.023     925241.630          0.003
      36388.950      43825.023     925241.630          0.003
      37007.177      44418.272    1148789.955          0.002
      36388.950      43825.023     925241.630          0.003
      37362.735      43384.309    1267618.068          0.002
      38684.770      43781.362   32609931.233          0.001
      39787.724      44436.478    1145275.994          0.002
      38223.941      44167.315    1228513.289          0.002
      37434.588      44828.415    1869627.703          0.002
      39149.448      43872.954    1228513.289          0.002
      40428.380      44125.044    5118848.002          0.001
      41618.657      43940.068    1200619.743          0.003
      42556.872      43794.263    5364707.222          0.002
      40618.990      44214.062    1200619.743          0.002
      41652.561      44696.754     901485.696          0.002
      42556.872      43794.263    5364707.222          0.002
      43255.608      44634.748    1128049.499          0.003
      42556.872      43794.263    5364707.222          0.002
      41802.527      44547.090    1156939.770          0.003
      42556.872      43794.263    5364707.222          0.002
      43779.618      43870.614    1219613.881          0.002
      44608.162      43922.351    2373544.924          0.002
      44588.454      44757.751    1068441.371          0.003
      44608.162      43922.351    2373544.924          0.002
      45262.926      44734.834    1137480.461          0.002
      44608.162      43922.351    2373544.924          0.002
      43729.852      44940.193    1128049.499          0.002
      46820.765      44377.440    1208495.264          0.002
      47715.050      44657.746    1761499.329          0.002
      45716.761      44295.608    1208495.264          0.001
      45446.898      44963.120     676396.691          0.002
      49088.136      44024.883    1222004.206          0.003
      49815.817      44033.443     578411.432          0.003
      47881.125      44045.372    1222004.206          0.002
      49183.027      44560.204    1174483.534          0.003
      47790.718      44009.621    9726183.850          0.001
      47715.050      44657.746    1761499.329          0.002
      49815.817      44033.443     578411.432          0.003
      50637.686      43844.171    2583586.330          0.003
      50637.686      43844.171    2583586.330          0.003
      51196.241      44346.471    1163731.174          0.003
      50637.686      43844.171    2583586.330          0.003
      50014.683      44349.133    1174483.534          0.003
      50693.085      43849.057    1249228.112          0.003
      52087.672      43972.045    1240021.941          0.003
      52785.603      44033.595    1452211.280          0.002
      53544.779      44070.073   11395754.158          0.001
      52785.603      44033.595    1452211.280          0.002
      52201.885      44538.539    1163731.174          0.003
      54284.288      44388.715    1237498.628          0.002
      55543.791      44931.414    1860799.810          0.003
      55683.536      43876.526    2276842.513          0.003
      56601.820      44625.919    1163162.270          0.004
      55897.559      43898.791    1250991.509          0.003
      57290.044      44043.656    1227088.838          0.003
      55683.536      43876.526    2276842.513          0.003
      55591.344      44572.450    1164446.282          0.003
      57616.027      44077.570    1803983.414          0.003
      57971.842      44887.814     865421.446          0.003
      57616.027      44077.570    1803983.414          0.003
      56957.604      44916.267    1229348.210          0.004
      59842.145      43990.709    8914279.283          0.001
      59658.795      45067.156    2827443.448          0.002
      58624.231      44574.890    1209843.623          0.003
      57971.842      44887.814     865421.446          0.003
      59842.145      43990.709    8914279.283          0.001
      60766.572      43890.939   13404717.385          0.001
      60766.572      43890.939   13404717.385          0.001
      61733.594      44660.657    3497698.707          0.001
      61105.476      43842.381    1207412.222          0.001
      61803.776      43742.331    1559632.490          0.002
      61803.776      43742.331    1559632.490          0.002
      63082.025      43895.083    1181264.501          0.002
      64346.485      43845.535    1181264.501          0.002
      65614.086      43667.495    4408950.816          0.002
      63574.616      43953.948   11086953.114          0.002
      64510.748      44872.241    1084438.728          0.002
      63574.616      43953.948   11086953.114          0.002
      63801.050      45224.059    1026993.215          0.003
      63574.616      43953.948   11086953.114          0.002
      62688.805      44293.982    1141468.000          0.002
      65614.086      43667.495    4408950.816          0.002
      65075.773      44613.209    1084438.728          0.002
      65614.086      43667.495    4408950.816          0.002
      66852.725      43844.391    1428320.957          0.003
      66852.725      43844.391    1428320.957          0.003
      67685.796      43845.989    1138094.941          0.003
      66852.725      43844.391    1428320.957          0.003
      66251.104      44306.237    1106786.253          0.002
      67747.868      43846.108    1685889.057          0.003
      67842.715      44928.157     994834.371          0.003
      67747.868      43846.108    1685889.057          0.003
      68932.118      43388.267    1144963.061          0.001
      67747.868      43846.108    1685889.057          0.003
      67123.966      44855.700    1074190.998          0.002
      69741.710      43860.162    1091755.651          0.001
      69031.913      43349.686    8783155.798          0.001
      70775.164      44463.113    1091755.651          0.002
      71806.952      45012.766    2225706.722          0.002
      72586.757      44237.154    1082856.378          0.003
      73817.683      44872.804     935314.858          0.003
      71774.948      43817.936    2996607.567          0.002
      71795.002      44566.639    1025228.179          0.003
      72800.760      43891.070    1082856.378          0.003
      74026.142      43978.433    1659356.671          0.003
      74026.142      43978.433    1659356.671          0.003
      74824.227      44519.745     999372.558          0.004
      74026.142      43978.433    1659356.671          0.003
      73817.683      44872.804     935314.858          0.003
      75175.271      43844.911    3034390.863          0.002
      75965.291      44359.227     960465.139          0.002
      75175.271      43844.911    3034390.863          0.002
      75034.509      44662.373     909213.674          0.003
      75175.271      43844.911    3034390.863          0.002
      76139.241      43894.718     975126.981          0.003
      76964.345      43937.350    1321486.856          0.002
      77812.972      43974.724     932960.001          0.002
      76964.345      43937.350    1321486.856          0.002
      76720.293      44850.746    3171990.912          0.002
      79022.483      44027.991    1858634.961          0.001
      79765.762      44689.493     906109.606          0.000
      79022.483      44027.991    1858634.961          0.001
      78915.020      44742.287    8552114.595          0.000
       1076.761      45286.357     918080.688          0.001
       1123.072      46685.591     875008.288          0.001
       1328.418      45471.503     918080.688          0.001
       1788.535      46106.297    1077910.177          0.001
       1071.141      45116.553    6432701.227          0.000
        162.808      45796.495     889700.368          0.000
       3131.086      45111.368     963498.312          0.002
       2916.957      46494.895     890483.455          0.002
       3159.281      44929.197    3446706.784          0.002
       2209.943      45744.421     908335.621          0.002
       3422.026      45182.974     963498.312          0.002
       4283.904      46015.435    2043818.183          0.002
       4889.602      45027.497     977985.255          0.003
       6255.917      45068.542    1762363.170          0.002
       3947.116      44999.184    1536436.618          0.002
       4266.395      45962.601     948053.036          0.002
       6255.917      45068.542    1762363.170          0.002
       5659.906      45958.893     923346.644          0.003
       6255.917      45068.542    1762363.170          0.002
       6842.091      45758.307     976541.810          0.003
       6255.917      45068.542    1762363.170          0.002
       5300.895      45527.111     948053.036          0.003
       8700.641      45051.231    1028903.934          0.002
      10023.818      44943.302   16943355.633          0.001
       7700.233      45383.620    1028903.934          0.001
       6964.133      45901.917    1109126.904          0.003
      10023.818      44943.302   16943355.633          0.001
      10233.194      46063.391    1956263.737          0.002
      10332.666      44923.724    1059120.343          0.001
      11245.220      44865.876    1110556.435          0.003
      11245.220      44865.876    1110556.435          0.003
      10684.113      45529.825     983633.657          0.002
      11245.220      44865.876    1110556.435          0.003
      12346.605      44744.438    6231420.333          0.002
      12346.605      44744.438    6231420.333          0.002
      13252.867      45392.386    1006402.143          0.003
      12828.414      44762.774    1099597.597          0.002
      14227.401      44816.014    1111449.872          0.002
      14301.240      44818.824    1369077.357          0.002
      14186.271      45616.650    1006402.143          0.002
      17024.738      44672.128    1199679.980          0.002
      17723.012      45494.877    1021780.852          0.002
      19296.810      44925.201    1841584.586          0.003
      20419.737      44865.067    1146011.974          0.002
      19296.810      44925.201    1841584.586          0.003
      18700.099      45565.900    1021780.852          0.002
      21171.991      44824.783    9639291.653          0.001
      20439.953      45692.108    1022799.367          0.002
      21510.005      44859.271    1146011.974          0.002
      22902.774      45001.378    1133202.726          0.001
      23091.293      45020.613    7786711.364          0.001
      23985.762      45621.417    1069264.618          0.002
      23091.293      45020.613    7786711.364          0.001
      24180.591      44719.146    1166386.233          0.001
      24404.511      44657.176   23228122.303          0.001
      24140.034      45725.039    1506305.092          0.002
      24805.790      44657.801    1166386.233          0.001
      26090.760      44659.802    4457550.202          0.001
      26344.301      44992.627    1172839.610          0.002
      27169.731      46076.173    1283626.008          0.002
      26454.671      44714.867    1172839.610          0.002
      27434.747      44863.165    5207603.931          0.002
      27434.747      44863.165    5207603.931          0.002
      28556.059      45030.511    1139790.546          0.002
      27434.747      44863.165    5207603.931          0.002
      27200.419      45935.710    1046932.951          0.002
      29700.924      44969.086    1139790.546          0.002
      30350.757      44701.374    3246446.022          0.002
      30350.757      44701.374    3246446.022          0.002
      31095.895      45523.914    1061100.535          0.003
      30350.757      44701.374    3246446.022          0.002
      31356.726      44687.227    1088271.205          0.003
      31356.726      44687.227    1088271.205          0.003
      31459.047      45517.350    1061100.535          0.003
      33557.439      45035.761    8897155.413          0.001
      33426.857      45955.801     967015.537          0.002
      33149.714      45271.742    1141774.848          0.002
      32152.626      45848.831    3295092.800          0.002
      35337.635      44877.642    5419798.320          0.001
      35269.394      45973.237    1243308.698          0.002
      36276.826      44855.594    1149886.779          0.002
      37434.588      44828.415    1869627.703          0.002
      35774.142      45055.464    1149886.779          0.002
      37070.687      45583.643    1072163.628          0.003
      37434.588      44828.415    1869627.703          0.002
      37445.247      45734.904    1072163.628          0.002
      37456.600      44484.331    1148789.955          0.002
      37531.867      43307.763    5868348.466          0.002
      39037.220      44924.018    1133654.164          0.001
      40422.032      44813.236    8645500.733          0.001
      38146.039      45217.160    1133654.164          0.001
      37445.262      45736.235    1800813.544          0.002
      40698.038      45109.447    1145275.994          0.001
      41575.240      46050.864    1597298.030          0.002
      41652.561      44696.754     901485.696          0.002
      41601.940      45583.271    1037927.261          0.003
      41652.561      44696.754     901485.696          0.002
      42650.908      44682.107    6627812.822          0.002
      42650.908      44682.107    6627812.822          0.002
      43617.643      45070.228    1387184.230          0.002
      42650.908      44682.107    6627812.822          0.002
      41914.281      45619.444    1037927.261          0.003
      43617.643      45070.228    1387184.230          0.002
      44262.372      45506.234    1068441.371          0.002
      45446.898      44963.120     676396.691          0.002
      44659.927      45631.698    1068441.371          0.002
      47774.988      44732.969    1169673.118          0.002
      48636.006      45813.552     945241.085          0.002
      48380.111      44677.240    1169673.118          0.002
      49566.957      44712.028    2546239.864          0.002
      47715.050      44657.746    1761499.329          0.002
      47758.914      45615.164    1035316.486          0.002
      49566.957      44712.028    2546239.864          0.002
      48823.090      45592.189    1063961.341          0.003
      49566.957      44712.028    2546239.864          0.002
      50158.922      45290.017    1072688.307          0.002
      51798.166      44887.773    2101695.526          0.002
      52463.956      45234.186    1072902.126          0.002
      51798.166      44887.773    2101695.526          0.002
      52824.069      44985.021    1149225.005          0.002
      51798.166      44887.773    2101695.526          0.002
      51098.273      45435.387    1072688.307          0.002
      54678.854      45418.489    1149225.005          0.002
      55663.594      45774.569    3149334.728          0.002
      55543.791      44931.414    1860799.810          0.003
      55663.594      45774.569    3149334.728          0.002
      55987.117      44926.664    1164446.282          0.003
      56957.604      44916.267    1229348.210          0.004
      56957.604      44916.267    1229348.210          0.004
      57381.159      45496.426    1070329.178          0.003
      56957.604      44916.267    1229348.210          0.004
      57971.842      44887.814     865421.446          0.003
      57971.842      44887.814     865421.446          0.003
      57749.307      45725.153    1070329.178          0.002
      59658.795      45067.156    2827443.448          0.002
      59745.626      45888.783    1044990.733          0.001
      58819.586      45434.785    1127495.008          0.002
      57695.622      45927.156    1978619.915          0.002
      60822.317      44864.277   27766278.464          0.001
      61483.137      45864.408    1026975.666          0.001
      60597.270      45116.523    1132204.760          0.001
      59762.853      46051.791    2247071.074          0.001
      60988.242      44827.202    1132204.760          0.001
      61733.594      44660.657    3497698.707          0.001
      61733.594      44660.657    3497698.707          0.001
      62593.531      45383.683    1073170.330          0.001
      64778.708      45135.095    1803815.787          0.002
      65731.126      44699.187    1106786.253          0.002
      64778.708      45135.095    1803815.787          0.002
      63937.520      45989.547    1487432.644          0.002
      65751.193      44690.003    6150957.095          0.002
      67070.901      44941.568    2969978.643          0.002
      67070.901      44941.568    2969978.643          0.002
      67774.000      45789.625     994834.371          0.002
      67070.901      44941.568    2969978.643          0.002
      66315.302      45398.795    1024807.312          0.002
      70988.964      44907.893    1055004.899          0.002
      71806.952      45012.766    2225706.722          0.002
      68867.541      45342.058    1055004.899          0.002
      67935.278      45984.153    1921362.894          0.002
      71806.952      45012.766    2225706.722          0.002
      71770.863      45758.421    1903612.774          0.002
      73060.181      44925.532    1025228.179          0.003
      73817.683      44872.804     935314.858          0.003
      73817.683      44872.804     935314.858          0.003
      73518.802      45622.215     922360.960          0.003
      73817.683      44872.804     935314.858          0.003
      73095.154      45185.428     986206.615          0.004
      73817.683      44872.804     935314.858          0.003
      74905.591      44684.667     999372.558          0.004
      75034.509      44662.373     909213.674          0.003
      75700.120      45487.190     952295.524          0.003
      75034.509      44662.373     909213.674          0.003
      75015.975      45381.047     964151.512          0.002
      76720.293      44850.746    3171990.912          0.002
      76933.318      45843.275    1174734.022          0.002
      76468.567      45084.584     960465.139          0.002
      75843.670      45665.076     560434.147          0.003
      78915.020      44742.287    8552114.595          0.000
      78888.872      45690.090    1907291.453          0.001
      79660.975      45139.652     906109.606          0.000
      78888.872      45690.090    1907291.453          0.001
        217.741      46090.071     889700.368          0.000
       1127.096      46807.162    5513279.123          0.000
       1913.023      46209.253     908335.621          0.002
       2842.228      46977.736    2099660.785          0.002
       4283.904      46015.435    2043818.183          0.002
       5140.651      46734.582    1670484.124          0.002
       4283.904      46015.435    2043818.183          0.002
       3323.662      46656.384     890483.455          0.002
       6964.133      45901.917    1109126.904          0.003
       7051.530      46603.383     910583.144          0.002
       6744.362      46002.272     976541.810          0.003
       5470.853      46583.801     923346.644          0.002
       9404.545      46126.367     969611.983          0.001
      10233.194      46063.391    1956263.737          0.002
       8321.542      46498.704     969611.983          0.001
       7116.915      47128.179    2941278.826          0.002
      10244.970      46064.019     983633.657          0.002
      11642.983      46138.579     988398.709          0.002
      10383.456      46249.955     983633.657          0.002
      11127.812      47174.136     621913.499          0.003
      12863.131      46122.014     988398.709          0.002
      14128.384      46018.354    2385535.967          0.002
      11890.980      46498.014     988398.709          0.002
      11127.812      47174.136     621913.499          0.003
      14128.384      46018.354    2385535.967          0.002
      15112.848      45876.394    1038483.406          0.002
      14128.384      46018.354    2385535.967          0.002
      14909.103      46346.714     950989.537          0.002
      14128.384      46018.354    2385535.967          0.002
      13950.935      47059.788     823323.577          0.002
      17291.067      45939.576    1038483.406          0.002
      18220.414      46080.946    8187956.747          0.001
      18220.414      46080.946    8187956.747          0.001
      19594.712      46131.080    1022799.367          0.002
      18220.414      46080.946    8187956.747          0.001
      18123.874      46813.924     978390.797          0.002
      20055.272      46147.882    4855639.988          0.001
      20985.166      46545.182     949732.036          0.002
      19565.933      46316.630    1022799.367          0.002
      18242.419      46773.043     965433.295          0.003
      20055.272      46147.882    4855639.988          0.001
      21303.508      45987.679    1051331.512          0.002
      22489.145      46198.317    1051331.512          0.001
      23253.065      47169.083    1137587.820          0.001
      23068.913      45805.646    1051331.512          0.002
      24140.034      45725.039    1506305.092          0.002
      24140.034      45725.039    1506305.092          0.002
      24105.752      47085.186     915248.370          0.002
      24140.034      45725.039    1506305.092          0.002
      24836.307      45900.388    1044780.691          0.001
      24140.034      45725.039    1506305.092          0.002
      23466.294      46821.933     948678.167          0.002
      25766.403      46313.476    1044780.691          0.001
      26528.862      46785.484    1063517.389          0.002
      27169.731      46076.173    1283626.008          0.002
      28096.332      45971.746    1070814.658          0.002
      27169.731      46076.173    1283626.008          0.002
      26606.202      46699.884     987527.854          0.002
      27169.731      46076.173    1283626.008          0.002
      28054.906      46604.093     991647.703          0.002
      30777.926      45941.106    1070814.658          0.002
      31517.177      45988.955    1280618.484          0.003
      29139.749      45960.081    1070814.658          0.001
      28377.610      46796.554    1229506.974          0.002
      29302.964      45915.230    1070814.658          0.001
      30150.351      47029.651     972051.603          0.001
      31517.177      45988.955    1280618.484          0.003
      31392.348      46854.360     972807.353          0.002
      31517.177      45988.955    1280618.484          0.003
      32152.626      45848.831    3295092.800          0.002
      32152.626      45848.831    3295092.800          0.002
      31522.129      46817.375     972807.353          0.003
      34484.421      45842.326    1083904.723          0.001
      35330.093      46958.050     972123.265          0.001
      34311.012      45721.393    1083904.723          0.001
      33458.921      46832.222     967015.537          0.001
      35773.426      45918.336    1056842.551          0.002
      37165.194      45766.741    1072163.628          0.003
      35269.394      45973.237    1243308.698          0.002
      36500.016      46528.628     980577.946          0.003
      35269.394      45973.237    1243308.698          0.002
      35328.533      46683.694     972123.265          0.001
      37445.262      45736.235    1800813.544          0.002
      37270.956      46742.248     980577.946          0.002
      40830.186      46050.312    1037108.056          0.002
      41575.240      46050.864    1597298.030          0.002
      38307.168      46514.607    1037108.056          0.002
      37249.372      46866.820    2048623.887          0.002
      41575.240      46050.864    1597298.030          0.002
      41564.713      47021.766     960406.314          0.002
      41575.240      46050.864    1597298.030          0.002
      42472.293      46119.362    1031738.144          0.001
      42935.212      46392.677    1031738.144          0.001
      43468.243      47053.928     509727.064          0.002
      43389.443      45985.647    1031738.144          0.002
      44565.953      45711.535    2841918.850          0.002
      42592.790      46248.551    1031738.144          0.001
      41564.253      47064.201     875240.216          0.002
      44320.102      46012.187    1068441.371          0.002
      43468.243      47053.928     509727.064          0.002
      44565.953      45711.535    2841918.850          0.002
      45341.401      45710.118    1067997.135          0.002
      44565.953      45711.535    2841918.850          0.002
      44349.787      46842.710     581264.728          0.003
      47091.211      45872.158    1067997.135          0.001
      47780.404      46084.220    1197370.128          0.002
      47908.271      46043.769    1035316.486          0.002
      48636.006      45813.552     945241.085          0.002
      47780.404      46084.220    1197370.128          0.002
      48408.097      47053.056     954168.310          0.002
      48636.006      45813.552     945241.085          0.002
      48528.300      46510.910     954168.310          0.002
      50659.455      45778.731    5517737.535          0.001
      51824.255      46029.585    3714416.093          0.002
      50659.455      45778.731    5517737.535          0.001
      49734.849      46443.951    1005061.598          0.001
      51824.255      46029.585    3714416.093          0.002
      53208.010      45887.552    1072902.126          0.001
      51824.255      46029.585    3714416.093          0.002
      52524.857      46556.221     980140.221          0.001
      51824.255      46029.585    3714416.093          0.002
      51145.375      46668.638     952497.427          0.001
      53635.387      45843.684   20908319.718          0.001
      53706.962      46820.602     972094.977          0.001
      54930.020      45799.567    1072902.126          0.002
      55663.594      45774.569    3149334.728          0.002
      55663.594      45774.569    3149334.728          0.002
      55845.766      46521.436     989043.460          0.002
      56239.381      45817.805    1086663.192          0.003
      57635.451      45922.638    1070329.178          0.002
      57695.622      45927.156    1978619.915          0.002
      58541.423      46665.828     979821.582          0.003
      57695.622      45927.156    1978619.915          0.002
      58454.674      45972.920    1044990.733          0.002
      57695.622      45927.156    1978619.915          0.002
      56938.640      46332.373     989043.460          0.003
      59540.109      46299.733    1044990.733          0.002
      58916.747      46993.614     759786.905          0.002
      62045.159      46778.777    1026975.666          0.001
      62606.659      47720.702     643694.660          0.002
      61656.455      46126.720   21269067.075          0.001
      60699.421      46705.404     986012.419          0.001
      63937.520      45989.547    1487432.644          0.002
      64512.457      46715.303     968184.555          0.002
      63937.520      45989.547    1487432.644          0.002
      62907.349      46643.621     982874.086          0.002
      63937.520      45989.547    1487432.644          0.002
      63165.143      45665.524    1073170.330          0.002
      65574.975      45846.780   12998315.898          0.001
      66536.962      46639.025     937959.559          0.001
      65567.732      45874.693    1024807.312          0.001
      65216.111      47229.818     894082.860          0.002
      65307.997      46117.555    1024807.312          0.001
      64604.310      46831.250    1211260.473          0.002
      67935.278      45984.153    1921362.894          0.002
      68729.285      45927.331     988034.268          0.002
      67935.278      45984.153    1921362.894          0.002
      67698.503      46747.601     694576.256          0.002
      67935.278      45984.153    1921362.894          0.002
      67396.641      46560.436     937959.559          0.001
      69924.209      45993.845     988034.268          0.001
      70707.449      46768.568    2367515.544          0.001
      71892.258      45876.451     986206.615          0.002
      72896.020      46852.392     922360.960          0.002
      71770.863      45758.421    1903612.774          0.002
      71244.883      46258.054     935056.323          0.002
      75008.614      45666.491    3257597.442          0.002
      74970.200      46572.824     901147.211          0.002
      74366.255      46073.584     964151.512          0.003
      73183.729      46823.005     922360.960          0.002
      75008.614      45666.491    3257597.442          0.002
      75843.670      45665.076     560434.147          0.003
      75843.670      45665.076     560434.147          0.003
      76721.398      45808.618     930333.792          0.003
      76933.318      45843.275    1174734.022          0.002
      77804.907      45775.000     903854.202          0.002
      76933.318      45843.275    1174734.022          0.002
      77808.878      46864.237     881697.750          0.002
      76933.318      45843.275    1174734.022          0.002
      76171.112      46421.018     911097.991          0.002
      78888.872      45690.090    1907291.453          0.001
      79603.665      46493.375     859872.617          0.001
      78431.289      46275.380     903854.202          0.002
      77893.642      46963.078    1093819.953          0.002
       1408.718      47321.862     875008.288          0.001
       1787.442      48014.028     495731.305          0.003
       1127.096      46807.162    5513279.123          0.000
        259.242      47694.209     826083.328          0.000
       2842.228      46977.736    2099660.785          0.002
       2533.993      47994.519     795828.561          0.002
       2842.228      46977.736    2099660.785          0.002
       3636.514      47531.615     855293.824          0.002
       2842.228      46977.736    2099660.785          0.002
       1898.532      47904.885     839186.277          0.003
       5140.651      46734.582    1670484.124          0.002
       5084.653      47616.264     858922.377          0.002
       5140.651      46734.582    1670484.124          0.002
       6065.797      46918.836     910583.144          0.003
       7116.915      47128.179    2941278.826          0.002
       7587.405      47950.823     816043.042          0.001
       7116.915      47128.179    2941278.826          0.002
       8086.359      47682.136     853112.960          0.001
       7116.915      47128.179    2941278.826          0.002
       8313.670      46877.944     937129.431          0.001
       6526.304      47368.257     910583.144          0.002
       5229.360      47895.454     858922.377          0.002
       9897.888      47366.560     937129.431          0.002
      10939.950      48097.763    1198421.268          0.002
      10393.134      47022.648     937129.431          0.002
      11127.812      47174.136     621913.499          0.003
      11127.812      47174.136     621913.499          0.003
      11519.751      47901.005     817735.866          0.002
      11127.812      47174.136     621913.499          0.003
      11929.968      47035.000     947660.985          0.002
      11127.812      47174.136     621913.499          0.003
      10959.917      47999.593     865850.225          0.002
      13265.916      46842.208     947660.985          0.001
      13950.935      47059.788     823323.577          0.002
      13950.935      47059.788     823323.577          0.002
      14502.250      48064.790     823668.013          0.002
      13950.935      47059.788     823323.577          0.002
      14982.886      46969.927     950989.537          0.002
      15834.000      47426.962     950989.537          0.001
      15145.738      48646.100     823668.013          0.001
      17403.504      46833.781     950989.537          0.002
      18123.874      46813.924     978390.797          0.002
      18123.874      46813.924     978390.797          0.002
      18293.731      47752.301     870476.357          0.002
      18123.874      46813.924     978390.797          0.002
      19190.120      46991.578     945965.344          0.002
      20156.287      47225.291     945965.344          0.001
      20953.646      48376.038     828359.769          0.002
      20101.072      47143.040     945965.344          0.001
      21500.946      47124.238     949732.036          0.001
      20099.311      47143.064    7743280.696          0.001
      21267.568      47564.115     900902.720          0.001
      19460.508      47358.608     945965.344          0.002
      18293.731      47752.301     870476.357          0.002
      23253.065      47169.083    1137587.820          0.001
      22869.678      47802.544     838545.538          0.001
      23253.065      47169.083    1137587.820          0.001
      24089.721      47721.217     897453.113          0.002
      23253.065      47169.083    1137587.820          0.001
      22646.074      47525.793     900902.720          0.001
      25549.534      47320.850     957712.267          0.001
      26505.408      47853.523    1859185.494          0.001
      24744.602      47330.167     957712.267          0.001
      24089.721      47721.217     897453.113          0.002
      26528.862      46785.484    1063517.389          0.002
      26508.140      47729.095     910980.560          0.001
      26842.817      46787.364     987527.854          0.002
      28242.791      46795.747     991647.703          0.002
      28377.610      46796.554    1229506.974          0.002
      28451.966      47525.209     888660.591          0.002
      28377.610      46796.554    1229506.974          0.002
      29105.810      46797.506     992308.092          0.001
      28377.610      46796.554    1229506.974          0.002
      27314.931      47396.499     910980.560          0.002
      29441.602      46797.945   22464488.622          0.001
      30176.721      47064.331    2976443.322          0.001
      30176.721      47064.331    2976443.322          0.001
      31100.016      47863.418     904098.737          0.002
      30372.107      47064.105     972051.603          0.001
      31362.258      47062.963    1080876.679          0.002
      31362.258      47062.963    1080876.679          0.002
      32150.385      47859.102     907394.328          0.002
      31362.258      47062.963    1080876.679          0.002
      32211.603      47071.671     967015.537          0.002
      32971.397      47339.705     967015.537          0.001
      32254.149      47963.920     615461.399          0.002
      35353.995      46989.585    2123461.393          0.001
      35351.439      48332.560     837547.797          0.002
      35579.514      47148.673     972123.265          0.001
      36559.667      47840.104     819397.383          0.002
      36013.301      46946.881     972123.265          0.002
      37249.372      46866.820    2048623.887          0.002
      37249.372      46866.820    2048623.887          0.002
      36559.667      47840.104     819397.383          0.002
      37249.372      46866.820    2048623.887          0.002
      38230.529      46895.753     967746.744          0.002
      39614.260      47405.774     967746.744          0.001
      39310.571      48772.439     829352.073          0.001
      40601.030      46999.207     967746.744          0.001
      41564.253      47064.201     875240.216          0.002
      39052.692      47205.699     967746.744          0.001
      37752.841      47725.689     916901.802          0.001
      41564.253      47064.201     875240.216          0.002
      42149.549      47570.234     892930.788          0.001
      41564.253      47064.201     875240.216          0.002
      40979.750      47546.701     885793.031          0.001
      43468.243      47053.928     509727.064          0.002
      44349.787      46842.710     581264.728          0.003
      43468.243      47053.928     509727.064          0.002
      44050.061      47572.354     886789.705          0.002
      44349.787      46842.710     581264.728          0.003
      44498.593      47606.621     886789.705          0.002
      47461.352      46950.702     974452.911          0.001
      48437.546      47098.511    1603999.852          0.002
      45664.785      47333.040     974452.911          0.001
      44584.719      48048.759    2052354.285          0.001
      48523.335      47056.356     954168.310          0.002
      49659.929      46497.853    6029232.680          0.001
      48437.546      47098.511    1603999.852          0.002
      48768.881      48002.019     779560.698          0.002
      50709.031      47162.449     952497.427          0.001
      52000.747      47702.329     898276.309          0.001
      52887.409      46828.749   22342066.411          0.001
      53716.248      46947.350    5943962.492          0.001
      52887.409      46828.749   22342066.411          0.001
      52501.661      47845.970     898276.309          0.001
      53765.787      47008.508     972094.977          0.001
      54646.994      48096.384     883629.960          0.001
      54844.152      46908.810     972094.977          0.002
      55931.192      46871.666    2180212.874          0.002
      55931.192      46871.666    2180212.874          0.002
      55253.326      47589.235     883629.960          0.002
      56108.092      46857.354     989043.460          0.002
      57503.533      46744.460    1002989.602          0.002
      57576.158      46738.584    3347669.303          0.001
      58423.740      47648.901     905135.502          0.002
      57838.866      46788.561    1002989.602          0.002
      58916.747      46993.614     759786.905          0.002
      58916.747      46993.614     759786.905          0.002
      58763.023      47715.068     905135.502          0.002
      59586.741      47404.488     986012.419          0.002
      58711.312      47957.759    1673573.389          0.002
      62727.381      46757.886     895008.161          0.002
      64059.253      46809.945     968184.555          0.003
      62727.381      46757.886     895008.161          0.002
      63158.107      47332.213     883673.146          0.002
      62727.381      46757.886     895008.161          0.002
      62620.408      47611.048     914875.030          0.002
      62727.381      46757.886     895008.161          0.002
      62700.560      45741.671    1073170.330          0.001
      64604.310      46831.250    1211260.473          0.002
      64108.172      47563.607     883673.146          0.002
      67035.064      46985.579     937959.559          0.001
      67698.503      46747.601     694576.256          0.002
      67707.957      46756.809     950447.726          0.002
      68710.872      47733.621     877580.997          0.002
      67698.503      46747.601     694576.256          0.002
      68552.906      46804.693     931843.376          0.002
      69856.339      46859.253     931843.376          0.001
      70707.449      46768.568    2367515.544          0.001
      69384.252      47316.150     931843.376          0.001
      68956.659      47973.011     880963.103          0.001
      70720.212      46784.334     935056.323          0.001
      71601.103      47872.466     864280.482          0.001
      72086.800      46875.119     935056.323          0.003
      72991.254      46944.986    2574217.130          0.002
      72991.254      46944.986    2574217.130          0.002
      73940.775      47473.433     863408.245          0.003
      72991.254      46944.986    2574217.130          0.002
      72822.802      47775.301     868165.932          0.002
      72991.254      46944.986    2574217.130          0.002
      73909.332      47014.568     901147.211          0.003
      74948.141      47093.301    1841472.825          0.002
      75789.788      46710.057    6009720.466          0.001
      74948.141      47093.301    1841472.825          0.002
      74744.575      47920.780    1197417.672          0.002
      76657.191      46814.376     911097.991          0.002
      77893.642      46963.078    1093819.953          0.002
      77893.642      46963.078    1093819.953          0.002
      78096.417      47842.046     674690.148          0.002
      77893.642      46963.078    1093819.953          0.002
      77117.903      47401.203     848490.815          0.002
      78741.057      47536.158     859872.617          0.002
      78096.417      47842.046     674690.148          0.002
       1787.442      48014.028     495731.305          0.003
       1500.137      48750.465     719741.798          0.001
       1787.442      48014.028     495731.305          0.003
       2145.280      48761.683     795828.561          0.001
       1787.442      48014.028     495731.305          0.003
       1141.190      48363.129     783114.020          0.001
       4341.137      47960.017     855293.824          0.001
       5062.616      47963.234     938269.294          0.002
       3891.084      48138.693     855293.824          0.001
       2638.166      48763.351     795828.561          0.001
       5062.616      47963.234     938269.294          0.002
       5062.858      48693.292     727291.811          0.001
       5062.616      47963.234     938269.294          0.002
       5713.270      48393.486     817356.027          0.001
       9963.109      48149.871     853112.960          0.001
      10939.950      48097.763    1198421.268          0.002
       9299.802      48447.370     853112.960          0.001
      10104.505      49097.048     602331.847          0.001
       8995.263      48201.500   44594851.787          0.000
       9086.438      49583.411     736408.631          0.000
      10939.950      48097.763    1198421.268          0.002
      11798.819      48754.166     817735.866          0.001
      10939.950      48097.763    1198421.268          0.002
      10198.611      48984.487     806930.875          0.001
      13717.113      48305.274     868532.838          0.001
      14969.137      48931.720     823668.013          0.001
      13110.406      48261.025     868532.838          0.001
      12106.644      48989.425    1447284.489          0.001
      16617.153      48345.884     873512.994          0.001
      17106.344      48905.499     518199.422          0.002
      17592.848      47904.390     873512.994          0.002
      18293.731      47752.301     870476.357          0.002
      16098.658      48339.819     873512.994          0.001
      14981.109      48937.711    2306672.029          0.001
      18293.731      47752.301     870476.357          0.002
      17443.927      48577.636     828165.967          0.002
      18293.731      47752.301     870476.357          0.002
      18137.750      48626.733     819488.630          0.002
      22004.291      47965.971     900902.720          0.001
      21327.401      48915.441    1506922.945          0.001
      24089.721      47721.217     897453.113          0.002
      23383.336      48129.947     838545.538          0.002
      26505.408      47853.523    1859185.494          0.001
      27858.766      48061.293     888660.591          0.002
      26505.408      47853.523    1859185.494          0.001
      25594.138      48441.342     811169.853          0.002
      28392.151      48216.584     888660.591          0.001
      27108.121      48774.498     822560.763          0.001
      28516.982      48162.344    1728700.949          0.001
      29382.145      47936.215   29134065.251          0.000
      29387.454      47942.539     906179.550          0.000
      30287.639      49014.764     814642.669          0.001
      30099.377      47963.684     906179.550          0.001
      31267.562      48008.425    2415592.007          0.001
      31267.562      48008.425    2415592.007          0.001
      32010.643      48779.829     814344.289          0.001
      31308.473      48006.579     904098.737          0.001
      32254.149      47963.920     615461.399          0.002
      32254.149      47963.920     615461.399          0.002
      32905.143      48348.163     809919.498          0.002
      32254.149      47963.920     615461.399          0.002
      33067.628      47909.228     913929.021          0.002
      34654.512      48007.551     913929.021          0.001
      35350.486      48833.495    1388507.920          0.001
      36559.667      47840.104     819397.383          0.002
      37034.068      48374.005     822943.706          0.001
      36559.667      47840.104     819397.383          0.002
      35783.632      48477.647     837547.797          0.002
      36559.667      47840.104     819397.383          0.002
      37504.191      47760.838     916901.802          0.001
      37818.580      47826.364     916901.802          0.001
      38941.423      48662.559     829352.073          0.001
      40327.685      48103.597     885793.031          0.000
      40458.986      49497.426     754213.661          0.001
      40162.109      48215.935     885793.031          0.001
      39279.106      48914.036    1545673.149          0.001
      43286.947      47989.790     892930.788          0.001
      44584.719      48048.759    2052354.285          0.001
      42598.648      47958.514   14410154.218          0.001
      41784.626      48789.345     823662.138          0.000
      44584.719      48048.759    2052354.285          0.001
      45572.702      48538.480     816528.025          0.001
      44584.719      48048.759    2052354.285          0.001
      45747.753      47861.534     908043.565          0.001
      44584.719      48048.759    2052354.285          0.001
      43524.654      48510.567     829465.377          0.001
      47978.856      47891.458     908043.565          0.002
      48768.881      48002.019     779560.698          0.002
      48768.881      48002.019     779560.698          0.002
      49681.068      47949.637     897459.734          0.001
      48768.881      48002.019     779560.698          0.002
      49464.377      48331.458     831913.390          0.001
      48768.881      48002.019     779560.698          0.002
      48029.366      48333.808     816528.025          0.002
      48855.134      47856.416     890938.336          0.002
      49568.674      46651.899    1005061.598          0.001
      50842.536      47898.216     897459.734          0.001
      52242.531      47902.047     898276.309          0.001
      50141.319      47223.384     897459.734          0.001
      49659.929      46497.853    6029232.680          0.001
      52327.232      47973.349     898276.309          0.001
      51056.324      48560.539     831913.390          0.001
      52480.149      47902.697    6135432.574          0.001
      53690.197      48002.388   29865316.138          0.000
      53800.039      48020.398     893056.305          0.001
      54705.734      48168.900    1704106.933          0.001
      53741.842      48057.236     893056.305          0.000
      54701.584      49076.497     809900.987          0.001
      54705.734      48168.900    1704106.933          0.001
      55833.747      48665.122     820669.745          0.001
      54855.641      48137.147     883629.960          0.001
      56225.253      47847.040     921139.117          0.001
      57555.077      47837.649     921139.117          0.002
      58711.312      47957.759    1673573.389          0.002
      58711.312      47957.759    1673573.389          0.002
      59509.888      48363.200     808851.359          0.002
      58711.312      47957.759    1673573.389          0.002
      58575.870      48863.758     804868.392          0.001
      58711.312      47957.759    1673573.389          0.002
      59617.040      47914.571     905996.216          0.002
      58711.312      47957.759    1673573.389          0.002
      57870.332      48377.327     820669.745          0.002
      61550.743      48169.597     905996.216          0.001
      62704.854      48825.755    1410045.943          0.001
      62606.659      47720.702     643694.660          0.002
      62674.922      48488.914     832618.053          0.001
      62606.659      47720.702     643694.660          0.002
      63541.038      48039.794     883673.146          0.002
      63739.632      48107.614    2188476.653          0.001
      65042.208      47887.207     894082.860          0.001
      63739.632      48107.614    2188476.653          0.001
      64414.906      48824.088     800861.949          0.001
      63739.632      48107.614    2188476.653          0.001
      62784.758      48770.301     832618.053          0.001
      65045.688      47886.618    2999144.038          0.001
      65998.183      48460.521     821365.905          0.001
      65045.688      47886.618    2999144.038          0.001
      66162.333      47785.345     896048.812          0.001
      67877.695      47869.387     896048.812          0.002
      68956.659      47973.011     880963.103          0.001
      68956.659      47973.011     880963.103          0.001
      68949.468      48725.388     715347.261          0.001
      68956.659      47973.011     880963.103          0.001
      68063.231      48334.226     821365.905          0.002
      70409.879      48026.503     884634.149          0.001
      71545.785      48844.865     809562.897          0.001
      69719.222      48046.704     884634.149          0.001
      68949.468      48725.388     715347.261          0.001
      70652.807      47877.287     884634.149          0.001
      71777.304      48090.121    4169019.495          0.001
      71869.205      48081.973     864280.482          0.001
      72776.912      48001.499    1077434.682          0.002
      72776.912      48001.499    1077434.682          0.002
      73594.663      48621.090     806123.948          0.002
      72776.912      48001.499    1077434.682          0.002
      72249.077      48522.590     809562.897          0.001
      73032.721      47991.005     868165.932          0.002
      74431.545      47933.621     863408.245          0.002
      74744.575      47920.780    1197417.672          0.002
      74275.076      48697.016     806123.948          0.001
      74744.575      47920.780    1197417.672          0.002
      75470.987      47990.717     848490.815          0.001
      76553.905      48254.941     848490.815          0.001
      77852.305      48745.846    1273072.446          0.001
      77055.630      47939.845     848490.815          0.002
      78096.417      47842.046     674690.148          0.002
      78096.417      47842.046     674690.148          0.002
      78760.634      48238.970     783851.765          0.002
      78096.417      47842.046     674690.148          0.002
      77864.788      48699.626     806580.740          0.001
       2240.879      48961.424    1950131.495          0.001
       2829.542      49728.422     723293.303          0.000
       2292.537      48956.704     795828.561          0.001
       3686.729      48829.310     810859.420          0.001
       2240.879      48961.424    1950131.495          0.001
       1403.321      49669.658     719741.798          0.001
       4159.235      48786.135    9057007.288          0.000
       4897.944      49777.991     727291.811          0.000
       4159.235      48786.135    9057007.288          0.000
       3276.620      49741.645     723293.303          0.000
       6263.199      48757.133    5472310.612          0.001
       6933.456      49766.379     731647.153          0.000
       6321.479      48759.721     817356.027          0.001
       7720.101      48821.829     816043.042          0.001
       6263.199      48757.133    5472310.612          0.001
       5347.738      49705.370     727291.811          0.000
       8095.078      48838.480   46968274.510          0.000
       9004.106      49874.803     736408.631          0.000
       8095.078      48838.480   46968274.510          0.000
       7194.789      49877.461     731647.153          0.000
      10104.505      49097.048     602331.847          0.001
      10712.867      49627.930     740556.540          0.001
      10104.505      49097.048     602331.847          0.001
       9516.986      49632.594     736408.631          0.001
      12106.644      48989.425    1447284.489          0.001
      12968.884      48841.310     826822.351          0.000
      12106.644      48989.425    1447284.489          0.001
      11442.135      49683.589     740556.540          0.000
      13013.810      48833.593   21190191.802          0.000
      13994.116      49816.429     745257.580          0.000
      13013.810      48833.593   21190191.802          0.000
      12245.183      49873.760     742223.990          0.000
      13629.714      48866.189     826822.351          0.001
      14981.109      48937.711    2306672.029          0.001
      14981.109      48937.711    2306672.029          0.001
      15797.420      49647.668     748394.100          0.001
      14981.109      48937.711    2306672.029          0.001
      14401.051      49704.217     745257.580          0.000
      17106.344      48905.499     518199.422          0.002
      18064.356      49038.181     776502.009          0.001
      17106.344      48905.499     518199.422          0.002
      16632.299      49479.560     748394.100          0.001
      18064.356      49038.181     776502.009          0.001
      19027.079      48860.362     833517.668          0.001
      18064.356      49038.181     776502.009          0.001
      17490.469      49688.202     749939.974          0.000
      19177.699      48832.542   11722025.057          0.000
      20069.180      49800.277     752106.782          0.000
      19177.699      48832.542   11722025.057          0.000
      18371.608      49823.305     750828.925          0.000
      19899.328      48860.370     833517.668          0.001
      21298.288      48914.318     828359.769          0.001
      21327.401      48915.441    1506922.945          0.001
      21971.503      49649.940     752914.032          0.001
      21327.401      48915.441    1506922.945          0.001
      22212.010      48775.768     838545.538          0.000
      21327.401      48915.441    1506922.945          0.001
      20615.324      49634.361     752106.782          0.001
      22287.911      48763.783   29190182.952          0.000
      23148.722      49824.508     753008.029          0.000
      22622.765      48823.904     838545.538          0.001
      24000.731      49071.309     811169.853          0.001
      24483.229      49157.938   43067921.770          0.000
      25316.455      50000.000     655887.591          0.000
      25013.278      49125.460     811169.853          0.001
      26410.657      49039.835     822560.763          0.001
      24483.229      49157.938   43067921.770          0.000
      23371.550      49943.200     753008.029          0.000
      26511.701      49033.644    3941575.633          0.000
      27225.713      49864.887     754974.126          0.000
      26511.701      49033.644    3941575.633          0.000
      25563.355      49800.382     753895.993          0.000
      26628.477      49036.529     822560.763          0.001
      28028.050      49071.103     820061.306          0.001
      28533.052      49083.579   32953752.912          0.000
      29359.466      49991.623     755605.190          0.000
      28891.807      49100.547     820061.306          0.001
      30290.243      49166.691     814642.669          0.001
      28533.052      49083.579   32953752.912          0.000
      27451.069      49915.920     754974.126          0.000
      30420.356      49172.846    4529597.687          0.000
      31299.903      49921.286     756222.474          0.000
      30796.762      49172.983     814642.669          0.001
      32196.762      49173.497     814344.289          0.001
      30420.356      49172.846    4529597.687          0.000
      29487.309      49905.588     755605.190          0.000
      32389.925      49173.567    2453050.336          0.001
      33249.221      49864.512     755756.367          0.000
      32389.925      49173.567    2453050.336          0.001
      31549.524      49869.829     756222.474          0.000
      32441.643      49174.531     814344.289          0.001
      33841.400      49200.614     809919.498          0.001
      34365.945      49210.388   42884400.088          0.000
      35416.879      49980.822     755135.913          0.000
      34576.452      49129.804     809919.498          0.000
      35350.486      48833.495    1388507.920          0.001
      34365.945      49210.388   42884400.088          0.000
      33417.721      50000.000     591638.276          0.000
      35350.486      48833.495    1388507.920          0.001
      36037.784      49558.911     754997.118          0.001
      37603.618      49014.989    5872769.054          0.000
      38371.974      49877.586     755195.411          0.000
      38017.728      48990.038     822943.706          0.001
      39279.106      48914.036    1545673.149          0.001
      37603.618      49014.989    5872769.054          0.000
      36656.667      49827.550     754997.118          0.000
      39279.106      48914.036    1545673.149          0.001
      40050.887      49596.981     754213.661          0.001
      39279.106      48914.036    1545673.149          0.001
      38739.158      49648.744     755195.411          0.000
      41643.031      48933.864   63527523.216          0.000
      42485.675      49944.843     753047.502          0.000
      41643.031      48933.864   63527523.216          0.000
      42748.738      48848.588   16163697.417          0.000
      41641.189      48935.591     823662.138          0.000
      40620.052      49893.338     754213.661          0.000
      42748.738      48848.588   16163697.417          0.000
      43456.187      49872.472     753048.359          0.000
      43184.515      48904.705     829465.377          0.001
      44573.050      49083.513     811263.744          0.001
      44798.963      49112.605    3550499.668          0.000
      45489.642      49907.907     752967.029          0.000
      44798.963      49112.605    3550499.668          0.000
      46169.537      49030.716     816528.025          0.001
      44798.963      49112.605    3550499.668          0.000
      43797.626      49820.829     753048.359          0.000
      46523.136      49009.589   66495837.222          0.000
      47527.969      49938.117     753259.096          0.000
      46523.136      49009.589   66495837.222          0.000
      45604.841      49963.417     752967.029          0.000
      47235.060      49059.555     816528.025          0.001
      48631.625      49157.573     808055.212          0.001
      48773.331      49167.519    2355715.785          0.001
      49503.057      49884.803     753574.193          0.000
      48818.204      49158.457     808055.212          0.001
      50190.498      48881.312     831913.390          0.001
      48773.331      49167.519    2355715.785          0.001
      47838.701      49827.793     753259.096          0.000
      50495.262      48819.763   18381847.636          0.000
      51445.216      49794.434     753189.732          0.000
      50495.262      48819.763   18381847.636          0.000
      49734.976      49845.256     753574.193          0.000
      50876.490      48831.565     831913.390          0.001
      52275.819      48874.882     827413.695          0.001
      52824.656      48891.872   38446260.563          0.000
      53613.534      49924.896     752622.376          0.000
      53263.225      48953.175     827413.695          0.001
      54649.746      49146.981     809900.987          0.001
      52816.970      48899.096     827413.695          0.000
      51796.799      49857.872     753189.732          0.000
      54785.868      49166.008    3256259.443          0.000
      55595.955      49908.160     751852.313          0.000
      54924.724      49153.852     809900.987          0.001
      56319.390      49031.766     820669.745          0.001
      54785.868      49166.008    3256259.443          0.000
      53844.287      49870.299     752622.376          0.000
      56609.478      49006.373   11362556.328          0.000
      57571.111      49865.608     750533.650          0.000
      57197.830      49074.081     820669.745          0.001
      58521.653      49226.428     920330.800          0.001
      56609.478      49006.373   11362556.328          0.000
      55784.103      49904.365     751852.313          0.000
      58521.653      49226.428     920330.800          0.001
      59353.124      49751.412     747531.963          0.001
      58521.653      49226.428     920330.800          0.001
      57921.403      49806.752     750533.650          0.000
      61011.246      49125.449   62312623.066          0.000
      61772.151      50000.000     735439.778          0.000
      61588.227      49023.349     808851.359          0.001
      62704.854      48825.755    1410045.943          0.001
      61005.819      49129.203     808851.359          0.000
      59854.405      49925.599     747531.963          0.000
      62704.854      48825.755    1410045.943          0.001
      63404.817      49578.013     743197.021          0.001
      62704.854      48825.755    1410045.943          0.001
      62092.283      49596.963     745214.128          0.001
      64779.279      49210.692    4791904.124          0.000
      65719.671      49922.006     741034.074          0.000
      64974.860      49177.519     800861.949          0.001
      66355.147      48943.409     821365.905          0.001
      64779.279      49210.692    4791904.124          0.000
      63879.666      49933.919     743197.021          0.000
      66701.986      48884.581   25387477.870          0.000
      67694.624      49850.633     738357.237          0.000
      66701.986      48884.581   25387477.870          0.000
      65899.363      49902.845     741034.074          0.000
      67713.518      48812.933     821365.905          0.001
      68949.468      48725.388     715347.261          0.001
      68949.468      48725.388     715347.261          0.001
      68895.546      49500.171     736902.342          0.001
      68949.468      48725.388     715347.261          0.001
      68337.906      49433.149     738357.237          0.001
      69799.427      49128.807   51534876.023          0.000
      70839.105      49962.341     734178.721          0.000
      70294.530      49096.799     801720.356          0.001
      71691.613      49006.478     809562.897          0.000
      69799.427      49128.807   51534876.023          0.000
      68866.843      49994.354     736902.342          0.000
      71763.644      49001.821    6015442.916          0.000
      72682.391      49800.842     731082.493          0.000
      71763.644      49001.821    6015442.916          0.000
      71019.720      49847.990     734178.721          0.000
      74092.743      48998.473    1498657.349          0.001
      74689.416      49706.540     727552.837          0.000
      74092.743      48998.473    1498657.349          0.001
      75287.284      49016.425     799030.228          0.001
      74092.743      48998.473    1498657.349          0.001
      73309.206      49662.741     731082.493          0.001
      75738.230      49023.202   14572089.640          0.000
      76800.810      49871.321     723771.751          0.000
      76585.760      48912.010     799030.228          0.001
      77852.305      48745.846    1273072.446          0.001
      75738.230      49023.202   14572089.640          0.000
      74973.216      49955.510     727552.837          0.000
      77852.305      48745.846    1273072.446          0.001
      78521.419      49485.181     720072.293          0.001
      77852.305      48745.846    1273072.446          0.001
      77310.238      49509.468     723771.751          0.001
      77852.305      48745.846    1273072.446          0.001
      78989.221      48869.583     783851.765          0.001
      76156.094      21866.488    1140136.705          0.002
      75938.035      22542.136    1078814.432          0.001
      75927.564      22574.582   15973392.214          0.001
      76063.523      22986.462    1089481.162          0.002
