       1085.296        144.691       8921.645          0.002
       1713.414       1395.878     800424.080          0.006
       1175.287        136.403       8921.645          0.002
       2224.145       1016.118     521462.928          0.003
       2055.316        153.313       8928.082          0.002
       2224.145       1016.118     521462.928          0.003
       3078.941         32.101       8930.059          0.001
       4180.924        895.601     722626.544          0.001
       2923.429        143.018       8930.059          0.002
       2224.145       1016.118     521462.928          0.003
       5095.661         27.844       8928.636          0.000
       6157.021        940.814     774603.746          0.002
       5044.640         21.011       8928.636          0.000
       4232.423        935.955    4383684.298          0.000
       7078.333         13.527       8931.560          0.000
       6288.257       1053.702   16622394.305          0.000
       8131.862         32.163       8934.092          0.000
       9096.801       1046.506     785377.700          0.002
       8058.721         47.687       8934.092          0.001
       7313.255        883.251    1008453.702          0.001
      10136.063        208.525       8939.349          0.002
      10199.650       1607.081     830324.486          0.005
      10168.674         31.002       8939.349          0.001
      11235.966        817.097    1928850.204          0.001
      10103.181         28.050       8939.349          0.000
       9206.323       1103.059     785377.700          0.001
      12122.782         25.974       8940.532          0.000
      11235.966        817.097    1928850.204          0.001
      13115.900         57.042       8941.432          0.001
      12207.339       1122.179     789902.953          0.001
      13173.711          9.913       8941.432          0.000
      14123.515       1038.442     788024.593          0.000
      15176.363        137.616       8947.683          0.001
      15039.580       1530.918     829587.588          0.005
      15239.069         52.704       8947.683          0.001
      16194.377       1076.124     798821.038          0.001
      15177.333         12.685       8947.683          0.000
      14193.077       1008.295     788024.593          0.001
      17284.320        107.888       8954.962          0.001
      18003.715       1230.610     922314.981          0.001
      17170.172         51.281       8954.962          0.001
      16246.564       1103.398     798821.038          0.001
      18252.108         17.768       8957.430          0.000
      19381.586        844.979     744069.055          0.002
      20391.789        135.866       8963.948          0.002
      21391.636       1115.817     817286.629          0.003
      20253.165          0.000       8076.340          0.000
      19491.474        925.458   33926357.477          0.000
      21285.990        144.249       8969.487          0.002
      21426.608       1150.093    1054818.735          0.002
      22327.757         46.141       8969.162          0.001
      23349.689       1003.039     811130.596          0.002
      22175.656        138.821       8969.162          0.002
      21426.608       1150.093    1054818.735          0.002
      24273.143         38.626       8964.093          0.001
      23440.394       1087.972    3713826.071          0.001
      24314.465         15.361       8964.093          0.000
      25113.066       1165.247     815924.536          0.001
      26457.007        137.531       8970.270          0.002
      27410.378       1162.755     824802.749          0.003
      26306.941         24.059       8970.270          0.000
      25358.166       1053.538     815924.536          0.003
      27356.414        143.361       8975.488          0.002
      27466.724       1223.347    1615672.097          0.002
      28396.864         42.183       8975.596          0.001
      29389.741       1029.197     822176.157          0.003
      28253.189        139.520       8975.596          0.002
      27466.724       1223.347    1615672.097          0.002
      30426.271         47.279       8972.908          0.001
      31330.953        966.608    1570980.974          0.001
      30358.448         31.782       8972.908          0.000
      29579.072       1194.783     822176.157          0.001
      32406.932        186.989       8973.352          0.002
      32420.918       1586.919     852158.680          0.008
      32498.789         99.137       8973.352          0.001
      33460.579       1116.467     819135.991          0.003
      32349.751         49.777       8973.352          0.001
      31330.953        966.608    1570980.974          0.001
      33428.565          8.564       8970.308          0.000
      34527.295        876.201     748607.500          0.001
      33429.314         93.536       8970.308          0.001
      33570.516       1232.753     887091.396          0.001
      35463.667         20.592       8965.142          0.000
      36324.214        879.662    3476335.142          0.000
      35443.039          0.000       6704.799          0.000
      34588.854        924.812  303664373.684          0.000
      37567.936        132.307       8970.949          0.002
      38340.856       1159.235    1129980.920          0.002
      37431.501         28.335       8970.949          0.000
      36324.214        879.662    3476335.142          0.000
      38464.523        136.394       8971.314          0.001
      38340.856       1159.235    1129980.920          0.002
      39363.924        130.469       8965.999          0.002
      38376.727       1123.164     818822.974          0.003
      39493.670          0.000       7931.290          0.000
      40356.386        897.032  189186841.048          0.000
      41576.701        137.301       8959.564          0.002
      42119.195       1427.921     831208.849          0.007
      41566.761         49.000       8959.564          0.001
      42544.080       1051.420     805844.493          0.002
      41508.864          7.812       8959.564          0.000
      40400.445        863.036     722231.399          0.001
      43574.603         48.005       8956.948          0.001
      44305.050       1205.240    4601675.869          0.001
      43510.225         43.601       8956.948          0.001
      42648.112       1146.670     805844.493          0.001
      45573.650          3.915       8952.533          0.000
      46543.352        946.025   88642533.034          0.000
      45508.640         58.119       8952.533          0.001
      44495.202       1024.010     805051.195          0.003
      47587.156          7.001       8952.510          0.000
      46546.346        943.332     751732.018          0.000
      47621.477         35.613       8952.510          0.000
      48422.055       1109.932    4904037.505          0.001
      49597.241        185.619       8956.294          0.002
      49425.010       1574.985     824374.424          0.005
      49680.385         46.167       8956.294          0.001
      50723.863        847.292    1038120.665          0.001
      49571.460         45.197       8956.294          0.001
      48544.404        996.595     800243.453          0.002
      51599.083         42.733       8951.058          0.001
      50723.863        847.292    1038120.665          0.001
      52702.163         27.857       8949.039          0.001
      53881.863        775.868    2297486.958          0.001
      52641.656         20.736       8949.039          0.000
      51767.605       1114.370     801375.416          0.002
      54708.747         32.449       8945.093          0.000
      55567.558       1138.090     794434.480          0.002
      54667.081         15.932       8945.093          0.000
      53881.863        775.868    2297486.958          0.001
      56709.474        175.763       8941.657          0.002
      56714.361       1575.754     830653.886          0.008
      56678.118         35.444       8941.657          0.000
      55760.796       1093.045     794434.480          0.002
      56748.575         28.259       8941.657          0.001
      57889.278        839.923     668223.821          0.001
      58718.070         16.724       8933.608          0.000
      57910.582        855.082    3562665.915          0.000
      58744.986          8.399       8933.608          0.000
      59850.440        867.451     697953.804          0.001
      60759.492          0.000       5643.894          0.000
      59894.735        901.873  152972971.244          0.000
      60759.492          0.000       5643.894          0.000
      60513.594       1189.284  151249217.099          0.000
      61743.348         27.218       8931.712          0.000
      60725.790        988.767     780238.455          0.003
      61821.787         41.410       8931.712          0.001
      62896.799        938.266     766197.370          0.001
      63769.904         32.359       8933.337          0.000
      62956.074        987.717    2984527.623          0.001
      63815.778         17.194       8933.337          0.000
      64836.320        975.575     779162.420          0.001
      65957.630        126.249       8939.016          0.002
      66979.623       1083.082     789907.975          0.003
      65816.012          8.035       8939.016          0.000
      64928.145       1061.806   72168272.101          0.000
      66858.593        132.321       8942.364          0.001
      67033.819       1133.822     907352.031          0.002
      67877.159         27.197       8940.674          0.000
      68899.308        983.864     780117.220          0.001
      67755.619        128.774       8940.674          0.002
      67033.819       1133.822     907352.031          0.002
      69944.344         81.051       8934.788          0.001
      70855.468       1122.244    1055819.994          0.001
      69856.445         19.737       8934.788          0.000
      68970.212       1050.225   12026550.804          0.000
      70901.576         22.100       8932.274          0.000
      71705.391       1168.346     781733.907          0.001
      70884.076         73.393       8932.274          0.001
      70855.468       1122.244    1055819.994          0.001
      72939.966         40.336       8926.118          0.001
      73676.292       1079.739    3151694.121          0.001
      72882.003         31.034       8926.118          0.000
      71919.367       1047.563     781733.907          0.003
      74956.266         19.636       8921.116          0.000
      75880.310        947.451    6563651.826          0.000
      74876.290         51.758       8921.116          0.001
      73813.073        962.565     770573.752          0.003
      76996.284         38.763       8918.098          0.001
      77756.879        899.409    1462597.160          0.001
      76934.591         24.031       8918.098          0.000
      75881.441        946.461     722249.309          0.000
      78982.592        105.736       8913.290          0.001
      78919.783       1504.327     800749.105          0.007
      78921.584         48.065       8913.290          0.001
      77791.335        874.223     684013.421          0.001
       1034.970       1442.637     756583.199          0.001
       1917.668       1802.744    2657604.962          0.001
       2224.145       1016.118     521462.928          0.003
       3375.908       1554.112     816858.253          0.002
       2224.145       1016.118     521462.928          0.003
       1968.901       1671.244     800424.080          0.001
       4551.507       1176.895     722626.544          0.001
       5668.767       2020.536     828757.934          0.001
       4431.662        947.366     722626.544          0.001
       5829.371       1027.419     774603.746          0.001
       6440.264       1028.424     774603.746          0.000
       7313.255        883.251    1008453.702          0.001
       7246.663       1624.045     685712.274          0.002
       7147.256       2729.875     895116.771          0.002
       7313.255        883.251    1008453.702          0.001
       8229.249       1836.878     824446.485          0.001
       7313.255        883.251    1008453.702          0.001
       8586.472       1054.431     785377.700          0.001
      11235.966        817.097    1928850.204          0.001
      12193.392       1138.530    2368496.427          0.001
      10787.703       1312.537     641396.312          0.001
      10215.035       1945.473     996064.423          0.002
      12324.842       1258.732     789902.953          0.001
      13358.006       2203.492     862760.483          0.001
      12193.392       1138.530    2368496.427          0.001
      13484.431       1086.014     788024.593          0.001
      12077.283       2011.784     789902.953          0.002
      11955.421       2928.307    1634995.280          0.002
      11661.804       1403.384     789902.953          0.001
      10888.159       1788.839     968780.067          0.002
      16813.079       1154.969     798821.038          0.001
      18003.715       1230.610     922314.981          0.001
      16039.519       1241.673     798821.038          0.001
      15003.233       1901.161    1708069.984          0.001
      18003.715       1230.610     922314.981          0.001
      18720.285       1766.127     843903.061          0.001
      18003.715       1230.610     922314.981          0.001
      18788.376       1069.670     744069.055          0.001
      17829.433       1376.123     808785.004          0.002
      17028.116       2045.164     900222.033          0.002
      21426.608       1150.093    1054818.735          0.002
      22199.855       2136.031    1123953.556          0.002
      21426.608       1150.093    1054818.735          0.002
      22303.697       1123.037     811130.596          0.002
      21426.608       1150.093    1054818.735          0.002
      21405.340       1971.640     984272.131          0.002
      23633.788       1342.629     811130.596          0.001
      24277.376       2190.089    1546293.539          0.001
      23440.394       1087.972    3713826.071          0.001
      24732.490       1211.112     815924.536          0.001
      27576.812       1335.893     824802.749          0.002
      28555.776       2336.708     878078.046          0.002
      27466.724       1223.347    1615672.097          0.002
      27219.996       2465.614     872795.833          0.002
      27466.724       1223.347    1615672.097          0.002
      28301.886       1217.397     822176.157          0.002
      27466.724       1223.347    1615672.097          0.002
      26822.367       1538.216     849167.591          0.002
      29991.729       1150.463     822176.157          0.001
      31330.953        966.608    1570980.974          0.001
      31629.951       1317.065     789540.795          0.001
      32427.562       2251.946    1688644.609          0.001
      31225.291       1062.215     789540.795          0.001
      30241.531       1952.352    2653595.477          0.001
      33570.516       1232.753     887091.396          0.001
      33957.907       1833.959     847879.719          0.001
      33466.931       1325.122     819135.991          0.001
      32427.562       2251.946    1688644.609          0.001
      34985.271        914.498     748607.500          0.001
      36324.214        879.662    3476335.142          0.000
      37421.796       1031.823     713760.669          0.002
      38340.856       1159.235    1129980.920          0.002
      36137.557       1102.113     713760.669          0.001
      35321.959       2074.113    2754816.692          0.001
      38340.856       1159.235    1129980.920          0.002
      38706.978       1925.572     905314.157          0.002
      38314.204       1182.449     818822.974          0.002
      37301.706       2064.338    1324040.017          0.002
      41287.185       1380.292     722231.399          0.001
      42325.846       1919.554    2616284.847          0.001
      39340.966       1530.229     722231.399          0.001
      38706.978       1925.572     905314.157          0.002
      43367.531       1582.995     805844.493          0.001
      44435.695       2217.015    2821789.638          0.001
      42804.324       1158.092     805844.493          0.001
      44203.633       1202.054     805051.195          0.001
      44393.522       1194.995     805051.195          0.001
      45784.227       1033.938     751732.018          0.001
      45359.178       1660.123     751732.018          0.002
      44435.695       2217.015    2821789.638          0.001
      47019.649        987.579     751732.018          0.001
      48414.351       1109.260     800243.453          0.001
      48783.497       1416.370     800243.453          0.001
      49381.792       1923.616    1253065.819          0.001
      48293.614       1193.407     800243.453          0.001
      47119.742       1956.313     835781.636          0.001
      50723.863        847.292    1038120.665          0.001
      50771.565       2137.986     851092.482          0.001
      50723.863        847.292    1038120.665          0.001
      51466.678       1183.196     801375.416          0.000
      50307.524       1181.190     676754.668          0.001
      49381.792       1923.616    1253065.819          0.001
      52400.609       1100.028     801375.416          0.001
      53768.243        800.733     614717.212          0.001
      51519.753       1498.886     801375.416          0.000
      50849.671       2728.109     851092.482          0.000
      53753.253       1960.598     614717.212          0.002
      53660.725       2812.953     679839.116          0.003
      53398.719       1697.660     614717.212          0.002
      52748.793       2937.659     857482.004          0.002
      53674.977        924.453     614717.212          0.001
      52537.859       1741.130     833106.512          0.001
      54144.553        939.448     614717.212          0.001
      55332.971       1679.491     820015.114          0.001
      53947.038        792.768     614717.212          0.001
      55302.220       1144.170     794434.480          0.001
      56051.852       1597.321     794434.480          0.001
      56716.497       2187.667    1883779.384          0.001
      57975.823        856.621     668223.821          0.001
      59375.434        889.626     697953.804          0.001
      57485.102       1329.913     668223.821          0.001
      56716.497       2187.667    1883779.384          0.001
      59894.735        901.873  152972971.244          0.000
      60576.637       1800.759  150038505.660          0.000
      59040.589       1711.039     697953.804          0.001
      58528.534       2196.129    1756065.203          0.002
      61366.298       1118.914     780238.455          0.001
      62761.555       1003.770     766197.370          0.001
      62970.520        988.260     766197.370          0.001
      64369.533       1040.820     779162.420          0.001
      62721.524       1067.862     766197.370          0.001
      61396.728       1520.538     806527.846          0.001
      63103.973       1065.628     766197.370          0.001
      64342.622       1718.122     816411.625          0.001
      67033.819       1133.822     907352.031          0.002
      67910.053       1541.117     817882.223          0.002
      67033.819       1133.822     907352.031          0.002
      66730.104       1902.970     973667.866          0.002
      67033.819       1133.822     907352.031          0.002
      67803.610       1100.589     780117.220          0.002
      69689.008       1077.684     780117.220          0.001
      70855.468       1122.244    1055819.994          0.001
      70855.468       1122.244    1055819.994          0.001
      71457.661       1960.506     830253.600          0.001
      70698.780       1338.131     779983.495          0.001
      70070.607       2203.635     549035.478          0.002
      72289.365       1879.664     781733.907          0.001
      72898.532       2611.758    2085994.397          0.001
      72271.171       1188.324     781733.907          0.001
      73667.010       1080.456     770573.752          0.001
      73437.495       1550.117     770573.752          0.001
      72898.532       2611.758    2085994.397          0.001
      73914.904       1065.417     770573.752          0.001
      75312.389        981.539     722249.309          0.001
      74768.012       1798.531     722249.309          0.002
      74169.735       2256.305     847919.064          0.002
      76348.031        935.477     722249.309          0.001
      77747.572        899.647     684013.421          0.001
      77773.975        917.814     684013.421          0.001
      78726.756       1943.586     800749.105          0.001
      77444.168       1284.385     684013.421          0.001
      76712.605       2185.006    1376122.397          0.001
      77533.740       1018.345     684013.421          0.001
      76298.281       1676.859     800001.640          0.001
      79722.638       1296.071     752725.958          0.000
      78892.064       2121.559    3873351.285          0.001
       1113.783       2694.847     794303.033          0.001
       1822.271       3110.882    1834764.324          0.001
       3112.494       2500.150     800424.080          0.003
       4165.093       3114.540    1351658.843          0.002
       1914.061       1852.205     800424.080          0.001
       1822.271       3110.882    1834764.324          0.001
       2460.599       1843.736     800424.080          0.002
       3856.625       1949.138     816858.253          0.002
       4291.965       1982.007    1709932.611          0.001
       5382.126       2114.778     828757.934          0.001
       4253.275       2327.378     816858.253          0.002
       4165.093       3114.540    1351658.843          0.002
       6500.242       2447.958     828757.934          0.001
       7147.256       2729.875     895116.771          0.002
       9205.159       1937.110     824446.485          0.002
      10215.035       1945.473     996064.423          0.002
       7807.645       2278.736     824446.485          0.001
       7147.256       2729.875     895116.771          0.002
      10215.035       1945.473     996064.423          0.002
      10888.159       1788.839     968780.067          0.002
      10149.612       2172.573     830324.486          0.002
       9926.189       2948.136     648181.621          0.003
      10979.052       1885.881     822951.243          0.002
      11936.097       2907.676     873494.560          0.002
      10559.173       2185.310     822951.243          0.002
       9926.189       2948.136     648181.621          0.003
      15878.684       1963.420     829587.588          0.002
      17028.116       2045.164     900222.033          0.002
      15009.990       1945.633     829587.588          0.001
      15213.824       3287.040    2359236.639          0.001
      15003.233       1901.161    1708069.984          0.001
      14307.369       2550.326     862760.483          0.001
      17028.116       2045.164     900222.033          0.002
      15997.578       2750.563     880543.514          0.002
      17028.116       2045.164     900222.033          0.002
      17761.821       2063.996     843903.061          0.002
      17028.116       2045.164     900222.033          0.002
      17176.095       2993.162     790416.008          0.003
      20607.105       2017.442     843903.061          0.002
      21405.340       1971.640     984272.131          0.002
      21535.288       2191.838     846283.206          0.003
      22101.316       3150.981    1052011.631          0.003
      21405.340       1971.640     984272.131          0.002
      20420.294       2771.229     881691.274          0.002
      21405.340       1971.640     984272.131          0.002
      22199.855       2136.031    1123953.556          0.002
      22199.855       2136.031    1123953.556          0.002
      22857.279       3203.661     900144.041          0.002
      22199.855       2136.031    1123953.556          0.002
      23461.490       2168.860     850019.497          0.002
      22195.375       2182.176     852896.506          0.002
      22101.316       3150.981    1052011.631          0.003
      24277.376       2190.089    1546293.539          0.001
      24996.504       2211.327     849167.591          0.001
      24137.020       2437.173     850019.497          0.001
      23445.530       3654.482     900144.041          0.001
      24277.376       2190.089    1546293.539          0.001
      24556.782       3239.448     633184.974          0.001
      25188.813       2495.251     849167.591          0.001
      24556.782       3239.448     633184.974          0.001
      30748.959       2934.488     845588.675          0.002
      31391.579       4178.288     904803.499          0.002
      30878.097       2277.107     845588.675          0.002
      32125.182       2913.329     871376.069          0.001
      30894.227       2041.804     845588.675          0.002
      32281.261       2231.896     852158.680          0.001
      30131.828       2085.033     845588.675          0.001
      29297.107       3094.587    4687303.876          0.001
      32427.562       2251.946    1688644.609          0.001
      33273.749       2238.349     847879.719          0.001
      32427.562       2251.946    1688644.609          0.001
      32323.644       3014.577    1328515.323          0.001
      34208.468       2244.046     847879.719          0.000
      34192.609       3246.401    4356067.624          0.001
      34459.815       2189.676     847879.719          0.000
      35321.959       2074.113    2754816.692          0.001
      35349.311       2253.961     844857.433          0.001
      35472.226       3062.158     568336.504          0.002
      36226.152       2069.649     844857.433          0.002
      37301.706       2064.338    1324040.017          0.002
      37340.083       2092.865     848060.466          0.002
      38463.666       2928.067     874201.801          0.002
      37301.706       2064.338    1324040.017          0.002
      38561.360       1939.952     840540.919          0.002
      37204.969       2198.157     848060.466          0.002
      36648.864       2967.429     975883.688          0.002
      38706.978       1925.572     905314.157          0.002
      38573.847       3009.969    1929446.307          0.002
      40967.800       2487.303     829783.580          0.001
      41650.163       3300.263    1162241.896          0.001
      41244.958       1864.399     829783.580          0.001
      42325.846       1919.554    2616284.847          0.001
      42398.244       2906.468     831208.849          0.002
      42498.625       4274.864    3295496.639          0.001
      42872.030       1996.559     831208.849          0.002
      44258.320       2192.008     840077.980          0.001
      42286.900       1999.138     831208.849          0.001
      41671.513       3256.635     875962.711          0.001
      44435.695       2217.015    2821789.638          0.001
      45514.815       2228.200     835781.636          0.002
      44435.695       2217.015    2821789.638          0.001
      45405.178       3026.074     887300.662          0.002
      44484.555       2574.143     840077.980          0.002
      44656.533       3831.155    2165753.880          0.002
      43686.425       3013.003     840077.980          0.002
      42726.843       4032.416     901998.271          0.002
      47560.317       2081.019     835781.636          0.001
      48807.967       1854.554    3132482.902          0.001
      48416.680       2302.823     822524.338          0.002
      47534.693       3313.249     844568.689          0.002
      49388.735       2015.054     824374.424          0.002
      49494.743       3411.035     883076.626          0.002
      49381.792       1923.616    1253065.819          0.001
      50010.533       2324.013     851092.482          0.001
      49205.360       2266.131     824374.424          0.002
      48735.708       3177.887     628564.360          0.003
      54380.856       2499.057     820015.114          0.002
      53660.725       2812.953     679839.116          0.003
      56712.212       2335.659     830653.886          0.001
      56671.695       3735.073     888290.508          0.001
      57141.256       2189.651     830653.886          0.002
      58528.534       2196.129    1756065.203          0.002
      56716.497       2187.667    1883779.384          0.001
      55958.489       2994.839     865300.168          0.001
      58577.980       2700.620     829457.927          0.002
      58700.478       3950.449     707512.193          0.002
      58528.534       2196.129    1756065.203          0.002
      59608.466       3024.834     861820.598          0.002
      58528.534       2196.129    1756065.203          0.002
      59309.686       2045.334     806527.846          0.002
      58342.114       2363.867     829457.927          0.002
      57301.390       3300.293     888290.508          0.002
      60075.658       2497.042     806527.846          0.001
      59664.803       3068.066     864962.980          0.002
      62158.368       2082.017     806527.846          0.002
      62946.370       2222.136     676071.437          0.002
      62946.370       2222.136     676071.437          0.002
      63657.557       2875.419     858583.355          0.001
      62946.370       2222.136     676071.437          0.002
      62558.637       3333.777     911182.758          0.003
      62946.370       2222.136     676071.437          0.002
      63662.428       2146.121     816411.625          0.002
      62946.370       2222.136     676071.437          0.002
      62132.446       2803.653     876958.305          0.002
      66013.348       1946.661     816411.625          0.001
      66730.104       1902.970     973667.866          0.002
      64654.734       2337.631     816411.625          0.001
      63997.539       3187.719    2177016.275          0.001
      66730.104       1902.970     973667.866          0.002
      67685.917       2715.435     861281.436          0.002
      66730.104       1902.970     973667.866          0.002
      67767.294       1928.120     817882.223          0.002
      66730.104       1902.970     973667.866          0.002
      66585.159       3113.088     954906.809          0.002
      69487.839       2700.063     817882.223          0.002
      70022.727       3277.854    1492854.592          0.002
      69309.219       2053.924     817882.223          0.001
      70070.607       2203.635     549035.478          0.002
      70070.607       2203.635     549035.478          0.002
      70808.878       2245.319     830253.600          0.001
      70070.607       2203.635     549035.478          0.002
      70022.727       3277.854    1492854.592          0.002
      74169.735       2256.305     847919.064          0.002
      74035.729       3151.836     532517.852          0.003
      74310.973       2429.489     829801.002          0.002
      74974.260       3242.802    1145018.140          0.002
      74169.735       2256.305     847919.064          0.002
      75091.439       2033.479     800001.640          0.002
      74169.735       2256.305     847919.064          0.002
      73197.401       2528.189     846002.851          0.002
      76778.298       2298.725     817363.837          0.002
      77201.253       3030.891    1071563.217          0.002
      76712.605       2185.006    1376122.397          0.001
      77909.912       2150.151     800749.105          0.002
      75847.436       2711.468     817363.837          0.003
      74974.260       3242.802    1145018.140          0.002
      78892.064       2121.559    3873351.285          0.001
      79741.373       2841.877     832428.158          0.000
      78876.451       2250.885     800749.105          0.001
      78758.819       3225.286    1293406.725          0.001
       1822.271       3110.882    1834764.324          0.001
       1129.702       3479.824     857852.284          0.001
       2260.655       3382.439     850315.700          0.002
       3095.634       3899.667     995961.736          0.002
       1822.271       3110.882    1834764.324          0.001
       2008.551       4030.958     599269.027          0.003
       2903.036       3112.570     850315.700          0.003
       4165.093       3114.540    1351658.843          0.002
       4165.093       3114.540    1351658.843          0.002
       4908.984       3852.682     907049.910          0.002
       4168.426       3418.551     867890.232          0.003
       4183.777       4818.467     922512.694          0.003
       4165.093       3114.540    1351658.843          0.002
       3095.634       3899.667     995961.736          0.002
       4165.093       3114.540    1351658.843          0.002
       4919.162       3190.134     879287.416          0.002
       6285.360       3090.573     879287.416          0.001
       7147.256       2729.875     895116.771          0.002
       8085.612       3223.901     888126.855          0.001
       7147.256       2729.875     895116.771          0.002
       9150.250       3105.453     888126.855          0.002
       9926.189       2948.136     648181.621          0.003
       7847.757       3664.561     888126.855          0.002
       7314.359       4196.402    1003221.979          0.003
       9107.740       3596.180     888126.855          0.002
       9992.959       3897.002    1859132.509          0.002
       9926.189       2948.136     648181.621          0.003
       9992.959       3897.002    1859132.509          0.002
       9926.189       2948.136     648181.621          0.003
      11133.970       2936.334     873494.560          0.003
      11955.421       2928.307    1634995.280          0.002
      12180.419       3595.676     904401.986          0.001
      11211.561       3295.485     873494.560          0.003
       9992.959       3897.002    1859132.509          0.002
      17176.095       2993.162     790416.008          0.003
      17708.701       3491.168     902891.863          0.001
      17176.095       2993.162     790416.008          0.003
      16444.065       3831.597     653175.984          0.003
      17176.095       2993.162     790416.008          0.003
      16051.241       3161.625     880543.514          0.002
      19418.747       3260.653    2644426.239          0.001
      20136.335       3001.726    1770015.190          0.001
      19418.747       3260.653    2644426.239          0.001
      18269.280       3821.150     902891.863          0.001
      20142.439       3300.993     881691.274          0.002
      20161.269       4224.278    1275454.614          0.002
      21047.509       3070.936     881691.274          0.002
      22101.316       3150.981    1052011.631          0.003
      22101.316       3150.981    1052011.631          0.003
      22708.846       3540.313     900144.041          0.002
      22101.316       3150.981    1052011.631          0.003
      21629.261       4270.883     924029.022          0.002
      21897.328       3263.833     887445.168          0.003
      20672.302       3941.558     915269.283          0.003
      24556.782       3239.448     633184.974          0.001
      24555.078       3869.087  226593037.902          0.000
      24405.367       3320.836     878852.965          0.001
      23296.469       3916.889    2238024.429          0.001
      26076.524       3133.645     876556.849          0.001
      27110.228       3018.296    3580120.258          0.001
      27988.351       4208.126     872795.833          0.003
      28511.107       4916.444    1058827.509          0.003
      28064.281       3434.898     872795.833          0.002
      29278.821       3965.246    1567957.260          0.002
      27110.228       3018.296    3580120.258          0.001
      26436.048       4145.563     902341.172          0.001
      27541.715       3033.349     872795.833          0.002
      28940.864       3082.159     878078.046          0.002
      30003.159       3489.655     878078.046          0.002
      31224.904       4173.276     904803.499          0.002
      32323.644       3014.577    1328515.323          0.001
      32906.192       3696.670     896852.063          0.001
      32204.287       3191.681     871376.069          0.001
      31455.715       4302.426    2804270.008          0.001
      34910.473       4357.778     874397.427          0.002
      35402.378       5119.332    1924203.054          0.002
      34746.932       3166.588     874397.427          0.001
      35472.226       3062.158     568336.504          0.002
      34192.609       3246.401    4356067.624          0.001
      33445.981       4195.450     896852.063          0.000
      35472.226       3062.158     568336.504          0.002
      35652.856       3854.398    2283504.380          0.002
      35778.987       3037.461     874817.146          0.002
      36648.864       2967.429     975883.688          0.002
      36835.345       3187.271     875901.035          0.003
      37657.318       4156.299     861923.684          0.003
      36648.864       2967.429     975883.688          0.002
      35937.581       3600.843     895430.958          0.002
      36648.864       2967.429     975883.688          0.002
      37847.928       2993.927     874201.801          0.002
      38573.847       3009.969    1929446.307          0.002
      39282.583       3074.261     872281.213          0.002
      38573.847       3009.969    1929446.307          0.002
      38630.376       4103.745    1780206.878          0.002
      38173.287       3510.961     874201.801          0.002
      37657.318       4156.299     861923.684          0.003
      39298.717       3800.473     872281.213          0.002
      38630.376       4103.745    1780206.878          0.002
      41830.195       3507.060     875962.711          0.001
      42498.625       4274.864    3295496.639          0.001
      41650.163       3300.263    1162241.896          0.001
      40826.824       3913.874     897997.709          0.001
      47811.763       3282.021     872614.574          0.002
      48735.708       3177.887     628564.360          0.003
      47534.693       3313.249     844568.689          0.002
      47557.884       4188.140    1133879.744          0.002
      47534.693       3313.249     844568.689          0.002
      46866.747       3614.082     887300.662          0.001
      48721.704       3341.699     868389.884          0.003
      48602.461       4736.612     908573.442          0.003
      48735.708       3177.887     628564.360          0.003
      47888.259       3904.768     894612.948          0.002
      48735.708       3177.887     628564.360          0.003
      49286.946       3653.100     883076.626          0.002
      51303.233       3142.920     851092.482          0.001
      52488.670       3887.728     881215.999          0.001
      50229.728       3288.681     851092.482          0.001
      49528.969       3861.743    1755725.642          0.001
      52822.404       2936.625     857482.004          0.002
      53660.725       2812.953     679839.116          0.003
      52743.212       2948.307     686395.560          0.002
      52571.192       3777.751     881215.999          0.001
      53664.702       2817.159     855132.461          0.003
      54626.558       3834.426     889490.632          0.002
      53660.725       2812.953     679839.116          0.003
      54662.473       2941.708     865300.168          0.002
      59664.803       3068.066     864962.980          0.002
      59669.320       3992.117     890509.895          0.001
      59451.723       3263.040     861820.598          0.002
      58700.478       3950.449     707512.193          0.002
      63859.884       3862.297     858583.355          0.002
      63647.569       4902.748     815736.286          0.002
      63997.539       3187.719    2177016.275          0.001
      64675.530       3922.642     881508.190          0.001
      63735.052       3441.208     858583.355          0.001
      62727.994       4413.748     911182.758          0.002
      65882.688       2998.891     846134.377          0.002
      66585.159       3113.088     954906.809          0.002
      66588.272       3125.227     862739.972          0.002
      66845.098       4126.724    1550177.914          0.002
      66585.159       3113.088     954906.809          0.002
      67661.498       3042.842     861281.436          0.002
      66585.159       3113.088     954906.809          0.002
      65805.880       3454.528     881508.190          0.002
      67502.951       3517.287     861281.436          0.002
      66845.098       4126.724    1550177.914          0.002
      68845.228       3123.395     861281.436          0.002
      70022.727       3277.854    1492854.592          0.002
      70002.427       3807.328     873797.306          0.003
      69960.383       4903.941     882164.491          0.003
      70022.727       3277.854    1492854.592          0.002
      70731.704       3999.442     902661.292          0.002
      70022.727       3277.854    1492854.592          0.002
      70725.443       3245.565     869174.673          0.002
      69860.092       3404.051     873797.306          0.002
      68754.025       4262.313     910591.598          0.002
      72321.156       4255.114     869174.673          0.002
      72736.473       5033.511    1076014.879          0.002
      72050.612       3047.411     869174.673          0.001
      72898.532       2611.758    2085994.397          0.001
      74140.946       3253.744     872621.445          0.003
      75107.846       4190.235     748313.766          0.003
      74035.729       3151.836     532517.852          0.003
      74974.260       3242.802    1145018.140          0.002
      74035.729       3151.836     532517.852          0.003
      73553.552       3683.280     902065.627          0.002
      74974.260       3242.802    1145018.140          0.002
      75991.133       3802.338     890492.083          0.003
      75116.536       3229.264     875588.316          0.003
      76510.240       3096.645     857253.989          0.003
      74974.260       3242.802    1145018.140          0.002
      75107.846       4190.235     748313.766          0.003
      77201.253       3030.891    1071563.217          0.002
      77823.499       4014.394     438291.025          0.002
      77201.253       3030.891    1071563.217          0.002
      76972.437       4075.866     890492.083          0.002
      77201.253       3030.891    1071563.217          0.002
      78076.466       3140.124     847745.049          0.002
      78758.819       3225.286    1293406.725          0.001
      78793.738       4333.803     876189.514          0.001
      78758.819       3225.286    1293406.725          0.001
      79416.542       3679.078     856993.669          0.001
      78461.324       3476.276     847745.049          0.002
      77823.499       4014.394     438291.025          0.002
        735.738       4549.027     857852.284          0.001
       1887.007       5280.396    8951519.078          0.001
       2008.551       4030.958     599269.027          0.003
       1930.465       4833.661     896609.069          0.001
       2170.488       4011.400     878970.872          0.003
       3095.634       3899.667     995961.736          0.002
       3177.519       3980.472     887424.088          0.003
       4174.025       4963.822     922512.694          0.003
       5710.345       4325.725     907049.910          0.002
       6954.337       4859.279    2762750.278          0.002
       4887.637       4316.032     907049.910          0.002
       4185.495       4975.141    1327522.757          0.003
       8131.118       4685.851     920156.310          0.004
       9214.455       5335.048    1874201.017          0.003
       7314.359       4196.402    1003221.979          0.003
       6954.337       4859.279    2762750.278          0.002
       7314.359       4196.402    1003221.979          0.003
       7188.074       3088.100     860027.816          0.003
       9992.959       3897.002    1859132.509          0.002
      10865.440       4789.269     945206.302          0.002
       9743.444       4357.904     911679.871          0.003
       9214.455       5335.048    1874201.017          0.003
      12622.367       4326.988     904401.986          0.001
      13249.418       4942.949     589151.429          0.002
      12330.221       4040.008   19855120.283          0.001
      13717.165       3947.981     895031.163          0.001
      14774.768       4184.978     895031.163          0.001
      15507.750       4484.784    1658869.940          0.002
      14400.572       3761.883     895031.163          0.001
      15213.824       3287.040    2359236.639          0.001
      16444.065       3831.597     653175.984          0.003
      17072.044       5040.669    1645557.955          0.002
      16444.065       3831.597     653175.984          0.003
      15745.601       3522.427     880543.514          0.002
      16444.065       3831.597     653175.984          0.003
      15695.535       4353.782     915821.215          0.002
      18550.082       3869.559     902891.863          0.001
      19264.144       3838.509     488573.736          0.002
      19264.144       3838.509     488573.736          0.002
      20161.269       4224.278    1275454.614          0.002
      19287.278       3976.120     904073.074          0.002
      19462.174       5016.476     804931.453          0.003
      20161.269       4224.278    1275454.614          0.002
      21122.014       4819.793     924029.022          0.002
      20161.269       4224.278    1275454.614          0.002
      19462.174       5016.476     804931.453          0.003
      25167.904       4017.349     893266.269          0.001
      26342.741       4301.579    5066127.115          0.001
      26342.741       4301.579    5066127.115          0.001
      25315.643       4989.262     913110.145          0.001
      29351.207       4213.223     903255.702          0.002
      29560.275       4929.436     561711.821          0.003
      29403.943       3984.626     903255.702          0.002
      30787.446       4198.917     904803.499          0.002
      29126.972       4153.387     903255.702          0.002
      28511.107       4916.444    1058827.509          0.003
      31455.715       4302.426    2804270.008          0.001
      32263.833       4623.856     912466.511          0.002
      31455.715       4302.426    2804270.008          0.001
      31334.485       5343.751    1190864.627          0.001
      30366.949       4662.589     904803.499          0.003
      29560.275       4929.436     561711.821          0.003
      36027.568       4477.002     895430.958          0.002
      36397.163       5091.104     601917.148          0.003
      36723.628       4015.671     895430.958          0.003
      37657.318       4156.299     861923.684          0.003
      35649.554       3871.071     895430.958          0.002
      35402.378       5119.332    1924203.054          0.002
      37657.318       4156.299     861923.684          0.003
      38153.516       4790.888     919451.410          0.002
      37544.066       4240.311     906552.740          0.003
      36419.666       5074.411     924189.828          0.003
      38630.376       4103.745    1780206.878          0.002
      38251.240       4915.867    1921595.053          0.002
      43039.521       4783.641     901998.271          0.002
      44059.284       5742.851     929877.925          0.002
      42497.697       4417.957     901998.271          0.002
      42488.613       5817.927     926625.642          0.002
      42498.625       4274.864    3295496.639          0.001
      41781.511       4712.893     915690.602          0.002
      42912.566       4189.749     901998.271          0.002
      44283.877       3907.781     891721.284          0.002
      44656.533       3831.155    2165753.880          0.002
      45432.027       4919.875     914659.943          0.002
      44581.728       4359.248     891721.284          0.002
      44385.378       5745.410     929877.925          0.002
      45974.885       4405.303     887300.662          0.001
      45523.373       5048.116    1178037.120          0.002
      47766.079       4331.985     894612.948          0.002
      48588.477       4900.189     865283.500          0.003
      47557.884       4188.140    1133879.744          0.002
      46981.388       4797.854     915553.854          0.001
      49516.227       4011.181     883076.626          0.001
      49413.580       5215.018    1714945.693          0.002
      49165.912       4262.613     883076.626          0.002
      48588.477       4900.189     865283.500          0.003
      51090.420       4117.771     887025.768          0.001
      52477.713       3929.574     881215.999          0.001
      51495.723       4491.609     887025.768          0.001
      52792.420       4957.190   10113044.736          0.001
      53786.164       3940.288     881215.999          0.002
      54740.698       3955.141    2254951.945          0.002
      54739.057       4242.310     889490.632          0.002
      54731.056       5642.287     956035.715          0.002
      55148.124       4465.245     889490.632          0.002
      55777.940       5253.784    1482277.885          0.003
      54740.698       3955.141    2254951.945          0.002
      56032.748       3898.330     888290.508          0.002
      54740.698       3955.141    2254951.945          0.002
      53702.753       4488.983     909295.868          0.002
      57154.548       4118.776     888290.508          0.002
      58401.598       4755.068     911262.873          0.002
      57580.003       3906.328     888290.508          0.002
      58700.478       3950.449     707512.193          0.002
      58700.478       3950.449     707512.193          0.002
      58704.363       4761.286     911262.873          0.001
      59689.019       4290.268     890509.895          0.001
      60674.381       5023.085    3366193.574          0.001
      67095.336       4644.663     898813.127          0.003
      67704.376       5905.246     964665.882          0.003
      66931.951       4136.173     898813.127          0.002
      68323.739       4287.579     910591.598          0.002
      66845.098       4126.724    1550177.914          0.002
      66284.915       4681.522     922751.400          0.002
      69150.557       5253.663     910591.598          0.003
      69672.206       6266.562    1725915.132          0.003
      68440.657       4857.362     910591.598          0.003
      67881.081       6140.668     964665.882          0.002
      68988.575       4467.461     910591.598          0.002
      69960.383       4903.941     882164.491          0.003
      70888.295       4227.680     902661.292          0.002
      71483.939       5494.649     950938.480          0.002
      70826.216       4095.636    2411362.235          0.001
      71768.138       4995.264     931755.375          0.001
      74186.202       4575.495     902065.627          0.002
      75028.649       4953.861    1332131.043          0.002
      74312.566       4159.619     902065.627          0.003
      75107.846       4190.235     748313.766          0.003
      73142.834       4155.787     902065.627          0.001
      72736.473       5033.511    1076014.879          0.002
      73155.200       4078.868     902065.627          0.001
      72913.937       2699.813     846002.851          0.001
      75107.846       4190.235     748313.766          0.003
      76058.962       4254.998     890492.083          0.002
      75107.846       4190.235     748313.766          0.003
      75028.649       4953.861    1332131.043          0.002
      76920.370       4313.652    1809557.390          0.001
      77823.499       4014.394     438291.025          0.002
      77823.499       4014.394     438291.025          0.002
      77190.327       4579.995     898514.063          0.002
      79818.654       4224.894     856993.669          0.000
      78815.276       5017.556   13488827.742          0.000
       1887.007       5280.396    8951519.078          0.001
        700.049       5810.061     887174.207          0.001
       4185.495       4975.141    1327522.757          0.003
       3885.839       5927.377    1728183.831          0.002
       4185.495       4975.141    1327522.757          0.003
       5266.042       4860.451    1256863.614          0.002
       5360.581       5011.443     929771.231          0.002
       6000.133       6032.894    1232019.506          0.002
       5143.233       4955.385     929771.231          0.002
       4035.592       5811.615     939821.211          0.002
       5266.042       4860.451    1256863.614          0.002
       6621.384       4859.510     940472.640          0.002
       6955.096       5061.441     940472.640          0.002
       6959.188       6151.273    2056777.940          0.002
       6681.591       5194.740     940472.640          0.003
       6000.133       6032.894    1232019.506          0.002
       8179.329       5117.148     940472.640          0.003
       9214.455       5335.048    1874201.017          0.003
       9113.890       5491.438     959341.613          0.003
       8356.675       6668.989     990175.130          0.003
       9214.455       5335.048    1874201.017          0.003
      10124.404       5973.669     971855.269          0.003
       9214.455       5335.048    1874201.017          0.003
      10099.318       5245.124     945206.302          0.003
       9199.209       5340.566     959341.613          0.003
       7882.774       5817.009     971935.107          0.003
      10994.122       5369.874     945206.302          0.002
      10335.236       6121.636    2727120.817          0.002
      11201.645       5133.099    2188162.397          0.002
      11883.424       5922.870     958575.242          0.002
      13249.418       4942.949     589151.429          0.002
      13930.463       5591.428     948716.989          0.001
      13249.418       4942.949     589151.429          0.002
      12198.083       5863.973     958575.242          0.002
      13249.418       4942.949     589151.429          0.002
      13941.904       5046.204     931717.588          0.001
      17072.044       5040.669    1645557.955          0.002
      16028.045       4669.675     915821.215          0.002
      17201.231       5253.915     935869.496          0.002
      17926.636       6451.323     974125.542          0.003
      17072.044       5040.669    1645557.955          0.002
      18220.624       5520.897     944774.615          0.002
      17072.044       5040.669    1645557.955          0.002
      16214.786       5940.338     949691.547          0.002
      19462.174       5016.476     804931.453          0.003
      20559.586       5828.131     944145.422          0.002
      19462.174       5016.476     804931.453          0.003
      20647.295       4977.926     924029.022          0.002
      19462.174       5016.476     804931.453          0.003
      19167.033       5688.817     944774.615          0.002
      21340.739       4955.370    2297757.915          0.002
      21943.858       5799.824     936853.673          0.001
      21335.517       5004.898     924029.022          0.002
      21198.862       6300.945    2072209.647          0.002
      22484.921       5200.340    5451648.807          0.001
      22268.433       6254.275    9489146.748          0.001
      22640.037       4955.027     919837.025          0.001
      23296.469       3916.889    2238024.429          0.001
      23268.107       4885.971     917772.604          0.001
      23296.469       3916.889    2238024.429          0.001
      23640.525       5254.871     917772.604          0.001
      25032.634       5106.436     913110.145          0.001
      24769.934       5595.731     913110.145          0.001
      24245.999       6269.461     495766.132          0.002
      25538.670       5093.507     913110.145          0.001
      26272.119       5094.998    1628554.303          0.002
      27314.247       5640.926     917281.999          0.003
      28253.564       6132.995    1721288.871          0.003
      27410.212       5004.238     917281.999          0.003
      28511.107       4916.444    1058827.509          0.003
      26272.119       5094.998    1628554.303          0.002
      26172.497       6046.527     934365.353          0.001
      28511.107       4916.444    1058827.509          0.003
      28253.564       6132.995    1721288.871          0.003
      28511.107       4916.444    1058827.509          0.003
      29560.275       4929.436     561711.821          0.003
      29560.275       4929.436     561711.821          0.003
      30317.938       5106.366     921000.788          0.003
      29528.931       4958.306     924933.097          0.003
      28499.172       5906.776     939271.516          0.003
      31334.485       5343.751    1190864.627          0.001
      32216.670       5209.908     912466.511          0.001
      31334.485       5343.751    1190864.627          0.001
      30466.217       5914.709     928892.751          0.001
      34702.437       5093.677     912466.511          0.002
      35402.378       5119.332    1924203.054          0.002
      35643.461       5354.070     920843.953          0.002
      36539.556       6226.583    2565386.920          0.002
      35402.378       5119.332    1924203.054          0.002
      34904.755       5792.038     931245.397          0.001
      36397.163       5091.104     601917.148          0.003
      36514.445       6026.342     937047.711          0.002
      36397.163       5091.104     601917.148          0.003
      37456.053       4991.023     919451.410          0.003
      38251.240       4915.867    1921595.053          0.002
      38426.299       5887.178    1893400.599          0.002
      38251.240       4915.867    1921595.053          0.002
      38970.392       5040.442     915690.602          0.002
      37819.735       5246.290     919451.410          0.003
      36708.192       6097.450     937047.711          0.002
      39112.632       5727.256     915690.602          0.002
      38426.299       5887.178    1893400.599          0.002
      45523.373       5048.116    1178037.120          0.002
      46138.213       5820.947     931339.112          0.001
      45312.686       5221.125     914659.943          0.002
      44347.358       6013.818    3145583.839          0.002
      46975.953       5977.704     915553.854          0.001
      47552.964       6959.878    3319253.019          0.001
      48588.477       4900.189     865283.500          0.003
      48039.431       5992.269     942753.456          0.003
      48588.477       4900.189     865283.500          0.003
      49367.873       5197.578     914584.004          0.002
      49422.245       5388.238     914584.004          0.002
      49492.185       6786.490     953590.042          0.002
      49413.580       5215.018    1714945.693          0.002
      49964.609       5756.104     940025.770          0.001
      49119.156       5491.125     914584.004          0.002
      48097.949       6448.798     942753.456          0.002
      52698.447       5579.283     909295.868          0.002
      52587.595       6313.108    1226377.962          0.002
      52625.351       5049.880     909295.868          0.001
      51401.139       5729.074     940025.770          0.002
      55763.873       5508.647     932850.779          0.003
      55686.721       6906.519     987349.093          0.003
      55777.940       5253.784    1482277.885          0.003
      56588.517       4925.315    1220843.339          0.002
      56414.417       5600.706     932850.779          0.003
      57510.228       6197.995     918151.361          0.003
      55777.940       5253.784    1482277.885          0.003
      55041.686       5715.072     956035.715          0.002
      57024.144       5526.819     919391.089          0.003
      57510.228       6197.995     918151.361          0.003
      56588.517       4925.315    1220843.339          0.002
      57781.401       4916.635     911262.873          0.002
      58788.546       5377.327     911262.873          0.002
      58914.597       6083.181    1213218.826          0.003
      58705.075       4909.914    4228766.438          0.001
      60096.636       4989.884     905548.248          0.002
      60674.381       5023.085    3366193.574          0.001
      61748.756       5185.377     911182.758          0.001
      60623.394       5421.380     905548.248          0.001
      60523.369       6202.765     858979.029          0.002
      62860.980       5040.920     911182.758          0.002
      63647.569       4902.748     815736.286          0.002
      63648.390       5147.103     904109.397          0.002
      63652.133       6261.074     639231.144          0.002
      63647.569       4902.748     815736.286          0.002
      64320.320       5176.091     920745.241          0.001
      63647.569       4902.748     815736.286          0.002
      62853.044       6028.344    1339003.268          0.002
      64746.634       5349.306   43471070.079          0.001
      65669.287       5291.232   10544829.400          0.001
      64837.395       5405.582     920745.241          0.001
      65635.398       5900.386    4206980.512          0.001
      69960.383       4903.941     882164.491          0.003
      70589.348       5261.748     950938.480          0.002
      69933.041       5033.225     928090.476          0.003
      69672.206       6266.562    1725915.132          0.003
      73441.078       5517.575     924809.640          0.003
      74035.961       5926.260    1356114.716          0.003
      72751.971       5172.927     924809.640          0.002
      72867.399       6211.260     723860.902          0.003
      75028.649       4953.861    1332131.043          0.002
      75897.972       5850.973     931530.346          0.002
      74807.106       5170.876     915432.620          0.003
      74035.961       5926.260    1356114.716          0.003
      77020.373       5239.094     898514.063          0.001
      77792.457       6175.910    1319507.579          0.002
      78815.276       5017.556   13488827.742          0.000
      79784.903       5921.846     885004.435          0.000
      78293.234       5608.774     876189.514          0.001
      77792.457       6175.910    1319507.579          0.002
       1282.621       6079.372     887174.207          0.001
       2009.115       6054.972     966344.041          0.001
       2009.115       6054.972     966344.041          0.001
       2248.851       7146.831    2580266.971          0.001
       2009.115       6054.972     966344.041          0.001
       1307.102       6435.095     895459.983          0.002
       2822.920       5999.643     912927.480          0.002
       3885.839       5927.377    1728183.831          0.002
       3885.839       5927.377    1728183.831          0.002
       4028.711       6973.094     946615.214          0.002
       3885.839       5927.377    1728183.831          0.002
       3048.399       6551.217     923133.793          0.002
       4550.426       5960.544     939821.211          0.003
       5948.685       6030.327     964567.096          0.003
       6000.133       6032.894    1232019.506          0.002
       4911.277       6571.681     946615.214          0.003
       6000.133       6032.894    1232019.506          0.002
       6959.188       6151.273    2056777.940          0.002
       7083.558       6292.990     971935.107          0.003
       7957.838       7289.224    2658211.821          0.002
       9943.404       6733.868     971855.269          0.003
       9188.726       7913.046    1007656.966          0.003
      10335.236       6121.636    2727120.817          0.002
      11016.302       7023.923    2000689.081          0.002
       9585.190       6489.998     971855.269          0.003
       8328.561       7107.155     990175.130          0.003
      12021.376       6063.913     958575.242          0.001
      13242.326       6748.954     975963.713          0.002
      11989.969       6046.292   11459316.046          0.001
      13334.988       6044.782     948716.989          0.002
      15429.797       6011.825     948716.989          0.002
      16168.487       5988.928    2051744.246          0.002
      16585.488       6188.954     949691.547          0.002
      17847.780       6794.445     974125.542          0.002
      16183.198       6168.635     949691.547          0.002
      16255.641       7053.530     862457.491          0.003
      16168.487       5988.928    2051744.246          0.002
      15392.662       6998.100     975571.557          0.002
      16168.487       5988.928    2051744.246          0.002
      15669.925       4853.968     915821.215          0.002
      19682.326       6690.660     944774.615          0.003
      20125.486       7288.696     884433.924          0.003
      19703.786       6004.466     944774.615          0.002
      21077.045       6276.788     944145.422          0.002
      21198.862       6300.945    2072209.647          0.002
      21402.359       7223.251    4897261.924          0.001
      20769.355       6696.189     944145.422          0.002
      20125.486       7288.696     884433.924          0.003
      22294.258       7140.567     936853.673          0.002
      22324.788       8188.337     943669.565          0.002
      22268.433       6254.275    9489146.748          0.001
      23289.122       7032.363     956018.649          0.001
      24245.999       6269.461     495766.132          0.002
      25491.151       6221.534     934365.353          0.002
      24245.999       6269.461     495766.132          0.002
      24331.368       7311.802     960707.833          0.001
      24245.999       6269.461     495766.132          0.002
      23798.958       6814.722     956018.649          0.001
      25685.707       6491.513     934365.353          0.002
      24499.793       7235.560     960707.833          0.001
      28223.640       6187.768     939271.516          0.003
      27552.413       7416.366     980651.241          0.003
      28253.564       6132.995    1721288.871          0.003
      28596.057       7032.829    1410670.039          0.003
      28253.564       6132.995    1721288.871          0.003
      27470.916       6599.155     962711.192          0.003
      28253.564       6132.995    1721288.871          0.003
      29025.340       6058.405     928892.751          0.003
      30345.449       6933.109     928892.751          0.002
      30223.948       8023.911    2305446.010          0.002
      30514.138       5990.781     928892.751          0.001
      31380.521       7090.500     946917.411          0.001
      32903.861       6174.352     923259.764          0.001
      34294.897       6332.527     931245.397          0.001
      34186.711       6587.139     931245.397          0.001
      33077.623       7441.494     957052.913          0.001
      36539.556       6226.583    2565386.920          0.002
      35798.960       6968.773     950343.386          0.002
      36878.245       6519.272     937047.711          0.003
      37505.533       7061.362     828409.066          0.003
      36501.474       6569.943     937047.711          0.002
      36347.148       7961.411     964195.630          0.002
      36638.707       6208.747     937047.711          0.002
      38016.591       5960.880     929638.725          0.002
      38424.695       5978.721     929638.725          0.002
      38401.335       7312.322    1703639.993          0.002
      37976.674       6460.551     929638.725          0.003
      37505.533       7061.362     828409.066          0.003
      38426.299       5887.178    1893400.599          0.002
      39123.526       6266.708     936354.679          0.002
      40812.492       6295.810     922763.515          0.001
      41465.035       7045.120    2990258.522          0.001
      41646.505       5972.891     922763.515          0.002
      42487.697       5959.016    2634186.357          0.002
      42882.389       6852.692     926625.642          0.003
      43395.706       8014.967    1363675.471          0.003
      42487.697       5959.016    2634186.357          0.002
      41693.664       6802.308     937310.213          0.001
      42850.581       5969.710     926625.642          0.002
      44249.973       6010.948     929877.925          0.002
      44347.358       6013.818    3145583.839          0.002
      45259.883       6125.264     931339.112          0.002
      43991.242       6762.663     929877.925          0.003
      43395.706       8014.967    1363675.471          0.003
      51071.333       6712.138     940025.770          0.001
      51848.240       7307.355    1299381.135          0.001
      52587.595       6313.108    1226377.962          0.002
      53339.482       7427.552     984333.780          0.002
      52587.595       6313.108    1226377.962          0.002
      52010.744       7088.828     962265.009          0.002
      52782.280       6276.528     953163.535          0.003
      54158.203       6018.000     956035.715          0.002
      54665.366       6081.269     956035.715          0.002
      54172.613       7391.687     984333.780          0.002
      57510.228       6197.995     918151.361          0.003
      58448.846       6121.258     961164.084          0.003
      57510.228       6197.995     918151.361          0.003
      57879.705       7105.764     988727.360          0.003
      57510.228       6197.995     918151.361          0.003
      56300.942       6730.326     987349.093          0.003
      58914.597       6083.181    1213218.826          0.003
      59315.665       6787.980     981086.617          0.002
      58767.855       6236.876     961164.084          0.003
      57897.210       7148.773    1560637.477          0.003
      58914.597       6083.181    1213218.826          0.003
      60079.243       6169.752     954603.408          0.003
      60523.369       6202.765     858979.029          0.002
      61085.637       6675.384     974843.253          0.002
      60523.369       6202.765     858979.029          0.002
      59846.965       7118.718     981086.617          0.002
      63103.940       6708.540     943371.130          0.002
      63588.433       8022.034     994813.044          0.002
      62853.044       6028.344    1339003.268          0.002
      63652.133       6261.074     639231.144          0.002
      62853.044       6028.344    1339003.268          0.002
      62245.506       6640.467     974843.253          0.001
      63652.133       6261.074     639231.144          0.002
      64235.502       6744.233     983605.788          0.002
      63647.192       6425.796     951174.298          0.003
      63605.210       7825.166     994813.044          0.003
      65813.398       6732.163     941762.039          0.002
      66070.106       7931.745    3886671.667          0.002
      66826.019       6066.303     941762.039          0.003
      67851.213       6209.166    3786288.988          0.002
      65635.398       5900.386    4206980.512          0.001
      64994.188       7092.527     983605.788          0.001
      68435.327       7061.766     964665.882          0.003
      69032.659       7933.656    2136626.225          0.003
      68429.606       6227.397     964665.882          0.003
      69672.206       6266.562    1725915.132          0.003
      67744.051       6316.759     964665.882          0.002
      66884.857       7179.410    1748278.519          0.003
      69672.206       6266.562    1725915.132          0.003
      70288.123       6746.602     992439.423          0.002
      69503.113       6707.332     969237.150          0.003
      69032.659       7933.656    2136626.225          0.003
      72169.691       6014.713     950938.480          0.002
      72867.399       6211.260     723860.902          0.003
      73163.258       6139.103     958513.990          0.003
      74035.961       5926.260    1356114.716          0.003
      72867.399       6211.260     723860.902          0.003
      72743.342       6978.745    1752344.837          0.002
      74035.961       5926.260    1356114.716          0.003
      74856.793       6948.962     957380.041          0.004
      74035.961       5926.260    1356114.716          0.003
      74013.849       7040.106     984774.698          0.003
      74035.961       5926.260    1356114.716          0.003
      75066.152       6016.575     931530.346          0.003
      74035.961       5926.260    1356114.716          0.003
      73139.363       6656.294     981514.953          0.003
      76094.622       6602.576     931530.346          0.002
      75936.112       7993.574     957380.041          0.002
      76150.566       6111.642    2763655.675          0.002
      77357.658       6158.891     911045.249          0.002
      76150.566       6111.642    2763655.675          0.002
      76804.041       7040.813     938358.832          0.002
      77792.457       6175.910    1319507.579          0.002
      77805.034       7298.222     926901.845          0.001
      77792.457       6175.910    1319507.579          0.002
      78398.881       6688.042     905054.575          0.001
      77789.190       6179.950     911045.249          0.002
      76938.416       7231.881    1298973.864          0.002
      79897.152       6272.829     885004.435          0.000
      79168.605       7338.082    9956904.129          0.000
       2248.851       7146.831    2580266.971          0.001
       2086.427       8512.442     905789.061          0.002
       2327.144       7299.302     923133.793          0.002
       2852.452       8322.319     955497.548          0.002
       2248.851       7146.831    2580266.971          0.001
       1418.565       7522.103     898067.968          0.002
       2810.681       7102.538     923133.793          0.002
       4033.229       7006.157    2159553.442          0.002
       3986.399       7058.355     946615.214          0.002
       3051.499       8100.450     930503.554          0.002
       4033.229       7006.157    2159553.442          0.002
       5326.753       7210.359     971933.124          0.002
       6111.186       7885.559     971933.124          0.002
       6228.913       8964.440     987337.771          0.002
       7957.838       7289.224    2658211.821          0.002
       7121.195       8110.498     991030.928          0.003
       7957.838       7289.224    2658211.821          0.002
       8857.001       8303.149    1007656.966          0.003
      11008.308       7616.385     985052.045          0.003
      10998.442       8347.597    1187259.383          0.003
      11016.302       7023.923    2000689.081          0.002
      11933.913       6937.142     976932.301          0.002
      10424.169       7397.706     985052.045          0.003
       9240.308       8145.017    1007656.966          0.003
      12181.424       7769.577     976932.301          0.003
      12360.235       9058.661    2599667.680          0.002
      12064.246       6924.816    3527831.223          0.002
      13143.570       7790.471    1000155.094          0.002
      12064.246       6924.816    3527831.223          0.002
      13037.542       7058.306     975963.713          0.002
      14461.682       7168.451     975963.713          0.001
      15303.131       7114.560    2127637.100          0.002
      15462.733       7288.405     975571.557          0.002
      16196.327       8087.470    1548083.221          0.002
      15303.131       7114.560    2127637.100          0.002
      14647.281       7745.294     998961.124          0.001
      16255.641       7053.530     862457.491          0.003
      17465.730       7014.001     974125.542          0.003
      16497.086       7157.729     976598.766          0.003
      17782.492       7712.465    1004824.202          0.003
      16255.641       7053.530     862457.491          0.003
      16197.477       8067.413    1005044.597          0.002
      19022.338       7111.831     974125.542          0.003
      20125.486       7288.696     884433.924          0.003
      20125.486       7288.696     884433.924          0.003
      20175.427       8107.778    1737713.499          0.003
      20101.823       7297.623     977653.589          0.003
      18791.944       7791.806    1004824.202          0.003
      21364.621       7811.781     967145.706          0.002
      21287.490       9014.670    2068351.229          0.002
      21457.010       7280.430     967145.706          0.002
      22324.788       8188.337     943669.565          0.002
      24724.087       7327.555     960707.833          0.002
      26123.400       7283.699     962711.192          0.002
      25228.872       7625.413     960707.833          0.002
      26202.333       7936.001     682324.929          0.002
      24333.660       7339.792    1990523.990          0.001
      24238.955       8261.131    1161615.930          0.002
      28575.008       7064.594     957578.205          0.003
      27801.660       8231.613    1006934.374          0.003
      28596.057       7032.829    1410670.039          0.003
      28836.117       8157.053    1019722.095          0.003
      28596.057       7032.829    1410670.039          0.003
      29547.780       7612.251     973933.740          0.003
      28596.057       7032.829    1410670.039          0.003
      27618.593       7602.820     980651.241          0.003
      31411.840       7881.168     946917.411          0.002
      31185.246       9262.709     992401.663          0.001
      31513.779       7259.647    4478493.992          0.001
      32329.138       7847.533     957052.913          0.001
      37505.533       7061.362     828409.066          0.003
      38057.429       7566.925     958422.723          0.002
      37458.895       7678.774     949844.523          0.004
      37359.165       8999.065     705427.868          0.004
      37505.533       7061.362     828409.066          0.003
      36699.347       7708.803     964195.630          0.003
      38401.335       7312.322    1703639.993          0.002
      39069.216       7546.159     950933.601          0.002
      38401.335       7312.322    1703639.993          0.002
      38453.143       7929.419    2705211.693          0.002
      42015.263       8086.721     937310.213          0.002
      42528.559       9058.408    1372702.472          0.002
      42585.409       7607.925     937310.213          0.002
      43395.706       8014.967    1363675.471          0.003
      41465.035       7045.120    2990258.522          0.001
      40684.118       7816.597     950933.601          0.001
      46243.116       7155.072     944113.791          0.002
      47552.964       6959.878    3319253.019          0.001
      47523.028       7271.436     942753.456          0.002
      47454.158       7988.198    1290281.048          0.003
      47794.808       7011.016     942753.456          0.002
      49164.521       7300.643     953590.042          0.002
      49107.937       8468.436     953590.042          0.002
      48796.228       9291.342    1294316.834          0.002
      49537.190       7412.726     953590.042          0.001
      49854.351       8160.326     541844.923          0.003
      48445.833       7694.640     953590.042          0.002
      47454.158       7988.198    1290281.048          0.003
      52239.506       7481.949     962265.009          0.002
      53517.993       8052.448     984333.780          0.002
      55685.668       7024.171     987349.093          0.003
      55904.427       8104.989    1441558.755          0.003
      56105.153       7242.237     987349.093          0.003
      57324.350       7930.392     994667.442          0.003
      56089.747       7029.908     987349.093          0.003
      57486.730       7121.778     988727.360          0.003
      55681.393       7003.053    2590226.448          0.003
      54991.884       7460.520     984333.780          0.003
      57897.210       7148.773    1560637.477          0.003
      58410.876       7690.196     988906.205          0.002
      57897.210       7148.773    1560637.477          0.003
      57480.037       8018.267    1668029.648          0.003
      59653.191       7381.116    4122095.524          0.001
      60901.339       7265.142     974843.253          0.001
      59613.261       7407.895     981086.617          0.001
      58714.739       8010.479    2970033.769          0.002
      64246.106       7666.678     983605.788          0.002
      63598.486       8049.290    1432079.459          0.002
      66884.857       7179.410    1748278.519          0.003
      66899.510       8397.786    2222489.464          0.002
      67804.029       7502.196     991497.136          0.004
      69032.659       7933.656    2136626.225          0.003
      66884.857       7179.410    1748278.519          0.003
      66207.436       7804.936    1004878.934          0.002
      71804.390       7678.514     992439.423          0.003
      72737.396       8175.946    1307862.269          0.003
      71537.370       7076.771     992439.423          0.002
      72743.342       6978.745    1752344.837          0.002
      72743.342       6978.745    1752344.837          0.002
      73699.059       7932.783     984774.698          0.002
      72743.065       7034.512     981514.953          0.002
      72737.396       8175.946    1307862.269          0.003
      76672.889       7495.419     938358.832          0.002
      75906.161       8256.402    2816574.978          0.002
      79168.605       7338.082    9956904.129          0.000
      79979.464       8142.882     898784.399          0.000
        903.101       8662.353     898067.968          0.001
       1996.713       9266.726    2121272.879          0.001
       2852.452       8322.319     955497.548          0.002
       3939.840       8245.282     957028.222          0.002
       2852.452       8322.319     955497.548          0.002
       2302.772       8928.954     905789.061          0.001
       5047.679       8556.159     957028.222          0.001
       5779.998       9749.352     951591.439          0.001
       5558.926       8593.200     957028.222          0.002
       6228.913       8964.440     987337.771          0.002
       7121.195       8110.498     991030.928          0.003
       7633.491       8882.120     993453.648          0.002
       7313.740       8137.099     989501.954          0.003
       8700.567       8328.696    1007656.966          0.003
       7121.195       8110.498     991030.928          0.003
       6392.552       8807.832     971993.043          0.002
       8904.588       8439.246    1007656.966          0.003
       8903.327       9839.245    1000445.179          0.003
       9959.403       8352.210    1007656.966          0.004
      10998.442       8347.597    1187259.383          0.003
      10989.906       8586.237    1016657.127          0.004
      10939.859       9985.342    1023157.513          0.004
      10998.442       8347.597    1187259.383          0.003
      11700.720       8714.293    1022777.190          0.003
      10998.442       8347.597    1187259.383          0.003
      10111.698       9037.290    1000445.179          0.004
      13310.632       7924.460    1582590.142          0.002
      13906.497       9016.705    1021665.089          0.002
      13310.632       7924.460    1582590.142          0.002
      14176.859       7969.100     998961.124          0.001
      12983.925       8314.351    1000155.094          0.002
      12360.235       9058.661    2599667.680          0.002
      16773.963       8052.767    1005044.597          0.003
      18171.443       7968.812    1004824.202          0.003
      16196.327       8087.470    1548083.221          0.002
      16236.203       9219.139    5841264.197          0.002
      17933.658       8796.298    1004824.202          0.003
      17355.873       9955.672    2858672.291          0.003
      18265.404       8009.291    1004824.202          0.003
      17062.913       8726.239    1027604.583          0.003
      18973.920       8009.115    1004824.202          0.003
      20175.427       8107.778    1737713.499          0.003
      20192.219       8284.515    1004260.799          0.003
      20324.640       9678.239    1035570.898          0.003
      20175.427       8107.778    1737713.499          0.003
      20882.434       8684.346    1020010.862          0.003
      19762.167       8558.794    1004260.799          0.003
      19072.452       9311.522     742223.784          0.004
      22324.788       8188.337     943669.565          0.002
      22909.751       8646.986    1007166.289          0.001
      22190.553       8295.271     992542.050          0.002
      21287.490       9014.670    2068351.229          0.002
      24901.655       8151.390     988738.659          0.002
      26202.333       7936.001     682324.929          0.002
      24502.321       8451.804     988738.659          0.002
      25273.673       9010.251    1348077.069          0.002
      24238.955       8261.131    1161615.930          0.002
      23729.187       8766.490    1007166.289          0.001
      26202.333       7936.001     682324.929          0.002
      26802.924       8153.095    5760113.726          0.002
      26127.093       8023.036     985262.167          0.002
      25273.673       9010.251    1348077.069          0.002
      30223.948       8023.911    2305446.010          0.002
      30204.293       9339.750    1008701.352          0.002
      30223.948       8023.911    2305446.010          0.002
      30898.814       8917.847     992401.663          0.002
      30177.350       8113.399     973933.740          0.002
      29530.763       9355.142    1019722.095          0.002
      33548.195       8055.774     957052.913          0.002
      34573.740       8172.553    4411222.768          0.002
      31877.591       8539.888     957052.913          0.001
      31180.591       9291.092    1456058.003          0.001
      35337.405       8095.767     962444.410          0.002
      36343.466       7994.609    2091818.624          0.002
      34573.740       8172.553    4411222.768          0.002
      35489.641       7278.757    3545552.173          0.001
      34573.740       8172.553    4411222.768          0.002
      33863.012       8853.924     977462.249          0.001
      36343.466       7994.609    2091818.624          0.002
      35577.140       9022.316     981654.900          0.003
      36838.073       8483.742     964195.630          0.003
      37359.165       8999.065     705427.868          0.004
      38450.648       8198.090     958422.723          0.002
      38439.968       9347.698    1777221.387          0.002
      38453.143       7929.419    2705211.693          0.002
      39205.089       8306.980     967346.556          0.002
      41895.118       8744.269     950933.601          0.002
      42528.559       9058.408    1372702.472          0.002
      43395.706       8014.967    1363675.471          0.003
      44110.841       8051.659     958795.359          0.002
      43395.706       8014.967    1363675.471          0.003
      43826.887       8673.388     978922.239          0.002
      43395.706       8014.967    1363675.471          0.003
      42591.141       8983.102     972083.292          0.003
      46718.806       8038.774     958795.359          0.002
      47454.158       7988.198    1290281.048          0.003
      47721.828       8248.104     960796.900          0.003
      48726.237       9223.380     986072.184          0.002
      47454.158       7988.198    1290281.048          0.003
      46828.696       9153.997     982271.862          0.002
      49854.351       8160.326     541844.923          0.003
      50190.801       8792.479     985040.548          0.001
      49854.351       8160.326     541844.923          0.003
      50567.497       8125.836     967430.639          0.002
      49570.592       8463.632     965365.356          0.004
      48796.228       9291.342    1294316.834          0.002
      53842.113       8295.897     984333.780          0.001
      53601.370       9193.177    3446779.326          0.002
      56061.974       8342.415     996317.364          0.003
      56694.399       9295.492    1354184.128          0.003
      55904.427       8104.989    1441558.755          0.003
      55655.584       9321.868    2441902.157          0.003
      55904.427       8104.989    1441558.755          0.003
      57283.840       8029.066     994667.442          0.003
      57480.037       8018.267    1668029.648          0.003
      58060.344       8461.180    1005104.425          0.002
      57254.992       8384.127     994667.442          0.003
      56694.399       9295.492    1354184.128          0.003
      58714.739       8010.479    2970033.769          0.002
      58704.764       8953.026    4427873.472          0.002
      60310.161       8228.668     986941.781          0.001
      61683.054       8384.340    7567388.756          0.001
      62641.415       8216.702     992902.269          0.002
      63598.486       8049.290    1432079.459          0.002
      61268.902       8783.080     992902.269          0.002
      60260.366       9754.087    1029550.466          0.002
      63598.486       8049.290    1432079.459          0.002
      64287.917       8760.664    1019601.817          0.002
      63587.504       8064.646     994813.044          0.002
      62843.246       9105.313    2063118.487          0.002
      66070.106       7931.745    3886671.667          0.002
      65944.043       9183.616    5819471.649          0.002
      66070.106       7931.745    3886671.667          0.002
      65115.750       8741.933    1019601.817          0.002
      66899.510       8397.786    2222489.464          0.002
      66209.892       8964.966    1026656.327          0.002
      67655.095       8233.386    1019329.275          0.003
      69023.089       7935.739    1017488.194          0.003
      68034.164       8726.351    1019329.275          0.004
      69032.947       9015.572    1589660.566          0.004
      66899.510       8397.786    2222489.464          0.002
      67050.681       9396.482    2282559.615          0.003
      69032.687       8040.863    1017488.194          0.003
      69032.947       9015.572    1589660.566          0.004
      69032.659       7933.656    2136626.225          0.003
      70263.671       8229.468    1016337.007          0.003
      71027.620       8319.933    1016337.007          0.003
      72422.682       8202.449     999673.663          0.003
      70740.692       8344.096    1964776.618          0.003
      70894.337       9296.215    1016434.977          0.002
      70740.692       8344.096    1964776.618          0.003
      71686.479       8942.609     799496.780          0.004
      69897.624       8675.586    1016337.007          0.003
      69032.947       9015.572    1589660.566          0.004
      72737.396       8175.946    1307862.269          0.003
      73710.212       8212.920     984774.698          0.002
      72737.396       8175.946    1307862.269          0.003
      71686.479       8942.609     799496.780          0.004
      74065.010       8254.233     984774.698          0.002
      75360.011       8786.186     953669.009          0.002
      74305.330       8228.966     984774.698          0.002
      75705.124       8252.957     957380.041          0.002
      75906.161       8256.402    2816574.978          0.002
      76321.474       8877.342     920366.947          0.002
      75906.161       8256.402    2816574.978          0.002
      75860.662       8991.841    1096695.577          0.002
      77860.489       8013.041     926901.845          0.001
      78524.168       9245.734     888352.628          0.001
      77819.790       8064.428     926901.845          0.001
      77896.459       9462.328     903265.676          0.001
      77812.035       7923.045    7911830.662          0.001
      78964.477       8587.041     892247.315          0.001
      77654.793       8258.709     926901.845          0.001
      77060.897       9526.497     920366.947          0.001
      77812.035       7923.045    7911830.662          0.001
      79035.008       8057.317     898784.399          0.001
        836.482       9218.467     889064.923          0.001
       1996.713       9266.726    2121272.879          0.001
          0.000       9183.674     985609.437          0.000
        843.237       9953.586   63391916.253          0.000
       2106.513       9261.235     905789.061          0.001
       3504.766       9191.309     932763.895          0.001
       1996.713       9266.726    2121272.879          0.001
       1147.673       9772.304     882406.951          0.000
       6228.913       8964.440     987337.771          0.002
       7593.947       9221.511     993453.648          0.002
       7896.671       9278.522    6397570.870          0.002
       7208.943      10387.975     974261.285          0.002
       8169.796       9468.119     993453.648          0.002
       8903.203       9977.234    3291418.283          0.003
      12345.370       9096.558    1022777.190          0.002
      11920.203      10180.459    2085171.434          0.003
      11581.482       9621.501    1022777.190          0.003
      10936.191      10087.882    1115753.373          0.004
      15066.271       9326.445    1021665.089          0.002
      16236.203       9219.139    5841264.197          0.002
      16236.203       9219.139    5841264.197          0.002
      15264.886      10189.294    1033979.885          0.002
      19072.452       9311.522     742223.784          0.004
      19180.660      10217.815    1049121.711          0.003
      19072.452       9311.522     742223.784          0.004
      18045.605       9696.849    1041199.745          0.003
      19072.452       9311.522     742223.784          0.004
      19781.697       9820.657    1035570.898          0.003
      21287.490       9014.670    2068351.229          0.002
      21452.153      10141.246    1026501.894          0.002
      21287.490       9014.670    2068351.229          0.002
      21938.324       9372.630    1014431.319          0.002
      21024.457       9372.110    1020010.862          0.003
      20378.904      10249.364    2067983.175          0.002
      25273.673       9010.251    1348077.069          0.002
      26312.837       8427.793     992092.631          0.002
      25273.673       9010.251    1348077.069          0.002
      25390.200      10220.067    1872538.555          0.002
      25540.296       9012.758    1007619.569          0.003
      26940.234       9025.918    1006934.374          0.003
      27273.223       9029.049    4435612.414          0.002
      27371.980       7746.627    1046667.829          0.002
      27573.366       9772.430    1006934.374          0.003
      28097.511      11070.610    1030115.378          0.002
      26867.494       9765.100    1006934.374          0.003
      26201.448      10973.402    1675279.572          0.003
      27273.223       9029.049    4435612.414          0.002
      28446.077       9585.685    1019722.095          0.002
      27006.885       9197.508    1006934.374          0.003
      25823.695       9945.880    1020831.690          0.003
      31180.591       9291.092    1456058.003          0.001
      30791.028      10195.375    1017464.344          0.001
      31180.591       9291.092    1456058.003          0.001
      30200.078       9621.938     828502.950          0.002
      34822.482       9094.820     977462.249          0.002
      35533.578       9080.736    2533851.221          0.002
      33356.067       9218.695     977462.249          0.001
      32070.810       9773.776    1008621.209          0.001
      35924.543       9728.091     981654.900          0.003
      36648.307      10926.492    1015418.620          0.002
      35533.578       9080.736    2533851.221          0.002
      35289.370      10213.978     795188.610          0.002
      35533.578       9080.736    2533851.221          0.002
      35004.770       9770.433    1003965.350          0.002
      36657.595       9030.451     981654.900          0.004
      37359.165       8999.065     705427.868          0.004
      37359.165       8999.065     705427.868          0.004
      37565.639      10232.504    1017196.585          0.004
      37359.165       8999.065     705427.868          0.004
      37013.510       9993.668    1015418.620          0.003
      37359.165       8999.065     705427.868          0.004
      38035.615       9217.267     985150.653          0.003
      38439.968       9347.698    1777221.387          0.002
      39109.206       9815.236     992623.379          0.002
      38232.143       9859.142     985150.653          0.003
      37715.834      11129.740    2684094.851          0.003
      42528.559       9058.408    1372702.472          0.002
      43491.895       9256.148     978922.239          0.002
      42528.559       9058.408    1372702.472          0.002
      42391.479      10133.392    1428136.451          0.003
      44602.519       9581.220     978922.239          0.002
      45650.142      10156.074    6294741.235          0.002
      43318.706       9793.290     978922.239          0.002
      42391.479      10133.392    1428136.451          0.003
      46707.156       9368.658     982271.862          0.002
      46014.363      10585.227    1009973.687          0.003
      47072.909       9307.717     982271.862          0.002
      48316.046       9951.619     996931.182          0.002
      47328.410       9205.274     982271.862          0.003
      48726.009       9287.224     986072.184          0.002
      46817.265       9175.303    2240804.078          0.002
      45944.783       9908.477     993810.084          0.002
      48796.228       9291.342    1294316.834          0.002
      48515.642      10055.003    2419370.791          0.002
      50753.984       9825.313     985040.548          0.001
      51441.733      11044.740    1016733.089          0.001
      50514.658       9400.971  122510939.507          0.001
      51654.745       9268.126   58043594.132          0.001
      52751.565       9225.896     985646.286          0.002
      53601.370       9193.177    3446779.326          0.002
      53597.567       9197.815     999246.230          0.002
      52709.956      10280.472    1013886.688          0.002
      54718.550       9263.165     999246.230          0.003
      55655.584       9321.868    2441902.157          0.003
      55707.043       9320.562    1018403.248          0.003
      56694.399       9295.492    1354184.128          0.003
      55497.157       9468.955    1018403.248          0.003
      54471.166      10421.500    1033903.465          0.003
      56694.399       9295.492    1354184.128          0.003
      56810.055      10498.908    1049595.738          0.003
      56442.165       9497.702    1019835.143          0.004
      55617.393      10158.899     849845.429          0.004
      56694.399       9295.492    1354184.128          0.003
      57406.460       9989.989    1036101.505          0.004
      58704.764       8953.026    4427873.472          0.002
      59461.038       9844.976    1029550.466          0.002
      58057.846       9615.321    1005104.425          0.003
      57552.626      10132.550     819243.585          0.004
      63142.214       9699.062    1012630.600          0.003
      63771.837      10949.492    1059676.854          0.003
      62843.246       9105.313    2063118.487          0.002
      63948.849       9662.146    1035492.041          0.002
      62843.246       9105.313    2063118.487          0.002
      63837.387       9122.153    1019601.817          0.002
      62766.479       9189.204    1012630.600          0.002
      61845.531      10195.611    1723955.258          0.003
      67381.574      10055.990    1034993.999          0.003
      67848.863      10987.348    2045436.025          0.004
      67939.000       9225.784    1034993.999          0.004
      69032.947       9015.572    1589660.566          0.004
      67050.681       9396.482    2282559.615          0.003
      66828.532      10379.901    1037755.948          0.003
      69032.947       9015.572    1589660.566          0.004
      69651.910       9735.067    1024448.138          0.003
      68790.256       9419.710    1033006.970          0.004
      68069.506      10619.927    1052216.923          0.004
      70903.410       9352.442    3646177.760          0.002
      71686.479       8942.609     799496.780          0.004
      70698.618       9526.022    1016434.977          0.003
      69989.289      10127.243    2199736.144          0.003
      71686.479       8942.609     799496.780          0.004
      71765.232       9656.919     998061.331          0.002
      71686.479       8942.609     799496.780          0.004
      72547.428       9093.560     974214.276          0.003
      74483.591       9242.253     974214.276          0.002
      75860.662       8991.841    1096695.577          0.002
      73949.471       9339.380    7269344.492          0.001
      73720.043      10051.812   23134111.516          0.001
      75860.662       8991.841    1096695.577          0.002
      76525.385       9488.628     920366.947          0.001
      79938.244       9268.404     892247.315          0.000
      79131.965      10374.634   47881246.340          0.000
        841.558       9956.116     882406.951          0.000
         67.542      11122.692     886900.330          0.000
       1171.194      10268.296     882406.951          0.001
       1944.289      11010.166    3638054.538          0.001
       3221.012      10186.058     895178.409          0.001
       4102.977      10299.614    1654707.482          0.001
       4102.977      10299.614    1654707.482          0.001
       5372.437      10106.841     951591.439          0.002
       4104.153      10627.652     928486.498          0.002
       4107.074      11442.027    1009765.538          0.003
       4102.977      10299.614    1654707.482          0.001
       2850.370      10711.921     903783.738          0.002
       4473.276      10628.061     928486.498          0.002
       5033.252      11124.747     504555.156          0.003
       6016.114      10251.425     951591.439          0.001
       6251.739      11029.474    1668174.192          0.002
       8903.203       9977.234    3291418.283          0.003
       9009.944      11049.672    1015553.879          0.002
      10005.730      10037.241    1000445.179          0.004
      10936.191      10087.882    1115753.373          0.004
      10936.191      10087.882    1115753.373          0.004
      11122.020      11189.888    1555535.708          0.004
      10936.191      10087.882    1115753.373          0.004
      11674.156      10157.311    1027940.289          0.003
      11920.203      10180.459    2085171.434          0.003
      12803.635      11053.296    1046699.332          0.003
      11920.203      10180.459    2085171.434          0.003
      12742.566      10216.096    1031089.645          0.003
      12052.069      10753.575    1027940.289          0.003
      12340.344      12006.469    1723035.742          0.003
      11669.426      10497.606    1027940.289          0.003
      11122.020      11189.888    1555535.708          0.004
      14286.761      10283.012   26040286.630          0.001
      15159.574      10294.479    4528209.702          0.002
      16479.950      10090.795    1033979.885          0.003
      17355.873       9955.672    2858672.291          0.003
      15159.574      10294.479    4528209.702          0.002
      15123.477      11129.276    4474482.023          0.002
      17479.313      10039.531    1041199.745          0.003
      18637.359      10826.252    1049121.711          0.003
      17304.355      10201.478    1041199.745          0.003
      17041.521      11455.523    1674662.575          0.004
      20378.904      10249.364    2067983.175          0.002
      20430.700      10961.242    1039500.009          0.002
      20378.904      10249.364    2067983.175          0.002
      19387.116      11205.082    1049121.711          0.002
      21470.435      10266.327    3546046.643          0.002
      22042.882      10991.661    1028396.937          0.001
      21442.996      10292.046    1026501.894          0.002
      20449.748      11223.039    6163512.323          0.002
      24661.665      10163.216    1014431.319          0.002
      25390.200      10220.067    1872538.555          0.002
      25512.307      10333.457    1020831.690          0.003
      26201.448      10973.402    1675279.572          0.003
      25390.200      10220.067    1872538.555          0.002
      24689.272      10834.047    1024612.022          0.002
      29219.566       9952.783    5213984.150          0.001
      30200.078       9621.938     828502.950          0.002
      29219.566       9952.783    5213984.150          0.001
      29507.367      11196.388    1024952.514          0.001
      28733.390      10511.377    1019722.095          0.002
      28144.774      11187.670    2374817.589          0.002
      32466.373      10544.137    1008621.209          0.002
      33289.431      11075.593    5226149.319          0.002
      34304.962      10481.993    1003965.350          0.002
      33289.431      11075.593    5226149.319          0.002
      35289.370      10213.978     795188.610          0.002
      35541.653      11174.753    1022364.008          0.002
      35589.501      10377.726    1003706.001          0.002
      36674.343      10969.602    2350095.478          0.002
      39743.109      10258.089    5221935.471          0.001
      40431.708      10216.137  126021393.187          0.001
      39739.885      10297.104     992623.379          0.001
      39650.851      11374.475    1447768.920          0.002
      39743.109      10258.089    5221935.471          0.001
      40346.144      10994.557    1005812.236          0.001
      40872.286      10626.931     989552.928          0.001
      41460.715      11175.583    1986820.001          0.002
      41686.480      10163.158     989552.928          0.002
      42391.479      10133.392    1428136.451          0.003
      42391.479      10133.392    1428136.451          0.003
      43477.934      10156.061     991351.907          0.002
      42443.494      10306.747     989126.897          0.003
      42704.711      11177.326     707320.339          0.004
      42391.479      10133.392    1428136.451          0.003
      41604.194      11014.927    1008845.809          0.002
      44888.323      10450.414     991351.907          0.002
      45744.114      11059.794    4958398.497          0.002
      44549.396      10176.661     991351.907          0.001
      45650.142      10156.074    6294741.235          0.002
      48515.160      10172.957     996931.182          0.002
      48509.445      11572.946    1026906.146          0.002
      48515.642      10055.003    2419370.791          0.002
      49042.220      10552.799    1011802.238          0.002
      48040.140      10227.392     996931.182          0.003
      46723.966      10704.558    1009973.687          0.003
      53694.693      10368.532    1013886.688          0.003
      54460.653      10431.261    1037241.740          0.003
      53011.799      10614.870    1013886.688          0.002
      53772.005      11424.294    2680275.664          0.002
      52704.260      10287.420    1945453.484          0.002
      51982.350      10801.011    1016733.089          0.002
      54854.368      10338.558    1033903.465          0.004
      55617.393      10158.899     849845.429          0.004
      54460.653      10431.261    1037241.740          0.003
      53902.131      11236.653    1043398.630          0.003
      54460.653      10431.261    1037241.740          0.003
      54606.387      11117.652    1356403.393          0.003
      55617.393      10158.899     849845.429          0.004
      54852.532      10884.229    1046197.472          0.004
      55636.817      10414.401    1037383.791          0.004
      55742.940      11810.373    1072359.182          0.004
      55617.393      10158.899     849845.429          0.004
      56265.038      10585.554    1049595.738          0.003
      57552.626      10132.550     819243.585          0.004
      57612.439      10934.015    1047241.957          0.002
      57552.626      10132.550     819243.585          0.004
      56855.784      10974.726    2482338.686          0.003
      61060.255      10204.356    1029550.466          0.002
      61845.531      10195.611    1723955.258          0.003
      60249.820      10434.001    1029550.466          0.002
      60913.452      10736.830     733377.959          0.002
      61845.531      10195.611    1723955.258          0.003
      61910.091      11327.733    1440656.483          0.002
      61845.531      10195.611    1723955.258          0.003
      60913.452      10736.830     733377.959          0.002
      62313.219      10435.427    1033374.718          0.003
      63558.990      11074.218    1059676.854          0.003
      64959.169       9905.637    1035492.041          0.002
      65944.043       9183.616    5819471.649          0.002
      66851.007      10658.565    1046392.072          0.004
      66963.558      12054.034    1079627.305          0.003
      66971.167      10464.818    1046392.072          0.003
      67848.863      10987.348    2045436.025          0.004
      66828.532      10379.901    1037755.948          0.003
      66323.420      10898.534    1060229.116          0.002
      69989.289      10127.243    2199736.144          0.003
      70082.095      11079.466    1033914.268          0.003
      68924.086      10555.283    1024448.138          0.004
      67848.863      10987.348    2045436.025          0.004
      73821.233      10640.573     964387.706          0.002
      73947.539      11375.478    1071929.077          0.003
      72918.250      10479.573     964387.706          0.002
      71910.079      11017.438    2576088.384          0.002
      75794.617      10206.300     933999.774          0.001
      76935.169       9794.886    1942880.628          0.001
      75187.468      11322.885     933999.774          0.002
      74783.482      12081.469    1334646.502          0.002
      75883.736      10642.993     933999.774          0.001
      76058.090      11361.588     895616.421          0.002
      78039.829      11215.896     903265.676          0.001
      78141.105      12100.219     818624.943          0.002
      78106.131      10539.306     903265.676          0.001
      78861.195      11089.180     612516.238          0.001
      77791.757      10327.189     903265.676          0.000
      76935.169       9794.886    1942880.628          0.001
      79131.965      10374.634   47881246.340          0.000
      80000.000      11224.490     704436.391          0.000
       1265.778      11883.298     886900.330          0.002
       1964.277      12246.851    1953353.236          0.001
        794.858      11136.870     886900.330          0.001
       1944.289      11010.166    3638054.538          0.001
       1948.438      11266.841     903783.738          0.001
       1964.277      12246.851    1953353.236          0.001
       4107.074      11442.027    1009765.538          0.003
       4049.954      12401.808     958999.328          0.002
       4115.590      11448.462     950405.108          0.003
       5211.323      12276.407    1199819.596          0.002
       4107.074      11442.027    1009765.538          0.003
       5033.252      11124.747     504555.156          0.003
       4107.074      11442.027    1009765.538          0.003
       3032.341      11845.691     929148.296          0.003
       5033.252      11124.747     504555.156          0.003
       5211.323      12276.407    1199819.596          0.002
       5033.252      11124.747     504555.156          0.003
       5929.596      11054.662     967476.723          0.002
       6475.561      11585.466     967476.723          0.002
       6998.378      12884.182    1009312.023          0.002
       5931.765      11412.961     967476.723          0.002
       5211.323      12276.407    1199819.596          0.002
       7706.444      11918.955     974261.285          0.003
       8188.478      12437.968    1122910.599          0.003
       6941.850      11860.056     974261.285          0.002
       7088.665      13108.462    2283616.231          0.002
       8822.125      11568.489    1015553.879          0.002
       8188.478      12437.968    1122910.599          0.003
      11143.754      11350.280    1037456.511          0.004
      11331.741      12737.601    1071675.980          0.004
      11122.020      11189.888    1555535.708          0.004
      12145.661      11875.983    1061955.502          0.003
      11122.020      11189.888    1555535.708          0.004
      10131.113      11746.643    1040046.090          0.003
      13044.735      11291.505    3250884.878          0.002
      13909.854      12173.475    1071898.826          0.002
      15056.131      11207.573    1046439.896          0.002
      14143.196      12268.963    1071898.826          0.002
      16345.291      11337.099    1046439.896          0.003
      17041.521      11455.523    1674662.575          0.004
      17041.521      11455.523    1674662.575          0.004
      18324.434      11357.080    1049121.711          0.003
      17129.639      11536.750    1059820.320          0.004
      18147.692      12475.207    1340065.577          0.004
      17041.521      11455.523    1674662.575          0.004
      16418.418      12253.368    2096301.801          0.003
      18876.149      11725.656    1049121.711          0.003
      18147.692      12475.207    1340065.577          0.004
      19307.677      11281.632    4452911.755          0.002
      20239.289      11961.031    1048063.709          0.002
      20449.748      11223.039    6163512.323          0.002
      21357.389      11752.782    1036582.332          0.002
      20449.748      11223.039    6163512.323          0.002
      20455.423      12118.652    1878440.189          0.002
      23019.029      11372.831    1028396.937          0.001
      24324.027      11153.984    7275238.211          0.001
      24307.912      11406.996    1024612.022          0.002
      24257.445      12199.344    1918823.981          0.002
      26201.448      10973.402    1675279.572          0.003
      26329.948      12055.204    2209115.273          0.003
      26373.701      10992.394    1029077.075          0.003
      27765.268      11145.826    1030115.378          0.003
      28144.774      11187.670    2374817.589          0.002
      28402.095      12392.061    1041957.636          0.002
      27618.342      11439.318    1030115.378          0.003
      26355.239      12043.114    1043031.959          0.003
      29528.379      11287.180    4424583.303          0.001
      30265.079      11973.014    1030074.508          0.001
      29031.835      11802.912    1024952.514          0.002
      28413.447      12445.197    2273271.469          0.002
      31546.294      11136.319    1051687.575          0.002
      30952.751      10732.791    1017464.344          0.001
      31641.037      11285.865    1017430.197          0.002
      32164.300      12111.809     961790.462          0.003
      31546.294      11136.319    1051687.575          0.002
      30858.570      11786.435    1030074.508          0.001
      31720.579      11130.247    1017430.197          0.002
      33119.730      11081.505    1014374.932          0.002
      32991.715      11349.782    1014374.932          0.002
      32164.300      12111.809     961790.462          0.003
      33695.039      11121.966    1014374.932          0.002
      35085.978      11280.990    1022364.008          0.002
      34396.271      11918.989    1022364.008          0.003
      33330.910      12439.908    2403863.478          0.003
      36665.325      11015.280    1015418.620          0.002
      36418.635      12264.764    2295805.490          0.002
      36674.343      10969.602    2350095.478          0.002
      37715.834      11129.740    2684094.851          0.003
      37581.451      11825.242    1017196.585          0.003
      37315.858      13199.819    1062770.386          0.003
      37715.834      11129.740    2684094.851          0.003
      38620.771      11244.193    1013783.492          0.003
      37715.834      11129.740    2684094.851          0.003
      38557.041      11884.427    1031276.822          0.003
      37649.088      11188.141    1017196.585          0.003
      36595.470      12110.036    1042878.357          0.003
      39650.851      11374.475    1447768.920          0.002
      40132.397      12140.346    1032107.639          0.001
      39485.190      11494.787    1013783.492          0.002
      38732.250      12041.615    1624502.182          0.002
      41834.918      11725.457    1008845.809          0.002
      42337.744      12464.338    1266228.488          0.003
      41971.400      11176.299    1008845.809          0.002
      42704.711      11177.326     707320.339          0.004
      41460.715      11175.583    1986820.001          0.002
      40734.061      11927.478    1032107.639          0.002
      42704.711      11177.326     707320.339          0.004
      43490.522      11584.214    1033520.303          0.003
      42704.711      11177.326     707320.339          0.004
      42341.076      12452.653    1038167.682          0.003
      46348.590      12344.679    1009973.687          0.004
      46666.847      13021.171     510999.220          0.005
      46490.464      11321.823    1009973.687          0.003
      47811.420      11785.584    1026906.146          0.002
      45744.114      11059.794    4958398.497          0.002
      44886.644      11989.055    1033520.303          0.002
      49965.930      11206.766    1011802.238          0.001
      51364.805      11150.644    1016733.089          0.001
      50249.306      11515.821    1011802.238          0.002
      51453.341      12230.174    1036892.192          0.001
      53772.005      11424.294    2680275.664          0.002
      53852.913      12317.763    1961412.272          0.003
      53772.005      11424.294    2680275.664          0.002
      53001.895      11750.726    1036892.192          0.003
      54606.387      11117.652    1356403.393          0.003
      54107.050      11912.981    1058143.154          0.003
      54919.510      11414.464    1046197.472          0.004
      55774.451      12224.868    1159646.437          0.004
      56851.345      11009.664    1049595.738          0.003
      56724.694      12006.438    1521809.069          0.003
      56351.343      11557.916    1049595.738          0.003
      55774.451      12224.868    1159646.437          0.004
      57616.844      10979.362    1047241.957          0.002
      58674.436      11896.694    1065787.119          0.002
      57615.753      10978.415    6025162.189          0.002
      58765.276      11155.667    1046517.273          0.002
      59601.986      11284.685    8115863.943          0.001
      60308.006      11156.212   73040058.647          0.001
      59601.986      11284.685    8115863.943          0.001
      60739.979      12029.531    1064219.241          0.001
      61910.091      11327.733    1440656.483          0.002
      60974.407      10772.970    1039090.000          0.002
      61946.646      11374.638    1054070.423          0.003
      62680.798      12316.637    1554174.756          0.003
      62174.082      11319.505    1054070.423          0.003
      63573.403      11275.890    1059676.854          0.003
      64503.713      11633.393    1059676.854          0.003
      65681.182      12390.735    1087710.313          0.002
      63683.530      11472.688    1059676.854          0.002
      62680.798      12316.637    1554174.756          0.003
      64053.524      11261.978    1059676.854          0.002
      65453.166      11230.329    1060229.116          0.003
      66007.151      11056.129    1060229.116          0.002
      65959.995       9656.923    1026656.327          0.002
      67848.863      10987.348    2045436.025          0.004
      68613.195      12140.866    1066039.858          0.004
      67848.863      10987.348    2045436.025          0.004
      67164.318      11949.969    1079627.305          0.003
      70106.241      11327.214    6855902.076          0.002
      70644.004      12495.269    2415294.808          0.002
      70106.241      11327.214    6855902.076          0.002
      71409.075      11103.476    1001322.153          0.002
      71963.268      11100.843    1001322.153          0.002
      72716.027      12281.248    1001908.117          0.002
      71498.307      11498.080    1001322.153          0.003
      70644.004      12495.269    2415294.808          0.002
      72452.201      11112.704    1001322.153          0.002
      73831.073      11355.011     976370.662          0.003
      73947.539      11375.478    1071929.077          0.003
      74783.482      12081.469    1334646.502          0.002
      73947.539      11375.478    1071929.077          0.003
      73023.440      12255.979    1001908.117          0.002
      76058.090      11361.588     895616.421          0.002
      76386.006      12226.637     929954.866          0.002
      76058.090      11361.588     895616.421          0.002
      77126.149      11162.298     920936.120          0.001
      75902.229      11449.617     941381.823          0.002
      74783.482      12081.469    1334646.502          0.002
      77144.131      11158.943     986573.375          0.001
      76965.897      12332.516     929954.866          0.002
      77147.250      11161.888     920936.120          0.001
      78141.105      12100.219     818624.943          0.002
      77144.131      11158.943     986573.375          0.001
      76921.162      10489.502     918889.756          0.001
      78861.195      11089.180     612516.238          0.001
      79526.340      11764.204     899687.038          0.001
      78861.195      11089.180     612516.238          0.001
      79621.301      11179.494     887628.814          0.000
      78780.001      11203.180     896486.953          0.001
      78141.105      12100.219     818624.943          0.002
       1216.009      12748.970     902028.176          0.001
       1933.734      13046.488     733802.323          0.002
       1964.277      12246.851    1953353.236          0.001
       1933.734      13046.488     733802.323          0.002
       2343.215      12399.464     929148.296          0.002
       3641.852      12922.474     958999.328          0.002
       5211.323      12276.407    1199819.596          0.002
       6484.550      12840.713    1009312.023          0.003
       5211.323      12276.407    1199819.596          0.002
       4481.620      12758.989     958999.328          0.002
       8188.478      12437.968    1122910.599          0.003
       9362.834      12178.312    2280497.537          0.003
       8188.478      12437.968    1122910.599          0.003
       9232.366      13356.388    1039736.411          0.003
       8188.478      12437.968    1122910.599          0.003
       7380.930      12930.284    1009312.023          0.002
      10233.613      12546.006    1040046.090          0.004
      11370.850      13026.215    1712437.290          0.003
       9362.834      12178.312    2280497.537          0.003
       9313.114      13370.137    1039736.411          0.003
       9362.834      12178.312    2280497.537          0.003
       9826.527      13061.558    1051129.757          0.003
      12340.344      12006.469    1723035.742          0.003
      13035.365      13159.940    1086911.712          0.003
      12340.344      12006.469    1723035.742          0.003
      13092.816      12152.999    1071898.826          0.003
      12238.232      12113.875    1061955.502          0.003
      11370.850      13026.215    1712437.290          0.003
      15579.602      12286.148    1071898.826          0.003
      16418.418      12253.368    2096301.801          0.003
      16336.486      12464.359    1074450.626          0.003
      15986.119      13366.624    1458081.290          0.004
      16661.123      12420.394    1074450.626          0.003
      17814.411      13214.074    1086502.522          0.003
      16705.149      12290.151    1074450.626          0.003
      18093.769      12468.289    1072743.433          0.004
      18147.692      12475.207    1340065.577          0.004
      19045.829      12336.441    1048063.709          0.004
      18147.692      12475.207    1340065.577          0.004
      18088.588      13402.760    2712853.854          0.003
      20455.423      12118.652    1878440.189          0.002
      20874.487      12785.847    1052101.139          0.002
      20455.423      12118.652    1878440.189          0.002
      20319.136      13165.180    1060347.096          0.002
      23379.364      12196.060    1036582.332          0.002
      24257.445      12199.344    1918823.981          0.002
      24510.859      12505.461    1038952.944          0.003
      25218.970      13360.838    4116641.652          0.002
      25210.330      12133.072    1038952.944          0.003
      26329.948      12055.204    2209115.273          0.003
      24257.445      12199.344    1918823.981          0.002
      23638.366      13029.252    1053049.847          0.002
      26460.597      12224.990    1043031.959          0.003
      27185.754      13167.373    1889940.124          0.003
      26329.948      12055.204    2209115.273          0.003
      25430.599      13112.128    1060020.063          0.003
      26329.948      12055.204    2209115.273          0.003
      27614.108      12295.576    1041957.636          0.003
      28413.447      12445.197    2273271.469          0.002
      29049.180      13280.288    1051822.266          0.002
      27919.411      12735.808    1041957.636          0.003
      27185.754      13167.373    1889940.124          0.003
      32164.300      12111.809     961790.462          0.003
      32298.376      13274.475    1050057.348          0.002
      32164.300      12111.809     961790.462          0.003
      31866.882      12753.536    1043842.930          0.002
      32213.187      12125.558    1032202.961          0.003
      33330.910      12439.908    2403863.478          0.003
      33611.279      13053.298    1040618.523          0.003
      34193.278      14326.592    1078944.368          0.003
      33724.899      12593.207    1040618.523          0.003
      35029.614      13100.867    1060544.710          0.003
      33330.910      12439.908    2403863.478          0.003
      32635.536      13187.908    1050057.348          0.002
      36552.796      12428.037    1042878.357          0.003
      37291.320      13326.819    2160511.831          0.003
      36511.075      13311.409    1042878.357          0.003
      36577.539      14063.950     779365.667          0.004
      36418.635      12264.764    2295805.490          0.002
      35427.484      13141.487    1060544.710          0.003
      38732.250      12041.615    1624502.182          0.002
      39123.176      12625.095    1051523.699          0.002
      38133.840      12575.352    1031276.822          0.003
      37291.320      13326.819    2160511.831          0.003
      42337.744      12464.338    1266228.488          0.003
      42645.637      13138.454     798390.730          0.004
      42337.744      12464.338    1266228.488          0.003
      43311.749      12356.567    1033520.303          0.003
      42337.744      12464.338    1266228.488          0.003
      41496.337      12833.209    1048135.904          0.002
      48507.580      12029.991    3953259.038          0.002
      49262.340      12657.421    1043116.717          0.002
      48507.580      12029.991    3953259.038          0.002
      48566.313      13256.279    2843726.130          0.002
      47337.106      12660.256    1026906.146          0.003
      46666.847      13021.171     510999.220          0.005
      51373.078      12429.119    1036892.192          0.001
      50062.898      12922.502    1043116.717          0.001
      53852.913      12317.763    1961412.272          0.003
      54481.243      13328.841    5162082.488          0.002
      55030.515      12260.833    1058143.154          0.004
      55774.451      12224.868    1159646.437          0.004
      53852.913      12317.763    1961412.272          0.003
      53665.758      13030.437    1069414.614          0.002
      55774.451      12224.868    1159646.437          0.004
      55649.862      13090.022    2106057.048          0.003
      55774.451      12224.868    1159646.437          0.004
      56672.867      12018.351    1068703.100          0.003
      56902.117      12199.545    1068703.100          0.003
      57849.314      13230.475    1101701.867          0.003
      56577.298      12155.034    1068703.100          0.003
      55649.862      13090.022    2106057.048          0.003
      56724.694      12006.438    1521809.069          0.003
      57476.738      12048.774    1065787.119          0.003
      59112.951      12388.580    1065787.119          0.002
      59650.744      13212.311     909989.949          0.003
      58945.067      12131.433    6395059.519          0.002
      60155.779      12107.356    1064219.241          0.002
      60861.509      11672.866    1064219.241          0.002
      60913.452      10736.830     733377.959          0.002
      62864.043      12346.546    1081019.107          0.003
      63584.145      12464.081     870580.428          0.004
      62680.798      12316.637    1554174.756          0.003
      61892.250      13145.117    1103395.649          0.002
      62699.381      12389.879    1081019.107          0.003
      62906.028      13204.379    1665916.403          0.003
      63584.145      12464.081     870580.428          0.004
      62906.028      13204.379    1665916.403          0.003
      63584.145      12464.081     870580.428          0.004
      64743.422      12433.977    1087710.313          0.003
      63800.184      12593.410    1088884.876          0.004
      64881.123      13240.502    3077083.122          0.003
      65867.933      12384.524    1087710.313          0.003
      66976.470      12214.125    3296958.839          0.003
      67007.638      12231.488    1079627.305          0.003
      68230.677      12912.793    1074700.443          0.003
      66823.985      13219.701    1079627.305          0.004
      66678.968      14176.025    1889393.448          0.004
      67372.798      12241.955    1079627.305          0.003
      68743.977      12338.239    1099122.601          0.004
      68743.977      12338.239    1099122.601          0.004
      69543.082      12404.282    1038559.575          0.003
      68743.977      12338.239    1099122.601          0.004
      68621.366      13130.430    3191135.656          0.003
      70644.004      12495.269    2415294.808          0.002
      71984.663      12466.009    1001908.117          0.003
      69795.346      12761.769    1038559.575          0.003
      68621.366      13130.430    3191135.656          0.003
      72822.194      12447.730    2880011.849          0.002
      73780.303      12865.404     963390.335          0.002
      73187.028      12379.599    1001908.117          0.002
      74563.237      12122.598     972422.784          0.002
      72585.033      12562.449    1001908.117          0.002
      71324.733      13172.076    1038156.811          0.002
      74783.482      12081.469    1334646.502          0.002
      75463.446      12506.489     929954.866          0.002
      78141.105      12100.219     818624.943          0.002
      78878.143      12157.583     899687.038          0.001
      78141.105      12100.219     818624.943          0.002
      77383.084      12812.226     929954.866          0.001
      79840.340      12382.114     899687.038          0.000
      78778.580      13294.619     904745.541          0.000
       1201.693      13129.325     898406.882          0.001
       1933.734      13046.488     733802.323          0.002
        598.271      13500.285     898406.882          0.001
       1901.364      14012.094     910120.080          0.001
       2308.745      13050.879     927105.374          0.002
       3708.649      13067.268     958999.328          0.002
       4010.139      13070.797    2539955.637          0.001
       5150.568      13025.787    2503019.340          0.002
       4010.139      13070.797    2539955.637          0.001
       3161.096      13523.728     910120.080          0.002
       5150.568      13025.787    2503019.340          0.002
       5262.426      13942.281     959058.879          0.001
       5694.008      13048.969     979097.823          0.002
       7088.665      13108.462    2283616.231          0.002
       7088.665      13108.462    2283616.231          0.002
       6333.999      13648.644     959058.879          0.002
       9310.809      13425.402     887114.102          0.003
       9942.336      13282.151    3630691.759          0.002
       9310.809      13425.402     887114.102          0.003
       8645.405      13708.319     992495.173          0.003
      10421.179      13533.517    1051129.757          0.003
      11383.643      14038.756    2797086.107          0.003
      11370.850      13026.215    1712437.290          0.003
      11382.499      13948.225    1068947.905          0.003
      11370.850      13026.215    1712437.290          0.003
      12620.817      13255.361    1086911.712          0.003
      13151.477      13352.642    3027294.690          0.003
      14273.147      13457.817    1094066.419          0.002
      12999.052      13411.800    1086911.712          0.003
      11693.902      13918.341    1068947.905          0.003
      15267.055      13407.746    1094066.419          0.003
      15986.119      13366.624    1458081.290          0.004
      13883.611      13701.708    1094066.419          0.003
      13266.580      14042.183     938941.461          0.003
      15986.119      13366.624    1458081.290          0.004
      17220.764      13387.844    1086502.522          0.004
      15986.119      13366.624    1458081.290          0.004
      15053.042      14236.013    1108878.624          0.003
      16155.272      13538.718    1096658.985          0.004
      17120.179      14520.408    1756605.628          0.003
      18088.588      13402.760    2712853.854          0.003
      18047.700      14525.465    3011156.269          0.003
      18088.588      13402.760    2712853.854          0.003
      18841.861      13348.428    1060347.096          0.003
      17736.964      13808.572    1086502.522          0.003
      17120.179      14520.408    1756605.628          0.003
      20309.053      13242.605    4128815.792          0.002
      20062.440      14373.024   20671175.587          0.002
      21119.221      13171.559    1052101.139          0.001
      22221.325      14034.905    1063268.279          0.001
      23266.087      14238.896    1053049.847          0.002
      23185.553      15281.957     816742.783          0.002
      23327.284      13446.273   15649069.499          0.001
      22348.821      14062.008    1063268.279          0.001
      25960.584      13287.888    1060020.063          0.003
      27185.754      13167.373    1889940.124          0.003
      25143.370      13497.882    1060020.063          0.002
      24467.136      14723.732    1096532.545          0.003
      27185.754      13167.373    1889940.124          0.003
      27793.959      14299.445    1089415.163          0.003
      26905.780      13443.223    1057640.738          0.004
      26076.309      14260.475    1038283.263          0.004
      27185.754      13167.373    1889940.124          0.003
      28013.110      13652.897    1067830.249          0.003
      29204.413      13484.199    3891080.681          0.002
      30029.410      13964.381    1060319.197          0.002
      29204.413      13484.199    3891080.681          0.002
      29184.925      14340.562    1837438.304          0.002
      31625.294      13274.804   29292951.959          0.001
      30610.644      14188.636    1060319.197          0.001
      33313.555      13998.455    1050057.348          0.003
      34250.984      14452.839    2160157.308          0.003
      32326.702      13520.114    2134829.041          0.002
      32433.039      14457.168   25200159.787          0.001
      35371.398      14362.429    1060544.710          0.004
      35398.880      15297.042    1975604.633          0.003
      35151.579      13431.923    1060544.710          0.003
      34250.984      14452.839    2160157.308          0.003
      37318.100      13973.145    1062770.386          0.003
      37365.640      15120.498    1685532.129          0.003
      37291.320      13326.819    2160511.831          0.003
      37902.820      13867.554    1083609.473          0.003
      37120.222      13503.514    1062770.386          0.003
      36577.539      14063.950     779365.667          0.004
      39768.200      13280.219    1051523.699          0.001
      40725.785      13171.017    2562486.539          0.002
      40725.785      13171.017    2562486.539          0.002
      40643.176      14319.715    1078326.093          0.001
      41549.723      13771.691    1048135.904          0.003
      42400.894      14392.218    2477161.664          0.002
      41917.520      13150.804    1048135.904          0.003
      42645.637      13138.454     798390.730          0.004
      42645.637      13138.454     798390.730          0.004
      43839.615      13302.892    1059870.245          0.003
      42645.637      13138.454     798390.730          0.004
      42429.605      14245.139    1080600.899          0.003
      43870.736      14459.465    1059870.245          0.004
      43425.635      15276.602    1094686.705          0.004
      44454.595      13387.589    2604888.046          0.003
      45263.203      14030.570    1074616.975          0.002
      43897.231      13660.240    1059870.245          0.003
      42639.637      14275.430    1080600.899          0.003
      46666.847      13021.171     510999.220          0.005
      47457.163      13118.993    1050071.813          0.003
      46666.847      13021.171     510999.220          0.005
      46566.960      14276.689    1082092.416          0.003
      46666.847      13021.171     510999.220          0.005
      46124.856      13468.184    1074616.975          0.003
      50211.263      13061.201    1043116.717          0.002
      51610.679      13101.620    1050796.669          0.002
      52352.620      13124.207    1050796.669          0.002
      53630.768      13163.679   14215935.414          0.002
      51674.088      13215.759    1050796.669          0.001
      50732.805      14252.092    1075129.142          0.001
      53630.768      13163.679   14215935.414          0.002
      52750.816      14077.269    1079438.391          0.002
      53702.023      13946.465    1069414.614          0.003
      53804.432      15071.489    1987765.932          0.003
      54491.992      13417.777    1081834.347          0.002
      54625.801      14524.915    6347668.684          0.002
      55876.312      13354.582    1089025.279          0.003
      56786.688      14418.168    1124052.079          0.004
      55649.862      13090.022    2106057.048          0.003
      55040.210      13944.253    1107255.630          0.003
      55965.005      13116.131    1089025.279          0.003
      57360.225      13231.719    1101701.867          0.003
      57890.846      13275.679    2163084.351          0.003
      58771.853      13074.035    1095582.888          0.003
      57890.846      13275.679    2163084.351          0.003
      58435.262      14211.099    1122355.946          0.004
      57723.967      13478.947    1101701.867          0.003
      56871.517      14517.272    1969384.203          0.004
      58879.299      13110.797    1095582.888          0.003
      58484.918      14296.418    1471813.368          0.003
      58901.389      13044.386     784934.701          0.003
      59650.744      13212.311     909989.949          0.003
      59650.744      13212.311     909989.949          0.003
      60242.270      13699.199    1116722.220          0.002
      59363.036      13479.852    1098470.569          0.003
      58484.918      14296.418    1471813.368          0.003
      62175.979      13746.808    1103395.649          0.003
      62941.744      14502.992    5571007.428          0.003
      61734.501      13310.855    3562337.366          0.002
      60932.874      13857.545    1116722.220          0.002
      63003.364      13374.200    1106230.926          0.003
      63640.882      14486.459    4036987.019          0.003
      62906.028      13204.379    1665916.403          0.003
      62938.058      14368.956    1138268.723          0.003
      63600.746      13217.085    1106230.926          0.004
      64881.123      13240.502    3077083.122          0.003
      65359.067      14283.774    1109840.755          0.004
      65883.894      15429.384    1759028.520          0.004
      65403.138      13512.137    1109840.755          0.004
      66645.060      14158.380    1120372.972          0.004
      64881.123      13240.502    3077083.122          0.003
      63901.633      14224.506    1140117.659          0.003
      68621.366      13130.430    3191135.656          0.003
      69311.294      13800.854    1071613.946          0.003
      68531.656      13290.388    1074700.443          0.003
      67872.652      14465.422    2296542.021          0.004
      67401.243      13787.223    1074700.443          0.004
      66678.968      14176.025    1889393.448          0.004
      70826.341      14610.096    1038156.811          0.003
      70811.421      15547.813     996185.860          0.003
      71245.592      13681.492    1038156.811          0.002
      72115.870      14285.413    1683624.128          0.002
      73447.999      13840.889     997535.081          0.002
      74171.334      14445.768    1557659.824          0.002
      73017.749      14707.835     997535.081          0.002
      73024.677      15419.829    1531143.860          0.003
      75183.272      13661.224     963390.335          0.001
      76051.181      14446.419    2048849.800          0.001
      78800.151      13385.912     904745.541          0.000
      79106.520      14235.983    1266876.036          0.001
      77798.147      13861.564     904745.541          0.001
      76896.475      14380.707    2104179.653          0.001
      79749.816      13537.106     894939.097          0.000
      79106.520      14235.983    1266876.036          0.001
       1855.458      14231.407     910120.080          0.001
        644.004      14933.104     905054.056          0.001
       3084.438      14643.242     910120.080          0.001
       4023.112      15170.604    2088891.723          0.001
       5970.546      15582.791     959058.879          0.002
       6305.689      16199.445     988469.367          0.003
       6068.735      14696.519     959058.879          0.002
       7068.902      15119.978    2565023.113          0.002
       5215.993      14540.456     959058.879          0.001
       4847.247      15143.462    1094136.071          0.002
       8757.731      14601.334    1031794.037          0.002
       7419.419      15012.333     995279.842          0.002
      11865.454      14479.460    1068947.905          0.003
      12898.492      15424.359    1104936.328          0.003
      11383.643      14038.756    2797086.107          0.003
      11059.065      14940.226    1069003.896          0.003
      12231.997      14040.300    1068947.905          0.004
      13266.580      14042.183     938941.461          0.003
      13477.039      14068.195    1093783.501          0.004
      14866.467      14239.925    1108878.624          0.003
      13266.580      14042.183     938941.461          0.003
      13046.865      15133.059    1104936.328          0.004
      15097.562      14618.573    1108878.624          0.003
      15249.057      15394.115    1094933.402          0.005
      15688.593      14342.147    1108878.624          0.004
      17077.864      14515.139    1111551.209          0.003
      15027.485      14259.826    2867394.821          0.003
      13873.317      14953.378    1104936.328          0.004
      17120.179      14520.408    1756605.628          0.003
      17426.395      15259.019    1599840.167          0.003
      16390.450      14861.150    1111551.209          0.004
      15249.057      15394.115    1094933.402          0.005
      18047.700      14525.465    3011156.269          0.003
      18803.368      14982.995    1109835.017          0.002
      17974.048      14612.423    1104759.569          0.003
      17426.395      15259.019    1599840.167          0.003
      20090.014      14369.586    1082022.912          0.002
      21479.261      14196.403    1063268.279          0.002
      22744.938      14692.883    1063268.279          0.002
      23185.553      15281.957     816742.783          0.002
      21038.499      14932.742    1063268.279          0.003
      20436.120      15333.903     563255.484          0.003
      26076.309      14260.475    1038283.263          0.004
      26378.873      15320.244    1243832.456          0.004
      26076.309      14260.475    1038283.263          0.004
      26978.733      14602.318    1089415.163          0.004
      26076.309      14260.475    1038283.263          0.004
      25400.031      14604.484    1096532.545          0.003
      29184.925      14340.562    1837438.304          0.002
      29238.216      15452.196    1093891.788          0.002
      29034.765      14452.120    1067830.249          0.002
      28206.554      15067.423    4208258.443          0.002
      31068.338      14313.998    1060319.197          0.002
      32433.039      14457.168   25200159.787          0.001
      32105.458      14688.897    1067579.510          0.002
      31342.678      15228.483     993126.631          0.002
      34250.984      14452.839    2160157.308          0.003
      34345.296      15602.439    1118834.896          0.003
      34250.984      14452.839    2160157.308          0.003
      33856.236      15092.143    1097439.619          0.002
      34659.143      14753.014    1078944.368          0.003
      35398.880      15297.042    1975604.633          0.003
      36577.539      14063.950     779365.667          0.004
      37331.798      15075.129    1104134.514          0.003
      36577.539      14063.950     779365.667          0.004
      35669.832      15013.577    1105435.859          0.003
      38654.920      14535.076    1083609.473          0.002
      39454.162      15684.516    1120420.768          0.002
      38043.935      15633.666    1083609.473          0.003
      37606.419      16430.699    1492214.313          0.003
      38650.485      14528.698    5683233.516          0.002
      39932.137      14513.270    1078326.093          0.002
      42400.894      14392.218    2477161.664          0.002
      41744.872      15298.608    1105000.389          0.002
      42787.509      14725.880    1080600.899          0.003
      43425.635      15276.602    1094686.705          0.004
      46689.371      14673.967    1082092.416          0.003
      47306.159      15930.777    1133767.341          0.003
      46556.838      14403.911    1816758.067          0.003
      47674.412      14463.412    1079764.287          0.003
      46556.838      14403.911    1816758.067          0.003
      45871.845      14954.550    1103399.464          0.003
      46556.838      14403.911    1816758.067          0.003
      47487.405      13872.454    1050071.813          0.003
      48718.487      14519.001    3588652.017          0.002
      49763.023      14451.736    1075129.142          0.002
      48718.487      14519.001    3588652.017          0.002
      49283.083      15657.791    1133895.995          0.002
      48070.965      15301.449    1079764.287          0.003
      47396.990      16115.861    2422160.161          0.003
      48718.487      14519.001    3588652.017          0.002
      48566.676      13259.289    1050071.813          0.002
      51195.153      14327.438    1075129.142          0.002
      52585.453      14162.924    1079438.391          0.002
      52299.444      14563.161    1079438.391          0.002
      51679.037      15235.510    1437630.285          0.002
      54582.879      15517.967    1107255.630          0.003
      54543.075      16438.881    1446488.219          0.004
      55786.744      14520.964    1107255.630          0.004
      56871.517      14517.272    1969384.203          0.004
      55669.779      15043.533    1107255.630          0.004
      56677.340      15544.060    2315051.635          0.003
      54625.801      14524.915    6347668.684          0.002
      53804.432      15071.489    1987765.932          0.003
      56871.517      14517.272    1969384.203          0.004
      57961.467      14368.072    1122355.946          0.004
      56871.517      14517.272    1969384.203          0.004
      56677.340      15544.060    2315051.635          0.003
      58484.918      14296.418    1471813.368          0.003
      58752.521      14944.152    1142649.201          0.002
      62928.094      14573.887    1138268.723          0.003
      62795.058      15264.838    2391914.324          0.003
      62941.744      14502.992    5571007.428          0.003
      61922.573      14834.393    1146550.978          0.003
      63992.220      15180.899    1140117.659          0.004
      64624.238      16430.120    1179070.701          0.003
      64863.414      15000.391    1140117.659          0.004
      65883.894      15429.384    1759028.520          0.004
      63640.882      14486.459    4036987.019          0.003
      62795.058      15264.838    2391914.324          0.003
      66678.968      14176.025    1889393.448          0.004
      67459.955      15327.618    1142323.688          0.004
      66678.968      14176.025    1889393.448          0.004
      67368.129      14343.105    1112016.534          0.004
      66530.512      14410.053    1120372.972          0.004
      65883.894      15429.384    1759028.520          0.004
      68033.625      14622.666    1112016.534          0.004
      68922.503      15490.951     956581.312          0.004
      67842.660      14861.366    1112016.534          0.004
      67772.442      15788.390    2247067.118          0.003
      70147.428      14699.326    1071613.946          0.003
      70811.421      15547.813     996185.860          0.003
      69842.057      14904.037    1071613.946          0.003
      69789.163      16119.758    2938610.001          0.003
      72115.870      14285.413    1683624.128          0.002
      71827.975      15575.394    1063782.607          0.003
      72201.221      14391.953    1026964.349          0.002
      73024.677      15419.829    1531143.860          0.003
      71745.509      14643.835    1026964.349          0.003
      70811.421      15547.813     996185.860          0.003
      74309.767      14635.759     992289.119          0.002
      74961.829      15530.679     974566.004          0.003
      74171.334      14445.768    1557659.824          0.002
      75407.613      14446.196     956825.125          0.002
      73896.972      14678.833     992289.119          0.002
      73024.677      15419.829    1531143.860          0.003
      76052.513      14682.701     956825.125          0.002
      76060.400      16082.679     977489.527          0.002
      75534.890      14960.297     956825.125          0.002
      74961.829      15530.679     974566.004          0.003
      76051.181      14446.419    2048849.800          0.001
      76896.475      14380.707    2104179.653          0.001
      76950.164      14475.924     940660.546          0.001
      77637.794      15695.418     937511.818          0.002
      76983.453      14427.565     940660.546          0.001
      78215.970      15091.570     922973.097          0.002
      76672.966      14843.495     940660.546          0.002
      76064.109      16104.167     977489.527          0.002
      76926.334      14378.752     940660.546          0.001
      78323.342      14287.269     905981.225          0.002
      79106.520      14235.983    1266876.036          0.001
      79734.002      14987.532     910233.533          0.000
      79106.520      14235.983    1266876.036          0.001
      79046.613      15539.070    1853629.073          0.001
       1466.258      15271.940     905054.056          0.002
       2245.017      15253.785     931171.510          0.002
        176.556      15454.978     905054.056          0.000
        935.831      16095.129    2598045.434          0.001
       2245.017      15253.785     931171.510          0.002
       1428.599      15778.453     919915.453          0.001
       2336.600      15249.501     926669.569          0.002
       3735.070      15184.079     947676.621          0.002
       2333.503      15367.203     926669.569          0.002
       2911.184      16107.654     943811.253          0.003
       4183.757      15491.380     947676.621          0.002
       4810.654      16743.179     968198.580          0.002
       4023.112      15170.604    2088891.723          0.001
       4847.247      15143.462    1094136.071          0.002
       3675.840      15463.259     947676.621          0.002
       2911.184      16107.654     943811.253          0.003
       4848.401      15153.326     958973.272          0.002
       5011.044      16543.846     968198.580          0.002
       5333.145      15495.276     958973.272          0.002
       6305.689      16199.445     988469.367          0.003
       7291.438      15397.117     995279.842          0.002
       8078.383      16377.155    2570918.817          0.002
       8144.056      15246.200     995279.842          0.003
       9316.643      15383.860    2041802.680          0.002
       6896.997      15363.115     995279.842          0.002
       6305.689      16199.445     988469.367          0.003
       9587.845      15533.732    1042235.778          0.003
      10813.191      16210.879    1081677.897          0.002
       9376.587      15607.937    1042235.778          0.002
       9738.387      16960.380    1038333.990          0.002
       9316.643      15383.860    2041802.680          0.002
      10648.088      15332.874    1069003.896          0.003
       9316.643      15383.860    2041802.680          0.002
       8351.322      16158.211    1030555.686          0.002
      10921.460      15322.405    7915269.769          0.002
      11257.273      16456.286    3297176.008          0.002
      12974.239      15493.644    4954033.905          0.003
      13151.051      16343.192    1896473.865          0.003
      12974.239      15493.644    4954033.905          0.003
      12053.105      16010.091    1081677.897          0.003
      15249.057      15394.115    1094933.402          0.005
      14499.181      15733.338    1112359.192          0.004
      15249.057      15394.115    1094933.402          0.005
      15031.348      16337.177    1135852.288          0.004
      15249.057      15394.115    1094933.402          0.005
      16501.863      15842.789    1143701.483          0.004
      15249.057      15394.115    1094933.402          0.005
      16383.789      15323.709    1123926.514          0.004
      17426.395      15259.019    1599840.167          0.003
      17414.313      16169.570    4153238.857          0.003
      19460.066      15502.155    1109835.017          0.002
      20002.467      16100.390     577313.420          0.003
      19326.066      15241.816    1109835.017          0.002
      20436.120      15333.903     563255.484          0.003
      20436.120      15333.903     563255.484          0.003
      20788.696      16015.631    1124359.574          0.002
      20436.120      15333.903     563255.484          0.003
      21151.933      15332.430    1095872.270          0.002
      20436.120      15333.903     563255.484          0.003
      20002.467      16100.390     577313.420          0.003
      22834.679      15848.637    1095872.270          0.002
      23355.530      16323.131     665497.656          0.003
      23185.553      15281.957     816742.783          0.002
      24194.686      15217.619    7389005.136          0.002
      23185.553      15281.957     816742.783          0.002
      23355.530      16323.131     665497.656          0.003
      24194.686      15217.619    7389005.136          0.002
      23355.530      16323.131     665497.656          0.003
      24193.373      15248.127    1096532.545          0.002
      24143.703      16402.412    2503855.966          0.002
      26435.268      15378.525    1104227.267          0.004
      27408.807      16384.617    1126020.066          0.003
      26378.873      15320.244    1243832.456          0.004
      27124.560      15217.094    1089415.163          0.003
      26378.873      15320.244    1243832.456          0.004
      26084.463      16263.603    1414990.831          0.004
      27842.916      15851.933    1089415.163          0.003
      27535.375      16515.418     939111.376          0.003
      28201.376      15207.448    1089415.163          0.002
      28155.004      16461.289    2260683.262          0.003
      31804.540      15796.430    1083525.739          0.003
      32438.116      16575.533    1184666.111          0.003
      31342.678      15228.483     993126.631          0.002
      31498.700      16205.054     999746.786          0.002
      31342.678      15228.483     993126.631          0.002
      30776.858      15750.387    1105316.593          0.002
      32995.491      16044.239    1097439.619          0.003
      32438.116      16575.533    1184666.111          0.003
      35549.087      15414.963    1105435.859          0.003
      36409.760      16090.637    1710699.525          0.004
      35813.465      15259.828    1105435.859          0.003
      37207.858      15134.662    1104134.514          0.003
      37256.436      15231.331    1104134.514          0.003
      36409.760      16090.637    1710699.525          0.004
      37365.640      15120.498    1685532.129          0.003
      37548.517      16115.629    1133910.601          0.004
      42679.204      15303.317    1105000.389          0.003
      43425.635      15276.602    1094686.705          0.004
      41700.559      15718.843    1105000.389          0.002
      41667.629      16504.712    1258494.125          0.003
      41716.527      15337.771    3600042.389          0.002
      40584.250      15756.270    1120420.768          0.002
      43425.635      15276.602    1094686.705          0.004
      44276.488      15979.279    1145744.202          0.004
      43425.635      15276.602    1094686.705          0.004
      44251.224      15225.730    1103399.464          0.004
      43374.309      15343.331    1108636.116          0.004
      42736.036      16173.149     865494.625          0.003
      46419.527      15572.694    1103399.464          0.003
      47396.990      16115.861    2422160.161          0.003
      51614.843      15381.957    1106094.234          0.003
      51052.785      16664.178    1167994.684          0.002
      51679.037      15235.510    1437630.285          0.002
      52598.645      16218.029    1149188.194          0.002
      51679.037      15235.510    1437630.285          0.002
      50661.027      15760.565    1133895.995          0.003
      54210.203      15822.661    1113956.926          0.003
      54543.075      16438.881    1446488.219          0.004
      53804.432      15071.489    1987765.932          0.003
      52831.114      16072.315    1149188.194          0.002
      56617.658      16255.271    1149957.909          0.004
      56540.314      17176.950    2713589.675          0.003
      56677.340      15544.060    2315051.635          0.003
      57410.897      16145.504    1180236.602          0.003
      56450.825      15821.568    1149957.909          0.004
      55862.094      16542.833    1001250.562          0.005
      59239.593      15933.572    1142649.201          0.003
      59572.409      16565.409    2512615.690          0.003
      59003.526      15242.996    1142649.201          0.002
      60403.454      15228.725    1146550.978          0.002
      62841.829      15921.805    1158309.217          0.004
      62937.444      17264.825    2500647.913          0.003
      63294.824      15604.529    1158309.217          0.004
      64452.683      16391.525    1179070.701          0.003
      62795.058      15264.838    2391914.324          0.003
      61914.877      15909.105    1179716.419          0.003
      65883.894      15429.384    1759028.520          0.004
      66346.064      16043.168    1156462.007          0.004
      65883.894      15429.384    1759028.520          0.004
      66992.629      15640.150    1142323.688          0.004
      65883.894      15429.384    1759028.520          0.004
      65060.975      16197.508    1179070.701          0.003
      68922.503      15490.951     956581.312          0.004
      68852.487      16388.436     770556.411          0.004
      68809.512      15520.174    1117396.520          0.004
      67772.442      15788.390    2247067.118          0.003
      68922.503      15490.951     956581.312          0.004
      69542.743      15940.968    1106834.240          0.003
      70811.421      15547.813     996185.860          0.003
      69789.163      16119.758    2938610.001          0.003
      73024.677      15419.829    1531143.860          0.003
      72927.880      16282.879    1022929.639          0.003
      73265.742      15433.624    1036842.151          0.003
      74663.456      15513.605     999174.633          0.003
      73024.677      15419.829    1531143.860          0.003
      72151.394      16013.003    1063782.607          0.003
      74961.829      15530.679     974566.004          0.003
      75680.175      15910.423     977489.527          0.002
      79046.613      15539.070    1853629.073          0.001
      79759.578      16127.951     911406.295          0.000
      79046.613      15539.070    1853629.073          0.001
      78390.779      16712.591     923429.743          0.001
      79023.357      15554.974     922973.097          0.001
      77966.230      16277.892    2293309.587          0.001
        133.344      16455.186     910660.086          0.000
        877.778      17173.449    2964079.762          0.001
        935.831      16095.129    2598045.434          0.001
        877.778      17173.449    2964079.762          0.001
       2911.184      16107.654     943811.253          0.003
       3965.794      16693.997     968198.580          0.002
       2911.184      16107.654     943811.253          0.003
       3040.873      17148.079     940827.863          0.002
       2911.184      16107.654     943811.253          0.003
       2269.665      16443.902     914958.864          0.002
       6305.689      16199.445     988469.367          0.003
       6847.008      16841.531    1000502.238          0.002
       6351.862      16204.074    1002386.867          0.003
       7744.879      16343.722    1030555.686          0.002
       6305.689      16199.445     988469.367          0.003
       5695.770      16770.532     968198.580          0.002
       8546.361      16681.494    1030555.686          0.003
       9720.006      17444.748    1038333.990          0.002
       8078.383      16377.155    2570918.817          0.002
       8241.045      17582.212     892575.781          0.002
      11538.144      16568.540    1081677.897          0.002
      12838.163      17088.109    1102939.797          0.002
      12244.741      16397.316    1081677.897          0.003
      13151.051      16343.192    1896473.865          0.003
      11173.773      16524.219    1081677.897          0.002
      10087.782      17407.748    1038333.990          0.002
      13867.933      16404.930    1112359.192          0.003
      14993.334      16501.849    1861671.373          0.004
      14993.334      16501.849    1861671.373          0.004
      15009.137      17404.758    1129601.229          0.003
      15572.629      16422.341    1135852.288          0.004
      16959.626      16231.975    1143701.483          0.003
      16895.137      17279.843    1143701.483          0.004
      16331.797      18484.561    1577390.719          0.004
      17414.313      16169.570    4153238.857          0.003
      16252.294      16844.222    1129601.229          0.004
      17423.553      16189.124    1143701.483          0.003
      18021.708      17454.909    1148589.118          0.003
      17414.313      16169.570    4153238.857          0.003
      18692.568      16190.917    1133773.254          0.003
      19286.378      16200.834    1404664.245          0.003
      19381.129      16972.292    1140944.423          0.003
      18915.054      16581.555    1133773.254          0.003
      18035.268      17483.606    2926255.574          0.003
      19286.378      16200.834    1404664.245          0.003
      20002.467      16100.390     577313.420          0.003
      20002.467      16100.390     577313.420          0.003
      19480.151      17102.759    1140944.423          0.002
      21421.823      16647.160    1124359.574          0.002
      22771.643      17018.625    1126570.275          0.002
      23355.530      16323.131     665497.656          0.003
      24143.703      16402.412    2503855.966          0.002
      24143.703      16402.412    2503855.966          0.002
      24102.865      17672.644    1148443.995          0.003
      25245.925      16323.578    1122985.793          0.003
      26084.463      16263.603    1414990.831          0.004
      24540.053      16748.293    1122985.793          0.003
      25311.235      17421.274    2458295.240          0.003
      26084.463      16263.603    1414990.831          0.004
      25445.969      17219.551    1138356.532          0.003
      26094.146      16271.347    1126359.141          0.004
      27146.669      17113.192     951448.399          0.004
      26111.447      16268.286    1126359.141          0.004
      27490.826      16507.686    1126020.066          0.003
      27535.375      16515.418     939111.376          0.003
      27146.669      17113.192     951448.399          0.004
      28155.004      16461.289    2260683.262          0.003
      28248.058      17575.494    1138324.780          0.003
      28155.004      16461.289    2260683.262          0.003
      28727.801      15943.955    1093891.788          0.002
      27758.578      16717.584    1121505.023          0.003
      27146.669      17113.192     951448.399          0.004
      30066.678      15951.853    1105316.593          0.002
      29239.630      15481.685    6507684.238          0.002
      31498.700      16205.054     999746.786          0.002
      31403.049      17447.688    1418934.971          0.002
      31704.774      16286.324    1109105.636          0.003
      32438.116      16575.533    1184666.111          0.003
      31498.700      16205.054     999746.786          0.002
      30905.821      16965.060    1127551.537          0.002
      32438.230      16611.991    1122532.506          0.003
      32442.574      18011.984    1160171.136          0.003
      32438.116      16575.533    1184666.111          0.003
      33426.988      17184.301    2338923.426          0.003
      32438.116      16575.533    1184666.111          0.003
      31704.802      17193.429    1132828.594          0.003
      33962.838      16565.073    1118834.896          0.003
      33426.988      17184.301    2338923.426          0.003
      36373.427      16869.172    1127650.772          0.004
      36308.163      18267.650    1191548.883          0.004
      36409.760      16090.637    1710699.525          0.004
      37101.520      16714.130    1154212.313          0.003
      36409.760      16090.637    1710699.525          0.004
      37167.885      16306.078    1133910.601          0.004
      36409.760      16090.637    1710699.525          0.004
      35737.116      16986.489    1160257.640          0.003
      37606.419      16430.699    1492214.313          0.003
      38276.063      16711.723    1148581.302          0.003
      37606.419      16430.699    1492214.313          0.003
      37665.139      17222.128    3736034.485          0.002
      42021.659      16803.201    1140912.805          0.004
      42728.709      17399.328    2516834.502          0.003
      41922.928      16425.485    1140912.805          0.004
      42736.036      16173.149     865494.625          0.003
      41667.629      16504.712    1258494.125          0.003
      41008.214      17034.130    1160148.358          0.002
      42736.036      16173.149     865494.625          0.003
      42728.709      17399.328    2516834.502          0.003
      42736.036      16173.149     865494.625          0.003
      43619.946      16257.299    1145744.202          0.004
      44940.314      16324.748    1145744.202          0.003
      45791.173      16155.136    1310396.410          0.003
      43549.220      16977.567    1145744.202          0.004
      42728.709      17399.328    2516834.502          0.003
      45921.158      16316.408    1138652.735          0.004
      46761.555      17359.086    1817692.948          0.003
      45761.556      16190.789    1138652.735          0.003
      44866.966      17267.686    1184432.414          0.004
      45791.173      16155.136    1310396.410          0.003
      46971.837      16126.259    1133767.341          0.003
      47396.990      16115.861    2422160.161          0.003
      47665.545      16935.944    1174459.127          0.002
      47208.473      16484.694    1133767.341          0.003
      46761.555      17359.086    1817692.948          0.003
      52464.385      16358.558    1149188.194          0.002
      51222.318      17004.521    1167994.684          0.002
      54543.075      16438.881    1446488.219          0.004
      54704.702      17222.877    1606307.092          0.004
      54836.189      16461.981    1172241.959          0.004
      55862.094      16542.833    1001250.562          0.005
      54543.075      16438.881    1446488.219          0.004
      53562.135      16852.594    1186515.034          0.003
      55862.094      16542.833    1001250.562          0.005
      56540.314      17176.950    2713589.675          0.003
      55862.094      16542.833    1001250.562          0.005
      54704.702      17222.877    1606307.092          0.004
      57815.605      16472.476    1180236.602          0.003
      58744.732      17208.310    7954212.966          0.003
      60314.910      17528.487    1190578.327          0.004
      60811.963      18173.202    1697553.269          0.004
      59817.183      16513.291    1190578.327          0.003
      61186.487      16221.735    1179716.419          0.003
      59572.409      16565.409    2512615.690          0.003
      58744.732      17208.310    7954212.966          0.003
      61098.636      17440.944    1179716.419          0.004
      60811.963      18173.202    1697553.269          0.004
      62245.569      16673.399    1179716.419          0.003
      62937.444      17264.825    2500647.913          0.003
      64684.391      16549.017    2946963.801          0.003
      64812.466      17182.642    1088213.522          0.003
      64251.061      16726.573    1179070.701          0.003
      62955.593      17257.388    1200553.009          0.003
      66680.417      16487.205    1519522.412          0.003
      67386.993      16924.327    1122413.389          0.003
      66783.017      16421.549    1156462.007          0.003
      67772.442      15788.390    2247067.118          0.003
      66680.417      16487.205    1519522.412          0.003
      65998.947      17030.637    1162900.493          0.003
      68751.822      16332.509    1122241.813          0.004
      67772.442      15788.390    2247067.118          0.003
      68852.487      16388.436     770556.411          0.004
      69435.884      17252.239    1090323.457          0.004
      68852.487      16388.436     770556.411          0.004
      68379.590      16964.039    1122413.389          0.003
      69769.751      16334.466    1106834.240          0.003
      69657.154      17579.860    1602039.560          0.003
      71353.986      17196.520    1063782.607          0.003
      70884.770      18515.549    1048163.745          0.002
      71655.072      16350.127    9387805.267          0.002
      72150.779      17315.937    1265701.679          0.002
      70428.727      17104.951    1063782.607          0.003
      69657.154      17579.860    1602039.560          0.003
      76060.563      16111.510    2074239.102          0.002
      77229.969      16213.609     937511.818          0.002
      76015.065      16137.801     977489.527          0.002
      74802.892      16838.255     997938.443          0.002
      77815.915      16379.591     937511.818          0.001
      76656.371      17164.103     954427.937          0.001
      79532.997      16532.085     911406.295          0.001
      78251.630      17096.088     923429.743          0.000
        877.778      17173.449    2964079.762          0.001
        195.047      18102.057     893551.584          0.000
       1490.414      17622.038     914958.864          0.001
       2214.865      18152.500     664336.336          0.002
       2267.948      17157.144     914958.864          0.002
       3040.873      17148.079     940827.863          0.002
       3040.873      17148.079     940827.863          0.002
       4202.854      17248.359     968198.580          0.002
       3040.873      17148.079     940827.863          0.002
       2313.465      18032.603     914556.343          0.002
       5102.530      17326.001    3771637.045          0.001
       5750.101      18078.983     954503.376          0.001
       7301.519      17380.647    5850889.433          0.001
       7281.391      18772.000     975720.234          0.001
       8571.121      17578.035    1009682.453          0.003
       9899.124      17561.233    2195908.038          0.002
       8241.045      17582.212     892575.781          0.002
       8821.471      18081.488    1007605.823          0.001
       8241.045      17582.212     892575.781          0.002
       7812.698      18388.734     975720.234          0.002
       9899.124      17561.233    2195908.038          0.002
      10726.126      17558.132    1057600.137          0.002
       9899.124      17561.233    2195908.038          0.002
      10533.884      17925.813    1041280.049          0.002
      11960.630      17985.422    1057600.137          0.002
      13163.576      18549.731   10272407.767          0.002
      14056.169      17370.036    1102939.797          0.003
      15011.930      17564.360    5437655.715          0.003
      13012.777      17157.895    7059398.910          0.002
      13145.515      18383.038    1085858.206          0.002
      15011.930      17564.360    5437655.715          0.003
      14967.900      18361.346    1409930.333          0.003
      18038.200      18116.925    1148589.118          0.004
      18043.554      19273.707    1758481.475          0.003
      18035.268      17483.606    2926255.574          0.003
      18605.760      17920.291    1154984.225          0.003
      17365.211      17877.330    1148589.118          0.004
      16331.797      18484.561    1577390.719          0.004
      19412.985      17231.656    5143911.839          0.002
      19428.798      18550.289   14021112.211          0.002
      19412.985      17231.656    5143911.839          0.002
      20391.403      17375.308    1132173.178          0.003
      22043.654      17794.125    1132173.178          0.003
      23084.285      18170.286    1241413.336          0.003
      21358.250      17467.779    1132173.178          0.002
      22726.105      17169.493    1126570.275          0.002
      25239.316      17596.444    1138356.532          0.003
      24707.597      18891.541    1170393.647          0.003
      25900.403      17322.381    1138356.532          0.004
      27146.669      17113.192     951448.399          0.004
      25311.235      17421.274    2458295.240          0.003
      26315.289      18257.577    1144982.678          0.003
      27146.669      17113.192     951448.399          0.004
      26688.512      17977.533    1144982.678          0.003
      29602.039      17444.604   90892258.103          0.001
      30550.119      17421.030   41294008.487          0.001
      29133.194      17824.212    1126483.039          0.002
      28323.576      18479.730    4164904.080          0.002
      29479.782      16782.420    1126483.039          0.002
      29239.630      15481.685    6507684.238          0.002
      30365.666      17582.843    1127551.537          0.002
      29313.239      18506.097    1138463.465          0.002
      31607.931      17648.930    1132828.594          0.002
      32443.996      18470.140    2545701.706          0.002
      31403.049      17447.688    1418934.971          0.002
      31233.452      18291.486    1146210.938          0.002
      33895.471      17688.735    1143277.137          0.004
      34497.844      18337.333     995125.281          0.004
      33915.206      17241.378    1143277.137          0.003
      35305.735      17403.945    1160257.640          0.003
      33426.988      17184.301    2338923.426          0.003
      32682.474      18158.190    1160171.136          0.003
      35763.336      17760.914    1160257.640          0.003
      36306.803      18296.775    1122719.002          0.004
      35164.395      17667.580    1160257.640          0.003
      34497.844      18337.333     995125.281          0.004
      37665.139      17222.128    3736034.485          0.002
      38271.649      17912.754    1197240.522          0.002
      37665.139      17222.128    3736034.485          0.002
      37687.484      18461.486    3832688.442          0.002
      39627.917      17166.792    1148581.302          0.002
      40691.110      17288.720    9353477.140          0.002
      40666.615      17427.406    1160148.358          0.002
      40461.387      18589.367   19562869.642          0.002
      43178.126      18099.243    1178746.099          0.004
      43652.334      18837.767    1435392.533          0.004
      42728.709      17399.328    2516834.502          0.003
      44019.013      17393.479    1184432.414          0.004
      42728.709      17399.328    2516834.502          0.003
      42624.000      18402.097    3125059.095          0.003
      43395.247      17755.728    1178746.099          0.004
      44469.272      18330.012    1831201.747          0.004
      45753.665      18023.825    1184432.414          0.004
      46473.931      18485.641    1381399.021          0.003
      45311.021      17381.619    1184432.414          0.004
      46710.852      17359.873    1178933.404          0.003
      46761.555      17359.086    1817692.948          0.003
      47234.858      17916.427    1228405.443          0.003
      46674.405      17700.429    1178933.404          0.003
      46473.931      18485.641    1381399.021          0.003
      48138.782      17546.304    1174459.127          0.002
      49393.380      18167.579    1214866.273          0.002
      47812.513      17384.736   33412502.159          0.002
      49133.516      17273.089    1163644.899          0.002
      49723.352      17232.746    1163644.899          0.002
      50809.482      17219.225   15713772.029          0.002
      51435.448      17235.977    1167994.684          0.002
      52580.453      17266.620   13522466.851          0.002
      50800.633      17244.404    1167994.684          0.002
      50411.999      18350.195   12248499.858          0.002
      52619.796      17677.926    1186515.034          0.003
      52701.361      18530.637   11582652.164          0.003
      55061.798      17213.942    1207253.016          0.004
      56461.360      17178.925    1216276.230          0.003
      54699.506      17280.680    1207253.016          0.004
      54588.278      18518.016    7659146.059          0.003
      56540.314      17176.950    2713589.675          0.003
      57579.297      17752.370    1257632.133          0.003
      56617.101      17695.070    1216276.230          0.004
      56749.718      18589.900    1512313.605          0.004
      56085.412      17489.472    1216276.230          0.004
      54931.489      18282.227    1272662.148          0.004
      59840.555      18585.373    1218374.226          0.004
      60277.931      19135.000    1577851.489          0.004
      59980.232      17784.987    1218374.226          0.004
      60811.963      18173.202    1697553.269          0.004
      58478.579      17395.503    1218374.226          0.003
      57798.539      17873.792    7977488.839          0.003
      62937.444      17264.825    2500647.913          0.003
      62699.758      18295.111    1209759.359          0.004
      62937.444      17264.825    2500647.913          0.003
      64031.770      17216.860    1176833.692          0.004
      62188.409      17584.944    1200553.009          0.004
      60901.049      18135.129    1241684.947          0.004
      64812.466      17182.642    1088213.522          0.003
      64155.101      17994.694    1183629.949          0.003
      64812.466      17182.642    1088213.522          0.003
      65507.396      17325.012    1162900.493          0.002
      65604.778      17344.962    7570765.772          0.002
      64822.529      18298.762    1164274.517          0.002
      68066.731      17344.846    5674583.180          0.002
      68485.634      18236.428    1060010.776          0.003
      68414.278      17396.203    1122413.389          0.002
      69657.154      17579.860    1602039.560          0.003
      68066.731      17344.846    5674583.180          0.002
      67187.199      17894.159    1127328.606          0.002
      69657.154      17579.860    1602039.560          0.003
      70457.892      18230.693    1048163.745          0.002
      72254.400      17446.996    1038137.040          0.002
      73074.467      18484.211    1914852.471          0.002
      71818.465      17639.094    1038137.040          0.002
      70867.632      18563.727    2338313.391          0.002
      72850.759      17658.545    1022929.639          0.002
      73074.467      18484.211    1914852.471          0.002
      74053.449      17444.438     997938.443          0.001
      74720.699      18355.436    3448611.752          0.002
      78243.734      17294.459     923429.743          0.000
      78920.472      18433.339    4228559.997          0.001
      77320.724      17889.899     923429.743          0.001
      76733.823      18419.409    1046090.219          0.002
      79743.022      17605.553     903079.612          0.000
      78920.472      18433.339    4228559.997          0.001
       1506.719      18221.192     893551.584          0.002
       2214.865      18152.500     664336.336          0.002
        537.764      18589.860     893551.584          0.001
       1831.396      19125.131     907132.158          0.001
       2214.865      18152.500     664336.336          0.002
       3073.924      18178.152     932017.217          0.001
       6116.802      19411.356     954503.376          0.002
       6277.416      20206.980    1584141.337          0.002
       5551.659      18988.018     954503.376          0.001
       5273.471      19636.713    1405245.952          0.002
      10500.978      18884.828    1041280.049          0.002
      10154.504      19523.765    1356249.966          0.002
      13409.167      18809.643    1085858.206          0.002
      14022.824      19459.082    1491984.405          0.003
      13163.576      18549.731   10272407.767          0.002
      12469.702      19230.051    1070325.356          0.002
      14967.900      18361.346    1409930.333          0.003
      15012.264      19459.517    1140226.994          0.003
      15447.537      18676.721    1124730.679          0.004
      16391.868      19297.645    1374057.363          0.004
      14967.900      18361.346    1409930.333          0.003
      14472.412      18936.871    1107726.653          0.004
      15408.728      18401.170    1124730.679          0.004
      16331.797      18484.561    1577390.719          0.004
      16547.772      18584.128    1145583.906          0.004
      17819.168      19170.261    1169013.062          0.004
      16331.797      18484.561    1577390.719          0.004
      16391.868      19297.645    1374057.363          0.004
      19428.798      18550.289   14021112.211          0.002
      20745.823      18505.001    1147318.667          0.003
      19633.636      18784.270    1154984.225          0.003
      20295.125      19539.871    6916473.857          0.003
      21869.469      18404.578    1147318.667          0.002
      23084.285      18170.286    1241413.336          0.003
      22843.980      18613.603    1139894.856          0.003
      22371.623      19485.009    1329118.019          0.003
      23084.285      18170.286    1241413.336          0.003
      23958.807      18540.462    1148443.995          0.002
      23043.547      19131.221    1148443.995          0.003
      22371.623      19485.009    1329118.019          0.003
      26471.224      18387.459    2614117.787          0.003
      26441.173      19143.044    1785524.611          0.003
      26471.224      18387.459    2614117.787          0.003
      27361.436      18431.803    1138324.780          0.003
      26086.877      18599.601    1144982.678          0.003
      24861.186      19276.123    1170393.647          0.003
      28323.576      18479.730    4164904.080          0.002
      28113.636      19442.006   50639931.046          0.002
      29981.483      19096.576    1138463.465          0.002
      30567.124      19482.547    1210093.838          0.003
      29620.223      18559.731    1138463.465          0.002
      31015.851      18449.175    1146210.938          0.002
      33780.817      18383.698    1160171.136          0.004
      34497.844      18337.333     995125.281          0.004
      32443.996      18470.140    2545701.706          0.002
      32640.890      19243.067   30898213.884          0.002
      34497.844      18337.333     995125.281          0.004
      34239.996      19444.180    2836548.028          0.003
      34608.157      18346.449    1181250.387          0.004
      35532.009      18422.799    1697075.385          0.004
      35508.411      19132.919    1192117.471          0.004
      35462.070      20527.440    1517396.111          0.004
      35632.359      18510.469    1192117.471          0.004
      36650.014      19399.542    1197390.950          0.004
      35532.009      18422.799    1697075.385          0.004
      36306.803      18296.775    1122719.002          0.004
      35532.009      18422.799    1697075.385          0.004
      34743.044      19046.503    1213340.879          0.003
      36338.560      18398.812    1191548.883          0.004
      36650.014      19399.542    1197390.950          0.004
      36306.803      18296.775    1122719.002          0.004
      37012.849      18381.004    1199435.196          0.003
      37505.045      19144.592    1199435.196          0.003
      37227.540      20183.657    4975972.137          0.003
      37687.484      18461.486    3832688.442          0.002
      38329.110      19360.536    1254774.563          0.002
      39233.856      18449.958    1197240.522          0.002
      40461.387      18589.367   19562869.642          0.002
      39793.920      18924.502    1197240.522          0.003
      40546.871      19290.071    6572817.740          0.002
      41774.551      18475.654    1215842.688          0.003
      42624.000      18402.097    3125059.095          0.003
      42611.669      18455.703    1225137.184          0.003
      42366.206      19522.805    9599542.499          0.003
      44521.019      18560.951    1230532.120          0.004
      44680.669      19273.438    2484898.630          0.004
      44812.950      18356.693    1230532.120          0.004
      46208.750      18465.054    1236086.123          0.003
      44469.272      18330.012    1831201.747          0.004
      43652.334      18837.767    1435392.533          0.004
      45599.908      18869.608    1236086.123          0.004
      44680.669      19273.438    2484898.630          0.004
      46473.931      18485.641    1381399.021          0.003
      46574.514      19226.686    5040166.583          0.003
      48483.215      18844.728    1228405.443          0.003
      49737.717      19466.197    1288778.765          0.002
      47690.645      18451.194    1228405.443          0.002
      49084.551      18320.714    1214866.273          0.002
      49604.360      18272.056   16267825.907          0.002
      50411.999      18350.195   12248499.858          0.002
      51838.071      18462.595    1222405.442          0.003
      52701.361      18530.637   11582652.164          0.003
      50231.487      18650.259    1222405.442          0.002
      49739.965      19467.311   14057400.709          0.002
      53593.908      18524.667    1253859.756          0.003
      54588.278      18518.016    7659146.059          0.003
      52669.849      18565.456    1253859.756          0.003
      51730.414      19603.465    1309113.677          0.003
      55642.733      18553.085    1272662.148          0.004
      56749.718      18589.900    1512313.605          0.004
      54588.278      18518.016    7659146.059          0.003
      53322.827      18973.672    1290161.605          0.003
      56383.421      18715.260    1285123.173          0.004
      55058.844      19168.575    1309354.583          0.004
      56749.718      18589.900    1512313.605          0.004
      56914.629      19444.123    2938346.948          0.004
      56749.718      18589.900    1512313.605          0.004
      57589.427      19238.501    4378881.811          0.004
      60811.963      18173.202    1697553.269          0.004
      61813.465      18360.419    1209759.359          0.004
      60808.559      18179.332    1241684.947          0.004
      60277.931      19135.000    1577851.489          0.004
      62648.673      18516.549    2087762.429          0.003
      63524.611      18913.503    1142226.029          0.004
      62648.673      18516.549    2087762.429          0.003
      63580.653      18275.181    1183629.949          0.003
      62648.673      18516.549    2087762.429          0.003
      62156.242      19236.998    1217932.896          0.003
      64020.193      18161.347    4750948.783          0.002
      64624.115      19237.776    1142226.029          0.003
      64742.501      18396.340    7753947.273          0.002
      66010.102      18251.113    1127328.606          0.002
      64742.501      18396.340    7753947.273          0.002
      64755.015      19471.093    2467823.068          0.002
      66751.701      18166.149   12632996.747          0.002
      67362.597      19078.971    1074444.967          0.002
      71103.190      18555.239    1048163.745          0.002
      72502.282      18504.828    1011650.977          0.003
      70867.632      18563.727    2338313.391          0.002
      69685.242      18914.416    1060010.776          0.003
      73254.535      18696.493    1011650.977          0.002
      74015.177      19593.212     551264.577          0.003
      73074.467      18484.211    1914852.471          0.002
      72954.668      19480.498    1312866.420          0.002
      73074.467      18484.211    1914852.471          0.002
      74202.289      18395.988     981314.991          0.002
      73074.467      18484.211    1914852.471          0.002
      71888.803      18944.416    1029071.266          0.002
      74790.493      18930.617     981314.991          0.002
      74941.485      20174.973    2097958.906          0.002
      75663.007      18767.453     981314.991          0.003
      76943.142      19327.183    1635367.145          0.002
      74399.590      18918.793     981314.991          0.002
      74015.177      19593.212     551264.577          0.003
      75125.221      18368.291     981314.991          0.002
      76524.515      18412.757     945910.202          0.002
      76733.823      18419.409    1046090.219          0.002
      77766.369      18425.987     910314.692          0.002
      76733.823      18419.409    1046090.219          0.002
      76943.142      19327.183    1635367.145          0.002
      78920.472      18433.339    4228559.997          0.001
      79765.947      19180.828     901418.572          0.000
      78919.863      18438.273     910314.692          0.001
      78791.432      19478.127    2038354.775          0.001
       2098.860      20106.942     907132.158          0.001
       2087.556      21368.026    5228532.064          0.001
       1797.010      19410.859     907132.158          0.001
        572.891      20090.221     899418.512          0.001
       3211.352      19374.748     907132.158          0.001
       4005.240      19472.287    1367480.445          0.001
       4112.596      19486.206     933656.832          0.002
       5273.471      19636.713    1405245.952          0.002
       3920.970      19560.285     933656.832          0.002
       3063.424      20455.762     931944.916          0.002
       4963.424      20138.296     952374.574          0.003
       4286.276      21233.760    2168879.890          0.002
       4998.886      19749.189     952374.574          0.002
       4012.498      20153.235     422597.253          0.003
       5273.471      19636.713    1405245.952          0.002
       6277.416      20206.980    1584141.337          0.002
       8230.886      19421.673     975720.234          0.002
       8933.038      19432.861     660960.027          0.002
       8933.038      19432.861     660960.027          0.002
       9151.448      20574.818    1036513.962          0.002
       9054.145      19441.874    1005872.187          0.003
      10154.504      19523.765    1356249.966          0.002
      10123.484      19875.577    1030892.994          0.003
      10000.518      21270.166    1078057.984          0.002
      10247.731      19583.502    1030892.994          0.002
      11259.337      20231.711    1332988.870          0.003
      10154.504      19523.765    1356249.966          0.002
       9480.119      20298.266    1036513.962          0.002
      11807.972      19784.250    1070325.356          0.002
      11259.337      20231.711    1332988.870          0.003
      14110.242      19524.280    1107726.653          0.003
      15042.983      20219.929    4467193.355          0.003
      14022.824      19459.082    1491984.405          0.003
      13597.591      20163.851    1114463.567          0.002
      16391.868      19297.645    1374057.363          0.004
      16328.532      20482.098    1175349.899          0.003
      16647.212      19293.944    1152988.354          0.004
      18043.554      19273.707    1758481.475          0.003
      18043.554      19273.707    1758481.475          0.003
      16984.567      20095.070    1175349.899          0.004
      18043.554      19273.707    1758481.475          0.003
      18322.948      20221.491    7731872.049          0.003
      20565.009      19820.254    1178379.044          0.003
      21167.550      20446.236    1485090.789          0.004
      19378.049      19856.829    1178379.044          0.004
      18322.948      20221.491    7731872.049          0.003
      22371.623      19485.009    1329118.019          0.003
      23164.893      20257.022    1203473.432          0.002
      21926.083      19840.690    1173713.207          0.004
      21167.550      20446.236    1485090.789          0.004
      24638.417      19750.279    1170393.647          0.003
      25243.254      20596.634    2228967.205          0.003
      24840.164      19430.004    1170393.647          0.003
      26218.204      19183.008    1154473.362          0.003
      24458.433      19498.424    2862133.351          0.002
      23485.365      20281.597    1203473.432          0.002
      26441.173      19143.044    1785524.611          0.003
      26958.756      19847.297    1201765.301          0.003
      26057.148      19609.031    1154473.362          0.004
      25243.254      20596.634    2228967.205          0.003
      28766.366      19698.935    1156521.757          0.002
      30069.079      20211.711    1196368.485          0.002
      31281.153      19943.890    1168210.061          0.004
      32330.231      20621.712    1480607.900          0.003
      30567.124      19482.547    1210093.838          0.003
      31856.020      19333.704    1182263.400          0.003
      30567.124      19482.547    1210093.838          0.003
      30239.536      20197.671    1196368.485          0.002
      34878.213      20009.903    1213340.879          0.004
      35462.070      20527.440    1517396.111          0.004
      34250.281      19620.212    1213340.879          0.003
      34331.942      21017.829    1313968.477          0.003
      34239.996      19444.180    2836548.028          0.003
      33751.128      20081.982    1250116.622          0.003
      36650.014      19399.542    1197390.950          0.004
      37102.869      20014.391    1277842.765          0.003
      36449.582      19589.843    1235950.250          0.004
      35462.070      20527.440    1517396.111          0.004
      39360.143      19474.353    1254774.563          0.003
      40546.871      19290.071    6572817.740          0.002
      40401.392      19370.960    1254242.173          0.002
      39177.813      20051.293    1299637.434          0.003
      41387.288      19397.579    1254242.173          0.003
      42366.206      19522.805    9599542.499          0.003
      41956.903      19705.227    1286650.904          0.003
      40678.158      20275.150    1318656.196          0.003
      42763.298      19311.300    1286650.904          0.003
      43652.334      18837.767    1435392.533          0.004
      44680.669      19273.438    2484898.630          0.004
      43740.397      18875.076    1256441.138          0.004
      44516.135      20297.885    1284603.946          0.005
      44372.115      21194.604    2027415.196          0.004
      44680.669      19273.438    2484898.630          0.004
      45622.553      19989.434    1373488.967          0.004
      44587.569      19342.050    1284603.946          0.004
      43671.732      20016.996    1306135.981          0.004
      46541.094      19729.013    1277598.726          0.003
      46480.385      20641.535    6440146.788          0.003
      46574.514      19226.686    5040166.583          0.003
      47379.705      19405.262    1286914.628          0.002
      48713.979      19999.508    1286914.628          0.004
      49723.057      20461.999   10344923.171          0.003
      47739.305      19427.217    1286914.628          0.003
      49139.024      19455.268    1288778.765          0.003
      50756.410      19910.628    1288778.765          0.003
      51553.426      20258.242    7081541.617          0.003
      50469.028      19524.069    1288778.765          0.003
      51714.515      19621.032    8541774.911          0.003
      51823.654      19574.591    1309113.677          0.003
      52757.342      19177.288    9629312.369          0.003
      52645.891      19277.356    1290161.605          0.003
      51604.174      20212.677    1349131.069          0.003
      53981.539      19228.250    1290161.605          0.004
      54786.554      19261.762    4284677.295          0.004
      55481.854      19321.344    1309354.583          0.004
      56876.742      19440.876    1314017.225          0.004
      54602.405      19511.703    1309354.583          0.004
      53771.978      20638.820    1379057.492          0.004
      56324.743      20503.371    1314017.225          0.005
      55897.366      21270.802    1867459.847          0.005
      56914.629      19444.123    2938346.948          0.004
      57612.391      20429.656    1330870.054          0.004
      56164.308      20052.082    1314017.225          0.005
      55535.002      20561.987     853712.511          0.005
      57589.427      19238.501    4378881.811          0.004
      57977.935      18555.785    1269957.039          0.004
      57589.427      19238.501    4378881.811          0.004
      57675.226      20518.405    5404986.815          0.003
      57589.427      19238.501    4378881.811          0.004
      58904.446      19167.610    1807751.973          0.004
      58904.446      19167.610    1807751.973          0.004
      60054.506      19140.305    1261558.429          0.004
      58904.446      19167.610    1807751.973          0.004
      58387.032      18505.057    1269957.039          0.004
      58904.446      19167.610    1807751.973          0.004
      59500.904      20170.491    1283068.725          0.004
      58637.645      19460.799    1285796.243          0.004
      57695.389      20496.247    1330870.054          0.003
      61935.795      19559.522    7124511.088          0.003
      61675.304      20930.907    1218315.422          0.002
      61414.257      19922.487    1217932.896          0.003
      60765.926      20373.692    3842650.840          0.003
      64755.015      19471.093    2467823.068          0.002
      65587.228      19380.900    1099868.847          0.002
      64603.511      19526.681    1142226.029          0.002
      63289.184      20008.911    1184658.323          0.003
      66607.041      19270.375   23857784.532          0.001
      66852.476      20462.477    1067530.841          0.001
      66250.189      19571.384    1099868.847          0.002
      65180.056      20474.055    1111472.105          0.002
      67775.849      19407.562    1074444.967          0.001
      68911.942      19143.772    5266770.386          0.002
      67608.506      19446.417   32693120.634          0.001
      66905.747      20589.332    1067530.841          0.001
      68911.942      19143.772    5266770.386          0.002
      68843.875      20119.116    1035992.908          0.001
      69130.801      19157.019    1060010.776          0.002
      70528.243      19241.604    1029071.266          0.002
      71084.792      19338.588    1029071.266          0.001
      71836.640      20519.572     996307.426          0.002
      71666.543      19340.524    1029071.266          0.002
      72954.668      19480.498    1312866.420          0.002
      73085.643      19494.419    1004086.673          0.002
      74015.177      19593.212     551264.577          0.003
      72954.668      19480.498    1312866.420          0.002
      72329.112      20344.230     996307.426          0.002
      74015.177      19593.212     551264.577          0.003
      74846.370      20115.237     974199.239          0.002
      76943.142      19327.183    1635367.145          0.002
      77193.663      20567.651     939105.241          0.002
      76943.142      19327.183    1635367.145          0.002
      77802.506      19397.365     918166.750          0.002
      76607.052      19469.532     947795.045          0.003
      75317.914      20015.539     974199.239          0.002
      78791.432      19478.127    2038354.775          0.001
      79543.037      20056.514     904525.790          0.001
      78791.432      19478.127    2038354.775          0.001
      78994.382      20579.401     681159.594          0.001
      78027.991      20024.397     918166.750          0.002
      77203.145      20614.603    1831819.583          0.002
       1010.153      20872.634     899418.512          0.001
       2087.556      21368.026    5228532.064          0.001
       3171.621      20421.273     936261.171          0.002
       4012.498      20153.235     422597.253          0.003
       3356.593      20642.281     936261.171          0.002
       4286.276      21233.760    2168879.890          0.002
       3063.424      20455.762     931944.916          0.002
       2806.050      21206.571    3515679.756          0.001
       3063.424      20455.762     931944.916          0.002
       2407.100      21069.309     930186.111          0.001
       4012.498      20153.235     422597.253          0.003
       4286.276      21233.760    2168879.890          0.002
       6233.923      20554.590     976641.482          0.002
       6103.923      21593.584    2335686.966          0.002
       6277.416      20206.980    1584141.337          0.002
       6885.493      20511.367    6557864.637          0.001
       5568.503      20572.548     976641.482          0.003
       4324.203      21214.202     969974.699          0.002
       7735.057      20565.797     992347.612          0.002
       9132.193      20655.308    1036513.962          0.002
       8850.796      20742.859    1036513.962          0.002
       7499.039      21107.212    1016131.687          0.002
      11321.069      20325.933    1065514.359          0.003
      11986.990      21342.320    1994681.872          0.003
      11213.697      20272.441    1065514.359          0.003
      10169.151      21204.603    1078057.984          0.003
      12661.478      20984.125    1114463.567          0.003
      11986.990      21342.320    1994681.872          0.003
      15042.983      20219.929    4467193.355          0.003
      15233.387      21225.290    5428336.183          0.003
      15595.138      20388.000    1140226.994          0.003
      16321.737      20609.170    3275507.907          0.003
      16321.737      20609.170    3275507.907          0.003
      16068.566      21951.059    1241429.159          0.003
      16671.399      20541.432    1175349.899          0.004
      18045.847      20275.172    1191027.910          0.003
      16855.068      21116.686    1175349.899          0.004
      17373.451      21609.977    1215902.036          0.004
      17825.277      20949.254    1191027.910          0.004
      17373.451      21609.977    1215902.036          0.004
      18764.364      20262.889    1191027.910          0.003
      20158.247      20393.613    1207226.638          0.003
      20858.922      20941.923    1207226.638          0.004
      21413.238      21627.671     862336.485          0.005
      20436.821      20419.739    4673340.083          0.003
      21167.550      20446.236    1485090.789          0.004
      19681.514      21093.864    1207226.638          0.004
      19087.748      21623.811    3428363.716          0.004
      21167.550      20446.236    1485090.789          0.004
      21997.495      20432.924    1203473.432          0.004
      21167.550      20446.236    1485090.789          0.004
      22247.935      20835.150    1240699.904          0.003
      21264.254      20911.255    1208880.218          0.004
      21413.238      21627.671     862336.485          0.005
      24222.325      20498.245    1203473.432          0.003
      25243.254      20596.634    2228967.205          0.003
      24871.803      21443.311    1206528.302          0.004
      24511.546      22264.472    2581784.059          0.003
      25243.254      20596.634    2228967.205          0.003
      25518.687      21189.024    2065433.960          0.003
      25243.254      20596.634    2228967.205          0.003
      23962.057      20999.716    1240699.904          0.003
      28361.827      20909.858    1201765.301          0.003
      29468.594      21297.126   12661482.782          0.002
      31528.125      20487.422    1196368.485          0.003
      32330.231      20621.712    1480607.900          0.003
      29961.768      20609.697    1196368.485          0.002
      29468.594      21297.126   12661482.782          0.002
      32330.231      20621.712    1480607.900          0.003
      33347.563      20514.730    1250116.622          0.002
      32730.814      20871.012    1240027.534          0.003
      33439.345      21311.962    1224798.700          0.003
      32330.231      20621.712    1480607.900          0.003
      31471.889      21379.179    1286820.725          0.003
      35462.070      20527.440    1517396.111          0.004
      36379.879      21381.235    1361072.538          0.004
      35462.070      20527.440    1517396.111          0.004
      36324.465      20359.509    1277842.765          0.004
      37517.722      20551.084    1277842.765          0.003
      38239.521      21465.019   14508020.522          0.003
      37227.540      20183.657    4975972.137          0.003
      38141.946      20291.105    1299637.434          0.003
      39837.617      20334.974    1299637.434          0.003
      40564.059      20326.002    4233382.133          0.003
      40531.226      20678.290    1318656.196          0.003
      40445.480      21598.324    7355365.178          0.003
      41419.113      20420.456    1318656.196          0.004
      42421.365      20531.169    5117865.981          0.003
      43594.619      20930.184    1354105.514          0.004
      44372.115      21194.604    2027415.196          0.004
      42686.109      20422.302    1354105.514          0.003
      43671.732      20016.996    1306135.981          0.004
      42365.579      20584.766    1354105.514          0.003
      41590.388      21329.532    1319114.361          0.004
      46536.263      20828.397    1373488.967          0.003
      46789.269      21674.484    3014238.244          0.003
      46480.385      20641.535    6440146.788          0.003
      47424.777      21324.632    7275625.489          0.003
      48813.425      22393.377    1357300.574          0.004
      48378.283      23317.291    4081236.507          0.003
      49943.840      20437.421    1357300.574          0.003
      51335.245      20282.530    1349131.069          0.003
      48786.894      20813.377    1357300.574          0.003
      47476.179      21305.339    1423640.277          0.003
      51009.334      21015.616    1357300.574          0.004
      51767.357      21341.871    3464508.189          0.004
      52989.050      20521.123    1349131.069          0.004
      53755.315      20661.436    5950506.307          0.004
      54819.810      20601.952    1379057.492          0.004
      55535.002      20561.987     853712.511          0.005
      53501.345      20748.364    1379057.492          0.004
      52176.786      21201.733    1421605.723          0.004
      55410.434      20634.595    1365094.360          0.005
      54200.902      21339.598    1425618.467          0.004
      55535.002      20561.987     853712.511          0.005
      55897.366      21270.802    1867459.847          0.005
      57675.226      20518.405    5404986.815          0.003
      57622.262      21617.230    3367014.822          0.004
      57675.226      20518.405    5404986.815          0.003
      58905.719      20312.777    1283068.725          0.004
      59524.071      20209.444    1777665.673          0.004
      59641.232      20920.505    1285375.137          0.003
      59524.071      20209.444    1777665.673          0.004
      60272.245      19143.104    1261558.429          0.004
      60713.651      20429.155    1246306.247          0.003
      59753.420      21447.956    1285375.137          0.003
      60566.513      19867.516    1246306.247          0.003
      60277.931      19135.000    1577851.489          0.004
      62757.415      20204.019   13149045.710          0.002
      62615.189      21592.956    1200029.097          0.002
      62757.415      20204.019   13149045.710          0.002
      63417.321      21033.898    1145563.389          0.002
      62566.330      20401.175    1184658.323          0.002
      61591.981      21406.482    1218315.422          0.002
      64988.774      20635.404   18803793.676          0.002
      64929.548      21236.463   69390788.959          0.001
      64961.581      20656.499    1111472.105          0.002
      63855.401      21514.617    1145563.389          0.002
      69644.328      20987.378    1035992.908          0.002
      70648.832      21654.586    1493972.981          0.002
      67999.356      20890.234    1035992.908          0.002
      66855.052      21515.847    4914643.791          0.002
      70829.103      20894.785    1010119.047          0.001
      70648.832      21654.586    1493972.981          0.002
      71059.854      20436.275    1010119.047          0.001
      72007.615      20788.134    1349078.113          0.001
      75256.696      20236.245     974199.239          0.002
      76630.973      20503.382     939105.241          0.003
      74941.485      20174.973    2097958.906          0.002
      75056.757      21025.675     952195.807          0.002
      77203.145      20614.603    1831819.583          0.002
      76605.115      21329.625     928600.344          0.002
      77203.145      20614.603    1831819.583          0.002
      77195.374      21548.038     921642.272          0.001
      77203.145      20614.603    1831819.583          0.002
      78318.230      20592.689     914731.881          0.002
      77203.145      20614.603    1831819.583          0.002
      75876.440      20970.882     952195.807          0.002
      78994.382      20579.401     681159.594          0.001
      79015.424      21209.282    3761577.630          0.001
      79836.594      20541.122     904525.790          0.000
      79015.424      21209.282    3761577.630          0.001
       2087.556      21368.026    5228532.064          0.001
       2180.226      22447.220    5720576.387          0.001
       2087.556      21368.026    5228532.064          0.001
       1021.699      21919.935     903808.030          0.001
       2972.368      21384.978     941441.961          0.002
       3797.509      22270.095    2784409.552          0.002
       2806.050      21206.571    3515679.756          0.001
       2290.032      22229.538     942863.127          0.001
       4617.710      21678.414     969974.699          0.003
       5297.307      22590.165     608364.907          0.004
       4644.307      21304.637     969974.699          0.003
       6017.656      21576.506    1012493.330          0.002
       4286.276      21233.760    2168879.890          0.002
       3880.288      22094.577     977581.925          0.002
       6104.680      21603.701    1012493.330          0.002
       6209.203      22999.794    1042174.135          0.002
       6841.681      21958.107    1012493.330          0.003
       8096.830      22578.270    1083263.531          0.003
       6103.923      21593.584    2335686.966          0.002
       6879.196      21300.085    1016131.687          0.002
       5993.355      21730.190    1012493.330          0.002
       5297.307      22590.165     608364.907          0.004
       7678.543      21973.652    1016131.687          0.003
       8140.158      22599.679    1371248.655          0.003
       8252.547      21461.322    1016131.687          0.003
       9153.272      21660.065    1450706.689          0.002
       9153.272      21660.065    1450706.689          0.002
       9103.968      22818.777    1105753.141          0.003
       9153.272      21660.065    1450706.689          0.002
       9992.391      21362.346    2277918.854          0.002
       9378.118      21793.158    1074513.021          0.003
      10236.230      22301.097    1745971.247          0.004
       9134.583      21677.399    1074513.021          0.003
       8140.158      22599.679    1371248.655          0.003
      10043.897      21560.640    1078057.984          0.003
      10236.230      22301.097    1745971.247          0.004
      10613.969      21356.105    1078057.984          0.003
      11986.990      21342.320    1994681.872          0.003
      12034.486      21511.881    1115787.225          0.003
      12269.807      22351.985    1617111.645          0.003
      11432.836      21645.794    1115787.225          0.004
      10236.230      22301.097    1745971.247          0.004
      15488.882      21565.109    1174299.746          0.003
      16010.492      22258.873    6742293.433          0.003
      15233.387      21225.290    5428336.183          0.003
      14362.638      22017.505    1199405.906          0.003
      17373.451      21609.977    1215902.036          0.004
      17274.496      22660.734    1178381.059          0.004
      17662.701      21612.311    1236282.800          0.005
      19062.656      21623.608    1260278.034          0.004
      19087.748      21623.811    3428363.716          0.004
      19207.103      22920.669    1363375.986          0.004
      19925.646      21934.293    1260278.034          0.005
      21060.990      22354.992     996871.644          0.005
      18549.353      21931.697    1260278.034          0.004
      17334.037      22626.685    1289157.353          0.004
      21413.238      21627.671     862336.485          0.005
      22030.099      22546.300    2316681.961          0.004
      21386.643      21682.584    1272529.263          0.005
      21060.990      22354.992     996871.644          0.005
      25736.023      21632.500    1235248.231          0.004
      26247.838      22676.865   10950592.888          0.003
      25518.687      21189.024    2065433.960          0.003
      26327.769      21193.385    1233292.356          0.003
      25002.561      21740.155    1235248.231          0.004
      24511.546      22264.472    2581784.059          0.003
      28033.814      21233.375    1233292.356          0.003
      29432.434      21295.520    1249082.825          0.002
      29630.706      21324.290    1249082.825          0.002
      31011.456      21555.651    1286820.725          0.002
      28474.059      21849.231    1249082.825          0.003
      27534.383      22370.880    5261859.075          0.003
      32696.873      21406.197    1286820.725          0.004
      33439.345      21311.962    1224798.700          0.003
      30403.953      21905.574    1286820.725          0.003
      29354.359      22303.420    9626241.272          0.003
      33439.345      21311.962    1224798.700          0.003
      32330.588      22017.766    1373770.452          0.003
      33450.585      21521.256    1299817.260          0.003
      33495.318      22354.235    1534188.247          0.004
      33439.345      21311.962    1224798.700          0.003
      34348.746      21305.429   17180441.707          0.003
      35663.977      21354.516    1313968.477          0.004
      36379.879      21381.235    1361072.538          0.004
      36379.879      21381.235    1361072.538          0.004
      37506.980      21432.015    1377278.411          0.003
      36379.879      21381.235    1361072.538          0.004
      36352.044      22194.773    5836578.989          0.003
      39271.461      21527.379    1377278.411          0.003
      40445.480      21598.324    7355365.178          0.003
      37094.499      21907.718    1377278.411          0.004
      36352.044      22194.773    5836578.989          0.003
      40598.021      21562.512    1414998.364          0.003
      41590.388      21329.532    1319114.361          0.004
      40313.155      21741.860    1414998.364          0.003
      39623.284      22490.175    5322906.649          0.003
      41607.041      21761.589    1406506.284          0.004
      41638.859      22587.085    1583246.133          0.004
      41590.388      21329.532    1319114.361          0.004
      42314.707      21183.248    2611733.678          0.004
      42558.264      21496.165    1402133.386          0.004
      43418.173      22600.953    1511702.578          0.004
      42132.410      21561.905    1402133.386          0.004
      41638.859      22587.085    1583246.133          0.004
      43024.083      21187.163    1402133.386          0.004
      44372.115      21194.604    2027415.196          0.004
      44372.115      21194.604    2027415.196          0.004
      43846.006      20310.016    1325936.502          0.004
      44372.115      21194.604    2027415.196          0.004
      44470.450      22384.620    1502590.942          0.004
      44372.115      21194.604    2027415.196          0.004
      43625.360      22341.611    1511702.578          0.004
      44372.115      21194.604    2027415.196          0.004
      45356.635      21390.062    1451349.489          0.005
      46789.269      21674.484    3014238.244          0.003
      46661.857      22517.165    2322368.880          0.003
      45613.881      22073.539    1451349.489          0.004
      44476.649      22459.640    1886266.459          0.004
      47883.468      22283.215    1423640.277          0.004
      48378.283      23317.291    4081236.507          0.003
      47176.469      21712.766    1423640.277          0.003
      46661.857      22517.165    2322368.880          0.003
      53087.501      21466.394    1421605.723          0.005
      53858.583      21539.127    2681044.346          0.004
      51767.357      21341.871    3464508.189          0.004
      51888.059      22391.101    3788825.572          0.003
      51363.356      21742.386    1421605.723          0.004
      50534.949      22563.644    1132252.225          0.005
      53858.583      21539.127    2681044.346          0.004
      54292.725      22598.753    1469495.012          0.005
      53858.583      21539.127    2681044.346          0.004
      53387.122      22408.412    1492586.655          0.004
      53858.583      21539.127    2681044.346          0.004
      53106.104      21864.468    1479560.520          0.005
      54216.686      21772.226    1425618.467          0.004
      55390.010      22535.975    1440211.927          0.005
      54274.805      21484.348    1425618.467          0.004
      55662.836      21301.669    1387786.633          0.005
      55897.366      21270.802    1867459.847          0.005
      56672.733      21426.527    1357379.341          0.004
      55891.947      21290.275    1387786.633          0.005
      55521.468      22621.545    2114809.050          0.005
      57622.262      21617.230    3367014.822          0.004
      58461.155      22084.740    1332560.536          0.004
      57622.262      21617.230    3367014.822          0.004
      57777.097      22443.681    2072377.996          0.004
      56292.035      22253.164    1357379.341          0.005
      55521.468      22621.545    2114809.050          0.005
      59731.902      21470.787   13437533.143          0.002
      60273.416      22118.204    1274313.324          0.003
      59393.360      21813.600    1285375.137          0.003
      58889.730      22323.582    1431376.556          0.004
      61342.288      21654.490    1218315.422          0.002
      60546.089      22444.203   13200548.973          0.002
      64448.707      22081.760    1145563.389          0.002
      64992.023      22549.383    1527753.943          0.002
      65333.572      21295.085    1110467.747          0.002
      66719.064      21496.116    1073184.566          0.002
      66375.563      22504.488    1073184.566          0.003
      65987.542      23304.536    1754792.452          0.003
      67536.226      21551.562    1073184.566          0.002
      68934.306      21624.864    1036878.786          0.002
      65765.026      22120.551    1073184.566          0.003
      64992.023      22549.383    1527753.943          0.002
      68935.419      21624.922    1505757.043          0.002
      68981.267      22663.899    1359150.756          0.002
      68506.009      21824.321    1036878.786          0.002
      67606.939      22241.808    1095702.212          0.003
      68935.419      21624.922    1505757.043          0.002
      70264.945      21647.940    1007376.759          0.002
      70648.832      21654.586    1493972.981          0.002
      70769.959      22321.487     726062.535          0.002
      69981.883      22058.265    1007376.759          0.002
      68981.267      22663.899    1359150.756          0.002
      72844.850      21098.961     974800.093          0.001
      72007.615      20788.134    1349078.113          0.001
      73067.466      21181.608  163178559.052          0.001
      73087.182      22502.937   63313978.343          0.001
      73923.961      21183.138     974800.093          0.001
      75078.373      21185.199    1723329.799          0.001
      75078.373      21185.199    1723329.799          0.001
      76031.083      21787.461     928600.344          0.001
      77194.797      21617.254     741357.084          0.001
      77892.919      22015.845     897421.437          0.001
      77194.797      21617.254     741357.084          0.001
      78278.702      21374.369     908403.633          0.001
      77194.797      21617.254     741357.084          0.001
      76201.374      21855.623     928600.344          0.001
      79015.424      21209.282    3761577.630          0.001
      79759.505      22146.168     892597.874          0.000
      79015.424      21209.282    3761577.630          0.001
      78795.973      22319.580     897421.437          0.000
        175.822      22689.661     903808.030          0.000
        830.802      23586.258    2104445.001          0.001
       2446.267      22999.621     942863.127          0.002
       3053.738      24260.961     953531.742          0.001
       2180.226      22447.220    5720576.387          0.001
       1124.411      23338.425     921226.603          0.001
       2127.687      22611.712     942863.127          0.001
       1823.728      23563.348     475185.078          0.002
       3797.509      22270.095    2784409.552          0.002
       3375.706      23588.365     953531.742          0.002
       3817.642      22331.439     977581.925          0.002
       4233.938      23599.819    2174695.180          0.002
       5297.307      22590.165     608364.907          0.004
       6000.657      23202.942    1042174.135          0.002
       5297.307      22590.165     608364.907          0.004
       4752.696      23107.265     993133.395          0.003
       8140.158      22599.679    1371248.655          0.003
       8780.512      23285.020    1105753.141          0.003
       8140.158      22599.679    1371248.655          0.003
       7038.467      23070.362    1042174.135          0.003
      10236.230      22301.097    1745971.247          0.004
      10193.180      23188.256    1116594.430          0.004
      10281.406      22346.712    1121480.846          0.004
      11266.556      23341.437    1166189.136          0.004
      10816.065      22315.607    1121480.846          0.004
      12215.627      22350.629    1165837.534          0.003
      12763.168      22578.407    1165837.534          0.004
      14035.568      23162.359    1242179.526          0.003
      12269.807      22351.985    1617111.645          0.003
      13164.553      22315.463    1199405.906          0.003
      12269.807      22351.985    1617111.645          0.003
      12173.333      23146.694    1184865.533          0.003
      12269.807      22351.985    1617111.645          0.003
      11480.676      23284.779    1166189.136          0.004
      16474.609      22760.030    1241429.159          0.004
      17054.058      23385.725    2040655.291          0.004
      16131.965      23033.564    1241429.159          0.004
      16326.704      24275.496    1699065.735          0.004
      15936.220      22305.806    1241429.159          0.003
      14752.714      23053.678    1242179.526          0.003
      17274.496      22660.734    1178381.059          0.004
      18346.761      23168.938    1363375.986          0.004
      17274.496      22660.734    1178381.059          0.004
      17061.158      23362.375    1311449.948          0.004
      21060.990      22354.992     996871.644          0.005
      21063.362      23393.025    1887556.530          0.004
      21060.990      22354.992     996871.644          0.005
      20286.375      22896.401    1363375.986          0.004
      21060.990      22354.992     996871.644          0.005
      21758.925      22492.769    1337734.766          0.004
      22233.607      22685.694    1337734.766          0.004
      23184.200      23336.810    8585119.563          0.003
      21752.628      22789.325    1337734.766          0.004
      21063.362      23393.025    1887556.530          0.004
      24865.605      22823.428    1318498.029          0.004
      25356.970      23599.152    2343973.841          0.003
      24511.546      22264.472    2581784.059          0.003
      25631.252      22530.417    1353288.495          0.003
      24051.240      22636.344    1318498.029          0.004
      23184.200      23336.810    8585119.563          0.003
      26823.557      22932.085    1353288.495          0.003
      27587.144      23270.590    2706232.060          0.003
      26247.838      22676.865   10950592.888          0.003
      27399.282      22403.012    1327807.097          0.003
      27597.895      22368.526    1327807.097          0.003
      28996.935      22316.669    1328708.965          0.003
      28293.755      22822.285    1327807.097          0.003
      29195.751      23358.471    7209134.418          0.003
      29594.740      22572.211    1328708.965          0.003
      30230.889      23283.544    4370631.921          0.003
      32784.726      22422.710    1373770.452          0.004
      33495.318      22354.235    1534188.247          0.004
      31114.447      22770.410    1373770.452          0.003
      30230.889      23283.544    4370631.921          0.003
      33465.395      22803.780    1386003.526          0.004
      33417.521      23522.990    2166454.507          0.004
      33526.911      22357.959    1386003.526          0.004
      34390.137      22459.717    3048941.908          0.003
      34736.208      22412.982    1410782.453          0.003
      36123.614      22225.621    1414170.563          0.004
      34214.260      22651.987    1410782.453          0.003
      33417.521      23522.990    2166454.507          0.004
      35817.433      23480.779    1414170.563          0.005
      35445.478      24375.518    1583144.330          0.004
      36466.973      23004.775    1414170.563          0.004
      36643.290      24247.424    2172153.593          0.004
      36944.476      22845.828    1414170.563          0.004
      37633.722      23603.276    2058028.540          0.004
      35265.856      23065.741    1414170.563          0.005
      34654.443      23556.007     762045.358          0.004
      39617.782      23768.133    1478274.156          0.004
      39613.824      24687.512    1293374.704          0.004
      39110.528      23543.282    1478274.156          0.004
      38695.652      24395.362    1449173.814          0.005
      39994.339      22827.084    1478274.156          0.004
      40645.838      23418.628    1842059.968          0.004
      38610.212      23056.959    1478274.156          0.004
      37633.722      23603.276    2058028.540          0.004
      41638.859      22587.085    1583246.133          0.004
      42191.214      23353.024    1554973.749          0.004
      41638.859      22587.085    1583246.133          0.004
      42909.631      22615.811    1511702.578          0.004
      41638.859      22587.085    1583246.133          0.004
      40645.838      23418.628    1842059.968          0.004
      43439.052      22627.779    3247868.616          0.004
      42633.429      23495.629    1554973.749          0.004
      43439.052      22627.779    3247868.616          0.004
      44476.649      22459.640    1886266.459          0.004
      43439.052      22627.779    3247868.616          0.004
      44084.205      23167.268    1538968.092          0.004
      44476.649      22459.640    1886266.459          0.004
      44376.956      23296.438    1538968.092          0.004
      44476.649      22459.640    1886266.459          0.004
      45588.437      22488.907    1501669.774          0.004
      46866.546      22612.583    1501669.774          0.003
      48135.450      23204.092    1522160.703          0.003
      50534.949      22563.644    1132252.225          0.005
      50531.526      23264.699    1511921.427          0.003
      50534.949      22563.644    1132252.225          0.005
      51641.487      22422.543    1479560.520          0.004
      50534.949      22563.644    1132252.225          0.005
      49381.777      22966.620    1522160.703          0.004
      51888.059      22391.101    3788825.572          0.003
      50907.405      23113.090    1511921.427          0.004
      51997.873      22495.358    1479560.520          0.004
      52883.798      23336.449    3157018.853          0.003
      55521.468      22621.545    2114809.050          0.005
      56363.963      23228.316    1424613.236          0.005
      55521.468      22621.545    2114809.050          0.005
      56522.643      22542.599    1374175.195          0.005
      55521.468      22621.545    2114809.050          0.005
      54766.556      23181.138    1469495.012          0.004
      57637.858      22588.886    1374175.195          0.004
      56754.788      23509.791    2550193.752          0.004
      57777.097      22443.681    2072377.996          0.004
      58490.348      22366.692    1332560.536          0.004
      58889.730      22323.582    1431376.556          0.004
      58931.858      23352.824    1355795.934          0.003
      60546.808      22449.339    1274313.324          0.002
      60725.165      23722.860   15898894.965          0.002
      63008.725      22720.329    1200029.097          0.002
      63584.516      23235.475    2157492.623          0.003
      64831.575      22627.594    1138319.615          0.003
      63584.516      23235.475    2157492.623          0.003
      64992.023      22549.383    1527753.943          0.002
      64874.155      23843.831    1174655.061          0.003
      64992.023      22549.383    1527753.943          0.002
      65987.542      23304.536    1754792.452          0.003
      67606.939      22241.808    1095702.212          0.003
      67746.645      23380.105    1080687.457          0.002
      67606.939      22241.808    1095702.212          0.003
      68751.565      22593.352    1044322.923          0.002
      67408.852      22371.803    1071205.531          0.003
      66238.384      23139.921    1127327.727          0.003
      68981.267      22663.899    1359150.756          0.002
      70154.841      22439.240    1003523.296          0.003
      68933.859      22696.462    1044322.923          0.002
      67779.864      23489.113    1080687.457          0.002
      70769.959      22321.487     726062.535          0.002
      70247.540      23077.323    1025225.931          0.001
      70769.959      22321.487     726062.535          0.002
      71342.480      21918.654     988690.881          0.001
      73026.874      22447.070     959129.021          0.001
      71999.842      21495.648     988690.881          0.001
      73346.652      22928.825     959129.021          0.001
      73731.171      23559.961     625076.393          0.002
      75146.803      22360.120     935430.223          0.001
      76156.094      21866.488    1429732.805          0.001
      76999.455      22641.872     911749.212          0.000
      76063.523      22986.462    1446843.294          0.001
      76840.613      22456.333     911749.212          0.000
      76156.094      21866.488    1429732.805          0.001
      78790.138      22534.524     897421.437          0.000
      79897.950      23390.534     894999.640          0.000
      78260.662      23071.738     897421.437          0.001
      77793.704      23598.836     970979.924          0.001
        945.582      23724.227     921226.603          0.001
       1840.943      24800.484     918545.665          0.001
        830.802      23586.258    2104445.001          0.001
        133.982      24344.084     901662.495          0.000
       1823.728      23563.348     475185.078          0.002
       2018.078      24379.532     918545.665          0.001
       1823.728      23563.348     475185.078          0.002
       2939.384      24279.559     953531.742          0.001
       4233.938      23599.819    2174695.180          0.002
       5112.969      24616.551    1051401.006          0.002
       4849.695      23542.012     993133.395          0.002
       6240.026      23411.487    3176074.810          0.002
       4233.938      23599.819    2174695.180          0.002
       3407.696      24187.880     953531.742          0.001
       6240.026      23411.487    3176074.810          0.002
       7411.637      23951.562    1067983.781          0.002
       6240.026      23411.487    3176074.810          0.002
       5389.579      24320.796     988218.282          0.002
       9121.450      23638.248    1105753.141          0.002
      10130.247      24485.174    3275194.857          0.002
       9070.904      23595.813    4903486.733          0.002
       9182.046      24866.503    1065164.224          0.002
      11356.183      23431.936    1176328.924          0.003
      12104.416      23665.202    1184865.533          0.003
      11356.183      23431.936    1176328.924          0.003
      10766.219      23938.792    1116594.430          0.003
      12170.921      23757.579    1184865.533          0.003
      12950.715      24920.300    1194986.921          0.003
      13232.948      24091.963    1184865.533          0.004
      14255.286      24478.915    2423976.588          0.004
      13370.469      23464.723    1184865.533          0.004
      14351.370      23307.293    3391857.885          0.003
      15298.864      23771.704    1242179.526          0.004
      16326.704      24275.496    1699065.735          0.004
      14351.370      23307.293    3391857.885          0.003
      14255.286      24478.915    2423976.588          0.004
      17054.058      23385.725    2040655.291          0.004
      18048.321      24199.807    1359830.618          0.004
      17607.947      23440.934    1311449.948          0.004
      19001.043      23579.791    1363375.986          0.003
      17054.058      23385.725    2040655.291          0.004
      16374.298      24217.275    1305694.182          0.004
      20061.073      23512.418    1363375.986          0.004
      21063.362      23393.025    1887556.530          0.004
      19270.234      23606.622    5597467.973          0.003
      18541.289      24368.323    1359830.618          0.003
      21063.362      23393.025    1887556.530          0.004
      21467.351      24614.839    1440572.926          0.004
      21063.362      23393.025    1887556.530          0.004
      22434.050      23356.693    1398947.825          0.004
      22696.407      23706.513    1398947.825          0.004
      21580.657      24552.149    1440572.926          0.004
      23899.738      23423.205    1398947.825          0.004
      25289.643      23591.023    1431947.937          0.004
      25356.970      23599.152    2343973.841          0.003
      26172.989      24455.971    4121293.746          0.004
      24980.887      24066.361    1431947.937          0.004
      24499.143      24664.832    1821516.330          0.005
      27967.023      23819.724    1411748.014          0.004
      28421.185      24476.237    3832173.862          0.004
      27587.144      23270.590    2706232.060          0.003
      28767.206      23335.059    1429662.350          0.003
      27069.532      23704.466    1411748.014          0.004
      26172.989      24455.971    4121293.746          0.004
      29195.751      23358.471    7209134.418          0.003
      30230.889      23283.544    4370631.921          0.003
      29847.675      23963.748    1429662.350          0.004
      30561.497      24626.496    2322010.267          0.004
      30233.297      23283.571    1431062.105          0.003
      31274.460      23295.486    6143973.843          0.003
      31016.733      23776.630    1444020.201          0.003
      30561.497      24626.496    2322010.267          0.004
      32673.465      23444.002    1444020.201          0.004
      33417.521      23522.990    2166454.507          0.004
      33817.288      23533.661    1494170.770          0.004
      34654.443      23556.007     762045.358          0.004
      33417.521      23522.990    2166454.507          0.004
      33432.091      24709.818    5189744.484          0.004
      33173.435      23630.043    1494170.770          0.004
      31891.326      24192.358    1538031.812          0.004
      34654.443      23556.007     762045.358          0.004
      34094.755      24084.312    1572572.119          0.004
      34654.443      23556.007     762045.358          0.004
      35445.478      24375.518    1583144.330          0.004
      37633.722      23603.276    2058028.540          0.004
      37469.757      24357.364    1579329.988          0.004
      37692.007      23646.751    1543884.471          0.004
      38695.652      24395.362    1449173.814          0.005
      37633.722      23603.276    2058028.540          0.004
      36658.838      24237.312    1571022.169          0.004
      40645.838      23418.628    1842059.968          0.004
      41674.900      23580.584    1554973.749          0.004
      40645.838      23418.628    1842059.968          0.004
      41028.202      24083.031    1566669.079          0.004
      40470.577      23634.116    1546570.588          0.005
      39613.824      24687.512    1293374.704          0.004
      42442.430      23701.380    3317693.468          0.004
      43152.333      24005.062    1546828.803          0.003
      42442.430      23701.380    3317693.468          0.004
      41449.705      24441.253    1566669.079          0.004
      44364.428      23401.596    1719656.936          0.004
      45251.253      23494.113    1530810.383          0.004
      44364.428      23401.596    1719656.936          0.004
      43831.725      24189.930    1546828.803          0.003
      46497.595      23624.136   10615089.966          0.003
      47220.133      24447.179    1505915.571          0.003
      47526.096      23456.330    1530810.383          0.003
      48378.283      23317.291    4081236.507          0.003
      46374.588      23697.110    1530810.383          0.003
      45170.531      24411.426    1526456.396          0.003
      48378.283      23317.291    4081236.507          0.003
      48986.744      24053.995    1494289.435          0.004
      48387.764      23317.612    1522160.703          0.003
      49786.960      23365.052    1511921.427          0.004
      50530.913      23390.275    3138015.264          0.003
      49813.629      24269.420    1494289.435          0.004
      52883.798      23336.449    3157018.853          0.003
      53393.994      23997.935    1476609.048          0.004
      53270.938      23331.544    1492586.655          0.004
      54586.131      23314.881    2590799.657          0.004
      54586.131      23314.881    2590799.657          0.004
      54691.641      24195.405    1464363.691          0.003
      56754.788      23509.791    2550193.752          0.004
      57489.880      23817.267    1379854.005          0.004
      56754.788      23509.791    2550193.752          0.004
      56579.558      24522.727    1749684.914          0.004
      56754.788      23509.791    2550193.752          0.004
      55719.229      23928.470    1464363.691          0.004
      58935.755      23448.039    8086515.243          0.003
      58664.877      24308.748    6854301.614          0.003
      58935.755      23448.039    8086515.243          0.003
      59630.986      23554.814    1298919.900          0.003
      61076.761      23714.126    1298919.900          0.003
      62476.329      23679.360    1225373.171          0.003
      61536.735      23945.738    1298919.900          0.003
      62715.162      24269.363    2327037.212          0.003
      62897.093      23668.907    3414323.819          0.002
      63584.516      23235.475    2157492.623          0.003
      63647.812      23612.407    1195115.647          0.003
      63879.659      24993.076    1225946.996          0.003
      63248.191      23635.453    1195115.647          0.003
      62715.162      24269.363    2327037.212          0.003
      63584.516      23235.475    2157492.623          0.003
      64449.661      24005.780    1174655.061          0.003
      65987.542      23304.536    1754792.452          0.003
      67347.662      23455.685    1080687.457          0.003
      65987.542      23304.536    1754792.452          0.003
      65058.035      24137.673    1174655.061          0.002
      67761.566      23501.681    1495461.185          0.002
      68498.833      23486.577    1025225.931          0.002
      67761.566      23501.681    1495461.185          0.002
      67173.392      24024.474    1108047.663          0.002
      70468.339      24127.187     998865.530          0.002
      70064.736      24728.177    1212472.727          0.002
      71946.946      23403.552     998865.530          0.002
      73083.439      23591.344    1344940.667          0.001
      71116.708      23133.633     998865.530          0.001
      71759.921      21890.139     988690.881          0.001
      73178.321      23718.971     969176.848          0.002
      73885.056      24669.602    1259423.345          0.002
      73083.439      23591.344    1344940.667          0.001
      73731.171      23559.961     625076.393          0.002
      72789.535      23906.790     969176.848          0.002
      72086.141      24661.744     930124.707          0.003
      73741.728      23636.087     958530.304          0.002
      73885.056      24669.602    1259423.345          0.002
      73731.171      23559.961     625076.393          0.002
      74797.460      23391.522     935451.042          0.001
      75088.021      23345.622    1712105.450          0.001
      76040.789      22994.833     919755.350          0.001
      75271.225      23542.808     935451.042          0.001
      76096.409      24430.967    1741670.569          0.002
      74527.220      23962.838     935451.042          0.002
      73885.056      24669.602    1259423.345          0.002
      75088.021      23345.622    1712105.450          0.001
      75724.783      22760.817     924208.924          0.001
      77793.704      23598.836     970979.924          0.001
      76678.751      23204.214     919755.350          0.001
      77793.704      23598.836     970979.924          0.001
      78018.125      24566.035    1073361.948          0.001
      77793.704      23598.836     970979.924          0.001
      78672.177      23547.294     894999.640          0.001
      77493.440      23746.046     910956.596          0.002
      76236.387      24362.341     936576.014          0.002
      78950.413      24050.165     894999.640          0.001
      78018.125      24566.035    1073361.948          0.001
        633.656      24710.854     901662.495          0.001
       1955.527      25172.003     918545.665          0.001
       3117.882      24394.148    2262242.990          0.001
       3779.913      25213.058     943866.796          0.001
       5112.969      24616.551    1051401.006          0.002
       6129.276      24372.451    4700756.210          0.001
       5112.969      24616.551    1051401.006          0.002
       5728.370      25164.370     984689.059          0.001
       6129.276      24372.451    4700756.210          0.001
       6834.000      25264.947    1007262.699          0.001
       6558.148      24351.640    1018275.349          0.002
       7956.503      24283.783    1067983.781          0.002
       8193.748      24359.333    1067983.781          0.002
       9151.844      25380.143    1065164.224          0.002
       8115.594      24276.063    9999684.011          0.002
       8218.312      25635.436    1024839.744          0.002
      10130.247      24485.174    3275194.857          0.002
      10136.246      25595.934    1077342.500          0.002
      10316.310      24473.774    1116594.430          0.003
      11713.690      24388.158    1170761.799          0.003
      10130.247      24485.174    3275194.857          0.002
      11085.624      25152.277    1132960.824          0.002
      12121.386      24528.086    1170761.799          0.003
      13212.393      25310.478    6750141.901          0.003
      14332.118      24541.108    1242677.186          0.004
      15304.270      25328.036    1590185.336          0.003
      15306.695      24375.664    1242677.186          0.004
      16326.704      24275.496    1699065.735          0.004
      16326.704      24275.496    1699065.735          0.004
      15618.237      25004.824    1262517.532          0.003
      16326.704      24275.496    1699065.735          0.004
      16766.050      24836.316    1318162.928          0.003
      18415.134      24500.146    1486708.543          0.003
      19084.541      24670.632   15555709.704          0.002
      18415.134      24500.146    1486708.543          0.003
      17824.521      24919.600    1318162.928          0.003
      19573.626      25014.534    1378233.111          0.003
      20381.178      25582.367    5518082.840          0.003
      21895.956      24969.711    1440572.926          0.004
      22475.901      25431.403    1379164.065          0.004
      21473.481      24633.379    3333564.604          0.004
      20900.262      25131.389    1418982.680          0.003
      22354.494      24450.092    1440572.926          0.005
      23122.528      24290.309    1505307.655          0.004
      21473.481      24633.379    3333564.604          0.004
      21089.979      25317.210    1046988.312          0.004
      23134.963      24293.692    1459419.595          0.004
      24485.861      24661.218    1498871.384          0.005
      23193.340      24375.028    1459419.595          0.004
      24091.188      25449.211    1522414.081          0.004
      23122.528      24290.309    1505307.655          0.004
      22475.901      25431.403    1379164.065          0.004
      24499.143      24664.832    1821516.330          0.005
      24954.571      25815.671    1533775.964          0.005
      24499.143      24664.832    1821516.330          0.005
      24252.315      25641.983    1852409.051          0.004
      24628.248      24721.882    1498871.384          0.005
      25908.794      25287.747    1552608.488          0.005
      24499.143      24664.832    1821516.330          0.005
      25345.911      24559.173    1503532.351          0.004
      26238.597      24728.513    1503532.351          0.004
      26428.506      25517.404    2281248.350          0.004
      27117.842      24464.488    1503532.351          0.004
      28421.185      24476.237    3832173.862          0.004
      28334.369      24633.427    1522246.118          0.004
      27657.521      25858.938    1559001.293          0.004
      28421.185      24476.237    3832173.862          0.004
      28909.135      25451.634    1550915.537          0.004
      28571.085      24559.824    1522246.118          0.004
      29793.834      25241.649    1577747.900          0.004
      28421.185      24476.237    3832173.862          0.004
      29601.524      24559.102    1548276.612          0.005
      27589.415      24910.833    1522246.118          0.005
      26428.506      25517.404    2281248.350          0.004
      30561.497      24626.496    2322010.267          0.004
      31501.111      24363.501    3241049.240          0.003
      30561.497      24626.496    2322010.267          0.004
      30147.613      25438.923    3295394.748          0.004
      31317.187      24509.638    1538031.812          0.004
      30221.062      25380.564    1577747.900          0.004
      31828.621      24777.130    1538031.812          0.004
      32549.228      25687.221    1176587.709          0.005
      31552.819      24372.775    1538031.812          0.003
      32930.832      24619.918    1572572.119          0.004
      33432.091      24709.818    5189744.484          0.004
      33483.614      25728.308    1064491.390          0.005
      34476.764      24536.362    1572572.119          0.005
      35445.478      24375.518    1583144.330          0.004
      33199.887      24966.887    1572572.119          0.004
      32549.228      25687.221    1176587.709          0.005
      35445.478      24375.518    1583144.330          0.004
      36499.276      24262.825    1571022.169          0.004
      36643.290      24247.424    2172153.593          0.004
      37095.931      24982.320    1579329.988          0.003
      38695.652      24395.362    1449173.814          0.005
      38576.845      25230.453    1566326.256          0.005
      38695.652      24395.362    1449173.814          0.005
      39613.824      24687.512    1293374.704          0.004
      39613.824      24687.512    1293374.704          0.004
      40345.920      24629.324    1566669.079          0.004
      39613.824      24687.512    1293374.704          0.004
      38929.520      25203.395    1566326.256          0.005
      41298.998      24553.573    3683206.311          0.003
      40582.446      25581.204    1539882.960          0.003
      41298.998      24553.573    3683206.311          0.003
      41655.580      25344.515    1529872.709          0.004
      43776.284      24271.975    6435843.692          0.003
      43159.406      24980.296    1516720.864          0.003
      43776.284      24271.975    6435843.692          0.003
      44638.281      24573.599    1526456.396          0.003
      44801.124      24630.579    4403733.426          0.003
      44645.333      25345.104    1492122.727          0.002
      47375.870      24624.579    7970826.723          0.002
      48217.272      25414.733    1449681.873          0.003
      48303.065      24642.162    1505915.571          0.003
      49491.132      24664.692    3536696.345          0.003
      49491.132      24664.692    3536696.345          0.003
      49481.386      25478.424    1154705.277          0.004
      49491.132      24664.692    3536696.345          0.003
      50489.455      24661.046    1481177.131          0.003
      52698.080      24980.643    1481177.131          0.003
      53886.106      25341.749    8557351.455          0.003
      50597.674      25052.168    1481177.131          0.003
      49481.386      25478.424    1154705.277          0.004
      53642.758      24320.466    5096377.894          0.003
      53846.184      25174.201    1447794.837          0.003
      53675.959      24320.983    1476609.048          0.003
      54708.615      24337.064    6280075.947          0.003
      54708.615      24337.064    6280075.947          0.003
      54895.959      25271.291    1444187.048          0.003
      55525.974      24418.175    1464363.691          0.004
      56579.558      24522.727    1749684.914          0.004
      56579.558      24522.727    1749684.914          0.004
      57375.045      24441.101    1379854.005          0.004
      56579.558      24522.727    1749684.914          0.004
      56822.973      25654.343    1836310.239          0.004
      56636.605      24556.191    1434618.118          0.004
      57844.176      25264.549    1413614.839          0.004
      59290.152      24916.518    1379854.005          0.004
      59955.280      25563.025    1344898.502          0.004
      58664.877      24308.748    6854301.614          0.003
      59892.231      24557.070    1323392.182          0.004
      60936.998      24863.510    1323392.182          0.003
      61819.642      25634.433    3174352.601          0.004
      60795.350      24739.792    4160009.074          0.003
      61962.856      24453.707    1245070.601          0.004
      62294.283      24910.922    1245070.601          0.004
      61819.642      25634.433    3174352.601          0.004
      62715.162      24269.363    2327037.212          0.003
      63431.252      24867.235    1225946.996          0.003
      64831.395      24358.426    1174655.061          0.002
      65032.968      25485.339   10731121.129          0.002
      67048.575      24418.856    1108047.663          0.002
      67713.205      25492.500    6185141.103          0.002
      68917.785      24687.217    1084400.549          0.002
      70064.736      24728.177    1212472.727          0.002
      68925.608      25038.416    1084400.549          0.002
      69939.140      25485.007    4048762.582          0.003
      70528.440      24712.937    1042047.395          0.003
      71927.685      24666.951    1004047.718          0.003
      70064.736      24728.177    1212472.727          0.002
      69939.140      25485.007    4048762.582          0.003
      70064.736      24728.177    1212472.727          0.002
      71237.850      25132.999    1020618.468          0.002
      72086.141      24661.744     930124.707          0.003
      73444.764      24667.679     973125.374          0.003
      72086.141      24661.744     930124.707          0.003
      71678.290      25280.618    1020618.468          0.002
      72086.141      24661.744     930124.707          0.003
      72755.223      25123.156     985421.600          0.002
      73885.056      24669.602    1259423.345          0.002
      74650.187      24956.399     944041.359          0.002
      73885.056      24669.602    1259423.345          0.002
      75229.431      24524.526     936576.014          0.002
      76096.409      24430.967    1741670.569          0.002
      76994.630      24861.742     909572.897          0.001
      76107.383      24431.739     936576.014          0.002
      77503.937      24529.896     911949.401          0.002
      76096.409      24430.967    1741670.569          0.002
      76074.585      23472.363     919755.350          0.001
      78018.125      24566.035    1073361.948          0.001
      78998.136      24528.336     895457.892          0.001
      79436.645      24737.617     895457.892          0.001
      78155.158      25301.347     909572.897          0.000
       1447.091      26221.885     889910.523          0.002
       2207.159      26595.687     844186.788          0.002
       3140.115      26086.630     943866.796          0.002
       2207.159      26595.687     844186.788          0.002
       6008.585      25413.813   18425361.165          0.001
       5923.986      26601.192   46716003.447          0.001
       6996.977      25404.803    1007262.699          0.001
       8105.062      26260.459    1024839.744          0.001
       6862.339      25300.836   12186604.559          0.001
       6117.148      26333.511     972392.851          0.001
       9234.692      25468.414    5447000.958          0.002
      10084.756      26441.763    1077342.500          0.002
       9234.692      25468.414    5447000.958          0.002
       9179.924      26386.109   25324566.994          0.001
      11723.328      25992.506    1132960.824          0.003
      12125.127      26693.448    1770725.907          0.003
      13206.223      25702.977    1194986.921          0.003
      13194.392      26455.588    1382831.765          0.003
      12946.992      25648.060    1194986.921          0.003
      12125.127      26693.448    1770725.907          0.003
      14581.598      25321.970    1194986.921          0.004
      15304.270      25328.036    1590185.336          0.003
      15304.270      25328.036    1590185.336          0.003
      16162.461      25680.792    1282563.173          0.003
      15262.975      25350.104    1262517.532          0.003
      14028.236      26009.968    1173048.799          0.004
      16237.694      25711.717    3342974.807          0.003
      17186.353      25372.828    5790613.479          0.002
      16237.694      25711.717    3342974.807          0.003
      15496.969      26301.877    1242326.456          0.002
      17225.973      25377.453    1318162.928          0.002
      18616.530      25539.782    1372178.555          0.003
      19027.729      25832.537    1372178.555          0.002
      19135.659      26613.530    2031058.840          0.003
      20327.118      26093.865    1418982.680          0.003
      20179.971      27486.110    1363253.175          0.004
      20381.178      25582.367    5518082.840          0.003
      19558.162      26263.741    1358260.098          0.004
      21089.979      25317.210    1046988.312          0.004
      21514.689      26365.221    1217592.539          0.004
      21553.466      25355.399    1441814.326          0.004
      22475.901      25431.403    1379164.065          0.004
      22672.765      25454.740    1480917.231          0.004
      24063.031      25619.545    1522414.081          0.004
      22475.901      25431.403    1379164.065          0.004
      21858.756      26030.959    1446511.971          0.004
      24252.315      25641.983    1852409.051          0.004
      25137.213      26277.195    1966051.112          0.004
      24252.315      25641.983    1852409.051          0.004
      23462.374      25890.793    1468745.177          0.004
      26428.506      25517.404    2281248.350          0.004
      27249.505      26179.058    1559001.293          0.004
      26428.506      25517.404    2281248.350          0.004
      25332.665      26162.192    1533775.964          0.005
      30147.613      25438.923    3295394.748          0.004
      31321.198      25999.604    1564096.139          0.005
      31241.919      25552.061    1577747.900          0.005
      32549.228      25687.221    1176587.709          0.005
      30147.613      25438.923    3295394.748          0.004
      29750.962      26305.775    1550915.537          0.003
      32549.228      25687.221    1176587.709          0.005
      33453.624      25726.989    1581166.715          0.005
      32549.228      25687.221    1176587.709          0.005
      32257.202      26330.208    1564096.139          0.004
      33483.614      25728.308    1064491.390          0.005
      33421.965      26474.991    2679217.571          0.003
      33483.614      25728.308    1064491.390          0.005
      34033.461      26342.297    1531698.577          0.004
      36584.596      25420.517    1572018.732          0.004
      37271.789      25267.838    5709587.574          0.003
      35072.990      26079.634    1572018.732          0.003
      34377.854      26726.866    1475848.022          0.003
      35529.003      25655.047   17905732.633          0.003
      36180.149      26439.438    1523613.694          0.003
      37271.789      25267.838    5709587.574          0.003
      38060.671      26235.871    1506176.735          0.004
      37494.884      25308.359    1579329.988          0.003
      38538.787      25497.962    2103029.657          0.004
      38538.787      25497.962    2103029.657          0.004
      39749.566      25608.235    1539882.960          0.004
      38538.787      25497.962    2103029.657          0.004
      38441.476      26262.101    1506176.735          0.004
      40514.989      25677.946    3926827.845          0.003
      41564.472      25546.242    1529872.709          0.004
      41736.776      25524.618    1416117.075          0.004
      40780.144      26248.194    1498160.126          0.003
      41736.776      25524.618    1416117.075          0.004
      42488.707      25485.661    1516720.864          0.003
      42730.178      25473.151   11964674.496          0.003
      43940.407      25432.751    1492122.727          0.003
      42730.178      25473.151   11964674.496          0.003
      42512.336      26557.047    1441924.913          0.003
      44631.251      25409.689    9245504.792          0.002
      45591.329      25475.816    1464490.808          0.003
      47454.651      25596.461    1464490.808          0.003
      48476.797      25658.450    6382965.148          0.003
      46211.308      25715.003    1464490.808          0.002
      44993.808      26406.157    1412198.786          0.002
      48774.216      25605.151    1449681.873          0.003
      49481.386      25478.424    1154705.277          0.004
      48476.797      25658.450    6382965.148          0.003
      48732.422      26340.917    1472086.655          0.004
      49481.386      25478.424    1154705.277          0.004
      49807.489      26328.913     767715.488          0.004
      49481.386      25478.424    1154705.277          0.004
      48862.763      26190.819    1408856.997          0.004
      53189.300      25440.838    1439506.770          0.003
      53886.106      25341.749    8557351.455          0.003
      52329.080      26003.882    1439506.770          0.003
      53597.775      26595.838    1394782.044          0.002
      50488.692      26077.752    1439506.770          0.003
      49807.489      26328.913     767715.488          0.004
      53974.313      25342.587    1447794.837          0.003
      54912.042      25351.496    5164313.836          0.003
      54912.042      25351.496    5164313.836          0.003
      55476.218      26307.872    4509014.793          0.003
      56012.579      25525.910    1444187.048          0.004
      56822.973      25654.343    1836310.239          0.004
      56822.973      25654.343    1836310.239          0.004
      57628.852      26458.896    1388764.846          0.004
      56822.973      25654.343    1836310.239          0.004
      56608.787      26649.249    1395368.440          0.004
      56822.973      25654.343    1836310.239          0.004
      57866.996      25277.935    1984955.377          0.004
      57965.376      25325.956    1413614.839          0.004
      59223.497      25940.066    1377054.160          0.005
      57866.996      25277.935    1984955.377          0.004
      58160.679      26196.497    1388764.846          0.004
      57866.996      25277.935    1984955.377          0.004
      59236.183      25464.855    1367816.120          0.004
      59955.280      25563.025    1344898.502          0.004
      60751.335      25593.515    1312028.904          0.005
      59955.280      25563.025    1344898.502          0.004
      59974.671      26306.727    2225087.298          0.004
      61792.814      26000.437    1312028.904          0.004
      61737.284      26758.013    1225010.079          0.004
      60710.370      26038.643    1312028.904          0.005
      59974.671      26306.727    2225087.298          0.004
      61819.642      25634.433    3174352.601          0.004
      62582.749      26379.797    2683249.184          0.004
      63928.200      25282.142   10350404.334          0.002
      64983.469      25476.234    1194104.103          0.002
      63767.165      25992.539    1225946.996          0.003
      63604.073      26712.015    4214175.332          0.003
      65180.861      25503.713    1194104.103          0.002
      66570.180      25676.321    1145356.797          0.002
      65392.752      25853.248    1194104.103          0.003
      65967.405      26440.879    3296490.981          0.003
      66812.174      25706.386    4791861.293          0.002
      67607.184      25517.668    1113485.476          0.002
      66812.174      25706.386    4791861.293          0.002
      67753.876      26400.181    4367835.519          0.002
      68382.496      25490.247    1113485.476          0.002
      69782.488      25485.534    1060406.608          0.003
      69952.493      25789.202    1060406.608          0.003
      69994.471      26745.525    1771164.166          0.004
      69060.498      25852.977    1060406.608          0.004
      67769.167      26393.777    1148029.217          0.002
      71696.392      25383.664    1020618.468          0.002
      71971.018      26719.822    5943285.590          0.002
      70645.613      26179.626    1020618.468          0.003
      69994.471      26745.525    1771164.166          0.004
      74502.231      26053.499     985421.600          0.002
      75720.937      26486.618     811300.350          0.002
      78176.852      25834.206     909572.897          0.001
      78594.115      27170.578     908698.221          0.001
      77667.708      26133.549     909572.897          0.001
      77078.367      27403.461     939699.638          0.001
      78197.116      25457.957     909572.897          0.001
      79400.270      26173.793     888324.774          0.001
      76496.678      26106.883     909572.897          0.002
      75720.937      26486.618     811300.350          0.002
        900.419      27095.181     888009.519          0.001
       1991.890      27779.541    5424955.014          0.001
       1424.786      26572.619     888009.519          0.002
       2207.159      26595.687     844186.788          0.002
       2207.159      26595.687     844186.788          0.002
       2036.009      27536.912     918915.446          0.001
       2353.029      26589.157     914009.366          0.002
       3751.629      26526.550     941777.362          0.002
       2207.159      26595.687     844186.788          0.002
       2812.450      27330.924    1704466.066          0.002
       4355.616      26792.959     941777.362          0.002
       4972.243      27697.154    1760229.531          0.002
       4161.425      26508.205    1581424.368          0.001
       5420.989      26574.656     972392.851          0.001
       4017.063      26596.250     941777.362          0.001
       2821.816      27325.212     928601.259          0.002
       7905.701      26754.667    1024839.744          0.002
       7003.820      27639.047    3860460.859          0.002
       9130.144      26802.793    1049081.767          0.002
       9027.183      27664.637    2185953.581          0.002
       9784.138      26877.575    1077342.500          0.002
       9027.183      27664.637    2185953.581          0.002
      12125.127      26693.448    1770725.907          0.003
      13264.055      27457.426    1223210.743          0.003
      12125.127      26693.448    1770725.907          0.003
      12181.721      27930.898    1113963.608          0.003
      12270.174      26661.182    1137472.821          0.003
      13194.392      26455.588    1382831.765          0.003
      12125.127      26693.448    1770725.907          0.003
      10948.375      27435.193    1093065.086          0.003
      13194.392      26455.588    1382831.765          0.003
      13258.626      27379.351    1152249.034          0.003
      13194.392      26455.588    1382831.765          0.003
      14470.839      26393.585    1242326.456          0.003
      15441.012      26346.460    3862123.485          0.002
      16641.862      26430.211    1293374.323          0.002
      17196.482      26577.222    1293374.323          0.002
      17142.059      27717.923    2727300.537          0.002
      19539.069      26959.217    1358260.098          0.004
      20177.809      27506.563    2232586.406          0.004
      19135.659      26613.530    2031058.840          0.003
      18997.548      27640.255    5258872.144          0.003
      21514.689      26365.221    1217592.539          0.004
      20851.405      26931.490    1363253.175          0.004
      21514.689      26365.221    1217592.539          0.004
      22195.843      26289.716    4336860.750          0.003
      21514.689      26365.221    1217592.539          0.004
      21407.858      27294.644    1408819.873          0.004
      22195.843      26289.716    4336860.750          0.003
      21469.521      27239.706    1408819.873          0.004
      22584.413      26342.925    1468745.177          0.004
      23971.469      26532.861    1511695.220          0.004
      24470.810      26601.238    4361502.705          0.003
      25073.701      27558.674    1457499.531          0.004
      24494.444      26589.746    1511695.220          0.003
      25137.213      26277.195    1966051.112          0.004
      25137.213      26277.195    1966051.112          0.004
      25764.693      26666.548    1526063.962          0.004
      27409.503      26308.002    2814609.360          0.004
      28503.863      26527.831    1550915.537          0.004
      27409.503      26308.002    2814609.360          0.004
      26573.014      26730.189    1526063.962          0.004
      29552.930      26738.561    4808231.288          0.003
      30147.022      26701.617    6889676.705          0.003
      29552.930      26738.561    4808231.288          0.003
      28637.374      27038.047    1494958.880          0.004
      30270.417      26827.011    1553511.314          0.003
      31198.844      27770.478    2726785.383          0.003
      31202.267      26560.885    1553511.314          0.004
      32213.697      26425.996    2882541.459          0.004
      30147.022      26701.617    6889676.705          0.003
      29715.244      27356.524    1475236.089          0.003
      32213.697      26425.996    2882541.459          0.004
      31573.121      27274.634    1477511.958          0.003
      32213.697      26425.996    2882541.459          0.004
      33413.277      26474.639    1554202.146          0.003
      33421.965      26474.991    2679217.571          0.003
      34377.854      26726.866    1475848.022          0.003
      34377.854      26726.866    1475848.022          0.003
      33857.879      27376.156    1468315.369          0.003
      37678.061      26613.310    1523613.694          0.004
      38392.900      26643.547    3665132.612          0.003
      36275.227      26553.973    9382508.167          0.002
      35643.392      27112.978    1480571.689          0.002
      39038.537      27018.067    1506176.735          0.004
      40249.539      27720.545    1419636.783          0.004
      38392.900      26643.547    3665132.612          0.003
      39727.979      26489.409    1498160.126          0.003
      38392.900      26643.547    3665132.612          0.003
      38382.782      27403.183    1426964.627          0.004
      40506.436      26805.455    1498160.126          0.003
      40308.188      27754.566    1180746.004          0.004
      40593.319      26389.504   11280809.453          0.003
      41534.832      26565.100    1441924.913          0.003
      42475.460      26740.530    4304643.546          0.003
      43326.205      26706.882    1412198.786          0.003
      42475.460      26740.530    4304643.546          0.003
      42505.902      27505.159    1392961.227          0.002
      44549.280      26658.509   27628228.050          0.002
      43804.296      27836.780    1351650.637          0.002
      44549.280      26658.509   27628228.050          0.002
      45650.714      27154.718    1343798.257          0.002
      44549.280      26658.509   27628228.050          0.002
      45886.042      26686.496    1388921.472          0.002
      46889.431      26991.935    1388921.472          0.002
      47640.166      27592.439    3089101.527          0.002
      48732.422      26340.917    1472086.655          0.004
      49355.863      27285.361    1332060.081          0.003
      48732.422      26340.917    1472086.655          0.004
      48168.590      26986.963    1333922.578          0.003
      48773.984      26340.453    1408856.997          0.004
      49807.489      26328.913     767715.488          0.004
      49807.489      26328.913     767715.488          0.004
      49666.660      27108.234    1332060.081          0.004
      53857.840      26717.181   23092173.027          0.002
      53749.245      27507.544     939802.067          0.004
      54045.167      26854.132    1394782.044          0.002
      54765.286      27380.597    1259007.235          0.004
      55747.567      26555.733    1418278.698          0.003
      56484.085      27228.501    2319267.642          0.004
      55476.218      26307.872    4509014.793          0.003
      54995.180      27033.710    1374507.296          0.004
      55476.218      26307.872    4509014.793          0.003
      55483.709      27384.169    1366362.029          0.003
      59974.671      26306.727    2225087.298          0.004
      61290.735      26643.682    1342576.292          0.005
      59974.671      26306.727    2225087.298          0.004
      60324.507      26971.620    1360943.414          0.004
      59974.671      26306.727    2225087.298          0.004
      59126.092      26927.863    1388764.846          0.004
      61737.284      26758.013    1225010.079          0.004
      61795.368      27614.356    1319933.361          0.004
      61737.284      26758.013    1225010.079          0.004
      61147.820      27374.363    1360943.414          0.004
      61737.284      26758.013    1225010.079          0.004
      62617.578      27266.568    1324524.758          0.004
      62603.748      26453.049    1308099.835          0.004
      62880.485      27418.452    2117472.746          0.004
      62582.749      26379.797    2683249.184          0.004
      63483.255      26672.715    1288564.850          0.003
      64002.122      26980.878    1288564.850          0.004
      64999.152      27654.322    2052297.758          0.004
      66229.531      27175.260    1202887.371          0.004
      66649.249      28351.152    1138115.354          0.003
      65979.945      27383.050    1202887.371          0.004
      65993.130      28373.602    1079725.228          0.004
      66608.949      26859.540    1202887.371          0.004
      67775.183      27620.605    1362708.171          0.003
      65967.405      26440.879    3296490.981          0.003
      66963.395      26418.189    1148029.217          0.003
      65500.200      27026.393    1202887.371          0.003
      64999.152      27654.322    2052297.758          0.004
      68218.513      26780.607    1148029.217          0.003
      68888.043      27328.790     941179.488          0.005
      69994.471      26745.525    1771164.166          0.004
      71066.519      27343.086    1087102.795          0.003
      69672.242      26915.392    1100040.099          0.004
      68888.043      27328.790     941179.488          0.005
      71991.288      26744.644    1043707.289          0.002
      72838.453      27782.053    4037702.030          0.003
      72213.001      26694.234    1043707.289          0.002
      73605.238      26547.014     992701.221          0.002
      73875.985      26518.384    1391815.302          0.002
      74773.869      27131.386     977517.911          0.002
      73756.032      26664.481     992701.221          0.002
      72867.644      27746.500    1045212.642          0.003
      74089.865      26514.701     992701.221          0.002
      75489.658      26490.600     953325.818          0.002
      75720.937      26486.618     811300.350          0.002
      76317.943      27080.446     939699.638          0.002
      75720.937      26486.618     811300.350          0.002
      75163.679      27237.566     977517.911          0.002
      79776.536      26760.384     888324.774          0.000
      78800.460      27764.015     908698.221          0.000
       1990.063      27941.388     918915.446          0.001
       1980.499      28788.584     982408.828          0.002
       1991.890      27779.541    5424955.014          0.001
        858.368      28230.180     901644.640          0.001
       2879.931      27565.054     928601.259          0.002
       3192.896      28650.901    1422162.339          0.002
       3566.860      27458.847     928601.259          0.002
       4947.156      27692.900     968502.986          0.002
       4972.243      27697.154    1760229.531          0.002
       4852.508      28709.597    1166536.577          0.002
       5119.108      27692.954     968502.986          0.002
       6518.535      27652.928    1003815.043          0.002
       4687.365      27849.851     968502.986          0.002
       3453.445      28511.244     944513.272          0.002
       6961.390      27680.426    1003815.043          0.002
       5959.101      28657.879     961789.023          0.002
       7305.611      28067.202    1003815.043          0.002
       8112.188      29211.507     995297.199          0.002
       7685.943      27647.674    1003815.043          0.002
       9027.183      27664.637    2185953.581          0.002
       6997.520      27816.280    1003815.043          0.002
       6947.779      29215.396     969234.547          0.002
       6276.065      28001.198    1003815.043          0.002
       5022.679      28624.915     968642.708          0.002
       9027.183      27664.637    2185953.581          0.002
       8556.445      28958.630     995297.199          0.002
       9787.477      27581.601    1046133.487          0.003
      10910.725      27458.925     877955.022          0.003
       9027.183      27664.637    2185953.581          0.002
      10103.434      28370.763    1056928.426          0.002
      10910.725      27458.925     877955.022          0.003
      10567.573      28082.372    1056928.426          0.002
      10910.725      27458.925     877955.022          0.003
      10989.797      28157.141    1067823.642          0.002
      10910.725      27458.925     877955.022          0.003
      12124.318      27939.099    1113963.608          0.003
      13264.055      27457.426    1223210.743          0.003
      12184.746      27961.640    1113963.608          0.003
      13264.055      27457.426    1223210.743          0.003
      13891.171      27876.611    1150201.179          0.003
      13264.055      27457.426    1223210.743          0.003
      14124.818      27398.307    1208630.995          0.003
      15350.652      27375.669    1208630.995          0.002
      16041.842      28593.149    1178194.820          0.002
      16123.528      27493.852    1208630.995          0.002
      17142.059      27717.923    2727300.537          0.002
      17142.059      27717.923    2727300.537          0.002
      17236.555      29049.805    1189451.131          0.002
      18193.278      27673.921    1249652.454          0.003
      18997.548      27640.255    5258872.144          0.003
      17538.267      28100.752    1249652.454          0.003
      18114.512      28657.540    1015986.507          0.003
      19006.664      27784.728    1317607.959          0.003
      19094.830      29181.949    1236351.581          0.003
      19669.209      28102.006    1317607.959          0.003
      20271.909      28516.348    1362716.872          0.004
      18997.548      27640.255    5258872.144          0.003
      18171.305      28592.112    1242342.585          0.003
      21404.379      27324.908    1456893.141          0.004
      20577.447      28194.900    1313786.991          0.004
      21404.379      27324.908    1456893.141          0.004
      21906.042      27871.181    1368013.771          0.003
      21404.379      27324.908    1456893.141          0.004
      20316.887      27485.966    1363253.175          0.004
      23758.950      28111.653    1427283.605          0.003
      24542.928      28691.399    1213792.097          0.004
      23151.510      27729.678    1427283.605          0.002
      22356.196      28361.366    2590950.324          0.003
      25226.173      27683.219    1457499.531          0.003
      26183.823      26926.619    5406782.109          0.003
      25176.725      27722.285    3993811.079          0.003
      25377.983      28405.227    1397302.152          0.004
      25176.725      27722.285    3993811.079          0.003
      24629.108      28559.624    1377571.092          0.004
      27352.281      27458.412    6488427.216          0.003
      28639.518      27651.135    1475236.089          0.003
      27352.281      27458.412    6488427.216          0.003
      27139.110      28297.626    1421054.922          0.003
      26877.370      27242.269    1494958.880          0.003
      26183.823      26926.619    5406782.109          0.003
      29441.814      27771.253    7308001.903          0.002
      30430.647      28310.115    1431221.743          0.002
      31198.844      27770.478    2726785.383          0.003
      31276.887      28763.328    1394218.961          0.003
      31198.844      27770.478    2726785.383          0.003
      32322.947      27737.539    1468315.369          0.004
      31198.844      27770.478    2726785.383          0.003
      32513.005      28229.155    1405017.068          0.004
      33598.403      27700.164   10339252.389          0.003
      34346.361      27536.850    1480571.689          0.003
      33598.403      27700.164   10339252.389          0.003
      33372.973      28529.307    1794412.988          0.003
      35260.442      27509.465    1480571.689          0.002
      34373.097      28592.341    1389460.141          0.002
      35432.298      27299.740   23831689.043          0.002
      36299.533      27404.954   16690332.294          0.002
      37639.423      27663.423    1464491.452          0.003
      38377.420      27805.785    2903226.870          0.003
      39544.703      27774.820    1426964.627          0.004
      40308.188      27754.566    1180746.004          0.004
      38585.486      27909.673    1426964.627          0.003
      39627.879      28430.146    1229647.662          0.004
      38377.420      27805.785    2903226.870          0.003
      38563.522      28659.479    1369487.561          0.003
      40308.188      27754.566    1180746.004          0.004
      41062.129      28198.076    1364505.296          0.004
      40308.188      27754.566    1180746.004          0.004
      40467.379      28612.284    1302732.180          0.004
      40308.188      27754.566    1180746.004          0.004
      39754.819      28304.089    1383138.873          0.004
      42475.575      27864.736    1392961.227          0.002
      42325.343      28582.195     936353.366          0.003
      46896.517      27534.848    1343798.257          0.002
      47640.166      27592.439    3089101.527          0.002
      46229.307      27637.993    1343798.257          0.002
      45122.449      28495.235    1304116.859          0.002
      47640.166      27592.439    3089101.527          0.002
      47502.041      28729.671    1272865.512          0.002
      47874.404      27714.807    1333922.578          0.002
      49115.283      28363.050    1279196.242          0.003
      48280.046      27600.539    1333922.578          0.003
      49574.736      27616.929    2381109.869          0.003
      49574.736      27616.929    2381109.869          0.003
      50369.096      27588.450    1338307.472          0.003
      49574.736      27616.929    2381109.869          0.003
      49604.108      28480.186    1279196.242          0.003
      52981.943      27520.045    1338307.472          0.003
      53749.245      27507.544     939802.067          0.004
      53749.245      27507.544     939802.067          0.004
      53824.679      28415.936    1302476.522          0.002
      53848.137      27495.188    1357363.235          0.004
      54765.286      27380.597    1259007.235          0.004
      54765.286      27380.597    1259007.235          0.004
      55486.404      27771.398    5698551.881          0.003
      55539.054      27906.550    1366362.029          0.003
      55812.738      28609.093    1533000.282          0.004
      58146.531      27336.649    1388764.846          0.004
      56749.484      27245.766    1395368.440          0.004
      58533.251      27361.806    6151681.183          0.003
      57828.435      28459.642    1340042.838          0.004
      58533.251      27361.806    6151681.183          0.003
      59242.136      27950.817    1350968.010          0.003
      58058.496      27469.059    1388764.846          0.004
      56811.768      27750.708     779797.474          0.004
      60753.402      27786.771    3108026.621          0.003
      61738.914      28674.237    1319933.361          0.003
      60753.402      27786.771    3108026.621          0.003
      59830.314      28314.934    1350968.010          0.003
      62880.485      27418.452    2117472.746          0.004
      63417.247      28371.443    1267280.277          0.004
      62880.485      27418.452    2117472.746          0.004
      63988.673      28160.087    1277249.295          0.004
      62880.485      27418.452    2117472.746          0.004
      64089.492      27553.050    1276652.094          0.005
      62880.485      27418.452    2117472.746          0.004
      62182.045      28376.839    1319933.361          0.004
      64999.152      27654.322    2052297.758          0.004
      65993.130      28373.602    1079725.228          0.004
      64999.152      27654.322    2052297.758          0.004
      64733.623      28658.631    1789950.882          0.003
      67775.183      27620.605    1362708.171          0.003
      67408.729      28447.120    1190413.007          0.003
      67775.183      27620.605    1362708.171          0.003
      68361.174      28136.986    1166138.686          0.003
      67775.183      27620.605    1362708.171          0.003
      68839.489      27341.522    1153813.671          0.005
      67728.000      27651.219    1196575.946          0.003
      66649.249      28351.152    1138115.354          0.003
      68888.043      27328.790     941179.488          0.005
      68918.113      28272.090    1166138.686          0.003
      68888.043      27328.790     941179.488          0.005
      69853.208      27376.670     630662.316          0.004
      69853.208      27376.670     630662.316          0.004
      70327.411      28135.922    1114335.586          0.003
      69853.208      27376.670     630662.316          0.004
      70682.507      27359.668    1087102.795          0.003
      69853.208      27376.670     630662.316          0.004
      69205.057      28262.023    1166138.686          0.003
      71081.589      27351.487    1381630.682          0.003
      70776.720      28700.271    1114335.586          0.002
      71081.589      27351.487    1381630.682          0.003
      72069.394      27593.575    1045212.642          0.003
      72955.351      27887.358    1045212.642          0.003
      73987.324      28816.989    1816396.332          0.003
      71847.736      28271.873    1045212.642          0.004
      70750.987      28814.115    3033986.887          0.002
      74617.185      27971.535     977517.911          0.002
      73987.324      28816.989    1816396.332          0.003
      75084.898      27343.731    7194506.979          0.001
      75136.704      28359.772    4537362.589          0.002
      77955.356      28290.450     908698.221          0.001
      77189.962      28761.270    1889732.893          0.001
      79691.480      27811.617     893817.771          0.000
      79003.028      28393.133    1223897.160          0.001
       2018.424      28823.678     926940.516          0.002
       3008.860      29740.190    1701847.611          0.002
       1980.499      28788.584     982408.828          0.002
       1358.257      29629.788     889568.011          0.001
       1980.499      28788.584     982408.828          0.002
       1306.999      29061.743     899254.561          0.001
       2076.870      28777.640     926940.516          0.002
       3192.896      28650.901    1422162.339          0.002
       3192.896      28650.901    1422162.339          0.002
       3008.860      29740.190    1701847.611          0.002
       3397.118      28658.124     944513.272          0.002
       4796.243      28707.607     968642.708          0.002
       4799.157      28739.420     968642.708          0.002
       3577.127      29422.531     926775.437          0.002
      10327.812      28517.977    1929790.802          0.002
      11038.753      28589.416    1591749.694          0.002
      10327.812      28517.977    1929790.802          0.002
      10736.675      29254.947    1033926.796          0.001
      10041.566      28665.650    1056928.426          0.002
       8797.379      29307.522     995297.199          0.002
      11038.753      28589.416    1591749.694          0.002
      12292.192      29066.903    1083791.648          0.002
      11433.488      28373.136    1067823.642          0.002
      12183.161      27962.381    1262481.552          0.003
      12956.369      28334.709    1116822.544          0.002
      12183.161      27962.381    1262481.552          0.003
      13257.419      28479.675    2630835.065          0.002
      14608.398      28651.150    1150201.179          0.002
      15769.293      29069.508    1178194.820          0.002
      15216.554      29833.281    1326869.309          0.002
      18114.512      28657.540    1015986.507          0.003
      19111.728      29449.738    5994239.614          0.003
      20271.909      28516.348    1362716.872          0.004
      20177.809      27506.563    2232586.406          0.004
      20271.909      28516.348    1362716.872          0.004
      20777.710      29104.550    1278391.718          0.004
      20271.909      28516.348    1362716.872          0.004
      21476.139      28426.805    1368013.771          0.004
      22356.196      28361.366    2590950.324          0.003
      21308.192      29179.045    1278391.718          0.004
      24542.928      28691.399    1213792.097          0.004
      24413.778      29496.002    1260790.658          0.003
      24542.928      28691.399    1213792.097          0.004
      25252.937      29495.938    1306840.637          0.004
      24542.928      28691.399    1213792.097          0.004
      25418.169      28541.591    2548400.002          0.003
      25418.169      28541.591    2548400.002          0.003
      25429.424      29695.923    1540105.703          0.004
      25836.758      27658.672    1397302.152          0.004
      26183.823      26926.619    5406782.109          0.003
      25418.169      28541.591    2548400.002          0.003
      26614.047      28408.348    1421054.922          0.003
      27125.459      28351.366    8433076.138          0.003
      28220.545      28419.681    1414795.801          0.003
      29443.525      28441.532    1414795.801          0.002
      30452.212      28321.868   13711437.628          0.002
      28930.908      28593.479    1414795.801          0.002
      27703.582      29267.030    1319313.022          0.003
      30600.293      28497.438    1431221.743          0.003
      31400.774      29446.521    3870950.573          0.003
      31692.305      28727.749    1394218.961          0.004
      33082.647      28563.586    1405017.068          0.003
      31277.937      28776.675    1150292.837          0.003
      31400.774      29446.521    3870950.573          0.003
      33372.973      28529.307    1794412.988          0.003
      32316.821      29020.494    1342581.252          0.004
      33372.973      28529.307    1794412.988          0.003
      33480.638      29282.696    1327777.768          0.003
      34358.198      28610.523   14781436.226          0.002
      35349.870      28538.105    1384822.692          0.003
      34175.390      28818.319    1389460.141          0.003
      33520.634      29562.568    4230117.763          0.003
      36690.284      28893.481    1384822.692          0.002
      37304.405      29793.785    1819104.806          0.003
      36395.773      28461.725   49969553.443          0.002
      35543.595      29400.190   22041991.918          0.002
      37865.531      28599.675    1384822.692          0.003
      38564.792      28665.307    1982788.997          0.003
      38564.792      28665.307    1982788.997          0.003
      39617.796      29514.408    1306617.117          0.003
      38925.670      28585.479    1369487.561          0.004
      39627.879      28430.146    1229647.662          0.004
      38564.792      28665.307    1982788.997          0.003
      37799.876      29350.169    1291070.137          0.003
      39627.879      28430.146    1229647.662          0.004
      40481.912      29436.584    1302732.180          0.004
      41578.952      28502.101    1860347.296          0.003
      42298.014      29692.273    1282006.557          0.003
      41578.952      28502.101    1860347.296          0.003
      40744.610      29539.170    1302732.180          0.003
      41578.952      28502.101    1860347.296          0.003
      42314.193      28580.998    1351593.755          0.003
      42325.343      28582.195     936353.366          0.003
      43030.393      28940.865    1311436.174          0.003
      42332.426      28830.688    1351593.755          0.003
      42359.901      29794.707    1434321.570          0.003
      44968.100      28717.528    1304116.859          0.002
      46348.599      28484.670    1294719.006          0.002
      47495.035      28787.359    1616064.453          0.002
      47842.004      29675.581    1798107.704          0.002
      47971.510      28749.842    1272865.512          0.003
      49367.191      28639.948    1279196.242          0.003
      47495.035      28787.359    1616064.453          0.002
      46961.481      29264.467    1230520.479          0.002
      49656.759      28679.361    1279196.242          0.003
      50543.782      29762.500    1224167.443          0.003
      49470.846      28703.320    1279196.242          0.003
      48268.716      29420.875    1226160.931          0.003
      49608.897      28620.917    3378468.916          0.003
      50691.712      28574.563    1286781.325          0.002
      51753.398      28657.591    1286781.325          0.002
      52825.435      29558.000    1250299.554          0.002
      51155.456      29064.072    1286781.325          0.002
      50550.668      29770.909     677688.408          0.003
      52673.626      28608.071    1286781.325          0.003
      53847.285      28688.160   13926241.243          0.002
      54996.258      29385.018    1302476.522          0.003
      55622.067      29764.574    3682130.886          0.003
      53804.330      28898.056    1302476.522          0.002
      53627.116      29764.010     973880.932          0.003
      55812.738      28609.093    1533000.282          0.004
      57066.705      29192.942    1306495.096          0.004
      55812.738      28609.093    1533000.282          0.004
      55690.113      29352.209    1278827.314          0.004
      56148.252      28626.954    1333106.842          0.004
      57546.273      28701.377    1340042.838          0.003
      56108.590      28354.891    1333106.842          0.004
      56811.768      27750.708     779797.474          0.004
      57469.248      28484.826    1340042.838          0.004
      56811.768      27750.708     779797.474          0.004
      57669.044      28707.912    2001492.738          0.003
      57576.835      29430.460    1985682.705          0.004
      59741.510      28365.745    5399272.500          0.003
      59099.375      29014.185    1314956.225          0.003
      61930.091      28872.699    1319933.361          0.003
      62750.285      30007.283    1233562.774          0.004
      61875.606      28797.330    4436069.842          0.003
      61743.146      29853.175    1237064.026          0.004
      61930.728      28812.207    1319933.361          0.003
      63282.365      29177.004    1267280.277          0.004
      64733.623      28658.631    1789950.882          0.003
      65909.056      28392.628    1252588.575          0.004
      64733.623      28658.631    1789950.882          0.003
      63976.487      29364.342    3595273.308          0.003
      65993.130      28373.602    1079725.228          0.004
      66649.249      28351.152    1138115.354          0.003
      66649.249      28351.152    1138115.354          0.003
      66136.163      28985.090    1223359.707          0.003
      68929.778      28638.045    3239852.449          0.002
      69821.911      29030.625    1097109.931          0.002
      68929.778      28638.045    3239852.449          0.002
      70271.136      28767.724    1114335.586          0.002
      68599.707      28785.460    1166138.686          0.003
      67321.404      29356.371    1190413.007          0.003
      70964.723      28893.544    1114335.586          0.002
      72277.035      29381.228    1051073.470          0.003
      71418.167      28810.972    1114335.586          0.003
      72818.152      28804.375    1053986.027          0.004
      73012.465      28803.459     497256.058          0.004
      73753.376      28813.742    1027876.230          0.003
      73012.465      28803.459     497256.058          0.004
      72672.901      29528.340    1026357.210          0.002
      73987.324      28816.989    1816396.332          0.003
      74508.913      29849.465     963022.772          0.002
      73987.324      28816.989    1816396.332          0.003
      73258.163      29962.009    1011092.038          0.002
      73678.835      28983.940    1027876.230          0.003
      72672.901      29528.340    1026357.210          0.002
      75280.186      28725.890     990779.676          0.002
      75791.021      30029.366     950078.595          0.002
      75110.466      28682.392     990779.676          0.002
      74996.982      30077.785     963022.772          0.002
      75479.844      28426.871     990779.676          0.002
      76853.823      28695.540     952010.454          0.002
      77032.322      29002.846     952010.454          0.002
      76267.240      30175.300     950078.595          0.002
      77189.962      28761.270    1889732.893          0.001
      78425.300      28510.438     913367.176          0.001
      77189.962      28761.270    1889732.893          0.001
      77915.172      29643.334    1266257.106          0.002
      79003.028      28393.133    1223897.160          0.001
      79642.366      29161.838     905611.012          0.001
      78644.902      28804.703     913367.176          0.001
      77915.172      29643.334    1266257.106          0.002
      79003.028      28393.133    1223897.160          0.001
      79765.476      28529.488     904589.084          0.000
        103.228      29689.354     899254.561          0.000
        816.074      30362.759    2499862.343          0.001
       3022.096      29737.907     926775.437          0.002
       4401.721      29499.929     961789.023          0.002
       3008.860      29740.190    1701847.611          0.002
       1977.527      30033.003     889568.011          0.002
       3008.860      29740.190    1701847.611          0.002
       3819.294      30087.415     920691.667          0.002
       3008.860      29740.190    1701847.611          0.002
       2709.604      30450.342     874194.880          0.002
       5254.249      29361.669     961789.023          0.001
       6371.149      30205.786     941287.768          0.001
       5596.343      29435.802     961789.023          0.001
       6928.988      29743.957    1662080.489          0.001
       7110.551      29717.943     969234.547          0.001
       8344.536      29541.142    2761389.272          0.002
       8344.536      29541.142    2761389.272          0.002
       8744.026      30311.093     967820.955          0.001
       8344.536      29541.142    2761389.272          0.002
       9446.513      29579.789    1019838.514          0.002
      10166.961      29963.290    1019838.514          0.001
      10095.605      31361.470     987702.410          0.001
      10347.944      29761.489    1019838.514          0.001
      10990.911      30377.037    2115536.460          0.001
      14421.546      29662.870    1083791.648          0.002
      15216.554      29833.281    1326869.309          0.002
      12398.705      29724.738    1083791.648          0.002
      11128.438      30313.314    1015529.324          0.002
      15216.554      29833.281    1326869.309          0.002
      14554.748      30433.792    1089053.960          0.002
      15365.660      29798.715    1122907.167          0.002
      16729.493      29482.552    1189451.131          0.002
      15323.004      29965.479    1122907.167          0.002
      15986.085      30788.945    3328047.941          0.003
      16751.662      29929.169    1189451.131          0.003
      15986.085      30788.945    3328047.941          0.003
      19225.846      30235.389    1236351.581          0.003
      19427.088      31620.850    1167308.535          0.003
      19111.728      29449.738    5994239.614          0.003
      20218.176      30303.522    1215791.121          0.003
      19627.457      29435.508    1236351.581          0.003
      21026.925      29396.896    1278391.718          0.003
      18918.624      29654.789    1236351.581          0.003
      17998.389      30631.959    3309704.735          0.003
      21029.051      29396.837    2156775.740          0.003
      21090.393      30095.877    1204179.103          0.003
      21029.051      29396.837    2156775.740          0.003
      20415.244      30295.876    1215791.121          0.003
      23631.866      29796.119    1306153.897          0.003
      24293.859      30243.096    2258666.776          0.003
      22489.516      29824.918    1306153.897          0.003
      21366.409      30660.758    1204179.103          0.003
      25429.424      29695.923    1540105.703          0.004
      25370.878      30832.139    1190485.469          0.004
      25429.424      29695.923    1540105.703          0.004
      25983.781      30232.312    1247823.252          0.003
      25429.424      29695.923    1540105.703          0.004
      24483.169      30151.877    1260790.658          0.003
      27233.855      29590.253    1319313.022          0.002
      28630.588      29494.671    1336710.435          0.003
      27031.681      29691.988    1319313.022          0.002
      26375.571      30611.403    1816631.411          0.003
      29459.024      29585.099    1336710.435          0.002
      30191.847      30534.561    2364613.069          0.003
      29126.307      29593.259    1336710.435          0.002
      27956.635      30362.588    1245820.858          0.002
      31842.251      30183.338    1342581.252          0.004
      32561.810      31384.268    1225322.579          0.003
      31400.774      29446.521    3870950.573          0.003
      31387.085      30538.059    1213534.333          0.003
      31622.225      29458.644    1342581.252          0.003
      33020.132      29535.170    1327777.768          0.003
      31400.774      29446.521    3870950.573          0.003
      30840.726      29950.567    1265170.766          0.003
      33573.552      29701.162    1327777.768          0.003
      34072.932      31009.069    1207868.327          0.003
      33520.634      29562.568    4230117.763          0.003
      34242.964      29922.803    1252943.544          0.004
      33186.622      30286.169    1327777.768          0.004
      32628.423      31495.444    2065732.141          0.003
      35544.848      29435.572    1322824.296          0.002
      35585.804      30592.495    3366614.300          0.002
      36205.781      29901.164    1292644.607          0.002
      35585.804      30592.495    3366614.300          0.002
      37304.405      29793.785    1819104.806          0.003
      37461.319      30647.315    1188760.345          0.003
      37304.405      29793.785    1819104.806          0.003
      36978.622      30456.632    1219991.604          0.002
      37304.405      29793.785    1819104.806          0.003
      38168.118      30462.851    1233904.406          0.002
      39731.005      29605.696    3170441.282          0.003
      39500.922      30624.113    1229644.939          0.003
      39934.932      29614.425    1306617.117          0.003
      40659.127      29645.423    2948414.785          0.003
      40659.127      29645.423    2948414.785          0.003
      41399.979      30645.422    1234557.483          0.004
      40875.938      29664.454    1302732.180          0.004
      42270.576      29786.867    1282006.557          0.003
      42359.901      29794.707    1434321.570          0.003
      42747.811      30578.365    2048082.691          0.003
      42359.901      29794.707    1434321.570          0.003
      41577.521      30661.869    1234557.483          0.004
      43392.057      30193.715    1264706.509          0.003
      42747.811      30578.365    2048082.691          0.003
      44358.684      29616.588    1940943.529          0.002
      44552.664      30785.342    1200034.243          0.002
      44358.684      29616.588    1940943.529          0.002
      45138.941      29652.176    1230520.479          0.003
      44358.684      29616.588    1940943.529          0.002
      43342.014      29099.391    3680106.940          0.002
      47086.400      29695.748    1230520.479          0.002
      47842.004      29675.581    1798107.704          0.002
      45412.711      30324.741    1230520.479          0.002
      44559.016      30823.610    4991051.114          0.002
      47842.004      29675.581    1798107.704          0.002
      49009.844      30167.515    1193234.603          0.003
      47842.004      29675.581    1798107.704          0.002
      47670.302      30575.489    2991418.483          0.002
      50550.668      29770.909     677688.408          0.003
      49969.851      30260.342    1193234.603          0.002
      53058.616      29863.521    1250299.554          0.002
      53707.742      30720.920   11382830.896          0.002
      54448.304      29764.242    1251901.791          0.003
      55622.067      29764.574    3682130.886          0.003
      53627.116      29764.010     973880.932          0.003
      53692.239      30536.924    1216583.530          0.002
      55636.012      29806.267    1278827.314          0.003
      55893.888      30577.255    1125862.637          0.004
      56422.869      29627.699    1278827.314          0.004
      57576.835      29430.460    1985682.705          0.004
      56648.459      30134.241    1278827.314          0.004
      57480.722      30433.990     776454.687          0.004
      57576.835      29430.460    1985682.705          0.004
      57480.722      30433.990     776454.687          0.004
      57576.835      29430.460    1985682.705          0.004
      58403.660      29294.888    1314956.225          0.003
      59721.980      29592.151    1288354.402          0.002
      58902.381      29213.114   11763118.592          0.002
      60734.984      30102.860    1288354.402          0.003
      61652.506      30575.670    2490993.004          0.003
      63976.487      29364.342    3595273.308          0.003
      64710.731      29409.281    1223359.707          0.003
      63933.950      29410.083    1267280.277          0.003
      63025.078      30387.408    2123454.369          0.004
      65741.765      29472.385    6254721.880          0.002
      66892.822      29530.488    1190413.007          0.002
      65741.765      29472.385    6254721.880          0.002
      65036.761      30661.256    1179845.514          0.002
      66927.614      29532.244    4068082.828          0.002
      67834.261      29651.945    1127145.448          0.003
      69250.193      29725.193    1127145.448          0.002
      70626.862      29470.669    1097109.931          0.002
      68511.648      29984.460    1127145.448          0.002
      67263.476      30618.548    1132843.890          0.002
      70764.203      29445.277    5260384.218          0.002
      69568.553      30090.795    1099399.295          0.002
      71418.512      29473.751    1097109.931          0.002
      72672.901      29528.340    1026357.210          0.002
      72672.901      29528.340    1026357.210          0.002
      72060.707      29874.905    1051085.883          0.002
      77915.172      29643.334    1266257.106          0.002
      78604.344      29963.622     886483.899          0.001
      77915.172      29643.334    1266257.106          0.002
      77817.658      30576.418     695510.296          0.002
      77761.214      29718.563     938724.755          0.002
      76503.350      30333.199     950078.595          0.002
        826.981      30373.125     889568.011          0.001
       1841.836      31337.527     874194.880          0.001
        816.074      30362.759    2499862.343          0.001
        189.816      31337.280     859873.943          0.000
       6349.558      30909.226     941287.768          0.001
       5136.909      31436.737    2000667.767          0.001
       8651.547      30937.737     967820.955          0.001
       7309.256      31335.548     937695.112          0.001
      11138.346      30527.816    1015529.324          0.002
      12117.134      31528.802    1034386.742          0.002
      12192.555      30558.653    1015529.324          0.003
      13128.561      30700.121     915278.891          0.003
      10990.911      30377.037    2115536.460          0.001
      10329.856      31266.966     987702.410          0.001
      13136.194      30775.463    1061154.729          0.003
      13277.294      32168.334    1072761.974          0.003
      13187.344      30735.666    1061154.729          0.003
      14317.458      31419.046    1279691.098          0.002
      13128.561      30700.121     915278.891          0.003
      13873.454      30677.475    1089053.960          0.002
      13128.561      30700.121     915278.891          0.003
      12575.402      31218.893    1034386.742          0.002
      16636.199      31743.479    1127182.624          0.004
      17081.956      32397.966    2589913.231          0.003
      16980.299      30711.383    1127182.624          0.003
      17998.389      30631.959    3309704.735          0.003
      15986.085      30788.945    3328047.941          0.003
      15305.071      31739.372    1104507.753          0.002
      18108.793      31619.119    1174124.100          0.004
      18226.437      32671.019     856631.715          0.005
      17737.550      31134.608    1174124.100          0.003
      17092.703      32377.255    1140937.090          0.003
      18227.879      30806.627    1174124.100          0.003
      19341.908      31654.529    1167308.535          0.003
      20343.827      30400.480    1916591.092          0.003
      21032.117      30756.066    1204179.103          0.003
      20119.829      30731.540    1215791.121          0.003
      19443.175      31731.604    2526683.226          0.003
      21153.844      30818.954    2071536.858          0.002
      22329.362      30717.343    1226462.481          0.003
      23090.654      30720.452    1226462.481          0.002
      23482.504      31541.117    2342429.129          0.002
      22675.766      30814.882    1226462.481          0.002
      21384.549      31355.951    1181877.873          0.002
      26375.571      30611.403    1816631.411          0.003
      27144.478      30655.181    1245820.858          0.002
      26229.810      30754.789    1247823.252          0.003
      25329.214      31640.709    2481872.198          0.003
      27490.254      30678.758    1245820.858          0.002
      28711.750      31362.826    1193090.222          0.002
      30396.879      30726.047    1265170.766          0.003
      31373.291      31637.951    5215853.209          0.002
      35585.804      30592.495    3366614.300          0.002
      35215.669      31726.692    5850564.561          0.002
      35585.804      30592.495    3366614.300          0.002
      36335.943      31012.670    1219991.604          0.002
      35002.687      31145.328    1252943.544          0.003
      34358.240      31756.305    3157119.269          0.003
      38809.858      30922.942    1233904.406          0.002
      39733.844      31493.173    5694517.571          0.002
      40601.711      30803.813    1229644.939          0.003
      41486.722      30762.507    1694786.378          0.004
      39448.160      30857.652    5251522.253          0.002
      39733.844      31493.173    5694517.571          0.002
      41486.722      30762.507    1694786.378          0.004
      41553.181      31486.413    1314913.486          0.004
      41486.722      30762.507    1694786.378          0.004
      42747.811      30578.365    2048082.691          0.003
      42747.811      30578.365    2048082.691          0.003
      43042.136      29845.789    1311436.174          0.003
      42674.084      31147.452    1235455.708          0.004
      42501.330      32480.923    1415689.784          0.004
      42747.811      30578.365    2048082.691          0.003
      43338.874      31598.465    1185366.787          0.003
      42675.365      30633.431    1235455.708          0.004
      41560.796      31480.624    1205191.933          0.004
      44559.016      30823.610    4991051.114          0.002
      45477.111      30647.952    1196415.238          0.002
      44559.016      30823.610    4991051.114          0.002
      44570.652      31531.699    3779488.140          0.002
      44040.253      31320.244    1200034.243          0.003
      43485.429      31851.400    1573839.730          0.003
      48117.933      31073.347    1187158.775          0.002
      49053.974      32114.417    1154287.068          0.003
      47678.024      31060.477    1187158.775          0.002
      47700.315      32460.299    1145023.750          0.002
      47778.390      30569.833    1187158.775          0.002
      49176.477      30496.679    1193234.603          0.002
      47670.302      30575.489    2991418.483          0.002
      47053.268      31238.051    1164550.416          0.002
      49790.499      30465.336    1193234.603          0.002
      51189.344      30408.486    1206214.557          0.002
      49664.936      31082.226    1193234.603          0.002
      49532.397      32475.938    1154287.068          0.002
      51773.910      30429.333    1206214.557          0.001
      51851.043      31783.909   20498986.439          0.001
      52775.844      30559.174    1206214.557          0.002
      53707.742      30720.920   11382830.896          0.002
      53707.742      30720.920   11382830.896          0.002
      53625.717      31751.023    2001335.520          0.003
      55893.888      30577.255    1125862.637          0.004
      55530.402      31488.644    1215496.317          0.004
      55893.888      30577.255    1125862.637          0.004
      56686.430      31496.926    1224009.356          0.004
      56259.339      30544.261    1249305.385          0.005
      57480.722      30433.990     776454.687          0.004
      57480.722      30433.990     776454.687          0.004
      57694.486      31118.028    1219092.697          0.004
      57480.722      30433.990     776454.687          0.004
      56868.773      31255.531    1224009.356          0.004
      58709.270      30644.777    5403720.715          0.002
      59441.720      30502.465    1252027.758          0.002
      58458.230      30917.989    1248473.028          0.003
      57841.668      31589.007    1203833.083          0.003
      58749.359      30347.574    1248473.028          0.003
      58902.381      29213.114   11763118.592          0.002
      59988.142      30753.060    1252027.758          0.002
      60973.239      31559.303    2718774.296          0.003
      61965.478      30532.743    1237064.026          0.004
      63025.078      30387.408    2123454.369          0.004
      61710.630      30623.873    1237064.026          0.003
      62726.443      31466.311    2178774.321          0.003
      61652.506      30575.670    2490993.004          0.003
      61252.309      31155.187    1202857.165          0.003
      63025.078      30387.408    2123454.369          0.004
      63987.949      31083.443    1163111.940          0.004
      63025.078      30387.408    2123454.369          0.004
      62743.340      31405.267    1195158.725          0.003
      64974.686      30765.935    9431034.282          0.002
      65985.874      31185.797    1126217.056          0.003
      64945.869      30891.533    1179845.514          0.002
      64771.826      31650.089    3060199.710          0.003
      67440.161      31052.211    1132843.890          0.002
      68002.100      31497.971     814427.512          0.003
      69277.263      30799.649    1099399.295          0.002
      70045.574      31855.760    1519784.337          0.002
      71012.856      30606.956    1051085.883          0.001
      71060.740      32006.137    1026063.803          0.001
      71558.008      30480.150    1051085.883          0.002
      72913.430      30503.353    3403971.750          0.001
      70646.330      30991.389    1051085.883          0.002
      70045.574      31855.760    1519784.337          0.002
      72970.123      30509.211    1011092.038          0.001
      74362.710      30653.091     963022.772          0.002
      72913.430      30503.353    3403971.750          0.001
      72107.693      31356.292    1011122.308          0.001
      74945.298      30713.283    2893658.188          0.001
      76005.442      30576.494    2760932.494          0.001
      74945.298      30713.283    2893658.188          0.001
      73718.449      31339.923     978257.349          0.001
      76005.442      30576.494    2760932.494          0.001
      75312.535      31335.274     937164.019          0.001
      76377.837      30576.478     950078.595          0.002
      77777.837      30576.419     919869.159          0.002
      77817.658      30576.418     695510.296          0.002
      78549.181      30588.427     886483.899          0.001
      77817.658      30576.418     695510.296          0.002
      77343.003      31171.343     901401.239          0.001
      79850.436      30745.406     886483.899          0.000
      78804.812      31676.358     875537.760          0.000
       1850.625      31826.305     874194.880          0.001
        572.382      32397.353     862345.710          0.001
       2886.992      31814.826     882445.191          0.001
       2908.735      32707.912    2690309.374          0.001
       3937.098      31468.706     882445.191          0.001
       5136.909      31436.737    2000667.767          0.001
       5664.679      32015.035     910842.815          0.002
       6153.817      32551.005     834284.405          0.003
       5296.687      31432.248     910842.815          0.001
       6696.135      31392.935     937695.112          0.001
       5063.753      31742.622     910842.815          0.001
       4882.440      32500.747     811226.833          0.003
       8058.134      31876.272     937695.112          0.002
       9053.517      32426.093    3809745.426          0.002
       7851.312      31379.602     937695.112          0.002
       9109.713      31379.029     627245.329          0.001
       9109.713      31379.029     627245.329          0.001
      10009.046      31581.824     987702.410          0.001
       9109.713      31379.029     627245.329          0.001
       9053.517      32426.093    3809745.426          0.002
      12119.122      32229.347    1034386.742          0.002
      11989.873      33623.368    1071041.828          0.002
      12178.276      31591.331    9749549.213          0.002
      11177.955      32524.893    1023107.486          0.002
      14516.583      31805.346    1085203.248          0.003
      14967.742      32680.589    2358713.717          0.003
      14317.458      31419.046    1279691.098          0.002
      15225.656      31850.205    7266130.900          0.002
      14317.458      31419.046    1279691.098          0.002
      13546.127      32392.537    1072761.974          0.003
      19443.175      31731.604    2526683.226          0.003
      20066.148      32390.403    1147961.926          0.003
      19012.340      32064.242    1167308.535          0.004
      18226.437      32671.019     856631.715          0.005
      20938.018      31970.588    1181877.873          0.003
      20479.963      32828.016    3511111.722          0.003
      23631.717      31691.511    1187034.372          0.003
      24505.147      32571.858    1503368.184          0.003
      24240.099      31581.974    1187034.372          0.003
      25329.214      31640.709    2481872.198          0.003
      23835.034      30977.133    1187034.372          0.003
      24293.859      30243.096    2258666.776          0.003
      25138.982      31383.917    1190485.469          0.003
      24305.618      30258.970    1260790.658          0.003
      25329.214      31640.709    2481872.198          0.003
      24612.002      32451.118    1152158.484          0.003
      25329.214      31640.709    2481872.198          0.003
      25884.892      32393.437    1142277.365          0.003
      27619.393      31872.622    1178941.791          0.002
      29016.943      31789.839    1193090.222          0.002
      27023.981      32206.991    1178941.791          0.002
      26249.859      32887.824    2042587.182          0.002
      29472.565      32092.980    1193090.222          0.002
      29571.488      32863.440    1295888.748          0.002
      31371.094      31689.799    1213534.333          0.002
      31331.273      32629.753    2427718.048          0.003
      32628.423      31495.444    2065732.141          0.003
      33245.532      32616.697    1185128.826          0.004
      32628.423      31495.444    2065732.141          0.003
      33637.115      31647.558    1207868.327          0.003
      32628.423      31495.444    2065732.141          0.003
      31825.341      32197.710    1178787.623          0.004
      34358.240      31756.305    3157119.269          0.003
      34625.920      32455.475    1225061.597          0.003
      34073.199      32006.684    1207868.327          0.003
      33288.942      32695.571    2139791.027          0.004
      35215.669      31726.692    5850564.561          0.002
      36198.585      32683.668    1166248.262          0.002
      37665.385      31757.331   18056065.992          0.002
      36625.595      31174.913   78250362.990          0.002
      38749.154      31618.925    1188760.345          0.003
      39733.844      31493.173    5694517.571          0.002
      38118.735      31982.817    1188760.345          0.002
      39372.244      32606.287    1161723.253          0.002
      37665.385      31757.331   18056065.992          0.002
      36527.606      31652.474   89729730.699          0.002
      39797.435      31610.991    1201980.371          0.002
      40462.387      32842.998    1159316.161          0.002
      41664.967      31603.665    1205191.933          0.004
      42501.330      32480.923    1415689.784          0.004
      41553.181      31486.413    1314913.486          0.004
      41122.641      32049.861    1159316.161          0.003
      43485.429      31851.400    1573839.730          0.003
      43689.149      32894.213    1030363.275          0.003
      43218.452      32022.184    1185366.787          0.003
      42501.330      32480.923    1415689.784          0.004
      44605.567      31894.787    1181862.212          0.003
      44729.201      33180.453     820193.661          0.003
      44570.652      31531.699    3779488.140          0.002
      45497.222      32355.588    1154535.965          0.003
      44105.000      32251.444    1181862.212          0.003
      43689.149      32894.213    1030363.275          0.003
      47126.251      32194.611    1164550.416          0.002
      47704.576      32727.905    1985958.258          0.002
      46213.752      32034.727    1164550.416          0.002
      45649.236      32490.756    1129230.945          0.002
      51848.915      32107.944    1181872.234          0.002
      51839.725      33507.914    1124817.809          0.002
      53599.448      31908.315    1197206.744          0.003
      53436.861      32881.828    2084439.248          0.003
      53625.717      31751.023    2001335.520          0.003
      52788.305      32645.158    1167993.833          0.002
      54671.931      31698.848    1197206.744          0.004
      55462.287      31659.433    2043690.534          0.004
      55462.287      31659.433    2043690.534          0.004
      55818.349      32767.856    1786258.180          0.004
      55462.287      31659.433    2043690.534          0.004
      54363.223      32322.745    1173098.104          0.004
      55570.804      31645.183    1215496.317          0.004
      56687.788      31498.503    1778419.949          0.004
      56687.788      31498.503    1778419.949          0.004
      55915.768      32625.628    1191439.515          0.005
      56687.788      31498.503    1778419.949          0.004
      57742.693      31581.244    1219092.697          0.004
      57841.668      31589.007    1203833.083          0.003
      57901.450      32336.050    1193185.780          0.003
      58686.091      31998.903    1213948.876          0.003
      57914.504      32499.187    5194099.621          0.002
      60046.758      31451.563    1213948.876          0.002
      60973.239      31559.303    2718774.296          0.003
      60973.239      31559.303    2718774.296          0.003
      61513.359      32750.201    1169649.511          0.002
      61949.701      31507.510    1202857.165          0.004
      62726.443      31466.311    2178774.321          0.003
      62826.845      31635.754    1195158.725          0.004
      63540.521      32840.190    1165519.128          0.004
      62788.842      31471.917    1195158.725          0.003
      64183.224      31597.203    1163111.940          0.004
      64861.716      31750.729    1163111.940          0.003
      65794.328      32794.873    1140402.657          0.003
      64456.378      31963.022    1163111.940          0.003
      63552.235      32859.958    1901680.963          0.004
      67204.196      32057.888    1126217.056          0.003
      67914.029      32820.406    2422530.918          0.003
      66996.421      31470.444    1126217.056          0.002
      68002.100      31497.971     814427.512          0.003
      68002.100      31497.971     814427.512          0.003
      68635.602      31878.521    1057728.928          0.003
      67997.092      31573.176    1095601.944          0.003
      67914.029      32820.406    2422530.918          0.003
      68002.100      31497.971     814427.512          0.003
      68947.719      31663.538    1045518.812          0.003
      70045.574      31855.760    1519784.337          0.002
      70738.757      32311.705    1031554.571          0.001
      70045.574      31855.760    1519784.337          0.002
      69669.127      32499.369    9657325.874          0.002
      71994.195      32041.862    1011122.308          0.001
      72788.048      32704.675    2330463.740          0.001
      73954.761      32015.216     978257.349          0.002
      75160.099      32583.693    2584113.370          0.001
      75023.743      31881.212     937164.019          0.001
      75160.099      32583.693    2584113.370          0.001
      77317.269      32298.613     901401.239          0.001
      77867.939      32880.212     864922.870          0.002
      78769.441      31724.566     875537.760          0.000
      79887.006      32567.803     865266.289          0.000
       1594.187      32683.123     862345.710          0.002
       2908.735      32707.912    2690309.374          0.001
       2908.735      32707.912    2690309.374          0.001
       2424.379      33941.431     908362.003          0.001
       2933.253      32920.716     894890.303          0.001
       3039.979      33847.058     630873.974          0.002
       2908.735      32707.912    2690309.374          0.001
       1628.912      33132.750     874710.274          0.002
       3863.699      32607.677     894890.303          0.002
       4882.440      32500.747     811226.833          0.003
       3745.698      33107.643     894890.303          0.002
       4813.020      33617.392    1823814.556          0.002
       4882.440      32500.747     811226.833          0.003
       4813.020      33617.392    1823814.556          0.002
       4985.896      32504.837     922052.939          0.003
       6153.817      32551.005     834284.405          0.003
       6153.817      32551.005     834284.405          0.003
       6237.579      33683.862    1559887.077          0.002
       6153.817      32551.005     834284.405          0.003
       5185.955      33320.783     942560.415          0.002
       6153.817      32551.005     834284.405          0.003
       7120.987      32700.731    1542739.430          0.002
       7245.069      33009.631     962241.208          0.002
       7766.911      34308.739    1023817.433          0.003
       7120.987      32700.731    1542739.430          0.002
       8388.931      32520.540     983437.908          0.002
       7120.987      32700.731    1542739.430          0.002
       6322.670      33589.166     969292.395          0.002
       8648.386      33384.382     983437.908          0.003
       8103.231      34673.880    1023817.433          0.003
       9441.797      32994.746     983437.908          0.002
      10002.861      33816.446    1585460.838          0.002
       9053.517      32426.093    3809745.426          0.002
      10429.573      32653.741    1023107.486          0.002
      13184.031      33751.506    1072761.974          0.003
      13068.687      34620.181    1788665.034          0.003
      14183.282      32674.544    1072761.974          0.003
      14967.742      32680.589    2358713.717          0.003
      13327.906      32667.952    6363969.056          0.002
      12295.697      33466.810    1071041.828          0.002
      14923.595      32730.890    1107418.906          0.003
      14096.378      33673.440    2461160.090          0.003
      15622.650      33154.002    1107418.906          0.003
      16383.021      33703.651    1680236.051          0.003
      15856.223      32561.819    1107418.906          0.004
      17081.956      32397.966    2589913.231          0.003
      17244.606      32583.238    1140937.090          0.004
      18168.238      33635.333    1148262.157          0.004
      17250.960      32438.287    1140937.090          0.004
      18226.437      32671.019     856631.715          0.005
      16978.127      32591.929    1140937.090          0.004
      16383.021      33703.651    1680236.051          0.003
      18226.437      32671.019     856631.715          0.005
      18855.059      33009.017    1139334.777          0.004
      18226.437      32671.019     856631.715          0.005
      18275.209      33667.702    1148262.157          0.004
      20479.963      32828.016    3511111.722          0.003
      21106.259      33357.063    1130507.055          0.002
      20479.963      32828.016    3511111.722          0.003
      20163.735      33712.666    3132428.176          0.003
      22122.980      32774.066    1151930.986          0.002
      21403.568      33608.206    7109334.050          0.002
      23728.223      32521.873    1151930.986          0.003
      24505.147      32571.858    1503368.184          0.003
      24505.147      32571.858    1503368.184          0.003
      25125.787      33406.732    1116788.727          0.003
      24505.147      32571.858    1503368.184          0.003
      25784.642      32803.574    1142277.365          0.003
      26249.859      32887.824    2042587.182          0.002
      27182.272      33196.756    1123939.239          0.003
      26249.859      32887.824    2042587.182          0.002
      25256.629      33582.739    1194530.138          0.003
      30400.981      32753.289    1157032.133          0.003
      31331.273      32629.753    2427718.048          0.003
      29578.794      32870.564    1157032.133          0.002
      30551.419      33819.010    6825733.732          0.002
      31434.657      32762.628    1178787.623          0.003
      32164.949      33701.242    1319620.308          0.004
      31331.273      32629.753    2427718.048          0.003
      30856.750      33353.388    1137959.242          0.003
      32029.155      32653.216    1178787.623          0.004
      33288.942      32695.571    2139791.027          0.004
      33347.182      32728.415    1185128.826          0.004
      34566.638      33416.112    1162807.987          0.005
      33288.942      32695.571    2139791.027          0.004
      34397.989      32496.407    1185715.941          0.003
      33288.942      32695.571    2139791.027          0.004
      32297.742      33582.429    1154854.339          0.004
      34625.920      32455.475    1225061.597          0.003
      35423.282      33593.915    1150636.118          0.004
      34625.994      32464.381    1185715.941          0.003
      34634.175      33454.199     768532.000          0.005
      34625.920      32455.475    1225061.597          0.003
      35343.200      32587.593    1166248.262          0.003
      36276.467      32759.496    3036087.212          0.002
      36572.517      33780.476    1218693.299          0.003
      36276.467      32759.496    3036087.212          0.002
      36460.591      31947.876    1198525.628          0.002
      37021.819      33214.786    1163888.140          0.002
      36572.517      33780.476    1218693.299          0.003
      38136.336      32574.895    1163888.140          0.002
      39472.833      32656.318   12485682.814          0.002
      39472.833      32656.318   12485682.814          0.002
      39571.528      33655.721    4281971.077          0.002
      40484.826      32884.573    4375977.903          0.002
      40695.379      33449.798    2110019.221          0.003
      40484.826      32884.573    4375977.903          0.002
      39726.684      33524.715    1137446.247          0.002
      42501.330      32480.923    1415689.784          0.004
      42410.692      33650.762    1135835.133          0.003
      42501.330      32480.923    1415689.784          0.004
      41679.650      32921.747    1146324.749          0.004
      42501.330      32480.923    1415689.784          0.004
      43389.674      32790.013    1160498.107          0.004
      42501.330      32480.923    1415689.784          0.004
      43050.654      33294.291    1134730.272          0.003
      43689.149      32894.213    1030363.275          0.003
      44480.297      33111.950    1144522.206          0.003
      43689.149      32894.213    1030363.275          0.003
      43382.003      33784.910    1137907.758          0.003
      45649.236      32490.756    1129230.945          0.002
      45766.120      33441.223    1126054.204          0.002
      45453.269      32637.661    1154535.965          0.003
      44729.201      33180.453     820193.661          0.003
      47704.576      32727.905    1985958.258          0.002
      47755.962      33841.342    1072776.689          0.002
      47812.632      32722.083    1145023.750          0.002
      49210.604      32646.754    1154287.068          0.002
      47745.372      32760.126    1145023.750          0.002
      48750.018      33553.604     721217.632          0.002
      49517.727      32630.205    2886894.331          0.002
      50238.485      32319.064    1172747.421          0.002
      49481.414      32673.882    1154287.068          0.002
      48750.018      33553.604     721217.632          0.002
      52798.969      32941.599    1167993.833          0.002
      53589.708      33659.869    3729068.057          0.002
      52643.193      32800.099    3290545.402          0.002
      52176.309      33408.847    1124817.809          0.002
      54697.346      32821.504    1173098.104          0.004
      55818.349      32767.856    1786258.180          0.004
      53436.861      32881.828    2084439.248          0.003
      53589.708      33659.869    3729068.057          0.002
      55818.349      32767.856    1786258.180          0.004
      56681.602      33243.359    1156411.105          0.004
      55818.349      32767.856    1786258.180          0.004
      56725.584      32651.573    1193185.780          0.004
      55818.349      32767.856    1786258.180          0.004
      55021.565      33086.769    1150303.228          0.004
      55818.349      32767.856    1786258.180          0.004
      55662.227      33833.620    1158924.795          0.004
      57913.145      32528.234    1193185.780          0.002
      57849.551      33886.698    2304108.209          0.003
      59303.778      33408.327    1179040.083          0.002
      58741.367      34458.818     922169.023          0.002
      60543.941      32724.027    1179040.083          0.002
      61562.882      32859.392    7964613.731          0.002
      58447.028      33482.451    1179040.083          0.003
      57849.551      33886.698    2304108.209          0.003
      61587.774      32935.732    1169649.511          0.002
      61883.383      33842.347    2423722.355          0.003
      63552.235      32859.958    1901680.963          0.004
      62738.764      33338.817    1156309.243          0.004
      63552.235      32859.958    1901680.963          0.004
      63734.483      33524.048     746994.298          0.004
      63633.518      32859.463    1165519.128          0.004
      65033.492      32850.933    1140402.657          0.004
      66048.693      33061.994    1140402.657          0.003
      66844.650      33885.771    1359130.631          0.004
      65577.885      33177.738    1140402.657          0.003
      64709.888      34276.183    1145325.379          0.004
      65840.011      32846.019    3731786.653          0.003
      67024.552      32831.391    1099948.084          0.004
      64942.347      33135.087    1140402.657          0.004
      63734.483      33524.048     746994.298          0.004
      67351.341      33380.982    1099948.084          0.003
      66844.650      33885.771    1359130.631          0.004
      67914.029      32820.406    2422530.918          0.003
      67965.557      33738.120    3688071.388          0.003
      69753.775      32822.326    1057728.928          0.002
      69975.997      33670.177    1876669.839          0.002
      72821.349      33236.614     994588.494          0.002
      72907.227      34608.443    2599514.415          0.002
      72788.048      32704.675    2330463.740          0.001
      72175.468      33099.598    1350019.248          0.002
      73340.920      33194.080     994588.494          0.002
      74114.308      33878.687    1450690.117          0.002
      73088.660      32689.343     994588.494          0.002
      74486.843      32618.031     940722.806          0.002
      75451.955      32956.710     940722.806          0.002
      76164.029      33866.801    1840221.399          0.002
      74653.901      33210.515     940722.806          0.002
      74114.308      33878.687    1450690.117          0.002
      77867.939      32880.212     864922.870          0.002
      78646.202      33169.773     879636.699          0.001
      77867.939      32880.212     864922.870          0.002
      77785.409      33444.623     910840.989          0.002
      77867.939      32880.212     864922.870          0.002
      78663.409      32795.462     865266.289          0.001
      77299.873      33209.131     897572.735          0.002
      76164.029      33866.801    1840221.399          0.002
        780.564      33964.866     874710.274          0.001
       2092.149      34454.502     908362.003          0.001
       3343.375      33807.758     914789.052          0.002
       4731.776      33627.915     942560.415          0.002
       3039.979      33847.058     630873.974          0.002
       3904.865      34390.932     945120.904          0.001
       4813.020      33617.392    1823814.556          0.002
       5778.985      34387.842     977777.074          0.002
       4956.727      33624.097     942560.415          0.002
       6237.579      33683.862    1559887.077          0.002
       6661.829      33976.557     969292.395          0.003
       7814.190      34771.582    1023817.433          0.003
      10002.861      33816.446    1585460.838          0.002
      11266.715      33748.269    1071041.828          0.003
      10058.160      33948.349    1039302.974          0.003
      10346.798      34636.833    1330109.971          0.003
       9978.010      33829.979    1039302.974          0.002
       8748.504      34499.543    1023817.433          0.003
      14334.085      34002.264    1110434.954          0.003
      15007.466      34933.765    1515325.083          0.004
      15178.335      33687.735    1110434.954          0.004
      16383.021      33703.651    1680236.051          0.003
      14096.378      33673.440    2461160.090          0.003
      13153.596      34541.961    1111627.093          0.003
      16410.715      33704.510    1141232.555          0.003
      17810.042      33747.897    1148262.157          0.004
      16357.549      33726.430    1141232.555          0.003
      15313.967      34659.671    1137836.162          0.004
      18279.846      33762.464    2193575.953          0.004
      19172.982      34833.020    1139081.315          0.004
      18279.846      33762.464    2193575.953          0.004
      19277.832      33736.083    1139334.777          0.004
      20163.735      33712.666    3132428.176          0.003
      21016.846      34477.584    1713295.959          0.003
      19805.898      34164.245    1139334.777          0.003
      19225.792      34896.321    1229935.837          0.004
      21477.293      33706.879    1130507.055          0.002
      22315.260      34828.402    1104021.148          0.002
      24240.702      33734.395    1110347.866          0.002
      25256.629      33582.739    1194530.138          0.003
      22830.817      34237.582    1110347.866          0.002
      22360.926      34889.521    4960002.441          0.002
      25256.629      33582.739    1194530.138          0.003
      25782.999      34068.121    1084742.833          0.002
      25256.629      33582.739    1194530.138          0.003
      26058.729      33780.113    1108218.173          0.002
      26380.320      33807.795    1108218.173          0.002
      27775.973      33697.551    1123939.239          0.002
      30438.992      34786.791    1137959.242          0.003
      30336.275      35670.990    1765630.004          0.003
      31455.004      34725.395    1137959.242          0.003
      32402.669      35675.998    3637551.428          0.003
      30551.419      33819.010    6825733.732          0.002
      29338.165      34361.151    1100052.423          0.003
      32164.949      33701.242    1319620.308          0.004
      32757.820      34142.487    1131466.280          0.003
      32164.949      33701.242    1319620.308          0.004
      32315.391      34950.970    1109573.548          0.004
      34634.175      33454.199     768532.000          0.005
      35220.021      34085.021    1129539.038          0.003
      34634.175      33454.199     768532.000          0.005
      35479.747      33728.728    1150636.118          0.004
      35528.877      33744.679     780574.121          0.004
      36305.200      33771.307    1142368.558          0.003
      35528.877      33744.679     780574.121          0.004
      35586.061      34479.164    1510589.065          0.003
      36572.517      33780.476    1218693.299          0.003
      36390.904      34938.057     899693.991          0.003
      36417.465      33890.297    1142368.558          0.003
      35586.061      34479.164    1510589.065          0.003
      38293.342      34001.418    1130684.508          0.001
      38730.336      34901.855    5850300.126          0.002
      37166.231      34501.286    1130684.508          0.002
      36390.904      34938.057     899693.991          0.003
      40060.698      34245.696    1137446.247          0.003
      40638.304      34942.333    2460605.960          0.003
      39571.528      33655.721    4281971.077          0.002
      38890.094      34665.191    1103972.403          0.002
      40695.379      33449.798    2110019.221          0.003
      40643.504      34806.360    1107239.537          0.003
      41293.029      33613.368    1146324.749          0.003
      42390.321      33913.682    1544083.617          0.003
      42390.321      33913.682    1544083.617          0.003
      42341.616      34926.110    1089043.726          0.004
      42390.321      33913.682    1544083.617          0.003
      43382.003      33784.910    1137907.758          0.003
      42390.321      33913.682    1544083.617          0.003
      41432.481      34476.053    1107239.537          0.004
      43382.003      33784.910    1137907.758          0.003
      44113.169      33658.796    1131915.947          0.003
      45769.252      33466.693    1998041.794          0.002
      45699.913      34560.895    1078661.176          0.001
      45509.076      33488.916    1126054.204          0.002
      44694.905      33558.457    2440657.464          0.002
      46868.510      33842.829    1119393.357          0.001
      47801.340      34824.597    2340879.378          0.001
      46462.179      33710.697    1119393.357          0.001
      45680.269      34870.881   13862492.578          0.001
      48750.018      33553.604     721217.632          0.002
      49461.465      33602.102    1122177.732          0.002
      48750.018      33553.604     721217.632          0.002
      48244.976      34230.235    1072776.689          0.002
      51769.808      33759.738    1124817.809          0.002
      50933.826      32636.736    1172747.421          0.002
      51526.759      34129.597    1124817.809          0.002
      50790.479      34790.629    1013128.834          0.002
      53899.610      34087.149    1150303.228          0.003
      54517.190      34938.643    1394051.941          0.004
      54623.732      33750.497    1150303.228          0.003
      55661.085      33841.418    1203120.346          0.004
      53571.763      33691.066    1150303.228          0.002
      52898.349      34861.798    3314974.954          0.002
      55661.085      33841.418    1203120.346          0.004
      56280.117      34248.712    1139605.937          0.003
      55661.085      33841.418    1203120.346          0.004
      54693.771      34769.267    1125615.892          0.004
      57849.551      33886.698    2304108.209          0.003
      58565.107      34345.743    1136626.463          0.003
      57849.551      33886.698    2304108.209          0.003
      56796.521      34455.086    1139605.937          0.003
      60890.331      34372.262    1150549.171          0.003
      61723.023      34754.035    1790880.795          0.003
      59417.559      34108.634    1150549.171          0.002
      58741.367      34458.818     922169.023          0.002
      62179.075      34006.793    1156309.243          0.003
      63402.591      34687.240    1138015.776          0.003
      62988.441      33652.331    1156309.243          0.004
      63734.483      33524.048     746994.298          0.004
      61883.383      33842.347    2423722.355          0.003
      61723.322      34752.338    1133097.415          0.003
      63734.483      33524.048     746994.298          0.004
      64434.896      34313.991    1145325.379          0.003
      66844.650      33885.771    1359130.631          0.004
      66458.795      34745.903    1114207.159          0.004
      66759.924      33907.114    1133054.332          0.004
      65402.337      34249.106    1145325.379          0.004
      66844.650      33885.771    1359130.631          0.004
      67709.382      34683.009    1109724.154          0.004
      67972.535      33750.881    1111383.712          0.003
      68644.219      34979.230    1083454.056          0.003
      68107.786      33802.712    1111383.712          0.003
      69382.495      34381.604    1072925.922          0.004
      67943.985      34071.741    1111383.712          0.003
      67893.485      34852.743    1084202.121          0.004
      67965.557      33738.120    3688071.388          0.003
      69156.996      33697.856    1070248.654          0.003
      69975.997      33670.177    1876669.839          0.002
      70896.186      33198.758    1034990.531          0.002
      70221.518      33860.536    1070248.654          0.003
      71038.277      34493.790     626159.888          0.003
      69976.622      33679.824    1070248.654          0.002
      70041.434      34680.853    1670157.971          0.003
      74114.308      33878.687    1450690.117          0.002
      74600.074      34785.364     960096.267          0.002
      74352.571      34004.674     994224.911          0.003
      75590.203      34659.096     957328.438          0.003
      74114.308      33878.687    1450690.117          0.002
      75468.319      33870.835     952161.010          0.003
      74114.308      33878.687    1450690.117          0.002
      73129.855      34473.851    1017193.774          0.002
      76164.029      33866.801    1840221.399          0.002
      75989.985      34870.489     851918.580          0.003
      76164.029      33866.801    1840221.399          0.002
      77437.623      33535.180     910608.073          0.003
      76164.029      33866.801    1840221.399          0.002
      76777.304      34551.078    1438335.416          0.002
      77785.409      33444.623     910840.989          0.002
      78401.799      34047.200     900733.803          0.001
      77692.011      33547.132     910608.073          0.002
      76777.304      34551.078    1438335.416          0.002
      79845.336      33842.817     879636.699          0.000
      79065.822      34696.343    3731466.034          0.000
       1168.712      35425.735     884931.662          0.001
       1909.301      35889.498     941394.369          0.001
       2100.947      34990.693     908362.003          0.001
       1909.301      35889.498     941394.369          0.001
       3285.516      35369.342     908362.003          0.002
       3863.045      35836.079     989626.706          0.002
       4102.216      35074.032     945120.904          0.002
       3863.045      35836.079     989626.706          0.002
       6400.050      35084.146     977777.074          0.002
       6860.519      35668.488     787282.717          0.003
       5577.014      35059.439     977777.074          0.002
       5003.656      35805.389     835227.061          0.003
       8005.985      34903.904    5181160.593          0.002
       7495.632      35914.749    1006865.136          0.002
       8007.905      34915.557    1023817.433          0.002
       8235.487      36296.936    1025565.606          0.002
       9489.555      34734.639    1023817.433          0.004
      10346.798      34636.833    1330109.971          0.003
       8329.939      35124.966    1023817.433          0.003
       9353.672      35823.545    4210542.806          0.003
       7858.517      35002.337    1023817.433          0.003
       6860.519      35668.488     787282.717          0.003
      10346.798      34636.833    1330109.971          0.003
       9729.088      35374.951    1061184.590          0.003
      10594.796      34970.536    1065921.450          0.004
      11140.021      35704.184     793775.969          0.005
      10346.798      34636.833    1330109.971          0.003
      11703.040      34520.130    1096712.010          0.003
      12661.855      34918.355    1096712.010          0.003
      13279.992      35786.472    2089746.203          0.003
      11672.471      35154.192    1096712.010          0.003
      11140.021      35704.184     793775.969          0.005
      12339.316      34465.379    2528385.164          0.002
      13068.687      34620.181    1788665.034          0.003
      13896.417      34754.061    1111627.093          0.004
      15007.466      34933.765    1515325.083          0.004
      13068.687      34620.181    1788665.034          0.003
      13279.992      35786.472    2089746.203          0.003
      15007.466      34933.765    1515325.083          0.004
      15845.118      34772.786    1145625.196          0.004
      15007.466      34933.765    1515325.083          0.004
      13929.112      35466.056    1116414.527          0.004
      16438.082      34911.514    1145625.196          0.003
      15225.723      35611.646    1125210.601          0.003
      18302.858      34738.952    1145625.196          0.004
      19225.792      34896.321    1229935.837          0.004
      19225.792      34896.321    1229935.837          0.004
      19137.922      35629.530    1118738.265          0.003
      19225.792      34896.321    1229935.837          0.004
      20193.177      34670.153    1124830.918          0.003
      19225.792      34896.321    1229935.837          0.004
      20353.858      35383.821    1108909.481          0.004
      21028.741      34548.039    1124830.918          0.003
      21234.087      35764.217    2124392.781          0.003
      21016.846      34477.584    1713295.959          0.003
      21769.008      34708.109    1104021.148          0.003
      22242.185      35673.037    1104021.148          0.003
      22094.311      36648.788    1427193.686          0.003
      22360.926      34889.521    4960002.441          0.002
      23122.055      35906.139    1085231.615          0.002
      24747.023      34887.131    1083050.834          0.001
      26143.600      34789.296    1084742.833          0.001
      23886.837      35352.864    1083050.834          0.002
      23160.383      35957.332    1779255.092          0.002
      24418.937      34910.115   85191698.511          0.001
      25328.628      35803.689    1072121.576          0.001
      26477.283      34921.939    1084742.833          0.001
      26098.532      35966.735    2096808.804          0.001
      27426.547      34746.522    1084742.833          0.002
      28517.759      34727.748    5221063.518          0.002
      28466.612      35157.373    1100052.423          0.002
      28371.802      35953.758    1696119.477          0.003
      34210.340      34584.286    1131466.280          0.003
      35586.061      34479.164    1510589.065          0.003
      33152.628      34923.521    1131466.280          0.003
      32402.669      35675.998    3637551.428          0.003
      35586.061      34479.164    1510589.065          0.003
      35015.777      35152.552    1092128.241          0.003
      35586.061      34479.164    1510589.065          0.003
      36287.331      34879.004    1110586.946          0.003
      36390.904      34938.057     899693.991          0.003
      36327.616      35752.246    1082276.076          0.002
      38730.336      34901.855    5850300.126          0.002
      38727.580      35627.717    1543817.954          0.002
      40799.959      35015.572    1107239.537          0.003
      42075.183      35593.328    1089043.726          0.003
      40638.304      34942.333    2460605.960          0.003
      40450.122      35569.434     942926.451          0.004
      43702.980      34534.626    6183971.822          0.002
      43526.880      35878.082    1059841.999          0.003
      43926.802      34838.546    1108020.224          0.002
      44721.299      35917.367    1159199.919          0.002
      43739.054      34499.126    1108020.224          0.002
      44694.905      33558.457    2440657.464          0.002
      43181.003      34968.570    1108020.224          0.003
      42304.519      35697.231    2639164.028          0.003
      45734.141      35596.239    1078661.176          0.002
      45809.458      36610.344    1288365.607          0.002
      47801.340      34824.597    2340879.378          0.001
      47789.696      36101.193    1043414.938          0.001
      47801.340      34824.597    2340879.378          0.001
      46858.380      35413.415    1060466.963          0.001
      49960.922      34799.919    1075039.406          0.002
      50790.479      34790.629    1013128.834          0.002
      49034.845      35269.618    1075039.406          0.002
      49809.213      35906.474    4501447.556          0.002
      50891.358      34907.855    1093786.712          0.002
      51417.853      35519.670    1868534.129          0.003
      50790.479      34790.629    1013128.834          0.002
      50024.867      35661.243    1066640.437          0.002
      53209.977      35170.017    1115605.060          0.003
      54205.355      36154.507    1091203.304          0.003
      52900.869      35435.393    1115605.060          0.003
      52907.019      36835.379    1082875.905          0.004
      53402.891      34885.748    1115605.060          0.003
      54517.190      34938.643    1394051.941          0.004
      52898.349      34861.798    3314974.954          0.002
      51623.883      35428.118    1089811.374          0.003
      54517.190      34938.643    1394051.941          0.004
      54570.318      36011.998    1091203.304          0.003
      56685.146      34515.202    4608480.862          0.003
      57541.525      34944.684    1105271.547          0.003
      56685.146      34515.202    4608480.862          0.003
      55959.347      35491.029    1102863.134          0.003
      58741.367      34458.818     922169.023          0.002
      58731.778      35311.941    1105271.547          0.002
      59970.291      34854.591    1132124.165          0.002
      60945.376      35797.707    4803631.082          0.002
      60884.565      34674.175    1132124.165          0.003
      61723.023      34754.035    1790880.795          0.003
      59547.370      34680.006    1132124.165          0.002
      58729.211      35540.318    6592743.257          0.002
      61723.023      34754.035    1790880.795          0.003
      62443.308      35673.509    1104577.674          0.003
      62368.185      34765.569    1133097.415          0.003
      63582.471      34787.279    2749519.002          0.003
      63724.722      34739.895    1138015.776          0.003
      64564.503      34460.166    2647548.808          0.003
      63582.471      34787.279    2749519.002          0.003
      63976.900      35465.812    4699220.660          0.003
      64564.503      34460.166    2647548.808          0.003
      65479.747      35205.904    1114207.159          0.003
      67893.485      34852.743    1084202.121          0.004
      68009.237      35579.172    1170770.605          0.004
      67893.485      34852.743    1084202.121          0.004
      66764.455      35350.222    1114207.159          0.003
      70041.434      34680.853    1670157.971          0.003
      69655.811      35570.796    1068343.309          0.002
      70041.434      34680.853    1670157.971          0.003
      71038.277      34493.790     626159.888          0.003
      70041.434      34680.853    1670157.971          0.003
      68942.806      35473.982    1083454.056          0.003
      71038.277      34493.790     626159.888          0.003
      71674.626      33713.628    1013798.264          0.003
      71038.277      34493.790     626159.888          0.003
      71944.683      34549.395    1017193.774          0.003
      71038.277      34493.790     626159.888          0.003
      71068.797      33788.128    1034990.531          0.002
      72794.851      34376.730    1017193.774          0.002
      72183.934      33117.056    1013798.264          0.002
      72907.227      34608.443    2599514.415          0.002
      71945.188      35486.226    1023624.954          0.002
      75989.985      34870.489     851918.580          0.003
      76775.275      34551.901     942583.841          0.002
      75989.985      34870.489     851918.580          0.003
      75345.458      35403.450     960096.267          0.002
      76777.304      34551.078    1438335.416          0.002
      76889.018      35449.997     899102.107          0.002
      76777.304      34551.078    1438335.416          0.002
      77917.584      35052.741     901742.931          0.002
      79065.822      34696.343    3731466.034          0.000
      78956.027      35509.600    1705043.432          0.001
      79625.931      34986.162     889247.259          0.001
      78956.027      35509.600    1705043.432          0.001
       1136.254      35818.557     892295.846          0.001
       1909.301      35889.498     941394.369          0.001
       1909.301      35889.498     941394.369          0.001
       1149.794      36225.711     877064.829          0.001
       2591.189      35870.854     919283.102          0.002
       3863.045      35836.079     989626.706          0.002
       3863.045      35836.079     989626.706          0.002
       4044.386      36733.659     933762.030          0.001
       3943.304      35833.919     954537.270          0.003
       5003.656      35805.389     835227.061          0.003
       3925.205      35872.805     954537.270          0.003
       4973.703      36492.284    1052047.023          0.002
       5407.261      35775.633     976656.877          0.003
       6803.471      35672.694    1010933.640          0.003
       5003.656      35805.389     835227.061          0.003
       4973.703      36492.284    1052047.023          0.002
       6851.796      35672.296    1010933.640          0.003
       5568.755      36232.480     965618.847          0.003
       9521.981      36133.953    1061184.590          0.003
      10189.301      37364.678    1039990.765          0.003
      10309.390      36298.031    1061184.590          0.004
      11000.782      36641.287    1105699.831          0.004
       9353.672      35823.545    4210542.806          0.003
       8883.659      36703.570     643539.190          0.003
      11140.021      35704.184     793775.969          0.005
      11000.782      36641.287    1105699.831          0.004
      11140.021      35704.184     793775.969          0.005
      11816.720      36012.976    1094093.907          0.004
      11140.021      35704.184     793775.969          0.005
      12476.252      35755.566    1116414.527          0.004
      13279.992      35786.472    2089746.203          0.003
      14592.324      35755.418    1125210.601          0.003
      14993.190      35745.932    3465429.092          0.003
      13925.139      36354.254    1094093.907          0.003
      14993.190      35745.932    3465429.092          0.003
      15970.628      35802.993    1121199.264          0.003
      17737.216      36069.336    1121199.264          0.003
      18993.784      36686.618    1092964.292          0.002
      18255.086      35894.189    1121199.264          0.003
      19105.058      35903.759    2022473.700          0.003
      16623.776      36172.654    1121199.264          0.003
      15320.270      36683.412    1097356.171          0.003
      19787.751      36172.577    1118738.265          0.003
      21041.385      36666.210     896174.238          0.004
      19682.544      35865.909    1118738.265          0.003
      21079.547      35774.346    1108909.481          0.003
      21234.087      35764.217    2124392.781          0.003
      22022.382      36574.824    1085124.637          0.003
      21234.087      35764.217    2124392.781          0.003
      21041.385      36666.210     896174.238          0.004
      23160.090      35970.627    1085231.615          0.002
      23129.202      37370.286    1046623.746          0.002
      22681.870      36267.697    1085231.615          0.002
      22094.311      36648.788    1427193.686          0.003
      25545.078      36044.501    1072121.576          0.001
      26199.129      36798.763    2744552.860          0.001
      25380.127      35854.277  122711023.938          0.001
      24275.233      36566.967   90352449.075          0.001
      26677.924      36439.449    1072770.324          0.002
      27270.247      36922.713    1401961.568          0.002
      27575.180      35958.305    1072770.324          0.003
      28371.802      35953.758    1696119.477          0.003
      26098.532      35966.735    2096808.804          0.001
      26199.129      36798.763    2744552.860          0.001
      29244.359      35828.161    1091242.424          0.004
      30336.275      35670.990    1765630.004          0.003
      28371.802      35953.758    1696119.477          0.003
      27406.580      36802.791    1072639.314          0.003
      28371.802      35953.758    1696119.477          0.003
      29196.000      36777.301    2019159.052          0.003
      30470.572      35844.291    1107602.469          0.004
      31226.776      36820.126    1252853.015          0.004
      30336.275      35670.990    1765630.004          0.003
      29522.923      36460.116    1088504.450          0.003
      30342.684      35671.006    1107602.469          0.003
      31742.680      35674.399    1109573.548          0.004
      32402.669      35675.998    3637551.428          0.003
      33155.189      36500.853    1080315.693          0.003
      31990.939      36076.605    1109573.548          0.004
      31226.776      36820.126    1252853.015          0.004
      34328.774      35963.761   16157969.602          0.002
      34473.051      37344.128    1052320.084          0.002
      34407.496      35960.793    1092128.241          0.002
      35806.501      35908.046    1082276.076          0.002
      34165.939      36159.495    1092128.241          0.002
      33535.320      36917.523    3075205.723          0.002
      36306.501      36367.854    1082276.076          0.002
      36278.463      37646.861     461712.492          0.003
      36317.002      35888.798    4411445.802          0.002
      37312.615      35744.066    1083766.519          0.001
      36317.002      35888.798    4411445.802          0.002
      35469.648      36927.708    1064893.713          0.002
      38821.572      35761.207    1086498.701          0.002
      39627.577      36905.915    1057598.409          0.002
      39728.396      35593.854    1086498.701          0.003
      40450.122      35569.434     942926.451          0.004
      38727.580      35627.717    1543817.954          0.002
      38094.475      36161.449    1061507.724          0.002
      40464.455      35583.302    1093716.860          0.004
      41470.597      36556.789    1067496.823          0.004
      40488.961      35572.111    1093716.860          0.004
      41885.648      35668.364    1089043.726          0.003
      40450.122      35569.434     942926.451          0.004
      40080.482      36206.950    1057598.409          0.003
      42304.519      35697.231    2639164.028          0.003
      41612.579      36694.164    1388134.864          0.003
      44811.430      36093.790    1069443.042          0.003
      45448.358      37340.515    1036591.225          0.003
      44721.299      35917.367    1159199.919          0.002
      44311.757      36622.989    1042184.390          0.003
      44721.299      35917.367    1159199.919          0.002
      45524.680      36428.987    1051524.072          0.002
      44721.299      35917.367    1159199.919          0.002
      43946.195      36413.790    1059841.999          0.003
      49809.213      35906.474    4501447.556          0.002
      49845.252      36735.247    1175352.569          0.003
      50699.737      35692.344    1066640.437          0.003
      51417.853      35519.670    1868534.129          0.003
      51919.462      36014.488    1089811.374          0.003
      52907.695      36989.341    1984512.112          0.004
      51417.853      35519.670    1868534.129          0.003
      51428.996      36524.059    1868990.776          0.003
      55686.306      35858.128    6195918.124          0.002
      56670.725      36363.160    1085248.624          0.002
      55448.172      36007.433    1102863.134          0.003
      54596.522      36541.395    3138892.093          0.003
      58421.954      36264.484    1105271.547          0.002
      57894.101      37508.566    1054057.317          0.002
      58343.547      35742.995    1105271.547          0.002
      57104.260      36394.277    1085248.624          0.002
      61004.683      35952.650    1103275.004          0.002
      61505.149      37260.141    1048782.448          0.002
      61394.982      35898.514    1103275.004          0.002
      62761.065      36204.809    1104577.674          0.002
      60945.376      35797.707    4803631.082          0.002
      59964.232      36385.365    1077415.081          0.002
      63976.900      35465.812    4699220.660          0.003
      64543.212      36381.067    1084424.149          0.003
      64682.947      35534.465    1123258.630          0.003
      66045.607      35666.965    5566329.968          0.003
      66377.817      36025.150    1114207.159          0.003
      67329.847      37051.619    1061054.306          0.004
      66023.651      35773.131    1114207.159          0.003
      65740.119      37144.119    1054602.136          0.003
      66735.504      35636.120    1114207.159          0.003
      68009.237      35579.172    1170770.605          0.004
      68009.237      35579.172    1170770.605          0.004
      68748.787      36476.877    1065811.353          0.003
      68009.237      35579.172    1170770.605          0.004
      67844.040      36795.704    1061054.306          0.004
      68904.827      35758.546    1083454.056          0.003
      68849.226      36598.796    1609805.261          0.003
      69930.235      35886.834    1068343.309          0.003
      70854.421      36842.816    1625343.524          0.003
      71689.275      35762.108    1023624.954          0.002
      72727.201      36701.635     976548.045          0.002
      73699.509      35841.977     981658.788          0.001
      72957.679      36910.263    9389310.295          0.001
      73978.426      35602.266     981658.788          0.001
      75058.398      35640.820    1984350.055          0.001
      75058.398      35640.820    1984350.055          0.001
      75986.862      36252.706     899102.107          0.002
      78956.027      35509.600    1705043.432          0.001
      79083.075      36423.686     878498.512          0.001
      78887.864      35562.679     901742.931          0.001
      77783.264      36422.829     899102.107          0.001
      79961.825      35763.155     891386.416          0.000
      79137.868      36817.912   54636581.754          0.000
        741.695      37044.863     877064.829          0.001
       1912.010      37534.276    2134572.958          0.001
       2977.390      36957.509     895343.448          0.001
       4095.718      36987.740    1423017.151          0.001
       4359.648      36838.801     933762.030          0.002
       4973.703      36492.284    1052047.023          0.002
       4144.847      37008.565     933762.030          0.001
       5433.819      37554.963     954310.570          0.001
       4973.703      36492.284    1052047.023          0.002
       6242.610      36527.993    1006865.136          0.002
       7225.950      36624.970    1006865.136          0.002
       8016.268      37677.808    9217785.180          0.002
       8300.792      36693.327    6292721.109          0.002
       8016.268      37677.808    9217785.180          0.002
       9001.741      36778.344    1037037.159          0.003
      10184.540      37527.335    1039990.765          0.003
       8883.659      36703.570     643539.190          0.003
       8392.765      37254.933     996658.458          0.002
      11000.782      36641.287    1105699.831          0.004
      12047.096      37491.353    1060198.526          0.004
      11000.782      36641.287    1105699.831          0.004
      12005.040      36666.251    1094093.907          0.004
      13506.171      36699.414    1094093.907          0.003
      14906.167      36702.982    1097356.171          0.003
      12877.258      37047.845    1094093.907          0.003
      12178.775      37598.334    1043487.909          0.004
      15267.969      36703.905    5743291.401          0.003
      14609.368      37510.599    1049323.477          0.002
      15267.969      36703.905    5743291.401          0.003
      16453.542      36845.033    1086541.714          0.003
      17886.117      36900.090    1086541.714          0.002
      19146.932      36761.851    5378113.786          0.002
      17381.157      36955.455   17230674.263          0.002
      16410.546      37948.396    1049747.479          0.002
      19214.390      36820.901    1092964.292          0.002
      20043.747      37546.896    1933718.626          0.003
      21041.385      36666.210     896174.238          0.004
      21289.083      37844.997     635144.578          0.004
      21041.385      36666.210     896174.238          0.004
      21968.534      36650.870    1085124.637          0.003
      21041.385      36666.210     896174.238          0.004
      20471.042      37169.692    1068979.176          0.003
      21915.384      36914.595    1085124.637          0.003
      21289.083      37844.997     635144.578          0.004
      24273.193      36955.822    1067287.037          0.001
      24265.849      38355.803    1024083.397          0.001
      23829.396      37049.678    1067287.037          0.002
      23119.311      37818.492    5362503.704          0.002
      26199.129      36798.763    2744552.860          0.001
      26334.000      38045.500    1023583.797          0.002
      26447.947      37062.154    1065427.358          0.002
      27338.803      38005.188    1213930.107          0.002
      27890.259      36875.896    1072639.314          0.003
      29196.000      36777.301    2019159.052          0.003
      27270.247      36922.713    1401961.568          0.002
      27324.246      37775.348    1042024.227          0.002
      27270.247      36922.713    1401961.568          0.002
      28453.861      37417.624    1064606.333          0.003
      30186.499      36798.189    1088504.450          0.003
      31226.776      36820.126    1252853.015          0.004
      31226.776      36820.126    1252853.015          0.004
      31473.967      37826.591    2536376.346          0.003
      31226.776      36820.126    1252853.015          0.004
      32018.862      36853.544    1080315.693          0.004
      33535.320      36917.523    3075205.723          0.002
      33638.811      37625.724    1416931.846          0.002
      32335.151      37446.804    1080315.693          0.004
      31473.967      37826.591    2536376.346          0.003
      35541.403      37049.649    1064893.713          0.002
      36278.463      37646.861     461712.492          0.003
      35438.316      36966.123   18328814.663          0.002
      34525.714      37847.983    9740329.435          0.002
      37757.348      36939.008    1061507.724          0.001
      38599.344      37835.422    7202531.786          0.001
      38733.441      36823.729    1061507.724          0.002
      39653.701      36943.017    3335179.637          0.002
      36836.352      37197.368    1061507.724          0.002
      36278.463      37646.861     461712.492          0.003
      40595.563      37347.330    1057598.409          0.003
      41620.862      37787.460    1542476.747          0.003
      40694.898      36810.745    1057598.409          0.003
      41612.579      36694.164    1388134.864          0.003
      39653.701      36943.017    3335179.637          0.002
      39374.645      37615.263    2077290.359          0.002
      41612.579      36694.164    1388134.864          0.003
      41620.862      37787.460    1542476.747          0.003
      42378.430      37351.173    1059841.999          0.003
      41620.862      37787.460    1542476.747          0.003
      45809.458      36610.344    1288365.607          0.002
      46399.072      37633.691    1034477.222          0.002
      45809.458      36610.344    1288365.607          0.002
      46547.131      36732.107    1043414.938          0.002
      45782.764      36762.019    1051524.072          0.002
      45621.353      37679.136     869018.456          0.003
      48189.310      37651.303    1043414.938          0.002
      48709.455      38565.006    2256356.175          0.001
      47170.531      37305.119    1043414.938          0.001
      46457.691      37735.431    2052547.570          0.002
      49845.252      36735.247    1175352.569          0.003
      49677.812      37753.387    2013959.796          0.002
      50549.309      36641.362    1060898.102          0.003
      51428.996      36524.059    1868990.776          0.003
      51376.392      36707.526    1078852.735          0.003
      50990.527      38053.300    1031917.450          0.003
      51428.996      36524.059    1868990.776          0.003
      52382.757      37420.775    1073655.551          0.003
      51428.996      36524.059    1868990.776          0.003
      50461.645      37203.137    1051019.578          0.003
      51629.826      36587.251    1078852.735          0.003
      52907.695      36989.341    1984512.112          0.004
      52907.695      36989.341    1984512.112          0.004
      54223.570      36640.317    1091203.304          0.003
      52981.923      37030.334    1082875.905          0.004
      54207.450      37707.153    1070347.588          0.004
      54593.312      36580.342    1091203.304          0.003
      54487.693      37861.922    1712159.221          0.003
      57074.890      36652.810    1085248.624          0.002
      57894.101      37508.566    1054057.317          0.002
      58634.958      37118.188    1077415.081          0.002
      57894.101      37508.566    1054057.317          0.002
      64598.363      36831.015    1084424.149          0.002
      63276.524      36369.777    1104577.674          0.002
      65092.108      37228.738    1084424.149          0.002
      65578.907      37923.639    2572048.442          0.003
      64883.545      37113.468    1084424.149          0.002
      64887.025      38513.464    1039172.440          0.002
      68849.226      36598.796    1609805.261          0.003
      68921.231      37356.842    1032429.312          0.003
      68849.226      36598.796    1609805.261          0.003
      69485.086      37782.472    1028057.467          0.004
      68849.226      36598.796    1609805.261          0.003
      69962.004      37278.105    1018161.463          0.004
      68849.226      36598.796    1609805.261          0.003
      69912.230      36728.157    1024358.234          0.004
      68849.226      36598.796    1609805.261          0.003
      67852.879      37416.504    1061054.306          0.003
      70854.421      36842.816    1625343.524          0.003
      71638.504      37466.381     997187.549          0.002
      70854.421      36842.816    1625343.524          0.003
      71638.726      36867.967     976548.045          0.003
      70854.421      36842.816    1625343.524          0.003
      70894.064      37847.092    2416967.158          0.003
      73131.827      37022.400     976548.045          0.002
      74157.420      37682.800    1895678.252          0.002
      75293.266      37115.592     945797.828          0.002
      75940.677      37921.237    1786257.350          0.002
      79071.125      37522.582     878498.512          0.001
      78971.820      38571.043    1144437.528          0.001
      79137.868      36817.912   54636581.754          0.000
      79999.848      37754.936     875343.691          0.000
      78402.228      37341.135     878498.512          0.001
      77820.544      37754.857     932432.986          0.002
        702.332      37673.987     873695.310          0.001
       1912.010      37534.276    2134572.958          0.001
        588.565      38235.546     873695.310          0.001
       1214.780      38746.725     959013.681          0.001
       1796.603      37734.962     892234.076          0.001
       1214.780      38746.725     959013.681          0.001
       2643.000      38329.806     892234.076          0.002
       3251.138      38991.637     511566.884          0.003
       2117.015      37548.403     892234.076          0.001
       3513.702      37644.651     921195.693          0.001
       4935.541      38310.131     954310.570          0.002
       4055.255      38864.197     908732.636          0.002
       8081.528      38037.332     996658.458          0.002
       8253.769      38986.220    4465990.204          0.002
       7935.823      37730.304     996658.458          0.002
       6763.381      38495.405     963559.294          0.002
      11042.824      38105.816    1039990.765          0.003
      12139.713      38853.946    2705603.250          0.003
      11260.298      37607.577    1039990.765          0.004
      12178.775      37598.334    1043487.909          0.004
      10298.497      38194.612    1039990.765          0.003
      10263.656      38923.690    1139527.863          0.004
      10139.212      37740.460    1039990.765          0.003
       8971.149      38512.229     996630.856          0.003
      12178.775      37598.334    1043487.909          0.004
      12145.053      38682.309    1034309.592          0.003
      14333.278      38052.361    1049323.477          0.002
      15620.497      38602.875    1023133.667          0.002
      14566.995      37996.605    1049323.477          0.002
      15966.943      37984.579    1049747.479          0.002
      12891.688      38543.666    1049323.477          0.003
      12139.713      38853.946    2705603.250          0.003
      16435.233      37973.736    1049747.479          0.002
      17823.711      37794.494    1058968.197          0.002
      18262.507      37808.295    1058968.197          0.002
      19091.673      38936.339    1021918.041          0.002
      17909.988      37924.997    1058968.197          0.002
      16705.871      38639.212    1023133.667          0.002
      19215.017      37636.207    1058968.197          0.003
      20043.747      37546.896    1933718.626          0.003
      20375.090      37806.265    1068979.176          0.003
      21421.353      38625.260    1472815.565          0.003
      20510.312      37658.580    1068979.176          0.003
      21289.083      37844.997     635144.578          0.004
      21289.083      37844.997     635144.578          0.004
      21421.353      38625.260    1472815.565          0.003
      23119.311      37818.492    5362503.704          0.002
      23531.217      38683.732    2266605.278          0.002
      22077.985      38313.268    1046623.746          0.003
      21421.353      38625.260    1472815.565          0.003
      25484.535      37727.379    1042410.645          0.001
      26396.344      38621.799   21752604.419          0.001
      25257.745      37779.490    1042410.645          0.001
      24264.971      38523.335    9695133.666          0.001
      27657.433      37955.486    1042024.227          0.002
      29040.705      37739.717    1064606.333          0.002
      27338.803      38005.188    1213930.107          0.002
      26708.707      38417.433    1023583.797          0.001
      29202.322      37861.383    1064606.333          0.002
      29379.615      38763.800    2976048.635          0.002
      31499.776      37891.679    1071634.659          0.003
      32015.830      39193.097    1045120.724          0.004
      31250.904      38206.529    1071634.659          0.004
      30542.090      39413.833    1047505.272          0.005
      31473.967      37826.591    2536376.346          0.003
      32493.620      38304.004    1046305.194          0.004
      31473.967      37826.591    2536376.346          0.003
      32437.585      37737.181    1064578.060          0.004
      31473.967      37826.591    2536376.346          0.003
      30619.291      38209.053    1046359.020          0.004
      33638.811      37625.724    1416931.846          0.002
      33448.564      38751.119    2307343.538          0.003
      34393.932      38614.903    1052320.084          0.002
      34195.981      39766.896    2757896.481          0.002
      36278.463      37646.861     461712.492          0.003
      35802.188      38288.128    1027022.805          0.002
      38661.053      37916.668    1035897.077          0.002
      39389.032      38875.103    2499389.548          0.002
      38599.344      37835.422    7202531.786          0.001
      37680.447      38381.385    1019473.043          0.001
      40049.212      38354.194    1042024.894          0.003
      40643.386      39005.060     590848.099          0.003
      40531.347      37703.937    1042024.894          0.003
      41620.862      37787.460    1542476.747          0.003
      39374.645      37615.263    2077290.359          0.002
      39387.740      38761.942    1013092.290          0.002
      41620.862      37787.460    1542476.747          0.003
      42114.205      38310.102    1011363.895          0.003
      41502.285      37935.167    1042216.809          0.004
      40643.386      39005.060     590848.099          0.003
      43539.231      37809.326    1042184.390          0.002
      42631.044      38857.635    2950129.724          0.002
      44741.678      37600.441    1042184.390          0.003
      45621.353      37679.136     869018.456          0.003
      45621.353      37679.136     869018.456          0.003
      45764.624      38570.180    1010027.536          0.002
      45621.353      37679.136     869018.456          0.003
      44973.452      38061.378    1008416.557          0.003
      46432.192      37773.453    1034477.222          0.002
      45790.392      38730.438    1069125.464          0.002
      49903.426      38020.402    1051019.578          0.002
      50722.139      38989.352    3328791.960          0.002
      49677.812      37753.387    2013959.796          0.002
      49032.172      38294.523    1024573.100          0.002
      52596.823      37622.037    4849664.378          0.003
      52645.559      39013.505    1023861.462          0.003
      53136.663      37690.524    1073655.551          0.004
      54487.693      37861.922    1712159.221          0.003
      52282.678      37851.161    1073655.551          0.003
      51151.570      38676.143    1031917.450          0.003
      54487.693      37861.922    1712159.221          0.003
      54615.150      39049.681    1021595.992          0.003
      54487.693      37861.922    1712159.221          0.003
      53969.989      38424.845    1042130.175          0.003
      54487.693      37861.922    1712159.221          0.003
      55383.992      38503.258    1042486.510          0.003
      56182.968      38150.702    1063034.312          0.002
      55645.662      38690.493    1221128.889          0.003
      57040.034      37574.421    1063034.312          0.002
      57894.101      37508.566    1054057.317          0.002
      57894.101      37508.566    1054057.317          0.002
      58843.728      37781.773     591860.071          0.003
      58843.728      37781.773     591860.071          0.003
      59633.931      38602.826    1021500.888          0.002
      58843.728      37781.773     591860.071          0.003
      59580.432      37732.270    1049878.549          0.002
      58843.728      37781.773     591860.071          0.003
      58207.901      38225.109    1031989.663          0.002
      60401.747      38142.472    1049878.549          0.002
      59746.411      38719.697    1368752.341          0.002
      61680.306      37717.746    2637131.224          0.001
      61836.264      38958.753     998430.476          0.002
      61680.306      37717.746    2637131.224          0.001
      62520.303      38691.482    1013673.619          0.002
      61851.860      37719.168    1048782.448          0.002
      63251.812      37730.777    1054316.950          0.002
      62031.817      37282.474    1048782.448          0.002
      62880.484      36231.584   11497237.166          0.002
      61680.306      37717.746    2637131.224          0.001
      61152.713      38548.550    1010527.399          0.001
      64019.217      38001.447    1054316.950          0.002
      64887.098      38542.938    5100027.369          0.002
      66258.207      37791.763    1054602.136          0.003
      67632.548      37524.955    1061054.306          0.003
      65780.251      38111.622    1054602.136          0.003
      66609.318      38885.673     997505.120          0.003
      67545.216      37748.908    1061054.306          0.003
      66655.374      38829.732    1039667.545          0.003
      67748.058      37502.530    3670176.406          0.003
      67613.962      38526.014     788558.426          0.004
      70886.682      38383.002    1018161.463          0.003
      70867.630      39766.220    1525886.026          0.003
      70988.905      37953.790    1018161.463          0.003
      71834.872      38905.522    1206964.974          0.003
      70894.064      37847.092    2416967.158          0.003
      69931.621      38613.713    1700948.913          0.003
      72836.846      38172.794     997187.549          0.003
      74015.071      38703.493    2213542.967          0.003
      72308.795      37835.272     997187.549          0.002
      73704.057      37720.193     959436.125          0.002
      74221.141      37816.997     959436.125          0.002
      74739.582      38908.833    3811245.372          0.002
      74128.966      37886.828     959436.125          0.002
      74015.071      38703.493    2213542.967          0.003
      74283.992      37699.724     959436.125          0.002
      75671.642      37885.264     931920.723          0.002
      75941.268      37926.555     931920.723          0.002
      76095.962      39317.982     935968.835          0.002
      75940.677      37921.237    1786257.350          0.002
      76746.269      38607.811     659597.239          0.002
      75688.466      38128.617     931920.723          0.002
      74739.582      38908.833    3811245.372          0.002
      77820.544      37754.857     932432.986          0.002
      77867.003      38932.678     905332.353          0.002
      77820.544      37754.857     932432.986          0.002
      78773.231      38430.255     892748.036          0.001
      77650.869      37889.576     900649.353          0.002
      76746.269      38607.811     659597.239          0.002
      79606.739      38067.185     875343.691          0.001
      78971.820      38571.043    1144437.528          0.001
        151.469      38887.127     880448.141          0.000
       1146.263      39620.193   11336342.553          0.000
       1214.780      38746.725     959013.681          0.001
       1157.882      39472.064     890206.231          0.001
       2055.427      38847.829     890981.046          0.002
       3251.138      38991.637     511566.884          0.003
       3251.138      38991.637     511566.884          0.003
       4055.255      38864.197     908732.636          0.002
       3251.138      38991.637     511566.884          0.003
       3180.464      39737.621     920356.083          0.001
       3251.138      38991.637     511566.884          0.003
       2579.010      39192.347     890206.231          0.002
       4166.021      38945.099     930956.185          0.002
       5036.413      39580.819     674530.675          0.003
       4055.255      38864.197     908732.636          0.002
       3512.345      39554.452     920356.083          0.002
       5694.542      39174.181     963559.294          0.002
       5036.413      39580.819     674530.675          0.003
       8253.769      38986.220    4465990.204          0.002
       8032.725      39567.166    1074461.081          0.003
       8576.095      39602.301     996630.856          0.003
       9225.100      40842.782    1013571.873          0.003
      10263.656      38923.690    1139527.863          0.004
       9784.269      39820.434    1013571.873          0.004
      10263.656      38923.690    1139527.863          0.004
      11516.573      38877.112    1034309.592          0.003
      10424.234      39066.966    1023545.516          0.004
      11263.408      39815.718     515200.132          0.005
      12139.713      38853.946    2705603.250          0.003
      12950.684      39787.380    1704824.172          0.003
      11801.643      39224.988    1034309.592          0.003
      11263.408      39815.718     515200.132          0.005
      14073.910      39707.229    1032780.945          0.003
      13947.082      40706.944    1170589.609          0.003
      14445.104      38735.977    1032780.945          0.002
      15840.370      38851.012    1023133.667          0.002
      16526.538      38902.713    1023133.667          0.002
      17923.843      38989.534    1019984.496          0.002
      16286.744      38887.814   10886089.824          0.001
      15327.133      39589.006    1016513.865          0.001
      19208.089      39320.765    1021918.041          0.002
      19331.932      40018.989     513759.737          0.003
      21421.353      38625.260    1472815.565          0.003
      22006.381      39527.609    1017874.897          0.003
      21360.310      38700.790    1036547.860          0.004
      20480.300      39789.635    1017390.278          0.003
      21421.353      38625.260    1472815.565          0.003
      22162.365      38645.796    1024051.189          0.003
      23531.217      38683.732    2266605.278          0.002
      24144.343      39853.658    1009009.415          0.002
      22925.370      39128.182    1024051.189          0.002
      22127.095      39713.799    2043266.985          0.002
      24257.273      38761.315    1024083.397          0.001
      24217.431      39993.119    2126141.637          0.001
      26744.375      39130.164    1023583.797          0.002
      27155.263      39730.344    1111945.657          0.003
      27254.868      38993.935    1028148.767          0.001
      27155.263      39730.344    1111945.657          0.003
      29788.297      39330.063    1046359.020          0.003
      30231.077      39943.573    1574863.613          0.004
      29284.587      38856.038    1046359.020          0.003
      28280.001      39831.131    1032259.690          0.002
      33448.564      38751.119    2307343.538          0.003
      34058.275      39579.747    1029279.387          0.002
      33157.362      39064.474    1046305.194          0.003
      32321.491      39963.933    3198046.735          0.003
      35453.901      38906.546    1027022.805          0.001
      35386.265      39650.877    1753537.030          0.002
      35469.377      38736.231   34335346.487          0.001
      36849.001      38614.689    1019473.043          0.001
      37351.304      38589.926    1019473.043          0.001
      36668.034      39685.583   38669602.139          0.001
      39504.731      39089.192    1013092.290          0.002
      40170.341      40320.842     972530.086          0.002
      39862.476      39180.728    1013092.290          0.002
      40730.095      39740.808    1411417.734          0.002
      40643.386      39005.060     590848.099          0.003
      41389.100      38949.750    1011363.895          0.003
      40643.386      39005.060     590848.099          0.003
      40729.265      39733.773     994046.020          0.003
      41879.076      39206.997    1011363.895          0.003
      40730.095      39740.808    1411417.734          0.002
      42631.044      38857.635    2950129.724          0.002
      42627.998      39781.159    1088086.668          0.003
      44617.545      38791.512    1008416.557          0.002
      45790.392      38730.438    1069125.464          0.002
      43194.757      39260.534    1008416.557          0.002
      42627.998      39781.159    1088086.668          0.003
      45790.392      38730.438    1069125.464          0.002
      46155.479      39460.015     973981.892          0.002
      45790.392      38730.438    1069125.464          0.002
      45187.108      39283.122     978261.562          0.002
      47789.031      39229.097    1005943.494          0.001
      48632.477      39843.860    7892538.295          0.001
      47217.979      39142.069    1005943.494          0.001
      46433.987      40016.576    1592116.364          0.001
      48709.455      38565.006    2256356.175          0.001
      48637.661      39757.738     993684.090          0.001
      49912.015      38818.549    1024573.100          0.003
      50722.139      38989.352    3328791.960          0.002
      50722.139      38989.352    3328791.960          0.002
      50700.127      40021.161    1550424.409          0.003
      50774.951      39008.116    1031917.450          0.003
      52094.160      39476.825    1023861.462          0.003
      53740.618      39060.100    1042130.175          0.003
      54684.545      39696.368    1994538.614          0.003
      53507.817      38924.831    1042130.175          0.002
      52668.939      39681.041    2983052.441          0.003
      55645.662      38690.493    1221128.889          0.003
      56303.061      39381.514    1010450.304          0.002
      55645.662      38690.493    1221128.889          0.003
      54706.009      39673.905    1021595.992          0.003
      58510.004      38676.714    1031989.663          0.002
      59746.411      38719.697    1368752.341          0.002
      57350.519      38936.223    1031989.663          0.002
      56645.415      39741.377    3161449.342          0.002
      59746.411      38719.697    1368752.341          0.002
      59816.641      39913.230     728806.813          0.002
      59746.411      38719.697    1368752.341          0.002
      58784.473      39252.094    1001969.362          0.002
      60899.161      38953.118    1010527.399          0.001
      61924.377      39659.893   40078220.035          0.001
      60453.477      39346.231    1010527.399          0.001
      59816.641      39913.230     728806.813          0.002
      62791.320      39091.979    1013673.619          0.001
      62646.475      39944.620    1100378.178          0.002
      64899.600      38851.800    1039172.440          0.002
      64937.683      39792.667    1748662.999          0.003
      65841.845      38732.940    1039172.440          0.003
      66609.318      38885.673     997505.120          0.003
      66609.318      38885.673     997505.120          0.003
      67613.962      38526.014     788558.426          0.004
      66609.318      38885.673     997505.120          0.003
      65487.069      39494.582    1018973.389          0.004
      67613.962      38526.014     788558.426          0.004
      67034.344      39409.325    1024162.846          0.003
      67613.962      38526.014     788558.426          0.004
      68405.776      38675.448    1032429.312          0.003
      69225.515      38763.156    1032429.312          0.002
      69931.621      38613.713    1700948.913          0.003
      70047.349      38756.209    1028057.467          0.003
      70867.630      39766.220    1525886.026          0.003
      71834.872      38905.522    1206964.974          0.003
      72016.297      39814.283    1503798.852          0.003
      71834.872      38905.522    1206964.974          0.003
      73076.913      38790.428     974059.491          0.004
      71834.872      38905.522    1206964.974          0.003
      70867.630      39766.220    1525886.026          0.003
      74018.152      38874.919     974059.491          0.003
      74039.228      40047.448    1506122.864          0.003
      72942.471      39299.575     974059.491          0.004
      72016.297      39814.283    1503798.852          0.003
      74739.582      38908.833    3811245.372          0.002
      75041.090      40265.268     943075.754          0.002
      74514.477      39274.803     963972.260          0.003
      74039.228      40047.448    1506122.864          0.003
      76746.269      38607.811     659597.239          0.002
      77279.473      39159.164     905332.353          0.002
      76746.269      38607.811     659597.239          0.002
      76282.088      39554.619     935968.835          0.002
      78971.820      38571.043    1144437.528          0.001
      79561.858      39273.957     879513.475          0.001
      78971.820      38571.043    1144437.528          0.001
      78112.015      39559.833     905332.353          0.001
       1357.828      40156.325     890206.231          0.001
       1871.721      41458.598     897707.258          0.001
       1146.263      39620.193   11336342.553          0.000
        218.549      40588.270     876066.533          0.000
       2355.518      40374.102     890206.231          0.002
       3011.963      40783.363     969378.315          0.002
       4335.520      39740.349     920356.083          0.002
       5036.413      39580.819     674530.675          0.003
       3139.171      40093.556     920356.083          0.001
       3011.963      40783.363     969378.315          0.002
       5036.413      39580.819     674530.675          0.003
       5252.949      40560.193     962155.015          0.002
       5036.413      39580.819     674530.675          0.003
       6230.671      39870.830    1592598.627          0.002
       6477.447      40153.871     975090.845          0.002
       6960.860      40708.322    1309062.631          0.004
       6919.265      39754.795     975090.845          0.003
       8032.725      39567.166    1074461.081          0.003
       6230.671      39870.830    1592598.627          0.002
       5326.792      40578.460     962155.015          0.002
       8068.923      39606.050    1000008.089          0.003
       9022.849      40630.757    1013571.873          0.003
       7864.639      39746.118    1000008.089          0.003
       6960.860      40708.322    1309062.631          0.004
      11263.408      39815.718     515200.132          0.005
      12163.193      39800.606    1029974.366          0.004
      11263.408      39815.718     515200.132          0.005
      11796.611      40501.334    1023914.853          0.004
      11263.408      39815.718     515200.132          0.005
      10624.114      40142.595    1013571.873          0.004
      12950.684      39787.380    1704824.172          0.003
      13064.156      40675.583     995993.430          0.003
      12950.684      39787.380    1704824.172          0.003
      13718.937      40496.392    1013218.038          0.003
      12865.772      39859.135    1029974.366          0.003
      11919.238      40659.013     788907.001          0.004
      15461.345      39611.543    1016513.865          0.001
      16847.078      39810.906    1007182.264          0.002
      14491.795      40265.573    1016513.865          0.002
      13947.082      40706.944    1170589.609          0.003
      18207.764      40428.345    1007182.264          0.002
      19096.861      40967.608    4057866.465          0.002
      18630.132      39969.533    1007182.264          0.002
      19331.932      40018.989     513759.737          0.003
      17296.338      39875.540   51772506.711          0.001
      16320.278      40833.613     993202.452          0.001
      19331.932      40018.989     513759.737          0.003
      19098.122      40962.520     996225.510          0.002
      19486.012      39998.038    1011906.024          0.003
      20413.831      39871.877    1237585.638          0.003
      20413.831      39871.877    1237585.638          0.003
      21637.582      39758.965    1017874.897          0.003
      20413.831      39871.877    1237585.638          0.003
      21165.139      40882.292    1000408.213          0.003
      20413.831      39871.877    1237585.638          0.003
      19745.995      40427.522     996225.510          0.003
      21973.637      39912.540    1017874.897          0.003
      21194.428      40921.681    1035425.422          0.003
      22127.095      39713.799    2043266.985          0.002
      23061.749      39838.692    1009009.415          0.003
      24217.431      39993.119    2126141.637          0.001
      24810.519      40859.437     979322.710          0.001
      24217.431      39993.119    2126141.637          0.001
      23302.017      40911.679     993119.196          0.001
      25682.663      40208.171    1010779.211          0.001
      26349.968      41053.104    1931357.954          0.001
      27349.803      39972.004    1022585.921          0.003
      28207.209      41037.084    4540634.276          0.003
      27248.484      39750.274    1022585.921          0.003
      28162.078      39945.592    1795371.167          0.002
      27155.263      39730.344    1111945.657          0.003
      26573.914      40685.254     999906.385          0.002
      29340.846      39944.442    1032259.690          0.003
      30231.077      39943.573    1574863.613          0.004
      28162.078      39945.592    1795371.167          0.002
      28207.209      41037.084    4540634.276          0.003
      30231.077      39943.573    1574863.613          0.004
      30442.145      40658.376    1030124.719          0.003
      30275.875      39944.009    1047505.272          0.004
      31675.809      39957.644    1045120.724          0.004
      32321.491      39963.933    3198046.735          0.003
      33244.203      39866.942    1029279.387          0.003
      32334.943      39974.030    1045120.724          0.003
      33441.393      40804.497     683097.687          0.004
      32321.491      39963.933    3198046.735          0.003
      31260.544      40597.846    1030124.719          0.004
      34239.952      40191.637    1029279.387          0.003
      34326.222      41024.974     494584.809          0.005
      33872.328      40211.937    1029279.387          0.003
      33441.393      40804.497     683097.687          0.004
      34195.981      39766.896    2757896.481          0.002
      35291.354      39660.128    1016557.945          0.002
      35414.667      39680.360    1016557.945          0.002
      36385.937      40688.643     990125.649          0.002
      34767.221      40453.322    1016557.945          0.003
      34326.222      41024.974     494584.809          0.005
      36676.718      39686.335    1003151.184          0.001
      38071.487      39807.255     990767.422          0.001
      36674.277      40093.095    1003151.184          0.001
      36688.209      41002.435    2808451.396          0.002
      39357.438      40286.868     990767.422          0.002
      40422.760      40787.920    5199047.840          0.002
      40805.610      39791.383     994046.020          0.003
      41968.833      40570.428     962969.194          0.003
      40796.653      39742.223     994046.020          0.003
      42196.337      39771.981     987988.670          0.003
      42627.998      39781.159    1088086.668          0.003
      43360.561      39802.726     978261.562          0.002
      42627.998      39781.159    1088086.668          0.003
      42597.630      40991.551    3046817.355          0.002
      44879.173      39867.303     978261.562          0.001
      46272.765      40001.097     973981.892          0.001
      46335.171      40059.931     973981.892          0.001
      45053.137      40622.414     955934.730          0.001
      48634.661      39855.248     993684.090          0.001
      48777.721      40601.208    1949936.892          0.002
      50700.127      40021.161    1550424.409          0.003
      51174.579      41225.224     982060.499          0.003
      50646.593      40106.980    1010596.157          0.003
      49905.616      41294.816     968524.787          0.003
      50700.127      40021.161    1550424.409          0.003
      51882.779      39816.853    1023861.462          0.003
      50700.127      40021.161    1550424.409          0.003
      51582.211      40621.804     837371.726          0.004
      50700.127      40021.161    1550424.409          0.003
      49906.337      40260.671     981277.844          0.003
      52436.357      39882.384    1023861.462          0.003
      51582.211      40621.804     837371.726          0.004
      54893.008      39853.336    1021595.992          0.003
      55917.085      40624.442     682754.367          0.003
      54684.545      39696.368    1994538.614          0.003
      55843.763      39722.976    1010450.304          0.003
      56684.703      39824.517    1010450.304          0.002
      57224.803      40967.461    1943654.446          0.002
      57582.092      40287.656    1001969.362          0.002
      57224.803      40967.461    1943654.446          0.002
      58634.285      39824.278    1001969.362          0.002
      59816.641      39913.230     728806.813          0.002
      59816.641      39913.230     728806.813          0.002
      59227.921      40389.179     986344.322          0.001
      61924.377      39659.893   40078220.035          0.001
      60977.981      40553.480     979115.493          0.001
      62659.720      40079.039     998502.914          0.002
      62797.006      41472.291     978330.857          0.002
      63282.004      40319.476     998502.914          0.002
      63965.387      40722.558    1208363.912          0.003
      62646.475      39944.620    1100378.178          0.002
      62183.544      40508.386     982237.921          0.001
      64926.141      39870.383    1018973.389          0.003
      64797.073      40739.438     972400.882          0.004
      64937.683      39792.667    1748662.999          0.003
      66275.873      39748.095    1024162.846          0.003
      64937.683      39792.667    1748662.999          0.003
      63976.980      40711.470    1000056.324          0.003
      65702.025      40288.693    1024162.846          0.004
      64797.073      40739.438     972400.882          0.004
      66824.028      39729.837    3580377.149          0.002
      67885.769      39848.474    1015451.537          0.003
      69218.103      40213.598    1015451.537          0.002
      69859.203      40727.065    1309725.879          0.003
      68466.359      40204.165    1015451.537          0.002
      67240.844      40881.005     997959.312          0.002
      70867.630      39766.220    1525886.026          0.003
      70698.951      40823.497     603206.387          0.004
      70867.630      39766.220    1525886.026          0.003
      70146.994      40452.854    1000839.951          0.003
      70867.630      39766.220    1525886.026          0.003
      72016.297      39814.283    1503798.852          0.003
      72016.297      39814.283    1503798.852          0.003
      72994.572      40654.195     978604.843          0.004
      72016.297      39814.283    1503798.852          0.003
      73261.848      39957.846     974750.245          0.003
      71956.407      39860.164    1004613.509          0.004
      70845.053      40711.570     996711.453          0.004
      74039.228      40047.448    1506122.864          0.003
      73868.256      41069.840     944669.647          0.003
      73969.653      40095.812     974750.245          0.003
      73071.441      40720.191     676835.221          0.003
      76151.813      39820.346    6856750.476          0.001
      77021.483      40814.717     888242.503          0.002
      76151.817      39821.101     935968.835          0.001
      76158.767      41221.084     910312.388          0.001
      75998.840      39968.651     935968.835          0.002
      75156.648      40785.141    3586005.056          0.002
      77906.299      39804.573     905332.353          0.001
      79166.835      40413.711     873432.877          0.001
      77891.954      39950.607     905332.353          0.001
      77803.988      41347.841     888242.503          0.001
        686.838      41127.291     876066.533          0.001
       1962.215      41704.711     897707.258          0.001
       3114.555      40886.813     920775.321          0.002
       4080.436      41860.783    2290495.666          0.002
       3553.048      40745.380     920775.321          0.003
       4949.612      40647.344     962155.015          0.002
       5660.187      41303.622     962155.015          0.003
       6017.791      41921.240    1153986.393          0.004
       5152.077      40745.001     962155.015          0.002
       4182.302      41754.722     936714.836          0.002
       6960.860      40708.322    1309062.631          0.004
       7227.908      41654.388    1404286.324          0.003
       7005.416      40711.195     990782.839          0.004
       8402.515      40801.284    1013571.873          0.003
       6960.860      40708.322    1309062.631          0.004
       6104.974      41809.110     969320.837          0.004
       9829.344      40832.868    1013571.873          0.003
      11190.767      40783.098    1515359.193          0.003
       9231.350      40854.729    4954866.986          0.003
      10416.418      41480.310    1002683.456          0.003
       8614.372      41100.991    1013571.873          0.003
       7314.121      41619.977     986432.637          0.003
      11190.767      40783.098    1515359.193          0.003
      11919.238      40659.013     788907.001          0.004
      11919.238      40659.013     788907.001          0.004
      11404.597      41199.712    1002683.456          0.003
      13947.082      40706.944    1170589.609          0.003
      14308.236      41712.512     985138.652          0.003
      13947.082      40706.944    1170589.609          0.003
      13335.403      41564.962     995993.430          0.002
      16232.735      40919.542   27205460.688          0.001
      17088.702      40712.180   58110493.752          0.001
      15166.218      41489.683     993202.452          0.002
      14379.294      41910.359     907550.478          0.003
      17733.568      41375.029     994359.501          0.002
      18261.878      41918.071    1714092.178          0.002
      19913.671      42167.273     996225.510          0.003
      20498.863      43026.755     933344.604          0.004
      19703.988      41158.960     996225.510          0.003
      21039.238      41579.800     985795.347          0.002
      20092.398      40945.810     996225.510          0.003
      21194.428      40921.681    1035425.422          0.003
      19096.861      40967.608    4057866.465          0.002
      18261.878      41918.071    1714092.178          0.002
      21194.428      40921.681    1035425.422          0.003
      21182.899      41625.078    2218872.142          0.002
      23237.171      40976.748    6324154.650          0.001
      24421.038      41354.743     979322.710          0.002
      22142.335      41322.279     993119.196          0.002
      21182.899      41625.078    2218872.142          0.002
      27155.016      41046.160     999906.385          0.002
      28207.209      41037.084    4540634.276          0.003
      26417.255      41103.660     999906.385          0.001
      27218.535      41705.699    1536893.401          0.002
      28673.418      41157.224    1016033.620          0.003
      30029.127      41506.584    1015533.535          0.003
      29147.218      41031.264    1016033.620          0.004
      30547.191      41022.596    1030124.719          0.003
      28207.209      41037.084    4540634.276          0.003
      27295.950      41653.345     992191.185          0.002
      30549.688      41022.581    2270005.649          0.003
      31689.419      41395.994    1016166.918          0.003
      33441.393      40804.497     683097.687          0.004
      34134.621      41636.161    1005209.085          0.003
      33441.393      40804.497     683097.687          0.004
      34326.222      41024.974     494584.809          0.005
      34326.222      41024.974     494584.809          0.005
      35094.165      41319.234     983486.639          0.003
      34326.222      41024.974     494584.809          0.005
      34289.675      41822.178    1218822.770          0.003
      36688.209      41002.435    2808451.396          0.002
      37519.196      40859.005     977631.126          0.002
      36688.209      41002.435    2808451.396          0.002
      36541.001      41873.633    2473574.302          0.002
      39349.838      40746.129     977631.126          0.002
      40422.760      40787.920    5199047.840          0.002
      40428.401      41269.482     972530.086          0.002
      40444.800      42669.386     953049.235          0.002
      40262.742      41240.768     972530.086          0.002
      39796.302      42560.781     953402.034          0.002
      41237.939      40864.245     972530.086          0.002
      42597.630      40991.551    3046817.355          0.002
      42596.124      41398.459     962969.194          0.002
      42591.146      42743.826    1170987.202          0.003
      42308.603      41234.406     962969.194          0.002
      41236.748      42135.032     953049.235          0.003
      42597.630      40991.551    3046817.355          0.002
      43424.287      41684.616     945275.113          0.002
      44768.037      40827.506     955934.730          0.001
      46161.400      40691.346     962141.918          0.001
      44312.385      41185.329     955934.730          0.001
      43783.858      41986.078    1553155.135          0.001
      44665.033      40910.193     955934.730          0.001
      45939.761      41489.044     944023.050          0.001
      46889.359      40862.347     962141.918          0.001
      47585.746      41908.262    8146564.855          0.001
      49044.640      41121.832     981277.844          0.003
      49481.720      41974.351    1773832.938          0.002
      48777.721      40601.208    1949936.892          0.002
      48182.437      41253.964     949381.664          0.002
      51582.211      40621.804     837371.726          0.004
      52289.878      40684.048    1003699.173          0.003
      51582.211      40621.804     837371.726          0.004
      51424.394      41755.879     982060.499          0.003
      54751.555      41377.279    1003699.173          0.003
      55642.535      41905.671    2253523.213          0.003
      55218.568      40688.391    1003699.173          0.003
      55917.085      40624.442     682754.367          0.003
      55917.085      40624.442     682754.367          0.003
      56784.836      40852.056     997472.246          0.003
      55917.085      40624.442     682754.367          0.003
      55685.394      41705.664     986143.295          0.003
      59005.325      40644.780     986344.322          0.001
      60402.650      40731.284     979115.493          0.001
      58752.562      41178.293     986344.322          0.001
      58495.014      42015.137    3644554.870          0.002
      60765.856      40753.769  107445104.866          0.001
      61936.164      40809.651   44198098.079          0.001
      63957.774      40815.363    1000056.324          0.003
      63843.310      42210.676     973131.910          0.003
      64019.112      40723.649    1000056.324          0.003
      64797.073      40739.438     972400.882          0.004
      63965.387      40722.558    1208363.912          0.003
      63391.426      41202.602     978330.857          0.002
      64811.572      40773.075    1004356.418          0.004
      65365.752      42058.721     975019.445          0.004
      64797.073      40739.438     972400.882          0.004
      65535.603      41090.536     988129.559          0.003
      64797.073      40739.438     972400.882          0.004
      64317.950      41674.891     973131.910          0.004
      66996.847      41024.316     997959.312          0.002
      67644.446      42265.532     965417.198          0.002
      69859.203      40727.065    1309725.879          0.003
      69973.530      41844.490     953557.896          0.003
      69859.716      40727.507    1000839.951          0.003
      70920.766      41640.838     970571.014          0.003
      69977.789      40740.683    1000839.951          0.003
      70698.951      40823.497     603206.387          0.004
      70698.951      40823.497     603206.387          0.004
      70935.417      41497.539     970571.014          0.003
      73071.441      40720.191     676835.221          0.003
      72517.396      41196.319     961631.646          0.003
      75156.648      40785.141    3586005.056          0.002
      75070.879      41704.735    5439200.348          0.001
      74837.968      41003.400     943075.754          0.002
      73755.375      41744.850    4361338.990          0.002
      79205.264      41127.740     873432.877          0.001
      77901.763      41638.510     888242.503          0.001
       2042.250      42762.783     897707.258          0.002
       2112.854      43797.195    1194595.558          0.002
       1926.353      41733.976     897707.258          0.001
        716.916      42439.143     869710.885          0.001
       4411.027      42126.473     936714.836          0.002
       5032.133      42625.644    1122438.226          0.003
       5174.582      41894.927     936714.836          0.003
       6017.791      41921.240    1153986.393          0.004
       4080.436      41860.783    2290495.666          0.002
       3420.287      42627.192     916429.281          0.002
       6017.791      41921.240    1153986.393          0.004
       7227.908      41654.388    1404286.324          0.003
       6017.791      41921.240    1153986.393          0.004
       5052.857      42610.833     948754.514          0.003
       7227.908      41654.388    1404286.324          0.003
       7872.195      42620.266     971321.751          0.003
       7227.908      41654.388    1404286.324          0.003
       8125.054      41857.697     990919.116          0.003
       8900.744      42033.482    7868474.841          0.002
       9757.628      42876.722     973728.900          0.002
       9406.895      41957.441     990919.116          0.003
      10791.358      41749.448    1002683.456          0.002
       8797.442      42146.341     990919.116          0.002
       8079.368      42930.849     729386.750          0.003
      10905.151      41835.506    1002683.456          0.002
      11025.415      43230.331     958577.371          0.003
      11379.052      42179.237    1002683.456          0.003
      12344.425      43070.378    1434251.110          0.003
      11123.731      41735.525    1002683.456          0.003
      12523.684      41746.937     995993.430          0.003
      13201.732      41752.465    4647545.635          0.002
      14379.294      41910.359     907550.478          0.003
      12908.857      42202.692     995993.430          0.002
      12344.425      43070.378    1434251.110          0.003
      14379.294      41910.359     907550.478          0.003
      14719.710      42537.048     968945.341          0.002
      14379.294      41910.359     907550.478          0.003
      14085.590      42600.291     977482.391          0.001
      17533.750      41868.822     977669.201          0.002
      18261.878      41918.071    1714092.178          0.002
      16000.151      42032.349     977669.201          0.001
      15119.782      43120.903     968945.341          0.001
      18261.878      41918.071    1714092.178          0.002
      18376.837      42832.056    1899139.112          0.002
      19516.008      42539.637     978300.108          0.004
      20498.863      43026.755     933344.604          0.004
      21182.899      41625.078    2218872.142          0.002
      22041.389      42426.348     963569.261          0.002
      20932.509      42138.160     985795.347          0.003
      20498.863      43026.755     933344.604          0.004
      23380.638      42008.717     967949.220          0.001
      24758.351      41759.907     979322.710          0.001
      22974.978      42272.360     967949.220          0.001
      22409.376      42769.807    1991766.549          0.002
      25344.713      41886.912     979322.710          0.001
      25313.991      42714.603    2160547.797          0.001
      27225.086      41929.113     992191.185          0.002
      27256.950      43015.812    1015540.083          0.003
      27218.535      41705.699    1536893.401          0.002
      28407.521      42032.633    6894760.449          0.002
      27218.535      41705.699    1536893.401          0.002
      26107.345      42294.336     961765.706          0.002
      28131.877      42268.174     993817.774          0.002
      27256.950      43015.812    1015540.083          0.003
      29066.406      41889.912     993817.774          0.003
      30397.649      41601.551    4375433.208          0.002
      28407.521      42032.633    6894760.449          0.002
      29339.808      42799.813     982232.030          0.002
      30657.693      41865.151    1015533.535          0.003
      31437.014      42655.134     779059.198          0.004
      30532.250      41604.349    1015533.535          0.003
      31931.948      41633.453    1016166.918          0.003
      32109.236      41982.165    1016166.918          0.003
      31437.014      42655.134     779059.198          0.004
      33235.212      41720.315    1016166.918          0.003
      34289.675      41822.178    1218822.770          0.003
      34289.675      41822.178    1218822.770          0.003
      35190.209      42516.504     981030.376          0.003
      34289.675      41822.178    1218822.770          0.003
      35321.113      41845.752     983486.639          0.003
      36541.001      41873.633    2473574.302          0.002
      37120.699      42712.658     950518.341          0.002
      36299.105      42051.441     983486.639          0.002
      35422.629      42695.704    1203863.112          0.003
      38160.155      42205.207     968401.383          0.001
      37531.867      43307.763    4010432.463          0.001
      39055.083      42290.777     968401.383          0.001
      39694.175      42849.798     964749.990          0.002
      43783.858      41986.078    1553155.135          0.001
      44314.463      42846.152     934774.904          0.001
      43276.533      42308.389     945275.113          0.002
      42591.146      42743.826    1170987.202          0.003
      44750.147      41869.578     943094.390          0.001
      44449.410      43064.890    4559565.966          0.001
      44844.684      41714.348     943094.390          0.001
      46244.683      41715.608     944023.050          0.001
      46955.810      42491.769     944023.050          0.001
      47351.813      43086.454    1254205.160          0.002
      47514.695      42266.106     949381.664          0.001
      47351.813      43086.454    1254205.160          0.002
      49481.720      41974.351    1773832.938          0.002
      49611.312      42952.205    2784358.267          0.002
      49655.480      41961.570     968524.787          0.002
      51051.708      41858.870     982060.499          0.003
      51205.205      42372.924     982060.499          0.003
      50701.355      43679.115     956468.245          0.003
      51283.360      41913.268     982060.499          0.003
      50094.219      42652.148     964027.757          0.003
      51413.768      41832.239    3040774.631          0.003
      52097.778      42466.898     968705.532          0.003
      53452.454      42027.192     984807.732          0.002
      52661.745      42990.175    2623426.651          0.002
      54799.121      41848.885     984807.732          0.003
      55642.535      41905.671    2253523.213          0.003
      55642.809      41918.815     986143.295          0.003
      55671.927      43318.513     956251.929          0.003
      55864.743      41922.462     986143.295          0.003
      57260.763      42027.951     977139.114          0.003
      55642.535      41905.671    2253523.213          0.003
      56803.983      41216.987     997472.246          0.003
      57752.514      42650.633     977139.114          0.003
      57619.212      44044.272     952505.749          0.003
      57410.133      42407.847     977139.114          0.003
      56343.745      43314.939     956251.929          0.003
      57808.118      42069.312    2605992.866          0.002
      58596.069      42809.263     963497.113          0.002
      57808.118      42069.312    2605992.866          0.002
      57230.892      40978.962     997472.246          0.002
      58495.014      42015.137    3644554.870          0.002
      58597.807      42810.895    1203092.371          0.002
      58229.185      41795.881     973222.191          0.002
      57224.803      40967.461    1943654.446          0.002
      61880.747      41819.549     963392.033          0.002
      62817.713      41682.439    2279645.947          0.002
      59255.047      42544.660     963392.033          0.002
      58597.807      42810.895    1203092.371          0.002
      62004.064      42483.044     963392.033          0.002
      62717.780      42718.384    1154651.871          0.002
      63196.294      42063.433     978330.857          0.002
      63805.126      42676.145    2806850.110          0.003
      62817.713      41682.439    2279645.947          0.002
      62717.780      42718.384    1154651.871          0.002
      66674.294      41631.873    1973147.271          0.002
      67364.958      42271.983     965417.198          0.002
      66318.566      42114.139     988129.559          0.003
      65732.265      42908.996    1957765.307          0.003
      69068.904      42322.658     970401.502          0.002
      70086.245      42946.160    1850789.877          0.002
      68678.540      42083.413   31656968.524          0.001
      67912.654      42779.591    6173965.789          0.001
      71013.776      41720.900     756095.500          0.002
      71750.084      41855.723    5712818.203          0.002
      71013.776      41720.900     756095.500          0.002
      70418.029      42507.877     953557.896          0.002
      72116.682      41835.454     961631.646          0.002
      73514.547      41758.165     944669.647          0.002
      72042.973      42159.048     961631.646          0.002
      72677.409      42816.090    1034185.664          0.003
      73902.507      42958.559     944669.647          0.003
      74026.142      43978.433    1232495.088          0.003
      73755.375      41744.850    4361338.990          0.002
      74762.793      42597.443     924865.198          0.002
      73404.900      42093.138     944669.647          0.002
      72677.409      42816.090    1034185.664          0.003
      75068.658      41720.986     926688.520          0.001
      74929.562      42738.582    4242232.978          0.002
      76298.652      41828.926     910312.388          0.001
      77171.999      42630.981    2936228.456          0.001
      77996.522      41868.362     888242.503          0.001
      79059.512      42779.435     873096.839          0.001
      79834.699      42049.582     865718.928          0.000
      79184.613      42886.657    1558972.864          0.001
       1444.864      43499.993     869710.885          0.002
       2112.854      43797.195    1194595.558          0.002
       3044.457      43022.751     916429.281          0.001
       2112.854      43797.195    1194595.558          0.002
       5032.133      42625.644    1122438.226          0.003
       5755.468      43055.872     945392.197          0.003
       5032.133      42625.644    1122438.226          0.003
       5062.332      43979.343    1147474.796          0.003
       8079.368      42930.849     729386.750          0.003
       7612.045      43452.192     945392.197          0.002
      10125.088      43214.659     973728.900          0.002
      11092.373      44006.911    2483625.488          0.002
       9981.641      43097.169    7588108.382          0.002
       9114.998      43829.236     953263.924          0.001
      12344.471      43105.373     979093.166          0.003
      12346.294      44505.372     950019.099          0.003
      12344.425      43070.378    1434251.110          0.003
      13346.882      43614.032     960912.845          0.003
      12344.425      43070.378    1434251.110          0.003
      11585.127      43638.332     958577.371          0.003
      14075.922      43050.492     977482.391          0.002
      14167.044      44058.824    1920565.054          0.002
      17103.119      43251.971     968480.322          0.002
      18044.269      43877.662    4189245.636          0.001
      16187.700      42743.816     968480.322          0.001
      15070.176      43182.239   10634518.687          0.001
      19186.896      43327.831     971169.359          0.003
      20135.855      43908.616     921700.060          0.003
      19492.086      42934.382     971169.359          0.003
      20498.863      43026.755     933344.604          0.004
      18376.837      42832.056    1899139.112          0.002
      18090.919      43730.994     958683.856          0.002
      20498.863      43026.755     933344.604          0.004
      20753.474      43706.862     945904.782          0.003
      20498.863      43026.755     933344.604          0.004
      21196.599      42932.916     963569.261          0.003
      20498.863      43026.755     933344.604          0.004
      20135.855      43908.616     921700.060          0.003
      22409.376      42769.807    1991766.549          0.002
      22488.977      43997.386    3367777.632          0.001
      23233.381      43591.582     952941.573          0.002
      22488.977      43997.386    3367777.632          0.001
      25313.991      42714.603    2160547.797          0.001
      24738.451      43479.723     939437.430          0.001
      25504.603      42943.882     961765.706          0.002
      26130.344      43696.558    1291922.753          0.002
      26410.731      42884.626     961765.706          0.002
      27256.950      43015.812    1015540.083          0.003
      27259.712      43044.518     970859.025          0.003
      27393.835      44438.079     931183.078          0.003
      27256.950      43015.812    1015540.083          0.003
      26342.608      43568.299     950982.957          0.002
      29550.187      43012.631     982232.030          0.002
      30149.899      44277.678     935938.851          0.002
      29772.213      43146.010     982232.030          0.002
      30572.340      43773.965    1237861.923          0.002
      29519.332      42947.544    8676487.924          0.002
      28425.774      43772.817     951616.717          0.002
      31437.014      42655.134     779059.198          0.004
      30842.235      43424.738     962539.974          0.003
      31437.014      42655.134     779059.198          0.004
      32133.690      43483.591     955686.511          0.003
      31437.014      42655.134     779059.198          0.004
      32135.821      42726.637     987585.665          0.003
      34367.224      42774.257     987585.665          0.003
      35422.629      42695.704    1203863.112          0.003
      33133.132      43138.570     987585.665          0.002
      32531.808      43957.016    2305314.592          0.002
      35422.629      42695.704    1203863.112          0.003
      36157.621      42908.984     950518.341          0.003
      35422.629      42695.704    1203863.112          0.003
      35381.694      43746.578     920085.277          0.003
      39694.175      42849.798     964749.990          0.002
      40446.320      42799.188    3216008.276          0.002
      39694.175      42849.798     964749.990          0.002
      40220.947      43764.752     921048.693          0.001
      41326.520      43214.181     953049.235          0.003
      42556.872      43794.263    1045509.499          0.003
      41322.105      42776.582     953049.235          0.003
      42591.146      42743.826    1170987.202          0.003
      42591.146      42743.826    1170987.202          0.003
      42556.872      43794.263    1045509.499          0.003
      44449.410      43064.890    4559565.966          0.001
      44608.162      43922.351    2823593.962          0.001
      45173.392      43018.585     935959.501          0.001
      44608.162      43922.351    2823593.962          0.001
      46603.541      42914.442     935959.501          0.002
      47351.813      43086.454    1254205.160          0.002
      47351.813      43086.454    1254205.160          0.002
      47790.718      44009.621    1810702.973          0.002
      48363.405      43026.350     943827.690          0.003
      49611.312      42952.205    2784358.267          0.002
      49602.504      43301.643     964027.757          0.003
      49567.229      44701.199     940707.906          0.003
      49792.520      43109.683     964027.757          0.002
      50637.686      43844.171    1355472.800          0.003
      49611.312      42952.205    2784358.267          0.002
      48490.337      43603.276     936964.572          0.003
      52661.745      42990.175    2623426.651          0.002
      52785.603      44033.595    1851182.394          0.001
      52661.745      42990.175    2623426.651          0.002
      53563.603      42711.642     972033.776          0.001
      51472.550      43491.923     968705.532          0.003
      50637.686      43844.171    1355472.800          0.003
      54776.037      43325.202     972033.776          0.002
      55683.536      43876.526    3227631.310          0.002
      58597.807      42810.895    1203092.371          0.002
      59203.796      43385.461     941413.794          0.002
      58276.212      43225.812     963497.113          0.003
      57616.027      44077.570    1468299.933          0.003
      61116.347      43299.604     951541.224          0.001
      61803.776      43742.331    1219323.357          0.001
      60590.736      43156.509     951541.224          0.001
      59842.145      43990.709    5561559.544          0.001
      62717.780      42718.384    1154651.871          0.002
      63479.965      43817.460     955510.227          0.002
      62717.780      42718.384    1154651.871          0.002
      62009.204      43512.193     947188.376          0.002
      62902.263      42711.217     965745.351          0.003
      63805.126      42676.145    2806850.110          0.003
      64360.785      42980.658     973131.910          0.003
      65588.511      43653.480     966223.626          0.003
      64447.549      42753.767     973131.910          0.003
      65732.265      42908.996    1957765.307          0.003
      65732.265      42908.996    1957765.307          0.003
      66672.104      43693.603     961543.019          0.003
      65732.265      42908.996    1957765.307          0.003
      65614.086      43667.495    1003760.339          0.003
      67879.641      42993.258     965417.198          0.002
      67747.868      43846.108    1208536.867          0.002
      70086.245      42946.160    1850789.877          0.002
      71130.654      42633.295    9573494.995          0.001
      70086.245      42946.160    1850789.877          0.002
      69292.861      43249.813     953798.114          0.001
      71241.431      42836.977     953900.513          0.002
      71774.948      43817.936    2857325.098          0.002
      72985.539      43081.637     945595.634          0.003
      74026.142      43978.433    1232495.088          0.003
      72677.409      42816.090    1034185.664          0.003
      72067.902      43492.720     943893.482          0.002
      74961.995      42737.026     924865.198          0.002
      76360.386      42669.925     895494.440          0.002
      77214.044      42662.722     895494.440          0.001
      78331.387      43506.253     878246.723          0.002
      77120.615      42954.245     895494.440          0.001
      76964.345      43937.350    1236905.016          0.002
      75773.596      43481.153     895494.440          0.003
      75175.271      43844.911     745980.738          0.003
      77171.999      42630.981    2936228.456          0.001
      78394.007      42786.221     873096.839          0.001
      79184.613      42886.657    1558972.864          0.001
      79844.691      43688.813     869259.019          0.000
      79184.613      42886.657    1558972.864          0.001
      79022.483      44027.991    1711479.706          0.001
        229.384      44142.882     870440.075          0.000
       1071.141      45116.553    7257031.117          0.000
       2112.854      43797.195    1194595.558          0.002
       1596.469      44451.211     868848.293          0.001
       2134.089      43820.167     897785.868          0.002
       3084.417      44848.211     896863.085          0.002
       2359.573      43837.512     897785.868          0.002
       3275.810      43987.237     844539.007          0.002
       3862.308      43984.646     914201.770          0.003
       5062.332      43979.343    1147474.796          0.003
       3275.810      43987.237     844539.007          0.002
       3947.116      44999.184    1699844.162          0.002
       3275.810      43987.237     844539.007          0.002
       3178.338      44775.149     896863.085          0.002
       5062.332      43979.343    1147474.796          0.003
       4275.948      44698.475     904981.007          0.002
       5062.332      43979.343    1147474.796          0.003
       5846.083      44694.550     920117.649          0.003
       5062.332      43979.343    1147474.796          0.003
       5821.129      43956.110     945392.197          0.003
       6925.722      44247.763     945392.197          0.002
       6255.917      45068.542    2666677.692          0.002
       7409.234      43906.123     945392.197          0.002
       8808.274      43854.269     953263.924          0.002
       9098.080      43843.527   11038852.943          0.001
       9877.555      44769.541     931811.897          0.001
      11485.094      44237.843     958577.371          0.002
      12346.605      44744.438    1615713.613          0.003
      14167.044      44058.824    1920565.054          0.002
      14301.240      44818.824    1320794.839          0.002
      13467.928      44322.125     960912.845          0.003
      12346.605      44744.438    1615713.613          0.003
      14167.044      44058.824    1920565.054          0.002
      14675.606      43565.210     968945.341          0.002
      14973.906      44472.568     957189.156          0.002
      14301.240      44818.824    1320794.839          0.002
      16509.567      44191.021     957189.156          0.001
      17024.738      44672.128     923513.772          0.002
      18092.168      44476.807     958683.856          0.002
      18203.738      45872.354     919684.033          0.002
      18044.269      43877.662    4189245.636          0.001
      17024.738      44672.128     923513.772          0.002
      19427.529      43898.134     958683.856          0.003
      20135.855      43908.616     921700.060          0.003
      20135.855      43908.616     921700.060          0.003
      19296.810      44925.201     596415.263          0.004
      22488.977      43997.386    3367777.632          0.001
      23091.293      45020.613    1245394.379          0.002
      22318.554      44104.454     948050.091          0.002
      21171.991      44824.783    4305467.369          0.002
      25307.075      44387.950     939437.430          0.001
      26090.760      44659.802    1446438.860          0.002
      23690.826      44541.660     939437.430          0.001
      23091.293      45020.613    1245394.379          0.002
      26397.760      43935.725     950982.957          0.002
      27434.747      44863.165    1220557.651          0.003
      26130.344      43696.558    1291922.753          0.002
      26090.760      44659.802    1446438.860          0.002
      27928.655      44257.047     951616.717          0.002
      27434.747      44863.165    1220557.651          0.003
      30877.987      43802.518     962539.974          0.003
      32271.918      43932.737     955686.511          0.002
      32531.808      43957.016    2305314.592          0.002
      33415.812      44013.393     943702.861          0.002
      32531.808      43957.016    2305314.592          0.002
      31467.498      44320.248     935938.851          0.003
      32442.826      44400.964     955686.511          0.003
      32167.693      45773.662     916333.674          0.003
      34439.090      44078.652   17882360.990          0.001
      33557.439      45035.761    4703109.826          0.001
      34520.795      44151.304     943702.861          0.001
      35337.635      44877.642    2901222.417          0.001
      38199.193      44188.042     930712.682          0.001
      37434.588      44828.415    1274970.172          0.001
      39118.639      44039.065     930712.682          0.001
      40322.322      44754.011     909056.147          0.001
      39213.975      43885.673     930712.682          0.001
      40428.380      44125.044    5986624.043          0.001
      41790.931      43913.295     921048.693          0.002
      42556.872      43794.263    1045509.499          0.003
      41773.221      44462.120     921048.693          0.002
      42650.908      44682.107    1415557.818          0.003
      42556.872      43794.263    1045509.499          0.003
      42650.908      44682.107    1415557.818          0.003
      42556.872      43794.263    1045509.499          0.003
      43312.136      43841.424     922368.471          0.002
      44677.538      44008.437     922368.471          0.001
      45446.898      44963.120     551214.316          0.002
      44596.033      44436.512     922368.471          0.002
      44565.953      45711.535    2664346.826          0.001
      43454.831      44370.044     922368.471          0.002
      42650.908      44682.107    1415557.818          0.003
      46814.582      44375.502     922287.620          0.001
      47715.050      44657.746    1934363.224          0.001
      48567.419      44316.764     936964.572          0.003
      49566.957      44712.028    1439224.107          0.003
      47790.718      44009.621    1810702.973          0.002
      47715.050      44657.746    1934363.224          0.001
      50637.686      43844.171    1355472.800          0.003
      51383.945      44515.270     938247.054          0.003
      50637.686      43844.171    1355472.800          0.003
      51364.462      43908.265     949875.068          0.003
      50637.686      43844.171    1355472.800          0.003
      49657.618      44638.544     940707.906          0.003
      52785.603      44033.595    1851182.394          0.001
      53443.379      44768.055     931823.782          0.001
      52550.490      44236.979     949875.068          0.002
      51798.166      44887.773    1224737.467          0.003
      54563.861      44509.178     948572.879          0.002
      55543.791      44931.414    2838198.636          0.002
      55683.536      43876.526    3227631.310          0.002
      55543.791      44931.414    2838198.636          0.002
      56319.255      43942.662     956251.929          0.003
      57616.027      44077.570    1468299.933          0.003
      57616.027      44077.570    1468299.933          0.003
      57971.842      44887.814     957755.129          0.003
      57616.027      44077.570    1468299.933          0.003
      56511.136      44532.829     939583.818          0.003
      59832.022      44050.139     941413.794          0.001
      59658.795      45067.156    1690681.065          0.001
      59842.145      43990.709    5561559.544          0.001
      60754.746      43892.215     941491.117          0.000
      61028.182      44099.172     941491.117          0.001
      61733.594      44660.657    1380350.827          0.001
      61803.776      43742.331    1219323.357          0.001
      61733.594      44660.657    1380350.827          0.001
      62244.931      43795.050     947188.376          0.002
      63574.616      43953.948    6706687.397          0.002
      64770.469      43785.985     955510.227          0.003
      65614.086      43667.495    1003760.339          0.003
      63921.707      44294.425     955510.227          0.002
      64778.708      45135.095    1383418.832          0.002
      63742.444      44895.331     955510.227          0.003
      63937.520      45989.547     699629.404          0.003
      63574.616      43953.948    6706687.397          0.002
      62407.200      44402.082     934930.340          0.002
      65614.086      43667.495    1003760.339          0.003
      65065.746      44630.824     942001.354          0.003
      65614.086      43667.495    1003760.339          0.003
      66824.001      43840.289     961543.019          0.003
      66852.725      43844.391    1003807.055          0.003
      67663.268      43845.946     956649.619          0.002
      66852.725      43844.391    1003807.055          0.003
      67070.901      44941.568     682692.346          0.004
      66852.725      43844.391    1003807.055          0.003
      66068.771      44446.208     950990.248          0.003
      67759.588      43979.817     956649.619          0.002
      67881.836      45374.470     919072.972          0.003
      67747.868      43846.108    1208536.867          0.002
      68393.668      44139.257     936352.441          0.002
      67627.082      44041.563     956649.619          0.002
      67070.901      44941.568     682692.346          0.004
      70022.784      44062.306   17052155.101          0.001
      69031.913      43349.686   41350562.369          0.001
      71056.320      44612.890     941972.865          0.002
      71806.952      45012.766    1435329.457          0.002
      72878.022      44387.564     943893.482          0.003
      73817.683      44872.804    1174512.088          0.003
      71774.948      43817.936    2857325.098          0.002
      71806.952      45012.766    1435329.457          0.002
      73057.167      43909.351     943893.482          0.003
      74026.142      43978.433    1232495.088          0.003
      74026.142      43978.433    1232495.088          0.003
      75175.271      43844.911     745980.738          0.003
      74026.142      43978.433    1232495.088          0.003
      75034.509      44662.373     636355.338          0.003
      74026.142      43978.433    1232495.088          0.003
      73817.683      44872.804    1174512.088          0.003
      75175.271      43844.911     745980.738          0.003
      76033.848      44403.858     904955.625          0.003
      75175.271      43844.911     745980.738          0.003
      75034.509      44662.373     636355.338          0.003
      75175.271      43844.911     745980.738          0.003
      76187.481      43897.210     906751.417          0.003
      76964.345      43937.350    1236905.016          0.002
      77868.727      43977.179     878246.723          0.002
      76964.345      43937.350    1236905.016          0.002
      76720.293      44850.746    2055773.261          0.002
      79022.483      44027.991    1711479.706          0.001
      79728.698      44656.506     860977.078          0.000
      79022.483      44027.991    1711479.706          0.001
      78915.020      44742.287    6862098.778          0.000
       1077.959      45322.553     868848.293          0.001
       1124.270      46721.787     857714.561          0.001
       1364.086      45520.711     868848.293          0.001
       1788.535      46106.297     857247.481          0.002
       1071.141      45116.553    7257031.117          0.000
        147.580      45807.894     858528.615          0.000
       3068.469      45515.950     896863.085          0.002
       2854.340      46899.478     873977.409          0.002
       3011.151      45056.400     896863.085          0.002
       1949.025      45968.479     876288.520          0.002
       3771.797      45520.807     896863.085          0.002
       4283.904      46015.435     603348.152          0.003
       4345.022      45011.137     904981.007          0.002
       5744.390      45053.175     920117.649          0.003
       3984.503      45112.000     904981.007          0.002
       4283.904      46015.435     603348.152          0.003
       6182.101      45178.812     920117.649          0.002
       5403.312      46342.207     894622.188          0.002
       6255.917      45068.542    2666677.692          0.002
       6964.133      45901.917     967756.968          0.003
       5452.663      45454.237     920117.649          0.003
       4283.904      46015.435     603348.152          0.003
       8458.425      45070.988     921868.559          0.001
       9853.790      44957.171     931811.897          0.001
       7536.795      45498.698     921868.559          0.002
       6964.133      45901.917     967756.968          0.003
      10051.689      45092.399     931811.897          0.001
      10233.194      46063.391    2281325.477          0.001
      12346.605      44744.438    1615713.613          0.003
      12288.399      45698.805     918390.276          0.003
      12346.605      44744.438    1615713.613          0.003
      13236.936      45380.997     920316.074          0.003
      12346.605      44744.438    1615713.613          0.003
      11482.523      45283.700     913909.485          0.003
      12346.605      44744.438    1615713.613          0.003
      13477.111      44787.461     948553.647          0.003
      14301.240      44818.824    1320794.839          0.002
      14128.384      46018.354    2098626.055          0.002
      17252.822      44940.871     948270.065          0.002
      18158.730      46008.266     919684.033          0.002
      19296.810      44925.201     596415.263          0.004
      19778.121      45701.099     919739.280          0.003
      19296.810      44925.201     596415.263          0.004
      20132.248      44880.462     945904.782          0.003
      19296.810      44925.201     596415.263          0.004
      18795.609      45463.349     919684.033          0.003
      20934.219      45106.497     945904.782          0.002
      20055.272      46147.882    1807898.958          0.002
      21217.574      44829.434     945904.782          0.002
      22610.343      44971.541     931379.470          0.002
      23091.293      45020.613    1245394.379          0.002
      24040.864      45658.428     913339.349          0.001
      23091.293      45020.613    1245394.379          0.002
      22270.843      45828.414     918949.507          0.001
      24332.387      44948.388     930717.361          0.001
      24140.034      45725.039    1819925.176          0.001
      25342.747      44658.637     930717.361          0.001
      26090.760      44659.802    1446438.860          0.002
      26403.419      45070.232     932962.663          0.002
      27169.731      46076.173     913752.063          0.002
      26425.104      44710.393     932962.663          0.002
      27434.747      44863.165    1220557.651          0.003
      27434.747      44863.165    1220557.651          0.003
      28135.116      44967.689     923793.936          0.002
      27434.747      44863.165    1220557.651          0.003
      27169.731      46076.173     913752.063          0.002
      30905.306      45996.100     935938.851          0.003
      31362.258      47062.963    1004824.269          0.002
      30334.752      44918.679     935938.851          0.002
      30231.918      46314.897     889011.829          0.002
      30350.757      44701.374    5760281.712          0.001
      29563.681      45514.990     910943.648          0.001
      31384.689      45359.797     935938.851          0.003
      32152.626      45848.831    1028818.994          0.003
      33526.344      45254.845     922835.351          0.001
      33329.613      46640.954     888433.083          0.002
      32765.763      45493.963     922835.351          0.002
      32152.626      45848.831    1028818.994          0.003
      35337.635      44877.642    2901222.417          0.001
      35269.394      45973.237     579202.487          0.002
      35497.089      44942.599     920085.277          0.002
      36793.633      45470.778     901124.102          0.002
      35521.611      44873.323     920085.277          0.002
      36921.226      44840.466     912126.383          0.002
      35544.811      44729.417     920085.277          0.002
      36683.406      43914.800     950518.341          0.002
      37434.588      44828.415    1274970.172          0.001
      37520.715      43482.091     950518.341          0.001
      37434.588      44828.415    1274970.172          0.001
      37445.262      45736.235    3457855.403          0.001
      38496.781      45771.247     905120.494          0.001
      38519.117      46969.012    1608184.846          0.001
      38986.443      44928.080     905120.494          0.001
      40381.985      44816.440     909056.147          0.001
      40938.521      45367.534     909056.147          0.002
      41575.240      46050.864    1287629.459          0.002
      42650.908      44682.107    1415557.818          0.003
      42723.187      46000.146     900262.255          0.003
      42650.908      44682.107    1415557.818          0.003
      41902.984      45633.819     897878.596          0.002
      42650.908      44682.107    1415557.818          0.003
      43730.539      45262.460     906418.154          0.002
      45446.898      44963.120     551214.316          0.002
      46057.117      45372.386     905990.603          0.001
      45446.898      44963.120     551214.316          0.002
      44565.953      45711.535    2664346.826          0.001
      48155.343      45210.316     929474.495          0.002
      48636.006      45813.552     568540.877          0.002
      48800.361      44689.558     929474.495          0.002
      49566.957      44712.028    1439224.107          0.003
      47715.050      44657.746    1934363.224          0.001
      47775.758      45982.814     903167.456          0.001
      49566.957      44712.028    1439224.107          0.003
      49616.084      45655.668     898717.411          0.003
      49566.957      44712.028    1439224.107          0.003
      48710.907      45724.928     913483.259          0.003
      51798.166      44887.773    1224737.467          0.003
      52517.273      44955.939     931823.782          0.002
      51798.166      44887.773    1224737.467          0.003
      51824.255      46029.585     815868.902          0.002
      51798.166      44887.773    1224737.467          0.003
      51009.227      45505.059     918253.486          0.002
      54951.755      45517.170     931823.782          0.002
      55663.594      45774.569    1024386.395          0.003
      55543.791      44931.414    2838198.636          0.002
      55663.594      45774.569    1024386.395          0.003
      56333.318      45296.761     939583.818          0.003
      57603.878      45884.702     925911.834          0.002
      56654.929      44911.461     939583.818          0.003
      57971.842      44887.814     957755.129          0.003
      57971.842      44887.814     957755.129          0.003
      57695.622      45927.156    1646419.955          0.002
      57971.842      44887.814     957755.129          0.003
      58698.375      44965.053     930428.673          0.002
      59658.795      45067.156    1690681.065          0.001
      59762.853      46051.791    1806263.406          0.001
      58643.641      45511.861     930428.673          0.002
      57695.622      45927.156    1646419.955          0.002
      60956.329      45067.102     929897.607          0.001
      61656.455      46126.720   11766620.650          0.001
      60482.770      45244.862     929897.607          0.001
      59762.853      46051.791    1806263.406          0.001
      61733.594      44660.657    1380350.827          0.001
      62693.326      45467.590    9801034.346          0.001
      61733.594      44660.657    1380350.827          0.001
      61672.748      45817.065     911829.799          0.001
      64778.708      45135.095    1383418.832          0.002
      65751.193      44690.003    2521663.560          0.002
      64742.422      45171.954     942001.354          0.002
      63937.520      45989.547     699629.404          0.003
      66022.842      44741.785     950990.248          0.002
      67070.901      44941.568     682692.346          0.004
      67070.901      44941.568     682692.346          0.004
      67651.330      45641.664     919072.972          0.002
      67070.901      44941.568     682692.346          0.004
      66437.918      45324.598     927536.529          0.002
      71071.764      44918.508     936352.441          0.002
      71806.952      45012.766    1435329.457          0.002
      68697.217      45459.369     936352.441          0.002
      67935.278      45984.153    1636809.008          0.002
      71806.952      45012.766    1435329.457          0.002
      71770.863      45758.421    1262828.239          0.002
      72763.586      44946.177     936163.881          0.003
      73817.683      44872.804    1174512.088          0.003
      73817.683      44872.804    1174512.088          0.003
      73481.951      45714.616     893369.980          0.003
      73817.683      44872.804    1174512.088          0.003
      72656.933      45375.037     922026.613          0.003
      73817.683      44872.804    1174512.088          0.003
      75034.509      44662.373     636355.338          0.003
      75034.509      44662.373     636355.338          0.003
      75899.193      44758.994     904955.625          0.003
      76720.293      44850.746    2055773.261          0.002
      76933.318      45843.275     807984.503          0.003
      76665.434      44876.890     904955.625          0.002
      75401.619      45479.194     914387.131          0.002
      78914.978      44743.802     873382.900          0.000
      78888.872      45690.090    1805831.537          0.001
      79623.116      45166.642     860977.078          0.000
      78888.872      45690.090    1805831.537          0.001
        232.376      46101.611     858528.615          0.000
       1127.096      46807.162    4952019.391          0.001
       1920.943      46215.803     876288.520          0.002
       2842.228      46977.736    1873461.027          0.002
       4283.904      46015.435     603348.152          0.003
       4902.615      46534.776     894622.188          0.002
       4283.904      46015.435     603348.152          0.003
       3463.669      46562.931     873977.409          0.003
       6964.133      45901.917     967756.968          0.003
       7094.201      46945.870     888256.372          0.002
       6809.826      45972.379     912935.317          0.003
       5536.318      46553.907     894622.188          0.002
       9437.495      46123.863     907300.288          0.001
      10233.194      46063.391    2281325.477          0.001
       8074.641      46627.721     907300.288          0.002
       7116.915      47128.179    2232768.299          0.001
      10825.467      46094.978     913909.485          0.002
      12223.480      46169.538     918390.276          0.002
      10439.499      46319.536     913909.485          0.002
      11127.812      47174.136     963684.946          0.003
      12391.928      46160.620     918390.276          0.002
      13787.253      46046.302     920316.074          0.002
      12133.741      46282.942     918390.276          0.002
      11127.812      47174.136     963684.946          0.003
      14128.384      46018.354    2098626.055          0.002
      13319.877      46704.029     902517.802          0.002
      14128.384      46018.354    2098626.055          0.002
      14794.653      46298.578     893730.216          0.002
      14128.384      46018.354    2098626.055          0.002
      13950.935      47059.788     529337.378          0.002
      17437.497      45961.850     922944.758          0.002
      18220.414      46080.946    2368249.962          0.002
      18681.568      46097.769     919684.033          0.002
      20055.272      46147.882    1807898.958          0.002
      18220.414      46080.946    2368249.962          0.002
      18123.874      46813.924    1240234.549          0.002
      20055.272      46147.882    1807898.958          0.002
      20884.029      46501.970     888937.395          0.002
      20050.775      46149.433     919739.280          0.002
      18727.261      46605.846     900094.016          0.003
      20055.272      46147.882    1807898.958          0.002
      21164.789      46005.483     918949.507          0.002
      22491.446      46201.240     918949.507          0.002
      23253.065      47169.083     668640.228          0.002
      22447.989      45852.374     918949.507          0.002
      23844.041      45747.314     913339.349          0.001
      24129.878      46127.969     913339.349          0.002
      24094.603      47527.524     871775.598          0.002
      24140.034      45725.039    1819925.176          0.001
      24693.711      46481.715     883526.364          0.001
      23888.888      46133.921     913339.349          0.002
      23253.065      47169.083     668640.228          0.002
      25892.558      46391.573     905628.674          0.001
      26528.862      46785.484    1143438.338          0.002
      27169.731      46076.173     913752.063          0.002
      27947.273      45988.545     910943.648          0.002
      27169.731      46076.173     913752.063          0.002
      26612.837      46692.540     891774.114          0.002
      27169.731      46076.173     913752.063          0.002
      28055.379      46604.376     892870.772          0.002
      29026.692      46084.165     910943.648          0.001
      28377.610      46796.554    1584751.039          0.001
      29384.951      46023.053     910943.648          0.001
      30176.721      47064.331    3029443.710          0.001
      32152.626      45848.831    1028818.994          0.003
      31435.623      46950.262     892005.598          0.002
      34583.125      45972.551     911988.857          0.001
      35353.995      46989.585    2152751.905          0.001
      34110.039      45983.391     911988.857          0.001
      33266.945      47082.491    3827520.255          0.001
      35269.394      45973.237     579202.487          0.002
      36592.882      45829.079     901124.102          0.002
      35269.394      45973.237     579202.487          0.002
      35342.226      46848.197     887215.313          0.001
      37546.311      46509.322     901124.102          0.002
      37707.662      47743.762     686545.269          0.002
      37145.410      46448.582     901124.102          0.002
      36602.257      47738.925     870015.868          0.002
      37020.438      45990.843     901124.102          0.002
      35819.591      46710.542     887215.313          0.002
      37501.303      45800.569     901124.102          0.001
      38420.867      46856.222     879511.386          0.001
      39275.915      46381.735     891432.965          0.001
      38519.117      46969.012    1608184.846          0.001
      41575.240      46050.864    1287629.459          0.002
      41564.253      47064.201     984887.476          0.002
      41575.240      46050.864    1287629.459          0.002
      40939.016      46355.292     877798.895          0.002
      41641.065      46055.890     897878.596          0.002
      42730.806      46139.102    1532836.191          0.002
      42928.756      46225.131     900262.255          0.003
      44212.740      46783.149     889019.172          0.002
      42730.806      46139.102    1532836.191          0.002
      43962.359      45852.165     906418.154          0.002
      42730.806      46139.102    1532836.191          0.002
      41871.692      46820.396     880444.578          0.002
      44530.713      45895.943     906418.154          0.002
      44349.787      46842.710     951285.570          0.002
      44565.953      45711.535    2664346.826          0.001
      45273.432      46116.413     884071.807          0.002
      47828.415      46158.325     903167.456          0.001
      48437.546      47098.511    1160222.104          0.002
      47780.404      46084.220    1680570.812          0.001
      47070.048      46472.029     884071.807          0.001
      48636.006      45813.552     568540.877          0.002
      49358.788      46296.596     898717.411          0.002
      48636.006      45813.552     568540.877          0.002
      48508.069      46641.900     880911.801          0.002
      50799.648      45808.923     918253.486          0.002
      51824.255      46029.585     815868.902          0.002
      50611.569      45813.183     918253.486          0.001
      49659.929      46497.853    1964565.299          0.002
      51824.255      46029.585     815868.902          0.002
      52178.468      47041.150     858589.694          0.002
      51824.255      46029.585     815868.902          0.002
      52617.163      45948.198     916447.407          0.002
      51824.255      46029.585     815868.902          0.002
      51198.024      46619.078     881381.395          0.002
      53639.125      45894.699     916447.407          0.001
      53716.248      46947.350    2025621.019          0.001
      55663.594      45774.569    1024386.395          0.003
      55904.873      46763.763     901143.916          0.002
      55663.594      45774.569    1024386.395          0.003
      54796.696      46296.655     889755.882          0.002
      56127.211      45809.382     926249.658          0.003
      57523.281      45914.215     925911.834          0.002
      57695.622      45927.156    1646419.955          0.002
      58678.112      46785.205     899585.595          0.002
      57695.622      45927.156    1646419.955          0.002
      58528.380      45977.364     915165.157          0.002
      57695.622      45927.156    1646419.955          0.002
      56612.882      46506.753     901143.916          0.002
      59454.708      46394.795     915165.157          0.002
      58916.747      46993.614     750482.124          0.002
      62093.586      46384.350     911829.799          0.001
      62727.381      46757.886    1789870.412          0.002
      61656.455      46126.720   11766620.650          0.001
      60715.228      46695.846     898837.814          0.000
      63937.520      45989.547     699629.404          0.003
      64604.310      46831.250     644781.268          0.003
      63937.520      45989.547     699629.404          0.003
      64644.511      45927.906     927536.529          0.002
      63937.520      45989.547     699629.404          0.003
      63196.835      46459.821     904843.222          0.002
      65601.329      45868.484     927536.529          0.001
      66682.020      46758.487     895674.716          0.002
      65488.135      46181.455     927536.529          0.002
      65136.514      47536.580     868680.720          0.002
      65148.433      46279.389     927536.529          0.002
      64604.310      46831.250     644781.268          0.003
      67935.278      45984.153    1636809.008          0.002
      68674.994      45931.216     916104.292          0.002
      67935.278      45984.153    1636809.008          0.002
      67698.503      46747.601     464825.796          0.003
      67935.278      45984.153    1636809.008          0.002
      67253.793      46713.268     895674.716          0.002
      69986.063      46055.026     916104.292          0.001
      70707.449      46768.568    1981675.619          0.001
      71770.863      45758.421    1262828.239          0.002
      72637.125      46600.673     893369.980          0.002
      71770.863      45758.421    1262828.239          0.002
      71232.840      46269.494     895111.537          0.002
      75002.081      45820.628     914387.131          0.002
      74948.141      47093.301     793139.817          0.002
      74560.588      45950.426     914387.131          0.002
      73378.062      46699.847     893369.980          0.002
      75649.043      45725.315     914387.131          0.002
      76933.318      45843.275     807984.503          0.003
      76933.318      45843.275     807984.503          0.003
      77690.149      45783.990     869961.307          0.002
      76933.318      45843.275     807984.503          0.003
      77724.979      46766.406     867422.306          0.002
      76933.318      45843.275     807984.503          0.003
      76345.200      46289.062     887933.154          0.002
      78888.872      45690.090    1805831.537          0.001
      79568.745      46454.132     846369.675          0.001
      78461.283      46237.015     869961.307          0.002
      77893.642      46963.078    1118973.988          0.002
       1369.470      47250.131     857714.561          0.001
       1787.442      48014.028     632407.745          0.002
       1127.096      46807.162    4952019.391          0.001
        274.360      47678.757     824090.819          0.000
       2842.228      46977.736    1873461.027          0.002
       2544.153      47961.005     802909.727          0.002
       2842.228      46977.736    1873461.027          0.002
       3583.229      47494.458     852907.273          0.002
       2842.228      46977.736    1873461.027          0.002
       1969.111      47835.544     837754.605          0.003
       5140.651      46734.582    2137610.020          0.002
       5067.596      47884.819     856494.173          0.002
       5202.719      46746.944     894622.188          0.002
       6575.753      47020.400     888256.372          0.002
       7116.915      47128.179    2232768.299          0.001
       6544.268      48220.833     824042.521          0.002
       7116.915      47128.179    2232768.299          0.001
       7912.928      47583.035     849974.617          0.002
       7116.915      47128.179    2232768.299          0.001
       8069.072      46929.088     896718.835          0.002
       6728.490      47286.070     888256.372          0.002
       5431.546      47813.267     856494.173          0.002
      10141.228      47537.309     896718.835          0.002
      10939.950      48097.763     772229.324          0.002
      11127.812      47174.136     963684.946          0.003
      11532.800      47925.206     821403.905          0.002
      11127.812      47174.136     963684.946          0.003
      11884.749      47496.147     858443.198          0.002
      11127.812      47174.136     963684.946          0.003
      12254.033      46978.790     902517.802          0.002
      11127.812      47174.136     963684.946          0.003
      10939.950      48097.763     772229.324          0.002
      13186.637      46817.027    3683249.052          0.001
      13950.935      47059.788     529337.378          0.002
      13950.935      47059.788     529337.378          0.002
      14443.485      47957.666     822749.184          0.002
      13950.935      47059.788     529337.378          0.002
      14662.645      46997.814     893730.216          0.002
      15738.323      47596.437     893730.216          0.001
      15050.061      48815.574     822749.184          0.001
      17413.162      46833.515     893730.216          0.002
      18123.874      46813.924    1240234.549          0.002
      18123.874      46813.924    1240234.549          0.002
      18293.731      47752.301     928260.222          0.002
      18176.187      46822.640     900094.016          0.002
      19557.150      47052.731     892608.061          0.002
      20124.486      47179.396     892608.061          0.001
      20921.845      48330.143     822179.185          0.002
      20099.311      47143.064    4250810.980          0.001
      21476.219      47124.570     888937.395          0.002
      20099.311      47143.064    4250810.980          0.001
      21224.192      47548.482     868897.617          0.002
      19692.080      47280.472     892608.061          0.002
      18365.558      47728.065     874639.860          0.002
      23253.065      47169.083     668640.228          0.002
      22874.658      47794.315     828090.571          0.002
      23253.065      47169.083     668640.228          0.002
      24089.721      47721.217     903154.372          0.001
      23253.065      47169.083     668640.228          0.002
      22627.950      47536.444     868897.617          0.001
      26528.862      46785.484    1143438.338          0.002
      26505.408      47853.523     857164.442          0.002
      26770.040      46786.928     891774.114          0.002
      28170.015      46795.311     892870.772          0.002
      28377.610      46796.554    1584751.039          0.001
      28489.291      47890.983     857819.565          0.001
      28377.610      46796.554    1584751.039          0.001
      28931.547      47425.005     866577.477          0.001
      27875.135      47080.231     892870.772          0.002
      26656.003      47768.503     870345.060          0.002
      30530.727      47370.713     889011.829          0.001
      31267.562      48008.425     552194.280          0.002
      30176.721      47064.331    3029443.710          0.001
      29534.481      47769.057     866577.477          0.001
      31362.258      47062.963    1004824.269          0.002
      32056.576      47764.339     869056.002          0.002
      31362.258      47062.963    1004824.269          0.002
      32190.580      47071.455     888433.083          0.002
      31362.258      47062.963    1004824.269          0.002
      31270.625      47977.841     867711.075          0.003
      33051.917      47269.629     888433.083          0.001
      32254.149      47963.920     854917.066          0.002
      35353.668      47161.541     887215.313          0.001
      35351.003      48561.538     824744.777          0.001
      35587.024      47153.971     887215.313          0.001
      36559.667      47840.104    1429486.715          0.002
      39563.364      47634.814     877798.895          0.001
      39279.106      48914.036    1865936.161          0.001
      40753.745      47009.511     877798.895          0.001
      41564.253      47064.201     984887.476          0.002
      41564.253      47064.201     984887.476          0.002
      41594.594      47784.286     811975.661          0.001
      41564.253      47064.201     984887.476          0.002
      42360.322      47752.463     854056.866          0.001
      44349.787      46842.710     951285.570          0.002
      44550.118      47871.129     851420.847          0.002
      44349.787      46842.710     951285.570          0.002
      43621.277      47306.907     854056.866          0.002
      45224.494      47624.804     884071.807          0.002
      44584.719      48048.759     967494.723          0.002
      47726.179      46990.800     884071.807          0.002
      48437.546      47098.511    1160222.104          0.002
      48465.664      47084.694     880911.801          0.002
      49659.929      46497.853    1964565.299          0.002
      48437.546      47098.511    1160222.104          0.002
      48768.881      48002.019     714827.110          0.003
      51008.599      47287.655     881381.395          0.001
      52300.314      47827.534     858589.694          0.001
      52890.425      46829.181     890622.176          0.000
      53716.248      46947.350    2025621.019          0.001
      52842.957      46945.971     890622.176          0.001
      52480.149      47902.697    1612569.464          0.001
      53810.279      47063.435     889755.882          0.001
      54691.486      48151.311     851563.281          0.001
      54593.652      46917.370     889755.882          0.002
      55931.192      46871.666    1902138.014          0.002
      55931.192      46871.666    1902138.014          0.002
      55056.877      47797.191     851563.281          0.002
      56019.507      46864.521     901143.916          0.002
      57414.947      46751.627     907125.407          0.002
      57693.160      46864.247     907125.407          0.002
      58647.174      47888.873     865666.856          0.002
      57765.296      46774.565     907125.407          0.002
      58916.747      46993.614     750482.124          0.002
      58916.747      46993.614     750482.124          0.002
      58711.312      47957.759    1080041.295          0.002
      59353.101      47552.148     898837.814          0.002
      58711.312      47957.759    1080041.295          0.002
      62727.381      46757.886    1789870.412          0.002
      62714.743      47918.027     820522.294          0.002
      62727.841      46758.500     904843.222          0.002
      63567.818      47878.518     859080.398          0.002
      63442.451      46785.836     904843.222          0.002
      64604.310      46831.250     644781.268          0.003
      62727.381      46757.886    1789870.412          0.002
      62701.085      45761.563     927137.607          0.001
      64604.310      46831.250     644781.268          0.003
      64091.821      47587.744     859080.398          0.002
      67018.140      46991.649     895674.716          0.001
      67698.503      46747.601     464825.796          0.003
      67698.503      46747.601     464825.796          0.003
      68585.615      47611.624     859980.258          0.002
      67698.503      46747.601     464825.796          0.003
      67176.583      47219.669     870566.154          0.001
      69880.252      46856.705     892268.532          0.001
      70707.449      46768.568    1981675.619          0.001
      69414.487      47269.704     892268.532          0.001
      68956.659      47973.011    1211339.057          0.001
      70707.449      46768.568    1981675.619          0.001
      71558.272      47819.559     852934.817          0.001
      71626.373      46839.552     895111.537          0.002
      72991.254      46944.986    3715296.557          0.002
      73215.655      47069.874     893369.980          0.002
      74438.963      47750.694     857258.461          0.002
      72991.254      46944.986    3715296.557          0.002
      72776.912      48001.499     911096.221          0.002
      73432.647      46978.440     893369.980          0.002
      74828.643      47084.244     883814.664          0.002
      74948.141      47093.301     793139.817          0.002
      75598.232      46797.282     887933.154          0.001
      74948.141      47093.301     793139.817          0.002
      74744.575      47920.780    1109116.774          0.002
      76685.677      46817.802     887933.154          0.002
      77893.642      46963.078    1118973.988          0.002
      77893.642      46963.078    1118973.988          0.002
      78096.417      47842.046     892796.840          0.002
      77893.642      46963.078    1118973.988          0.002
      77107.488      47407.085     845204.943          0.002
      78772.430      47521.271     846369.675          0.001
      78096.417      47842.046     892796.840          0.002
       1787.442      48014.028     632407.745          0.002
       1487.188      48783.657     729204.655          0.001
       1787.442      48014.028     632407.745          0.002
       2170.554      48814.491     802909.727          0.001
       1787.442      48014.028     632407.745          0.002
       1108.131      48380.987     789309.090          0.001
       4353.534      47960.072     852907.273          0.001
       5062.616      47963.234    1061356.128          0.002
       3865.340      48151.528     852907.273          0.001
       2612.423      48776.186     802909.727          0.001
       5062.616      47963.234    1061356.128          0.002
       5062.851      48671.390     737344.682          0.001
       5062.616      47963.234    1061356.128          0.002
       5960.421      48556.917     824042.521          0.001
      10209.322      48136.737     849974.617          0.002
      10939.950      48097.763     772229.324          0.002
       9360.735      48496.565     849974.617          0.001
      10104.505      49097.048     604574.473          0.001
       8997.597      48236.866     849974.617          0.000
       9089.765      49633.829     745784.263          0.000
      10939.950      48097.763     772229.324          0.002
      11674.595      48659.226     821403.905          0.001
      10939.950      48097.763     772229.324          0.002
      10278.641      48888.762     812980.955          0.001
      13543.132      48218.223     858443.198          0.001
      14795.156      48844.669     822749.184          0.001
      13221.652      48180.297     858443.198          0.001
      12106.644      48989.425    1575854.963          0.001
      16628.004      48358.297     856018.529          0.000
      17106.344      48905.499     562346.380          0.001
      16050.505      48365.581     856018.529          0.001
      14981.109      48937.711    2382044.819          0.001
      18293.731      47752.301     928260.222          0.002
      17436.034      48585.302     824290.178          0.002
      18293.731      47752.301     928260.222          0.002
      18119.915      48726.714     817334.938          0.002
      18293.731      47752.301     928260.222          0.002
      18744.443      48303.088     827285.388          0.001
      22010.167      47957.729     868897.617          0.001
      21327.401      48915.441    1494790.840          0.001
      24089.721      47721.217     903154.372          0.001
      24277.104      48405.365     805491.012          0.001
      24089.721      47721.217     903154.372          0.001
      23160.645      48258.801     828090.571          0.001
      26505.408      47853.523     857164.442          0.002
      27671.399      48032.528     857819.565          0.002
      26505.408      47853.523     857164.442          0.002
      26509.656      48650.113     815658.380          0.001
      26505.408      47853.523     857164.442          0.002
      25891.926      48249.252     805491.012          0.002
      28241.328      48282.117     857819.565          0.001
      26957.299      48840.031     815658.380          0.001
      28516.982      48162.344    1574757.624          0.001
      29367.075      47940.154     866577.477          0.000
      29510.965      48089.656     866577.477          0.001
      30411.151      49161.881     808396.851          0.001
      30563.071      47981.443     866577.477          0.002
      31267.562      48008.425     552194.280          0.002
      31267.562      48008.425     552194.280          0.002
      31774.796      48534.992     807662.224          0.001
      31267.562      48008.425     552194.280          0.002
      32254.149      47963.920     854917.066          0.002
      32254.149      47963.920     854917.066          0.002
      32950.031      48374.658     803805.840          0.002
      32254.149      47963.920     854917.066          0.002
      33138.043      47904.494     869542.984          0.002
      34732.620      48100.246     869542.984          0.001
      35350.486      48833.495    1056025.251          0.001
      36559.667      47840.104    1429486.715          0.002
      37148.654      48502.963     814567.341          0.001
      36559.667      47840.104    1429486.715          0.002
      35645.480      48591.145     824744.777          0.002
      36563.252      47839.803     870015.868          0.002
      37707.662      47743.762     686545.269          0.002
      37707.662      47743.762     686545.269          0.002
      38510.079      48341.332     817546.347          0.002
      37707.662      47743.762     686545.269          0.002
      38339.656      47140.356     879511.386          0.001
      40342.028      48255.856     850845.097          0.000
      40473.329      49649.685     757154.485          0.000
      40062.774      48294.469     850845.097          0.001
      39279.106      48914.036    1865936.161          0.001
      43393.352      47994.625     854056.866          0.002
      44584.719      48048.759     967494.723          0.002
      42598.648      47958.514    4407222.800          0.001
      41943.937      48626.744     811975.661          0.001
      44584.719      48048.759     967494.723          0.002
      44744.257      48840.955     803851.566          0.001
      44584.719      48048.759     967494.723          0.002
      45286.546      47935.779     858556.445          0.002
      44584.719      48048.759     967494.723          0.002
      43731.197      48420.589     816101.728          0.002
      48768.881      48002.019     714827.110          0.003
      49661.009      47950.789     857676.844          0.002
      48768.881      48002.019     714827.110          0.003
      48771.725      48746.906     799166.319          0.001
      48768.881      48002.019     714827.110          0.003
      49446.577      48323.027     815854.738          0.002
      48768.881      48002.019     714827.110          0.003
      48112.117      48296.681     806236.974          0.002
      48852.728      47860.478     854604.360          0.003
      49566.268      46655.961     898717.411          0.002
      51081.431      47898.870     857676.844          0.001
      52480.149      47902.697    1612569.464          0.001
      50132.559      47210.181     857676.844          0.001
      49659.929      46497.853    1964565.299          0.002
      52480.149      47902.697    1612569.464          0.001
      51262.851      48465.118     815854.738          0.001
      52480.149      47902.697    1612569.464          0.001
      53426.876      47980.694     856961.390          0.001
      53973.579      48303.345     856961.390          0.001
      54785.868      49166.008     944447.559          0.001
      54705.734      48168.900    1514836.969          0.001
      55787.281      48644.681     809686.358          0.001
      54759.517      48157.508     851563.281          0.001
      56129.129      47867.400     872676.042          0.001
      54705.734      48168.900    1514836.969          0.001
      54785.868      49166.008     944447.559          0.001
      57605.533      47842.890     872676.042          0.002
      58711.312      47957.759    1080041.295          0.002
      58711.312      47957.759    1080041.295          0.002
      59416.366      48315.719     799892.893          0.002
      58711.312      47957.759    1080041.295          0.002
      58577.871      48850.374     796683.108          0.001
      58711.312      47957.759    1080041.295          0.002
      59455.945      47922.253     863670.629          0.002
      58711.312      47957.759    1080041.295          0.002
      57905.039      48360.012     809686.358          0.002
      61655.213      48228.992     863670.629          0.001
      62704.854      48825.755    1841092.200          0.001
      63739.632      48107.614    1535328.640          0.002
      65013.212      47892.114     868680.720          0.001
      63739.632      48107.614    1535328.640          0.002
      64302.953      48705.305     798058.564          0.001
      63739.632      48107.614    1535328.640          0.002
      62914.341      48680.370     820522.294          0.001
      65045.688      47886.618    2167347.560          0.001
      65876.772      48387.368     817109.348          0.001
      65045.688      47886.618    2167347.560          0.001
      66071.260      47793.605     870566.154          0.001
      67610.016      47843.679     870566.154          0.002
      68956.659      47973.011    1211339.057          0.001
      68956.659      47973.011    1211339.057          0.001
      68949.468      48725.388     631473.350          0.001
      68956.659      47973.011    1211339.057          0.001
      67869.228      48412.662     817109.348          0.002
      70408.821      48025.740     864422.796          0.001
      71544.727      48844.103     809359.630          0.001
      69675.913      48084.889     864422.796          0.001
      68949.468      48725.388     631473.350          0.001
      70529.892      47854.023     864422.796          0.001
      71777.304      48090.121    5408939.914          0.001
      71996.092      48070.723     852934.817          0.001
      72776.912      48001.499     911096.221          0.002
      72776.912      48001.499     911096.221          0.002
      73650.145      48663.127     808150.965          0.001
      72776.912      48001.499     911096.221          0.002
      72267.387      48504.514     809359.630          0.001
      73111.727      47987.764     858279.173          0.002
      74510.550      47930.380     857258.461          0.002
      74744.575      47920.780    1109116.774          0.002
      74278.988      48690.548     808150.965          0.001
      74744.575      47920.780    1109116.774          0.002
      75457.070      47989.377     845204.943          0.001
      76703.894      48311.650     845204.943          0.001
      77852.305      48745.846     806743.962          0.001
      76963.442      47948.507     845204.943          0.002
      78096.417      47842.046     892796.840          0.002
      78096.417      47842.046     892796.840          0.002
      78784.231      48253.071     789322.904          0.002
      78096.417      47842.046     892796.840          0.002
      77852.305      48745.846     806743.962          0.001
       2240.879      48961.424    1927904.140          0.001
       2819.242      49715.002     733117.936          0.000
       2284.645      48957.425     802909.727          0.001
       3678.837      48830.032     817195.180          0.001
       2240.879      48961.424    1927904.140          0.001
       1417.361      49657.786     729204.655          0.001
       4159.235      48786.135    8270094.591          0.000
       4898.624      49778.903     737344.682          0.000
       4159.235      48786.135    8270094.591          0.000
       3275.952      49742.368     733117.936          0.000
       6263.199      48757.133    1725844.858          0.001
       6776.867      49530.594     741542.953          0.001
       6263.199      48757.133    1725844.858          0.001
       7399.596      48807.597     821356.480          0.001
       6263.199      48757.133    1725844.858          0.001
       5554.040      49491.681     737344.682          0.001
       8095.078      48838.480   59523486.231          0.000
       9017.221      49889.755     745784.263          0.000
       8095.078      48838.480   59523486.231          0.000
       7181.832      49892.414     741542.953          0.000
      10104.505      49097.048     604574.473          0.001
      10683.627      49602.413     749311.501          0.001
      10104.505      49097.048     604574.473          0.001
       9545.521      49606.583     745784.263          0.001
      12106.644      48989.425    1575854.963          0.001
      13013.810      48833.593    8310375.260          0.000
      12106.644      48989.425    1575854.963          0.001
      11446.214      49679.327     749311.501          0.000
      13013.810      48833.593    8310375.260          0.000
      13938.381      49760.550     752703.743          0.000
      13013.810      48833.593    8310375.260          0.000
      12289.592      49813.661     750601.728          0.000
      13500.895      48859.371     827534.293          0.001
      14898.938      48933.362     822749.184          0.001
      14981.109      48937.711    2382044.819          0.001
      15820.845      49668.041     754869.514          0.001
      14981.109      48937.711    2382044.819          0.001
      14383.376      49727.573     752703.743          0.000
      17106.344      48905.499     562346.380          0.001
      18064.356      49038.181     705530.749          0.001
      17106.344      48905.499     562346.380          0.001
      16584.246      49537.751     754869.514          0.001
      18064.356      49038.181     705530.749          0.001
      19052.232      48855.716     827285.388          0.001
      18064.356      49038.181     705530.749          0.001
      17511.822      49664.016     756019.941          0.000
      19177.699      48832.542    7279494.018          0.000
      20033.270      49761.296     757262.059          0.000
      19177.699      48832.542    7279494.018          0.000
      18404.358      49783.053     756650.975          0.000
      19883.226      48859.749     827285.388          0.001
      21282.186      48913.697     822179.185          0.001
      21327.401      48915.441    1494790.840          0.001
      21935.109      49608.438     757156.414          0.001
      21327.401      48915.441    1494790.840          0.001
      22200.219      48777.629     828090.571          0.000
      21327.401      48915.441    1494790.840          0.001
      20655.015      49594.289     757262.059          0.001
      22287.911      48763.783   14359464.035          0.000
      23126.374      49796.969     756734.198          0.000
      22515.409      48804.629     828090.571          0.001
      23893.375      49052.034     805491.012          0.001
      24483.229      49157.938  314496103.307          0.000
      25316.455      50000.000     689627.897          0.000
      25248.150      49111.068     805491.012          0.001
      26511.701      49033.644    1694440.149          0.001
      24478.630      49161.187     805491.012          0.000
      23335.140      49968.919     756734.198          0.000
      26511.701      49033.644    1694440.149          0.001
      27123.626      49746.038     758865.416          0.000
      26511.701      49033.644    1694440.149          0.001
      25693.186      49695.413     757512.715          0.001
      26511.701      49033.644    1694440.149          0.001
      27829.079      49066.188     812974.817          0.001
      28533.052      49083.579   44171023.776          0.000
      29367.089      50000.000     634184.423          0.000
      29012.945      49106.277     812974.817          0.001
      30411.382      49172.421     808396.851          0.001
      28533.052      49083.579   44171023.776          0.000
      27437.609      49926.274     758865.416          0.000
      30420.356      49172.846    2426141.422          0.001
      31230.633      49862.342     759967.367          0.000
      30684.498      49172.942     808396.851          0.001
      32084.498      49173.455     807662.224          0.001
      30420.356      49172.846    2426141.422          0.001
      29560.135      49848.396     759406.097          0.000
      32389.925      49173.567    2836047.642          0.000
      33248.957      49864.300     759241.250          0.000
      32389.925      49173.567    2836047.642          0.000
      31549.792      49869.607     759967.367          0.000
      32444.591      49174.586     807662.224          0.001
      33844.348      49200.669     803805.840          0.001
      34365.945      49210.388   40964414.197          0.000
      35417.136      49981.011     758698.968          0.000
      34681.854      49089.454     803805.840          0.001
      35350.486      48833.495    1056025.251          0.001
      34365.945      49210.388   40964414.197          0.000
      33417.721      50000.000     594404.187          0.000
      35350.486      48833.495    1056025.251          0.001
      35947.709      49463.840     758619.817          0.001
      37603.618      49014.989    2490389.307          0.001
      38297.705      49794.208     758588.458          0.000
      37876.617      48998.540     814567.341          0.001
      39274.083      48914.339     817546.347          0.001
      37603.618      49014.989    2490389.307          0.001
      36745.771      49751.091     758619.817          0.000
      39079.193      48402.401     817546.347          0.001
      38569.677      47098.409     879511.386          0.001
      39279.106      48914.036    1865936.161          0.001
      40058.063      49603.331     757154.485          0.001
      39279.106      48914.036    1865936.161          0.001
      38733.769      49656.077     758588.458          0.000
      41643.031      48933.864  272860195.369          0.000
      42513.742      49978.517     756159.136          0.000
      41702.671      48929.264     811975.661          0.000
      42748.738      48848.588    6169344.884          0.000
      41609.185      48965.608     811975.661          0.000
      40588.048      49923.355     757154.485          0.000
      42748.738      48848.588    6169344.884          0.000
      43407.284      49801.696     756402.059          0.000
      43302.335      48919.877     816101.728          0.001
      44690.870      49098.685     803851.566          0.001
      44798.963      49112.605    1168426.183          0.001
      45370.094      49770.250     756017.114          0.000
      44798.963      49112.605    1168426.183          0.001
      45921.149      49045.556     806236.974          0.001
      44798.963      49112.605    1168426.183          0.001
      43960.504      49705.629     756402.059          0.001
      46528.050      49014.130     806236.974          0.000
      47556.270      49964.268     755698.795          0.000
      46523.136      49009.589  461573516.893          0.000
      45578.478      49990.799     756017.114          0.000
      47400.702      49071.181     806236.974          0.001
      48773.331      49167.519    1374118.642          0.001
      48773.331      49167.519    1374118.642          0.001
      49435.460      49818.359     755656.881          0.000
      48773.331      49167.519    1374118.642          0.001
      50098.010      48899.991     815854.738          0.001
      48773.331      49167.519    1374118.642          0.001
      47921.371      49769.390     755698.795          0.000
      50495.262      48819.763   14469181.775          0.000
      51444.134      49793.323     754776.411          0.000
      50495.262      48819.763   14469181.775          0.000
      49735.872      49844.048     755656.881          0.000
      50833.051      48830.220     815854.738          0.001
      52232.381      48873.538     812905.931          0.001
      52824.656      48891.872   64855616.125          0.000
      53630.250      49946.785     754441.544          0.000
      53556.854      48994.218     812905.931          0.001
      54785.868      49166.008     944447.559          0.001
      52796.731      48918.117     812905.931          0.000
      51776.560      49876.892     754776.411          0.000
      54785.868      49166.008     944447.559          0.001
      55427.047      49753.417     754098.615          0.000
      54785.868      49166.008     944447.559          0.001
      56071.209      49053.491     809686.358          0.001
      54785.868      49166.008     944447.559          0.001
      54035.162      49727.527     754441.544          0.001
      56609.478      49006.373   10747770.145          0.000
      57570.914      49865.432     752596.101          0.000
      57203.515      49074.735     809686.358          0.001
      58521.653      49226.428     903442.520          0.001
      56609.478      49006.373   10747770.145          0.000
      55784.267      49904.186     754098.615          0.000
      58521.653      49226.428     903442.520          0.001
      59335.467      49740.264     749649.288          0.001
      58521.653      49226.428     903442.520          0.001
      57935.257      49793.358     752596.101          0.000
      61011.246      49125.449  248129085.192          0.000
      61772.151      50000.000     732342.543          0.000
      61644.380      49013.412     799892.893          0.001
      62704.854      48825.755    1841092.200          0.001
      60978.666      49147.984     799892.893          0.000
      59827.252      49944.380     749649.288          0.000
      62704.854      48825.755    1841092.200          0.001
      63389.351      49561.391     746841.783          0.001
      62704.854      48825.755    1841092.200          0.001
      62105.938      49579.773     747856.148          0.001
      64779.279      49210.692    3995874.172          0.000
      65696.606      49904.560     745634.415          0.000
      64971.760      49178.045     798058.564          0.001
      66352.047      48943.934     817109.348          0.001
      64779.279      49210.692    3995874.172          0.000
      63901.838      49916.095     746841.783          0.000
      66701.986      48884.581   16451510.225          0.000
      67674.863      49831.402     743665.976          0.000
      66701.986      48884.581   16451510.225          0.000
      65915.504      49882.367     745634.415          0.000
      67679.376      48815.351     817109.348          0.001
      68949.468      48725.388     631473.350          0.001
      68949.468      48725.388     631473.350          0.001
      68896.590      49485.168     742467.140          0.001
      68949.468      48725.388     631473.350          0.001
      68348.629      49420.739     743665.976          0.001
      69799.427      49128.807   81121475.021          0.000
      70850.456      49971.441     740252.736          0.000
      70254.995      49099.355     801625.128          0.001
      71652.079      49009.034     809359.630          0.000
      69799.427      49128.807   81121475.021          0.000
      68860.760      50000.000     676405.653          0.000
      71763.644      49001.821    7313345.599          0.000
      72719.781      49833.359     737816.255          0.000
      71763.644      49001.821    7313345.599          0.000
      70988.472      49883.533     740252.736          0.000
      74092.743      48998.473    1454483.046          0.001
      74674.161      49688.436     734986.132          0.000
      74092.743      48998.473    1454483.046          0.001
      75279.266      49016.305     802231.610          0.001
      74092.743      48998.473    1454483.046          0.001
      73328.398      49646.470     737816.255          0.001
      75738.230      49023.202   14918538.686          0.000
      76795.054      49866.726     731829.274          0.000
      76776.383      48887.002     802231.610          0.001
      77852.305      48745.846     806743.962          0.001
      75738.230      49023.202   14918538.686          0.000
      74977.291      49950.544     734986.132          0.000
      77852.305      48745.846     806743.962          0.001
      78383.344      49332.616     728667.893          0.001
      77852.305      48745.846     806743.962          0.001
      77426.285      49345.989     731829.274          0.001
      77852.305      48745.846     806743.962          0.001
      78768.177      48845.526     789322.904          0.001
      15241.171       3398.475     880543.514          0.001
      15507.750       4484.784    1658869.940          0.002
      27371.980       7746.627    1046667.829          0.002
      26802.924       8153.095    5760113.726          0.002
      71098.777      33094.969    1365046.863          0.002
      71071.808      32325.855    1026063.803          0.001
      71098.777      33094.969    1365046.863          0.002
      72175.468      33099.598    1350019.248          0.002
      71560.230      32586.909    1026063.803          0.002
      72175.468      33099.598    1350019.248          0.002
      44694.905      33558.457    2440657.464          0.002
      44729.201      33180.453     820193.661          0.003
      57798.539      17873.792    7977488.839          0.003
      58167.080      18223.406    1124932.129          0.004
      43520.086      28346.479    1351650.637          0.002
      43342.014      29099.391    3680106.940          0.002
      56811.768      27750.708     779797.474          0.004
      56484.085      27228.501    2319267.642          0.004
      43671.732      20016.996    1306135.981          0.004
      43658.271      19198.665    1256441.138          0.004
