       1397.985        767.556        873.949
       1713.669        587.964       1061.184
       2190.216        842.724        873.235
       3625.425        460.319        458.248
       2484.216        691.403        965.132
       5630.439        487.854        465.314
       4583.208        540.803        364.974
       6650.951        576.197        366.636
       8146.383        809.769        703.951
       7596.546        565.721        504.620
       8576.926        651.057        821.526
      10167.251        894.481        996.433
      10732.548        446.313        482.843
       9648.580        572.953        457.503
      11600.214        492.154        430.219
      12676.655        571.984        479.778
      13663.501        540.299        414.708
      15105.976        854.588        872.545
      15703.089        549.807        480.930
      14669.922        525.949        431.244
      17646.434        673.020        660.742
      16721.227        562.692        467.614
      18819.910        433.617        408.295
      20886.902        621.127        969.035
      19806.936        542.170        278.039
      21382.384        833.757        813.436
      22832.044        518.336        505.083
      21761.312        698.217        906.702
      23842.736        580.982        439.558
      24721.277        601.120        400.176
      26938.991        655.841        995.884
      25824.020        548.058        453.827
      27428.656        850.646        859.110
      28892.020        534.416        503.701
      27835.430        715.233        956.297
      30901.305        530.004        447.033
      29968.700        613.371        426.214
      32414.182        912.659       1051.863
      32965.238        592.523        719.137
      31846.483        502.675        478.113
      33986.162        448.883        369.491
      35956.904        512.983        376.766
      34965.355        517.181        285.676
      38000.859        707.503        962.398
      36879.015        453.109        446.193
      38378.184        850.500        864.732
      38857.200        640.015       1018.975
      39982.428        508.199        290.107
      41842.592        769.868        789.786
      42051.646        546.338        523.259
      40945.381        442.580        370.302
      43946.325        636.919        484.987
      43081.490        592.166        478.641
      46088.540        504.154        366.249
      45007.118        536.112        577.208
      47053.418        487.161        386.209
      48037.467        593.842        435.237
      49512.195        871.676        939.011
      50224.717        464.075        519.615
      49062.158        516.982        514.509
      51093.718        507.297        470.924
      53292.155        401.952        474.974
      52194.093        580.738        446.522
      55144.670        593.660        479.316
      54165.082        501.767        358.141
      56711.942        882.847        954.564
      56212.853        571.859        500.064
      57315.825        431.884        452.595
      58234.837        518.431        351.198
      59305.999        444.364        369.132
      60271.557        508.877        289.811
      60614.471        701.391        336.493
      61221.058        520.760        504.970
      62340.810        474.418        435.332
      63330.874        547.738        350.110
      64339.302        508.830        446.190
      66472.450        608.245        978.408
      65352.770        557.837        390.532
      66980.650        829.934        816.480
      68391.444        508.535        449.701
      67342.361        704.202        901.111
      70396.329        597.559        641.581
      69396.653        554.371        397.628
      71308.950        603.019        419.122
      73342.892        609.109        458.873
      72394.831        545.480        477.802
      75450.759        516.148        386.678
      74348.951        503.504        565.887
      77452.169        554.616        433.870
      76407.457        485.735        422.070
      78951.590        796.069        652.518
      78366.721        453.643        546.097
       1750.192       1734.420        588.159
       2439.409       1116.669        896.618
       2215.474       1038.374        814.625
       5280.391       1727.274        608.920
       5211.434        992.027        526.226
       7121.779       2680.161        673.893
       7064.581        924.604        437.965
       7179.348       2372.878        790.044
       7956.160       1552.569        676.829
       8031.274       1108.080        627.043
       8217.546       1415.864        677.097
      11655.485        957.940        412.699
      10273.219       1881.165        709.455
      13601.595       2426.238        725.917
      13083.857       1102.308        526.768
      10920.324       1772.814        649.049
      14974.637       1873.182        552.609
      17483.748       1197.577        606.524
      18385.272       1515.761        589.371
      18299.493       1169.944        522.418
      17282.181       1833.038        734.762
      21743.364       1553.977        887.850
      21510.759       1147.497        723.148
      21414.840       1604.658        865.368
      24085.703       1937.700        569.301
      24164.358       1156.968        469.761
      27295.759       2084.150       1010.400
      27394.470       1258.654        746.178
      27843.457       1653.809        934.883
      27466.914       1223.345        715.351
      30547.358       1074.183        512.148
      30544.119       1678.561        588.030
      33746.851       1506.414        529.164
      33660.552       1205.526        440.321
      32600.623       2097.625        797.225
      35604.045        898.399        454.302
      38340.259       1159.152        745.575
      35495.488       1867.308        617.510
      38489.402       1470.160        877.630
      37944.270       1504.662        947.247
      41840.045       1667.331        617.152
      44011.341       1965.135        684.346
      43507.502       1180.184        528.417
      45245.883       1096.283        571.228
      44866.047       1957.498        687.829
      47580.846       1036.541        505.938
      47283.189       1850.089        630.195
      50771.283       2130.348        703.192
      50992.281        968.671        391.105
      49620.430       1732.231        728.162
      52953.055        979.130        565.096
      50974.879       2498.424        579.069
      53667.518       2750.377        780.500
      53024.571       2411.500        759.217
      52859.268       1510.295        647.201
      54938.588       1433.904        643.916
      54696.283        987.049        529.341
      58764.692        875.224        498.358
      56859.152       2028.465        676.283
      60336.594       1484.333        363.020
      58589.416       2138.453        642.525
      61707.558       1090.752        562.256
      63955.174       1025.253        498.188
      61624.020       1442.874        595.370
      64241.510       1664.859        604.339
      67004.490       1132.819        709.305
      67285.470       1250.795        804.572
      66835.765       1635.388        905.055
      70290.557       1100.664        590.951
      71177.085       1569.940        585.545
      70980.468       1137.167        422.250
      70209.695       2011.999        739.379
      72863.898       2570.136        651.956
      72895.486       1140.078        534.632
      72984.401       2442.614        704.070
      74636.561       1022.102        586.747
      74233.651       2207.399        732.411
      76984.193        919.191        552.145
      78284.120       1467.041        552.668
      76735.561       2156.745        747.058
      76747.629       1437.351        655.410
      79235.171       1780.553        408.103
       1759.547       3074.050        604.108
       3760.270       2878.250        978.829
       1864.000       2538.667        796.426
       2822.431       1871.055        831.943
       4930.356       2059.757        662.934
       4203.737       3093.267        815.814
       9712.477       1941.311        869.096
       7486.974       2497.800        810.400
      10499.717       1879.229        788.360
       9960.766       2828.110        979.257
      11513.213       2456.181        940.841
      10030.290       2822.681        993.927
      16222.120       1987.844        897.082
      14546.104       2327.612        777.212
      17161.275       2898.223        906.618
      17364.723       2053.804        736.967
      16373.671       3247.478        972.951
      21274.391       1979.154        774.867
      20702.114       2542.468       1022.265
      21917.828       2840.058       1034.289
      21658.173       2023.953        823.555
      23019.360       3466.875        993.861
      22825.048       2152.299        851.297
      24489.012       2196.340        529.017
      23417.191       3704.369        884.793
      24460.811       2879.013        719.746
      24604.967       3182.711        605.156
      28762.092       2597.987        943.773
      27651.845       2608.860        967.271
      31994.361       2192.576        875.997
      29505.089       2843.043        795.218
      32431.441       2251.884        709.621
      32546.001       2348.564        766.812
      31479.598       3104.850       1046.185
      32343.766       2866.908        946.397
      34193.492       3190.600        560.060
      35188.733       2091.971        565.415
      36676.021       2067.428        892.996
      35431.541       2794.646        789.289
      38215.917       2743.906        985.217
      38061.615       1989.300        932.899
      36658.135       2954.605        980.471
      38619.032       2641.925        956.367
      38707.609       1925.534        684.112
      41759.403       1890.649        624.754
      43599.561       2099.131        795.950
      41691.759       3215.265        818.513
      45669.746       3091.642        896.415
      45209.138       2225.032        780.831
      43565.237       2985.503        850.848
      47960.105       2008.452        754.380
      47717.193       3104.173        877.228
      49307.030       1914.618        639.634
      49517.573       3711.683       1014.456
      49801.125       2190.658        801.581
      48784.827       3082.530        968.696
      56594.189       2154.664        642.868
      53824.870       2741.404        825.060
      57669.385       2192.117        908.358
      56188.960       2749.420        877.088
      58806.474       2142.475        718.983
      57533.683       2835.655        954.089
      59472.868       2920.781        955.012
      62005.861       2054.898        664.170
      63912.482       2119.575        667.864
      61196.083       3472.647        841.640
      66714.807       1903.902        800.496
      64007.200       3175.222        753.494
      67434.197       2501.466       1089.820
      66844.352       1905.740        838.543
      66624.287       2786.411       1086.162
      69977.842       3229.369        813.772
      69891.144       2168.348        718.727
      70218.455       2211.983        705.356
      70038.246       2929.663        922.206
      74041.228       3115.089        995.977
      74778.548       3002.823       1008.380
      74470.030       2183.707        820.093
      73639.604       2404.540        912.812
      76994.190       2672.450        949.186
      76801.735       2182.411        767.342
      75417.303       2973.207       1088.514
      79216.882       2397.045        385.902
      78799.203       2890.763        516.744
       1793.333       3126.298        588.759
       2390.845       3463.085        832.930
       1849.076       3243.274        628.061
       3664.059       3113.758        991.229
       4135.423       3502.112        948.096
       4875.661       3819.616       1100.334
       3995.146       3239.304        879.819
       4673.743       3165.532        995.125
       7280.017       4175.241       1043.201
       6466.538       3014.751        928.024
       5170.953       4043.019        977.199
       8139.014       3252.016        982.333
       8914.892       4081.938       1237.349
       8953.285       3145.387       1219.787
       7671.643       3840.161       1221.433
       9188.914       4064.633       1236.533
       9978.323       3689.011       1203.358
      10273.556       2944.742       1064.653
      12504.798       2897.855        903.739
      12297.923       3944.208       1011.521
      16357.799       3247.139        977.610
      16424.317       3671.336       1134.948
      15843.410       3407.998       1183.869
      16647.431       3162.004       1082.762
      17572.595       3363.903       1078.149
      19877.536       3095.108        855.037
      18543.492       3687.441        976.932
      20160.583       4190.640       1072.465
      21588.206       3112.006       1093.220
      22516.205       3416.861       1084.837
      22127.516       3915.207       1170.125
      20538.836       4015.396       1225.155
      24556.271       3428.295        649.052
      23576.592       3766.318        913.115
      26921.847       3039.317        779.385
      29010.158       3847.931       1098.658
      26646.680       3793.374       1004.282
      28052.413       3051.165       1009.160
      31100.808       3225.365       1054.728
      31419.879       4006.227       1240.659
      31726.053       3150.871       1124.489
      30115.359       3669.823       1264.473
      32574.669       3308.497       1037.571
      31566.019       4138.755       1201.931
      35065.215       3120.761        843.185
      35648.004       3852.378        933.237
      33624.592       3968.416        849.559
      36563.910       2974.268       1007.058
      37412.491       3867.671       1266.554
      36204.428       3363.210       1202.868
      37097.979       2977.354       1146.783
      38817.932       3032.111        908.091
      38615.395       3813.874       1094.727
      37692.550       4112.232       1142.920
      41600.519       3295.213        801.360
      40878.582       3875.301       1080.511
      42869.302       3108.951       1103.657
      44350.205       3602.747       1137.963
      42568.013       4190.561       1171.721
      46104.140       3525.776        998.305
      44960.477       3663.622       1124.467
      48393.752       3216.428       1059.665
      46860.469       3616.909       1044.676
      48608.191       4669.580       1239.305
      47862.553       3926.816       1224.378
      49161.117       3544.625       1143.132
      52051.186       3612.857        843.460
      52617.332       3555.275        764.505
      53308.215       3161.917        946.743
      54645.669       3854.638       1098.050
      54488.470       2919.344       1042.952
      57231.074       2896.780       1042.513
      54741.130       3954.811       1045.111
      56931.377       3549.412       1220.572
      58360.037       3640.700       1234.910
      59667.829       3687.101       1099.731
      59765.368       3152.071        912.389
      58896.377       3771.196       1160.182
      63012.347       3914.321       1073.702
      64534.243       3769.491       1028.811
      64184.544       3088.980        828.614
      66478.838       3095.804       1001.229
      66738.325       3710.362       1196.539
      66987.142       3086.853       1114.476
      65820.011       3448.336       1237.166
      68670.114       4320.454       1141.915
      66868.420       4105.119       1150.753
      68925.746       3133.957       1099.561
      70513.663       3777.523       1057.187
      70206.076       3269.429        858.855
      72585.652       2772.513        766.203
      74749.299       3842.965       1265.674
      74385.365       3185.724       1116.541
      73620.136       3609.893       1219.220
      76300.177       3972.390       1210.105
      75615.414       3181.793       1136.656
      77394.219       3335.887        928.873
      77001.426       3943.478       1086.257
      77255.807       3037.700        811.381
      78775.986       3770.259        596.708
      78912.489       3331.310        459.075
      77994.154       3870.416        727.954
       1607.954       5103.121        569.385
       1932.552       4812.212        623.052
       4181.786       4971.481        929.209
       2644.845       4414.646        800.242
       4161.017       4693.178       1035.881
       6543.997       4683.282       1264.797
       4691.399       4500.242       1193.589
       7861.709       4524.406       1272.678
       8633.989       4238.355       1315.813
       7093.522       4603.009       1205.343
       9496.215       4087.098       1327.400
       9807.606       4239.385       1272.678
      10755.824       4677.167       1394.931
      10415.260       3922.840       1285.639
      13050.095       4747.151       1257.459
      12818.061       4007.639       1160.387
      12095.673       5423.014       1271.906
      11421.099       4920.546       1267.395
      13267.447       4921.987       1160.805
      14362.819       5057.320       1150.996
      16132.880       3843.569       1192.513
      16611.713       3837.167       1137.441
      16441.230       4352.143       1272.799
      16001.494       4105.016       1272.670
      16829.793       4574.254       1345.117
      18877.109       3855.339       1075.641
      19394.649       4959.141       1144.713
      19058.168       5830.095       1167.395
      19871.378       4099.623       1180.642
      21266.413       4204.143       1338.512
      20933.977       4703.239       1334.058
      19767.616       4670.357       1287.896
      22331.038       4752.871       1294.401
      21658.985       4648.738       1319.963
      26073.764       4236.505        883.190
      28472.829       4905.590       1151.519
      25489.373       4872.943       1080.910
      29435.126       4500.705       1200.254
      30144.105       4983.006       1281.109
      31027.260       4236.062       1292.529
      28720.833       4656.593       1264.531
      31391.423       4854.676       1339.522
      31741.661       4416.161       1244.221
      30848.557       4825.531       1395.634
      35122.507       5000.406       1081.581
      36252.795       4851.228       1227.595
      37330.540       4107.081       1248.122
      35519.112       4529.817       1195.547
      37944.788       4523.945       1300.420
      37076.082       4587.470       1390.225
      39119.739       4135.759       1171.526
      40703.537       5212.725       1155.230
      42318.789       4270.172       1198.833
      38484.160       4841.028       1203.347
      42453.255       4714.781       1299.551
      42991.386       4132.442       1326.685
      42180.812       4468.991       1272.740
      42871.545       4621.257       1405.125
      43810.497       3947.401       1267.784
      45327.780       4773.522       1279.743
      45085.896       3832.243       1156.060
      44555.835       4573.174       1262.609
      46546.699       5222.643       1162.280
      45545.046       5017.260       1164.795
      47382.941       4135.982       1140.382
      48181.105       4618.731       1340.559
      46899.219       4884.758       1345.168
      49461.853       4648.869       1231.228
      49919.033       3974.739       1112.621
      48760.819       4709.897       1249.049
      51641.843       5067.312       1158.384
      50473.278       6151.322       1187.700
      51023.945       4126.788        992.795
      49569.034       5082.676       1160.924
      54796.608       4861.695       1320.430
      55971.995       3901.001       1328.393
      55111.286       4419.124       1272.867
      54189.610       4238.580       1282.807
      57800.886       4448.563       1343.119
      57628.001       3908.218       1336.795
      56369.246       4334.515       1272.867
      56619.428       4513.902       1308.754
      58926.759       4026.527       1149.892
      58702.831       4441.521       1246.737
      60161.978       4642.010       1108.436
      62420.402       4156.086        979.905
      63513.004       4807.752       1190.647
      62125.977       4901.531       1178.093
      65525.352       5092.236       1244.618
      64733.992       5015.304       1229.933
      66220.232       4073.073       1248.647
      63850.557       4716.263       1233.275
      68328.033       4288.046       1272.798
      67491.158       4700.095       1272.798
      65895.939       5066.759       1272.798
      68689.343       4672.135       1272.972
      68189.162       4625.932       1358.245
      69326.741       4619.346       1408.546
      71587.779       5715.523       1216.479
      71762.554       4989.931       1195.167
      70038.740       4830.790       1183.065
      73901.719       5648.229       1268.867
      74693.926       4803.527       1268.226
      74620.087       4171.458       1261.442
      72902.517       4674.862       1193.950
      73143.839       4013.928        996.766
      75207.595       4235.385       1116.129
      75552.989       4220.546       1245.337
      75061.085       4641.111       1248.068
      76901.436       4398.812        974.269
      77142.638       4622.595        945.644
      79208.781       4706.690        378.090
       1644.974       5388.400        544.215
       1980.245       5871.835        672.324
       4039.057       5440.486       1114.492
       4937.021       4895.374       1200.197
       5729.561       5600.754       1346.109
       4953.687       5101.908       1224.717
       6288.226       4859.741       1349.112
       8379.026       5805.267       1374.610
       6956.092       5326.764       1272.856
       6355.126       5596.274       1366.385
       7411.348       4955.483       1272.678
      10884.003       5165.380       1272.678
      10768.335       5627.488       1402.484
      13827.261       5493.161       1418.933
      12956.993       5199.129       1299.439
      15882.201       5848.819       1272.670
      15738.409       5213.139       1272.733
      17112.201       5913.226       1272.799
      16903.898       5100.150       1211.820
      18439.187       5612.279       1413.324
      19801.671       5267.571       1272.787
      20729.580       4975.250       1385.069
      21804.496       5604.696       1419.047
      21864.991       5067.613       1356.127
      22504.611       5169.201       1126.889
      22366.838       5775.206       1338.041
      23453.557       6872.406       1272.400
      23929.594       5224.049       1228.202
      22466.882       6061.705       1256.465
      24048.191       6074.908       1256.906
      23265.833       4963.651       1095.789
      24373.380       6105.661       1230.080
      26009.019       6032.126       1229.345
      25915.298       5094.272       1201.926
      26751.825       5346.296       1272.821
      27951.810       4961.046       1351.633
      28437.422       5264.508       1272.821
      28863.844       4920.812       1271.664
      30243.976       5683.519       1272.885
      28907.260       5530.902       1272.885
      30849.777       5293.113       1337.632
      31580.685       5306.398       1246.096
      30896.544       5631.733       1351.741
      33435.365       6392.575       1232.267
      34297.612       6140.633       1236.673
      32543.114       5740.828       1218.308
      34702.645       5093.685       1233.581
      36468.168       5657.313       1339.107
      37079.904       5026.575       1383.314
      38348.202       5453.859       1319.289
      38670.405       4988.477       1272.740
      37090.950       5804.355       1385.468
      42097.601       5148.155       1272.740
      41615.029       5653.177       1272.740
      38737.023       5814.776       1272.740
      43658.087       5688.749       1419.076
      43108.479       5023.025       1418.788
      46012.158       5662.500       1419.057
      44935.226       5531.081       1419.076
      47051.755       6106.733       1419.064
      47898.978       5019.740       1419.100
      48274.083       5525.535       1419.154
      48712.785       5588.852       1419.101
      50237.861       6024.426       1272.950
      48990.951       6034.898       1272.950
      52136.767       5671.350       1272.892
      51800.865       5889.476       1318.945
      52204.219       5121.832       1215.873
      50869.833       5944.805       1344.394
      52682.797       5682.882       1252.027
      54406.613       5751.713       1288.286
      54475.193       5244.343       1286.163
      54751.717       5767.920       1205.571
      55739.406       5951.950       1272.606
      55000.479       5740.890       1272.867
      56517.209       6072.138       1272.867
      56659.751       5617.146       1417.365
      56775.808       5183.922       1272.948
      57114.119       4921.490       1352.151
      58829.682       5607.679       1335.900
      59027.505       4928.443       1190.905
      58340.096       5303.372       1272.948
      61597.723       5162.563       1151.816
      59028.140       6014.783       1201.400
      61745.599       6742.369       1323.499
      63158.237       4988.704       1318.128
      61037.059       5833.146       1313.231
      62545.028       5762.228       1306.690
      63648.842       5281.590       1272.835
      63222.646       5504.732       1396.409
      64224.779       5137.273       1366.580
      64777.221       5762.629       1272.677
      67206.313       5937.857       1419.097
      65643.314       5758.093       1205.051
      67041.299       5038.411       1419.112
      67790.348       5560.415       1400.646
      69812.437       5603.490       1410.657
      71068.818       5534.509       1411.925
      69709.627       5135.728       1272.972
      72360.803       5141.204       1192.290
      72390.689       5662.243       1272.840
      71781.702       5660.082       1243.763
      73664.256       5670.899       1323.468
      72796.896       5577.049       1252.173
      75291.740       5225.361       1272.497
      74493.826       5477.753       1396.482
      77000.648       5215.161        892.161
      76262.779       5903.858       1070.757
      79212.670       5388.172        394.180
      77928.583       6021.747        614.177
       2110.439       6516.445        782.529
       1993.183       6063.599        608.106
       3696.903       5940.222        991.238
       3974.442       6575.882       1169.812
       3802.505       5989.455        958.481
       5757.942       6020.807       1243.449
       6017.679       6487.660       1325.103
       5638.016       6212.077       1305.462
       7747.305       7049.324       1272.856
       8546.345       6132.345       1272.856
       6402.096       6870.142       1272.856
       8869.686       6706.693       1372.138
       8388.929       6738.189       1418.910
       9600.545       6125.085       1418.909
      10675.714       6572.707       1367.145
      10723.634       6103.951       1299.439
       9420.942       6848.819       1418.909
      13699.432       7005.424       1299.439
      11290.783       6748.325       1299.439
      14016.501       6044.017       1299.439
      15469.295       6010.601       1418.907
      14610.470       6288.297       1272.761
      14221.761       6619.762       1382.320
      16212.052       6521.081       1355.352
      15974.081       6241.806       1272.761
      16755.597       6061.525       1377.417
      17797.384       6561.251       1389.788
      18024.932       6034.983       1414.861
      16799.138       6593.880       1418.991
      18663.556       6439.720       1413.639
      19715.199       6735.022       1414.854
      19407.479       5945.707       1272.787
      22296.613       7221.390       1419.024
      21835.396       6738.763       1399.748
      22880.956       6721.211       1419.097
      24932.532       6243.036       1414.119
      23869.530       6728.645       1378.317
      26210.449       6525.578       1272.799
      25873.797       6373.504       1272.862
      26490.760       6185.892       1272.821
      27293.270       6704.964       1272.821
      30140.860       5950.592       1272.821
      30370.886       6490.669       1372.102
      30985.935       6589.643       1419.141
      29527.508       6476.175       1419.171
      30776.113       5951.624       1272.998
      32394.276       7614.409       1272.998
      32740.834       6473.620       1272.788
      31667.516       6979.697       1272.998
      34543.544       7527.496       1398.206
      35179.846       6311.427       1392.442
      34927.009       6798.307       1366.032
      34163.031       6552.030       1272.762
      36412.643       7370.883       1391.214
      37806.644       5998.647       1392.030
      35809.424       6809.165       1389.688
      37053.493       6670.718       1379.618
      37965.899       6474.292       1418.991
      38706.516       6039.712       1272.738
      39486.865       5939.111       1419.026
      41005.971       6517.980       1418.588
      40866.053       5985.764       1272.719
      40529.632       6309.626       1272.738
      41683.747       6812.840       1272.719
      43138.760       6752.162       1272.719
      44028.705       6004.428       1272.719
      45423.846       6145.289       1419.122
      44571.934       6240.411       1272.810
      43844.287       6506.120       1419.065
      46281.725       6508.688       1272.810
      49760.480       6278.888       1419.128
      48198.688       6639.420       1419.055
      50246.494       6933.620       1419.130
      51033.761       7161.890       1419.166
      51156.843       6777.650       1419.147
      50261.041       6492.594       1272.789
      54415.213       5969.710       1272.892
      52038.651       7051.300       1272.892
      53498.652       6769.252       1272.892
      54256.464       6411.649       1414.641
      56734.115       6749.561       1319.681
      57298.720       6717.698       1419.068
      56465.580       6484.309       1272.606
      57776.725       6852.754       1272.948
      59260.611       6691.234       1419.054
      58431.508       6589.159       1419.010
      59426.318       6121.219       1347.440
      61308.658       6862.846       1346.137
      59954.234       6973.459       1344.862
      62883.754       6559.123       1354.453
      62276.025       6609.718       1419.080
      63608.055       7730.329       1272.835
      64190.618       6707.059       1272.610
      65852.720       6915.916       1419.103
      66260.158       6539.928       1419.104
      67054.055       6098.080       1419.209
      65484.530       6180.881       1272.610
      68148.679       6570.931       1330.275
      67368.227       6694.095       1413.312
      69352.373       7100.264       1419.229
      70358.453       6130.226       1419.076
      69322.916       6578.581       1330.275
      72202.329       6425.212       1419.088
      71186.347       6561.232       1419.072
      74029.627       6245.326       1272.853
      74611.156       6579.121       1419.115
      73389.516       6452.613       1419.099
      74391.735       5957.450       1287.447
      76427.902       6505.984       1165.174
      76089.424       6723.436       1216.133
      75450.506       6924.823       1266.657
      77943.553       6303.513        611.211
      77801.352       6969.688        823.214
      76969.540       7193.398        899.797
      79484.408       6876.327        346.252
       2151.481       7965.483        828.398
       2795.398       8211.210        885.108
       2075.346       7225.252        607.856
       4193.314       7246.022       1113.861
       3765.288       7304.819       1157.132
       5420.616       7225.177       1296.767
       6156.723       8302.874       1328.887
       7470.367       7298.245       1337.496
       6752.208       7839.769       1326.022
       8114.116       7659.578       1304.641
       7539.503       7699.875       1375.367
       9481.229       7813.751       1419.054
       9567.885       7199.879       1418.908
       8571.942       7657.084       1334.413
      11011.995       7343.140       1272.674
      10491.174       7771.052       1418.868
      12316.525       8743.545       1272.608
      13062.057       7725.094       1272.608
      11531.056       7636.591       1272.674
      13722.582       7152.261       1272.608
      14220.397       7588.146       1316.393
      13674.428       7560.061       1347.988
      15749.601       7600.876       1259.221
      17532.553       7011.818       1419.077
      17303.877       7505.911       1419.080
      16237.384       7371.776       1272.636
      19188.533       7138.477       1419.099
      20150.449       7698.127       1307.785
      20763.855       7255.977       1395.730
      19238.396       7623.371       1419.075
      21381.950       7541.538       1272.728
      20789.012       7665.429       1419.018
      21863.581       7705.802       1406.548
      23865.899       7724.324       1401.253
      23483.101       7506.594       1272.795
      22909.097       7687.934       1419.096
      25332.627       7308.483       1272.862
      24267.152       7986.821       1256.158
      25898.188       7838.962       1272.862
      27122.490       8748.302       1272.799
      28278.870       7067.066       1272.799
      28260.843       8266.536       1272.799
      28868.752       7198.849       1272.886
      29439.870       7047.190       1419.118
      28570.135       7722.644       1415.330
      30898.608       7160.596       1389.592
      31462.220       7573.999       1272.678
      34360.322       7935.422       1272.762
      32677.133       7713.127       1272.762
      35832.699       7596.347       1398.929
      34947.811       7685.388       1386.133
      37481.511       7379.369       1272.689
      37979.331       7495.384       1396.936
      36924.474       7528.005       1419.013
      39446.117       7161.791       1272.757
      40162.453       7928.919       1272.757
      42086.616       7507.998       1419.058
      42403.382       7021.847       1419.063
      40964.344       7539.758       1418.968
      43024.378       7484.565       1373.001
      43658.035       7034.853       1272.810
      47237.394       7006.904       1272.810
      47157.008       7872.041       1272.810
      43794.444       7875.920       1272.810
      47865.064       7025.871       1272.789
      48909.176       8993.162       1272.789
      47760.030       7897.653       1272.789
      52139.600       7437.368       1272.876
      52816.342       7109.668       1419.183
      51725.115       7691.531       1305.267
      54101.863       6927.327       1272.606
      56318.190       7626.133       1272.606
      54448.344       7821.140       1272.606
      58116.941       7380.377       1272.815
      58775.467       7264.980       1419.061
      57548.249       7418.958       1319.681
      60676.231       7286.058       1419.096
      59388.177       7558.845       1272.815
      61691.067       7787.684       1379.419
      61126.019       7525.446       1405.058
      63256.474       7569.609       1376.497
      62298.669       7737.232       1419.088
      64692.335       8820.020       1272.611
      65790.685       7778.918       1272.610
      63872.722       7887.272       1272.610
      67353.523       7179.588       1330.275
      66477.525       7555.538       1363.234
      68175.605       7509.867       1272.844
      71763.720       7656.830       1419.251
      71766.297       7058.163       1419.211
      70765.207       7740.796       1382.266
      69911.054       7535.661       1419.237
      72969.193       7204.199       1272.853
      72740.368       7577.617       1380.253
      75396.659       7531.316       1245.293
      74866.172       7497.238       1272.853
      75983.219       7660.567       1196.748
      76175.655       7233.340       1155.179
      76279.625       7885.736       1168.103
      78230.179       8951.469        649.874
      79463.319       7630.594        290.900
       1731.521       9120.171        567.378
       3656.752       8265.338       1116.699
       2971.250       8412.140        894.316
       5799.254       9780.727       1155.983
       7508.940       8694.521       1419.057
       6758.703       8457.415       1342.990
       8083.522       8654.264       1400.509
       8903.833       9277.748       1272.822
       9821.566       9144.178       1272.822
      10356.795       8344.550       1253.138
      10947.570       9769.755       1272.674
      12078.079       8911.332       1272.674
      10280.781       9118.744       1272.674
      13716.647       8668.702       1419.033
      12809.664       8522.314       1419.112
      14982.538       8372.475       1418.975
      14262.555       8696.989       1419.026
      14720.680       7999.662       1272.637
      17745.526       9076.875       1272.637
      18033.434       7977.103       1272.637
      18182.691       8603.267       1406.386
      19063.478       8016.469       1419.067
      20312.710       9552.674       1419.019
      19959.664       8343.253       1272.837
      22575.971       8385.281       1272.795
      25220.911       8098.522       1419.081
      26783.657       8529.354       1419.056
      25737.947       8473.191       1419.065
      28799.926       8602.842       1273.020
      28854.797       8340.202       1272.886
      27908.890       8720.419       1419.250
      30645.376       8582.140       1272.691
      29889.417       8595.447       1260.027
      32018.291       8954.892       1419.135
      33508.422       8051.245       1419.133
      32226.821       8163.498       1272.678
      34805.514       8391.855       1272.783
      34079.823       8646.068       1412.963
      35913.217       7996.874       1315.457
      36570.177       8218.811       1272.689
      38446.558       8638.361       1418.988
      39458.309       7981.894       1418.999
      38225.115       8152.376       1272.689
      39864.717       8638.188       1419.105
      41496.469       8546.570       1419.069
      41586.127       8002.439       1419.077
      40476.903       8493.673       1326.633
      42873.651       8243.080       1272.823
      42618.142       8514.456       1361.959
      43857.758       8720.529       1419.053
      44446.492       8068.881       1419.056
      45521.145       8440.948       1272.795
      46157.408       8649.182       1419.091
      46475.742       8055.491       1419.069
      44908.522       8774.431       1419.053
      48125.315       8639.888       1419.118
      47135.663       8581.842       1408.956
      50184.563       8780.758       1419.069
      50728.501       8118.050       1419.111
      49325.123       8726.012       1419.113
      52601.749       8634.539       1419.174
      51058.427       8738.245       1419.108
      51920.585       8094.363       1272.876
      55585.063       8121.071       1272.876
      55384.452       9153.077       1272.876
      56081.053       8371.167       1272.754
      55779.967       8713.619       1388.606
      56185.683       8083.921       1258.394
      58092.559       8485.768       1419.047
      57799.284       8016.253       1272.815
      57312.854       8290.059       1272.754
      59845.082       9558.696       1405.058
      61023.773       8309.584       1405.058
      59275.027       8613.733       1405.058
      61764.292       9289.977       1419.089
      62640.622       8216.841       1419.095
      61307.999       8874.711       1387.368
      64125.129       8592.694       1419.064
      66560.451       8664.199       1419.090
      65360.755       8533.940       1419.091
      67571.196       8592.288       1272.604
      68721.191       8001.425       1272.844
      69032.743       8251.785       1272.604
      69886.509       8138.836       1419.228
      71739.260       8260.003       1419.243
      70822.053       8848.282       1346.529
      70444.611       8460.514       1272.604
      73055.922       8188.052       1272.853
      73242.215       8660.506       1419.114
      75021.462       8647.119       1272.942
      74654.327       8234.947       1260.622
      75972.379       8355.405       1011.884
      75881.132       8660.963       1121.753
      77997.651       8611.869        777.189
      77218.576       9189.899        883.984
      78146.659       9110.585        581.831
       1773.839       9257.456        536.694
        487.806       9629.062        253.675
       3225.536       9205.273        817.477
       2003.504       9315.752        470.066
       4086.708      10160.166        860.684
       6095.895       9460.536       1270.582
       7381.368       9181.477       1351.629
       7367.613      10132.007       1419.173
       8035.428       9739.714       1335.217
       8159.082       9460.682       1272.958
       7441.665       9451.414       1337.205
      10499.997       9720.025       1369.520
       9782.430       9503.558       1272.958
      13046.053       9196.540       1419.045
      11648.244       9573.249       1419.226
      14365.801       9619.669       1272.794
      14819.270       9349.100       1418.879
      12580.685       9950.310       1419.064
      16796.256       9587.549       1407.489
      16010.145       9444.927       1272.794
      17314.548       9236.850       1418.899
      17684.956       9601.984       1335.801
      18332.511       9267.351       1272.837
      19190.064      10296.577       1272.837
      20119.724      10063.311       1272.837
      18283.846       9864.707       1272.837
      22883.700       9892.587       1272.728
      20567.833       9992.626       1272.728
      22361.641       9036.604       1272.795
      25116.239      10057.343       1272.795
      24954.788       9018.620       1272.795
      25489.958       9245.338       1272.968
      25331.958       9615.383       1383.718
      26273.683       9019.652       1419.201
      27361.101       9522.002       1342.696
      27919.334       9034.949       1398.521
      28892.396       9496.836       1365.978
      28231.379       9413.884       1342.697
      30252.031       9219.996       1272.678
      31479.680       9790.883       1235.030
      29521.067       9851.050       1272.678
      33789.693       9363.789       1272.557
      33904.814       9112.996       1272.783
      33535.128       9670.642       1363.090
      32869.903       9428.661       1419.180
      36509.333      10696.380       1272.783
      37262.334       9938.873       1272.783
      35107.996       9635.801       1272.587
      36445.671       9039.932       1272.783
      37493.281       9766.653       1272.689
      38319.785       9643.460       1272.748
      39803.192       9084.721       1419.021
      39169.882       9857.625       1418.922
      37994.043       9714.245       1371.859
      41440.575       9542.662       1419.225
      40116.651       9605.080       1419.186
      41188.642       8988.600       1419.074
      42459.990       9596.125       1358.424
      44278.265       9953.009       1272.823
      42604.020       9895.803       1272.823
      44641.372       9602.540       1272.795
      47131.458       9605.639       1354.889
      47806.699       9233.319       1419.119
      49655.326       9346.149       1419.116
      48120.856       9663.628       1419.122
      50241.099      10044.674       1418.919
      50647.782       9755.577       1295.749
      50211.281       9500.229       1272.881
      51485.772      10028.340       1279.463
      51023.253       9876.804       1279.463
      53265.372       9206.113       1279.463
      54000.191       9767.812       1418.997
      53399.126       9439.862       1272.839
      54335.976       9239.198       1419.115
      56162.306       9704.146       1393.995
      55974.541       9313.770       1272.753
      55058.179       9876.509       1419.008
      58390.359       9006.585       1272.754
      58128.836       9542.644       1419.049
      59241.467       9586.014       1419.129
      61389.238       9780.404       1387.198
      60355.259       9791.981       1419.127
      63145.141       9257.362       1272.821
      63747.618       9120.633       1419.087
      62344.321       9650.536       1419.066
      65851.078       9266.206       1419.125
      66939.612       9888.167       1343.873
      67363.427       9336.385       1272.604
      66744.189       9485.058       1272.821
      67269.199       9628.348       1272.658
      68414.850       9602.399       1272.658
      69532.941       9596.775       1272.680
      70590.302       9296.051       1272.604
      71376.417       9886.622       1419.199
      70660.390       9558.424       1272.767
      73439.744       9898.924       1272.968
      73634.883       9284.223       1272.968
      74103.557       9412.858       1215.891
      74316.327       9272.669       1293.502
      73834.739       9695.652       1294.046
      75831.727       9424.857       1161.101
      78139.173       9123.913        579.603
      78108.073       9299.546        647.050
      77460.423       9497.898        859.154
      79492.579       9879.865        328.365
        472.663      10512.105        326.224
       1804.249      10875.782        512.107
       5696.927      10057.566       1145.015
       4106.333      11235.314       1099.667
       3884.462      10371.540        895.064
       5345.512      10746.697       1324.309
       6534.951      10656.346       1322.272
       6085.298      10479.876       1232.882
       8603.317      10739.768       1415.104
       7506.628      10592.561       1419.204
       9001.173      10961.550       1272.958
      10617.590      10070.542       1272.959
      11428.174      10134.169       1340.188
      10254.946      10514.339       1419.208
      12482.515      10736.028       1419.204
      12618.908      10210.737       1419.034
      12130.265      11093.425       1419.201
      14182.362      11313.801       1419.028
      13587.882      10850.483       1419.061
      14705.146      10706.171       1378.742
      16769.758      11287.862       1272.794
      17040.621      10004.304       1272.794
      17212.306      10640.666       1419.020
      17622.615      10621.832       1418.938
      20924.585      10257.844       1359.868
      20149.166      10470.747       1272.837
      21668.316      10517.057       1272.849
      22317.022      10156.273       1419.030
      20959.988      10744.780       1418.814
      23393.917      10266.484       1272.751
      23016.067      10329.618       1272.850
      24692.777      10165.644       1419.045
      25795.859      10596.767       1362.991
      25150.597      10429.948       1272.751
      28725.866      10035.551       1342.697
      27876.364      10800.582       1331.235
      26636.987      10726.381       1342.696
      28752.589      10489.317       1419.251
      29291.437      10263.343       1272.895
      29919.128       9960.852       1419.100
      31860.837      10153.137       1272.770
      32538.381      10101.366       1419.087
      31323.240      10150.902       1272.896
      33801.293      10250.283       1272.557
      35361.468      11110.632       1272.557
      35059.092      10248.162       1207.616
      33893.348      10722.590       1272.602
      35981.769      10591.743       1419.013
      37111.360      10525.070       1389.560
      39696.975      10816.336       1365.484
      39450.428      10383.930       1272.748
      40070.535      10657.964       1348.854
      42072.669      10146.853       1272.943
      43447.943      10155.435       1419.173
      42548.060      10655.244       1359.633
      43604.777      10677.463       1419.118
      44824.003      10171.525       1272.795
      44487.957      10708.297       1354.206
      45124.449      10618.551       1419.060
      47127.431      10057.167       1272.795
      47432.422      10670.856       1394.212
      46832.712      10404.683       1419.118
      48508.884      11710.374       1272.881
      49511.178      10996.124       1272.881
      47629.872      11065.980       1272.881
      50962.739      10372.545       1272.759
      50297.376      10625.543       1419.006
      51731.589      10339.731       1272.839
      53553.422      11191.559       1272.839
      52101.745      10716.070       1272.839
      54142.431      10405.200       1272.839
      55039.015      10295.082       1378.376
      54116.330      10927.776       1382.228
      55721.434      11527.476       1418.996
      56236.697      10566.884       1419.005
      56143.254      10122.712       1352.626
      57110.893      10109.535       1320.066
      59078.846      10191.594       1418.993
      57204.155      10553.698       1360.103
      59934.666      10495.950       1272.697
      60844.251      10773.328       1419.193
      59117.812      10450.582       1419.006
      60811.620      10207.125       1419.131
      61877.819      10761.818       1368.050
      63696.388      11048.173       1272.830
      62063.040      11047.863       1272.830
      63677.871      10053.798       1272.830
      65378.699      10640.390       1272.839
      66513.114      10331.925       1272.821
      64109.457      11000.668       1272.821
      66854.190      10698.028       1272.865
      67126.638      10321.068       1266.990
      67338.596      10683.564       1378.227
      69289.672      10146.861       1272.730
      71534.779      10371.173       1272.767
      68145.211      10868.265       1272.768
      72784.683      10236.339       1419.202
      71228.594      10743.653       1419.110
      72814.834      10534.747       1419.240
      73893.262      10065.278       1217.094
      75937.344      10154.817        949.304
      74943.247      11781.471       1213.141
      75937.743      10865.584       1142.963
      74358.443      11114.435       1209.621
      78073.184      11507.142        637.801
      78550.851      10863.173        555.317
      79479.621      10715.009        280.107
       1949.441      12239.129        597.721
       1711.405      11035.837        527.542
       1958.005      11858.811        740.287
       4900.398      12041.470       1300.029
       4075.874      11966.285       1221.917
       4712.812      11234.520       1266.105
       3785.362      11713.448       1181.928
       5125.137      11719.007       1366.917
       5388.671      11096.957       1272.931
       6661.776      11596.204       1272.760
       5415.824      12031.313       1272.932
       7314.855      11497.325       1418.969
       7935.596      11132.104       1419.176
       6928.816      11290.530       1272.736
      10077.760      11234.625       1419.198
       8618.529      11847.860       1419.066
      11035.570      11619.707       1318.776
      10511.868      11532.710       1419.143
      13534.705      11791.019       1419.081
      15364.267      11338.298       1272.707
      15814.412      11246.800       1419.028
      14600.822      11736.921       1419.036
      17360.018      11431.083       1272.837
      17594.821      11965.562       1419.022
      18370.173      12246.283       1272.837
      20197.606      11930.633       1272.837
      21279.372      11707.247       1419.098
      20896.024      11279.546       1272.850
      23372.566      11313.543       1272.849
      23960.551      12081.788       1272.850
      26039.061      11924.514       1272.751
      25884.397      11003.898       1272.751
      26265.663      11514.007       1359.552
      27172.811      11080.503       1419.234
      28279.062      11816.205       1397.236
      27237.577      11621.334       1419.157
      28634.908      12215.178       1272.895
      30536.967      11211.777       1272.895
      32417.290      11105.976       1272.851
      30696.453      11939.686       1272.851
      33321.221      12121.228       1272.770
      35267.527      11301.746       1272.770
      32398.808      11895.833       1272.770
      35520.609      11883.491       1361.172
      36129.321      11153.831       1371.112
      36001.489      11801.280       1389.633
      34457.508      11889.047       1419.106
      36546.489      11617.184       1403.654
      37351.855      13013.520       1272.748
      39334.808      11334.502       1272.748
      39969.513      11881.289       1380.371
      39191.781      11707.877       1368.338
      40343.231      11722.990       1406.710
      40929.330      11116.713       1355.690
      41784.728      11651.705       1371.536
      41475.637      11494.160       1272.878
      42082.577      11176.454       1389.216
      40874.731      11781.922       1419.173
      43587.745      11208.205       1419.114
      43696.037      11690.629       1419.120
      45107.353      11149.461       1397.159
      46581.409      11183.036       1419.025
      47290.888      11598.935       1272.845
      46919.778      11763.126       1410.030
      50685.619      11774.685       1418.989
      50062.487      11202.892       1272.759
      49125.521      11622.835       1418.910
      53455.304      11385.429       1272.759
      53812.445      11870.870       1322.435
      52699.705      11878.818       1419.001
      54022.714      12047.309       1272.765
      55543.287      12005.746       1272.765
      56815.492      11291.830       1272.984
      57235.742      10976.570       1296.142
      56231.958      11695.939       1419.035
      58417.042      11673.436       1418.995
      57406.362      11219.992       1272.984
      57931.487      11027.100       1272.896
      60187.242      11667.750       1272.712
      59140.268      11879.824       1272.896
      62919.999      11296.256       1419.170
      61650.888      11512.971       1272.697
      64820.128      11836.910       1419.126
      63757.364      11864.418       1389.992
      64249.514      11257.546       1272.840
      66494.632      11716.005       1270.511
      68025.189      11253.457       1272.708
      69414.096      11223.007       1418.986
      67663.626      11247.832       1272.865
      70239.636      11616.957       1272.731
      71220.722      11135.823       1419.047
      69850.149      11517.277       1272.708
      72081.223      11285.809       1272.662
      71702.877      11259.296       1272.731
      72224.111      11072.622       1272.872
      73441.179      11857.948       1272.666
      75871.310      11949.680       1183.903
      76157.017      11343.130        985.721
      75129.924      11885.803       1236.370
      76943.664      12478.909       1018.851
      77315.713      11320.940        765.698
      77044.209      10858.938        796.500
      78879.774      11308.265        492.339
      78865.409      11089.681        409.567
      78500.622      11595.440        646.539
      79224.089      11794.187        360.298
       1923.136      13042.095        580.587
       1949.754      12627.064        737.370
       3089.655      12251.039        925.076
       3603.743      12684.524       1144.137
       3070.611      12301.879        938.183
       5850.919      12559.882       1419.017
       5043.015      12387.716       1227.892
       5529.160      12299.799       1272.736
       7535.013      13696.710       1418.969
       8775.872      12308.092       1381.183
       7638.526      12773.243       1397.503
       8428.244      12648.916       1272.836
       9652.585      12730.232       1389.642
      10251.688      12106.147       1419.089
      11644.718      12027.997       1417.643
      10506.683      12591.209       1419.066
      12701.362      12605.621       1419.006
      13026.813      12140.146       1418.995
      14396.669      12332.377       1272.707
      13614.722      12848.722       1413.030
      15031.889      12855.654       1418.995
      17825.894      13221.977       1272.707
      17831.399      12434.631       1272.707
      19650.129      13008.652       1419.072
      19301.690      12296.909       1419.085
      20625.442      12389.340       1273.052
      20382.217      12680.787       1368.056
      21282.150      12154.982       1419.089
      22330.512      12419.707       1272.566
      22168.251      12791.929       1382.058
      23182.917      12195.325       1419.104
      21880.687      12415.246       1273.052
      24460.916      12445.132       1272.757
      25293.855      12127.263       1419.093
      24066.957      12454.704       1272.566
      26123.275      12298.088       1272.757
      27371.526      12250.169       1419.095
      29439.395      12301.955       1419.146
      28808.872      12964.622       1400.947
      28480.003      13423.918       1419.056
      30487.668      12858.232       1419.049
      29975.469      12673.283       1419.126
      31044.882      12716.718       1419.133
      31314.544      12135.307       1419.136
      32200.853      12428.784       1272.873
      31894.844      12693.206       1396.462
      32747.513      12275.832       1383.028
      33463.523      12730.037       1272.837
      33922.194      12813.863       1418.978
      34030.842      12436.384       1419.080
      35937.661      12346.985       1337.572
      35041.384      12844.126       1375.607
      36498.085      13164.333       1418.979
      36179.646      12476.162       1272.739
      38909.881      12306.740       1272.821
      38012.109      12683.928       1419.086
      39510.374      12215.090       1419.079
      40607.639      12392.639       1272.878
      40507.103      12779.750       1322.397
      42378.246      12964.323       1272.878
      40955.220      12949.037       1272.878
      44115.239      12267.663       1371.536
      45021.494      13154.122       1419.107
      44983.113      12326.095       1272.845
      43377.835      12803.556       1419.122
      45554.360      12211.921       1419.028
      46490.060      12445.532       1241.046
      48638.464      12525.456       1346.912
      48226.247      12181.481       1272.845
      50939.055      12342.914       1414.502
      49144.688      12723.707       1333.976
      52739.748      12325.576       1418.989
      51328.875      12445.765       1272.679
      52628.911      12748.480       1418.989
      55076.213      12258.623       1418.903
      53741.835      12740.741       1318.058
      55242.556      12678.931       1418.967
      55712.232      12656.921       1318.154
      57675.240      13041.013       1272.984
      55875.152      12862.897       1272.984
      58626.892      12113.521       1272.984
      59297.588      12671.385       1398.198
      59262.936      12125.111       1272.697
      58417.936      12703.579       1419.381
      60689.371      13725.612       1272.697
      61545.542      13054.284       1272.697
      61986.331      12232.648       1272.705
      63245.087      12834.230       1343.075
      64646.942      12436.482       1419.126
      66332.029      13543.686       1419.238
      66363.028      12791.595       1419.099
      65295.184      12824.780       1375.688
      66024.849      12360.404       1272.865
      68342.251      12974.946       1272.865
      67674.284      12263.125       1272.708
      69694.168      12416.769       1272.731
      71732.485      12471.513       1272.731
      68925.860      13034.811       1272.731
      74436.126      13151.301       1272.662
      72949.496      13157.557       1272.662
      74317.118      12168.560       1272.662
      71132.623      13265.004       1272.662
      74786.914      12698.699       1357.370
      75228.946      12170.320       1262.473
      75800.436      12311.828       1070.107
      75152.465      12924.545       1326.273
      78325.852      12453.316        561.616
      76997.933      13173.998        824.747
      78854.941      12648.248        473.929
      79138.564      12985.239        407.422
       1776.784      13963.163        555.422
       1984.238      13364.134        699.687
       3858.471      13069.022        987.121
       4162.055      13745.060       1194.229
       4930.094      13034.489       1212.162
       4924.472      13328.430       1295.415
       5849.878      13055.618       1419.098
       7150.741      13713.248       1383.634
       6828.870      13294.420       1272.889
       7506.326      14192.634       1272.836
       9597.342      13865.820       1410.622
      10763.970      13713.463       1419.144
      10256.757      13225.819       1272.964
      12837.074      13295.005       1272.964
      13209.029      13697.413       1180.798
      12035.760      13785.663       1419.008
      15667.434      13384.849       1272.753
      17037.584      13384.696       1419.018
      15506.708      13813.313       1401.764
      16553.340      13943.710       1419.026
      19611.428      13292.922       1419.067
      17604.339      13961.635       1419.020
      19075.566      13887.917       1419.022
      20185.830      13807.429       1372.489
      21896.360      13780.340       1273.052
      20272.776      14132.024       1273.052
      23916.198      14249.862       1272.566
      23239.407      14584.450       1272.655
      24520.393      13392.388       1272.566
      22727.536      13823.688       1272.566
      26202.829      13264.060       1272.816
      24326.855      14278.082       1272.757
      26303.645      14036.488       1272.816
      27695.936      14116.992       1272.816
      28310.256      14188.539       1272.816
      29868.988      13871.009       1418.997
      28875.529      13943.644       1367.205
      32029.212      13866.052       1419.106
      31105.287      13743.141       1419.033
      33288.561      13986.340       1272.873
      34530.365      13563.700       1272.837
      35378.312      14597.556       1272.810
      34793.970      13837.309       1272.837
      37328.492      14223.963       1419.083
      38126.698      14065.525       1418.992
      37610.585      13323.359       1272.821
      36934.448      13695.365       1347.205
      40419.661      14264.795       1272.821
      38842.429      14274.504       1272.821
      41798.010      13952.699       1419.140
      41686.061      13154.729       1419.139
      42806.566      13414.609       1273.083
      43550.078      13263.016       1419.134
      42523.254      13765.394       1395.604
      44904.646      13745.456       1371.114
      44226.275      13611.378       1273.083
      47692.714      13770.121       1272.851
      45600.873      13900.343       1272.845
      48449.830      13020.897       1272.845
      48758.491      13340.176       1272.850
      51454.739      13097.116       1272.679
      50427.903      14129.678       1272.679
      49114.940      13942.988       1272.679
      52701.793      13134.990       1419.022
      51187.018      13752.012       1419.015
      51753.322      13424.804       1272.770
      52226.183      13629.035       1415.790
      53717.584      14117.410       1418.932
      53819.069      13421.282       1272.670
      53154.753      13657.890       1413.595
      56357.933      13917.256       1419.011
      55464.497      13349.752       1272.670
      57194.395      13217.981       1418.930
      58187.668      13785.681       1377.179
      57447.139      13816.137       1419.092
      58585.902      13992.830       1273.143
      59449.240      13167.156       1229.473
      58997.252      13819.997       1418.930
      62443.971      14011.447       1419.118
      62320.237      13257.619       1376.182
      61197.521      13677.062       1399.892
      63064.923      13481.600       1273.037
      62923.892      13853.904       1399.817
      63893.913      13222.447       1419.171
      64800.087      13852.177       1387.273
      65780.257      13708.374       1419.251
      64655.755      13466.909       1273.037
      67716.072      13155.201       1418.952
      67485.957      13882.137       1419.169
      66847.751      13675.445       1353.383
      69364.926      13852.970       1418.941
      68214.685      13855.561       1418.940
      69733.567      13267.166       1418.969
      71108.020      13586.025       1272.886
      70835.440      13913.943       1346.085
      72306.309      13449.291       1419.030
      70355.909      13872.297       1410.364
      73008.811      13789.188       1272.542
      73588.316      13958.227       1419.136
      73643.168      13411.975       1396.213
      74964.786      13463.560       1214.677
      74464.679      13905.446       1386.330
      76850.455      13822.001        908.713
      76243.975      14168.176       1031.635
      78901.487      13667.087        369.779
      76993.292      14324.964        736.440
      79430.421      13884.097        321.235
       1758.017      14287.846        573.821
       2209.936      14972.937        733.829
       4665.127      14850.385       1282.896
       4799.270      14294.655       1218.760
       4179.754      14551.990       1147.454
       6153.295      15919.044       1272.889
       6192.110      14748.754       1272.888
       6893.781      14327.572       1272.889
       8232.423      14383.430       1419.122
      10692.476      14171.936       1419.197
       9535.090      14597.288       1272.814
       8947.263      14543.129       1272.872
      11899.665      14510.751       1418.938
      11275.679      14338.610       1272.814
      12083.114      14040.029       1418.994
      14147.123      14151.016       1418.999
      13120.442      14767.752       1418.983
      15088.590      14572.639       1272.614
      16073.975      14390.135       1419.044
      14001.221      14876.519       1419.016
      17396.449      14521.914       1256.348
      16831.458      14655.224       1272.614
      18942.682      15067.345       1272.786
      19744.165      14397.105       1272.786
      19639.122      14802.804       1381.878
      20661.624      14298.329       1382.058
      22279.955      14769.043       1365.779
      21873.812      14376.456       1272.748
      25090.594      14383.584       1419.081
      23860.561      14712.502       1272.801
      26163.956      14567.471       1272.862
      26374.629      14373.480       1272.763
      25135.783      14738.902       1419.091
      28456.961      14578.255       1225.773
      30194.272      15859.054       1272.758
      29846.555      14800.620       1272.758
      28695.719      14704.008       1243.112
      30215.207      14277.430       1272.758
      30938.190      14743.184       1392.784
      31736.997      14384.147       1419.051
      32435.577      15516.126       1419.139
      32752.033      14456.408       1272.837
      33045.717      14934.501       1419.113
      31887.991      14842.732       1406.680
      34358.232      15760.116       1272.837
      34825.153      14875.103       1272.884
      36971.754      14592.444       1403.354
      36356.793      14294.891       1272.884
      38497.172      14807.992       1272.853
      39349.772      14520.280       1419.072
      38015.129      14821.343       1419.083
      40074.476      15467.804       1419.133
      40883.281      14699.112       1272.900
      40386.839      14712.492       1273.028
      41515.738      14448.522       1419.156
      42913.440      14834.562       1410.317
      42708.783      14402.521       1268.669
      45039.289      14155.223       1273.083
      45497.931      14621.901       1356.881
      44023.308      14913.105       1419.133
      46697.328      14690.182       1272.765
      47166.058      14893.717       1419.080
      46875.496      14420.877       1272.851
      46098.746      14772.153       1375.982
      49181.453      15117.815       1272.850
      50281.812      14418.328       1272.851
      48010.729      15167.861       1272.850
      50452.572      14681.014       1272.923
      51139.719      14816.639       1412.426
      49924.181      14934.967       1419.010
      52673.558      14471.405       1272.962
      53241.494      14611.503       1419.000
      52179.003      14693.686       1419.001
      55630.152      15246.035       1272.670
      56552.694      14518.358       1272.671
      54556.824      16120.765       1272.671
      57678.350      14406.827       1419.057
      56380.333      14974.623       1407.931
      57171.595      14626.081       1272.813
      59572.280      14169.936       1419.075
      60690.107      14634.728       1377.516
      60395.469      14221.719       1272.813
      62256.036      14364.841       1419.070
      62868.446      14883.679       1299.381
      62276.472      14719.316       1419.132
      63030.186      15048.459       1273.037
      65301.501      14946.379       1419.267
      65699.001      14319.707       1419.268
      64320.667      14814.639       1354.454
      66281.410      14802.738       1419.241
      67275.790      14320.718       1386.280
      68847.846      14404.295       1419.239
      68373.041      14954.218       1419.048
      69827.885      15229.771       1419.131
      70338.833      14943.914       1419.122
      69394.692      14915.511       1419.120
      70818.393      14985.455       1366.219
      71885.609      15317.152       1272.886
      72553.016      14831.080       1272.599
      71040.858      15325.773       1272.887
      74361.313      14445.834       1223.235
      73928.658      14651.916       1272.542
      76058.581      15759.778       1208.128
      76295.462      14620.504       1016.849
      75270.109      15223.840       1197.612
      76945.160      14791.387        852.286
      79435.290      14629.757        334.563
      79071.524      14997.203        427.697
        645.869      15850.660        322.563
       2224.396      15267.038        634.572
       3781.817      15181.892        995.208
       2626.716      15743.032        863.383
       4780.910      15145.647       1175.968
       4064.608      16204.143       1194.497
       3804.316      15354.989       1012.410
       4884.329      15460.494       1272.927
       5576.499      15671.476       1419.125
       4620.197      15564.959       1334.185
       7878.348      16128.038       1272.872
       8999.662      15346.647       1272.872
       6489.903      15938.897       1272.871
       9635.418      15371.653       1272.814
       9700.712      15971.272       1419.077
       8770.809      15821.712       1418.980
      12655.932      15467.091       1272.814
      13292.827      15479.705       1272.614
      11867.521      16114.142       1418.927
      17114.323      16062.133       1272.614
      14199.392      15868.954       1272.692
      17008.841      15284.926       1272.614
      18320.951      15245.842       1419.016
      19251.056      15716.801       1336.603
      19609.107      15666.538       1375.082
      18314.877      15701.190       1419.023
      21946.574      15330.796       1272.748
      22661.398      16213.591       1419.052
      22810.661      15826.758       1419.086
      21810.796      15791.528       1398.997
      23304.138      16008.335       1272.801
      25139.842      15740.759       1419.104
      23775.069      15770.427       1416.738
      24180.387      15549.908       1272.834
      24527.023      15233.234       1272.862
      27313.304      16285.921       1272.862
      27291.979      15193.935       1272.862
      30084.185      15984.729       1272.763
      27669.568      16225.913       1272.763
      31390.791      15529.630       1267.326
      31996.609      16032.615       1419.005
      30856.792      15676.657       1404.015
      33542.800      16298.495       1419.137
      34021.565      15745.099       1339.420
      33048.358      15993.845       1419.092
      36158.720      15893.557       1272.884
      36909.974      15161.401       1272.884
      36887.634      15605.634       1411.813
      38883.645      15781.139       1272.854
      43107.220      15287.998       1272.900
      40023.897      15963.382       1272.900
      43965.110      15722.128       1419.183
      44219.978      15227.655       1419.321
      43080.916      15724.771       1367.643
      45191.845      15752.055       1419.180
      45919.553      15294.863       1272.765
      48060.652      15527.425       1272.923
      48676.884      15375.965       1419.047
      51897.429      15468.842       1272.962
      51395.089      15381.961       1272.923
      54210.657      15823.502       1418.940
      53581.435      15300.788       1272.962
      55881.361      15751.396       1272.932
      55103.363      16019.767       1419.046
      56566.963      16859.385       1272.773
      57777.284      15394.127       1272.813
      56269.561      16043.637       1254.238
      59423.698      16283.087       1272.813
      57881.268      16123.689       1272.813
      60400.799      15228.752       1272.813
      61757.646      15245.173       1419.150
      60146.232      15895.296       1419.093
      63358.954      15215.334       1367.678
      62537.609      15453.283       1272.848
      63379.858      15607.626       1419.079
      64903.043      15297.630       1419.278
      65814.287      15907.102       1335.839
      66282.200      15958.353       1404.710
      65284.081      15989.258       1419.288
      68581.175      16219.521       1273.007
      68607.851      15434.989       1273.007
      68887.496      15939.689       1323.111
      72831.653      17140.846       1272.542
      73575.106      16156.461       1272.542
      74263.815      15490.736       1272.542
      72233.483      15957.244       1272.542
      74462.763      16427.335       1272.866
      75600.820      15868.473       1272.785
      74022.393      16222.338       1272.785
      77386.583      15589.662        969.459
      77040.739      15802.098        995.379
      77009.497      15115.968        739.333
      78449.446      16607.616        617.035
      79297.172      15746.021        344.212
        601.386      16906.774        319.404
        907.152      16627.825        381.760
       2995.071      16780.634        946.200
       2834.495      16147.850        719.116
       4063.739      17137.066       1272.304
       3959.372      16635.991       1106.928
       4537.204      16907.862       1272.927
       6161.287      16883.874       1418.925
       6756.551      16734.235       1418.957
       6072.657      16417.640       1272.927
       7475.652      16380.172       1381.694
       7087.193      16881.644       1358.710
       7689.938      16878.918       1393.824
       9387.685      16495.631       1419.051
      10565.929      17057.744       1416.512
       9992.006      17059.737       1346.003
      10670.956      16507.506       1376.259
       9806.072      16713.438       1272.720
      11941.848      16729.885       1419.045
      11575.481      16437.283       1272.692
      14675.217      16474.453       1272.692
      15002.641      17033.600       1354.286
      16721.290      16264.687       1418.877
      16637.241      17034.270       1418.877
      14002.745      16829.975       1418.941
      17358.409      16709.895       1358.824
      17550.750      16458.291       1272.878
      18350.442      16185.203       1419.026
      19349.704      16716.428       1349.681
      19063.361      16429.495       1272.878
      19707.594      16666.276       1395.216
      20484.786      16304.049       1351.240
      22432.751      16925.363       1398.997
      20011.457      16984.200       1398.997
      23206.485      16710.099       1309.566
      24108.566      17495.319       1272.834
      25766.255      16286.362       1272.835
      25070.732      17211.397       1272.835
      23326.268      16925.260       1272.834
      25697.946      16842.293       1417.583
      26615.403      16688.266       1411.431
      26809.662      16389.466       1419.094
      28239.316      17470.820       1419.071
      28418.805      16640.552       1272.706
      29262.930      16293.057       1418.998
      27650.802      16787.262       1380.756
      30210.354      16400.432       1272.706
      30460.558      16773.184       1401.527
      30689.500      16147.480       1272.861
      32439.107      16894.868       1272.954
      31920.584      17011.609       1410.170
      34899.253      16747.344       1419.115
      35397.119      16084.328       1419.124
      33905.582      16631.238       1419.114
      36358.288      17193.572       1419.132
      37037.396      16656.335       1419.107
      35911.964      16753.619       1419.114
      38965.451      17001.033       1272.853
      39410.695      16126.813       1272.853
      37649.101      17005.981       1233.584
      39492.456      16599.064       1371.008
      40160.336      16621.367       1419.074
      40695.989      16289.240       1419.275
      42198.408      16952.221       1416.939
      42201.755      16338.955       1365.160
      41179.528      16896.589       1390.716
      42732.370      16786.570       1385.896
      43739.449      16268.675       1419.176
      44753.916      16877.314       1347.481
      43350.680      17079.621       1419.186
      46561.030      17110.295       1272.938
      44969.044      17144.806       1272.938
      46490.720      16138.027       1272.852
      47713.297      17081.763       1272.765
      48907.343      16245.699       1272.765
      49595.258      16957.388       1256.674
      51389.610      16148.761       1272.923
      50161.878      16728.310       1272.826
      48085.963      17220.043       1272.923
      51505.840      16367.799       1272.777
      52156.503      16709.928       1419.095
      51989.730      16164.436       1259.781
      54225.222      16409.889       1272.962
      54623.889      16830.882       1304.086
      53561.509      16852.858       1419.227
      58193.520      16771.771       1419.043
      58083.743      16243.156       1323.462
      57091.028      16756.122       1416.511
      60096.560      17010.290       1414.243
      59884.597      16498.937       1272.848
      59158.554      16886.873       1351.491
      60812.451      17199.498       1272.848
      62695.138      17057.698       1272.848
      62869.680      16671.652       1379.673
      64005.837      16379.359       1419.091
      65049.458      16864.724       1335.839
      64748.410      16865.739       1274.601
      63811.148      16906.827       1419.293
      66693.925      16805.348       1272.776
      67275.093      16855.100       1419.046
      67379.400      16455.421       1419.147
      66303.020      16788.156       1335.839
      69265.517      16999.986       1419.115
      68459.613      16866.637       1387.906
      69720.158      16882.990       1419.105
      70105.852      16158.858       1272.813
      70974.429      18263.508       1272.813
      72567.249      17235.027       1272.813
      72005.142      17032.184       1272.813
      69928.516      17412.835       1272.813
      73280.903      16934.246       1419.096
      76101.015      16515.650       1229.030
      76273.542      16110.535       1154.896
      75610.004      16371.865       1272.866
      76515.017      16974.399       1172.054
      77240.918      16140.099        946.254
      77974.552      16316.525        686.497
      78472.001      16999.090        517.160
        580.058      17578.389        364.911
       2195.385      18138.237        645.912
       3810.470      17968.121       1112.560
       2811.906      17426.502        942.460
       5669.319      17985.052       1272.927
       4598.165      17741.964       1257.296
       7296.910      17699.262       1272.549
       7820.197      17759.914       1396.913
       6589.790      17803.989       1418.956
       9580.016      17565.271       1272.720
       8850.035      18106.059       1272.720
      10473.355      17559.080       1370.653
      10402.411      17850.301       1373.018
      12105.741      18053.495       1419.141
      11754.877      17413.263       1419.045
      14326.604      17425.021       1418.976
      13088.231      17854.317       1418.922
      16156.897      17407.101       1419.262
      15671.791      18024.409       1419.236
      14347.952      17918.331       1419.231
      17728.094      17875.263       1419.119
      16809.098      17877.430       1419.226
      19420.891      17890.977       1403.510
      20105.168      17333.283       1418.979
      22153.617      17833.874       1419.023
      22140.179      17297.265       1419.027
      20032.185      18196.117       1418.979
      23236.999      17360.984       1272.793
      25891.232      17904.369       1419.026
      26228.921      17267.238       1419.032
      25079.122      17640.236       1272.793
      26808.928      17750.361       1419.024
      27735.228      17796.584       1419.064
      30264.553      17428.131       1260.024
      29405.341      18028.459       1245.100
      28571.346      18279.120       1272.706
      30877.568      17927.815       1381.994
      30292.843      17646.728       1281.748
      30976.582      17434.359       1314.161
      31630.868      17671.460       1272.954
      31303.869      17941.137       1343.584
      33962.435      17760.837       1419.133
      34420.406      17300.441       1419.152
      33233.066      17437.967       1272.954
      35473.081      17919.700       1344.837
      34955.938      17877.038       1399.749
      37875.698      17461.889       1272.877
      38462.283      17173.368       1419.107
      36985.967      17759.455       1419.108
      39462.182      17371.242       1272.759
      39128.390      17415.602       1272.877
      40968.506      17448.505       1273.155
      42030.502      17361.427       1419.090
      43009.781      17549.618       1273.015
      43459.068      17396.017       1419.387
      45376.957      17782.289       1419.251
      45464.394      17379.236       1418.997
      47236.018      17917.793       1419.095
      46617.733      17922.399       1373.541
      47287.268      17371.916       1352.147
      48701.924      17309.566       1419.118
      48708.157      17828.258       1419.123
      50001.679      17792.242       1416.160
      49597.895      17753.112       1349.515
      52439.658      18349.230       1272.777
      52261.960      17258.096       1272.777
      52851.143      17435.330       1272.913
      53642.340      17244.753       1419.226
      52640.924      17898.806       1394.268
      54676.137      17540.636       1272.913
      55622.545      17199.912       1419.175
      56645.014      17883.410       1419.163
      57332.907      17188.225       1419.168
      56277.348      17357.610       1272.913
      58166.971      18223.597       1419.126
      58862.393      17862.767       1405.587
      57465.685      18094.078       1419.157
      59438.269      17299.658       1418.900
      62240.546      17322.173       1418.916
      59567.268      18137.120       1418.902
      63875.066      17223.729       1419.241
      62644.795      17389.896       1272.651
      62793.097      17890.521       1396.987
      64611.709      17430.640       1272.973
      64777.488      17789.411       1383.860
      66067.043      17675.939       1272.775
      68489.245      18244.114       1419.052
      68965.023      17477.585       1419.080
      67796.107      17513.865       1272.775
      70262.343      18071.753       1419.221
      69356.219      18211.406       1419.054
      72612.593      17900.036       1419.108
      71509.086      17939.949       1419.214
      74528.321      18092.782       1272.866
      73268.540      18230.924       1272.866
      74606.674      17366.553       1253.993
      76347.394      17739.456       1061.293
      74947.911      18219.916       1249.444
      78359.138      17488.672        538.627
      76822.398      18339.495        828.522
      79303.206      18048.169        367.434
       1815.052      19118.369        564.350
       2188.197      18420.231        739.974
       3949.384      18204.293       1019.600
       5040.862      19368.262       1286.535
       4018.834      18884.329       1247.041
       5525.713      18223.537       1285.354
       5940.950      18540.252       1272.670
       6121.236      18433.289       1272.549
       8472.011      18429.016       1272.648
       8133.706      18382.988       1272.549
       8715.402      18226.717       1298.611
      10208.845      18206.419       1418.939
       9382.673      18645.083       1319.186
      10958.531      18453.629       1272.756
      10695.642      18525.845       1319.186
      11643.347      18727.542       1419.061
      12034.738      18344.496       1419.140
      13481.225      18516.566       1272.996
      12772.876      18932.800       1360.527
      15030.093      19900.845       1272.996
      16125.247      19122.334       1272.996
      14511.410      18891.574       1272.887
      16966.906      18777.356       1419.032
      17242.474      18492.714       1419.226
      18098.652      18887.109       1300.172
      18791.194      18525.578       1395.338
      19252.891      18816.126       1272.753
      20128.258      18526.237       1419.060
      19861.850      19044.952       1402.769
      18808.597      18874.177       1419.005
      21429.547      18795.190       1272.853
      22282.074      18325.002       1419.023
      22727.831      18827.875       1419.073
      23589.902      19764.585       1272.793
      22653.874      19336.396       1272.793
      25782.112      18690.373       1419.036
      24790.598      18868.093       1419.032
      27524.351      19063.643       1419.128
      27397.530      18433.601       1419.065
      28218.573      18961.019       1339.431
      30033.496      19971.891       1281.748
      30863.836      18461.217       1281.748
      28384.522      19232.996       1281.748
      31039.132      18706.525       1272.816
      31922.915      18838.688       1419.204
      34179.244      18357.934       1272.954
      33569.140      18790.311       1419.232
      34368.930      18890.715       1368.547
      35508.776      19121.935       1418.923
      36091.113      18911.259       1419.130
      34885.938      18933.540       1419.123
      37457.452      19322.797       1419.159
      38096.353      19034.396       1419.131
      37168.649      18930.604       1418.904
      38552.710      19291.671       1272.877
      39384.529      18467.070       1272.844
      40259.545      19150.569       1272.877
      41927.933      18462.372       1272.759
      42080.609      19382.851       1272.759
      44386.060      19148.622       1273.155
      43323.035      18374.789       1273.015
      46155.434      18460.915       1273.015
      44616.230      18985.861       1263.461
      47081.442      18468.491       1383.753
      45577.489      18879.457       1419.148
      48714.850      18959.478       1419.176
      48646.522      18361.717       1419.106
      47571.023      18936.152       1341.997
      49672.194      18869.959       1381.284
      50645.689      18578.201       1273.030
      52004.294      18475.696       1419.008
      50075.905      18908.881       1400.575
      53020.137      18528.505       1272.913
      52487.245      18767.220       1273.030
      56430.771      18579.293       1272.913
      53057.278      19069.289       1272.913
      55768.266      18925.787       1419.178
      56832.169      19016.991       1317.395
      59293.160      18458.242       1272.651
      59236.064      18866.855       1316.770
      58284.692      18877.771       1419.122
      61735.180      19312.051       1272.651
      60780.555      19674.423       1272.651
      59991.155      18993.636       1272.651
      62335.502      18458.006       1272.651
      62957.905      18436.463       1272.973
      62292.193      19038.096       1392.865
      63546.891      18676.347       1272.842
      64598.895      19192.825       1272.973
      65059.010      18360.078       1272.776
      65375.861      18693.238       1419.057
      67153.598      18839.873       1417.423
      70784.656      19085.295       1272.984
      69193.750      18992.935       1272.984
      71970.797      18523.978       1419.215
      73527.102      19017.822       1418.993
      73014.537      18982.611       1343.081
      73766.409      18430.085       1416.816
      72058.420      18878.581       1419.219
      74759.880      18678.335       1272.749
      74897.096      18485.488       1232.014
      74358.795      18990.365       1416.638
      76817.544      18782.488        925.712
      76328.889      19084.590       1060.910
      79297.741      18766.884        352.301
      78828.989      19174.050        443.464
       2211.086      20235.188        617.692
       2194.005      19962.373        718.881
       4009.409      19863.398       1171.420
       4892.668      19587.342       1297.611
       3751.055      19737.716       1162.350
       4977.635      19757.894       1272.900
       5107.369      20101.034       1339.485
       8103.293      19419.640       1272.648
       7006.041      20166.928       1272.549
       8901.430      20482.041       1272.549
       6774.668      19806.806       1252.019
       9107.383      20344.420       1272.648
      10031.041      20923.996       1319.186
       9456.236      20325.695       1319.185
      10656.374      19845.349       1272.755
      12184.388      20329.270       1418.994
      12846.331      19977.944       1419.044
      12700.008      19343.954       1272.887
      13475.640      20365.968       1272.887
      16356.815      19953.166       1402.510
      17091.205      19287.509       1419.014
      15717.617      19758.656       1419.232
      17182.618      19941.460       1419.043
      20516.603      19769.964       1272.853
      20366.004      19979.995       1321.389
      19993.525      19644.109       1272.753
      22600.422      19707.677       1272.900
      22122.209      19684.120       1272.853
      24850.938      20047.662       1409.460
      25449.777      19320.739       1419.064
      24209.648      19698.658       1272.900
      26630.301      19400.383       1272.897
      27293.068      19295.325       1419.143
      25842.064      19870.021       1419.123
      28868.024      19738.950       1419.141
      27970.555      19727.222       1272.897
      31448.446      20051.980       1272.816
      32324.260      19279.632       1272.816
      32570.843      19553.923       1272.784
      33033.132      19874.500       1419.192
      33440.156      19343.588       1419.202
      34763.180      19907.937       1418.838
      34258.607      19762.715       1272.876
      36938.790      19791.618       1337.333
      36142.810      19881.109       1418.895
      39196.637      19499.743       1419.065
      37866.272      19895.414       1419.141
      40267.664      19445.315       1272.901
      40552.166      19609.233       1272.802
      41672.767      19434.099       1419.042
      42393.771      20026.724       1344.405
      43061.446      19447.898       1419.154
      42664.330      19633.948       1272.806
      42075.604      19652.323       1272.802
      44999.803      19265.560       1272.875
      46501.592      20322.777       1272.875
      45679.339      19824.934       1272.875
      47195.297      19364.364       1251.495
      49040.667      19453.297       1418.968
      49087.061      20170.502       1418.969
      46966.589      20031.515       1418.965
      50902.687      19974.426       1419.261
      50058.457      19492.106       1273.030
      53256.246      19919.240       1419.267
      52155.346      19717.799       1419.270
      53486.859      19207.657       1419.261
      55160.845      19911.990       1419.177
      55850.638      19352.947       1419.160
      54270.801      19961.781       1419.198
      56405.996      20357.467       1419.172
      57099.014      19704.551       1272.891
      56224.699      20003.150       1419.191
      58246.812      19203.062       1403.169
      59214.255      19688.522       1383.014
      58689.587      19403.720       1272.891
      61759.539      20487.444       1419.106
      62346.570      19881.743       1350.801
      61673.918      19741.776       1272.836
      64437.020      19449.444       1272.842
      64871.848      20053.015       1378.408
      65450.309      19395.739       1419.045
      64098.131      19712.106       1419.097
      66746.217      19946.368       1415.263
      65572.655      20142.893       1419.107
      67107.747      19358.391       1345.465
      68260.233      19295.092       1407.130
      67246.935      20034.450       1415.282
      69184.159      19311.033       1272.930
      68866.685      19792.272       1399.848
      70344.729      19230.496       1419.015
      71999.016      19376.653       1419.268
      71015.936      19590.567       1272.930
      73484.705      19536.832       1355.131
      72664.457      19612.692       1272.930
      73745.375      19764.808       1273.000
      75299.499      20812.267       1235.579
      76330.134      19619.697       1031.647
      75335.293      19919.605       1205.371
      77068.171      19946.272        953.583
      77106.790      19340.548        774.243
      79013.398      19648.938        433.364
      78906.152      20100.634        568.846
      77386.997      20483.050        778.619
       2081.705      21365.336        607.820
       2158.525      20797.686        825.990
       2743.625      21102.407        927.164
       2996.791      20438.683        896.210
       4104.066      21117.836       1177.006
       3900.460      20188.948       1153.931
       2930.235      20844.299       1027.516
       4650.617      20436.383       1272.242
       5522.671      21079.535       1418.935
       4654.246      20858.254       1307.603
       6143.528      21277.048       1272.669
       8348.657      20605.109       1418.997
       6494.652      21052.552       1406.446
       8141.942      20933.924       1419.016
       9160.272      21158.828       1342.713
      10237.131      21143.937       1272.755
      13693.347      21458.771       1419.047
      12790.331      21495.533       1419.049
      14313.325      20396.594       1419.136
      12648.987      20990.758       1419.042
      14843.590      20468.756       1272.811
      15138.148      20722.412       1346.797
      15682.249      20414.516       1406.931
      16847.654      21109.630       1419.073
      16634.859      20548.511       1272.753
      16166.111      21434.039       1419.044
      18935.402      21344.473       1272.753
      17553.439      21346.774       1272.753
      20119.382      20389.968       1272.753
      20924.939      21023.593       1419.093
      20748.821      21387.103       1419.118
      19609.505      21158.133       1419.126
      22991.193      21102.705       1272.853
      22246.077      20428.936       1272.900
      21348.256      21315.196       1272.853
      24925.563      20566.018       1272.900
      24877.509      21430.306       1419.121
      25562.397      20599.455       1272.897
      24267.117      20903.740       1419.169
      26521.681      20902.856       1272.897
      28184.356      20847.760       1272.654
      28378.901      20361.126       1272.652
      29172.425      20210.004       1419.128
      30719.126      20929.275       1419.051
      30522.678      20319.088       1272.784
      30022.290      20525.336       1272.652
      33108.628      20539.856       1272.784
      33168.657      21143.501       1272.784
      33432.539      20909.264       1305.016
      36541.224      20317.301       1418.841
      35199.929      20710.624       1272.876
      37043.651      20443.455       1272.603
      37733.503      20824.304       1419.153
      40182.882      21416.621       1272.901
      39601.773      20337.886       1272.901
      41362.443      21106.651       1272.802
      42104.492      20496.166       1272.802
      43117.614      20767.957       1419.150
      42739.848      20516.698       1272.806
      42005.913      20930.316       1371.626
      46163.697      20600.919       1272.806
      46634.827      21158.010       1357.183
      46788.895      20864.686       1296.406
      45425.939      20918.151       1419.049
      49405.427      20488.043       1272.734
      50858.098      20335.646       1419.118
      49366.957      20595.657       1296.406
      50745.335      20901.990       1419.145
      51660.334      20799.764       1362.518
      52654.137      20459.796       1419.292
      54645.095      20611.715       1419.201
      52761.662      21001.542       1419.221
      54696.918      21050.484       1419.198
      59209.200      20262.062       1272.891
      59442.257      21336.662       1272.891
      56191.106      21146.490       1272.891
      59628.005      20840.227       1395.759
      59840.409      20251.283       1272.836
      59950.731      21238.611       1272.836
      62649.922      21253.768       1419.117
      62956.058      20453.826       1272.867
      63873.453      20419.781       1419.154
      62170.286      20809.802       1419.085
      65785.642      20629.947       1419.112
      64736.649      20830.990       1272.867
      67853.349      20531.610       1419.021
      65907.160      20929.538       1419.107
      70065.919      21267.405       1419.094
      69254.357      20431.400       1272.930
      68441.697      20648.398       1272.785
      72002.691      20298.770       1273.000
      72768.492      21070.613       1272.930
      73755.390      20192.600       1272.749
      75020.058      20754.835       1235.859
      73347.998      21030.919       1272.750
      77199.291      21077.495        869.541
      77478.866      20609.184        797.701
      75120.995      21173.754       1086.083
      78995.260      20605.691        392.050
      79343.965      20941.959        322.807
       2122.329      21772.975        761.415
       2069.441      21377.406        613.180
       2805.599      21206.672        880.755
       3438.968      21885.493       1167.706
       4035.821      21229.160       1186.146
       4704.317      21794.606       1418.951
       4972.620      21369.630       1419.000
       4119.011      21588.412       1237.863
       6609.818      21402.064       1357.877
       5700.598      22091.895       1396.314
       7725.077      22036.760       1418.973
       8420.883      21498.465       1418.995
       6889.924      21436.003       1272.704
       9139.684      21979.400       1272.960
       8646.511      22130.062       1415.593
       9427.851      21822.596       1272.750
      10989.731      21352.333       1418.990
      12128.402      21847.163       1351.524
      11707.128      21495.583       1272.750
      14654.715      21751.771       1419.041
      18388.557      21618.169       1419.073
      16692.036      21934.394       1419.073
      19743.398      21866.761       1419.062
      18811.337      21781.879       1272.843
      22352.652      21419.122       1419.163
      21237.118      21991.324       1305.447
      22760.126      21773.240       1419.141
      23320.886      21528.258       1272.823
      23901.162      21737.376       1419.145
      26107.284      22390.062       1272.874
      26926.086      21196.611       1272.874
      24729.752      22031.466       1272.874
      27389.734      21784.543       1382.191
      27563.255      21212.467       1272.652
      26853.897      21778.339       1419.015
      30915.987      21539.654       1272.652
      27885.846      22175.770       1272.652
      32721.983      21403.010       1419.120
      30575.162      21840.678       1419.015
      31067.963      21867.112       1272.818
      31365.157      22069.401       1340.604
      32751.967      21749.528       1419.136
      33467.329      21833.058       1350.745
      36059.747      22065.010       1272.876
      33696.717      22106.729       1272.876
      35047.598      21331.512       1272.644
      37921.525      21450.692       1272.603
      38931.240      21977.477       1419.145
      38323.184      21772.852       1272.864
      39342.244      21531.656       1419.162
      37587.439      21717.133       1418.834
      40545.640      22508.304       1419.071
      41042.334      22092.841       1419.149
      41018.099      21463.889       1376.114
      40034.343      22044.291       1383.181
      43242.924      22375.799       1272.914
      41777.273      22299.578       1272.914
      44052.744      21192.841       1272.914
      44398.398      21512.677       1272.830
      43905.557      21911.232       1419.062
      45580.335      21434.473       1419.052
      46486.876      21777.149       1272.830
      48476.784      22302.470       1296.406
      46867.037      22196.444       1296.406
      49233.543      21538.344       1296.406
      49607.203      22129.338       1360.141
      50689.453      21462.407       1419.144
      49183.246      22072.270       1399.956
      52654.882      21919.280       1419.230
      51151.217      21952.695       1419.130
      52813.057      21440.507       1419.173
      54877.973      21404.965       1419.173
      53700.170      22017.776       1343.997
      55683.250      21507.392       1272.942
      56759.665      21443.986       1419.172
      58255.865      21970.333       1419.122
      57699.667      22030.388       1311.767
      58677.158      21544.003       1419.131
      56571.674      22119.478       1419.176
      59936.522      21715.425       1272.791
      60657.463      21443.137       1419.115
      62062.897      21859.360       1401.227
      61356.803      21640.093       1272.791
      64750.011      22341.087       1272.867
      63724.241      22234.024       1272.634
      65265.137      21813.805       1406.817
      64960.778      21892.755       1402.650
      65245.124      21282.252       1272.785
      66126.788      23017.428       1272.785
      68616.737      21608.214       1272.785
      68958.334      22144.214       1349.876
      69949.476      21642.478       1419.010
      68271.083      21933.410       1419.028
      71858.299      21418.068       1419.259
      70050.764      22016.573       1418.909
      70678.999      21820.680       1215.254
      73547.847      21549.799       1382.856
      73077.322      21842.106       1404.093
      72239.302      21592.491       1419.244
      73593.243      21182.547       1352.412
      75089.375      21193.291       1074.376
      74933.485      21923.621       1339.261
      77263.186      21656.300        692.569
      77118.059      22114.834        855.600
      79365.850      21650.511        376.513
      78872.515      21932.322        441.572
        517.923      23157.960        333.619
       3004.145      24157.986        928.944
       1993.130      22605.147        595.613
       2054.236      22841.672        660.586
       3638.047      22768.466       1166.804
       4092.704      23169.504       1247.991
       5017.001      22530.345       1260.237
       5768.773      23000.919       1390.256
       4922.961      22945.601       1348.376
       6175.073      23099.213       1272.704
       7824.611      22557.163       1272.704
       8357.990      22832.814       1272.960
       7496.829      22874.533       1419.041
      10145.687      24167.001       1272.750
      11950.820      22344.003       1272.750
       9538.606      23076.180       1272.750
      13310.696      22829.688       1419.041
      12189.994      23009.448       1404.536
      13173.034      22315.116       1419.041
      15043.298      22268.564       1419.047
      16532.329      22822.357       1419.074
      16055.710      22892.628       1394.228
      15180.958      22783.065       1419.047
      16314.667      22355.578       1272.843
      18612.579      22521.504       1272.873
      18981.986      23470.006       1272.843
      19280.704      23287.133       1273.103
      20781.685      23241.547       1273.103
      20741.627      22372.144       1273.103
      21062.176      22874.007       1349.574
      22607.215      22941.600       1418.868
      23847.782      22800.715       1419.070
      24934.282      22931.850       1419.062
      25379.568      22470.639       1419.054
      26234.418      22995.858       1272.829
      26539.533      22806.175       1272.751
      25802.304      23138.112       1396.449
      28444.124      22337.159       1418.981
      28365.237      22864.777       1419.026
      29567.353      22541.587       1272.818
      29275.018      22831.191       1355.044
      32778.176      22423.341       1419.109
      32793.886      23205.415       1419.134
      31223.920      22706.833       1272.818
      33456.408      22938.790       1375.284
      34881.058      23077.747       1419.198
      34494.960      22894.502       1266.222
      35083.274      22366.113       1418.887
      33903.637      22991.563       1419.198
      36396.962      22511.350       1272.854
      35754.028      23110.058       1418.861
      37162.968      23085.940       1418.889
      36669.269      22235.079       1272.865
      37829.171      23351.050       1272.865
      39621.909      22809.591       1272.989
      39001.938      23766.307       1419.100
      40134.435      22954.288       1415.449
      39146.788      22867.337       1383.660
      42040.490      23144.018       1414.113
      42538.624      22607.424       1419.155
      41142.587      23002.657       1399.001
      43607.648      23449.777       1419.062
      42940.754      23164.565       1419.061
      43901.850      23014.779       1381.931
      46220.844      23464.668       1272.830
      46342.640      22508.762       1272.830
      48012.296      22545.702       1419.133
      46951.774      22652.312       1273.039
      46579.740      23070.556       1365.057
      48648.567      22775.481       1242.239
      49320.121      22823.937       1273.039
      49547.125      23670.337       1419.156
      50067.073      23033.021       1375.198
      51809.780      23086.170       1272.772
      50787.865      23201.099       1272.886
      52385.847      22863.698       1268.171
      53223.549      22476.051       1272.886
      54063.871      22905.513       1405.190
      53345.297      22747.196       1272.809
      55115.032      23479.325       1419.180
      55780.074      22807.794       1272.788
      56648.990      22532.636       1419.175
      55053.802      22968.211       1373.928
      58018.205      22652.681       1272.839
      57556.343      22673.892       1272.788
      59331.437      22355.749       1272.791
      62224.366      22325.647       1272.791
      59740.604      22946.319       1272.839
      62718.265      22980.216       1418.904
      61634.147      23012.758       1419.121
      62779.723      22515.447       1272.586
      64705.658      22688.972       1272.587
      64910.326      23446.596       1419.098
      65489.755      22926.938       1390.145
      67645.772      22558.214       1272.675
      68275.792      22447.230       1418.905
      66797.342      22773.105       1419.046
      69483.731      23060.193       1395.846
      70082.792      22453.033       1418.980
      70377.778      22888.894       1415.182
      71928.382      22412.198       1419.146
      73085.310      23047.142       1359.293
      73682.867      22509.457       1379.127
      72787.903      22613.744       1272.887
      74954.086      22939.874       1274.159
      74500.470      22823.869       1272.872
      77298.155      22960.892        818.791
      76928.105      23299.196        917.968
      79133.116      22799.544        397.349
      77943.072      23430.231        614.648
       2040.985      25040.941        651.014
        529.689      23913.733        300.781
       2102.356      24733.461        748.618
       4188.471      24162.352       1290.714
       4779.641      24231.007       1345.998
       5705.474      23461.671       1356.463
       7480.291      23983.209       1419.039
       5676.475      24014.043       1419.009
       7447.676      23588.565       1419.070
       9206.857      25150.175       1272.960
       8375.523      24090.975       1272.960
      11632.867      23904.064       1360.331
      10660.986      24029.201       1419.079
      12822.578      24729.240       1419.056
      13231.010      23487.106       1419.041
      13489.418      24189.036       1419.077
      15226.385      23416.732       1419.099
      16213.832      23900.890       1300.618
      15178.088      24002.517       1419.112
      17120.221      24379.500       1419.136
      17734.803      23943.105       1419.135
      16690.268      23830.749       1371.007
      18162.459      23496.205       1419.146
      20166.499      23499.859       1419.132
      18842.673      24053.396       1387.788
      21268.462      24013.325       1401.136
      20795.156      23566.190       1272.883
      22123.957      23364.913       1419.090
      23165.563      23624.965       1261.177
      23737.267      23895.378       1419.063
      22328.715      23985.190       1419.124
      24270.471      23467.967       1419.093
      24928.213      24131.798       1412.928
      28239.670      24213.848       1272.751
      28877.210      23341.069       1272.751
      26879.615      23863.658       1272.829
      29514.110      23335.427       1272.818
      29878.564      23992.428       1419.025
      30485.187      24316.520       1272.818
      30955.250      23291.833       1272.818
      32722.113      23449.167       1419.012
      30917.973      23961.001       1418.998
      33424.804      24116.259       1378.281
      33125.778      23650.945       1272.765
      33664.268      24490.660       1272.966
      35223.871      24145.933       1272.966
      35664.059      23822.294       1272.854
      37423.469      24570.248       1419.222
      38164.907      23999.484       1404.767
      37366.251      23777.231       1272.854
      38544.310      24034.470       1300.725
      40804.995      23695.183       1272.763
      41544.191      23560.013       1419.051
      40444.133      23666.629       1272.989
      42586.269      24587.052       1419.050
      42186.670      23891.996       1272.763
      44471.217      23702.130       1272.800
      45060.407      23474.203       1418.994
      44070.450      23836.646       1352.001
      46936.711      24124.333       1405.758
      46813.369      23572.615       1273.039
      46222.959      23787.065       1272.801
      49287.717      24418.403       1273.039
      47570.557      24370.680       1273.039
      50740.154      23630.775       1272.772
      50011.038      24027.465       1419.147
      53448.101      24068.087       1272.809
      54267.409      23318.919       1272.809
      52258.529      23996.462       1272.809
      54647.375      23825.985       1348.058
      54114.400      23817.721       1415.132
      57845.725      23478.902       1272.839
      58370.620      24185.666       1272.788
      55004.062      24217.614       1272.788
      60409.645      23674.402       1272.839
      61810.928      23695.889       1419.025
      60760.250      24231.219       1345.927
      61032.559      23807.278       1272.669
      59694.734      24015.886       1419.094
      63087.315      23548.970       1236.502
      63875.453      24968.027       1272.587
      63149.761      23752.512       1264.171
      64590.834      24131.477       1272.587
      66304.397      23339.747       1272.675
      66461.318      23770.131       1405.350
      65407.900      23824.082       1419.075
      69667.297      23462.640       1272.675
      70005.501      23774.503       1272.869
      69392.086      23825.970       1418.915
      71569.978      23959.071       1272.929
      70559.170      23991.936       1272.887
      72768.575      23539.316       1272.887
      73484.249      24130.474       1408.274
      72865.816      23824.918       1272.929
      74669.283      23411.769       1272.872
      75250.850      23520.878       1202.041
      74294.094      24219.416       1383.883
      75181.482      23358.778       1146.390
      77112.641      23796.425        919.529
      76401.455      24106.095       1069.455
      77919.947      24142.913        742.593
      78069.483      24537.617        598.386
       2080.824      25215.714        598.384
       3843.957      25292.278       1136.230
       3027.283      24483.230        877.096
       5560.762      25015.168       1380.429
       4864.171      24846.574       1280.407
       6045.320      25096.854       1272.756
       7797.406      24291.503       1272.756
       8594.381      24786.190       1419.059
       8172.336      25026.991       1419.198
       7751.699      24573.616       1330.917
      10134.025      25184.685       1419.052
      10828.397      24442.399       1418.999
      10391.317      24667.469       1272.700
       9682.591      24976.661       1405.676
      11747.754      24651.050       1272.700
      12643.783      24902.712       1419.000
      14779.904      24903.578       1409.442
      15291.182      24377.187       1419.167
      13733.804      24894.725       1406.395
      15815.483      24801.770       1419.147
      16756.485      24824.106       1418.003
      18704.213      25041.904       1386.167
      17800.776      24936.465       1419.135
      21154.307      24638.356       1272.883
      19732.603      25126.319       1272.883
      21722.886      24831.929       1272.719
      21232.605      24842.651       1272.834
      21785.096      24568.550       1272.527
      24191.766      24581.207       1272.527
      23803.653      25105.205       1272.593
      22799.070      24861.111       1257.637
      24648.626      25042.564       1306.190
      25735.491      25211.165       1419.070
      24816.020      24625.292       1272.829
      28101.940      24473.359       1272.829
      29536.759      25098.300       1418.998
      29491.401      24551.370       1419.009
      27424.469      24997.017       1419.093
      30354.385      25033.044       1325.425
      30397.003      25240.770       1272.765
      32351.358      25437.321       1272.765
      33118.346      24653.549       1272.765
      34439.095      24542.617       1419.228
      34480.716      25182.509       1419.195
      32990.662      25198.517       1403.216
      35487.234      25015.173       1396.586
      35762.470      24341.619       1272.854
      37104.633      24996.448       1272.854
      35726.957      25404.982       1272.854
      38650.286      24714.241       1274.139
      37983.700      24831.613       1419.233
      40414.964      24464.996       1272.989
      40618.940      25028.986       1402.801
      42461.723      25300.660       1272.763
      40697.163      25416.684       1272.763
      44203.822      24840.904       1419.034
      43253.299      24872.485       1419.031
      45659.916      25084.844       1272.800
      46413.628      24425.155       1272.801
      47053.134      24504.690       1179.843
      47966.724      25179.446       1419.035
      48791.614      24651.426       1419.003
      49809.866      24663.528       1272.772
      48983.990      25161.546       1419.140
      53581.240      25249.084       1272.772
      53328.499      24373.065       1272.772
      49779.152      25364.722       1272.772
      53764.427      24831.085       1351.980
      55495.163      24415.117       1419.178
      54297.361      24839.406       1399.680
      57622.215      24415.738       1419.092
      56701.198      25088.223       1372.361
      56854.236      24683.852       1272.553
      56293.471      24664.915       1272.947
      59309.929      24935.742       1419.084
      59433.360      24464.230       1419.076
      58462.542      24554.525       1272.553
      60375.276      25151.447       1376.013
      61105.142      24663.881       1272.669
      62267.279      24952.085       1272.702
      63683.538      25077.871       1272.669
      65539.718      24307.058       1419.061
      64378.540      24812.591       1400.076
      66870.587      25009.334       1418.919
      66668.387      24411.360       1272.810
      67103.621      24507.777       1272.881
      67497.118      24446.261       1380.477
      68378.353      24667.953       1272.869
      69299.150      25203.009       1418.907
      67957.244      24902.468       1252.341
      71075.938      24694.944       1272.929
      71374.455      25180.139       1272.869
      73565.816      24668.207       1272.929
      72661.923      25058.815       1272.804
      74190.682      24784.161       1275.674
      74095.114      24646.934       1231.481
      73826.521      24983.101       1272.804
      75928.453      24997.036       1124.999
      76290.190      24444.587        972.898
      78020.184      24731.864        639.508
      78360.323      25211.094        538.782
       2110.375      26548.088        617.142
       2217.455      25984.828        810.235
       5634.521      25445.367       1294.375
       4120.219      26068.641       1185.246
       5587.136      26414.691       1298.071
       4062.421      25583.385       1000.798
       5966.289      26007.455       1378.770
       7903.151      26104.545       1330.917
       9687.914      25987.367       1414.845
       8755.060      25930.263       1405.940
      12893.800      25314.489       1272.700
      11966.684      26417.042       1272.700
      10438.684      26216.807       1272.700
      12668.639      26002.117       1419.149
      14258.571      25319.259       1419.170
      15372.614      25837.053       1347.573
      15022.900      25478.404       1272.883
      15690.620      26147.589       1272.723
      17193.993      25921.050       1360.888
      18089.776      25478.290       1419.136
      19312.318      25583.448       1272.834
      18097.377      26026.568       1419.144
      21242.919      27049.937       1272.835
      19381.342      26410.129       1272.834
      21252.338      26184.029       1272.834
      21302.421      25841.430       1367.480
      21407.696      25343.388       1272.719
      22277.962      26038.040       1252.052
      23364.233      25536.708       1272.736
      21743.162      26143.259       1272.719
      24403.652      26306.395       1266.329
      22499.739      26193.997       1272.736
      26918.876      25912.600       1392.171
      26747.199      25529.250       1272.766
      26078.605      25723.284       1306.190
      29829.905      25461.793       1272.766
      29308.024      26534.875       1272.766
      29850.261      26088.766       1419.214
      30890.106      25793.649       1419.223
      31348.014      25563.030       1419.247
      32985.574      26081.086       1376.082
      32383.622      26051.854       1304.140
      35153.466      25668.498       1294.677
      35473.376      26601.119       1419.239
      36400.597      25461.398       1419.238
      35902.305      26104.739       1374.785
      36773.399      25911.046       1419.307
      37832.377      25955.732       1419.246
      40297.849      26261.288       1274.139
      40194.227      25648.733       1274.139
      41125.590      25601.319       1386.738
      42106.016      26132.406       1418.993
      41151.136      25967.584       1418.993
      42997.153      25647.116       1272.594
      43681.001      25441.410       1419.061
      42602.856      26106.655       1398.381
      44610.387      25727.555       1272.594
      44949.350      25431.599       1272.710
      48158.806      25639.165       1272.710
      45911.616      25885.133       1272.594
      48979.090      25568.437       1346.313
      47859.592      25987.647       1418.999
      49272.168      25719.356       1272.909
      50247.306      25546.111       1419.140
      53223.936      26421.410       1419.071
      53193.352      25440.262       1419.071
      51555.121      25978.441       1271.707
      51177.609      25823.747       1325.210
      53871.971      26029.564       1414.555
      56506.806      25604.236       1272.947
      57152.556      26170.265       1385.084
      56105.070      26002.714       1418.788
      58320.224      26695.513       1272.639
      57565.809      26378.503       1272.553
      59346.055      25999.888       1272.553
      59639.554      25519.922       1272.553
      60274.090      25575.236       1272.702
      63613.745      25334.680       1272.702
      60897.076      25970.609       1272.713
      61760.582      26440.163       1272.702
      62281.370      26085.425       1254.349
      63255.406      25831.026       1419.078
      63857.635      25593.436       1272.848
      65004.122      27335.539       1272.810
      66495.704      25667.068       1272.810
      64318.300      26098.866       1272.848
      65744.496      26212.936       1272.810
      66389.737      26073.678       1365.283
      67283.026      26053.285       1374.904
      69620.018      25486.081       1272.881
      69781.259      25761.955       1272.752
      69966.806      26115.283       1392.565
      70807.721      25384.572       1419.188
      68846.650      25942.534       1419.172
      71823.426      26001.732       1419.165
      70835.360      26014.719       1419.218
      71986.039      25358.023       1272.804
      75281.362      26330.397       1272.804
      74358.789      25643.977       1268.594
      72276.815      26548.494       1272.804
      76180.015      25881.543       1202.354
      75751.704      26114.081       1237.253
      78375.298      25563.970        554.548
      77866.810      26277.932        721.622
       1582.533      27522.871        551.087
       2155.618      26879.132        686.295
       2568.892      27035.079        794.184
       4688.832      27281.573       1293.940
       5518.683      26579.810       1306.069
       4160.777      26508.600       1016.049
       6463.956      27120.171       1419.002
       5545.083      27037.511       1372.193
       7132.900      26493.676       1419.088
       8100.643      27363.383       1419.077
       8651.296      27028.284       1419.056
       7639.816      27015.393       1419.069
      10525.891      26982.573       1385.351
      11410.895      26626.092       1419.124
       9584.172      27085.494       1419.052
      11777.312      27300.464       1418.974
      12694.496      27075.374       1413.672
      11533.048      27066.655       1419.077
      13842.854      26718.574       1272.798
      15121.828      26361.964       1272.883
      16503.923      26420.591       1418.940
      17171.858      27093.342       1390.265
      18168.708      26541.396       1419.149
      18099.941      27054.983       1419.246
      16911.070      26599.866       1272.704
      20270.018      26969.218       1419.172
      19066.579      27127.071       1349.312
      21459.538      26845.030       1335.859
      22695.590      26992.290       1419.151
      21800.093      26807.335       1400.559
      23013.894      26401.736       1419.151
      24823.721      27161.686       1404.563
      23726.532      27239.405       1419.044
      26994.130      27267.423       1306.190
      27003.383      26302.496       1306.190
      28867.159      26600.807       1419.037
      27380.879      26883.468       1371.460
      29497.390      27254.741       1349.844
      28452.978      27098.365       1419.260
      30384.100      27960.259       1272.979
      30974.910      27542.916       1272.979
      31849.996      26474.501       1272.979
      29617.551      27504.701       1272.979
      31706.197      27098.335       1419.152
      32905.850      27062.896       1419.127
      33716.517      26552.605       1267.335
      33510.154      27087.374       1387.969
      35152.322      27147.630       1272.897
      33798.036      27450.883       1272.897
      37333.935      26598.754       1419.310
      35853.744      26926.873       1366.620
      39350.395      27198.970       1419.269
      39493.093      26516.527       1419.269
      38385.162      27224.558       1373.618
      38092.820      26752.693       1273.076
      40450.770      27071.954       1418.176
      40857.091      26567.584       1272.669
      41280.680      26517.699       1418.930
      42794.105      26727.927       1272.594
      43530.565      27172.364       1272.668
      46120.856      27366.522       1272.594
      46205.586      26693.186       1272.594
      46839.732      26648.581       1272.910
      47093.810      27155.415       1419.001
      46467.618      27098.838       1304.925
      49398.979      27350.677       1272.909
      50299.757      26645.893       1272.755
      51049.610      26300.950       1325.210
      53019.220      26565.163       1419.208
      53803.533      27112.431       1303.625
      54311.594      27048.911       1366.250
      54666.998      26512.534       1419.207
      53560.069      26830.352       1272.755
      55120.719      26844.285       1397.497
      55478.440      26627.079       1272.996
      56195.914      26443.422       1419.183
      57698.177      27157.340       1349.598
      57201.086      26838.338       1272.996
      60604.955      27504.635       1272.713
      61428.513      26678.957       1272.713
      59819.225      27679.450       1272.713
      59253.408      26834.672       1272.807
      61786.806      27488.124       1419.087
      61245.394      27272.338       1419.084
      62308.842      27088.208       1403.790
      62741.321      26932.976       1344.228
      64734.871      27475.813       1272.848
      66871.262      27030.722       1419.169
      66860.536      26420.533       1419.158
      65483.315      27047.555       1419.150
      68000.512      26602.116       1272.752
      67764.530      27010.456       1384.701
      70982.487      26732.677       1419.153
      70273.185      26900.881       1272.876
      69712.489      26894.175       1272.752
      72404.716      27250.914       1413.607
      72923.435      26619.110       1419.106
      73357.182      27150.264       1419.084
      74351.349      26842.923       1371.272
      74449.483      26508.510       1370.587
      75398.314      26921.378       1301.550
      75971.447      26529.769       1191.321
      76795.175      26665.614        923.214
      76793.648      26802.595        966.619
      77857.770      26635.182        630.408
      77305.456      27232.469        894.633
      79199.499      27353.711        411.087
       1983.913      28486.208        636.175
       1599.330      27935.606        527.773
       3076.446      28246.874        953.886
       4906.168      28255.861       1316.813
       5410.966      27896.072       1285.760
       6410.608      27656.014       1378.121
       4863.893      27755.231       1148.087
       7464.739      27987.187       1372.033
       8685.916      28602.732       1419.052
       9968.897      27561.787       1419.052
       9677.386      28091.234       1419.052
       8476.541      27999.928       1397.862
      10619.289      27988.413       1382.302
      13581.934      27435.594       1272.704
      13260.738      27968.430       1346.583
      13845.824      27846.299       1419.024
      12640.606      27774.569       1418.975
      15190.337      28403.376       1272.704
      16830.450      27649.371       1272.704
      17209.067      28662.372       1418.965
      18298.542      27669.515       1419.069
      17372.030      27940.129       1272.981
      19041.601      28338.394       1419.035
      19260.043      27820.714       1272.774
      20200.589      27482.631       1419.254
      21880.294      27843.144       1419.151
      21184.804      27555.916       1272.774
      23168.370      28019.430       1272.813
      23869.272      28193.235       1419.188
      23895.024      27704.549       1419.055
      22775.751      28028.129       1356.127
      26459.724      28136.457       1418.985
      25245.554      27955.846       1243.713
      26657.435      27542.690       1419.074
      24859.678      28207.070       1372.612
      27629.718      27616.276       1272.911
      28396.943      27614.817       1419.153
      29947.010      28046.558       1371.287
      31238.389      28273.556       1344.154
      32060.629      27745.225       1419.154
      31499.818      27875.526       1272.792
      34748.897      27448.958       1419.114
      33978.285      28155.325       1377.909
      34989.051      27840.658       1419.048
      35914.048      27880.747       1419.313
      38063.821      27745.291       1273.076
      39342.927      27780.172       1419.220
      38471.107      28235.553       1319.328
      37060.164      28241.807       1419.247
      40366.293      28067.635       1272.706
      40910.893      28109.111       1418.910
      40626.351      27744.614       1272.669
      44163.842      28451.631       1272.669
      44394.753      27651.237       1272.669
      41819.198      28292.108       1272.668
      45714.474      27558.060       1418.863
      44738.411      27963.992       1272.776
      46159.033      27692.419       1272.776
      46526.708      27966.203       1335.839
      48624.289      28106.551       1419.148
      47141.221      28013.820       1401.125
      48607.693      27604.687       1419.197
      50212.269      27904.921       1419.014
      49893.160      27605.513       1272.755
      49591.810      28118.736       1343.250
      53430.856      27512.731       1272.755
      53118.898      27810.090       1419.017
      53798.278      28098.016       1378.070
      54249.165      28115.739       1419.237
      57595.598      27647.867       1272.996
      54125.237      28532.701       1272.996
      57843.809      27940.282       1272.794
      56446.906      28313.442       1419.110
      58101.191      28034.791       1272.807
      60344.765      28738.673       1419.099
      61314.292      28291.860       1419.062
      63807.175      28038.622       1419.150
      62889.059      27737.200       1272.759
      63939.947      27536.401       1419.147
      62378.250      28107.611       1419.091
      65418.594      27561.677       1315.320
      64866.387      28156.479       1349.816
      66236.307      27902.114       1376.289
      66806.682      27544.825       1419.158
      67646.086      27911.776       1272.689
      68404.895      28175.513       1419.171
      68083.432      27539.776       1272.752
      68919.640      28320.006       1272.752
      69559.520      27362.101       1263.261
      70302.083      28095.369       1419.112
      69342.820      28073.843       1419.112
      72528.456      27706.080       1272.876
      72925.454      28292.729       1349.235
      73423.363      27667.927       1379.128
      71794.702      28298.093       1419.111
      74815.364      27705.523       1272.841
      75111.832      27871.987       1302.703
      77089.616      28333.894        917.002
      78956.312      28262.130        378.882
      79153.250      28266.244        401.043
       1776.146      29064.846        651.990
       2019.687      29507.894        793.267
       1856.851      28838.733        571.345
       3034.819      28668.853        853.551
       3066.017      29401.883       1068.554
       5228.022      28690.326       1285.760
       4594.003      28854.100       1255.104
       5568.252      29212.922       1285.760
       8052.945      29342.307       1285.760
       8135.114      28938.255       1395.291
      10615.153      29035.905       1377.625
      10256.512      29061.836       1360.817
       9336.223      29029.534       1419.012
      12084.543      28987.801       1419.041
      12148.493      28534.525       1419.066
      13995.782      28573.393       1419.045
      14141.252      29053.269       1419.041
      15645.036      29241.206       1418.937
      16666.377      29004.663       1415.587
      18861.455      29250.919       1272.981
      22038.360      28384.999       1272.774
      20821.002      29154.895       1272.774
      19360.349      29249.717       1272.774
      21804.724      28791.638       1419.008
      22533.214      28626.519       1272.813
      24986.026      29193.490       1407.617
      24255.491      28829.165       1272.813
      25426.311      29376.639       1272.943
      26817.095      29422.852       1272.943
      26808.123      28386.724       1272.943
      27444.056      28371.242       1272.911
      27388.251      29440.082       1272.911
      30926.542      28884.253       1419.145
      29901.657      28883.649       1419.146
      31594.522      28739.295       1272.792
      31689.827      29312.091       1272.792
      33475.506      29246.782       1272.792
      34961.200      29012.220       1419.064
      35698.248      28512.663       1419.070
      33939.325      29086.650       1393.743
      36789.978      29039.633       1419.144
      36374.237      28779.664       1272.913
      35969.826      28930.801       1393.820
      37173.303      28534.703       1419.315
      38566.297      28984.229       1272.901
      39109.224      29104.316       1418.958
      37934.764      29229.398       1419.204
      39703.063      29287.181       1272.966
      40080.326      28963.334       1272.715
      41969.493      29148.514       1418.966
      41378.877      28750.791       1272.706
      43735.190      29299.406       1418.900
      42644.019      28603.320       1272.776
      42342.627      29188.618       1383.069
      46328.086      28488.130       1272.776
      46184.954      29552.250       1272.776
      46551.437      29073.768       1398.081
      48551.706      28704.158       1419.147
      50079.780      29195.910       1419.082
      48725.230      29148.380       1419.147
      50608.077      28578.143       1419.083
      51635.975      28853.449       1272.851
      52295.500      29112.905       1418.994
      51079.098      29153.314       1419.082
      53150.160      28640.589       1419.014
      54445.449      29050.950       1419.304
      54545.958      28660.054       1419.238
      53338.944      29125.234       1408.112
      56447.159      28904.480       1419.155
      56130.858      28626.028       1272.795
      59059.669      28478.318       1272.850
      59643.193      29564.131       1272.795
      60905.596      29244.282       1419.043
      62979.490      29689.556       1272.759
      62041.192      29295.067       1272.759
      64415.028      28666.389       1272.759
      65237.795      29065.590       1399.152
      64355.222      29011.331       1349.044
      66752.222      28788.063       1272.689
      66195.398      28911.903       1419.166
      69570.265      28919.889       1419.232
      69625.941      28705.348       1419.111
      68639.388      28767.738       1272.689
      71711.877      29171.203       1419.110
      71881.570      28808.788       1419.111
      73084.740      30234.341       1272.841
      74755.150      28511.552       1272.841
      72953.533      29376.465       1272.841
      75335.684      28670.488       1256.846
      74920.225      29148.552       1385.244
      75159.198      28364.171       1124.000
      77327.438      28928.479        831.612
      77279.554      28743.078        783.595
      76271.438      29585.767       1073.088
      79191.888      28620.208        438.873
      78227.197      29284.744        701.897
        579.638      30139.405        306.207
       2555.305      30858.358        993.639
       2082.665      30364.328        869.028
       2935.250      29747.607        965.220
       4963.704      29402.989       1259.698
       4566.057      30407.361       1251.490
       2984.141      30075.234       1065.765
       5049.796      29922.624       1380.789
       6104.205      30004.038       1419.079
       5555.835      29426.435       1272.770
       8491.464      29824.323       1272.745
       7649.064      30093.878       1419.048
       9264.895      29573.419       1419.004
      10168.935      29924.612       1272.834
      10415.705      29826.360       1272.742
       9964.623      29836.272       1272.745
      12017.820      29472.384       1419.041
      13715.163      30025.251       1419.043
      14172.866      29609.566       1419.041
      12840.439      29520.061       1272.742
      14758.363      30249.035       1387.724
      16577.319      29517.829       1418.967
      15601.484      30311.317       1385.824
      16793.213      29882.506       1419.117
      17610.281      29964.653       1419.055
      17957.100      29393.767       1419.015
      19277.502      30591.019       1419.095
      19789.957      29973.089       1419.009
      20307.021      29900.505       1342.923
      21056.973      29715.029       1272.897
      21348.242      29398.189       1272.813
      20686.407      29898.706       1383.643
      23057.561      30335.606       1272.813
      25112.821      29657.215       1272.813
      22102.867      30112.671       1272.897
      26263.473      29647.752       1419.101
      25343.332      30229.391       1357.812
      23909.820      30310.303       1419.221
      28224.697      29522.447       1419.161
      26736.597      30105.492       1388.968
      29771.394      29989.812       1414.442
      29084.675      29620.642       1272.864
      29417.026      29982.156       1358.060
      30376.041      29445.941       1419.170
      31390.895      30234.195       1419.150
      31981.206      30030.524       1419.153
      30880.883      29914.425       1418.997
      32460.404      29504.529       1419.172
      34553.504      30077.674       1419.174
      34532.411      29481.355       1419.172
      33041.290      30088.712       1419.061
      35564.699      29996.311       1379.411
      37387.798      30626.610       1272.913
      35798.881      30354.895       1272.913
      37472.301      30307.807       1358.013
      37556.640      29989.176       1272.901
      39589.530      30231.906       1396.679
      39506.585      29833.205       1272.901
      41297.030      30506.461       1272.706
      42042.103      29766.813       1272.706
      39673.317      30632.261       1272.706
      43359.546      29705.625       1419.036
      41923.190      30278.742       1400.508
      44084.809      29780.106       1272.733
      44458.895      30220.373       1385.242
      45708.274      29678.144       1419.150
      46586.266      30062.087       1293.061
      47151.199      29694.018       1415.704
      45509.777      30268.019       1419.173
      48782.626      30071.803       1419.147
      48835.151      29565.312       1419.147
      47276.903      30043.701       1409.322
      49776.056      29961.566       1345.876
      53269.162      30141.622       1419.464
      52579.339      29757.423       1272.851
      55302.364      29764.484       1273.233
      55757.937      30170.796       1314.961
      56311.820      29646.680       1419.136
      54333.428      30408.344       1419.287
      56292.990      30006.215       1419.231
      57794.687      29664.064       1272.921
      57528.760      29932.421       1343.879
      58756.149      29560.748       1419.087
      60856.395      29582.586       1419.041
      61030.386      30255.084       1419.115
      59785.824      30078.077       1309.654
      59683.761      29887.127       1272.921
      62034.869      29662.756       1272.916
      61714.754      30025.013       1363.182
      65043.360      29429.640       1419.052
      64161.366      29623.936       1272.632
      63758.949      29598.264       1272.916
      66243.150      29960.074       1418.950
      66059.818      29488.440       1272.689
      65579.406      29746.175       1272.632
      68198.781      29700.071       1272.689
      70449.883      29503.390       1273.088
      67323.329      30588.142       1273.088
      69604.844      30071.202       1419.202
      70837.955      29755.247       1272.695
      71718.392      29486.801       1419.125
      72793.197      30015.974       1343.156
      72395.545      29685.352       1272.695
      74844.962      30190.206       1326.914
      75006.824      29747.455       1245.808
      73835.549      30121.059       1419.162
      76083.358      29800.224        972.836
      76023.880      30244.814       1135.342
      75197.112      30501.586       1248.830
      78077.911      29718.966        588.307
      77861.193      30159.840        718.780
       1928.896      31420.259        639.826
        544.816      30784.864        373.965
       6285.960      30608.198       1407.167
       4989.829      30981.322       1319.653
       7271.740      30674.703       1272.745
       6341.029      30912.936       1406.904
       7056.778      31013.115       1296.529
       9548.612      31214.618       1258.724
       7465.369      31289.281       1272.745
      11955.336      31363.335       1272.742
      12060.328      30538.668       1272.810
      10536.869      30988.281       1272.833
      13279.108      32186.243       1272.810
      14763.068      31257.338       1419.041
      14308.978      31041.769       1295.183
      15143.380      30726.725       1419.057
      16534.165      31593.667       1419.131
      16992.080      30710.464       1419.069
      16654.922      31085.066       1419.083
      18720.937      31181.900       1419.082
      18033.880      30949.294       1272.863
      20788.060      30910.123       1409.943
      19893.597      31065.901       1419.135
      22741.349      30681.732       1272.898
      24157.837      30708.496       1419.231
      22145.932      31036.903       1419.225
      22950.614      30953.752       1272.752
      24964.803      30891.016       1272.976
      25278.114      31017.235       1248.403
      26947.637      31331.325       1419.195
      26147.788      30835.474       1273.028
      29164.607      30544.010       1272.864
      28455.737      31219.452       1272.864
      27413.255      31568.411       1272.864
      29469.517      30838.072       1272.766
      30782.704      31086.382       1419.058
      32586.597      30941.305       1276.012
      31967.710      31126.323       1419.069
      33922.849      31314.315       1272.828
      35266.894      30589.502       1272.828
      36625.631      31174.933       1419.190
      36612.836      30707.166       1419.163
      35291.181      30871.817       1306.250
      37652.800      31289.658       1330.048
      37882.455      31523.527       1272.901
      39462.301      31325.592       1272.901
      40467.342      30810.084       1419.142
      40610.089      31127.921       1419.161
      41802.107      30716.455       1272.733
      42542.284      32164.810       1272.733
      43325.645      31575.634       1272.733
      42110.148      31063.057       1272.733
      44243.242      30780.853       1272.733
      45635.730      30617.604       1419.212
      45583.266      31269.991       1419.166
      44022.238      31337.490       1419.136
      46659.888      31063.910       1401.696
      48696.757      30521.780       1419.150
      48040.249      31091.368       1394.207
      47139.046      31145.944       1419.143
      51255.842      31415.816       1419.226
      49673.041      30783.694       1273.054
      50042.163      30455.108       1272.851
      48938.576      31148.757       1419.124
      51832.933      31465.881       1272.851
      53394.327      30666.522       1272.851
      53666.756      31235.642       1349.044
      54405.285      30675.080       1419.189
      54324.323      31050.732       1419.174
      53100.659      31068.484       1419.319
      55678.165      31118.148       1374.018
      56687.243      30505.628       1419.160
      57661.195      31011.498       1382.700
      57084.244      30966.261       1405.218
      60304.625      31012.082       1419.167
      59622.334      30932.693       1330.142
      60644.447      30520.221       1419.205
      62189.370      31020.904       1418.276
      61312.904      31067.441       1379.899
      64512.623      31462.717       1272.916
      63711.468      30520.674       1272.638
      66719.025      30738.203       1272.632
      66354.129      31338.703       1272.632
      67520.135      31115.651       1386.486
      68300.084      30519.979       1418.946
      66843.133      31097.146       1308.687
      69176.362      30660.951       1272.759
      68520.760      30922.922       1419.064
      69307.043      30414.179       1272.695
      71548.660      31510.018       1272.695
      72594.929      30497.901       1272.695
      70526.636      31163.605       1272.758
      73549.305      30569.051       1395.818
      72304.409      31148.052       1419.194
      74966.024      31199.896       1309.424
      74596.264      30891.560       1272.905
      76060.368      30656.576       1045.108
      75286.687      31363.579       1291.046
      77931.179      30713.913        626.436
      77148.162      31415.552        889.284
      79144.560      31373.870        410.767
       2155.774      32587.168        811.004
       2905.726      32703.551        861.417
       1969.784      31773.072        593.647
       2899.297      32320.216       1008.298
       5706.040      32060.356       1405.311
       6491.111      31398.694       1407.017
       5008.913      31971.926       1347.158
       8106.637      31903.064       1419.089
       6656.756      31965.374       1419.029
       8134.561      31379.473       1419.048
       9411.446      31447.068       1268.992
       9081.607      31902.702       1351.576
      10505.953      32156.132       1272.656
      11859.160      31592.441       1272.834
      12080.111      32650.098       1419.081
      12665.116      32047.254       1406.383
      11945.342      31808.720       1272.641
      14642.626      32049.868       1419.041
      13903.216      31941.857       1406.383
      16154.184      32124.197       1419.130
      17506.561      31642.547       1272.863
      17202.749      31889.573       1350.987
      20337.932      31575.645       1419.142
      19190.552      31926.649       1272.863
      21473.754      31627.774       1272.752
      21082.006      31701.058       1272.833
      24406.246      31590.934       1273.028
      22948.220      31988.994       1271.990
      27071.611      31848.488       1273.028
      24716.680      32332.838       1273.028
      26060.242      32630.967       1273.028
      27560.794      32153.705       1272.561
      27706.647      31867.453       1272.767
      26819.282      32387.022       1419.200
      31041.071      32497.779       1272.767
      29124.021      32394.010       1272.561
      31023.355      31660.896       1272.767
      31352.277      32133.959       1340.916
      33038.582      32240.681       1349.746
      33240.312      31587.719       1306.250
      31722.206      32287.896       1349.747
      34527.736      32199.022       1221.873
      36047.549      32536.618       1272.893
      37346.396      31753.341       1272.893
      38699.588      31625.255       1419.181
      38313.198      32079.539       1419.156
      37097.857      32166.827       1419.092
      39603.396      32074.490       1379.196
      40066.143      32108.847       1418.996
      40052.860      31491.988       1272.873
      42281.127      32249.953       1272.873
      40678.734      32630.804       1272.873
      43791.572      31761.212       1272.902
      42993.413      32166.141       1374.619
      44130.087      32212.668       1272.902
      45410.722      32278.674       1272.902
      46289.886      31687.636       1272.902
      47711.878      31649.488       1419.139
      46842.693      31933.133       1273.081
      46602.647      32035.246       1272.777
      48963.967      32118.713       1419.291
      48240.083      31877.236       1273.081
      51533.322      31754.585       1273.054
      51869.845      32240.050       1325.827
      52738.366      31767.466       1419.301
      50684.315      32207.082       1419.327
      53531.292      32316.412       1370.632
      54324.597      31716.170       1419.197
      54036.025      32520.218       1419.227
      56075.233      31578.942       1387.632
      56934.481      31699.740       1272.640
      56292.378      32075.789       1419.044
      58725.266      31494.817       1419.156
      57863.190      31857.949       1253.594
      59341.677      31573.833       1272.640
      61268.040      32209.302       1419.156
      61849.746      31512.812       1419.168
      60350.634      32087.532       1419.177
      62888.990      31740.633       1272.828
      62144.620      32162.903       1419.149
      63422.704      31528.870       1418.880
      64939.945      32743.884       1418.932
      65374.100      32324.390       1418.869
      65952.230      31531.102       1418.922
      64544.929      31875.177       1272.828
      67281.182      32140.589       1419.025
      66244.161      32153.608       1419.062
      68835.743      31998.748       1419.025
      68316.380      31552.998       1272.759
      71377.209      31804.741       1272.759
      71783.351      32399.998       1272.759
      71891.512      32143.846       1304.872
      74769.417      32399.435       1272.905
      72334.766      32293.561       1272.904
      74589.968      31679.134       1272.904
      75070.226      32120.685       1288.144
      77224.206      32200.322        914.302
      76752.662      32685.844        996.947
      79136.809      32001.757        394.291
      77920.980      32810.987        639.998
       1908.382      33439.279        580.869
       4674.707      33551.334       1201.303
       4731.817      32516.557       1196.645
       2971.024      33248.558       1068.305
       4846.771      33074.492       1359.104
       5533.568      32526.486       1388.582
       5483.417      33084.200       1419.013
       7534.470      33171.303       1390.766
       8087.478      32563.380       1419.083
       6907.712      32938.080       1272.782
       9528.106      33121.148       1419.075
       8583.096      32943.709       1418.852
       9367.831      32478.092       1272.641
      11749.378      33491.522       1272.641
      10213.101      33576.887       1272.641
      13156.423      33959.425       1406.383
      14300.733      32675.449       1406.383
      14757.374      32920.287       1272.743
      15225.745      32867.091       1272.526
      16025.162      32539.235       1419.141
      17680.886      33080.198       1419.123
      16931.781      32678.509       1272.526
      19882.621      33561.516       1272.863
      19352.924      32749.498       1272.863
      21159.491      33402.029       1272.833
      21446.065      32632.778       1272.833
      21612.101      33366.417       1272.752
      24187.340      32551.411       1272.752
      24880.738      33077.096       1392.277
      25377.326      32729.809       1419.243
      23993.219      33048.113       1418.987
      26241.548      33166.345       1257.433
      25753.357      33235.202       1383.133
      26660.705      33301.385       1265.824
      27697.620      33144.039       1272.629
      30637.770      32721.845       1418.999
      30061.568      33341.336       1413.052
      29314.873      33052.193       1272.561
      30941.292      33224.464       1419.121
      32310.401      32662.672       1419.187
      33360.150      33669.357       1419.186
      33898.369      33039.250       1419.009
      33957.532      32575.505       1411.189
      33051.204      32908.284       1272.879
      34832.066      32749.801       1272.702
      34630.045      32954.491       1342.046
      35314.196      32582.251       1419.067
      36591.444      32705.467       1272.923
      36083.634      33013.614       1272.702
      38097.969      33610.073       1272.923
      36997.616      33245.259       1272.923
      39153.950      32636.891       1272.924
      39978.764      32770.431       1349.423
      38857.475      33275.702       1419.034
      41811.583      32618.992       1419.094
      40149.361      33167.824       1318.818
      42445.836      33197.174       1419.096
      42220.370      32631.656       1272.766
      42941.580      33132.788       1419.105
      45461.656      33382.037       1272.850
      45336.754      32555.076       1272.850
      45860.903      32729.204       1272.777
      47786.612      34505.475       1273.081
      49199.028      32647.378       1273.081
      48499.327      33355.606       1273.081
      47141.992      33132.602       1270.651
      50703.065      32663.199       1419.324
      49134.043      33091.700       1381.049
      50008.339      33128.154       1418.916
      51874.547      33014.295       1272.799
      51324.257      33108.850       1418.968
      53353.515      33445.322       1273.063
      52240.576      33325.052       1259.982
      54135.126      32848.410       1419.026
      56251.812      33641.659       1419.051
      57236.618      33549.077       1419.080
      56134.455      32727.340       1272.640
      54239.013      33399.985       1419.058
      57864.436      33568.734       1272.640
      59410.473      32595.251       1272.640
      59234.862      33537.050       1419.205
      59783.646      33252.971       1396.036
      60645.381      32737.503       1419.191
      58788.859      33251.172       1419.215
      61881.839      32859.483       1272.828
      60700.919      33374.904       1419.194
      62717.467      33351.354       1272.878
      64748.457      33320.747       1272.828
      65816.900      33702.273       1419.068
      66342.222      33365.783       1419.053
      66876.674      32833.217       1419.084
      68791.690      32659.867       1419.016
      67379.301      33353.126       1419.006
      69411.023      32687.050       1272.772
      69761.252      32850.855       1289.752
      71224.238      32496.721       1419.155
      71896.084      33168.014       1418.928
      71770.316      32671.745       1289.752
      72863.525      33910.335       1419.193
      73590.572      33415.074       1419.186
      73399.295      32673.499       1385.422
      72310.341      33215.247       1418.929
      75334.111      32806.095       1215.486
      74489.908      33413.585       1380.192
      75534.985      32632.179       1252.195
      76746.927      32791.280        959.509
      76483.430      33271.032       1167.632
      77873.613      32882.323        608.843
      77824.745      33175.611        721.128
       2039.199      34434.735        596.711
       2165.167      34054.575        698.884
       4711.168      33630.585       1173.180
       4001.768      34451.868       1142.923
       3005.277      33874.111        853.943
       4618.089      33959.314       1301.408
       5393.424      34080.320       1419.014
       6813.407      34081.132       1272.633
       7628.792      33650.005       1272.782
       9305.716      33757.333       1418.874
      10992.129      33763.081       1419.035
       9723.048      33968.826       1272.596
      12532.596      34171.067       1418.974
      12160.760      34087.890       1310.857
      11704.216      33867.130       1272.778
      13302.898      34404.419       1272.743
      14795.838      33682.681       1272.576
      17961.788      33752.602       1272.526
      16738.802      34118.650       1224.727
      15244.901      34721.435       1272.526
      18752.939      34329.536       1419.177
      19221.559      33737.571       1419.123
      18012.325      33936.229       1272.830
      20783.447      33660.453       1389.083
      20401.009      33925.411       1272.676
      19660.507      34347.724       1419.155
      21882.259      34248.880       1418.911
      22235.639      33758.930       1418.984
      23323.438      34099.213       1272.623
      24564.844      33686.008       1418.988
      22714.175      34399.415       1382.109
      25086.715      33851.979       1272.623
      25895.988      34172.312       1419.140
      26919.117      33765.235       1272.637
      26812.177      34604.989       1272.561
      30234.418      33790.961       1272.561
      30869.640      33795.784       1272.879
      30559.751      34178.460       1288.421
      29913.275      34104.163       1418.796
      33175.428      34453.293       1272.879
      32364.532      35359.192       1272.879
      34851.319      33688.013       1272.702
      33928.775      34151.881       1418.942
      36442.871      34606.827       1278.917
      37907.537      33872.337       1278.917
      36085.393      34125.497       1243.805
      38147.727      34200.259       1272.775
      38486.103      34398.606       1365.022
      37316.620      34416.566       1419.006
      40358.067      34604.345       1318.819
      38975.971      34537.973       1318.819
      42082.757      33829.506       1272.766
      42483.436      34258.689       1287.538
      41514.595      34427.841       1419.082
      42979.305      34194.307       1370.811
      44575.731      33625.788       1419.106
      44736.208      34000.612       1419.106
      45993.208      33486.370       1236.681
      46589.149      34555.937       1272.777
      47581.838      34593.580       1272.777
      46129.129      34204.871       1272.873
      49447.546      33601.153       1418.919
      48275.703      34189.069       1419.179
      49096.081      34478.300       1418.948
      50864.805      33719.017       1272.799
      51495.728      35209.923       1272.800
      53273.176      33694.330       1272.800
      51316.896      34318.012       1272.685
      54000.318      34226.001       1419.135
      53244.199      34260.538       1416.588
      53906.882      33687.668       1272.795
      55673.704      34850.444       1272.876
      54747.318      34717.904       1272.794
      58289.334      34713.420       1419.197
      57267.514      34200.861       1404.356
      60157.989      33882.828       1272.878
      60780.746      34322.020       1419.196
      59290.295      34174.541       1387.752
      63303.497      34632.130       1272.878
      63419.885      33578.143       1272.878
      61770.745      34482.724       1256.098
      63658.474      34155.690       1394.568
      64390.288      33479.756       1402.714
      63946.160      33762.783       1272.820
      65420.011      33997.112       1409.322
      66445.100      34776.430       1419.051
      67369.114      34369.299       1419.018
      66319.155      34222.310       1389.834
      68769.621      35208.560       1272.772
      69750.971      34548.943       1272.772
      69320.436      33692.332       1272.772
      70019.610      34343.772       1279.979
      71334.716      33829.725       1289.752
      72309.875      34245.377       1419.024
      74264.783      34159.546       1272.987
      74421.066      34040.892       1283.881
      74330.591      33877.433       1233.698
      73510.793      34243.550       1419.396
      76062.029      34455.020       1137.308
      76355.407      33816.969        984.042
      77795.747      33454.729        622.307
      77228.940      34055.381        907.358
      79435.106      34291.997        320.658
       1867.776      35863.494        600.923
       2037.905      35286.354        818.911
       3780.922      35769.711        960.524
       4584.716      35140.441       1272.810
       5539.053      34559.338       1317.295
       4117.185      35026.335       1199.514
       5977.998      34942.310       1303.501
       6417.189      35105.896       1419.040
       5779.290      34796.274       1272.810
       6287.499      34598.899       1272.596
       7316.436      36269.679       1272.596
       8187.039      36002.869       1272.668
       9651.611      34716.149       1272.672
       9090.467      35643.938       1272.596
       7125.455      35491.646       1272.596
      12021.952      34492.688       1272.778
       9558.480      35578.815       1272.778
      11852.777      34967.946       1419.029
      12524.399      34725.311       1272.992
      13758.927      34731.823       1418.980
      15321.046      34873.502       1272.830
      14720.752      35075.291       1272.992
      15269.711      35586.243       1272.830
      18911.529      34842.736       1272.830
      19535.829      34823.836       1272.676
      20230.254      35330.405       1419.282
      18607.505      35223.684       1419.066
      21181.103      35450.410       1272.676
      22312.993      35205.808       1272.987
      22760.780      35423.594       1406.305
      22679.859      34892.713       1272.623
      21786.385      35335.502       1418.909
      24335.660      35870.266       1272.622
      26217.721      34784.104       1272.623
      23405.236      35753.595       1272.623
      25153.140      35631.311       1272.623
      27453.389      35357.696       1419.152
      26316.874      35364.431       1396.459
      25957.548      35308.230       1419.212
      27234.286      34749.830       1418.795
      29872.074      34602.373       1418.795
      29715.509      35349.006       1418.848
      28444.734      35341.141       1387.205
      30452.169      35104.518       1372.393
      31823.268      35105.694       1419.110
      30790.005      35103.265       1419.119
      33749.113      34619.529       1272.702
      34534.696      35720.610       1272.702
      36170.115      35605.523       1272.702
      36667.174      35098.112       1272.775
      39590.361      35235.696       1419.025
      39684.286      34922.093       1419.006
      38728.958      35264.786       1289.605
      40929.110      35074.086       1272.830
      41607.715      34772.991       1419.070
      43139.803      34569.185       1366.964
      43557.347      35645.655       1419.147
      43457.646      34738.584       1272.830
      44017.618      34588.133       1272.873
      45785.846      36292.409       1272.873
      46139.731      35222.780       1234.108
      44936.918      35682.070       1272.873
      47791.710      35880.305       1419.187
      48035.706      35041.146       1272.940
      47531.165      34993.304       1272.721
      49146.555      35361.490       1419.176
      48802.253      34812.896       1272.686
      50019.496      35667.352       1272.685
      52903.091      35941.316       1419.151
      53708.092      34900.236       1419.124
      53333.860      35343.938       1399.828
      52254.260      35148.005       1419.033
      54143.279      35382.391       1373.145
      54768.005      35135.904       1272.876
      57996.147      35172.680       1419.173
      56679.429      34841.084       1275.421
      56494.585      34771.408       1272.876
      58735.289      34999.586       1358.050
      60715.829      35575.685       1272.936
      61405.126      34723.757       1272.936
      59553.390      36107.478       1272.936
      62652.753      34770.657       1419.094
      61334.213      35275.852       1400.175
      63779.683      35126.541       1300.981
      63290.021      34914.963       1272.837
      65798.232      35465.404       1272.820
      67951.364      35215.977       1291.491
      68408.051      35170.596       1382.512
      66969.581      35259.838       1419.051
      70719.460      35123.326       1419.053
      70352.642      34622.453       1271.861
      69481.980      35084.738       1415.197
      72589.945      34588.979       1272.698
      73387.957      35103.395       1415.550
      72391.152      35079.320       1418.947
      74375.405      35164.509       1273.013
      76254.368      35104.913       1111.079
      75484.874      35288.166       1227.050
      77082.943      34685.542        778.107
      76776.096      35335.351        932.604
      79181.615      35333.334        383.166
       1923.930      36215.159        707.283
       1902.337      35892.581        585.030
       3697.539      35840.604        983.496
       4009.675      36561.851       1191.827
       4598.461      35816.292       1191.465
       4598.729      36270.740       1199.898
       5882.025      37259.629       1332.248
       6805.516      36254.422       1332.248
       5548.033      35976.674       1278.211
       7016.626      36111.229       1330.555
       9505.710      36103.946       1272.719
      10246.734      35763.872       1419.029
      10176.918      36232.263       1419.033
       9107.700      36026.742       1272.750
      11070.417      36172.628       1332.112
      12683.457      36408.487       1419.087
      11459.435      35716.466       1272.992
      14673.539      35753.496       1272.992
      13927.561      36352.875       1418.998
      16176.967      35815.039       1419.065
      18518.851      36453.310       1419.087
      17679.533      35887.708       1272.943
      16314.189      36293.960       1419.064
      20634.683      36506.067       1272.943
      20915.825      35785.077       1272.943
      21456.526      35992.952       1272.987
      23136.555      37037.082       1419.221
      22892.346      36131.182       1272.987
      25398.287      36757.532       1419.240
      25789.644      36326.539       1390.446
      25112.373      36026.986       1272.794
      27234.756      35960.249       1419.206
      29354.232      35812.346       1419.145
      28131.989      36164.704       1272.974
      28261.740      36375.899       1317.842
      30781.499      36245.524       1419.119
      30107.303      35893.143       1272.861
      32969.125      36296.904       1419.147
      31814.671      36248.112       1419.118
      33365.743      35819.883       1419.114
      34361.950      36281.173       1272.897
      34883.668      36465.052       1419.146
      35027.830      35937.405       1418.967
      33931.983      36440.719       1388.562
      36297.733      36767.799       1418.945
      35877.488      36427.671       1417.159
      36632.965      35842.867       1272.775
      36907.997      36276.324       1419.005
      39250.979      36371.062       1419.007
      39588.967      35598.572       1419.018
      38113.150      36145.706       1419.007
      41031.396      36131.842       1419.060
      40768.627      35591.384       1272.830
      40004.705      36337.643       1419.037
      45297.158      37044.555       1419.179
      44257.521      36716.434       1419.093
      45265.522      36263.946       1398.048
      44066.448      36336.773       1419.106
      47573.183      36695.523       1272.721
      46002.634      36357.224       1272.721
      49613.259      36516.158       1272.940
      47981.261      36686.680       1272.940
      50619.077      36215.256       1419.176
      50489.363      35742.929       1418.992
      52409.688      36498.076       1418.973
      51423.429      36022.300       1343.158
      54182.909      36183.707       1360.302
      53338.561      36407.703       1419.151
      56568.465      37324.531       1272.876
      56636.153      36345.423       1272.876
      54866.873      36371.892       1272.876
      58405.204      35572.141       1275.421
      57824.796      36015.614       1419.182
      58676.665      36194.865       1402.525
      59028.527      35965.083       1349.922
      60962.974      36939.364       1419.097
      61366.614      36322.591       1408.740
      60499.370      36064.843       1349.922
      63659.060      35494.332       1272.837
      65011.032      35566.367       1419.095
      64144.812      35737.185       1272.838
      64001.139      35979.326       1347.685
      62882.591      36156.560       1419.115
      66865.626      36080.525       1419.051
      67027.554      35623.062       1419.068
      65829.512      35901.813       1272.838
      67847.396      36036.590       1336.578
      68212.104      35825.423       1272.785
      68901.628      35806.896       1272.785
      70368.249      36339.917       1419.111
      70655.848      35666.990       1419.015
      72439.128      36440.872       1418.950
      73171.120      35643.524       1419.022
      71259.895      36292.308       1413.060
      73470.050      36172.412       1419.068
      74245.960      35968.823       1353.656
      74187.115      35609.716       1272.987
      75318.958      35629.651       1167.544
      74930.035      36183.647       1228.273
      76826.760      35804.195        936.661
      75086.738      36429.669       1187.338
      79016.792      35946.795        442.714
      77429.812      36698.062        765.720
      79124.301      35542.593        339.109
      79476.082      36384.960        325.367
       1892.710      37526.205        580.975
       1920.938      37411.719        620.117
       4006.886      37249.763       1131.198
       4532.213      36741.421       1217.394
       5454.315      37563.651       1316.555
       7594.537      37115.992       1418.980
       6512.757      37143.549       1419.041
       9153.179      36874.240       1272.719
       8449.966      37190.687       1400.634
      12620.986      36681.563       1418.967
      14019.359      36700.722       1419.033
      13764.998      37349.271       1419.235
      12770.633      37131.878       1419.004
      15477.858      36945.253       1273.037
      14652.259      37458.063       1419.009
      16624.771      36865.416       1419.102
      18264.230      36858.633       1419.194
      17798.157      37349.678       1370.690
      17157.783      37183.968       1273.037
      19595.379      37154.408       1379.248
      18681.227      37252.740       1410.298
      20094.165      36714.030       1419.217
      21165.234      37255.605       1381.697
      20542.561      37106.557       1405.926
      24266.642      38204.633       1272.794
      25186.407      37440.143       1272.794
      23335.471      37584.454       1272.794
      26297.722      37710.147       1419.232
      26768.899      37401.905       1419.223
      26516.097      36835.443       1272.974
      25807.772      37229.689       1373.952
      27894.765      36834.385       1249.971
      27729.761      37424.605       1419.183
      28663.081      37258.535       1414.550
      30907.799      36813.399       1272.861
      31302.864      37129.926       1272.846
      32381.241      36868.832       1419.179
      30200.477      37269.532       1419.150
      33767.879      37136.009       1272.897
      33243.479      37046.226       1272.846
      35453.844      37850.999       1419.161
      35858.242      37306.372       1357.896
      37476.276      36981.732       1272.679
      38120.344      37325.465       1419.009
      38959.900      36853.084       1419.015
      36888.748      37155.152       1419.007
      40637.066      37365.146       1419.133
      40632.874      36818.624       1419.131
      39126.486      37389.251       1415.557
      42512.473      36725.118       1419.122
      42516.589      37271.606       1419.138
      43602.698      37135.776       1313.541
      46795.481      36773.100       1419.250
      45715.419      37144.662       1358.785
      48245.759      37750.464       1419.184
      48730.084      37344.729       1419.214
      48813.681      36835.598       1419.187
      47119.908      37335.679       1419.179
      50637.078      36629.659       1419.176
      51629.751      37191.950       1418.168
      50553.235      37138.841       1419.217
      52168.291      36756.682       1419.158
      53752.003      36765.396       1419.151
      53520.283      37327.653       1419.074
      54542.126      37201.433       1404.706
      55664.665      37069.688       1419.120
      57406.939      36999.672       1419.106
      57771.841      36670.227       1419.121
      56826.569      37044.467       1365.866
      58259.110      37179.021       1339.099
      58959.137      36776.204       1281.967
      60543.220      37348.356       1349.922
      62688.944      37290.585       1419.080
      62906.969      36670.086       1419.139
      61756.780      37099.275       1247.713
      61380.603      37243.315       1368.361
      63807.665      37113.064       1402.799
      64886.305      38223.849       1272.838
      65765.058      36620.510       1272.838
      66907.213      37008.690       1419.092
      65851.406      37135.691       1402.562
      66875.825      36504.381       1419.057
      67716.806      36998.349       1344.275
      70538.429      36804.361       1272.785
      67994.627      37300.170       1272.785
      71488.029      37346.712       1419.319
      71553.553      36865.235       1419.115
      70224.664      37146.449       1419.018
      73498.757      36808.115       1361.798
      72539.503      37380.720       1391.978
      75234.452      37042.404       1322.299
      75030.240      37376.590       1353.804
      74431.032      37232.057       1352.778
      76762.142      38529.570        975.858
      77483.588      37399.488        820.822
      79026.741      37991.183        519.044
      79468.518      37177.348        301.947
        850.620      38449.462        399.233
       1844.105      37652.359        625.246
       2853.613      38559.015        940.457
       3803.476      37664.620        984.910
       5540.663      37722.634       1270.284
       3963.567      38288.720       1202.263
       3773.180      37866.352       1044.937
       6043.522      38287.011       1375.343
       5592.051      38323.277       1398.212
       6934.400      37705.240       1419.042
       5553.582      37921.125       1286.137
       8135.051      38332.195       1405.574
       6819.666      38458.675       1418.984
       8335.170      37669.410       1272.719
      11876.125      38674.167       1272.719
      11859.697      37601.545       1272.719
      10278.866      38605.408       1272.719
       8519.625      38810.563       1272.719
      13523.933      37864.105       1418.996
      15248.629      38443.836       1419.310
      14529.274      37996.929       1273.037
      13563.316      38266.539       1419.092
      17898.290      37784.867       1273.037
      18404.188      38001.045       1272.852
      16888.685      38530.776       1419.215
      19275.232      37629.718       1419.218
      20732.613      38086.127       1419.231
      19879.355      37819.973       1272.852
      22204.243      37831.744       1419.225
      23325.236      38251.053       1334.410
      22270.284      38221.899       1419.235
      23692.027      38170.844       1408.689
      25906.323      38141.124       1413.996
      25299.939      38617.927       1419.247
      28256.345      37862.065       1419.211
      27316.159      38356.706       1181.493
      26867.572      38313.494       1366.663
      28233.738      38213.628       1419.211
      29235.823      38031.902       1272.833
      29493.019      37733.803       1272.846
      33159.755      38615.896       1272.846
      33321.214      37655.192       1272.846
      30426.900      38295.147       1272.846
      33543.675      38188.496       1369.511
      34250.020      39452.412       1272.897
      35873.762      38191.759       1410.764
      38882.775      38208.579       1330.287
      38470.556      39113.867       1419.247
      38325.500      37998.127       1272.679
      40428.250      38769.397       1272.894
      41302.535      37763.057       1272.894
      42707.291      37651.543       1419.077
      42125.943      38322.537       1419.061
      41132.009      38396.404       1419.127
      43212.375      38186.613       1419.066
      44913.604      37615.821       1419.178
      45705.873      38204.792       1354.840
      45018.870      38034.583       1419.062
      47014.032      37630.518       1367.791
      48139.919      38045.313       1419.178
      50753.926      37806.616       1419.218
      50199.865      38371.239       1419.190
      49193.676      38159.160       1392.998
      51276.340      38424.596       1419.155
      52191.073      38232.285       1349.420
      53335.483      38652.783       1272.921
      54170.784      37821.718       1272.921
      54586.115      38779.107       1419.021
      55610.626      37729.977       1419.083
      54004.640      38387.167       1419.015
      56507.982      37824.186       1272.785
      57169.167      38121.663       1411.928
      57749.705      38076.941       1375.442
      59525.643      38490.310       1272.811
      60656.075      37659.992       1272.811
      60935.289      38295.040       1403.029
      60360.056      38179.194       1419.331
      61884.565      39343.103       1273.080
      62595.015      38778.089       1273.080
      63270.178      37730.930       1273.080
      64238.600      38138.325       1419.082
      63168.476      38422.938       1419.087
      67103.075      37627.744       1402.562
      66129.060      38437.285       1402.562
      67178.783      38193.986       1419.084
      68218.792      37694.470       1345.536
      69009.554      37880.782       1273.079
      68873.988      38342.603       1339.130
      69310.782      38250.164       1419.055
      68415.367      38049.607       1272.825
      70872.035      39446.403       1273.079
      70181.730      38414.492       1273.079
      71622.907      38667.057       1273.079
      72759.574      38137.989       1419.166
      72818.970      37793.194       1419.150
      71978.301      38378.153       1360.424
      74419.896      38235.575       1385.252
      74086.238      38193.196       1348.171
      75402.048      37902.230       1247.798
      75998.977      38445.633       1243.451
      76248.609      38183.675       1196.213
      75196.500      38533.134       1318.118
      77842.050      38300.075        842.300
      77942.841      37841.558        690.370
      76815.802      38552.603        979.275
      79165.553      38417.301        390.397
        802.509      39366.880        371.306
       1181.681      39168.677        381.253
       3198.462      39547.653        929.302
       3188.728      39010.274        739.914
       4760.389      39379.216       1256.539
       3901.965      39059.090       1073.819
       7243.945      38913.587       1419.162
       7133.224      39204.019       1419.146
       5692.724      39175.305       1394.638
       9258.497      38954.962       1419.161
       8461.641      39204.808       1266.194
       9747.448      39889.313       1419.144
      10763.431      39369.614       1407.524
      10962.842      38897.697       1419.008
      12545.425      39320.924       1387.714
      13501.725      38762.570       1419.046
      11701.614      39334.774       1399.968
      14761.571      39153.726       1419.223
      13575.102      39251.637       1419.240
      15243.575      38801.808       1419.303
      16985.102      38931.206       1419.155
      16796.180      39386.216       1419.305
      15805.211      39239.672       1379.559
      17860.129      39462.107       1419.083
      18895.476      39520.788       1404.574
      19276.806      39708.190       1271.479
      21107.407      38680.338       1272.852
      19784.274      39447.173       1272.852
      21774.162      39169.434       1399.503
      21221.083      38873.056       1272.801
      22476.161      38654.493       1419.242
      23874.283      39338.349       1419.177
      23408.697      38978.366       1272.942
      22829.194      39198.738       1419.191
      24724.159      39049.640       1418.585
      26775.854      39176.145       1408.388
      25789.934      39098.806       1419.210
      27612.116      38716.682       1272.834
      27224.384      39219.311       1348.487
      28664.221      39458.191       1272.907
      30983.029      38964.156       1272.834
      31811.493      39484.709       1419.173
      32389.394      38875.618       1419.203
      30765.388      39473.606       1419.082
      33822.197      39258.905       1392.519
      32884.861      39357.705       1419.258
      36068.709      39210.909       1419.128
      35786.673      38708.278       1272.679
      34832.660      39251.579       1419.131
      38196.621      39589.042       1272.679
      36836.582      39415.307       1272.679
      40199.967      40375.662       1330.287
      40336.416      39486.674       1330.287
      38734.148      39509.683       1330.287
      41636.967      38931.366       1419.134
      41645.613      39315.463       1419.169
      43140.774      38849.752       1346.038
      45091.643      38766.824       1419.065
      46103.496      39356.134       1419.053
      45185.725      39284.388       1419.194
      46106.715      38772.297       1272.947
      46853.849      40337.286       1272.947
      46647.237      39778.706       1272.947
      48670.964      39204.453       1396.375
      49715.733      38777.165       1419.182
      51637.008      38796.963       1419.190
      51680.654      39329.908       1419.157
      49677.191      39416.654       1419.196
      52610.224      39142.558       1358.244
      53036.268      38758.445       1345.744
      53703.836      40125.872       1419.041
      57286.394      38652.624       1272.785
      59047.460      38695.398       1419.088
      57730.837      39205.422       1370.730
      57125.456      39193.221       1419.048
      59781.506      39316.129       1379.957
      59134.583      39058.321       1419.046
      60846.126      39649.147       1419.111
      61410.465      39305.606       1390.138
      60374.305      39416.721       1419.159
      63197.817      39597.639       1419.095
      63461.315      39258.037       1419.128
      63552.001      38848.538       1419.238
      62363.973      39339.874       1359.251
      64912.389      39167.760       1390.440
      65747.971      38714.258       1419.101
      65773.358      39339.247       1419.093
      68258.852      39243.827       1272.825
      66999.089      39463.052       1272.825
      69016.371      39114.771       1272.770
      70399.622      39189.963       1419.056
      69738.344      38867.433       1272.770
      72531.731      38840.948       1419.265
      71351.548      39335.607       1398.968
      74020.805      39022.532       1272.834
      73735.568      38858.823       1273.092
      75009.250      40122.022       1385.252
      75099.516      39141.149       1238.329
      76452.255      39207.522       1201.599
      79204.497      38848.232        434.372
      78271.375      39376.567        654.603
       1906.480      40847.584        647.610
        783.331      39998.916        408.752
       3050.630      40573.686        971.756
       2834.546      40282.801        913.070
       5156.556      40124.214       1338.953
       5410.042      39671.550       1272.911
       7718.015      39620.198       1272.911
       5535.709      40414.902       1272.911
       7496.721      40137.820       1419.146
       8632.085      40210.999       1419.133
      11591.288      40237.320       1355.264
       9854.886      40535.909       1419.121
      12251.457      39799.123       1418.968
      12991.058      40103.410       1272.808
      13448.887      40247.166       1410.760
      12435.274      40222.932       1409.552
      14635.151      40149.413       1419.246
      15778.176      40255.752       1419.268
      16603.969      39775.930       1419.227
      17894.099      40238.098       1419.114
      17993.521      39924.671       1419.036
      16797.216      40365.464       1419.267
      21809.718      39743.082       1272.801
      21003.972      40665.543       1272.801
      19342.147      40763.528       1272.801
      22682.019      40345.143       1419.182
      21699.560      40267.492       1419.002
      23196.573      40660.022       1272.942
      24260.759      40475.713       1336.491
      23727.381      40484.853       1416.957
      25268.354      40613.822       1419.173
      25766.570      40314.413       1419.173
      24743.891      40267.056       1419.172
      26169.644      39653.174       1419.248
      27672.578      40372.959       1419.231
      26791.460      40327.920       1419.102
      29911.609      39943.885       1272.980
      28194.017      40718.052       1272.980
      30390.422      40483.213       1366.347
      29218.949      40490.433       1419.135
      31622.125      39957.121       1419.087
      33017.533      39890.769       1419.194
      32881.373      40384.163       1419.241
      31687.890      40342.508       1419.246
      34228.860      40084.495       1272.975
      33818.535      40285.905       1396.763
      36037.038      40326.449       1419.130
      35191.235      39903.688       1272.975
      37700.669      39775.107       1419.170
      36942.615      39848.750       1273.016
      36678.118      40343.785       1403.171
      39409.976      40311.579       1419.262
      40995.054      39918.259       1272.822
      41529.098      39757.795       1419.143
      40576.434      40264.341       1359.870
      43580.962      40315.935       1419.111
      43604.693      39809.914       1419.127
      45507.136      39927.592       1419.121
      44557.078      40344.476       1344.765
      45030.338      40370.295       1417.655
      45957.053      40459.271       1400.160
      49666.085      39932.492       1419.193
      48671.507      40047.378       1230.002
      47986.771      40113.508       1419.081
      51684.258      39851.149       1419.139
      50394.467      40113.388       1272.972
      50734.743      40481.382       1327.582
      52427.471      39890.077       1272.904
      53312.636      40323.445       1419.054
      55664.996      39718.873       1419.018
      55300.893      40160.464       1419.023
      54238.651      40266.537       1419.065
      56281.224      40182.941       1370.020
      58387.755      40202.868       1414.428
      57822.765      41370.361       1419.025
      57178.790      40180.138       1419.017
      58836.887      39839.520       1419.103
      59367.322      40276.481       1372.247
      62285.421      39802.255       1299.500
      61415.769      40140.121       1419.046
      62715.084      40640.904       1419.103
      63249.276      40300.172       1419.176
      65880.721      39761.257       1419.092
      64451.556      40257.593       1408.598
      66908.725      40373.904       1399.711
      66538.367      39872.121       1272.841
      67141.006      39765.256       1272.770
      70550.166      39797.923       1272.770
      67272.322      40863.620       1272.770
      70363.516      40246.548       1417.689
      71187.231      39779.593       1273.092
      71791.397      41538.918       1273.092
      72828.897      40511.952       1273.092
      72711.102      39894.367       1272.884
      70952.922      40628.931       1273.092
      73820.014      41358.318       1272.834
      74834.122      40572.218       1272.834
      76349.558      40141.938       1084.550
      75357.556      40590.365       1231.924
      77845.161      40693.853        750.072
      78215.391      39953.938        572.007
      76795.143      40738.709        835.831
       1576.840      41530.235        532.388
       1995.875      41074.809        610.009
       2984.650      40789.123        900.648
       3670.022      41446.933       1177.203
       5045.682      40640.600       1227.326
       5437.876      40919.668       1272.739
       6281.488      40674.915       1411.543
       5061.471      40839.339       1256.108
       7094.295      41181.040       1339.058
       6765.271      40959.877       1272.739
       8096.038      40781.521       1419.163
       9930.157      40829.183       1418.914
       9513.060      41003.440       1272.683
       9066.094      41443.940       1385.362
       8581.589      41114.076       1418.972
      11699.243      40890.147       1272.683
      12162.304      40866.250       1272.807
      14163.106      41308.424       1395.842
      15089.919      40813.244       1419.281
      13762.132      40966.378       1272.807
      16480.825      40859.441       1248.529
      15615.803      41249.343       1419.091
      16647.034      41245.396       1270.533
      17576.012      41213.079       1272.779
      18779.333      40927.220       1273.186
      19782.403      41516.198       1419.061
      20145.333      40944.651       1419.081
      18886.378      41207.201       1272.738
      22504.028      40956.984       1419.092
      20831.390      41493.387       1410.261
      22933.099      41072.713       1272.765
      23242.274      41504.637       1353.068
      24238.424      42019.216       1419.105
      23775.788      41495.677       1419.076
      27278.601      41045.094       1419.132
      26784.352      41379.477       1358.937
      28516.213      41116.713       1272.901
      29378.538      41029.832       1419.153
      27712.802      41371.439       1379.531
      30863.398      40962.669       1273.011
      31763.385      41420.228       1419.242
      33865.531      41313.334       1404.816
      33702.486      40869.555       1253.809
      32944.107      41224.348       1400.361
      34979.486      41275.291       1272.828
      36368.636      41005.484       1272.975
      37003.244      40948.059       1273.016
      37781.218      41466.462       1419.147
      40103.575      40775.488       1273.016
      41011.611      41413.845       1419.139
      40740.291      40817.651       1272.822
      39141.139      41398.739       1419.262
      42592.326      42424.934       1272.822
      43539.314      41781.053       1272.822
      44215.168      40873.633       1272.822
      41820.425      41808.867       1272.822
      44158.683      41418.195       1411.529
      45006.683      40876.232       1332.296
      45845.243      41211.914       1334.175
      46108.996      40768.524       1397.155
      47125.782      41217.435       1418.928
      47057.475      40629.708       1272.972
      49336.045      41690.213       1272.972
      50454.651      40887.816       1272.972
      47801.295      41671.902       1272.972
      51091.578      41386.941       1361.427
      50125.518      41457.994       1419.137
      53049.442      41433.552       1272.940
      53490.184      40789.621       1272.904
      54409.606      41174.488       1419.159
      54504.224      40753.789       1419.076
      55779.791      41265.146       1401.835
      57344.295      41545.904       1419.116
      56071.776      41250.237       1419.070
      59163.363      40842.519       1272.798
      59616.382      40682.609       1419.100
      58363.251      41354.374       1419.373
      61085.126      40769.014       1273.005
      62590.523      41457.507       1273.005
      61411.476      41271.876       1272.797
      63939.315      41040.377       1272.761
      64438.324      41345.899       1419.075
      63391.674      41202.395       1419.073
      65736.439      41186.015       1272.939
      66677.073      40977.605       1272.841
      67453.005      41898.607       1419.195
      67689.009      40941.165       1419.101
      67584.756      41391.676       1419.059
      69386.620      40766.746       1332.333
      70015.046      42250.266       1419.003
      70483.437      41264.394       1419.088
      69268.860      41405.251       1419.004
      71250.952      41365.569       1419.002
      70856.479      41272.528       1332.953
      73393.172      41202.204       1372.849
      72410.704      41288.007       1419.171
      75172.681      40799.786       1132.805
      74556.980      41195.844       1393.438
      75208.589      40785.055       1144.415
      76452.327      41242.521       1018.874
      78157.170      41538.430        571.595
       2071.180      43186.634        782.315
       1565.255      41944.516        546.577
       4852.262      42481.084       1238.876
       5380.176      41901.343       1251.998
       3699.326      42303.238       1177.688
       7031.095      42576.016       1272.739
       7263.451      42201.929       1360.882
       7405.056      41919.959       1272.792
       8064.653      41844.009       1419.053
       8959.477      42572.201       1358.344
       9287.238      42413.822       1358.474
       9215.984      41986.122       1272.683
      11060.141      43633.080       1272.683
      12109.839      42853.830       1272.683
      10280.648      42651.468       1272.683
      12502.138      41746.761       1272.683
      12518.687      42802.490       1272.807
      14698.150      41887.410       1273.033
      15331.150      42308.516       1419.082
      14211.666      42304.129       1314.603
      16902.751      41826.143       1272.774
      16259.514      42429.436       1257.082
      20150.026      42043.895       1272.738
      16578.920      42588.536       1272.738
      19422.569      42448.590       1419.009
      20477.609      42357.083       1262.411
      21796.312      42197.606       1272.800
      20841.149      42325.368       1272.765
      22934.430      41970.980       1272.765
      23710.139      42556.227       1418.523
      26286.365      41679.081       1419.172
      24763.008      42366.057       1419.095
      27237.740      42360.697       1402.007
      26936.729      41854.982       1272.846
      27832.185      42524.265       1419.135
      28719.388      41965.079       1272.901
      28963.447      42490.105       1419.130
      29693.715      42680.308       1272.901
      31212.860      42427.914       1272.901
      32128.128      41637.532       1272.901
      32454.888      41962.778       1272.867
      32864.556      42205.183       1419.098
      31952.370      42139.206       1419.131
      33368.256      41733.167       1419.253
      34843.743      42249.374       1419.066
      34608.185      41829.458       1272.784
      33817.379      42336.160       1418.448
      38107.628      41762.449       1272.784
      35679.631      42506.791       1272.784
      38951.913      42200.533       1419.120
      38536.293      42182.130       1325.609
      37808.215      42068.827       1419.034
      38743.971      41747.250       1272.889
      39900.423      42606.318       1272.888
      41023.490      42419.582       1415.592
      44116.607      42525.441       1393.639
      43187.300      42365.080       1419.129
      44540.241      42703.872       1293.219
      45822.154      41715.228       1293.219
      47122.483      41830.499       1330.503
      46755.567      42191.062       1272.668
      48782.741      41949.986       1418.903
      47869.895      42054.708       1272.888
      50447.781      41903.292       1419.155
      50063.352      42437.532       1419.125
      52148.906      42514.337       1419.157
      51029.472      42366.451       1403.085
      51733.051      41823.727       1273.024
      52864.228      42743.576       1273.023
      55323.672      41884.202       1273.024
      57110.830      42016.622       1419.099
      55882.097      42116.457       1272.835
      54348.908      42414.231       1419.097
      58202.981      42440.121       1358.587
      57579.834      42291.137       1272.835
      59194.292      42013.743       1272.884
      62414.644      42618.428       1272.798
      62501.915      41728.651       1272.798
      58892.736      42691.425       1272.798
      62767.748      42200.392       1350.041
      65321.868      42439.242       1389.900
      65232.772      41907.779       1272.939
      64635.704      42145.416       1272.761
      67678.547      42562.619       1272.939
      65921.818      42652.016       1272.939
      69489.799      42580.613       1419.004
      68295.377      42431.702       1349.054
      71048.432      41991.434       1255.158
      70550.077      42333.442       1419.193
      72387.784      41820.464       1395.673
      71971.485      42085.013       1272.804
      73948.910      43341.343       1396.764
      74265.475      42176.555       1379.022
      73477.450      42021.040       1272.804
      74983.537      42343.710       1261.041
      76471.795      41987.935        971.745
      74999.793      42679.509       1143.292
      78121.750      41975.694        588.616
      77275.102      42471.311        739.125
      79477.465      42509.570        326.119
       1987.696      43741.510        600.017
       4876.519      43875.422       1232.001
       3229.659      43529.851       1134.953
       4844.486      42655.271       1223.169
       3140.480      42942.927        913.450
       6115.394      43269.950       1419.043
       6482.557      42704.644       1419.049
       7248.558      43331.463       1374.744
      10629.208      43627.557       1358.474
       9996.001      43725.724       1318.242
      13552.697      43725.650       1418.872
      13360.779      42847.616       1418.858
      11825.840      43458.279       1398.771
      14323.550      42851.879       1272.828
      14105.580      43378.675       1412.747
      15163.404      42702.202       1419.087
      17163.384      43292.037       1419.083
      17329.473      42769.283       1419.083
      19256.075      43370.171       1419.002
      18694.414      42861.194       1272.669
      18210.509      43354.997       1360.906
      20835.546      43926.086       1272.712
      21716.136      42863.042       1272.669
      22202.482      43857.655       1272.669
      23858.580      43024.322       1272.800
      24243.241      43559.573       1336.623
      23331.110      43538.306       1419.097
      24508.514      43785.400       1272.846
      25924.272      43448.683       1272.846
      26941.763      42966.950       1272.846
      27287.463      43332.853       1272.675
      26695.100      43355.307       1402.413
      27708.182      43494.762       1403.054
      29403.217      44043.193       1419.144
      29655.907      43235.640       1272.798
      30478.110      42801.349       1419.140
      28839.437      43460.639       1419.135
      30045.636      43360.598       1407.336
      31004.807      43214.381       1419.100
      31984.218      43305.845       1419.110
      32516.633      43638.101       1272.867
      33892.012      43464.525       1419.098
      34383.715      42773.030       1419.098
      32938.454      43403.540       1413.961
      34930.809      43387.249       1419.087
      35962.846      42730.039       1358.174
      36446.104      43294.793       1355.086
      37047.744      43018.209       1380.933
      37591.227      42693.571       1419.126
      36155.895      43139.859       1346.657
      38664.030      43139.550       1348.095
      40061.324      43487.502       1419.131
      39270.423      43240.872       1371.759
      41501.867      43296.853       1419.183
      41518.966      42771.501       1419.166
      42574.008      43269.084       1352.152
      43371.870      42878.717       1419.139
      44528.785      43493.616       1317.693
      43209.775      43542.639       1419.051
      45715.262      43720.242       1272.804
      46091.750      42796.792       1272.668
      48913.186      42993.684       1272.668
      46110.583      43871.897       1272.668
      49756.307      43718.808       1272.888
      48067.111      43849.089       1272.888
      50641.385      43372.485       1331.476
      51962.669      42959.190       1419.169
      53103.203      43530.051       1418.323
      52723.669      43511.844       1352.230
      52016.988      43262.213       1419.182
      54295.700      43033.388       1419.140
      54384.913      42800.987       1419.068
      55938.270      43684.353       1272.835
      58281.072      42842.472       1272.835
      59097.757      43284.921       1415.127
      58169.471      43363.526       1419.072
      59293.307      42884.202       1419.119
      61248.711      43384.851       1400.000
      60730.692      43414.995       1297.490
      61709.654      42875.552       1419.060
      60275.770      43507.495       1395.219
      63146.358      43336.397       1419.084
      62264.003      43226.745       1411.861
      65334.453      43514.250       1272.761
      63631.225      43640.143       1272.761
      65415.706      42870.747       1272.761
      66822.624      42844.284       1419.189
      66292.486      43376.686       1419.130
      68467.563      43116.911       1399.707
      67382.790      43311.890       1419.141
      68999.426      42862.874       1419.193
      70056.372      43471.571       1352.472
      70258.383      43758.413       1272.941
      71622.320      43537.305       1272.941
      71825.446      42715.405       1272.810
      73784.588      43770.260       1272.804
      75047.084      43267.737       1316.132
      74378.039      43495.490       1379.785
      77336.798      42755.394        745.404
      77047.209      43416.047        950.166
      79474.127      43238.487        317.745
      79090.412      43549.793        399.960
        743.156      44737.169        410.294
       1944.350      44010.610        651.752
       3008.846      44766.460        911.593
       4768.642      43980.641       1263.018
       3766.338      44726.674       1238.416
       3238.660      44287.533       1074.632
       4613.141      44390.119       1383.947
       5522.896      44399.628       1389.667
       6130.163      43946.648       1419.045
       7435.484      44225.021       1300.505
       6805.594      44394.968       1388.640
       7739.707      43893.875       1358.344
       9490.145      44309.299       1307.700
       8732.083      44305.691       1297.887
      11703.325      44040.089       1363.526
      10734.692      44320.353       1311.301
      13468.467      44063.000       1418.851
      11885.855      44362.788       1331.968
      14483.966      44027.645       1272.828
      13869.531      44170.873       1272.621
      16107.408      44544.690       1267.177
      14923.239      44498.649       1272.922
      17725.185      43875.169       1272.828
      18066.923      44510.297       1393.352
      18743.696      43888.013       1418.940
      18288.645      44082.042       1272.629
      20374.978      44120.053       1272.712
      19932.810      44154.625       1272.629
      23185.429      44015.008       1417.754
      22218.974      44167.015       1272.712
      25427.955      43830.773       1417.835
      23635.323      44586.000       1417.644
      24919.868      44253.633       1394.901
      26370.283      43911.151       1272.675
      28723.078      44556.512       1419.130
      27958.278      44220.693       1272.674
      31552.025      43865.486       1419.038
      30964.521      44230.582       1381.388
      33485.754      44017.853       1419.098
      32412.183      44553.848       1384.005
      32983.425      44432.021       1401.975
      34428.837      44266.009       1222.441
      34013.969      44540.157       1391.224
      34677.536      44290.679       1272.834
      36829.270      44247.553       1384.679
      36987.695      43813.636       1380.236
      36163.457      44050.796       1272.834
      39133.771      44048.053       1302.113
      37952.403      44394.734       1373.791
      39851.364      44011.309       1376.245
      41492.697      43959.643       1419.179
      41040.493      44410.910       1409.759
      40426.910      44284.409       1211.580
      42908.978      44217.800       1361.870
      42104.735      44245.491       1395.671
      43255.281      43837.874       1419.066
      44598.856      44316.839       1301.791
      45010.090      44421.094       1396.208
      45192.418      43989.721       1376.086
      44248.127      44339.582       1361.870
      46409.871      44248.649       1377.531
      47120.737      44027.052       1407.484
      45633.066      44502.630       1319.647
      48490.366      44017.851       1418.795
      48430.575      44262.650       1414.334
      47760.275      44270.371       1250.964
      50227.395      43938.659       1312.098
      50643.478      44358.875       1348.003
      51014.794      44183.299       1345.089
      50107.861      44273.609       1412.210
      52088.713      43972.137       1419.136
      53069.117      44350.161       1313.702
      52412.039      44356.746       1340.176
      53604.296      44423.233       1288.014
      53837.689      44196.283       1272.966
      54241.586      44007.015       1419.129
      56320.524      44396.360       1419.082
      56649.667      43977.036       1419.094
      55641.586      44193.193       1272.966
      57719.344      44312.839       1248.980
      58306.491      44050.628       1415.606
      57286.801      44496.937       1355.015
      60039.647      44166.731       1247.581
      59544.152      44133.643       1272.851
      60263.291      43945.256       1308.589
      61255.197      44279.868       1354.009
      61771.391      44166.084       1309.695
      62888.409      43871.946       1415.656
      64594.145      43810.751       1419.119
      64176.554      44544.416       1419.097
      62985.340      44180.152       1392.678
      65196.403      44401.285       1419.078
      66233.523      43755.960       1390.561
      66941.686      44291.763       1325.508
      66599.723      44038.613       1272.846
      69196.058      44503.487       1272.900
      69640.094      44025.937       1272.900
      67347.032      44494.737       1272.899
      67855.119      44531.227       1270.622
      71058.065      44613.820       1397.206
      71138.947      43906.638       1396.871
      72392.144      44136.656       1416.973
      71790.151      44385.532       1368.282
      73214.455      43920.564       1419.125
      74521.420      43920.884       1341.859
      73922.721      44422.151       1325.295
      75360.194      43965.299       1173.867
      75120.075      44165.455       1214.025
      75223.373      43847.396       1107.656
      76971.393      43940.258        750.452
      76811.085      44510.943        975.452
      79296.911      44272.225        355.571
      78967.143      44395.832        357.340
       1097.586      45915.558        517.872
       1695.628      45978.119        585.416
        769.933      45342.025        362.209
       3078.916      45448.450       1028.146
       2973.221      45088.972        920.571
       3863.545      45609.423       1122.098
       5403.958      45042.948       1388.487
       4003.423      45169.090       1181.639
       6231.483      45545.724       1301.659
       6747.816      45076.912       1307.097
       5995.693      45193.492       1229.049
       9311.316      45001.419       1303.654
       7600.240      45454.026       1253.569
      10667.793      44902.479       1282.067
      10055.415      45112.334       1100.376
      11504.029      45198.992       1221.893
      11728.797      44812.557       1246.717
      12825.796      45087.044       1236.891
      12317.404      45223.230       1207.679
      13602.819      44792.245       1272.698
      14906.885      45145.910       1269.108
      14239.199      45249.355       1197.953
      17388.385      45100.599       1366.135
      16791.224      44921.149       1264.580
      18403.096      45086.375       1272.629
      18143.867      45532.145       1301.199
      19514.987      45276.913       1192.992
      18547.345      45729.915       1272.629
      20235.036      44874.958       1272.712
      22774.145      44988.254       1272.712
      21441.215      45090.486       1186.036
      20869.543      45183.125       1205.215
      23340.062      45187.708       1265.399
      23705.643      44850.590       1395.046
      23024.337      45086.537       1186.418
      24323.045      44986.105       1256.244
      25100.927      44658.260       1393.473
      26762.933      45542.168       1394.197
      26477.425      44718.310       1272.674
      28765.464      45581.815       1272.675
      28971.751      45092.550       1272.675
      27245.456      45729.569       1272.674
      29273.623      45376.572       1241.420
      29628.280      45448.213       1272.797
      31297.523      45746.485       1272.798
      31693.944      45179.392       1379.364
      31436.457      45334.084       1400.505
      33685.160      45137.340       1195.221
      32997.027      45360.113       1381.119
      35298.748      45501.969       1248.170
      37022.116      44838.098       1272.834
      36782.780      45466.357       1272.929
      35009.540      45140.699       1194.605
      37438.226      45137.785       1233.218
      39823.838      44861.090       1238.936
      37878.496      45415.333       1210.463
      40740.809      45155.349       1188.073
      41303.913      44729.757       1284.966
      41646.744      44798.634       1189.603
      42667.577      44986.077       1173.685
      42395.554      45007.038       1193.162
      44031.602      45350.173       1258.199
      43469.339      45248.973       1173.790
      45143.387      45220.970       1281.871
      48117.228      45162.483       1349.000
      48963.942      44694.353       1376.509
      47705.947      44666.003       1105.959
      49932.977      45069.406       1341.300
      52129.090      45059.953       1211.868
      52452.201      44949.771       1320.867
      51251.192      45315.740       1335.282
      55167.354      45595.130       1326.132
      54327.415      45023.035       1272.966
      55623.952      45495.575       1231.735
      56638.229      44919.689       1272.966
      57326.634      45421.741       1390.614
      56428.734      45267.061       1393.996
      59246.463      45023.320       1272.851
      59691.572      45377.303       1233.393
      58264.890      45677.779       1388.975
      61028.955      45177.018       1105.077
      60226.917      45531.639       1240.627
      61732.741      44676.873       1125.509
      63092.927      44656.458       1392.777
      63585.539      44947.395       1274.778
      63830.963      45322.157       1409.903
      63643.238      44712.265       1169.064
      64928.555      45269.024       1197.450
      65690.684      45087.216       1190.775
      66554.896      44843.206       1272.846
      67307.214      45226.601       1213.304
      66734.451      45145.160       1222.136
      67949.597      44886.302       1159.745
      67911.736      45044.791       1210.817
      68401.379      44832.199       1331.443
      71270.231      44943.954       1335.134
      72351.435      45368.599       1377.159
      73162.400      44918.417       1399.839
      71725.815      45046.377       1161.148
      74123.481      45076.601       1288.816
      74139.119      44817.217       1272.883
      75334.057      45033.569       1207.312
      75022.196      45139.833       1207.417
      75276.829      44689.450       1165.327
      76807.058      45255.001        999.154
      76189.538      45343.785       1111.795
      78900.149      45281.321        429.850
      79137.753      45512.661        390.203
        765.178      46521.764        366.074
       2491.170      46687.399        835.275
       4633.984      46309.289       1073.203
       5823.616      46120.278       1216.045
       4024.375      46188.667       1017.527
       6470.229      46059.810       1179.539
       6081.084      46212.402       1123.492
       7028.994      45910.236       1005.599
       9951.062      46084.832        913.354
       8015.841      46658.447        925.732
      11705.152      46141.894       1135.392
      10665.460      46600.086       1069.283
      13202.960      46094.173       1207.549
      11912.599      46478.861       1100.184
      15378.619      45838.070       1224.121
      14311.536      46095.385        999.886
      14062.151      46407.071       1075.073
      17722.579      46005.216       1281.890
      18551.143      46093.011       1215.527
      18203.141      46212.091       1139.256
      20189.237      46205.118        957.826
      19054.410      46493.029       1194.985
      21038.554      46021.684       1191.037
      22490.139      46199.579       1050.879
      23583.719      45766.905       1198.437
      24137.841      45812.021       1017.694
      24334.683      45774.059       1061.385
      24024.109      45913.772       1069.288
      26062.749      46496.932       1056.332
      27715.397      46014.677       1347.282
      27168.652      46077.367       1137.129
      27177.545      46080.834       1139.967
      30990.449      45954.862       1349.831
      29140.639      45959.104       1123.299
      29474.230      46140.466       1206.372
      31495.716      46137.736       1204.951
      31365.080      46110.975       1222.155
      31999.272      46084.407       1217.218
      34551.002      45930.170       1042.157
      34123.037      45966.446       1060.267
      34997.522      45882.704       1176.906
      35873.152      45907.474       1300.054
      35414.770      46038.846       1128.131
      37419.220      45886.539       1062.092
      41393.679      46050.729        954.035
      37788.630      46687.263        978.611
      41573.144      46244.227        958.615
      42137.218      46093.776       1100.705
      43050.841      46536.120       1067.932
      44117.334      45816.057       1187.399
      42472.337      46344.073        998.804
      44355.554      45968.833       1138.156
      44838.492      45711.037       1115.186
      44505.385      46028.479       1134.461
      47388.883      45963.750       1054.148
      48432.271      45878.003       1159.357
      47967.034      46372.282       1028.692
      48723.675      45871.217       1117.659
      49352.251      45801.226       1346.445
      50812.166      45811.619       1125.152
      52998.256      45909.082       1135.071
      52082.011      46223.338        950.575
      51423.235      46407.079       1038.219
      53652.356      46075.289        978.357
      55425.238      45782.692       1215.112
      55678.099      45834.033       1147.096
      57055.892      45879.118       1396.644
      57821.063      46036.709       1214.351
      58031.736      45947.420       1279.622
      57686.610      45988.368       1174.201
      57607.013      45974.589       1188.974
      59412.952      46441.276       1174.057
      61957.932      46632.452       1021.564
      62438.244      46587.479       1086.048
      61528.785      46203.917        852.857
      63940.136      45992.851       1151.700
      64132.966      45972.507       1225.775
      63718.673      46128.497       1249.946
      65690.298      45941.755        974.341
      65564.196      45888.323        933.383
      65180.520      46246.845       1132.582
      68446.541      45947.565       1123.065
      67885.138      46145.822        991.263
      67902.674      46019.035        944.614
      71488.752      45771.698       1143.673
      70022.185      46090.756        930.248
      72124.795      46102.542       1224.763
      72485.607      45777.824       1304.568
      72997.197      46053.167       1207.770
      73503.012      45760.339       1301.276
      75007.729      45687.356       1013.183
      75328.967      45665.948       1128.149
      76148.359      45714.904       1049.110
      76940.369      45842.722        770.888
      77238.955      46199.668        948.414
      76621.771      46079.424        918.341
      79176.447      46013.267        438.939
      78006.002      46819.360        701.650
       1759.847      47963.595        614.497
        747.694      47194.954        397.404
       2759.128      47251.858        770.351
       3110.271      47164.651        785.836
       2409.393      47402.981        893.329
       5133.424      46848.362        863.025
       5566.890      46819.473        986.104
       7402.403      47291.312        732.762
       7133.911      47514.488        754.978
       7698.896      47006.490        834.795
       6347.571      47440.911        898.523
      10054.980      47476.790        830.264
      10870.030      47120.982        897.071
      11147.367      47210.401        811.850
      11152.161      47184.495        806.187
      11554.296      47100.161        962.203
      13884.744      47038.764        847.610
      14375.581      47022.811        984.527
      14025.692      47269.517        906.360
      17921.497      46819.502        983.940
      14909.136      47498.850        951.111
      18414.312      46862.316       1019.255
      18130.160      46848.652        919.842
      20304.926      47439.806        778.419
      20763.663      47134.141        894.891
      19273.539      47421.695        935.746
      20441.656      47266.448        779.526
      23090.724      47159.431        785.813
      23554.693      47368.136        862.092
      23245.660      47173.435        726.743
      25847.254      47486.758        781.762
      26478.007      46796.766        865.876
      24455.855      47502.587        779.712
      27286.715      46790.022       1120.379
      28447.739      46876.118        857.037
      28970.573      46797.329       1043.942
      28125.490      46938.891        927.452
      29864.507      46951.193       1035.798
      30224.603      47105.771        932.626
      30785.060      47063.629       1141.853
      31424.747      47126.087        954.421
      31747.754      47066.915       1068.269
      32891.501      47409.237        910.157
      35353.699      47145.462        764.545
      35832.236      47326.951        929.298
      36541.780      46912.651       1030.352
      37017.788      47193.621        914.200
      37573.548      46876.379        884.923
      39535.381      47760.747        719.163
      41183.757      47038.527        817.908
      38585.035      47392.780        785.070
      41696.469      47178.512        738.600
      41506.517      47111.862        700.252
      43961.035      46935.855       1007.140
      43492.724      47075.742        825.192
      44411.746      46841.472        877.482
      48163.057      47056.950        845.366
      45512.357      47434.048        774.836
      49482.826      47116.669       1047.576
      48532.516      47357.481        844.711
      50104.071      47387.297        956.201
      50787.145      47195.097        784.321
      53363.388      46896.858        821.500
      52857.021      46908.884        669.822
      53872.691      47140.483        780.073
      55399.458      46889.835       1051.935
      55943.327      46885.633        854.827
      56945.544      46789.602       1143.585
      57683.493      46853.865        961.246
      58247.858      46866.366       1163.188
      58930.612      46991.941        907.158
      59416.029      47512.378        876.996
      63274.728      46779.280       1167.471
      62719.218      46822.991        982.391
      64573.331      46876.978        873.558
      67541.468      46803.930        813.432
      68191.296      47227.568       1013.472
      68047.689      46770.934        883.739
      70377.975      46803.673        747.059
      69113.254      47732.452        806.127
      71035.929      47174.327        820.221
      72727.303      46924.596       1027.127
      73177.599      47048.694       1007.365
      72981.185      46994.618        944.969
      73275.676      46966.543       1034.997
      75293.147      46936.203        803.217
      74862.212      47442.595        795.776
      76975.639      46852.674        937.254
      77981.798      47345.208        782.124
      77625.432      47114.559        749.826
      78114.922      47833.265        594.243
       1760.825      48082.253        620.537
       1824.788      48092.058        625.626
       1772.309      48022.202        599.010
       4835.997      47962.223        604.758
       3433.635      48366.760        701.667
       5062.675      48139.721        585.594
       4942.903      48072.282        579.999
       7543.726      48120.909        677.816
       7127.530      48123.147        545.503
      10445.976      48124.113        677.654
       9702.227      48772.268        566.812
       9032.332      48763.331        452.635
      11294.910      48369.046        659.285
      10633.373      48464.464        671.239
      14190.204      48541.984        605.210
      12657.265      48589.856        567.180
      14256.277      47881.559        689.823
      14504.743      47882.089        778.598
      16921.729      48694.307        557.351
      17996.941      47816.703        731.473
      15711.617      48546.887        590.366
      17930.134      48105.428        809.468
      18307.537      47769.173        623.256
      21721.594      48362.509        560.404
      23935.715      47810.328        684.307
      27238.843      47966.121        779.300
      26164.519      48073.415        656.907
      27916.452      48423.276        645.197
      29044.846      48024.376        603.217
      29577.913      48169.398        586.355
      30579.748      47982.082        829.145
      31394.837      48140.551        635.361
      31827.908      47983.148        780.225
      32412.176      48057.194        686.871
      32660.077      47936.629        772.616
      34920.893      48323.678        556.649
      36576.687      47859.259        639.243
      36389.327      47980.045        714.103
      36897.364      47811.764        759.516
      38267.105      48160.386        733.151
      40380.181      48660.866        475.890
      39709.215      48573.992        549.410
      43724.738      48009.682        727.539
      42393.182      48168.222        477.213
      45010.715      48259.916        603.227
      45251.456      47941.428        679.952
      44069.283      48273.305        636.539
      48409.290      47951.696        720.554
      49374.301      47967.253        813.972
      49004.460      48113.607        681.232
      48537.207      48105.961        678.641
      51247.284      47899.324        700.950
      51695.921      48265.030        626.354
      53076.460      47951.825        543.212
      54302.938      48102.856        545.173
      54069.177      48404.870        519.031
      55269.587      48416.944        624.964
      55996.086      47895.581        779.447
      57930.138      47876.610        868.518
      58958.922      48083.472        690.044
      58679.237      48172.317        666.723
      59121.615      47938.194        741.133
      58418.609      48103.789        709.014
      61896.880      48366.390        610.817
      62557.384      47724.614        702.792
      62871.003      47810.976        791.056
      64401.401      47995.637        733.613
      63907.338      48285.552        569.817
      63457.846      48303.175        607.626
      65346.605      48067.929        617.628
      65532.817      47842.438        670.533
      68659.342      47944.456        810.550
      68956.306      48009.907        710.113
      68886.436      48001.402        724.988
      70812.399      48316.498        593.462
      69283.147      48431.187        608.061
      71272.540      47994.584        656.182
      72495.507      48026.447        732.949
      72998.447      48169.351        731.139
      72753.476      48024.635        637.081
      73704.114      47963.462        931.230
      74650.353      48076.560        676.671
      74824.462      47928.471        637.610
      77007.366      48426.388        621.947
      77719.991      47877.417        731.527
      78165.413      47883.277        617.256
      78078.542      47908.228        612.712
       2415.451      49188.884        391.963
       3063.404      48886.267        589.424
       1922.200      49230.897        442.104
       4449.368      49175.693        393.252
       3787.501      49188.571        417.100
       6558.354      49201.566        370.256
       7092.582      48793.963        478.781
       5818.315      49217.945        411.419
       8512.582      49314.449        353.869
       7682.755      49314.323        352.525
      10242.965      49217.873        438.878
       9978.201      49212.180        433.947
      12356.097      48946.574        403.172
      11907.006      49197.972        416.836
      13458.195      49279.125        388.554
      12694.004      49266.379        353.565
      14242.451      48898.618        564.407
      15293.421      49209.333        441.978
      14804.779      49170.718        395.259
      17316.200      48934.563        531.078
      17060.253      48961.314        477.467
      18544.362      48949.522        431.551
      17849.493      49281.549        368.791
      19548.627      49235.197        394.472
      18855.333      49228.760        380.393
      20482.796      48882.870        610.476
      21534.488      49151.591        420.292
      21624.225      48868.575        415.075
      21081.504      49163.702        433.858
      22658.742      49220.735        383.051
      23277.788      48941.509        519.464
      24814.532      49492.755        274.832
      25634.300      49087.407        502.585
      23982.868      49511.380        329.183
      26781.141      49347.322        334.104
      26093.747      49371.560        381.691
      27423.759      49056.175        512.132
      28849.584      49431.377        298.518
      29532.337      49130.844        483.916
      28056.311      49450.323        348.890
      30759.564      49461.491        323.033
      31458.058      49173.226        524.842
      30045.646      49467.114        334.953
      32721.362      49440.070        346.063
      32071.159      49437.661        341.710
      33217.480      49188.988        494.465
      34818.292      49542.001        300.924
      35120.956      48921.361        395.063
      33975.915      49535.176        280.453
      35611.975      49109.486        446.667
      37902.928      49351.011        337.333
      38718.155      48947.835        554.659
      37192.618      49367.661        372.489
      39528.193      49134.451        466.607
      39151.907      49087.117        421.379
      42016.199      49381.579        313.203
      42320.404      48881.622        350.266
      41156.629      49390.070        345.460
      43010.376      49227.254        362.036
      43740.563      48976.310        544.265
      45046.556      49397.703        310.208
      45543.765      49068.104        450.706
      44348.421      49431.264        377.100
      46979.691      49431.474        325.725
      46121.484      49426.782        309.402
      47835.833      49101.721        533.292
      49024.797      49414.697        324.675
      49648.813      48990.709        520.288
      48385.521      49441.489        371.593
      50880.480      49215.005        411.222
      50213.741      49199.485        380.811
      51475.248      48850.100        551.858
      53170.095      49344.219        320.979
      53873.606      49038.493        485.129
      52330.923      49355.892        362.593
      55107.689      49460.840        310.442
      55731.066      49083.267        493.057
      54373.589      49474.388        340.539
      57006.745      49361.338        368.755
      57813.424      49144.924        575.828
      56294.460      49349.106        342.943
      58786.446      49393.616        423.191
      58404.102      49340.077        365.740
      61320.648      49481.062        264.070
      62148.486      48924.207        494.103
      60463.735      49504.145        338.680
      62989.452      49131.615        437.584
      62472.510      49118.269        420.606
      65160.826      49499.295        323.324
      65720.993      49050.967        492.516
      64425.650      49494.985        313.854
      67155.922      49326.360        372.126
      66362.823      49314.867        339.287
      68421.071      48762.815        640.645
      68946.763      48764.243        452.254
      68822.960      48871.796        511.573
      70265.610      49502.557        309.885
      70965.245      49053.437        495.896
      69404.459      49495.383        287.373
      72147.089      49335.298        388.142
      71487.516      49315.900        353.603
      74250.285      49185.427        404.882
      74612.512      49006.284        510.587
      73828.936      49222.123        443.797
      76243.975      49426.872        357.137
      77130.466      48840.548        572.509
      75424.024      49406.119        298.875
      78141.820      49065.746        460.420
      77639.566      49045.536        435.876
      78438.396      48809.634        521.115
      76908.378       9992.540        704.081
