       1398.765        769.109        880.441
       1712.137        586.678       1055.361
       2189.856        840.881        867.267
       3629.699        463.668        479.872
       2485.441        689.873        959.181
       5624.273        482.550        433.135
       4579.968        544.453        384.982
       6656.379        569.051        329.802
       8614.049        539.038        449.093
       7592.836        569.880        526.588
      10167.785        906.226       1035.840
      10733.975        447.364        490.041
       9654.894        565.384        418.362
      11598.904        493.323        437.397
      12674.341        574.697        493.988
      13648.755        524.331        326.085
      15107.512        838.945        818.443
      15714.373        561.896        545.449
      14685.076        510.620        343.906
      17659.397        693.251        748.594
      16710.508        574.902        531.228
      18816.169        430.877        389.660
      20896.339        630.375       1013.242
      19818.978        527.539        262.373
      21383.853        844.264        850.850
      22831.525        517.850        502.501
      21754.817        706.985        944.075
      23843.801        579.640        432.870
      24715.492        592.791        359.063
      26937.270        653.990        988.157
      25830.563        540.958        415.472
      27428.167        845.859        842.929
      28890.860        533.262        497.498
      27838.348        711.212        940.170
      30915.443        544.371        526.127
      29970.330        610.939        414.573
      32414.034        897.908       1004.146
      32977.120        605.091        781.344
      31831.360        516.285        557.106
      33979.384        443.531        334.122
      33515.157        786.121        633.939
      35958.034        514.111        383.329
      34987.483        493.223        257.856
      38005.125        713.171        986.475
      36877.732        454.095        452.745
      38377.355        857.355        888.915
      38851.143        646.105       1047.618
      39960.976        485.894        258.884
      41838.629        760.440        753.898
      42048.954        543.577        508.540
      40952.727        436.911        332.311
      43947.750        639.175        495.666
      43084.540        588.263        459.310
      46075.849        491.824        293.144
      45003.442        539.615        596.802
      47066.615        475.288        313.381
      48038.094        594.684        439.610
      49513.486        861.258        904.154
      50233.394        470.737        562.013
      49060.423        518.589        523.937
      51085.775        514.599        513.400
      53292.813        402.370        478.271
      52202.783        569.865        390.825
      55137.084        583.894        430.488
      54164.509        502.322        361.508
      56711.923        877.460        937.230
      56220.681        562.833        453.259
      57318.316        433.657        464.924
      58232.906        520.436        362.718
      59298.815        438.781        331.828
      60292.670        486.858        259.022
      60619.075        679.126        266.319
      61232.763        509.699        441.679
      62351.332        483.196        489.796
      63322.415        557.668        403.384
      64326.516        496.822        375.692
      66469.175        605.179        964.218
      65364.490        543.928        315.947
      66979.543        823.606        794.405
      68387.452        504.799        428.060
      67346.216        698.835        879.098
      70405.514        608.056        693.372
      69400.571        549.816        373.313
      71303.380        595.075        379.989
      70864.983        773.411        565.036
      73344.487        611.361        469.951
      72400.970        538.997        442.566
      75449.965        515.349        382.190
      74345.504        506.457        583.450
      77459.052        562.404        475.304
      76408.300        484.998        417.681
      78951.362        801.159        671.685
      78357.656        460.270        589.270
       1700.767       1714.256        579.143
       2663.005       1221.112        984.670
       2221.515       1022.870        801.533
       5071.054       1569.204        575.518
       5114.131        986.454        522.959
       7147.253       2729.870        666.349
       7145.356        911.172        430.683
       7186.259       2295.998        833.584
       7738.820       1326.300        601.185
       7885.469        960.183        586.990
      11663.254        960.549        423.707
      10302.235       1849.096        732.762
      12971.210       1849.792        594.606
      12917.124       1109.090        487.446
      10904.313       1780.791        683.802
      17516.546       1199.660        690.975
      15389.026       1655.643        621.542
      18167.218       1352.802        581.950
      18124.423       1205.852        550.888
      17332.447       1791.070        825.877
      21655.851       1442.392        874.991
      21468.239       1148.809        748.289
      21416.692       1533.130        879.396
      24104.632       1962.624        580.999
      24115.145       1152.278        443.922
      27920.597       1687.351        946.475
      27348.001       1821.111        931.216
      27520.460       1222.964        717.882
      27461.171       1226.060        699.623
      30692.198       1054.299        546.146
      32176.912       1958.159        736.895
      30711.053       1527.513        615.754
      33602.162       1281.866        483.595
      32853.074       1872.509        807.508
      35664.538        896.825        438.030
      38331.181       1157.893        775.896
      35658.050       1673.573        572.465
      38445.480       1378.226        865.319
      37937.590       1510.481        977.453
      41767.532       1629.683        573.754
      38716.591       1919.578        636.795
      43980.226       1946.667        680.950
      43552.719       1181.604        527.624
      45097.432       1113.475        543.795
      44814.657       1988.488        647.503
      47699.253       1046.871        471.895
      49267.956       1827.103        593.303
      47684.058       1589.561        527.184
      50748.722       1519.901        583.005
      50859.861        908.791        381.916
      49805.430       1583.863        744.480
      53058.551        956.043        539.273
      51162.712       2153.855        430.407
      53677.755       2656.076        800.675
      53035.946       2389.798        788.642
      53063.432       1363.664        597.047
      54727.002       1302.147        593.166
      54617.632        966.655        505.875
      56620.685       2102.566        570.215
      58688.764        873.433        486.432
      56976.834       1897.134        670.769
      60278.284       1407.469        281.921
      58575.377       2151.753        621.534
      61960.128       1069.908        559.653
      63740.035       1017.170        488.659
      61946.629       1332.640        578.803
      63800.163       1432.366        546.048
      67225.744       1223.033        754.743
      66893.690       1488.694        819.965
      67072.065       1132.171        688.195
      70404.917       1105.032        604.160
      71043.814       1384.425        555.005
      70288.590       1903.296        781.904
      72758.702       2443.712        597.933
      72971.955       1134.169        520.850
      73102.074       2210.823        686.580
      74610.666       1023.657        600.533
      74196.346       2235.943        757.758
      77049.251        917.525        574.654
      78245.459       1425.418        578.763
      76967.774       1870.870        741.301
      76913.929       1348.711        662.280
      79233.477       1782.236        408.827
       1769.216       3079.727        606.499
       3637.164       2806.394       1012.907
       1860.668       2584.360        785.489
       3098.962       1891.933        886.272
       4659.763       2026.801        630.266
       4182.599       2958.273        838.618
       9956.665       1943.334        782.038
       7256.149       2655.486        716.984
      10544.036       1868.916        812.470
       9998.882       2695.800        974.781
      11390.573       2325.244        956.090
      10199.478       2618.788       1038.248
      16454.195       2004.348        894.562
      15118.298       2658.394        736.847
      14849.109       2044.941        526.922
      16456.800       2436.227        939.464
      17146.782       2048.210        719.256
      17116.580       2611.891        893.877
      21331.697       1975.866        739.280
      21905.206       2818.670       1050.191
      20950.495       2340.851        935.873
      21602.073       2012.346        788.081
      22732.908       3001.688        907.475
      23066.716       2158.588        871.248
      24319.497       2191.333        487.534
      23717.071       3176.458        855.673
      24389.144       2609.854        638.107
      24717.415       3050.307        483.257
      31204.200       3815.614        919.463
      31781.554       2738.021        870.513
      31773.235       2162.271        842.188
      29717.524       2586.113        682.214
      32483.780       2251.043        610.263
      32367.122       2695.505        760.506
      34197.586       2931.844        349.393
      35154.482       2096.562        436.614
      35449.743       2914.330        689.595
      36858.268       2066.528        839.519
      38007.700       2589.131        986.424
      37949.855       2000.336        919.316
      36751.614       2825.293       1000.221
      38627.130       2575.961        884.002
      41529.790       3156.851        619.392
      41769.079       1891.143        546.272
      43662.611       2108.020        772.473
      41844.891       2902.350        717.583
      44634.902       3673.054        923.893
      44923.663       2624.238        721.611
      44879.014       2221.610        647.813
      43713.530       2854.582        822.786
      48194.700       1965.870        600.924
      47883.822       2913.278        810.702
      49470.238       3088.333        924.576
      49558.466       2036.126        616.407
      48813.025       3027.787        938.935
      53731.261       2782.207        769.621
      56695.000       2930.144        803.695
      57765.351       2192.565        884.895
      56492.123       2426.593        646.836
      58651.496       3450.700        997.667
      59125.373       2654.124        881.669
      58696.634       2163.679        662.471
      57847.142       2809.234        926.061
      62475.245       2138.363        664.602
      63419.662       2656.893        727.620
      62588.448       3248.309        855.789
      63307.914       2183.755        620.476
      62345.820       2651.206        762.413
      66711.967       1904.075        655.923
      64165.414       2970.572        536.466
      67087.130       2206.451        828.826
      67022.787       1910.067        761.388
      66650.956       2563.761        904.428
      69965.763       3216.322        753.053
      70012.667       2192.243        662.117
      70110.813       2205.905        654.951
      70041.945       2846.684        886.547
      74065.139       2955.292       1015.585
      74703.122       2910.337       1051.723
      74376.170       2206.398        826.451
      73864.080       2341.772        866.739
      77120.258       2890.684        889.314
      77141.953       2172.507        750.829
      75327.997       3027.551       1045.992
      79215.557       2395.920        386.874
      78792.372       2947.347        541.413
       1800.250       3122.613        592.398
       2771.639       3698.968        956.321
       1892.675       3458.622        719.025
       3473.237       3113.460       1043.840
       4479.183       3426.203        948.098
       4178.888       4372.654       1161.499
       3596.386       3532.047       1048.491
       4233.972       3121.445        804.833
       6972.742       2802.908        738.983
       7493.843       2912.346        816.715
       9710.534       2991.859        958.431
       7348.332       4162.528        909.621
       9824.852       3839.874        983.263
       9963.333       3475.988       1077.095
      10465.156       2942.869       1080.874
      11999.726       3059.721        705.539
      12047.837       2923.184        687.808
      10441.781       3675.458       1107.222
      17177.849       2994.802        746.665
      16753.257       3477.462        992.549
      16684.644       3066.764        936.507
      20001.226       3050.477        633.094
      18870.890       3527.796        629.347
      20153.262       3831.691        884.389
      21760.912       3125.124       1033.116
      22204.712       3217.242        949.210
      22172.799       3532.871       1051.213
      21608.059       4321.181       1275.708
      21518.382       3473.479       1157.811
      24556.710       3265.930        398.152
      23725.479       3686.289        730.333
      26843.035       3048.112        639.518
      28358.845       4710.134       1054.653
      28382.098       3573.678        960.383
      26855.198       3444.720        727.054
      27969.850       3048.285        851.791
      30940.414       4014.091        935.795
      32349.890       3045.307        652.444
      31820.121       3761.715        959.421
      35423.347       3069.196        651.149
      33849.818       3682.127        441.457
      35596.998       3609.409        847.660
      36511.683       2978.473        985.720
      37338.100       3779.971       1273.976
      36363.375       3221.663       1079.664
      37155.535       2978.626       1127.413
      38577.620       3010.311        717.590
      38603.011       3574.263        933.058
      37716.321       4082.502       1120.841
      38640.607       4099.102        733.832
      42307.078       4054.840        896.372
      41462.867       3439.849        637.194
      42968.587       3093.371        961.021
      44258.501       3534.369       1053.235
      42960.601       3713.588       1060.239
      48530.517       3201.013        953.408
      47547.173       3784.070        787.745
      47523.918       3318.102        611.469
      48660.011       4063.386       1186.152
      48461.116       3413.412       1012.993
      48878.031       3300.581        946.300
      51835.792       3477.526        565.313
      49547.538       3846.558        643.354
      53452.707       2843.640        820.807
      52723.311       3044.266        584.198
      54188.472       3371.102       1027.564
      53925.438       2846.977        842.534
      59666.362       3387.024        743.016
      59667.227       3070.090        621.788
      58980.216       3694.481        950.463
      63718.855       4553.409        867.485
      64156.277       3359.787        521.010
      63183.496       3973.859        816.762
      66564.988       3109.809        699.881
      66747.242       3745.135        942.529
      66888.706       3093.277        808.902
      66433.173       3179.680        755.756
      66982.859       3999.102        863.403
      69600.638       3222.486        884.285
      69975.191       4517.691       1105.301
      70238.004       3496.961        838.787
      70042.050       3276.966        728.291
      69395.864       3764.273       1014.919
      72713.425       4990.314        773.892
      72703.075       2712.182        598.338
      74693.604       3789.021       1254.346
      74437.307       3190.758       1094.128
      74029.624       3158.565        942.757
      75645.122       3611.945       1171.837
      75921.987       3152.620       1210.863
      75067.589       3904.719       1143.649
      77465.416       3448.419       1016.801
      77081.048       3579.852       1042.867
      77333.834       3047.438        878.476
      78772.833       3670.172        604.814
      78851.694       3289.365        477.271
      77925.677       3928.189        811.028
       1384.707       4961.298        526.474
       1974.173       4384.350        631.194
       3792.625       4587.458       1142.077
       3091.177       3904.759        812.625
       6070.369       4480.141        966.761
       4303.883       4864.009        992.535
       8724.437       5041.402       1308.915
       7296.265       4229.716        905.782
       7272.723       3830.997       1032.381
      10498.477       4413.985       1189.412
       9440.027       4918.373       1271.495
      13100.251       4796.420        716.153
      12976.308       3997.139        587.814
      15049.127       3383.203        565.974
      16438.544       4845.277       1150.129
      16795.033       4507.328       1096.553
      16281.540       3759.656        880.315
      16387.312       3866.659        837.691
      19153.256       3843.331        684.401
      19406.835       4687.298        953.830
      19822.638       4078.664        875.153
      21143.814       4833.306       1100.385
      19732.406       4710.256        982.468
      25775.844       4164.428        595.390
      25825.726       4647.741        610.345
      30584.270       4167.447       1023.846
      28568.143       4845.775        991.101
      31503.464       4321.418        728.830
      31394.565       4827.687        912.111
      29814.730       4845.263       1157.944
      35309.796       5079.991        724.128
      36248.978       4844.886       1117.587
      37368.566       4112.808       1196.631
      35545.177       4398.186        964.012
      37756.183       4282.737       1146.162
      37157.467       4527.097       1323.457
      38372.858       4655.356        963.222
      42436.039       4881.705       1018.579
      43406.830       4012.367       1109.849
      42451.054       4303.921        805.779
      44017.139       4449.032       1355.981
      43136.715       4343.205       1269.919
      43725.990       3959.012       1184.169
      44837.582       4085.331        982.433
      44538.980       4697.373       1171.263
      48389.248       4762.539        978.535
      47449.503       4302.766        693.138
      49466.472       4594.698        913.357
      48787.495       4680.443        999.439
      51669.293       4039.242        579.708
      52003.263       4673.842        668.526
      54564.323       3952.397        799.181
      54735.055       4942.551       1068.435
      55489.750       4892.966       1107.092
      55200.252       3934.935        908.009
      54436.835       4111.426        862.593
      58219.747       4662.281        947.983
      58349.242       3936.618        939.838
      58702.364       4344.113        956.023
      60117.735       4609.106        630.580
      67538.822       4202.192       1059.189
      67551.423       4753.579       1116.991
      66736.253       4234.523        850.130
      69604.991       6136.049       1175.927
      68004.437       5857.770       1136.152
      67771.478       4885.500       1044.578
      69716.015       4794.185       1059.743
      71214.989       4922.578        857.853
      71287.136       4535.860        774.052
      74972.625       4928.699       1038.725
      75104.699       4190.114       1034.164
      72825.022       4842.249        836.031
      73036.480       3400.268        814.073
      75468.464       4214.790       1171.717
      75070.638       4549.001       1171.424
      77371.171       4164.276        942.702
      77593.780       4219.598        877.940
      79245.862       4677.396        364.579
       1401.973       5496.837        501.928
       2008.077       6048.388        593.635
       4052.769       5396.911       1099.931
       4791.611       4910.808       1164.180
       5668.168       5502.700       1262.603
       4748.955       5260.170       1231.935
       5464.723       4860.313       1057.309
       6045.864       5976.648       1050.309
       9094.287       5309.752       1136.787
       9861.247       5788.980       1375.863
       9668.092       5288.947       1264.647
       8905.712       6037.859       1371.673
      10439.063       6003.173       1214.040
      11405.312       5369.027        976.355
      13455.313       5138.998        745.045
      12586.564       5523.645        952.266
      13272.064       4946.326        644.666
      14976.484       3802.267        710.513
      17012.484       5817.683       1278.296
      16603.195       5206.522       1056.754
      16386.873       5398.976       1043.383
      17292.903       5932.767       1182.324
      17519.270       5227.657       1051.928
      20832.323       6029.849       1255.239
      20814.570       4972.485       1213.543
      19395.109       5169.252        889.798
      21350.594       4969.168       1017.949
      21258.419       5736.102       1298.262
      22381.015       5706.188        792.373
      22845.919       4629.428        853.437
      23288.058       4204.289        653.737
      24274.709       5187.251        637.534
      24266.444       6243.170        760.856
      26029.323       5094.504        630.925
      28211.163       6110.783       1057.031
      28293.100       4933.829       1040.175
      26220.696       5586.162        727.296
      28358.577       5636.946       1233.304
      29164.407       4924.534       1207.038
      29707.619       5091.948       1139.274
      29782.808       4981.402       1142.865
      28942.326       5498.605       1351.430
      31379.112       5336.980        729.964
      30819.499       5682.397        949.253
      35284.010       5114.994        730.982
      36367.411       6058.968       1084.945
      35278.717       5286.503        765.327
      36466.001       5640.036       1219.646
      36973.397       5036.641       1229.467
      38336.304       5387.847       1036.962
      38276.173       4920.186        862.566
      37080.328       5812.489       1254.184
      43237.139       5490.224       1246.430
      42434.290       5343.188       1026.720
      43931.255       4929.888       1332.922
      44482.080       5097.247       1197.534
      45737.338       5317.063        735.089
      45574.533       5058.348        623.198
      44570.938       5830.222        991.249
      47506.334       6880.506        786.731
      48247.265       5578.877       1168.589
      48741.620       4958.622        948.556
      49479.094       6524.776       1070.056
      49549.107       5348.099        747.276
      48321.859       6238.819       1096.824
      51690.643       5568.457        768.458
      55708.033       6520.386       1298.219
      56173.200       5093.613       1093.539
      56729.375       6307.001       1317.051
      55498.941       5428.587       1056.219
      57443.150       6105.375       1315.022
      57200.876       4920.859       1156.559
      58847.105       5705.244       1035.470
      58989.675       4926.269        848.342
      61224.652       5106.208        577.910
      63490.433       4930.350        791.829
      60762.159       6030.947        758.073
      63650.630       5813.718       1050.985
      63140.287       5621.410       1044.125
      63692.695       4921.083        749.297
      65256.024       5317.244        558.323
      65328.597       5710.153        625.187
      67785.895       5512.943       1257.436
      70029.088       4943.027        987.178
      69758.779       5857.207       1280.130
      73938.011       5858.969       1164.385
      72819.139       5777.137       1036.652
      75428.989       5366.999       1235.994
      74407.170       5562.638       1318.250
      77206.453       5464.877        765.879
      76169.208       6077.124        914.886
      79250.168       5423.143        382.212
      78029.190       5907.808        569.596
       2089.825       6422.558        735.540
       1963.421       6079.715        611.012
       3523.220       5952.030       1025.971
       3951.681       6409.290       1073.165
       3753.505       6025.957        949.838
       5328.736       5999.387       1280.526
       5455.278       6302.499       1255.843
       6487.585       6093.061       1211.009
       7671.499       6962.944       1363.152
       8618.879       6131.480       1428.423
       6933.640       6184.241       1044.624
       8872.050       7065.519       1634.839
       8579.755       6494.268       1511.915
       9251.055       6126.726       1481.468
      10665.525       6559.208       1364.023
       8880.657       7278.535       1554.374
      12564.405       6368.592        911.483
      12464.465       6045.759        840.720
      16138.884       5989.846        813.251
      16245.300       6927.215       1124.545
      15812.224       6452.346       1026.283
      17227.308       6119.852       1147.315
      17588.751       6365.241       1232.217
      16837.312       6561.594       1356.749
      21154.032       6292.055       1097.767
      21281.200       6674.124       1226.925
      20361.523       7071.488       1419.458
      22318.773       7981.911       1036.990
      22674.257       6563.641        773.472
      24702.672       6251.883        923.473
      24310.766       7060.255       1040.399
      24183.171       6346.092        786.098
      24467.804       7255.630        993.534
      27816.772       6932.490       1347.198
      28557.050       6930.345       1337.279
      28018.254       6273.151       1143.795
      28728.029       6087.139       1221.649
      30279.317       7526.817       1208.138
      30731.911       6267.206        953.122
      33494.488       6241.512        696.542
      33373.726       7213.399        779.369
      36387.763       6378.702       1075.240
      37385.453       6957.592       1335.165
      36437.619       7145.691       1305.352
      37130.381       6120.300       1223.171
      38409.203       6863.142       1169.989
      38609.143       5986.708        922.101
      38455.585       5888.612        853.439
      41462.904       7042.673        753.003
      42399.687       5960.467        823.214
      43173.351       6794.302       1138.478
      42024.085       6451.388       1049.044
      43640.844       5992.998       1150.598
      44395.665       6062.559        906.590
      43654.535       6691.811       1205.396
      52101.904       6298.227        806.421
      53955.630       6056.062       1029.100
      52033.561       7058.145        946.318
      53794.505       6900.889       1133.423
      56742.400       7907.621       1679.226
      57062.585       6261.622       1444.692
      57413.577       6800.426       1605.838
      56490.926       6467.543       1426.618
      57755.720       6801.144       1521.109
      57520.096       6197.188       1274.924
      59439.080       7004.857       1227.666
      59282.639       6110.539       1029.764
      60926.187       6541.357        847.153
      59654.496       7379.350       1062.356
      63393.931       7494.727       1262.984
      63285.412       6154.268       1025.878
      62719.715       6162.679        925.564
      63980.159       6532.752       1042.771
      63614.908       7501.898       1246.298
      67795.317       6201.377       1010.656
      65116.664       6864.819        855.968
      69081.550       6247.945       1346.375
      67320.123       6742.393       1269.090
      69076.600       7819.115       1509.251
      69838.921       6396.498       1200.727
      68782.553       7061.283       1462.794
      72818.901       6197.598        888.321
      73834.028       5975.510       1198.600
      72784.084       6726.693       1069.409
      74018.389       6811.405       1420.817
      74519.319       6474.884       1393.676
      73633.114       6254.269       1318.199
      74538.634       5970.328       1312.484
      76204.228       6187.943        935.550
      75468.387       6904.053       1237.488
      77799.779       6829.304        683.190
      78075.211       6414.699        574.351
      77273.364       6817.738        739.911
      79506.217       6844.439        334.972
       2150.231       7975.995        762.948
       2714.650       8053.957        809.082
       1919.255       7295.801        592.363
       3847.213       7020.822        913.549
       3643.459       7440.616       1065.974
       4573.328       7091.420       1051.815
       6172.501       8447.470        995.245
       7641.783       7599.474       1366.462
       8538.516       7944.015       1493.722
       9579.916       7637.742       1829.568
       8897.052       7281.372       1559.972
       8876.362       7383.072       1588.840
      10998.648       8332.320       1493.799
      11177.060       7008.719       1202.505
      12346.766       8961.564       1342.272
      12568.114       7328.935       1141.384
      12173.240       6939.765        935.672
      15091.183       7128.134        805.802
      16168.764       8057.447       1106.731
      15013.884       7392.730        878.381
      16847.661       7034.191       1303.219
      17810.429       7724.521       1471.660
      16224.851       7590.249       1282.198
      20008.597       7269.956       1341.797
      20168.337       7991.502       1565.714
      20271.875       7281.193       1352.605
      19422.361       7553.966       1573.163
      21310.748       8651.952       1388.193
      21808.163       7647.821       1236.516
      24769.099       7326.145       1099.927
      24298.546       7681.402       1064.513
      25815.919       7812.714       1330.271
      28562.137       7935.481       1593.653
      28850.293       7187.611       1409.418
      28397.044       7148.880       1383.622
      31198.395       9182.542       1044.515
      31792.403       7460.539        691.701
      37406.709       8369.650       1618.104
      37762.450       7296.711       1407.989
      37567.892       7078.832       1299.105
      37323.251       7207.752       1363.971
      38433.553       7323.602       1010.629
      38438.188       7751.280       1166.630
      42482.477       7802.787       1131.693
      43001.173       7007.021       1167.526
      41252.939       7254.651        866.208
      43366.874       7478.865       1221.652
      43033.718       7470.230       1253.118
      47175.147       7016.180        898.030
      47467.109       7853.411       1066.717
      48570.255       7174.985       1094.288
      49777.162       7978.378       1016.210
      47905.728       7854.523       1195.445
      53449.185       8021.744       1257.170
      53476.850       6974.792       1247.813
      51838.871       7336.588        838.901
      53820.963       7498.163       1352.936
      54683.244       6955.200       1430.706
      54869.059       7542.010       1427.221
      58311.969       7585.944       1608.367
      58079.765       7172.928       1447.794
      56906.099       7916.146       1706.561
      59724.342       7555.295       1133.701
      58739.445       7993.909       1395.155
      65970.623       7877.334       1050.895
      63686.784       7997.124       1075.453
      68556.236       7180.047       1430.106
      66898.962       8352.239       1377.582
      66501.351       7533.537       1232.696
      67914.692       7691.412       1688.190
      68881.161       7635.651       1590.456
      72611.900       8109.037       1294.401
      72106.538       7030.507       1216.675
      73510.466       7744.521       1309.205
      72738.200       8014.005       1301.949
      75306.547       7403.076       1151.828
      74633.894       7689.870       1343.802
      76102.658       8061.378        917.935
      79487.487       7654.581        277.860
       1543.522       9016.275        540.198
       3206.786       8297.216        829.636
       2778.286       8404.169        735.686
       5380.556       9098.528        732.726
       6174.083       8934.059        819.688
       7208.940       8242.660       1152.823
       8461.766       8295.705       1453.514
       7021.322       8206.080       1145.017
       8904.405       8642.723       1391.600
      10573.392       8349.484       1651.096
      10978.255       8911.932       1704.706
      11326.439       8518.861       1629.964
      10988.748       8355.137       1492.629
      13837.938       8891.033       1166.818
      13499.292       7934.182        891.560
      17762.238       7993.395       1471.986
      16221.364       8798.019       1361.898
      18047.646       9119.676       1578.857
      19937.369       8088.230       1612.642
      20352.201       9968.322       1872.884
      20307.485       8215.472       1586.362
      19161.322       9214.533       1854.314
      22464.603       8297.961       1025.830
      21405.010       8921.051       1306.349
      25966.242       7975.097       1266.427
      25153.359       8923.146       1191.314
      24031.876       8466.419        952.767
      26220.734       7942.652       1182.069
      25787.114       8416.316       1418.299
      29111.838       8835.709       1680.522
      28563.289       8407.544       1418.118
      28931.767       9296.144       1711.519
      28120.481       8617.687       1591.447
      30203.156       9415.884       1387.810
      30679.489       8627.327       1296.387
      33958.710       8102.520        839.605
      36236.545       8005.360       1047.681
      35120.687       7638.807        888.548
      33989.244       8732.906        900.307
      36083.529       8343.205       1173.352
      37348.108       8988.131       1381.757
      38442.783       9044.649       1432.727
      37509.542       8852.033       1456.547
      38542.323       7974.197       1136.342
      43307.505       8955.734       1368.362
      42608.187       8574.904       1259.027
      43040.882       7992.045       1152.046
      43734.483       8532.285       1252.943
      43436.963       8017.084       1031.408
      43364.119       9017.267       1338.777
      47441.913       7989.040       1019.360
      48493.642       8997.531       1393.223
      47135.177       8582.747       1273.670
      50165.777       8745.461       1194.802
      49988.302       8153.847        991.829
      48940.008       9137.657       1312.116
      55873.413       8106.550       1499.358
      53713.746       8774.337       1307.277
      56619.566       9182.718       1811.381
      55768.921       8767.635       1747.088
      56505.858       8059.937       1718.970
      56709.792       8901.458       1910.876
      57199.650       8027.356       1802.877
      57522.461       8050.647       1715.670
      57512.205       8018.064       1707.538
      56997.252       8803.139       1981.331
      58709.948       8463.199       1557.520
      60815.853       9220.365       1244.512
      60572.581       8258.424       1097.032
      63271.246       8106.531       1163.592
      63066.775       8792.761       1344.057
      64250.682       8722.243       1347.730
      65119.932       8738.383       1362.401
      68786.298       8944.149       1736.364
      68399.857       8071.341       1710.733
      66988.298       8984.357       1587.831
      69032.873       8739.516       1743.833
      69457.823       8035.823       1629.986
      71542.828       8276.545       1573.710
      70795.938       8686.450       1422.195
      70885.020       8435.430       1354.648
      69094.891       8991.216       1663.350
      73052.302       8187.914       1360.735
      72483.627       8361.075       1360.337
      74199.776       8309.592       1135.809
      74422.971       8230.982       1215.001
      75922.030       8280.128        822.563
      75893.806       8456.111        888.420
      78203.121       8649.433        612.713
      77858.191       8764.587        618.056
      78384.688       8252.988        556.660
      77361.841       8884.073        675.648
      78370.601       7984.371        518.660
       1567.286       9248.864        506.417
        463.646       9607.003        241.121
       2743.031       9229.403        626.273
       1776.596       9397.799        439.775
       7029.358       9115.185       1091.553
       7674.779       9636.481        942.981
       8718.284       9848.867       1113.878
      11954.535      10092.935       1624.581
      12463.970       9079.516       1345.251
      11448.359       9717.715       1625.981
      15849.582       9254.600       1349.106
      15413.470      10040.887       1531.364
      17891.385       9246.324       1574.913
      17653.274       9636.035       1731.096
      19014.242       9308.047       1826.192
      19301.296      11228.189       2121.858
      19593.760       9685.745       2050.170
      18550.703       9677.514       2048.448
      21446.306      10101.241       1569.902
      21406.309       9080.021       1300.777
      25672.489       8786.712       1309.790
      25350.638       9809.325       1421.196
      26724.597       9023.891       1499.808
      28723.227       9717.220       1651.494
      26470.588       9932.199       1619.468
      27289.247       8820.960       1369.310
      29707.869       9274.481       1539.948
      29401.432       9526.663       1618.433
      30953.718       9817.727       1222.395
      31185.411       9299.147       1005.883
      30235.545       9609.971       1323.078
      34953.112       9092.233       1081.557
      32523.560       9578.241       1050.089
      34683.293      10189.719       1243.514
      37661.429      10804.730       1743.472
      37035.158       9931.378       1679.879
      37825.936       9149.631       1564.068
      38712.496       9538.089       1444.007
      37783.873      10962.302       1686.348
      42420.000       9052.752       1112.671
      43296.655       9048.076       1352.841
      42398.502      10078.317       1394.256
      43621.615       9303.004       1466.847
      42810.939       9664.499       1614.407
      45249.346       9936.148       1251.714
      48354.036       9265.413       1401.359
      46136.096       9747.711       1319.890
      48598.102       9830.575       1451.849
      48996.951       9304.147       1308.589
      47881.720       9795.448       1548.038
      51019.993       9342.089       1112.012
      50793.511      10098.246       1223.374
      53260.330       9206.307       1271.821
      52754.105      10226.623       1493.259
      55612.615       9319.176       1546.448
      56541.996       9299.362       1818.030
      54955.987       9971.385       1824.082
      56851.898      10934.293       2074.823
      57126.370       9716.808       1991.070
      56115.226       9759.799       2031.429
      59322.464       9681.542       1670.214
      61467.127       9851.279       1445.709
      59997.147      10056.601       1505.585
      64372.883       9875.709       1576.341
      63524.553       9116.854       1458.130
      62268.178       9733.744       1489.638
      66756.823       9364.570       1541.290
      67656.025      10603.000       1759.366
      68672.577       9084.821       1778.664
      65965.833       9710.001       1742.293
      69191.588       9199.980       1731.194
      68606.672       9725.420       1918.162
      71155.339       9220.591       1272.374
      70131.096      10007.049       1479.523
      71698.226       9049.154       1083.411
      71893.205       8978.855       1122.804
      75012.548       9146.065        991.902
      73928.102       9405.736        663.593
      75950.276       9058.815        725.302
      79529.943       9828.600        307.264
        452.995      10541.748        314.940
       1637.221      10715.500        443.609
       4003.898      10286.857        654.075
       4561.948      10229.917        793.942
       4106.428      11261.700        950.329
       3668.462      10442.638        791.338
       4855.814      10967.363        959.636
       6250.384      11025.000        725.924
       8946.175      10408.976       1194.081
      10782.688      10079.527       1442.471
      11042.998      10721.274       1629.967
      11723.236      10161.928       1664.421
      13025.690      11272.689       1917.330
      12315.096      10197.572       1740.194
      12296.215      11814.673       1923.068
      11677.526      10487.362       1738.675
      15111.082      11116.741       1686.691
      14760.458      10289.235       1546.836
      16870.955      10030.477       1751.856
      17068.425      11327.161       1887.163
      17995.420      10044.189       1811.350
      19281.812      11256.802       2114.955
      17418.638      10914.476       2089.987
      20423.234      10858.634       1999.022
      20480.295      10250.940       1803.463
      22035.511      10982.321       1796.614
      25269.577      10210.654       1309.255
      26219.673      10133.312       1551.234
      24715.542      10811.035       1559.481
      26238.771      10649.651       1723.188
      27287.818      10222.838       1818.116
      27611.630      10222.352       1787.800
      27860.688      10777.975       1990.271
      27133.620      10444.709       1897.373
      29407.528      10764.976       1725.523
      29547.027       9842.291       1573.245
      33265.559      11060.179       1172.024
      35263.566      10217.808       1444.730
      33985.879      10668.504       1447.324
      35486.865      10966.105       1713.190
      35821.664      10504.391       1667.502
      39995.449      10242.715       1191.571
      40300.345      10938.623       1394.741
      42239.967      10139.789       1431.170
      42755.139      10140.980       1512.523
      42689.675      11127.213       1681.347
      41728.457      10875.788       1677.191
      45511.367      10894.063       1466.021
      45018.649      10167.885       1318.679
      47194.617      10052.669       1453.404
      46601.234      10543.984       1661.003
      47984.791      10045.510       1563.886
      48507.805      11974.726       1733.522
      49155.851      10660.218       1652.744
      47453.832      11266.904       1715.337
      51222.234      10746.862       1497.429
      50041.788      10897.841       1537.163
      53685.292      11331.967       1794.774
      53903.068      10385.597       1779.382
      52362.653      10530.451       1624.011
      55431.279      10202.721       1859.895
      53932.671      11192.613       1854.378
      55031.545      10714.468       2062.426
      56788.291      10930.263       2090.259
      57591.344      10651.353       1962.207
      57595.700      10134.216       1779.040
      61505.393      11117.226       1768.017
      60314.716      10212.658       1607.031
      62609.433      10045.033       1530.127
      63883.432      11221.154       1872.050
      62189.636      10816.218       1816.669
      63212.323      10049.812       1760.072
      66711.384      10362.082       1784.990
      66950.336      11890.102       2052.469
      67133.732      10561.600       1875.836
      66107.077      11120.668       2030.559
      70005.751      10296.146       1473.306
      68276.640      10815.451       1771.273
      71907.759      10994.607        907.870
      73938.884      11325.116        812.010
      76463.813       9964.911        509.692
      76054.976      11348.753        630.992
      78129.701      12000.641        604.895
      78699.951      10971.755        456.709
      77206.670       9963.602        440.037
      79521.433      10755.946        257.116
       1934.219      12231.207        602.238
       1427.608      11067.121        479.784
       1961.487      12074.244        655.518
       4828.365      11987.041       1193.176
       4091.551      11702.857        981.372
       4554.766      11288.661       1062.736
       3589.004      11879.110       1141.277
       5152.718      11897.388       1156.158
       5433.524      11093.450       1022.701
       6901.001      12642.289       1163.635
       5389.320      12063.079       1115.604
       7079.891      13033.858        999.561
       8475.235      12044.486       1206.826
      10972.843      11931.573       1723.323
      10731.080      11409.543       1619.680
      13337.680      11590.157       2067.652
      12746.961      11593.749       2069.935
      16627.523      11385.104       1998.014
      14415.495      11952.385       1976.420
      19168.130      11292.340       2154.967
      16565.962      12064.447       2109.906
      18558.661      12052.337       2375.108
      19904.241      11716.690       2370.564
      19417.582      11275.994       2143.461
      21515.694      11845.176       2150.736
      20556.608      11236.569       1900.142
      22808.248      11408.179       1706.821
      23767.776      12005.457       1880.309
      25910.155      11001.420       1710.421
      27812.838      11151.071       1927.080
      26326.423      12025.527       1896.555
      28243.920      11194.801       1837.045
      28291.439      11874.138       2067.741
      26840.844      11810.982       2102.414
      29786.455      11527.437       1655.142
      28431.361      12426.591       1853.422
      31278.106      10953.987       1220.421
      30623.254      12008.882       1442.883
      32614.805      11099.095       1420.259
      32253.889      12029.300       1515.938
      35558.632      11335.028       1575.564
      36180.108      11999.741       1852.341
      35818.260      11258.976       1660.305
      34090.823      12068.341       1899.303
      37596.236      11111.350       1663.459
      38623.745      11944.271       1924.456
      38284.833      11201.705       1837.152
      36824.457      11909.677       1922.405
      40182.841      12220.574       1810.420
      39812.850      11305.819       1579.523
      41208.369      11147.627       1620.408
      42321.249      11176.789       1808.466
      40493.962      12175.917       1847.672
      43558.638      11619.485       1950.457
      42358.023      12393.217       1968.167
      44781.520      12102.980       1696.093
      47377.754      11300.251       1711.303
      47981.970      11680.510       1954.610
      46841.888      12622.239       2007.340
      50411.935      11188.873       1626.649
      51396.358      12196.366       1738.035
      53850.670      12292.990       2026.596
      54300.880      11229.929       1962.440
      53249.345      11645.838       1964.059
      54004.857      12075.752       2126.692
      55771.873      12222.424       2141.635
      56776.835      11596.076       2299.681
      56945.426      10975.161       2093.641
      56108.637      11838.511       2336.381
      59197.972      11222.387       2141.719
      59917.324      11491.081       2129.563
      59114.375      11913.200       2256.787
      63717.502      11271.399       1929.227
      60957.605      12008.420       1898.254
      65692.509      12398.021       2162.862
      63586.455      12456.083       2140.501
      63035.906      12017.760       2137.999
      65560.482      11227.902       2152.170
      66415.549      11634.249       2201.054
      68386.014      11798.008       1887.372
      70530.498      12248.726       1470.644
      70450.614      11268.075       1288.902
      72484.787      11918.640       1236.206
      72633.816      11144.619       1175.638
      74366.707      11729.483       1003.046
      73113.181      12170.472       1149.647
      76168.671      11653.303        745.629
      76427.654      11292.631        770.188
      75180.449      11857.267        968.641
      77055.794      11740.593        718.292
      77719.925      11702.569        788.726
      77140.654      11148.504        496.692
      78905.685      11613.793        582.330
      78912.602      11095.288        400.010
      78349.944      11807.000        704.554
      78967.756      11982.394        445.935
       1825.009      13001.419        568.953
       1952.257      12561.533        710.123
       3063.368      12250.941        952.202
       3189.998      12291.265        942.040
       3099.853      12282.727        941.831
       5209.240      12302.102       1018.865
       6030.816      12639.614       1314.628
       8086.612      12634.188       1104.786
       9159.983      12223.163       1339.168
       9010.787      13161.441       1352.968
       7695.289      12738.638       1241.659
       9340.103      12723.193       1468.723
       9768.941      12951.866       1553.229
      11333.054      12938.683       1966.160
      12015.607      12016.519       1972.240
      10837.405      12186.298       1744.916
      12981.951      13071.293       2140.237
      12917.872      12118.932       2073.396
      11724.306      12654.438       2126.466
      16195.411      12262.083       2103.466
      13258.171      13236.580       2074.663
      16149.896      12944.866       2287.799
      17860.111      13245.524       2306.763
      17754.343      12424.746       2300.977
      19762.733      13048.632       2422.993
      18761.042      12380.441       2387.051
      18113.870      13005.993       2352.914
      20856.426      12757.092       2378.158
      20366.802      12799.157       2372.077
      20648.046      12127.117       2182.693
      23043.547      13154.055       2179.566
      22420.123      12192.471       2006.652
      26020.177      12076.748       2004.233
      27160.116      13134.055       2178.226
      25493.273      13038.474       2176.278
      26987.977      12178.375       2142.112
      29081.589      13322.859       2130.888
      31623.282      12126.770       1676.951
      31665.808      13187.388       1782.654
      32987.217      12343.247       1754.877
      35228.585      13178.286       1958.564
      32440.096      13398.138       1928.724
      37263.358      13292.789       2020.128
      35532.873      13048.265       2013.517
      39504.614      13194.412       2164.094
      39145.572      12133.761       2031.045
      37610.181      13042.418       2167.247
      41103.564      12398.983       2011.216
      42594.144      13104.921       2145.867
      40908.836      12993.914       2128.665
      42042.005      12442.666       2053.584
      42459.690      12450.845       1986.893
      42590.452      13017.629       2173.260
      46347.836      12889.478       1972.589
      49302.592      12690.882       2003.449
      47099.065      12788.435       2028.553
      50140.694      12893.206       1957.288
      54346.456      13111.948       2291.960
      55353.132      12245.236       2302.205
      53689.292      12940.824       2264.276
      54901.961      12969.687       2412.533
      55701.036      12734.664       2338.001
      56250.235      12115.500       2327.771
      57516.161      12867.871       2413.249
      56038.211      12698.511       2411.955
      58257.181      12092.708       2415.176
      59285.316      12652.590       2389.612
      58949.037      12131.354       2152.200
      58928.690      12473.746       2282.239
      58280.351      12852.912       2421.417
      62216.654      12260.503       2139.299
      61875.933      13162.261       2243.015
      63230.231      12850.447       2338.431
      65041.897      12426.226       2411.506
      66394.252      13657.096       2427.751
      66229.181      12713.225       2386.374
      65259.283      12860.826       2400.019
      65856.082      12386.346       2212.130
      67113.198      12290.290       1987.819
      67007.618      12957.348       2198.386
      67073.461      12220.936       1965.019
      68963.584      12356.389       1723.122
      68678.023      12764.369       1804.066
      70694.578      12723.285       1456.093
      70790.108      12492.080       1422.611
      68806.655      13072.244       1736.420
      72848.594      12594.935       1052.723
      73332.415      12352.449       1194.561
      71324.714      13172.086       1392.798
      74820.963      12104.896        810.592
      74783.955      12166.415        826.254
      78366.437      12072.950        653.491
      77895.522      12330.895        695.703
      78919.083      12154.947        490.688
      79297.246      12848.864        349.967
       1859.356      13054.905        552.505
       1245.338      13754.430        455.710
       3085.743      13059.975        900.551
       4040.366      13204.954        627.543
       4815.238      13039.022        872.329
       5157.894      13085.812        766.711
       6627.008      13088.769       1148.103
       7097.979      13199.206       1005.756
       9289.477      13799.301       1343.286
       9901.616      13351.041       1440.779
      11210.377      13947.801       1746.053
      11371.774      13099.378       1957.667
      12629.728      13256.994       2217.774
      13230.434      13825.644       2198.233
      13814.976      13414.856       2269.970
      15370.563      13401.826       2350.854
      13749.022      13775.974       2325.489
      17591.143      13394.210       2391.308
      15387.198      13924.666       2384.419
      16777.947      14172.223       2387.713
      19611.029      13292.951       2469.067
      17604.364      13961.607       2469.018
      19075.474      13887.872       2469.018
      20185.769      13807.711       2422.447
      21756.810      13671.021       2460.813
      20508.938      13861.434       2460.936
      23950.449      14296.599       2300.331
      23234.886      14643.009       2302.994
      24074.763      13412.515       2293.298
      22520.033      13954.266       2298.277
      26826.528      13202.709       2300.659
      24279.481      14326.790       2296.725
      26522.999      13820.366       2432.086
      27383.838      13536.073       2322.764
      27546.718      13379.201       2322.759
      27632.044      13237.418       2335.515
      29770.009      13813.399       2304.317
      29193.557      13961.257       2236.246
      32122.438      13448.675       1947.844
      30571.622      14223.781       2050.806
      34081.478      14370.677       2172.049
      32410.275      14256.566       2135.651
      35391.953      15061.451       2214.326
      36412.525      13951.720       2202.772
      34431.516      14248.187       2204.519
      37346.986      14670.299       2286.540
      38475.719      14374.156       2290.161
      39110.659      13307.104       2293.300
      36823.067      13810.390       2261.633
      40272.342      14096.536       2387.158
      40043.231      13248.855       2294.589
      38943.222      14141.022       2387.114
      42153.831      14212.103       2317.781
      42147.551      13146.902       2313.511
      42909.013      13590.409       2323.084
      43188.685      13213.244       2332.713
      42496.480      13902.554       2391.955
      44956.202      13786.452       2300.067
      43942.029      13889.984       2323.183
      48542.867      14390.786       2158.065
      45431.464      14040.065       2142.797
      51560.287      13100.164       2103.275
      48756.528      14463.731       2100.355
      53292.263      13153.225       2305.835
      50875.569      14094.912       2303.218
      52457.614      13896.262       2298.246
      51724.193      13884.846       2292.319
      53746.322      14433.116       2446.269
      53856.505      13472.495       2322.672
      53120.644      13693.303       2444.692
      54087.139      13252.306       2354.295
      56357.308      13916.526       2469.008
      55464.496      13349.753       2322.672
      57194.619      13218.000       2468.916
      58187.666      13785.677       2427.178
      57447.365      13815.861       2469.012
      58585.906      13992.819       2323.144
      59346.547      13144.143       2252.674
      60198.589      13663.246       2401.828
      58875.169      13933.522       2404.897
      62507.539      14074.220       2434.835
      62307.173      13258.807       2385.017
      61188.916      13682.930       2417.782
      63124.773      13586.018       2323.040
      62925.810      13923.660       2423.047
      64276.409      13229.443       2426.506
      64801.004      13845.254       2428.491
      66071.197      13859.766       2463.534
      64644.538      13478.178       2323.041
      67217.996      13477.950       2254.793
      66812.235      13780.779       2360.638
      68992.097      13490.680       1860.317
      67882.044      14448.674       1979.388
      71438.224      13815.167       1460.834
      73021.214      15063.926       1156.378
      73903.903      14222.132       1101.589
      75585.083      14024.742        812.884
      76875.119      14121.431        531.552
      76145.468      14310.343        635.156
      78955.441      13816.790        293.122
      77278.036      14161.021        600.642
      79445.332      13867.897        314.122
       1246.641      14584.045        475.032
       3944.895      15126.660        681.829
       4870.742      15105.042        669.373
       7095.793      14969.962        901.834
       9308.824      15270.154       1383.210
       8811.469      14584.831       1270.373
      12944.110      15466.085       2007.526
      11184.629      14591.488       1896.388
      14528.265      14198.124       2388.726
      13185.942      14442.548       2270.826
      15090.907      14584.500       2322.615
      16436.562      14435.284       2464.754
      14822.289      14383.131       2287.617
      17396.451      14521.914       2306.349
      16831.456      14655.225       2322.616
      18942.691      15067.350       2322.787
      19744.169      14397.105       2322.787
      19639.099      14802.827       2431.870
      20749.976      14287.316       2466.241
      22281.312      14716.285       2436.039
      22493.227      14356.361       2322.802
      22025.158      14275.666       2322.753
      24777.475      14422.690       2460.685
      23860.561      14712.502       2322.802
      26170.416      14590.096       2322.863
      26396.632      14381.815       2322.764
      24799.448      14909.989       2460.784
      30194.271      15859.053       2322.759
      29846.553      14800.618       2322.759
      29816.713      14301.848       2300.440
      28695.720      14704.007       2293.113
      31154.917      15003.211       2306.067
      30519.384      14822.926       2248.204
      31778.260      14388.475       2310.831
      32437.236      16208.340       2341.331
      33636.920      14454.301       2335.397
      33353.044      15173.938       2334.894
      31623.531      15029.809       2332.325
      34347.286      15626.691       2374.232
      34719.416      14797.341       2322.885
      36975.123      14596.962       2381.413
      36223.411      14434.432       2322.885
      38497.159      14808.016       2322.856
      39297.878      14520.905       2449.091
      38158.877      14755.133       2408.318
      40047.959      15513.780       2448.766
      40927.777      14733.217       2322.904
      40344.214      14748.908       2323.033
      41755.519      14433.270       2448.688
      42913.441      14834.563       2460.317
      42708.785      14402.522       2318.670
      44793.151      14195.699       2323.084
      45531.109      14742.044       2358.969
      43832.212      15029.327       2383.297
      45988.021      14261.691       2355.201
      46777.933      14854.428       2322.769
      47366.217      15054.643       2401.919
      47141.175      14435.022       2354.783
      46027.543      14829.390       2390.819
      49148.757      15075.526       2343.388
      50063.908      14432.360       2352.552
      48056.628      15125.783       2346.827
      50387.288      14806.038       2322.929
      51236.033      14891.443       2415.704
      49818.035      15019.279       2417.014
      51025.770      14433.981       2309.999
      52672.562      14530.226       2322.963
      53220.711      14594.521       2468.902
      52179.004      14693.685       2469.002
      55630.152      15246.034       2322.672
      56552.692      14518.358       2322.672
      54556.825      16120.765       2322.672
      57678.338      14406.829       2469.048
      56380.330      14974.626       2457.930
      57171.597      14626.082       2322.814
      59114.131      14223.228       2443.506
      60691.932      14671.059       2413.469
      60334.938      14262.470       2322.814
      62320.676      14377.864       2443.779
      62868.452      14883.650       2349.377
      62276.466      14719.318       2469.105
      63030.221      15048.427       2323.040
      65301.468      14946.352       2469.270
      65698.965      14319.713       2469.271
      64292.610      14839.373       2390.089
      66281.422      14802.720       2469.243
      66810.774      14207.980       2252.632
      68335.933      14917.970       2220.644
      67167.058      14895.049       2245.168
      69811.559      15605.009       1863.196
      70291.541      14883.481       1813.548
      70286.379      14376.772       1710.582
      70817.946      15021.455       1732.497
      70852.874      14420.477       1513.569
      72031.142      14665.053       1321.284
      72390.375      14628.064       1340.503
      70854.030      15506.578       1553.185
      74581.947      15009.311       1235.437
      74320.489      14445.820       1025.054
      73516.296      15002.209       1267.378
      76057.744      15611.201        944.243
      76656.962      14878.124        852.723
      74979.672      15512.920        997.459
      79449.065      14646.256        327.248
      79066.678      15102.619        448.945
      77008.348      15100.018        709.497
       2226.486      15254.217        599.409
        667.210      15868.653        331.734
       2126.060      15330.233        646.582
       3250.040      15206.769        935.741
       2665.222      15792.389        854.546
       4604.663      16331.853       1037.035
       4441.337      15156.830        808.019
       3399.263      15696.338        946.058
       4983.923      16311.968       1021.202
       5954.964      15945.504       1050.211
       8054.688      16347.645       1246.139
       6654.761      15705.727       1116.109
       9981.582      16400.845       1664.095
      10762.349      15328.498       1681.809
       8896.117      15721.194       1546.357
      10553.328      15866.382       1872.802
      11252.159      16439.018       1923.332
      13094.926      16073.523       2219.232
      14677.476      15419.123       2281.973
      12483.525      15768.770       2207.820
      17114.323      16062.133       2322.616
      14199.394      15868.953       2322.693
      16924.330      15290.170       2322.646
      18598.503      15241.754       2437.231
      19251.053      15716.765       2386.594
      19609.101      15666.532       2425.084
      18314.899      15701.179       2469.020
      21946.558      15330.796       2322.753
      22661.420      16213.639       2469.041
      22810.618      15826.718       2469.071
      21921.530      15679.173       2388.435
      23304.132      16008.300       2322.802
      25139.811      15740.742       2469.098
      23775.025      15770.484       2466.767
      24176.648      15636.791       2322.838
      24613.868      15237.315       2322.863
      27313.304      16285.921       2322.863
      27291.978      15193.935       2322.863
      30084.184      15984.729       2322.764
      27669.568      16225.913       2322.764
      31391.172      15532.018       2316.500
      31996.546      16032.539       2469.047
      30856.797      15676.652       2454.013
      33513.153      16525.251       2455.534
      34035.247      15757.656       2382.274
      32918.945      16117.203       2455.387
      36158.711      15893.550       2322.885
      36830.328      15168.550       2322.955
      36789.961      15704.765       2408.318
      38883.632      15781.145       2322.863
      43107.212      15287.999       2322.904
      40023.897      15963.382       2322.904
      43965.025      15722.057       2469.173
      44123.938      15233.573       2469.204
      43080.920      15724.766       2417.641
      45191.811      15752.101       2469.173
      45919.565      15294.869       2322.769
      48060.697      15527.447       2322.929
      48677.008      15375.964       2469.014
      51897.429      15468.842       2322.963
      51395.080      15381.965       2322.929
      54210.617      15823.428       2468.974
      53564.725      15317.970       2322.963
      55881.361      15751.396       2322.933
      55103.157      16019.922       2469.012
      56566.963      16859.386       2322.774
      57777.287      15394.126       2322.814
      56269.561      16043.637       2304.239
      59423.698      16283.087       2322.814
      57881.269      16123.688       2322.814
      60400.802      15228.752       2322.814
      61757.496      15245.170       2469.106
      60146.202      15895.331       2469.088
      63359.021      15215.328       2417.689
      62537.572      15453.310       2322.851
      63379.860      15607.624       2469.082
      64902.998      15297.624       2469.275
      65825.614      15829.358       2355.682
      66262.479      15932.163       2442.128
      65284.092      15989.247       2469.274
      66983.827      15225.032       2211.506
      66715.580      16104.300       2323.010
      67209.658      15186.317       2242.466
      68945.566      15507.684       1958.337
      68891.860      15883.741       2098.574
      70115.906      15936.948       1809.161
      73012.996      15523.977       1060.000
      73894.200      15469.586       1319.078
      72532.317      15754.262       1248.240
      75182.412      15647.287       1083.597
      77146.990      15305.188        796.745
      77219.366      15159.557        791.649
      76468.250      15669.073        983.138
      78748.827      16071.916        515.550
      79226.414      15687.578        370.749
      78382.209      15993.424        584.363
        618.162      16922.960        326.778
        907.400      16623.220        399.877
       3947.401      16683.771       1069.151
       2982.766      16681.918        923.188
       2800.885      16165.467        748.860
       6304.517      16204.999        886.158
       6621.957      16574.587       1072.381
       7933.504      16362.631       1287.550
       5985.084      16499.638       1052.591
       8112.632      16630.882       1329.952
      10019.153      16552.771       1617.001
      11013.901      17522.387       1905.663
      10000.762      17012.457       1768.838
      12966.313      17139.326       2216.584
      11159.359      16969.296       2116.905
      12922.296      16356.853       2213.383
      13052.119      16926.093       2287.632
      14675.216      16474.453       2322.693
      15002.641      17033.601       2404.286
      16721.122      16264.710       2468.897
      16637.099      17034.224       2468.913
      14335.024      16719.909       2466.345
      17358.412      16709.869       2408.815
      17550.750      16458.292       2322.880
      18350.318      16185.201       2469.019
      19349.709      16716.466       2399.692
      19063.351      16429.505       2322.880
      19707.592      16666.280       2445.223
      20434.049      16282.625       2380.102
      22584.855      16967.222       2388.435
      19865.669      17044.481       2388.435
      23206.475      16710.125       2359.556
      24108.567      17495.299       2322.838
      25766.246      16286.362       2322.838
      25070.728      17211.393       2322.838
      23326.273      16925.257       2322.838
      25697.946      16842.293       2467.585
      26615.385      16688.252       2461.439
      26809.658      16389.465       2469.093
      28239.310      17470.755       2469.057
      28418.803      16640.550       2322.706
      29262.918      16293.058       2468.996
      27650.822      16787.250       2430.748
      30210.355      16400.430       2322.706
      30460.559      16773.194       2451.531
      30689.508      16147.481       2322.865
      32439.107      16894.861       2322.955
      31920.583      17011.610       2460.173
      34899.239      16747.326       2469.115
      35397.005      16084.328       2469.116
      33905.649      16631.161       2469.115
      36358.281      17193.713       2469.111
      37037.464      16656.395       2469.110
      35911.931      16753.664       2469.113
      38965.397      17001.011       2322.856
      39410.699      16126.812       2322.856
      37646.488      16970.762       2273.674
      39492.521      16598.917       2420.951
      40160.038      16620.991       2468.993
      40423.005      16228.703       2469.263
      42198.421      16952.232       2466.935
      42201.811      16338.938       2415.142
      41179.513      16896.601       2440.713
      42732.370      16786.568       2435.900
      43739.430      16268.674       2469.173
      44753.916      16877.294       2397.475
      43351.002      17079.456       2469.268
      46561.032      17110.298       2322.939
      44969.049      17144.800       2322.939
      46490.487      16138.032       2322.772
      47713.295      17081.755       2322.769
      48907.260      16245.692       2322.779
      49595.259      16957.325       2306.660
      51389.577      16148.763       2322.929
      50161.776      16728.232       2322.786
      48085.975      17220.036       2322.929
      51505.818      16367.826       2322.783
      52156.646      16710.116       2469.003
      51989.742      16164.438       2309.779
      54225.221      16409.889       2322.963
      54623.888      16830.880       2354.086
      53561.592      16852.823       2469.208
      58193.500      16771.755       2469.044
      58083.743      16243.156       2373.463
      57091.028      16756.122       2466.512
      60096.560      17010.289       2464.244
      59884.600      16498.936       2322.851
      59158.563      16886.865       2401.487
      60812.454      17199.494       2322.851
      62695.138      17057.698       2322.851
      62869.705      16671.866       2429.687
      64005.995      16379.399       2469.087
      64990.062      16813.359       2355.682
      64742.260      16835.312       2231.867
      63811.120      16906.838       2469.276
      66709.435      17170.668       2438.016
      66769.597      16483.150       2209.681
      66313.248      16780.000       2355.682
      68508.998      16806.526       2111.959
      68959.190      16357.829       1946.888
      69759.889      16443.545       1790.257
      70946.531      18341.931       1351.633
      71930.750      16887.244       1149.029
      76329.033      16134.950        855.629
      75679.769      16331.552        921.012
      77390.374      16667.499        657.851
      78924.131      16800.082        415.622
        594.941      17558.146        371.590
       2092.978      18063.251        654.561
       3030.816      17148.197        746.705
       3907.345      17222.856       1051.173
       2765.895      17482.452        909.042
       5193.354      17431.610        735.925
       7289.002      18245.882       1037.900
       9044.293      18273.157       1343.709
       8117.991      17813.907       1117.916
       9778.032      17674.223       1618.191
      10663.160      18000.064       1840.418
      11023.773      17653.084       1925.235
      12974.550      18461.058       2195.967
      14333.352      17426.393       2466.333
      13065.965      17648.809       2386.945
      16118.117      17412.428       2469.242
      15671.830      18024.437       2469.231
      14570.828      17799.515       2392.420
      17728.107      17875.282       2469.115
      16764.222      17934.512       2469.123
      19420.891      17890.975       2453.510
      20105.296      17333.301       2469.007
      22153.606      17833.870       2469.024
      22140.155      17297.270       2469.026
      20032.060      18196.191       2468.984
      23236.999      17360.985       2322.794
      25891.230      17904.367       2469.025
      26228.879      17267.245       2469.029
      25079.122      17640.236       2322.794
      26808.917      17750.382       2469.025
      27735.233      17796.589       2469.054
      30264.558      17428.130       2310.026
      29406.943      18023.706       2293.562
      28571.348      18279.118       2322.706
      30877.557      17927.798       2431.990
      30301.239      17639.362       2327.464
      30976.583      17434.359       2364.165
      31630.863      17671.455       2322.955
      31303.872      17941.121       2393.582
      33962.443      17760.846       2469.116
      34420.551      17300.458       2469.117
      33233.048      17437.991       2322.955
      35473.082      17919.705       2394.838
      34955.981      17876.995       2449.729
      37880.138      17466.945       2322.880
      38363.760      17179.395       2469.082
      36985.969      17759.453       2469.110
      39462.222      17371.290       2322.763
      39128.365      17415.657       2322.880
      40968.502      17448.503       2323.157
      42030.622      17361.434       2469.047
      43009.780      17549.618       2323.017
      43428.435      17396.156       2469.284
      45354.200      17767.698       2469.141
      45464.749      17379.231       2469.076
      47236.183      17917.987       2468.999
      46617.678      17922.618       2423.548
      47287.252      17371.916       2402.144
      48701.730      17309.582       2469.112
      48708.148      17828.253       2469.114
      50001.682      17792.245       2466.165
      49597.896      17753.208       2399.484
      52439.643      18349.219       2322.783
      52261.943      17258.096       2322.783
      52851.146      17435.332       2322.914
      53642.406      17244.752       2469.208
      52640.923      17898.796       2444.263
      54676.137      17540.639       2322.914
      55622.526      17199.913       2469.169
      56645.005      17883.350       2469.163
      57241.485      17186.925       2469.163
      56277.348      17357.610       2322.914
      58166.935      18223.659       2469.126
      58862.389      17862.741       2455.578
      57746.866      17899.354       2469.153
      59438.201      17299.649       2468.890
      62240.599      17322.169       2468.898
      59567.417      18137.024       2468.912
      63874.993      17223.732       2469.219
      62644.798      17389.894       2322.652
      62793.097      17890.521       2446.989
      64611.695      17430.657       2322.975
      64777.485      17789.463       2433.842
      66354.126      17881.488       2355.682
      68084.268      17382.172       1860.333
      67773.471      18196.645       2123.510
      69885.603      17765.542       1594.459
      69217.028      18503.514       1781.408
      72418.640      17654.725       1129.843
      71032.578      18403.326       1349.585
      73006.643      18233.884        891.193
      74351.572      17851.467        680.408
      73147.235      18389.241        837.587
      78581.764      17863.329        414.902
      76796.312      18363.031        623.012
      79301.198      18050.190        367.718
       2211.414      18152.835        597.844
       1225.705      18874.512        450.875
       2468.831      18160.084        694.054
       4011.480      19202.417        582.604
       5325.926      19514.397        799.812
       9047.998      18624.345       1439.706
       9896.608      19230.165       1645.026
      11178.083      19751.412       2047.359
      10800.595      18332.300       1817.589
      13534.137      18941.900       2322.891
      13700.594      18493.662       2322.997
      12782.038      18923.816       2320.845
      15030.092      19900.820       2322.997
      16125.247      19122.334       2322.997
      14511.408      18891.576       2322.891
      16967.103      18777.446       2469.061
      17031.435      18490.824       2469.124
      18098.651      18887.110       2350.169
      18791.230      18525.580       2445.326
      19252.890      18816.127       2322.755
      20128.096      18526.243       2468.999
      19861.938      19045.054       2452.822
      18808.573      18874.190       2468.998
      21429.549      18795.180       2322.854
      22282.064      18325.004       2469.024
      22727.964      18827.630       2469.024
      23590.005      19764.333       2322.875
      22654.045      19336.306       2322.794
      25914.885      18781.567       2445.403
      24756.086      18933.583       2445.403
      27522.317      19062.337       2469.128
      27397.498      18433.600       2469.055
      28218.573      18961.017       2389.429
      30039.187      19981.493       2327.464
      30874.959      18460.336       2327.464
      28375.686      19239.814       2327.464
      31039.131      18706.528       2322.817
      31922.867      18838.661       2469.194
      34179.220      18357.936       2322.955
      33569.110      18790.326       2469.206
      34368.923      18890.741       2418.533
      35508.776      19121.925       2468.923
      36091.041      18911.196       2469.113
      34885.983      18933.505       2469.114
      37407.233      19510.830       2467.755
      38100.547      19040.273       2467.755
      37166.622      18932.438       2467.755
      38552.710      19291.670       2322.880
      39384.244      18467.038       2322.763
      40259.547      19150.570       2322.880
      41927.642      18462.397       2322.794
      42080.588      19382.841       2322.763
      44386.024      19148.607       2323.157
      43323.212      18374.782       2323.068
      46155.430      18460.915       2323.017
      44616.226      18985.841       2313.456
      47081.488      18468.490       2433.736
      45577.524      18879.441       2469.125
      48714.694      18959.401       2469.143
      48646.463      18361.722       2469.107
      47571.023      18936.152       2391.998
      49672.190      18869.927       2431.278
      50707.768      18638.771       2323.031
      52004.090      18475.680       2469.044
      50075.911      18908.871       2450.577
      53020.142      18528.505       2322.914
      52487.242      18767.224       2323.031
      56430.748      18579.292       2322.914
      53057.278      19069.289       2322.914
      55768.139      18925.830       2469.149
      56832.173      19017.010       2367.390
      59293.157      18458.243       2322.652
      59213.044      18835.402       2351.808
      58284.628      18877.805       2469.124
      61735.168      19312.036       2322.652
      60780.553      19674.543       2322.652
      60034.322      18950.490       2322.652
      62335.506      18458.007       2322.652
      62957.905      18436.463       2322.975
      62292.221      19038.055       2442.849
      63546.877      18676.362       2322.844
      64598.884      19192.806       2322.975
      65360.528      18325.534       2439.290
      65237.276      18628.274       2410.311
      66684.809      18676.751       2365.659
      67060.869      18245.395       2290.490
      67683.823      18595.102       2108.752
      66965.852      18987.753       2311.170
      70952.669      18907.771       1397.312
      69204.487      19057.005       1628.799
      73641.724      19152.949       1098.258
      72973.230      19326.130       1092.604
      75797.395      19149.247        849.087
      76060.248      18398.004        849.496
      76818.978      18788.707        736.196
      77002.750      18421.122        693.945
      76370.143      19016.823        859.204
      79295.489      18764.893        352.524
      78823.014      19222.426        462.558
       2093.644      20688.776        563.209
       1226.768      19727.332        465.352
       5050.122      19607.756        835.129
       3307.859      20200.515        825.725
       4742.330      19854.280        969.002
       5983.952      20040.285       1044.832
       4959.074      20515.579       1068.449
       6478.269      20045.339       1014.232
       9135.266      20490.209       1473.905
      10013.376      21124.348       1831.458
       9794.601      19937.098       1705.407
      12248.416      20000.677       2373.339
      13042.084      20256.765       2379.772
      12945.529      19365.322       2322.891
      12284.403      19395.676       2153.895
      13475.642      20365.966       2322.891
      16356.815      19953.168       2452.512
      17091.204      19287.509       2469.000
      15782.716      19714.145       2469.228
      17182.523      19941.533       2469.044
      20576.153      19831.832       2322.854
      20369.410      20001.148       2363.122
      19912.147      19672.235       2322.755
      22600.560      19707.811       2322.901
      22122.059      19684.240       2322.854
      24850.955      20047.685       2459.465
      25449.800      19320.735       2469.039
      24209.634      19698.669       2322.901
      26630.302      19400.384       2322.898
      27408.953      19316.040       2469.129
      25842.047      19870.041       2469.113
      29160.463      19854.060       2469.147
      27970.554      19727.223       2322.898
      31448.445      20051.979       2322.817
      32324.260      19279.632       2322.817
      32570.843      19553.923       2322.785
      33033.172      19874.564       2469.188
      33440.185      19343.591       2469.193
      34763.229      19907.980       2468.836
      34258.608      19762.731       2322.879
      36938.800      19791.632       2387.325
      36142.996      19880.932       2468.836
      39196.391      19499.781       2469.011
      37866.308      19895.398       2469.134
      40267.667      19445.313       2322.904
      40552.166      19609.231       2322.805
      41672.941      19434.121       2469.006
      42393.772      20026.733       2394.404
      43061.319      19447.912       2469.085
      42664.352      19633.956       2322.810
      42075.585      19652.332       2322.805
      44999.839      19265.559       2322.877
      46501.592      20322.778       2322.876
      45679.318      19824.948       2322.876
      47195.297      19364.364       2301.496
      49040.436      19453.292       2468.991
      49087.015      20170.481       2468.990
      46966.594      20031.509       2468.966
      50912.047      19978.508       2469.157
      50058.466      19492.107       2323.031
      53256.202      19919.174       2469.264
      52155.368      19717.779       2469.265
      53456.461      19206.392       2469.155
      55160.832      19911.968       2469.177
      55850.570      19352.941       2469.150
      54270.842      19961.725       2469.186
      56405.943      20357.561       2469.174
      57099.014      19704.551       2322.893
      56224.692      20003.155       2469.183
      58246.805      19203.063       2453.173
      59214.257      19688.525       2433.015
      58689.586      19403.720       2322.894
      61759.534      20487.466       2469.086
      62346.595      19881.763       2400.791
      61673.899      19741.788       2322.838
      64436.999      19449.442       2322.845
      64871.849      20053.023       2428.406
      65295.727      19412.492       2409.286
      64098.141      19712.102       2469.087
      66700.091      19722.327       2312.963
      65407.205      20282.452       2410.587
      67611.369      19448.764       1833.085
      66997.908      20439.448       2121.751
      68867.698      19777.750       1755.631
      69212.850      19161.985       1627.385
      71062.517      19303.599       1267.013
      71447.214      19316.691       1409.113
      71034.121      19376.075       1292.859
      73272.701      19514.300       1155.686
      72695.468      19838.387       1202.540
      73938.674      19721.434        933.971
      74574.205      19944.306       1130.050
      75591.069      20320.530       1035.507
      76543.815      19863.213        923.819
      75140.952      20045.627       1054.880
      77089.242      20050.605        803.895
      77567.291      19378.155        764.460
      78961.135      19608.720        445.836
      78899.769      20065.998        593.104
      77652.756      20292.890        795.246
       1564.960      21127.736        523.252
       3046.791      20504.284        709.683
       3773.355      20907.432        993.411
       3522.890      20309.302        875.099
       3017.874      20498.343        713.914
       4175.684      20797.286        932.885
       5389.389      20445.161       1226.201
       5781.345      21308.302       1382.739
       4903.047      20604.357       1069.140
       6122.151      21447.894       1273.852
       6774.974      20456.044       1128.844
       8942.630      20643.164       1494.882
       6357.906      21241.901       1383.977
       8139.774      20934.508       1715.198
      11911.190      21226.627       2149.752
      10913.239      20540.572       2038.431
      13693.356      21458.790       2469.046
      12960.379      21215.743       2459.254
      14177.133      20429.569       2469.131
      12919.988      20846.840       2370.208
      14843.572      20468.779       2322.813
      15138.155      20722.450       2396.785
      15682.145      20414.484       2456.976
      16847.655      21109.631       2469.075
      16634.858      20548.511       2322.755
      16166.113      21434.029       2469.045
      18935.400      21344.470       2322.755
      17598.951      21280.219       2322.755
      20119.378      20389.968       2322.755
      20924.955      21023.613       2469.089
      20748.848      21387.189       2469.100
      19609.642      21158.011       2469.154
      22991.193      21102.705       2322.854
      22246.077      20428.936       2322.901
      21348.254      21315.184       2322.854
      24925.563      20566.018       2322.901
      24877.486      21430.357       2469.112
      25562.397      20599.455       2322.898
      24267.156      20903.727       2469.148
      26521.681      20902.855       2322.898
      28184.085      20847.665       2322.654
      28378.903      20361.128       2322.654
      29172.398      20210.003       2469.129
      30719.133      20929.283       2469.049
      30522.678      20319.088       2322.785
      30022.289      20525.337       2322.654
      33108.632      20539.856       2322.785
      33168.639      21143.489       2322.785
      33432.539      20909.241       2355.010
      36540.976      20317.349       2468.926
      35199.924      20710.627       2322.879
      37043.639      20443.472       2322.604
      37733.526      20824.333       2469.139
      40182.868      21416.612       2322.904
      39601.776      20337.886       2322.904
      41362.439      21106.647       2322.805
      42104.485      20496.165       2322.805
      43122.169      20769.507       2469.148
      42739.856      20516.698       2322.810
      42005.892      20930.336       2421.616
      46163.691      20600.918       2322.810
      46634.827      21158.010       2407.185
      46764.926      20847.349       2335.051
      45425.945      20918.149       2469.045
      49405.428      20488.043       2322.735
      50858.174      20335.637       2469.119
      49394.653      20585.262       2335.051
      50745.262      20901.959       2469.131
      51660.334      20799.767       2412.519
      52654.069      20459.784       2469.275
      54645.131      20611.713       2469.187
      52761.595      21001.565       2469.196
      54696.847      21050.525       2469.186
      59209.199      20262.062       2322.894
      59442.227      21336.648       2322.894
      56242.216      21124.860       2322.894
      59627.994      20840.159       2445.735
      59840.409      20251.283       2322.838
      59950.753      21238.587       2322.838
      62649.926      21253.720       2469.107
      62956.056      20453.824       2322.869
      63873.310      20419.753       2469.125
      62170.330      20809.758       2469.076
      65307.601      20633.221       2322.769
      64736.649      20830.990       2322.869
      65237.814      21139.682       2324.407
      66873.430      20974.874       2174.681
      69111.616      20633.541       1634.211
      68933.346      21603.392       1809.859
      70679.777      21524.159       1311.111
      71328.984      20536.190       1125.923
      74958.788      20302.670       1013.119
      74911.734      20190.954        976.518
      76768.476      21134.305        843.102
      77199.675      21031.358        743.001
      77752.177      20603.813        793.818
      75847.751      20978.587        992.506
      78995.553      20614.470        406.160
      79324.204      20958.037        330.509
       2133.606      21904.305        509.069
       1563.660      21639.304        528.924
       3480.573      21930.122        773.013
       2576.919      21660.806        623.287
       5066.486      22280.494       1138.081
       4140.991      21541.807        890.793
       6876.615      21301.062       1505.470
       6050.880      22006.450       1377.236
       5945.275      21789.595       1314.247
       7812.761      22155.674       1724.756
       9036.825      21634.372       1773.405
       6799.364      21526.405       1578.898
       9139.303      21988.340       1853.717
       8976.359      21824.143       1820.223
       9587.755      21505.911       1904.563
      10131.781      22239.271       2022.915
      10208.144      22192.972       2019.232
      12161.123      21963.977       2344.429
      11600.525      21553.962       2265.745
      14654.713      21751.772       2469.043
      18388.463      21618.168       2469.075
      16692.044      21934.390       2469.075
      19743.332      21866.737       2469.058
      18811.334      21781.881       2322.845
      22352.597      21419.134       2469.145
      21237.114      21991.331       2355.445
      22877.612      21648.828       2431.720
      23320.886      21528.259       2322.824
      23901.214      21737.421       2469.137
      26107.277      22390.047       2322.875
      26926.087      21196.611       2322.875
      24729.752      22031.467       2322.875
      27379.361      21742.500       2415.568
      27563.258      21212.467       2322.654
      26853.873      21778.374       2468.997
      30915.984      21539.653       2322.654
      27960.882      22134.115       2322.654
      32645.965      21412.658       2469.117
      30576.071      21840.333       2468.903
      31067.963      21867.111       2322.818
      31365.155      22069.394       2390.604
      32803.234      21716.892       2469.113
      33467.331      21833.089       2400.735
      36059.743      22065.008       2322.879
      33696.717      22106.729       2322.879
      35047.410      21331.505       2322.604
      37921.530      21450.693       2322.604
      38931.275      21977.503       2469.140
      38323.183      21772.848       2322.866
      39342.150      21531.651       2469.147
      37587.172      21717.236       2468.907
      40545.643      22508.326       2469.049
      41100.124      22140.722       2469.045
      41018.143      21463.879       2426.128
      40034.310      22044.328       2433.184
      43242.929      22375.805       2322.915
      41777.274      22299.575       2322.915
      44052.751      21192.841       2322.915
      44398.398      21512.678       2322.835
      43905.547      21911.247       2469.065
      45580.342      21434.475       2469.047
      46486.868      21777.152       2322.835
      48498.433      22322.592       2335.051
      46851.105      22221.348       2335.051
      49228.348      21537.730       2335.051
      49607.203      22129.334       2410.142
      50689.374      21462.416       2469.130
      49183.293      22072.217       2449.931
      52654.790      21919.220       2469.191
      51151.180      21952.731       2469.124
      52813.132      21440.514       2469.175
      54877.974      21404.965       2469.174
      53700.187      22017.725       2393.979
      55646.041      21548.506       2322.944
      56759.658      21443.985       2469.174
      58117.937      21893.467       2418.238
      57699.665      22030.380       2361.770
      58676.985      21544.015       2469.126
      56571.670      22119.480       2469.176
      59936.541      21715.447       2322.792
      60657.528      21443.135       2469.087
      62062.911      21859.373       2451.229
      61356.792      21640.104       2322.792
      64717.920      22313.467       2322.869
      63724.260      22233.885       2322.586
      65203.241      21707.319       2409.474
      64959.774      21871.670       2444.500
      65083.886      21258.857       2260.275
      66068.775      23137.043       2260.452
      67229.533      21535.482       2110.843
      67342.212      21986.209       2226.849
      68948.040      21910.927       1911.497
      67646.823      22223.288       2102.463
      68985.462      22661.360       1639.911
      70708.815      21984.843       1388.495
      73080.007      22022.112        789.882
      74543.825      21184.245        905.082
      75377.335      21374.191        835.649
      77298.318      21676.359        563.850
      77524.690      21543.331        647.869
      76686.820      21739.142        718.615
      79348.130      21628.199        383.057
      78918.781      21698.243        369.030
        484.796      23112.613        313.994
       2736.709      23602.689        712.804
       1765.931      22796.923        507.967
       2042.040      22879.854        474.190
       3598.921      22890.745        844.746
       4026.621      22968.160        872.805
       5858.958      23079.490       1267.508
       5242.919      22641.805       1018.635
       6068.759      22588.096       1366.568
       7827.108      22557.500       1634.236
       8139.875      22619.014       1520.393
       8611.668      23104.314       1778.104
      10221.934      22595.706       2089.529
      11061.818      23134.709       2258.427
      12061.237      22346.766       2269.900
      13737.783      23025.694       2459.493
      13402.619      22305.745       2459.058
      12191.180      22999.675       2440.208
      15043.279      22268.564       2469.046
      16532.333      22822.361       2469.075
      16055.707      22892.586       2444.214
      15180.943      22783.075       2469.046
      16314.665      22355.578       2322.845
      18612.447      22521.518       2322.921
      18981.980      23470.003       2322.845
      19280.704      23287.129       2323.104
      20781.685      23241.547       2323.104
      20741.627      22372.144       2323.104
      21062.176      22874.008       2399.575
      22686.918      22996.193       2431.720
      23847.834      22800.673       2469.062
      24934.275      22931.839       2469.062
      25379.501      22470.623       2469.055
      26234.417      22995.877       2322.831
      26539.553      22806.184       2322.754
      25802.283      23138.134       2446.455
      28698.497      22327.731       2452.112
      28631.848      23023.262       2452.112
      29567.357      22541.592       2322.818
      29275.021      22831.173       2405.035
      32777.996      22423.358       2469.110
      32794.161      23205.555       2469.017
      31223.922      22706.832       2322.818
      33456.407      22938.797       2425.289
      35037.354      23274.511       2406.787
      34505.168      22936.844       2301.879
      35818.508      22266.823       2406.788
      33780.261      23126.439       2406.787
      36396.962      22511.347       2322.854
      35753.980      23110.131       2468.834
      37162.991      23085.966       2468.876
      36669.269      22235.079       2322.866
      37829.173      23351.048       2322.866
      39621.909      22809.591       2322.991
      39001.865      23766.457       2469.098
      40134.395      22954.251       2465.468
      39255.352      22781.405       2380.508
      42040.635      23144.219       2464.114
      42538.666      22607.425       2469.149
      41142.403      23002.811       2449.002
      43607.647      23449.776       2469.065
      42940.787      23164.529       2469.065
      43901.768      23014.711       2431.895
      46220.839      23464.665       2322.835
      46342.614      22508.761       2322.835
      48055.639      22546.618       2469.071
      46951.786      22652.318       2323.039
      46579.735      23070.589       2415.046
      48648.562      22775.491       2292.235
      49320.125      22823.935       2323.039
      49547.126      23670.309       2469.151
      50067.041      23032.996       2425.184
      51809.762      23086.324       2322.774
      50787.876      23201.091       2322.888
      52385.844      22863.696       2318.172
      53223.497      22476.048       2322.888
      54063.941      22905.568       2455.158
      53345.268      22747.233       2322.809
      55115.030      23479.328       2469.182
      55780.078      22807.797       2322.793
      56648.911      22532.642       2469.176
      55053.801      22968.212       2423.930
      58018.213      22652.687       2322.843
      57556.335      22673.901       2322.793
      59413.076      22361.694       2322.792
      62224.361      22325.647       2322.792
      59740.587      22946.330       2322.843
      62718.264      22980.210       2468.901
      61634.104      23012.792       2469.108
      62779.724      22515.448       2322.586
      64667.601      22707.523       2322.586
      64888.524      23686.034       2453.667
      65494.870      22930.818       2426.330
      67652.809      22615.546       2230.228
      66369.189      23054.080       2364.182
      69236.509      22865.208       1762.854
      67761.646      23501.627       1954.734
      70144.814      23225.947       1575.344
      70847.692      22577.698       1360.008
      72478.933      21939.468        906.376
      73690.300      23492.877        970.455
      75843.075      22019.582        642.904
      77783.880      23586.189        547.436
      76241.297      22921.010        454.677
      76190.388      21896.039        526.480
      79319.913      22943.883        326.852
       1570.722      24475.668        492.869
        493.375      23953.227        280.193
       1997.519      24293.192        485.478
       4210.313      23892.109        730.160
       4772.945      24223.262        917.762
       7425.889      23958.131       1425.125
       6145.721      23512.319       1126.448
       6198.542      23771.440       1212.533
       9123.931      24202.072       1753.586
      10009.584      24383.872       1832.426
      11688.295      23998.645       2349.998
      12847.049      24765.727       2452.196
      13702.499      23411.434       2452.607
      13640.593      24246.256       2452.637
      12009.897      24021.414       2323.550
      15226.295      23416.721       2469.083
      16213.832      23900.889       2350.612
      15178.164      24002.478       2469.089
      17120.221      24379.504       2469.138
      17734.743      23943.056       2469.125
      16690.289      23830.723       2420.996
      18162.371      23496.196       2469.128
      20166.555      23499.852       2469.122
      18842.677      24053.391       2437.785
      21268.444      24013.269       2451.114
      20795.154      23566.191       2322.885
      22123.857      23364.915       2469.070
      23165.563      23624.963       2311.177
      23841.420      24000.567       2469.065
      22328.767      23985.150       2469.091
      24270.552      23467.977       2469.071
      24928.209      24131.802       2462.927
      28239.670      24213.848       2322.754
      28877.173      23341.067       2322.754
      26879.621      23863.654       2322.831
      29514.139      23335.425       2322.818
      29878.606      23992.466       2469.006
      30485.188      24316.522       2322.818
      30955.253      23291.833       2322.818
      32722.094      23449.165       2469.003
      30917.976      23960.995       2468.997
      33424.804      24116.261       2428.284
      33125.778      23650.945       2322.766
      33664.263      24490.665       2322.967
      35223.869      24145.931       2322.967
      35664.057      23822.292       2322.854
      37420.506      24583.876       2469.199
      38164.723      23999.346       2454.769
      37366.251      23777.231       2322.854
      38560.615      24073.352       2334.540
      40805.001      23695.193       2322.765
      41544.229      23560.019       2469.039
      40444.127      23666.637       2322.990
      42586.279      24587.110       2469.039
      42186.658      23892.005       2322.765
      44471.240      23702.193       2322.803
      45060.156      23474.177       2468.957
      44070.405      23836.713       2401.973
      46936.723      24124.347       2455.753
      46813.363      23572.616       2323.039
      46222.958      23787.066       2322.803
      49287.723      24418.411       2323.039
      47570.554      24370.685       2323.039
      50740.162      23630.785       2322.774
      50010.996      24027.516       2469.147
      53448.103      24068.089       2322.809
      54267.415      23318.919       2322.809
      52258.522      23996.470       2322.809
      54647.375      23825.986       2398.061
      54114.419      23817.700       2465.124
      57845.720      23478.902       2322.843
      58370.619      24185.665       2322.793
      55004.062      24217.613       2322.793
      60409.638      23674.401       2322.843
      61810.763      23695.893       2469.024
      60760.247      24231.180       2395.929
      61032.561      23807.279       2322.671
      59694.781      24015.873       2469.084
      63087.317      23548.968       2286.501
      63875.455      24968.040       2322.587
      63149.759      23752.514       2314.172
      64590.806      24131.452       2322.587
      66138.090      23321.266       2247.117
      66384.550      23694.689       2402.663
      65328.441      23895.302       2457.968
      67861.260      23888.825       2108.228
      67121.970      24070.180       2229.042
      70025.957      24103.835       1717.031
      68062.740      24654.190       1836.077
      71516.819      23886.705       1372.817
      70066.573      24725.441       1478.150
      72313.444      23464.111       1436.052
      71068.053      23227.695       1101.875
      73218.734      23773.330       1240.849
      73129.551      23589.110       1171.510
      72707.389      23994.958       1365.605
      73800.773      24061.852       1134.796
      73809.164      23547.641        970.595
      75326.212      23257.925        676.877
      75696.129      24000.140        896.728
      74065.952      24470.509       1002.518
      75092.450      23341.554        581.762
      77214.825      23393.950        776.960
      77881.244      23976.112        689.903
      77896.619      23592.798        580.806
      76695.825      24137.092        927.249
      78261.324      24431.464        564.214
       1340.807      24957.551        469.095
       3455.817      24812.162        599.306
       2945.119      24564.016        485.972
       5994.191      24404.897       1033.705
       5383.512      24857.384        857.232
       7573.460      24302.371       1354.820
       6244.390      24518.237       1051.643
       9106.754      25332.101       1503.942
       8163.251      24906.754       1389.255
      10133.582      25102.625       2008.976
      11303.362      25304.315       2075.803
      11720.048      24698.129       2325.526
      12681.104      24929.476       2451.397
      14779.947      24903.612       2459.449
      15291.289      24377.177       2469.148
      13733.733      24894.781       2456.396
      15815.479      24801.774       2469.139
      16756.516      24824.146       2467.987
      18704.230      25041.935       2436.156
      17800.728      24936.498       2469.137
      21154.299      24638.356       2322.885
      19732.601      25126.318       2322.885
      21722.888      24831.931       2322.719
      21232.600      24842.656       2322.836
      21785.099      24568.550       2322.527
      24191.769      24581.207       2322.527
      23803.811      25105.395       2322.527
      22799.070      24861.111       2307.637
      24633.243      25003.692       2340.142
      25731.485      25209.395       2469.063
      24816.023      24625.292       2322.831
      28101.942      24473.359       2322.831
      29536.544      25098.180       2469.076
      29491.358      24551.367       2469.002
      27424.563      24996.968       2469.073
      30354.388      25033.036       2375.423
      30397.009      25240.765       2322.766
      32351.363      25437.327       2322.766
      33118.354      24653.550       2322.766
      34439.055      24542.623       2469.211
      34480.591      25182.452       2469.153
      32990.660      25198.518       2453.219
      35487.231      25015.130       2446.588
      35762.469      24341.619       2322.854
      37104.633      24996.448       2322.854
      35726.981      25404.951       2322.854
      38650.488      24712.818       2323.589
      37983.713      24831.605       2469.226
      40369.089      24477.738       2322.990
      40618.941      25028.985       2452.803
      42461.723      25300.660       2322.765
      40697.164      25416.683       2322.765
      44203.789      24840.861       2469.034
      43253.303      24872.480       2469.033
      45659.913      25084.842       2322.803
      46413.627      24425.155       2322.803
      47053.133      24504.690       2229.845
      47967.093      25179.792       2468.943
      48791.722      24651.428       2468.965
      49809.860      24663.528       2322.774
      48983.975      25161.560       2469.144
      53581.246      25249.086       2322.774
      53328.498      24373.065       2322.774
      49779.146      25364.724       2322.774
      53764.430      24831.100       2401.978
      55404.895      24406.159       2469.066
      54297.361      24839.406       2449.684
      57622.347      24415.725       2469.083
      56701.200      25088.232       2422.356
      56854.259      24683.866       2322.555
      56293.441      24664.930       2322.951
      59206.620      24835.325       2469.075
      59350.630      24447.492       2468.966
      58462.545      24554.521       2322.555
      60375.288      25151.435       2425.994
      61105.178      24663.872       2322.671
      62267.263      24952.110       2322.709
      63683.544      25077.876       2322.670
      65369.105      24315.742       2408.113
      64378.471      24812.663       2450.043
      66860.508      25129.610       2403.812
      66522.487      24507.172       2322.815
      67256.545      24754.810       2367.414
      68326.540      24774.450       1946.622
      67728.750      25454.917       2111.775
      69972.315      25285.097       1693.610
      70130.115      24750.738       1503.445
      72607.456      24664.021       1261.830
      71833.669      25044.845       1237.884
      74421.661      24611.695       1106.453
      73877.962      24707.597        914.111
      76124.081      24444.238        682.748
      76633.785      24468.737        877.774
      76090.518      24172.231        770.322
      78217.060      24558.383        533.842
      78811.439      25012.647        443.799
       2134.014      26559.714        616.221
       2552.981      26406.993        736.156
       5966.759      26000.846        779.081
       8053.627      26220.741       1123.880
       6574.994      25699.035        909.347
      10053.115      26405.533       1751.689
       9213.429      25824.692       1569.136
      12855.088      25314.976       2337.565
      11686.513      25928.282       2318.961
      13007.515      25571.077       2327.645
      14258.482      25319.258       2469.152
      15372.614      25837.049       2397.571
      15022.894      25478.407       2322.885
      15690.620      26147.588       2322.726
      17193.993      25921.045       2410.888
      18089.775      25478.290       2469.138
      19312.317      25583.448       2322.836
      18097.398      26026.558       2469.142
      21242.919      27049.937       2322.836
      19381.351      26410.122       2322.836
      21252.313      26184.012       2322.836
      21302.407      25841.394       2417.467
      21407.692      25343.388       2322.719
      22283.929      26019.753       2295.971
      23364.240      25536.709       2322.737
      21743.181      26143.241       2322.719
      24403.651      26306.391       2316.328
      22502.289      26193.194       2322.737
      26918.890      25912.611       2442.167
      26747.218      25529.251       2322.769
      26114.623      25702.091       2340.142
      29829.893      25461.793       2322.769
      29308.022      26534.873       2322.769
      29850.265      26088.756       2469.212
      31180.285      25932.283       2469.224
      31348.052      25563.034       2469.226
      32985.587      26081.097       2426.080
      32408.026      25998.121       2331.488
      35180.617      25667.525       2334.232
      35473.356      26601.460       2469.144
      36400.667      25461.382       2469.228
      35902.205      26104.619       2424.777
      36773.369      25911.085       2469.307
      37832.358      25955.708       2469.231
      40299.167      26261.860       2323.589
      40195.658      25648.863       2323.589
      41111.935      25603.033       2431.456
      42105.998      26132.377       2468.995
      41151.237      25967.508       2469.043
      42997.156      25647.118       2322.597
      43680.911      25441.413       2469.045
      42602.861      26106.630       2448.390
      44610.386      25727.563       2322.597
      44949.355      25431.599       2322.712
      48158.810      25639.166       2322.712
      45911.532      25885.180       2322.597
      48979.091      25568.437       2396.316
      47859.661      25987.610       2468.964
      49272.167      25719.356       2322.913
      50178.584      25540.038       2469.111
      53223.793      26421.343       2469.054
      53193.412      25440.253       2469.052
      51531.480      26126.015       2254.509
      51238.921      25801.141       2350.123
      53871.973      26029.492       2464.531
      56506.793      25604.234       2322.951
      57152.550      26170.255       2435.078
      56105.059      26002.719       2468.786
      58320.240      26695.563       2322.625
      57565.817      26378.472       2322.555
      59345.778      25999.753       2322.650
      59639.534      25519.920       2322.555
      60274.122      25575.237       2322.709
      63613.741      25334.681       2322.709
      60897.102      25970.599       2322.716
      61760.584      26440.139       2322.708
      62251.564      26056.312       2291.343
      63508.283      25624.721       2408.363
      63857.637      25593.428       2322.849
      65004.122      27335.534       2322.815
      66446.994      25661.016       2322.815
      64318.319      26098.850       2322.849
      65744.492      26212.932       2322.815
      66371.240      26089.761       2405.855
      67007.098      25849.996       2274.547
      67727.893      25820.290       2222.084
      69082.832      26987.101       1945.344
      69956.662      25884.170       1769.253
      71797.848      25877.286       1360.300
      70095.074      26658.092       1534.616
      75005.947      26232.516        967.578
      73866.449      26481.349        841.795
      76618.037      26463.628        721.220
      78375.827      26471.465        525.877
      78815.494      25825.871        461.857
      76796.994      26641.010        637.333
       1297.834      27344.363        491.663
       2186.185      26595.068        592.973
       2205.520      26604.701        588.476
       3445.592      26540.249        970.979
       2246.422      26643.380        608.657
       4451.029      26932.868        895.236
       4743.138      26538.895        921.537
       4083.879      26555.500        732.823
       5422.093      27179.138        834.618
       7953.085      28183.136       1416.907
       7649.244      27006.147       1316.137
       9081.919      27206.466       1638.175
      10657.711      27145.741       1978.236
       9983.216      26670.578       1787.840
      12992.299      27275.136       2322.005
      12153.545      27314.822       2284.860
      12688.426      26568.141       2267.601
      11967.590      26792.749       2117.567
      13242.027      27140.643       2318.287
      13842.736      26718.526       2322.756
      15121.828      26361.964       2322.885
      16503.774      26420.581       2468.966
      17171.858      27093.326       2440.262
      18168.619      26541.389       2469.141
      18099.881      27054.943       2469.227
      16911.071      26599.866       2322.706
      20270.114      26969.249       2469.161
      19066.578      27127.078       2399.311
      21459.535      26845.058       2385.849
      22695.590      26992.291       2469.152
      21800.103      26807.322       2450.554
      22888.829      26384.610       2469.015
      24823.749      27161.731       2454.544
      23726.350      27239.561       2468.987
      27031.012      27287.091       2340.142
      27045.188      26303.063       2340.142
      28867.305      26600.837       2469.016
      27380.881      26883.434       2421.450
      29497.388      27254.759       2399.838
      28759.025      26998.254       2469.218
      30367.908      27874.299       2322.981
      30974.905      27542.911       2322.981
      31763.368      26486.054       2322.981
      29617.553      27504.698       2322.981
      31706.231      27098.290       2469.146
      32797.507      26963.202       2469.131
      33716.517      26552.605       2317.339
      33510.151      27087.347       2437.980
      35152.316      27147.627       2322.900
      33798.041      27450.876       2322.900
      37333.812      26598.749       2469.309
      35853.755      26926.864       2416.616
      39350.433      27198.992       2469.241
      39493.106      26516.526       2469.241
      38385.161      27224.592       2423.606
      38092.816      26752.695       2323.077
      40450.768      27071.965       2468.173
      40857.092      26567.585       2322.670
      41280.659      26517.696       2468.913
      42794.115      26727.927       2322.597
      43530.578      27172.357       2322.670
      46120.851      27366.520       2322.597
      46205.560      26693.185       2322.597
      46839.760      26648.576       2322.913
      47093.935      27155.515       2468.943
      46467.616      27098.851       2354.923
      49398.945      27350.626       2322.913
      50339.505      26671.488       2322.761
      51114.837      26299.481       2350.123
      53169.489      26592.402       2469.038
      53803.533      27112.432       2353.614
      54311.631      27048.939       2416.253
      54667.031      26512.526       2469.188
      53560.027      26830.368       2322.761
      55120.702      26844.310       2447.510
      55478.440      26627.081       2322.998
      56163.741      26437.362       2469.069
      57698.196      27157.381       2399.586
      57201.055      26838.355       2322.998
      60604.938      27504.602       2322.716
      61428.498      26678.954       2322.716
      59819.708      27675.185       2322.716
      59253.396      26834.680       2322.812
      61804.269      27745.596       2469.097
      61245.411      27272.321       2469.080
      62308.870      27088.224       2453.780
      62757.681      26990.050       2371.436
      64734.873      27475.815       2322.849
      66343.849      26686.541       2372.985
      66192.010      26435.763       2286.727
      65483.295      27047.580       2469.150
      67935.501      26548.889       2089.388
      67767.143      27160.082       2269.892
      70099.726      26804.194       1529.669
      69905.838      27141.527       1639.167
      72068.648      26839.377       1123.354
      72382.017      26676.362       1222.756
      71367.350      27148.542       1340.309
      73451.706      27035.137       1083.745
      74482.324      26507.944       1059.874
      75724.451      26490.113        685.621
      75654.520      26576.119        726.491
      76168.618      26563.733        858.056
      76848.889      26710.358        657.150
      79316.543      27233.363        364.706
       1302.755      28053.511        466.116
       3126.747      28421.394        667.197
       6921.498      27641.402       1043.193
       4069.795      28180.875        915.440
       6982.110      28191.497       1223.809
       8985.282      27779.816       1508.119
       9854.547      28207.468       1759.401
       8625.492      27909.231       1641.578
      10879.902      27514.925       1848.223
      10982.355      28091.428       2068.023
      11993.063      27887.166       2114.492
      13260.774      27962.769       2390.385
      13592.341      27434.879       2322.706
      14578.890      28336.305       2465.495
      15190.337      28403.376       2322.706
      16830.418      27649.364       2322.706
      17209.083      28662.603       2468.945
      18298.929      27669.498       2468.950
      17372.053      27940.151       2322.984
      19041.599      28338.359       2469.019
      19260.059      27820.726       2322.780
      20200.650      27482.623       2469.231
      21880.290      27843.140       2469.152
      21184.797      27555.924       2322.780
      23161.200      28105.716       2322.813
      23869.223      28193.199       2469.180
      23894.741      27704.545       2468.975
      22775.760      28028.122       2406.124
      26459.468      28136.374       2469.032
      25245.555      27955.847       2293.715
      26657.609      27542.669       2469.005
      24859.746      28206.966       2422.659
      27629.724      27616.279       2322.912
      28397.107      27614.841       2469.143
      29926.416      28035.336       2412.281
      31238.390      28273.569       2394.150
      31916.911      27749.437       2469.142
      31499.822      27875.528       2322.793
      34749.157      27448.901       2469.035
      33978.294      28155.336       2427.905
      34989.096      27840.604       2469.025
      35914.039      27880.737       2469.309
      38063.821      27745.291       2323.077
      39342.856      27780.174       2469.207
      38471.106      28235.549       2369.328
      37060.254      28241.777       2469.283
      40366.294      28067.642       2322.709
      40910.953      28109.146       2468.937
      40626.354      27744.614       2322.670
      44163.819      28451.620       2322.670
      44394.712      27651.238       2322.670
      41819.205      28292.102       2322.670
      45714.429      27558.064       2468.857
      44738.414      27964.033       2322.778
      46159.033      27692.420       2322.778
      46526.705      27966.188       2385.835
      48624.298      28106.556       2469.147
      47141.254      28013.792       2451.112
      48607.524      27604.685       2469.159
      50212.120      27904.854       2469.003
      49893.225      27605.511       2322.761
      49591.812      28118.794       2393.229
      53430.813      27512.732       2322.761
      53118.600      27810.233       2469.046
      53798.290      28098.157       2428.016
      54249.087      28115.849       2469.230
      57595.603      27647.867       2322.999
      54125.243      28532.697       2322.998
      57843.811      27940.273       2322.796
      56446.673      28313.551       2469.049
      58101.204      28034.771       2322.812
      60344.693      28738.840       2469.062
      61314.368      28291.928       2469.046
      63807.239      28038.665       2469.150
      62889.059      27737.206       2322.763
      63940.026      27536.410       2469.148
      62378.224      28107.646       2469.085
      65402.541      27565.223       2359.011
      64866.387      28156.477       2399.819
      66190.645      27852.461       2400.395
      66299.405      27505.133       2371.174
      67133.448      29067.999       2372.021
      67845.597      27682.655       2129.046
      67160.676      28019.319       2362.311
      68910.400      28030.132       2063.192
      68985.331      27333.617       1831.772
      69998.150      27608.739       1651.703
      68993.157      28551.472       1870.875
      70867.224      28299.869       1512.762
      73322.262      28217.882       1009.602
      73004.591      28757.243       1087.754
      74190.648      28544.070        826.697
      75114.598      27926.222        612.058
      77259.072      28718.758        599.159
      79164.338      28256.878        396.267
       1972.265      28787.681        564.822
       2599.616      29361.491        869.085
       1827.185      28995.847        660.637
       1938.399      28805.659        579.075
       2604.636      28717.705        802.779
       3083.621      29297.687        827.314
       4778.340      28706.974       1009.948
       6199.940      28640.447       1347.560
       4961.670      28889.066       1062.099
       4571.033      28866.940       1105.252
       7878.831      28348.326       1376.142
       6555.342      28780.880       1238.527
       7772.669      29151.188       1380.252
       6943.629      29292.033       1331.804
       7993.625      28530.932       1436.968
      10852.678      29464.041       1843.918
      10296.156      28759.437       1635.639
      12978.615      29328.390       2184.924
      10985.046      28979.437       2026.765
      12982.499      28347.291       2309.138
      14478.895      28634.712       2461.227
      14661.850      28882.019       2398.904
      15645.053      29241.182       2468.937
      16666.377      29004.663       2465.590
      18861.462      29250.924       2322.984
      22038.350      28385.000       2322.780
      20821.002      29154.895       2322.780
      19360.349      29249.717       2322.780
      21804.472      28791.834       2469.070
      22533.211      28626.515       2322.812
      24986.040      29193.507       2457.611
      24255.489      28829.166       2322.813
      25426.311      29376.641       2322.945
      26743.478      29376.476       2323.012
      26808.125      28386.724       2322.945
      27444.052      28371.241       2322.912
      27464.410      29398.287       2322.912
      30926.514      28884.220       2469.143
      29901.676      28883.629       2469.144
      31612.011      28737.230       2322.793
      31689.827      29312.091       2322.793
      33475.505      29246.777       2322.793
      34961.288      29012.279       2469.023
      35698.388      28512.653       2469.027
      33939.346      29086.625       2443.732
      36790.048      29039.734       2469.182
      36374.236      28779.669       2322.915
      35969.826      28930.801       2443.820
      37110.489      28528.808       2469.307
      38566.297      28984.229       2322.902
      39109.378      29104.439       2469.035
      37934.739      29229.421       2469.200
      39703.061      29287.154       2322.967
      40080.398      28963.419       2322.755
      41969.510      29148.542       2468.965
      41378.868      28750.801       2322.709
      43734.803      29299.209       2468.996
      42676.360      28605.463       2322.778
      42342.627      29188.605       2433.065
      46328.073      28488.132       2322.778
      46184.944      29552.244       2322.778
      46551.436      29073.778       2448.074
      48551.715      28704.158       2469.147
      50079.781      29195.912       2469.083
      48725.239      29148.375       2469.147
      50608.057      28578.144       2469.084
      51635.974      28853.438       2322.853
      52295.501      29112.906       2468.994
      51079.090      29153.324       2469.083
      53150.231      28640.594       2469.003
      54445.208      29050.803       2469.252
      54545.963      28660.053       2469.234
      53338.938      29125.239       2458.109
      56446.768      28904.299       2469.055
      56130.853      28626.028       2322.796
      59055.609      28478.988       2322.796
      59643.201      29564.134       2322.796
      60905.588      29244.286       2469.045
      62979.459      29689.076       2322.859
      62041.192      29295.067       2322.763
      64415.025      28666.389       2322.763
      65237.726      29065.534       2449.121
      64355.262      29011.294       2399.046
      66800.497      28992.891       2389.760
      66091.516      29040.253       2413.841
      68896.270      29646.237       2113.849
      68981.670      28660.880       1851.445
      71152.801      28963.438       1474.929
      70762.754      29376.071       1526.145
      71165.322      28812.163       1469.431
      72828.374      29196.445       1236.302
      73026.025      30326.542       1135.918
      74552.367      29492.341       1006.611
      76444.247      28615.452        853.677
      77462.918      29093.263        733.009
      77651.843      28667.486        748.943
      76132.308      29710.656        982.990
      79199.982      28629.939        433.437
      78302.017      29198.758        686.749
      79088.298      28408.382        348.454
        557.914      30118.883        294.826
       4636.668      29459.401       1089.770
       2850.966      29785.019        718.093
       3295.086      29862.821        774.573
       2999.491      29762.425        664.294
       5548.830      29584.304        999.187
       6705.852      29692.360       1246.235
       7552.711      29654.592       1400.146
       8534.286      29906.855       1272.667
       9841.186      29593.630       1479.668
      10126.743      30751.345       1664.622
      10925.949      29756.435       1878.515
      13127.715      29386.147       2123.561
      13926.263      30255.792       2396.122
      13129.431      29779.891       2273.999
      14710.535      29724.815       2398.925
      12852.676      28969.228       2314.894
      14774.754      30234.162       2429.228
      16577.262      29517.842       2468.968
      15601.234      30311.006       2435.672
      16793.738      29881.916       2468.816
      17610.275      29964.643       2469.053
      17957.474      29393.785       2469.113
      19277.491      30590.941       2469.077
      19789.907      29973.051       2469.012
      20310.096      29942.285       2376.775
      21056.972      29715.017       2322.899
      21348.227      29398.189       2322.813
      20686.283      29898.888       2433.654
      23057.561      30335.620       2322.812
      25112.827      29657.216       2322.813
      22102.858      30112.677       2322.899
      26263.503      29647.750       2469.099
      25343.339      30229.348       2407.798
      23732.784      30381.879       2469.212
      28224.633      29522.451       2469.150
      26736.599      30105.490       2438.969
      29771.395      29989.814       2464.444
      29084.664      29620.649       2322.870
      29417.017      29982.082       2408.065
      30376.002      29445.941       2469.154
      31387.037      30541.823       2469.156
      31981.195      30030.512       2469.147
      30880.651      29914.634       2469.048
      32460.385      29504.527       2469.155
      34553.500      30077.671       2469.149
      34532.427      29481.354       2469.156
      33041.291      30088.711       2469.059
      35564.699      29996.311       2429.415
      37387.797      30626.610       2322.915
      35798.875      30354.901       2322.915
      37472.301      30307.806       2408.014
      37556.640      29989.176       2322.902
      39589.527      30231.919       2446.675
      39506.566      29833.224       2322.902
      41297.026      30506.456       2322.709
      42042.096      29766.812       2322.709
      39673.321      30632.257       2322.709
      43359.491      29705.630       2469.020
      41923.190      30278.742       2450.508
      44084.805      29780.108       2322.734
      44458.896      30220.378       2435.244
      45761.278      29680.561       2469.122
      46586.259      30062.067       2343.050
      47151.235      29694.017       2465.694
      45509.781      30268.017       2469.155
      48782.524      30071.760       2469.147
      48835.157      29565.311       2469.146
      47276.983      30043.649       2459.289
      49776.058      29961.541       2395.868
      53269.163      30141.622       2469.465
      52579.338      29757.424       2322.853
      55302.360      29764.484       2323.234
      55757.939      30170.800       2364.959
      56311.615      29646.715       2469.057
      54333.526      30408.295       2469.283
      56551.075      30099.167       2469.240
      57794.690      29664.068       2322.923
      57528.757      29932.447       2393.890
      58756.322      29560.768       2469.053
      60856.344      29582.592       2469.044
      61030.624      30255.206       2469.045
      59785.825      30078.075       2359.658
      59683.765      29887.123       2322.923
      62034.872      29662.759       2322.922
      61714.733      30025.202       2413.191
      65043.467      29429.646       2469.010
      64161.396      29623.977       2322.632
      63758.906      29598.311       2322.922
      66182.667      29901.243       2436.600
      66304.267      29500.779       2416.637
      65579.385      29746.211       2322.632
      67348.108      29587.760       2339.858
      66981.420      30118.016       2402.854
      67443.940      30526.870       2340.548
      68892.495      29798.120       2060.581
      69049.414      30371.073       1851.497
      70875.526      29913.152       1684.202
      72780.639      29965.069       1268.288
      71070.467      30435.484       1491.656
      74760.315      29748.918        887.541
      75483.085      29764.625       1157.786
      73425.213      30291.177       1268.141
      76219.904      29861.335       1011.985
      76043.596      29890.132        980.627
      76013.104      29815.588        958.494
      76060.478      29784.204        944.471
      78173.738      29763.501        569.959
      77854.136      30227.373        685.932
       1435.066      30950.979        479.495
        526.695      30813.062        363.978
       5072.550      31237.457        584.025
       6133.020      31003.421        864.647
       8377.857      31018.849       1200.169
      11859.465      31265.289       1944.972
      10883.364      30521.820       1708.232
      13274.901      32144.714       2284.640
      13006.904      30814.215       2062.926
      14814.493      31323.245       2452.456
      14308.601      31024.968       2321.803
      15329.209      30740.446       2452.865
      16688.364      31820.071       2468.787
      17300.978      30686.366       2468.830
      16683.989      31097.935       2468.806
      18720.929      31181.894       2469.072
      18033.880      30949.296       2322.865
      20788.058      30910.121       2459.943
      19893.605      31065.889       2469.131
      22741.360      30681.731       2322.899
      23851.523      30693.379       2469.214
      22145.948      31036.896       2469.220
      22950.618      30953.742       2322.753
      24964.758      30891.036       2322.981
      25278.115      31017.255       2298.397
      26931.114      31310.532       2469.195
      26147.793      30835.470       2323.028
      29164.541      30544.015       2322.866
      28455.740      31219.454       2322.866
      27413.255      31568.404       2322.866
      29469.515      30838.139       2322.769
      30782.700      31086.378       2469.059
      32584.302      30910.895       2314.306
      31967.661      31126.366       2469.064
      33898.624      31289.723       2322.829
      35266.902      30589.502       2322.829
      36625.665      31174.952       2469.170
      36612.940      30707.178       2469.144
      35321.432      30843.137       2340.251
      37652.800      31289.649       2380.045
      37882.456      31523.527       2322.902
      39462.299      31325.591       2322.902
      40467.337      30810.084       2469.137
      40610.149      31127.896       2469.144
      41802.108      30716.455       2322.734
      42542.287      32164.784       2322.734
      43325.612      31575.578       2322.734
      42110.148      31063.057       2322.734
      44243.242      30780.853       2322.734
      45635.607      30617.628       2469.166
      45200.228      31103.058       2468.926
      44022.303      31337.428       2469.135
      46659.911      31063.622       2451.493
      48696.653      30521.786       2469.148
      48040.246      31091.364       2444.210
      47193.833      31087.114       2468.810
      51256.107      31415.980       2469.123
      49673.039      30783.702       2323.055
      50042.172      30455.108       2322.853
      48938.597      31148.739       2469.126
      51832.933      31465.881       2322.853
      53394.326      30666.522       2322.853
      53666.756      31235.644       2399.044
      54405.651      30675.056       2469.239
      54324.117      31050.621       2469.086
      53100.439      31068.610       2469.383
      55678.180      31118.110       2424.029
      56687.281      30505.625       2469.156
      57661.195      31011.498       2432.703
      57084.250      30966.253       2455.217
      60304.580      31012.046       2469.159
      59622.334      30932.690       2380.144
      60644.270      30520.211       2469.169
      62189.447      31020.967       2468.244
      61312.877      31067.479       2429.880
      64512.613      31462.710       2322.922
      63711.380      30520.657       2322.632
      66629.230      30739.631       2322.633
      66316.579      31323.112       2322.632
      67437.971      31050.474       2361.833
      66831.549      31118.794       2333.636
      69232.563      30738.205       1984.038
      68055.808      31438.425       2123.540
      71025.772      30984.363       1661.470
      71019.125      30491.756       1473.265
      70219.331      31605.758       1790.763
      72928.264      30575.877       1083.902
      72184.079      31275.431       1380.900
      75698.413      30616.109        835.595
      73666.227      31366.597        964.382
      75885.699      30707.620        784.989
      76583.697      30576.469        938.720
      77898.292      30577.741        582.169
      77700.120      30723.737        623.559
      79306.528      31229.664        349.256
       2138.285      32999.970        543.844
       1277.461      32082.363        468.075
       2907.983      32677.018        542.861
       6833.495      31389.076        958.313
       4908.549      32391.578        843.376
       6495.251      32153.434       1163.859
       8894.476      31379.127       1251.534
       9889.941      31554.966       1453.837
       9072.900      32064.945       1432.607
      10892.235      32665.917       1708.071
       9678.396      31924.072       1577.086
      12011.011      33395.380       2086.339
      11793.102      31950.800       1972.172
      14681.795      32125.856       2439.576
      14014.462      31801.454       2357.712
      16421.120      32202.965       2464.874
      17506.660      31642.689       2322.865
      17202.723      31889.686       2400.967
      20337.941      31575.643       2469.135
      19190.542      31926.657       2322.865
      21473.754      31627.774       2322.753
      21082.004      31701.062       2322.836
      24406.207      31590.932       2323.027
      22948.221      31988.993       2321.994
      27071.610      31848.488       2323.028
      24716.701      32332.814       2323.027
      26060.244      32630.970       2323.028
      27560.796      32153.708       2322.562
      27706.656      31867.453       2322.769
      26819.257      32387.044       2469.196
      31041.069      32497.778       2322.769
      29123.923      32394.211       2322.635
      30936.161      31666.614       2322.769
      31350.917      32166.060       2378.552
      33084.910      32324.855       2362.846
      33270.625      31592.290       2340.251
      31649.846      32351.172       2362.846
      34517.340      32171.868       2256.911
      36047.482      32536.554       2322.897
      37346.387      31753.341       2322.897
      38699.553      31625.260       2469.166
      38291.858      32068.925       2469.034
      37098.312      32166.498       2468.963
      39603.402      32074.462       2429.197
      40066.133      32108.830       2468.998
      40052.862      31491.988       2322.874
      42281.110      32249.935       2322.874
      40678.733      32630.806       2322.874
      43791.634      31761.194       2322.903
      42993.384      32166.159       2424.597
      44130.074      32212.687       2322.903
      45402.200      32271.097       2322.903
      46289.069      31687.562       2322.903
      47712.514      31649.450       2468.857
      47100.691      32171.042       2457.502
      46597.765      32341.550       2440.080
      48963.940      32118.687       2469.288
      48065.664      32154.306       2448.771
      51533.321      31754.585       2323.055
      51869.845      32240.052       2375.828
      52738.373      31767.466       2469.298
      50684.378      32207.059       2469.303
      53531.290      32316.420       2420.630
      54324.169      31716.191       2469.057
      54035.557      32520.500       2469.081
      56075.293      31578.934       2437.650
      56934.476      31699.736       2322.640
      56292.454      32075.678       2469.027
      58725.249      31494.819       2469.156
      57867.181      31907.820       2288.128
      59341.682      31573.829       2322.640
      61268.025      32209.269       2469.154
      61849.805      31512.809       2469.159
      60350.675      32087.498       2469.161
      62888.984      31740.624       2322.829
      62144.701      32162.806       2469.153
      63423.106      31528.906       2468.948
      64939.988      32744.165       2468.868
      65374.021      32324.301       2468.871
      65430.838      31583.659       2454.413
      64544.928      31875.178       2322.829
      66979.682      31816.711       2371.283
      66173.028      32275.477       2453.941
      68081.252      31545.518       2128.216
      67957.926      32161.271       2347.956
      70167.807      31936.159       1730.132
      69763.391      32338.207       1888.450
      71895.587      31959.531       1210.161
      71900.954      32101.973       1252.720
      71807.785      32293.846       1307.327
      73498.422      31799.992        889.697
      72914.949      32323.183       1014.894
      75082.434      32183.574        563.027
      76257.863      33580.933        703.517
      77772.411      32779.319        619.323
      79306.290      32129.635        330.949
       1646.026      33331.193        537.324
       4512.278      33473.759        997.693
       4447.242      32546.427        968.227
       2972.915      33264.965        746.254
       2691.947      32931.329        650.499
       4842.113      33149.427       1049.745
       5770.006      32535.833       1110.134
       6213.007      33351.541       1251.943
       5652.918      32949.389       1208.376
       7103.625      32698.043       1278.960
       7875.869      33559.839       1595.380
       8177.164      32550.634       1587.731
       6850.161      33002.129       1427.736
       9964.042      33759.593       1652.378
       8097.709      33477.793       1638.646
      11948.545      33678.419       1982.701
      10547.484      33195.872       1905.726
      13124.174      34202.294       2362.328
      13690.490      33142.365       2311.942
      14553.195      32677.394       2359.124
      12983.156      32934.765       2250.071
      14756.794      32920.947       2322.745
      15226.454      32867.604       2322.526
      16388.764      32490.630       2468.848
      17680.894      33080.207       2469.107
      16931.780      32678.510       2322.526
      19882.623      33561.517       2322.865
      19352.931      32749.499       2322.865
      21159.489      33402.027       2322.836
      21446.053      32632.781       2322.836
      21612.100      33366.418       2322.753
      24187.305      32551.409       2322.753
      24880.766      33077.134       2442.260
      25377.410      32729.824       2469.220
      23993.140      33048.187       2468.985
      26241.548      33166.344       2307.435
      25753.360      33235.200       2433.135
      26660.705      33301.384       2315.826
      27697.605      33144.030       2322.625
      30637.680      32721.857       2469.001
      30061.557      33341.326       2463.050
      29314.877      33052.190       2322.562
      30941.328      33224.408       2469.112
      32310.244      32662.667       2469.147
      33360.164      33669.536       2469.147
      33898.150      33039.126       2468.938
      33957.383      32575.532       2461.154
      33051.172      32908.312       2322.881
      34882.175      32821.344       2322.706
      34630.362      32992.820       2377.335
      35313.832      32582.184       2468.960
      36591.526      32705.453       2322.924
      36083.578      33013.687       2322.706
      38097.970      33610.076       2322.924
      37002.627      33238.950       2322.924
      39153.923      32636.889       2322.924
      39978.810      32770.441       2399.407
      38857.392      33275.785       2469.010
      41773.248      32626.666       2469.087
      40193.333      33130.696       2346.727
      42445.829      33197.262       2469.086
      42220.345      32631.669       2322.768
      42941.638      33132.875       2469.090
      45383.206      33360.446       2322.855
      45325.576      32557.377       2322.855
      46068.801      32963.404       2438.626
      48848.298      32666.277       2457.929
      48218.489      33133.798       2439.972
      47176.141      33108.037       2438.486
      50703.159      32663.202       2469.302
      49151.030      33071.268       2420.756
      50008.341      33128.156       2468.917
      51874.547      33014.297       2322.802
      51324.271      33108.841       2468.963
      53353.511      33445.319       2323.064
      52240.575      33325.053       2309.983
      54135.516      32848.392       2469.085
      56251.775      33641.584       2469.038
      57236.648      33549.094       2469.065
      56182.908      32721.129       2322.640
      54238.892      33400.033       2469.028
      57864.436      33568.728       2322.640
      59410.459      32595.250       2322.640
      59234.787      33537.190       2469.174
      59783.649      33253.002       2446.028
      60645.382      32737.503       2469.168
      58788.825      33251.195       2469.188
      61881.845      32859.483       2322.829
      60700.863      33374.938       2469.180
      62717.466      33351.354       2322.879
      64748.459      33320.748       2322.829
      65824.710      33412.924       2418.037
      66183.338      33201.346       2390.045
      66290.663      32840.454       2373.342
      67991.479      32806.239       2124.590
      67300.873      33431.260       2365.671
      69785.719      32944.204       1993.346
      68422.958      33405.521       2120.133
      72177.234      33098.460       1135.244
      72882.131      34207.561       1251.401
      73477.113      33314.639       1172.917
      75854.179      33470.786        781.047
      77942.050      32907.786        596.338
      77818.186      33220.465        697.986
      77915.328      32875.163        584.271
      76976.698      33396.254        915.747
       1447.927      34214.004        495.850
       2142.803      33813.377        453.415
       4582.516      33647.249        959.035
       3545.956      34165.236        750.770
       2986.392      33888.834        547.414
       5231.803      33951.411       1075.392
       5981.282      33671.903       1222.446
       7424.485      34502.721       1486.767
       7948.339      33643.857       1553.942
       9354.995      33761.511       1875.549
      10191.233      34265.767       1812.980
      12898.234      34477.383       2248.502
      12190.676      34151.136       2152.630
      11930.257      33738.957       1987.943
      13329.678      34379.748       2322.745
      14795.966      33682.683       2322.622
      17961.788      33752.602       2322.526
      16738.808      34118.657       2274.729
      15244.898      34721.437       2322.526
      18752.950      34329.550       2469.176
      19221.635      33737.569       2469.107
      18012.314      33936.236       2322.835
      20783.574      33660.442       2439.135
      20401.007      33925.409       2322.677
      19660.453      34347.792       2469.123
      21882.250      34248.868       2468.908
      22235.637      33758.930       2468.984
      23314.851      34092.856       2318.602
      24564.714      33686.027       2468.986
      22714.179      34399.409       2432.111
      25094.372      33839.847       2317.173
      25560.285      33862.749       2358.971
      26919.148      33765.232       2322.649
      26383.975      34307.003       2266.182
      27080.168      34453.148       2322.562
      30234.395      33790.959       2322.562
      30869.666      33795.782       2322.881
      30559.752      34178.474       2338.417
      29913.286      34104.159       2468.794
      33175.428      34453.293       2322.881
      32364.532      35359.192       2322.881
      34851.319      33688.013       2322.706
      33928.862      34151.794       2468.984
      36441.835      34613.431       2325.939
      37915.279      33872.869       2325.939
      36082.502      34127.545       2292.728
      38163.513      34149.126       2302.315
      38473.091      34371.795       2403.581
      37632.798      34238.450       2468.636
      40386.562      34638.713       2346.727
      38977.124      34536.266       2346.727
      42082.763      33829.507       2322.768
      42483.436      34258.692       2337.543
      41514.598      34427.840       2469.085
      42979.307      34194.305       2420.818
      44003.234      33702.101       2440.971
      44259.392      34247.050       2440.814
      46174.647      33502.311       2325.372
      46578.841      33551.936       2175.015
      46371.435      33845.342       2311.962
      48652.200      34017.698       2362.039
      49899.673      33631.973       2449.780
      50156.790      33892.433       2371.907
      50864.808      33719.017       2322.802
      51495.730      35209.917       2322.802
      53273.168      33694.331       2322.802
      51316.919      34317.992       2322.687
      54000.578      34226.359       2469.219
      53244.199      34260.537       2466.587
      53906.890      33687.669       2322.797
      55673.704      34850.440       2322.878
      54747.320      34717.902       2322.797
      58289.363      34713.474       2469.180
      57267.510      34200.863       2454.355
      60157.990      33882.828       2322.880
      60441.235      34166.361       2454.728
      59290.270      34174.554       2437.743
      63303.473      34632.116       2322.880
      63419.875      33578.145       2322.880
      61774.596      34460.829       2299.057
      63658.477      34155.660       2444.555
      64390.325      33479.754       2452.702
      63946.169      33762.792       2322.823
      65360.429      33907.579       2418.037
      66252.149      35206.549       2394.047
      67223.240      34234.812       2316.181
      66305.354      34231.148       2364.298
      68108.425      33999.391       2017.340
      67915.743      34508.511       2175.061
      68315.129      33726.306       2037.299
      69988.296      33663.877       1726.106
      70055.973      33562.415       1772.304
      69982.525      33770.995       1759.617
      74588.363      34763.504       1199.632
      74091.746      34036.647        933.929
      74562.428      34115.640       1067.266
      74519.627      33876.337       1028.265
      73169.636      34449.801       1214.922
      76066.355      34430.074        807.479
      77021.655      33643.491        904.128
      77813.393      33471.980        626.050
      77497.085      33761.076        775.367
      79435.518      34291.545        319.971
       1789.211      35814.297        584.667
       1949.256      35702.112        603.815
       3648.476      35662.672        708.851
       3987.113      35440.773        761.998
       5251.047      35483.529       1114.497
       7944.584      35025.520       1269.317
       8136.355      35695.226       1501.464
       9338.289      35813.048       1582.433
       7503.962      35238.998       1448.689
       9993.586      35058.896       1869.801
      11105.314      35657.482       1965.161
      12922.353      35284.201       2295.542
      11962.508      34854.601       2227.150
      12886.878      34581.594       2234.068
      13758.920      34731.821       2468.978
      15321.055      34873.500       2322.835
      14720.753      35075.291       2322.993
      15269.719      35586.239       2322.835
      18911.519      34842.734       2322.835
      19535.830      34823.836       2322.677
      19862.569      35171.508       2466.753
      18607.277      35223.805       2469.121
      21179.912      35443.358       2322.677
      22302.744      35273.439       2349.246
      22489.938      35061.838       2282.891
      22680.098      34892.715       2322.714
      21812.917      35314.907       2466.502
      25916.871      34805.179       2320.155
      23933.552      35313.994       2280.621
      24450.104      34940.730       2054.899
      28017.312      35723.689       2362.601
      26361.370      35241.688       2278.103
      28098.465      34734.962       2361.053
      29871.710      34602.407       2468.862
      29715.463      35348.983       2468.863
      28444.734      35341.142       2437.207
      30452.177      35104.482       2422.381
      31823.266      35105.692       2469.111
      30790.046      35103.215       2469.112
      33675.779      35003.257       2367.343
      33749.119      34619.529       2322.706
      34715.911      35506.632       2322.706
      35680.067      34660.457       2210.699
      36150.811      34801.165       2305.892
      36610.618      35065.347       2297.301
      39302.091      35123.796       2412.848
      39994.333      34928.671       2447.558
      38729.610      35093.137       2250.827
      40966.945      35091.228       2322.837
      41607.703      34772.993       2469.071
      40524.327      35322.152       2239.609
      43139.805      34569.185       2416.971
      43662.549      34843.075       2319.781
      43792.131      34655.681       2256.458
      43457.642      34738.587       2322.837
      44004.104      34585.835       2317.616
      45912.079      35048.422       2145.297
      45312.776      35271.912       2241.998
      48440.503      34816.978       2108.165
      48225.438      35216.454       2084.483
      47182.406      35211.081       2132.979
      49344.222      35524.055       2365.646
      49085.941      34809.719       2322.687
      50132.982      35538.300       2322.687
      52899.317      35082.063       2284.934
      53708.043      34900.233       2469.116
      53334.013      35344.107       2449.815
      52258.939      35145.926       2468.924
      54143.294      35382.374       2423.138
      54768.006      35135.905       2322.878
      58103.701      35226.619       2469.077
      56679.485      34837.906       2324.202
      56494.585      34771.409       2322.878
      58735.289      34999.576       2408.048
      60078.557      34959.308       2283.789
      61364.733      34719.909       2322.938
      59618.923      35185.361       2299.395
      61835.698      34897.869       2254.958
      62920.637      34775.446       2454.442
      61573.576      34954.606       2280.808
      63756.587      35086.809       2333.329
      63524.426      34906.702       2251.313
      65798.232      35465.404       2322.823
      64184.217      35111.002       2322.823
      67948.193      35196.078       2176.060
      66348.798      35533.371       2327.516
      69852.515      35116.842       1650.824
      70427.828      34608.344       1619.336
      69098.854      35361.327       1780.282
      71231.383      34257.043       1498.182
      71070.478      33749.267       1655.658
      71286.928      34509.044       1476.531
      72490.292      33748.747       1406.903
      72486.000      34992.779       1316.108
      76457.265      35284.819        875.632
      75246.657      35485.149        966.989
      77672.296      34944.826        755.382
      76775.869      35483.009        744.593
      79125.856      35376.902        400.453
       1860.652      35885.033        549.009
       1816.501      35930.578        569.214
       3045.992      35858.419        902.417
       3980.161      36415.769        829.980
       4985.913      35805.867        965.484
       4875.217      36434.096        974.521
       6425.160      35700.586       1335.173
       4990.267      36112.428       1076.555
       6468.954      35839.448       1331.610
       6863.368      35676.568       1170.891
       9661.362      36391.011       1823.108
      10946.971      36614.571       1912.000
       9315.151      35895.669       1606.719
      11080.711      36103.345       2097.711
      13209.976      36648.749       2246.662
      12888.703      35771.426       2238.836
      14673.540      35753.496       2322.993
      13308.140      36429.021       2303.942
      14156.555      36222.448       2468.981
      15125.747      36208.070       2384.814
      16177.031      35815.043       2469.067
      17364.988      36130.287       2294.929
      17636.044      36019.637       2318.334
      17679.523      35887.708       2322.944
      16738.135      36127.844       2456.814
      20685.975      36526.264       2322.944
      20908.690      35785.544       2322.944
      19121.889      36248.670       2230.312
      21496.635      36034.196       2342.363
      23159.399      36001.922       2021.280
      22538.664      36360.581       2274.100
      25742.759      36272.470       1968.969
      26062.250      35961.055       2021.527
      24917.602      36152.620       1967.785
      26787.926      36529.197       2281.077
      28117.399      35955.210       2298.125
      29354.150      35812.358       2469.124
      28138.934      36158.594       2319.456
      28261.740      36375.902       2367.843
      30781.519      36245.549       2469.112
      30107.291      35893.154       2322.863
      32767.102      36075.462       2407.965
      31814.700      36248.084       2469.115
      32840.545      35741.418       2370.347
      34384.394      36014.008       2121.516
      34650.090      35951.647       2216.178
      33896.175      36483.761       2352.414
      36017.006      36256.613       2104.216
      37221.017      35757.381       2198.539
      36437.048      35967.515       1977.113
      38244.447      35656.429       2231.402
      38751.756      35662.053       2061.723
      39972.925      35585.580       2323.796
      40837.390      35944.133       2347.366
      40923.969      35602.090       2322.837
      42772.901      36145.117       2305.336
      41947.739      36211.273       2298.280
      44597.921      36129.940       2062.068
      44753.456      35937.845       1982.405
      43879.057      36456.790       2245.306
      46437.330      35787.638       1971.821
      49475.528      36386.088       2096.751
      50242.815      36071.796       2312.616
      50895.272      35645.327       2406.523
      49813.424      36003.314       2171.719
      51574.133      35673.834       2284.531
      51420.815      35786.675       2302.768
      54136.570      36143.633       2386.734
      53652.889      35983.382       2275.530
      54641.173      36033.534       2349.009
      55873.319      36168.999       2233.323
      56636.153      36345.423       2322.878
      54970.796      36306.735       2322.878
      58408.368      35571.830       2324.202
      57824.819      36015.602       2469.175
      58699.408      35911.563       2343.440
      58869.316      35739.144       2293.821
      60950.107      35803.602       2006.225
      61349.973      35719.554       2161.430
      60103.848      36301.742       2279.300
      61886.043      35831.439       2243.029
      64330.247      36036.879       2422.859
      65432.714      35607.370       2436.723
      66349.025      35653.399       2313.164
      65652.347      36094.352       2423.296
      66055.202      36062.820       2352.336
      66351.889      35821.432       2332.012
      67837.369      36064.931       2224.916
      68032.784      35607.755       2041.347
      68882.178      36100.820       1932.437
      69959.671      35917.282       1624.751
      68893.042      36543.500       1767.939
      71984.328      36029.189       1145.670
      70920.738      36752.778       1334.004
      73140.140      36647.506        890.253
      75054.028      35640.664        874.882
      75594.633      35617.834       1079.231
      77074.215      35559.319        826.855
      76521.701      35696.925        821.734
      78994.430      35785.906        424.797
      78290.620      36027.751        631.708
      79059.922      35529.970        358.355
      79534.176      36310.593        290.974
       1431.518      37333.339        498.039
       3955.041      36983.937        660.013
       4948.209      36506.670        941.854
       4657.110      37225.715        840.048
       5827.748      36516.318       1230.477
       7638.499      37174.557       1141.522
       8750.162      36701.224       1361.044
       8280.633      36763.080       1216.392
      10002.539      37412.086       1645.403
      11863.600      37342.274       2174.089
      13987.457      36700.640       2456.480
      13468.300      36915.704       2301.106
      13119.605      36856.846       2298.178
      15078.291      36936.234       2302.014
      15588.622      36742.075       2310.755
      18454.821      36837.736       2300.369
      17165.678      37175.891       2141.241
      19561.698      37124.925       2244.684
      20676.527      36684.630       2316.553
      21128.851      37082.457       2339.686
      20844.532      36839.987       2277.115
      21704.049      37228.543       2339.047
      24275.209      36571.537       1696.024
      23664.052      37228.696       1976.780
      26263.222      37391.237       1930.382
      27287.737      37951.131       2014.396
      27906.181      36832.771       2288.706
      27299.893      37390.815       2222.170
      28030.519      36977.972       2268.002
      28655.088      37251.338       2460.423
      29181.099      37424.558       2305.206
      30907.800      36813.399       2322.863
      31302.864      37129.927       2322.848
      31774.997      36843.255       2411.031
      30603.270      37093.153       2461.689
      33576.809      37201.439       2245.955
      33089.520      37114.123       2322.848
      35520.033      37032.334       1865.309
      35025.430      37365.100       2045.308
      37535.028      36702.319       1695.983
      39050.389      36864.813       1988.609
      37103.018      36982.514       1870.720
      40933.479      37492.387       2056.274
      39603.025      37065.096       1805.802
      42232.329      36715.481       2310.684
      41612.594      36696.068       2073.378
      43262.824      36841.846       2098.353
      45957.805      36634.830       1739.142
      45739.955      37005.256       1835.288
      49524.595      37687.320       1741.410
      48125.600      37539.389       1652.183
      47233.892      37266.871       1631.393
      49820.882      36883.431       1959.205
      51030.389      36577.212       2187.473
      51552.831      36936.046       2198.251
      51515.191      36605.099       2078.529
      52015.226      36708.520       2269.026
      54281.603      36624.925       2278.367
      53144.647      37120.202       2097.733
      54800.249      36642.156       2240.641
      57049.963      36626.771       2272.498
      57297.888      36570.543       2348.598
      56911.263      36543.172       2220.678
      58335.944      37109.652       2219.574
      58999.322      36767.415       2217.977
      59458.802      36748.316       2057.431
      63084.164      37484.914       2010.406
      61426.410      37198.805       1895.408
      64623.997      36839.960       2257.202
      65211.791      37399.584       2371.790
      64883.205      36976.887       2169.717
      65507.731      36710.915       2406.024
      65880.229      37052.347       2397.269
      66456.443      36509.740       2328.642
      67693.803      36627.241       2101.456
      68877.478      36896.219       1855.542
      68959.669      36804.389       1830.441
      69213.891      36821.410       1904.868
      68150.573      37172.184       2022.959
      71220.269      37133.767       1470.438
      70890.807      37764.588       1589.179
      73416.855      37205.935        977.107
      72121.856      37850.583       1138.246
      75825.810      37778.295        779.040
      79009.695      38171.157        499.894
      79530.285      37244.493        266.348
      77828.752      37749.019        546.972
       1442.087      37588.549        479.701
       1008.253      38578.137        448.052
       1530.502      38197.699        588.836
       3072.520      38797.249        787.988
       2786.937      37594.568        622.458
       3258.735      38975.260        693.527
       5074.631      39494.323        925.592
       4416.398      38636.888        898.169
       8247.703      38952.803       1264.186
       7440.982      38053.222       1163.709
      12119.668      38840.275       1859.068
      10275.385      38678.252       1801.009
      10006.638      37828.055       1645.373
      12169.600      37893.242       2131.538
      13218.829      37803.824       2295.717
      14575.168      37996.535       2159.611
      14209.616      38031.545       2031.685
      13873.866      38138.399       2159.076
      16819.174      37924.172       2024.508
      18569.423      38225.840       1947.187
      17996.905      37873.443       1815.032
      19946.910      37557.332       2036.151
      20333.710      37773.874       2140.105
      20782.575      37723.752       2269.337
      21306.225      37946.118       2108.756
      23263.431      38121.228       1829.298
      21808.863      38441.139       2009.019
      26335.995      38562.601       1658.714
      24845.955      38088.028       1603.262
      28962.220      37751.960       2274.660
      27326.329      38198.821       2060.329
      29201.821      37858.835       2246.977
      29514.301      37734.799       2322.848
      31430.738      38118.441       2222.178
      32017.089      38080.887       2290.286
      33012.364      37683.849       2322.848
      31014.599      38032.155       2263.683
      33560.534      38088.767       2261.607
      34435.890      38370.722       1982.160
      33586.533      38635.439       2072.846
      36171.621      37790.715       1643.327
      38804.149      38105.063       1485.550
      39264.594      37646.514       1621.037
      38448.955      37924.776       1422.708
      39666.811      37935.306       1743.483
      41288.020      37761.944       1912.693
      42371.216      37693.587       2056.766
      41789.640      37966.261       1878.968
      43561.636      37783.464       1889.196
      44154.034      37547.870       1892.054
      45723.465      37686.009       1611.970
      45195.357      37930.461       1762.496
      46224.464      38083.195       1499.431
      51610.445      37848.983       2004.213
      49978.489      38109.239       1856.116
      52034.090      37796.686       2001.456
      51869.914      37900.564       1941.412
      52581.575      37953.115       1902.493
      53735.069      37766.441       2066.778
      54496.068      37939.970       1824.661
      56304.619      37648.432       2105.467
      55065.837      38275.606       2063.920
      56464.927      37867.440       2085.763
      57380.030      37548.204       2188.984
      58019.575      37544.665       2041.223
      59385.576      37745.363       1971.338
      58825.871      37794.223       1771.119
      60777.754      37811.283       1753.378
      61057.902      37648.066       1685.614
      61940.882      38019.809       1598.315
      63582.602      37733.520       1796.855
      61604.193      37837.601       1499.693
      64427.019      38255.884       2078.437
      63023.669      36534.743       2091.906
      65615.992      37916.440       2140.657
      65537.717      37960.513       2147.422
      67797.055      37551.000       1849.453
      67469.683      37840.652       1991.122
      70888.677      38238.166       1707.588
      71079.941      38056.208       1664.848
      70514.872      38149.133       1743.637
      72505.110      38023.372       1299.593
      71894.924      38684.722       1433.808
      74486.957      38376.804        951.156
      74042.125      38509.503        966.900
      75151.182      37815.675       1001.719
      75987.238      38340.041        870.412
      76312.333      38237.984        896.109
      75314.513      38436.098       1005.073
      77836.698      38164.383        700.430
      78155.873      37992.586        700.892
      77124.946      38307.149        862.853
      79104.209      38465.982        410.592
        690.184      39284.108        327.374
       1204.560      38877.006        395.868
       2888.011      38947.964        826.969
       3714.563      38918.192        866.772
       3240.599      38994.784        690.783
       4728.767      39356.120       1035.532
       4024.822      38902.889        753.319
       6231.044      39751.520       1082.349
       5462.570      39317.510       1081.585
       8070.314      39468.376       1449.132
       8936.077      40290.356       1604.719
      10221.602      39002.356       1740.938
      11703.514      38870.162       2017.326
      10733.289      39342.719       1948.309
      12723.892      38814.754       2074.523
      11930.792      39083.243       1968.856
      14133.543      39126.869       1928.825
      14020.011      38869.911       1859.833
      14317.829      38725.484       1814.492
      16973.583      38930.490       1723.106
      15861.432      39198.591       1661.092
      18977.434      39614.340       1663.538
      19191.762      39228.716       1737.317
      21051.435      38690.158       1988.496
      19622.687      39338.164       1873.480
      21325.199      38744.232       1903.075
      21632.175      38631.103       1925.279
      23422.160      38945.991       1699.192
      23562.169      38676.966       1602.337
      23089.007      39008.138       1800.683
      24250.159      38981.271       1506.935
      27192.837      38698.495       1903.274
      26554.812      38853.272       1733.926
      28879.949      38750.480       2163.200
      27431.996      38905.474       1956.952
      29373.872      38769.375       1974.380
      30052.697      38847.906       2231.776
      31419.350      39116.227       2009.578
      32843.038      38822.295       2237.784
      33412.985      38789.405       2023.791
      35430.309      39166.174       1490.806
      35793.110      38707.711       1449.834
      34201.010      39762.825       1674.361
      37123.105      38955.854       1257.212
      39523.658      39124.215       1289.536
      39987.462      39261.411       1451.497
      40428.373      38982.783       1494.183
      42171.519      38891.718       1748.405
      42631.034      38860.911       1572.841
      42923.529      38853.112       1683.838
      44096.762      38818.631       1583.348
      43333.439      39133.141       1577.093
      45733.348      38782.698       1248.823
      45863.687      38740.137       1247.504
      48233.974      39553.403       1187.794
      47129.903      39240.314       1013.803
      48707.454      38598.247       1346.637
      50376.259      38916.428       1687.090
      52007.441      38719.065       1865.574
      50714.322      39355.742       1692.075
      51078.914      39116.113       1696.742
      52551.827      38606.988       1653.042
      54337.411      39462.377       1640.903
      53093.007      39298.763       1560.952
      55647.440      38692.362       1795.266
      55628.761      38708.181       1803.670
      58603.788      38679.974       1737.654
      57079.382      39245.833       1718.807
      59680.512      38756.169       1455.613
      59864.689      38743.530       1473.068
      61076.627      39075.461       1240.066
      60522.710      39284.591       1348.492
      63634.762      40238.008       1610.145
      62769.462      39220.651       1339.756
      64895.938      38761.323       1954.209
      65204.572      38606.118       1994.522
      66861.918      38795.243       1785.722
      65912.914      39263.527       1958.887
      67432.290      38802.874       1633.589
      68328.613      38660.885       1778.238
      69450.158      38715.612       1658.421
      70248.706      39004.140       1662.582
      71931.141      39387.732       1534.710
      71338.104      39347.571       1601.219
      74033.426      39724.630       1221.430
      74918.910      39715.600       1024.318
      74054.454      40022.695       1108.692
      76780.499      38643.206        696.154
      76614.941      38875.686        791.763
      79151.926      38785.604        453.237
      78573.736      39028.846        578.593
       1619.278      40818.876        545.954
        680.417      40106.307        368.356
       2892.063      40708.611        674.181
       5080.355      39779.567        967.485
       5849.356      39778.232       1187.184
       6772.461      40492.237       1328.688
       7960.276      39579.375       1436.773
       8500.957      40070.140       1672.365
       7777.100      39839.316       1551.894
      11407.537      40001.045       1768.880
      11709.748      39808.222       1850.038
      11117.022      39890.566       1741.780
      12955.851      39827.824       1552.749
      12503.876      40164.959       1761.666
      13610.307      39919.416       1795.344
      14184.773      39938.030       1721.952
      15090.087      39780.786       1520.598
      15343.811      39594.634       1413.197
      18596.231      40663.962       1377.493
      17060.630      40106.904       1129.239
      19329.323      40029.520       1461.167
      20040.589      39922.629       1727.522
      20972.902      39820.293       1798.362
      20653.910      40194.753       1737.290
      21735.151      40221.400       1735.217
      22501.127      39733.670       1632.808
      23306.101      39809.673       1497.437
      24267.363      39971.554       1218.076
      23993.376      40217.944       1318.968
      26026.023      40642.930       1262.512
      24745.407      40264.672       1189.227
      27223.151      39814.676       1471.273
      27998.192      39910.555       1716.114
      27149.107      39740.455       1434.235
      29024.465      39944.750       1933.192
      30272.217      40082.897       1685.703
      31706.012      39957.938       1945.817
      33002.337      39892.366       1972.388
      32722.180      40264.677       1901.856
      32229.904      40018.656       1750.518
      34209.130      39893.910       1720.919
      33866.261      40220.280       1887.120
      34670.179      40579.115       1624.046
      35403.890      39651.354       1310.777
      36916.200      39707.097       1055.604
      36676.330      40227.092       1167.797
      39922.324      40552.551       1077.399
      41701.658      40391.492       1484.579
      42046.856      39768.803       1498.618
      42644.475      39781.644       1281.787
      42617.015      40218.888       1443.589
      45102.183      39888.714       1057.708
      44932.832      40255.000       1065.928
      45859.446      40549.870        963.431
      48711.190      40254.296       1158.979
      50754.987      40160.384       1494.082
      50338.451      40600.952       1698.901
      51316.068      39914.755       1676.525
      50697.643      40021.910       1437.559
      50874.534      40139.921       1517.610
      52299.597      40000.775       1529.328
      54985.810      39923.214       1624.967
      55583.956      39717.013       1769.451
      56754.370      39971.945       1563.909
      56442.476      39987.431       1588.395
      57370.504      40690.239       1364.299
      58827.156      39838.788       1355.015
      59847.120      39940.220       1055.130
      62468.052      39874.267       1138.301
      61657.396      39911.977       1054.981
      62705.098      40539.559       1294.181
      63870.283      40666.463       1427.326
      64923.033      39891.314       1699.166
      65001.148      39790.553       1685.175
      64849.491      39877.013       1707.708
      65402.766      40437.750       1670.810
      66827.169      39730.188       1318.414
      69601.687      40520.817       1184.189
      67733.097      40609.139       1248.047
      70788.239      40263.839       1552.902
      70775.385      39854.112       1408.415
      71452.733      39790.702       1584.268
      71992.870      39993.932       1437.278
      72570.221      40289.862       1640.750
      72332.241      39850.699       1489.821
      71456.993      40242.764       1637.120
      73987.818      40354.876       1217.139
      73153.784      40662.952       1425.690
      76619.207      40580.467        754.501
      75391.370      40557.582        793.278
      77842.986      40728.409        552.880
      78594.051      40136.921        504.232
      76766.605      40762.871        675.134
       1298.165      41404.066        477.057
       3508.902      41284.463        890.313
       4230.752      40697.807       1002.805
       2978.321      40813.237        637.193
       6016.023      41918.187       1073.179
       4767.624      41145.289        932.100
       7110.041      41236.824       1429.436
       8626.941      40815.755       1592.709
       6670.271      41082.060       1400.361
      10264.908      40816.945       1668.776
       9333.994      40908.913       1404.788
       8603.807      41105.208       1619.590
      11699.976      40696.361       1570.757
      12000.366      40728.183       1526.320
      14128.434      40723.813       1230.251
      13579.685      41222.300       1403.303
      16652.374      40817.882        941.137
      15243.221      41448.519       1123.686
      17754.886      41396.940       1089.733
      18963.819      40950.685       1204.239
      20107.785      41776.579       1497.191
      20946.377      40927.112       1541.149
      20956.173      41296.881       1616.525
      21194.179      40936.856       1451.725
      23648.441      40969.772       1148.041
      21661.539      41474.019       1380.170
      24097.504      41168.667       1009.392
      24340.401      40982.641        912.999
      27408.907      41043.970       1385.239
      26915.094      41477.710       1331.872
      29487.271      41366.950       1449.533
      30240.336      41024.496       1504.240
      27616.868      41436.317       1370.789
      31181.906      41229.716       1640.942
      33606.924      40845.743       1681.829
      33405.021      40835.206       1634.624
      34374.753      41043.570       1427.824
      34316.841      41229.603       1486.502
      36855.030      40973.641        948.309
      36592.447      41569.168       1103.952
      40145.054      40777.104        971.779
      40437.044      42007.294       1220.828
      40166.544      41513.005       1148.552
      42275.212      40961.363       1286.983
      42594.260      41902.232       1463.822
      42156.362      41362.326       1383.929
      42813.619      41172.635       1270.906
      43816.033      41937.330        930.923
      45310.978      40892.822        829.795
      45628.477      40870.528        822.978
      45479.902      40902.200        764.796
      47483.226      41754.285        857.863
      49424.943      41863.608       1389.722
      48515.046      40889.243       1173.026
      51691.406      40631.409       1268.045
      51524.598      41035.810       1386.411
      55154.951      41616.511       1218.188
      56434.172      41019.530       1551.970
      56476.332      40771.134       1524.106
      55892.244      40740.364       1347.669
      59868.216      40698.199        999.138
      58553.476      41825.178       1046.617
      61303.976      40779.464        892.078
      62720.833      41586.521       1002.201
      63946.558      40952.087       1473.346
      64415.180      40731.687       1557.645
      65012.812      41239.932       1620.246
      65168.149      40915.848       1568.744
      64701.607      40925.829       1491.401
      67171.185      41358.461       1098.279
      66688.965      41603.634       1204.209
      69865.802      40791.569       1082.401
      70360.234      41158.343       1311.289
      70668.239      40819.971       1347.229
      70794.296      40917.127       1386.633
      73008.947      40773.897       1418.789
      75128.299      41089.088        784.963
      74205.353      41436.667       1034.238
      75942.358      40783.829        959.123
      76678.427      40885.217        710.127
      78533.354      41391.024        506.807
       2091.367      43482.401        710.748
       1289.023      42105.574        494.749
       5018.302      42614.527        972.331
       3756.531      42236.825        781.174
       6127.509      42106.471       1154.415
       6926.676      41720.815       1381.319
       5647.403      42185.939       1246.538
       7418.799      41940.562       1395.006
       7526.370      41722.025       1380.354
       9011.680      42142.651       1067.304
       9871.567      41887.631       1326.582
       8454.231      42521.305       1261.422
      10962.031      42495.201       1281.856
      12100.418      42845.133       1393.745
      12567.937      41747.298       1396.671
      13208.354      41753.352       1155.946
      12637.044      42620.544       1472.275
      14661.682      41890.035        905.851
      14220.566      42283.222        952.642
      17956.143      41897.392        932.272
      15660.400      42452.442        784.116
      18353.357      42645.379       1091.108
      20185.750      42168.734       1435.460
      20678.758      41935.532       1414.774
      20468.436      42068.033       1321.074
      21342.736      41774.261       1271.488
      21000.556      41998.723       1347.093
      22553.788      42642.797        958.028
      25322.372      42488.828        839.567
      27235.018      42267.847       1402.046
      27273.312      41720.761       1207.970
      27153.031      41740.399       1214.618
      27445.554      42854.646       1219.705
      30081.976      41669.929       1268.385
      28733.317      42300.731       1017.823
      31063.203      42276.209       1450.524
      31914.479      41633.090       1508.628
      32023.148      42068.349       1534.452
      33184.886      41715.454       1579.012
      34327.092      41851.028       1276.928
      34652.375      41830.468       1398.052
      36700.391      42104.326       1093.057
      36096.468      42200.391       1197.212
      37736.186      42949.212        843.050
      39504.197      42683.622        849.308
      43850.965      42094.855        957.577
      42785.668      42620.243       1260.119
      44549.266      42667.999        747.220
      45542.898      41714.977        689.283
      47207.211      42869.303        786.321
      47495.434      42363.114        964.809
      49545.164      42918.114       1254.297
      49823.372      42246.425       1509.609
      49526.628      42313.208       1473.166
      49833.247      41948.494       1477.258
      50944.779      42484.184       1386.280
      51441.723      41831.493       1109.855
      53112.107      42441.691        928.729
      55462.396      41893.542       1069.943
      56825.668      41363.792       1360.625
      55657.171      42609.193       1270.057
      56508.757      42667.841       1342.900
      58089.097      42047.151       1126.629
      57340.207      41185.453       1338.785
      57170.508      42688.881       1321.756
      58500.154      42054.931        985.788
      57422.205      41130.279       1342.302
      58903.154      42687.205        827.523
      62606.740      42681.770        867.163
      63468.155      42337.026       1260.771
      62783.713      42034.890       1085.858
      66132.291      42366.675       1493.805
      69551.557      42618.463        819.410
      68095.203      42613.658        762.556
      71015.219      41732.160       1015.728
      71393.683      41790.464       1159.633
      72282.407      41826.291       1225.213
      72328.155      42454.391       1315.219
      74025.462      43972.827       1299.295
      74296.140      42202.507       1095.704
      72828.274      42666.166       1203.847
      74953.216      42565.532        862.624
      76842.980      42328.819        699.539
      78407.098      42220.261        512.114
      77229.988      42541.177        569.105
      79483.175      42502.217        323.806
       2048.883      43768.734        616.406
       2487.909      43485.411        776.761
       5442.603      42869.785       1148.797
       5054.109      43610.762       1288.876
       8063.015      42949.093       1057.740
      10811.254      43776.661       1021.117
       9607.525      43413.191        857.649
      12361.216      43079.484       1273.594
      12324.711      43299.502       1354.581
      12310.959      43095.411       1282.305
      14110.040      43428.034       1056.503
      17893.101      43777.163        863.832
      15564.185      42988.431        654.670
      19594.968      43577.581       1391.728
      19393.479      42925.335       1342.697
      18310.242      43041.433       1103.269
      21132.814      42941.494       1251.368
      21019.241      43280.558       1228.080
      20246.724      43639.280       1260.094
      22442.688      43283.536       1081.763
      22537.337      43971.023        830.342
      25307.192      42723.642        757.103
      25951.825      43481.826       1084.306
      27091.582      42990.176       1188.778
      27281.453      43270.410       1222.657
      26900.396      43231.258       1284.430
      29826.245      43594.955        952.421
      30390.183      43631.005       1033.448
      29118.144      43250.308        872.312
      31341.414      42778.835       1306.234
      31508.559      42740.212       1288.877
      31441.531      42655.596       1247.926
      34655.986      42752.765       1183.875
      32866.557      43501.398       1100.638
      35478.537      43370.397       1160.206
      35958.543      42851.215       1114.534
      40304.400      42808.737        987.291
      39882.098      43176.204        897.003
      41932.446      43499.861       1335.676
      42149.202      42755.233       1341.309
      42578.296      43137.654       1322.858
      44534.279      43523.292        769.071
      42563.933      43791.542       1073.556
      44724.439      43736.432        697.458
      47133.807      43036.339        772.099
      47632.614      43677.075        937.226
      49601.224      43352.435       1379.408
      49958.168      43253.639       1402.125
      49543.337      42991.685       1255.907
      50080.783      42928.857       1406.163
      50642.315      43253.806       1324.787
      52730.106      43566.074        879.979
      52970.789      42894.728        781.519
      50733.268      43803.843       1137.996
      55475.717      43750.271        995.090
      57054.940      43257.504       1287.005
      56652.672      43145.404       1262.768
      56863.804      41756.512       1502.242
      57809.951      43827.373       1084.094
      58833.067      42835.692        791.964
      61730.773      43695.315        687.787
      60195.801      43596.609        571.323
      63056.519      43206.849       1050.447
      62437.051      43032.881        984.086
      63643.244      42682.433       1139.525
      64391.605      42997.548       1333.982
      65193.570      42843.907       1443.413
      66073.655      43193.999       1405.824
      65731.285      42915.284       1237.568
      67807.939      43457.322        931.090
      66855.506      43841.597       1085.124
      70755.813      42745.583        846.993
      69855.356      43034.528        673.582
      71637.442      43565.110       1045.579
      73667.739      43669.560       1478.765
      72436.002      43084.083       1260.729
      75172.023      43830.286       1150.606
      75454.379      42713.399        997.233
      77706.158      43034.240        785.070
      77015.432      43615.961        875.734
      79480.144      43245.800        315.493
      79074.600      43661.102        436.743
        691.523      44677.445        392.309
       2010.383      43926.977        653.069
       2683.682      44414.705        897.913
       3146.307      43966.075        945.247
       4698.740      43980.950       1286.861
       3618.972      44504.530       1133.154
       3262.498      44094.842        936.522
       4831.169      44190.736       1267.532
       5257.661      44157.589       1248.845
       5084.373      43978.668       1155.743
       6518.474      44746.804       1020.471
       8003.657      43884.091        962.775
       9359.730      44154.366        757.615
      11187.427      44541.091       1089.909
      11958.435      44053.943       1186.770
      12645.861      44067.917       1220.153
      11881.486      44366.219       1255.382
      14221.792      44368.880        934.226
      13201.172      44422.591       1151.201
      14211.832      44015.352        837.333
      14398.581      44768.718        800.825
      17011.437      44659.707        671.856
      19053.375      44721.609       1175.745
      19903.082      43905.171       1237.650
      18118.891      44811.064       1114.893
      17684.968      44157.646        968.954
      19811.374      44301.756       1343.973
      22710.567      44373.828        976.890
      22199.034      44179.542        940.647
      25889.558      44590.007        759.414
      23162.150      44964.007        729.348
      26515.411      44040.948       1175.411
      26128.112      43750.862        998.001
      27498.129      44785.383        842.435
      31378.176      43849.245       1236.299
      32651.058      43964.621        929.482
      32136.558      44091.908       1043.923
      32338.492      44921.512       1209.044
      33976.081      44581.289        714.302
      35113.601      44678.430        777.157
      35889.623      44024.751       1144.159
      35871.023      43738.796       1123.312
      35507.502      43884.448       1003.721
      37546.680      44734.535        752.292
      39721.014      44396.855        702.095
      39951.893      44031.124        718.716
      42223.945      44575.091       1009.562
      42953.286      44271.096       1308.708
      42571.226      43929.780       1122.990
      42620.044      43798.208       1094.959
      44582.585      45006.550        971.162
      44994.363      44401.579        849.552
      43695.647      44979.832       1022.675
      47512.851      44594.368        725.113
      49118.987      44534.880       1192.937
      47775.861      44136.876        845.053
      50814.183      44002.892       1189.267
      50818.829      43860.146       1167.949
      50219.337      44183.255       1304.873
      52820.676      44072.757        719.426
      52174.482      44562.243        995.650
      55379.176      44860.483        872.067
      55630.519      44276.733       1056.720
      56819.636      43994.718       1252.618
      57848.278      44606.439       1184.232
      56996.132      44332.991       1219.872
      59689.474      44887.044        698.715
      60139.097      43958.660        482.701
      61615.368      44566.553        619.968
      61777.865      44081.369        784.971
      62859.606      43868.504       1006.324
      65108.856      43738.457       1151.327
      64417.299      44780.573       1099.864
      63830.227      45387.721       1139.621
      62993.324      44177.088        971.277
      65256.781      44295.212       1229.186
      66425.304      43783.349       1249.302
      66870.172      43844.425       1090.275
      66920.150      44183.463       1216.313
      67826.181      44739.531       1094.240
      67798.154      43868.935        801.199
      67287.975      44590.301       1089.674
      69503.449      43688.808        572.905
      71675.601      44942.793        836.256
      73298.936      44604.924       1351.960
      71784.927      44190.497       1078.170
      73809.292      43962.972       1380.587
      74376.717      43937.698       1432.702
      74307.612      44169.344       1427.727
      73971.981      44210.804       1388.771
      75220.089      43874.088       1165.299
      75108.897      44230.375       1294.922
      75291.009      43850.891       1189.276
      77142.325      43945.188        819.231
      76856.651      44340.408        910.963
      79213.004      44197.550        392.398
      78993.930      44217.777        368.158
       1100.821      46013.311        507.249
       1781.359      46096.398        590.461
        712.223      45385.225        341.590
       2980.628      46083.506       1006.217
       2538.390      45462.374        930.824
       4019.948      45760.487       1011.356
       4969.691      45029.903       1240.042
       4101.253      45464.290       1093.374
       5812.186      45731.410       1153.421
       6549.631      45414.161       1035.171
       5245.891      45553.521       1214.949
       9138.373      45015.526        722.300
       6970.582      45897.377        792.487
      10197.130      45870.460        736.485
      11273.764      44902.615        981.128
      11082.510      45058.408       1060.039
      11625.992      44823.892       1110.352
      12977.634      45195.604       1122.327
      13129.691      44774.239       1124.128
      14223.120      45360.937        969.047
      17717.737      45488.662       1017.847
      19372.248      45046.811       1108.852
      19160.757      45071.284       1130.489
      20415.949      45720.549        933.344
      22430.352      44953.176        949.502
      23509.582      45301.573        887.890
      22987.974      45122.339        750.130
      24150.556      45682.555        618.693
      25980.815      44659.631        719.878
      26770.209      45551.719       1039.191
      26955.034      44790.578        990.137
      27446.538      44864.925        808.455
      27307.185      45447.029       1033.310
      31187.730      46655.486       1069.167
      30285.644      45585.433        883.925
      30146.666      44912.347        677.886
      31840.395      45649.998       1029.900
      33431.966      45919.805        800.545
      32230.087      45803.999        922.167
      35301.232      45462.087        886.856
      36624.294      45401.794       1068.091
      36472.045      44851.011       1027.555
      37481.695      44092.041        975.289
      37440.811      45357.673        899.301
      39732.891      44868.366        662.842
      41365.472      45825.739        826.740
      42451.631      44693.831        917.308
      42275.776      45159.452       1073.650
      43298.918      44942.267       1108.649
      43749.254      45159.231       1037.835
      45472.347      44980.189        586.340
      44876.611      45447.612        857.455
      48536.295      45688.414       1040.164
      49365.033      44706.109       1085.618
      47743.243      45273.111        880.220
      49573.480      44837.339       1056.190
      49136.543      45221.304       1263.985
      51809.606      44888.858        809.040
      51806.235      45240.922        940.240
      51568.006      45067.856        916.861
      55638.419      45765.466        826.067
      55605.988      45369.146        972.994
      57012.576      45611.082       1225.402
      57473.574      44896.761       1257.577
      57874.411      45254.419       1211.880
      57998.865      44890.687       1076.688
      59693.158      45392.309        754.065
      58039.205      45776.644       1088.569
      61309.691      45601.903        525.498
      59974.230      45814.867        621.457
      62080.839      44952.618        736.100
      61717.220      44971.854        681.628
      64973.017      45046.163        987.608
      64358.642      45561.785       1135.375
      66809.491      44891.737       1033.235
      67277.861      45191.197       1055.626
      67034.180      44963.789        947.544
      71771.309      45008.196        792.893
      68094.945      45874.182        784.198
      71783.311      45501.225        966.863
      73572.303      44889.885       1222.247
      73701.225      45164.811       1248.506
      73399.895      45053.572       1302.579
      74424.583      44767.850       1364.264
      75089.422      44668.509       1147.852
      76857.099      45488.153        958.444
      75897.916      45242.671       1029.763
      78896.045      45430.099        428.684
      79073.234      45558.657        415.770
        777.874      46531.775        374.258
       2425.816      46633.350        891.332
       4621.256      46298.605       1039.560
       3855.348      46301.491       1068.281
       7015.240      46312.113        948.132
       6072.915      46308.878       1121.791
      10228.863      46063.720        662.792
       7374.323      46993.671        756.763
      10951.444      46101.697        935.440
      10825.270      46798.504        991.501
      13557.262      46065.145        934.048
      11347.713      46979.317        919.157
      14134.572      46017.461        716.471
      14137.850      46022.335        718.000
      14050.578      46474.992        891.888
      18161.750      46072.022        751.477
      19115.275      46113.591       1045.711
      18179.624      46390.642        848.611
      20319.140      46260.620        828.826
      19163.771      46455.316       1046.180
      20458.977      46096.069        874.923
      23008.032      46857.703        790.676
      23596.411      45765.949        811.159
      24117.994      46599.476        917.844
      24179.330      45778.742        627.462
      23658.194      46509.507        928.702
      26502.334      46769.062        630.680
      27201.340      46072.611        798.297
      26995.503      46269.007        885.854
      27509.446      46278.780        937.934
      28477.352      46687.084        645.890
      29880.541      46674.817        622.916
      31744.865      46475.217       1168.049
      35044.650      46581.456        681.680
      33685.703      46536.578        670.063
      36521.179      45836.889       1077.212
      36419.654      46492.360       1077.654
      35288.880      46207.334        780.436
      37346.502      46306.229        976.042
      37461.750      45738.522        760.352
      37324.778      46841.712        788.150
      41571.166      46426.652        852.885
      41572.283      46052.279        709.870
      41877.993      46073.982        825.183
      44006.771      46693.635        934.932
      44006.782      45841.815        921.382
      42028.718      46695.872        835.686
      44435.766      46392.788        967.231
      44566.204      45711.534        701.062
      48156.558      46664.810        844.917
      47760.940      46094.846        587.900
      48655.034      45826.269        987.534
      48617.312      45934.593       1025.695
      51384.340      45934.844        819.389
      50092.700      46186.490        805.993
      51971.923      46451.298        818.167
      52036.644      46007.785        728.597
      51626.235      46215.988        751.048
      53689.985      46588.879        529.135
      55748.537      46122.815        953.401
      55433.925      45912.886        918.714
      57016.492      45876.159       1206.018
      57963.024      46160.689       1080.891
      57836.543      45935.652        998.804
      57330.671      46122.516       1103.483
      59154.957      46728.456        827.774
      62670.100      46724.127        686.059
      61293.764      46346.026        446.725
      64258.142      46394.276       1103.152
      64001.928      45983.932        929.759
      63669.905      46159.461       1026.633
      66157.170      46326.247        760.140
      65293.062      46933.256        851.451
      64617.145      46818.233        896.197
      67958.662      45982.479        718.716
      67828.786      46327.520        847.727
      67796.496      46132.635        787.746
      70493.781      46557.224        557.419
      72256.087      46230.195       1127.821
      71745.020      45782.970        881.738
      74981.214      46312.964        940.130
      73777.551      46446.673       1109.157
      76259.247      45781.362       1078.924
      77017.205      45836.704        851.317
      77370.662      46353.247       1076.920
      76861.192      45897.945        853.759
      79121.962      45952.036        463.544
      77929.155      46917.654        803.383
       1731.502      47911.791        634.862
        759.191      47183.203        405.485
       2737.929      47321.790        821.901
       3020.425      47101.998        767.292
       2418.468      47394.065        911.941
       5118.059      47090.283        916.104
       5827.064      46871.290       1047.919
       6992.202      47366.141        748.320
       7240.611      47198.861        699.890
       7303.837      47089.095        718.492
       6189.591      47505.128        989.882
      10619.503      47872.909        755.094
      11206.762      47320.552        870.235
      11149.158      47183.217        815.245
      11317.050      47141.312        880.126
      11086.911      47375.226        885.134
      13948.331      47058.961        665.208
      14136.612      47398.261        812.356
      14061.256      47050.182        706.673
      15400.901      48194.122        616.819
      18113.850      46814.200        688.562
      18196.605      47215.728        841.463
      18715.022      46912.419        914.777
      20581.295      47838.662        796.724
      20766.399      47134.104        739.828
      20595.621      47321.939        686.237
      18921.477      47540.487        886.469
      23224.892      47215.634        659.460
      23565.463      47375.244        782.253
      23244.437      47174.154        642.436
      26467.564      47832.434        607.540
      24097.341      47716.667        544.561
      26517.930      47283.302        809.785
      27392.316      46790.654        932.305
      28411.965      47133.221        718.961
      28410.278      46833.618        608.073
      27434.367      47329.070        952.990
      30895.839      47686.709        777.326
      30061.962      47190.255        500.479
      31570.289      47273.109       1012.514
      31399.713      47063.347        913.370
      31358.062      47104.857        915.179
      32457.999      47786.511        778.440
      35352.492      47779.177        781.805
      36198.057      47585.013        844.255
      36813.885      46895.027        925.159
      36967.568      47264.490        944.739
      37256.785      46867.038        760.472
      39410.097      48324.552        605.768
      41431.179      47055.222        659.333
      38169.859      47558.866        651.043
      41564.423      47068.233        609.723
      41686.175      47169.612        670.001
      44401.674      47109.077        895.470
      44307.506      46869.650        810.532
      44833.207      47884.096        669.433
      48386.634      47090.802        666.234
      48991.365      46826.374        883.361
      48604.006      47552.425        832.155
      51621.657      47543.886        688.943
      53577.113      46927.441        445.106
      52604.808      47573.972        481.984
      54308.459      47678.452        732.610
      55386.445      46890.280        873.906
      55531.380      47294.895        888.166
      56718.947      46807.935        958.598
      58197.812      47406.252        970.953
      58308.445      46877.892        928.650
      58815.167      47470.348        878.110
      58740.384      47939.385        699.997
      62722.172      47236.038        844.090
      63093.796      47246.461        894.968
      64124.318      46812.488       1073.548
      62719.030      46441.504        782.023
      64512.027      46967.471        952.337
      68117.002      47155.207        903.128
      67684.684      46760.100        686.044
      67743.419      46750.602        696.152
      70585.233      46781.590        489.234
      69022.198      47872.330        559.586
      71139.055      47301.715        705.376
      72574.215      46912.771        945.995
      73597.863      47282.588       1051.929
      72926.380      47264.754        910.676
      73667.427      46996.234       1045.790
      75103.766      47022.437        713.786
      74846.632      47505.925        811.278
      77537.408      46920.236        918.952
      77938.607      47157.986        858.008
      77847.217      46989.298        801.680
      78127.417      47827.337        601.795
       1755.194      48096.686        624.264
       1851.517      48147.906        647.092
       1757.599      48030.149        603.130
       5053.115      47963.191        601.231
       3215.120      48475.704        698.350
       5062.631      48006.777        614.285
       5241.171      48081.305        679.751
      10783.867      48106.089        664.816
       9937.784      48962.446        551.156
       9043.774      48936.753        406.694
      11206.254      48301.289        733.514
      10642.849      48453.129        782.634
      14276.286      48585.054        595.076
      12569.987      48653.191        556.589
      17078.482      48873.626        436.472
      18283.938      47754.426        635.975
      15433.232      48695.824        491.033
      17944.898      48091.089        818.806
      18221.738      48155.893        789.511
      21569.788      48575.447        524.574
      23832.354      47870.135        655.297
      27066.746      47939.701        808.848
      26351.527      47952.785        661.168
      27732.924      48503.020        669.916
      28669.609      48122.452        410.341
      29951.916      48614.879        463.238
      31100.097      48002.011        652.942
      31425.075      48171.941        675.837
      31872.867      47981.120        821.210
      32306.411      47994.768        697.990
      32370.255      47956.114        719.376
      35166.644      48615.322        518.416
      36569.589      47851.270        680.122
      36277.269      48072.106        814.673
      36837.892      47816.755        781.559
      38370.033      48237.037        768.301
      40404.405      48918.019        412.164
      39497.866      48741.085        481.012
      44120.591      48027.670        733.269
      42320.620      48242.283        406.355
      44748.672      48130.027        625.165
      44802.318      48013.730        639.531
      44306.275      48170.061        671.508
      48731.132      47996.736        662.949
      48966.805      47990.653        724.428
      48836.696      48034.141        677.130
      48689.637      48037.572        681.670
      49165.761      47332.051        940.111
      51740.272      47900.673        630.072
      49790.603      46694.799        692.006
      51846.336      48195.534        615.052
      52766.950      47926.326        457.578
      54369.772      48724.107        477.284
      55088.983      48337.495        651.112
      55371.790      48027.818        751.679
      54719.956      48345.864        558.494
      58386.765      47924.045        812.057
      58748.594      47976.687        702.848
      58691.819      48088.149        737.418
      58717.965      47957.441        689.350
      58594.215      48016.179        737.055
      62255.279      48570.154        559.048
      64362.469      48002.225        768.537
      63892.649      48269.967        611.683
      63406.928      48338.513        681.503
      65315.382      48049.116        623.398
      65385.466      47855.802        633.564
      68371.102      47916.774        739.276
      68953.724      48280.018        631.368
      68543.421      48140.084        684.562
      70996.350      48449.025        519.490
      69101.642      48591.218        538.284
      71272.214      47994.522        537.688
      72661.609      48011.721        670.767
      73069.253      48222.999        767.119
      72761.724      48016.492        634.561
      73805.747      47959.293        979.669
      74647.939      48080.550        718.961
      74753.266      47921.616        650.653
      77294.446      48534.929        684.258
      77699.505      47879.342        741.668
      78173.576      47888.155        623.132
      78019.638      48126.311        701.663
       2393.587      49160.395        405.617
       2967.485      48895.031        589.351
       1950.514      49206.955        455.352
       4486.423      49225.447        375.010
       3743.685      49236.005        399.833
       6488.693      49096.672        412.865
       6890.161      48784.974        497.317
       5909.670      49123.319        451.792
       8555.648      49363.546        331.168
       7640.225      49363.405        329.685
      10129.326      49118.708        481.532
      10089.177      49111.021        476.909
      12289.531      48958.009        408.048
      11935.557      49168.147        431.797
      13482.721      49303.714        379.835
      12675.066      49292.008        343.747
      14272.103      48900.187        566.760
      15285.151      49202.140        448.874
      14811.935      49161.263        401.811
      17635.868      48978.836        625.526
      17025.650      49003.218        468.880
      18224.040      49008.687        521.810
      18057.345      49046.123        463.563
      19576.291      49265.228        384.625
      18830.539      49259.235        369.954
      20618.426      48888.101        636.528
      21474.137      49082.770        449.724
      21480.952      48891.196        423.958
      21146.818      49097.760        462.797
      22703.114      49275.412        362.431
      23259.716      48938.265        480.054
      24870.145      49548.957        243.598
      25791.203      49077.792        496.444
      23917.264      49557.722        298.341
      26744.836      49305.056        356.364
      26138.721      49335.199        403.140
      27253.994      49051.981        504.442
      28906.167      49493.549        262.892
      29675.567      49137.618        469.946
      27983.637      49506.229        316.192
      30730.369      49436.647        339.218
      31451.009      49173.223        563.624
      30075.982      49443.290        351.047
      32693.946      49418.025        360.782
      32098.204      49415.254        356.451
      33127.006      49187.302        494.540
      34855.191      49569.052        281.980
      35301.888      48852.098        428.862
      33940.968      49564.278        261.402
      35499.711      48990.996        492.181
      37890.441      49336.991        346.188
      38726.733      48947.318        586.386
      37206.613      49355.652        381.472
      39493.047      49103.351        483.620
      39179.346      49049.780        438.629
      42058.594      49432.444        286.366
      42332.318      48880.704        302.633
      41106.347      49437.231        321.369
      43045.321      49277.830        342.592
      43909.867      48998.112        562.112
      44998.769      49342.677        339.920
      45392.451      49077.145        451.184
      44411.865      49386.391        404.958
      47031.784      49479.611        298.469
      46074.010      49476.093        281.194
      47989.932      49112.536        532.434
      48987.282      49377.822        346.199
      49479.272      49024.950        507.836
      48430.030      49410.046        392.391
      50960.889      49297.506        378.898
      50148.761      49287.133        346.146
      51532.042      48851.858        508.056
      53210.605      49397.267        294.890
      54105.396      49070.892        508.040
      52279.712      49404.021        339.801
      55010.776      49372.055        361.365
      55519.081      49101.824        527.121
      54482.628      49392.828        389.644
      57048.751      49398.870        351.660
      57894.913      49154.302        576.855
      56258.410      49388.328        324.674
      58751.328      49371.443        438.945
      58433.121      49312.021        381.940
      61364.590      49531.568        238.369
      62335.748      48891.070        504.476
      60408.912      49542.064        314.491
      62906.073      49042.006        473.914
      62547.280      49024.136        457.779
      65138.631      49482.507        335.470
      65648.559      49063.253        499.113
      64447.226      49477.639        326.056
      67182.957      49352.671        361.453
      66341.168      49342.340        327.561
      68459.943      48760.062        648.782
      68948.793      48735.083        464.145
      68841.860      48849.923        523.573
      70306.039      49534.970        288.591
      70970.386      49053.105        468.779
      69367.624      49529.571        265.479
      72181.400      49365.138        375.469
      71459.505      49347.761        339.759
      74229.320      49160.548        417.434
      74583.572      49005.850        524.513
      73854.003      49200.872        456.221
      76249.673      49431.420        356.153
      77388.984      48806.632        634.759
      75420.620      49410.267        297.150
      77972.925      48879.126        524.316
      77781.755      48845.232        502.101
      78168.197      48780.227        577.288
      27185.128       7880.093       1124.728
      72004.308      20858.892        879.056
      70987.859      32711.343       1557.544
      70911.592      32408.289       1446.673
      71203.166      33095.417       1444.332
      71161.772      32254.172       1386.833
      72124.039      33055.323       1160.437
      56952.947      41252.238       1395.211
