   0.000          0.000          0.000    1
   0.000          0.000          0.000    2
   0.000          0.000          0.000    3
   0.000          0.000          0.000    4
   0.000          0.000          0.000    5
   0.000          0.000          0.000    6
   0.000          0.000          0.000    7
   0.000          0.000          0.000    8
   0.000          0.000          0.000    9
   0.000          0.000          0.000   10
   0.000          0.000          0.000   11
   0.000          0.000          0.000   12
   0.000          0.000          0.000   13
   0.000          0.000          0.000   14
   0.000          0.000          0.000   15
   0.000          0.000          0.000   16
   0.000          0.000          0.000   17
   0.000          0.000          0.000   18
   0.000          0.000          0.000   19
   0.000          0.000          0.000   20
   0.000          0.000          0.000   21
   0.000          0.000          0.000   22
   0.000          0.000          0.000   23
   0.000          0.000          0.000   24
   0.000          0.000          0.000   25
   0.000          0.000          0.000   26
   0.000          0.000          0.000   27
   0.000          0.000          0.000   28
   0.000          0.000          0.000   29
   0.000          0.000          0.000   30
   0.000          0.000          0.000   31
   0.000          0.000          0.000   32
   0.000          0.000          0.000   33
   0.000          0.000          0.000   34
   0.000          0.000          0.000   35
   0.000          0.000          0.000   36
   0.000          0.000          0.000   37
   0.000          0.000          0.000   38
   0.000          0.000          0.000   39
   0.000          0.000          0.000   40
   0.000          0.000          0.000   41
   0.000          0.000          0.000   42
   0.000          0.000          0.000   43
   0.000          0.000          0.000   44
   0.000          0.000          0.000   45
   0.000          0.000          0.000   46
   0.000          0.000          0.000   47
   0.000          0.000          0.000   48
   0.000          0.000          0.000   49
   0.000          0.000          0.000   50
   0.000          0.000          0.000   51
   0.000          0.000          0.000   52
   0.000          0.000          0.000   53
   0.000          0.000          0.000   54
   0.000          0.000          0.000   55
   0.000          0.000          0.000   56
   0.000          0.000          0.000   57
   0.000          0.000          0.000   58
   0.000          0.000          0.000   59
   0.000          0.000          0.000   60
   0.000          0.000          0.000   61
   0.000          0.000          0.000   62
   0.000          0.000          0.000   63
   0.000          0.000          0.000   64
   0.000          0.000          0.000   65
   0.000          0.000          0.000   66
   0.000          0.000          0.000   67
   0.000          0.000          0.000   68
   0.000          0.000          0.000   69
   0.000          0.000          0.000   70
   0.000          0.000          0.000   71
   0.000          0.000          0.000   72
   0.000          0.000          0.000   73
   0.000          0.000          0.000   74
   0.000          0.000          0.000   75
   0.000          0.000          0.000   76
   0.000          0.000          0.000   77
   0.000          0.000          0.000   78
   0.000          0.000          0.000   79
   0.000          0.000          0.000   80
   0.000          0.000          0.000   81
 762.405   12441207.224          0.003    5
 158.892    1538135.522          0.000    5
 121.800    1149110.379          0.000    7
 342.937    3130063.628          0.001    8
 165.042    1531726.627          0.000   10
 239.297    2240815.653          0.001   12
 180.299    1684029.600          0.000   13
 113.449     991316.092          0.000   15
 189.988    2353187.054          0.001   17
 418.624    4807715.688          0.001   19
  75.966     771950.582          0.000   20
 710.879    8771449.086          0.002   20
 183.803    1801271.996          0.000   24
  87.667     898426.172          0.000   26
 703.986    8622245.577          0.002   26
 140.575    1265920.838          0.000   30
 229.055    2749952.593          0.001   32
 415.891    4779871.065          0.001   34
  63.311     642001.469          0.000   35
 175.881    1716715.745          0.000   37
 696.809    8686573.399          0.002   41
  73.220     745651.820          0.000   41
 164.226    1442206.890          0.000   43
 215.029    2070589.323          0.001   45
  93.343     863432.400          0.000   47
 180.543    1764727.335          0.000   49
 280.246    2675904.243          0.001   51
  99.909     945891.408          0.000   52
 203.491    1755499.744          0.001   54
 154.170    1370342.621          0.000   56
 162.541    1529987.402          0.000   58
  75.262     778737.857          0.000   60
 135.490    1387740.109          0.000   60
 123.366    1251450.667          0.000   63
 123.886    1066160.950          0.000   65
 688.950    9198585.102          0.002   69
 130.779    1215147.213          0.000   69
 382.005    4099974.751          0.001   71
 111.757    1068624.891          0.000   72
 236.304    2349606.744          0.001   74
 146.171    1451302.822          0.000   76
 264.886    2644174.932          0.001   78
   0.000          0.000          0.000  124
   0.000          0.000          0.000  125
 511.681    4858086.802          0.001  125
 408.018    3920126.323          0.001    5
 293.738    2554639.081          0.001    7
 429.575    3481436.793          0.001   10
 677.291    6803679.523          0.002   10
 637.528    6443154.354          0.002   12
 536.438    4435758.565          0.001   15
 598.772    6320169.253          0.002   17
 201.857    1864344.903          0.000   20
 746.706    9845021.687          0.002   20
 590.642    5426577.678          0.001   24
 447.913    4661912.830          0.001   26
 170.001    1694501.960          0.000   26
 699.823    8132473.923          0.002   30
 404.601    3550837.103          0.001   30
 714.298    7539741.277          0.002   35
 178.748    1640762.263          0.000   35
 480.685    3966463.845          0.001   35
 648.569    6504346.172          0.002   37
 661.570    9197358.906          0.002   41
 163.338    1593045.702          0.000   41
 323.791    2573554.370          0.001   43
 462.517    4158883.324          0.001   45
 281.767    2153129.164          0.000   47
 418.377    3795582.878          0.001   49
 595.851    5542426.008          0.001   49
 193.376    1745735.168          0.000   52
 276.628    2304061.454          0.001   56
 571.833    4959353.771          0.001   56
 578.407    4999429.004          0.001   58
 193.644    1952827.488          0.000   60
 312.927    3078658.431          0.001   63
 281.264    2154194.475          0.001   65
 707.282    8564116.759          0.002   65
 301.934    2513543.487          0.001   69
 687.941   11062586.713          0.003   69
 226.999    2045325.852          0.000   72
 707.066    7537547.941          0.002   74
 336.296    3121129.001          0.001   76
 714.855    6307657.356          0.002   76
 217.123    2128863.523          0.001  167
   0.000          0.000          0.000  167
   0.000          0.000          0.000  168
 580.260    6320697.963          0.002  168
 781.079    8320754.915          0.002    5
 574.236    4144678.346          0.001    7
 922.784    7006460.130          0.002   10
 957.313   11505483.825          0.003   10
 649.116    5253655.079          0.001   13
 416.525    2877171.646          0.001   15
 957.221   16537455.173          0.004   15
 865.937   12729143.824          0.003   20
 589.750    4698160.594          0.001   20
 718.705    6040721.037          0.001   20
 899.981    8791696.844          0.002   24
 591.913    6440861.178          0.002   26
 282.098    2663274.658          0.001   26
 657.276    5283412.165          0.001   26
 613.968    4037654.237          0.001   30
 978.961   10745978.644          0.003   30
 874.230    7582498.694          0.002   35
 313.368    2563279.177          0.001   35
 447.662    3405449.172          0.001   35
 703.354    8780778.445          0.002   35
 927.497    9805987.248          0.002   35
 797.743    7095319.946          0.002   41
 400.947    3258832.310          0.001   41
 700.525    6776431.007          0.002   41
 747.688    5287712.167          0.001   43
 846.322    9371137.134          0.002   47
 747.990    7704143.575          0.002   47
 914.235    8427856.552          0.002   49
 375.853    3032163.196          0.001   52
 524.686    5193632.926          0.001   52
 781.645    8863792.983          0.002   52
 611.546    4181575.362          0.001   56
 914.553    9104845.280          0.002   56
 864.846    9418565.914          0.002   60
 722.603    6755533.667          0.002   63
 512.355    3309702.308          0.001   65
 809.533    8499833.951          0.002   65
 712.134    4799541.451          0.001   69
 742.110    6037381.510          0.001   72
 385.380    3142505.727          0.001   72
 983.420   11367387.031          0.003   72
 873.839    8767341.408          0.002   76
 796.975    8644652.466          0.002  167
 393.606    4360848.734          0.001  214
   0.000          0.000          0.000  214
   0.000          0.000          0.000  215
 338.569    4288577.029          0.001  215
 547.958    7147756.608          0.002  215
 796.361   12415569.167          0.003  215
 945.587    7110302.747          0.002    7
1028.852   10806047.070          0.003    7
1156.713   12813695.803          0.003   13
 962.811    7961115.588          0.002   15
 733.063    4579605.203          0.001   15
1102.731   10391314.939          0.002   20
 690.024    4390728.824          0.001   20
 882.218    7751400.302          0.002   20
1048.853    8974993.354          0.002   20
1100.057   11717072.511          0.003   26
 427.191    3759027.347          0.001   26
 701.457    5435824.536          0.001   26
 924.254    5546190.794          0.001   30
1153.286   11564727.898          0.003   35
 591.498    3921122.725          0.001   35
 930.055    8274371.646          0.002   35
1171.997   14210769.043          0.003   41
 958.524    8624365.237          0.002   41
 732.680    4941011.325          0.001   41
1115.711   12934133.118          0.003   41
1044.020    7238958.222          0.002   43
 991.657    9997627.926          0.002   45
 698.035    4047174.802          0.001   47
1041.547    9039723.237          0.002   47
 957.142    9157830.832          0.002   52
 738.783    4967458.983          0.001   52
 553.455    3979043.081          0.001   52
1004.306    8370179.158          0.002   56
1024.294    7137649.081          0.002   56
1089.656   13328179.355          0.003   58
 827.041    6476586.319          0.001   60
 506.107    4132357.724          0.001   60
 905.231   10411991.550          0.002   63
 875.659    5045265.997          0.001   65
1102.472   10197226.203          0.002   69
1113.684   10009128.240          0.002   69
 842.825    5908986.386          0.001   72
 923.844    7374620.475          0.002   72
1124.119   14997654.390          0.003  311
 960.286   10256323.058          0.002  311
 627.947    5952172.646          0.001  311
   0.000          0.000          0.000  260
   0.000          0.000          0.000  261
 401.016    3211334.697          0.001  261
 909.869   13318502.573          0.003  261
1124.412   10455817.342          0.002    7
1096.423    9369709.172          0.002    7
1250.178          0.000          0.000  266
1250.108    7540569.701          0.002  366
1176.301   10128583.228          0.002   15
1115.046    7386265.953          0.002   15
1250.300          0.000          0.000  270
1130.535    8378673.050          0.002   20
1137.679   10651783.482          0.002   20
1250.303    6258656.122          0.001  324
1158.976   13950996.486          0.003   26
 951.478    8861381.180          0.002   26
 887.317    7064884.978          0.002   26
 990.326    7277930.594          0.002   26
1101.070   15029190.419          0.003   26
1229.670    7940124.766          0.002   30
1249.589   10315415.273          0.002   30
1236.874   14457392.469          0.003   35
 838.386    5043079.844          0.001   35
 907.095    6680672.030          0.001   35
1161.990   10819625.512          0.002   35
1138.726   11306330.770          0.003   41
1117.014    7532499.927          0.002   41
1250.220    4049053.039          0.001  335
1210.490   10454801.928          0.002   43
1174.841    9445459.405          0.002   47
1080.055    6195932.579          0.001   47
1238.300   12195433.123          0.003   52
1162.334    9077905.818          0.002   52
1063.929    9289991.104          0.002   52
 919.151    5741460.929          0.001   52
1250.367    6213948.443          0.001  296
1250.367          0.000          0.000  296
1250.367    4786328.667          0.001  296
1088.723    9700551.067          0.002   60
 799.583    6077509.641          0.001   60
1017.844    8897528.772          0.002   60
1160.894   13797452.792          0.003   63
1222.783    8496888.974          0.002   65
1237.865   10454371.449          0.002   65
1250.472    6420867.381          0.001  351
1160.363   11366554.414          0.003   72
1082.446   13131587.477          0.003   72
1056.574   11369487.517          0.003   72
1165.232   13101205.529          0.003  311
 723.914    5872248.373          0.001  311
 172.325    1645438.787          0.000  311
   0.000          0.000          0.000  311
   0.000          0.000          0.000  312
 587.598    8269047.153          0.002  312
 925.630    9236961.937          0.002  261
1250.356    5130525.773          0.001  316
1250.356          0.000          0.000  316
1250.178    3450273.956          0.001  266
1250.179    4730025.066          0.001  266
1250.108    1765039.831          0.000  366
1229.891   10690914.509          0.002   15
1250.306    3444507.622          0.001  270
1235.243   12824817.869          0.003   20
1176.909   10501408.555          0.002   20
1250.288          0.000          0.000  324
1250.288    3742280.903          0.001  324
1236.508   14517821.952          0.003   26
1203.987   11559874.487          0.003   26
1250.321          0.000          0.000  328
1250.360   12486141.647          0.003   30
1219.027    9758110.962          0.002   35
1179.113   12038052.776          0.003   35
1156.956   10520394.692          0.002   35
1250.257    5454022.634          0.001  382
1228.318   10261773.669          0.002   41
1250.219          0.000          0.000  335
1245.447   14235805.093          0.003   43
1211.146    8071219.182          0.002   47
1250.292    5221880.263          0.001  388
1187.134   10041373.644          0.002   52
1250.231   11378448.649          0.002   52
1242.247    8890814.851          0.002   52
1250.116    6714163.032          0.001  391
1250.451    3444093.596          0.001  344
1250.448          0.000          0.000  344
1217.125   13400753.645          0.003   60
1087.710    9537797.666          0.002   60
1250.335    3979378.744          0.001  348
1250.335          0.000          0.000  348
1249.141   11781479.288          0.003   65
1250.472    3328249.450          0.001  351
1250.472          0.000          0.000  351
1250.472    2026994.918          0.000  351
1229.424   11946748.775          0.003   72
1250.340          0.000          0.000  354
1250.340    4338766.664          0.001  354
 962.028    8326236.936          0.002  358
 497.240    4095919.134          0.001  358
   0.000          0.000          0.000  358
   0.000          0.000          0.000  359
 495.656    4092537.702          0.001  359
 998.206    9303189.598          0.002  359
1070.373   10033922.185          0.002  498
1250.323    6815442.185          0.001  411
1250.323    2835575.936          0.001  411
1250.113    3546034.713          0.001  366
1250.108          0.000          0.000  366
1250.262    5318909.310          0.001  368
1250.262          0.000          0.000  368
1250.262    3314100.360          0.001  368
1250.343    7224693.682          0.002  463
1250.295    5195316.160          0.001  324
1250.288    3633211.783          0.001  324
1250.362    3056463.617          0.001  374
1250.362          0.000          0.000  374
1250.299          0.000          0.000  375
1250.323    3363354.540          0.001  328
1250.388    4320556.731          0.001  423
1250.388    2663459.440          0.001  423
1231.389   11483821.697          0.002   35
1250.283    6100328.593          0.001  472
1250.258    3472323.043          0.001  382
1250.257          0.000          0.000  382
1250.238          0.000          0.000  383
1250.238    3432988.980          0.001  383
1250.323    5882967.084          0.001  477
1250.310          0.000          0.000  386
1245.509   10824965.541          0.002   47
1250.289          0.000          0.000  388
1250.391   15211983.688          0.003   52
1250.406    5034400.579          0.001  436
1250.107          0.000          0.000  391
1250.254    8520664.924          0.002  485
1250.315    5572823.422          0.001  440
1250.337    6962177.508          0.001  348
1250.335    2772658.788          0.001  348
1250.110          0.000          0.000  396
1250.352    4755407.464          0.001  445
1250.472    2702717.977          0.001  351
1250.472    6192111.224          0.001  351
1250.342    2637680.406          0.001  354
1240.299   13667666.812          0.003  405
1162.305    9808744.089          0.002  405
 843.060    6548413.897          0.001  405
 115.507    1159010.421          0.000  405
   0.000          0.000          0.000  405
   0.000          0.000          0.000  406
 851.313    9633017.230          0.002  498
 751.939    6151899.793          0.001  498
1250.326    7698013.320          0.002  411
1250.323    2297360.389          0.000  411
1250.323          0.000          0.000  411
1250.323    3706196.015          0.001  411
1250.174          0.000          0.000  413
1250.274    7446383.147          0.002  368
1250.262    3234884.196          0.001  368
1250.136          0.000          0.000  416
1250.337    3508092.739          0.001  463
1250.229    4585859.132          0.001  464
1250.253    4929407.785          0.001  464
1250.297    2955675.894          0.001  465
1250.301    2705222.108          0.001  375
1250.520    5287550.798          0.001  469
1250.388          0.000          0.000  423
1250.388    5095564.801          0.001  423
1250.286    5579139.092          0.001  472
1250.283    2516903.231          0.001  472
1250.283    5379311.107          0.001  472
1250.257    2019330.227          0.000  382
1250.238    3186085.517          0.001  383
1250.323    4523939.284          0.001  477
1250.323    2071897.404          0.000  477
1250.310    2749173.184          0.001  386
1249.924   14027057.593          0.003   47
1250.289    2993259.034          0.001  388
1250.346    6235627.398          0.001  532
1250.378          0.000          0.000  436
1250.115    5672288.514          0.001  391
1250.254    2737200.451          0.001  485
1250.254    4874881.012          0.001  485
1250.315          0.000          0.000  440
1250.315    2328751.852          0.000  440
1250.336    5948122.704          0.001  539
1250.331    6496700.436          0.001  539
1250.345    3154746.570          0.001  445
1250.345          0.000          0.000  445
1250.474    5667692.853          0.001  351
1250.469    3861497.001          0.001  493
1250.479    4433112.298          0.001  493
1250.353          0.000          0.000  449
 978.939    9998441.276          0.002  405
 442.849    3527633.826          0.001  405
   0.000          0.000          0.000  452
   0.000          0.000          0.000  453
 425.024    4038933.715          0.001  498
 483.062    4170694.106          0.001  498
1108.532   11701116.692          0.003  498
1250.325    4786012.648          0.001  411
1250.323    8994650.317          0.002  411
1250.474   11479201.921          0.002  653
1250.294    4214213.483          0.001  508
1250.137    3303541.658          0.001  416
1250.341    7637703.474          0.002  561
1250.337          0.000          0.000  463
1250.229          0.000          0.000  464
1250.297          0.000          0.000  465
1250.325    7626526.011          0.002  465
1250.468    4978380.589          0.001  515
1250.520    2883516.232          0.001  469
1250.520          0.000          0.000  469
1250.178          0.000          0.000  470
1250.431   11165570.843          0.002  423
1250.283          0.000          0.000  472
1250.189          0.000          0.000  473
1250.189    3435445.218          0.001  473
1250.448    3837029.414          0.001  524
1250.323    2883277.530          0.001  477
1250.323          0.000          0.000  477
1250.323    2580488.235          0.001  477
1250.327    5165879.850          0.001  527
1250.381    2580666.899          0.001  529
1250.340    6377782.568          0.001  532
1250.340    2570840.726          0.001  532
1250.378    3611070.879          0.001  436
1250.266    6106212.264          0.001  583
1250.254          0.000          0.000  485
1250.315    3098792.391          0.001  440
1250.329    8784282.275          0.002  440
1250.331    1769647.665          0.000  539
1250.323    2861671.871          0.001  540
1250.345    3445673.784          0.001  445
1250.104          0.000          0.000  491
1250.469    4160150.720          0.001  493
1250.468          0.000          0.000  493
1226.360   12733965.878          0.003  549
 995.279    9052985.920          0.002  549
 552.370    9235094.061          0.002  497
   0.000          0.000          0.000  497
   0.000          0.000          0.000  498
  63.721     696100.383          0.000  498
 172.615    1791311.084          0.000  498
 773.358    6951099.184          0.002  498
1045.873   10097186.215          0.002  498
1250.463    3554793.106          0.001  504
1250.459          0.000          0.000  504
1250.466    8233173.100          0.002  653
1250.465    7181091.166          0.002  653
1250.294    1731491.563          0.000  508
1250.294          0.000          0.000  508
1250.338    7225443.276          0.001  561
1250.338    4336331.239          0.001  561
1250.351    6621123.819          0.001  561
1250.229    5087859.540          0.001  464
1250.297    3588169.327          0.001  465
1250.468    3740539.032          0.001  515
1250.468          0.000          0.000  515
1250.468    3590583.418          0.001  515
1250.520    3196479.577          0.001  469
1250.352    3111028.231          0.001  568
1250.283    4191159.153          0.001  569
1250.057          0.000          0.000  520
1250.283    3214036.079          0.001  472
1250.272    4904482.780          0.001  572
1250.443    2570297.881          0.001  524
1250.443          0.000          0.000  524
1250.443    7709004.537          0.002  524
1250.324    5224164.730          0.001  477
1250.297          0.000          0.000  527
1250.385    4101976.533          0.001  529
1250.381          0.000          0.000  529
1250.270    6805628.493          0.001  581
1250.259    3206724.272          0.001  581
1250.340          0.000          0.000  532
1250.265    2611822.735          0.001  583
1250.265    3307788.390          0.001  583
1250.254    2474531.876          0.001  485
1250.254    2851504.108          0.001  485
1250.396    2839084.578          0.001  586
1250.331    2644285.116          0.001  539
1250.331          0.000          0.000  539
1250.321          0.000          0.000  540
1250.340    5381820.839          0.001  589
1250.158          0.000          0.000  542
1250.268          0.000          0.000  543
1250.469    4055019.222          0.001  493
1222.056   11021429.242          0.002  549
 797.286    4705651.031          0.001  549
 225.295    1888667.830          0.000  549
  80.090     783291.069          0.000  549
   0.000          0.000          0.000  549
   0.000          0.000          0.000  550
 394.182    3618454.113          0.001  498
1037.598   12165443.141          0.003  498
1166.362   12832272.657          0.003  498
1250.432          0.000          0.000  554
1250.432    1957936.134          0.000  554
1250.336    5315979.733          0.001  651
1250.465    4234539.096          0.001  653
1250.465    5875822.067          0.001  653
1250.296    3434881.201          0.001  508
1250.207    3089197.185          0.001  608
1250.338          0.000          0.000  561
1250.338    2443787.254          0.001  561
1250.349          0.000          0.000  563
1250.252          0.000          0.000  564
1250.471    3254215.063          0.001  515
1250.400    4341115.912          0.001  567
1250.396          0.000          0.000  567
1250.352          0.000          0.000  568
1250.271          0.000          0.000  569
1250.285    7176851.505          0.001  472
1250.250    3980369.681          0.001  572
1250.250          0.000          0.000  572
1250.450    6348230.945          0.001  524
1250.443    2677464.171          0.001  524
1250.443    3226542.689          0.001  524
1250.378    5770243.213          0.001  622
1250.310    8813116.912          0.002  527
1250.297    1351551.702          0.000  527
1250.187    8900820.917          0.002  675
1250.179    4728933.862          0.001  675
1250.259          0.000          0.000  581
1250.265    3423506.719          0.001  583
1250.265          0.000          0.000  583
1250.264    6233680.951          0.001  485
1250.254    5887089.866          0.001  485
1250.396          0.000          0.000  586
1250.386    4259750.781          0.001  634
1250.372    5219878.560          0.001  634
1250.340          0.000          0.000  589
1250.158    2863038.815          0.001  542
1250.275    4210545.951          0.001  543
1250.469    6443778.111          0.001  493
1224.260   11703584.996          0.003  549
 896.419    8906116.924          0.002  549
 616.210    4654902.698          0.001  549
 376.926    5521325.947          0.001  549
   0.000          0.000          0.000  597
   0.000          0.000          0.000  598
 581.299    8992113.965          0.002  598
 877.170   11255132.620          0.003  498
1248.512   12810144.996          0.003  694
1250.236          0.000          0.000  602
1250.236    2738252.175          0.001  602
1250.336    2625175.168          0.001  651
1250.464    4484131.908          0.001  653
1250.464    1858849.144          0.000  653
1250.253    3077841.021          0.001  655
1250.207          0.000          0.000  608
1250.287    5307220.232          0.001  704
1250.338    5722280.289          0.001  561
1250.350    2685716.332          0.001  563
1250.259    3858431.846          0.001  564
1250.324    4246647.824          0.001  662
1250.317    4177661.292          0.001  662
1250.396    3848841.643          0.001  567
1250.373    4575629.352          0.001  568
1250.373    4792865.982          0.001  665
1250.239    3088494.551          0.001  667
1250.250    3758757.988          0.001  572
1250.295    5180008.515          0.001  572
1250.332    4310161.650          0.001  669
1250.378          0.000          0.000  622
1250.378    1476001.754          0.000  622
1250.297    4342898.327          0.001  527
1250.297    8125425.482          0.002  527
1250.179    3944279.197          0.001  675
1250.179    1149330.389          0.000  675
1250.259    2651581.261          0.001  581
1250.171    6103613.864          0.001  725
1250.487    3477531.141          0.001  631
1250.484          0.000          0.000  631
1250.643    3328237.037          0.001  681
1250.198          0.000          0.000  633
1250.372          0.000          0.000  634
1250.372    2167228.755          0.000  634
1250.344    3606972.320          0.001  589
1250.365          0.000          0.000  637
1250.208          0.000          0.000  638
1250.231          0.000          0.000  639
1250.162          0.000          0.000  640
1219.625   14216280.384          0.003  549
1021.148   12546615.419          0.003  549
 424.090    5398093.147          0.001  645
 232.630    2836881.878          0.001  645
   0.000          0.000          0.000  645
   0.000          0.000          0.000  646
 578.071    6713690.995          0.002  646
 927.829    7033786.487          0.002  694
1235.252   11887773.145          0.003  694
1250.236    2816356.000          0.001  602
1250.336          0.000          0.000  651
1250.336    2344662.879          0.000  651
1250.464          0.000          0.000  653
1250.253    4138714.055          0.001  655
1250.253          0.000          0.000  655
1250.209    3850023.956          0.001  608
1250.286    2295977.116          0.000  704
1250.553    3178049.126          0.001  659
1250.552          0.000          0.000  659
1250.066          0.000          0.000  660
1250.260          0.000          0.000  661
1250.316          0.000          0.000  662
1250.259    2977606.389          0.001  710
1250.373    2736146.134          0.001  665
1250.373          0.000          0.000  665
1250.240    3580499.432          0.001  667
1250.239          0.000          0.000  667
1250.250    7889769.948          0.002  572
1250.322          0.000          0.000  669
1250.322    2558759.448          0.001  669
1250.379    3965728.653          0.001  622
1250.338    9939207.757          0.002  527
1250.346          0.000          0.000  673
1250.187    4686950.150          0.001  675
1250.179          0.000          0.000  675
1250.260    5627516.952          0.001  581
1250.172    4827958.667          0.001  725
1250.171    1981978.549          0.000  725
1250.171    5697837.145          0.001  725
1250.644    3579460.423          0.001  681
1250.643          0.000          0.000  681
1250.198    3663193.374          0.001  633
1250.372    5327823.469          0.001  634
1250.372    3554216.822          0.001  634
1250.393    7151659.971          0.001  634
1250.366    3755673.213          0.001  637
1250.208    2398548.515          0.001  638
1250.231    3049380.937          0.001  639
1250.395    4811401.972          0.001  736
1145.312   11921019.514          0.003  693
 678.342    5678823.221          0.001  693
 198.063    1904343.382          0.000  693
   0.000          0.000          0.000  693
   0.000          0.000          0.000  694
 367.347    2559302.148          0.001  694
1020.487   10283832.538          0.002  694
1250.388          0.000          0.000  697
1250.371    3114411.105          0.001  746
1250.336    2450428.157          0.001  651
1250.466    3354255.877          0.001  653
1250.253    4111293.865          0.001  655
1250.255    3328450.969          0.001  655
1250.286    4828708.010          0.001  704
1250.286          0.000          0.000  704
1250.250    3597991.795          0.001  753
1250.301    4114923.918          0.001  755
1250.301    6273068.413          0.001  755
1250.288    4742029.635          0.001  661
1250.258    3121587.249          0.001  710
1250.258          0.000          0.000  710
1250.250    2848262.846          0.001  759
1250.374    2928192.523          0.001  665
1250.337          0.000          0.000  713
1250.239    6122613.551          0.001  667
1250.538    4606256.380          0.001  764
1250.322    6895880.629          0.001  669
1250.404    4211572.178          0.001  765
1250.583          0.000          0.000  718
1250.355    7188982.608          0.001  673
1250.346    3284047.674          0.001  673
1250.350          0.000          0.000  721
1250.271    3756839.780          0.001  723
1250.271          0.000          0.000  723
1250.271    3679432.487          0.001  723
1250.171          0.000          0.000  725
1250.273    3281044.587          0.001  773
1250.316    3755053.117          0.001  774
1250.204    7475414.326          0.002  633
1250.538    2682938.099          0.001  730
1250.538          0.000          0.000  730
1250.538    3940194.573          0.001  730
1250.508    2912373.010          0.001  779
1250.508    4205155.181          0.001  779
1250.387    5925996.403          0.001  736
1250.387    3165650.567          0.001  736
1250.387          0.000          0.000  736
1237.656   13402243.082          0.003  741
 871.583    6330154.730          0.001  741
 652.699    4804782.641          0.001  741
 118.860    1104291.640          0.000  741
   0.000          0.000          0.000  741
   0.000          0.000          0.000  742
 609.498    8892938.242          0.002  742
 916.225    8570574.736          0.002  694
1197.675   11812413.759          0.003  694
1250.371          0.000          0.000  746
1250.344    6356942.029          0.001  651
1250.315          0.000          0.000  748
1250.192    2367721.072          0.000  796
1250.114          0.000          0.000  750
1250.286    1930565.880          0.000  704
1250.249    4433358.879          0.001  753
1250.249          0.000          0.000  753
1250.302    3318789.425          0.001  755
1250.301          0.000          0.000  755
1250.301    2766522.093          0.001  755
1250.362          0.000          0.000  757
1250.263          0.000          0.000  758
1250.250          0.000          0.000  759
1250.250    3171262.848          0.001  759
1250.337    4076324.198          0.001  713
1250.384          0.000          0.000  762
1250.354    4528267.818          0.001  812
1250.530          0.000          0.000  764
1250.401          0.000          0.000  765
1250.583    2887881.650          0.001  718
1250.440    3345691.878          0.001  817
1250.278    3777514.191          0.001  818
1250.454    5025600.669          0.001  819
1250.271    2218840.156          0.000  723
1250.171    3603834.918          0.001  725
1250.273    3370450.483          0.001  773
1250.273          0.000          0.000  773
1250.313          0.000          0.000  774
1250.349    3887193.553          0.001  827
1250.361    6982550.341          0.001  827
1250.538    1713940.027          0.000  730
1250.508    2987350.835          0.001  779
1250.508          0.000          0.000  779
1250.315    8760417.773          0.002  833
1250.313    2077437.218          0.000  833
1250.042          0.000          0.000  782
1225.780   12176632.572          0.003  741
 717.230    6991413.182          0.002  741
 219.636    2461717.175          0.001  786
   0.000          0.000          0.000  786
   0.000          0.000          0.000  787
 172.225    1866716.556          0.000  787
 668.271    6706205.894          0.001  787
1063.042   11480023.882          0.003  787
1250.372    6193193.431          0.001  746
1250.372    3933715.131          0.001  746
1250.220    3971105.976          0.001  844
1250.330    5102770.984          0.001  748
1250.315    2353118.629          0.000  748
1250.192          0.000          0.000  796
1250.115    3217147.557          0.001  750
1250.286    5013597.219          0.001  704
1250.254    5887060.354          0.001  753
1250.249    2773013.594          0.001  753
1250.249    1914717.141          0.000  753
1250.346    4118118.444          0.001  803
1250.335          0.000          0.000  803
1250.362    3521752.803          0.001  757
1250.263    4595646.283          0.001  758
1250.263    2917155.914          0.001  758
1250.250    3035980.574          0.001  759
1250.362          0.000          0.000  808
1250.362    2162344.223          0.000  808
1250.384    4313400.318          0.001  762
1250.358    3619608.949          0.001  812
1250.354          0.000          0.000  812
1250.530    2237857.890          0.000  764
1250.411    4415510.339          0.001  765
1250.401    4859545.161          0.001  765
1250.438    3097660.797          0.001  817
1250.438          0.000          0.000  817
1250.266          0.000          0.000  818
1250.424          0.000          0.000  819
1250.277    6806975.815          0.001  723
1250.462          0.000          0.000  821
1250.432    4587061.886          0.001  823
1250.432          0.000          0.000  823
1250.273    5692211.786          0.001  773
1250.313    1832991.327          0.000  774
1250.313    6050978.690          0.001  774
1250.349          0.000          0.000  827
1250.349    3270404.931          0.001  827
1250.549    7434861.279          0.002  730
1250.525    5106132.956          0.001  779
1250.313    7649880.401          0.002  833
1250.313    4432231.948          0.001  833
1250.313          0.000          0.000  833
1250.366    4768369.597          0.001  882
1096.247   12033988.920          0.003  741
 888.018    9687020.599          0.002  885
 653.669    9702918.310          0.002  786
   0.000          0.000          0.000  838
   0.000          0.000          0.000  839
 166.663    1816119.852          0.000  839
 810.344    9796490.125          0.002  839
1250.427          0.000          0.000  842
1250.220    3241499.079          0.001  844
1250.220          0.000          0.000  844
1250.193    8935920.942          0.002  941
1250.315    5070193.025          0.001  748
1250.192    2232821.632          0.000  796
1250.496    2509181.687          0.001  894
1250.379    2434648.259          0.000  850
1250.379          0.000          0.000  850
1250.379    5203749.889          0.001  850
1250.249    3500785.763          0.001  753
1250.293    6418181.921          0.001  900
1250.293    4888205.314          0.001  900
1250.264    6893543.583          0.001  758
1250.206          0.000          0.000  856
1250.362    6699716.081          0.001  808
1250.362    5904575.953          0.001  808
1250.371    5961528.409          0.001  808
1250.378    7279887.892          0.001  911
1250.378    5822001.986          0.001  911
1250.279    9113805.261          0.002  912
1250.260    3220883.177          0.001  912
1250.655    3466089.817          0.001  913
1250.517    3417962.724          0.001  914
1250.266    4765409.286          0.001  818
1250.376    7247192.481          0.001  960
1250.314    5324197.170          0.001  869
1250.278          0.000          0.000  869
1250.463    3242236.199          0.001  821
1250.433    5122006.682          0.001  823
1250.432    2916577.715          0.001  823
1250.313    4543135.321          0.001  774
1250.151    2207923.910          0.000  923
1250.474    4423322.383          0.001  925
1250.479    8969882.702          0.002  925
1250.474    4973654.058          0.001  925
1250.282    4821895.536          0.001  927
1250.485    3220324.882          0.001  929
1250.369    5549936.078          0.001  882
1250.366    2532189.986          0.001  882
1250.366          0.000          0.000  882
 921.262    8181453.319          0.002  885
 347.909    3023261.446          0.001  885
   0.000          0.000          0.000  885
   0.000          0.000          0.000  886
 596.393    7671046.528          0.002  886
 968.167    8198287.616          0.002  936
1250.173    8069627.273          0.002  988
1250.220    2986873.792          0.001  844
1250.149    3400271.889          0.001  941
1250.315    7104795.286          0.001  748
1250.388    3616248.111          0.001  944
1250.496          0.000          0.000  894
1250.496    3387936.207          0.001  894
1250.383    4213787.878          0.001  850
1250.379    5379501.763          0.001  850
1250.249    5600349.110          0.001  753
1250.293    2626340.666          0.001  900
1250.293          0.000          0.000  900
1250.293    1844696.629          0.000  900
1250.293    4825350.528          0.001  900
1250.318    6187112.355          0.001  952
1250.316    3239159.842          0.001  952
1250.455    5067336.791          0.001  906
1250.454          0.000          0.000  906
1250.385    8913461.314          0.002  911
1250.378    5241018.459          0.001  911
1250.378    3319711.363          0.001  911
1250.377    1255790.627          0.000  911
1250.377          0.000          0.000  911
1250.259          0.000          0.000  912
1250.655          0.000          0.000  913
1250.515          0.000          0.000  914
1250.376    2616294.881          0.001  960
1250.376    3133022.050          0.001  960
1250.278    5902243.320          0.001  869
1250.278    2914397.785          0.001  869
1250.531    5526324.919          0.001  963
1250.413          0.000          0.000  920
1250.399    5987228.445          0.001 1017
1250.337    7943959.976          0.002 1019
1250.151          0.000          0.000  923
1250.343    3861527.452          0.001  971
1250.474          0.000          0.000  925
1250.474    1381826.015          0.000  925
1250.276          0.000          0.000  927
1250.276    1254225.916          0.000  927
1250.484          0.000          0.000  929
1250.484    2021841.765          0.000  929
1250.367    5772911.157          0.001  882
1181.716   12446453.558          0.003  935
 743.818    6092995.351          0.001  935
 141.128    1288688.137          0.000  935
   0.000          0.000          0.000  935
   0.000          0.000          0.000  936
 383.616    2902079.172          0.001  936
1032.090   10761835.095          0.002  936
1250.170    2897534.147          0.001  988
1250.049          0.000          0.000  940
1250.149          0.000          0.000  941
1250.149    3324906.253          0.001  941
1250.257    4700309.293          0.001  991
1250.388          0.000          0.000  944
1250.496    6583737.068          0.001  894
1250.256    3335526.961          0.001  995
1250.250   12611117.771          0.003  753
1250.319   11926260.516          0.002  753
1250.298    3662465.740          0.001  900
1250.293    7216278.091          0.001  900
1250.398    4832897.544          0.001 1000
1250.316          0.000          0.000  952
1250.454    2695358.064          0.001  906
1250.381    7780906.921          0.002 1050
1250.391    7846961.241          0.002  911
1250.401    3199611.846          0.001 1007
1250.259    2641008.780          0.001  912
1250.660    4365964.103          0.001  913
1250.318    4103665.535          0.001 1010
1250.375          0.000          0.000  960
1250.234    3792493.182          0.001 1012
1250.390    9697443.274          0.002 1108
1250.530          0.000          0.000  963
1250.530    2919653.818          0.001  963
1250.413    2180224.992          0.000  920
1250.392    4871001.979          0.001 1017
1250.392    2451877.300          0.001 1017
1250.337    5410482.709          0.001 1019
1250.336    3244562.233          0.001 1019
1250.349    3923773.384          0.001  971
1250.343          0.000          0.000  971
1250.479    5481841.477          0.001  925
1250.276    3072439.979          0.001  927
1250.276    3187717.491          0.001  927
1250.276    5239918.661          0.001  927
1250.484    4752768.240          0.001  929
1250.503    3199272.936          0.001 1025
1249.872   15783648.055          0.003  935
 902.033    6681870.130          0.001  935
 680.697    5108104.477          0.001  935
 325.796    3651490.469          0.001  982
   0.000          0.000          0.000  982
   0.000          0.000          0.000  983
 602.652   10168090.135          0.002  983
 857.923    7597309.982          0.002  936
1185.258   12800541.601          0.003  936
1250.170    6452907.082          0.001  988
1250.170          0.000          0.000  988
1250.170    1665977.630          0.000  988
1250.254    6010462.279          0.001 1082
1250.255          0.000          0.000  991
1250.311    3229566.289          0.001 1039
1250.397    4492334.153          0.001  944
1250.311    5696477.347          0.001 1039
1250.253          0.000          0.000  995
1250.353    2392919.062          0.000  997
1250.353          0.000          0.000  997
1250.400          0.000          0.000  998
1250.374    1988280.274          0.000 1045
1250.397          0.000          0.000 1000
1250.397    2217927.262          0.000 1000
1250.316    2791914.908          0.001  952
1250.284          0.000          0.000 1003
1250.377    3129826.186          0.001 1050
1250.103    3636136.920          0.001 1051
1250.408    4705262.686          0.001 1007
1250.401          0.000          0.000 1007
1250.303          0.000          0.000 1008
1250.414    2771516.399          0.001 1055
1250.307          0.000          0.000 1010
1250.234    3362454.362          0.001 1012
1250.234          0.000          0.000 1012
1250.387    6531999.210          0.001 1108
1250.530    2141229.094          0.000  963
1250.442    5251868.061          0.001 1110
1250.442    7384826.915          0.002 1110
1250.392          0.000          0.000 1017
1250.337    7010111.486          0.001 1019
1250.336          0.000          0.000 1019
1250.343    2492166.054          0.001  971
1250.367    4878478.310          0.001 1066
1250.286    2891043.061          0.001 1068
1250.276    6656148.259          0.001  927
1250.431          0.000          0.000 1024
1250.500          0.000          0.000 1025
1233.148   10631194.593          0.002  935
 670.516    6531956.120          0.001 1075
 396.069    5116704.072          0.001 1029
   0.000          0.000          0.000 1029
   0.000          0.000          0.000 1030
 554.524    4612631.758          0.001 1030
 815.390    6498453.262          0.001 1030
1177.584   11601885.086          0.003 1030
1250.204    2864231.328          0.001 1080
1250.170    4062404.490          0.001  988
1250.255    5436985.969          0.001 1082
1250.251    2038648.912          0.000 1082
1250.256    4437304.346          0.001  991
1250.311          0.000          0.000 1039
1250.311    1863974.808          0.000 1039
1250.343    3815271.281          0.001 1086
1250.603    3102180.510          0.001 1087
1250.327    7222195.455          0.001 1090
1250.400    2506691.081          0.001  998
1250.374          0.000          0.000 1045
1250.397    2844836.928          0.001 1000
1250.152          0.000          0.000 1047
1250.284    4650312.387          0.001 1003
1250.383    3694247.663          0.001 1050
1250.377          0.000          0.000 1050
1250.103          0.000          0.000 1051
1250.401    3928488.889          0.001 1007
1250.307    3983881.825          0.001 1008
1250.414    1936602.905          0.000 1055
1250.414          0.000          0.000 1055
1250.307    2646572.406          0.001 1010
1250.234    3094495.740          0.001 1012
1250.234    1204513.713          0.000 1012
1250.387    4114358.828          0.001 1108
1250.387    2716001.502          0.001 1108
1250.442    2770233.152          0.001 1110
1250.442    4636252.896          0.001 1110
1250.392    3577426.862          0.001 1017
1250.350    6533593.288          0.001 1160
1250.341    4428460.182          0.001 1019
1250.367          0.000          0.000 1066
1250.367    2886809.139          0.001 1066
1250.286          0.000          0.000 1068
1250.276   11472173.167          0.002  927
1250.443    4747650.628          0.001 1024
1250.500    2978873.528          0.001 1025
1083.054   10583298.400          0.002 1125
 671.719   10963760.542          0.002 1075
 154.470    1758767.932          0.000 1075
   0.000          0.000          0.000 1075
   0.000          0.000          0.000 1076
 468.857    4161608.368          0.001 1076
 953.769    8980467.978          0.002 1076
1250.204    3418730.158          0.001 1080
1250.204          0.000          0.000 1080
1250.468    6072705.857          0.001 1132
1250.251          0.000          0.000 1082
1250.252    6611952.546          0.001 1082
1250.311    1641485.146          0.000 1039
1250.311    5679390.671          0.001 1039
1250.343          0.000          0.000 1086
1250.603          0.000          0.000 1087
1250.323    5677674.652          0.001 1090
1250.323    2346067.453          0.000 1090
1250.323          0.000          0.000 1090
1250.323    3385849.490          0.001 1090
1250.257    6441219.069          0.001 1142
1250.251    2078753.190          0.000 1142
1250.155    3749596.341          0.001 1047
1250.265    4918112.133          0.001 1191
1250.377    7007456.271          0.001 1050
1250.377    3156775.303          0.001 1050
1250.103    2146473.539          0.000 1051
1250.365          0.000          0.000 1099
1250.365    3555141.891          0.001 1099
1250.415    6183722.955          0.001 1055
1250.331    3240936.410          0.001 1103
1250.331          0.000          0.000 1103
1250.238    6265740.596          0.001 1012
1250.394    8308392.645          0.002 1108
1250.387    4469338.999          0.001 1108
1250.387    1763249.007          0.000 1108
1250.387          0.000          0.000 1108
1250.458    4682936.144          0.001 1110
1250.442          0.000          0.000 1110
1250.442    1432466.505          0.000 1110
1250.342    7232329.303          0.001 1160
1250.340    2411726.710          0.000 1160
1250.291          0.000          0.000 1114
1250.369    4471096.994          0.001 1066
1250.286    5851084.373          0.001 1068
1250.286    3390415.115          0.001 1068
1250.293    4188871.754          0.001 1068
1250.175    4905502.429          0.001 1165
1250.388    2974072.042          0.001 1167
1250.372    4205204.455          0.001 1169
1117.873    9725073.483          0.002 1125
 566.253    3809594.709          0.001 1125
 176.021    1488063.090          0.000 1125
   0.000          0.000          0.000 1125
   0.000          0.000          0.000 1126
 119.229    1241958.326          0.000 1126
 329.523    2968223.024          0.001 1126
1092.811   10042995.154          0.002 1126
1250.256    2802068.190          0.001 1177
1250.461    2048026.838          0.000 1132
1250.460          0.000          0.000 1132
1250.251    2529708.754          0.001 1082
1250.251    4354322.115          0.001 1082
1250.311    3791363.278          0.001 1039
1250.349    5385847.083          0.001 1086
1250.343    1778864.146          0.000 1086
1250.385    3962809.015          0.001 1184
1250.323    6393928.167          0.001 1090
1250.323    2165936.592          0.000 1090
1250.329    3919971.582          0.001 1188
1250.251          0.000          0.000 1142
1250.277    7723256.248          0.002 1237
1250.318          0.000          0.000 1144
1250.265    2556932.661          0.001 1191
1250.466    4284648.763          0.001 1147
1250.466          0.000          0.000 1147
1250.466    2119952.564          0.000 1147
1250.365    5706653.614          0.001 1099
1250.365    3101754.028          0.001 1099
1250.266    4892588.924          0.001 1198
1250.306    7186047.612          0.001 1200
1250.351    4303194.932          0.001 1103
1250.211    6019592.204          0.001 1248
1250.539          0.000          0.000 1155
1250.390    5226742.691          0.001 1108
1250.309          0.000          0.000 1157
1250.442    3318391.347          0.001 1110
1250.290          0.000          0.000 1159
1250.340          0.000          0.000 1160
1250.291    3991576.151          0.001 1114
1250.171    2868895.737          0.001 1210
1250.086          0.000          0.000 1163
1250.286    6759334.226          0.001 1068
1250.175          0.000          0.000 1165
1250.400    4213821.063          0.001 1167
1250.388          0.000          0.000 1167
1250.372    2999548.004          0.001 1169
1250.372          0.000          0.000 1169
1141.252   11174813.788          0.002 1125
 823.807   12025107.706          0.003 1173
 538.392    7268222.325          0.002 1173
   0.000          0.000          0.000 1173
   0.000          0.000          0.000 1174
 766.520    6054081.358          0.001 1126
1250.264    5004741.714          0.001 1177
1250.256          0.000          0.000 1177
1250.461    4207742.052          0.001 1132
1250.461    4761440.671          0.001 1132
1250.251    7346783.439          0.002 1082
1250.323    7518290.097          0.002 1039
1250.412    5242776.397          0.001 1229
1250.383    2514191.200          0.001 1184
1250.383          0.000          0.000 1184
1250.336    5100790.107          0.001 1232
1250.027          0.000          0.000 1186
1250.236    3250474.070          0.001 1235
1250.329          0.000          0.000 1188
1250.266    2518690.564          0.001 1237
1250.265    3556674.113          0.001 1191
1250.265          0.000          0.000 1191
1250.398    5294577.274          0.001 1289
1250.467    4945523.675          0.001 1147
1250.354          0.000          0.000 1194
1250.489    3902755.826          0.001 1196
1250.489          0.000          0.000 1196
1250.264    1694050.273          0.000 1198
1250.264          0.000          0.000 1198
1250.301    2403410.080          0.000 1200
1250.301          0.000          0.000 1200
1250.211    3356144.906          0.001 1248
1250.211    4248789.653          0.001 1248
1250.411    6734936.330          0.001 1296
1250.272          0.000          0.000 1204
1250.450    7613728.757          0.002 1253
1250.448    2790032.580          0.001 1253
1250.298    3757187.708          0.001 1159
1250.340    2915155.424          0.001 1160
1250.217    4927194.054          0.001 1257
1250.169          0.000          0.000 1210
1250.324    3961808.728          0.001 1259
1250.179    3577007.252          0.001 1165
1250.175    4025853.194          0.001 1165
1250.369          0.000          0.000 1214
1250.429          0.000          0.000 1215
1250.372    5131529.277          0.001 1169
 895.853    8402559.383          0.002 1267
 588.515    7570920.055          0.002 1219
   0.000          0.000          0.000 1219
   0.000          0.000          0.000 1220
 496.534    4082855.769          0.001 1220
 979.770    8650580.215          0.002 1220
1250.260    6568265.956          0.001 1177
1250.256    2284855.970          0.000 1177
1250.322    3255315.970          0.001 1273
1250.200          0.000          0.000 1226
1250.383    3644058.563          0.001 1276
1250.407    3531261.676          0.001 1229
1250.405          0.000          0.000 1229
1250.405    3267850.425          0.001 1229
1250.383    2175357.677          0.000 1184
1250.335          0.000          0.000 1232
1250.335    2287310.570          0.000 1232
1250.219          0.000          0.000 1234
1250.236          0.000          0.000 1235
1250.333    4036156.988          0.001 1188
1250.266          0.000          0.000 1237
1250.481    3982845.449          0.001 1286
1250.398    5486848.549          0.001 1289
1250.398    2039900.529          0.000 1289
1250.411    4620532.603          0.001 1289
1250.490    6031131.097          0.001 1196
1250.490    2143607.622          0.000 1196
1250.490    3376947.305          0.001 1196
1250.264    2574422.401          0.001 1198
1250.264    5655680.330          0.001 1198
1250.302    3276224.117          0.001 1200
1250.211          0.000          0.000 1248
1250.410    2909915.558          0.001 1296
1250.410    4105045.272          0.001 1296
1250.273    2907151.450          0.001 1204
1250.448    3749922.983          0.001 1253
1250.448          0.000          0.000 1253
1250.056    4543646.627          0.001 1255
1250.053          0.000          0.000 1255
1250.219    3220329.763          0.001 1302
1250.204          0.000          0.000 1257
1250.311    4363693.038          0.001 1259
1250.311          0.000          0.000 1259
1250.382    4040628.169          0.001 1261
1250.381          0.000          0.000 1261
1250.369    2580287.819          0.001 1214
1250.429    2554412.443          0.001 1215
1250.304          0.000          0.000 1264
 955.165    8625787.412          0.002 1267
 345.853    2666567.739          0.001 1267
   0.000          0.000          0.000 1267
   0.000          0.000          0.000 1268
 546.305    6154788.057          0.001 1268
 973.172    9384217.577          0.002 1315
1250.256    7676189.260          0.002 1177
1250.322    2298192.096          0.000 1273
1250.322          0.000          0.000 1273
1250.322    2785704.027          0.001 1273
1250.388    3480249.327          0.001 1276
1250.383          0.000          0.000 1276
1250.204    4432590.829          0.001 1323
1250.405    3507902.232          0.001 1229
1250.386    5787664.045          0.001 1184
1250.429    8092133.694          0.002 1327
1250.421    4200011.641          0.001 1327
1250.238    4143906.081          0.001 1235
1250.237    1672676.109          0.000 1235
1250.266    3661232.915          0.001 1237
1250.479    2124837.655          0.000 1286
1250.479          0.000          0.000 1286
1250.398    7592170.283          0.002 1289
1250.398    3909941.188          0.001 1289
1250.397          0.000          0.000 1289
1250.576    3098148.558          0.001 1335
1250.491    5320336.031          0.001 1196
1250.490    5630853.514          0.001 1196
1250.170    3586449.687          0.001 1338
1250.095          0.000          0.000 1294
1250.217    4346193.090          0.001 1248
1250.410          0.000          0.000 1296
1250.410    1794993.457          0.000 1296
1250.294    5454277.996          0.001 1343
1250.460    5506574.175          0.001 1253
1250.449    4096071.269          0.001 1253
1250.319    4455688.442          0.001 1348
1250.214          0.000          0.000 1302
1250.351    6384366.681          0.001 1305
1250.348    2947451.227          0.001 1305
1250.348          0.000          0.000 1305
1250.415    6107050.027          0.001 1401
1250.381    3135190.377          0.001 1261
1250.377    5599824.396          0.001 1356
1250.376    3506631.386          0.001 1356
1250.305    3199635.269          0.001 1264
1111.540   11013771.748          0.002 1361
 827.839   10128944.732          0.002 1267
 601.529   10304461.165          0.002 1314
   0.000          0.000          0.000 1314
   0.000          0.000          0.000 1315
 315.119    2380257.895          0.001 1315
 581.114    4006475.933          0.001 1315
1114.531   10498126.369          0.002 1315
1250.270    5625882.431          0.001 1415
1250.322    3709678.066          0.001 1273
1250.255    7279308.395          0.002 1463
1250.383    3510830.034          0.001 1276
1250.204          0.000          0.000 1323
1250.213    7169819.018          0.001 1323
1250.485    4001145.749          0.001 1373
1250.421    2756556.484          0.001 1327
1250.421          0.000          0.000 1327
1250.421    3026995.470          0.001 1327
1250.237    5785886.147          0.001 1235
1250.366    8065117.981          0.002 1473
1250.411    3368330.783          0.001 1379
1250.412    5570938.817          0.001 1379
1250.292    2523171.352          0.001 1382
1250.576    3016289.542          0.001 1335
1250.576          0.000          0.000 1335
1250.466    4610977.224          0.001 1386
1250.466    2908466.975          0.001 1386
1250.169          0.000          0.000 1338
1250.108    4886624.441          0.001 1294
1250.412    7243723.413          0.001 1296
1250.411    2000018.003          0.000 1296
1250.428    6649243.097          0.001 1296
1250.256          0.000          0.000 1343
1250.506    6894486.809          0.001 1346
1250.496    2439585.019          0.001 1346
1250.496          0.000          0.000 1346
1250.308    2757360.956          0.001 1348
1250.308          0.000          0.000 1348
1250.319    6841709.073          0.001 1348
1250.348    3230557.539          0.001 1305
1250.415    4381538.578          0.001 1401
1250.415    2401357.731          0.001 1401
1250.415    5844439.344          0.001 1401
1250.252          0.000          0.000 1354
1250.376    3271041.230          0.001 1356
1250.376          0.000          0.000 1356
1250.345    4803108.682          0.001 1406
1100.127    9595840.271          0.002 1361
 583.581    4251277.163          0.001 1361
 156.207    1478298.421          0.000 1361
   0.000          0.000          0.000 1361
   0.000          0.000          0.000 1362
 485.685    4182912.939          0.001 1362
 729.150    5310544.068          0.001 1315
1144.298    9872421.453          0.002 1315
1250.270    2082007.442          0.000 1415
1250.270    5867828.387          0.001 1415
1250.243    5400792.898          0.001 1463
1250.243    2987732.204          0.001 1463
1250.312    6631605.410          0.001 1464
1250.204    4282391.942          0.001 1323
1250.204    2364175.417          0.000 1323
1250.482          0.000          0.000 1373
1250.276          0.000          0.000 1374
1250.421    2958133.790          0.001 1327
1250.445    3554842.126          0.001 1377
1250.443          0.000          0.000 1377
1250.364    5185521.624          0.001 1473
1250.411          0.000          0.000 1379
1250.411    2255268.041          0.000 1379
1250.411    4508751.124          0.001 1379
1250.292          0.000          0.000 1382
1250.292    3050585.356          0.001 1382
1250.576    3309107.913          0.001 1335
1250.466    3460936.038          0.001 1386
1250.466          0.000          0.000 1386
1250.171    5843477.963          0.001 1338
1250.169    2577306.509          0.001 1338
1250.276          0.000          0.000 1389
1250.415    7747310.476          0.002 1296
1250.411    3701235.399          0.001 1296
1250.352    6489792.092          0.001 1488
1250.256    2374741.161          0.000 1343
1250.733    3511778.717          0.001 1443
1250.496    1931792.810          0.000 1346
1250.295          0.000          0.000 1396
1250.308    2743329.818          0.001 1348
1250.260    2566246.979          0.001 1399
1250.260          0.000          0.000 1399
1250.415    4718581.817          0.001 1401
1250.415          0.000          0.000 1401
1250.415    1606486.845          0.000 1401
1250.593    4076383.131          0.001 1451
1250.376    3269038.202          0.001 1356
1250.341    2791707.890          0.001 1406
1250.341          0.000          0.000 1406
1053.699   11113913.938          0.002 1361
 736.678    7363572.588          0.002 1361
 327.770    3725961.382          0.001 1410
   0.000          0.000          0.000 1410
   0.000          0.000          0.000 1411
 668.851    7957925.703          0.002 1458
 908.840    7895138.974          0.002 1362
1230.366   12778390.299          0.003 1315
1250.270          0.000          0.000 1415
1250.270    4040741.843          0.001 1415
1250.243    4198206.012          0.001 1463
1250.243    1235399.678          0.000 1463
1250.311    2866483.694          0.001 1464
1250.205    7673939.169          0.002 1323
1250.482    3368320.679          0.001 1373
1250.276    3409852.586          0.001 1374
1250.276    1354852.179          0.000 1374
1250.276    4469467.825          0.001 1374
1250.312          0.000          0.000 1425
1250.364    6273657.539          0.001 1473
1250.364    2129960.555          0.000 1473
1250.411    3062490.376          0.001 1379
1250.411    6368758.037          0.001 1379
1250.329    3186255.249          0.001 1477
1250.415    3185121.224          0.001 1432
1250.414          0.000          0.000 1432
1250.414    3780875.772          0.001 1432
1250.215    4307515.013          0.001 1435
1250.206          0.000          0.000 1435
1250.234    3164513.245          0.001 1483
1250.278    3142148.736          0.001 1389
1250.415    8378734.046          0.002 1296
1250.411    5584662.486          0.001 1296
1250.352    4038657.525          0.001 1488
1250.352    2185193.702          0.000 1488
1250.733    3385711.138          0.001 1443
1250.733          0.000          0.000 1443
1250.498    5437025.651          0.001 1346
1250.295    2325744.549          0.000 1396
1250.308    6420936.578          0.001 1348
1250.260    5655306.727          0.001 1399
1250.278    5309430.358          0.001 1399
1250.428    4111935.127          0.001 1401
1250.189          0.000          0.000 1450
1250.589          0.000          0.000 1451
1250.376    5513953.793          0.001 1356
1250.341    6066766.048          0.001 1406
1250.341    5877704.159          0.001 1406
 942.849   10264625.484          0.002 1457
 494.448    4519428.713          0.001 1457
   0.000          0.000          0.000 1457
   0.000          0.000          0.000 1458
 180.511    2027229.325          0.000 1458
1157.639   10697499.996          0.002 1505
1250.276    3311845.650          0.001 1415
1250.245          0.000          0.000 1462
1250.243          0.000          0.000 1463
1250.311          0.000          0.000 1464
1250.311    4213731.539          0.001 1464
1250.313    7792802.929          0.002 1464
1250.278    7595642.068          0.002 1374
1250.398    3350085.928          0.001 1469
1250.397          0.000          0.000 1469
1250.477    3274590.475          0.001 1518
1250.377    7030777.600          0.001 1473
1250.364    2198108.016          0.000 1473
1250.364          0.000          0.000 1473
1250.286    8161893.924          0.002 1521
1250.267    4194718.216          0.001 1521
1250.328    2438094.812          0.001 1477
1250.328          0.000          0.000 1477
1250.394    3576533.838          0.001 1525
1250.401    4184465.125          0.001 1480
1250.401          0.000          0.000 1480
1250.401    2334406.853          0.000 1480
1250.373    2902695.237          0.001 1528
1250.233          0.000          0.000 1483
1250.402    2104373.589          0.000 1530
1250.425   11717565.411          0.002 1296
1250.411    7960681.297          0.002 1296
1250.354    5120781.103          0.001 1488
1250.352          0.000          0.000 1488
1250.733    3064269.456          0.001 1443
1250.423    9882764.280          0.002 1492
1250.422    4475603.678          0.001 1492
1250.422          0.000          0.000 1492
1250.422    3875004.846          0.001 1492
1250.433    4718679.992          0.001 1495
1250.417          0.000          0.000 1495
1250.131          0.000          0.000 1496
1250.191    4103733.090          0.001 1450
1250.589    2474818.055          0.001 1451
1250.195          0.000          0.000 1499
1250.405    3923445.689          0.001 1547
1178.146   13029484.826          0.003 1504
 999.941    9227279.086          0.002 1504
 516.840    4278368.225          0.001 1504
   0.000          0.000          0.000 1504
   0.000          0.000          0.000 1505
 407.619    2513472.676          0.001 1505
 592.612    3497549.096          0.001 1505
1149.391    9884900.097          0.002 1505
1250.290    9022932.698          0.002 1602
1250.247    2887219.546          0.001 1462
1250.334          0.000          0.000 1511
1250.321    4834770.899          0.001 1464
1250.311    2310572.410          0.000 1464
1250.311    4132981.062          0.001 1464
1250.335   12967793.679          0.003 1374
1250.338    4446169.688          0.001 1563
1250.397    2177436.919          0.000 1469
1250.477          0.000          0.000 1518
1250.527          0.000          0.000 1519
1250.463    3579826.244          0.001 1567
1250.267          0.000          0.000 1521
1250.328    6293851.891          0.001 1477
1250.328    2378430.536          0.000 1477
1250.394    1841221.020          0.000 1525
1250.394          0.000          0.000 1525
1250.423    2455336.677          0.001 1573
1250.402    4739735.921          0.001 1480
1250.373          0.000          0.000 1528
1250.373    5036807.674          0.001 1577
1250.402          0.000          0.000 1530
1250.379    9044653.069          0.002 1670
1250.554    4075607.091          0.001 1533
1250.554          0.000          0.000 1533
1250.563    3634213.892          0.001 1582
1250.563    5452891.329          0.001 1582
1250.300    5273129.356          0.001 1631
1250.422    5563091.722          0.001 1492
1250.422    2697374.063          0.001 1492
1250.422    2071921.450          0.000 1492
1250.424    6380873.243          0.001 1492
1250.417    3684812.254          0.001 1495
1250.132    2547035.781          0.001 1496
1250.278    9388457.831          0.002 1638
1250.272    4775136.952          0.001 1638
1250.259          0.000          0.000 1545
1250.438    6462862.946          0.001 1547
1250.405          0.000          0.000 1547
1155.690   13250279.794          0.003 1551
 635.892    4892233.091          0.001 1551
 185.336    1720315.182          0.000 1551
   0.000          0.000          0.000 1551
   0.000          0.000          0.000 1552
 806.305    6244062.875          0.001 1505
1177.039   13169671.841          0.003 1505
1250.283    2253321.377          0.000 1602
1250.283    4572999.262          0.001 1602
1250.335    3842017.350          0.001 1511
1250.141          0.000          0.000 1558
1250.244    2488707.948          0.001 1606
1250.311    7384701.338          0.002 1464
1250.365    3568869.975          0.001 1562
1250.364          0.000          0.000 1562
1250.334          0.000          0.000 1563
1250.252          0.000          0.000 1564
1250.490    5248781.831          0.001 1518
1250.462    3471312.071          0.001 1567
1250.462          0.000          0.000 1567
1250.267    4887372.972          0.001 1521
1250.379    4488998.995          0.001 1616
1250.407    6255365.369          0.001 1525
1250.394    4160606.818          0.001 1525
1250.229    8042775.872          0.002 1664
1250.423          0.000          0.000 1573
1250.274    5590811.894          0.001 1622
1250.266    2229030.209          0.000 1622
1250.360    4303271.369          0.001 1577
1250.351          0.000          0.000 1577
1250.374    5247581.269          0.001 1670
1250.581          0.000          0.000 1579
1250.555    3209515.679          0.001 1533
1250.563    3044382.986          0.001 1582
1250.563          0.000          0.000 1582
1250.563    2102413.061          0.000 1582
1250.295    1926237.559          0.000 1631
1250.140          0.000          0.000 1585
1250.427    5657442.756          0.001 1492
1250.379    3196306.174          0.001 1634
1250.328          0.000          0.000 1588
1250.321    5609909.068          0.001 1681
1250.272    1650597.019          0.000 1638
1250.259    2461596.884          0.001 1545
1250.405    5742245.167          0.001 1547
1250.405    2828129.620          0.001 1547
1108.221    9870890.159          0.002 1551
 932.504   12164970.849          0.003 1597
 591.582    6883968.510          0.002 1597
   0.000          0.000          0.000 1597
   0.000          0.000          0.000 1598
 459.432    4123486.039          0.001 1598
 792.331    6489330.582          0.001 1598
1158.374   12532723.691          0.003 1598
1250.283          0.000          0.000 1602
1250.099    4180307.368          0.001 1649
1250.279    3128053.463          0.001 1650
1250.244    8250040.370          0.002 1606
1250.244          0.000          0.000 1606
1250.026          0.000          0.000 1607
1250.365    3879275.685          0.001 1562
1250.334    3573694.457          0.001 1563
1250.176    3711049.631          0.001 1656
1250.253    4583478.078          0.001 1564
1250.399    3520144.294          0.001 1613
1250.399          0.000          0.000 1613
1250.061          0.000          0.000 1614
1250.386    5038967.427          0.001 1616
1250.379          0.000          0.000 1616
1250.203    4844432.136          0.001 1664
1250.203    1301391.849          0.000 1664
1250.203    3828717.734          0.001 1664
1250.266    6715104.070          0.001 1622
1250.266    2106703.452          0.000 1622
1250.266          0.000          0.000 1622
1250.351    5555731.037          0.001 1577
1250.351    1518360.899          0.000 1577
1250.374    2819121.534          0.001 1670
1250.277          0.000          0.000 1626
1250.443    7320767.814          0.002 1720
1250.186    3358041.462          0.001 1673
1250.300          0.000          0.000 1629
1250.564    5012258.986          0.001 1582
1250.295          0.000          0.000 1631
1250.439    5599449.359          0.001 1678
1250.436    2496405.238          0.001 1678
1250.378          0.000          0.000 1634
1250.330    3341101.101          0.001 1588
1250.321    2612667.132          0.001 1681
1250.272    3683170.390          0.001 1638
1250.272          0.000          0.000 1638
1250.199    3454871.671          0.001 1685
1250.199    3579737.667          0.001 1685
1246.924   13589113.174          0.003 1691
 887.434    6596433.206          0.001 1691
 609.605    7993635.347          0.002 1644
   0.000          0.000          0.000 1644
   0.000          0.000          0.000 1645
 495.191    4226777.854          0.001 1645
1040.260   10541366.945          0.002 1645
1250.283    3657122.246          0.001 1602
1250.096          0.000          0.000 1649
1250.278          0.000          0.000 1650
1250.492    7014306.745          0.001 1700
1250.492    3521635.956          0.001 1700
1250.244    2773601.383          0.001 1606
1250.331          0.000          0.000 1654
1250.443    3288618.336          0.001 1703
1250.176          0.000          0.000 1656
1250.178    4735775.100          0.001 1656
1250.122          0.000          0.000 1658
1250.399    2980269.661          0.001 1613
1250.061    2909735.909          0.001 1614
1250.379    4774098.248          0.001 1616
1250.379    1368307.012          0.000 1616
1250.380    7613329.420          0.002 1616
1250.203          0.000          0.000 1664
1250.203    2271547.500          0.000 1664
1250.275    4987840.651          0.001 1714
1250.266    3453657.796          0.001 1622
1250.332    5150244.855          0.001 1717
1250.351    3215911.096          0.001 1577
1250.374          0.000          0.000 1670
1250.441    4498496.615          0.001 1720
1250.441    1990722.297          0.000 1720
1250.186          0.000          0.000 1673
1250.302    4346138.492          0.001 1629
1250.376    4671923.082          0.001 1725
1250.295    3950326.820          0.001 1631
1250.436    2233128.647          0.000 1678
1250.436          0.000          0.000 1678
1250.341    3691886.515          0.001 1729
1250.329    4180710.330          0.001 1681
1250.321          0.000          0.000 1681
1250.321    2337215.686          0.000 1681
1250.283    4480055.460          0.001 1638
1250.299    6689397.225          0.001 1781
1250.198          0.000          0.000 1685
1250.665    2964873.918          0.001 1687
1250.665          0.000          0.000 1687
 942.339    7301448.387          0.002 1691
 606.657    4608192.634          0.001 1691
 101.584    1006370.314          0.000 1691
   0.000          0.000          0.000 1691
   0.000          0.000          0.000 1692
 560.025    6546493.714          0.002 1692
 929.527    5523767.893          0.001 1741
1234.370    8226184.541          0.002 1741
1249.909   11044664.315          0.002 1741
1250.306   15874752.070          0.003 1741
1250.263    5460386.879          0.001 1746
1250.279    4049170.231          0.001 1650
1250.492          0.000          0.000 1700
1250.244    4458761.496          0.001 1606
1250.331    2956356.546          0.001 1654
1250.443          0.000          0.000 1703
1250.497    6363506.634          0.001 1754
1250.329    5026458.531          0.001 1755
1250.474    6282498.857          0.001 1757
1250.474    3397571.938          0.001 1757
1250.362    3343651.911          0.001 1759
1250.384    6701038.086          0.001 1616
1250.379    2928594.290          0.001 1616
1250.380    4480152.014          0.001 1616
1250.380   12733248.868          0.003 1616
1250.203    5251932.558          0.001 1664
1250.275          0.000          0.000 1714
1250.275    3765730.585          0.001 1714
1250.266    5659927.104          0.001 1622
1250.331          0.000          0.000 1717
1250.352    8683743.787          0.002 1577
1250.220          0.000          0.000 1719
1250.441          0.000          0.000 1720
1250.441    2009012.034          0.000 1720
1250.186    2967970.422          0.001 1673
1250.385    5774605.595          0.001 1725
1250.376    1969582.203          0.000 1725
1250.376          0.000          0.000 1725
1250.376    2444274.477          0.001 1725
1250.436    4225339.655          0.001 1678
1250.338    2080562.336          0.000 1729
1250.337          0.000          0.000 1729
1250.326    3745298.811          0.001 1681
1250.321    4851300.619          0.001 1681
1250.297    8987535.547          0.002 1781
1250.287    4793743.339          0.001 1781
1250.287    2537854.566          0.001 1781
1250.200    3464187.196          0.001 1685
1250.665    3099580.114          0.001 1687
1214.315   15263823.817          0.003 1691
 834.762    8038867.076          0.002 1691
 256.134    2471255.743          0.001 1691
   0.000          0.000          0.000 1740
   0.000          0.000          0.000 1741
 382.347    2242797.406          0.001 1741
1040.042   10140431.066          0.002 1741
1243.931    8621709.370          0.002 1741
1250.251    4062005.155          0.001 1746
1250.251          0.000          0.000 1746
1250.251    1711918.756          0.000 1746
1250.220    1998431.984          0.000 1793
1250.493    2847395.379          0.001 1700
1250.246    7261171.624          0.002 1606
1250.353    7275308.113          0.002 1654
1250.443    3034764.762          0.001 1703
1250.488    2735450.945          0.001 1754
1250.488          0.000          0.000 1754
1250.297          0.000          0.000 1755
1250.477    6656075.676          0.001 1757
1250.474          0.000          0.000 1757
1250.362    4935978.351          0.001 1759
1250.361          0.000          0.000 1759
1250.380    6287293.575          0.001 1616
1250.398    5044924.002          0.001 1806
1250.407    4764279.872          0.001 1806
1250.275    2788524.040          0.001 1714
1250.394    2121541.787          0.000 1809
1250.332    2529509.775          0.001 1717
1250.357    4746698.710          0.001 1717
1250.475    7708900.009          0.002 1862
1250.448    5023007.479          0.001 1862
1250.441    3847201.425          0.001 1720
1250.423    4984237.264          0.001 1817
1250.422    2233426.941          0.000 1817
1250.376    4855391.399          0.001 1725
1250.376    5376807.055          0.001 1725
1250.312    4043083.794          0.001 1821
1250.312    3743849.512          0.001 1821
1250.338    3678078.050          0.001 1729
1250.347    3853917.739          0.001 1778
1250.339          0.000          0.000 1778
1250.321    8188045.400          0.002 1681
1250.295    4709490.212          0.001 1781
1250.286          0.000          0.000 1781
1250.580    3202271.626          0.001 1828
1250.335   10941797.548          0.002 1927
1086.606   10176057.138          0.002 1787
 531.685    4144887.076          0.001 1787
 102.599    1059412.069          0.000 1787
   0.000          0.000          0.000 1787
   0.000          0.000          0.000 1788
 576.319    6680395.483          0.002 1788
 975.547    9613081.892          0.002 1741
1250.256   13217098.474          0.003 1741
1250.251    2832173.303          0.001 1746
1250.219          0.000          0.000 1793
1250.220    5097704.654          0.001 1793
1250.494    5136658.872          0.001 1892
1250.537          0.000          0.000 1796
1250.358    5549203.014          0.001 1846
1250.488    7377871.469          0.002 1754
1250.488    2838424.136          0.001 1754
1250.488    5217737.549          0.001 1754
1250.472    9527777.416          0.002 1898
1250.474    4095062.573          0.001 1757
1250.364    3085105.352          0.001 1759
1250.347          0.000          0.000 1804
1250.398    2548980.790          0.001 1806
1250.398          0.000          0.000 1806
1250.190    5224065.531          0.001 1856
1250.394    2809910.057          0.001 1809
1250.394          0.000          0.000 1809
1250.332    5681621.376          0.001 1717
1250.323    7742449.120          0.002 1955
1250.448    5597635.997          0.001 1862
1250.448    2654789.357          0.001 1862
1250.448    3352179.547          0.001 1862
1250.444    6818433.951          0.001 1720
1250.422    2787599.026          0.001 1817
1250.422          0.000          0.000 1817
1250.285    4047764.655          0.001 1867
1250.315    6032698.336          0.001 1821
1250.312    2409931.793          0.001 1821
1250.312          0.000          0.000 1821
1250.581    2494499.907          0.001 1823
1250.581          0.000          0.000 1823
1250.339    4832159.446          0.001 1778
1250.339    2595170.026          0.001 1778
1250.329    3445655.982          0.001 1874
1250.287    4493713.992          0.001 1781
1250.579          0.000          0.000 1828
1250.580    4236018.521          0.001 1828
1250.335    6608751.352          0.001 1927
1250.335    4363846.802          0.001 1927
1035.208    9231629.514          0.002 1787
 640.673    7718311.427          0.002 1787
   0.000          0.000          0.000 1834
   0.000          0.000          0.000 1835
 211.141    2204210.269          0.001 1835
 698.981    6938152.949          0.002 1835
 963.362    9488281.483          0.002 1835
1250.411    3558793.901          0.001 1887
1250.391    4349176.933          0.001 1889
1250.391    4912199.454          0.001 1889
1250.228    8664563.229          0.002 1793
1250.494    2913531.156          0.001 1892
1250.537    2868225.353          0.001 1796
1250.353    1517842.992          0.000 1846
1250.353          0.000          0.000 1846
1250.488    5374682.176          0.001 1754
1250.443    7373228.533          0.002 1898
1250.443    4548129.576          0.001 1898
1250.481    6960433.183          0.001 1902
1250.481    3911288.956          0.001 1902
1250.334          0.000          0.000 1852
1250.350    4313688.843          0.001 1804
1250.416    4608057.570          0.001 1806
1250.398    2176982.352          0.000 1806
1250.180          0.000          0.000 1856
1250.394    2353996.006          0.000 1809
1250.394    5583883.948          0.001 1809
1250.323    4586600.441          0.001 1955
1250.323    3853622.108          0.001 1955
1250.451    6789979.821          0.001 1862
1250.448          0.000          0.000 1862
1250.448    4321615.540          0.001 1862
1250.405    5106165.368          0.001 1961
1250.430    4103885.868          0.001 1817
1250.285    5722740.495          0.001 1867
1250.285          0.000          0.000 1867
1250.314    4653252.332          0.001 1821
1250.588    7686608.597          0.002 1823
1250.581    3515473.035          0.001 1823
1250.505    5880045.017          0.001 1967
1250.339    5458413.345          0.001 1778
1250.325    2594482.159          0.001 1874
1250.325          0.000          0.000 1874
1250.325    4917667.989          0.001 1874
1250.326    8851490.265          0.002 1874
1250.594    3955846.448          0.001 1926
1250.335    4617349.746          0.001 1927
1250.335    2115063.496          0.000 1927
 859.442   10351325.309          0.002 1930
 297.297    3334355.174          0.001 1882
   0.000          0.000          0.000 1882
   0.000          0.000          0.000 1883
 179.897    1659676.233          0.000 1883
 689.858    5294260.984          0.001 1883
1152.075   11726320.897          0.003 1883
1250.411          0.000          0.000 1887
1250.391    2212355.288          0.000 1889
1250.391          0.000          0.000 1889
1250.186    5120892.581          0.001 1984
1250.496    3574327.420          0.001 1892
1250.493          0.000          0.000 1892
1250.494    4228239.825          0.001 1892
1250.686    2799027.473          0.001 1941
1250.301    2615763.230          0.001 1896
1250.301          0.000          0.000 1896
1250.443    3239148.973          0.001 1898
1250.443          0.000          0.000 1898
1250.443    1650712.927          0.000 1898
1250.443    4374647.778          0.001 1898
1250.484    3363227.745          0.001 1902
1250.481          0.000          0.000 1902
1250.336    4430150.487          0.001 1852
1250.511    2237832.196          0.000 1949
1250.398    7971971.520          0.002 1806
1250.398    3988395.919          0.001 1806
1250.399    8655233.992          0.002 1806
1250.517    3095711.594          0.001 1953
1250.398    8322867.336          0.002 1809
1250.323    1578603.923          0.000 1955
1250.346    8286130.085          0.002 1955
1250.305    8387769.977          0.002 2051
1250.448    5106627.992          0.001 1862
1250.404    2231719.574          0.000 1961
1250.292    9464768.343          0.002 1867
1250.285    2488850.037          0.001 1867
1250.285    2226673.853          0.000 1867
1250.285    5295209.781          0.001 1867
1250.326    7700940.461          0.002 2012
1250.507    4604025.828          0.001 1967
1250.505    2835738.077          0.001 1967
1250.341    2775540.747          0.001 1969
1250.325    5902047.621          0.001 1874
1250.271          0.000          0.000 1924
1250.285    8927158.367          0.002 1924
1250.592          0.000          0.000 1926
1250.334          0.000          0.000 1927
 919.601    8091829.089          0.002 1930
 398.447    3288493.973          0.001 1930
   0.000          0.000          0.000 1930
   0.000          0.000          0.000 1931
 581.792   10001256.786          0.002 1931
 868.898    7185745.105          0.002 1978
1179.778   13263776.014          0.003 1883
1250.411    3817162.424          0.001 1887
1250.391    3171822.367          0.001 1889
1250.183    2130958.927          0.000 1984
1250.183    5547797.129          0.001 1984
1250.494    2374473.362          0.001 1892
1250.533    2844293.759          0.001 1987
1250.686          0.000          0.000 1941
1250.304    5744219.766          0.001 1896
1250.265    2214611.483          0.000 1990
1250.353    8683681.849          0.002 2037
1250.346    4808768.147          0.001 2037
1250.351    5654901.049          0.001 2037
1250.400    4896651.939          0.001 2039
1250.401    1930469.372          0.000 1995
1250.511          0.000          0.000 1949
1250.511    3819283.395          0.001 1949
1250.475          0.000          0.000 1951
1250.285    3058581.932          0.001 1998
1250.517          0.000          0.000 1953
1250.389    2993268.672          0.001 2000
1250.323          0.000          0.000 1955
1250.313    5464521.491          0.001 2051
1250.305    6465530.622          0.001 2051
1250.305    5667777.693          0.001 2051
1250.472          0.000          0.000 1959
1250.404    3650949.268          0.001 1961
1250.404          0.000          0.000 1961
1250.525    3156695.495          0.001 2008
1250.285    6295937.187          0.001 1867
1250.285    4275976.938          0.001 1867
1250.637    5174980.974          0.001 2011
1250.299    2981363.597          0.001 2012
1250.505          0.000          0.000 1967
1250.341    2493149.156          0.001 1969
1250.341          0.000          0.000 1969
1250.439    2326572.948          0.000 2015
1250.271    2035562.833          0.000 1924
1250.271    2493181.647          0.001 1924
1250.271    4896908.276          0.001 1924
1250.363    5350417.009          0.001 1927
1091.930    9762155.238          0.002 2023
 774.160    8031566.567          0.002 2023
   0.000          0.000          0.000 1977
   0.000          0.000          0.000 1978
 315.904    2211716.423          0.001 1978
 932.455    7681623.003          0.002 1978
1250.239          0.000          0.000 1981
1250.240    4264564.237          0.001 1981
1250.301    4410320.220          0.001 2028
1250.183          0.000          0.000 1984
1250.308          0.000          0.000 1985
1250.308    3992421.833          0.001 1985
1250.533          0.000          0.000 1987
1250.238          0.000          0.000 1988
1250.265    3068301.258          0.001 1990
1250.265          0.000          0.000 1990
1250.303    4576867.423          0.001 2035
1250.346    1705804.951          0.000 2037
1250.414    6520437.772          0.001 2039
1250.400    1836748.718          0.000 2039
1250.401          0.000          0.000 1995
1250.511    3368446.008          0.001 1949
1250.476    2842270.365          0.001 1951
1250.284          0.000          0.000 1998
1250.520    3598429.013          0.001 1953
1250.389          0.000          0.000 2000
1250.389    2591653.742          0.001 2000
1250.310    6288977.808          0.001 2051
1250.305    2067798.308          0.000 2051
1250.305    2820103.209          0.001 2051
1250.168    4283672.242          0.001 2052
1250.390    3376735.608          0.001 2053
1250.407    3992305.631          0.001 1961
1250.524          0.000          0.000 2008
1250.335    4812948.757          0.001 2058
1250.637    2245139.495          0.000 2011
1250.637          0.000          0.000 2011
1250.299          0.000          0.000 2012
1250.269    5002114.675          0.001 2062
1250.341    5393752.853          0.001 1969
1250.439          0.000          0.000 2015
1250.271    6194490.020          0.001 1924
1250.449    6395401.689          0.001 2066
1250.442    2827540.082          0.001 2066
1175.444   11247223.196          0.003 2023
1001.827    7775421.867          0.002 2023
 741.359    5338189.016          0.001 2023
 363.631    2790361.638          0.001 2023
   0.000          0.000          0.000 2023
   0.000          0.000          0.000 2024
 852.014    5100077.925          0.001 1978
1230.626   10687544.181          0.002 1978
1250.297    3584904.017          0.001 2028
1250.292          0.000          0.000 2028
1250.293    7271087.610          0.002 2028
1250.029   13896532.115          0.003 2366
1250.314    4067268.906          0.001 1985
1250.167   11639404.635          0.002 2369
1250.239    3015394.893          0.001 1988
1250.169          0.000          0.000 2034
1250.300          0.000          0.000 2035
1250.346    3769646.332          0.001 2037
1250.346          0.000          0.000 2037
1250.400    3666585.685          0.001 2039
1250.400          0.000          0.000 2039
1250.400    3566419.156          0.001 2039
1250.369    3477682.041          0.001 2042
1250.368          0.000          0.000 2042
1250.368    2891155.916          0.001 2042
1250.120   13383340.301          0.003 2387
1250.284    2852152.099          0.001 1998
1250.389    8944487.655          0.002 2000
1250.389    4093110.287          0.001 2000
1250.389    1933518.626          0.000 2000
1250.396    6758574.392          0.001 2000
1250.305    3922555.358          0.001 2051
1250.305          0.000          0.000 2051
1250.168          0.000          0.000 2052
1250.388          0.000          0.000 2053
1250.388    3651864.203          0.001 2053
1250.528    5381513.345          0.001 2008
1250.524    1645341.391          0.000 2008
1250.335    1725665.465          0.000 2058
1250.335          0.000          0.000 2058
1250.637    2884948.538          0.001 2011
1250.299    3560850.318          0.001 2012
1250.261    3881378.489          0.001 2062
1250.261          0.000          0.000 2062
1250.019   13217015.244          0.003 2419
1250.401    3299879.507          0.001 2111
1250.441    3622494.549          0.001 2066
1250.441          0.000          0.000 2066
1250.304          0.000          0.000 2067
1077.441   12353294.707          0.003 2071
 611.672    4832061.478          0.001 2071
 125.134    1231484.690          0.000 2071
   0.000          0.000          0.000 2071
   0.000          0.000          0.000 2072
 522.443    4745137.359          0.001 2072
 950.374    9090106.571          0.002 2072
1238.729   12151210.366          0.003 1978
1250.293    4620692.862          0.001 2028
1250.293    3138526.643          0.001 2028
1193.385   13477017.216          0.003 2361
1247.330   10307412.707          0.002 2366
1246.590   10510426.754          0.002 2366
1239.408    7858326.821          0.002 2369
1249.769   10840522.739          0.002 2369
1250.172    3624049.762          0.001 2034
1250.300    4463003.932          0.001 2035
1209.560   10764897.362          0.002 2377
1226.345   12693047.941          0.003 2377
1250.400    3810202.404          0.001 2039
1250.298    3547614.600          0.001 2138
1250.298    7054438.338          0.001 2138
1223.844    9520795.151          0.002 2387
1244.959    9527863.391          0.002 2387
1250.109   13306821.219          0.003 2387
1113.614    9783258.492          0.002 2394
1250.396    7884008.938          0.002 2000
1237.262   10599085.193          0.002 2395
1250.305    5788682.779          0.001 2051
1147.464   10411345.958          0.002 2399
1250.179    5012376.458          0.001 2052
1243.611   15746444.017          0.003 2399
1250.388    4127809.140          0.001 2053
1250.524    9716599.250          0.002 2008
1250.524    6083952.641          0.001 2008
1250.335    4027260.746          0.001 2058
1250.335    4631593.252          0.001 2058
1207.963   10080987.680          0.002 2413
1126.376    8967138.476          0.002 2413
1226.817   12948278.432          0.003 2413
1238.221   12443587.529          0.003 2413
1245.022   10582285.995          0.002 2419
1250.400    3624317.669          0.001 2111
1250.400          0.000          0.000 2111
1156.497    8609378.355          0.002 2422
1250.304    5177310.015          0.001 2067
1244.969   14828150.194          0.003 2170
1095.305   14781143.598          0.003 2071
 729.817    8811100.618          0.002 2170
 216.088    2874751.615          0.001 2118
   0.000          0.000          0.000 2118
   0.000          0.000          0.000 2119
 199.633    1906713.490          0.000 2119
 798.354    7058545.211          0.002 2119
1096.370    9798318.743          0.002 2119
1157.317   11112812.456          0.003 2359
 976.062    8026261.334          0.002 2361
1021.495    9294589.264          0.002 2361
1076.224   10396652.256          0.002 2361
1217.371    8466922.459          0.002 2366
1203.103    8095883.889          0.002 2366
1229.849    7219663.044          0.002 2369
1249.990   13478550.143          0.003 2369
1214.718   11280919.132          0.002 2372
1199.039   10544749.094          0.002 2375
1189.603   10281383.652          0.002 2375
1106.280    8746543.177          0.002 2377
1098.163    8576251.189          0.002 2377
1250.174          0.000          0.000 2136
1250.301    4727569.575          0.001 2138
1250.298          0.000          0.000 2138
1250.298    2500725.353          0.001 2138
1038.929   10559499.278          0.002 2387
1190.960    7203029.338          0.002 2387
1144.627   10609695.992          0.002 2394
 871.111    7023828.636          0.001 2394
 988.015    9002635.544          0.002 2394
1223.102   15507316.475          0.003 2394
1166.481    8450616.049          0.002 2395
1198.309   10723856.619          0.002 2395
1150.946   11417774.710          0.002 2399
1108.080    9909362.485          0.002 2399
1208.594   12223899.786          0.003 2399
1080.677   10705983.115          0.002 2405
1054.386   10282973.420          0.002 2405
1250.466          0.000          0.000 2153
1250.351    4264710.126          0.001 2155
1250.351          0.000          0.000 2155
1133.605   10740708.632          0.002 2413
 876.742    6167618.304          0.001 2413
1137.177   10183914.056          0.002 2413
1188.642   10250950.709          0.002 2413
1205.577    9299682.957          0.002 2419
1190.264    8015126.935          0.002 2419
1088.987   11694162.168          0.003 2419
1200.434   18109773.010          0.004 2422
 991.125    6592006.353          0.001 2422
1157.038   11196745.318          0.002 2422
1227.550   15114484.736          0.003 2428
1189.497   10648608.495          0.002 2170
 803.734    5978240.535          0.001 2170
 187.875    1496948.285          0.000 2170
   0.000          0.000          0.000 2170
   0.000          0.000          0.000 2171
 523.772    5612294.790          0.001 2218
 887.948    8551602.686          0.002 2357
1094.947   12259621.527          0.003 2359
 938.911    7730886.560          0.002 2359
 529.928    4597733.717          0.001 2361
 753.793    6371663.376          0.001 2361
 871.726    5263643.236          0.001 2366
 869.396    5370009.880          0.001 2366
 882.940    4223228.038          0.001 2369
1105.621   10387191.470          0.002 2369
 859.839    6397375.006          0.001 2372
 811.600    5890951.178          0.001 2375
 991.296   10342894.129          0.002 2377
 656.135    4623239.866          0.001 2377
1052.730   11120416.270          0.002 2377
1057.168    8599846.565          0.002 2381
1215.791   13552776.088          0.003 2383
1093.302    9603267.481          0.002 2387
 855.170    4882395.902          0.001 2387
1073.967    9885699.749          0.002 2387
1023.593   11490737.348          0.002 2394
 500.572    4424646.594          0.001 2394
 883.118    8752840.939          0.002 2394
 797.589    5329193.255          0.001 2395
1002.568    9811857.973          0.002 2399
 645.598    4731144.586          0.001 2399
 896.700    9564006.409          0.002 2399
1026.785    7966342.549          0.002 2399
1048.978    8503025.892          0.002 2403
 787.999    7111290.246          0.002 2405
 870.026    7929782.260          0.002 2405
1075.451   11908862.635          0.003 2405
1188.625   11628422.919          0.003 2409
 912.201    6618736.603          0.001 2413
 683.234    4488936.968          0.001 2413
1177.721   12638117.204          0.003 2417
 860.982    5540752.381          0.001 2419
 909.209   10691441.178          0.002 2422
 652.352    4433782.982          0.001 2422
1043.206   11767190.838          0.003 2422
1112.931   10611429.678          0.002 2428
 944.947    9030887.021          0.002 2428
 947.640    9775921.698          0.002 2428
 772.201   10843497.943          0.003 2170
 282.800    3349909.954          0.001 2217
   0.000          0.000          0.000 2217
   0.000          0.000          0.000 2218
 186.192    1953700.605          0.000 2218
 654.108    6730346.196          0.002 2218
 839.690    9749513.151          0.002 2357
 554.357    4678941.596          0.001 2359
 408.646    3726960.988          0.001 2361
 802.833   11996238.870          0.003 2366
 496.155    3290802.989          0.001 2366
 647.601    6880619.551          0.002 2366
 503.352    2902966.081          0.001 2369
 931.342   12441596.589          0.003 2369
 587.038    4462387.761          0.001 2372
 445.907    3744147.565          0.001 2375
 679.756    7684826.781          0.002 2375
 416.777    3184910.932          0.001 2377
 818.278    9632773.540          0.002 2377
 802.055    7763199.961          0.002 2381
 794.031    6040358.420          0.001 2381
 878.445    7366231.581          0.002 2381
 906.027    7830414.533          0.002 2383
 617.023    4202890.298          0.001 2387
 655.697    5032575.409          0.001 2387
 736.706    7025505.116          0.002 2390
 370.124    3439580.251          0.001 2394
 681.911    8750140.157          0.002 2394
 812.639    7989547.758          0.002 2395
 808.507   10499875.439          0.002 2397
 345.952    3022913.305          0.001 2399
 667.008    5208571.098          0.001 2399
 616.127    4533297.591          0.001 2403
 593.436    5306032.862          0.001 2405
 601.604    4792888.584          0.001 2405
 829.844    8876231.185          0.002 2407
 897.654    8174498.536          0.002 2409
 891.604    9649985.224          0.002 2413
 405.026    3131303.176          0.001 2413
 970.694   11632707.058          0.003 2416
 821.480    7345751.067          0.002 2417
 526.614    4170031.053          0.001 2419
 777.505    9985309.080          0.002 2419
 378.983    3099575.192          0.001 2422
 565.410    4831689.333          0.001 2422
 938.277   10360013.917          0.002 2424
 587.802    4684858.953          0.001 2428
 554.809    4837182.245          0.001 2428
 639.686    7535574.026          0.002 2264
   0.000          0.000          0.000 2264
   0.000          0.000          0.000 2265
 584.658   10486063.129          0.003 2265
 351.595    3231644.917          0.001 2357
 544.353    7160871.209          0.002 2359
 213.901    2148623.199          0.000 2361
 486.907    6321442.356          0.002 2364
 228.513    1828295.855          0.000 2366
 675.586    7103712.955          0.002 2366
 239.052    1618712.009          0.000 2369
 623.258    6602785.731          0.002 2372
 288.316    2606413.018          0.001 2375
 607.527    6262194.904          0.001 2377
 474.236    5192475.462          0.001 2379
 353.112    3208659.687          0.001 2381
 408.608    3386267.889          0.001 2381
 542.846    4836107.167          0.001 2383
 614.359    6740999.557          0.002 2385
 242.931    1918529.262          0.000 2387
 635.477    9246924.481          0.002 2389
 441.671    4305740.749          0.001 2390
 225.710    2243937.029          0.000 2394
 313.782    2530431.631          0.001 2395
 412.237    4312691.283          0.001 2397
 204.708    1972931.932          0.000 2399
 580.155    6437910.480          0.002 2401
 381.109    3152419.698          0.001 2403
 282.577    2777880.168          0.001 2405
 272.300    2645734.842          0.001 2405
 359.651    3455628.305          0.001 2407
 472.696    4121376.331          0.001 2409
 581.927    6548829.296          0.002 2412
 196.654    1799972.692          0.000 2413
 659.135    7895061.287          0.002 2415
 456.979    4439239.064          0.001 2416
 448.499    4082397.154          0.001 2417
 274.104    2308661.524          0.001 2419
 698.972    7311951.811          0.002 2422
 216.711    2037679.860          0.000 2422
 432.765    4080998.527          0.001 2424
 639.495    8062902.085          0.002 2425
 604.939    6291507.477          0.002 2428
 225.192    2175731.580          0.001 2428
 578.178    9886939.631          0.002 2308
   0.000          0.000          0.000 2308
   0.000          0.000          0.000 2309
 283.550    2926654.372          0.001 2355
 191.371    1828945.287          0.000 2357
 158.250    1628518.960          0.000 2359
 101.778    1066848.612          0.000 2361
 379.110    4352952.653          0.001 2363
 309.116    3301527.892          0.001 2365
 127.395    1078904.068          0.000 2366
 295.374    3484595.363          0.001 2368
 468.679    6082278.309          0.001 2370
 261.281    4010957.281          0.001 2371
 161.724    1438138.996          0.000 2372
 301.173    3230843.829          0.001 2374
 141.432    1373299.667          0.000 2375
  78.741     807296.598          0.000 2377
 169.071    1910811.306          0.000 2379
 106.607    1107890.713          0.000 2381
 146.986    1456920.034          0.000 2383
 181.643    1922198.342          0.000 2385
  68.412     665478.545          0.000 2387
 311.361    3651169.620          0.001 2388
 158.794    1660641.009          0.000 2390
 334.013    3380494.847          0.001 2392
  80.478     871956.404          0.000 2394
 157.147    1381306.190          0.000 2395
 163.874    1746465.830          0.000 2397
  75.660     812393.894          0.000 2399
 189.445    2030401.212          0.000 2401
 174.552    1629384.982          0.000 2403
  97.000    1055182.890          0.000 2405
 136.419    1422307.932          0.000 2407
 154.628    1524768.319          0.000 2409
 306.994    3271248.664          0.001 2411
  68.281     724126.546          0.000 2413
 278.027    3011952.834          0.001 2415
 129.873    1323841.405          0.000 2417
 115.030    1080851.425          0.000 2419
 449.438    5221145.855          0.001 2422
  71.344     756895.557          0.000 2422
 185.745    1868394.706          0.000 2424
 312.616    3242866.792          0.001 2426
  99.327    1008956.071          0.000 2428
 316.668    4078869.616          0.001 2430
   0.000          0.000          0.000 2352
   0.000          0.000          0.000 2353
   0.000          0.000          0.000 2354
   0.000          0.000          0.000 2355
   0.000          0.000          0.000 2356
   0.000          0.000          0.000 2357
   0.000          0.000          0.000 2358
   0.000          0.000          0.000 2359
   0.000          0.000          0.000 2360
   0.000          0.000          0.000 2361
   0.000          0.000          0.000 2362
   0.000          0.000          0.000 2363
   0.000          0.000          0.000 2364
   0.000          0.000          0.000 2365
   0.000          0.000          0.000 2366
   0.000          0.000          0.000 2367
   0.000          0.000          0.000 2368
   0.000          0.000          0.000 2369
   0.000          0.000          0.000 2370
   0.000          0.000          0.000 2371
   0.000          0.000          0.000 2372
   0.000          0.000          0.000 2373
   0.000          0.000          0.000 2374
   0.000          0.000          0.000 2375
   0.000          0.000          0.000 2376
   0.000          0.000          0.000 2377
   0.000          0.000          0.000 2378
   0.000          0.000          0.000 2379
   0.000          0.000          0.000 2380
   0.000          0.000          0.000 2381
   0.000          0.000          0.000 2382
   0.000          0.000          0.000 2383
   0.000          0.000          0.000 2384
   0.000          0.000          0.000 2385
   0.000          0.000          0.000 2386
   0.000          0.000          0.000 2387
   0.000          0.000          0.000 2388
   0.000          0.000          0.000 2389
   0.000          0.000          0.000 2390
   0.000          0.000          0.000 2391
   0.000          0.000          0.000 2392
   0.000          0.000          0.000 2393
   0.000          0.000          0.000 2394
   0.000          0.000          0.000 2395
   0.000          0.000          0.000 2396
   0.000          0.000          0.000 2397
   0.000          0.000          0.000 2398
   0.000          0.000          0.000 2399
   0.000          0.000          0.000 2400
   0.000          0.000          0.000 2401
   0.000          0.000          0.000 2402
   0.000          0.000          0.000 2403
   0.000          0.000          0.000 2404
   0.000          0.000          0.000 2405
   0.000          0.000          0.000 2406
   0.000          0.000          0.000 2407
   0.000          0.000          0.000 2408
   0.000          0.000          0.000 2409
   0.000          0.000          0.000 2410
   0.000          0.000          0.000 2411
   0.000          0.000          0.000 2412
   0.000          0.000          0.000 2413
   0.000          0.000          0.000 2414
   0.000          0.000          0.000 2415
   0.000          0.000          0.000 2416
   0.000          0.000          0.000 2417
   0.000          0.000          0.000 2418
   0.000          0.000          0.000 2419
   0.000          0.000          0.000 2420
   0.000          0.000          0.000 2421
   0.000          0.000          0.000 2422
   0.000          0.000          0.000 2423
   0.000          0.000          0.000 2424
   0.000          0.000          0.000 2425
   0.000          0.000          0.000 2426
   0.000          0.000          0.000 2427
   0.000          0.000          0.000 2428
   0.000          0.000          0.000 2429
   0.000          0.000          0.000 2430
   0.000          0.000          0.000 2431
   0.000          0.000          0.000 2432
 612.588    5399883.957          0.001   72
 655.464    7046409.883          0.002    7
 576.571    4529712.798          0.001  549
 482.424    3228426.732          0.001  549
 763.002    6488117.545          0.001   26
 958.342    6834463.076          0.001 2413
 841.089    6530101.226          0.001 1125
 860.180    6541266.864          0.001 1125
 872.393    6963530.759          0.002 1125
