   0.000          0.000          0.000    1
   0.000          0.000          0.000    2
   0.000          0.000          0.000    3
   0.000          0.000          0.000    4
   0.000          0.000          0.000    5
   0.000          0.000          0.000    6
   0.000          0.000          0.000    7
   0.000          0.000          0.000    8
   0.000          0.000          0.000    9
   0.000          0.000          0.000   10
   0.000          0.000          0.000   11
   0.000          0.000          0.000   12
   0.000          0.000          0.000   13
   0.000          0.000          0.000   14
   0.000          0.000          0.000   15
   0.000          0.000          0.000   16
   0.000          0.000          0.000   17
   0.000          0.000          0.000   18
   0.000          0.000          0.000   19
   0.000          0.000          0.000   20
   0.000          0.000          0.000   21
   0.000          0.000          0.000   22
   0.000          0.000          0.000   23
   0.000          0.000          0.000   24
   0.000          0.000          0.000   25
   0.000          0.000          0.000   26
   0.000          0.000          0.000   27
   0.000          0.000          0.000   28
   0.000          0.000          0.000   29
   0.000          0.000          0.000   30
   0.000          0.000          0.000   31
   0.000          0.000          0.000   32
   0.000          0.000          0.000   33
   0.000          0.000          0.000   34
   0.000          0.000          0.000   35
   0.000          0.000          0.000   36
   0.000          0.000          0.000   37
   0.000          0.000          0.000   38
   0.000          0.000          0.000   39
   0.000          0.000          0.000   40
   0.000          0.000          0.000   41
   0.000          0.000          0.000   42
   0.000          0.000          0.000   43
   0.000          0.000          0.000   44
   0.000          0.000          0.000   45
   0.000          0.000          0.000   46
   0.000          0.000          0.000   47
   0.000          0.000          0.000   48
   0.000          0.000          0.000   49
   0.000          0.000          0.000   50
   0.000          0.000          0.000   51
   0.000          0.000          0.000   52
   0.000          0.000          0.000   53
   0.000          0.000          0.000   54
   0.000          0.000          0.000   55
   0.000          0.000          0.000   56
   0.000          0.000          0.000   57
   0.000          0.000          0.000   58
   0.000          0.000          0.000   59
   0.000          0.000          0.000   60
   0.000          0.000          0.000   61
   0.000          0.000          0.000   62
   0.000          0.000          0.000   63
   0.000          0.000          0.000   64
   0.000          0.000          0.000   65
   0.000          0.000          0.000   66
   0.000          0.000          0.000   67
   0.000          0.000          0.000   68
   0.000          0.000          0.000   69
   0.000          0.000          0.000   70
   0.000          0.000          0.000   71
   0.000          0.000          0.000   72
   0.000          0.000          0.000   73
   0.000          0.000          0.000   74
   0.000          0.000          0.000   75
   0.000          0.000          0.000   76
   0.000          0.000          0.000   77
   0.000          0.000          0.000   78
   0.000          0.000          0.000   79
   0.000          0.000          0.000   80
   0.000          0.000          0.000   81
 802.424   13242209.762          0.003    5
 171.405    1735179.124          0.000    5
  95.177     978307.196          0.000    7
 351.569    3323874.812          0.001    8
 121.534    1235823.755          0.000   10
 245.817    2338148.923          0.001   12
 171.524    1947459.072          0.000   13
  64.584     677974.781          0.000   15
 232.171    2455059.019          0.001   17
 464.136    5083337.814          0.001   19
  63.519     674994.440          0.000   20
 716.866    8828716.461          0.002   20
 182.028    1866872.866          0.000   24
  62.069     662307.766          0.000   26
 696.337    8390744.219          0.002   26
 124.823    1363314.097          0.000   30
 275.194    2895361.296          0.001   32
 453.361    4643948.163          0.001   35
  47.200     507521.655          0.000   35
 178.434    1749129.030          0.000   37
 677.571    8372163.152          0.002   41
  52.624     562795.710          0.000   41
 166.828    1778772.204          0.000   43
 186.527    2295693.774          0.001   45
  63.667     671460.531          0.000   47
 174.567    1826610.847          0.000   49
 300.206    2874845.112          0.001   51
  70.462     733205.675          0.000   52
 197.812    1774924.290          0.001   54
 112.621    1135609.356          0.000   56
 167.417    1668137.300          0.000   58
  56.984     598192.845          0.000   60
 102.263    1056840.374          0.000   60
 155.703    1684632.741          0.000   63
  75.378     738418.308          0.000   65
 673.843    9252057.408          0.002   69
  94.283    1039739.100          0.000   69
 421.146    4540859.017          0.001   71
  83.270     864002.091          0.000   72
 243.333    2442029.706          0.001   74
 144.864    1416218.495          0.000   76
 287.955    2735180.451          0.001   78
   0.000          0.000          0.000  124
   0.000          0.000          0.000  125
 498.612    4782536.787          0.001  125
 432.110    4768266.235          0.001    5
 218.682    2178688.292          0.001    7
 274.388    2677144.367          0.001   10
 678.934    6830584.627          0.002   10
 644.893    6939349.698          0.002   12
 483.014    4565468.426          0.001   15
 615.338    6736774.041          0.002   17
 152.623    1604099.411          0.000   20
 721.272    9824610.032          0.002   20
 560.240    5742961.168          0.001   24
 457.549    4775422.842          0.001   26
 116.450    1217139.344          0.000   26
 787.441   10764342.521          0.003   30
 365.126    3777884.439          0.001   30
 653.210    6411178.468          0.002   35
 122.627    1280231.475          0.000   35
 413.454    4017719.240          0.001   35
 648.795    6645255.935          0.002   37
 635.705    8677774.526          0.002   41
 111.051    1164486.283          0.000   41
 298.102    3243444.882          0.001   43
 371.448    4760852.942          0.001   45
 164.271    1639946.812          0.000   47
 336.249    3466114.128          0.001   49
 537.708    5263627.230          0.001   49
 132.105    1343713.092          0.000   52
 183.753    1830568.775          0.000   56
 557.886    5939950.524          0.001   56
 545.177    5743488.381          0.001   58
 145.089    1477157.331          0.000   60
 374.935    4572070.716          0.001   63
 153.108    1435160.639          0.000   65
 674.830    9386950.761          0.002   65
 189.772    2087807.685          0.000   69
 613.827    9599304.534          0.002   69
 159.853    1637767.655          0.000   72
 744.067    8181988.850          0.002   74
 309.487    3029247.198          0.001   76
 636.650    5815419.467          0.001   76
 218.981    2227539.767          0.001  167
   0.000          0.000          0.000  167
   0.000          0.000          0.000  168
 568.580    6028966.563          0.001  168
 790.359    8858835.924          0.002    7
 364.473    3451422.916          0.001    7
 557.518    4739090.651          0.001   10
 890.878   11139033.357          0.003   10
 554.628    6531675.201          0.002   13
 201.134    1865040.520          0.000   15
 761.724   11852105.670          0.003   20
 432.205    3993182.427          0.001   20
 626.706    5849471.722          0.001   20
 908.282    9598138.937          0.002   24
 475.842    5414935.303          0.001   26
 179.394    1824249.946          0.000   26
 576.093    5526469.059          0.001   26
 427.337    4425533.487          0.001   30
 861.230   12152542.620          0.003   30
 655.032    7067182.431          0.002   35
 192.841    1957430.148          0.000   35
 283.177    2767236.777          0.001   35
 670.817    8723398.236          0.002   35
 986.304   11107407.505          0.003   35
 715.798    7480629.449          0.002   41
 222.504    2149424.457          0.000   41
 661.603    6005366.701          0.001   41
 671.251    7468480.340          0.002   43
 646.399    7969877.505          0.002   47
 804.344    8432701.595          0.002   49
 237.183    2304709.979          0.001   52
 620.607    7894157.083          0.002   52
 789.290   12911233.063          0.003   56
 346.505    3166821.298          0.001   56
 891.335   11831156.199          0.003   56
 726.203    8595436.948          0.002   60
 597.425    4822710.236          0.001   65
 232.579    2074181.599          0.000   65
 751.755   10167997.561          0.002   65
 380.173    3789480.953          0.001   69
 712.843    8201483.025          0.002   72
 235.394    2365814.213          0.001   72
 954.024   11461141.933          0.003   72
 866.999    8688308.503          0.002   76
 843.817    9724710.886          0.002  167
 418.362    4434190.695          0.001  212
   0.000          0.000          0.000  212
   0.000          0.000          0.000  213
 406.363    5198521.939          0.001  213
 651.709    8912089.693          0.002  213
 761.530    6514715.500          0.002    7
 939.304   10890190.459          0.003    7
1046.449   10433360.946          0.002   10
 644.385    4308052.517          0.001   15
 353.688    2929408.732          0.001   15
 921.714   10106684.689          0.002   20
 397.743    3604454.774          0.001   20
 741.009    7600229.627          0.002   20
 856.838    6987396.407          0.002   20
1159.581   12119614.221          0.003   26
 247.924    2431484.745          0.001   26
 443.593    3962759.497          0.001   26
 620.153    6269573.031          0.001   30
 808.427    8749254.340          0.002   35
 291.135    2790760.787          0.001   35
 847.978    7552695.247          0.002   35
1109.360   13060983.352          0.003   41
 790.529    8886571.159          0.002   41
 330.176    2958278.760          0.001   41
 922.943   12976576.835          0.003   41
1000.279   11720487.605          0.003   43
 817.278    9615694.250          0.002   47
 336.445    2939501.301          0.001   47
 777.725    7574455.012          0.002   47
 753.808    8326789.753          0.002   52
 418.948    3614574.801          0.001   52
 332.403    2912460.488          0.001   52
 838.380    6968800.419          0.002   56
 626.001    4826621.745          0.001   56
1003.229   10386591.180          0.002   60
 585.255    4936151.120          0.001   60
 328.094    3004260.499          0.001   60
 888.467   13172404.199          0.003   60
 386.491    3009954.540          0.001   65
 900.689    9872381.154          0.002   69
 737.654    6342322.257          0.001   69
 575.704    5306484.581          0.001   72
 708.623    5404111.497          0.001   72
1122.673   15381307.200          0.004  306
 891.685    7907743.500          0.002  306
 660.330    7897817.103          0.002  306
   0.000          0.000          0.000  257
   0.000          0.000          0.000  258
 311.865    3056204.257          0.001  258
 919.208   12422564.028          0.003  258
1159.190   10565132.577          0.002    7
 835.344    6455133.676          0.001    7
1189.185   11164620.060          0.003   10
1332.924   11360743.159          0.003   15
 826.615    7559459.519          0.002   15
 610.669    4213585.634          0.001   15
1143.723   15386264.716          0.003   15
 930.135    7542022.145          0.002   20
 867.752    7436754.713          0.002   20
1237.067   13236215.522          0.003   20
1018.154    7824163.436          0.002   26
 603.484    4341811.812          0.001   26
 471.288    3889080.641          0.001   26
 635.299    5349496.779          0.001   26
 981.746   12856966.492          0.003   26
1127.877   10186117.506          0.002   30
 864.925    6655825.826          0.001   35
 374.114    3406582.673          0.001   35
 697.134    5871390.695          0.001   35
1198.205   11377075.961          0.003   35
 953.701    9474358.124          0.002   41
 521.565    3984826.906          0.001   41
1056.935    9367509.158          0.002   41
1139.385   10453609.037          0.002   47
 759.595    5745942.964          0.001   47
 588.640    4412963.325          0.001   47
1125.023   14727515.460          0.003   47
 833.844    6062116.216          0.001   52
 809.167    8801392.241          0.002   52
 508.110    3959154.193          0.001   52
1161.773    8775152.945          0.002   56
1220.529    8746442.512          0.002   56
 940.995    7644053.518          0.002   60
 534.494    4555706.836          0.001   60
 725.138    5158487.450          0.001   60
 925.004    7652588.334          0.002   65
 785.456    4823846.765          0.001   65
 831.436    5232960.322          0.001   65
1172.683   11073336.567          0.003   69
 982.948    9214606.270          0.002   72
 609.747    4709756.471          0.001   72
 764.275   10117644.009          0.002   72
1142.409   13309447.163          0.003  306
 587.991    5387171.738          0.001  306
 155.892    1636894.564          0.000  306
   0.000          0.000          0.000  306
   0.000          0.000          0.000  307
 600.811    9612361.361          0.002  307
 882.308    9037443.898          0.002  258
1228.641   13962718.073          0.003    7
1251.568   10715929.622          0.002    7
1464.023   15445509.693          0.003    7
1496.210   13316300.781          0.003   15
1112.790    7228095.581          0.002   15
 921.134    5534596.136          0.001   15
1155.243    9108269.617          0.002   15
1265.915   11801907.064          0.003   20
 953.117    7141220.065          0.002   20
1297.456   15235320.038          0.003   20
1105.251    7397213.075          0.002   26
 922.003    8038196.525          0.002   26
 836.107    5793279.174          0.001   26
1238.144   10316249.118          0.002   26
1177.293    8582710.220          0.002   35
 793.213    5518270.372          0.001   35
 835.364    6352495.901          0.001   35
1064.687    8556977.931          0.002   35
1143.435    8502958.753          0.002   41
 747.858    4901233.297          0.001   41
1078.976    8283119.821          0.002   41
1210.817   10151623.678          0.002   47
 919.546    6007945.634          0.001   47
 943.356    6636526.290          0.001   52
 927.305    5776763.225          0.001   52
1109.246    8031484.923          0.002   52
1502.117   14051765.518          0.003   56
1479.618   17779560.901          0.004   60
1181.229    9522677.736          0.002   60
 892.107    7059678.005          0.002   60
1218.517    9076437.973          0.002   60
1266.089    9764670.383          0.002   65
1058.504    6289188.831          0.001   65
1313.231   13465418.448          0.003   65
1251.868   11346688.513          0.003   69
1217.969   10273717.566          0.002   72
 780.991    5608151.653          0.001   72
1030.801   11386194.246          0.003   72
1157.104   11134823.823          0.003   72
 901.650    9091686.607          0.002  351
 432.112    4398549.958          0.001  351
   0.000          0.000          0.000  351
   0.000          0.000          0.000  352
 412.319    4019174.032          0.001  352
 889.939    9347374.049          0.002  352
 894.882    7051622.838          0.002  487
1467.619   14769216.374          0.003  487
1636.993   15180779.072          0.003  487
1524.754   11434259.621          0.002   15
1452.964    9668590.839          0.002   15
1328.923    8507128.309          0.002   15
1401.844    8965310.186          0.002   15
1471.075   12811880.773          0.003   15
1433.869   11602934.893          0.003   20
1485.518   13244160.453          0.003   20
1524.554   12424798.150          0.003   26
1043.328    6778104.925          0.001   26
1257.821   12364664.665          0.003   26
1175.024    7454369.994          0.002   26
1486.383   13501698.991          0.003   26
1405.895    9745622.544          0.002   35
1149.797   10310975.899          0.002   35
1366.045   11867434.902          0.003   35
1405.567   12604974.931          0.003   35
1505.596   12314273.314          0.003   41
1225.770    6950912.709          0.002   41
1299.867    8407361.647          0.002   41
1461.149   13544517.067          0.003   41
1354.404    8492614.545          0.002   47
1151.016    7966178.010          0.002   47
1274.137   10595500.313          0.002   52
1313.141    9905268.511          0.002   52
1306.749    8104277.809          0.002   52
1493.138   11563130.907          0.002   52
1576.798   15661974.233          0.003   60
1399.219   12084668.795          0.003   60
1233.555    8123640.963          0.002   60
1521.176   13997268.833          0.003   60
1221.945    7943903.389          0.002   65
1470.667   13041307.010          0.003   65
1507.553   16459014.575          0.004   69
1334.787    9506182.952          0.002   72
1205.322   10083037.735          0.002   72
1076.367   11549528.019          0.003  396
 613.680    5513598.255          0.001  396
  89.730    1004056.948          0.000  396
   0.000          0.000          0.000  396
   0.000          0.000          0.000  397
 801.351    9773006.270          0.002  487
 523.739    4433867.522          0.001  487
1273.191   11973656.296          0.003  487
1492.656   10284049.952          0.002  487
1632.765   14021029.915          0.003  487
1650.174          0.000          0.000  403
1627.954   12345272.058          0.003   15
1594.554   13088303.640          0.003   15
1650.137          0.000          0.000  406
1650.338    6115019.758          0.001  452
1650.231    4971247.441          0.001  453
1456.546   12536343.635          0.003   26
1415.128   10137781.188          0.002   26
1480.662   10768561.608          0.002   26
1628.821   16819843.803          0.004   26
1571.483   15830568.189          0.003   35
1359.861    9067745.370          0.002   35
1357.480   11059360.106          0.002   35
1531.160   15628974.012          0.003   35
1606.631   14419917.603          0.003   41
1527.775    9695430.018          0.002   41
1637.093   15931041.584          0.003   41
1650.324    4247939.988          0.001  466
1559.755   10874056.619          0.002   47
1429.813   10639263.885          0.002   47
1492.028   13395691.071          0.003   52
1484.452   11922842.393          0.003   52
1619.720   10939722.580          0.002   52
1627.062   16555635.861          0.004   52
1650.255    3764389.996          0.001  474
1650.255    7529063.469          0.002  474
1650.317          0.000          0.000  429
1608.001   12833057.767          0.003   60
1577.226   11554435.939          0.002   60
1560.942   12889585.865          0.003   65
1473.175   12575806.016          0.003   65
1650.346          0.000          0.000  434
1558.410   16719091.434          0.004   72
1627.682   16720977.335          0.004  538
1503.381   14862052.252          0.003  538
1218.319   13291894.932          0.003  396
 747.773    7220190.179          0.002  396
 284.111    2961214.849          0.001  396
   0.000          0.000          0.000  441
   0.000          0.000          0.000  442
 408.510    4818740.344          0.001  487
 305.544    2768952.617          0.001  487
 970.738   10076438.634          0.002  487
1161.740    7611717.505          0.002  487
1649.420   19236164.562          0.004  487
1650.468   11659394.118          0.002  642
1650.295    4355603.636          0.001  497
1650.137    3665195.770          0.001  406
1650.339    7637421.105          0.002  550
1650.338          0.000          0.000  452
1650.231          0.000          0.000  453
1553.086   10667402.946          0.002   26
1622.889   15216331.663          0.003   26
1608.929   13477989.878          0.003   26
1650.520    4703332.616          0.001  458
1650.520          0.000          0.000  458
1650.178          0.000          0.000  459
1601.997   14713981.708          0.003   35
1650.284          0.000          0.000  461
1650.189          0.000          0.000  462
1650.189    3496966.273          0.001  462
1650.445    3998950.897          0.001  513
1650.324    3168900.304          0.001  466
1650.324          0.000          0.000  466
1650.324    2616471.906          0.001  466
1650.311    6753651.909          0.001  516
1616.277   17307276.695          0.004   52
1650.341    8168733.261          0.002  521
1650.341    3562458.047          0.001  521
1649.077   14529741.810          0.003   52
1650.266    6318329.549          0.001  572
1650.255          0.000          0.000  474
1650.317    3114851.199          0.001  429
1648.470   19411198.114          0.004   60
1650.332    3921933.405          0.001  528
1574.887   13287217.344          0.003   65
1650.346    4258921.332          0.001  434
1650.104          0.000          0.000  480
1624.460   15608168.776          0.003  538
1498.717   11341700.595          0.002  538
1142.142    7996353.436          0.002  538
 839.447    7266037.302          0.002  538
 553.240   11875867.814          0.003  486
   0.000          0.000          0.000  486
   0.000          0.000          0.000  487
  48.384     528097.598          0.000  487
 126.704    1315801.328          0.000  487
 678.389    6737042.001          0.001  487
 709.850    4763427.542          0.001  487
1461.985   12834645.517          0.003  487
1503.614   11366531.071          0.002  487
1650.466    8426786.505          0.002  642
1650.466    7283061.869          0.001  642
1650.295    1767222.000          0.000  497
1650.295          0.000          0.000  497
1650.339    7225596.075          0.001  550
1650.339    4336272.315          0.001  550
1650.342    6577495.041          0.001  550
1650.231    5369157.151          0.001  453
1639.898   14104071.219          0.003   26
1650.469    3678254.070          0.001  504
1650.469          0.000          0.000  504
1650.469    3562537.070          0.001  504
1650.520    3215780.129          0.001  458
1650.355    3765770.666          0.001  557
1650.275    4287448.436          0.001  558
1650.057          0.000          0.000  509
1650.284    3209375.626          0.001  461
1650.260    4904260.235          0.001  561
1650.445    2570434.744          0.001  513
1650.445          0.000          0.000  513
1650.445    7909489.388          0.002  513
1650.324    5164646.023          0.001  466
1650.303          0.000          0.000  516
1650.383    4016962.855          0.001  518
1650.382          0.000          0.000  518
1650.263    6803720.606          0.001  570
1650.260    3207399.916          0.001  570
1650.341          0.000          0.000  521
1650.266    2675698.261          0.001  572
1650.266    3385385.522          0.001  572
1650.255    2474450.365          0.000  474
1650.255    2851571.422          0.001  474
1650.397    2852223.339          0.001  575
1650.332    2767833.405          0.001  528
1650.332          0.000          0.000  528
1650.322          0.000          0.000  529
1650.342    5381837.353          0.001  578
1650.158          0.000          0.000  531
1650.270          0.000          0.000  532
1520.902   12170760.094          0.003  538
 929.353    5778687.726          0.001  538
 359.370    3048061.023          0.001  538
 137.773    1405718.539          0.000  538
  54.986     591000.780          0.000  538
   0.000          0.000          0.000  538
   0.000          0.000          0.000  539
 311.522    3161268.712          0.001  487
 902.531   11398118.998          0.003  487
1045.926   12331000.938          0.003  487
1323.204   10160083.355          0.002  487
1136.802    6849698.191          0.001  487
1591.318   12920952.633          0.003  487
1650.466    4314796.453          0.001  642
1650.466    5903143.968          0.001  642
1650.295    3302321.710          0.001  497
1650.208    3161300.733          0.001  597
1650.339          0.000          0.000  550
1650.339    2402842.322          0.000  550
1650.350          0.000          0.000  552
1650.254          0.000          0.000  553
1650.469    3272644.751          0.001  504
1650.398    4354383.199          0.001  556
1650.397          0.000          0.000  556
1650.355          0.000          0.000  557
1650.273          0.000          0.000  558
1650.284    7172133.194          0.001  461
1650.255    3980445.960          0.001  561
1650.255          0.000          0.000  561
1650.446    6348257.892          0.001  513
1650.445    2677476.970          0.001  513
1650.445    3302207.245          0.001  513
1650.379    5753205.838          0.001  611
1650.304    8866688.038          0.002  516
1650.303    1369946.384          0.000  516
1650.183    8883629.144          0.002  664
1650.181    4727462.163          0.001  664
1650.260          0.000          0.000  570
1650.266    3423499.316          0.001  572
1650.266          0.000          0.000  572
1650.257    6233374.387          0.001  474
1650.255    5887235.853          0.001  474
1650.397          0.000          0.000  575
1650.378    4259570.921          0.001  623
1650.376    5220022.551          0.001  623
1650.342          0.000          0.000  578
1650.159    2863103.046          0.001  531
1650.271    4853647.640          0.001  532
1456.077   12011399.237          0.003  538
1153.990   10058997.341          0.002  538
 705.064    8690003.992          0.002  538
 482.869    4838494.570          0.001  538
 394.544    5458758.345          0.001  538
   0.000          0.000          0.000  586
   0.000          0.000          0.000  587
 593.302    9767778.528          0.002  587
 883.654   12905773.817          0.003  487
1091.078    8571788.403          0.002  683
1458.393   19913813.363          0.004  683
1594.183   14153002.916          0.003  487
1650.337    4427348.438          0.001  640
1650.466    4484369.145          0.001  642
1650.466    1886132.197          0.000  642
1650.254    3077790.341          0.001  644
1650.208          0.000          0.000  597
1650.286    5307401.482          0.001  693
1650.339    5681354.018          0.001  550
1650.350    2797751.694          0.001  552
1650.255    3858341.597          0.001  553
1650.319    4246601.503          0.001  651
1650.318    4177705.576          0.001  651
1650.397    3850379.001          0.001  556
1650.360    4575424.132          0.001  557
1650.373    4793162.701          0.001  654
1650.239    3088418.384          0.001  656
1650.255    3813580.222          0.001  561
1650.269    5179639.589          0.001  561
1650.326    4239643.377          0.001  658
1650.379          0.000          0.000  611
1650.379    1458945.163          0.000  611
1650.303    4396605.880          0.001  516
1650.303    8143402.893          0.002  516
1650.181    3938288.743          0.001  664
1650.181    1145962.491          0.000  664
1650.260    2658285.507          0.001  570
1650.171    6103498.155          0.001  714
1650.485    3477681.629          0.001  620
1650.485          0.000          0.000  620
1650.644    3328226.287          0.001  670
1650.199          0.000          0.000  622
1650.376          0.000          0.000  623
1650.376    2127653.268          0.000  623
1650.342    3600760.538          0.001  578
1650.366          0.000          0.000  626
1650.209          0.000          0.000  627
1642.506   17016795.939          0.004  538
1275.440    9400565.372          0.002  538
 874.055    6092389.033          0.001  538
 917.420   11974704.008          0.003  682
 503.998    6762166.935          0.002  634
 273.223    3411875.920          0.001  634
   0.000          0.000          0.000  634
   0.000          0.000          0.000  635
 553.949    5760720.361          0.001  683
 647.380    5082040.343          0.001  683
1043.327    9161452.287          0.002  683
1412.094   14891009.260          0.003  683
1650.337          0.000          0.000  640
1650.337    2344576.776          0.000  640
1650.466          0.000          0.000  642
1650.254    4138609.400          0.001  644
1650.254          0.000          0.000  644
1650.208    3850013.210          0.001  597
1650.286    2296041.925          0.000  693
1650.553    3177732.691          0.001  648
1650.553          0.000          0.000  648
1650.066          0.000          0.000  649
1650.266          0.000          0.000  650
1650.318          0.000          0.000  651
1650.259    2976093.286          0.001  699
1650.373    2736293.833          0.001  654
1650.373          0.000          0.000  654
1650.239    3580223.733          0.001  656
1650.239          0.000          0.000  656
1650.255    8061310.925          0.002  561
1650.323          0.000          0.000  658
1650.323    2603030.409          0.000  658
1650.379    3879505.820          0.001  611
1650.316    9992615.857          0.002  516
1650.348          0.000          0.000  662
1650.183    4708950.556          0.001  664
1650.181          0.000          0.000  664
1650.260    5634189.657          0.001  570
1650.171    4827926.684          0.001  714
1650.171    1981991.402          0.000  714
1650.171    5698103.142          0.001  714
1650.644    3579382.544          0.001  670
1650.644          0.000          0.000  670
1650.200    3608056.995          0.001  622
1650.376    5327820.336          0.001  623
1650.376    3545165.524          0.001  623
1650.381    6939904.750          0.001  623
1650.366    3756079.518          0.001  626
1650.209    2497997.372          0.000  627
1614.046   16334860.409          0.003  538
1282.093    9036833.631          0.002  682
 897.090    6205802.711          0.001  682
 446.724    3495290.980          0.001  682
 130.903    1274393.376          0.000  682
   0.000          0.000          0.000  682
   0.000          0.000          0.000  683
 178.395    1621647.417          0.000  683
 699.425    4388787.765          0.001  683
1026.847    5869976.951          0.001  683
1550.397   11776400.679          0.002  683
1650.337    2492890.590          0.001  640
1650.466    3356130.899          0.001  642
1650.254    4111285.978          0.001  644
1650.254    3328421.942          0.001  644
1650.286    4826258.771          0.001  693
1650.286          0.000          0.000  693
1650.252    3628268.473          0.001  742
1650.302    4022898.514          0.001  744
1650.302    6254652.483          0.001  744
1650.273    4741715.785          0.001  650
1650.259    3121599.469          0.001  699
1650.259          0.000          0.000  699
1650.250    2848222.743          0.001  748
1650.373    2928066.537          0.001  654
1650.337          0.000          0.000  702
1650.239    6169417.825          0.001  656
1650.533    4685413.841          0.001  753
1650.323    6940013.180          0.001  658
1650.403    4034387.583          0.001  754
1650.583          0.000          0.000  707
1650.349    7189049.316          0.001  662
1650.348    3284080.396          0.001  662
1650.350          0.000          0.000  710
1650.272    3756950.698          0.001  712
1650.272          0.000          0.000  712
1650.272    3680437.639          0.001  712
1650.171          0.000          0.000  714
1650.274    3280875.193          0.001  762
1650.314    3918979.575          0.001  763
1650.200    7325116.597          0.001  622
1650.540    2683001.849          0.001  719
1650.539          0.000          0.000  719
1650.539    3936960.547          0.001  719
1650.509    3015182.858          0.001  768
1650.509    4218427.563          0.001  768
1650.188   17242602.336          0.004  682
1646.193   14524670.982          0.003  682
1584.170   11386769.576          0.002  682
1049.405    8769928.714          0.002  730
 609.708    4990499.815          0.001  730
 446.683    3838733.721          0.001  730
  90.810     989469.397          0.000  730
   0.000          0.000          0.000  730
   0.000          0.000          0.000  731
 583.752    7022176.541          0.002  683
 742.924    5599877.047          0.001  683
1008.533    7329968.536          0.002  683
1527.639   10869866.391          0.002  683
1650.339    6319386.926          0.001  640
1650.317          0.000          0.000  737
1650.192    2367853.255          0.000  785
1650.115          0.000          0.000  739
1650.286    1928129.913          0.000  693
1650.252    4433397.884          0.001  742
1650.252          0.000          0.000  742
1650.301    3394344.676          0.001  744
1650.301          0.000          0.000  744
1650.301    2748031.579          0.001  744
1650.362          0.000          0.000  746
1650.264          0.000          0.000  747
1650.250          0.000          0.000  748
1650.250    3171443.874          0.001  748
1650.337    4076371.352          0.001  702
1650.384          0.000          0.000  751
1650.355    4250419.658          0.001  801
1650.532          0.000          0.000  753
1650.403          0.000          0.000  754
1650.583    2914259.932          0.001  707
1650.439    3318029.670          0.001  806
1650.270    3777103.858          0.001  807
1650.436    5025746.574          0.001  808
1650.272    2218846.405          0.000  712
1650.171    3592180.924          0.001  714
1650.274    3370240.081          0.001  762
1650.274          0.000          0.000  762
1650.313          0.000          0.000  763
1650.350    3887092.559          0.001  816
1650.353    6982248.213          0.001  816
1650.539    1722120.972          0.000  719
1650.509    2997898.554          0.001  768
1650.509          0.000          0.000  768
1650.314    8745718.873          0.002  822
1650.314    2062390.364          0.000  822
1397.069   12973900.925          0.003  730
1128.032    9555526.173          0.002  730
 701.753    9972846.852          0.002  730
 249.763    2942645.517          0.001  775
   0.000          0.000          0.000  775
   0.000          0.000          0.000  776
 163.823    1861411.784          0.000  776
 614.744    6676470.471          0.001  776
 992.895   11551915.353          0.002  776
1396.541   12810974.181          0.003  683
1625.935   16200498.439          0.003  683
1650.220    3990849.574          0.001  832
1650.322    5096662.215          0.001  737
1650.317    2359580.233          0.000  737
1650.192          0.000          0.000  785
1650.115    3217155.605          0.001  739
1650.286    5011256.831          0.001  693
1650.252    5894594.859          0.001  742
1650.252    2780623.924          0.001  742
1650.252    1900475.321          0.000  742
1650.340    4118137.850          0.001  792
1650.337          0.000          0.000  792
1650.362    3521747.762          0.001  746
1650.264    4595636.136          0.001  747
1650.264    2917154.543          0.001  747
1650.250    3035973.194          0.001  748
1650.364          0.000          0.000  797
1650.364    2162288.433          0.000  797
1650.384    4313474.372          0.001  751
1650.356    3642995.427          0.001  801
1650.355          0.000          0.000  801
1650.532    2324991.523          0.000  753
1650.405    4233353.321          0.001  754
1650.403    4859573.908          0.001  754
1650.439    3097744.679          0.001  806
1650.439          0.000          0.000  806
1650.268          0.000          0.000  807
1650.427          0.000          0.000  808
1650.273    6807013.826          0.001  712
1650.463          0.000          0.000  810
1650.432    4587249.575          0.001  812
1650.432          0.000          0.000  812
1650.274    5692226.074          0.001  762
1650.313    1857706.760          0.000  763
1650.314    6075715.108          0.001  763
1650.350          0.000          0.000  816
1650.350    3270225.002          0.001  816
1650.543    7504772.905          0.001  719
1650.515    5142229.370          0.001  768
1650.314    7634730.767          0.002  822
1650.314    4417235.677          0.001  822
1650.314          0.000          0.000  822
1391.820   12575372.073          0.003  873
1023.623    8909164.198          0.002  873
 618.097    4640436.978          0.001  873
   0.000          0.000          0.000  826
   0.000          0.000          0.000  827
 171.518    2005306.883          0.000  827
 878.188   13746380.259          0.003  827
1220.642    9448381.810          0.002  924
1571.251   13131538.409          0.003  924
1650.220          0.000          0.000  832
1650.169    8945742.926          0.002  929
1650.317    5087515.002          0.001  737
1650.192    2227989.594          0.000  785
1650.496    2509014.379          0.000  882
1650.379    2413916.173          0.000  838
1650.379          0.000          0.000  838
1650.379    5252987.877          0.001  838
1650.252    3483101.974          0.001  742
1650.294    6476045.298          0.001  888
1650.294    4887879.420          0.001  888
1650.264    6893516.859          0.001  747
1650.206          0.000          0.000  844
1650.364    6705911.637          0.001  797
1650.364    5904595.148          0.001  797
1650.365    5961368.709          0.001  797
1650.379    7281536.181          0.001  899
1650.379    5875091.428          0.001  899
1650.269    8993970.992          0.002  900
1650.262    3201090.573          0.001  900
1650.656    3477862.287          0.001  901
1650.516    3406618.050          0.001  902
1650.268    4765428.332          0.001  807
1650.376    7247253.215          0.001  948
1650.293    5324017.837          0.001  857
1650.281          0.000          0.000  857
1650.463    3242183.640          0.001  810
1650.432    5122032.438          0.001  812
1650.432    2916704.571          0.001  812
1650.314    4633727.959          0.001  763
1650.151    2207937.114          0.000  911
1650.475    4423516.686          0.001  913
1650.476    8870447.199          0.002  913
1650.475    4914801.827          0.001  913
1650.278    4827892.350          0.001  915
1650.485    3220471.400          0.001  917
1543.819   13596223.498          0.003  873
1387.223   10798416.987          0.002  873
1080.721    7696798.932          0.002  873
 506.302    3743998.529          0.001  873
 180.897    1697396.993          0.000  873
   0.000          0.000          0.000  873
   0.000          0.000          0.000  874
 589.404    6122792.357          0.001  924
 583.696    4189006.028          0.001  924
1104.697    6951921.194          0.001  924
1650.220    2933638.668          0.001  832
1650.152    3410390.751          0.001  929
1650.317    7131495.278          0.001  737
1650.390    3616564.205          0.001  932
1650.496          0.000          0.000  882
1650.496    3438215.346          0.001  882
1650.380    4110123.226          0.001  838
1650.379    5379286.395          0.001  838
1650.252    5575540.108          0.001  742
1650.294    2640680.135          0.001  888
1650.294          0.000          0.000  888
1650.294    1844362.940          0.000  888
1650.294    4824066.776          0.001  888
1650.317    6183830.264          0.001  940
1650.317    3235895.143          0.001  940
1650.455    5072043.702          0.001  894
1650.455          0.000          0.000  894
1650.380    8915023.662          0.002  899
1650.379    5242616.855          0.001  899
1650.379    3321301.397          0.001  899
1650.379    1257394.336          0.000  899
1650.379          0.000          0.000  899
1650.262          0.000          0.000  900
1650.656          0.000          0.000  901
1650.516          0.000          0.000  902
1650.376    2615989.115          0.000  948
1650.376    3133033.697          0.001  948
1650.282    5893322.169          0.001  857
1650.281    2905452.921          0.001  857
1650.531    5526262.463          0.001  951
1650.413          0.000          0.000  908
1650.394    5816679.678          0.001 1005
1650.338    7949702.071          0.002 1007
1650.151          0.000          0.000  911
1650.344    3861553.905          0.001  959
1650.475          0.000          0.000  913
1650.475    1372652.994          0.000  913
1650.277          0.000          0.000  915
1650.277    1260257.158          0.000  915
1650.485          0.000          0.000  917
1650.485    2307441.134          0.000  917
1410.811   11006024.950          0.002  873
 955.320    6694676.424          0.001  873
 605.903    8935541.471          0.002  923
 109.385    1320772.667          0.000  923
   0.000          0.000          0.000  923
   0.000          0.000          0.000  924
 187.541    1657339.887          0.000  924
 626.515    4299306.442          0.001  924
 991.874    6481796.092          0.001  924
1555.761   11780442.261          0.002  924
1650.152          0.000          0.000  929
1650.152    3292196.056          0.001  929
1650.256    4700303.043          0.001  979
1650.390          0.000          0.000  932
1650.496    6634161.953          0.001  882
1650.255    3335373.497          0.001  983
1650.252   12480537.558          0.002  742
1650.282   11900622.550          0.002  742
1650.295    3662417.514          0.001  888
1650.294    7213187.167          0.001  888
1650.398    4685451.931          0.001  988
1650.317          0.000          0.000  940
1650.455    2695338.808          0.001  894
1650.379    7781214.152          0.001 1038
1650.383    7848133.102          0.001  899
1650.403    3199528.874          0.001  995
1650.262    2641082.653          0.000  900
1650.657    4366093.246          0.001  901
1650.311    4103469.689          0.001  998
1650.376          0.000          0.000  948
1650.235    3792538.095          0.001 1000
1650.388    9699274.727          0.002 1096
1650.531          0.000          0.000  951
1650.531    2919610.454          0.001  951
1650.413    2180298.475          0.000  908
1650.393    4838254.165          0.001 1005
1650.393    2419150.450          0.000 1005
1650.338    5408806.189          0.001 1007
1650.337    3239206.427          0.001 1007
1650.345    3923714.888          0.001  959
1650.344          0.000          0.000  959
1650.476    5472664.133          0.001  913
1650.277    3150807.871          0.001  915
1650.277    3236138.211          0.001  915
1650.277    5147439.813          0.001  915
1650.485    5266909.895          0.001  917
1626.576   19235194.952          0.004  923
1372.978   13110833.584          0.003  873
 666.427    6058612.495          0.001  923
 491.026    4680836.968          0.001  923
 343.885    4060982.683          0.001  970
   0.000          0.000          0.000  970
   0.000          0.000          0.000  971
 581.753    7356916.216          0.002  924
 782.647    8775520.570          0.002  924
 939.457    6445181.657          0.001  924
1263.415   10895568.279          0.002  924
1386.634    8779685.592          0.002  924
1554.181   10376081.179          0.002  924
1650.252    6371040.772          0.001 1070
1650.256          0.000          0.000  979
1650.312    3229938.063          0.001 1027
1650.392    4491466.618          0.001  932
1650.313    5696569.980          0.001 1027
1650.254          0.000          0.000  983
1650.354    2393066.830          0.000  985
1650.354          0.000          0.000  985
1650.401          0.000          0.000  986
1650.374    1988287.231          0.000 1033
1650.398          0.000          0.000  988
1650.398    2166530.087          0.000  988
1650.317    2886457.605          0.001  940
1650.285          0.000          0.000  991
1650.378    3129917.079          0.001 1038
1650.103    3636203.586          0.001 1039
1650.404    4705111.003          0.001  995
1650.403          0.000          0.000  995
1650.305          0.000          0.000  996
1650.415    2770624.497          0.001 1043
1650.309          0.000          0.000  998
1650.235    3366536.112          0.001 1000
1650.235          0.000          0.000 1000
1650.388    6536359.885          0.001 1096
1650.531    2142961.539          0.000  951
1650.443    5251816.241          0.001 1098
1650.443    7376869.092          0.001 1098
1650.393          0.000          0.000 1005
1650.338    7004799.340          0.001 1007
1650.337          0.000          0.000 1007
1650.344    2492254.922          0.000  959
1650.368    4704098.389          0.001 1054
1650.286    3035949.609          0.001 1056
1650.277    6813916.841          0.001  915
1623.875   13075128.159          0.003 1113
1460.558   15787736.838          0.003  923
1098.686    9266391.812          0.002  923
 533.856    5590216.564          0.001 1063
 377.067    5296565.737          0.001 1017
   0.000          0.000          0.000 1017
   0.000          0.000          0.000 1018
 403.817    3724599.964          0.001 1018
 582.857    5217677.931          0.001 1018
1028.791    8924517.369          0.002 1018
1430.996   16825836.796          0.004 1018
1629.869   12701996.742          0.003  924
1650.252    5545458.225          0.001 1070
1650.252    2093101.721          0.000 1070
1650.256    4437310.393          0.001  979
1650.312          0.000          0.000 1027
1650.312    1863988.844          0.000 1027
1650.344    3788891.481          0.001 1074
1650.604    3101925.659          0.001 1075
1650.324    7207636.519          0.001 1078
1650.401    2562623.127          0.000  986
1650.374          0.000          0.000 1033
1650.398    2855190.755          0.001  988
1650.153          0.000          0.000 1035
1650.285    4652467.178          0.001  991
1650.379    3730006.276          0.001 1038
1650.378          0.000          0.000 1038
1650.103          0.000          0.000 1039
1650.403    3928422.078          0.001  995
1650.305    3951742.536          0.001  996
1650.415    1947761.004          0.000 1043
1650.415          0.000          0.000 1043
1650.309    2647011.783          0.000  998
1650.235    3086850.796          0.001 1000
1650.235    1200658.063          0.000 1000
1650.388    4118264.910          0.001 1096
1650.388    2715992.373          0.001 1096
1650.443    2770222.057          0.001 1098
1650.443    4628304.078          0.001 1098
1650.393    3603837.059          0.001 1005
1650.344    6521730.445          0.001 1148
1650.338    4428450.674          0.001 1007
1650.368          0.000          0.000 1054
1650.368    2805908.268          0.001 1054
1650.286          0.000          0.000 1056
1650.277   11993985.684          0.002  915
1631.260   13959633.192          0.003 1113
1245.994    7513433.897          0.002 1113
1040.404   13827008.091          0.003 1063
 642.858   12359901.529          0.003 1113
 144.653    1676178.644          0.000 1063
   0.000          0.000          0.000 1063
   0.000          0.000          0.000 1064
 357.294    3307386.788          0.001 1064
 770.348    6359354.783          0.001 1064
1189.568   10084948.605          0.002 1064
1462.796   12598024.353          0.003 1064
1650.463    6746028.807          0.001 1120
1650.252          0.000          0.000 1070
1650.252    6634588.670          0.001 1070
1650.312    1626057.762          0.000 1027
1650.312    5679403.891          0.001 1027
1650.344          0.000          0.000 1074
1650.604          0.000          0.000 1075
1650.324    5662994.903          0.001 1078
1650.324    2331486.627          0.000 1078
1650.323          0.000          0.000 1078
1650.323    3385897.011          0.001 1078
1650.254    6434989.568          0.001 1130
1650.253    2072489.433          0.000 1130
1650.153    3749571.647          0.001 1035
1650.266    4896037.350          0.001 1178
1650.378    6760360.177          0.001 1038
1650.378    2909681.452          0.001 1038
1650.103    2289801.511          0.000 1039
1650.365          0.000          0.000 1087
1650.365    3575108.076          0.001 1087
1650.415    6235671.756          0.001 1043
1650.334    3240978.029          0.001 1091
1650.334          0.000          0.000 1091
1650.235    6245167.027          0.001 1000
1650.389    8375908.973          0.002 1096
1650.388    4486352.209          0.001 1096
1650.388    1765727.380          0.000 1096
1650.388          0.000          0.000 1096
1650.448    4682785.201          0.001 1098
1650.443          0.000          0.000 1098
1650.443    1430756.499          0.000 1098
1650.342    7220528.944          0.001 1148
1650.342    2399980.242          0.000 1148
1650.291          0.000          0.000 1102
1650.368    4471076.894          0.001 1054
1650.287    5851150.444          0.001 1056
1650.286    3390455.905          0.001 1056
1650.288    4188792.188          0.001 1056
1650.176    5184533.544          0.001 1153
1650.390    4550183.424          0.001 1155
1389.738   10046925.393          0.002 1113
 760.663    4598394.805          0.001 1113
 306.810    2446720.513          0.001 1113
  99.850     973671.283          0.000 1113
   0.000          0.000          0.000 1113
   0.000          0.000          0.000 1114
  97.256    1098940.425          0.000 1114
 235.494    2552014.746          0.001 1114
 910.995    7704777.171          0.002 1114
1433.607   13270919.402          0.003 1114
1650.462    2328817.493          0.000 1120
1650.462          0.000          0.000 1120
1650.252    2552392.550          0.001 1070
1650.252    4412146.979          0.001 1070
1650.313    3745797.352          0.001 1027
1650.345    5385828.465          0.001 1074
1650.344    1778869.957          0.000 1074
1650.384    3962770.260          0.001 1171
1650.324    6379404.785          0.001 1078
1650.323    2141328.955          0.000 1078
1650.330    3919996.657          0.001 1175
1650.253          0.000          0.000 1130
1650.271    7723163.882          0.001 1224
1650.318          0.000          0.000 1132
1650.266    2548200.467          0.000 1178
1650.467    4333981.237          0.001 1135
1650.467          0.000          0.000 1135
1650.467    2156661.229          0.000 1135
1650.365    5677188.674          0.001 1087
1650.365    3077742.865          0.001 1087
1650.265    4891340.415          0.001 1185
1650.303    7186240.419          0.001 1187
1650.339    4303279.141          0.001 1091
1650.212    6019464.580          0.001 1235
1650.539          0.000          0.000 1143
1650.388    5229163.813          0.001 1096
1650.309          0.000          0.000 1145
1650.443    3318428.240          0.001 1098
1650.292          0.000          0.000 1147
1650.342          0.000          0.000 1148
1650.291    3991643.444          0.001 1102
1650.170    2868843.320          0.001 1197
1650.086          0.000          0.000 1151
1650.287    6759442.376          0.001 1056
1650.176          0.000          0.000 1153
1650.393    4213640.154          0.001 1155
1650.390          0.000          0.000 1155
1394.587   10773588.365          0.002 1113
1146.897    8585690.298          0.002 1113
 900.213    7486993.161          0.002 1113
 574.199    6124477.757          0.001 1113
   0.000          0.000          0.000 1160
   0.000          0.000          0.000 1161
 534.204    5013262.757          0.001 1114
1104.175    9445382.792          0.002 1207
1393.043   12131814.538          0.003 1207
1650.462    5065381.759          0.001 1120
1650.462    4761825.174          0.001 1120
1650.252    7404198.115          0.001 1070
1650.315    7347589.181          0.001 1027
1650.409    5242775.208          0.001 1216
1650.384    2514153.131          0.000 1171
1650.384          0.000          0.000 1171
1650.335    5100733.626          0.001 1219
1650.027          0.000          0.000 1173
1650.237    3311081.870          0.001 1222
1650.330          0.000          0.000 1175
1650.268    2518700.263          0.000 1224
1650.266    3556681.316          0.001 1178
1650.266          0.000          0.000 1178
1650.400    5306842.717          0.001 1276
1650.467    4982239.270          0.001 1135
1650.354          0.000          0.000 1181
1650.490    3917843.048          0.001 1183
1650.490          0.000          0.000 1183
1650.264    1692696.096          0.000 1185
1650.264          0.000          0.000 1185
1650.302    2403453.479          0.000 1187
1650.302          0.000          0.000 1187
1650.212    3356083.736          0.001 1235
1650.212    4248784.873          0.001 1235
1650.413    6743849.926          0.001 1283
1650.273          0.000          0.000 1191
1650.450    7632698.143          0.001 1240
1650.450    2809024.750          0.001 1240
1650.293    3711463.841          0.001 1147
1650.342    2972480.784          0.001 1148
1650.210    4924925.147          0.001 1244
1650.170          0.000          0.000 1197
1650.316    3968698.062          0.001 1246
1650.177    3571300.462          0.001 1153
1650.176    4025889.356          0.001 1153
1650.369          0.000          0.000 1201
1493.111   15088564.235          0.003 1254
1143.819    9057217.359          0.002 1254
 720.946    7574256.457          0.002 1254
 541.013    5354516.617          0.001 1254
   0.000          0.000          0.000 1206
   0.000          0.000          0.000 1207
 278.597    2246209.068          0.000 1207
 631.559    4304211.971          0.001 1207
1079.086    8105441.743          0.002 1207
1365.936   10596178.280          0.002 1207
1650.322    3334551.186          0.001 1260
1650.200          0.000          0.000 1213
1650.384    3644271.823          0.001 1263
1650.407    3531262.274          0.001 1216
1650.407          0.000          0.000 1216
1650.407    3267876.539          0.001 1216
1650.384    2175345.777          0.000 1171
1650.335          0.000          0.000 1219
1650.335    2287292.911          0.000 1219
1650.219          0.000          0.000 1221
1650.237          0.000          0.000 1222
1650.331    4051013.087          0.001 1175
1650.268          0.000          0.000 1224
1650.480    3862640.047          0.001 1273
1650.400    5520916.390          0.001 1276
1650.400    2052130.010          0.000 1276
1650.403    4625857.222          0.001 1276
1650.490    6037146.729          0.001 1183
1650.490    2144307.825          0.000 1183
1650.490    3377148.960          0.001 1183
1650.264    2574452.166          0.000 1185
1650.265    5655740.578          0.001 1185
1650.302    3276173.509          0.001 1187
1650.212          0.000          0.000 1235
1650.412    2910029.699          0.001 1283
1650.413    4114052.260          0.001 1283
1650.273    2822165.482          0.001 1191
1650.450    3749899.078          0.001 1240
1650.450          0.000          0.000 1240
1650.054    4543646.063          0.001 1242
1650.054          0.000          0.000 1242
1650.216    3117182.112          0.001 1289
1650.207          0.000          0.000 1244
1650.314    4543010.694          0.001 1246
1650.314          0.000          0.000 1246
1650.382    4040662.926          0.001 1248
1650.381          0.000          0.000 1248
1650.369    2700039.487          0.001 1201
1566.795   14215925.453          0.003 1254
1147.691    7974571.877          0.002 1254
 653.454    4416192.524          0.001 1254
 190.790    1821755.920          0.000 1254
   0.000          0.000          0.000 1254
   0.000          0.000          0.000 1255
 589.486    8828442.474          0.002 1255
 777.012    8780522.629          0.002 1301
1133.446    8338408.353          0.002 1207
1572.621   15175711.959          0.003 1207
1650.322          0.000          0.000 1260
1650.322    2838653.809          0.001 1260
1650.385    3375794.396          0.001 1263
1650.384          0.000          0.000 1263
1650.205    4432636.011          0.001 1309
1650.407    3507911.923          0.001 1216
1650.385    5787597.397          0.001 1171
1650.423    8148915.729          0.002 1313
1650.421    4256869.137          0.001 1313
1650.237    4097118.330          0.001 1222
1650.237    1663545.131          0.000 1222
1650.268    3669892.455          0.001 1224
1650.480    2132885.189          0.000 1273
1650.480          0.000          0.000 1273
1650.400    7709859.755          0.001 1276
1650.400    3948792.335          0.001 1276
1650.399          0.000          0.000 1276
1650.576    3098211.891          0.001 1321
1650.490    5320999.252          0.001 1183
1650.490    5631140.318          0.001 1183
1650.169    3586499.245          0.001 1324
1650.096          0.000          0.000 1281
1650.213    4346255.974          0.001 1235
1650.412          0.000          0.000 1283
1650.412    1794362.945          0.000 1283
1650.273    5847399.895          0.001 1329
1650.454    5510904.095          0.001 1240
1650.450    4107996.638          0.001 1240
1650.313    4443639.706          0.001 1334
1650.215          0.000          0.000 1289
1650.349    6316056.891          0.001 1292
1650.349    2880928.605          0.001 1292
1650.349          0.000          0.000 1292
1650.417    6111741.714          0.001 1387
1650.382    3135208.588          0.001 1248
1650.377    6487298.218          0.001 1342
1529.835   14342617.573          0.003 1254
1205.138   12687076.491          0.003 1347
 800.116    6568466.397          0.001 1347
 673.561    8130566.678          0.002 1347
   0.000          0.000          0.000 1300
   0.000          0.000          0.000 1301
 196.305    2017135.235          0.000 1301
 319.711    3147124.782          0.001 1301
 774.536    6377358.513          0.001 1301
1403.915   13651207.823          0.003 1301
1650.322    4116945.273          0.001 1260
1650.247    7357303.046          0.001 1448
1650.384    3510849.988          0.001 1263
1650.205          0.000          0.000 1309
1650.208    7170078.021          0.001 1309
1650.483    4000929.022          0.001 1359
1650.421    2756582.138          0.001 1313
1650.421          0.000          0.000 1313
1650.421    3014377.908          0.001 1313
1650.237    5776683.518          0.001 1222
1650.366    8056280.177          0.002 1458
1650.411    3368384.309          0.001 1365
1650.411    5568490.287          0.001 1365
1650.292    2523195.495          0.000 1368
1650.576    3016256.930          0.001 1321
1650.576          0.000          0.000 1321
1650.466    4610999.448          0.001 1372
1650.466    2908400.195          0.001 1372
1650.169          0.000          0.000 1324
1650.100    4886308.230          0.001 1281
1650.413    7245631.740          0.001 1283
1650.412    2001711.090          0.000 1283
1650.418    6648449.405          0.001 1283
1650.259          0.000          0.000 1329
1650.500    6894752.462          0.001 1332
1650.498    2439615.084          0.000 1332
1650.498          0.000          0.000 1332
1650.311    2757244.207          0.001 1334
1650.311          0.000          0.000 1334
1650.313    6841174.965          0.001 1334
1650.349    3238797.524          0.001 1292
1650.416    4381567.033          0.001 1387
1650.416    2406058.317          0.000 1387
1650.416    5831447.067          0.001 1387
1650.252          0.000          0.000 1340
1650.376    3623621.406          0.001 1342
1650.376          0.000          0.000 1342
1435.930   12510807.621          0.003 1347
 837.109    6174076.927          0.001 1347
 292.126    2681641.369          0.001 1347
  91.547     989760.954          0.000 1347
   0.000          0.000          0.000 1347
   0.000          0.000          0.000 1348
 442.059    7526647.002          0.002 1348
 591.287    5714126.077          0.001 1301
1058.811   12668343.364          0.003 1301
1336.030   11513684.096          0.002 1301
1544.204   15109151.440          0.003 1301
1650.244    5688653.281          0.001 1448
1650.244    3046883.001          0.001 1448
1650.312    6690056.201          0.001 1449
1650.205    4282491.470          0.001 1309
1650.205    2364228.638          0.000 1309
1650.483          0.000          0.000 1359
1650.278          0.000          0.000 1360
1650.421    2958037.737          0.001 1313
1650.444    3554811.940          0.001 1363
1650.444          0.000          0.000 1363
1650.366    5178307.143          0.001 1458
1650.411          0.000          0.000 1365
1650.411    2252875.293          0.000 1365
1650.411    4506006.769          0.001 1365
1650.292          0.000          0.000 1368
1650.292    3050522.078          0.001 1368
1650.576    3308680.486          0.001 1321
1650.466    3461392.430          0.001 1372
1650.466          0.000          0.000 1372
1650.170    5843680.394          0.001 1324
1650.169    2577374.355          0.000 1324
1650.277          0.000          0.000 1375
1650.413    7750938.643          0.001 1283
1650.412    3704901.377          0.001 1283
1650.353    6489801.428          0.001 1473
1650.259    2374731.943          0.000 1329
1650.733    3511692.384          0.001 1428
1650.498    1931110.234          0.000 1332
1650.295          0.000          0.000 1382
1650.311    2742916.412          0.001 1334
1650.262    2566843.942          0.000 1385
1650.262          0.000          0.000 1385
1650.416    4718658.766          0.001 1387
1650.416          0.000          0.000 1387
1650.416    1593485.170          0.000 1387
1650.591    4076392.102          0.001 1436
1650.376    3759633.016          0.001 1342
1467.265   11499682.133          0.002 1347
1153.119    7741322.882          0.002 1347
 765.683    5442365.636          0.001 1347
 634.572    7379982.697          0.002 1347
 344.090    3626884.295          0.001 1347
   0.000          0.000          0.000 1396
   0.000          0.000          0.000 1397
 638.164    5471648.176          0.001 1443
1138.356   11649534.372          0.003 1443
1507.090   21928458.952          0.005 1443
1565.827   12795068.889          0.003 1490
1650.244    4325207.591          0.001 1448
1650.244    1250411.042          0.000 1448
1650.312    2925412.151          0.001 1449
1650.205    7673977.416          0.001 1309
1650.483    3368410.376          0.001 1359
1650.279    3409482.223          0.001 1360
1650.278    1354490.934          0.000 1360
1650.278    4469115.933          0.001 1360
1650.312          0.000          0.000 1410
1650.366    6197513.408          0.001 1458
1650.365    2123787.075          0.000 1458
1650.411    3062496.979          0.001 1365
1650.411    6365633.372          0.001 1365
1650.328    3186243.327          0.001 1462
1650.414    3185228.345          0.001 1417
1650.414          0.000          0.000 1417
1650.414    3780939.486          0.001 1417
1650.210    4307312.501          0.001 1420
1650.208          0.000          0.000 1420
1650.234    3164526.103          0.001 1468
1650.277    3123357.256          0.001 1375
1650.413    8413522.841          0.002 1283
1650.413    5588329.489          0.001 1283
1650.353    4038650.701          0.001 1473
1650.352    2185176.518          0.000 1473
1650.733    3385713.291          0.001 1428
1650.733          0.000          0.000 1428
1650.498    5433835.702          0.001 1332
1650.295    2325768.147          0.000 1382
1650.311    6420592.471          0.001 1334
1650.262    5655895.606          0.001 1385
1650.268    5309248.749          0.001 1385
1650.420    4147496.866          0.001 1387
1650.190          0.000          0.000 1435
1650.590          0.000          0.000 1436
1650.377    6126612.666          0.001 1342
1558.415   12998176.355          0.003 1347
1223.642   10873604.772          0.002 1347
 894.190   11043258.040          0.002 1442
 406.530    4633831.893          0.001 1442
   0.000          0.000          0.000 1442
   0.000          0.000          0.000 1443
 119.270    1251299.886          0.000 1443
 804.547    5226657.175          0.001 1490
1228.837    8434441.554          0.002 1490
1578.753   14513343.106          0.003 1490
1650.244          0.000          0.000 1448
1650.312          0.000          0.000 1449
1650.312    4213747.079          0.001 1449
1650.312    7811171.495          0.002 1449
1650.279    7595238.703          0.001 1360
1650.398    3355222.219          0.001 1454
1650.398          0.000          0.000 1454
1650.480    3342254.606          0.001 1503
1650.369    7005034.479          0.001 1458
1650.365    2185252.572          0.000 1458
1650.365          0.000          0.000 1458
1650.273    8161528.836          0.002 1506
1650.269    4194541.713          0.001 1506
1650.328    2443099.598          0.000 1462
1650.328          0.000          0.000 1462
1650.396    3583784.744          0.001 1510
1650.402    4184508.195          0.001 1465
1650.401          0.000          0.000 1465
1650.402    2334448.217          0.000 1465
1650.373    2902701.951          0.001 1513
1650.234          0.000          0.000 1468
1650.402    2104396.669          0.000 1515
1650.416   11721126.375          0.002 1283
1650.413    7964334.915          0.002 1283
1650.353    5120673.538          0.001 1473
1650.352          0.000          0.000 1473
1650.733    3064467.519          0.001 1428
1650.423    9879067.182          0.002 1477
1650.423    4480022.229          0.001 1477
1650.423          0.000          0.000 1477
1650.423    3875077.748          0.001 1477
1650.424    4718555.516          0.001 1480
1650.420          0.000          0.000 1480
1650.132          0.000          0.000 1481
1650.190    4103800.452          0.001 1435
1650.590    2474885.866          0.000 1436
1650.195          0.000          0.000 1484
1488.925   14567749.223          0.003 1536
1116.737    7572032.066          0.002 1536
 881.425    9967051.029          0.002 1536
 495.160    6894928.029          0.002 1489
   0.000          0.000          0.000 1489
   0.000          0.000          0.000 1490
 203.596    1726000.389          0.000 1490
 284.321    2337242.888          0.001 1490
 905.497    6772096.589          0.001 1490
1466.954   12671233.888          0.003 1490
1646.997   17957248.576          0.004 1490
1650.335          0.000          0.000 1496
1650.315    4916959.791          0.001 1449
1650.312    2323423.303          0.000 1449
1650.312    4151329.415          0.001 1449
1650.301   12966988.948          0.003 1360
1650.336    4446134.035          0.001 1548
1650.398    2177435.094          0.000 1454
1650.480          0.000          0.000 1503
1650.527          0.000          0.000 1504
1650.463    3564198.464          0.001 1552
1650.268          0.000          0.000 1506
1650.328    6257556.368          0.001 1462
1650.328    2357128.133          0.000 1462
1650.396    1845923.774          0.000 1510
1650.396          0.000          0.000 1510
1650.424    2460537.215          0.000 1558
1650.402    4739847.230          0.001 1465
1650.373          0.000          0.000 1513
1650.360    5036638.646          0.001 1562
1650.402          0.000          0.000 1515
1650.376    9044833.703          0.002 1655
1650.555    4075424.531          0.001 1518
1650.555          0.000          0.000 1518
1650.563    3634285.318          0.001 1567
1650.563    5453010.441          0.001 1567
1650.297    5271992.654          0.001 1616
1650.423    5559257.073          0.001 1477
1650.423    2693502.802          0.001 1477
1650.423    2071912.872          0.000 1477
1650.423    6380879.777          0.001 1477
1650.420    3685050.178          0.001 1480
1650.132    2547042.281          0.000 1481
1650.275    9388115.432          0.002 1623
1650.274    4775004.215          0.001 1623
1650.259          0.000          0.000 1530
1571.781   15162284.715          0.003 1536
1193.424    8725117.658          0.002 1536
 765.739    5300510.981          0.001 1536
 334.827    2862523.545          0.001 1536
 100.739    1070815.246          0.000 1536
   0.000          0.000          0.000 1536
   0.000          0.000          0.000 1537
 624.802    5669622.700          0.001 1490
 867.318    6574807.298          0.001 1490
1240.219    9483618.971          0.002 1490
1488.773   12551933.038          0.003 1490
1650.335    4522709.530          0.001 1496
1650.141          0.000          0.000 1543
1650.244    2447301.060          0.000 1591
1650.312    7445359.928          0.001 1449
1650.364    3568857.134          0.001 1547
1650.364          0.000          0.000 1547
1650.335          0.000          0.000 1548
1650.253          0.000          0.000 1549
1650.484    5249008.352          0.001 1503
1650.463    3471349.063          0.001 1552
1650.463          0.000          0.000 1552
1650.268    4887173.520          0.001 1506
1650.380    4513496.394          0.001 1601
1650.399    6290752.299          0.001 1510
1650.396    4115298.537          0.001 1510
1650.212    8041697.174          0.002 1649
1650.424          0.000          0.000 1558
1650.269    5573919.997          0.001 1607
1650.267    2236098.382          0.000 1607
1650.355    4301237.569          0.001 1562
1650.353          0.000          0.000 1562
1650.375    5247657.326          0.001 1655
1650.581          0.000          0.000 1564
1650.555    3209485.730          0.001 1518
1650.563    3044411.531          0.001 1567
1650.563          0.000          0.000 1567
1650.563    2102391.194          0.000 1567
1650.296    1925359.512          0.000 1616
1650.140          0.000          0.000 1570
1650.424    5657383.995          0.001 1477
1650.379    3196258.493          0.001 1619
1650.328          0.000          0.000 1573
1650.322    5695550.288          0.001 1666
1650.274    1650572.498          0.000 1623
1650.259    2814159.345          0.001 1530
1528.593   12914686.847          0.003 1536
1410.399   14369654.130          0.003 1536
 802.067    6340897.368          0.001 1536
 834.300    8540554.094          0.002 1536
 582.197    8915720.888          0.002 1536
   0.000          0.000          0.000 1582
   0.000          0.000          0.000 1583
 367.789    3440837.953          0.001 1583
 593.026    5253309.578          0.001 1583
1043.131    9252758.856          0.002 1583
1482.930   14028087.891          0.003 1583
1650.098    4428454.858          0.001 1634
1650.279    3128127.884          0.001 1635
1650.245    8208697.407          0.002 1591
1650.244          0.000          0.000 1591
1650.026          0.000          0.000 1592
1650.364    3879247.491          0.001 1547
1650.335    3573705.493          0.001 1548
1650.177    3711054.406          0.001 1641
1650.253    4583197.817          0.001 1549
1650.400    3520295.274          0.001 1598
1650.400          0.000          0.000 1598
1650.061          0.000          0.000 1599
1650.382    5038956.394          0.001 1601
1650.380          0.000          0.000 1601
1650.205    4849812.491          0.001 1649
1650.205    1302503.188          0.000 1649
1650.205    3827612.793          0.001 1649
1650.267    6710022.275          0.001 1607
1650.267    2099096.018          0.000 1607
1650.267          0.000          0.000 1607
1650.353    5555843.079          0.001 1562
1650.353    1518429.654          0.000 1562
1650.375    2819153.942          0.001 1655
1650.277          0.000          0.000 1611
1650.442    7321123.238          0.001 1704
1650.186    3357994.075          0.001 1658
1650.301          0.000          0.000 1614
1650.564    5012136.338          0.001 1567
1650.296          0.000          0.000 1616
1650.437    5599535.491          0.001 1663
1650.437    2496423.722          0.000 1663
1650.379          0.000          0.000 1619
1650.329    3341094.308          0.001 1573
1650.322    2643586.091          0.001 1666
1650.274    3699393.519          0.001 1623
1650.274          0.000          0.000 1623
1650.199    3523775.725          0.001 1670
1650.199    5230248.467          0.001 1670
1104.738    9134211.069          0.002 1675
 611.971    5161547.311          0.001 1675
 599.377    9456318.846          0.002 1629
   0.000          0.000          0.000 1629
   0.000          0.000          0.000 1630
 396.219    3793736.093          0.001 1630
 958.569    8673560.239          0.002 1630
1386.011   14547577.714          0.003 1630
1650.097          0.000          0.000 1634
1650.279          0.000          0.000 1635
1650.493    7040598.044          0.001 1684
1650.493    3548078.433          0.001 1684
1650.244    2774077.478          0.001 1591
1650.333          0.000          0.000 1639
1650.444    3288806.068          0.001 1687
1650.177          0.000          0.000 1641
1650.177    4735791.135          0.001 1641
1650.122          0.000          0.000 1643
1650.400    2980141.847          0.001 1598
1650.061    2909849.637          0.001 1599
1650.380    4774190.500          0.001 1601
1650.380    1368303.866          0.000 1601
1650.380    7613309.434          0.001 1601
1650.205          0.000          0.000 1649
1650.205    2272212.826          0.000 1649
1650.276    5014122.864          0.001 1698
1650.267    3459294.804          0.001 1607
1650.335    5150242.832          0.001 1701
1650.353    3216099.684          0.001 1562
1650.375          0.000          0.000 1655
1650.442    4498520.280          0.001 1704
1650.442    1990737.793          0.000 1704
1650.186          0.000          0.000 1658
1650.301    4315735.290          0.001 1614
1650.377    4671934.138          0.001 1709
1650.296    3896369.776          0.001 1616
1650.437    2233160.504          0.000 1663
1650.437          0.000          0.000 1663
1650.339    3691877.004          0.001 1713
1650.324    4180660.503          0.001 1666
1650.322          0.000          0.000 1666
1650.322    2325073.058          0.000 1666
1650.276    4479956.085          0.001 1623
1650.292    6821991.642          0.001 1765
1650.199          0.000          0.000 1670
1492.851   13426827.978          0.003 1675
 716.438    5834227.370          0.001 1675
 412.965    3724812.119          0.001 1675
  84.847     952308.709          0.000 1675
   0.000          0.000          0.000 1675
   0.000          0.000          0.000 1676
 554.908    8149273.846          0.002 1676
 682.259    5521147.333          0.001 1725
1045.106    8309674.297          0.002 1725
1360.573   11582181.971          0.002 1725
1568.404   16767465.534          0.004 1725
1650.255    5493429.036          0.001 1730
1650.279    4049269.182          0.001 1635
1650.492          0.000          0.000 1684
1650.244    4459610.211          0.001 1591
1650.333    2955610.185          0.001 1639
1650.443          0.000          0.000 1687
1650.490    6302579.620          0.001 1738
1650.311    5006038.965          0.001 1739
1650.475    6282740.938          0.001 1741
1650.475    3397785.165          0.001 1741
1650.362    3343338.434          0.001 1743
1650.381    6700868.910          0.001 1601
1650.380    2928583.444          0.001 1601
1650.380    4480141.599          0.001 1601
1650.381   12733228.981          0.002 1601
1650.205    5252624.061          0.001 1649
1650.276          0.000          0.000 1698
1650.276    3765788.069          0.001 1698
1650.267    5665479.578          0.001 1607
1650.335          0.000          0.000 1701
1650.354    8684737.401          0.002 1562
1650.220          0.000          0.000 1703
1650.442          0.000          0.000 1704
1650.442    2008988.540          0.000 1704
1650.186    2966970.120          0.001 1658
1650.379    5774767.568          0.001 1709
1650.377    1969601.641          0.000 1709
1650.377          0.000          0.000 1709
1650.377    2443686.726          0.000 1709
1650.437    4305010.565          0.001 1663
1650.338    2100766.448          0.000 1713
1650.338          0.000          0.000 1713
1650.323    3745227.420          0.001 1666
1650.322    4853301.754          0.001 1666
1650.291    9035022.106          0.002 1765
1650.289    4841310.163          0.001 1765
1650.289    2585420.721          0.001 1765
1644.697   15400734.932          0.003 1771
1305.228    8317063.971          0.002 1771
1073.932   10814217.699          0.002 1675
 740.475    8200266.900          0.002 1771
 256.636    3185416.083          0.001 1675
   0.000          0.000          0.000 1724
   0.000          0.000          0.000 1725
 191.469    1780211.889          0.000 1725
 793.897    9728884.846          0.002 1725
1103.785   11382562.071          0.002 1725
1553.288   14873528.058          0.003 1725
1650.253          0.000          0.000 1730
1650.253    1745100.526          0.000 1730
1650.221    1998680.782          0.000 1777
1650.493    2847315.629          0.001 1684
1650.245    7263149.775          0.001 1591
1650.339    7271007.819          0.001 1639
1650.444    3133182.441          0.001 1687
1650.489    2674604.624          0.001 1738
1650.489          0.000          0.000 1738
1650.303          0.000          0.000 1739
1650.475    6656270.898          0.001 1741
1650.475          0.000          0.000 1741
1650.362    4936059.324          0.001 1743
1650.362          0.000          0.000 1743
1650.380    6287304.347          0.001 1601
1650.401    5044889.232          0.001 1790
1650.402    4764203.962          0.001 1790
1650.276    2788568.306          0.001 1698
1650.395    2121540.415          0.000 1793
1650.335    2529549.792          0.000 1701
1650.342    4746451.923          0.001 1701
1650.459    7724644.640          0.001 1846
1650.450    5023067.376          0.001 1846
1650.442    3847154.881          0.001 1704
1650.423    4984241.693          0.001 1801
1650.423    2252395.782          0.000 1801
1650.377    4855432.759          0.001 1709
1650.377    5376207.996          0.001 1709
1650.313    4055105.504          0.001 1805
1650.313    3672433.550          0.001 1805
1650.338    3678156.897          0.001 1713
1650.342    3853809.748          0.001 1762
1650.340          0.000          0.000 1762
1650.322    8250377.866          0.002 1666
1650.291    4709438.393          0.001 1765
1650.289          0.000          0.000 1765
1650.580    3498934.572          0.001 1812
1366.106   10127067.856          0.002 1771
 792.521    5470789.538          0.001 1771
 306.043    2706505.369          0.001 1771
  70.236     750797.192          0.000 1771
   0.000          0.000          0.000 1771
   0.000          0.000          0.000 1772
 449.991    3837381.352          0.001 1725
 620.540    4584659.823          0.001 1725
1081.960    7693079.490          0.002 1725
1551.521   14294572.871          0.003 1725
1650.221          0.000          0.000 1777
1650.221    5098493.379          0.001 1777
1650.494    5136745.398          0.001 1876
1650.538          0.000          0.000 1780
1650.355    5547514.796          0.001 1830
1650.489    7401929.503          0.001 1738
1650.489    2845622.609          0.001 1738
1650.489    5233027.867          0.001 1738
1650.455    9572413.539          0.002 1882
1650.475    4095080.064          0.001 1741
1650.362    3085035.887          0.001 1743
1650.348          0.000          0.000 1788
1650.401    2548973.764          0.000 1790
1650.401          0.000          0.000 1790
1650.185    5224004.809          0.001 1840
1650.395    3093536.061          0.001 1793
1650.395          0.000          0.000 1793
1650.335    5681704.299          0.001 1701
1650.325    7812023.961          0.001 1939
1650.450    5613354.260          0.001 1846
1650.450    2670881.239          0.001 1846
1650.450    3352216.123          0.001 1846
1650.442    6818327.379          0.001 1704
1650.423    2787636.146          0.001 1801
1650.423          0.000          0.000 1801
1650.286    4047854.907          0.001 1851
1650.313    6032628.040          0.001 1805
1650.313    2409913.650          0.000 1805
1650.313          0.000          0.000 1805
1650.582    2515117.289          0.000 1807
1650.582          0.000          0.000 1807
1650.340    4832203.014          0.001 1762
1650.340    2549395.935          0.001 1762
1650.327    3482838.047          0.001 1858
1650.289    4493856.863          0.001 1765
1650.580          0.000          0.000 1812
1646.150   17843749.905          0.004 1914
1339.572   10154375.614          0.002 1771
1118.337   11523678.700          0.003 1771
 824.098    7015502.596          0.002 1771
 584.787    8018694.015          0.002 1771
   0.000          0.000          0.000 1818
   0.000          0.000          0.000 1819
 204.467    3004372.229          0.001 1819
 640.557   11567532.613          0.003 1819
 853.693    8265218.962          0.002 1867
1390.504   11281461.427          0.002 1867
1650.375   17357422.797          0.004 1867
1650.391    4915797.962          0.001 1873
1650.223    8666603.073          0.002 1777
1650.494    2913597.860          0.001 1876
1650.538    2868233.292          0.001 1780
1650.354    1517570.727          0.000 1830
1650.354          0.000          0.000 1830
1650.489    5381870.166          0.001 1738
1650.446    7418117.054          0.001 1882
1650.446    4593034.061          0.001 1882
1650.482    6960561.267          0.001 1886
1650.482    3911356.123          0.001 1886
1650.335          0.000          0.000 1836
1650.348    4313721.966          0.001 1788
1650.405    4595523.325          0.001 1790
1650.401    2247046.709          0.000 1790
1650.182          0.000          0.000 1840
1650.395    2375010.785          0.000 1793
1650.395    5637558.739          0.001 1793
1650.325    4620141.012          0.001 1939
1650.325    3923146.789          0.001 1939
1650.450    6908726.584          0.001 1846
1650.450          0.000          0.000 1846
1650.450    4321654.955          0.001 1846
1650.405    5131994.755          0.001 1945
1650.425    4103829.873          0.001 1801
1650.286    5659606.964          0.001 1851
1650.286          0.000          0.000 1851
1650.313    4653328.890          0.001 1805
1650.584    7702654.429          0.001 1807
1650.582    3530024.490          0.001 1807
1650.506    5936842.020          0.001 1951
1650.340    5391077.949          0.001 1762
1650.326    2620953.178          0.001 1858
1650.326          0.000          0.000 1858
1650.326    4954329.358          0.001 1858
1650.326    8939433.553          0.002 1858
1646.810   17461394.972          0.004 1914
1304.276    8274766.955          0.002 1914
1074.021    7006796.969          0.002 1914
 745.313   10168221.523          0.002 1914
 313.334    3642496.365          0.001 1866
   0.000          0.000          0.000 1866
   0.000          0.000          0.000 1867
 111.132    1096945.792          0.000 1867
 413.027    3204775.296          0.001 1867
1043.749    7285548.572          0.002 1867
1328.766    9274912.142          0.002 1867
1648.594   14780031.907          0.003 1867
1650.391          0.000          0.000 1873
1646.979   14927159.022          0.003 2336
1650.494    3578949.754          0.001 1876
1650.494          0.000          0.000 1876
1650.494    4332813.020          0.001 1876
1650.686    2814623.210          0.001 1925
1650.302    2543152.342          0.000 1880
1650.302          0.000          0.000 1880
1650.446    3303902.033          0.001 1882
1650.446          0.000          0.000 1882
1650.446    1695672.627          0.000 1882
1650.446    4681346.217          0.001 1882
1650.482    3463724.921          0.001 1886
1650.482          0.000          0.000 1886
1650.335    4667580.512          0.001 1836
1650.511    2255803.149          0.000 1933
1650.401    8124012.458          0.002 1790
1650.401    4140338.196          0.001 1790
1650.401    9201088.582          0.002 1790
1625.534   12920220.206          0.003 2369
1650.395    8435226.546          0.002 1793
1650.325    1612132.373          0.000 1939
1650.331    8652772.959          0.002 1939
1628.059   13856016.161          0.003 2374
1650.450    5229423.258          0.001 1846
1650.405    2257064.520          0.000 1945
1650.287    9304026.473          0.002 1851
1650.286    2468761.609          0.000 1851
1650.286    2242318.187          0.000 1851
1650.286    5370752.104          0.001 1851
1648.556   15329883.678          0.003 2388
1650.506    4652457.066          0.001 1951
1650.506    2866526.395          0.001 1951
1650.341    2775562.638          0.001 1953
1650.326    5959162.149          0.001 1858
1650.272          0.000          0.000 1908
1649.636   17363833.224          0.004 2397
1646.603   16919971.616          0.004 1914
1399.816   11527721.524          0.002 2007
 611.365    4485925.470          0.001 1914
 255.604    2231721.155          0.000 1914
   0.000          0.000          0.000 1914
   0.000          0.000          0.000 1915
 490.256    5754842.372          0.001 1962
 649.714    7246547.861          0.002 1962
 910.754    6439490.293          0.001 1867
1391.441   11115804.843          0.002 1867
1650.391    4133225.813          0.001 1873
1614.157   11944591.242          0.002 2336
1647.347   15426260.634          0.003 2336
1650.494    2629888.143          0.001 1876
1629.906   13186051.616          0.003 2344
1650.686          0.000          0.000 1925
1650.302    5521426.507          0.001 1880
1650.265    2364962.322          0.000 1974
1646.947   15699737.475          0.003 2352
1624.695   12176203.012          0.002 2352
1628.208   12713692.181          0.003 2352
1641.207   12872015.092          0.003 2356
1640.968   12283817.165          0.002 2356
1650.511          0.000          0.000 1933
1650.511    3819314.446          0.001 1933
1650.476          0.000          0.000 1935
1587.073   13910593.988          0.003 2369
1495.991   10071399.429          0.002 2369
1595.485   14079872.070          0.003 2369
1650.325          0.000          0.000 1939
1553.128   11152447.794          0.002 2374
1577.440   12638949.907          0.002 2374
1564.433   11284083.008          0.002 2374
1650.472          0.000          0.000 1943
1650.405    3858356.123          0.001 1945
1650.405          0.000          0.000 1945
1650.525    3156827.379          0.001 1992
1650.286    6311429.188          0.001 1851
1650.286    4291567.457          0.001 1851
1650.637    5225007.088          0.001 1995
1624.814   10798805.205          0.002 2388
1650.506          0.000          0.000 1951
1650.341    2565591.471          0.001 1953
1650.341          0.000          0.000 1953
1626.740   14716686.027          0.003 2397
1648.988   16452242.103          0.003 2397
1583.371   11117296.780          0.002 2397
1640.656   13427717.301          0.003 2397
1530.596   12123333.921          0.003 2007
 918.442    6746584.235          0.001 2007
 664.391    8194630.843          0.002 2007
   0.000          0.000          0.000 1961
   0.000          0.000          0.000 1962
 182.872    1905080.170          0.000 1962
 645.924    5515627.984          0.001 1962
1178.368   10000173.756          0.002 1962
1474.567   14531020.910          0.003 1962
1372.372   12420146.337          0.003 2336
1445.029    9815478.765          0.002 2336
1650.309          0.000          0.000 1969
1572.596   11505751.680          0.002 2344
1504.396   10566678.971          0.002 2344
1624.814   14384602.618          0.003 2344
1650.265    3346998.065          0.001 1974
1650.265          0.000          0.000 1974
1638.029   13364783.688          0.003 2352
1514.290    9076651.632          0.002 2352
1642.517   16970849.983          0.003 2352
1570.548    9979087.831          0.002 2356
1588.664   10382348.891          0.002 2356
1650.511    3519866.609          0.001 1933
1650.476    3494763.218          0.001 1935
1502.238   13738751.598          0.003 2369
1180.904    7874901.919          0.002 2369
1517.646   13691228.389          0.003 2369
1637.821   19164272.511          0.004 2369
1547.438   14137247.344          0.003 2374
1319.206    8197030.450          0.002 2374
1369.086    8597943.397          0.002 2374
1530.472   11725342.259          0.002 2374
1610.611   14593993.133          0.003 2374
1650.405    4700708.640          0.001 1945
1650.525          0.000          0.000 1992
1650.335    5787092.981          0.001 2039
1650.637    2325062.148          0.000 1995
1650.637          0.000          0.000 1995
1470.870    7907418.255          0.002 2388
1615.771   15179326.989          0.003 2388
1650.341    5662606.153          0.001 1953
1623.220   15116800.577          0.003 2397
1349.206    8923890.593          0.002 2397
1600.756   15704908.245          0.003 2397
1527.103   13039260.383          0.003 2007
1077.848    7110855.874          0.002 2007
 729.426    5149764.725          0.001 2007
 460.727    3631673.681          0.001 2007
 225.887    2010146.291          0.000 2007
   0.000          0.000          0.000 2007
   0.000          0.000          0.000 2008
 529.256    4625895.761          0.001 1962
1007.752   10284684.512          0.002 1962
1329.836   12989185.262          0.003 2336
1096.590    7228440.029          0.002 2336
1449.360   12476677.761          0.003 2341
1532.093   12125840.337          0.002 2344
1236.469    7247760.716          0.001 2344
1521.760   12877284.144          0.003 2344
1415.781   11500470.850          0.002 2350
1563.456   14687041.491          0.003 2350
1323.144    7356550.154          0.001 2352
1299.969    7426205.857          0.001 2352
1454.613   14214666.111          0.003 2356
1230.346    6889426.433          0.001 2356
1560.276   14112144.148          0.003 2362
1592.914   14845159.778          0.003 2362
1469.194   11599363.601          0.002 2362
1431.523   11512416.956          0.002 2362
1473.005   14829204.291          0.003 2369
1200.226    8906883.527          0.002 2369
1416.320   11806658.587          0.002 2369
1487.973   13143896.611          0.003 2370
1202.270    8551216.702          0.002 2374
 933.808    5910047.470          0.001 2374
1211.789    7863040.223          0.002 2374
1480.983   11462660.518          0.002 2374
1620.975   16174502.949          0.003 2374
1527.601   10971095.661          0.002 2380
1525.184   11017867.229          0.002 2380
1650.335    2463067.042          0.000 2039
1650.335          0.000          0.000 2039
1451.669   11034633.527          0.002 2388
1110.698    6281366.156          0.001 2388
1422.019   12731210.374          0.003 2388
1431.079   10160166.970          0.002 2388
1436.914   11506740.106          0.002 2394
1254.834    8018208.490          0.002 2397
1095.075    6277451.865          0.001 2397
1316.767   11115911.461          0.002 2397
1475.672   14532841.404          0.003 2007
 954.931    7566098.538          0.002 2007
 494.693    5468204.906          0.001 2052
 116.895    1355952.090          0.000 2052
   0.000          0.000          0.000 2052
   0.000          0.000          0.000 2053
 488.990    5319523.198          0.001 2053
 879.651   10468456.493          0.002 2053
1083.212   11048708.612          0.002 1962
1148.776    8059497.128          0.002 2336
 983.729    7329875.886          0.002 2336
1139.164    8596266.788          0.002 2336
1161.134    9367413.626          0.002 2341
1281.306   11388380.955          0.002 2344
 756.564    4794672.848          0.001 2344
1190.514    8909396.724          0.002 2344
1261.579   11005223.859          0.002 2350
1183.864    9178476.570          0.002 2350
 831.025    5294378.887          0.001 2352
1219.787   10556651.700          0.002 2352
1317.192    9581792.407          0.002 2356
1468.364   12142283.401          0.002 2356
1196.952    8024921.158          0.002 2362
 904.164    6185420.595          0.001 2362
1161.345   10363883.476          0.002 2362
1333.059   15082252.108          0.003 2362
 745.360    5422368.052          0.001 2369
 886.272    6913457.720          0.001 2369
1183.055    9582198.494          0.002 2370
 896.980    6342102.419          0.001 2374
 515.824    4071582.718          0.001 2374
1052.535    7274078.599          0.001 2374
1356.059   15180158.650          0.003 2378
1344.339   11851801.378          0.002 2378
1320.956   11222407.366          0.002 2380
1043.602    6773221.980          0.001 2380
1486.205   13251529.054          0.003 2380
1507.726   14636281.468          0.003 2388
 886.945    5979435.991          0.001 2388
 792.813    5117698.428          0.001 2388
1122.719    9191012.702          0.002 2388
1071.457    7361615.358          0.002 2388
1193.576    9053300.714          0.002 2394
1230.518   12423305.017          0.003 2394
1015.299   11987101.225          0.003 2397
 594.743    4490620.740          0.001 2397
1180.392    9160672.275          0.002 2397
1337.702   13217319.082          0.003 2007
1021.572   14608157.225          0.003 2052
 728.434    9747588.189          0.002 2148
 266.837    3108916.578          0.001 2099
   0.000          0.000          0.000 2099
   0.000          0.000          0.000 2100
 174.582    1841418.242          0.000 2100
 699.814    6699643.670          0.002 2100
1001.351    9456548.888          0.002 2100
1115.713   10788146.143          0.002 2336
 564.428    4483110.759          0.001 2336
 666.780    4693928.787          0.001 2336
 999.297   12954081.453          0.003 2341
 928.193    7746676.319          0.002 2341
1017.987   11336076.326          0.002 2344
1001.622    9871637.391          0.002 2344
1085.076   11972230.924          0.003 2347
 831.853    6322433.104          0.001 2350
 838.290    6370273.707          0.001 2350
 678.944    4674065.182          0.001 2352
 840.643    6854140.195          0.001 2352
1056.242    7888645.169          0.002 2356
 721.814    4130791.048          0.001 2356
 984.888    7527510.561          0.002 2356
1289.872   15898218.033          0.003 2362
 718.084    5178439.212          0.001 2362
 817.131    6142204.908          0.001 2362
1026.318    8015132.590          0.002 2369
 526.561    4367964.802          0.001 2369
 648.879    5421729.452          0.001 2369
1079.150   12255832.031          0.003 2369
 920.081    7714039.918          0.002 2370
1046.594   11356131.320          0.002 2370
 698.816    9011652.471          0.002 2374
 905.710    8453938.942          0.002 2374
1077.909   11097900.268          0.002 2378
1040.007   11511134.030          0.002 2380
 721.856    5343067.286          0.001 2380
1217.192   12410588.188          0.003 2380
1395.414   15951365.678          0.003 2380
1286.933   16133392.461          0.003 2388
 915.238    7941414.985          0.002 2388
 504.567    3927854.923          0.001 2388
 820.085    8452289.979          0.002 2388
1024.734    8429494.201          0.002 2394
 868.984    6730881.469          0.001 2394
 905.031   11544386.262          0.003 2394
 420.363    3639331.397          0.001 2397
 888.901    9518181.598          0.002 2397
1274.056   14811703.168          0.003 2403
1120.489   14472360.111          0.003 2148
 690.764    6894827.732          0.002 2148
 151.207    1612575.987          0.000 2148
   0.000          0.000          0.000 2148
   0.000          0.000          0.000 2149
 541.562    5976125.484          0.001 2194
 853.237    8921320.630          0.002 2332
 906.976   11736907.950          0.003 2336
 315.618    2924315.853          0.001 2336
 667.116    7012921.500          0.002 2336
 525.643    5030391.899          0.001 2341
 707.084    7031942.768          0.002 2341
 351.030    3080374.270          0.001 2344
 755.397    7516240.495          0.002 2344
 679.099    6751524.310          0.002 2347
 437.664    4028398.208          0.001 2350
 722.745    8592707.960          0.002 2352
 352.191    3117889.294          0.001 2352
 950.769   11371591.644          0.002 2352
 500.240    3382048.665          0.001 2356
1020.411   13796427.221          0.003 2356
 928.398    8573601.869          0.002 2362
 420.092    3554444.427          0.001 2362
 830.585    7478551.404          0.002 2362
 878.220   11379441.205          0.002 2369
 314.332    3039966.121          0.001 2369
 778.563    9691731.030          0.002 2369
 528.364    4992079.146          0.001 2370
 744.051    8265678.076          0.002 2374
 257.416    2705876.516          0.001 2374
 634.821    6490354.138          0.001 2374
 953.626   10768310.717          0.002 2374
 725.342    6021144.550          0.001 2378
 699.690   10477434.304          0.002 2380
 561.379    4456318.422          0.001 2380
 926.423    9252003.505          0.002 2380
1071.281    9256154.327          0.002 2384
 655.772    5466103.008          0.001 2388
 371.865    3260527.436          0.001 2388
1015.516   11181926.866          0.002 2394
 540.041    4724626.489          0.001 2394
 750.426    8377908.491          0.002 2397
 285.713    2768170.742          0.001 2397
 883.952    9129636.887          0.002 2397
 810.942    7937901.631          0.002 2403
 974.900   10904945.346          0.003 2403
 748.688   10750867.642          0.003 2148
 311.467    3450369.987          0.001 2193
   0.000          0.000          0.000 2193
   0.000          0.000          0.000 2194
 190.730    2029934.961          0.000 2194
 654.698    7042958.068          0.002 2194
 863.809    7884252.399          0.002 2332
 526.489    6826381.247          0.002 2334
 263.718    2497496.048          0.001 2336
 783.167   14213462.279          0.003 2341
 327.384    3434506.641          0.001 2341
 597.690    7467499.512          0.002 2341
 224.973    2175758.272          0.000 2344
 713.442   10328485.778          0.002 2344
 452.217    4630979.596          0.001 2347
 260.022    2690848.735          0.001 2350
 610.510    6470470.882          0.001 2350
 235.122    2224076.121          0.000 2352
 712.502    8587107.390          0.002 2352
 674.338    7228335.759          0.002 2356
 332.249    2591689.645          0.001 2356
 594.916    5721433.567          0.001 2356
 813.994    9761340.436          0.002 2358
 393.711    4106493.542          0.001 2362
 499.203    5187502.221          0.001 2362
 694.495    7598319.963          0.002 2365
 243.733    2435597.523          0.001 2369
 639.988    9978952.997          0.002 2369
 837.878   10207144.210          0.002 2370
 809.620   14574172.471          0.003 2374
 173.477    1941295.568          0.000 2374
 577.316    7833055.814          0.002 2374
 346.469    3328633.404          0.001 2378
 358.012    3217672.454          0.001 2380
 401.167    3726236.477          0.001 2380
 726.042    6827465.432          0.002 2384
 737.274    6549566.592          0.001 2384
 927.920   10833653.579          0.002 2388
 223.581    2208413.626          0.000 2388
 905.965    9090614.160          0.002 2388
 802.911    9423885.424          0.002 2392
 364.396    3847893.418          0.001 2394
 652.833    7731667.229          0.002 2394
 199.495    2037114.942          0.000 2397
 474.846    4740521.998          0.001 2397
 881.030    7884223.633          0.002 2399
 537.623    6809930.153          0.002 2403
 448.979    4759173.543          0.001 2403
 690.600    8449895.604          0.002 2240
   0.000          0.000          0.000 2240
   0.000          0.000          0.000 2241
 558.069    9372819.344          0.002 2241
 306.345    3027871.423          0.001 2332
 607.927    6908931.992          0.002 2332
 146.219    1479956.444          0.000 2336
 566.268    7387756.444          0.002 2339
 176.789    1919124.852          0.000 2341
 121.288    1243270.736          0.000 2344
 601.219    7207700.936          0.002 2347
 180.252    1934778.218          0.000 2350
 626.738    7565640.443          0.002 2352
 500.907    5793093.755          0.001 2354
 328.679    3633623.101          0.001 2356
 184.927    1684229.701          0.000 2356
 486.799    5660919.654          0.001 2358
 680.548    8944352.623          0.002 2360
 143.446    1594146.160          0.000 2362
 637.124    9863413.313          0.002 2364
 417.147    4553666.910          0.001 2365
 153.467    1610895.818          0.000 2369
 223.788    2420965.886          0.001 2370
 448.035    5173962.953          0.001 2372
 118.280    1355099.750          0.000 2374
 649.655    8023468.411          0.002 2376
 232.765    2349720.165          0.001 2378
 251.535    3126765.232          0.001 2380
 178.334    1845939.274          0.000 2380
 423.643    5183970.628          0.001 2382
 327.416    3235824.494          0.001 2384
 620.574    7622889.242          0.002 2387
 122.002    1305564.111          0.000 2388
 689.853   10273726.189          0.002 2388
 463.827    5324437.388          0.001 2391
 431.189    4851465.007          0.001 2392
 192.047    2090313.247          0.000 2394
 589.677    6336718.775          0.001 2397
 133.139    1397534.194          0.000 2397
 397.486    3531117.058          0.001 2399
 635.453    8143866.306          0.002 2400
 616.366    6660706.806          0.002 2403
 214.676    2388123.628          0.001 2403
 585.834    9163723.289          0.002 2283
   0.000          0.000          0.000 2283
   0.000          0.000          0.000 2284
 296.613    3021428.003          0.001 2330
 167.743    1674816.568          0.000 2332
 188.107    2231558.511          0.001 2334
  70.949     747335.870          0.000 2336
 423.256    4668511.446          0.001 2338
 326.195    3377869.207          0.001 2340
 103.811    1130201.605          0.000 2341
 301.138    2884310.760          0.001 2343
 480.316    6540673.986          0.002 2345
 363.492    4577195.813          0.001 2346
 136.602    1480788.923          0.000 2347
 329.012    3602687.021          0.001 2349
  97.214    1073785.054          0.000 2350
  53.259     599673.333          0.000 2352
 190.529    2057715.893          0.001 2354
  60.076     643285.979          0.000 2356
 147.356    1630043.266          0.000 2358
 201.714    2154817.160          0.001 2360
  48.859     559086.144          0.000 2362
 358.656    4069099.565          0.001 2363
 161.076    1731657.551          0.000 2365
 343.538    3624701.852          0.001 2367
  56.806     641133.224          0.000 2369
 120.789    1323100.258          0.000 2370
 185.888    2002688.675          0.000 2372
  48.674     571132.335          0.000 2374
 213.217    2267736.567          0.001 2376
 119.483    1257248.655          0.000 2378
  74.527     826163.885          0.000 2380
 175.027    1922895.161          0.000 2382
 121.044    1272118.903          0.000 2384
 324.550    3318189.519          0.001 2386
  47.311     533392.600          0.000 2388
 343.498    4026871.377          0.001 2390
 140.010    1501639.056          0.000 2392
  89.941     989210.537          0.000 2394
 422.523    5099176.576          0.001 2397
  48.476     530076.343          0.000 2397
 179.794    1679139.902          0.000 2399
 324.463    3290666.055          0.001 2401
 100.978    1094002.339          0.000 2403
 387.413    4494009.105          0.001 2405
   0.000          0.000          0.000 2327
   0.000          0.000          0.000 2328
   0.000          0.000          0.000 2329
   0.000          0.000          0.000 2330
   0.000          0.000          0.000 2331
   0.000          0.000          0.000 2332
   0.000          0.000          0.000 2333
   0.000          0.000          0.000 2334
   0.000          0.000          0.000 2335
   0.000          0.000          0.000 2336
   0.000          0.000          0.000 2337
   0.000          0.000          0.000 2338
   0.000          0.000          0.000 2339
   0.000          0.000          0.000 2340
   0.000          0.000          0.000 2341
   0.000          0.000          0.000 2342
   0.000          0.000          0.000 2343
   0.000          0.000          0.000 2344
   0.000          0.000          0.000 2345
   0.000          0.000          0.000 2346
   0.000          0.000          0.000 2347
   0.000          0.000          0.000 2348
   0.000          0.000          0.000 2349
   0.000          0.000          0.000 2350
   0.000          0.000          0.000 2351
   0.000          0.000          0.000 2352
   0.000          0.000          0.000 2353
   0.000          0.000          0.000 2354
   0.000          0.000          0.000 2355
   0.000          0.000          0.000 2356
   0.000          0.000          0.000 2357
   0.000          0.000          0.000 2358
   0.000          0.000          0.000 2359
   0.000          0.000          0.000 2360
   0.000          0.000          0.000 2361
   0.000          0.000          0.000 2362
   0.000          0.000          0.000 2363
   0.000          0.000          0.000 2364
   0.000          0.000          0.000 2365
   0.000          0.000          0.000 2366
   0.000          0.000          0.000 2367
   0.000          0.000          0.000 2368
   0.000          0.000          0.000 2369
   0.000          0.000          0.000 2370
   0.000          0.000          0.000 2371
   0.000          0.000          0.000 2372
   0.000          0.000          0.000 2373
   0.000          0.000          0.000 2374
   0.000          0.000          0.000 2375
   0.000          0.000          0.000 2376
   0.000          0.000          0.000 2377
   0.000          0.000          0.000 2378
   0.000          0.000          0.000 2379
   0.000          0.000          0.000 2380
   0.000          0.000          0.000 2381
   0.000          0.000          0.000 2382
   0.000          0.000          0.000 2383
   0.000          0.000          0.000 2384
   0.000          0.000          0.000 2385
   0.000          0.000          0.000 2386
   0.000          0.000          0.000 2387
   0.000          0.000          0.000 2388
   0.000          0.000          0.000 2389
   0.000          0.000          0.000 2390
   0.000          0.000          0.000 2391
   0.000          0.000          0.000 2392
   0.000          0.000          0.000 2393
   0.000          0.000          0.000 2394
   0.000          0.000          0.000 2395
   0.000          0.000          0.000 2396
   0.000          0.000          0.000 2397
   0.000          0.000          0.000 2398
   0.000          0.000          0.000 2399
   0.000          0.000          0.000 2400
   0.000          0.000          0.000 2401
   0.000          0.000          0.000 2402
   0.000          0.000          0.000 2403
   0.000          0.000          0.000 2404
   0.000          0.000          0.000 2405
   0.000          0.000          0.000 2406
   0.000          0.000          0.000 2407
 551.473    5085141.773          0.001   72
 663.356    8649104.868          0.002    7
 437.564    3811536.041          0.001  538
 232.181    2201401.500          0.000  538
 616.799    5512478.219          0.001   26
 645.480    4824935.998          0.001 2388
 712.434    6816396.590          0.001 1113
 498.311    3488205.895          0.001 1113
 666.381    6929025.970          0.001 1113
 548.559    5196621.572          0.001   15
1133.800    7924451.354          0.002 2369
 862.734    5711069.687          0.001 2397
1148.832    6651856.866          0.001 2344
 620.674    5729113.241          0.001 2378
1432.124   10605301.278          0.002   26
1419.948   10039596.827          0.002   26
1447.621    9870034.863          0.002 1113
1445.706    9877043.116          0.002 1113
