   0.000          0.000          0.000    1
   0.000          0.000          0.000    2
   0.000          0.000          0.000    3
   0.000          0.000          0.000    4
   0.000          0.000          0.000    5
   0.000          0.000          0.000    6
   0.000          0.000          0.000    7
   0.000          0.000          0.000    8
   0.000          0.000          0.000    9
   0.000          0.000          0.000   10
   0.000          0.000          0.000   11
   0.000          0.000          0.000   12
   0.000          0.000          0.000   13
   0.000          0.000          0.000   14
   0.000          0.000          0.000   15
   0.000          0.000          0.000   16
   0.000          0.000          0.000   17
   0.000          0.000          0.000   18
   0.000          0.000          0.000   19
   0.000          0.000          0.000   20
   0.000          0.000          0.000   21
   0.000          0.000          0.000   22
   0.000          0.000          0.000   23
   0.000          0.000          0.000   24
   0.000          0.000          0.000   25
   0.000          0.000          0.000   26
   0.000          0.000          0.000   27
   0.000          0.000          0.000   28
   0.000          0.000          0.000   29
   0.000          0.000          0.000   30
   0.000          0.000          0.000   31
   0.000          0.000          0.000   32
   0.000          0.000          0.000   33
   0.000          0.000          0.000   34
   0.000          0.000          0.000   35
   0.000          0.000          0.000   36
   0.000          0.000          0.000   37
   0.000          0.000          0.000   38
   0.000          0.000          0.000   39
   0.000          0.000          0.000   40
   0.000          0.000          0.000   41
   0.000          0.000          0.000   42
   0.000          0.000          0.000   43
   0.000          0.000          0.000   44
   0.000          0.000          0.000   45
   0.000          0.000          0.000   46
   0.000          0.000          0.000   47
   0.000          0.000          0.000   48
   0.000          0.000          0.000   49
   0.000          0.000          0.000   50
   0.000          0.000          0.000   51
   0.000          0.000          0.000   52
   0.000          0.000          0.000   53
   0.000          0.000          0.000   54
   0.000          0.000          0.000   55
   0.000          0.000          0.000   56
   0.000          0.000          0.000   57
   0.000          0.000          0.000   58
   0.000          0.000          0.000   59
   0.000          0.000          0.000   60
   0.000          0.000          0.000   61
   0.000          0.000          0.000   62
   0.000          0.000          0.000   63
   0.000          0.000          0.000   64
   0.000          0.000          0.000   65
   0.000          0.000          0.000   66
   0.000          0.000          0.000   67
   0.000          0.000          0.000   68
   0.000          0.000          0.000   69
   0.000          0.000          0.000   70
   0.000          0.000          0.000   71
   0.000          0.000          0.000   72
   0.000          0.000          0.000   73
   0.000          0.000          0.000   74
   0.000          0.000          0.000   75
   0.000          0.000          0.000   76
   0.000          0.000          0.000   77
   0.000          0.000          0.000   78
   0.000          0.000          0.000   79
   0.000          0.000          0.000   80
   0.000          0.000          0.000   81
 765.016   12418536.317          0.003    5
 176.065    1540565.213          0.000    5
 174.355    1578616.556          0.000    7
 324.799    3290199.610          0.001    8
 432.364    4398964.707          0.001   10
 203.932    1963228.413          0.000   10
 267.513    2240136.560          0.001   12
 238.740    2002646.135          0.000   13
 215.124    1632302.933          0.000   15
 195.785    1873230.906          0.000   17
 361.520    4230747.414          0.001   19
 136.239     983613.163          0.000   20
 683.539    8544517.660          0.002   20
 225.557    1921975.970          0.000   24
 432.463    6094937.955          0.002   25
 125.491    1176505.949          0.000   26
 724.049    9527983.249          0.002   26
 194.915    1657104.528          0.000   30
 230.578    2025428.839          0.001   32
 360.232    4245553.849          0.001   34
 111.435     923968.268          0.000   35
 191.376    1673354.723          0.000   37
 728.279    9242196.276          0.002   41
 109.585    1012471.666          0.000   41
 253.227    2256891.256          0.001   43
 273.869    2480412.969          0.001   45
 147.824    1273524.114          0.000   47
 229.863    1987749.869          0.000   49
 267.272    2493605.437          0.001   51
 147.041    1453514.428          0.000   52
 222.284    1735053.758          0.000   54
 210.428    1952260.415          0.000   56
 208.112    1743538.713          0.000   58
 148.489    1366137.978          0.000   60
 283.057    2574462.296          0.001   60
 144.325    1266691.295          0.000   63
 195.820    1438269.833          0.000   65
 723.582    9221481.701          0.002   69
 172.013    1358093.647          0.000   69
 341.571    3779017.867          0.001   71
 191.801    1613718.202          0.000   72
 242.094    2287657.458          0.001   74
 218.291    1962056.701          0.001   76
 251.834    2213576.488          0.001   78
   0.000          0.000          0.000  126
   0.000          0.000          0.000  127
 538.476    4909680.996          0.001  127
 444.445    3962162.034          0.001    5
 397.288    3560206.589          0.001    7
 594.514    6561639.069          0.002   10
 656.911    7117461.644          0.002   10
 669.120    6440848.133          0.002   12
 514.232    5773085.114          0.001   17
 626.480    6146096.693          0.002   17
 392.902    2504182.566          0.001   20
 759.902    9570016.907          0.002   20
 674.280    5859234.944          0.001   24
 439.607    4672211.269          0.001   26
 257.815    2309284.985          0.001   26
 809.564   15545346.539          0.004   26
 683.275    6477238.578          0.002   30
 544.773    4492680.427          0.001   30
 720.246    7492610.481          0.002   32
 390.435    2403971.921          0.001   35
 659.592    6177722.699          0.001   35
 670.011    6408104.821          0.002   37
 667.073    9193634.520          0.002   41
 278.971    2312026.499          0.001   41
 522.928    4367527.964          0.001   43
 602.628    5290629.099          0.001   45
 475.494    3432125.676          0.001   47
 564.198    4864030.213          0.001   49
 650.562    5886681.525          0.001   49
 283.053    2753771.034          0.001   52
 397.043    3491303.731          0.001   56
 633.731    6593752.465          0.002   56
 677.043    6345300.468          0.002   58
 419.257    3797082.873          0.001   60
 384.707    3177273.192          0.001   63
 510.901    3167459.755          0.001   65
 752.627    8327597.774          0.002   65
 484.870    3279779.694          0.001   69
 645.543    5485762.497          0.001   69
 391.009    3143893.230          0.001   72
 680.804    7298222.920          0.002   74
 555.822    4943687.753          0.001   76
 730.704   10642069.781          0.003   78
 246.965    2226593.279          0.001  170
   0.000          0.000          0.000  170
   0.000          0.000          0.000  171
 563.994    5824569.253          0.001  171
 798.173    8759617.067          0.002    5
 736.118    6733344.593          0.002    7
 850.540    5418540.370          0.001  223
 850.294    3597104.762          0.001  225
 741.054    7539859.097          0.002   13
 674.520    4968416.647          0.001   15
 850.248   12239685.020          0.003   20
 846.931    7975703.269          0.002   20
 794.701    8710152.502          0.002   20
 789.381    7234066.927          0.002   20
 812.218    8984497.053          0.002   24
 629.417    6553944.997          0.002   26
 430.725    3814249.534          0.001   26
 750.648    8083610.163          0.002   26
 730.813    7807907.687          0.002   30
 846.088   12113291.298          0.003   35
 814.333    7549884.530          0.002   35
 657.994    4047695.730          0.001   35
 687.949    6435602.235          0.002   35
 791.914    5712322.389          0.001   35
 845.038   10193836.749          0.002   35
 792.976    9376862.041          0.002   41
 612.421    6376778.559          0.002   41
 779.663    8669388.761          0.002   41
 850.318    3959600.734          0.001  244
 741.576    6877216.858          0.002   47
 842.193   10377744.472          0.002   47
 850.213    4542521.131          0.001  247
 519.355    5429122.765          0.001   52
 511.738    5553600.756          0.001   52
 662.183    8259162.210          0.002   52
 771.603    7896452.485          0.002   56
 850.540          0.000          0.000  205
 826.336   10767842.415          0.003   60
 791.066    8328523.215          0.002   63
 807.306    5180511.252          0.001   65
 850.298    4226522.112          0.001  258
 841.903    8381871.847          0.002   69
 804.169    8943111.991          0.002   69
 658.010    4898107.209          0.001   72
 850.230    4457582.370          0.001  214
 850.228          0.000          0.000  214
 746.006    9545522.550          0.002  170
 358.927    4076478.727          0.001  217
   0.000          0.000          0.000  217
   0.000          0.000          0.000  218
 386.991    3118492.980          0.001  218
 597.957    4995747.875          0.001  218
 742.436    7069983.040          0.002  218
 820.163    9848414.732          0.002  218
 850.501          0.000          0.000  223
 850.234    5080784.895          0.001  271
 850.292          0.000          0.000  225
 850.327          0.000          0.000  226
 820.677    8491308.022          0.002   15
 850.248   12502104.567          0.003   20
 841.017    8360760.708          0.002   20
 850.364          0.000          0.000  230
 850.364    3427511.188          0.001  230
 850.327    6429810.096          0.001  280
 601.076    5798594.407          0.001   26
 821.462    8743108.723          0.002   26
 850.383    6149355.605          0.001  284
 850.383    2291252.818          0.001  284
 850.516    6524731.808          0.001  335
 802.789    6540323.552          0.002   35
 842.414    8559583.128          0.002   35
 850.457    3493300.126          0.001  241
 850.457          0.000          0.000  241
 850.239    4116061.079          0.001  291
 850.373    4028929.187          0.001  244
 850.318          0.000          0.000  244
 850.318    4498468.431          0.001  244
 823.587    9823167.389          0.002   47
 850.213          0.000          0.000  247
 850.260    9440618.660          0.002  247
 850.446    5562083.511          0.001  297
 736.506    7457616.009          0.002   52
 850.364    6824132.143          0.002  301
 850.394    5727750.508          0.001  301
 850.291    5840307.658          0.001  255
 850.278    2065825.100          0.000  255
 850.277          0.000          0.000  255
 835.284   10860595.985          0.003   63
 848.668    8726681.243          0.002   65
 850.298          0.000          0.000  258
 850.303          0.000          0.000  259
 826.284    9524891.825          0.002   72
 850.338    6208154.276          0.001  359
 850.228    2136636.427          0.000  214
 821.011   11596272.259          0.003  316
 681.099    6728969.686          0.002  316
   0.000          0.000          0.000  265
   0.000          0.000          0.000  266
 545.184    5153500.575          0.001  266
 831.300   11947203.082          0.003  218
 844.347   13086102.273          0.003  218
 850.501    2702032.716          0.001  223
 850.175          0.000          0.000  271
 850.108    7405944.338          0.002  371
 850.212    4788542.833          0.001  274
 850.166          0.000          0.000  274
 850.295          0.000          0.000  275
 850.295    1470305.462          0.000  275
 850.364    2795690.066          0.001  230
 850.326    4927200.863          0.001  329
 850.310    2338461.233          0.001  280
 850.310          0.000          0.000  280
 850.505    4358516.351          0.001  282
 850.505          0.000          0.000  282
 850.383    5120448.887          0.001  284
 850.383          0.000          0.000  284
 850.383    2366783.733          0.001  284
 850.495    2898657.838          0.001  335
 840.815    8952927.124          0.002   35
 850.222          0.000          0.000  288
 850.222    3525702.122          0.001  288
 850.469    3135708.272          0.001  241
 850.237          0.000          0.000  291
 850.224    3188001.223          0.001  340
 850.318    1615456.890          0.000  244
 850.318    3037120.047          0.001  244
 850.318    4645912.373          0.001  244
 850.457    2920278.789          0.001  297
 850.446          0.000          0.000  297
 850.389    6950297.978          0.002  346
 850.389    3290724.287          0.001  346
 850.364    2333621.771          0.001  301
 850.364          0.000          0.000  301
 850.364    2153020.730          0.000  301
 850.305    5541326.194          0.001  255
 850.277    2011614.951          0.000  255
 850.277    5787693.390          0.001  255
 850.331    4473441.766          0.001  353
 850.331    2784031.456          0.001  353
 850.331    5642904.570          0.001  353
 850.469    6471947.444          0.001  356
 850.537    7116803.683          0.002  356
 850.356    6620433.985          0.002  359
 850.338    2669389.794          0.001  359
 850.245    4846480.791          0.001  214
 763.077    8706411.313          0.002  316
 231.333    1981083.246          0.000  316
   0.000          0.000          0.000  316
   0.000          0.000          0.000  317
 583.022    7704465.603          0.002  317
 850.289          0.000          0.000  319
 850.357    3167543.694          0.001  321
 850.355          0.000          0.000  321
 850.175    2934796.747          0.001  271
 850.175    4714562.459          0.001  271
 850.104    1730069.251          0.000  371
 850.166    3270497.432          0.001  274
 850.328    3455398.246          0.001  275
 850.296    5684112.135          0.001  275
 850.384    5888256.503          0.001  230
 850.280          0.000          0.000  329
 850.280    3563537.742          0.001  329
 850.367    3963761.324          0.001  379
 850.522    4478256.343          0.001  282
 850.319          0.000          0.000  333
 850.392    4697795.512          0.001  284
 850.495          0.000          0.000  335
 850.312    5430971.753          0.001  288
 850.222    4057678.738          0.001  288
 850.257    4766413.549          0.001  387
 850.255    2994045.690          0.001  291
 850.216          0.000          0.000  340
 850.360    5378891.565          0.001  244
 850.318    6471752.458          0.001  244
 850.298    4938671.249          0.001  393
 850.406    5199669.939          0.001  346
 850.389    1574902.717          0.000  346
 850.389          0.000          0.000  346
 850.127    5633315.176          0.001  396
 850.461    3404484.862          0.001  349
 850.446          0.000          0.000  349
 850.446    4683741.896          0.001  349
 850.277    5953848.319          0.001  255
 850.331    3323034.096          0.001  353
 850.331          0.000          0.000  353
 850.351    6556137.317          0.001  353
 850.469    3142154.771          0.001  356
 850.468          0.000          0.000  356
 850.469    1690741.170          0.000  356
 850.338    3476678.732          0.001  359
 850.338          0.000          0.000  359
 850.338    3179421.915          0.001  359
 850.385    3557531.923          0.001  407
 613.935    6236473.551          0.001  363
   0.000          0.000          0.000  363
   0.000          0.000          0.000  364
 626.038    6196596.400          0.001  364
 850.294    3639210.281          0.001  319
 849.570   11242162.622          0.003  504
 850.320    6478442.138          0.001  417
 850.320    2761686.270          0.001  417
 850.129    3534850.513          0.001  371
 850.104          0.000          0.000  371
 850.256    5249005.047          0.001  373
 850.256          0.000          0.000  373
 850.256    3289477.032          0.001  373
 850.360    7022905.048          0.002  469
 850.309    4898562.818          0.001  329
 850.280    3633055.742          0.001  329
 850.361    2949995.728          0.001  379
 850.361          0.000          0.000  379
 850.295          0.000          0.000  380
 850.329    3363385.410          0.001  333
 850.378    4320349.572          0.001  429
 850.378    2791468.279          0.001  429
 850.262          0.000          0.000  384
 850.279    5741410.824          0.001  478
 850.261    3352127.507          0.001  387
 850.256          0.000          0.000  387
 850.237          0.000          0.000  388
 850.237    3407554.968          0.001  388
 850.324    5899191.293          0.001  483
 850.309          0.000          0.000  391
 850.318    9070420.127          0.002  244
 850.288          0.000          0.000  393
 850.389    5430514.907          0.001  346
 850.449    5432775.827          0.001  442
 850.101          0.000          0.000  396
 850.251    8351040.261          0.002  491
 850.318    5271622.360          0.001  446
 850.345    5953667.826          0.001  353
 850.331    2486464.028          0.001  353
 850.110          0.000          0.000  401
 850.367    4535039.427          0.001  451
 850.469    2737915.334          0.001  356
 850.469    5829353.949          0.001  356
 850.351    2597586.837          0.001  359
 850.385    3178272.078          0.001  407
 850.385          0.000          0.000  407
 850.385    4601004.145          0.001  407
 177.529    1635674.165          0.000  410
   0.000          0.000          0.000  410
   0.000          0.000          0.000  411
 717.217   12395863.013          0.003  411
 844.281   10819124.749          0.002  504
 834.614    6977207.909          0.002  504
 850.332    6728626.644          0.002  417
 850.320    2118761.842          0.000  417
 850.320          0.000          0.000  417
 850.320    3706277.616          0.001  417
 850.174          0.000          0.000  419
 850.303    7438952.026          0.002  373
 850.256    3227077.075          0.001  373
 850.135          0.000          0.000  422
 850.333    3447823.328          0.001  469
 850.222    4613841.106          0.001  470
 850.293    4952878.931          0.001  470
 850.286    2955846.104          0.001  471
 850.312    2705348.295          0.001  380
 850.519    5267413.564          0.001  475
 850.378          0.000          0.000  429
 850.379    5339974.883          0.001  429
 850.300    5561366.412          0.001  478
 850.279    2463730.458          0.001  478
 850.279    5036637.062          0.001  478
 850.256    2019371.240          0.000  387
 850.238    3088440.065          0.001  388
 850.322    4663794.422          0.001  483
 850.322    2101997.556          0.000  483
 850.311    2672270.571          0.001  391
 850.337   12507363.202          0.003  244
 850.288    2665499.835          0.001  393
 850.367    6098855.474          0.001  538
 850.366          0.000          0.000  442
 850.128    5643782.398          0.001  396
 850.251    2727495.671          0.001  491
 850.251    4823530.149          0.001  491
 850.312          0.000          0.000  446
 850.312    2354646.695          0.001  446
 850.350    5838281.632          0.001  545
 850.327    6483120.166          0.001  545
 850.340    3039592.873          0.001  451
 850.340          0.000          0.000  451
 850.481    5703054.313          0.001  356
 850.464    3861342.679          0.001  499
 850.502    4402909.499          0.001  499
 850.352          0.000          0.000  455
 850.385    2803017.001          0.001  407
 632.287    5856213.506          0.001  410
   0.000          0.000          0.000  458
   0.000          0.000          0.000  459
 560.071    5698506.180          0.001  504
 740.901    4837414.956          0.001  504
 849.916   12890172.963          0.003  504
 850.331    4091648.388          0.001  417
 850.325    8994801.396          0.002  417
 850.494   11476213.170          0.003  659
 850.293    4214354.319          0.001  514
 850.138    3313844.261          0.001  422
 850.357    7637701.008          0.002  567
 850.333          0.000          0.000  469
 850.221          0.000          0.000  470
 850.286          0.000          0.000  471
 850.379    7627377.152          0.002  471
 850.466    4935869.445          0.001  521
 850.519    2863360.734          0.001  475
 850.519          0.000          0.000  475
 850.178          0.000          0.000  476
 850.485   11503357.632          0.003  429
 850.279          0.000          0.000  478
 850.188          0.000          0.000  479
 850.189    3435464.110          0.001  479
 850.462    3837003.603          0.001  530
 850.322    2883356.000          0.001  483
 850.322          0.000          0.000  483
 850.322    2590353.204          0.001  483
 850.380    5165879.765          0.001  533
 850.378    2484855.482          0.001  535
 850.333    6352660.462          0.001  538
 850.333    2545927.528          0.001  538
 850.386    3608758.390          0.001  442
 850.271    6104475.819          0.001  589
 850.251          0.000          0.000  491
 850.312    3053639.367          0.001  446
 850.345    8810280.495          0.002  446
 850.327    1756241.490          0.000  545
 850.331    2861861.314          0.001  546
 850.344    3445669.173          0.001  451
 850.104          0.000          0.000  497
 850.464    4160169.897          0.001  499
 850.464          0.000          0.000  499
 850.359    3933020.884          0.001  455
 850.385    5633305.611          0.001  407
 496.688    5943193.534          0.001  555
   0.000          0.000          0.000  503
   0.000          0.000          0.000  504
 101.632     828592.584          0.000  504
 298.224    2129280.100          0.000  504
 801.260    8987837.152          0.002  504
 850.436    3351834.538          0.001  560
 850.477    3554897.368          0.001  510
 850.454          0.000          0.000  510
 850.473    8230997.596          0.002  659
 850.459    7178073.056          0.002  659
 850.293    1731549.451          0.000  514
 850.293          0.000          0.000  514
 850.332    7225559.177          0.002  567
 850.332    4336355.600          0.001  567
 850.381    6626943.681          0.001  567
 850.221    5087813.418          0.001  470
 850.286    3588021.835          0.001  471
 850.466    3740566.053          0.001  521
 850.466          0.000          0.000  521
 850.466    3714868.551          0.001  521
 850.522    3140462.395          0.001  475
 850.342    3086494.936          0.001  574
 850.310    4191348.190          0.001  575
 850.057          0.000          0.000  526
 850.279    3220846.410          0.001  478
 850.313    4904545.587          0.001  578
 850.437    2570310.949          0.001  530
 850.437          0.000          0.000  530
 850.437    7692402.280          0.002  530
 850.327    5234095.290          0.001  483
 850.281          0.000          0.000  533
 850.397    4112226.375          0.001  535
 850.378          0.000          0.000  535
 850.303    6876646.913          0.002  587
 850.254    3228162.646          0.001  587
 850.333          0.000          0.000  538
 850.264    2611781.289          0.001  589
 850.264    3307105.149          0.001  589
 850.251    2474626.825          0.001  491
 850.251    2851516.234          0.001  491
 850.396    2689735.328          0.001  592
 850.327    2644265.835          0.001  545
 850.327          0.000          0.000  545
 850.317          0.000          0.000  546
 850.331    5381718.890          0.001  595
 850.158          0.000          0.000  548
 850.260          0.000          0.000  549
 850.464    3973260.477          0.001  499
 850.419    4803555.035          0.001  599
 849.985   11382064.852          0.003  651
 481.644    4189578.399          0.001  555
 139.878    1391899.814          0.000  555
   0.000          0.000          0.000  555
   0.000          0.000          0.000  556
 548.187    4774450.469          0.001  504
 850.436    7103549.386          0.002  560
 850.430    3220337.285          0.001  560
 850.430          0.000          0.000  560
 850.430    1850297.118          0.000  560
 850.336    5326571.824          0.001  657
 850.459    4231642.362          0.001  659
 850.469    5874877.639          0.001  659
 850.305    3422476.912          0.001  514
 850.205    3095360.678          0.001  614
 850.332          0.000          0.000  567
 850.332    2449250.928          0.001  567
 850.348          0.000          0.000  569
 850.243          0.000          0.000  570
 850.484    3219349.250          0.001  521
 850.410    4339808.801          0.001  573
 850.392          0.000          0.000  573
 850.342          0.000          0.000  574
 850.265          0.000          0.000  575
 850.292    7183828.652          0.002  478
 850.238    3980331.943          0.001  578
 850.238          0.000          0.000  578
 850.472    6348263.086          0.001  530
 850.437    2677455.786          0.001  530
 850.437    3210131.230          0.001  530
 850.377    5956847.622          0.001  628
 850.344    8695008.258          0.002  533
 850.281    1322046.107          0.000  533
 850.200    9061754.440          0.002  681
 850.176    4726142.255          0.001  681
 850.254          0.000          0.000  587
 850.264    3423538.094          0.001  589
 850.264          0.000          0.000  589
 850.293    6234050.904          0.001  491
 850.251    5887221.199          0.001  491
 850.396          0.000          0.000  592
 850.422    4662515.398          0.001  640
 850.357    5047680.796          0.001  640
 850.331          0.000          0.000  595
 850.158    2863156.704          0.001  548
 850.291    4210473.223          0.001  549
 850.466    6385323.912          0.001  499
 850.364          0.000          0.000  599
 844.690    8086654.822          0.002  651
 787.066    5513542.892          0.001  651
 430.253    6859657.440          0.002  603
   0.000          0.000          0.000  603
   0.000          0.000          0.000  604
 600.298    9024601.181          0.002  604
 850.413          0.000          0.000  606
 850.387    6707449.620          0.002  703
 850.235          0.000          0.000  608
 850.235    2737674.487          0.001  608
 850.333    2628926.711          0.001  657
 850.459    4484086.988          0.001  659
 850.459    1857848.645          0.000  659
 850.251    3077817.967          0.001  661
 850.205          0.000          0.000  614
 850.291    5307308.794          0.001  710
 850.332    5727593.459          0.001  567
 850.351    2561061.852          0.001  569
 850.284    3858754.061          0.001  570
 850.342    4246803.422          0.001  668
 850.310    4177696.030          0.001  668
 850.393    3816229.650          0.001  573
 850.415    4575823.087          0.001  574
 850.370    4759553.005          0.001  671
 850.241    3119630.683          0.001  673
 850.238    3689928.609          0.001  578
 850.365    5502950.559          0.001  578
 850.356    4310286.036          0.001  675
 850.377          0.000          0.000  628
 850.377    1506524.245          0.000  628
 850.281    4224540.045          0.001  533
 850.281    8095736.723          0.002  533
 850.176    3986614.437          0.001  681
 850.176    1164489.809          0.000  681
 850.254    2608889.579          0.001  587
 850.168    6103435.668          0.001  731
 850.497    3477642.946          0.001  637
 850.479          0.000          0.000  637
 850.642    3328246.021          0.001  687
 850.191          0.000          0.000  639
 850.357          0.000          0.000  640
 850.357    2204103.355          0.000  640
 850.360    3696819.262          0.001  595
 850.363          0.000          0.000  643
 850.208          0.000          0.000  644
 850.231          0.000          0.000  645
 850.162          0.000          0.000  646
 850.364    2206471.777          0.001  599
 850.364    6451720.256          0.001  599
 423.200    2884289.607          0.001  651
 226.918    1615646.624          0.000  651
   0.000          0.000          0.000  651
   0.000          0.000          0.000  652
 570.035    6384323.898          0.001  652
 850.413    4451617.948          0.001  606
 850.387    3750927.710          0.001  703
 850.239    2464613.535          0.001  608
 850.333          0.000          0.000  657
 850.333    2344596.148          0.001  657
 850.459          0.000          0.000  659
 850.251    4138969.155          0.001  661
 850.251          0.000          0.000  661
 850.215    3850064.358          0.001  614
 850.284    2295960.183          0.001  710
 850.557    3178201.020          0.001  665
 850.549          0.000          0.000  665
 850.066          0.000          0.000  666
 850.240          0.000          0.000  667
 850.310          0.000          0.000  668
 850.263    3012388.240          0.001  716
 850.370    2736161.907          0.001  671
 850.370          0.000          0.000  671
 850.244    3580368.954          0.001  673
 850.237          0.000          0.000  673
 850.239    7680758.684          0.002  578
 850.316          0.000          0.000  675
 850.316    2536405.061          0.001  675
 850.381    4018281.115          0.001  628
 850.398    9821564.066          0.002  533
 850.339          0.000          0.000  679
 850.203    4652226.040          0.001  681
 850.176          0.000          0.000  681
 850.267    5584860.629          0.001  587
 850.180    4827994.632          0.001  731
 850.168    1981890.332          0.000  731
 850.173    5697072.876          0.001  731
 850.647    3579499.019          0.001  687
 850.642          0.000          0.000  687
 850.192    3663212.728          0.001  639
 850.365    5327984.594          0.001  640
 850.357    3405846.020          0.001  640
 850.432    7357241.649          0.002  640
 850.370    3755824.521          0.001  643
 850.208    2398409.694          0.001  644
 850.232    3049368.577          0.001  645
 850.412    4410224.893          0.001  742
 850.381    6191812.079          0.001  599
 763.826    7541275.590          0.002  699
 276.908    2311914.821          0.001  699
   0.000          0.000          0.000  699
   0.000          0.000          0.000  700
 560.983    5015292.648          0.001  700
 850.421    4266130.307          0.001  703
 850.387          0.000          0.000  703
 850.372    3114411.994          0.001  752
 850.333    2454626.948          0.001  657
 850.473    3343571.374          0.001  659
 850.251    4111083.181          0.001  661
 850.262    3458145.942          0.001  661
 850.289    4832271.444          0.001  710
 850.284          0.000          0.000  710
 850.259    3365820.386          0.001  759
 850.299    4588134.069          0.001  761
 850.302    6229477.519          0.001  761
 850.345    4944423.623          0.001  667
 850.255    3121558.397          0.001  716
 850.255          0.000          0.000  716
 850.250    2848204.086          0.001  765
 850.380    2928279.568          0.001  671
 850.336          0.000          0.000  719
 850.237    6109267.586          0.001  673
 850.556    4606788.816          0.001  770
 850.321    6800937.763          0.002  675
 850.414    4309730.330          0.001  771
 850.582          0.000          0.000  724
 850.380    7383962.456          0.002  679
 850.339    3345875.014          0.001  679
 850.350          0.000          0.000  727
 850.274    3756723.531          0.001  729
 850.267          0.000          0.000  729
 850.267    3671402.757          0.001  729
 850.168          0.000          0.000  731
 850.276    3281648.083          0.001  779
 850.325    3755150.875          0.001  780
 850.221    7475538.635          0.002  639
 850.534    2682932.533          0.001  736
 850.534          0.000          0.000  736
 850.534    3940032.502          0.001  736
 850.503    2838598.901          0.001  785
 850.503    4050587.265          0.001  785
 850.383    6074063.153          0.001  742
 850.383    3232324.802          0.001  742
 850.383          0.000          0.000  742
 850.320    5165111.315          0.001  789
 826.475    9826249.022          0.002  747
 734.813    7274261.424          0.002  747
 194.979    1648495.069          0.000  747
   0.000          0.000          0.000  747
   0.000          0.000          0.000  748
 562.660    7261136.257          0.002  793
 850.397    6404736.865          0.001  703
 850.387    2562986.884          0.001  703
 850.370          0.000          0.000  752
 850.363    6361525.033          0.001  657
 850.310          0.000          0.000  754
 850.191    2303802.365          0.001  802
 850.113          0.000          0.000  756
 850.284    1934092.305          0.000  710
 850.241    4433219.614          0.001  759
 850.241          0.000          0.000  759
 850.308    3145746.975          0.001  761
 850.299          0.000          0.000  761
 850.299    2723078.663          0.001  761
 850.360          0.000          0.000  763
 850.262          0.000          0.000  764
 850.249          0.000          0.000  765
 850.249    3171429.491          0.001  765
 850.339    4071383.779          0.001  719
 850.383          0.000          0.000  768
 850.348    4564745.032          0.001  818
 850.522          0.000          0.000  770
 850.391          0.000          0.000  771
 850.583    2885585.835          0.001  724
 850.451    3347844.706          0.001  823
 850.311    3777655.903          0.001  824
 850.504    5026529.799          0.001  825
 850.267    2218858.874          0.000  729
 850.168    3612116.746          0.001  731
 850.274    3370433.661          0.001  779
 850.271          0.000          0.000  779
 850.311          0.000          0.000  780
 850.348    3887031.460          0.001  833
 850.396    6983154.960          0.002  833
 850.534    1708367.147          0.000  736
 850.503    2967182.438          0.001  785
 850.503          0.000          0.000  785
 850.320    8760285.543          0.002  839
 850.312    2077412.356          0.000  839
 850.042          0.000          0.000  788
 850.277          0.000          0.000  789
 729.082   10157574.531          0.002  792
 220.062    2024863.744          0.000  792
   0.000          0.000          0.000  792
   0.000          0.000          0.000  793
 193.696    1891777.641          0.000  793
 705.862    9111056.378          0.002  793
 850.426    5249323.771          0.001  849
 850.373    5923909.203          0.001  752
 850.370    3787886.944          0.001  752
 850.218    3970938.397          0.001  851
 850.356    5102827.111          0.001  754
 850.310    2308637.206          0.001  754
 850.191          0.000          0.000  802
 850.117    3217190.754          0.001  756
 850.284    5017119.343          0.001  710
 850.280    5875165.333          0.001  759
 850.241    2760829.669          0.001  759
 850.241    1956723.652          0.000  759
 850.374    4118369.664          0.001  809
 850.329          0.000          0.000  809
 850.365    3529308.890          0.001  763
 850.262    4591491.893          0.001  764
 850.262    2915022.969          0.001  764
 850.249    3036010.775          0.001  765
 850.353          0.000          0.000  814
 850.353    2163257.383          0.000  814
 850.384    4313225.625          0.001  768
 850.372    3619023.840          0.001  818
 850.348          0.000          0.000  818
 850.522    2237710.190          0.000  770
 850.436    4415768.573          0.001  771
 850.392    4859437.171          0.001  771
 850.434    3097737.719          0.001  823
 850.434          0.000          0.000  823
 850.260          0.000          0.000  824
 850.417          0.000          0.000  825
 850.291    6807149.452          0.002  729
 850.458          0.000          0.000  827
 850.431    4587305.899          0.001  829
 850.431          0.000          0.000  829
 850.271    5692173.339          0.001  779
 850.311    1832162.174          0.000  780
 850.311    6050102.823          0.001  780
 850.343          0.000          0.000  833
 850.343    3270621.113          0.001  833
 850.566    7384941.506          0.002  736
 850.555    5038725.605          0.001  785
 850.315    7649671.298          0.002  839
 850.312    4432172.615          0.001  839
 850.312          0.000          0.000  839
 850.363    5277647.036          0.001  889
 850.512    3974832.840          0.001  842
 850.512          0.000          0.000  842
 714.612    9585568.304          0.002  792
   0.000          0.000          0.000  844
   0.000          0.000          0.000  845
 193.799    1807961.052          0.000  845
 757.595    9787843.724          0.002  845
 850.426    2828414.537          0.001  849
 850.426          0.000          0.000  849
 850.223    3241550.396          0.001  851
 850.218          0.000          0.000  851
 850.254    8917345.075          0.002  948
 850.310    4964572.007          0.001  754
 850.192    2303382.365          0.001  802
 850.497    2509943.537          0.001  901
 850.380    2443523.415          0.001  857
 850.376          0.000          0.000  857
 850.376    5152987.479          0.001  857
 850.242    3546320.492          0.001  759
 850.290    6114106.601          0.001  907
 850.290    4891366.555          0.001  907
 850.268    6889438.040          0.002  764
 850.206          0.000          0.000  863
 850.353    6687675.056          0.001  814
 850.353    5904506.755          0.001  814
 850.400    5966446.649          0.001  814
 850.372    7279631.141          0.002  918
 850.372    5821805.785          0.001  918
 850.305    9114611.796          0.002  919
 850.255    3220997.569          0.001  919
 850.653    3464115.887          0.001  920
 850.525    3419330.279          0.001  921
 850.261    4765259.349          0.001  824
 850.378    7193626.763          0.002  967
 850.370    5324810.498          0.001  876
 850.270          0.000          0.000  876
 850.470    3242324.358          0.001  827
 850.435    5121948.707          0.001  829
 850.432    2916392.023          0.001  829
 850.312    4540145.328          0.001  780
 850.151    2207979.452          0.000  930
 850.474    4423231.234          0.001  932
 850.496    9057291.260          0.002  932
 850.468    5060867.221          0.001  932
 850.302    4824478.611          0.001  934
 850.489    3220216.363          0.001  936
 850.379    5511752.065          0.001  889
 850.363    2493834.685          0.001  889
 850.363          0.000          0.000  889
 850.560    6217540.051          0.001  842
 542.377    5004024.737          0.001  892
   0.000          0.000          0.000  892
   0.000          0.000          0.000  893
 654.208    7927808.020          0.002  893
 850.429    5959352.793          0.001  849
 850.180    7063105.473          0.002  995
 850.218    2986872.613          0.001  851
 850.141    3381006.639          0.001  948
 850.310    6981252.611          0.002  754
 850.382    3615291.719          0.001  951
 850.495          0.000          0.000  901
 850.495    3380315.655          0.001  901
 850.393    4213868.428          0.001  857
 850.376    5345457.347          0.001  857
 850.242    5653234.132          0.001  759
 850.290    2541787.627          0.001  907
 850.290          0.000          0.000  907
 850.290    1847886.003          0.000  907
 850.290    4837549.451          0.001  907
 850.324    6193529.724          0.001  959
 850.315    3245521.529          0.001  959
 850.457    5058272.844          0.001  913
 850.452          0.000          0.000  913
 850.409    8913491.333          0.002  918
 850.372    5240919.759          0.001  918
 850.372    3319644.983          0.001  918
 850.372    1255765.526          0.000  918
 850.372          0.000          0.000  918
 850.255          0.000          0.000  919
 850.651          0.000          0.000  920
 850.511          0.000          0.000  921
 850.381    2616860.598          0.001  967
 850.373    3079532.240          0.001  967
 850.270    5906589.244          0.001  876
 850.270    2918672.504          0.001  876
 850.539    5519690.031          0.001  970
 850.412          0.000          0.000  927
 850.421    5993870.571          0.001 1024
 850.339    7933686.193          0.002 1026
 850.150          0.000          0.000  930
 850.338    3861444.438          0.001  978
 850.468          0.000          0.000  932
 850.468    1395088.123          0.000  932
 850.272          0.000          0.000  934
 850.272    1256679.184          0.000  934
 850.482          0.000          0.000  936
 850.482    2021786.368          0.000  936
 850.371    5638479.936          0.001  889
 850.283    7506118.400          0.002 1033
 768.258    8878006.658          0.002  942
 208.720    1677396.629          0.000  942
   0.000          0.000          0.000  942
   0.000          0.000          0.000  943
 577.544    5372902.489          0.001  943
 850.398    2953141.472          0.001  993
 850.168    2493997.338          0.001  995
 850.049          0.000          0.000  947
 850.141          0.000          0.000  948
 850.142    3403385.753          0.001  948
 850.259    4700345.805          0.001  998
 850.382          0.000          0.000  951
 850.497    6575972.895          0.001  901
 850.269    3361823.856          0.001 1002
 850.242   12695218.173          0.003  759
 850.399   12063519.691          0.003  759
 850.312    3662604.194          0.001  907
 850.299    7232663.180          0.002  907
 850.400    4795453.934          0.001 1007
 850.315          0.000          0.000  959
 850.457    2695403.983          0.001  913
 850.392    7781105.799          0.002 1057
 850.417    7846941.450          0.002  918
 850.396    3177341.624          0.001 1014
 850.256    2655568.235          0.001  919
 850.671    4365894.568          0.001  920
 850.347    4104023.589          0.001 1017
 850.373          0.000          0.000  967
 850.231    3792463.816          0.001 1019
 850.403    9995895.822          0.002 1115
 850.528          0.000          0.000  970
 850.529    2912851.664          0.001  970
 850.413    2186388.694          0.000  927
 850.388    4872261.187          0.001 1024
 850.388    2453105.865          0.001 1024
 850.333    5412819.769          0.001 1026
 850.333    3253184.416          0.001 1026
 850.366    3923975.752          0.001  978
 850.338          0.000          0.000  978
 850.494    5495100.411          0.001  932
 850.279    3072236.726          0.001  934
 850.272    3198143.555          0.001  934
 850.272    5242284.444          0.001  934
 850.482    4752687.655          0.001  936
 850.514    3199122.472          0.001 1032
 850.245    2754359.162          0.001 1033
 830.538    9941301.895          0.002  942
 745.816    7326360.418          0.002  942
 318.343    3440135.131          0.001  989
   0.000          0.000          0.000  989
   0.000          0.000          0.000  990
 613.198    9296758.107          0.002  990
 850.398    4968519.659          0.001  993
 850.398          0.000          0.000  993
 850.170    6483271.356          0.001  995
 850.168          0.000          0.000  995
 850.168    1636732.195          0.000  995
 850.265    6213414.182          0.001 1089
 850.254          0.000          0.000  998
 850.307    3184450.618          0.001 1046
 850.416    4586390.171          0.001  951
 850.307    5696385.002          0.001 1046
 850.249          0.000          0.000 1002
 850.355    2393013.644          0.001 1004
 850.352          0.000          0.000 1004
 850.398          0.000          0.000 1005
 850.373    1988256.081          0.000 1052
 850.396          0.000          0.000 1007
 850.396    2205005.845          0.000 1007
 850.315    2787192.669          0.001  959
 850.283          0.000          0.000 1010
 850.370    3129853.355          0.001 1057
 850.105    3636245.628          0.001 1058
 850.423    4705306.444          0.001 1014
 850.396          0.000          0.000 1014
 850.294          0.000          0.000 1015
 850.418    2773971.349          0.001 1062
 850.300          0.000          0.000 1017
 850.231    3354581.508          0.001 1019
 850.231          0.000          0.000 1019
 850.383    6641097.570          0.001 1115
 850.529    2094334.347          0.000  970
 850.444    5251998.750          0.001 1117
 850.439    7384820.733          0.002 1117
 850.387          0.000          0.000 1024
 850.333    7018929.625          0.002 1026
 850.333          0.000          0.000 1026
 850.338    2490941.105          0.001  978
 850.367    4883288.910          0.001 1073
 850.283    2889562.580          0.001 1075
 850.272    6686918.107          0.001  934
 850.425          0.000          0.000 1031
 850.497          0.000          0.000 1032
 850.245          0.000          0.000 1033
 725.605    7258195.993          0.002 1082
 433.411    5056463.170          0.001 1036
   0.000          0.000          0.000 1036
   0.000          0.000          0.000 1037
 595.555    9228727.285          0.002 1037
 850.398   10397730.000          0.002  993
 850.398    2335624.695          0.001  993
 850.203    2624535.750          0.001 1087
 850.168    3966889.638          0.001  995
 850.270    5468014.047          0.001 1089
 850.246    2065278.007          0.000 1089
 850.255    4437294.850          0.001  998
 850.307          0.000          0.000 1046
 850.307    1863956.772          0.000 1046
 850.340    3819312.897          0.001 1093
 850.605    3102097.095          0.001 1094
 850.333    7201746.044          0.002 1097
 850.403    2545392.229          0.001 1005
 850.373          0.000          0.000 1052
 850.397    2814389.101          0.001 1007
 850.149          0.000          0.000 1054
 850.286    4626437.119          0.001 1010
 850.404    3755840.153          0.001 1057
 850.370          0.000          0.000 1057
 850.102          0.000          0.000 1058
 850.400    3928430.869          0.001 1014
 850.322    3985110.456          0.001 1015
 850.412    1961351.694          0.000 1062
 850.411          0.000          0.000 1062
 850.300    2645368.165          0.001 1017
 850.231    3094974.688          0.001 1019
 850.231    1208704.426          0.000 1019
 850.382    4163547.304          0.001 1115
 850.382    2667707.920          0.001 1115
 850.439    2770263.761          0.001 1117
 850.439    4636235.103          0.001 1117
 850.388    3577340.100          0.001 1024
 850.375    6539866.592          0.001 1167
 850.352    4428488.020          0.001 1026
 850.365          0.000          0.000 1073
 850.365    2889004.640          0.001 1073
 850.283          0.000          0.000 1075
 850.272   11503103.745          0.003  934
 850.466    4747627.782          0.001 1031
 850.497    2759941.695          0.001 1032
 850.245    3061098.673          0.001 1033
 742.464    8561720.588          0.002 1082
 209.377    1769716.563          0.000 1082
   0.000          0.000          0.000 1082
   0.000          0.000          0.000 1083
 591.995    5582260.767          0.001 1083
 850.418    6454252.620          0.001  993
 850.205    2552930.103          0.001 1087
 850.203          0.000          0.000 1087
 850.486    6059527.989          0.001 1139
 850.246          0.000          0.000 1089
 850.258    6602908.851          0.001 1089
 850.307    1647962.003          0.000 1046
 850.307    5679361.326          0.001 1046
 850.340          0.000          0.000 1093
 850.602          0.000          0.000 1094
 850.322    5667460.635          0.001 1097
 850.322    2335929.901          0.001 1097
 850.322          0.000          0.000 1097
 850.322    3385487.781          0.001 1097
 850.271    6480546.100          0.001 1149
 850.245    2090991.727          0.000 1149
 850.164    3763958.289          0.001 1054
 850.266    4891532.448          0.001 1198
 850.380    7016167.052          0.002 1057
 850.370    3164744.376          0.001 1057
 850.102    2146437.099          0.000 1058
 850.363          0.000          0.000 1106
 850.363    3482801.667          0.001 1106
 850.418    6299682.753          0.001 1062
 850.324    3185259.305          0.001 1110
 850.324          0.000          0.000 1110
 850.256    6253546.778          0.001 1019
 850.413    8284314.735          0.002 1115
 850.382    4474249.082          0.001 1115
 850.382    1776674.251          0.000 1115
 850.382          0.000          0.000 1115
 850.486    4900253.188          0.001 1117
 850.438          0.000          0.000 1117
 850.438    1432460.498          0.000 1117
 850.350    7238675.752          0.002 1167
 850.333    2417848.861          0.001 1167
 850.290          0.000          0.000 1121
 850.372    4642725.955          0.001 1073
 850.285    5846336.253          0.001 1075
 850.283    3388903.711          0.001 1075
 850.308    4189003.159          0.001 1075
 850.172    4905488.682          0.001 1172
 850.381    2974025.777          0.001 1174
 850.370    3954939.622          0.001 1176
 850.382    5969344.354          0.001 1176
 745.987    6825077.423          0.002 1132
 310.720    2349708.748          0.001 1132
   0.000          0.000          0.000 1132
   0.000          0.000          0.000 1133
 194.947    1885371.257          0.000 1133
 567.977    5576014.573          0.001 1133
 850.230    8213723.759          0.002 1229
 850.254    2658044.453          0.001 1184
 850.457    2034666.547          0.000 1139
 850.457          0.000          0.000 1139
 850.246    2520521.593          0.001 1089
 850.246    4331165.293          0.001 1089
 850.307    3810631.346          0.001 1046
 850.365    5385922.574          0.001 1093
 850.340    1778856.654          0.000 1093
 850.390    3962940.860          0.001 1191
 850.322    6383794.752          0.001 1097
 850.324    2166694.719          0.000 1097
 850.326    3919724.013          0.001 1195
 850.245          0.000          0.000 1149
 850.295    7685242.957          0.002 1244
 850.318          0.000          0.000 1151
 850.264    2546422.331          0.001 1198
 850.468    4284540.777          0.001 1154
 850.464          0.000          0.000 1154
 850.464    2119942.760          0.000 1154
 850.371    5773850.037          0.001 1106
 850.363    3168241.785          0.001 1106
 850.278    4892716.774          0.001 1205
 850.316    7186200.582          0.002 1207
 850.395    4303047.188          0.001 1110
 850.213    6019648.861          0.001 1255
 850.539          0.000          0.000 1162
 850.403    5240380.218          0.001 1115
 850.309          0.000          0.000 1164
 850.438    3318380.801          0.001 1117
 850.280          0.000          0.000 1166
 850.333          0.000          0.000 1167
 850.292    3846329.696          0.001 1121
 850.182    2869231.446          0.001 1217
 850.086          0.000          0.000 1170
 850.283    6757645.268          0.002 1075
 850.172          0.000          0.000 1172
 850.429    4213921.138          0.001 1174
 850.381          0.000          0.000 1174
 850.370    2999558.714          0.001 1176
 850.370          0.000          0.000 1176
 850.370    3155522.508          0.001 1176
 752.754    9444505.355          0.002 1180
 515.941    5934670.927          0.001 1180
   0.000          0.000          0.000 1180
   0.000          0.000          0.000 1181
 850.221    3580609.590          0.001 1229
 850.280    4253344.716          0.001 1184
 850.253          0.000          0.000 1184
 850.457    4155151.134          0.001 1139
 850.457    4761446.359          0.001 1139
 850.247    7323382.892          0.002 1089
 850.354    7593118.701          0.002 1046
 850.425    5242765.077          0.001 1236
 850.379    2514259.228          0.001 1191
 850.379          0.000          0.000 1191
 850.346    5100831.078          0.001 1239
 850.027          0.000          0.000 1193
 850.234    3216491.694          0.001 1242
 850.326          0.000          0.000 1195
 850.261    2480417.594          0.001 1244
 850.265    3556655.258          0.001 1198
 850.264          0.000          0.000 1198
 850.391    5292383.678          0.001 1296
 850.470    4945511.525          0.001 1154
 850.354          0.000          0.000 1201
 850.487    3878060.062          0.001 1203
 850.487          0.000          0.000 1203
 850.260    1694085.101          0.000 1205
 850.260          0.000          0.000 1205
 850.295    2403438.459          0.001 1207
 850.295          0.000          0.000 1207
 850.206    3356172.536          0.001 1255
 850.206    4248825.630          0.001 1255
 850.403    6686774.317          0.001 1303
 850.270          0.000          0.000 1211
 850.456    7582150.486          0.002 1260
 850.440    2758297.690          0.001 1260
 850.324    3839989.646          0.001 1166
 850.333    2825105.416          0.001 1167
 850.242    5140809.850          0.001 1264
 850.165          0.000          0.000 1217
 850.359    3969996.960          0.001 1266
 850.192    3573953.804          0.001 1172
 850.172    4025805.536          0.001 1172
 850.366          0.000          0.000 1221
 850.427          0.000          0.000 1222
 850.370    3801406.490          0.001 1176
 850.306    3822981.757          0.001 1272
 581.051    7000800.393          0.002 1226
   0.000          0.000          0.000 1226
   0.000          0.000          0.000 1227
 615.866    6678185.591          0.002 1227
 850.220          0.000          0.000 1229
 850.269    6238629.988          0.001 1184
 850.253    2138007.014          0.000 1184
 850.321    3255208.361          0.001 1280
 850.200          0.000          0.000 1233
 850.378    3643930.841          0.001 1283
 850.414    3531289.243          0.001 1236
 850.400          0.000          0.000 1236
 850.400    3267791.368          0.001 1236
 850.379    2175395.171          0.000 1191
 850.330          0.000          0.000 1239
 850.331    2287344.517          0.001 1239
 850.219          0.000          0.000 1241
 850.234          0.000          0.000 1242
 850.345    4223345.023          0.001 1195
 850.261          0.000          0.000 1244
 850.489    4037367.558          0.001 1293
 850.392    5463410.081          0.001 1296
 850.391    2037807.624          0.000 1296
 850.439    4615957.991          0.001 1296
 850.493    6030644.967          0.001 1203
 850.487    2143739.145          0.000 1203
 850.487    3376404.794          0.001 1203
 850.260    2574366.811          0.001 1205
 850.260    5655538.622          0.001 1205
 850.310    3276406.410          0.001 1207
 850.206          0.000          0.000 1255
 850.403    2909905.076          0.001 1303
 850.403    4056997.270          0.001 1303
 850.280    3013627.821          0.001 1211
 850.440    3673210.551          0.001 1260
 850.440          0.000          0.000 1260
 850.060    4543611.856          0.001 1262
 850.052          0.000          0.000 1262
 850.242    3220578.947          0.001 1309
 850.194          0.000          0.000 1264
 850.301    4363681.630          0.001 1266
 850.301          0.000          0.000 1266
 850.386    4040447.470          0.001 1268
 850.380          0.000          0.000 1268
 850.372    2580368.195          0.001 1221
 850.432    2554449.232          0.001 1222
 850.302          0.000          0.000 1271
 850.280          0.000          0.000 1272
 574.304    5121872.444          0.001 1274
   0.000          0.000          0.000 1274
   0.000          0.000          0.000 1275
 630.265    6558588.128          0.002 1275
 850.254    3905303.644          0.001 1229
 850.253    6637093.986          0.002 1184
 850.323    2349635.970          0.001 1280
 850.321          0.000          0.000 1280
 850.321    2801687.720          0.001 1280
 850.407    3484220.680          0.001 1283
 850.378          0.000          0.000 1283
 850.200    4432560.960          0.001 1330
 850.400    3420475.292          0.001 1236
 850.398    5787860.082          0.001 1191
 850.450    7952923.097          0.002 1334
 850.419    4060820.434          0.001 1334
 850.249    4273663.250          0.001 1242
 850.234    1694818.717          0.000 1242
 850.269    3644557.721          0.001 1244
 850.476    2124810.008          0.000 1293
 850.476          0.000          0.000 1293
 850.392    7579059.696          0.002 1296
 850.392    3905038.641          0.001 1296
 850.391          0.000          0.000 1296
 850.574    3097996.147          0.001 1342
 850.496    5320563.410          0.001 1203
 850.487    5629987.892          0.001 1203
 850.176    3586660.097          0.001 1345
 850.091          0.000          0.000 1301
 850.232    4346399.691          0.001 1255
 850.403          0.000          0.000 1303
 850.403    1788013.962          0.000 1303
 850.348    5523857.654          0.001 1350
 850.479    5426126.804          0.001 1260
 850.455    3934073.976          0.001 1260
 850.343    4641754.989          0.001 1355
 850.207          0.000          0.000 1309
 850.362    6408934.761          0.001 1312
 850.345    2967345.966          0.001 1312
 850.345          0.000          0.000 1312
 850.412    6103877.394          0.001 1408
 850.380    3135146.031          0.001 1268
 850.388    5599963.524          0.001 1363
 850.374    3523878.002          0.001 1363
 850.311    2779907.208          0.001 1271
 850.281    4717326.618          0.001 1272
 850.263          0.000          0.000 1319
 679.334    9755948.899          0.002 1321
   0.000          0.000          0.000 1321
   0.000          0.000          0.000 1322
 466.754    3694351.849          0.001 1322
 711.527    6602280.276          0.002 1322
 850.411    3449788.228          0.001 1372
 850.266    5196547.868          0.001 1422
 850.321    3709593.117          0.001 1280
 850.279    7253430.466          0.002 1471
 850.378    3510905.287          0.001 1283
 850.200          0.000          0.000 1330
 850.231    7168550.355          0.002 1330
 850.494    4117558.203          0.001 1380
 850.418    2756488.002          0.001 1334
 850.418          0.000          0.000 1334
 850.418    3033135.220          0.001 1334
 850.235    5808909.208          0.001 1242
 850.380    8043871.989          0.002 1481
 850.410    3368204.256          0.001 1386
 850.416    5574647.136          0.001 1386
 850.293    2523145.128          0.001 1389
 850.574    3011275.794          0.001 1342
 850.574          0.000          0.000 1342
 850.465    4610986.697          0.001 1393
 850.468    2908418.965          0.001 1393
 850.166          0.000          0.000 1345
 850.131    4886601.576          0.001 1301
 850.417    7243899.595          0.002 1303
 850.403    1999989.075          0.000 1303
 850.461    6642899.700          0.001 1303
 850.249          0.000          0.000 1350
 850.527    6895197.024          0.002 1353
 850.490    2439720.222          0.001 1353
 850.490          0.000          0.000 1353
 850.299    2757226.178          0.001 1355
 850.299          0.000          0.000 1355
 850.348    6876887.819          0.002 1355
 850.345    3228445.543          0.001 1312
 850.411    4381482.914          0.001 1408
 850.410    2398152.975          0.001 1408
 850.411    5852628.655          0.001 1408
 850.252          0.000          0.000 1361
 850.374    3271091.682          0.001 1363
 850.374          0.000          0.000 1363
 850.353    4439023.478          0.001 1413
 850.348    6510311.154          0.001 1413
 750.920    7291597.051          0.002 1368
 265.983    2039680.712          0.000 1368
   0.000          0.000          0.000 1368
   0.000          0.000          0.000 1369
 581.799    7591826.282          0.002 1369
 759.741    8800649.949          0.002 1322
 850.411          0.000          0.000 1372
 850.266    2042841.388          0.000 1422
 850.266    5828597.759          0.001 1422
 850.239    5372436.841          0.001 1471
 850.239    2961608.270          0.001 1471
 850.317    6918352.589          0.002 1472
 850.200    4278040.915          0.001 1330
 850.200    2362441.133          0.001 1330
 850.477          0.000          0.000 1380
 850.267          0.000          0.000 1381
 850.421    2958099.328          0.001 1334
 850.452    3554940.791          0.001 1384
 850.439          0.000          0.000 1384
 850.359    5176931.068          0.001 1481
 850.410          0.000          0.000 1386
 850.410    2258749.368          0.001 1386
 850.410    4513069.993          0.001 1386
 850.291          0.000          0.000 1389
 850.291    3050623.982          0.001 1389
 850.581    3309984.233          0.001 1342
 850.465    3459876.146          0.001 1393
 850.465          0.000          0.000 1393
 850.180    5843835.079          0.001 1345
 850.166    2577447.739          0.001 1345
 850.273          0.000          0.000 1396
 850.429    7747391.059          0.002 1303
 850.403    3701178.515          0.001 1303
 850.348    6501944.187          0.001 1496
 850.249    2374700.460          0.001 1350
 850.736    3511708.773          0.001 1450
 850.490    1951048.700          0.000 1353
 850.293          0.000          0.000 1403
 850.299    2746979.572          0.001 1355
 850.254    2554377.003          0.001 1406
 850.254          0.000          0.000 1406
 850.410    4718509.288          0.001 1408
 850.410          0.000          0.000 1408
 850.410    1614611.301          0.000 1408
 850.606    4076355.486          0.001 1458
 850.374    3269025.129          0.001 1363
 850.338    2791685.771          0.001 1413
 850.338          0.000          0.000 1413
 850.338    2975090.562          0.001 1413
 749.680    8047154.427          0.002 1368
 313.301    3445528.036          0.001 1417
   0.000          0.000          0.000 1417
   0.000          0.000          0.000 1418
 671.339    7763474.554          0.002 1465
 850.277          0.000          0.000 1420
 850.418    3257652.039          0.001 1372
 850.266          0.000          0.000 1422
 850.266    4036370.120          0.001 1422
 850.244    4189749.925          0.001 1471
 850.239    1226867.106          0.000 1471
 850.306    2914292.715          0.001 1472
 850.210    7669658.930          0.002 1330
 850.477    3368010.828          0.001 1380
 850.267    3409656.549          0.001 1381
 850.267    1354788.170          0.000 1381
 850.267    4469437.368          0.001 1381
 850.312          0.000          0.000 1432
 850.359    6272642.053          0.001 1481
 850.359    2130041.726          0.000 1481
 850.411    3062476.696          0.001 1386
 850.410    6373983.676          0.001 1386
 850.335    3186299.720          0.001 1485
 850.420    3185120.339          0.001 1439
 850.411          0.000          0.000 1439
 850.411    3780911.790          0.001 1439
 850.236    4307576.931          0.001 1442
 850.201          0.000          0.000 1442
 850.236    3164490.713          0.001 1491
 850.285    3142253.624          0.001 1396
 850.426    8378383.379          0.002 1303
 850.403    5584572.780          0.001 1303
 850.348    4050848.039          0.001 1496
 850.348    2197410.235          0.000 1496
 850.732    3385545.719          0.001 1450
 850.732          0.000          0.000 1450
 850.508    5531939.790          0.001 1353
 850.297    2330765.349          0.001 1403
 850.299    6416993.248          0.001 1355
 850.262    5643495.145          0.001 1406
 850.306    5309745.174          0.001 1406
 850.458    4112263.233          0.001 1408
 850.186          0.000          0.000 1457
 850.584          0.000          0.000 1458
 850.374    5514007.837          0.001 1363
 850.338    6066722.713          0.001 1413
 850.338    4501450.634          0.001 1413
 850.198    2873306.620          0.001 1510
 554.667    6620357.101          0.002 1464
   0.000          0.000          0.000 1464
   0.000          0.000          0.000 1465
 198.003    1945371.447          0.000 1465
 850.293    4397990.419          0.001 1420
 850.377          0.000          0.000 1468
 850.299    3054820.149          0.001 1422
 850.242          0.000          0.000 1470
 850.239          0.000          0.000 1471
 850.306          0.000          0.000 1472
 850.306    4213670.222          0.001 1472
 850.321    7733043.357          0.002 1472
 850.288    7595749.613          0.002 1381
 850.400    3350097.643          0.001 1477
 850.396          0.000          0.000 1477
 850.470    3274538.505          0.001 1526
 850.400    7030136.037          0.002 1481
 850.359    2197125.850          0.000 1481
 850.359          0.000          0.000 1481
 850.331    8162612.650          0.002 1529
 850.263    4194825.594          0.001 1529
 850.327    2429538.381          0.001 1485
 850.326          0.000          0.000 1485
 850.390    3562589.029          0.001 1533
 850.399    4184372.009          0.001 1488
 850.399          0.000          0.000 1488
 850.399    2334404.776          0.001 1488
 850.374    2902693.877          0.001 1536
 850.232          0.000          0.000 1491
 850.401    2104298.055          0.000 1538
 850.466   11717420.703          0.003 1303
 850.403    7960549.142          0.002 1303
 850.365    5181063.029          0.001 1496
 850.348          0.000          0.000 1496
 850.732    3064068.362          0.001 1450
 850.429    9884287.841          0.002 1500
 850.415    4346661.686          0.001 1500
 850.415          0.000          0.000 1500
 850.415    3874808.632          0.001 1500
 850.465    4718921.984          0.001 1503
 850.407          0.000          0.000 1503
 850.131          0.000          0.000 1504
 850.198    4103572.360          0.001 1457
 850.584    2474989.139          0.001 1458
 850.195          0.000          0.000 1507
 850.409    3850698.963          0.001 1555
 850.198    3002428.384          0.001 1510
 850.198          0.000          0.000 1510
 644.753    6836919.260          0.002 1512
   0.000          0.000          0.000 1512
   0.000          0.000          0.000 1513
 623.166    7145081.420          0.002 1513
 850.380          0.000          0.000 1515
 850.404    3479179.765          0.001 1468
 850.306    8434273.858          0.002 1611
 850.259    2887285.801          0.001 1470
 850.330          0.000          0.000 1519
 850.339    5017905.031          0.001 1472
 850.306    2273144.190          0.001 1472
 850.306    4073140.179          0.001 1472
 850.410   12968703.451          0.003 1381
 850.348    4447290.213          0.001 1572
 850.396    2177437.509          0.000 1477
 850.470          0.000          0.000 1526
 850.527          0.000          0.000 1527
 850.468    3585958.830          0.001 1576
 850.263          0.000          0.000 1529
 850.326    6347288.609          0.001 1485
 850.326    2416052.297          0.001 1485
 850.385    1864319.572          0.000 1533
 850.385          0.000          0.000 1533
 850.423    2386337.193          0.001 1582
 850.407    4739769.478          0.001 1488
 850.372          0.000          0.000 1536
 850.411    5037248.669          0.001 1586
 850.401          0.000          0.000 1538
 850.395    9045189.075          0.002 1679
 850.551    4075311.691          0.001 1541
 850.551          0.000          0.000 1541
 850.561    3573235.012          0.001 1591
 850.564    5452798.235          0.001 1591
 850.319    5325067.876          0.001 1640
 850.415    5564414.627          0.001 1500
 850.415    2698669.168          0.001 1500
 850.415    2071949.800          0.000 1500
 850.431    6380878.596          0.001 1500
 850.407    3684707.882          0.001 1503
 850.132    2547068.955          0.001 1504
 850.290    9388528.977          0.002 1647
 850.266    4775063.448          0.001 1647
 850.257          0.000          0.000 1553
 850.473    6463445.804          0.001 1555
 850.399          0.000          0.000 1555
 850.349    8290261.151          0.002 1510
 756.699    7469682.685          0.002 1559
 274.889    2310476.199          0.001 1559
   0.000          0.000          0.000 1559
   0.000          0.000          0.000 1560
 724.391   13598943.614          0.003 1560
 850.380    4751867.327          0.001 1515
 850.349    7585196.330          0.002 1611
 850.275    2116167.307          0.000 1611
 850.276    4338614.070          0.001 1611
 850.340    3841877.731          0.001 1519
 850.141          0.000          0.000 1567
 850.241    2517319.814          0.001 1615
 850.309    7232506.935          0.002 1472
 850.372    3625864.378          0.001 1571
 850.358          0.000          0.000 1571
 850.329          0.000          0.000 1572
 850.251          0.000          0.000 1573
 850.513    5248996.317          0.001 1526
 850.459    3471206.463          0.001 1576
 850.459          0.000          0.000 1576
 850.263    4887165.625          0.001 1529
 850.377    4438338.006          0.001 1625
 850.437    6377938.776          0.001 1533
 850.385    4100636.269          0.001 1533
 850.284    8188683.498          0.002 1673
 850.423          0.000          0.000 1582
 850.297    5748451.737          0.001 1631
 850.263    2207682.250          0.000 1631
 850.383    4320378.173          0.001 1586
 850.342          0.000          0.000 1586
 850.369    5247805.167          0.001 1679
 850.581          0.000          0.000 1588
 850.560    3209602.282          0.001 1541
 850.561    3044401.062          0.001 1591
 850.561          0.000          0.000 1591
 850.561    2080740.501          0.000 1591
 850.287    1935480.067          0.000 1640
 850.140          0.000          0.000 1594
 850.445    5657623.467          0.001 1500
 850.387    3196429.593          0.001 1643
 850.325          0.000          0.000 1597
 850.319    5609858.586          0.001 1690
 850.266    1650562.355          0.000 1647
 850.261    2451167.164          0.001 1553
 850.401    5645871.854          0.001 1555
 850.399    2743554.730          0.001 1555
 850.386          0.000          0.000 1603
 841.917   13173630.621          0.003 1559
 598.398    8861826.216          0.002 1606
   0.000          0.000          0.000 1606
   0.000          0.000          0.000 1607
 603.909    8176070.833          0.002 1607
 850.309   10938429.869          0.003 1704
 850.276    3198462.967          0.001 1611
 850.275          0.000          0.000 1611
 850.108    4180538.302          0.001 1658
 850.284    3128089.014          0.001 1659
 850.241    8049211.014          0.002 1615
 850.241          0.000          0.000 1615
 850.026          0.000          0.000 1616
 850.370    3879376.139          0.001 1571
 850.329    3573491.407          0.001 1572
 850.174    3711035.979          0.001 1665
 850.254    4583251.285          0.001 1573
 850.399    3520394.330          0.001 1622
 850.399          0.000          0.000 1622
 850.060          0.000          0.000 1623
 850.406    5033429.878          0.001 1625
 850.376          0.000          0.000 1625
 850.197    4849877.809          0.001 1673
 850.197    1307274.964          0.000 1673
 850.197    3863298.505          0.001 1673
 850.263    6742920.356          0.002 1631
 850.263    2139441.568          0.000 1631
 850.263          0.000          0.000 1631
 850.342    5539998.839          0.001 1586
 850.342    1502776.217          0.000 1586
 850.369    2819220.420          0.001 1679
 850.277          0.000          0.000 1635
 850.448    7321325.235          0.002 1729
 850.183    3357906.148          0.001 1682
 850.296          0.000          0.000 1638
 850.570    4990681.794          0.001 1591
 850.287          0.000          0.000 1640
 850.447    5599594.361          0.001 1687
 850.434    2496341.251          0.001 1687
 850.373          0.000          0.000 1643
 850.339    3341162.132          0.001 1597
 850.315    2612647.447          0.001 1690
 850.273    3679434.258          0.001 1647
 850.266          0.000          0.000 1647
 850.196    3482427.879          0.001 1694
 850.196    3567962.914          0.001 1694
 850.668    3189781.828          0.001 1696
 823.357   10163869.090          0.002 1700
 624.244    7876454.864          0.002 1653
   0.000          0.000          0.000 1653
   0.000          0.000          0.000 1654
 604.384    5807042.383          0.001 1654
 850.309    3811267.640          0.001 1704
 850.276    3381528.753          0.001 1611
 850.093          0.000          0.000 1658
 850.277          0.000          0.000 1659
 850.494    6993147.221          0.002 1709
 850.490    3501031.636          0.001 1709
 850.241    2772704.456          0.001 1615
 850.323          0.000          0.000 1663
 850.442    3277265.237          0.001 1712
 850.174          0.000          0.000 1665
 850.181    4735717.737          0.001 1665
 850.122          0.000          0.000 1667
 850.399    2980276.118          0.001 1622
 850.061    2909756.150          0.001 1623
 850.376    4768367.419          0.001 1625
 850.376    1362499.091          0.000 1625
 850.376    7533795.018          0.002 1625
 850.197          0.000          0.000 1673
 850.197    2270266.138          0.001 1673
 850.275    4937991.410          0.001 1723
 850.263    3445976.189          0.001 1631
 850.325    5150287.169          0.001 1726
 850.342    3171579.458          0.001 1586
 850.369          0.000          0.000 1679
 850.435    4498477.899          0.001 1729
 850.435    1990741.767          0.000 1729
 850.183          0.000          0.000 1682
 850.308    4471127.206          0.001 1638
 850.380    4671859.072          0.001 1734
 850.300    3950838.508          0.001 1640
 850.434    2233149.121          0.000 1687
 850.434          0.000          0.000 1687
 850.353    3691951.525          0.001 1738
 850.348    4180857.191          0.001 1690
 850.315          0.000          0.000 1690
 850.315    2323455.838          0.001 1690
 850.305    4480300.634          0.001 1647
 850.328    6727033.510          0.002 1790
 850.196          0.000          0.000 1694
 850.664    2960448.449          0.001 1696
 850.664          0.000          0.000 1696
 849.578   12597175.366          0.003 1700
 713.901    6987806.135          0.002 1700
 144.665    1196051.558          0.000 1700
   0.000          0.000          0.000 1700
   0.000          0.000          0.000 1701
 580.825    6128807.844          0.001 1701
 850.353    4586079.843          0.001 1704
 850.309          0.000          0.000 1704
 850.309    2739147.761          0.001 1704
 850.309    7569299.372          0.002 1704
 850.296    5573214.304          0.001 1755
 850.277    4049425.555          0.001 1659
 850.490          0.000          0.000 1709
 850.241    4457101.268          0.001 1615
 850.323    2957864.434          0.001 1663
 850.442          0.000          0.000 1712
 850.522    6399494.011          0.001 1763
 850.386    5223622.403          0.001 1764
 850.472    6223127.689          0.001 1766
 850.472    3338275.833          0.001 1766
 850.358    3445841.810          0.001 1768
 850.397    6686504.324          0.001 1625
 850.376    2914079.827          0.001 1625
 850.376    4450436.758          0.001 1625
 850.379   12653638.369          0.003 1625
 850.199    5250621.959          0.001 1673
 850.275          0.000          0.000 1723
 850.275    3765910.113          0.001 1723
 850.264    5658343.889          0.001 1631
 850.321          0.000          0.000 1726
 850.356    8639264.700          0.002 1586
 850.220          0.000          0.000 1728
 850.435          0.000          0.000 1729
 850.435    2009062.455          0.000 1729
 850.191    2981677.322          0.001 1682
 850.407    5774911.462          0.001 1734
 850.373    1969586.702          0.000 1734
 850.373          0.000          0.000 1734
 850.373    2445407.592          0.001 1734
 850.434    4182192.951          0.001 1687
 850.335    2042634.782          0.000 1738
 850.335          0.000          0.000 1738
 850.342    3745501.958          0.001 1690
 850.315    4816293.210          0.001 1690
 850.323    8992328.913          0.002 1790
 850.277    4798281.177          0.001 1790
 850.277    2542329.965          0.001 1790
 850.204    3453351.316          0.001 1694
 850.664    3000865.852          0.001 1696
 850.486          0.000          0.000 1746
 827.121    8282728.017          0.002 1700
 356.201    2663114.290          0.001 1700
   0.000          0.000          0.000 1749
   0.000          0.000          0.000 1750
 564.779    5306507.981          0.001 1750
 850.439    7223448.242          0.002 1847
 850.309    1370068.304          0.000 1704
 850.244    4169366.329          0.001 1755
 850.244          0.000          0.000 1755
 850.244    1736266.471          0.000 1755
 850.213    2004938.497          0.000 1802
 850.497    2847312.600          0.001 1709
 850.259    7257135.333          0.002 1615
 850.400    7285230.492          0.002 1663
 850.445    3034800.003          0.001 1712
 850.484    2752160.996          0.001 1763
 850.484          0.000          0.000 1763
 850.279          0.000          0.000 1764
 850.486    6596846.091          0.001 1766
 850.472          0.000          0.000 1766
 850.358    4936275.100          0.001 1768
 850.358          0.000          0.000 1768
 850.376    6272698.702          0.001 1625
 850.406    5045095.290          0.001 1815
 850.426    4764484.678          0.001 1815
 850.275    2788653.661          0.001 1723
 850.392    2117098.948          0.000 1818
 850.321    2483233.182          0.001 1726
 850.403    5179181.000          0.001 1726
 850.517    7985300.029          0.002 1871
 850.442    4930321.371          0.001 1871
 850.435    3847318.901          0.001 1729
 850.429    4984258.569          0.001 1826
 850.416    2156412.281          0.000 1826
 850.373    4855330.202          0.001 1734
 850.373    5377953.207          0.001 1734
 850.306    4022490.540          0.001 1830
 850.306    3890587.574          0.001 1830
 850.335    3558525.511          0.001 1738
 850.370    4095845.764          0.001 1787
 850.333          0.000          0.000 1787
 850.316    8066569.436          0.002 1690
 850.313    4709638.191          0.001 1790
 850.276          0.000          0.000 1790
 850.585    3202410.436          0.001 1837
 850.330    9414543.402          0.002 1936
 850.488    2940468.290          0.001 1746
 708.587    6412911.704          0.002 1796
 165.692    1390267.056          0.000 1796
   0.000          0.000          0.000 1796
   0.000          0.000          0.000 1797
 554.598    6848065.203          0.002 1844
 850.439    3743636.577          0.001 1847
 850.309    5118937.062          0.001 1704
 850.244    2832083.365          0.001 1755
 850.213          0.000          0.000 1802
 850.213    5140356.708          0.001 1802
 850.491    5136461.994          0.001 1901
 850.535          0.000          0.000 1805
 850.374    5681151.037          0.001 1855
 850.484    7211174.840          0.002 1763
 850.484    2809846.775          0.001 1763
 850.489    5084441.635          0.001 1763
 850.520    9693890.330          0.002 1907
 850.472    4094852.783          0.001 1766
 850.375    3085251.121          0.001 1768
 850.343          0.000          0.000 1813
 850.390    2549028.475          0.001 1815
 850.390          0.000          0.000 1815
 850.209    5224225.538          0.001 1865
 850.395    2890619.923          0.001 1818
 850.392          0.000          0.000 1818
 850.321    5566103.585          0.001 1726
 850.327    7783558.146          0.002 1964
 850.444    5577614.627          0.001 1871
 850.442    2671782.190          0.001 1871
 850.442    3295616.003          0.001 1871
 850.461    6818735.380          0.002 1729
 850.416    2787478.015          0.001 1826
 850.416          0.000          0.000 1826
 850.283    4047770.997          0.001 1876
 850.328    6032926.278          0.001 1830
 850.306    2409991.275          0.001 1830
 850.306          0.000          0.000 1830
 850.576    2456252.959          0.001 1832
 850.576          0.000          0.000 1832
 850.333    4832047.103          0.001 1787
 850.333    2756957.478          0.001 1787
 850.342    3235959.394          0.001 1883
 850.277    4493617.931          0.001 1790
 850.577          0.000          0.000 1837
 850.577    4232086.640          0.001 1837
 850.330    5418893.612          0.001 1936
 850.330    3318480.473          0.001 1936
 850.330    5381503.425          0.001 1936
 686.180    7933160.398          0.002 1796
   0.000          0.000          0.000 1843
   0.000          0.000          0.000 1844
 232.885    2299821.187          0.001 1844
 745.312   10495606.616          0.002 1844
 850.439          0.000          0.000 1847
 850.409    3456445.855          0.001 1896
 850.392    4349274.669          0.001 1898
 850.390    4780566.760          0.001 1898
 850.255    8789102.800          0.002 1802
 850.491    2913450.858          0.001 1901
 850.541    2861585.084          0.001 1805
 850.347    1538248.654          0.000 1855
 850.346          0.000          0.000 1855
 850.484    5346122.480          0.001 1763
 850.438    7389228.653          0.002 1907
 850.436    4564091.614          0.001 1907
 850.476    6960430.000          0.002 1911
 850.476    3911253.881          0.001 1911
 850.331          0.000          0.000 1861
 850.360    4125156.598          0.001 1813
 850.450    4795189.476          0.001 1815
 850.390    2176960.584          0.000 1815
 850.173          0.000          0.000 1865
 850.392    2416020.403          0.001 1818
 850.392    5737615.613          0.001 1818
 850.315    4502443.989          0.001 1964
 850.315    3859775.736          0.001 1964
 850.461    6807016.453          0.002 1871
 850.442          0.000          0.000 1871
 850.442    4321487.267          0.001 1871
 850.404    5015193.437          0.001 1970
 850.450    4103902.038          0.001 1826
 850.283    5797735.974          0.001 1876
 850.283          0.000          0.000 1876
 850.321    4653388.158          0.001 1830
 850.606    7686243.596          0.002 1832
 850.576    3515380.937          0.001 1832
 850.504    5644674.699          0.001 1976
 850.346    5724607.536          0.001 1787
 850.322    2578348.288          0.001 1883
 850.322          0.000          0.000 1883
 850.322    4917574.389          0.001 1883
 850.322    8851255.162          0.002 1883
 850.599    3955776.232          0.001 1935
 850.343    4165763.044          0.001 1936
 850.329    1661227.696          0.000 1936
 850.357   10667311.277          0.002 1936
 284.895    3055903.050          0.001 1891
   0.000          0.000          0.000 1891
   0.000          0.000          0.000 1892
 248.432    2190641.191          0.001 1892
 761.863    8326991.342          0.002 1892
 850.487    4819336.950          0.001 1847
 850.409          0.000          0.000 1896
 850.390    2212381.600          0.001 1898
 850.390          0.000          0.000 1898
 850.201    5169152.288          0.001 1995
 850.505    3574349.174          0.001 1901
 850.491          0.000          0.000 1901
 850.491    4228071.346          0.001 1901
 850.686    2799089.206          0.001 1950
 850.296    2615834.001          0.001 1905
 850.296          0.000          0.000 1905
 850.436    3239156.218          0.001 1907
 850.436          0.000          0.000 1907
 850.436    1639194.190          0.000 1907
 850.436    4261730.579          0.001 1907
 850.498    3557003.399          0.001 1911
 850.476          0.000          0.000 1911
 850.341    4430125.977          0.001 1861
 850.511    2238451.246          0.001 1958
 850.390    7971951.467          0.002 1815
 850.390    3988363.840          0.001 1815
 850.390    8655193.044          0.002 1815
 850.513    2946647.688          0.001 1962
 850.412    8646588.648          0.002 1818
 850.315    1568083.396          0.000 1964
 850.393    8372282.027          0.002 1964
 850.304    8408381.600          0.002 2062
 850.451    5106734.322          0.001 1871
 850.402    2203735.080          0.000 1970
 850.310    9661556.844          0.002 1876
 850.283    2512416.067          0.001 1876
 850.283    2211634.066          0.000 1876
 850.283    5224815.061          0.001 1876
 850.374    7950915.455          0.002 2023
 850.511    4604009.256          0.001 1976
 850.504    2748985.986          0.001 1976
 850.345    2808146.052          0.001 1978
 850.322    5885878.638          0.001 1883
 850.267          0.000          0.000 1933
 850.317    8927629.366          0.002 1933
 850.591          0.000          0.000 1935
 850.329          0.000          0.000 1936
 850.558    5981492.423          0.001 2032
 572.778    5052157.168          0.001 1939
   0.000          0.000          0.000 1939
   0.000          0.000          0.000 1940
 671.401    9930536.275          0.002 1940
 850.343   11506699.602          0.003 2036
 850.417    3809220.132          0.001 1896
 850.411    3676490.539          0.001 1896
 850.391    3144403.791          0.001 1898
 850.179    2143230.903          0.000 1995
 850.179    5560008.778          0.001 1995
 850.493    2374524.182          0.001 1901
 850.533    2844307.902          0.001 1998
 850.686          0.000          0.000 1950
 850.316    5744460.810          0.001 1905
 850.264    2212630.090          0.000 2001
 850.374    8681548.706          0.002 2048
 850.339    4801956.184          0.001 2048
 850.365    5646759.230          0.001 2048
 850.395    4859420.896          0.001 2050
 850.401    1929987.361          0.000 2006
 850.510          0.000          0.000 1958
 850.510    3819221.968          0.001 1958
 850.473          0.000          0.000 1960
 850.291    3058699.056          0.001 2009
 850.513          0.000          0.000 1962
 850.389    2974765.296          0.001 2011
 850.315          0.000          0.000 1964
 850.340    5476433.098          0.001 2062
 850.300    6407090.541          0.001 2062
 850.301    5688469.852          0.001 2062
 850.472          0.000          0.000 1968
 850.402    3650870.927          0.001 1970
 850.402          0.000          0.000 1970
 850.532    3156779.439          0.001 2019
 850.285    6280816.952          0.001 1876
 850.283    4260868.060          0.001 1876
 850.635    5175005.859          0.001 2022
 850.290    3029854.828          0.001 2023
 850.504          0.000          0.000 1976
 850.339    2493024.418          0.001 1978
 850.339          0.000          0.000 1978
 850.440    2326572.552          0.001 2026
 850.267    2035536.311          0.000 1933
 850.267    2493272.189          0.001 1933
 850.267    4897107.503          0.001 1933
 850.403    5180317.002          0.001 1936
 850.549    5285643.028          0.001 2032
 850.547    2311671.855          0.001 2032
 813.853   14028513.633          0.003 1988
 658.651    8301049.038          0.002 1988
   0.000          0.000          0.000 1988
   0.000          0.000          0.000 1989
 547.222    4752202.388          0.001 1989
 850.343    3721062.852          0.001 2036
 850.231          0.000          0.000 1992
 850.231    4184716.207          0.001 1992
 850.320    4370056.556          0.001 2039
 850.179          0.000          0.000 1995
 850.303          0.000          0.000 1996
 850.303    3992237.826          0.001 1996
 850.532          0.000          0.000 1998
 850.235          0.000          0.000 1999
 850.265    3068217.815          0.001 2001
 850.264          0.000          0.000 2001
 850.310    4576916.859          0.001 2046
 850.339    1697300.980          0.000 2048
 850.440    6669028.249          0.001 2050
 850.395    1840371.938          0.000 2050
 850.401          0.000          0.000 2006
 850.510    3368417.028          0.001 1958
 850.480    2842093.959          0.001 1960
 850.282          0.000          0.000 2009
 850.530    3598955.723          0.001 1962
 850.384          0.000          0.000 2011
 850.384    2597018.032          0.001 2011
 850.323    6285829.101          0.001 2062
 850.300    2064614.256          0.000 2062
 850.300    2840802.495          0.001 2062
 850.162    4265380.990          0.001 2063
 850.397    3376848.319          0.001 2064
 850.412    3992335.463          0.001 1970
 850.519          0.000          0.000 2019
 850.334    4823934.561          0.001 2069
 850.635    2245331.553          0.001 2022
 850.635          0.000          0.000 2022
 850.290          0.000          0.000 2023
 850.284    5002244.442          0.001 2073
 850.339    5445856.007          0.001 1978
 850.438          0.000          0.000 2026
 850.267    6194434.350          0.001 1933
 850.469    6222724.300          0.001 2077
 850.438    2654810.385          0.001 2077
 850.547    5969641.099          0.001 2032
 850.547    1902065.832          0.000 2032
 850.547          0.000          0.000 2032
 570.627    7354356.406          0.002 2034
   0.000          0.000          0.000 2034
   0.000          0.000          0.000 2035
 850.343          0.000          0.000 2036
 850.231    2543456.228          0.001 1992
 850.314    3485222.843          0.001 2039
 850.287          0.000          0.000 2039
 850.287    6737244.258          0.002 2039
 850.122    4783076.067          0.001 2138
 850.329    4249755.862          0.001 1996
 850.326    3635009.268          0.001 2092
 850.244    3014969.608          0.001 1999
 850.166          0.000          0.000 2045
 850.292          0.000          0.000 2046
 850.346    3740037.929          0.001 2048
 850.339          0.000          0.000 2048
 850.404    3645854.700          0.001 2050
 850.395          0.000          0.000 2050
 850.395    3566386.359          0.001 2050
 850.374    3477766.381          0.001 2053
 850.365          0.000          0.000 2053
 850.365    2695569.667          0.001 2053
 850.332    5753088.689          0.001 2153
 850.282    2665954.086          0.001 2009
 850.384    8290839.367          0.002 2011
 850.384    3798236.853          0.001 2011
 850.384    1764846.128          0.000 2011
 850.413    6780333.080          0.002 2011
 850.300    3583411.981          0.001 2062
 850.300          0.000          0.000 2062
 850.162          0.000          0.000 2063
 850.386          0.000          0.000 2064
 850.386    3651982.514          0.001 2064
 850.541    5300115.853          0.001 2019
 850.520    1564255.343          0.000 2019
 850.334    1736554.706          0.000 2069
 850.334          0.000          0.000 2069
 850.641    2833186.268          0.001 2022
 850.298    3455534.590          0.001 2023
 850.263    3804668.838          0.001 2073
 850.255          0.000          0.000 2073
 850.361    5333599.969          0.001 2173
 850.408    3112606.646          0.001 2122
 850.438    3545124.599          0.001 2077
 850.438          0.000          0.000 2077
 850.303          0.000          0.000 2078
 850.547    5742046.347          0.001 2032
 724.493    7073612.326          0.002 2082
 201.397    1600496.225          0.000 2082
   0.000          0.000          0.000 2082
   0.000          0.000          0.000 2083
 602.805    6404944.734          0.002 2083
 850.343    5555142.605          0.001 2036
 850.303    7099682.955          0.002 1992
 850.287    3744191.353          0.001 2039
 850.287    2928272.320          0.001 2039
 850.249    7344179.536          0.002 2189
 850.120    1627068.477          0.000 2138
 850.576    3016281.675          0.001 2139
 850.325          0.000          0.000 2092
 850.325    6116439.110          0.001 2092
 850.181    3657548.576          0.001 2045
 850.292    3091324.327          0.001 2046
 850.562    2279020.934          0.001 2146
 850.239    7317595.848          0.002 2148
 850.395    3810120.637          0.001 2050
 850.295    3547612.562          0.001 2150
 850.295    5767385.360          0.001 2150
 850.348    5360660.090          0.001 2153
 850.332    1828399.164          0.000 2153
 850.332    5063796.808          0.001 2153
 850.330    3222120.475          0.001 2155
 850.409    6494073.049          0.001 2011
 850.424    2516196.098          0.001 2158
 850.300    4555691.212          0.001 2062
 850.300    3939240.085          0.001 2062
 850.203    3916756.839          0.001 2063
 850.283    7941532.328          0.002 2211
 850.386    3593173.478          0.001 2064
 850.520    8502081.197          0.002 2019
 850.520    5477289.647          0.001 2019
 850.338    4081361.693          0.001 2069
 850.334    4355909.281          0.001 2069
 850.296    6079193.123          0.001 2169
 850.264    2866509.186          0.001 2169
 850.264    6850576.713          0.002 2169
 850.344    6833153.305          0.002 2173
 850.343    2532198.379          0.001 2173
 850.396    3613302.906          0.001 2122
 850.395          0.000          0.000 2122
 850.262    4684587.837          0.001 2222
 850.304    3928910.790          0.001 2078
 850.392    3674493.249          0.001 2179
 850.379    3288123.764          0.001 2179
 750.576    9640134.177          0.002 2129
 245.931    2191562.092          0.001 2129
   0.000          0.000          0.000 2129
   0.000          0.000          0.000 2130
 245.781    2270939.785          0.001 2130
 778.679   10119757.245          0.002 2130
 850.605          0.000          0.000 2133
 850.414    3341429.743          0.001 2187
 850.020          0.000          0.000 2135
 850.218    4157351.607          0.001 2189
 850.219    4143656.147          0.001 2189
 850.120          0.000          0.000 2138
 850.573          0.000          0.000 2139
 850.340    4551112.881          0.001 2092
 850.325    1837982.753          0.000 2092
 850.325    5117068.968          0.001 2092
 850.129          0.000          0.000 2143
 850.212          0.000          0.000 2144
 850.354    8002042.002          0.002 2046
 850.562          0.000          0.000 2146
 850.168    3418075.312          0.001 2148
 850.168          0.000          0.000 2148
 850.307    4476409.150          0.001 2150
 850.295          0.000          0.000 2150
 850.295    1708524.601          0.000 2150
 850.143          0.000          0.000 2152
 850.332          0.000          0.000 2153
 850.342    4189179.190          0.001 2155
 850.324          0.000          0.000 2155
 850.431    7544336.765          0.002 2158
 850.425    2731405.899          0.001 2158
 850.424          0.000          0.000 2158
 850.424    2391432.498          0.001 2158
 850.343    8675414.362          0.002 2062
 850.287    7580047.872          0.002 2211
 850.267    4103509.535          0.001 2211
 850.406    3931324.816          0.001 2213
 844.496   11821872.903          0.003 2419
 850.465          0.000          0.000 2165
 850.349    3830342.361          0.001 2167
 850.348          0.000          0.000 2167
 850.264    2440903.738          0.001 2169
 850.263          0.000          0.000 2169
 850.264    3209543.701          0.001 2169
 850.343    4571289.189          0.001 2173
 850.343    1858221.477          0.000 2173
 850.343          0.000          0.000 2173
 850.343    3430806.037          0.001 2173
 850.343    7140867.673          0.002 2173
 850.260    2483539.100          0.001 2222
 850.457    5775717.289          0.001 2224
 850.458    4565017.826          0.001 2224
 850.379          0.000          0.000 2179
 791.572   10226581.050          0.002 2182
 258.571    2305258.138          0.001 2182
   0.000          0.000          0.000 2182
   0.000          0.000          0.000 2183
 517.030    5473861.513          0.001 2230
 850.617    4361097.147          0.001 2133
 850.418    3500535.306          0.001 2187
 850.414          0.000          0.000 2187
 682.863    8062464.764          0.002 2375
 850.218          0.000          0.000 2189
 842.907    9408120.656          0.002 2380
 842.680    9320815.654          0.002 2380
 850.358    7012651.681          0.002 2092
 850.344    8424542.316          0.002 2092
 833.402    9763641.525          0.002 2386
 850.212    5945283.666          0.001 2144
 842.646   11458072.681          0.003 2391
 788.633    7145089.468          0.002 2391
 850.168    4459096.670          0.001 2148
 850.223    7761569.613          0.002 2249
 850.311    8097715.333          0.002 2150
 850.295    5480628.599          0.001 2150
 850.376    7197328.929          0.002 2153
 850.332    3118135.433          0.001 2153
 850.324    4709699.443          0.001 2155
 645.715    7588100.616          0.002 2408
 850.470    8724976.042          0.002 2158
 850.424    3864836.910          0.001 2158
 850.425    6171544.637          0.001 2158
 801.385    7972787.517          0.002 2413
 850.267    2384905.113          0.001 2211
 850.267          0.000          0.000 2211
 850.451    4307453.117          0.001 2213
 850.405          0.000          0.000 2213
 819.552    9030061.337          0.002 2419
 850.467    3000653.456          0.001 2165
 850.356    3341067.074          0.001 2167
 850.311    7076516.472          0.002 2169
 819.504    9840306.661          0.002 2427
 850.394    7135262.088          0.002 2173
 850.343    4300353.591          0.001 2173
 850.567   11779937.805          0.003 2433
 850.260          0.000          0.000 2222
 850.452    3185142.291          0.001 2224
 850.452          0.000          0.000 2224
 845.518   12930457.242          0.003 2442
 814.579    9175166.301          0.002 2442
 765.269   11101919.664          0.003 2229
 294.983    2746897.235          0.001 2229
   0.000          0.000          0.000 2229
   0.000          0.000          0.000 2230
 197.826    1954112.499          0.000 2230
 672.531    6826890.825          0.002 2230
 695.654   10046955.072          0.002 2373
 702.453    7550040.041          0.002 2373
 569.736    6302107.502          0.001 2375
 753.979    7847376.005          0.002 2378
 756.677    5335510.133          0.001 2380
 792.449    8488549.514          0.002 2380
 712.461    6408308.719          0.001 2383
 850.534          0.000          0.000 2240
 739.069    6562258.440          0.002 2386
 573.555    5958654.362          0.001 2389
 710.870    8181448.007          0.002 2389
 619.307    4648881.474          0.001 2391
 824.791   11730632.268          0.003 2391
 850.188          0.000          0.000 2246
 850.220    4774886.898          0.001 2249
 850.220    2645608.669          0.001 2249
 850.220          0.000          0.000 2249
 806.787    8659927.043          0.002 2401
 752.861    9233265.765          0.002 2402
 771.091    7679387.426          0.002 2404
 498.674    5505809.834          0.001 2408
 643.297    7850196.651          0.002 2408
 816.662   10077849.989          0.002 2409
 758.371    9711356.204          0.002 2411
 647.558    4766485.466          0.001 2413
 844.018   11764249.501          0.003 2413
 850.132          0.000          0.000 2259
 721.311    6168969.943          0.001 2419
 806.314    7201686.128          0.002 2419
 850.463          0.000          0.000 2262
 850.515    7982510.393          0.002 2264
 850.515          0.000          0.000 2264
 695.490    5807708.300          0.001 2427
 850.434          0.000          0.000 2266
 794.280    9804918.208          0.002 2431
 719.837    6092590.848          0.001 2433
 846.654    8254851.760          0.002 2433
 722.909    6436102.766          0.001 2436
 748.531    6993611.888          0.002 2436
 850.452    4844222.331          0.001 2224
 740.513    7394046.675          0.002 2442
 673.915    5833176.570          0.001 2442
 605.277    6791402.224          0.002 2276
   0.000          0.000          0.000 2276
   0.000          0.000          0.000 2277
 561.272    9590867.694          0.002 2277
 443.705    4729224.735          0.001 2371
 476.978    5422580.184          0.001 2373
 560.522    8828957.187          0.002 2375
 325.958    3260871.984          0.001 2375
 538.816    4574469.858          0.001 2378
 396.864    2785368.969          0.001 2380
 671.051    7864012.652          0.002 2382
 432.880    3128688.297          0.001 2383
 566.231    6767364.144          0.002 2385
 385.621    3772103.206          0.001 2389
 635.868    6388704.298          0.001 2391
 598.314    5343769.318          0.001 2393
 548.308    4877563.480          0.001 2395
 637.142    6692091.354          0.002 2395
 626.767    7043789.626          0.002 2397
 636.508    6454876.357          0.002 2399
 426.988    3920847.565          0.001 2401
 630.609    8352922.744          0.002 2403
 574.169    4620096.462          0.001 2404
 598.343    7843302.784          0.002 2408
 313.038    3394069.065          0.001 2408
 461.409    4422654.747          0.001 2409
 484.691    4046200.942          0.001 2411
 428.424    3061201.005          0.001 2413
 621.366    5766258.902          0.001 2415
 595.192    6317140.913          0.001 2417
 581.195    4380097.124          0.001 2419
 469.487    3325565.471          0.001 2419
 525.788    4577961.067          0.001 2421
 589.479    5567312.232          0.001 2423
 644.026    6649206.055          0.002 2426
 437.667    3290301.760          0.001 2427
 674.636    7263162.231          0.002 2429
 552.149    5823521.667          0.001 2430
 570.223    4805680.727          0.001 2431
 480.831    3393375.081          0.001 2433
 653.985    7220036.081          0.002 2436
 386.363    3367809.243          0.001 2436
 563.518    5081666.164          0.001 2438
 616.584    7858779.024          0.002 2439
 604.060    6347131.215          0.002 2442
 307.637    2732778.450          0.001 2442
 458.160    6996532.621          0.002 2444
   0.000          0.000          0.000 2322
   0.000          0.000          0.000 2323
 270.624    2795086.759          0.001 2369
 248.254    2549597.155          0.001 2371
 191.468    1917685.697          0.000 2373
 156.418    1565500.736          0.000 2375
 332.362    3771383.282          0.001 2377
 289.791    3074398.772          0.001 2379
 218.797    1620113.383          0.000 2380
 251.372    2510590.932          0.001 2382
 391.282    4935994.426          0.001 2384
 243.642    2474927.776          0.001 2385
 253.462    1999791.185          0.000 2386
 298.402    2955476.117          0.001 2388
 186.735    1815435.440          0.000 2389
 116.383    1047236.308          0.000 2391
 208.192    1926019.813          0.000 2393
 193.911    1743517.367          0.000 2395
 183.182    1744208.752          0.000 2397
 196.851    1865678.656          0.000 2399
 129.558    1213700.394          0.000 2401
 289.237    2623993.310          0.001 2402
 203.574    1759211.213          0.000 2404
 327.815    3676934.561          0.001 2406
 117.711    1229307.231          0.000 2408
 236.819    2253928.693          0.001 2409
 178.813    1657640.596          0.000 2411
 133.412    1183946.424          0.000 2413
 208.713    1906972.423          0.000 2415
 245.335    2510099.835          0.001 2417
 164.309    1370302.122          0.000 2419
 186.474    1738980.512          0.000 2421
 186.170    1790971.278          0.000 2423
 284.479    3056064.324          0.001 2425
 134.387    1226862.151          0.000 2427
 286.022    2786424.623          0.001 2429
 164.816    1482442.166          0.000 2431
 178.833    1489325.320          0.000 2433
 462.810    6014378.153          0.001 2435
 129.487    1207388.112          0.000 2436
 230.176    2149255.922          0.001 2438
 295.781    3165928.599          0.001 2440
 131.597    1218841.627          0.000 2442
 242.461    3020691.284          0.001 2444
   0.000          0.000          0.000 2366
   0.000          0.000          0.000 2367
   0.000          0.000          0.000 2368
   0.000          0.000          0.000 2369
   0.000          0.000          0.000 2370
   0.000          0.000          0.000 2371
   0.000          0.000          0.000 2372
   0.000          0.000          0.000 2373
   0.000          0.000          0.000 2374
   0.000          0.000          0.000 2375
   0.000          0.000          0.000 2376
   0.000          0.000          0.000 2377
   0.000          0.000          0.000 2378
   0.000          0.000          0.000 2379
   0.000          0.000          0.000 2380
   0.000          0.000          0.000 2381
   0.000          0.000          0.000 2382
   0.000          0.000          0.000 2383
   0.000          0.000          0.000 2384
   0.000          0.000          0.000 2385
   0.000          0.000          0.000 2386
   0.000          0.000          0.000 2387
   0.000          0.000          0.000 2388
   0.000          0.000          0.000 2389
   0.000          0.000          0.000 2390
   0.000          0.000          0.000 2391
   0.000          0.000          0.000 2392
   0.000          0.000          0.000 2393
   0.000          0.000          0.000 2394
   0.000          0.000          0.000 2395
   0.000          0.000          0.000 2396
   0.000          0.000          0.000 2397
   0.000          0.000          0.000 2398
   0.000          0.000          0.000 2399
   0.000          0.000          0.000 2400
   0.000          0.000          0.000 2401
   0.000          0.000          0.000 2402
   0.000          0.000          0.000 2403
   0.000          0.000          0.000 2404
   0.000          0.000          0.000 2405
   0.000          0.000          0.000 2406
   0.000          0.000          0.000 2407
   0.000          0.000          0.000 2408
   0.000          0.000          0.000 2409
   0.000          0.000          0.000 2410
   0.000          0.000          0.000 2411
   0.000          0.000          0.000 2412
   0.000          0.000          0.000 2413
   0.000          0.000          0.000 2414
   0.000          0.000          0.000 2415
   0.000          0.000          0.000 2416
   0.000          0.000          0.000 2417
   0.000          0.000          0.000 2418
   0.000          0.000          0.000 2419
   0.000          0.000          0.000 2420
   0.000          0.000          0.000 2421
   0.000          0.000          0.000 2422
   0.000          0.000          0.000 2423
   0.000          0.000          0.000 2424
   0.000          0.000          0.000 2425
   0.000          0.000          0.000 2426
   0.000          0.000          0.000 2427
   0.000          0.000          0.000 2428
   0.000          0.000          0.000 2429
   0.000          0.000          0.000 2430
   0.000          0.000          0.000 2431
   0.000          0.000          0.000 2432
   0.000          0.000          0.000 2433
   0.000          0.000          0.000 2434
   0.000          0.000          0.000 2435
   0.000          0.000          0.000 2436
   0.000          0.000          0.000 2437
   0.000          0.000          0.000 2438
   0.000          0.000          0.000 2439
   0.000          0.000          0.000 2440
   0.000          0.000          0.000 2441
   0.000          0.000          0.000 2442
   0.000          0.000          0.000 2443
   0.000          0.000          0.000 2444
   0.000          0.000          0.000 2445
   0.000          0.000          0.000 2446
